/**
 * generated by fontconvert.py
 * name: lexenddeca_10_bolditalic
 * size: 10
 * mode: 2-bit  compressed: true
 * Command used: fontconvert.py lexenddeca_10_bolditalic 10 ../builtinFonts/source/LexendDeca/LexendDeca-Bold.ttf --2bit --compress --pnum
 */
#pragma once
#include "EpdFontData.h"

static const uint8_t lexenddeca_10_bolditalicBitmaps[11999] = {
    0x8D, 0x57, 0x3D, 0x6C, 0xDD, 0xD6, 0x15, 0x3E, 0x7C, 0x94, 0xCC, 0xC2, 0x4C, 0xC3, 0x16, 0xB0,
    0xD1, 0xC2, 0x41, 0xC2, 0xB5, 0x79, 0x51, 0xC3, 0xA5, 0x83, 0x8B, 0xCA, 0x3A, 0x74, 0x3D, 0x08,
    0x68, 0x86, 0x68, 0x88, 0xD3, 0x21, 0x28, 0xDC, 0xB1, 0x56, 0x07, 0x2F, 0x1D, 0x53, 0xDD, 0xEB,
    0x76, 0xE8, 0xAA, 0x25, 0x99, 0x3D, 0x68, 0x50, 0x15, 0x20, 0x53, 0x07, 0x0F, 0xB1, 0x2E, 0xED,
    0x0E, 0x1D, 0x3A, 0x98, 0x70, 0x9A, 0xA9, 0x43, 0xD8, 0xB8, 0x40, 0x00, 0x69, 0x10, 0xDB, 0x10,
    0x30, 0x25, 0x5D, 0xF2, 0xF6, 0x3B, 0x97, 0x7C, 0xFA, 0xB3, 0x1C, 0xF7, 0xBD, 0x73, 0xDE, 0xE3,
    0xCF, 0xE1, 0xFD, 0x39, 0xE7, 0x3B, 0xDF, 0x39, 0x54, 0xC6, 0x28, 0xA5, 0x96, 0x96, 0xAE, 0xFD,
    0x88, 0x2E, 0x29, 0xB3, 0x46, 0x57, 0x7E, 0xA1, 0xB3, 0x77, 0x0B, 0x4E, 0x20, 0xF9, 0xB5, 0x94,
    0x16, 0x53, 0xA2, 0x8D, 0x29, 0x05, 0x0D, 0xD3, 0xA4, 0x59, 0xA2, 0xB7, 0x7A, 0xA7, 0xD9, 0xB9,
    0x52, 0x34, 0xAA, 0x2C, 0xC5, 0xA5, 0x68, 0x4B, 0xCE, 0xB9, 0x1C, 0xAA, 0xE5, 0x3F, 0xFD, 0x63,
    0x4D, 0xD9, 0x0D, 0x68, 0x58, 0x11, 0xCD, 0x13, 0x51, 0x02, 0x35, 0xEB, 0x14, 0xB9, 0x8E, 0x12,
    0xE7, 0x28, 0xFB, 0x72, 0x8D, 0xF8, 0xF1, 0x1C, 0x65, 0x7B, 0x44, 0xA9, 0x5B, 0xA7, 0xD8, 0x59,
    0x0A, 0x8C, 0x93, 0x13, 0xFA, 0xCE, 0xEB, 0x2A, 0xCF, 0x7E, 0xA5, 0x88, 0xC5, 0x0E, 0xD7, 0x27,
    0x0E, 0x63, 0xBC, 0x8D, 0xE7, 0x7F, 0x4C, 0x14, 0x35, 0x34, 0xA5, 0xB4, 0xA3, 0x6D, 0x62, 0x45,
    0x96, 0xAE, 0xA5, 0x61, 0x83, 0x9F, 0xA8, 0x22, 0xC6, 0x6A, 0x71, 0x83, 0x73, 0x98, 0xAC, 0xBD,
    0x56, 0x12, 0x59, 0xD5, 0x50, 0x58, 0x77, 0x96, 0xA2, 0xAA, 0xFD, 0x90, 0x92, 0x02, 0x3F, 0x4C,
    0xF6, 0x33, 0x5A, 0x23, 0xD5, 0xE2, 0xC9, 0x14, 0x63, 0xCA, 0xE7, 0xCE, 0x3A, 0xC6, 0x6F, 0x29,
    0xC4, 0xBA, 0xA2, 0xFA, 0x3E, 0x94, 0x08, 0x43, 0x52, 0x6C, 0x09, 0xF3, 0x13, 0x29, 0xF3, 0xB8,
    0xEC, 0x52, 0x57, 0x74, 0x91, 0xD3, 0x7D, 0xE0, 0x48, 0xED, 0xBA, 0x22, 0x73, 0xAE, 0x8E, 0xDC,
    0x9F, 0x5A, 0x79, 0xFC, 0x4A, 0x9E, 0xE5, 0x8C, 0x81, 0xAF, 0xD1, 0xA2, 0x9C, 0xFE, 0x3E, 0xE8,
    0xA3, 0x26, 0xA9, 0xD2, 0x22, 0xD3, 0xEC, 0xAF, 0xE3, 0x9B, 0xB3, 0x4E, 0x8B, 0xA4, 0x8A, 0xEA,
    0x89, 0x2C, 0xFB, 0xD2, 0x1C, 0x2D, 0x91, 0xD2, 0x69, 0x19, 0xD7, 0x61, 0x33, 0xB1, 0x81, 0xC5,
    0x5A, 0x3A, 0x28, 0x8E, 0xC2, 0x36, 0xAA, 0x93, 0x8A, 0x0B, 0x45, 0x3F, 0x24, 0x5A, 0xA1, 0xA0,
    0xA2, 0x9F, 0x7E, 0x4D, 0xCA, 0xE9, 0xB8, 0x85, 0x1B, 0xF2, 0xA5, 0xBD, 0xFC, 0xFB, 0xFF, 0xA2,
    0xE0, 0x1E, 0x05, 0xED, 0x28, 0xEF, 0x77, 0x2B, 0xCE, 0x35, 0x10, 0x1C, 0x1C, 0x5D, 0xC4, 0xE7,
    0x22, 0x65, 0x45, 0x5A, 0xC4, 0x45, 0xAC, 0x53, 0xBF, 0xAA, 0xD5, 0x4D, 0xD7, 0xB9, 0x6E, 0x6B,
    0x73, 0x5E, 0xD6, 0x82, 0x55, 0xC9, 0x67, 0x0A, 0xDD, 0x86, 0x62, 0x9B, 0x13, 0x3C, 0x14, 0x62,
    0xDB, 0x31, 0x3C, 0x02, 0x1F, 0x52, 0xA6, 0xB1, 0xF5, 0xFF, 0xEF, 0x36, 0xAD, 0x0E, 0xDE, 0x8B,
    0x11, 0xA9, 0xB4, 0x32, 0x79, 0x56, 0x30, 0xF6, 0x9D, 0x16, 0x9C, 0x03, 0x3A, 0xB0, 0xF6, 0xFF,
    0x72, 0xAE, 0xB3, 0x22, 0x2B, 0x95, 0x96, 0xC8, 0x0B, 0x02, 0xC8, 0x0C, 0xDE, 0x0F, 0xEE, 0x53,
    0x6A, 0x49, 0x79, 0xF9, 0x19, 0x02, 0x7D, 0x9E, 0x28, 0x57, 0x0D, 0x12, 0x6C, 0x63, 0x9E, 0x32,
    0x73, 0x35, 0xFF, 0xB3, 0xC9, 0xC2, 0x56, 0xC2, 0x14, 0xD7, 0x94, 0x96, 0xC4, 0x05, 0x39, 0x0A,
    0x2D, 0x25, 0x8D, 0xC0, 0x45, 0x39, 0xCB, 0xCE, 0x5E, 0xD9, 0xDA, 0xC0, 0x71, 0xE6, 0x9A, 0xF9,
    0x5B, 0x30, 0xC8, 0x61, 0x00, 0x14, 0xC9, 0x52, 0x3F, 0xC6, 0x96, 0xBA, 0x39, 0xEA, 0xB2, 0xA0,
    0x83, 0x59, 0xEA, 0xEA, 0x89, 0xD3, 0x7E, 0x29, 0x1B, 0xD8, 0x26, 0xB6, 0x9A, 0x40, 0x19, 0x6A,
    0xE0, 0x4D, 0x98, 0x47, 0x07, 0x2D, 0x25, 0x5F, 0xB5, 0xC4, 0x8F, 0x5A, 0xAC, 0xC4, 0x15, 0xC0,
    0x64, 0x91, 0x42, 0xBD, 0x5B, 0x46, 0xBD, 0xB8, 0xB5, 0x91, 0xB8, 0x56, 0xE4, 0x8B, 0x95, 0x54,
    0x03, 0xC1, 0x39, 0x16, 0x89, 0xD3, 0xF9, 0xC9, 0x38, 0xD7, 0x1B, 0x13, 0x2C, 0xA9, 0x3D, 0x9E,
    0x8B, 0xC5, 0x7B, 0x88, 0x3C, 0x76, 0x00, 0xBC, 0x25, 0xB2, 0xA9, 0x86, 0x77, 0x2D, 0xE7, 0x9D,
    0xA2, 0x07, 0x0C, 0xB9, 0x8B, 0x85, 0xB5, 0xB1, 0xAB, 0x03, 0x93, 0x4F, 0xB7, 0x36, 0xF0, 0x2C,
    0xE4, 0xF2, 0x07, 0xB5, 0xC4, 0x20, 0x29, 0x11, 0x5D, 0xD9, 0x91, 0x22, 0xEA, 0x65, 0x90, 0x89,
    0x1D, 0x3D, 0x91, 0xC0, 0xA7, 0x9F, 0xE6, 0x91, 0x9F, 0x3A, 0xBB, 0x6B, 0x33, 0x6D, 0xD3, 0x27,
    0x16, 0x83, 0x40, 0xB2, 0x43, 0xCB, 0xBA, 0x63, 0xEA, 0x59, 0xF7, 0x70, 0x4B, 0xE2, 0x9A, 0xC0,
    0xAF, 0x24, 0xD8, 0xCE, 0x63, 0x57, 0x61, 0x2E, 0xFE, 0x83, 0x55, 0x84, 0xD9, 0x3B, 0xBE, 0xDE,
    0x61, 0x25, 0xB8, 0x12, 0xB9, 0x61, 0xD0, 0xD9, 0x74, 0x86, 0x4E, 0xC2, 0x47, 0x3E, 0xC7, 0xE7,
    0xF3, 0x00, 0x05, 0x17, 0x69, 0x7E, 0x74, 0xEB, 0x08, 0x82, 0x51, 0x91, 0xD2, 0x82, 0xBF, 0xA2,
    0x65, 0xF1, 0x0A, 0x79, 0xA3, 0xB3, 0x56, 0x22, 0xC6, 0x18, 0xDE, 0x61, 0x58, 0x44, 0xB0, 0xA6,
    0x00, 0xF9, 0x4A, 0x37, 0x6F, 0xBE, 0x67, 0x5C, 0x0B, 0x19, 0x86, 0x18, 0x8E, 0x95, 0x6B, 0x5E,
    0xF1, 0x98, 0xE3, 0x76, 0x66, 0x8F, 0x30, 0xAB, 0x3A, 0xC4, 0x38, 0x96, 0xB2, 0x92, 0x5E, 0x1D,
    0x80, 0x24, 0xAC, 0x82, 0xE0, 0xD4, 0xFC, 0x4E, 0xFD, 0xDD, 0xC1, 0xAD, 0x59, 0x15, 0xB8, 0x22,
    0xE8, 0x89, 0x6A, 0x6F, 0xB1, 0x22, 0xC9, 0x01, 0x5F, 0x05, 0xE3, 0xF0, 0xAB, 0x88, 0x37, 0x60,
    0xAB, 0x69, 0x2D, 0x8F, 0xAA, 0x00, 0x36, 0x7F, 0x09, 0x8B, 0xFB, 0xBF, 0x59, 0x4C, 0x42, 0x67,
    0x17, 0x5E, 0x4F, 0x0E, 0xED, 0xC2, 0x42, 0xF6, 0xA8, 0x5D, 0x58, 0xE4, 0xEB, 0xCD, 0xC2, 0x55,
    0x9E, 0x34, 0x8B, 0x57, 0x39, 0xAA, 0x7F, 0x77, 0x95, 0xF7, 0xFE, 0x53, 0x2F, 0xA6, 0xBD, 0x2B,
    0x16, 0xA2, 0x6A, 0x9B, 0xDE, 0x90, 0x81, 0x62, 0x71, 0xE4, 0x64, 0xFF, 0x97, 0xF0, 0xBE, 0x12,
    0xA7, 0x06, 0x2B, 0x72, 0xBE, 0x4E, 0xE2, 0x3D, 0x8F, 0xA6, 0x54, 0xA8, 0x04, 0x98, 0x57, 0xC8,
    0x98, 0x6D, 0xB8, 0xAB, 0x63, 0x1D, 0xD8, 0xAC, 0x08, 0xBB, 0x3B, 0x65, 0xE8, 0x5C, 0x85, 0x45,
    0x20, 0xEB, 0xA3, 0x26, 0x2D, 0x80, 0x12, 0x1D, 0x74, 0xD3, 0xAD, 0x1C, 0xCC, 0x03, 0x1F, 0xB9,
    0x9E, 0xF8, 0x7D, 0x07, 0xB0, 0x18, 0x28, 0x8E, 0x77, 0x2D, 0xAE, 0x59, 0xCF, 0x8A, 0x0C, 0x06,
    0x01, 0xB3, 0x68, 0xFF, 0x0F, 0xB6, 0xF5, 0xB6, 0xEE, 0xDF, 0x44, 0xAF, 0xED, 0x13, 0x68, 0xB8,
    0x90, 0x71, 0x93, 0xFE, 0x4E, 0x91, 0xD6, 0x13, 0xF1, 0x35, 0x2C, 0x4F, 0xA8, 0xE4, 0xB0, 0xE4,
    0xF2, 0x7E, 0x54, 0x44, 0x60, 0xF0, 0x00, 0x4A, 0x59, 0x3F, 0xB0, 0xC2, 0xD1, 0xDC, 0x98, 0x63,
    0x07, 0x0E, 0xCD, 0xB3, 0x0A, 0x39, 0x5C, 0x73, 0x1E, 0x43, 0xA3, 0x51, 0xE5, 0x38, 0xAD, 0x58,
    0x1B, 0xC9, 0x06, 0x3D, 0xCC, 0x5D, 0xE1, 0xD9, 0x4D, 0xF6, 0xA9, 0xC7, 0x1F, 0xBD, 0x07, 0xBC,
    0x88, 0x20, 0x1C, 0x83, 0x0C, 0xA7, 0x72, 0xC5, 0x0E, 0x92, 0xED, 0xCC, 0x8C, 0x77, 0x36, 0xC6,
    0x5B, 0x3B, 0xF7, 0x46, 0xE3, 0x2F, 0x56, 0x8E, 0xED, 0xBD, 0x50, 0xBC, 0x2F, 0x70, 0x10, 0x6F,
    0xD5, 0x49, 0xF7, 0x41, 0x05, 0xC0, 0xE8, 0xE3, 0x5D, 0x99, 0xCE, 0x6B, 0xB1, 0xDA, 0x21, 0xE2,
    0x36, 0x69, 0x23, 0x8B, 0x5D, 0xD5, 0xA7, 0x76, 0x45, 0x17, 0xC1, 0x4A, 0x49, 0xF9, 0x9C, 0x8E,
    0x35, 0xCC, 0xEB, 0x47, 0xB7, 0xCA, 0xF3, 0x6C, 0x56, 0xB7, 0xB4, 0x72, 0x05, 0xE4, 0x07, 0xFB,
    0xB9, 0x70, 0xCE, 0x79, 0x32, 0x18, 0x40, 0x68, 0x0B, 0xFE, 0x43, 0x38, 0xBC, 0xFE, 0xF6, 0x80,
    0x7C, 0x35, 0x79, 0x81, 0xBE, 0x9A, 0xD4, 0xE2, 0x20, 0x30, 0x56, 0x01, 0x4A, 0xA4, 0x71, 0xA1,
    0x57, 0xD6, 0x39, 0x57, 0x05, 0x5F, 0x87, 0x4B, 0x97, 0x11, 0x86, 0x5B, 0xA8, 0x6B, 0x46, 0xFB,
    0x42, 0xC4, 0x4E, 0xDC, 0x07, 0x2E, 0x7B, 0x8C, 0xE7, 0x96, 0x01, 0x03, 0xB1, 0xC9, 0x8D, 0x64,
    0xA0, 0xD0, 0x6C, 0x0D, 0x42, 0x3F, 0xE3, 0xB6, 0x73, 0x64, 0xE6, 0x7E, 0x18, 0xDF, 0x16, 0xAC,
    0x71, 0x19, 0x76, 0x5C, 0xC7, 0x1D, 0xB7, 0x49, 0xC7, 0x36, 0xEB, 0xB8, 0x57, 0x1D, 0xAB, 0xAE,
    0xE3, 0xB4, 0xED, 0xF8, 0xDD, 0xBA, 0xE3, 0x1B, 0x25, 0x18, 0x21, 0x97, 0xAA, 0x7A, 0xA4, 0x53,
    0xBA, 0x70, 0x8F, 0x0B, 0xE0, 0x00, 0x15, 0x8D, 0x1B, 0xA8, 0x85, 0xF6, 0x50, 0xB3, 0x5C, 0x33,
    0xFF, 0xAD, 0xE6, 0xE4, 0x59, 0xCD, 0xCB, 0x88, 0xE3, 0xCF, 0x25, 0xF0, 0xA2, 0x2C, 0x78, 0xF1,
    0xB8, 0x39, 0x81, 0xCF, 0x1A, 0xF8, 0xB4, 0x69, 0x85, 0xF9, 0x0B, 0xA1, 0x25, 0x72, 0x50, 0xE3,
    0x15, 0x6C, 0x9E, 0x55, 0x93, 0x2E, 0xD9, 0x4F, 0x25, 0x92, 0xCD, 0x19, 0x7C, 0x7A, 0x90, 0x58,
    0xFE, 0xA4, 0xC7, 0xD8, 0x22, 0xD7, 0x7B, 0x76, 0x9D, 0x67, 0xC8, 0xF2, 0x2C, 0x6C, 0x5E, 0x3A,
    0xD9, 0x4F, 0x0C, 0x3F, 0xB4, 0x98, 0xCC, 0x61, 0x32, 0x33, 0x9B, 0x4C, 0x42, 0x22, 0xBC, 0x8E,
    0xAC, 0x1D, 0xA8, 0xE3, 0x54, 0x42, 0x7E, 0xEC, 0x93, 0x2F, 0xF7, 0x65, 0x5D, 0x12, 0xD3, 0x83,
    0xDF, 0xFA, 0x48, 0x72, 0xDC, 0x10, 0xA3, 0x0C, 0x31, 0x48, 0x87, 0x69, 0x48, 0xD2, 0xA1, 0xE5,
    0xB1, 0x43, 0xCB, 0x53, 0x3E, 0x40, 0xF2, 0x5D, 0xF2, 0xC9, 0x77, 0xAA, 0xE5, 0xB9, 0xE0, 0xE8,
    0x15, 0x19, 0x33, 0x57, 0x52, 0x62, 0x70, 0x6F, 0x6C, 0x79, 0xFC, 0xDC, 0x82, 0x3F, 0x01, 0x97,
    0x2B, 0xA6, 0x66, 0x47, 0x9F, 0xCE, 0xE4, 0x6F, 0x57, 0x81, 0xBD, 0x42, 0xF1, 0xFD, 0x36, 0x9D,
    0x15, 0x67, 0xAE, 0x8C, 0x94, 0xB5, 0xFC, 0x64, 0x71, 0x5E, 0xA5, 0xC9, 0x86, 0x42, 0x37, 0xC5,
    0x3A, 0xAE, 0x33, 0x34, 0x30, 0x69, 0x29, 0x6D, 0x4C, 0xA6, 0x85, 0x02, 0xC2, 0x46, 0xC1, 0x43,
    0x1D, 0x78, 0x17, 0x6E, 0x12, 0x77, 0xA1, 0xD9, 0x22, 0x86, 0xBB, 0xC0, 0xC8, 0x94, 0x16, 0x74,
    0x5B, 0xD6, 0x9E, 0x1B, 0xA9, 0x75, 0xB9, 0xCA, 0xA7, 0xE2, 0x29, 0xAD, 0x40, 0x62, 0x59, 0xE1,
    0x74, 0x07, 0x03, 0xF7, 0x10, 0x3E, 0x79, 0xE2, 0x9E, 0xE0, 0xF7, 0xE9, 0xE1, 0x53, 0xF0, 0xF5,
    0xB3, 0xA7, 0xCF, 0x6A, 0x0A, 0x0F, 0x3F, 0x87, 0x1F, 0x43, 0xF7, 0x10, 0xBB, 0x47, 0xA9, 0x44,
    0xDC, 0xD1, 0x71, 0x19, 0x64, 0xBA, 0xF3, 0x7B, 0x7A, 0x40, 0x59, 0x8E, 0x0C, 0x09, 0x36, 0x93,
    0x1A, 0x49, 0x6E, 0x13, 0x34, 0x54, 0x98, 0xCE, 0xC1, 0xCB, 0x0A, 0x5E, 0xCC, 0xB0, 0xF2, 0xC4,
    0x8E, 0x74, 0xDB, 0x4B, 0xE4, 0xF3, 0x09, 0xE2, 0x1D, 0xD9, 0xB4, 0x4E, 0xEA, 0xB8, 0xCD, 0x00,
    0xF5, 0xA9, 0x0E, 0x36, 0x81, 0x02, 0x1B, 0x37, 0x68, 0xBE, 0x6C, 0x5A, 0x06, 0x3D, 0xF0, 0x20,
    0x11, 0xE0, 0xF1, 0x59, 0x44, 0xF0, 0x45, 0xF9, 0x3A, 0xDD, 0xFA, 0xF3, 0x40, 0x8B, 0xD0, 0xE9,
    0x27, 0xA3, 0xAD, 0x34, 0x91, 0xC2, 0x44, 0xC8, 0x4D, 0x34, 0x77, 0x14, 0x49, 0xFF, 0x00, 0x73,
    0x2E, 0x85, 0xAF, 0x9C, 0x34, 0xC4, 0x5E, 0xA7, 0x1B, 0xCA, 0xE2, 0xBB, 0x82, 0xF8, 0x9E, 0xFF,
    0x95, 0xBB, 0x76, 0xD5, 0x7B, 0x8B, 0xA4, 0xDE, 0x4A, 0xD9, 0xF5, 0xF5, 0x43, 0x5A, 0x51, 0x8F,
    0xC4, 0x6E, 0xEC, 0xB8, 0xA4, 0xDC, 0x4A, 0x07, 0x26, 0x9D, 0x98, 0x74, 0x64, 0xD2, 0x99, 0x49,
    0x1B, 0x22, 0x9D, 0xDA, 0xD0, 0x92, 0xD1, 0x74, 0x93, 0x2D, 0xDB, 0xCB, 0xD2, 0x58, 0x9E, 0xFB,
    0x65, 0xFF, 0xA5, 0x4B, 0x52, 0x63, 0xA1, 0xA8, 0x59, 0xA1, 0x70, 0xD0, 0x21, 0x7A, 0x8B, 0xCF,
    0xD1, 0x41, 0xDD, 0x05, 0x82, 0x31, 0xDD, 0x4D, 0xBA, 0x2C, 0xE8, 0x5B, 0x9F, 0x11, 0xE4, 0x1C,
    0x3A, 0x70, 0x20, 0xA1, 0x22, 0xDF, 0xC1, 0x4C, 0x9C, 0xCA, 0x81, 0xE9, 0x3C, 0x3B, 0x44, 0xF1,
    0xD1, 0xC6, 0xE7, 0x83, 0xF2, 0x39, 0xC1, 0xFE, 0x5C, 0xAE, 0xCB, 0xFD, 0x49, 0xCF, 0xBE, 0x2B,
    0xB8, 0xEC, 0xE7, 0x3A, 0x16, 0x55, 0x49, 0x79, 0xDF, 0xED, 0x4C, 0xDE, 0x1B, 0xF4, 0xD8, 0x83,
    0xE0, 0x18, 0x57, 0x5C, 0xBB, 0xAD, 0x3C, 0x00, 0xE7, 0x24, 0x0B, 0x62, 0xF4, 0x32, 0x87, 0x80,
    0xE0, 0x0A, 0x36, 0xAE, 0xFC, 0xF6, 0xB9, 0xF8, 0x75, 0x7A, 0xD8, 0xE0, 0x7A, 0xE0, 0x4A, 0x1A,
    0xC7, 0xF6, 0x7E, 0x3B, 0xD6, 0xA3, 0xD5, 0xED, 0xBC, 0x64, 0x75, 0xB0, 0xA3, 0xD9, 0x54, 0x25,
    0xBA, 0xA2, 0xCC, 0x37, 0x61, 0xBC, 0xD5, 0x2B, 0x27, 0x0B, 0x67, 0xFD, 0xBD, 0xD4, 0x61, 0x2A,
    0x1B, 0x0C, 0xE9, 0x78, 0x09, 0x66, 0x48, 0x11, 0x8A, 0x0F, 0xA4, 0xD9, 0x52, 0xBD, 0xE0, 0x0E,
    0x82, 0xE3, 0x73, 0x65, 0x70, 0xD4, 0x1D, 0xE9, 0x7A, 0x75, 0x76, 0x80, 0x4A, 0xA9, 0x87, 0xAA,
    0xAD, 0x7C, 0xE5, 0x66, 0x7F, 0x9E, 0x1E, 0xA2, 0xBF, 0xC7, 0xFD, 0x60, 0x7B, 0x58, 0xFA, 0x05,
    0x60, 0x3D, 0x01, 0xA9, 0xA0, 0x87, 0xA3, 0xE0, 0x53, 0xFD, 0xBC, 0xE3, 0x4A, 0xE3, 0x1A, 0xB3,
    0xDB, 0x9A, 0x89, 0x35, 0xC1, 0x39, 0xF2, 0x26, 0xAC, 0x0C, 0xBD, 0xE9, 0xE7, 0x3E, 0x1F, 0x6C,
    0xC1, 0x7A, 0xD4, 0x44, 0x8D, 0x34, 0x28, 0x82, 0xEB, 0xF3, 0xBF, 0x69, 0xAD, 0x4A, 0xD6, 0x73,
    0xDE, 0xB5, 0xE6, 0xAC, 0x86, 0x1D, 0x19, 0xF4, 0x60, 0x06, 0x28, 0x37, 0xD2, 0x91, 0x01, 0x79,
    0xA6, 0xA7, 0xE1, 0x18, 0xD8, 0x35, 0xC8, 0x00, 0x83, 0xAA, 0x68, 0x40, 0x83, 0x97, 0xCD, 0xE9,
    0x8F, 0x5F, 0xD6, 0xB6, 0x7A, 0xE2, 0x72, 0xA4, 0x87, 0x2B, 0xCC, 0x9E, 0x33, 0x95, 0x09, 0x6D,
    0x52, 0x61, 0x3B, 0xB1, 0xFF, 0xA9, 0x5F, 0xF8, 0xE3, 0x9F, 0x7C, 0xC9, 0xEE, 0x7D, 0x2B, 0x88,
    0x58, 0x09, 0xB5, 0xA6, 0x07, 0xC2, 0x1A, 0x9E, 0xAA, 0x07, 0x8F, 0x23, 0xF4, 0x5C, 0x18, 0x82,
    0xC7, 0x07, 0xEA, 0x1D, 0x29, 0xD6, 0x8F, 0xFB, 0x02, 0x38, 0x1E, 0x0A, 0x1C, 0xC5, 0xE7, 0x27,
    0x42, 0x70, 0x9B, 0xC6, 0xC0, 0xAA, 0x81, 0xD5, 0x77, 0x65, 0x1A, 0xE3, 0x5F, 0xF5, 0x14, 0x8D,
    0xAF, 0x7C, 0x38, 0x07, 0xC6, 0xFC, 0x7D, 0xB1, 0x1B, 0xD2, 0xF6, 0xA4, 0x4E, 0x87, 0x69, 0x85,
    0x7C, 0xE0, 0x3B, 0xF3, 0x8F, 0xD3, 0x41, 0x9E, 0x89, 0x74, 0x97, 0xF2, 0x32, 0x51, 0xF2, 0xB2,
    0x16, 0x38, 0xEE, 0x4B, 0x93, 0x1B, 0x80, 0x9E, 0xE3, 0xFA, 0xED, 0x77, 0xF0, 0x4A, 0x54, 0xC4,
    0xBE, 0x2C, 0xC6, 0x15, 0xBE, 0xB5, 0x71, 0xC6, 0x29, 0xE7, 0x8F, 0x4F, 0x7C, 0x65, 0x9A, 0xC0,
    0x9E, 0x15, 0xB8, 0x2F, 0xB4, 0x6A, 0x4F, 0x5A, 0x81, 0x64, 0xDF, 0x8E, 0x5E, 0x30, 0xB2, 0xFE,
    0x5C, 0x38, 0x1A, 0xCE, 0x7B, 0x64, 0x3D, 0x1B, 0x44, 0xDF, 0x08, 0x2B, 0x97, 0xD8, 0x45, 0xE1,
    0x99, 0x82, 0xA4, 0x53, 0x59, 0x3B, 0x7A, 0x00, 0xB6, 0x4C, 0xEB, 0xF0, 0xEB, 0x8D, 0x9A, 0x29,
    0xFB, 0x6B, 0xAB, 0x28, 0xFD, 0xBB, 0xDD, 0xA6, 0xE4, 0x4B, 0x94, 0x85, 0xD8, 0x81, 0x64, 0x22,
    0x87, 0x6E, 0x3F, 0xEC, 0x00, 0x09, 0x1F, 0xC2, 0xA0, 0x8D, 0x06, 0xA7, 0x73, 0xD1, 0x53, 0xFA,
    0x15, 0x8C, 0x9E, 0xE1, 0x25, 0x5D, 0x02, 0x31, 0x8E, 0x8F, 0x96, 0xDD, 0x9F, 0x27, 0x5F, 0x83,
    0x89, 0xB0, 0x06, 0xA5, 0xDD, 0x38, 0x95, 0xA4, 0x0B, 0xBC, 0x2A, 0xCF, 0x95, 0x68, 0xF6, 0xFF,
    0x8B, 0xB1, 0xBF, 0x91, 0x67, 0xEB, 0x21, 0x90, 0xF2, 0xBC, 0xD1, 0x03, 0x01, 0xA8, 0xD3, 0x2F,
    0xAF, 0x93, 0xC6, 0x0F, 0x01, 0xBC, 0x41, 0xB6, 0x50, 0x4E, 0x8C, 0xBC, 0x2E, 0x80, 0x59, 0x91,
    0xA2, 0x82, 0xD7, 0x9D, 0x75, 0xD0, 0x9B, 0x34, 0x19, 0xF3, 0xFE, 0x51, 0xE7, 0x5F, 0xAA, 0x9A,
    0x51, 0x60, 0xF6, 0x56, 0x2D, 0xD5, 0x07, 0x68, 0x47, 0x15, 0x38, 0xBA, 0x8E, 0x81, 0xE5, 0xDD,
    0x42, 0xEA, 0x8E, 0xE7, 0x20, 0xF5, 0xFC, 0x47, 0x18, 0x56, 0xDE, 0xD3, 0x0A, 0x61, 0xF3, 0x78,
    0x90, 0x8A, 0xE0, 0x80, 0xF0, 0x40, 0x36, 0x84, 0xD2, 0x26, 0x2F, 0x2A, 0xD5, 0xEC, 0x56, 0x29,
    0xB5, 0x13, 0xB5, 0x6C, 0x69, 0x86, 0xCA, 0xA4, 0xF9, 0x4C, 0xFA, 0x1A, 0xD3, 0x7C, 0x78, 0x61,
    0xFD, 0x7F, 0xAD, 0x58, 0x31, 0x8C, 0xDD, 0xC6, 0x11, 0x1D, 0x92, 0xA7, 0xA3, 0x6D, 0x02, 0xDA,
    0x2B, 0x24, 0x04, 0xD1, 0x41, 0x5E, 0x17, 0x29, 0x8C, 0x8B, 0x75, 0x4C, 0x21, 0x03, 0x2E, 0xF4,
    0xB5, 0x84, 0x8D, 0xC0, 0x5D, 0x7C, 0x85, 0x84, 0x14, 0x29, 0xA2, 0x22, 0x8D, 0x95, 0x42, 0x2E,
    0x5D, 0x48, 0x9F, 0x8C, 0x5D, 0xA8, 0xF4, 0x15, 0x71, 0x1A, 0x15, 0xBE, 0x22, 0xC5, 0xE1, 0x54,
    0xC8, 0x30, 0x84, 0x40, 0x09, 0xEE, 0x8E, 0x2B, 0xB8, 0x70, 0x11, 0xC0, 0xA0, 0xAD, 0xC2, 0x45,
    0x10, 0x98, 0x56, 0x80, 0x34, 0x42, 0xA2, 0x75, 0xC2, 0x20, 0x3C, 0xDF, 0x92, 0x9B, 0x37, 0x4B,
    0xDE, 0x49, 0xB1, 0x2F, 0x91, 0xBE, 0x74, 0xFC, 0x3B, 0xFB, 0x3F, 0x97, 0x3B, 0x33, 0xBB, 0x33,
    0x6F, 0x66, 0x87, 0x9F, 0xA6, 0xE5, 0xF4, 0x18, 0xBD, 0x38, 0x99, 0x4C, 0xA7, 0x79, 0x59, 0x96,
    0x53, 0x3A, 0x41, 0x24, 0x89, 0xCA, 0x3A, 0x76, 0x56, 0x38, 0x9B, 0x7E, 0xFA, 0x23, 0xF5, 0x13,
    0x52, 0x47, 0x09, 0x7D, 0xFA, 0xE9, 0x82, 0x74, 0x6D, 0xE2, 0x6C, 0xE0, 0x0C, 0xA5, 0x7E, 0x5A,
    0x5A, 0x53, 0xE0, 0x2C, 0x45, 0xA0, 0xA4, 0xB9, 0x40, 0x49, 0x45, 0x9E, 0x16, 0xFF, 0x95, 0x91,
    0xC2, 0xA4, 0x1F, 0xF6, 0x6B, 0x14, 0x36, 0x44, 0x01, 0x28, 0x34, 0x98, 0xDE, 0xFF, 0x8C, 0x72,
    0xE7, 0x8A, 0xB3, 0x97, 0x5C, 0x46, 0x74, 0x8E, 0x70, 0x3D, 0x7F, 0xCC, 0x28, 0xA8, 0x71, 0x46,
    0x7E, 0x6C, 0xE4, 0xAB, 0x46, 0xBE, 0x6B, 0xA4, 0xF3, 0x23, 0x1B, 0xCD, 0x1C, 0x2D, 0x2C, 0x15,
    0xC1, 0xBA, 0xAC, 0x23, 0x9B, 0x34, 0x89, 0x89, 0xAC, 0xAC, 0x82, 0x5E, 0x69, 0x2A, 0x1D, 0x91,
    0xEA, 0x88, 0x84, 0x25, 0xBA, 0xD1, 0x17, 0xE4, 0x9C, 0xA6, 0x18, 0xD2, 0xF9, 0xFB, 0xE7, 0x3B,
    0x99, 0xFF, 0x0D, 0x3A, 0xAE, 0xC6, 0x0B, 0x5A, 0xF6, 0x7F, 0x06, 0x65, 0x91, 0xB8, 0x46, 0xEC,
    0x36, 0x52, 0xAF, 0x88, 0x8A, 0x92, 0x9E, 0x12, 0x57, 0x43, 0x9D, 0x0A, 0xAD, 0xCA, 0xAC, 0xE2,
    0x3D, 0x9B, 0xA0, 0x34, 0xD8, 0xCD, 0x33, 0x51, 0xA3, 0xAE, 0x9B, 0xD4, 0xD5, 0x61, 0x9F, 0x3D,
    0x1B, 0x66, 0xEA, 0x8D, 0x0A, 0x2D, 0x4D, 0x34, 0x2D, 0xB6, 0x14, 0xF4, 0x37, 0x8A, 0x58, 0x87,
    0xE6, 0x68, 0xB0, 0xFA, 0xF6, 0x4B, 0xD2, 0xBE, 0xF4, 0x8A, 0xB2, 0x47, 0xDF, 0xDA, 0x26, 0xF1,
    0x16, 0xCC, 0xC0, 0x74, 0x3A, 0x5F, 0x3F, 0x7A, 0x46, 0xD9, 0x93, 0x27, 0x93, 0xF6, 0x4C, 0x92,
    0x91, 0x09, 0x9B, 0xC5, 0x8A, 0xF2, 0x1E, 0x86, 0x58, 0xC1, 0x62, 0xE4, 0x96, 0xEA, 0x36, 0x27,
    0x9B, 0x93, 0xCB, 0x57, 0x54, 0x27, 0xDF, 0xC4, 0x40, 0xA8, 0x3F, 0x8C, 0x3F, 0x6B, 0x61, 0x00,
    0x25, 0xAA, 0xED, 0x54, 0x2B, 0xA1, 0xE5, 0x55, 0x93, 0x7C, 0xDE, 0x46, 0xD5, 0x4D, 0x3C, 0x5D,
    0xDA, 0xD8, 0x28, 0x14, 0xF6, 0xC6, 0x04, 0x66, 0x90, 0xD8, 0xA7, 0x8B, 0xEB, 0xAE, 0x73, 0xDD,
    0xC5, 0x75, 0x4C, 0x8B, 0x1D, 0x2D, 0xCF, 0xEB, 0x97, 0x7F, 0xFB, 0xE1, 0x47, 0x7F, 0x3F, 0x7D,
    0xF7, 0x6F, 0xA7, 0xEF, 0xDA, 0xD3, 0x1F, 0xFD, 0xF9, 0xF4, 0x2B, 0x3F, 0x36, 0xCF, 0xFF, 0x54,
    0x87, 0x3D, 0x5B, 0xFA, 0xF8, 0xB9, 0xBC, 0x57, 0xFD, 0xE2, 0x6A, 0xDE, 0xB4, 0x9B, 0xCD, 0xE5,
    0xAD, 0x4D, 0xD5, 0x24, 0x05, 0xC1, 0x84, 0x68, 0x1D, 0x6C, 0x6A, 0xD1, 0xCE, 0xF7, 0xE7, 0xC6,
    0x11, 0xA2, 0x8B, 0x1B, 0xEB, 0xC3, 0x20, 0xCB, 0xAE, 0xD2, 0xE6, 0xD4, 0x2D, 0x6A, 0xA2, 0x5A,
    0x14, 0xCA, 0x2A, 0x7B, 0x62, 0x2D, 0x35, 0x31, 0x7E, 0x0B, 0x43, 0x4D, 0xDA, 0xA8, 0x1A, 0x53,
    0xB2, 0x48, 0xCB, 0x5A, 0x65, 0x3F, 0x60, 0xD6, 0x3C, 0xB0, 0x07, 0xB4, 0xC8, 0xE6, 0xF7, 0x6D,
    0xEE, 0x6C, 0xBE, 0x63, 0x73, 0xCC, 0xF1, 0xED, 0xB8, 0x57, 0xB4, 0x96, 0x38, 0xF8, 0xDF, 0xDD,
    0x87, 0xDF, 0xAF, 0xFE, 0x17, 0x49, 0x50, 0x0C, 0xA2, 0x1C, 0xA4, 0xBE, 0x4B, 0x47, 0x48, 0x65,
    0xF8, 0x40, 0xC8, 0x11, 0x3A, 0x4A, 0x69, 0x11, 0x57, 0xB2, 0x52, 0x40, 0xD6, 0x7C, 0x06, 0x2B,
    0xEA, 0x45, 0x9D, 0x8C, 0x1F, 0xEC, 0xA0, 0x4E, 0xED, 0x64, 0x72, 0x79, 0x79, 0x32, 0x49, 0xED,
    0x3C, 0xAF, 0xF7, 0x64, 0x5C, 0xA8, 0xA4, 0x82, 0xCD, 0x93, 0xAF, 0x6C, 0x64, 0x3A, 0xF4, 0x02,
    0xF6, 0x4F, 0xAA, 0x53, 0x71, 0xC1, 0x1E, 0xE1, 0x2E, 0xD5, 0xC1, 0x1A, 0x29, 0x1D, 0x01, 0x0D,
    0x1A, 0xE6, 0x8E, 0xB5, 0x2C, 0xD0, 0x41, 0x5B, 0xAC, 0x61, 0x94, 0xF8, 0x76, 0x8B, 0x39, 0x91,
    0x79, 0x91, 0xFD, 0x80, 0x7B, 0xF9, 0x2E, 0x3A, 0x95, 0x6C, 0xC2, 0x7C, 0xF2, 0x0A, 0x05, 0x6D,
    0xEA, 0xB2, 0xC8, 0x9C, 0xE8, 0xD9, 0x51, 0x97, 0xC9, 0x5F, 0x33, 0x08, 0xBD, 0x05, 0xA1, 0x1F,
    0x3B, 0x16, 0xFA, 0x01, 0x84, 0x72, 0xA4, 0x59, 0x62, 0xA1, 0x08, 0xA6, 0x08, 0x16, 0xC9, 0x84,
    0x46, 0xB7, 0xB4, 0x4A, 0xEB, 0xA4, 0xEA, 0xA0, 0x85, 0x7F, 0x20, 0x4F, 0x16, 0x00, 0xB4, 0x34,
    0x90, 0x47, 0x06, 0xF2, 0x94, 0x41, 0x88, 0xA8, 0xCF, 0xDA, 0x13, 0x2C, 0x0F, 0xA6, 0x16, 0xB7,
    0xBD, 0xBC, 0xFB, 0x18, 0x14, 0x37, 0x32, 0x02, 0xD0, 0x75, 0xD0, 0xCE, 0x97, 0x05, 0x38, 0xD5,
    0xB0, 0x3E, 0x5A, 0x18, 0xC1, 0xC0, 0xFD, 0x82, 0x1F, 0xB9, 0x4C, 0x91, 0xE5, 0x38, 0x53, 0x95,
    0x77, 0x58, 0xA8, 0xF3, 0x6B, 0x70, 0x4C, 0x2D, 0x1C, 0xE2, 0x92, 0x68, 0x0E, 0x33, 0x04, 0xD4,
    0x49, 0x2C, 0x3A, 0x68, 0xC7, 0x4D, 0xAE, 0x22, 0x05, 0x20, 0x00, 0x05, 0xEE, 0xA5, 0x1D, 0x02,
    0x35, 0xDF, 0x26, 0xDA, 0x86, 0x92, 0x4E, 0x15, 0x81, 0x4D, 0x75, 0xD4, 0x5D, 0xAA, 0x22, 0xE7,
    0x6A, 0xF6, 0xBA, 0xA8, 0x63, 0x84, 0x22, 0x82, 0xAF, 0x08, 0x3A, 0xAF, 0x94, 0x53, 0x45, 0x02,
    0x3E, 0xB1, 0x7A, 0x08, 0xF2, 0xC8, 0x27, 0x02, 0x4A, 0xF1, 0x73, 0xB2, 0xFC, 0xF4, 0xF2, 0xD2,
    0xF7, 0x30, 0x17, 0x56, 0xFC, 0xFD, 0xE6, 0xE1, 0xAC, 0x6D, 0x33, 0xCD, 0x78, 0x1E, 0x21, 0xF5,
    0x78, 0x7B, 0x3F, 0xAD, 0x3C, 0xE6, 0x95, 0x58, 0xDB, 0xA9, 0x33, 0x83, 0x0C, 0xBE, 0x7F, 0x62,
    0x79, 0xE1, 0xC6, 0xC6, 0x1A, 0x58, 0x31, 0x0E, 0x66, 0xDF, 0xAB, 0xFE, 0x3C, 0xD2, 0x97, 0x63,
    0x5D, 0xA1, 0xE5, 0x3E, 0x6E, 0x38, 0x25, 0x09, 0xC3, 0x7D, 0xAA, 0xB9, 0xCF, 0xFD, 0x53, 0xC7,
    0x7D, 0xE8, 0xFB, 0xB8, 0x21, 0x2F, 0x99, 0x7B, 0xA4, 0x6E, 0x96, 0xB3, 0xB8, 0xE3, 0x53, 0x35,
    0x6B, 0x15, 0xFD, 0x25, 0x2D, 0x4D, 0x88, 0x78, 0x80, 0xF4, 0xE2, 0x21, 0xD2, 0xFE, 0x68, 0x21,
    0xB1, 0x13, 0x03, 0xE8, 0xAE, 0x0A, 0x40, 0x38, 0x3C, 0x80, 0x64, 0x3C, 0x48, 0xEA, 0x01, 0x25,
    0x10, 0x4D, 0x40, 0xBC, 0xBF, 0x10, 0xF3, 0xC8, 0xCA, 0x38, 0x54, 0xD2, 0xC2, 0x67, 0xCC, 0x75,
    0x4E, 0xE9, 0x68, 0xEF, 0x9F, 0x83, 0x69, 0x95, 0x3F, 0x8C, 0xC6, 0x36, 0xDC, 0xF2, 0x88, 0x1D,
    0x1A, 0x05, 0xD8, 0x5F, 0x46, 0x58, 0xFC, 0x0E, 0xCB, 0x99, 0x8D, 0x17, 0xD7, 0x36, 0x4E, 0x3F,
    0x1D, 0x7F, 0x5E, 0xCF, 0xAC, 0x97, 0x43, 0xDC, 0x88, 0x3B, 0x0D, 0xFA, 0x80, 0xB2, 0x99, 0x78,
    0x03, 0x4E, 0xC9, 0x1C, 0x26, 0xC1, 0x26, 0x47, 0xE1, 0xC5, 0x8D, 0x22, 0x77, 0x1A, 0xED, 0x7B,
    0x3B, 0x59, 0xD4, 0xD2, 0x81, 0x6D, 0x98, 0x80, 0xC6, 0x51, 0xBB, 0x49, 0x71, 0x87, 0x94, 0x38,
    0xA4, 0xF9, 0x59, 0x78, 0xE1, 0x81, 0x86, 0x64, 0x4F, 0xCB, 0xF2, 0x49, 0x78, 0xCF, 0x0A, 0x5D,
    0x4A, 0x3D, 0x45, 0xDA, 0x0B, 0x66, 0xE3, 0x7D, 0x6E, 0x63, 0x15, 0x48, 0xEC, 0x19, 0x8D, 0x5A,
    0x7C, 0x53, 0x1A, 0x51, 0x25, 0xAD, 0xA8, 0x22, 0x9B, 0xEE, 0x84, 0x36, 0xEF, 0x03, 0xAB, 0xBA,
    0xC0, 0x8A, 0x2A, 0x04, 0xC5, 0xAD, 0xA8, 0x53, 0x23, 0x18, 0x5B, 0xA8, 0x33, 0x84, 0x03, 0xF2,
    0xA7, 0x13, 0xE0, 0x0D, 0xA6, 0xFA, 0x6B, 0xE3, 0xA1, 0xB2, 0x44, 0xF3, 0x6B, 0x4A, 0xC7, 0x46,
    0xD5, 0xA0, 0x06, 0x64, 0x41, 0x3D, 0xA8, 0x7C, 0xDD, 0x28, 0xF5, 0x09, 0xCE, 0xE0, 0x7F, 0x1B,
    0xF5, 0x3A, 0xAC, 0xFE, 0x2A, 0x5B, 0x9E, 0x49, 0x81, 0x24, 0x08, 0xA1, 0x14, 0x70, 0x94, 0xE9,
    0x21, 0xA2, 0x82, 0x31, 0x0B, 0x3C, 0xC0, 0xB3, 0x01, 0x9E, 0x2D, 0xCA, 0x95, 0x0E, 0xF8, 0xED,
    0x81, 0x63, 0x07, 0x2A, 0x3D, 0x01, 0xF9, 0x69, 0x1D, 0x76, 0x62, 0x47, 0x5A, 0xE0, 0xB9, 0xD9,
    0xC7, 0xF3, 0x5E, 0xDA, 0xA5, 0x5B, 0x63, 0xD6, 0xAB, 0x0E, 0x49, 0xE6, 0xC3, 0x99, 0x4F, 0x1E,
    0x8E, 0x4C, 0xF9, 0x1E, 0x23, 0x90, 0xE8, 0xCA, 0xD6, 0xE1, 0xAD, 0x71, 0x0B, 0x91, 0xC7, 0x25,
    0xDD, 0x16, 0x32, 0xE1, 0x21, 0xC8, 0x9C, 0xA3, 0x4C, 0x86, 0x95, 0xFA, 0x23, 0x00, 0x80, 0xAC,
    0x96, 0x45, 0x0E, 0xD5, 0x9D, 0x4E, 0xBF, 0x34, 0xE9, 0x6B, 0xF5, 0xB3, 0x54, 0x8C, 0x1A, 0xCE,
    0x40, 0x43, 0xF3, 0x40, 0x83, 0x80, 0x86, 0x09, 0x34, 0x34, 0x4E, 0xBD, 0x53, 0x97, 0xEA, 0x6A,
    0x51, 0xAA, 0x2F, 0xA1, 0xC1, 0x42, 0x43, 0x37, 0x68, 0x40, 0x6E, 0xAC, 0x04, 0x34, 0xCC, 0xED,
    0x39, 0xEB, 0x2C, 0xA8, 0x1C, 0x4B, 0x5D, 0x8F, 0xA8, 0xE7, 0x8A, 0x3C, 0x93, 0xFA, 0xFF, 0x91,
    0x62, 0x2A, 0x50, 0x95, 0xD4, 0xA5, 0x46, 0x36, 0xCD, 0x62, 0x4E, 0x8E, 0x65, 0x4D, 0xFB, 0xE9,
    0x2B, 0x06, 0xAA, 0x72, 0xDC, 0x4F, 0x33, 0xAF, 0xE3, 0xE9, 0x65, 0x72, 0xAD, 0x81, 0x2D, 0x23,
    0xE1, 0x06, 0xF5, 0xCD, 0x43, 0x5A, 0x27, 0x97, 0x12, 0x96, 0xE2, 0xAF, 0x3B, 0xFF, 0x4D, 0xD9,
    0xC2, 0x21, 0xC8, 0x1C, 0xCF, 0x7C, 0xF1, 0xE0, 0xCC, 0x7F, 0x64, 0xD1, 0x9F, 0x34, 0xB4, 0x57,
    0xE4, 0x7F, 0x9B, 0x96, 0xC8, 0x27, 0xCA, 0x5F, 0x03, 0xA9, 0xBE, 0xAC, 0x77, 0x1D, 0x62, 0x78,
    0x6C, 0xF7, 0x3A, 0x3F, 0x62, 0xD4, 0xFB, 0x63, 0x3E, 0xF5, 0xE1, 0x5C, 0xA2, 0xA4, 0xC2, 0x82,
    0xE0, 0x68, 0x9C, 0x95, 0x39, 0xC9, 0x6A, 0x4A, 0x79, 0x65, 0x29, 0xBF, 0xD3, 0x92, 0xBC, 0xE3,
    0x10, 0x91, 0xB9, 0x16, 0x95, 0x04, 0x8D, 0x9F, 0x3B, 0xA5, 0x16, 0x5F, 0xA0, 0x02, 0xFB, 0xA2,
    0x7B, 0x10, 0xBD, 0x6F, 0xF3, 0xA1, 0x47, 0x43, 0x71, 0x1E, 0x0E, 0x48, 0x0E, 0x5D, 0x9E, 0x21,
    0x05, 0x65, 0xE9, 0xAE, 0xCB, 0x54, 0x51, 0xA2, 0x48, 0x55, 0x59, 0xCE, 0xE5, 0x2A, 0x13, 0xEE,
    0x79, 0x9C, 0x9F, 0x87, 0xBD, 0x1A, 0x18, 0x78, 0x2D, 0x0C, 0x82, 0x54, 0xF3, 0x99, 0x42, 0xF4,
    0x02, 0x3D, 0x99, 0x1C, 0xBE, 0xF8, 0x0C, 0x75, 0x35, 0x45, 0x5F, 0xB7, 0xDE, 0x49, 0x4F, 0x24,
    0xE7, 0xD6, 0x2F, 0xC0, 0x03, 0xDB, 0xFC, 0xC9, 0x0C, 0x00, 0x7D, 0x02, 0x19, 0x41, 0x71, 0x01,
    0x3E, 0x61, 0xC0, 0xE0, 0x15, 0xB1, 0xBE, 0xB5, 0xBF, 0xBC, 0x99, 0xD7, 0x32, 0x37, 0xEE, 0xE9,
    0x0F, 0x08, 0xB8, 0xDF, 0x55, 0x43, 0x7D, 0x70, 0xE4, 0x29, 0xEC, 0x13, 0xBB, 0x6B, 0x3D, 0x17,
    0x35, 0x4E, 0xCB, 0xEB, 0xEE, 0x46, 0x75, 0x24, 0xC2, 0x19, 0x10, 0xFC, 0xB2, 0xBF, 0x6E, 0x78,
    0xCC, 0xA8, 0xDF, 0x74, 0xE7, 0x57, 0x72, 0xD4, 0x40, 0x99, 0xBA, 0xE6, 0xEE, 0xE3, 0xBD, 0xAB,
    0x44, 0x7D, 0xD4, 0x25, 0x6E, 0xE4, 0x9F, 0x83, 0x4E, 0xD4, 0x4B, 0x6D, 0xBA, 0xDB, 0xA8, 0x62,
    0x45, 0xF9, 0xF7, 0x18, 0xAE, 0xB7, 0xF5, 0x05, 0xB9, 0x8B, 0x5C, 0xD1, 0x06, 0xC8, 0x47, 0x28,
    0xC0, 0x4A, 0x5F, 0x1B, 0x5F, 0xCA, 0xA8, 0xDB, 0xD3, 0xDA, 0x10, 0xD7, 0x55, 0xC8, 0x74, 0xF3,
    0x83, 0x90, 0x4A, 0xB8, 0x26, 0xBD, 0x87, 0xE2, 0xAF, 0x53, 0x1B, 0x7D, 0xEE, 0x78, 0x81, 0xAA,
    0xC0, 0x2B, 0x76, 0xE3, 0x5F, 0xB1, 0xEB, 0x11, 0x14, 0x02, 0x0A, 0x0A, 0x16, 0xB2, 0xF2, 0xD8,
    0x5C, 0xFC, 0x0A, 0x86, 0x6A, 0x08, 0x55, 0x09, 0x2A, 0x8B, 0x95, 0xC7, 0xE4, 0x0A, 0xB3, 0x55,
    0x2E, 0x46, 0xFE, 0xD2, 0xC6, 0xB7, 0xCD, 0xDE, 0x36, 0x1F, 0xCD, 0x35, 0x87, 0x77, 0x93, 0x14,
    0xA7, 0x29, 0xAF, 0x2E, 0xA9, 0x0F, 0xFA, 0x30, 0xAA, 0x53, 0x04, 0xD5, 0x0B, 0x3E, 0x21, 0x1D,
    0xF4, 0x61, 0x4E, 0x65, 0xB7, 0xA6, 0x0B, 0x73, 0xFF, 0x4B, 0xC6, 0xF7, 0xE7, 0x33, 0xBC, 0x14,
    0xE7, 0x6F, 0x54, 0xCB, 0x49, 0x31, 0xBA, 0xBD, 0x7D, 0x44, 0x63, 0xC8, 0xC2, 0x68, 0x70, 0x47,
    0x69, 0xA2, 0x7B, 0x0D, 0x5D, 0xB7, 0xFE, 0x0F, 0x8D, 0x4E, 0xFD, 0xAA, 0x57, 0xB4, 0x9D, 0xD3,
    0x14, 0xBD, 0x2A, 0xBA, 0x74, 0xD7, 0x26, 0x78, 0xE3, 0x77, 0x2C, 0x36, 0xA8, 0xD7, 0x22, 0x67,
    0xE2, 0x0F, 0x2A, 0x1F, 0x8B, 0x98, 0x54, 0x95, 0xAE, 0x29, 0xEF, 0xB5, 0x65, 0x68, 0xCB, 0xE0,
    0x80, 0xB6, 0x77, 0x70, 0x53, 0x3F, 0xE6, 0xDA, 0x70, 0x58, 0x1B, 0x5B, 0x06, 0x06, 0x22, 0xF9,
    0x8D, 0x83, 0xB9, 0x72, 0x86, 0x62, 0x01, 0x48, 0x16, 0x0C, 0x48, 0xA5, 0x4B, 0x92, 0xBB, 0xCE,
    0x3F, 0xDF, 0xF7, 0x96, 0xAF, 0x2A, 0xC6, 0xB2, 0xF7, 0xA1, 0xD0, 0x9F, 0x59, 0x8E, 0x0F, 0x7D,
    0xEC, 0x1B, 0x00, 0x8C, 0xBE, 0x02, 0xDA, 0xC6, 0xD0, 0x9F, 0x59, 0xCE, 0xCD, 0x0B, 0x63, 0xE8,
    0xD7, 0xFB, 0xA1, 0x3F, 0xAB, 0x0C, 0x1F, 0xFA, 0x08, 0xFB, 0xE4, 0x1F, 0x08, 0xFD, 0xAA, 0xD9,
    0x5F, 0xDE, 0xCC, 0x6B, 0x39, 0xE6, 0xE3, 0x0B, 0xC1, 0x34, 0xF1, 0xBB, 0x83, 0x03, 0x01, 0x43,
    0xFF, 0x96, 0xC1, 0xC7, 0x70, 0xE9, 0x9F, 0x1E, 0xF3, 0x40, 0x0C, 0x38, 0x83, 0xE3, 0x09, 0x8B,
    0x50, 0xEF, 0x20, 0x1B, 0x24, 0x65, 0x91, 0x4B, 0x88, 0xDD, 0x04, 0x99, 0x41, 0xB4, 0x80, 0xE8,
    0x14, 0xA2, 0xE7, 0x86, 0x53, 0x37, 0xAC, 0xB9, 0xCC, 0x64, 0x9B, 0x3F, 0xE3, 0x3D, 0x1E, 0xD8,
    0x6F, 0x37, 0xB8, 0xDE, 0xFF, 0x6F, 0xC1, 0xFF, 0x0C, 0xED, 0xD8, 0x31, 0x17, 0x2D, 0x73, 0xB6,
    0x67, 0x8C, 0x15, 0x8F, 0xCD, 0x45, 0x8C, 0x46, 0x94, 0x24, 0xE2, 0x6A, 0x75, 0xC4, 0x9B, 0xF4,
    0x71, 0xB8, 0xE6, 0x83, 0x42, 0x7E, 0x62, 0x52, 0x94, 0x33, 0xAF, 0x8D, 0x75, 0xE1, 0x63, 0xE9,
    0x62, 0x38, 0x89, 0x6C, 0x80, 0x13, 0x1B, 0xEA, 0xC2, 0xC0, 0x5B, 0xB2, 0x99, 0x8B, 0x12, 0xE1,
    0x8A, 0xDC, 0x57, 0x75, 0x24, 0xE0, 0x9A, 0xF8, 0x9F, 0x7C, 0xFA, 0x99, 0xC1, 0xDC, 0x5C, 0xA3,
    0x97, 0xC5, 0x00, 0xA1, 0x9C, 0x06, 0x28, 0x5A, 0x1F, 0x6A, 0xFE, 0x4F, 0xBC, 0xE3, 0xDE, 0xDC,
    0x0F, 0x5A, 0x5E, 0x97, 0xAE, 0x2D, 0xEF, 0x75, 0x65, 0xD6, 0x97, 0x94, 0x8F, 0x0D, 0xBF, 0x77,
    0x3B, 0x1E, 0x47, 0xF0, 0x3C, 0x34, 0xF9, 0x4D, 0xAC, 0x2A, 0x5B, 0xA1, 0xE4, 0x6E, 0x4B, 0xC8,
    0x30, 0x34, 0xA6, 0x98, 0x43, 0x59, 0xD6, 0x7F, 0x00, 0xAD, 0x59, 0x3D, 0x70, 0xDC, 0xC6, 0x15,
    0x7E, 0x00, 0x48, 0x62, 0x24, 0x78, 0x0C, 0x15, 0xD2, 0xC4, 0xB6, 0x32, 0x42, 0x93, 0xC6, 0x9C,
    0x91, 0xB7, 0x4D, 0x61, 0x79, 0xD7, 0x52, 0xA1, 0x49, 0x52, 0x88, 0x85, 0x35, 0x29, 0x52, 0x38,
    0x45, 0x9A, 0x28, 0x05, 0x9B, 0x14, 0x2A, 0x24, 0x01, 0xAE, 0x52, 0x86, 0x8D, 0xD3, 0xA4, 0x71,
    0xA1, 0x42, 0x39, 0xCD, 0x64, 0x52, 0xA8, 0xD0, 0x64, 0x22, 0x2E, 0x94, 0x14, 0x2E, 0x52, 0x04,
    0x91, 0x33, 0x93, 0xC2, 0x85, 0x10, 0xAB, 0xF1, 0xD0, 0x85, 0x90, 0x04, 0x8E, 0x40, 0x12, 0xC0,
    0xE6, 0x7B, 0xBB, 0xB8, 0xE3, 0x51, 0x24, 0xC5, 0x3B, 0x1D, 0xEF, 0xF0, 0xF6, 0x70, 0xF8, 0xD9,
    0xFD, 0x76, 0xF1, 0x7E, 0xBE, 0xF7, 0x40, 0x37, 0x46, 0x44, 0xDA, 0x10, 0xF1, 0x2F, 0x7F, 0xFC,
    0x0D, 0xA2, 0xA8, 0x22, 0x8A, 0x1B, 0xA2, 0xA4, 0x25, 0x92, 0x1D, 0x51, 0xBA, 0x49, 0xB4, 0x29,
    0x89, 0x3A, 0x99, 0x79, 0xAD, 0xC8, 0x83, 0x6E, 0xBD, 0x08, 0x8C, 0x29, 0x23, 0x63, 0xAA, 0xB8,
    0x0C, 0xEB, 0x24, 0xF7, 0x5B, 0x9C, 0xE9, 0xE8, 0xFA, 0x1A, 0xF9, 0xA6, 0x26, 0x0F, 0x32, 0xFE,
    0xF8, 0x26, 0x55, 0xB1, 0x31, 0x4A, 0xEC, 0x1A, 0x25, 0x33, 0xAD, 0x24, 0x49, 0x95, 0x42, 0xF8,
    0x97, 0xFF, 0xF3, 0x71, 0x3E, 0xEF, 0xF7, 0x52, 0x4D, 0x6E, 0xBA, 0x25, 0xDC, 0xB8, 0x71, 0xBD,
    0x30, 0x26, 0xBF, 0x04, 0x9E, 0x5D, 0xDC, 0xAB, 0x0B, 0xA2, 0x77, 0x5E, 0x13, 0xD3, 0x22, 0x6B,
    0x42, 0x01, 0x06, 0x8E, 0x32, 0x08, 0x6E, 0x0C, 0x20, 0xB4, 0x36, 0x1F, 0x86, 0x14, 0x18, 0xB0,
    0x0E, 0x7E, 0x09, 0xE9, 0x71, 0x27, 0xCB, 0x19, 0xC8, 0x12, 0xE4, 0x4F, 0xAE, 0xDB, 0xA8, 0x70,
    0x13, 0x3B, 0xBF, 0x4D, 0x64, 0x4C, 0xCE, 0x38, 0xE2, 0x7E, 0x3D, 0x4F, 0x2A, 0x9F, 0x64, 0x0E,
    0xB8, 0xD9, 0x94, 0xE0, 0xBF, 0x40, 0x57, 0xF1, 0x76, 0x98, 0x87, 0xC6, 0x14, 0x1E, 0x84, 0x44,
    0xEF, 0xEE, 0xF7, 0x70, 0x1C, 0x33, 0xCB, 0xA8, 0xB3, 0x28, 0x97, 0x80, 0x12, 0x13, 0x6A, 0xC4,
    0x6E, 0x2D, 0xB3, 0x35, 0xCC, 0x35, 0xC5, 0xFD, 0xDC, 0xC5, 0x4F, 0x93, 0xDD, 0x1A, 0xC7, 0x3D,
    0x53, 0x8C, 0x9F, 0x58, 0x08, 0x84, 0x09, 0x7A, 0xB9, 0x94, 0x9C, 0x0C, 0x12, 0xE2, 0xC1, 0x3C,
    0x93, 0x87, 0x4F, 0x2A, 0x0F, 0x50, 0xE6, 0x40, 0x12, 0x54, 0x0E, 0x0D, 0xFF, 0x9E, 0x04, 0x92,
    0xB7, 0xED, 0x60, 0x9A, 0xE8, 0x3D, 0xFB, 0x77, 0x0E, 0x24, 0x17, 0xCF, 0x93, 0xED, 0x25, 0x84,
    0xD6, 0x90, 0x3A, 0x89, 0x35, 0x09, 0x3E, 0xA9, 0x02, 0x1C, 0xD0, 0x8A, 0xCE, 0xCD, 0x83, 0xC4,
    0x2B, 0x1F, 0x38, 0x9B, 0xE4, 0xEE, 0x97, 0x89, 0x56, 0x47, 0x8A, 0xA4, 0x69, 0x20, 0x86, 0xE4,
    0x96, 0xC9, 0xA5, 0x12, 0xA5, 0x54, 0x71, 0x25, 0x55, 0x04, 0x09, 0x07, 0xE1, 0xFD, 0xA4, 0x84,
    0x2E, 0xE6, 0xB8, 0x2E, 0x93, 0xA6, 0xC7, 0xF5, 0x80, 0x46, 0xE7, 0xA0, 0x25, 0x24, 0xAF, 0x31,
    0xF2, 0x6B, 0x18, 0x41, 0x5E, 0xB1, 0x7B, 0x19, 0x14, 0xFA, 0x07, 0xC4, 0x1A, 0x4B, 0x62, 0x0B,
    0x0D, 0xEB, 0x30, 0xB1, 0x32, 0x13, 0x6B, 0xB5, 0xDB, 0xB3, 0xC7, 0x58, 0xB1, 0xDD, 0x75, 0x6C,
    0x02, 0x0E, 0xE0, 0xE9, 0xD1, 0x06, 0x0E, 0xF5, 0x7C, 0x38, 0x8F, 0x77, 0x74, 0x15, 0x17, 0x51,
    0x13, 0x17, 0x41, 0x2B, 0xB6, 0xFD, 0x36, 0xED, 0xBD, 0x56, 0x76, 0x5E, 0x1B, 0x17, 0x3E, 0x24,
    0x6C, 0xE2, 0x52, 0x54, 0x31, 0x2F, 0x21, 0x40, 0xC5, 0x86, 0x97, 0x16, 0x6B, 0xE1, 0xE9, 0x8C,
    0x42, 0xCC, 0x97, 0x05, 0x23, 0x4D, 0x8C, 0x6B, 0xEB, 0x18, 0xE3, 0x1A, 0x10, 0xAC, 0x8C, 0x36,
    0x22, 0x53, 0xA1, 0x25, 0x5E, 0x9C, 0x7B, 0xD2, 0xB4, 0xBC, 0x7D, 0xFA, 0x11, 0x63, 0xE6, 0xA5,
    0xAA, 0x86, 0xCD, 0xFD, 0xE5, 0x23, 0xAD, 0xDB, 0xBC, 0xEB, 0x6B, 0x81, 0xC1, 0x33, 0x29, 0xC7,
    0xAA, 0x51, 0xC4, 0xA6, 0x16, 0xDF, 0xB4, 0x52, 0x75, 0x72, 0xD4, 0xA7, 0xA6, 0xB7, 0xB3, 0x3E,
    0x93, 0x18, 0x3C, 0x90, 0xD6, 0x73, 0x97, 0x41, 0x21, 0xFE, 0x5C, 0xF2, 0x63, 0x34, 0x6A, 0xDE,
    0xE1, 0x82, 0xC7, 0x65, 0xB0, 0x5B, 0xC2, 0x2C, 0x58, 0x2B, 0x67, 0x1E, 0x8E, 0xEE, 0x40, 0xEF,
    0x6C, 0x3B, 0xE7, 0x70, 0x87, 0xE9, 0xFE, 0xF1, 0x23, 0xCE, 0x37, 0x04, 0xBC, 0x23, 0x9C, 0x23,
    0x1C, 0x2B, 0x5B, 0x89, 0x9A, 0x61, 0x88, 0x8A, 0x62, 0x45, 0xF0, 0x32, 0x49, 0x4D, 0x71, 0x35,
    0x36, 0x8B, 0xC2, 0xAE, 0x27, 0xD1, 0xD9, 0x39, 0x47, 0x3F, 0xC4, 0xA4, 0x66, 0x5B, 0x52, 0x0A,
    0x5E, 0x72, 0x78, 0xD1, 0x36, 0x87, 0x51, 0x0E, 0x01, 0x55, 0xDC, 0xFD, 0xA4, 0x4C, 0x2A, 0xCA,
    0xF6, 0x8C, 0x5B, 0x77, 0x56, 0xF2, 0x1B, 0x9D, 0x28, 0xA1, 0xC9, 0x4D, 0xD8, 0xC2, 0xB8, 0xAB,
    0x97, 0x1D, 0x1E, 0x09, 0x5C, 0x8C, 0x11, 0xFC, 0x6F, 0x79, 0x29, 0xCE, 0x0C, 0xA1, 0x6A, 0x3D,
    0x63, 0x4D, 0x17, 0x3B, 0x30, 0xC1, 0x2C, 0xCD, 0xA0, 0xC1, 0x19, 0x34, 0xD9, 0xFE, 0xF2, 0xFF,
    0x64, 0xD7, 0x64, 0x08, 0x39, 0x99, 0xB7, 0xC9, 0xA1, 0x4A, 0xAA, 0x15, 0xAC, 0x82, 0xB3, 0xA4,
    0x86, 0xBC, 0xDF, 0x67, 0xAE, 0xDF, 0x0F, 0x12, 0xE7, 0x88, 0xA2, 0xE6, 0x44, 0xB0, 0x5A, 0x77,
    0xB2, 0x83, 0xF9, 0xEB, 0x72, 0x2A, 0xA4, 0x9E, 0x00, 0x4E, 0xEB, 0xBA, 0x9B, 0x3D, 0xD7, 0xBD,
    0xE8, 0x9A, 0x9E, 0x22, 0xE7, 0xF2, 0x58, 0x12, 0x35, 0x45, 0x49, 0x16, 0xC4, 0xBA, 0x10, 0x2E,
    0x74, 0x19, 0x96, 0x8E, 0x4E, 0xF8, 0x90, 0x00, 0xFB, 0xA1, 0x9A, 0x84, 0x5F, 0xCB, 0x14, 0xD8,
    0xDA, 0xEC, 0xD0, 0xD8, 0x3F, 0x7D, 0x82, 0xEB, 0x6B, 0xF5, 0xAB, 0x22, 0xAF, 0x7E, 0x68, 0xFF,
    0xAE, 0xD2, 0xE9, 0x0C, 0x6E, 0xBF, 0x38, 0x20, 0xC0, 0x3A, 0x91, 0x4F, 0x3F, 0x2E, 0x0E, 0xBB,
    0x86, 0xEF, 0xEF, 0xE0, 0x6E, 0xB3, 0xF8, 0x57, 0xB9, 0x73, 0xC1, 0x7A, 0x7A, 0x4B, 0x0B, 0x6D,
    0x6A, 0xFD, 0x4D, 0xA3, 0xFD, 0x56, 0x7B, 0x87, 0x6C, 0x2B, 0x1B, 0xDE, 0x5D, 0x2C, 0x81, 0xDF,
    0x52, 0xBA, 0x73, 0xDF, 0xA8, 0xD4, 0x98, 0xA1, 0xB1, 0xC7, 0x30, 0x91, 0x7D, 0xCD, 0xB7, 0x3F,
    0x6E, 0xDD, 0xC5, 0x87, 0x35, 0xCB, 0x88, 0x30, 0x5F, 0x93, 0x6E, 0x79, 0x13, 0x39, 0x89, 0xA7,
    0xB5, 0x30, 0x9D, 0xD8, 0xE9, 0x45, 0xAE, 0x45, 0x9E, 0x1E, 0xDC, 0xA2, 0xDF, 0x22, 0x96, 0xA9,
    0x4B, 0xD6, 0x1B, 0xDE, 0x18, 0x65, 0xA9, 0xC9, 0xB1, 0x7D, 0x67, 0x5B, 0x05, 0x0D, 0x1D, 0xBA,
    0xB9, 0x0B, 0xB0, 0x5D, 0x38, 0x95, 0xF6, 0x7F, 0x6C, 0x99, 0x7A, 0x45, 0xE5, 0x61, 0x5F, 0x44,
    0x55, 0x69, 0x32, 0x8E, 0xAD, 0x73, 0x76, 0x7C, 0xEE, 0x23, 0xDD, 0xA7, 0x9D, 0x55, 0xF8, 0x43,
    0x3B, 0x66, 0x0B, 0x8E, 0x55, 0x62, 0x28, 0x6C, 0xE7, 0x06, 0x7D, 0xF3, 0xE2, 0x9D, 0x47, 0xA2,
    0x59, 0xD9, 0x38, 0xAA, 0xEF, 0xB9, 0x3A, 0x03, 0x0D, 0x85, 0xBB, 0x0E, 0x7A, 0xF2, 0x7A, 0xA6,
    0xA0, 0x2B, 0x30, 0x2C, 0x99, 0x3B, 0xC3, 0x12, 0xD9, 0xC1, 0xAF, 0xCC, 0x6F, 0xE3, 0x0E, 0x93,
    0xA5, 0x6A, 0x69, 0xF0, 0x98, 0xDC, 0x5F, 0x3D, 0xF7, 0x1C, 0x68, 0x73, 0xEF, 0x83, 0x1B, 0xFD,
    0xD1, 0x3D, 0x1C, 0x0C, 0x4D, 0xEB, 0x5A, 0xF4, 0xE0, 0xEB, 0xAF, 0x71, 0x3D, 0x9E, 0xFE, 0xF1,
    0xAD, 0xE4, 0xF6, 0x41, 0x8A, 0xD1, 0x1F, 0x5B, 0x95, 0xCB, 0x41, 0x81, 0xD0, 0x8A, 0xC1, 0x33,
    0xD2, 0xBB, 0xF4, 0x99, 0x0E, 0x5A, 0x6C, 0xEF, 0xD2, 0xDD, 0x81, 0x86, 0xFA, 0xCD, 0xAB, 0x37,
    0xC6, 0x7A, 0xBE, 0x26, 0x59, 0x51, 0x52, 0x58, 0x52, 0xCE, 0x11, 0x1E, 0x96, 0x2D, 0xBA, 0xBD,
    0xE8, 0x30, 0x82, 0x56, 0x30, 0xE5, 0x61, 0xF9, 0xC5, 0x8E, 0x3B, 0x7F, 0x84, 0xBC, 0x89, 0xA8,
    0x86, 0x60, 0x45, 0x02, 0x13, 0x0F, 0xCD, 0xC4, 0x69, 0xE1, 0x4C, 0xD2, 0xD1, 0x1D, 0x41, 0x67,
    0xBC, 0xE1, 0xEF, 0xB1, 0x1B, 0xFC, 0x52, 0x5A, 0xB0, 0x13, 0x59, 0x62, 0x5B, 0x7F, 0x67, 0x03,
    0x1C, 0x28, 0x97, 0x1F, 0x82, 0xC6, 0x5D, 0x05, 0xF5, 0xFB, 0xB8, 0x24, 0x09, 0xD2, 0x24, 0x31,
    0x82, 0x64, 0xBA, 0x06, 0xF7, 0x24, 0xFF, 0x86, 0x91, 0xAF, 0xB6, 0x64, 0xAF, 0x51, 0x60, 0x4D,
    0x0A, 0xCF, 0x57, 0x0D, 0x41, 0x56, 0x92, 0xF3, 0x47, 0x31, 0x84, 0x27, 0xF5, 0x7D, 0x07, 0x0B,
    0x86, 0xCF, 0x06, 0xBF, 0x5F, 0x82, 0x8E, 0x34, 0x52, 0x37, 0x2D, 0x11, 0x57, 0xD1, 0x37, 0x0C,
    0x93, 0x74, 0x4F, 0x6E, 0x1F, 0x26, 0xAA, 0xD1, 0xA5, 0xC6, 0xA2, 0x69, 0x6F, 0xF0, 0xD3, 0xAD,
    0x75, 0x26, 0x44, 0xB7, 0x5D, 0x46, 0x43, 0x93, 0x20, 0xCB, 0x5D, 0xA1, 0x27, 0x2D, 0x0A, 0xAD,
    0x95, 0xEE, 0xB8, 0x17, 0x74, 0xA2, 0xD7, 0x73, 0x74, 0x81, 0x1E, 0xB4, 0xDF, 0xC1, 0x9D, 0x46,
    0x39, 0x4F, 0xF3, 0xD1, 0xE0, 0xD2, 0x68, 0x2F, 0xCA, 0x1F, 0xB5, 0x4D, 0xA2, 0xBF, 0x0A, 0x0B,
    0x59, 0x7D, 0x00, 0xFD, 0x5D, 0x56, 0x22, 0x7F, 0xD5, 0x77, 0xBE, 0x6E, 0xF1, 0x81, 0xD3, 0xC5,
    0x84, 0x6E, 0x11, 0x3D, 0x44, 0xB4, 0x74, 0xEB, 0xA4, 0x5F, 0xF9, 0x65, 0x7A, 0xA6, 0x49, 0xD0,
    0x25, 0xFA, 0xA5, 0x9D, 0x86, 0x92, 0x57, 0x2A, 0x79, 0xA5, 0x96, 0x0A, 0x6D, 0x29, 0x2F, 0xAB,
    0x57, 0x8C, 0x77, 0x6E, 0x99, 0x57, 0x55, 0x27, 0xB9, 0x0E, 0xD1, 0x2A, 0xFD, 0xD6, 0x7E, 0x57,
    0x7C, 0x60, 0x3B, 0x30, 0x99, 0x35, 0x79, 0xB9, 0x91, 0x57, 0x1A, 0xF9, 0x61, 0x7D, 0x48, 0xE7,
    0x07, 0x7B, 0xE0, 0xE1, 0x94, 0x46, 0x90, 0x43, 0x7B, 0xE0, 0x2C, 0xDC, 0x3A, 0xDB, 0xC3, 0x9E,
    0x74, 0x8A, 0x02, 0xAB, 0xC9, 0x39, 0x49, 0x3C, 0x6E, 0x89, 0xE5, 0x49, 0xA6, 0xCF, 0xBB, 0x84,
    0xC8, 0x8A, 0xB7, 0xB6, 0xDF, 0x05, 0xF4, 0x38, 0xAB, 0x22, 0xC4, 0xBB, 0x8E, 0x6F, 0x89, 0x0E,
    0x38, 0x08, 0x1B, 0x4B, 0x39, 0x2D, 0x16, 0x95, 0x8B, 0x97, 0x76, 0xE5, 0x56, 0x3E, 0x93, 0x39,
    0xD2, 0x97, 0x12, 0x52, 0x43, 0x5A, 0x48, 0x0F, 0xD1, 0x57, 0x2B, 0x29, 0x3F, 0xAF, 0x64, 0xFC,
    0xA2, 0x92, 0x57, 0xC1, 0x05, 0x2F, 0x33, 0x1F, 0x64, 0x91, 0x9C, 0xE6, 0xD8, 0x74, 0x67, 0x5F,
    0xFA, 0xCB, 0xA9, 0x00, 0x6D, 0x1E, 0x17, 0xC7, 0x16, 0x1A, 0x8E, 0x3F, 0x31, 0x53, 0x13, 0x44,
    0xD3, 0x90, 0x8B, 0x04, 0xD8, 0x7F, 0x73, 0xA2, 0xFA, 0xC7, 0x8E, 0x3D, 0x58, 0x0E, 0x73, 0x50,
    0xAB, 0x6A, 0x7B, 0x56, 0x53, 0xDE, 0xC4, 0xB3, 0x60, 0x97, 0x57, 0x58, 0x4E, 0xB1, 0x20, 0xC8,
    0xD0, 0x31, 0x64, 0x18, 0xEF, 0xD9, 0x99, 0x70, 0xFD, 0x9C, 0x2F, 0x1A, 0x2C, 0x99, 0xA5, 0xE9,
    0x74, 0x51, 0x83, 0x02, 0x91, 0x79, 0x8E, 0x68, 0x80, 0xE7, 0xD6, 0xFB, 0x47, 0xCA, 0x62, 0x50,
    0x59, 0xD6, 0x87, 0x52, 0xCF, 0xA4, 0x9A, 0x74, 0xFC, 0x3A, 0x06, 0x2D, 0x9D, 0x6F, 0x48, 0x20,
    0x9F, 0x28, 0x5C, 0x8A, 0x04, 0x1D, 0x30, 0xEE, 0x77, 0x7F, 0x01, 0xA1, 0x42, 0xDA, 0xDE, 0x26,
    0x65, 0x00, 0x76, 0x47, 0x3D, 0x9C, 0xA1, 0x81, 0x68, 0x2B, 0x39, 0x19, 0x51, 0xFA, 0x5D, 0xBC,
    0x9D, 0x30, 0xDB, 0xAB, 0xF7, 0xB1, 0xE5, 0xEB, 0x50, 0x6B, 0xCC, 0xDE, 0x37, 0xD5, 0xE4, 0x01,
    0x71, 0x1E, 0x81, 0x74, 0x82, 0x92, 0x1D, 0xC3, 0x3C, 0x4E, 0x4D, 0xD8, 0x1C, 0xB2, 0x53, 0x99,
    0x6B, 0x02, 0x9B, 0xB3, 0xE7, 0xA7, 0xF2, 0x0D, 0x17, 0x4B, 0xA6, 0x59, 0xFC, 0x82, 0xB8, 0xFC,
    0x02, 0x98, 0xB8, 0x30, 0xC6, 0x29, 0xF3, 0xDB, 0x0B, 0xE0, 0xF2, 0x55, 0x4E, 0xD1, 0x17, 0x08,
    0x58, 0xBF, 0x2E, 0xE9, 0x62, 0x7C, 0x22, 0xD8, 0x68, 0x0D, 0x2C, 0x0B, 0x2C, 0x35, 0xF8, 0x1F,
    0x48, 0xDE, 0xE7, 0x05, 0xAD, 0xF8, 0xAF, 0x89, 0x6F, 0x65, 0x34, 0x1A, 0x61, 0x2C, 0x30, 0x4B,
    0x66, 0xEB, 0x68, 0xE3, 0xFE, 0xFE, 0xF6, 0x75, 0x05, 0x3C, 0xB6, 0x1A, 0x62, 0xDB, 0x2C, 0xE0,
    0x32, 0xC8, 0x74, 0x6B, 0x8F, 0x8B, 0x82, 0xDB, 0xB8, 0xE1, 0x36, 0xB2, 0xF7, 0xFA, 0xB6, 0x45,
    0x60, 0x36, 0xE3, 0xCA, 0x0A, 0xC6, 0xD1, 0xA5, 0x3D, 0x6B, 0x31, 0xED, 0xF4, 0x8C, 0x27, 0x97,
    0x5C, 0xED, 0xD8, 0xD2, 0x5C, 0xF8, 0xE0, 0xDE, 0x94, 0x4B, 0x41, 0x74, 0xB1, 0xC4, 0xF8, 0x7A,
    0x4B, 0x6A, 0xC1, 0xCC, 0x3D, 0x53, 0xE8, 0x49, 0x99, 0x94, 0x63, 0x7A, 0xC2, 0xFD, 0x65, 0xE4,
    0x6D, 0x3B, 0xC7, 0xB6, 0x57, 0xA4, 0x41, 0xAF, 0xBF, 0x41, 0x3F, 0x94, 0xBA, 0xFA, 0x05, 0xDC,
    0xAC, 0x2B, 0xC6, 0xB4, 0x96, 0x27, 0xC8, 0x08, 0xDC, 0x03, 0x2A, 0x2C, 0x11, 0x4D, 0x25, 0xD9,
    0xEB, 0x32, 0x26, 0xA9, 0x35, 0xEB, 0x35, 0x34, 0x7A, 0x79, 0xB0, 0x02, 0x2E, 0xF2, 0x72, 0xFC,
    0xFC, 0xC7, 0x11, 0x51, 0x61, 0x91, 0xE1, 0x6C, 0x92, 0x69, 0x4B, 0x76, 0x8E, 0x1C, 0x70, 0x02,
    0x73, 0x73, 0xCA, 0x93, 0x1D, 0x33, 0xB6, 0x2B, 0x51, 0x60, 0x47, 0x58, 0x5F, 0xF6, 0x60, 0x8F,
    0xF4, 0x5C, 0x1E, 0x4A, 0x3A, 0xCC, 0x83, 0xCE, 0x2E, 0x0C, 0xF2, 0xFD, 0x84, 0x15, 0x0C, 0xF6,
    0xE3, 0xAD, 0xCD, 0x88, 0x8B, 0x93, 0x35, 0x3C, 0xBD, 0xB4, 0x74, 0xE5, 0x13, 0xCE, 0xC9, 0xF5,
    0x06, 0x20, 0xB5, 0x5C, 0xAA, 0x82, 0x8A, 0x3C, 0xC2, 0x83, 0x3D, 0x6B, 0x2B, 0x76, 0x89, 0xD9,
    0x70, 0xAA, 0xC7, 0xB5, 0xF4, 0x15, 0x43, 0x6F, 0x30, 0x34, 0x95, 0xC2, 0x93, 0x18, 0x9C, 0x6B,
    0xB9, 0x56, 0x47, 0x43, 0x11, 0x85, 0xDE, 0x67, 0x76, 0x10, 0xD6, 0xB0, 0x1C, 0x4B, 0xFA, 0x8D,
    0x12, 0x48, 0xB4, 0xAE, 0x66, 0x1C, 0x77, 0xB7, 0xD1, 0x71, 0xEE, 0xB1, 0x52, 0x55, 0xEF, 0xFD,
    0xA8, 0x04, 0x33, 0x8D, 0xFA, 0xFD, 0xE5, 0x01, 0x18, 0xED, 0xBF, 0x86, 0x05, 0x5A, 0x14, 0x09,
    0x4C, 0x97, 0x95, 0x91, 0xC4, 0xB5, 0x7C, 0xC9, 0x9B, 0x19, 0xC9, 0x22, 0xA3, 0x5E, 0x18, 0x48,
    0x24, 0xAF, 0xA9, 0xC8, 0xA7, 0x9C, 0xF4, 0x0C, 0x43, 0x63, 0xE2, 0x0D, 0x53, 0x44, 0x2C, 0x5D,
    0xB0, 0x67, 0x37, 0xC5, 0x1F, 0x88, 0x4B, 0x42, 0xE3, 0xCA, 0xE6, 0x09, 0xAC, 0xC9, 0x85, 0x10,
    0x89, 0xB6, 0x0A, 0xBA, 0xA1, 0x4E, 0x3F, 0xCB, 0x9A, 0xAC, 0x8E, 0x38, 0x9D, 0xE1, 0x5C, 0xC5,
    0xE4, 0xAB, 0x7A, 0x2B, 0xDB, 0x5F, 0xD2, 0x3D, 0x46, 0xBE, 0x3B, 0x24, 0xFB, 0xD1, 0xB0, 0x26,
    0x77, 0x86, 0x05, 0xE1, 0xF4, 0xAC, 0xD2, 0x46, 0x9B, 0xD4, 0xBC, 0x94, 0xB4, 0x55, 0x41, 0x16,
    0x95, 0x5E, 0x1D, 0x55, 0x71, 0xF1, 0xF2, 0x2A, 0x64, 0x43, 0x7D, 0x77, 0x01, 0x3C, 0xD0, 0xF9,
    0xA0, 0xB2, 0x4B, 0x5C, 0x45, 0xCF, 0xCA, 0xE8, 0x2B, 0x8E, 0xAC, 0x6C, 0x26, 0x9C, 0x27, 0x01,
    0xD5, 0xE1, 0xDB, 0x51, 0x23, 0xF2, 0x5A, 0x79, 0xE3, 0x37, 0x42, 0x47, 0x8C, 0xB8, 0x7F, 0xA6,
    0x62, 0x3B, 0xED, 0x65, 0x37, 0x49, 0x7D, 0x1F, 0xDD, 0xC2, 0xB3, 0x01, 0xDB, 0xFB, 0x67, 0x35,
    0x29, 0x59, 0xA4, 0x2A, 0xC9, 0x5F, 0x25, 0x92, 0x25, 0x13, 0xB9, 0x2C, 0x75, 0x9E, 0x20, 0xE1,
    0x0A, 0x4D, 0xE7, 0x4A, 0x55, 0xAC, 0xF0, 0x7F, 0xCF, 0x22, 0x04, 0x81, 0xF5, 0xCC, 0x7A, 0x5C,
    0xDA, 0xF4, 0xDA, 0x97, 0x37, 0x9F, 0x93, 0xBF, 0xF4, 0x39, 0x73, 0xDF, 0x78, 0x9B, 0x39, 0x96,
    0x37, 0xBA, 0x8B, 0xF8, 0xDD, 0xD8, 0xDF, 0x93, 0x80, 0xB0, 0x7C, 0x5D, 0x41, 0x89, 0x22, 0x93,
    0x0F, 0xCE, 0x71, 0x06, 0x08, 0x16, 0x79, 0xD5, 0x58, 0xEB, 0xE7, 0x5C, 0xE7, 0x24, 0x60, 0x44,
    0x57, 0xF2, 0xE8, 0x39, 0x02, 0xB4, 0xA2, 0x9F, 0xCD, 0x03, 0xC3, 0x3A, 0x21, 0xEE, 0xE2, 0xDF,
    0xA5, 0x85, 0xB2, 0x2A, 0x7E, 0xB8, 0x10, 0x0C, 0x76, 0xA9, 0x1D, 0xF9, 0x4F, 0xC9, 0xFF, 0xD2,
    0x56, 0x15, 0xBE, 0x37, 0x17, 0x98, 0x37, 0x56, 0x00, 0x22, 0x51, 0x5E, 0xA7, 0x15, 0x95, 0x0F,
    0x4E, 0x64, 0x5D, 0x3C, 0xA5, 0x82, 0x27, 0x65, 0xFC, 0x65, 0x25, 0x92, 0xEC, 0xAD, 0x53, 0xB3,
    0xA2, 0x79, 0xFD, 0x51, 0x6B, 0xE7, 0x0D, 0x63, 0xE5, 0xDE, 0x2E, 0x8E, 0xDF, 0x15, 0xCD, 0x32,
    0x2C, 0x72, 0x06, 0xDC, 0xC6, 0xA5, 0xF3, 0x7A, 0xB8, 0x87, 0x86, 0x18, 0xCC, 0x65, 0x6C, 0xAE,
    0xB8, 0x3C, 0x99, 0x78, 0x35, 0x26, 0xE5, 0xAB, 0x9C, 0xAF, 0xF1, 0x9B, 0x10, 0xB5, 0xCA, 0xF1,
    0x12, 0xCC, 0xA9, 0x87, 0xC7, 0x31, 0x19, 0xD2, 0xAB, 0xDC, 0x3C, 0x86, 0xD3, 0x7C, 0x62, 0x9E,
    0xA0, 0x7D, 0xB6, 0xFB, 0xAC, 0xA6, 0xF0, 0xC5, 0xB3, 0x17, 0xF0, 0x02, 0xBB, 0x5F, 0x40, 0xE5,
    0x02, 0xF3, 0x98, 0xAB, 0xD2, 0x26, 0x43, 0xA7, 0x1E, 0x3C, 0x41, 0xCE, 0xF1, 0x98, 0x8D, 0xF7,
    0x11, 0x09, 0x35, 0x55, 0x0E, 0xA7, 0xB8, 0xB3, 0xC5, 0x66, 0x1C, 0x3B, 0xEB, 0x8D, 0x13, 0x78,
    0x76, 0x6A, 0x92, 0x36, 0xC0, 0xCF, 0x90, 0xD0, 0x92, 0xF8, 0x4B, 0x93, 0x52, 0xF2, 0xD7, 0x76,
    0x93, 0xE2, 0xA7, 0x1D, 0x07, 0x1F, 0xE4, 0x83, 0xA1, 0x11, 0x30, 0xF0, 0x2E, 0x86, 0x83, 0x6F,
    0x39, 0x09, 0x6B, 0xC2, 0x01, 0x35, 0xD3, 0x79, 0x81, 0xD5, 0xBD, 0xED, 0xDE, 0x3E, 0xAC, 0x66,
    0xDE, 0x3D, 0x10, 0xB7, 0x36, 0x82, 0xE7, 0x0B, 0xDA, 0xA4, 0xF0, 0x7A, 0x38, 0x7D, 0xF6, 0xE7,
    0xF6, 0x4D, 0x31, 0xBF, 0x05, 0xAD, 0x8F, 0x2E, 0xAC, 0x0C, 0x2B, 0xC3, 0xEF, 0xC4, 0x82, 0xAF,
    0x38, 0xD3, 0x3B, 0x33, 0xC0, 0xE3, 0xF2, 0x29, 0x12, 0xEF, 0xBC, 0x47, 0x1A, 0xD6, 0x51, 0xFC,
    0x1F, 0xE0, 0xF9, 0x6F, 0x6D, 0x09, 0xBB, 0x25, 0x91, 0x6C, 0xA6, 0x3A, 0x73, 0x1E, 0x3A, 0x1D,
    0x12, 0x1B, 0x0C, 0xC5, 0xA1, 0xC8, 0x1F, 0x47, 0xA1, 0x56, 0xF0, 0x5B, 0x60, 0x45, 0xAD, 0x84,
    0x3A, 0x2F, 0x2D, 0x86, 0xD3, 0x12, 0x41, 0xE5, 0xC6, 0x9D, 0x10, 0xC1, 0xDF, 0x39, 0x22, 0x09,
    0x59, 0xBD, 0x3F, 0xDC, 0x9F, 0x94, 0x2E, 0xE6, 0xF1, 0x6B, 0xB4, 0xCE, 0xA9, 0x0D, 0x17, 0x6A,
    0x64, 0xC1, 0x65, 0x16, 0x03, 0xEE, 0xED, 0x84, 0xA7, 0xF9, 0x90, 0x89, 0x20, 0x5C, 0xA9, 0xE3,
    0xD0, 0x86, 0x4B, 0x5E, 0xF9, 0x08, 0x0F, 0x51, 0x0F, 0xA1, 0x34, 0x2E, 0x39, 0xEE, 0xE8, 0xAD,
    0x0D, 0xD0, 0xDA, 0x31, 0xB3, 0xE5, 0x20, 0x64, 0x86, 0xE9, 0xD2, 0x82, 0x10, 0x36, 0x86, 0x74,
    0xDD, 0x1F, 0x2B, 0xE3, 0x4C, 0x10, 0x82, 0x4F, 0xF0, 0xA4, 0xF6, 0x51, 0xBF, 0x05, 0x20, 0x80,
    0x56, 0x46, 0xB6, 0x80, 0x3A, 0xA6, 0x7E, 0xC7, 0x42, 0xF8, 0x3F, 0xBD, 0x58, 0xBF, 0x6F, 0xDF,
    0x44, 0x14, 0x7F, 0xB6, 0x93, 0xB8, 0xC4, 0x08, 0x67, 0x68, 0x05, 0xA2, 0xA2, 0xEE, 0x1C, 0xA9,
    0xF1, 0x0A, 0x52, 0xD3, 0x3B, 0x85, 0x21, 0x43, 0x97, 0x0C, 0xED, 0xC4, 0xD0, 0xBD, 0x0C, 0xF9,
    0x07, 0x82, 0x7C, 0xB4, 0x43, 0x47, 0xB2, 0xD0, 0x85, 0x81, 0x8C, 0xD5, 0x37, 0x12, 0x5D, 0x10,
    0x8A, 0x50, 0x88, 0x4F, 0x74, 0xE8, 0xC0, 0x80, 0x45, 0x91, 0x18, 0x71, 0x59, 0x90, 0xD2, 0xA1,
    0x1E, 0xBE, 0x12, 0xDF, 0xA4, 0x67, 0x1F, 0x9F, 0x77, 0xE7, 0x6F, 0x9A, 0x26, 0xFD, 0x95, 0x7C,
    0x05, 0xCE, 0xDD, 0xBB, 0x7E, 0x6D, 0xDF, 0x7B, 0xEF, 0xDE, 0x8F, 0xCF, 0x7B, 0x2E, 0x91, 0xBB,
    0x72, 0x4C, 0x41, 0xE7, 0xF7, 0x5B, 0xB2, 0x76, 0x14, 0x59, 0xDB, 0xA4, 0xDD, 0xAA, 0xC9, 0xEA,
    0xA8, 0x15, 0x9A, 0x3A, 0xA1, 0xC8, 0x62, 0x96, 0x6E, 0x6A, 0xB2, 0x79, 0x1D, 0xB6, 0xE9, 0x5E,
    0x66, 0x62, 0x6B, 0x87, 0x81, 0xB5, 0x15, 0xE5, 0x9D, 0xE7, 0x42, 0x81, 0x24, 0x4A, 0x34, 0x51,
    0xAA, 0x70, 0x9F, 0x12, 0x6B, 0x28, 0xDB, 0xB7, 0x24, 0x54, 0x21, 0x05, 0x53, 0x4C, 0x21, 0x31,
    0x75, 0x49, 0xD9, 0x33, 0xFF, 0x3C, 0xB0, 0x35, 0x1D, 0xBA, 0x16, 0x31, 0xB7, 0xE7, 0x69, 0xD6,
    0x14, 0x32, 0x6B, 0x30, 0xF5, 0xAB, 0xA6, 0xE0, 0xA9, 0x72, 0x2D, 0xEA, 0x52, 0x67, 0xD6, 0xCA,
    0xD8, 0xB6, 0x44, 0xE5, 0x98, 0xD7, 0x34, 0xF4, 0x48, 0xA1, 0x47, 0xA6, 0x76, 0x02, 0x4B, 0x3B,
    0x81, 0x39, 0x3E, 0x43, 0x43, 0x65, 0x64, 0xA8, 0x78, 0x6A, 0x48, 0x40, 0x8F, 0x74, 0xCF, 0xD0,
    0x91, 0xEB, 0xBD, 0x58, 0xF1, 0x92, 0x5A, 0xC9, 0x4B, 0xD8, 0xFA, 0xBB, 0x2B, 0x34, 0x3F, 0x90,
    0x34, 0x18, 0xDC, 0x13, 0x76, 0x04, 0x63, 0x19, 0x81, 0x83, 0xF2, 0xB2, 0x6B, 0xF5, 0xE0, 0xFE,
    0x50, 0xC8, 0xBC, 0xA6, 0xAC, 0x16, 0x32, 0x6D, 0xA8, 0x80, 0x92, 0x49, 0x43, 0x38, 0xBF, 0x8C,
    0x1B, 0x6C, 0xE7, 0x25, 0x1E, 0x11, 0xDF, 0xCC, 0x1A, 0x2C, 0x78, 0x4D, 0xC3, 0x22, 0xA5, 0x2E,
    0x15, 0x54, 0xB0, 0x5F, 0x3A, 0x66, 0x5D, 0xE8, 0x96, 0x9A, 0x97, 0x43, 0xBA, 0x5C, 0x4A, 0x24,
    0x8B, 0xCD, 0xC0, 0x0C, 0x62, 0x63, 0xD6, 0xD9, 0xB2, 0x2E, 0x2C, 0x96, 0x5D, 0x07, 0xB1, 0x70,
    0x04, 0x8B, 0x75, 0x4B, 0xD2, 0x0C, 0x4A, 0xCD, 0xF2, 0xA8, 0x74, 0x62, 0x83, 0xD6, 0x89, 0x8D,
    0x46, 0x4E, 0x2C, 0x74, 0x63, 0xB1, 0xB9, 0x66, 0x2E, 0xAA, 0xD8, 0x5D, 0x87, 0x58, 0xE2, 0x7D,
    0xF0, 0x05, 0xBB, 0x73, 0x7C, 0x9D, 0xA3, 0x7A, 0xCD, 0x31, 0x2F, 0x47, 0x5E, 0x46, 0xE5, 0x16,
    0x36, 0x2E, 0x16, 0xB6, 0x89, 0x2D, 0x96, 0xA1, 0x47, 0x6A, 0x2D, 0x2F, 0xF9, 0xAE, 0x5D, 0xDA,
    0x6C, 0x99, 0xB5, 0x64, 0x41, 0x4E, 0x22, 0x15, 0xBC, 0x4F, 0xBB, 0x5F, 0x85, 0x74, 0xCF, 0x10,
    0x2B, 0xF9, 0x33, 0xFB, 0x69, 0x37, 0x18, 0xEF, 0xEB, 0xB9, 0xF4, 0xD7, 0x3C, 0xE6, 0x60, 0xE0,
    0xF8, 0x5B, 0x7B, 0x78, 0xB9, 0xBF, 0xEF, 0x96, 0xA4, 0x39, 0xD9, 0xF2, 0x11, 0x9F, 0xD6, 0x9A,
    0x02, 0xE7, 0x12, 0x6C, 0x59, 0x3E, 0xB4, 0x49, 0xBA, 0xC3, 0x8E, 0x9E, 0x75, 0x19, 0xA0, 0x21,
    0x59, 0xC0, 0x68, 0x34, 0x2B, 0xC5, 0xC1, 0x09, 0x41, 0x72, 0xF5, 0x36, 0xC4, 0x9A, 0xC3, 0x84,
    0x77, 0x82, 0x04, 0xF0, 0x2C, 0x45, 0x7C, 0xB4, 0xC0, 0x45, 0x0F, 0x38, 0x06, 0xEB, 0xE7, 0xE2,
    0x61, 0x89, 0x11, 0x6E, 0x94, 0x08, 0x58, 0x8C, 0xB8, 0x79, 0xFD, 0x20, 0x0C, 0xC4, 0x4B, 0x51,
    0x31, 0xCB, 0x29, 0xD8, 0x67, 0x66, 0xC3, 0x19, 0x48, 0xE3, 0x3E, 0x02, 0x5F, 0xD4, 0xFD, 0x3A,
    0xC4, 0xBA, 0x09, 0x1B, 0x19, 0xBF, 0x45, 0x74, 0xFD, 0x5A, 0x2E, 0xFB, 0x55, 0x3C, 0xF4, 0x6B,
    0xFA, 0x8F, 0x5F, 0x97, 0xAD, 0x5F, 0x97, 0xB0, 0x3A, 0x53, 0xD9, 0xE6, 0x02, 0xDB, 0x4A, 0x8A,
    0x86, 0x03, 0x01, 0x81, 0xD2, 0xE4, 0x6C, 0x2D, 0x78, 0x31, 0xEE, 0x5E, 0xCC, 0x8C, 0x59, 0x39,
    0xB6, 0xD8, 0xCC, 0x06, 0x52, 0x10, 0x9A, 0xCC, 0x7A, 0x3D, 0xC8, 0x69, 0xE1, 0x74, 0x40, 0x7A,
    0x76, 0x8E, 0x42, 0x3E, 0x28, 0xA4, 0x83, 0x42, 0x36, 0x28, 0x24, 0x83, 0x2E, 0x39, 0x2A, 0x3D,
    0x15, 0x8E, 0x66, 0x8E, 0x26, 0x4D, 0xAE, 0x3D, 0x7F, 0xA6, 0x85, 0x72, 0x81, 0xE6, 0xE4, 0xB6,
    0x7D, 0x06, 0xE2, 0x9A, 0xE1, 0xDB, 0x69, 0x3D, 0x26, 0xEE, 0x67, 0x7F, 0xED, 0x14, 0x55, 0x5A,
    0x95, 0x76, 0x08, 0xF2, 0x64, 0x04, 0x12, 0x1A, 0x90, 0xE0, 0x8D, 0x04, 0x3B, 0x33, 0x96, 0x58,
    0x30, 0xB1, 0xCC, 0x6F, 0x87, 0xB9, 0xCD, 0x79, 0xA6, 0x1F, 0x5F, 0xC0, 0xB1, 0x20, 0x3F, 0x19,
    0x7A, 0x94, 0x0B, 0xD7, 0x5D, 0x80, 0x51, 0x8A, 0xD4, 0xC8, 0x8C, 0x7F, 0x56, 0x60, 0xC3, 0x8E,
    0x80, 0x9A, 0x42, 0x05, 0x26, 0xD7, 0x51, 0xBB, 0x5A, 0x01, 0x4A, 0xEB, 0x84, 0xE1, 0xB4, 0x8E,
    0x87, 0x99, 0x0E, 0x0D, 0x9E, 0xB8, 0x43, 0x84, 0xD5, 0xF7, 0x80, 0x3E, 0x36, 0x15, 0xA4, 0x4D,
    0x7B, 0x11, 0xC8, 0x03, 0x89, 0x94, 0x90, 0xC8, 0x0E, 0xC9, 0x89, 0xE2, 0x72, 0x86, 0xFD, 0xC1,
    0x13, 0xBF, 0xF9, 0x3E, 0x3F, 0x0F, 0x3B, 0x17, 0x9A, 0x1E, 0x16, 0x18, 0x12, 0x00, 0x2A, 0x30,
    0xCA, 0xCD, 0x81, 0x2A, 0xAC, 0xC6, 0x78, 0x7F, 0x8F, 0xF3, 0xEF, 0xA5, 0xC3, 0xBF, 0x50, 0x30,
    0x66, 0x6C, 0x2D, 0x08, 0x93, 0x36, 0x0E, 0xB0, 0xEB, 0x97, 0xFD, 0x39, 0xFE, 0x9F, 0xE0, 0xD4,
    0x0C, 0xEE, 0x7C, 0x6A, 0x8E, 0xDE, 0xF3, 0x7B, 0x9C, 0x8E, 0xFA, 0xF4, 0x05, 0x02, 0xE9, 0x30,
    0x3E, 0x39, 0x3B, 0xF6, 0x5C, 0x5F, 0x36, 0x10, 0x6F, 0x27, 0x2D, 0x16, 0x41, 0xCD, 0x7C, 0x86,
    0x07, 0x16, 0x44, 0xD1, 0x50, 0xAF, 0x2B, 0x18, 0x6F, 0x2E, 0x1A, 0x94, 0x2E, 0x55, 0xB1, 0xD5,
    0x01, 0x74, 0xBD, 0xE6, 0xE2, 0x28, 0x30, 0x47, 0x47, 0x68, 0x50, 0x33, 0x50, 0x32, 0x90, 0xE4,
    0x87, 0x0A, 0x06, 0xBC, 0xE0, 0x4E, 0xC8, 0x7E, 0x60, 0x2B, 0x25, 0xB0, 0x52, 0x69, 0x2B, 0x67,
    0xA5, 0xF6, 0xB3, 0x1A, 0xC9, 0xAB, 0x58, 0x49, 0x46, 0x04, 0xF8, 0xB1, 0x75, 0x53, 0xDF, 0x6C,
    0xF3, 0x1A, 0x61, 0x37, 0x8A, 0xD9, 0x4A, 0xCD, 0x51, 0x2B, 0x85, 0xF5, 0x16, 0x2C, 0x7D, 0x34,
    0x3E, 0x56, 0x15, 0xFC, 0xAF, 0xF2, 0x7D, 0xAB, 0x60, 0x1F, 0x75, 0x60, 0x25, 0x9E, 0xF8, 0x0D,
    0x2B, 0x29, 0xC4, 0x9A, 0x0A, 0x76, 0x38, 0x3E, 0x84, 0x9C, 0x21, 0x86, 0xE6, 0x0E, 0x73, 0x44,
    0xC1, 0x77, 0x6A, 0x02, 0xEF, 0x71, 0x05, 0xDC, 0x86, 0x06, 0xC3, 0x3E, 0x33, 0x80, 0xE4, 0x40,
    0xA2, 0x93, 0x79, 0x8E, 0x73, 0x05, 0xDB, 0x32, 0x4E, 0x33, 0xF0, 0x01, 0xD2, 0x38, 0xB4, 0xFF,
    0xBF, 0x6A, 0x29, 0x0B, 0x62, 0x54, 0xB6, 0x23, 0xBF, 0x38, 0x40, 0xF9, 0x6F, 0xAA, 0x27, 0x10,
    0x23, 0xC0, 0x09, 0x13, 0xC4, 0x47, 0xBA, 0xEE, 0x5D, 0xC7, 0x48, 0x91, 0xC1, 0x82, 0x97, 0x2E,
    0x7B, 0xC4, 0xE0, 0xDF, 0xA7, 0x45, 0x8F, 0x00, 0xFC, 0x62, 0xED, 0xE1, 0x91, 0x11, 0xEA, 0x22,
    0x79, 0x67, 0x70, 0x78, 0xFD, 0x08, 0xF1, 0x3F, 0x54, 0x93, 0xA2, 0x8A, 0xC7, 0x3C, 0x3E, 0x83,
    0xD7, 0x10, 0x3A, 0xBA, 0x73, 0x38, 0x97, 0x87, 0x83, 0xC1, 0x06, 0x37, 0x45, 0xEC, 0xD0, 0xCC,
    0x51, 0xD1, 0x5D, 0x07, 0x24, 0x73, 0x2A, 0x51, 0x68, 0x98, 0xC6, 0x43, 0x44, 0x19, 0xB1, 0x31,
    0x35, 0xB4, 0x64, 0x5A, 0xB8, 0xA7, 0x96, 0x69, 0xE8, 0x68, 0x3C, 0x24, 0x77, 0x2E, 0xA6, 0x1C,
    0x73, 0xCC, 0xC7, 0xB1, 0xBF, 0xC4, 0x84, 0x9D, 0x13, 0xB1, 0xF8, 0x60, 0x0C, 0xEB, 0xB1, 0xFD,
    0xA6, 0x63, 0x71, 0x56, 0x67, 0x9B, 0xF6, 0x7E, 0x35, 0x1D, 0xA1, 0xC2, 0x04, 0x9F, 0x77, 0x9B,
    0x0D, 0xDF, 0x6B, 0xC4, 0xDD, 0xF6, 0xFA, 0x4A, 0x01, 0xDB, 0x48, 0xF1, 0x8D, 0x7D, 0xAA, 0x85,
    0x2D, 0x61, 0xB7, 0x36, 0xB1, 0xF2, 0xD0, 0x79, 0xB6, 0x7A, 0x8F, 0xF4, 0xED, 0xCD, 0xF9, 0xBD,
    0xCB, 0x90, 0x3A, 0x7C, 0x9E, 0x0B, 0x29, 0x72, 0x61, 0x11, 0xB9, 0x30, 0xB4, 0xE2, 0x56, 0x5D,
    0x8A, 0x3B, 0xAA, 0x14, 0x7F, 0x22, 0x17, 0x0C, 0x72, 0xA1, 0xF5, 0xB9, 0x00, 0x4F, 0x54, 0x29,
    0x72, 0xD4, 0xE9, 0xC9, 0x5E, 0x48, 0x94, 0xB7, 0xF4, 0xD8, 0x0B, 0x78, 0xE2, 0xDB, 0xDE, 0xD6,
    0xC5, 0xBD, 0xB8, 0x05, 0x8B, 0x27, 0xA5, 0x2A, 0x32, 0xE4, 0xC2, 0x36, 0x66, 0xE3, 0xF3, 0x21,
    0x45, 0x3E, 0xE4, 0x08, 0x16, 0xC7, 0x47, 0xAD, 0x50, 0xF4, 0x78, 0x08, 0x6C, 0x86, 0x51, 0xD6,
    0x16, 0xBC, 0x91, 0x27, 0xA8, 0x2D, 0x53, 0xD0, 0x2B, 0x43, 0x9E, 0xE5, 0xBF, 0x6A, 0x8A, 0xFF,
    0x02, 0x0F, 0xB5, 0x7E, 0xEA, 0x28, 0x70, 0xA8, 0xCF, 0xB2, 0xD7, 0xF2, 0x3E, 0x94, 0x26, 0xAB,
    0x79, 0xAE, 0xB2, 0xC2, 0xD1, 0x61, 0x03, 0xBE, 0x72, 0xEE, 0x54, 0x7A, 0x7D, 0xF0, 0x0E, 0x5D,
    0xC9, 0xA4, 0xF8, 0x4A, 0x27, 0x3F, 0x03, 0xB6, 0xD1, 0x13, 0xDF, 0x73, 0x4D, 0x9D, 0x11, 0x5F,
    0x5F, 0xC3, 0x0B, 0x3C, 0x10, 0x0D, 0x7E, 0xF8, 0x9F, 0x92, 0xFA, 0x17, 0xAC, 0x99, 0x9A, 0xA2,
    0xC5, 0x9C, 0xC4, 0xAA, 0x4A, 0x1E, 0x56, 0x81, 0xE4, 0x5E, 0x2A, 0x84, 0x43, 0xED, 0x30, 0x7F,
    0x62, 0x84, 0x6C, 0xC5, 0xA0, 0x2B, 0x2C, 0x4B, 0x11, 0x6A, 0x2E, 0x63, 0x67, 0x9B, 0xE7, 0xD5,
    0xC6, 0xCA, 0xC8, 0xEA, 0xF8, 0x41, 0xED, 0x00, 0xEB, 0x04, 0x12, 0x79, 0x6F, 0x29, 0x21, 0x25,
    0xFA, 0x0D, 0x95, 0x56, 0xBE, 0xA5, 0xC4, 0x8B, 0x67, 0x68, 0x4D, 0x50, 0x91, 0xE9, 0xF4, 0xB6,
    0x0E, 0x48, 0x7E, 0x38, 0xD8, 0xC8, 0xD0, 0x24, 0xD9, 0x66, 0xBA, 0x5B, 0x21, 0x54, 0x88, 0x97,
    0x0D, 0xFF, 0x02, 0xC6, 0xDC, 0x14, 0xAD, 0x2D, 0x52, 0x01, 0x28, 0xFB, 0x45, 0x87, 0x3E, 0x7B,
    0x76, 0xDE, 0x34, 0x5C, 0xE1, 0x42, 0x1B, 0x71, 0x85, 0xF1, 0xF9, 0xA4, 0x6D, 0x44, 0xDA, 0x08,
    0xB3, 0x7D, 0x05, 0x62, 0x5F, 0xD5, 0x46, 0xA8, 0x8B, 0x14, 0x35, 0x23, 0x20, 0x03, 0x24, 0x7D,
    0x91, 0xF9, 0x2C, 0x9F, 0xB0, 0x8D, 0xE0, 0x20, 0x5F, 0x00, 0xAB, 0xFC, 0x5B, 0x04, 0xF9, 0xA3,
    0xFA, 0x20, 0xC8, 0x4F, 0xD3, 0x46, 0x50, 0x32, 0xF2, 0xC5, 0x7B, 0x31, 0x1F, 0x03, 0xC3, 0xC4,
    0x2D, 0x0E, 0xB7, 0x36, 0x2C, 0x23, 0x7A, 0x8C, 0x64, 0x91, 0x2B, 0xA7, 0xD2, 0xED, 0xEC, 0x19,
    0x98, 0x0B, 0x2A, 0x15, 0x37, 0x34, 0x25, 0xB7, 0x2B, 0xE0, 0x8D, 0x74, 0xC5, 0x92, 0x0B, 0x18,
    0x17, 0x1C, 0x71, 0x17, 0x7C, 0xA8, 0xF0, 0x89, 0xC2, 0x75, 0x8A, 0xEF, 0x59, 0xFE, 0x2E, 0x44,
    0x79, 0x42, 0xE2, 0x0A, 0x7C, 0xDB, 0x0A, 0xB4, 0x32, 0x82, 0xDC, 0x7B, 0xAA, 0x0F, 0xFE, 0x1B,
    0x08, 0xFE, 0x3A, 0x50, 0x1C, 0x18, 0xC9, 0xDF, 0x4D, 0x62, 0x31, 0x80, 0x94, 0x5C, 0x5A, 0x8F,
    0x0F, 0xAF, 0x36, 0x7F, 0xC0, 0x40, 0x85, 0x07, 0xF5, 0x41, 0xBD, 0x3E, 0xAD, 0x0A, 0xDE, 0xD8,
    0x79, 0xCB, 0x8A, 0x9C, 0x9D, 0xF2, 0x9D, 0x3A, 0xFA, 0x24, 0x2A, 0x3B, 0x2A, 0x7F, 0xA7, 0xFE,
    0x6B, 0xE8, 0xC5, 0x31, 0x1D, 0x02, 0x69, 0xAE, 0x6A, 0xCA, 0xFE, 0x78, 0x0E, 0x1B, 0x93, 0x36,
    0x7A, 0x88, 0x1E, 0x04, 0x0F, 0x62, 0x27, 0x7E, 0xD4, 0xF8, 0xC8, 0xC9, 0x55, 0x71, 0x6C, 0x94,
    0x28, 0x5C, 0xF0, 0x09, 0xB0, 0x27, 0xEA, 0x8A, 0xB1, 0x5F, 0xC5, 0x18, 0xC0, 0x46, 0xFD, 0xA7,
    0xEA, 0xC4, 0x2D, 0x27, 0xCC, 0x13, 0x5B, 0x95, 0xDE, 0xD1, 0x01, 0x77, 0xE2, 0x6F, 0xD7, 0x72,
    0x96, 0xEB, 0xD8, 0x63, 0xB8, 0x04, 0x53, 0x5E, 0xFD, 0x04, 0xA5, 0xCE, 0x12, 0x1A, 0x25, 0x64,
    0xF0, 0xBA, 0x8F, 0x20, 0x98, 0x94, 0x66, 0x2C, 0xBD, 0xCB, 0xAE, 0x01, 0x98, 0x16, 0x78, 0x2F,
    0xC3, 0xFD, 0x90, 0x23, 0x8B, 0xCD, 0x9E, 0x49, 0xDF, 0x3C, 0xB8, 0xFF, 0xA8, 0x91, 0x7D, 0xC9,
    0xF5, 0xB9, 0x00, 0x20, 0x46, 0x23, 0xB3, 0xCC, 0xDF, 0xB4, 0x62, 0x0F, 0x12, 0x74, 0x00, 0x55,
    0x93, 0x66, 0xE1, 0x6A, 0x8D, 0x64, 0xE7, 0x8F, 0xE6, 0x39, 0x0A, 0xD0, 0x4C, 0x1A, 0xD7, 0x0E,
    0x6E, 0x51, 0x50, 0xF9, 0x98, 0x60, 0xC8, 0x60, 0x3C, 0xB0, 0x7A, 0xBE, 0xDC, 0x55, 0x7D, 0xA3,
    0xFB, 0x76, 0xD3, 0x7D, 0xE8, 0x49, 0xFF, 0xEF, 0x54, 0xF9, 0xFE, 0xF0, 0x72, 0xAF, 0x0D, 0x03,
    0x48, 0x53, 0xA2, 0x98, 0x17, 0xF6, 0xF8, 0xD7, 0x49, 0x8C, 0x67, 0x61, 0x13, 0x55, 0x31, 0x36,
    0xFF, 0x0B, 0x25, 0x8F, 0x31, 0x4E, 0xC3, 0x40, 0x10, 0x45, 0x9F, 0x13, 0xC7, 0x56, 0x58, 0x09,
    0x52, 0x10, 0x29, 0x34, 0x76, 0x93, 0x82, 0x14, 0x64, 0x6B, 0x24, 0xF0, 0xEC, 0x0D, 0xA0, 0x08,
    0x35, 0x97, 0xA0, 0x00, 0xC9, 0x4A, 0xF6, 0x06, 0x70, 0xA1, 0xC0, 0x4A, 0x5C, 0x60, 0x3B, 0xDA,
    0x3D, 0x02, 0x85, 0x4B, 0x27, 0x66, 0x80, 0x99, 0xE9, 0x66, 0xFE, 0x7B, 0x9A, 0x9C, 0x35, 0xE2,
    0x4D, 0xC2, 0xE3, 0xC6, 0xA1, 0x4E, 0xE2, 0x96, 0x68, 0x95, 0xDF, 0xD8, 0x9E, 0xBD, 0x65, 0x96,
    0x53, 0x9D, 0xC8, 0xF0, 0xD2, 0x33, 0x9B, 0x6F, 0x76, 0x47, 0x39, 0xB6, 0x95, 0xEC, 0xEB, 0x3E,
    0x7B, 0x5B, 0xF0, 0xA1, 0x7D, 0xCB, 0x74, 0xE4, 0xE4, 0x2E, 0xEA, 0x58, 0x13, 0x40, 0x82, 0xA4,
    0x51, 0x32, 0xBE, 0x20, 0xC3, 0x86, 0x26, 0x5D, 0x27, 0x1B, 0x0A, 0x46, 0x38, 0xF3, 0x19, 0xEB,
    0xD7, 0xD8, 0x08, 0xCB, 0xC5, 0x2F, 0xFF, 0xB9, 0x42, 0x0E, 0x9C, 0x75, 0x64, 0x8E, 0x3C, 0xA7,
    0xA9, 0x91, 0xC7, 0x60, 0xBE, 0x52, 0xE6, 0x3D, 0x98, 0x4E, 0x0E, 0xED, 0xFA, 0x3C, 0x57, 0x04,
    0x2D, 0xEF, 0xAA, 0x59, 0x31, 0x8E, 0x65, 0xB4, 0x41, 0xE3, 0x5C, 0xFD, 0x89, 0x57, 0x54, 0xA5,
    0xFF, 0x17, 0x5F, 0x14, 0x0E, 0xB6, 0xEC, 0xF4, 0xBA, 0xE1, 0x49, 0xE1, 0x13, 0x4E, 0xB1, 0xBE,
    0x8C, 0x75, 0x14, 0xDD, 0x14, 0xDE, 0x72, 0x83, 0x68, 0x7A, 0xC2, 0xE5, 0xB4, 0xD9, 0xDA, 0xBE,
    0x4C, 0x0F, 0xF7, 0x43, 0x37, 0x74, 0x30, 0xDF, 0x88, 0xBE, 0x04, 0x3F, 0xB5, 0x99, 0x3D, 0x70,
    0xDC, 0x44, 0x14, 0xC7, 0xDF, 0x4A, 0x4E, 0x94, 0x9C, 0x66, 0x22, 0x17, 0x61, 0x00, 0x67, 0x88,
    0x52, 0x98, 0x22, 0x61, 0x62, 0xB5, 0x14, 0x5C, 0xB4, 0xCC, 0x30, 0xCC, 0x30, 0x34, 0x2E, 0xD2,
    0x87, 0x8E, 0x0C, 0x05, 0x6E, 0x28, 0x28, 0x8C, 0xB5, 0x14, 0xD4, 0xA4, 0x49, 0x45, 0xE3, 0xD2,
    0xE3, 0x86, 0xC6, 0x85, 0x33, 0xE3, 0x58, 0xEA, 0x68, 0x45, 0x0A, 0x52, 0x50, 0x44, 0xA1, 0x49,
    0x91, 0x22, 0x0A, 0x28, 0xCC, 0xD9, 0xD1, 0xDD, 0xF2, 0x7F, 0xBB, 0x3A, 0x3B, 0xFE, 0x80, 0xF1,
    0x49, 0x42, 0xA7, 0x37, 0xE7, 0xD3, 0xC7, 0xDB, 0xDF, 0xBE, 0x7D, 0xEF, 0xED, 0xDB, 0x35, 0x39,
    0xF7, 0x88, 0xFC, 0x92, 0x28, 0x18, 0x11, 0x85, 0x35, 0x51, 0x3C, 0x26, 0x4A, 0x76, 0x89, 0x76,
    0x63, 0xA2, 0x71, 0xAC, 0x44, 0x1D, 0x65, 0xEE, 0x78, 0x25, 0x77, 0xB5, 0x2E, 0x7C, 0xAD, 0xCB,
    0xA0, 0xF0, 0xAA, 0x30, 0x73, 0x6A, 0xDC, 0xC1, 0x83, 0x38, 0x9C, 0xDC, 0xBE, 0xCF, 0xC2, 0xBA,
    0xF8, 0x92, 0x4E, 0x64, 0xA0, 0xB5, 0x8C, 0x5E, 0x6B, 0x19, 0xAB, 0x54, 0xC6, 0x14, 0xCB, 0x04,
    0xC2, 0xDF, 0xFC, 0x9B, 0xAF, 0xF3, 0x7D, 0x67, 0x12, 0x4B, 0xF3, 0x42, 0x88, 0xAF, 0x38, 0xB3,
    0x32, 0xC0, 0x6F, 0x81, 0xDF, 0x41, 0x45, 0x74, 0x09, 0x4C, 0x54, 0xD9, 0x36, 0x48, 0x5A, 0xFD,
    0x5D, 0x58, 0x13, 0x05, 0x81, 0x2E, 0x17, 0x12, 0x40, 0xDF, 0x45, 0x6A, 0xC7, 0x6B, 0x60, 0x0C,
    0x18, 0x60, 0xDC, 0x8C, 0xBC, 0xA7, 0x44, 0x11, 0x78, 0x86, 0x5F, 0x37, 0x0A, 0xBB, 0x70, 0x3A,
    0xD0, 0xED, 0x31, 0x20, 0x60, 0x03, 0x6B, 0x9B, 0x34, 0x27, 0x67, 0x1F, 0xCD, 0xC9, 0xF9, 0x96,
    0xBC, 0x73, 0x90, 0xA8, 0x31, 0xB4, 0xD7, 0x33, 0xEF, 0x35, 0x28, 0xE0, 0x71, 0x5A, 0x85, 0xBC,
    0x47, 0x74, 0xB5, 0x0F, 0xDE, 0x05, 0x00, 0x45, 0x00, 0x9A, 0x2B, 0xCD, 0x60, 0x79, 0x7F, 0xC8,
    0xFE, 0x78, 0xF9, 0x48, 0xD1, 0x8E, 0xCE, 0x8C, 0x2D, 0x8C, 0x8D, 0x3F, 0xE9, 0xCE, 0x3C, 0x80,
    0xE3, 0xC6, 0x9A, 0xE8, 0x41, 0xD3, 0x84, 0x57, 0xF4, 0x67, 0xE3, 0x07, 0xDF, 0x80, 0xA7, 0x22,
    0xE7, 0xB7, 0xC2, 0xEA, 0x0A, 0xA9, 0x07, 0x1B, 0x33, 0x23, 0x78, 0x22, 0x70, 0x0C, 0x97, 0xFA,
    0xB1, 0xEB, 0x29, 0xB9, 0x80, 0x62, 0xB8, 0xB1, 0x2E, 0xC8, 0x7D, 0x39, 0x6A, 0xCF, 0x7A, 0x3C,
    0x3F, 0x18, 0x9F, 0xDB, 0x41, 0x9E, 0x68, 0x72, 0xC3, 0xE2, 0x67, 0x44, 0xB7, 0xC0, 0x19, 0xA2,
    0x0D, 0xB1, 0xDC, 0x43, 0x3F, 0xD4, 0x61, 0x08, 0x72, 0x7B, 0xE0, 0x76, 0x5E, 0x55, 0xA6, 0x1F,
    0xB4, 0x20, 0xDB, 0xF5, 0xC1, 0x69, 0xFA, 0xE1, 0x67, 0x0D, 0xF3, 0xC5, 0x7E, 0x99, 0x3F, 0xB4,
    0x26, 0x31, 0x61, 0x3E, 0xE0, 0x14, 0xBA, 0xDC, 0x9D, 0x39, 0x28, 0x2C, 0xCF, 0x34, 0x07, 0xBF,
    0xDF, 0xA3, 0x9D, 0xDF, 0x62, 0x1F, 0x86, 0x2D, 0xBE, 0xCC, 0xAC, 0x4D, 0x2E, 0xF5, 0xC4, 0x7C,
    0x3C, 0x0E, 0x0F, 0xEC, 0x5C, 0x77, 0x67, 0x7E, 0xB0, 0x75, 0x24, 0x0E, 0x7B, 0xE1, 0xE5, 0x63,
    0x35, 0xB2, 0x1C, 0x3C, 0xE7, 0xFD, 0x0F, 0x71, 0xE8, 0x14, 0x15, 0x89, 0xD7, 0xA5, 0xC9, 0x19,
    0xB4, 0x40, 0xBD, 0xC4, 0xE0, 0x8D, 0xCD, 0x8D, 0x58, 0xD7, 0x7C, 0xDE, 0xBF, 0x8D, 0x27, 0xF8,
    0xD4, 0x65, 0x73, 0xDA, 0x9F, 0x7C, 0xA5, 0xB6, 0x27, 0xBF, 0xBF, 0x4D, 0x34, 0x31, 0xE7, 0x5D,
    0x9E, 0x8E, 0x1C, 0x9D, 0x07, 0xBA, 0x8A, 0x9E, 0xD7, 0xB1, 0x1C, 0xC7, 0x9B, 0x93, 0x44, 0x73,
    0x33, 0xB1, 0x9A, 0x0F, 0x75, 0xE5, 0xEB, 0x5A, 0x68, 0x63, 0xE0, 0xAB, 0x26, 0x7B, 0xE0, 0x04,
    0xF3, 0x65, 0x12, 0x5A, 0xD2, 0x0B, 0xC5, 0xF3, 0xF6, 0x4D, 0xD6, 0x30, 0x33, 0x00, 0x72, 0x3E,
    0x52, 0xBE, 0xAF, 0x38, 0x7B, 0xBE, 0x73, 0x56, 0x06, 0xE7, 0x55, 0xE9, 0xE9, 0xD2, 0xFF, 0x09,
    0x9D, 0x9E, 0xAD, 0x45, 0x51, 0xAD, 0xBB, 0xBA, 0xF4, 0x9E, 0xE4, 0x24, 0xCE, 0xDC, 0x5F, 0x33,
    0x4D, 0x07, 0x4D, 0x0C, 0x7F, 0x44, 0xB4, 0x86, 0xB4, 0x03, 0x64, 0xEF, 0xB1, 0xBD, 0x8B, 0xF6,
    0x59, 0xBF, 0x95, 0xFB, 0xB7, 0xB9, 0x39, 0x2B, 0xBA, 0x3C, 0x94, 0xE9, 0x35, 0x73, 0xBD, 0x3E,
    0x10, 0xA2, 0xF3, 0xAC, 0x3B, 0xB3, 0x73, 0x07, 0x0C, 0x88, 0x8C, 0x2F, 0xA0, 0xDB, 0x7D, 0x56,
    0x02, 0x50, 0x9A, 0xA6, 0xC1, 0x48, 0x80, 0x24, 0x50, 0xE2, 0xFD, 0x31, 0x81, 0x93, 0x00, 0x6A,
    0x75, 0xA9, 0x79, 0x02, 0x2B, 0x01, 0x96, 0xA6, 0xB4, 0x5C, 0x05, 0x39, 0x05, 0x09, 0x38, 0xD6,
    0xB7, 0x60, 0x05, 0xAA, 0x25, 0x9D, 0x71, 0x64, 0x96, 0x4D, 0x15, 0x35, 0xE2, 0x1E, 0x2F, 0x31,
    0x93, 0xFB, 0xBC, 0x64, 0xA2, 0x33, 0xDA, 0x4C, 0x6C, 0x30, 0x38, 0xFE, 0xB8, 0x03, 0x19, 0xC2,
    0x66, 0x8B, 0x3D, 0xDA, 0x8C, 0xF5, 0x4F, 0xC8, 0x78, 0x9E, 0xA9, 0x17, 0xD9, 0x6E, 0x97, 0x3B,
    0xDB, 0x4D, 0xDC, 0x63, 0xD7, 0xF0, 0x7F, 0x66, 0x9F, 0xA2, 0x35, 0x6A, 0x67, 0x37, 0x51, 0x15,
    0xEC, 0x5F, 0xC6, 0x31, 0x1B, 0xBB, 0x3D, 0x9B, 0xC5, 0x6E, 0x38, 0x76, 0xC9, 0x45, 0xD3, 0x8F,
    0x5A, 0x0C, 0xD9, 0xD1, 0x68, 0xE6, 0xC2, 0x9A, 0x01, 0xBC, 0x47, 0x00, 0x58, 0x6E, 0x13, 0xDC,
    0xCB, 0xE4, 0xD7, 0x74, 0xFE, 0xA1, 0xA9, 0x21, 0x4B, 0x76, 0xAB, 0xAF, 0x36, 0x55, 0xA2, 0x33,
    0x9C, 0x6F, 0xEF, 0x49, 0x77, 0x44, 0xA7, 0x9E, 0xF6, 0x81, 0x84, 0xCB, 0xB8, 0x44, 0x25, 0xB9,
    0x9B, 0xFB, 0x8A, 0xE7, 0xEA, 0x48, 0x9D, 0xF6, 0x99, 0x51, 0x21, 0x89, 0xA2, 0xB9, 0x28, 0xD6,
    0xE9, 0x3A, 0xA5, 0xF8, 0x5C, 0x6F, 0x3A, 0x7A, 0xDA, 0x87, 0x47, 0x20, 0x95, 0xE6, 0x99, 0x2B,
    0x7B, 0x98, 0x0E, 0x30, 0x18, 0x9C, 0x96, 0x27, 0x2B, 0x75, 0x58, 0xB8, 0x63, 0x64, 0xCC, 0x09,
    0xFA, 0xA9, 0x21, 0xA9, 0x91, 0x8C, 0x74, 0x54, 0x38, 0xE3, 0x60, 0x2F, 0xAC, 0x3D, 0xAD, 0x2B,
    0xA1, 0xE1, 0x40, 0xD1, 0xA4, 0xC9, 0xCB, 0x30, 0x8E, 0x57, 0x59, 0x11, 0xB6, 0x84, 0x62, 0x83,
    0xB1, 0xFF, 0x84, 0xFB, 0x1A, 0xF6, 0x4A, 0x38, 0x45, 0x2B, 0xA4, 0x6A, 0xC5, 0x89, 0x3A, 0xCE,
    0x52, 0x0A, 0x5F, 0xEB, 0xA3, 0x71, 0xB9, 0xD4, 0x2C, 0x75, 0xB8, 0xF4, 0x5A, 0x98, 0x2E, 0xA7,
    0x10, 0x60, 0x83, 0x1D, 0x3B, 0x72, 0xA2, 0xB0, 0x2B, 0x98, 0xAE, 0xAC, 0xD3, 0x4A, 0x9A, 0xA7,
    0x71, 0x37, 0x3B, 0xB2, 0xA4, 0x9A, 0x99, 0xD9, 0x1E, 0x95, 0xAD, 0xE9, 0x50, 0xF2, 0xBB, 0x85,
    0xA4, 0x10, 0xB3, 0xD9, 0xAD, 0x15, 0x7B, 0xA7, 0x33, 0x2B, 0xD7, 0x5F, 0xA6, 0xDC, 0x57, 0xC6,
    0xF7, 0xD8, 0x46, 0xB8, 0xED, 0xFE, 0x5D, 0x1E, 0x94, 0xA5, 0xB3, 0x33, 0x8B, 0xA6, 0x16, 0x67,
    0x9D, 0x30, 0x80, 0x5B, 0xF6, 0xCC, 0x7C, 0xCD, 0x9A, 0xC3, 0xD4, 0x75, 0x37, 0x0F, 0x99, 0xF7,
    0xBB, 0x30, 0x0F, 0xE0, 0x54, 0x21, 0x94, 0xCE, 0x55, 0xC6, 0xD9, 0xDC, 0x97, 0x3D, 0x33, 0x1B,
    0xA7, 0x20, 0xBB, 0xBC, 0xF2, 0x1B, 0x5B, 0xCF, 0x75, 0xB7, 0xF5, 0xE0, 0x53, 0x5B, 0xD6, 0x7D,
    0xF7, 0xD0, 0xFE, 0x76, 0x71, 0xBD, 0x4F, 0xEE, 0xED, 0x2D, 0x64, 0xC3, 0x92, 0xDC, 0x5F, 0xF2,
    0xC3, 0x18, 0xEA, 0xEC, 0x1F, 0x6F, 0x2E, 0xB1, 0xC2, 0x7E, 0x38, 0x4F, 0xC9, 0x0F, 0x66, 0xA2,
    0x61, 0xD6, 0xA7, 0x28, 0xF3, 0xDA, 0xB2, 0x1E, 0xCF, 0x19, 0x34, 0x6F, 0x73, 0x05, 0x12, 0x33,
    0x05, 0x39, 0x17, 0x24, 0x31, 0x5D, 0xD9, 0x1F, 0x83, 0x7D, 0xD4, 0x9A, 0x9D, 0xC3, 0x85, 0x5D,
    0x82, 0x4B, 0xC8, 0x5D, 0x24, 0xA5, 0x6B, 0xBE, 0x89, 0x47, 0x3C, 0x33, 0x1B, 0xAB, 0xD1, 0x93,
    0xD9, 0x9C, 0x26, 0x76, 0xFA, 0x61, 0x6B, 0xBA, 0xCB, 0x53, 0x1A, 0x45, 0xDF, 0xA3, 0xB0, 0x69,
    0xCB, 0x76, 0x22, 0xD7, 0x82, 0x4F, 0x76, 0xE7, 0x3B, 0x91, 0x6B, 0x3F, 0x96, 0x74, 0xB1, 0x25,
    0x63, 0xF8, 0xA3, 0x6C, 0x62, 0xA9, 0x1F, 0xDB, 0x6D, 0x7D, 0x61, 0x96, 0x45, 0xEE, 0xEF, 0x4F,
    0x01, 0xF8, 0x79, 0x3B, 0x26, 0x7B, 0xF4, 0xC3, 0x73, 0x22, 0x46, 0x44, 0xB3, 0xEE, 0x6E, 0xC1,
    0x75, 0x2C, 0x2E, 0x6E, 0xD0, 0x00, 0x6F, 0x85, 0xD9, 0x7F, 0x49, 0xCC, 0xA2, 0xA2, 0x2C, 0x2E,
    0xD2, 0x2C, 0xC4, 0x12, 0xCA, 0xD3, 0x88, 0xFF, 0x74, 0x6A, 0xFB, 0xE3, 0x5B, 0x19, 0x88, 0x84,
    0xFA, 0xF8, 0xE9, 0xD4, 0xA9, 0x5B, 0x27, 0x2F, 0xB8, 0xD8, 0x0A, 0xF6, 0x9A, 0x7A, 0x4B, 0x1C,
    0xD4, 0x5B, 0xE7, 0x18, 0x09, 0xAF, 0x7F, 0x90, 0x1F, 0x6C, 0x60, 0x71, 0x19, 0xDA, 0x19, 0xCD,
    0x14, 0xBB, 0x5C, 0x4B, 0x07, 0xA6, 0x92, 0x5E, 0x3C, 0x33, 0x1C, 0xD9, 0x5D, 0x45, 0x4A, 0xA0,
    0x68, 0x4D, 0x0E, 0x11, 0x4B, 0x3B, 0x80, 0xA9, 0xD1, 0x60, 0xD9, 0x1A, 0x66, 0x6E, 0x9A, 0x83,
    0x31, 0x9C, 0xA3, 0x73, 0x92, 0x94, 0x59, 0xBB, 0xA8, 0x5D, 0xA1, 0x99, 0xE9, 0xA4, 0x38, 0x35,
    0x01, 0x8B, 0xC0, 0x65, 0x6A, 0xF7, 0x29, 0x99, 0x89, 0xEB, 0x5B, 0x76, 0xBB, 0x8C, 0xFC, 0x7C,
    0xC8, 0x93, 0x69, 0x67, 0x36, 0x69, 0x5D, 0xCC, 0xE5, 0x9D, 0x91, 0x5D, 0xB0, 0x5D, 0x68, 0xC9,
    0x76, 0x72, 0x20, 0x87, 0xE8, 0x77, 0x77, 0xBE, 0x66, 0xD9, 0x62, 0x96, 0x45, 0xEC, 0x1C, 0x43,
    0x30, 0x2E, 0xB6, 0x64, 0x7C, 0xB8, 0x0A, 0x3D, 0xA8, 0x84, 0x1F, 0x97, 0xBD, 0xD8, 0xCE, 0xF9,
    0x55, 0x21, 0xBE, 0xB0, 0x5E, 0x5A, 0xF9, 0x41, 0x92, 0x68, 0xC9, 0x64, 0x8F, 0x7E, 0xC6, 0xF2,
    0x44, 0x3C, 0x9E, 0x93, 0xCD, 0x3A, 0x79, 0x76, 0xAE, 0x6D, 0x6B, 0x77, 0x33, 0x87, 0xDC, 0x9D,
    0x2E, 0xE7, 0x55, 0xB3, 0x5D, 0x36, 0xB2, 0xEB, 0x51, 0x25, 0x36, 0x90, 0xCF, 0x6A, 0xBF, 0xF2,
    0x4B, 0xB7, 0x0E, 0x73, 0x31, 0x41, 0xC3, 0xA9, 0x6E, 0xB6, 0x7F, 0xA0, 0xC7, 0xAF, 0x6C, 0xCD,
    0x70, 0x9A, 0x4C, 0x2B, 0x64, 0x33, 0x47, 0x49, 0x5B, 0xD2, 0x9A, 0x6A, 0x0B, 0xB9, 0x4B, 0xA5,
    0x14, 0x65, 0x13, 0x0A, 0xF3, 0x31, 0x05, 0x7F, 0xD6, 0xE4, 0xFD, 0x55, 0x99, 0x7A, 0xC6, 0xE4,
    0x31, 0x2E, 0xC5, 0x52, 0x65, 0xEB, 0x84, 0xC4, 0x2C, 0xFC, 0x88, 0x6A, 0x8E, 0x2B, 0x48, 0xD5,
    0x03, 0x93, 0xF9, 0x77, 0xCA, 0x74, 0xBB, 0x49, 0xB5, 0x64, 0x42, 0xB0, 0xD7, 0x89, 0x72, 0x46,
    0x89, 0x74, 0xAA, 0x77, 0xFF, 0xF5, 0x5F, 0x40, 0x9D, 0x59, 0xDF, 0xDC, 0xF9, 0xE7, 0x92, 0xEC,
    0x42, 0x3F, 0x36, 0xA4, 0xE8, 0x0E, 0xAE, 0xF3, 0xB6, 0xE3, 0x4E, 0xF7, 0x71, 0xDE, 0x5A, 0xB7,
    0xB5, 0xE8, 0x93, 0xDC, 0xD6, 0x3A, 0x3D, 0xF0, 0xFD, 0x03, 0x85, 0x50, 0xC1, 0x4A, 0x03, 0x31,
    0x10, 0x9D, 0x6D, 0x71, 0x97, 0x1A, 0x34, 0x47, 0x41, 0x90, 0xDC, 0x05, 0x3B, 0xD7, 0x1E, 0xBA,
    0x4E, 0x6E, 0x82, 0x17, 0x7B, 0xD9, 0xB3, 0x77, 0xBF, 0xA1, 0x74, 0x17, 0xFC, 0x00, 0xFD, 0x04,
    0x8F, 0xC5, 0x6F, 0x28, 0x3A, 0xD0, 0x0F, 0x68, 0xC0, 0x1F, 0xC8, 0xC1, 0x0F, 0xD8, 0x43, 0x84,
    0x22, 0xBB, 0xAE, 0xB3, 0xB1, 0x2A, 0x9E, 0x0C, 0x2F, 0x79, 0x33, 0x2F, 0x93, 0xC9, 0x4B, 0x6E,
    0x96, 0x5D, 0xDB, 0xB5, 0x8F, 0xCB, 0xA2, 0x98, 0x75, 0x5D, 0x2D, 0x90, 0xE0, 0x6F, 0x5C, 0x14,
    0xB6, 0x93, 0xE1, 0xE2, 0x12, 0xD3, 0x1F, 0x8D, 0xE3, 0x12, 0xD3, 0xC4, 0x2A, 0x1E, 0x43, 0x0E,
    0x64, 0xA9, 0xD2, 0x76, 0x04, 0x54, 0x21, 0x6B, 0x56, 0x15, 0xC2, 0x04, 0x00, 0xF6, 0x01, 0xD9,
    0xB0, 0x92, 0xDC, 0xC0, 0x54, 0xF2, 0xC4, 0x5A, 0xB5, 0xF6, 0x63, 0x5D, 0xE5, 0x1A, 0xE8, 0x9A,
    0xE9, 0xCE, 0xE9, 0x0B, 0x1E, 0xA5, 0x56, 0x02, 0xDC, 0x78, 0xBD, 0xF6, 0xEA, 0xD6, 0xA1, 0xAE,
    0x26, 0x07, 0xD0, 0x1F, 0x4E, 0x2D, 0x6E, 0x9C, 0xD9, 0xD4, 0x2A, 0xEA, 0x46, 0xF1, 0xF4, 0x10,
    0xBE, 0xC6, 0xB0, 0x8E, 0x08, 0x40, 0x9D, 0x15, 0xE0, 0xC7, 0xB7, 0x12, 0x31, 0x78, 0xF8, 0xAD,
    0xA1, 0xAE, 0x07, 0xBE, 0xC3, 0xD1, 0xDB, 0x2E, 0xCE, 0xC2, 0x6E, 0x2B, 0x99, 0x49, 0x95, 0x76,
    0x54, 0x53, 0xA0, 0x80, 0x3E, 0xB1, 0x7B, 0x89, 0x9D, 0xD1, 0xD5, 0x4B, 0x88, 0x53, 0xAF, 0xEB,
    0xBE, 0x4B, 0xFA, 0x0A, 0xA7, 0x42, 0xA6, 0x85, 0x85, 0x10, 0x95, 0xD0, 0x08, 0xE5, 0x28, 0x57,
    0x0B, 0x99, 0xCC, 0x0B, 0x9D, 0xA3, 0x66, 0x21, 0x6C, 0xC9, 0x0A, 0xA9, 0xED, 0xC2, 0x38, 0xE3,
    0x00, 0x9A, 0x32, 0x94, 0x72, 0x55, 0x68, 0x9B, 0xB6, 0x81, 0xCC, 0x87, 0xD5, 0x76, 0x0E, 0x9A,
    0xC3, 0x2A, 0xCC, 0xE5, 0xB3, 0xB6, 0x4D, 0xB3, 0x92, 0x8E, 0xCF, 0xA1, 0xDC, 0x4A, 0x47, 0x74,
    0xE8, 0x77, 0x2F, 0x3B, 0xBE, 0xAC, 0xF0, 0x8A, 0x49, 0x0B, 0x6C, 0x2E, 0x9F, 0x66, 0x44, 0x1B,
    0x70, 0xE6, 0x0C, 0x13, 0x3C, 0x01, 0x81, 0xA9, 0x94, 0x1B, 0xBA, 0xBE, 0xF2, 0xA4, 0xCF, 0x58,
    0xF9, 0x61, 0xAD, 0xBC, 0x94, 0xC3, 0x59, 0x3C, 0x9F, 0xDE, 0xCB, 0x9B, 0xC4, 0x0E, 0x8A, 0x97,
    0xDE, 0xB1, 0xD8, 0x1D, 0x88, 0xD7, 0xDE, 0xE8, 0x3F, 0xF2, 0x27, 0xBD, 0x8E, 0xB1, 0x0D, 0xC2,
    0x30, 0x10, 0x45, 0x0F, 0x22, 0x25, 0x85, 0x8B, 0xA4, 0x43, 0x82, 0xC2, 0x7D, 0x24, 0x72, 0x0B,
    0x38, 0xBE, 0x8C, 0xC0, 0x40, 0x41, 0x30, 0x02, 0x23, 0xA4, 0x60, 0x08, 0x17, 0x29, 0x3C, 0x82,
    0x47, 0xF0, 0x08, 0x29, 0xAE, 0x70, 0x71, 0x20, 0x9C, 0x88, 0x8A, 0x01, 0xD0, 0x6F, 0x7E, 0xF1,
    0xF5, 0xFE, 0x2B, 0xA3, 0x16, 0x7B, 0x35, 0x9D, 0xC1, 0xDE, 0xA2, 0x28, 0x06, 0x80, 0xE7, 0x3E,
    0xA9, 0xA4, 0x5D, 0x2F, 0xB7, 0x77, 0xFB, 0x82, 0x04, 0x70, 0x9C, 0x90, 0xED, 0x85, 0x42, 0xC7,
    0xE0, 0x88, 0x29, 0x02, 0x94, 0x51, 0x27, 0xDB, 0xD8, 0x48, 0x62, 0x8C, 0x9D, 0xEB, 0x05, 0xA0,
    0x9D, 0x88, 0x0F, 0x4B, 0x11, 0x8B, 0xA0, 0x7C, 0x3D, 0x20, 0x54, 0x01, 0x93, 0x31, 0x9A, 0x35,
    0xAF, 0x0B, 0x9D, 0xB9, 0xEA, 0x41, 0x3C, 0x8E, 0xFD, 0x8C, 0xB2, 0x73, 0xC8, 0x18, 0x36, 0xCA,
    0xCF, 0x77, 0x39, 0xA0, 0x27, 0x7F, 0xF2, 0xEA, 0x1B, 0x58, 0x39, 0x7C, 0x76, 0xC0, 0x45, 0xAC,
    0xEF, 0x24, 0x24, 0xD9, 0x65, 0xA9, 0x72, 0xCF, 0x9F, 0x8C, 0x9B, 0xCB, 0xFF, 0x7C, 0x3F, 0x85,
    0x53, 0xB1, 0x6E, 0xD4, 0x40, 0x10, 0x7D, 0x77, 0x96, 0x62, 0x29, 0x5B, 0xB8, 0x42, 0x29, 0x52,
    0xB8, 0x4F, 0x81, 0xFF, 0x80, 0xDD, 0x86, 0x8A, 0x82, 0x14, 0x89, 0x90, 0x68, 0xA8, 0xA9, 0xEE,
    0x13, 0x6C, 0xE0, 0x07, 0xEE, 0x13, 0xAE, 0x4C, 0xD2, 0xD0, 0xD1, 0x21, 0x6F, 0xD2, 0x50, 0x66,
    0x45, 0x43, 0x41, 0x63, 0x45, 0x20, 0xA4, 0x50, 0x64, 0x73, 0xDC, 0xE9, 0x2E, 0x77, 0x3E, 0x0F,
    0x6F, 0x7C, 0xA0, 0x20, 0x28, 0xB0, 0xE6, 0x8D, 0xED, 0xDD, 0x9D, 0x9D, 0x9D, 0xF7, 0x66, 0x81,
    0x01, 0x80, 0xD4, 0x61, 0x5F, 0x00, 0x11, 0x9F, 0x88, 0x34, 0x59, 0x57, 0xFA, 0x3C, 0xBE, 0x83,
    0xF5, 0x11, 0xF6, 0x55, 0x03, 0xFB, 0xC6, 0x6F, 0x71, 0x09, 0x14, 0x37, 0x40, 0x26, 0xA9, 0x4F,
    0x45, 0xC2, 0x80, 0x80, 0x74, 0x40, 0xE4, 0x16, 0x01, 0xFD, 0x63, 0x56, 0x67, 0x99, 0x88, 0xDA,
    0xEA, 0x34, 0x0B, 0x50, 0x5B, 0x9D, 0x64, 0xD2, 0xAA, 0xCD, 0x8F, 0xF2, 0x2F, 0x28, 0x37, 0x6A,
    0x79, 0xA3, 0x53, 0x28, 0x1A, 0x0C, 0xA4, 0x45, 0x22, 0x4B, 0x98, 0xD9, 0x04, 0x86, 0x43, 0x8A,
    0x62, 0x35, 0x81, 0x95, 0x88, 0x84, 0x1B, 0xEB, 0x7B, 0xEF, 0xEE, 0x10, 0x43, 0x7E, 0xE7, 0xDD,
    0x73, 0x94, 0x22, 0xEE, 0xD1, 0x48, 0x1C, 0x70, 0x84, 0x9D, 0x31, 0x4E, 0x19, 0x88, 0x0E, 0xA6,
    0x55, 0x27, 0xBD, 0xAB, 0xD4, 0x05, 0xBA, 0x9B, 0xD8, 0xA1, 0x16, 0x1E, 0x72, 0x34, 0xED, 0x64,
    0x6C, 0x62, 0xCD, 0xB1, 0x68, 0xD5, 0xE5, 0xEA, 0x8C, 0xBA, 0x44, 0x1D, 0xC3, 0x76, 0xCF, 0xC6,
    0xAC, 0x6B, 0x43, 0x08, 0xB2, 0x6B, 0xA9, 0x46, 0xF3, 0x32, 0x30, 0x74, 0x99, 0x35, 0xA5, 0xE7,
    0x98, 0xEB, 0xC7, 0x79, 0xCC, 0xAC, 0x41, 0x7F, 0xF2, 0x3F, 0xF1, 0x92, 0x75, 0x1F, 0xB8, 0x9A,
    0xDE, 0x3A, 0xEB, 0x0E, 0x50, 0xC2, 0x56, 0xA5, 0xEB, 0x50, 0x78, 0xA9, 0x58, 0xAA, 0x97, 0xF3,
    0x16, 0xA3, 0x85, 0x7C, 0xEB, 0x9C, 0x9E, 0x46, 0xAA, 0xFD, 0xC5, 0x8F, 0xC5, 0x1C, 0xC9, 0xFA,
    0xA3, 0x96, 0x28, 0xE7, 0xD2, 0x60, 0x28, 0x15, 0xA9, 0x1C, 0x88, 0xAB, 0x3D, 0x55, 0x60, 0x38,
    0xF0, 0x1E, 0x05, 0x6B, 0x34, 0x5E, 0x33, 0xD4, 0x4B, 0x94, 0x4B, 0x3C, 0x09, 0x99, 0x84, 0x42,
    0x82, 0xCD, 0x82, 0x35, 0xC1, 0xBE, 0x0D, 0xB9, 0x84, 0xF4, 0xBB, 0xD7, 0xB4, 0xD2, 0x28, 0x4D,
    0x7C, 0x76, 0x3A, 0xFD, 0xF3, 0x54, 0xB2, 0x4A, 0xBA, 0x67, 0x48, 0x97, 0x24, 0x6D, 0x7E, 0x48,
    0x16, 0xA2, 0x52, 0x8E, 0x92, 0xC4, 0xD6, 0xCC, 0x47, 0xCE, 0x90, 0x6C, 0x06, 0xCC, 0x48, 0x22,
    0x4B, 0xAE, 0x27, 0x6B, 0x7D, 0xF8, 0x64, 0x78, 0x42, 0x62, 0x66, 0x26, 0x16, 0x81, 0x7C, 0x39,
    0x33, 0xDD, 0xC0, 0xAC, 0x67, 0x28, 0x64, 0x35, 0x21, 0xF1, 0xD1, 0x50, 0x2C, 0x73, 0xAB, 0x94,
    0x71, 0x2E, 0x5A, 0x6F, 0x62, 0x16, 0x4D, 0x4C, 0x97, 0x26, 0x0E, 0x37, 0x7F, 0x33, 0x28, 0xAB,
    0x7A, 0x46, 0x2C, 0x47, 0x5F, 0xEB, 0xF0, 0x3F, 0x06, 0x31, 0x60, 0xFA, 0x21, 0x4B, 0x31, 0x77,
    0xE0, 0x01, 0x03, 0xBB, 0x30, 0x66, 0xF2, 0xB9, 0xC9, 0xA7, 0xBE, 0xB2, 0x17, 0xEC, 0xBC, 0xD7,
    0x0A, 0xD9, 0xF4, 0xB8, 0xB8, 0xDE, 0x14, 0x57, 0xE7, 0x6D, 0xB6, 0xFE, 0xD0, 0xB2, 0x0B, 0x63,
    0xDF, 0x85, 0x45, 0xB7, 0x8D, 0x57, 0x0C, 0xF4, 0x3D, 0x66, 0x81, 0x4C, 0xB4, 0x7F, 0x77, 0xDF,
    0xD5, 0x72, 0xE3, 0xF3, 0xE9, 0x05, 0xEE, 0xF7, 0xFB, 0x05, 0xFE, 0x17, 0x57, 0xE4, 0x79, 0xFD,
    0xE9, 0xBE, 0xAB, 0x75, 0x3F, 0x8D, 0x27, 0x1E, 0x1C, 0x1F, 0x5B, 0x11, 0xDA, 0x41, 0x1D, 0xF0,
    0x62, 0x0E, 0x2D, 0x23, 0xEE, 0x0A, 0x6B, 0x72, 0x49, 0x8B, 0x41, 0xA7, 0x82, 0xF1, 0xAA, 0xF4,
    0x2D, 0xAD, 0x1A, 0x0C, 0x27, 0xBC, 0x4F, 0x51, 0xE1, 0x90, 0x2E, 0x3C, 0x52, 0xAE, 0x60, 0x8B,
    0xA1, 0xB8, 0x0D, 0xA4, 0xBA, 0xEA, 0x35, 0xD1, 0x85, 0x36, 0x3E, 0x74, 0x7B, 0xB1, 0x74, 0xE9,
    0xBA, 0x43, 0x4A, 0x5E, 0x52, 0x19, 0x6F, 0xAF, 0xD0, 0x2E, 0x91, 0x11, 0x45, 0xC5, 0xBE, 0x68,
    0x7B, 0x3E, 0x0B, 0xEA, 0x69, 0x2F, 0xAD, 0xB7, 0x4F, 0x73, 0x45, 0xF8, 0x07, 0x8F, 0x09, 0x77,
    0x8F, 0xAD, 0x16, 0xDB, 0xD8, 0x6C, 0x25, 0x15, 0x3B, 0xC6, 0x6F, 0x51, 0x56, 0xAA, 0x85, 0xF0,
    0xD6, 0x8A, 0xCC, 0x90, 0x93, 0xFB, 0xBA, 0xDD, 0xE2, 0xB7, 0x16, 0x3F, 0x01, 0x9D, 0x51, 0xB1,
    0x8E, 0xD4, 0x30, 0x10, 0x7D, 0x59, 0x8B, 0xB3, 0xB4, 0x29, 0x42, 0x01, 0xCD, 0x51, 0xB8, 0x3F,
    0xE9, 0x94, 0x3F, 0x60, 0xD2, 0x6D, 0x7B, 0x05, 0xDB, 0x53, 0xD3, 0xF0, 0x05, 0xE0, 0x88, 0x96,
    0x82, 0xFB, 0x84, 0x2D, 0xB6, 0x80, 0xA5, 0xA5, 0x42, 0x80, 0xF3, 0x09, 0x29, 0xAE, 0x27, 0x25,
    0xDA, 0x66, 0x5D, 0x04, 0x29, 0x77, 0x97, 0xCD, 0xF0, 0xBC, 0x41, 0x47, 0xCF, 0x68, 0x9E, 0x65,
    0x4F, 0x9E, 0x3D, 0x6F, 0x5E, 0xF0, 0x18, 0x78, 0x03, 0x68, 0x0D, 0xDF, 0xC1, 0xF6, 0x08, 0xA3,
    0xD5, 0xA3, 0xD3, 0x49, 0x6A, 0x15, 0x78, 0x0F, 0xE1, 0x2A, 0x35, 0x2B, 0x63, 0xAE, 0x31, 0x23,
    0x6D, 0x8E, 0x4C, 0xF7, 0xC8, 0x55, 0xE1, 0xEE, 0x14, 0xF2, 0x4E, 0x2B, 0xC9, 0xB5, 0xF6, 0xA5,
    0xD4, 0x32, 0x12, 0x31, 0xC0, 0xDD, 0xB3, 0xAE, 0x23, 0x2E, 0xB5, 0xC3, 0xBF, 0xE0, 0xED, 0xAC,
    0x05, 0x4C, 0x44, 0x6A, 0x85, 0x62, 0x04, 0xDC, 0x11, 0x10, 0x0F, 0xBC, 0x2D, 0x81, 0xD1, 0xD5,
    0xD9, 0x50, 0x34, 0x26, 0xDA, 0xCE, 0x76, 0x26, 0x16, 0x77, 0x9F, 0x07, 0xA7, 0x3A, 0x8A, 0xEA,
    0x74, 0xB1, 0xDB, 0x6D, 0xBD, 0xEA, 0x90, 0xE0, 0x7E, 0xFB, 0x1B, 0x1B, 0x5D, 0xF3, 0xBF, 0x48,
    0x4A, 0x1E, 0xAD, 0xAF, 0x44, 0x23, 0xB3, 0xDC, 0x6F, 0x8A, 0x0E, 0xA6, 0x47, 0x46, 0x31, 0x21,
    0x25, 0x37, 0x3C, 0xB2, 0x28, 0xFB, 0x4D, 0x22, 0x28, 0xD5, 0xE2, 0x62, 0xF7, 0x51, 0xF4, 0xC8,
    0x7C, 0xBA, 0x7E, 0x71, 0x32, 0x6C, 0x44, 0x36, 0xA4, 0x41, 0x6C, 0x87, 0xBC, 0x41, 0x51, 0x83,
    0xFA, 0x9F, 0x03, 0xDF, 0x80, 0x01, 0x8B, 0x08, 0x33, 0x97, 0x1B, 0x94, 0x15, 0x04, 0xF8, 0x7E,
    0x1A, 0xFF, 0x1C, 0xBE, 0xD6, 0x26, 0x34, 0x72, 0x3A, 0x2D, 0x3F, 0xCD, 0xD3, 0x97, 0xC9, 0x01,
    0x82, 0x26, 0x60, 0x22, 0xB8, 0xA5, 0x84, 0x1F, 0x66, 0x80, 0xE7, 0xFB, 0xB2, 0x8A, 0x70, 0x1F,
    0x5A, 0x14, 0x3F, 0x1B, 0x1A, 0xDE, 0xC0, 0x6A, 0x05, 0xA3, 0xA4, 0xFC, 0xA5, 0xA6, 0x58, 0xFC,
    0xC2, 0x57, 0x14, 0x6A, 0xB5, 0x29, 0xF5, 0xA0, 0x9D, 0xAC, 0x74, 0x15, 0x65, 0x71, 0x34, 0x51,
    0x8C, 0x72, 0x39, 0xE8, 0xA1, 0x73, 0xFA, 0x5E, 0x5B, 0x7B, 0xCC, 0x78, 0x7B, 0x8E, 0x73, 0xFE,
    0x0B, 0x4E, 0xB6, 0x20, 0xCC, 0xB4, 0x49, 0x13, 0xC3, 0x72, 0xD0, 0x9C, 0xE0, 0xE8, 0x28, 0xDA,
    0x19, 0xC9, 0xAD, 0x84, 0x92, 0x74, 0x21, 0x7C, 0x05, 0xC7, 0xEE, 0xC2, 0xEE, 0x9E, 0x86, 0x2D,
    0xAF, 0x89, 0x0A, 0xFE, 0xB6, 0x0F, 0x1A, 0xB7, 0x8E, 0x17, 0x20, 0xED, 0x97, 0xA0, 0xFD, 0x6D,
    0x88, 0x38, 0xAB, 0x90, 0x55, 0xC8, 0xDB, 0xF5, 0xEB, 0x9B, 0xA0, 0x23, 0x33, 0xE9, 0x1D, 0x31,
    0xEF, 0x83, 0x0E, 0x34, 0x6D, 0x99, 0xA4, 0xBC, 0xC4, 0xB3, 0x48, 0x1D, 0x7E, 0xAA, 0x42, 0x0B,
    0xAE, 0x49, 0x53, 0xD2, 0x71, 0xF5, 0x6A, 0xB7, 0x25, 0x8D, 0xF9, 0x84, 0xCF, 0x5E, 0xB3, 0x29,
    0x3F, 0xF5, 0x70, 0xC3, 0x99, 0xF6, 0x14, 0xC0, 0x0A, 0xEB, 0x0F, 0x9C, 0x3F, 0x63, 0x60, 0x60,
    0x73, 0x60, 0x10, 0x91, 0xBF, 0xC0, 0xF4, 0x3F, 0xFE, 0x02, 0xFB, 0x7F, 0xAE, 0x06, 0xEE, 0x5F,
    0x0C, 0x0C, 0xFC, 0x0F, 0x18, 0x18, 0xEA, 0xFF, 0xF1, 0x1F, 0xA8, 0xFF, 0x0F, 0xC1, 0xFC, 0x0F,
    0xF0, 0x63, 0x06, 0x11, 0x56, 0x07, 0xA0, 0xFE, 0x03, 0xEC, 0xFF, 0xE5, 0x0F, 0x70, 0xFF, 0x92,
    0x07, 0x8A, 0xC9, 0x1F, 0xA8, 0xFF, 0x07, 0xC4, 0xFF, 0x21, 0x18, 0xC4, 0xC7, 0x87, 0x01,
};

static const EpdGlyph lexenddeca_10_bolditalicGlyphs[] = {
    { 0, 0, 92, 0, 0, 0, 0 }, // U+000D
    { 0, 0, 107, 0, 0, 0, 0 }, // U+0020
    { 4, 16, 103, 1, 15, 16, 0 }, // !
    { 10, 6, 159, 0, 15, 15, 16 }, // "
    { 14, 15, 245, 1, 15, 53, 31 }, // #
    { 13, 19, 211, 0, 17, 62, 84 }, // $
    { 20, 16, 323, 0, 15, 80, 146 }, // %
    { 16, 16, 259, 1, 15, 64, 226 }, // &
    { 5, 6, 84, 0, 15, 8, 290 }, // '
    { 8, 19, 130, 0, 15, 38, 298 }, // (
    { 8, 19, 130, 0, 15, 38, 336 }, // )
    { 9, 9, 147, 0, 16, 21, 374 }, // *
    { 11, 11, 199, 1, 11, 31, 395 }, // +
    { 6, 8, 96, 0, 3, 12, 426 }, // ,
    { 8, 4, 149, 1, 8, 8, 438 }, // -
    { 5, 5, 86, 0, 4, 7, 446 }, // .
    { 13, 18, 198, 0, 15, 59, 453 }, // /
    { 14, 16, 225, 0, 15, 56, 512 }, // 0
    { 10, 15, 187, 1, 15, 38, 568 }, // 1
    { 12, 15, 183, 0, 15, 45, 606 }, // 2
    { 12, 16, 197, 0, 15, 48, 651 }, // 3
    { 14, 15, 221, 0, 15, 53, 699 }, // 4
    { 12, 16, 199, 0, 15, 48, 752 }, // 5
    { 12, 15, 193, 0, 15, 45, 800 }, // 6
    { 11, 15, 184, 0, 15, 42, 845 }, // 7
    { 12, 16, 200, 0, 15, 48, 887 }, // 8
    { 12, 15, 192, 0, 15, 45, 935 }, // 9
    { 5, 13, 86, 0, 12, 17, 980 }, // :
    { 6, 17, 97, 0, 12, 26, 997 }, // ;
    { 11, 12, 175, 0, 11, 33, 1023 }, // <
    { 11, 8, 208, 1, 10, 22, 1056 }, // =
    { 11, 12, 175, 0, 11, 33, 1078 }, // >
    { 11, 16, 179, 0, 15, 44, 1111 }, // ?
    { 20, 19, 322, 0, 15, 95, 1155 }, // @
    { 16, 15, 231, -1, 15, 60, 1250 }, // A
    { 13, 15, 234, 1, 15, 49, 1310 }, // B
    { 14, 16, 231, 0, 15, 56, 1359 }, // C
    { 15, 15, 257, 1, 15, 57, 1415 }, // D
    { 12, 15, 215, 1, 15, 45, 1472 }, // E
    { 11, 15, 206, 1, 15, 42, 1517 }, // F
    { 16, 16, 261, 0, 15, 64, 1559 }, // G
    { 14, 15, 260, 1, 15, 53, 1623 }, // H
    { 10, 15, 185, 1, 15, 38, 1676 }, // I
    { 13, 16, 222, 0, 15, 52, 1714 }, // J
    { 15, 15, 246, 1, 15, 57, 1766 }, // K
    { 11, 15, 203, 1, 15, 42, 1823 }, // L
    { 16, 15, 293, 1, 15, 60, 1865 }, // M
    { 14, 15, 269, 1, 15, 53, 1925 }, // N
    { 16, 16, 271, 0, 15, 64, 1978 }, // O
    { 12, 15, 221, 1, 15, 45, 2042 }, // P
    { 16, 18, 271, 0, 15, 72, 2087 }, // Q
    { 13, 15, 234, 1, 15, 49, 2159 }, // R
    { 13, 16, 211, 0, 15, 52, 2208 }, // S
    { 13, 15, 218, 0, 15, 49, 2260 }, // T
    { 14, 16, 255, 1, 15, 56, 2309 }, // U
    { 15, 15, 237, 0, 15, 57, 2365 }, // V
    { 21, 15, 331, 0, 15, 79, 2422 }, // W
    { 16, 15, 235, -1, 15, 60, 2501 }, // X
    { 16, 15, 230, -1, 15, 60, 2561 }, // Y
    { 13, 15, 228, 1, 15, 49, 2621 }, // Z
    { 7, 19, 140, 1, 15, 34, 2670 }, // [
    { 13, 18, 195, 0, 15, 59, 2704 }, // <backslash>
    { 8, 19, 140, 0, 15, 38, 2763 }, // ]
    { 13, 9, 197, 0, 16, 30, 2801 }, // ^
    { 14, 3, 229, 0, -1, 11, 2831 }, // _
    { 6, 5, 167, 2, 17, 8, 2842 }, // `
    { 13, 13, 220, 0, 12, 43, 2850 }, // a
    { 12, 17, 219, 1, 16, 51, 2893 }, // b
    { 12, 13, 182, 0, 12, 39, 2944 }, // c
    { 13, 17, 218, 0, 16, 56, 2983 }, // d
    { 12, 13, 195, 0, 12, 39, 3039 }, // e
    { 9, 16, 131, 0, 16, 36, 3078 }, // f
    { 13, 17, 223, 0, 12, 56, 3114 }, // g
    { 11, 16, 212, 1, 16, 44, 3170 }, // h
    { 5, 17, 106, 1, 17, 22, 3214 }, // i
    { 7, 22, 105, -1, 17, 39, 3236 }, // j
    { 13, 16, 209, 1, 16, 52, 3275 }, // k
    { 4, 16, 101, 1, 16, 16, 3327 }, // l
    { 18, 12, 321, 1, 12, 54, 3343 }, // m
    { 11, 12, 212, 1, 12, 33, 3397 }, // n
    { 13, 13, 214, 0, 12, 43, 3430 }, // o
    { 12, 17, 220, 1, 12, 51, 3473 }, // p
    { 13, 17, 219, 0, 12, 56, 3524 }, // q
    { 9, 12, 152, 1, 12, 27, 3580 }, // r
    { 10, 13, 165, 0, 12, 33, 3607 }, // s
    { 8, 14, 133, 0, 14, 28, 3640 }, // t
    { 11, 13, 214, 1, 12, 36, 3668 }, // u
    { 13, 12, 202, 0, 12, 39, 3704 }, // v
    { 18, 12, 278, 0, 12, 54, 3743 }, // w
    { 13, 12, 202, 0, 12, 39, 3797 }, // x
    { 13, 17, 207, 0, 12, 56, 3836 }, // y
    { 10, 12, 183, 1, 12, 30, 3892 }, // z
    { 9, 20, 142, 0, 15, 45, 3922 }, // {
    { 4, 21, 106, 1, 16, 21, 3967 }, // |
    { 9, 20, 142, 0, 15, 45, 3988 }, // }
    { 11, 5, 186, 0, 9, 14, 4033 }, // ~
    { 0, 0, 107, 0, 0, 0, 0 }, // U+00A0
    { 4, 16, 103, 1, 12, 16, 0 }, // U+00A1
    { 12, 15, 188, 0, 15, 45, 16 }, // U+00A2
    { 13, 16, 213, 0, 15, 52, 61 }, // U+00A3
    { 12, 11, 187, 0, 12, 33, 113 }, // U+00A4
    { 16, 15, 230, -1, 15, 60, 146 }, // U+00A5
    { 4, 21, 108, 1, 16, 21, 206 }, // U+00A6
    { 12, 18, 192, 0, 15, 54, 227 }, // U+00A7
    { 10, 4, 167, 0, 17, 10, 281 }, // U+00A8
    { 16, 16, 264, 0, 15, 64, 291 }, // U+00A9
    { 8, 8, 130, 0, 16, 16, 355 }, // U+00AA
    { 11, 11, 187, 0, 11, 31, 371 }, // U+00AB
    { 14, 7, 223, 0, 9, 25, 402 }, // U+00AC
    { 8, 4, 151, 1, 8, 8, 427 }, // U+00AD
    { 11, 12, 169, 0, 16, 33, 435 }, // U+00AE
    { 8, 3, 141, 1, 16, 6, 468 }, // U+00AF
    { 8, 7, 177, 2, 15, 14, 474 }, // U+00B0
    { 11, 13, 214, 1, 12, 36, 488 }, // U+00B1
    { 7, 8, 121, 0, 17, 14, 524 }, // U+00B2
    { 7, 9, 119, 0, 17, 16, 538 }, // U+00B3
    { 6, 5, 167, 2, 17, 8, 554 }, // U+00B4
    { 11, 16, 213, 1, 12, 44, 562 }, // U+00B5
    { 15, 15, 254, 0, 15, 57, 606 }, // U+00B6
    { 5, 5, 86, 0, 10, 7, 663 }, // U+00B7
    { 6, 7, 167, 2, 1, 11, 670 }, // U+00B8
    { 5, 9, 97, 0, 17, 12, 681 }, // U+00B9
    { 8, 7, 133, 0, 15, 14, 693 }, // U+00BA
    { 12, 11, 188, 0, 11, 33, 707 }, // U+00BB
    { 17, 17, 274, 0, 16, 73, 740 }, // U+00BC
    { 17, 16, 276, 0, 16, 68, 813 }, // U+00BD
    { 17, 16, 283, 0, 15, 68, 881 }, // U+00BE
    { 11, 16, 179, 0, 12, 44, 949 }, // U+00BF
    { 16, 20, 231, -1, 20, 80, 993 }, // U+00C0
    { 16, 20, 231, -1, 20, 80, 1073 }, // U+00C1
    { 16, 20, 231, -1, 20, 80, 1153 }, // U+00C2
    { 16, 19, 231, -1, 19, 76, 1233 }, // U+00C3
    { 16, 20, 231, -1, 20, 80, 1309 }, // U+00C4
    { 16, 20, 231, -1, 20, 80, 1389 }, // U+00C5
    { 23, 15, 358, -1, 15, 87, 1469 }, // U+00C6
    { 14, 21, 231, 0, 15, 74, 1556 }, // U+00C7
    { 12, 20, 215, 1, 20, 60, 1630 }, // U+00C8
    { 12, 20, 215, 1, 20, 60, 1690 }, // U+00C9
    { 12, 20, 215, 1, 20, 60, 1750 }, // U+00CA
    { 12, 20, 215, 1, 20, 60, 1810 }, // U+00CB
    { 10, 20, 185, 1, 20, 50, 1870 }, // U+00CC
    { 10, 20, 185, 1, 20, 50, 1920 }, // U+00CD
    { 10, 20, 185, 1, 20, 50, 1970 }, // U+00CE
    { 10, 20, 185, 1, 20, 50, 2020 }, // U+00CF
    { 16, 15, 257, 0, 15, 60, 2070 }, // U+00D0
    { 14, 19, 269, 1, 19, 67, 2130 }, // U+00D1
    { 16, 21, 271, 0, 20, 84, 2197 }, // U+00D2
    { 16, 21, 271, 0, 20, 84, 2281 }, // U+00D3
    { 16, 21, 271, 0, 20, 84, 2365 }, // U+00D4
    { 16, 20, 271, 0, 19, 80, 2449 }, // U+00D5
    { 16, 21, 271, 0, 20, 84, 2529 }, // U+00D6
    { 11, 10, 177, 0, 11, 28, 2613 }, // U+00D7
    { 16, 17, 269, 0, 16, 68, 2641 }, // U+00D8
    { 14, 21, 255, 1, 20, 74, 2709 }, // U+00D9
    { 14, 21, 255, 1, 20, 74, 2783 }, // U+00DA
    { 14, 21, 255, 1, 20, 74, 2857 }, // U+00DB
    { 14, 21, 255, 1, 20, 74, 2931 }, // U+00DC
    { 16, 20, 230, -1, 20, 80, 3005 }, // U+00DD
    { 12, 15, 221, 1, 15, 45, 3085 }, // U+00DE
    { 14, 17, 222, 0, 16, 60, 3130 }, // U+00DF
    { 13, 18, 220, 0, 17, 59, 3190 }, // U+00E0
    { 13, 18, 220, 0, 17, 59, 3249 }, // U+00E1
    { 13, 18, 220, 0, 17, 59, 3308 }, // U+00E2
    { 13, 17, 220, 0, 16, 56, 3367 }, // U+00E3
    { 13, 18, 220, 0, 17, 59, 3423 }, // U+00E4
    { 13, 19, 220, 0, 18, 62, 3482 }, // U+00E5
    { 19, 13, 300, 0, 12, 62, 3544 }, // U+00E6
    { 12, 18, 182, 0, 12, 54, 3606 }, // U+00E7
    { 12, 18, 195, 0, 17, 54, 3660 }, // U+00E8
    { 12, 18, 195, 0, 17, 54, 3714 }, // U+00E9
    { 12, 18, 195, 0, 17, 54, 3768 }, // U+00EA
    { 12, 18, 195, 0, 17, 54, 3822 }, // U+00EB
    { 7, 17, 96, -1, 17, 30, 3876 }, // U+00EC
    { 6, 17, 96, 0, 17, 26, 3906 }, // U+00ED
    { 8, 17, 96, -1, 17, 34, 3932 }, // U+00EE
    { 10, 17, 96, -2, 17, 43, 3966 }, // U+00EF
    { 12, 17, 199, 0, 16, 51, 4009 }, // U+00F0
    { 11, 16, 212, 1, 16, 44, 4060 }, // U+00F1
    { 13, 18, 214, 0, 17, 59, 4104 }, // U+00F2
    { 13, 18, 214, 0, 17, 59, 4163 }, // U+00F3
    { 13, 18, 214, 0, 17, 59, 4222 }, // U+00F4
    { 13, 17, 214, 0, 16, 56, 4281 }, // U+00F5
    { 13, 18, 214, 0, 17, 59, 4337 }, // U+00F6
    { 12, 13, 199, 0, 12, 39, 4396 }, // U+00F7
    { 13, 13, 214, 0, 12, 43, 4435 }, // U+00F8
    { 11, 18, 214, 1, 17, 50, 4478 }, // U+00F9
    { 11, 18, 214, 1, 17, 50, 4528 }, // U+00FA
    { 11, 18, 214, 1, 17, 50, 4578 }, // U+00FB
    { 11, 18, 214, 1, 17, 50, 4628 }, // U+00FC
    { 13, 22, 207, 0, 17, 72, 4678 }, // U+00FD
    { 12, 21, 220, 1, 16, 63, 4750 }, // U+00FE
    { 13, 22, 207, 0, 17, 72, 4813 }, // U+00FF
    { 16, 19, 231, -1, 19, 76, 0 }, // U+0100
    { 13, 17, 220, 0, 16, 56, 76 }, // U+0101
    { 16, 20, 231, -1, 20, 80, 132 }, // U+0102
    { 13, 17, 220, 0, 16, 56, 212 }, // U+0103
    { 16, 20, 231, -1, 15, 80, 268 }, // U+0104
    { 13, 17, 220, 0, 12, 56, 348 }, // U+0105
    { 14, 21, 231, 0, 20, 74, 404 }, // U+0106
    { 12, 18, 182, 0, 17, 54, 478 }, // U+0107
    { 14, 21, 231, 0, 20, 74, 532 }, // U+0108
    { 12, 18, 182, 0, 17, 54, 606 }, // U+0109
    { 14, 21, 231, 0, 20, 74, 660 }, // U+010A
    { 12, 18, 182, 0, 17, 54, 734 }, // U+010B
    { 14, 21, 231, 0, 20, 74, 788 }, // U+010C
    { 12, 18, 182, 0, 17, 54, 862 }, // U+010D
    { 15, 20, 257, 1, 20, 75, 916 }, // U+010E
    { 18, 17, 251, 0, 16, 77, 991 }, // U+010F
    { 16, 15, 257, 0, 15, 60, 1068 }, // U+0110
    { 14, 17, 218, 0, 16, 60, 1128 }, // U+0111
    { 12, 19, 215, 1, 19, 57, 1188 }, // U+0112
    { 12, 17, 195, 0, 16, 51, 1245 }, // U+0113
    { 12, 20, 215, 1, 20, 60, 1296 }, // U+0114
    { 12, 17, 195, 0, 16, 51, 1356 }, // U+0115
    { 12, 20, 215, 1, 20, 60, 1407 }, // U+0116
    { 12, 18, 195, 0, 17, 54, 1467 }, // U+0117
    { 12, 20, 215, 1, 15, 60, 1521 }, // U+0118
    { 12, 17, 195, 0, 12, 51, 1581 }, // U+0119
    { 12, 20, 215, 1, 20, 60, 1632 }, // U+011A
    { 12, 18, 195, 0, 17, 54, 1692 }, // U+011B
    { 16, 21, 261, 0, 20, 84, 1746 }, // U+011C
    { 13, 22, 223, 0, 17, 72, 1830 }, // U+011D
    { 16, 21, 261, 0, 20, 84, 1902 }, // U+011E
    { 13, 21, 223, 0, 16, 69, 1986 }, // U+011F
    { 16, 21, 261, 0, 20, 84, 2055 }, // U+0120
    { 13, 22, 223, 0, 17, 72, 2139 }, // U+0121
    { 16, 22, 261, 0, 15, 88, 2211 }, // U+0122
    { 13, 23, 223, 0, 18, 75, 2299 }, // U+0123
    { 14, 20, 260, 1, 20, 70, 2374 }, // U+0124
    { 11, 21, 212, 1, 21, 58, 2444 }, // U+0125
    { 17, 15, 273, 0, 15, 64, 2502 }, // U+0126
    { 12, 16, 212, 0, 16, 48, 2566 }, // U+0127
    { 10, 19, 185, 1, 19, 48, 2614 }, // U+0128
    { 8, 16, 96, -1, 16, 32, 2662 }, // U+0129
    { 10, 19, 185, 1, 19, 48, 2694 }, // U+012A
    { 8, 16, 96, -1, 16, 32, 2742 }, // U+012B
    { 10, 20, 185, 1, 20, 50, 2774 }, // U+012C
    { 8, 16, 96, -1, 16, 32, 2824 }, // U+012D
    { 10, 20, 185, 1, 15, 50, 2856 }, // U+012E
    { 6, 22, 96, 0, 17, 33, 2906 }, // U+012F
    { 10, 20, 185, 1, 20, 50, 2939 }, // U+0130
    { 4, 12, 96, 1, 12, 12, 2989 }, // U+0131
    { 24, 16, 407, 1, 15, 96, 3001 }, // U+0132
    { 12, 22, 212, 1, 17, 66, 3097 }, // U+0133
    { 13, 21, 222, 0, 20, 69, 3163 }, // U+0134
    { 9, 22, 105, -1, 17, 50, 3232 }, // U+0135
    { 15, 22, 246, 1, 15, 83, 3282 }, // U+0136
    { 13, 23, 209, 1, 16, 75, 3365 }, // U+0137
    { 12, 12, 210, 1, 12, 36, 3440 }, // U+0138
    { 11, 20, 203, 1, 20, 55, 3476 }, // U+0139
    { 7, 21, 101, 0, 21, 37, 3531 }, // U+013A
    { 11, 22, 203, 1, 15, 61, 3568 }, // U+013B
    { 5, 23, 101, 1, 16, 29, 3629 }, // U+013C
    { 11, 15, 203, 1, 15, 42, 3658 }, // U+013D
    { 10, 16, 135, 1, 16, 40, 3700 }, // U+013E
    { 11, 15, 203, 1, 15, 42, 3740 }, // U+013F
    { 9, 16, 149, 1, 16, 36, 3782 }, // U+0140
    { 14, 15, 208, -1, 15, 53, 3818 }, // U+0141
    { 9, 16, 126, -1, 16, 36, 3871 }, // U+0142
    { 14, 20, 269, 1, 20, 70, 3907 }, // U+0143
    { 11, 17, 212, 1, 17, 47, 3977 }, // U+0144
    { 14, 22, 269, 1, 15, 77, 4024 }, // U+0145
    { 11, 19, 212, 1, 12, 53, 4101 }, // U+0146
    { 14, 20, 269, 1, 20, 70, 4154 }, // U+0147
    { 11, 17, 212, 1, 17, 47, 4224 }, // U+0148
    { 15, 15, 223, -2, 15, 57, 4271 }, // U+0149
    { 14, 20, 269, 1, 15, 70, 4328 }, // U+014A
    { 11, 17, 212, 1, 12, 47, 4398 }, // U+014B
    { 16, 20, 271, 0, 19, 80, 4445 }, // U+014C
    { 13, 17, 214, 0, 16, 56, 4525 }, // U+014D
    { 16, 21, 271, 0, 20, 84, 4581 }, // U+014E
    { 13, 17, 214, 0, 16, 56, 4665 }, // U+014F
    { 16, 22, 271, 0, 21, 88, 4721 }, // U+0150
    { 13, 18, 214, 0, 17, 59, 4809 }, // U+0151
    { 22, 15, 360, 0, 15, 83, 4868 }, // U+0152
    { 21, 13, 334, 0, 12, 69, 4951 }, // U+0153
    { 13, 20, 234, 1, 20, 65, 5020 }, // U+0154
    { 9, 17, 152, 1, 17, 39, 5085 }, // U+0155
    { 13, 22, 234, 1, 15, 72, 5124 }, // U+0156
    { 9, 19, 152, 1, 12, 43, 5196 }, // U+0157
    { 13, 20, 234, 1, 20, 65, 5239 }, // U+0158
    { 9, 17, 152, 1, 17, 39, 5304 }, // U+0159
    { 13, 21, 211, 0, 20, 69, 5343 }, // U+015A
    { 10, 18, 165, 0, 17, 45, 5412 }, // U+015B
    { 13, 21, 211, 0, 20, 69, 5457 }, // U+015C
    { 10, 18, 165, 0, 17, 45, 5526 }, // U+015D
    { 13, 21, 211, 0, 15, 69, 5571 }, // U+015E
    { 10, 18, 165, 0, 12, 45, 5640 }, // U+015F
    { 13, 21, 211, 0, 20, 69, 5685 }, // U+0160
    { 10, 18, 165, 0, 17, 45, 5754 }, // U+0161
    { 13, 21, 218, 0, 15, 69, 5799 }, // U+0162
    { 8, 20, 133, 0, 14, 40, 5868 }, // U+0163
    { 13, 20, 218, 0, 20, 65, 5908 }, // U+0164
    { 11, 18, 133, 0, 18, 50, 5973 }, // U+0165
    { 13, 15, 218, 0, 15, 49, 6023 }, // U+0166
    { 8, 14, 133, 0, 14, 28, 6072 }, // U+0167
    { 14, 20, 255, 1, 19, 70, 6100 }, // U+0168
    { 11, 17, 214, 1, 16, 47, 6170 }, // U+0169
    { 14, 20, 255, 1, 19, 70, 6217 }, // U+016A
    { 11, 17, 214, 1, 16, 47, 6287 }, // U+016B
    { 14, 21, 255, 1, 20, 74, 6334 }, // U+016C
    { 11, 17, 214, 1, 16, 47, 6408 }, // U+016D
    { 14, 21, 255, 1, 20, 74, 6455 }, // U+016E
    { 11, 19, 214, 1, 18, 53, 6529 }, // U+016F
    { 14, 22, 255, 1, 21, 77, 6582 }, // U+0170
    { 11, 18, 214, 1, 17, 50, 6659 }, // U+0171
    { 14, 20, 255, 1, 15, 70, 6709 }, // U+0172
    { 11, 17, 214, 1, 12, 47, 6779 }, // U+0173
    { 21, 20, 331, 0, 20, 105, 6826 }, // U+0174
    { 18, 17, 278, 0, 17, 77, 6931 }, // U+0175
    { 16, 20, 230, -1, 20, 80, 7008 }, // U+0176
    { 13, 22, 207, 0, 17, 72, 7088 }, // U+0177
    { 16, 20, 230, -1, 20, 80, 7160 }, // U+0178
    { 13, 20, 228, 1, 20, 65, 7240 }, // U+0179
    { 10, 17, 183, 1, 17, 43, 7305 }, // U+017A
    { 13, 20, 228, 1, 20, 65, 7348 }, // U+017B
    { 10, 17, 183, 1, 17, 43, 7413 }, // U+017C
    { 13, 20, 228, 1, 20, 65, 7456 }, // U+017D
    { 10, 17, 183, 1, 17, 43, 7521 }, // U+017E
    { 16, 19, 271, 0, 18, 76, 0 }, // U+01A0
    { 14, 15, 214, 0, 14, 53, 76 }, // U+01A1
    { 16, 19, 255, 1, 18, 76, 129 }, // U+01AF
    { 13, 15, 214, 1, 14, 49, 205 }, // U+01B0
    { 28, 20, 470, 1, 20, 140, 254 }, // U+01C4
    { 26, 17, 440, 1, 17, 111, 394 }, // U+01C5
    { 25, 18, 401, 0, 17, 113, 505 }, // U+01C6
    { 25, 16, 425, 1, 15, 100, 618 }, // U+01C7
    { 18, 22, 308, 1, 17, 99, 718 }, // U+01C8
    { 11, 22, 202, 1, 17, 61, 817 }, // U+01C9
    { 29, 16, 491, 1, 15, 116, 878 }, // U+01CA
    { 22, 22, 374, 1, 17, 121, 994 }, // U+01CB
    { 18, 22, 317, 1, 17, 99, 1115 }, // U+01CC
    { 16, 20, 231, -1, 20, 80, 1214 }, // U+01CD
    { 13, 18, 220, 0, 17, 59, 1294 }, // U+01CE
    { 10, 20, 185, 1, 20, 50, 1353 }, // U+01CF
    { 8, 17, 96, -1, 17, 34, 1403 }, // U+01D0
    { 16, 21, 271, 0, 20, 84, 1437 }, // U+01D1
    { 13, 18, 214, 0, 17, 59, 1521 }, // U+01D2
    { 14, 21, 255, 1, 20, 74, 1580 }, // U+01D3
    { 11, 18, 214, 1, 17, 50, 1654 }, // U+01D4
    { 16, 21, 261, 0, 20, 84, 1704 }, // U+01E6
    { 13, 22, 223, 0, 17, 72, 1788 }, // U+01E7
    { 16, 20, 271, 0, 15, 80, 1860 }, // U+01EA
    { 13, 17, 214, 0, 12, 56, 1940 }, // U+01EB
    { 28, 15, 470, 1, 15, 105, 1996 }, // U+01F1
    { 26, 15, 440, 1, 15, 98, 2101 }, // U+01F2
    { 16, 24, 231, -1, 24, 96, 2199 }, // U+01FA
    { 13, 24, 220, 0, 23, 78, 2295 }, // U+01FB
    { 23, 20, 358, -1, 20, 115, 2373 }, // U+01FC
    { 19, 18, 300, 0, 17, 86, 2488 }, // U+01FD
    { 16, 21, 269, 0, 20, 84, 2574 }, // U+01FE
    { 13, 18, 214, 0, 17, 59, 2658 }, // U+01FF
    { 16, 20, 231, -1, 20, 80, 2717 }, // U+0200
    { 13, 18, 220, 0, 17, 59, 2797 }, // U+0201
    { 16, 20, 231, -1, 20, 80, 2856 }, // U+0202
    { 13, 18, 220, 0, 17, 59, 2936 }, // U+0203
    { 12, 20, 215, 1, 20, 60, 2995 }, // U+0204
    { 12, 18, 195, 0, 17, 54, 3055 }, // U+0205
    { 12, 20, 215, 1, 20, 60, 3109 }, // U+0206
    { 12, 18, 195, 0, 17, 54, 3169 }, // U+0207
    { 11, 20, 185, 0, 20, 55, 3223 }, // U+0208
    { 10, 17, 96, -3, 17, 43, 3278 }, // U+0209
    { 10, 20, 185, 1, 20, 50, 3321 }, // U+020A
    { 8, 17, 96, -1, 17, 34, 3371 }, // U+020B
    { 16, 21, 271, 0, 20, 84, 3405 }, // U+020C
    { 13, 18, 214, 0, 17, 59, 3489 }, // U+020D
    { 16, 21, 271, 0, 20, 84, 3548 }, // U+020E
    { 13, 18, 214, 0, 17, 59, 3632 }, // U+020F
    { 13, 20, 234, 1, 20, 65, 3691 }, // U+0210
    { 11, 17, 152, -1, 17, 47, 3756 }, // U+0211
    { 13, 20, 234, 1, 20, 65, 3803 }, // U+0212
    { 9, 17, 152, 1, 17, 39, 3868 }, // U+0213
    { 14, 21, 255, 1, 20, 74, 3907 }, // U+0214
    { 12, 18, 214, 0, 17, 54, 3981 }, // U+0215
    { 14, 21, 255, 1, 20, 74, 4035 }, // U+0216
    { 11, 18, 214, 1, 17, 50, 4109 }, // U+0217
    { 13, 22, 211, 0, 15, 72, 4159 }, // U+0218
    { 10, 19, 165, 0, 12, 48, 4231 }, // U+0219
    { 13, 22, 218, 0, 15, 72, 4279 }, // U+021A
    { 8, 21, 133, 0, 14, 42, 4351 }, // U+021B
    { 6, 5, 0, 2, 17, 8, 0 }, // U+0300
    { 6, 5, 0, 2, 17, 8, 8 }, // U+0301
    { 9, 5, 0, 1, 17, 12, 16 }, // U+0302
    { 8, 4, 0, 1, 16, 8, 28 }, // U+0303
    { 8, 3, 0, 1, 16, 6, 36 }, // U+0304
    { 8, 4, 0, 1, 16, 8, 42 }, // U+0306
    { 5, 4, 0, 3, 17, 5, 50 }, // U+0307
    { 10, 4, 0, 0, 17, 10, 55 }, // U+0308
    { 6, 6, 0, 2, 18, 9, 65 }, // U+0309
    { 6, 6, 0, 2, 18, 9, 74 }, // U+030A
    { 10, 5, 0, 0, 17, 13, 83 }, // U+030B
    { 9, 5, 0, 1, 17, 12, 96 }, // U+030C
    { 10, 5, 0, 0, 17, 13, 108 }, // U+030F
    { 8, 5, 0, 1, 17, 10, 121 }, // U+0311
    { 5, 6, 0, 3, 18, 8, 131 }, // U+0312
    { 6, 5, 0, 2, 14, 8, 139 }, // U+031B
    { 5, 4, 0, 3, -1, 5, 147 }, // U+0323
    { 10, 4, 0, 0, -1, 10, 152 }, // U+0324
    { 5, 7, 0, 3, 0, 9, 162 }, // U+0326
    { 6, 7, 0, 2, 1, 11, 171 }, // U+0327
    { 6, 6, 0, 2, 1, 9, 182 }, // U+0328
    { 8, 4, 0, 1, -1, 8, 191 }, // U+032E
    { 7, 4, 0, 2, -1, 7, 199 }, // U+0331
    { 8, 4, 0, 1, 8, 8, 206 }, // U+0335
    { 16, 20, 231, -1, 15, 80, 0 }, // U+1EA0
    { 13, 17, 220, 0, 12, 56, 80 }, // U+1EA1
    { 16, 21, 231, -1, 21, 84, 136 }, // U+1EA2
    { 13, 19, 220, 0, 18, 62, 220 }, // U+1EA3
    { 16, 23, 231, -1, 23, 92, 282 }, // U+1EA4
    { 14, 21, 220, 0, 20, 74, 374 }, // U+1EA5
    { 16, 23, 231, -1, 23, 92, 448 }, // U+1EA6
    { 13, 21, 220, 0, 20, 69, 540 }, // U+1EA7
    { 16, 23, 231, -1, 23, 92, 609 }, // U+1EA8
    { 14, 22, 220, 0, 21, 77, 701 }, // U+1EA9
    { 16, 23, 231, -1, 23, 92, 778 }, // U+1EAA
    { 13, 21, 220, 0, 20, 69, 870 }, // U+1EAB
    { 16, 25, 231, -1, 20, 100, 939 }, // U+1EAC
    { 13, 22, 220, 0, 17, 72, 1039 }, // U+1EAD
    { 16, 23, 231, -1, 23, 92, 1111 }, // U+1EAE
    { 13, 22, 220, 0, 21, 72, 1203 }, // U+1EAF
    { 16, 23, 231, -1, 23, 92, 1275 }, // U+1EB0
    { 13, 22, 220, 0, 21, 72, 1367 }, // U+1EB1
    { 16, 23, 231, -1, 23, 92, 1439 }, // U+1EB2
    { 13, 22, 220, 0, 21, 72, 1531 }, // U+1EB3
    { 16, 23, 231, -1, 23, 92, 1603 }, // U+1EB4
    { 13, 21, 220, 0, 20, 69, 1695 }, // U+1EB5
    { 16, 25, 231, -1, 20, 100, 1764 }, // U+1EB6
    { 13, 21, 220, 0, 16, 69, 1864 }, // U+1EB7
    { 12, 20, 215, 1, 15, 60, 1933 }, // U+1EB8
    { 12, 17, 195, 0, 12, 51, 1993 }, // U+1EB9
    { 12, 21, 215, 1, 21, 63, 2044 }, // U+1EBA
    { 12, 19, 195, 0, 18, 57, 2107 }, // U+1EBB
    { 12, 19, 215, 1, 19, 57, 2164 }, // U+1EBC
    { 12, 17, 195, 0, 16, 51, 2221 }, // U+1EBD
    { 13, 23, 215, 1, 23, 75, 2272 }, // U+1EBE
    { 14, 21, 195, 0, 20, 74, 2347 }, // U+1EBF
    { 12, 23, 215, 1, 23, 69, 2421 }, // U+1EC0
    { 12, 21, 195, 0, 20, 63, 2490 }, // U+1EC1
    { 13, 23, 215, 1, 23, 75, 2553 }, // U+1EC2
    { 13, 22, 195, 0, 21, 72, 2628 }, // U+1EC3
    { 12, 23, 215, 1, 23, 69, 2700 }, // U+1EC4
    { 12, 21, 195, 0, 20, 63, 2769 }, // U+1EC5
    { 12, 25, 215, 1, 20, 75, 2832 }, // U+1EC6
    { 12, 22, 195, 0, 17, 66, 2907 }, // U+1EC7
    { 10, 21, 185, 1, 21, 53, 2973 }, // U+1EC8
    { 6, 18, 96, 0, 18, 27, 3026 }, // U+1EC9
    { 10, 20, 185, 1, 15, 50, 3053 }, // U+1ECA
    { 5, 22, 106, 1, 17, 28, 3103 }, // U+1ECB
    { 16, 20, 271, 0, 15, 80, 3131 }, // U+1ECC
    { 13, 17, 214, 0, 12, 56, 3211 }, // U+1ECD
    { 16, 22, 271, 0, 21, 88, 3267 }, // U+1ECE
    { 13, 19, 214, 0, 18, 62, 3355 }, // U+1ECF
    { 16, 24, 271, 0, 23, 96, 3417 }, // U+1ED0
    { 14, 21, 214, 0, 20, 74, 3513 }, // U+1ED1
    { 16, 24, 271, 0, 23, 96, 3587 }, // U+1ED2
    { 13, 21, 214, 0, 20, 69, 3683 }, // U+1ED3
    { 16, 24, 271, 0, 23, 96, 3752 }, // U+1ED4
    { 13, 22, 214, 0, 21, 72, 3848 }, // U+1ED5
    { 16, 24, 271, 0, 23, 96, 3920 }, // U+1ED6
    { 13, 21, 214, 0, 20, 69, 4016 }, // U+1ED7
    { 16, 25, 271, 0, 20, 100, 4085 }, // U+1ED8
    { 13, 22, 214, 0, 17, 72, 4185 }, // U+1ED9
    { 16, 21, 271, 0, 20, 84, 4257 }, // U+1EDA
    { 14, 18, 214, 0, 17, 63, 4341 }, // U+1EDB
    { 16, 21, 271, 0, 20, 84, 4404 }, // U+1EDC
    { 14, 18, 214, 0, 17, 63, 4488 }, // U+1EDD
    { 16, 22, 271, 0, 21, 88, 4551 }, // U+1EDE
    { 14, 19, 214, 0, 18, 67, 4639 }, // U+1EDF
    { 16, 20, 271, 0, 19, 80, 4706 }, // U+1EE0
    { 14, 17, 214, 0, 16, 60, 4786 }, // U+1EE1
    { 16, 23, 271, 0, 18, 92, 4846 }, // U+1EE2
    { 14, 19, 214, 0, 14, 67, 4938 }, // U+1EE3
    { 14, 20, 255, 1, 15, 70, 5005 }, // U+1EE4
    { 11, 17, 214, 1, 12, 47, 5075 }, // U+1EE5
    { 14, 22, 255, 1, 21, 77, 5122 }, // U+1EE6
    { 11, 19, 214, 1, 18, 53, 5199 }, // U+1EE7
    { 16, 21, 255, 1, 20, 84, 5252 }, // U+1EE8
    { 13, 18, 214, 1, 17, 59, 5336 }, // U+1EE9
    { 16, 21, 255, 1, 20, 84, 5395 }, // U+1EEA
    { 13, 18, 214, 1, 17, 59, 5479 }, // U+1EEB
    { 16, 22, 255, 1, 21, 88, 5538 }, // U+1EEC
    { 13, 19, 214, 1, 18, 62, 5626 }, // U+1EED
    { 16, 20, 255, 1, 19, 80, 5688 }, // U+1EEE
    { 13, 17, 214, 1, 16, 56, 5768 }, // U+1EEF
    { 16, 23, 255, 1, 18, 92, 5824 }, // U+1EF0
    { 13, 19, 214, 1, 14, 62, 5916 }, // U+1EF1
    { 16, 20, 230, -1, 20, 80, 5978 }, // U+1EF2
    { 13, 22, 207, 0, 17, 72, 6058 }, // U+1EF3
    { 16, 20, 230, -1, 15, 80, 6130 }, // U+1EF4
    { 13, 17, 207, 0, 12, 56, 6210 }, // U+1EF5
    { 16, 21, 230, -1, 21, 84, 6266 }, // U+1EF6
    { 13, 23, 207, 0, 18, 75, 6350 }, // U+1EF7
    { 16, 19, 230, -1, 19, 76, 6425 }, // U+1EF8
    { 13, 21, 207, 0, 16, 69, 6501 }, // U+1EF9
    { 0, 0, 183, 0, 0, 0, 0 }, // U+2007
    { 0, 0, 87, 0, 0, 0, 0 }, // U+2008
    { 0, 0, 68, 0, 0, 0, 0 }, // U+2009
    { 0, 0, 34, 0, 0, 0, 0 }, // U+200A
    { 0, 0, 0, 0, 0, 0, 0 }, // U+200B
    { 8, 4, 149, 1, 8, 8, 0 }, // U+2010
    { 11, 4, 194, 1, 8, 11, 8 }, // U+2012
    { 11, 4, 198, 1, 8, 11, 19 }, // U+2013
    { 18, 4, 311, 1, 8, 18, 30 }, // U+2014
    { 18, 4, 307, 1, 8, 18, 48 }, // U+2015
    { 6, 7, 92, 0, 16, 11, 66 }, // U+2018
    { 5, 8, 92, 0, 16, 10, 77 }, // U+2019
    { 6, 8, 96, 0, 3, 12, 87 }, // U+201A
    { 10, 7, 169, 0, 16, 18, 99 }, // U+201C
    { 10, 8, 168, 0, 16, 20, 117 }, // U+201D
    { 10, 8, 171, 0, 3, 20, 137 }, // U+201E
    { 9, 12, 147, 0, 16, 27, 157 }, // U+2020
    { 9, 13, 142, 0, 16, 30, 184 }, // U+2021
    { 7, 7, 115, 0, 11, 13, 214 }, // U+2022
    { 15, 5, 245, 0, 4, 19, 227 }, // U+2026
    { 28, 16, 450, 0, 15, 112, 246 }, // U+2030
    { 10, 6, 165, 0, 15, 15, 358 }, // U+2033
    { 6, 11, 105, 0, 11, 17, 373 }, // U+2039
    { 7, 11, 105, 0, 11, 20, 390 }, // U+203A
    { 14, 15, 202, -1, 15, 53, 410 }, // U+2044
    { 8, 9, 137, 0, 17, 18, 0 }, // U+2070
    { 8, 9, 136, 0, 17, 18, 18 }, // U+2074
    { 7, 9, 123, 0, 17, 16, 36 }, // U+2075
    { 8, 9, 126, 0, 17, 18, 52 }, // U+2076
    { 7, 8, 110, 0, 17, 14, 70 }, // U+2077
    { 8, 9, 128, 0, 17, 18, 84 }, // U+2078
    { 7, 9, 122, 0, 17, 16, 102 }, // U+2079
    { 8, 9, 137, 0, 4, 18, 118 }, // U+2080
    { 5, 9, 97, 0, 4, 12, 136 }, // U+2081
    { 7, 8, 121, 0, 4, 14, 148 }, // U+2082
    { 7, 9, 119, 0, 4, 16, 162 }, // U+2083
    { 8, 9, 136, 0, 4, 18, 178 }, // U+2084
    { 7, 9, 123, 0, 4, 16, 196 }, // U+2085
    { 8, 9, 126, 0, 4, 18, 212 }, // U+2086
    { 7, 8, 110, 0, 4, 14, 230 }, // U+2087
    { 8, 9, 128, 0, 4, 18, 244 }, // U+2088
    { 7, 9, 122, 0, 4, 16, 262 }, // U+2089
    { 14, 20, 231, 0, 17, 70, 0 }, // U+20A1
    { 12, 15, 206, 0, 15, 45, 70 }, // U+20A3
    { 13, 16, 212, 0, 15, 52, 115 }, // U+20A4
    { 18, 15, 285, 0, 15, 68, 167 }, // U+20A6
    { 15, 15, 261, 1, 15, 57, 235 }, // U+20A7
    { 21, 15, 336, 0, 15, 79, 292 }, // U+20A9
    { 11, 16, 182, 0, 15, 44, 371 }, // U+20AB
    { 14, 16, 226, 0, 15, 56, 415 }, // U+20AC
    { 16, 15, 255, 0, 15, 60, 471 }, // U+20AD
    { 15, 15, 260, 1, 15, 57, 531 }, // U+20B1
    { 16, 20, 261, 0, 17, 80, 588 }, // U+20B2
    { 14, 19, 231, 0, 17, 67, 668 }, // U+20B5
    { 12, 16, 201, 0, 15, 48, 735 }, // U+20B9
    { 13, 16, 208, 0, 15, 52, 783 }, // U+20BA
    { 14, 17, 258, 1, 17, 60, 835 }, // U+20BC
    { 13, 15, 236, 1, 15, 49, 895 }, // U+20BD
    { 12, 17, 203, 0, 16, 51, 0 }, // U+2202
    { 13, 13, 214, 0, 12, 43, 51 }, // U+2205
    { 16, 16, 237, -1, 16, 64, 94 }, // U+2206
    { 15, 20, 247, 0, 15, 75, 158 }, // U+220F
    { 11, 16, 174, 0, 15, 44, 233 }, // U+2211
    { 12, 4, 193, 0, 8, 12, 277 }, // U+2212
    { 12, 19, 189, 0, 16, 57, 289 }, // U+2215
    { 6, 6, 115, 1, 9, 9, 346 }, // U+2219
    { 16, 19, 246, 0, 15, 76, 355 }, // U+221A
    { 19, 10, 302, 0, 10, 48, 431 }, // U+221E
    { 15, 19, 206, -1, 16, 72, 479 }, // U+222B
    { 11, 9, 203, 1, 10, 25, 551 }, // U+2248
    { 11, 12, 212, 1, 12, 33, 576 }, // U+2260
    { 11, 12, 209, 1, 12, 33, 609 }, // U+2264
    { 11, 12, 209, 1, 12, 33, 642 }, // U+2265
    { 14, 17, 237, 0, 17, 60, 0 }, // U+FB01
    { 14, 16, 232, 0, 16, 56, 60 }, // U+FB02
};

static const EpdUnicodeInterval lexenddeca_10_bolditalicIntervals[] = {
    { 0xD, 0xD, 0x0 },
    { 0x20, 0x7E, 0x1 },
    { 0xA0, 0x17E, 0x60 },
    { 0x1A0, 0x1A1, 0x13F },
    { 0x1AF, 0x1B0, 0x141 },
    { 0x1C4, 0x1D4, 0x143 },
    { 0x1E6, 0x1E7, 0x154 },
    { 0x1EA, 0x1EB, 0x156 },
    { 0x1F1, 0x1F2, 0x158 },
    { 0x1FA, 0x21B, 0x15A },
    { 0x300, 0x304, 0x17C },
    { 0x306, 0x30C, 0x181 },
    { 0x30F, 0x30F, 0x188 },
    { 0x311, 0x312, 0x189 },
    { 0x31B, 0x31B, 0x18B },
    { 0x323, 0x324, 0x18C },
    { 0x326, 0x328, 0x18E },
    { 0x32E, 0x32E, 0x191 },
    { 0x331, 0x331, 0x192 },
    { 0x335, 0x335, 0x193 },
    { 0x1EA0, 0x1EF9, 0x194 },
    { 0x2007, 0x200B, 0x1EE },
    { 0x2010, 0x2010, 0x1F3 },
    { 0x2012, 0x2015, 0x1F4 },
    { 0x2018, 0x201A, 0x1F8 },
    { 0x201C, 0x201E, 0x1FB },
    { 0x2020, 0x2022, 0x1FE },
    { 0x2026, 0x2026, 0x201 },
    { 0x2030, 0x2030, 0x202 },
    { 0x2033, 0x2033, 0x203 },
    { 0x2039, 0x203A, 0x204 },
    { 0x2044, 0x2044, 0x206 },
    { 0x2070, 0x2070, 0x207 },
    { 0x2074, 0x2079, 0x208 },
    { 0x2080, 0x2089, 0x20E },
    { 0x20A1, 0x20A1, 0x218 },
    { 0x20A3, 0x20A4, 0x219 },
    { 0x20A6, 0x20A7, 0x21B },
    { 0x20A9, 0x20A9, 0x21D },
    { 0x20AB, 0x20AD, 0x21E },
    { 0x20B1, 0x20B2, 0x221 },
    { 0x20B5, 0x20B5, 0x223 },
    { 0x20B9, 0x20BA, 0x224 },
    { 0x20BC, 0x20BD, 0x226 },
    { 0x2202, 0x2202, 0x228 },
    { 0x2205, 0x2206, 0x229 },
    { 0x220F, 0x220F, 0x22B },
    { 0x2211, 0x2212, 0x22C },
    { 0x2215, 0x2215, 0x22E },
    { 0x2219, 0x221A, 0x22F },
    { 0x221E, 0x221E, 0x231 },
    { 0x222B, 0x222B, 0x232 },
    { 0x2248, 0x2248, 0x233 },
    { 0x2260, 0x2260, 0x234 },
    { 0x2264, 0x2265, 0x235 },
    { 0xFB01, 0xFB02, 0x237 },
};

static const EpdFontGroup lexenddeca_10_bolditalicGroups[] = {
    { 0, 2290, 4513, 96, 0 },
    { 2290, 2055, 5313, 96, 96 },
    { 4345, 2578, 8471, 127, 192 },
    { 6923, 1751, 4805, 61, 319 },
    { 8674, 218, 262, 24, 380 },
    { 8892, 1486, 7143, 90, 404 },
    { 10378, 337, 530, 25, 494 },
    { 10715, 164, 300, 17, 519 },
    { 10879, 622, 1042, 16, 536 },
    { 11501, 432, 713, 15, 552 },
    { 11933, 66, 132, 2, 567 },
};

static const EpdKernClassEntry lexenddeca_10_bolditalicKernLeftClasses[] = {
    { 0x0026, 1 }, // &
    { 0x0028, 2 }, // (
    { 0x002A, 3 }, // *
    { 0x002C, 4 }, // ,
    { 0x002E, 5 }, // .
    { 0x002F, 6 }, // /
    { 0x0030, 7 }, // 0
    { 0x0031, 8 }, // 1
    { 0x0032, 9 }, // 2
    { 0x0033, 10 }, // 3
    { 0x0034, 11 }, // 4
    { 0x0035, 12 }, // 5
    { 0x0036, 13 }, // 6
    { 0x0037, 14 }, // 7
    { 0x0038, 15 }, // 8
    { 0x0039, 16 }, // 9
    { 0x003C, 17 }, // <
    { 0x003E, 18 }, // >
    { 0x003F, 19 }, // ?
    { 0x0040, 20 }, // @
    { 0x0041, 21 }, // A
    { 0x0042, 22 }, // B
    { 0x0043, 23 }, // C
    { 0x0044, 24 }, // D
    { 0x0045, 25 }, // E
    { 0x0046, 26 }, // F
    { 0x0047, 27 }, // G
    { 0x0049, 28 }, // I
    { 0x004A, 29 }, // J
    { 0x004B, 30 }, // K
    { 0x004C, 31 }, // L
    { 0x004F, 24 }, // O
    { 0x0050, 32 }, // P
    { 0x0051, 33 }, // Q
    { 0x0052, 34 }, // R
    { 0x0053, 35 }, // S
    { 0x0054, 36 }, // T
    { 0x0055, 37 }, // U
    { 0x0056, 38 }, // V
    { 0x0057, 39 }, // W
    { 0x0058, 40 }, // X
    { 0x0059, 41 }, // Y
    { 0x005A, 42 }, // Z
    { 0x005B, 43 }, // [
    { 0x005C, 44 }, // <backslash>
    { 0x005F, 45 }, // _
    { 0x0061, 46 }, // a
    { 0x0062, 47 }, // b
    { 0x0063, 48 }, // c
    { 0x0064, 49 }, // d
    { 0x0065, 50 }, // e
    { 0x0066, 51 }, // f
    { 0x0067, 52 }, // g
    { 0x0068, 53 }, // h
    { 0x0069, 54 }, // i
    { 0x006A, 55 }, // j
    { 0x006B, 56 }, // k
    { 0x006C, 57 }, // l
    { 0x006D, 53 }, // m
    { 0x006E, 53 }, // n
    { 0x006F, 47 }, // o
    { 0x0070, 47 }, // p
    { 0x0071, 58 }, // q
    { 0x0072, 59 }, // r
    { 0x0073, 60 }, // s
    { 0x0074, 61 }, // t
    { 0x0075, 62 }, // u
    { 0x0076, 63 }, // v
    { 0x0077, 64 }, // w
    { 0x0078, 65 }, // x
    { 0x0079, 66 }, // y
    { 0x007A, 67 }, // z
    { 0x007B, 68 }, // {
    { 0x007D, 69 }, // }
    { 0x00A1, 70 }, // U+00A1
    { 0x00A3, 71 }, // U+00A3
    { 0x00B7, 72 }, // U+00B7
    { 0x00BF, 73 }, // U+00BF
    { 0x00C0, 21 }, // U+00C0
    { 0x00C1, 21 }, // U+00C1
    { 0x00C2, 21 }, // U+00C2
    { 0x00C3, 21 }, // U+00C3
    { 0x00C4, 21 }, // U+00C4
    { 0x00C5, 21 }, // U+00C5
    { 0x00C6, 25 }, // U+00C6
    { 0x00C8, 25 }, // U+00C8
    { 0x00C9, 25 }, // U+00C9
    { 0x00CA, 25 }, // U+00CA
    { 0x00CB, 25 }, // U+00CB
    { 0x00D0, 24 }, // U+00D0
    { 0x00D2, 24 }, // U+00D2
    { 0x00D3, 24 }, // U+00D3
    { 0x00D4, 24 }, // U+00D4
    { 0x00D5, 24 }, // U+00D5
    { 0x00D6, 24 }, // U+00D6
    { 0x00D8, 24 }, // U+00D8
    { 0x00D9, 37 }, // U+00D9
    { 0x00DA, 37 }, // U+00DA
    { 0x00DB, 37 }, // U+00DB
    { 0x00DC, 37 }, // U+00DC
    { 0x00DD, 41 }, // U+00DD
    { 0x00DE, 74 }, // U+00DE
    { 0x00DF, 75 }, // U+00DF
    { 0x00E0, 46 }, // U+00E0
    { 0x00E1, 46 }, // U+00E1
    { 0x00E2, 46 }, // U+00E2
    { 0x00E3, 46 }, // U+00E3
    { 0x00E4, 46 }, // U+00E4
    { 0x00E5, 46 }, // U+00E5
    { 0x00E7, 48 }, // U+00E7
    { 0x00E8, 50 }, // U+00E8
    { 0x00E9, 50 }, // U+00E9
    { 0x00EA, 50 }, // U+00EA
    { 0x00EB, 50 }, // U+00EB
    { 0x00EC, 54 }, // U+00EC
    { 0x00ED, 54 }, // U+00ED
    { 0x00EE, 54 }, // U+00EE
    { 0x00EF, 54 }, // U+00EF
    { 0x00F0, 76 }, // U+00F0
    { 0x00F1, 53 }, // U+00F1
    { 0x00F2, 47 }, // U+00F2
    { 0x00F3, 47 }, // U+00F3
    { 0x00F4, 47 }, // U+00F4
    { 0x00F5, 47 }, // U+00F5
    { 0x00F6, 47 }, // U+00F6
    { 0x00F8, 47 }, // U+00F8
    { 0x00F9, 62 }, // U+00F9
    { 0x00FA, 62 }, // U+00FA
    { 0x00FB, 62 }, // U+00FB
    { 0x00FC, 62 }, // U+00FC
    { 0x00FD, 66 }, // U+00FD
    { 0x00FE, 47 }, // U+00FE
    { 0x00FF, 66 }, // U+00FF
    { 0x0100, 21 }, // U+0100
    { 0x0101, 46 }, // U+0101
    { 0x0102, 21 }, // U+0102
    { 0x0103, 46 }, // U+0103
    { 0x0104, 21 }, // U+0104
    { 0x0105, 46 }, // U+0105
    { 0x0107, 48 }, // U+0107
    { 0x0109, 48 }, // U+0109
    { 0x010B, 48 }, // U+010B
    { 0x010D, 48 }, // U+010D
    { 0x010E, 24 }, // U+010E
    { 0x010F, 77 }, // U+010F
    { 0x0110, 24 }, // U+0110
    { 0x0111, 49 }, // U+0111
    { 0x0112, 25 }, // U+0112
    { 0x0113, 50 }, // U+0113
    { 0x0114, 25 }, // U+0114
    { 0x0115, 50 }, // U+0115
    { 0x0116, 25 }, // U+0116
    { 0x0117, 50 }, // U+0117
    { 0x0118, 25 }, // U+0118
    { 0x0119, 50 }, // U+0119
    { 0x011A, 25 }, // U+011A
    { 0x011B, 50 }, // U+011B
    { 0x011C, 27 }, // U+011C
    { 0x011D, 78 }, // U+011D
    { 0x011E, 27 }, // U+011E
    { 0x011F, 78 }, // U+011F
    { 0x0120, 27 }, // U+0120
    { 0x0121, 78 }, // U+0121
    { 0x0122, 27 }, // U+0122
    { 0x0123, 78 }, // U+0123
    { 0x0125, 53 }, // U+0125
    { 0x0127, 53 }, // U+0127
    { 0x0129, 54 }, // U+0129
    { 0x012B, 54 }, // U+012B
    { 0x012D, 54 }, // U+012D
    { 0x012F, 54 }, // U+012F
    { 0x0131, 54 }, // U+0131
    { 0x0132, 29 }, // U+0132
    { 0x0133, 55 }, // U+0133
    { 0x0134, 29 }, // U+0134
    { 0x0135, 55 }, // U+0135
    { 0x0136, 30 }, // U+0136
    { 0x0137, 56 }, // U+0137
    { 0x0138, 56 }, // U+0138
    { 0x0139, 31 }, // U+0139
    { 0x013A, 57 }, // U+013A
    { 0x013B, 31 }, // U+013B
    { 0x013C, 57 }, // U+013C
    { 0x013D, 31 }, // U+013D
    { 0x013E, 77 }, // U+013E
    { 0x013F, 31 }, // U+013F
    { 0x0140, 57 }, // U+0140
    { 0x0141, 31 }, // U+0141
    { 0x0142, 57 }, // U+0142
    { 0x0144, 53 }, // U+0144
    { 0x0146, 53 }, // U+0146
    { 0x0148, 53 }, // U+0148
    { 0x0149, 53 }, // U+0149
    { 0x014B, 53 }, // U+014B
    { 0x014C, 24 }, // U+014C
    { 0x014D, 47 }, // U+014D
    { 0x014E, 24 }, // U+014E
    { 0x014F, 47 }, // U+014F
    { 0x0150, 24 }, // U+0150
    { 0x0151, 47 }, // U+0151
    { 0x0152, 25 }, // U+0152
    { 0x0153, 50 }, // U+0153
    { 0x0154, 79 }, // U+0154
    { 0x0155, 59 }, // U+0155
    { 0x0156, 79 }, // U+0156
    { 0x0157, 59 }, // U+0157
    { 0x0158, 79 }, // U+0158
    { 0x0159, 59 }, // U+0159
    { 0x015A, 35 }, // U+015A
    { 0x015B, 60 }, // U+015B
    { 0x015C, 35 }, // U+015C
    { 0x015D, 60 }, // U+015D
    { 0x015E, 35 }, // U+015E
    { 0x015F, 60 }, // U+015F
    { 0x0160, 35 }, // U+0160
    { 0x0161, 60 }, // U+0161
    { 0x0162, 36 }, // U+0162
    { 0x0163, 61 }, // U+0163
    { 0x0164, 36 }, // U+0164
    { 0x0165, 61 }, // U+0165
    { 0x0166, 36 }, // U+0166
    { 0x0167, 61 }, // U+0167
    { 0x0168, 37 }, // U+0168
    { 0x0169, 62 }, // U+0169
    { 0x016A, 37 }, // U+016A
    { 0x016B, 62 }, // U+016B
    { 0x016C, 37 }, // U+016C
    { 0x016D, 62 }, // U+016D
    { 0x016E, 37 }, // U+016E
    { 0x016F, 62 }, // U+016F
    { 0x0170, 37 }, // U+0170
    { 0x0171, 62 }, // U+0171
    { 0x0172, 37 }, // U+0172
    { 0x0173, 62 }, // U+0173
    { 0x0174, 39 }, // U+0174
    { 0x0175, 64 }, // U+0175
    { 0x0176, 41 }, // U+0176
    { 0x0177, 66 }, // U+0177
    { 0x0178, 41 }, // U+0178
    { 0x0179, 42 }, // U+0179
    { 0x017A, 67 }, // U+017A
    { 0x017B, 42 }, // U+017B
    { 0x017C, 67 }, // U+017C
    { 0x017D, 42 }, // U+017D
    { 0x017E, 67 }, // U+017E
    { 0x01A0, 24 }, // U+01A0
    { 0x01A1, 47 }, // U+01A1
    { 0x01AF, 37 }, // U+01AF
    { 0x01B0, 62 }, // U+01B0
    { 0x01C4, 42 }, // U+01C4
    { 0x01C5, 67 }, // U+01C5
    { 0x01C6, 67 }, // U+01C6
    { 0x01C7, 29 }, // U+01C7
    { 0x01C8, 55 }, // U+01C8
    { 0x01C9, 57 }, // U+01C9
    { 0x01CA, 29 }, // U+01CA
    { 0x01CB, 55 }, // U+01CB
    { 0x01CC, 55 }, // U+01CC
    { 0x01CD, 21 }, // U+01CD
    { 0x01CE, 46 }, // U+01CE
    { 0x01D0, 54 }, // U+01D0
    { 0x01D1, 24 }, // U+01D1
    { 0x01D2, 47 }, // U+01D2
    { 0x01D3, 37 }, // U+01D3
    { 0x01D4, 62 }, // U+01D4
    { 0x01E6, 27 }, // U+01E6
    { 0x01E7, 78 }, // U+01E7
    { 0x01EA, 24 }, // U+01EA
    { 0x01EB, 47 }, // U+01EB
    { 0x01F1, 42 }, // U+01F1
    { 0x01F2, 67 }, // U+01F2
    { 0x01FA, 21 }, // U+01FA
    { 0x01FB, 46 }, // U+01FB
    { 0x01FC, 25 }, // U+01FC
    { 0x01FE, 24 }, // U+01FE
    { 0x01FF, 47 }, // U+01FF
    { 0x0200, 21 }, // U+0200
    { 0x0201, 46 }, // U+0201
    { 0x0202, 21 }, // U+0202
    { 0x0203, 46 }, // U+0203
    { 0x0204, 25 }, // U+0204
    { 0x0205, 50 }, // U+0205
    { 0x0206, 25 }, // U+0206
    { 0x0207, 50 }, // U+0207
    { 0x0209, 54 }, // U+0209
    { 0x020B, 54 }, // U+020B
    { 0x020C, 24 }, // U+020C
    { 0x020D, 47 }, // U+020D
    { 0x020E, 24 }, // U+020E
    { 0x020F, 47 }, // U+020F
    { 0x0210, 79 }, // U+0210
    { 0x0211, 59 }, // U+0211
    { 0x0212, 79 }, // U+0212
    { 0x0213, 59 }, // U+0213
    { 0x0214, 37 }, // U+0214
    { 0x0215, 62 }, // U+0215
    { 0x0216, 37 }, // U+0216
    { 0x0217, 62 }, // U+0217
    { 0x0218, 35 }, // U+0218
    { 0x0219, 60 }, // U+0219
    { 0x021A, 36 }, // U+021A
    { 0x021B, 61 }, // U+021B
    { 0x1EA0, 21 }, // U+1EA0
    { 0x1EA1, 46 }, // U+1EA1
    { 0x1EA2, 21 }, // U+1EA2
    { 0x1EA3, 46 }, // U+1EA3
    { 0x1EA4, 21 }, // U+1EA4
    { 0x1EA5, 46 }, // U+1EA5
    { 0x1EA6, 21 }, // U+1EA6
    { 0x1EA7, 46 }, // U+1EA7
    { 0x1EA8, 21 }, // U+1EA8
    { 0x1EA9, 46 }, // U+1EA9
    { 0x1EAA, 21 }, // U+1EAA
    { 0x1EAB, 46 }, // U+1EAB
    { 0x1EAC, 21 }, // U+1EAC
    { 0x1EAD, 46 }, // U+1EAD
    { 0x1EAE, 21 }, // U+1EAE
    { 0x1EAF, 46 }, // U+1EAF
    { 0x1EB0, 21 }, // U+1EB0
    { 0x1EB1, 46 }, // U+1EB1
    { 0x1EB2, 21 }, // U+1EB2
    { 0x1EB3, 46 }, // U+1EB3
    { 0x1EB4, 21 }, // U+1EB4
    { 0x1EB5, 46 }, // U+1EB5
    { 0x1EB6, 21 }, // U+1EB6
    { 0x1EB7, 46 }, // U+1EB7
    { 0x1EB8, 25 }, // U+1EB8
    { 0x1EB9, 50 }, // U+1EB9
    { 0x1EBA, 25 }, // U+1EBA
    { 0x1EBB, 50 }, // U+1EBB
    { 0x1EBC, 25 }, // U+1EBC
    { 0x1EBD, 50 }, // U+1EBD
    { 0x1EBE, 25 }, // U+1EBE
    { 0x1EBF, 50 }, // U+1EBF
    { 0x1EC0, 25 }, // U+1EC0
    { 0x1EC1, 50 }, // U+1EC1
    { 0x1EC2, 25 }, // U+1EC2
    { 0x1EC3, 50 }, // U+1EC3
    { 0x1EC4, 25 }, // U+1EC4
    { 0x1EC5, 50 }, // U+1EC5
    { 0x1EC6, 25 }, // U+1EC6
    { 0x1EC7, 50 }, // U+1EC7
    { 0x1EC9, 54 }, // U+1EC9
    { 0x1ECB, 54 }, // U+1ECB
    { 0x1ECC, 24 }, // U+1ECC
    { 0x1ECD, 47 }, // U+1ECD
    { 0x1ECE, 24 }, // U+1ECE
    { 0x1ECF, 47 }, // U+1ECF
    { 0x1ED0, 24 }, // U+1ED0
    { 0x1ED1, 47 }, // U+1ED1
    { 0x1ED2, 24 }, // U+1ED2
    { 0x1ED3, 47 }, // U+1ED3
    { 0x1ED4, 24 }, // U+1ED4
    { 0x1ED5, 47 }, // U+1ED5
    { 0x1ED6, 24 }, // U+1ED6
    { 0x1ED7, 47 }, // U+1ED7
    { 0x1ED8, 24 }, // U+1ED8
    { 0x1ED9, 47 }, // U+1ED9
    { 0x1EDA, 24 }, // U+1EDA
    { 0x1EDB, 47 }, // U+1EDB
    { 0x1EDC, 24 }, // U+1EDC
    { 0x1EDD, 47 }, // U+1EDD
    { 0x1EDE, 24 }, // U+1EDE
    { 0x1EDF, 47 }, // U+1EDF
    { 0x1EE0, 24 }, // U+1EE0
    { 0x1EE1, 47 }, // U+1EE1
    { 0x1EE2, 24 }, // U+1EE2
    { 0x1EE3, 47 }, // U+1EE3
    { 0x1EE4, 37 }, // U+1EE4
    { 0x1EE5, 62 }, // U+1EE5
    { 0x1EE6, 37 }, // U+1EE6
    { 0x1EE7, 62 }, // U+1EE7
    { 0x1EE8, 37 }, // U+1EE8
    { 0x1EE9, 62 }, // U+1EE9
    { 0x1EEA, 37 }, // U+1EEA
    { 0x1EEB, 62 }, // U+1EEB
    { 0x1EEC, 37 }, // U+1EEC
    { 0x1EED, 62 }, // U+1EED
    { 0x1EEE, 37 }, // U+1EEE
    { 0x1EEF, 62 }, // U+1EEF
    { 0x1EF0, 37 }, // U+1EF0
    { 0x1EF1, 62 }, // U+1EF1
    { 0x1EF2, 41 }, // U+1EF2
    { 0x1EF3, 66 }, // U+1EF3
    { 0x1EF4, 41 }, // U+1EF4
    { 0x1EF5, 66 }, // U+1EF5
    { 0x1EF6, 41 }, // U+1EF6
    { 0x1EF7, 66 }, // U+1EF7
    { 0x1EF8, 41 }, // U+1EF8
    { 0x1EF9, 66 }, // U+1EF9
    { 0x2018, 80 }, // U+2018
    { 0x2019, 81 }, // U+2019
    { 0x201C, 82 }, // U+201C
    { 0x201D, 83 }, // U+201D
    { 0x2022, 84 }, // U+2022
    { 0x2206, 85 }, // U+2206
    { 0x221E, 86 }, // U+221E
    { 0x222B, 87 }, // U+222B
    { 0xFB01, 54 }, // U+FB01
    { 0xFB02, 57 }, // U+FB02
};

static const EpdKernClassEntry lexenddeca_10_bolditalicKernRightClasses[] = {
    { 0x0021, 1 }, // !
    { 0x0026, 2 }, // &
    { 0x0029, 3 }, // )
    { 0x002A, 4 }, // *
    { 0x002C, 5 }, // ,
    { 0x002D, 6 }, // -
    { 0x002E, 7 }, // .
    { 0x002F, 8 }, // /
    { 0x0030, 9 }, // 0
    { 0x0031, 10 }, // 1
    { 0x0032, 11 }, // 2
    { 0x0034, 12 }, // 4
    { 0x0036, 13 }, // 6
    { 0x0037, 14 }, // 7
    { 0x0038, 15 }, // 8
    { 0x0039, 16 }, // 9
    { 0x003C, 17 }, // <
    { 0x003F, 18 }, // ?
    { 0x0040, 19 }, // @
    { 0x0041, 20 }, // A
    { 0x0042, 21 }, // B
    { 0x0043, 22 }, // C
    { 0x0044, 21 }, // D
    { 0x0045, 21 }, // E
    { 0x0046, 21 }, // F
    { 0x0047, 22 }, // G
    { 0x0048, 21 }, // H
    { 0x0049, 23 }, // I
    { 0x004A, 24 }, // J
    { 0x004B, 21 }, // K
    { 0x004C, 21 }, // L
    { 0x004D, 21 }, // M
    { 0x004E, 21 }, // N
    { 0x004F, 22 }, // O
    { 0x0050, 21 }, // P
    { 0x0051, 22 }, // Q
    { 0x0052, 21 }, // R
    { 0x0053, 25 }, // S
    { 0x0054, 26 }, // T
    { 0x0055, 27 }, // U
    { 0x0056, 28 }, // V
    { 0x0057, 29 }, // W
    { 0x0058, 30 }, // X
    { 0x0059, 31 }, // Y
    { 0x005A, 32 }, // Z
    { 0x005B, 33 }, // [
    { 0x005C, 34 }, // <backslash>
    { 0x005D, 35 }, // ]
    { 0x005F, 36 }, // _
    { 0x0061, 37 }, // a
    { 0x0062, 38 }, // b
    { 0x0063, 37 }, // c
    { 0x0064, 37 }, // d
    { 0x0065, 37 }, // e
    { 0x0066, 39 }, // f
    { 0x0067, 40 }, // g
    { 0x0068, 38 }, // h
    { 0x006A, 41 }, // j
    { 0x006B, 38 }, // k
    { 0x006C, 38 }, // l
    { 0x006D, 42 }, // m
    { 0x006E, 42 }, // n
    { 0x006F, 37 }, // o
    { 0x0070, 43 }, // p
    { 0x0071, 37 }, // q
    { 0x0072, 42 }, // r
    { 0x0073, 44 }, // s
    { 0x0074, 45 }, // t
    { 0x0075, 46 }, // u
    { 0x0076, 47 }, // v
    { 0x0077, 48 }, // w
    { 0x0078, 49 }, // x
    { 0x0079, 50 }, // y
    { 0x007A, 51 }, // z
    { 0x007B, 33 }, // {
    { 0x007D, 52 }, // }
    { 0x00A1, 53 }, // U+00A1
    { 0x00B7, 54 }, // U+00B7
    { 0x00BF, 55 }, // U+00BF
    { 0x00C0, 56 }, // U+00C0
    { 0x00C1, 56 }, // U+00C1
    { 0x00C2, 56 }, // U+00C2
    { 0x00C3, 56 }, // U+00C3
    { 0x00C4, 56 }, // U+00C4
    { 0x00C5, 56 }, // U+00C5
    { 0x00C6, 57 }, // U+00C6
    { 0x00C7, 22 }, // U+00C7
    { 0x00C8, 21 }, // U+00C8
    { 0x00C9, 21 }, // U+00C9
    { 0x00CA, 21 }, // U+00CA
    { 0x00CB, 21 }, // U+00CB
    { 0x00D0, 21 }, // U+00D0
    { 0x00D1, 21 }, // U+00D1
    { 0x00D2, 22 }, // U+00D2
    { 0x00D3, 22 }, // U+00D3
    { 0x00D4, 22 }, // U+00D4
    { 0x00D5, 22 }, // U+00D5
    { 0x00D6, 22 }, // U+00D6
    { 0x00D8, 22 }, // U+00D8
    { 0x00D9, 27 }, // U+00D9
    { 0x00DA, 27 }, // U+00DA
    { 0x00DB, 27 }, // U+00DB
    { 0x00DC, 27 }, // U+00DC
    { 0x00DD, 58 }, // U+00DD
    { 0x00DE, 21 }, // U+00DE
    { 0x00DF, 59 }, // U+00DF
    { 0x00E0, 37 }, // U+00E0
    { 0x00E1, 37 }, // U+00E1
    { 0x00E2, 37 }, // U+00E2
    { 0x00E3, 37 }, // U+00E3
    { 0x00E4, 37 }, // U+00E4
    { 0x00E5, 37 }, // U+00E5
    { 0x00E7, 37 }, // U+00E7
    { 0x00E8, 37 }, // U+00E8
    { 0x00E9, 37 }, // U+00E9
    { 0x00EA, 37 }, // U+00EA
    { 0x00EB, 37 }, // U+00EB
    { 0x00F0, 60 }, // U+00F0
    { 0x00F1, 42 }, // U+00F1
    { 0x00F2, 37 }, // U+00F2
    { 0x00F3, 37 }, // U+00F3
    { 0x00F4, 37 }, // U+00F4
    { 0x00F5, 37 }, // U+00F5
    { 0x00F6, 37 }, // U+00F6
    { 0x00F8, 37 }, // U+00F8
    { 0x00F9, 46 }, // U+00F9
    { 0x00FA, 46 }, // U+00FA
    { 0x00FB, 46 }, // U+00FB
    { 0x00FC, 46 }, // U+00FC
    { 0x00FD, 50 }, // U+00FD
    { 0x00FE, 61 }, // U+00FE
    { 0x00FF, 50 }, // U+00FF
    { 0x0100, 56 }, // U+0100
    { 0x0101, 37 }, // U+0101
    { 0x0102, 56 }, // U+0102
    { 0x0103, 37 }, // U+0103
    { 0x0104, 56 }, // U+0104
    { 0x0105, 37 }, // U+0105
    { 0x0106, 22 }, // U+0106
    { 0x0107, 37 }, // U+0107
    { 0x0108, 22 }, // U+0108
    { 0x0109, 37 }, // U+0109
    { 0x010A, 22 }, // U+010A
    { 0x010B, 37 }, // U+010B
    { 0x010C, 22 }, // U+010C
    { 0x010D, 37 }, // U+010D
    { 0x010E, 21 }, // U+010E
    { 0x010F, 37 }, // U+010F
    { 0x0110, 21 }, // U+0110
    { 0x0111, 37 }, // U+0111
    { 0x0112, 21 }, // U+0112
    { 0x0113, 37 }, // U+0113
    { 0x0114, 21 }, // U+0114
    { 0x0115, 37 }, // U+0115
    { 0x0116, 21 }, // U+0116
    { 0x0117, 37 }, // U+0117
    { 0x0118, 21 }, // U+0118
    { 0x0119, 37 }, // U+0119
    { 0x011A, 21 }, // U+011A
    { 0x011B, 37 }, // U+011B
    { 0x011C, 22 }, // U+011C
    { 0x011D, 40 }, // U+011D
    { 0x011E, 22 }, // U+011E
    { 0x011F, 40 }, // U+011F
    { 0x0120, 22 }, // U+0120
    { 0x0121, 40 }, // U+0121
    { 0x0122, 22 }, // U+0122
    { 0x0123, 40 }, // U+0123
    { 0x0124, 21 }, // U+0124
    { 0x0125, 38 }, // U+0125
    { 0x0127, 38 }, // U+0127
    { 0x0134, 24 }, // U+0134
    { 0x0135, 41 }, // U+0135
    { 0x0136, 21 }, // U+0136
    { 0x0137, 38 }, // U+0137
    { 0x0138, 38 }, // U+0138
    { 0x0139, 21 }, // U+0139
    { 0x013A, 38 }, // U+013A
    { 0x013B, 21 }, // U+013B
    { 0x013C, 38 }, // U+013C
    { 0x013D, 21 }, // U+013D
    { 0x013E, 38 }, // U+013E
    { 0x013F, 21 }, // U+013F
    { 0x0140, 38 }, // U+0140
    { 0x0141, 21 }, // U+0141
    { 0x0142, 38 }, // U+0142
    { 0x0143, 21 }, // U+0143
    { 0x0144, 42 }, // U+0144
    { 0x0145, 21 }, // U+0145
    { 0x0146, 42 }, // U+0146
    { 0x0147, 21 }, // U+0147
    { 0x0148, 42 }, // U+0148
    { 0x014A, 21 }, // U+014A
    { 0x014B, 42 }, // U+014B
    { 0x014C, 22 }, // U+014C
    { 0x014D, 37 }, // U+014D
    { 0x014E, 22 }, // U+014E
    { 0x014F, 37 }, // U+014F
    { 0x0150, 22 }, // U+0150
    { 0x0151, 37 }, // U+0151
    { 0x0152, 22 }, // U+0152
    { 0x0153, 37 }, // U+0153
    { 0x0154, 21 }, // U+0154
    { 0x0155, 42 }, // U+0155
    { 0x0156, 21 }, // U+0156
    { 0x0157, 42 }, // U+0157
    { 0x0158, 21 }, // U+0158
    { 0x0159, 42 }, // U+0159
    { 0x015A, 25 }, // U+015A
    { 0x015B, 44 }, // U+015B
    { 0x015C, 25 }, // U+015C
    { 0x015D, 44 }, // U+015D
    { 0x015E, 25 }, // U+015E
    { 0x015F, 44 }, // U+015F
    { 0x0160, 25 }, // U+0160
    { 0x0161, 44 }, // U+0161
    { 0x0162, 62 }, // U+0162
    { 0x0163, 45 }, // U+0163
    { 0x0164, 62 }, // U+0164
    { 0x0165, 45 }, // U+0165
    { 0x0166, 62 }, // U+0166
    { 0x0167, 45 }, // U+0167
    { 0x0168, 27 }, // U+0168
    { 0x0169, 46 }, // U+0169
    { 0x016A, 27 }, // U+016A
    { 0x016B, 46 }, // U+016B
    { 0x016C, 27 }, // U+016C
    { 0x016D, 46 }, // U+016D
    { 0x016E, 27 }, // U+016E
    { 0x016F, 46 }, // U+016F
    { 0x0170, 27 }, // U+0170
    { 0x0171, 46 }, // U+0171
    { 0x0172, 27 }, // U+0172
    { 0x0173, 46 }, // U+0173
    { 0x0174, 63 }, // U+0174
    { 0x0175, 48 }, // U+0175
    { 0x0176, 58 }, // U+0176
    { 0x0177, 50 }, // U+0177
    { 0x0178, 58 }, // U+0178
    { 0x0179, 32 }, // U+0179
    { 0x017A, 51 }, // U+017A
    { 0x017B, 32 }, // U+017B
    { 0x017C, 51 }, // U+017C
    { 0x017D, 32 }, // U+017D
    { 0x017E, 51 }, // U+017E
    { 0x01A0, 22 }, // U+01A0
    { 0x01A1, 37 }, // U+01A1
    { 0x01AF, 27 }, // U+01AF
    { 0x01B0, 46 }, // U+01B0
    { 0x01C4, 21 }, // U+01C4
    { 0x01C5, 21 }, // U+01C5
    { 0x01C6, 37 }, // U+01C6
    { 0x01C7, 21 }, // U+01C7
    { 0x01C8, 21 }, // U+01C8
    { 0x01C9, 38 }, // U+01C9
    { 0x01CA, 21 }, // U+01CA
    { 0x01CB, 21 }, // U+01CB
    { 0x01CC, 42 }, // U+01CC
    { 0x01CD, 56 }, // U+01CD
    { 0x01CE, 37 }, // U+01CE
    { 0x01D1, 22 }, // U+01D1
    { 0x01D2, 37 }, // U+01D2
    { 0x01D3, 27 }, // U+01D3
    { 0x01D4, 46 }, // U+01D4
    { 0x01E6, 22 }, // U+01E6
    { 0x01E7, 40 }, // U+01E7
    { 0x01EA, 22 }, // U+01EA
    { 0x01EB, 37 }, // U+01EB
    { 0x01F1, 21 }, // U+01F1
    { 0x01F2, 21 }, // U+01F2
    { 0x01FA, 56 }, // U+01FA
    { 0x01FB, 37 }, // U+01FB
    { 0x01FC, 57 }, // U+01FC
    { 0x01FE, 22 }, // U+01FE
    { 0x01FF, 37 }, // U+01FF
    { 0x0200, 56 }, // U+0200
    { 0x0201, 37 }, // U+0201
    { 0x0202, 56 }, // U+0202
    { 0x0203, 37 }, // U+0203
    { 0x0204, 21 }, // U+0204
    { 0x0205, 37 }, // U+0205
    { 0x0206, 21 }, // U+0206
    { 0x0207, 37 }, // U+0207
    { 0x020C, 22 }, // U+020C
    { 0x020D, 37 }, // U+020D
    { 0x020E, 22 }, // U+020E
    { 0x020F, 37 }, // U+020F
    { 0x0210, 21 }, // U+0210
    { 0x0211, 42 }, // U+0211
    { 0x0212, 21 }, // U+0212
    { 0x0213, 42 }, // U+0213
    { 0x0214, 27 }, // U+0214
    { 0x0215, 46 }, // U+0215
    { 0x0216, 27 }, // U+0216
    { 0x0217, 46 }, // U+0217
    { 0x0218, 25 }, // U+0218
    { 0x0219, 44 }, // U+0219
    { 0x021A, 62 }, // U+021A
    { 0x021B, 45 }, // U+021B
    { 0x1EA0, 56 }, // U+1EA0
    { 0x1EA1, 37 }, // U+1EA1
    { 0x1EA2, 56 }, // U+1EA2
    { 0x1EA3, 37 }, // U+1EA3
    { 0x1EA4, 56 }, // U+1EA4
    { 0x1EA5, 37 }, // U+1EA5
    { 0x1EA6, 56 }, // U+1EA6
    { 0x1EA7, 37 }, // U+1EA7
    { 0x1EA8, 56 }, // U+1EA8
    { 0x1EA9, 37 }, // U+1EA9
    { 0x1EAA, 56 }, // U+1EAA
    { 0x1EAB, 37 }, // U+1EAB
    { 0x1EAC, 56 }, // U+1EAC
    { 0x1EAD, 37 }, // U+1EAD
    { 0x1EAE, 56 }, // U+1EAE
    { 0x1EAF, 37 }, // U+1EAF
    { 0x1EB0, 56 }, // U+1EB0
    { 0x1EB1, 37 }, // U+1EB1
    { 0x1EB2, 56 }, // U+1EB2
    { 0x1EB3, 37 }, // U+1EB3
    { 0x1EB4, 56 }, // U+1EB4
    { 0x1EB5, 37 }, // U+1EB5
    { 0x1EB6, 56 }, // U+1EB6
    { 0x1EB7, 37 }, // U+1EB7
    { 0x1EB8, 21 }, // U+1EB8
    { 0x1EB9, 37 }, // U+1EB9
    { 0x1EBA, 21 }, // U+1EBA
    { 0x1EBB, 37 }, // U+1EBB
    { 0x1EBC, 21 }, // U+1EBC
    { 0x1EBD, 37 }, // U+1EBD
    { 0x1EBE, 21 }, // U+1EBE
    { 0x1EBF, 37 }, // U+1EBF
    { 0x1EC0, 21 }, // U+1EC0
    { 0x1EC1, 37 }, // U+1EC1
    { 0x1EC2, 21 }, // U+1EC2
    { 0x1EC3, 37 }, // U+1EC3
    { 0x1EC4, 21 }, // U+1EC4
    { 0x1EC5, 37 }, // U+1EC5
    { 0x1EC6, 21 }, // U+1EC6
    { 0x1EC7, 37 }, // U+1EC7
    { 0x1ECC, 22 }, // U+1ECC
    { 0x1ECD, 37 }, // U+1ECD
    { 0x1ECE, 22 }, // U+1ECE
    { 0x1ECF, 37 }, // U+1ECF
    { 0x1ED0, 22 }, // U+1ED0
    { 0x1ED1, 37 }, // U+1ED1
    { 0x1ED2, 22 }, // U+1ED2
    { 0x1ED3, 37 }, // U+1ED3
    { 0x1ED4, 22 }, // U+1ED4
    { 0x1ED5, 37 }, // U+1ED5
    { 0x1ED6, 22 }, // U+1ED6
    { 0x1ED7, 37 }, // U+1ED7
    { 0x1ED8, 22 }, // U+1ED8
    { 0x1ED9, 37 }, // U+1ED9
    { 0x1EDA, 22 }, // U+1EDA
    { 0x1EDB, 37 }, // U+1EDB
    { 0x1EDC, 22 }, // U+1EDC
    { 0x1EDD, 37 }, // U+1EDD
    { 0x1EDE, 22 }, // U+1EDE
    { 0x1EDF, 37 }, // U+1EDF
    { 0x1EE0, 22 }, // U+1EE0
    { 0x1EE1, 37 }, // U+1EE1
    { 0x1EE2, 22 }, // U+1EE2
    { 0x1EE3, 37 }, // U+1EE3
    { 0x1EE4, 27 }, // U+1EE4
    { 0x1EE5, 46 }, // U+1EE5
    { 0x1EE6, 27 }, // U+1EE6
    { 0x1EE7, 46 }, // U+1EE7
    { 0x1EE8, 27 }, // U+1EE8
    { 0x1EE9, 46 }, // U+1EE9
    { 0x1EEA, 27 }, // U+1EEA
    { 0x1EEB, 46 }, // U+1EEB
    { 0x1EEC, 27 }, // U+1EEC
    { 0x1EED, 46 }, // U+1EED
    { 0x1EEE, 27 }, // U+1EEE
    { 0x1EEF, 46 }, // U+1EEF
    { 0x1EF0, 27 }, // U+1EF0
    { 0x1EF1, 46 }, // U+1EF1
    { 0x1EF2, 58 }, // U+1EF2
    { 0x1EF3, 50 }, // U+1EF3
    { 0x1EF4, 58 }, // U+1EF4
    { 0x1EF5, 50 }, // U+1EF5
    { 0x1EF6, 58 }, // U+1EF6
    { 0x1EF7, 50 }, // U+1EF7
    { 0x1EF8, 58 }, // U+1EF8
    { 0x1EF9, 50 }, // U+1EF9
    { 0x2013, 64 }, // U+2013
    { 0x2014, 65 }, // U+2014
    { 0x2018, 66 }, // U+2018
    { 0x2019, 67 }, // U+2019
    { 0x201C, 68 }, // U+201C
    { 0x201D, 69 }, // U+201D
    { 0x2022, 70 }, // U+2022
    { 0x2206, 71 }, // U+2206
    { 0x222B, 72 }, // U+222B
    { 0xFB01, 39 }, // U+FB01
    { 0xFB02, 39 }, // U+FB02
};

static const int8_t lexenddeca_10_bolditalicKernMatrix[] = {
       0,    0,   -5,    0,    0,    0,    0,    0,    0,    0,    0,    0,    0,    0,    0,    0,    0,    0,    0,    0,    0,    0,    0,    0,    0,  -18,    0,  -20,  -13,    0,  -17,    0,    0,    0,    0,    0,    0,    0,    0,    0,    0,    0,    0,    0,    0,    0,  -10,  -10,    0,  -10,    0,    0,    0,    0,    0,    0,    0,  -17,    0,   -3,    0,  -18,  -13,    0,    0,    0,    0,    0,    0,    0,    0,    0,
       0,    0,    0,    0,    0,    0,    0,    0,    0,    0,    0,    0,    0,    0,    0,    0,    0,    0,    0,    0,    0,  -10,    0,  -13,    0,    0,    0,    0,    0,    0,    0,    0,    0,    0,    0,    0,   -8,    0,    0,   -8,   10,    0,   10,    0,    0,    0,    0,    0,    0,    0,    0,    0,    0,    0,    0,    0,    0,    0,    0,   -8,    5,    0,    0,    0,    0,    0,    0,    0,    0,    0,    0,    0,
       0,    0,    0,    0,    0,    0,    0,    0,    0,    0,    0,    0,    0,    0,    0,    0,    0,    0,    0,  -25,    0,    0,    0,    0,    0,    0,    0,    0,    0,    0,    0,    0,    0,    0,    0,    0,    0,    0,    0,    0,    0,    0,    0,    0,    0,    0,    2,    0,    0,    0,    0,    0,    0,    0,    0,  -25,    0,    0,    0,   -8,    0,    0,    0,    0,    0,    0,    0,    0,    0,    0,    0,    0,
       0,    0,    0,    0,    0,    0,    0,    0,    0,    0,    0,   -8,    0,    0,    0,    0,    0,    0,    0,    0,    0,   -7,    0,    0,    0,  -33,    0,  -40,  -27,    0,  -40,    0,    0,    0,    0,    0,    0,    0,    0,    0,    0,    0,    0,    0,    0,    0,  -27,  -13,    0,  -13,    0,    0,    0,    0,    0,    0,    0,  -40,    0,    0,    0,  -33,  -27,    0,    0,    0,    0,    0,    0,    0,    0,    0,
       0,    0,    0,    0,    0,    0,    0,    0,    0,    0,    0,   -8,    0,    0,    0,    0,    0,    0,    0,    0,    0,   -7,    0,    0,    0,  -33,    0,  -33,  -27,    0,  -40,    0,    0,    0,    0,    0,    0,    0,    0,    0,    0,    0,    0,    0,    0,    0,  -27,  -13,    0,  -13,    0,    0,    0,    0,    0,    0,    0,  -40,    0,    0,    0,  -33,  -27,    0,    0,    0,    0,    0,    0,    0,    0,    0,
       0,    0,    0,    0,    0,    0,    0,  -31,  -17,  -10,  -10,  -20,  -17,    0,    0,    0,    0,    0,    0,  -33,    0,  -13,    0,  -17,    0,    0,    0,    0,    0,    0,    0,    0,    0,    0,    0,    0,  -17,    0,    0,  -17,    0,    0,    0,  -10,    0,    0,    0,    0,   -2,    0,    0,    0,    0,    0,    0,  -33,    0,    0,   -4,  -11,    0,    0,    0,    0,    0,    0,    0,    0,    0,    0,    0,    0,
       0,    0,    0,    0,    0,    0,    0,  -17,    0,    0,    0,    0,    0,    0,    0,    0,    0,    0,    0,    0,    0,    0,    0,    0,    0,    0,    0,    0,    0,    0,    0,    0,    0,    0,    0,    0,    0,    0,    0,    0,    0,    0,    0,    0,    0,    0,    0,    0,    0,    0,    0,    0,    0,    0,    0,    0,    0,    0,    0,    0,    0,    0,    0,    0,    0,    0,    0,    0,    0,    0,  -17,    0,
       0,    0,    0,    0,    0,    0,    0,    0,    0,    0,    0,    0,    0,    0,    0,    0,  -13,    0,    0,    0,    0,    0,    0,    0,    0,    0,    0,    0,    0,    0,    0,    0,    0,    0,    0,    0,    0,    0,    0,    0,    0,    0,    0,    0,    0,    0,    0,    0,    0,    0,    0,    0,    0,    0,    0,    0,    0,    0,    0,    0,    0,    0,    0,    0,    0,    0,    0,    0,    0,    0,    0,    0,
       0,    0,    0,    0,    0,    0,    0,    0,    0,    0,    0,   -7,    0,    0,    0,    0,    0,    0,    0,    0,    0,    0,    0,    0,    0,    0,    0,    0,    0,    0,    0,    0,    0,    0,    0,    0,    0,    0,    0,    0,    0,    0,    0,    0,    0,    0,    0,    0,    0,    0,    0,    3,    0,    0,    0,    0,    0,    0,    0,    0,    0,    0,    0,    0,    0,    0,    0,    0,    0,    0,    0,    0,
       0,    0,    0,    0,    0,    0,    0,   -8,    0,    0,    0,    0,    0,    0,    0,    0,    0,    0,    0,    0,    0,    0,    0,    0,    0,    0,    0,    0,    0,    0,    0,    0,    0,    0,    0,    0,    0,    0,    0,    0,    0,    0,    0,    0,    0,    0,    0,    0,    0,    0,    0,    0,    0,    0,    0,    0,    0,    0,    0,    0,    0,    0,    0,    0,    0,    0,    0,    0,    0,    0,  -10,    0,
       0,    0,    0,    0,    0,    0,    0,    0,    0,    0,   -7,    0,    0,   -7,    0,    0,    0,    0,    0,    0,    0,    0,    0,    0,    0,    0,    0,    0,    0,    0,    0,    0,    0,    0,    0,    0,    0,    0,    0,    0,    0,    0,    0,    0,    0,    0,    0,    0,    0,    0,    0,    0,    0,    0,    0,    0,    0,    0,    0,    0,    0,    0,    0,    0,    0,    0,    0,    0,    0,    0,    0,  -20,
       0,    0,    0,    0,    0,    0,    0,  -13,    0,    0,    0,    0,    0,    0,    0,    0,    0,    0,    0,    0,    0,    0,    0,    0,    0,    0,    0,    0,    0,    0,    0,    0,    0,    0,    0,    0,    0,    0,    0,    0,    0,    0,    0,    0,    0,    0,    0,    0,    0,    0,    0,    0,    0,    0,    0,    0,    0,    0,    0,    0,    0,    0,    0,    0,    0,    0,    0,    0,    0,    0,   -7,    0,
       0,    0,    0,    0,    0,    0,    0,    0,    0,    0,    0,    0,    0,    0,    0,    0,    0,    0,    0,    0,    0,    0,    0,    0,    0,    0,    0,    0,    0,    0,    0,    0,    0,    0,    0,    0,    0,    0,    0,    0,    0,    0,    0,    0,    0,    0,    0,    0,    0,    0,    0,    0,    0,    0,    0,    0,    0,    0,    0,    0,    0,    0,    0,    0,    0,    0,    0,    0,    0,    0,   -7,    0,
       0,    0,    0,    0,  -33,    0,  -27,  -40,    0,   -5,   -7,   -8,   -7,    0,   -7,    0,  -17,    0,    0,    0,    0,    0,    0,    0,    0,    0,    0,    0,    0,    0,    0,    0,    0,    0,    0,    0,    0,    0,    0,    0,    0,    0,    0,    0,    0,    0,    0,    0,    0,    0,    0,    0,    0,    0,    0,    0,    0,    0,    0,    0,    0,    0,    0,    0,    0,    0,    0,    0,    0,    0,  -30,    0,
       0,    0,    0,    0,    0,    0,    0,    0,    0,    0,    0,    0,    0,    0,    0,    0,    0,    0,    0,    0,    0,    0,    0,    0,    0,    0,    0,    0,    0,    0,    0,    0,    0,    0,    0,    0,    0,    0,    0,    0,    0,    0,    0,    0,    0,    0,    0,    0,    0,    0,    0,    0,    0,    0,    0,    0,    0,    0,    0,    0,    0,    0,    0,    0,    0,    0,    0,    0,    0,    0,  -10,    0,
       0,    0,    0,    0,    0,    0,    0,  -17,    0,    0,    0,    0,    0,    0,    0,    0,    0,    0,    0,    0,    0,    0,    0,    0,    0,    0,    0,    0,    0,    0,    0,    0,    0,    0,    0,    0,    0,    0,    0,    0,    0,    0,    0,    0,    0,    0,    0,    0,    0,    0,    0,    0,    0,    0,    0,    0,    0,    0,    0,    0,    0,    0,    0,    0,    0,    0,    0,    0,    0,    0,  -13,    0,
       0,    0,    0,    0,    0,    0,    0,    0,    0,   -7,    0,    0,    0,    0,    0,    0,    0,    0,    0,    0,    0,    0,    0,    0,    0,    0,    0,    0,    0,    0,    0,    0,    0,    0,    0,    0,    0,    0,    0,    0,    0,    0,    0,    0,    0,    0,    0,    0,    0,    0,    0,    0,    0,    0,    0,    0,    0,    0,    0,    0,    0,    0,    0,    0,    0,    0,    0,    0,    0,    0,    0,    0,
       0,    0,    0,    0,    0,    0,    0,    0,    0,  -20,  -10,    0,    0,  -17,    0,    0,    0,    0,    0,    0,    0,    0,    0,    0,    0,    0,    0,    0,    0,    0,    0,    0,    0,    0,    0,    0,    0,    0,    0,    0,    0,    0,    0,    0,    0,    0,    0,    0,    0,    0,    0,    0,    0,    0,    0,    0,    0,    0,    0,    0,    0,    0,    0,    0,    0,    0,    0,    0,    0,    0,    0,    0,
       0,    0,    0,    0,    0,    0,    0,    0,    0,    0,    0,    0,    0,    0,    0,    0,    0,    0,    0,  -13,    0,    0,    0,  -25,    0,    0,    0,    0,    0,    0,    0,    0,    0,    0,    0,    0,    0,    0,    0,    0,    0,    0,    0,    0,    0,    0,    0,    0,    0,    0,    0,    0,    0,    0,    0,  -13,    0,    0,    0,   -5,    0,    0,    0,    0,    0,    0,    0,    0,    0,    0,    0,    0,
       0,    0,    0,    0,    0,    0,    0,    0,    0,    0,    0,    0,    0,    0,    0,    0,    0,    0,    0,    0,    0,    0,    0,    0,    0,    0,    0,   -2,    0,    0,    0,    0,    0,    0,    0,    0,    0,    0,    0,    0,    0,    0,    0,    0,    0,    0,    0,    0,   -1,    0,    0,    0,    0,    0,    0,    0,    0,    0,    0,    0,    0,    0,    0,    0,    0,    0,    0,    0,    0,    0,    0,    0,
       0,    0,    0,  -25,    0,  -17,    0,    0,    0,    0,    0,    0,    0,    0,    0,    0,    0,    0,    0,    0,    0,   -7,    0,    0,    0,  -17,   -7,  -25,  -13,    0,  -27,    0,    0,  -33,    0,    0,   -7,    0,   -7,   -3,    0,    0,    0,    0,   -2,   -3,  -17,  -15,    0,   -8,    0,    0,    0,    0,    0,    0,    0,  -27,   -7,   -7,    0,  -17,  -13,  -17,  -17,  -43,  -45,  -23,  -25,    0,    0,    0,
       0,    0,   -7,    0,    0,    0,    0,  -13,    0,    0,    0,    0,    0,    0,    0,    0,    0,    0,    0,    0,    0,    0,    0,    0,    0,   -5,    0,   -3,   -2,   -4,   -8,    0,    0,    0,    0,    0,    0,   -1,    0,   -2,    0,    0,    0,    0,    0,    0,    0,    0,   -1,    0,    0,    0,    0,    0,    0,    0,    0,   -8,    0,    0,   -1,   -5,   -2,    0,    0,    0,    0,    0,    0,    0,    0,    0,
       0,    0,    7,    0,    0,    0,    0,    0,    0,    0,    0,    0,    0,    0,    0,    0,    0,    0,    0,    0,    0,    0,    0,    0,    0,    0,    0,    0,    0,    0,    0,    0,    0,    0,    0,    0,    0,    0,    0,    0,    0,    0,    0,    0,    0,    0,    0,    0,    0,    0,    0,    0,    0,    0,    0,    0,    0,    0,    0,    0,    0,    0,    0,    0,    0,    0,   13,    0,   13,    0,    0,    0,
       0,    0,  -10,    0,    0,    0,   -7,  -13,    0,    0,    0,    0,    0,    0,    0,    0,    0,    0,    0,   -7,    0,    0,   -5,   -5,    0,  -10,    0,  -10,   -2,  -12,  -12,  -15,    0,  -17,    0,    0,    0,    0,    0,    0,    0,    0,    0,    0,    0,    0,    0,    0,   -3,    0,    0,   -8,    0,    0,    0,   -7,    0,  -12,    0,    0,    0,  -10,   -2,    0,    0,    0,    0,    0,    0,    0,    0,    0,
       0,    0,    0,    0,    0,    0,    0,    0,    0,    0,    0,    0,    0,    0,    0,    0,    0,    0,    0,    0,    0,    0,    0,   -3,    0,    0,    0,    0,    0,    0,    0,    0,    0,    0,    0,    0,   -2,    0,    0,   -3,    0,    0,    0,    0,    0,   -3,   -5,    0,    0,   -3,    0,    0,    0,    0,    0,    0,    0,    0,    0,   -2,    0,    0,    0,    0,    0,    0,    0,    0,    0,    0,    0,    0,
       0,    0,    0,    0,  -27,    0,  -27,    0,    0,    0,    0,    0,    0,    0,    0,    0,    0,    0,    0,  -20,    0,   -3,    0,  -40,   -2,    5,    0,    0,    0,   -2,    0,    0,    0,    0,    0,    0,   -5,    0,    0,   -3,    0,   -3,   -3,   -3,    0,   -5,   -2,    0,   -5,    0,   -2,    0,    0,    0,    0,  -20,  -36,    0,    0,   -5,    0,    5,    0,    0,    0,    0,    0,    0,    0,    0,    0,    0,
       0,    0,    0,    0,    0,    0,    0,  -13,    0,    0,    0,    0,    0,    0,    0,    0,    0,    0,    0,   -3,    0,    0,   -3,    0,    0,   -8,    0,   -5,   -3,    0,   -8,    0,    0,  -17,    0,    0,    0,    0,    0,    0,    0,    0,    0,    0,    0,    0,    0,    0,    0,    0,    0,    0,    0,    0,    0,   -3,    0,   -8,    0,    0,    0,   -8,   -3,    0,    0,    0,    0,    0,    0,    0,    0,    0,
       0,    0,    0,    0,    0,    0,    0,    0,    0,    0,    0,    0,    0,    0,    0,    0,    0,    0,    0,    0,    0,   -5,    0,    0,    0,    0,    0,    0,    0,    0,    0,    0,    0,    0,    0,    0,    0,    0,    0,    0,    0,    0,    0,    0,    0,    0,    0,    0,    0,    0,    0,    0,    0,    0,    0,    0,    0,    0,    0,    0,    0,    0,    0,    0,    0,    0,    0,    0,    0,    0,    0,    0,
       0,    0,   13,    0,  -23,    0,  -17,  -17,    0,    0,    0,    0,    0,    0,    0,    0,    0,    0,    0,  -25,    0,  -10,    0,  -17,    0,    0,    0,    0,    0,    0,    0,    0,    0,    0,   10,    0,  -17,    0,  -17,  -17,    0,  -13,  -13,  -13,    0,  -17,  -13,   -7,    0,  -13,   -7,   13,    0,    0,    0,  -25,    0,    0,  -17,  -17,    0,    0,    0,    0,    0,   20,   27,   20,   27,    0,    0,    0,
       0,    0,    0,    0,    0,  -30,    0,    0,    0,    0,    0,    0,    0,    0,    0,    0,    0,    0,    0,    0,    0,  -15,    0,  -10,   -3,    0,   -5,   -2,   -2,    0,    7,    0,    0,    0,    0,    0,  -15,    0,    0,    0,    0,   -3,   -3,   -1,   -1,   -4,  -13,  -13,    0,  -13,    0,    0,    0,    0,    0,    0,    0,    7,    0,  -15,    0,    0,   -2,  -30,  -30,    0,    0,    0,    0,    0,    0,    0,
       0,    0,    0,  -25,    0,  -20,    0,    0,    0,    0,    0,    0,    0,    0,    0,    0,    0,    0,    0,    0,    0,   -7,    0,    0,    0,  -28,   -7,  -25,  -25,    0,  -40,    0,    0,  -33,    0,    0,   -7,    0,    0,    0,    0,    0,    0,    0,   -2,    0,   -8,   -2,    0,  -13,    7,    0,    0,    0,    0,    0,    0,  -40,    0,   -7,    0,  -28,  -25,  -20,  -20,  -40,  -33,  -40,  -33,    0,    0,    0,
       0,    0,    0,    0,  -43,    0,  -33,  -27,    0,    0,    0,    0,    0,    0,    0,    0,    0,    0,    0,  -22,    0,    0,    0,  -25,    0,    0,    0,    0,    3,   -5,    0,   -5,    0,  -17,    0,    0,   -3,    0,    3,   -3,    0,    0,    0,    0,    5,   -2,    3,    5,    0,    3,    0,    0,    0,    0,    0,  -22,    0,    0,    3,   -3,    0,    0,    3,    0,    0,   10,   17,   10,   17,    0,    0,    0,
       0,    0,  -10,    0,    0,    0,   -7,  -13,    0,    0,    0,    0,    0,    0,    0,    0,    0,    0,    0,   -7,    0,    0,   -5,   -5,    0,  -10,    0,  -10,   -2,  -12,  -12,  -15,    0,  -17,    0,   -3,    0,    0,    0,    0,    0,    0,    0,    0,    0,    0,    0,    0,   -3,    0,    0,   -8,    0,    0,    0,   -7,    0,  -12,    0,    0,    0,  -10,   -2,    0,    0,    0,    0,    0,    0,    0,    0,    0,
       0,    0,    0,    0,    0,  -20,    0,    0,    0,    0,    0,    0,    0,    0,    0,    0,    0,    0,    0,    0,    0,   -3,    0,  -10,    0,   -7,   -2,  -10,    0,    0,  -17,    0,    0,  -13,    0,    0,   -7,    0,    0,    0,    0,    0,    0,    0,    0,   -3,    0,    0,    0,    0,    0,    0,    0,    0,    0,    0,    0,  -17,    0,   -7,    0,   -7,    0,  -20,  -20,    0,    0,    0,    0,    0,    0,    0,
       0,    0,    0,    0,    0,    0,    0,    0,    0,    0,    0,    0,    0,    0,    0,    0,    0,    0,    0,    0,    0,    0,    0,    0,    0,    0,    0,    0,    0,   -5,   -5,    0,    0,    0,    0,    0,    0,    0,    0,    0,    0,    0,    0,    0,    0,    0,    0,    0,    0,    0,    0,    0,    0,    0,    0,    0,    0,   -5,    0,    0,    0,    0,    0,    0,    0,    0,    0,    0,    0,    0,    0,    0,
       0,  -18,    0,    0,  -33,  -33,  -33,  -20,    0,    0,    0,    0,    0,    0,    0,    0,    0,    0,    0,  -17,    0,  -10,    0,  -27,    0,   10,    0,    3,    3,    0,    3,    0,    0,    0,    0,    0,  -33,    0,    0,  -15,    0,  -20,   -7,  -33,    0,  -33,   -3,  -23,   -5,  -17,  -23,    0,    0,    0,    0,  -17,  -39,    3,    0,  -33,    0,   10,    3,  -33,  -33,    0,    0,    0,    0,    0,    0,    0,
       0,    0,    0,    0,    0,    0,    0,    0,    0,    0,    0,    0,    0,    0,    0,    0,    0,    0,    0,   -7,    0,    0,    0,   -3,   -3,    0,    0,    0,    0,   -3,   -3,    0,    0,    0,    0,    0,    0,    0,    0,    0,    0,    0,    0,    0,    0,    0,    0,    0,   -2,    0,    0,    0,    0,    0,    0,   -7,    0,   -3,    0,    0,    0,    0,    0,    0,    0,    0,    0,    0,    0,    0,    0,    0,
       0,  -17,    0,    0,  -40,    0,  -33,  -27,    0,    0,    0,    0,    0,    0,    0,    0,    0,    2,   -2,  -25,    0,  -10,    0,  -33,   -3,    3,    0,    0,    0,    0,    0,    0,  -33,    0,    0,  -10,  -20,    0,    0,   -7,    0,   -7,   -4,   -5,    0,   -8,    0,    0,    0,    0,   -2,  -33,   -2,   -4,   -7,  -25,  -44,    0,    0,  -20,    0,    3,    0,    0,  -33,    0,    0,    0,    0,   -3,    0,    0,
       0,  -10,    0,    0,  -27,    0,  -27,  -27,    0,    0,    0,    0,    0,    0,    0,    0,    0,    0,    0,  -13,    0,   -2,    0,  -27,   -3,    3,    0,    0,    0,    0,    0,    0,  -23,    0,    0,    0,   -8,    0,    0,   -7,    0,   -1,   -1,    0,    0,   -3,    0,    0,    0,    0,    0,  -23,    0,    0,    0,  -13,    0,    0,    0,   -8,    0,    3,    0,    0,  -23,    0,    0,    0,    0,    0,    0,    0,
       0,    0,    0,    0,    0,    0,    0,    0,    0,    0,    0,    0,    0,    0,    0,    0,    0,    0,    0,    0,    0,  -12,    0,    0,   -5,    0,   -3,    0,    0,    0,    0,    0,  -27,    0,    0,    0,   -8,    0,    0,   -1,    0,    0,    0,    0,    0,   -3,   -9,   -6,    0,   -8,    0,  -27,    0,    0,    0,    0,    0,    0,    0,   -8,    0,    0,    0,    0,  -27,    0,    0,    0,    0,    0,    0,    0,
       0,  -17,    0,    0,  -40,    0,  -40,  -40,    0,    0,    0,    0,    0,    0,    0,    0,    0,    0,    0,  -27,    0,  -12,    0,  -40,   -8,    3,   -3,    0,    0,    0,    0,    0,  -33,    0,    0,    0,  -27,    0,    0,  -27,    0,   -8,   -7,  -12,    0,   -7,   -3,   -3,   -7,   -3,   -3,  -33,    0,    0,    0,  -27,    0,    0,    0,  -27,    0,    3,    0,    0,  -40,    0,    0,    0,    0,    0,    0,    0,
       0,    0,    0,    0,    0,    0,    0,    0,    0,    0,    0,    0,    0,    0,    0,    0,    0,    0,    0,    0,    0,   -2,    0,    0,    0,    0,    0,    0,    0,    0,    0,    0,    0,    0,    0,    0,   -2,    0,    0,    0,    0,    0,    0,    0,    0,   -2,   -2,    0,    0,    0,    0,    0,    0,    0,    0,    0,    0,    0,    0,   -2,    0,    0,    0,    0,    0,    0,    0,    0,    0,    0,    0,    0,
       0,    0,    0,    0,    0,    0,    0,    0,    0,  -13,  -17,    0,    0,    0,    0,    0,    0,    0,    0,  -17,    0,    0,    0,  -37,    0,  -33,    0,  -33,  -23,  -27,  -40,    0,    0,    0,    0,    0,    0,    0,    0,    0,    0,    0,    0,    0,    0,    0,   -7,   -7,  -13,   -7,    0,    0,    0,    0,    0,    0,    0,    0,    0,    0,    0,    0,    0,    0,    0,    0,    0,    0,    0,    0,    0,    0,
       0,    0,    0,    0,    0,    0,    0,    0,    0,    0,    0,    0,    0,    0,    0,    0,    0,    0,    0,    0,    0,  -17,    0,    0,    0,  -20,    0,  -13,  -13,    0,  -27,    0,    0,  -31,    0,    0,    0,    0,    0,    0,   20,    0,    0,    0,    0,    0,   -2,    0,    0,    0,    0,    0,    0,    0,    0,    0,    0,  -27,   -2,   -7,    0,  -20,  -13,    0,    0,    0,    0,    0,    0,    0,    0,    0,
       0,    0,    0,    0,    0,    0,    0,    0,    0,    0,    0,    0,    0,    0,    0,    0,    0,    0,    0,    0,    0,    0,    0,    0,    0,    0,    0,  -10,    0,    0,    0,    0,    0,    0,    0,    0,    0,    0,    0,    0,    0,    0,    0,    0,    0,    0,   -7,    0,    0,    0,    0,    0,    0,    0,    0,    0,    0,    0,    0,  -11,    3,    0,    0,    0,    0,    0,    0,    0,    0,    0,    0,    0,
       0,    0,    0,    0,    0,    0,    0,    0,    0,    0,    0,    0,    0,    0,    0,    0,    0,    0,    0,    7,    0,   -7,    0,    0,    0,  -22,   -3,   -9,   -3,    0,  -18,    0,    0,  -10,    0,    0,    0,    0,    0,    0,    0,    0,    0,    0,    0,   -3,   -4,   -2,    0,   -4,    0,    0,    0,    0,    0,    7,    0,  -18,    0,    0,    0,  -22,   -3,    0,    0,    0,    0,    0,    0,    0,    0,    0,
       0,    0,   -8,    0,    0,    0,    0,  -17,    0,    0,    0,    0,    0,    0,    0,    0,    0,    0,    0,    0,    0,    0,    0,    0,    0,  -16,    0,   -8,   -5,   -5,  -13,   -3,    0,  -17,    0,    0,    0,    0,   -7,    0,    0,    0,    0,    0,    0,    0,   -5,   -7,   -7,   -7,   -3,   -8,    0,    0,    0,    0,    0,  -13,   -7,    0,    0,  -16,   -5,    0,    0,    0,    0,    0,    0,    0,    0,    0,
       0,    0,    0,    0,    0,    0,    0,    0,    0,    0,    0,    0,    0,    0,    0,    0,    0,    0,    0,    0,    0,    0,    0,    0,    0,  -10,    0,   -5,   -3,   -2,  -12,    0,    0,    0,    0,    0,    0,    0,    0,    0,    0,    0,    2,    0,    0,    0,    0,    0,    0,   -5,    0,    0,    0,    0,    0,    0,    0,  -12,    0,    0,    0,  -10,   -3,    0,    0,    0,   10,    0,   10,    0,    0,    0,
       0,    0,    0,    0,    0,    0,    0,    0,    0,    0,    0,    0,    0,    0,    0,    0,    0,    0,    0,    0,    0,    0,    0,    0,    0,    0,    0,    0,    0,    0,    0,    0,    0,    0,    0,    0,    0,    0,    0,    0,    0,    0,    0,    0,    0,    5,    0,    0,    0,    0,    0,    0,    0,    0,    0,    0,    0,    0,    0,    0,    0,    0,    0,    0,    0,    0,    0,    0,    0,    0,    0,    0,
       0,    0,    0,    0,    0,    0,    0,    0,    0,    0,    0,    0,    0,    0,    0,    0,    0,    0,    0,    0,    0,    0,    0,    0,    0,  -15,    0,   -7,   -3,   -3,  -12,    0,    0,  -13,    0,    0,    0,    0,    0,   -2,    0,    0,    0,    0,    0,    0,   -3,   -3,   -1,   -3,    0,    0,    0,    0,    0,    0,    0,  -12,    0,    0,    0,  -15,   -3,    0,    0,    0,    0,    0,    0,    0,    0,    0,
       0,    0,   10,   10,    0,    0,    0,   -7,    0,    0,    0,    0,    0,    0,    0,    0,    0,    0,    0,   -7,    0,    0,    0,    0,    0,   20,    0,   18,   17,   17,   17,   17,    0,    0,   13,    0,   -7,    0,    0,    0,    0,    0,    0,    0,    1,    0,    3,    1,    0,    0,    1,    0,    0,    0,    0,   -7,    0,   17,    0,   -7,    0,   20,   17,    0,    0,   10,   13,   10,   13,    0,    0,    0,
       0,    0,    0,    0,   -2,    0,    0,    0,    0,    0,    0,    0,    0,    0,    0,    0,    0,    0,    0,   -5,    0,   -3,    0,    0,   -2,    0,    0,    0,    0,    0,   -5,    0,    0,  -10,    0,    0,    0,    0,    0,    0,    3,    0,    0,   -3,    0,   -3,    0,    0,    0,    0,    0,    0,    0,    0,    0,   -5,    0,   -5,    0,    0,    0,    0,    0,    0,    0,    0,    0,    0,    0,    0,    0,    0,
       0,    0,    0,    0,    0,    0,    0,    0,    0,    0,    0,    0,    0,    0,    0,    0,    0,    0,    0,    0,    0,    0,    0,    0,    0,  -10,    0,  -10,    0,    0,   -8,    0,    0,  -13,    0,    0,    0,    0,    0,    0,    0,    0,    0,    0,    0,    0,    0,    0,    0,   -2,    0,    0,    0,    0,    0,    0,    0,   -8,    0,    0,    0,  -10,    0,    0,    0,    0,    0,    0,    0,    0,    0,    0,
       0,    0,    0,    0,    0,    0,    0,    0,    0,    0,    0,    0,    0,    0,    0,    0,    0,    0,    0,    0,    0,    0,    0,    0,    0,  -10,    0,    0,    0,    0,    0,    0,    0,    0,    0,    0,    0,    0,    0,    0,    0,    0,    0,    0,    0,    0,    0,    0,    0,    0,    0,    0,    0,    0,    0,    0,    0,    0,    0,    0,    0,  -10,    0,    0,    0,    0,    0,    0,    0,    0,    0,    0,
       0,    0,    0,    0,    0,    0,    0,    0,    0,    0,    0,    0,    0,    0,    0,    0,    0,    0,    0,    0,    0,    0,    0,    0,    0,  -10,   -3,    0,    0,    0,    0,    0,    0,    0,    0,    0,    0,    0,    0,    0,    2,    0,    0,    0,    0,    0,    0,    0,    0,    0,    0,    0,    0,    0,    0,    0,    0,    0,    0,    0,    0,  -10,    0,    0,    0,    0,    0,    0,    0,    0,    0,    0,
       0,    0,    0,    0,    0,    0,    0,    0,    0,    0,    0,    0,    0,    0,    0,    0,    0,    0,    0,    0,    0,   -3,    0,    0,    0,    0,    0,    0,    0,    0,   -7,    0,    0,  -13,    0,    0,   -7,   -2,    0,   -7,   -2,    0,    0,   -2,    0,   -2,    0,    0,    0,    0,    0,    0,    0,    0,    0,    0,    0,   -7,    0,   -7,   -2,    0,    0,    0,    0,    0,    0,    0,    0,    0,    0,    0,
       0,    0,    0,    0,    0,    0,    0,    0,    0,    0,    0,    0,    0,    0,    0,    0,    0,    0,    0,    0,    0,   -7,    0,    0,    0,   -8,    0,  -10,   -7,    0,  -10,    0,    0,    0,    0,    0,   -3,    0,    0,   -3,   -5,    0,    0,    0,   -1,   -2,   -8,   -5,    0,   -5,    0,    0,    0,    0,    0,    0,    0,  -10,    0,   -3,    0,   -8,   -7,    0,    0,    0,    0,    0,    0,    0,    0,    0,
       0,    0,   10,    0,    0,    0,    0,    0,    0,    0,    0,    0,    0,    0,    0,    0,    0,    0,    0,    0,    0,    0,    0,    0,    0,   -7,    0,   -6,    0,    0,   -5,    0,    0,   -2,    0,    0,    0,    0,    0,    0,    7,    0,    0,    0,    0,    0,    0,    0,    0,    0,    0,    0,    0,    0,    0,    0,    0,   -5,    0,    0,    0,   -7,    0,    0,    0,    0,    0,    0,    0,    0,    0,    0,
       0,    0,    0,    7,  -23,    0,  -38,   -7,    0,    0,    0,    0,    0,    0,    0,    0,    0,    0,    0,  -10,    0,    0,    0,    0,    0,   -3,    0,    0,    0,   -5,    0,    0,  -10,    0,    0,    0,   -7,    0,    0,   -5,   -3,    0,    0,    0,    7,    0,   17,   17,    0,    0,    0,  -10,    0,    0,    0,  -10,    0,    0,    0,   -7,    0,   -3,    0,    0,    0,    0,   17,    0,   17,    0,    0,    0,
       0,    0,    0,    0,    0,    0,    0,    0,    0,    0,    0,    0,    0,    0,    0,    0,    0,    0,    0,    0,    0,   -2,    0,    0,    0,  -15,    0,   -2,    0,   -2,   -7,    0,    0,    0,    0,    0,    0,    0,    0,    0,    0,    0,    0,    0,    0,    0,    0,    0,   -2,    0,    0,    0,    0,    0,    0,    0,    0,   -7,    0,    0,    0,  -15,    0,    0,    0,    0,    0,    0,    0,    0,    0,    0,
       0,    0,    0,    0,   -7,    0,    0,    0,    0,    0,    0,    0,    0,    0,    0,    0,    0,    0,    0,    0,    0,    0,    0,    0,    0,    0,    0,    0,    0,    0,    0,    0,    0,    0,    0,    0,   -2,    0,   -8,   -2,    0,    0,    0,    7,    0,    0,    0,    0,    0,    0,    0,    0,    0,    0,    0,    0,    0,    0,   -8,   -2,    0,    0,    0,    0,    0,    0,    0,    0,    0,    0,    0,    0,
       0,    0,    0,    0,    0,    0,    0,    0,    0,    0,    0,    0,    0,    0,    0,    0,    0,    0,    0,    0,    0,    0,    0,    0,    0,  -10,    0,   -3,   -3,    0,   -5,    0,    0,    0,    0,    0,    0,    0,    0,   -3,    0,    0,    0,    0,    0,    0,    0,    0,    0,    0,    0,    0,    0,    0,    0,    0,    0,   -5,    0,    0,    0,  -10,   -3,    0,    0,    0,    0,    0,    0,    0,    0,    0,
       0,  -10,    0,    2,  -13,    0,  -13,   -7,    0,    0,    0,    0,    0,    0,    0,    0,    0,    1,    0,   -8,    0,    0,    0,    0,    0,   -3,    0,    0,    0,   -9,   -3,   -7,   -7,    0,    0,   -7,   -5,    0,    0,   -3,    0,    0,    0,   -2,   17,    0,   17,    0,    0,    0,    0,   -7,    0,    0,   -4,   -8,    0,   -3,    0,   -6,    0,   -3,    0,    0,    0,    0,    0,    0,    0,    0,    0,    0,
       0,  -10,    0,    0,  -13,    0,  -13,   -7,    0,    0,    0,    0,    0,    0,    0,    0,    0,    0,    0,   -2,    0,    0,    0,    0,    0,   -3,    0,    0,    0,   -6,   -3,   -2,   -7,    0,    0,    0,   -5,    0,    0,   -5,    0,    0,    0,   -2,   17,    0,   13,    0,    0,    0,    0,   -7,    0,    0,    0,   -2,    0,   -3,    0,   -5,    0,   -3,    0,    0,    0,    0,    0,    0,    0,    0,    0,    0,
       0,   -1,    0,    0,    0,    0,    0,    0,    0,    0,    0,    0,    0,    0,    0,    0,    0,    0,    0,    0,    0,   -3,    0,    0,    0,   -5,   -2,    0,    0,    0,   -7,    0,  -13,   -2,    0,    0,  -10,    0,    0,    0,    0,    0,    0,   -2,    0,   -2,    0,    0,    0,    0,    0,  -13,    0,   -2,    0,    0,    0,   -7,    0,  -11,    0,   -5,    0,    0,    0,    0,    0,    0,    0,    0,    0,    0,
       0,  -10,    0,    0,    0,    0,  -13,   -7,    0,    0,    0,    0,    0,    0,    0,    0,    0,    0,    0,   -8,    0,    0,    0,    0,    0,   -3,    0,    0,    0,   -7,   -3,   -3,   -7,    0,    0,    0,   -3,    0,    0,   -5,    0,    0,    0,   -3,    0,    0,    0,    0,    0,    0,    0,   -7,    0,    0,    0,   -8,    0,   -3,    0,   -3,    0,   -3,    0,    0,    0,    0,    0,    0,    0,    0,    0,    0,
       0,    0,    0,    0,    0,    0,    0,    0,    0,    0,    0,    0,    0,    0,    0,    0,    0,    0,    0,    0,    0,    0,    0,    0,    0,   -3,    0,    0,    0,    0,   -3,    0,    0,  -13,    0,    0,   -3,    0,    0,    0,    0,    0,    0,    0,    0,    0,    0,    0,    0,    0,    0,    0,    0,    0,    0,    0,    0,   -3,    0,   -3,    0,   -3,    0,    0,    0,    0,    0,    0,    0,    0,    0,    0,
       0,    0,    0,    0,    0,    0,    0,    0,    0,  -13,  -17,    0,    0,    0,    0,    0,    0,    0,    0,  -17,    0,   -8,    0,  -33,    0,  -33,    0,  -33,  -23,  -27,  -40,    0,    0,    0,    0,    0,   -8,    0,    0,    0,    0,    0,    0,    0,    0,    0,   -7,   -7,  -13,   -7,    0,    0,    0,    0,    0,    0,    0,    0,    0,   -8,    0,    0,    0,    0,    0,    0,    0,    0,    0,    0,    0,    0,
       0,    0,    0,    0,    0,    0,    0,    0,    0,  -13,  -17,    0,    0,    0,    0,    0,    0,    0,    0,  -17,    0,    0,    0,  -17,    0,  -33,    0,  -33,  -23,  -27,  -40,    0,    0,    0,    0,    0,    0,    0,    0,    0,    0,    0,    0,    0,    0,    0,   -7,   -7,  -13,   -7,    0,    0,    0,    0,    0,    0,    0,    0,    0,    0,    0,    0,    0,    0,    0,    0,    0,    0,    0,    0,    0,    0,
       0,    0,    0,    0,    0,    0,    0,    0,    0,    0,    0,    0,    0,    0,    0,    0,    0,    0,    0,    0,    0,    0,    0,    0,    0,    0,    0,   -2,    0,    0,    0,    0,    0,    0,    0,    0,    0,    0,    0,    0,    0,    0,    0,    0,    0,    0,    0,    0,    0,    0,    0,    0,    0,    0,    0,    0,    0,    0,    0,    0,    0,    0,    0,    0,    0,    0,    0,    0,    0,    0,    0,    0,
       0,    0,    0,    0,    0,    0,    0,    0,  -13,  -10,    0,  -10,    0,    0,    0,    0,    0,    0,    0,    0,    0,    0,    0,    0,    0,    0,    0,    0,    0,    0,    0,    0,    0,    0,    0,    0,    0,    0,    0,    0,    0,    0,    0,    0,    0,    0,    0,    0,    0,    0,    0,    0,    0,    0,    0,    0,    0,    0,    0,    0,    0,    0,    0,    0,    0,    0,    0,    0,    0,    0,    0,    0,
       0,    0,    0,    0,    0,    0,    0,    0,    0,    0,    0,    0,    0,    0,    0,    0,    0,    0,    0,    0,    0,    0,    0,    0,    0,    0,    0,   -4,    0,    0,    0,    0,    0,    0,    0,    0,    0,    0,    0,    0,    0,    0,    0,    0,    0,    0,    0,    0,   -2,    0,    0,    0,    0,    0,    0,    0,    0,    0,    0,    3,    0,    0,    0,    0,    0,    0,    0,    0,    0,    0,    0,    0,
       0,    0,    0,    0,    0,    0,    0,    0,    0,    0,    0,    0,    0,    0,    0,    0,    0,    0,    0,    0,    0,    0,    0,    0,    0,    0,    0,   -6,    0,    0,    0,    0,    0,    0,    0,    0,    0,    0,    0,    0,    0,    0,    0,    0,    0,    0,   -3,    0,    0,    0,    0,    0,    0,    0,    0,    0,    0,    0,    0,  -10,    0,    0,    0,    0,    0,    0,    0,    0,    0,    0,    0,    0,
       3,    0,    0,   -2,  -43,    0,  -33,  -13,    0,    0,    0,    0,    0,    0,    0,    0,    0,    0,    0,  -22,    0,    0,    0,  -25,    0,    0,    0,    0,    3,   -5,    0,   -5,    0,   -7,    0,  -18,   -3,    0,    3,   -3,    0,    0,    0,    0,    5,   -2,    4,    5,   -1,    3,    0,    0,    7,    8,   -7,  -22,    0,    0,    3,   -3,    0,    0,    3,    0,    0,   10,   17,   10,   17,    1,    0,    0,
       0,    0,   -8,   -7,    0,    0,    0,   -4,    0,    0,    0,    0,    0,    0,    0,    0,    0,    0,    0,    0,    0,    0,    0,    0,    0,  -16,    0,   -8,   -5,   -5,  -13,   -3,    0,   -2,    0,  -11,    0,    0,   -7,    0,    0,    0,    0,    0,    0,    0,   -6,   -7,   -8,   -7,   -3,   -8,    0,    3,    0,    0,    0,  -13,   -7,    0,    0,  -16,   -5,    0,    0,    0,    0,    0,    0,    0,    0,    0,
       0,    0,  -10,   -5,    0,    0,   -7,  -10,    0,    0,    0,    0,    0,    0,    0,    0,    0,    0,    0,   -7,    0,    0,   -5,   -5,    0,  -10,    0,  -10,   -2,  -12,  -12,  -15,    0,  -17,    0,  -18,    0,    0,    0,    0,    0,    0,    0,    0,    0,    0,    0,    0,   -4,    0,    0,   -8,    0,    3,   -7,   -7,    0,  -12,    0,    0,    0,  -10,   -2,    0,    0,    0,    0,    0,    0,    0,    0,    0,
       0,    0,    0,    0,    0,    0,    0,    0,    0,    0,    0,    0,    0,    0,    0,    0,    0,    0,    0,    0,   22,    0,    0,    0,    0,    0,    0,    0,    0,    0,    0,    0,    0,    0,    0,    0,    0,   26,    0,    0,    0,    0,    0,    0,   11,    0,    0,    0,    0,    0,    0,    0,    0,    0,    0,    0,    0,    0,    0,    0,   26,    0,    0,    0,    0,    0,    0,    0,    0,    0,    0,    0,
       0,    0,    0,    0,   -1,    0,    0,    0,    0,    0,    0,    0,    0,    0,    0,    0,    0,    0,    0,   -5,    0,   -3,    0,    0,   -2,    0,    0,    0,    0,    0,   -5,    0,    0,  -10,    0,    0,    0,    0,    0,    0,    3,    0,    0,   -3,    0,   -3,    0,    0,    0,    0,    0,    0,    0,    0,    0,   -5,    0,   -5,    0,    0,    0,    0,    0,    0,    0,    0,    0,    0,    0,    0,    0,    0,
       0,    0,    0,    0,    0,  -20,    0,    0,    0,    0,    0,    0,    0,    0,    0,    0,    0,    0,    0,    0,    0,   -3,    0,  -10,    0,   -7,   -2,  -10,    0,    0,  -17,    0,    0,  -13,    0,    0,   -7,    0,    0,    0,    0,    0,    0,    0,    0,   -3,    0,    0,    0,    0,    0,    0,    0,    0,    0,    0,    0,  -17,    0,   -7,    0,   -7,    0,    0,  -20,    0,    0,    0,    0,    0,    0,    0,
       0,    0,    0,    0,    0,    0,    0,    0,    0,    0,    0,    0,    0,    0,    0,    0,    0,    0,    0,  -45,    0,    0,    0,  -80,    0,    0,    0,    0,    0,    0,    0,    0,    0,    0,    0,    0,    0,    0,    0,  -13,    0,    0,    0,  -13,    0,    0,    0,    0,    0,    0,    0,    0,    0,    0,    0,  -45,    0,    0,    0,    0,    0,    0,    0,    0,    0,    0,    0,    0,    0,    0,    0,    0,
       0,    0,    0,    0,    0,    0,    0,    0,    0,    0,    0,    0,    0,    0,    0,    0,    0,    0,    0,  -20,    0,    0,    0,  -40,    0,    0,    0,    0,    0,    0,    0,    0,    0,    0,    0,    0,  -13,    0,    0,  -17,    0,  -10,    0,    0,    0,    0,    0,    0,    0,    0,    0,    0,    0,    0,    0,  -20,    0,    0,    0,  -13,    0,    0,    0,    0,    0,    0,    0,    0,    0,    0,    0,    0,
       0,    0,    0,    0,    0,    0,    0,    0,    0,    0,    0,    0,    0,    0,    0,    0,    0,    0,    0,  -25,    0,    0,    0,  -40,    0,    0,    0,    0,    0,    0,    0,    0,    0,    0,    0,    0,    0,    0,    0,  -13,    0,    0,    0,  -13,    0,    0,    0,    0,    0,    0,    0,    0,    0,    0,    0,  -25,    0,    0,    0,    0,    0,    0,    0,    0,    0,    0,    0,    0,    0,    0,    0,    0,
       0,    0,    0,    0,    0,    0,    0,    0,    0,    0,    0,    0,    0,    0,    0,    0,    0,    0,    0,  -25,    0,    0,    0,  -33,    0,    0,    0,    0,    0,    0,    0,    0,    0,    0,    0,    0,  -13,    0,    0,  -17,    0,    0,    0,    0,    0,    0,    0,    0,    0,    0,    0,    0,    0,    0,    0,  -25,    0,    0,    0,  -13,    0,    0,    0,    0,    0,    0,    0,    0,    0,    0,    0,    0,
       0,    0,    0,    0,    0,    0,    0,    0,    0,    0,    0,    0,    0,    0,    0,    0,    0,    0,    0,    0,    0,    0,    0,    0,    0,    0,    0,   -3,    0,    0,    0,    0,    0,    0,    0,    0,    0,    0,    0,    0,    0,    0,    0,    0,    0,    0,    0,    0,    0,    0,    0,    0,    0,    0,    0,    0,    0,    0,    0,    0,    0,    0,    0,    0,    0,    0,    0,    0,    0,    0,    0,    0,
       0,    0,    0,    0,    0,    0,    0,    0,  -17,    0,    0,    0,    0,    0,  -10,  -13,    0,    0,    0,    0,    0,    0,    0,    0,    0,    0,    0,    0,    0,    0,    0,    0,    0,    0,    0,    0,    0,    0,    0,    0,    0,    0,    0,    0,    0,    0,    0,    0,    0,    0,    0,    0,    0,    0,    0,    0,    0,    0,    0,    0,    0,    0,    0,    0,    0,    0,    0,    0,    0,    0,    0,    0,
       0,    0,    0,    0,    0,    0,    0,    0,    0,  -13,    0,    0,    0,    0,    0,    0,    0,    0,    0,    0,    0,    0,    0,    0,    0,    0,    0,    0,    0,    0,    0,    0,    0,    0,    0,    0,    0,    0,    0,    0,    0,    0,    0,    0,    0,    0,    0,    0,    0,    0,    0,    0,    0,    0,    0,    0,    0,    0,    0,    0,    0,    0,    0,    0,    0,    0,    0,    0,    0,    0,    0,    0,
       0,    0,    0,    0,    0,    0,    0,    0,    0,    0,    0,  -27,    0,    0,    0,    0,    0,    0,    0,    0,    0,    0,    0,    0,    0,    0,    0,    0,    0,    0,    0,    0,    0,    0,    0,    0,    0,    0,    0,    0,    0,    0,    0,    0,    0,    0,    0,    0,    0,    0,    0,    0,    0,    0,    0,    0,    0,    0,    0,    0,    0,    0,    0,    0,    0,    0,    0,    0,    0,    0,    0,    0,
};

static const EpdLigaturePair lexenddeca_10_bolditalicLigaturePairs[] = {
    { 0x00660069, 0xFB01 }, // f i -> U+FB01
    { 0x0066006C, 0xFB02 }, // f l -> U+FB02
};

static const EpdFontData lexenddeca_10_bolditalic = {
    lexenddeca_10_bolditalicBitmaps,
    lexenddeca_10_bolditalicGlyphs,
    lexenddeca_10_bolditalicIntervals,
    56,
    26,
    21,
    -6,
    true,
    lexenddeca_10_bolditalicGroups,
    11,
    nullptr,
    lexenddeca_10_bolditalicKernLeftClasses,
    lexenddeca_10_bolditalicKernRightClasses,
    lexenddeca_10_bolditalicKernMatrix,
    400,
    396,
    87,
    72,
    lexenddeca_10_bolditalicLigaturePairs,
    2,
};
