/**
 * generated by fontconvert.py
 * name: literata_18_bold
 * size: 18
 * mode: 2-bit  compressed: true
 * Command used: fontconvert.py literata_18_bold 18 ..\builtinFonts\source\Literata\Literata-Bold.ttf --2bit --compress --pnum
 */
#pragma once
#include "EpdFontData.h"

static const uint8_t literata_18_boldBitmaps[26906] = {
    0xB5, 0x5B, 0xBF, 0xAF, 0xE6, 0x56, 0x5A, 0x3E, 0xB6, 0x77, 0xC6, 0x52, 0x3E, 0x69, 0x9D, 0x62,
    0x43, 0x36, 0x3B, 0x12, 0xAE, 0x90, 0x40, 0x02, 0xFC, 0x17, 0x20, 0x1B, 0x6D, 0x91, 0x22, 0x45,
    0xA6, 0x98, 0x9B, 0x48, 0x6C, 0x91, 0x86, 0x02, 0x68, 0x6E, 0x43, 0x01, 0x12, 0x60, 0x8B, 0x94,
    0x14, 0x3B, 0x42, 0xA2, 0x66, 0x8B, 0x20, 0x81, 0x90, 0x98, 0x96, 0x62, 0x59, 0x7F, 0xC9, 0x14,
    0x29, 0x28, 0xC6, 0x41, 0x2C, 0x29, 0x52, 0x8C, 0x8B, 0x44, 0x40, 0x28, 0xC6, 0x2B, 0x7C, 0x59,
    0x5F, 0x62, 0xFB, 0xF0, 0x3C, 0xCF, 0x7B, 0xEC, 0xFB, 0xDD, 0x9B, 0x99, 0x24, 0x64, 0x27, 0x37,
    0xFE, 0xDE, 0xF7, 0xCC, 0xF7, 0xF9, 0xFC, 0x7C, 0x7F, 0xBF, 0xEF, 0x49, 0x74, 0xD7, 0xE5, 0x8B,
    0x2B, 0xFD, 0xC9, 0xB3, 0xBA, 0x62, 0xE1, 0x97, 0xD9, 0xAC, 0x67, 0x72, 0x87, 0x91, 0x4F, 0x3A,
    0x5C, 0x7B, 0xE2, 0x1F, 0x39, 0xFB, 0x8B, 0xEE, 0xF2, 0x35, 0xF4, 0xB2, 0x07, 0x6D, 0x7C, 0x53,
    0x34, 0xFF, 0xE4, 0xEA, 0x7F, 0xF1, 0xAE, 0xC5, 0xA7, 0x7E, 0x0F, 0x9F, 0x77, 0x31, 0x70, 0x83,
    0x17, 0x9A, 0xC5, 0x15, 0xD5, 0xEC, 0x0A, 0xF7, 0x63, 0x97, 0xBB, 0x3F, 0x42, 0xEF, 0xBF, 0x75,
    0xBF, 0x8F, 0x41, 0xE2, 0xD9, 0x79, 0xA0, 0x64, 0x76, 0x2B, 0xD1, 0x14, 0x50, 0xB4, 0x38, 0x97,
    0x79, 0xFE, 0xB9, 0xFC, 0x1A, 0xBA, 0xF5, 0xD6, 0xC5, 0x9B, 0xCB, 0x19, 0x7E, 0xEC, 0xF1, 0x2E,
    0x51, 0x3A, 0x02, 0xE5, 0x5D, 0x40, 0x87, 0xC1, 0xB9, 0x97, 0xCE, 0x7F, 0xFA, 0xD6, 0xC5, 0x3D,
    0x57, 0xF3, 0xFD, 0xD9, 0xB5, 0x86, 0xD4, 0x1B, 0x3D, 0xCA, 0x26, 0xEF, 0xF0, 0x66, 0x5D, 0x15,
    0x47, 0xA0, 0x36, 0x20, 0x57, 0x12, 0x79, 0x43, 0xAE, 0x6E, 0x6E, 0xC2, 0xB6, 0xF9, 0x3D, 0x8C,
    0xEE, 0xA7, 0x1F, 0x3B, 0xA7, 0xD1, 0x12, 0xC0, 0xC5, 0x1D, 0x7C, 0x53, 0xE3, 0xB4, 0xD0, 0xC0,
    0xDE, 0x66, 0x17, 0x63, 0x97, 0xB3, 0xC3, 0x06, 0x4A, 0x2C, 0xFE, 0x27, 0x38, 0xD1, 0xCA, 0xBD,
    0xE8, 0x0A, 0xFF, 0x31, 0xFA, 0x17, 0xDE, 0x37, 0xDA, 0x10, 0x7E, 0x49, 0xD1, 0xB7, 0x73, 0x31,
    0x20, 0x96, 0x5C, 0xEF, 0x5F, 0x71, 0xF9, 0x1E, 0x5D, 0x5C, 0x04, 0x78, 0x8B, 0x5D, 0x9A, 0x9A,
    0x5D, 0x9A, 0xBA, 0xC2, 0x44, 0x55, 0x7D, 0x04, 0x74, 0xE5, 0x88, 0x6F, 0x70, 0xD8, 0x55, 0x8D,
    0x83, 0xD7, 0x08, 0x65, 0xCD, 0xD1, 0xCA, 0xDB, 0x1C, 0xE6, 0x69, 0x2B, 0x17, 0x3C, 0x07, 0xC9,
    0x6A, 0x6C, 0xFB, 0xE0, 0x71, 0xBA, 0xFE, 0x68, 0xEB, 0x89, 0x39, 0x59, 0x39, 0xF8, 0x2E, 0xE5,
    0x91, 0xB7, 0x5D, 0xDD, 0x83, 0x82, 0xFC, 0xB9, 0xEE, 0xF3, 0x29, 0x34, 0xCA, 0x21, 0x34, 0xDA,
    0xCE, 0xDE, 0xF9, 0x80, 0xBD, 0xD9, 0xEB, 0x21, 0x17, 0xCC, 0x71, 0xD4, 0x1B, 0x3B, 0x98, 0xB3,
    0x39, 0x22, 0x41, 0x7F, 0xA7, 0x2A, 0xC6, 0xC2, 0xB3, 0x1F, 0x5F, 0xF3, 0x1C, 0xD2, 0xF9, 0xF7,
    0xFC, 0xAB, 0x7C, 0x3F, 0xF2, 0x6F, 0xFB, 0x44, 0xE4, 0xF6, 0xC9, 0xAA, 0xF9, 0x0F, 0x4B, 0x68,
    0x64, 0x33, 0x1B, 0xEC, 0x34, 0x26, 0xF6, 0x4E, 0xDD, 0xC7, 0xFE, 0xFB, 0xAB, 0xE6, 0x77, 0xFE,
    0x09, 0xC6, 0x89, 0x71, 0x86, 0x85, 0xEF, 0x31, 0xCC, 0xDF, 0xE1, 0x73, 0xC6, 0x81, 0x5F, 0xBA,
    0xEB, 0x6C, 0x76, 0xED, 0x3E, 0x1C, 0x33, 0x16, 0x7A, 0xD1, 0xF6, 0x9A, 0xF7, 0x98, 0x71, 0x21,
    0xE8, 0x18, 0x70, 0x75, 0xB8, 0xFE, 0xEF, 0x63, 0xDE, 0x6B, 0x59, 0x43, 0x79, 0x8C, 0x79, 0x34,
    0x53, 0x5B, 0xE5, 0x98, 0xAE, 0xF4, 0x3C, 0xDE, 0x0E, 0x04, 0xE9, 0xDD, 0x8A, 0xAD, 0x67, 0x7E,
    0x88, 0x27, 0xF0, 0x46, 0xEB, 0xE7, 0x64, 0xC8, 0xAB, 0xC4, 0xB7, 0x3E, 0xED, 0xB8, 0xE6, 0xC2,
    0x3F, 0xE2, 0x69, 0x4E, 0x07, 0x4D, 0x5C, 0x0E, 0x89, 0x28, 0x58, 0x0F, 0x4E, 0xF4, 0x04, 0x2E,
    0xF9, 0x7D, 0x4D, 0xAA, 0xE1, 0xFD, 0x7A, 0xC2, 0x4A, 0xC9, 0x83, 0x0B, 0x0E, 0x60, 0x8D, 0x8F,
    0x20, 0x31, 0xB9, 0xBA, 0x27, 0xA3, 0x3F, 0xF6, 0xFE, 0x48, 0xAE, 0x8A, 0x49, 0xA2, 0x1A, 0x84,
    0x2D, 0xC6, 0x6D, 0x93, 0x90, 0xA9, 0xBA, 0xC3, 0xD9, 0x1F, 0xEB, 0x63, 0xD9, 0x94, 0x4D, 0x51,
    0x15, 0x90, 0x20, 0x07, 0xDE, 0x72, 0xFF, 0x48, 0xF1, 0x49, 0x27, 0x87, 0xDD, 0x94, 0x3D, 0x29,
    0xEC, 0x8F, 0xD8, 0x5B, 0xE2, 0xAB, 0xD4, 0x93, 0x4F, 0x72, 0x09, 0x34, 0x66, 0x03, 0x5B, 0xDA,
    0x53, 0x9F, 0x3C, 0xFB, 0x97, 0x78, 0x81, 0x72, 0xBF, 0xB2, 0x0B, 0x78, 0x0C, 0xDD, 0x13, 0xAC,
    0x1A, 0xC7, 0x80, 0x9D, 0x63, 0xD8, 0x62, 0x70, 0xD9, 0x48, 0x01, 0x8D, 0x40, 0x83, 0x3F, 0x34,
    0xD1, 0xC7, 0xFC, 0x38, 0x0E, 0x1C, 0x1E, 0x7E, 0x39, 0x50, 0x1C, 0xD8, 0x2B, 0x22, 0xA1, 0xB0,
    0x86, 0xDE, 0xB5, 0x03, 0xF7, 0x7C, 0x63, 0x82, 0x62, 0xDD, 0x9E, 0xE5, 0xFA, 0xB2, 0x26, 0xBE,
    0x8C, 0x2E, 0xE8, 0xE8, 0xBB, 0x88, 0x5B, 0xC0, 0x02, 0x5C, 0x0A, 0xB1, 0xD2, 0xCE, 0x0A, 0xAC,
    0xA2, 0x72, 0xDF, 0xB6, 0x89, 0x0F, 0x47, 0x4A, 0xB9, 0x7B, 0x25, 0xEB, 0xAA, 0xF2, 0xF5, 0xF7,
    0x87, 0xFA, 0xA3, 0xBF, 0x9E, 0x20, 0x07, 0x03, 0x4E, 0xAD, 0xE2, 0x42, 0xEF, 0x80, 0x0E, 0xF5,
    0x67, 0xED, 0x50, 0x3F, 0x7A, 0x34, 0x96, 0xD9, 0xC3, 0xC1, 0xE5, 0xC7, 0x0A, 0x1F, 0x90, 0x8A,
    0xE2, 0x47, 0x9A, 0x3F, 0x0B, 0x48, 0xB9, 0xDC, 0x00, 0x5F, 0xDC, 0x43, 0xE0, 0x30, 0x96, 0x73,
    0xBD, 0xD6, 0xBE, 0xF4, 0xB9, 0x77, 0x4B, 0x34, 0x27, 0x53, 0x06, 0x5E, 0xFA, 0x4D, 0xF7, 0x2D,
    0xF0, 0xCA, 0xB8, 0x3F, 0xD1, 0xDD, 0x7C, 0x2E, 0xF1, 0x16, 0xDE, 0x5B, 0xF3, 0x39, 0x22, 0xD3,
    0x7E, 0xEF, 0xBE, 0x33, 0x99, 0x74, 0xAD, 0x54, 0x4F, 0x43, 0x36, 0x94, 0x64, 0x10, 0x90, 0x9D,
    0x53, 0x8A, 0x4E, 0x26, 0x25, 0x47, 0xDD, 0x56, 0x70, 0xCA, 0x92, 0xEC, 0x5A, 0x1F, 0xF7, 0x5E,
    0xD5, 0xD6, 0x6B, 0xDD, 0x7A, 0x1D, 0xF6, 0x5E, 0xF9, 0xB0, 0xF7, 0xEA, 0xB6, 0x5E, 0x12, 0x0F,
    0xF6, 0x8A, 0xF7, 0x5E, 0x9A, 0xC6, 0x7A, 0x8D, 0x5B, 0xAF, 0x72, 0xEF, 0xA5, 0x69, 0x20, 0x67,
    0xD5, 0x2E, 0x65, 0x38, 0xEE, 0x23, 0x75, 0x14, 0x44, 0x1C, 0x6C, 0x02, 0x3E, 0x02, 0xD7, 0x04,
    0xB3, 0xE1, 0xA9, 0x05, 0x33, 0x5F, 0x81, 0xA8, 0x07, 0xFD, 0x94, 0x42, 0x75, 0x08, 0xB6, 0x53,
    0x80, 0xC9, 0x06, 0xFD, 0x09, 0x0C, 0xDF, 0xDB, 0x9B, 0x57, 0xBD, 0x1A, 0x8D, 0x53, 0x95, 0x1A,
    0x19, 0xC7, 0x9B, 0x91, 0x43, 0xAB, 0x82, 0x3F, 0x75, 0xE0, 0x18, 0x6A, 0x50, 0x1C, 0x47, 0x2B,
    0xD1, 0x3B, 0x50, 0xAE, 0x9C, 0x3B, 0xAB, 0x82, 0x6D, 0xFA, 0x25, 0xF0, 0x98, 0xA7, 0x79, 0xB3,
    0x4F, 0xD4, 0x2E, 0x12, 0xBB, 0xE7, 0xF2, 0x69, 0x69, 0x2D, 0xFD, 0xBC, 0x7D, 0x20, 0xA5, 0x94,
    0x79, 0x6D, 0x05, 0xE2, 0x4F, 0x61, 0xEE, 0xA8, 0xC4, 0x06, 0x9C, 0xA2, 0x1F, 0x21, 0xF3, 0x7E,
    0xC2, 0x46, 0xDA, 0x19, 0x02, 0xED, 0xE7, 0x17, 0xEE, 0x3B, 0xAD, 0x94, 0xBA, 0x3F, 0xA2, 0x96,
    0x4C, 0xB8, 0x87, 0x03, 0xB5, 0x6A, 0x26, 0x7D, 0x2C, 0x5D, 0x3C, 0x91, 0x40, 0x3D, 0x4F, 0x1C,
    0x5B, 0xCB, 0xF9, 0x15, 0x84, 0x64, 0x81, 0x80, 0xC4, 0x33, 0xCE, 0x3C, 0x99, 0x71, 0x12, 0x07,
    0xCE, 0xED, 0x6F, 0x80, 0xC9, 0x4E, 0x80, 0x3B, 0x27, 0x85, 0x8E, 0xB4, 0x2B, 0x43, 0xB6, 0x44,
    0x7E, 0x84, 0x46, 0x6F, 0xE7, 0x9C, 0xF2, 0x46, 0xA3, 0x3F, 0xD3, 0x6E, 0xCF, 0x30, 0xE4, 0x35,
    0xD7, 0x02, 0xD1, 0xC3, 0x74, 0x1D, 0xED, 0x4F, 0x85, 0xF5, 0x8C, 0x5C, 0xD4, 0xA5, 0x8C, 0x52,
    0xE7, 0xA2, 0x73, 0x5B, 0x29, 0xF9, 0xA3, 0x14, 0xF9, 0xB9, 0x9A, 0x42, 0x4B, 0x5A, 0x5F, 0x20,
    0x80, 0x34, 0x62, 0xF2, 0xF5, 0xEF, 0xFD, 0x54, 0x70, 0x36, 0x4E, 0xD9, 0xE8, 0x34, 0x36, 0xED,
    0x65, 0x7F, 0xE7, 0xA3, 0x14, 0xED, 0x24, 0x16, 0x17, 0x53, 0x0B, 0x16, 0x82, 0x7A, 0xDD, 0xAD,
    0x84, 0xF1, 0x4C, 0x98, 0x8E, 0x84, 0x59, 0x4F, 0x58, 0x90, 0x4B, 0x60, 0xB0, 0x09, 0x57, 0x9E,
    0x1E, 0x54, 0x11, 0x20, 0x0C, 0x3E, 0x60, 0xD6, 0x13, 0x42, 0x17, 0x01, 0xCA, 0xE0, 0x0F, 0xA7,
    0xF0, 0xA5, 0xB3, 0x33, 0x7F, 0x49, 0x69, 0x33, 0xEE, 0x10, 0xB4, 0xBD, 0xB4, 0xE2, 0x1D, 0xBF,
    0x43, 0x99, 0x63, 0x01, 0x12, 0x71, 0xD8, 0x41, 0x9F, 0xCC, 0xE6, 0x96, 0x38, 0xEA, 0xD9, 0x0D,
    0x70, 0x2F, 0x87, 0x8B, 0x16, 0xBA, 0x8F, 0x14, 0x27, 0xE8, 0x0F, 0x1A, 0xE0, 0xE3, 0xD4, 0x46,
    0xBF, 0x7E, 0x5C, 0x06, 0xF4, 0xCF, 0x05, 0x7A, 0xAC, 0x9E, 0x0B, 0xA8, 0xB9, 0xA9, 0x5E, 0x1F,
    0xF8, 0x81, 0x67, 0xD6, 0x69, 0x14, 0x2C, 0x69, 0x3F, 0xB3, 0x5B, 0xF7, 0xB4, 0x50, 0xD2, 0x24,
    0x13, 0x55, 0xB1, 0x9D, 0x15, 0x5F, 0x8C, 0x29, 0x15, 0x2D, 0xC8, 0x4A, 0xB9, 0xC8, 0xA4, 0xE3,
    0x0F, 0x12, 0xBD, 0xF8, 0x1D, 0xB9, 0x1E, 0x2E, 0xC0, 0x7A, 0xCE, 0x41, 0xC0, 0xFA, 0x92, 0x23,
    0xB4, 0x72, 0x13, 0x5A, 0xFF, 0x6F, 0xF4, 0x85, 0xE4, 0x9B, 0xA0, 0x01, 0x9E, 0x02, 0x93, 0xA1,
    0xFB, 0x29, 0xAC, 0x05, 0x4B, 0x83, 0x33, 0x87, 0x2D, 0xA4, 0xA3, 0xC1, 0x98, 0x92, 0x5F, 0x8A,
    0x7C, 0x24, 0xF2, 0x82, 0x6C, 0x97, 0x9B, 0xB8, 0x15, 0x52, 0x95, 0x06, 0xC9, 0x83, 0x10, 0x58,
    0x6B, 0xF7, 0x54, 0x48, 0xA0, 0x0C, 0x94, 0x51, 0xD9, 0x50, 0x11, 0x41, 0x8B, 0x4B, 0x09, 0x99,
    0x16, 0x92, 0xA2, 0xE3, 0xF2, 0xC9, 0x0B, 0x5A, 0x75, 0x31, 0xB9, 0x4D, 0xF7, 0x88, 0x27, 0x1D,
    0x2D, 0x02, 0xCF, 0xA1, 0x33, 0x5B, 0xAD, 0x4E, 0x57, 0x50, 0xC2, 0x11, 0xE0, 0xE1, 0x19, 0x30,
    0xFD, 0x1B, 0xB7, 0xBB, 0x09, 0x66, 0xA3, 0x6B, 0x9E, 0x46, 0x24, 0xF7, 0x0D, 0xC3, 0x14, 0xB2,
    0x78, 0x07, 0xE9, 0x96, 0x74, 0x87, 0xDE, 0xE0, 0x91, 0x62, 0x06, 0xB6, 0x96, 0xBB, 0xD7, 0xEE,
    0x7B, 0x2F, 0x37, 0x5F, 0x6E, 0x73, 0xDF, 0x62, 0xFF, 0xA1, 0x57, 0xAF, 0x1A, 0xFE, 0x04, 0x8F,
    0xEB, 0x58, 0xB2, 0x4B, 0x57, 0x4E, 0x37, 0x20, 0xBF, 0x4F, 0x39, 0x69, 0x45, 0x6D, 0x16, 0xD6,
    0xC0, 0x53, 0x75, 0xE7, 0xB4, 0x5F, 0x9B, 0xFA, 0x12, 0xCC, 0xFD, 0x6A, 0x6C, 0x7A, 0x0C, 0xEF,
    0x1C, 0x36, 0x65, 0x6B, 0x74, 0xC9, 0x56, 0x23, 0x8D, 0x93, 0x92, 0x74, 0x41, 0x55, 0x4A, 0xF1,
    0xEA, 0xFB, 0x46, 0x6A, 0xB3, 0x29, 0x48, 0x9A, 0x06, 0x8D, 0xD6, 0x37, 0xA4, 0x20, 0xDD, 0x3E,
    0x71, 0x5B, 0xE1, 0xFF, 0x82, 0xFA, 0xE6, 0x6E, 0x26, 0x32, 0x18, 0xCC, 0xCD, 0xA7, 0xC3, 0x8E,
    0xC4, 0x48, 0x87, 0x4E, 0x12, 0x06, 0xD1, 0x1E, 0x44, 0xDF, 0xA3, 0x78, 0xA0, 0x72, 0xC6, 0xA9,
    0xC6, 0xAA, 0x4F, 0xB1, 0x6C, 0x7B, 0x74, 0x70, 0xFD, 0x97, 0xE8, 0x6E, 0x31, 0x95, 0x0B, 0x6C,
    0xE5, 0x5A, 0x2E, 0xC5, 0x14, 0x55, 0x27, 0xBA, 0xE1, 0x0B, 0xAC, 0xE8, 0xF6, 0xF7, 0xEB, 0x1C,
    0x71, 0xD9, 0x56, 0x0A, 0x3E, 0xC6, 0x5A, 0x06, 0x27, 0x1F, 0x3B, 0xE6, 0x6A, 0xE8, 0xB5, 0x05,
    0x11, 0x9B, 0x9C, 0x7D, 0x8F, 0x37, 0xC6, 0xF0, 0x2E, 0x7A, 0xD1, 0x6D, 0x94, 0xFD, 0x2A, 0x76,
    0xCB, 0xE7, 0xFE, 0x84, 0xE0, 0x5B, 0x16, 0x1A, 0x9C, 0xFC, 0x9D, 0xAE, 0xEC, 0xA9, 0xBF, 0xC9,
    0x17, 0x51, 0x18, 0x51, 0xDA, 0x88, 0x0D, 0xF9, 0x73, 0x94, 0x22, 0xA3, 0x4F, 0x2B, 0xB6, 0xA5,
    0xC5, 0x91, 0x46, 0x25, 0x61, 0xF8, 0x8B, 0x33, 0xDD, 0xCA, 0xB7, 0xB5, 0x12, 0xB9, 0x84, 0xA6,
    0x4E, 0xD9, 0x35, 0xAB, 0xB4, 0x18, 0xB7, 0x9D, 0xEC, 0x66, 0x50, 0xC4, 0x28, 0xC7, 0xB2, 0x4F,
    0x7D, 0x5F, 0x42, 0x6D, 0x0C, 0x74, 0x2E, 0x65, 0x5A, 0x86, 0x02, 0x6E, 0xCF, 0x70, 0x0B, 0xBE,
    0x5E, 0x17, 0xF6, 0x0F, 0xC3, 0x64, 0xEA, 0x2D, 0xE1, 0xD9, 0xA4, 0xFC, 0x2A, 0xDD, 0x4D, 0xFC,
    0x95, 0xE6, 0x12, 0x38, 0x25, 0xD4, 0x26, 0x81, 0xA6, 0xD6, 0xFD, 0xD6, 0xD2, 0x77, 0x46, 0xD2,
    0xE8, 0x81, 0xC2, 0x18, 0xB1, 0xC1, 0x7D, 0x27, 0xD3, 0x2B, 0x05, 0xED, 0xFF, 0xF3, 0x0D, 0x4E,
    0x5A, 0x4E, 0x26, 0xA0, 0x21, 0x38, 0xB0, 0xD3, 0xCD, 0x26, 0xCC, 0x7B, 0x7E, 0x79, 0x0B, 0xE6,
    0x6A, 0x60, 0x87, 0x78, 0xC9, 0xBB, 0x6C, 0xB9, 0xE3, 0xA3, 0xB5, 0x3C, 0x16, 0x23, 0xDE, 0x59,
    0xE1, 0xCD, 0xF6, 0xC0, 0xBE, 0xAE, 0xDA, 0x23, 0x16, 0xEA, 0x5B, 0x0C, 0x00, 0x85, 0xD0, 0x02,
    0x37, 0x88, 0xAA, 0xBC, 0x8F, 0x7C, 0xF5, 0xCB, 0x0B, 0xEC, 0x02, 0xF0, 0x6F, 0xCC, 0x86, 0x7F,
    0x6B, 0x8E, 0x16, 0xFC, 0x5E, 0xFD, 0xF1, 0x9C, 0xCC, 0x6D, 0xE5, 0x9B, 0x8B, 0xF9, 0x30, 0xD6,
    0x4D, 0xFB, 0xEF, 0x3F, 0x5B, 0x11, 0xAD, 0x1C, 0x4B, 0xFF, 0x2E, 0x58, 0xBC, 0xEC, 0xC0, 0x46,
    0x38, 0xFF, 0x7C, 0x88, 0xEE, 0xD1, 0x75, 0x31, 0xF5, 0xC2, 0x13, 0xA9, 0xE4, 0xC1, 0x46, 0xFE,
    0xC2, 0xDD, 0x99, 0x75, 0xC6, 0x92, 0x62, 0xA9, 0x71, 0x0B, 0x1C, 0xCC, 0x50, 0x38, 0x77, 0xCF,
    0x50, 0x62, 0x81, 0xCC, 0x8E, 0x8D, 0xA5, 0xB8, 0xF1, 0xF9, 0x1A, 0x2E, 0x9E, 0x68, 0xCB, 0xAE,
    0x7C, 0x64, 0x1C, 0x52, 0xBF, 0x6E, 0xB8, 0x35, 0x35, 0xE4, 0xBC, 0xA9, 0xAC, 0x68, 0x49, 0x4C,
    0x99, 0xCD, 0x32, 0xEF, 0xB0, 0x64, 0xF2, 0x01, 0x64, 0xCB, 0xB4, 0x8E, 0x41, 0xB6, 0xDF, 0x65,
    0x17, 0x67, 0x32, 0x21, 0xB9, 0x74, 0x84, 0x54, 0x8E, 0x5F, 0x03, 0x16, 0xFF, 0x57, 0xE6, 0x2D,
    0xD0, 0x45, 0xE5, 0xC0, 0xDE, 0x5C, 0x08, 0x86, 0x30, 0xF4, 0x27, 0xD2, 0xD5, 0x56, 0xDA, 0x62,
    0x70, 0x68, 0x90, 0x0A, 0x1E, 0x28, 0x19, 0x79, 0xC7, 0xA5, 0xA8, 0x68, 0x83, 0x6A, 0x48, 0x44,
    0x1E, 0x17, 0xE7, 0xBE, 0x8F, 0x68, 0xF3, 0x06, 0x2E, 0x09, 0x2E, 0xEB, 0x4D, 0xC8, 0xEF, 0xA3,
    0xF0, 0xCE, 0x11, 0x27, 0x78, 0xBE, 0x4A, 0x21, 0xF6, 0x82, 0xD6, 0xD6, 0xAF, 0xB7, 0xFD, 0xC4,
    0xF7, 0xEB, 0x85, 0xB0, 0x5C, 0x23, 0x29, 0x8F, 0x2B, 0x58, 0xFA, 0xAB, 0xEF, 0xFD, 0x12, 0xFB,
    0x8B, 0x1F, 0xF8, 0x49, 0x6B, 0xE8, 0xAF, 0x8C, 0xC7, 0x3B, 0x26, 0x03, 0xEF, 0x88, 0x20, 0x9F,
    0x4C, 0x46, 0x9F, 0xD9, 0xB6, 0x0F, 0x84, 0x23, 0xA9, 0x67, 0x6D, 0x14, 0x4C, 0x42, 0x2E, 0x4F,
    0x16, 0x1D, 0x47, 0xB4, 0x9A, 0x06, 0xF3, 0xC6, 0xBE, 0xAD, 0x09, 0xD7, 0x8B, 0x26, 0xA4, 0x6E,
    0x43, 0xF5, 0x17, 0xA0, 0x32, 0x50, 0xD1, 0x87, 0x68, 0xD2, 0x62, 0x1D, 0x23, 0xA1, 0x0E, 0xFA,
    0xBB, 0x58, 0x0A, 0x08, 0xF6, 0xA7, 0x98, 0x7D, 0x91, 0x0F, 0xED, 0xFD, 0xA7, 0x54, 0x30, 0x16,
    0x8B, 0x6B, 0x9D, 0x72, 0xCE, 0xCD, 0x3C, 0x4A, 0x8E, 0xC3, 0x86, 0xB4, 0xBB, 0xC6, 0x10, 0x7D,
    0x57, 0xEC, 0x7B, 0x95, 0x07, 0x58, 0x33, 0x70, 0x1A, 0x38, 0x7C, 0x24, 0x97, 0x9A, 0x67, 0x88,
    0xDF, 0x45, 0x86, 0xC8, 0xCE, 0xDE, 0xD9, 0x91, 0xC2, 0x70, 0x9F, 0xA2, 0xF6, 0x1A, 0xBA, 0xFE,
    0xDB, 0xD6, 0x61, 0xB4, 0x51, 0x86, 0x93, 0xA1, 0x53, 0x9B, 0x28, 0xB3, 0x69, 0xEB, 0xD5, 0xD6,
    0x32, 0x99, 0x05, 0xEF, 0xB4, 0xC0, 0x45, 0xCB, 0xA5, 0x45, 0x32, 0xEE, 0x38, 0x81, 0x1D, 0xDE,
    0x7E, 0xC3, 0x06, 0x2A, 0x05, 0x33, 0x8D, 0x7D, 0x10, 0x4C, 0x7F, 0x64, 0xEC, 0x4C, 0x1E, 0xE9,
    0x08, 0x0F, 0x82, 0x59, 0x27, 0xEE, 0xB8, 0x09, 0x2F, 0xCE, 0x4F, 0xDE, 0x49, 0x3B, 0xB7, 0xF7,
    0x0D, 0x62, 0x91, 0x68, 0x0F, 0x07, 0xC1, 0x0C, 0x6E, 0x19, 0x64, 0x62, 0xD4, 0x1A, 0x86, 0xCF,
    0xC1, 0xAF, 0xB0, 0x42, 0x83, 0xA9, 0x1D, 0xAB, 0x66, 0xA9, 0xB4, 0xCE, 0x5E, 0x6B, 0xE8, 0xB5,
    0x9E, 0xFE, 0x84, 0xA3, 0xAF, 0xE0, 0x90, 0x5F, 0xBD, 0x33, 0xA4, 0x82, 0x91, 0x3B, 0x59, 0xED,
    0x06, 0xCD, 0x02, 0x94, 0xDE, 0xEC, 0xD2, 0x15, 0x14, 0x1F, 0xFC, 0xAE, 0x29, 0x97, 0xD9, 0x78,
    0xC4, 0x0E, 0x98, 0xC8, 0x2B, 0x2E, 0x8E, 0x45, 0x17, 0xF1, 0x72, 0xEC, 0x37, 0xD1, 0x16, 0x2F,
    0xD7, 0x95, 0xB8, 0xB0, 0xAC, 0xC4, 0x9A, 0xBF, 0xF2, 0x65, 0xBC, 0x8C, 0x35, 0x2F, 0x01, 0x95,
    0xEB, 0x86, 0x30, 0x65, 0x57, 0xCA, 0xFC, 0x34, 0xE6, 0xE1, 0x37, 0x99, 0xBC, 0x8A, 0xE6, 0x60,
    0x31, 0x5C, 0xE2, 0xE5, 0x30, 0xE0, 0xED, 0x4F, 0xCD, 0x77, 0x17, 0xA7, 0x42, 0xF7, 0xAC, 0x35,
    0x4D, 0x15, 0x24, 0xB3, 0x09, 0x2E, 0x69, 0x69, 0x87, 0xFC, 0xB9, 0x0F, 0x3D, 0xFA, 0x98, 0x91,
    0x90, 0x31, 0xDD, 0xD7, 0xC0, 0x17, 0xF0, 0xD4, 0xCD, 0x2F, 0xF3, 0x4F, 0xC5, 0x5F, 0x77, 0x5C,
    0xC3, 0xB1, 0x3E, 0x93, 0x5C, 0xB7, 0xE2, 0x19, 0x7B, 0xD8, 0x3E, 0x2F, 0x2B, 0x78, 0x1A, 0x9E,
    0xDB, 0x87, 0x73, 0x9F, 0x8E, 0x2F, 0x9F, 0xE2, 0x06, 0x4C, 0x43, 0x64, 0x32, 0x3C, 0x67, 0x98,
    0x4A, 0xFE, 0x73, 0x89, 0x53, 0x19, 0x20, 0x2D, 0x0F, 0xC3, 0xD3, 0x23, 0xE0, 0xC1, 0xE8, 0xEC,
    0x15, 0xEC, 0x59, 0x58, 0xD4, 0xBB, 0x13, 0x5A, 0xD7, 0x61, 0xED, 0xED, 0x09, 0x66, 0x16, 0xE0,
    0x0E, 0xCC, 0x87, 0xC6, 0x9F, 0x6D, 0x1E, 0x66, 0x42, 0x34, 0x7A, 0x67, 0xD8, 0xF2, 0x12, 0x83,
    0x12, 0x12, 0x54, 0x00, 0x63, 0x48, 0xB2, 0x75, 0x86, 0xA5, 0x50, 0x23, 0xFF, 0x73, 0xB3, 0x89,
    0x16, 0x84, 0x09, 0x8F, 0x01, 0xCB, 0xF1, 0xF0, 0xAB, 0x5C, 0xB7, 0x88, 0xF6, 0xC1, 0xFA, 0xC9,
    0xC9, 0xA1, 0x28, 0x7A, 0x9B, 0x47, 0x56, 0x59, 0xDA, 0x6D, 0x0A, 0xF3, 0x2E, 0xC4, 0xA3, 0xDC,
    0xBF, 0xC2, 0x68, 0xAD, 0x75, 0x1F, 0xCC, 0xB0, 0x40, 0xF1, 0x99, 0x82, 0x67, 0x40, 0x50, 0x2A,
    0xBC, 0x3A, 0x85, 0xF1, 0x37, 0x44, 0x05, 0xF8, 0xBE, 0xBB, 0x8A, 0x34, 0x35, 0x94, 0x0F, 0x57,
    0xEA, 0xA9, 0x45, 0xEC, 0x79, 0xF1, 0x66, 0x30, 0x7F, 0xDD, 0x09, 0x3C, 0xE6, 0xB2, 0xF5, 0x9E,
    0xFB, 0xA6, 0x75, 0xB3, 0x86, 0xC2, 0x01, 0x74, 0x57, 0x63, 0xAD, 0x44, 0xB1, 0x03, 0x0F, 0xAC,
    0x95, 0x52, 0x57, 0x63, 0x04, 0x51, 0xD9, 0x80, 0x2F, 0x51, 0xD2, 0x8F, 0xF0, 0x4C, 0xF8, 0xD5,
    0x6C, 0xC0, 0xB7, 0x6F, 0xA9, 0x3B, 0xE4, 0x67, 0xAB, 0x91, 0xF9, 0x68, 0x56, 0x23, 0xF5, 0x6F,
    0x4F, 0xC5, 0x22, 0x57, 0xE5, 0xFD, 0x91, 0x06, 0xD4, 0xC7, 0xFE, 0xA3, 0x41, 0x0D, 0xAC, 0xA1,
    0x63, 0x16, 0x02, 0x2E, 0x1A, 0x57, 0x45, 0x43, 0x5B, 0x53, 0x97, 0xB0, 0x51, 0x4A, 0x51, 0xA1,
    0x51, 0x28, 0x04, 0x8A, 0x94, 0x0F, 0x47, 0x23, 0xB6, 0x32, 0x82, 0x1A, 0xB7, 0xDF, 0x61, 0xC3,
    0xBC, 0x42, 0x58, 0xD3, 0xDA, 0x52, 0x0C, 0x7E, 0xFE, 0x7C, 0xA3, 0xB4, 0xDC, 0x3A, 0x04, 0x65,
    0x0D, 0xD8, 0x0B, 0xBF, 0x2C, 0xC5, 0xB4, 0x54, 0x8A, 0x89, 0x33, 0x29, 0x86, 0x21, 0xE0, 0x31,
    0xE0, 0x39, 0xE0, 0xD5, 0x30, 0xD6, 0x25, 0x0C, 0x9E, 0x11, 0x86, 0xB7, 0x2D, 0x9C, 0x88, 0x1D,
    0x23, 0x6C, 0x6E, 0x12, 0x86, 0xC5, 0x34, 0x5C, 0xAF, 0x86, 0x4B, 0xFF, 0xBA, 0x70, 0xE6, 0x1F,
    0x09, 0x1F, 0xFC, 0x13, 0xE1, 0xC4, 0x14, 0x91, 0x4D, 0xC9, 0xA4, 0x5B, 0x1B, 0x70, 0x29, 0xE5,
    0x52, 0x61, 0x67, 0x64, 0x3C, 0x46, 0xCF, 0xA3, 0xB3, 0x7D, 0x18, 0x36, 0xBB, 0x10, 0x59, 0x6C,
    0x57, 0x8B, 0x03, 0x53, 0xE3, 0xF9, 0x22, 0xF8, 0x33, 0x13, 0x3D, 0x77, 0xCA, 0x65, 0xCE, 0x20,
    0x8D, 0x89, 0xFE, 0x63, 0x26, 0x45, 0xDD, 0xD3, 0x06, 0xC0, 0x38, 0x90, 0x0A, 0xE0, 0x6B, 0xD9,
    0x00, 0x88, 0x03, 0xC5, 0xCA, 0xCF, 0x01, 0xD5, 0xCF, 0x46, 0xE1, 0xCD, 0xC9, 0xFA, 0x8D, 0x12,
    0x23, 0xA6, 0x1C, 0x38, 0x58, 0x0F, 0x8D, 0xCF, 0xC0, 0xF4, 0xA0, 0xB0, 0xEE, 0x98, 0x88, 0x7B,
    0x14, 0x98, 0xB0, 0x6F, 0x70, 0x8C, 0x33, 0x53, 0x4F, 0xD1, 0x4D, 0x7F, 0xE6, 0x29, 0xCE, 0x23,
    0x39, 0x3A, 0x0E, 0xAE, 0xA2, 0x4C, 0xB6, 0xF9, 0x25, 0x9F, 0x87, 0xF6, 0xAB, 0xDE, 0x94, 0xB3,
    0x89, 0xBE, 0x47, 0xE9, 0x79, 0x49, 0xFE, 0x24, 0x12, 0x56, 0x5F, 0x49, 0xB6, 0x4C, 0x5E, 0x9F,
    0x66, 0x70, 0xF7, 0x3C, 0xE0, 0x79, 0x10, 0xF8, 0x70, 0xE0, 0xFB, 0x91, 0x2B, 0x3C, 0x63, 0x48,
    0xA6, 0x63, 0x97, 0x6B, 0x97, 0x48, 0xA2, 0x7A, 0xCB, 0xC3, 0xD1, 0x20, 0x5B, 0xA8, 0xA9, 0x90,
    0x6D, 0x0D, 0xC9, 0x23, 0xCB, 0xCE, 0xCD, 0xC1, 0xFE, 0xD6, 0xA7, 0x0D, 0x9D, 0xB8, 0x8E, 0xEE,
    0x7A, 0x63, 0x3E, 0x69, 0x20, 0x10, 0x1E, 0xAD, 0xE1, 0x41, 0xF0, 0x36, 0x78, 0xB4, 0x47, 0x8B,
    0x5F, 0x2F, 0xA0, 0x17, 0x35, 0x69, 0x53, 0x7E, 0x16, 0x72, 0x82, 0x99, 0xB7, 0x85, 0x31, 0xA9,
    0xA6, 0xC4, 0x2D, 0xC2, 0x07, 0xEF, 0xDC, 0xEE, 0x08, 0x9B, 0x33, 0x61, 0x3B, 0x6E, 0x7D, 0x08,
    0x4D, 0xA2, 0xB3, 0x62, 0x09, 0x91, 0x9D, 0x1C, 0x09, 0xDB, 0x7E, 0x7F, 0x47, 0x99, 0x97, 0x38,
    0x38, 0xA8, 0x7A, 0xDF, 0x05, 0x2F, 0x37, 0x84, 0x3C, 0x71, 0x70, 0x4F, 0xEF, 0xEF, 0xF1, 0x86,
    0x29, 0x23, 0x67, 0xF4, 0x75, 0x22, 0xF0, 0x64, 0x7A, 0x76, 0x3E, 0x45, 0xED, 0xB5, 0x7F, 0x99,
    0xD9, 0x8D, 0xAD, 0x43, 0xAE, 0x60, 0xD7, 0x9B, 0x5E, 0xD6, 0xD0, 0x3B, 0xBA, 0x68, 0xCD, 0x78,
    0x18, 0x3B, 0x0E, 0x72, 0xE0, 0xA9, 0xDA, 0x8F, 0x72, 0xB3, 0xE4, 0x21, 0x0E, 0x89, 0x39, 0x60,
    0xC9, 0xE6, 0xC4, 0x4E, 0x12, 0x26, 0xE5, 0x74, 0x65, 0x8C, 0xCC, 0xA6, 0x4E, 0xA6, 0xE2, 0x7B,
    0xA3, 0xBC, 0xA8, 0xFF, 0xAB, 0x5B, 0xB5, 0xAE, 0xDD, 0x92, 0x2C, 0xAC, 0xD6, 0x55, 0x20, 0x24,
    0x43, 0x06, 0xC4, 0x09, 0xB3, 0x54, 0xD6, 0xBC, 0x05, 0x0B, 0x35, 0x8E, 0xA1, 0xD2, 0x61, 0x8C,
    0x16, 0x76, 0xDD, 0x17, 0xF3, 0xAF, 0xA7, 0xD5, 0xBA, 0x2D, 0x0D, 0xB7, 0x55, 0xEB, 0x8A, 0xAD,
    0x5A, 0xD7, 0x9C, 0x56, 0xEB, 0xE0, 0x2B, 0x31, 0x73, 0xDD, 0x31, 0xD8, 0xDC, 0xAA, 0x75, 0xCA,
    0xA3, 0x69, 0x84, 0xB2, 0x95, 0x8F, 0x9D, 0x1A, 0x5B, 0x32, 0x2D, 0x65, 0x45, 0xCE, 0xF1, 0x1A,
    0x9A, 0x72, 0xFF, 0xA6, 0xFF, 0xA4, 0x9D, 0xF3, 0x09, 0x02, 0x9A, 0xCD, 0x05, 0x0E, 0xA0, 0x4B,
    0xE7, 0xB2, 0x03, 0x4A, 0xE6, 0x12, 0xF2, 0xD6, 0xC5, 0x4B, 0x01, 0xB7, 0xAD, 0x8B, 0x2E, 0xC9,
    0x1E, 0x9D, 0x45, 0xA8, 0xDF, 0x18, 0x52, 0xC8, 0xA3, 0x43, 0xEC, 0x6E, 0xA0, 0x56, 0xF9, 0xEE,
    0xF5, 0x3A, 0x52, 0x8C, 0xDC, 0x76, 0x92, 0x25, 0x2E, 0xF6, 0xF9, 0x23, 0x05, 0xCF, 0x65, 0x23,
    0x54, 0x37, 0x92, 0xD5, 0xBA, 0x31, 0x5F, 0xAF, 0x72, 0x62, 0x51, 0xA5, 0x7D, 0x52, 0xB1, 0xF0,
    0xA7, 0xE4, 0xB3, 0xDC, 0xF4, 0x99, 0x11, 0x93, 0x5C, 0xB1, 0xB8, 0x4D, 0x27, 0xB7, 0x96, 0x27,
    0xAF, 0xDA, 0xE0, 0x27, 0x6C, 0xF8, 0x8E, 0xBF, 0xAC, 0xA2, 0xF6, 0xD2, 0x42, 0xFF, 0xA2, 0x93,
    0x5F, 0xA1, 0xFA, 0xB0, 0x55, 0x91, 0x4D, 0x0F, 0xB4, 0x95, 0x89, 0xB7, 0x0F, 0xC1, 0xE3, 0x6A,
    0x61, 0x63, 0x6C, 0x99, 0xAA, 0x4A, 0xC9, 0x63, 0x30, 0x85, 0xF2, 0xC7, 0x60, 0xED, 0x83, 0x1D,
    0x64, 0x97, 0x19, 0xEE, 0xB3, 0x50, 0x7D, 0x2C, 0x2C, 0x2D, 0x3A, 0x5A, 0xF9, 0x19, 0x0C, 0x6D,
    0xB6, 0x62, 0x6E, 0x83, 0xB3, 0xBF, 0xC5, 0xA3, 0x4B, 0x08, 0x48, 0xB7, 0xE4, 0x83, 0x49, 0xEE,
    0x21, 0x48, 0x7E, 0xBA, 0x27, 0x2B, 0xFA, 0x90, 0x3A, 0x24, 0x8B, 0x40, 0x41, 0xD8, 0x16, 0xFB,
    0xAD, 0x79, 0x90, 0xFF, 0x30, 0xDC, 0xF1, 0x0B, 0xC8, 0x35, 0xB8, 0xB7, 0xD6, 0x2A, 0x96, 0xF6,
    0x1F, 0x99, 0x87, 0x88, 0xE4, 0x3D, 0x4C, 0x4C, 0x45, 0x38, 0x45, 0x85, 0xB3, 0x95, 0xC7, 0x26,
    0xD9, 0x32, 0x2E, 0x18, 0xFB, 0x2E, 0x71, 0xBA, 0x59, 0x27, 0xA5, 0x56, 0x9F, 0x7B, 0x15, 0xD8,
    0xA0, 0x08, 0x5B, 0x58, 0x2B, 0xEE, 0x04, 0x07, 0xE1, 0x59, 0x05, 0x52, 0x9E, 0xD8, 0xAD, 0x26,
    0x14, 0x18, 0x34, 0x5A, 0x70, 0x04, 0x35, 0x6B, 0xBD, 0x3E, 0x9E, 0x59, 0xEA, 0xD1, 0x1E, 0xBE,
    0x3F, 0x63, 0x95, 0xAD, 0xB6, 0xF1, 0xF6, 0x04, 0x92, 0x9A, 0x7D, 0x7C, 0x9F, 0xF6, 0x61, 0xD1,
    0x66, 0xFE, 0x19, 0x3A, 0xE5, 0x67, 0xCA, 0xC2, 0xFB, 0xC7, 0x68, 0xFE, 0xCF, 0x2C, 0x5D, 0xF5,
    0xA4, 0x77, 0xED, 0x67, 0xD3, 0x96, 0x26, 0xAF, 0xED, 0x08, 0xBC, 0x6A, 0xB7, 0xC3, 0x8D, 0x66,
    0xBB, 0xD5, 0x8D, 0xD9, 0xA4, 0x9D, 0xEE, 0xCC, 0x12, 0x6F, 0x29, 0x38, 0x4F, 0x4D, 0x4B, 0x97,
    0xC6, 0x70, 0x2B, 0x27, 0x87, 0x99, 0xE0, 0xA5, 0x4A, 0x99, 0xF6, 0x92, 0x0D, 0xB7, 0xB4, 0x40,
    0x62, 0x59, 0x99, 0x26, 0xB3, 0xAC, 0x51, 0x57, 0xF4, 0x96, 0x1C, 0xB2, 0x5A, 0xBB, 0x0F, 0x84,
    0xAA, 0xB7, 0xAC, 0xD0, 0x9E, 0x2D, 0xEA, 0x6F, 0x64, 0x93, 0x36, 0xC2, 0x6D, 0x04, 0x0D, 0xFD,
    0x1E, 0x9B, 0x72, 0xF6, 0xAF, 0x5A, 0x76, 0x68, 0x35, 0xD7, 0x01, 0x7E, 0x94, 0x06, 0x64, 0x0A,
    0x5D, 0xD9, 0x9F, 0x4E, 0x39, 0x89, 0xDB, 0x78, 0x99, 0x23, 0x83, 0x99, 0x23, 0xCB, 0xEE, 0xDC,
    0xC4, 0x4C, 0x35, 0xFB, 0xEB, 0x08, 0x44, 0x47, 0xC7, 0x8F, 0xC5, 0xCC, 0x18, 0x43, 0xDE, 0xA1,
    0x88, 0x47, 0x96, 0x05, 0xB5, 0x52, 0x65, 0xF5, 0x54, 0x1E, 0x4F, 0xAD, 0x3A, 0xCE, 0x42, 0x96,
    0x4A, 0x87, 0x23, 0x99, 0x1D, 0x76, 0x33, 0x58, 0xA0, 0xD9, 0x56, 0x3E, 0xD9, 0x06, 0x87, 0xAF,
    0xA5, 0x59, 0xD2, 0xDD, 0xF3, 0x6F, 0x0C, 0x1D, 0x37, 0xA4, 0x6C, 0xC4, 0x7C, 0x1D, 0x9E, 0xBD,
    0x01, 0x38, 0x39, 0xAB, 0xAC, 0x81, 0x74, 0xAC, 0x4D, 0x83, 0xB7, 0x8E, 0x24, 0x25, 0x2B, 0x40,
    0xB3, 0xFB, 0x4E, 0x70, 0xB6, 0x6C, 0xDC, 0xCC, 0xD2, 0x91, 0x52, 0xEC, 0x21, 0x94, 0x98, 0x77,
    0x2A, 0x88, 0xF4, 0x4A, 0xC6, 0xF2, 0xA6, 0x08, 0xFD, 0x56, 0xBA, 0x6C, 0x4B, 0xAC, 0xFA, 0x12,
    0x25, 0xE9, 0x30, 0xB3, 0x7F, 0x01, 0x97, 0xF4, 0xAF, 0xDE, 0xB0, 0xEA, 0xDA, 0x35, 0x38, 0xB5,
    0xE0, 0x5A, 0x7B, 0x54, 0xBC, 0xFE, 0x06, 0x9F, 0x0B, 0xB7, 0xCF, 0xF5, 0x07, 0xD5, 0x56, 0xC9,
    0x55, 0x25, 0x58, 0xD5, 0xDD, 0x7C, 0xDC, 0x2A, 0xBE, 0xAA, 0xE2, 0x26, 0xCB, 0x56, 0x5C, 0x51,
    0x65, 0xD8, 0x8A, 0x2D, 0x2A, 0xE3, 0xDE, 0xE8, 0x97, 0xED, 0xFD, 0xD2, 0xBD, 0x5F, 0xFC, 0xB4,
    0x7E, 0x0A, 0xDB, 0xD4, 0x2F, 0xDF, 0xFB, 0x69, 0x2A, 0xEB, 0xB7, 0x6E, 0xFD, 0x14, 0xF6, 0x59,
    0x3F, 0x9B, 0xAA, 0xA3, 0x73, 0xA3, 0x47, 0x49, 0xA7, 0x6F, 0xF0, 0x49, 0xB7, 0x89, 0x7C, 0x48,
    0x87, 0xCA, 0x9B, 0x71, 0xA9, 0x55, 0xD0, 0x86, 0xE0, 0xE5, 0xD4, 0xCA, 0xB8, 0x7C, 0x48, 0x5F,
    0xFB, 0xCF, 0xE9, 0x69, 0x3B, 0x68, 0x62, 0xB8, 0x81, 0x03, 0x98, 0xAA, 0x98, 0x6B, 0xF0, 0xD4,
    0x52, 0xC3, 0xDB, 0x59, 0x0F, 0xF0, 0x59, 0x98, 0xE2, 0x71, 0xD5, 0x19, 0xFE, 0xEE, 0x2A, 0xCD,
    0x74, 0x05, 0x0A, 0xED, 0x0E, 0x32, 0x88, 0x0E, 0xAC, 0x45, 0xAF, 0xB2, 0x02, 0x39, 0xBC, 0x97,
    0xAD, 0x7A, 0xD7, 0x86, 0x54, 0x20, 0x7E, 0x29, 0x2E, 0xCF, 0x71, 0x28, 0xB4, 0xDC, 0xE0, 0xD2,
    0x81, 0x29, 0xF2, 0x72, 0x60, 0xA9, 0xF5, 0x85, 0x26, 0x0E, 0x55, 0x2D, 0xC0, 0x3B, 0xD4, 0x60,
    0x66, 0x9A, 0x72, 0xFF, 0x97, 0xF4, 0x0F, 0x66, 0x7E, 0x5F, 0x4F, 0x84, 0xED, 0x28, 0x48, 0x4F,
    0x00, 0xEA, 0x96, 0x5E, 0x8E, 0x65, 0x12, 0x0B, 0x46, 0x4D, 0xD8, 0xB7, 0x62, 0x83, 0x33, 0xA6,
    0xE9, 0x6B, 0x8D, 0x78, 0x0A, 0x4D, 0xD3, 0x25, 0x57, 0x33, 0x3D, 0x1D, 0xDE, 0xBA, 0x0B, 0xF8,
    0x81, 0x12, 0x9A, 0x1F, 0x6D, 0x05, 0x22, 0x04, 0xA5, 0xD0, 0xCB, 0x72, 0xE3, 0x3C, 0xB5, 0x32,
    0x34, 0x85, 0xD6, 0x24, 0x58, 0x3E, 0x03, 0xD6, 0x27, 0xB0, 0xD5, 0xEA, 0x15, 0x13, 0xA4, 0x56,
    0x5E, 0xE5, 0xC5, 0x0E, 0x7A, 0x4E, 0xF1, 0x1C, 0xF4, 0xE2, 0xD9, 0xE6, 0xA9, 0xE7, 0x7E, 0xD9,
    0xEC, 0x15, 0xEB, 0xD5, 0xD8, 0xDC, 0x88, 0x70, 0xB3, 0x64, 0xD9, 0xBC, 0x1E, 0x09, 0x86, 0x7A,
    0x72, 0x79, 0xA7, 0xD4, 0xF8, 0x15, 0xA8, 0xE7, 0x0D, 0x58, 0x11, 0xC5, 0x37, 0x11, 0x82, 0x9A,
    0xFF, 0x7D, 0x30, 0xF2, 0x28, 0xC7, 0x4D, 0x8D, 0x5C, 0x6E, 0xD1, 0x40, 0xE4, 0xED, 0xDE, 0xC3,
    0x15, 0x74, 0xE7, 0x82, 0xE6, 0x25, 0x1F, 0x9E, 0x0E, 0xCF, 0x0E, 0x96, 0x4A, 0xA0, 0x63, 0x41,
    0x98, 0x78, 0xAB, 0xF1, 0x37, 0x56, 0xC4, 0xB3, 0xEB, 0x09, 0x5B, 0xE5, 0x8D, 0xB7, 0xB2, 0x00,
    0xDB, 0x67, 0xC0, 0xFA, 0xEA, 0x3A, 0x03, 0xD3, 0x79, 0x39, 0x47, 0x40, 0x30, 0xDC, 0xC8, 0xE9,
    0xFB, 0x0F, 0x8C, 0xFC, 0xDF, 0xBA, 0xAE, 0xF6, 0x36, 0xE0, 0xAD, 0x7B, 0x7B, 0x18, 0x73, 0xE7,
    0xDA, 0xE1, 0x70, 0xB0, 0x51, 0x25, 0x7C, 0x5D, 0x9E, 0x11, 0x60, 0xB0, 0x36, 0xB7, 0x57, 0x60,
    0x01, 0xD3, 0x5E, 0x3F, 0x9C, 0x17, 0x79, 0x38, 0x23, 0x0F, 0x67, 0xDE, 0x0F, 0xA7, 0x0B, 0xFE,
    0x04, 0xE7, 0x88, 0xDA, 0x29, 0xD4, 0x47, 0x4B, 0xAF, 0xEB, 0x3B, 0x50, 0x10, 0xD0, 0xAF, 0x70,
    0x13, 0x3A, 0x71, 0x6D, 0xD9, 0xC5, 0x5B, 0x88, 0x64, 0xE0, 0x9C, 0xCE, 0xAC, 0xDF, 0xC1, 0x9B,
    0xFE, 0xA7, 0x77, 0x4F, 0x7E, 0xFD, 0x7F, 0x82, 0x5E, 0x8E, 0x75, 0x63, 0xC5, 0xCE, 0x76, 0x0B,
    0x50, 0xAC, 0x4A, 0x95, 0x9F, 0x54, 0xB5, 0x69, 0xAC, 0xCE, 0xCE, 0x3E, 0x1B, 0x49, 0x8F, 0x3E,
    0x5C, 0x41, 0x49, 0x35, 0x3F, 0xEB, 0x9B, 0x33, 0xF3, 0x10, 0xE5, 0xE9, 0x35, 0xA3, 0x35, 0x5C,
    0x80, 0xB2, 0x22, 0x69, 0xE6, 0x3F, 0x09, 0x15, 0x35, 0x2B, 0xF9, 0x23, 0xC8, 0x5B, 0x69, 0xDD,
    0x0F, 0xD3, 0x55, 0x05, 0x3A, 0xD3, 0x68, 0x56, 0x27, 0x55, 0xE1, 0xBC, 0x13, 0xCB, 0x0E, 0x19,
    0xEB, 0xB6, 0x43, 0xA9, 0xE0, 0xA7, 0x56, 0x7C, 0x53, 0x73, 0xA8, 0x1E, 0xAE, 0x5F, 0x1E, 0xD2,
    0xCE, 0xEA, 0x3B, 0x6F, 0xE1, 0xCD, 0xAD, 0xB3, 0xBB, 0x24, 0xDA, 0xD1, 0xD4, 0xC1, 0x71, 0x73,
    0x48, 0xC4, 0x73, 0x47, 0xB7, 0x97, 0xB0, 0xBF, 0x0C, 0xF1, 0xDA, 0x4D, 0xE2, 0xDF, 0x23, 0x9D,
    0x12, 0xFF, 0xC8, 0x2B, 0x27, 0xF0, 0x24, 0xA4, 0x7E, 0x1E, 0x28, 0x32, 0x53, 0x88, 0xC4, 0x80,
    0x40, 0x08, 0xAA, 0xF0, 0xEB, 0xA3, 0x50, 0x18, 0xA8, 0x19, 0x7E, 0xD0, 0x0B, 0x5A, 0x0A, 0x73,
    0x26, 0x88, 0xE2, 0xD5, 0xE2, 0x51, 0x3E, 0x68, 0xC4, 0xEB, 0xB5, 0x0A, 0x62, 0xCD, 0x60, 0x8C,
    0xCF, 0x1D, 0x72, 0xE9, 0x97, 0x3E, 0x5D, 0xAD, 0x58, 0x81, 0x11, 0x68, 0x0B, 0x81, 0xEA, 0x53,
    0xC6, 0x7B, 0xDA, 0x48, 0x7B, 0xAD, 0x2A, 0x5C, 0x32, 0xBB, 0xCF, 0x27, 0x0D, 0x45, 0xA9, 0xAF,
    0xF8, 0xF4, 0x2A, 0x53, 0x91, 0x65, 0x13, 0x69, 0x79, 0xE8, 0x78, 0x44, 0x62, 0x70, 0xE1, 0xBF,
    0xED, 0x4E, 0xE8, 0xF1, 0x0B, 0x90, 0x25, 0xA0, 0x42, 0x49, 0x9E, 0x63, 0x79, 0x0D, 0x25, 0x22,
    0xD2, 0xF1, 0x30, 0xDB, 0x2B, 0xBA, 0xE1, 0x73, 0xA4, 0x2D, 0x4A, 0xFC, 0x43, 0x5D, 0xD2, 0xF2,
    0x8F, 0xCC, 0x40, 0x3F, 0xB1, 0xDB, 0x5E, 0x8F, 0x4C, 0x06, 0x1E, 0xDA, 0x5D, 0xA0, 0x77, 0x69,
    0xA6, 0x78, 0x17, 0x4A, 0x14, 0x3F, 0xD2, 0x77, 0x81, 0x0D, 0xCB, 0xFC, 0x07, 0xBC, 0x7A, 0xC8,
    0x28, 0x05, 0x3C, 0x16, 0x1B, 0x62, 0xE9, 0x46, 0x77, 0x45, 0xEE, 0x3A, 0x3B, 0x7C, 0xB9, 0xAD,
    0x5F, 0xE5, 0xFC, 0xBF, 0xE8, 0x49, 0xE9, 0x66, 0xAC, 0x7B, 0xAD, 0x1B, 0x0C, 0x88, 0xA7, 0xF6,
    0xBF, 0xCD, 0xAC, 0x0D, 0xA6, 0xF4, 0xAF, 0x79, 0x7F, 0x20, 0xDD, 0xFC, 0x03, 0xCF, 0x07, 0xC7,
    0xBB, 0xAA, 0x85, 0xBE, 0xA3, 0x1E, 0xC6, 0x7D, 0x7A, 0x3A, 0x7B, 0x62, 0x42, 0x68, 0xFE, 0xE7,
    0xD2, 0xB0, 0xA7, 0x2F, 0xC9, 0xA2, 0xE4, 0xD2, 0x9A, 0x6E, 0x21, 0x19, 0x74, 0x6F, 0x84, 0xA8,
    0x9A, 0x2B, 0x56, 0x1A, 0xEB, 0x35, 0x93, 0xE4, 0x07, 0xE1, 0xF6, 0xC2, 0x03, 0xB1, 0xFB, 0x18,
    0x5F, 0x95, 0xC3, 0x12, 0x59, 0x29, 0x51, 0xF5, 0xEB, 0xA1, 0xCE, 0xAA, 0x9A, 0x0B, 0x63, 0x46,
    0x38, 0x18, 0xF9, 0x15, 0x0A, 0xF7, 0x4E, 0xEE, 0x84, 0x3B, 0x13, 0x7A, 0xDB, 0x5B, 0xAD, 0xA5,
    0xF6, 0x76, 0xDF, 0xD2, 0xEC, 0x46, 0xB8, 0x17, 0xA2, 0xA2, 0x26, 0x2F, 0xC0, 0x31, 0x20, 0xBA,
    0x82, 0xE1, 0x7B, 0xBB, 0x48, 0x57, 0x52, 0x10, 0x1B, 0xCB, 0xB5, 0x42, 0x16, 0x8B, 0x35, 0x68,
    0xC0, 0x68, 0xCB, 0x28, 0xAE, 0x27, 0xE9, 0xAF, 0x5B, 0xCC, 0x72, 0x1F, 0x95, 0xA7, 0x7B, 0x1F,
    0xBA, 0xAC, 0xA0, 0xEE, 0x80, 0x3A, 0x47, 0x78, 0x30, 0x31, 0x97, 0x62, 0xF9, 0xB8, 0x72, 0x39,
    0x81, 0x2B, 0x15, 0x41, 0x71, 0x02, 0xED, 0x1B, 0xFE, 0xDA, 0xAB, 0x82, 0xD0, 0xC3, 0xA8, 0x10,
    0x6A, 0x04, 0x55, 0x29, 0xA9, 0x25, 0x05, 0xAB, 0x2D, 0x7F, 0xD7, 0x9F, 0x31, 0x95, 0x63, 0x9E,
    0xFD, 0x15, 0x54, 0x98, 0x1E, 0x6E, 0xE8, 0x9E, 0x66, 0xDD, 0xE9, 0x07, 0x7C, 0x47, 0xB1, 0x52,
    0xFB, 0xCD, 0xD9, 0x58, 0xDD, 0xCA, 0xD3, 0xC8, 0xFF, 0xA5, 0x9B, 0x56, 0xAF, 0x01, 0xDE, 0xBA,
    0xFB, 0x0C, 0x9B, 0x4F, 0x02, 0xC9, 0x47, 0x98, 0xB6, 0xBA, 0x48, 0xA8, 0x8E, 0xBC, 0x04, 0x86,
    0x8A, 0x79, 0xB7, 0xEC, 0x35, 0xBA, 0xFF, 0x0F, 0xFC, 0x7C, 0xC7, 0xAF, 0x39, 0xDC, 0xA4, 0xB1,
    0xA0, 0xAF, 0x54, 0x32, 0x90, 0xCD, 0x29, 0x02, 0x51, 0xF5, 0x95, 0xEC, 0x5E, 0x17, 0xEE, 0x12,
    0x31, 0xF0, 0x34, 0x80, 0x35, 0xBD, 0x42, 0x52, 0xD6, 0x4A, 0xEC, 0xB9, 0x7C, 0x79, 0x0B, 0xA6,
    0x6B, 0x60, 0x52, 0x1A, 0x7A, 0x99, 0x4A, 0xEC, 0x7B, 0x16, 0xCE, 0x94, 0x4C, 0x91, 0xEA, 0x06,
    0x52, 0x22, 0x37, 0xF3, 0x5C, 0x05, 0x02, 0xC4, 0xB9, 0xBF, 0x26, 0x3E, 0xAA, 0x78, 0x65, 0x1B,
    0xEC, 0xD9, 0xB0, 0xCE, 0xA3, 0x8A, 0xBA, 0x2E, 0x2C, 0xF2, 0xAE, 0x78, 0xEF, 0x5E, 0x91, 0x93,
    0x7A, 0xFB, 0xFE, 0xE6, 0xCE, 0x9F, 0x5C, 0x13, 0x1D, 0xEC, 0xCE, 0xB2, 0xA5, 0x57, 0x0B, 0xF5,
    0xD8, 0xC1, 0x4B, 0xFE, 0xE2, 0x1E, 0xB3, 0xC7, 0xEE, 0x6B, 0x81, 0xF5, 0x1F, 0x24, 0x01, 0x15,
    0x57, 0xEE, 0x94, 0x6A, 0x90, 0xFB, 0x57, 0x52, 0xB7, 0x51, 0x7A, 0xFA, 0xDC, 0x10, 0x2F, 0x8E,
    0xBF, 0xEC, 0xFB, 0xDB, 0xAA, 0x9B, 0xF5, 0xEE, 0x17, 0x40, 0x11, 0x9D, 0xCE, 0x61, 0xAF, 0x12,
    0x51, 0x4D, 0x8D, 0xB2, 0xFB, 0xAD, 0xBC, 0x1C, 0x38, 0x4D, 0x0D, 0xA3, 0x67, 0xDD, 0xCF, 0x3E,
    0x0B, 0x99, 0xF9, 0xC4, 0x2F, 0x35, 0xF3, 0x57, 0x4B, 0x2B, 0x48, 0x67, 0xBB, 0x56, 0x1E, 0xAB,
    0x54, 0x76, 0xA9, 0xD6, 0x6E, 0x56, 0xB9, 0x9F, 0xAC, 0xE0, 0xCE, 0xB1, 0x12, 0xC0, 0x4C, 0xEE,
    0xE4, 0x6B, 0xAA, 0xDC, 0x2D, 0xB3, 0x26, 0x07, 0xFF, 0xBA, 0x12, 0x64, 0x8F, 0x45, 0xE4, 0x10,
    0xD9, 0x9A, 0xA9, 0x71, 0xDB, 0xBD, 0x20, 0x79, 0x34, 0x35, 0xEF, 0x3F, 0xC0, 0xDD, 0x1D, 0x5A,
    0x26, 0x76, 0xAD, 0x41, 0x6E, 0xCA, 0x54, 0xE1, 0x4A, 0x29, 0x62, 0x32, 0x25, 0x38, 0x7D, 0x66,
    0x20, 0x70, 0x54, 0x73, 0x24, 0xF9, 0xCA, 0x1F, 0x2F, 0xF1, 0xA8, 0x54, 0xFE, 0xA3, 0x35, 0xE1,
    0x15, 0x80, 0xB1, 0xFC, 0xA1, 0x67, 0xA3, 0x9E, 0xCA, 0x57, 0x75, 0x33, 0x1D, 0x4E, 0x61, 0xE2,
    0x5F, 0xE3, 0xD5, 0xF4, 0xB9, 0x4D, 0xFC, 0x0F, 0x79, 0x69, 0x7A, 0xC1, 0x64, 0x8F, 0x75, 0x71,
    0x6D, 0xB6, 0xF5, 0x1C, 0xF4, 0x7F, 0x45, 0x38, 0xAB, 0x3E, 0x7A, 0xB3, 0x4D, 0xA3, 0x2D, 0x8F,
    0x47, 0x56, 0xCF, 0x21, 0xD1, 0x5E, 0x2A, 0x72, 0x5A, 0xB5, 0xBC, 0x35, 0xD7, 0x6A, 0x73, 0xAE,
    0x90, 0xD7, 0x7C, 0x78, 0x25, 0x71, 0xE2, 0x9E, 0x32, 0x71, 0x4C, 0xAD, 0x6B, 0xAC, 0x66, 0xD8,
    0xEC, 0xE2, 0x7F, 0xA8, 0xE4, 0x59, 0x0A, 0x9E, 0xB3, 0xFF, 0x5C, 0xB9, 0xBB, 0xF7, 0x44, 0x0C,
    0x4E, 0x96, 0x50, 0x3B, 0x41, 0x63, 0xBE, 0xA7, 0x90, 0xFA, 0xA1, 0x9C, 0xD8, 0x87, 0x0A, 0xB2,
    0x41, 0x8E, 0x59, 0xE4, 0x08, 0x90, 0xC1, 0x5C, 0x4D, 0xF7, 0xC1, 0x95, 0xBA, 0xBA, 0xD0, 0x2A,
    0x39, 0x4F, 0x2D, 0x3F, 0xF1, 0x66, 0x3A, 0xC4, 0xEF, 0x94, 0x10, 0xBA, 0x3D, 0xFB, 0xBA, 0x48,
    0xF0, 0xE4, 0xB8, 0x7B, 0xFC, 0x37, 0x49, 0xB0, 0x5D, 0x3A, 0x54, 0x42, 0x4E, 0xF0, 0x16, 0x1D,
    0x05, 0x44, 0x6C, 0xCC, 0x79, 0xD4, 0x3D, 0x1D, 0x92, 0xF6, 0x03, 0x25, 0x5D, 0x3E, 0x94, 0x33,
    0x1D, 0xF2, 0xC3, 0x2A, 0x5C, 0xDE, 0xDB, 0x52, 0xF1, 0xFD, 0x15, 0xA8, 0x3F, 0xF9, 0x01, 0x64,
    0xAF, 0xE1, 0x65, 0x40, 0x3A, 0xA3, 0x7F, 0x46, 0x5E, 0xF9, 0x4E, 0xB4, 0x5F, 0xC7, 0xB2, 0x3B,
    0xBE, 0x8B, 0x42, 0x98, 0x88, 0xB7, 0x25, 0x12, 0x38, 0x37, 0xC7, 0x94, 0xD9, 0xEF, 0x0C, 0x9E,
    0xCE, 0x59, 0xCB, 0x04, 0x9D, 0x3F, 0x01, 0x2E, 0xBF, 0x04, 0x6D, 0x62, 0x32, 0xC8, 0xBF, 0xA6,
    0xBC, 0xD7, 0xCF, 0x27, 0x09, 0x4F, 0x63, 0x4F, 0x4C, 0x03, 0xC9, 0x47, 0x77, 0xE7, 0xE9, 0xF4,
    0x40, 0x6D, 0x90, 0xA6, 0x3D, 0x53, 0xE5, 0x78, 0x7F, 0x7F, 0x61, 0x7F, 0xB6, 0xBE, 0x61, 0xA8,
    0x6D, 0x58, 0x7C, 0xB3, 0x44, 0x4A, 0x85, 0x21, 0x02, 0x81, 0xE5, 0x78, 0x0E, 0xFF, 0x9D, 0xF3,
    0x1A, 0x12, 0xCB, 0x85, 0x2F, 0x73, 0x7D, 0x9D, 0x9E, 0x10, 0xB4, 0x5F, 0x5F, 0xCA, 0xBE, 0x9A,
    0x46, 0x37, 0xC9, 0x2E, 0x9C, 0xDD, 0xCD, 0xAC, 0x7D, 0x44, 0x9B, 0xDF, 0xDC, 0x78, 0x4E, 0xF7,
    0xBC, 0x3D, 0xF4, 0xF8, 0xE4, 0x8A, 0x56, 0xD8, 0x76, 0xF8, 0x3F, 0x43, 0x5C, 0x7A, 0xE9, 0x62,
    0x90, 0xE3, 0x32, 0xB5, 0xAB, 0xB6, 0x2A, 0xB8, 0xFC, 0xE4, 0x36, 0xB8, 0xE1, 0xBB, 0xEE, 0xF6,
    0xE2, 0xFE, 0x0F, 0xE5, 0x5B, 0xBF, 0xAF, 0xDF, 0x46, 0x72, 0x5F, 0x92, 0x92, 0x18, 0x98, 0x05,
    0x55, 0x58, 0x70, 0x62, 0x01, 0xE1, 0xD5, 0x49, 0x70, 0x6C, 0xAF, 0x39, 0x2C, 0xED, 0x2B, 0x5C,
    0xB8, 0xB0, 0x0A, 0x3F, 0x1F, 0x90, 0x2B, 0xAE, 0x0D, 0xAE, 0x51, 0x1D, 0x20, 0x39, 0xF2, 0x2E,
    0xC5, 0xB5, 0x46, 0x80, 0x20, 0x45, 0x8A, 0xB8, 0x70, 0x11, 0x38, 0x08, 0x94, 0x22, 0x45, 0x8A,
    0x58, 0xA4, 0xEE, 0xFE, 0x00, 0x53, 0x02, 0x1C, 0x17, 0x29, 0xC2, 0xC2, 0x46, 0x7E, 0x34, 0x62,
    0x00, 0x3A, 0xE0, 0xBB, 0x90, 0x9C, 0xCC, 0xE7, 0x33, 0xCB, 0xEF, 0xF7, 0xFB, 0x9E, 0x25, 0x9D,
    0xED, 0x33, 0x2C, 0x59, 0x7E, 0xEF, 0x71, 0x66, 0x1F, 0xBF, 0xCB, 0xDD, 0x99, 0xE1, 0xEC, 0xCC,
    0xEC, 0xCC, 0x7E, 0xA3, 0x5B, 0xF9, 0xE2, 0x37, 0xFC, 0xE6, 0x4B, 0x74, 0xCB, 0xE9, 0x4F, 0x3A,
    0x1E, 0x7E, 0xA7, 0x6C, 0xCA, 0x67, 0xFD, 0x5D, 0x8A, 0xA5, 0x5C, 0xD9, 0x4B, 0x6A, 0xF1, 0xE2,
    0xB7, 0x6C, 0x72, 0x2E, 0x1F, 0xB5, 0x73, 0x31, 0x28, 0x28, 0x7B, 0xE7, 0xAE, 0xC9, 0xEC, 0x5C,
    0x2D, 0x52, 0xC5, 0x22, 0x32, 0xA4, 0xD2, 0xD5, 0x63, 0x2E, 0xCE, 0x4F, 0xE5, 0xEA, 0xEA, 0xD9,
    0x2F, 0xAE, 0x9E, 0xEA, 0xD9, 0x95, 0x83, 0x02, 0xE7, 0xDA, 0x23, 0x58, 0x14, 0xD4, 0x00, 0x7E,
    0x05, 0x10, 0xE7, 0x6E, 0x15, 0xD2, 0xA7, 0xFA, 0xAC, 0xC8, 0x9C, 0x60, 0x28, 0xD7, 0xEA, 0xA0,
    0x2E, 0x93, 0x8F, 0x95, 0x32, 0x3C, 0x82, 0xA9, 0xDD, 0x55, 0x52, 0x7A, 0xF5, 0x4D, 0x05, 0x31,
    0xFA, 0xB8, 0x42, 0x64, 0xE1, 0xFC, 0x3A, 0x82, 0xCC, 0x31, 0xC8, 0x18, 0x12, 0x69, 0x12, 0xE9,
    0xD2, 0x00, 0x2B, 0x85, 0xF1, 0xEA, 0x14, 0xEA, 0x43, 0x09, 0x9E, 0xD1, 0x47, 0xC1, 0x82, 0x93,
    0x89, 0x53, 0x8B, 0xFE, 0x77, 0x0A, 0x6F, 0xDC, 0x96, 0x33, 0x9D, 0x46, 0xB9, 0x70, 0x9F, 0x81,
    0xF9, 0xE0, 0xF2, 0x15, 0xB0, 0x04, 0x53, 0xAE, 0x56, 0x2A, 0x7B, 0x30, 0x2E, 0x3D, 0x08, 0x97,
    0xEE, 0x14, 0xFE, 0x8E, 0x3E, 0xD2, 0x94, 0x3A, 0xE7, 0x58, 0xFF, 0xAB, 0xFC, 0xED, 0x5C, 0x62,
    0x70, 0x7C, 0xD2, 0x67, 0xF2, 0x37, 0xDA, 0x67, 0x8B, 0x15, 0xAC, 0x4E, 0xBA, 0x62, 0x71, 0xD2,
    0x1F, 0x41, 0xBE, 0x46, 0xE1, 0x53, 0xF4, 0x6B, 0xF8, 0x04, 0x09, 0xAB, 0x3F, 0xDA, 0x7E, 0x3C,
    0x79, 0x8C, 0xC7, 0x91, 0xBD, 0x4D, 0x5A, 0x5D, 0xC6, 0x31, 0x04, 0xD2, 0x2A, 0x9B, 0x14, 0x4C,
    0x67, 0x12, 0x06, 0xFD, 0xA5, 0xB8, 0x68, 0x23, 0x1B, 0x4D, 0x02, 0xC9, 0xEB, 0xBB, 0xA2, 0x4C,
    0x55, 0x26, 0x79, 0x90, 0x47, 0xD9, 0x51, 0xAE, 0x4B, 0x2D, 0x8D, 0xDE, 0x96, 0x4D, 0xB9, 0x00,
    0x06, 0x37, 0x7C, 0x10, 0x8F, 0xE1, 0x41, 0x7B, 0xCC, 0xEE, 0x5F, 0xC4, 0x0D, 0xC5, 0x3B, 0xB0,
    0xDF, 0xE3, 0x70, 0x62, 0xE2, 0x77, 0x61, 0xD8, 0x4B, 0x58, 0x9A, 0x27, 0xFD, 0xBA, 0xF0, 0xF3,
    0xE4, 0x5E, 0xE8, 0x77, 0xE3, 0x16, 0xA7, 0x34, 0x8E, 0x31, 0xB0, 0x3F, 0x87, 0x54, 0xDA, 0xDE,
    0xEB, 0xEC, 0xD2, 0xB5, 0x06, 0x21, 0xA7, 0xBE, 0xD4, 0xEE, 0x41, 0x25, 0x16, 0xE3, 0xAC, 0xE2,
    0x43, 0xFA, 0xA1, 0xFF, 0x48, 0x54, 0x7C, 0xF5, 0x3D, 0x70, 0xD6, 0x76, 0x5E, 0x7B, 0xB5, 0x43,
    0xA6, 0xBD, 0xDA, 0x39, 0x52, 0x95, 0xAB, 0x37, 0x95, 0x6A, 0x53, 0xE2, 0x55, 0xE9, 0x4B, 0x9F,
    0xF4, 0xC5, 0x25, 0x3A, 0x61, 0xDB, 0xAB, 0xEE, 0x76, 0x2A, 0xFA, 0x42, 0xA6, 0xB6, 0x01, 0x0D,
    0x10, 0x7F, 0xCD, 0xB1, 0x73, 0xCE, 0x93, 0x88, 0xAE, 0x9C, 0x1B, 0x0E, 0x13, 0x48, 0xA3, 0x34,
    0xE8, 0xCB, 0xAE, 0x01, 0x1B, 0x7D, 0x34, 0x96, 0x57, 0x28, 0x06, 0xB1, 0x87, 0xA0, 0xFA, 0xD7,
    0x36, 0xA5, 0x27, 0x1B, 0x62, 0xD5, 0xB9, 0x25, 0xDF, 0xF4, 0x85, 0x16, 0x62, 0x80, 0xFF, 0xF2,
    0x03, 0xE7, 0x6E, 0x62, 0xA5, 0xB8, 0xC8, 0xDE, 0x41, 0x21, 0xEF, 0xE1, 0x25, 0xD5, 0xBD, 0x4B,
    0x37, 0x17, 0x61, 0x89, 0xD5, 0x4D, 0x8A, 0xB7, 0x56, 0xF4, 0x79, 0x9F, 0xCA, 0x3F, 0xA4, 0x63,
    0xD9, 0x95, 0xB2, 0x25, 0xB3, 0xAF, 0x74, 0xD2, 0x68, 0xA9, 0x23, 0x1D, 0xD1, 0x2D, 0x3F, 0x4D,
    0x54, 0xB9, 0xDD, 0x7A, 0x97, 0xFA, 0x71, 0xF7, 0xFD, 0xF4, 0x14, 0xDD, 0xDD, 0x11, 0x24, 0xBA,
    0xD6, 0x89, 0xB8, 0xAB, 0x6E, 0xF1, 0xB1, 0x4A, 0x2F, 0x5A, 0xCA, 0x46, 0xA7, 0x4D, 0xE6, 0x42,
    0x15, 0x75, 0x49, 0xC7, 0x6C, 0xCC, 0x54, 0xA5, 0x7A, 0x1D, 0xEB, 0x45, 0x9D, 0x56, 0x39, 0x04,
    0x11, 0xCE, 0x6F, 0xEF, 0x81, 0x99, 0x34, 0x28, 0x89, 0x91, 0xFB, 0x93, 0xB7, 0x75, 0x85, 0x43,
    0x88, 0x52, 0xD5, 0xCA, 0x76, 0x5D, 0xA9, 0x8C, 0xAB, 0xBA, 0xBF, 0xA2, 0x94, 0x47, 0x77, 0x74,
    0x41, 0xA8, 0x4E, 0xAB, 0x01, 0xE9, 0xF5, 0x13, 0xBD, 0xDA, 0xBE, 0xFD, 0x3F, 0x39, 0xF7, 0x72,
    0x47, 0xB2, 0xF3, 0x4C, 0x87, 0xAA, 0xF4, 0x37, 0x19, 0xE3, 0x49, 0x2D, 0x92, 0x2A, 0xB2, 0xEF,
    0xFD, 0x00, 0xB5, 0xD0, 0x25, 0x9F, 0x48, 0x55, 0xAC, 0x10, 0xD4, 0xA2, 0x06, 0xA8, 0x1D, 0xFD,
    0xA4, 0x56, 0xC8, 0xCF, 0xF8, 0x77, 0x75, 0xC5, 0xA6, 0xCB, 0x38, 0x91, 0x1F, 0x28, 0x11, 0x18,
    0xD1, 0xF9, 0xA1, 0x1C, 0x31, 0xC0, 0xEC, 0xE2, 0x21, 0x1A, 0x39, 0x28, 0x56, 0x5B, 0x77, 0x09,
    0xC0, 0x52, 0x3C, 0x0E, 0xDC, 0xA8, 0x5C, 0x71, 0x0E, 0xC9, 0xEB, 0xD4, 0xBA, 0xC4, 0xFF, 0xEA,
    0xF6, 0x52, 0x3E, 0xF8, 0xD5, 0xEA, 0x1F, 0xDC, 0xDF, 0xFC, 0x83, 0x07, 0xE2, 0x75, 0xBD, 0xFB,
    0xFB, 0xAF, 0x69, 0xFB, 0x97, 0x5B, 0xF9, 0xA0, 0x5F, 0x8A, 0xEA, 0x1F, 0xBF, 0x97, 0x69, 0xBF,
    0x18, 0xA3, 0x96, 0xE7, 0x30, 0x73, 0xCD, 0xE9, 0x15, 0xDD, 0xAD, 0x32, 0x19, 0x4B, 0x59, 0xFC,
    0xCF, 0xD7, 0xDA, 0xE1, 0xCF, 0xFF, 0x6C, 0x55, 0xB9, 0xE6, 0x78, 0x44, 0x97, 0x25, 0x35, 0xF4,
    0xB3, 0xE0, 0x91, 0x44, 0x3F, 0xAE, 0xF3, 0xA5, 0x9F, 0x47, 0x3E, 0xAB, 0xEB, 0x07, 0xAB, 0xA7,
    0xC0, 0x8D, 0xFB, 0x32, 0xF8, 0xC6, 0x8F, 0xBE, 0xF3, 0x63, 0xD9, 0x60, 0xFD, 0xD4, 0xD0, 0x5C,
    0xAC, 0x79, 0xD5, 0x4B, 0xD5, 0x2E, 0x5B, 0x52, 0xB7, 0x92, 0x2D, 0x9A, 0xF3, 0x29, 0x99, 0x74,
    0x80, 0xA9, 0xB4, 0x6B, 0x84, 0xC9, 0xC6, 0x52, 0xD1, 0xE5, 0xD4, 0x97, 0xF7, 0x5B, 0x1B, 0x43,
    0xD7, 0x60, 0xD6, 0x78, 0x6A, 0xBF, 0x2B, 0xF1, 0xFC, 0xB9, 0x73, 0x7F, 0x88, 0x35, 0x81, 0x81,
    0x8A, 0xF9, 0x8A, 0x9A, 0xD7, 0xA2, 0xAA, 0x31, 0x0E, 0x2C, 0x66, 0x13, 0xC1, 0x67, 0x7C, 0x57,
    0xD7, 0x6E, 0x15, 0xC1, 0xA8, 0x37, 0xFA, 0x6A, 0x0B, 0x7D, 0xE1, 0x8D, 0xFB, 0x73, 0xE7, 0xAE,
    0xD3, 0x8F, 0xE8, 0x8B, 0xBD, 0x0C, 0xD5, 0xF5, 0xCC, 0xBF, 0x2D, 0x54, 0xA5, 0xA9, 0x09, 0x75,
    0xED, 0xFA, 0xED, 0x47, 0x22, 0xB7, 0x94, 0xA4, 0x0F, 0x64, 0x56, 0xF8, 0x0B, 0x85, 0xBF, 0x5E,
    0x5D, 0xDB, 0xF8, 0x99, 0x22, 0x34, 0xB8, 0x3C, 0x06, 0xAE, 0x84, 0xE7, 0x27, 0x32, 0x7F, 0x41,
    0xD7, 0xAF, 0x7A, 0x0F, 0xC0, 0x44, 0x00, 0x73, 0x85, 0xAA, 0x9E, 0x0A, 0x17, 0x5D, 0x0F, 0x80,
    0xFE, 0x73, 0x40, 0xEB, 0x9F, 0x13, 0x26, 0x84, 0x18, 0x73, 0xE1, 0xF8, 0x9C, 0xFA, 0xB7, 0x87,
    0xE5, 0x42, 0xE7, 0x71, 0x11, 0x46, 0xB7, 0x0A, 0x0D, 0x1F, 0x6A, 0x84, 0x05, 0x5B, 0xA1, 0x01,
    0x44, 0x34, 0xE9, 0x52, 0x74, 0xC9, 0x56, 0xC1, 0xC3, 0x16, 0x58, 0x51, 0xBF, 0x77, 0x7B, 0xF4,
    0xD0, 0xE3, 0x1E, 0xD6, 0x2B, 0xAA, 0x74, 0xC1, 0xEB, 0x62, 0x0B, 0x97, 0xC3, 0xD5, 0x7E, 0x8E,
    0x4B, 0xFB, 0xBD, 0x2C, 0xE7, 0xB0, 0x0F, 0xBC, 0xDC, 0xCB, 0xEF, 0xC2, 0x3F, 0x55, 0xB0, 0xCD,
    0x7E, 0xF2, 0x6A, 0x19, 0xF2, 0xA5, 0xED, 0xF2, 0x45, 0x0D, 0x30, 0xAE, 0x35, 0xE0, 0xA5, 0xD5,
    0xFB, 0x7E, 0x2C, 0xA6, 0x72, 0x13, 0xB5, 0xD6, 0x30, 0xDD, 0xB3, 0x5A, 0xAB, 0x48, 0x49, 0xAF,
    0x0A, 0xD5, 0xB8, 0x5E, 0xA3, 0x97, 0x7C, 0xD2, 0x25, 0x9F, 0x6E, 0xAA, 0xC1, 0xB1, 0xFC, 0x4C,
    0x55, 0x59, 0x06, 0xD5, 0x55, 0x55, 0x39, 0x68, 0x4E, 0x19, 0x40, 0xAB, 0xB1, 0x4B, 0x84, 0x0F,
    0x12, 0x79, 0x55, 0x9A, 0x6C, 0x4D, 0x36, 0x7D, 0x2C, 0x57, 0xCD, 0xE8, 0x8A, 0xDE, 0x15, 0x2E,
    0xAF, 0x60, 0x70, 0x71, 0x55, 0xE1, 0xA5, 0x82, 0x47, 0xE7, 0xFE, 0xA0, 0x71, 0xC6, 0xA5, 0x7A,
    0x8C, 0xD0, 0x8A, 0xE0, 0x51, 0xC8, 0x75, 0xC2, 0x50, 0x02, 0xBC, 0xA5, 0xEB, 0xDE, 0xCA, 0xE7,
    0xBD, 0x55, 0x8E, 0x7B, 0xCB, 0x0F, 0x7B, 0xAB, 0xED, 0x42, 0x4B, 0x07, 0xB9, 0xFA, 0x27, 0x6C,
    0x25, 0xC2, 0xB7, 0xA2, 0x2D, 0x35, 0xCA, 0xB5, 0xB5, 0x72, 0x6A, 0x29, 0xE6, 0x28, 0x47, 0xC4,
    0x00, 0x90, 0x9B, 0x1F, 0xD2, 0x87, 0x0B, 0x25, 0xA7, 0xFE, 0xE9, 0x03, 0xB6, 0x74, 0x90, 0xF2,
    0x8D, 0xC5, 0xDC, 0xB0, 0xFB, 0x69, 0xCE, 0x96, 0x0E, 0xB2, 0x58, 0x2B, 0x9F, 0x93, 0xD1, 0x5A,
    0xE5, 0x98, 0x0E, 0xD6, 0xF2, 0x8C, 0x6D, 0xC0, 0x8E, 0x45, 0x36, 0xC6, 0xCE, 0xB5, 0xF7, 0xEE,
    0x6C, 0x6F, 0x07, 0x76, 0xD8, 0x2F, 0x5B, 0xF6, 0x16, 0xD9, 0x61, 0xCB, 0xD8, 0xF9, 0xF2, 0x12,
    0x5A, 0xBE, 0xB8, 0x84, 0xE0, 0xF6, 0x29, 0x21, 0xE8, 0x89, 0x49, 0x08, 0xA6, 0xC7, 0x24, 0x54,
    0xF6, 0xEA, 0xF6, 0x29, 0x21, 0xDF, 0x95, 0x13, 0x25, 0xD4, 0xFB, 0xBE, 0x98, 0x4C, 0x42, 0x85,
    0xDE, 0x33, 0x09, 0x99, 0x21, 0x32, 0x4A, 0x30, 0x01, 0x99, 0x8B, 0xE8, 0xB7, 0x40, 0x09, 0x5D,
    0x20, 0x29, 0x29, 0x26, 0x93, 0x10, 0xBA, 0xBD, 0x48, 0x09, 0xA9, 0x3A, 0xB9, 0xC5, 0xD8, 0xC9,
    0xE6, 0x58, 0x5B, 0xAA, 0x34, 0x30, 0xA2, 0xB3, 0x0D, 0x62, 0x2D, 0x0C, 0x62, 0xAD, 0x83, 0x84,
    0x18, 0xD9, 0x5E, 0x7B, 0x97, 0x1E, 0x3C, 0x4C, 0x43, 0xBA, 0xD9, 0x03, 0x86, 0xD3, 0xA6, 0x81,
    0xF9, 0xE4, 0x34, 0x0E, 0x46, 0xD4, 0xA4, 0x46, 0x53, 0x9A, 0x6C, 0x21, 0x2E, 0xB2, 0x17, 0x41,
    0xB3, 0x6A, 0x52, 0x83, 0xD9, 0xD1, 0x41, 0xFE, 0xD8, 0x4C, 0x6C, 0xDD, 0x27, 0xE0, 0x43, 0x9F,
    0x45, 0xD4, 0x82, 0x50, 0x41, 0x55, 0xBC, 0x2A, 0xA4, 0x81, 0xD1, 0xD5, 0x41, 0xBC, 0x34, 0x30,
    0xBD, 0x3A, 0xC8, 0x26, 0x0D, 0x0D, 0xF0, 0x1C, 0x9D, 0x33, 0x0C, 0x6D, 0xCA, 0x31, 0xF9, 0x1F,
    0x33, 0xC6, 0xBA, 0xEE, 0xEE, 0x59, 0x2C, 0x26, 0x5D, 0xF9, 0x0A, 0x5B, 0x08, 0x20, 0x4C, 0x42,
    0x3A, 0xC8, 0x62, 0xAD, 0x6C, 0x41, 0x38, 0x62, 0x2A, 0xB1, 0xB7, 0x74, 0xE2, 0xF7, 0xFE, 0x5E,
    0xFE, 0xD3, 0x31, 0x38, 0x09, 0x32, 0x05, 0x3B, 0x6C, 0x45, 0xE2, 0x42, 0x2B, 0xB0, 0xA3, 0x3F,
    0x16, 0xEB, 0x57, 0x8C, 0x57, 0x75, 0x48, 0x00, 0xB6, 0x12, 0x2A, 0xCC, 0x9B, 0x17, 0x3D, 0xD9,
    0xB6, 0x03, 0x46, 0xBA, 0x1C, 0x24, 0x03, 0x28, 0x01, 0x10, 0xC9, 0x25, 0x14, 0x3F, 0x23, 0x3B,
    0x4C, 0xA3, 0x01, 0xDC, 0x0D, 0x6C, 0x46, 0xDA, 0x4E, 0xC3, 0x25, 0xE9, 0x5B, 0x82, 0x19, 0x5A,
    0xA1, 0x61, 0x5C, 0x57, 0x20, 0x08, 0x4B, 0xF9, 0x9E, 0x6E, 0x23, 0x04, 0xB3, 0x15, 0xEF, 0x76,
    0xD5, 0xDB, 0xAD, 0x3E, 0x62, 0x1B, 0xC3, 0x79, 0x08, 0x50, 0xA3, 0x36, 0x74, 0xC8, 0xF6, 0xD7,
    0x7B, 0xEB, 0x02, 0x99, 0x7B, 0x04, 0xBC, 0x63, 0x8B, 0xA8, 0x8F, 0x11, 0xF6, 0x8E, 0xCB, 0x87,
    0x36, 0xB0, 0xFF, 0x80, 0x6B, 0xC2, 0xD5, 0x6F, 0x18, 0x6E, 0xB3, 0x20, 0x7D, 0xDB, 0xD5, 0x44,
    0x2B, 0x03, 0x4A, 0x17, 0x2F, 0x16, 0x62, 0x27, 0x2A, 0x77, 0x0C, 0xAC, 0x11, 0x1F, 0x07, 0x56,
    0x2A, 0xB8, 0xEB, 0xCA, 0x3F, 0x3D, 0xE3, 0xC6, 0x0B, 0x7C, 0xAD, 0xC1, 0xEF, 0x6F, 0x01, 0x53,
    0xD5, 0x2B, 0x9D, 0xB9, 0xE2, 0x6E, 0x21, 0x67, 0x0C, 0x6A, 0xF2, 0x8E, 0x37, 0xDB, 0x38, 0x41,
    0xED, 0x41, 0x69, 0x8B, 0x28, 0x58, 0x57, 0x57, 0x0B, 0x99, 0x9D, 0x60, 0x50, 0xF4, 0x2F, 0xC6,
    0x60, 0x1C, 0x04, 0x92, 0x19, 0xBD, 0xD8, 0x7B, 0xB8, 0x43, 0x7C, 0x8D, 0xD1, 0x4C, 0x4E, 0xC9,
    0x7C, 0xC9, 0x3C, 0x3C, 0xEF, 0xF2, 0x29, 0xF7, 0xED, 0x4B, 0x77, 0x81, 0xBF, 0x4C, 0xE6, 0x20,
    0x26, 0xE3, 0xA7, 0x7E, 0x60, 0xD2, 0xD4, 0xC8, 0x98, 0x1D, 0xFF, 0xC9, 0xA5, 0xCD, 0xB7, 0x41,
    0x3E, 0xC5, 0x10, 0x19, 0x9D, 0xDB, 0x0F, 0x4E, 0x77, 0x86, 0xF1, 0xBE, 0xB1, 0x1C, 0x5A, 0xA3,
    0xBF, 0xBA, 0x36, 0xBB, 0x47, 0xFD, 0x3C, 0xAF, 0x72, 0xB9, 0xEB, 0x4A, 0x5A, 0x56, 0xE9, 0x8C,
    0x0E, 0xB9, 0x17, 0xB6, 0x91, 0x3B, 0xB6, 0xFB, 0xDA, 0xCF, 0x37, 0xDF, 0x26, 0xB9, 0x44, 0x74,
    0xCE, 0x78, 0xCA, 0xE8, 0x2F, 0x1E, 0xAC, 0x46, 0x7F, 0x17, 0xF8, 0xE8, 0xE4, 0xC2, 0xFF, 0x65,
    0xF8, 0x3C, 0x0F, 0xEB, 0x2D, 0x92, 0xB7, 0xBF, 0x15, 0x72, 0x62, 0x42, 0xCA, 0xE2, 0x0A, 0x6B,
    0x1D, 0xEF, 0x81, 0xDE, 0xF6, 0xAF, 0xE5, 0xC3, 0x1F, 0x99, 0x27, 0x06, 0xE1, 0x08, 0xA7, 0xE2,
    0x15, 0x2D, 0x6C, 0x6F, 0x93, 0x05, 0x2D, 0xD8, 0xA1, 0x6C, 0x46, 0xEB, 0x05, 0x3C, 0x3B, 0x26,
    0xC1, 0x82, 0x15, 0xBA, 0x7B, 0xE9, 0xF2, 0x86, 0x32, 0xD6, 0x56, 0xD1, 0x30, 0xD5, 0xA0, 0x2D,
    0x2A, 0xE2, 0x61, 0x8A, 0xE8, 0xD0, 0x4A, 0x0E, 0xAD, 0x74, 0x3D, 0xFB, 0xA1, 0x7C, 0x58, 0x6B,
    0x2B, 0x9F, 0x5C, 0x78, 0x56, 0x77, 0x0E, 0x61, 0xBC, 0x72, 0x60, 0xCA, 0x2E, 0xBA, 0x05, 0x22,
    0xD0, 0x82, 0xB0, 0x1A, 0xB6, 0xF2, 0x11, 0x12, 0x40, 0xAB, 0x18, 0xE2, 0xD0, 0xF2, 0x1A, 0xE7,
    0x23, 0x5B, 0xF8, 0xE1, 0x5B, 0xEA, 0xC0, 0xF5, 0xED, 0x72, 0x92, 0x63, 0xAB, 0x3B, 0xB6, 0x94,
    0x98, 0x33, 0xF7, 0x2E, 0xB8, 0x96, 0x4F, 0x10, 0x94, 0x59, 0x5C, 0xE2, 0x0D, 0x09, 0xF7, 0x8E,
    0x10, 0xAA, 0x6E, 0x6B, 0x21, 0x63, 0x24, 0x44, 0x74, 0xE0, 0x08, 0x1B, 0x61, 0x30, 0x64, 0x91,
    0xC4, 0x9F, 0x86, 0x1D, 0xDD, 0x8E, 0xEA, 0x27, 0xA0, 0x10, 0x1B, 0x78, 0x39, 0x45, 0xA5, 0xE9,
    0x49, 0x0E, 0xF5, 0xF8, 0x23, 0x9D, 0x68, 0xC2, 0xD0, 0xC8, 0x3B, 0xDD, 0x14, 0x93, 0xD5, 0x6A,
    0x49, 0xCD, 0xC9, 0x94, 0x82, 0xF1, 0x91, 0x70, 0xFB, 0x98, 0x9E, 0xD3, 0x33, 0x24, 0xBB, 0x82,
    0x56, 0x86, 0x2C, 0xDE, 0x28, 0xEC, 0xAE, 0xA5, 0xF3, 0x5E, 0xB4, 0xFF, 0xBC, 0x04, 0xD4, 0xDB,
    0x4A, 0x31, 0x57, 0xFB, 0x22, 0xBD, 0x34, 0x9F, 0xB2, 0x78, 0xD1, 0x52, 0x9C, 0x59, 0xB0, 0xB7,
    0xE3, 0x61, 0xE3, 0x67, 0xD9, 0x23, 0xE7, 0x7E, 0xF7, 0x34, 0x59, 0x60, 0x39, 0x82, 0x00, 0xFB,
    0x58, 0x3E, 0x7D, 0x4B, 0x06, 0xA8, 0xB6, 0x27, 0xCC, 0x47, 0xC0, 0x8C, 0x30, 0x7D, 0xC7, 0x54,
    0x5E, 0x61, 0x82, 0xF8, 0x7C, 0xCC, 0x08, 0xF3, 0x9E, 0x6C, 0x5E, 0x86, 0x9F, 0xDE, 0x3E, 0xE9,
    0x93, 0x12, 0xDA, 0xB3, 0x61, 0xE9, 0x24, 0x33, 0x47, 0x26, 0xCC, 0xA7, 0x44, 0x74, 0xDD, 0x4C,
    0xA4, 0x61, 0x3C, 0x85, 0x10, 0x04, 0xB9, 0xAC, 0xB9, 0x08, 0xC9, 0x12, 0x43, 0x46, 0x15, 0x3B,
    0xEE, 0xB7, 0xD3, 0x21, 0x54, 0x3C, 0x89, 0xCB, 0xBE, 0x09, 0x7C, 0x65, 0x7C, 0x87, 0x25, 0xE9,
    0xA7, 0xC5, 0xB0, 0xCD, 0x42, 0x4A, 0x0D, 0xC9, 0x67, 0x64, 0x65, 0x7C, 0x8F, 0xA4, 0xEE, 0xEF,
    0x3B, 0x37, 0x7E, 0x73, 0xF8, 0x2A, 0xFA, 0x4C, 0x29, 0xAF, 0x47, 0x28, 0x9C, 0xCC, 0xCC, 0x57,
    0x4F, 0x80, 0x2D, 0xEF, 0x94, 0xFC, 0xF4, 0x52, 0xBA, 0xEA, 0xD9, 0xE6, 0x28, 0x33, 0x53, 0xC6,
    0x15, 0x54, 0xD0, 0x5A, 0xF7, 0xA6, 0x76, 0xAC, 0x64, 0x7C, 0x67, 0xE7, 0xA2, 0xDB, 0xAF, 0x97,
    0x74, 0xBD, 0x63, 0xC4, 0xAF, 0xEA, 0x8A, 0xD5, 0x70, 0x9C, 0x8E, 0xEF, 0xDC, 0xF7, 0x69, 0xBC,
    0x68, 0x2F, 0x0A, 0xBD, 0x6A, 0xCC, 0xD7, 0xBB, 0x18, 0x26, 0xA5, 0x71, 0x5F, 0x3F, 0x3D, 0x58,
    0x9F, 0xAA, 0xAD, 0x91, 0xC0, 0xF2, 0xC3, 0xC4, 0xEA, 0xEE, 0x71, 0x54, 0x2B, 0x5D, 0x15, 0xC3,
    0xF7, 0x5C, 0xDC, 0x7D, 0xDD, 0xF4, 0xA8, 0x02, 0x4E, 0xF5, 0x54, 0x2E, 0xAD, 0x2A, 0x1F, 0x2E,
    0xB4, 0xF5, 0xDE, 0xBE, 0x84, 0x40, 0xDF, 0xB8, 0x5F, 0x57, 0xE1, 0x3D, 0x91, 0x73, 0xF9, 0xAA,
    0xAE, 0x76, 0xBD, 0x30, 0x3E, 0xFC, 0xF2, 0x7F, 0x05, 0xF7, 0x3C, 0x18, 0xC2, 0x52, 0x58, 0xDF,
    0x82, 0xD3, 0xAC, 0x91, 0xF1, 0xEB, 0xCD, 0x47, 0x8D, 0x7C, 0x5A, 0x66, 0x1B, 0xC4, 0xF2, 0x40,
    0x35, 0xFD, 0x17, 0x7C, 0x0E, 0x91, 0xDC, 0x68, 0xD7, 0x33, 0x45, 0xD0, 0xCA, 0xAA, 0x94, 0xFA,
    0x04, 0xA9, 0x23, 0xB2, 0x2E, 0x17, 0x1E, 0x58, 0x77, 0xAA, 0x8E, 0x43, 0x47, 0x36, 0x51, 0x62,
    0xD3, 0x16, 0x48, 0xA6, 0x29, 0x2D, 0x1B, 0x1D, 0xA7, 0x8A, 0x31, 0xB7, 0x70, 0x02, 0x88, 0xB1,
    0x54, 0xF6, 0xB1, 0xAB, 0xEC, 0xF5, 0xBD, 0xCA, 0x55, 0x5B, 0x8B, 0xF9, 0xA6, 0xBD, 0xC8, 0x33,
    0xDD, 0x36, 0x0F, 0x74, 0x3D, 0x5E, 0x1F, 0x11, 0xA8, 0x7A, 0xC1, 0x4C, 0x78, 0x29, 0x5B, 0xC0,
    0x74, 0x8B, 0xAA, 0x00, 0x60, 0x7E, 0xAD, 0x22, 0xAC, 0x52, 0x0D, 0x17, 0x22, 0xE1, 0xFA, 0x03,
    0x9E, 0x02, 0x5E, 0x02, 0xDE, 0x0C, 0x2B, 0x63, 0xC4, 0x85, 0x86, 0x13, 0xC0, 0xEA, 0x6A, 0x89,
    0x55, 0x6E, 0xC4, 0xB1, 0xCC, 0xC4, 0xBA, 0x25, 0x35, 0x5C, 0x6F, 0x86, 0xBD, 0xBC, 0x41, 0x9C,
    0xCB, 0x07, 0xC4, 0x99, 0x3C, 0x24, 0x4E, 0x30, 0x55, 0x24, 0x36, 0x25, 0x12, 0x15, 0x6D, 0xC0,
    0x5E, 0x71, 0xCC, 0x75, 0x05, 0xA5, 0x9A, 0xF5, 0xC1, 0x29, 0xF0, 0x61, 0x38, 0x66, 0xAC, 0xF7,
    0x5D, 0x63, 0xB0, 0xB6, 0xB0, 0xA9, 0x35, 0xD5, 0x6A, 0x97, 0xD3, 0xDD, 0x71, 0xBC, 0xC7, 0x54,
    0x16, 0xD4, 0x46, 0x5C, 0x98, 0xD1, 0x99, 0xB9, 0x32, 0x06, 0x84, 0x29, 0x75, 0x02, 0x69, 0x3C,
    0xB1, 0xF7, 0xD3, 0x0A, 0xAB, 0x6A, 0xFA, 0x56, 0xE0, 0xE0, 0x58, 0x85, 0xAA, 0x10, 0xBE, 0xC0,
    0xE8, 0xA8, 0x17, 0x47, 0xB0, 0xA2, 0x6B, 0x8C, 0x21, 0x88, 0x19, 0x56, 0x65, 0x37, 0xA0, 0xFA,
    0xF1, 0x28, 0xF4, 0x9C, 0xED, 0xB9, 0x89, 0x31, 0x0B, 0x52, 0xB9, 0x18, 0x6C, 0xC8, 0x59, 0x1B,
    0xEC, 0x11, 0x29, 0xA4, 0xA8, 0x77, 0x8D, 0x08, 0x1D, 0x22, 0x04, 0x4E, 0xC7, 0x98, 0x25, 0x0F,
    0x31, 0x4B, 0x6B, 0x31, 0x8B, 0x06, 0x5C, 0xC6, 0x91, 0x45, 0xD3, 0x69, 0x08, 0xD6, 0x43, 0x98,
    0x64, 0x51, 0x86, 0x45, 0xDA, 0x21, 0x3C, 0xC9, 0x3F, 0x36, 0x81, 0x84, 0xC7, 0x9E, 0x23, 0x11,
    0xBC, 0x1F, 0xDE, 0x74, 0x08, 0xDB, 0xF8, 0xA6, 0x8B, 0x3D, 0x42, 0xA3, 0x24, 0xE4, 0x17, 0x98,
    0x2B, 0x41, 0x69, 0x41, 0x1F, 0xD3, 0x40, 0xF4, 0x39, 0x13, 0x41, 0xD9, 0x73, 0x8F, 0x2F, 0x5B,
    0xD6, 0x1C, 0xCA, 0x95, 0x89, 0x6D, 0x4E, 0x92, 0xFB, 0x2D, 0x75, 0xA2, 0xCA, 0xA6, 0x13, 0x9B,
    0xF0, 0xFC, 0xF0, 0xAE, 0xA1, 0x74, 0x4B, 0x1E, 0x5E, 0x65, 0xBC, 0x26, 0x7F, 0x81, 0xF7, 0x1F,
    0x50, 0x2A, 0x5C, 0xFE, 0xDA, 0xE5, 0xEE, 0x73, 0xC9, 0xBB, 0x2D, 0xE7, 0x2E, 0xEF, 0x92, 0xD1,
    0x8F, 0xF9, 0x52, 0x2E, 0x7E, 0x56, 0x0F, 0xA2, 0xFB, 0x37, 0x38, 0x94, 0xCD, 0x0A, 0x65, 0xC1,
    0xD8, 0xE7, 0x5B, 0x3B, 0xFA, 0x59, 0x7B, 0x0C, 0xD9, 0x92, 0x35, 0xF1, 0x18, 0x33, 0x46, 0x51,
    0x51, 0x44, 0x7F, 0x47, 0x51, 0xA0, 0x70, 0x63, 0x81, 0x63, 0x69, 0x3B, 0xBA, 0xF6, 0x20, 0x8A,
    0x92, 0x87, 0x3E, 0xB0, 0xAF, 0x82, 0x25, 0x29, 0x41, 0x2F, 0x1E, 0x81, 0x28, 0x60, 0xB7, 0x95,
    0xA5, 0x64, 0x23, 0x83, 0xF9, 0x44, 0x51, 0xF8, 0x81, 0x5C, 0xB7, 0x1D, 0x50, 0x2C, 0x94, 0x41,
    0xBA, 0x12, 0xA9, 0x37, 0x80, 0x0C, 0x50, 0x54, 0x9E, 0x19, 0xB3, 0x40, 0x14, 0x62, 0xA2, 0x40,
    0x34, 0x32, 0x14, 0x0C, 0x5E, 0x7A, 0x24, 0x93, 0x13, 0xBC, 0x01, 0x8A, 0x22, 0x36, 0x51, 0x24,
    0x27, 0xCE, 0x51, 0x37, 0xA7, 0xF7, 0xB9, 0x79, 0xFB, 0x49, 0x15, 0x44, 0x91, 0x35, 0xA7, 0xBB,
    0xB5, 0x32, 0x98, 0x43, 0x09, 0xA9, 0x0C, 0xB3, 0xFE, 0x6D, 0xB0, 0x95, 0x21, 0xD1, 0xF5, 0x9D,
    0x83, 0x4A, 0xB4, 0xAC, 0x7F, 0x6D, 0x17, 0x11, 0x13, 0x15, 0x6D, 0xCF, 0xE3, 0x2D, 0xD8, 0x88,
    0x7F, 0xF5, 0x88, 0x19, 0x0C, 0xDF, 0x10, 0xD5, 0x0D, 0x77, 0x88, 0x75, 0xC3, 0xE8, 0x58, 0x05,
    0xAD, 0xBA, 0x48, 0x8F, 0xB8, 0x59, 0xA5, 0x5F, 0xFE, 0xBB, 0xB5, 0x52, 0x07, 0xA8, 0x4A, 0x43,
    0xF1, 0xA8, 0x65, 0x6A, 0x63, 0xD7, 0x68, 0x8B, 0x48, 0x2D, 0x28, 0x3D, 0xEE, 0x63, 0x83, 0x0C,
    0x6C, 0xE7, 0x1C, 0x99, 0x24, 0xE2, 0x50, 0x35, 0x3D, 0x49, 0x6C, 0x3D, 0x27, 0x22, 0xB0, 0x4D,
    0x2A, 0x6B, 0xE9, 0x07, 0x07, 0x98, 0x5A, 0x97, 0x9C, 0xF6, 0x90, 0x31, 0x31, 0xF3, 0x3F, 0x3C,
    0x6E, 0xB5, 0x47, 0xC6, 0xCF, 0x8F, 0x08, 0xEA, 0xAA, 0x64, 0x11, 0x08, 0x65, 0x39, 0xAC, 0x5F,
    0xF4, 0x0C, 0x28, 0xDC, 0x44, 0x97, 0xEE, 0x52, 0x90, 0xF8, 0xBC, 0xAC, 0x80, 0x10, 0x12, 0x9A,
    0xEA, 0x27, 0x7B, 0x46, 0xA8, 0x3A, 0x26, 0x8D, 0x22, 0x0B, 0x9D, 0xF7, 0x48, 0xF9, 0xE2, 0x0A,
    0xE8, 0xD4, 0xF8, 0x5D, 0x44, 0x37, 0x75, 0xFC, 0x6B, 0xF2, 0x31, 0x35, 0x09, 0x56, 0x75, 0xE1,
    0xEA, 0x52, 0x2B, 0x87, 0x01, 0xD4, 0x7E, 0xA7, 0x2C, 0x7D, 0x35, 0xC8, 0x0E, 0xA9, 0xED, 0x86,
    0x4A, 0xA9, 0xFD, 0xE6, 0x09, 0x16, 0x99, 0x5A, 0x26, 0x46, 0x56, 0x39, 0x09, 0x44, 0x0A, 0x4B,
    0x92, 0xDA, 0x89, 0x25, 0x3B, 0xB2, 0xF4, 0x45, 0x90, 0xE5, 0xA4, 0xA2, 0x63, 0xFE, 0xAF, 0xDB,
    0x91, 0x67, 0x2E, 0xE3, 0x14, 0xA6, 0xF4, 0x14, 0xC7, 0xBD, 0xB6, 0xF5, 0x7C, 0xDB, 0x52, 0x61,
    0x15, 0x61, 0xAF, 0x7B, 0xF3, 0x1F, 0xE3, 0x88, 0x95, 0x6E, 0xEA, 0xB9, 0xFB, 0x6E, 0x17, 0xDB,
    0x99, 0x5C, 0x86, 0x02, 0x18, 0xA3, 0xE7, 0xA7, 0xB7, 0x91, 0x13, 0x00, 0x01, 0x11, 0x37, 0x51,
    0xFB, 0x98, 0xC7, 0x59, 0xE2, 0xFD, 0x08, 0xE0, 0x25, 0x7A, 0xF6, 0xE3, 0x49, 0xA1, 0xF0, 0x90,
    0x4B, 0xF8, 0xEC, 0x2D, 0x88, 0x44, 0x2D, 0x33, 0x77, 0x47, 0x03, 0x7C, 0x16, 0x8C, 0x54, 0x39,
    0x33, 0x74, 0x2F, 0x47, 0xCB, 0x44, 0xF6, 0x44, 0x75, 0xE3, 0x5E, 0x52, 0xB4, 0xC1, 0xAB, 0x75,
    0xA8, 0x73, 0x29, 0xC2, 0x86, 0xF2, 0x87, 0xEA, 0xDF, 0x46, 0xE6, 0x2C, 0x91, 0xC6, 0x01, 0xDA,
    0x0C, 0xD1, 0x8D, 0x74, 0x05, 0x37, 0x3E, 0xA8, 0xB3, 0xF7, 0x38, 0xB7, 0xA8, 0xFA, 0xC3, 0xEC,
    0xAB, 0x30, 0x09, 0x1B, 0x01, 0xDD, 0x7B, 0xC7, 0x15, 0x8A, 0x7E, 0xA5, 0x1B, 0x0D, 0x20, 0x75,
    0x65, 0x4B, 0x26, 0xBF, 0x94, 0xA6, 0x9C, 0x45, 0x91, 0x12, 0x6A, 0xA8, 0x13, 0xB9, 0xF7, 0xBF,
    0x56, 0x4E, 0x7A, 0x07, 0x35, 0x71, 0x53, 0xB6, 0xB6, 0xD9, 0x6B, 0xE6, 0xFB, 0x1E, 0xA4, 0xE4,
    0x4B, 0xB6, 0xB3, 0x08, 0xC1, 0x18, 0x9B, 0x5D, 0x8A, 0x4E, 0xA3, 0x10, 0xD3, 0xB9, 0x89, 0xE9,
    0x52, 0x1D, 0xB3, 0x3C, 0xC7, 0x2E, 0xCE, 0xF7, 0x64, 0x74, 0x04, 0xF3, 0x5E, 0x61, 0xEF, 0x5E,
    0x68, 0x62, 0x4B, 0x78, 0x03, 0xDE, 0x84, 0xD6, 0x9B, 0xEE, 0x17, 0xF2, 0x97, 0x38, 0xF9, 0xB1,
    0xE0, 0x7E, 0x3D, 0x03, 0xB6, 0x13, 0xE1, 0x6C, 0xDB, 0xCA, 0x0C, 0xC2, 0xE4, 0x9B, 0x2A, 0x71,
    0xF8, 0xB0, 0x4B, 0x2D, 0x78, 0x39, 0x73, 0x3C, 0x99, 0x9A, 0x70, 0x15, 0xE4, 0xD3, 0x91, 0x5C,
    0xCF, 0x76, 0x38, 0xCB, 0x59, 0x1D, 0xDC, 0x64, 0xDA, 0x5F, 0x22, 0xFC, 0x29, 0x53, 0x1E, 0xED,
    0xE7, 0x2C, 0x5C, 0x48, 0xDC, 0x23, 0x22, 0x61, 0x38, 0x07, 0xFA, 0xE5, 0xF5, 0x85, 0x25, 0x81,
    0x8D, 0x1C, 0x7A, 0xC4, 0xBD, 0xEE, 0xCA, 0x25, 0x53, 0xF7, 0x74, 0xE9, 0xAF, 0x9B, 0x2B, 0x58,
    0x29, 0x6B, 0x5E, 0x85, 0x08, 0x3D, 0x25, 0x0D, 0xE9, 0x3D, 0x33, 0x10, 0x37, 0x87, 0x47, 0x16,
    0xE1, 0x9E, 0x2A, 0xCD, 0xF1, 0x82, 0xF8, 0x39, 0x13, 0x98, 0xD3, 0x5C, 0x5E, 0x63, 0x2C, 0xF8,
    0x1A, 0x83, 0x63, 0xDC, 0x89, 0xE7, 0x0B, 0xD1, 0xF5, 0xB3, 0x22, 0xE7, 0x6B, 0x56, 0x1B, 0x36,
    0xDD, 0x78, 0x9D, 0xBA, 0xC1, 0xCA, 0xF8, 0x29, 0x6C, 0x5F, 0x1F, 0x69, 0xAA, 0xD0, 0x27, 0xDD,
    0x9E, 0x2D, 0xFA, 0xA3, 0x37, 0xD1, 0xC2, 0xFC, 0x3D, 0x82, 0x62, 0xA5, 0x60, 0x06, 0x11, 0xA0,
    0x01, 0x4F, 0x80, 0x8A, 0x15, 0x47, 0x5C, 0x47, 0x38, 0x4D, 0x19, 0xBC, 0xE1, 0xF1, 0x05, 0xFA,
    0x52, 0x19, 0xCD, 0xCE, 0x2A, 0x7E, 0x99, 0x15, 0x9A, 0x21, 0x94, 0x88, 0x06, 0xB8, 0xCF, 0x4F,
    0xCE, 0xCE, 0x2A, 0xBF, 0x59, 0xF9, 0x0C, 0x74, 0x8D, 0x0C, 0x8D, 0x69, 0xB7, 0xAB, 0x76, 0x42,
    0xEE, 0x30, 0xED, 0x41, 0x9D, 0x3A, 0x5C, 0xE4, 0x5E, 0xFF, 0x5D, 0xCC, 0x15, 0xBE, 0x86, 0xF9,
    0x53, 0x6E, 0x91, 0xB4, 0xA7, 0x3A, 0x5C, 0x13, 0x10, 0x3C, 0x6F, 0xC1, 0x74, 0x1A, 0x8C, 0x32,
    0x33, 0xB5, 0xCA, 0xD0, 0x54, 0x6C, 0xCE, 0xDB, 0x59, 0x75, 0x80, 0xB1, 0x9E, 0x5D, 0xD1, 0xB7,
    0x17, 0x0F, 0xAC, 0xD7, 0xC7, 0x03, 0xEB, 0x9B, 0xD5, 0x6F, 0x22, 0xDD, 0x5B, 0xFC, 0xFA, 0xCE,
    0x04, 0xF1, 0x4D, 0x31, 0x65, 0x88, 0xA4, 0x95, 0x8B, 0x78, 0x50, 0x64, 0xD9, 0xE3, 0xD7, 0x88,
    0x4E, 0x34, 0xDD, 0x0F, 0x5E, 0x5E, 0x45, 0x8B, 0x55, 0xC4, 0xDC, 0x62, 0x1D, 0xBC, 0x8B, 0xAB,
    0xFB, 0x96, 0xC0, 0x0E, 0xD5, 0x4F, 0xFB, 0xC9, 0xBB, 0xCC, 0x4E, 0xC3, 0x50, 0x37, 0xBA, 0x83,
    0x79, 0x3B, 0x1C, 0x95, 0x00, 0x33, 0x37, 0x2F, 0x31, 0xA3, 0x32, 0x29, 0x56, 0x3B, 0xF7, 0x1A,
    0x00, 0xF6, 0x64, 0x4B, 0x7B, 0x04, 0xEB, 0xD9, 0xD9, 0xAD, 0x8B, 0xCC, 0x5C, 0x07, 0x33, 0x13,
    0x98, 0x59, 0xC8, 0x8C, 0xA5, 0xC2, 0x4B, 0x06, 0x2B, 0x16, 0xAA, 0xFC, 0xF3, 0x1E, 0x84, 0x50,
    0xF1, 0xF2, 0x75, 0x3F, 0xF9, 0x42, 0x3F, 0xB2, 0x1D, 0x12, 0x3B, 0xC7, 0x43, 0x1C, 0x5F, 0x1B,
    0x69, 0x7E, 0x3F, 0x4C, 0xC1, 0x8A, 0x2D, 0x8F, 0x51, 0xF0, 0xFD, 0xEA, 0x8E, 0x0B, 0xDE, 0x4C,
    0x83, 0x1B, 0x75, 0x93, 0x9D, 0xBB, 0x7E, 0xC1, 0x29, 0x7C, 0x7D, 0xF4, 0xB5, 0x55, 0xA9, 0x3A,
    0xDE, 0xE1, 0x00, 0x61, 0x1F, 0x40, 0xCC, 0x5A, 0x7D, 0x6B, 0x05, 0x7D, 0xF7, 0x34, 0xA8, 0x2A,
    0xC2, 0xB9, 0x65, 0x56, 0x8B, 0x26, 0xD3, 0xB5, 0x24, 0x94, 0x99, 0x1D, 0x4A, 0xAF, 0x27, 0xB2,
    0x2A, 0xB8, 0xC9, 0xB6, 0xEB, 0x1A, 0x43, 0xDD, 0x2F, 0x72, 0x4D, 0x88, 0x80, 0xD5, 0x60, 0x70,
    0x49, 0xAA, 0x0D, 0x46, 0xC1, 0x96, 0x27, 0xCF, 0x74, 0xDB, 0xDF, 0xA9, 0x2E, 0x69, 0x20, 0x94,
    0x9F, 0x88, 0xA1, 0x46, 0x99, 0x16, 0x7F, 0x37, 0xC1, 0xFE, 0x6F, 0xFC, 0xEB, 0x6B, 0x06, 0xFF,
    0xFA, 0xC7, 0xBA, 0x18, 0x58, 0x69, 0x17, 0x56, 0xC4, 0x54, 0x76, 0x4D, 0x3E, 0xD7, 0x7D, 0xD9,
    0xE7, 0x63, 0xE9, 0xE2, 0xE9, 0xCA, 0xA5, 0xF3, 0x57, 0xE8, 0x13, 0x87, 0xCB, 0xDD, 0x16, 0x2B,
    0x7E, 0x7E, 0xFE, 0x0B, 0x01, 0xE9, 0x8C, 0xAF, 0x49, 0xE0, 0x42, 0x99, 0xC0, 0x9F, 0x94, 0x0E,
    0xBC, 0x95, 0x0E, 0x3E, 0xE3, 0x1A, 0xBF, 0xCA, 0x39, 0x0F, 0x8B, 0x0D, 0x05, 0xDC, 0xED, 0x6D,
    0xE6, 0xAD, 0xB7, 0x7A, 0x64, 0x80, 0x5B, 0xC1, 0x9D, 0x6C, 0x96, 0x71, 0xAF, 0xE8, 0x0D, 0x90,
    0x63, 0x9A, 0xF0, 0x3E, 0x92, 0xE6, 0xF4, 0x94, 0x32, 0xD2, 0xAF, 0x19, 0x0E, 0xC3, 0xAB, 0xBA,
    0xFD, 0x9B, 0x58, 0xC6, 0x42, 0x27, 0xFA, 0x44, 0x70, 0x1A, 0x50, 0x6D, 0x59, 0xE5, 0x59, 0xFA,
    0xF6, 0x38, 0x5D, 0x5C, 0xD5, 0x06, 0x67, 0x24, 0x68, 0xDB, 0x23, 0x74, 0xBC, 0x4F, 0x88, 0xD3,
    0xF6, 0x38, 0xF4, 0xA9, 0x5E, 0xA1, 0xC4, 0xCD, 0x46, 0xE9, 0x49, 0x0F, 0xA5, 0xB5, 0x0A, 0x26,
    0x73, 0x3E, 0x26, 0x83, 0x36, 0x9C, 0xDB, 0x46, 0x86, 0xFC, 0xFB, 0xB6, 0xD9, 0x0D, 0xA7, 0x1F,
    0xD0, 0xA3, 0x48, 0xC3, 0xE1, 0x8B, 0xDB, 0x8F, 0x3C, 0xCA, 0x62, 0x3F, 0x88, 0x68, 0x6B, 0x79,
    0xC5, 0xCA, 0xE4, 0xAF, 0x33, 0x87, 0x24, 0x77, 0x84, 0x49, 0x29, 0xC5, 0x88, 0xA4, 0x27, 0xF8,
    0x8A, 0xC4, 0x8A, 0x82, 0x70, 0x61, 0x62, 0xD1, 0xF9, 0x97, 0x43, 0x3D, 0x4B, 0x8B, 0xB2, 0x66,
    0xF8, 0x9E, 0x02, 0x4E, 0x6B, 0x1F, 0x50, 0x30, 0xCA, 0x56, 0x71, 0x0F, 0x67, 0x68, 0xB7, 0x93,
    0x8C, 0x86, 0x1D, 0x4D, 0xA5, 0x61, 0xDF, 0x6B, 0xF6, 0xD5, 0x45, 0x36, 0xE0, 0x85, 0x2B, 0xAE,
    0xF9, 0x91, 0x2F, 0xC1, 0x84, 0x27, 0x4E, 0x9D, 0x92, 0x89, 0x3F, 0x93, 0x4E, 0x21, 0xBE, 0x59,
    0x85, 0x9A, 0x42, 0xD7, 0xB2, 0x16, 0x73, 0x02, 0xC3, 0xFD, 0x9A, 0x7D, 0x3C, 0x0A, 0x33, 0xBA,
    0xE4, 0xF8, 0x65, 0x25, 0x6E, 0x2E, 0xF0, 0x12, 0x66, 0xBE, 0x84, 0xE1, 0x70, 0xC0, 0x2C, 0xEC,
    0x40, 0xFF, 0xCC, 0x14, 0xF3, 0x18, 0xA4, 0xDA, 0x71, 0x3D, 0x3B, 0xF6, 0x6D, 0x67, 0x1C, 0x8D,
    0x0B, 0x4B, 0x42, 0x5D, 0x77, 0xCF, 0x0A, 0xE5, 0x66, 0x3C, 0xDB, 0xE1, 0x90, 0x37, 0x49, 0xC2,
    0x97, 0x6B, 0xF8, 0x3D, 0xA7, 0x81, 0x27, 0x3B, 0x1B, 0xA4, 0x16, 0xDE, 0xE7, 0xFB, 0xB9, 0x7E,
    0x41, 0xE8, 0x4F, 0x9F, 0xFE, 0x6C, 0x72, 0x5C, 0x10, 0x3F, 0x1F, 0xF7, 0xFA, 0x98, 0x6D, 0x8F,
    0xA7, 0xDB, 0xA0, 0xFC, 0xD1, 0x95, 0xB1, 0xA7, 0x4D, 0xB3, 0x6F, 0x50, 0x96, 0x92, 0x81, 0x66,
    0x66, 0x64, 0x1F, 0x40, 0xBB, 0xE3, 0x7C, 0x15, 0x8A, 0x56, 0xCF, 0x14, 0xCD, 0xFC, 0x5E, 0x54,
    0xB6, 0xED, 0xA7, 0x5B, 0x08, 0xF8, 0x6F, 0x7C, 0xE1, 0xF8, 0x20, 0x3C, 0x6A, 0x7F, 0x09, 0x9C,
    0x7C, 0xFC, 0x1B, 0x47, 0x89, 0xDF, 0xC1, 0x57, 0x12, 0xF3, 0x41, 0x0D, 0xAF, 0x3C, 0xEC, 0x98,
    0x94, 0xAE, 0x78, 0xD8, 0xC8, 0x72, 0xF1, 0xF8, 0x26, 0x62, 0x86, 0x3C, 0x71, 0x55, 0xA2, 0xBA,
    0x8B, 0x74, 0x74, 0x21, 0x28, 0x60, 0x96, 0x1A, 0xD9, 0xE3, 0x4B, 0x32, 0xF9, 0x00, 0xE8, 0x1B,
    0xDC, 0xBF, 0xEB, 0x00, 0x91, 0xC2, 0xE0, 0xF7, 0x7D, 0x86, 0x2C, 0x38, 0x3B, 0x04, 0xAA, 0xB1,
    0x58, 0x54, 0x0B, 0x6E, 0x8B, 0xFF, 0x80, 0xD1, 0x7B, 0x99, 0xC7, 0xDD, 0xF7, 0xF5, 0x99, 0xAC,
    0xEE, 0xB8, 0x94, 0xDD, 0x7E, 0x42, 0x2B, 0xF0, 0x12, 0x0E, 0x9A, 0x87, 0xDA, 0xDB, 0x7E, 0x4E,
    0xF7, 0xFA, 0x23, 0x2A, 0xB0, 0x7D, 0x4E, 0x63, 0x37, 0x14, 0x86, 0xE0, 0xFA, 0x5F, 0x92, 0xE1,
    0x1A, 0xCB, 0xE6, 0x0C, 0xD7, 0xBF, 0x2C, 0x8A, 0xE0, 0xF7, 0xA9, 0x3E, 0x8C, 0xD6, 0x64, 0xBB,
    0xC3, 0x4C, 0x15, 0x5C, 0x78, 0x83, 0xA4, 0x53, 0xCD, 0x3D, 0xDB, 0xC0, 0x83, 0xD9, 0x7B, 0xCD,
    0x20, 0xE4, 0x48, 0xFD, 0x29, 0x2F, 0x76, 0xA2, 0x27, 0x1C, 0x00, 0x0F, 0x46, 0x97, 0xDF, 0x45,
    0x3D, 0x1E, 0xB0, 0xBD, 0xE2, 0x9E, 0x71, 0xC6, 0xD2, 0x70, 0x60, 0x6B, 0x3E, 0x3D, 0x23, 0x66,
    0x67, 0x84, 0x63, 0xAB, 0x94, 0xA7, 0x4B, 0x89, 0x3E, 0xF9, 0x60, 0xDF, 0xDB, 0xAB, 0xA2, 0xD9,
    0xF8, 0xBA, 0xFE, 0x18, 0x97, 0xF8, 0x4C, 0xF1, 0x97, 0x19, 0xD5, 0x7E, 0xB1, 0xCD, 0xC2, 0xC2,
    0x0A, 0xF7, 0x8E, 0x66, 0xDE, 0x0C, 0x5D, 0x9E, 0xF0, 0xF3, 0x8C, 0xA9, 0xA2, 0x85, 0xAA, 0xBE,
    0x3F, 0xE6, 0xEC, 0xA9, 0x8E, 0x96, 0xB8, 0xCD, 0xD6, 0xA3, 0x9F, 0x37, 0x9D, 0xBD, 0xF2, 0x19,
    0x6E, 0xB6, 0x04, 0x03, 0x6F, 0xE9, 0x0E, 0x51, 0xFE, 0xAD, 0x11, 0xC8, 0xAA, 0xF9, 0x64, 0x46,
    0x93, 0x21, 0x33, 0x42, 0x9A, 0x19, 0x99, 0x23, 0xBF, 0x60, 0xE3, 0x5F, 0x6C, 0xE9, 0x08, 0xA3,
    0x83, 0x88, 0x32, 0x95, 0x37, 0xB8, 0xD5, 0x79, 0x68, 0x5F, 0xD3, 0xE5, 0x17, 0x66, 0xEC, 0xCB,
    0x32, 0xEB, 0x31, 0xAE, 0xB3, 0x0C, 0x59, 0x08, 0x48, 0x46, 0xEC, 0x2E, 0xB1, 0x34, 0x7C, 0x6F,
    0x21, 0x3F, 0x62, 0xFC, 0xF6, 0x3E, 0xA3, 0xFD, 0x8F, 0xB8, 0x5F, 0xA0, 0xFB, 0x2C, 0xEC, 0xB8,
    0xEA, 0x9B, 0x21, 0x0A, 0x27, 0xB4, 0x8C, 0x75, 0xCF, 0xCD, 0x6E, 0x7F, 0x48, 0xEB, 0x3E, 0x01,
    0xAA, 0x29, 0x4A, 0xE4, 0x81, 0xA0, 0xF8, 0xA5, 0xDB, 0xF0, 0x26, 0x09, 0x7B, 0xF9, 0x25, 0x31,
    0x21, 0xE3, 0x6B, 0xDD, 0xBA, 0xF1, 0x59, 0x2C, 0x9F, 0x70, 0x84, 0xFE, 0x04, 0x9E, 0xDE, 0xB7,
    0x9E, 0x32, 0x5B, 0xF0, 0x96, 0x20, 0x11, 0x6A, 0x99, 0x81, 0x2E, 0x09, 0xB6, 0x55, 0x58, 0x80,
    0xBB, 0x7F, 0xF6, 0x78, 0xAA, 0xD4, 0x19, 0x34, 0xB4, 0xEF, 0xDD, 0x0E, 0xD5, 0xF7, 0xC2, 0x6C,
    0x97, 0x4B, 0xCE, 0xD4, 0xF8, 0x11, 0xF2, 0xAB, 0xB4, 0xFB, 0x77, 0x69, 0x1F, 0xA7, 0x8F, 0xDF,
    0x8C, 0x37, 0xF8, 0xFF, 0xE5, 0x5C, 0x3D, 0xAC, 0xDD, 0x46, 0x76, 0x1E, 0x92, 0x92, 0xE8, 0x84,
    0x05, 0x55, 0x58, 0xF0, 0xAE, 0x05, 0x98, 0x6E, 0x02, 0x6C, 0x80, 0x64, 0x99, 0xD2, 0x4D, 0x4C,
    0xDA, 0x2E, 0x5C, 0xA8, 0xB0, 0x0A, 0x5D, 0x6F, 0xE1, 0x42, 0x5B, 0xB8, 0x48, 0xF7, 0x9A, 0x2D,
    0x52, 0x64, 0x45, 0x62, 0xB7, 0x48, 0x69, 0x21, 0x88, 0xD3, 0x26, 0xC5, 0x16, 0x41, 0x02, 0xC4,
    0x29, 0x5C, 0x6C, 0x61, 0x9B, 0x5C, 0xAB, 0xD8, 0x62, 0x0B, 0xD3, 0x0E, 0x82, 0x94, 0xE6, 0x02,
    0x32, 0x90, 0x38, 0x85, 0xB8, 0x58, 0x2A, 0xA1, 0x6C, 0x92, 0x93, 0x73, 0xBE, 0x73, 0x86, 0x97,
    0xF7, 0xBE, 0xF7, 0x64, 0xFD, 0xF9, 0x59, 0xEF, 0xE5, 0xE2, 0xDD, 0x39, 0xF7, 0xDD, 0x4B, 0x0E,
    0x67, 0xCE, 0x39, 0x73, 0xE6, 0xFC, 0x8E, 0x31, 0xD6, 0xDA, 0xD2, 0xD0, 0xEB, 0x38, 0x78, 0xDC,
    0x2B, 0xB0, 0xDD, 0x0E, 0x0C, 0x6D, 0x0F, 0x18, 0xDB, 0x71, 0x07, 0xA6, 0x77, 0x66, 0xC0, 0xEC,
    0x13, 0x0B, 0x58, 0xBC, 0x21, 0xB0, 0x8A, 0xF4, 0x39, 0x81, 0xAD, 0x09, 0x78, 0x53, 0x60, 0x1B,
    0x82, 0xFE, 0xE8, 0xDB, 0x96, 0xBB, 0x1D, 0x3D, 0x74, 0x1C, 0xF6, 0x06, 0x1D, 0x47, 0x9D, 0xA9,
    0x06, 0xEE, 0xF6, 0xEE, 0xA6, 0xE2, 0x8E, 0x13, 0x1A, 0xDF, 0xC4, 0xDD, 0x12, 0x9C, 0x15, 0x72,
    0xC7, 0x55, 0x4E, 0x4F, 0xCE, 0xA9, 0x5B, 0x1E, 0x41, 0x0D, 0x18, 0x11, 0xF4, 0x67, 0x1E, 0x69,
    0x6B, 0xC2, 0x59, 0x46, 0x5A, 0x51, 0xE7, 0x95, 0xB5, 0x79, 0x45, 0x9F, 0xED, 0x0A, 0xFA, 0xE8,
    0xF5, 0x70, 0x7B, 0xEC, 0xCB, 0xDB, 0x60, 0x32, 0x3C, 0xC6, 0x08, 0x23, 0x49, 0xEF, 0x1D, 0xD0,
    0xF3, 0xB3, 0x86, 0xA7, 0x55, 0x74, 0x3E, 0xB5, 0x19, 0xB5, 0x8D, 0xF9, 0xC3, 0xD2, 0x97, 0x09,
    0x72, 0x7B, 0xD9, 0x52, 0x1B, 0x5A, 0x6E, 0x13, 0xFB, 0x37, 0xD4, 0x66, 0x23, 0x7F, 0x5F, 0x0C,
    0xDC, 0x56, 0x3D, 0xDA, 0x81, 0x11, 0x52, 0x8C, 0x11, 0x8D, 0x1A, 0x93, 0x2B, 0x53, 0x3B, 0x16,
    0xB6, 0x0E, 0x6D, 0x97, 0xD2, 0x63, 0x36, 0xC6, 0xBB, 0x4A, 0xBD, 0xFD, 0xD8, 0xF8, 0x39, 0x8F,
    0xA2, 0x37, 0x21, 0x63, 0xD1, 0x8C, 0x26, 0x06, 0xB4, 0x79, 0x01, 0xEC, 0x16, 0x56, 0xB0, 0x9D,
    0xD9, 0x59, 0xA9, 0x32, 0xC8, 0xB0, 0xED, 0xCD, 0xFF, 0x4F, 0x54, 0xAD, 0xCD, 0x0B, 0x74, 0x25,
    0x21, 0x92, 0xDA, 0xDE, 0xDC, 0xA0, 0x01, 0x4D, 0xDE, 0xC4, 0x58, 0xC0, 0x74, 0x40, 0x3D, 0x7A,
    0x16, 0x8F, 0x34, 0x9C, 0x9F, 0x32, 0x0A, 0x3F, 0x30, 0x45, 0x3E, 0x57, 0x8A, 0xBC, 0xA3, 0x14,
    0xB9, 0xC2, 0x08, 0xA3, 0x81, 0x87, 0x42, 0x91, 0xD9, 0x51, 0x44, 0x07, 0x49, 0x94, 0x00, 0x45,
    0x06, 0xB3, 0x43, 0x91, 0xB8, 0xA3, 0x31, 0xA2, 0x5B, 0xC1, 0x4D, 0xBA, 0xA2, 0x08, 0x77, 0x9C,
    0xBD, 0xBB, 0xB9, 0xBE, 0x50, 0xA4, 0x5C, 0x28, 0xE1, 0x81, 0x02, 0xB5, 0x09, 0x26, 0xA1, 0xC8,
    0x65, 0x7A, 0xF8, 0x65, 0xE2, 0xB5, 0x7D, 0x4A, 0x38, 0x28, 0x43, 0x15, 0xE0, 0xCB, 0x04, 0x4C,
    0x24, 0x13, 0x33, 0x89, 0x4C, 0xD4, 0xA4, 0x0A, 0x33, 0x9D, 0x79, 0xAA, 0x33, 0x8F, 0x30, 0x01,
    0x7A, 0x5D, 0x7B, 0x10, 0xEA, 0x34, 0x4A, 0x9D, 0x0B, 0xF9, 0x8A, 0x3A, 0x07, 0x6B, 0xEA, 0xBC,
    0xBA, 0xA5, 0x4E, 0xBF, 0x4B, 0x9D, 0x16, 0xD4, 0xE9, 0x94, 0x3A, 0x89, 0x1D, 0xAB, 0x15, 0x75,
    0x42, 0x8C, 0x2A, 0x05, 0x72, 0x2B, 0xCC, 0x63, 0x16, 0x3A, 0x49, 0x3B, 0xA1, 0xC5, 0x3F, 0xB2,
    0xE6, 0x2E, 0x61, 0xB6, 0x7E, 0x2B, 0x54, 0x93, 0xA9, 0x64, 0xB2, 0x1A, 0x65, 0x62, 0x01, 0x08,
    0x62, 0x62, 0xA1, 0x63, 0x22, 0x93, 0xFC, 0x83, 0x85, 0x09, 0x7F, 0x81, 0x79, 0x7E, 0x31, 0x60,
    0xA2, 0x4C, 0x9B, 0x4C, 0x00, 0x3D, 0xA9, 0x18, 0x71, 0x73, 0x3C, 0x39, 0x1A, 0xF0, 0x62, 0x21,
    0x92, 0x24, 0xFC, 0x78, 0x6B, 0x78, 0xBC, 0x34, 0xC4, 0x8C, 0xC1, 0x45, 0x93, 0x89, 0x38, 0x53,
    0x50, 0xDC, 0x07, 0x64, 0xCA, 0x51, 0x56, 0xD1, 0x2F, 0xE3, 0x12, 0x76, 0xC2, 0x32, 0xFC, 0x9E,
    0x61, 0xEC, 0x98, 0x9F, 0x62, 0xBA, 0xBE, 0xE5, 0x4D, 0xE3, 0xCB, 0x6A, 0x96, 0x91, 0x09, 0x41,
    0xC0, 0x73, 0x95, 0xBD, 0xB7, 0x5D, 0x48, 0xC6, 0xFC, 0x92, 0xD1, 0x30, 0xB9, 0xB5, 0x16, 0x4F,
    0x0E, 0x0F, 0x15, 0xCF, 0x78, 0x16, 0x69, 0x46, 0xAF, 0x7C, 0x59, 0x81, 0x9B, 0x9C, 0x1F, 0x3B,
    0x71, 0x47, 0xB6, 0x26, 0x9C, 0xDA, 0x8E, 0x58, 0x2F, 0xED, 0x93, 0x99, 0xEE, 0xCB, 0x46, 0xA2,
    0x1A, 0x37, 0x1D, 0xB1, 0x6D, 0xD2, 0x40, 0x9A, 0x6C, 0x9B, 0x62, 0x74, 0x0D, 0xE6, 0x92, 0xDA,
    0xD2, 0x6B, 0x63, 0xFB, 0xD5, 0x7B, 0x3D, 0xD3, 0xBE, 0xF7, 0x30, 0xBE, 0x14, 0xA3, 0xDB, 0xE0,
    0x71, 0x42, 0x8E, 0xC0, 0xC9, 0xCA, 0xD2, 0x2C, 0x72, 0xC1, 0x60, 0x46, 0x34, 0xC9, 0x2B, 0xDC,
    0x5B, 0x38, 0x78, 0x8C, 0x8D, 0xA0, 0x36, 0x7F, 0x7A, 0xC6, 0xA8, 0x93, 0x61, 0xAE, 0xB5, 0xCA,
    0x9B, 0x88, 0x59, 0x17, 0xA8, 0xCF, 0x3E, 0xE5, 0x0E, 0x4C, 0x56, 0x13, 0x8E, 0x68, 0x8B, 0xB9,
    0x68, 0xBC, 0x1D, 0x21, 0x79, 0x62, 0x24, 0xF2, 0x27, 0xA5, 0x4D, 0x2E, 0xD3, 0xAD, 0x57, 0x40,
    0xBF, 0xF4, 0xA7, 0x3D, 0xF1, 0x7D, 0x56, 0x68, 0x53, 0x95, 0x2A, 0x24, 0x40, 0x1B, 0x6D, 0x5A,
    0xFD, 0x61, 0xFF, 0x75, 0x72, 0x8B, 0x46, 0xD6, 0x4C, 0xC9, 0x5B, 0x2C, 0xCB, 0x70, 0x2C, 0x0C,
    0x7B, 0x65, 0xDA, 0x2E, 0x1A, 0xB7, 0x84, 0x14, 0x01, 0xBA, 0xC5, 0x7A, 0xC3, 0xD9, 0x24, 0x13,
    0x96, 0x06, 0x16, 0x89, 0x35, 0xA4, 0x84, 0x65, 0x9F, 0x59, 0x25, 0x44, 0xC4, 0xB7, 0x08, 0xC1,
    0x70, 0x57, 0xF1, 0x9D, 0x12, 0x2C, 0xCA, 0xCD, 0x9F, 0x60, 0xBF, 0xE7, 0xAD, 0x9B, 0x68, 0x12,
    0x8F, 0x10, 0x6F, 0xB2, 0xD7, 0x56, 0xB2, 0xA0, 0x14, 0x23, 0xB1, 0x6C, 0xD0, 0x7E, 0x77, 0x88,
    0xC9, 0x18, 0x0F, 0xBF, 0x50, 0xE5, 0xA0, 0x14, 0xD0, 0x53, 0x27, 0x77, 0xDF, 0xA2, 0x9D, 0x98,
    0x35, 0xBD, 0xC2, 0xE6, 0x0C, 0x08, 0x97, 0x0C, 0x68, 0xEE, 0x0C, 0x7C, 0xDB, 0x31, 0xF0, 0x78,
    0x68, 0x1D, 0xEF, 0x8E, 0x02, 0xC6, 0x35, 0xA8, 0x76, 0xC0, 0xEE, 0x6F, 0xEE, 0x86, 0x5E, 0x7A,
    0xE9, 0x56, 0x5D, 0x87, 0xF2, 0xA0, 0x58, 0x1E, 0x5B, 0xCC, 0x32, 0x96, 0x01, 0x5A, 0x0C, 0xEF,
    0xF2, 0xA2, 0xCC, 0x10, 0x98, 0x73, 0xD1, 0x82, 0xED, 0xAB, 0x3D, 0x66, 0xFD, 0xC6, 0x28, 0x80,
    0x71, 0x71, 0x60, 0x5F, 0xC7, 0xC6, 0x64, 0x5F, 0x9D, 0xA1, 0x6D, 0xBC, 0x32, 0xAE, 0xC1, 0x6B,
    0xD0, 0x5B, 0xED, 0xEB, 0x44, 0xC6, 0x4D, 0x64, 0xAF, 0xD4, 0xE8, 0xFB, 0x15, 0xD8, 0x4B, 0xC4,
    0x93, 0x81, 0x00, 0xA6, 0x1C, 0x01, 0x62, 0xCF, 0x88, 0x95, 0x91, 0x49, 0xC0, 0x08, 0x50, 0x08,
    0xA8, 0xEE, 0x03, 0xF4, 0x92, 0x4C, 0xF8, 0x3C, 0x63, 0x3E, 0xE7, 0xCE, 0xCA, 0x82, 0x90, 0xCC,
    0x8A, 0x99, 0xFD, 0x4F, 0x7E, 0xD0, 0xEF, 0x79, 0x71, 0x54, 0xF6, 0xE7, 0x0C, 0xCE, 0x5F, 0x33,
    0xAA, 0xB4, 0xFD, 0x97, 0x00, 0x5E, 0x2D, 0x56, 0xA6, 0x5B, 0x4D, 0x6F, 0x32, 0x75, 0xA8, 0xD3,
    0x04, 0xFA, 0x26, 0x24, 0x07, 0xB3, 0x0B, 0x21, 0x86, 0x01, 0x3D, 0x94, 0x41, 0x81, 0x65, 0xC6,
    0x4F, 0x03, 0xB0, 0x97, 0xAA, 0x69, 0x43, 0x80, 0x71, 0x96, 0xA7, 0xB6, 0x58, 0x01, 0x5A, 0x2F,
    0x72, 0xC9, 0xCE, 0x0D, 0x72, 0x7B, 0x31, 0xAE, 0xBA, 0xF6, 0xE4, 0x41, 0xA2, 0xE6, 0x62, 0x61,
    0xF1, 0x58, 0x66, 0xAC, 0x1B, 0x62, 0x94, 0xD8, 0x21, 0xCB, 0xAA, 0x35, 0x12, 0x41, 0x80, 0xAF,
    0xDA, 0x4B, 0xD7, 0xED, 0xDF, 0x0A, 0xBD, 0x76, 0xDB, 0xF5, 0x35, 0x1B, 0x6E, 0x53, 0xF4, 0x84,
    0xFE, 0x84, 0x04, 0x42, 0x01, 0x21, 0x80, 0xE0, 0x5F, 0xD0, 0x2F, 0xA8, 0xAD, 0x8E, 0x69, 0xE5,
    0x57, 0xC1, 0xBB, 0xA0, 0x5D, 0xB0, 0x8E, 0x91, 0xDE, 0x56, 0x9C, 0x0B, 0xCA, 0x05, 0xE3, 0x09,
    0x16, 0xCC, 0xE1, 0xF6, 0xC8, 0x95, 0x62, 0xEB, 0x55, 0xDB, 0x10, 0x6B, 0xBE, 0x29, 0x5C, 0x9B,
    0xA1, 0x8D, 0xC1, 0xC8, 0x11, 0xDA, 0xF0, 0x1F, 0xC4, 0x4E, 0xA2, 0x36, 0x68, 0xB8, 0x8D, 0xD0,
    0xC6, 0xDC, 0x32, 0x23, 0xEF, 0xB6, 0x77, 0x0F, 0x56, 0xD7, 0x84, 0x68, 0xE5, 0x5E, 0xB5, 0xB7,
    0x02, 0x2C, 0x98, 0x08, 0x6D, 0xDC, 0x07, 0x96, 0x8C, 0xAD, 0x1E, 0x63, 0xE8, 0xD6, 0x2D, 0xCB,
    0x9D, 0x72, 0xBF, 0x39, 0xF2, 0xC5, 0x52, 0xE4, 0xF2, 0x8E, 0xA4, 0x62, 0x04, 0xF6, 0xC9, 0x44,
    0x2C, 0x4E, 0x58, 0xD6, 0x86, 0x59, 0x85, 0x14, 0xE6, 0xA5, 0x99, 0x36, 0x9B, 0xAB, 0xBB, 0x92,
    0xEA, 0x22, 0x4B, 0xAA, 0x9E, 0x25, 0xD5, 0xB8, 0x48, 0xAA, 0x86, 0x48, 0x39, 0xE9, 0x33, 0xBE,
    0x67, 0x0C, 0x59, 0x40, 0x2F, 0x1B, 0xD3, 0xB3, 0x5E, 0x12, 0xD0, 0xA4, 0xD2, 0x86, 0x8D, 0x83,
    0x98, 0x2F, 0x63, 0x26, 0xAA, 0xB1, 0x68, 0x79, 0x48, 0x07, 0xFD, 0xA9, 0x43, 0xF7, 0xFB, 0x26,
    0x2C, 0x69, 0x9F, 0x88, 0x6A, 0x33, 0x99, 0x84, 0xD0, 0x5D, 0x16, 0x39, 0x0F, 0xDB, 0x08, 0x02,
    0xB0, 0x59, 0x78, 0x7B, 0x1B, 0xFB, 0x49, 0x21, 0xDE, 0x24, 0xB0, 0x44, 0x60, 0x92, 0x1B, 0x71,
    0x7F, 0x48, 0x2B, 0xDF, 0xC8, 0xAF, 0xA7, 0x0A, 0xD9, 0x0F, 0xAF, 0x3B, 0x9D, 0x00, 0x9E, 0xEF,
    0x87, 0xB7, 0xB4, 0xDB, 0xC7, 0x9B, 0xC7, 0xB3, 0xF6, 0x6F, 0x6E, 0xF1, 0xF0, 0xE0, 0x18, 0xF3,
    0x72, 0x60, 0xCC, 0xFB, 0xC7, 0x2D, 0xC6, 0x14, 0x6F, 0xD8, 0x43, 0x93, 0xE3, 0xF0, 0x06, 0x3A,
    0xA7, 0xD8, 0xFB, 0xA1, 0xAC, 0xC5, 0x62, 0xF2, 0xE2, 0xEB, 0xAC, 0x13, 0xD2, 0xB7, 0x8B, 0x85,
    0x2E, 0xF6, 0x92, 0x77, 0x6D, 0x41, 0xE0, 0xBC, 0x8B, 0xC0, 0x62, 0x48, 0x16, 0xDC, 0x41, 0xB5,
    0x2B, 0x76, 0x71, 0x57, 0x2D, 0xB8, 0x2B, 0x26, 0xD5, 0xCA, 0x5E, 0x4C, 0x6D, 0xED, 0x0F, 0xBB,
    0x08, 0xE4, 0x1D, 0x97, 0xB7, 0x80, 0xB7, 0xE0, 0xAE, 0x60, 0xC5, 0x32, 0x63, 0x65, 0x05, 0x0F,
    0xE7, 0xC6, 0x83, 0x7B, 0x01, 0xC2, 0xAB, 0xE0, 0xEB, 0xCE, 0x5F, 0x75, 0x64, 0x25, 0x5B, 0xED,
    0x5F, 0xF9, 0xEA, 0x90, 0x8D, 0x9A, 0x81, 0x27, 0x10, 0xAE, 0x65, 0x88, 0x30, 0xB7, 0x78, 0x1D,
    0xA2, 0xFA, 0xD4, 0xB1, 0xF8, 0xE3, 0xE8, 0x9D, 0x27, 0x22, 0x54, 0xCC, 0x87, 0xA2, 0x46, 0x5A,
    0xDD, 0xEB, 0x55, 0xC5, 0xEC, 0xC4, 0x4F, 0x39, 0x62, 0xCE, 0x7F, 0x3D, 0xC3, 0x4B, 0xC8, 0xEE,
    0x25, 0xE3, 0x35, 0x26, 0x56, 0xB5, 0xFA, 0x6D, 0xE8, 0xA4, 0xC3, 0x28, 0x2A, 0xB7, 0xA8, 0x70,
    0x0C, 0xE8, 0x9D, 0xB2, 0x92, 0xC7, 0x9A, 0x1F, 0x4C, 0x03, 0xEA, 0x5C, 0x1D, 0x85, 0x30, 0x0D,
    0x8A, 0x1C, 0x2A, 0x6C, 0x96, 0x43, 0x31, 0xFE, 0xA3, 0x6F, 0x32, 0x0D, 0x68, 0xC8, 0x93, 0x82,
    0x6C, 0x76, 0x80, 0xFD, 0x4D, 0xCC, 0x8B, 0x01, 0x7B, 0x80, 0x58, 0xC3, 0x2B, 0xD9, 0x34, 0x20,
    0x10, 0x41, 0xEF, 0x2C, 0x03, 0x1A, 0x3A, 0xB1, 0x3E, 0x5D, 0xFD, 0x25, 0xD4, 0x2C, 0xD1, 0x85,
    0x49, 0x0D, 0x98, 0x89, 0x0A, 0xF4, 0x6D, 0x9B, 0x95, 0x4E, 0x3F, 0x63, 0xCF, 0xA3, 0x63, 0x55,
    0x21, 0x08, 0x68, 0x63, 0x92, 0xAF, 0x81, 0xC4, 0x8F, 0x2D, 0x1C, 0x20, 0xB4, 0x0F, 0xD0, 0x8E,
    0x17, 0x87, 0xFC, 0x8B, 0x97, 0x80, 0x29, 0xB3, 0xD1, 0x31, 0xE8, 0x66, 0xF3, 0x75, 0xCF, 0xDA,
    0x4E, 0x0B, 0xF6, 0xE9, 0xE0, 0xC4, 0x1A, 0xF8, 0xF9, 0x15, 0x2B, 0x58, 0x3C, 0x33, 0x42, 0xC8,
    0xF2, 0x47, 0xC6, 0x43, 0xCA, 0xCA, 0x0C, 0x77, 0x10, 0xDB, 0x2F, 0xE8, 0xCA, 0x40, 0x96, 0x35,
    0xD4, 0x25, 0x7F, 0xB6, 0xB7, 0x69, 0x08, 0xC3, 0x56, 0xC7, 0x8F, 0xD1, 0x5B, 0x28, 0x53, 0xA8,
    0x84, 0xCD, 0x61, 0x89, 0x8C, 0xF4, 0x65, 0x97, 0x0D, 0xCC, 0x95, 0x45, 0x8F, 0x96, 0xBB, 0x6A,
    0x09, 0x59, 0x89, 0x2E, 0x08, 0xF5, 0x18, 0x7A, 0xA2, 0xCC, 0x9D, 0xDF, 0xF0, 0xAA, 0xF3, 0x4A,
    0x73, 0x9E, 0xA7, 0xDA, 0x98, 0x84, 0xE6, 0x44, 0x1B, 0x78, 0x06, 0xF3, 0x1C, 0xBE, 0x13, 0x4F,
    0xFD, 0xEA, 0x95, 0x78, 0xC7, 0x44, 0x90, 0x98, 0x0B, 0x73, 0xBE, 0x6B, 0x14, 0x9E, 0x11, 0xCA,
    0xBF, 0xCF, 0x06, 0xB2, 0x19, 0x21, 0x57, 0x3E, 0x82, 0x8F, 0xBE, 0x28, 0xD9, 0x43, 0x8F, 0x0D,
    0x5F, 0x96, 0x29, 0x3B, 0x5B, 0x88, 0xE6, 0xB4, 0xE7, 0x9F, 0x6A, 0x9A, 0xAB, 0x1B, 0xD4, 0xAD,
    0xEF, 0x78, 0x07, 0xE8, 0x97, 0xFE, 0x6C, 0xCE, 0x24, 0x95, 0x45, 0x99, 0xF0, 0x21, 0xD2, 0x82,
    0x55, 0xEB, 0xAB, 0x55, 0x5D, 0x62, 0x4D, 0x9B, 0xD3, 0x4D, 0xDF, 0x33, 0x44, 0x2E, 0xC7, 0x80,
    0x93, 0xD9, 0x7A, 0xEE, 0x8D, 0xC6, 0x4B, 0x14, 0xF8, 0x6A, 0x04, 0x15, 0x22, 0x97, 0x2A, 0xB9,
    0x41, 0x1C, 0x22, 0x81, 0x1A, 0x1D, 0x72, 0x85, 0x38, 0x44, 0x25, 0xFC, 0x26, 0x91, 0x8D, 0x8F,
    0xF0, 0xCD, 0x24, 0x9E, 0x06, 0x04, 0x5F, 0xD4, 0x95, 0x5C, 0x33, 0x1F, 0x64, 0xF9, 0xE9, 0xE6,
    0x03, 0x36, 0x5A, 0x04, 0x35, 0xAD, 0x86, 0x14, 0x7B, 0xB3, 0x0D, 0x7D, 0xE0, 0x79, 0x42, 0xDD,
    0x5E, 0x16, 0x7D, 0x95, 0x8B, 0xDD, 0xF0, 0x92, 0xF1, 0xEB, 0x1D, 0xC5, 0xAA, 0x3E, 0xEA, 0x1D,
    0xD0, 0x58, 0x7D, 0x2B, 0x2E, 0x04, 0x8E, 0x8F, 0x3C, 0x3C, 0xBC, 0xBB, 0xD9, 0x00, 0x8A, 0xAF,
    0xE1, 0x30, 0x7C, 0xD4, 0x7E, 0x05, 0xFA, 0x78, 0x0F, 0x3C, 0xFE, 0x32, 0x3D, 0x62, 0xFC, 0x26,
    0x92, 0xF8, 0x4D, 0xDA, 0xAF, 0x98, 0xDA, 0xB3, 0x1A, 0x1C, 0x02, 0x46, 0xE2, 0xA1, 0x60, 0xB1,
    0x90, 0x35, 0xA0, 0xD2, 0x0B, 0x50, 0x4E, 0xDD, 0x4B, 0x55, 0x52, 0x7F, 0xB9, 0x01, 0xB7, 0x57,
    0xEA, 0x8F, 0x7B, 0x20, 0xB0, 0x01, 0x80, 0x82, 0x11, 0xDB, 0x8C, 0x89, 0x12, 0xDB, 0xCA, 0x22,
    0x82, 0xFA, 0x55, 0x05, 0xB7, 0x4B, 0x1D, 0xC3, 0x9F, 0x94, 0x47, 0x00, 0xE0, 0xF8, 0x47, 0x05,
    0x89, 0x15, 0xDF, 0x1B, 0xB1, 0x8D, 0x1D, 0x68, 0xD4, 0x7D, 0x65, 0x27, 0x05, 0x84, 0x9D, 0x86,
    0x96, 0x5F, 0xBB, 0x82, 0x35, 0x2C, 0x78, 0xF8, 0x76, 0xC5, 0x57, 0x04, 0xF6, 0x57, 0x08, 0x5F,
    0x9D, 0x53, 0x6B, 0x57, 0x70, 0xFF, 0xBA, 0x2D, 0xBC, 0xB7, 0x41, 0xF4, 0x18, 0x97, 0x1D, 0x05,
    0x8F, 0xBB, 0xEF, 0x9B, 0xA0, 0xBC, 0x13, 0x1D, 0xEF, 0xFE, 0x3C, 0x8C, 0xFA, 0x79, 0x76, 0xC0,
    0x25, 0x7B, 0xF7, 0x9A, 0x70, 0xF5, 0xB4, 0x05, 0x85, 0xAA, 0x3A, 0xFB, 0x37, 0xC0, 0x32, 0xB1,
    0x5D, 0x05, 0x09, 0xF9, 0x7B, 0x38, 0x35, 0xEC, 0xD7, 0xB0, 0x56, 0xAD, 0xFD, 0x67, 0xA6, 0x1B,
    0x3D, 0x9D, 0x07, 0xC3, 0x91, 0xED, 0x01, 0xF7, 0x15, 0x8F, 0x0E, 0xD4, 0x17, 0x97, 0xD8, 0x39,
    0x14, 0x96, 0xBD, 0x22, 0x73, 0x62, 0xE0, 0x4F, 0xE6, 0x62, 0x64, 0xDB, 0x0F, 0x68, 0x5A, 0x03,
    0x8D, 0xB9, 0xFB, 0xF3, 0xCB, 0xB6, 0x3D, 0xB7, 0xB2, 0x8C, 0x63, 0x38, 0xA3, 0xE5, 0x7D, 0xDE,
    0x8A, 0x83, 0xF2, 0x89, 0xBD, 0xAB, 0x69, 0xA7, 0x7F, 0xFF, 0x9E, 0xB9, 0x18, 0xDB, 0xE6, 0x97,
    0x34, 0xB4, 0x5E, 0xC7, 0xD2, 0x9C, 0x83, 0x3D, 0xB0, 0x17, 0x96, 0x27, 0x56, 0xF6, 0xF5, 0x6D,
    0x0E, 0xAC, 0x70, 0xFE, 0x83, 0xBF, 0x73, 0xBA, 0x9F, 0x19, 0x75, 0xF4, 0xC5, 0x10, 0xAD, 0xD7,
    0xEF, 0x3D, 0xCB, 0x6F, 0x59, 0xD4, 0xCF, 0xD9, 0xC9, 0xA8, 0xD3, 0xF9, 0x89, 0xBC, 0x59, 0x88,
    0xAC, 0xFB, 0xBF, 0xDF, 0x38, 0xDC, 0x2B, 0xB4, 0xEC, 0xA3, 0x94, 0xB7, 0xC7, 0x6C, 0x9A, 0x3D,
    0xCC, 0x9B, 0x03, 0x28, 0xB6, 0x8D, 0x60, 0xE4, 0xD9, 0xEE, 0x9A, 0xF1, 0xF2, 0xD1, 0x04, 0xED,
    0x87, 0x24, 0xAD, 0x8A, 0xF2, 0x80, 0xC7, 0x40, 0x9B, 0xAA, 0x45, 0xDF, 0x12, 0x8E, 0x3D, 0x79,
    0x1C, 0xBC, 0x4D, 0x9A, 0x32, 0xED, 0x48, 0xCD, 0x87, 0xB4, 0x95, 0xB2, 0x8E, 0xCC, 0x1A, 0x32,
    0x31, 0x2D, 0x8D, 0x9B, 0x97, 0xE5, 0xCD, 0x6F, 0x0D, 0x17, 0x27, 0x39, 0x47, 0x6C, 0x0E, 0xA4,
    0x51, 0x70, 0xA4, 0x32, 0x64, 0x2D, 0x0A, 0x9A, 0x14, 0xEF, 0xC3, 0x13, 0xAE, 0x35, 0x97, 0xA0,
    0x23, 0x47, 0x2C, 0x78, 0xF8, 0x8F, 0x3E, 0xEC, 0xAA, 0xCC, 0x24, 0x52, 0xEA, 0x0A, 0x7F, 0x97,
    0x79, 0xAB, 0xFC, 0xC6, 0xBF, 0xA6, 0xB0, 0x33, 0xC9, 0x7E, 0x16, 0xFF, 0x59, 0x4E, 0xDA, 0x4B,
    0xD4, 0x73, 0x96, 0x45, 0xCA, 0x99, 0x0D, 0x5D, 0x6A, 0x7B, 0xCE, 0xA8, 0x20, 0xB1, 0x55, 0x34,
    0x3A, 0xDA, 0x01, 0x6F, 0x6C, 0x75, 0x45, 0xF9, 0x1D, 0xAD, 0x84, 0x47, 0x9C, 0x1F, 0xD0, 0xCB,
    0x8A, 0xD0, 0xA1, 0x0F, 0xF3, 0x73, 0x90, 0xC2, 0x89, 0x6D, 0xC4, 0xC1, 0x12, 0x49, 0xAC, 0xC8,
    0xB8, 0xA0, 0xD1, 0x49, 0x7E, 0x48, 0x4B, 0xFD, 0x50, 0x75, 0xFA, 0x81, 0x99, 0xB0, 0x74, 0x1F,
    0x10, 0xBD, 0xB2, 0x4D, 0x6C, 0x81, 0x17, 0x12, 0xD3, 0xB3, 0x51, 0xF1, 0x30, 0xE2, 0x43, 0x6A,
    0x25, 0x29, 0xA5, 0xF6, 0x5D, 0x2A, 0x8D, 0xB9, 0x74, 0x55, 0xCC, 0xAA, 0xB4, 0x61, 0x1B, 0xCB,
    0xF6, 0x08, 0xB9, 0x8D, 0xD2, 0xCA, 0x37, 0xF2, 0xEB, 0x71, 0x79, 0x6C, 0x05, 0x33, 0xDA, 0x50,
    0x71, 0x3B, 0x4A, 0x7B, 0x19, 0xF7, 0x22, 0x8D, 0xE6, 0x31, 0x5B, 0x4E, 0x7B, 0x22, 0x02, 0x51,
    0xCB, 0x0C, 0xE8, 0x5A, 0x3C, 0x15, 0xDA, 0x51, 0xD5, 0x6D, 0xB7, 0x45, 0xCD, 0xD1, 0xA9, 0x81,
    0x2B, 0xE3, 0xF2, 0x43, 0x38, 0x51, 0x4C, 0x82, 0xCC, 0xCB, 0x2B, 0x35, 0x2E, 0x53, 0x41, 0xCD,
    0x2B, 0x08, 0x2D, 0x88, 0x0A, 0xEA, 0xF7, 0xB7, 0x92, 0x9B, 0xC4, 0xF3, 0x85, 0x9F, 0x5D, 0x5F,
    0x12, 0xAF, 0x5D, 0xB7, 0x10, 0x2B, 0x2B, 0x97, 0xDB, 0x93, 0x6A, 0x43, 0xF1, 0xAC, 0xC2, 0x81,
    0x97, 0x69, 0xCB, 0x39, 0x70, 0x59, 0xCF, 0x58, 0xC9, 0xFA, 0x48, 0x8C, 0x12, 0x0B, 0x1F, 0xA4,
    0x24, 0xA1, 0xB1, 0x76, 0x2C, 0x86, 0x09, 0x8B, 0x07, 0x56, 0x1C, 0x2B, 0xE8, 0xDC, 0xCC, 0xBC,
    0x65, 0x34, 0x64, 0x4D, 0xD2, 0x44, 0x5D, 0x6A, 0xFC, 0xFE, 0x1C, 0xE2, 0x22, 0xEB, 0xA4, 0x3D,
    0xBB, 0xBC, 0x89, 0x90, 0x06, 0xC6, 0x56, 0xFC, 0x28, 0x6F, 0xC2, 0x5D, 0xC2, 0x6F, 0xC2, 0x79,
    0x3A, 0x4A, 0x5A, 0x0E, 0xEB, 0xA8, 0x44, 0x94, 0xC0, 0x8A, 0xB8, 0x32, 0xED, 0x56, 0x18, 0x14,
    0xBA, 0x68, 0xAB, 0x15, 0x64, 0x11, 0x76, 0xD9, 0xDE, 0x14, 0x1C, 0x8C, 0x82, 0x0B, 0x76, 0x1B,
    0x03, 0x03, 0x8D, 0x40, 0xE6, 0x59, 0x76, 0x8D, 0x4E, 0x82, 0x2B, 0xE4, 0x42, 0x11, 0xE4, 0x9F,
    0x19, 0x8A, 0x1B, 0xD9, 0xFE, 0xAF, 0x9A, 0x4C, 0xE2, 0x86, 0xF6, 0x24, 0xE2, 0x0E, 0x28, 0xAE,
    0xC2, 0xB9, 0x42, 0xAE, 0x10, 0x6B, 0x2C, 0x72, 0x1F, 0xB2, 0x40, 0xD8, 0x91, 0x6A, 0xE5, 0x39,
    0xB0, 0xBD, 0x11, 0x1F, 0x1E, 0xF4, 0xB9, 0x93, 0x58, 0x29, 0x99, 0x04, 0x0C, 0x59, 0x09, 0xC2,
    0xB8, 0x23, 0xC4, 0x34, 0x99, 0xDD, 0xE7, 0xED, 0x62, 0xDA, 0xBE, 0x3E, 0x72, 0x58, 0x2E, 0x15,
    0xD6, 0x3B, 0xD0, 0x77, 0xFB, 0x74, 0xE6, 0xEC, 0x21, 0xBD, 0x4F, 0xD3, 0x50, 0x7C, 0x17, 0x9A,
    0xBA, 0xB9, 0x8A, 0xAC, 0x2B, 0xD0, 0x3D, 0xFE, 0x40, 0x40, 0xF0, 0x30, 0x20, 0xB5, 0x1C, 0x58,
    0x25, 0x61, 0xB9, 0x06, 0x01, 0x2C, 0xE2, 0x9A, 0xF7, 0x13, 0xBE, 0x04, 0x41, 0x8E, 0xDA, 0x22,
    0xF4, 0x71, 0x0B, 0x9E, 0x55, 0xFB, 0x89, 0xE4, 0xA5, 0xDD, 0x91, 0x2C, 0x8D, 0x4F, 0x24, 0xD3,
    0xE7, 0x96, 0x84, 0x43, 0x7E, 0xC5, 0x88, 0xA2, 0x1B, 0x2A, 0x24, 0xF1, 0xD5, 0x8C, 0xA6, 0x90,
    0xA5, 0xD0, 0xA7, 0x34, 0x5C, 0xF6, 0xE9, 0xE6, 0xA2, 0x2E, 0x31, 0x10, 0xD7, 0xFA, 0xDA, 0xB9,
    0xEE, 0x52, 0xE1, 0x74, 0x35, 0x3B, 0x2D, 0xB7, 0xD2, 0x44, 0x37, 0xF9, 0x4F, 0x96, 0xB1, 0x78,
    0xED, 0xE9, 0x86, 0x7A, 0x8D, 0xAF, 0x1F, 0x28, 0x5E, 0x52, 0x84, 0x58, 0xD7, 0x00, 0x7B, 0x40,
    0xC9, 0x43, 0x0A, 0xA7, 0xF5, 0xC4, 0xAA, 0x7A, 0x35, 0xB1, 0xCF, 0xDD, 0xC4, 0xD8, 0xD3, 0x68,
    0x7F, 0x73, 0xE4, 0xC4, 0x8A, 0x59, 0x51, 0xC7, 0x58, 0xA2, 0x89, 0x35, 0xEC, 0x77, 0x0E, 0x91,
    0x96, 0x38, 0x11, 0x63, 0x95, 0x15, 0xA7, 0x9A, 0xAC, 0x26, 0xF6, 0x53, 0x51, 0x34, 0x45, 0xD5,
    0x40, 0x5C, 0x4C, 0x02, 0x05, 0x93, 0xCB, 0x23, 0xE4, 0xF4, 0x49, 0xF1, 0x73, 0xAE, 0x77, 0xC9,
    0x66, 0xB7, 0xF5, 0xBF, 0x25, 0x11, 0xE3, 0x5D, 0xDD, 0x46, 0x1C, 0x24, 0xFA, 0x90, 0x74, 0xDB,
    0x78, 0x44, 0xD5, 0xFA, 0xF6, 0xEE, 0x8F, 0x6C, 0x2B, 0xD1, 0x8A, 0x55, 0x5B, 0x93, 0x72, 0xC5,
    0xBB, 0x7F, 0xC1, 0x12, 0x8A, 0xE8, 0x9B, 0x4E, 0x26, 0xBB, 0x69, 0x9E, 0x31, 0x8A, 0x7E, 0xFA,
    0xA3, 0x6B, 0x92, 0x07, 0xDA, 0x76, 0xEF, 0xF7, 0x47, 0x3D, 0x57, 0x76, 0x16, 0xDB, 0xED, 0x14,
    0xE0, 0x64, 0xE7, 0x95, 0xE0, 0xFF, 0xA2, 0xDB, 0x32, 0xB0, 0xB4, 0x59, 0xBF, 0x65, 0xE2, 0xB8,
    0xDD, 0xB2, 0x30, 0x92, 0xE6, 0x38, 0x5C, 0xFD, 0x6D, 0x21, 0x70, 0x91, 0x44, 0x70, 0x70, 0xF1,
    0xAF, 0xEC, 0x50, 0x22, 0x81, 0x93, 0x71, 0xC0, 0x80, 0x83, 0x73, 0xA2, 0x18, 0x7F, 0x28, 0x02,
    0x89, 0xA5, 0xD9, 0x67, 0x50, 0xA4, 0x3E, 0x45, 0xDB, 0x14, 0x35, 0x7C, 0x15, 0xD0, 0x2B, 0x32,
    0x20, 0xEA, 0x43, 0xB4, 0xF0, 0xAF, 0x78, 0xA2, 0x82, 0xE5, 0x27, 0x8A, 0xF0, 0xCA, 0xFE, 0x8A,
    0xB3, 0x83, 0x6F, 0x59, 0x92, 0x81, 0xBF, 0x66, 0x0D, 0xFF, 0x16, 0x67, 0x6E, 0xD4, 0x16, 0xEB,
    0x9A, 0x9B, 0x89, 0xD7, 0x2D, 0x0B, 0xB5, 0x5B, 0xEC, 0xD6, 0xBB, 0xC5, 0x3B, 0x50, 0x9D, 0x8B,
    0xFC, 0x7B, 0xEC, 0x26, 0x64, 0x16, 0xAC, 0x58, 0xDA, 0x03, 0xB7, 0x68, 0x1E, 0x9D, 0x47, 0x8B,
    0x46, 0x92, 0x90, 0x38, 0x3C, 0x8B, 0xDC, 0x24, 0x69, 0x35, 0x33, 0xA9, 0x28, 0x9F, 0x1C, 0xCA,
    0x6A, 0xDD, 0x38, 0xC0, 0xB0, 0x07, 0x0F, 0x3E, 0xE3, 0x2A, 0x67, 0x51, 0x58, 0x73, 0xD3, 0x2E,
    0x4D, 0xAD, 0x3F, 0x3C, 0x3A, 0xCA, 0x62, 0x2B, 0xCE, 0xA5, 0x6D, 0x6B, 0xB0, 0x27, 0x4B, 0x4C,
    0x70, 0xBF, 0xCD, 0xB9, 0xE5, 0xF8, 0x47, 0x31, 0xB2, 0xE0, 0x16, 0xFB, 0xB6, 0x80, 0x02, 0xEB,
    0xD2, 0xB7, 0x73, 0x17, 0x08, 0xD4, 0x16, 0x11, 0xD9, 0x9F, 0x70, 0x0F, 0xD7, 0xB8, 0x07, 0x1F,
    0xB9, 0x45, 0x01, 0xDA, 0x10, 0x6D, 0x8C, 0x34, 0xA3, 0x94, 0x38, 0x69, 0xDA, 0xD8, 0x01, 0x59,
    0x3A, 0xFD, 0xAA, 0x25, 0x95, 0x80, 0x0C, 0x1D, 0x7D, 0x5F, 0xE0, 0x87, 0x54, 0x47, 0xBE, 0x2F,
    0x9A, 0xEA, 0xAB, 0x4E, 0xAB, 0x07, 0xBA, 0x0B, 0xB4, 0x11, 0x64, 0xF0, 0xEC, 0xF5, 0x78, 0xBF,
    0x54, 0x1D, 0x7B, 0x9F, 0xBC, 0xE9, 0xDA, 0x04, 0x2B, 0x5E, 0xDE, 0xC6, 0x6D, 0x1C, 0x6E, 0xEB,
    0x70, 0x9B, 0x87, 0xDB, 0x3E, 0x74, 0x03, 0x71, 0x5B, 0x88, 0xDB, 0x44, 0x16, 0x47, 0xF2, 0xB2,
    0x91, 0x8C, 0xF0, 0x14, 0x72, 0xE9, 0x86, 0x40, 0x68, 0x78, 0x64, 0x7A, 0xB1, 0x5B, 0x7B, 0x62,
    0x07, 0x46, 0xC3, 0x79, 0xE4, 0x9E, 0x45, 0x5C, 0x98, 0x61, 0xAF, 0x70, 0x54, 0x38, 0x0B, 0x24,
    0x05, 0x09, 0x90, 0x64, 0x12, 0x20, 0x6D, 0x7C, 0x80, 0x01, 0x74, 0x2F, 0xCF, 0x12, 0xBF, 0x02,
    0x1A, 0x32, 0x18, 0x00, 0x8B, 0x59, 0x60, 0x66, 0xDF, 0x00, 0x8C, 0xED, 0x27, 0x80, 0x91, 0xBD,
    0x03, 0x18, 0x88, 0x07, 0x55, 0x1E, 0xC9, 0x93, 0xAC, 0x14, 0x66, 0xF0, 0x8A, 0xE6, 0xC0, 0x77,
    0x06, 0xDF, 0x75, 0xAF, 0xF3, 0x10, 0xE8, 0x8B, 0x8F, 0x38, 0x96, 0x89, 0x66, 0xCD, 0xDA, 0x7F,
    0x2C, 0xC8, 0x50, 0x2D, 0x2B, 0x12, 0x0C, 0x69, 0xA6, 0x49, 0x22, 0xE8, 0x3B, 0xB7, 0x2B, 0xA5,
    0x59, 0x4B, 0x2B, 0xEC, 0x2B, 0xAC, 0xD5, 0x15, 0xEC, 0xC6, 0x62, 0xAF, 0xF6, 0x7B, 0xD8, 0xDF,
    0x2C, 0xC1, 0x96, 0x1F, 0xEA, 0x6F, 0x53, 0x03, 0xD9, 0x0C, 0x01, 0xA8, 0x1F, 0x11, 0xC0, 0x6C,
    0xCC, 0xEC, 0xC4, 0x7C, 0x5A, 0xD8, 0x29, 0xD9, 0x82, 0x33, 0x4C, 0xA9, 0x43, 0x66, 0xA2, 0x9A,
    0x9B, 0xCA, 0xB9, 0x52, 0x43, 0xB2, 0x85, 0x24, 0xBD, 0xCC, 0x5A, 0xC3, 0x73, 0x2A, 0xDE, 0xBE,
    0x4E, 0x6C, 0x5E, 0x7C, 0xDA, 0x68, 0x78, 0xC8, 0xCD, 0x26, 0xD3, 0x4F, 0xB4, 0xB8, 0x46, 0xC6,
    0x9D, 0x6A, 0x61, 0xC0, 0xB4, 0x13, 0x05, 0x1A, 0x76, 0x54, 0x5B, 0x99, 0xF0, 0x85, 0xDD, 0xDE,
    0xDE, 0xD7, 0x98, 0x87, 0x55, 0x8E, 0x2E, 0x5A, 0x97, 0xB8, 0xEE, 0x92, 0x21, 0x34, 0xC5, 0xD6,
    0xE5, 0x0E, 0x3A, 0xE7, 0x5B, 0x9A, 0x1F, 0x99, 0x4B, 0x78, 0x46, 0xF9, 0xCD, 0xE3, 0xEC, 0x69,
    0x88, 0x87, 0x11, 0xD9, 0x46, 0x9C, 0xA8, 0x63, 0x82, 0x29, 0x95, 0x9D, 0x53, 0x78, 0xAE, 0x12,
    0x5A, 0x69, 0xEA, 0xB6, 0xA6, 0x26, 0x87, 0x47, 0xA5, 0x5C, 0x3E, 0x3D, 0xCC, 0x15, 0x39, 0xA3,
    0x59, 0x2B, 0x9D, 0x34, 0xE0, 0xE9, 0x42, 0x9D, 0xCB, 0xFF, 0x89, 0x5B, 0x1E, 0x7A, 0x9D, 0xAF,
    0x1B, 0x83, 0x9B, 0x1E, 0xF4, 0xD2, 0x0D, 0x71, 0x85, 0xCF, 0x4E, 0x9D, 0xDE, 0x3C, 0x43, 0x10,
    0x91, 0x9D, 0xC0, 0x4E, 0xA2, 0x25, 0xA6, 0x12, 0xDB, 0x71, 0xC1, 0x1D, 0x17, 0xDD, 0x71, 0x61,
    0x9A, 0xC7, 0x86, 0x12, 0xE7, 0x31, 0x1A, 0xE8, 0x31, 0x12, 0xE2, 0x19, 0x1D, 0xDC, 0x32, 0xE6,
    0x74, 0x3C, 0x63, 0x26, 0x0F, 0xC2, 0x98, 0x85, 0xCD, 0x01, 0xAF, 0x2B, 0x63, 0x5E, 0x51, 0xC6,
    0x7C, 0x4D, 0x19, 0xF3, 0x15, 0x65, 0xCC, 0x5C, 0x19, 0x93, 0x64, 0xB0, 0xC0, 0x54, 0x18, 0x33,
    0x8F, 0xED, 0xE7, 0x80, 0xCA, 0x90, 0x5C, 0xD8, 0x09, 0x68, 0x1C, 0x2C, 0x14, 0xA6, 0x60, 0xCC,
    0x72, 0x61, 0xC8, 0x70, 0x61, 0xCC, 0x0E, 0xD0, 0x19, 0xB2, 0x0E, 0x3A, 0x51, 0xE7, 0x2F, 0x6E,
    0x80, 0x52, 0x97, 0xB0, 0x59, 0x4B, 0x0C, 0x67, 0xF1, 0xBA, 0xBD, 0x0E, 0x89, 0x30, 0xC2, 0x93,
    0xC2, 0x92, 0xC2, 0x91, 0xC2, 0x90, 0xC2, 0x8F, 0xC2, 0x8E, 0xC2, 0x8D, 0xC2, 0x8C, 0xC2, 0x5A,
    0x0F, 0xD3, 0xF2, 0x5D, 0x8C, 0x7D, 0xDB, 0x15, 0xDB, 0xB6, 0x5D, 0x86, 0xED, 0xAD, 0xDC, 0x6B,
    0x81, 0xA6, 0x50, 0x43, 0xCC, 0x8C, 0xDB, 0x21, 0xCB, 0x80, 0xCF, 0xA9, 0xAF, 0xE5, 0x38, 0x70,
    0xA8, 0x48, 0x32, 0x17, 0x2F, 0x22, 0x8A, 0x09, 0xC4, 0x67, 0x93, 0x2E, 0xE1, 0xB7, 0x8A, 0x1D,
    0x99, 0x2D, 0x27, 0x80, 0x33, 0xF3, 0xC0, 0xAD, 0xCD, 0xAA, 0x7C, 0xCB, 0xFA, 0x90, 0x2F, 0xF5,
    0x74, 0x9E, 0xED, 0xB1, 0xA4, 0xED, 0x80, 0xC5, 0x40, 0xBC, 0x24, 0xA0, 0x38, 0x1E, 0xE8, 0x95,
    0x83, 0xDC, 0xD7, 0xC3, 0x0D, 0xC4, 0xEE, 0x6C, 0x4C, 0x36, 0x86, 0xC3, 0x00, 0xCE, 0xD0, 0x90,
    0x55, 0x5D, 0x2E, 0x0A, 0xA0, 0xEF, 0x27, 0xAC, 0xB9, 0xC2, 0x3A, 0x9D, 0x15, 0x2E, 0xA3, 0x9D,
    0xF2, 0x0D, 0xB8, 0x8B, 0x8F, 0x68, 0x8F, 0x7D, 0xC1, 0x59, 0x74, 0x59, 0xF5, 0x58, 0x08, 0x02,
    0x2B, 0x29, 0x08, 0x85, 0x65, 0x67, 0x5A, 0xAC, 0x99, 0xE7, 0x75, 0xC6, 0xBC, 0x55, 0x23, 0x1D,
    0xBE, 0xAE, 0x90, 0x14, 0xBF, 0x6A, 0xF5, 0xFB, 0x02, 0xD7, 0x64, 0xEC, 0xFA, 0x2F, 0x53, 0x96,
    0xAE, 0xBC, 0x90, 0xD3, 0x59, 0x33, 0x01, 0x3C, 0x87, 0xD7, 0xD9, 0xE5, 0xED, 0x2D, 0x19, 0x56,
    0xAD, 0x89, 0x73, 0x24, 0x24, 0xF0, 0x86, 0xE1, 0xCF, 0xA2, 0x78, 0x4A, 0xAA, 0x3C, 0x3B, 0x6F,
    0x56, 0x99, 0x76, 0x17, 0x6C, 0x7E, 0x26, 0xE9, 0xF6, 0xB6, 0xF1, 0xC9, 0x06, 0xFE, 0x80, 0x93,
    0xCD, 0xCC, 0x0D, 0x6C, 0xC3, 0xD9, 0xCD, 0x42, 0xA8, 0x97, 0xBB, 0x64, 0x84, 0x50, 0x30, 0x51,
    0x35, 0x4F, 0x15, 0x0D, 0x17, 0xD9, 0x90, 0x95, 0x3F, 0xC4, 0xF0, 0x6A, 0x8E, 0xBC, 0xFA, 0xF6,
    0x63, 0x96, 0x2C, 0xA1, 0x45, 0x1D, 0x6F, 0x3C, 0x42, 0x05, 0xC9, 0x1A, 0x8C, 0xFD, 0x65, 0xA7,
    0x47, 0x5D, 0x3C, 0x5B, 0x34, 0x34, 0x51, 0x99, 0x42, 0xEB, 0x47, 0x6A, 0x1C, 0x74, 0xA4, 0xEA,
    0xDF, 0x6C, 0xA9, 0x79, 0xA1, 0xC1, 0xC4, 0x9E, 0xE2, 0xA8, 0xE3, 0x74, 0xDF, 0xA8, 0x7C, 0x19,
    0x29, 0x37, 0xE7, 0x9E, 0x16, 0x1A, 0xBA, 0xE2, 0x56, 0x7E, 0xF8, 0xED, 0x0C, 0xA9, 0xAF, 0x91,
    0x78, 0xBE, 0x5C, 0x75, 0xB7, 0xE4, 0x30, 0x4C, 0xD0, 0x88, 0xB8, 0x30, 0xB9, 0x85, 0x2E, 0x14,
    0x73, 0x00, 0x08, 0x9B, 0x4E, 0xD4, 0x0B, 0x65, 0x7A, 0xD2, 0x28, 0x85, 0x38, 0xB4, 0x31, 0x5D,
    0x4D, 0x67, 0x57, 0x1F, 0xAC, 0xA8, 0xE6, 0x2C, 0xCA, 0x69, 0xEF, 0x13, 0xE9, 0x9E, 0x42, 0x16,
    0x7E, 0x04, 0x3E, 0x55, 0xCB, 0xA7, 0xED, 0x77, 0xF6, 0xDE, 0xF5, 0x6E, 0xDD, 0xCB, 0xF6, 0x93,
    0x75, 0xCF, 0xE0, 0x8C, 0x2A, 0x7E, 0xAE, 0x37, 0x4A, 0x52, 0x15, 0x8D, 0x60, 0x8C, 0x30, 0x15,
    0x1A, 0xD5, 0x18, 0xC0, 0xD2, 0xA5, 0x91, 0x8E, 0x84, 0x81, 0xBF, 0xB3, 0xF6, 0xDE, 0xA6, 0x1A,
    0x40, 0xCF, 0x42, 0x13, 0x95, 0xEC, 0x94, 0xB9, 0x24, 0x9B, 0x56, 0x4B, 0xE4, 0xB6, 0x99, 0x56,
    0x84, 0x27, 0x20, 0x89, 0x73, 0x8D, 0x53, 0xCD, 0x53, 0xFA, 0x99, 0x15, 0x4D, 0xC1, 0xFE, 0xB7,
    0xD6, 0xEC, 0x14, 0x88, 0x38, 0x81, 0x5C, 0x9D, 0x07, 0x5A, 0x71, 0x75, 0xBC, 0x6D, 0x40, 0x34,
    0x52, 0xB0, 0x1A, 0xD0, 0x87, 0xD1, 0x5B, 0xED, 0x7F, 0x10, 0x62, 0xFE, 0xFB, 0x66, 0x93, 0x6B,
    0xC9, 0x91, 0x71, 0x65, 0x83, 0x1A, 0xEB, 0xE5, 0x14, 0x7A, 0x10, 0x93, 0xD3, 0x30, 0x63, 0x44,
    0xD1, 0xBE, 0xB4, 0x2D, 0x93, 0xF4, 0x0E, 0xE7, 0x44, 0x31, 0x55, 0x5F, 0x43, 0xA6, 0x46, 0x8A,
    0x65, 0xD3, 0xEA, 0x98, 0xAF, 0x99, 0xC3, 0x26, 0xAB, 0xE8, 0x00, 0xA1, 0x2B, 0x6B, 0xCC, 0xB7,
    0xB1, 0x2C, 0x97, 0xA9, 0xF0, 0xE2, 0x5E, 0xF2, 0xF8, 0xCD, 0xE5, 0x50, 0x03, 0x71, 0xE9, 0xD0,
    0xC0, 0xEE, 0x1E, 0x48, 0xF0, 0xD3, 0xC5, 0x5A, 0x35, 0xDB, 0x49, 0x41, 0xB5, 0xF3, 0x9F, 0x64,
    0x1E, 0xF9, 0x72, 0x43, 0x82, 0x25, 0x61, 0x25, 0x9C, 0x81, 0xAE, 0x17, 0x70, 0xB7, 0x92, 0x98,
    0x8B, 0xAC, 0xC4, 0x0E, 0x65, 0x92, 0x1C, 0x11, 0xA9, 0x8D, 0x38, 0x7B, 0x25, 0x2E, 0xD2, 0xBA,
    0xF0, 0x88, 0x46, 0x47, 0x10, 0x65, 0x9C, 0x5C, 0x0C, 0x47, 0x62, 0xB0, 0x83, 0x44, 0x46, 0x44,
    0xD9, 0x01, 0x73, 0xF7, 0x92, 0x9A, 0xAD, 0xC6, 0x39, 0xF4, 0x1C, 0x38, 0x44, 0xB1, 0x8E, 0xE7,
    0xA5, 0x40, 0x70, 0xB5, 0xBD, 0x5C, 0x22, 0xEE, 0xF0, 0x59, 0x09, 0xB9, 0xC2, 0xA1, 0xC5, 0xF7,
    0x38, 0xA6, 0x38, 0x27, 0x44, 0xE0, 0x3E, 0xA5, 0xA6, 0xCB, 0x38, 0x34, 0xC8, 0xB5, 0x07, 0x8D,
    0xF7, 0x60, 0x6E, 0x28, 0xF1, 0xCC, 0x95, 0xE2, 0x3A, 0x42, 0x73, 0x46, 0x30, 0xBB, 0xA3, 0xED,
    0x47, 0xF3, 0x11, 0xF9, 0x5C, 0xA1, 0xEA, 0x5C, 0xF3, 0xDA, 0x3E, 0x70, 0x96, 0xA7, 0x2A, 0xA4,
    0xF9, 0x09, 0x21, 0x7D, 0xDF, 0x1D, 0x20, 0x25, 0x14, 0xAD, 0xD3, 0x31, 0xB1, 0x28, 0x60, 0xA9,
    0x20, 0x20, 0x54, 0x2C, 0xE3, 0xFD, 0xF1, 0xEA, 0x46, 0x29, 0xC5, 0xD0, 0x5A, 0x0C, 0x93, 0x48,
    0x26, 0x9C, 0x54, 0x74, 0xB9, 0xA4, 0x37, 0xAD, 0xC7, 0x58, 0x42, 0x47, 0xF5, 0x91, 0x35, 0x75,
    0xA7, 0x9E, 0xFA, 0x57, 0xB9, 0xB0, 0x67, 0x60, 0xF9, 0x32, 0x73, 0xB2, 0x45, 0xF1, 0x31, 0x2A,
    0xC0, 0x46, 0x03, 0x83, 0x44, 0xC4, 0x97, 0x24, 0x8F, 0xDE, 0xD8, 0xD7, 0x59, 0x4E, 0x80, 0xCE,
    0x3B, 0x01, 0x30, 0x73, 0x9F, 0x00, 0x58, 0xAE, 0x22, 0xFE, 0x07, 0x7C, 0xC9, 0xF0, 0x01, 0x36,
    0x20, 0x91, 0xEC, 0xA8, 0xBD, 0xA4, 0x5D, 0x8C, 0x6B, 0xB7, 0x67, 0x96, 0x1A, 0x24, 0x2A, 0xD8,
    0xDC, 0x90, 0xAA, 0xED, 0xC2, 0xA4, 0x90, 0x9E, 0xA9, 0x6E, 0x3F, 0x8C, 0xED, 0x18, 0xE4, 0x94,
    0xD3, 0x39, 0x7C, 0xEC, 0x2C, 0x3C, 0x1E, 0xFD, 0x4A, 0x8E, 0x24, 0x41, 0x00, 0xD9, 0x96, 0xE7,
    0x51, 0xEC, 0x5C, 0xA0, 0xF4, 0x28, 0x2B, 0xD9, 0x42, 0xCD, 0xF8, 0x58, 0x8F, 0x3C, 0xEB, 0x91,
    0x17, 0x8B, 0x04, 0xD9, 0x0C, 0x3D, 0x64, 0x15, 0xEA, 0x7F, 0x43, 0xD9, 0xB2, 0x25, 0xBE, 0x1B,
    0x95, 0xAE, 0x98, 0x09, 0xDC, 0xC7, 0x98, 0x46, 0xB6, 0x2F, 0x07, 0x19, 0xA5, 0xD4, 0x09, 0x7E,
    0xC7, 0xAD, 0x8A, 0x71, 0xFE, 0xEA, 0xF7, 0xF9, 0xB1, 0x05, 0x76, 0x76, 0x32, 0xD6, 0xAF, 0xD3,
    0x33, 0x3A, 0x76, 0x86, 0xD0, 0x06, 0xCB, 0xA2, 0xF0, 0x79, 0x44, 0x96, 0xF9, 0xAC, 0x9D, 0x5C,
    0xFC, 0xE1, 0x01, 0x86, 0x7D, 0xC0, 0xE3, 0x25, 0x45, 0xA7, 0xFC, 0x63, 0x28, 0x1E, 0x64, 0x82,
    0xD6, 0xA4, 0x98, 0xD2, 0x58, 0x89, 0x3A, 0x1C, 0xA9, 0x41, 0x10, 0x7A, 0x34, 0x59, 0x41, 0x23,
    0xF8, 0xBE, 0xE8, 0x11, 0xE2, 0xF6, 0xA9, 0x9A, 0xC5, 0x25, 0x14, 0x6A, 0x72, 0x03, 0xD2, 0xA7,
    0x25, 0xB9, 0x21, 0xE7, 0xE4, 0x86, 0xBF, 0xE4, 0x33, 0x28, 0x18, 0xF1, 0x7F, 0x71, 0x7A, 0x10,
    0x8F, 0xB4, 0xE9, 0x78, 0x74, 0xF5, 0xE5, 0x05, 0x66, 0xC3, 0x2B, 0x77, 0x4E, 0xB8, 0x22, 0x2D,
    0xC0, 0x19, 0x46, 0x1F, 0x38, 0x67, 0xD0, 0x77, 0x80, 0xFD, 0x15, 0x1B, 0xDB, 0x07, 0xC7, 0x26,
    0xB8, 0x09, 0x21, 0xA3, 0x04, 0xAE, 0x2A, 0xC1, 0xA6, 0xE4, 0x64, 0x6B, 0xD6, 0x42, 0x8A, 0xAF,
    0xD4, 0x82, 0x8E, 0xA4, 0xBE, 0x96, 0xA6, 0xFF, 0x3C, 0xF0, 0x58, 0xF0, 0x57, 0x65, 0x56, 0x03,
    0x9B, 0x2D, 0xEA, 0x90, 0x07, 0x60, 0xD3, 0xBE, 0x5B, 0x8D, 0x7A, 0xE2, 0x40, 0x76, 0x80, 0x5D,
    0xCF, 0x17, 0xA5, 0x59, 0xC2, 0x8E, 0x37, 0xAE, 0x6E, 0x85, 0xE5, 0x73, 0xF3, 0xB2, 0x60, 0x3D,
    0x5F, 0x42, 0xFC, 0xF3, 0xC2, 0x3D, 0x9A, 0xA0, 0x7D, 0xFE, 0xA4, 0x90, 0x19, 0xDE, 0xE5, 0x59,
    0xDE, 0x76, 0x07, 0x73, 0x5C, 0x00, 0x3B, 0xF3, 0x7A, 0xBB, 0xC8, 0x4D, 0x21, 0x01, 0xA5, 0x7A,
    0xF1, 0xF5, 0x6F, 0xFD, 0xA4, 0xE2, 0x25, 0x15, 0x1F, 0x69, 0xA2, 0xB8, 0x1A, 0x57, 0x65, 0x14,
    0xF5, 0x36, 0xFF, 0xC7, 0x9C, 0x3A, 0xB9, 0xE3, 0x33, 0x5B, 0x83, 0xC1, 0xC1, 0xEA, 0x60, 0x7A,
    0xF1, 0x6D, 0x56, 0xB6, 0xD4, 0xB3, 0x28, 0xB0, 0x38, 0x82, 0x5D, 0x9F, 0xE6, 0x49, 0xB1, 0x7F,
    0x6C, 0xB7, 0xF1, 0x33, 0x07, 0xC8, 0x1E, 0xF9, 0x91, 0xFD, 0xA2, 0x1A, 0x13, 0x3E, 0xB1, 0x8A,
    0x4C, 0x51, 0x76, 0x34, 0x85, 0x23, 0x9F, 0xB1, 0xD4, 0x04, 0x63, 0xC6, 0xF9, 0x77, 0xFE, 0x94,
    0x96, 0xBC, 0xD7, 0xDC, 0xD3, 0xAD, 0xE4, 0x5B, 0x05, 0x91, 0x96, 0xD6, 0x00, 0x6B, 0xBB, 0x60,
    0x71, 0x9D, 0xAA, 0x8B, 0x5E, 0x9D, 0x76, 0x7F, 0xAF, 0x07, 0xFB, 0xE0, 0xC7, 0xF3, 0xD1, 0xB8,
    0x3A, 0x38, 0x2B, 0x96, 0x55, 0xE1, 0x62, 0x71, 0xCF, 0xC2, 0x47, 0x72, 0xD3, 0x1D, 0x43, 0x85,
    0x06, 0xFE, 0x67, 0xA8, 0x21, 0x85, 0x66, 0x32, 0x31, 0x2F, 0x8C, 0x8A, 0x39, 0x6E, 0x24, 0xED,
    0x1B, 0x0F, 0x7B, 0x84, 0x66, 0x78, 0x5E, 0x03, 0xAA, 0x85, 0x75, 0x9B, 0x7F, 0x08, 0xB5, 0x03,
    0x1A, 0xF7, 0x9C, 0xBB, 0x32, 0xA2, 0xEB, 0x38, 0x7A, 0x82, 0xA6, 0xF2, 0x4C, 0x8C, 0x63, 0x79,
    0x70, 0xDA, 0x00, 0xEB, 0x07, 0xFF, 0xB4, 0x72, 0xE8, 0xB4, 0x48, 0x77, 0xF3, 0x27, 0xAD, 0x8A,
    0xFD, 0x0C, 0x6C, 0x9E, 0x49, 0x02, 0xBA, 0xCE, 0x35, 0x14, 0xED, 0xC3, 0x53, 0xCF, 0xE5, 0x8D,
    0x43, 0x8A, 0xD5, 0x69, 0xE7, 0x81, 0x4B, 0x4B, 0x2D, 0x16, 0xD4, 0x18, 0x7C, 0x99, 0xA9, 0x5A,
    0x7A, 0xA1, 0xA5, 0x26, 0xE9, 0xB2, 0x9C, 0x9A, 0x1B, 0x4C, 0x5B, 0xCE, 0x73, 0xEB, 0xFE, 0x4C,
    0xF2, 0x96, 0x9E, 0x3C, 0x6D, 0xE7, 0x7F, 0x81, 0x4C, 0xCA, 0xE5, 0x04, 0x3E, 0x21, 0xC0, 0x63,
    0xAC, 0x32, 0x00, 0x6F, 0x12, 0x34, 0xE4, 0x7B, 0x48, 0x39, 0x4F, 0xB7, 0x5F, 0x75, 0x85, 0x3E,
    0xC8, 0x2E, 0xDC, 0x82, 0x27, 0x8A, 0xE1, 0xC7, 0x5D, 0x1F, 0xF8, 0x17, 0xD9, 0xAC, 0xDB, 0xE6,
    0xE1, 0x71, 0x88, 0xD3, 0x86, 0x44, 0x88, 0xFF, 0xAC, 0x93, 0x32, 0x8B, 0x76, 0xC9, 0xF1, 0x34,
    0xFD, 0x01, 0xD8, 0xFB, 0xA2, 0x7F, 0xE8, 0xF4, 0xC6, 0x0A, 0xAE, 0x86, 0x79, 0x17, 0xE0, 0x58,
    0xBD, 0xAA, 0x81, 0xBE, 0xCD, 0x48, 0x7E, 0xF2, 0x00, 0x26, 0x52, 0x56, 0x02, 0x14, 0xA5, 0x2F,
    0xC9, 0xD5, 0x52, 0x4E, 0x94, 0x1B, 0x98, 0x2A, 0x48, 0x9F, 0x08, 0x61, 0xCA, 0x7C, 0xC9, 0xFB,
    0x79, 0x22, 0x2E, 0x94, 0x50, 0xD9, 0xBA, 0x92, 0x45, 0x2C, 0xEE, 0x3E, 0xDA, 0xCD, 0x2E, 0x62,
    0x29, 0xDF, 0xFE, 0x2B, 0x59, 0xB0, 0x7A, 0x58, 0x1F, 0xE3, 0xE6, 0x87, 0x62, 0x5E, 0x9C, 0x5B,
    0x27, 0x6F, 0x1F, 0xF9, 0xCA, 0x38, 0x09, 0x8E, 0xFD, 0x3F, 0x6D, 0x22, 0x80, 0x7D, 0xC4, 0xCF,
    0xD9, 0xF6, 0x02, 0x32, 0xB2, 0x51, 0xE1, 0xF2, 0xA8, 0x80, 0x6C, 0x41, 0xB5, 0xAA, 0x20, 0xBB,
    0xEC, 0xFC, 0x1E, 0x0A, 0x5A, 0x38, 0x47, 0x9B, 0x0F, 0x0A, 0x1A, 0xE5, 0x28, 0x9B, 0x36, 0x63,
    0x22, 0x6D, 0x5C, 0x0A, 0xB2, 0x94, 0xA7, 0x1F, 0x05, 0x8E, 0x78, 0x9D, 0x09, 0x32, 0xC6, 0x56,
    0x8F, 0x4E, 0x38, 0x02, 0x7C, 0xF3, 0xEB, 0xE9, 0xA2, 0xDF, 0x35, 0x31, 0x03, 0xB9, 0xA0, 0x04,
    0xA9, 0x68, 0xA8, 0x80, 0xE3, 0xB2, 0x12, 0xA3, 0xA6, 0xE5, 0x12, 0xEF, 0x76, 0xE1, 0xEE, 0xC3,
    0x8E, 0xF8, 0x33, 0x41, 0xD4, 0x88, 0x15, 0x59, 0x58, 0x8F, 0x38, 0x49, 0xB3, 0x46, 0x06, 0x70,
    0xDC, 0x47, 0xEA, 0xE3, 0x68, 0xB7, 0x25, 0x80, 0x46, 0x5D, 0x1D, 0x69, 0x7F, 0x3A, 0x48, 0xAC,
    0xF9, 0x1D, 0xA1, 0xAA, 0x13, 0xBF, 0x13, 0x9F, 0x40, 0x53, 0x09, 0x80, 0x37, 0x48, 0xFF, 0xD3,
    0xDF, 0x42, 0x47, 0xE9, 0xF6, 0x6C, 0x91, 0xD8, 0x24, 0xF7, 0xB4, 0xA0, 0x40, 0x0E, 0x25, 0x84,
    0xB2, 0x15, 0x0C, 0x49, 0x73, 0x18, 0xC8, 0x6F, 0x7A, 0x25, 0xE7, 0xAA, 0x9D, 0x0E, 0x4A, 0xAB,
    0x4B, 0x27, 0x6E, 0xE1, 0x78, 0x4B, 0x3B, 0x75, 0x94, 0x88, 0x96, 0xF4, 0x99, 0x28, 0x03, 0x12,
    0x9A, 0x1A, 0x30, 0xA7, 0xB8, 0x84, 0xD3, 0x62, 0x1D, 0x92, 0x39, 0x1B, 0x94, 0xF6, 0x3A, 0x1C,
    0xAD, 0x1C, 0x8C, 0x70, 0x09, 0xC5, 0x23, 0x14, 0x9D, 0x64, 0x00, 0x47, 0x67, 0xBF, 0x15, 0x05,
    0xF3, 0x35, 0x94, 0x22, 0x4C, 0x38, 0xC1, 0xD6, 0xEB, 0xE0, 0x58, 0x32, 0xB9, 0xF7, 0x54, 0x93,
    0xF8, 0xBB, 0x21, 0x4E, 0x79, 0x14, 0x71, 0x72, 0x21, 0x8E, 0x59, 0x13, 0x67, 0x12, 0xE2, 0xA8,
    0x02, 0xDB, 0x0A, 0x71, 0xF2, 0xE5, 0xB0, 0x66, 0xE3, 0x5D, 0xAF, 0xD7, 0x67, 0x08, 0x8B, 0x5F,
    0x3C, 0x98, 0xD6, 0xE7, 0xB7, 0xAA, 0x94, 0x12, 0x17, 0xC8, 0x52, 0x9E, 0x7E, 0x29, 0x7F, 0x8A,
    0xE8, 0xA0, 0x89, 0x3D, 0x22, 0x21, 0x8C, 0x5D, 0x9F, 0x8F, 0x13, 0x58, 0xB3, 0x2A, 0xFD, 0x76,
    0x3E, 0x71, 0x3D, 0xBE, 0xFB, 0x92, 0xFA, 0xFA, 0x6F, 0xAC, 0xCA, 0x61, 0xCB, 0x6D, 0x39, 0x50,
    0xBB, 0x35, 0xE4, 0xFA, 0x2D, 0xEF, 0x2D, 0x8A, 0x70, 0xF5, 0x99, 0xCB, 0xE0, 0x20, 0x2D, 0xB2,
    0x70, 0xEA, 0x55, 0xC7, 0x47, 0x42, 0xEE, 0x6F, 0xC6, 0x30, 0x37, 0x2C, 0xD7, 0x28, 0x73, 0x96,
    0x4A, 0xEB, 0x3E, 0x46, 0xEC, 0xDF, 0xB6, 0xDD, 0x65, 0x3B, 0xE5, 0x8C, 0xC8, 0xEB, 0x73, 0xEE,
    0x23, 0xCA, 0xDB, 0x73, 0xDE, 0x9C, 0x87, 0x84, 0xDB, 0x01, 0x19, 0x71, 0x38, 0x7B, 0x71, 0x84,
    0x37, 0x15, 0x29, 0xB5, 0x23, 0xF2, 0xE6, 0xD9, 0x9F, 0x45, 0x44, 0xE6, 0x24, 0x41, 0x3E, 0x2F,
    0xF0, 0xC0, 0x22, 0x5E, 0x90, 0x4D, 0xA6, 0x4A, 0x2C, 0x52, 0x06, 0xB3, 0xD9, 0x58, 0x0E, 0xD8,
    0x96, 0xF0, 0x11, 0xCE, 0xE2, 0x66, 0xA1, 0x4E, 0x69, 0x89, 0xC1, 0x89, 0x41, 0x8F, 0xF2, 0xC7,
    0x90, 0x33, 0xC5, 0xF9, 0xE3, 0x6B, 0xEC, 0xEB, 0xAE, 0xB0, 0xB9, 0xFE, 0x7C, 0x20, 0x3A, 0x88,
    0xCB, 0xEB, 0xD7, 0x5C, 0xDF, 0x20, 0x45, 0x21, 0xBF, 0xE9, 0x8C, 0xFD, 0xDD, 0x28, 0x65, 0x22,
    0xF4, 0xF1, 0x7F, 0xC4, 0x99, 0x74, 0xA7, 0x35, 0xD5, 0xD7, 0x83, 0x4B, 0x2D, 0x2B, 0x04, 0x55,
    0x12, 0x55, 0xEA, 0xF6, 0x3E, 0x32, 0xF1, 0x52, 0x41, 0x6B, 0x85, 0x24, 0xB6, 0x46, 0x14, 0x56,
    0x7E, 0xBA, 0xEA, 0x30, 0x99, 0x43, 0x9E, 0xD3, 0x57, 0xDD, 0x81, 0xDD, 0x72, 0x88, 0xAE, 0x59,
    0x8E, 0x79, 0x31, 0x7A, 0x98, 0xAE, 0x50, 0x5C, 0x49, 0x3F, 0xB8, 0xF8, 0xC6, 0xFE, 0xC1, 0xBA,
    0x47, 0x14, 0xEA, 0x4D, 0x3E, 0x07, 0x20, 0x88, 0x0E, 0x53, 0xA0, 0x1F, 0xD8, 0xEB, 0x1F, 0xA3,
    0xF0, 0x29, 0xE4, 0xD4, 0x73, 0x94, 0x00, 0x11, 0xAA, 0x39, 0x2F, 0x8B, 0x18, 0x7D, 0xF4, 0x78,
    0x59, 0xB5, 0xC9, 0xE7, 0x13, 0x2B, 0x22, 0xB6, 0x4B, 0x3F, 0x99, 0xD9, 0xB7, 0x54, 0xF5, 0xD9,
    0x3B, 0x96, 0x3F, 0x14, 0x43, 0xF6, 0xBA, 0x0D, 0xD9, 0xFF, 0x3F, 0x16, 0x01, 0x9F, 0x68, 0x69,
    0xD2, 0xB1, 0x0A, 0xEC, 0x3B, 0xEC, 0x7D, 0x9B, 0xE8, 0x61, 0x9F, 0x23, 0xFF, 0x6B, 0xF4, 0x16,
    0x4F, 0x9C, 0xE6, 0x52, 0x0C, 0xC6, 0x4A, 0xE9, 0x4D, 0x2F, 0x01, 0x01, 0x77, 0xAC, 0xA4, 0xD4,
    0x7A, 0x0D, 0xEB, 0x33, 0x22, 0x5C, 0x8A, 0xEF, 0xB0, 0x3A, 0x20, 0x22, 0x96, 0xF5, 0x9C, 0xF5,
    0xF0, 0xE7, 0x55, 0x25, 0x4C, 0xC9, 0x97, 0x8C, 0xDF, 0xAC, 0xD9, 0x2F, 0x45, 0x51, 0xE7, 0x0A,
    0x70, 0xF4, 0xF8, 0x82, 0xBD, 0x8D, 0xD5, 0xCC, 0x09, 0x7D, 0xF0, 0xE8, 0x31, 0xEB, 0xF8, 0x08,
    0xDC, 0x1A, 0x8E, 0x27, 0x11, 0xBB, 0xC4, 0x38, 0xDC, 0xAB, 0x4E, 0xE4, 0xC0, 0x37, 0x71, 0x85,
    0xF4, 0x08, 0xCD, 0x56, 0x93, 0x75, 0x39, 0x94, 0x20, 0x89, 0x9C, 0x90, 0x21, 0xB4, 0x7A, 0x68,
    0x1B, 0x39, 0x5C, 0x6A, 0xD3, 0xE4, 0xE0, 0x31, 0xA9, 0x40, 0x13, 0xDD, 0x4E, 0xFC, 0x77, 0x92,
    0xA0, 0x28, 0x27, 0xCC, 0x56, 0x7A, 0x15, 0xEF, 0x9D, 0x13, 0x0E, 0x32, 0xEC, 0xB8, 0x44, 0x4E,
    0xD2, 0x1D, 0xF7, 0xDD, 0xDD, 0xCB, 0xB2, 0x9D, 0x03, 0x96, 0x1A, 0x24, 0x9A, 0xB5, 0xE5, 0x68,
    0x53, 0xC1, 0xEB, 0x52, 0xEB, 0x39, 0x2A, 0xC4, 0xEE, 0x39, 0xB3, 0x62, 0xF0, 0x50, 0xDA, 0xCC,
    0x21, 0x99, 0x64, 0x0E, 0x71, 0x50, 0x62, 0x04, 0xC9, 0xF9, 0x06, 0x22, 0x3C, 0x77, 0xE4, 0xA8,
    0xB3, 0x7C, 0x51, 0x3B, 0x25, 0x0D, 0x5D, 0x92, 0x12, 0xD3, 0xD5, 0x01, 0x6F, 0xDC, 0x9E, 0x47,
    0xED, 0x64, 0xD6, 0x30, 0xEA, 0x8A, 0x96, 0x31, 0x57, 0x81, 0x69, 0xAB, 0xFF, 0x40, 0xDC, 0x57,
    0xDD, 0xA6, 0xB5, 0x3B, 0xF0, 0x0D, 0x9A, 0x3E, 0xF4, 0x1D, 0xDB, 0x72, 0x20, 0x9C, 0x06, 0x56,
    0x0D, 0x0B, 0x30, 0xB6, 0x41, 0x74, 0xBC, 0xC8, 0x93, 0xE6, 0xB0, 0xC2, 0x7F, 0x9A, 0x89, 0xAC,
    0x79, 0x01, 0x92, 0x16, 0x80, 0xEB, 0x24, 0x29, 0x40, 0x72, 0x02, 0xB4, 0xBC, 0x35, 0xDF, 0x4D,
    0x08, 0xC0, 0x01, 0x17, 0xE3, 0x6E, 0xBB, 0x79, 0x93, 0xDA, 0x01, 0xD3, 0x60, 0x39, 0xDA, 0x64,
    0x2D, 0x7B, 0x98, 0x33, 0x8E, 0xC4, 0xB1, 0x88, 0xA0, 0x79, 0x3C, 0xAB, 0x29, 0xD9, 0x32, 0x1A,
    0x39, 0x4F, 0x29, 0x93, 0x1D, 0x51, 0xEA, 0x20, 0xC7, 0x45, 0xE6, 0x88, 0x4C, 0xE2, 0x88, 0x04,
    0x7B, 0x59, 0xF8, 0x78, 0x1B, 0xCE, 0x67, 0x9C, 0x38, 0x1E, 0x1A, 0x8C, 0x9C, 0x07, 0x11, 0x21,
    0xBD, 0x23, 0x1D, 0x33, 0xFB, 0xEE, 0x9B, 0x16, 0x67, 0xF1, 0xED, 0xB4, 0x03, 0x8E, 0xEC, 0x52,
    0x6E, 0x80, 0x69, 0x22, 0x01, 0xB2, 0x46, 0x77, 0x25, 0xC4, 0x6C, 0x21, 0xAF, 0xBC, 0x43, 0xF1,
    0xD8, 0x76, 0xDB, 0x14, 0x5F, 0xBC, 0x45, 0xC2, 0xBA, 0x8C, 0x2D, 0x3B, 0xA8, 0x27, 0xDA, 0xAB,
    0x88, 0x15, 0x9E, 0xC5, 0x56, 0xCF, 0x29, 0x2F, 0x12, 0x14, 0x40, 0x02, 0x4B, 0x35, 0x78, 0x7C,
    0x60, 0x5E, 0xC0, 0xA9, 0x30, 0x21, 0xC7, 0x56, 0xE3, 0x2E, 0xB3, 0x9B, 0x8A, 0x77, 0x1A, 0xBB,
    0x6A, 0x0C, 0xA7, 0x8E, 0x2E, 0x59, 0xB3, 0x52, 0x69, 0xA2, 0xF5, 0x26, 0xF8, 0x26, 0xD9, 0x33,
    0xA2, 0x4E, 0x01, 0x9E, 0xE1, 0x9C, 0x02, 0x22, 0x12, 0x09, 0x76, 0x38, 0xBC, 0xF8, 0xD3, 0x71,
    0x46, 0xC2, 0xB7, 0x8C, 0x62, 0xBC, 0x5E, 0x30, 0xE6, 0x27, 0xCC, 0xD4, 0x90, 0x4E, 0xA3, 0x54,
    0x5B, 0x2A, 0xD7, 0xE7, 0x0B, 0xBA, 0xC5, 0x66, 0x0D, 0x9B, 0xD3, 0x86, 0x74, 0x32, 0x6C, 0xCE,
    0x99, 0xB0, 0x35, 0x2F, 0xF3, 0xC1, 0x8A, 0x7C, 0xAC, 0x54, 0x84, 0x63, 0x94, 0x3B, 0x3D, 0xA6,
    0x1C, 0x69, 0xD3, 0x38, 0xA2, 0xDC, 0x1B, 0x4E, 0x1A, 0xFD, 0xFF, 0x07, 0xED, 0x5B, 0xBD, 0xAF,
    0xE5, 0xC4, 0x15, 0x1F, 0xDB, 0xBC, 0xBD, 0x08, 0x2B, 0xF1, 0x16, 0xAC, 0x56, 0xB0, 0x52, 0x4C,
    0x91, 0x48, 0x20, 0x45, 0xF8, 0x2F, 0x80, 0x71, 0x92, 0x82, 0x82, 0x82, 0x2D, 0xB8, 0x50, 0x50,
    0x90, 0x82, 0x02, 0xA5, 0xD9, 0x96, 0x82, 0xC4, 0x4E, 0x28, 0x68, 0x9F, 0x22, 0x45, 0x69, 0x29,
    0x52, 0xA4, 0x0A, 0x29, 0x28, 0x52, 0x2C, 0xD8, 0xA2, 0xA1, 0xC4, 0x20, 0xAD, 0x52, 0xC6, 0x48,
    0xA0, 0x44, 0x34, 0x38, 0x8A, 0x57, 0xF2, 0x26, 0xB6, 0x27, 0xE7, 0xFC, 0xCE, 0x19, 0xDB, 0xF7,
    0xF2, 0x16, 0x16, 0x58, 0xC8, 0x66, 0xC1, 0x7A, 0x6F, 0xE6, 0x8C, 0xAF, 0x3D, 0x9E, 0x39, 0x73,
    0xE6, 0x7C, 0x8F, 0x31, 0x7C, 0x85, 0x03, 0x15, 0xC1, 0x3E, 0x37, 0xC9, 0x4C, 0x40, 0xE1, 0x66,
    0x93, 0x3A, 0x63, 0x76, 0xCE, 0xB9, 0x36, 0x21, 0x20, 0x23, 0x60, 0x8C, 0x09, 0x70, 0x37, 0x4C,
    0xE5, 0x4C, 0x61, 0x42, 0xD7, 0xD2, 0x13, 0xF5, 0x4C, 0x8F, 0xD4, 0x26, 0x76, 0x7F, 0x1D, 0x4D,
    0xE2, 0x72, 0x13, 0x39, 0x37, 0xE0, 0xC5, 0x90, 0xDE, 0x33, 0x19, 0x75, 0x15, 0x38, 0xBA, 0x6D,
    0xB9, 0x4F, 0xFA, 0xC5, 0xD8, 0xE9, 0x00, 0x18, 0xE9, 0x4B, 0xB7, 0x00, 0xAC, 0x6F, 0xA1, 0x9F,
    0x9E, 0x00, 0xC7, 0x40, 0x67, 0xF0, 0xAD, 0x80, 0x81, 0xC4, 0x95, 0xF4, 0xF5, 0xC6, 0xD0, 0x58,
    0x6A, 0x8C, 0x89, 0x5A, 0x9D, 0xE1, 0xA1, 0xD3, 0xEF, 0x93, 0xF4, 0x45, 0xD3, 0x72, 0xFC, 0x36,
    0x3F, 0xED, 0xF8, 0x11, 0xFA, 0xAD, 0xA2, 0x09, 0xE1, 0x0A, 0xF6, 0x66, 0xB9, 0xDE, 0x42, 0x19,
    0x51, 0x97, 0xA8, 0x6A, 0xA9, 0x1A, 0x3C, 0x26, 0x95, 0x49, 0xA8, 0xBA, 0x70, 0xD9, 0xA4, 0xB5,
    0xB9, 0x44, 0x33, 0xCC, 0x4A, 0x43, 0x3D, 0x76, 0x45, 0x4E, 0x08, 0x70, 0xD3, 0xCC, 0xA3, 0x29,
    0x18, 0x13, 0x0C, 0xB5, 0xC6, 0x8E, 0x34, 0xAA, 0x92, 0x2B, 0x1E, 0x58, 0x31, 0xA2, 0xCB, 0x6A,
    0x44, 0x97, 0xDB, 0x6A, 0xF9, 0xAD, 0x90, 0x27, 0x69, 0xDE, 0xFC, 0x5E, 0xE6, 0x30, 0x8F, 0xC4,
    0xD5, 0x8C, 0x50, 0x5E, 0x92, 0x01, 0x78, 0xA5, 0x9E, 0x79, 0x61, 0x66, 0x8C, 0x87, 0x56, 0xCE,
    0x5F, 0xC1, 0xA4, 0x40, 0xE4, 0xF2, 0x8A, 0x06, 0x97, 0xB8, 0x77, 0x5C, 0xE9, 0x81, 0x5A, 0x80,
    0xB7, 0x5D, 0x7D, 0x89, 0x66, 0x7E, 0x42, 0x7D, 0x96, 0x11, 0x77, 0x54, 0xD4, 0x36, 0x07, 0x60,
    0xEB, 0xCA, 0x08, 0xF0, 0xCE, 0xA8, 0x00, 0xE1, 0x4C, 0x81, 0x52, 0x81, 0x0F, 0x8D, 0x02, 0xF5,
    0x97, 0x05, 0x42, 0x00, 0xE5, 0x01, 0x40, 0xCB, 0x58, 0x94, 0xBA, 0x9E, 0x55, 0x2E, 0x6B, 0x1E,
    0xF0, 0x0A, 0x1A, 0x5A, 0xC1, 0x1D, 0xE6, 0x69, 0xDD, 0xC7, 0x84, 0x2A, 0xC3, 0x0B, 0xAF, 0x4B,
    0xC9, 0xF8, 0x90, 0x25, 0xA9, 0xDC, 0xE4, 0x97, 0x32, 0x3F, 0x5E, 0x4B, 0xEA, 0xBD, 0x36, 0x9B,
    0x65, 0x5C, 0x6A, 0x03, 0x2C, 0xEA, 0x82, 0xA2, 0xAE, 0xAD, 0x6B, 0x12, 0xD7, 0x65, 0x54, 0xB7,
    0xA9, 0xEB, 0x6C, 0x4E, 0x75, 0xE6, 0xFE, 0x39, 0x9B, 0x8B, 0xAE, 0xA5, 0x8F, 0x8D, 0x18, 0x31,
    0x7F, 0x13, 0xF5, 0x0D, 0x99, 0x01, 0x0F, 0xF9, 0x8B, 0xD6, 0x81, 0x6B, 0x03, 0xA9, 0xBB, 0x1D,
    0xD7, 0xC6, 0xCD, 0xAF, 0x63, 0x4E, 0x34, 0xA3, 0x8A, 0x69, 0xCF, 0xBA, 0xB1, 0xE0, 0x9A, 0x68,
    0xC8, 0x82, 0x16, 0x37, 0x24, 0xFA, 0xA9, 0x2B, 0xC9, 0xCD, 0x8F, 0xD7, 0x56, 0xDA, 0x85, 0xD3,
    0xDA, 0x8A, 0xE7, 0x74, 0x58, 0x5B, 0xB4, 0x37, 0xBB, 0xCD, 0x8B, 0x95, 0x62, 0x46, 0x2E, 0xEC,
    0xAC, 0xB5, 0xD3, 0x71, 0xDB, 0x0A, 0x3B, 0xF3, 0xD9, 0x97, 0xA5, 0x91, 0xFF, 0x41, 0x76, 0x17,
    0x91, 0x25, 0xB7, 0x68, 0xD8, 0xDB, 0x56, 0xEF, 0x5B, 0xA1, 0xBB, 0xFE, 0x9C, 0xE3, 0xDD, 0xF1,
    0xBB, 0x3D, 0xAD, 0x1A, 0xA3, 0xA1, 0x20, 0xB2, 0x1C, 0x09, 0x1A, 0xD0, 0x22, 0x62, 0x4F, 0x06,
    0x6C, 0x61, 0x6E, 0x11, 0xD5, 0x24, 0xB8, 0x87, 0x16, 0x11, 0x4A, 0xDA, 0x11, 0xE1, 0x97, 0x68,
    0x05, 0xAE, 0x4F, 0x1B, 0x7A, 0x5B, 0xE9, 0xC6, 0x0D, 0xF7, 0x08, 0xD3, 0x90, 0xD6, 0xC8, 0x2B,
    0xDD, 0x6F, 0x5A, 0x31, 0xAF, 0xB7, 0x50, 0xD8, 0xC8, 0x54, 0x54, 0x6F, 0x5A, 0x56, 0xB8, 0x85,
    0x3E, 0x59, 0x4D, 0x9B, 0x16, 0x8F, 0x6B, 0xF9, 0x02, 0xC6, 0xE5, 0x5B, 0x3C, 0xA5, 0xC6, 0x5C,
    0xD0, 0xB1, 0xC8, 0xB8, 0x9C, 0x1F, 0x35, 0xC6, 0x25, 0x2D, 0xDE, 0xD0, 0x20, 0x1E, 0x9D, 0x5F,
    0xCE, 0xE3, 0x8A, 0x66, 0x99, 0xFB, 0x8C, 0x71, 0x25, 0x8A, 0x17, 0x66, 0xA1, 0xD7, 0xF6, 0xD5,
    0x0C, 0xAE, 0x4B, 0x9D, 0xA3, 0x9A, 0x80, 0xC1, 0xC9, 0x6C, 0x5A, 0x73, 0xBE, 0xB4, 0xFC, 0xF5,
    0x90, 0x09, 0x16, 0x98, 0xB8, 0xCE, 0xB2, 0xB2, 0x2E, 0xB7, 0x0B, 0x6C, 0xDF, 0x73, 0x7E, 0xA5,
    0xE8, 0x43, 0x93, 0x5F, 0x27, 0x1A, 0xC2, 0xE0, 0x57, 0x09, 0x33, 0xD4, 0x35, 0xA2, 0x97, 0x6B,
    0xBF, 0x42, 0xF4, 0xB2, 0xF1, 0xEB, 0x23, 0x5B, 0x4D, 0xE7, 0xE9, 0xE1, 0x50, 0x49, 0x4B, 0x57,
    0x26, 0x66, 0xB1, 0xA1, 0x58, 0x4B, 0x56, 0x78, 0x3C, 0x80, 0xA7, 0xBD, 0xEB, 0x75, 0x0D, 0x92,
    0x2E, 0xD4, 0x4D, 0x41, 0x70, 0x43, 0x28, 0xF3, 0xCF, 0xD4, 0xA9, 0xF3, 0x6B, 0x71, 0x92, 0xDB,
    0x71, 0x59, 0x09, 0xC6, 0xBF, 0x5F, 0x07, 0xDE, 0x57, 0x7E, 0x15, 0x62, 0x1D, 0x73, 0x04, 0x31,
    0x65, 0x1E, 0xF1, 0x2B, 0x40, 0x2C, 0xF5, 0x2D, 0xC5, 0x3F, 0xBF, 0x32, 0x29, 0xF6, 0xE9, 0xD5,
    0x70, 0x52, 0xDC, 0xC7, 0xEE, 0xDA, 0xF3, 0x93, 0x62, 0x9E, 0xC7, 0x39, 0x29, 0xDE, 0x31, 0x66,
    0xC5, 0x3A, 0x60, 0x45, 0xE7, 0xE5, 0x05, 0xE5, 0xC1, 0x60, 0x92, 0x52, 0x45, 0xDE, 0x6C, 0x8A,
    0x1C, 0x5B, 0x2D, 0x37, 0xC5, 0xDB, 0xB3, 0x51, 0x30, 0x93, 0xB7, 0xAE, 0x10, 0x98, 0x78, 0x49,
    0x94, 0x7B, 0x5E, 0x14, 0x13, 0x18, 0x88, 0xCC, 0x61, 0xD0, 0xFC, 0xCA, 0x2C, 0xA0, 0x39, 0x02,
    0xF7, 0x0B, 0xC8, 0x03, 0xCD, 0x13, 0xC8, 0x04, 0xB7, 0x80, 0xD1, 0x0A, 0x92, 0x24, 0xCA, 0x5C,
    0x9E, 0xDE, 0x78, 0x86, 0x36, 0x8D, 0xE3, 0x1E, 0xD2, 0x96, 0x24, 0x0C, 0x24, 0x4B, 0x9E, 0xD6,
    0xF4, 0x75, 0x08, 0xA7, 0x3C, 0x2D, 0x49, 0xB6, 0x14, 0x00, 0x4F, 0xB8, 0xAE, 0x46, 0x1D, 0x4E,
    0xE7, 0x41, 0x95, 0x52, 0x31, 0x86, 0x9E, 0x7B, 0x90, 0xDE, 0x7A, 0x51, 0x5E, 0xE3, 0xB7, 0x46,
    0xEA, 0x97, 0x7E, 0xA4, 0xB7, 0x82, 0xD1, 0xB2, 0x06, 0x41, 0x44, 0xDE, 0x44, 0x63, 0xCA, 0xD2,
    0xB0, 0x4C, 0xDC, 0xB5, 0x2B, 0x58, 0x78, 0xF7, 0x0F, 0x68, 0x13, 0x34, 0xC8, 0x7F, 0xB9, 0x11,
    0x20, 0xF1, 0xA0, 0x57, 0x3C, 0x78, 0xF2, 0xF4, 0x86, 0x9B, 0x34, 0x46, 0x24, 0x5D, 0x7E, 0x33,
    0x38, 0x74, 0x83, 0xA2, 0x46, 0xD6, 0x5D, 0x58, 0x7B, 0x7B, 0x47, 0xC2, 0xC1, 0xE5, 0x15, 0x8E,
    0xBB, 0xB8, 0x65, 0x8C, 0x82, 0x16, 0x3B, 0x3B, 0x78, 0x38, 0xED, 0x8A, 0x05, 0xB6, 0x6D, 0xD5,
    0x47, 0x4A, 0xC7, 0x55, 0x5B, 0x91, 0x90, 0x28, 0x79, 0x4F, 0x3E, 0xEB, 0xDA, 0xA2, 0x63, 0x85,
    0x00, 0x7B, 0xB5, 0x61, 0x8A, 0xF4, 0x70, 0x02, 0xD5, 0x00, 0x30, 0xED, 0x1C, 0x21, 0x25, 0x5C,
    0x2B, 0x52, 0xA9, 0x37, 0xA5, 0x1C, 0xDA, 0x0E, 0x82, 0xC9, 0x98, 0xC5, 0xCB, 0x01, 0x40, 0x3F,
    0x09, 0x62, 0x83, 0x79, 0x99, 0xC5, 0xE7, 0x03, 0x56, 0xB7, 0xEE, 0x0A, 0x14, 0x1E, 0xB8, 0xE8,
    0x81, 0xF0, 0xD6, 0x81, 0xE0, 0xB2, 0x02, 0xB1, 0x67, 0x0A, 0x0B, 0x77, 0x48, 0x3D, 0x60, 0x5B,
    0x05, 0x2A, 0x06, 0x04, 0x39, 0x21, 0x66, 0x41, 0xF3, 0xD8, 0x00, 0x8D, 0xE0, 0x24, 0xF4, 0x42,
    0xDF, 0x6B, 0x03, 0x2B, 0x10, 0x79, 0x6C, 0xED, 0xBC, 0x00, 0x4C, 0x66, 0x05, 0x32, 0xBF, 0xD3,
    0x0B, 0x2F, 0xFF, 0x16, 0x5E, 0xFA, 0xBD, 0x23, 0x39, 0x5A, 0x91, 0x9E, 0x55, 0xD3, 0x1A, 0x3B,
    0x2E, 0x69, 0xC3, 0x71, 0x19, 0xE1, 0x0E, 0x54, 0xBE, 0x52, 0x74, 0xC9, 0x33, 0xCB, 0x0C, 0x4F,
    0x4A, 0x69, 0x51, 0x9E, 0x43, 0x69, 0xBE, 0x5A, 0xB9, 0xA3, 0x29, 0xBB, 0xAE, 0x22, 0x1A, 0x71,
    0x1D, 0xA1, 0x60, 0x29, 0x57, 0xD5, 0x07, 0x65, 0xA0, 0xC3, 0x28, 0x17, 0x0C, 0x24, 0x10, 0x2A,
    0x16, 0xDB, 0x2B, 0x15, 0xFE, 0xB4, 0x6E, 0x4C, 0xD6, 0x0C, 0xE9, 0x0D, 0xA6, 0x37, 0x4B, 0x5D,
    0x6F, 0x1A, 0x6E, 0x6D, 0x5C, 0x64, 0x0A, 0x2C, 0xA6, 0x9C, 0xE9, 0x80, 0x78, 0x02, 0xB3, 0xD3,
    0x1E, 0x1C, 0x8B, 0xB7, 0x6E, 0xB7, 0x6D, 0xF4, 0xDB, 0xC6, 0xB8, 0x6D, 0xCC, 0x9B, 0x06, 0x89,
    0xE7, 0xB5, 0x41, 0xB8, 0x5D, 0x1B, 0x24, 0x81, 0xD7, 0x06, 0xA1, 0x7C, 0x6D, 0x10, 0x19, 0xAF,
    0x0D, 0x16, 0x24, 0x6B, 0xA3, 0x98, 0x37, 0x0D, 0xEB, 0x9E, 0x5A, 0x1B, 0x89, 0x7B, 0x77, 0x6D,
    0xC4, 0xEE, 0x93, 0x9E, 0x94, 0xC8, 0x8C, 0x77, 0x02, 0xCF, 0xAD, 0x0F, 0xA1, 0x87, 0x07, 0x32,
    0xF0, 0xC8, 0x37, 0x68, 0xF9, 0x7B, 0xDA, 0xA0, 0x76, 0x42, 0xC3, 0x72, 0x83, 0x15, 0xFE, 0x90,
    0x76, 0x5B, 0xCA, 0x8F, 0xB1, 0xB4, 0xB1, 0xB4, 0xA7, 0x12, 0xEE, 0x80, 0xA7, 0x2F, 0x48, 0xEC,
    0xE9, 0x3D, 0x36, 0x0D, 0xA0, 0x19, 0xF4, 0x10, 0xC7, 0xEB, 0xB5, 0x55, 0x63, 0xC3, 0x79, 0x55,
    0xCA, 0xE8, 0x33, 0xBA, 0x02, 0x09, 0xD3, 0xCA, 0xBC, 0x82, 0x4E, 0xC1, 0xD2, 0xE3, 0x3E, 0xE4,
    0xF1, 0x78, 0xCC, 0x6F, 0xF0, 0xBE, 0xC1, 0xFA, 0x06, 0xE7, 0x0B, 0xC6, 0x2B, 0xE6, 0x1F, 0x82,
    0x6F, 0xB0, 0x12, 0xC1, 0x36, 0x40, 0xC1, 0x75, 0xCA, 0xA0, 0x60, 0x3A, 0x62, 0x50, 0xF0, 0x0C,
    0x50, 0xB0, 0x2C, 0x20, 0x70, 0x2C, 0x20, 0x30, 0x2C, 0x20, 0xF0, 0x2B, 0x20, 0xB0, 0x2B, 0x20,
    0xE3, 0x56, 0xC1, 0x60, 0x05, 0x19, 0xAF, 0x1E, 0x14, 0x43, 0xA4, 0x56, 0x9C, 0x1A, 0x6C, 0x14,
    0x60, 0x54, 0x40, 0xC1, 0xA7, 0x82, 0xA1, 0x80, 0xC6, 0x1C, 0x6D, 0x6F, 0x26, 0xEF, 0x8D, 0x40,
    0x5D, 0x91, 0xBA, 0xE2, 0x37, 0x5D, 0x95, 0x5E, 0xDB, 0x2F, 0xA0, 0x67, 0x1D, 0x46, 0x6D, 0x13,
    0xB9, 0x1E, 0x3E, 0x4B, 0x0D, 0xCE, 0xFC, 0xA3, 0x2A, 0x9C, 0x68, 0x3E, 0xE3, 0x11, 0xB0, 0xFC,
    0xB4, 0x3E, 0x7C, 0x93, 0x8B, 0x8C, 0x4C, 0x70, 0xD2, 0x9F, 0x38, 0x96, 0xD9, 0x64, 0x10, 0x3C,
    0xE9, 0x58, 0x96, 0x8E, 0x95, 0x7B, 0x1D, 0x4B, 0x3D, 0x92, 0x4D, 0xF2, 0x3A, 0x33, 0x41, 0x12,
    0xA8, 0x3D, 0xAB, 0x5F, 0x96, 0x00, 0x61, 0x8E, 0x63, 0x84, 0xCD, 0x0F, 0xA0, 0xBE, 0x4D, 0x40,
    0x23, 0x3D, 0x5B, 0x37, 0xC5, 0x2C, 0x8A, 0x69, 0x3C, 0x53, 0x7A, 0x00, 0xF8, 0x79, 0x2D, 0x40,
    0xE1, 0x71, 0x58, 0x79, 0xF6, 0xE9, 0x4D, 0xAE, 0x60, 0x65, 0xBE, 0x8A, 0xD1, 0xC4, 0x93, 0x7F,
    0xEC, 0x5F, 0x8A, 0xCA, 0xB3, 0x90, 0x42, 0x6B, 0x5B, 0x8B, 0x78, 0x12, 0xF4, 0x55, 0xEF, 0xC9,
    0xFA, 0x5A, 0xB5, 0x86, 0x13, 0x45, 0x6F, 0xE4, 0x25, 0x94, 0xFF, 0xD2, 0xE3, 0x67, 0x23, 0x39,
    0x5A, 0x44, 0x75, 0xA7, 0x34, 0xD2, 0x6B, 0x3F, 0xE3, 0x41, 0x9D, 0x7D, 0x22, 0xFD, 0xDB, 0x77,
    0x85, 0x72, 0x8A, 0xA7, 0xA4, 0xAE, 0x62, 0xF9, 0xBE, 0x13, 0x92, 0x0B, 0x26, 0x51, 0xE9, 0xC2,
    0x11, 0xD6, 0xAD, 0x89, 0x44, 0xD7, 0x35, 0xBB, 0x1E, 0xDE, 0x0B, 0x92, 0x68, 0xA6, 0xE2, 0x01,
    0x26, 0xD7, 0xF7, 0xB0, 0x66, 0x53, 0xD5, 0xE1, 0x2D, 0x6C, 0x23, 0x95, 0xE0, 0x42, 0x68, 0xAC,
    0x6B, 0x19, 0xB1, 0xFE, 0x51, 0xB3, 0x62, 0xCB, 0xBC, 0x80, 0x15, 0x89, 0xDD, 0x2C, 0x23, 0xAD,
    0x58, 0x00, 0x3A, 0x36, 0xF6, 0x79, 0x8F, 0xAE, 0xB5, 0xC9, 0x0D, 0x19, 0x43, 0x51, 0xCB, 0x4A,
    0x3B, 0x0D, 0x01, 0xDE, 0x98, 0x27, 0x47, 0x50, 0x53, 0x07, 0xFE, 0xD6, 0x08, 0x37, 0x59, 0x78,
    0x7E, 0x30, 0x1C, 0x23, 0x46, 0xBC, 0x22, 0xDC, 0x21, 0x7D, 0x99, 0xC7, 0x96, 0xDD, 0x60, 0xE5,
    0xD5, 0x36, 0x70, 0x53, 0x74, 0x2C, 0x3E, 0x6D, 0xC7, 0x62, 0xF5, 0xBE, 0x52, 0x84, 0x2B, 0xCA,
    0x4B, 0xCC, 0x72, 0xC4, 0x30, 0x4F, 0xDD, 0x6F, 0xA9, 0xB4, 0x23, 0xDF, 0x2F, 0x06, 0x2E, 0xAB,
    0x1E, 0x25, 0xD4, 0x9C, 0x62, 0x64, 0xBB, 0x47, 0x0C, 0x90, 0x8C, 0x89, 0xBB, 0x26, 0x4B, 0x98,
    0xBD, 0x1C, 0x7B, 0x68, 0x4B, 0x74, 0xFD, 0xC0, 0x98, 0x37, 0x6C, 0xB3, 0x1B, 0x93, 0x21, 0x23,
    0x59, 0x06, 0xB5, 0x26, 0x87, 0x37, 0x27, 0xA3, 0x21, 0xED, 0x9A, 0x0D, 0x53, 0x24, 0x66, 0xA4,
    0xFF, 0x27, 0x4E, 0xD4, 0xD1, 0xDB, 0xF6, 0x5F, 0x4D, 0x07, 0xFD, 0xDF, 0x4B, 0x4A, 0x7F, 0x66,
    0xC2, 0x3E, 0x6B, 0x92, 0x2E, 0x19, 0x0A, 0xC2, 0x85, 0x2B, 0x03, 0x5E, 0x30, 0x18, 0x91, 0x8C,
    0xAA, 0xC3, 0x3D, 0xCD, 0xBF, 0x85, 0xFA, 0x4F, 0xBA, 0xBF, 0x51, 0x77, 0xCE, 0xAD, 0xFE, 0xB3,
    0xEC, 0x24, 0xCC, 0xB9, 0x31, 0x5C, 0x8D, 0x0E, 0x13, 0x36, 0x26, 0x26, 0xCA, 0x88, 0x26, 0x75,
    0x99, 0xBC, 0xE2, 0x84, 0x4D, 0x8C, 0x62, 0x14, 0x74, 0xC2, 0xDE, 0x6A, 0xD1, 0x71, 0x64, 0x77,
    0xBD, 0x79, 0xB8, 0xB0, 0xB9, 0x51, 0x47, 0x9F, 0xBA, 0xF9, 0xD4, 0xC9, 0x07, 0xD6, 0x54, 0x39,
    0x75, 0xF0, 0x95, 0xE2, 0xDE, 0xAB, 0xC5, 0x4C, 0x69, 0xC5, 0xB5, 0xD7, 0x89, 0x63, 0xAF, 0x57,
    0xB7, 0x9E, 0xFA, 0xF2, 0xB4, 0x2A, 0x6E, 0x5E, 0xE9, 0x93, 0x83, 0xBA, 0xF1, 0xD4, 0x89, 0x97,
    0xC1, 0x74, 0x6F, 0xD5, 0x81, 0xA7, 0xEE, 0x3B, 0x75, 0xDE, 0x79, 0xD7, 0x9D, 0x3A, 0xEE, 0xD4,
    0x6D, 0xE7, 0x9D, 0x76, 0x42, 0x9C, 0xE7, 0x0D, 0xD1, 0x39, 0x4D, 0x8E, 0x89, 0xA1, 0x28, 0x33,
    0xFA, 0x3D, 0x6B, 0x1D, 0x6C, 0xB4, 0x19, 0x3B, 0x7A, 0x5C, 0x35, 0xD5, 0x0A, 0xEB, 0x92, 0xE5,
    0x67, 0xF2, 0x58, 0xF6, 0xE3, 0x31, 0xA9, 0xC3, 0x6A, 0x84, 0x48, 0x64, 0xB3, 0x45, 0x7C, 0x78,
    0x62, 0x25, 0xD5, 0xE2, 0xC1, 0x13, 0x27, 0x9D, 0x38, 0xEE, 0x36, 0xA5, 0xDE, 0x17, 0xDF, 0x9D,
    0x65, 0x8B, 0xBE, 0x14, 0xCF, 0x9D, 0x38, 0xEE, 0xC4, 0x6F, 0x17, 0x78, 0x4C, 0xCF, 0xC7, 0x02,
    0xDE, 0xBC, 0xC4, 0x6B, 0xCA, 0x96, 0x7A, 0x0A, 0x1D, 0xBA, 0xAD, 0x6A, 0xE1, 0x0C, 0xC2, 0x8F,
    0x46, 0x59, 0x49, 0x61, 0x4B, 0x32, 0x8F, 0x33, 0x26, 0x22, 0xCE, 0xBD, 0xF9, 0xB0, 0x02, 0x33,
    0xAB, 0x1A, 0x75, 0xBD, 0x7D, 0x1D, 0x95, 0xFA, 0xF0, 0x50, 0x15, 0xA5, 0x3A, 0xF2, 0xC4, 0x2C,
    0xCF, 0xBD, 0x13, 0xAF, 0x9A, 0xC1, 0xAF, 0xD4, 0x81, 0xA7, 0xEE, 0x3B, 0xEF, 0xBC, 0x53, 0xD7,
    0x9D, 0x10, 0xE5, 0x09, 0xD6, 0xD4, 0xA4, 0x39, 0xD8, 0x51, 0xD2, 0xEE, 0x78, 0xD2, 0xBB, 0x31,
    0x6B, 0xC5, 0x8A, 0x06, 0x4D, 0x0B, 0x5A, 0xC4, 0x33, 0x4C, 0x8F, 0xAA, 0x11, 0xD8, 0xDE, 0xDC,
    0x31, 0xC5, 0x2E, 0x3D, 0x23, 0x1E, 0x3D, 0x03, 0x87, 0x5E, 0xC7, 0x46, 0xC9, 0x39, 0xB8, 0x2C,
    0xE0, 0x8E, 0xFB, 0xB2, 0x55, 0xC0, 0x16, 0x07, 0x8C, 0x4F, 0x08, 0x0F, 0xF5, 0xE1, 0xA9, 0x0B,
    0x4F, 0x3D, 0x78, 0xDE, 0x81, 0xA7, 0xFE, 0xBB, 0x42, 0x26, 0x71, 0x66, 0x75, 0xE6, 0x55, 0xE4,
    0x2C, 0xE6, 0x02, 0x22, 0x34, 0x71, 0x1F, 0xF2, 0x17, 0xB4, 0xD2, 0x9B, 0xFC, 0x48, 0x7D, 0x37,
    0x12, 0x43, 0x22, 0x6E, 0xDE, 0x33, 0xAB, 0x33, 0xAF, 0x58, 0xE8, 0xC5, 0x8E, 0xD0, 0x25, 0xEC,
    0xC8, 0xEC, 0x65, 0xA9, 0x06, 0xDC, 0xD4, 0x47, 0x3E, 0xD3, 0x91, 0x79, 0x27, 0xD1, 0x8B, 0x31,
    0x2F, 0xAB, 0xB1, 0xBA, 0xD5, 0x5A, 0x33, 0x55, 0x3D, 0x46, 0x51, 0x5C, 0x4E, 0x51, 0xC9, 0x46,
    0x08, 0xF2, 0xEF, 0xA8, 0x47, 0x79, 0x6B, 0x2C, 0xFA, 0xA3, 0x6D, 0x36, 0x9A, 0xA7, 0xFA, 0xDB,
    0x12, 0xD5, 0x19, 0x87, 0xAD, 0x52, 0xFF, 0xD0, 0x5D, 0x4F, 0x4B, 0xB8, 0xDE, 0x58, 0x84, 0x0D,
    0x63, 0xA4, 0x68, 0xDD, 0x46, 0xD8, 0xC4, 0x5E, 0xD8, 0x74, 0x9F, 0x2D, 0x6C, 0xBE, 0xE5, 0x94,
    0xE5, 0xD5, 0xD3, 0x97, 0x40, 0x5E, 0xD1, 0x08, 0xF3, 0x85, 0xB5, 0x52, 0x56, 0x1F, 0x1A, 0x11,
    0x52, 0xA2, 0x63, 0xCD, 0x5B, 0x21, 0xB5, 0x6B, 0xBF, 0x15, 0x3C, 0x2B, 0x11, 0x24, 0xD9, 0x76,
    0x6B, 0x0C, 0x5A, 0x6F, 0x9D, 0x95, 0x12, 0x7B, 0x15, 0x02, 0x8B, 0x3B, 0xEF, 0x48, 0xFF, 0x8E,
    0xB2, 0xB8, 0x94, 0x75, 0x8E, 0xA6, 0xAD, 0xB7, 0x62, 0x89, 0x3E, 0xCB, 0x8F, 0xA9, 0x7A, 0x2B,
    0x2A, 0xA9, 0xEE, 0xFD, 0x96, 0x88, 0x41, 0x6F, 0xF8, 0x40, 0x1F, 0x54, 0xC3, 0xE7, 0xD5, 0x59,
    0x56, 0x7E, 0x6B, 0xF8, 0x24, 0x3E, 0x64, 0x2F, 0xAF, 0x5C, 0x3D, 0xB2, 0x68, 0x5F, 0xC0, 0x0B,
    0x03, 0xA2, 0x81, 0x30, 0xBC, 0x35, 0xC2, 0x43, 0xFF, 0xD9, 0x0C, 0xBE, 0x47, 0xE6, 0x30, 0x1B,
    0x3E, 0xA1, 0xF3, 0xF6, 0x37, 0x1B, 0x3E, 0x4C, 0x71, 0x40, 0x5F, 0x0E, 0x3A, 0xFE, 0x91, 0xD7,
    0x3E, 0xB5, 0x2A, 0x8E, 0x2B, 0xD2, 0xF5, 0x27, 0xAD, 0xEC, 0xEC, 0x2B, 0xFA, 0x64, 0xC3, 0x86,
    0x4F, 0xE4, 0xCA, 0x14, 0x36, 0x55, 0xC9, 0x83, 0xA5, 0x2A, 0x86, 0xDD, 0x51, 0x46, 0x62, 0x78,
    0xD0, 0xD3, 0x1F, 0xC3, 0x85, 0x27, 0xB1, 0x39, 0xA2, 0x97, 0xB9, 0xE0, 0x78, 0x27, 0x61, 0xA4,
    0xF4, 0xEE, 0x7C, 0x89, 0xF5, 0x49, 0x94, 0xAF, 0x42, 0x7C, 0xCF, 0x7E, 0xE0, 0x30, 0xFB, 0x09,
    0x84, 0x33, 0xAC, 0x4C, 0x9C, 0xEC, 0x6A, 0xCE, 0x9A, 0xC8, 0xC5, 0xB5, 0x65, 0x47, 0xAF, 0x38,
    0xEC, 0xF7, 0xFF, 0xE9, 0xD9, 0xEC, 0x6B, 0x61, 0x98, 0x74, 0x6A, 0xA4, 0xD0, 0xF7, 0xE9, 0x47,
    0x9A, 0xB2, 0x05, 0x42, 0x96, 0x3F, 0xA2, 0xBA, 0x8C, 0x2D, 0x61, 0xEE, 0x20, 0x71, 0x1F, 0x21,
    0x10, 0x0A, 0x73, 0x06, 0xCE, 0x86, 0x70, 0x76, 0x1F, 0xD2, 0xF4, 0x86, 0x35, 0x6E, 0x2C, 0x61,
    0xA9, 0x9D, 0x4C, 0xA1, 0x12, 0x4F, 0x3C, 0x7F, 0x26, 0x61, 0x13, 0xA9, 0xB3, 0x88, 0xF4, 0x16,
    0x88, 0xDF, 0x15, 0xDC, 0x55, 0x4B, 0xC8, 0x4A, 0xE1, 0xC5, 0x74, 0x4E, 0x23, 0x6C, 0x3C, 0x2A,
    0x52, 0x6C, 0x4E, 0xF6, 0x97, 0xBF, 0xB8, 0xCD, 0xDA, 0x88, 0xCD, 0xDA, 0xDD, 0x4E, 0x9B, 0xB5,
    0x3B, 0xB0, 0x59, 0x1B, 0xB1, 0x59, 0x6B, 0xB1, 0x59, 0x73, 0xD8, 0xAC, 0xB3, 0xD8, 0xAC, 0x83,
    0xD8, 0xAC, 0x0D, 0x90, 0x30, 0x4B, 0xA2, 0x09, 0x58, 0x61, 0x70, 0xA5, 0xDC, 0xA4, 0x25, 0x84,
    0x62, 0xCF, 0xEF, 0xC6, 0x6D, 0xB4, 0x5D, 0x9D, 0x4D, 0x2A, 0x86, 0xBD, 0x4B, 0xEA, 0xC2, 0xAD,
    0x59, 0xAA, 0xE5, 0xA7, 0x2C, 0xD5, 0xE6, 0x16, 0x2C, 0xD5, 0xDC, 0xC2, 0x52, 0x25, 0xEC, 0x67,
    0x13, 0x36, 0x05, 0x47, 0x53, 0x11, 0x40, 0x2A, 0x24, 0x0E, 0x74, 0x05, 0xEC, 0xC7, 0x02, 0xFF,
    0xD8, 0x55, 0xD1, 0xBC, 0x29, 0xD5, 0xD2, 0x96, 0xF0, 0x39, 0x08, 0xE0, 0x82, 0xCA, 0xC8, 0xF3,
    0xBA, 0xE9, 0x46, 0x9F, 0x88, 0xA0, 0x4E, 0x4F, 0xCF, 0xBF, 0x46, 0x55, 0x6C, 0x45, 0x4C, 0xC4,
    0xEA, 0xFE, 0xDB, 0x9D, 0x1E, 0x79, 0xA1, 0x2A, 0xFD, 0x5D, 0xFD, 0x1F, 0xE9, 0x07, 0xF2, 0x7E,
    0x56, 0xBB, 0x83, 0xDA, 0xDF, 0xF7, 0xEE, 0xBA, 0xCF, 0x73, 0xE7, 0xA5, 0x9F, 0x4C, 0x07, 0xEE,
    0x3C, 0x7B, 0x73, 0x77, 0x5E, 0x7D, 0x1B, 0xDC, 0x79, 0xC5, 0x57, 0x74, 0xE7, 0xA9, 0xBF, 0x0B,
    0xFE, 0x01, 0x09, 0x46, 0xC9, 0xF6, 0x16, 0x3F, 0x4F, 0x26, 0x01, 0x1B, 0x0C, 0xFC, 0xFE, 0xAD,
    0x24, 0xC0, 0x5C, 0x2C, 0x9E, 0xAC, 0x9E, 0x44, 0x7E, 0x09, 0xCC, 0x04, 0x29, 0xE5, 0x8E, 0xC5,
    0xBC, 0xE2, 0x39, 0xBF, 0xD3, 0xDC, 0x7F, 0x34, 0xE7, 0x7A, 0xCD, 0x69, 0x31, 0xC7, 0x9E, 0xE4,
    0x70, 0xC9, 0x64, 0x89, 0x17, 0xEB, 0x39, 0x5B, 0x42, 0x28, 0x76, 0xF1, 0x1D, 0xDF, 0xFF, 0xA9,
    0x6C, 0x19, 0xE7, 0x74, 0x51, 0x14, 0xCA, 0x17, 0x88, 0x5F, 0xAA, 0x7E, 0xEF, 0xAE, 0x3D, 0x07,
    0x08, 0x24, 0xC0, 0xAE, 0x98, 0x10, 0x44, 0x80, 0x1C, 0x26, 0xF8, 0xC3, 0x59, 0xF9, 0x88, 0x07,
    0x86, 0xEE, 0xE3, 0x77, 0x3B, 0x1F, 0x6C, 0x40, 0x7C, 0x3D, 0x01, 0xCA, 0x49, 0x3F, 0xA8, 0x53,
    0x86, 0x0A, 0x0E, 0xFC, 0x61, 0x34, 0xCB, 0x27, 0x82, 0x05, 0x8A, 0x16, 0x68, 0x37, 0xED, 0x9F,
    0x75, 0xD7, 0x58, 0xAC, 0x49, 0xD4, 0x84, 0xDF, 0x4D, 0x79, 0x8F, 0xA3, 0xBF, 0xAC, 0x45, 0x40,
    0x83, 0x10, 0x63, 0x6B, 0x40, 0x4C, 0x76, 0xE0, 0x3F, 0xF4, 0x75, 0xE3, 0x24, 0x94, 0x98, 0xB6,
    0xA1, 0x42, 0xB6, 0xE5, 0xA0, 0x7C, 0xEC, 0xAE, 0x3D, 0x43, 0xBB, 0x5E, 0xB3, 0x03, 0x36, 0x50,
    0xBD, 0x42, 0x40, 0x9A, 0xD7, 0xBB, 0xCA, 0x03, 0x7F, 0xB9, 0x9F, 0x94, 0x0F, 0x94, 0x24, 0xC3,
    0x61, 0x00, 0xD4, 0xBB, 0xD3, 0xEF, 0x39, 0xA4, 0x9A, 0xA7, 0x45, 0x66, 0x57, 0xAE, 0xE1, 0x38,
    0x0D, 0x51, 0xCE, 0xC0, 0xC4, 0xC3, 0xB4, 0xC3, 0x13, 0x65, 0xEA, 0x99, 0x88, 0x74, 0x98, 0x7E,
    0x68, 0xE0, 0xAD, 0x95, 0xBA, 0xBB, 0xAF, 0x5C, 0x33, 0xA4, 0x20, 0x8D, 0x1E, 0xC4, 0xF8, 0x5A,
    0x45, 0x50, 0xCB, 0xDB, 0xEA, 0xA3, 0xFD, 0x9E, 0xA4, 0xAF, 0x6C, 0x43, 0xA6, 0x27, 0x10, 0x75,
    0x0F, 0xBF, 0x58, 0xCE, 0xD1, 0xF2, 0x89, 0xF6, 0x08, 0x53, 0x15, 0xA9, 0x59, 0xC4, 0xAB, 0xDD,
    0xDF, 0x78, 0x7E, 0x24, 0x22, 0x9E, 0xE0, 0xEF, 0xEF, 0x20, 0x24, 0x7A, 0xB8, 0xDD, 0x34, 0xDB,
    0x4F, 0x75, 0x2D, 0xE5, 0xBF, 0xA9, 0x8A, 0xEE, 0x71, 0xA3, 0x6A, 0x69, 0xA2, 0x45, 0xF2, 0xA1,
    0xD0, 0xDB, 0xE2, 0x3C, 0x0D, 0xFE, 0x08, 0x41, 0x14, 0xAB, 0x7C, 0xEB, 0x24, 0x11, 0xA7, 0x66,
    0x46, 0xA0, 0x82, 0x28, 0x73, 0x08, 0xF7, 0x26, 0xEC, 0xD3, 0xE4, 0xCC, 0x0F, 0xE4, 0x51, 0x16,
    0xA0, 0x6F, 0x8E, 0x6F, 0x11, 0xDF, 0x8D, 0x66, 0x88, 0x97, 0xA4, 0x87, 0x20, 0xB2, 0x2D, 0x64,
    0x4E, 0x55, 0x73, 0x15, 0x3A, 0x48, 0xA0, 0xDD, 0x84, 0x8A, 0x63, 0x6F, 0x24, 0x81, 0x48, 0x99,
    0x46, 0x88, 0xB5, 0x86, 0xF3, 0xD4, 0x89, 0x20, 0x62, 0x05, 0xA3, 0x95, 0x70, 0x58, 0xC3, 0xC9,
    0x86, 0x11, 0xCB, 0x3F, 0x38, 0x4F, 0x43, 0x71, 0x9E, 0x46, 0x9B, 0xC4, 0xAB, 0x9A, 0x93, 0x7F,
    0xD8, 0x79, 0xFA, 0x8B, 0xDC, 0xE7, 0x3B, 0xA6, 0x32, 0xE7, 0x7A, 0x59, 0x75, 0x09, 0x89, 0x6B,
    0x10, 0x78, 0x58, 0x8D, 0xE7, 0xC7, 0x0F, 0x56, 0x3A, 0x7C, 0x8D, 0xD5, 0x90, 0xA4, 0x35, 0xE7,
    0x9C, 0xFB, 0xA4, 0x96, 0x34, 0x14, 0xD0, 0x93, 0xB8, 0x89, 0x69, 0x23, 0x97, 0x22, 0x82, 0x33,
    0xF6, 0x99, 0xF3, 0xBC, 0x53, 0xC7, 0xE1, 0xC7, 0x8C, 0xD8, 0x8E, 0xEB, 0x33, 0x97, 0xB4, 0x5C,
    0xDA, 0x92, 0xEF, 0xBF, 0x65, 0xB8, 0x64, 0xA6, 0x4A, 0xDA, 0x26, 0xA1, 0x2E, 0x66, 0xFF, 0x2F,
    0xBB, 0x80, 0x89, 0x75, 0x85, 0x4E, 0x96, 0x0E, 0x89, 0xA5, 0x7F, 0xE7, 0x6D, 0xF2, 0x60, 0x2E,
    0x21, 0x31, 0x95, 0x2D, 0x57, 0x8D, 0xAC, 0x9A, 0x13, 0xEF, 0x48, 0xC0, 0xA9, 0x8D, 0x68, 0x77,
    0x22, 0x54, 0x48, 0xE7, 0xD5, 0x3C, 0x41, 0xD5, 0xA8, 0x33, 0xF3, 0x4B, 0x59, 0xC4, 0x23, 0xAA,
    0xBD, 0x3B, 0x63, 0x40, 0x19, 0xB4, 0xDF, 0xA2, 0x84, 0xFC, 0x79, 0x0F, 0x19, 0x5C, 0x1D, 0x77,
    0x93, 0x8E, 0x6C, 0x9A, 0x45, 0x12, 0x03, 0xAF, 0xA0, 0x87, 0xA4, 0xF9, 0xCB, 0x40, 0xCB, 0x71,
    0x04, 0x9A, 0x69, 0x4C, 0xD5, 0x81, 0x78, 0x7E, 0x4E, 0x82, 0xC9, 0x9C, 0x84, 0x31, 0x32, 0x1F,
    0x26, 0x9D, 0xA5, 0xEA, 0x99, 0x1A, 0x2A, 0x60, 0x8B, 0xCB, 0x73, 0x0E, 0x49, 0x59, 0x5C, 0xEE,
    0xDC, 0x87, 0x15, 0x93, 0x1E, 0xDF, 0x27, 0xF5, 0x84, 0x4A, 0xE2, 0xCE, 0x5C, 0xCE, 0x06, 0xD1,
    0xEE, 0x10, 0xDA, 0x26, 0x6F, 0x6E, 0xDA, 0xB2, 0x64, 0x63, 0x04, 0x9C, 0x64, 0x5C, 0xB2, 0xF6,
    0xF0, 0x34, 0xC4, 0xFE, 0xE9, 0x81, 0xD8, 0xF7, 0xB9, 0xAE, 0x85, 0x1A, 0xD6, 0x2E, 0x17, 0x76,
    0x45, 0x0A, 0x50, 0x2D, 0x9B, 0x59, 0x12, 0xDE, 0x7E, 0x6E, 0xC2, 0xFC, 0x5B, 0x10, 0xDD, 0x0B,
    0x67, 0x59, 0x1D, 0xF0, 0x42, 0x4D, 0x1C, 0x1D, 0x59, 0x50, 0x71, 0xEA, 0x67, 0xD4, 0x99, 0x82,
    0xCA, 0x86, 0x39, 0x7B, 0x58, 0x9B, 0xEF, 0xDF, 0x59, 0x82, 0xFD, 0x04, 0xE4, 0xC6, 0x12, 0xD1,
    0x36, 0x45, 0xC3, 0x41, 0x33, 0x56, 0x67, 0xB2, 0x29, 0x83, 0x4D, 0xF6, 0xC4, 0x0C, 0xB7, 0x53,
    0xC5, 0x39, 0x89, 0x0D, 0x04, 0x68, 0x1E, 0x6C, 0x53, 0x4C, 0xD5, 0x46, 0xA8, 0x7D, 0x76, 0xCF,
    0xF5, 0x67, 0x7C, 0x36, 0x90, 0x64, 0x09, 0x49, 0xD2, 0x10, 0x52, 0xFE, 0x5E, 0x0B, 0x7C, 0xAA,
    0x66, 0x84, 0xA4, 0xAA, 0x18, 0x65, 0xD2, 0x80, 0x3E, 0x8F, 0xCB, 0xEB, 0x57, 0x36, 0xCF, 0xEC,
    0x1A, 0xB3, 0xBC, 0xAB, 0x4B, 0x1C, 0x0D, 0xE8, 0x19, 0x65, 0x42, 0xC2, 0x86, 0xD6, 0xB7, 0xC7,
    0x18, 0xBA, 0x6D, 0x99, 0xB1, 0xB7, 0xD6, 0xB2, 0x46, 0x5A, 0x7C, 0xC0, 0xB6, 0x2C, 0x6F, 0x37,
    0xDA, 0x6D, 0xF4, 0xFA, 0xCC, 0x51, 0xED, 0xEA, 0xA7, 0xA3, 0x6E, 0xB5, 0xE0, 0x70, 0x9F, 0x5D,
    0x62, 0x22, 0xA9, 0x90, 0x39, 0xE4, 0x98, 0xF5, 0x91, 0x3C, 0x23, 0x81, 0x64, 0x47, 0x52, 0xE5,
    0xB5, 0x60, 0x8B, 0x62, 0xAC, 0xD6, 0x62, 0xDA, 0xEF, 0x2F, 0x43, 0x58, 0xA1, 0x60, 0x0B, 0xE5,
    0x3C, 0x09, 0x9D, 0xA0, 0x4F, 0xDC, 0xBF, 0x5F, 0xE7, 0xB4, 0x00, 0x4E, 0xAB, 0x94, 0xFC, 0xD1,
    0x69, 0xD9, 0xCB, 0x83, 0xC6, 0x23, 0x61, 0x40, 0xD5, 0x50, 0x7A, 0xD8, 0x8A, 0x6A, 0x59, 0xB9,
    0xB2, 0x79, 0xD4, 0x83, 0xCF, 0xF7, 0xD0, 0x98, 0x4E, 0xFF, 0x6F, 0x50, 0x4E, 0x78, 0x3B, 0x55,
    0x8B, 0x37, 0xD5, 0x6C, 0x38, 0xD6, 0xB6, 0x89, 0x80, 0x46, 0xCE, 0xD0, 0x1F, 0x98, 0x2F, 0xFC,
    0xF9, 0x28, 0x95, 0xE0, 0x1B, 0x43, 0x39, 0x61, 0xF2, 0x31, 0x36, 0xF7, 0xAA, 0x92, 0x33, 0x83,
    0x5B, 0xEC, 0x11, 0x62, 0x9C, 0xD9, 0x9C, 0x72, 0x96, 0xCA, 0x6F, 0xA8, 0x8B, 0xB4, 0xCC, 0xB6,
    0xE2, 0x08, 0x12, 0x7E, 0x2D, 0x2E, 0x72, 0x57, 0x3E, 0x51, 0xFC, 0x6B, 0x2A, 0x42, 0x39, 0x54,
    0xB1, 0xFD, 0x6E, 0x9A, 0x3F, 0xA6, 0x64, 0x0C, 0x0A, 0xB6, 0x7D, 0x45, 0x8C, 0x7F, 0xCC, 0xD8,
    0x81, 0xC3, 0x36, 0x7E, 0xF1, 0x6B, 0x4E, 0x89, 0x2D, 0x1F, 0xFB, 0x94, 0x1C, 0xDD, 0x49, 0x96,
    0xB5, 0x2F, 0x02, 0xB0, 0x40, 0xFB, 0x25, 0x8B, 0x09, 0x64, 0xDA, 0x32, 0x8F, 0xEA, 0xA4, 0x20,
    0x4B, 0x70, 0xE7, 0x10, 0x8E, 0xC7, 0x28, 0x8B, 0xF2, 0x4A, 0xFD, 0x26, 0x71, 0x09, 0x32, 0x68,
    0xDB, 0xFB, 0x4D, 0x70, 0xEA, 0xF1, 0xE7, 0xFF, 0x2F, 0x6A, 0x76, 0xF9, 0xED, 0xFA, 0x0F, 0x91,
    0xC6, 0xB5, 0xF6, 0xCF, 0xDE, 0x71, 0x71, 0xD9, 0x60, 0x3C, 0xC4, 0xD2, 0x0A, 0x1A, 0x4F, 0x52,
    0x5F, 0x25, 0x3D, 0xF4, 0x05, 0x13, 0x96, 0xC7, 0x98, 0x89, 0xF5, 0x1F, 0x68, 0xB1, 0x5F, 0xE4,
    0x7F, 0x02, 0x26, 0x62, 0xD0, 0x29, 0x36, 0x09, 0x94, 0xA0, 0x1E, 0x46, 0x5C, 0xC4, 0x8A, 0x22,
    0x4B, 0x8D, 0x9F, 0x39, 0x24, 0x1D, 0xBF, 0x0F, 0x39, 0x55, 0x81, 0xA9, 0x92, 0x51, 0x2D, 0x3E,
    0x99, 0x37, 0xCD, 0x20, 0x0A, 0xDC, 0xF9, 0xBB, 0x2A, 0xFE, 0x9F, 0xE4, 0x8F, 0x43, 0x45, 0xAD,
    0x16, 0xD5, 0x26, 0x1B, 0xD8, 0x5D, 0x90, 0x4C, 0x19, 0x08, 0x1B, 0xBA, 0x7D, 0x51, 0xF2, 0x27,
    0xE3, 0xFA, 0xD1, 0x63, 0xBD, 0xEF, 0x7F, 0x1B, 0xF9, 0x0F, 0x45, 0xAF, 0x48, 0x45, 0x2F, 0xD1,
    0xE4, 0x0D, 0xF5, 0x17, 0xCD, 0x38, 0xF9, 0x42, 0x0C, 0x99, 0x03, 0x2F, 0x51, 0x2B, 0x99, 0xE5,
    0xB9, 0xB9, 0xEF, 0xEE, 0x4A, 0xDE, 0x30, 0x45, 0xBB, 0x24, 0x69, 0x24, 0x10, 0x4B, 0x19, 0x4C,
    0x61, 0xDE, 0x47, 0x9C, 0x01, 0xCF, 0xA7, 0x72, 0xAE, 0xB2, 0x1A, 0x63, 0x5E, 0x34, 0xE1, 0xE9,
    0x1D, 0x95, 0xB6, 0x71, 0x62, 0x44, 0x89, 0xC9, 0x8D, 0xD7, 0x62, 0x54, 0x8D, 0xA1, 0xBD, 0x8A,
    0x94, 0x61, 0x55, 0x64, 0x54, 0x93, 0xF1, 0xAA, 0xCC, 0x46, 0x97, 0x11, 0xD1, 0x7A, 0xBA, 0x68,
    0x86, 0x22, 0x5C, 0x69, 0x34, 0xD7, 0xAF, 0x08, 0xBB, 0x09, 0xF5, 0x34, 0x8C, 0x1B, 0xB7, 0x55,
    0x75, 0xD0, 0x92, 0x03, 0x10, 0xEA, 0x4B, 0x4F, 0x71, 0x28, 0xC6, 0x89, 0xC4, 0x40, 0xD7, 0x4B,
    0x75, 0xBD, 0x92, 0x43, 0x31, 0xB2, 0x62, 0x5D, 0x22, 0xD9, 0xFD, 0x7A, 0x4E, 0x62, 0x27, 0x29,
    0xE7, 0x9A, 0x9D, 0xAE, 0xC7, 0x6E, 0xD8, 0x95, 0xC7, 0xFC, 0x4E, 0x8E, 0x88, 0xD4, 0x15, 0x8C,
    0x4E, 0x4E, 0xB9, 0xE4, 0x2A, 0x56, 0x97, 0xDD, 0xDE, 0x3C, 0x6A, 0xFE, 0xC2, 0xE2, 0x80, 0xC6,
    0x5F, 0xBD, 0xCF, 0x79, 0x57, 0xBC, 0x07, 0xB3, 0x81, 0xD6, 0x75, 0x37, 0x25, 0x9D, 0xDA, 0x16,
    0xA9, 0x44, 0xB0, 0xCF, 0xAF, 0x4B, 0x47, 0x54, 0x41, 0x63, 0xE6, 0x6C, 0xC6, 0x81, 0x33, 0x19,
    0xC7, 0x4B, 0x8E, 0xE4, 0x61, 0x44, 0x36, 0x21, 0x15, 0x1D, 0x12, 0x0D, 0xD3, 0x9E, 0xB3, 0x0D,
    0xF3, 0x48, 0xCE, 0xF2, 0x7D, 0x76, 0xD1, 0x00, 0x79, 0xA5, 0x24, 0x51, 0x68, 0x26, 0x85, 0x98,
    0x7D, 0xA1, 0x4F, 0xA0, 0xC1, 0xBD, 0x44, 0x0F, 0xCD, 0x35, 0x92, 0x63, 0xC3, 0x5A, 0x32, 0x2B,
    0x3C, 0x70, 0x03, 0x6C, 0x34, 0x9E, 0xBB, 0x63, 0x61, 0x68, 0xAB, 0xE1, 0x54, 0x4F, 0xAF, 0x26,
    0x5C, 0x81, 0x14, 0xB5, 0x9C, 0x18, 0x25, 0x69, 0x45, 0xA4, 0xB3, 0xB0, 0xD5, 0xF4, 0x9A, 0x39,
    0x77, 0xE8, 0xF3, 0xFB, 0x06, 0x16, 0x46, 0xBC, 0x71, 0x8F, 0x89, 0x0B, 0x1C, 0x5A, 0x91, 0x11,
    0xBD, 0xC8, 0x88, 0x66, 0x64, 0x44, 0x37, 0x32, 0xAA, 0x1D, 0xA9, 0x7E, 0x74, 0xC8, 0xB8, 0xEF,
    0x86, 0x48, 0x5F, 0xD8, 0x22, 0x39, 0x21, 0x1E, 0x10, 0x83, 0x8F, 0x59, 0xB7, 0xE2, 0x07, 0x75,
    0xEA, 0xAF, 0xCA, 0x89, 0xD5, 0x46, 0xFC, 0x30, 0x1D, 0xBC, 0x87, 0x41, 0xA7, 0x27, 0xBA, 0x82,
    0x3B, 0x3D, 0x54, 0x27, 0x0E, 0xFB, 0x9D, 0xCC, 0x56, 0xF3, 0x0A, 0xAC, 0xF8, 0x56, 0x59, 0x65,
    0x83, 0x3A, 0x82, 0x2C, 0x49, 0x56, 0xDC, 0x40, 0x12, 0xC1, 0xE9, 0xDD, 0x95, 0x1F, 0x70, 0x49,
    0xD3, 0x4A, 0xE0, 0xAA, 0xD0, 0xB4, 0xB5, 0x9D, 0x68, 0x6E, 0x49, 0x8F, 0x90, 0x77, 0x52, 0xE3,
    0xD0, 0x75, 0x6A, 0xA0, 0x98, 0x3D, 0x68, 0x10, 0x97, 0xBC, 0xF3, 0xC3, 0xB0, 0xFB, 0xFC, 0x61,
    0x9E, 0xFA, 0x70, 0x15, 0x2B, 0x25, 0xFE, 0x45, 0x1C, 0x27, 0x23, 0x69, 0x99, 0xE0, 0x9C, 0x2E,
    0x51, 0x30, 0x67, 0x66, 0xB3, 0x36, 0x82, 0x48, 0x4F, 0x41, 0xFC, 0x47, 0x5C, 0x15, 0xBD, 0x50,
    0xC3, 0xA9, 0x0F, 0x8B, 0x09, 0xEA, 0x42, 0x39, 0xD2, 0x5C, 0x2C, 0xB7, 0x44, 0x0D, 0xC8, 0xC1,
    0x24, 0xCB, 0x13, 0x6E, 0x94, 0x85, 0x9C, 0x7B, 0x28, 0x0D, 0x1F, 0xB2, 0x60, 0x27, 0x44, 0x6E,
    0xE1, 0x58, 0xB2, 0x88, 0x49, 0x5A, 0xF4, 0x60, 0x2B, 0xEE, 0xCD, 0xEE, 0x44, 0x4A, 0x5F, 0xD8,
    0xE4, 0x13, 0x64, 0xE5, 0xE6, 0xBC, 0x4B, 0xB7, 0x96, 0x72, 0xA2, 0x27, 0xC1, 0xFD, 0xB4, 0x5E,
    0x43, 0x5C, 0x12, 0x9D, 0xFB, 0x21, 0xC4, 0xFC, 0xE5, 0x07, 0x78, 0x18, 0x05, 0xC2, 0x62, 0x26,
    0x9D, 0x9E, 0xA7, 0x6F, 0x76, 0x7C, 0x9E, 0x81, 0x1D, 0x2C, 0x34, 0x86, 0x07, 0xE9, 0xE3, 0x39,
    0x32, 0xCF, 0x73, 0xC9, 0x4B, 0x8B, 0x30, 0x8D, 0x2B, 0x3C, 0x7E, 0xD2, 0x75, 0xCA, 0x47, 0xA0,
    0x7B, 0x10, 0x05, 0xD5, 0xA4, 0xD1, 0xD0, 0xD8, 0x89, 0x79, 0xF2, 0x09, 0x36, 0x98, 0x0B, 0x64,
    0x61, 0x16, 0x34, 0xA8, 0x07, 0xD6, 0xB3, 0xE7, 0x88, 0xC8, 0x23, 0x3A, 0x8F, 0x10, 0x3F, 0xCE,
    0xAF, 0x4B, 0xD0, 0x6C, 0xF2, 0x61, 0x34, 0x79, 0xA4, 0x51, 0x6F, 0xB4, 0x04, 0x2D, 0xFA, 0x83,
    0x6A, 0x48, 0xDD, 0xB3, 0xEE, 0xA3, 0x6A, 0x4C, 0xD9, 0x17, 0xC3, 0x36, 0x1B, 0x55, 0xBB, 0x91,
    0x7D, 0x3B, 0x4D, 0x34, 0x32, 0xBD, 0x37, 0xE1, 0xC4, 0xC7, 0xBE, 0x9B, 0xE0, 0xC6, 0x92, 0x59,
    0xF0, 0x35, 0x56, 0x31, 0x70, 0x1D, 0xC9, 0x2E, 0x39, 0xAC, 0x8E, 0x2F, 0x8D, 0x8A, 0x1E, 0x1D,
    0xBC, 0xAF, 0xB7, 0x87, 0x05, 0x34, 0xF4, 0x20, 0xEB, 0x64, 0x66, 0xB3, 0xCD, 0x5B, 0x07, 0x0B,
    0x39, 0x77, 0xEA, 0x63, 0x45, 0x28, 0xC0, 0x55, 0x6D, 0xA7, 0x8B, 0x8D, 0xFD, 0x9C, 0x01, 0xF3,
    0x4B, 0x71, 0xC1, 0x5D, 0x7F, 0x5A, 0x09, 0xE2, 0x4B, 0x14, 0xF3, 0x9F, 0x84, 0x63, 0xC9, 0xD9,
    0x03, 0x39, 0xD5, 0xB9, 0x3F, 0x38, 0x8A, 0x8F, 0xD3, 0x0D, 0x3B, 0x04, 0x78, 0x5C, 0xED, 0x67,
    0x87, 0xF1, 0x57, 0xCB, 0x23, 0xD0, 0x55, 0xE8, 0xFE, 0x7F, 0x01, 0x7D, 0x92, 0x41, 0x8E, 0x16,
    0x21, 0x10, 0x46, 0xBF, 0x6E, 0xC6, 0x74, 0x26, 0x2C, 0x7A, 0x36, 0x6E, 0xDC, 0xB0, 0x71, 0x33,
    0x2B, 0x6E, 0x30, 0x85, 0x9E, 0xC0, 0x63, 0x78, 0x08, 0xB5, 0x89, 0x27, 0xF0, 0x38, 0xB3, 0xF8,
    0x15, 0x32, 0x73, 0x01, 0x8E, 0xC0, 0xC2, 0x03, 0x60, 0x82, 0x09, 0x0B, 0xE8, 0xB2, 0xF8, 0xDD,
    0x18, 0x4D, 0x4C, 0x20, 0x69, 0x42, 0x75, 0x55, 0xBD, 0x57, 0xEC, 0x0E, 0x94, 0x40, 0x05, 0xD4,
    0xB0, 0x0F, 0xAC, 0x0C, 0x1C, 0x1E, 0x3A, 0x62, 0x01, 0x1E, 0x00, 0x76, 0x2B, 0xBB, 0x8D, 0xDD,
    0x7E, 0xC2, 0xD6, 0x79, 0xF3, 0x15, 0xB8, 0x03, 0x60, 0xBC, 0xC4, 0x65, 0xB9, 0xAF, 0x50, 0xDC,
    0xA1, 0xF9, 0x84, 0xC9, 0xC1, 0x91, 0x33, 0xF1, 0x23, 0x54, 0x92, 0x10, 0xB7, 0x0C, 0xDC, 0x69,
    0xCE, 0x97, 0x9D, 0xB9, 0x5B, 0xE6, 0xFA, 0x20, 0x87, 0x1B, 0x49, 0x41, 0xCC, 0xF1, 0xCF, 0xFD,
    0x1E, 0xEB, 0x97, 0x0B, 0x54, 0xFE, 0x04, 0x9D, 0x28, 0xD9, 0x28, 0xB1, 0x5E, 0xFE, 0xC1, 0x26,
    0x79, 0x11, 0x12, 0x4C, 0x3D, 0x46, 0x38, 0xC3, 0x79, 0x0C, 0x53, 0x4D, 0xDE, 0x2A, 0x55, 0xD3,
    0x43, 0xA7, 0x53, 0xF6, 0x98, 0xDF, 0x26, 0x6D, 0x55, 0x3A, 0x92, 0xD6, 0xBF, 0x63, 0x97, 0x3E,
    0xE8, 0x33, 0x83, 0x22, 0x3B, 0x7A, 0x62, 0xBC, 0xD0, 0xA7, 0xF4, 0xDA, 0x00, 0x92, 0x5E, 0x29,
    0x02, 0x2F, 0xDD, 0xEF, 0xD0, 0x64, 0xB8, 0xD2, 0x73, 0xA7, 0x37, 0xD7, 0xF5, 0xDC, 0xE5, 0xB8,
    0xB2, 0xC7, 0x65, 0x29, 0xCB, 0xB9, 0x35, 0xC5, 0x7B, 0xD7, 0xC3, 0x36, 0xD3, 0x8E, 0x42, 0x89,
    0x7D, 0x50, 0x1D, 0x8F, 0x2A, 0x0B, 0xB9, 0x9B, 0xF4, 0x6E, 0x22, 0x4E, 0xD4, 0x89, 0x3C, 0xD1,
    0xA7, 0x02, 0x70, 0x11, 0x25, 0x09, 0xB0, 0x4E, 0xC4, 0x35, 0x84, 0xB7, 0x03, 0x2C, 0x2D, 0x84,
    0x1F, 0xEC, 0x6D, 0x0D, 0x69, 0xEB, 0xA6, 0x80, 0x55, 0x83, 0xC5, 0x23, 0x6E, 0x24, 0x8D, 0xE8,
    0x53, 0x3C, 0x30, 0x51, 0x8D, 0x20, 0x93, 0x3F, 0xE2, 0x54, 0xF0, 0x41, 0x54, 0x4C, 0x25, 0x78,
    0xB7, 0x16, 0x5D, 0x4C, 0xB4, 0x9E, 0x2A, 0x75, 0xDB, 0x74, 0x5E, 0x9B, 0x78, 0x96, 0x78, 0x59,
    0x73, 0x24, 0x20, 0xA9, 0x07, 0x0C, 0x6C, 0x6D, 0xE2, 0x1D, 0x0E, 0xAF, 0x85, 0xB5, 0xD2, 0x55,
    0x16, 0xFD, 0x47, 0x96, 0xCE, 0xD4, 0xA8, 0x53, 0x37, 0x5D, 0xB5, 0xAD, 0xEC, 0xC9, 0xFA, 0x5B,
    0xAC, 0x45, 0xCA, 0x42, 0x6C, 0x69, 0x8E, 0xB0, 0x19, 0xA6, 0xDC, 0x0B, 0x3A, 0x67, 0xE2, 0xB8,
    0x89, 0xC2, 0x57, 0xC0, 0xB7, 0x59, 0x47, 0x10, 0xE4, 0xB5, 0x08, 0xE5, 0xF1, 0xD3, 0x1F, 0xF3,
    0x36, 0xE9, 0x21, 0x30, 0x0B, 0x64, 0x80, 0xE9, 0x3A, 0x40, 0xFF, 0xEF, 0x00, 0xFF, 0x1E, 0xF8,
    0x2F, 0xED, 0x5C, 0xBD, 0x72, 0xE4, 0xC6, 0x11, 0x1E, 0x00, 0x24, 0x61, 0x1B, 0x01, 0x18, 0xDC,
    0x95, 0x02, 0x96, 0x0D, 0x07, 0x8E, 0x8D, 0x27, 0x38, 0x03, 0xBA, 0x0B, 0x15, 0x88, 0xC1, 0xD1,
    0xB1, 0xDE, 0x80, 0x2F, 0x70, 0x36, 0x70, 0x77, 0x81, 0x03, 0x27, 0xB2, 0x9F, 0x40, 0x6F, 0x20,
    0x07, 0x0E, 0x2E, 0x31, 0x01, 0x49, 0x81, 0x42, 0xE1, 0x9C, 0x28, 0x45, 0xB9, 0x18, 0x39, 0xD1,
    0xBA, 0xBC, 0xE7, 0x02, 0x5D, 0x00, 0xC6, 0xD3, 0x5F, 0xF7, 0x00, 0xB3, 0x4B, 0xB2, 0x6E, 0x75,
    0x56, 0x1D, 0xB9, 0xAB, 0x65, 0x91, 0x33, 0x58, 0x2C, 0x7E, 0x7A, 0xBA, 0xBF, 0xE9, 0xE9, 0xBF,
    0xA1, 0x52, 0x81, 0x5E, 0x28, 0xFA, 0xB1, 0x7D, 0xA8, 0x97, 0xE8, 0x63, 0xDD, 0xAF, 0xF4, 0xE9,
    0x77, 0x23, 0xFA, 0xEC, 0x1B, 0x8D, 0xBE, 0xF8, 0x98, 0xFB, 0x2A, 0xD2, 0x25, 0xF5, 0x3A, 0xD0,
    0xB5, 0xE9, 0xBC, 0x21, 0xD0, 0x8D, 0xE9, 0xFD, 0xDE, 0xD7, 0x2D, 0x3D, 0xB6, 0xF7, 0xF0, 0xE0,
    0x70, 0xA9, 0xF0, 0xE0, 0x68, 0xA1, 0xAA, 0x8E, 0x1E, 0xFB, 0xE6, 0xAC, 0xA2, 0x07, 0x27, 0x5A,
    0xEB, 0x81, 0x1E, 0x6B, 0xFA, 0x51, 0x7A, 0x7A, 0x70, 0x95, 0x9B, 0x37, 0xE7, 0xE6, 0xB1, 0x44,
    0x41, 0x8D, 0x3E, 0x32, 0xBD, 0x3F, 0x12, 0xA5, 0xAD, 0x0A, 0x47, 0xA6, 0xB4, 0x32, 0x0F, 0xAF,
    0xB4, 0xCE, 0x2B, 0x73, 0xAC, 0x9D, 0x5E, 0xDD, 0xFA, 0xE3, 0xF1, 0x30, 0xCC, 0xDD, 0xB5, 0x8C,
    0xAF, 0x59, 0xE9, 0xED, 0x79, 0xB9, 0xCE, 0x3B, 0xC3, 0x20, 0x89, 0xF6, 0x08, 0x14, 0xA6, 0x57,
    0xE7, 0xE6, 0xF1, 0x59, 0x43, 0xC3, 0x2D, 0x16, 0xBE, 0x69, 0x33, 0xD3, 0x36, 0xEA, 0x67, 0xA5,
    0xCF, 0x03, 0xA7, 0xF6, 0x44, 0x9B, 0x36, 0xD4, 0xD4, 0x26, 0xFA, 0xCF, 0xA6, 0xCD, 0x7A, 0x3A,
    0x5F, 0x74, 0xD4, 0x56, 0x4B, 0xB4, 0x1D, 0x31, 0xAA, 0xE8, 0x23, 0x33, 0x1A, 0x0C, 0xBA, 0x4C,
    0x75, 0x5F, 0xE8, 0x3A, 0xD4, 0x8B, 0xD4, 0xBC, 0xE6, 0x4C, 0x79, 0xA7, 0x37, 0x11, 0x1E, 0x81,
    0x3C, 0x26, 0x96, 0x5B, 0x3E, 0x63, 0x87, 0xA5, 0xEC, 0xE8, 0x78, 0x34, 0x99, 0x48, 0xAF, 0x0A,
    0x07, 0xC5, 0x52, 0x1A, 0x56, 0x3E, 0xAB, 0x84, 0xBF, 0x37, 0x43, 0xE1, 0xBE, 0xAA, 0xA5, 0x5F,
    0x65, 0xE1, 0x4E, 0xA3, 0x24, 0x01, 0x6D, 0x74, 0x91, 0xF2, 0xFA, 0xD8, 0xBC, 0xD7, 0x1F, 0xA8,
    0xF5, 0x86, 0x84, 0x68, 0x39, 0xCE, 0x30, 0x64, 0xA6, 0x5B, 0x3B, 0xD0, 0x78, 0xEA, 0xC8, 0xE6,
    0x8E, 0x51, 0xE2, 0x89, 0xF4, 0x22, 0x91, 0x66, 0x2A, 0x7D, 0xC5, 0xBD, 0x2F, 0x52, 0x8B, 0x47,
    0x1E, 0x72, 0xDC, 0xF2, 0xD7, 0x87, 0xEB, 0x93, 0x23, 0x95, 0x5E, 0xE6, 0x80, 0x95, 0x76, 0xA4,
    0x3B, 0xFE, 0x5A, 0xF3, 0xC8, 0x8B, 0xBF, 0x33, 0xEF, 0x46, 0x95, 0xE2, 0xC2, 0xBF, 0xAA, 0xB0,
    0xFC, 0x31, 0xA0, 0x25, 0x02, 0x55, 0x19, 0xB8, 0x07, 0x0A, 0x02, 0xD0, 0x13, 0x83, 0xDA, 0x0C,
    0x3C, 0x2A, 0xC0, 0x98, 0x5F, 0x31, 0x2A, 0x7A, 0x66, 0x02, 0x0F, 0xB9, 0x06, 0x03, 0xE9, 0xFA,
    0x02, 0x54, 0xEB, 0x8F, 0x7A, 0x0C, 0x85, 0xDE, 0x6E, 0x84, 0x6B, 0xCE, 0xE4, 0xEA, 0x60, 0x5D,
    0x59, 0xDD, 0x2D, 0xAE, 0x42, 0x56, 0x22, 0x2A, 0x5E, 0x4A, 0x2F, 0x4A, 0x83, 0x07, 0x4C, 0xDC,
    0x12, 0x20, 0x15, 0x8C, 0x0F, 0x23, 0x21, 0x21, 0xFC, 0xC1, 0x1E, 0x57, 0x9B, 0xE3, 0x2A, 0x61,
    0x62, 0xC1, 0xEC, 0x02, 0x23, 0xCA, 0x06, 0xD6, 0x4B, 0x39, 0x74, 0x0E, 0xBE, 0x38, 0xE1, 0x21,
    0x97, 0xBB, 0x80, 0x2B, 0x07, 0x18, 0xAC, 0x91, 0x3C, 0xCD, 0x48, 0x0A, 0xBA, 0x14, 0xC3, 0x0C,
    0xFA, 0x44, 0x7A, 0xFE, 0xAC, 0x4E, 0xAB, 0x56, 0x34, 0x19, 0x4F, 0xC1, 0x27, 0x2C, 0x60, 0xFD,
    0x55, 0xEF, 0xE2, 0x61, 0x92, 0xBF, 0xE0, 0xA9, 0x7A, 0xCD, 0x97, 0x5B, 0x3C, 0xFD, 0x45, 0x05,
    0xF9, 0x8F, 0x66, 0x55, 0x53, 0xFC, 0xB2, 0x08, 0x67, 0xE2, 0x86, 0x1E, 0x94, 0xB4, 0xB4, 0xBC,
    0x9B, 0xE3, 0x52, 0xF0, 0x63, 0x96, 0xBB, 0x81, 0x8E, 0x68, 0x82, 0xC7, 0xFA, 0x9B, 0xC5, 0xD6,
    0x21, 0x29, 0xBA, 0x54, 0x39, 0xDB, 0x39, 0x8F, 0x01, 0x90, 0x42, 0x80, 0x64, 0xAE, 0x87, 0xC4,
    0x97, 0xE7, 0xCC, 0x8F, 0x63, 0x7F, 0xD8, 0x6B, 0xA4, 0xCD, 0x11, 0x94, 0x7E, 0xEA, 0x11, 0x51,
    0x83, 0x59, 0xF0, 0x7C, 0x62, 0xBD, 0xB9, 0x8B, 0x9E, 0x1B, 0xBC, 0xAE, 0xE8, 0x6D, 0x79, 0xB4,
    0xDC, 0x09, 0x2D, 0xB4, 0xC7, 0xC0, 0x7B, 0xF1, 0xA0, 0x76, 0x67, 0xB5, 0xDA, 0xD4, 0x07, 0x7B,
    0x25, 0xC0, 0xB0, 0xE6, 0x92, 0x9C, 0xCF, 0xE4, 0xB3, 0xE0, 0x2B, 0xB0, 0x56, 0x94, 0x58, 0x57,
    0xBE, 0xF0, 0xFC, 0x13, 0x3E, 0xF2, 0x96, 0x2A, 0x04, 0x23, 0x7B, 0x15, 0xA3, 0xD7, 0x79, 0x51,
    0x8A, 0x8E, 0x13, 0xDF, 0x6E, 0x14, 0xBE, 0xF3, 0xF3, 0x3C, 0xFD, 0xE9, 0x8D, 0xF2, 0xDA, 0x55,
    0x7C, 0xFA, 0xED, 0x6C, 0x9B, 0xB2, 0xF1, 0x0D, 0x46, 0x88, 0x4D, 0x8E, 0xB1, 0x24, 0x40, 0xE4,
    0x4F, 0x67, 0x5E, 0xF8, 0xB5, 0xFA, 0x85, 0x45, 0x5A, 0xB0, 0x54, 0xBF, 0x27, 0x5F, 0xCF, 0x1B,
    0x60, 0x80, 0xF4, 0x16, 0x63, 0x86, 0x42, 0xBA, 0x2D, 0x1C, 0xD5, 0xFD, 0xC2, 0x61, 0x2C, 0xF8,
    0xC8, 0xC4, 0xE8, 0xCE, 0xC4, 0xE8, 0xCE, 0xC6, 0x55, 0xAB, 0xDC, 0xAB, 0xAC, 0x37, 0x28, 0xBD,
    0x3A, 0xDD, 0xE3, 0x6A, 0x73, 0x5C, 0x3D, 0xE2, 0x39, 0xCA, 0xA4, 0xB5, 0xF3, 0x7C, 0x65, 0x36,
    0x1F, 0xF1, 0x17, 0xBC, 0x12, 0x78, 0xF9, 0x2E, 0xE0, 0xEA, 0xED, 0x31, 0x23, 0x59, 0x07, 0xD7,
    0x63, 0x46, 0xD9, 0x6A, 0xCC, 0xE8, 0x93, 0xEA, 0xF1, 0x1E, 0x5F, 0x9B, 0xC7, 0x9C, 0x72, 0x98,
    0xA9, 0x0B, 0x22, 0x88, 0xE2, 0x4C, 0x41, 0x4F, 0x9A, 0x8C, 0x8F, 0x25, 0x1C, 0xE7, 0x81, 0x6E,
    0x1F, 0xA3, 0x81, 0xFD, 0xBA, 0xCD, 0x28, 0x4B, 0x5A, 0x4F, 0xA4, 0xFF, 0xA4, 0x71, 0x2C, 0x74,
    0x0F, 0xE6, 0x25, 0x45, 0xB0, 0x0A, 0x96, 0x9A, 0x3A, 0xEA, 0xF7, 0xDA, 0x6A, 0x73, 0x34, 0x15,
    0xE5, 0x01, 0x8D, 0xF9, 0x2A, 0x56, 0x62, 0xA3, 0xB3, 0x6C, 0xA3, 0x17, 0x34, 0x1C, 0x4F, 0x9D,
    0xB4, 0xBB, 0xA0, 0xA1, 0xF6, 0x58, 0x78, 0x9F, 0x16, 0xFB, 0x2E, 0xAC, 0x65, 0x9B, 0xD9, 0xEA,
    0x78, 0x4E, 0xED, 0xB4, 0x8D, 0xAF, 0xDF, 0xFC, 0x56, 0xB7, 0x24, 0xBE, 0x0C, 0x6D, 0xBC, 0xA0,
    0x36, 0x42, 0x1B, 0x7E, 0xC6, 0x62, 0x35, 0x6D, 0xD0, 0x50, 0x1B, 0xA1, 0x8D, 0x1B, 0x28, 0xB1,
    0xF5, 0xF6, 0xCD, 0xB9, 0x73, 0x4D, 0x88, 0x96, 0xEF, 0x15, 0x78, 0x04, 0x1D, 0x9E, 0x8C, 0x36,
    0x5E, 0x06, 0xDA, 0x60, 0x63, 0x09, 0x1A, 0x16, 0x6E, 0x7B, 0x93, 0x34, 0x4F, 0x9C, 0x10, 0x61,
    0x35, 0xCE, 0xAD, 0x04, 0x0D, 0xF1, 0xED, 0x59, 0x4E, 0x4C, 0x1D, 0x48, 0x12, 0xBA, 0x26, 0xC5,
    0xB0, 0x88, 0x0C, 0x50, 0x96, 0xC9, 0x60, 0x38, 0x9B, 0xF5, 0xB6, 0x31, 0xF3, 0x46, 0xF7, 0xD5,
    0xDC, 0x0C, 0x67, 0x67, 0xA7, 0x05, 0xC9, 0x18, 0x0D, 0x19, 0x3C, 0xC7, 0xA9, 0x2E, 0xBD, 0x65,
    0xAC, 0xFF, 0xFB, 0x79, 0x4F, 0xE2, 0x59, 0xF2, 0xE8, 0x52, 0xC0, 0xF7, 0x6C, 0x15, 0x71, 0x55,
    0x29, 0xB6, 0x37, 0x66, 0x95, 0x34, 0xED, 0x4A, 0x2A, 0xC9, 0xB3, 0x11, 0x29, 0x98, 0xE6, 0x34,
    0x87, 0xD2, 0x66, 0x8E, 0x48, 0x79, 0xE2, 0x23, 0xF2, 0x30, 0x30, 0xF4, 0x64, 0x52, 0x5F, 0xDB,
    0x22, 0xAA, 0x23, 0x1A, 0x72, 0x4A, 0x13, 0xA5, 0x20, 0xB3, 0xA9, 0x7A, 0x6C, 0x9A, 0x82, 0xA2,
    0x95, 0x07, 0x71, 0x6F, 0x4D, 0xA6, 0x82, 0x00, 0x08, 0xCD, 0xF5, 0x70, 0x62, 0xCD, 0xFB, 0x12,
    0x98, 0x7F, 0xA5, 0x8E, 0x31, 0x13, 0x5E, 0x11, 0x99, 0xA4, 0x27, 0x33, 0xD0, 0xFE, 0xE8, 0x84,
    0x26, 0xC7, 0xC1, 0x7A, 0xDE, 0x6F, 0x0B, 0xD8, 0x1E, 0x93, 0x61, 0x01, 0xAB, 0x82, 0x88, 0x84,
    0x3D, 0x21, 0xC6, 0xC4, 0x51, 0x77, 0x7D, 0xF2, 0xBC, 0xBF, 0x89, 0xF1, 0x3B, 0x35, 0x25, 0x0C,
    0x43, 0xCD, 0x26, 0x1F, 0xA6, 0xC9, 0x60, 0x95, 0x9E, 0x19, 0xE0, 0xAA, 0x13, 0x41, 0x73, 0x03,
    0x0A, 0x39, 0x5D, 0x4E, 0xC9, 0x3B, 0x0F, 0x93, 0x25, 0x84, 0xB1, 0x14, 0x77, 0x45, 0x4B, 0x79,
    0x02, 0x0A, 0xBF, 0x19, 0x0D, 0xBD, 0xD8, 0xA2, 0xA9, 0xE1, 0xD1, 0x88, 0xC2, 0xDE, 0xA6, 0x26,
    0x69, 0x68, 0x48, 0x4A, 0x46, 0x08, 0x4E, 0xB7, 0x53, 0x2E, 0x32, 0xB3, 0xF1, 0xB8, 0x80, 0xBF,
    0xED, 0x88, 0x6D, 0x86, 0x63, 0xD9, 0x6B, 0x4D, 0xEB, 0x61, 0x56, 0xAB, 0x8E, 0xD6, 0xFE, 0x63,
    0xE5, 0xDD, 0x8D, 0x54, 0x21, 0x18, 0xF6, 0x87, 0x02, 0x89, 0xA2, 0x3B, 0x2E, 0xE2, 0x89, 0xA4,
    0x1D, 0xD6, 0x93, 0xAB, 0x3B, 0x2A, 0x55, 0xA4, 0x07, 0x11, 0x7F, 0x81, 0xCE, 0x46, 0xFC, 0x81,
    0xF9, 0x81, 0x7C, 0x20, 0x27, 0x03, 0x1F, 0x6C, 0x81, 0x54, 0x57, 0x1C, 0x60, 0x76, 0x7F, 0xD9,
    0xF9, 0xE5, 0x72, 0x09, 0x3E, 0x3E, 0x60, 0xB7, 0x97, 0x3C, 0xB3, 0x08, 0xAB, 0x56, 0xB6, 0x24,
    0x65, 0x29, 0xF3, 0x79, 0x96, 0x67, 0xD2, 0x91, 0x92, 0xCF, 0x4A, 0x0A, 0xEB, 0xFD, 0x5C, 0xA9,
    0xCF, 0xB6, 0x6C, 0x01, 0x43, 0x52, 0x8E, 0x21, 0xDA, 0x90, 0xFD, 0x47, 0x83, 0x09, 0x91, 0x96,
    0x0B, 0x3A, 0xA9, 0x84, 0x30, 0xE7, 0xB3, 0x00, 0x86, 0xEA, 0x57, 0xC8, 0x1E, 0xFD, 0xBB, 0xB7,
    0x41, 0xF3, 0x84, 0xED, 0x5A, 0x12, 0x2B, 0xCB, 0x95, 0x05, 0x7B, 0x4D, 0xB2, 0x96, 0xF1, 0x90,
    0x2E, 0xC4, 0x0B, 0xEF, 0x65, 0xA1, 0x20, 0x60, 0x05, 0x09, 0xAF, 0xFC, 0x42, 0xC8, 0xAA, 0x72,
    0x5B, 0x92, 0x33, 0xCB, 0x58, 0x5A, 0x88, 0x5A, 0x41, 0xD6, 0x0A, 0xC2, 0x86, 0x45, 0xB9, 0x14,
    0x2E, 0x89, 0xBC, 0xF9, 0xBD, 0xC6, 0x9B, 0x3E, 0x26, 0x9A, 0xDB, 0x67, 0xB0, 0xC6, 0x7B, 0x67,
    0x15, 0x6C, 0xB1, 0x0A, 0x96, 0xBB, 0x3E, 0x77, 0x0D, 0xC5, 0xC6, 0x2A, 0xD7, 0x2F, 0x16, 0x9C,
    0x32, 0x83, 0x37, 0xBE, 0x3C, 0x37, 0x33, 0x98, 0x33, 0x65, 0xF7, 0x7D, 0xC6, 0xEE, 0xEA, 0x3A,
    0xF9, 0x6E, 0xD6, 0xFE, 0x96, 0xE8, 0xD7, 0x0D, 0x9C, 0x04, 0x5F, 0x5F, 0x82, 0xF4, 0xEC, 0xB1,
    0x56, 0xC5, 0x73, 0x43, 0xFA, 0x4B, 0xCD, 0xAB, 0x4B, 0xB6, 0xE4, 0x0A, 0x89, 0xAC, 0xB6, 0xB2,
    0xAC, 0xED, 0xDF, 0x07, 0xE6, 0x7A, 0xE2, 0xEB, 0x0F, 0xF5, 0xE7, 0x1B, 0x9D, 0xE1, 0x3E, 0x9F,
    0xE9, 0x6A, 0xAF, 0xD1, 0x75, 0x48, 0x74, 0xA5, 0x0E, 0x5D, 0xB3, 0x35, 0x6F, 0x80, 0xD8, 0x1B,
    0x39, 0xF0, 0x9F, 0x47, 0x00, 0xCD, 0xBE, 0xCF, 0xDF, 0x40, 0x40, 0x6E, 0x23, 0x08, 0x04, 0xD8,
    0x78, 0xAF, 0x63, 0x9D, 0x7E, 0x8C, 0x8B, 0x02, 0xEC, 0x9A, 0x6B, 0x02, 0xE8, 0xD1, 0x05, 0xCE,
    0xF9, 0x23, 0xF9, 0xD0, 0x31, 0x7E, 0xCD, 0x81, 0xBF, 0x1A, 0x03, 0x30, 0x2E, 0x79, 0x85, 0xDF,
    0x13, 0xC2, 0xD4, 0x5B, 0x7F, 0x9B, 0x42, 0x8F, 0x06, 0x57, 0x95, 0x44, 0x70, 0xA4, 0xF6, 0xD0,
    0x9C, 0x8F, 0x88, 0x01, 0xAD, 0x39, 0xF0, 0x08, 0x1A, 0x1E, 0xE3, 0xA8, 0x40, 0xBC, 0x84, 0x40,
    0x06, 0x2F, 0x0B, 0x9A, 0xDB, 0xA0, 0xBD, 0xD2, 0x22, 0xA0, 0x92, 0x22, 0x19, 0x20, 0x2E, 0x27,
    0x5C, 0x91, 0xC5, 0xED, 0x73, 0x7C, 0xC0, 0xD3, 0x4B, 0x04, 0xF0, 0x75, 0x87, 0x89, 0xA3, 0x7B,
    0xE9, 0x8A, 0xDB, 0x3B, 0xB9, 0xB2, 0xE3, 0xFB, 0xCC, 0x74, 0x45, 0xD5, 0x57, 0x4A, 0x65, 0x13,
    0xBA, 0x8D, 0x91, 0x14, 0x6F, 0x28, 0x98, 0x10, 0xD2, 0x38, 0xCC, 0xB4, 0xD6, 0xE6, 0xFC, 0xA0,
    0xE8, 0xDE, 0x02, 0xEB, 0x8E, 0x39, 0x03, 0x8E, 0x7A, 0x95, 0xBE, 0x9A, 0x43, 0x23, 0x37, 0x87,
    0x66, 0x38, 0x28, 0x61, 0x03, 0x32, 0xD2, 0xC9, 0x49, 0xB9, 0xE4, 0xE1, 0x29, 0x16, 0x4C, 0x5A,
    0x77, 0x2B, 0x0D, 0xB1, 0xD0, 0xF0, 0x0D, 0x1D, 0xC6, 0xD7, 0x49, 0x46, 0x8A, 0x1C, 0x65, 0x84,
    0xB7, 0x3A, 0xA3, 0x75, 0xAF, 0x36, 0x93, 0xD3, 0xF0, 0xB7, 0xA2, 0xB6, 0x71, 0x5A, 0x39, 0x5F,
    0xE0, 0x9A, 0x8C, 0x04, 0x59, 0x9A, 0x01, 0xC5, 0xF4, 0x5B, 0x1B, 0x36, 0x11, 0x67, 0x3B, 0x28,
    0xB5, 0x76, 0xCA, 0x7F, 0x9F, 0x5D, 0x0B, 0x2C, 0xC1, 0x75, 0x65, 0x0D, 0xE7, 0x23, 0x18, 0xE4,
    0x63, 0xF1, 0xE7, 0x33, 0xFC, 0xED, 0xA4, 0xBD, 0x38, 0x50, 0xC6, 0x31, 0x23, 0x6F, 0x80, 0x0F,
    0xEC, 0x8D, 0x5C, 0xA6, 0x88, 0x22, 0xCB, 0x39, 0x8D, 0x20, 0xB1, 0x28, 0x89, 0x63, 0x69, 0x89,
    0x26, 0xED, 0x96, 0xD8, 0x49, 0xBD, 0x91, 0x6E, 0x46, 0xF0, 0xE9, 0x05, 0x3D, 0x39, 0xFB, 0x02,
    0xED, 0x97, 0xD4, 0x1E, 0x46, 0xD0, 0xE9, 0x69, 0x37, 0x67, 0xF9, 0x58, 0xDD, 0x39, 0x8A, 0xE5,
    0xAE, 0x61, 0x10, 0xB0, 0x94, 0x38, 0x3C, 0x23, 0xD5, 0x6A, 0x22, 0x78, 0xC9, 0x1F, 0x25, 0x9C,
    0x25, 0xCA, 0x38, 0xF4, 0xFA, 0x93, 0x55, 0xE8, 0xFC, 0x4D, 0xD8, 0x90, 0xBB, 0x37, 0xF0, 0xED,
    0x92, 0x76, 0xD2, 0x7F, 0xD0, 0x9C, 0x3A, 0xA7, 0xA5, 0xC2, 0x6B, 0x55, 0xB4, 0x6B, 0x38, 0x60,
    0x17, 0xB2, 0x9F, 0x59, 0x85, 0xD7, 0x79, 0x98, 0x21, 0x21, 0x18, 0x13, 0x5D, 0x82, 0x49, 0x62,
    0x8C, 0xF3, 0x04, 0x6A, 0xA7, 0x6B, 0x02, 0xF0, 0x29, 0x86, 0xC2, 0x4C, 0x5B, 0x9A, 0x5F, 0x45,
    0x99, 0x36, 0xC4, 0x5A, 0xF2, 0xC7, 0x8E, 0x95, 0x5A, 0x9F, 0xAF, 0x77, 0x8B, 0x18, 0xC9, 0x5A,
    0xA7, 0xAD, 0x9B, 0xB3, 0xCE, 0x6C, 0x9C, 0xBE, 0x76, 0x13, 0xD6, 0x36, 0x5F, 0x7D, 0xBA, 0x47,
    0x8C, 0x83, 0x98, 0x00, 0x9C, 0x8B, 0xBA, 0xB9, 0x92, 0x24, 0x92, 0xBC, 0xE0, 0x62, 0x2E, 0xF5,
    0x96, 0xF2, 0xB6, 0x07, 0xBB, 0x80, 0x98, 0x79, 0x9D, 0x19, 0x38, 0xCE, 0x82, 0xE1, 0x46, 0x8B,
    0x02, 0xE1, 0x86, 0x05, 0x14, 0xA3, 0x7C, 0x52, 0x1F, 0x32, 0x82, 0x38, 0x72, 0x7C, 0x81, 0x75,
    0xC5, 0xD7, 0x7F, 0x44, 0xD2, 0xC5, 0x42, 0x85, 0xF3, 0xA9, 0x02, 0x95, 0x97, 0x9A, 0x27, 0x1F,
    0x16, 0xA9, 0x66, 0xF7, 0x94, 0xCB, 0xC6, 0xC9, 0xE5, 0xF4, 0x39, 0xDD, 0x5E, 0xFD, 0x03, 0x6F,
    0xFC, 0xCF, 0xB0, 0x75, 0x20, 0x91, 0x74, 0x72, 0x35, 0x22, 0x23, 0xC8, 0xCC, 0xF0, 0x39, 0x0B,
    0x16, 0xB4, 0xEC, 0x21, 0xE5, 0x61, 0xB7, 0x57, 0x24, 0x0E, 0x3A, 0x0C, 0x3B, 0x72, 0xA2, 0xFD,
    0x4F, 0x0B, 0x1B, 0xEE, 0xA8, 0x10, 0x18, 0x79, 0x95, 0xD2, 0xB5, 0xC7, 0x6C, 0x66, 0x6E, 0xBD,
    0xF2, 0xD8, 0x5B, 0x18, 0xEF, 0xEA, 0x60, 0xEC, 0xCC, 0xBA, 0xB1, 0xA9, 0x8B, 0x62, 0x77, 0x4D,
    0x4D, 0xDB, 0xA6, 0xA6, 0x7D, 0x53, 0x76, 0xE3, 0xD4, 0xB4, 0x73, 0x4A, 0x45, 0xB2, 0x75, 0x6A,
    0xDA, 0x3B, 0x85, 0xF8, 0xBE, 0xDF, 0x09, 0x74, 0xB0, 0x30, 0x13, 0x78, 0x08, 0x11, 0x80, 0x8F,
    0x21, 0x98, 0x01, 0x14, 0x51, 0x0C, 0xE6, 0x8A, 0x20, 0x54, 0x08, 0x88, 0xEA, 0x51, 0x31, 0x8C,
    0xBE, 0xED, 0x15, 0x03, 0xC9, 0x10, 0xC7, 0x50, 0x32, 0xDF, 0x33, 0x98, 0x28, 0x67, 0x3E, 0x4A,
    0x62, 0x41, 0x60, 0x62, 0x0F, 0x7A, 0x59, 0x19, 0xDF, 0x72, 0x30, 0xDF, 0xC5, 0xF0, 0x22, 0xFC,
    0xCB, 0xBE, 0xA5, 0x44, 0x0B, 0x2B, 0x04, 0x64, 0x8C, 0x84, 0xD0, 0x46, 0x90, 0x88, 0xF4, 0x09,
    0x6A, 0x13, 0xD8, 0x26, 0xB8, 0xCD, 0x80, 0x73, 0x21, 0xF7, 0x4C, 0xCD, 0xF9, 0x2E, 0x59, 0x8F,
    0x55, 0xA4, 0x6D, 0xBD, 0xD8, 0x05, 0x3C, 0x1A, 0xA4, 0x4C, 0x74, 0x8E, 0xAA, 0x89, 0x8E, 0x5F,
    0x7C, 0x6C, 0xF7, 0xB7, 0xA8, 0xB8, 0x01, 0x80, 0x92, 0x1A, 0x08, 0x32, 0x60, 0xA4, 0x80, 0x54,
    0x91, 0x13, 0x86, 0x86, 0x91, 0x41, 0xD4, 0x31, 0x8A, 0x5A, 0x05, 0x18, 0x95, 0x8A, 0x71, 0xA4,
    0x18, 0x30, 0x8A, 0x31, 0xB4, 0xD2, 0x4D, 0xDF, 0x31, 0x9A, 0x88, 0x27, 0x74, 0x1F, 0xE3, 0x49,
    0x00, 0x25, 0x88, 0xB2, 0x90, 0x9A, 0xCA, 0xBE, 0x05, 0x54, 0xBF, 0x71, 0x43, 0x57, 0x6A, 0x2E,
    0x0A, 0x74, 0x40, 0xC2, 0x8C, 0x65, 0xB8, 0xD8, 0x08, 0x4A, 0xDA, 0xD8, 0xF9, 0x97, 0xEF, 0x51,
    0x62, 0x51, 0x22, 0xFB, 0xC9, 0xE2, 0x85, 0x5B, 0x46, 0x28, 0xD5, 0xD1, 0x94, 0x23, 0xBD, 0x40,
    0x18, 0x13, 0x28, 0x49, 0x5A, 0xA0, 0x24, 0x68, 0xB9, 0xB4, 0x26, 0xBF, 0xE7, 0x28, 0x71, 0x4C,
    0x2F, 0x81, 0x49, 0x25, 0x9A, 0x83, 0x77, 0x94, 0x2A, 0xBB, 0xA9, 0x14, 0x67, 0x12, 0x31, 0x4C,
    0x8E, 0xED, 0xAE, 0x5B, 0xBB, 0x05, 0xC1, 0xCE, 0x1F, 0xD6, 0xC9, 0x7B, 0xDC, 0xAC, 0x2E, 0x68,
    0x1C, 0x3D, 0x91, 0x24, 0x93, 0xC4, 0x4F, 0x24, 0x80, 0x62, 0x3F, 0x51, 0x08, 0xE5, 0x02, 0x31,
    0x14, 0xA0, 0x28, 0x63, 0x14, 0x65, 0x35, 0xC8, 0x78, 0x78, 0xDF, 0x51, 0x94, 0xD9, 0x72, 0x35,
    0x3D, 0xB0, 0xDB, 0xEC, 0xDB, 0xBA, 0x2E, 0xAE, 0xED, 0xA3, 0x69, 0xF2, 0x85, 0x96, 0x2A, 0x5C,
    0xDE, 0x85, 0x63, 0x59, 0xB3, 0x87, 0x8A, 0xAC, 0xD3, 0x4B, 0x58, 0x25, 0xA9, 0x7E, 0xD1, 0xCE,
    0xDB, 0xC1, 0xE8, 0xF2, 0x0B, 0x6C, 0x06, 0x7B, 0xC2, 0x19, 0xAE, 0xC0, 0xBA, 0x8D, 0x8D, 0x9A,
    0x77, 0x58, 0xDE, 0x67, 0xDD, 0xB2, 0x97, 0xEF, 0xD9, 0x5B, 0xAB, 0x1B, 0xAD, 0x39, 0x3B, 0xD7,
    0x35, 0xCE, 0x07, 0xD3, 0x57, 0xEE, 0xFF, 0x49, 0xB8, 0x70, 0xB7, 0xE1, 0x6C, 0x1D, 0x24, 0x1C,
    0x63, 0xB7, 0x71, 0xA2, 0xB0, 0x6C, 0xE8, 0xDA, 0x4E, 0x4E, 0xB2, 0xC5, 0x4B, 0x45, 0xA3, 0x31,
    0xD2, 0x2D, 0x4E, 0x87, 0xDA, 0xD7, 0xAA, 0x41, 0x16, 0x8E, 0xF4, 0xE4, 0x0F, 0xDF, 0xA1, 0x28,
    0x36, 0x2B, 0xD1, 0x15, 0xA5, 0xCF, 0x59, 0x24, 0x10, 0x66, 0xB0, 0x07, 0x5B, 0x1E, 0x39, 0x4D,
    0xAA, 0x25, 0xCD, 0xF4, 0x3F, 0xC9, 0xA8, 0x4A, 0x18, 0x08, 0x5C, 0x10, 0x4A, 0x74, 0x0F, 0x8E,
    0x8B, 0xB6, 0x26, 0x7C, 0xAB, 0x1F, 0xC5, 0xA1, 0x69, 0x9D, 0x6E, 0x92, 0x65, 0x8E, 0x7A, 0xD5,
    0x98, 0xF2, 0xBC, 0xE4, 0xB3, 0xA1, 0x4B, 0x4D, 0xF7, 0x81, 0x6E, 0x8F, 0x90, 0x04, 0x6B, 0xD5,
    0xFF, 0xD1, 0x19, 0x67, 0xCD, 0xE7, 0x74, 0x1A, 0xF2, 0x99, 0x7A, 0xFC, 0x9C, 0x88, 0xD7, 0x94,
    0xD4, 0x2A, 0xC9, 0xE7, 0x2C, 0x4C, 0x67, 0xF0, 0x91, 0x11, 0xCE, 0x6E, 0x44, 0xB1, 0xEC, 0xAB,
    0xE0, 0xFA, 0x30, 0x2A, 0x60, 0x70, 0x3A, 0x39, 0xB9, 0x1A, 0xCA, 0xE0, 0x32, 0xE3, 0x69, 0x21,
    0x7C, 0x8C, 0x6B, 0x28, 0x2D, 0x49, 0x9F, 0x5E, 0x6A, 0x77, 0xAF, 0x7E, 0xB6, 0x74, 0x36, 0x97,
    0xDB, 0xEC, 0xA9, 0xDA, 0x35, 0x30, 0xDC, 0x12, 0x29, 0x6C, 0xF8, 0x13, 0xEA, 0x7D, 0x3F, 0x64,
    0x7E, 0x86, 0xDA, 0xF5, 0xF8, 0x64, 0x09, 0x3D, 0x3C, 0xBD, 0x26, 0x93, 0xFB, 0x86, 0x97, 0x5F,
    0xDB, 0x03, 0x5B, 0xE7, 0x6D, 0x77, 0x0F, 0x72, 0xC9, 0x38, 0x98, 0x30, 0xDA, 0x29, 0x21, 0x0E,
    0xCA, 0xBC, 0xE7, 0x99, 0x02, 0x1D, 0xC3, 0x54, 0xFC, 0x9E, 0xB3, 0xB4, 0xBF, 0xD6, 0xA5, 0x3D,
    0xA8, 0xF9, 0xE0, 0x4B, 0xCA, 0xDA, 0x5E, 0xA9, 0x43, 0xA3, 0x82, 0x4A, 0xC8, 0xAB, 0xA8, 0xB3,
    0x5C, 0x04, 0x57, 0x71, 0xA2, 0x3E, 0xFB, 0xBA, 0x97, 0x03, 0x64, 0x85, 0x71, 0x50, 0xCA, 0xC1,
    0xA5, 0x24, 0xF3, 0xB3, 0xFA, 0x5D, 0x0F, 0x04, 0x1D, 0x2B, 0x07, 0x9C, 0x74, 0x66, 0x4D, 0x86,
    0x2A, 0x01, 0x41, 0x09, 0x59, 0x49, 0x52, 0x80, 0x2E, 0x48, 0x99, 0xB0, 0x32, 0xA3, 0x65, 0xC2,
    0x8B, 0x8B, 0x98, 0x58, 0x38, 0x27, 0x93, 0x42, 0xC9, 0xFF, 0x16, 0xB0, 0x19, 0x48, 0xE2, 0x2C,
    0x2D, 0x0D, 0xC6, 0x94, 0xF4, 0x79, 0xD7, 0x3C, 0x6B, 0x92, 0x24, 0xE7, 0xFE, 0xC0, 0xF1, 0x01,
    0x63, 0xBB, 0xD0, 0xD4, 0x0C, 0x98, 0xB4, 0x66, 0xC4, 0x64, 0x39, 0x20, 0xF3, 0xAF, 0x91, 0x30,
    0x13, 0x52, 0x14, 0x04, 0xC2, 0x37, 0xB7, 0xA3, 0xBF, 0x52, 0x16, 0x0C, 0xDF, 0xBB, 0xF7, 0xB8,
    0x60, 0x05, 0x75, 0x26, 0x50, 0xEE, 0x82, 0x1F, 0x0B, 0x20, 0x8B, 0xA0, 0x09, 0x42, 0x13, 0x86,
    0x42, 0x3B, 0xF9, 0x63, 0xEB, 0x75, 0x24, 0x16, 0x13, 0x13, 0x86, 0xEC, 0x1E, 0x30, 0x9B, 0xDA,
    0x5B, 0xA9, 0xA2, 0xFD, 0xE5, 0x1E, 0x44, 0x13, 0x88, 0x64, 0x8B, 0xAF, 0x2D, 0x7E, 0x08, 0x74,
    0xBE, 0x1A, 0x00, 0xA0, 0x57, 0x5F, 0x70, 0x81, 0x0E, 0xCE, 0x05, 0xBD, 0x2C, 0x47, 0xCF, 0xA4,
    0x3F, 0xD8, 0x4E, 0x10, 0xAD, 0x3B, 0x63, 0x36, 0x9B, 0x3D, 0xBB, 0x60, 0x93, 0x4B, 0xE6, 0x9C,
    0x51, 0x91, 0x05, 0x4E, 0x6A, 0xD1, 0x64, 0x77, 0xB1, 0x92, 0xC8, 0xF6, 0xB0, 0x5A, 0x37, 0x6D,
    0x44, 0x97, 0xFB, 0x62, 0x07, 0x47, 0xBC, 0x96, 0x99, 0xF5, 0x8A, 0xD9, 0x16, 0x4A, 0xFA, 0x0B,
    0xF9, 0xAF, 0x0B, 0x0E, 0xB8, 0x01, 0x66, 0xA1, 0xC0, 0x2C, 0x5C, 0x72, 0x4F, 0x9B, 0x62, 0xB6,
    0x11, 0x66, 0xE2, 0xC6, 0x91, 0x19, 0xF4, 0x7C, 0x61, 0x2B, 0xBE, 0x16, 0xD6, 0x70, 0xE1, 0x81,
    0x74, 0x62, 0x22, 0xD9, 0xD4, 0x85, 0xB0, 0x72, 0x8F, 0xA5, 0xDC, 0x7A, 0x3A, 0xC7, 0x7C, 0xC9,
    0xE5, 0x23, 0x71, 0xAA, 0xEC, 0xBD, 0x1D, 0x61, 0x26, 0x35, 0x22, 0x61, 0x75, 0x75, 0x5E, 0x06,
    0xD3, 0xD2, 0xD7, 0xAC, 0xC6, 0x38, 0xB7, 0x4D, 0x35, 0xED, 0xA5, 0x7F, 0x76, 0xFB, 0x3E, 0x40,
    0x1B, 0xC1, 0x9E, 0x92, 0x1A, 0xC1, 0xB5, 0x83, 0xE9, 0x2B, 0xB7, 0x04, 0x5A, 0x1C, 0xE5, 0x69,
    0x71, 0xDB, 0x19, 0xB4, 0xB8, 0x3F, 0x91, 0x2C, 0x4C, 0xA9, 0x5E, 0x8D, 0xE9, 0xDB, 0xDE, 0x9E,
    0xB7, 0xD7, 0x89, 0x35, 0x65, 0x63, 0xD9, 0x83, 0x6B, 0x47, 0x59, 0x2B, 0x4A, 0x6C, 0x28, 0xD9,
    0xD1, 0x6C, 0xEC, 0x27, 0xC7, 0xF9, 0xAA, 0x53, 0x54, 0x3D, 0x3A, 0x1D, 0x95, 0xE2, 0x1E, 0xE9,
    0x4B, 0xE4, 0xDE, 0x0C, 0xA9, 0x24, 0x6B, 0x8D, 0xE8, 0x0A, 0xD9, 0xF1, 0xE6, 0xF5, 0xE4, 0x03,
    0xC6, 0xBA, 0xA4, 0x37, 0x86, 0xBA, 0x4E, 0xB8, 0x88, 0x16, 0x1E, 0x9D, 0xC6, 0x4E, 0x04, 0x55,
    0x0D, 0xDA, 0x49, 0x73, 0x26, 0x1C, 0x01, 0x88, 0x59, 0xA2, 0x22, 0xAB, 0xCD, 0x3B, 0xFE, 0xDF,
    0x6E, 0xB2, 0x3D, 0xDB, 0x93, 0x44, 0xA3, 0xC4, 0x65, 0x5E, 0x39, 0x9B, 0x45, 0x31, 0x62, 0x41,
    0x06, 0xD7, 0xF1, 0x70, 0x91, 0x81, 0xFC, 0x2B, 0x38, 0xEC, 0x82, 0x5A, 0xFF, 0x8F, 0x2E, 0x99,
    0x1E, 0x03, 0x92, 0x8B, 0xF1, 0x37, 0xA5, 0x25, 0x8E, 0x15, 0x88, 0xD2, 0x66, 0x39, 0x09, 0xB4,
    0x42, 0x20, 0x89, 0x32, 0x9D, 0x9D, 0x87, 0xAA, 0x58, 0xDA, 0x2B, 0x95, 0x8C, 0x21, 0x42, 0x49,
    0x51, 0x4B, 0xE4, 0x7D, 0x8C, 0x29, 0xF5, 0x1D, 0xE7, 0xFD, 0xB9, 0xDE, 0x61, 0xDA, 0x5F, 0x85,
    0x32, 0x5A, 0x6B, 0x6C, 0xB0, 0x88, 0xA8, 0x3D, 0x44, 0x5A, 0x26, 0x6B, 0x88, 0x69, 0x45, 0x8B,
    0xDD, 0x1B, 0xD8, 0xAA, 0x50, 0x7D, 0x8B, 0x52, 0x66, 0x00, 0x27, 0xE1, 0xED, 0xA1, 0x4F, 0x77,
    0x40, 0x4C, 0x37, 0x47, 0xCB, 0x36, 0x0E, 0x98, 0xDC, 0xB1, 0x8C, 0xBE, 0x18, 0x49, 0x46, 0x4F,
    0x8C, 0xD6, 0x6E, 0x74, 0xA4, 0x1B, 0x23, 0x23, 0xD3, 0x1A, 0x19, 0x05, 0x86, 0xA9, 0xBA, 0x36,
    0xE8, 0xF3, 0x9E, 0xDE, 0x9C, 0x1D, 0x18, 0x6F, 0xCD, 0x0E, 0x58, 0x33, 0x54, 0x8C, 0x50, 0x31,
    0x41, 0x57, 0x83, 0x22, 0xDB, 0x2F, 0xF0, 0xF3, 0x71, 0xB2, 0x1C, 0x43, 0x54, 0x4B, 0xB1, 0xD5,
    0x18, 0xB2, 0xED, 0x98, 0xE3, 0x4A, 0x4E, 0xD0, 0x62, 0x43, 0x9E, 0xC4, 0x96, 0xD6, 0xB8, 0xB9,
    0x35, 0x73, 0xD4, 0xD6, 0xB5, 0x58, 0x4B, 0x51, 0xEC, 0x44, 0xB1, 0x12, 0xC5, 0x46, 0x3C, 0xF6,
    0xAE, 0x6D, 0x54, 0xDF, 0x72, 0x51, 0xC3, 0xB8, 0x0B, 0xF4, 0xF2, 0x91, 0x35, 0xEC, 0x60, 0xD6,
    0xA9, 0x84, 0x57, 0x41, 0x63, 0xD2, 0xDD, 0x6A, 0x05, 0x6C, 0x8B, 0x60, 0xFF, 0x07, 0xB5, 0x53,
    0xBF, 0x6E, 0x26, 0x35, 0x10, 0x1F, 0xEF, 0x2A, 0xF9, 0x12, 0x2C, 0xE1, 0x14, 0x39, 0xE9, 0xA2,
    0x14, 0xCE, 0x0B, 0x04, 0xBF, 0x00, 0x62, 0x16, 0x51, 0x52, 0x24, 0x05, 0x69, 0xEE, 0x0D, 0xA0,
    0xB9, 0x47, 0xF0, 0x4A, 0x57, 0x5E, 0xC3, 0x3D, 0xC1, 0x51, 0xD0, 0xF0, 0x0E, 0x48, 0xBB, 0x22,
    0xC5, 0x95, 0x59, 0x44, 0x41, 0x91, 0xC6, 0x20, 0xA4, 0x2B, 0x63, 0x11, 0xDF, 0xC9, 0x51, 0xBC,
    0x3B, 0x37, 0xF6, 0x7E, 0xFB, 0x7D, 0xA7, 0x28, 0x08, 0x1A, 0x2C, 0xEF, 0x78, 0x6C, 0xCF, 0xFC,
    0xFC, 0x9B, 0x3F, 0xDB, 0x51, 0xE8, 0x96, 0xF9, 0xE4, 0xE2, 0xE2, 0xE2, 0xDC, 0x12, 0x51, 0xD8,
    0x8A, 0x7F, 0x3A, 0x2B, 0xA3, 0xC9, 0xDB, 0x32, 0x86, 0xC7, 0xB4, 0xFF, 0x6A, 0x07, 0x27, 0x22,
    0xD6, 0x41, 0x0D, 0xA6, 0x45, 0xB0, 0xBE, 0x4B, 0x5D, 0xB2, 0x09, 0xA3, 0x74, 0xCA, 0x61, 0xB4,
    0x65, 0xA7, 0x53, 0xB6, 0x90, 0xCE, 0xF4, 0x08, 0x7B, 0x20, 0x1A, 0x13, 0x2C, 0x9F, 0xDA, 0x11,
    0xD3, 0x6E, 0xAA, 0x62, 0xED, 0xD5, 0x80, 0xED, 0x29, 0xF0, 0x38, 0x81, 0x43, 0x11, 0xE1, 0xE7,
    0x3A, 0x54, 0x49, 0x0D, 0x2B, 0x6F, 0x5A, 0xC5, 0x1E, 0xBA, 0xB5, 0x1E, 0x63, 0x97, 0x70, 0xE2,
    0x8F, 0x18, 0x7B, 0xC2, 0xA8, 0x47, 0xE9, 0x56, 0x41, 0x39, 0x19, 0x30, 0x9A, 0xFC, 0xDE, 0x72,
    0x47, 0x3A, 0xC9, 0x89, 0x31, 0xC6, 0x3A, 0x88, 0x24, 0x5D, 0xED, 0x4D, 0xCF, 0xE8, 0xA0, 0x9B,
    0x3D, 0xD8, 0x87, 0x9D, 0x46, 0x9C, 0x1B, 0xAF, 0x99, 0x15, 0x8E, 0x6B, 0xBC, 0x09, 0x93, 0x99,
    0x76, 0xD3, 0xCE, 0x58, 0x05, 0x48, 0x2B, 0x5F, 0x71, 0x1C, 0xD2, 0x63, 0x63, 0xFA, 0x53, 0xF8,
    0x14, 0xCA, 0xA8, 0x26, 0x16, 0x2B, 0x5A, 0x44, 0x9D, 0xB7, 0xF5, 0x98, 0x2F, 0x12, 0xC0, 0x53,
    0x11, 0x45, 0x8B, 0x7F, 0x05, 0x3B, 0x20, 0xA7, 0xC2, 0x6D, 0xC4, 0xA0, 0x5F, 0xC5, 0xE3, 0xBE,
    0x98, 0xCC, 0x1E, 0x92, 0x16, 0xF1, 0x08, 0x0A, 0x88, 0xC7, 0x44, 0x5C, 0x04, 0x3C, 0x26, 0xC2,
    0xBF, 0x51, 0x3B, 0x12, 0x71, 0x97, 0xA9, 0xBD, 0xEB, 0x3E, 0xA6, 0x36, 0xDD, 0x33, 0xB5, 0x36,
    0x1C, 0xB7, 0x50, 0x65, 0x94, 0x3A, 0x2D, 0x1E, 0xAB, 0x42, 0x72, 0x03, 0x50, 0x2E, 0x32, 0xCA,
    0x3E, 0xA3, 0x34, 0x78, 0xF7, 0x8E, 0x3E, 0x46, 0xB9, 0x7B, 0x4F, 0xEE, 0xB3, 0x2F, 0xB7, 0x01,
    0x66, 0xB1, 0x1A, 0x97, 0x00, 0x55, 0x21, 0xC4, 0xF0, 0xBB, 0x13, 0x98, 0xDC, 0x28, 0xBE, 0xF4,
    0x67, 0xEC, 0x72, 0xFF, 0x79, 0x3E, 0xE1, 0x73, 0x71, 0xBE, 0x9E, 0x3A, 0x81, 0xE2, 0x39, 0x02,
    0x4E, 0x80, 0xC4, 0xF6, 0x59, 0x96, 0xD9, 0x3C, 0x50, 0xF8, 0x6A, 0x63, 0xBC, 0x71, 0x87, 0xE7,
    0x3F, 0x00, 0xD8, 0xA1, 0x14, 0x4A, 0x12, 0xD3, 0xA7, 0xBE, 0xE8, 0x86, 0xA8, 0xAD, 0xA8, 0x29,
    0x3A, 0x7A, 0x1A, 0x4A, 0x78, 0x3C, 0xBA, 0xC1, 0x3A, 0x95, 0x66, 0x9D, 0x7A, 0xEB, 0x74, 0xDC,
    0xEA, 0xE8, 0xB7, 0x7A, 0x37, 0x6C, 0xEC, 0x7F, 0x5D, 0x43, 0x66, 0x9C, 0x4B, 0x9A, 0xD5, 0x8C,
    0xBF, 0x40, 0x72, 0xEE, 0x93, 0x4A, 0xE2, 0x5B, 0x80, 0x9D, 0x1F, 0x01, 0x9E, 0x71, 0x73, 0x1B,
    0x72, 0x60, 0x8B, 0x17, 0xBB, 0x50, 0xAA, 0xF8, 0x9F, 0xCB, 0xB0, 0xBF, 0xD0, 0xD7, 0xEC, 0xC4,
    0x31, 0x80, 0xA0, 0x17, 0x54, 0x93, 0x4A, 0x1C, 0x09, 0xD4, 0x54, 0x4F, 0x15, 0x9D, 0x25, 0xC9,
    0xBA, 0x1C, 0x57, 0x1B, 0x5D, 0xA5, 0x7C, 0xAE, 0x8A, 0x8E, 0xA1, 0x2E, 0xF6, 0x92, 0x7D, 0xAD,
    0xAB, 0xD8, 0x43, 0x8E, 0x2A, 0x96, 0x60, 0xE9, 0x26, 0xD5, 0xD4, 0x79, 0xA8, 0xA8, 0x85, 0xFC,
    0x6E, 0xC7, 0xAB, 0xF8, 0x89, 0x9F, 0xB8, 0x60, 0x3E, 0xDF, 0x80, 0x1C, 0x74, 0x30, 0x01, 0x3D,
    0x3A, 0xEC, 0x91, 0xFF, 0xCF, 0x2F, 0xE0, 0xF3, 0x9C, 0xA9, 0xC1, 0x34, 0x9A, 0x7B, 0xD6, 0x04,
    0x6E, 0x0E, 0x4F, 0x3D, 0x3A, 0x6A, 0xB1, 0xE7, 0x2C, 0xB7, 0x5C, 0x04, 0x48, 0x6C, 0x15, 0xD9,
    0x6E, 0x9D, 0x0E, 0x68, 0xA0, 0x76, 0xA0, 0x3D, 0xD8, 0x5E, 0x50, 0xCB, 0x8D, 0xA6, 0x47, 0xB0,
    0x11, 0xF8, 0xCD, 0x2E, 0x80, 0x4D, 0xA0, 0xA7, 0xDC, 0x7D, 0x82, 0xB9, 0xE0, 0x00, 0xCA, 0x67,
    0x63, 0x68, 0x76, 0x38, 0x45, 0x0D, 0x18, 0x3E, 0x88, 0xB9, 0xB5, 0x32, 0xBB, 0x9C, 0x94, 0x08,
    0x98, 0xF2, 0xEC, 0x82, 0x20, 0x57, 0x53, 0xC3, 0xC1, 0xA9, 0x00, 0xD8, 0x83, 0x86, 0x25, 0x99,
    0x6E, 0x5E, 0xE5, 0xFC, 0xFA, 0x27, 0xD2, 0x9F, 0xE7, 0x55, 0xBF, 0xF9, 0xB3, 0x54, 0xCA, 0xDC,
    0x5E, 0x97, 0xEA, 0x69, 0xA2, 0xB2, 0x17, 0xDD, 0xBA, 0xC8, 0x3A, 0xAC, 0x6B, 0x41, 0xA5, 0x72,
    0xE6, 0xFE, 0xA6, 0xDC, 0xE3, 0xDB, 0xDF, 0x67, 0xFB, 0x97, 0x7F, 0xC4, 0x35, 0xEE, 0x41, 0x59,
    0xD5, 0x3A, 0xBA, 0x55, 0x31, 0x97, 0x5C, 0xAC, 0x8A, 0x4F, 0x34, 0xEF, 0xEA, 0x08, 0x47, 0x6A,
    0x68, 0xAA, 0xAF, 0xC2, 0x21, 0x9E, 0xBD, 0xF1, 0xEA, 0x37, 0x3F, 0xDA, 0xEB, 0xD7, 0x51, 0xBD,
    0xBF, 0x9D, 0xB8, 0xFB, 0xBD, 0x24, 0x1A, 0x2B, 0x9A, 0x1A, 0xCE, 0xF4, 0xF7, 0x60, 0x7C, 0x2E,
    0x1A, 0x1C, 0x97, 0x6E, 0x23, 0x67, 0xEF, 0x3B, 0xAF, 0xA6, 0x9B, 0x64, 0xAF, 0xAE, 0x82, 0xFE,
    0xFB, 0x76, 0x44, 0x75, 0xE9, 0xE5, 0xA5, 0xE7, 0x1C, 0xF5, 0x9C, 0xC4, 0x70, 0xC0, 0x2B, 0xBF,
    0xC8, 0x4C, 0x55, 0x0B, 0x25, 0x4F, 0x3C, 0xBE, 0xCB, 0xFC, 0x45, 0x89, 0xA2, 0xFC, 0xBF, 0x20,
    0x0B, 0x61, 0x35, 0x87, 0x5B, 0x58, 0xCE, 0xFD, 0x5D, 0x1A, 0xEA, 0xFF, 0x30, 0x84, 0x87, 0x86,
    0x61, 0xEE, 0xF6, 0xAD, 0xE1, 0x07, 0x9D, 0x57, 0x3D, 0x8F, 0xDD, 0xD6, 0x11, 0x9D, 0xC7, 0x07,
    0xED, 0x03, 0xF4, 0x00, 0x33, 0x85, 0x14, 0x03, 0x72, 0xC1, 0x36, 0x1D, 0xFF, 0x41, 0x48, 0x20,
    0x40, 0x1A, 0x17, 0x56, 0xB1, 0x0F, 0x2A, 0x54, 0xB8, 0xB6, 0x9B, 0xED, 0x0D, 0x18, 0x97, 0xB6,
    0x7F, 0x40, 0x54, 0x24, 0x55, 0x0A, 0xA5, 0x50, 0x25, 0xC3, 0x70, 0xE3, 0xC2, 0x70, 0x11, 0x12,
    0x52, 0xE1, 0xD2, 0x6C, 0x64, 0x97, 0x62, 0xE1, 0xCA, 0x2E, 0x44, 0xC0, 0x5C, 0x9B, 0x0A, 0x48,
    0x4E, 0xCE, 0x99, 0xB9, 0xEF, 0x63, 0x25, 0x6D, 0x60, 0x64, 0xB1, 0x98, 0xC3, 0x79, 0xF7, 0xF2,
    0xDE, 0xF9, 0x9E, 0xA1, 0xC8, 0x07, 0x37, 0x4B, 0x11, 0x99, 0xF3, 0xC6, 0x68, 0x05, 0xBA, 0x84,
    0xBF, 0x96, 0xB2, 0x52, 0xFD, 0x5B, 0x23, 0x99, 0xEA, 0x8B, 0x46, 0x6A, 0x55, 0x6D, 0x56, 0xDA,
    0x27, 0xDA, 0xAC, 0x15, 0x6C, 0x93, 0xAA, 0x48, 0xD1, 0x66, 0x8B, 0x48, 0xD6, 0x16, 0xB3, 0xC8,
    0x5B, 0x55, 0x31, 0xE1, 0x45, 0x09, 0x27, 0xB4, 0xFE, 0x1D, 0xD4, 0x77, 0xF2, 0x04, 0x50, 0x9C,
    0x76, 0xB3, 0xCC, 0x71, 0x72, 0xDA, 0x66, 0x5A, 0x49, 0x8E, 0x5B, 0x5A, 0x09, 0xB8, 0x71, 0x4C,
    0x78, 0x3B, 0xFE, 0x2A, 0x09, 0x46, 0x21, 0xD5, 0x45, 0x29, 0xF9, 0x3F, 0xFB, 0x3B, 0x78, 0xED,
    0xDD, 0x9E, 0x2F, 0xBF, 0xDB, 0x91, 0xA6, 0x2D, 0xDE, 0xE6, 0xCE, 0xDE, 0xE8, 0xE0, 0x54, 0xEA,
    0x79, 0x57, 0x8F, 0xBC, 0x6C, 0x3B, 0x09, 0x04, 0x5D, 0x1B, 0x4D, 0x8C, 0xAE, 0x46, 0x71, 0xD1,
    0x41, 0x1F, 0x19, 0x1D, 0x49, 0x13, 0x52, 0xD5, 0x57, 0xE9, 0xBC, 0xBB, 0x2B, 0xC7, 0xFD, 0xF6,
    0x33, 0x7E, 0x0F, 0x27, 0xF4, 0x74, 0x15, 0xF7, 0x8A, 0xC9, 0x33, 0x19, 0x9D, 0xF7, 0x54, 0xE4,
    0xC6, 0x39, 0x08, 0x54, 0x82, 0xD0, 0x99, 0x2D, 0xF3, 0x65, 0x11, 0x1D, 0x12, 0x2D, 0x13, 0xED,
    0xD6, 0x5A, 0xC1, 0xCE, 0x9B, 0x48, 0x4B, 0xD0, 0x64, 0x16, 0x5A, 0x5E, 0x40, 0xDB, 0x78, 0x6F,
    0x1F, 0xA9, 0xA8, 0x9B, 0xF2, 0x60, 0xC4, 0xAB, 0xAB, 0x74, 0x95, 0xC8, 0xD6, 0x68, 0xBA, 0xC8,
    0xB6, 0x93, 0x74, 0x96, 0xB4, 0x93, 0x7C, 0x94, 0xBC, 0x93, 0x80, 0xFF, 0x36, 0xA1, 0x95, 0x5A,
    0xB3, 0x55, 0xF3, 0x0A, 0xC5, 0xE9, 0x66, 0xCB, 0x2A, 0x62, 0x43, 0x44, 0x3C, 0x74, 0xB2, 0x5D,
    0x28, 0xF5, 0x20, 0xEB, 0x99, 0x38, 0x45, 0x9C, 0x23, 0xAA, 0xE3, 0x0B, 0xA8, 0x30, 0x43, 0x92,
    0xEF, 0x18, 0x38, 0x53, 0xA1, 0xDF, 0x52, 0x37, 0xE0, 0x13, 0x1D, 0x80, 0xB7, 0xEB, 0x46, 0xA7,
    0xF5, 0x72, 0x0E, 0x27, 0xD7, 0xB3, 0xED, 0x6B, 0x0A, 0xB5, 0xF5, 0x26, 0xD3, 0xCF, 0x0C, 0xB7,
    0xFA, 0xD4, 0xF6, 0xAD, 0xF5, 0x17, 0xDB, 0xB7, 0xD2, 0xDF, 0x78, 0x2E, 0xC5, 0x70, 0x0C, 0x11,
    0xF3, 0x88, 0x29, 0xB1, 0x6E, 0x65, 0x03, 0x4C, 0x75, 0x81, 0xBD, 0x88, 0xD4, 0x23, 0x62, 0x3D,
    0x9B, 0x65, 0x1E, 0xC8, 0xE1, 0x8F, 0x2C, 0x94, 0x39, 0x7B, 0x70, 0x64, 0xA1, 0x67, 0xD6, 0x39,
    0xBB, 0xD6, 0xCB, 0x0B, 0xA8, 0x9C, 0x47, 0xD6, 0xB2, 0x60, 0x90, 0xE2, 0xC8, 0x0A, 0xBC, 0x7E,
    0xCA, 0x22, 0xB2, 0xEB, 0x2B, 0x6C, 0x42, 0x37, 0xAF, 0xCE, 0xCF, 0x4A, 0x67, 0x73, 0x3A, 0x3C,
    0xE8, 0xF3, 0xC6, 0x59, 0x5C, 0x37, 0x25, 0x31, 0xBF, 0x70, 0x14, 0xD9, 0x8D, 0xDE, 0x8B, 0xEC,
    0xF0, 0x47, 0xBD, 0x3C, 0x4F, 0x27, 0x53, 0xBC, 0x5F, 0x6B, 0xBF, 0xC2, 0x51, 0x60, 0x33, 0xB0,
    0x90, 0xAA, 0x31, 0x76, 0x96, 0xB3, 0xCA, 0xB2, 0x43, 0x8C, 0x65, 0x7C, 0xAC, 0x2C, 0x14, 0x9D,
    0x85, 0xA6, 0x60, 0x97, 0xD2, 0xD8, 0x0D, 0xCD, 0xC6, 0x93, 0xC5, 0x58, 0xEE, 0xAB, 0x8E, 0xAC,
    0xBC, 0x13, 0xC5, 0x88, 0xAC, 0x5C, 0x68, 0x77, 0x64, 0x6F, 0x52, 0xFE, 0x23, 0x9B, 0xC1, 0xF6,
    0x07, 0xB6, 0x97, 0xAC, 0x47, 0x2C, 0x25, 0x4C, 0x00, 0x98, 0x7A, 0xF9, 0x77, 0x36, 0x8B, 0xB6,
    0x85, 0x05, 0x20, 0x5C, 0xA5, 0x8C, 0xA7, 0x26, 0xB2, 0x41, 0x17, 0xB2, 0x12, 0xD9, 0x4C, 0xBB,
    0xF4, 0xB9, 0xBF, 0x67, 0x26, 0xDB, 0xC9, 0x59, 0xB9, 0xB3, 0x10, 0x82, 0xD3, 0x3B, 0x86, 0x9B,
    0x3F, 0xF6, 0xFB, 0xC7, 0x8D, 0x3F, 0xA2, 0x2C, 0x20, 0xAA, 0x07, 0xD9, 0xCC, 0xCC, 0x1B, 0x28,
    0x3A, 0xCA, 0x1A, 0xA7, 0x00, 0x52, 0xD8, 0x77, 0x33, 0x58, 0x89, 0xC9, 0xA0, 0xEE, 0xB6, 0xB7,
    0x3A, 0x93, 0xC3, 0xC7, 0x69, 0x2F, 0xB7, 0x91, 0x27, 0xC5, 0x0B, 0x95, 0xF4, 0xB2, 0x2C, 0xB0,
    0x58, 0x3C, 0x54, 0x9A, 0xAC, 0xC0, 0x62, 0x78, 0x4F, 0xCB, 0xCC, 0x84, 0x96, 0x3A, 0xD5, 0x2A,
    0x87, 0x21, 0x33, 0x15, 0xDD, 0x40, 0xF0, 0x4A, 0x6E, 0xBF, 0xAF, 0xE5, 0x82, 0x0C, 0x2C, 0xFE,
    0x81, 0xD7, 0xF4, 0x93, 0x19, 0x69, 0x18, 0x6C, 0xEF, 0x13, 0xBA, 0x37, 0x90, 0xD3, 0xA7, 0x13,
    0x0C, 0x51, 0xE3, 0xB5, 0xB5, 0x3E, 0x1D, 0x45, 0xFB, 0xC5, 0xA2, 0xE7, 0x87, 0x01, 0x32, 0x31,
    0x37, 0x13, 0xFD, 0x19, 0xFE, 0x9E, 0x27, 0xCF, 0x7C, 0x98, 0x6B, 0xB1, 0xBC, 0x65, 0x11, 0x28,
    0xA2, 0xDD, 0xF0, 0x6E, 0x01, 0x5D, 0x58, 0x39, 0x94, 0x21, 0xDD, 0x5B, 0x62, 0x33, 0x18, 0xFD,
    0xB1, 0x40, 0x1E, 0xA6, 0xE6, 0x19, 0x3C, 0x96, 0xFB, 0x47, 0x98, 0xA1, 0xBC, 0x4A, 0x21, 0xED,
    0xDF, 0x2D, 0x90, 0x97, 0xAB, 0xF4, 0x74, 0xCF, 0x8E, 0x14, 0xB1, 0x08, 0xCA, 0xE0, 0x41, 0x91,
    0x21, 0x35, 0xC5, 0x61, 0x06, 0xEE, 0x41, 0x59, 0x26, 0x9D, 0x48, 0x83, 0xD1, 0xFA, 0x1A, 0xEA,
    0xAB, 0x05, 0x33, 0xAC, 0x44, 0x05, 0xCA, 0x78, 0x42, 0x15, 0xB4, 0xB2, 0x32, 0xF2, 0x23, 0x4E,
    0xFE, 0x05, 0x2E, 0xA9, 0x99, 0xD2, 0x5E, 0xF9, 0xAE, 0xFC, 0x15, 0xCC, 0xB6, 0x37, 0x50, 0xA8,
    0x71, 0xF7, 0x26, 0xE8, 0x99, 0x15, 0x7B, 0x13, 0xB5, 0xB2, 0x60, 0x02, 0xAC, 0xAD, 0x17, 0xE1,
    0xD2, 0x0A, 0xCD, 0xC8, 0x4A, 0x5C, 0x01, 0x7B, 0x2D, 0x6C, 0x1D, 0xD6, 0x4D, 0xD0, 0xD2, 0xBC,
    0x02, 0xA7, 0x5E, 0x04, 0x33, 0x07, 0x9E, 0x41, 0x93, 0x79, 0xC5, 0x8C, 0xC0, 0x1F, 0x5B, 0x4F,
    0xFB, 0x23, 0xC4, 0xCE, 0x14, 0x5B, 0x93, 0x95, 0xD5, 0x14, 0x2D, 0x09, 0x17, 0x65, 0xBC, 0xAF,
    0xE1, 0x7D, 0x5B, 0x86, 0x67, 0x03, 0x59, 0x96, 0xCF, 0x29, 0xAF, 0x4B, 0x66, 0x07, 0x40, 0xDC,
    0x8D, 0x2E, 0x79, 0x69, 0x3A, 0xDC, 0xA1, 0x10, 0xFD, 0xD6, 0x8C, 0x6B, 0x35, 0xF4, 0x80, 0x52,
    0x2F, 0x16, 0xBB, 0x76, 0x4B, 0xDD, 0x58, 0xD7, 0x48, 0xD4, 0xBB, 0xC7, 0x76, 0x72, 0xCC, 0x7B,
    0x47, 0x2E, 0xB3, 0x2F, 0xA9, 0x77, 0x97, 0xED, 0xBE, 0xFB, 0xD0, 0xAF, 0xC1, 0x70, 0x3E, 0x20,
    0x62, 0x3C, 0xE8, 0xEE, 0x9C, 0xFB, 0x32, 0x73, 0x38, 0xF6, 0xAB, 0xBF, 0xBF, 0xD6, 0x3E, 0x9E,
    0x33, 0xFA, 0xB9, 0x1A, 0xEF, 0x09, 0xF1, 0xDE, 0xDC, 0x74, 0x98, 0xBC, 0x8E, 0x84, 0x05, 0x7A,
    0x8C, 0x7F, 0x48, 0x2D, 0xDD, 0x4C, 0xE6, 0x5E, 0xF6, 0x98, 0x9B, 0x99, 0x58, 0xD8, 0xCC, 0xBA,
    0xF8, 0x29, 0xBF, 0x02, 0xC5, 0x72, 0x5F, 0x9F, 0x01, 0xA0, 0x79, 0x93, 0x0F, 0x45, 0x0B, 0x48,
    0x87, 0x80, 0x82, 0xDE, 0x6C, 0xC7, 0xBA, 0x04, 0xAC, 0xA7, 0x0B, 0x21, 0x8C, 0x0C, 0xC8, 0xC6,
    0xE3, 0xF8, 0xFB, 0xAF, 0xC4, 0xAA, 0xD0, 0xE0, 0xCA, 0x0D, 0x5E, 0x07, 0xF0, 0xDB, 0x47, 0xF7,
    0xF7, 0x5B, 0x7E, 0xC6, 0x8F, 0xAB, 0x8B, 0xFD, 0x96, 0xE5, 0xC1, 0x61, 0xCB, 0xAD, 0xC3, 0x29,
    0x6F, 0x00, 0x53, 0x87, 0xE5, 0x8F, 0xEA, 0x6D, 0xAC, 0xC0, 0x47, 0x60, 0x84, 0xFC, 0x18, 0xA7,
    0x86, 0x0A, 0xDB, 0x3D, 0x52, 0xEA, 0xE5, 0x1E, 0x2D, 0x03, 0xC7, 0xB0, 0xAF, 0x02, 0x72, 0x16,
    0xAC, 0x19, 0xAA, 0x4E, 0x85, 0x75, 0x92, 0x3D, 0x88, 0x47, 0x3D, 0x21, 0xF3, 0x2D, 0xB9, 0xAF,
    0x05, 0x83, 0x84, 0xC5, 0x3E, 0xAA, 0x52, 0xE8, 0x3E, 0xBA, 0x5F, 0x5A, 0x48, 0xED, 0x4E, 0x03,
    0xEC, 0x7F, 0x40, 0x88, 0x49, 0xAB, 0x71, 0x9A, 0x58, 0x8E, 0x20, 0x9C, 0x65, 0x5E, 0x87, 0xCD,
    0x52, 0x7E, 0x6D, 0x55, 0x66, 0xF0, 0xC9, 0x63, 0x3F, 0x61, 0xB0, 0xF6, 0xCF, 0xF4, 0xEA, 0xDA,
    0x1B, 0x38, 0x8D, 0x93, 0xA8, 0xC9, 0x2F, 0x6A, 0xD1, 0x2D, 0xC1, 0x47, 0x88, 0x3F, 0x1F, 0x2E,
    0x9F, 0xDE, 0x00, 0xC8, 0x7A, 0x1C, 0x3E, 0x85, 0xF9, 0x14, 0xF8, 0xDE, 0x96, 0x55, 0x9E, 0x96,
    0x65, 0x15, 0x21, 0x64, 0xB8, 0x61, 0xC3, 0x42, 0xD0, 0x13, 0x90, 0x14, 0xE8, 0x29, 0x95, 0xCD,
    0x1B, 0x4C, 0x5D, 0xDD, 0x4F, 0x73, 0x73, 0xA8, 0x20, 0x08, 0x0A, 0x2A, 0xBD, 0x33, 0x5D, 0xAB,
    0xD8, 0x9F, 0x56, 0x66, 0xB3, 0x8F, 0x73, 0x2B, 0x92, 0xB5, 0xDB, 0xA0, 0x76, 0xA7, 0xD6, 0x98,
    0x12, 0xE1, 0x63, 0x8E, 0xA7, 0x9C, 0x89, 0x4A, 0x74, 0x27, 0x4C, 0xB2, 0x10, 0x19, 0x5B, 0x99,
    0x5E, 0x08, 0xB3, 0x5B, 0x90, 0x73, 0xF4, 0xA0, 0xE0, 0xFB, 0xAB, 0x1A, 0x52, 0xDD, 0xDE, 0x5D,
    0x78, 0x05, 0xD6, 0xD8, 0xA2, 0x08, 0x9E, 0x48, 0x36, 0xF7, 0x3E, 0xDB, 0xA1, 0xED, 0x99, 0xC3,
    0x12, 0xCB, 0x6B, 0x98, 0x6E, 0xF0, 0xB1, 0x00, 0x85, 0x64, 0xB2, 0x71, 0x2C, 0x61, 0xD6, 0xB6,
    0x94, 0xDB, 0xFA, 0xE2, 0x64, 0x97, 0x71, 0xBE, 0x2D, 0xDC, 0xF2, 0xF0, 0xDC, 0x32, 0xDA, 0x75,
    0xED, 0xB8, 0x9F, 0xFD, 0xE0, 0x96, 0xE1, 0xCD, 0xF4, 0x62, 0x41, 0xA1, 0xF1, 0xD0, 0xF4, 0x80,
    0xE1, 0xF8, 0xDB, 0xF2, 0x82, 0xD0, 0x6E, 0x68, 0xAD, 0x8E, 0xE5, 0x2E, 0xED, 0x49, 0x37, 0x0F,
    0xF2, 0xE5, 0x64, 0x80, 0x7E, 0x8D, 0x86, 0x13, 0x7A, 0x1C, 0xB2, 0x0F, 0x14, 0x27, 0xAC, 0x84,
    0x8E, 0xDA, 0xF6, 0xF4, 0x53, 0xDA, 0xB1, 0xA1, 0x14, 0x1D, 0x46, 0xA7, 0x95, 0xB6, 0xD6, 0x0F,
    0x5A, 0xD1, 0x13, 0x49, 0xA0, 0xC8, 0x43, 0x04, 0xF0, 0xC5, 0xCB, 0xB4, 0x79, 0x5D, 0xF2, 0x54,
    0x8F, 0x73, 0xB7, 0xF6, 0xB1, 0x24, 0xDC, 0xD8, 0xF1, 0xEF, 0x6E, 0xAC, 0xF4, 0xAF, 0x14, 0x08,
    0x83, 0xA1, 0x78, 0x89, 0x3A, 0x11, 0x50, 0x20, 0xD0, 0x68, 0xD3, 0x31, 0x20, 0x46, 0x50, 0x19,
    0x42, 0xE9, 0x00, 0x43, 0x34, 0xC9, 0xB4, 0x22, 0x88, 0x15, 0x55, 0x4B, 0xE6, 0xFF, 0x17, 0xAE,
    0x2F, 0x02, 0x16, 0x89, 0xE5, 0x81, 0x2E, 0x8F, 0xE9, 0xAE, 0xC5, 0x65, 0x2E, 0xED, 0xCD, 0x4A,
    0x3E, 0x7C, 0xFC, 0xA5, 0xFE, 0x14, 0xF7, 0x98, 0xE8, 0xE5, 0x7E, 0xB8, 0x76, 0x27, 0x30, 0xC2,
    0xEA, 0xD8, 0xA3, 0x06, 0xEB, 0xE6, 0xCB, 0xF1, 0xEE, 0xC4, 0x1B, 0xB8, 0xC7, 0x8E, 0x9E, 0x7E,
    0xFB, 0x1C, 0x5C, 0x21, 0x5E, 0x7B, 0x71, 0xE6, 0x33, 0x4F, 0xF7, 0x92, 0x51, 0x66, 0x3F, 0xF9,
    0x49, 0x37, 0x60, 0xC7, 0x78, 0xCC, 0xB5, 0xF4, 0x96, 0x5D, 0x3C, 0x59, 0xD7, 0x9C, 0x4C, 0x9E,
    0x47, 0xA4, 0x5C, 0xFD, 0x26, 0xEE, 0xB9, 0xFC, 0xC2, 0xF6, 0xCC, 0x56, 0x68, 0xAD, 0x30, 0xFC,
    0xA7, 0xF4, 0x3D, 0x59, 0x77, 0x97, 0xDF, 0x0D, 0x03, 0x4F, 0x63, 0x6B, 0xD8, 0xD3, 0xD4, 0xE8,
    0x66, 0xB4, 0x67, 0x5F, 0x45, 0xFB, 0xBD, 0xBC, 0x6F, 0x03, 0x10, 0xE4, 0xF4, 0xAF, 0xA0, 0xC2,
    0xA6, 0x4C, 0x96, 0x9D, 0x52, 0x5E, 0x05, 0xC4, 0x3E, 0xD7, 0x32, 0x2F, 0x84, 0xB5, 0x75, 0xAD,
    0xB5, 0x57, 0x81, 0xAD, 0xFE, 0xAA, 0x0F, 0xF9, 0xF5, 0xF1, 0xA9, 0xFE, 0x85, 0xB1, 0x91, 0x68,
    0x85, 0xA0, 0x40, 0xE1, 0xAC, 0xEA, 0x29, 0xA0, 0x4F, 0xE1, 0xCB, 0x32, 0x8C, 0x84, 0x99, 0x19,
    0x5E, 0xE5, 0x73, 0x8D, 0x4F, 0x87, 0x2A, 0x5F, 0x08, 0xCD, 0x75, 0x30, 0x12, 0xF0, 0x02, 0x87,
    0xB7, 0x39, 0x60, 0xA0, 0x6E, 0x8B, 0x89, 0x4D, 0xB0, 0x03, 0x30, 0x0F, 0xC2, 0x68, 0x3E, 0xAB,
    0x87, 0x4C, 0xCD, 0x6C, 0xF4, 0xE3, 0xCA, 0x43, 0xF2, 0x91, 0x1C, 0x95, 0xD2, 0xEE, 0x6D, 0x45,
    0x78, 0x8E, 0xF4, 0x1B, 0x4C, 0x05, 0x8A, 0x5C, 0xE2, 0xF4, 0xBF, 0x5C, 0x43, 0x6D, 0xB5, 0x9E,
    0xEC, 0x43, 0xAE, 0xB7, 0x50, 0x69, 0x4D, 0x4B, 0x4B, 0xA3, 0x7F, 0x1D, 0xFC, 0x1F, 0xAB, 0x57,
    0x4C, 0xAF, 0x2E, 0xD2, 0xD3, 0x55, 0x2F, 0x54, 0xF9, 0xBE, 0x6F, 0x1C, 0xBE, 0x40, 0xFF, 0x0B,
    0xAD, 0xCF, 0xB1, 0x0D, 0xC2, 0x30, 0x14, 0x84, 0xE1, 0x83, 0x08, 0x51, 0x50, 0x30, 0x00, 0x33,
    0xA0, 0x8C, 0x60, 0x8B, 0x19, 0x88, 0x32, 0x06, 0x23, 0xB8, 0x60, 0x30, 0x33, 0x02, 0x0D, 0x7D,
    0x0A, 0x06, 0x70, 0x91, 0x22, 0x85, 0x79, 0xC7, 0xC5, 0x09, 0x8A, 0xE8, 0xE3, 0xC2, 0x9F, 0x64,
    0x3D, 0x4B, 0xEF, 0x07, 0x4E, 0x7C, 0x03, 0xD8, 0x92, 0xF4, 0xC0, 0x51, 0x3C, 0x01, 0xF7, 0x81,
    0x4B, 0x40, 0x4C, 0x05, 0xBD, 0x84, 0x84, 0x8D, 0x70, 0x9D, 0x06, 0x1F, 0xD8, 0x79, 0x54, 0x42,
    0x67, 0xE6, 0xA6, 0x6F, 0x1C, 0x30, 0xDE, 0xCC, 0x3F, 0x5A, 0xBE, 0x1A, 0x31, 0x8E, 0x84, 0xF5,
    0xE8, 0x10, 0x33, 0x02, 0x6D, 0xAF, 0x45, 0x23, 0x79, 0x20, 0xBB, 0x19, 0xA0, 0x36, 0x3F, 0xA5,
    0x0C, 0xE7, 0x29, 0xC5, 0x94, 0x62, 0xED, 0x48, 0xEC, 0x11, 0x85, 0xA6, 0x9C, 0x95, 0x94, 0xDA,
    0x4A, 0xCA, 0x42, 0x35, 0xA1, 0x94, 0x2C, 0xF8, 0x87, 0x52, 0xAE, 0xCB, 0xC8, 0x5A, 0x94, 0x25,
    0x02, 0x79, 0x21, 0x93, 0x1A, 0xEE, 0x64, 0x3F, 0xF3, 0x05,
};

static const EpdGlyph literata_18_boldGlyphs[] = {
    { 0, 0, 120, 0, 0, 0, 0 }, // U+0020
    { 9, 29, 202, 2, 28, 66, 0 }, // !
    { 13, 10, 263, 2, 30, 33, 66 }, // "
    { 25, 22, 416, 1, 22, 138, 99 }, // #
    { 21, 35, 357, 1, 31, 184, 237 }, // $
    { 33, 24, 545, 1, 23, 198, 421 }, // %
    { 30, 29, 502, 1, 28, 218, 619 }, // &
    { 6, 10, 155, 2, 30, 15, 837 }, // '
    { 12, 41, 214, 1, 32, 123, 852 }, // (
    { 12, 41, 214, 0, 32, 123, 975 }, // )
    { 15, 15, 270, 1, 30, 57, 1098 }, // *
    { 17, 17, 349, 3, 19, 73, 1155 }, // +
    { 8, 13, 196, 2, 6, 26, 1228 }, // ,
    { 11, 4, 203, 1, 13, 11, 1254 }, // -
    { 8, 8, 197, 2, 7, 16, 1265 }, // .
    { 18, 35, 294, 0, 31, 158, 1281 }, // /
    { 22, 29, 370, 1, 28, 160, 1439 }, // 0
    { 16, 28, 248, 0, 28, 112, 1599 }, // 1
    { 20, 28, 322, 0, 28, 140, 1711 }, // 2
    { 20, 29, 335, 0, 28, 145, 1851 }, // 3
    { 23, 28, 362, 0, 28, 161, 1996 }, // 4
    { 20, 28, 326, 0, 27, 140, 2157 }, // 5
    { 21, 29, 350, 1, 28, 153, 2297 }, // 6
    { 21, 27, 326, 0, 27, 142, 2450 }, // 7
    { 22, 29, 353, 0, 28, 160, 2592 }, // 8
    { 21, 29, 346, 0, 28, 153, 2752 }, // 9
    { 8, 21, 197, 2, 20, 42, 2905 }, // :
    { 8, 27, 196, 2, 20, 54, 2947 }, // ;
    { 17, 20, 349, 2, 21, 85, 3001 }, // <
    { 16, 11, 349, 3, 17, 44, 3086 }, // =
    { 17, 20, 349, 3, 21, 85, 3130 }, // >
    { 19, 29, 335, 1, 28, 138, 3215 }, // ?
    { 32, 31, 567, 2, 23, 248, 3353 }, // @
    { 29, 27, 454, 0, 27, 196, 3601 }, // A
    { 24, 27, 415, 1, 27, 162, 3797 }, // B
    { 25, 29, 426, 1, 28, 182, 3959 }, // C
    { 27, 27, 467, 1, 27, 183, 4141 }, // D
    { 23, 27, 399, 1, 27, 156, 4324 }, // E
    { 23, 27, 384, 1, 27, 156, 4480 }, // F
    { 28, 29, 461, 1, 28, 203, 4636 }, // G
    { 30, 27, 505, 1, 27, 203, 4839 }, // H
    { 13, 27, 250, 1, 27, 88, 5042 }, // I
    { 21, 28, 346, 0, 27, 147, 5130 }, // J
    { 29, 28, 470, 1, 27, 203, 5277 }, // K
    { 23, 27, 389, 1, 27, 156, 5480 }, // L
    { 36, 27, 592, 1, 27, 243, 5636 }, // M
    { 30, 27, 503, 1, 27, 203, 5879 }, // N
    { 27, 29, 466, 1, 28, 196, 6082 }, // O
    { 23, 27, 392, 1, 27, 156, 6278 }, // P
    { 34, 35, 472, 1, 28, 298, 6434 }, // Q
    { 27, 28, 447, 1, 27, 189, 6732 }, // R
    { 21, 29, 368, 1, 28, 153, 6921 }, // S
    { 28, 27, 448, 0, 27, 189, 7074 }, // T
    { 28, 28, 472, 1, 27, 196, 7263 }, // U
    { 29, 27, 455, 0, 27, 196, 7459 }, // V
    { 42, 27, 667, 0, 27, 284, 7655 }, // W
    { 29, 27, 454, 0, 27, 196, 7939 }, // X
    { 28, 27, 448, 0, 27, 189, 8135 }, // Y
    { 24, 27, 413, 1, 27, 162, 8324 }, // Z
    { 10, 39, 212, 3, 31, 98, 8486 }, // [
    { 18, 35, 296, 0, 31, 158, 8584 }, // <backslash>
    { 10, 39, 212, 1, 31, 98, 8742 }, // ]
    { 20, 15, 349, 1, 27, 75, 8840 }, // ^
    { 18, 4, 282, 0, -1, 18, 8915 }, // _
    { 9, 9, 300, 4, 30, 21, 8933 }, // `
    { 21, 21, 347, 1, 20, 111, 8954 }, // a
    { 24, 30, 389, 0, 29, 180, 9065 }, // b
    { 19, 21, 326, 1, 20, 100, 9245 }, // c
    { 24, 30, 395, 1, 29, 180, 9345 }, // d
    { 20, 21, 340, 1, 20, 105, 9525 }, // e
    { 19, 29, 257, 1, 29, 138, 9630 }, // f
    { 24, 33, 363, 0, 24, 198, 9768 }, // g
    { 25, 29, 414, 1, 29, 182, 9966 }, // h
    { 12, 29, 219, 1, 29, 87, 10148 }, // i
    { 10, 39, 202, 0, 29, 98, 10235 }, // j
    { 25, 30, 403, 1, 29, 188, 10333 }, // k
    { 12, 29, 217, 1, 29, 87, 10521 }, // l
    { 36, 20, 598, 1, 20, 180, 10608 }, // m
    { 25, 20, 417, 1, 20, 125, 10788 }, // n
    { 22, 21, 374, 1, 20, 116, 10913 }, // o
    { 24, 28, 396, 0, 20, 168, 11029 }, // p
    { 23, 28, 385, 1, 20, 161, 11197 }, // q
    { 20, 20, 325, 1, 20, 100, 11358 }, // r
    { 17, 21, 299, 1, 20, 90, 11458 }, // s
    { 17, 27, 263, 0, 26, 115, 11548 }, // t
    { 25, 20, 406, 0, 19, 125, 11663 }, // u
    { 24, 19, 374, 0, 19, 114, 11788 }, // v
    { 35, 19, 541, 0, 19, 167, 11902 }, // w
    { 23, 19, 362, 0, 19, 110, 12069 }, // x
    { 24, 28, 367, 0, 19, 168, 12179 }, // y
    { 19, 19, 320, 1, 19, 91, 12347 }, // z
    { 12, 41, 221, 1, 32, 123, 12438 }, // {
    { 5, 35, 268, 6, 31, 44, 12561 }, // |
    { 12, 41, 221, 1, 32, 123, 12605 }, // }
    { 19, 7, 349, 2, 16, 34, 12728 }, // ~
    { 0, 0, 120, 0, 0, 0, 0 }, // U+00A0
    { 8, 28, 205, 2, 20, 56, 0 }, // U+00A1
    { 19, 26, 324, 1, 24, 124, 56 }, // U+00A2
    { 22, 28, 362, 0, 28, 154, 180 }, // U+00A3
    { 19, 19, 334, 1, 21, 91, 334 }, // U+00A4
    { 29, 27, 448, 0, 27, 196, 425 }, // U+00A5
    { 5, 35, 268, 6, 31, 44, 621 }, // U+00A6
    { 22, 35, 373, 1, 28, 193, 665 }, // U+00A7
    { 17, 6, 300, 1, 29, 26, 858 }, // U+00A8
    { 28, 26, 503, 2, 25, 182, 884 }, // U+00A9
    { 16, 15, 268, 1, 29, 60, 1066 }, // U+00AA
    { 19, 18, 326, 1, 19, 86, 1126 }, // U+00AB
    { 18, 10, 349, 2, 15, 45, 1212 }, // U+00AC
    { 0, 0, 0, 0, 0, 0, 1257 }, // U+00AD
    { 16, 15, 294, 1, 30, 60, 1257 }, // U+00AE
    { 13, 4, 300, 3, 28, 13, 1317 }, // U+00AF
    { 12, 10, 223, 1, 31, 30, 1330 }, // U+00B0
    { 18, 21, 349, 2, 21, 95, 1360 }, // U+00B1
    { 15, 18, 247, 0, 32, 68, 1455 }, // U+00B2
    { 15, 18, 254, 0, 32, 68, 1523 }, // U+00B3
    { 9, 9, 300, 6, 30, 21, 1591 }, // U+00B4
    { 23, 30, 400, 2, 20, 173, 1612 }, // U+00B5
    { 22, 32, 378, 1, 27, 176, 1785 }, // U+00B6
    { 8, 8, 197, 2, 16, 16, 1961 }, // U+00B7
    { 11, 10, 300, 4, 1, 28, 1977 }, // U+00B8
    { 13, 18, 202, 0, 32, 59, 2005 }, // U+00B9
    { 16, 15, 274, 1, 29, 60, 2064 }, // U+00BA
    { 20, 18, 326, 0, 19, 90, 2124 }, // U+00BB
    { 38, 29, 602, 0, 28, 276, 2214 }, // U+00BC
    { 39, 29, 632, 0, 28, 283, 2490 }, // U+00BD
    { 40, 28, 627, 0, 27, 280, 2773 }, // U+00BE
    { 18, 28, 335, 2, 20, 126, 3053 }, // U+00BF
    { 29, 36, 454, 0, 36, 261, 3179 }, // U+00C0
    { 29, 36, 454, 0, 36, 261, 3440 }, // U+00C1
    { 29, 36, 454, 0, 36, 261, 3701 }, // U+00C2
    { 29, 35, 445, 0, 35, 254, 3962 }, // U+00C3
    { 29, 35, 454, 0, 35, 254, 4216 }, // U+00C4
    { 29, 37, 454, 0, 37, 269, 4470 }, // U+00C5
    { 38, 27, 622, 0, 27, 257, 4739 }, // U+00C6
    { 25, 38, 426, 1, 28, 238, 4996 }, // U+00C7
    { 23, 36, 399, 1, 36, 207, 5234 }, // U+00C8
    { 23, 36, 399, 1, 36, 207, 5441 }, // U+00C9
    { 23, 36, 399, 1, 36, 207, 5648 }, // U+00CA
    { 23, 35, 399, 1, 35, 202, 5855 }, // U+00CB
    { 13, 36, 250, 1, 36, 117, 6057 }, // U+00CC
    { 13, 36, 250, 1, 36, 117, 6174 }, // U+00CD
    { 14, 36, 250, 1, 36, 126, 6291 }, // U+00CE
    { 16, 35, 250, 0, 35, 140, 6417 }, // U+00CF
    { 28, 27, 467, 0, 27, 189, 6557 }, // U+00D0
    { 30, 35, 503, 1, 35, 263, 6746 }, // U+00D1
    { 27, 37, 466, 1, 36, 250, 7009 }, // U+00D2
    { 27, 37, 466, 1, 36, 250, 7259 }, // U+00D3
    { 27, 37, 466, 1, 36, 250, 7509 }, // U+00D4
    { 27, 36, 466, 1, 35, 243, 7759 }, // U+00D5
    { 27, 36, 466, 1, 35, 243, 8002 }, // U+00D6
    { 16, 16, 349, 3, 20, 64, 8245 }, // U+00D7
    { 28, 29, 466, 1, 28, 203, 8309 }, // U+00D8
    { 28, 37, 472, 1, 36, 259, 8512 }, // U+00D9
    { 28, 37, 472, 1, 36, 259, 8771 }, // U+00DA
    { 28, 37, 472, 1, 36, 259, 9030 }, // U+00DB
    { 28, 36, 472, 1, 35, 252, 9289 }, // U+00DC
    { 28, 36, 448, 0, 36, 252, 9541 }, // U+00DD
    { 24, 27, 395, 1, 27, 162, 9793 }, // U+00DE
    { 28, 30, 458, 1, 29, 210, 9955 }, // U+00DF
    { 21, 31, 347, 1, 30, 163, 10165 }, // U+00E0
    { 21, 31, 347, 1, 30, 163, 10328 }, // U+00E1
    { 21, 32, 347, 1, 31, 168, 10491 }, // U+00E2
    { 21, 30, 347, 1, 29, 158, 10659 }, // U+00E3
    { 21, 30, 347, 1, 29, 158, 10817 }, // U+00E4
    { 21, 32, 347, 1, 31, 168, 10975 }, // U+00E5
    { 31, 21, 510, 1, 20, 163, 11143 }, // U+00E6
    { 19, 31, 326, 1, 20, 148, 11306 }, // U+00E7
    { 20, 31, 340, 1, 30, 155, 11454 }, // U+00E8
    { 20, 31, 340, 1, 30, 155, 11609 }, // U+00E9
    { 20, 32, 340, 1, 31, 160, 11764 }, // U+00EA
    { 20, 30, 340, 1, 29, 150, 11924 }, // U+00EB
    { 13, 30, 219, 0, 30, 98, 12074 }, // U+00EC
    { 12, 30, 219, 1, 30, 90, 12172 }, // U+00ED
    { 15, 31, 219, -2, 31, 117, 12262 }, // U+00EE
    { 16, 29, 219, -2, 29, 116, 12379 }, // U+00EF
    { 21, 32, 361, 1, 31, 168, 12495 }, // U+00F0
    { 25, 29, 417, 1, 29, 182, 12663 }, // U+00F1
    { 22, 31, 374, 1, 30, 171, 12845 }, // U+00F2
    { 22, 31, 374, 1, 30, 171, 13016 }, // U+00F3
    { 22, 32, 374, 1, 31, 176, 13187 }, // U+00F4
    { 22, 30, 374, 1, 29, 165, 13363 }, // U+00F5
    { 22, 30, 374, 1, 29, 165, 13528 }, // U+00F6
    { 18, 20, 349, 2, 22, 90, 13693 }, // U+00F7
    { 23, 22, 374, 0, 21, 127, 13783 }, // U+00F8
    { 25, 31, 406, 0, 30, 194, 13910 }, // U+00F9
    { 25, 31, 406, 0, 30, 194, 14104 }, // U+00FA
    { 25, 32, 406, 0, 31, 200, 14298 }, // U+00FB
    { 25, 30, 406, 0, 29, 188, 14498 }, // U+00FC
    { 24, 39, 367, 0, 30, 234, 14686 }, // U+00FD
    { 24, 37, 388, 0, 29, 222, 14920 }, // U+00FE
    { 24, 38, 367, 0, 29, 228, 15142 }, // U+00FF
    { 29, 34, 454, 0, 34, 247, 0 }, // U+0100
    { 21, 29, 347, 1, 28, 153, 247 }, // U+0101
    { 29, 37, 454, 0, 37, 269, 400 }, // U+0102
    { 21, 31, 347, 1, 30, 163, 669 }, // U+0103
    { 29, 36, 454, 0, 27, 261, 832 }, // U+0104
    { 21, 29, 347, 1, 20, 153, 1093 }, // U+0105
    { 25, 37, 426, 1, 36, 232, 1246 }, // U+0106
    { 19, 31, 326, 1, 30, 148, 1478 }, // U+0107
    { 25, 37, 426, 1, 36, 232, 1626 }, // U+0108
    { 19, 32, 326, 1, 31, 152, 1858 }, // U+0109
    { 25, 36, 426, 1, 35, 225, 2010 }, // U+010A
    { 19, 30, 326, 1, 29, 143, 2235 }, // U+010B
    { 25, 39, 426, 1, 38, 244, 2378 }, // U+010C
    { 19, 32, 326, 1, 31, 152, 2622 }, // U+010D
    { 27, 38, 467, 1, 38, 257, 2774 }, // U+010E
    { 28, 30, 463, 1, 29, 210, 3031 }, // U+010F
    { 28, 27, 467, 0, 27, 189, 3241 }, // U+0110
    { 24, 30, 389, 1, 29, 180, 3430 }, // U+0111
    { 23, 34, 399, 1, 34, 196, 3610 }, // U+0112
    { 20, 29, 340, 1, 28, 145, 3806 }, // U+0113
    { 23, 37, 399, 1, 37, 213, 3951 }, // U+0114
    { 20, 31, 340, 1, 30, 155, 4164 }, // U+0115
    { 23, 35, 399, 1, 35, 202, 4319 }, // U+0116
    { 20, 30, 340, 1, 29, 150, 4521 }, // U+0117
    { 23, 36, 399, 1, 27, 207, 4671 }, // U+0118
    { 20, 29, 340, 1, 20, 145, 4878 }, // U+0119
    { 23, 38, 399, 1, 38, 219, 5023 }, // U+011A
    { 20, 32, 340, 1, 31, 160, 5242 }, // U+011B
    { 28, 37, 461, 1, 36, 259, 5402 }, // U+011C
    { 24, 40, 352, 0, 31, 240, 5661 }, // U+011D
    { 28, 38, 461, 1, 37, 266, 5901 }, // U+011E
    { 24, 39, 363, 0, 30, 234, 6167 }, // U+011F
    { 28, 36, 461, 1, 35, 252, 6401 }, // U+0120
    { 24, 38, 363, 0, 29, 228, 6653 }, // U+0121
    { 28, 40, 461, 1, 28, 280, 6881 }, // U+0122
    { 24, 40, 363, 0, 31, 240, 7161 }, // U+0123
    { 30, 36, 505, 1, 36, 270, 7401 }, // U+0124
    { 28, 38, 414, -2, 38, 266, 7671 }, // U+0125
    { 31, 27, 489, 0, 27, 210, 7937 }, // U+0126
    { 26, 29, 414, 0, 29, 189, 8147 }, // U+0127
    { 16, 35, 250, 0, 35, 140, 8336 }, // U+0128
    { 15, 29, 219, -2, 29, 109, 8476 }, // U+0129
    { 14, 34, 250, 1, 34, 119, 8585 }, // U+012A
    { 14, 28, 219, -1, 28, 98, 8704 }, // U+012B
    { 14, 37, 250, 1, 37, 130, 8802 }, // U+012C
    { 14, 30, 219, -1, 30, 105, 8932 }, // U+012D
    { 13, 36, 235, 1, 27, 117, 9037 }, // U+012E
    { 12, 38, 219, 1, 29, 114, 9154 }, // U+012F
    { 13, 35, 250, 1, 35, 114, 9268 }, // U+0130
    { 12, 19, 219, 1, 19, 57, 9382 }, // U+0131
    { 36, 28, 596, 1, 27, 252, 9439 }, // U+0132
    { 23, 39, 421, 1, 29, 225, 9691 }, // U+0133
    { 22, 37, 346, 0, 36, 204, 9916 }, // U+0134
    { 15, 41, 200, -2, 31, 154, 10120 }, // U+0135
    { 29, 39, 470, 1, 27, 283, 10274 }, // U+0136
    { 25, 41, 403, 1, 29, 257, 10557 }, // U+0137
    { 25, 20, 405, 1, 19, 125, 10814 }, // U+0138
    { 23, 36, 389, 1, 36, 207, 10939 }, // U+0139
    { 12, 38, 217, 1, 38, 114, 11146 }, // U+013A
    { 23, 39, 389, 1, 27, 225, 11260 }, // U+013B
    { 12, 41, 217, 1, 29, 123, 11485 }, // U+013C
    { 23, 29, 389, 1, 29, 167, 11608 }, // U+013D
    { 17, 29, 282, 1, 29, 124, 11775 }, // U+013E
    { 23, 27, 389, 1, 27, 156, 11899 }, // U+013F
    { 18, 29, 259, 1, 29, 131, 12055 }, // U+0140
    { 24, 27, 389, 0, 27, 162, 12186 }, // U+0141
    { 14, 29, 228, 0, 29, 102, 12348 }, // U+0142
    { 30, 36, 503, 1, 36, 270, 12450 }, // U+0143
    { 25, 30, 417, 1, 30, 188, 12720 }, // U+0144
    { 30, 39, 503, 1, 27, 293, 12908 }, // U+0145
    { 25, 32, 417, 1, 20, 200, 13201 }, // U+0146
    { 30, 38, 503, 1, 38, 285, 13401 }, // U+0147
    { 25, 31, 417, 1, 31, 194, 13686 }, // U+0148
    { 32, 29, 508, 0, 29, 232, 13880 }, // U+0149
    { 30, 36, 503, 1, 27, 270, 14112 }, // U+014A
    { 22, 29, 406, 1, 20, 160, 14382 }, // U+014B
    { 27, 35, 466, 1, 34, 237, 14542 }, // U+014C
    { 22, 29, 374, 1, 28, 160, 14779 }, // U+014D
    { 27, 38, 466, 1, 37, 257, 14939 }, // U+014E
    { 22, 31, 374, 1, 30, 171, 15196 }, // U+014F
    { 27, 38, 466, 1, 37, 257, 15367 }, // U+0150
    { 22, 31, 374, 1, 30, 171, 15624 }, // U+0151
    { 40, 29, 658, 1, 28, 290, 15795 }, // U+0152
    { 34, 21, 568, 1, 20, 179, 16085 }, // U+0153
    { 27, 37, 447, 1, 36, 250, 16264 }, // U+0154
    { 20, 30, 325, 1, 30, 150, 16514 }, // U+0155
    { 27, 39, 447, 1, 27, 264, 16664 }, // U+0156
    { 20, 32, 325, 1, 20, 160, 16928 }, // U+0157
    { 27, 39, 447, 1, 38, 264, 17088 }, // U+0158
    { 20, 31, 325, 1, 31, 155, 17352 }, // U+0159
    { 21, 37, 368, 1, 36, 195, 17507 }, // U+015A
    { 17, 31, 299, 1, 30, 132, 17702 }, // U+015B
    { 21, 37, 368, 1, 36, 195, 17834 }, // U+015C
    { 17, 32, 299, 1, 31, 136, 18029 }, // U+015D
    { 21, 38, 368, 1, 28, 200, 18165 }, // U+015E
    { 17, 29, 299, 1, 20, 124, 18365 }, // U+015F
    { 21, 39, 368, 1, 38, 205, 18489 }, // U+0160
    { 17, 32, 299, 1, 31, 136, 18694 }, // U+0161
    { 28, 37, 448, 0, 27, 259, 18830 }, // U+0162
    { 17, 36, 263, 0, 26, 153, 19089 }, // U+0163
    { 28, 38, 448, 0, 38, 266, 19242 }, // U+0164
    { 18, 33, 263, 0, 32, 149, 19508 }, // U+0165
    { 28, 27, 448, 0, 27, 189, 19657 }, // U+0166
    { 17, 27, 263, 0, 26, 115, 19846 }, // U+0167
    { 28, 36, 472, 1, 35, 252, 19961 }, // U+0168
    { 25, 30, 406, 0, 29, 188, 20213 }, // U+0169
    { 28, 35, 472, 1, 34, 245, 20401 }, // U+016A
    { 25, 29, 406, 0, 28, 182, 20646 }, // U+016B
    { 28, 38, 472, 1, 37, 266, 20828 }, // U+016C
    { 25, 31, 406, 0, 30, 194, 21094 }, // U+016D
    { 28, 38, 472, 1, 37, 266, 21288 }, // U+016E
    { 25, 32, 406, 0, 31, 200, 21554 }, // U+016F
    { 28, 38, 472, 1, 37, 266, 21754 }, // U+0170
    { 25, 31, 406, 0, 30, 194, 22020 }, // U+0171
    { 28, 36, 472, 1, 27, 252, 22214 }, // U+0172
    { 25, 28, 400, 0, 19, 175, 22466 }, // U+0173
    { 42, 36, 667, 0, 36, 378, 22641 }, // U+0174
    { 35, 31, 541, 0, 31, 272, 23019 }, // U+0175
    { 28, 36, 448, 0, 36, 252, 23291 }, // U+0176
    { 24, 40, 367, 0, 31, 240, 23543 }, // U+0177
    { 28, 35, 448, 0, 35, 245, 23783 }, // U+0178
    { 24, 36, 413, 1, 36, 216, 24028 }, // U+0179
    { 19, 30, 320, 1, 30, 143, 24244 }, // U+017A
    { 24, 35, 413, 1, 35, 210, 24387 }, // U+017B
    { 19, 29, 320, 1, 29, 138, 24597 }, // U+017C
    { 24, 38, 413, 1, 38, 228, 24735 }, // U+017D
    { 19, 31, 320, 1, 31, 148, 24963 }, // U+017E
    { 33, 30, 524, 1, 29, 248, 0 }, // U+01A0
    { 26, 27, 416, 1, 26, 176, 248 }, // U+01A1
    { 33, 30, 536, 1, 29, 248, 424 }, // U+01AF
    { 30, 27, 467, 0, 26, 203, 672 }, // U+01B0
    { 53, 38, 865, 1, 38, 504, 875 }, // U+01C4
    { 48, 31, 784, 1, 31, 372, 1379 }, // U+01C5
    { 44, 32, 715, 1, 31, 352, 1751 }, // U+01C6
    { 45, 28, 732, 1, 27, 315, 2103 }, // U+01C7
    { 34, 39, 592, 1, 29, 332, 2418 }, // U+01C8
    { 23, 39, 410, 1, 29, 225, 2750 }, // U+01C9
    { 51, 28, 831, 1, 27, 357, 2975 }, // U+01CA
    { 42, 39, 709, 1, 29, 410, 3332 }, // U+01CB
    { 36, 39, 613, 1, 29, 351, 3742 }, // U+01CC
    { 29, 38, 454, 0, 38, 276, 4093 }, // U+01CD
    { 21, 32, 347, 1, 31, 168, 4369 }, // U+01CE
    { 16, 38, 250, 0, 38, 152, 4537 }, // U+01CF
    { 15, 31, 219, -2, 31, 117, 4689 }, // U+01D0
    { 27, 39, 466, 1, 38, 264, 4806 }, // U+01D1
    { 22, 32, 374, 1, 31, 176, 5070 }, // U+01D2
    { 28, 39, 472, 1, 38, 273, 5246 }, // U+01D3
    { 25, 32, 406, 0, 31, 200, 5519 }, // U+01D4
    { 28, 43, 472, 1, 42, 301, 5719 }, // U+01D5
    { 25, 37, 406, 0, 36, 232, 6020 }, // U+01D6
    { 28, 45, 472, 1, 44, 315, 6252 }, // U+01D7
    { 25, 39, 406, 0, 38, 244, 6567 }, // U+01D8
    { 28, 47, 472, 1, 46, 329, 6811 }, // U+01D9
    { 25, 41, 406, 0, 40, 257, 7140 }, // U+01DA
    { 28, 45, 472, 1, 44, 315, 7397 }, // U+01DB
    { 25, 40, 406, 0, 39, 250, 7712 }, // U+01DC
    { 28, 39, 461, 1, 38, 273, 7962 }, // U+01E6
    { 24, 40, 363, 0, 31, 240, 8235 }, // U+01E7
    { 27, 37, 466, 1, 28, 250, 8475 }, // U+01EA
    { 22, 29, 374, 1, 20, 160, 8725 }, // U+01EB
    { 29, 42, 454, 0, 42, 305, 8885 }, // U+01FA
    { 21, 40, 347, 1, 39, 210, 9190 }, // U+01FB
    { 38, 36, 622, 0, 36, 342, 9400 }, // U+01FC
    { 31, 31, 510, 1, 30, 241, 9742 }, // U+01FD
    { 28, 37, 466, 1, 36, 259, 9983 }, // U+01FE
    { 23, 31, 374, 0, 30, 179, 10242 }, // U+01FF
    { 29, 37, 454, 0, 37, 269, 10421 }, // U+0200
    { 22, 31, 347, 0, 30, 171, 10690 }, // U+0201
    { 29, 36, 454, 0, 36, 261, 10861 }, // U+0202
    { 21, 31, 347, 1, 30, 163, 11122 }, // U+0203
    { 23, 37, 399, 1, 37, 213, 11285 }, // U+0204
    { 20, 31, 340, 1, 30, 155, 11498 }, // U+0205
    { 23, 36, 399, 1, 36, 207, 11653 }, // U+0206
    { 20, 31, 340, 1, 30, 155, 11860 }, // U+0207
    { 17, 37, 250, -3, 37, 158, 12015 }, // U+0208
    { 18, 30, 219, -5, 30, 135, 12173 }, // U+0209
    { 14, 36, 250, 1, 36, 126, 12308 }, // U+020A
    { 14, 30, 219, -1, 30, 105, 12434 }, // U+020B
    { 27, 38, 466, 1, 37, 257, 12539 }, // U+020C
    { 22, 31, 374, 1, 30, 171, 12796 }, // U+020D
    { 27, 37, 466, 1, 36, 250, 12967 }, // U+020E
    { 22, 31, 374, 1, 30, 171, 13217 }, // U+020F
    { 27, 38, 447, 1, 37, 257, 13388 }, // U+0210
    { 20, 30, 325, 1, 30, 150, 13645 }, // U+0211
    { 27, 37, 447, 1, 36, 250, 13795 }, // U+0212
    { 20, 30, 325, 1, 30, 150, 14045 }, // U+0213
    { 28, 38, 472, 1, 37, 266, 14195 }, // U+0214
    { 25, 31, 406, 0, 30, 194, 14461 }, // U+0215
    { 28, 37, 472, 1, 36, 259, 14655 }, // U+0216
    { 25, 31, 406, 0, 30, 194, 14914 }, // U+0217
    { 21, 40, 368, 1, 28, 210, 15108 }, // U+0218
    { 17, 32, 299, 1, 20, 136, 15318 }, // U+0219
    { 28, 39, 448, 0, 27, 273, 15454 }, // U+021A
    { 17, 38, 263, 0, 26, 162, 15727 }, // U+021B
    { 10, 9, 0, -6, 30, 23, 0 }, // U+0300
    { 9, 9, 0, -3, 30, 21, 23 }, // U+0301
    { 14, 9, 0, -7, 31, 32, 44 }, // U+0302
    { 16, 6, 0, -8, 29, 24, 76 }, // U+0303
    { 14, 4, 0, -7, 28, 14, 100 }, // U+0304
    { 14, 8, 0, -7, 30, 28, 114 }, // U+0306
    { 8, 6, 0, -4, 29, 12, 142 }, // U+0307
    { 16, 6, 0, -8, 29, 24, 154 }, // U+0308
    { 13, 11, 0, -7, 32, 36, 178 }, // U+0309
    { 12, 9, 0, -6, 31, 27, 214 }, // U+030A
    { 15, 9, 0, -5, 30, 34, 241 }, // U+030B
    { 14, 9, 0, -7, 31, 32, 275 }, // U+030C
    { 16, 9, 0, -10, 30, 36, 307 }, // U+030F
    { 14, 8, 0, -7, 30, 28, 343 }, // U+0311
    { 7, 9, 0, -4, 31, 16, 371 }, // U+0312
    { 9, 12, 0, -5, 25, 27, 387 }, // U+031B
    { 8, 6, 0, -4, -3, 12, 414 }, // U+0323
    { 16, 6, 0, -8, -2, 24, 426 }, // U+0324
    { 8, 10, 0, -4, -2, 20, 450 }, // U+0326
    { 10, 10, 0, -5, 1, 25, 470 }, // U+0327
    { 10, 10, 0, -5, 1, 25, 495 }, // U+0328
    { 14, 8, 0, -7, -1, 28, 520 }, // U+032E
    { 14, 4, 0, -7, -3, 14, 548 }, // U+0331
    { 29, 36, 454, 0, 27, 261, 0 }, // U+1EA0
    { 21, 29, 347, 1, 20, 153, 261 }, // U+1EA1
    { 29, 38, 454, 0, 38, 276, 414 }, // U+1EA2
    { 21, 33, 347, 1, 32, 174, 690 }, // U+1EA3
    { 29, 45, 454, 0, 45, 327, 864 }, // U+1EA4
    { 21, 40, 347, 1, 39, 210, 1191 }, // U+1EA5
    { 29, 45, 454, 0, 45, 327, 1401 }, // U+1EA6
    { 21, 40, 347, 1, 39, 210, 1728 }, // U+1EA7
    { 29, 44, 454, 0, 44, 319, 1938 }, // U+1EA8
    { 21, 39, 347, 1, 38, 205, 2257 }, // U+1EA9
    { 29, 43, 454, 0, 43, 312, 2462 }, // U+1EAA
    { 21, 38, 347, 1, 37, 200, 2774 }, // U+1EAB
    { 29, 45, 454, 0, 36, 327, 2974 }, // U+1EAC
    { 21, 40, 347, 1, 31, 210, 3301 }, // U+1EAD
    { 29, 45, 454, 0, 45, 327, 3511 }, // U+1EAE
    { 21, 40, 347, 1, 39, 210, 3838 }, // U+1EAF
    { 29, 45, 454, 0, 45, 327, 4048 }, // U+1EB0
    { 21, 40, 347, 1, 39, 210, 4375 }, // U+1EB1
    { 29, 46, 454, 0, 46, 334, 4585 }, // U+1EB2
    { 21, 41, 347, 1, 40, 216, 4919 }, // U+1EB3
    { 29, 43, 454, 0, 43, 312, 5135 }, // U+1EB4
    { 21, 38, 347, 1, 37, 200, 5447 }, // U+1EB5
    { 29, 46, 454, 0, 37, 334, 5647 }, // U+1EB6
    { 21, 39, 347, 1, 30, 205, 5981 }, // U+1EB7
    { 23, 36, 399, 1, 27, 207, 6186 }, // U+1EB8
    { 20, 29, 340, 1, 20, 145, 6393 }, // U+1EB9
    { 23, 38, 399, 1, 38, 219, 6538 }, // U+1EBA
    { 20, 33, 340, 1, 32, 165, 6757 }, // U+1EBB
    { 23, 35, 399, 1, 35, 202, 6922 }, // U+1EBC
    { 20, 30, 340, 1, 29, 150, 7124 }, // U+1EBD
    { 23, 45, 399, 1, 45, 259, 7274 }, // U+1EBE
    { 20, 40, 340, 1, 39, 200, 7533 }, // U+1EBF
    { 23, 45, 399, 1, 45, 259, 7733 }, // U+1EC0
    { 20, 40, 340, 1, 39, 200, 7992 }, // U+1EC1
    { 24, 44, 399, 1, 44, 264, 8192 }, // U+1EC2
    { 22, 39, 340, 1, 38, 215, 8456 }, // U+1EC3
    { 23, 43, 399, 1, 43, 248, 8671 }, // U+1EC4
    { 20, 38, 340, 1, 37, 190, 8919 }, // U+1EC5
    { 23, 45, 399, 1, 36, 259, 9109 }, // U+1EC6
    { 20, 40, 340, 1, 31, 200, 9368 }, // U+1EC7
    { 13, 38, 250, 1, 38, 124, 9568 }, // U+1EC8
    { 14, 32, 219, -1, 32, 112, 9692 }, // U+1EC9
    { 13, 36, 250, 1, 27, 117, 9804 }, // U+1ECA
    { 12, 38, 219, 1, 29, 114, 9921 }, // U+1ECB
    { 27, 37, 466, 1, 28, 250, 10035 }, // U+1ECC
    { 22, 29, 374, 1, 20, 160, 10285 }, // U+1ECD
    { 27, 39, 466, 1, 38, 264, 10445 }, // U+1ECE
    { 22, 33, 374, 1, 32, 182, 10709 }, // U+1ECF
    { 27, 46, 466, 1, 45, 311, 10891 }, // U+1ED0
    { 22, 40, 374, 1, 39, 220, 11202 }, // U+1ED1
    { 27, 46, 466, 1, 45, 311, 11422 }, // U+1ED2
    { 22, 40, 374, 1, 39, 220, 11733 }, // U+1ED3
    { 27, 45, 466, 1, 44, 304, 11953 }, // U+1ED4
    { 23, 39, 374, 1, 38, 225, 12257 }, // U+1ED5
    { 27, 44, 466, 1, 43, 297, 12482 }, // U+1ED6
    { 22, 38, 374, 1, 37, 209, 12779 }, // U+1ED7
    { 27, 45, 466, 1, 36, 304, 12988 }, // U+1ED8
    { 22, 40, 374, 1, 31, 220, 13292 }, // U+1ED9
    { 33, 37, 524, 1, 36, 306, 13512 }, // U+1EDA
    { 26, 31, 416, 1, 30, 202, 13818 }, // U+1EDB
    { 33, 37, 524, 1, 36, 306, 14020 }, // U+1EDC
    { 26, 31, 416, 1, 30, 202, 14326 }, // U+1EDD
    { 33, 39, 524, 1, 38, 322, 14528 }, // U+1EDE
    { 26, 33, 416, 1, 32, 215, 14850 }, // U+1EDF
    { 33, 36, 524, 1, 35, 297, 15065 }, // U+1EE0
    { 26, 30, 416, 1, 29, 195, 15362 }, // U+1EE1
    { 33, 38, 524, 1, 29, 314, 15557 }, // U+1EE2
    { 26, 35, 416, 1, 26, 228, 15871 }, // U+1EE3
    { 28, 36, 472, 1, 27, 252, 16099 }, // U+1EE4
    { 25, 28, 406, 0, 19, 175, 16351 }, // U+1EE5
    { 28, 39, 472, 1, 38, 273, 16526 }, // U+1EE6
    { 25, 33, 406, 0, 32, 207, 16799 }, // U+1EE7
    { 33, 37, 536, 1, 36, 306, 17006 }, // U+1EE8
    { 30, 31, 467, 0, 30, 233, 17312 }, // U+1EE9
    { 33, 37, 536, 1, 36, 306, 17545 }, // U+1EEA
    { 30, 31, 467, 0, 30, 233, 17851 }, // U+1EEB
    { 33, 39, 536, 1, 38, 322, 18084 }, // U+1EEC
    { 30, 33, 467, 0, 32, 248, 18406 }, // U+1EED
    { 33, 36, 536, 1, 35, 297, 18654 }, // U+1EEE
    { 30, 30, 467, 0, 29, 225, 18951 }, // U+1EEF
    { 33, 38, 536, 1, 29, 314, 19176 }, // U+1EF0
    { 30, 35, 467, 0, 26, 263, 19490 }, // U+1EF1
    { 28, 36, 448, 0, 36, 252, 19753 }, // U+1EF2
    { 24, 39, 367, 0, 30, 234, 20005 }, // U+1EF3
    { 28, 36, 448, 0, 27, 252, 20239 }, // U+1EF4
    { 24, 28, 367, 0, 19, 168, 20491 }, // U+1EF5
    { 28, 38, 448, 0, 38, 266, 20659 }, // U+1EF6
    { 24, 41, 367, 0, 32, 246, 20925 }, // U+1EF7
    { 28, 35, 448, 0, 35, 245, 21171 }, // U+1EF8
    { 24, 38, 367, 0, 29, 228, 21416 }, // U+1EF9
    { 0, 0, 349, 0, 0, 0, 0 }, // U+2007
    { 0, 0, 195, 0, 0, 0, 0 }, // U+2008
    { 0, 0, 75, 0, 0, 0, 0 }, // U+2009
    { 0, 0, 36, 0, 0, 0, 0 }, // U+200A
    { 0, 0, 0, 0, 0, 0, 0 }, // U+200B
    { 11, 4, 203, 1, 13, 11, 0 }, // U+2010
    { 19, 4, 300, 0, 13, 19, 11 }, // U+2012
    { 19, 4, 300, 0, 13, 19, 30 }, // U+2013
    { 38, 4, 600, 0, 13, 38, 49 }, // U+2014
    { 38, 4, 600, 0, 13, 38, 87 }, // U+2015
    { 8, 12, 184, 2, 31, 24, 125 }, // U+2018
    { 8, 12, 184, 2, 29, 24, 149 }, // U+2019
    { 8, 13, 186, 2, 6, 26, 173 }, // U+201A
    { 16, 12, 319, 2, 31, 48, 199 }, // U+201C
    { 16, 12, 319, 2, 29, 48, 247 }, // U+201D
    { 16, 13, 286, 1, 6, 52, 295 }, // U+201E
    { 18, 31, 320, 1, 30, 140, 347 }, // U+2020
    { 18, 32, 323, 1, 30, 144, 487 }, // U+2021
    { 11, 9, 235, 2, 16, 25, 631 }, // U+2022
    { 33, 8, 554, 1, 7, 66, 656 }, // U+2026
    { 48, 24, 783, 1, 23, 288, 722 }, // U+2030
    { 7, 11, 143, 1, 31, 20, 1010 }, // U+2032
    { 14, 11, 253, 1, 31, 39, 1030 }, // U+2033
    { 11, 18, 193, 1, 19, 50, 1069 }, // U+2039
    { 11, 18, 193, 0, 19, 50, 1119 }, // U+203A
    { 32, 30, 540, 1, 30, 240, 1169 }, // U+2042
    { 21, 28, 208, -4, 27, 147, 1409 }, // U+2044
    { 22, 35, 380, 1, 31, 193, 0 }, // U+20A1
    { 24, 27, 385, 0, 27, 162, 193 }, // U+20A3
    { 22, 28, 360, 0, 28, 154, 355 }, // U+20A4
    { 31, 27, 503, 0, 27, 210, 509 }, // U+20A6
    { 58, 28, 945, 1, 27, 406, 719 }, // U+20A7
    { 43, 27, 662, 0, 27, 291, 1125 }, // U+20A9
    { 24, 36, 393, 1, 29, 216, 1416 }, // U+20AB
    { 26, 29, 418, -1, 28, 189, 1632 }, // U+20AC
    { 31, 28, 479, 0, 27, 217, 1821 }, // U+20AD
    { 27, 27, 430, 0, 27, 183, 2038 }, // U+20AE
    { 28, 27, 434, 0, 27, 189, 2221 }, // U+20B1
    { 28, 34, 451, 1, 30, 238, 2410 }, // U+20B2
    { 26, 29, 413, 0, 28, 189, 2648 }, // U+20B4
    { 22, 35, 388, 1, 31, 193, 2837 }, // U+20B5
    { 28, 27, 433, 0, 27, 189, 3030 }, // U+20B8
    { 21, 28, 369, 1, 27, 147, 3219 }, // U+20B9
    { 23, 27, 388, 1, 27, 156, 3366 }, // U+20BA
    { 28, 27, 471, 1, 27, 189, 3522 }, // U+20BC
    { 24, 27, 401, 1, 27, 162, 3711 }, // U+20BD
    { 26, 29, 434, 1, 29, 189, 0 }, // U+FB01
    { 27, 29, 446, 1, 29, 196, 189 }, // U+FB02
};

static const EpdUnicodeInterval literata_18_boldIntervals[] = {
    { 0x20, 0x7E, 0x0 },
    { 0xA0, 0x17E, 0x5F },
    { 0x1A0, 0x1A1, 0x13E },
    { 0x1AF, 0x1B0, 0x140 },
    { 0x1C4, 0x1DC, 0x142 },
    { 0x1E6, 0x1E7, 0x15B },
    { 0x1EA, 0x1EB, 0x15D },
    { 0x1FA, 0x21B, 0x15F },
    { 0x300, 0x304, 0x181 },
    { 0x306, 0x30C, 0x186 },
    { 0x30F, 0x30F, 0x18D },
    { 0x311, 0x312, 0x18E },
    { 0x31B, 0x31B, 0x190 },
    { 0x323, 0x324, 0x191 },
    { 0x326, 0x328, 0x193 },
    { 0x32E, 0x32E, 0x196 },
    { 0x331, 0x331, 0x197 },
    { 0x1EA0, 0x1EF9, 0x198 },
    { 0x2007, 0x200B, 0x1F2 },
    { 0x2010, 0x2010, 0x1F7 },
    { 0x2012, 0x2015, 0x1F8 },
    { 0x2018, 0x201A, 0x1FC },
    { 0x201C, 0x201E, 0x1FF },
    { 0x2020, 0x2022, 0x202 },
    { 0x2026, 0x2026, 0x205 },
    { 0x2030, 0x2030, 0x206 },
    { 0x2032, 0x2033, 0x207 },
    { 0x2039, 0x203A, 0x209 },
    { 0x2042, 0x2042, 0x20B },
    { 0x2044, 0x2044, 0x20C },
    { 0x20A1, 0x20A1, 0x20D },
    { 0x20A3, 0x20A4, 0x20E },
    { 0x20A6, 0x20A7, 0x210 },
    { 0x20A9, 0x20A9, 0x212 },
    { 0x20AB, 0x20AE, 0x213 },
    { 0x20B1, 0x20B2, 0x217 },
    { 0x20B4, 0x20B5, 0x219 },
    { 0x20B8, 0x20BA, 0x21B },
    { 0x20BC, 0x20BD, 0x21E },
    { 0xFB01, 0xFB02, 0x220 },
};

static const EpdFontGroup literata_18_boldGroups[] = {
    { 0, 5251, 13573, 95, 0 },
    { 5251, 4561, 16347, 96, 95 },
    { 9812, 6200, 26510, 127, 191 },
    { 16012, 4543, 16781, 67, 318 },
    { 20555, 390, 627, 23, 385 },
    { 20945, 3309, 23195, 90, 408 },
    { 24254, 792, 1638, 27, 498 },
    { 25046, 1706, 4015, 19, 525 },
    { 26752, 154, 406, 2, 544 },
};

static const EpdKernClassEntry literata_18_boldKernLeftClasses[] = {
    { 0x0022, 1 }, // "
    { 0x0026, 2 }, // &
    { 0x0027, 1 }, // '
    { 0x002A, 3 }, // *
    { 0x002C, 4 }, // ,
    { 0x002D, 5 }, // -
    { 0x002E, 4 }, // .
    { 0x002F, 6 }, // /
    { 0x0030, 7 }, // 0
    { 0x0031, 8 }, // 1
    { 0x0032, 9 }, // 2
    { 0x0033, 10 }, // 3
    { 0x0034, 11 }, // 4
    { 0x0035, 12 }, // 5
    { 0x0036, 13 }, // 6
    { 0x0037, 14 }, // 7
    { 0x0038, 15 }, // 8
    { 0x0039, 16 }, // 9
    { 0x003A, 17 }, // :
    { 0x003B, 17 }, // ;
    { 0x003D, 18 }, // =
    { 0x003F, 19 }, // ?
    { 0x0040, 20 }, // @
    { 0x0041, 21 }, // A
    { 0x0042, 22 }, // B
    { 0x0043, 23 }, // C
    { 0x0044, 24 }, // D
    { 0x0045, 25 }, // E
    { 0x0046, 26 }, // F
    { 0x0047, 27 }, // G
    { 0x0048, 28 }, // H
    { 0x0049, 28 }, // I
    { 0x004A, 29 }, // J
    { 0x004B, 30 }, // K
    { 0x004C, 31 }, // L
    { 0x004D, 32 }, // M
    { 0x004E, 33 }, // N
    { 0x004F, 34 }, // O
    { 0x0050, 35 }, // P
    { 0x0051, 36 }, // Q
    { 0x0052, 37 }, // R
    { 0x0053, 38 }, // S
    { 0x0054, 39 }, // T
    { 0x0055, 40 }, // U
    { 0x0056, 41 }, // V
    { 0x0057, 42 }, // W
    { 0x0058, 43 }, // X
    { 0x0059, 44 }, // Y
    { 0x005A, 45 }, // Z
    { 0x005B, 46 }, // [
    { 0x005C, 47 }, // <backslash>
    { 0x0061, 48 }, // a
    { 0x0062, 49 }, // b
    { 0x0063, 50 }, // c
    { 0x0064, 51 }, // d
    { 0x0065, 52 }, // e
    { 0x0066, 53 }, // f
    { 0x0067, 54 }, // g
    { 0x0068, 55 }, // h
    { 0x0069, 56 }, // i
    { 0x006A, 57 }, // j
    { 0x006B, 58 }, // k
    { 0x006C, 51 }, // l
    { 0x006D, 55 }, // m
    { 0x006E, 55 }, // n
    { 0x006F, 59 }, // o
    { 0x0070, 59 }, // p
    { 0x0071, 60 }, // q
    { 0x0072, 61 }, // r
    { 0x0073, 62 }, // s
    { 0x0074, 63 }, // t
    { 0x0075, 56 }, // u
    { 0x0076, 64 }, // v
    { 0x0077, 65 }, // w
    { 0x0078, 66 }, // x
    { 0x0079, 64 }, // y
    { 0x007A, 67 }, // z
    { 0x00A1, 68 }, // U+00A1
    { 0x00AB, 69 }, // U+00AB
    { 0x00AD, 5 }, // U+00AD
    { 0x00B3, 70 }, // U+00B3
    { 0x00B5, 71 }, // U+00B5
    { 0x00B7, 72 }, // U+00B7
    { 0x00BB, 73 }, // U+00BB
    { 0x00BF, 74 }, // U+00BF
    { 0x00C0, 21 }, // U+00C0
    { 0x00C1, 21 }, // U+00C1
    { 0x00C2, 21 }, // U+00C2
    { 0x00C3, 21 }, // U+00C3
    { 0x00C4, 21 }, // U+00C4
    { 0x00C5, 21 }, // U+00C5
    { 0x00C6, 25 }, // U+00C6
    { 0x00C7, 23 }, // U+00C7
    { 0x00C8, 25 }, // U+00C8
    { 0x00C9, 25 }, // U+00C9
    { 0x00CA, 25 }, // U+00CA
    { 0x00CB, 25 }, // U+00CB
    { 0x00CC, 28 }, // U+00CC
    { 0x00CD, 28 }, // U+00CD
    { 0x00CE, 28 }, // U+00CE
    { 0x00CF, 28 }, // U+00CF
    { 0x00D0, 75 }, // U+00D0
    { 0x00D1, 33 }, // U+00D1
    { 0x00D2, 34 }, // U+00D2
    { 0x00D3, 34 }, // U+00D3
    { 0x00D4, 34 }, // U+00D4
    { 0x00D5, 34 }, // U+00D5
    { 0x00D6, 34 }, // U+00D6
    { 0x00D7, 76 }, // U+00D7
    { 0x00D8, 34 }, // U+00D8
    { 0x00D9, 77 }, // U+00D9
    { 0x00DA, 77 }, // U+00DA
    { 0x00DB, 77 }, // U+00DB
    { 0x00DC, 77 }, // U+00DC
    { 0x00DD, 78 }, // U+00DD
    { 0x00DE, 79 }, // U+00DE
    { 0x00DF, 80 }, // U+00DF
    { 0x00E0, 81 }, // U+00E0
    { 0x00E1, 82 }, // U+00E1
    { 0x00E2, 82 }, // U+00E2
    { 0x00E3, 82 }, // U+00E3
    { 0x00E4, 82 }, // U+00E4
    { 0x00E5, 82 }, // U+00E5
    { 0x00E6, 59 }, // U+00E6
    { 0x00E7, 50 }, // U+00E7
    { 0x00E8, 83 }, // U+00E8
    { 0x00E9, 83 }, // U+00E9
    { 0x00EA, 83 }, // U+00EA
    { 0x00EB, 83 }, // U+00EB
    { 0x00EC, 56 }, // U+00EC
    { 0x00ED, 56 }, // U+00ED
    { 0x00EE, 56 }, // U+00EE
    { 0x00EF, 84 }, // U+00EF
    { 0x00F1, 55 }, // U+00F1
    { 0x00F2, 59 }, // U+00F2
    { 0x00F3, 59 }, // U+00F3
    { 0x00F4, 59 }, // U+00F4
    { 0x00F5, 59 }, // U+00F5
    { 0x00F6, 59 }, // U+00F6
    { 0x00F8, 59 }, // U+00F8
    { 0x00F9, 56 }, // U+00F9
    { 0x00FA, 56 }, // U+00FA
    { 0x00FB, 56 }, // U+00FB
    { 0x00FC, 56 }, // U+00FC
    { 0x00FD, 64 }, // U+00FD
    { 0x00FE, 59 }, // U+00FE
    { 0x00FF, 64 }, // U+00FF
    { 0x0100, 21 }, // U+0100
    { 0x0101, 82 }, // U+0101
    { 0x0102, 21 }, // U+0102
    { 0x0103, 82 }, // U+0103
    { 0x0104, 21 }, // U+0104
    { 0x0105, 82 }, // U+0105
    { 0x0106, 23 }, // U+0106
    { 0x0107, 50 }, // U+0107
    { 0x0108, 23 }, // U+0108
    { 0x0109, 50 }, // U+0109
    { 0x010A, 23 }, // U+010A
    { 0x010B, 50 }, // U+010B
    { 0x010C, 23 }, // U+010C
    { 0x010D, 50 }, // U+010D
    { 0x010E, 85 }, // U+010E
    { 0x010F, 86 }, // U+010F
    { 0x0110, 85 }, // U+0110
    { 0x0111, 51 }, // U+0111
    { 0x0112, 25 }, // U+0112
    { 0x0113, 83 }, // U+0113
    { 0x0114, 25 }, // U+0114
    { 0x0115, 83 }, // U+0115
    { 0x0116, 25 }, // U+0116
    { 0x0117, 83 }, // U+0117
    { 0x0118, 25 }, // U+0118
    { 0x0119, 83 }, // U+0119
    { 0x011A, 25 }, // U+011A
    { 0x011B, 83 }, // U+011B
    { 0x011C, 27 }, // U+011C
    { 0x011D, 54 }, // U+011D
    { 0x011E, 27 }, // U+011E
    { 0x011F, 54 }, // U+011F
    { 0x0120, 27 }, // U+0120
    { 0x0121, 54 }, // U+0121
    { 0x0122, 27 }, // U+0122
    { 0x0123, 54 }, // U+0123
    { 0x0124, 28 }, // U+0124
    { 0x0125, 55 }, // U+0125
    { 0x0126, 28 }, // U+0126
    { 0x0127, 55 }, // U+0127
    { 0x0128, 28 }, // U+0128
    { 0x0129, 56 }, // U+0129
    { 0x012A, 28 }, // U+012A
    { 0x012B, 56 }, // U+012B
    { 0x012C, 28 }, // U+012C
    { 0x012D, 56 }, // U+012D
    { 0x012E, 28 }, // U+012E
    { 0x012F, 56 }, // U+012F
    { 0x0130, 28 }, // U+0130
    { 0x0131, 56 }, // U+0131
    { 0x0134, 29 }, // U+0134
    { 0x0135, 57 }, // U+0135
    { 0x0136, 30 }, // U+0136
    { 0x0137, 58 }, // U+0137
    { 0x0138, 58 }, // U+0138
    { 0x0139, 31 }, // U+0139
    { 0x013A, 51 }, // U+013A
    { 0x013B, 31 }, // U+013B
    { 0x013C, 51 }, // U+013C
    { 0x013D, 87 }, // U+013D
    { 0x013E, 88 }, // U+013E
    { 0x013F, 31 }, // U+013F
    { 0x0140, 51 }, // U+0140
    { 0x0141, 31 }, // U+0141
    { 0x0142, 89 }, // U+0142
    { 0x0143, 33 }, // U+0143
    { 0x0144, 55 }, // U+0144
    { 0x0145, 33 }, // U+0145
    { 0x0146, 55 }, // U+0146
    { 0x0147, 33 }, // U+0147
    { 0x0148, 55 }, // U+0148
    { 0x0149, 55 }, // U+0149
    { 0x014A, 29 }, // U+014A
    { 0x014B, 57 }, // U+014B
    { 0x014C, 34 }, // U+014C
    { 0x014D, 59 }, // U+014D
    { 0x014E, 34 }, // U+014E
    { 0x014F, 59 }, // U+014F
    { 0x0150, 34 }, // U+0150
    { 0x0151, 59 }, // U+0151
    { 0x0152, 25 }, // U+0152
    { 0x0153, 59 }, // U+0153
    { 0x0154, 37 }, // U+0154
    { 0x0155, 61 }, // U+0155
    { 0x0156, 37 }, // U+0156
    { 0x0157, 61 }, // U+0157
    { 0x0158, 37 }, // U+0158
    { 0x0159, 61 }, // U+0159
    { 0x015A, 38 }, // U+015A
    { 0x015B, 62 }, // U+015B
    { 0x015C, 38 }, // U+015C
    { 0x015D, 62 }, // U+015D
    { 0x015E, 38 }, // U+015E
    { 0x015F, 62 }, // U+015F
    { 0x0160, 38 }, // U+0160
    { 0x0161, 62 }, // U+0161
    { 0x0162, 90 }, // U+0162
    { 0x0163, 63 }, // U+0163
    { 0x0164, 39 }, // U+0164
    { 0x0165, 91 }, // U+0165
    { 0x0166, 39 }, // U+0166
    { 0x0167, 63 }, // U+0167
    { 0x0168, 77 }, // U+0168
    { 0x0169, 56 }, // U+0169
    { 0x016A, 77 }, // U+016A
    { 0x016B, 56 }, // U+016B
    { 0x016C, 77 }, // U+016C
    { 0x016D, 56 }, // U+016D
    { 0x016E, 77 }, // U+016E
    { 0x016F, 56 }, // U+016F
    { 0x0170, 77 }, // U+0170
    { 0x0171, 56 }, // U+0171
    { 0x0172, 77 }, // U+0172
    { 0x0173, 56 }, // U+0173
    { 0x0174, 92 }, // U+0174
    { 0x0175, 65 }, // U+0175
    { 0x0176, 78 }, // U+0176
    { 0x0177, 64 }, // U+0177
    { 0x0178, 78 }, // U+0178
    { 0x0179, 45 }, // U+0179
    { 0x017A, 67 }, // U+017A
    { 0x017B, 45 }, // U+017B
    { 0x017C, 67 }, // U+017C
    { 0x017D, 45 }, // U+017D
    { 0x017E, 67 }, // U+017E
    { 0x01A0, 93 }, // U+01A0
    { 0x01A1, 94 }, // U+01A1
    { 0x01AF, 95 }, // U+01AF
    { 0x01B0, 96 }, // U+01B0
    { 0x01C6, 55 }, // U+01C6
    { 0x01C7, 29 }, // U+01C7
    { 0x01C9, 57 }, // U+01C9
    { 0x01CA, 29 }, // U+01CA
    { 0x01CC, 57 }, // U+01CC
    { 0x01CD, 21 }, // U+01CD
    { 0x01CE, 55 }, // U+01CE
    { 0x01CF, 28 }, // U+01CF
    { 0x01D0, 56 }, // U+01D0
    { 0x01D1, 34 }, // U+01D1
    { 0x01D2, 59 }, // U+01D2
    { 0x01D3, 77 }, // U+01D3
    { 0x01D4, 56 }, // U+01D4
    { 0x01D5, 77 }, // U+01D5
    { 0x01D6, 56 }, // U+01D6
    { 0x01D7, 77 }, // U+01D7
    { 0x01D8, 56 }, // U+01D8
    { 0x01D9, 77 }, // U+01D9
    { 0x01DA, 56 }, // U+01DA
    { 0x01DB, 77 }, // U+01DB
    { 0x01DC, 56 }, // U+01DC
    { 0x01E6, 27 }, // U+01E6
    { 0x01E7, 54 }, // U+01E7
    { 0x01EA, 34 }, // U+01EA
    { 0x01EB, 59 }, // U+01EB
    { 0x01FA, 21 }, // U+01FA
    { 0x01FB, 55 }, // U+01FB
    { 0x01FC, 25 }, // U+01FC
    { 0x01FD, 59 }, // U+01FD
    { 0x01FE, 34 }, // U+01FE
    { 0x01FF, 59 }, // U+01FF
    { 0x0200, 21 }, // U+0200
    { 0x0201, 55 }, // U+0201
    { 0x0202, 21 }, // U+0202
    { 0x0203, 55 }, // U+0203
    { 0x0204, 25 }, // U+0204
    { 0x0205, 59 }, // U+0205
    { 0x0206, 25 }, // U+0206
    { 0x0207, 59 }, // U+0207
    { 0x0208, 28 }, // U+0208
    { 0x0209, 56 }, // U+0209
    { 0x020A, 28 }, // U+020A
    { 0x020B, 56 }, // U+020B
    { 0x020C, 34 }, // U+020C
    { 0x020D, 59 }, // U+020D
    { 0x020E, 34 }, // U+020E
    { 0x020F, 59 }, // U+020F
    { 0x0210, 37 }, // U+0210
    { 0x0211, 61 }, // U+0211
    { 0x0212, 37 }, // U+0212
    { 0x0213, 61 }, // U+0213
    { 0x0214, 77 }, // U+0214
    { 0x0215, 56 }, // U+0215
    { 0x0216, 77 }, // U+0216
    { 0x0217, 56 }, // U+0217
    { 0x0218, 38 }, // U+0218
    { 0x0219, 62 }, // U+0219
    { 0x021A, 90 }, // U+021A
    { 0x021B, 63 }, // U+021B
    { 0x1EA0, 21 }, // U+1EA0
    { 0x1EA1, 55 }, // U+1EA1
    { 0x1EA2, 21 }, // U+1EA2
    { 0x1EA3, 55 }, // U+1EA3
    { 0x1EA4, 21 }, // U+1EA4
    { 0x1EA5, 55 }, // U+1EA5
    { 0x1EA6, 21 }, // U+1EA6
    { 0x1EA7, 55 }, // U+1EA7
    { 0x1EA8, 21 }, // U+1EA8
    { 0x1EA9, 55 }, // U+1EA9
    { 0x1EAA, 21 }, // U+1EAA
    { 0x1EAB, 55 }, // U+1EAB
    { 0x1EAC, 21 }, // U+1EAC
    { 0x1EAD, 55 }, // U+1EAD
    { 0x1EAE, 21 }, // U+1EAE
    { 0x1EAF, 55 }, // U+1EAF
    { 0x1EB0, 21 }, // U+1EB0
    { 0x1EB1, 55 }, // U+1EB1
    { 0x1EB2, 21 }, // U+1EB2
    { 0x1EB3, 55 }, // U+1EB3
    { 0x1EB4, 21 }, // U+1EB4
    { 0x1EB5, 55 }, // U+1EB5
    { 0x1EB6, 21 }, // U+1EB6
    { 0x1EB7, 55 }, // U+1EB7
    { 0x1EB8, 25 }, // U+1EB8
    { 0x1EB9, 59 }, // U+1EB9
    { 0x1EBA, 25 }, // U+1EBA
    { 0x1EBB, 59 }, // U+1EBB
    { 0x1EBC, 25 }, // U+1EBC
    { 0x1EBD, 59 }, // U+1EBD
    { 0x1EBE, 25 }, // U+1EBE
    { 0x1EBF, 59 }, // U+1EBF
    { 0x1EC0, 25 }, // U+1EC0
    { 0x1EC1, 59 }, // U+1EC1
    { 0x1EC2, 25 }, // U+1EC2
    { 0x1EC3, 59 }, // U+1EC3
    { 0x1EC4, 25 }, // U+1EC4
    { 0x1EC5, 59 }, // U+1EC5
    { 0x1EC6, 25 }, // U+1EC6
    { 0x1EC7, 59 }, // U+1EC7
    { 0x1EC8, 28 }, // U+1EC8
    { 0x1EC9, 56 }, // U+1EC9
    { 0x1ECA, 28 }, // U+1ECA
    { 0x1ECB, 56 }, // U+1ECB
    { 0x1ECC, 34 }, // U+1ECC
    { 0x1ECD, 59 }, // U+1ECD
    { 0x1ECE, 34 }, // U+1ECE
    { 0x1ECF, 59 }, // U+1ECF
    { 0x1ED0, 34 }, // U+1ED0
    { 0x1ED1, 59 }, // U+1ED1
    { 0x1ED2, 34 }, // U+1ED2
    { 0x1ED3, 59 }, // U+1ED3
    { 0x1ED4, 34 }, // U+1ED4
    { 0x1ED5, 59 }, // U+1ED5
    { 0x1ED6, 34 }, // U+1ED6
    { 0x1ED7, 59 }, // U+1ED7
    { 0x1ED8, 34 }, // U+1ED8
    { 0x1ED9, 59 }, // U+1ED9
    { 0x1EDA, 97 }, // U+1EDA
    { 0x1EDB, 98 }, // U+1EDB
    { 0x1EDC, 97 }, // U+1EDC
    { 0x1EDD, 98 }, // U+1EDD
    { 0x1EDE, 97 }, // U+1EDE
    { 0x1EDF, 98 }, // U+1EDF
    { 0x1EE0, 97 }, // U+1EE0
    { 0x1EE1, 98 }, // U+1EE1
    { 0x1EE2, 97 }, // U+1EE2
    { 0x1EE3, 98 }, // U+1EE3
    { 0x1EE4, 77 }, // U+1EE4
    { 0x1EE5, 56 }, // U+1EE5
    { 0x1EE6, 77 }, // U+1EE6
    { 0x1EE7, 56 }, // U+1EE7
    { 0x1EE8, 99 }, // U+1EE8
    { 0x1EE9, 96 }, // U+1EE9
    { 0x1EEA, 99 }, // U+1EEA
    { 0x1EEB, 96 }, // U+1EEB
    { 0x1EEC, 99 }, // U+1EEC
    { 0x1EED, 96 }, // U+1EED
    { 0x1EEE, 99 }, // U+1EEE
    { 0x1EEF, 96 }, // U+1EEF
    { 0x1EF0, 99 }, // U+1EF0
    { 0x1EF1, 96 }, // U+1EF1
    { 0x1EF2, 78 }, // U+1EF2
    { 0x1EF3, 64 }, // U+1EF3
    { 0x1EF4, 100 }, // U+1EF4
    { 0x1EF5, 64 }, // U+1EF5
    { 0x1EF6, 100 }, // U+1EF6
    { 0x1EF7, 64 }, // U+1EF7
    { 0x1EF8, 100 }, // U+1EF8
    { 0x1EF9, 64 }, // U+1EF9
    { 0x2010, 5 }, // U+2010
    { 0x2012, 5 }, // U+2012
    { 0x2013, 5 }, // U+2013
    { 0x2014, 5 }, // U+2014
    { 0x2015, 5 }, // U+2015
    { 0x2018, 101 }, // U+2018
    { 0x2019, 102 }, // U+2019
    { 0x201A, 103 }, // U+201A
    { 0x201C, 101 }, // U+201C
    { 0x201D, 102 }, // U+201D
    { 0x201E, 103 }, // U+201E
    { 0x2026, 4 }, // U+2026
    { 0x2039, 69 }, // U+2039
    { 0x203A, 73 }, // U+203A
    { 0xFB01, 104 }, // U+FB01
    { 0xFB02, 51 }, // U+FB02
};

static const EpdKernClassEntry literata_18_boldKernRightClasses[] = {
    { 0x0021, 1 }, // !
    { 0x0022, 2 }, // "
    { 0x0025, 3 }, // %
    { 0x0026, 4 }, // &
    { 0x0027, 2 }, // '
    { 0x0029, 5 }, // )
    { 0x002A, 6 }, // *
    { 0x002B, 7 }, // +
    { 0x002C, 8 }, // ,
    { 0x002D, 9 }, // -
    { 0x002E, 10 }, // .
    { 0x002F, 11 }, // /
    { 0x0030, 12 }, // 0
    { 0x0031, 13 }, // 1
    { 0x0032, 14 }, // 2
    { 0x0033, 15 }, // 3
    { 0x0034, 16 }, // 4
    { 0x0035, 17 }, // 5
    { 0x0036, 18 }, // 6
    { 0x0037, 19 }, // 7
    { 0x0038, 20 }, // 8
    { 0x0039, 21 }, // 9
    { 0x003A, 22 }, // :
    { 0x003B, 22 }, // ;
    { 0x003D, 23 }, // =
    { 0x003F, 24 }, // ?
    { 0x0040, 25 }, // @
    { 0x0041, 26 }, // A
    { 0x0043, 27 }, // C
    { 0x0047, 27 }, // G
    { 0x004A, 28 }, // J
    { 0x004D, 29 }, // M
    { 0x004E, 30 }, // N
    { 0x004F, 31 }, // O
    { 0x0051, 27 }, // Q
    { 0x0053, 32 }, // S
    { 0x0054, 33 }, // T
    { 0x0055, 34 }, // U
    { 0x0056, 35 }, // V
    { 0x0057, 36 }, // W
    { 0x0058, 37 }, // X
    { 0x0059, 38 }, // Y
    { 0x005A, 39 }, // Z
    { 0x005C, 40 }, // <backslash>
    { 0x005D, 41 }, // ]
    { 0x0061, 42 }, // a
    { 0x0062, 43 }, // b
    { 0x0063, 44 }, // c
    { 0x0064, 45 }, // d
    { 0x0065, 44 }, // e
    { 0x0066, 46 }, // f
    { 0x0067, 47 }, // g
    { 0x0068, 48 }, // h
    { 0x0069, 49 }, // i
    { 0x006A, 50 }, // j
    { 0x006B, 48 }, // k
    { 0x006C, 48 }, // l
    { 0x006D, 51 }, // m
    { 0x006E, 52 }, // n
    { 0x006F, 53 }, // o
    { 0x0070, 54 }, // p
    { 0x0071, 44 }, // q
    { 0x0072, 52 }, // r
    { 0x0073, 55 }, // s
    { 0x0074, 56 }, // t
    { 0x0075, 57 }, // u
    { 0x0076, 58 }, // v
    { 0x0077, 59 }, // w
    { 0x0078, 60 }, // x
    { 0x0079, 61 }, // y
    { 0x007A, 62 }, // z
    { 0x00AB, 63 }, // U+00AB
    { 0x00AD, 9 }, // U+00AD
    { 0x00B0, 64 }, // U+00B0
    { 0x00B2, 65 }, // U+00B2
    { 0x00B3, 66 }, // U+00B3
    { 0x00B7, 67 }, // U+00B7
    { 0x00B9, 65 }, // U+00B9
    { 0x00BB, 68 }, // U+00BB
    { 0x00BF, 69 }, // U+00BF
    { 0x00C0, 70 }, // U+00C0
    { 0x00C1, 71 }, // U+00C1
    { 0x00C2, 70 }, // U+00C2
    { 0x00C3, 70 }, // U+00C3
    { 0x00C4, 70 }, // U+00C4
    { 0x00C5, 70 }, // U+00C5
    { 0x00C6, 72 }, // U+00C6
    { 0x00C7, 27 }, // U+00C7
    { 0x00D1, 30 }, // U+00D1
    { 0x00D2, 27 }, // U+00D2
    { 0x00D3, 27 }, // U+00D3
    { 0x00D4, 27 }, // U+00D4
    { 0x00D5, 27 }, // U+00D5
    { 0x00D6, 27 }, // U+00D6
    { 0x00D7, 73 }, // U+00D7
    { 0x00D8, 27 }, // U+00D8
    { 0x00D9, 74 }, // U+00D9
    { 0x00DA, 74 }, // U+00DA
    { 0x00DB, 74 }, // U+00DB
    { 0x00DC, 74 }, // U+00DC
    { 0x00DD, 75 }, // U+00DD
    { 0x00E0, 76 }, // U+00E0
    { 0x00E1, 76 }, // U+00E1
    { 0x00E2, 77 }, // U+00E2
    { 0x00E3, 78 }, // U+00E3
    { 0x00E4, 79 }, // U+00E4
    { 0x00E5, 80 }, // U+00E5
    { 0x00E6, 76 }, // U+00E6
    { 0x00E7, 81 }, // U+00E7
    { 0x00E8, 81 }, // U+00E8
    { 0x00E9, 81 }, // U+00E9
    { 0x00EA, 82 }, // U+00EA
    { 0x00EB, 83 }, // U+00EB
    { 0x00EC, 84 }, // U+00EC
    { 0x00ED, 49 }, // U+00ED
    { 0x00EE, 85 }, // U+00EE
    { 0x00EF, 86 }, // U+00EF
    { 0x00F0, 87 }, // U+00F0
    { 0x00F1, 88 }, // U+00F1
    { 0x00F2, 81 }, // U+00F2
    { 0x00F3, 81 }, // U+00F3
    { 0x00F4, 89 }, // U+00F4
    { 0x00F5, 90 }, // U+00F5
    { 0x00F6, 91 }, // U+00F6
    { 0x00F8, 81 }, // U+00F8
    { 0x00F9, 92 }, // U+00F9
    { 0x00FA, 92 }, // U+00FA
    { 0x00FB, 92 }, // U+00FB
    { 0x00FC, 93 }, // U+00FC
    { 0x00FD, 94 }, // U+00FD
    { 0x00FE, 95 }, // U+00FE
    { 0x00FF, 94 }, // U+00FF
    { 0x0100, 70 }, // U+0100
    { 0x0101, 96 }, // U+0101
    { 0x0102, 70 }, // U+0102
    { 0x0103, 97 }, // U+0103
    { 0x0104, 70 }, // U+0104
    { 0x0105, 98 }, // U+0105
    { 0x0106, 27 }, // U+0106
    { 0x0107, 81 }, // U+0107
    { 0x0108, 27 }, // U+0108
    { 0x0109, 81 }, // U+0109
    { 0x010A, 27 }, // U+010A
    { 0x010B, 81 }, // U+010B
    { 0x010C, 27 }, // U+010C
    { 0x010D, 99 }, // U+010D
    { 0x010F, 81 }, // U+010F
    { 0x0111, 81 }, // U+0111
    { 0x0113, 81 }, // U+0113
    { 0x0115, 100 }, // U+0115
    { 0x0117, 81 }, // U+0117
    { 0x0119, 81 }, // U+0119
    { 0x011B, 81 }, // U+011B
    { 0x011C, 27 }, // U+011C
    { 0x011D, 101 }, // U+011D
    { 0x011E, 27 }, // U+011E
    { 0x011F, 102 }, // U+011F
    { 0x0120, 27 }, // U+0120
    { 0x0121, 101 }, // U+0121
    { 0x0122, 27 }, // U+0122
    { 0x0123, 101 }, // U+0123
    { 0x0125, 48 }, // U+0125
    { 0x0127, 48 }, // U+0127
    { 0x0129, 103 }, // U+0129
    { 0x012B, 104 }, // U+012B
    { 0x012D, 105 }, // U+012D
    { 0x012F, 49 }, // U+012F
    { 0x0131, 106 }, // U+0131
    { 0x0134, 28 }, // U+0134
    { 0x0135, 107 }, // U+0135
    { 0x0137, 48 }, // U+0137
    { 0x0138, 88 }, // U+0138
    { 0x013A, 48 }, // U+013A
    { 0x013C, 48 }, // U+013C
    { 0x013E, 48 }, // U+013E
    { 0x0140, 48 }, // U+0140
    { 0x0142, 108 }, // U+0142
    { 0x0143, 30 }, // U+0143
    { 0x0144, 88 }, // U+0144
    { 0x0145, 30 }, // U+0145
    { 0x0146, 88 }, // U+0146
    { 0x0147, 30 }, // U+0147
    { 0x0148, 88 }, // U+0148
    { 0x0149, 109 }, // U+0149
    { 0x014A, 30 }, // U+014A
    { 0x014B, 88 }, // U+014B
    { 0x014C, 27 }, // U+014C
    { 0x014D, 81 }, // U+014D
    { 0x014E, 27 }, // U+014E
    { 0x014F, 81 }, // U+014F
    { 0x0150, 27 }, // U+0150
    { 0x0151, 81 }, // U+0151
    { 0x0152, 27 }, // U+0152
    { 0x0153, 81 }, // U+0153
    { 0x0155, 110 }, // U+0155
    { 0x0157, 109 }, // U+0157
    { 0x0159, 110 }, // U+0159
    { 0x015A, 32 }, // U+015A
    { 0x015B, 111 }, // U+015B
    { 0x015C, 32 }, // U+015C
    { 0x015D, 112 }, // U+015D
    { 0x015E, 32 }, // U+015E
    { 0x015F, 111 }, // U+015F
    { 0x0160, 32 }, // U+0160
    { 0x0161, 113 }, // U+0161
    { 0x0162, 114 }, // U+0162
    { 0x0163, 115 }, // U+0163
    { 0x0164, 116 }, // U+0164
    { 0x0165, 115 }, // U+0165
    { 0x0166, 116 }, // U+0166
    { 0x0167, 115 }, // U+0167
    { 0x0168, 74 }, // U+0168
    { 0x0169, 92 }, // U+0169
    { 0x016A, 74 }, // U+016A
    { 0x016B, 92 }, // U+016B
    { 0x016C, 74 }, // U+016C
    { 0x016D, 92 }, // U+016D
    { 0x016E, 74 }, // U+016E
    { 0x016F, 92 }, // U+016F
    { 0x0170, 74 }, // U+0170
    { 0x0171, 92 }, // U+0171
    { 0x0172, 74 }, // U+0172
    { 0x0173, 92 }, // U+0173
    { 0x0174, 117 }, // U+0174
    { 0x0175, 118 }, // U+0175
    { 0x0176, 75 }, // U+0176
    { 0x0177, 94 }, // U+0177
    { 0x0178, 75 }, // U+0178
    { 0x0179, 39 }, // U+0179
    { 0x017A, 119 }, // U+017A
    { 0x017B, 39 }, // U+017B
    { 0x017C, 119 }, // U+017C
    { 0x017D, 39 }, // U+017D
    { 0x017E, 120 }, // U+017E
    { 0x01A0, 27 }, // U+01A0
    { 0x01A1, 121 }, // U+01A1
    { 0x01AF, 74 }, // U+01AF
    { 0x01B0, 92 }, // U+01B0
    { 0x01C6, 81 }, // U+01C6
    { 0x01C9, 48 }, // U+01C9
    { 0x01CA, 30 }, // U+01CA
    { 0x01CC, 106 }, // U+01CC
    { 0x01CD, 122 }, // U+01CD
    { 0x01CE, 98 }, // U+01CE
    { 0x01D0, 123 }, // U+01D0
    { 0x01D1, 27 }, // U+01D1
    { 0x01D2, 81 }, // U+01D2
    { 0x01D3, 74 }, // U+01D3
    { 0x01D4, 92 }, // U+01D4
    { 0x01D5, 74 }, // U+01D5
    { 0x01D6, 92 }, // U+01D6
    { 0x01D7, 74 }, // U+01D7
    { 0x01D8, 92 }, // U+01D8
    { 0x01D9, 74 }, // U+01D9
    { 0x01DA, 92 }, // U+01DA
    { 0x01DB, 74 }, // U+01DB
    { 0x01DC, 92 }, // U+01DC
    { 0x01E6, 27 }, // U+01E6
    { 0x01E7, 101 }, // U+01E7
    { 0x01EA, 27 }, // U+01EA
    { 0x01EB, 81 }, // U+01EB
    { 0x01FA, 70 }, // U+01FA
    { 0x01FB, 124 }, // U+01FB
    { 0x01FC, 70 }, // U+01FC
    { 0x01FD, 124 }, // U+01FD
    { 0x01FE, 27 }, // U+01FE
    { 0x01FF, 121 }, // U+01FF
    { 0x0200, 122 }, // U+0200
    { 0x0201, 125 }, // U+0201
    { 0x0202, 122 }, // U+0202
    { 0x0203, 126 }, // U+0203
    { 0x0205, 127 }, // U+0205
    { 0x0207, 81 }, // U+0207
    { 0x0209, 128 }, // U+0209
    { 0x020B, 129 }, // U+020B
    { 0x020C, 27 }, // U+020C
    { 0x020D, 130 }, // U+020D
    { 0x020E, 27 }, // U+020E
    { 0x020F, 81 }, // U+020F
    { 0x0211, 131 }, // U+0211
    { 0x0213, 106 }, // U+0213
    { 0x0214, 74 }, // U+0214
    { 0x0215, 92 }, // U+0215
    { 0x0216, 74 }, // U+0216
    { 0x0217, 92 }, // U+0217
    { 0x0218, 32 }, // U+0218
    { 0x0219, 111 }, // U+0219
    { 0x021A, 114 }, // U+021A
    { 0x021B, 115 }, // U+021B
    { 0x1EA0, 122 }, // U+1EA0
    { 0x1EA1, 98 }, // U+1EA1
    { 0x1EA2, 122 }, // U+1EA2
    { 0x1EA3, 98 }, // U+1EA3
    { 0x1EA4, 122 }, // U+1EA4
    { 0x1EA5, 132 }, // U+1EA5
    { 0x1EA6, 122 }, // U+1EA6
    { 0x1EA7, 133 }, // U+1EA7
    { 0x1EA8, 122 }, // U+1EA8
    { 0x1EA9, 132 }, // U+1EA9
    { 0x1EAA, 122 }, // U+1EAA
    { 0x1EAB, 132 }, // U+1EAB
    { 0x1EAC, 122 }, // U+1EAC
    { 0x1EAD, 132 }, // U+1EAD
    { 0x1EAE, 122 }, // U+1EAE
    { 0x1EAF, 98 }, // U+1EAF
    { 0x1EB0, 122 }, // U+1EB0
    { 0x1EB1, 98 }, // U+1EB1
    { 0x1EB2, 122 }, // U+1EB2
    { 0x1EB3, 98 }, // U+1EB3
    { 0x1EB4, 122 }, // U+1EB4
    { 0x1EB5, 98 }, // U+1EB5
    { 0x1EB6, 122 }, // U+1EB6
    { 0x1EB7, 98 }, // U+1EB7
    { 0x1EB9, 81 }, // U+1EB9
    { 0x1EBB, 81 }, // U+1EBB
    { 0x1EBD, 134 }, // U+1EBD
    { 0x1EBF, 81 }, // U+1EBF
    { 0x1EC1, 81 }, // U+1EC1
    { 0x1EC3, 81 }, // U+1EC3
    { 0x1EC5, 81 }, // U+1EC5
    { 0x1EC7, 81 }, // U+1EC7
    { 0x1EC9, 135 }, // U+1EC9
    { 0x1ECB, 49 }, // U+1ECB
    { 0x1ECC, 27 }, // U+1ECC
    { 0x1ECD, 81 }, // U+1ECD
    { 0x1ECE, 27 }, // U+1ECE
    { 0x1ECF, 81 }, // U+1ECF
    { 0x1ED0, 27 }, // U+1ED0
    { 0x1ED1, 81 }, // U+1ED1
    { 0x1ED2, 27 }, // U+1ED2
    { 0x1ED3, 81 }, // U+1ED3
    { 0x1ED4, 27 }, // U+1ED4
    { 0x1ED5, 81 }, // U+1ED5
    { 0x1ED6, 27 }, // U+1ED6
    { 0x1ED7, 81 }, // U+1ED7
    { 0x1ED8, 27 }, // U+1ED8
    { 0x1ED9, 81 }, // U+1ED9
    { 0x1EDA, 27 }, // U+1EDA
    { 0x1EDB, 81 }, // U+1EDB
    { 0x1EDC, 27 }, // U+1EDC
    { 0x1EDD, 81 }, // U+1EDD
    { 0x1EDE, 27 }, // U+1EDE
    { 0x1EDF, 81 }, // U+1EDF
    { 0x1EE0, 27 }, // U+1EE0
    { 0x1EE1, 81 }, // U+1EE1
    { 0x1EE2, 27 }, // U+1EE2
    { 0x1EE3, 81 }, // U+1EE3
    { 0x1EE4, 74 }, // U+1EE4
    { 0x1EE5, 92 }, // U+1EE5
    { 0x1EE6, 74 }, // U+1EE6
    { 0x1EE7, 92 }, // U+1EE7
    { 0x1EE8, 74 }, // U+1EE8
    { 0x1EE9, 92 }, // U+1EE9
    { 0x1EEA, 74 }, // U+1EEA
    { 0x1EEB, 92 }, // U+1EEB
    { 0x1EEC, 74 }, // U+1EEC
    { 0x1EED, 92 }, // U+1EED
    { 0x1EEE, 74 }, // U+1EEE
    { 0x1EEF, 92 }, // U+1EEF
    { 0x1EF0, 74 }, // U+1EF0
    { 0x1EF1, 92 }, // U+1EF1
    { 0x1EF2, 75 }, // U+1EF2
    { 0x1EF3, 94 }, // U+1EF3
    { 0x1EF4, 136 }, // U+1EF4
    { 0x1EF5, 137 }, // U+1EF5
    { 0x1EF6, 136 }, // U+1EF6
    { 0x1EF7, 137 }, // U+1EF7
    { 0x1EF8, 136 }, // U+1EF8
    { 0x1EF9, 137 }, // U+1EF9
    { 0x2010, 9 }, // U+2010
    { 0x2012, 9 }, // U+2012
    { 0x2013, 9 }, // U+2013
    { 0x2014, 9 }, // U+2014
    { 0x2015, 9 }, // U+2015
    { 0x2018, 138 }, // U+2018
    { 0x2019, 139 }, // U+2019
    { 0x201A, 140 }, // U+201A
    { 0x201C, 141 }, // U+201C
    { 0x201D, 142 }, // U+201D
    { 0x201E, 140 }, // U+201E
    { 0x2022, 7 }, // U+2022
    { 0x2026, 143 }, // U+2026
    { 0x2030, 3 }, // U+2030
    { 0x2039, 144 }, // U+2039
    { 0x203A, 145 }, // U+203A
    { 0xFB01, 46 }, // U+FB01
    { 0xFB02, 46 }, // U+FB02
};

static const int8_t literata_18_boldKernMatrix[] = {
       0,    0,    0,    0,    0,    0,    0,  -66,    0,  -66,    0,    0,    0,    0,    0,   -6,    0,   -4,    0,    0,    0,    0,    0,    0,    0,  -57,  -18,  -51,   -6,    0,  -18,   -9,    0,    0,    0,    0,    0,    0,    0,    0,    0,  -21,    0,  -24,  -24,  -18,  -31,    0,    0,    0,   -3,   -3,  -24,   -3,  -19,  -24,    0,   -3,    0,   -4,   -3,   -7,    0,    0,    0,    0,    0,    0,    0,  -57,  -57,  -27,    0,    0,    0,  -21,  -21,  -21,  -21,  -21,  -24,  -24,  -24,    0,    0,    0,  -24,   -3,  -24,  -24,  -24,    0,    0,   -3,    0,  -21,  -21,  -21,  -24,  -24,  -31,  -31,    0,    0,    0,   -3,    0,    0,   -3,   -3,  -19,  -19,  -19,    0,  -24,    0,    0,    0,   -7,   -7,  -24,  -57,    0,  -21,  -21,  -21,  -24,    0,    0,  -24,   -3,  -21,  -21,  -24,    0,    0,   -3,    0,    0,    0,    0,    0,  -66,    0,    0,
       0,    0,    0,    0,    0,    0,    0,    0,    0,    0,    0,    0,    0,    0,    0,    0,    0,    0,    0,    0,    0,    0,    0,    0,    0,    0,    0,    0,   -6,    0,    0,    0,  -15,   -7,  -45,  -39,    0,  -51,   -3,    0,    0,    0,   -3,    0,    0,    0,    0,    0,    0,    0,    0,    0,    0,    0,    0,    0,   -3,    0,    0,    0,    0,    0,    0,    0,    0,    0,    0,    0,    0,    0,    0,    0,    0,   -7,  -51,    0,    0,    0,    0,    0,    0,    0,    0,    0,    0,    0,    0,    0,    0,    0,    0,   -3,   -3,    0,    0,    0,    0,    0,    0,    0,    0,    0,    0,    0,    0,    0,    0,    0,    0,    0,    0,    0,    0,  -15,    0,  -15,  -39,    0,    0,    0,    0,    0,    0,    0,    0,    0,    0,    0,    0,    0,    0,    0,    0,    0,    0,  -51,    0,    0,    0,    0,    0,    0,    0,    0,    0,
       0,    0,    0,    0,    0,    0,    0,    0,    0,    0,    0,    0,    0,    0,    0,  -18,    0,    0,    0,   -6,    0,    0,    0,    0,    0,  -60,    0,  -60,    0,    0,    0,    0,    0,    0,    0,    0,    0,    0,    0,    0,    0,  -12,    6,  -30,  -30,    0,  -10,    0,    0,    0,    0,    0,  -30,    0,    0,    0,    0,    0,    0,    0,    0,    0,    0,    0,    0,    0,    0,    0,    0,  -60,  -60,  -66,    0,    0,    0,  -12,  -12,  -12,  -12,  -12,  -30,  -30,  -30,    0,    0,    0,  -30,    0,  -30,  -30,  -30,    0,    0,    0,    0,  -12,  -12,  -12,  -30,  -30,  -10,  -10,    0,    0,    0,    0,    0,    0,    0,    0,    0,    0,    0,    0,    0,    0,    0,    0,    0,    0,  -30,  -60,    0,  -12,  -12,  -12,  -30,    0,    0,  -30,    0,  -12,  -12,  -30,    0,    0,    0,    0,    0,    0,    0,    0,    0,    0,    0,
       0,  -66,    0,    0,    0,    0,    0,    0,    0,    0,    0,    0,    0,    0,    0,  -18,    0,    0,  -45,    0,    0,    0,    0,   -9,    0,    0,  -15,    0,    0,    0,  -15,    0,  -48,  -15,  -60,  -40,    0,  -55,    0,    0,    0,    0,   -4,   -3,   -3,    0,    0,    0,    0,    0,    0,    0,   -3,    0,    0,  -12,  -18,  -45,  -40,    0,  -45,    0,    0,    0,  -54,  -54,    0,    0,    0,    0,    0,    0,    0,  -15,  -55,    0,    0,    0,    0,    0,   -3,   -3,   -3,    0,    0,    0,   -3,    0,   -3,   -3,   -3,  -18,  -18,  -45,    0,    0,    0,    0,   -3,   -3,    0,    0,    0,    0,    0,    0,    0,    0,    0,    0,    0,    0,    0,  -48,  -12,  -48,  -40,  -40,    0,    0,   -3,    0,    0,    0,    0,    0,   -3,    0,    0,   -3,    0,    0,    0,   -3,    0,  -55,  -45,  -54,  -54,    0,  -54,  -54,    0,    0,    0,
       0,    0,    0,    0,    0,    0,    0,    0,    0,    0,    0,    0,    0,  -24,  -18,    0,    0,    0,  -42,    0,   -4,    0,    0,    0,    0,  -18,    0,   -6,    0,    0,    0,   -9,  -39,    0,  -33,  -21,  -33,  -45,  -12,    0,    0,    0,    0,    0,    0,    0,    0,    0,    0,    0,    0,    0,    0,    0,    0,    0,    0,   -6,   -3,    0,   -6,    0,    0,    0,    0,    0,    0,    0,    0,  -18,  -18,   -9,    0,    0,  -45,    0,    0,    0,    0,    0,    0,    0,    0,    0,    0,    0,    0,    0,    0,    0,    0,    0,    0,   -6,    0,    0,    0,    0,    0,    0,    0,    0,    0,    0,    0,    0,    0,    0,    0,    0,    0,    0,    0,  -39,    0,  -39,  -21,   -3,    0,    0,    0,  -18,    0,    0,    0,    0,    0,    0,    0,    0,    0,    0,    0,    0,    0,  -45,   -6,    0,    0,    0,    0,    0,    0,    0,    0,
       0,    0,    0,    0,    0,    0,    0,  -90,    0,  -90, -128,  -18,    0,  -18,  -24,  -66,  -12,  -30,  -12,    0,  -18,    0,    0,    0,  -27,  -72,  -36,  -54,    0,    0,  -36,  -23,   -6,    0,    0,    0,    0,    0,    0,    0,    0,  -66,    0,  -57,  -57,  -18,  -59,    0,   -3,    0,  -30,  -30,  -57,  -30,  -57,  -33,  -33,  -36,  -36,  -33,  -36,  -39,    0,    0,    0,    0,    0,    0,    0,  -72,  -72,  -60,    0,    0,    0,  -66,  -66,  -66,  -66,  -66,  -57,  -57,  -57,   -3,   -3,   -3,  -57,  -30,  -57,  -57,  -57,  -33,  -33,  -36,    0,  -66,  -66,  -66,  -57,  -57,  -59,  -59,   -3,   -3,   -3,  -30,    0,    0,  -30,  -30,  -57,  -57,  -57,   -6,  -33,   -6,    0,  -36,  -39,  -39,  -57,  -72,   -3,  -66,  -66,  -66,  -57,   -3,   -3,  -57,  -30,  -66,  -66,  -57,   -3,    0,  -36,    0,    0,    0,    0,    0,  -90,    0,    0,
       0,    0,    0,    0,    0,    0,    0,    0,    0,    0,    0,    0,    0,   -9,  -10,    0,   -3,    0,   -4,    0,    0,    0,    0,    0,    0,    0,    0,    0,    0,    0,    0,    0,    0,    0,    0,    0,    0,    0,    0,    0,    0,    0,    0,    0,    0,    0,    0,    0,    0,    0,    0,    0,    0,    0,    0,    0,    0,    0,    0,    0,    0,    0,    0,   -7,    0,    0,    0,    0,    0,    0,    0,    0,    0,    0,    0,    0,    0,    0,    0,    0,    0,    0,    0,    0,    0,    0,    0,    0,    0,    0,    0,    0,    0,    0,    0,    0,    0,    0,    0,    0,    0,    0,    0,    0,    0,    0,    0,    0,    0,    0,    0,    0,    0,    0,    0,    0,    0,    0,    0,    0,    0,    0,    0,    0,    0,    0,    0,    0,    0,    0,    0,    0,    0,    0,    0,    0,    0,    0,    0,    0,    0,    0,    0,    0,    0,
       0,  -12,  -24,    0,    0,    0,    0,    0,    0,    0,    0,    0,    0,    0,    0,  -22,    0,    0,  -18,    0,    0,    0,    0,    0,    0,    0,    0,    0,    0,    0,    0,    0,    0,    0,    0,    0,    0,    0,    0,   -6,    0,    0,    0,    0,    0,    0,    0,    0,    0,    0,    0,    0,    0,    0,    0,    0,    0,    0,    0,    0,    0,    0,    0,  -12,    0,    0,    0,    0,    0,    0,    0,    0,    0,    0,    0,    0,    0,    0,    0,    0,    0,    0,    0,    0,    0,    0,    0,    0,    0,    0,    0,    0,    0,    0,    0,    0,    0,    0,    0,    0,    0,    0,    0,    0,    0,    0,    0,    0,    0,    0,    0,    0,    0,    0,    0,    0,    0,    0,    0,    0,    0,    0,    0,    0,    0,    0,    0,    0,    0,    0,    0,    0,    0,    0,    0,    0,    0,  -12,  -12,    0,  -12,  -12,    0,    0,    0,
       0,    0,    0,    0,    0,    0,    0,    0,    0,    0,    0,    0,    0,    0,    0,    0,   -2,    0,   -7,    0,    0,    0,    0,    0,    0,    0,    0,    0,    0,    0,    0,    0,    0,    0,    0,    0,    0,    0,    0,    0,    0,    0,    0,    0,    0,    0,    0,    0,    0,    0,    0,    0,    0,    0,    0,    0,    0,    0,    0,    0,    0,    0,    0,    0,    0,    0,    0,    0,    0,    0,    0,    0,   -3,    0,    0,    0,    0,    0,    0,    0,    0,    0,    0,    0,    0,    0,    0,    0,    0,    0,    0,    0,    0,    0,    0,    0,    0,    0,    0,    0,    0,    0,    0,    0,    0,    0,    0,    0,    0,    0,    0,    0,    0,    0,    0,    0,    0,    0,    0,    0,    0,    0,    0,    0,    0,    0,    0,    0,    0,    0,    0,    0,    0,    0,    0,    0,    0,    0,    0,    0,    0,    0,    0,    0,    0,
       0,    0,    0,    0,    0,    0,    0,    0,    0,    0,   -6,    0,    0,  -10,  -12,   -1,   -3,    0,  -12,    0,   -1,    0,    0,    0,    0,    0,    0,    0,    0,    0,    0,    0,    0,    0,    0,    0,    0,    0,    0,   -6,    0,    0,    0,    0,    0,    0,    0,    0,    0,    0,    0,    0,    0,    0,    0,    0,    0,    0,    0,    0,    0,    0,    0,    0,    0,    0,    0,    0,    0,    0,    0,    0,   -6,    0,    0,    0,    0,    0,    0,    0,    0,    0,    0,    0,    0,    0,    0,    0,    0,    0,    0,    0,    0,    0,    0,    0,    0,    0,    0,    0,    0,    0,    0,    0,    0,    0,    0,    0,    0,    0,    0,    0,    0,    0,    0,    0,    0,    0,    0,    0,    0,    0,    0,    0,    0,    0,    0,    0,    0,    0,    0,    0,    0,    0,    0,    0,    0,    0,   -6,    0,    0,   -6,    0,    0,    0,
       0,   -6,  -16,    0,    0,   -6,    0,    0,    0,    0,    0,    0,    0,    0,    0,    0,    0,    0,  -22,    0,    0,    0,    0,    0,    0,    0,    0,    0,    0,    0,    0,    0,    0,    0,    0,    0,    0,    0,    0,   -7,    0,    0,    0,    0,    0,    0,    0,    0,    0,    0,    0,    0,    0,    0,    0,    0,    0,    0,    0,    0,    0,    0,    0,  -24,    0,    0,    0,    0,    0,    0,    0,    0,    0,    0,    0,    0,    0,    0,    0,    0,    0,    0,    0,    0,    0,    0,    0,    0,    0,    0,    0,    0,    0,    0,    0,    0,    0,    0,    0,    0,    0,    0,    0,    0,    0,    0,    0,    0,    0,    0,    0,    0,    0,    0,    0,    0,    0,    0,    0,    0,    0,    0,    0,    0,    0,    0,    0,    0,    0,    0,    0,    0,    0,    0,    0,    0,    0,  -18,  -18,    0,  -18,  -18,    0,    0,    0,
       0,   -3,    0,    0,    0,   -4,    0,    0,    0,    0,    0,    0,    0,   -6,   -6,    0,    0,    0,  -12,    0,   -6,    0,    0,    0,    0,    0,    0,    0,    0,    0,    0,    0,    0,    0,    0,    0,    0,    0,    0,   -1,    0,    0,    0,    0,    0,    0,    0,    0,    0,    0,    0,    0,    0,    0,    0,    0,    0,    0,    0,    0,    0,    0,    0,  -12,    0,    0,    0,    0,    0,    0,    0,    0,    0,    0,    0,    0,    0,    0,    0,    0,    0,    0,    0,    0,    0,    0,    0,    0,    0,    0,    0,    0,    0,    0,    0,    0,    0,    0,    0,    0,    0,    0,    0,    0,    0,    0,    0,    0,    0,    0,    0,    0,    0,    0,    0,    0,    0,    0,    0,    0,    0,    0,    0,    0,    0,    0,    0,    0,    0,    0,    0,    0,    0,    0,    0,    0,    0,   -6,   -6,    0,   -6,   -6,    0,    0,    0,
       0,    0,    0,    0,    0,    0,    0,    0,    0,    0,    0,    0,    0,    0,   -3,    0,   -3,    0,   -3,    0,   -1,    0,    0,    0,    0,    0,    0,    0,    0,    0,    0,    0,    0,    0,    0,    0,    0,    0,    0,    0,    0,    0,    0,    0,    0,    0,    0,    0,    0,    0,    0,    0,    0,    0,    0,    0,    0,    0,    0,    0,    0,    0,    0,   -3,    0,    0,    0,    0,    0,    0,    0,    0,    0,    0,    0,    0,    0,    0,    0,    0,    0,    0,    0,    0,    0,    0,    0,    0,    0,    0,    0,    0,    0,    0,    0,    0,    0,    0,    0,    0,    0,    0,    0,    0,    0,    0,    0,    0,    0,    0,    0,    0,    0,    0,    0,    0,    0,    0,    0,    0,    0,    0,    0,    0,    0,    0,    0,    0,    0,    0,    0,    0,    0,    0,    0,    0,    0,    0,    0,    0,    0,    0,    0,    0,    0,
       0,    0,  -10,    0,    0,    5,    0,  -61,  -36,  -61,  -60,    0,    6,    6,   -3,  -45,  -10,   -7,    0,   -1,    0,   -9,  -36,    0,    0,    0,    0,    0,    0,    0,    0,    0,    0,    0,    0,    0,    0,    0,    0,    0,    0,    0,    0,    0,    0,    0,    0,    0,    0,    0,    0,    0,    0,    0,    0,    0,    0,    0,    0,    0,    0,    0,    0,    6,    0,    0,    0,    0,    0,    0,    0,    0,  -49,    0,    0,    0,    0,    0,    0,    0,    0,    0,    0,    0,    0,    0,    0,    0,    0,    0,    0,    0,    0,    0,    0,    0,    0,    0,    0,    0,    0,    0,    0,    0,    0,    0,    0,    0,    0,    0,    0,    0,    0,    0,    0,    0,    0,    0,    0,    0,    0,    0,    0,    0,    0,    0,    0,    0,    0,    0,    0,    0,    0,    0,    0,    0,    0,   12,    6,  -30,   12,    6,  -61,    0,    0,
       0,    0,    0,    0,    0,   -4,    0,    0,    0,    0,    0,    0,    0,   -4,   -3,    0,    0,    0,  -10,    0,   -3,    0,    0,    0,    0,    0,    0,    0,    0,    0,    0,    0,    0,    0,    0,    0,    0,    0,    0,   -6,    0,    0,    0,    0,    0,    0,    0,    0,    0,    0,    0,    0,    0,    0,    0,    0,    0,    0,    0,    0,    0,    0,    0,  -18,    0,    0,    0,    0,    0,    0,    0,    0,    0,    0,    0,    0,    0,    0,    0,    0,    0,    0,    0,    0,    0,    0,    0,    0,    0,    0,    0,    0,    0,    0,    0,    0,    0,    0,    0,    0,    0,    0,    0,    0,    0,    0,    0,    0,    0,    0,    0,    0,    0,    0,    0,    0,    0,    0,    0,    0,    0,    0,    0,    0,    0,    0,    0,    0,    0,    0,    0,    0,    0,    0,    0,    0,    0,    0,   -1,    0,    0,   -1,    0,    0,    0,
       0,    0,    0,    0,    0,    0,    0,   -6,    0,   -6,    0,    0,    0,   -9,   -6,   -3,   -4,    0,   -6,    0,    0,    0,    0,    0,    0,    0,    0,    0,    0,    0,    0,    0,    0,    0,    0,    0,    0,    0,    0,   -6,    0,    0,    0,    0,    0,    0,    0,    0,    0,    0,    0,    0,    0,    0,    0,    0,    0,    0,    0,    0,    0,    0,    0,  -12,    0,    0,    0,    0,    0,    0,    0,    0,   -6,    0,    0,    0,    0,    0,    0,    0,    0,    0,    0,    0,    0,    0,    0,    0,    0,    0,    0,    0,    0,    0,    0,    0,    0,    0,    0,    0,    0,    0,    0,    0,    0,    0,    0,    0,    0,    0,    0,    0,    0,    0,    0,    0,    0,    0,    0,    0,    0,    0,    0,    0,    0,    0,    0,    0,    0,    0,    0,    0,    0,    0,    0,    0,    0,    0,    0,    0,    0,    0,   -6,    0,    0,
       0,    0,    0,    0,    0,    0,    0,    0,    0,    0,    0,    0,    0,   -3,   -4,  -10,    0,    0,   -7,    0,    0,    0,    0,    0,    0,    0,    0,    0,    0,    0,    0,    0,    0,    0,    0,    0,    0,    0,    0,    0,    0,    0,    0,    0,    0,    0,    0,    0,    0,    0,    0,    0,    0,    0,    0,    0,    0,    0,    0,    0,    0,    0,    0,    0,    0,    0,    0,    0,    0,    0,    0,    0,    0,    0,    0,    0,    0,    0,    0,    0,    0,    0,    0,    0,    0,    0,    0,    0,    0,    0,    0,    0,    0,    0,    0,    0,    0,    0,    0,    0,    0,    0,    0,    0,    0,    0,    0,    0,    0,    0,    0,    0,    0,    0,    0,    0,    0,    0,    0,    0,    0,    0,    0,    0,    0,    0,    0,    0,    0,    0,    0,    0,    0,    0,    0,    0,    0,    0,    0,    0,    0,    0,    0,    0,    0,
       0,    0,    0,    0,    0,    0,    0,    0,    0,    0,    0,    0,    0,   -6,   -9,    0,    0,    0,  -27,    0,   -6,    0,    0,    0,    0,    0,    0,    0,    0,    0,    0,    0,    0,    0,    0,    0,    0,    0,    0,    0,    0,    0,    0,    0,    0,    0,    0,    0,    0,    0,    0,    0,    0,    0,    0,    0,    0,    0,    0,    0,    0,    0,    0,    0,    0,    0,    0,    0,    0,    0,    0,    0,    0,    0,    0,    0,    0,    0,    0,    0,    0,    0,    0,    0,    0,    0,    0,    0,    0,    0,    0,    0,    0,    0,    0,    0,    0,    0,    0,    0,    0,    0,    0,    0,    0,    0,    0,    0,    0,    0,    0,    0,    0,    0,    0,    0,    0,    0,    0,    0,    0,    0,    0,    0,    0,    0,    0,    0,    0,    0,    0,    0,    0,    0,    0,    0,    0,    0,    0,    0,    0,    0,    0,    0,    0,
       0,    0,    0,    0,    0,    0,    0,    0,    0,    0,    0,    0,    0,    0,    0,    0,    0,    0,    0,    0,    0,    0,    0,    0,    0,    0,    0,    0,    0,    0,    0,    0,    0,    0,    0,    0,    0,    0,    0,    0,    0,    0,    0,    0,    0,    0,    0,    0,    0,    0,    0,    0,    0,    0,    0,    0,    0,    0,    0,    0,    0,    0,  -21,    0,    0,    0,    0,    0,    0,    0,    0,    0,    0,    0,    0,    0,    0,    0,    0,    0,    0,    0,    0,    0,    0,    0,    0,    0,    0,    0,    0,    0,    0,    0,    0,    0,    0,    0,    0,    0,    0,    0,    0,    0,    0,    0,    0,    0,    0,    0,    0,    0,    0,    0,    0,    0,    0,    0,    0,    0,    0,    0,    0,    0,    0,    0,    0,    0,    0,    0,    0,    0,    0,    0,    0,    0,    0,    0,    0,    0,    0,    0,    0,  -21,    0,
       0,    0,    0,    0,    0,    0,    0,    0,    0,    0,  -12,    0,    0,    0,    0,    0,    0,    0,    0,    0,    0,    0,    0,    0,    0,  -12,    0,    0,    0,    0,    0,   -6,  -27,  -18,  -51,  -33,  -12,  -60,  -21,  -21,    0,    0,  -12,    0,    0,    0,    0,   -4,    0,    0,    0,    0,    0,    0,    0,   -6,   -6,  -21,  -14,   -7,  -21,  -12,    0,    0,    0,    0,    0,    0,    0,  -12,  -12,    0,    0,  -18,  -60,    0,    0,    0,    0,    0,    0,    0,    0,    0,    0,    0,    0,    0,    0,    0,    0,   -6,   -6,  -21,   -4,    0,    0,    0,    0,    0,    0,    0,    0,    0,    0,    0,    0,   -4,    0,    0,    0,    0,    0,  -27,   -6,  -27,  -33,  -14,  -12,  -12,    0,  -12,    0,    0,    0,    0,    0,    0,    0,    0,    0,    0,    0,    0,    0,  -60,  -21,    0,    0,    0,    0,    0,    0,    0,    0,
       0,  -57,    0,    0,    0,  -60,    0,    0,  -18,    0,    0,    0,    0,    0,    0,    0,    0,    0,    0,    0,    0,    0,    0,  -39,    0,    0,  -13,    0,    0,    0,  -13,    0,  -60,  -37,  -75,  -60,    0,  -72,    0,  -66,    0,    0,   -6,   -1,   -1,    0,    0,    0,    0,    0,   -9,   -9,   -1,  -18,    0,  -22,  -18,  -54,  -43,    0,  -54,    0,  -13,    0,    0,    0,  -24,    0,    0,    0,    0,    0,    0,  -37,  -72,    0,    0,    0,    0,    0,   -1,   -1,   -1,    0,    0,    0,   -1,   -9,   -1,   -1,   -1,  -18,  -18,  -54,    0,    0,    0,    0,   -1,   -1,    0,    0,    0,    0,    0,   -9,    0,    0,   -9,   -9,    0,    0,    0,  -60,  -22,  -60,  -60,  -43,    0,    0,   -1,    0,    0,    0,    0,    0,   -1,    0,    0,   -1,   -9,    0,    0,   -1,    0,  -72,  -54,  -63,  -60,    0,  -63,  -60,    0,  -13,    0,
       0,   -7,    0,    0,    0,   -6,    0,    0,    0,    0,    0,    0,    0,    0,    0,    0,    0,    0,    0,    0,    0,    0,    0,   -6,    0,   -4,    0,   -3,    0,    0,    0,    0,  -13,   -7,  -19,  -15,   -3,  -21,   -6,   -6,    0,    0,    0,    0,    0,    0,    0,    0,    0,    0,    0,    0,    0,    0,    0,   -9,   -6,  -13,  -12,    0,  -13,    0,    0,    0,    0,    0,    0,    0,    0,   -4,   -4,    0,    0,   -7,  -21,    0,    0,    0,    0,    0,    0,    0,    0,    0,    0,    0,    0,    0,    0,    0,    0,   -6,   -6,  -13,    0,    0,    0,    0,    0,    0,    0,    0,    0,    0,    0,    0,    0,    0,    0,    0,    0,    0,    0,  -13,   -9,  -13,  -15,  -12,    0,    0,    0,   -4,    0,    0,    0,    0,    0,    0,    0,    0,    0,    0,    0,    0,    0,  -21,  -13,   -6,   -6,    0,   -6,   -6,    0,    0,    0,
       0,    0,    0,    0,    0,    0,    0,    0,    0,    0,    0,    0,    0,    0,    0,    0,    0,    0,    0,    0,    0,    0,    0,    0,    0,   -6,   -9,    0,    0,    0,   -9,   -6,   -7,   -3,  -12,   -8,    0,  -10,   -7,    0,    0,   -3,   -3,   -6,   -6,   -1,   -6,   -3,    0,    0,   -3,   -3,   -6,   -3,   -7,   -4,   -7,   -9,   -4,   -1,   -9,   -4,    0,    0,    0,    0,   -6,    0,    0,   -6,   -6,   -9,    0,   -3,  -10,   -3,   -3,   -3,   -3,   -3,   -6,   -6,   -6,    0,    0,   12,   -6,   -3,   -6,   -6,   -6,   -7,   -7,   -9,   -3,   -3,   -3,   -3,   -6,   -6,   -6,   -6,    0,    0,    0,   -3,    0,   -3,   -3,   -3,   -7,   -7,   -7,   -7,   -4,   -7,   -8,   -4,   -4,   -4,   -6,   -6,    0,   -3,   -3,   -3,   -6,    0,    0,   -6,   -3,   -3,   -3,   -6,    0,  -10,   -9,    0,    0,    0,    0,    0,    0,    0,    0,
       0,   -6,    0,    0,    0,    0,    0,  -18,    0,  -18,   -3,    0,    0,    0,    0,    0,    0,    0,    0,    0,    0,    0,    0,    0,  -12,  -54,    0,  -14,  -13,    0,    0,   -3,  -15,   -6,  -22,  -18,  -26,  -31,  -15,  -30,    0,   -3,    0,    0,    0,   -3,    0,    0,    0,    0,    0,    0,    0,    0,   -1,    0,    0,   -3,    0,   -3,   -3,   -3,    0,    0,    0,    0,    0,    0,    0,  -54,  -54,  -60,    0,   -6,  -31,   -3,   -3,   -3,   -3,   -3,    0,    0,    0,    0,    0,    0,    0,    0,    0,    0,    0,    0,    0,   -3,    0,   -3,   -3,   -3,    0,    0,    0,    0,    0,    0,    0,    0,    0,    0,    0,    0,   -1,   -1,   -1,  -15,    0,  -15,  -18,    0,   -3,   -3,    0,  -54,    0,   -3,   -3,   -3,    0,    0,    0,    0,    0,   -3,   -3,    0,    0,  -31,   -3,   -3,  -12,    0,   -3,  -12,  -18,    0,    0,
       0,    0,    0,    0,    0,    0,    0,    0,    0,    0,    0,    0,    0,    0,    0,    0,    0,    0,    0,    0,    0,    0,    0,    0,    0,    0,    0,    0,    0,    0,    0,    0,   -9,   -7,   -3,    0,    0,   -7,    0,    0,    0,    0,   -3,    0,    0,    0,    0,   -1,    0,    0,   -1,   -1,    0,   -1,    0,   -6,   -4,  -10,   -7,    0,  -10,    0,    0,    0,    0,    0,    0,    0,    0,    0,    0,    0,    0,   -7,   -7,    0,    0,    0,    0,    0,    0,    0,    0,    0,    0,    9,    0,   -1,    0,    0,    0,   -4,   -4,  -10,   -1,    0,    0,    0,    0,    0,    0,    0,    0,    0,    0,   -1,    0,   -1,   -1,   -1,    0,    0,    0,   -9,   -6,   -9,    0,   -7,    0,    0,    0,    0,    0,    0,    0,    0,    0,    0,    0,    0,   -1,    0,    0,    0,    0,   -7,  -10,   -3,   -9,    0,   -3,   -9,    0,    0,    0,
       0,    0,    0,  -22,    0,    5,    0,  -63,  -30,  -63,  -54,    0,    0,    0,    0,    0,    0,    0,    0,    0,    0,    0,    0,    0,  -39,  -57,  -10,  -61,   -4,    0,  -10,  -10,    0,   -1,    0,    0,    0,    0,   -4,    0,    0,  -25,    0,  -30,  -30,    0,  -27,   -6,   -1,   -1,   -7,   -7,  -30,   -7,  -25,   -3,   -6,   -3,   -1,   -1,   -3,  -10,  -24,    0,    0,    0,    0,    0,    0,  -57,  -57,  -63,    0,   -1,    0,  -25,  -25,  -25,  -25,  -25,  -30,  -30,  -30,   -1,   14,   24,  -30,   -7,  -30,  -30,  -30,   -6,   -6,   -3,   -6,  -25,  -25,  -25,  -30,  -30,  -27,  -27,    6,    3,    2,   -7,   12,   -6,   -7,   -7,  -25,  -25,  -25,    0,   -3,    0,    0,   -1,  -10,  -10,  -30,  -57,   -1,  -25,  -25,  -25,  -30,   23,    8,  -30,   -7,  -25,  -25,  -30,    2,    0,   -3,    0,    0,    0,    0,    0,  -63,  -24,    0,
       0,  -18,    0,    0,    0,  -12,    0,    0,    3,    0,    0,    0,    0,    0,    0,    0,    0,    0,    0,    0,    0,    0,    0,  -18,    0,    0,    0,   -4,    0,    0,    0,    0,  -22,   -4,  -24,  -18,   -1,  -25,   -6,  -12,    0,    0,    0,    0,    0,    0,    0,    0,    0,    0,    0,    0,    0,    0,    0,    0,   -1,   -9,   -3,   -1,   -9,    0,    0,    0,    0,    0,    0,    0,    0,    0,    0,  -18,    0,   -4,  -25,    0,    0,    0,    0,    0,    0,    0,    0,    0,    0,    0,    0,    0,    0,    0,    0,   -1,   -1,   -9,    0,    0,    0,    0,    0,    0,    0,    0,    0,    0,    0,    0,    0,    0,    0,    0,    0,    0,    0,  -22,    0,  -22,  -18,   -3,    0,    0,    0,    0,    0,    0,    0,    0,    0,    0,    0,    0,    0,    0,    0,    0,    0,  -25,   -9,   -6,   -9,    0,   -6,   -9,    0,    0,    0,
       0,    0,    0,    0,    0,    0,    0,    0,    0,    0,    0,    0,    0,    0,    0,    0,    0,    0,    0,    0,    0,    0,    0,    0,    0,    0,    0,    0,    0,    0,    0,    0,    0,    0,    0,    0,    0,    0,    0,    0,    0,    0,    0,   -3,   -3,    0,    0,    0,    0,    5,    0,    0,   -3,    0,    0,  -10,  -12,  -21,  -12,    0,  -21,    0,    0,    0,    0,    0,    0,    0,    0,    0,    0,    0,    0,    0,    0,    0,    0,    0,    0,    0,   -3,   -3,   -3,    0,    8,   18,   -3,    0,   -3,   -3,   -3,  -12,  -12,  -21,    0,    0,    0,    0,   -3,   -3,    0,    0,    6,    0,    0,    0,    5,    0,    0,    0,    0,    0,    0,    0,  -10,    0,    0,  -12,    0,    0,   -3,    0,    0,    0,    0,    0,   -3,   15,    8,   -3,    0,    0,    0,   -3,    0,    0,  -21,    0,    0,    0,    0,    0,    0,    0,    0,
       0,    0,    0,  -10,    0,    0,    0,  -30,    0,  -30,  -30,    0,    0,    0,    0,    0,    0,    0,    0,    0,    0,    0,    0,    0,  -12,  -33,    0,  -18,    0,    0,    0,   -6,    0,    0,    0,    0,    0,    0,    0,    0,    0,  -18,    0,  -18,  -18,  -10,  -16,    0,   -1,    0,  -10,  -10,  -18,  -10,  -21,   -9,  -12,  -12,   -9,  -15,  -12,  -12,   -6,    0,    0,    0,   -6,    0,    0,  -33,  -33,  -33,    0,    0,    0,  -18,  -18,  -18,  -18,  -18,  -18,  -18,  -18,   -1,   -1,   16,  -18,  -10,  -18,  -18,  -18,  -12,  -12,  -12,    0,  -18,  -18,  -18,  -18,  -18,  -16,  -16,   -1,    5,   -1,  -10,    0,    0,  -10,  -10,  -21,  -21,  -21,    0,   -9,    0,    0,   -9,  -12,  -12,  -18,  -33,   -1,  -18,  -18,  -18,  -18,   10,   -1,  -18,  -10,  -18,  -18,  -18,   -1,    0,  -12,    0,    0,    0,    0,    0,  -30,   -6,    0,
       0,    0,    0,    0,    0,    0,    0,    0,  -36,    0,    0,    0,    0,    0,    0,    0,    0,    0,    0,    0,    0,    0,    0,  -15,    0,    0,  -24,    0,    0,    0,  -24,    0,  -15,  -13,  -12,   -9,    0,  -12,    0,    0,    0,   -4,   -3,   -7,   -7,    0,    0,    0,    0,    0,    0,    0,   -7,   -3,    0,  -22,  -21,  -51,  -43,    0,  -51,    0,  -15,    0,    0,    0,  -30,    0,    0,    0,    0,    0,    0,  -13,  -12,   -4,   -4,   -4,   -4,   -4,   -7,   -7,   -7,    0,    9,   23,   -7,    0,   -7,   -7,   -7,  -21,  -21,  -51,    0,   -4,   -4,   -4,   -7,   -7,    0,    0,    0,    9,    0,    0,    0,    0,    0,    0,    0,    0,    0,  -15,  -22,  -15,   -9,  -43,    0,    0,   -7,    0,    0,   -4,   -4,   -4,   -7,    0,    0,   -7,    0,   -4,   -4,   -7,    0,  -12,  -51,   -9,  -12,    0,   -9,  -12,    0,  -15,    0,
       0,  -69,    0,    0,    0,  -60,    0,    0,    0,    0,    0,    0,    0,    0,    0,    0,    0,    0,    0,    0,    0,    0,    0,  -39,    0,    0,   -4,   -3,  -10,    0,   -4,   -3,  -69,  -27,  -63,  -52,    0,  -67,   -9,  -51,    0,    0,   -6,    0,    0,    0,    0,   -6,    0,    0,    0,    0,    0,   -1,    0,  -15,  -12,  -37,  -30,    0,  -37,    0,    0,    0,    0,    0,   -6,    0,    0,    0,    0,    0,    0,  -27, -104,    0,    0,    0,    0,    0,    0,    0,    0,    0,    0,    0,    0,    0,    0,    0,    0,  -12,  -12,  -37,  -12,    0,    0,    0,    0,    0,    0,    0,    0,    0,    0,    0,    0,   -6,    0,    0,    0,    0,    0,  -69,  -15, -112,  -80,  -30,    0,    0,    0,    0,    0,    0,    0,    0,    0,    0,    0,    0,    0,    0,    0,    0,    0,  -67,  -37,  -72,  -69,    0,  -72,  -69,    0,    0,    0,
       0,   -6,    0,    0,    0,    0,    0,    0,    0,    0,    0,    0,    0,    0,    0,    0,    0,    0,    0,    0,    0,    0,    0,   -9,    0,    0,  -18,    0,    0,    0,  -21,    0,  -27,  -22,  -30,  -26,    0,  -21,   -1,    0,    0,  -16,   -6,  -12,  -12,   -7,   -4,   -7,   -3,   -9,   -7,   -7,  -12,   -7,  -13,  -39,  -42,  -65,  -43,    0,  -65,   -3,    0,    0,    0,    0,    0,    0,    0,    0,    0,    0,    0,  -24,  -21,  -16,  -16,  -16,  -16,  -16,  -12,  -12,  -12,   -3,   -3,    6,  -12,   -7,  -12,  -12,  -12,  -37,  -37,  -65,  -10,  -16,  -16,  -16,  -12,  -12,   -4,   -4,   -3,   -3,   -3,   -7,   -9,   -7,   -7,   -7,  -13,  -13,  -13,  -27,  -39,  -27,  -26,  -43,   -3,   -3,  -12,    0,   -3,  -16,  -16,  -16,  -12,   -3,   -3,  -12,   -7,  -16,  -16,  -12,   -3,  -21,  -65,  -20,    0,    0,  -20,    0,    0,    0,    0,
       0,    0,    0,  -12,    0,    0,    0,   -9,    0,   -9,   -6,    0,    0,    0,    0,    0,    0,    0,    0,    0,    0,    0,    0,   -6,  -21,  -24,   -7,  -18,   -4,    0,   -7,   -3,    0,    0,    0,    0,    0,    0,   -1,    0,    0,  -21,    0,  -22,  -22,  -15,  -21,   -3,  -12,    3,  -13,  -13,  -22,  -13,  -18,  -10,  -18,  -22,  -21,  -15,  -22,  -13,    0,    0,    0,    0,    0,    0,    0,  -24,  -24,  -12,    0,    0,    0,  -21,  -21,  -21,  -21,  -21,  -22,  -22,  -22,  -12,  -16,    8,  -22,  -13,  -22,  -22,  -22,  -18,  -18,  -22,   -3,  -21,  -21,  -21,  -22,  -22,  -21,  -21,  -15,  -12,  -12,  -13,    3,   -3,  -13,  -13,  -18,  -18,  -18,    0,  -10,    0,    0,  -21,  -13,  -13,  -22,  -24,  -12,  -21,  -21,  -21,  -22,   -4,  -13,  -22,  -13,  -21,  -21,  -22,  -12,    0,  -22,    0,    0,    0,    0,    0,   -9,    0,    0,
       0,  -18,    0,   -1,   59,    0,    0,  -15,    0,  -24,  -15,    0,    0,    0,    0,    0,    0,    0,    0,    0,    0,    0,    0,   -9,    0,  -48,    0,  -12,  -14,    0,    0,   -1,  -15,   -3,  -21,  -16,  -21,  -30,  -12,  -24,   18,    0,    0,    0,    0,    0,    0,   -3,    0,    0,    0,    0,    0,    0,    0,    0,    0,   -3,    0,    0,   -3,   -3,    0,    0,    0,    0,    0,    0,    0,  -48,  -48,  -57,    0,   -3,  -30,    0,    0,    0,    0,    0,    0,    0,    0,    0,    0,    0,    0,    0,    0,    0,    0,    0,    0,   -3,   -3,    0,    0,    0,    0,    0,    0,    0,    0,    0,    0,    0,    0,   -3,    0,    0,    0,    0,    0,   -6,    0,  -15,  -16,    0,   -3,   -3,    0,  -21,    0,    0,    0,    0,    0,    0,    0,    0,    0,    0,    0,    0,    0,  -30,   -3,   -7,  -12,   39,   -7,  -12,  -15,    0,    0,
       0,  -12,    0,  -12,    0,    0,    0,  -45,    0,  -45,  -27,    0,    0,    0,    0,    0,    0,    0,    0,    0,    0,    0,    0,    0,  -18,  -93,    0,  -51,    0,    0,    0,    0,    0,    0,    0,    0,    0,   -4,   -1,  -12,    0,   -3,    0,   -6,   -6,    0,   -3,    0,    0,    0,    0,    0,   -6,    0,   -3,    0,    0,    0,    0,    0,    0,   -3,    0,    0,    0,    0,    0,    0,    0,  -48,  -48,  -80,    0,    0,   -4,   -3,   -3,   -3,   -3,   -3,   -6,   -6,   -6,    0,    0,    6,   -6,    0,   -6,   -6,   -6,    0,    0,    0,    0,   -3,   -3,   -3,   -6,   -6,   -3,   -3,    0,    0,    0,    0,    0,    0,    0,    0,   -3,   -3,   -3,    0,    0,    0,    0,    0,   -3,   -3,   -6,  -48,    0,   -3,   -3,   -3,   -6,    0,    0,   -6,    0,   -3,   -3,   -6,    0,   -4,    0,    0,    0,    0,    0,    0,  -45,    0,    0,
       0,  -18,    0,   -1,  118,    0,    0,   23,    0,   23,   24,    0,    0,    0,    0,    0,    0,    0,    0,    0,    0,    0,    0,   -9,    0,  -48,    0,  -12,  -14,    0,    0,   -1,  -15,   -3,  -21,  -16,  -21,  -30,  -12,  -24,   18,    0,    0,    0,    0,    0,    0,   -3,    0,    0,    0,    0,    0,    0,    0,    0,    0,   -3,    0,    0,   -3,   -3,    0,    0,    0,    0,    0,    0,    0,  -48,  -48,  -57,    0,   -3,  -30,    0,    0,    0,    0,    0,    0,    0,    0,    0,    0,    0,    0,    0,    0,    0,    0,    0,    0,   -3,    3,    0,    0,    0,    0,    0,    0,    0,    0,    0,    0,    0,    0,   -3,    0,    0,    0,    0,    0,   -6,    0,  -15,  -16,    0,   -3,   -3,    0,  -21,    0,    0,    0,    0,    0,    0,    0,    0,    0,    0,    0,    0,    0,  -30,   -3,   -7,  -12,   39,   -7,  -12,   23,    0,    0,
       0,  -30,    0,    0,    0,  -24,    0,    0,  -24,    0,    0,    0,    0,    0,    0,    0,    0,    0,    0,    0,    0,    0,    0,  -21,    0,    0,  -22,    0,    0,    0,  -22,   -3,  -34,  -31,  -43,  -36,    0,  -46,    0,  -45,    0,   -4,  -13,  -12,  -12,    0,   -3,   -3,    0,  -10,   -6,   -6,  -12,  -16,   -3,  -22,  -21,  -39,  -31,    0,  -39,   -1,  -15,    0,    0,    0,  -30,    0,    0,    0,    0,    0,    0,  -31,  -46,   -4,   -4,   -4,   -4,   -4,  -12,  -12,  -12,    0,    0,    0,  -12,   -6,  -12,  -12,  -12,  -21,  -21,  -39,   -3,   -4,   -4,   -4,  -12,  -12,   -3,   -3,    0,    0,    0,   -6,  -10,   -3,   -6,   -6,   -3,   -3,   -3,  -34,  -22,  -34,  -36,  -31,   -1,   -1,  -12,    0,    0,   -4,   -4,   -4,  -12,    0,    0,  -12,   -6,   -4,   -4,  -12,    0,  -46,  -39,  -30,  -30,    0,  -30,  -30,    0,  -15,    0,
       0,    0,    0,    0,    0,  -18,    0,    0,    0,    0,    0,    0,    0,    0,    0,    0,    0,    0,    0,    0,    0,    0,    0,   -3,    0,  -10,    0,   -1,   -6,   -1,    0,    0,  -10,    0,   -6,   -3,   -1,   -9,   -3,    0,    0,   -3,   -4,    0,    0,   -3,    0,    0,    0,    0,   -1,   -1,    0,   -4,    0,   -4,   -4,  -12,   -7,   -3,  -12,   -3,    0,    0,    0,    0,    0,    0,    0,  -10,  -10,   -6,    0,    0,   -9,   -3,   -3,   -3,   -3,   -3,    0,    0,    0,    0,    0,    9,    0,   -1,    0,    0,    0,   -4,   -4,  -12,    0,   -3,   -3,   -3,    0,    0,    0,    0,    0,    0,    0,   -1,    0,    0,   -1,   -1,    0,    0,    0,  -10,   -4,  -10,   -3,   -7,   -3,   -3,    0,  -10,    0,   -3,   -3,   -3,    0,    0,    0,    0,   -1,   -3,   -3,    0,    0,   -9,  -12,   -3,    0,    0,   -3,    0,    0,    0,    0,
       0,    0,    0,  -24,    0,    0,    0,  -48,  -39,  -48,  -42,    0,    0,    0,    0,    0,    0,    0,    0,    0,    0,   -6,    0,    0,  -42,  -58,   -3,  -60,  -10,    0,   -3,   -6,    0,    0,    0,    0,    0,    0,   -3,    0,    0,  -30,    0,  -36,  -36,   -6,  -30,   -3,   -3,    3,   -7,   -7,  -36,   -7,  -22,   -6,   -6,   -3,    0,    0,   -3,  -10,  -33,    0,    0,    0,  -24,    0,    0,  -58,  -58,  -54,    0,    0,    0,  -30,  -30,  -30,  -52,  -30,  -36,  -36,  -36,   -3,   15,   27,  -36,   -7,  -36,  -36,  -36,   -6,   -6,   -3,   -3,  -30,  -30,  -30,  -36,  -36,  -30,  -30,    8,    0,   -3,   -7,   17,   -3,   -7,   -7,  -22,  -22,  -22,    0,   -6,    0,    0,    0,  -10,  -10,  -36,  -58,   -3,  -30,  -30,  -30,  -36,   24,    6,  -36,   -7,  -30,  -30,  -36,   -3,    0,   -3,    0,    0,    0,    0,    0,  -48,  -33,    0,
       0,    0,    0,  -13,    0,    0,    0,  -18,    0,  -18,  -27,    0,    0,    0,    0,    0,    0,    0,    0,    0,    0,    0,    0,    0,  -27,  -42,   -4,  -27,   -9,    0,   -4,   -6,    0,    0,    0,    0,    0,    0,   -6,    0,    0,  -18,    0,  -19,  -19,  -15,  -16,    0,   -3,    8,  -15,  -15,  -19,  -15,  -21,  -18,  -15,  -22,  -19,  -18,  -22,  -16,    0,    0,    0,    0,    0,    0,    0,  -42,  -42,  -40,    0,    0,    0,  -18,  -18,  -18,  -18,  -18,  -19,  -19,  -19,   -3,    3,    6,  -19,  -15,  -19,  -19,  -19,  -15,  -15,  -22,    0,  -18,  -18,  -18,  -19,  -19,  -16,  -16,    3,   -3,   -3,  -15,    8,    0,  -15,  -15,  -21,  -21,  -21,    0,  -18,    0,    0,  -19,  -16,  -16,  -19,  -42,   -3,  -18,  -18,  -18,  -19,   -3,    3,  -19,  -15,  -18,  -18,  -19,   -3,    0,  -22,    0,    0,    0,    0,    0,  -18,    0,    0,
       0,    0,    0,  -30,    0,    0,    0,  -60,  -33,  -60,  -63,    0,    0,    0,    0,    0,    0,    0,    0,    0,    0,  -18,    0,    0,  -69,  -75,  -19,  -66,  -14,    0,  -19,  -16,    0,    0,    0,    0,    0,    0,   -3,    0,    0,  -92,    3,  -60,  -60,  -25,  -48,    0,   -4,   15,  -40,  -40,  -60,  -40,  -52,  -24,  -39,  -27,  -16,  -30,  -27,  -42,  -33,    0,    0,    0,  -31,  -21,    0,  -75,  -75, -128,    0,    0,    0,  -92,  -80,  -83,  -71,  -92,  -60, -114,  -85,   -5,   29,   38,  -60,  -40, -114, -114,  -91,  -39,  -39,  -27,    0,  -92,  -85,  -92,  -60, -111,  -48,  -91,   25,   31,   13,  -40,   36,    0,  -40,  -40,  -52,  -92,  -86,    0,  -24,    0,    0,  -16,  -42,  -78,  -60,  -75,    1,  -92,  -92,  -92,  -85,   31,   19,  -91,  -55,  -92,  -92,  -60,    7,    0,  -27,    0,    0,    0,    0,    0,  -60,  -33,  -21,
       0,    0,    0,  -28,    0,    0,    0,  -40,  -21,  -40,  -51,    0,    0,    0,    0,    0,    0,    0,    0,    0,    0,  -12,    0,    0,  -57,  -66,  -18,  -58,  -10,    0,  -18,  -12,    0,    0,    0,    0,    0,    0,    0,    0,    0,  -62,    3,  -49,  -49,  -18,  -46,    0,   -7,   20,  -27,  -27,  -49,  -27,  -43,  -18,  -24,  -25,  -21,  -21,  -25,  -30,  -24,    0,    0,    0,  -12,  -10,    0,  -66,  -66,  -63,    0,    0,    0,  -62,  -74,  -67,  -50,  -62,  -49,  -92,  -83,  -13,    7,   31,  -49,  -27,  -49,  -49,  -89,  -24,  -24,  -25,    0,  -62,  -71,  -62,  -49,  -49,  -46,  -46,   19,   14,   10,  -27,   43,    0,  -27,  -27,  -43,  -43,  -43,    0,  -18,    0,    0,  -21,  -30,  -30,  -49,  -66,  -11,  -62,  -62,  -62,  -80,   11,   13,  -83,  -45,  -62,  -62,  -49,   -1,    0,  -25,    0,    0,    0,    0,    0,  -40,  -24,  -10,
       0,    0,    0,    0,    0,    0,    0,    0,  -33,    0,    0,    0,    0,    0,    0,    0,    0,    0,    0,    0,    0,    0,    0,    0,    0,    0,  -21,    0,    0,    0,  -21,    0,   -4,    0,    0,    0,    0,    0,    0,    0,    0,    0,    0,   -6,   -6,    0,    0,    0,    0,    0,    0,    0,   -6,    0,    0,  -18,  -18,  -43,  -39,    0,  -43,    0,  -12,    0,    0,    0,  -30,    0,    0,    0,    0,    0,    0,    0,    0,    0,    0,    0,    0,    0,   -6,   -6,   -6,    0,    0,   12,   -6,    0,   -6,   -6,   -6,  -18,  -18,  -43,    0,    0,    0,    0,   -6,   -6,    0,    0,    0,    0,    0,    0,    0,    0,    0,    0,    0,    0,    0,   -4,  -18,   -4,    0,  -39,    0,    0,   -6,    0,    0,    0,    0,    0,   -6,   18,    0,   -6,    0,    0,    0,   -6,    0,    0,  -43,    0,    0,    0,    0,    0,    0,  -12,    0,
       0,    0,    0,  -30,    0,    0,    0,  -55,  -45,  -55,  -60,    0,    0,    0,    0,    0,    0,    0,    0,    0,    0,  -24,    0,    0,  -63,  -72,  -33,  -64,   -9,    0,  -33,  -16,    0,    0,    0,    0,    0,    0,    0,    0,    0,  -60,    0,  -63,  -63,  -27,  -60,    0,   -7,   -3,  -42,  -42,  -63,  -42,  -51,  -24,  -42,  -36,  -27,  -39,  -36,  -45,  -45,    0,    0,    0,  -36,  -21,    0,  -72,  -72,  -33,    0,    0,    0,  -60,  -96,  -93,  -81, -114,  -63, -117,  -95,   -7,   17,   38,  -63,  -42, -120, -114, -102,  -42,  -81,  -36,    0, -105, -108,  -60,  -63,  -63,  -60,  -60,   22,   13,    7,  -42,   26,    0,  -42,  -42,  -51,  -81,  -96,    0,  -24,    0,    0,  -27,  -45,  -45,  -63,  -72,   -7,  -60,  -94, -109, -100,   32,   14, -103,  -61, -108, -111, -120,   -1,    0,  -36,    0,    0,    0,    0,    0,  -55,  -45,  -21,
       0,    0,    0,    0,    0,    0,    0,    0,    0,    0,    0,    0,    0,    0,    0,    0,    0,    0,    0,    0,    0,    0,    0,    0,    0,    0,   -1,   -3,   -2,    0,   -1,   -3,   -6,   -5,    0,    0,    0,    0,    0,    0,    0,    0,    0,    0,    0,    0,    0,    0,    0,    6,   -3,   -3,    0,   -3,    0,   -9,   -9,  -21,  -21,    0,  -21,    0,    0,    0,    0,    0,    0,    0,    0,    0,    0,    0,    0,   -5,    0,    0,    0,    0,    0,    0,    0,    0,    0,    0,    0,   15,    0,   -3,    0,    0,    0,   -9,   -9,  -21,    0,    0,    0,    0,    0,    0,    0,    0,    6,    0,    0,   -3,    6,    0,   -3,   -3,    0,    0,    0,   -6,   -9,   -6,    0,  -21,    0,    0,    0,    0,    0,    0,    0,    0,    0,    0,    0,    0,   -3,    0,    0,    0,    0,    0,  -21,    0,    0,    0,    0,    0,    0,    0,    0,
       0,    0,    0,    0,    0,    0,    0,    0,    0,    0,    0,    0,    0,    0,    0,    0,    0,    0,    0,    0,    0,    0,    0,    0,    0,    0,    0,    0,    0,    0,    0,    0,    0,    0,    0,    0,    0,    0,    0,    0,    0,    0,    0,    0,    0,    0,    5,    0,    0,    9,    0,    0,    0,    0,    0,    0,    0,    6,    0,    0,    6,    0,    0,    0,    0,    0,    0,    0,    0,    0,    0,    0,    0,    0,    0,    0,    0,    0,    0,    0,    0,    0,    0,    0,    0,    0,    0,    0,    0,    0,    0,    0,    0,    6,    0,    0,    0,    0,    0,    0,    5,    5,    0,    0,    0,    0,    9,    0,    0,    0,    0,    0,    0,    0,    0,    0,    0,    0,    0,    0,    0,    0,    0,    0,    0,    0,    0,    0,    0,    0,    0,    0,    0,    0,    0,    0,    6,    0,    0,    0,    0,    0,    0,    0,    0,
       0,    0,    0,    0,    0,    0,    0,    0,    0,    0,    0,  -12,    0,    0,  -12,  -24,  -12,  -18,  -54,  -12,  -18,    0,    0,    0,    0,    0,  -39,  -13,    0,    0,  -39,  -12,  -63,  -48,  -69,  -57,    0,  -75,    0, -128,    0,  -12,    0,  -24,  -24,    0,    0,    0,    0,    0,    0,    0,  -24,    0,  -12,  -24,  -33,  -54,  -42,    0,  -16,  -10,    0,    0,    0,    0,    0,    0,    0,    0,    0,    0,    0,  -48,  -75,  -12,  -12,  -12,  -12,  -12,  -24,  -24,  -24,    0,    0,    0,  -24,    0,  -24,  -24,  -24,  -33,  -33,  -54,    0,  -12,  -12,  -12,  -24,  -24,    0,    0,    0,    0,    0,    0,    0,    0,    0,    0,  -12,  -12,  -12,  -63,  -24,  -63,  -57,  -42,  -10,  -10,  -24,    0,    0,  -12,  -12,  -12,  -24,    0,    0,  -24,    0,  -12,  -12,  -24,    0,  -75,  -54,    0,    0,    0,    0,    0,    0,    0,    0,
       0,  -25,    0,    0,    0,  -45,    0,    0,    0,    0,    0,    0,    0,    0,    0,    0,    0,    0,    0,    0,    0,    0,    0,  -27,   -3,    0,    0,    0,    0,    0,    0,    0,  -22,    0,    0,    0,    0,    0,    0,  -54,    0,    0,  -13,   -3,   -6,    0,    0,    0,    0,   -6,  -11,  -11,   -3,  -11,   -6,  -16,  -13,  -52,  -52,    0,  -56,    0,    0,    0,    0,    0,    0,    0,    0,    0,    0,    0,    0,    0,    0,    0,    0,    0,    0,    0,   -3,   -3,   -3,    0,    0,    0,   -3,  -11,   -3,   -3,   -3,  -13,  -13,  -56,    0,    0,    0,    0,   -3,   -3,    0,    0,    0,    0,    0,  -11,   -6,    0,  -11,  -11,   -6,   -6,   -6,  -22,  -16,  -22,    0,  -55,    0,    0,   -3,    0,    0,    0,    0,    0,   -3,    0,    0,   -3,  -11,    0,    0,   -3,    0,    0,  -56,  -46,  -30,    0,  -46,  -30,    0,    0,    0,
      -7,  -24,    0,    0,    0,  -30,    0,   -3,    0,   -3,   -3,    0,    0,    0,    0,    0,    0,    0,    0,    0,    0,    0,    0,  -19,   -3,    0,    0,    0,    0,    0,    0,    0,  -28,    0,    0,    0,    0,    0,    0,  -45,    0,    0,  -12,    0,    0,    0,    0,   -4,    0,    0,   -6,   -6,    0,  -12,   -4,   -7,   -6,  -22,   -9,   -9,  -22,   -6,    0,    0,    0,    0,    0,    0,    0,    0,    0,    0,    0,    0,    0,    0,    0,    0,    0,    0,    0,    0,    0,    0,    0,    0,    0,   -6,    0,    0,    0,   -6,   -6,  -22,   -4,    0,    0,    0,    0,    0,    0,    0,    0,    0,    0,   -6,    0,   -4,   -6,   -6,   -4,   -4,   -4,  -28,   -7,  -28,    0,   -9,   -6,   -6,    0,    0,    0,    0,    0,    0,    0,    0,    0,    0,   -6,    0,    0,    0,    0,    0,  -12,  -19,  -27,    0,  -19,  -27,   -3,    0,    0,
       0,  -18,    0,    0,    0,   -6,    0,    0,    0,    0,    0,    0,    0,    0,    0,    0,    0,    0,    0,    0,    0,    0,    0,   -9,    0,    0,    0,    0,    0,    0,    0,    0,    0,    0,    0,    0,    0,    0,    0,  -30,    0,    0,    0,   -1,   -1,    0,    0,   -2,    0,    0,    0,    0,   -1,    0,    0,    0,   -1,    0,    0,    0,    0,    0,    0,    0,    0,    0,    0,    0,    0,    0,    0,    0,    0,    0,    0,    0,    0,    0,    0,    0,   -1,   -1,   -1,    0,    0,    0,   -1,    0,   -1,   -1,   -1,   -1,   -1,    0,   -2,    0,    0,    0,   -1,   -1,    0,    0,    0,    0,    0,    0,    0,   -2,    0,    0,    0,    0,    0,    0,    0,    0,    0,    0,    0,    0,   -1,    0,    0,    0,    0,    0,   -1,    0,    0,   -1,    0,    0,    0,   -1,    0,    0,    0,   -6,   -9,    0,   -6,   -9,    0,    0,    0,
       0,   -6,    0,    0,    0,    0,    0,    0,    0,    0,    0,    0,    0,    0,    0,    0,    0,    0,    0,    0,    0,    0,    0,  -18,   -6,    0,    0,    0,    0,    0,    0,    0,    0,    0,    0,    0,    0,    0,    0,    0,    0,    0,    0,   -3,   -3,    0,   -1,    0,    0,   -9,   -1,   -1,   -3,   -2,    0,   -9,   -9,  -19,  -10,    0,  -19,    0,    0,    0,    0,    0,    0,    0,    0,    0,    0,    0,    0,    0,    0,    0,    0,    0,    0,    0,   -3,   -3,   -3,    0,    0,    0,   -3,   -1,   -3,   -3,   -3,   -9,   -9,  -19,    0,    0,    0,    0,   -3,   -3,   -1,   -1,    0,    0,    0,   -1,   -9,    0,   -1,   -1,    0,    0,    0,    0,   -9,    0,    0,  -10,    0,    0,   -3,    0,    0,    0,    0,    0,   -3,    0,    0,   -3,   -1,    0,    0,   -3,    0,    0,  -19,    0,  -20,    0,    0,  -20,    0,    0,    0,
      -7,  -24,    0,    0,    0,  -30,    0,   -3,    0,   -3,   -3,    0,    0,    0,    0,    0,    0,    0,    0,    0,    0,    0,    0,  -19,   -3,    0,    0,    0,    0,    0,    0,    0,  -28,    0,    0,    0,    0,    0,    0,  -45,    0,    0,  -12,    0,    0,    0,    0,   -4,    0,    0,   -6,   -6,    0,  -12,   -4,   -7,   -6,  -22,   -9,   -5,  -22,   -6,    0,    0,    0,    0,    0,    0,    0,    0,    0,    0,    0,    0,    0,    0,    0,    0,    0,    0,    0,    0,    0,    0,    0,    0,    0,   -6,    0,    0,    0,   -6,   -6,  -22,   -4,    0,    0,    0,    0,    0,    0,    0,    0,    0,    0,   -6,    0,   -4,   -6,   -6,   -4,   -4,   -4,  -28,   -7,  -28,    0,   -9,   -6,   -6,    0,    0,    0,    0,    0,    0,    0,    0,    0,    0,   -6,    0,    0,    0,    0,    0,  -22,  -19,  -27,    0,  -19,  -27,   -3,    0,    0,
      30,   90,    0,    0,   97,   60,    0,   -6,   -4,   -6,    0,    0,    0,    0,    0,    0,    0,    0,    0,    0,    0,    0,    0,   33,    0,    0,    0,    0,    0,    0,    0,    0,    0,    0,    0,    0,    0,    0,    0,   62,   42,   -8,    0,  -18,  -18,    0,    0,    0,    0,    0,    0,    0,  -18,    0,  -12,    0,    0,    0,    0,    0,    0,    0,   -6,    0,    0,    0,   -6,    0,    0,    0,    0,    0,    0,    0,    0,   -8,   -8,   -8,    1,   -8,  -18,  -18,  -18,    0,    0,    0,  -18,    0,  -18,  -18,  -16,    0,    0,    0,    0,   -8,   -8,   -8,  -18,  -18,    0,    0,    0,    0,    0,    0,    0,    0,    0,    0,  -12,  -12,  -12,    0,    0,    0,    0,    0,    0,    0,  -18,    0,    0,   -8,   -8,   -8,  -18,    0,    0,  -18,    0,   -8,   -8,  -18,    0,    0,    0,   87,  102,    0,   96,  102,   -6,   -6,    0,
       0,    2,    0,   -6,    0,    8,    0,    0,    0,    0,    0,    0,    0,    0,    0,    0,    0,    0,    0,    0,    0,    0,    0,    5,   -6,    0,    0,    0,    0,    0,    0,    0,    0,    0,    0,    0,    0,    0,    0,   -9,    0,   -3,   -4,  -16,  -16,    0,    0,   -3,    0,    0,    0,    0,  -16,    0,   -8,    0,    0,    0,    0,    0,    0,    0,   -6,    0,    0,    0,   -6,    0,    0,    0,    0,    0,    0,    0,    0,   -3,   -3,   -3,   -3,   -3,  -16,  -16,  -16,    0,    0,    0,  -16,    0,  -16,  -16,  -16,    0,    0,    0,   -3,   -3,   -3,   -3,  -16,  -16,    0,    0,    0,    0,    0,    0,    0,   -3,    0,    0,   -8,   -8,   -8,    0,    0,    0,    0,    0,    0,    0,  -16,    0,    0,   -3,   -3,   -3,  -16,    0,    0,  -16,    0,   -3,   -3,  -16,    0,    0,    0,    5,    0,    0,    5,    0,    0,   -6,    0,
       0,  -25,    0,    0,    0,  -45,    0,    0,    0,    0,    0,    0,    0,    0,    0,    0,    0,    0,    0,    0,    0,    0,    0,  -27,   -3,    0,    0,    0,    0,    0,    0,    0,  -22,    0,    0,    0,    0,    0,    0,  -54,    0,    0,  -13,   -3,   -3,    0,    0,    0,    0,   -6,   -4,   -4,   -3,   -8,   -3,  -16,  -13,  -52,  -52,    0,  -56,    0,    0,    0,    0,    0,    0,    0,    0,    0,    0,    0,    0,    0,    0,    0,    0,    0,    0,    0,   -3,   -3,   -3,    0,    0,    0,   -3,   -4,   -3,   -3,   -3,  -13,  -13,  -56,    0,    0,    0,    0,   -3,   -3,    0,    0,    0,    0,    0,   -4,   -6,    0,   -4,   -4,   -3,   -3,   -3,  -22,  -16,  -22,    0,  -55,    0,    0,   -3,    0,    0,    0,    0,    0,   -3,    0,    0,   -3,   -4,    0,    0,   -3,    0,    0,  -25,  -46,  -30,    0,  -46,  -30,    0,    0,    0,
      -4,  -22,    0,    0,    0,  -21,    0,    0,    0,    0,    0,    0,    0,    0,    0,    0,    0,    0,    0,    0,    0,    0,    0,  -15,    0,    0,    0,    0,    0,    0,    0,    0,  -30,   -9,  -12,  -12,    0,  -18,    0,  -36,    0,    0,   -9,   -3,   -3,    0,   -1,    0,    0,    0,    0,    0,   -3,    0,    0,  -14,   -6,  -16,  -14,    0,  -16,    0,    0,    0,    0,    0,    0,    0,    0,    0,    0,    0,    0,   -9,  -18,    0,    0,    0,    0,    0,   -3,   -3,   -3,    0,    0,    0,   -3,    0,   -3,   -3,   -3,   -6,   -6,  -16,    0,    0,    0,    0,   -3,   -3,   -1,   -1,    0,    0,    0,    0,    0,    0,    0,    0,    0,    0,    0,  -30,  -14,  -30,  -12,  -14,    0,    0,   -3,    0,    0,    0,    0,    0,   -3,    0,    0,   -3,    0,    0,    0,   -3,    0,  -18,  -16,  -22,  -27,    0,  -35,  -27,    0,    0,    0,
       0,    0,    0,    0,    0,    0,    0,    0,    0,    0,    0,    0,    0,    0,    0,    0,    0,    0,    0,    0,    0,    0,    0,   -6,    0,    0,    0,    0,    0,    0,    0,    0,    0,    0,    0,    0,    0,    0,    0,    0,    0,   -4,   -1,    0,    0,    0,   -1,   -6,    0,    0,    0,    0,    0,    0,    0,   -6,   -3,   -6,   -3,   -1,   -6,   -3,    0,    0,    0,    0,    0,    0,    0,    0,    0,    0,    0,    0,    0,   -4,   -4,   -4,   -4,   -4,    0,    0,    0,    0,    0,    0,    0,    0,    0,    0,    0,   -3,   -3,   -6,   -6,   -4,   -4,   -4,    0,    0,   -1,   -1,    0,    0,    0,    0,    0,   -6,    0,    0,    0,    0,    0,    0,   -6,    0,    0,   -3,   -3,   -3,    0,    0,    0,   -4,   -4,   -4,    0,    0,    0,    0,    0,   -4,   -4,    0,    0,    0,   -6,    0,   -6,    0,    0,   -6,    0,    0,    0,
       0,  -15,    0,    0,    0,   -7,    0,    0,  -12,    0,    0,    0,    0,    0,    0,    0,    0,    0,    0,    0,    0,    0,    0,    0,   -6,    0,    0,    0,    0,    0,    0,    0,    0,    0,    0,    0,    0,    0,    0,  -27,    0,    0,   -3,   -9,   -9,    0,    0,    0,    0,    0,   -1,   -1,   -9,   -1,    0,   -4,   -6,   -6,   -7,    0,   -6,    0,  -15,    0,    0,    0,   -6,    0,    0,    0,    0,    0,    0,    0,    0,    0,    0,    0,    0,    0,   -9,   -9,   -9,    0,    0,    0,   -9,   -1,   -9,   -9,   -9,   -6,   -6,   -6,    0,    0,    0,    0,   -9,   -9,    0,    0,    0,    0,    0,   -1,    0,    0,   -1,   -1,    0,    0,    0,    0,   -4,    0,    0,   -7,    0,    0,   -9,    0,    0,    0,    0,    0,   -9,    0,    0,   -9,   -1,    0,    0,   -9,    0,    0,   -6,  -13,  -36,    0,  -13,  -36,    0,  -15,    0,
      -7,  -24,    0,    0,    0,  -30,    0,   -3,    0,   -3,   -3,    0,    0,    0,    0,    0,    0,    0,    0,    0,    0,    0,    0,  -19,   -3,    0,    0,    0,    0,    0,    0,    0,  -28,    0,    0,    0,    0,    0,    0,  -45,    0,    0,  -12,    0,    0,    0,    0,   -4,    0,    0,   -6,   -6,    0,  -12,   -4,   -7,   -6,  -22,   -9,  -10,  -22,   -6,    0,    0,    0,    0,    0,    0,    0,    0,    0,    0,    0,    0,    0,    0,    0,    0,    0,    0,    0,    0,    0,    0,    0,    0,    0,   -6,    0,    0,    0,   -6,   -6,  -22,   -4,    0,    0,    0,    0,    0,    0,    0,    0,    0,    0,   -6,    0,   -4,   -6,   -6,   -4,   -4,   -4,  -28,   -7,  -28,    0,   -9,   -6,   -6,    0,    0,    0,    0,    0,    0,    0,    0,    0,    0,   -6,    0,    0,    0,    0,    0,  -12,  -19,  -27,    0,  -19,  -27,   -3,    0,    0,
      -6,  -36,    0,    0,    0,   -6,    0,    0,    0,    0,   12,    0,    0,    0,    0,    0,    0,    0,    0,    0,    0,    0,    0,  -11,   -6,    0,    0,    0,    0,    0,    0,    0,    0,    0,    0,    0,    0,    0,    0,  -36,    0,  -12,  -10,  -12,  -12,   -1,    0,   -4,    0,    0,    0,    0,  -12,    0,   -8,   -8,   -9,  -17,  -13,    0,  -17,    0,    0,    0,    0,    0,    0,    0,    0,    0,    0,    0,    0,    0,    0,  -12,  -12,  -12,  -12,  -12,  -12,  -12,  -12,    0,    0,    0,  -12,    0,  -12,  -12,  -12,   -9,   -9,  -17,   -4,  -12,  -12,  -12,  -12,  -12,    0,    0,    0,    0,    0,    0,    0,   -4,    0,    0,   -8,   -8,   -8,    0,   -8,    0,    0,  -13,    0,    0,  -12,    0,    0,  -12,  -12,  -12,  -12,    0,    0,  -12,    0,  -12,  -12,  -12,    0,    0,  -17,    0,  -36,    0,    0,  -36,    0,    0,    0,
       0,   -3,    0,  -12,    0,    0,    0,  -39,    0,  -39,  -33,    0,    0,    0,    0,    0,    0,    0,    0,    0,    0,    0,    0,    0,  -21,    0,    0,    0,    0,    0,    0,    0,    0,    0,    0,    0,    0,    0,    0,  -30,    0,   -3,   -9,   -7,   -7,    0,    0,   -9,    0,    0,    0,    0,   -7,    0,    0,    0,    0,    0,    0,    0,    0,   -1,    0,    0,    0,    0,    0,    0,    0,    0,    0,    0,    0,    0,    0,   -3,   -3,   -3,   -3,   -3,   -7,   -7,   -7,    0,    0,    0,   -7,    0,   -7,   -7,   -7,    0,    0,    0,   -9,   -3,   -3,   -3,   -7,   -7,    0,    0,    0,    0,    0,    0,    0,   -9,    0,    0,    0,    0,    0,    0,    0,    0,    0,    0,   -1,   -1,   -7,    0,    0,   -3,   -3,   -3,   -7,    0,    0,   -7,    0,   -3,   -3,   -7,    0,    0,    0,    0,    0,    0,    0,    0,  -39,    0,    0,
      -6,   -6,    0,    0,    0,    0,    0,    0,    0,    0,    0,    0,    0,    0,    0,    0,    0,    0,    0,    0,    0,    0,    0,   -3,  -12,    0,    0,    0,    0,    0,    0,    0,    0,    0,    0,    0,    0,    0,    0,  -27,    0,    0,   -7,    0,    0,    0,    0,    0,    0,    0,    0,    0,    0,    0,    0,   -4,   -6,   -6,   -1,    0,   -6,   -3,    0,    0,    0,    0,    0,    0,    0,    0,    0,    0,    0,    0,    0,    0,    0,    0,    0,    0,    0,    0,    0,    0,    0,    0,    0,    0,    0,    0,    0,   -6,   -6,   -6,    0,    0,    0,    0,    0,    0,    0,    0,    0,    0,    0,    0,    0,    0,    0,    0,    0,    0,    0,    0,   -4,    0,    0,   -1,   -3,   -3,    0,    0,    0,    0,    0,    0,    0,    0,    0,    0,    0,    0,    0,    0,    0,    0,   -6,   -6,   -9,    0,   -6,   -9,    0,    0,    0,
       0,   -4,    0,    0,    0,    0,    0,    0,    0,    0,  -12,    0,    0,    0,    0,    0,    0,    0,    0,    0,    0,    0,    0,  -12,   -6,    0,    0,    0,    0,    0,    0,    0,    0,    0,    0,    0,    0,    0,    0,   -6,    0,   -4,   -3,   -6,   -6,    0,   -3,    0,    0,    0,   -9,   -9,   -6,   -9,   -9,   -4,   -9,   -6,   -8,   -3,   -6,   -2,  -13,    0,    0,    0,    0,    6,    0,    0,    0,    0,    0,    0,    0,   -4,   -4,   -4,   -4,   -4,   -6,   -6,   -6,    0,    0,    0,   -6,   -9,   -6,   -6,   -6,   -9,   -9,   -6,    0,   -4,   -4,   -4,   -6,   -6,   -3,   -3,    0,    0,    0,   -9,    0,    0,   -9,   -9,   -9,   -9,   -9,    0,   -4,    0,    0,   -8,   -2,   -2,   -6,    0,    0,   -4,   -4,   -4,   -6,    0,    0,   -6,   -9,   -4,   -4,   -6,    0,    0,   -6,    0,   -9,    0,    0,   -9,    0,  -13,    6,
       0,   -3,    0,  -22,    0,    0,    0,  -45,   -6,  -45,  -30,    0,    0,    0,    0,    0,    0,    0,    0,    0,    0,    0,    0,    0,  -31,    0,    0,    0,    0,    0,    0,    0,    0,    0,    0,    0,    0,    0,    0,  -18,    0,   -9,   -7,  -15,  -28,    0,   -9,  -10,    0,    0,    0,    0,  -15,    0,  -12,    0,    0,    0,    0,    0,    0,    0,  -12,    0,    0,    0,   -6,    0,    0,    0,    0,    0,    0,    0,    0,   -9,   -9,   -9,   -9,   -9,  -15,  -15,  -15,    0,    0,    0,  -15,    0,  -15,  -15,  -15,    0,    0,    0,  -10,   -9,   -9,   -9,  -15,  -15,   -9,   -9,    0,    0,    0,    0,    0,  -10,    0,    0,  -12,  -12,  -12,    0,    0,    0,    0,    0,    0,    0,  -15,    0,    0,   -9,   -9,   -9,  -15,    0,    0,  -15,    0,   -9,   -9,  -15,    0,    0,    0,    0,    6,    0,    0,    6,  -45,  -12,    0,
       0,    0,    0,  -21,    0,    0,    0,  -40,   -3,  -40,  -24,    0,    0,    0,    0,    0,    0,    0,    0,    0,    0,    0,    0,    0,  -27,    0,    0,    0,    0,    0,    0,    0,    0,    0,    0,    0,    0,    0,    0,  -18,    0,   -6,    0,  -12,  -12,    0,   -6,   -6,    0,    0,    0,    0,  -12,    0,   -1,    0,    0,    0,    0,    0,    0,    0,   -7,    0,    0,    0,    0,    0,    0,    0,    0,    0,    0,    0,    0,   -6,   -6,   -6,   -6,   -6,  -12,  -12,  -12,    0,    0,    0,  -12,    0,  -12,  -12,  -12,    0,    0,    0,   -6,   -6,   -6,   -6,  -12,  -12,   -6,   -6,    0,    0,    0,    0,    0,   -6,    0,    0,   -1,   -1,   -1,    0,    0,    0,    0,    0,    0,    0,  -12,    0,    0,   -6,   -6,   -6,  -12,    0,    0,  -12,    0,   -6,   -6,  -12,    0,    0,    0,    0,    0,    0,    0,    0,  -40,   -7,    0,
       0,   -3,    0,    0,    0,    0,    0,    0,    0,    0,    0,    0,    0,    0,    0,    0,    0,    0,    0,    0,    0,    0,    0,    0,   -1,    0,    0,    0,    0,    0,    0,    0,    0,    0,    0,    0,    0,    0,    0,  -30,    0,    0,   -4,   -9,   -9,    0,    0,    0,    0,    0,    0,    0,   -9,    0,    0,   -3,    0,    0,    0,    0,    0,    0,  -15,    0,    0,    0,   -6,    0,    0,    0,    0,    0,    0,    0,    0,    0,    0,    0,    0,    0,   -9,   -9,   -9,    0,    0,    0,   -9,    0,   -9,   -9,   -9,    0,    0,    0,    0,    0,    0,    0,   -9,   -9,    0,    0,    0,    0,    0,    0,    0,    0,    0,    0,    0,    0,    0,    0,   -3,    0,    0,    0,    0,    0,   -9,    0,    0,    0,    0,    0,   -9,    0,    0,   -9,    0,    0,    0,   -9,    0,    0,    0,    0,    0,    0,    0,    0,    0,  -15,    0,
       0,   -4,    0,    0,    0,    0,    0,    0,    0,    0,    0,    0,    0,    0,    0,    0,    0,    0,    0,    0,    0,    0,    0,   -6,   -7,    0,    0,    0,    0,    0,    0,    0,    0,    0,    0,    0,    0,    0,    0,  -24,    0,    0,   -1,   -3,   -3,    0,    0,    0,    0,    0,    0,    0,   -3,    0,    0,   -6,    0,   -4,   -4,    0,   -4,    0,    0,    0,    0,    0,    0,    0,    0,    0,    0,    0,    0,    0,    0,    0,    0,    0,    0,    0,   -3,   -3,   -3,    0,    0,    0,   -3,    0,   -3,   -3,   -3,    0,    0,   -4,    0,    0,    0,    0,   -3,   -3,    0,    0,    0,    0,    0,    0,    0,    2,    0,    0,    0,    0,    0,    0,   -6,    0,    0,   -4,    0,    0,   -3,    0,    0,    0,    0,    0,   -3,    0,    0,   -3,    0,    0,    0,   -3,    0,    0,   -4,    0,   -3,    0,    0,   -3,    0,    0,    0,
       0,    0,    0,    0,    0,    0,    0,    0,    0,    0,    0,    0,    0,    0,    0,    0,    0,    0,    0,    0,    0,    0,    0,    0,    0,    0,  -15,    0,    0,    0,  -15,    0,  -24,  -16,  -33,  -21,    0,  -46,   -4,    0,    0,  -12,   -6,  -12,  -12,    0,    0,    0,    0,    0,    0,    0,  -12,    0,   -6,   -9,  -12,  -12,   -9,    0,  -12,    0,    0,    0,    0,    0,    0,    0,    0,    0,    0,    0,    0,  -16,  -46,  -12,  -12,  -12,  -12,  -12,  -12,  -12,  -12,    0,    0,    0,  -12,    0,  -12,  -12,  -12,  -12,  -12,  -12,    0,  -12,  -12,  -12,  -12,  -12,    0,    0,    0,    0,    0,    0,    0,    0,    0,    0,   -6,   -6,   -6,  -24,   -9,  -24,  -21,   -9,    0,    0,  -12,    0,    0,  -12,  -12,  -12,  -12,    0,    0,  -12,    0,  -12,  -12,  -12,    0,  -46,  -12,   -6,   -3,    0,   -6,   -3,    0,    0,    0,
       0,    0,    0,    0,    0,    0,    0,    0,    0,    0,    0,    0,    0,    0,    0,    0,    0,    0,    0,    0,    0,    0,    0,    0,    0,    0,    0,    0,    0,    0,    0,    0,    0,    0,  -21,  -10,    0,  -21,    0,    0,    0,    0,    0,    0,    0,    0,    0,    0,    0,    0,    0,    0,    0,    0,    0,    0,    0,    0,    0,    0,    0,    0,    0,    0,    0,    0,    0,    0,    0,    0,    0,    0,    0,    0,  -21,    0,    0,    0,    0,    0,    0,    0,    0,    0,    0,    0,    0,    0,    0,    0,    0,    0,    0,    0,    0,    0,    0,    0,    0,    0,    0,    0,    0,    0,    0,    0,    0,    0,    0,    0,    0,    0,    0,    0,    0,    0,  -10,    0,    0,    0,    0,    0,    0,    0,    0,    0,    0,    0,    0,    0,    0,    0,    0,    0,    0,  -21,    0,    0,    0,    0,    0,    0,    0,    0,    0,
       0,    0,    0,    0,    0,    0,    0,    0,    0,    0,    0,    0,    0,    0,    0,    0,    0,    0,    0,    0,    0,    0,    0,    0,    0,    0,    0,    0,    0,    0,    0,    0,    0,    0,    0,    0,    0,    0,    0,    0,    0,    0,    0,    0,    0,    0,    0,    0,    0,    0,    0,    0,    0,    0,    0,    0,    0,    0,    0,    0,    0,    0,    0,    0,    0,   -3,    0,    0,    0,    0,    0,    0,    0,    0,    0,    0,    0,    0,    0,    0,    0,    0,    0,    0,    0,    0,    0,    0,    0,    0,    0,    0,    0,    0,    0,    0,    0,    0,    0,    0,    0,    0,    0,    0,    0,    0,    0,    0,    0,    0,    0,    0,    0,    0,    0,    0,    0,    0,    0,    0,    0,    0,    0,    0,    0,    0,    0,    0,    0,    0,    0,    0,    0,    0,    0,    0,    0,    0,    0,    0,    0,    0,    0,    0,    0,
       0,    0,    0,    0,    0,  -12,    0,   -6,   -6,   -6,    0,    0,    0,    0,    0,    0,    0,    0,    0,    0,    0,    0,    0,    0,    0,    0,    0,    0,    0,    0,    0,    0,    0,    0,    0,    0,    0,    0,    0,  -12,    0,    0,    0,    0,    0,    0,    0,    0,    0,    0,    0,    0,    0,    0,    0,    0,    0,    0,    0,    0,    0,    0,    0,    0,    0,    0,    0,    0,    0,    0,    0,    0,    0,    0,    0,    0,    0,    0,    0,    0,    0,    0,    0,    0,    0,    0,    0,    0,    0,    0,    0,    0,    0,    0,    0,    0,    0,    0,    0,    0,    0,    0,    0,    0,    0,    0,    0,    0,    0,    0,    0,    0,    0,    0,    0,    0,    0,    0,    0,    0,    0,    0,    0,    0,    0,    0,    0,    0,    0,    0,    0,    0,    0,    0,    0,    0,    0,  -13,  -19,    0,  -13,  -19,   -6,    0,    0,
       0,    0,    0,    0,    0,    0,    0,    0,    0,    0,    0,    0,    0,    0,    0,    0,    0,    0,    0,    0,    0,    0,    0,    0,    0,  -24,    0,   -9,    0,    0,    0,    0,  -24,    0,  -31,  -12,  -30,  -36,    0,    0,    0,    0,    0,    0,    0,    0,    0,    0,    0,    0,    0,    0,    0,    0,    0,   -6,    0,   -6,    0,   -6,   -6,    0,    0,    0,    0,    0,    0,    0,    0,  -24,  -24,  -24,    0,    0,  -36,    0,    0,    0,    0,    0,    0,    0,    0,    0,    0,    0,    0,    0,    0,    0,    0,    0,    0,   -6,    0,    0,    0,    0,    0,    0,    0,    0,    0,    0,    0,    0,    0,    0,    0,    0,    0,    0,    0,  -24,   -6,  -24,  -12,    0,    0,    0,    0,  -24,    0,    0,    0,    0,    0,    0,    0,    0,    0,    0,    0,    0,    0,  -36,   -6,    0,    0,    0,    0,    0,    0,    0,    0,
       0,    0,    0,    0,    0,    0,    0,  -28,    0,  -28,    0,    0,    0,    0,    0,    0,    0,    0,    0,    0,    0,    0,    0,    0,    0,  -13,    0,    0,    0,    0,    0,    0,  -33,    0,  -33,  -21,  -12,  -42,    0,    0,    0,    0,    0,    0,    0,    0,    0,    0,    0,    0,    0,    0,    0,    0,    0,   -3,    0,  -12,   -7,  -15,  -12,    0,    0,    0,    0,    0,    0,    0,    0,  -13,  -13,    0,    0,    0,  -42,    0,    0,    0,    0,    0,    0,    0,    0,    0,    0,    0,    0,    0,    0,    0,    0,    0,    0,  -12,    0,    0,    0,    0,    0,    0,    0,    0,    0,    0,    0,    0,    0,    0,    0,    0,    0,    0,    0,  -33,   -3,  -33,  -21,   -7,    0,    0,    0,  -13,    0,    0,    0,    0,    0,    0,    0,    0,    0,    0,    0,    0,    0,  -42,  -12,    0,    0,    0,    0,    0,  -28,    0,    0,
       0,    0,    0,    0,    0,    0,    0,    0,    0,    0,    0,    0,    0,    0,    0,    0,    0,    0,    0,    0,    0,    0,    0,    0,    0,    0,  -36,   -9,    0,    0,  -36,    0,  -48,  -43,  -60,  -48,    0,  -66,    0,    0,    0,  -12,  -19,  -25,  -25,    0,    0,    0,    0,    0,    0,    0,  -25,    0,  -10,  -36,  -30,  -51,  -43,    0,  -21,    0,    0,    0,    0,    0,    0,    0,    0,    0,    0,    0,    0,  -43,  -66,  -12,  -12,  -12,  -12,  -12,  -25,  -25,  -25,    0,    0,    0,  -25,    0,  -25,  -25,  -25,  -30,  -30,  -51,    0,  -12,  -12,  -12,  -25,  -25,    0,    0,    0,    0,    0,    0,    0,    0,    0,    0,  -10,  -10,  -10,  -48,  -36,  -48,  -48,  -43,    0,    0,  -25,    0,    0,  -12,  -12,  -12,  -25,    0,    0,  -25,    0,  -12,  -12,  -25,    0,  -66,  -51,  -30,  -48,    0,  -30,  -48,    0,    0,    0,
       0,  -18,    0,   -1,   59,    0,    0,  -15,    0,  -24,  -15,    0,    0,    0,    0,    0,    0,    0,    0,    0,    0,    0,    0,   -9,    0,  -48,    0,  -12,  -14,    0,    0,   -1,  -15,   -3,  -21,  -16,  -21,  -30,  -12,  -24,   18,    0,    0,    0,    0,    0,    0,   -3,    0,    0,    0,    0,    0,    0,    0,    0,    0,   -3,    0,    0,   -3,   -3,    0,    0,    0,    0,    0,    0,    0,  -48,  -48,  -54,    0,   -3,  -30,    0,    0,    0,    0,    0,    0,    0,    0,    0,    0,    0,    0,    0,    0,    0,    0,    0,    0,   -3,   -3,    0,    0,    0,    0,    0,    0,    0,    0,    0,    0,    0,    0,   -3,    0,    0,    0,    0,    0,  -15,    0,  -15,  -16,    0,   -3,   -3,    0,  -48,    0,    0,    0,    0,    0,    0,    0,    0,    0,    0,    0,    0,    0,  -30,   -3,   -7,  -12,   39,   -7,  -12,  -15,    0,    0,
       0,    0,    0,    0,    0,    0,    0,    0,    0,    0,    0,    0,   -9,  -36,  -40,  -21,  -27,    0,  -37,    0,  -12,    0,    0,    0,    0,    0,    0,    0,    0,    0,    0,    0,    0,    0,    0,    0,    0,    0,    0,    0,    0,    0,    0,    0,    0,    0,    0,    0,    0,    0,    0,    0,    0,    0,    0,    0,    0,    0,    0,    0,    0,    0,    0,    0,    0,    0,    0,    0,    0,    0,    0,    0,    0,    0,    0,    0,    0,    0,    0,    0,    0,    0,    0,    0,    0,    0,    0,    0,    0,    0,    0,    0,    0,    0,    0,    0,    0,    0,    0,    0,    0,    0,    0,    0,    0,    0,    0,    0,    0,    0,    0,    0,    0,    0,    0,    0,    0,    0,    0,    0,    0,    0,    0,    0,    0,    0,    0,    0,    0,    0,    0,    0,    0,    0,    0,    0,    0,    0,    0,    0,    0,    0,    0,    0,    0,
       0,    0,    0,  -13,    0,    0,    0,  -18,    0,  -18,  -27,    0,    0,    0,    0,    0,    0,    0,    0,    0,    0,    0,    0,    0,  -27,  -42,   -4,  -27,  -12,    0,   -4,   -6,    0,    0,    0,    0,    0,    0,   -6,    0,    0,  -18,    0,  -19,  -19,  -15,  -16,    0,   -3,    8,  -15,  -15,  -19,  -15,  -21,  -18,  -15,  -22,  -19,  -18,  -22,  -16,    0,    0,    0,    0,    0,    0,    0,  -42,  -42,  -40,    0,    0,    0,  -18,  -18,  -18,  -18,  -18,  -19,  -19,  -19,   -3,    3,    6,  -19,  -15,  -19,  -19,  -19,  -15,  -15,  -22,    0,  -18,  -18,  -18,  -19,  -19,  -16,  -16,    3,   -3,   -3,  -15,    8,    0,  -15,  -15,  -21,  -21,  -21,    0,  -18,    0,    0,  -19,  -16,  -16,  -19,  -42,   -3,  -18,  -18,  -18,  -19,   -3,    3,  -19,  -15,  -18,  -18,  -19,   -3,    0,  -22,    0,    0,    0,    0,    0,  -18,    0,    0,
       0,    0,    0,  -30,    0,    0,    0,  -55,  -45,  -55,  -60,    0,    0,    0,    0,    0,    0,    0,    0,    0,    0,  -24,    0,    0,  -63,  -72,  -33,  -64,   -9,    0,  -33,  -16,    0,    0,    0,    0,    0,    0,    0,    0,    0,  -60,    0,  -63,  -63,  -27,  -60,    0,   -7,   -3,  -42,  -42,  -63,  -42,  -51,  -24,  -42,  -36,  -27,  -39,  -36,  -45,  -45,    0,    0,    0,  -36,  -21,    0,  -72,  -72,  -33,    0,    0,    0,  -60,  -96,  -93,  -75, -114,  -63, -117,  -95,   -7,   20,   41,  -63,  -42, -120, -114, -102,  -42,  -81,  -36,    0, -105, -108,  -60,  -63,  -63,  -60,  -60,   22,   19,    7,  -42,   26,    0,  -42,  -42,  -51,  -81,  -96,    0,  -24,    0,    0,  -27,  -45,  -45,  -63,  -72,   -7,  -60,  -94, -109, -100,   32,   14, -103,  -61, -108, -111, -120,   -1,    0,  -36,    0,    0,    0,    0,    0,  -55,  -45,  -21,
       0,    0,    0,    0,    0,    0,    0,    0,    0,    0,    0,    0,    0,    0,    0,    0,    0,    0,    0,    0,    0,    0,    0,    0,    0,  -18,   21,  -12,    0,    0,   21,    0,    0,    0,   -6,  -12,  -25,  -65,  -20,    0,    0,    0,    0,    0,    0,    0,    0,    0,    0,    0,    0,    0,    0,    0,    0,    0,    0,    0,    0,    2,    0,    2,    0,    0,    0,    0,    0,    0,    0,  -18,  -18,  -18,    0,    0,  -68,    0,    0,    0,    0,    0,    0,    0,    0,    0,    0,    0,    0,    0,    0,    0,    0,    0,    0,    0,    0,    0,    0,    0,    0,    0,    0,    0,    0,    0,    0,    0,    0,    0,    0,    0,    0,    0,    0,    0,    0,    0,  -12,    0,    2,    2,    0,  -18,    0,    0,    0,    0,    0,    0,    0,    0,    0,    0,    0,    0,    0,  -68,    0,    0,  -12,    0,    0,  -12,    0,    0,    0,
       0,    0,    0,    0,    0,    0,    0,    0,    0,    0,    0,    0,    0,    0,    0,    0,    0,    0,    0,    0,    0,    0,    0,    0,    0,    0,    0,    0,    0,    0,    0,    0,    0,    0,    0,    0,    0,    0,    0,    0,    0,    0,   -3,    0,    0,    0,   -3,    0,    0,   -7,   -3,   -3,    0,   -3,    0,  -13,  -12,  -39,  -24,   -6,  -39,   -6,    0,    0,    0,    0,    0,    0,    0,    0,    0,    0,    0,    0,    0,    0,    0,    0,    0,    0,    0,    0,    0,    0,    0,    0,    0,   -3,    0,    0,    0,   -6,   -6,  -39,    0,    0,    0,    0,    0,    0,   -3,   -3,    0,    0,    0,   -3,   -7,    0,   -3,   -3,    0,    0,    0,    0,  -10,    0,    0,  -24,   -3,   -3,    0,    0,    0,    0,    0,    0,    0,    0,    0,    0,   -3,    0,    0,    0,    0,    0,  -39,    0,    0,    0,    0,    0,    0,    0,    0,
       0,  -25,    0,    0,    0,  -45,    0,    0,    0,    0,    0,    0,    0,    0,    0,    0,    0,    0,    0,    0,    0,    0,    0,  -27,   -3,    0,    0,    0,    0,    0,    0,    0,  -22,    0,    0,    0,    0,    0,    0,  -54,    0,    0,  -13,   -3,   -3,    0,    0,    0,    0,   -6,   -4,   -4,   -3,   -8,   -3,  -16,  -13,  -53,  -55,    0,  -56,    0,    0,    0,    0,    0,    0,    0,    0,    0,    0,    0,    0,    0,    0,    0,    0,    0,    0,    0,   -3,   -3,   -3,    0,    0,    0,   -3,   -4,   -3,   -3,   -3,  -13,  -13,  -56,    0,    0,    0,    0,   -3,   -3,    0,    0,    0,    0,    0,   -4,   -6,    0,   -4,   -4,   -3,   -3,   -3,  -22,  -16,  -22,    0,  -55,    0,    0,   -3,    0,    0,    0,    0,    0,   -3,    0,    0,   -3,   -4,    0,    0,   -3,    0,    0,  -56,  -46,  -30,    0,  -46,  -30,    0,    0,    0,
       0,  -25,    0,    0,    0,  -45,    0,    0,    0,    0,    0,    0,    0,    0,    0,    0,    0,    0,    0,    0,    0,    0,    0,  -27,   -3,    0,    0,    0,    0,    0,    0,    0,  -22,    0,    0,    0,    0,    0,    0,  -54,    0,    0,  -13,   -3,   -3,    0,    0,    0,    0,   -6,   -4,   -4,   -3,   -8,   -3,  -16,  -13,  -52,  -55,    0,  -56,    0,    0,    0,    0,    0,    0,    0,    0,    0,    0,    0,    0,    0,    0,    0,    0,    0,    0,    0,   -3,   -3,   -3,    0,    0,    0,   -3,   -4,   -3,   -3,   -3,  -13,  -13,  -56,    0,    0,    0,    0,   -3,   -3,    0,    0,    0,    0,    0,   -4,   -6,    0,   -4,   -4,   -3,   -3,   -3,  -22,  -16,  -22,    0,  -55,    0,    0,   -3,    0,    0,    0,    0,    0,   -3,    0,    0,   -3,   -4,    0,    0,   -3,    0,    0,  -56,  -46,  -30,    0,  -46,  -30,    0,    0,    0,
      -7,  -24,    0,    0,    0,  -30,    0,   -3,    0,   -3,   -3,    0,    0,    0,    0,    0,    0,    0,    0,    0,    0,    0,    0,  -19,   -3,    0,    0,    0,    0,    0,    0,    0,  -28,    0,    0,    0,    0,    0,    0,  -45,    0,    0,  -12,    0,    0,    0,    0,   -4,    0,    0,   -6,   -6,    0,  -12,   -4,   -7,   -6,  -22,   -9,   -6,  -22,   -6,    0,    0,    0,    0,    0,    0,    0,    0,    0,    0,    0,    0,    0,    0,    0,    0,    0,    0,    0,    0,    0,    0,    0,    0,    0,   -6,    0,    0,    0,   -6,   -6,  -22,   -4,    0,    0,    0,    0,    0,    0,    0,    0,    0,    0,   -6,    0,   -4,   -6,   -6,   -4,   -4,   -4,  -28,   -7,  -28,    0,   -9,   -6,   -6,    0,    0,    0,    0,    0,    0,    0,    0,    0,    0,   -6,    0,    0,    0,    0,    0,  -12,  -19,  -27,    0,  -19,  -27,   -3,    0,    0,
      -4,  -22,    0,    0,    0,  -21,    0,    0,    0,    0,    0,    0,    0,    0,    0,    0,    0,    0,    0,    0,    0,    0,    0,  -15,    0,    0,    0,    0,    0,    0,    0,    0,  -30,   -9,  -12,  -12,    0,  -18,    0,  -36,    0,    0,   -9,   -3,   -3,    0,   -1,    0,    0,    0,    0,    0,   -3,    0,    0,  -14,   -6,  -16,  -14,    0,  -16,    0,    0,    0,    0,    0,    0,    0,    0,    0,    0,    0,    0,   -9,  -18,    0,    0,    0,    0,    0,   -3,   -3,   -3,    0,    0,    0,   -3,    0,   -3,   -3,   -3,   -6,   -6,  -16,    0,    0,    0,    0,   -3,   -3,   -1,   -1,    0,    0,    0,    0,    0,    0,    0,    0,    0,    0,    0,  -30,  -14,  -30,  -12,  -14,    0,    0,   -3,    0,    0,    0,    0,    0,   -3,    0,    0,   -3,    0,    0,    0,   -3,    0,  -18,  -16,  -26,  -34,    0,  -26,  -34,    0,    0,    0,
       0,   -6,    0,    0,    0,    0,    0,  -18,    0,  -18,   -3,    0,    0,    0,    0,    0,    0,    0,    0,    0,    0,    0,    0,    0,  -12,  -24,    0,  -14,  -13,    0,    0,   -3,  -15,   -6,  -22,  -18,  -23,  -31,  -15,  -30,    0,   -3,    0,    0,    0,   -3,    0,    0,    0,    0,    0,    0,    0,    0,   -1,    0,    0,   -3,    0,   -3,   -3,   -3,    0,    0,    0,    0,    0,    0,    0,  -24,  -54,  -63,    0,   -6,  -31,   -3,   -3,   -3,   -3,   -3,    0,    0,    0,    0,    0,    0,    0,    0,    0,    0,    0,    0,    0,   -3,    0,   -3,   -3,   -3,    0,    0,    0,    0,    0,    0,    0,    0,    0,    0,    0,    0,   -1,   -1,   -1,  -15,    0,  -15,  -18,    0,   -3,   -3,    0,  -24,    0,   -3,   -3,   -3,    0,    0,    0,    0,    0,   -3,   -3,    0,    0,  -31,   -3,   -3,  -12,    0,   -3,  -12,  -18,    0,    0,
      -6,   -6,    0,    0,    0,    0,  -19, -128, -128, -128,  -60,    0,    0,    0,    0,    0,    0,    0,    0,    0,    0,  -85,  -19,   -9,   -6,    0,    0,    0,    0,    0,    0,    0,    0,    0,    0,    0,    0,    0,    0,    0,    0,  -53,    0,  -62,  -62,    0,  -55,    0,    0,   -9,  -46,  -86,  -62,  -86,  -54,  -50,  -79,  -77,  -35,  -19,  -77,  -43, -115,    0,    0,    0,  -19,  -73,    0,    0,    0,    0,    0,    0,    0, -108, -108,  -53, -108,  -53,  -62,  -62,  -62,    0,    0,    0,  -62,  -97,  -62,  -62,  -62,  -83,  -83,  -76,    0,  -53, -108,  -53, -124,  -62,  -55,  -55,    0,    0,    0,  -46,   -9,    0,  -97,  -46,  -54,  -54,  -54,    0,  -50,    0,    0,  -52,  -43,  -43, -128,    0,    0, -108,  -53,  -53,  -62,    0,    0,  -62,  -46,  -53,  -53,  -62,    0,    0,  -76,  -18,  -30,    0,  -18,  -22,  -68, -115,  -67,
       0,  -99,    0,    0,    0,  -60,    0,    0,    0,    0,    0,    0,    0,    0,    0,    0,    0,    0,    0,    0,    0,    0,    0,  -21,    0,    0,   -4,   -3,  -10,    0,   -4,   -3,  -82,  -27,  -65,  -50,    0,  -68,   -9,  -51,    0,    0,   -6,    0,    0,    0,    0,   -6,    0,    0,    0,    0,    0,   -1,    0,  -15,  -12,  -37,  -30,    0,  -37,    0,    0,    0,    0,    0,   -6,    0,    0,    0,    0,    0,    0,  -27,  -68,    0,    0,    0,    0,    0,    0,    0,    0,    0,    0,    0,    0,    0,    0,    0,    0,  -12,  -12,  -37,  -12,    0,    0,    0,    0,    0,    0,    0,    0,    0,    0,    0,    0,   -6,    0,    0,    0,    0,    0,  -82,  -15,  -82,  -50,  -30,    0,    0,    0,    0,    0,    0,    0,    0,    0,    0,    0,    0,    0,    0,    0,    0,    0,  -68,  -37,  -88,  -84,    0,  -88,  -84,    0,    0,    0,
      -6,   -6,    0,    0,    0,    0,  -17, -128, -128, -128,  -60,    0,    0,    0,    0,    0,    0,    0,    0,    0,    0,  -83,  -17,   -9,   -6,    0,    0,    0,    0,    0,    0,    0,    0,    0,    0,    0,    0,    0,    0,    0,    0,  -98,    0, -116, -116,    0, -103,    0,    0,   -9,  -84,  -84, -116,  -84,  -54,  -50,  -80,  -76,  -31,  -11,  -71,  -43,  -60,    0,    0,    0,  -17,  -65,    0,    0,    0,    0,    0,    0,    0, -110, -110, -110, -110, -110, -128, -128, -128,    0,    0,    0, -128,  -92, -128, -128, -128,  -82,  -82,  -76,    0, -110, -110, -110, -128, -128, -118, -118,    0,    0,    0,  -92,   -9,    0,  -92,  -92, -115, -115, -115,    0,  -50,    0,    0,  -52,  -85,  -85, -128,    0,    0, -110, -110, -110, -128,    0,    0, -128,  -92, -110, -110, -128,    0,    0,  -76,  -18,  -28,    0,  -18,  -21, -128, -113,  -62,
       0,   -6,    0,    0,    0,    0,    0,    0,    0,    0,    0,    0,    0,    0,    0,    0,    0,    0,    0,    0,    0,    0,    0,  -18,   -6,    0,    0,    0,    0,    0,    0,    0,    0,    0,    0,    0,    0,    0,    0,    0,    0,    0,    0,   -6,   -6,    0,   -1,    0,    0,   -9,   -1,   -1,   -5,   -2,    0,   -9,   -9,  -28,  -10,    0,  -28,    0,    0,    0,    0,    0,    0,    0,    0,    0,    0,    0,    0,    0,    0,    0,    0,    0,    0,    0,   -6,   -6,   -6,    0,    0,    0,   -6,   -1,   -6,   -6,   -6,   -9,   -9,  -28,    0,    0,    0,    0,   -6,   -6,   -1,   -1,    0,    0,    0,   -1,   -9,    0,   -1,   -1,    0,    0,    0,    0,   -9,    0,    0,  -10,    0,    0,   -6,    0,    0,    0,    0,    0,   -6,    0,    0,   -6,   -1,    0,    0,   -6,    0,    0,  -28,    0,  -20,    0,    0,  -20,    0,    0,    0,
       0,    0,    0,  -24,    0,    0,    0,  -48,  -39,  -48,  -42,    0,    0,    0,    0,    0,    0,    0,    0,    0,    0,   -6,    0,    0,  -42,  -58,   -3,  -60,  -10,    0,   -3,   -6,    0,    0,    0,    0,    0,    0,   -3,    0,    0,  -30,    0,  -36,  -36,   -6,  -30,   -3,   -3,    3,   -7,   -7,  -36,   -7,  -22,   -6,   -6,   -3,    0,    0,   -3,  -10,  -33,    0,    0,    0,  -24,    0,    0,  -58,  -58,  -54,    0,    0,    0,  -30,  -30,  -30,  -52,  -30,  -36,  -36,  -36,   -3,   15,   23,  -36,   -7,  -36,  -36,  -36,   -6,   -6,   -3,   -3,  -30,  -30,  -30,  -36,  -36,  -30,  -30,    8,    0,   -3,   -7,   17,   -3,   -7,   -7,  -22,  -22,  -22,    0,   -6,    0,    0,    0,  -10,  -10,  -36,  -58,   -3,  -30,  -30,  -30,  -36,   24,    6,  -36,   -7,  -30,  -30,  -36,   -3,    0,   -3,    0,    0,    0,    0,    0,  -48,  -33,    0,
       0,   -2,    0,    0,    0,    0,   -6,   -6,  -18,   -6,  -12,    0,    0,    0,    0,    0,    0,    0,    0,    0,    0,  -18,   -6,  -15,   -6,    0,    0,    0,    0,    0,    0,    0,    0,    0,    0,    0,    0,    0,    0,   15,    0,   -4,    6,   -6,   -6,    0,   -3,    0,    0,    0,   -9,   -9,   -6,   -9,   -9,  -20,   -9,   -6,   -8,   -3,   -6,   -2,  -36,    0,    0,    0,   -6,    0,    0,    0,    0,    0,    0,    0,    0,   -4,   -4,   -4,   -4,   -4,   -6,   -6,   -6,    0,    0,    0,  -18,   -9,   -6,   -6,   -6,   -9,   -9,   -6,    0,   -4,   -4,   -4,   -6,   -6,   -3,   -3,    0,    0,    0,   -9,    0,    0,  -18,  -18,   -9,   -9,   -9,    0,  -20,    0,    0,  -16,   -2,   -2,  -18,    0,    0,  -12,   -4,   -4,   -6,    0,    0,   -6,   -9,   -4,   -4,   -6,    0,    0,   -6,    0,    6,    0,    0,    6,   -6,  -36,    0,
       0,    0,    0,  -28,    0,    0,    0,  -40,  -21,  -40,  -51,    0,    0,    0,    0,    0,    0,    0,    0,    0,    0,  -12,    0,    0,  -57,  -66,  -18,  -58,   -8,    0,  -18,  -12,    0,    0,    0,    0,    0,    0,    0,    0,    0,  -62,    3,  -49,  -49,  -18,  -46,    0,   -7,   20,  -27,  -27,  -49,  -27,  -43,  -18,  -24,  -25,  -21,  -21,  -25,  -30,  -24,    0,    0,    0,  -12,  -10,    0,  -66,  -66,  -63,    0,    0,    0,  -62,  -74,  -67,  -50,  -62,  -49,  -92,  -83,  -13,   22,   43,  -49,  -27,  -49,  -49,  -89,  -24,  -24,  -25,    0,  -62,  -71,  -62,  -49,  -49,  -46,  -46,   28,   16,   10,  -27,   52,    0,  -27,  -27,  -43,  -43,  -43,    0,  -18,    0,    0,  -21,  -30,  -30,  -49,  -66,  -11,  -62,  -62,  -62,  -80,   11,   13,  -83,  -45,  -62,  -62,  -49,   -1,    0,  -25,    0,    0,    0,    0,    0,  -40,  -24,  -10,
       0,    0,    0,  -24,    0,    0,    0,  -70,  -43,  -70,  -57,    0,    0,    0,    0,    0,    0,    0,    0,    0,    0,  -24,    0,    0,  -12,  -73,  -27,  -54,  -12,    0,  -27,   -7,    0,    2,    9,    6,   11,   11,    0,    0,    0,  -42,    0,  -49,  -49,  -15,  -45,    0,    0,    0,  -24,  -24,  -49,  -24,  -46,  -22,  -21,  -19,  -16,  -15,  -19,  -28,  -49,    0,    0,    0,    0,  -18,    0,  -73,  -73,  -36,    0,    2,   11,  -42,  -42,  -42,  -42,  -42,  -49,  -49,  -49,    0,    0,    0,  -49,  -24,  -49,  -49,  -49,  -21,  -21,  -19,    0,  -42,  -42,  -42,  -49,  -49,  -45,  -45,    0,    0,    0,  -24,    0,    0,  -24,  -24,  -46,  -46,  -46,    0,  -22,    0,    6,  -16,  -28,  -28,  -49,  -73,    0,  -42,  -42,  -42,  -49,    0,    0,  -49,  -24,  -42,  -42,  -49,    0,   11,  -19,    0,    0,    0,    0,    0,  -70,  -49,  -18,
       0,    0,    0,   -9,    0,    0,    0,  -49,  -25,  -49,  -42,    0,    0,    0,    0,    0,    0,    0,    0,    0,    0,    0,    0,    5,  -24,    0,    0,    0,    0,    0,    0,    0,    0,    0,    0,    0,    0,    0,    0,    0,    0,  -16,    0,  -25,  -25,    0,    0,    0,    0,    0,   -3,   -3,  -25,   -6,  -19,    0,    0,    0,    0,    0,    0,   -4,  -18,    0,    0,    0,    0,    0,    0,    0,    0,    0,    0,    0,    0,  -16,  -16,  -16,  -16,  -16,  -25,  -25,  -25,    0,    0,    0,  -25,   -3,  -25,  -25,  -25,    0,    0,    0,    0,  -16,  -16,  -16,  -25,  -25,    0,    0,    0,    0,    0,   -3,    0,    0,   -3,   -3,  -19,  -19,  -19,    0,    0,    0,    0,    0,   -4,   -4,  -25,    0,    0,  -16,  -16,  -16,  -25,    0,    0,  -25,   -3,  -16,  -16,  -25,    0,    0,    0,    0,    0,    0,    0,    0,  -49,  -18,    0,
       0,    0,    0,  -31,    0,    0,    0,  -96,  -55,  -96,  -42,    0,    0,    0,    0,    0,    0,    0,    0,    0,    0,    0,    0,    0,  -72,  -87,  -24,  -30,  -12,    0,  -24,  -13,    0,    0,   12,   14,    6,    6,   -3,    0,    0,  -64,    0,  -73,  -73,  -24,  -66,    0,  -10,   -1,  -36,  -36,  -73,  -36,  -63,  -25,  -28,  -24,  -18,  -22,  -24,  -36,  -69,    0,    0,    0,    0,  -24,    0,  -87,  -87,    0,    0,    0,    6,  -64,  -64,  -64,  -64,  -64,  -73,  -73,  -73,  -10,  -10,  -10,  -73,  -36,  -73,  -73,  -73,  -28,  -28,  -24,    0,  -64,  -64,  -64,  -73,  -73,  -66,  -66,  -10,  -10,  -10,  -36,   -1,    0,  -36,  -36,  -63,  -63,  -63,    0,  -25,    0,   14,  -18,  -36,  -36,  -73,  -87,  -10,  -64,  -64,  -64,  -73,  -10,  -10,  -73,  -36,  -64,  -64,  -73,  -10,    6,  -24,    0,    0,    0,    0,    0,  -96,  -69,  -24,
       0,    0,    0,  -22,    0,    3,    0,  -60,  -25,  -60,  -37,    0,    0,    0,    0,    0,    0,    0,    0,    0,    0,   -6,    0,    0,  -40,    0,    0,    0,    0,    0,    0,    0,    0,    0,    0,    0,    0,    0,    0,    0,    0,  -15,    0,  -27,  -27,    0,    0,    0,    0,    0,    0,    0,  -27,    0,  -18,    0,    0,    0,    0,    0,    0,   -4,  -36,    0,    0,    0,    0,    0,    0,    0,    0,    0,    0,    0,    0,  -15,  -15,  -15,  -15,  -15,  -27,  -27,  -27,    0,    0,    0,  -27,    0,  -27,  -27,  -27,    0,    0,    0,    0,  -15,  -15,  -15,  -27,  -27,    0,    0,    0,    0,    0,    0,    0,    0,    0,    0,  -18,  -18,  -18,    0,    0,    0,    0,    0,   -4,   -4,  -27,    0,    0,  -15,  -15,  -15,  -27,    0,    0,  -27,    0,  -15,  -15,  -27,    0,    0,    0,    0,    0,    0,    0,    0,  -60,  -36,    0,
       0,    0,    0,  -24,    0,    0,    0,  -70,  -43,  -70,  -57,    0,    0,    0,    0,    0,    0,    0,    0,    0,    0,  -24,    0,    0,  -12,  -73,  -27,  -54,   -6,    0,  -27,   -7,    0,    2,    9,    6,   11,   11,    0,    0,    0,  -42,    0,  -49,  -49,  -15,  -45,    0,    0,    0,  -24,  -24,  -49,  -24,  -46,  -22,  -21,  -19,  -16,  -15,  -19,  -28,  -49,    0,    0,    0,    0,  -18,    0,  -73,  -73,  -18,    0,    2,   11,  -42,  -42,  -42,  -42,  -42,  -49,  -49,  -49,    0,    0,    0,  -49,  -24,  -49,  -49,  -49,  -21,  -21,  -19,    0,  -42,  -42,  -42,  -49,  -49,  -45,  -45,    0,    0,    0,  -24,    0,    0,  -24,  -24,  -46,  -46,  -46,    0,  -22,    0,    6,  -16,  -28,  -28,  -49,  -73,    0,  -42,  -42,  -42,  -49,    0,    0,  -49,  -24,  -42,  -42,  -49,    0,   11,  -19,    0,    0,    0,    0,    0,  -70,  -49,  -18,
       0,    0,    0,   -9,    0,    0,    0,  -49,  -25,  -49,  -42,    0,    0,    0,    0,    0,    0,    0,    0,    0,    0,    0,    0,    5,  -24,    0,    0,    0,    0,    0,    0,    0,    0,    0,    0,    0,    0,    0,    0,    0,    0,  -16,    0,  -25,  -25,    0,    0,    0,    0,    0,   -3,   -3,  -25,   -3,  -19,    0,    0,    0,    0,    0,    0,   -4,  -18,    0,    0,    0,    0,    0,    0,    0,    0,    0,    0,    0,    0,  -16,  -16,  -16,  -16,  -16,  -25,  -25,  -25,    0,    0,    0,  -25,   -3,  -25,  -25,  -25,    0,    0,    0,    0,  -16,  -16,  -16,  -25,  -25,    0,    0,    0,    0,    0,   -3,    0,    0,   -3,   -3,  -19,  -19,  -19,    0,    0,    0,    0,    0,   -4,   -4,  -25,    0,    0,  -16,  -16,  -16,  -25,    0,    0,  -25,   -3,  -16,  -16,  -25,    0,    0,    0,    0,    0,    0,    0,    0,  -49,  -18,    0,
       0,    0,    0,  -31,    0,    0,    0,  -96,  -55,  -96,  -42,    0,    0,    0,    0,    0,    0,    0,    0,    0,    0,    0,    0,    0,  -72,  -87,  -24,  -30,   -6,    0,  -24,  -13,    0,    0,   12,   14,    6,    6,   -3,    0,    0,  -64,    0,  -73,  -73,  -24,  -66,    0,  -10,   -1,  -36,  -36,  -73,  -36,  -63,  -25,  -28,  -24,  -18,  -22,  -24,  -36,  -69,    0,    0,    0,    0,  -24,    0,  -87,  -87,    0,    0,    0,    6,  -64,  -64,  -64,  -64,  -64,  -73,  -73,  -73,  -10,  -10,  -10,  -73,  -36,  -73,  -73,  -73,  -28,  -28,  -24,    0,  -64,  -64,  -64,  -73,  -73,  -66,  -66,  -10,  -10,  -10,  -36,   -1,    0,  -36,  -36,  -63,  -63,  -63,    0,  -25,    0,   14,  -18,  -36,  -36,  -73,  -87,  -10,  -64,  -64,  -64,  -73,  -10,  -10,  -73,  -36,  -64,  -64,  -73,  -10,    6,  -24,    0,    0,    0,    0,    0,  -96,  -69,  -24,
       0,    0,    0,  -30,    0,    0,    0,  -55,  -45,  -55,  -60,    0,    0,    0,    0,    0,    0,    0,    0,    0,    0,  -24,    0,    0,  -63,  -72,  -33,  -64,   -9,    0,  -33,  -16,    0,    0,    0,    0,    0,    0,    0,    0,    0,  -60,    0,  -63,  -63,  -27,  -60,    0,   -7,   -3,  -42,  -42,  -63,  -42,  -51,  -24,  -42,  -36,  -27,  -39,  -36,  -45,  -45,    0,    0,    0,  -36,  -21,    0,  -72,  -72,  -33,    0,    0,    0,  -60,  -96,  -93,  -75, -114,  -63, -117,  -95,   -7,   14,   35,  -63,  -42, -120, -114, -102,  -42,  -81,  -36,    0, -105, -108,  -60,  -63,  -63,  -60,  -60,   22,   19,    7,  -42,   26,    0,  -42,  -42,  -51,  -81,  -96,    0,  -24,    0,    0,  -27,  -45,  -45,  -63,  -72,   -7,  -60,  -94, -109, -100,   32,   14, -103,  -61, -108, -111, -120,   -1,    0,  -36,    0,    0,    0,    0,    0,  -55,  -45,  -21,
       0,    0,    0,    0,    0,    0,    0,  -60,    0,  -60,    0,    0,    0,    0,    0,  -31,    0,    0,    6,    0,    0,    0,    0,    0,    0,  -66,   -9,  -60,  -12,    0,   -9,    0,    0,    0,    0,    0,    0,    0,    0,    0,    0,  -15,    0,  -27,  -27,  -18,  -33,   -3,    0,    0,   -6,   -6,  -27,   -6,  -27,   -9,    0,    0,    0,    0,    0,    0,    0,    0,    0,    0,    0,    0,  -78,  -66,  -66, -117,    0,    0,    0,  -15,  -15,  -15,  -15,  -15,  -27,  -27,  -27,    0,   11,   27,  -27,   -6,  -27,  -27,  -27,    0,    0,    0,   -3,  -15,  -15,  -15,  -27,  -27,  -33,  -33,    8,    6,    0,   -6,    6,   -3,   -6,   -6,  -27,  -27,  -27,    0,   -9,    0,    0,    0,    0,    0,  -27,  -66,    0,  -15,  -15,  -15,  -27,    6,    6,  -27,   -6,  -15,  -15,  -27,    0,    0,    0,    0,    0,    0,    0,    0,  -60,    0,    0,
       0,    0,    0,    0,    0,    0,    0,  -66,    0,  -66,    0,  -12,    0,    0,    0,  -45,   -6,  -19,    0,   -7,    0,    0,    0,    0,    0,  -55,  -33,  -54,    0,    0,  -33,  -12,    0,    0,    0,    0,    0,    0,   -6,    0,    0,  -46,    0,  -59,  -59,  -33,  -48,  -13,    6,   12,  -12,  -12,  -59,  -12,  -49,  -18,  -21,  -24,  -27,  -18,  -24,  -18,    0,    0,    0,    0,    0,    0,  -90,  -55,  -55,  -54,    0,    0,    0,  -46,  -46,  -46,  -46,  -46,  -59,  -59,  -59,    6,   15,   29,  -59,  -12,  -59,  -59,  -59,  -21,  -21,  -24,  -13,  -46,  -46,  -46,  -59,  -59,  -48,  -48,   21,   15,    6,  -12,   12,  -13,  -12,  -12,  -49,  -49,  -49,    0,  -18,    0,    0,  -27,  -18,  -18,  -59,  -55,    6,  -46,  -46,  -46,  -95,   48,   18,  -95,  -12,  -46,  -46,  -59,   18,    0,  -24,    0,    0,    0,    0,    0,  -66,    0,    0,
       0,    0,    0,    0,    0,    0,    0,    0,    0,    0,    0,    0,    0,    0,    0,  -12,    0,   -6,  -42,    0,    0,    0,    0,  -36,    0,    0,  -24,    0,    0,    0,  -24,    0,  -57,  -30,  -67,  -51,    0,  -66,    0,    0,    0,    0,  -15,   -9,   -9,    0,    0,    0,    0,    0,    0,    0,   -9,    0,    0,  -24,  -21,  -60,  -51,    0,  -99,    0,    0,    0,    0,    0,    0,    0,    0,    0,    0,    0,    0,  -30,  -66,    0,    0,    0,    0,    0,   -9,   -9,   -9,    0,    0,    0,   -9,    0,   -9,   -9,   -9,  -21,  -21,  -60,    0,    0,    0,    0,   -9,   -9,    0,    0,    0,    0,    0,    0,    0,    0,    0,    0,    0,    0,    0,  -57,  -24,  -57,  -51,  -51,    0,    0,   -9,    0,    0,    0,    0,    0,   -9,    0,    0,   -9,    0,    0,    0,   -9,    0,  -66,  -60,    0,    0,    0,    0,    0,    0,    0,    0,
       0,    0,    0,    0,    0,    0,    0,    0,    0,    0,    0,    0,    0,    0,    0,    0,    0,    0,    0,    0,    0,    0,    0,    0,    0,    0,    0,    0,    0,    0,    0,    0,    0,    0,    0,    0,    0,    0,    0,    0,    0,    0,    0,    0,    0,    0,   -1,    0,    0,   -3,   -3,   -3,    0,   -3,    0,   -9,   -3,  -16,  -10,    0,  -16,    0,    0,    0,    0,    0,    0,    0,    0,    0,    0,    0,    0,    0,    0,    0,    0,    0,    0,    0,    0,    0,    0,    0,    0,    0,    0,   -3,    0,    0,    0,   -3,   -3,  -16,    0,    0,    0,    0,    0,    0,   -1,   -1,    0,    0,    0,   -3,   -3,    0,   -3,   -3,    0,    0,    0,    0,   -9,    0,    0,  -10,    0,    0,    0,    0,    0,    0,    0,    0,    0,    0,    0,    0,   -3,    0,    0,    0,    0,    0,  -16,    0,    0,    0,    0,    0,    0,    0,    0,
};

static const EpdLigaturePair literata_18_boldLigaturePairs[] = {
    { 0x00660069, 0xFB01 }, // f i -> U+FB01
    { 0x0066006C, 0xFB02 }, // f l -> U+FB02
};

static const EpdFontData literata_18_bold = {
    literata_18_boldBitmaps,
    literata_18_boldGlyphs,
    literata_18_boldIntervals,
    40,
    56,
    45,
    -12,
    true,
    literata_18_boldGroups,
    9,
    nullptr,
    literata_18_boldKernLeftClasses,
    literata_18_boldKernRightClasses,
    literata_18_boldKernMatrix,
    441,
    387,
    104,
    145,
    literata_18_boldLigaturePairs,
    2,
};
