/**
 * generated by fontconvert.py
 * name: literata_10_bold
 * size: 10
 * mode: 2-bit  compressed: true
 * Command used: fontconvert.py literata_10_bold 10 ..\builtinFonts\source\Literata\Literata-Bold.ttf --2bit --compress --pnum
 */
#pragma once
#include "EpdFontData.h"

static const uint8_t literata_10_boldBitmaps[12261] = {
    0x8D, 0x57, 0xBD, 0x8F, 0x1D, 0xB7, 0x11, 0x9F, 0x7D, 0x9B, 0x68, 0x21, 0x6C, 0x41, 0x15, 0x41,
    0x00, 0x23, 0x81, 0xB6, 0x71, 0x21, 0x18, 0xB0, 0x98, 0xC2, 0x40, 0xAE, 0xB8, 0x7B, 0x5C, 0xC3,
    0x85, 0x8B, 0x34, 0x6E, 0x52, 0x39, 0x30, 0x52, 0xA6, 0x53, 0xA3, 0xE2, 0x8A, 0x27, 0x71, 0x6D,
    0x15, 0x2E, 0xDC, 0xDC, 0x1F, 0x90, 0x42, 0xFF, 0x40, 0x90, 0x14, 0x02, 0x72, 0x40, 0xCE, 0x47,
    0xDE, 0x1D, 0x90, 0x2B, 0x45, 0x23, 0x85, 0x4A, 0xD1, 0x8A, 0x00, 0x05, 0x51, 0x71, 0x74, 0xB4,
    0xB2, 0xF7, 0x62, 0xEE, 0x32, 0xBF, 0xE1, 0xBE, 0x3B, 0x4B, 0x27, 0x5B, 0xCE, 0x23, 0x87, 0x6F,
    0xB9, 0xCB, 0x8F, 0xE1, 0x7C, 0xFC, 0x66, 0x28, 0x49, 0x77, 0xBA, 0x53, 0xAD, 0x22, 0x45, 0x92,
    0xAE, 0xD3, 0xD5, 0x5C, 0x08, 0xCF, 0xBA, 0x95, 0xB4, 0xDA, 0xDD, 0x8B, 0xAB, 0xDD, 0x8D, 0x9B,
    0xEF, 0xFC, 0x8A, 0xB6, 0xAF, 0x13, 0xED, 0xBE, 0x4D, 0x74, 0x6F, 0x8B, 0x9A, 0x94, 0x82, 0x4C,
    0xC9, 0x53, 0x58, 0x51, 0xE1, 0xB7, 0x49, 0xA5, 0xE4, 0x74, 0x4A, 0xB6, 0x74, 0x81, 0x4A, 0x3B,
    0x13, 0x96, 0x42, 0x2D, 0xCC, 0xEF, 0xEA, 0x14, 0x1B, 0x3B, 0xCA, 0x76, 0x4B, 0x75, 0x6F, 0xC8,
    0x1E, 0x73, 0xBB, 0x2A, 0x0D, 0x64, 0x46, 0xBA, 0x94, 0x36, 0xC8, 0x6C, 0x91, 0x51, 0xED, 0xA8,
    0x52, 0xDC, 0x30, 0x7E, 0x9E, 0x92, 0x7F, 0xF5, 0x50, 0xF4, 0xA4, 0x6E, 0x97, 0x81, 0xB6, 0x64,
    0x6D, 0xE9, 0x96, 0x14, 0x1D, 0x1A, 0x49, 0xA4, 0x96, 0xB7, 0x88, 0xC4, 0x10, 0x31, 0xE6, 0xDD,
    0xDE, 0x38, 0x2A, 0xFF, 0xF3, 0x4D, 0xA0, 0xFA, 0xE8, 0xCB, 0x9E, 0xC4, 0x9D, 0xAF, 0x30, 0x65,
    0x91, 0x02, 0xDD, 0x22, 0xD3, 0x71, 0xA5, 0x12, 0x1D, 0xAA, 0xFC, 0x80, 0xF5, 0xEC, 0x2E, 0x3F,
    0x05, 0x49, 0xE5, 0x73, 0x97, 0x3A, 0x4A, 0xC5, 0x89, 0x2D, 0xD3, 0xD1, 0xA7, 0xAD, 0xF8, 0xF3,
    0x93, 0x96, 0x54, 0x9D, 0xB0, 0x72, 0x39, 0xA1, 0x21, 0x7E, 0xB2, 0xDA, 0xB5, 0x22, 0x7D, 0x93,
    0xBA, 0x45, 0x6A, 0x3F, 0xA7, 0xD5, 0xDE, 0x6A, 0xE3, 0x1D, 0xEC, 0xB7, 0x41, 0xFD, 0x22, 0x54,
    0x4E, 0x58, 0x61, 0x65, 0xA7, 0x58, 0x64, 0xEB, 0x22, 0xBB, 0x06, 0xEF, 0x84, 0xAB, 0xFC, 0x22,
    0x50, 0x4F, 0xDB, 0x74, 0x85, 0xD0, 0x6C, 0x41, 0x84, 0xA2, 0x13, 0xB6, 0xF6, 0x55, 0xA8, 0x42,
    0xD9, 0xAF, 0x4B, 0xE0, 0x5E, 0xCD, 0xAB, 0x74, 0x12, 0x63, 0xF2, 0x60, 0xCF, 0x75, 0xF3, 0x41,
    0xAB, 0x52, 0x5B, 0xE2, 0x0C, 0xA9, 0xDD, 0x7A, 0xD2, 0x16, 0x78, 0x19, 0xD6, 0x55, 0xB3, 0x78,
    0xFD, 0x79, 0x17, 0x75, 0x49, 0xA6, 0xD5, 0xAD, 0x80, 0xA6, 0x36, 0xB1, 0x80, 0xEA, 0x55, 0x7F,
    0x1D, 0xFA, 0xD2, 0xED, 0x12, 0x87, 0xF6, 0x54, 0x59, 0x1C, 0x98, 0x44, 0x4B, 0x0D, 0x61, 0x24,
    0x76, 0xA1, 0x3D, 0xA2, 0x81, 0x8A, 0x40, 0x60, 0xB0, 0x74, 0xFC, 0x1D, 0xF2, 0xC4, 0x77, 0x99,
    0xBF, 0xAF, 0xF2, 0x77, 0x96, 0x58, 0x95, 0x20, 0xC7, 0x83, 0x48, 0xB2, 0xDB, 0x27, 0xD5, 0xEA,
    0x4C, 0xE7, 0x65, 0xDD, 0x67, 0x92, 0x76, 0x9F, 0x84, 0x8B, 0x18, 0x1F, 0xF2, 0xBC, 0x9F, 0xFF,
    0x85, 0x34, 0x54, 0xDB, 0x53, 0xF9, 0xDA, 0x2A, 0x27, 0x1C, 0xA5, 0xBD, 0x34, 0xB5, 0x32, 0xB9,
    0x5B, 0x75, 0xD8, 0xAF, 0xFA, 0xAD, 0xAA, 0xA7, 0x2A, 0x90, 0xF0, 0xD4, 0x58, 0xEC, 0x40, 0x23,
    0x86, 0xBD, 0x29, 0xEC, 0xAE, 0xFA, 0xED, 0xA0, 0x53, 0x8F, 0x0A, 0x0D, 0x34, 0xC9, 0xAB, 0xAA,
    0x57, 0x65, 0x7F, 0xBD, 0xCC, 0x83, 0x31, 0x32, 0xB5, 0x84, 0x9D, 0xAB, 0x81, 0x16, 0x11, 0x75,
    0xA3, 0xC2, 0x60, 0x5F, 0x4F, 0x2D, 0xD1, 0x07, 0x50, 0x75, 0x4F, 0xCC, 0x09, 0x84, 0x42, 0xF4,
    0xB7, 0x9E, 0x8A, 0x27, 0xD8, 0xFA, 0x18, 0xC7, 0x7A, 0xBF, 0xA7, 0xEB, 0xD8, 0x6D, 0x13, 0x64,
    0x52, 0x6A, 0x41, 0xB0, 0x08, 0x1E, 0x7B, 0x4A, 0xE0, 0x8A, 0x44, 0x0A, 0x0D, 0x57, 0x7F, 0x75,
    0x36, 0xDD, 0x7D, 0x30, 0xE9, 0x2F, 0x63, 0xB1, 0x72, 0xA0, 0x32, 0xA2, 0xBD, 0x52, 0x0E, 0xDB,
    0x75, 0x80, 0x2A, 0x6A, 0xD8, 0xC9, 0x0D, 0xBF, 0x48, 0x63, 0xED, 0x6F, 0x37, 0x76, 0x25, 0x3B,
    0x52, 0x1F, 0xEE, 0xA8, 0x34, 0xE8, 0xC3, 0xA8, 0xDB, 0x51, 0xD3, 0xBE, 0xA2, 0x09, 0x36, 0xDD,
    0x1C, 0x44, 0xAC, 0x59, 0xA4, 0x4E, 0xA7, 0x88, 0xBA, 0xA2, 0xE1, 0x26, 0xCC, 0x19, 0x7A, 0x69,
    0x30, 0x81, 0xE8, 0x36, 0xD1, 0xE7, 0x44, 0x91, 0x6B, 0x91, 0xEB, 0x82, 0x6D, 0x9A, 0x8A, 0xB4,
    0x23, 0xD2, 0x20, 0x3F, 0x8E, 0xAA, 0x8D, 0xAA, 0x8B, 0xF2, 0x51, 0x2F, 0xE0, 0x57, 0x29, 0x88,
    0x87, 0x51, 0x15, 0xD3, 0x6D, 0x32, 0xFB, 0xB4, 0xAF, 0xDF, 0x1D, 0x65, 0x1A, 0x2E, 0x65, 0xF3,
    0xC4, 0x16, 0xEA, 0x93, 0x41, 0x15, 0x51, 0x13, 0xEA, 0xA8, 0x8B, 0x51, 0xDD, 0x19, 0x9B, 0x34,
    0x2E, 0x86, 0x79, 0xD1, 0xE1, 0x5A, 0x15, 0x54, 0xE6, 0xF9, 0xDC, 0x40, 0xF2, 0xEF, 0xAC, 0xC7,
    0x86, 0x64, 0xCE, 0xDF, 0xD2, 0x05, 0xC3, 0xE2, 0x5F, 0x09, 0x33, 0xB1, 0xC5, 0x44, 0x22, 0xB0,
    0x82, 0x50, 0xF1, 0x80, 0x2E, 0x5E, 0x52, 0x05, 0x1F, 0x83, 0xEC, 0x3C, 0x36, 0x98, 0x67, 0xAB,
    0xD9, 0x50, 0x89, 0x6E, 0x12, 0xED, 0x63, 0x88, 0xA7, 0xC5, 0x88, 0x11, 0x1D, 0x2A, 0x1E, 0x1A,
    0x4F, 0x26, 0x7F, 0xC2, 0x2F, 0xEB, 0x35, 0x2C, 0xCF, 0xF5, 0x8A, 0x45, 0x95, 0xE5, 0x39, 0x90,
    0x02, 0x94, 0x72, 0x37, 0x0F, 0xCA, 0xFA, 0x45, 0x4B, 0x97, 0x26, 0xEC, 0x64, 0x12, 0xAB, 0x01,
    0x1C, 0xC0, 0x76, 0x6B, 0x2B, 0xAB, 0xE1, 0x3D, 0xB7, 0x29, 0xD3, 0x17, 0x7E, 0x5B, 0x55, 0x07,
    0xFE, 0xDE, 0x9E, 0xE0, 0xA6, 0x39, 0x74, 0xFD, 0xDE, 0xAF, 0x8F, 0xED, 0x3D, 0xFD, 0x2C, 0xB5,
    0xBB, 0xCD, 0x27, 0xA7, 0x6C, 0xDC, 0xD9, 0xC8, 0xE1, 0x0C, 0x0E, 0xC2, 0xAF, 0xA0, 0x7A, 0x62,
    0x63, 0x25, 0xDE, 0x32, 0x93, 0xC4, 0x06, 0x4B, 0xEC, 0xB3, 0x02, 0xAB, 0xBB, 0x38, 0x58, 0x30,
    0xF0, 0x14, 0xD5, 0x2E, 0xBC, 0xEA, 0x4A, 0x80, 0x5A, 0xF5, 0x6F, 0xE3, 0xEA, 0x4E, 0x78, 0x41,
    0xD0, 0xFE, 0x8E, 0x1C, 0x71, 0xDC, 0x89, 0xB1, 0xCF, 0x24, 0x9C, 0xC8, 0x26, 0x90, 0x99, 0x09,
    0x7E, 0x03, 0xF3, 0x01, 0x0D, 0xEB, 0x77, 0x0A, 0xB8, 0xA0, 0xEC, 0xFC, 0x0F, 0x29, 0xA7, 0x89,
    0x52, 0x7A, 0x8C, 0xFD, 0xBE, 0xB6, 0x05, 0xAF, 0xDB, 0x03, 0x05, 0x5C, 0xE9, 0x21, 0x5C, 0xEC,
    0x44, 0x2D, 0x88, 0xCE, 0xC9, 0x66, 0xF9, 0xB2, 0x5F, 0xB4, 0xF5, 0xB0, 0x08, 0x0B, 0x8C, 0x27,
    0x79, 0x9A, 0xE7, 0xB3, 0xE1, 0x36, 0x56, 0x63, 0x5D, 0xE1, 0x1B, 0x5B, 0x87, 0x06, 0x2B, 0x5D,
    0xA0, 0x30, 0xBF, 0x17, 0x0E, 0xE3, 0x3A, 0xE6, 0x33, 0xA5, 0x1D, 0x50, 0x5C, 0xF3, 0xBC, 0x04,
    0x5D, 0x05, 0xFD, 0x04, 0x04, 0x73, 0x3C, 0x04, 0xA5, 0x35, 0x1D, 0x80, 0xEC, 0x4F, 0x41, 0x02,
    0x24, 0xF3, 0x5E, 0x29, 0xF3, 0x1D, 0x31, 0x15, 0x33, 0x31, 0xB1, 0xB1, 0x97, 0x1B, 0xDB, 0x35,
    0x07, 0xAE, 0x49, 0xB9, 0x1E, 0x3A, 0xEE, 0xF2, 0x3C, 0x32, 0x03, 0x61, 0x03, 0x30, 0xEA, 0x70,
    0x40, 0x87, 0x03, 0x7A, 0xE1, 0x16, 0x01, 0x07, 0x09, 0x38, 0xD4, 0x07, 0xDF, 0x1D, 0x50, 0x4D,
    0x10, 0xCB, 0x28, 0x6D, 0x19, 0x1A, 0x5F, 0x86, 0xBA, 0xAF, 0xF8, 0x80, 0x81, 0x6E, 0x0C, 0x21,
    0x0D, 0x10, 0xEE, 0xA0, 0xC6, 0xF5, 0xC1, 0x5E, 0xA6, 0x94, 0x66, 0xBA, 0xF0, 0x5E, 0x3F, 0x6E,
    0x4E, 0xE7, 0x79, 0x66, 0x68, 0xEC, 0xF7, 0x15, 0xD3, 0x73, 0xC4, 0x01, 0xF8, 0x8C, 0xD0, 0xE1,
    0xF7, 0x56, 0x05, 0xDD, 0xD6, 0xE1, 0xB6, 0x70, 0x2A, 0x75, 0x35, 0xE4, 0x35, 0xE8, 0x60, 0x7A,
    0x8D, 0xE5, 0x1B, 0x9C, 0x6B, 0x05, 0xB9, 0x00, 0xDD, 0x8E, 0x1D, 0x35, 0x0F, 0xED, 0x5A, 0xC7,
    0x80, 0xA1, 0x7F, 0x40, 0xDF, 0x87, 0x67, 0x36, 0xA0, 0x2D, 0xBC, 0x36, 0xA6, 0xA1, 0x1E, 0x58,
    0xCC, 0x6C, 0x01, 0x3F, 0x54, 0xAF, 0x66, 0x31, 0xDE, 0x86, 0x3C, 0x53, 0x1A, 0x25, 0xE6, 0xC7,
    0x66, 0x22, 0x19, 0xCB, 0x44, 0xCA, 0x97, 0xC0, 0x25, 0x5F, 0x9E, 0xD8, 0x6F, 0x43, 0x79, 0xFF,
    0xE0, 0x29, 0x9A, 0x47, 0xC7, 0xA1, 0x3A, 0x7E, 0x86, 0xE6, 0x28, 0xBD, 0x1F, 0xAA, 0xC3, 0x84,
    0xE0, 0xD1, 0x4D, 0x10, 0x59, 0x17, 0xCB, 0xBE, 0xEE, 0xFE, 0x50, 0xF6, 0x70, 0xB1, 0x66, 0x52,
    0x1C, 0x34, 0x92, 0x17, 0x93, 0xE9, 0xEB, 0xB1, 0x89, 0x45, 0x68, 0x46, 0x50, 0x02, 0xE9, 0x8F,
    0x43, 0x23, 0x0F, 0x42, 0x23, 0xBE, 0x0A, 0x4D, 0xFD, 0x3C, 0x34, 0xE5, 0x18, 0x9A, 0x02, 0x22,
    0x24, 0x03, 0x52, 0xC1, 0xB8, 0x26, 0x60, 0x5E, 0x60, 0x10, 0xCC, 0x36, 0x19, 0x44, 0x80, 0x4D,
    0x0E, 0xD2, 0x2E, 0x80, 0x3E, 0xC0, 0x92, 0x17, 0xC9, 0x16, 0x91, 0xDF, 0x37, 0x0E, 0x5B, 0x43,
    0xB5, 0x50, 0x59, 0x37, 0xDB, 0xA4, 0xCF, 0xAE, 0xF9, 0x9D, 0x2F, 0xE8, 0x35, 0xB1, 0x4F, 0x8C,
    0xB3, 0x3F, 0x60, 0x28, 0x0E, 0x7F, 0x4E, 0xE6, 0x5F, 0x94, 0x2D, 0x85, 0x9A, 0x91, 0xF2, 0xC6,
    0x40, 0x62, 0x70, 0x81, 0xAD, 0x79, 0x1D, 0xE0, 0x16, 0xEC, 0x64, 0xE4, 0x66, 0x7A, 0xB1, 0x79,
    0xD8, 0x8D, 0x24, 0xD3, 0x57, 0x11, 0x6E, 0x81, 0x35, 0x6B, 0xE8, 0x87, 0xB2, 0x63, 0xE0, 0x25,
    0x1A, 0x2C, 0xF1, 0x33, 0xC6, 0x95, 0x81, 0x31, 0x69, 0xC6, 0xA3, 0x97, 0xDD, 0x54, 0xB7, 0x33,
    0x7B, 0xCC, 0x52, 0x3F, 0xB3, 0x84, 0xB8, 0xD0, 0x1C, 0xC6, 0x99, 0x4D, 0x3B, 0x65, 0x96, 0xCD,
    0xA0, 0x02, 0x32, 0x16, 0x5F, 0x98, 0x3F, 0x52, 0x9D, 0xE7, 0x7E, 0x8E, 0x70, 0xF8, 0x36, 0xDC,
    0xF1, 0x72, 0x46, 0x0A, 0x98, 0x3C, 0x40, 0x04, 0x70, 0x01, 0x7B, 0xC2, 0x03, 0x5D, 0x03, 0xA6,
    0x6D, 0x11, 0x87, 0x45, 0x30, 0x8C, 0xCD, 0x37, 0xCD, 0x0E, 0x2B, 0x63, 0x60, 0x5A, 0x0A, 0x1F,
    0x57, 0xC2, 0xAF, 0xB6, 0x85, 0xDF, 0x64, 0x5F, 0x7E, 0x2D, 0x21, 0x23, 0x02, 0xC3, 0xA4, 0xC6,
    0x2A, 0xC9, 0x58, 0x4D, 0x30, 0xCB, 0x1E, 0x14, 0x5E, 0x47, 0x55, 0x5F, 0x84, 0x72, 0xFA, 0x90,
    0xBD, 0x6D, 0x56, 0x45, 0x84, 0x09, 0xC4, 0x7A, 0x12, 0xBE, 0x80, 0x22, 0x0B, 0x24, 0x1E, 0x25,
    0x94, 0x59, 0xDA, 0x32, 0x56, 0x5D, 0x11, 0x11, 0xEF, 0x27, 0x81, 0x7D, 0x10, 0xE0, 0xF4, 0x26,
    0xDC, 0x70, 0x6F, 0x86, 0xBE, 0x66, 0x86, 0xC1, 0x14, 0xE1, 0x71, 0xD1, 0x44, 0xD1, 0x37, 0x11,
    0x60, 0x87, 0x59, 0x02, 0xFD, 0x12, 0x7E, 0x08, 0x6E, 0xBA, 0x2A, 0x6C, 0x8D, 0x35, 0x92, 0x93,
    0xCD, 0x09, 0xED, 0xB0, 0x6D, 0x04, 0x90, 0xF9, 0x9E, 0x16, 0x08, 0x31, 0x41, 0x7D, 0x44, 0x34,
    0x06, 0xF5, 0x27, 0x70, 0xEF, 0x25, 0xCB, 0xC5, 0x35, 0x68, 0xB5, 0x15, 0x03, 0xE3, 0x18, 0x02,
    0xA8, 0x19, 0x05, 0xAF, 0x1B, 0x45, 0xA8, 0xC0, 0x09, 0x73, 0x01, 0x38, 0xD6, 0x18, 0x23, 0xD7,
    0x00, 0xCC, 0x23, 0x97, 0x38, 0xFD, 0x60, 0x90, 0x9F, 0x60, 0x0A, 0x80, 0xCD, 0x78, 0x00, 0x6D,
    0xAF, 0x27, 0x68, 0x62, 0x34, 0x20, 0x11, 0x4A, 0x5F, 0xF5, 0x67, 0xF3, 0x71, 0x02, 0x03, 0x5C,
    0x57, 0x67, 0xDC, 0x5F, 0x90, 0xA4, 0x3E, 0xCD, 0xD6, 0x85, 0x0C, 0xD5, 0x81, 0x00, 0x63, 0xAA,
    0x5B, 0x22, 0xAF, 0xDB, 0xE2, 0x58, 0x84, 0x9C, 0x21, 0xEF, 0xC9, 0x08, 0x6B, 0xDA, 0x1C, 0xC8,
    0xCA, 0xB8, 0x70, 0x75, 0x5F, 0xBA, 0xC6, 0xD7, 0x70, 0xFF, 0x64, 0x99, 0xDE, 0xDA, 0x51, 0x61,
    0xCE, 0x89, 0x7F, 0xA4, 0x78, 0x15, 0xF6, 0x72, 0x06, 0xB5, 0xE4, 0x94, 0x99, 0x73, 0x2A, 0x44,
    0x27, 0xE4, 0x57, 0xC8, 0xB2, 0x90, 0x6B, 0x21, 0xE3, 0xE2, 0xF0, 0xB5, 0x97, 0x73, 0x30, 0x8C,
    0x68, 0xF2, 0x08, 0x0E, 0x43, 0x18, 0xE1, 0xDF, 0xDA, 0xD1, 0xFE, 0x17, 0xBE, 0xFA, 0xD1, 0xA2,
    0x51, 0x78, 0x81, 0x04, 0x57, 0xE9, 0xCA, 0x6F, 0x9D, 0x38, 0x0A, 0xB2, 0x1D, 0x96, 0x74, 0xEB,
    0x97, 0xF4, 0xE6, 0x6C, 0xE5, 0x40, 0xC5, 0x0D, 0xA4, 0x13, 0x8A, 0x6A, 0x04, 0x92, 0x4B, 0x88,
    0x70, 0xC8, 0x5D, 0x68, 0x89, 0x5C, 0xE9, 0x0D, 0xA4, 0x1C, 0x85, 0x09, 0x19, 0xB0, 0xD4, 0x1D,
    0x10, 0xFA, 0xEA, 0xFD, 0x0C, 0x17, 0x54, 0xFB, 0x89, 0x0C, 0x8B, 0x61, 0xED, 0x94, 0xE2, 0x8C,
    0x8E, 0x07, 0x64, 0x43, 0xC8, 0x88, 0x02, 0x42, 0xAD, 0x53, 0x48, 0x61, 0xA5, 0x5D, 0x13, 0x9E,
    0xD1, 0x77, 0x06, 0xDF, 0x47, 0x12, 0x37, 0x1E, 0x63, 0xED, 0xAE, 0x66, 0x44, 0x1E, 0xD4, 0xC7,
    0x83, 0x6A, 0xEF, 0x22, 0xAF, 0x51, 0x2D, 0x7B, 0xAB, 0x74, 0x6F, 0x22, 0x8D, 0x41, 0x32, 0x83,
    0x1C, 0x9C, 0x32, 0x71, 0xE8, 0x5F, 0x53, 0xC1, 0x9B, 0xA7, 0x19, 0x2D, 0x54, 0x07, 0x6A, 0x5F,
    0x20, 0xF4, 0xA5, 0xE5, 0x74, 0x2C, 0xD9, 0xC5, 0xA8, 0x5C, 0xDE, 0xA0, 0x47, 0x6C, 0xE5, 0x7C,
    0x28, 0xE5, 0xBA, 0xDE, 0xE0, 0x9A, 0x48, 0x91, 0x37, 0x30, 0xAE, 0x4C, 0x88, 0x20, 0x43, 0xED,
    0xEF, 0xD6, 0x1E, 0x07, 0x43, 0xBE, 0xD5, 0xE2, 0xE1, 0xD5, 0x2A, 0xFF, 0x8B, 0xAF, 0x7C, 0xB7,
    0x68, 0x39, 0xB8, 0x2E, 0xD2, 0x5F, 0xDB, 0x59, 0x2A, 0x03, 0x6E, 0x0D, 0x71, 0xA6, 0x3B, 0x7D,
    0x86, 0x77, 0xB1, 0xDF, 0xB2, 0xB6, 0x20, 0xC5, 0xC7, 0x59, 0x12, 0x0A, 0x4C, 0xEF, 0xC3, 0xC7,
    0x0D, 0x54, 0x00, 0x0E, 0xC0, 0xFC, 0x4E, 0x86, 0x18, 0x7D, 0xD1, 0x8D, 0x9F, 0x9C, 0x49, 0x4E,
    0xB5, 0x02, 0x41, 0xFD, 0xFB, 0x48, 0xF6, 0xC6, 0xAB, 0x88, 0x84, 0xCE, 0x36, 0x9E, 0xA5, 0x4D,
    0x6C, 0x43, 0x5E, 0xF8, 0xFA, 0x85, 0x22, 0x07, 0x1D, 0x21, 0x6D, 0x37, 0x7F, 0xD7, 0x4E, 0x23,
    0x51, 0x78, 0xA5, 0xD8, 0xA6, 0x53, 0x30, 0xBC, 0x2B, 0x99, 0x0B, 0xF5, 0x0A, 0xA0, 0x24, 0x07,
    0x82, 0x27, 0xDD, 0x22, 0xF1, 0x25, 0x90, 0xF5, 0x09, 0x52, 0xFE, 0x13, 0x47, 0xE2, 0x29, 0x9E,
    0xFF, 0x99, 0x11, 0x94, 0x24, 0x00, 0x54, 0x03, 0xE9, 0xD8, 0xBC, 0xC4, 0x0F, 0x14, 0xE6, 0x44,
    0x1D, 0x0F, 0x8D, 0x23, 0x79, 0x92, 0x4C, 0xCF, 0xA0, 0x0B, 0xBC, 0x44, 0xBC, 0x7C, 0x17, 0xAD,
    0x7F, 0x5D, 0x8B, 0x73, 0x1E, 0x4D, 0xAD, 0x1A, 0xD2, 0x83, 0xD4, 0xAA, 0xBF, 0x47, 0x9E, 0x8F,
    0xD9, 0xAA, 0x05, 0x9E, 0x74, 0x38, 0xE1, 0x2B, 0x24, 0x87, 0x59, 0x2E, 0x05, 0x2E, 0x75, 0x75,
    0x0E, 0x27, 0x0C, 0xFB, 0xF9, 0xBA, 0xB1, 0xBE, 0x66, 0xE9, 0xDC, 0x97, 0x0E, 0xA9, 0x28, 0x70,
    0x96, 0x55, 0xAF, 0x61, 0xA9, 0xFA, 0x24, 0xCB, 0x1B, 0xB2, 0x85, 0x85, 0x3A, 0x99, 0x93, 0x9E,
    0xF9, 0x5F, 0xE1, 0xF4, 0xB0, 0x60, 0xA4, 0x2F, 0xE2, 0x04, 0x09, 0x26, 0xF4, 0x75, 0x46, 0x7A,
    0x9C, 0xA9, 0x48, 0x1F, 0xFD, 0x3F, 0x86, 0x88, 0x24, 0xD6, 0xBC, 0x64, 0xC0, 0xC0, 0x7D, 0xDC,
    0xB0, 0x80, 0x14, 0xC7, 0xBD, 0x3A, 0x01, 0x62, 0x02, 0x3A, 0x87, 0x8B, 0xC6, 0x76, 0xCA, 0xC6,
    0x56, 0x9D, 0x72, 0x8A, 0xA4, 0x2A, 0xA7, 0x0A, 0x87, 0x37, 0x98, 0x82, 0x9B, 0xC3, 0x66, 0x19,
    0x96, 0x25, 0x72, 0x66, 0xBB, 0x9C, 0xA8, 0xD8, 0x61, 0xA4, 0x40, 0x05, 0x5B, 0xB0, 0x5B, 0x54,
    0x91, 0x9F, 0x5F, 0xAA, 0x9E, 0x27, 0x2E, 0x90, 0xBE, 0x1C, 0x24, 0xD2, 0x5F, 0x80, 0x25, 0xA7,
    0x41, 0xEA, 0x02, 0xE1, 0xDD, 0x73, 0x58, 0x7E, 0x32, 0x7E, 0x31, 0x4A, 0x8F, 0x94, 0x87, 0xD3,
    0x1E, 0x24, 0x66, 0x6F, 0x13, 0x47, 0x9F, 0x3A, 0x6C, 0xE3, 0x6A, 0x75, 0x0F, 0x09, 0x34, 0x00,
    0x61, 0x84, 0x85, 0xA4, 0xB5, 0xE7, 0xC3, 0x9D, 0x4C, 0x30, 0x75, 0x34, 0x21, 0xFD, 0x06, 0xE9,
    0x53, 0xFA, 0xC4, 0x89, 0x2F, 0xD2, 0x91, 0xAD, 0x1F, 0x3D, 0x3C, 0xEA, 0xAA, 0x67, 0xF7, 0x1F,
    0xB4, 0xE5, 0xB3, 0xCF, 0x9E, 0x52, 0xF9, 0xED, 0xA7, 0x60, 0x36, 0xBD, 0xC7, 0x31, 0x8A, 0x73,
    0xF2, 0x84, 0x18, 0x6D, 0x9E, 0xA7, 0x4C, 0xC2, 0xE3, 0x5A, 0xF6, 0xB5, 0x67, 0x70, 0xCA, 0x98,
    0xCA, 0x4B, 0x97, 0x0F, 0x61, 0x67, 0xEF, 0x45, 0xD2, 0x9F, 0x21, 0xA3, 0xB9, 0x9F, 0x3A, 0x66,
    0x47, 0xF7, 0xE6, 0x9C, 0x9D, 0x2A, 0xDC, 0x04, 0x3B, 0x88, 0xDF, 0xF1, 0x65, 0x56, 0x18, 0x43,
    0xF9, 0xFA, 0xB5, 0x42, 0x80, 0xDA, 0xC3, 0x95, 0x7D, 0x9F, 0xF3, 0x73, 0xCE, 0x19, 0x53, 0xAF,
    0x52, 0xD8, 0x14, 0x7E, 0x43, 0xDA, 0x2B, 0x9A, 0xF8, 0x9E, 0x88, 0x0C, 0x20, 0x6C, 0x34, 0xB8,
    0x2A, 0xF2, 0xA7, 0x7E, 0x11, 0xEB, 0xC8, 0x37, 0x73, 0xDC, 0xB7, 0xDD, 0x5C, 0x84, 0xE5, 0x1B,
    0x8E, 0x70, 0xDF, 0xF5, 0xF3, 0xD7, 0xB8, 0x88, 0x7B, 0xAF, 0xFE, 0x60, 0x5F, 0x6E, 0x06, 0xDB,
    0x3C, 0x14, 0x05, 0x09, 0x0E, 0x86, 0x72, 0x06, 0x3B, 0x2F, 0x31, 0x7F, 0x55, 0x0E, 0x17, 0x20,
    0xB0, 0xB4, 0x73, 0x17, 0xF7, 0x9C, 0xDF, 0xDF, 0xB0, 0xFF, 0x03, 0xAD, 0x58, 0xBF, 0x6F, 0xDD,
    0xC8, 0x11, 0x1E, 0x92, 0x96, 0x69, 0x60, 0x0F, 0x5E, 0x17, 0x71, 0x90, 0xC0, 0xB0, 0xD6, 0xC5,
    0x15, 0x06, 0x22, 0x8B, 0xCD, 0x15, 0x2E, 0xDE, 0x7B, 0x4B, 0x5F, 0x10, 0xA4, 0xB8, 0x26, 0x01,
    0xD2, 0x05, 0x48, 0x02, 0xA4, 0xB8, 0x74, 0x6A, 0x54, 0x08, 0x81, 0x24, 0x52, 0x76, 0x99, 0xC2,
    0xFE, 0x0F, 0x92, 0xBF, 0x20, 0x56, 0x3A, 0x01, 0x91, 0xC5, 0xD5, 0x19, 0xC8, 0x15, 0x6E, 0xE8,
    0x34, 0x69, 0xF7, 0xCE, 0x3E, 0x04, 0x08, 0x82, 0x78, 0xEF, 0x44, 0x07, 0x14, 0x40, 0x72, 0xF3,
    0xCD, 0xF2, 0xE9, 0x47, 0x9C, 0xE4, 0x7C, 0xF2, 0x0B, 0xB9, 0xB3, 0x7C, 0x24, 0x77, 0x3F, 0xEE,
    0xEE, 0x7C, 0x33, 0x3B, 0xF3, 0x32, 0x2A, 0x72, 0x4D, 0xE3, 0xB1, 0x1C, 0xCE, 0x55, 0xD2, 0xE1,
    0x2C, 0xF2, 0xF0, 0x46, 0x12, 0x29, 0x8A, 0xBD, 0x95, 0x75, 0x9B, 0xED, 0x74, 0xFA, 0x5E, 0x8B,
    0x67, 0x3A, 0x0F, 0xA5, 0xA4, 0xAC, 0x7E, 0x5F, 0xFA, 0x36, 0xF2, 0x8F, 0xA8, 0x21, 0xFA, 0x11,
    0x51, 0x65, 0x29, 0xF5, 0x1D, 0x49, 0xFB, 0x84, 0x94, 0xE9, 0x21, 0xBF, 0x82, 0x00, 0xC3, 0x12,
    0x15, 0xDE, 0x41, 0x2C, 0xC5, 0x2D, 0x41, 0x22, 0x4A, 0x1A, 0x49, 0xA9, 0x2D, 0x28, 0xF3, 0x03,
    0x69, 0x08, 0x8E, 0xDB, 0xF4, 0xFE, 0x6C, 0x68, 0x95, 0x77, 0xF2, 0xA9, 0xCB, 0xBE, 0xCF, 0x45,
    0x3D, 0x75, 0xB8, 0xD5, 0x43, 0x7B, 0x9B, 0x3E, 0x40, 0x83, 0xAA, 0x97, 0x43, 0x71, 0x2C, 0x7A,
    0xE1, 0x62, 0x9B, 0xB4, 0x89, 0x89, 0x3A, 0x51, 0xD2, 0x20, 0x49, 0x7A, 0x6D, 0xA5, 0x07, 0xB8,
    0x6C, 0x48, 0xE1, 0xCA, 0x42, 0xC2, 0x51, 0x90, 0xEC, 0x18, 0x1D, 0x07, 0xDA, 0x9F, 0x1F, 0x74,
    0xFA, 0x6B, 0x9F, 0x8A, 0x47, 0x98, 0x99, 0xA3, 0xE4, 0xB3, 0x86, 0x92, 0xCF, 0x71, 0xE5, 0x1E,
    0x3D, 0x7A, 0xF8, 0x92, 0xA6, 0xBA, 0x21, 0x8D, 0x1B, 0xBD, 0xE3, 0x49, 0x39, 0x9D, 0xA7, 0x83,
    0x02, 0xCC, 0xEF, 0xB1, 0x18, 0x18, 0x3F, 0x1A, 0xA6, 0x7F, 0x6E, 0x48, 0x7C, 0x82, 0x2B, 0xBE,
    0x14, 0xF9, 0x9C, 0x36, 0x33, 0x1A, 0x74, 0x8E, 0x3A, 0x1C, 0x6B, 0xC7, 0x94, 0x7C, 0xB1, 0x56,
    0x4A, 0x8A, 0xEC, 0x44, 0xFD, 0x7D, 0xFD, 0xEE, 0xD6, 0xE6, 0x64, 0xB7, 0x7D, 0x6F, 0x65, 0xB7,
    0xA1, 0x9B, 0x7F, 0x80, 0xE0, 0xBA, 0xB2, 0xDE, 0xBF, 0x37, 0x99, 0x14, 0xDD, 0xC6, 0xB2, 0xB0,
    0x4E, 0xD4, 0x37, 0x0C, 0x26, 0x37, 0x57, 0x03, 0xC9, 0x96, 0xA6, 0xDB, 0x34, 0xC9, 0x28, 0xC2,
    0xF2, 0x54, 0xB4, 0x95, 0x51, 0x51, 0x95, 0xD9, 0x6F, 0x0D, 0xBF, 0xDB, 0xBD, 0x1B, 0x7F, 0xD6,
    0xC8, 0x4F, 0xAD, 0xFE, 0xB9, 0xD1, 0x59, 0x99, 0x3D, 0x34, 0xE2, 0xA9, 0x8B, 0x5D, 0x83, 0xE7,
    0xC4, 0x6B, 0x6C, 0x79, 0x89, 0x93, 0x79, 0x89, 0x7B, 0xAC, 0x4C, 0x7E, 0xE7, 0x63, 0x33, 0xFB,
    0xB8, 0x9E, 0xDD, 0x30, 0xD3, 0x5F, 0x9A, 0xE5, 0x3F, 0xE6, 0x97, 0x31, 0xA7, 0x41, 0x0F, 0xC2,
    0xEA, 0x76, 0x32, 0xD1, 0x2D, 0x54, 0x83, 0x59, 0x87, 0x52, 0xF8, 0x9A, 0x7B, 0x9F, 0xDC, 0x8E,
    0xC7, 0x08, 0xA9, 0x1A, 0xDA, 0x3E, 0xA0, 0xBD, 0x19, 0x5D, 0x9B, 0x12, 0xB5, 0x94, 0xD4, 0x24,
    0x05, 0xB4, 0x86, 0xB7, 0x24, 0x5A, 0x9A, 0x1D, 0xD0, 0xE6, 0x8C, 0x68, 0x0B, 0x3A, 0xA5, 0xE8,
    0x00, 0xF4, 0xA0, 0x5F, 0x1F, 0xF0, 0x3A, 0x25, 0xA5, 0x34, 0xAA, 0x9C, 0xD0, 0x2D, 0xAA, 0xE2,
    0x6E, 0x2E, 0xED, 0xA9, 0x1C, 0x40, 0xB6, 0xE7, 0x52, 0xA4, 0x1D, 0x15, 0x83, 0xCF, 0x8B, 0x76,
    0x9B, 0x0A, 0xFE, 0xEA, 0x39, 0xB9, 0x0E, 0x49, 0x8F, 0x06, 0x7D, 0xD4, 0x17, 0x47, 0xCE, 0x9F,
    0x2B, 0xD5, 0x91, 0xD3, 0x47, 0x2E, 0x3D, 0x0A, 0x8A, 0x7B, 0xA3, 0x7C, 0x0F, 0xD3, 0x71, 0xAB,
    0x81, 0xC3, 0x33, 0xBA, 0x4A, 0xB2, 0x8E, 0x9C, 0xB6, 0x99, 0x59, 0x2A, 0x0B, 0xA3, 0x8C, 0x38,
    0x3D, 0xD5, 0xCB, 0xA2, 0xA3, 0xA0, 0xF4, 0x6C, 0x2D, 0x9F, 0x4A, 0xB3, 0x25, 0xB8, 0xCC, 0x64,
    0x99, 0x3D, 0xE6, 0x89, 0xE1, 0xB8, 0xBB, 0x42, 0x33, 0x95, 0xCB, 0xDF, 0xD4, 0xE2, 0x45, 0x93,
    0x7C, 0xD5, 0x8A, 0x17, 0x4E, 0x3D, 0x34, 0x53, 0x45, 0x1F, 0xAC, 0xF0, 0xDB, 0xA5, 0x32, 0xAC,
    0x91, 0x21, 0xE8, 0x1D, 0x44, 0xC7, 0xE2, 0x08, 0x43, 0xFB, 0x5C, 0x47, 0x0D, 0xD7, 0x50, 0x03,
    0xEA, 0xD4, 0x7C, 0x07, 0xB5, 0x2C, 0x61, 0x10, 0x2F, 0x33, 0x28, 0xA5, 0xE8, 0xA6, 0xE9, 0x13,
    0xF4, 0xEB, 0xAE, 0x6E, 0x11, 0x45, 0x6E, 0x82, 0x3A, 0xB1, 0xEB, 0x5B, 0xDC, 0xD4, 0x83, 0x7A,
    0x32, 0xBF, 0x8E, 0x45, 0xCC, 0x78, 0x41, 0xBF, 0x29, 0x3E, 0xD7, 0xF2, 0xFE, 0xC0, 0xF8, 0xF2,
    0xB1, 0x01, 0xBE, 0x44, 0x3B, 0xEA, 0x22, 0xD4, 0x91, 0x83, 0xFD, 0x32, 0x1F, 0x36, 0xB9, 0x51,
    0x5C, 0x43, 0x75, 0xB9, 0xF0, 0x35, 0x10, 0x25, 0xEA, 0x00, 0x88, 0x99, 0xAA, 0x9C, 0xB5, 0x08,
    0xD3, 0x86, 0x22, 0xD1, 0x10, 0x9F, 0x66, 0x9A, 0x37, 0xB1, 0xFB, 0x36, 0x34, 0x9A, 0xD4, 0x6C,
    0xF3, 0x18, 0x1C, 0xF4, 0xAA, 0x3E, 0x7C, 0x05, 0xD5, 0xCE, 0x92, 0x35, 0x34, 0xDA, 0xBF, 0xCA,
    0x74, 0x6F, 0x57, 0xB2, 0x9C, 0x62, 0xA7, 0x41, 0x9D, 0xB4, 0xBE, 0xBE, 0x96, 0x93, 0x0C, 0xC3,
    0xDD, 0xA7, 0x08, 0x84, 0xEE, 0x02, 0x89, 0x7E, 0x42, 0xB4, 0xC7, 0xBC, 0x81, 0xA6, 0x45, 0x43,
    0x99, 0xA5, 0xA2, 0xA4, 0x2A, 0xA9, 0x87, 0xC4, 0x55, 0x89, 0xD5, 0xAF, 0x0C, 0x1B, 0x1D, 0xAF,
    0x27, 0x9C, 0x0A, 0xA9, 0x9A, 0xD7, 0x64, 0x6E, 0x08, 0x6E, 0x94, 0x0C, 0x83, 0x99, 0x01, 0x6A,
    0x13, 0xED, 0xF6, 0xE0, 0x2A, 0x5C, 0x85, 0x26, 0x3A, 0x8F, 0xAD, 0x2E, 0x13, 0xEF, 0x4D, 0xFA,
    0xB7, 0xAA, 0x16, 0xA5, 0xB4, 0x12, 0xF6, 0x5E, 0x3C, 0xCA, 0x7A, 0x6F, 0x35, 0x1A, 0xC1, 0x20,
    0x22, 0xF4, 0x49, 0xB1, 0x50, 0x32, 0x5F, 0x1C, 0x2F, 0x31, 0x63, 0x5F, 0x8D, 0x7E, 0x7B, 0xAB,
    0x8B, 0xE3, 0xCD, 0x7E, 0x40, 0xC4, 0x6E, 0xEF, 0x5E, 0xBB, 0x38, 0xD6, 0x3E, 0xAC, 0xAF, 0x87,
    0xAD, 0xF0, 0x75, 0x51, 0x2C, 0x01, 0x4A, 0xDD, 0xD9, 0x20, 0x9A, 0x4C, 0x88, 0xA6, 0xB8, 0xF2,
    0xFD, 0xA2, 0x98, 0x99, 0xF7, 0x9E, 0xE8, 0x46, 0xA8, 0xD3, 0x67, 0x0E, 0xEA, 0x90, 0x1F, 0x39,
    0xB8, 0x6E, 0x25, 0x5C, 0x04, 0x34, 0xE1, 0x7E, 0x01, 0x3C, 0xE1, 0x80, 0x8E, 0x26, 0x0E, 0xFE,
    0x94, 0xEB, 0xD8, 0x0A, 0xB7, 0x8B, 0x65, 0x47, 0x9B, 0x1C, 0xB6, 0xEA, 0x12, 0x03, 0xE2, 0x3A,
    0x61, 0x2A, 0x0B, 0xB8, 0x12, 0xBB, 0x02, 0xDB, 0x4A, 0xF6, 0x4F, 0x13, 0xF1, 0x57, 0x1B, 0x51,
    0xCB, 0x3A, 0x81, 0x85, 0x47, 0x18, 0x07, 0xE5, 0x10, 0x3A, 0x15, 0x28, 0x2E, 0x83, 0x28, 0x4B,
    0xA5, 0xEC, 0x52, 0xC7, 0xA3, 0x84, 0xB3, 0xC1, 0x48, 0xF2, 0x71, 0x83, 0x60, 0xAA, 0xAB, 0x26,
    0xCC, 0x34, 0x36, 0xCC, 0x7A, 0x0A, 0xD4, 0x65, 0xB3, 0xE1, 0xC3, 0x63, 0x43, 0xAB, 0x3C, 0x6F,
    0x66, 0x33, 0xC8, 0x32, 0xE4, 0x12, 0xC4, 0x90, 0xFA, 0x04, 0xE2, 0xE7, 0x72, 0x08, 0x31, 0x4B,
    0x10, 0x09, 0xC9, 0xD0, 0xDE, 0xA3, 0x1F, 0xBE, 0x91, 0x94, 0xC1, 0x70, 0xE1, 0x88, 0x88, 0xB7,
    0xC8, 0x85, 0xF1, 0x26, 0x0C, 0x80, 0x0D, 0x14, 0x6D, 0xC4, 0x7D, 0xBB, 0x30, 0x9E, 0x78, 0x8A,
    0x3D, 0xF3, 0x2F, 0x2E, 0x5C, 0x17, 0xC5, 0xDA, 0x20, 0x38, 0x90, 0x32, 0x86, 0xF9, 0xFA, 0xB6,
    0x6A, 0x95, 0xF9, 0x6F, 0x67, 0xD5, 0xF8, 0x96, 0x76, 0xB1, 0xF5, 0x5B, 0xB6, 0xA0, 0xAF, 0x6F,
    0x07, 0x24, 0x38, 0x0B, 0xD5, 0x13, 0xBC, 0xED, 0xB5, 0x88, 0x98, 0x46, 0x03, 0xA5, 0xEE, 0x2D,
    0x25, 0xE3, 0xED, 0x8D, 0xB6, 0x14, 0x76, 0xE3, 0x72, 0x2B, 0xEC, 0xC6, 0x17, 0xEA, 0xA8, 0xFD,
    0x31, 0xB3, 0xD5, 0xA4, 0x4E, 0x39, 0x50, 0xA5, 0x4D, 0x5D, 0x0C, 0xCA, 0x44, 0x7D, 0xE1, 0x0F,
    0xFB, 0x0A, 0xC2, 0xBF, 0x21, 0xDD, 0xF8, 0x3C, 0x69, 0xD0, 0x8E, 0xE9, 0x98, 0x6B, 0xFF, 0x12,
    0x44, 0xBE, 0x84, 0x39, 0x81, 0x39, 0x3B, 0xA3, 0x49, 0x23, 0x66, 0x1A, 0xAA, 0x46, 0xF4, 0xAA,
    0x8B, 0x9C, 0xEA, 0x21, 0x1E, 0x52, 0xEC, 0x38, 0x95, 0x1D, 0x3A, 0x25, 0xBF, 0x74, 0x4A, 0xBC,
    0x76, 0x2A, 0xE9, 0x9D, 0x8A, 0xBC, 0x53, 0x54, 0x41, 0xB4, 0xAB, 0x6A, 0xE5, 0xD0, 0xCF, 0xD1,
    0xCD, 0xF3, 0xEE, 0x70, 0x77, 0x64, 0x8E, 0x3A, 0xA6, 0x40, 0x76, 0x27, 0x1D, 0xC8, 0xDE, 0x66,
    0x26, 0xEE, 0x74, 0x19, 0xF5, 0xFF, 0x26, 0x88, 0x89, 0xF8, 0xB9, 0xAA, 0x93, 0x46, 0x34, 0xC2,
    0xC6, 0xC1, 0x48, 0x10, 0x01, 0x05, 0xE6, 0xC0, 0x6C, 0x93, 0xF6, 0xCC, 0x1D, 0x2E, 0x82, 0xC7,
    0x7A, 0x0E, 0xD1, 0x15, 0x30, 0x37, 0x60, 0x29, 0xD7, 0x16, 0xC4, 0xCB, 0xEE, 0x71, 0xAC, 0x41,
    0xF4, 0xE3, 0xFD, 0xC5, 0xC7, 0xB6, 0x0F, 0xBD, 0x23, 0x18, 0x0B, 0xD7, 0x45, 0xB1, 0x2E, 0xD1,
    0xC6, 0x32, 0x1D, 0x6C, 0xB3, 0xDB, 0x83, 0x56, 0x10, 0xD4, 0x70, 0x1C, 0x94, 0xD1, 0x35, 0xA8,
    0x5A, 0xF5, 0x53, 0xC0, 0x36, 0x69, 0xC3, 0xB0, 0x82, 0x99, 0x0C, 0xD8, 0x6D, 0xC0, 0x7D, 0xD9,
    0xEB, 0x07, 0xCF, 0x7B, 0xFD, 0x70, 0xA7, 0xD7, 0xFF, 0x00, 0x6C, 0x07, 0x58, 0x50, 0x45, 0x02,
    0x16, 0x41, 0x6A, 0x39, 0x45, 0x70, 0xC8, 0x51, 0x35, 0xEF, 0x93, 0xA3, 0xFF, 0xD9, 0x0C, 0xA3,
    0xD4, 0x7D, 0xEA, 0xB3, 0x2E, 0x1D, 0xF0, 0xA8, 0x81, 0xB8, 0xAF, 0x93, 0xB4, 0x89, 0x5C, 0x32,
    0xFC, 0xB4, 0x8E, 0x4E, 0xD5, 0x7B, 0x73, 0x8C, 0x96, 0xD8, 0x71, 0x25, 0x8F, 0xFE, 0x0F, 0x78,
    0x18, 0x57, 0x02, 0xD5, 0x4A, 0xF8, 0x9C, 0xA9, 0x00, 0x5F, 0xA2, 0xC5, 0xF0, 0x10, 0x52, 0x51,
    0x01, 0x2F, 0x3C, 0x1B, 0xB9, 0xB7, 0xD8, 0xD8, 0x38, 0x54, 0xE8, 0x47, 0x2A, 0x8B, 0x72, 0x34,
    0xB5, 0x4E, 0xF5, 0x15, 0x44, 0xBA, 0xC4, 0xA6, 0x4D, 0x6A, 0x92, 0x0E, 0xDF, 0x19, 0x96, 0x11,
    0xB1, 0x63, 0x6D, 0x35, 0xFB, 0x77, 0x37, 0x66, 0x21, 0xE7, 0xA5, 0x38, 0x0E, 0xE6, 0xCA, 0x16,
    0xCB, 0x92, 0xD5, 0xA3, 0xAB, 0x56, 0x30, 0x65, 0x05, 0x7F, 0x06, 0x2F, 0x04, 0x29, 0xF2, 0x20,
    0x87, 0xC8, 0x02, 0xE0, 0x1B, 0x15, 0x32, 0x1D, 0x6E, 0x53, 0xB5, 0x63, 0x1F, 0x1E, 0x0F, 0x8F,
    0x2B, 0x69, 0x10, 0x55, 0x3A, 0x69, 0xA0, 0xE1, 0x5C, 0xC1, 0xB7, 0x15, 0x76, 0x03, 0x9F, 0x00,
    0x65, 0xEC, 0x00, 0x81, 0x41, 0x5B, 0xDD, 0x49, 0x7B, 0xB9, 0x97, 0x7F, 0x2D, 0xB7, 0xE5, 0x8B,
    0x7A, 0xAB, 0x78, 0xE1, 0xBB, 0xE2, 0xC5, 0x63, 0x1B, 0xF6, 0x1B, 0x0C, 0x8D, 0xA3, 0xB9, 0x60,
    0xA1, 0x57, 0x46, 0xC6, 0x5E, 0x46, 0x46, 0x91, 0x21, 0xA0, 0x9A, 0xC1, 0x31, 0x7D, 0x17, 0x0D,
    0xA2, 0x0A, 0xDC, 0xC3, 0x9E, 0xA8, 0x1F, 0x40, 0x70, 0xAF, 0x7F, 0x88, 0xEC, 0x04, 0x7E, 0x57,
    0x00, 0x9F, 0x58, 0x3D, 0x8A, 0x37, 0x3A, 0x0A, 0x61, 0x16, 0xE5, 0xEF, 0x80, 0xC1, 0x14, 0xE4,
    0xED, 0x0A, 0x7D, 0xC4, 0x03, 0x43, 0x4B, 0x54, 0x5E, 0x18, 0x23, 0xB1, 0x79, 0x08, 0x29, 0xAF,
    0xA8, 0xF2, 0x24, 0x91, 0xB9, 0x50, 0x7F, 0xF9, 0xC0, 0x92, 0x7A, 0xE6, 0xC2, 0xF5, 0x5D, 0xFA,
    0x87, 0xF1, 0x3F, 0xCB, 0x29, 0xF9, 0xB4, 0x0C, 0xD7, 0x68, 0xB8, 0x38, 0xC6, 0xE5, 0x21, 0x6D,
    0x43, 0xB4, 0x92, 0xCF, 0xD2, 0x4E, 0x99, 0x55, 0x58, 0xAD, 0x89, 0xB0, 0xC1, 0x19, 0x64, 0x94,
    0xBE, 0xD4, 0x0F, 0xA0, 0x26, 0xCD, 0xB4, 0xD3, 0x1F, 0xF5, 0x49, 0xA9, 0x87, 0xCA, 0x97, 0xA2,
    0x61, 0xEF, 0x52, 0x95, 0x02, 0x3E, 0xDC, 0xB4, 0x7A, 0xA7, 0xD5, 0xF9, 0xEF, 0xE6, 0x19, 0xF2,
    0x49, 0x7A, 0x1C, 0x83, 0x34, 0x77, 0x43, 0x2C, 0x82, 0x40, 0x1D, 0x1B, 0x68, 0x45, 0x64, 0x83,
    0xC6, 0xBB, 0x10, 0x63, 0x44, 0x3C, 0xC8, 0x80, 0xD0, 0xA8, 0xC3, 0x4E, 0xE7, 0x9D, 0xF6, 0xA1,
    0xCC, 0x11, 0x6E, 0x4B, 0xDF, 0x71, 0x82, 0x8D, 0x48, 0x02, 0xA1, 0x3A, 0xD6, 0x16, 0x49, 0xC0,
    0xAD, 0x6F, 0xD6, 0xE5, 0x0E, 0x88, 0x9A, 0x47, 0xDE, 0x24, 0x87, 0x2E, 0x0E, 0x7D, 0xDE, 0xDA,
    0x25, 0x7D, 0xEE, 0xC4, 0x51, 0x8B, 0x7A, 0x5C, 0xBA, 0xB7, 0xB6, 0x5F, 0x47, 0x98, 0xAF, 0x61,
    0x84, 0x11, 0x38, 0xA7, 0x2D, 0x92, 0x70, 0x2B, 0xCE, 0x9D, 0x59, 0x8B, 0xEC, 0xCA, 0x26, 0x48,
    0x6F, 0x15, 0xFC, 0xE8, 0xFF, 0x6A, 0x81, 0x64, 0x12, 0x66, 0xAE, 0x3A, 0x9A, 0xAC, 0xD2, 0xAD,
    0xA5, 0x79, 0xFE, 0x8B, 0x92, 0x84, 0x7C, 0xE1, 0x8D, 0x22, 0x60, 0x97, 0x9E, 0x33, 0xE2, 0x73,
    0xC9, 0xF6, 0xDB, 0xDB, 0x63, 0xC5, 0xD2, 0x2F, 0xDA, 0x08, 0xE4, 0x2C, 0x2C, 0x7D, 0xDE, 0x72,
    0x66, 0xD4, 0x3F, 0x91, 0x7E, 0xC8, 0x8C, 0xD7, 0x65, 0xA5, 0x73, 0x94, 0x03, 0x2E, 0x65, 0x9F,
    0x1D, 0x76, 0xD2, 0xBB, 0x08, 0x9E, 0x66, 0xFB, 0x0A, 0xBB, 0x15, 0xA2, 0x0F, 0x9B, 0x53, 0x36,
    0xEA, 0x3F, 0x75, 0x94, 0xBD, 0x02, 0x53, 0x1A, 0x8D, 0x48, 0x34, 0x2B, 0x31, 0xFE, 0xFF, 0x90,
    0xAC, 0xAD, 0x60, 0xEB, 0xA0, 0xD7, 0x3C, 0xB0, 0xA4, 0x27, 0xF3, 0x48, 0x32, 0x3E, 0x59, 0x52,
    0x4C, 0x97, 0x3D, 0x89, 0x41, 0xB0, 0x51, 0x16, 0x20, 0x4A, 0x91, 0xEB, 0x70, 0x16, 0xE1, 0x3E,
    0xAB, 0x61, 0x09, 0x08, 0x92, 0x58, 0x7F, 0x21, 0x1C, 0x4D, 0xEB, 0x71, 0xA7, 0x80, 0xDA, 0xC3,
    0x26, 0x7B, 0x51, 0x0C, 0x0E, 0xB4, 0x90, 0x6E, 0x11, 0x26, 0x9F, 0x40, 0xAF, 0x23, 0x11, 0x2E,
    0x86, 0x11, 0xB5, 0xB7, 0xE0, 0x19, 0xD0, 0x57, 0xD4, 0xA7, 0x6B, 0x71, 0x91, 0xFE, 0xFC, 0xFF,
    0x4A, 0xFA, 0x55, 0x17, 0xAE, 0xEF, 0xD2, 0x1F, 0x91, 0x73, 0xDC, 0x9D, 0xC6, 0xCF, 0x27, 0xFF,
    0x72, 0xD0, 0xD9, 0xF3, 0xA8, 0x7A, 0x75, 0x06, 0x76, 0xDF, 0xC3, 0x3C, 0x11, 0x91, 0xFD, 0x0C,
    0x60, 0x7B, 0x00, 0xB3, 0x67, 0x60, 0xD3, 0x0A, 0x60, 0xBB, 0x63, 0x20, 0x14, 0x14, 0x23, 0xCF,
    0x14, 0x53, 0xC0, 0xC5, 0x17, 0xCF, 0x3D, 0xC9, 0xBA, 0x80, 0xE8, 0x37, 0x04, 0xCF, 0x5E, 0x7B,
    0xE4, 0xCD, 0x95, 0x8D, 0xFB, 0x6C, 0xCC, 0x13, 0x52, 0x3B, 0x2A, 0x66, 0xF5, 0x4C, 0x31, 0x17,
    0xC2, 0x60, 0x52, 0xE8, 0x51, 0x31, 0xB1, 0x85, 0x5B, 0xCA, 0x6F, 0x5D, 0x18, 0x23, 0xB1, 0xF3,
    0x85, 0xB5, 0x67, 0x0B, 0x7B, 0xA1, 0x31, 0x44, 0x75, 0xF8, 0x6B, 0xE0, 0x74, 0x1E, 0xDF, 0x1A,
    0x31, 0x10, 0x7E, 0x9B, 0xA2, 0xA9, 0x4A, 0x65, 0xEE, 0x60, 0xFB, 0x9A, 0x20, 0x3C, 0x5E, 0x47,
    0x5A, 0x04, 0x02, 0x74, 0x68, 0xEB, 0x79, 0xFF, 0x33, 0x63, 0x74, 0xCA, 0x16, 0x88, 0x7E, 0x9B,
    0xD8, 0xBA, 0xF6, 0xB1, 0xF5, 0x1C, 0x70, 0x40, 0x58, 0x8E, 0xAF, 0x59, 0xC2, 0x7F, 0x7F, 0x27,
    0xF2, 0x0C, 0x56, 0x0A, 0x37, 0x2B, 0x5D, 0x91, 0x63, 0x2C, 0xA5, 0x34, 0xDA, 0x48, 0x93, 0x41,
    0xC2, 0x6F, 0x3C, 0xAB, 0xF0, 0xBE, 0x27, 0xF9, 0xEA, 0xE5, 0x69, 0x9F, 0x90, 0x39, 0xC1, 0x88,
    0x2A, 0xE8, 0x2B, 0x76, 0x30, 0xF1, 0xD7, 0x5D, 0xB8, 0x9E, 0x1C, 0x8B, 0x8E, 0xF3, 0x5F, 0xAD,
    0x59, 0xBD, 0x93, 0xD5, 0x46, 0x12, 0x6F, 0x49, 0x06, 0x81, 0x55, 0xC5, 0x10, 0x5C, 0x72, 0x01,
    0x3B, 0x04, 0x0E, 0x1C, 0x78, 0x91, 0x03, 0x07, 0x04, 0xBB, 0x3B, 0x3A, 0x1C, 0x38, 0x70, 0xC2,
    0xC5, 0x57, 0x75, 0x75, 0xF9, 0x05, 0x76, 0x40, 0x40, 0xB0, 0x20, 0x81, 0x03, 0x07, 0x0E, 0x8E,
    0x3F, 0xE0, 0x02, 0xE7, 0x2E, 0x57, 0x11, 0x50, 0x75, 0x04, 0x80, 0x66, 0x71, 0xD5, 0x39, 0x3C,
    0x51, 0x04, 0x0E, 0x3D, 0x80, 0xAB, 0xA8, 0x3A, 0x02, 0x06, 0x23, 0xEE, 0xB4, 0x87, 0xA4, 0xB9,
    0x5F, 0xCF, 0xE8, 0x2D, 0xEB, 0xDD, 0xB7, 0x5F, 0x3C, 0xDE, 0x53, 0xCF, 0xD3, 0x93, 0x34, 0xDD,
    0x3D, 0x3D, 0xFD, 0x2D, 0x2A, 0x07, 0x22, 0x86, 0xD9, 0x47, 0xD8, 0x00, 0x79, 0x47, 0xB4, 0xD6,
    0x13, 0xAD, 0xE3, 0xDE, 0xED, 0x91, 0xC8, 0xD6, 0x14, 0x59, 0x55, 0xC4, 0x46, 0x55, 0x89, 0x73,
    0x3A, 0xFD, 0x77, 0xDD, 0x64, 0x95, 0x30, 0x82, 0x32, 0x5B, 0xDE, 0xC8, 0x07, 0x67, 0xD4, 0x98,
    0x39, 0x4D, 0x0C, 0xB3, 0xCF, 0x71, 0x57, 0x50, 0xEE, 0x0C, 0xAD, 0xA5, 0x96, 0x7E, 0x9F, 0x58,
    0x8A, 0x6A, 0x4B, 0xD2, 0x59, 0x52, 0x5F, 0x01, 0xF0, 0x5F, 0x7D, 0xD6, 0x92, 0x72, 0x8E, 0x32,
    0x03, 0xFC, 0xDF, 0x9E, 0x24, 0xBA, 0x75, 0x86, 0x48, 0x81, 0x66, 0x66, 0x16, 0xE6, 0x85, 0xA7,
    0xBF, 0x4F, 0x0D, 0x65, 0x17, 0x34, 0x25, 0xAE, 0xA2, 0x68, 0x7C, 0x0B, 0x9E, 0x0E, 0x4B, 0xDF,
    0xB9, 0x39, 0xF4, 0xE3, 0x06, 0x93, 0x0B, 0x22, 0x09, 0xAA, 0xB2, 0xE5, 0x45, 0xC5, 0xA0, 0x2D,
    0x27, 0xDA, 0x4C, 0x8B, 0x00, 0xC7, 0x41, 0x3B, 0x67, 0xFA, 0x9F, 0x02, 0xD2, 0x6D, 0xB4, 0xE9,
    0x16, 0xEE, 0x03, 0x45, 0x0A, 0x79, 0xA6, 0xA0, 0x1B, 0x83, 0x07, 0xBA, 0x4C, 0x14, 0x81, 0x0F,
    0x3C, 0x47, 0xA7, 0x8A, 0xB0, 0xA0, 0xFC, 0x3F, 0x3A, 0x62, 0x1E, 0xDA, 0xAC, 0x11, 0x4D, 0x62,
    0x72, 0x1D, 0x81, 0x2B, 0x2A, 0x00, 0xB4, 0x05, 0x40, 0x91, 0x03, 0x84, 0xA1, 0x22, 0xEB, 0x62,
    0x1B, 0xE3, 0x79, 0xCA, 0x37, 0x81, 0xBF, 0xA2, 0x4C, 0x93, 0xAC, 0x68, 0x95, 0xE8, 0x2C, 0x23,
    0x8B, 0xEA, 0x2A, 0x73, 0x56, 0xEA, 0x4E, 0x5D, 0xEB, 0x54, 0xF1, 0xAD, 0xC2, 0xDC, 0x82, 0x51,
    0xE4, 0xCD, 0x07, 0xC2, 0x75, 0x91, 0xBB, 0x41, 0x89, 0x0E, 0x22, 0x51, 0x60, 0xE7, 0xF6, 0x32,
    0xA6, 0xBC, 0xB7, 0x18, 0x0B, 0x40, 0x51, 0x17, 0x91, 0xD3, 0xC9, 0x86, 0x8D, 0x3D, 0x0F, 0x07,
    0xB3, 0x90, 0x35, 0x6F, 0x76, 0x26, 0xD3, 0x8B, 0x4B, 0x61, 0x8D, 0x59, 0xE0, 0x63, 0x6D, 0xD2,
    0xDB, 0x83, 0x59, 0x60, 0xD9, 0xB7, 0xE7, 0x82, 0x14, 0x98, 0x8D, 0xB4, 0x5A, 0x98, 0x8D, 0x98,
    0x2E, 0x26, 0x1B, 0x06, 0x92, 0xA0, 0x9A, 0x78, 0x3F, 0x0E, 0xC1, 0x46, 0x44, 0xA7, 0xA1, 0x22,
    0x2D, 0x45, 0x0E, 0x12, 0x29, 0x81, 0x7B, 0x29, 0x70, 0xE1, 0xDC, 0x2F, 0x54, 0x43, 0x8F, 0xA4,
    0x2E, 0xB5, 0xD4, 0xC2, 0x48, 0x9D, 0x01, 0x4D, 0xDA, 0xEE, 0x00, 0x1B, 0xAE, 0x8B, 0x06, 0xCF,
    0x55, 0xB5, 0x1B, 0x30, 0xEF, 0x06, 0x4F, 0x5F, 0x85, 0xC1, 0x28, 0x40, 0x0E, 0xB9, 0xC0, 0x20,
    0xEB, 0x15, 0xC0, 0xD9, 0x88, 0xF5, 0xD2, 0xE3, 0xAC, 0xC1, 0x03, 0xA0, 0xD8, 0x06, 0xF8, 0x9F,
    0x6B, 0x47, 0x02, 0x4B, 0x89, 0x07, 0xD5, 0x28, 0xB7, 0x09, 0x9D, 0x76, 0x4C, 0xC1, 0xA6, 0x36,
    0xE9, 0x52, 0x1B, 0xF7, 0xA9, 0x8D, 0x86, 0xD2, 0x6D, 0x0C, 0x35, 0x80, 0xCF, 0x01, 0x7D, 0xB8,
    0x9E, 0xB4, 0x78, 0xCE, 0xE0, 0xF9, 0x42, 0x81, 0x6F, 0xE2, 0xE5, 0x33, 0xB0, 0xA1, 0x48, 0x5E,
    0x18, 0x6C, 0xED, 0x08, 0xB4, 0x53, 0x4C, 0x61, 0x98, 0x7D, 0x9C, 0xEB, 0x89, 0xD7, 0x26, 0xF5,
    0x1A, 0x60, 0x09, 0xF0, 0x1E, 0x00, 0x4A, 0x7F, 0x1F, 0xE0, 0x26, 0xD8, 0x00, 0xE8, 0x63, 0x00,
    0x01, 0xC8, 0xBD, 0xEC, 0x9C, 0x1B, 0x21, 0x02, 0x83, 0x63, 0x9B, 0x4E, 0xB4, 0x72, 0xA3, 0x57,
    0x45, 0xAF, 0x9C, 0x3F, 0xA6, 0xCD, 0xF8, 0x50, 0xB8, 0x1E, 0x9B, 0x71, 0x9C, 0x2E, 0x52, 0xF6,
    0x07, 0x83, 0x49, 0xD8, 0xDC, 0x7B, 0x8B, 0x13, 0xC7, 0x27, 0xA1, 0x2F, 0x93, 0x0A, 0x5E, 0x43,
    0xB3, 0x72, 0x1E, 0x82, 0x05, 0xBA, 0xC2, 0x34, 0x27, 0xB8, 0xF2, 0x0E, 0x58, 0x98, 0x6F, 0x19,
    0xFB, 0xB1, 0x70, 0x28, 0x72, 0x7C, 0xAE, 0xA3, 0x39, 0x2B, 0x86, 0x7B, 0x8B, 0xCD, 0xE4, 0xF6,
    0x46, 0xEF, 0xF2, 0x0E, 0x22, 0x68, 0x28, 0x2B, 0xE8, 0x9C, 0xE7, 0x54, 0x19, 0xF6, 0x64, 0xF8,
    0x64, 0xD7, 0xA7, 0x5D, 0x60, 0x31, 0xAC, 0x2C, 0x2E, 0x86, 0x3D, 0x2C, 0x73, 0xDF, 0x9D, 0x98,
    0xB9, 0xC9, 0x1C, 0xDE, 0xFA, 0x32, 0xF8, 0x3B, 0xCD, 0xCE, 0x61, 0xB3, 0x81, 0x26, 0x37, 0x70,
    0x0E, 0x46, 0x34, 0xB1, 0x85, 0x13, 0xB0, 0x98, 0x73, 0xF1, 0x8D, 0x73, 0x50, 0xA3, 0xD2, 0x72,
    0xC8, 0x75, 0x02, 0x7B, 0x48, 0x6C, 0x06, 0xBB, 0x80, 0x73, 0xB0, 0xF4, 0x45, 0x67, 0xFD, 0x7C,
    0xA0, 0x8A, 0xB1, 0xA4, 0xF4, 0x6B, 0x4D, 0x27, 0xE9, 0x9B, 0x82, 0xDD, 0x48, 0xEC, 0xFE, 0x51,
    0x84, 0xE8, 0xD5, 0x91, 0x8A, 0xFB, 0x00, 0x5F, 0xB5, 0xDE, 0x78, 0xC4, 0xBD, 0xB0, 0x6F, 0x39,
    0xAC, 0x0A, 0xD6, 0x41, 0x0A, 0xEC, 0xDF, 0xA3, 0x12, 0x23, 0xCE, 0x21, 0x8E, 0x8C, 0xAD, 0xFD,
    0x2F, 0xC7, 0x89, 0x2E, 0x2D, 0xFD, 0x36, 0xEA, 0x2E, 0xC2, 0xE7, 0x8E, 0xA8, 0x4B, 0x63, 0xF6,
    0x6E, 0xF8, 0x4C, 0xB7, 0xF9, 0xFC, 0xB4, 0x59, 0x9C, 0xCF, 0xBB, 0xDB, 0x2C, 0xE5, 0xAE, 0x57,
    0x9A, 0x77, 0xC3, 0xE7, 0x82, 0xB2, 0xA3, 0xB8, 0x0A, 0xFB, 0x90, 0x9A, 0x90, 0x40, 0xB0, 0x1E,
    0xC5, 0x93, 0xF1, 0xAD, 0x84, 0xA4, 0x80, 0xF5, 0x80, 0xD6, 0xDF, 0x11, 0xBF, 0x73, 0xC2, 0xB9,
    0xEB, 0xD4, 0x08, 0x18, 0xA6, 0xA8, 0xF1, 0x5B, 0x00, 0xAF, 0x1E, 0x76, 0x5C, 0x2F, 0x7F, 0x91,
    0x9B, 0x3C, 0x8F, 0x59, 0xCE, 0xDA, 0xA0, 0xF6, 0xEB, 0x32, 0xA8, 0x3D, 0xE7, 0x3E, 0x12, 0xE8,
    0x93, 0xED, 0xB0, 0xC9, 0xDE, 0x15, 0x51, 0xBF, 0x47, 0x98, 0xEC, 0x84, 0x99, 0x07, 0xD9, 0x90,
    0x77, 0xC2, 0xA9, 0xBE, 0x1C, 0x84, 0x2B, 0xF2, 0x2E, 0x1B, 0x91, 0x5D, 0x61, 0x79, 0xF9, 0xFF,
    0xBE, 0x1B, 0x8B, 0xD2, 0x39, 0x57, 0xF9, 0xBF, 0x61, 0x70, 0x6E, 0x36, 0xBC, 0xB9, 0xB6, 0x35,
    0xF8, 0xB9, 0x1E, 0x8B, 0x68, 0x7C, 0xDC, 0x85, 0x65, 0x17, 0x54, 0x02, 0xF8, 0x5C, 0x3C, 0xED,
    0xBC, 0x78, 0x04, 0x12, 0x3A, 0x81, 0x68, 0x3D, 0x0F, 0xF2, 0xB6, 0x36, 0xAA, 0xC7, 0xB2, 0xAF,
    0x63, 0x1A, 0x9D, 0xF6, 0x0A, 0x83, 0x14, 0x2F, 0x1F, 0x09, 0x99, 0xDC, 0xFE, 0x47, 0x3E, 0xF8,
    0x27, 0x2F, 0xF0, 0xC4, 0x3F, 0xDE, 0x99, 0xE5, 0xD8, 0x1D, 0x1F, 0x10, 0x44, 0xBC, 0xEB, 0x00,
    0xAB, 0x12, 0xFB, 0x33, 0x2A, 0x17, 0x88, 0xE4, 0x63, 0x6A, 0xE7, 0x7D, 0xF3, 0x01, 0xCF, 0x78,
    0xDC, 0x87, 0x44, 0xF9, 0x71, 0x4C, 0xE7, 0x05, 0xB3, 0xC3, 0xFB, 0x73, 0x44, 0xF6, 0xBF, 0x7C,
    0x9F, 0xCE, 0x9F, 0xE2, 0x4D, 0x0D, 0x2E, 0xE2, 0x40, 0x5A, 0xAE, 0xAB, 0x3B, 0xA9, 0xE7, 0x7D,
    0xEB, 0xD6, 0x75, 0x69, 0x75, 0x0E, 0x6E, 0x54, 0x21, 0x3B, 0x12, 0x5A, 0x1A, 0xE1, 0x33, 0x38,
    0x65, 0x94, 0xC1, 0x96, 0x6F, 0xFB, 0xE6, 0x5D, 0xD9, 0x27, 0xF0, 0xC4, 0x39, 0xE5, 0x56, 0x34,
    0xA2, 0xCA, 0x9B, 0x1C, 0x23, 0x1D, 0x80, 0x7B, 0x3E, 0x1E, 0xD7, 0x91, 0x1B, 0xEA, 0x8E, 0x78,
    0x26, 0x36, 0x9A, 0x07, 0x73, 0xD0, 0x70, 0x95, 0x87, 0x7B, 0x3C, 0xDC, 0x65, 0xD4, 0xCA, 0x15,
    0xAE, 0xCB, 0x36, 0x09, 0x2C, 0x57, 0xD2, 0x28, 0x66, 0xBD, 0x9A, 0xE5, 0x18, 0xCA, 0xD4, 0x9A,
    0xC1, 0x67, 0x5A, 0x58, 0xD0, 0x3C, 0x80, 0x2E, 0xEB, 0xB2, 0x07, 0x6E, 0x1F, 0xA4, 0x72, 0x58,
    0xEF, 0x55, 0xCC, 0xBC, 0x4D, 0xDE, 0x46, 0x12, 0xE6, 0x8A, 0xE5, 0x7B, 0xFB, 0x1C, 0xFF, 0xAD,
    0x59, 0x5D, 0xA1, 0xBB, 0x73, 0x0F, 0x85, 0x1A, 0x23, 0xB3, 0x57, 0x05, 0xB2, 0xAC, 0x2A, 0x1B,
    0x10, 0x2B, 0x61, 0xA5, 0xFD, 0xCA, 0xB9, 0xB3, 0xC7, 0xD8, 0xD2, 0x64, 0x9B, 0xEC, 0xFE, 0xDA,
    0x14, 0xF4, 0xA5, 0xB7, 0xEC, 0xD2, 0xD6, 0x6D, 0x89, 0xF5, 0x4B, 0x04, 0xB8, 0x75, 0x04, 0x3C,
    0x78, 0x8A, 0x1F, 0x1B, 0x92, 0x3F, 0xEB, 0x29, 0xDD, 0x42, 0x2D, 0xF4, 0xB0, 0x47, 0x50, 0xE4,
    0x40, 0x19, 0xF2, 0x47, 0xD7, 0xE5, 0x10, 0x5F, 0xD6, 0xD1, 0xCC, 0x49, 0xF2, 0x12, 0x78, 0xCF,
    0x38, 0xE5, 0x15, 0xB8, 0x76, 0x02, 0xA9, 0xA7, 0xF1, 0xD1, 0x37, 0x98, 0xD3, 0x16, 0xB8, 0x06,
    0x00, 0x99, 0x5C, 0x21, 0xF1, 0xC8, 0xC2, 0xCC, 0xB0, 0xC6, 0xE7, 0x0D, 0x89, 0x67, 0x38, 0x7F,
    0xD2, 0xF3, 0x7D, 0xCA, 0xC1, 0x0B, 0x64, 0x12, 0xC2, 0x0E, 0xE7, 0xAE, 0xAA, 0x08, 0xA2, 0x61,
    0xBC, 0x67, 0x42, 0x6D, 0xA1, 0x80, 0x47, 0x79, 0x5C, 0x57, 0x28, 0x7B, 0xD4, 0x52, 0x06, 0x3C,
    0xD9, 0x73, 0x84, 0xFD, 0xA7, 0x38, 0x7F, 0x3C, 0xE1, 0xE9, 0x54, 0xC0, 0x73, 0x93, 0x92, 0x96,
    0xA9, 0x9F, 0x0B, 0x31, 0x1F, 0x21, 0xBF, 0x63, 0x7E, 0xF7, 0x38, 0x96, 0x90, 0x0C, 0x60, 0x9F,
    0x91, 0x16, 0x38, 0x64, 0x06, 0x36, 0xB1, 0xC2, 0x70, 0x74, 0x2F, 0x4D, 0x09, 0x15, 0x9A, 0xFF,
    0xF5, 0xCA, 0x74, 0x24, 0xB4, 0x21, 0xAB, 0x19, 0x7C, 0x94, 0x59, 0xF1, 0xE7, 0xA7, 0x0F, 0xA4,
    0xC0, 0xC2, 0x15, 0x0D, 0xEA, 0x45, 0x9D, 0x56, 0x51, 0xD0, 0x12, 0x50, 0x5D, 0xAF, 0xBB, 0xF3,
    0x52, 0xDF, 0x94, 0xFA, 0xC6, 0xC1, 0x54, 0x53, 0x5D, 0x3E, 0x33, 0xE5, 0x93, 0x46, 0x3C, 0xD6,
    0xE2, 0x49, 0x25, 0x1E, 0xB3, 0x50, 0xF6, 0x3A, 0x50, 0xDC, 0x82, 0x24, 0x56, 0xC5, 0xCB, 0xF2,
    0xDB, 0x1B, 0xE0, 0xCA, 0xA4, 0x03, 0x6E, 0x3A, 0x9F, 0x5D, 0x5F, 0x9A, 0x92, 0xA8, 0xAB, 0x14,
    0x6A, 0x86, 0x81, 0xF7, 0xBF, 0xDC, 0x81, 0xF6, 0x89, 0x11, 0x4F, 0x2D, 0x8F, 0xF3, 0x68, 0xB1,
    0x6F, 0x83, 0xF3, 0x61, 0xFF, 0x32, 0xC1, 0x45, 0x4A, 0x5F, 0x73, 0xDE, 0x5E, 0xF9, 0x52, 0x1B,
    0x25, 0x39, 0x7D, 0xE7, 0xAF, 0xA7, 0x55, 0x6A, 0x05, 0x40, 0x56, 0xA1, 0x3E, 0x00, 0x18, 0x65,
    0xB3, 0xF0, 0x7D, 0x95, 0x8D, 0xB2, 0x2F, 0xED, 0x5F, 0x67, 0xFF, 0x2D, 0xF4, 0x00, 0x82, 0xBE,
    0x14, 0x6A, 0x65, 0x18, 0x0B, 0x2D, 0x85, 0x1A, 0xD9, 0x19, 0x31, 0xD6, 0x6D, 0x36, 0xC8, 0x3E,
    0xB2, 0x72, 0x00, 0x38, 0x40, 0x79, 0xCD, 0xCA, 0x7C, 0xC3, 0x4A, 0xF1, 0xC2, 0xCA, 0xEC, 0x95,
    0x95, 0xC9, 0x60, 0x65, 0x04, 0x17, 0x0F, 0xEA, 0x92, 0x94, 0xAD, 0x1B, 0x69, 0x31, 0x0F, 0x48,
    0x70, 0xC4, 0x36, 0x44, 0x64, 0x2E, 0xE7, 0x4F, 0x4C, 0x36, 0xFF, 0x4F, 0x04, 0x96, 0xE7, 0xA8,
    0x4B, 0x5A, 0x55, 0x80, 0x72, 0x05, 0x47, 0xB3, 0x0B, 0xF2, 0x2E, 0x84, 0x8D, 0xC5, 0xE8, 0xD3,
    0x64, 0x6B, 0x4D, 0x00, 0x8E, 0xD8, 0x6C, 0x87, 0xC7, 0x8E, 0xC6, 0xC3, 0x96, 0xFD, 0x8A, 0xC9,
    0x7E, 0x3D, 0x9E, 0x60, 0x63, 0x54, 0x60, 0x68, 0x97, 0x43, 0x16, 0xC0, 0xE6, 0x38, 0x95, 0xB3,
    0x0B, 0xF1, 0x5D, 0x41, 0x50, 0xED, 0x3A, 0xCC, 0x89, 0xB3, 0x60, 0x4E, 0x0B, 0xAA, 0x23, 0xCB,
    0xCD, 0xE7, 0xDA, 0x5C, 0x0E, 0x22, 0x6B, 0xA1, 0xE0, 0x15, 0xE8, 0x23, 0x1E, 0x3E, 0x71, 0x9F,
    0x23, 0x88, 0xD5, 0x35, 0x76, 0x3B, 0xE7, 0x5E, 0x49, 0x8E, 0xC2, 0x10, 0x43, 0x39, 0x67, 0xC0,
    0x8D, 0xFA, 0x11, 0xF4, 0xCA, 0xFD, 0xEA, 0x9A, 0xBD, 0xD7, 0xF3, 0x20, 0xAC, 0x27, 0xE5, 0xF5,
    0x8C, 0x58, 0x07, 0xAF, 0xA7, 0x9C, 0xD6, 0x23, 0xB0, 0x9E, 0x6C, 0xD2, 0x54, 0xDE, 0x00, 0xB6,
    0x02, 0xD4, 0xE2, 0xF4, 0xBB, 0x43, 0xAE, 0x25, 0xAF, 0x54, 0x9F, 0x57, 0xC1, 0xB9, 0xA9, 0x29,
    0xDD, 0x64, 0x77, 0x7A, 0xD1, 0x07, 0xE1, 0x37, 0x11, 0x9C, 0x53, 0xA5, 0x4D, 0xF2, 0xED, 0x03,
    0x2B, 0x2C, 0xE7, 0x45, 0xC8, 0xEF, 0x7A, 0x55, 0x45, 0xC3, 0x6F, 0x40, 0x47, 0x3D, 0x5F, 0x97,
    0x4D, 0xD2, 0x66, 0x2D, 0xF7, 0x94, 0xD8, 0x68, 0x36, 0x51, 0x19, 0x58, 0x64, 0x54, 0x76, 0x0B,
    0x55, 0x54, 0x23, 0x0B, 0x87, 0x51, 0x4B, 0x3D, 0x22, 0xEB, 0x2C, 0x41, 0xBD, 0x2C, 0x94, 0xFF,
    0x96, 0xFE, 0x7F, 0xDE, 0x8C, 0x48, 0x7B, 0x50, 0x60, 0x6D, 0x55, 0x01, 0xA7, 0xA6, 0x2A, 0xA0,
    0x5D, 0x98, 0x97, 0xA4, 0xF8, 0x18, 0xEA, 0x75, 0x73, 0xEA, 0x4B, 0x14, 0x47, 0xE7, 0x87, 0xFB,
    0x2B, 0xB1, 0x45, 0x02, 0xF2, 0x12, 0xC1, 0xE2, 0x6F, 0x0D, 0x9D, 0x39, 0xB3, 0x30, 0x4F, 0x24,
    0xB0, 0xBE, 0x3C, 0x47, 0x01, 0x87, 0xC2, 0xB8, 0x85, 0x9C, 0x8A, 0xB7, 0xE0, 0x2B, 0x6F, 0x91,
    0xDB, 0x83, 0x03, 0x9F, 0xE1, 0xCB, 0x1E, 0x71, 0xB5, 0x49, 0xA0, 0x4B, 0x4C, 0x8F, 0x73, 0xFB,
    0xA8, 0x3F, 0xC3, 0x23, 0x3C, 0x22, 0x72, 0x7D, 0x3F, 0x46, 0xFD, 0xB2, 0x1F, 0x4F, 0x90, 0x7F,
    0xE6, 0x26, 0x3F, 0x4F, 0xC8, 0xFA, 0xB3, 0xDE, 0x37, 0x7E, 0x7C, 0xE6, 0x0F, 0x9C, 0x16, 0x05,
    0x25, 0x97, 0x94, 0xFF, 0x45, 0x51, 0xA9, 0x1D, 0x97, 0x95, 0x25, 0x0A, 0xCB, 0xC2, 0xD7, 0x95,
    0x0A, 0x49, 0x4D, 0xE1, 0xCB, 0xCB, 0xB2, 0xE2, 0x4E, 0x07, 0x97, 0x98, 0xAF, 0xB9, 0xFD, 0x73,
    0xAD, 0x9E, 0xCA, 0x4C, 0x1D, 0x6A, 0x8B, 0x76, 0x56, 0xE9, 0x9A, 0xA9, 0xD2, 0xF5, 0x01, 0xBC,
    0xE0, 0xA6, 0x89, 0xD4, 0xF8, 0xEF, 0xB8, 0x2C, 0xA8, 0x10, 0xF0, 0xF1, 0x7B, 0x1F, 0x0B, 0xDE,
    0x18, 0xFC, 0xA2, 0xF9, 0x7E, 0x8D, 0x00, 0xEA, 0x38, 0x80, 0x26, 0x15, 0xA3, 0x43, 0x08, 0x5E,
    0x9F, 0x1A, 0x82, 0xEA, 0xC7, 0x56, 0x3D, 0xEF, 0x45, 0xDB, 0x67, 0xB6, 0x43, 0xF2, 0xB7, 0xFD,
    0x80, 0x50, 0x95, 0x5B, 0x8C, 0xDC, 0x7E, 0x71, 0xFF, 0x20, 0xC2, 0x5C, 0x2C, 0xE9, 0x29, 0x4B,
    0x8D, 0x0C, 0x4B, 0x62, 0xAA, 0x93, 0xE6, 0x97, 0xFF, 0x6F, 0xCF, 0x25, 0xCA, 0xFF, 0xF4, 0x7E,
    0xE8, 0xC2, 0x4C, 0xE5, 0xFF, 0xC1, 0xBC, 0xC5, 0xEC, 0x5C, 0x9B, 0xB0, 0x2F, 0x97, 0x67, 0x06,
    0xF9, 0x77, 0x28, 0x1A, 0xA3, 0xBF, 0x4B, 0x79, 0xB5, 0x8C, 0xAD, 0x3C, 0xE9, 0x83, 0x9D, 0xF4,
    0x0D, 0xAB, 0xDE, 0x67, 0x7D, 0x38, 0xA1, 0x0F, 0x41, 0x66, 0x95, 0x58, 0x11, 0xA1, 0x40, 0x50,
    0xBC, 0x15, 0x6C, 0x33, 0xB1, 0xEE, 0xFA, 0x8C, 0x11, 0x9B, 0xEC, 0xFD, 0x68, 0xBA, 0xD9, 0x60,
    0xA2, 0x4A, 0x1B, 0x15, 0x35, 0xA0, 0xC9, 0x5D, 0xF7, 0x2F, 0xCC, 0x4A, 0x62, 0xD7, 0x12, 0xA3,
    0x9C, 0x5E, 0x1B, 0x83, 0x5C, 0x61, 0x7B, 0x6C, 0x83, 0xC9, 0x03, 0x88, 0x08, 0x79, 0xC7, 0x42,
    0x2C, 0xDC, 0xA2, 0x78, 0xE0, 0x9B, 0x22, 0xAD, 0x4E, 0x44, 0xC5, 0x61, 0x58, 0xD8, 0x9F, 0x5C,
    0xB7, 0x0F, 0xB9, 0x26, 0xF8, 0x79, 0x6E, 0x93, 0x72, 0x2F, 0xA8, 0xD6, 0x7E, 0x29, 0xFB, 0x12,
    0x6C, 0x78, 0xCD, 0xD6, 0x77, 0xDE, 0x24, 0xB6, 0x9F, 0xA2, 0x81, 0x42, 0x7B, 0xD4, 0x06, 0x37,
    0xC4, 0x1D, 0xB4, 0xE5, 0xC5, 0x77, 0x02, 0x4B, 0x87, 0x00, 0x70, 0x93, 0x2D, 0xBE, 0x3D, 0xD4,
    0x4E, 0x20, 0x6B, 0xE9, 0x18, 0xD6, 0x84, 0xE9, 0xD7, 0x85, 0x59, 0xBF, 0x2C, 0xCC, 0xCA, 0x8E,
    0x54, 0x79, 0x37, 0x70, 0x68, 0x73, 0xDC, 0xEC, 0x29, 0x42, 0x26, 0xC3, 0xB4, 0xC2, 0x4B, 0x04,
    0x8A, 0x6E, 0xB0, 0x50, 0x70, 0x20, 0x18, 0xA1, 0x88, 0x2D, 0x7D, 0x59, 0xBB, 0xF3, 0x78, 0x51,
    0x80, 0x11, 0xEE, 0x16, 0x61, 0xEE, 0xC8, 0x22, 0x89, 0x6B, 0xDE, 0xBF, 0xD0, 0xB8, 0x5E, 0xDE,
    0xD5, 0xB8, 0x5E, 0x88, 0x47, 0x68, 0x43, 0x0A, 0x86, 0x4C, 0x74, 0xA1, 0x49, 0x1E, 0xEA, 0xE4,
    0xE1, 0xBE, 0x8C, 0x19, 0x96, 0x50, 0xBC, 0xBF, 0x54, 0x12, 0xF8, 0x6C, 0x40, 0xB1, 0x17, 0xC5,
    0xBD, 0x24, 0x80, 0xB2, 0xBE, 0xDE, 0x22, 0x3A, 0x23, 0x44, 0xE2, 0x1A, 0x9C, 0x27, 0x90, 0x9D,
    0xBD, 0x1A, 0x96, 0x3A, 0xA4, 0x2E, 0xEF, 0xD3, 0x11, 0x52, 0x6D, 0x01, 0x76, 0x3F, 0x48, 0xDB,
    0xC8, 0x26, 0xE3, 0x9F, 0xD8, 0xE5, 0x87, 0x20, 0xD2, 0x41, 0xA3, 0xE0, 0x32, 0xE2, 0x59, 0xAB,
    0x8C, 0x6D, 0x6C, 0xC3, 0x51, 0xF9, 0x00, 0x76, 0xD1, 0x94, 0x00, 0xB5, 0x03, 0x70, 0xED, 0x95,
    0xC3, 0x5E, 0xD4, 0x26, 0x1E, 0x72, 0xB8, 0x07, 0xCE, 0x7C, 0xDD, 0xD6, 0xDC, 0x45, 0x78, 0xE1,
    0x80, 0x1F, 0x6F, 0x0B, 0xF8, 0x47, 0xE2, 0xE3, 0x83, 0xB8, 0xA0, 0x8F, 0x52, 0x7E, 0x1B, 0x05,
    0x15, 0xE8, 0x16, 0x97, 0x0B, 0x37, 0xAB, 0xAB, 0x4F, 0xE0, 0xF6, 0x6E, 0x72, 0xD6, 0x18, 0x5E,
    0x46, 0x1C, 0x95, 0x27, 0x4E, 0xDA, 0x05, 0x2A, 0x37, 0xB1, 0x14, 0x7E, 0x93, 0x77, 0xC0, 0x17,
    0xFB, 0xDF, 0x5F, 0x61, 0xFD, 0x2F, 0x4C, 0xF8, 0x9D, 0x92, 0x91, 0x23, 0xF1, 0xE5, 0x9B, 0x58,
    0xED, 0x25, 0x8A, 0x5F, 0xF5, 0x94, 0xFE, 0x64, 0xE9, 0x54, 0x78, 0xF3, 0xB6, 0x10, 0x5F, 0x19,
    0x22, 0x9D, 0x84, 0x47, 0x5F, 0x63, 0x97, 0xDE, 0x6E, 0x25, 0x23, 0x47, 0xE1, 0xEB, 0x2D, 0xE8,
    0x9B, 0xC8, 0xBF, 0x6B, 0xE2, 0xA2, 0xD4, 0xEE, 0x7A, 0xB9, 0xC8, 0x74, 0xF7, 0xA5, 0xFD, 0x88,
    0x5F, 0xC2, 0xD4, 0x4D, 0x3C, 0xB2, 0x4C, 0xC4, 0x14, 0x5B, 0xB9, 0xA3, 0x55, 0x4F, 0x09, 0x48,
    0xEC, 0xFB, 0xB2, 0x21, 0x7F, 0xE4, 0x06, 0x60, 0x68, 0x01, 0x42, 0x7E, 0x11, 0xD7, 0xE2, 0xDC,
    0xA6, 0xA8, 0x11, 0x34, 0x65, 0x8F, 0x32, 0xB7, 0x4B, 0xB4, 0xC0, 0xFF, 0x44, 0x23, 0x6D, 0xEE,
    0xB9, 0xC8, 0x5B, 0x1D, 0xB2, 0x22, 0x69, 0x57, 0x46, 0x8C, 0xDD, 0xE5, 0x5A, 0xC0, 0xBD, 0xDE,
    0x2A, 0x05, 0x45, 0xBD, 0x55, 0x7F, 0x46, 0xF5, 0x6C, 0xD5, 0xF7, 0xAC, 0x57, 0x8C, 0x14, 0xF5,
    0x05, 0xC6, 0x52, 0x8B, 0x8E, 0x5F, 0xA5, 0x79, 0x62, 0x5B, 0x65, 0x02, 0xB7, 0xE8, 0x29, 0xB9,
    0xCF, 0xAD, 0x53, 0xCE, 0xAE, 0xFD, 0x65, 0x5B, 0x67, 0x7D, 0x6D, 0xDD, 0xE7, 0x1D, 0x42, 0xFF,
    0xF5, 0x46, 0x3C, 0x70, 0x3F, 0xE8, 0xEC, 0xF1, 0xCF, 0x3F, 0x54, 0xE9, 0xCB, 0x7F, 0xFD, 0x54,
    0x24, 0x2F, 0xBF, 0x79, 0x46, 0xC9, 0xEB, 0xAF, 0x11, 0xAB, 0xDC, 0xA7, 0xEC, 0x5B, 0xD8, 0xAB,
    0x3B, 0x7E, 0xC3, 0x3A, 0x6B, 0x64, 0x32, 0xB1, 0x15, 0xE9, 0xD7, 0x80, 0x5C, 0x60, 0xA8, 0x01,
    0xC2, 0x26, 0x26, 0x6D, 0x53, 0xEE, 0x5D, 0x16, 0x34, 0x42, 0x59, 0xEB, 0xF5, 0xA9, 0x72, 0xB2,
    0xBB, 0x7D, 0x64, 0x89, 0xCD, 0xE6, 0x2E, 0x00, 0x0B, 0x82, 0xDF, 0xFC, 0xC1, 0x38, 0x62, 0xD3,
    0xC2, 0x65, 0x9E, 0x0D, 0xEC, 0xB5, 0x4E, 0x97, 0x6D, 0x5D, 0x49, 0xBD, 0x4C, 0xEC, 0x00, 0x53,
    0x7B, 0x89, 0x12, 0x64, 0xA7, 0x71, 0x8F, 0xB9, 0xBC, 0x1A, 0x2F, 0xDB, 0xC2, 0x47, 0x7F, 0xEE,
    0x6A, 0xAC, 0x43, 0xE6, 0x77, 0x6E, 0x23, 0xCA, 0x71, 0x51, 0xC5, 0x36, 0x76, 0x05, 0x37, 0x46,
    0x08, 0x9F, 0x7F, 0x7D, 0xCB, 0x63, 0x01, 0x1E, 0x29, 0xBC, 0x91, 0xF6, 0xD7, 0x56, 0xA7, 0x16,
    0x3B, 0x32, 0x5D, 0x7E, 0x93, 0x97, 0x63, 0x83, 0xD7, 0x90, 0x50, 0xAD, 0x72, 0x0C, 0x49, 0xA7,
    0xD8, 0xC1, 0xEB, 0x41, 0x58, 0xE5, 0x37, 0xEB, 0x49, 0x1F, 0x37, 0x59, 0x9B, 0x34, 0xD2, 0x64,
    0x0D, 0xBC, 0xBA, 0x66, 0xE0, 0xEA, 0x52, 0x16, 0x5C, 0xF2, 0xB4, 0x21, 0xEE, 0xC0, 0x0B, 0xB7,
    0xCA, 0xD9, 0x15, 0x61, 0xCE, 0xE7, 0xFA, 0x74, 0xC9, 0x5D, 0x11, 0xD8, 0x78, 0x66, 0xCF, 0x4B,
    0x7D, 0xDB, 0xDF, 0x6A, 0x7D, 0x6F, 0x8C, 0xD1, 0xAA, 0xA9, 0x4F, 0xB6, 0x28, 0x0B, 0x77, 0xF8,
    0x16, 0xDF, 0x9D, 0x75, 0x5E, 0x0F, 0x66, 0x01, 0xB5, 0x70, 0x64, 0xD6, 0x43, 0x13, 0x82, 0xD1,
    0x8B, 0x62, 0x61, 0x36, 0x4E, 0x50, 0x25, 0x3E, 0xD3, 0x89, 0x2B, 0xF8, 0x81, 0xCB, 0x87, 0x62,
    0xE3, 0xFF, 0xB5, 0x58, 0xBF, 0x8E, 0xDE, 0xC6, 0x11, 0x1F, 0x92, 0xD6, 0x31, 0xF6, 0x02, 0x5E,
    0x15, 0x6E, 0x82, 0xC0, 0x47, 0x95, 0x2E, 0x7C, 0xDA, 0x14, 0x2E, 0xAE, 0xB8, 0xFB, 0x96, 0x8A,
    0x0B, 0x17, 0x6A, 0xD2, 0x1B, 0x88, 0xF3, 0x02, 0x89, 0x54, 0xA8, 0xB8, 0x00, 0x97, 0x23, 0x25,
    0x3D, 0x80, 0xEF, 0x01, 0x02, 0xD8, 0x8F, 0xA0, 0x42, 0x40, 0x2E, 0x80, 0x75, 0xE4, 0xC9, 0x40,
    0x54, 0xA8, 0x08, 0x95, 0x14, 0x6E, 0xB7, 0x70, 0xE5, 0xC2, 0x5A, 0x25, 0x14, 0xC0, 0x0B, 0xC8,
    0x6F, 0xF3, 0x9B, 0x59, 0x5E, 0x3E, 0xC9, 0x27, 0x09, 0x3A, 0x9D, 0xCC, 0xE3, 0xCE, 0x1C, 0x3F,
    0x92, 0x3B, 0xB3, 0x33, 0xBF, 0xF9, 0xB3, 0x24, 0xA2, 0xD4, 0x51, 0x71, 0x9C, 0xF9, 0x24, 0x84,
    0x6F, 0xFB, 0xBC, 0xD7, 0xDE, 0xEB, 0x2E, 0xFB, 0x6F, 0x67, 0xDA, 0x34, 0xD4, 0xB6, 0x4E, 0x26,
    0xFA, 0x29, 0x69, 0x93, 0x91, 0x70, 0x77, 0xA4, 0xA2, 0xCB, 0x7A, 0x52, 0xBD, 0x72, 0x94, 0x86,
    0x50, 0x13, 0x99, 0x81, 0x70, 0x24, 0x9E, 0x08, 0xBF, 0x53, 0x3A, 0x24, 0x4D, 0x77, 0x43, 0x85,
    0xC9, 0x17, 0x2D, 0x66, 0x2A, 0x2B, 0xC2, 0x28, 0xAD, 0xFC, 0xE1, 0xFF, 0xBA, 0xC2, 0x24, 0x4B,
    0xD2, 0x61, 0xA0, 0x24, 0xEC, 0xC7, 0x17, 0xED, 0x94, 0xFF, 0x67, 0x00, 0x79, 0x32, 0xE8, 0x3E,
    0xF1, 0x37, 0x94, 0x27, 0xEF, 0x41, 0x42, 0x0B, 0x32, 0x10, 0x5F, 0xBE, 0x90, 0xE4, 0x78, 0x98,
    0xB2, 0xE9, 0x73, 0x87, 0x99, 0x44, 0x8F, 0x63, 0x9E, 0x8E, 0x2E, 0x33, 0xB1, 0xA5, 0x90, 0xEA,
    0x28, 0x68, 0xAA, 0x1E, 0x85, 0x3F, 0x90, 0xEE, 0xAA, 0x1E, 0x04, 0xBF, 0x83, 0xD0, 0x73, 0xA4,
    0x02, 0x79, 0x1A, 0x4A, 0x52, 0xA1, 0xC1, 0x92, 0x26, 0xE3, 0xE8, 0xD9, 0x43, 0xDD, 0x8A, 0xD7,
    0x59, 0x68, 0xE3, 0x0F, 0x61, 0xBE, 0xB1, 0xB5, 0x7A, 0x26, 0x84, 0xEF, 0x31, 0x02, 0x35, 0x18,
    0xCC, 0x8B, 0xB6, 0x6A, 0xC7, 0x64, 0x09, 0xAE, 0x5D, 0x9F, 0xC1, 0x62, 0x58, 0x89, 0xD7, 0x1E,
    0x3C, 0xEF, 0xC9, 0x74, 0x91, 0x57, 0x75, 0xE4, 0x98, 0x8F, 0x79, 0x3A, 0x09, 0xF7, 0xF9, 0x40,
    0xF2, 0xBC, 0xF6, 0xBA, 0xC4, 0xFB, 0x9D, 0x6D, 0x0B, 0x9E, 0xAF, 0x6E, 0x4A, 0x8B, 0xF9, 0x27,
    0x99, 0x3F, 0xC0, 0x72, 0xCC, 0xF9, 0xF8, 0x20, 0x8D, 0xAB, 0xD6, 0x25, 0x6B, 0xA1, 0x97, 0xA2,
    0x84, 0xC8, 0xAC, 0xDA, 0xC4, 0x8B, 0x0A, 0x14, 0x67, 0x6C, 0x82, 0x63, 0x41, 0x21, 0x74, 0xCC,
    0x7A, 0xD3, 0x32, 0xF3, 0x95, 0x48, 0x2F, 0x27, 0x11, 0x9E, 0x0D, 0xF2, 0xA4, 0x92, 0xF7, 0xF0,
    0x98, 0x67, 0xC9, 0xF6, 0x8A, 0x8F, 0x82, 0x5D, 0x94, 0x2B, 0xF6, 0xA8, 0x7F, 0xC1, 0x26, 0xA1,
    0x7E, 0x57, 0x58, 0x05, 0xE7, 0x53, 0xC3, 0x4B, 0x63, 0xA6, 0x6A, 0x61, 0xEC, 0xDB, 0x10, 0x32,
    0xA8, 0xA3, 0x22, 0x2B, 0xDA, 0x26, 0x6F, 0x19, 0x4E, 0x4D, 0xFE, 0xE9, 0x00, 0xEF, 0x34, 0x09,
    0x04, 0x81, 0xE1, 0x86, 0x30, 0x38, 0x07, 0xF7, 0x68, 0x99, 0x97, 0xA6, 0x0D, 0xE9, 0xA8, 0x4B,
    0x1D, 0xC2, 0x83, 0x10, 0xCA, 0x74, 0xB2, 0xDF, 0xF1, 0xAA, 0x47, 0xB8, 0x14, 0x46, 0x86, 0x81,
    0x0C, 0xDB, 0x16, 0x92, 0x87, 0xB3, 0xB2, 0x1E, 0x6C, 0xBD, 0xF8, 0x94, 0xD9, 0xC2, 0x0A, 0xDB,
    0xB3, 0x50, 0x02, 0xEB, 0x2B, 0x42, 0x87, 0xB5, 0x4D, 0x6B, 0x4B, 0x31, 0x67, 0xEE, 0x20, 0x4D,
    0x7B, 0xC8, 0xCA, 0x1D, 0xBF, 0x48, 0x27, 0xC4, 0xF8, 0x13, 0x92, 0x9F, 0x26, 0xEB, 0x4C, 0x16,
    0x4C, 0xF6, 0x72, 0xB6, 0x59, 0xEE, 0x03, 0x13, 0x99, 0x8F, 0x18, 0x6A, 0x3C, 0x47, 0x7D, 0x82,
    0xD1, 0x77, 0xA8, 0x72, 0xA6, 0xAC, 0x9C, 0xAD, 0x35, 0x38, 0xBB, 0x29, 0x8E, 0x50, 0xC7, 0x61,
    0x5E, 0x3A, 0xCC, 0x60, 0xEA, 0x6A, 0x34, 0x75, 0xC4, 0x39, 0x40, 0x4C, 0xF7, 0x30, 0xFA, 0x88,
    0x45, 0xC7, 0x18, 0x58, 0x36, 0xBD, 0x9A, 0xA8, 0x9A, 0x8A, 0x31, 0xE1, 0x68, 0x29, 0xA6, 0xC8,
    0x42, 0x64, 0xD5, 0x4D, 0x61, 0xE6, 0x48, 0x98, 0x7E, 0x22, 0x4C, 0x3D, 0x15, 0x96, 0x4D, 0xC2,
    0x92, 0xE0, 0x61, 0x98, 0x82, 0x1A, 0x5F, 0x29, 0x57, 0x90, 0xF5, 0x7B, 0xBA, 0x6B, 0xBA, 0xC2,
    0xDB, 0x50, 0x43, 0x82, 0xC7, 0xE4, 0xB3, 0x99, 0x20, 0x0E, 0x76, 0x82, 0x34, 0x18, 0x8A, 0x85,
    0x91, 0xC8, 0x22, 0x16, 0x65, 0x44, 0x92, 0x11, 0x41, 0x99, 0xC8, 0xC9, 0x44, 0x4C, 0x26, 0x52,
    0x32, 0x11, 0x92, 0x89, 0x0C, 0xA6, 0x16, 0x94, 0x25, 0x64, 0x9E, 0x05, 0x64, 0x5E, 0xE6, 0x17,
    0xAA, 0xD8, 0x6E, 0xD1, 0x70, 0xD1, 0x72, 0x30, 0x1D, 0xCD, 0x8B, 0x8E, 0xE1, 0x78, 0x6F, 0x15,
    0x8B, 0xF6, 0xEF, 0x63, 0x16, 0xCC, 0x63, 0x00, 0x4E, 0xF5, 0x00, 0x95, 0xF2, 0x30, 0x95, 0x72,
    0x2F, 0x21, 0x66, 0x68, 0x5C, 0x65, 0xC7, 0xE0, 0x0F, 0xFF, 0x3F, 0x0B, 0x40, 0x46, 0x29, 0x9B,
    0x32, 0xEB, 0x56, 0x93, 0x1E, 0x40, 0xAC, 0xC5, 0x1D, 0xCD, 0x49, 0x6E, 0xCE, 0x03, 0xFC, 0x3F,
    0x0F, 0x4E, 0x7F, 0x0B, 0xDC, 0xDB, 0x85, 0x49, 0x0E, 0x80, 0x1E, 0xDF, 0x70, 0x4A, 0x2B, 0x53,
    0xF8, 0x15, 0xA0, 0x6F, 0xF3, 0x1F, 0x9A, 0x4E, 0xC1, 0x6B, 0x1A, 0x56, 0xAD, 0xF6, 0xCD, 0x14,
    0x9C, 0x5D, 0x5E, 0xA0, 0x9A, 0xD4, 0xED, 0x16, 0x91, 0x03, 0xF7, 0x31, 0xE0, 0x76, 0xE2, 0x94,
    0x6B, 0xB8, 0x36, 0x88, 0x2F, 0x40, 0x88, 0x7E, 0x09, 0x0B, 0x24, 0x0D, 0x02, 0x31, 0x20, 0x46,
    0x6E, 0x63, 0xE0, 0xDA, 0x7E, 0xD6, 0x23, 0x02, 0x10, 0x4F, 0x6E, 0x49, 0x17, 0x13, 0xDA, 0x2D,
    0xC8, 0x4C, 0xC8, 0xC4, 0x94, 0x8A, 0xAA, 0x76, 0xC9, 0x71, 0x81, 0x57, 0x5F, 0x7D, 0xE2, 0x15,
    0x3C, 0x79, 0xE9, 0x02, 0xED, 0x5E, 0x26, 0xC3, 0x20, 0x9F, 0x57, 0xAA, 0x07, 0x3E, 0x11, 0x28,
    0xE9, 0xA9, 0x53, 0x21, 0xDC, 0x60, 0x67, 0x88, 0xA4, 0x9D, 0x82, 0xF8, 0xAD, 0x68, 0x89, 0xD9,
    0x42, 0xC5, 0x31, 0x07, 0x3A, 0xD2, 0x87, 0xE6, 0x1A, 0x32, 0x70, 0x91, 0xE0, 0x92, 0xF1, 0xDC,
    0x40, 0xF5, 0xE0, 0xDF, 0xB9, 0x76, 0x70, 0xE9, 0x90, 0xCA, 0x81, 0x84, 0x9D, 0xD2, 0x25, 0xCA,
    0x1E, 0x61, 0x2E, 0x44, 0x1F, 0x67, 0xC4, 0xD9, 0xBF, 0x58, 0x79, 0x87, 0xAC, 0xC1, 0x59, 0x6C,
    0x29, 0x35, 0xE3, 0x54, 0x0D, 0xE9, 0x9E, 0xA9, 0x21, 0x17, 0xF1, 0xC2, 0xB6, 0x2A, 0x39, 0xF9,
    0xB1, 0xFE, 0x94, 0xC4, 0x8C, 0x8D, 0x8A, 0x12, 0xCC, 0x98, 0x2F, 0x11, 0xDF, 0x3D, 0x17, 0x8C,
    0x57, 0x0D, 0xAE, 0x25, 0xD9, 0xF2, 0xF3, 0x2E, 0x99, 0xF5, 0x4A, 0xCA, 0x4B, 0x28, 0x90, 0xB3,
    0x5E, 0x16, 0x7A, 0xAD, 0x47, 0xBD, 0x50, 0x50, 0xB8, 0x9E, 0x48, 0xD5, 0xE0, 0xF2, 0xF1, 0xFC,
    0xA8, 0xA4, 0x90, 0x70, 0x1D, 0x91, 0x32, 0x62, 0x60, 0x33, 0x13, 0x56, 0x28, 0x5A, 0xE8, 0x9A,
    0x2A, 0xD3, 0x82, 0x97, 0xE7, 0xD5, 0x2F, 0x05, 0x2A, 0x78, 0x9C, 0x1C, 0x99, 0xEB, 0x29, 0xFF,
    0xF7, 0x28, 0xFC, 0xE4, 0x38, 0x93, 0xAE, 0xB4, 0x81, 0x37, 0x10, 0x05, 0xA8, 0xEF, 0x94, 0xD7,
    0x3F, 0x8B, 0xCE, 0x94, 0xC0, 0x96, 0xE8, 0x1A, 0xD0, 0x00, 0x10, 0xFD, 0xE9, 0x2D, 0xE9, 0xCD,
    0x98, 0x3C, 0xF1, 0x7D, 0xBE, 0xF2, 0xFD, 0xDB, 0xD6, 0x3D, 0x01, 0xC8, 0xB2, 0xEE, 0x2E, 0xA7,
    0xD7, 0x88, 0xD3, 0xF5, 0xB7, 0xA4, 0xFF, 0xFB, 0x73, 0x66, 0x53, 0xEC, 0xCB, 0x83, 0x9F, 0xC7,
    0xEE, 0x98, 0x3A, 0x19, 0xE7, 0x92, 0xAC, 0xEA, 0xB7, 0x84, 0x17, 0xD8, 0xFD, 0xA0, 0x38, 0x9D,
    0x15, 0xCD, 0x31, 0xCB, 0xED, 0x72, 0xC4, 0xB8, 0xEE, 0x52, 0x8F, 0x15, 0x78, 0x84, 0xCF, 0x6F,
    0x39, 0x84, 0xE2, 0xB0, 0x4B, 0x74, 0x34, 0x93, 0x69, 0x91, 0xF2, 0x5D, 0xE6, 0x55, 0x9F, 0x7B,
    0xE4, 0x02, 0x4F, 0xD7, 0x06, 0x1F, 0xB3, 0x62, 0x87, 0xAC, 0x58, 0xC7, 0xB4, 0xBE, 0x0B, 0xBF,
    0x72, 0xCB, 0x19, 0xFE, 0x5A, 0xC6, 0x2C, 0x88, 0xA6, 0x01, 0xF8, 0x94, 0x71, 0x1B, 0xB5, 0x1B,
    0xBE, 0xD0, 0x87, 0x25, 0x2D, 0x58, 0x2C, 0xF7, 0x3E, 0xC8, 0x8C, 0xE8, 0x91, 0x80, 0xE2, 0x0A,
    0x14, 0xFF, 0x23, 0x7F, 0x28, 0xCE, 0x0F, 0x67, 0xCF, 0x4F, 0xAC, 0x53, 0xCB, 0x99, 0x52, 0xF0,
    0x94, 0x63, 0x6D, 0x1A, 0x43, 0x8D, 0xD2, 0x41, 0xBC, 0x5E, 0x6E, 0x1A, 0x11, 0x9F, 0xC0, 0x7B,
    0x31, 0x77, 0x8A, 0xDF, 0xB0, 0xFD, 0xDB, 0x68, 0x04, 0xBA, 0x11, 0x1D, 0x82, 0xE6, 0x8F, 0xE0,
    0x66, 0xA9, 0x66, 0xEC, 0xFF, 0x0D, 0x34, 0x53, 0x1B, 0x78, 0x58, 0xF7, 0x6F, 0x5C, 0x59, 0x48,
    0xCD, 0xCD, 0xEF, 0x52, 0x1A, 0xFC, 0x78, 0x70, 0x5A, 0x7C, 0x58, 0x52, 0xF6, 0xA0, 0x16, 0x4E,
    0xD3, 0xD9, 0xAB, 0x0D, 0x6B, 0x28, 0x40, 0x34, 0x82, 0x9F, 0xD8, 0xDC, 0xAD, 0x42, 0xCD, 0x48,
    0x37, 0xFA, 0x2B, 0xA1, 0xF9, 0x43, 0x74, 0xAE, 0xA4, 0xAF, 0x7A, 0x40, 0xAD, 0x50, 0x1E, 0x38,
    0x59, 0x28, 0xFF, 0x7B, 0xF6, 0xA6, 0xE7, 0x7C, 0xCA, 0xCE, 0x4E, 0x84, 0xA6, 0x4E, 0xF9, 0x3B,
    0x00, 0x0E, 0x9E, 0x29, 0x15, 0x68, 0xD6, 0xEA, 0x12, 0xBD, 0x67, 0xDB, 0x38, 0x4C, 0x57, 0xA3,
    0xFF, 0x90, 0xAE, 0xFE, 0x7D, 0x81, 0x3F, 0x93, 0x3D, 0x3A, 0x69, 0x72, 0x4E, 0xF2, 0xD3, 0xDA,
    0x12, 0x21, 0xCF, 0xB2, 0xCB, 0x45, 0x3E, 0x16, 0xED, 0xE5, 0xAC, 0xD7, 0x6D, 0x82, 0xFE, 0xB7,
    0x2D, 0xF0, 0x5B, 0xCD, 0x18, 0xC1, 0x42, 0x60, 0x44, 0x7B, 0x75, 0xCA, 0x00, 0xBC, 0x26, 0xD4,
    0xAA, 0x2F, 0x8E, 0x67, 0x8F, 0x8C, 0xB1, 0x58, 0xC4, 0xF8, 0xE2, 0xB6, 0x65, 0x1B, 0x6A, 0xC9,
    0x4E, 0x48, 0x77, 0x6A, 0x28, 0xDA, 0x02, 0x20, 0xD9, 0x03, 0x38, 0x9E, 0x4C, 0xF6, 0xF6, 0xA3,
    0xC9, 0x7E, 0x79, 0x73, 0xB2, 0x3F, 0x02, 0x24, 0x23, 0x40, 0xE2, 0x21, 0x88, 0x01, 0x0E, 0x21,
    0xDB, 0xD7, 0x30, 0x5F, 0x0A, 0xC7, 0xE6, 0x5D, 0x04, 0xC9, 0x36, 0xC5, 0x82, 0x24, 0x45, 0xEC,
    0xF1, 0x0A, 0x28, 0xB7, 0x00, 0xC8, 0xAB, 0xA1, 0xB4, 0xBF, 0x03, 0x50, 0x0E, 0x00, 0x14, 0xB7,
    0x2A, 0x62, 0xDB, 0xCD, 0xBE, 0xC4, 0x93, 0x82, 0xC5, 0xF4, 0x43, 0x87, 0xC0, 0x84, 0xE2, 0x3B,
    0x9B, 0xE7, 0x6E, 0x33, 0x6E, 0x00, 0x67, 0xDF, 0x00, 0x78, 0x16, 0x11, 0xA2, 0xAE, 0x96, 0x94,
    0x5C, 0x79, 0x03, 0xC7, 0x73, 0xC2, 0xE6, 0x20, 0xBF, 0x8B, 0x02, 0xF1, 0xF5, 0x7B, 0xE7, 0xD6,
    0x89, 0xFE, 0x46, 0x12, 0xE0, 0xEA, 0x37, 0x2D, 0x5C, 0xDB, 0x9D, 0x5D, 0x1F, 0xD8, 0xF6, 0x0E,
    0xD6, 0x34, 0x02, 0x0D, 0x55, 0x51, 0x52, 0x7E, 0xAB, 0x9E, 0xB7, 0x60, 0xA3, 0x6C, 0x8F, 0xD0,
    0x7F, 0x73, 0x8B, 0x8F, 0xF1, 0x0E, 0x46, 0x4B, 0xC5, 0x7D, 0x8C, 0x30, 0x8F, 0x23, 0x8C, 0xF6,
    0x02, 0xEF, 0x6D, 0x30, 0xCC, 0xBC, 0x5D, 0x5B, 0xD2, 0xD6, 0x16, 0x2D, 0xF0, 0xD6, 0x17, 0x88,
    0x90, 0x96, 0xCA, 0x52, 0x3C, 0x57, 0xAB, 0xD0, 0x17, 0x47, 0xA3, 0x2D, 0x47, 0xA4, 0x11, 0x3E,
    0x79, 0x6F, 0x02, 0x8F, 0x7D, 0x84, 0xC8, 0xE6, 0xA6, 0xE3, 0x30, 0xEE, 0x08, 0xF3, 0x2B, 0x1D,
    0xBD, 0x47, 0x5F, 0x9F, 0x5B, 0x05, 0xFA, 0x23, 0x82, 0xA2, 0xCD, 0x8E, 0x5C, 0x46, 0xD7, 0x5F,
    0x4B, 0xFE, 0x45, 0xDA, 0xD9, 0xA5, 0x43, 0x4B, 0xE6, 0xCB, 0x3A, 0xBD, 0xDF, 0xCA, 0xFE, 0x14,
    0x4D, 0x95, 0x43, 0xEA, 0x7B, 0xF5, 0x89, 0xA4, 0x84, 0x27, 0x37, 0x37, 0x69, 0xF1, 0x67, 0x32,
    0xD7, 0x28, 0x47, 0x4E, 0x90, 0x15, 0x13, 0x7C, 0x82, 0x93, 0x65, 0x9C, 0x3A, 0x1B, 0x87, 0x46,
    0x7D, 0xED, 0x7B, 0xCE, 0x87, 0x9B, 0x05, 0x5D, 0xCF, 0xCF, 0xDC, 0x6C, 0xAE, 0x39, 0xEE, 0x19,
    0x37, 0xD7, 0xE9, 0xBA, 0x7A, 0xBD, 0x4E, 0x13, 0xC1, 0x90, 0x7F, 0xD6, 0x92, 0xFA, 0xCE, 0x51,
    0xF6, 0x14, 0xC1, 0xF0, 0xF1, 0xC7, 0xE7, 0xEE, 0x34, 0x79, 0x0A, 0xCB, 0xFB, 0xFD, 0xAF, 0x4A,
    0x4A, 0xFF, 0x05, 0x8B, 0xC5, 0x65, 0x9F, 0xAD, 0xD3, 0xE4, 0x6D, 0x1C, 0x77, 0xBF, 0x3B, 0x28,
    0xFF, 0x71, 0x2D, 0xE7, 0xD2, 0x89, 0x2E, 0x97, 0xD2, 0x61, 0xA6, 0x1D, 0x9A, 0xF0, 0xF2, 0xD7,
    0x6F, 0xD4, 0xF9, 0x4A, 0x30, 0x1C, 0xFE, 0x34, 0x18, 0xDC, 0x8C, 0x44, 0xF9, 0x16, 0x51, 0x62,
    0xE3, 0x0D, 0x8E, 0xEB, 0xC0, 0x55, 0x13, 0x69, 0xF9, 0x01, 0xF8, 0x7D, 0xC8, 0x38, 0x9A, 0x44,
    0x0E, 0xDF, 0x6F, 0x06, 0xEB, 0xC3, 0x58, 0xBC, 0x00, 0x1A, 0xF6, 0x41, 0x6F, 0x1F, 0x8F, 0xBA,
    0x1F, 0x95, 0x1F, 0x90, 0x0D, 0x9E, 0x3D, 0xB1, 0x06, 0xEC, 0xC8, 0x5F, 0x1C, 0x0C, 0x6F, 0xAE,
    0x02, 0x82, 0x21, 0x45, 0x30, 0xDC, 0x74, 0x39, 0xDD, 0x79, 0x2D, 0xF9, 0x84, 0xE2, 0xF6, 0x2D,
    0xA0, 0x82, 0xBC, 0x99, 0x8C, 0xB0, 0xC7, 0xFA, 0x87, 0xE7, 0xDE, 0x00, 0x7C, 0x88, 0x74, 0x67,
    0x0C, 0xE0, 0xF2, 0x8F, 0x9A, 0xD2, 0x7F, 0xAE, 0xE0, 0x72, 0xA6, 0x26, 0x29, 0xE5, 0xFA, 0x82,
    0xE0, 0xDE, 0x00, 0x54, 0x3E, 0xC9, 0xCE, 0xDF, 0xC8, 0x09, 0x5C, 0x5C, 0x84, 0x4B, 0xFD, 0xC9,
    0x99, 0xF5, 0x49, 0x9A, 0xBF, 0x00, 0x5A, 0x6C, 0xEF, 0x7B, 0x08, 0xEB, 0x0D, 0xB4, 0x56, 0xEF,
    0x4A, 0x0A, 0xE7, 0x4F, 0x1F, 0x39, 0x7F, 0x5D, 0x69, 0xB8, 0x89, 0x0E, 0xF4, 0x11, 0xEA, 0xFB,
    0x36, 0x31, 0xF4, 0x10, 0xBD, 0x80, 0xDA, 0x56, 0xB3, 0x1F, 0xA1, 0xBE, 0x3E, 0x97, 0x62, 0x6E,
    0x30, 0x34, 0xC5, 0x3D, 0xC3, 0x07, 0x78, 0xE5, 0xB8, 0xC3, 0x14, 0x36, 0xEF, 0x6C, 0xD2, 0x41,
    0x4D, 0x05, 0x28, 0x5C, 0x73, 0x5B, 0x99, 0x5F, 0x64, 0xCE, 0x86, 0x76, 0x11, 0xBF, 0xA8, 0xDC,
    0x95, 0x96, 0x07, 0xE7, 0xA6, 0x34, 0xA4, 0x25, 0x67, 0xF4, 0x81, 0xC7, 0x42, 0xBB, 0x71, 0x57,
    0xBB, 0xDD, 0x1D, 0xED, 0xB6, 0x68, 0xF5, 0x15, 0xE4, 0xC5, 0xA3, 0x99, 0x18, 0x5A, 0x51, 0x1B,
    0xDE, 0xA6, 0xF0, 0x27, 0x15, 0xFE, 0x3C, 0xC0, 0xED, 0x27, 0x5F, 0x23, 0x71, 0x24, 0xFB, 0xBC,
    0x31, 0xC5, 0x89, 0x7B, 0x55, 0x28, 0x71, 0x6A, 0xF9, 0xFF, 0xB9, 0xD3, 0xB1, 0x96, 0xE9, 0x4B,
    0x34, 0xFB, 0x1F, 0x65, 0xCE, 0x2D, 0xB2, 0xC2, 0x30, 0x14, 0x86, 0xE1, 0x0F, 0x32, 0x4C, 0x07,
    0x3A, 0x90, 0x6E, 0x80, 0xA9, 0xBD, 0x82, 0x72, 0x6C, 0x5D, 0x0E, 0x02, 0x75, 0x0D, 0xAC, 0x00,
    0x16, 0x81, 0x88, 0x68, 0x6F, 0xB2, 0x24, 0x04, 0x75, 0xFC, 0x1C, 0x8F, 0x61, 0x09, 0x59, 0x42,
    0x65, 0x44, 0xB9, 0x43, 0x19, 0x24, 0xE6, 0xB5, 0xEF, 0x73, 0x40, 0x07, 0x87, 0x94, 0x07, 0xAC,
    0xBC, 0x16, 0xE2, 0x0A, 0x19, 0x94, 0xE8, 0x96, 0xA2, 0x2D, 0xB2, 0x11, 0xAD, 0x6F, 0xFF, 0xDB,
    0xE8, 0x9E, 0xEE, 0xB9, 0x9F, 0x1C, 0xE6, 0xA6, 0x4B, 0x43, 0xCE, 0x46, 0x8C, 0xE4, 0x4C, 0xDA,
    0x9B, 0x9D, 0xF4, 0x4D, 0x83, 0x89, 0xD5, 0xF9, 0x27, 0xAA, 0xA0, 0x84, 0x7C, 0x13, 0xDA, 0xB6,
    0x09, 0xE4, 0x93, 0x5F, 0xE8, 0x1D, 0x1B, 0x03, 0x7B, 0x42, 0xC6, 0xD8, 0x8C, 0x6C, 0x41, 0x51,
    0xB7, 0x4A, 0xCA, 0x12, 0x75, 0x05, 0x22, 0x24, 0x77, 0x8F, 0x15, 0x27, 0x81, 0x3A, 0x5B, 0x1C,
    0x67, 0x00, 0x16, 0xF6, 0x52, 0x6B, 0x90, 0xE4, 0xD2, 0x4B, 0x50, 0xF7, 0x8E, 0xAF, 0x57, 0x79,
    0xFD, 0x2B, 0x6C, 0x36, 0x45, 0x2E, 0xC3, 0xE0, 0xDE, 0x17, 0x5E, 0xA2, 0x82, 0x7B, 0x90, 0xDF,
    0x8F, 0x3F, 0xBC, 0x37, 0xF5, 0x05, 0xB5, 0x99, 0xB1, 0x6E, 0xDC, 0x46, 0x10, 0x86, 0x67, 0x49,
    0xCB, 0x9B, 0x84, 0x80, 0xA9, 0x42, 0x8D, 0x61, 0x58, 0x54, 0xE9, 0xC2, 0x12, 0x5B, 0x17, 0x92,
    0x48, 0xB9, 0x49, 0xE9, 0xB8, 0x76, 0x91, 0x27, 0x48, 0x2A, 0x05, 0x50, 0x71, 0x31, 0x89, 0xB8,
    0x48, 0x91, 0xC2, 0x0E, 0x5C, 0xB8, 0x0D, 0x90, 0x17, 0x70, 0xE1, 0x42, 0x06, 0x4E, 0xE6, 0x2A,
    0x29, 0x82, 0x20, 0x0D, 0x8D, 0x14, 0x69, 0x09, 0xD8, 0x55, 0xAA, 0x0D, 0xC2, 0x00, 0x74, 0xC0,
    0xBB, 0xCD, 0x3F, 0xBB, 0xBC, 0xB3, 0xE4, 0x1C, 0x12, 0xDF, 0x91, 0xD2, 0xDD, 0xF0, 0x48, 0x82,
    0x4B, 0x7E, 0x3B, 0x3B, 0xFB, 0xEF, 0x0C, 0x45, 0xA1, 0x26, 0x62, 0x8B, 0x1B, 0xA2, 0xFD, 0x96,
    0x68, 0x34, 0x21, 0x3A, 0x9E, 0x12, 0xE9, 0x82, 0x84, 0x4E, 0x52, 0xAF, 0x4A, 0x72, 0xDF, 0x18,
    0x25, 0x7F, 0x2F, 0xCA, 0x20, 0x0F, 0xAB, 0x90, 0x02, 0x9D, 0x3D, 0x8A, 0x27, 0xA6, 0x4A, 0x70,
    0x11, 0xFE, 0x02, 0x45, 0x14, 0x55, 0xCE, 0xB0, 0x7F, 0xD9, 0xA4, 0x14, 0x9B, 0x8A, 0xF6, 0xA5,
    0xA6, 0xAB, 0xBE, 0x26, 0x51, 0x68, 0x8A, 0x8C, 0xA6, 0xE4, 0x01, 0x0C, 0xC7, 0xC9, 0xC7, 0x35,
    0x25, 0xC6, 0x50, 0x50, 0xB9, 0xE6, 0xF4, 0x25, 0xCC, 0x74, 0xC6, 0xFB, 0x41, 0x49, 0x94, 0x80,
    0xE5, 0x08, 0x2C, 0xB7, 0xF0, 0x8B, 0x36, 0xE4, 0x2B, 0xC7, 0xB8, 0x22, 0xA7, 0x78, 0x4E, 0x24,
    0xC1, 0x15, 0x3C, 0xCC, 0xC9, 0xBB, 0x93, 0x12, 0xED, 0xE1, 0x39, 0xBB, 0xEE, 0xF1, 0xCB, 0xF1,
    0x3E, 0x25, 0xF2, 0x6A, 0x70, 0xA0, 0xAF, 0x3B, 0xAE, 0xFD, 0x9C, 0x2D, 0x01, 0xD3, 0x71, 0x77,
    0xB2, 0x8F, 0x4F, 0x43, 0xB4, 0x4F, 0x60, 0xB8, 0xDC, 0x2F, 0xBB, 0x67, 0x8C, 0xBA, 0x63, 0xEE,
    0xC3, 0x03, 0x45, 0x6B, 0x94, 0x2F, 0xCF, 0xBE, 0x89, 0x06, 0x71, 0xEE, 0xD8, 0xE9, 0xD9, 0x85,
    0xB0, 0x7B, 0xE0, 0xF5, 0xE1, 0x1E, 0x81, 0x26, 0x74, 0x6D, 0x40, 0x76, 0xBA, 0xF6, 0x88, 0x28,
    0x03, 0x54, 0x8D, 0xBB, 0x7F, 0xA1, 0xAD, 0x67, 0xE4, 0x6F, 0x6A, 0xCE, 0xFE, 0x6C, 0xB3, 0xBF,
    0xDF, 0x3D, 0xB4, 0x09, 0x11, 0x84, 0x61, 0x8C, 0x18, 0x84, 0x8D, 0xC6, 0xE0, 0xAE, 0xFB, 0x71,
    0xC7, 0x07, 0xC0, 0xC6, 0x3D, 0xEF, 0x8E, 0x07, 0xF7, 0xB5, 0xFF, 0xFA, 0x13, 0x0A, 0xC0, 0x71,
    0x29, 0xCA, 0x87, 0xF1, 0xF1, 0xD0, 0x71, 0xBC, 0x40, 0x1B, 0x86, 0x89, 0x85, 0x05, 0x9A, 0x41,
    0x47, 0x08, 0x3A, 0xF0, 0x49, 0x84, 0xC7, 0x95, 0xD4, 0x5D, 0xF3, 0xDD, 0x87, 0x88, 0x8B, 0xEB,
    0xAE, 0x3F, 0x41, 0xD5, 0xBF, 0x3F, 0x32, 0x75, 0xF3, 0xA7, 0xC0, 0xA3, 0x5E, 0xD3, 0xFC, 0xEF,
    0x23, 0x2A, 0x29, 0xB8, 0xAD, 0xD0, 0xA7, 0x9C, 0xC4, 0x74, 0x05, 0x4D, 0xB9, 0xC9, 0xF3, 0x1D,
    0xF7, 0x8E, 0x30, 0x79, 0x84, 0xBE, 0x10, 0x76, 0x1E, 0x5A, 0xA0, 0x90, 0x87, 0x66, 0x73, 0xDD,
    0x1A, 0x82, 0x7D, 0x91, 0x56, 0x7F, 0xFF, 0xF3, 0xA0, 0xEC, 0x73, 0xED, 0xBE, 0x93, 0x93, 0xFC,
    0x14, 0x7E, 0xDA, 0x77, 0x9A, 0xD2, 0x9B, 0x3D, 0xC1, 0xDC, 0x2C, 0xF0, 0x7B, 0xD0, 0x5E, 0x88,
    0xCF, 0x65, 0x95, 0x42, 0x4E, 0x4A, 0xFA, 0x20, 0xCA, 0x87, 0xF1, 0xF5, 0xD0, 0xF1, 0xBC, 0x68,
    0x7E, 0x0E, 0xC1, 0xB9, 0x60, 0x7E, 0x1A, 0xD3, 0x52, 0x61, 0x26, 0x14, 0xA9, 0x7D, 0xD8, 0x26,
    0xEC, 0x12, 0x4C, 0x51, 0xF4, 0x03, 0xCC, 0x74, 0x76, 0x0A, 0x53, 0x6B, 0xB0, 0x10, 0x16, 0xE3,
    0x7A, 0x83, 0x76, 0xDD, 0xFD, 0x78, 0xCC, 0x8B, 0xCE, 0xB0, 0x2F, 0x8A, 0x3C, 0x30, 0x75, 0x74,
    0xDA, 0x26, 0x69, 0x9B, 0x18, 0xFB, 0x4D, 0x29, 0xC9, 0x29, 0x2E, 0x6F, 0x84, 0xA6, 0x15, 0xE6,
    0x51, 0xD7, 0xA6, 0x48, 0xB9, 0x05, 0x76, 0x5E, 0x90, 0xED, 0x8F, 0x7C, 0x88, 0x7E, 0x21, 0x07,
    0xB0, 0xEB, 0xEB, 0x6E, 0x4F, 0xAE, 0xFB, 0xE4, 0x19, 0xE5, 0xFF, 0xA4, 0xBC, 0x6F, 0x70, 0x41,
    0x37, 0xAD, 0xFE, 0x17, 0xCC, 0xAB, 0xD7, 0xAD, 0x6A, 0xAF, 0x45, 0xCE, 0xDB, 0x7D, 0x08, 0x44,
    0xBD, 0x25, 0x8D, 0x16, 0xDD, 0xB8, 0xBD, 0x87, 0x53, 0x02, 0xCE, 0x00, 0x52, 0xAB, 0xC0, 0xA2,
    0x0B, 0x20, 0x9B, 0x05, 0x61, 0x94, 0xD0, 0x15, 0x0A, 0xBE, 0xAA, 0x7A, 0x33, 0x91, 0xCC, 0x71,
    0x4C, 0x59, 0x4A, 0xB5, 0xBD, 0xD7, 0x36, 0x0F, 0x82, 0x80, 0x9F, 0x4E, 0xB5, 0x47, 0x5B, 0xEF,
    0x43, 0xC9, 0x64, 0xBC, 0x14, 0x33, 0x25, 0x05, 0xE9, 0xC5, 0x50, 0x62, 0xCA, 0xB4, 0x36, 0x9A,
    0xA4, 0x5A, 0x8D, 0x92, 0xDE, 0xCA, 0x52, 0x3A, 0x97, 0xA5, 0x3D, 0xC8, 0x12, 0x4E, 0xF9, 0x4C,
    0x79, 0x30, 0x00, 0x25, 0x3D, 0xEF, 0x96, 0x4A, 0x84, 0xAC, 0xC4, 0x73, 0xB6, 0x39, 0xA4, 0xC7,
    0x04, 0x50, 0x02, 0x29, 0x39, 0x54, 0x0B, 0x8B, 0x98, 0xAA, 0x71, 0x9F, 0x16, 0x0B, 0x09, 0xCC,
    0x74, 0x06, 0x2A, 0x30, 0x33, 0x34, 0x94, 0xA8, 0x25, 0xC6, 0xE6, 0xF8, 0x43, 0xD0, 0xD0, 0xDA,
    0x35, 0x35, 0xB8, 0x57, 0x45, 0xB3, 0xEE, 0x1B, 0xED, 0x61, 0x4D, 0x58, 0xC1, 0x9F, 0x43, 0x8F,
    0xF0, 0x02, 0xD5, 0x58, 0x05, 0xEB, 0xBC, 0x8E, 0xC8, 0x2A, 0x6E, 0x77, 0x47, 0x37, 0xC7, 0x42,
    0x43, 0x59, 0xA7, 0xF1, 0x54, 0xEA, 0x45, 0x9F, 0x78, 0x92, 0x4C, 0x21, 0xD0, 0xD0, 0xE9, 0xDD,
    0x31, 0xDD, 0x68, 0xC8, 0xD3, 0x5D, 0x22, 0x1F, 0x36, 0xFC, 0xF5, 0x1B, 0x8E, 0xEF, 0x77, 0xBE,
    0xC1, 0x14, 0xDD, 0x21, 0xD3, 0x14, 0x4D, 0xA4, 0x16, 0x7D, 0x8A, 0xDA, 0x70, 0x7A, 0x9A, 0xC7,
    0x65, 0x5C, 0x86, 0x79, 0xA8, 0xA2, 0x2A, 0xB4, 0x91, 0x9B, 0x54, 0x49, 0x15, 0x56, 0xC1, 0x99,
    0x4F, 0xDC, 0x64, 0x9C, 0x08, 0x95, 0xA1, 0x0E, 0xB5, 0x2C, 0x29, 0x7A, 0x83, 0x71, 0xC7, 0x0A,
    0x80, 0xA3, 0xB0, 0xF4, 0x9B, 0x58, 0x79, 0x6D, 0x92, 0x8B, 0xC9, 0x39, 0x53, 0xA2, 0xE5, 0xF3,
    0x51, 0xE9, 0xD7, 0x41, 0x1D, 0x54, 0x9E, 0x81, 0x54, 0xC6, 0x6F, 0x9C, 0x0F, 0x65, 0xF5, 0x76,
    0x95, 0xC1, 0xED, 0x44, 0x81, 0xD5, 0x01, 0xE3, 0x12, 0xA9, 0x29, 0x1C, 0x95, 0x21, 0xC6, 0xB2,
    0x34, 0xB1, 0x9F, 0xCC, 0x1E, 0xC7, 0x25, 0x0A, 0x18, 0xA0, 0x76, 0xBE, 0x43, 0xF0, 0xC1, 0xB2,
    0xDC, 0x19, 0xEF, 0xF3, 0xCA, 0xC5, 0x19, 0x03, 0x5C, 0x63, 0x33, 0x06, 0xCF, 0x25, 0xF3, 0xBD,
    0x38, 0x3F, 0x4F, 0xD1, 0xB6, 0x24, 0xEF, 0x57, 0xF0, 0x3D, 0xE1, 0x2C, 0x96, 0xB3, 0xA9, 0x99,
    0x28, 0x2E, 0xC3, 0x7B, 0xE8, 0xA4, 0x27, 0x00, 0xD3, 0x66, 0xA7, 0x3C, 0x5C, 0xD2, 0xF0, 0x71,
    0x0C, 0xA7, 0x1E, 0xE1, 0xA6, 0xEB, 0xD4, 0x8F, 0xD5, 0xE7, 0x0A, 0x0C, 0x8C, 0x50, 0xC8, 0x4E,
    0x22, 0xDD, 0xD2, 0xC1, 0xFE, 0x41, 0x1F, 0xFC, 0x97, 0x67, 0xE7, 0xF5, 0x12, 0xEC, 0x57, 0x98,
    0x4B, 0x39, 0x56, 0x3A, 0xBE, 0x18, 0x76, 0x14, 0xBF, 0xC4, 0x95, 0x1D, 0xB3, 0x4B, 0x35, 0x1C,
    0x3B, 0x05, 0xD8, 0x24, 0xF0, 0xC6, 0x31, 0x9C, 0x7F, 0x88, 0x5F, 0xBF, 0x22, 0xFF, 0x15, 0xAA,
    0x3B, 0xEC, 0x26, 0x27, 0x8E, 0x9D, 0x7A, 0xB2, 0xCF, 0x53, 0x80, 0x5F, 0x5C, 0x0A, 0xB0, 0x83,
    0x60, 0xCC, 0x4E, 0xFA, 0x71, 0xC7, 0xB7, 0x5D, 0x75, 0xB7, 0x7E, 0x32, 0xBC, 0xAF, 0x9B, 0x75,
    0xE0, 0xD6, 0xE4, 0xC9, 0x6A, 0x18, 0x1F, 0x0F, 0xCD, 0xB7, 0x40, 0x1B, 0x86, 0x89, 0x85, 0x05,
    0x9A, 0x41, 0xB7, 0x78, 0xC3, 0x69, 0x3A, 0xD7, 0x77, 0x76, 0x7A, 0x73, 0x74, 0x57, 0xE8, 0x80,
    0xAF, 0xD1, 0x83, 0x1F, 0x6B, 0x59, 0x87, 0x9A, 0xFB, 0xF0, 0x77, 0x09, 0x58, 0x93, 0x33, 0x39,
    0xBD, 0xBB, 0x41, 0x4F, 0x88, 0xBB, 0x42, 0xDC, 0x17, 0xE2, 0xCE, 0x90, 0xED, 0x8D, 0x4D, 0x9E,
    0xC9, 0x53, 0xAE, 0x0F, 0x21, 0x4E, 0xEC, 0xA1, 0x0C, 0xDB, 0xE2, 0xF7, 0x18, 0x5E, 0x03, 0xF6,
    0xC3, 0xC0, 0x4C, 0x74, 0xA4, 0x70, 0xD7, 0x74, 0x01, 0xBB, 0x3A, 0xC3, 0xBE, 0x4D, 0x5D, 0x29,
    0x67, 0x6B, 0xB9, 0x59, 0x31, 0x37, 0x2C, 0x27, 0xDF, 0x93, 0x7F, 0x4F, 0xF8, 0x29, 0x78, 0x82,
    0xB7, 0x02, 0xA7, 0xAD, 0x1E, 0x58, 0x84, 0xE9, 0x68, 0x4C, 0x4E, 0x86, 0x6D, 0xE5, 0x46, 0xBE,
    0x1A, 0x16, 0xD6, 0x0A, 0x33, 0xE6, 0x1B, 0x0B, 0xF3, 0xD7, 0x2C, 0xCC, 0x07, 0x9A, 0x36, 0x57,
    0x00, 0xE6, 0xD7, 0x28, 0xB6, 0x56, 0xA3, 0xBB, 0xED, 0xF0, 0x3E, 0x15, 0xCD, 0x16, 0xE6, 0x1A,
    0x5C, 0x19, 0xBC, 0xD4, 0xEE, 0xFD, 0xD5, 0x92, 0x78, 0x43, 0x8F, 0xF1, 0x7C, 0x72, 0xD9, 0x99,
    0xE5, 0x36, 0xD2, 0x66, 0x10, 0x62, 0x55, 0xC0, 0x7F, 0x4D, 0xAA, 0x64, 0x22, 0x4D, 0xDC, 0xCA,
    0x29, 0x34, 0xA1, 0x86, 0xE9, 0xFF, 0x32, 0x59, 0x0B, 0xED, 0x4F, 0xEF, 0x95, 0xE2, 0xEC, 0xE4,
    0xF7, 0xB9, 0x64, 0xAC, 0x9D, 0x61, 0x3F, 0x3B, 0x35, 0x94, 0xBD, 0x34, 0x14, 0x96, 0x19, 0x2C,
    0x79, 0xC7, 0x70, 0xEE, 0x2F, 0x93, 0x06, 0xA6, 0xA8, 0xBC, 0x49, 0xEC, 0xB2, 0x3B, 0x2E, 0x8B,
    0x13, 0xE5, 0x2C, 0xC2, 0x9C, 0xB9, 0xFC, 0x1A, 0xBF, 0x58, 0x5D, 0x38, 0xC9, 0xBD, 0xBE, 0xE7,
    0xA2, 0x1C, 0xDD, 0xED, 0xC5, 0x39, 0x4B, 0x0C, 0x5E, 0xE1, 0x91, 0x4F, 0xCA, 0x73, 0x89, 0xC1,
    0x72, 0xBC, 0xF6, 0xF5, 0x62, 0x46, 0xDD, 0x9B, 0xCD, 0xEE, 0xB5, 0x2C, 0x2A, 0xEC, 0x89, 0xFC,
    0xB3, 0xC1, 0xE6, 0x8F, 0x26, 0xC4, 0xA3, 0x0F, 0x99, 0x81, 0x41, 0x8C, 0xC2, 0xA6, 0x61, 0xB9,
    0xD5, 0x0B, 0x37, 0xCC, 0x49, 0xFE, 0xE4, 0x5E, 0x45, 0xC2, 0x0D, 0x3A, 0xBB, 0x54, 0x94, 0x9D,
    0x53, 0x6D, 0x7A, 0x00, 0x2D, 0x85, 0x9A, 0x6E, 0x38, 0x35, 0xC1, 0x98, 0x9E, 0x9A, 0x90, 0x71,
    0x3F, 0x63, 0xB6, 0x9A, 0x21, 0x53, 0x4B, 0x7A, 0x6E, 0x03, 0x3E, 0xA6, 0x26, 0xC6, 0x26, 0xC7,
    0x1D, 0xD2, 0xEC, 0x7E, 0x36, 0x2F, 0xB0, 0xEF, 0xDF, 0x86, 0x06, 0x7F, 0x3A, 0x13, 0x67, 0x54,
    0xC4, 0x56, 0x9D, 0x01, 0x2E, 0xFA, 0x82, 0x7B, 0xFC, 0x86, 0x2D, 0x64, 0x67, 0xEF, 0x70, 0xE6,
    0x6E, 0x03, 0xC2, 0xEA, 0x1E, 0xE9, 0x61, 0xE9, 0xB9, 0x1E, 0xE6, 0x05, 0xCB, 0x05, 0x09, 0x3D,
    0xE6, 0x51, 0x08, 0xF3, 0x1D, 0x76, 0x5D, 0x5F, 0xDF, 0x7F, 0xCB, 0xF5, 0x17, 0x3F, 0x68, 0xFD,
    0xFE, 0x05, 0xB8, 0xBD, 0xD9, 0x20, 0x9B, 0x21, 0x90, 0x90, 0xD5, 0xCE, 0x7C, 0xE1, 0x59, 0x1D,
    0x77, 0x68, 0x3E, 0xA7, 0xD3, 0x56, 0xBA, 0x9A, 0xD9, 0xC6, 0xD3, 0xF3, 0x9C, 0xB1, 0x3F, 0x2E,
    0x39, 0xDD, 0xB0, 0x02, 0xE2, 0x36, 0xF6, 0xF0, 0xFA, 0x99, 0x7F, 0x73, 0x08, 0xF7, 0x6F, 0x0E,
    0xD3, 0x46, 0x93, 0x02, 0x16, 0x6A, 0xBF, 0x92, 0xB5, 0x54, 0x7E, 0x0B, 0x21, 0x98, 0x62, 0x4E,
    0x17, 0x23, 0xB7, 0x0E, 0x46, 0xDA, 0x5D, 0x7F, 0xD6, 0x32, 0x74, 0x02, 0xC5, 0xA7, 0x0D, 0xEF,
    0xB6, 0x0B, 0x6E, 0xD6, 0x0F, 0xE1, 0x1E, 0x8D, 0x82, 0x4C, 0x65, 0x75, 0x91, 0x47, 0x6A, 0x1B,
    0x97, 0xEF, 0x92, 0xD4, 0x87, 0x50, 0x66, 0x2C, 0x22, 0x2D, 0xDA, 0x62, 0xCD, 0xA3, 0x42, 0xB9,
    0x3E, 0xC6, 0xAE, 0xC3, 0x23, 0x14, 0xB8, 0x63, 0xE4, 0xE5, 0x2F, 0xB4, 0xC3, 0xEB, 0xC5, 0x34,
    0x7B, 0x75, 0x37, 0x3B, 0x8F, 0xFD, 0xE5, 0x79, 0x46, 0xE0, 0x99, 0x82, 0x67, 0x0A, 0x9E, 0x91,
    0x5B, 0x6F, 0x38, 0x39, 0xC4, 0x79, 0xBA, 0x39, 0x76, 0x63, 0x85, 0xA4, 0xB1, 0x17, 0x27, 0x4F,
    0x2E, 0x83, 0xA8, 0xE0, 0xA9, 0xF5, 0xB8, 0x4B, 0xAE, 0xC2, 0x61, 0xFC, 0x77, 0x2E, 0xF9, 0xEE,
    0x3B, 0xC6, 0x6F, 0x36, 0xEC, 0x54, 0x12, 0xB2, 0x9A, 0xBF, 0x1A, 0xEF, 0xCB, 0xF7, 0x0F, 0x65,
    0x51, 0xB1, 0x4E, 0xC3, 0x30, 0x10, 0x7D, 0x21, 0x43, 0xA5, 0x46, 0xD4, 0x0C, 0x9D, 0xC9, 0x0A,
    0x52, 0xA5, 0x2C, 0x45, 0xEA, 0xD0, 0xD4, 0x66, 0xEA, 0x08, 0x7F, 0x00, 0x1F, 0xD0, 0x09, 0x45,
    0x28, 0x4B, 0x49, 0x24, 0x7E, 0xA8, 0x03, 0x03, 0x52, 0xA3, 0xC6, 0x12, 0x3F, 0xD0, 0x8D, 0xD5,
    0x4C, 0xAC, 0x2E, 0xB2, 0x4A, 0x84, 0x02, 0xE1, 0xEC, 0x86, 0x82, 0xC4, 0xE9, 0x72, 0x77, 0xBE,
    0xE7, 0x73, 0xEE, 0xDE, 0x71, 0xC3, 0x4D, 0xD9, 0xE8, 0x3F, 0x4A, 0x92, 0xFF, 0xB7, 0x40, 0x17,
    0x03, 0x24, 0x58, 0xA1, 0xC4, 0x04, 0x31, 0xD9, 0x0C, 0x3D, 0x97, 0x41, 0x7B, 0x62, 0x74, 0x1A,
    0xC2, 0x49, 0xD7, 0x17, 0x03, 0x86, 0x64, 0x80, 0x15, 0x17, 0x25, 0x97, 0x93, 0x50, 0xC4, 0x21,
    0x28, 0xC8, 0x22, 0xD9, 0xEB, 0xB4, 0x10, 0x49, 0xC4, 0x72, 0x7E, 0x25, 0xF9, 0x85, 0x0C, 0x7C,
    0x79, 0x1C, 0x88, 0xD1, 0xA1, 0x2B, 0x2E, 0x80, 0xDA, 0xDA, 0x7E, 0x72, 0xC4, 0x97, 0x86, 0x37,
    0xBA, 0x9F, 0x5E, 0xEE, 0x93, 0x48, 0x9D, 0x8E, 0x60, 0x7F, 0xB5, 0xD7, 0x1F, 0xF4, 0x64, 0x78,
    0xCD, 0x1B, 0xC3, 0x97, 0xDA, 0xB6, 0xB5, 0x2F, 0x49, 0x40, 0x19, 0xCA, 0x9F, 0x9E, 0x2D, 0xF0,
    0xE8, 0x92, 0x35, 0xA2, 0x3C, 0x53, 0xA5, 0xCE, 0x54, 0x94, 0x87, 0xA2, 0xF0, 0x15, 0x97, 0x5F,
    0x81, 0x71, 0xC6, 0x1D, 0x77, 0x53, 0x20, 0xA8, 0x3C, 0x43, 0x8E, 0xDF, 0xF9, 0xDA, 0x4E, 0x19,
    0x05, 0x92, 0xDC, 0x9C, 0xBA, 0x76, 0x2E, 0xB2, 0x57, 0xF8, 0x64, 0x6E, 0x1D, 0xAB, 0x6A, 0x57,
    0x71, 0x6E, 0xCA, 0x75, 0xA6, 0xE0, 0xBF, 0xBD, 0x6F, 0x3E, 0x2A, 0x04, 0x4F, 0x2F, 0x5B, 0x5D,
    0x83, 0xDD, 0x6F, 0xB6, 0xBA, 0x02, 0x3F, 0x68, 0x36, 0x8D, 0xC1, 0x1C, 0x65, 0x9E, 0xAD, 0xD3,
    0xA2, 0xD2, 0x4A, 0xA4, 0x69, 0x51, 0x57, 0x46, 0x6B, 0xB5, 0x16, 0x82, 0xAA, 0xB5, 0xAF, 0x98,
    0xE4, 0x22, 0x03, 0x17, 0x4C, 0x1E, 0x28, 0x2C, 0xEC, 0x93, 0x23, 0xA2, 0x9B, 0xE5, 0x81, 0xF2,
    0x75, 0xA0, 0xC2, 0x3C, 0x6E, 0x29, 0xB6, 0xB4, 0xE3, 0x81, 0xBE, 0xDE, 0x0D, 0x35, 0xC5, 0x1A,
    0x32, 0xDE, 0x27, 0xDA, 0xA8, 0x77, 0x2B, 0x5B, 0xD4, 0x89, 0xA2, 0xC5, 0x90, 0x19, 0x63, 0xFC,
    0x3C, 0x9D, 0x11, 0x11, 0xD3, 0x46, 0xFB, 0x86, 0x56, 0x66, 0x23, 0x15, 0xBF, 0x4E, 0x67, 0xCA,
    0xB3, 0x28, 0xED, 0xC3, 0xED, 0xD2, 0x71, 0x66, 0x07, 0xB7, 0x3C, 0x74, 0xEC, 0xEB, 0xF9, 0x2F,
    0x44, 0x63, 0x7A, 0x7A, 0x07, 0x59, 0x36, 0x98, 0xD8, 0x41, 0xDF, 0x5D, 0x54, 0xBD, 0x8E, 0x1E,
    0x35, 0x14, 0xBD, 0x33, 0x96, 0xD6, 0xC5, 0x14, 0xAE, 0x52, 0x51, 0x0C, 0x05, 0x15, 0x12, 0xF2,
    0x0B, 0x7C, 0xC2, 0x96, 0x52, 0x52, 0xF0, 0x08, 0xF0, 0x06, 0xDB, 0x50, 0xA4, 0xC8, 0xCA, 0xD3,
    0x51, 0xC2, 0x23, 0x50, 0x52, 0x20, 0x25, 0xC5, 0x16, 0x29, 0x96, 0x8C, 0xA3, 0x2D, 0x53, 0xE0,
    0x08, 0x6A, 0x62, 0xA4, 0x95, 0x82, 0x58, 0x45, 0x32, 0x92, 0x11, 0xB3, 0x60, 0x8F, 0x73, 0xEE,
    0xCC, 0xF7, 0x65, 0x11, 0xC5, 0xB1, 0xEF, 0xF8, 0xE7, 0xFE, 0x9C, 0x73, 0x3D, 0x74, 0x48, 0x44,
    0x87, 0x48, 0x34, 0xBF, 0x21, 0xD1, 0x1A, 0xA9, 0xA8, 0x49, 0x7B, 0x65, 0xCD, 0xD4, 0x91, 0xB1,
    0x44, 0xEE, 0x08, 0xB6, 0xCD, 0xC4, 0xE8, 0xB6, 0x7D, 0x95, 0xF5, 0x76, 0xBE, 0x6B, 0xAF, 0xA9,
    0x7F, 0x49, 0xD4, 0xFF, 0x84, 0xBD, 0xD6, 0xAC, 0x06, 0x64, 0x52, 0x93, 0x4C, 0x12, 0xE8, 0x61,
    0x7F, 0x48, 0x32, 0x7D, 0x45, 0xB2, 0xE5, 0x1D, 0x08, 0x37, 0x63, 0x9E, 0x8F, 0xF6, 0x78, 0xC7,
    0xF7, 0xE0, 0x7C, 0x8E, 0xD8, 0x2F, 0xA4, 0xC2, 0x8F, 0x34, 0xFA, 0x02, 0x20, 0x6E, 0x8B, 0x38,
    0x97, 0xB6, 0x73, 0x27, 0xBB, 0x5F, 0x10, 0x2B, 0x2B, 0x92, 0xF1, 0x9C, 0x10, 0x0B, 0x77, 0x57,
    0x32, 0x8B, 0x68, 0x93, 0xAE, 0x3D, 0x22, 0x37, 0x7A, 0x0C, 0x37, 0x96, 0x07, 0xFF, 0x98, 0xDC,
    0xEB, 0xE8, 0xBC, 0x7B, 0x99, 0x9C, 0x97, 0xD7, 0x0B, 0x3E, 0x5F, 0x54, 0x7C, 0xFA, 0x86, 0x4F,
    0xEF, 0xAE, 0x48, 0x7A, 0x5D, 0x30, 0xA8, 0x42, 0xFA, 0x46, 0x16, 0xF6, 0x52, 0xA8, 0x21, 0xCC,
    0x77, 0xC4, 0x29, 0x16, 0x42, 0x54, 0xA4, 0xD1, 0xBA, 0x7D, 0x9E, 0xC5, 0x3E, 0x3B, 0xDD, 0xFC,
    0xFC, 0xC3, 0x36, 0x5F, 0xB7, 0xB2, 0xAD, 0xCB, 0x78, 0x35, 0xBE, 0xA8, 0x3C, 0x1F, 0xC6, 0xB6,
    0x88, 0x24, 0x9A, 0x1D, 0xDB, 0x24, 0x52, 0xD7, 0x16, 0x94, 0x81, 0x7B, 0x1F, 0xD4, 0x6D, 0x96,
    0xF6, 0x82, 0xE7, 0x2C, 0xC3, 0xC5, 0xFC, 0x3B, 0xD8, 0x7B, 0xD3, 0x4A, 0xAB, 0x88, 0xF5, 0xF5,
    0x93, 0x38, 0x57, 0x99, 0xC6, 0xEA, 0xCA, 0x90, 0x55, 0x51, 0x49, 0x2D, 0x22, 0x0C, 0x49, 0x15,
    0xE1, 0x79, 0x55, 0x78, 0x97, 0x3F, 0x59, 0x65, 0x71, 0xCB, 0x61, 0x1E, 0x90, 0xE4, 0xC1, 0x29,
    0x9A, 0xCB, 0x23, 0xF3, 0x79, 0x99, 0xCB, 0xA5, 0xF9, 0x66, 0xA1, 0x9A, 0xF4, 0xAF, 0x44, 0x6B,
    0x1A, 0xDF, 0x32, 0x8D, 0xA8, 0x87, 0x5C, 0xE0, 0xD1, 0xF8, 0x61, 0xE1, 0x5A, 0x76, 0x8C, 0x28,
    0x6D, 0x6C, 0x81, 0xED, 0x0E, 0xC4, 0x0D, 0x00, 0xB2, 0x87, 0xA0, 0x80, 0xFD, 0x0F, 0xF0, 0xAD,
    0x3D, 0x1A, 0xA1, 0x35, 0xDF, 0x57, 0x83, 0xF3, 0x84, 0x54, 0x41, 0x3C, 0x40, 0x72, 0x7D, 0x0A,
    0xC6, 0x13, 0xAD, 0x7D, 0xEA, 0x0A, 0x5D, 0x0A, 0xB8, 0xD7, 0x10, 0x52, 0x63, 0x49, 0x64, 0xDA,
    0xB6, 0x18, 0x20, 0x92, 0x7A, 0xEC, 0x13, 0x93, 0xC7, 0x0B, 0xC3, 0x9A, 0x4C, 0x53, 0x2B, 0xE9,
    0x3A, 0x54, 0xC8, 0x29, 0xA0, 0x35, 0x7A, 0x04, 0xC3, 0xA7, 0xF0, 0x99, 0x16, 0xE6, 0x1B, 0x84,
    0x9F, 0xFF, 0xBB, 0x7E, 0x4F, 0xF2, 0xCF, 0xCA, 0x6B, 0x33, 0x0F, 0x86, 0x8F, 0xE8, 0xC0, 0x87,
    0x13, 0xE9, 0x15, 0x2A, 0x9B, 0x46, 0xCD, 0xA2, 0xCF, 0xB2, 0x03, 0x2E, 0xD4, 0xAB, 0xE5, 0x99,
    0x0A, 0xCF, 0x2E, 0x55, 0x78, 0x44, 0xEA, 0x15, 0x75, 0xE7, 0xDC, 0x01, 0xE8, 0x65, 0xF5, 0x87,
    0xED, 0xDB, 0x6A, 0xCF, 0x9E, 0x20, 0x7B, 0x05, 0x8C, 0x5C, 0xF5, 0x1D, 0xCA, 0xAE, 0xC8, 0x66,
    0xE1, 0xBE, 0xB1, 0x22, 0x1B, 0xD0, 0x3A, 0x96, 0x19, 0x84, 0x8B, 0xAC, 0x02, 0xDB, 0x2E, 0xBB,
    0xC2, 0x3D, 0x2D, 0xDA, 0xCD, 0x56, 0xCE, 0x09, 0xE3, 0x6A, 0x71, 0x0F, 0xCD, 0x2F, 0xFD, 0x0E,
    0xFD, 0x97, 0x07, 0x85, 0x41, 0xE6, 0x21, 0xAA, 0xD0, 0x47, 0xED, 0x89, 0x53, 0xFD, 0x76, 0x7F,
    0x1F, 0x0C, 0xB3, 0x9A, 0x69, 0xAC, 0xC6, 0x8B, 0x34, 0x46, 0x01, 0x39, 0x07, 0xF4, 0x04, 0x68,
    0x98, 0x97, 0x74, 0xF2, 0x21, 0x75, 0x84, 0x04, 0x95, 0x86, 0x60, 0x08, 0xAF, 0xCD, 0x9E, 0xF1,
    0x2B, 0x3B, 0x6B, 0xE8, 0xF3, 0x16, 0x41, 0x46, 0x1A, 0x10, 0x4F, 0x71, 0xEC, 0x20, 0x26, 0xE5,
    0x87, 0x69, 0x88, 0x7A, 0x82, 0x8F, 0x89, 0xDC, 0xCF, 0xD8, 0x40, 0x10, 0xC6, 0xF9, 0x2D, 0x64,
    0x81, 0x94, 0x59, 0x5B, 0x15, 0x86, 0x49, 0xFB, 0xDE, 0xDE, 0xE7, 0x70, 0x0F, 0xED, 0x3B, 0xF8,
    0x81, 0x8F, 0x3C, 0x5A, 0xAE, 0x8F, 0xDC, 0x2D, 0x9D, 0x7C, 0x30, 0x97, 0x0C, 0x96, 0xF9, 0xC8,
    0xEB, 0x72, 0xA5, 0xC2, 0x02, 0x4E, 0x0F, 0x5F, 0xAA, 0xF0, 0xD1, 0xC6, 0xDF, 0xFF, 0xB1, 0x71,
    0xB9, 0xF2, 0x15, 0x1C, 0x7F, 0x30, 0xFF, 0x82, 0xBF, 0x06, 0x1B, 0x5F, 0xDC, 0xA0, 0xA3, 0x3E,
    0x5E, 0xC9, 0xE5, 0xAD, 0xE1, 0x10, 0x1A, 0xCC, 0x80, 0x7B, 0x88, 0x37, 0x34, 0xEA, 0x2B, 0xBF,
    0xE3, 0xF7, 0xF8, 0xC7, 0x43, 0x07, 0x94, 0xF3, 0xDE, 0xF6, 0x64, 0xF2, 0x19, 0xFF, 0x3B, 0xFC,
    0x0E, 0xC9, 0xCD, 0x3F, 0xED, 0x6F, 0xFC, 0x06, 0x42, 0xC4, 0x1D, 0xF3, 0x0A, 0x8D, 0x5B, 0x54,
    0x7F, 0xDF, 0x2E, 0xFA, 0xFA, 0xB7, 0x62, 0x1E, 0xC6, 0x6A, 0x44, 0x7A, 0xEE, 0xD0, 0x32, 0x47,
    0x3C, 0x37, 0x03, 0xF0, 0x59, 0xAA, 0x7A, 0x22, 0x3C, 0xD0, 0xAE, 0x98, 0x76, 0xC7, 0x9A, 0x4F,
    0x32, 0xEB, 0x00, 0xAD, 0xE3, 0x3D, 0xB4, 0x47, 0xDE, 0xD6, 0xA1, 0x27, 0x58, 0x67, 0x07, 0x1A,
    0xDC, 0xB1, 0x95, 0x4F, 0x9A, 0xBF, 0x03, 0x63, 0xD0, 0xFF, 0xC9, 0xC0, 0xF8, 0xFF, 0x7F, 0x03,
    0xF3, 0x17, 0xFE, 0x03, 0xDC, 0x0F, 0xF8, 0x1D, 0xB8, 0x1F, 0x30, 0x30, 0xD8, 0xFF, 0xFF, 0x7F,
    0xA0, 0x1E, 0x88, 0xB9, 0x1F, 0xC8, 0x83, 0xC4, 0xB0, 0x62, 0xFD, 0x1F, 0xF5, 0x5F, 0xEC, 0xFF,
    0xEC, 0xFF, 0xC1, 0xA0, 0xFF, 0x44, 0x00, 0xA8, 0xFF, 0x01, 0xF3, 0x07, 0xF9, 0x07, 0x40, 0x71,
    0x30, 0xB6, 0xFF, 0xDF, 0xFF, 0xA0, 0x1E, 0x88, 0x61, 0x7C, 0x6C, 0x58, 0xFF, 0xA7, 0xFE, 0x0F,
    0xFB, 0xBF, 0xF6, 0x7F, 0x00,
};

static const EpdGlyph literata_10_boldGlyphs[] = {
    { 0, 0, 67, 0, 0, 0, 0 }, // U+0020
    { 5, 15, 112, 1, 15, 19, 0 }, // !
    { 7, 5, 146, 1, 16, 9, 19 }, // "
    { 14, 12, 231, 0, 12, 42, 28 }, // #
    { 12, 19, 198, 0, 17, 57, 70 }, // $
    { 19, 14, 303, 0, 14, 67, 127 }, // %
    { 17, 15, 279, 0, 15, 64, 194 }, // &
    { 4, 5, 86, 1, 16, 5, 258 }, // '
    { 7, 23, 119, 0, 18, 41, 263 }, // (
    { 7, 23, 119, 0, 18, 41, 304 }, // )
    { 9, 8, 150, 0, 17, 18, 345 }, // *
    { 10, 9, 194, 1, 11, 23, 363 }, // +
    { 5, 7, 109, 1, 3, 9, 386 }, // ,
    { 7, 2, 113, 0, 7, 4, 395 }, // -
    { 5, 4, 110, 1, 4, 5, 399 }, // .
    { 10, 19, 163, 0, 17, 48, 404 }, // /
    { 13, 15, 205, 0, 15, 49, 452 }, // 0
    { 9, 15, 138, 0, 15, 34, 501 }, // 1
    { 11, 15, 179, 0, 15, 42, 535 }, // 2
    { 11, 15, 186, 0, 15, 42, 577 }, // 3
    { 13, 15, 201, 0, 15, 49, 619 }, // 4
    { 11, 15, 181, 0, 15, 42, 668 }, // 5
    { 12, 15, 195, 0, 15, 45, 710 }, // 6
    { 12, 15, 181, 0, 15, 45, 755 }, // 7
    { 12, 15, 196, 0, 15, 45, 800 }, // 8
    { 12, 15, 192, 0, 15, 45, 845 }, // 9
    { 5, 11, 110, 1, 11, 14, 890 }, // :
    { 5, 15, 109, 1, 11, 19, 904 }, // ;
    { 10, 12, 194, 1, 12, 30, 923 }, // <
    { 10, 6, 194, 1, 9, 15, 953 }, // =
    { 9, 12, 194, 2, 12, 27, 968 }, // >
    { 11, 15, 186, 0, 15, 42, 995 }, // ?
    { 18, 17, 315, 1, 12, 77, 1037 }, // @
    { 16, 15, 252, 0, 15, 60, 1114 }, // A
    { 13, 15, 230, 1, 15, 49, 1174 }, // B
    { 14, 15, 237, 0, 15, 53, 1223 }, // C
    { 15, 15, 259, 1, 15, 57, 1276 }, // D
    { 13, 15, 222, 1, 15, 49, 1333 }, // E
    { 12, 15, 213, 1, 15, 45, 1382 }, // F
    { 16, 15, 256, 0, 15, 60, 1427 }, // G
    { 16, 15, 280, 1, 15, 60, 1487 }, // H
    { 7, 15, 139, 1, 15, 27, 1547 }, // I
    { 12, 15, 192, 0, 15, 45, 1574 }, // J
    { 16, 15, 261, 1, 15, 60, 1619 }, // K
    { 12, 15, 216, 1, 15, 45, 1679 }, // L
    { 20, 15, 329, 0, 15, 75, 1724 }, // M
    { 16, 15, 280, 1, 15, 60, 1799 }, // N
    { 16, 15, 259, 0, 15, 60, 1859 }, // O
    { 13, 15, 218, 1, 15, 49, 1919 }, // P
    { 20, 19, 262, 0, 15, 95, 1968 }, // Q
    { 15, 15, 248, 1, 15, 57, 2063 }, // R
    { 13, 15, 205, 0, 15, 49, 2120 }, // S
    { 16, 15, 249, 0, 15, 60, 2169 }, // T
    { 16, 15, 262, 0, 15, 60, 2229 }, // U
    { 16, 15, 253, 0, 15, 60, 2289 }, // V
    { 24, 15, 370, 0, 15, 90, 2349 }, // W
    { 16, 15, 252, 0, 15, 60, 2439 }, // X
    { 16, 15, 249, 0, 15, 60, 2499 }, // Y
    { 14, 15, 229, 0, 15, 53, 2559 }, // Z
    { 6, 22, 118, 1, 17, 33, 2612 }, // [
    { 10, 19, 164, 0, 17, 48, 2645 }, // <backslash>
    { 6, 22, 118, 0, 17, 33, 2693 }, // ]
    { 12, 9, 194, 0, 15, 27, 2726 }, // ^
    { 10, 2, 157, 0, -1, 5, 2753 }, // _
    { 6, 5, 167, 2, 17, 8, 2758 }, // `
    { 13, 11, 193, 0, 11, 36, 2766 }, // a
    { 13, 16, 216, 0, 16, 52, 2802 }, // b
    { 11, 11, 181, 0, 11, 31, 2854 }, // c
    { 14, 16, 219, 0, 16, 56, 2885 }, // d
    { 12, 11, 189, 0, 11, 33, 2941 }, // e
    { 11, 16, 143, 0, 16, 44, 2974 }, // f
    { 13, 18, 202, 0, 13, 59, 3018 }, // g
    { 14, 16, 230, 0, 16, 56, 3077 }, // h
    { 8, 16, 122, 0, 16, 32, 3133 }, // i
    { 6, 21, 112, 0, 16, 32, 3165 }, // j
    { 15, 16, 224, 0, 16, 60, 3197 }, // k
    { 8, 16, 121, 0, 16, 32, 3257 }, // l
    { 21, 11, 332, 0, 11, 58, 3289 }, // m
    { 15, 11, 232, 0, 11, 42, 3347 }, // n
    { 13, 11, 208, 0, 11, 36, 3389 }, // o
    { 14, 16, 220, 0, 11, 56, 3425 }, // p
    { 14, 16, 214, 0, 11, 56, 3481 }, // q
    { 12, 11, 181, 0, 11, 33, 3537 }, // r
    { 10, 11, 166, 0, 11, 28, 3570 }, // s
    { 10, 15, 146, 0, 15, 38, 3598 }, // t
    { 14, 11, 226, 0, 11, 39, 3636 }, // u
    { 13, 11, 208, 0, 11, 36, 3675 }, // v
    { 19, 11, 300, 0, 11, 53, 3711 }, // w
    { 13, 11, 201, 0, 11, 36, 3764 }, // x
    { 13, 16, 204, 0, 11, 52, 3800 }, // y
    { 11, 11, 178, 0, 11, 31, 3852 }, // z
    { 8, 22, 123, 0, 17, 44, 3883 }, // {
    { 3, 19, 149, 3, 17, 15, 3927 }, // |
    { 8, 22, 123, 0, 17, 44, 3942 }, // }
    { 11, 4, 194, 1, 9, 11, 3986 }, // ~
    { 0, 0, 67, 0, 0, 0, 0 }, // U+00A0
    { 5, 16, 114, 1, 11, 20, 0 }, // U+00A1
    { 11, 15, 180, 0, 14, 42, 20 }, // U+00A2
    { 13, 15, 201, 0, 15, 49, 62 }, // U+00A3
    { 11, 12, 186, 0, 13, 33, 111 }, // U+00A4
    { 16, 15, 249, 0, 15, 60, 144 }, // U+00A5
    { 3, 19, 149, 3, 17, 15, 204 }, // U+00A6
    { 13, 19, 207, 0, 15, 62, 219 }, // U+00A7
    { 9, 3, 167, 1, 16, 7, 281 }, // U+00A8
    { 16, 16, 279, 1, 15, 64, 288 }, // U+00A9
    { 10, 9, 149, 0, 17, 23, 352 }, // U+00AA
    { 11, 11, 181, 0, 11, 31, 375 }, // U+00AB
    { 10, 5, 194, 1, 8, 13, 406 }, // U+00AC
    { 0, 0, 0, 0, 0, 0, 419 }, // U+00AD
    { 10, 8, 163, 0, 16, 20, 419 }, // U+00AE
    { 8, 2, 167, 1, 15, 4, 439 }, // U+00AF
    { 7, 5, 124, 0, 16, 9, 443 }, // U+00B0
    { 10, 12, 194, 1, 12, 30, 452 }, // U+00B1
    { 9, 9, 137, 0, 17, 21, 482 }, // U+00B2
    { 9, 9, 141, 0, 17, 21, 503 }, // U+00B3
    { 6, 5, 167, 3, 17, 8, 524 }, // U+00B4
    { 13, 16, 222, 1, 11, 52, 532 }, // U+00B5
    { 12, 18, 210, 1, 15, 54, 584 }, // U+00B6
    { 5, 4, 110, 1, 9, 5, 638 }, // U+00B7
    { 6, 5, 167, 2, 0, 8, 643 }, // U+00B8
    { 7, 10, 112, 0, 18, 18, 651 }, // U+00B9
    { 10, 9, 152, 0, 17, 23, 669 }, // U+00BA
    { 11, 11, 181, 0, 11, 31, 692 }, // U+00BB
    { 21, 16, 334, 0, 16, 84, 723 }, // U+00BC
    { 22, 16, 351, 0, 16, 88, 807 }, // U+00BD
    { 22, 15, 348, 0, 15, 83, 895 }, // U+00BE
    { 10, 16, 186, 1, 11, 40, 978 }, // U+00BF
    { 16, 20, 252, 0, 20, 80, 1018 }, // U+00C0
    { 16, 20, 252, 0, 20, 80, 1098 }, // U+00C1
    { 16, 20, 252, 0, 20, 80, 1178 }, // U+00C2
    { 16, 19, 247, 0, 19, 76, 1258 }, // U+00C3
    { 16, 19, 252, 0, 19, 76, 1334 }, // U+00C4
    { 16, 21, 252, 0, 21, 84, 1410 }, // U+00C5
    { 21, 15, 346, 0, 15, 79, 1494 }, // U+00C6
    { 14, 20, 237, 0, 15, 70, 1573 }, // U+00C7
    { 13, 20, 222, 1, 20, 65, 1643 }, // U+00C8
    { 13, 20, 222, 1, 20, 65, 1708 }, // U+00C9
    { 13, 20, 222, 1, 20, 65, 1773 }, // U+00CA
    { 13, 19, 222, 1, 19, 62, 1838 }, // U+00CB
    { 7, 20, 139, 1, 20, 35, 1900 }, // U+00CC
    { 7, 20, 139, 1, 20, 35, 1935 }, // U+00CD
    { 9, 20, 139, 0, 20, 45, 1970 }, // U+00CE
    { 9, 19, 139, 0, 19, 43, 2015 }, // U+00CF
    { 16, 15, 259, 0, 15, 60, 2058 }, // U+00D0
    { 16, 19, 280, 1, 19, 76, 2118 }, // U+00D1
    { 16, 20, 259, 0, 20, 80, 2194 }, // U+00D2
    { 16, 20, 259, 0, 20, 80, 2274 }, // U+00D3
    { 16, 20, 259, 0, 20, 80, 2354 }, // U+00D4
    { 16, 19, 259, 0, 19, 76, 2434 }, // U+00D5
    { 16, 19, 259, 0, 19, 76, 2510 }, // U+00D6
    { 9, 9, 194, 2, 11, 21, 2586 }, // U+00D7
    { 16, 15, 259, 0, 15, 60, 2607 }, // U+00D8
    { 16, 20, 262, 0, 20, 80, 2667 }, // U+00D9
    { 16, 20, 262, 0, 20, 80, 2747 }, // U+00DA
    { 16, 20, 262, 0, 20, 80, 2827 }, // U+00DB
    { 16, 19, 262, 0, 19, 76, 2907 }, // U+00DC
    { 16, 20, 249, 0, 20, 80, 2983 }, // U+00DD
    { 13, 15, 220, 1, 15, 49, 3063 }, // U+00DE
    { 16, 16, 254, 0, 16, 64, 3112 }, // U+00DF
    { 13, 17, 193, 0, 17, 56, 3176 }, // U+00E0
    { 13, 17, 193, 0, 17, 56, 3232 }, // U+00E1
    { 13, 17, 193, 0, 17, 56, 3288 }, // U+00E2
    { 13, 16, 193, 0, 16, 52, 3344 }, // U+00E3
    { 13, 16, 193, 0, 16, 52, 3396 }, // U+00E4
    { 13, 17, 193, 0, 17, 56, 3448 }, // U+00E5
    { 18, 11, 283, 0, 11, 50, 3504 }, // U+00E6
    { 11, 16, 181, 0, 11, 44, 3554 }, // U+00E7
    { 12, 17, 189, 0, 17, 51, 3598 }, // U+00E8
    { 12, 17, 189, 0, 17, 51, 3649 }, // U+00E9
    { 12, 17, 189, 0, 17, 51, 3700 }, // U+00EA
    { 12, 16, 189, 0, 16, 48, 3751 }, // U+00EB
    { 8, 17, 122, 0, 17, 34, 3799 }, // U+00EC
    { 8, 17, 122, 0, 17, 34, 3833 }, // U+00ED
    { 9, 17, 122, -1, 17, 39, 3867 }, // U+00EE
    { 9, 16, 122, -1, 16, 36, 3906 }, // U+00EF
    { 12, 17, 200, 0, 17, 51, 3942 }, // U+00F0
    { 15, 16, 232, 0, 16, 60, 3993 }, // U+00F1
    { 13, 17, 208, 0, 17, 56, 4053 }, // U+00F2
    { 13, 17, 208, 0, 17, 56, 4109 }, // U+00F3
    { 13, 17, 208, 0, 17, 56, 4165 }, // U+00F4
    { 13, 16, 208, 0, 16, 52, 4221 }, // U+00F5
    { 13, 16, 208, 0, 16, 52, 4273 }, // U+00F6
    { 10, 11, 194, 1, 12, 28, 4325 }, // U+00F7
    { 13, 11, 208, 0, 11, 36, 4353 }, // U+00F8
    { 14, 17, 226, 0, 17, 60, 4389 }, // U+00F9
    { 14, 17, 226, 0, 17, 60, 4449 }, // U+00FA
    { 14, 17, 226, 0, 17, 60, 4509 }, // U+00FB
    { 14, 16, 226, 0, 16, 56, 4569 }, // U+00FC
    { 13, 22, 204, 0, 17, 72, 4625 }, // U+00FD
    { 13, 21, 215, 0, 16, 69, 4697 }, // U+00FE
    { 13, 21, 204, 0, 16, 69, 4766 }, // U+00FF
    { 16, 19, 252, 0, 19, 76, 0 }, // U+0100
    { 13, 15, 193, 0, 15, 49, 76 }, // U+0101
    { 16, 20, 252, 0, 20, 80, 125 }, // U+0102
    { 13, 17, 193, 0, 17, 56, 205 }, // U+0103
    { 16, 20, 252, 0, 15, 80, 261 }, // U+0104
    { 13, 16, 193, 0, 11, 52, 341 }, // U+0105
    { 14, 20, 237, 0, 20, 70, 393 }, // U+0106
    { 11, 17, 181, 0, 17, 47, 463 }, // U+0107
    { 14, 20, 237, 0, 20, 70, 510 }, // U+0108
    { 11, 17, 181, 0, 17, 47, 580 }, // U+0109
    { 14, 20, 237, 0, 20, 70, 627 }, // U+010A
    { 11, 17, 181, 0, 17, 47, 697 }, // U+010B
    { 14, 21, 237, 0, 21, 74, 744 }, // U+010C
    { 11, 17, 181, 0, 17, 47, 818 }, // U+010D
    { 15, 21, 259, 1, 21, 79, 865 }, // U+010E
    { 16, 17, 257, 0, 17, 68, 944 }, // U+010F
    { 16, 15, 259, 0, 15, 60, 1012 }, // U+0110
    { 14, 16, 216, 0, 16, 56, 1072 }, // U+0111
    { 13, 19, 222, 1, 19, 62, 1128 }, // U+0112
    { 12, 15, 189, 0, 15, 45, 1190 }, // U+0113
    { 13, 20, 222, 1, 20, 65, 1235 }, // U+0114
    { 12, 17, 189, 0, 17, 51, 1300 }, // U+0115
    { 13, 20, 222, 1, 20, 65, 1351 }, // U+0116
    { 12, 17, 189, 0, 17, 51, 1416 }, // U+0117
    { 13, 20, 222, 1, 15, 65, 1467 }, // U+0118
    { 12, 16, 189, 0, 11, 48, 1532 }, // U+0119
    { 13, 21, 222, 1, 21, 69, 1580 }, // U+011A
    { 12, 17, 189, 0, 17, 51, 1649 }, // U+011B
    { 16, 20, 256, 0, 20, 80, 1700 }, // U+011C
    { 13, 22, 196, 0, 17, 72, 1780 }, // U+011D
    { 16, 20, 256, 0, 20, 80, 1852 }, // U+011E
    { 13, 22, 202, 0, 17, 72, 1932 }, // U+011F
    { 16, 20, 256, 0, 20, 80, 2004 }, // U+0120
    { 13, 22, 202, 0, 17, 72, 2084 }, // U+0121
    { 16, 22, 256, 0, 15, 88, 2156 }, // U+0122
    { 13, 22, 202, 0, 17, 72, 2244 }, // U+0123
    { 16, 20, 280, 1, 20, 80, 2316 }, // U+0124
    { 15, 21, 230, -1, 21, 79, 2396 }, // U+0125
    { 17, 15, 272, 0, 15, 64, 2475 }, // U+0126
    { 14, 16, 230, 0, 16, 56, 2539 }, // U+0127
    { 9, 19, 139, 0, 19, 43, 2595 }, // U+0128
    { 9, 16, 122, -1, 16, 36, 2638 }, // U+0129
    { 8, 19, 139, 0, 19, 38, 2674 }, // U+012A
    { 9, 15, 122, -1, 15, 34, 2712 }, // U+012B
    { 9, 20, 139, 0, 20, 45, 2746 }, // U+012C
    { 9, 16, 122, -1, 16, 36, 2791 }, // U+012D
    { 7, 20, 130, 1, 15, 35, 2827 }, // U+012E
    { 8, 21, 122, 0, 16, 42, 2862 }, // U+012F
    { 7, 20, 139, 1, 20, 35, 2904 }, // U+0130
    { 8, 11, 122, 0, 11, 22, 2939 }, // U+0131
    { 20, 15, 331, 1, 15, 75, 2961 }, // U+0132
    { 14, 21, 234, 0, 16, 74, 3036 }, // U+0133
    { 12, 20, 192, 0, 20, 60, 3110 }, // U+0134
    { 8, 22, 111, -1, 17, 44, 3170 }, // U+0135
    { 16, 22, 261, 1, 15, 88, 3214 }, // U+0136
    { 15, 23, 224, 0, 16, 87, 3302 }, // U+0137
    { 15, 11, 225, 0, 11, 42, 3389 }, // U+0138
    { 12, 20, 216, 1, 20, 60, 3431 }, // U+0139
    { 8, 21, 121, 0, 21, 42, 3491 }, // U+013A
    { 12, 22, 216, 1, 15, 66, 3533 }, // U+013B
    { 8, 23, 121, 0, 16, 46, 3599 }, // U+013C
    { 12, 17, 216, 1, 17, 51, 3645 }, // U+013D
    { 10, 17, 157, 0, 17, 43, 3696 }, // U+013E
    { 13, 15, 216, 1, 15, 49, 3739 }, // U+013F
    { 11, 16, 144, 0, 16, 44, 3788 }, // U+0140
    { 13, 15, 216, 0, 15, 49, 3832 }, // U+0141
    { 8, 16, 127, 0, 16, 32, 3881 }, // U+0142
    { 16, 20, 280, 1, 20, 80, 3913 }, // U+0143
    { 15, 17, 232, 0, 17, 64, 3993 }, // U+0144
    { 16, 22, 280, 1, 15, 88, 4057 }, // U+0145
    { 15, 18, 232, 0, 11, 68, 4145 }, // U+0146
    { 16, 21, 280, 1, 21, 84, 4213 }, // U+0147
    { 15, 17, 232, 0, 17, 64, 4297 }, // U+0148
    { 18, 16, 282, 0, 16, 72, 4361 }, // U+0149
    { 16, 20, 280, 1, 15, 80, 4433 }, // U+014A
    { 13, 16, 226, 0, 11, 52, 4513 }, // U+014B
    { 16, 19, 259, 0, 19, 76, 4565 }, // U+014C
    { 13, 15, 208, 0, 15, 49, 4641 }, // U+014D
    { 16, 20, 259, 0, 20, 80, 4690 }, // U+014E
    { 13, 16, 208, 0, 16, 52, 4770 }, // U+014F
    { 16, 21, 259, 0, 21, 84, 4822 }, // U+0150
    { 13, 17, 208, 0, 17, 56, 4906 }, // U+0151
    { 23, 15, 365, 0, 15, 87, 4962 }, // U+0152
    { 20, 11, 315, 0, 11, 55, 5049 }, // U+0153
    { 15, 20, 248, 1, 20, 75, 5104 }, // U+0154
    { 12, 17, 181, 0, 17, 51, 5179 }, // U+0155
    { 15, 22, 248, 1, 15, 83, 5230 }, // U+0156
    { 12, 18, 181, 0, 11, 54, 5313 }, // U+0157
    { 15, 21, 248, 1, 21, 79, 5367 }, // U+0158
    { 12, 17, 181, 0, 17, 51, 5446 }, // U+0159
    { 13, 20, 205, 0, 20, 65, 5497 }, // U+015A
    { 10, 17, 166, 0, 17, 43, 5562 }, // U+015B
    { 13, 20, 205, 0, 20, 65, 5605 }, // U+015C
    { 10, 17, 166, 0, 17, 43, 5670 }, // U+015D
    { 13, 20, 205, 0, 15, 65, 5713 }, // U+015E
    { 10, 16, 166, 0, 11, 40, 5778 }, // U+015F
    { 13, 21, 205, 0, 21, 69, 5818 }, // U+0160
    { 10, 17, 166, 0, 17, 43, 5887 }, // U+0161
    { 16, 20, 249, 0, 15, 80, 5930 }, // U+0162
    { 10, 20, 146, 0, 15, 50, 6010 }, // U+0163
    { 16, 21, 249, 0, 21, 84, 6060 }, // U+0164
    { 10, 18, 146, 0, 18, 45, 6144 }, // U+0165
    { 16, 15, 249, 0, 15, 60, 6189 }, // U+0166
    { 10, 15, 146, 0, 15, 38, 6249 }, // U+0167
    { 16, 19, 262, 0, 19, 76, 6287 }, // U+0168
    { 14, 16, 226, 0, 16, 56, 6363 }, // U+0169
    { 16, 19, 262, 0, 19, 76, 6419 }, // U+016A
    { 14, 15, 226, 0, 15, 53, 6495 }, // U+016B
    { 16, 20, 262, 0, 20, 80, 6548 }, // U+016C
    { 14, 17, 226, 0, 17, 60, 6628 }, // U+016D
    { 16, 21, 262, 0, 21, 84, 6688 }, // U+016E
    { 14, 17, 226, 0, 17, 60, 6772 }, // U+016F
    { 16, 21, 262, 0, 21, 84, 6832 }, // U+0170
    { 14, 17, 226, 0, 17, 60, 6916 }, // U+0171
    { 16, 20, 262, 0, 15, 80, 6976 }, // U+0172
    { 14, 16, 222, 0, 11, 56, 7056 }, // U+0173
    { 24, 20, 370, 0, 20, 120, 7112 }, // U+0174
    { 19, 17, 300, 0, 17, 81, 7232 }, // U+0175
    { 16, 20, 249, 0, 20, 80, 7313 }, // U+0176
    { 13, 22, 204, 0, 17, 72, 7393 }, // U+0177
    { 16, 19, 249, 0, 19, 76, 7465 }, // U+0178
    { 14, 20, 229, 0, 20, 70, 7541 }, // U+0179
    { 11, 17, 178, 0, 17, 47, 7611 }, // U+017A
    { 14, 20, 229, 0, 20, 70, 7658 }, // U+017B
    { 11, 17, 178, 0, 17, 47, 7728 }, // U+017C
    { 14, 21, 229, 0, 21, 74, 7775 }, // U+017D
    { 11, 17, 178, 0, 17, 47, 7849 }, // U+017E
    { 19, 16, 291, 0, 16, 76, 0 }, // U+01A0
    { 15, 14, 231, 0, 14, 53, 76 }, // U+01A1
    { 19, 16, 298, 0, 16, 76, 129 }, // U+01AF
    { 17, 14, 259, 0, 14, 60, 205 }, // U+01B0
    { 29, 21, 480, 1, 21, 153, 265 }, // U+01C4
    { 26, 17, 436, 1, 17, 111, 418 }, // U+01C5
    { 25, 17, 397, 0, 17, 107, 529 }, // U+01C6
    { 25, 15, 407, 1, 15, 94, 636 }, // U+01C7
    { 19, 21, 329, 1, 16, 100, 730 }, // U+01C8
    { 13, 21, 228, 0, 16, 69, 830 }, // U+01C9
    { 28, 15, 462, 1, 15, 105, 899 }, // U+01CA
    { 23, 21, 394, 1, 16, 121, 1004 }, // U+01CB
    { 20, 21, 341, 0, 16, 105, 1125 }, // U+01CC
    { 16, 21, 252, 0, 21, 84, 1230 }, // U+01CD
    { 13, 17, 193, 0, 17, 56, 1314 }, // U+01CE
    { 9, 21, 139, 0, 21, 48, 1370 }, // U+01CF
    { 9, 17, 122, -1, 17, 39, 1418 }, // U+01D0
    { 16, 21, 259, 0, 21, 84, 1457 }, // U+01D1
    { 13, 17, 208, 0, 17, 56, 1541 }, // U+01D2
    { 16, 21, 262, 0, 21, 84, 1597 }, // U+01D3
    { 14, 17, 226, 0, 17, 60, 1681 }, // U+01D4
    { 16, 23, 262, 0, 23, 92, 1741 }, // U+01D5
    { 14, 20, 226, 0, 20, 70, 1833 }, // U+01D6
    { 16, 25, 262, 0, 25, 100, 1903 }, // U+01D7
    { 14, 21, 226, 0, 21, 74, 2003 }, // U+01D8
    { 16, 26, 262, 0, 26, 104, 2077 }, // U+01D9
    { 14, 22, 226, 0, 22, 77, 2181 }, // U+01DA
    { 16, 25, 262, 0, 25, 100, 2258 }, // U+01DB
    { 14, 21, 226, 0, 21, 74, 2358 }, // U+01DC
    { 16, 21, 256, 0, 21, 84, 2432 }, // U+01E6
    { 13, 22, 202, 0, 17, 72, 2516 }, // U+01E7
    { 16, 20, 259, 0, 15, 80, 2588 }, // U+01EA
    { 13, 16, 208, 0, 11, 52, 2668 }, // U+01EB
    { 16, 23, 252, 0, 23, 92, 2720 }, // U+01FA
    { 13, 22, 193, 0, 22, 72, 2812 }, // U+01FB
    { 21, 20, 346, 0, 20, 105, 2884 }, // U+01FC
    { 18, 17, 283, 0, 17, 77, 2989 }, // U+01FD
    { 16, 20, 259, 0, 20, 80, 3066 }, // U+01FE
    { 13, 17, 208, 0, 17, 56, 3146 }, // U+01FF
    { 16, 21, 252, 0, 21, 84, 3202 }, // U+0200
    { 13, 17, 193, 0, 17, 56, 3286 }, // U+0201
    { 16, 20, 252, 0, 20, 80, 3342 }, // U+0202
    { 13, 16, 193, 0, 16, 52, 3422 }, // U+0203
    { 13, 21, 222, 1, 21, 69, 3474 }, // U+0204
    { 12, 17, 189, 0, 17, 51, 3543 }, // U+0205
    { 13, 20, 222, 1, 20, 65, 3594 }, // U+0206
    { 12, 16, 189, 0, 16, 48, 3659 }, // U+0207
    { 10, 21, 139, -2, 21, 53, 3707 }, // U+0208
    { 11, 17, 122, -3, 17, 47, 3760 }, // U+0209
    { 9, 20, 139, 0, 20, 45, 3807 }, // U+020A
    { 9, 16, 122, -1, 16, 36, 3852 }, // U+020B
    { 16, 21, 259, 0, 21, 84, 3888 }, // U+020C
    { 13, 17, 208, 0, 17, 56, 3972 }, // U+020D
    { 16, 20, 259, 0, 20, 80, 4028 }, // U+020E
    { 13, 16, 208, 0, 16, 52, 4108 }, // U+020F
    { 15, 21, 248, 1, 21, 79, 4160 }, // U+0210
    { 12, 17, 181, 0, 17, 51, 4239 }, // U+0211
    { 15, 20, 248, 1, 20, 75, 4290 }, // U+0212
    { 12, 16, 181, 0, 16, 48, 4365 }, // U+0213
    { 16, 21, 262, 0, 21, 84, 4413 }, // U+0214
    { 14, 17, 226, 0, 17, 60, 4497 }, // U+0215
    { 16, 20, 262, 0, 20, 80, 4557 }, // U+0216
    { 14, 16, 226, 0, 16, 56, 4637 }, // U+0217
    { 13, 22, 205, 0, 15, 72, 4693 }, // U+0218
    { 10, 18, 166, 0, 11, 45, 4765 }, // U+0219
    { 16, 22, 249, 0, 15, 88, 4810 }, // U+021A
    { 10, 22, 146, 0, 15, 55, 4898 }, // U+021B
    { 5, 5, 0, -3, 17, 7, 0 }, // U+0300
    { 6, 5, 0, -2, 17, 8, 7 }, // U+0301
    { 8, 5, 0, -4, 17, 10, 15 }, // U+0302
    { 8, 3, 0, -4, 16, 6, 25 }, // U+0303
    { 8, 2, 0, -4, 15, 4, 31 }, // U+0304
    { 8, 4, 0, -4, 16, 8, 35 }, // U+0306
    { 6, 4, 0, -3, 17, 6, 43 }, // U+0307
    { 10, 3, 0, -5, 16, 8, 49 }, // U+0308
    { 7, 6, 0, -4, 18, 11, 57 }, // U+0309
    { 6, 5, 0, -3, 17, 8, 68 }, // U+030A
    { 9, 5, 0, -3, 17, 12, 76 }, // U+030B
    { 8, 5, 0, -4, 17, 10, 88 }, // U+030C
    { 9, 5, 0, -6, 17, 12, 98 }, // U+030F
    { 8, 5, 0, -4, 16, 10, 110 }, // U+0311
    { 4, 5, 0, -2, 17, 5, 120 }, // U+0312
    { 5, 7, 0, -3, 14, 9, 125 }, // U+031B
    { 6, 4, 0, -3, -1, 6, 134 }, // U+0323
    { 10, 3, 0, -5, -2, 8, 140 }, // U+0324
    { 4, 6, 0, -2, -1, 6, 148 }, // U+0326
    { 6, 5, 0, -3, 0, 8, 154 }, // U+0327
    { 6, 5, 0, -3, 0, 8, 162 }, // U+0328
    { 8, 4, 0, -4, -1, 8, 170 }, // U+032E
    { 8, 2, 0, -4, -2, 4, 178 }, // U+0331
    { 16, 20, 252, 0, 15, 80, 0 }, // U+1EA0
    { 13, 16, 193, 0, 11, 52, 80 }, // U+1EA1
    { 16, 21, 252, 0, 21, 84, 132 }, // U+1EA2
    { 13, 18, 193, 0, 18, 59, 216 }, // U+1EA3
    { 16, 25, 252, 0, 25, 100, 275 }, // U+1EA4
    { 13, 22, 193, 0, 22, 72, 375 }, // U+1EA5
    { 16, 25, 252, 0, 25, 100, 447 }, // U+1EA6
    { 13, 22, 193, 0, 22, 72, 547 }, // U+1EA7
    { 16, 25, 252, 0, 25, 100, 619 }, // U+1EA8
    { 13, 21, 193, 0, 21, 69, 719 }, // U+1EA9
    { 16, 23, 252, 0, 23, 92, 788 }, // U+1EAA
    { 13, 20, 193, 0, 20, 65, 880 }, // U+1EAB
    { 16, 25, 252, 0, 20, 100, 945 }, // U+1EAC
    { 13, 22, 193, 0, 17, 72, 1045 }, // U+1EAD
    { 16, 25, 252, 0, 25, 100, 1117 }, // U+1EAE
    { 13, 22, 193, 0, 22, 72, 1217 }, // U+1EAF
    { 16, 25, 252, 0, 25, 100, 1289 }, // U+1EB0
    { 13, 22, 193, 0, 22, 72, 1389 }, // U+1EB1
    { 16, 25, 252, 0, 25, 100, 1461 }, // U+1EB2
    { 13, 22, 193, 0, 22, 72, 1561 }, // U+1EB3
    { 16, 24, 252, 0, 24, 96, 1633 }, // U+1EB4
    { 13, 20, 193, 0, 20, 65, 1729 }, // U+1EB5
    { 16, 25, 252, 0, 20, 100, 1794 }, // U+1EB6
    { 13, 22, 193, 0, 17, 72, 1894 }, // U+1EB7
    { 13, 20, 222, 1, 15, 65, 1966 }, // U+1EB8
    { 12, 16, 189, 0, 11, 48, 2031 }, // U+1EB9
    { 13, 21, 222, 1, 21, 69, 2079 }, // U+1EBA
    { 12, 18, 189, 0, 18, 54, 2148 }, // U+1EBB
    { 13, 19, 222, 1, 19, 62, 2202 }, // U+1EBC
    { 12, 16, 189, 0, 16, 48, 2264 }, // U+1EBD
    { 13, 25, 222, 1, 25, 82, 2312 }, // U+1EBE
    { 12, 22, 189, 0, 22, 66, 2394 }, // U+1EBF
    { 13, 25, 222, 1, 25, 82, 2460 }, // U+1EC0
    { 12, 22, 189, 0, 22, 66, 2542 }, // U+1EC1
    { 13, 25, 222, 1, 25, 82, 2608 }, // U+1EC2
    { 13, 21, 189, 0, 21, 69, 2690 }, // U+1EC3
    { 13, 23, 222, 1, 23, 75, 2759 }, // U+1EC4
    { 12, 20, 189, 0, 20, 60, 2834 }, // U+1EC5
    { 13, 25, 222, 1, 20, 82, 2894 }, // U+1EC6
    { 12, 22, 189, 0, 17, 66, 2976 }, // U+1EC7
    { 8, 21, 139, 0, 21, 42, 3042 }, // U+1EC8
    { 9, 18, 122, -1, 18, 41, 3084 }, // U+1EC9
    { 7, 20, 139, 1, 15, 35, 3125 }, // U+1ECA
    { 8, 21, 122, 0, 16, 42, 3160 }, // U+1ECB
    { 16, 20, 259, 0, 15, 80, 3202 }, // U+1ECC
    { 13, 16, 208, 0, 11, 52, 3282 }, // U+1ECD
    { 16, 21, 259, 0, 21, 84, 3334 }, // U+1ECE
    { 13, 18, 208, 0, 18, 59, 3418 }, // U+1ECF
    { 16, 25, 259, 0, 25, 100, 3477 }, // U+1ED0
    { 13, 22, 208, 0, 22, 72, 3577 }, // U+1ED1
    { 16, 25, 259, 0, 25, 100, 3649 }, // U+1ED2
    { 13, 22, 208, 0, 22, 72, 3749 }, // U+1ED3
    { 16, 25, 259, 0, 25, 100, 3821 }, // U+1ED4
    { 13, 21, 208, 0, 21, 69, 3921 }, // U+1ED5
    { 16, 23, 259, 0, 23, 92, 3990 }, // U+1ED6
    { 13, 20, 208, 0, 20, 65, 4082 }, // U+1ED7
    { 16, 25, 259, 0, 20, 100, 4147 }, // U+1ED8
    { 13, 22, 208, 0, 17, 72, 4247 }, // U+1ED9
    { 19, 20, 291, 0, 20, 95, 4319 }, // U+1EDA
    { 15, 17, 231, 0, 17, 64, 4414 }, // U+1EDB
    { 19, 20, 291, 0, 20, 95, 4478 }, // U+1EDC
    { 15, 17, 231, 0, 17, 64, 4573 }, // U+1EDD
    { 19, 21, 291, 0, 21, 100, 4637 }, // U+1EDE
    { 15, 18, 231, 0, 18, 68, 4737 }, // U+1EDF
    { 19, 19, 291, 0, 19, 91, 4805 }, // U+1EE0
    { 15, 16, 231, 0, 16, 60, 4896 }, // U+1EE1
    { 19, 21, 291, 0, 16, 100, 4956 }, // U+1EE2
    { 15, 19, 231, 0, 14, 72, 5056 }, // U+1EE3
    { 16, 20, 262, 0, 15, 80, 5128 }, // U+1EE4
    { 14, 16, 226, 0, 11, 56, 5208 }, // U+1EE5
    { 16, 21, 262, 0, 21, 84, 5264 }, // U+1EE6
    { 14, 18, 226, 0, 18, 63, 5348 }, // U+1EE7
    { 19, 20, 298, 0, 20, 95, 5411 }, // U+1EE8
    { 17, 17, 259, 0, 17, 73, 5506 }, // U+1EE9
    { 19, 20, 298, 0, 20, 95, 5579 }, // U+1EEA
    { 17, 17, 259, 0, 17, 73, 5674 }, // U+1EEB
    { 19, 21, 298, 0, 21, 100, 5747 }, // U+1EEC
    { 17, 18, 259, 0, 18, 77, 5847 }, // U+1EED
    { 19, 19, 298, 0, 19, 91, 5924 }, // U+1EEE
    { 17, 16, 259, 0, 16, 68, 6015 }, // U+1EEF
    { 19, 21, 298, 0, 16, 100, 6083 }, // U+1EF0
    { 17, 19, 259, 0, 14, 81, 6183 }, // U+1EF1
    { 16, 20, 249, 0, 20, 80, 6264 }, // U+1EF2
    { 13, 22, 204, 0, 17, 72, 6344 }, // U+1EF3
    { 16, 20, 249, 0, 15, 80, 6416 }, // U+1EF4
    { 13, 16, 204, 0, 11, 52, 6496 }, // U+1EF5
    { 16, 21, 249, 0, 21, 84, 6548 }, // U+1EF6
    { 13, 23, 204, 0, 18, 75, 6632 }, // U+1EF7
    { 16, 19, 249, 0, 19, 76, 6707 }, // U+1EF8
    { 13, 21, 204, 0, 16, 69, 6783 }, // U+1EF9
    { 0, 0, 194, 0, 0, 0, 0 }, // U+2007
    { 0, 0, 108, 0, 0, 0, 0 }, // U+2008
    { 0, 0, 42, 0, 0, 0, 0 }, // U+2009
    { 0, 0, 20, 0, 0, 0, 0 }, // U+200A
    { 0, 0, 0, 0, 0, 0, 0 }, // U+200B
    { 7, 2, 113, 0, 7, 4, 0 }, // U+2010
    { 11, 2, 167, 0, 7, 6, 4 }, // U+2012
    { 11, 2, 167, 0, 7, 6, 10 }, // U+2013
    { 21, 2, 333, 0, 7, 11, 16 }, // U+2014
    { 21, 2, 333, 0, 7, 11, 27 }, // U+2015
    { 5, 7, 102, 1, 17, 9, 38 }, // U+2018
    { 5, 7, 102, 1, 16, 9, 47 }, // U+2019
    { 5, 7, 103, 1, 3, 9, 56 }, // U+201A
    { 9, 7, 177, 1, 17, 16, 65 }, // U+201C
    { 9, 7, 177, 1, 16, 16, 81 }, // U+201D
    { 10, 7, 159, 0, 3, 18, 97 }, // U+201E
    { 11, 17, 178, 0, 16, 47, 115 }, // U+2020
    { 11, 17, 179, 0, 16, 47, 162 }, // U+2021
    { 6, 5, 130, 1, 9, 8, 209 }, // U+2022
    { 19, 4, 308, 0, 4, 19, 217 }, // U+2026
    { 27, 14, 435, 0, 14, 95, 236 }, // U+2030
    { 4, 6, 79, 1, 17, 6, 331 }, // U+2032
    { 8, 6, 141, 1, 17, 12, 337 }, // U+2033
    { 7, 11, 107, 0, 11, 20, 349 }, // U+2039
    { 7, 11, 107, 0, 11, 20, 369 }, // U+203A
    { 19, 17, 300, 0, 17, 81, 389 }, // U+2042
    { 13, 15, 116, -3, 15, 49, 470 }, // U+2044
    { 13, 19, 211, 0, 17, 62, 0 }, // U+20A1
    { 13, 15, 214, 0, 15, 49, 62 }, // U+20A3
    { 13, 15, 200, 0, 15, 49, 111 }, // U+20A4
    { 18, 15, 280, 0, 15, 68, 160 }, // U+20A6
    { 32, 15, 525, 1, 15, 120, 228 }, // U+20A7
    { 24, 15, 368, 0, 15, 90, 348 }, // U+20A9
    { 14, 19, 218, 0, 16, 67, 438 }, // U+20AB
    { 15, 15, 232, -1, 15, 57, 505 }, // U+20AC
    { 17, 15, 266, 0, 15, 64, 562 }, // U+20AD
    { 15, 15, 239, 0, 15, 57, 626 }, // U+20AE
    { 16, 15, 241, 0, 15, 60, 683 }, // U+20B1
    { 16, 19, 250, 0, 17, 76, 743 }, // U+20B2
    { 14, 15, 229, 0, 15, 53, 819 }, // U+20B4
    { 13, 19, 216, 0, 17, 62, 872 }, // U+20B5
    { 15, 15, 241, 0, 15, 57, 934 }, // U+20B8
    { 12, 16, 205, 0, 16, 48, 991 }, // U+20B9
    { 14, 15, 216, 0, 15, 53, 1039 }, // U+20BA
    { 16, 15, 262, 0, 15, 60, 1092 }, // U+20BC
    { 14, 15, 223, 0, 15, 53, 1152 }, // U+20BD
    { 15, 16, 241, 0, 16, 60, 0 }, // U+FB01
    { 16, 16, 248, 0, 16, 64, 60 }, // U+FB02
};

static const EpdUnicodeInterval literata_10_boldIntervals[] = {
    { 0x20, 0x7E, 0x0 },
    { 0xA0, 0x17E, 0x5F },
    { 0x1A0, 0x1A1, 0x13E },
    { 0x1AF, 0x1B0, 0x140 },
    { 0x1C4, 0x1DC, 0x142 },
    { 0x1E6, 0x1E7, 0x15B },
    { 0x1EA, 0x1EB, 0x15D },
    { 0x1FA, 0x21B, 0x15F },
    { 0x300, 0x304, 0x181 },
    { 0x306, 0x30C, 0x186 },
    { 0x30F, 0x30F, 0x18D },
    { 0x311, 0x312, 0x18E },
    { 0x31B, 0x31B, 0x190 },
    { 0x323, 0x324, 0x191 },
    { 0x326, 0x328, 0x193 },
    { 0x32E, 0x32E, 0x196 },
    { 0x331, 0x331, 0x197 },
    { 0x1EA0, 0x1EF9, 0x198 },
    { 0x2007, 0x200B, 0x1F2 },
    { 0x2010, 0x2010, 0x1F7 },
    { 0x2012, 0x2015, 0x1F8 },
    { 0x2018, 0x201A, 0x1FC },
    { 0x201C, 0x201E, 0x1FF },
    { 0x2020, 0x2022, 0x202 },
    { 0x2026, 0x2026, 0x205 },
    { 0x2030, 0x2030, 0x206 },
    { 0x2032, 0x2033, 0x207 },
    { 0x2039, 0x203A, 0x209 },
    { 0x2042, 0x2042, 0x20B },
    { 0x2044, 0x2044, 0x20C },
    { 0x20A1, 0x20A1, 0x20D },
    { 0x20A3, 0x20A4, 0x20E },
    { 0x20A6, 0x20A7, 0x210 },
    { 0x20A9, 0x20A9, 0x212 },
    { 0x20AB, 0x20AE, 0x213 },
    { 0x20B1, 0x20B2, 0x217 },
    { 0x20B4, 0x20B5, 0x219 },
    { 0x20B8, 0x20BA, 0x21B },
    { 0x20BC, 0x20BD, 0x21E },
    { 0xFB01, 0xFB02, 0x220 },
};

static const EpdFontGroup literata_10_boldGroups[] = {
    { 0, 2363, 4414, 95, 0 },
    { 2363, 2116, 5373, 96, 95 },
    { 4479, 2787, 8599, 127, 191 },
    { 7266, 1969, 5405, 67, 318 },
    { 9235, 179, 211, 23, 385 },
    { 9414, 1625, 7511, 90, 408 },
    { 11039, 364, 582, 27, 498 },
    { 11403, 780, 1312, 19, 525 },
    { 12183, 78, 128, 2, 544 },
};

static const EpdKernClassEntry literata_10_boldKernLeftClasses[] = {
    { 0x0022, 1 }, // "
    { 0x0026, 2 }, // &
    { 0x0027, 1 }, // '
    { 0x002A, 3 }, // *
    { 0x002C, 4 }, // ,
    { 0x002D, 5 }, // -
    { 0x002E, 4 }, // .
    { 0x002F, 6 }, // /
    { 0x0030, 7 }, // 0
    { 0x0031, 8 }, // 1
    { 0x0032, 9 }, // 2
    { 0x0033, 10 }, // 3
    { 0x0034, 11 }, // 4
    { 0x0035, 12 }, // 5
    { 0x0036, 13 }, // 6
    { 0x0037, 14 }, // 7
    { 0x0038, 15 }, // 8
    { 0x0039, 16 }, // 9
    { 0x003A, 17 }, // :
    { 0x003B, 17 }, // ;
    { 0x003D, 18 }, // =
    { 0x003F, 19 }, // ?
    { 0x0040, 20 }, // @
    { 0x0041, 21 }, // A
    { 0x0042, 22 }, // B
    { 0x0043, 23 }, // C
    { 0x0044, 24 }, // D
    { 0x0045, 25 }, // E
    { 0x0046, 26 }, // F
    { 0x0047, 27 }, // G
    { 0x0048, 28 }, // H
    { 0x0049, 28 }, // I
    { 0x004A, 29 }, // J
    { 0x004B, 30 }, // K
    { 0x004C, 31 }, // L
    { 0x004D, 32 }, // M
    { 0x004E, 33 }, // N
    { 0x004F, 34 }, // O
    { 0x0050, 35 }, // P
    { 0x0051, 36 }, // Q
    { 0x0052, 37 }, // R
    { 0x0053, 38 }, // S
    { 0x0054, 39 }, // T
    { 0x0055, 40 }, // U
    { 0x0056, 41 }, // V
    { 0x0057, 42 }, // W
    { 0x0058, 43 }, // X
    { 0x0059, 44 }, // Y
    { 0x005A, 45 }, // Z
    { 0x005B, 46 }, // [
    { 0x005C, 47 }, // <backslash>
    { 0x0061, 48 }, // a
    { 0x0062, 49 }, // b
    { 0x0063, 50 }, // c
    { 0x0064, 51 }, // d
    { 0x0065, 52 }, // e
    { 0x0066, 53 }, // f
    { 0x0067, 54 }, // g
    { 0x0068, 55 }, // h
    { 0x0069, 56 }, // i
    { 0x006A, 57 }, // j
    { 0x006B, 58 }, // k
    { 0x006C, 51 }, // l
    { 0x006D, 55 }, // m
    { 0x006E, 55 }, // n
    { 0x006F, 59 }, // o
    { 0x0070, 59 }, // p
    { 0x0071, 60 }, // q
    { 0x0072, 61 }, // r
    { 0x0073, 62 }, // s
    { 0x0074, 63 }, // t
    { 0x0075, 56 }, // u
    { 0x0076, 64 }, // v
    { 0x0077, 65 }, // w
    { 0x0078, 66 }, // x
    { 0x0079, 64 }, // y
    { 0x007A, 67 }, // z
    { 0x00A1, 68 }, // U+00A1
    { 0x00AB, 69 }, // U+00AB
    { 0x00AD, 5 }, // U+00AD
    { 0x00B3, 70 }, // U+00B3
    { 0x00B5, 71 }, // U+00B5
    { 0x00B7, 72 }, // U+00B7
    { 0x00BB, 73 }, // U+00BB
    { 0x00BF, 74 }, // U+00BF
    { 0x00C0, 21 }, // U+00C0
    { 0x00C1, 21 }, // U+00C1
    { 0x00C2, 21 }, // U+00C2
    { 0x00C3, 21 }, // U+00C3
    { 0x00C4, 21 }, // U+00C4
    { 0x00C5, 21 }, // U+00C5
    { 0x00C6, 25 }, // U+00C6
    { 0x00C7, 23 }, // U+00C7
    { 0x00C8, 25 }, // U+00C8
    { 0x00C9, 25 }, // U+00C9
    { 0x00CA, 25 }, // U+00CA
    { 0x00CB, 25 }, // U+00CB
    { 0x00CC, 28 }, // U+00CC
    { 0x00CD, 28 }, // U+00CD
    { 0x00CE, 28 }, // U+00CE
    { 0x00CF, 28 }, // U+00CF
    { 0x00D0, 75 }, // U+00D0
    { 0x00D1, 33 }, // U+00D1
    { 0x00D2, 34 }, // U+00D2
    { 0x00D3, 34 }, // U+00D3
    { 0x00D4, 34 }, // U+00D4
    { 0x00D5, 34 }, // U+00D5
    { 0x00D6, 34 }, // U+00D6
    { 0x00D7, 76 }, // U+00D7
    { 0x00D8, 34 }, // U+00D8
    { 0x00D9, 77 }, // U+00D9
    { 0x00DA, 77 }, // U+00DA
    { 0x00DB, 77 }, // U+00DB
    { 0x00DC, 77 }, // U+00DC
    { 0x00DD, 78 }, // U+00DD
    { 0x00DE, 79 }, // U+00DE
    { 0x00DF, 80 }, // U+00DF
    { 0x00E0, 81 }, // U+00E0
    { 0x00E1, 82 }, // U+00E1
    { 0x00E2, 82 }, // U+00E2
    { 0x00E3, 82 }, // U+00E3
    { 0x00E4, 82 }, // U+00E4
    { 0x00E5, 82 }, // U+00E5
    { 0x00E6, 59 }, // U+00E6
    { 0x00E7, 50 }, // U+00E7
    { 0x00E8, 83 }, // U+00E8
    { 0x00E9, 83 }, // U+00E9
    { 0x00EA, 83 }, // U+00EA
    { 0x00EB, 83 }, // U+00EB
    { 0x00EC, 56 }, // U+00EC
    { 0x00ED, 56 }, // U+00ED
    { 0x00EE, 56 }, // U+00EE
    { 0x00EF, 84 }, // U+00EF
    { 0x00F1, 55 }, // U+00F1
    { 0x00F2, 59 }, // U+00F2
    { 0x00F3, 59 }, // U+00F3
    { 0x00F4, 59 }, // U+00F4
    { 0x00F5, 59 }, // U+00F5
    { 0x00F6, 59 }, // U+00F6
    { 0x00F8, 59 }, // U+00F8
    { 0x00F9, 56 }, // U+00F9
    { 0x00FA, 56 }, // U+00FA
    { 0x00FB, 56 }, // U+00FB
    { 0x00FC, 56 }, // U+00FC
    { 0x00FD, 64 }, // U+00FD
    { 0x00FE, 59 }, // U+00FE
    { 0x00FF, 64 }, // U+00FF
    { 0x0100, 21 }, // U+0100
    { 0x0101, 82 }, // U+0101
    { 0x0102, 21 }, // U+0102
    { 0x0103, 82 }, // U+0103
    { 0x0104, 21 }, // U+0104
    { 0x0105, 82 }, // U+0105
    { 0x0106, 23 }, // U+0106
    { 0x0107, 50 }, // U+0107
    { 0x0108, 23 }, // U+0108
    { 0x0109, 50 }, // U+0109
    { 0x010A, 23 }, // U+010A
    { 0x010B, 50 }, // U+010B
    { 0x010C, 23 }, // U+010C
    { 0x010D, 50 }, // U+010D
    { 0x010E, 85 }, // U+010E
    { 0x010F, 86 }, // U+010F
    { 0x0110, 85 }, // U+0110
    { 0x0111, 51 }, // U+0111
    { 0x0112, 25 }, // U+0112
    { 0x0113, 83 }, // U+0113
    { 0x0114, 25 }, // U+0114
    { 0x0115, 83 }, // U+0115
    { 0x0116, 25 }, // U+0116
    { 0x0117, 83 }, // U+0117
    { 0x0118, 25 }, // U+0118
    { 0x0119, 83 }, // U+0119
    { 0x011A, 25 }, // U+011A
    { 0x011B, 83 }, // U+011B
    { 0x011C, 27 }, // U+011C
    { 0x011D, 54 }, // U+011D
    { 0x011E, 27 }, // U+011E
    { 0x011F, 54 }, // U+011F
    { 0x0120, 27 }, // U+0120
    { 0x0121, 54 }, // U+0121
    { 0x0122, 27 }, // U+0122
    { 0x0123, 54 }, // U+0123
    { 0x0124, 28 }, // U+0124
    { 0x0125, 55 }, // U+0125
    { 0x0126, 28 }, // U+0126
    { 0x0127, 55 }, // U+0127
    { 0x0128, 28 }, // U+0128
    { 0x0129, 56 }, // U+0129
    { 0x012A, 28 }, // U+012A
    { 0x012B, 56 }, // U+012B
    { 0x012C, 28 }, // U+012C
    { 0x012D, 56 }, // U+012D
    { 0x012E, 28 }, // U+012E
    { 0x012F, 56 }, // U+012F
    { 0x0130, 28 }, // U+0130
    { 0x0131, 56 }, // U+0131
    { 0x0134, 29 }, // U+0134
    { 0x0135, 57 }, // U+0135
    { 0x0136, 30 }, // U+0136
    { 0x0137, 58 }, // U+0137
    { 0x0138, 58 }, // U+0138
    { 0x0139, 31 }, // U+0139
    { 0x013A, 51 }, // U+013A
    { 0x013B, 31 }, // U+013B
    { 0x013C, 51 }, // U+013C
    { 0x013D, 87 }, // U+013D
    { 0x013E, 88 }, // U+013E
    { 0x013F, 31 }, // U+013F
    { 0x0140, 51 }, // U+0140
    { 0x0141, 31 }, // U+0141
    { 0x0142, 89 }, // U+0142
    { 0x0143, 33 }, // U+0143
    { 0x0144, 55 }, // U+0144
    { 0x0145, 33 }, // U+0145
    { 0x0146, 55 }, // U+0146
    { 0x0147, 33 }, // U+0147
    { 0x0148, 55 }, // U+0148
    { 0x0149, 55 }, // U+0149
    { 0x014A, 29 }, // U+014A
    { 0x014B, 57 }, // U+014B
    { 0x014C, 34 }, // U+014C
    { 0x014D, 59 }, // U+014D
    { 0x014E, 34 }, // U+014E
    { 0x014F, 59 }, // U+014F
    { 0x0150, 34 }, // U+0150
    { 0x0151, 59 }, // U+0151
    { 0x0152, 25 }, // U+0152
    { 0x0153, 59 }, // U+0153
    { 0x0154, 37 }, // U+0154
    { 0x0155, 61 }, // U+0155
    { 0x0156, 37 }, // U+0156
    { 0x0157, 61 }, // U+0157
    { 0x0158, 37 }, // U+0158
    { 0x0159, 61 }, // U+0159
    { 0x015A, 38 }, // U+015A
    { 0x015B, 62 }, // U+015B
    { 0x015C, 38 }, // U+015C
    { 0x015D, 62 }, // U+015D
    { 0x015E, 38 }, // U+015E
    { 0x015F, 62 }, // U+015F
    { 0x0160, 38 }, // U+0160
    { 0x0161, 62 }, // U+0161
    { 0x0162, 90 }, // U+0162
    { 0x0163, 63 }, // U+0163
    { 0x0164, 39 }, // U+0164
    { 0x0165, 91 }, // U+0165
    { 0x0166, 39 }, // U+0166
    { 0x0167, 63 }, // U+0167
    { 0x0168, 77 }, // U+0168
    { 0x0169, 56 }, // U+0169
    { 0x016A, 77 }, // U+016A
    { 0x016B, 56 }, // U+016B
    { 0x016C, 77 }, // U+016C
    { 0x016D, 56 }, // U+016D
    { 0x016E, 77 }, // U+016E
    { 0x016F, 56 }, // U+016F
    { 0x0170, 77 }, // U+0170
    { 0x0171, 56 }, // U+0171
    { 0x0172, 77 }, // U+0172
    { 0x0173, 56 }, // U+0173
    { 0x0174, 92 }, // U+0174
    { 0x0175, 65 }, // U+0175
    { 0x0176, 78 }, // U+0176
    { 0x0177, 64 }, // U+0177
    { 0x0178, 78 }, // U+0178
    { 0x0179, 45 }, // U+0179
    { 0x017A, 67 }, // U+017A
    { 0x017B, 45 }, // U+017B
    { 0x017C, 67 }, // U+017C
    { 0x017D, 45 }, // U+017D
    { 0x017E, 67 }, // U+017E
    { 0x01A0, 93 }, // U+01A0
    { 0x01A1, 94 }, // U+01A1
    { 0x01AF, 95 }, // U+01AF
    { 0x01B0, 96 }, // U+01B0
    { 0x01C6, 55 }, // U+01C6
    { 0x01C7, 29 }, // U+01C7
    { 0x01C9, 57 }, // U+01C9
    { 0x01CA, 29 }, // U+01CA
    { 0x01CC, 57 }, // U+01CC
    { 0x01CD, 21 }, // U+01CD
    { 0x01CE, 55 }, // U+01CE
    { 0x01CF, 28 }, // U+01CF
    { 0x01D0, 56 }, // U+01D0
    { 0x01D1, 34 }, // U+01D1
    { 0x01D2, 59 }, // U+01D2
    { 0x01D3, 77 }, // U+01D3
    { 0x01D4, 56 }, // U+01D4
    { 0x01D5, 77 }, // U+01D5
    { 0x01D6, 56 }, // U+01D6
    { 0x01D7, 77 }, // U+01D7
    { 0x01D8, 56 }, // U+01D8
    { 0x01D9, 77 }, // U+01D9
    { 0x01DA, 56 }, // U+01DA
    { 0x01DB, 77 }, // U+01DB
    { 0x01DC, 56 }, // U+01DC
    { 0x01E6, 27 }, // U+01E6
    { 0x01E7, 54 }, // U+01E7
    { 0x01EA, 34 }, // U+01EA
    { 0x01EB, 59 }, // U+01EB
    { 0x01FA, 21 }, // U+01FA
    { 0x01FB, 55 }, // U+01FB
    { 0x01FC, 25 }, // U+01FC
    { 0x01FD, 59 }, // U+01FD
    { 0x01FE, 34 }, // U+01FE
    { 0x01FF, 59 }, // U+01FF
    { 0x0200, 21 }, // U+0200
    { 0x0201, 55 }, // U+0201
    { 0x0202, 21 }, // U+0202
    { 0x0203, 55 }, // U+0203
    { 0x0204, 25 }, // U+0204
    { 0x0205, 59 }, // U+0205
    { 0x0206, 25 }, // U+0206
    { 0x0207, 59 }, // U+0207
    { 0x0208, 28 }, // U+0208
    { 0x0209, 56 }, // U+0209
    { 0x020A, 28 }, // U+020A
    { 0x020B, 56 }, // U+020B
    { 0x020C, 34 }, // U+020C
    { 0x020D, 59 }, // U+020D
    { 0x020E, 34 }, // U+020E
    { 0x020F, 59 }, // U+020F
    { 0x0210, 37 }, // U+0210
    { 0x0211, 61 }, // U+0211
    { 0x0212, 37 }, // U+0212
    { 0x0213, 61 }, // U+0213
    { 0x0214, 77 }, // U+0214
    { 0x0215, 56 }, // U+0215
    { 0x0216, 77 }, // U+0216
    { 0x0217, 56 }, // U+0217
    { 0x0218, 38 }, // U+0218
    { 0x0219, 62 }, // U+0219
    { 0x021A, 90 }, // U+021A
    { 0x021B, 63 }, // U+021B
    { 0x1EA0, 21 }, // U+1EA0
    { 0x1EA1, 55 }, // U+1EA1
    { 0x1EA2, 21 }, // U+1EA2
    { 0x1EA3, 55 }, // U+1EA3
    { 0x1EA4, 21 }, // U+1EA4
    { 0x1EA5, 55 }, // U+1EA5
    { 0x1EA6, 21 }, // U+1EA6
    { 0x1EA7, 55 }, // U+1EA7
    { 0x1EA8, 21 }, // U+1EA8
    { 0x1EA9, 55 }, // U+1EA9
    { 0x1EAA, 21 }, // U+1EAA
    { 0x1EAB, 55 }, // U+1EAB
    { 0x1EAC, 21 }, // U+1EAC
    { 0x1EAD, 55 }, // U+1EAD
    { 0x1EAE, 21 }, // U+1EAE
    { 0x1EAF, 55 }, // U+1EAF
    { 0x1EB0, 21 }, // U+1EB0
    { 0x1EB1, 55 }, // U+1EB1
    { 0x1EB2, 21 }, // U+1EB2
    { 0x1EB3, 55 }, // U+1EB3
    { 0x1EB4, 21 }, // U+1EB4
    { 0x1EB5, 55 }, // U+1EB5
    { 0x1EB6, 21 }, // U+1EB6
    { 0x1EB7, 55 }, // U+1EB7
    { 0x1EB8, 25 }, // U+1EB8
    { 0x1EB9, 59 }, // U+1EB9
    { 0x1EBA, 25 }, // U+1EBA
    { 0x1EBB, 59 }, // U+1EBB
    { 0x1EBC, 25 }, // U+1EBC
    { 0x1EBD, 59 }, // U+1EBD
    { 0x1EBE, 25 }, // U+1EBE
    { 0x1EBF, 59 }, // U+1EBF
    { 0x1EC0, 25 }, // U+1EC0
    { 0x1EC1, 59 }, // U+1EC1
    { 0x1EC2, 25 }, // U+1EC2
    { 0x1EC3, 59 }, // U+1EC3
    { 0x1EC4, 25 }, // U+1EC4
    { 0x1EC5, 59 }, // U+1EC5
    { 0x1EC6, 25 }, // U+1EC6
    { 0x1EC7, 59 }, // U+1EC7
    { 0x1EC8, 28 }, // U+1EC8
    { 0x1EC9, 56 }, // U+1EC9
    { 0x1ECA, 28 }, // U+1ECA
    { 0x1ECB, 56 }, // U+1ECB
    { 0x1ECC, 34 }, // U+1ECC
    { 0x1ECD, 59 }, // U+1ECD
    { 0x1ECE, 34 }, // U+1ECE
    { 0x1ECF, 59 }, // U+1ECF
    { 0x1ED0, 34 }, // U+1ED0
    { 0x1ED1, 59 }, // U+1ED1
    { 0x1ED2, 34 }, // U+1ED2
    { 0x1ED3, 59 }, // U+1ED3
    { 0x1ED4, 34 }, // U+1ED4
    { 0x1ED5, 59 }, // U+1ED5
    { 0x1ED6, 34 }, // U+1ED6
    { 0x1ED7, 59 }, // U+1ED7
    { 0x1ED8, 34 }, // U+1ED8
    { 0x1ED9, 59 }, // U+1ED9
    { 0x1EDA, 97 }, // U+1EDA
    { 0x1EDB, 98 }, // U+1EDB
    { 0x1EDC, 97 }, // U+1EDC
    { 0x1EDD, 98 }, // U+1EDD
    { 0x1EDE, 97 }, // U+1EDE
    { 0x1EDF, 98 }, // U+1EDF
    { 0x1EE0, 97 }, // U+1EE0
    { 0x1EE1, 98 }, // U+1EE1
    { 0x1EE2, 97 }, // U+1EE2
    { 0x1EE3, 98 }, // U+1EE3
    { 0x1EE4, 77 }, // U+1EE4
    { 0x1EE5, 56 }, // U+1EE5
    { 0x1EE6, 77 }, // U+1EE6
    { 0x1EE7, 56 }, // U+1EE7
    { 0x1EE8, 99 }, // U+1EE8
    { 0x1EE9, 96 }, // U+1EE9
    { 0x1EEA, 99 }, // U+1EEA
    { 0x1EEB, 96 }, // U+1EEB
    { 0x1EEC, 99 }, // U+1EEC
    { 0x1EED, 96 }, // U+1EED
    { 0x1EEE, 99 }, // U+1EEE
    { 0x1EEF, 96 }, // U+1EEF
    { 0x1EF0, 99 }, // U+1EF0
    { 0x1EF1, 96 }, // U+1EF1
    { 0x1EF2, 78 }, // U+1EF2
    { 0x1EF3, 64 }, // U+1EF3
    { 0x1EF4, 100 }, // U+1EF4
    { 0x1EF5, 64 }, // U+1EF5
    { 0x1EF6, 100 }, // U+1EF6
    { 0x1EF7, 64 }, // U+1EF7
    { 0x1EF8, 100 }, // U+1EF8
    { 0x1EF9, 64 }, // U+1EF9
    { 0x2010, 5 }, // U+2010
    { 0x2012, 5 }, // U+2012
    { 0x2013, 5 }, // U+2013
    { 0x2014, 5 }, // U+2014
    { 0x2015, 5 }, // U+2015
    { 0x2018, 101 }, // U+2018
    { 0x2019, 102 }, // U+2019
    { 0x201A, 103 }, // U+201A
    { 0x201C, 101 }, // U+201C
    { 0x201D, 102 }, // U+201D
    { 0x201E, 103 }, // U+201E
    { 0x2026, 4 }, // U+2026
    { 0x2039, 69 }, // U+2039
    { 0x203A, 73 }, // U+203A
    { 0xFB01, 104 }, // U+FB01
    { 0xFB02, 51 }, // U+FB02
};

static const EpdKernClassEntry literata_10_boldKernRightClasses[] = {
    { 0x0021, 1 }, // !
    { 0x0022, 2 }, // "
    { 0x0025, 3 }, // %
    { 0x0026, 4 }, // &
    { 0x0027, 2 }, // '
    { 0x0029, 5 }, // )
    { 0x002A, 6 }, // *
    { 0x002B, 7 }, // +
    { 0x002C, 8 }, // ,
    { 0x002D, 9 }, // -
    { 0x002E, 10 }, // .
    { 0x002F, 11 }, // /
    { 0x0030, 12 }, // 0
    { 0x0031, 13 }, // 1
    { 0x0032, 14 }, // 2
    { 0x0033, 15 }, // 3
    { 0x0034, 16 }, // 4
    { 0x0035, 17 }, // 5
    { 0x0036, 18 }, // 6
    { 0x0037, 19 }, // 7
    { 0x0038, 20 }, // 8
    { 0x0039, 21 }, // 9
    { 0x003A, 22 }, // :
    { 0x003B, 22 }, // ;
    { 0x003D, 23 }, // =
    { 0x003F, 24 }, // ?
    { 0x0040, 25 }, // @
    { 0x0041, 26 }, // A
    { 0x0043, 27 }, // C
    { 0x0047, 27 }, // G
    { 0x004A, 28 }, // J
    { 0x004D, 29 }, // M
    { 0x004E, 30 }, // N
    { 0x004F, 31 }, // O
    { 0x0051, 27 }, // Q
    { 0x0053, 32 }, // S
    { 0x0054, 33 }, // T
    { 0x0055, 34 }, // U
    { 0x0056, 35 }, // V
    { 0x0057, 36 }, // W
    { 0x0058, 37 }, // X
    { 0x0059, 38 }, // Y
    { 0x005A, 39 }, // Z
    { 0x005C, 40 }, // <backslash>
    { 0x005D, 41 }, // ]
    { 0x0061, 42 }, // a
    { 0x0062, 43 }, // b
    { 0x0063, 44 }, // c
    { 0x0064, 45 }, // d
    { 0x0065, 44 }, // e
    { 0x0066, 46 }, // f
    { 0x0067, 47 }, // g
    { 0x0068, 48 }, // h
    { 0x0069, 49 }, // i
    { 0x006A, 50 }, // j
    { 0x006B, 48 }, // k
    { 0x006C, 48 }, // l
    { 0x006D, 51 }, // m
    { 0x006E, 52 }, // n
    { 0x006F, 44 }, // o
    { 0x0070, 53 }, // p
    { 0x0071, 44 }, // q
    { 0x0072, 52 }, // r
    { 0x0073, 54 }, // s
    { 0x0074, 55 }, // t
    { 0x0075, 56 }, // u
    { 0x0076, 57 }, // v
    { 0x0077, 58 }, // w
    { 0x0078, 59 }, // x
    { 0x0079, 60 }, // y
    { 0x007A, 61 }, // z
    { 0x00AB, 62 }, // U+00AB
    { 0x00AD, 63 }, // U+00AD
    { 0x00B0, 64 }, // U+00B0
    { 0x00B2, 65 }, // U+00B2
    { 0x00B3, 66 }, // U+00B3
    { 0x00B7, 67 }, // U+00B7
    { 0x00B9, 65 }, // U+00B9
    { 0x00BB, 68 }, // U+00BB
    { 0x00BF, 69 }, // U+00BF
    { 0x00C0, 70 }, // U+00C0
    { 0x00C1, 71 }, // U+00C1
    { 0x00C2, 70 }, // U+00C2
    { 0x00C3, 70 }, // U+00C3
    { 0x00C4, 70 }, // U+00C4
    { 0x00C5, 70 }, // U+00C5
    { 0x00C6, 72 }, // U+00C6
    { 0x00C7, 27 }, // U+00C7
    { 0x00D1, 30 }, // U+00D1
    { 0x00D2, 27 }, // U+00D2
    { 0x00D3, 27 }, // U+00D3
    { 0x00D4, 27 }, // U+00D4
    { 0x00D5, 27 }, // U+00D5
    { 0x00D6, 27 }, // U+00D6
    { 0x00D7, 73 }, // U+00D7
    { 0x00D8, 27 }, // U+00D8
    { 0x00D9, 74 }, // U+00D9
    { 0x00DA, 74 }, // U+00DA
    { 0x00DB, 74 }, // U+00DB
    { 0x00DC, 74 }, // U+00DC
    { 0x00DD, 75 }, // U+00DD
    { 0x00E0, 76 }, // U+00E0
    { 0x00E1, 76 }, // U+00E1
    { 0x00E2, 77 }, // U+00E2
    { 0x00E3, 78 }, // U+00E3
    { 0x00E4, 79 }, // U+00E4
    { 0x00E5, 80 }, // U+00E5
    { 0x00E6, 76 }, // U+00E6
    { 0x00E7, 81 }, // U+00E7
    { 0x00E8, 81 }, // U+00E8
    { 0x00E9, 81 }, // U+00E9
    { 0x00EA, 82 }, // U+00EA
    { 0x00EB, 83 }, // U+00EB
    { 0x00EC, 84 }, // U+00EC
    { 0x00ED, 49 }, // U+00ED
    { 0x00EE, 85 }, // U+00EE
    { 0x00EF, 86 }, // U+00EF
    { 0x00F0, 87 }, // U+00F0
    { 0x00F1, 88 }, // U+00F1
    { 0x00F2, 81 }, // U+00F2
    { 0x00F3, 81 }, // U+00F3
    { 0x00F4, 89 }, // U+00F4
    { 0x00F5, 90 }, // U+00F5
    { 0x00F6, 91 }, // U+00F6
    { 0x00F8, 81 }, // U+00F8
    { 0x00F9, 92 }, // U+00F9
    { 0x00FA, 92 }, // U+00FA
    { 0x00FB, 92 }, // U+00FB
    { 0x00FC, 93 }, // U+00FC
    { 0x00FD, 94 }, // U+00FD
    { 0x00FE, 95 }, // U+00FE
    { 0x00FF, 94 }, // U+00FF
    { 0x0100, 70 }, // U+0100
    { 0x0101, 96 }, // U+0101
    { 0x0102, 70 }, // U+0102
    { 0x0103, 97 }, // U+0103
    { 0x0104, 70 }, // U+0104
    { 0x0105, 98 }, // U+0105
    { 0x0106, 27 }, // U+0106
    { 0x0107, 81 }, // U+0107
    { 0x0108, 27 }, // U+0108
    { 0x0109, 81 }, // U+0109
    { 0x010A, 27 }, // U+010A
    { 0x010B, 81 }, // U+010B
    { 0x010C, 27 }, // U+010C
    { 0x010D, 99 }, // U+010D
    { 0x010F, 81 }, // U+010F
    { 0x0111, 81 }, // U+0111
    { 0x0113, 81 }, // U+0113
    { 0x0115, 100 }, // U+0115
    { 0x0117, 81 }, // U+0117
    { 0x0119, 81 }, // U+0119
    { 0x011B, 81 }, // U+011B
    { 0x011C, 27 }, // U+011C
    { 0x011D, 101 }, // U+011D
    { 0x011E, 27 }, // U+011E
    { 0x011F, 102 }, // U+011F
    { 0x0120, 27 }, // U+0120
    { 0x0121, 101 }, // U+0121
    { 0x0122, 27 }, // U+0122
    { 0x0123, 101 }, // U+0123
    { 0x0125, 48 }, // U+0125
    { 0x0127, 48 }, // U+0127
    { 0x0129, 103 }, // U+0129
    { 0x012B, 104 }, // U+012B
    { 0x012D, 105 }, // U+012D
    { 0x012F, 49 }, // U+012F
    { 0x0131, 106 }, // U+0131
    { 0x0134, 28 }, // U+0134
    { 0x0135, 107 }, // U+0135
    { 0x0137, 48 }, // U+0137
    { 0x0138, 88 }, // U+0138
    { 0x013A, 48 }, // U+013A
    { 0x013C, 48 }, // U+013C
    { 0x013E, 48 }, // U+013E
    { 0x0140, 48 }, // U+0140
    { 0x0142, 108 }, // U+0142
    { 0x0143, 30 }, // U+0143
    { 0x0144, 88 }, // U+0144
    { 0x0145, 30 }, // U+0145
    { 0x0146, 88 }, // U+0146
    { 0x0147, 30 }, // U+0147
    { 0x0148, 88 }, // U+0148
    { 0x0149, 109 }, // U+0149
    { 0x014A, 30 }, // U+014A
    { 0x014B, 88 }, // U+014B
    { 0x014C, 27 }, // U+014C
    { 0x014D, 81 }, // U+014D
    { 0x014E, 27 }, // U+014E
    { 0x014F, 81 }, // U+014F
    { 0x0150, 27 }, // U+0150
    { 0x0151, 81 }, // U+0151
    { 0x0152, 27 }, // U+0152
    { 0x0153, 81 }, // U+0153
    { 0x0155, 110 }, // U+0155
    { 0x0157, 109 }, // U+0157
    { 0x0159, 110 }, // U+0159
    { 0x015A, 32 }, // U+015A
    { 0x015B, 111 }, // U+015B
    { 0x015C, 32 }, // U+015C
    { 0x015D, 112 }, // U+015D
    { 0x015E, 32 }, // U+015E
    { 0x015F, 111 }, // U+015F
    { 0x0160, 32 }, // U+0160
    { 0x0161, 113 }, // U+0161
    { 0x0162, 114 }, // U+0162
    { 0x0163, 115 }, // U+0163
    { 0x0164, 116 }, // U+0164
    { 0x0165, 115 }, // U+0165
    { 0x0166, 116 }, // U+0166
    { 0x0167, 115 }, // U+0167
    { 0x0168, 74 }, // U+0168
    { 0x0169, 92 }, // U+0169
    { 0x016A, 74 }, // U+016A
    { 0x016B, 92 }, // U+016B
    { 0x016C, 74 }, // U+016C
    { 0x016D, 92 }, // U+016D
    { 0x016E, 74 }, // U+016E
    { 0x016F, 92 }, // U+016F
    { 0x0170, 74 }, // U+0170
    { 0x0171, 92 }, // U+0171
    { 0x0172, 74 }, // U+0172
    { 0x0173, 92 }, // U+0173
    { 0x0174, 117 }, // U+0174
    { 0x0175, 118 }, // U+0175
    { 0x0176, 75 }, // U+0176
    { 0x0177, 94 }, // U+0177
    { 0x0178, 75 }, // U+0178
    { 0x0179, 39 }, // U+0179
    { 0x017A, 119 }, // U+017A
    { 0x017B, 39 }, // U+017B
    { 0x017C, 119 }, // U+017C
    { 0x017D, 39 }, // U+017D
    { 0x017E, 120 }, // U+017E
    { 0x01A0, 27 }, // U+01A0
    { 0x01A1, 121 }, // U+01A1
    { 0x01AF, 74 }, // U+01AF
    { 0x01B0, 92 }, // U+01B0
    { 0x01C6, 81 }, // U+01C6
    { 0x01C9, 48 }, // U+01C9
    { 0x01CA, 30 }, // U+01CA
    { 0x01CC, 106 }, // U+01CC
    { 0x01CD, 122 }, // U+01CD
    { 0x01CE, 98 }, // U+01CE
    { 0x01D0, 123 }, // U+01D0
    { 0x01D1, 27 }, // U+01D1
    { 0x01D2, 81 }, // U+01D2
    { 0x01D3, 74 }, // U+01D3
    { 0x01D4, 92 }, // U+01D4
    { 0x01D5, 74 }, // U+01D5
    { 0x01D6, 92 }, // U+01D6
    { 0x01D7, 74 }, // U+01D7
    { 0x01D8, 92 }, // U+01D8
    { 0x01D9, 74 }, // U+01D9
    { 0x01DA, 92 }, // U+01DA
    { 0x01DB, 74 }, // U+01DB
    { 0x01DC, 92 }, // U+01DC
    { 0x01E6, 27 }, // U+01E6
    { 0x01E7, 101 }, // U+01E7
    { 0x01EA, 27 }, // U+01EA
    { 0x01EB, 81 }, // U+01EB
    { 0x01FA, 70 }, // U+01FA
    { 0x01FB, 124 }, // U+01FB
    { 0x01FC, 70 }, // U+01FC
    { 0x01FD, 124 }, // U+01FD
    { 0x01FE, 27 }, // U+01FE
    { 0x01FF, 121 }, // U+01FF
    { 0x0200, 122 }, // U+0200
    { 0x0201, 125 }, // U+0201
    { 0x0202, 122 }, // U+0202
    { 0x0203, 126 }, // U+0203
    { 0x0205, 127 }, // U+0205
    { 0x0207, 81 }, // U+0207
    { 0x0209, 128 }, // U+0209
    { 0x020B, 129 }, // U+020B
    { 0x020C, 27 }, // U+020C
    { 0x020D, 130 }, // U+020D
    { 0x020E, 27 }, // U+020E
    { 0x020F, 81 }, // U+020F
    { 0x0211, 131 }, // U+0211
    { 0x0213, 106 }, // U+0213
    { 0x0214, 74 }, // U+0214
    { 0x0215, 92 }, // U+0215
    { 0x0216, 74 }, // U+0216
    { 0x0217, 92 }, // U+0217
    { 0x0218, 32 }, // U+0218
    { 0x0219, 111 }, // U+0219
    { 0x021A, 114 }, // U+021A
    { 0x021B, 115 }, // U+021B
    { 0x1EA0, 122 }, // U+1EA0
    { 0x1EA1, 98 }, // U+1EA1
    { 0x1EA2, 122 }, // U+1EA2
    { 0x1EA3, 98 }, // U+1EA3
    { 0x1EA4, 122 }, // U+1EA4
    { 0x1EA5, 132 }, // U+1EA5
    { 0x1EA6, 122 }, // U+1EA6
    { 0x1EA7, 133 }, // U+1EA7
    { 0x1EA8, 122 }, // U+1EA8
    { 0x1EA9, 132 }, // U+1EA9
    { 0x1EAA, 122 }, // U+1EAA
    { 0x1EAB, 132 }, // U+1EAB
    { 0x1EAC, 122 }, // U+1EAC
    { 0x1EAD, 132 }, // U+1EAD
    { 0x1EAE, 122 }, // U+1EAE
    { 0x1EAF, 98 }, // U+1EAF
    { 0x1EB0, 122 }, // U+1EB0
    { 0x1EB1, 98 }, // U+1EB1
    { 0x1EB2, 122 }, // U+1EB2
    { 0x1EB3, 98 }, // U+1EB3
    { 0x1EB4, 122 }, // U+1EB4
    { 0x1EB5, 98 }, // U+1EB5
    { 0x1EB6, 122 }, // U+1EB6
    { 0x1EB7, 98 }, // U+1EB7
    { 0x1EB9, 81 }, // U+1EB9
    { 0x1EBB, 81 }, // U+1EBB
    { 0x1EBD, 134 }, // U+1EBD
    { 0x1EBF, 81 }, // U+1EBF
    { 0x1EC1, 81 }, // U+1EC1
    { 0x1EC3, 81 }, // U+1EC3
    { 0x1EC5, 81 }, // U+1EC5
    { 0x1EC7, 81 }, // U+1EC7
    { 0x1EC9, 135 }, // U+1EC9
    { 0x1ECB, 49 }, // U+1ECB
    { 0x1ECC, 27 }, // U+1ECC
    { 0x1ECD, 81 }, // U+1ECD
    { 0x1ECE, 27 }, // U+1ECE
    { 0x1ECF, 81 }, // U+1ECF
    { 0x1ED0, 27 }, // U+1ED0
    { 0x1ED1, 81 }, // U+1ED1
    { 0x1ED2, 27 }, // U+1ED2
    { 0x1ED3, 81 }, // U+1ED3
    { 0x1ED4, 27 }, // U+1ED4
    { 0x1ED5, 81 }, // U+1ED5
    { 0x1ED6, 27 }, // U+1ED6
    { 0x1ED7, 81 }, // U+1ED7
    { 0x1ED8, 27 }, // U+1ED8
    { 0x1ED9, 81 }, // U+1ED9
    { 0x1EDA, 27 }, // U+1EDA
    { 0x1EDB, 81 }, // U+1EDB
    { 0x1EDC, 27 }, // U+1EDC
    { 0x1EDD, 81 }, // U+1EDD
    { 0x1EDE, 27 }, // U+1EDE
    { 0x1EDF, 81 }, // U+1EDF
    { 0x1EE0, 27 }, // U+1EE0
    { 0x1EE1, 81 }, // U+1EE1
    { 0x1EE2, 27 }, // U+1EE2
    { 0x1EE3, 81 }, // U+1EE3
    { 0x1EE4, 74 }, // U+1EE4
    { 0x1EE5, 92 }, // U+1EE5
    { 0x1EE6, 74 }, // U+1EE6
    { 0x1EE7, 92 }, // U+1EE7
    { 0x1EE8, 74 }, // U+1EE8
    { 0x1EE9, 92 }, // U+1EE9
    { 0x1EEA, 74 }, // U+1EEA
    { 0x1EEB, 92 }, // U+1EEB
    { 0x1EEC, 74 }, // U+1EEC
    { 0x1EED, 92 }, // U+1EED
    { 0x1EEE, 74 }, // U+1EEE
    { 0x1EEF, 92 }, // U+1EEF
    { 0x1EF0, 74 }, // U+1EF0
    { 0x1EF1, 92 }, // U+1EF1
    { 0x1EF2, 75 }, // U+1EF2
    { 0x1EF3, 94 }, // U+1EF3
    { 0x1EF4, 136 }, // U+1EF4
    { 0x1EF5, 137 }, // U+1EF5
    { 0x1EF6, 136 }, // U+1EF6
    { 0x1EF7, 137 }, // U+1EF7
    { 0x1EF8, 136 }, // U+1EF8
    { 0x1EF9, 137 }, // U+1EF9
    { 0x2010, 63 }, // U+2010
    { 0x2012, 63 }, // U+2012
    { 0x2013, 63 }, // U+2013
    { 0x2014, 63 }, // U+2014
    { 0x2015, 63 }, // U+2015
    { 0x2018, 138 }, // U+2018
    { 0x2019, 139 }, // U+2019
    { 0x201A, 140 }, // U+201A
    { 0x201C, 141 }, // U+201C
    { 0x201D, 142 }, // U+201D
    { 0x201E, 140 }, // U+201E
    { 0x2022, 7 }, // U+2022
    { 0x2026, 143 }, // U+2026
    { 0x2030, 3 }, // U+2030
    { 0x2039, 144 }, // U+2039
    { 0x203A, 145 }, // U+203A
    { 0xFB01, 46 }, // U+FB01
    { 0xFB02, 46 }, // U+FB02
};

static const int8_t literata_10_boldKernMatrix[] = {
       0,    0,    0,    0,    0,    0,    0,  -37,    0,  -37,    0,    0,    0,    0,    0,   -3,    0,   -2,    0,    0,    0,    0,    0,    0,    0,  -32,  -10,  -28,   -3,    0,  -10,   -5,    0,    0,    0,    0,    0,    0,    0,    0,    0,  -12,    0,  -13,  -13,  -10,  -17,    0,    0,    0,   -2,   -2,   -2,  -11,  -13,    0,   -2,    0,   -2,   -2,   -4,    0,    0,    0,    0,    0,    0,    0,    0,  -32,  -32,  -15,    0,    0,    0,  -12,  -12,  -12,  -12,  -12,  -13,  -13,  -13,    0,    0,    0,  -13,   -2,  -13,  -13,  -13,    0,    0,   -2,    0,  -12,  -12,  -12,  -13,  -13,  -17,  -17,    0,    0,    0,   -2,    0,    0,   -2,   -2,  -11,  -11,  -11,    0,  -13,    0,    0,    0,   -4,   -4,  -13,  -32,    0,  -12,  -12,  -12,  -13,    0,    0,  -13,   -2,  -12,  -12,  -13,    0,    0,   -2,    0,    0,    0,    0,    0,  -37,    0,    0,
       0,    0,    0,    0,    0,    0,    0,    0,    0,    0,    0,    0,    0,    0,    0,    0,    0,    0,    0,    0,    0,    0,    0,    0,    0,    0,    0,    0,   -3,    0,    0,    0,   -8,   -4,  -25,  -22,    0,  -28,   -2,    0,    0,    0,   -2,    0,    0,    0,    0,    0,    0,    0,    0,    0,    0,    0,    0,   -2,    0,    0,    0,    0,    0,    0,    0,    0,    0,    0,    0,    0,    0,    0,    0,    0,    0,   -4,  -28,    0,    0,    0,    0,    0,    0,    0,    0,    0,    0,    0,    0,    0,    0,    0,    0,   -2,   -2,    0,    0,    0,    0,    0,    0,    0,    0,    0,    0,    0,    0,    0,    0,    0,    0,    0,    0,    0,    0,   -8,    0,   -8,  -22,    0,    0,    0,    0,    0,    0,    0,    0,    0,    0,    0,    0,    0,    0,    0,    0,    0,    0,  -28,    0,    0,    0,    0,    0,    0,    0,    0,    0,
       0,    0,    0,    0,    0,    0,    0,    0,    0,    0,    0,    0,    0,    0,    0,  -10,    0,    0,    0,   -3,    0,    0,    0,    0,    0,  -33,    0,  -33,    0,    0,    0,    0,    0,    0,    0,    0,    0,    0,    0,    0,    0,   -7,    3,  -17,  -17,    0,   -6,    0,    0,    0,    0,    0,    0,    0,    0,    0,    0,    0,    0,    0,    0,    0,    0,    0,    0,    0,    0,    0,    0,  -33,  -33,  -37,    0,    0,    0,   -7,   -7,   -7,   -7,   -7,  -17,  -17,  -17,    0,    0,    0,  -17,    0,  -17,  -17,  -17,    0,    0,    0,    0,   -7,   -7,   -7,  -17,  -17,   -6,   -6,    0,    0,    0,    0,    0,    0,    0,    0,    0,    0,    0,    0,    0,    0,    0,    0,    0,    0,  -17,  -33,    0,   -7,   -7,   -7,  -17,    0,    0,  -17,    0,   -7,   -7,  -17,    0,    0,    0,    0,    0,    0,    0,    0,    0,    0,    0,
       0,  -37,    0,    0,    0,    0,    0,    0,    0,    0,    0,    0,    0,    0,    0,  -10,    0,    0,  -25,    0,    0,    0,    0,   -5,    0,    0,   -8,    0,    0,    0,   -8,    0,  -27,   -8,  -33,  -22,    0,  -31,    0,    0,    0,    0,   -2,   -2,   -2,    0,    0,    0,    0,    0,    0,    0,    0,    0,   -7,  -10,  -25,  -22,    0,  -25,    0,    0,    0,    0,  -30,  -30,    0,    0,    0,    0,    0,    0,    0,   -8,  -31,    0,    0,    0,    0,    0,   -2,   -2,   -2,    0,    0,    0,   -2,    0,   -2,   -2,   -2,  -10,  -10,  -25,    0,    0,    0,    0,   -2,   -2,    0,    0,    0,    0,    0,    0,    0,    0,    0,    0,    0,    0,    0,  -27,   -7,  -27,  -22,  -22,    0,    0,   -2,    0,    0,    0,    0,    0,   -2,    0,    0,   -2,    0,    0,    0,   -2,    0,  -31,  -25,  -30,  -30,    0,  -30,  -30,    0,    0,    0,
       0,    0,    0,    0,    0,    0,    0,    0,    0,    0,    0,    0,    0,  -13,  -10,    0,    0,    0,  -23,    0,   -2,    0,    0,    0,    0,  -10,    0,   -3,    0,    0,    0,   -5,  -22,    0,  -18,  -12,  -18,  -25,   -7,    0,    0,    0,    0,    0,    0,    0,    0,    0,    0,    0,    0,    0,    0,    0,    0,    0,   -3,   -2,    0,   -3,    0,    0,    0,    0,    0,    0,    0,    0,    0,  -10,  -10,   -5,    0,    0,  -25,    0,    0,    0,    0,    0,    0,    0,    0,    0,    0,    0,    0,    0,    0,    0,    0,    0,    0,   -3,    0,    0,    0,    0,    0,    0,    0,    0,    0,    0,    0,    0,    0,    0,    0,    0,    0,    0,    0,  -22,    0,  -22,  -12,   -2,    0,    0,    0,  -10,    0,    0,    0,    0,    0,    0,    0,    0,    0,    0,    0,    0,    0,  -25,   -3,    0,    0,    0,    0,    0,    0,    0,    0,
       0,    0,    0,    0,    0,    0,    0,  -50,    0,  -50,  -72,  -10,    0,  -10,  -13,  -37,   -7,  -17,   -7,    0,  -10,    0,    0,    0,  -15,  -40,  -20,  -30,    0,    0,  -20,  -13,   -3,    0,    0,    0,    0,    0,    0,    0,    0,  -37,    0,  -32,  -32,  -10,  -33,    0,   -2,    0,  -17,  -17,  -17,  -32,  -18,  -18,  -20,  -20,  -18,  -20,  -22,    0,    0,    0,    0,    0,    0,    0,    0,  -40,  -40,  -33,    0,    0,    0,  -37,  -37,  -37,  -37,  -37,  -32,  -32,  -32,   -2,   -2,   -2,  -32,  -17,  -32,  -32,  -32,  -18,  -18,  -20,    0,  -37,  -37,  -37,  -32,  -32,  -33,  -33,   -2,   -2,   -2,  -17,    0,    0,  -17,  -17,  -32,  -32,  -32,   -3,  -18,   -3,    0,  -20,  -22,  -22,  -32,  -40,   -2,  -37,  -37,  -37,  -32,   -2,   -2,  -32,  -17,  -37,  -37,  -32,   -2,    0,  -20,    0,    0,    0,    0,    0,  -50,    0,    0,
       0,    0,    0,    0,    0,    0,    0,    0,    0,    0,    0,    0,    0,   -5,   -6,    0,   -2,    0,   -2,    0,    0,    0,    0,    0,    0,    0,    0,    0,    0,    0,    0,    0,    0,    0,    0,    0,    0,    0,    0,    0,    0,    0,    0,    0,    0,    0,    0,    0,    0,    0,    0,    0,    0,    0,    0,    0,    0,    0,    0,    0,    0,    0,    0,   -4,    0,    0,    0,    0,    0,    0,    0,    0,    0,    0,    0,    0,    0,    0,    0,    0,    0,    0,    0,    0,    0,    0,    0,    0,    0,    0,    0,    0,    0,    0,    0,    0,    0,    0,    0,    0,    0,    0,    0,    0,    0,    0,    0,    0,    0,    0,    0,    0,    0,    0,    0,    0,    0,    0,    0,    0,    0,    0,    0,    0,    0,    0,    0,    0,    0,    0,    0,    0,    0,    0,    0,    0,    0,    0,    0,    0,    0,    0,    0,    0,    0,
       0,   -7,  -13,    0,    0,    0,    0,    0,    0,    0,    0,    0,    0,    0,    0,  -12,    0,    0,  -10,    0,    0,    0,    0,    0,    0,    0,    0,    0,    0,    0,    0,    0,    0,    0,    0,    0,    0,    0,    0,   -3,    0,    0,    0,    0,    0,    0,    0,    0,    0,    0,    0,    0,    0,    0,    0,    0,    0,    0,    0,    0,    0,    0,    0,   -7,    0,    0,    0,    0,    0,    0,    0,    0,    0,    0,    0,    0,    0,    0,    0,    0,    0,    0,    0,    0,    0,    0,    0,    0,    0,    0,    0,    0,    0,    0,    0,    0,    0,    0,    0,    0,    0,    0,    0,    0,    0,    0,    0,    0,    0,    0,    0,    0,    0,    0,    0,    0,    0,    0,    0,    0,    0,    0,    0,    0,    0,    0,    0,    0,    0,    0,    0,    0,    0,    0,    0,    0,    0,   -7,   -7,    0,   -7,   -7,    0,    0,    0,
       0,    0,    0,    0,    0,    0,    0,    0,    0,    0,    0,    0,    0,    0,    0,    0,   -1,    0,   -4,    0,    0,    0,    0,    0,    0,    0,    0,    0,    0,    0,    0,    0,    0,    0,    0,    0,    0,    0,    0,    0,    0,    0,    0,    0,    0,    0,    0,    0,    0,    0,    0,    0,    0,    0,    0,    0,    0,    0,    0,    0,    0,    0,    0,    0,    0,    0,    0,    0,    0,    0,    0,    0,   -2,    0,    0,    0,    0,    0,    0,    0,    0,    0,    0,    0,    0,    0,    0,    0,    0,    0,    0,    0,    0,    0,    0,    0,    0,    0,    0,    0,    0,    0,    0,    0,    0,    0,    0,    0,    0,    0,    0,    0,    0,    0,    0,    0,    0,    0,    0,    0,    0,    0,    0,    0,    0,    0,    0,    0,    0,    0,    0,    0,    0,    0,    0,    0,    0,    0,    0,    0,    0,    0,    0,    0,    0,
       0,    0,    0,    0,    0,    0,    0,    0,    0,    0,   -3,    0,    0,   -6,   -7,   -1,   -2,    0,   -7,    0,   -1,    0,    0,    0,    0,    0,    0,    0,    0,    0,    0,    0,    0,    0,    0,    0,    0,    0,    0,   -3,    0,    0,    0,    0,    0,    0,    0,    0,    0,    0,    0,    0,    0,    0,    0,    0,    0,    0,    0,    0,    0,    0,    0,    0,    0,    0,    0,    0,    0,    0,    0,    0,   -3,    0,    0,    0,    0,    0,    0,    0,    0,    0,    0,    0,    0,    0,    0,    0,    0,    0,    0,    0,    0,    0,    0,    0,    0,    0,    0,    0,    0,    0,    0,    0,    0,    0,    0,    0,    0,    0,    0,    0,    0,    0,    0,    0,    0,    0,    0,    0,    0,    0,    0,    0,    0,    0,    0,    0,    0,    0,    0,    0,    0,    0,    0,    0,    0,    0,   -3,    0,    0,   -3,    0,    0,    0,
       0,   -3,   -9,    0,    0,   -3,    0,    0,    0,    0,    0,    0,    0,    0,    0,    0,    0,    0,  -12,    0,    0,    0,    0,    0,    0,    0,    0,    0,    0,    0,    0,    0,    0,    0,    0,    0,    0,    0,    0,   -4,    0,    0,    0,    0,    0,    0,    0,    0,    0,    0,    0,    0,    0,    0,    0,    0,    0,    0,    0,    0,    0,    0,    0,  -13,    0,    0,    0,    0,    0,    0,    0,    0,    0,    0,    0,    0,    0,    0,    0,    0,    0,    0,    0,    0,    0,    0,    0,    0,    0,    0,    0,    0,    0,    0,    0,    0,    0,    0,    0,    0,    0,    0,    0,    0,    0,    0,    0,    0,    0,    0,    0,    0,    0,    0,    0,    0,    0,    0,    0,    0,    0,    0,    0,    0,    0,    0,    0,    0,    0,    0,    0,    0,    0,    0,    0,    0,    0,  -10,  -10,    0,  -10,  -10,    0,    0,    0,
       0,   -2,    0,    0,    0,   -2,    0,    0,    0,    0,    0,    0,    0,   -3,   -3,    0,    0,    0,   -7,    0,   -3,    0,    0,    0,    0,    0,    0,    0,    0,    0,    0,    0,    0,    0,    0,    0,    0,    0,    0,   -1,    0,    0,    0,    0,    0,    0,    0,    0,    0,    0,    0,    0,    0,    0,    0,    0,    0,    0,    0,    0,    0,    0,    0,   -7,    0,    0,    0,    0,    0,    0,    0,    0,    0,    0,    0,    0,    0,    0,    0,    0,    0,    0,    0,    0,    0,    0,    0,    0,    0,    0,    0,    0,    0,    0,    0,    0,    0,    0,    0,    0,    0,    0,    0,    0,    0,    0,    0,    0,    0,    0,    0,    0,    0,    0,    0,    0,    0,    0,    0,    0,    0,    0,    0,    0,    0,    0,    0,    0,    0,    0,    0,    0,    0,    0,    0,    0,    0,   -3,   -3,    0,   -3,   -3,    0,    0,    0,
       0,    0,    0,    0,    0,    0,    0,    0,    0,    0,    0,    0,    0,    0,   -2,    0,   -2,    0,   -2,    0,   -1,    0,    0,    0,    0,    0,    0,    0,    0,    0,    0,    0,    0,    0,    0,    0,    0,    0,    0,    0,    0,    0,    0,    0,    0,    0,    0,    0,    0,    0,    0,    0,    0,    0,    0,    0,    0,    0,    0,    0,    0,    0,    0,   -2,    0,    0,    0,    0,    0,    0,    0,    0,    0,    0,    0,    0,    0,    0,    0,    0,    0,    0,    0,    0,    0,    0,    0,    0,    0,    0,    0,    0,    0,    0,    0,    0,    0,    0,    0,    0,    0,    0,    0,    0,    0,    0,    0,    0,    0,    0,    0,    0,    0,    0,    0,    0,    0,    0,    0,    0,    0,    0,    0,    0,    0,    0,    0,    0,    0,    0,    0,    0,    0,    0,    0,    0,    0,    0,    0,    0,    0,    0,    0,    0,    0,
       0,    0,   -6,    0,    0,    3,    0,  -34,  -20,  -34,  -33,    0,    3,    3,   -2,  -25,   -6,   -4,    0,   -1,    0,   -5,  -20,    0,    0,    0,    0,    0,    0,    0,    0,    0,    0,    0,    0,    0,    0,    0,    0,    0,    0,    0,    0,    0,    0,    0,    0,    0,    0,    0,    0,    0,    0,    0,    0,    0,    0,    0,    0,    0,    0,    0,  -20,    3,    0,    0,    0,    0,    0,    0,    0,    0,  -27,    0,    0,    0,    0,    0,    0,    0,    0,    0,    0,    0,    0,    0,    0,    0,    0,    0,    0,    0,    0,    0,    0,    0,    0,    0,    0,    0,    0,    0,    0,    0,    0,    0,    0,    0,    0,    0,    0,    0,    0,    0,    0,    0,    0,    0,    0,    0,    0,    0,    0,    0,    0,    0,    0,    0,    0,    0,    0,    0,    0,    0,    0,    0,    0,    7,    3,  -17,    7,    3,  -34,    0,    0,
       0,    0,    0,    0,    0,   -2,    0,    0,    0,    0,    0,    0,    0,   -2,   -2,    0,    0,    0,   -6,    0,   -2,    0,    0,    0,    0,    0,    0,    0,    0,    0,    0,    0,    0,    0,    0,    0,    0,    0,    0,   -3,    0,    0,    0,    0,    0,    0,    0,    0,    0,    0,    0,    0,    0,    0,    0,    0,    0,    0,    0,    0,    0,    0,    0,  -10,    0,    0,    0,    0,    0,    0,    0,    0,    0,    0,    0,    0,    0,    0,    0,    0,    0,    0,    0,    0,    0,    0,    0,    0,    0,    0,    0,    0,    0,    0,    0,    0,    0,    0,    0,    0,    0,    0,    0,    0,    0,    0,    0,    0,    0,    0,    0,    0,    0,    0,    0,    0,    0,    0,    0,    0,    0,    0,    0,    0,    0,    0,    0,    0,    0,    0,    0,    0,    0,    0,    0,    0,    0,    0,   -1,    0,    0,   -1,    0,    0,    0,
       0,    0,    0,    0,    0,    0,    0,   -3,    0,   -3,    0,    0,    0,   -5,   -3,   -2,   -2,    0,   -3,    0,    0,    0,    0,    0,    0,    0,    0,    0,    0,    0,    0,    0,    0,    0,    0,    0,    0,    0,    0,   -3,    0,    0,    0,    0,    0,    0,    0,    0,    0,    0,    0,    0,    0,    0,    0,    0,    0,    0,    0,    0,    0,    0,    0,   -7,    0,    0,    0,    0,    0,    0,    0,    0,   -3,    0,    0,    0,    0,    0,    0,    0,    0,    0,    0,    0,    0,    0,    0,    0,    0,    0,    0,    0,    0,    0,    0,    0,    0,    0,    0,    0,    0,    0,    0,    0,    0,    0,    0,    0,    0,    0,    0,    0,    0,    0,    0,    0,    0,    0,    0,    0,    0,    0,    0,    0,    0,    0,    0,    0,    0,    0,    0,    0,    0,    0,    0,    0,    0,    0,    0,    0,    0,    0,   -3,    0,    0,
       0,    0,    0,    0,    0,    0,    0,    0,    0,    0,    0,    0,    0,   -2,   -2,   -6,    0,    0,   -4,    0,    0,    0,    0,    0,    0,    0,    0,    0,    0,    0,    0,    0,    0,    0,    0,    0,    0,    0,    0,    0,    0,    0,    0,    0,    0,    0,    0,    0,    0,    0,    0,    0,    0,    0,    0,    0,    0,    0,    0,    0,    0,    0,    0,    0,    0,    0,    0,    0,    0,    0,    0,    0,    0,    0,    0,    0,    0,    0,    0,    0,    0,    0,    0,    0,    0,    0,    0,    0,    0,    0,    0,    0,    0,    0,    0,    0,    0,    0,    0,    0,    0,    0,    0,    0,    0,    0,    0,    0,    0,    0,    0,    0,    0,    0,    0,    0,    0,    0,    0,    0,    0,    0,    0,    0,    0,    0,    0,    0,    0,    0,    0,    0,    0,    0,    0,    0,    0,    0,    0,    0,    0,    0,    0,    0,    0,
       0,    0,    0,    0,    0,    0,    0,    0,    0,    0,    0,    0,    0,   -3,   -5,    0,    0,    0,  -15,    0,   -3,    0,    0,    0,    0,    0,    0,    0,    0,    0,    0,    0,    0,    0,    0,    0,    0,    0,    0,    0,    0,    0,    0,    0,    0,    0,    0,    0,    0,    0,    0,    0,    0,    0,    0,    0,    0,    0,    0,    0,    0,    0,    0,    0,    0,    0,    0,    0,    0,    0,    0,    0,    0,    0,    0,    0,    0,    0,    0,    0,    0,    0,    0,    0,    0,    0,    0,    0,    0,    0,    0,    0,    0,    0,    0,    0,    0,    0,    0,    0,    0,    0,    0,    0,    0,    0,    0,    0,    0,    0,    0,    0,    0,    0,    0,    0,    0,    0,    0,    0,    0,    0,    0,    0,    0,    0,    0,    0,    0,    0,    0,    0,    0,    0,    0,    0,    0,    0,    0,    0,    0,    0,    0,    0,    0,
       0,    0,    0,    0,    0,    0,    0,    0,    0,    0,    0,    0,    0,    0,    0,    0,    0,    0,    0,    0,    0,    0,    0,    0,    0,    0,    0,    0,    0,    0,    0,    0,    0,    0,    0,    0,    0,    0,    0,    0,    0,    0,    0,    0,    0,    0,    0,    0,    0,    0,    0,    0,    0,    0,    0,    0,    0,    0,    0,    0,    0,  -12,    0,    0,    0,    0,    0,    0,    0,    0,    0,    0,    0,    0,    0,    0,    0,    0,    0,    0,    0,    0,    0,    0,    0,    0,    0,    0,    0,    0,    0,    0,    0,    0,    0,    0,    0,    0,    0,    0,    0,    0,    0,    0,    0,    0,    0,    0,    0,    0,    0,    0,    0,    0,    0,    0,    0,    0,    0,    0,    0,    0,    0,    0,    0,    0,    0,    0,    0,    0,    0,    0,    0,    0,    0,    0,    0,    0,    0,    0,    0,    0,    0,  -12,    0,
       0,    0,    0,    0,    0,    0,    0,    0,    0,    0,   -7,    0,    0,    0,    0,    0,    0,    0,    0,    0,    0,    0,    0,    0,    0,   -7,    0,    0,    0,    0,    0,   -3,  -15,  -10,  -28,  -18,   -7,  -33,  -12,  -12,    0,    0,   -7,    0,    0,    0,    0,   -2,    0,    0,    0,    0,    0,    0,   -3,   -3,  -12,   -8,   -4,  -12,   -7,    0,    0,    0,    0,    0,    0,    0,    0,   -7,   -7,    0,    0,  -10,  -33,    0,    0,    0,    0,    0,    0,    0,    0,    0,    0,    0,    0,    0,    0,    0,    0,   -3,   -3,  -12,   -2,    0,    0,    0,    0,    0,    0,    0,    0,    0,    0,    0,    0,   -2,    0,    0,    0,    0,    0,  -15,   -3,  -15,  -18,   -8,   -7,   -7,    0,   -7,    0,    0,    0,    0,    0,    0,    0,    0,    0,    0,    0,    0,    0,  -33,  -12,    0,    0,    0,    0,    0,    0,    0,    0,
       0,  -32,    0,    0,    0,  -33,    0,    0,  -10,    0,    0,    0,    0,    0,    0,    0,    0,    0,    0,    0,    0,    0,    0,  -22,    0,    0,   -7,    0,    0,    0,   -7,    0,  -33,  -21,  -42,  -33,    0,  -40,    0,  -37,    0,    0,   -3,   -1,   -1,    0,    0,    0,    0,    0,   -5,   -5,  -10,    0,  -12,  -10,  -30,  -24,    0,  -30,    0,   -7,  -10,    0,    0,    0,  -13,    0,    0,    0,    0,    0,    0,  -21,  -40,    0,    0,    0,    0,    0,   -1,   -1,   -1,    0,    0,    0,   -1,   -5,   -1,   -1,   -1,  -10,  -10,  -30,    0,    0,    0,    0,   -1,   -1,    0,    0,    0,    0,    0,   -5,    0,    0,   -5,   -5,    0,    0,    0,  -33,  -12,  -33,  -33,  -24,    0,    0,   -1,    0,    0,    0,    0,    0,   -1,    0,    0,   -1,   -5,    0,    0,   -1,    0,  -40,  -30,  -35,  -33,    0,  -35,  -33,    0,   -7,    0,
       0,   -4,    0,    0,    0,   -3,    0,    0,    0,    0,    0,    0,    0,    0,    0,    0,    0,    0,    0,    0,    0,    0,    0,   -3,    0,   -2,    0,   -2,    0,    0,    0,    0,   -7,   -4,  -11,   -8,   -2,  -12,   -3,   -3,    0,    0,    0,    0,    0,    0,    0,    0,    0,    0,    0,    0,    0,    0,   -5,   -3,   -7,   -7,    0,   -7,    0,    0,    0,    0,    0,    0,    0,    0,    0,   -2,   -2,    0,    0,   -4,  -12,    0,    0,    0,    0,    0,    0,    0,    0,    0,    0,    0,    0,    0,    0,    0,    0,   -3,   -3,   -7,    0,    0,    0,    0,    0,    0,    0,    0,    0,    0,    0,    0,    0,    0,    0,    0,    0,    0,    0,   -7,   -5,   -7,   -8,   -7,    0,    0,    0,   -2,    0,    0,    0,    0,    0,    0,    0,    0,    0,    0,    0,    0,    0,  -12,   -7,   -3,   -3,    0,   -3,   -3,    0,    0,    0,
       0,    0,    0,    0,    0,    0,    0,    0,    0,    0,    0,    0,    0,    0,    0,    0,    0,    0,    0,    0,    0,    0,    0,    0,    0,   -3,   -5,    0,    0,    0,   -5,   -3,   -4,   -2,   -7,   -5,    0,   -6,   -4,    0,    0,   -2,   -2,   -3,   -3,   -1,   -3,   -2,    0,    0,   -2,   -2,   -2,   -4,   -2,   -4,   -5,   -2,   -1,   -5,   -2,    0,    0,    0,    0,    0,   -3,    0,    0,   -3,   -3,   -5,    0,   -2,   -6,   -2,   -2,   -2,   -2,   -2,   -3,   -3,   -3,    0,    0,    7,   -3,   -2,   -3,   -3,   -3,   -4,   -4,   -5,   -2,   -2,   -2,   -2,   -3,   -3,   -3,   -3,    0,    0,    0,   -2,    0,   -2,   -2,   -2,   -4,   -4,   -4,   -4,   -2,   -4,   -5,   -2,   -2,   -2,   -3,   -3,    0,   -2,   -2,   -2,   -3,    0,    0,   -3,   -2,   -2,   -2,   -3,    0,   -6,   -5,    0,    0,    0,    0,    0,    0,    0,    0,
       0,   -3,    0,    0,    0,    0,    0,  -10,    0,  -10,   -2,    0,    0,    0,    0,    0,    0,    0,    0,    0,    0,    0,    0,    0,   -7,  -30,    0,   -8,   -7,    0,    0,   -2,   -8,   -3,  -12,  -10,  -14,  -17,   -8,  -17,    0,   -2,    0,    0,    0,   -2,    0,    0,    0,    0,    0,    0,    0,   -1,    0,    0,   -2,    0,   -2,   -2,   -2,    0,    0,    0,    0,    0,    0,    0,    0,  -30,  -30,  -33,    0,   -3,  -17,   -2,   -2,   -2,   -2,   -2,    0,    0,    0,    0,    0,    0,    0,    0,    0,    0,    0,    0,    0,   -2,    0,   -2,   -2,   -2,    0,    0,    0,    0,    0,    0,    0,    0,    0,    0,    0,    0,   -1,   -1,   -1,   -8,    0,   -8,  -10,    0,   -2,   -2,    0,  -30,    0,   -2,   -2,   -2,    0,    0,    0,    0,    0,   -2,   -2,    0,    0,  -17,   -2,   -2,   -7,    0,   -2,   -7,  -10,    0,    0,
       0,    0,    0,    0,    0,    0,    0,    0,    0,    0,    0,    0,    0,    0,    0,    0,    0,    0,    0,    0,    0,    0,    0,    0,    0,    0,    0,    0,    0,    0,    0,    0,   -5,   -4,   -2,    0,    0,   -4,    0,    0,    0,    0,   -2,    0,    0,    0,    0,   -1,    0,    0,   -1,   -1,   -1,    0,   -3,   -2,   -6,   -4,    0,   -6,    0,    0,    0,    0,    0,    0,    0,    0,    0,    0,    0,    0,    0,   -4,   -4,    0,    0,    0,    0,    0,    0,    0,    0,    0,    0,    5,    0,   -1,    0,    0,    0,   -2,   -2,   -6,   -1,    0,    0,    0,    0,    0,    0,    0,    0,    0,    0,   -1,    0,   -1,   -1,   -1,    0,    0,    0,   -5,   -3,   -5,    0,   -4,    0,    0,    0,    0,    0,    0,    0,    0,    0,    0,    0,    0,   -1,    0,    0,    0,    0,   -4,   -6,   -2,   -5,    0,   -2,   -5,    0,    0,    0,
       0,    0,    0,  -12,    0,    3,    0,  -35,  -17,  -35,  -30,    0,    0,    0,    0,    0,    0,    0,    0,    0,    0,    0,    0,    0,  -22,  -32,   -6,  -34,   -2,    0,   -6,   -6,    0,   -1,    0,    0,    0,    0,   -2,    0,    0,  -14,    0,  -17,  -17,    0,  -15,   -3,   -1,   -1,   -4,   -4,   -4,  -14,   -2,   -3,   -2,   -1,   -1,   -2,   -6,  -13,  -17,    0,    0,    0,    0,    0,    0,  -32,  -32,  -35,    0,   -1,    0,  -14,  -14,  -14,  -14,  -14,  -17,  -17,  -17,   -1,    8,   13,  -17,   -4,  -17,  -17,  -17,   -3,   -3,   -2,   -3,  -14,  -14,  -14,  -17,  -17,  -15,  -15,    3,    2,    1,   -4,    7,   -3,   -4,   -4,  -14,  -14,  -14,    0,   -2,    0,    0,   -1,   -6,   -6,  -17,  -32,   -1,  -14,  -14,  -14,  -17,   13,    4,  -17,   -4,  -14,  -14,  -17,    1,    0,   -2,    0,    0,    0,    0,    0,  -35,  -13,    0,
       0,  -10,    0,    0,    0,   -7,    0,    0,    2,    0,    0,    0,    0,    0,    0,    0,    0,    0,    0,    0,    0,    0,    0,  -10,    0,    0,    0,   -2,    0,    0,    0,    0,  -12,   -2,  -13,  -10,   -1,  -14,   -3,   -7,    0,    0,    0,    0,    0,    0,    0,    0,    0,    0,    0,    0,    0,    0,    0,   -1,   -5,   -2,   -1,   -5,    0,    0,    2,    0,    0,    0,    0,    0,    0,    0,    0,  -10,    0,   -2,  -14,    0,    0,    0,    0,    0,    0,    0,    0,    0,    0,    0,    0,    0,    0,    0,    0,   -1,   -1,   -5,    0,    0,    0,    0,    0,    0,    0,    0,    0,    0,    0,    0,    0,    0,    0,    0,    0,    0,    0,  -12,    0,  -12,  -10,   -2,    0,    0,    0,    0,    0,    0,    0,    0,    0,    0,    0,    0,    0,    0,    0,    0,    0,  -14,   -5,   -3,   -5,    0,   -3,   -5,    0,    0,    0,
       0,    0,    0,    0,    0,    0,    0,    0,    0,    0,    0,    0,    0,    0,    0,    0,    0,    0,    0,    0,    0,    0,    0,    0,    0,    0,    0,    0,    0,    0,    0,    0,    0,    0,    0,    0,    0,    0,    0,    0,    0,    0,    0,   -2,   -2,    0,    0,    0,    0,    3,    0,    0,    0,    0,   -6,   -7,  -12,   -7,    0,  -12,    0,    0,    0,    0,    0,    0,    0,    0,    0,    0,    0,    0,    0,    0,    0,    0,    0,    0,    0,    0,   -2,   -2,   -2,    0,    4,   10,   -2,    0,   -2,   -2,   -2,   -7,   -7,  -12,    0,    0,    0,    0,   -2,   -2,    0,    0,    3,    0,    0,    0,    3,    0,    0,    0,    0,    0,    0,    0,   -6,    0,    0,   -7,    0,    0,   -2,    0,    0,    0,    0,    0,   -2,    8,    4,   -2,    0,    0,    0,   -2,    0,    0,  -12,    0,    0,    0,    0,    0,    0,    0,    0,
       0,    0,    0,   -6,    0,    0,    0,  -17,    0,  -17,  -17,    0,    0,    0,    0,    0,    0,    0,    0,    0,    0,    0,    0,    0,   -7,  -18,    0,  -10,    0,    0,    0,   -3,    0,    0,    0,    0,    0,    0,    0,    0,    0,  -10,    0,  -10,  -10,   -6,   -9,    0,   -1,    0,   -6,   -6,   -6,  -12,   -5,   -7,   -7,   -5,   -8,   -7,   -7,   -3,    0,    0,    0,    0,   -3,    0,    0,  -18,  -18,  -18,    0,    0,    0,  -10,  -10,  -10,  -10,  -10,  -10,  -10,  -10,   -1,   -1,    9,  -10,   -6,  -10,  -10,  -10,   -7,   -7,   -7,    0,  -10,  -10,  -10,  -10,  -10,   -9,   -9,   -1,    3,   -1,   -6,    0,    0,   -6,   -6,  -12,  -12,  -12,    0,   -5,    0,    0,   -5,   -7,   -7,  -10,  -18,   -1,  -10,  -10,  -10,  -10,    5,   -1,  -10,   -6,  -10,  -10,  -10,   -1,    0,   -7,    0,    0,    0,    0,    0,  -17,   -3,    0,
       0,    0,    0,    0,    0,    0,    0,    0,  -20,    0,    0,    0,    0,    0,    0,    0,    0,    0,    0,    0,    0,    0,    0,   -8,    0,    0,  -13,    0,    0,    0,  -13,    0,   -8,   -7,   -7,   -5,    0,   -7,    0,    0,    0,   -2,   -2,   -4,   -4,    0,    0,    0,    0,    0,    0,    0,   -2,    0,  -12,  -12,  -28,  -24,    0,  -28,    0,   -8,  -20,    0,    0,    0,  -17,    0,    0,    0,    0,    0,    0,   -7,   -7,   -2,   -2,   -2,   -2,   -2,   -4,   -4,   -4,    0,    5,   13,   -4,    0,   -4,   -4,   -4,  -12,  -12,  -28,    0,   -2,   -2,   -2,   -4,   -4,    0,    0,    0,    5,    0,    0,    0,    0,    0,    0,    0,    0,    0,   -8,  -12,   -8,   -5,  -24,    0,    0,   -4,    0,    0,   -2,   -2,   -2,   -4,    0,    0,   -4,    0,   -2,   -2,   -4,    0,   -7,  -28,   -5,   -7,    0,   -5,   -7,    0,   -8,    0,
       0,  -38,    0,    0,    0,  -33,    0,    0,    0,    0,    0,    0,    0,    0,    0,    0,    0,    0,    0,    0,    0,    0,    0,  -22,    0,    0,   -2,   -2,   -6,    0,   -2,   -2,  -38,  -15,  -35,  -29,    0,  -37,   -5,  -28,    0,    0,   -3,    0,    0,    0,    0,   -3,    0,    0,    0,    0,   -1,    0,   -8,   -7,  -21,  -17,    0,  -21,    0,    0,    0,    0,    0,    0,   -3,    0,    0,    0,    0,    0,    0,  -15,  -58,    0,    0,    0,    0,    0,    0,    0,    0,    0,    0,    0,    0,    0,    0,    0,    0,   -7,   -7,  -21,   -7,    0,    0,    0,    0,    0,    0,    0,    0,    0,    0,    0,    0,   -3,    0,    0,    0,    0,    0,  -38,   -8,  -62,  -45,  -17,    0,    0,    0,    0,    0,    0,    0,    0,    0,    0,    0,    0,    0,    0,    0,    0,    0,  -37,  -21,  -40,  -38,    0,  -40,  -38,    0,    0,    0,
       0,   -3,    0,    0,    0,    0,    0,    0,    0,    0,    0,    0,    0,    0,    0,    0,    0,    0,    0,    0,    0,    0,    0,   -5,    0,    0,  -10,    0,    0,    0,  -12,    0,  -15,  -12,  -17,  -15,    0,  -12,   -1,    0,    0,   -9,   -3,   -7,   -7,   -4,   -2,   -4,   -2,   -5,   -4,   -4,   -4,   -7,  -22,  -23,  -36,  -24,    0,  -36,   -2,    0,    0,    0,    0,    0,    0,    0,    0,    0,    0,    0,    0,  -13,  -12,   -9,   -9,   -9,   -9,   -9,   -7,   -7,   -7,   -2,   -2,    3,   -7,   -4,   -7,   -7,   -7,  -21,  -21,  -36,   -6,   -9,   -9,   -9,   -7,   -7,   -2,   -2,   -2,   -2,   -2,   -4,   -5,   -4,   -4,   -4,   -7,   -7,   -7,  -15,  -22,  -15,  -15,  -24,   -2,   -2,   -7,    0,   -2,   -9,   -9,   -9,   -7,   -2,   -2,   -7,   -4,   -9,   -9,   -7,   -2,  -12,  -36,  -11,    0,    0,  -11,    0,    0,    0,    0,
       0,    0,    0,   -7,    0,    0,    0,   -5,    0,   -5,   -3,    0,    0,    0,    0,    0,    0,    0,    0,    0,    0,    0,    0,   -3,  -12,  -13,   -4,  -10,   -2,    0,   -4,   -2,    0,    0,    0,    0,    0,    0,   -1,    0,    0,  -12,    0,  -12,  -12,   -8,  -12,   -2,   -7,    2,   -7,   -7,   -7,  -10,   -6,  -10,  -12,  -12,   -8,  -12,   -7,    0,    0,    0,    0,    0,    0,    0,    0,  -13,  -13,   -7,    0,    0,    0,  -12,  -12,  -12,  -12,  -12,  -12,  -12,  -12,   -7,   -9,    4,  -12,   -7,  -12,  -12,  -12,  -10,  -10,  -12,   -2,  -12,  -12,  -12,  -12,  -12,  -12,  -12,   -8,   -7,   -7,   -7,    2,   -2,   -7,   -7,  -10,  -10,  -10,    0,   -6,    0,    0,  -12,   -7,   -7,  -12,  -13,   -7,  -12,  -12,  -12,  -12,   -2,   -7,  -12,   -7,  -12,  -12,  -12,   -7,    0,  -12,    0,    0,    0,    0,    0,   -5,    0,    0,
       0,  -10,    0,   -1,   33,    0,    0,   -8,    0,  -13,   -8,    0,    0,    0,    0,    0,    0,    0,    0,    0,    0,    0,    0,   -5,    0,  -27,    0,   -7,   -8,    0,    0,   -1,   -8,   -2,  -12,   -9,  -12,  -17,   -7,  -13,   10,    0,    0,    0,    0,    0,    0,   -2,    0,    0,    0,    0,    0,    0,    0,    0,   -2,    0,    0,   -2,   -2,    0,    0,    0,    0,    0,    0,    0,    0,  -27,  -27,  -32,    0,   -2,  -17,    0,    0,    0,    0,    0,    0,    0,    0,    0,    0,    0,    0,    0,    0,    0,    0,    0,    0,   -2,   -2,    0,    0,    0,    0,    0,    0,    0,    0,    0,    0,    0,    0,   -2,    0,    0,    0,    0,    0,   -3,    0,   -8,   -9,    0,   -2,   -2,    0,  -12,    0,    0,    0,    0,    0,    0,    0,    0,    0,    0,    0,    0,    0,  -17,   -2,   -4,   -7,   22,   -4,   -7,   -8,    0,    0,
       0,   -7,    0,   -7,    0,    0,    0,  -25,    0,  -25,  -15,    0,    0,    0,    0,    0,    0,    0,    0,    0,    0,    0,    0,    0,  -10,  -52,    0,  -28,    0,    0,    0,    0,    0,    0,    0,    0,    0,   -2,   -1,   -7,    0,   -2,    0,   -3,   -3,    0,   -2,    0,    0,    0,    0,    0,    0,   -2,    0,    0,    0,    0,    0,    0,   -2,    0,    0,    0,    0,    0,    0,    0,    0,  -27,  -27,  -45,    0,    0,   -2,   -2,   -2,   -2,   -2,   -2,   -3,   -3,   -3,    0,    0,    3,   -3,    0,   -3,   -3,   -3,    0,    0,    0,    0,   -2,   -2,   -2,   -3,   -3,   -2,   -2,    0,    0,    0,    0,    0,    0,    0,    0,   -2,   -2,   -2,    0,    0,    0,    0,    0,   -2,   -2,   -3,  -27,    0,   -2,   -2,   -2,   -3,    0,    0,   -3,    0,   -2,   -2,   -3,    0,   -2,    0,    0,    0,    0,    0,    0,  -25,    0,    0,
       0,  -10,    0,   -1,   65,    0,    0,   13,    0,   13,   13,    0,    0,    0,    0,    0,    0,    0,    0,    0,    0,    0,    0,   -5,    0,  -27,    0,   -7,   -8,    0,    0,   -1,   -8,   -2,  -12,   -9,  -12,  -17,   -7,  -13,   10,    0,    0,    0,    0,    0,    0,   -2,    0,    0,    0,    0,    0,    0,    0,    0,   -2,    0,    0,   -2,   -2,    0,    0,    0,    0,    0,    0,    0,    0,  -27,  -27,  -32,    0,   -2,  -17,    0,    0,    0,    0,    0,    0,    0,    0,    0,    0,    0,    0,    0,    0,    0,    0,    0,    0,   -2,    2,    0,    0,    0,    0,    0,    0,    0,    0,    0,    0,    0,    0,   -2,    0,    0,    0,    0,    0,   -3,    0,   -8,   -9,    0,   -2,   -2,    0,  -12,    0,    0,    0,    0,    0,    0,    0,    0,    0,    0,    0,    0,    0,  -17,   -2,   -4,   -7,   22,   -4,   -7,   13,    0,    0,
       0,  -17,    0,    0,    0,  -13,    0,    0,  -13,    0,    0,    0,    0,    0,    0,    0,    0,    0,    0,    0,    0,    0,    0,  -12,    0,    0,  -12,    0,    0,    0,  -12,   -2,  -19,  -17,  -24,  -20,    0,  -26,    0,  -25,    0,   -2,   -7,   -7,   -7,    0,   -2,   -2,    0,   -6,   -3,   -3,   -9,   -2,  -12,  -12,  -22,  -17,    0,  -22,   -1,   -8,  -13,    0,    0,    0,  -17,    0,    0,    0,    0,    0,    0,  -17,  -26,   -2,   -2,   -2,   -2,   -2,   -7,   -7,   -7,    0,    0,    0,   -7,   -3,   -7,   -7,   -7,  -12,  -12,  -22,   -2,   -2,   -2,   -2,   -7,   -7,   -2,   -2,    0,    0,    0,   -3,   -6,   -2,   -3,   -3,   -2,   -2,   -2,  -19,  -12,  -19,  -20,  -17,   -1,   -1,   -7,    0,    0,   -2,   -2,   -2,   -7,    0,    0,   -7,   -3,   -2,   -2,   -7,    0,  -26,  -22,  -17,  -17,    0,  -17,  -17,    0,   -8,    0,
       0,    0,    0,    0,    0,  -10,    0,    0,    0,    0,    0,    0,    0,    0,    0,    0,    0,    0,    0,    0,    0,    0,    0,   -2,    0,   -6,    0,   -1,   -3,   -1,    0,    0,   -6,    0,   -3,   -2,   -1,   -5,   -2,    0,    0,   -2,   -2,    0,    0,   -2,    0,    0,    0,    0,   -1,   -1,   -2,    0,   -2,   -2,   -7,   -4,   -2,   -7,   -2,    0,    0,    0,    0,    0,    0,    0,    0,   -6,   -6,   -3,    0,    0,   -5,   -2,   -2,   -2,   -2,   -2,    0,    0,    0,    0,    0,    5,    0,   -1,    0,    0,    0,   -2,   -2,   -7,    0,   -2,   -2,   -2,    0,    0,    0,    0,    0,    0,    0,   -1,    0,    0,   -1,   -1,    0,    0,    0,   -6,   -2,   -6,   -2,   -4,   -2,   -2,    0,   -6,    0,   -2,   -2,   -2,    0,    0,    0,    0,   -1,   -2,   -2,    0,    0,   -5,   -7,   -2,    0,    0,   -2,    0,    0,    0,    0,
       0,    0,    0,  -13,    0,    0,    0,  -27,  -22,  -27,  -23,    0,    0,    0,    0,    0,    0,    0,    0,    0,    0,   -3,    0,    0,  -23,  -32,   -2,  -33,   -6,    0,   -2,   -3,    0,    0,    0,    0,    0,    0,   -2,    0,    0,  -17,    0,  -20,  -20,   -3,  -17,   -2,   -2,    2,   -4,   -4,   -4,  -12,   -3,   -3,   -2,    0,    0,   -2,   -6,  -18,  -22,    0,    0,    0,  -13,    0,    0,  -32,  -32,  -30,    0,    0,    0,  -17,  -17,  -17,  -29,  -17,  -20,  -20,  -20,   -2,    8,   15,  -20,   -4,  -20,  -20,  -20,   -3,   -3,   -2,   -2,  -17,  -17,  -17,  -20,  -20,  -17,  -17,    4,    0,   -2,   -4,    9,   -2,   -4,   -4,  -12,  -12,  -12,    0,   -3,    0,    0,    0,   -6,   -6,  -20,  -32,   -2,  -17,  -17,  -17,  -20,   13,    3,  -20,   -4,  -17,  -17,  -20,   -2,    0,   -2,    0,    0,    0,    0,    0,  -27,  -18,    0,
       0,    0,    0,   -7,    0,    0,    0,  -10,    0,  -10,  -15,    0,    0,    0,    0,    0,    0,    0,    0,    0,    0,    0,    0,    0,  -15,  -23,   -2,  -15,   -5,    0,   -2,   -3,    0,    0,    0,    0,    0,    0,   -3,    0,    0,  -10,    0,  -11,  -11,   -8,   -9,    0,   -2,    4,   -8,   -8,   -8,  -12,  -10,   -8,  -12,  -11,  -10,  -12,   -9,    0,    0,    0,    0,    0,    0,    0,    0,  -23,  -23,  -22,    0,    0,    0,  -10,  -10,  -10,  -10,  -10,  -11,  -11,  -11,   -2,    2,    3,  -11,   -8,  -11,  -11,  -11,   -8,   -8,  -12,    0,  -10,  -10,  -10,  -11,  -11,   -9,   -9,    2,   -2,   -2,   -8,    4,    0,   -8,   -8,  -12,  -12,  -12,    0,  -10,    0,    0,  -11,   -9,   -9,  -11,  -23,   -2,  -10,  -10,  -10,  -11,   -2,    2,  -11,   -8,  -10,  -10,  -11,   -2,    0,  -12,    0,    0,    0,    0,    0,  -10,    0,    0,
       0,    0,    0,  -17,    0,    0,    0,  -33,  -18,  -33,  -35,    0,    0,    0,    0,    0,    0,    0,    0,    0,    0,  -10,    0,    0,  -38,  -42,  -11,  -37,   -8,    0,  -11,   -9,    0,    0,    0,    0,    0,    0,   -2,    0,    0,  -51,    2,  -33,  -33,  -14,  -27,    0,   -2,    8,  -22,  -22,  -22,  -29,  -13,  -22,  -15,   -9,  -17,  -15,  -23,  -18,  -18,    0,    0,    0,  -17,  -12,    0,  -42,  -42,  -83,    0,    0,    0,  -51,  -45,  -46,  -40,  -51,  -33,  -63,  -47,   -3,   16,   21,  -33,  -22,  -63,  -63,  -51,  -22,  -22,  -15,    0,  -51,  -47,  -51,  -33,  -62,  -27,  -50,   14,   17,    7,  -22,   20,    0,  -22,  -22,  -29,  -51,  -48,    0,  -13,    0,    0,   -9,  -23,  -43,  -33,  -42,    0,  -51,  -51,  -51,  -47,   17,   10,  -51,  -31,  -51,  -51,  -33,    4,    0,  -15,    0,    0,    0,    0,    0,  -33,  -18,  -12,
       0,    0,    0,  -16,    0,    0,    0,  -22,  -12,  -22,  -28,    0,    0,    0,    0,    0,    0,    0,    0,    0,    0,   -7,    0,    0,  -32,  -37,  -10,  -32,   -6,    0,  -10,   -7,    0,    0,    0,    0,    0,    0,    0,    0,    0,  -35,    2,  -27,  -27,  -10,  -26,    0,   -4,   11,  -15,  -15,  -15,  -24,  -10,  -13,  -14,  -12,  -12,  -14,  -17,  -13,  -12,    0,    0,    0,   -7,   -6,    0,  -37,  -37,  -35,    0,    0,    0,  -35,  -41,  -37,  -28,  -35,  -27,  -51,  -46,   -7,    4,   17,  -27,  -15,  -27,  -27,  -50,  -13,  -13,  -14,    0,  -35,  -40,  -35,  -27,  -27,  -26,  -26,   10,    8,    5,  -15,   24,    0,  -15,  -15,  -24,  -24,  -24,    0,  -10,    0,    0,  -12,  -17,  -17,  -27,  -37,   -6,  -35,  -35,  -35,  -45,    6,    7,  -46,  -25,  -35,  -35,  -27,   -1,    0,  -14,    0,    0,    0,    0,    0,  -22,  -13,   -6,
       0,    0,    0,    0,    0,    0,    0,    0,  -18,    0,    0,    0,    0,    0,    0,    0,    0,    0,    0,    0,    0,    0,    0,    0,    0,    0,  -12,    0,    0,    0,  -12,    0,   -2,    0,    0,    0,    0,    0,    0,    0,    0,    0,    0,   -3,   -3,    0,    0,    0,    0,    0,    0,    0,    0,    0,  -10,  -10,  -24,  -22,    0,  -24,    0,   -7,  -18,    0,    0,    0,  -17,    0,    0,    0,    0,    0,    0,    0,    0,    0,    0,    0,    0,    0,   -3,   -3,   -3,    0,    0,    7,   -3,    0,   -3,   -3,   -3,  -10,  -10,  -24,    0,    0,    0,    0,   -3,   -3,    0,    0,    0,    0,    0,    0,    0,    0,    0,    0,    0,    0,    0,   -2,  -10,   -2,    0,  -22,    0,    0,   -3,    0,    0,    0,    0,    0,   -3,   10,    0,   -3,    0,    0,    0,   -3,    0,    0,  -24,    0,    0,    0,    0,    0,    0,   -7,    0,
       0,    0,    0,  -17,    0,    0,    0,  -31,  -25,  -31,  -33,    0,    0,    0,    0,    0,    0,    0,    0,    0,    0,  -13,    0,    0,  -35,  -40,  -18,  -36,   -5,    0,  -18,   -9,    0,    0,    0,    0,    0,    0,    0,    0,    0,  -33,    0,  -35,  -35,  -15,  -33,    0,   -4,   -2,  -23,  -23,  -23,  -28,  -13,  -23,  -20,  -15,  -22,  -20,  -25,  -25,  -25,    0,    0,    0,  -20,  -12,    0,  -40,  -40,  -18,    0,    0,    0,  -33,  -53,  -52,  -45,  -63,  -35,  -65,  -53,   -4,    9,   21,  -35,  -23,  -67,  -63,  -57,  -23,  -45,  -20,    0,  -58,  -60,  -33,  -35,  -35,  -33,  -33,   12,    7,    4,  -23,   14,    0,  -23,  -23,  -28,  -45,  -53,    0,  -13,    0,    0,  -15,  -25,  -25,  -35,  -40,   -4,  -33,  -52,  -61,  -56,   18,    8,  -57,  -34,  -60,  -62,  -67,   -1,    0,  -20,    0,    0,    0,    0,    0,  -31,  -25,  -12,
       0,    0,    0,    0,    0,    0,    0,    0,    0,    0,    0,    0,    0,    0,    0,    0,    0,    0,    0,    0,    0,    0,    0,    0,    0,    0,   -1,   -2,   -1,    0,   -1,   -2,   -3,   -3,    0,    0,    0,    0,    0,    0,    0,    0,    0,    0,    0,    0,    0,    0,    0,    3,   -2,   -2,   -2,    0,   -5,   -5,  -12,  -12,    0,  -12,    0,    0,    0,    0,    0,    0,    0,    0,    0,    0,    0,    0,    0,   -3,    0,    0,    0,    0,    0,    0,    0,    0,    0,    0,    0,    8,    0,   -2,    0,    0,    0,   -5,   -5,  -12,    0,    0,    0,    0,    0,    0,    0,    0,    3,    0,    0,   -2,    3,    0,   -2,   -2,    0,    0,    0,   -3,   -5,   -3,    0,  -12,    0,    0,    0,    0,    0,    0,    0,    0,    0,    0,    0,    0,   -2,    0,    0,    0,    0,    0,  -12,    0,    0,    0,    0,    0,    0,    0,    0,
       0,    0,    0,    0,    0,    0,    0,    0,    0,    0,    0,    0,    0,    0,    0,    0,    0,    0,    0,    0,    0,    0,    0,    0,    0,    0,    0,    0,    0,    0,    0,    0,    0,    0,    0,    0,    0,    0,    0,    0,    0,    0,    0,    0,    0,    0,    3,    0,    0,    5,    0,    0,    0,    0,    0,    0,    3,    0,    0,    3,    0,    0,    0,    0,    0,    0,    0,    0,    0,    0,    0,    0,    0,    0,    0,    0,    0,    0,    0,    0,    0,    0,    0,    0,    0,    0,    0,    0,    0,    0,    0,    0,    0,    3,    0,    0,    0,    0,    0,    0,    3,    3,    0,    0,    0,    0,    5,    0,    0,    0,    0,    0,    0,    0,    0,    0,    0,    0,    0,    0,    0,    0,    0,    0,    0,    0,    0,    0,    0,    0,    0,    0,    0,    0,    0,    0,    3,    0,    0,    0,    0,    0,    0,    0,    0,
       0,    0,    0,    0,    0,    0,    0,    0,    0,    0,    0,   -7,    0,    0,   -7,  -13,   -7,  -10,  -30,   -7,  -10,    0,    0,    0,    0,    0,  -22,   -7,    0,    0,  -22,   -7,  -35,  -27,  -38,  -32,    0,  -42,    0,  -73,    0,   -7,    0,  -13,  -13,    0,    0,    0,    0,    0,    0,    0,    0,   -7,  -13,  -18,  -30,  -23,    0,   -9,   -6,    0,    0,    0,    0,    0,    0,    0,    0,    0,    0,    0,    0,  -27,  -42,   -7,   -7,   -7,   -7,   -7,  -13,  -13,  -13,    0,    0,    0,  -13,    0,  -13,  -13,  -13,  -18,  -18,  -30,    0,   -7,   -7,   -7,  -13,  -13,    0,    0,    0,    0,    0,    0,    0,    0,    0,    0,   -7,   -7,   -7,  -35,  -13,  -35,  -32,  -23,   -6,   -6,  -13,    0,    0,   -7,   -7,   -7,  -13,    0,    0,  -13,    0,   -7,   -7,  -13,    0,  -42,  -30,    0,    0,    0,    0,    0,    0,    0,    0,
       0,  -14,    0,    0,    0,  -25,    0,    0,    0,    0,    0,    0,    0,    0,    0,    0,    0,    0,    0,    0,    0,    0,    0,  -15,   -2,    0,    0,    0,    0,    0,    0,    0,  -12,    0,    0,    0,    0,    0,    0,  -30,    0,    0,   -7,   -2,   -3,    0,    0,    0,    0,   -3,   -6,   -6,   -6,   -3,   -9,   -7,  -29,  -29,    0,  -31,    0,    0,    0,    0,    0,    0,    0,    0,    0,    0,    0,    0,    0,    0,    0,    0,    0,    0,    0,    0,   -2,   -2,   -2,    0,    0,    0,   -2,   -6,   -2,   -2,   -2,   -7,   -7,  -31,    0,    0,    0,    0,   -2,   -2,    0,    0,    0,    0,    0,   -6,   -3,    0,   -6,   -6,   -3,   -3,   -3,  -12,   -9,  -12,    0,  -30,    0,    0,   -2,    0,    0,    0,    0,    0,   -2,    0,    0,   -2,   -6,    0,    0,   -2,    0,    0,  -31,  -26,  -17,    0,  -26,  -17,    0,    0,    0,
      -4,  -13,    0,    0,    0,  -17,    0,   -2,    0,   -2,   -2,    0,    0,    0,    0,    0,    0,    0,    0,    0,    0,    0,    0,  -11,   -2,    0,    0,    0,    0,    0,    0,    0,  -16,    0,    0,    0,    0,    0,    0,  -25,    0,    0,   -7,    0,    0,    0,    0,   -2,    0,    0,   -3,   -3,   -7,   -2,   -4,   -3,  -12,   -5,   -5,  -12,   -3,    0,    0,    0,    0,    0,    0,    0,    0,    0,    0,    0,    0,    0,    0,    0,    0,    0,    0,    0,    0,    0,    0,    0,    0,    0,    0,   -3,    0,    0,    0,   -3,   -3,  -12,   -2,    0,    0,    0,    0,    0,    0,    0,    0,    0,    0,   -3,    0,   -2,   -3,   -3,   -2,   -2,   -2,  -16,   -4,  -16,    0,   -5,   -3,   -3,    0,    0,    0,    0,    0,    0,    0,    0,    0,    0,   -3,    0,    0,    0,    0,    0,   -7,  -11,  -15,    0,  -11,  -15,   -2,    0,    0,
       0,  -10,    0,    0,    0,   -3,    0,    0,    0,    0,    0,    0,    0,    0,    0,    0,    0,    0,    0,    0,    0,    0,    0,   -5,    0,    0,    0,    0,    0,    0,    0,    0,    0,    0,    0,    0,    0,    0,    0,  -17,    0,    0,    0,   -1,   -1,    0,    0,   -1,    0,    0,    0,    0,    0,    0,    0,   -1,    0,    0,    0,    0,    0,    0,    0,    0,    0,    0,    0,    0,    0,    0,    0,    0,    0,    0,    0,    0,    0,    0,    0,    0,   -1,   -1,   -1,    0,    0,    0,   -1,    0,   -1,   -1,   -1,   -1,   -1,    0,   -1,    0,    0,    0,   -1,   -1,    0,    0,    0,    0,    0,    0,    0,   -1,    0,    0,    0,    0,    0,    0,    0,    0,    0,    0,    0,    0,   -1,    0,    0,    0,    0,    0,   -1,    0,    0,   -1,    0,    0,    0,   -1,    0,    0,    0,   -3,   -5,    0,   -3,   -5,    0,    0,    0,
       0,   -3,    0,    0,    0,    0,    0,    0,    0,    0,    0,    0,    0,    0,    0,    0,    0,    0,    0,    0,    0,    0,    0,  -10,   -3,    0,    0,    0,    0,    0,    0,    0,    0,    0,    0,    0,    0,    0,    0,    0,    0,    0,    0,   -2,   -2,    0,   -1,    0,    0,   -5,   -1,   -1,   -1,    0,   -5,   -5,  -10,   -6,    0,  -10,    0,    0,    0,    0,    0,    0,    0,    0,    0,    0,    0,    0,    0,    0,    0,    0,    0,    0,    0,    0,   -2,   -2,   -2,    0,    0,    0,   -2,   -1,   -2,   -2,   -2,   -5,   -5,  -10,    0,    0,    0,    0,   -2,   -2,   -1,   -1,    0,    0,    0,   -1,   -5,    0,   -1,   -1,    0,    0,    0,    0,   -5,    0,    0,   -6,    0,    0,   -2,    0,    0,    0,    0,    0,   -2,    0,    0,   -2,   -1,    0,    0,   -2,    0,    0,  -10,    0,  -11,    0,    0,  -11,    0,    0,    0,
      -4,  -13,    0,    0,    0,  -17,    0,   -2,    0,   -2,   -2,    0,    0,    0,    0,    0,    0,    0,    0,    0,    0,    0,    0,  -11,   -2,    0,    0,    0,    0,    0,    0,    0,  -16,    0,    0,    0,    0,    0,    0,  -25,    0,    0,   -7,    0,    0,    0,    0,   -2,    0,    0,   -3,   -3,   -7,   -2,   -4,   -3,  -12,   -5,   -3,  -12,   -3,    0,    0,    0,    0,    0,    0,    0,    0,    0,    0,    0,    0,    0,    0,    0,    0,    0,    0,    0,    0,    0,    0,    0,    0,    0,    0,   -3,    0,    0,    0,   -3,   -3,  -12,   -2,    0,    0,    0,    0,    0,    0,    0,    0,    0,    0,   -3,    0,   -2,   -3,   -3,   -2,   -2,   -2,  -16,   -4,  -16,    0,   -5,   -3,   -3,    0,    0,    0,    0,    0,    0,    0,    0,    0,    0,   -3,    0,    0,    0,    0,    0,  -12,  -11,  -15,    0,  -11,  -15,   -2,    0,    0,
      17,   50,    0,    0,   54,   33,    0,   -3,   -2,   -3,    0,    0,    0,    0,    0,    0,    0,    0,    0,    0,    0,    0,    0,   18,    0,    0,    0,    0,    0,    0,    0,    0,    0,    0,    0,    0,    0,    0,    0,   34,   23,   -5,    0,  -10,  -10,    0,    0,    0,    0,    0,    0,    0,    0,   -7,    0,    0,    0,    0,    0,    0,    0,   -3,   -2,    0,    0,    0,   -3,    0,    0,    0,    0,    0,    0,    0,    0,   -5,   -5,   -5,    1,   -5,  -10,  -10,  -10,    0,    0,    0,  -10,    0,  -10,  -10,   -9,    0,    0,    0,    0,   -5,   -5,   -5,  -10,  -10,    0,    0,    0,    0,    0,    0,    0,    0,    0,    0,   -7,   -7,   -7,    0,    0,    0,    0,    0,    0,    0,  -10,    0,    0,   -5,   -5,   -5,  -10,    0,    0,  -10,    0,   -5,   -5,  -10,    0,    0,    0,   48,   57,    0,   53,   57,   -3,   -3,    0,
       0,    1,    0,   -3,    0,    4,    0,    0,    0,    0,    0,    0,    0,    0,    0,    0,    0,    0,    0,    0,    0,    0,    0,    3,   -3,    0,    0,    0,    0,    0,    0,    0,    0,    0,    0,    0,    0,    0,    0,   -5,    0,   -2,   -2,   -9,   -9,    0,    0,   -2,    0,    0,    0,    0,    0,   -5,    0,    0,    0,    0,    0,    0,    0,   -3,    0,    0,    0,    0,   -3,    0,    0,    0,    0,    0,    0,    0,    0,   -2,   -2,   -2,   -2,   -2,   -9,   -9,   -9,    0,    0,    0,   -9,    0,   -9,   -9,   -9,    0,    0,    0,   -2,   -2,   -2,   -2,   -9,   -9,    0,    0,    0,    0,    0,    0,    0,   -2,    0,    0,   -5,   -5,   -5,    0,    0,    0,    0,    0,    0,    0,   -9,    0,    0,   -2,   -2,   -2,   -9,    0,    0,   -9,    0,   -2,   -2,   -9,    0,    0,    0,    3,    0,    0,    3,    0,    0,   -3,    0,
       0,  -14,    0,    0,    0,  -25,    0,    0,    0,    0,    0,    0,    0,    0,    0,    0,    0,    0,    0,    0,    0,    0,    0,  -15,   -2,    0,    0,    0,    0,    0,    0,    0,  -12,    0,    0,    0,    0,    0,    0,  -30,    0,    0,   -7,   -2,   -2,    0,    0,    0,    0,   -3,   -2,   -2,   -5,   -2,   -9,   -7,  -29,  -29,    0,  -31,    0,    0,    0,    0,    0,    0,    0,    0,    0,    0,    0,    0,    0,    0,    0,    0,    0,    0,    0,    0,   -2,   -2,   -2,    0,    0,    0,   -2,   -2,   -2,   -2,   -2,   -7,   -7,  -31,    0,    0,    0,    0,   -2,   -2,    0,    0,    0,    0,    0,   -2,   -3,    0,   -2,   -2,   -2,   -2,   -2,  -12,   -9,  -12,    0,  -30,    0,    0,   -2,    0,    0,    0,    0,    0,   -2,    0,    0,   -2,   -2,    0,    0,   -2,    0,    0,  -14,  -26,  -17,    0,  -26,  -17,    0,    0,    0,
      -2,  -12,    0,    0,    0,  -12,    0,    0,    0,    0,    0,    0,    0,    0,    0,    0,    0,    0,    0,    0,    0,    0,    0,   -8,    0,    0,    0,    0,    0,    0,    0,    0,  -17,   -5,   -7,   -7,    0,  -10,    0,  -20,    0,    0,   -5,   -2,   -2,    0,   -1,    0,    0,    0,    0,    0,    0,    0,   -8,   -3,   -9,   -8,    0,   -9,    0,    0,    0,    0,    0,    0,    0,    0,    0,    0,    0,    0,    0,   -5,  -10,    0,    0,    0,    0,    0,   -2,   -2,   -2,    0,    0,    0,   -2,    0,   -2,   -2,   -2,   -3,   -3,   -9,    0,    0,    0,    0,   -2,   -2,   -1,   -1,    0,    0,    0,    0,    0,    0,    0,    0,    0,    0,    0,  -17,   -8,  -17,   -7,   -8,    0,    0,   -2,    0,    0,    0,    0,    0,   -2,    0,    0,   -2,    0,    0,    0,   -2,    0,  -10,   -9,  -12,  -15,    0,  -20,  -15,    0,    0,    0,
       0,    0,    0,    0,    0,    0,    0,    0,    0,    0,    0,    0,    0,    0,    0,    0,    0,    0,    0,    0,    0,    0,    0,   -3,    0,    0,    0,    0,    0,    0,    0,    0,    0,    0,    0,    0,    0,    0,    0,    0,    0,   -2,   -1,    0,    0,    0,   -1,   -3,    0,    0,    0,    0,    0,    0,   -3,   -2,   -3,   -2,   -1,   -3,   -2,    0,    0,    0,    0,    0,    0,    0,    0,    0,    0,    0,    0,    0,    0,   -2,   -2,   -2,   -2,   -2,    0,    0,    0,    0,    0,    0,    0,    0,    0,    0,    0,   -2,   -2,   -3,   -3,   -2,   -2,   -2,    0,    0,   -1,   -1,    0,    0,    0,    0,    0,   -3,    0,    0,    0,    0,    0,    0,   -3,    0,    0,   -2,   -2,   -2,    0,    0,    0,   -2,   -2,   -2,    0,    0,    0,    0,    0,   -2,   -2,    0,    0,    0,   -3,    0,   -3,    0,    0,   -3,    0,    0,    0,
       0,   -8,    0,    0,    0,   -4,    0,    0,   -7,    0,    0,    0,    0,    0,    0,    0,    0,    0,    0,    0,    0,    0,    0,    0,   -3,    0,    0,    0,    0,    0,    0,    0,    0,    0,    0,    0,    0,    0,    0,  -15,    0,    0,   -2,   -5,   -5,    0,    0,    0,    0,    0,   -1,   -1,   -1,    0,   -2,   -3,   -3,   -4,    0,   -3,    0,   -8,   -7,    0,    0,    0,   -3,    0,    0,    0,    0,    0,    0,    0,    0,    0,    0,    0,    0,    0,   -5,   -5,   -5,    0,    0,    0,   -5,   -1,   -5,   -5,   -5,   -3,   -3,   -3,    0,    0,    0,    0,   -5,   -5,    0,    0,    0,    0,    0,   -1,    0,    0,   -1,   -1,    0,    0,    0,    0,   -2,    0,    0,   -4,    0,    0,   -5,    0,    0,    0,    0,    0,   -5,    0,    0,   -5,   -1,    0,    0,   -5,    0,    0,   -3,   -7,  -20,    0,   -7,  -20,    0,   -8,    0,
      -4,  -13,    0,    0,    0,  -17,    0,   -2,    0,   -2,   -2,    0,    0,    0,    0,    0,    0,    0,    0,    0,    0,    0,    0,  -11,   -2,    0,    0,    0,    0,    0,    0,    0,  -16,    0,    0,    0,    0,    0,    0,  -25,    0,    0,   -7,    0,    0,    0,    0,   -2,    0,    0,   -3,   -3,   -7,   -2,   -4,   -3,  -12,   -5,   -6,  -12,   -3,    0,    0,    0,    0,    0,    0,    0,    0,    0,    0,    0,    0,    0,    0,    0,    0,    0,    0,    0,    0,    0,    0,    0,    0,    0,    0,   -3,    0,    0,    0,   -3,   -3,  -12,   -2,    0,    0,    0,    0,    0,    0,    0,    0,    0,    0,   -3,    0,   -2,   -3,   -3,   -2,   -2,   -2,  -16,   -4,  -16,    0,   -5,   -3,   -3,    0,    0,    0,    0,    0,    0,    0,    0,    0,    0,   -3,    0,    0,    0,    0,    0,   -7,  -11,  -15,    0,  -11,  -15,   -2,    0,    0,
      -3,  -20,    0,    0,    0,   -3,    0,    0,    0,    0,    7,    0,    0,    0,    0,    0,    0,    0,    0,    0,    0,    0,    0,   -6,   -3,    0,    0,    0,    0,    0,    0,    0,    0,    0,    0,    0,    0,    0,    0,  -20,    0,   -7,   -6,   -7,   -7,   -1,    0,   -2,    0,    0,    0,    0,    0,   -5,   -5,   -5,  -10,   -7,    0,  -10,    0,    0,    0,    0,    0,    0,    0,    0,    0,    0,    0,    0,    0,    0,    0,   -7,   -7,   -7,   -7,   -7,   -7,   -7,   -7,    0,    0,    0,   -7,    0,   -7,   -7,   -7,   -5,   -5,  -10,   -2,   -7,   -7,   -7,   -7,   -7,    0,    0,    0,    0,    0,    0,    0,   -2,    0,    0,   -5,   -5,   -5,    0,   -5,    0,    0,   -7,    0,    0,   -7,    0,    0,   -7,   -7,   -7,   -7,    0,    0,   -7,    0,   -7,   -7,   -7,    0,    0,  -10,    0,  -20,    0,    0,  -20,    0,    0,    0,
       0,   -2,    0,   -7,    0,    0,    0,  -22,    0,  -22,  -18,    0,    0,    0,    0,    0,    0,    0,    0,    0,    0,    0,    0,    0,  -12,    0,    0,    0,    0,    0,    0,    0,    0,    0,    0,    0,    0,    0,    0,  -17,    0,   -2,   -5,   -4,   -4,    0,    0,   -5,    0,    0,    0,    0,    0,    0,    0,    0,    0,    0,    0,    0,   -1,    0,    0,    0,    0,    0,    0,    0,    0,    0,    0,    0,    0,    0,    0,   -2,   -2,   -2,   -2,   -2,   -4,   -4,   -4,    0,    0,    0,   -4,    0,   -4,   -4,   -4,    0,    0,    0,   -5,   -2,   -2,   -2,   -4,   -4,    0,    0,    0,    0,    0,    0,    0,   -5,    0,    0,    0,    0,    0,    0,    0,    0,    0,    0,   -1,   -1,   -4,    0,    0,   -2,   -2,   -2,   -4,    0,    0,   -4,    0,   -2,   -2,   -4,    0,    0,    0,    0,    0,    0,    0,    0,  -22,    0,    0,
      -3,   -3,    0,    0,    0,    0,    0,    0,    0,    0,    0,    0,    0,    0,    0,    0,    0,    0,    0,    0,    0,    0,    0,   -2,   -7,    0,    0,    0,    0,    0,    0,    0,    0,    0,    0,    0,    0,    0,    0,  -15,    0,    0,   -4,    0,    0,    0,    0,    0,    0,    0,    0,    0,    0,    0,   -2,   -3,   -3,   -1,    0,   -3,   -2,    0,    0,    0,    0,    0,    0,    0,    0,    0,    0,    0,    0,    0,    0,    0,    0,    0,    0,    0,    0,    0,    0,    0,    0,    0,    0,    0,    0,    0,    0,   -3,   -3,   -3,    0,    0,    0,    0,    0,    0,    0,    0,    0,    0,    0,    0,    0,    0,    0,    0,    0,    0,    0,    0,   -2,    0,    0,   -1,   -2,   -2,    0,    0,    0,    0,    0,    0,    0,    0,    0,    0,    0,    0,    0,    0,    0,    0,   -3,   -3,   -5,    0,   -3,   -5,    0,    0,    0,
       0,   -2,    0,    0,    0,    0,    0,    0,    0,    0,   -7,    0,    0,    0,    0,    0,    0,    0,    0,    0,    0,    0,    0,   -7,   -3,    0,    0,    0,    0,    0,    0,    0,    0,    0,    0,    0,    0,    0,    0,   -3,    0,   -2,   -2,   -3,   -3,    0,   -2,    0,    0,    0,   -5,   -5,   -5,   -5,   -2,   -5,   -3,   -4,   -2,   -3,   -1,   -7,    0,    0,    0,    0,    0,    3,    0,    0,    0,    0,    0,    0,    0,   -2,   -2,   -2,   -2,   -2,   -3,   -3,   -3,    0,    0,    0,   -3,   -5,   -3,   -3,   -3,   -5,   -5,   -3,    0,   -2,   -2,   -2,   -3,   -3,   -2,   -2,    0,    0,    0,   -5,    0,    0,   -5,   -5,   -5,   -5,   -5,    0,   -2,    0,    0,   -4,   -1,   -1,   -3,    0,    0,   -2,   -2,   -2,   -3,    0,    0,   -3,   -5,   -2,   -2,   -3,    0,    0,   -3,    0,   -5,    0,    0,   -5,    0,   -7,    3,
       0,   -2,    0,  -12,    0,    0,    0,  -25,   -3,  -25,  -17,    0,    0,    0,    0,    0,    0,    0,    0,    0,    0,    0,    0,    0,  -17,    0,    0,    0,    0,    0,    0,    0,    0,    0,    0,    0,    0,    0,    0,  -10,    0,   -5,   -4,   -8,  -16,    0,   -5,   -6,    0,    0,    0,    0,    0,   -7,    0,    0,    0,    0,    0,    0,    0,   -7,   -3,    0,    0,    0,   -3,    0,    0,    0,    0,    0,    0,    0,    0,   -5,   -5,   -5,   -5,   -5,   -8,   -8,   -8,    0,    0,    0,   -8,    0,   -8,   -8,   -8,    0,    0,    0,   -6,   -5,   -5,   -5,   -8,   -8,   -5,   -5,    0,    0,    0,    0,    0,   -6,    0,    0,   -7,   -7,   -7,    0,    0,    0,    0,    0,    0,    0,   -8,    0,    0,   -5,   -5,   -5,   -8,    0,    0,   -8,    0,   -5,   -5,   -8,    0,    0,    0,    0,    3,    0,    0,    3,  -25,   -7,    0,
       0,    0,    0,  -12,    0,    0,    0,  -22,   -2,  -22,  -13,    0,    0,    0,    0,    0,    0,    0,    0,    0,    0,    0,    0,    0,  -15,    0,    0,    0,    0,    0,    0,    0,    0,    0,    0,    0,    0,    0,    0,  -10,    0,   -3,    0,   -7,   -7,    0,   -3,   -3,    0,    0,    0,    0,    0,   -1,    0,    0,    0,    0,    0,    0,    0,   -4,   -2,    0,    0,    0,    0,    0,    0,    0,    0,    0,    0,    0,    0,   -3,   -3,   -3,   -3,   -3,   -7,   -7,   -7,    0,    0,    0,   -7,    0,   -7,   -7,   -7,    0,    0,    0,   -3,   -3,   -3,   -3,   -7,   -7,   -3,   -3,    0,    0,    0,    0,    0,   -3,    0,    0,   -1,   -1,   -1,    0,    0,    0,    0,    0,    0,    0,   -7,    0,    0,   -3,   -3,   -3,   -7,    0,    0,   -7,    0,   -3,   -3,   -7,    0,    0,    0,    0,    0,    0,    0,    0,  -22,   -4,    0,
       0,   -2,    0,    0,    0,    0,    0,    0,    0,    0,    0,    0,    0,    0,    0,    0,    0,    0,    0,    0,    0,    0,    0,    0,   -1,    0,    0,    0,    0,    0,    0,    0,    0,    0,    0,    0,    0,    0,    0,  -17,    0,    0,   -2,   -5,   -5,    0,    0,    0,    0,    0,    0,    0,    0,    0,   -2,    0,    0,    0,    0,    0,    0,   -8,    0,    0,    0,    0,   -3,    0,    0,    0,    0,    0,    0,    0,    0,    0,    0,    0,    0,    0,   -5,   -5,   -5,    0,    0,    0,   -5,    0,   -5,   -5,   -5,    0,    0,    0,    0,    0,    0,    0,   -5,   -5,    0,    0,    0,    0,    0,    0,    0,    0,    0,    0,    0,    0,    0,    0,   -2,    0,    0,    0,    0,    0,   -5,    0,    0,    0,    0,    0,   -5,    0,    0,   -5,    0,    0,    0,   -5,    0,    0,    0,    0,    0,    0,    0,    0,    0,   -8,    0,
       0,   -2,    0,    0,    0,    0,    0,    0,    0,    0,    0,    0,    0,    0,    0,    0,    0,    0,    0,    0,    0,    0,    0,   -3,   -4,    0,    0,    0,    0,    0,    0,    0,    0,    0,    0,    0,    0,    0,    0,  -13,    0,    0,   -1,   -2,   -2,    0,    0,    0,    0,    0,    0,    0,    0,    0,   -3,    0,   -2,   -2,    0,   -2,    0,    0,    0,    0,    0,    0,    0,    0,    0,    0,    0,    0,    0,    0,    0,    0,    0,    0,    0,    0,   -2,   -2,   -2,    0,    0,    0,   -2,    0,   -2,   -2,   -2,    0,    0,   -2,    0,    0,    0,    0,   -2,   -2,    0,    0,    0,    0,    0,    0,    0,    1,    0,    0,    0,    0,    0,    0,   -3,    0,    0,   -2,    0,    0,   -2,    0,    0,    0,    0,    0,   -2,    0,    0,   -2,    0,    0,    0,   -2,    0,    0,   -2,    0,   -2,    0,    0,   -2,    0,    0,    0,
       0,    0,    0,    0,    0,    0,    0,    0,    0,    0,    0,    0,    0,    0,    0,    0,    0,    0,    0,    0,    0,    0,    0,    0,    0,    0,   -8,    0,    0,    0,   -8,    0,  -13,   -9,  -18,  -12,    0,  -26,   -2,    0,    0,   -7,   -3,   -7,   -7,    0,    0,    0,    0,    0,    0,    0,    0,   -3,   -5,   -7,   -7,   -5,    0,   -7,    0,    0,    0,    0,    0,    0,    0,    0,    0,    0,    0,    0,    0,   -9,  -26,   -7,   -7,   -7,   -7,   -7,   -7,   -7,   -7,    0,    0,    0,   -7,    0,   -7,   -7,   -7,   -7,   -7,   -7,    0,   -7,   -7,   -7,   -7,   -7,    0,    0,    0,    0,    0,    0,    0,    0,    0,    0,   -3,   -3,   -3,  -13,   -5,  -13,  -12,   -5,    0,    0,   -7,    0,    0,   -7,   -7,   -7,   -7,    0,    0,   -7,    0,   -7,   -7,   -7,    0,  -26,   -7,   -3,   -2,    0,   -3,   -2,    0,    0,    0,
       0,    0,    0,    0,    0,    0,    0,    0,    0,    0,    0,    0,    0,    0,    0,    0,    0,    0,    0,    0,    0,    0,    0,    0,    0,    0,    0,    0,    0,    0,    0,    0,    0,    0,  -12,   -6,    0,  -12,    0,    0,    0,    0,    0,    0,    0,    0,    0,    0,    0,    0,    0,    0,    0,    0,    0,    0,    0,    0,    0,    0,    0,    0,    0,    0,    0,    0,    0,    0,    0,    0,    0,    0,    0,    0,  -12,    0,    0,    0,    0,    0,    0,    0,    0,    0,    0,    0,    0,    0,    0,    0,    0,    0,    0,    0,    0,    0,    0,    0,    0,    0,    0,    0,    0,    0,    0,    0,    0,    0,    0,    0,    0,    0,    0,    0,    0,    0,   -6,    0,    0,    0,    0,    0,    0,    0,    0,    0,    0,    0,    0,    0,    0,    0,    0,    0,    0,  -12,    0,    0,    0,    0,    0,    0,    0,    0,    0,
       0,    0,    0,    0,    0,    0,    0,    0,    0,    0,    0,    0,    0,    0,    0,    0,    0,    0,    0,    0,    0,    0,    0,    0,    0,    0,    0,    0,    0,    0,    0,    0,    0,    0,    0,    0,    0,    0,    0,    0,    0,    0,    0,    0,    0,    0,    0,    0,    0,    0,    0,    0,    0,    0,    0,    0,    0,    0,    0,    0,    0,    0,    0,    0,    0,   -2,    0,    0,    0,    0,    0,    0,    0,    0,    0,    0,    0,    0,    0,    0,    0,    0,    0,    0,    0,    0,    0,    0,    0,    0,    0,    0,    0,    0,    0,    0,    0,    0,    0,    0,    0,    0,    0,    0,    0,    0,    0,    0,    0,    0,    0,    0,    0,    0,    0,    0,    0,    0,    0,    0,    0,    0,    0,    0,    0,    0,    0,    0,    0,    0,    0,    0,    0,    0,    0,    0,    0,    0,    0,    0,    0,    0,    0,    0,    0,
       0,    0,    0,    0,    0,   -7,    0,   -3,   -3,   -3,    0,    0,    0,    0,    0,    0,    0,    0,    0,    0,    0,    0,    0,    0,    0,    0,    0,    0,    0,    0,    0,    0,    0,    0,    0,    0,    0,    0,    0,   -7,    0,    0,    0,    0,    0,    0,    0,    0,    0,    0,    0,    0,    0,    0,    0,    0,    0,    0,    0,    0,    0,    0,   -3,    0,    0,    0,    0,    0,    0,    0,    0,    0,    0,    0,    0,    0,    0,    0,    0,    0,    0,    0,    0,    0,    0,    0,    0,    0,    0,    0,    0,    0,    0,    0,    0,    0,    0,    0,    0,    0,    0,    0,    0,    0,    0,    0,    0,    0,    0,    0,    0,    0,    0,    0,    0,    0,    0,    0,    0,    0,    0,    0,    0,    0,    0,    0,    0,    0,    0,    0,    0,    0,    0,    0,    0,    0,    0,   -7,  -10,    0,   -7,  -10,   -3,    0,    0,
       0,    0,    0,    0,    0,    0,    0,    0,    0,    0,    0,    0,    0,    0,    0,    0,    0,    0,    0,    0,    0,    0,    0,    0,    0,  -13,    0,   -5,    0,    0,    0,    0,  -13,    0,  -17,   -7,  -17,  -20,    0,    0,    0,    0,    0,    0,    0,    0,    0,    0,    0,    0,    0,    0,    0,    0,   -3,    0,   -3,    0,   -3,   -3,    0,    0,    0,    0,    0,    0,    0,    0,    0,  -13,  -13,  -13,    0,    0,  -20,    0,    0,    0,    0,    0,    0,    0,    0,    0,    0,    0,    0,    0,    0,    0,    0,    0,    0,   -3,    0,    0,    0,    0,    0,    0,    0,    0,    0,    0,    0,    0,    0,    0,    0,    0,    0,    0,    0,  -13,   -3,  -13,   -7,    0,    0,    0,    0,  -13,    0,    0,    0,    0,    0,    0,    0,    0,    0,    0,    0,    0,    0,  -20,   -3,    0,    0,    0,    0,    0,    0,    0,    0,
       0,    0,    0,    0,    0,    0,    0,  -16,    0,  -16,    0,    0,    0,    0,    0,    0,    0,    0,    0,    0,    0,    0,    0,    0,    0,   -7,    0,    0,    0,    0,    0,    0,  -18,    0,  -18,  -12,   -7,  -23,    0,    0,    0,    0,    0,    0,    0,    0,    0,    0,    0,    0,    0,    0,    0,    0,   -2,    0,   -7,   -4,   -8,   -7,    0,    0,    0,    0,    0,    0,    0,    0,    0,   -7,   -7,    0,    0,    0,  -23,    0,    0,    0,    0,    0,    0,    0,    0,    0,    0,    0,    0,    0,    0,    0,    0,    0,    0,   -7,    0,    0,    0,    0,    0,    0,    0,    0,    0,    0,    0,    0,    0,    0,    0,    0,    0,    0,    0,  -18,   -2,  -18,  -12,   -4,    0,    0,    0,   -7,    0,    0,    0,    0,    0,    0,    0,    0,    0,    0,    0,    0,    0,  -23,   -7,    0,    0,    0,    0,    0,  -16,    0,    0,
       0,    0,    0,    0,    0,    0,    0,    0,    0,    0,    0,    0,    0,    0,    0,    0,    0,    0,    0,    0,    0,    0,    0,    0,    0,    0,  -20,   -5,    0,    0,  -20,    0,  -27,  -24,  -33,  -27,    0,  -37,    0,    0,    0,   -7,  -11,  -14,  -14,    0,    0,    0,    0,    0,    0,    0,    0,   -6,  -20,  -17,  -28,  -24,    0,  -12,    0,    0,    0,    0,    0,    0,    0,    0,    0,    0,    0,    0,    0,  -24,  -37,   -7,   -7,   -7,   -7,   -7,  -14,  -14,  -14,    0,    0,    0,  -14,    0,  -14,  -14,  -14,  -17,  -17,  -28,    0,   -7,   -7,   -7,  -14,  -14,    0,    0,    0,    0,    0,    0,    0,    0,    0,    0,   -6,   -6,   -6,  -27,  -20,  -27,  -27,  -24,    0,    0,  -14,    0,    0,   -7,   -7,   -7,  -14,    0,    0,  -14,    0,   -7,   -7,  -14,    0,  -37,  -28,  -17,  -27,    0,  -17,  -27,    0,    0,    0,
       0,  -10,    0,   -1,   33,    0,    0,   -8,    0,  -13,   -8,    0,    0,    0,    0,    0,    0,    0,    0,    0,    0,    0,    0,   -5,    0,  -27,    0,   -7,   -8,    0,    0,   -1,   -8,   -2,  -12,   -9,  -12,  -17,   -7,  -13,   10,    0,    0,    0,    0,    0,    0,   -2,    0,    0,    0,    0,    0,    0,    0,    0,   -2,    0,    0,   -2,   -2,    0,    0,    0,    0,    0,    0,    0,    0,  -27,  -27,  -30,    0,   -2,  -17,    0,    0,    0,    0,    0,    0,    0,    0,    0,    0,    0,    0,    0,    0,    0,    0,    0,    0,   -2,   -2,    0,    0,    0,    0,    0,    0,    0,    0,    0,    0,    0,    0,   -2,    0,    0,    0,    0,    0,   -8,    0,   -8,   -9,    0,   -2,   -2,    0,  -27,    0,    0,    0,    0,    0,    0,    0,    0,    0,    0,    0,    0,    0,  -17,   -2,   -4,   -7,   22,   -4,   -7,   -8,    0,    0,
       0,    0,    0,    0,    0,    0,    0,    0,    0,    0,    0,    0,   -5,  -20,  -22,  -12,  -15,    0,  -21,    0,   -7,    0,    0,    0,    0,    0,    0,    0,    0,    0,    0,    0,    0,    0,    0,    0,    0,    0,    0,    0,    0,    0,    0,    0,    0,    0,    0,    0,    0,    0,    0,    0,    0,    0,    0,    0,    0,    0,    0,    0,    0,    0,    0,    0,    0,    0,    0,    0,    0,    0,    0,    0,    0,    0,    0,    0,    0,    0,    0,    0,    0,    0,    0,    0,    0,    0,    0,    0,    0,    0,    0,    0,    0,    0,    0,    0,    0,    0,    0,    0,    0,    0,    0,    0,    0,    0,    0,    0,    0,    0,    0,    0,    0,    0,    0,    0,    0,    0,    0,    0,    0,    0,    0,    0,    0,    0,    0,    0,    0,    0,    0,    0,    0,    0,    0,    0,    0,    0,    0,    0,    0,    0,    0,    0,    0,
       0,    0,    0,   -7,    0,    0,    0,  -10,    0,  -10,  -15,    0,    0,    0,    0,    0,    0,    0,    0,    0,    0,    0,    0,    0,  -15,  -23,   -2,  -15,   -7,    0,   -2,   -3,    0,    0,    0,    0,    0,    0,   -3,    0,    0,  -10,    0,  -11,  -11,   -8,   -9,    0,   -2,    4,   -8,   -8,   -8,  -12,  -10,   -8,  -12,  -11,  -10,  -12,   -9,    0,    0,    0,    0,    0,    0,    0,    0,  -23,  -23,  -22,    0,    0,    0,  -10,  -10,  -10,  -10,  -10,  -11,  -11,  -11,   -2,    2,    3,  -11,   -8,  -11,  -11,  -11,   -8,   -8,  -12,    0,  -10,  -10,  -10,  -11,  -11,   -9,   -9,    2,   -2,   -2,   -8,    4,    0,   -8,   -8,  -12,  -12,  -12,    0,  -10,    0,    0,  -11,   -9,   -9,  -11,  -23,   -2,  -10,  -10,  -10,  -11,   -2,    2,  -11,   -8,  -10,  -10,  -11,   -2,    0,  -12,    0,    0,    0,    0,    0,  -10,    0,    0,
       0,    0,    0,  -17,    0,    0,    0,  -31,  -25,  -31,  -33,    0,    0,    0,    0,    0,    0,    0,    0,    0,    0,  -13,    0,    0,  -35,  -40,  -18,  -36,   -5,    0,  -18,   -9,    0,    0,    0,    0,    0,    0,    0,    0,    0,  -33,    0,  -35,  -35,  -15,  -33,    0,   -4,   -2,  -23,  -23,  -23,  -28,  -13,  -23,  -20,  -15,  -22,  -20,  -25,  -25,  -25,    0,    0,    0,  -20,  -12,    0,  -40,  -40,  -18,    0,    0,    0,  -33,  -53,  -52,  -42,  -63,  -35,  -65,  -53,   -4,   11,   23,  -35,  -23,  -67,  -63,  -57,  -23,  -45,  -20,    0,  -58,  -60,  -33,  -35,  -35,  -33,  -33,   12,   10,    4,  -23,   14,    0,  -23,  -23,  -28,  -45,  -53,    0,  -13,    0,    0,  -15,  -25,  -25,  -35,  -40,   -4,  -33,  -52,  -61,  -56,   18,    8,  -57,  -34,  -60,  -62,  -67,   -1,    0,  -20,    0,    0,    0,    0,    0,  -31,  -25,  -12,
       0,    0,    0,    0,    0,    0,    0,    0,    0,    0,    0,    0,    0,    0,    0,    0,    0,    0,    0,    0,    0,    0,    0,    0,    0,  -10,   12,   -7,    0,    0,   12,    0,    0,    0,   -3,   -7,  -14,  -36,  -11,    0,    0,    0,    0,    0,    0,    0,    0,    0,    0,    0,    0,    0,    0,    0,    0,    0,    0,    0,    1,    0,    1,    0,    0,    0,    0,    0,    0,    0,    0,  -10,  -10,  -10,    0,    0,  -38,    0,    0,    0,    0,    0,    0,    0,    0,    0,    0,    0,    0,    0,    0,    0,    0,    0,    0,    0,    0,    0,    0,    0,    0,    0,    0,    0,    0,    0,    0,    0,    0,    0,    0,    0,    0,    0,    0,    0,    0,    0,   -7,    0,    1,    1,    0,  -10,    0,    0,    0,    0,    0,    0,    0,    0,    0,    0,    0,    0,    0,  -38,    0,    0,   -7,    0,    0,   -7,    0,    0,    0,
       0,    0,    0,    0,    0,    0,    0,    0,    0,    0,    0,    0,    0,    0,    0,    0,    0,    0,    0,    0,    0,    0,    0,    0,    0,    0,    0,    0,    0,    0,    0,    0,    0,    0,    0,    0,    0,    0,    0,    0,    0,    0,   -2,    0,    0,    0,   -2,    0,    0,   -4,   -2,   -2,   -2,    0,   -7,   -7,  -22,  -13,   -3,  -22,   -3,    0,    0,    0,    0,    0,    0,    0,    0,    0,    0,    0,    0,    0,    0,    0,    0,    0,    0,    0,    0,    0,    0,    0,    0,    0,    0,   -2,    0,    0,    0,   -3,   -3,  -22,    0,    0,    0,    0,    0,    0,   -2,   -2,    0,    0,    0,   -2,   -4,    0,   -2,   -2,    0,    0,    0,    0,   -6,    0,    0,  -13,   -2,   -2,    0,    0,    0,    0,    0,    0,    0,    0,    0,    0,   -2,    0,    0,    0,    0,    0,  -22,    0,    0,    0,    0,    0,    0,    0,    0,
       0,  -14,    0,    0,    0,  -25,    0,    0,    0,    0,    0,    0,    0,    0,    0,    0,    0,    0,    0,    0,    0,    0,    0,  -15,   -2,    0,    0,    0,    0,    0,    0,    0,  -12,    0,    0,    0,    0,    0,    0,  -30,    0,    0,   -7,   -2,   -2,    0,    0,    0,    0,   -3,   -2,   -2,   -5,   -2,   -9,   -7,  -30,  -30,    0,  -31,    0,    0,    0,    0,    0,    0,    0,    0,    0,    0,    0,    0,    0,    0,    0,    0,    0,    0,    0,    0,   -2,   -2,   -2,    0,    0,    0,   -2,   -2,   -2,   -2,   -2,   -7,   -7,  -31,    0,    0,    0,    0,   -2,   -2,    0,    0,    0,    0,    0,   -2,   -3,    0,   -2,   -2,   -2,   -2,   -2,  -12,   -9,  -12,    0,  -30,    0,    0,   -2,    0,    0,    0,    0,    0,   -2,    0,    0,   -2,   -2,    0,    0,   -2,    0,    0,  -31,  -26,  -17,    0,  -26,  -17,    0,    0,    0,
       0,  -14,    0,    0,    0,  -25,    0,    0,    0,    0,    0,    0,    0,    0,    0,    0,    0,    0,    0,    0,    0,    0,    0,  -15,   -2,    0,    0,    0,    0,    0,    0,    0,  -12,    0,    0,    0,    0,    0,    0,  -30,    0,    0,   -7,   -2,   -2,    0,    0,    0,    0,   -3,   -2,   -2,   -5,   -2,   -9,   -7,  -29,  -30,    0,  -31,    0,    0,    0,    0,    0,    0,    0,    0,    0,    0,    0,    0,    0,    0,    0,    0,    0,    0,    0,    0,   -2,   -2,   -2,    0,    0,    0,   -2,   -2,   -2,   -2,   -2,   -7,   -7,  -31,    0,    0,    0,    0,   -2,   -2,    0,    0,    0,    0,    0,   -2,   -3,    0,   -2,   -2,   -2,   -2,   -2,  -12,   -9,  -12,    0,  -30,    0,    0,   -2,    0,    0,    0,    0,    0,   -2,    0,    0,   -2,   -2,    0,    0,   -2,    0,    0,  -31,  -26,  -17,    0,  -26,  -17,    0,    0,    0,
      -4,  -13,    0,    0,    0,  -17,    0,   -2,    0,   -2,   -2,    0,    0,    0,    0,    0,    0,    0,    0,    0,    0,    0,    0,  -11,   -2,    0,    0,    0,    0,    0,    0,    0,  -16,    0,    0,    0,    0,    0,    0,  -25,    0,    0,   -7,    0,    0,    0,    0,   -2,    0,    0,   -3,   -3,   -7,   -2,   -4,   -3,  -12,   -5,   -3,  -12,   -3,    0,    0,    0,    0,    0,    0,    0,    0,    0,    0,    0,    0,    0,    0,    0,    0,    0,    0,    0,    0,    0,    0,    0,    0,    0,    0,   -3,    0,    0,    0,   -3,   -3,  -12,   -2,    0,    0,    0,    0,    0,    0,    0,    0,    0,    0,   -3,    0,   -2,   -3,   -3,   -2,   -2,   -2,  -16,   -4,  -16,    0,   -5,   -3,   -3,    0,    0,    0,    0,    0,    0,    0,    0,    0,    0,   -3,    0,    0,    0,    0,    0,   -7,  -11,  -15,    0,  -11,  -15,   -2,    0,    0,
      -2,  -12,    0,    0,    0,  -12,    0,    0,    0,    0,    0,    0,    0,    0,    0,    0,    0,    0,    0,    0,    0,    0,    0,   -8,    0,    0,    0,    0,    0,    0,    0,    0,  -17,   -5,   -7,   -7,    0,  -10,    0,  -20,    0,    0,   -5,   -2,   -2,    0,   -1,    0,    0,    0,    0,    0,    0,    0,   -8,   -3,   -9,   -8,    0,   -9,    0,    0,    0,    0,    0,    0,    0,    0,    0,    0,    0,    0,    0,   -5,  -10,    0,    0,    0,    0,    0,   -2,   -2,   -2,    0,    0,    0,   -2,    0,   -2,   -2,   -2,   -3,   -3,   -9,    0,    0,    0,    0,   -2,   -2,   -1,   -1,    0,    0,    0,    0,    0,    0,    0,    0,    0,    0,    0,  -17,   -8,  -17,   -7,   -8,    0,    0,   -2,    0,    0,    0,    0,    0,   -2,    0,    0,   -2,    0,    0,    0,   -2,    0,  -10,   -9,  -15,  -19,    0,  -15,  -19,    0,    0,    0,
       0,   -3,    0,    0,    0,    0,    0,  -10,    0,  -10,   -2,    0,    0,    0,    0,    0,    0,    0,    0,    0,    0,    0,    0,    0,   -7,  -13,    0,   -8,   -7,    0,    0,   -2,   -8,   -3,  -12,  -10,  -13,  -17,   -8,  -17,    0,   -2,    0,    0,    0,   -2,    0,    0,    0,    0,    0,    0,    0,   -1,    0,    0,   -2,    0,   -2,   -2,   -2,    0,    0,    0,    0,    0,    0,    0,    0,  -13,  -30,  -35,    0,   -3,  -17,   -2,   -2,   -2,   -2,   -2,    0,    0,    0,    0,    0,    0,    0,    0,    0,    0,    0,    0,    0,   -2,    0,   -2,   -2,   -2,    0,    0,    0,    0,    0,    0,    0,    0,    0,    0,    0,    0,   -1,   -1,   -1,   -8,    0,   -8,  -10,    0,   -2,   -2,    0,  -13,    0,   -2,   -2,   -2,    0,    0,    0,    0,    0,   -2,   -2,    0,    0,  -17,   -2,   -2,   -7,    0,   -2,   -7,  -10,    0,    0,
      -3,   -3,    0,    0,    0,    0,  -11,  -82,  -73,  -73,  -33,    0,    0,    0,    0,    0,    0,    0,    0,    0,    0,  -47,  -11,   -5,   -3,    0,    0,    0,    0,    0,    0,    0,    0,    0,    0,    0,    0,    0,    0,    0,    0,  -29,    0,  -34,  -34,    0,  -31,    0,    0,   -5,  -26,  -48,  -48,  -30,  -28,  -44,  -43,  -20,  -11,  -43,  -24,  -64,  -82,    0,    0,    0,  -11,  -41,    0,    0,    0,    0,    0,    0,    0,  -60,  -60,  -29,  -60,  -29,  -34,  -34,  -34,    0,    0,    0,  -34,  -54,  -34,  -34,  -34,  -46,  -46,  -42,    0,  -29,  -60,  -29,  -69,  -34,  -31,  -31,    0,    0,    0,  -26,   -5,    0,  -54,  -26,  -30,  -30,  -30,    0,  -28,    0,    0,  -29,  -24,  -24,  -75,    0,    0,  -60,  -29,  -29,  -34,    0,    0,  -34,  -26,  -29,  -29,  -34,    0,    0,  -42,  -10,  -17,    0,  -10,  -12,  -38,  -64,  -37,
       0,  -55,    0,    0,    0,  -33,    0,    0,    0,    0,    0,    0,    0,    0,    0,    0,    0,    0,    0,    0,    0,    0,    0,  -12,    0,    0,   -2,   -2,   -6,    0,   -2,   -2,  -46,  -15,  -36,  -28,    0,  -38,   -5,  -28,    0,    0,   -3,    0,    0,    0,    0,   -3,    0,    0,    0,    0,   -1,    0,   -8,   -7,  -21,  -17,    0,  -21,    0,    0,    0,    0,    0,    0,   -3,    0,    0,    0,    0,    0,    0,  -15,  -38,    0,    0,    0,    0,    0,    0,    0,    0,    0,    0,    0,    0,    0,    0,    0,    0,   -7,   -7,  -21,   -7,    0,    0,    0,    0,    0,    0,    0,    0,    0,    0,    0,    0,   -3,    0,    0,    0,    0,    0,  -46,   -8,  -46,  -28,  -17,    0,    0,    0,    0,    0,    0,    0,    0,    0,    0,    0,    0,    0,    0,    0,    0,    0,  -38,  -21,  -49,  -47,    0,  -49,  -47,    0,    0,    0,
      -3,   -3,    0,    0,    0,    0,   -9,  -80,  -71,  -71,  -33,    0,    0,    0,    0,    0,    0,    0,    0,    0,    0,  -46,   -9,   -5,   -3,    0,    0,    0,    0,    0,    0,    0,    0,    0,    0,    0,    0,    0,    0,    0,    0,  -55,    0,  -65,  -65,    0,  -57,    0,    0,   -5,  -47,  -47,  -47,  -30,  -28,  -44,  -42,  -17,   -6,  -40,  -24,  -33,  -80,    0,    0,    0,   -9,  -36,    0,    0,    0,    0,    0,    0,    0,  -61,  -61,  -61,  -61,  -61,  -73,  -73,  -73,    0,    0,    0,  -73,  -51,  -73,  -73,  -73,  -46,  -46,  -42,    0,  -61,  -61,  -61,  -73,  -73,  -66,  -66,    0,    0,    0,  -51,   -5,    0,  -51,  -51,  -64,  -64,  -64,    0,  -28,    0,    0,  -29,  -47,  -47,  -73,    0,    0,  -61,  -61,  -61,  -73,    0,    0,  -73,  -51,  -61,  -61,  -73,    0,    0,  -42,  -10,  -15,    0,  -10,  -12,  -80,  -63,  -34,
       0,   -3,    0,    0,    0,    0,    0,    0,    0,    0,    0,    0,    0,    0,    0,    0,    0,    0,    0,    0,    0,    0,    0,  -10,   -3,    0,    0,    0,    0,    0,    0,    0,    0,    0,    0,    0,    0,    0,    0,    0,    0,    0,    0,   -3,   -3,    0,   -1,    0,    0,   -5,   -1,   -1,   -1,    0,   -5,   -5,  -15,   -6,    0,  -15,    0,    0,    0,    0,    0,    0,    0,    0,    0,    0,    0,    0,    0,    0,    0,    0,    0,    0,    0,    0,   -3,   -3,   -3,    0,    0,    0,   -3,   -1,   -3,   -3,   -3,   -5,   -5,  -15,    0,    0,    0,    0,   -3,   -3,   -1,   -1,    0,    0,    0,   -1,   -5,    0,   -1,   -1,    0,    0,    0,    0,   -5,    0,    0,   -6,    0,    0,   -3,    0,    0,    0,    0,    0,   -3,    0,    0,   -3,   -1,    0,    0,   -3,    0,    0,  -15,    0,  -11,    0,    0,  -11,    0,    0,    0,
       0,    0,    0,  -13,    0,    0,    0,  -27,  -22,  -27,  -23,    0,    0,    0,    0,    0,    0,    0,    0,    0,    0,   -3,    0,    0,  -23,  -32,   -2,  -33,   -6,    0,   -2,   -3,    0,    0,    0,    0,    0,    0,   -2,    0,    0,  -17,    0,  -20,  -20,   -3,  -17,   -2,   -2,    2,   -4,   -4,   -4,  -12,   -3,   -3,   -2,    0,    0,   -2,   -6,  -18,  -22,    0,    0,    0,  -13,    0,    0,  -32,  -32,  -30,    0,    0,    0,  -17,  -17,  -17,  -29,  -17,  -20,  -20,  -20,   -2,    8,   13,  -20,   -4,  -20,  -20,  -20,   -3,   -3,   -2,   -2,  -17,  -17,  -17,  -20,  -20,  -17,  -17,    4,    0,   -2,   -4,    9,   -2,   -4,   -4,  -12,  -12,  -12,    0,   -3,    0,    0,    0,   -6,   -6,  -20,  -32,   -2,  -17,  -17,  -17,  -20,   13,    3,  -20,   -4,  -17,  -17,  -20,   -2,    0,   -2,    0,    0,    0,    0,    0,  -27,  -18,    0,
       0,   -1,    0,    0,    0,    0,   -3,   -3,  -10,   -3,   -7,    0,    0,    0,    0,    0,    0,    0,    0,    0,    0,  -10,   -3,   -8,   -3,    0,    0,    0,    0,    0,    0,    0,    0,    0,    0,    0,    0,    0,    0,    8,    0,   -2,    3,   -3,   -3,    0,   -2,    0,    0,    0,   -5,   -5,   -5,   -5,  -11,   -5,   -3,   -4,   -2,   -3,   -1,  -20,  -10,    0,    0,    0,   -3,    0,    0,    0,    0,    0,    0,    0,    0,   -2,   -2,   -2,   -2,   -2,   -3,   -3,   -3,    0,    0,    0,  -10,   -5,   -3,   -3,   -3,   -5,   -5,   -3,    0,   -2,   -2,   -2,   -3,   -3,   -2,   -2,    0,    0,    0,   -5,    0,    0,  -10,  -10,   -5,   -5,   -5,    0,  -11,    0,    0,   -9,   -1,   -1,  -10,    0,    0,   -7,   -2,   -2,   -3,    0,    0,   -3,   -5,   -2,   -2,   -3,    0,    0,   -3,    0,    3,    0,    0,    3,   -3,  -20,    0,
       0,    0,    0,  -16,    0,    0,    0,  -22,  -12,  -22,  -28,    0,    0,    0,    0,    0,    0,    0,    0,    0,    0,   -7,    0,    0,  -32,  -37,  -10,  -32,   -5,    0,  -10,   -7,    0,    0,    0,    0,    0,    0,    0,    0,    0,  -35,    2,  -27,  -27,  -10,  -26,    0,   -4,   11,  -15,  -15,  -15,  -24,  -10,  -13,  -14,  -12,  -12,  -14,  -17,  -13,  -12,    0,    0,    0,   -7,   -6,    0,  -37,  -37,  -35,    0,    0,    0,  -35,  -41,  -37,  -28,  -35,  -27,  -51,  -46,   -7,   12,   24,  -27,  -15,  -27,  -27,  -50,  -13,  -13,  -14,    0,  -35,  -40,  -35,  -27,  -27,  -26,  -26,   15,    9,    5,  -15,   29,    0,  -15,  -15,  -24,  -24,  -24,    0,  -10,    0,    0,  -12,  -17,  -17,  -27,  -37,   -6,  -35,  -35,  -35,  -45,    6,    7,  -46,  -25,  -35,  -35,  -27,   -1,    0,  -14,    0,    0,    0,    0,    0,  -22,  -13,   -6,
       0,    0,    0,  -13,    0,    0,    0,  -39,  -24,  -39,  -32,    0,    0,    0,    0,    0,    0,    0,    0,    0,    0,  -13,    0,    0,   -7,  -41,  -15,  -30,   -7,    0,  -15,   -4,    0,    1,    5,    3,    6,    6,    0,    0,    0,  -23,    0,  -27,  -27,   -8,  -25,    0,    0,    0,  -13,  -13,  -13,  -26,  -12,  -12,  -11,   -9,   -8,  -11,  -16,  -27,  -24,    0,    0,    0,    0,  -10,    0,  -41,  -41,  -20,    0,    1,    6,  -23,  -23,  -23,  -23,  -23,  -27,  -27,  -27,    0,    0,    0,  -27,  -13,  -27,  -27,  -27,  -12,  -12,  -11,    0,  -23,  -23,  -23,  -27,  -27,  -25,  -25,    0,    0,    0,  -13,    0,    0,  -13,  -13,  -26,  -26,  -26,    0,  -12,    0,    3,   -9,  -16,  -16,  -27,  -41,    0,  -23,  -23,  -23,  -27,    0,    0,  -27,  -13,  -23,  -23,  -27,    0,    6,  -11,    0,    0,    0,    0,    0,  -39,  -27,  -10,
       0,    0,    0,   -5,    0,    0,    0,  -27,  -14,  -27,  -23,    0,    0,    0,    0,    0,    0,    0,    0,    0,    0,    0,    0,    3,  -13,    0,    0,    0,    0,    0,    0,    0,    0,    0,    0,    0,    0,    0,    0,    0,    0,   -9,    0,  -14,  -14,    0,    0,    0,    0,    0,   -2,   -2,   -3,  -11,    0,    0,    0,    0,    0,    0,   -2,  -10,  -14,    0,    0,    0,    0,    0,    0,    0,    0,    0,    0,    0,    0,   -9,   -9,   -9,   -9,   -9,  -14,  -14,  -14,    0,    0,    0,  -14,   -2,  -14,  -14,  -14,    0,    0,    0,    0,   -9,   -9,   -9,  -14,  -14,    0,    0,    0,    0,    0,   -2,    0,    0,   -2,   -2,  -11,  -11,  -11,    0,    0,    0,    0,    0,   -2,   -2,  -14,    0,    0,   -9,   -9,   -9,  -14,    0,    0,  -14,   -2,   -9,   -9,  -14,    0,    0,    0,    0,    0,    0,    0,    0,  -27,  -10,    0,
       0,    0,    0,  -17,    0,    0,    0,  -53,  -31,  -53,  -23,    0,    0,    0,    0,    0,    0,    0,    0,    0,    0,    0,    0,    0,  -40,  -48,  -13,  -17,   -7,    0,  -13,   -7,    0,    0,    7,    8,    3,    3,   -2,    0,    0,  -36,    0,  -41,  -41,  -13,  -37,    0,   -6,   -1,  -20,  -20,  -20,  -35,  -14,  -16,  -13,  -10,  -12,  -13,  -20,  -38,  -31,    0,    0,    0,    0,  -13,    0,  -48,  -48,    0,    0,    0,    3,  -36,  -36,  -36,  -36,  -36,  -41,  -41,  -41,   -6,   -6,   -6,  -41,  -20,  -41,  -41,  -41,  -16,  -16,  -13,    0,  -36,  -36,  -36,  -41,  -41,  -37,  -37,   -6,   -6,   -6,  -20,   -1,    0,  -20,  -20,  -35,  -35,  -35,    0,  -14,    0,    8,  -10,  -20,  -20,  -41,  -48,   -6,  -36,  -36,  -36,  -41,   -6,   -6,  -41,  -20,  -36,  -36,  -41,   -6,    3,  -13,    0,    0,    0,    0,    0,  -53,  -38,  -13,
       0,    0,    0,  -12,    0,    2,    0,  -33,  -14,  -33,  -21,    0,    0,    0,    0,    0,    0,    0,    0,    0,    0,   -3,    0,    0,  -22,    0,    0,    0,    0,    0,    0,    0,    0,    0,    0,    0,    0,    0,    0,    0,    0,   -8,    0,  -15,  -15,    0,    0,    0,    0,    0,    0,    0,    0,  -10,    0,    0,    0,    0,    0,    0,   -2,  -20,  -14,    0,    0,    0,    0,    0,    0,    0,    0,    0,    0,    0,    0,   -8,   -8,   -8,   -8,   -8,  -15,  -15,  -15,    0,    0,    0,  -15,    0,  -15,  -15,  -15,    0,    0,    0,    0,   -8,   -8,   -8,  -15,  -15,    0,    0,    0,    0,    0,    0,    0,    0,    0,    0,  -10,  -10,  -10,    0,    0,    0,    0,    0,   -2,   -2,  -15,    0,    0,   -8,   -8,   -8,  -15,    0,    0,  -15,    0,   -8,   -8,  -15,    0,    0,    0,    0,    0,    0,    0,    0,  -33,  -20,    0,
       0,    0,    0,  -13,    0,    0,    0,  -39,  -24,  -39,  -32,    0,    0,    0,    0,    0,    0,    0,    0,    0,    0,  -13,    0,    0,   -7,  -41,  -15,  -30,   -3,    0,  -15,   -4,    0,    1,    5,    3,    6,    6,    0,    0,    0,  -23,    0,  -27,  -27,   -8,  -25,    0,    0,    0,  -13,  -13,  -13,  -26,  -12,  -12,  -11,   -9,   -8,  -11,  -16,  -27,  -24,    0,    0,    0,    0,  -10,    0,  -41,  -41,  -10,    0,    1,    6,  -23,  -23,  -23,  -23,  -23,  -27,  -27,  -27,    0,    0,    0,  -27,  -13,  -27,  -27,  -27,  -12,  -12,  -11,    0,  -23,  -23,  -23,  -27,  -27,  -25,  -25,    0,    0,    0,  -13,    0,    0,  -13,  -13,  -26,  -26,  -26,    0,  -12,    0,    3,   -9,  -16,  -16,  -27,  -41,    0,  -23,  -23,  -23,  -27,    0,    0,  -27,  -13,  -23,  -23,  -27,    0,    6,  -11,    0,    0,    0,    0,    0,  -39,  -27,  -10,
       0,    0,    0,   -5,    0,    0,    0,  -27,  -14,  -27,  -23,    0,    0,    0,    0,    0,    0,    0,    0,    0,    0,    0,    0,    3,  -13,    0,    0,    0,    0,    0,    0,    0,    0,    0,    0,    0,    0,    0,    0,    0,    0,   -9,    0,  -14,  -14,    0,    0,    0,    0,    0,   -2,   -2,   -2,  -11,    0,    0,    0,    0,    0,    0,   -2,  -10,  -14,    0,    0,    0,    0,    0,    0,    0,    0,    0,    0,    0,    0,   -9,   -9,   -9,   -9,   -9,  -14,  -14,  -14,    0,    0,    0,  -14,   -2,  -14,  -14,  -14,    0,    0,    0,    0,   -9,   -9,   -9,  -14,  -14,    0,    0,    0,    0,    0,   -2,    0,    0,   -2,   -2,  -11,  -11,  -11,    0,    0,    0,    0,    0,   -2,   -2,  -14,    0,    0,   -9,   -9,   -9,  -14,    0,    0,  -14,   -2,   -9,   -9,  -14,    0,    0,    0,    0,    0,    0,    0,    0,  -27,  -10,    0,
       0,    0,    0,  -17,    0,    0,    0,  -53,  -31,  -53,  -23,    0,    0,    0,    0,    0,    0,    0,    0,    0,    0,    0,    0,    0,  -40,  -48,  -13,  -17,   -3,    0,  -13,   -7,    0,    0,    7,    8,    3,    3,   -2,    0,    0,  -36,    0,  -41,  -41,  -13,  -37,    0,   -6,   -1,  -20,  -20,  -20,  -35,  -14,  -16,  -13,  -10,  -12,  -13,  -20,  -38,  -31,    0,    0,    0,    0,  -13,    0,  -48,  -48,    0,    0,    0,    3,  -36,  -36,  -36,  -36,  -36,  -41,  -41,  -41,   -6,   -6,   -6,  -41,  -20,  -41,  -41,  -41,  -16,  -16,  -13,    0,  -36,  -36,  -36,  -41,  -41,  -37,  -37,   -6,   -6,   -6,  -20,   -1,    0,  -20,  -20,  -35,  -35,  -35,    0,  -14,    0,    8,  -10,  -20,  -20,  -41,  -48,   -6,  -36,  -36,  -36,  -41,   -6,   -6,  -41,  -20,  -36,  -36,  -41,   -6,    3,  -13,    0,    0,    0,    0,    0,  -53,  -38,  -13,
       0,    0,    0,  -17,    0,    0,    0,  -31,  -25,  -31,  -33,    0,    0,    0,    0,    0,    0,    0,    0,    0,    0,  -13,    0,    0,  -35,  -40,  -18,  -36,   -5,    0,  -18,   -9,    0,    0,    0,    0,    0,    0,    0,    0,    0,  -33,    0,  -35,  -35,  -15,  -33,    0,   -4,   -2,  -23,  -23,  -23,  -28,  -13,  -23,  -20,  -15,  -22,  -20,  -25,  -25,  -25,    0,    0,    0,  -20,  -12,    0,  -40,  -40,  -18,    0,    0,    0,  -33,  -53,  -52,  -42,  -63,  -35,  -65,  -53,   -4,    8,   19,  -35,  -23,  -67,  -63,  -57,  -23,  -45,  -20,    0,  -58,  -60,  -33,  -35,  -35,  -33,  -33,   12,   10,    4,  -23,   14,    0,  -23,  -23,  -28,  -45,  -53,    0,  -13,    0,    0,  -15,  -25,  -25,  -35,  -40,   -4,  -33,  -52,  -61,  -56,   18,    8,  -57,  -34,  -60,  -62,  -67,   -1,    0,  -20,    0,    0,    0,    0,    0,  -31,  -25,  -12,
       0,    0,    0,    0,    0,    0,    0,  -33,    0,  -33,    0,    0,    0,    0,    0,  -17,    0,    0,    3,    0,    0,    0,    0,    0,    0,  -37,   -5,  -33,   -7,    0,   -5,    0,    0,    0,    0,    0,    0,    0,    0,    0,    0,   -8,    0,  -15,  -15,  -10,  -18,   -2,    0,    0,   -3,   -3,   -3,  -15,   -5,    0,    0,    0,    0,    0,    0,    0,    0,    0,    0,    0,    0,    0,  -43,  -37,  -37,  -65,    0,    0,    0,   -8,   -8,   -8,   -8,   -8,  -15,  -15,  -15,    0,    6,   15,  -15,   -3,  -15,  -15,  -15,    0,    0,    0,   -2,   -8,   -8,   -8,  -15,  -15,  -18,  -18,    4,    3,    0,   -3,    3,   -2,   -3,   -3,  -15,  -15,  -15,    0,   -5,    0,    0,    0,    0,    0,  -15,  -37,    0,   -8,   -8,   -8,  -15,    3,    3,  -15,   -3,   -8,   -8,  -15,    0,    0,    0,    0,    0,    0,    0,    0,  -33,    0,    0,
       0,    0,    0,    0,    0,    0,    0,  -37,    0,  -37,    0,   -7,    0,    0,    0,  -25,   -3,  -11,    0,   -4,    0,    0,    0,    0,    0,  -31,  -18,  -30,    0,    0,  -18,   -7,    0,    0,    0,    0,    0,    0,   -3,    0,    0,  -26,    0,  -33,  -33,  -18,  -27,   -7,    3,    7,   -7,   -7,   -7,  -27,  -10,  -12,  -13,  -15,  -10,  -13,  -10,    0,    0,    0,    0,    0,    0,    0,  -50,  -31,  -31,  -30,    0,    0,    0,  -26,  -26,  -26,  -26,  -26,  -33,  -33,  -33,    3,    8,   16,  -33,   -7,  -33,  -33,  -33,  -12,  -12,  -13,   -7,  -26,  -26,  -26,  -33,  -33,  -27,  -27,   12,    8,    3,   -7,    7,   -7,   -7,   -7,  -27,  -27,  -27,    0,  -10,    0,    0,  -15,  -10,  -10,  -33,  -31,    3,  -26,  -26,  -26,  -53,   27,   10,  -53,   -7,  -26,  -26,  -33,   10,    0,  -13,    0,    0,    0,    0,    0,  -37,    0,    0,
       0,    0,    0,    0,    0,    0,    0,    0,    0,    0,    0,    0,    0,    0,    0,   -7,    0,   -3,  -23,    0,    0,    0,    0,  -20,    0,    0,  -13,    0,    0,    0,  -13,    0,  -32,  -17,  -37,  -28,    0,  -37,    0,    0,    0,    0,   -8,   -5,   -5,    0,    0,    0,    0,    0,    0,    0,    0,    0,  -13,  -12,  -33,  -28,    0,  -55,    0,    0,    0,    0,    0,    0,    0,    0,    0,    0,    0,    0,    0,  -17,  -37,    0,    0,    0,    0,    0,   -5,   -5,   -5,    0,    0,    0,   -5,    0,   -5,   -5,   -5,  -12,  -12,  -33,    0,    0,    0,    0,   -5,   -5,    0,    0,    0,    0,    0,    0,    0,    0,    0,    0,    0,    0,    0,  -32,  -13,  -32,  -28,  -28,    0,    0,   -5,    0,    0,    0,    0,    0,   -5,    0,    0,   -5,    0,    0,    0,   -5,    0,  -37,  -33,    0,    0,    0,    0,    0,    0,    0,    0,
       0,    0,    0,    0,    0,    0,    0,    0,    0,    0,    0,    0,    0,    0,    0,    0,    0,    0,    0,    0,    0,    0,    0,    0,    0,    0,    0,    0,    0,    0,    0,    0,    0,    0,    0,    0,    0,    0,    0,    0,    0,    0,    0,    0,    0,    0,   -1,    0,    0,   -2,   -2,   -2,   -2,    0,   -5,   -2,   -9,   -6,    0,   -9,    0,    0,    0,    0,    0,    0,    0,    0,    0,    0,    0,    0,    0,    0,    0,    0,    0,    0,    0,    0,    0,    0,    0,    0,    0,    0,    0,   -2,    0,    0,    0,   -2,   -2,   -9,    0,    0,    0,    0,    0,    0,   -1,   -1,    0,    0,    0,   -2,   -2,    0,   -2,   -2,    0,    0,    0,    0,   -5,    0,    0,   -6,    0,    0,    0,    0,    0,    0,    0,    0,    0,    0,    0,    0,   -2,    0,    0,    0,    0,    0,   -9,    0,    0,    0,    0,    0,    0,    0,    0,
};

static const EpdLigaturePair literata_10_boldLigaturePairs[] = {
    { 0x00660069, 0xFB01 }, // f i -> U+FB01
    { 0x0066006C, 0xFB02 }, // f l -> U+FB02
};

static const EpdFontData literata_10_bold = {
    literata_10_boldBitmaps,
    literata_10_boldGlyphs,
    literata_10_boldIntervals,
    40,
    31,
    25,
    -7,
    true,
    literata_10_boldGroups,
    9,
    nullptr,
    literata_10_boldKernLeftClasses,
    literata_10_boldKernRightClasses,
    literata_10_boldKernMatrix,
    441,
    387,
    104,
    145,
    literata_10_boldLigaturePairs,
    2,
};
