/**
 * generated by fontconvert.py
 * name: literata_18_regular
 * size: 18
 * mode: 2-bit  compressed: true
 * Command used: fontconvert.py literata_18_regular 18 ..\builtinFonts\source\Literata\Literata-Regular.ttf --2bit --compress --pnum
 */
#pragma once
#include "EpdFontData.h"

static const uint8_t literata_18_regularBitmaps[24636] = {
    0xBD, 0x5A, 0x3D, 0x90, 0xDD, 0x46, 0x72, 0x1E, 0x00, 0xA4, 0xE0, 0x12, 0xCA, 0x85, 0x0B, 0x44,
    0x4B, 0x65, 0xDD, 0x19, 0x0E, 0x1C, 0x5C, 0x95, 0x29, 0x22, 0x71, 0xA0, 0x80, 0xBB, 0x80, 0x7D,
    0x81, 0xAA, 0x9C, 0x1C, 0x03, 0xAE, 0x14, 0x5C, 0x40, 0x07, 0xCA, 0x1C, 0x30, 0x55, 0xB0, 0x24,
    0xE0, 0xBB, 0xD0, 0x09, 0x03, 0x5F, 0x6C, 0x05, 0xCE, 0x1C, 0x28, 0x71, 0xA0, 0x60, 0x45, 0xC0,
    0x77, 0x55, 0x56, 0xE0, 0xE0, 0x20, 0xBB, 0xE4, 0x54, 0xB0, 0x25, 0xD7, 0x95, 0xCB, 0x81, 0xE0,
    0x12, 0x64, 0x3D, 0x95, 0x00, 0x8C, 0xBF, 0xEF, 0x6B, 0xE0, 0xBD, 0x47, 0x8A, 0x94, 0x28, 0x51,
    0xF2, 0x5B, 0x6C, 0x0F, 0xF6, 0xED, 0x60, 0xD0, 0xD3, 0xDD, 0xF3, 0xF5, 0xCF, 0xCC, 0x65, 0x57,
    0x74, 0x55, 0xCF, 0x9F, 0xA2, 0xC3, 0x4F, 0x5B, 0xB4, 0x79, 0x9B, 0xD7, 0x59, 0x9D, 0x95, 0x29,
    0x7F, 0xDC, 0xF6, 0xF3, 0x8C, 0xE3, 0xE7, 0xF2, 0xDA, 0xBB, 0x68, 0x2F, 0xBB, 0x6B, 0x61, 0x5F,
    0xC4, 0x43, 0x95, 0x0C, 0x45, 0x8C, 0x9B, 0xFE, 0x34, 0xEA, 0x5E, 0x8A, 0x5A, 0x5C, 0x3F, 0x0C,
    0x5B, 0x17, 0x0C, 0xEE, 0xDC, 0xB9, 0xA0, 0x77, 0x6F, 0x38, 0x17, 0x76, 0xEE, 0x6D, 0xD1, 0x7F,
    0x70, 0xC1, 0x6B, 0xEF, 0x9F, 0x7D, 0x7A, 0x33, 0xF5, 0xF8, 0x4C, 0xA2, 0x3B, 0x17, 0xD7, 0xE8,
    0x4B, 0xDA, 0x3B, 0x97, 0x94, 0x21, 0x68, 0x5A, 0xA2, 0x2F, 0xDE, 0x18, 0xB5, 0x2B, 0xBD, 0x72,
    0xEB, 0xEC, 0xB5, 0xF7, 0xCB, 0x82, 0xFD, 0x7B, 0xA3, 0xEE, 0x25, 0xF4, 0x75, 0xEE, 0x3A, 0xFA,
    0x8A, 0xBA, 0x8D, 0xBE, 0x21, 0xEA, 0x5E, 0x20, 0xB9, 0xBA, 0x91, 0xE0, 0xAE, 0xBB, 0xE1, 0x72,
    0xDF, 0x0F, 0xCE, 0xFB, 0x65, 0x88, 0x96, 0x97, 0xAA, 0x21, 0x1E, 0xAF, 0xA6, 0x43, 0xDA, 0x5F,
    0x8D, 0xC6, 0xB4, 0xBB, 0x1A, 0x8C, 0xB8, 0x73, 0x3B, 0x92, 0xD7, 0xD3, 0x11, 0x4F, 0xA4, 0x33,
    0x48, 0xEC, 0x27, 0x70, 0xED, 0x17, 0x0C, 0xD0, 0xF8, 0x11, 0xCC, 0x79, 0x5F, 0xF2, 0x16, 0xBC,
    0xE5, 0x1E, 0x2C, 0x5F, 0xCD, 0x77, 0x20, 0xC9, 0x74, 0xC9, 0x5D, 0x8D, 0xA6, 0x13, 0x77, 0x35,
    0x9C, 0x0A, 0x77, 0x35, 0x98, 0x8A, 0x92, 0x77, 0xED, 0xD5, 0x68, 0x97, 0x8F, 0x57, 0x93, 0x21,
    0xF7, 0x77, 0xAA, 0xF6, 0x5A, 0xE5, 0xBD, 0xFB, 0x51, 0xEC, 0x3F, 0x12, 0x9F, 0xC7, 0xAC, 0x35,
    0x18, 0xED, 0xC2, 0xDE, 0x15, 0xE0, 0x1D, 0x69, 0xE7, 0x5D, 0x84, 0xB1, 0xF3, 0xB2, 0x28, 0x13,
    0xFC, 0xAB, 0x70, 0x79, 0x9D, 0xD6, 0x6C, 0xB3, 0x3A, 0x77, 0xD6, 0xDE, 0xB5, 0xB6, 0x9C, 0xD8,
    0x96, 0x05, 0x1F, 0x73, 0x59, 0x77, 0x9F, 0x8F, 0x81, 0xC7, 0x29, 0x81, 0xD4, 0xC0, 0x76, 0x9F,
    0xD6, 0x39, 0x5E, 0x77, 0xC9, 0x15, 0x01, 0xDE, 0x8D, 0xCF, 0x9D, 0x78, 0xAC, 0x30, 0x92, 0x9B,
    0xD2, 0x36, 0x45, 0x97, 0x70, 0x4C, 0x5B, 0xBE, 0x21, 0x42, 0xC7, 0x84, 0xA2, 0x6F, 0xB3, 0x9A,
    0x7F, 0x43, 0xF1, 0xAD, 0xBD, 0xD9, 0xFA, 0xDD, 0x71, 0x98, 0x03, 0x9E, 0x9B, 0x5C, 0xC4, 0x71,
    0x42, 0xBC, 0x05, 0x4A, 0x73, 0xC1, 0x3D, 0xD8, 0x02, 0xC4, 0xE1, 0xCE, 0x64, 0x16, 0x19, 0xA5,
    0xE2, 0x5C, 0x45, 0x39, 0xB9, 0x60, 0x71, 0xE4, 0x2D, 0xDC, 0xB9, 0x13, 0x34, 0xD1, 0xE8, 0x4E,
    0xD9, 0x0C, 0xD6, 0x8C, 0xF6, 0xE5, 0x44, 0xF3, 0x70, 0xE1, 0xEC, 0x46, 0xF7, 0x62, 0xEF, 0xFC,
    0x4F, 0x7A, 0xD7, 0xEC, 0x5C, 0xF5, 0x71, 0x19, 0x40, 0x10, 0x19, 0xDE, 0xF5, 0xE1, 0xE4, 0xAA,
    0xC5, 0x25, 0xF5, 0x10, 0x2E, 0x1E, 0x46, 0xE8, 0x92, 0xBE, 0xE9, 0xFE, 0x00, 0x72, 0x69, 0x8B,
    0xE1, 0x25, 0x4E, 0x3B, 0x9D, 0x20, 0xC7, 0x06, 0x3C, 0x61, 0x18, 0x6F, 0x2C, 0xA1, 0xA9, 0x46,
    0x35, 0x19, 0xFF, 0x2A, 0x5D, 0x0C, 0xD5, 0x35, 0x35, 0xFA, 0xD4, 0x97, 0x8A, 0x0E, 0xA2, 0x19,
    0xAF, 0xE2, 0x1F, 0xD5, 0x2D, 0x3F, 0xC5, 0xDE, 0xCF, 0x11, 0x54, 0xD8, 0xC0, 0x90, 0x20, 0x93,
    0x40, 0x73, 0xB8, 0x86, 0x29, 0x57, 0xF8, 0x2D, 0xC0, 0xE7, 0x4B, 0xF8, 0xF9, 0xA1, 0x26, 0xE6,
    0x3A, 0x1A, 0x20, 0x54, 0x90, 0x39, 0xF2, 0xFF, 0x0E, 0x05, 0x11, 0x8E, 0x9C, 0x4D, 0x3C, 0xB8,
    0xB4, 0x87, 0xC2, 0x5C, 0xD6, 0x82, 0x2D, 0xE8, 0xC9, 0x15, 0x76, 0x95, 0x0F, 0x5E, 0xFA, 0x32,
    0x57, 0x1F, 0xF4, 0x44, 0x7F, 0x48, 0x1B, 0xCF, 0x42, 0x10, 0x10, 0x10, 0x05, 0xF5, 0x0E, 0x85,
    0x0D, 0x7D, 0x42, 0x05, 0x2E, 0x82, 0x18, 0xA9, 0x24, 0xBC, 0x1C, 0xEA, 0xC6, 0x6B, 0xA1, 0x0A,
    0xBC, 0x0B, 0x6F, 0x0C, 0xD0, 0x73, 0x76, 0xEE, 0x3E, 0x26, 0xC9, 0xF9, 0xF3, 0x7D, 0xFB, 0x11,
    0xC9, 0x87, 0x5D, 0x83, 0xAE, 0xFD, 0x9F, 0xDD, 0x81, 0x3F, 0xE3, 0xAC, 0xD2, 0x08, 0xB0, 0xB5,
    0x1D, 0x87, 0x8D, 0x7A, 0xBE, 0x13, 0xD2, 0x85, 0x48, 0x9F, 0x73, 0x5C, 0x84, 0x78, 0x67, 0xEB,
    0x2E, 0xE1, 0xCB, 0x3C, 0xF9, 0x79, 0x9F, 0xBF, 0xFB, 0xD3, 0x21, 0xF9, 0x0C, 0x02, 0xBA, 0x0D,
    0x43, 0xBA, 0x8D, 0xBE, 0x5F, 0x34, 0x65, 0xF1, 0xEE, 0xAD, 0x3E, 0x4F, 0x7E, 0x81, 0xB1, 0xEB,
    0x92, 0x7D, 0xB5, 0x0C, 0xB9, 0x80, 0xBF, 0x9A, 0x70, 0xD5, 0xB6, 0x22, 0x57, 0x5E, 0xFD, 0xF4,
    0xAC, 0x7C, 0x82, 0x27, 0xB2, 0xBA, 0xEA, 0x9B, 0xA1, 0x19, 0x8B, 0x21, 0x1C, 0xA2, 0x3E, 0x6E,
    0xD3, 0xFA, 0x94, 0x58, 0x02, 0x13, 0x9B, 0xEC, 0x12, 0x12, 0x0D, 0xCD, 0x50, 0x0D, 0x45, 0x77,
    0x99, 0x9A, 0xA2, 0x5D, 0xD1, 0xA8, 0x20, 0x55, 0x58, 0x95, 0x06, 0xC1, 0x04, 0x85, 0x22, 0x5C,
    0x13, 0x5C, 0x46, 0xC4, 0x86, 0xFC, 0xA8, 0xEB, 0xC5, 0xA1, 0x2B, 0x81, 0x87, 0xD2, 0x8F, 0xB7,
    0xAE, 0x98, 0x17, 0x74, 0x2E, 0xA3, 0xBD, 0xBE, 0x76, 0xE5, 0xC8, 0x83, 0xAD, 0x81, 0xAD, 0xAB,
    0x46, 0x5E, 0xBB, 0x5E, 0x5B, 0x47, 0xB6, 0x45, 0x91, 0x70, 0x2D, 0x54, 0x80, 0x0F, 0x2C, 0x87,
    0xA6, 0x86, 0xBA, 0xF3, 0x4E, 0x1A, 0xCA, 0x3A, 0x17, 0x8F, 0x50, 0x48, 0x34, 0x41, 0x25, 0x20,
    0x25, 0x56, 0x41, 0x05, 0x89, 0xCC, 0x0D, 0xC8, 0xD2, 0xB8, 0x23, 0xE2, 0x8E, 0xFF, 0x64, 0x17,
    0xF5, 0x83, 0x42, 0x08, 0x30, 0x46, 0xA2, 0x5D, 0x46, 0x73, 0x82, 0xD6, 0x93, 0x3E, 0xDE, 0x41,
    0xD7, 0xE1, 0xE2, 0xD0, 0xAB, 0xF1, 0x33, 0x17, 0x65, 0xBF, 0x5F, 0xA0, 0xEE, 0x72, 0xD3, 0xE2,
    0x5B, 0xFB, 0x75, 0x15, 0x7E, 0x8B, 0xEF, 0xF6, 0x37, 0x68, 0x3E, 0xC2, 0x6C, 0x7D, 0xD7, 0x10,
    0x9D, 0x83, 0x9B, 0xD2, 0x54, 0x47, 0xCC, 0x98, 0x60, 0x89, 0xA1, 0xA7, 0x09, 0xC2, 0x7A, 0x60,
    0x87, 0x6D, 0xD1, 0x83, 0xE4, 0x1D, 0xE4, 0xF1, 0x2C, 0x96, 0x07, 0x71, 0x83, 0x43, 0x18, 0x69,
    0x68, 0xFC, 0x84, 0xAB, 0x90, 0xB0, 0x1B, 0x13, 0x46, 0x52, 0x5A, 0x84, 0xBA, 0xF1, 0x9F, 0x87,
    0xEF, 0xB3, 0x01, 0xA0, 0x5E, 0xB5, 0xD0, 0x1D, 0x21, 0x13, 0x80, 0x12, 0xF7, 0x90, 0x6F, 0x26,
    0x07, 0xD1, 0xE5, 0x7B, 0x62, 0x02, 0xC8, 0xA9, 0x0C, 0x80, 0x3F, 0xE4, 0xE5, 0x7C, 0x9D, 0x0C,
    0x78, 0x1B, 0xC6, 0xCD, 0xBA, 0x74, 0x07, 0xEE, 0x92, 0x11, 0x04, 0x80, 0x96, 0xF1, 0x25, 0x39,
    0xD9, 0x20, 0x50, 0x06, 0x7C, 0xD3, 0x8B, 0x54, 0x39, 0x25, 0x26, 0x84, 0x71, 0xCF, 0xD0, 0x03,
    0xB8, 0xAA, 0xB3, 0xD7, 0xAF, 0xBC, 0x25, 0xE3, 0x81, 0xFC, 0x0E, 0xBF, 0xC3, 0x6A, 0xCE, 0xA9,
    0xE6, 0xA6, 0x4B, 0x96, 0xBF, 0xF7, 0x75, 0xC8, 0xF7, 0x42, 0x1A, 0x50, 0x46, 0xB0, 0x2A, 0x43,
    0x9F, 0xDB, 0x24, 0x81, 0xB0, 0x39, 0x12, 0x4D, 0xBC, 0x41, 0x29, 0x69, 0x41, 0xF5, 0xBB, 0x0B,
    0xD2, 0x60, 0x6C, 0x84, 0x9F, 0xA4, 0x49, 0x4B, 0x9A, 0x95, 0x8D, 0x7C, 0x40, 0x23, 0xBB, 0xA4,
    0x79, 0xEC, 0x48, 0xB1, 0xA2, 0x1B, 0x59, 0x64, 0xC3, 0xE5, 0x43, 0x5A, 0x10, 0x23, 0xA1, 0x72,
    0x7C, 0xA8, 0x1C, 0xD0, 0x2B, 0x67, 0x67, 0x5E, 0x4C, 0x68, 0xFC, 0x95, 0xEA, 0x8D, 0xA1, 0xE7,
    0xA4, 0x3D, 0x0D, 0x27, 0x10, 0xC7, 0x5C, 0xAD, 0xC1, 0x46, 0x6A, 0x92, 0x92, 0x96, 0x2F, 0xF3,
    0xD7, 0xCA, 0x5A, 0x49, 0xB7, 0x27, 0xFF, 0xE4, 0xEF, 0xC1, 0x93, 0x41, 0xE3, 0xF1, 0xE7, 0x3F,
    0xF3, 0x2E, 0x04, 0x0B, 0xED, 0xA6, 0xBB, 0xAC, 0xDF, 0xC4, 0xF5, 0x10, 0xC9, 0x06, 0xF8, 0xEA,
    0xBC, 0x3F, 0xA5, 0x01, 0xA0, 0xA7, 0xAF, 0xD3, 0xE5, 0x2D, 0x6F, 0x76, 0x23, 0x0B, 0x32, 0x5B,
    0x72, 0x57, 0x6E, 0xAC, 0xBE, 0x38, 0xA3, 0x4E, 0xAB, 0x3A, 0x1D, 0x82, 0x19, 0x03, 0x40, 0x9D,
    0xD9, 0x90, 0x10, 0xF5, 0xA0, 0xFB, 0xB0, 0xCC, 0xDA, 0x4D, 0x83, 0x45, 0x7D, 0x09, 0xE4, 0x15,
    0x02, 0xFC, 0x6D, 0x4C, 0xA9, 0x99, 0x03, 0x5F, 0x36, 0x34, 0x3C, 0xB0, 0x94, 0x75, 0x58, 0x4C,
    0x69, 0xDF, 0x90, 0x83, 0x8D, 0x24, 0x43, 0x25, 0xD5, 0x95, 0x24, 0x35, 0xFE, 0x2B, 0x70, 0xC5,
    0xA0, 0x45, 0x1D, 0xEF, 0xA0, 0xA4, 0x70, 0x65, 0xA8, 0x37, 0x86, 0x68, 0x64, 0x23, 0xC9, 0xCE,
    0x08, 0x56, 0xF2, 0x70, 0x4A, 0xF7, 0x0D, 0x54, 0xC9, 0xEB, 0x37, 0x04, 0xD2, 0xC2, 0x6B, 0xAC,
    0x52, 0x73, 0x7E, 0x7C, 0x05, 0xE7, 0xBC, 0xB7, 0xB1, 0xA2, 0xDC, 0xE4, 0x2F, 0xF1, 0x2F, 0xE6,
    0x0E, 0xE5, 0x1A, 0x57, 0x22, 0x33, 0x8F, 0x69, 0x77, 0xC9, 0x9E, 0xA4, 0x07, 0xF2, 0xD1, 0x66,
    0x48, 0xB2, 0x2A, 0xBA, 0x5E, 0x59, 0x1A, 0xD9, 0xAD, 0xF1, 0x1A, 0xC6, 0x71, 0x98, 0x2A, 0x27,
    0x83, 0xA8, 0xCE, 0x48, 0xD6, 0xE6, 0x03, 0xDE, 0x9E, 0xCE, 0xE0, 0x2F, 0xF6, 0xEF, 0x4D, 0xD4,
    0x34, 0xA3, 0x0D, 0xCA, 0x99, 0x62, 0x0A, 0xE7, 0xDB, 0xF0, 0xB6, 0x43, 0xE8, 0xD9, 0xB9, 0x18,
    0x00, 0x24, 0x29, 0x8D, 0x2F, 0xD9, 0x79, 0x32, 0xB2, 0x27, 0x23, 0xE4, 0x07, 0x81, 0x61, 0xBC,
    0x3E, 0x1F, 0xB1, 0x2C, 0x13, 0xD9, 0x4B, 0x73, 0xB0, 0xF0, 0x07, 0x97, 0x1C, 0xC4, 0x8F, 0x41,
    0xF1, 0xDE, 0xAC, 0x33, 0xC1, 0x22, 0x62, 0x6C, 0x01, 0x5A, 0x60, 0x2D, 0x1E, 0xF7, 0x64, 0xC7,
    0xEF, 0x48, 0x92, 0x1D, 0xC0, 0x21, 0xDD, 0xE1, 0x89, 0x62, 0x17, 0x43, 0x6F, 0x23, 0xA6, 0xF5,
    0x5B, 0xC0, 0xA7, 0x7F, 0x05, 0x03, 0x96, 0xC9, 0xC1, 0x7C, 0x7A, 0x05, 0x3E, 0x07, 0x8D, 0xFF,
    0x2E, 0x45, 0x59, 0xDC, 0xC3, 0xFB, 0x10, 0x5A, 0x8E, 0x9C, 0x1B, 0x2C, 0xFA, 0xF2, 0xCD, 0x35,
    0x68, 0x3D, 0x76, 0x15, 0x47, 0x9F, 0x07, 0xFF, 0x77, 0x99, 0x16, 0x32, 0x78, 0xFC, 0xCD, 0x00,
    0xF7, 0xE1, 0xCF, 0xE3, 0x7C, 0xD2, 0xF6, 0xF9, 0xD1, 0xB6, 0xA4, 0xA4, 0x34, 0xC2, 0x84, 0xE0,
    0x8A, 0xB6, 0x1F, 0x10, 0x39, 0x04, 0x12, 0x05, 0x21, 0xAE, 0xA2, 0xF2, 0xF3, 0x7E, 0x03, 0x3A,
    0x83, 0x14, 0xE9, 0xDB, 0x20, 0x30, 0x1B, 0xF7, 0xD8, 0x40, 0xAF, 0x82, 0x30, 0x0E, 0x0B, 0xF7,
    0xAC, 0x3C, 0xB8, 0x51, 0xF7, 0x88, 0xCF, 0xA3, 0xBA, 0x88, 0x25, 0x41, 0xAB, 0xCC, 0x47, 0x6C,
    0x18, 0x76, 0xD9, 0x8B, 0x8B, 0xA3, 0x17, 0x97, 0x2B, 0x63, 0xC6, 0xF4, 0xB0, 0x31, 0xCD, 0xE7,
    0xB8, 0x90, 0xE3, 0x79, 0xE3, 0x79, 0x65, 0x49, 0xE2, 0xBB, 0x41, 0x39, 0x97, 0x09, 0xE1, 0xB6,
    0x4E, 0xC7, 0x02, 0x96, 0x5B, 0xD5, 0xE1, 0x04, 0x5C, 0x86, 0x7B, 0x0B, 0xE1, 0xA4, 0x69, 0xC9,
    0x1C, 0x82, 0xE3, 0x71, 0x96, 0xBE, 0x16, 0xDA, 0xF1, 0x95, 0xD4, 0x62, 0x7A, 0xE4, 0x6E, 0xF9,
    0xCB, 0x70, 0xE2, 0xA0, 0x1A, 0xE3, 0xAF, 0x1A, 0xEC, 0x97, 0xF7, 0x52, 0xCA, 0xB3, 0xFE, 0x73,
    0xC3, 0x4E, 0x2F, 0x0F, 0x97, 0x2E, 0x67, 0x7F, 0xB9, 0xAC, 0x42, 0x84, 0x51, 0x06, 0xE4, 0x13,
    0x41, 0x96, 0x16, 0x1D, 0x22, 0x27, 0x84, 0x50, 0x97, 0x18, 0xF3, 0x64, 0x40, 0xE2, 0xDF, 0xD6,
    0x27, 0x08, 0x00, 0x80, 0x21, 0xD0, 0xDC, 0x09, 0x60, 0xE4, 0x36, 0xA2, 0xEA, 0x73, 0xAC, 0xBD,
    0xBC, 0xCC, 0xDC, 0x05, 0x42, 0x2C, 0x04, 0x96, 0x6E, 0x07, 0x5F, 0x6D, 0xED, 0x00, 0x71, 0x58,
    0xEB, 0xD7, 0xF6, 0x63, 0xF4, 0x43, 0x1B, 0x7E, 0x50, 0x5E, 0x63, 0x1B, 0xFD, 0xA6, 0x3C, 0x71,
    0x17, 0xD1, 0x90, 0xFC, 0x14, 0x38, 0x7C, 0x1E, 0xEE, 0xB2, 0xF4, 0xCF, 0x18, 0xDF, 0xFA, 0x39,
    0x05, 0x63, 0x08, 0x27, 0xC7, 0x14, 0x12, 0xCC, 0xEA, 0xCB, 0x65, 0x70, 0x63, 0x5D, 0xFA, 0x16,
    0x02, 0x3B, 0xF7, 0x87, 0xB6, 0xE4, 0x03, 0x0A, 0xB7, 0x18, 0xDD, 0x6D, 0x0B, 0xDE, 0x65, 0xB1,
    0x5C, 0x8A, 0xA3, 0x75, 0xFD, 0xC1, 0x2A, 0x09, 0x69, 0x0D, 0xF3, 0xAD, 0x0D, 0xA8, 0x5B, 0xF3,
    0x19, 0x1A, 0x2F, 0xFE, 0x0D, 0x1F, 0x75, 0xE9, 0x5F, 0x5B, 0xF3, 0x8A, 0x9E, 0xCC, 0x84, 0x1F,
    0xEE, 0x54, 0xE0, 0xE3, 0x4E, 0x24, 0x11, 0x70, 0x28, 0x7B, 0xDA, 0x19, 0xE8, 0x8C, 0x72, 0x72,
    0xE1, 0x20, 0xE3, 0x00, 0x90, 0x73, 0x0D, 0xC5, 0xAD, 0x6C, 0x95, 0x7C, 0x50, 0x35, 0xC4, 0x38,
    0x05, 0xA6, 0x34, 0xE7, 0xDC, 0x40, 0xE9, 0xD4, 0x50, 0xEA, 0xDC, 0xFC, 0xE3, 0x64, 0xE8, 0x25,
    0x0B, 0x29, 0xF5, 0x4E, 0xDF, 0x11, 0x23, 0x73, 0x3F, 0x57, 0x18, 0xA2, 0xF0, 0x33, 0x7C, 0xCF,
    0x7F, 0x99, 0x07, 0x42, 0xD8, 0xB3, 0x9C, 0x35, 0x23, 0x9F, 0x83, 0xF2, 0x41, 0x43, 0x85, 0x46,
    0x30, 0x72, 0x8E, 0x74, 0x44, 0xC1, 0x2D, 0x68, 0xA4, 0x3E, 0x58, 0xED, 0xA0, 0x54, 0xEA, 0xE6,
    0x98, 0x30, 0x4E, 0xB0, 0x9C, 0xDD, 0x56, 0x9F, 0xD0, 0x9E, 0x82, 0xB1, 0x2D, 0x34, 0x72, 0xD2,
    0xBC, 0x3B, 0xD0, 0xA2, 0x3B, 0x7C, 0xDF, 0xD4, 0xD6, 0x1F, 0x3C, 0xBC, 0x35, 0x89, 0x9F, 0x9E,
    0xD4, 0xEC, 0xE8, 0xA6, 0xBB, 0x47, 0x1E, 0xDF, 0xEB, 0xD7, 0xA9, 0x23, 0x42, 0x69, 0xA8, 0x73,
    0x58, 0x28, 0x27, 0x1B, 0x8D, 0x70, 0x33, 0x88, 0xD6, 0x05, 0x3D, 0x3B, 0x61, 0xCF, 0x85, 0xFC,
    0xD9, 0xCB, 0x79, 0xB7, 0x5F, 0x5E, 0x4F, 0x44, 0xAD, 0xBF, 0x9E, 0x35, 0x0C, 0xB3, 0xD5, 0x65,
    0x70, 0xFF, 0x72, 0x48, 0xFD, 0xBC, 0xC3, 0xB5, 0x86, 0xCC, 0x00, 0xC9, 0x25, 0x23, 0x3B, 0xBF,
    0x26, 0x9D, 0xE3, 0x8A, 0xF3, 0xE0, 0x79, 0x29, 0x4D, 0xA0, 0x78, 0x12, 0xB3, 0xB9, 0x0D, 0xA3,
    0xD0, 0x04, 0x7B, 0x35, 0x70, 0x0D, 0x6C, 0x22, 0xC9, 0x67, 0x13, 0x2E, 0xA6, 0xA2, 0x46, 0x42,
    0xD8, 0xE4, 0xB5, 0x0A, 0xE6, 0x1B, 0x34, 0x95, 0x3D, 0xDE, 0xAC, 0x63, 0xAA, 0x09, 0xED, 0x45,
    0xB1, 0xBD, 0x36, 0x1B, 0x8C, 0x97, 0x56, 0x9C, 0x2D, 0x6E, 0x15, 0xB4, 0x33, 0x2B, 0xD0, 0x5F,
    0x83, 0xE8, 0x48, 0xED, 0xBF, 0xA8, 0x87, 0x02, 0x7B, 0xF4, 0x42, 0xF4, 0xBA, 0xE8, 0x8F, 0xED,
    0x0D, 0x07, 0x9A, 0x1E, 0xD1, 0xDC, 0xCC, 0x60, 0x4F, 0x97, 0xB3, 0xEA, 0x4B, 0x7D, 0x2E, 0xBB,
    0x87, 0x47, 0xC0, 0x3F, 0xC4, 0xA0, 0x68, 0x21, 0x7A, 0x97, 0x3C, 0x3C, 0xB3, 0x88, 0x9F, 0xF9,
    0x88, 0x8E, 0x12, 0x2E, 0x26, 0x70, 0x6B, 0xA2, 0xCD, 0x4C, 0xE2, 0x8E, 0xE4, 0x84, 0xE4, 0x1A,
    0xC9, 0x0B, 0x1A, 0x97, 0xCC, 0xDB, 0x3B, 0x37, 0x92, 0x1B, 0x53, 0x46, 0xC8, 0x18, 0xBE, 0xCB,
    0x1E, 0xEC, 0xE2, 0x1E, 0x49, 0x42, 0xD3, 0xF2, 0x4C, 0xB2, 0x1C, 0x6C, 0x12, 0x7F, 0xFD, 0xFB,
    0xA0, 0x05, 0xB9, 0x10, 0xFF, 0x3E, 0x12, 0x0C, 0xD2, 0x2E, 0x47, 0xAD, 0x42, 0x98, 0x25, 0x2D,
    0x13, 0xCB, 0x50, 0xA6, 0x79, 0x61, 0x36, 0x75, 0xDD, 0x0C, 0xEC, 0x8F, 0x56, 0x6B, 0x5B, 0x4D,
    0xEF, 0xF1, 0x0D, 0x23, 0x99, 0x43, 0x83, 0xA4, 0x99, 0xCF, 0x01, 0x39, 0xE4, 0xB6, 0x26, 0x8D,
    0xC9, 0x66, 0x54, 0x43, 0xDC, 0x46, 0x43, 0x17, 0x41, 0x70, 0x81, 0xF1, 0xF1, 0x1B, 0x20, 0x58,
    0x35, 0x19, 0x70, 0x5C, 0x58, 0xB9, 0xE4, 0xFA, 0x16, 0x97, 0x34, 0x88, 0x9B, 0x0A, 0xBF, 0xAC,
    0x4D, 0x0C, 0xE6, 0x03, 0x7F, 0xEF, 0xD8, 0x8E, 0xBE, 0x4D, 0xE3, 0xFD, 0x26, 0x66, 0x13, 0xF4,
    0xD9, 0xD9, 0x53, 0x0C, 0x66, 0x4D, 0x28, 0xCE, 0x6A, 0xE3, 0x73, 0x3E, 0x70, 0x8D, 0x8B, 0x51,
    0xFF, 0xE2, 0x9E, 0xE6, 0xC2, 0xE0, 0x36, 0x14, 0x79, 0x5E, 0x89, 0x7B, 0x9E, 0x3A, 0x57, 0xC8,
    0x17, 0x7C, 0x57, 0x24, 0xA0, 0x6E, 0xB2, 0x0E, 0x9A, 0x29, 0x7A, 0x90, 0xAA, 0x83, 0x79, 0x54,
    0x6D, 0x0C, 0x44, 0xEB, 0xA0, 0x4D, 0xBA, 0x3D, 0xB8, 0x0D, 0xF6, 0xBD, 0x22, 0x73, 0x9B, 0x58,
    0xD2, 0x69, 0x54, 0x0F, 0x71, 0x2F, 0xFA, 0xBF, 0x09, 0x9A, 0xCF, 0x05, 0xE7, 0x74, 0x05, 0x8B,
    0x65, 0xBE, 0x2B, 0xC6, 0x2F, 0xE6, 0x4C, 0x17, 0xB9, 0x6B, 0x34, 0x85, 0x45, 0xAC, 0xF2, 0x2E,
    0x8B, 0xFE, 0xE5, 0x16, 0xFD, 0xCB, 0x2D, 0x66, 0x58, 0xE6, 0x98, 0x9D, 0x37, 0x47, 0xE6, 0xDF,
    0x55, 0x4F, 0x6F, 0x21, 0xC7, 0xB2, 0x05, 0xBC, 0xD5, 0x3A, 0x58, 0x6F, 0x43, 0xDB, 0x1B, 0x92,
    0xF5, 0x7D, 0x8B, 0x9A, 0x40, 0x5A, 0x51, 0x99, 0xAC, 0x02, 0xE0, 0x15, 0xBE, 0xA7, 0x10, 0x13,
    0x73, 0x7D, 0x08, 0x33, 0xF9, 0x97, 0x11, 0x5A, 0xD6, 0xE3, 0xD7, 0xD7, 0x53, 0x90, 0x6C, 0xBF,
    0xEA, 0x4F, 0x49, 0xDE, 0x91, 0x87, 0x22, 0x7A, 0xD1, 0xB7, 0x51, 0xA9, 0x20, 0x99, 0x4A, 0x62,
    0x10, 0x6F, 0x66, 0x35, 0x43, 0xA4, 0x4B, 0x0D, 0xD7, 0x27, 0x0B, 0x7E, 0x05, 0xE1, 0x91, 0x2E,
    0xFB, 0x14, 0xF3, 0x48, 0x3E, 0xE6, 0x0D, 0xD3, 0x8F, 0xBF, 0xC5, 0x14, 0x4E, 0x10, 0x0B, 0x66,
    0x99, 0x6E, 0x5A, 0x97, 0xF3, 0xE6, 0x0E, 0xC8, 0x89, 0x6E, 0x10, 0xDD, 0x9E, 0xF3, 0xE6, 0x1C,
    0x72, 0xD9, 0x31, 0xD4, 0x3D, 0x8F, 0x47, 0x37, 0xF2, 0xE6, 0x22, 0xDA, 0x85, 0x83, 0x6E, 0xC2,
    0x29, 0xEA, 0x75, 0x13, 0xCC, 0x51, 0x47, 0xF9, 0x5D, 0xB8, 0x25, 0x61, 0x62, 0x0B, 0xCD, 0x34,
    0x69, 0x6D, 0x37, 0xD5, 0x2D, 0x67, 0x37, 0xC5, 0x5B, 0xBA, 0x81, 0x6B, 0x99, 0x85, 0x17, 0x3B,
    0x16, 0xDA, 0xEC, 0x06, 0x5E, 0xC3, 0x6E, 0x9E, 0xF9, 0xBB, 0xF5, 0xC6, 0x52, 0x5A, 0x59, 0x27,
    0xFF, 0x4B, 0x6F, 0xCE, 0xA4, 0xAC, 0xDF, 0x6E, 0x06, 0xD6, 0x11, 0x52, 0x2E, 0x94, 0x9E, 0x4D,
    0xCC, 0xAF, 0xAB, 0x7B, 0xAC, 0xDE, 0x11, 0x04, 0xBF, 0x98, 0xD5, 0xFC, 0xAF, 0x57, 0x33, 0xC2,
    0xEC, 0xD8, 0x40, 0xDF, 0x6C, 0xA0, 0x6F, 0x36, 0xCC, 0x08, 0xD0, 0x40, 0xDF, 0x6C, 0xE0, 0xB0,
    0xD8, 0x40, 0xD7, 0x6C, 0x80, 0x2B, 0x6A, 0x90, 0xC3, 0xB0, 0xC9, 0x7B, 0x35, 0xE9, 0xA0, 0x26,
    0x9E, 0xD4, 0x44, 0xB3, 0x9A, 0xC0, 0xAB, 0x71, 0xCD, 0x5B, 0x6A, 0x8A, 0x8F, 0xD5, 0xE4, 0xDE,
    0xCA, 0xA9, 0x5E, 0x28, 0x15, 0x7B, 0x25, 0x27, 0x91, 0x35, 0x32, 0xBF, 0x35, 0x13, 0xAF, 0x94,
    0xD6, 0xC7, 0x16, 0x78, 0xE5, 0x86, 0xAF, 0x4C, 0x6E, 0x26, 0x2D, 0xA9, 0x68, 0x31, 0x7C, 0xF5,
    0x86, 0xAF, 0x4D, 0x6D, 0xB5, 0x88, 0x56, 0x49, 0x47, 0xD1, 0x09, 0x5F, 0xF3, 0x5E, 0x16, 0x9F,
    0x0D, 0xC7, 0x4D, 0xFA, 0xA8, 0x66, 0xEB, 0xD2, 0x5B, 0x42, 0xDC, 0x29, 0x94, 0xCE, 0xDB, 0x75,
    0x4C, 0xE2, 0x2B, 0xC2, 0xCD, 0xD8, 0x42, 0x2A, 0xAE, 0x94, 0x60, 0xC5, 0xD7, 0xD1, 0x22, 0xC4,
    0xCE, 0xF0, 0xB5, 0xDC, 0xCA, 0xD1, 0x7B, 0x7C, 0x85, 0x91, 0xD1, 0x08, 0x6B, 0x86, 0x57, 0x03,
    0xDD, 0x0C, 0x3D, 0x56, 0x34, 0xD3, 0x4E, 0x17, 0x05, 0x58, 0x8A, 0xAC, 0x36, 0xA2, 0xEF, 0xC2,
    0x59, 0x11, 0x16, 0x03, 0xAC, 0x91, 0xF1, 0x55, 0xAF, 0xEC, 0x3E, 0x60, 0x4C, 0x11, 0x2C, 0x37,
    0x9F, 0x68, 0x69, 0x7C, 0xD9, 0x63, 0x6D, 0xB5, 0x0D, 0x93, 0xE9, 0x5E, 0xAA, 0x7B, 0xB9, 0x6E,
    0x92, 0x35, 0xB8, 0x12, 0x16, 0xAC, 0xD2, 0x5D, 0x73, 0x63, 0x06, 0xA4, 0xAB, 0x34, 0xB6, 0xC4,
    0xAE, 0x5B, 0x63, 0x26, 0xCA, 0x6A, 0x15, 0xE2, 0xC3, 0x37, 0xE9, 0xE3, 0x6F, 0x0E, 0x9D, 0xF9,
    0x78, 0x87, 0xF1, 0x35, 0xE0, 0x87, 0x44, 0x12, 0xE6, 0x1D, 0xFE, 0xDF, 0x16, 0xBB, 0x41, 0x53,
    0x33, 0xF3, 0x89, 0x89, 0x9E, 0x2A, 0x3F, 0x41, 0xE5, 0x9F, 0xC9, 0xF8, 0x7D, 0x1B, 0xD9, 0x7C,
    0x0A, 0xE4, 0xA1, 0xBD, 0x3B, 0x0E, 0xD3, 0x29, 0xF6, 0x7A, 0xCD, 0xC0, 0x05, 0x62, 0x0A, 0xEE,
    0x20, 0x42, 0x67, 0xDD, 0xCA, 0xDC, 0xE2, 0x7D, 0x85, 0xAE, 0x06, 0x87, 0x26, 0x19, 0xE0, 0xD8,
    0x9A, 0x0B, 0xC4, 0xCB, 0xAA, 0x41, 0x0B, 0x8E, 0x6A, 0xB7, 0x06, 0xC9, 0x8A, 0x7D, 0x27, 0xB7,
    0x86, 0xC9, 0x6B, 0x6C, 0xFC, 0xD8, 0x26, 0xB0, 0x2E, 0x91, 0x3D, 0x20, 0x4F, 0x8D, 0x51, 0xBA,
    0xAD, 0x90, 0xC3, 0xC6, 0xEA, 0xF2, 0xE1, 0xAA, 0xBE, 0xC6, 0xEA, 0x5B, 0x9C, 0x3B, 0xA3, 0x96,
    0x5E, 0x8D, 0x32, 0xBE, 0xED, 0x71, 0x73, 0xF4, 0x4A, 0xDE, 0xD7, 0x48, 0x5B, 0xBF, 0xE0, 0xB0,
    0x42, 0xD0, 0x5C, 0xD1, 0x9F, 0x2D, 0x6B, 0xA9, 0xCA, 0x31, 0xB9, 0x09, 0x6E, 0x06, 0x90, 0xAE,
    0xFF, 0xD7, 0x16, 0xE0, 0xF7, 0x45, 0x87, 0x70, 0xB0, 0x61, 0xB5, 0x33, 0x57, 0xB6, 0xCF, 0x15,
    0x12, 0x91, 0x84, 0x5A, 0x01, 0x6F, 0x4A, 0x56, 0xB9, 0x6A, 0x18, 0x34, 0xA2, 0x98, 0x51, 0x78,
    0x20, 0x8F, 0x91, 0x53, 0x52, 0xA1, 0xE4, 0x60, 0x18, 0xDF, 0x0C, 0x5B, 0x32, 0x9C, 0x8C, 0x8C,
    0x77, 0xC7, 0x0B, 0x86, 0xE3, 0xF7, 0x55, 0x0E, 0x43, 0x5E, 0x32, 0x54, 0xAC, 0x70, 0x57, 0xC0,
    0xA7, 0xFA, 0x0E, 0xA7, 0xFA, 0xB2, 0x8A, 0x0E, 0x2C, 0x3F, 0xA4, 0x16, 0x1B, 0x58, 0x53, 0x66,
    0x9F, 0xBF, 0x36, 0xBF, 0x0A, 0x7D, 0xB4, 0x10, 0x51, 0x51, 0xE7, 0x4C, 0x55, 0xB2, 0x96, 0xB9,
    0x2A, 0x1C, 0xDA, 0x09, 0x9B, 0xB8, 0x3D, 0x67, 0x13, 0x75, 0xCF, 0x29, 0xF1, 0x28, 0xD7, 0x90,
    0xFC, 0xFF, 0xA3, 0x49, 0x96, 0xD5, 0x48, 0xA6, 0x7D, 0x83, 0x00, 0x84, 0xAB, 0x67, 0xDF, 0x2A,
    0xF1, 0xA3, 0xE9, 0x52, 0xDE, 0xF4, 0xB3, 0x6A, 0xEB, 0xEF, 0xAF, 0x6D, 0xBE, 0xAA, 0x2D, 0xAD,
    0x4A, 0x90, 0xAD, 0xB5, 0x8C, 0x62, 0x2D, 0xC0, 0xDC, 0x59, 0x17, 0x1C, 0xA7, 0x91, 0x98, 0x87,
    0xA1, 0x2A, 0x2D, 0x59, 0xCD, 0xB7, 0x25, 0x70, 0x56, 0xCA, 0xFC, 0x27, 0x3A, 0x0D, 0x6B, 0x26,
    0x79, 0xEE, 0xE6, 0x9E, 0xAA, 0x1D, 0x85, 0xF1, 0x70, 0x6A, 0xD5, 0x88, 0x3B, 0xB6, 0x7C, 0x27,
    0x6B, 0x76, 0x02, 0x05, 0xC1, 0xFA, 0xA0, 0x78, 0x24, 0xD5, 0x0E, 0x06, 0x01, 0x32, 0xEE, 0x84,
    0x25, 0x2C, 0xC6, 0x53, 0xA7, 0xB5, 0x20, 0x26, 0xB3, 0x28, 0x23, 0xB7, 0xA2, 0xCC, 0xA9, 0xA0,
    0xA9, 0x3C, 0xD7, 0xF2, 0xAB, 0x2F, 0xC4, 0x54, 0xAB, 0xE5, 0x98, 0xBD, 0x67, 0xA9, 0xF3, 0x7F,
    0x58, 0x42, 0xF6, 0x89, 0xA5, 0xD5, 0x5F, 0xAC, 0x49, 0x76, 0xEB, 0x36, 0xB0, 0x5B, 0xA1, 0x8A,
    0x5C, 0xC7, 0x8A, 0xE1, 0x6A, 0xDE, 0x62, 0xAA, 0xBC, 0xE5, 0x24, 0xD2, 0xC5, 0x6C, 0xD5, 0xCB,
    0xF1, 0x88, 0x29, 0x6E, 0x46, 0x35, 0xDA, 0xD9, 0xE1, 0x84, 0x72, 0x16, 0xE3, 0x5A, 0x01, 0xDD,
    0x69, 0xA1, 0x5D, 0x25, 0x4E, 0xEC, 0x84, 0x75, 0xBA, 0x52, 0xB7, 0xF4, 0xF8, 0xB9, 0xE1, 0xDE,
    0x05, 0x6B, 0x8F, 0x06, 0x5D, 0x4C, 0x3C, 0x4F, 0xAD, 0xE0, 0x35, 0xC6, 0xB6, 0x7F, 0x96, 0x0E,
    0x01, 0x6B, 0x9F, 0xE7, 0x82, 0xCE, 0x90, 0xD5, 0x6F, 0xCE, 0x28, 0x1E, 0x23, 0x86, 0x7D, 0x3B,
    0x21, 0x6B, 0xD4, 0x39, 0xEE, 0xAE, 0x51, 0x22, 0xC8, 0xEB, 0x17, 0x6D, 0xAC, 0x84, 0xDC, 0x1D,
    0x6C, 0x54, 0xC0, 0x0D, 0x66, 0xBC, 0xBE, 0xFA, 0x49, 0x67, 0xB1, 0x5B, 0xE9, 0x8A, 0x5F, 0x58,
    0xE0, 0x06, 0xA9, 0x15, 0xEF, 0xEA, 0xB6, 0x01, 0x27, 0xF9, 0x3F, 0x0B, 0xE0, 0xAA, 0xBB, 0x78,
    0xE5, 0x07, 0x92, 0x41, 0xF1, 0x8E, 0xCD, 0x8E, 0xB7, 0xD3, 0x56, 0xB3, 0x76, 0xF9, 0x64, 0x58,
    0x66, 0x00, 0x28, 0xD4, 0x80, 0xA0, 0x58, 0x01, 0xE8, 0xAC, 0x10, 0xD0, 0x01, 0x0E, 0x4D, 0x56,
    0x56, 0x0D, 0x45, 0x8A, 0xA8, 0x5D, 0xC6, 0x9E, 0x95, 0x6A, 0x62, 0x4E, 0x61, 0x75, 0x28, 0x6D,
    0x1C, 0x2E, 0xA1, 0x85, 0x8D, 0xAF, 0x08, 0x54, 0x8B, 0x0F, 0xDA, 0x43, 0x5D, 0x9C, 0x63, 0x48,
    0x31, 0x6B, 0x63, 0x5F, 0xA6, 0xAB, 0x95, 0x55, 0x7A, 0xE0, 0xAE, 0x7C, 0xA9, 0x9B, 0x62, 0x2B,
    0xBD, 0x2A, 0xAD, 0x4E, 0x58, 0x5A, 0x56, 0x59, 0x5C, 0x15, 0x25, 0x33, 0x55, 0x8C, 0x01, 0x90,
    0x65, 0x5D, 0x0B, 0xDC, 0xB1, 0xD8, 0x0C, 0x9C, 0x5C, 0x1B, 0x2E, 0xBD, 0x62, 0xDF, 0xC4, 0x78,
    0x96, 0x36, 0x40, 0x33, 0x98, 0xAC, 0xC8, 0x34, 0x4A, 0x4B, 0xB4, 0x3F, 0xEE, 0xBD, 0xB4, 0xCA,
    0xE4, 0xB9, 0x34, 0xC0, 0x58, 0x61, 0xB5, 0xBB, 0x73, 0x73, 0x79, 0xE6, 0x3C, 0x7E, 0x25, 0xE3,
    0xCA, 0x3E, 0xEC, 0x8E, 0xD8, 0x5D, 0x99, 0xB7, 0xA8, 0xD8, 0x62, 0xF8, 0x6F, 0xD1, 0xAC, 0xA3,
    0x18, 0x7E, 0xB8, 0x15, 0x3F, 0x08, 0x7A, 0x2B, 0xFD, 0xF4, 0xEC, 0x55, 0xCF, 0x85, 0x1A, 0xB1,
    0xE8, 0x4B, 0x2E, 0xEF, 0x68, 0xF2, 0xE7, 0xAA, 0xA7, 0xBD, 0xBE, 0xD6, 0x1B, 0xD7, 0x6D, 0x88,
    0x2D, 0xDC, 0xDB, 0x6A, 0x84, 0x56, 0x1E, 0x94, 0xE4, 0x04, 0xFF, 0x1B, 0x68, 0x59, 0x97, 0x7C,
    0x38, 0x64, 0x92, 0x90, 0xCC, 0x33, 0x25, 0xBB, 0xA4, 0x35, 0xC5, 0x9E, 0x95, 0xD4, 0x41, 0x51,
    0xD2, 0xB5, 0x54, 0x25, 0xE4, 0xF5, 0x8C, 0x77, 0x86, 0xC8, 0x7E, 0xDD, 0x86, 0x00, 0x93, 0xBA,
    0x4A, 0x8A, 0xEB, 0x7B, 0xBF, 0xCA, 0xF5, 0x75, 0x27, 0x6B, 0xF5, 0x32, 0x5B, 0x81, 0x2C, 0xA9,
    0x6D, 0x1B, 0x8F, 0xFB, 0x17, 0x5A, 0x16, 0xC3, 0xBA, 0xCD, 0x77, 0xB1, 0x6E, 0xFB, 0x9D, 0x1E,
    0x75, 0x4E, 0x8F, 0x3B, 0xF7, 0xEB, 0x5E, 0x25, 0x4D, 0xED, 0xED, 0x75, 0x3B, 0xF1, 0x64, 0xDD,
    0x5E, 0xCC, 0x56, 0xB8, 0x14, 0x1E, 0x59, 0x79, 0xCD, 0x46, 0x1F, 0xD7, 0xD1, 0xD5, 0xF9, 0xCA,
    0xCD, 0x6A, 0xA9, 0x16, 0x77, 0xDF, 0xDD, 0x7D, 0xCA, 0x9F, 0xFB, 0x6E, 0xD1, 0x48, 0x76, 0xB4,
    0xA0, 0xD9, 0xCA, 0xBC, 0xD1, 0x7F, 0xD3, 0x2A, 0x7F, 0xCD, 0xBD, 0xD4, 0x3F, 0x1D, 0x39, 0x93,
    0x0B, 0x4E, 0xEB, 0x94, 0xA6, 0x9B, 0x95, 0xDA, 0xFA, 0xE5, 0x86, 0x73, 0x8F, 0x99, 0x05, 0x23,
    0xA7, 0x79, 0xC1, 0x1D, 0xEF, 0x3F, 0x31, 0x94, 0xC6, 0xE7, 0x06, 0x15, 0x35, 0x88, 0x5C, 0xC7,
    0xA0, 0x4D, 0x5D, 0x74, 0xC9, 0x80, 0x98, 0xF4, 0x25, 0x67, 0x45, 0x75, 0x04, 0x2C, 0x35, 0xBD,
    0xD3, 0x80, 0x45, 0x05, 0x7F, 0xCF, 0x6A, 0x2F, 0x0B, 0x45, 0xAC, 0xB3, 0x6A, 0xE3, 0x63, 0x4F,
    0x7E, 0xDF, 0xCF, 0x56, 0xBE, 0x4B, 0xFC, 0x2F, 0x67, 0xDA, 0xD5, 0x4C, 0x9B, 0x99, 0x69, 0x93,
    0x24, 0x01, 0xFF, 0x64, 0xF8, 0xDF, 0x03, 0x3F, 0x99, 0x51, 0x20, 0x2B, 0x1D, 0x8A, 0x9D, 0xBB,
    0xE2, 0x2E, 0x97, 0x85, 0xC6, 0xA8, 0x44, 0x63, 0x33, 0xF7, 0x27, 0xA3, 0x8C, 0x45, 0x55, 0x84,
    0x75, 0x73, 0xC5, 0x15, 0xE1, 0x07, 0xAE, 0x32, 0x30, 0xCC, 0x45, 0x2C, 0x00, 0x56, 0x65, 0x90,
    0x34, 0x27, 0x2F, 0x1B, 0xED, 0x8E, 0xE8, 0xD1, 0xF7, 0x85, 0x51, 0x4D, 0xAC, 0x29, 0x95, 0x97,
    0xB2, 0xD4, 0x49, 0x4B, 0xB7, 0x5A, 0xE9, 0xFF, 0x28, 0x66, 0x29, 0x25, 0x17, 0xBD, 0x3C, 0x63,
    0x20, 0xC2, 0xF0, 0x98, 0xCB, 0xAE, 0x4C, 0x58, 0x6D, 0x05, 0x7C, 0x7B, 0xEE, 0xC9, 0xC0, 0x6F,
    0xB4, 0xD0, 0x9A, 0xF6, 0x01, 0x1E, 0x26, 0xFB, 0x8D, 0x50, 0x25, 0x07, 0xB6, 0xC7, 0x08, 0xC1,
    0x95, 0x91, 0xFF, 0x4F, 0xBC, 0x57, 0x81, 0x64, 0x7E, 0xD8, 0x66, 0x09, 0xBC, 0x39, 0x59, 0xAD,
    0xC3, 0x5B, 0xA2, 0xF1, 0xD7, 0xD3, 0x33, 0xD2, 0xCC, 0x7F, 0x31, 0xAC, 0xCC, 0x83, 0xC3, 0xDB,
    0x03, 0xFD, 0x75, 0xA2, 0xA3, 0x03, 0x31, 0x77, 0x6A, 0x48, 0x0B, 0xA3, 0xF5, 0x57, 0xD2, 0xAD,
    0x27, 0x9E, 0xE5, 0xAE, 0x8D, 0xCE, 0x1F, 0x00, 0x17, 0x80, 0xD2, 0x8D, 0xF6, 0xA3, 0x3E, 0x51,
    0xC4, 0xF8, 0x73, 0x80, 0xAA, 0xC9, 0x66, 0x15, 0xCE, 0xB0, 0x0A, 0x67, 0xB2, 0xDC, 0xAA, 0xE0,
    0x86, 0x55, 0xDE, 0xEA, 0x94, 0x84, 0x4E, 0x4B, 0xEC, 0x77, 0x31, 0xEA, 0xE2, 0x97, 0x67, 0x67,
    0x5F, 0x12, 0xCE, 0x7E, 0x03, 0x16, 0x70, 0x16, 0xD5, 0x40, 0xC0, 0xAC, 0xD5, 0x56, 0x93, 0xDB,
    0xC7, 0x7F, 0xB6, 0x53, 0x10, 0xD8, 0xB9, 0x1D, 0xEE, 0x85, 0xB7, 0xCD, 0xBA, 0x63, 0x7A, 0x97,
    0x06, 0x70, 0x9F, 0x9A, 0x9F, 0x79, 0xE8, 0xE1, 0x01, 0x53, 0x35, 0xF2, 0xC7, 0x0C, 0x5A, 0x0A,
    0x92, 0x2B, 0x0B, 0xE3, 0x95, 0x47, 0x74, 0xF9, 0x46, 0x44, 0xC8, 0xC9, 0x13, 0x40, 0x46, 0x0E,
    0x1F, 0x9D, 0x3D, 0x09, 0xF0, 0x9E, 0xDC, 0x7F, 0xF8, 0x96, 0xB6, 0x59, 0xFF, 0xDC, 0x44, 0x22,
    0x99, 0xB4, 0xD4, 0xC6, 0x7A, 0xC0, 0xA3, 0xDB, 0x8E, 0x73, 0xF4, 0x8C, 0x81, 0x12, 0x66, 0xC6,
    0x4C, 0xF1, 0xB8, 0xCC, 0x2D, 0xBB, 0x50, 0x62, 0x1B, 0x0E, 0x3A, 0xC5, 0x61, 0x59, 0xCA, 0x71,
    0x91, 0xD9, 0x5B, 0xE5, 0xC7, 0xDB, 0x96, 0x1C, 0x03, 0x98, 0x9E, 0xEE, 0x3A, 0x53, 0xA1, 0x87,
    0xC2, 0x5D, 0xB4, 0x1D, 0xA9, 0x85, 0x89, 0x65, 0x0C, 0xE3, 0x43, 0x1C, 0x93, 0x5A, 0xB1, 0xDD,
    0x52, 0x88, 0xCB, 0x14, 0xC4, 0xD3, 0x2D, 0xC7, 0x64, 0x5D, 0x8E, 0x00, 0xC0, 0xA5, 0x67, 0x65,
    0xC1, 0x6B, 0x15, 0x7A, 0x41, 0xD6, 0x22, 0x3A, 0x7F, 0x7B, 0xAA, 0xEC, 0x04, 0x3E, 0x6F, 0xCC,
    0xFC, 0x64, 0x94, 0x67, 0x5C, 0x66, 0x4E, 0x93, 0xC5, 0xF0, 0xDD, 0xC3, 0x9B, 0x65, 0x98, 0x0B,
    0xAE, 0xE7, 0x67, 0xB9, 0xD1, 0x27, 0xB8, 0x42, 0xEE, 0xA0, 0xEF, 0x70, 0x85, 0x63, 0x3C, 0x25,
    0x73, 0x3C, 0x85, 0xE3, 0x91, 0x22, 0xA7, 0x06, 0xD1, 0x46, 0x38, 0x05, 0x5F, 0xF3, 0x13, 0x4E,
    0xE1, 0x2E, 0x1A, 0xE3, 0x21, 0xED, 0xF2, 0xFA, 0xAE, 0xB0, 0xF6, 0x58, 0xA4, 0xCF, 0x7F, 0x13,
    0x91, 0x1A, 0x65, 0x15, 0x66, 0x76, 0x5E, 0x34, 0x15, 0x9F, 0xDC, 0x65, 0x92, 0xA7, 0x77, 0x33,
    0x0B, 0x08, 0x10, 0x3B, 0x0D, 0x61, 0xE6, 0x11, 0x2E, 0x1D, 0x27, 0x01, 0x95, 0x3B, 0x9F, 0xE5,
    0xDA, 0x67, 0xE5, 0x56, 0xB3, 0x94, 0x39, 0xCB, 0x4E, 0x67, 0xED, 0xF5, 0x41, 0x38, 0x03, 0x41,
    0x8E, 0x3B, 0xC5, 0xBE, 0x8F, 0x18, 0x16, 0x0D, 0xCE, 0xD2, 0xDF, 0x2B, 0xE4, 0xB9, 0x92, 0xE8,
    0xDC, 0xD3, 0x5F, 0xAA, 0x8D, 0x4A, 0xB0, 0x93, 0x2D, 0xDC, 0x33, 0xC6, 0x95, 0x29, 0xE3, 0x45,
    0x20, 0xC2, 0x54, 0xF1, 0xCD, 0x23, 0x74, 0xD4, 0xC7, 0x13, 0xA3, 0x5C, 0xC7, 0x83, 0x08, 0x2D,
    0x55, 0xE6, 0x75, 0x59, 0x81, 0xD5, 0x6E, 0xE6, 0xED, 0xCF, 0xEF, 0xFA, 0x86, 0xBB, 0x28, 0x7A,
    0x1D, 0x22, 0xDA, 0x8C, 0xD7, 0x4E, 0x37, 0xA3, 0xAA, 0x7E, 0xC6, 0x30, 0x6D, 0x9B, 0xDC, 0xEE,
    0xC8, 0xEA, 0x77, 0x6E, 0xDB, 0xC1, 0x97, 0x6C, 0xDB, 0x12, 0x29, 0x31, 0xD0, 0xF0, 0x5C, 0xC6,
    0xCC, 0xC3, 0x26, 0xF0, 0xC4, 0x03, 0xCF, 0x97, 0xED, 0xEC, 0x74, 0x11, 0x11, 0x02, 0x6B, 0x3B,
    0x24, 0x09, 0x8E, 0x49, 0x6B, 0x24, 0x9C, 0x18, 0xC0, 0x4E, 0x19, 0xCF, 0xA2, 0xF1, 0x1C, 0xCC,
    0x10, 0xA9, 0x22, 0xA0, 0x5D, 0x95, 0x03, 0x8E, 0xFE, 0x80, 0xC7, 0x1D, 0x9A, 0x21, 0xE7, 0xD1,
    0xA1, 0x81, 0x00, 0x12, 0x7D, 0x46, 0xBF, 0x17, 0xF9, 0xAD, 0x3A, 0xE0, 0x15, 0x13, 0xDA, 0xF6,
    0x5F, 0x55, 0x93, 0x16, 0x8F, 0xA1, 0x55, 0x79, 0xA0, 0xF6, 0x94, 0x6A, 0x16, 0xBC, 0x3C, 0xE3,
    0xC5, 0x48, 0x9B, 0x45, 0xD1, 0xC2, 0x22, 0x57, 0x34, 0xF1, 0xC4, 0x87, 0x45, 0x9B, 0x8F, 0xA0,
    0xB3, 0x95, 0x5F, 0x86, 0x43, 0x31, 0x0C, 0xCC, 0xFE, 0x40, 0x12, 0x91, 0x6B, 0xF9, 0x9E, 0xDC,
    0x1A, 0xD6, 0x49, 0x33, 0xD0, 0xAD, 0x7D, 0xC6, 0x72, 0xA7, 0x7F, 0x65, 0xE0, 0x06, 0xF8, 0x63,
    0x9D, 0xED, 0xB8, 0xDF, 0xE0, 0x0B, 0x95, 0x06, 0x47, 0xA2, 0xC1, 0x0D, 0x57, 0xEC, 0x32, 0x88,
    0x1A, 0xE6, 0x52, 0x3E, 0x3F, 0x8D, 0x88, 0xBF, 0x7D, 0xAB, 0xC8, 0x84, 0xC4, 0x6C, 0xF9, 0xB9,
    0x6F, 0xE6, 0x60, 0x54, 0x90, 0x53, 0x8A, 0x5D, 0x18, 0x58, 0xDF, 0xF8, 0x8B, 0xC0, 0xCF, 0x03,
    0x83, 0xB3, 0x14, 0x66, 0x91, 0xD5, 0xE1, 0x88, 0xF5, 0xCF, 0x43, 0x67, 0xAF, 0xB3, 0x12, 0x96,
    0x2E, 0x25, 0x02, 0x37, 0x55, 0xEE, 0x30, 0x4F, 0x0A, 0x51, 0x39, 0xDB, 0x74, 0xDD, 0x05, 0x13,
    0x02, 0xC1, 0xA9, 0x28, 0x83, 0x5D, 0xD1, 0xC7, 0xD0, 0xB9, 0xEF, 0xAE, 0xC1, 0x1A, 0x5E, 0xB8,
    0x7C, 0x83, 0x7B, 0x72, 0x87, 0x23, 0x73, 0x93, 0xFD, 0xAA, 0xB4, 0xAA, 0x53, 0x31, 0xBE, 0x85,
    0xC8, 0xDB, 0xDF, 0x9B, 0xCF, 0xCA, 0x70, 0xFD, 0xFE, 0x49, 0x7F, 0x03, 0xAB, 0x77, 0xBE, 0xE9,
    0xB4, 0xEF, 0xCA, 0x6A, 0xFF, 0x8D, 0x75, 0xDB, 0x9B, 0xE7, 0x41, 0x27, 0x1E, 0xBB, 0x6A, 0x26,
    0x0A, 0x91, 0x36, 0xB7, 0x93, 0xAD, 0xEC, 0xF8, 0xE0, 0x37, 0xA2, 0xD1, 0x11, 0xC5, 0x38, 0xF8,
    0x32, 0xD5, 0xEE, 0x72, 0xA5, 0xF8, 0xED, 0x53, 0xFF, 0x26, 0x84, 0x57, 0xE3, 0xFD, 0xEB, 0xB1,
    0xB5, 0x21, 0xF5, 0x83, 0xD1, 0x58, 0x09, 0x2B, 0x6D, 0xEE, 0x62, 0xDB, 0xEF, 0xF6, 0x8A, 0xE2,
    0x1B, 0x1D, 0x85, 0x82, 0x59, 0xAB, 0x2E, 0x19, 0xAB, 0x5E, 0xA9, 0xA3, 0x80, 0xBD, 0xB2, 0x8A,
    0x21, 0xD3, 0x3E, 0xBF, 0x0E, 0xBC, 0x4E, 0xDA, 0x0A, 0x9B, 0x54, 0x71, 0x58, 0x64, 0x12, 0x8D,
    0xE5, 0x4D, 0xFD, 0x96, 0x3D, 0x11, 0x61, 0xB9, 0x27, 0x5D, 0xC2, 0x89, 0xD3, 0xC2, 0x7C, 0x89,
    0xAC, 0x34, 0x65, 0x6D, 0x56, 0xD5, 0x0C, 0xCF, 0xFC, 0x81, 0xFB, 0x71, 0x15, 0xB3, 0x0F, 0x60,
    0x5F, 0x5E, 0x94, 0x89, 0x3C, 0xF7, 0xA9, 0x1D, 0x0E, 0x6E, 0xDC, 0x49, 0xD6, 0xA6, 0x56, 0xDE,
    0x48, 0x3B, 0xAB, 0xCB, 0xBC, 0x9D, 0xF6, 0xD7, 0x54, 0xE2, 0x18, 0x93, 0x81, 0x69, 0x49, 0xF6,
    0x8F, 0x43, 0x3C, 0x50, 0x7F, 0xE9, 0xBF, 0x0C, 0xD1, 0xC8, 0x84, 0x25, 0xFD, 0xB0, 0x8F, 0x76,
    0xE4, 0x27, 0xFE, 0xA4, 0x0B, 0x27, 0x9D, 0xE9, 0xFA, 0xA2, 0x0D, 0x96, 0x7E, 0xAD, 0x7A, 0xA8,
    0xFC, 0xC6, 0x33, 0x61, 0xCD, 0x96, 0xDF, 0x55, 0x62, 0x15, 0x92, 0xA9, 0x1B, 0xEE, 0x03, 0xD4,
    0x89, 0x38, 0x84, 0x7C, 0x54, 0xDD, 0xA8, 0x55, 0xC2, 0xE8, 0x54, 0x9C, 0x18, 0x55, 0x81, 0x58,
    0x54, 0x66, 0xB0, 0x54, 0x57, 0x49, 0xA6, 0x39, 0x90, 0x50, 0xEB, 0x35, 0xFE, 0xB5, 0xCE, 0xF0,
    0x95, 0x56, 0xED, 0xA9, 0x54, 0xE5, 0x41, 0xD8, 0x11, 0x6B, 0x2F, 0xA2, 0xF1, 0x7F, 0xA5, 0x93,
    0x84, 0xBF, 0x02, 0x2D, 0x36, 0x75, 0x64, 0x12, 0x8E, 0x8A, 0xD7, 0x3A, 0xC1, 0xBA, 0x48, 0x11,
    0x5E, 0x89, 0x55, 0x55, 0x1E, 0x14, 0x91, 0x77, 0x3A, 0x4F, 0xB2, 0x2A, 0x22, 0xD7, 0x42, 0xB4,
    0x23, 0xC7, 0xE7, 0x4A, 0x9A, 0x15, 0x09, 0x58, 0xC8, 0xDC, 0xF4, 0x47, 0x5B, 0xF3, 0x56, 0x64,
    0x50, 0x8D, 0xC3, 0xEA, 0xB6, 0x76, 0x94, 0x93, 0x0F, 0xE5, 0x4A, 0xE2, 0x2B, 0xE5, 0xF0, 0xCD,
    0xBB, 0x14, 0x4C, 0xF5, 0x31, 0x27, 0x94, 0x2F, 0x5B, 0xF9, 0xD3, 0x72, 0xEE, 0x95, 0xBC, 0xFF,
    0x2A, 0x4C, 0x8B, 0xAA, 0xBB, 0x43, 0xD8, 0x38, 0x27, 0x82, 0x3C, 0x67, 0x27, 0x7E, 0x96, 0x0D,
    0xC1, 0x54, 0x1D, 0xB3, 0x6D, 0x04, 0x3B, 0xF1, 0xF8, 0x2C, 0x57, 0x4E, 0x5A, 0x02, 0x33, 0xF2,
    0x52, 0x95, 0x1F, 0xA4, 0x52, 0x5E, 0x35, 0x61, 0x23, 0x44, 0x1F, 0x24, 0x31, 0xF3, 0x0D, 0x1A,
    0xF2, 0xA8, 0x6B, 0xB7, 0x5E, 0xA1, 0xCC, 0x1C, 0x57, 0xF0, 0xE0, 0x15, 0x6A, 0x53, 0xC7, 0xF6,
    0x2E, 0x6F, 0xF5, 0x3A, 0x70, 0xFC, 0x50, 0x87, 0xED, 0xDA, 0x0F, 0x75, 0x18, 0x79, 0x52, 0xEC,
    0x5C, 0xED, 0x80, 0x25, 0xD7, 0xBF, 0xFE, 0xC3, 0x23, 0x9D, 0x93, 0xBB, 0xE2, 0x55, 0x59, 0x39,
    0xBE, 0x9A, 0xED, 0x5A, 0x8E, 0x9C, 0xAA, 0xF9, 0xD5, 0x4A, 0x73, 0xB7, 0xE5, 0x98, 0x7D, 0xB4,
    0x9E, 0x4C, 0x3E, 0x76, 0xBF, 0x8B, 0xBE, 0xB1, 0xC7, 0x1F, 0x1A, 0xD6, 0x33, 0x00, 0xA9, 0x46,
    0x6D, 0x63, 0x0A, 0x64, 0x3F, 0x2F, 0xC3, 0x2E, 0xF7, 0xCB, 0x6B, 0xDD, 0xE9, 0xCF, 0x10, 0xEA,
    0xFE, 0x98, 0xDB, 0xFA, 0xFA, 0xFC, 0x1F, 0xE5, 0x5B, 0xBF, 0x93, 0xDD, 0xD6, 0x75, 0x3E, 0x00,
    0xB4, 0xC4, 0x38, 0x98, 0x18, 0x2C, 0xCC, 0xD1, 0xD8, 0x74, 0x88, 0x14, 0x2E, 0x92, 0x8C, 0x2C,
    0xB8, 0xB0, 0x67, 0x58, 0x2C, 0x17, 0x88, 0x55, 0xA4, 0x48, 0x21, 0x16, 0x7C, 0x52, 0xA1, 0x99,
    0xE8, 0x2F, 0x48, 0xB6, 0x55, 0x41, 0x2E, 0x60, 0xA6, 0xD4, 0x4C, 0xC4, 0xC6, 0x69, 0x5C, 0x58,
    0xFF, 0x81, 0x5C, 0xA8, 0xD0, 0x4C, 0x96, 0x0B, 0x28, 0x2E, 0x5C, 0xB8, 0x30, 0x9C, 0xCC, 0x24,
    0xA5, 0x21, 0x9B, 0x74, 0xE1, 0x46, 0x98, 0x09, 0x18, 0x83, 0x63, 0xE0, 0xDD, 0x7C, 0xDF, 0x39,
    0xC0, 0xDB, 0xB7, 0xCB, 0x5D, 0xEA, 0x87, 0x15, 0x52, 0xA4, 0xB1, 0xFB, 0xCE, 0xBD, 0xEF, 0x01,
    0xF7, 0xDE, 0x73, 0xCE, 0x3D, 0xBF, 0xEE, 0xB9, 0x17, 0x3B, 0x92, 0xD5, 0x45, 0x5B, 0xB4, 0x59,
    0xBD, 0x23, 0xBC, 0xE2, 0xE3, 0xBF, 0x9C, 0x7F, 0x49, 0x99, 0x94, 0x69, 0x9D, 0xD6, 0x19, 0xFF,
    0x9A, 0xA2, 0xE1, 0xB3, 0x45, 0x93, 0x96, 0x7C, 0x12, 0xD7, 0x15, 0x7C, 0xBC, 0x7F, 0xCA, 0x45,
    0x52, 0xD7, 0x8B, 0x38, 0xB7, 0x96, 0x60, 0xDA, 0xCD, 0xF2, 0xA8, 0x7F, 0xAB, 0x28, 0xE3, 0xF6,
    0x7D, 0x87, 0x96, 0x3F, 0x71, 0x65, 0x56, 0x77, 0x07, 0x92, 0x95, 0x9D, 0x48, 0xF6, 0x83, 0x96,
    0xA0, 0x01, 0xB8, 0x5D, 0x03, 0xFC, 0x74, 0x03, 0xFE, 0x1B, 0x5D, 0x26, 0x7F, 0x40, 0x4F, 0xB1,
    0x13, 0x5F, 0x42, 0x97, 0xA7, 0xA5, 0xEF, 0x9C, 0x13, 0x29, 0xDC, 0xC0, 0xEE, 0x71, 0xE7, 0x25,
    0x8E, 0xB8, 0x4B, 0xF0, 0x35, 0xC5, 0x75, 0x85, 0xDF, 0x22, 0xDE, 0x2D, 0xF0, 0x9C, 0xB7, 0x96,
    0xB4, 0x0E, 0x06, 0x80, 0xB0, 0x93, 0xAC, 0x89, 0x3B, 0x29, 0x6A, 0x80, 0x34, 0x07, 0x40, 0xA7,
    0x04, 0x11, 0x41, 0x88, 0xE7, 0x25, 0x18, 0x01, 0x5E, 0x5C, 0xAF, 0x6E, 0x48, 0xE5, 0xDC, 0x64,
    0x40, 0x0A, 0x60, 0x00, 0x6E, 0x00, 0xA4, 0xA7, 0x40, 0x29, 0xEF, 0x4B, 0x26, 0xD2, 0xCB, 0x2D,
    0xF1, 0x7B, 0xAF, 0x97, 0xCB, 0x5D, 0x04, 0xD4, 0xBA, 0x6C, 0x01, 0xAD, 0xA2, 0xF3, 0x3E, 0x79,
    0x72, 0xEB, 0xF2, 0xC3, 0x0C, 0xD8, 0xBA, 0x51, 0xE2, 0x87, 0x6F, 0xF6, 0x12, 0x35, 0x41, 0x27,
    0x71, 0x2D, 0x83, 0xC4, 0xA5, 0x8C, 0x92, 0xE4, 0x1B, 0xC0, 0xAF, 0x71, 0xED, 0x0D, 0xF3, 0x23,
    0x0F, 0xDF, 0xEC, 0xAC, 0xD9, 0x5E, 0x3A, 0x1C, 0xC8, 0x07, 0xEC, 0xEA, 0x22, 0x58, 0x0B, 0xD4,
    0x46, 0x90, 0xD7, 0xB1, 0xC8, 0x5C, 0x77, 0x19, 0x6C, 0x08, 0xD7, 0xE2, 0x81, 0x2D, 0x3E, 0xF9,
    0x9D, 0x4B, 0xD0, 0x29, 0xCE, 0x11, 0xF0, 0x4C, 0x5B, 0x0E, 0x42, 0x52, 0x53, 0xD2, 0x39, 0x02,
    0x5B, 0x3C, 0x36, 0x09, 0x09, 0x16, 0xE7, 0x91, 0x78, 0x29, 0xFE, 0xB9, 0x21, 0x87, 0xDD, 0xCF,
    0x5D, 0xC7, 0x02, 0xF8, 0xCB, 0xCE, 0xEA, 0x0D, 0xB7, 0xBA, 0xBE, 0x30, 0x65, 0x67, 0xF5, 0xFA,
    0x84, 0x6F, 0xF3, 0xBD, 0xB9, 0x98, 0xEF, 0x3D, 0xBE, 0x08, 0x27, 0x42, 0xCF, 0x51, 0x10, 0xE6,
    0x62, 0xF7, 0xC4, 0xA5, 0x4F, 0x9D, 0xFA, 0x0D, 0x3F, 0x5E, 0x62, 0x5B, 0x3E, 0x9D, 0x82, 0x46,
    0x29, 0x64, 0x2D, 0x32, 0x7A, 0x04, 0x40, 0x1D, 0x3C, 0x02, 0xF6, 0xDA, 0xB1, 0x23, 0x31, 0xAE,
    0x26, 0xF6, 0x7C, 0xF6, 0x55, 0x3C, 0x91, 0x05, 0xAE, 0x91, 0x03, 0x81, 0x04, 0x1C, 0x49, 0xE2,
    0xD0, 0x14, 0xF7, 0xC1, 0x8B, 0xA2, 0xCB, 0xC0, 0x89, 0x3E, 0x1E, 0x81, 0x59, 0xE8, 0x4A, 0x6F,
    0x14, 0xB4, 0x18, 0x25, 0x5D, 0x03, 0x84, 0xEE, 0x43, 0x74, 0x58, 0xFD, 0x1E, 0x34, 0x25, 0xEC,
    0x2C, 0x58, 0x13, 0x59, 0x1D, 0xE0, 0x48, 0xF0, 0xE4, 0x01, 0xE4, 0x97, 0x60, 0xC4, 0xB3, 0xC1,
    0x00, 0x59, 0xF1, 0x74, 0x76, 0x0B, 0x8A, 0x9F, 0x50, 0xCC, 0x71, 0xB3, 0xA8, 0x5D, 0x5E, 0xD5,
    0xAE, 0xC4, 0x27, 0xE7, 0x77, 0x5C, 0x17, 0x95, 0xB4, 0xC2, 0xDD, 0xA3, 0x94, 0x81, 0x65, 0x78,
    0x32, 0xBB, 0x27, 0x45, 0xAB, 0x5D, 0xA3, 0x33, 0xCE, 0x12, 0x06, 0x88, 0xEB, 0x70, 0xFA, 0x4E,
    0x9A, 0x27, 0x79, 0xE6, 0xFA, 0xB8, 0xCE, 0xC4, 0xBD, 0xDE, 0x87, 0xF5, 0x35, 0x08, 0xED, 0x10,
    0xB4, 0x37, 0xF1, 0xCC, 0x55, 0xBF, 0x3D, 0x8C, 0x5A, 0xF9, 0x96, 0xD7, 0x7D, 0x10, 0x61, 0x9E,
    0x50, 0xC4, 0xDB, 0xC5, 0x21, 0x7F, 0xF4, 0xDB, 0x9B, 0x61, 0xCB, 0x62, 0x97, 0x9D, 0x06, 0xCD,
    0x9E, 0x3F, 0xC8, 0x4B, 0x61, 0x9D, 0x60, 0x86, 0x07, 0x28, 0x6C, 0x9D, 0xB9, 0x26, 0x95, 0xB0,
    0xBD, 0xB0, 0x96, 0x43, 0x12, 0x24, 0x01, 0xB8, 0x55, 0x34, 0xB2, 0xDF, 0x28, 0x66, 0x24, 0x57,
    0xF6, 0xDD, 0x1D, 0x74, 0x57, 0x95, 0xCA, 0xCA, 0x3D, 0xA5, 0xFA, 0x08, 0xDC, 0x3B, 0x90, 0xAF,
    0x2B, 0x35, 0x07, 0xB8, 0xB7, 0x06, 0x7B, 0xD6, 0x92, 0xDD, 0x39, 0xD0, 0xDF, 0x8F, 0x78, 0x1F,
    0x42, 0x97, 0xB9, 0x6A, 0x88, 0xA6, 0xD8, 0xC4, 0x5D, 0xFC, 0xF2, 0x2B, 0x98, 0xB9, 0x1A, 0xC2,
    0x96, 0xE4, 0x87, 0x68, 0x06, 0x89, 0xF4, 0x46, 0xE8, 0x58, 0xD8, 0x43, 0x6B, 0x92, 0xB6, 0xCA,
    0x21, 0x98, 0x9C, 0xA5, 0x1A, 0x53, 0x97, 0x74, 0x18, 0x2E, 0x1C, 0xD2, 0x06, 0x1C, 0xA1, 0x1A,
    0x16, 0xC0, 0x1A, 0x3A, 0x70, 0x17, 0x1D, 0x00, 0x5D, 0xF1, 0xD0, 0xD5, 0xA5, 0xD5, 0x6A, 0x95,
    0x53, 0x9B, 0x6A, 0x05, 0x94, 0x8A, 0xF3, 0x80, 0x97, 0x4B, 0x71, 0x4F, 0x02, 0x68, 0x7D, 0xBC,
    0xAA, 0xEA, 0xEC, 0x9D, 0x57, 0x9B, 0xEC, 0x9D, 0x9F, 0x77, 0xD5, 0x3B, 0xAF, 0x62, 0x94, 0xA2,
    0xAB, 0xFE, 0x25, 0x45, 0x3D, 0xEE, 0x0A, 0x7C, 0xCF, 0xFE, 0xFE, 0x67, 0xCD, 0x95, 0xD7, 0x7F,
    0x5B, 0x86, 0xA4, 0xBC, 0x6A, 0x31, 0xC8, 0x75, 0x28, 0x19, 0xF5, 0xEC, 0x22, 0x6D, 0x0C, 0x64,
    0x60, 0x2F, 0x6C, 0x6F, 0x7A, 0x1D, 0xFE, 0x77, 0xFD, 0x36, 0x7B, 0xA3, 0x49, 0x5C, 0x79, 0x61,
    0x22, 0xB3, 0xE5, 0x7C, 0x70, 0x8C, 0xE4, 0xA5, 0xD7, 0x1E, 0xC0, 0x08, 0x3D, 0xF6, 0xE1, 0xE3,
    0xEB, 0x34, 0x81, 0x97, 0xA0, 0xCB, 0xB0, 0x3B, 0xC9, 0x6F, 0x5D, 0x0E, 0x93, 0x51, 0x67, 0x65,
    0xDC, 0xC0, 0x5A, 0x51, 0x3F, 0x41, 0x63, 0x42, 0x9B, 0x28, 0x2A, 0xFB, 0xD4, 0x74, 0xCE, 0x7C,
    0x0A, 0xA9, 0x3A, 0xF4, 0x5A, 0xBF, 0x0B, 0xDA, 0xF8, 0x77, 0xEF, 0x35, 0xB0, 0x16, 0xFA, 0x61,
    0x3F, 0x3E, 0xFA, 0x89, 0xEF, 0x57, 0xB4, 0xD6, 0x75, 0x52, 0xC7, 0x4D, 0x5C, 0x2F, 0x7D, 0x14,
    0x68, 0x0B, 0x56, 0xC7, 0x0F, 0x29, 0x9F, 0xD4, 0x9E, 0xD6, 0xEC, 0x60, 0xD4, 0x7D, 0x13, 0xF5,
    0x34, 0x4F, 0xEB, 0x88, 0x46, 0xB6, 0xBA, 0x47, 0xCB, 0x7A, 0xE4, 0xAF, 0xC3, 0x91, 0xBF, 0x5E,
    0xC5, 0xD3, 0x7F, 0x53, 0xF2, 0x3F, 0x2B, 0x69, 0x5E, 0xCE, 0x86, 0x9B, 0xFF, 0xFC, 0x33, 0xC3,
    0x8A, 0x0D, 0xA9, 0xCE, 0xD9, 0x83, 0xFD, 0x5F, 0xDC, 0x27, 0x47, 0x23, 0xB8, 0x89, 0xFD, 0x1E,
    0x3A, 0x9F, 0x51, 0xD5, 0x16, 0x58, 0x9E, 0x86, 0x6A, 0x90, 0x4F, 0xC0, 0xF9, 0xBA, 0xDC, 0xB8,
    0xDE, 0x73, 0x00, 0xA1, 0x6B, 0xD6, 0x79, 0xEC, 0x1A, 0x68, 0x3C, 0x41, 0x76, 0x12, 0x14, 0x1B,
    0x70, 0xEA, 0x46, 0x42, 0xA0, 0xCD, 0x42, 0x02, 0x51, 0x70, 0xB9, 0x51, 0xDB, 0xF6, 0xF9, 0x00,
    0xB5, 0x4F, 0xDE, 0x18, 0x69, 0x0C, 0x59, 0x83, 0xB3, 0xD9, 0x81, 0x63, 0x82, 0x7C, 0x76, 0xB0,
    0x50, 0xCD, 0x8E, 0xF8, 0xB5, 0x04, 0x50, 0x8A, 0x3B, 0x12, 0xAD, 0x75, 0xAE, 0x53, 0xF9, 0x5E,
    0x21, 0x05, 0x34, 0xAF, 0xA7, 0x83, 0x2B, 0x46, 0xA9, 0x46, 0xED, 0xE3, 0x93, 0xFE, 0xF1, 0xCC,
    0xBE, 0x6B, 0x2B, 0xE8, 0xF2, 0x7E, 0x0B, 0xA5, 0x58, 0x4B, 0xDC, 0x14, 0x65, 0x86, 0xD9, 0xDF,
    0x93, 0xA8, 0xBD, 0x25, 0x61, 0x77, 0x17, 0xF6, 0x67, 0xF9, 0x1C, 0xC1, 0x36, 0x14, 0x50, 0xBA,
    0x0C, 0xA6, 0x22, 0x81, 0xBC, 0x51, 0x02, 0xA9, 0x18, 0xBC, 0xBE, 0x25, 0x8D, 0x5C, 0x83, 0x7B,
    0x4B, 0xF2, 0xBB, 0xE8, 0x23, 0xCB, 0x83, 0x3E, 0x69, 0xA0, 0xAE, 0xBD, 0x54, 0xAF, 0x8C, 0xAA,
    0xC6, 0xD4, 0x67, 0xD4, 0xA9, 0xC2, 0xB8, 0x07, 0x39, 0x83, 0xDC, 0xE6, 0x23, 0xDA, 0x74, 0x68,
    0x5B, 0x2E, 0x6E, 0x59, 0x88, 0xBB, 0xA8, 0x4B, 0xAA, 0x58, 0x89, 0xF3, 0x99, 0x17, 0xE9, 0xC2,
    0x99, 0x6B, 0x4B, 0x65, 0xE1, 0x95, 0x29, 0x0A, 0xAD, 0x55, 0x3B, 0x57, 0x54, 0xCF, 0x59, 0x89,
    0xF3, 0xB9, 0xA2, 0xAD, 0x59, 0xB9, 0xA6, 0x02, 0xAC, 0xA4, 0x27, 0x5A, 0x41, 0xEB, 0x4C, 0x2B,
    0x68, 0xFD, 0x6F, 0x1D, 0xC7, 0x0A, 0x6B, 0xEF, 0x7F, 0x3A, 0x72, 0x25, 0x2E, 0x83, 0x9F, 0x76,
    0x70, 0xA2, 0x7D, 0x2A, 0xF1, 0x2B, 0x3A, 0xC8, 0x35, 0x49, 0xD5, 0x1A, 0xC3, 0x3C, 0xAA, 0x05,
    0x15, 0x10, 0xDC, 0x6B, 0x25, 0xA0, 0x6A, 0x69, 0x88, 0x50, 0x87, 0xB5, 0x56, 0xE2, 0x32, 0x32,
    0x53, 0x04, 0x8B, 0x6A, 0x15, 0x62, 0xAE, 0xB7, 0x0E, 0x97, 0x4A, 0x3F, 0x57, 0x82, 0x45, 0xD7,
    0x3F, 0x2D, 0x13, 0x6E, 0x2D, 0x95, 0xE1, 0x5C, 0x26, 0x44, 0x67, 0x30, 0x01, 0xDA, 0xAE, 0x4C,
    0xA0, 0xCA, 0x2B, 0x13, 0x68, 0x3F, 0x94, 0x09, 0x19, 0x94, 0x59, 0x99, 0x40, 0x4B, 0xA2, 0x4C,
    0x48, 0x50, 0x51, 0x26, 0xA0, 0x87, 0x46, 0x99, 0x60, 0x46, 0x41, 0xC9, 0x50, 0x0D, 0x23, 0x19,
    0x77, 0x8D, 0x09, 0xE2, 0x6B, 0x64, 0x44, 0xFB, 0xD0, 0xCE, 0x86, 0x96, 0x16, 0x47, 0x63, 0x8A,
    0xBB, 0xD2, 0x29, 0xE6, 0x7E, 0xE7, 0xB7, 0xDA, 0x3A, 0xFA, 0xDD, 0x7B, 0xAD, 0xB6, 0x4E, 0xE9,
    0x1F, 0xD9, 0x3A, 0xA1, 0x29, 0x0A, 0xDA, 0xC5, 0xD6, 0xB1, 0xE5, 0x9E, 0xA8, 0x61, 0xD2, 0xE7,
    0x68, 0x9D, 0x94, 0x59, 0x34, 0x51, 0xE8, 0x87, 0x88, 0xC0, 0xD6, 0x05, 0x6A, 0xEE, 0x60, 0xAC,
    0x62, 0x25, 0x15, 0xB7, 0x12, 0x63, 0x9E, 0xB6, 0x36, 0xDB, 0x75, 0x53, 0xE3, 0xD2, 0x87, 0x33,
    0xA3, 0x60, 0xC5, 0xD0, 0x9A, 0xC6, 0x20, 0x6E, 0xD1, 0xDA, 0x95, 0xB4, 0x65, 0x51, 0xED, 0x59,
    0x25, 0xC9, 0x83, 0x8F, 0x4B, 0x5A, 0xB6, 0x3D, 0x89, 0xF7, 0x4B, 0x9A, 0xB7, 0x9B, 0xF2, 0x72,
    0xCA, 0x69, 0x44, 0xEB, 0x5D, 0x04, 0x72, 0xD5, 0x3D, 0xB4, 0xEE, 0x19, 0xBF, 0x62, 0x6C, 0xBF,
    0xD5, 0x4A, 0x84, 0xF9, 0xD6, 0x4A, 0x82, 0x80, 0x57, 0x2B, 0x7B, 0xF2, 0xB2, 0x68, 0xE5, 0x26,
    0x4D, 0xD3, 0xA4, 0x93, 0x94, 0xA9, 0xF7, 0x24, 0xE6, 0x7A, 0x8B, 0x98, 0x6B, 0x25, 0x9A, 0x43,
    0xC4, 0x79, 0x92, 0xD4, 0x3B, 0x21, 0xFC, 0x40, 0x6F, 0xA3, 0x7D, 0x58, 0xF7, 0xF2, 0x63, 0x4B,
    0xC5, 0x96, 0xDB, 0x1F, 0x9A, 0x7C, 0x9A, 0xB2, 0x0A, 0x7C, 0x61, 0x7C, 0x87, 0xE1, 0x62, 0x90,
    0x9A, 0xB5, 0x66, 0xB1, 0x2B, 0xF1, 0xDE, 0xAD, 0xE0, 0x3B, 0xF1, 0x19, 0x2B, 0x04, 0x13, 0xB0,
    0x9B, 0x7D, 0xDA, 0x5F, 0x6E, 0x43, 0x86, 0x19, 0x15, 0xC5, 0x2F, 0xB2, 0xCE, 0xD9, 0x8F, 0x58,
    0x5B, 0xCE, 0xDF, 0xDA, 0x46, 0xAB, 0x4A, 0xFB, 0x3A, 0xCF, 0x4C, 0xBE, 0xED, 0x91, 0x34, 0xAA,
    0x11, 0x65, 0xDD, 0x1C, 0x5C, 0x01, 0x23, 0xA7, 0xDD, 0x84, 0xBF, 0x50, 0x69, 0x8C, 0xDF, 0xB6,
    0xE2, 0xEF, 0x7A, 0x9D, 0x1E, 0x0B, 0xF5, 0xF6, 0x7C, 0x2D, 0xAE, 0x59, 0xDC, 0x74, 0xA8, 0xA1,
    0x19, 0x18, 0x54, 0x89, 0xAA, 0x03, 0xC3, 0x68, 0xCE, 0x50, 0xAD, 0xC2, 0x44, 0xC2, 0x42, 0x86,
    0x03, 0x16, 0x18, 0x75, 0x1A, 0x7D, 0x32, 0x82, 0x43, 0x14, 0xCC, 0x50, 0x3C, 0xB5, 0xF8, 0x71,
    0x4F, 0x23, 0x55, 0x4E, 0xB5, 0x86, 0x7E, 0x16, 0xEF, 0x91, 0x90, 0x2A, 0xD7, 0x31, 0x5D, 0x53,
    0x40, 0xCE, 0x52, 0x37, 0x21, 0x16, 0xC6, 0x4C, 0xE8, 0xC0, 0xA6, 0x70, 0x81, 0x91, 0x9B, 0xCC,
    0xC2, 0xA1, 0x64, 0x7A, 0x46, 0xFB, 0x2C, 0x8D, 0x9E, 0xC8, 0x73, 0x43, 0xF4, 0x4B, 0x33, 0x0D,
    0xB2, 0x85, 0x7C, 0xA4, 0x11, 0xBA, 0xA4, 0xFF, 0xA1, 0x08, 0xDE, 0xA2, 0xEE, 0x88, 0xBC, 0x2B,
    0xA1, 0x3C, 0x7A, 0x3D, 0xCB, 0xB4, 0xC7, 0x77, 0x94, 0x84, 0x6C, 0x08, 0x54, 0xAC, 0xDD, 0x8F,
    0x58, 0xB4, 0x95, 0xA2, 0x24, 0x17, 0x06, 0x39, 0xF7, 0x7A, 0x96, 0x89, 0x3E, 0x30, 0x37, 0xE1,
    0x7E, 0xE0, 0xE6, 0x22, 0x3F, 0xFE, 0x36, 0xDF, 0x7B, 0xFE, 0x88, 0x96, 0x17, 0x64, 0x0B, 0xF9,
    0xD0, 0x96, 0xD7, 0xF1, 0x6D, 0x43, 0x57, 0x1D, 0x2E, 0x6C, 0xAD, 0x7D, 0xFB, 0xAF, 0xCE, 0x1E,
    0x69, 0xAC, 0xC1, 0xF3, 0x63, 0xDD, 0xB8, 0xF0, 0x56, 0xC2, 0xDD, 0xB2, 0x04, 0x8F, 0x6F, 0x5B,
    0xBC, 0x23, 0x09, 0x10, 0xE4, 0x9A, 0x40, 0x32, 0x62, 0xCA, 0x6E, 0x6E, 0xB1, 0x42, 0x57, 0x3E,
    0xB2, 0x72, 0x95, 0xEE, 0xDC, 0x88, 0xA0, 0xC3, 0x9E, 0x17, 0xE9, 0x0D, 0x2A, 0x5F, 0x51, 0x67,
    0x87, 0x4A, 0xAC, 0x2C, 0x44, 0x85, 0xDE, 0x36, 0x5D, 0xBD, 0x36, 0xAD, 0x68, 0x34, 0x32, 0x1D,
    0x4B, 0x95, 0x6B, 0xAE, 0x0C, 0x82, 0x67, 0x32, 0xA5, 0xD8, 0x1E, 0x06, 0xCD, 0xD6, 0x1C, 0x5E,
    0xCF, 0x7A, 0x46, 0x78, 0x60, 0x15, 0x86, 0x07, 0xF4, 0x78, 0x4A, 0x2D, 0x2A, 0x2F, 0x13, 0x23,
    0x5F, 0xA9, 0x1F, 0xAD, 0x72, 0x97, 0xC4, 0x86, 0x08, 0x4C, 0x26, 0x92, 0xCB, 0x21, 0x46, 0x12,
    0xAC, 0x15, 0xE0, 0x7C, 0x43, 0xEE, 0x70, 0xE8, 0x5F, 0xB6, 0x33, 0x2F, 0xE1, 0x00, 0xAB, 0x8E,
    0xB3, 0x18, 0x77, 0xE4, 0x5E, 0xD0, 0xD3, 0xD4, 0xFB, 0x83, 0x66, 0x71, 0x06, 0x4D, 0xE8, 0x1C,
    0x92, 0xF1, 0x72, 0x35, 0xD5, 0x39, 0xD5, 0xCC, 0xCD, 0xA7, 0x82, 0xF6, 0x7C, 0x62, 0x62, 0xD5,
    0x2D, 0x61, 0xC6, 0x9C, 0xC8, 0xB8, 0xEA, 0x3B, 0x8D, 0x89, 0xE8, 0x8D, 0x07, 0x49, 0x07, 0x3E,
    0x37, 0x2F, 0xE9, 0x2B, 0x4D, 0x6D, 0xF8, 0xF7, 0x95, 0xB1, 0x26, 0x4E, 0xEA, 0x68, 0xBC, 0x7D,
    0x15, 0x31, 0x0B, 0x61, 0x14, 0x66, 0x2A, 0x7B, 0x89, 0xDD, 0xBD, 0xBE, 0x71, 0xD1, 0xB6, 0x72,
    0x36, 0x07, 0x3D, 0xFB, 0x67, 0x73, 0xCF, 0xB3, 0x77, 0xDE, 0x88, 0x6F, 0xA5, 0x0C, 0xA8, 0x54,
    0x96, 0xFC, 0xB5, 0x5C, 0x1E, 0x28, 0x38, 0x9E, 0x42, 0x2E, 0xEB, 0xD7, 0x5C, 0xAC, 0x11, 0xFE,
    0xD5, 0xEC, 0xEA, 0x36, 0x30, 0xDE, 0x82, 0xA9, 0xA6, 0x61, 0xDC, 0x06, 0xAE, 0x39, 0xC9, 0xA7,
    0x9E, 0xD9, 0x91, 0xD3, 0x3D, 0xE0, 0x06, 0x61, 0xA2, 0x30, 0x53, 0x78, 0x40, 0x1C, 0x2E, 0xAC,
    0x15, 0x9F, 0x69, 0x86, 0x8B, 0xFF, 0x35, 0xF7, 0x6B, 0xDE, 0xB7, 0xE8, 0x36, 0x1D, 0x99, 0xEB,
    0xDD, 0xF2, 0xBC, 0xCF, 0x02, 0x45, 0xDF, 0x3E, 0xF6, 0xAD, 0x66, 0x2E, 0xCC, 0xB3, 0x9A, 0x63,
    0xBD, 0xA5, 0xCB, 0xF1, 0x47, 0xDC, 0xEA, 0x33, 0x40, 0xD7, 0x9E, 0xFA, 0x09, 0x57, 0x92, 0x30,
    0xF7, 0x21, 0x25, 0xD3, 0xEA, 0x7B, 0x67, 0xFB, 0x8F, 0x2F, 0x3F, 0x45, 0x5F, 0xD5, 0x78, 0x39,
    0xED, 0x24, 0x9E, 0xC4, 0xC3, 0xB2, 0x82, 0x11, 0x78, 0xAE, 0x98, 0x8F, 0xF8, 0xBF, 0x00, 0x0A,
    0xD1, 0xF0, 0x8F, 0xF8, 0x47, 0x14, 0x6E, 0x5D, 0x89, 0xD7, 0x72, 0xAD, 0x89, 0x91, 0xAA, 0x26,
    0x98, 0x34, 0x09, 0x33, 0xB3, 0xE8, 0x8B, 0x1E, 0x88, 0x79, 0x74, 0xBA, 0x16, 0xC7, 0x15, 0xFC,
    0x20, 0xF1, 0x47, 0x93, 0x70, 0x6D, 0xFD, 0x5D, 0x66, 0x08, 0xE6, 0x0B, 0x2B, 0x2D, 0xFD, 0x78,
    0x55, 0x63, 0xC9, 0x90, 0x2F, 0xFA, 0x83, 0x7E, 0x97, 0x31, 0xB0, 0x70, 0xC2, 0xDA, 0xA3, 0xAA,
    0xAB, 0xC6, 0xD5, 0x2C, 0xF9, 0x7D, 0xFB, 0x7A, 0x92, 0xB8, 0xD0, 0xF8, 0xDE, 0x33, 0xFF, 0x4A,
    0x57, 0x5E, 0xDC, 0x7F, 0x8D, 0x29, 0x7F, 0x5A, 0xE5, 0xB5, 0x19, 0x71, 0xFC, 0xCA, 0x22, 0x6B,
    0xB4, 0x80, 0x8B, 0x64, 0x81, 0x45, 0x97, 0x7A, 0x65, 0xB5, 0xDF, 0x74, 0x3A, 0x2C, 0x82, 0xA5,
    0xA0, 0xA7, 0xCB, 0x37, 0xC5, 0xA5, 0x37, 0xEF, 0xAF, 0x8E, 0xEF, 0x6D, 0x17, 0xA1, 0x35, 0x8F,
    0xE6, 0x3E, 0xAD, 0x48, 0x6D, 0xA0, 0x42, 0x87, 0x65, 0x2A, 0x9E, 0xB8, 0x8C, 0x86, 0x99, 0xF9,
    0x8A, 0xB5, 0xE5, 0x5A, 0x35, 0x60, 0x4D, 0x6D, 0x02, 0x8B, 0xFE, 0xCF, 0xD4, 0xB8, 0xB8, 0x7F,
    0xA0, 0xA8, 0xFF, 0x52, 0x73, 0x02, 0x92, 0x47, 0xDD, 0x39, 0xE1, 0x5B, 0x05, 0xFB, 0x13, 0xBB,
    0xA9, 0x42, 0x87, 0x28, 0x42, 0xDA, 0xA1, 0xE2, 0x8E, 0xE6, 0x91, 0x52, 0xF1, 0xFE, 0x30, 0x69,
    0xF1, 0xBF, 0x4E, 0x8B, 0x1E, 0xF4, 0xB3, 0xC0, 0x5A, 0x91, 0x05, 0xBC, 0x26, 0x0B, 0xDD, 0x05,
    0xF0, 0x7A, 0xE0, 0xC5, 0x02, 0xC2, 0xCB, 0x02, 0xC8, 0xB2, 0x00, 0xC7, 0xB4, 0xC8, 0x6A, 0x2D,
    0xD2, 0x56, 0x8B, 0xB8, 0xD3, 0x22, 0x1C, 0xB5, 0x08, 0x26, 0x2D, 0x3C, 0xA7, 0x85, 0x54, 0xEF,
    0x69, 0x91, 0x7D, 0xAC, 0x45, 0xEA, 0xB4, 0xE0, 0x4E, 0x0D, 0x3D, 0xBA, 0x93, 0x4A, 0xE5, 0x56,
    0x0B, 0xB5, 0x9F, 0x57, 0x8C, 0x0A, 0x73, 0xB7, 0x9A, 0x9C, 0xA1, 0xDF, 0x1B, 0xE7, 0xB0, 0xCE,
    0x6E, 0x46, 0xDB, 0xD9, 0x3B, 0x6F, 0x35, 0x67, 0xD0, 0x07, 0x0D, 0xE7, 0x74, 0xA6, 0xD3, 0x7B,
    0xEA, 0x51, 0xA8, 0xE0, 0xA3, 0x25, 0xD2, 0xD7, 0xE6, 0x6E, 0x9C, 0xED, 0xE4, 0x54, 0xA5, 0x3A,
    0xEF, 0xAC, 0x4E, 0xA8, 0x97, 0x59, 0xA3, 0x6E, 0x3D, 0x6D, 0x75, 0xD0, 0xA4, 0xDB, 0x2E, 0xE2,
    0xB3, 0x8A, 0xE5, 0x91, 0x36, 0x63, 0xBB, 0xA4, 0x49, 0x5B, 0x4D, 0x29, 0xCE, 0x7D, 0x72, 0xD1,
    0x2E, 0x45, 0x1E, 0x5A, 0xB0, 0x06, 0x1B, 0xA4, 0xD9, 0x1B, 0xA0, 0x15, 0x92, 0x0D, 0xFD, 0x92,
    0x4F, 0x77, 0x66, 0x77, 0xFA, 0x2D, 0x1A, 0xC4, 0x37, 0x33, 0x31, 0xCF, 0xED, 0x4C, 0xFC, 0x1C,
    0x7E, 0xDA, 0x6A, 0x65, 0x5E, 0xCA, 0x3C, 0x87, 0xB4, 0x7F, 0x60, 0x1C, 0x30, 0x32, 0x43, 0x8B,
    0xC0, 0x13, 0x8B, 0xB9, 0x0B, 0x8B, 0xB2, 0x07, 0x0D, 0x54, 0xBD, 0x46, 0xFE, 0xE2, 0xF9, 0x64,
    0x41, 0x6A, 0x41, 0x5C, 0xB5, 0xE8, 0xFB, 0x3F, 0x92, 0x1F, 0x1F, 0x3A, 0x93, 0xFD, 0xA8, 0x7D,
    0x54, 0xD5, 0x9F, 0x23, 0xDA, 0x0F, 0x75, 0x35, 0xE2, 0x3B, 0x0D, 0x8B, 0x03, 0x2B, 0xE6, 0x6F,
    0xF3, 0xBD, 0xE7, 0x97, 0x76, 0xC9, 0x77, 0xA1, 0xF9, 0x05, 0x82, 0x84, 0x14, 0xEE, 0x32, 0xEC,
    0x8E, 0x10, 0xBE, 0x0C, 0x96, 0x90, 0xE2, 0x80, 0x15, 0x16, 0x4E, 0x0F, 0x07, 0x08, 0x40, 0x05,
    0x8F, 0x90, 0xD6, 0x47, 0xA8, 0x5D, 0x9D, 0x17, 0x11, 0xDA, 0x85, 0xF7, 0xAE, 0xB2, 0x01, 0x0B,
    0x01, 0xB2, 0xE1, 0xC7, 0xB5, 0xB2, 0xC1, 0x29, 0x1B, 0xE2, 0x13, 0x6C, 0x88, 0x9C, 0x7A, 0x8D,
    0xC4, 0x29, 0x1B, 0x32, 0x63, 0xC3, 0xA8, 0x6C, 0x08, 0x7A, 0x65, 0x43, 0xD4, 0x28, 0x8D, 0x69,
    0xA9, 0x45, 0x61, 0x84, 0x8F, 0x5A, 0x70, 0xA7, 0x19, 0x45, 0xDC, 0x68, 0x91, 0x96, 0xCA, 0x86,
    0x23, 0x65, 0xC3, 0x47, 0xF4, 0x2D, 0x75, 0xF2, 0x7B, 0xDD, 0x4F, 0x8E, 0xA9, 0xB2, 0x60, 0x03,
    0xE7, 0xC3, 0xD1, 0xB2, 0x93, 0x0D, 0x9E, 0xB1, 0x21, 0x70, 0xCA, 0x86, 0xF8, 0x57, 0xCA, 0x86,
    0xF4, 0x6F, 0x95, 0x0D, 0x7F, 0xBD, 0xB0, 0x21, 0x98, 0x49, 0x5A, 0x3C, 0x5B, 0x34, 0xCD, 0x46,
    0x71, 0x59, 0x9B, 0xA7, 0x73, 0x10, 0xE5, 0x2F, 0xAE, 0xEF, 0xE2, 0x96, 0x3C, 0x70, 0xED, 0x0B,
    0xFA, 0x37, 0xA5, 0x2E, 0xDE, 0xD9, 0xC2, 0xCD, 0x2B, 0x2B, 0x37, 0x27, 0xA4, 0xFF, 0xBF, 0xCA,
    0xEA, 0x71, 0x65, 0x4E, 0x9E, 0x88, 0xAE, 0x99, 0x35, 0x4E, 0x99, 0xB7, 0xA0, 0x6E, 0xA9, 0x54,
    0xD9, 0xBA, 0x1E, 0xE4, 0x2A, 0xE5, 0xFE, 0xBC, 0x85, 0xC9, 0x45, 0xBD, 0x6C, 0x0E, 0x2B, 0xE8,
    0xF5, 0xD6, 0x3C, 0xE7, 0xE3, 0xCC, 0xA0, 0xB9, 0x4C, 0xFB, 0x13, 0xF9, 0x5A, 0x7F, 0xFE, 0x7A,
    0x32, 0x61, 0xFB, 0x27, 0xC0, 0x9F, 0x2B, 0x72, 0x22, 0x76, 0x90, 0xF9, 0x70, 0x45, 0xE0, 0xCC,
    0x7C, 0xC4, 0x1F, 0xD9, 0xBA, 0x39, 0xCB, 0x13, 0x6D, 0xF0, 0x5D, 0xF1, 0xCB, 0x47, 0xED, 0xCA,
    0xF3, 0xCF, 0xA7, 0x25, 0x22, 0x67, 0x74, 0xAE, 0x65, 0x63, 0xCF, 0x2D, 0xDF, 0x4F, 0x47, 0xEC,
    0x7F, 0x6A, 0xFC, 0x11, 0xF9, 0xC9, 0xF6, 0xF6, 0xC0, 0xBC, 0x29, 0xA2, 0x19, 0x0A, 0x18, 0xE6,
    0xFC, 0x9C, 0xED, 0x01, 0xF2, 0x23, 0x73, 0xFD, 0x5C, 0xD0, 0xFC, 0xD1, 0x6E, 0x39, 0xDB, 0x72,
    0x43, 0x80, 0xAD, 0xC1, 0xAF, 0x6D, 0x73, 0xC1, 0xFA, 0x32, 0x82, 0xC5, 0x02, 0x83, 0xF8, 0x06,
    0x93, 0xA2, 0x89, 0xD8, 0x56, 0x77, 0xAB, 0xAA, 0x5C, 0xC7, 0xCB, 0xFE, 0x5D, 0xC7, 0x4B, 0x7E,
    0xA3, 0x36, 0x2F, 0x5E, 0x52, 0x90, 0xA6, 0xE0, 0x26, 0xC7, 0x96, 0x65, 0xFC, 0xEC, 0xC5, 0xDC,
    0x8B, 0xB3, 0xC0, 0x42, 0x8B, 0x4A, 0xCF, 0x38, 0x10, 0x68, 0xE0, 0xA5, 0xAB, 0xEA, 0x19, 0xDC,
    0xD0, 0x85, 0xF8, 0x43, 0x5D, 0x8D, 0x37, 0xF8, 0xAD, 0xE8, 0x01, 0x42, 0x1E, 0xB3, 0xF1, 0xD7,
    0x5C, 0xDD, 0x3B, 0x3E, 0xB7, 0x01, 0xFA, 0xD5, 0xE3, 0x8D, 0x80, 0x8F, 0x44, 0x03, 0x5B, 0xB4,
    0x6C, 0x5B, 0x02, 0x30, 0x13, 0xB0, 0xDA, 0xEE, 0xDE, 0xB7, 0x94, 0xE1, 0x34, 0x0F, 0xBE, 0xD8,
    0xAC, 0x82, 0x32, 0x15, 0x68, 0x36, 0x34, 0xBE, 0x47, 0x87, 0x0A, 0x77, 0x33, 0xE9, 0x6C, 0x1E,
    0x2D, 0xFF, 0x93, 0x6E, 0x3E, 0xDA, 0x3E, 0xE6, 0xA4, 0x1E, 0x61, 0x22, 0x6F, 0x41, 0x22, 0x64,
    0x30, 0xE3, 0x9A, 0x85, 0x70, 0x4F, 0x8F, 0x41, 0x1C, 0x29, 0x5C, 0x2B, 0x74, 0x06, 0x4B, 0x42,
    0xEE, 0x80, 0x4D, 0x9A, 0x70, 0x83, 0x48, 0xC0, 0x58, 0x4C, 0x40, 0x7F, 0x60, 0x9F, 0xC9, 0xA8,
    0x87, 0x27, 0xD6, 0x7A, 0x7C, 0xE8, 0x48, 0x26, 0x4C, 0xD3, 0x01, 0x60, 0xAD, 0xB0, 0x95, 0xBB,
    0xFE, 0x14, 0x0D, 0xFE, 0x58, 0x4C, 0x70, 0xE7, 0x1D, 0xE0, 0x7B, 0xEC, 0xCE, 0xF7, 0x6E, 0xCC,
    0x27, 0xCC, 0x8E, 0x36, 0xB6, 0x58, 0xE3, 0x04, 0x15, 0x36, 0x4F, 0x27, 0xF5, 0xA5, 0x47, 0xD5,
    0x69, 0xE7, 0x86, 0x72, 0xA0, 0xA4, 0x2E, 0x61, 0x8D, 0x58, 0x62, 0xD9, 0x98, 0x95, 0xCC, 0x9C,
    0xD6, 0x9E, 0x9E, 0xF4, 0xD2, 0x29, 0x5B, 0xC0, 0x37, 0x1C, 0x51, 0x74, 0xC4, 0xF6, 0x87, 0x13,
    0x05, 0x7A, 0xA2, 0xAD, 0x9B, 0x28, 0xEA, 0x04, 0x1E, 0xBF, 0x72, 0xBD, 0xD6, 0xC6, 0x6B, 0x5D,
    0x02, 0x8E, 0x81, 0xEB, 0xB2, 0x41, 0x2E, 0xC9, 0x4E, 0x3E, 0x1F, 0xBA, 0xD3, 0x93, 0x10, 0xC4,
    0x4D, 0x97, 0x52, 0x2A, 0xE1, 0xBA, 0xF7, 0x77, 0x45, 0x9E, 0x22, 0x6A, 0xBE, 0x6E, 0x1A, 0xF7,
    0xCB, 0x3A, 0x2F, 0x23, 0x6A, 0x47, 0x98, 0x72, 0xAF, 0x0F, 0xA1, 0x30, 0xB5, 0xD7, 0x51, 0xD1,
    0x2E, 0x3E, 0x1D, 0xAE, 0xD9, 0x36, 0xC0, 0x5F, 0x42, 0x1A, 0x1F, 0xBE, 0x2F, 0x91, 0x6D, 0x28,
    0xEC, 0x97, 0x67, 0x9B, 0xC6, 0x27, 0x85, 0x95, 0xD7, 0x43, 0xDE, 0x83, 0x11, 0xF6, 0x23, 0x9C,
    0xF4, 0xA8, 0x1A, 0x6A, 0xFA, 0xDB, 0x53, 0xC5, 0xCA, 0x32, 0xE1, 0x3A, 0x79, 0x07, 0xFB, 0xE0,
    0xDC, 0x07, 0xF1, 0x02, 0xF4, 0x6B, 0xB6, 0xDE, 0x24, 0xCB, 0x9F, 0x3C, 0x6A, 0x3B, 0xD7, 0xB9,
    0x47, 0xC0, 0xE6, 0x39, 0x6D, 0x0B, 0xF4, 0xF6, 0xD7, 0x36, 0x22, 0xD4, 0x3E, 0xE4, 0x78, 0xBE,
    0xD3, 0x5E, 0x6A, 0xAA, 0x05, 0xCC, 0x56, 0x49, 0x6B, 0xA1, 0x66, 0x72, 0x29, 0x2D, 0x35, 0xF3,
    0x0D, 0xA7, 0x59, 0x44, 0xF4, 0xB3, 0x5E, 0xAD, 0x6E, 0x10, 0x13, 0xB5, 0x5A, 0x40, 0x66, 0x3D,
    0x07, 0x1E, 0xEE, 0x44, 0x59, 0xDA, 0x16, 0x12, 0x10, 0x43, 0x54, 0xFC, 0xE7, 0xC4, 0xED, 0x57,
    0x3C, 0x71, 0x18, 0x3B, 0x17, 0xD2, 0x1A, 0x32, 0x32, 0x61, 0xBA, 0x86, 0x67, 0x1E, 0x94, 0x17,
    0xB2, 0xD2, 0x45, 0x6F, 0x6F, 0x46, 0x11, 0x61, 0x3B, 0x16, 0x05, 0xDC, 0x38, 0x82, 0xD1, 0xA9,
    0xEA, 0x94, 0x47, 0x16, 0x34, 0x2C, 0x57, 0x2D, 0x3E, 0x0D, 0xEA, 0xCD, 0x11, 0xD4, 0x66, 0xF6,
    0x76, 0x74, 0x5D, 0x3E, 0x7B, 0x49, 0x68, 0x7C, 0xD7, 0xF3, 0x49, 0x5B, 0xEF, 0x81, 0xEE, 0x7E,
    0x6E, 0xFC, 0xC8, 0x9B, 0x7A, 0x36, 0x0E, 0x6D, 0x5E, 0x60, 0x92, 0x52, 0x8F, 0x36, 0x46, 0x1A,
    0x71, 0xDF, 0x90, 0xD9, 0x68, 0xD8, 0x49, 0x56, 0xB6, 0xD0, 0x35, 0x8E, 0xED, 0xD9, 0xE8, 0x56,
    0x71, 0x94, 0x3F, 0x2A, 0x6F, 0x46, 0x42, 0x37, 0x93, 0x30, 0xDA, 0xDA, 0x8B, 0xE7, 0x4A, 0x84,
    0x87, 0x81, 0xF5, 0xB4, 0x1A, 0xC1, 0x72, 0x98, 0xAD, 0xCC, 0x7E, 0xB8, 0x5A, 0x9D, 0x4F, 0x02,
    0x24, 0x26, 0x28, 0xE1, 0xB1, 0x92, 0x5A, 0x8E, 0x49, 0xD0, 0x31, 0xEC, 0x18, 0x85, 0x5A, 0xD7,
    0xA4, 0x5B, 0x1A, 0xAE, 0x97, 0xF8, 0x37, 0x38, 0x4B, 0x47, 0x9F, 0x18, 0x6A, 0x6F, 0x2D, 0x0E,
    0x2E, 0x70, 0xF9, 0xEC, 0xBD, 0xD3, 0xB7, 0xC1, 0xC0, 0x03, 0x46, 0x01, 0x3D, 0xDD, 0x44, 0x3E,
    0xEF, 0x54, 0x3E, 0x69, 0xD4, 0x0E, 0x98, 0x43, 0x71, 0xDF, 0x67, 0xDC, 0x76, 0xDB, 0x59, 0xCD,
    0x7E, 0x3B, 0xF3, 0x7A, 0x42, 0x58, 0xBD, 0x65, 0x7A, 0xC6, 0x53, 0x9F, 0x0C, 0x8E, 0xE8, 0x2C,
    0x77, 0x4F, 0x06, 0x9D, 0x13, 0xFF, 0x5F, 0x9C, 0x34, 0x84, 0xF9, 0x14, 0xFF, 0x88, 0x2B, 0xB0,
    0x22, 0x66, 0x6E, 0x20, 0xD6, 0xD3, 0x4A, 0x55, 0x8E, 0x5F, 0x60, 0x5D, 0xE0, 0xC2, 0x4F, 0x79,
    0xBA, 0xCF, 0xDF, 0x33, 0xB7, 0x7C, 0x2A, 0xDA, 0x94, 0x1A, 0xB3, 0xDC, 0x4A, 0xFC, 0x9F, 0x3D,
    0x22, 0xE7, 0x43, 0x04, 0x71, 0x09, 0x7C, 0xD5, 0xC9, 0xC9, 0xA5, 0xF6, 0xF3, 0xE3, 0x15, 0xD4,
    0xB0, 0xF9, 0xDC, 0xCE, 0x67, 0xF9, 0xA4, 0x1D, 0x4D, 0x64, 0xC9, 0x4F, 0x9A, 0xEF, 0xF1, 0x18,
    0x31, 0x8F, 0x10, 0x97, 0x2C, 0xF9, 0xFD, 0xAC, 0xEB, 0x8B, 0x1C, 0xD3, 0x02, 0xB3, 0x83, 0x3B,
    0x58, 0xA1, 0x17, 0x6B, 0xD8, 0x65, 0x4F, 0x8F, 0x4E, 0x68, 0x60, 0xAC, 0x1B, 0x95, 0x77, 0x19,
    0x73, 0x6B, 0x72, 0x24, 0xD7, 0x7D, 0x4A, 0xCD, 0x88, 0xC0, 0xA1, 0x87, 0xEB, 0x57, 0x06, 0xB0,
    0xEB, 0x37, 0xA3, 0xEF, 0xFE, 0x75, 0x3D, 0x82, 0xFF, 0xE9, 0xC8, 0xD8, 0x77, 0x64, 0x1C, 0x3C,
    0xE2, 0xF1, 0x05, 0x94, 0xDB, 0x60, 0xE0, 0x6F, 0x0A, 0x78, 0x18, 0x38, 0xEC, 0x12, 0xF0, 0xB6,
    0x61, 0x4E, 0x9E, 0xD6, 0xBD, 0x30, 0x17, 0x00, 0xD1, 0x69, 0x8F, 0xD3, 0x27, 0xB6, 0x9B, 0x7A,
    0x9D, 0x76, 0xEB, 0x01, 0x7E, 0xFE, 0xEA, 0x65, 0xEA, 0xDB, 0x0B, 0xCC, 0x7F, 0x3C, 0xE6, 0x42,
    0xDB, 0x6C, 0x64, 0xD4, 0x97, 0x8E, 0x9C, 0x4D, 0x6F, 0x6A, 0x99, 0x7A, 0x74, 0x8B, 0xE5, 0xAF,
    0x54, 0x24, 0x2B, 0x9D, 0xF5, 0xCF, 0x0B, 0xE9, 0x4C, 0x1C, 0x0F, 0x6C, 0x27, 0x6E, 0x34, 0x28,
    0x61, 0xB9, 0xEC, 0xE5, 0xAA, 0x29, 0xD5, 0x64, 0x91, 0xF9, 0x0E, 0x4D, 0xFE, 0x05, 0xF5, 0x19,
    0x88, 0x72, 0x3D, 0xC3, 0x25, 0x6C, 0x05, 0xEF, 0x05, 0x1C, 0xAB, 0x86, 0x7B, 0x0A, 0x1D, 0xA6,
    0x28, 0x1A, 0xD2, 0x85, 0x87, 0x13, 0x38, 0xE7, 0x13, 0x78, 0xDB, 0xA0, 0x36, 0xE0, 0x1B, 0xC3,
    0xA1, 0x83, 0x41, 0x8F, 0x49, 0x8B, 0x3B, 0x70, 0x8B, 0x2E, 0x8A, 0xDB, 0x6B, 0x5B, 0x46, 0xCB,
    0x23, 0x5A, 0x41, 0xBF, 0xE0, 0xA6, 0x06, 0x9F, 0x13, 0xAB, 0xAB, 0x26, 0xBF, 0x91, 0xA7, 0x88,
    0x9A, 0x6E, 0xAF, 0x56, 0x62, 0xDA, 0xA6, 0xEA, 0xA6, 0xFA, 0x86, 0x28, 0xFF, 0x90, 0x67, 0x23,
    0xAE, 0xC8, 0x23, 0x2A, 0xF7, 0xA4, 0x50, 0xF3, 0x2C, 0x01, 0xE3, 0x73, 0xD1, 0xF2, 0x63, 0x28,
    0x81, 0x6A, 0x46, 0xD8, 0x9F, 0x27, 0x74, 0x4F, 0x08, 0x2B, 0x35, 0x0A, 0x7C, 0xD9, 0x40, 0x68,
    0x26, 0xAC, 0x36, 0xBF, 0x6F, 0xF0, 0x34, 0xA7, 0x71, 0xF3, 0xAA, 0x88, 0xBE, 0xF0, 0xA1, 0xC0,
    0x0E, 0xCE, 0x5C, 0x3F, 0x99, 0x61, 0xD8, 0x9C, 0x91, 0xE7, 0xB1, 0xF7, 0xED, 0x9C, 0x6F, 0xBF,
    0x6C, 0x84, 0x58, 0xDB, 0x69, 0xF9, 0x0D, 0xD1, 0x93, 0x77, 0x87, 0xA6, 0xE1, 0xED, 0x66, 0xCE,
    0xB1, 0xA6, 0x4D, 0xA4, 0xFA, 0xCB, 0x15, 0x26, 0x13, 0x15, 0x0C, 0x2B, 0xE1, 0x87, 0x31, 0x5C,
    0x96, 0xF1, 0x5D, 0x1F, 0x20, 0x1C, 0x0C, 0x41, 0x97, 0x00, 0xF2, 0x34, 0x73, 0x30, 0xA4, 0x30,
    0x92, 0xC1, 0x78, 0x48, 0xB8, 0x86, 0x25, 0x47, 0x44, 0xD8, 0x68, 0x3C, 0x98, 0xD3, 0x7F, 0x80,
    0x87, 0xF4, 0x98, 0x2D, 0x9A, 0x87, 0x1F, 0x6B, 0xE4, 0x78, 0x9B, 0x83, 0x7C, 0x9D, 0x81, 0xE5,
    0x72, 0xE0, 0x78, 0x3E, 0xA1, 0xD1, 0x6F, 0xBD, 0xD7, 0x52, 0xD9, 0xF9, 0xC2, 0xF2, 0xF8, 0xD4,
    0xC7, 0x23, 0x97, 0x2E, 0x6B, 0xAA, 0x81, 0x47, 0x7E, 0x19, 0x0C, 0x8E, 0x74, 0x92, 0x21, 0x5F,
    0x20, 0xD1, 0x77, 0x3F, 0xF4, 0x10, 0xCD, 0x67, 0x82, 0xC1, 0x16, 0x44, 0x3F, 0xA4, 0x7A, 0x64,
    0x28, 0xC2, 0x23, 0xC5, 0xCE, 0x3D, 0x70, 0xEF, 0x62, 0x3E, 0x4A, 0x10, 0xE0, 0xDD, 0xB0, 0xF1,
    0xB7, 0x4E, 0x62, 0x58, 0x70, 0xAE, 0x9E, 0x7A, 0x3E, 0x31, 0x3F, 0x6E, 0xCC, 0xC2, 0x97, 0x0F,
    0x73, 0x3B, 0x71, 0xA1, 0x36, 0x5E, 0x8D, 0x02, 0xAC, 0x82, 0x86, 0xBC, 0xBF, 0x1E, 0x54, 0xFE,
    0xEF, 0xEA, 0xFB, 0x5E, 0x89, 0xE2, 0xE9, 0x7D, 0xA9, 0x30, 0x37, 0x87, 0x4D, 0xD7, 0xBD, 0xA4,
    0xDE, 0xAC, 0x7E, 0x9E, 0x23, 0xFF, 0x72, 0xC8, 0xC9, 0xB7, 0x8F, 0x05, 0xDA, 0x76, 0x61, 0x6D,
    0x3F, 0xD2, 0x72, 0xF5, 0xB6, 0x71, 0xB5, 0xFB, 0xD8, 0xAC, 0x61, 0x17, 0xBB, 0xAE, 0x70, 0x5D,
    0x82, 0x05, 0xD7, 0xC4, 0x81, 0xEC, 0x15, 0x2D, 0x06, 0xC9, 0xBD, 0xEE, 0x97, 0x70, 0x9B, 0x3A,
    0x0F, 0x74, 0xCB, 0x43, 0xCF, 0x8F, 0x37, 0x7A, 0xF4, 0xBC, 0xE5, 0xFA, 0x31, 0xEA, 0xF4, 0xAD,
    0xB4, 0x5E, 0x4F, 0xD0, 0x8F, 0x37, 0x35, 0x93, 0x65, 0x6F, 0xA6, 0xE9, 0xE8, 0xF6, 0x0A, 0x42,
    0xB6, 0xF5, 0x5E, 0x87, 0xE5, 0x77, 0x2D, 0x8B, 0xA9, 0x2F, 0x0C, 0x68, 0x6A, 0x2D, 0xD5, 0xCC,
    0x5A, 0xA1, 0x89, 0xB5, 0xEA, 0x67, 0xF4, 0x67, 0xC5, 0xC7, 0x14, 0xF3, 0xF4, 0xF8, 0xAC, 0x95,
    0x9D, 0xBC, 0xB7, 0x63, 0xF7, 0xF2, 0xE2, 0x78, 0x9C, 0x6C, 0xFF, 0x44, 0xC8, 0xB4, 0xD6, 0xC8,
    0xED, 0x4A, 0x6F, 0xAC, 0x18, 0x4E, 0xC0, 0x56, 0x4C, 0x9A, 0x1B, 0x75, 0xCA, 0xAF, 0x2A, 0x67,
    0x7C, 0xA9, 0xAB, 0x54, 0x5B, 0xDD, 0x7E, 0x12, 0xE4, 0xBB, 0x67, 0x60, 0x88, 0x6E, 0x21, 0x31,
    0x36, 0xD5, 0xDC, 0x5A, 0x19, 0x8E, 0x9A, 0x87, 0xC3, 0xB4, 0xAC, 0x69, 0x7F, 0xBC, 0x91, 0xF6,
    0xE7, 0x3C, 0xAC, 0x6C, 0x79, 0x97, 0x39, 0x5B, 0x96, 0x8F, 0x96, 0xB7, 0xE4, 0x1A, 0x2F, 0x1E,
    0xA8, 0xE4, 0xF1, 0x90, 0x76, 0x4B, 0xDD, 0x7E, 0x7F, 0xEC, 0xF5, 0xAC, 0xCC, 0xE0, 0xFF, 0x01,
    0xE5, 0x5C, 0xBD, 0x93, 0xE4, 0xC6, 0x75, 0x6F, 0x00, 0xB7, 0x07, 0x9B, 0x28, 0x09, 0x17, 0xDC,
    0xF9, 0x58, 0x96, 0x79, 0x60, 0xA0, 0x80, 0x81, 0x45, 0x24, 0x0E, 0x2E, 0xB8, 0x5D, 0x40, 0x76,
    0xC0, 0x2A, 0x3B, 0xB9, 0xE0, 0x96, 0x0C, 0xC9, 0x40, 0xF9, 0x39, 0x50, 0xC0, 0x60, 0xEF, 0x80,
    0x92, 0x02, 0x07, 0x4A, 0x2E, 0xB0, 0x22, 0x25, 0xFC, 0x0F, 0xA4, 0x40, 0x01, 0x83, 0x3D, 0x02,
    0x54, 0xC2, 0xC0, 0x81, 0x20, 0xF9, 0x2B, 0x24, 0x6C, 0x92, 0xA5, 0x72, 0xB9, 0xCA, 0x44, 0x95,
    0x40, 0x7B, 0xAE, 0x38, 0x40, 0xFB, 0xFD, 0x7E, 0xAF, 0x31, 0x83, 0xD9, 0x9D, 0xBD, 0x0F, 0xDE,
    0xC7, 0xDE, 0x2E, 0xA7, 0x76, 0xFA, 0xCD, 0xCE, 0x00, 0x8D, 0xD7, 0xEF, 0xBD, 0xEE, 0x7E, 0x9F,
    0x6D, 0xCC, 0x95, 0xFD, 0x5B, 0x46, 0x5E, 0x99, 0x1D, 0x67, 0xE0, 0xA1, 0x2F, 0x9B, 0xA3, 0xF5,
    0x6C, 0x09, 0xE0, 0xDB, 0x1A, 0x20, 0xB0, 0x0D, 0x40, 0xF8, 0xDB, 0x0E, 0x20, 0xFE, 0x99, 0x82,
    0xB7, 0x7A, 0x80, 0x24, 0x58, 0x02, 0xEC, 0xF9, 0x04, 0xBB, 0xDE, 0x00, 0x70, 0x68, 0x2C, 0xC0,
    0xC2, 0x54, 0x00, 0xBD, 0x29, 0xA4, 0x37, 0xBF, 0x33, 0x99, 0xF4, 0x16, 0xB4, 0x26, 0x15, 0x10,
    0xD6, 0x26, 0x69, 0x8D, 0x89, 0xAC, 0xB5, 0xD2, 0x5B, 0x2C, 0x40, 0x7A, 0x4B, 0x72, 0x13, 0x2E,
    0x8C, 0x49, 0xE5, 0x2A, 0xE9, 0x6D, 0x4F, 0xEE, 0x91, 0xDE, 0x0E, 0x04, 0x1B, 0x41, 0x1B, 0xDD,
    0x5B, 0x74, 0x69, 0x4C, 0x95, 0xF3, 0x99, 0xB6, 0x29, 0xAC, 0x74, 0x66, 0x87, 0x42, 0xBA, 0xC8,
    0xEC, 0xE0, 0xED, 0xEF, 0xE7, 0x82, 0xAA, 0x7C, 0xC7, 0x66, 0xEB, 0x6B, 0x07, 0xE4, 0xA8, 0x64,
    0x70, 0x21, 0x9E, 0x9B, 0x94, 0xF2, 0xB8, 0xAC, 0x14, 0xD4, 0xB3, 0xDA, 0x5B, 0xCA, 0xBF, 0x86,
    0xD8, 0x4F, 0xCD, 0x9F, 0xDB, 0x41, 0x08, 0x21, 0x4D, 0x64, 0x7F, 0x3E, 0x98, 0xA4, 0x93, 0xEF,
    0x64, 0x04, 0xD2, 0x94, 0x6C, 0x3C, 0xFC, 0x1B, 0x0C, 0x26, 0x6D, 0xE3, 0x51, 0x46, 0x30, 0x54,
    0xCB, 0xC0, 0x76, 0xD9, 0xC2, 0x5C, 0x31, 0x3B, 0x42, 0xC3, 0x9B, 0xC6, 0x43, 0x37, 0xBF, 0x32,
    0x91, 0x12, 0x24, 0x21, 0x03, 0xF2, 0xFB, 0x00, 0xA9, 0x25, 0xB1, 0x22, 0xDB, 0x29, 0xAD, 0xF3,
    0x73, 0xC5, 0x07, 0x3F, 0x37, 0xEF, 0x99, 0xA0, 0x36, 0x9D, 0x09, 0x1A, 0xAF, 0x35, 0xDE, 0x22,
    0x12, 0xAC, 0x2D, 0x06, 0x52, 0x00, 0x9B, 0xA8, 0x3F, 0x4D, 0xB6, 0x6C, 0xA7, 0xEB, 0x97, 0x8F,
    0x4B, 0xD7, 0x1B, 0x5B, 0xE8, 0xEA, 0x75, 0xDB, 0xE8, 0xDA, 0x6C, 0xA3, 0xAB, 0x99, 0xD3, 0x75,
    0xF7, 0x09, 0xE9, 0x4A, 0x4A, 0xED, 0xB2, 0xF5, 0x94, 0x86, 0x81, 0x4A, 0x79, 0x5C, 0xCF, 0x41,
    0xE2, 0xFE, 0xD3, 0x11, 0x86, 0x4E, 0xB8, 0x6E, 0x29, 0x91, 0x3D, 0x10, 0x39, 0x5A, 0x13, 0xB9,
    0x26, 0x91, 0xCD, 0x26, 0x91, 0x77, 0x06, 0x88, 0xE8, 0x80, 0x69, 0x34, 0x98, 0x78, 0xCC, 0x41,
    0xCB, 0xC7, 0x26, 0x72, 0x84, 0xC7, 0xBF, 0x89, 0xAE, 0x3E, 0x34, 0x24, 0x8A, 0xA0, 0xC9, 0xA6,
    0xA7, 0x00, 0xB7, 0xA0, 0x3D, 0xA8, 0x7D, 0x85, 0xD8, 0x11, 0xD7, 0x84, 0xD4, 0x2F, 0x1A, 0x32,
    0x04, 0x58, 0x47, 0x0B, 0x7E, 0x4D, 0xCC, 0x2F, 0xE8, 0x80, 0x6F, 0x99, 0x7B, 0x90, 0x90, 0xDF,
    0xB5, 0x8E, 0xA4, 0x59, 0x6B, 0xAA, 0x0E, 0xCC, 0x8C, 0x3B, 0x10, 0x31, 0xE8, 0x03, 0xB9, 0xC7,
    0x5F, 0x44, 0x78, 0xD4, 0x22, 0x46, 0x7B, 0x08, 0xFA, 0x9B, 0xEB, 0x29, 0x3B, 0xCF, 0xEA, 0xC7,
    0x6D, 0xF5, 0x7A, 0xDE, 0x6B, 0xD8, 0x8F, 0xC3, 0x86, 0x2C, 0xB9, 0xEE, 0x83, 0xEF, 0xF7, 0x4D,
    0x55, 0xCB, 0xB3, 0x4C, 0xBA, 0xC0, 0x75, 0x22, 0xB2, 0xA0, 0x71, 0x05, 0x06, 0x1B, 0x6F, 0x9F,
    0x62, 0x85, 0x3E, 0x88, 0x4A, 0x82, 0x26, 0xC3, 0xBF, 0x94, 0x14, 0xF4, 0x14, 0xD4, 0x5B, 0x66,
    0x3B, 0x6E, 0x4B, 0xD0, 0x43, 0x05, 0xBA, 0x0F, 0xA6, 0xC8, 0x23, 0xCC, 0xD6, 0xB8, 0x35, 0xB6,
    0x16, 0x71, 0xB2, 0xA5, 0x20, 0x77, 0x17, 0xC4, 0x37, 0xC7, 0x9A, 0x7A, 0x6A, 0xD2, 0x76, 0x7A,
    0x60, 0x2C, 0x73, 0x23, 0x0F, 0xEC, 0x17, 0x55, 0x6E, 0xC0, 0x42, 0x61, 0x66, 0x3B, 0xA1, 0x66,
    0xBA, 0xD5, 0x60, 0x84, 0x6F, 0xBA, 0x29, 0xA0, 0x9B, 0x51, 0x1E, 0x65, 0xFC, 0x1E, 0x18, 0x06,
    0xA5, 0x79, 0x63, 0x85, 0xD8, 0xD9, 0x22, 0xFC, 0xFB, 0x68, 0x46, 0x0A, 0x5A, 0x8E, 0xC9, 0x27,
    0x1D, 0x27, 0x9F, 0x74, 0x58, 0xC2, 0x16, 0x58, 0xFE, 0x76, 0xD7, 0x02, 0xF5, 0xC2, 0x09, 0xEF,
    0x73, 0xCA, 0x86, 0x9C, 0x64, 0xD1, 0xB0, 0xFE, 0xEC, 0x1F, 0x5B, 0x0E, 0xCF, 0x16, 0xC9, 0xEF,
    0x73, 0xD6, 0x4E, 0x24, 0xE7, 0x27, 0x7E, 0xB7, 0xF5, 0xF5, 0xE2, 0xC4, 0x9C, 0xC3, 0xA0, 0x20,
    0xAB, 0x50, 0xAB, 0x80, 0x8B, 0xB0, 0xD7, 0x2B, 0xC1, 0xD7, 0x49, 0xA0, 0x13, 0xE2, 0x0C, 0x52,
    0xFE, 0x12, 0x24, 0x99, 0x32, 0x4D, 0xE9, 0xA6, 0x9C, 0x53, 0xE2, 0xC9, 0x08, 0xCE, 0x02, 0x9D,
    0x0F, 0xA7, 0x45, 0x7E, 0xF3, 0x1D, 0xE3, 0x61, 0x98, 0x71, 0xC9, 0x3D, 0x21, 0xE8, 0x8B, 0x9C,
    0x3B, 0xAF, 0x6E, 0x64, 0x85, 0xCA, 0xBD, 0x92, 0xC0, 0x84, 0xE5, 0x31, 0x59, 0xA9, 0xAC, 0x1D,
    0x39, 0x62, 0x6B, 0x65, 0x78, 0xE1, 0xB8, 0x7F, 0x5B, 0x16, 0x2A, 0xEC, 0x94, 0x55, 0x4B, 0x10,
    0x2F, 0x08, 0x64, 0x18, 0x00, 0x9E, 0x25, 0x10, 0x5E, 0x11, 0x54, 0x25, 0x41, 0x51, 0x13, 0x64,
    0x4F, 0x0A, 0x0A, 0xBD, 0xBD, 0x72, 0x7D, 0x12, 0xF8, 0xFA, 0xA0, 0x50, 0x1F, 0x2B, 0x14, 0x20,
    0x2E, 0x35, 0x31, 0x1B, 0x15, 0xCF, 0x96, 0xE0, 0xBF, 0x54, 0x96, 0x6C, 0xB7, 0xC7, 0xA9, 0xD1,
    0x55, 0x18, 0xF6, 0xBB, 0x1D, 0x74, 0x04, 0x13, 0x76, 0x69, 0x4E, 0x40, 0x75, 0x30, 0xEC, 0xDE,
    0x54, 0x70, 0x43, 0xC1, 0xAF, 0x15, 0x5C, 0x02, 0xAB, 0x42, 0x6E, 0x1F, 0xF6, 0x6B, 0x00, 0x55,
    0x22, 0x64, 0xA4, 0xB7, 0x3B, 0xEE, 0x2B, 0x90, 0x3F, 0x61, 0x1A, 0x2E, 0x11, 0xB6, 0x01, 0x64,
    0x0E, 0x94, 0x8F, 0x06, 0xAB, 0x1B, 0xD0, 0x8B, 0xC8, 0x21, 0xC4, 0x4F, 0xDE, 0x69, 0xC7, 0x75,
    0xA9, 0xEA, 0x81, 0xB3, 0xFD, 0xA3, 0xAA, 0x6B, 0x3F, 0xC1, 0x56, 0x4D, 0xE5, 0x8C, 0x13, 0xE2,
    0x73, 0x05, 0xFC, 0xED, 0x8B, 0xB7, 0xC1, 0x16, 0x61, 0x5F, 0x34, 0x2A, 0x17, 0xE5, 0x5B, 0x80,
    0x4C, 0x15, 0x1F, 0xA1, 0x0F, 0x40, 0xDC, 0xAB, 0x1A, 0x44, 0x19, 0x36, 0xE1, 0x92, 0x20, 0x98,
    0x40, 0x06, 0xA1, 0x5E, 0x81, 0x2B, 0xEF, 0x7E, 0xB1, 0xBF, 0xFE, 0x6D, 0x0E, 0x42, 0xBD, 0x3D,
    0x72, 0x7D, 0x2A, 0x48, 0xF5, 0x41, 0x05, 0x1F, 0x2B, 0xEC, 0x27, 0x2E, 0x4B, 0xC5, 0x4C, 0xE7,
    0xEF, 0x48, 0x74, 0xC7, 0x7B, 0x8E, 0x1D, 0xCA, 0x0D, 0x33, 0x89, 0x2F, 0xC9, 0xE0, 0xDA, 0xC2,
    0x62, 0xE2, 0x54, 0x6C, 0x4D, 0xD8, 0xAF, 0xBE, 0x27, 0x17, 0x94, 0x09, 0xE4, 0x81, 0xB2, 0x40,
    0x39, 0xA0, 0x0C, 0x50, 0xFA, 0x2B, 0x51, 0x95, 0xC2, 0x27, 0xB6, 0xD3, 0x95, 0x72, 0xAF, 0x92,
    0x5D, 0xA9, 0xAE, 0x44, 0x77, 0x34, 0x57, 0x92, 0x2B, 0xC5, 0xD5, 0x76, 0x53, 0x9B, 0xED, 0xA1,
    0x96, 0x5B, 0x45, 0xDC, 0x2A, 0xEA, 0x98, 0xFE, 0x68, 0xBE, 0x47, 0x09, 0xF5, 0x54, 0x4E, 0x0F,
    0xD9, 0xDE, 0x60, 0xFB, 0x86, 0x8A, 0xF3, 0xBA, 0x8D, 0x67, 0x6D, 0x0A, 0x1A, 0x59, 0xBB, 0x6A,
    0xC7, 0xFD, 0xE2, 0xD8, 0x35, 0x3B, 0xE6, 0x68, 0x0F, 0xF2, 0x03, 0x67, 0x03, 0xDB, 0x8C, 0xED,
    0x5D, 0xE0, 0x70, 0x71, 0x24, 0x3E, 0x83, 0x6B, 0x75, 0x2C, 0x16, 0x66, 0x8F, 0x55, 0xDB, 0xE7,
    0xC4, 0xCD, 0xA1, 0x73, 0xAB, 0xD3, 0x52, 0xA6, 0x5D, 0x04, 0xDA, 0xC5, 0x8D, 0x10, 0x59, 0xC8,
    0x9C, 0xD6, 0x42, 0x47, 0x69, 0xA4, 0x43, 0x36, 0x65, 0xF6, 0xF3, 0xFD, 0xFD, 0x63, 0xAB, 0x53,
    0x33, 0xB1, 0x57, 0x44, 0x2E, 0x28, 0x03, 0x0B, 0x75, 0x98, 0x92, 0x90, 0x72, 0xE5, 0xC4, 0x33,
    0xDE, 0xA3, 0x65, 0xA6, 0x86, 0xD9, 0x01, 0xED, 0x32, 0x35, 0xCB, 0xD4, 0x2A, 0x53, 0xA3, 0xEC,
    0x98, 0x4D, 0x76, 0x06, 0x68, 0xFC, 0x81, 0x79, 0x15, 0xBB, 0xD9, 0x5F, 0x42, 0xF3, 0x16, 0xA3,
    0xE2, 0x2E, 0x8C, 0x84, 0x4C, 0xAD, 0x0F, 0x21, 0x8D, 0x3F, 0x9E, 0x22, 0xC9, 0x05, 0x61, 0xDA,
    0xB4, 0xE5, 0xDA, 0xF4, 0xD2, 0xF6, 0xEE, 0x59, 0x15, 0x68, 0xDA, 0x6B, 0x81, 0xDD, 0x68, 0xCC,
    0xD2, 0x9C, 0xAE, 0x68, 0xCF, 0xE9, 0x86, 0x6D, 0x89, 0x14, 0xF3, 0x17, 0xCE, 0xBE, 0x44, 0x7B,
    0xC0, 0xF6, 0xFA, 0x33, 0xA5, 0xDB, 0xCE, 0x09, 0x74, 0xFB, 0x08, 0x38, 0xBC, 0x73, 0x94, 0x6E,
    0x30, 0x97, 0xA9, 0x14, 0x50, 0x19, 0x32, 0x6B, 0x75, 0x51, 0x89, 0xA7, 0xCA, 0x81, 0xAE, 0x11,
    0xAA, 0x22, 0xD0, 0x6A, 0x7F, 0x8E, 0x04, 0xB4, 0x13, 0x01, 0xDF, 0xE5, 0xEF, 0x78, 0xE4, 0x9D,
    0x09, 0x1F, 0x6A, 0x8E, 0xB4, 0xFC, 0x75, 0xFF, 0xA0, 0x5B, 0xE9, 0xCA, 0x8A, 0xAD, 0x1F, 0x98,
    0x90, 0x57, 0x17, 0xE8, 0xFD, 0xF7, 0xEB, 0xD5, 0xC3, 0xB9, 0x15, 0xB8, 0xF1, 0x9B, 0x1F, 0x9C,
    0x3D, 0xE1, 0xCE, 0x55, 0xB5, 0x14, 0xAD, 0xE4, 0x0E, 0x16, 0x91, 0xF4, 0x67, 0xAD, 0x5B, 0x44,
    0xA8, 0x5A, 0x7A, 0x27, 0xAB, 0x96, 0x2F, 0x60, 0x25, 0x71, 0xFA, 0xBA, 0x53, 0xDE, 0x55, 0x93,
    0x77, 0x36, 0xAC, 0xD3, 0xF1, 0x9D, 0xC2, 0xBF, 0x61, 0xC6, 0x4E, 0xBA, 0xBD, 0xA0, 0xF7, 0x1F,
    0x9D, 0xAA, 0x05, 0x50, 0x82, 0x3E, 0x37, 0x45, 0x47, 0x97, 0x90, 0xE8, 0x29, 0x54, 0xF0, 0x17,
    0xF8, 0x03, 0xEF, 0xA9, 0xE2, 0x1F, 0xAA, 0x6E, 0x7E, 0x43, 0xB5, 0xD4, 0xEF, 0x3B, 0xAD, 0xDD,
    0xA9, 0xF0, 0x27, 0x03, 0xE1, 0xEC, 0x0C, 0x84, 0x23, 0xEF, 0xF3, 0x55, 0x95, 0xF1, 0x96, 0xEC,
    0x13, 0xA0, 0x27, 0x10, 0x9D, 0x08, 0x00, 0xCB, 0x33, 0x04, 0x0D, 0x3E, 0x30, 0x01, 0x99, 0xE8,
    0xE5, 0x4B, 0xD5, 0xB6, 0x0E, 0x89, 0x75, 0x7F, 0x63, 0x65, 0x71, 0xC9, 0xD6, 0x35, 0x49, 0x25,
    0x3A, 0x5F, 0x51, 0x21, 0xA5, 0xD4, 0x65, 0xF0, 0xB6, 0x99, 0x25, 0x1C, 0x2F, 0x5E, 0x4B, 0x1F,
    0x4C, 0x6E, 0x5E, 0x57, 0x12, 0x88, 0xAA, 0xE4, 0xED, 0x7B, 0x72, 0x55, 0x6A, 0x3F, 0xFB, 0x65,
    0x0D, 0xC9, 0xF9, 0x5B, 0x65, 0x15, 0x79, 0x55, 0x43, 0xA3, 0x11, 0x82, 0x0B, 0xCB, 0xF0, 0xD7,
    0xBA, 0x36, 0x69, 0xE0, 0xB1, 0x93, 0x5F, 0x83, 0x81, 0x9B, 0xA2, 0xCE, 0xE2, 0x0A, 0x33, 0xC1,
    0xEF, 0x2E, 0x03, 0x05, 0x6A, 0xF0, 0xD1, 0xDC, 0x94, 0xA1, 0x8A, 0x18, 0xA8, 0xCF, 0xCB, 0x62,
    0xC3, 0x97, 0x6B, 0x04, 0x53, 0x78, 0xA6, 0x46, 0x32, 0x5D, 0xDA, 0xDC, 0xA8, 0x4B, 0x49, 0xC6,
    0x21, 0x26, 0x45, 0xD2, 0xD3, 0x47, 0xD6, 0x40, 0x9E, 0x31, 0xA4, 0x9D, 0x7D, 0xDA, 0x0A, 0xB9,
    0xB9, 0xAC, 0x1E, 0x13, 0x8C, 0xDE, 0xD7, 0xE1, 0x78, 0x0B, 0x3A, 0x95, 0x8C, 0xF3, 0xF1, 0x3A,
    0xD6, 0xAB, 0x49, 0x7D, 0xFE, 0x98, 0xFD, 0x9E, 0xF9, 0x53, 0x69, 0x7F, 0x6D, 0x5E, 0xA3, 0xB2,
    0x82, 0xEF, 0xB3, 0x1F, 0x2E, 0xC8, 0x6C, 0x9A, 0x60, 0x74, 0xA5, 0x79, 0xDB, 0xB6, 0xF6, 0x33,
    0xC7, 0xEC, 0xC9, 0x13, 0xA2, 0x6E, 0x91, 0x89, 0xA1, 0xEE, 0x3F, 0x7F, 0x8B, 0xD3, 0xF8, 0x3C,
    0x4D, 0xE9, 0xFB, 0x6A, 0xA3, 0xA8, 0x4F, 0x3A, 0x5F, 0x7D, 0x3E, 0xD9, 0x93, 0x72, 0x06, 0xF9,
    0x7B, 0x8E, 0xD8, 0xE5, 0x5E, 0x93, 0xC4, 0x2E, 0xE7, 0xA2, 0x1A, 0xB8, 0x95, 0xE8, 0x86, 0x82,
    0x0F, 0xCD, 0x5A, 0xE9, 0x31, 0xFE, 0x16, 0xDF, 0xEF, 0x6B, 0x6C, 0x0F, 0xD6, 0x7B, 0x9B, 0x5E,
    0xAB, 0xFA, 0xBA, 0xFA, 0xD3, 0xB6, 0x0A, 0xC3, 0xD9, 0x13, 0x80, 0x89, 0x24, 0x3A, 0x9A, 0x40,
    0x95, 0xA4, 0xD8, 0x2D, 0xE3, 0x3F, 0x5D, 0xE8, 0x10, 0x69, 0x11, 0xB4, 0xE6, 0x95, 0xE3, 0x36,
    0xC1, 0x12, 0x56, 0xB0, 0x03, 0x08, 0x6B, 0x78, 0xF6, 0xDE, 0xDC, 0x4B, 0xF3, 0x4D, 0x00, 0x9C,
    0x19, 0x76, 0x05, 0xC6, 0xFD, 0xFD, 0xFD, 0xA7, 0xE8, 0x4C, 0x81, 0x4F, 0xCC, 0x4A, 0xC5, 0x73,
    0x70, 0xE8, 0x9A, 0x6B, 0x2B, 0x9E, 0x99, 0x29, 0x00, 0x62, 0x42, 0x2A, 0x35, 0x26, 0xFE, 0x1D,
    0x05, 0x66, 0x0F, 0x3A, 0x9D, 0x31, 0x3F, 0x36, 0xE1, 0xF1, 0x68, 0xE0, 0x14, 0xF7, 0x53, 0xA0,
    0x91, 0x12, 0x03, 0x8E, 0x3E, 0x36, 0xD8, 0xB9, 0x49, 0x50, 0x01, 0xC7, 0xF8, 0xDF, 0xE9, 0xC1,
    0x89, 0xFF, 0x87, 0xB3, 0x22, 0x5E, 0x40, 0x2E, 0xC0, 0x6B, 0xE7, 0x55, 0x22, 0x68, 0x9E, 0x05,
    0x48, 0x3B, 0x4C, 0x31, 0x91, 0x9C, 0x1F, 0x8A, 0xD6, 0xE7, 0x40, 0x2A, 0x84, 0x16, 0xD9, 0x28,
    0x1D, 0xCC, 0x4D, 0x25, 0x38, 0x14, 0xEA, 0xC7, 0x61, 0xE0, 0xEC, 0x08, 0xCC, 0xC8, 0x1B, 0x55,
    0x1A, 0x01, 0xF5, 0xFB, 0xE6, 0xC4, 0xEB, 0xE1, 0xCA, 0xA1, 0x1B, 0x67, 0x05, 0x45, 0xD1, 0xBC,
    0x5D, 0x3F, 0xE4, 0xFA, 0x27, 0x84, 0x0E, 0xDF, 0x09, 0xFF, 0x69, 0x3C, 0x31, 0x57, 0xED, 0x44,
    0xDD, 0x06, 0xAA, 0xF8, 0x67, 0xEB, 0xB6, 0x98, 0x50, 0xAA, 0x27, 0x87, 0xEA, 0xEA, 0xD7, 0x2B,
    0x02, 0xB3, 0xBF, 0x86, 0x2F, 0x2D, 0x7B, 0x17, 0x93, 0x25, 0xFB, 0x10, 0xB7, 0x67, 0x2D, 0x2E,
    0xCB, 0x6A, 0x92, 0xA0, 0x64, 0x9B, 0x7F, 0xF3, 0xB6, 0x92, 0x0F, 0x4D, 0x6C, 0x87, 0xD0, 0x5A,
    0x6D, 0x31, 0xCB, 0x93, 0xD1, 0x2B, 0x33, 0xFB, 0x87, 0xF2, 0xC7, 0xB7, 0xAD, 0xB9, 0xE4, 0x6F,
    0x9A, 0xAE, 0x18, 0x15, 0xDE, 0x1E, 0x46, 0x0B, 0x7C, 0x9F, 0xF5, 0x5B, 0xFA, 0x5D, 0x3D, 0x03,
    0x74, 0xEB, 0x7D, 0xA1, 0xCE, 0x2F, 0x4C, 0x07, 0x01, 0xBD, 0xB8, 0xD8, 0xBA, 0xE1, 0x61, 0x12,
    0xE0, 0xED, 0x41, 0xFC, 0x11, 0x32, 0x8C, 0x9F, 0xF0, 0x2D, 0xE2, 0x28, 0x43, 0x2F, 0xF1, 0xBE,
    0xB2, 0x7F, 0x4B, 0x66, 0x66, 0xB5, 0xE9, 0x8A, 0xD2, 0x6F, 0x2E, 0x0A, 0x0B, 0x47, 0xF3, 0x34,
    0x7F, 0xB2, 0x02, 0x68, 0x57, 0x70, 0x7A, 0x61, 0xF2, 0x9F, 0xE4, 0xBC, 0x7B, 0x96, 0x23, 0xBA,
    0x2C, 0xCA, 0xF2, 0x75, 0xB1, 0x79, 0x76, 0x4D, 0x94, 0xA7, 0x65, 0x81, 0x98, 0xAC, 0xFC, 0x26,
    0x94, 0xAC, 0xEE, 0x9D, 0x0A, 0x57, 0x5F, 0x97, 0x15, 0xFC, 0xBA, 0xD8, 0x9B, 0xBB, 0xE6, 0x4D,
    0x93, 0xE6, 0xB2, 0x8D, 0x0B, 0x2E, 0x21, 0x1D, 0xE4, 0xF9, 0x73, 0xA5, 0xC3, 0x33, 0x67, 0x22,
    0xEC, 0xF7, 0x1E, 0x91, 0xF6, 0xB8, 0xC6, 0x1F, 0xB6, 0x54, 0x3C, 0x29, 0x37, 0xB7, 0x60, 0xB4,
    0xCB, 0x66, 0x2F, 0x5B, 0x21, 0x62, 0x10, 0xC7, 0x84, 0x36, 0x1B, 0xF0, 0x77, 0x55, 0x7E, 0x1A,
    0xE8, 0xD6, 0x78, 0xD4, 0x9F, 0x6C, 0xF5, 0x85, 0x5D, 0xC8, 0x9F, 0xE8, 0x02, 0x62, 0xE1, 0x84,
    0x0D, 0x1E, 0x97, 0x72, 0xEE, 0xCB, 0xB2, 0x12, 0x8D, 0xC6, 0xBB, 0x89, 0xFD, 0x51, 0x2E, 0x13,
    0x2B, 0x1C, 0x7A, 0xC1, 0xFD, 0xE7, 0x28, 0xBA, 0xDF, 0x18, 0x79, 0xCE, 0x29, 0x59, 0x10, 0x9B,
    0xD5, 0x87, 0x8B, 0x5C, 0x13, 0x6F, 0xF7, 0x2E, 0x24, 0x05, 0xA5, 0xE2, 0x25, 0xFC, 0x60, 0xB9,
    0x0B, 0x92, 0x02, 0x90, 0xA8, 0xD1, 0xA8, 0xF7, 0x01, 0x1F, 0x46, 0x2A, 0x36, 0x42, 0xF3, 0x11,
    0x41, 0x7C, 0x8C, 0x8B, 0x5A, 0x13, 0x3E, 0x24, 0xB6, 0x9B, 0xF9, 0x3F, 0x20, 0x03, 0x4B, 0x08,
    0x83, 0xDC, 0x1B, 0xB2, 0x07, 0xFD, 0xAC, 0xDF, 0x3F, 0xFC, 0x25, 0xD4, 0x4E, 0x2D, 0x65, 0xC6,
    0x82, 0xEC, 0x17, 0x2D, 0x29, 0x6F, 0x49, 0xDE, 0x67, 0xD1, 0x42, 0x60, 0xC8, 0x23, 0x19, 0x91,
    0xB6, 0x53, 0xA8, 0x7C, 0xF2, 0xB9, 0xA9, 0x73, 0x8E, 0x78, 0xFA, 0x1A, 0x8B, 0xEC, 0xD6, 0x2A,
    0x84, 0xEE, 0x56, 0x7F, 0x31, 0x43, 0x18, 0xB1, 0x2A, 0x28, 0xEC, 0x9A, 0x61, 0x92, 0x40, 0x35,
    0x29, 0x90, 0x31, 0xB3, 0x80, 0x13, 0xAB, 0x71, 0x5A, 0xAD, 0xB3, 0xD3, 0xA0, 0x34, 0xB2, 0x31,
    0x57, 0x19, 0x24, 0xC6, 0x6D, 0xDE, 0xB3, 0x6A, 0x3C, 0x20, 0x9D, 0x34, 0x48, 0x64, 0x69, 0xA5,
    0x29, 0x1A, 0xB1, 0x1F, 0x8A, 0x1A, 0xA1, 0x96, 0x46, 0xD4, 0xFD, 0x44, 0x95, 0x57, 0x5C, 0x8B,
    0x9D, 0x96, 0xDE, 0xB8, 0x0A, 0x1A, 0x5A, 0xCD, 0x64, 0x94, 0xF8, 0x3F, 0x7B, 0x59, 0x9E, 0xEE,
    0xC3, 0xC0, 0x30, 0x97, 0x8E, 0xB0, 0x24, 0x94, 0x6B, 0x18, 0x50, 0x2D, 0x6A, 0xDD, 0xFA, 0x93,
    0xA7, 0x7C, 0xA3, 0x8F, 0xB4, 0x54, 0x62, 0x16, 0x4A, 0x71, 0x50, 0x1A, 0x9B, 0x71, 0x90, 0xAF,
    0x26, 0xB2, 0x28, 0x4A, 0x00, 0xB2, 0x98, 0x99, 0xEF, 0xD9, 0x7F, 0xF4, 0xAA, 0x07, 0x64, 0x62,
    0x4A, 0x59, 0x44, 0x2E, 0x96, 0x71, 0xC9, 0x42, 0xA3, 0x32, 0x68, 0xD4, 0xBC, 0x9F, 0x51, 0x7D,
    0xA9, 0xA3, 0x0A, 0xDA, 0xA8, 0xBC, 0x1B, 0x35, 0x25, 0x68, 0x54, 0xCB, 0xC8, 0x39, 0x4C, 0xAC,
    0xAA, 0x9D, 0xF6, 0x13, 0x5E, 0x69, 0xD5, 0xCE, 0x18, 0x55, 0x29, 0x1F, 0x39, 0x56, 0x74, 0xD6,
    0x6A, 0xD7, 0xFA, 0x84, 0xC8, 0x3D, 0x6F, 0x24, 0xF0, 0xA8, 0xE1, 0x72, 0xB5, 0x87, 0x24, 0x65,
    0xB6, 0xC5, 0x54, 0x88, 0x9C, 0x72, 0x3A, 0x33, 0x90, 0x42, 0x97, 0x9E, 0xA4, 0x56, 0x52, 0xAC,
    0x2B, 0x64, 0xE8, 0x16, 0x4A, 0x67, 0xD0, 0x3B, 0x6F, 0x9E, 0xDE, 0x3B, 0x57, 0x7D, 0x33, 0xCA,
    0x63, 0xC1, 0xF6, 0xEA, 0x70, 0x54, 0x4E, 0x1F, 0xD9, 0x56, 0x16, 0xD9, 0x4A, 0x96, 0x6D, 0xCC,
    0x25, 0x0A, 0x82, 0x3C, 0x28, 0xDD, 0x29, 0xE5, 0x03, 0x8D, 0x9C, 0x21, 0x65, 0xF6, 0x0B, 0xF3,
    0xE3, 0x46, 0xBA, 0x92, 0x06, 0xA6, 0xEB, 0x0C, 0x09, 0x10, 0x1C, 0x68, 0xD3, 0x0D, 0xB4, 0xC2,
    0x06, 0xA8, 0x51, 0xB0, 0x72, 0x3A, 0x8C, 0x5E, 0xFA, 0x2C, 0x6C, 0x1B, 0xD8, 0x1E, 0xC9, 0x59,
    0x4A, 0xD8, 0xB5, 0x5F, 0x58, 0x33, 0x97, 0x94, 0xEA, 0xAA, 0xAC, 0xAB, 0xDD, 0xAA, 0xA9, 0x3F,
    0x9A, 0xF4, 0x14, 0x9B, 0x4D, 0xE7, 0x70, 0x41, 0x9C, 0x0B, 0xE2, 0x1C, 0x4E, 0x38, 0x27, 0x27,
    0xE0, 0x8C, 0xFE, 0x07, 0x65, 0x1C, 0x57, 0xD7, 0xA1, 0x98, 0xE1, 0x4C, 0x6E, 0x4D, 0x38, 0xDB,
    0x09, 0x67, 0xE1, 0x73, 0x3C, 0x5C, 0x22, 0xCE, 0xDD, 0x06, 0xCE, 0x7E, 0x3B, 0x25, 0x2B, 0xA5,
    0x74, 0x71, 0x37, 0xCE, 0x84, 0x75, 0xB6, 0xC3, 0xDC, 0xFE, 0xD2, 0x26, 0x5C, 0x39, 0x81, 0x9F,
    0x71, 0x93, 0xA0, 0x79, 0x13, 0xCD, 0x1E, 0x9A, 0xFB, 0xF0, 0x8B, 0x0F, 0x70, 0x91, 0x0F, 0xF0,
    0x4B, 0x2F, 0xD9, 0x88, 0x7A, 0x83, 0xB9, 0x00, 0x7B, 0x22, 0x17, 0xC1, 0xDA, 0xCB, 0xD7, 0xE2,
    0x52, 0x70, 0xC3, 0x32, 0x4F, 0xFF, 0xC7, 0x5D, 0x80, 0xDB, 0xD9, 0xF2, 0x65, 0x19, 0xF5, 0x7C,
    0xA7, 0x20, 0x37, 0x20, 0xA9, 0xB4, 0x26, 0x38, 0x61, 0x23, 0xFC, 0x1B, 0xE7, 0x53, 0xE6, 0xDD,
    0xF5, 0xE7, 0x4B, 0x14, 0xD7, 0xFB, 0x21, 0x36, 0x15, 0xDD, 0x57, 0x10, 0x36, 0xD9, 0xC5, 0x37,
    0x66, 0xCA, 0xBB, 0x65, 0xCA, 0x47, 0x82, 0x95, 0x21, 0xEE, 0xB0, 0x9A, 0xB5, 0x42, 0xBF, 0xA0,
    0x91, 0xB1, 0x85, 0xC8, 0xB0, 0x88, 0x91, 0xA5, 0x71, 0x0D, 0xC3, 0xBF, 0xF0, 0x42, 0xE8, 0x97,
    0x0D, 0x71, 0x59, 0x0C, 0x49, 0x7B, 0x55, 0xDE, 0x9C, 0x44, 0x83, 0xAC, 0x38, 0x83, 0x4C, 0xC4,
    0x41, 0x88, 0x36, 0xC8, 0x24, 0x1C, 0x2E, 0xE8, 0xD2, 0xF1, 0x34, 0xEF, 0x51, 0x7D, 0x77, 0x58,
    0x13, 0x41, 0xA4, 0x27, 0x16, 0x9D, 0x85, 0x87, 0x25, 0x16, 0x8D, 0x9D, 0x3E, 0xF1, 0xBB, 0xA7,
    0x1D, 0xBA, 0xAE, 0xA2, 0x57, 0x1F, 0x6B, 0x18, 0x7E, 0x2F, 0x64, 0x59, 0x0A, 0x89, 0x06, 0x85,
    0xF8, 0xFF, 0xC9, 0x87, 0x1E, 0xD1, 0xD0, 0xD5, 0xD6, 0x45, 0xF1, 0x34, 0xCF, 0x67, 0x5B, 0xEB,
    0x41, 0x7D, 0x68, 0x23, 0xB6, 0x30, 0x0E, 0x92, 0xFF, 0x1E, 0x8C, 0x53, 0x28, 0x4C, 0xC2, 0xE5,
    0xBC, 0xE2, 0x0A, 0xC5, 0x05, 0x2B, 0xFB, 0x12, 0xED, 0x1D, 0xDE, 0xFB, 0xDE, 0x91, 0xDE, 0x3C,
    0xE6, 0x85, 0xC8, 0x72, 0x26, 0x6D, 0xC0, 0x36, 0x62, 0x8A, 0x88, 0x2C, 0xA2, 0x69, 0x2B, 0x36,
    0x0F, 0x53, 0x57, 0x6A, 0x6D, 0x61, 0xAE, 0xC3, 0x58, 0xDF, 0x01, 0x6B, 0xB2, 0x87, 0xBD, 0xDF,
    0x12, 0x33, 0x5C, 0x66, 0x9B, 0xA8, 0x65, 0x18, 0x49, 0x68, 0xF1, 0x51, 0xEC, 0xF3, 0x22, 0x37,
    0x7F, 0x95, 0x3D, 0xEA, 0x5E, 0x35, 0x89, 0x12, 0x31, 0xFF, 0x12, 0xAB, 0x8E, 0x3C, 0x9D, 0x1E,
    0x91, 0xEE, 0x7A, 0xA9, 0x02, 0xDD, 0x38, 0x9D, 0xDB, 0x30, 0x6A, 0xB6, 0x44, 0xC3, 0x6B, 0xA6,
    0xD8, 0x42, 0x5D, 0x81, 0xF5, 0x2E, 0x77, 0x15, 0xF7, 0x3C, 0x08, 0x56, 0x6A, 0xBC, 0xAF, 0x07,
    0x82, 0xFF, 0xB5, 0x04, 0xBD, 0xA0, 0x07, 0x20, 0x8B, 0x02, 0x80, 0xEC, 0xE2, 0x00, 0xC8, 0x33,
    0x11, 0x20, 0xFB, 0x02, 0x00, 0xB2, 0x76, 0x05, 0xC8, 0x1E, 0x06, 0x60, 0x6C, 0x49, 0x90, 0xD5,
    0x04, 0x69, 0x4B, 0x10, 0x77, 0x04, 0xE1, 0x92, 0x20, 0x18, 0x08, 0x3C, 0x4B, 0x60, 0xAA, 0x5F,
    0x12, 0x64, 0x5F, 0x12, 0x88, 0xD6, 0x0A, 0x10, 0x5B, 0x3A, 0x4F, 0x43, 0x4B, 0x67, 0x62, 0xA0,
    0x40, 0x95, 0x0A, 0xDD, 0xE3, 0x8A, 0xB5, 0xEB, 0x4F, 0x87, 0xAA, 0x44, 0x48, 0xCA, 0x99, 0x63,
    0x70, 0x6B, 0xE0, 0x3C, 0x5B, 0x82, 0xF5, 0xE9, 0x12, 0xC2, 0xE5, 0x0D, 0x2D, 0x94, 0x47, 0x19,
    0x25, 0x55, 0x76, 0xE8, 0xE3, 0x23, 0xDB, 0xE1, 0x9B, 0xB7, 0x50, 0x65, 0x6C, 0x9E, 0xD9, 0x3E,
    0x91, 0xC9, 0xC2, 0xF6, 0xAC, 0x13, 0x7C, 0xF3, 0xA5, 0xCB, 0xB5, 0x4B, 0xFF, 0xD0, 0x3C, 0x85,
    0xC9, 0xA1, 0xAC, 0xBB, 0xC5, 0x94, 0x54, 0xEE, 0x5C, 0xD5, 0xA6, 0x3D, 0x7D, 0x0E, 0x6C, 0x8E,
    0x40, 0xE7, 0x84, 0x26, 0x6D, 0x25, 0xFD, 0x4C, 0xA5, 0x54, 0x47, 0x79, 0xBB, 0x56, 0xAA, 0xA2,
    0xE3, 0xC3, 0x6F, 0xCC, 0x77, 0x94, 0x0A, 0x34, 0x97, 0xB3, 0x7F, 0xD0, 0xFB, 0x27, 0x87, 0x6A,
    0x69, 0x66, 0xF1, 0xB3, 0xF7, 0xCF, 0xD9, 0xD4, 0xF3, 0x10, 0xFB, 0x15, 0x85, 0x09, 0xE9, 0xE8,
    0x41, 0x8B, 0x8C, 0x0B, 0x6F, 0xC9, 0x69, 0x58, 0x91, 0xC0, 0x99, 0x92, 0xA2, 0x3D, 0x21, 0xFF,
    0xF2, 0x54, 0x18, 0x9F, 0xAA, 0x3E, 0x57, 0x69, 0x9C, 0xC4, 0x55, 0xF1, 0x54, 0x0A, 0xB2, 0x76,
    0xC3, 0x56, 0x70, 0x65, 0x0E, 0x7A, 0xC3, 0xDE, 0x5A, 0x82, 0xC5, 0xCC, 0xBB, 0x94, 0x8C, 0x74,
    0xAE, 0x27, 0x63, 0x4A, 0xCB, 0xEF, 0xA3, 0x0F, 0x39, 0x31, 0x44, 0x49, 0x46, 0x0A, 0x6A, 0x41,
    0x97, 0x2A, 0x3E, 0x12, 0xA8, 0xA2, 0xFE, 0x94, 0xA0, 0xA2, 0xB3, 0x36, 0x86, 0xD9, 0x86, 0x7A,
    0x08, 0xA1, 0xDB, 0x78, 0x54, 0x76, 0xFA, 0xB9, 0xEC, 0xFC, 0x9F, 0xCA, 0xCE, 0x57, 0x5B, 0x65,
    0x27, 0x55, 0xA1, 0x11, 0x21, 0x07, 0x08, 0x9D, 0xEC, 0x8C, 0x1B, 0xB2, 0x53, 0x39, 0xD9, 0x69,
    0x08, 0x12, 0x15, 0x9A, 0xB8, 0x57, 0xA1, 0x51, 0xD9, 0xF1, 0x47, 0x15, 0x1A, 0x27, 0x3B, 0x85,
    0x0A, 0x4D, 0xB6, 0x12, 0x1A, 0x80, 0x48, 0x65, 0xC7, 0x09, 0x8D, 0xB7, 0xB9, 0x8A, 0x8C, 0x1B,
    0x40, 0xF7, 0x27, 0x75, 0x10, 0x68, 0x8C, 0x6E, 0x4A, 0xA1, 0x9C, 0x4A, 0x4E, 0x34, 0x9B, 0xC7,
    0x25, 0xD8, 0xBF, 0x20, 0xF1, 0xA9, 0x64, 0x40, 0xFD, 0xAA, 0x35, 0xAE, 0xD0, 0x02, 0xC9, 0x47,
    0x6B, 0x9C, 0x4F, 0xF0, 0x69, 0x30, 0xDE, 0x62, 0xFE, 0x84, 0xC8, 0x6A, 0x99, 0x9C, 0xD3, 0xB4,
    0x4F, 0x4E, 0x51, 0x5C, 0x05, 0x00, 0x31, 0x24, 0xC3, 0xA4, 0x6C, 0x84, 0x05, 0x34, 0x88, 0x29,
    0xCA, 0x8B, 0xCC, 0x73, 0xB8, 0x25, 0x84, 0x57, 0x24, 0x90, 0xD5, 0x4D, 0xAE, 0x2A, 0x69, 0x47,
    0x67, 0x35, 0x0B, 0x5D, 0x84, 0x65, 0x0D, 0xF3, 0xA8, 0x69, 0x1F, 0x26, 0xDD, 0x1C, 0xC4, 0xDB,
    0xC0, 0x74, 0x49, 0x4B, 0xC3, 0x34, 0x69, 0x98, 0x81, 0x9D, 0xD6, 0xAE, 0x4F, 0x2E, 0x85, 0x45,
    0x1E, 0x6A, 0xFD, 0x10, 0x96, 0x79, 0xCF, 0x05, 0x31, 0x7B, 0x4E, 0xF1, 0xDB, 0x8D, 0x86, 0xF0,
    0x72, 0x33, 0x65, 0x8F, 0xBB, 0x31, 0x30, 0x25, 0x93, 0x65, 0x45, 0x53, 0x6D, 0xD1, 0x96, 0xED,
    0x97, 0xAE, 0x9D, 0x05, 0x93, 0x96, 0x72, 0xE1, 0x9F, 0x28, 0x51, 0xA2, 0x64, 0x75, 0x88, 0xEF,
    0x2C, 0xC4, 0x0A, 0x0B, 0x96, 0x8C, 0x24, 0xCA, 0x34, 0xF2, 0xD1, 0x78, 0xF3, 0xA6, 0xD6, 0xC6,
    0x5F, 0xCA, 0x68, 0x83, 0xA5, 0x2C, 0xDE, 0x41, 0x8F, 0x50, 0x53, 0xA7, 0xEE, 0xB4, 0x59, 0xDA,
    0x15, 0x91, 0x29, 0xC9, 0x87, 0xC9, 0x6F, 0xD4, 0xA9, 0x42, 0xA0, 0x36, 0xAF, 0x29, 0x5C, 0xD2,
    0xAE, 0xAE, 0xD9, 0x9B, 0x79, 0x8C, 0xE7, 0x87, 0x1D, 0xAF, 0x23, 0xD1, 0xE3, 0x7D, 0xF3, 0x5D,
    0x28, 0x43, 0xA2, 0x31, 0xC1, 0x67, 0x2E, 0x93, 0xB4, 0x37, 0xEA, 0x35, 0xF7, 0xB6, 0xB8, 0xCD,
    0x5F, 0x1C, 0x77, 0x04, 0x21, 0xA6, 0xA6, 0x57, 0xCC, 0xBA, 0xF2, 0x2D, 0x6B, 0x15, 0xA2, 0x81,
    0xFA, 0x6B, 0xD2, 0x10, 0xB5, 0xBB, 0x1A, 0x0B, 0xBF, 0x64, 0xF2, 0x73, 0xC9, 0x1D, 0x73, 0x0D,
    0x9B, 0x68, 0x86, 0xF5, 0xAE, 0x92, 0xBE, 0x48, 0xBC, 0xA0, 0x2B, 0x60, 0xE7, 0x0A, 0xEE, 0xDF,
    0xF5, 0x9A, 0x53, 0xE4, 0xCE, 0x3A, 0x27, 0x41, 0x50, 0x8E, 0xF9, 0x2B, 0x68, 0xAD, 0x9F, 0xD2,
    0x07, 0x5E, 0xF5, 0x69, 0x03, 0xF1, 0x91, 0x2D, 0x0A, 0x53, 0x28, 0x65, 0x69, 0x03, 0xC2, 0x2D,
    0x71, 0xED, 0xCA, 0x0C, 0x65, 0x2F, 0x55, 0xD2, 0xCB, 0xD3, 0x1C, 0xF5, 0x9B, 0xA9, 0x2C, 0x4F,
    0x3E, 0x5D, 0x52, 0xEF, 0x95, 0x34, 0x5A, 0xE1, 0x88, 0x1F, 0x56, 0x9F, 0x02, 0xF7, 0x29, 0x66,
    0xB9, 0xCC, 0x91, 0x4F, 0x5F, 0xBC, 0xB3, 0xBA, 0xCE, 0xDB, 0xB8, 0xD7, 0xF5, 0x77, 0x53, 0xAB,
    0x49, 0xD8, 0xFD, 0xFA, 0xB9, 0xCA, 0x24, 0xF9, 0xD4, 0x85, 0x0E, 0x3F, 0xBF, 0x83, 0x9B, 0xC1,
    0x47, 0x98, 0x08, 0xA5, 0x2A, 0xF4, 0x35, 0x8A, 0x11, 0x9F, 0x3D, 0x30, 0xD5, 0x6F, 0x1B, 0x30,
    0x0D, 0xD9, 0x24, 0x9A, 0x71, 0x20, 0x34, 0xF8, 0x3C, 0xD6, 0xC8, 0xEF, 0x9A, 0x2E, 0xC2, 0x0A,
    0xEF, 0x96, 0x51, 0x76, 0x14, 0x10, 0x42, 0x61, 0x49, 0xE0, 0xF2, 0xF9, 0xAB, 0x4F, 0xDB, 0x80,
    0xC9, 0x26, 0x89, 0xFA, 0x0A, 0xD1, 0x19, 0xB6, 0x0F, 0xB0, 0x88, 0x1F, 0xC0, 0x26, 0x66, 0xB3,
    0x82, 0x55, 0xAC, 0x2A, 0x00, 0x93, 0x98, 0x28, 0x89, 0x0F, 0x23, 0xF6, 0x0E, 0xB2, 0xCD, 0xF9,
    0xFC, 0x54, 0x9B, 0x64, 0xC8, 0xC0, 0x79, 0xFE, 0x54, 0xE9, 0x06, 0x1B, 0xA7, 0xEA, 0x46, 0xE8,
    0x9F, 0xAF, 0x31, 0xB2, 0xF0, 0xE9, 0x02, 0x5B, 0x95, 0xF4, 0x16, 0xD2, 0x2F, 0x0B, 0xB6, 0x56,
    0xBC, 0x6A, 0x7F, 0x2A, 0xBC, 0x70, 0x6A, 0xA9, 0x8B, 0xD0, 0x46, 0x0A, 0xD2, 0x7E, 0x56, 0x24,
    0xBC, 0x2D, 0x39, 0xAA, 0x62, 0xB5, 0x06, 0x13, 0x3A, 0x4B, 0x56, 0xCF, 0xA0, 0xB0, 0xC3, 0x53,
    0x57, 0x2E, 0x92, 0x82, 0x47, 0x55, 0x7B, 0xED, 0xC9, 0xC0, 0xD3, 0x4B, 0x02, 0xBD, 0x81, 0xB9,
    0x32, 0xD2, 0x4B, 0x63, 0xA6, 0xA4, 0x0E, 0x4F, 0x1D, 0xC9, 0xDE, 0xE8, 0x3B, 0x77, 0x04, 0x7C,
    0x52, 0x1E, 0x25, 0x94, 0x19, 0xAA, 0x2D, 0x01, 0xB4, 0xF6, 0xD5, 0xED, 0x9A, 0x6A, 0xC3, 0x78,
    0x19, 0x91, 0xB0, 0x9A, 0xE0, 0xC2, 0xBA, 0x87, 0x07, 0xF2, 0xCE, 0x2B, 0x9A, 0xCA, 0xBA, 0x76,
    0xDC, 0x9C, 0x1C, 0xA6, 0xD4, 0x50, 0x29, 0x28, 0xCE, 0x39, 0xED, 0x8A, 0x49, 0xB7, 0xE8, 0xAC,
    0xBC, 0x2D, 0x5B, 0x24, 0x82, 0x85, 0x68, 0x1D, 0xF9, 0xD5, 0x65, 0x2F, 0x48, 0xD9, 0x5A, 0x1E,
    0x60, 0x73, 0x34, 0x18, 0xDA, 0x88, 0x9C, 0xC2, 0x8D, 0x82, 0xE2, 0x47, 0x34, 0x64, 0x68, 0xAA,
    0x1B, 0xE5, 0x78, 0x5E, 0x28, 0xBB, 0x61, 0x5A, 0x39, 0xDB, 0xCA, 0x19, 0x57, 0xAB, 0x0A, 0x6D,
    0x97, 0xB3, 0xD4, 0xCE, 0xF5, 0xED, 0xE8, 0x05, 0x53, 0x7B, 0xF6, 0xBA, 0x3F, 0x19, 0xAE, 0x5A,
    0x9C, 0xC1, 0x26, 0x5E, 0x59, 0xB1, 0x07, 0xAB, 0xCC, 0xD8, 0xF9, 0x4B, 0x33, 0xB4, 0xE5, 0x56,
    0xDA, 0x3D, 0xE9, 0x6F, 0xE6, 0x75, 0xF7, 0x2E, 0x4B, 0x7B, 0xD2, 0x76, 0x7F, 0x70, 0x4E, 0x27,
    0x11, 0x93, 0xB9, 0x3B, 0xD0, 0xE7, 0x48, 0x32, 0x77, 0x68, 0xA7, 0x10, 0x9E, 0xEE, 0xEE, 0x2F,
    0x96, 0xAD, 0xFE, 0x6A, 0x6A, 0xD3, 0xAE, 0x23, 0x42, 0x0F, 0xA6, 0xC2, 0x80, 0x0B, 0x9A, 0x2F,
    0xE8, 0x89, 0x59, 0x64, 0xFF, 0xB9, 0x96, 0x55, 0xF7, 0xEB, 0x26, 0x5C, 0xC8, 0xFE, 0x24, 0xD7,
    0x8B, 0x99, 0x2C, 0x1B, 0x00, 0xF4, 0x81, 0x00, 0x8D, 0xCF, 0xFD, 0xFE, 0x03, 0xF6, 0x91, 0x2E,
    0xB8, 0xFD, 0xE4, 0x18, 0xDA, 0x03, 0xD2, 0xB6, 0x75, 0xCF, 0xF4, 0xC9, 0x40, 0x0D, 0x51, 0x55,
    0xDD, 0x24, 0xE9, 0x51, 0x8F, 0xE8, 0x5B, 0x7F, 0x88, 0xF5, 0xE4, 0x23, 0xD8, 0x06, 0xB2, 0x4B,
    0x86, 0x5D, 0x81, 0x8C, 0xB9, 0x42, 0x36, 0x8A, 0xF2, 0x0E, 0x78, 0x74, 0x7D, 0xB6, 0xD3, 0x5E,
    0x73, 0x7E, 0x2C, 0x4B, 0xAD, 0x85, 0xF3, 0x04, 0xFE, 0xAB, 0xDD, 0xA3, 0xA7, 0x19, 0xDC, 0x7C,
    0xCF, 0xB3, 0x43, 0x87, 0xB3, 0x0C, 0x62, 0xD9, 0xF4, 0x93, 0xD2, 0xEF, 0xD3, 0xD2, 0xF4, 0x82,
    0xF7, 0x8F, 0x58, 0xBF, 0x36, 0xCA, 0x63, 0x34, 0x82, 0x5C, 0x1B, 0xFA, 0x14, 0x12, 0x54, 0x5D,
    0x2F, 0x6F, 0x88, 0x32, 0x22, 0x76, 0xEC, 0x32, 0xCB, 0xBD, 0x45, 0xD6, 0x86, 0x5D, 0x2A, 0xFB,
    0xD9, 0x9B, 0xB2, 0x87, 0xBF, 0xCA, 0xE4, 0xAD, 0x55, 0xBC, 0x35, 0xC2, 0x00, 0x99, 0xEB, 0x5D,
    0xFC, 0x5D, 0x87, 0xD8, 0xB2, 0xA8, 0x51, 0xF5, 0x2A, 0x34, 0xFB, 0xD2, 0x11, 0x0D, 0x4B, 0x38,
    0xF6, 0x76, 0x3C, 0x07, 0x7E, 0xE8, 0x65, 0x26, 0xF7, 0xC4, 0x75, 0x54, 0xFA, 0x8D, 0xFA, 0x27,
    0x9E, 0x23, 0xD1, 0x5E, 0x12, 0x62, 0xB0, 0xE4, 0xD6, 0x7C, 0x35, 0xF9, 0xD6, 0xFC, 0x91, 0x05,
    0xA1, 0x2C, 0x35, 0x94, 0xEE, 0x2E, 0x60, 0x0D, 0x4E, 0xD4, 0x61, 0x9E, 0xEB, 0x49, 0x0D, 0xCF,
    0x98, 0x18, 0xF9, 0xAB, 0xD1, 0x3D, 0x5D, 0xB9, 0x11, 0x83, 0xDD, 0xF9, 0xC8, 0x99, 0xEA, 0xF2,
    0x46, 0x1F, 0xC5, 0xC2, 0xD5, 0xD8, 0x40, 0x7A, 0x20, 0x48, 0x14, 0x29, 0x0A, 0x97, 0x8A, 0x59,
    0xB4, 0x8A, 0xD9, 0xAF, 0xD7, 0x89, 0x97, 0x4D, 0xCC, 0x20, 0x4A, 0x10, 0xA9, 0xA0, 0x8D, 0x6B,
    0x03, 0x27, 0x17, 0x44, 0x0D, 0xCF, 0x84, 0xE8, 0xCD, 0x4F, 0x5C, 0x78, 0x0E, 0x62, 0x16, 0x6B,
    0xFA, 0xA8, 0x82, 0x3C, 0x79, 0xF0, 0xCE, 0xF0, 0xB6, 0xCD, 0x53, 0x28, 0xD7, 0x59, 0x99, 0xE2,
    0x28, 0x8F, 0xA4, 0xCE, 0xB0, 0x03, 0xC4, 0xF5, 0x2E, 0x40, 0x58, 0x1F, 0x00, 0x04, 0xCD, 0x65,
    0x00, 0x44, 0x3F, 0x5C, 0x2D, 0xCB, 0xF3, 0x07, 0xD1, 0xA8, 0x3E, 0x60, 0xBB, 0x5C, 0x83, 0xC9,
    0xDF, 0xEB, 0x52, 0x93, 0x03, 0xDD, 0x73, 0xBD, 0xDB, 0xE5, 0xEC, 0x4C, 0x91, 0x0B, 0x0A, 0x5C,
    0xA9, 0xC5, 0x86, 0x1A, 0xF1, 0x86, 0xDB, 0x7A, 0x0F, 0x9D, 0x9F, 0x65, 0xA9, 0x9A, 0x2A, 0xF6,
    0x28, 0xA4, 0x3B, 0xA2, 0xA4, 0xF6, 0xCF, 0x86, 0xFD, 0xDC, 0x77, 0xDF, 0x3F, 0xEE, 0xDB, 0xB3,
    0xDE, 0x07, 0x4C, 0x58, 0x80, 0xBA, 0x0E, 0x73, 0x13, 0x3C, 0x0C, 0xFE, 0xC5, 0x6D, 0x5A, 0xF0,
    0x12, 0xCA, 0x3E, 0x71, 0x29, 0xD5, 0xB8, 0x4C, 0x3A, 0x6C, 0x28, 0x35, 0x7E, 0x89, 0x1A, 0xC8,
    0xA9, 0x0C, 0x48, 0xEC, 0x35, 0x57, 0x27, 0x52, 0xCF, 0x0A, 0x86, 0x1C, 0x41, 0xE6, 0xC5, 0xFF,
    0xEE, 0x75, 0xC6, 0xB9, 0x89, 0xC5, 0xC4, 0x55, 0x74, 0xC3, 0xD9, 0xF5, 0x86, 0x18, 0x4C, 0x07,
    0x41, 0x63, 0x0E, 0xA3, 0xD2, 0x2C, 0x45, 0x59, 0x5A, 0x5E, 0x78, 0x36, 0xEC, 0x51, 0x03, 0x1A,
    0x2C, 0xEA, 0x18, 0x0F, 0xF3, 0x1E, 0x3E, 0x0D, 0xB2, 0x19, 0xE1, 0xA2, 0x23, 0x84, 0xBB, 0x40,
    0xC2, 0x9D, 0x30, 0xC8, 0x9D, 0x77, 0x86, 0x7D, 0xCD, 0x5C, 0x04, 0xFB, 0x1C, 0x78, 0x1E, 0x84,
    0x7B, 0xC5, 0xD5, 0xFE, 0xA5, 0xEB, 0xC5, 0x11, 0x9E, 0x44, 0xD6, 0x95, 0xCB, 0x20, 0xE5, 0xC9,
    0xDD, 0x4E, 0xB5, 0x7F, 0x93, 0xDE, 0x45, 0xF7, 0x96, 0xFF, 0xF3, 0x4C, 0xBE, 0xCF, 0x58, 0xCF,
    0xB7, 0xFE, 0x7E, 0xE3, 0x5D, 0xD0, 0x16, 0x7C, 0x43, 0x88, 0xB4, 0xD4, 0xA8, 0xC3, 0xAD, 0x75,
    0x62, 0x0C, 0x52, 0x70, 0xDD, 0xC4, 0xFA, 0x03, 0x67, 0x16, 0x52, 0x71, 0xE9, 0x45, 0xF1, 0x87,
    0x87, 0xA5, 0x8A, 0x31, 0xB5, 0xD3, 0xAE, 0x20, 0x0B, 0x6A, 0x61, 0x43, 0x5B, 0x37, 0x61, 0xAD,
    0x53, 0xA3, 0x9E, 0x17, 0xAC, 0x1E, 0x06, 0x73, 0x7A, 0xD6, 0xB5, 0xAC, 0xBA, 0x54, 0x3A, 0x22,
    0x77, 0xE9, 0x8E, 0xB3, 0x32, 0x96, 0x5A, 0xDA, 0x13, 0x69, 0x99, 0xA4, 0xB2, 0x53, 0xF7, 0x81,
    0xC9, 0x67, 0x62, 0xF4, 0xE0, 0x2C, 0xE6, 0x04, 0x63, 0xB0, 0xBF, 0x90, 0xEF, 0x7E, 0x55, 0x90,
    0x65, 0x27, 0x64, 0x06, 0xEB, 0x8B, 0xE9, 0x5B, 0xD5, 0x02, 0x55, 0x1B, 0x62, 0xE6, 0x57, 0x4B,
    0x2C, 0x1B, 0x22, 0xE7, 0x28, 0x28, 0x61, 0xEB, 0x3F, 0x61, 0x1B, 0xCC, 0x5A, 0xE9, 0x47, 0xBE,
    0x8C, 0x59, 0x43, 0x5B, 0xB0, 0x88, 0xFD, 0x2B, 0xFB, 0x81, 0xA0, 0x5D, 0x0A, 0xE7, 0x3D, 0xB5,
    0xD2, 0x77, 0xF6, 0xF7, 0x57, 0x49, 0xB6, 0x73, 0xF8, 0x88, 0xB4, 0xBF, 0xF3, 0xCE, 0xCB, 0xC7,
    0x3E, 0xC4, 0xE0, 0xB4, 0xF9, 0x77, 0x99, 0x8B, 0x37, 0xBC, 0xAF, 0xAA, 0x2E, 0xEC, 0x6A, 0x52,
    0x8D, 0x28, 0xF8, 0x85, 0xDB, 0x17, 0x5C, 0x79, 0x8F, 0x75, 0x42, 0x38, 0x4B, 0xAC, 0xFE, 0x16,
    0xF1, 0xF3, 0xFB, 0xE6, 0x22, 0x13, 0x8C, 0x62, 0x92, 0x08, 0x96, 0x77, 0x5A, 0x1E, 0x92, 0x3C,
    0xEA, 0xE3, 0xED, 0xD6, 0xF5, 0x0F, 0x2F, 0x1B, 0x87, 0x57, 0x27, 0x3F, 0xB9, 0x78, 0x62, 0x60,
    0xDD, 0x29, 0x6A, 0x8D, 0xAB, 0xDF, 0xAA, 0x0F, 0x36, 0x60, 0xF0, 0x85, 0x72, 0xDA, 0x9F, 0x92,
    0x7C, 0xAB, 0xF2, 0xDB, 0xC4, 0x69, 0x1D, 0x2E, 0x4F, 0x6C, 0x33, 0xD1, 0xBF, 0xB1, 0x2A, 0xBB,
    0xEC, 0xD7, 0x2D, 0xBF, 0xD1, 0x5F, 0x37, 0x09, 0xF3, 0x32, 0x70, 0x3A, 0x2C, 0xAF, 0xB9, 0xC0,
    0xA4, 0x46, 0x03, 0x8B, 0x8F, 0x75, 0x31, 0xB6, 0x6F, 0x0D, 0x1A, 0xBD, 0x74, 0x27, 0x2F, 0x95,
    0x7B, 0x4E, 0x30, 0x2E, 0x7D, 0x1B, 0xE7, 0xB2, 0x89, 0x99, 0x8F, 0x94, 0xBD, 0x45, 0xE7, 0x3F,
    0x1D, 0xF0, 0x03, 0xC6, 0x17, 0xF4, 0x05, 0xA7, 0x01, 0xA3, 0x3C, 0xDB, 0x42, 0x1B, 0xA7, 0xCD,
    0xE1, 0x73, 0xCC, 0x99, 0x77, 0x9D, 0xAD, 0x9A, 0xCE, 0x9C, 0x9E, 0xB3, 0xA3, 0x45, 0x7C, 0xB7,
    0xF9, 0x4C, 0xF5, 0x5A, 0xDE, 0xB4, 0x36, 0x4D, 0x07, 0x9E, 0x5E, 0x39, 0x6D, 0xEE, 0xA4, 0x6B,
    0x74, 0x35, 0xD8, 0xAE, 0xCA, 0xAE, 0x86, 0xDC, 0xD5, 0x14, 0x8B, 0x54, 0x89, 0x57, 0x6B, 0x52,
    0x67, 0xAC, 0xB7, 0x4E, 0x3A, 0x0A, 0xD6, 0xC1, 0xF7, 0x78, 0x9C, 0x4D, 0xC6, 0xD5, 0x1A, 0xA3,
    0xA7, 0x3C, 0xF0, 0xD2, 0xDE, 0x9B, 0x42, 0x1F, 0x41, 0xBE, 0x71, 0xDA, 0xC3, 0xB1, 0xA9, 0xCC,
    0x32, 0x5F, 0x0F, 0x07, 0x4F, 0x20, 0x3F, 0x91, 0x07, 0x88, 0xB2, 0x8A, 0x07, 0x8F, 0x80, 0xC3,
    0xC1, 0xAA, 0x69, 0x18, 0xAA, 0x10, 0x25, 0x08, 0x4F, 0xD6, 0xDC, 0xC8, 0x52, 0xE1, 0x61, 0xAC,
    0xF5, 0x7F, 0x7B, 0x48, 0xF1, 0x28, 0x19, 0xDB, 0xD9, 0x45, 0x55, 0x4E, 0xCE, 0x8F, 0x07, 0xC8,
    0x2F, 0xD4, 0x40, 0xCF, 0xA1, 0x60, 0x96, 0x69, 0x32, 0x22, 0xCE, 0x88, 0xDB, 0xD3, 0x11, 0xF7,
    0xA1, 0x9E, 0x3C, 0x18, 0x77, 0x5E, 0x17, 0x2C, 0x68, 0x2D, 0x47, 0x9D, 0xDF, 0xC9, 0x38, 0x0F,
    0x79, 0xDA, 0x54, 0x80, 0xB2, 0x05, 0x9E, 0x58, 0xB1, 0x40, 0x56, 0x2A, 0x33, 0xE3, 0x83, 0x65,
    0x58, 0x9B, 0x91, 0x95, 0xC0, 0xFE, 0x52, 0x30, 0xA9, 0x78, 0xE6, 0x81, 0x37, 0xC8, 0xE3, 0x8B,
    0xBF, 0x69, 0x94, 0x0A, 0xB9, 0xC9, 0x7E, 0xAA, 0x89, 0xFD, 0x22, 0x6A, 0xD9, 0x27, 0x7A, 0xE4,
    0x88, 0x60, 0x92, 0xFE, 0x13, 0x49, 0x55, 0xDC, 0x95, 0x47, 0x7E, 0xAA, 0x99, 0xE8, 0xF7, 0xD7,
    0x27, 0x65, 0xB0, 0xA6, 0x59, 0x45, 0x6C, 0x39, 0x9D, 0x1F, 0xA1, 0x4E, 0x8E, 0xC9, 0xE6, 0xE8,
    0x8E, 0x32, 0x22, 0x9A, 0xD8, 0x90, 0x4C, 0xA7, 0x22, 0x65, 0xEE, 0xAC, 0x51, 0xB3, 0x0C, 0x56,
    0x41, 0x02, 0x97, 0x3D, 0x96, 0x6F, 0x5D, 0x4B, 0xE7, 0x75, 0xCB, 0x16, 0x01, 0xB7, 0x0A, 0x7E,
    0xEA, 0x36, 0x44, 0xD2, 0x7B, 0x1E, 0x2D, 0xC1, 0x86, 0xA8, 0xA7, 0x59, 0x6D, 0x11, 0xE3, 0x43,
    0xA9, 0x76, 0x81, 0x90, 0x83, 0x37, 0x08, 0x03, 0xF2, 0x88, 0xC5, 0x0F, 0x7B, 0x69, 0xA9, 0x73,
    0x6C, 0x37, 0xA9, 0x63, 0xC6, 0x71, 0x0F, 0xE2, 0x46, 0x67, 0xD9, 0x87, 0x71, 0x4B, 0x55, 0xA4,
    0xEE, 0xA3, 0x0E, 0xA4, 0x4E, 0x3E, 0xEE, 0xC2, 0x0E, 0x84, 0x8E, 0x7F, 0xDF, 0x05, 0x3D, 0x30,
    0x8B, 0x3F, 0x6B, 0x83, 0x05, 0xA3, 0x46, 0x7F, 0x6C, 0xFC, 0x25, 0xF7, 0xAE, 0xAF, 0x6B, 0x6F,
    0x6C, 0x5D, 0x21, 0xB2, 0x9D, 0x0E, 0x1F, 0xD5, 0xCC, 0x23, 0xE4, 0xB2, 0xD6, 0xF3, 0xA8, 0x80,
    0x0B, 0xB4, 0xE9, 0x64, 0x75, 0xF1, 0x83, 0x84, 0x27, 0xBE, 0xE0, 0xC0, 0xBC, 0x59, 0xA4, 0xE1,
    0xE8, 0x06, 0x92, 0xD9, 0xDE, 0x01, 0x24, 0x9B, 0x21, 0x49, 0x16, 0x5D, 0x2D, 0x19, 0xCB, 0xA2,
    0x3B, 0x9E, 0x31, 0x4D, 0x96, 0xDF, 0xD6, 0x1A, 0x1A, 0xCC, 0xC9, 0x8A, 0x4C, 0x83, 0x1D, 0x07,
    0xAA, 0x4E, 0x71, 0xD6, 0x67, 0xBF, 0xD1, 0xC7, 0x7E, 0xA6, 0x53, 0x69, 0x3A, 0x12, 0x78, 0x9E,
    0xDE, 0xE7, 0x0D, 0xDF, 0x0C, 0xB8, 0x5E, 0x36, 0xF3, 0x5F, 0x34, 0xBE, 0xE6, 0xBC, 0x27, 0xFD,
    0x2A, 0x6F, 0x4C, 0x73, 0xC8, 0x34, 0x9F, 0x2C, 0xCE, 0x5D, 0x36, 0x56, 0xBE, 0x75, 0xD2, 0x75,
    0x31, 0x6B, 0x0D, 0x12, 0x32, 0x1A, 0xB1, 0x8A, 0x61, 0x3A, 0x87, 0x88, 0x33, 0x0E, 0x32, 0x5D,
    0xE4, 0x18, 0x7E, 0x56, 0x23, 0xBC, 0x94, 0x36, 0xEC, 0xB3, 0x05, 0x09, 0xA2, 0x2E, 0xE5, 0xE4,
    0xD8, 0xA5, 0x20, 0x1E, 0x10, 0x55, 0x52, 0xC1, 0x69, 0x98, 0xED, 0xBA, 0xC2, 0x22, 0xAD, 0xD7,
    0x35, 0x17, 0xE9, 0x2C, 0x9F, 0xF1, 0x80, 0x9E, 0x22, 0xDC, 0x54, 0x90, 0x72, 0xD5, 0x27, 0xC0,
    0xB5, 0xF8, 0x12, 0xC3, 0x4A, 0xC7, 0x79, 0x24, 0x6C, 0x4F, 0xAB, 0xCE, 0x65, 0x09, 0x63, 0x60,
    0xE9, 0x63, 0x05, 0xFA, 0xDF, 0xDE, 0x09, 0x67, 0x54, 0x9D, 0x79, 0xF6, 0xAA, 0x33, 0xD7, 0x9D,
    0x04, 0xAB, 0x18, 0x70, 0x8D, 0xA1, 0x77, 0x5A, 0x4F, 0x16, 0xF6, 0xE6, 0x83, 0x85, 0x57, 0xC7,
    0xB5, 0x5F, 0xED, 0xBF, 0x6D, 0xB1, 0xB7, 0x05, 0xAC, 0x4D, 0x91, 0x51, 0xDD, 0xE1, 0xD6, 0x76,
    0xC0, 0x00, 0xFE, 0x8F, 0x9C, 0x3E, 0xE8, 0xCD, 0x72, 0x7D, 0xB5, 0x7F, 0x8D, 0x32, 0x32, 0xC6,
    0xAF, 0xC7, 0x7F, 0xF9, 0xF6, 0x28, 0x0A, 0x9A, 0x12, 0x9D, 0x4D, 0x93, 0xF0, 0x22, 0x0B, 0x1D,
    0xE3, 0x12, 0xFE, 0xAA, 0x04, 0xF5, 0x1E, 0x26, 0xCB, 0x11, 0x13, 0x2B, 0x72, 0xA1, 0xEF, 0x45,
    0x6B, 0xD4, 0xE5, 0xA4, 0xAD, 0x0B, 0x06, 0xB2, 0xBA, 0x9A, 0x51, 0x34, 0x3B, 0xE5, 0xA9, 0x71,
    0xB1, 0xBA, 0x76, 0x22, 0x17, 0xA9, 0x48, 0xA0, 0xF9, 0xD7, 0xB7, 0x65, 0x47, 0x03, 0x3A, 0x77,
    0xC0, 0xB0, 0x03, 0x30, 0xEF, 0x32, 0xB7, 0x72, 0x8D, 0x39, 0x2F, 0xA7, 0xA4, 0x65, 0x4D, 0x8C,
    0x60, 0x05, 0x86, 0x79, 0x05, 0xBE, 0xB3, 0x38, 0x0F, 0x51, 0x46, 0xC6, 0xD5, 0x3F, 0xAB, 0x99,
    0x45, 0x67, 0x5D, 0xB3, 0x71, 0xF4, 0x99, 0x56, 0x6C, 0x3C, 0xF4, 0xE8, 0xB3, 0x33, 0x40, 0x67,
    0x6E, 0xE8, 0xEC, 0x26, 0x5E, 0x4E, 0x9F, 0xC2, 0xF6, 0xA1, 0x4E, 0x8E, 0xE7, 0x4C, 0x62, 0xBE,
    0xFE, 0x9E, 0x0B, 0xB0, 0xAE, 0xC6, 0xBA, 0x34, 0x87, 0xEE, 0x30, 0xAE, 0xE6, 0xE4, 0xC3, 0xB8,
    0x5E, 0x7E, 0x72, 0x7B, 0xD0, 0xE6, 0x82, 0x5A, 0x54, 0x01, 0xBF, 0xC7, 0x1A, 0x32, 0xB0, 0xB2,
    0x00, 0xD4, 0x4A, 0x56, 0xD4, 0xF2, 0x9B, 0x17, 0x4D, 0xF3, 0xFF, 0x07, 0xED, 0x5B, 0xBD, 0xB3,
    0xDD, 0xC4, 0x15, 0x5F, 0x49, 0x3C, 0x2B, 0x44, 0x93, 0xC8, 0x85, 0x1D, 0x20, 0x4C, 0x50, 0x8A,
    0x14, 0xCE, 0x0C, 0x58, 0x4D, 0x0A, 0x17, 0x7E, 0x4F, 0x22, 0x0D, 0x33, 0x49, 0xE3, 0xC2, 0x17,
    0x4A, 0x28, 0xD2, 0x3B, 0x45, 0x0A, 0x8A, 0x67, 0x4B, 0x38, 0x25, 0x0D, 0x0D, 0x75, 0xFC, 0x1F,
    0x40, 0x41, 0x41, 0xF1, 0x6C, 0x29, 0x50, 0xA4, 0x8C, 0x80, 0x22, 0x25, 0xD7, 0x84, 0x14, 0xA9,
    0xD0, 0x4C, 0x44, 0x22, 0x06, 0x49, 0x9B, 0xF3, 0x3B, 0xE7, 0xAC, 0xAE, 0xEE, 0xF3, 0x7B, 0x06,
    0x83, 0xF1, 0x17, 0xDC, 0x79, 0x77, 0xCF, 0xEE, 0xBB, 0x57, 0xD2, 0xEE, 0xEF, 0x9C, 0x3D, 0x9F,
    0x7B, 0x8D, 0xC1, 0x2B, 0x6A, 0x8C, 0xF1, 0x56, 0xC6, 0xA4, 0xAD, 0x31, 0x85, 0xED, 0x41, 0x43,
    0x6B, 0x6D, 0x99, 0x74, 0x26, 0xED, 0xBC, 0xAA, 0x35, 0xAD, 0xA9, 0x4A, 0x13, 0x0F, 0x5E, 0xEB,
    0x8F, 0xC6, 0x04, 0x53, 0xD0, 0x04, 0x3D, 0x5D, 0x66, 0xA3, 0x3A, 0xA2, 0x2B, 0x4C, 0x65, 0x4D,
    0x0C, 0x9A, 0x0D, 0x26, 0x69, 0x40, 0xD7, 0x26, 0xAD, 0x89, 0xA6, 0x6B, 0x93, 0x81, 0x26, 0xED,
    0x36, 0x8D, 0xBF, 0x82, 0x26, 0x74, 0x1D, 0xEE, 0x43, 0x37, 0xA3, 0x5B, 0x18, 0xDC, 0x4C, 0xEE,
    0x4F, 0xB4, 0x03, 0xCD, 0x4D, 0x38, 0xE0, 0xB9, 0xC6, 0xF8, 0x13, 0xCD, 0x7C, 0xC4, 0x5C, 0x4A,
    0x13, 0xF2, 0x67, 0x9D, 0xB9, 0x84, 0x6B, 0x23, 0x9A, 0x7F, 0x6E, 0x78, 0x72, 0x1D, 0xAF, 0x11,
    0xEB, 0x33, 0xF3, 0x6A, 0x79, 0x32, 0x46, 0x56, 0x4C, 0x2D, 0x7F, 0x25, 0x96, 0x2F, 0xD2, 0x7F,
    0x56, 0xB9, 0xD7, 0x9A, 0xC4, 0xF6, 0x41, 0x43, 0x97, 0xDB, 0x17, 0xEA, 0x60, 0x34, 0xD5, 0x67,
    0x86, 0xD6, 0x9A, 0x8C, 0x26, 0x6E, 0x4C, 0xD4, 0x63, 0x4A, 0xC1, 0x80, 0x09, 0xA1, 0x2D, 0x0D,
    0xC1, 0x42, 0xAD, 0x77, 0xA8, 0xAD, 0xB5, 0xF5, 0x07, 0x93, 0x36, 0xF8, 0x26, 0x3D, 0x33, 0xE8,
    0x70, 0x39, 0x2D, 0x27, 0x98, 0x78, 0xB1, 0x34, 0x4D, 0x4C, 0x40, 0x26, 0x39, 0x4F, 0xD1, 0x78,
    0xBD, 0xD0, 0x60, 0xCA, 0xEC, 0x48, 0xCC, 0xF8, 0xB3, 0x05, 0x0D, 0xEC, 0x55, 0xEB, 0x61, 0x59,
    0x49, 0x99, 0x1A, 0x5C, 0x17, 0x97, 0xBB, 0x4A, 0xF7, 0x85, 0xBE, 0xD6, 0x09, 0x7D, 0x7D, 0x2D,
    0x94, 0x60, 0x61, 0x4A, 0x10, 0x31, 0xAD, 0x95, 0x96, 0x5F, 0x9F, 0x56, 0xB7, 0xA3, 0x34, 0x97,
    0x02, 0xF3, 0x01, 0xF2, 0xF4, 0xBF, 0x4C, 0xB8, 0x65, 0x2E, 0x2B, 0xC0, 0xE0, 0x52, 0x34, 0x1A,
    0x96, 0x12, 0x9F, 0x96, 0x5A, 0x33, 0xDA, 0x76, 0x54, 0x8E, 0xE4, 0x6E, 0xB9, 0x99, 0x10, 0x9A,
    0x2D, 0x93, 0x7A, 0x49, 0x0A, 0x21, 0x61, 0xBD, 0xF3, 0x8A, 0xD9, 0xF9, 0x43, 0x94, 0x93, 0x7C,
    0x56, 0x43, 0x6C, 0x2A, 0x90, 0x5D, 0x13, 0xF6, 0x26, 0x18, 0xE9, 0x4D, 0x7F, 0x76, 0x0D, 0xE2,
    0x13, 0x3E, 0x20, 0xF4, 0xE8, 0x3B, 0x22, 0xC1, 0x16, 0x81, 0x7C, 0xD1, 0x07, 0x31, 0x11, 0x6F,
    0x32, 0x05, 0x4B, 0x9B, 0xFD, 0xDC, 0x5E, 0xC3, 0xEC, 0x4B, 0x4B, 0xCB, 0xF1, 0x2E, 0x9A, 0xE3,
    0x5E, 0xBF, 0x31, 0xC1, 0xBC, 0x30, 0x5A, 0x59, 0xBA, 0x19, 0xC4, 0x37, 0xC7, 0xCD, 0xD7, 0x02,
    0x15, 0x4C, 0xC1, 0xC2, 0xAE, 0x17, 0x77, 0x28, 0xCA, 0xC5, 0xE0, 0x19, 0x73, 0xBB, 0x17, 0xC9,
    0xE7, 0x94, 0x63, 0x56, 0xD8, 0xAF, 0x34, 0x20, 0x74, 0x4C, 0xC6, 0x83, 0x70, 0x5A, 0x5D, 0x22,
    0x40, 0xB3, 0xCF, 0x57, 0x2B, 0x9B, 0xD3, 0x22, 0x4C, 0xC5, 0xDB, 0x91, 0x76, 0x0C, 0x06, 0x71,
    0xAF, 0xDB, 0x08, 0x03, 0x92, 0xEF, 0x8C, 0xE5, 0x1F, 0x03, 0xCF, 0x9A, 0x5D, 0xDE, 0xBB, 0x18,
    0x18, 0x9B, 0x9F, 0x61, 0x16, 0xF0, 0xA0, 0x2A, 0xF9, 0x3F, 0x32, 0x00, 0x5F, 0x82, 0xC9, 0xC8,
    0x00, 0xA2, 0x1C, 0x0E, 0x8B, 0x01, 0x36, 0xD3, 0x3C, 0x20, 0x85, 0xB0, 0x19, 0x54, 0xF5, 0x62,
    0x00, 0x21, 0x73, 0x03, 0xDC, 0x6C, 0x1E, 0x44, 0x83, 0x1B, 0x10, 0x18, 0xBC, 0xFB, 0x65, 0x06,
    0x46, 0x54, 0x83, 0xCC, 0x8D, 0x6F, 0xE6, 0x97, 0x18, 0xD0, 0x0E, 0xA4, 0x89, 0x9B, 0xA8, 0xC6,
    0x80, 0x85, 0x02, 0xD2, 0x8E, 0x01, 0xC9, 0x21, 0xED, 0x38, 0xDA, 0x32, 0x8C, 0x41, 0xCD, 0x72,
    0x99, 0x31, 0x3A, 0x13, 0xDF, 0xCC, 0x17, 0xDC, 0xD6, 0x50, 0x7D, 0x50, 0x1A, 0x34, 0xF8, 0xB7,
    0x71, 0x03, 0xC7, 0x1E, 0x63, 0x4E, 0xCE, 0x7C, 0xAB, 0xBD, 0xD6, 0xF5, 0xFD, 0x2E, 0x6A, 0x1C,
    0x0B, 0xCC, 0x98, 0x96, 0x46, 0x39, 0x40, 0x2C, 0xA0, 0x59, 0x08, 0x03, 0x4C, 0xA2, 0xB8, 0x10,
    0xFE, 0x26, 0x52, 0x58, 0x08, 0x7E, 0xE3, 0x37, 0xC6, 0xA1, 0x2F, 0x0F, 0x11, 0xF0, 0xE7, 0xBE,
    0xD1, 0xC7, 0x2B, 0xF4, 0xE0, 0xAA, 0x43, 0x7E, 0xD3, 0xCF, 0xEA, 0xEC, 0x5F, 0x2F, 0x4E, 0x73,
    0x1F, 0xF2, 0xAB, 0xFD, 0xCB, 0x80, 0x4D, 0xFB, 0xFB, 0x50, 0x40, 0xDA, 0x3F, 0x05, 0x44, 0x97,
    0x0C, 0x98, 0xF1, 0x1F, 0x36, 0x88, 0xBB, 0x79, 0x02, 0xF0, 0x64, 0xBD, 0xC1, 0x1B, 0x9B, 0x5C,
    0xE1, 0xA6, 0xE1, 0x89, 0x5C, 0xD1, 0xC6, 0x56, 0xC9, 0x15, 0x6C, 0x52, 0xC3, 0x49, 0xAE, 0x58,
    0xC7, 0x24, 0x72, 0xC6, 0x41, 0x5D, 0xD3, 0xE2, 0x16, 0x48, 0x1B, 0x05, 0xBA, 0x12, 0x15, 0x88,
    0xD7, 0x63, 0xC6, 0xE4, 0xC0, 0xA0, 0xA5, 0xBB, 0x05, 0x35, 0x54, 0x06, 0xDD, 0xAE, 0x49, 0x00,
    0xC3, 0xCB, 0xAD, 0xF1, 0xFB, 0x1B, 0xAC, 0x08, 0x08, 0x7D, 0x3B, 0xB8, 0x5E, 0xD6, 0xB9, 0x5E,
    0xB2, 0x76, 0xBD, 0xB0, 0x74, 0x3D, 0x79, 0xCD, 0xBD, 0x95, 0xEB, 0x25, 0xF6, 0xCB, 0x16, 0xAA,
    0x77, 0x40, 0x23, 0x3D, 0xE2, 0xC2, 0x25, 0xEA, 0xBD, 0xF9, 0xD2, 0x40, 0xDA, 0x8A, 0xFE, 0x68,
    0x45, 0x2D, 0x4D, 0x9F, 0xAE, 0x20, 0x6D, 0xDF, 0x90, 0x52, 0x0B, 0x61, 0x06, 0x8B, 0x3C, 0xE3,
    0xDE, 0x05, 0x33, 0x01, 0x0B, 0xDC, 0x4F, 0x2C, 0x00, 0x7A, 0x74, 0x95, 0xF6, 0xC8, 0x72, 0x69,
    0x8F, 0x88, 0xF6, 0x2C, 0x83, 0x4C, 0x3D, 0x02, 0xEB, 0x29, 0x48, 0x38, 0x43, 0xB5, 0x47, 0x8C,
    0x21, 0x3E, 0xD1, 0x93, 0xAE, 0x10, 0x49, 0xD9, 0x02, 0x8E, 0xA4, 0x32, 0xAB, 0xCE, 0x54, 0x79,
    0x38, 0x92, 0xD2, 0xFC, 0x8F, 0x7D, 0x8D, 0xE6, 0x37, 0x12, 0x66, 0x57, 0xED, 0x07, 0x3C, 0xE7,
    0x9D, 0x8B, 0xF3, 0xE6, 0x67, 0x1C, 0xC8, 0xD6, 0xAD, 0x17, 0xDD, 0x50, 0xE5, 0xE6, 0xE5, 0x2F,
    0x84, 0x6D, 0x86, 0x67, 0xF6, 0xD0, 0x74, 0x13, 0x12, 0x03, 0xED, 0x9E, 0x25, 0x0C, 0xB4, 0xBB,
    0xE7, 0xD9, 0x52, 0xE5, 0xF9, 0x3A, 0xA9, 0xF8, 0x98, 0xC5, 0xD9, 0x23, 0x7C, 0x60, 0x6F, 0x48,
    0xA7, 0x3D, 0x3D, 0xD2, 0x76, 0xA9, 0x72, 0x96, 0xA6, 0x81, 0xDA, 0xC9, 0x68, 0x37, 0x59, 0xA8,
    0xD9, 0x8D, 0x7D, 0x0D, 0x55, 0xDD, 0x26, 0x9D, 0x00, 0x97, 0xF4, 0x4A, 0x3B, 0x41, 0x2F, 0x5C,
    0xBB, 0x59, 0x7D, 0x3D, 0x6A, 0x3B, 0xA6, 0x9E, 0x52, 0xBA, 0x8F, 0xD0, 0x50, 0x69, 0xF0, 0x8D,
    0x68, 0xA2, 0xF4, 0xAC, 0xD2, 0x3D, 0xA5, 0xD7, 0x85, 0x92, 0x77, 0x11, 0x74, 0xB2, 0xF6, 0xA0,
    0x93, 0xD5, 0xCE, 0x54, 0x05, 0xDD, 0xD1, 0xF0, 0x10, 0x15, 0x1F, 0x48, 0x1C, 0x02, 0xB6, 0xC9,
    0x6A, 0x71, 0x0A, 0x5D, 0xD4, 0xA0, 0x38, 0x6D, 0xAC, 0x52, 0x46, 0x0F, 0x59, 0x17, 0xE4, 0xFF,
    0xF4, 0x4F, 0x8C, 0xB0, 0x8B, 0xE8, 0x19, 0xFC, 0xCF, 0xB0, 0xFA, 0x3A, 0xBA, 0xB1, 0xBD, 0x6B,
    0x9E, 0xE6, 0x2F, 0x7F, 0xE3, 0x66, 0xA2, 0x86, 0xD8, 0x1E, 0xF4, 0xE4, 0x9E, 0xA2, 0x19, 0xD8,
    0x01, 0x95, 0xA6, 0x73, 0xEB, 0xE4, 0xC5, 0x45, 0x6B, 0xB7, 0xAC, 0x2C, 0x77, 0x13, 0x79, 0xDB,
    0x6D, 0x17, 0xD2, 0x48, 0x70, 0x3E, 0x32, 0xD6, 0x3E, 0xEB, 0xCD, 0x20, 0x84, 0x49, 0x2F, 0xDE,
    0x00, 0x03, 0x49, 0xB0, 0x20, 0x09, 0xA9, 0xDA, 0x61, 0xEF, 0xCB, 0x71, 0x31, 0xF8, 0xAF, 0x5D,
    0x0C, 0x3A, 0x52, 0xEE, 0x9B, 0x01, 0x99, 0xC3, 0xCD, 0x00, 0x1E, 0xF0, 0x3C, 0xC0, 0xBE, 0x9E,
    0x07, 0x64, 0xD7, 0x36, 0x03, 0xD2, 0x39, 0x9B, 0x01, 0x69, 0xC7, 0xCD, 0x80, 0x5C, 0xA1, 0xC5,
    0x20, 0xAB, 0x17, 0x83, 0x74, 0xBD, 0x18, 0xC4, 0xED, 0x62, 0x10, 0x0E, 0x8B, 0x41, 0x30, 0xCA,
    0x20, 0xC7, 0xC0, 0xB3, 0x29, 0x54, 0xAB, 0x0C, 0x4C, 0xF5, 0x16, 0x74, 0xB6, 0x0E, 0xB2, 0xCF,
    0xC0, 0x4D, 0xE2, 0x3B, 0x06, 0xA9, 0x05, 0x57, 0x2B, 0x19, 0xC4, 0xEC, 0xD6, 0x8F, 0xEC, 0x08,
    0x11, 0x42, 0x64, 0xD2, 0x61, 0xE1, 0x81, 0x5B, 0x60, 0xE9, 0x0F, 0x90, 0x61, 0xC0, 0x66, 0xD8,
    0x2E, 0x3C, 0x96, 0x9D, 0xA5, 0x6B, 0x94, 0xCC, 0x1F, 0x64, 0x8D, 0xC3, 0xBF, 0x58, 0x3B, 0xF0,
    0xB3, 0xC6, 0x21, 0x4F, 0xE6, 0x79, 0x86, 0x7D, 0x83, 0xF9, 0x06, 0xF0, 0x0D, 0xDA, 0x1B, 0xA8,
    0x15, 0xE7, 0xC0, 0x36, 0x0A, 0x32, 0xF7, 0x04, 0xE1, 0x4B, 0x8D, 0x83, 0x37, 0x6E, 0x1C, 0xB6,
    0xE8, 0x09, 0xB0, 0xDC, 0x63, 0x54, 0xB9, 0xC7, 0x90, 0x72, 0x8F, 0xF1, 0xE4, 0x1E, 0x83, 0xC9,
    0x3D, 0x46, 0x92, 0x7B, 0x0C, 0x23, 0xF7, 0x80, 0xA1, 0xF6, 0x08, 0x40, 0xED, 0x11, 0x7A, 0xDA,
    0x8B, 0xB9, 0xA7, 0xB8, 0x51, 0x4F, 0x41, 0xD3, 0x9E, 0xE1, 0xDE, 0xEC, 0x14, 0x6E, 0x7A, 0xF5,
    0x8C, 0xDA, 0xDC, 0x4B, 0x37, 0xF8, 0xCD, 0x7E, 0xE4, 0x95, 0x19, 0xDD, 0x61, 0x76, 0x4A, 0x36,
    0x2E, 0x49, 0x79, 0xAB, 0x93, 0x38, 0x07, 0x13, 0xCE, 0xF3, 0xDC, 0x1E, 0xBB, 0xCF, 0x6F, 0xFB,
    0x62, 0xDD, 0x99, 0x0D, 0x11, 0xCD, 0x3F, 0x9B, 0xD2, 0x01, 0x61, 0x62, 0x36, 0x79, 0xE3, 0x9A,
    0x3C, 0x81, 0x13, 0x13, 0x3C, 0x77, 0xBA, 0xD9, 0xC4, 0xB2, 0x00, 0x3A, 0x29, 0x1D, 0xEF, 0x2E,
    0x85, 0x7B, 0x44, 0xFA, 0x99, 0x82, 0xA2, 0x2E, 0x21, 0x71, 0x99, 0xA9, 0xCE, 0xD1, 0xD1, 0x71,
    0x1B, 0x1E, 0xA7, 0xCD, 0xFC, 0x7E, 0x1B, 0x2C, 0x87, 0xBC, 0x43, 0xF6, 0xD9, 0x5B, 0x57, 0x7D,
    0xCD, 0x84, 0x20, 0xD7, 0x45, 0x31, 0xA6, 0xEF, 0xA9, 0x91, 0xE5, 0x1B, 0xF8, 0x2E, 0x4E, 0x91,
    0xAF, 0x3E, 0x77, 0x14, 0x6A, 0x62, 0x8A, 0x3D, 0xD9, 0x1E, 0x7A, 0x01, 0x49, 0x29, 0xAB, 0xE2,
    0xBF, 0xF3, 0x5D, 0xE2, 0xD7, 0x85, 0xBC, 0xC0, 0x66, 0x2A, 0x09, 0xF8, 0x09, 0x7B, 0x3E, 0x93,
    0x5D, 0x0E, 0x6D, 0xCD, 0x81, 0x3C, 0x82, 0x37, 0xA6, 0x31, 0x1D, 0x87, 0x07, 0xBE, 0xC4, 0xCA,
    0x81, 0x84, 0xDA, 0x61, 0xCD, 0xEE, 0x4F, 0xC4, 0xDE, 0x0C, 0x49, 0x9F, 0x85, 0xD1, 0x23, 0xBF,
    0x89, 0xB6, 0x39, 0x04, 0x1F, 0x37, 0xDD, 0x13, 0xA7, 0x6D, 0x5F, 0x2C, 0xD6, 0x20, 0xF3, 0x06,
    0x20, 0x55, 0xCE, 0xCF, 0xB4, 0x4D, 0x41, 0xAC, 0xA5, 0xD8, 0xAC, 0xA0, 0x5B, 0x50, 0xB0, 0xC9,
    0x2E, 0x2F, 0xFB, 0xBA, 0x5E, 0x17, 0xD2, 0x84, 0x6F, 0x40, 0x12, 0x33, 0x0E, 0x0A, 0x07, 0x36,
    0x6C, 0x46, 0x3C, 0x58, 0x73, 0x68, 0xE3, 0x43, 0x15, 0x84, 0x98, 0x46, 0x52, 0xD2, 0xD3, 0xB3,
    0xD2, 0x47, 0x98, 0x4C, 0x1C, 0x20, 0x45, 0xB0, 0x65, 0x1E, 0x7E, 0x6E, 0xE1, 0xB1, 0x53, 0x13,
    0xD9, 0x37, 0x47, 0xF8, 0x8D, 0x1C, 0x2A, 0x73, 0xEC, 0x8C, 0x86, 0x23, 0x67, 0x6C, 0xE0, 0x75,
    0x3C, 0x41, 0x55, 0x54, 0x43, 0x60, 0xDB, 0xAC, 0x37, 0xA7, 0xCD, 0x4E, 0x2E, 0x41, 0x96, 0x5F,
    0x22, 0xB6, 0x42, 0x48, 0x15, 0xC0, 0xE5, 0x66, 0xB7, 0xB2, 0xDE, 0x0A, 0x97, 0x28, 0x28, 0xE2,
    0xB7, 0x57, 0x35, 0x1A, 0x9E, 0xDE, 0xE5, 0x37, 0xDD, 0xD7, 0x3D, 0x03, 0xE1, 0xC1, 0x3E, 0x19,
    0xEC, 0x94, 0xB8, 0x15, 0x7F, 0xD4, 0x71, 0x34, 0xEA, 0x81, 0xDF, 0xD5, 0xAD, 0xA2, 0x01, 0x01,
    0xC0, 0xDB, 0x2B, 0x1A, 0x76, 0x15, 0x59, 0x10, 0xEF, 0xE4, 0x2D, 0xF9, 0x99, 0x12, 0xEF, 0x39,
    0x80, 0x6C, 0xCC, 0x2F, 0x44, 0x48, 0x0E, 0x58, 0xED, 0xAB, 0x38, 0xA9, 0xA8, 0xA9, 0x18, 0xEA,
    0xFE, 0x78, 0x75, 0x39, 0x19, 0xCD, 0x8B, 0x14, 0x1C, 0xB6, 0x70, 0xD6, 0x87, 0xEE, 0xFF, 0xA9,
    0x29, 0xA0, 0xDD, 0x73, 0x84, 0x61, 0x1E, 0xA7, 0x7C, 0xC4, 0xD6, 0x5A, 0x09, 0xE5, 0xAB, 0x52,
    0xF3, 0x31, 0x92, 0xEE, 0x69, 0xD2, 0x86, 0xB3, 0x3D, 0x9A, 0xE4, 0x59, 0x92, 0xF8, 0x28, 0xE2,
    0xBE, 0xB2, 0xD6, 0x2C, 0x8F, 0x26, 0x79, 0xF4, 0x9E, 0x9C, 0x86, 0x29, 0xF2, 0x50, 0x44, 0x94,
    0x13, 0x3C, 0xC3, 0x9C, 0xDF, 0xD1, 0xF4, 0x8E, 0xCB, 0xEE, 0x68, 0x72, 0x47, 0xD6, 0x70, 0x12,
    0xF1, 0xC3, 0x3E, 0x04, 0x00, 0x4C, 0x60, 0x2E, 0xD0, 0x82, 0xD6, 0x6E, 0xDF, 0xF1, 0xE6, 0xD9,
    0x3D, 0xA4, 0xD4, 0x90, 0xBB, 0xC0, 0xCA, 0xC9, 0x6B, 0xCA, 0x69, 0x7B, 0x54, 0x0D, 0x92, 0x3C,
    0x2D, 0xE7, 0x78, 0x38, 0xC5, 0x83, 0xB0, 0x68, 0xE4, 0x04, 0x0F, 0xE7, 0x74, 0x16, 0x4D, 0x2D,
    0x8D, 0x3F, 0x70, 0x6A, 0x87, 0x33, 0x3B, 0x31, 0x12, 0x3B, 0x92, 0xD7, 0xE1, 0x98, 0x46, 0xB2,
    0x3A, 0xAB, 0xED, 0xDC, 0x80, 0xE8, 0xE7, 0x2C, 0xE7, 0xA8, 0xC6, 0xC4, 0x37, 0x27, 0x15, 0x09,
    0xD5, 0x4D, 0x2E, 0x0F, 0x90, 0xD5, 0xB7, 0x89, 0xFE, 0x25, 0x27, 0x64, 0x67, 0xCA, 0xFA, 0x05,
    0x4C, 0xF8, 0xA6, 0x39, 0x9E, 0x07, 0x26, 0x27, 0x64, 0x24, 0x27, 0x74, 0x12, 0x11, 0xB7, 0x39,
    0xCF, 0xF7, 0x48, 0x73, 0x48, 0x74, 0xFC, 0x21, 0xBB, 0x79, 0x0C, 0x8F, 0x27, 0xD7, 0x54, 0xF9,
    0x91, 0x6A, 0x97, 0x03, 0xF5, 0xAA, 0x47, 0xD2, 0x86, 0x53, 0x45, 0x88, 0xFE, 0x49, 0x98, 0x24,
    0xB7, 0x23, 0xF9, 0x9E, 0x3B, 0x6A, 0x83, 0x45, 0x4B, 0xF7, 0x91, 0xAC, 0x90, 0x26, 0x85, 0x2C,
    0xE7, 0x84, 0x24, 0x25, 0xA4, 0x19, 0xA1, 0x9D, 0xD5, 0x6A, 0x56, 0x3E, 0x4B, 0x7A, 0xDC, 0x2B,
    0xCD, 0x53, 0x4D, 0x73, 0x55, 0xBC, 0xAA, 0xA2, 0x91, 0xD5, 0xB9, 0xB1, 0xFB, 0xFC, 0xE8, 0xD7,
    0x23, 0x2F, 0x09, 0xA7, 0x57, 0x17, 0x8D, 0xF8, 0xE8, 0xAE, 0x3D, 0x0A, 0xC2, 0x3D, 0x06, 0x0C,
    0x6B, 0x17, 0xF8, 0xA4, 0x2F, 0xFF, 0x3F, 0xEE, 0x75, 0x9F, 0xE5, 0x64, 0x56, 0xC3, 0xCE, 0x3B,
    0x89, 0x94, 0xA6, 0x1A, 0xAF, 0x56, 0xA5, 0xA6, 0x98, 0xF4, 0xEB, 0xF9, 0x0F, 0xF2, 0xF2, 0x35,
    0xE4, 0x45, 0x61, 0x15, 0xC7, 0x49, 0x20, 0x4D, 0xFB, 0x19, 0x4E, 0x05, 0x33, 0x7F, 0xE8, 0x65,
    0x67, 0x3B, 0xD3, 0xBC, 0x27, 0xF1, 0x90, 0x89, 0x3F, 0x10, 0x2C, 0x42, 0x57, 0xF3, 0x70, 0xD6,
    0xC4, 0x25, 0x94, 0x9F, 0xF9, 0x41, 0xF7, 0xDC, 0x91, 0x2C, 0xE1, 0xF5, 0x27, 0x13, 0xE6, 0x88,
    0xB9, 0x00, 0x45, 0xF2, 0xE1, 0x30, 0xC3, 0xEB, 0x89, 0x6F, 0x75, 0x8C, 0x15, 0x7A, 0x28, 0xE5,
    0x2A, 0x76, 0x93, 0x77, 0x59, 0x21, 0x17, 0x28, 0xB9, 0x0C, 0x75, 0xA5, 0xB8, 0x44, 0xF5, 0x96,
    0x52, 0xFA, 0x41, 0x8E, 0x6E, 0x2B, 0x47, 0x91, 0xB8, 0x7A, 0xBC, 0x17, 0x63, 0x56, 0x46, 0xE1,
    0xB4, 0x28, 0x6D, 0x85, 0xEB, 0x47, 0xC3, 0x9E, 0xB1, 0x1F, 0x5B, 0x9A, 0x33, 0xAC, 0x67, 0xA5,
    0x80, 0x39, 0xC9, 0xA2, 0x33, 0x81, 0x25, 0x16, 0xF3, 0x1D, 0xA8, 0xA1, 0x6B, 0xB7, 0xC2, 0x90,
    0x8B, 0xE6, 0x0D, 0x76, 0xE8, 0x6F, 0xB6, 0xEC, 0xDE, 0x4F, 0xC8, 0x9D, 0x4B, 0x18, 0x42, 0x9E,
    0x3E, 0xC5, 0x04, 0x5C, 0x79, 0xEE, 0x25, 0x0C, 0x19, 0x04, 0xEF, 0x03, 0x29, 0x0C, 0x9D, 0x97,
    0xD4, 0xFF, 0xAF, 0x58, 0x66, 0x36, 0xAE, 0xF3, 0xB1, 0x84, 0x82, 0xE3, 0x05, 0x21, 0x56, 0xE0,
    0x3A, 0x5A, 0x1E, 0xD7, 0x39, 0x06, 0xBE, 0x27, 0x48, 0xC7, 0x84, 0x8B, 0x5A, 0x03, 0x87, 0x21,
    0xBE, 0x86, 0x21, 0x03, 0x87, 0x21, 0x80, 0x01, 0x61, 0xC8, 0x81, 0x84, 0x21, 0xE7, 0xB7, 0xC3,
    0x10, 0xF3, 0x2E, 0xAB, 0x84, 0x3D, 0x8E, 0xB0, 0x93, 0xBF, 0x71, 0x62, 0x92, 0xF5, 0x45, 0x20,
    0x21, 0x9B, 0x20, 0xB1, 0xBF, 0xC5, 0x40, 0xE4, 0xED, 0x56, 0xF0, 0x6D, 0x53, 0xFB, 0xCF, 0xB7,
    0x6A, 0x8A, 0x8D, 0xED, 0xEF, 0x80, 0x95, 0x95, 0xC2, 0x02, 0x17, 0x53, 0x92, 0x1A, 0xF1, 0x1F,
    0xFE, 0xD6, 0xDA, 0x52, 0x04, 0x16, 0x75, 0x5C, 0xBD, 0x19, 0xB9, 0x32, 0x6C, 0x59, 0xF4, 0x38,
    0xCB, 0xE4, 0xB7, 0xA7, 0x66, 0xE9, 0x8A, 0x44, 0xF8, 0x5A, 0xAD, 0x11, 0xD0, 0x24, 0x02, 0x49,
    0x12, 0x70, 0xB6, 0x98, 0xBE, 0x43, 0x30, 0x20, 0xE9, 0xC4, 0x55, 0x0D, 0xB4, 0xB9, 0x31, 0x73,
    0xED, 0x9A, 0x9E, 0xD2, 0x71, 0x52, 0x01, 0xB9, 0x51, 0x64, 0xD6, 0xC9, 0xC9, 0xCD, 0xEF, 0x3C,
    0x76, 0xCC, 0x1F, 0x9C, 0xD8, 0x71, 0x71, 0x30, 0xC0, 0xD3, 0x94, 0xF7, 0x81, 0x78, 0x5B, 0xED,
    0x32, 0x4D, 0x2E, 0xA8, 0x89, 0xB0, 0x61, 0x81, 0x9A, 0xBE, 0x11, 0x63, 0x7A, 0xF1, 0xAE, 0x45,
    0x90, 0xD9, 0x11, 0x11, 0xA4, 0xA7, 0x11, 0x24, 0xDD, 0xD9, 0xBB, 0x84, 0x07, 0x5E, 0x76, 0x89,
    0x3A, 0xCE, 0x5E, 0x6D, 0xF2, 0xDD, 0x1C, 0x12, 0x89, 0x2D, 0x3A, 0x2D, 0x2B, 0xB9, 0xB0, 0xF4,
    0x1B, 0xA3, 0x7E, 0xE9, 0x54, 0xCA, 0xD4, 0x03, 0xF9, 0x9F, 0x9F, 0x6F, 0x57, 0x92, 0xF3, 0x45,
    0x72, 0x2A, 0xFA, 0x87, 0x88, 0x4A, 0xBE, 0x45, 0xFE, 0xDA, 0x2E, 0xBE, 0x72, 0x4C, 0x52, 0x4B,
    0xC4, 0xED, 0x50, 0x52, 0xAB, 0xFF, 0x1A, 0x49, 0xAD, 0xFC, 0xAB, 0x93, 0x5A, 0xED, 0xB7, 0x4D,
    0x6A, 0xA9, 0x89, 0x2B, 0xB8, 0xCA, 0x98, 0xAB, 0x1E, 0x66, 0x11, 0xBA, 0x3C, 0xAB, 0xD0, 0x0D,
    0x6C, 0x29, 0x3E, 0xBD, 0x72, 0x09, 0x3E, 0x25, 0xCC, 0x00, 0x37, 0x3C, 0xCC, 0xA6, 0x0D, 0xB2,
    0xF7, 0x23, 0xF9, 0xE5, 0x4A, 0x9C, 0x0B, 0x53, 0x6D, 0x2A, 0xED, 0xF8, 0xAE, 0x68, 0x3D, 0xCF,
    0x6F, 0x3E, 0x80, 0xF0, 0xD8, 0xE1, 0xE4, 0xA4, 0x95, 0x6A, 0xAC, 0x74, 0xC0, 0xB1, 0xF8, 0xEA,
    0x20, 0x07, 0x63, 0x12, 0x9A, 0x39, 0x4B, 0x50, 0x06, 0xA6, 0xE1, 0x4E, 0x97, 0xD1, 0xC1, 0x26,
    0x19, 0xD0, 0x39, 0x87, 0xEC, 0xBB, 0xF0, 0x93, 0xB8, 0xA6, 0x9D, 0x00, 0x19, 0xEF, 0xC7, 0xD9,
    0x3D, 0x80, 0xB5, 0x60, 0xEB, 0x09, 0xBD, 0x8A, 0x39, 0xAC, 0x5E, 0x1C, 0x57, 0x85, 0xD1, 0xB3,
    0x09, 0x56, 0xCB, 0xBE, 0xDC, 0x61, 0x7B, 0x93, 0x31, 0xF3, 0xE5, 0xCB, 0xC4, 0x7E, 0xB9, 0x3C,
    0x62, 0xF5, 0x23, 0xC6, 0x58, 0x3A, 0xA9, 0x68, 0xE1, 0x84, 0x19, 0x3F, 0xA0, 0x30, 0x76, 0x20,
    0x9D, 0x3D, 0x23, 0x07, 0x36, 0xCC, 0x75, 0xF0, 0x9D, 0xF6, 0x7F, 0x38, 0x82, 0xF3, 0x78, 0xC4,
    0x50, 0x48, 0x85, 0x57, 0x0A, 0xA4, 0x87, 0x82, 0x2E, 0x67, 0x8B, 0x1C, 0x58, 0x89, 0x66, 0x34,
    0x9D, 0xA1, 0x7D, 0xE7, 0xB6, 0xB1, 0xFB, 0xCE, 0x05, 0xB6, 0x7E, 0xC4, 0xC9, 0xBC, 0x20, 0xCE,
    0x93, 0xA4, 0x7E, 0x22, 0xCC, 0x8F, 0xEC, 0x3A, 0x04, 0xEB, 0x7D, 0xCB, 0x0C, 0x45, 0xE5, 0x9B,
    0x94, 0x6A, 0xC4, 0x49, 0x72, 0xAB, 0x99, 0x6A, 0xAB, 0x2C, 0x98, 0x20, 0x0E, 0x5C, 0xE1, 0x85,
    0x72, 0x5D, 0x51, 0xBC, 0x4B, 0x42, 0x31, 0xE9, 0x11, 0xA5, 0x49, 0x8D, 0x96, 0xDD, 0xA2, 0xA5,
    0xEC, 0x3D, 0x92, 0x11, 0xDA, 0x75, 0x3F, 0x81, 0x98, 0x7C, 0xDC, 0x9B, 0x1B, 0xD8, 0x22, 0x21,
    0x8E, 0x1F, 0x20, 0x99, 0x84, 0x5A, 0x8B, 0x39, 0x9D, 0xBB, 0x62, 0x8C, 0x66, 0x6A, 0x55, 0x93,
    0x65, 0xED, 0xE2, 0x80, 0x8D, 0x1E, 0x3F, 0x88, 0xDF, 0x38, 0x94, 0x15, 0xF4, 0xAE, 0xB1, 0x66,
    0x87, 0x6D, 0xA0, 0xD9, 0xFD, 0xA5, 0x66, 0xCD, 0x6E, 0x59, 0x4F, 0xC4, 0x5B, 0x9A, 0x3D, 0x12,
    0xCD, 0x9E, 0x70, 0x81, 0xD6, 0x64, 0xA2, 0xD9, 0x07, 0xD6, 0xEC, 0x41, 0xC7, 0x9A, 0x3D, 0x6A,
    0x58, 0x6D, 0xA7, 0x25, 0x93, 0x42, 0x74, 0xF9, 0xC0, 0x84, 0x14, 0x19, 0x08, 0x8C, 0x19, 0x91,
    0xB4, 0x64, 0xCD, 0x7E, 0x83, 0x35, 0xFB, 0x4D, 0xD4, 0x83, 0xEA, 0xE4, 0x7F, 0x2D, 0x6B, 0x76,
    0xE8, 0x17, 0xD2, 0xEC, 0x96, 0xFD, 0x36, 0x54, 0x30, 0x88, 0x85, 0x9E, 0x68, 0x76, 0x9C, 0xA4,
    0x21, 0xCD, 0x1E, 0x7F, 0xCC, 0x59, 0xC1, 0xF4, 0x79, 0xD6, 0xEC, 0xBF, 0x9E, 0x4F, 0x7C, 0x3D,
    0xB3, 0x48, 0xF2, 0xF3, 0xE6, 0xF0, 0xB5, 0x34, 0xBB, 0xA9, 0xB9, 0x3C, 0x77, 0x1C, 0x83, 0x2F,
    0x7A, 0x6F, 0x80, 0x2D, 0xAF, 0x37, 0x9A, 0x72, 0x4C, 0x9B, 0x88, 0x4B, 0x1B, 0xBE, 0xC5, 0x3E,
    0xA6, 0xD9, 0x40, 0x52, 0x6D, 0x8D, 0x33, 0x00, 0xB4, 0x96, 0xDE, 0x0C, 0x69, 0x13, 0xF4, 0x41,
    0x9B, 0x50, 0x1B, 0xD7, 0x68, 0x53, 0x5A, 0x49, 0x30, 0x1C, 0xA0, 0x9D, 0x3A, 0x5A, 0x8E, 0x4F,
    0xEB, 0x80, 0x3C, 0xE4, 0x98, 0x10, 0x9F, 0xCE, 0xA2, 0x20, 0x8D, 0x2E, 0x0F, 0x3F, 0x63, 0xC9,
    0xB9, 0x8A, 0x87, 0x3C, 0x05, 0xC1, 0xC2, 0xA4, 0xDE, 0x91, 0x89, 0x8F, 0x52, 0x3E, 0xE3, 0xB9,
    0x27, 0x1D, 0x3B, 0x8D, 0xFE, 0x28, 0xAC, 0x4C, 0xC5, 0x6E, 0x79, 0xB7, 0xEC, 0xED, 0x87, 0xBB,
    0xF8, 0x70, 0x3E, 0x84, 0xD3, 0x0B, 0xF3, 0x5B, 0x60, 0x86, 0xE9, 0xFB, 0xD8, 0xD4, 0xED, 0x75,
    0xCC, 0x03, 0x91, 0xC4, 0xB3, 0x61, 0x7E, 0x04, 0xAB, 0xEE, 0x95, 0xFE, 0xF5, 0x24, 0x33, 0xA3,
    0x55, 0xA0, 0x44, 0xF4, 0x4A, 0x96, 0xDF, 0x10, 0xF5, 0x92, 0x48, 0xC1, 0x39, 0x12, 0x4B, 0xEC,
    0x3D, 0x1A, 0xFC, 0x10, 0xFD, 0xC8, 0xD5, 0x1F, 0x84, 0x38, 0x1E, 0x8E, 0x3D, 0x91, 0xB6, 0x5F,
    0xC3, 0xDF, 0x6F, 0xE1, 0x48, 0xBC, 0x72, 0x3F, 0x58, 0x21, 0x1B, 0x24, 0x2B, 0xC7, 0x79, 0x7B,
    0xD0, 0xEE, 0x68, 0xE6, 0xCD, 0x21, 0x7B, 0xE3, 0x96, 0xAD, 0x51, 0x31, 0x2E, 0x15, 0xC3, 0x82,
    0xC3, 0x13, 0x3D, 0x9F, 0x24, 0xE1, 0x96, 0x2E, 0x40, 0x7B, 0x9E, 0xDB, 0x33, 0x5A, 0x2F, 0x99,
    0xDB, 0x78, 0xD1, 0xA6, 0xAC, 0xF5, 0xED, 0xDC, 0x4E, 0x30, 0x6E, 0x87, 0xBE, 0xB3, 0x63, 0x0E,
    0xDF, 0x81, 0x3E, 0x90, 0x63, 0x1D, 0x68, 0x33, 0x6E, 0xAF, 0x60, 0x0E, 0x27, 0x26, 0x9E, 0xCF,
    0xA8, 0x6D, 0x0C, 0x77, 0x2B, 0x79, 0xAF, 0xD7, 0x03, 0x83, 0x61, 0x87, 0x82, 0xFC, 0x80, 0xFA,
    0xDB, 0x1E, 0xF6, 0x45, 0xE4, 0x35, 0x47, 0x97, 0x67, 0x13, 0x29, 0xC9, 0x8F, 0x12, 0x35, 0xF0,
    0x69, 0x24, 0xD2, 0xAB, 0x69, 0x4D, 0x42, 0x91, 0xD6, 0x84, 0x67, 0xCA, 0xE7, 0xC6, 0xB8, 0x29,
    0xB3, 0x37, 0x57, 0x2B, 0xF6, 0xF5, 0x25, 0x32, 0xE2, 0x86, 0x5D, 0x71, 0x36, 0xFF, 0xC4, 0xEE,
    0xA0, 0x24, 0x25, 0x9B, 0xA0, 0x92, 0x31, 0x6D, 0x55, 0x32, 0x58, 0xF8, 0x23, 0x1E, 0x8B, 0xE8,
    0x8B, 0xE4, 0x8B, 0xE0, 0x8B, 0xDC, 0x2F, 0xC4, 0xFE, 0xC1, 0x07, 0x5B, 0x2E, 0x60, 0xF3, 0x92,
    0x02, 0xBF, 0x2B, 0xA8, 0x12, 0xBF, 0x83, 0xAD, 0xD1, 0xD2, 0xDC, 0x28, 0x28, 0x7D, 0xF2, 0x7E,
    0xE0, 0x7C, 0xDE, 0xAC, 0x4D, 0x45, 0x5B, 0xA6, 0x78, 0xCF, 0x9A, 0xB4, 0xB5, 0x65, 0x38, 0xD0,
    0x96, 0x2E, 0x08, 0xB8, 0x9D, 0x85, 0x93, 0x5A, 0xF1, 0x49, 0xA7, 0xC1, 0x9C, 0x80, 0xE8, 0x4F,
    0xE6, 0xAE, 0xBF, 0xE1, 0x4A, 0xEA, 0x33, 0xF6, 0xC9, 0xE1, 0xBC, 0x41, 0x8B, 0x2C, 0x7E, 0x4F,
    0xAB, 0x7D, 0xBF, 0xA7, 0xC8, 0x88, 0xAC, 0x6F, 0x47, 0x8C, 0x39, 0x17, 0x1E, 0x91, 0xD0, 0x19,
    0xE5, 0xFD, 0xC4, 0xA8, 0x89, 0xD8, 0x3B, 0x7C, 0xC3, 0xB8, 0x22, 0xA6, 0xE4, 0x77, 0xC3, 0xEE,
    0x4C, 0x4C, 0xE8, 0x24, 0x65, 0x61, 0x76, 0x29, 0x16, 0x39, 0x47, 0x98, 0x9D, 0x34, 0x5E, 0x7E,
    0xAF, 0x4B, 0xBC, 0x10, 0xFD, 0x00, 0x67, 0x13, 0x71, 0x42, 0x3E, 0x3F, 0x20, 0x1E, 0x9D, 0x25,
    0x3F, 0x38, 0x36, 0xBF, 0x34, 0x3F, 0xFE, 0xEE, 0xCA, 0xBB, 0xAF, 0x7A, 0x1C, 0x50, 0x59, 0x09,
    0xA1, 0xAA, 0xF7, 0xC5, 0x21, 0x5C, 0xB3, 0x0D, 0x09, 0x7B, 0x71, 0x57, 0xAF, 0x78, 0x9D, 0xB8,
    0xF7, 0x27, 0x1F, 0xC5, 0xBA, 0x6E, 0x58, 0xBE, 0x8B, 0x48, 0x7C, 0xC4, 0xE1, 0x59, 0x0B, 0xF3,
    0x05, 0xB6, 0xDC, 0x80, 0xDF, 0x96, 0xFC, 0x16, 0xC7, 0x2F, 0xCB, 0xB7, 0x8F, 0xD0, 0x86, 0xF7,
    0xAA, 0xAE, 0xEB, 0xF3, 0xC9, 0x5F, 0x7A, 0x96, 0xE6, 0xB9, 0x78, 0xDA, 0xD7, 0x25, 0xBA, 0x60,
    0xFD, 0x31, 0x17, 0xE6, 0x4B, 0xF3, 0xA3, 0x47, 0xAB, 0xDC, 0xCE, 0x09, 0x83, 0x50, 0x5C, 0x0C,
    0x78, 0x16, 0xCF, 0x0F, 0x50, 0x5B, 0xBB, 0x48, 0x98, 0xFF, 0xD4, 0xD0, 0xA6, 0x78, 0xFC, 0x7E,
    0x70, 0xE4, 0x5B, 0xFA, 0xCC, 0x34, 0xB9, 0x4F, 0xD5, 0x6A, 0x95, 0x7C, 0x80, 0xBB, 0x92, 0x73,
    0xD0, 0x91, 0x1C, 0x8D, 0xF6, 0xF5, 0xB8, 0xBB, 0x3D, 0x9E, 0x78, 0xF2, 0x15, 0x3D, 0x4B, 0x2D,
    0xA7, 0xE0, 0x57, 0x50, 0x4E, 0x9A, 0x39, 0xF3, 0xAC, 0x14, 0x0F, 0x26, 0x5F, 0x4F, 0xBB, 0x57,
    0x72, 0xA2, 0x3A, 0x93, 0x53, 0xF1, 0xA9, 0x9C, 0xB5, 0x86, 0x71, 0x98, 0x2F, 0x77, 0x07, 0xEB,
    0x03, 0x31, 0x56, 0xD0, 0x8E, 0x78, 0xD3, 0x0C, 0x0B, 0xFB, 0x05, 0xBD, 0x73, 0x9C, 0x76, 0x4D,
    0x24, 0xA3, 0xE8, 0x5D, 0x30, 0x31, 0x34, 0x06, 0x7B, 0x0F, 0xC9, 0x27, 0xC8, 0x51, 0xB6, 0x1C,
    0x2B, 0x21, 0x09, 0xB0, 0x17, 0x1D, 0xE7, 0x3D, 0xD0, 0x65, 0x59, 0x9F, 0xD0, 0x2C, 0x28, 0x58,
    0xCE, 0x9F, 0x18, 0x3A, 0x9A, 0x94, 0x45, 0xCA, 0xD9, 0xE6, 0x1C, 0xA2, 0x70, 0xF4, 0x7A, 0xCA,
    0xDC, 0xEE, 0xA4, 0xE7, 0x2D, 0x0D, 0x9B, 0xD5, 0x54, 0x0E, 0x58, 0xF2, 0x52, 0xEF, 0xC0, 0x6B,
    0xDE, 0x79, 0xB4, 0x38, 0x22, 0x01, 0x67, 0x0C, 0x87, 0x3F, 0xC3, 0xF2, 0x2F, 0x23, 0xB3, 0xD2,
    0x99, 0x77, 0x71, 0xBC, 0xF6, 0x08, 0x17, 0xE3, 0x1E, 0x30, 0x23, 0x66, 0xD5, 0x84, 0x73, 0x86,
    0x95, 0xD0, 0x56, 0xD2, 0x47, 0xD1, 0xA0, 0x25, 0x9F, 0x2A, 0xEC, 0xF5, 0x0B, 0x72, 0xD8, 0xD0,
    0xCB, 0x1F, 0xFB, 0x1E, 0x56, 0x6E, 0x82, 0xFA, 0x55, 0x4E, 0x9A, 0x8C, 0x46, 0xBD, 0x70, 0x24,
    0x6B, 0x21, 0xC6, 0x15, 0x9F, 0x9F, 0x4E, 0xAE, 0x72, 0x02, 0xB6, 0xFE, 0xE3, 0x03, 0x59, 0x8F,
    0x29, 0x1A, 0xF5, 0x46, 0x24, 0xC5, 0x15, 0xDB, 0x49, 0x0F, 0xE4, 0x4A, 0xC2, 0x7B, 0x17, 0xE9,
    0x28, 0x83, 0x4C, 0x5E, 0x50, 0xEB, 0x91, 0x9B, 0xFC, 0xFB, 0x54, 0xDB, 0x65, 0x75, 0x14, 0x48,
    0xD6, 0x93, 0x21, 0x4A, 0xF3, 0xEB, 0x0C, 0xCB, 0x59, 0x06, 0x05, 0xD9, 0xCB, 0xC3, 0x8E, 0xDD,
    0xFD, 0xE6, 0xA9, 0x77, 0xD1, 0xA3, 0xE0, 0xC2, 0x7E, 0x54, 0xD3, 0xA2, 0xBE, 0x6C, 0x68, 0x87,
    0x56, 0x4D, 0xBC, 0xC6, 0xE1, 0xE5, 0x9A, 0xFC, 0x23, 0xD8, 0x4F, 0x34, 0x3E, 0x5B, 0xFB, 0x6B,
    0xD9, 0xDA, 0x9D, 0x7C, 0x88, 0x39, 0xD1, 0x4D, 0x7A, 0x09, 0x9A, 0x6E, 0xAD, 0x40, 0xF8, 0xAC,
    0x4E, 0xA5, 0x24, 0x55, 0x71, 0xC2, 0x17, 0x3A, 0x30, 0xEA, 0x7A, 0x08, 0xFA, 0x01, 0x0E, 0xD5,
    0xDF, 0x40, 0x91, 0x81, 0x4C, 0x7C, 0xD8, 0x16, 0xA8, 0x38, 0x15, 0xB4, 0xE8, 0xF2, 0x32, 0x34,
    0xE6, 0xB9, 0xC3, 0xC7, 0xDA, 0x7A, 0x77, 0x94, 0x98, 0xCF, 0x15, 0xCB, 0x2F, 0x98, 0x00, 0xA2,
    0xE8, 0x98, 0x7E, 0xEB, 0x67, 0x04, 0x3B, 0x17, 0x5E, 0xF1, 0xEC, 0xD8, 0x22, 0x31, 0x10, 0x93,
    0x07, 0x90, 0x94, 0x7E, 0x47, 0x71, 0x6D, 0x47, 0x2B, 0xF8, 0x03, 0x72, 0x16, 0x31, 0xB9, 0x53,
    0x21, 0xE6, 0x87, 0xF4, 0x25, 0xFB, 0x16, 0x49, 0x0F, 0x97, 0x8F, 0x82, 0xC4, 0x61, 0x0F, 0x49,
    0xC5, 0xDC, 0xEB, 0xB3, 0x75, 0xD8, 0x92, 0x3B, 0xDE, 0x9C, 0x25, 0xB1, 0x7C, 0x72, 0xE7, 0xC2,
    0xE6, 0xF7, 0x0C, 0x60, 0x3D, 0x96, 0xC1, 0x3A, 0x9A, 0xFA, 0xFE, 0x9A, 0x73, 0x21, 0x62, 0x54,
    0x24, 0x11, 0x42, 0x97, 0x08, 0xC9, 0x93, 0x2F, 0x5E, 0x1A, 0x5F, 0xB4, 0x79, 0xCA, 0xA9, 0xBB,
    0x32, 0x45, 0xDA, 0x23, 0x91, 0x9F, 0x4F, 0xC5, 0xF5, 0x2E, 0x48, 0x58, 0xEF, 0x33, 0x63, 0x9A,
    0x53, 0xFC, 0x9B, 0xAA, 0x7C, 0xCE, 0x15, 0x7F, 0xF7, 0x24, 0x92, 0x9F, 0x80, 0x48, 0xC6, 0x5A,
    0xC9, 0xA1, 0x97, 0x56, 0x77, 0xF4, 0x82, 0x50, 0x44, 0xDB, 0x57, 0x09, 0x17, 0xDD, 0xAE, 0xD5,
    0x45, 0xFD, 0xB1, 0x9A, 0x5F, 0x2F, 0xAE, 0x3E, 0xA3, 0x9F, 0x1E, 0xE8, 0x19, 0x69, 0xCD, 0x9D,
    0xC3, 0xAA, 0x15, 0xB4, 0x5D, 0xC8, 0xD8, 0xD6, 0x3F, 0x1B, 0x57, 0xC8, 0xDD, 0x9B, 0x3B, 0x79,
    0x7B, 0xE2, 0x43, 0x5E, 0x33, 0x96, 0xB3, 0x46, 0x39, 0xDB, 0x3E, 0x57, 0x55, 0x83, 0xC1, 0xC6,
    0x9B, 0xA7, 0xBC, 0xCF, 0xA9, 0x2B, 0xE6, 0x50, 0x20, 0x95, 0x8C, 0xFF, 0x03, 0x6D, 0x90, 0x3D,
    0x4E, 0x04, 0x21, 0x18, 0x86, 0xDF, 0xD9, 0x31, 0x12, 0x43, 0x81, 0x8D, 0xA5, 0x72, 0x01, 0x5D,
    0xDA, 0x2D, 0x66, 0x05, 0x6F, 0x60, 0xA1, 0xBD, 0x87, 0x58, 0x93, 0x2D, 0x74, 0xE1, 0x10, 0x1E,
    0xC0, 0x63, 0x6C, 0xE1, 0x64, 0x88, 0xCD, 0xB6, 0x24, 0x5E, 0x80, 0xC2, 0xC4, 0x96, 0x82, 0x62,
    0x4C, 0x66, 0x16, 0xBF, 0x31, 0xC6, 0x58, 0x08, 0x5F, 0x42, 0x3E, 0xC2, 0xCF, 0xF3, 0xBC, 0x17,
    0xD0, 0x46, 0x7B, 0x99, 0x58, 0x8F, 0x16, 0x12, 0xC0, 0x12, 0x5D, 0x55, 0xEA, 0x41, 0x44, 0x65,
    0x16, 0xD4, 0xA2, 0x01, 0x0A, 0x66, 0xC5, 0xB1, 0x12, 0xC4, 0x5B, 0xD2, 0x18, 0xB6, 0x98, 0x1F,
    0xE3, 0x00, 0x06, 0xE0, 0x23, 0x9C, 0x2C, 0x1F, 0x7E, 0xA1, 0x8A, 0x41, 0x35, 0xE2, 0xE4, 0xF6,
    0xC6, 0x96, 0x91, 0xEA, 0x0E, 0x47, 0x2B, 0x9C, 0x3D, 0x60, 0xA9, 0xAF, 0x06, 0x59, 0x32, 0x2F,
    0xA1, 0xDA, 0x1B, 0x65, 0x6C, 0xE8, 0xA2, 0x0D, 0xCA, 0x48, 0xA7, 0x8C, 0x0E, 0xD6, 0xEB, 0xD8,
    0xF9, 0x69, 0x9D, 0xFA, 0xC3, 0x4F, 0xA8, 0xE2, 0x1E, 0x85, 0x6F, 0x79, 0x68, 0x84, 0x87, 0x76,
    0xD8, 0xA3, 0xEA, 0x51, 0x25, 0xE0, 0x1A, 0x22, 0xEB, 0xB1, 0xDD, 0x64, 0x99, 0x65, 0xBB, 0xB1,
    0x83, 0xCC, 0xD8, 0x72, 0x53, 0x0D, 0xCA, 0xD7, 0x83, 0x75, 0x2C, 0x15, 0x88, 0xD7, 0x1E, 0x73,
    0x16, 0xB0, 0xE0, 0xF8, 0x1E, 0x04, 0x48, 0x98, 0x04, 0x2B, 0x76, 0x89, 0xC0, 0x09, 0x9F, 0x24,
    0x48, 0x65, 0xCD, 0x0D, 0x46, 0x7A, 0xBD, 0x13, 0x09, 0x7A, 0x97, 0xC1, 0xC3, 0x80, 0x59, 0xBA,
    0x04, 0x56, 0x3F, 0x17, 0x3B, 0xC3, 0x4A, 0x24, 0x64, 0x02, 0x6F, 0xB0, 0x24, 0x09, 0x52, 0x01,
    0x98, 0x13, 0x94, 0x4B, 0x03, 0xEB, 0x08, 0xDA, 0x4B, 0xC3, 0xA2, 0xC8, 0xB2, 0x97, 0x3D, 0xEF,
    0x91, 0x91, 0x66, 0x91, 0x79, 0x85, 0x17, 0x3C, 0x43, 0x3A, 0x1B, 0x2C, 0x29, 0x4A, 0xF7, 0x9F,
    0x22, 0xED, 0x78, 0xD2, 0x0F, 0xB5, 0xE7, 0x4E, 0xE2, 0x9C, 0x7E, 0xAB, 0x3D, 0x98, 0x01, 0x27,
    0xBF, 0x11, 0xD0, 0x53, 0xDD, 0x77, 0xE8, 0x46, 0x90, 0x20, 0xD6, 0x75, 0x14, 0x5E, 0xC3, 0x4E,
    0xF3, 0x49, 0x8F, 0xFC, 0x9D, 0xCE, 0xAF, 0x70, 0xFA, 0x27, 0xD4, 0x48, 0xA1, 0xFE, 0x46, 0xFE,
    0x05, 0xED, 0x5C, 0xBD, 0x8F, 0xDC, 0xD6, 0x11, 0x1F, 0x92, 0xBA, 0x23, 0x22, 0x22, 0xA1, 0x0B,
    0x19, 0x91, 0x23, 0xD8, 0x4C, 0x19, 0x20, 0x51, 0xD8, 0xA4, 0x70, 0xA1, 0x13, 0x29, 0x05, 0x89,
    0x5B, 0x05, 0xD0, 0x95, 0x09, 0x5C, 0xB8, 0x0D, 0xD4, 0xAA, 0x38, 0x1D, 0x69, 0x07, 0xA9, 0xD4,
    0xA8, 0x71, 0xE5, 0xC2, 0xFA, 0x0B, 0x02, 0x15, 0x2A, 0x8C, 0x40, 0x77, 0x64, 0x02, 0x04, 0x29,
    0xC3, 0x24, 0x45, 0x0A, 0x37, 0x04, 0x22, 0xC0, 0xA5, 0x59, 0xAC, 0x01, 0x3A, 0x20, 0xF9, 0x32,
    0x5F, 0x8F, 0xCB, 0xDD, 0x3D, 0xE9, 0x72, 0x4A, 0x7C, 0xD9, 0xBD, 0x15, 0xB1, 0x78, 0x73, 0xBB,
    0xCB, 0x7B, 0x7C, 0x6F, 0x7E, 0x33, 0xF3, 0x66, 0xE6, 0xCD, 0x5B, 0x00, 0x30, 0x29, 0xE0, 0xE5,
    0x98, 0x9C, 0x88, 0x6B, 0x4A, 0x22, 0x9E, 0xA9, 0x88, 0xF8, 0x7F, 0x69, 0x88, 0x84, 0x0F, 0x85,
    0xBC, 0x37, 0x23, 0x12, 0x79, 0x1D, 0x91, 0x9B, 0x2E, 0x93, 0x3D, 0xA7, 0x27, 0xF2, 0x0C, 0x0C,
    0x91, 0x16, 0x0A, 0x22, 0x33, 0xC8, 0xB0, 0x37, 0xB7, 0x81, 0x04, 0x7B, 0xF3, 0x6A, 0x88, 0x91,
    0xF8, 0x25, 0x44, 0x35, 0x40, 0x60, 0x8C, 0xC1, 0xDE, 0x42, 0x24, 0xD8, 0x5B, 0x94, 0x82, 0xDF,
    0x02, 0xC4, 0x78, 0x17, 0xF6, 0x76, 0x13, 0xFF, 0x07, 0x7B, 0x3B, 0xC0, 0xD1, 0x0C, 0x00, 0xD4,
    0xBD, 0xA1, 0x2E, 0x01, 0x8A, 0x94, 0x9F, 0x69, 0xAA, 0xCC, 0x60, 0x67, 0xA6, 0xCF, 0xB0, 0x8B,
    0xC4, 0xF0, 0x83, 0x4F, 0xBA, 0x9E, 0x81, 0x4C, 0x05, 0x64, 0x2A, 0xD3, 0x77, 0xF2, 0xDD, 0xCE,
    0x5D, 0xEA, 0x14, 0x67, 0xEC, 0xD3, 0x60, 0xA2, 0x1C, 0xC7, 0x90, 0xE4, 0x38, 0x9F, 0xA4, 0x74,
    0x3A, 0x7C, 0x0B, 0xDC, 0xB3, 0x6D, 0xBE, 0x87, 0x0F, 0x72, 0x0C, 0x36, 0x81, 0xF9, 0xB8, 0x87,
    0xA8, 0xC1, 0xCF, 0x70, 0x5A, 0xD8, 0xE4, 0xDC, 0x38, 0xF4, 0xD6, 0xEB, 0x21, 0xAE, 0xC3, 0x01,
    0xA7, 0xD5, 0x17, 0x9D, 0x67, 0x9A, 0xA4, 0x85, 0x37, 0x61, 0x27, 0x9D, 0x8C, 0xC9, 0x25, 0xDE,
    0x05, 0x34, 0x8B, 0xB0, 0xB3, 0x7F, 0xF1, 0x67, 0xE0, 0x1C, 0xF3, 0x7D, 0xA1, 0x61, 0x26, 0x47,
    0xB7, 0x85, 0xC9, 0x1F, 0x32, 0xB9, 0xEC, 0xF1, 0x87, 0x10, 0x31, 0x1C, 0x90, 0x48, 0x8F, 0x7B,
    0xD2, 0xE5, 0x95, 0x85, 0x49, 0x6F, 0x30, 0x8C, 0x97, 0x9F, 0xE3, 0xA7, 0x19, 0x3D, 0xB9, 0x45,
    0xE6, 0x43, 0x17, 0xE2, 0x73, 0x3E, 0xA3, 0xBF, 0x78, 0x18, 0x0E, 0xFD, 0x0F, 0xF3, 0x01, 0x87,
    0x80, 0x6F, 0x47, 0xAE, 0x9E, 0x23, 0x8A, 0xAE, 0xF0, 0x3F, 0x14, 0x34, 0x12, 0x21, 0xCA, 0x63,
    0x11, 0xC3, 0x30, 0x5F, 0x40, 0xE3, 0x47, 0x0A, 0x0A, 0x4C, 0xD0, 0x08, 0x04, 0xE1, 0xF8, 0x6F,
    0xCC, 0xF1, 0x07, 0x90, 0x11, 0x79, 0x0C, 0xFE, 0x09, 0x12, 0xBC, 0xC9, 0x3A, 0xF9, 0x0E, 0x28,
    0x70, 0xAC, 0x72, 0x21, 0x0D, 0x25, 0xA1, 0x91, 0x1F, 0xCD, 0x75, 0x81, 0x70, 0xF4, 0x67, 0x56,
    0x17, 0x12, 0xBA, 0xEF, 0x38, 0xCE, 0xC1, 0x99, 0xF9, 0x15, 0x78, 0xA5, 0xD3, 0x80, 0x03, 0xF0,
    0xC6, 0x94, 0x1F, 0xE7, 0x07, 0x75, 0x20, 0x38, 0x86, 0xB5, 0x90, 0x96, 0x89, 0xAF, 0xC6, 0x23,
    0x2B, 0xE5, 0x6D, 0xFD, 0x1A, 0x6A, 0x82, 0xFA, 0x5D, 0x8B, 0x34, 0x14, 0xA5, 0x55, 0x8B, 0x5D,
    0x1E, 0x4F, 0xCC, 0x73, 0x5A, 0x73, 0xA8, 0x01, 0xAE, 0x3D, 0x17, 0x08, 0x06, 0xE6, 0x7D, 0x93,
    0x30, 0xEF, 0x85, 0xC0, 0xA3, 0x4C, 0x00, 0x65, 0x36, 0x5F, 0xF5, 0x19, 0x82, 0x22, 0x28, 0x19,
    0xAB, 0xDF, 0xA6, 0x2C, 0x14, 0x2C, 0x06, 0xD1, 0x17, 0x2C, 0x23, 0x09, 0x1C, 0x0B, 0xEB, 0xC3,
    0x0B, 0xA6, 0xCE, 0xBC, 0x3C, 0x85, 0x34, 0xD7, 0x98, 0x8C, 0x70, 0x7C, 0x1B, 0x9B, 0x6F, 0x31,
    0x3B, 0x70, 0x51, 0x72, 0xEB, 0x8C, 0xE0, 0x3D, 0x20, 0x78, 0xAF, 0xAC, 0x9B, 0x26, 0x8B, 0xCD,
    0x8E, 0x7B, 0x37, 0x67, 0xC9, 0xFB, 0x07, 0x91, 0xA7, 0x99, 0xEA, 0x69, 0xFB, 0x5A, 0x85, 0x09,
    0xDE, 0x43, 0x1E, 0x78, 0x7D, 0x15, 0xC7, 0x3B, 0xDC, 0x07, 0xFF, 0xE7, 0x86, 0x10, 0x8B, 0xCB,
    0x0D, 0x30, 0xD4, 0xDB, 0xBC, 0xC4, 0xBE, 0xA2, 0xDB, 0xBB, 0xDE, 0xC6, 0xF8, 0x54, 0x47, 0x19,
    0xE0, 0x89, 0x4C, 0xAD, 0x9D, 0xAE, 0xCD, 0x19, 0x83, 0xE4, 0x0C, 0xDC, 0x87, 0x27, 0x2B, 0xF3,
    0x2F, 0x78, 0xED, 0xC1, 0xDB, 0x03, 0x99, 0x7B, 0x24, 0xCE, 0x33, 0x7B, 0x20, 0xB1, 0xE9, 0x26,
    0x92, 0xE2, 0x98, 0xF4, 0x82, 0xC9, 0x06, 0xAF, 0x3F, 0xC8, 0x72, 0x19, 0xBE, 0x4F, 0x4B, 0x1B,
    0x3D, 0x84, 0x7A, 0x12, 0x70, 0xDD, 0x14, 0xDE, 0x47, 0xB4, 0xA1, 0x01, 0xAF, 0x72, 0x6A, 0x70,
    0x5A, 0x32, 0x94, 0x86, 0x6E, 0x66, 0xDB, 0x18, 0xCC, 0x56, 0xF9, 0x71, 0x7E, 0x62, 0xA0, 0xAB,
    0xA7, 0x5A, 0xA0, 0x58, 0xC6, 0x12, 0xA8, 0xC8, 0x17, 0x82, 0x15, 0x2F, 0xC2, 0x70, 0x07, 0x6E,
    0x6D, 0x2B, 0xC6, 0x4F, 0xE9, 0x61, 0xEC, 0xB3, 0xF0, 0xE8, 0x33, 0x56, 0x6B, 0x1E, 0xD6, 0xA1,
    0x55, 0xA2, 0x75, 0xC6, 0x18, 0x8E, 0xF3, 0x09, 0x3A, 0xE1, 0xED, 0x56, 0x02, 0x5E, 0x26, 0xBB,
    0xDE, 0x6C, 0xEA, 0x7F, 0x27, 0xE2, 0x8D, 0xB3, 0xEC, 0xC2, 0x9D, 0x2B, 0x5B, 0xAB, 0xD5, 0x97,
    0x5B, 0x8E, 0x90, 0x53, 0x8A, 0x90, 0x4B, 0x8D, 0x90, 0x3F, 0x88, 0x73, 0x5D, 0xFE, 0xD8, 0x99,
    0x21, 0xE7, 0xCC, 0xBD, 0x75, 0x67, 0x8D, 0x55, 0xFB, 0x91, 0x40, 0xDA, 0x7A, 0xAC, 0xCB, 0xE6,
    0x13, 0x22, 0x75, 0x21, 0xBA, 0xBD, 0x3B, 0xF5, 0xC7, 0xEE, 0x6C, 0xAF, 0xF9, 0x3E, 0x92, 0xA1,
    0xFE, 0x04, 0xE1, 0xE8, 0x9F, 0x40, 0x28, 0x31, 0xC6, 0xBD, 0x7C, 0x03, 0xB4, 0x7A, 0x8B, 0x41,
    0x7B, 0x45, 0x7F, 0x6C, 0xBD, 0x8D, 0xF4, 0x69, 0xFE, 0x58, 0xC1, 0x1C, 0x2C, 0x98, 0x81, 0xEE,
    0x00, 0xD7, 0x5A, 0xE2, 0x96, 0xC3, 0x2D, 0xCE, 0x8E, 0xDA, 0x1B, 0xDC, 0xFE, 0x80, 0x5B, 0x98,
    0xB7, 0xE1, 0xA4, 0x8D, 0x09, 0x71, 0x63, 0xC6, 0x76, 0xD8, 0xCF, 0x56, 0xEE, 0xD9, 0x81, 0xE5,
    0x1E, 0xF0, 0x0B, 0x6A, 0x23, 0x6E, 0x13, 0x6E, 0x0F, 0x69, 0x0C, 0xBB, 0x03, 0x8F, 0xA7, 0xD7,
    0xF6, 0xA4, 0x2B, 0x99, 0x64, 0xEE, 0xA6, 0xAD, 0x7C, 0xBE, 0x4F, 0x72, 0x45, 0x72, 0x51, 0xE0,
    0xBF, 0x23, 0xD6, 0x06, 0x02, 0x44, 0x38, 0x0F, 0x2B, 0x14, 0x1D, 0x14, 0x9E, 0xB8, 0x44, 0xD6,
    0x61, 0x83, 0xBD, 0x73, 0x93, 0x27, 0x1F, 0xEF, 0xEF, 0xCB, 0x1A, 0x95, 0x94, 0xB6, 0x89, 0x49,
    0x64, 0x23, 0x92, 0xD4, 0xA0, 0x05, 0x2F, 0x47, 0xDC, 0xD1, 0x62, 0x1B, 0x4A, 0x31, 0xC4, 0x24,
    0x6A, 0xFC, 0x8C, 0xC9, 0x75, 0x64, 0x85, 0x82, 0x05, 0x44, 0xC4, 0xE3, 0x68, 0xCC, 0x0A, 0x8B,
    0xC6, 0x48, 0x4E, 0x58, 0x52, 0xC2, 0x9A, 0x11, 0x96, 0x84, 0xB0, 0xE4, 0x83, 0xF7, 0x96, 0xB2,
    0xC1, 0x1B, 0x80, 0x8C, 0xF3, 0x7B, 0xCE, 0x78, 0xE3, 0x24, 0x6E, 0x52, 0x2A, 0x21, 0xA1, 0x49,
    0xFD, 0x98, 0xD3, 0x6A, 0xB4, 0xBC, 0x41, 0x96, 0xDA, 0x7C, 0x21, 0x2F, 0x0B, 0x77, 0xC7, 0xA9,
    0x9D, 0x17, 0x40, 0x01, 0xAF, 0x55, 0x49, 0xE7, 0x8D, 0x2B, 0x55, 0x53, 0x0C, 0x2B, 0xEB, 0xD4,
    0x26, 0x71, 0x5C, 0xA4, 0xBF, 0xBE, 0x44, 0xD9, 0xAE, 0x5F, 0x82, 0xF3, 0x57, 0xB2, 0xC8, 0x69,
    0x50, 0xBF, 0xC0, 0x74, 0x9D, 0x9B, 0x22, 0x48, 0x62, 0x3D, 0x68, 0xE6, 0x69, 0x75, 0x36, 0xF9,
    0x92, 0x54, 0x57, 0x8F, 0x41, 0xAE, 0xEB, 0xF3, 0x68, 0x5F, 0x56, 0x07, 0xD1, 0x0D, 0x09, 0xF5,
    0x1F, 0xB0, 0x02, 0xAF, 0x04, 0xFA, 0x9B, 0x80, 0x8B, 0x5B, 0x5A, 0x77, 0x37, 0xA9, 0xE9, 0x19,
    0xB4, 0x46, 0x7D, 0x6D, 0x37, 0x14, 0x2E, 0xF1, 0x34, 0xEE, 0xDB, 0x8E, 0x3D, 0xC3, 0xB9, 0x38,
    0xBC, 0x25, 0x7E, 0x88, 0x37, 0x1F, 0x3A, 0x33, 0x5A, 0xE4, 0x6E, 0x20, 0x92, 0x7A, 0xE7, 0x79,
    0xE3, 0xE7, 0xE7, 0x73, 0x67, 0x9D, 0x97, 0x07, 0xBB, 0xCE, 0x49, 0xA6, 0x7C, 0xB7, 0xB9, 0xF0,
    0xF8, 0x85, 0xA3, 0x35, 0x8E, 0x66, 0x63, 0xA8, 0x5A, 0x10, 0x5B, 0x7C, 0x16, 0xED, 0x74, 0xAD,
    0xF1, 0xB3, 0x29, 0x70, 0xCE, 0x80, 0x4B, 0x02, 0x5C, 0xF3, 0xDF, 0x92, 0xFE, 0x66, 0xE7, 0x4A,
    0x92, 0xDF, 0x9C, 0xFB, 0x76, 0xCC, 0x9F, 0x52, 0x9B, 0xF9, 0x96, 0xC4, 0xB7, 0xE4, 0xBD, 0x9F,
    0x2E, 0xA7, 0xBD, 0x37, 0xC2, 0x22, 0xDE, 0x7B, 0x44, 0x90, 0x74, 0x94, 0x51, 0xE8, 0x29, 0x5F,
    0x8C, 0x2B, 0x8E, 0x9B, 0x77, 0x9A, 0x23, 0xBB, 0x8F, 0xCC, 0x76, 0x06, 0xF4, 0x0C, 0x3D, 0xF3,
    0xB3, 0xF5, 0x02, 0x4D, 0x12, 0xDB, 0x49, 0xEF, 0xA5, 0xE4, 0x29, 0x7E, 0x8E, 0x6D, 0x93, 0xAD,
    0x2C, 0x4E, 0x17, 0x54, 0xDD, 0x78, 0x57, 0x38, 0x6B, 0x7D, 0x72, 0x94, 0x3F, 0xC5, 0x65, 0xAC,
    0xA0, 0x65, 0xCC, 0x1F, 0x3D, 0xE5, 0x35, 0xD6, 0xB4, 0x8B, 0xBA, 0x7E, 0x9D, 0xD5, 0xC7, 0x5E,
    0x67, 0x63, 0x78, 0x9A, 0x57, 0xEE, 0x1E, 0xA7, 0x91, 0xA9, 0x12, 0xBF, 0x41, 0x87, 0xF5, 0xAD,
    0x80, 0x03, 0xCA, 0x8C, 0x63, 0xB9, 0xBB, 0x82, 0x56, 0x87, 0xAF, 0x5D, 0x9C, 0xD6, 0x00, 0xFF,
    0xCD, 0xCB, 0x35, 0xA9, 0x74, 0xE5, 0x7E, 0x8D, 0xA3, 0x2B, 0xF7, 0x82, 0xEA, 0xD0, 0xAF, 0xB1,
    0xA5, 0xC7, 0x15, 0x1C, 0x90, 0xCE, 0x28, 0xDC, 0x96, 0x2B, 0x34, 0x29, 0xBE, 0x76, 0xF0, 0xA1,
    0xE8, 0x34, 0x27, 0xFF, 0xC1, 0xAB, 0x28, 0x23, 0x33, 0xE0, 0xEB, 0x7F, 0x3E, 0xDA, 0x29, 0xF7,
    0x90, 0x63, 0xF8, 0x39, 0xF1, 0xED, 0x88, 0xE4, 0x15, 0xDD, 0x39, 0x7F, 0xA0, 0xD6, 0x59, 0x71,
    0x9F, 0x93, 0x9E, 0x5E, 0xDF, 0xC5, 0xAF, 0x7A, 0x0E, 0x5A, 0x4F, 0x7B, 0x61, 0x9F, 0x99, 0x69,
    0xF1, 0xB5, 0xF4, 0x38, 0xCF, 0x80, 0x3C, 0x0E, 0xA5, 0x4B, 0xC0, 0x94, 0x7B, 0x7C, 0xC3, 0x11,
    0x75, 0xFC, 0x9C, 0x37, 0x0A, 0x8A, 0x94, 0x02, 0x58, 0x7A, 0x94, 0x37, 0xC8, 0x3E, 0x82, 0x11,
    0xE7, 0xB3, 0xC8, 0xB9, 0xB6, 0x23, 0x29, 0x79, 0x29, 0x4F, 0x2A, 0x96, 0x97, 0xB8, 0x66, 0xD9,
    0x89, 0x9A, 0x29, 0x09, 0x4F, 0x22, 0xF6, 0x96, 0x9A, 0x2B, 0x1D, 0xA2, 0x2A, 0xAE, 0x39, 0x89,
    0xAD, 0x7D, 0x86, 0x33, 0x8E, 0x69, 0x7C, 0x49, 0x25, 0xA0, 0x12, 0x71, 0x4D, 0x0B, 0x45, 0xF1,
    0xF8, 0x45, 0x32, 0x83, 0x7B, 0x95, 0x24, 0x24, 0x52, 0x16, 0x22, 0x29, 0x0A, 0xDA, 0x3F, 0x41,
    0xB1, 0x94, 0x7B, 0xDE, 0x30, 0xCD, 0x28, 0xE8, 0x3B, 0xFD, 0x6E, 0x3F, 0x25, 0x5D, 0x69, 0xD9,
    0x74, 0xA4, 0x2E, 0x6A, 0x69, 0x85, 0xD3, 0x8B, 0x1A, 0xD4, 0x95, 0xA0, 0x45, 0xF1, 0xF1, 0x3A,
    0x1C, 0xA7, 0xD7, 0xA3, 0x72, 0xB8, 0xD4, 0x38, 0xD3, 0xA6, 0x94, 0xC6, 0xED, 0x70, 0xEE, 0x5E,
    0x87, 0xBA, 0xE2, 0xCD, 0xC2, 0x16, 0x27, 0x88, 0x0F, 0x48, 0x48, 0x57, 0xCC, 0x0B, 0x74, 0xE5,
    0xD0, 0x26, 0xA2, 0x25, 0x77, 0xC3, 0x0D, 0x7F, 0xE6, 0x1E, 0x4B, 0xED, 0x92, 0x24, 0x71, 0x6E,
    0x4A, 0xD5, 0x44, 0x22, 0xF1, 0xEB, 0x5B, 0xBA, 0x3B, 0x9B, 0x48, 0xA2, 0x5F, 0xEE, 0x04, 0x95,
    0x21, 0x89, 0xF7, 0x2E, 0x10, 0x8C, 0x14, 0xCB, 0xB3, 0xB9, 0x0F, 0x29, 0x92, 0xE7, 0x54, 0x37,
    0xFF, 0x25, 0x83, 0xE6, 0xCD, 0x8E, 0x64, 0x8C, 0xE4, 0xE7, 0x81, 0xFC, 0xF9, 0x81, 0xE9, 0x95,
    0xD3, 0x32, 0xB3, 0xAC, 0x9A, 0xA4, 0xE2, 0x02, 0x11, 0xAC, 0x48, 0x72, 0x90, 0xD6, 0x32, 0x7F,
    0x26, 0xB9, 0xA1, 0x5E, 0xCB, 0x63, 0xD2, 0x09, 0xD0, 0x99, 0xE4, 0xE7, 0x5A, 0xCE, 0x71, 0x39,
    0x15, 0xBC, 0x3D, 0x95, 0xE0, 0x8B, 0x83, 0xA9, 0x53, 0x8F, 0xF8, 0xF1, 0x28, 0x2B, 0x8D, 0x5A,
    0x55, 0xB0, 0xC7, 0x25, 0x9F, 0x4B, 0xD8, 0x68, 0x95, 0xF3, 0xC8, 0x6B, 0x0E, 0xFF, 0x3E, 0xA3,
    0x3C, 0xE3, 0x33, 0x4A, 0x2F, 0xBE, 0x43, 0xFB, 0x71, 0x4B, 0x4B, 0xDD, 0x79, 0x21, 0xFE, 0x9D,
    0xC5, 0x7D, 0x36, 0x89, 0xD3, 0x42, 0x81, 0xD3, 0x59, 0xD8, 0x67, 0x93, 0x10, 0xE6, 0x35, 0xE2,
    0x10, 0xD0, 0x27, 0x61, 0x65, 0x77, 0x9E, 0x79, 0x67, 0x55, 0x23, 0xBD, 0xDA, 0xB2, 0x69, 0x8D,
    0x11, 0x97, 0x70, 0x47, 0x03, 0x1E, 0x8A, 0x4E, 0x8F, 0xA4, 0x94, 0xED, 0x01, 0xC3, 0x9A, 0x8B,
    0xE9, 0x15, 0x4F, 0xFA, 0xFB, 0x3C, 0x4B, 0xE8, 0xC2, 0x94, 0xEF, 0xDF, 0x11, 0x3F, 0x43, 0x7C,
    0xB8, 0xCF, 0x59, 0x54, 0x7A, 0x2E, 0xCA, 0x44, 0x15, 0xB8, 0x7E, 0x31, 0x95, 0x1B, 0x7E, 0xC8,
    0xA5, 0xA6, 0xEC, 0xE0, 0x7A, 0x54, 0xE3, 0xA4, 0x61, 0xB1, 0xF3, 0xE8, 0x78, 0x0C, 0x8B, 0xAF,
    0x07, 0x4B, 0x61, 0x31, 0xC3, 0x2D, 0x78, 0x0B, 0xE0, 0x82, 0xF8, 0x0A, 0xE4, 0x8A, 0xBA, 0xC0,
    0xCE, 0xB8, 0x03, 0x03, 0x0F, 0x8C, 0x3C, 0x30, 0xF4, 0xC0, 0xD8, 0x03, 0x83, 0x0F, 0x8C, 0x3E,
    0x30, 0xE8, 0x8B, 0x6D, 0xA9, 0x2D, 0x8E, 0x87, 0x65, 0x00, 0x58, 0x08, 0x80, 0xA5, 0x00, 0x44,
    0x0C, 0x44, 0x0E, 0x54, 0x10, 0x54, 0x12, 0x62, 0xB1, 0xE5, 0xD9, 0xEC, 0x32, 0x2F, 0xDD, 0xE6,
    0x57, 0x34, 0x33, 0x0E, 0xA5, 0x28, 0x27, 0xD8, 0x4C, 0x07, 0xFA, 0x5A, 0xEB, 0x2B, 0x1B, 0x6B,
    0x73, 0xA8, 0x2D, 0x91, 0xF6, 0x3C, 0xD0, 0x5E, 0x67, 0x85, 0x7F, 0xBD, 0x46, 0x9F, 0xD9, 0x7D,
    0x5E, 0x6B, 0xFB, 0x7D, 0xAA, 0xC3, 0x2D, 0xB9, 0xE4, 0x79, 0xF5, 0x04, 0x67, 0x94, 0xE7, 0xF1,
    0xB7, 0xE4, 0x95, 0x27, 0xB5, 0xEA, 0x97, 0x54, 0xBE, 0x89, 0x5B, 0xE4, 0x02, 0x10, 0xE4, 0x48,
    0x19, 0xF3, 0x68, 0x06, 0xF1, 0xCC, 0x29, 0x1A, 0x68, 0x68, 0x8D, 0x0B, 0x3B, 0xA7, 0x71, 0x19,
    0x76, 0xAF, 0x12, 0xDC, 0x83, 0x52, 0x80, 0x37, 0x52, 0x14, 0x9F, 0x74, 0xE2, 0x3C, 0x26, 0xB2,
    0xCB, 0x8A, 0xD8, 0x83, 0x22, 0xBB, 0x48, 0xC3, 0x53, 0x68, 0x54, 0x83, 0xCA, 0x00, 0xA8, 0x10,
    0x68, 0xFF, 0x48, 0x67, 0xB2, 0xE3, 0xC5, 0x72, 0x80, 0x18, 0xB1, 0x20, 0xF4, 0x30, 0x4A, 0x82,
    0x15, 0x85, 0x51, 0x16, 0xAC, 0x30, 0x8C, 0xD2, 0xC0, 0x2E, 0x1B, 0x48, 0x85, 0x09, 0xF7, 0x26,
    0xCF, 0x40, 0xD9, 0x22, 0x2E, 0xB4, 0x34, 0x48, 0xB7, 0x52, 0x67, 0x28, 0x9E, 0xDC, 0x85, 0x3C,
    0x40, 0x9C, 0x9D, 0x86, 0x80, 0xF6, 0x2A, 0x42, 0xFA, 0x3D, 0xDA, 0x38, 0x2D, 0xBE, 0x64, 0x8B,
    0xDD, 0xAF, 0x58, 0xEC, 0xEE, 0xCC, 0x16, 0x3B, 0x38, 0xC5, 0x62, 0xDB, 0x65, 0x56, 0xEB, 0x61,
    0x46, 0x60, 0x23, 0x8D, 0x98, 0x1C, 0xDD, 0x56, 0xB6, 0x6E, 0x3A, 0x6C, 0x17, 0xB2, 0xBA, 0x0D,
    0x51, 0xCD, 0xCF, 0x68, 0x48, 0x39, 0x14, 0x0C, 0xCC, 0x85, 0x38, 0xA5, 0xCC, 0x8F, 0x57, 0xAE,
    0x23, 0xB2, 0xBB, 0xFF, 0x52, 0x4F, 0x5C, 0x75, 0xF4, 0x81, 0xEE, 0xC9, 0x1D, 0xEA, 0x21, 0x83,
    0xAB, 0x61, 0xB5, 0x08, 0xFD, 0xA0, 0xF0, 0xB6, 0x63, 0xB1, 0xCC, 0x36, 0x21, 0xBD, 0xB0, 0x2D,
    0xFE, 0x53, 0xDE, 0x16, 0xBF, 0xC5, 0x05, 0xAD, 0xAA, 0xD5, 0x35, 0xF1, 0x02, 0x97, 0x21, 0xDA,
    0x54, 0x66, 0x7E, 0xDC, 0x60, 0xBC, 0xAF, 0xAC, 0x0D, 0xDE, 0xB1, 0xD6, 0x56, 0x98, 0xD9, 0xB7,
    0x45, 0x71, 0xCD, 0xAF, 0xD9, 0x28, 0xFD, 0xC1, 0x66, 0xB4, 0xAE, 0xAD, 0xEE, 0xC9, 0x6E, 0x13,
    0xBE, 0x5A, 0xF7, 0xE9, 0xB2, 0x07, 0xF2, 0x29, 0x6F, 0xBC, 0xF7, 0x34, 0x7F, 0x7F, 0x16, 0x35,
    0xF3, 0x50, 0x75, 0xBD, 0x74, 0x78, 0xCB, 0x30, 0x5A, 0xBD, 0x54, 0x74, 0xD5, 0x97, 0xB2, 0xAE,
    0xD5, 0xF8, 0x7E, 0xB4, 0x55, 0x9A, 0x1C, 0x59, 0x6F, 0x24, 0x17, 0xDC, 0x2C, 0xF1, 0xAE, 0x1C,
    0xDD, 0xC6, 0xC8, 0xED, 0xE7, 0x54, 0xF5, 0x85, 0xF0, 0x8E, 0x94, 0x3D, 0x31, 0x72, 0x7A, 0xF9,
    0xC8, 0x5B, 0xA9, 0x34, 0xFF, 0xE6, 0x68, 0xF1, 0x32, 0x9A, 0x4A, 0x05, 0x4D, 0xA4, 0xAB, 0x46,
    0xA2, 0x89, 0x9E, 0x07, 0xCA, 0xFA, 0x4E, 0xF6, 0xA9, 0x59, 0xEE, 0x5C, 0xDA, 0x35, 0x91, 0xF5,
    0xA7, 0x9F, 0x84, 0xA6, 0x27, 0x5C, 0xB6, 0xB4, 0x58, 0x98, 0x60, 0xB3, 0x83, 0xE3, 0x7B, 0xFD,
    0x9E, 0x4F, 0x0F, 0x14, 0x2D, 0x64, 0x1D, 0xA0, 0x12, 0x60, 0x48, 0x89, 0x1C, 0x47, 0x41, 0x43,
    0x59, 0xF7, 0xB8, 0x75, 0xCF, 0xD8, 0x7A, 0x93, 0x16, 0xFB, 0xC1, 0x0F, 0xC3, 0x8E, 0xB6, 0x8F,
    0x32, 0x8A, 0x00, 0xCC, 0x57, 0xE6, 0x31, 0x0E, 0x3C, 0xA7, 0x43, 0x2B, 0x77, 0x57, 0x06, 0x2C,
    0xAE, 0x90, 0xE4, 0x32, 0x8B, 0x7A, 0xFE, 0xB7, 0x46, 0xBF, 0x92, 0x0D, 0x41, 0x59, 0xD5, 0xD3,
    0x04, 0x65, 0xB7, 0x40, 0xDD, 0x5B, 0xEA, 0x5A, 0xD9, 0x78, 0x38, 0x52, 0xDF, 0x3A, 0xD6, 0xEE,
    0xDF, 0x5C, 0xD8, 0xC5, 0xB8, 0xF0, 0xF2, 0xF0, 0x3B, 0x39, 0xF2, 0x46, 0xF7, 0x84, 0x1F, 0xB5,
    0xDC, 0x3B, 0xB5, 0x81, 0x1C, 0x57, 0x16, 0x26, 0xC5, 0x93, 0x6D, 0xBE, 0xE5, 0xA2, 0xB4, 0xFF,
    0xBF, 0x64, 0xDC, 0x57, 0x57, 0x59, 0xE7, 0xE5, 0x2B, 0x8D, 0xD5, 0x38, 0x15, 0x2A, 0xD7, 0x76,
    0x2F, 0x39, 0x1D, 0x83, 0x42, 0xB4, 0x17, 0x82, 0xEB, 0x6F, 0x0C, 0x51, 0xCF, 0x7C, 0x64, 0xB8,
    0x84, 0x35, 0xCA, 0x63, 0xE5, 0xFF, 0x9E, 0xD2, 0x03, 0xA1, 0x1F, 0xCE, 0x84, 0x3E, 0xAC, 0x85,
    0xA2, 0x30, 0xD8, 0xA3, 0xB0, 0xAF, 0x2A, 0x0F, 0xDF, 0x18, 0xBE, 0x8E, 0xD5, 0xF7, 0x66, 0x72,
    0xDC, 0xD1, 0xBA, 0xCF, 0xF6, 0xBC, 0x73, 0xCE, 0x7D, 0x1E, 0x89, 0xB2, 0xD7, 0x63, 0x3C, 0xA9,
    0xC4, 0x9E, 0x8A, 0x2D, 0x77, 0xDE, 0x87, 0x9D, 0x0F, 0x82, 0x94, 0xE1, 0x0D, 0x09, 0xEB, 0xA2,
    0xDB, 0xA3, 0xC2, 0x5A, 0xAF, 0x6F, 0x19, 0x2B, 0x0C, 0xA7, 0x09, 0x3E, 0xE4, 0x9D, 0xA0, 0x78,
    0x36, 0xE2, 0x2D, 0x10, 0x1A, 0xA1, 0x60, 0x6E, 0x41, 0xC7, 0xF5, 0x82, 0x50, 0x57, 0xD8, 0x47,
    0xDC, 0x75, 0x6B, 0x03, 0x6C, 0x91, 0x80, 0xC5, 0xDD, 0xB5, 0x55, 0xC8, 0x71, 0x3D, 0x29, 0x74,
    0x15, 0x49, 0xDD, 0x22, 0xE0, 0x95, 0x3D, 0x1A, 0x75, 0x68, 0xCD, 0xB1, 0xA7, 0xB6, 0xAF, 0x90,
    0x3E, 0xD1, 0x92, 0x12, 0xF0, 0x6E, 0xB9, 0x51, 0xC0, 0x2F, 0x5B, 0xF8, 0x40, 0x2D, 0x7B, 0x50,
    0x3D, 0x7B, 0xB9, 0x85, 0x8F, 0x6C, 0xB1, 0xF5, 0x76, 0x59, 0x00, 0xB6, 0xF0, 0x6A, 0xE2, 0xD5,
    0xC6, 0xE3, 0x40, 0x99, 0x04, 0xB7, 0x5B, 0xCB, 0x29, 0xED, 0xDA, 0xC8, 0x53, 0xA8, 0xA7, 0x9B,
    0x42, 0xAE, 0xAC, 0xBB, 0x3C, 0xD8, 0x53, 0xFB, 0xE1, 0xE0, 0xC8, 0x3A, 0x65, 0xBE, 0x60, 0xFA,
    0xEE, 0x3D, 0x71, 0x57, 0xDF, 0x70, 0xFA, 0x17, 0xA5, 0x0C, 0xB7, 0x01, 0x7F, 0x47, 0x85, 0xBF,
    0x75, 0x85, 0x39, 0x9F, 0xD0, 0xA7, 0x4F, 0xB2, 0x81, 0x3B, 0xDB, 0x6D, 0xAD, 0x9F, 0xB7, 0x51,
    0x16, 0x00, 0xB6, 0x6C, 0x0D, 0x3F, 0xB9, 0x12, 0x6B, 0x44, 0x6B, 0x85, 0x26, 0xCB, 0x77, 0x6E,
    0x28, 0xC8, 0xF3, 0x4B, 0xBD, 0xF3, 0x62, 0x61, 0x02, 0xFA, 0x4E, 0xBF, 0x0B, 0xD2, 0x93, 0x7E,
    0xE1, 0x63, 0x78, 0xC9, 0x2F, 0x7C, 0x58, 0x0F, 0x3F, 0x31, 0x33, 0x25, 0x3E, 0x32, 0x8A, 0xE6,
    0x49, 0x22, 0xD4, 0xF1, 0x7F, 0x91, 0xDF, 0x48, 0x91, 0x66, 0xCD, 0x5E, 0x13, 0x6D, 0x0A, 0x52,
    0xAC, 0x99, 0x72, 0x51, 0x40, 0x22, 0x19, 0xDA, 0x03, 0x39, 0xC3, 0x2A, 0x3F, 0x17, 0xF1, 0x47,
    0x39, 0xC6, 0xF1, 0xCF, 0x6A, 0xB2, 0xB9, 0x6A, 0xCF, 0x08, 0x0D, 0x53, 0x47, 0xF5, 0xCC, 0x44,
    0x7B, 0x31, 0xB2, 0xCF, 0xAB, 0x84, 0x8F, 0x8C, 0xF2, 0xA6, 0xAD, 0xCD, 0x15, 0x8B, 0xBF, 0x2B,
    0x15, 0x1F, 0xFA, 0x2B, 0x43, 0xF7, 0xE1, 0x85, 0x57, 0x62, 0x9A, 0xD0, 0x34, 0x99, 0x69, 0x22,
    0x53, 0xA3, 0x07, 0x85, 0x90, 0x50, 0x1A, 0x83, 0x1D, 0x6E, 0xAA, 0x46, 0x33, 0x74, 0xCA, 0x0A,
    0x05, 0x98, 0xA6, 0x9F, 0x94, 0x3E, 0xD5, 0xF4, 0x55, 0x24, 0xDA, 0x61, 0x4D, 0x2C, 0x08, 0x9A,
    0x98, 0x1D, 0xB0, 0x3D, 0x76, 0x2D, 0x0E, 0x78, 0xA8, 0xCC, 0x05, 0x59, 0x6B, 0x24, 0x38, 0x93,
    0x4A, 0x20, 0x09, 0x21, 0xA2, 0x74, 0x8E, 0x97, 0x04, 0x12, 0x07, 0x9C, 0x3A, 0xE3, 0x53, 0x90,
    0xCC, 0xB9, 0xE2, 0xCF, 0x34, 0xF0, 0xEC, 0x4B, 0x9A, 0x44, 0x2C, 0x35, 0x8B, 0x77, 0x2E, 0x00,
    0x4C, 0x27, 0x5F, 0xDD, 0xC2, 0x86, 0xD5, 0x02, 0x81, 0x6E, 0x7D, 0xC0, 0x41, 0x6E, 0x22, 0x38,
    0x49, 0x43, 0xE0, 0x60, 0x8B, 0xE0, 0x60, 0x8B, 0xE0, 0xA0, 0xAD, 0x74, 0xB4, 0x5C, 0x51, 0x7F,
    0xEB, 0x2A, 0x58, 0xFA, 0xAD, 0x2B, 0x7E, 0xDE, 0xF8, 0x5B, 0x57, 0x7A, 0xF4, 0x37, 0x9D, 0x1C,
    0xFD, 0x9D, 0x06, 0x92, 0x1B, 0x0E, 0xF1, 0xB5, 0xC7, 0xFC, 0xA6, 0x5F, 0x2A, 0xB8, 0x77, 0xEA,
    0x64, 0xFE, 0x9F, 0x92, 0xCC, 0x96, 0x64, 0x99, 0x54, 0xE1, 0xEC, 0xA4, 0x9B, 0xA9, 0x8F, 0x63,
    0x3D, 0x54, 0xD2, 0x51, 0xB9, 0x3A, 0x64, 0x72, 0xEC, 0x57, 0x4F, 0x53, 0xBD, 0xE0, 0x38, 0xD5,
    0x05, 0xD1, 0x63, 0x6F, 0xA0, 0xCD, 0x99, 0xD0, 0x7C, 0x85, 0x83, 0x7C, 0xFB, 0x1A, 0x3D, 0xF3,
    0x92, 0x9C, 0x4B, 0x7D, 0xD9, 0xB5, 0x29, 0xC0, 0xFE, 0x1B, 0x95, 0x52, 0xB1, 0x6E, 0xD5, 0x30,
    0x14, 0xBD, 0x49, 0xDA, 0x7A, 0xF0, 0xE0, 0x0E, 0x65, 0x36, 0x03, 0x2B, 0x0D, 0x2B, 0x52, 0xC1,
    0x96, 0x3A, 0x30, 0x82, 0x04, 0x9D, 0xF9, 0x84, 0xAE, 0x0C, 0xB4, 0x36, 0x20, 0xB1, 0x30, 0xD0,
    0x9D, 0x1F, 0x61, 0x78, 0x34, 0x86, 0xA5, 0x03, 0x8B, 0x11, 0x3F, 0x10, 0x04, 0x12, 0x63, 0xAD,
    0x2A, 0x12, 0x41, 0xCD, 0xAB, 0x39, 0x76, 0xF2, 0x5E, 0x11, 0xAD, 0xA0, 0x58, 0x76, 0x72, 0x6C,
    0x9F, 0x7B, 0xEE, 0xF5, 0xBD, 0xD7, 0xC4, 0xC1, 0xE4, 0x79, 0x6D, 0x67, 0x67, 0xE7, 0x81, 0x89,
    0x31, 0x76, 0xF9, 0x73, 0xC9, 0x36, 0x0F, 0x9D, 0xB6, 0x79, 0xF8, 0x73, 0xF4, 0xF7, 0x5B, 0xA2,
    0x22, 0x30, 0x27, 0xE8, 0x26, 0x6D, 0x91, 0xF1, 0x4D, 0x30, 0x41, 0xB5, 0xD2, 0x4A, 0xAB, 0x5A,
    0x03, 0x5C, 0x87, 0xB2, 0xAD, 0x1C, 0xB7, 0x35, 0x3D, 0xA5, 0x75, 0xBA, 0xFC, 0x14, 0x43, 0x17,
    0xA1, 0xF2, 0x50, 0xB1, 0x82, 0x36, 0xB3, 0xD2, 0x16, 0xBD, 0x85, 0x5A, 0xB4, 0x4D, 0x80, 0x2F,
    0x2C, 0xD5, 0x36, 0x4E, 0xDA, 0x5A, 0xA7, 0x95, 0xB0, 0x99, 0xCE, 0xEB, 0x60, 0x7C, 0xD2, 0xAA,
    0x1C, 0xB3, 0x1C, 0xD6, 0x35, 0xDD, 0x81, 0x66, 0x97, 0x55, 0x6B, 0xAB, 0x92, 0x86, 0x6B, 0xDA,
    0xE8, 0x9B, 0xAC, 0x01, 0xAE, 0x4F, 0x5C, 0x6E, 0xB9, 0x96, 0xF0, 0xB4, 0x47, 0x4F, 0x26, 0x2E,
    0xF1, 0x96, 0x48, 0x84, 0x71, 0x25, 0xCC, 0xF0, 0xB0, 0xCA, 0xD1, 0xED, 0xEA, 0xD9, 0xAC, 0x89,
    0x71, 0x8E, 0xF7, 0xCE, 0xF7, 0x1F, 0xBE, 0x1C, 0x88, 0x39, 0xDC, 0xFB, 0x91, 0x27, 0x27, 0xBE,
    0x68, 0xC7, 0xB3, 0x74, 0x57, 0xFD, 0xE7, 0x2A, 0xF4, 0xD5, 0x7D, 0x27, 0xFE, 0xD2, 0xFF, 0x6F,
    0x36, 0x7F, 0xC4, 0xB0, 0x51, 0xB9, 0x0D, 0xF3, 0xFD, 0xCD, 0x90, 0x6D, 0xF1, 0xBF, 0x81, 0xFD,
    0x05, 0xBB, 0x14, 0xFB, 0xAA, 0x26, 0xDE, 0x91, 0x9A, 0x53, 0x13, 0x29, 0xE6, 0x09, 0x80, 0x2D,
    0x0E, 0x11, 0x56, 0x9E, 0x75, 0x9B, 0x98, 0x32, 0x28, 0xF0, 0x30, 0x7B, 0x93, 0x3E, 0x98, 0x8B,
    0xFD, 0xE2, 0x7E, 0x75, 0xE2, 0x53, 0x03, 0x1F, 0xB3, 0x94, 0x50, 0x62, 0x71, 0xA0, 0xA2, 0xCB,
    0x50, 0xF8, 0x48, 0x55, 0xC8, 0x10, 0xE5, 0xD3, 0x29, 0x0E, 0x0C, 0x85, 0x0A, 0x09, 0x3B, 0x41,
    0x14, 0x96, 0x96, 0x70, 0x7F, 0x09, 0xF5, 0x30, 0x41, 0xAD, 0x26, 0x2D, 0x92, 0xFE, 0x70, 0xD2,
    0x22, 0x1E, 0x07, 0xEE, 0x46, 0x58, 0xC6, 0x56, 0xD8, 0xFA, 0x1B, 0x95, 0x67, 0x9A, 0x56, 0x48,
    0x15, 0x78, 0x4C, 0x1D, 0xF1, 0x56, 0xDA, 0x63, 0x9D, 0xB1, 0xE6, 0x5E, 0x0F, 0x38, 0x08, 0x27,
    0xDC, 0x40, 0x90, 0x2C, 0x3B, 0xE1, 0xB8, 0xEF, 0x69, 0x8E, 0x44, 0xC3, 0x8E, 0x7F, 0xE9, 0xE9,
    0x1D, 0xE4, 0xD0, 0x62, 0xFC, 0x53, 0x86, 0xE8, 0x60, 0x37, 0x41, 0x45, 0x4B, 0xB3, 0x3D, 0xE2,
    0xA1, 0xB6, 0x87, 0x25, 0xC4, 0x50, 0x0D, 0xB8, 0x50, 0x31, 0x50, 0x89, 0x60, 0x62, 0x4F, 0x22,
    0x5A, 0x2A, 0x0E, 0x72, 0x52, 0xE9, 0x11, 0x7A, 0xCB, 0x68, 0x43, 0x87, 0x48, 0xC5, 0x0C, 0x1D,
    0x16, 0xE8, 0x80, 0x36, 0x8B, 0x60, 0xB6, 0x3B, 0xC3, 0xC2, 0x21, 0x0B, 0x33, 0xE6, 0x67, 0xCC,
    0x75, 0xDC, 0x06, 0x4E, 0x07, 0x6B, 0x63, 0xFC, 0x36, 0x95, 0x48, 0x6A, 0xDA, 0xA7, 0x02, 0x5D,
    0xD6, 0x91, 0x6C, 0x49, 0xB9, 0x34, 0x91, 0x5F, 0xD6, 0x53, 0x81, 0x50, 0x4D, 0x8A, 0x2B, 0x75,
    0x47, 0x91, 0xB2, 0x76, 0x2B, 0x27, 0x5A, 0x21, 0xBB, 0x8E, 0x18, 0xC2, 0x40, 0x7C, 0x11, 0x1C,
    0x9B, 0x26, 0xD2, 0x3D, 0xA4, 0x43, 0x5C, 0xA9, 0x4C, 0xBB, 0x9E, 0x9D, 0x54, 0x53, 0xB2, 0x98,
    0x9F, 0xFE, 0xE3, 0x5E, 0x6C, 0x7F, 0xC8, 0x09, 0x95, 0x5F, 0x5F, 0xE5, 0x1C, 0xB3, 0xD3, 0x66,
    0x24, 0xD4, 0xFD, 0xC8, 0x43, 0x5E, 0xA7, 0xF3, 0x5C, 0x2E, 0xF9, 0xF9, 0xF5, 0xC8, 0x9F, 0xEC,
    0xA0, 0xA3, 0xC7, 0x7A, 0x2C, 0xF4, 0xC7, 0xAA, 0xD2, 0xF9, 0xAE, 0xF4, 0x39, 0x4E, 0x64, 0x9B,
    0x56, 0x12, 0xAB, 0xF2, 0x54, 0xF3, 0xE7, 0xAD, 0x78, 0xE1, 0xBB, 0xFA, 0xE8, 0x7E, 0x10, 0x27,
    0x47, 0x3D, 0xFF, 0x61, 0x6C, 0x79, 0x76, 0xDC, 0xD2, 0x2E, 0xBC, 0xC9, 0x9F, 0x44, 0xBB, 0x28,
    0x9F, 0xEC, 0x89, 0x9F, 0x36, 0x7A, 0xED, 0xEC, 0xD8, 0xAB, 0xA3, 0xC7, 0xAD, 0x38, 0xF9, 0xD8,
    0xD5, 0xFC, 0x05, 0xEC, 0xDE, 0x77, 0x24, 0xAC, 0x86, 0xCE, 0xFA, 0xA8, 0x0B, 0x7D, 0xAE, 0x97,
    0x2F, 0x4C, 0xCF, 0xC8, 0x4D, 0x92, 0x5F, 0x98, 0x9B, 0x4C, 0xA6, 0xF3, 0xBB, 0xE9, 0x33, 0x5B,
    0x30, 0xCA, 0x2B, 0x32, 0xFC, 0xBF, 0x18, 0x55, 0x66, 0xB8, 0x8B, 0x8C, 0x5F, 0xAD, 0x57, 0xBF,
    0x93, 0xD5, 0x54, 0x14, 0x3E, 0x79, 0x71, 0x09, 0x4C, 0x8A, 0x58, 0xB8, 0x30, 0xCE, 0x0E, 0x84,
    0xC2, 0xC2, 0x02, 0x48, 0xAB, 0x33, 0xCB, 0x26, 0x33, 0x96, 0x14, 0x6C, 0xB1, 0x81, 0x19, 0x29,
    0xF8, 0x0B, 0x9C, 0x6D, 0x2C, 0x28, 0x80, 0x04, 0x2C, 0x2C, 0x28, 0xDC, 0xC2, 0x1D, 0x4B, 0x69,
    0x1C, 0x0B, 0x1B, 0x0A, 0x0A, 0x0B, 0x24, 0x51, 0x0A, 0xDB, 0x8C, 0xC2, 0x58, 0x50, 0x18, 0x54,
    0x0A, 0xB5, 0x20, 0x8E, 0xD9, 0xF1, 0x31, 0x9B, 0x97, 0xEB, 0xF7, 0x9D, 0x9B, 0xEC, 0x7B, 0x0B,
    0x0E, 0x50, 0x98, 0x79, 0xF3, 0x7D, 0xB9, 0xB9, 0xBF, 0xCE, 0x3D, 0xBF, 0xEE, 0x79, 0x22, 0xEE,
    0xC7, 0xB9, 0x88, 0x78, 0x37, 0x12, 0xA0, 0x7F, 0x16, 0xE0, 0x18, 0x73, 0x54, 0x24, 0x34, 0xA6,
    0x17, 0xC9, 0x9E, 0x84, 0x46, 0x9C, 0xFE, 0xD8, 0xC9, 0x42, 0xDC, 0xE9, 0xC9, 0x13, 0xB1, 0xF8,
    0xCD, 0x89, 0xD5, 0x20, 0x09, 0xEA, 0xD5, 0x55, 0x3F, 0x89, 0xAA, 0xD5, 0x4B, 0x22, 0x71, 0x79,
    0xE9, 0x36, 0xF1, 0xC3, 0x5B, 0x18, 0x5E, 0xDE, 0x6A, 0x80, 0x79, 0xA3, 0xF8, 0x57, 0x0D, 0xBC,
    0xF6, 0x4B, 0x45, 0xFC, 0xA1, 0x04, 0x5E, 0xBF, 0x07, 0x8C, 0x3F, 0x52, 0xBC, 0xF7, 0x7D, 0x4E,
    0xE4, 0xB6, 0xD1, 0x4F, 0x67, 0xB0, 0x6D, 0xF0, 0x67, 0x20, 0x7E, 0xE2, 0x9B, 0x40, 0x82, 0xC4,
    0x35, 0xC7, 0x24, 0x82, 0x20, 0x47, 0x25, 0xC3, 0xB4, 0x6E, 0x62, 0x30, 0x48, 0xE5, 0x59, 0x33,
    0xFD, 0x29, 0x91, 0xD5, 0xD3, 0xEB, 0x07, 0x45, 0xDE, 0xC1, 0xE6, 0x22, 0xDC, 0x5C, 0x3C, 0x83,
    0x27, 0x57, 0x2C, 0x65, 0x73, 0x27, 0x05, 0x06, 0xB5, 0x84, 0x8A, 0x7E, 0x45, 0x74, 0x6B, 0xE2,
    0xA4, 0x21, 0xCA, 0x96, 0xA2, 0x10, 0x5F, 0x57, 0xBC, 0xAD, 0xD8, 0x02, 0x77, 0xCE, 0x11, 0x8D,
    0x99, 0xE3, 0x38, 0x72, 0xC4, 0xD8, 0xF0, 0xBB, 0xC5, 0xE5, 0x8B, 0x3B, 0xE9, 0xFA, 0x33, 0x63,
    0x1A, 0x62, 0xD4, 0x5A, 0xA9, 0x6A, 0x45, 0xFD, 0x94, 0xE2, 0xA4, 0xBE, 0x99, 0xE2, 0x3C, 0x86,
    0x2A, 0x85, 0xC6, 0xDC, 0xA9, 0x44, 0xA5, 0xD7, 0x48, 0x5C, 0x61, 0x52, 0x56, 0x02, 0xA2, 0x44,
    0xA7, 0x2B, 0xF8, 0x5C, 0xA2, 0x30, 0x66, 0x66, 0xE1, 0x48, 0x9F, 0x6E, 0x40, 0x23, 0x5C, 0xC9,
    0x24, 0x8B, 0x1D, 0xCB, 0x9B, 0x0F, 0x36, 0x84, 0x67, 0x1D, 0x20, 0xCA, 0x71, 0x9C, 0x58, 0x70,
    0x9A, 0x2B, 0x38, 0xAF, 0xD3, 0xCA, 0x4A, 0xE3, 0x43, 0xD8, 0x26, 0x1E, 0xA1, 0x8E, 0x20, 0x90,
    0x6B, 0x4C, 0x12, 0x41, 0x1A, 0xB2, 0x98, 0x0E, 0x73, 0x69, 0x2C, 0x2C, 0xEF, 0x63, 0x8D, 0x2B,
    0xF8, 0xA6, 0x9C, 0x95, 0x96, 0xE3, 0xDA, 0x72, 0xD8, 0x58, 0xF6, 0xA7, 0xE4, 0xE5, 0xBB, 0xE7,
    0x67, 0xE9, 0x85, 0x07, 0xAA, 0x0B, 0x3C, 0xC9, 0xC8, 0xD8, 0xB8, 0x28, 0x75, 0x1C, 0x8E, 0xA6,
    0xE3, 0xD2, 0xCD, 0x9D, 0xFF, 0x1E, 0x37, 0xE9, 0xED, 0x38, 0x31, 0x03, 0x67, 0x37, 0x2C, 0xC7,
    0x0F, 0x2D, 0x87, 0xBB, 0x96, 0x7D, 0x63, 0xD9, 0x25, 0xDF, 0xA5, 0x93, 0x96, 0x42, 0xF9, 0x65,
    0xE4, 0xB8, 0xA4, 0x3A, 0x7E, 0x93, 0xF1, 0x29, 0xE8, 0x11, 0x32, 0x49, 0xB4, 0xE1, 0xF5, 0x69,
    0x61, 0x45, 0xA7, 0x7F, 0xF7, 0x12, 0x74, 0x0B, 0x0D, 0x77, 0x26, 0xC1, 0x5E, 0x83, 0x9D, 0xF3,
    0x86, 0x81, 0x81, 0xC6, 0x86, 0x18, 0xD8, 0x48, 0x64, 0x69, 0xFD, 0xB8, 0x36, 0x60, 0xD6, 0x4E,
    0x8A, 0xFE, 0x6B, 0x9D, 0x03, 0x05, 0x77, 0xD0, 0xE4, 0x14, 0x8D, 0xC9, 0xCC, 0xC9, 0x1E, 0xAC,
    0xFB, 0x8D, 0xC7, 0x86, 0xDB, 0x71, 0x81, 0xA0, 0x74, 0x3A, 0x34, 0x60, 0x50, 0x6D, 0xC8, 0x1D,
    0x34, 0xB2, 0x5A, 0x1B, 0x95, 0xBC, 0xED, 0xA8, 0x2A, 0xD8, 0x68, 0x35, 0xF6, 0x70, 0x16, 0x34,
    0x7C, 0x08, 0xEF, 0xF4, 0x1B, 0xA2, 0x0D, 0xD7, 0xA8, 0x60, 0xB6, 0x01, 0x2B, 0xD5, 0xF3, 0xC6,
    0x01, 0xDD, 0x74, 0x68, 0xC8, 0x4A, 0xB7, 0xD0, 0x70, 0x66, 0x7B, 0x0D, 0xC4, 0xCC, 0xBC, 0x11,
    0x2D, 0x36, 0xE0, 0x32, 0x08, 0x2F, 0x6A, 0x29, 0xAC, 0x0F, 0x85, 0xAD, 0x3B, 0x2D, 0xE0, 0x52,
    0xF4, 0xFD, 0x1E, 0x09, 0xA0, 0x29, 0x18, 0x73, 0xD8, 0xBE, 0x0D, 0x0A, 0x93, 0x0F, 0x8A, 0x4D,
    0xE5, 0xD0, 0xD2, 0x06, 0x74, 0x3E, 0x13, 0x97, 0x7A, 0x30, 0xA5, 0xBE, 0x1A, 0x7D, 0x3D, 0x00,
    0x6B, 0x78, 0x74, 0x22, 0x1C, 0xA2, 0xC8, 0x71, 0x88, 0x44, 0x5C, 0x4D, 0x05, 0x12, 0x14, 0x25,
    0x63, 0x90, 0x66, 0x0A, 0x36, 0x31, 0xA8, 0xD2, 0xD7, 0x30, 0xAC, 0xD4, 0x10, 0x51, 0x25, 0x51,
    0x60, 0x7D, 0x0C, 0x7E, 0xB8, 0x06, 0xFF, 0x0F, 0x72, 0x59, 0x42, 0x70, 0x5D, 0xBD, 0xB0, 0x93,
    0x5E, 0xDC, 0x66, 0xF0, 0x0F, 0x4F, 0xB2, 0xF0, 0x2A, 0x5E, 0x2B, 0xD3, 0x49, 0x27, 0x6B, 0x94,
    0x71, 0x2A, 0xAD, 0x33, 0x93, 0xD3, 0x22, 0xCB, 0xE7, 0x67, 0xE7, 0x90, 0x01, 0xD2, 0x6F, 0xD2,
    0xD1, 0xE1, 0x16, 0x7C, 0x4E, 0xA7, 0x49, 0xEF, 0x56, 0x12, 0x27, 0xAD, 0xC6, 0x92, 0x57, 0x4A,
    0xFC, 0xAD, 0x06, 0x68, 0x81, 0xED, 0xA3, 0xEF, 0xF4, 0x35, 0x3B, 0x9B, 0x4B, 0xF8, 0xA3, 0xC6,
    0x73, 0xFC, 0x49, 0x22, 0xC1, 0xAF, 0x95, 0xBE, 0x7E, 0x8E, 0x93, 0xFD, 0xA3, 0x0E, 0x11, 0x19,
    0x06, 0xB6, 0xBE, 0x86, 0x3D, 0x35, 0xA4, 0xDA, 0x09, 0x66, 0x7C, 0x55, 0x97, 0x83, 0x87, 0xC9,
    0xC4, 0x58, 0xDF, 0xD1, 0xF8, 0x9F, 0xD8, 0x2C, 0x10, 0x2A, 0x7A, 0x73, 0xCC, 0x98, 0xB2, 0xE8,
    0xAD, 0x5C, 0xCC, 0x6B, 0xF7, 0xBE, 0xA7, 0xC4, 0xD0, 0xEC, 0x36, 0x54, 0x2C, 0x03, 0x76, 0x26,
    0x9B, 0x70, 0x61, 0xFD, 0x41, 0x55, 0xE8, 0x85, 0xF5, 0x98, 0x3C, 0x2C, 0xE6, 0x2F, 0xC4, 0x71,
    0x24, 0xE6, 0x42, 0xD5, 0x54, 0x2F, 0x5E, 0xB0, 0x14, 0x52, 0x48, 0x0B, 0xC9, 0xCC, 0xDF, 0x90,
    0x3F, 0x33, 0xD7, 0x4D, 0x25, 0x4B, 0x1B, 0xF2, 0xCC, 0xB3, 0x94, 0xA6, 0xA2, 0xD7, 0x41, 0x32,
    0x22, 0x73, 0xD9, 0x71, 0x4D, 0x66, 0xB7, 0x55, 0xF2, 0x29, 0xC2, 0x58, 0xFC, 0x8E, 0x0E, 0x0E,
    0x6B, 0x30, 0x91, 0xDC, 0xE1, 0x66, 0x30, 0x06, 0x0C, 0x2F, 0x27, 0xA5, 0xD0, 0x75, 0x54, 0x19,
    0xCB, 0x86, 0xAB, 0xD1, 0x18, 0x7A, 0x72, 0x23, 0x83, 0x5F, 0x4F, 0x14, 0x0F, 0x33, 0xC7, 0x71,
    0x45, 0x75, 0x2C, 0xF5, 0x3D, 0x33, 0x9F, 0x2B, 0x85, 0xEE, 0x8D, 0x23, 0xC9, 0x9B, 0xC3, 0xFA,
    0xD4, 0xE6, 0x1D, 0x7A, 0x9B, 0xD3, 0xE1, 0x18, 0x09, 0x64, 0xE0, 0xAA, 0xD3, 0x51, 0x36, 0xCA,
    0x89, 0xD0, 0x2C, 0x63, 0xC3, 0x14, 0x58, 0x66, 0x50, 0xE3, 0xE6, 0x0E, 0xEC, 0x96, 0xE8, 0x5D,
    0x30, 0xD5, 0x94, 0xED, 0xD5, 0x4A, 0x61, 0xAE, 0x74, 0x55, 0xF3, 0xB8, 0x33, 0x55, 0x52, 0x3B,
    0x04, 0xB5, 0x66, 0xD5, 0xA0, 0xCE, 0xD4, 0xAC, 0x8F, 0xBA, 0xE1, 0x0A, 0xD0, 0x65, 0xED, 0x85,
    0x13, 0xD4, 0xAA, 0x15, 0x0C, 0xB1, 0x23, 0xE3, 0x5A, 0x89, 0xF1, 0x0C, 0xA2, 0x50, 0x20, 0x06,
    0x0B, 0x77, 0x30, 0x96, 0x10, 0x0E, 0xA4, 0x78, 0xD8, 0xBD, 0x55, 0xCF, 0x80, 0x3D, 0x90, 0x56,
    0xF2, 0x89, 0x61, 0x42, 0x41, 0x3E, 0x9B, 0x59, 0x03, 0xAC, 0x07, 0xBA, 0x11, 0xB5, 0x4F, 0x8A,
    0x9E, 0xC2, 0xC3, 0x11, 0x08, 0x25, 0xB2, 0x4B, 0x9C, 0xC7, 0x4C, 0x32, 0x61, 0xBE, 0x46, 0x0A,
    0xCA, 0xCB, 0x24, 0xCF, 0x92, 0x5B, 0xBE, 0x41, 0x72, 0x20, 0x9B, 0xDB, 0xE9, 0x4A, 0x6E, 0xF7,
    0x3E, 0x8F, 0x74, 0x41, 0x6F, 0x24, 0xE8, 0xF7, 0x53, 0xAA, 0xFF, 0xB3, 0xB1, 0xEF, 0xF0, 0x4D,
    0xD0, 0x11, 0xED, 0x83, 0x09, 0xBE, 0xA0, 0xE3, 0x7E, 0x39, 0xF6, 0xBD, 0x2A, 0xF9, 0x2A, 0xB2,
    0xCB, 0xDC, 0xA8, 0x37, 0x5F, 0xA7, 0x17, 0xF7, 0x53, 0x45, 0x5C, 0x86, 0x8E, 0xD9, 0xDE, 0xA4,
    0x8D, 0x12, 0x86, 0x46, 0x86, 0x8B, 0xC7, 0xC6, 0xE5, 0x2C, 0x53, 0x5C, 0x2E, 0xB6, 0xD3, 0xEC,
    0x3E, 0xBF, 0xC3, 0xBA, 0xC0, 0xAC, 0xCC, 0xF6, 0xF7, 0x9E, 0x33, 0x1B, 0x70, 0xA9, 0x15, 0x6B,
    0x65, 0xE6, 0x15, 0xD3, 0xE3, 0x70, 0xD9, 0x36, 0xB5, 0x9F, 0xA9, 0x73, 0xBC, 0x04, 0x35, 0x4A,
    0x8B, 0x4A, 0x03, 0x98, 0x36, 0x8B, 0xCC, 0x90, 0xD6, 0x1A, 0x59, 0xA0, 0xA5, 0xA7, 0xA8, 0x10,
    0x98, 0x8A, 0x1F, 0x35, 0x5A, 0x05, 0xF4, 0xA0, 0xB8, 0x6E, 0x32, 0x2A, 0x2D, 0x69, 0xE8, 0xE5,
    0x33, 0x69, 0x90, 0x70, 0xBC, 0x29, 0x26, 0x74, 0x0C, 0xAA, 0x06, 0x5E, 0x18, 0x90, 0x56, 0xE9,
    0xFE, 0x8D, 0xBC, 0xC5, 0x30, 0xE3, 0x62, 0x38, 0xC8, 0x0B, 0x09, 0x45, 0xC4, 0x02, 0x79, 0x7D,
    0xC2, 0x79, 0x36, 0x88, 0x1A, 0xF8, 0x34, 0xD7, 0x24, 0xB5, 0x4A, 0x5E, 0xA7, 0x84, 0x58, 0xE1,
    0x10, 0x31, 0x79, 0x83, 0x2F, 0x12, 0xB7, 0x0D, 0x75, 0xCA, 0x3B, 0xBE, 0xB3, 0x17, 0xC8, 0x2A,
    0x16, 0x3F, 0xB0, 0x23, 0xCF, 0x1D, 0x2C, 0x5F, 0x42, 0xAD, 0xE2, 0x3C, 0x62, 0x5C, 0x21, 0xE6,
    0x11, 0xEC, 0x13, 0x93, 0x63, 0x07, 0xBA, 0x0A, 0x7E, 0x2D, 0x2E, 0x0C, 0xCD, 0xD6, 0xB8, 0xB6,
    0x2A, 0xA2, 0x93, 0x0F, 0xC1, 0x89, 0xD4, 0xB3, 0x9C, 0xA6, 0x17, 0x67, 0x1B, 0x6A, 0xAC, 0xCE,
    0xA2, 0x38, 0x05, 0x56, 0x80, 0x4F, 0xF6, 0x8C, 0x6A, 0xF3, 0x38, 0xDD, 0xD7, 0xEB, 0xE9, 0x44,
    0x5E, 0x03, 0xB6, 0x9A, 0x41, 0x61, 0x47, 0x5D, 0x2A, 0x46, 0x09, 0x03, 0x2B, 0x4B, 0xA0, 0x41,
    0xD6, 0x33, 0xBD, 0xAC, 0x18, 0x0D, 0xA9, 0x9F, 0x79, 0x88, 0x59, 0xC0, 0x2C, 0xA1, 0xD6, 0xF2,
    0xF3, 0x67, 0x71, 0xA5, 0x3A, 0xA8, 0xA2, 0x7F, 0x40, 0xCB, 0x3D, 0xC1, 0x16, 0xC5, 0x99, 0x6B,
    0x06, 0x39, 0xC7, 0x67, 0x14, 0xB4, 0x7E, 0x1E, 0x62, 0x2F, 0x3F, 0x47, 0x79, 0x5A, 0xF9, 0xF9,
    0x01, 0xE4, 0x47, 0xCE, 0x8A, 0x17, 0x30, 0xCB, 0x5F, 0x8E, 0xF1, 0x73, 0xB3, 0xA2, 0x8A, 0xC8,
    0x95, 0x71, 0x8A, 0x96, 0xEB, 0xBB, 0xD8, 0x91, 0xE5, 0xA9, 0x9F, 0x23, 0x29, 0x14, 0x0F, 0xAF,
    0x9B, 0xB1, 0x5C, 0x86, 0x6C, 0xA7, 0x28, 0x2D, 0xE5, 0xDC, 0x27, 0xF9, 0x52, 0xA2, 0x9E, 0xC4,
    0x9A, 0x64, 0x20, 0xA4, 0xD5, 0x54, 0x33, 0xEB, 0xE2, 0x63, 0x23, 0x3C, 0x8F, 0x06, 0x7A, 0x8C,
    0xFA, 0xAA, 0x28, 0x63, 0x66, 0xD5, 0xA0, 0x3C, 0x4D, 0xF2, 0xAA, 0xCB, 0x24, 0xB7, 0xBA, 0x44,
    0x72, 0x60, 0x80, 0x89, 0x0D, 0xBC, 0xFF, 0x87, 0x86, 0x28, 0xF6, 0x16, 0xA3, 0xD8, 0x65, 0x91,
    0xA9, 0xC9, 0xBA, 0xCB, 0xAC, 0x8F, 0x65, 0xF5, 0x68, 0x5B, 0x1D, 0x8F, 0x68, 0xD0, 0x8E, 0xC2,
    0xF6, 0xEA, 0x37, 0x77, 0x3A, 0x96, 0xB1, 0x05, 0x6F, 0x96, 0xA7, 0x4C, 0x29, 0x0C, 0x3B, 0x3A,
    0xEC, 0x42, 0x15, 0xAB, 0x15, 0x15, 0x8A, 0x44, 0x06, 0xE4, 0xBC, 0xF0, 0x9D, 0x8E, 0x03, 0x35,
    0x67, 0x3A, 0xE6, 0x0F, 0x2E, 0xC3, 0x57, 0xA4, 0x49, 0x1B, 0xC2, 0xAF, 0x84, 0xD7, 0x6E, 0xEA,
    0xF5, 0xCA, 0xE0, 0x35, 0xFD, 0x16, 0x71, 0xB1, 0xF7, 0xAB, 0x86, 0xC5, 0x93, 0xED, 0xBD, 0x8F,
    0x0F, 0xEF, 0xE2, 0xFB, 0x6B, 0xDA, 0x8B, 0x0B, 0x86, 0x58, 0x2A, 0x56, 0x5A, 0xBC, 0x28, 0x7A,
    0xFA, 0xC5, 0x57, 0x0C, 0x74, 0x4C, 0x36, 0x24, 0x34, 0x9B, 0xDC, 0x6C, 0xA2, 0x83, 0xC0, 0x5B,
    0x56, 0x97, 0xCD, 0x02, 0x21, 0x58, 0xB6, 0xAC, 0x7D, 0xA9, 0xDA, 0x6C, 0x77, 0x17, 0xA7, 0x77,
    0xCC, 0x7B, 0x4D, 0x56, 0x41, 0x5F, 0x6E, 0x83, 0x73, 0xFB, 0xAD, 0x8B, 0x9A, 0x11, 0x1A, 0x70,
    0x1B, 0x26, 0xF4, 0xCA, 0x6D, 0xA0, 0x57, 0xE4, 0xF8, 0x46, 0xF4, 0xAF, 0x42, 0x83, 0x8B, 0x63,
    0xA4, 0x1C, 0x54, 0x8C, 0x94, 0x2D, 0x52, 0x92, 0xED, 0xEB, 0x03, 0xB5, 0xA4, 0x12, 0x75, 0x85,
    0x19, 0x09, 0x7F, 0x39, 0x5A, 0xC4, 0x75, 0x58, 0xF9, 0x53, 0xEC, 0xC0, 0x3F, 0x2D, 0xAE, 0x26,
    0x1A, 0xBD, 0x39, 0x5A, 0xAD, 0x41, 0x10, 0x8C, 0xBF, 0xDB, 0x5B, 0x0E, 0x05, 0x81, 0x49, 0x0B,
    0x56, 0x73, 0xEA, 0x14, 0x85, 0xDA, 0xAE, 0x50, 0xE3, 0x15, 0x7A, 0x21, 0x17, 0x6A, 0xE1, 0xF9,
    0xBB, 0xA2, 0x99, 0x8F, 0xA4, 0x37, 0x14, 0xB2, 0xD9, 0x0E, 0xAB, 0xC5, 0xAA, 0x80, 0xE5, 0x42,
    0x1D, 0xDF, 0xD6, 0x05, 0x8A, 0xF6, 0xFB, 0x5E, 0xEF, 0xC6, 0xFE, 0x5E, 0x47, 0x2D, 0x17, 0xB3,
    0x5C, 0x18, 0xF0, 0x5F, 0xAD, 0xCE, 0x21, 0x12, 0xC2, 0x30, 0x14, 0x45, 0xD1, 0x9B, 0x66, 0x06,
    0x83, 0xA8, 0x42, 0xB3, 0x00, 0x44, 0x97, 0xD0, 0x6E, 0x82, 0x61, 0x37, 0x6D, 0x56, 0xD6, 0x2E,
    0x05, 0x04, 0x0B, 0x40, 0x44, 0x20, 0x9A, 0x3C, 0x7E, 0x52, 0x09, 0x18, 0x86, 0x2F, 0xAE, 0xF8,
    0xF3, 0xC4, 0x01, 0x06, 0xEC, 0x26, 0x05, 0xF0, 0xD2, 0x03, 0xDA, 0xB8, 0x5B, 0xA1, 0x0B, 0x4D,
    0x82, 0x1E, 0x6F, 0x9D, 0xF1, 0xF6, 0xC9, 0xB8, 0x08, 0xA9, 0xAC, 0xDF, 0x7B, 0x92, 0xB4, 0xD2,
    0xD7, 0x1E, 0xF2, 0xF9, 0xB2, 0x96, 0xBF, 0xFB, 0x5F, 0x1B, 0x0D, 0x3E, 0x9B, 0x32, 0xF6, 0x8A,
    0x5B, 0xC1, 0x6D, 0xF2, 0xEC, 0xAA, 0xFC, 0x6A, 0xF2, 0xFB, 0x5E, 0x55, 0xAE, 0x22, 0xC7, 0x3A,
    0xD6, 0xCE, 0xB0, 0x54, 0xE7, 0xA7, 0x76, 0xD2, 0x6D, 0x29, 0x72, 0xAB, 0xC9, 0x87, 0xEF, 0xCB,
    0xDF, 0x5A, 0x30, 0x0A, 0x66, 0x6E, 0x95, 0x26, 0x3D, 0x8F, 0x4A, 0x2F,
};

static const EpdGlyph literata_18_regularGlyphs[] = {
    { 0, 0, 120, 0, 0, 0, 0 }, // U+0020
    { 6, 29, 193, 3, 28, 44, 0 }, // !
    { 11, 9, 232, 2, 30, 25, 44 }, // "
    { 23, 21, 404, 1, 21, 121, 69 }, // #
    { 20, 34, 336, 1, 31, 170, 190 }, // $
    { 30, 24, 511, 1, 23, 180, 360 }, // %
    { 28, 29, 486, 2, 28, 203, 540 }, // &
    { 5, 9, 141, 2, 30, 12, 743 }, // '
    { 10, 40, 199, 2, 32, 100, 755 }, // (
    { 10, 40, 199, 0, 32, 100, 855 }, // )
    { 15, 14, 269, 1, 30, 53, 955 }, // *
    { 18, 17, 349, 2, 20, 77, 1008 }, // +
    { 7, 12, 197, 3, 5, 21, 1085 }, // ,
    { 11, 3, 212, 1, 12, 9, 1106 }, // -
    { 7, 7, 200, 3, 6, 13, 1115 }, // .
    { 16, 35, 257, 0, 31, 140, 1128 }, // /
    { 20, 29, 347, 1, 28, 145, 1268 }, // 0
    { 14, 28, 244, 1, 28, 98, 1413 }, // 1
    { 18, 28, 304, 0, 28, 126, 1511 }, // 2
    { 19, 29, 325, 0, 28, 138, 1637 }, // 3
    { 21, 28, 331, 0, 28, 147, 1775 }, // 4
    { 19, 28, 305, 0, 27, 133, 1922 }, // 5
    { 19, 29, 322, 1, 28, 138, 2055 }, // 6
    { 19, 28, 304, 0, 27, 133, 2193 }, // 7
    { 19, 29, 331, 1, 28, 138, 2326 }, // 8
    { 19, 29, 314, 0, 28, 138, 2464 }, // 9
    { 7, 21, 200, 3, 20, 37, 2602 }, // :
    { 7, 27, 197, 3, 20, 48, 2639 }, // ;
    { 17, 20, 349, 2, 21, 85, 2687 }, // <
    { 18, 10, 349, 2, 17, 45, 2772 }, // =
    { 17, 20, 349, 3, 21, 85, 2817 }, // >
    { 16, 29, 323, 2, 28, 116, 2902 }, // ?
    { 29, 30, 509, 2, 22, 218, 3018 }, // @
    { 28, 27, 441, 0, 27, 189, 3236 }, // A
    { 22, 27, 396, 2, 27, 149, 3425 }, // B
    { 24, 29, 419, 1, 28, 174, 3574 }, // C
    { 26, 27, 459, 2, 27, 176, 3748 }, // D
    { 21, 27, 382, 2, 27, 142, 3924 }, // E
    { 20, 27, 369, 2, 27, 135, 4066 }, // F
    { 27, 29, 451, 1, 28, 196, 4201 }, // G
    { 28, 27, 503, 2, 27, 189, 4397 }, // H
    { 12, 27, 245, 2, 27, 81, 4586 }, // I
    { 19, 28, 334, 1, 27, 133, 4667 }, // J
    { 26, 28, 452, 2, 27, 182, 4800 }, // K
    { 20, 27, 382, 2, 27, 135, 4982 }, // L
    { 34, 27, 602, 2, 27, 230, 5117 }, // M
    { 28, 27, 501, 2, 27, 189, 5347 }, // N
    { 26, 29, 456, 1, 28, 189, 5536 }, // O
    { 20, 27, 361, 2, 27, 135, 5725 }, // P
    { 33, 35, 456, 1, 28, 289, 5860 }, // Q
    { 25, 28, 435, 2, 27, 175, 6149 }, // R
    { 19, 29, 359, 2, 28, 138, 6324 }, // S
    { 26, 27, 443, 1, 27, 176, 6462 }, // T
    { 29, 28, 486, 1, 27, 203, 6638 }, // U
    { 28, 27, 443, 0, 27, 189, 6841 }, // V
    { 41, 27, 655, 0, 27, 277, 7030 }, // W
    { 27, 27, 424, 0, 27, 183, 7307 }, // X
    { 27, 27, 430, 0, 27, 183, 7490 }, // Y
    { 21, 27, 394, 2, 27, 142, 7673 }, // Z
    { 9, 40, 200, 3, 32, 90, 7815 }, // [
    { 16, 35, 257, 0, 31, 140, 7905 }, // <backslash>
    { 8, 40, 200, 1, 32, 80, 8045 }, // ]
    { 20, 15, 349, 1, 27, 75, 8125 }, // ^
    { 18, 3, 282, 0, -1, 14, 8200 }, // _
    { 8, 8, 300, 5, 30, 16, 8214 }, // `
    { 20, 21, 323, 1, 20, 105, 8230 }, // a
    { 22, 30, 364, 0, 29, 165, 8335 }, // b
    { 17, 21, 299, 1, 20, 90, 8500 }, // c
    { 22, 30, 367, 1, 29, 165, 8590 }, // d
    { 18, 21, 311, 1, 20, 95, 8755 }, // e
    { 17, 31, 232, 1, 31, 132, 8850 }, // f
    { 22, 31, 335, 0, 22, 171, 8982 }, // g
    { 23, 29, 397, 1, 29, 167, 9153 }, // h
    { 11, 29, 200, 1, 29, 80, 9320 }, // i
    { 8, 39, 185, 1, 29, 78, 9400 }, // j
    { 23, 30, 365, 1, 29, 173, 9478 }, // k
    { 11, 29, 201, 1, 29, 80, 9651 }, // l
    { 35, 20, 582, 1, 20, 175, 9731 }, // m
    { 23, 20, 397, 1, 20, 115, 9906 }, // n
    { 20, 21, 352, 1, 20, 105, 10021 }, // o
    { 21, 28, 370, 1, 20, 147, 10126 }, // p
    { 22, 28, 360, 1, 20, 154, 10273 }, // q
    { 17, 20, 284, 1, 20, 85, 10427 }, // r
    { 16, 21, 271, 1, 20, 84, 10512 }, // s
    { 15, 27, 242, 1, 26, 102, 10596 }, // t
    { 22, 21, 380, 1, 20, 116, 10698 }, // u
    { 23, 19, 355, 0, 19, 110, 10814 }, // v
    { 33, 19, 516, 0, 19, 157, 10924 }, // w
    { 22, 19, 340, 0, 19, 105, 11081 }, // x
    { 22, 28, 346, 0, 19, 154, 11186 }, // y
    { 17, 19, 292, 1, 19, 81, 11340 }, // z
    { 11, 41, 223, 2, 32, 113, 11421 }, // {
    { 4, 35, 254, 6, 31, 35, 11534 }, // |
    { 12, 41, 223, 1, 32, 123, 11569 }, // }
    { 18, 6, 349, 2, 14, 27, 11692 }, // ~
    { 0, 0, 120, 0, 0, 0, 0 }, // U+00A0
    { 6, 28, 193, 3, 20, 42, 0 }, // U+00A1
    { 17, 26, 295, 1, 24, 111, 42 }, // U+00A2
    { 19, 28, 330, 1, 28, 133, 153 }, // U+00A3
    { 17, 18, 323, 2, 21, 77, 286 }, // U+00A4
    { 26, 27, 420, 1, 27, 176, 363 }, // U+00A5
    { 4, 35, 254, 6, 31, 35, 539 }, // U+00A6
    { 20, 35, 371, 2, 28, 175, 574 }, // U+00A7
    { 13, 5, 300, 3, 29, 17, 749 }, // U+00A8
    { 26, 26, 477, 2, 26, 169, 766 }, // U+00A9
    { 15, 15, 252, 1, 29, 57, 935 }, // U+00AA
    { 17, 17, 298, 1, 19, 73, 992 }, // U+00AB
    { 18, 9, 349, 2, 15, 41, 1065 }, // U+00AC
    { 0, 0, 0, 0, 0, 0, 1106 }, // U+00AD
    { 15, 14, 292, 2, 30, 53, 1106 }, // U+00AE
    { 11, 3, 300, 4, 27, 9, 1159 }, // U+00AF
    { 10, 10, 197, 1, 31, 25, 1168 }, // U+00B0
    { 18, 20, 349, 2, 20, 90, 1193 }, // U+00B1
    { 14, 18, 238, 0, 32, 63, 1283 }, // U+00B2
    { 14, 18, 254, 0, 32, 63, 1346 }, // U+00B3
    { 8, 8, 300, 6, 30, 16, 1409 }, // U+00B4
    { 21, 29, 369, 2, 19, 153, 1425 }, // U+00B5
    { 19, 33, 347, 2, 27, 157, 1578 }, // U+00B6
    { 7, 7, 200, 3, 16, 13, 1735 }, // U+00B7
    { 9, 9, 300, 5, 0, 21, 1748 }, // U+00B8
    { 11, 18, 194, 1, 32, 50, 1769 }, // U+00B9
    { 14, 15, 256, 1, 29, 53, 1819 }, // U+00BA
    { 16, 17, 296, 1, 19, 68, 1872 }, // U+00BB
    { 33, 29, 548, 1, 28, 240, 1940 }, // U+00BC
    { 34, 29, 572, 1, 28, 247, 2180 }, // U+00BD
    { 36, 28, 573, 0, 27, 252, 2427 }, // U+00BE
    { 15, 28, 323, 3, 20, 105, 2679 }, // U+00BF
    { 28, 35, 441, 0, 35, 245, 2784 }, // U+00C0
    { 28, 35, 441, 0, 35, 245, 3029 }, // U+00C1
    { 28, 36, 441, 0, 36, 252, 3274 }, // U+00C2
    { 28, 35, 441, 0, 35, 245, 3526 }, // U+00C3
    { 28, 35, 441, 0, 35, 245, 3771 }, // U+00C4
    { 28, 37, 441, 0, 37, 259, 4016 }, // U+00C5
    { 36, 27, 598, 0, 27, 243, 4275 }, // U+00C6
    { 24, 37, 419, 1, 28, 222, 4518 }, // U+00C7
    { 21, 35, 382, 2, 35, 184, 4740 }, // U+00C8
    { 21, 35, 382, 2, 35, 184, 4924 }, // U+00C9
    { 21, 36, 382, 2, 36, 189, 5108 }, // U+00CA
    { 21, 35, 382, 2, 35, 184, 5297 }, // U+00CB
    { 12, 35, 245, 2, 35, 105, 5481 }, // U+00CC
    { 12, 35, 245, 2, 35, 105, 5586 }, // U+00CD
    { 13, 36, 245, 1, 36, 117, 5691 }, // U+00CE
    { 14, 35, 245, 1, 35, 123, 5808 }, // U+00CF
    { 28, 27, 459, 0, 27, 189, 5931 }, // U+00D0
    { 28, 35, 501, 2, 35, 245, 6120 }, // U+00D1
    { 26, 36, 456, 1, 35, 234, 6365 }, // U+00D2
    { 26, 36, 456, 1, 35, 234, 6599 }, // U+00D3
    { 26, 37, 456, 1, 36, 241, 6833 }, // U+00D4
    { 26, 36, 456, 1, 35, 234, 7074 }, // U+00D5
    { 26, 36, 456, 1, 35, 234, 7308 }, // U+00D6
    { 14, 15, 349, 4, 19, 53, 7542 }, // U+00D7
    { 27, 29, 456, 1, 28, 196, 7595 }, // U+00D8
    { 29, 36, 486, 1, 35, 261, 7791 }, // U+00D9
    { 29, 36, 486, 1, 35, 261, 8052 }, // U+00DA
    { 29, 37, 486, 1, 36, 269, 8313 }, // U+00DB
    { 29, 36, 486, 1, 35, 261, 8582 }, // U+00DC
    { 27, 35, 430, 0, 35, 237, 8843 }, // U+00DD
    { 20, 27, 361, 2, 27, 135, 9080 }, // U+00DE
    { 24, 32, 406, 1, 31, 192, 9215 }, // U+00DF
    { 20, 31, 323, 1, 30, 155, 9407 }, // U+00E0
    { 20, 31, 323, 1, 30, 155, 9562 }, // U+00E1
    { 20, 31, 323, 1, 30, 155, 9717 }, // U+00E2
    { 20, 30, 323, 1, 29, 150, 9872 }, // U+00E3
    { 20, 30, 323, 1, 29, 150, 10022 }, // U+00E4
    { 20, 31, 323, 1, 30, 155, 10172 }, // U+00E5
    { 29, 21, 482, 1, 20, 153, 10327 }, // U+00E6
    { 17, 29, 299, 1, 20, 124, 10480 }, // U+00E7
    { 18, 31, 311, 1, 30, 140, 10604 }, // U+00E8
    { 18, 31, 311, 1, 30, 140, 10744 }, // U+00E9
    { 18, 31, 311, 1, 30, 140, 10884 }, // U+00EA
    { 18, 30, 311, 1, 29, 135, 11024 }, // U+00EB
    { 11, 30, 200, 1, 30, 83, 11159 }, // U+00EC
    { 11, 30, 200, 1, 30, 83, 11242 }, // U+00ED
    { 13, 30, 200, -1, 30, 98, 11325 }, // U+00EE
    { 13, 29, 200, -1, 29, 95, 11423 }, // U+00EF
    { 20, 31, 346, 1, 30, 155, 11518 }, // U+00F0
    { 23, 29, 397, 1, 29, 167, 11673 }, // U+00F1
    { 20, 31, 352, 1, 30, 155, 11840 }, // U+00F2
    { 20, 31, 352, 1, 30, 155, 11995 }, // U+00F3
    { 20, 31, 352, 1, 30, 155, 12150 }, // U+00F4
    { 20, 30, 352, 1, 29, 150, 12305 }, // U+00F5
    { 20, 30, 352, 1, 29, 150, 12455 }, // U+00F6
    { 18, 18, 349, 2, 20, 81, 12605 }, // U+00F7
    { 23, 21, 352, -1, 20, 121, 12686 }, // U+00F8
    { 22, 31, 380, 1, 30, 171, 12807 }, // U+00F9
    { 22, 31, 380, 1, 30, 171, 12978 }, // U+00FA
    { 22, 31, 380, 1, 30, 171, 13149 }, // U+00FB
    { 22, 30, 380, 1, 29, 165, 13320 }, // U+00FC
    { 22, 39, 346, 0, 30, 215, 13485 }, // U+00FD
    { 22, 37, 360, 0, 29, 204, 13700 }, // U+00FE
    { 22, 38, 346, 0, 29, 209, 13904 }, // U+00FF
    { 28, 34, 441, 0, 34, 238, 0 }, // U+0100
    { 20, 28, 323, 1, 27, 140, 238 }, // U+0101
    { 28, 36, 441, 0, 36, 252, 378 }, // U+0102
    { 20, 31, 323, 1, 30, 155, 630 }, // U+0103
    { 28, 36, 441, 0, 27, 252, 785 }, // U+0104
    { 20, 29, 323, 1, 20, 145, 1037 }, // U+0105
    { 24, 36, 419, 1, 35, 216, 1182 }, // U+0106
    { 17, 31, 299, 1, 30, 132, 1398 }, // U+0107
    { 24, 37, 419, 1, 36, 222, 1530 }, // U+0108
    { 17, 31, 299, 1, 30, 132, 1752 }, // U+0109
    { 24, 36, 419, 1, 35, 216, 1884 }, // U+010A
    { 17, 30, 299, 1, 29, 128, 2100 }, // U+010B
    { 24, 38, 419, 1, 37, 228, 2228 }, // U+010C
    { 17, 31, 299, 1, 30, 132, 2456 }, // U+010D
    { 26, 37, 459, 2, 37, 241, 2588 }, // U+010E
    { 25, 30, 415, 1, 29, 188, 2829 }, // U+010F
    { 28, 27, 459, 0, 27, 189, 3017 }, // U+0110
    { 22, 30, 355, 1, 29, 165, 3206 }, // U+0111
    { 21, 34, 382, 2, 34, 179, 3371 }, // U+0112
    { 18, 28, 311, 1, 27, 126, 3550 }, // U+0113
    { 21, 36, 382, 2, 36, 189, 3676 }, // U+0114
    { 18, 31, 311, 1, 30, 140, 3865 }, // U+0115
    { 21, 35, 382, 2, 35, 184, 4005 }, // U+0116
    { 18, 30, 311, 1, 29, 135, 4189 }, // U+0117
    { 21, 36, 382, 2, 27, 189, 4324 }, // U+0118
    { 18, 29, 311, 1, 20, 131, 4513 }, // U+0119
    { 21, 37, 382, 2, 37, 195, 4644 }, // U+011A
    { 18, 31, 311, 1, 30, 140, 4839 }, // U+011B
    { 27, 37, 451, 1, 36, 250, 4979 }, // U+011C
    { 22, 39, 313, 0, 30, 215, 5229 }, // U+011D
    { 27, 37, 451, 1, 36, 250, 5444 }, // U+011E
    { 22, 39, 335, 0, 30, 215, 5694 }, // U+011F
    { 27, 36, 451, 1, 35, 243, 5909 }, // U+0120
    { 22, 38, 335, 0, 29, 209, 6152 }, // U+0121
    { 27, 39, 451, 1, 28, 264, 6361 }, // U+0122
    { 22, 40, 335, 0, 31, 220, 6625 }, // U+0123
    { 28, 36, 503, 2, 36, 252, 6845 }, // U+0124
    { 25, 38, 397, -1, 38, 238, 7097 }, // U+0125
    { 30, 27, 472, 0, 27, 203, 7335 }, // U+0126
    { 24, 29, 397, 0, 29, 174, 7538 }, // U+0127
    { 14, 35, 245, 1, 35, 123, 7712 }, // U+0128
    { 13, 29, 200, -1, 29, 95, 7835 }, // U+0129
    { 12, 34, 245, 2, 34, 102, 7930 }, // U+012A
    { 13, 27, 200, -1, 27, 88, 8032 }, // U+012B
    { 13, 36, 245, 1, 36, 117, 8120 }, // U+012C
    { 13, 30, 200, -1, 30, 98, 8237 }, // U+012D
    { 12, 36, 214, 2, 27, 108, 8335 }, // U+012E
    { 11, 38, 200, 1, 29, 105, 8443 }, // U+012F
    { 12, 35, 245, 2, 35, 105, 8548 }, // U+0130
    { 11, 19, 200, 1, 19, 53, 8653 }, // U+0131
    { 34, 28, 580, 2, 27, 238, 8706 }, // U+0132
    { 21, 39, 385, 1, 29, 205, 8944 }, // U+0133
    { 20, 37, 334, 1, 36, 185, 9149 }, // U+0134
    { 13, 40, 181, -1, 30, 130, 9334 }, // U+0135
    { 26, 38, 452, 2, 27, 247, 9464 }, // U+0136
    { 23, 40, 365, 1, 29, 230, 9711 }, // U+0137
    { 23, 20, 364, 1, 19, 115, 9941 }, // U+0138
    { 20, 35, 382, 2, 35, 175, 10056 }, // U+0139
    { 11, 37, 201, 1, 37, 102, 10231 }, // U+013A
    { 20, 38, 382, 2, 27, 190, 10333 }, // U+013B
    { 11, 40, 201, 1, 29, 110, 10523 }, // U+013C
    { 20, 29, 382, 2, 29, 145, 10633 }, // U+013D
    { 14, 29, 244, 1, 29, 102, 10778 }, // U+013E
    { 20, 27, 382, 2, 27, 135, 10880 }, // U+013F
    { 16, 29, 226, 1, 29, 116, 11015 }, // U+0140
    { 22, 27, 382, 0, 27, 149, 11131 }, // U+0141
    { 13, 29, 201, 0, 29, 95, 11280 }, // U+0142
    { 28, 35, 501, 2, 35, 245, 11375 }, // U+0143
    { 23, 30, 397, 1, 30, 173, 11620 }, // U+0144
    { 28, 38, 501, 2, 27, 266, 11793 }, // U+0145
    { 23, 31, 397, 1, 20, 179, 12059 }, // U+0146
    { 28, 37, 501, 2, 37, 259, 12238 }, // U+0147
    { 23, 30, 397, 1, 30, 173, 12497 }, // U+0148
    { 28, 29, 472, 1, 29, 203, 12670 }, // U+0149
    { 28, 36, 501, 2, 27, 252, 12873 }, // U+014A
    { 21, 29, 385, 1, 20, 153, 13125 }, // U+014B
    { 26, 35, 456, 1, 34, 228, 13278 }, // U+014C
    { 20, 28, 352, 1, 27, 140, 13506 }, // U+014D
    { 26, 37, 456, 1, 36, 241, 13646 }, // U+014E
    { 20, 31, 352, 1, 30, 155, 13887 }, // U+014F
    { 26, 37, 456, 1, 36, 241, 14042 }, // U+0150
    { 20, 31, 352, 1, 30, 155, 14283 }, // U+0151
    { 39, 29, 649, 1, 28, 283, 14438 }, // U+0152
    { 33, 21, 544, 1, 20, 174, 14721 }, // U+0153
    { 25, 36, 435, 2, 35, 225, 14895 }, // U+0154
    { 17, 30, 284, 1, 30, 128, 15120 }, // U+0155
    { 25, 38, 435, 2, 27, 238, 15248 }, // U+0156
    { 17, 31, 284, 1, 20, 132, 15486 }, // U+0157
    { 25, 38, 435, 2, 37, 238, 15618 }, // U+0158
    { 17, 30, 284, 1, 30, 128, 15856 }, // U+0159
    { 19, 36, 359, 2, 35, 171, 15984 }, // U+015A
    { 16, 31, 271, 1, 30, 124, 16155 }, // U+015B
    { 19, 37, 359, 2, 36, 176, 16279 }, // U+015C
    { 16, 31, 271, 1, 30, 124, 16455 }, // U+015D
    { 19, 37, 359, 2, 28, 176, 16579 }, // U+015E
    { 16, 29, 271, 1, 20, 116, 16755 }, // U+015F
    { 19, 38, 359, 2, 37, 181, 16871 }, // U+0160
    { 16, 31, 271, 1, 30, 124, 17052 }, // U+0161
    { 26, 36, 443, 1, 27, 234, 17176 }, // U+0162
    { 15, 35, 242, 1, 26, 132, 17410 }, // U+0163
    { 26, 37, 443, 1, 37, 241, 17542 }, // U+0164
    { 15, 31, 242, 1, 30, 117, 17783 }, // U+0165
    { 26, 27, 443, 1, 27, 176, 17900 }, // U+0166
    { 16, 27, 242, 0, 26, 108, 18076 }, // U+0167
    { 29, 36, 486, 1, 35, 261, 18184 }, // U+0168
    { 22, 30, 380, 1, 29, 165, 18445 }, // U+0169
    { 29, 35, 486, 1, 34, 254, 18610 }, // U+016A
    { 22, 28, 380, 1, 27, 154, 18864 }, // U+016B
    { 29, 37, 486, 1, 36, 269, 19018 }, // U+016C
    { 22, 31, 380, 1, 30, 171, 19287 }, // U+016D
    { 29, 38, 486, 1, 37, 276, 19458 }, // U+016E
    { 22, 31, 380, 1, 30, 171, 19734 }, // U+016F
    { 29, 37, 486, 1, 36, 269, 19905 }, // U+0170
    { 22, 31, 380, 1, 30, 171, 20174 }, // U+0171
    { 29, 36, 486, 1, 27, 261, 20345 }, // U+0172
    { 22, 29, 369, 1, 20, 160, 20606 }, // U+0173
    { 41, 36, 655, 0, 36, 369, 20766 }, // U+0174
    { 33, 30, 516, 0, 30, 248, 21135 }, // U+0175
    { 27, 36, 430, 0, 36, 243, 21383 }, // U+0176
    { 22, 39, 346, 0, 30, 215, 21626 }, // U+0177
    { 27, 35, 430, 0, 35, 237, 21841 }, // U+0178
    { 21, 35, 394, 2, 35, 184, 22078 }, // U+0179
    { 17, 30, 292, 1, 30, 128, 22262 }, // U+017A
    { 21, 35, 394, 2, 35, 184, 22390 }, // U+017B
    { 17, 29, 292, 1, 29, 124, 22574 }, // U+017C
    { 21, 37, 394, 2, 37, 195, 22698 }, // U+017D
    { 17, 30, 292, 1, 30, 128, 22893 }, // U+017E
    { 31, 30, 495, 1, 29, 233, 0 }, // U+01A0
    { 23, 27, 369, 1, 26, 156, 233 }, // U+01A1
    { 32, 30, 520, 1, 29, 240, 389 }, // U+01AF
    { 26, 27, 412, 1, 26, 176, 629 }, // U+01B0
    { 49, 37, 841, 2, 37, 454, 805 }, // U+01C4
    { 45, 30, 751, 2, 30, 338, 1259 }, // U+01C5
    { 40, 31, 659, 1, 30, 310, 1597 }, // U+01C6
    { 42, 28, 710, 2, 27, 294, 1907 }, // U+01C7
    { 31, 39, 568, 2, 29, 303, 2201 }, // U+01C8
    { 19, 39, 368, 1, 29, 186, 2504 }, // U+01C9
    { 49, 28, 811, 2, 27, 343, 2690 }, // U+01CA
    { 38, 39, 680, 2, 29, 371, 3033 }, // U+01CB
    { 32, 39, 574, 1, 29, 312, 3404 }, // U+01CC
    { 28, 37, 441, 0, 37, 259, 3716 }, // U+01CD
    { 20, 31, 323, 1, 30, 155, 3975 }, // U+01CE
    { 13, 37, 245, 1, 37, 121, 4130 }, // U+01CF
    { 13, 30, 200, -1, 30, 98, 4251 }, // U+01D0
    { 26, 38, 456, 1, 37, 247, 4349 }, // U+01D1
    { 20, 31, 352, 1, 30, 155, 4596 }, // U+01D2
    { 29, 38, 486, 1, 37, 276, 4751 }, // U+01D3
    { 22, 31, 380, 1, 30, 171, 5027 }, // U+01D4
    { 29, 42, 486, 1, 41, 305, 5198 }, // U+01D5
    { 22, 36, 380, 1, 35, 198, 5503 }, // U+01D6
    { 29, 43, 486, 1, 42, 312, 5701 }, // U+01D7
    { 22, 38, 380, 1, 37, 209, 6013 }, // U+01D8
    { 29, 45, 486, 1, 44, 327, 6222 }, // U+01D9
    { 22, 40, 380, 1, 39, 220, 6549 }, // U+01DA
    { 29, 43, 486, 1, 42, 312, 6769 }, // U+01DB
    { 22, 38, 380, 1, 37, 209, 7081 }, // U+01DC
    { 27, 38, 451, 1, 37, 257, 7290 }, // U+01E6
    { 22, 39, 335, 0, 30, 215, 7547 }, // U+01E7
    { 26, 37, 456, 1, 28, 241, 7762 }, // U+01EA
    { 20, 29, 352, 1, 20, 145, 8003 }, // U+01EB
    { 28, 41, 441, 0, 41, 287, 8148 }, // U+01FA
    { 20, 39, 323, 1, 38, 195, 8435 }, // U+01FB
    { 36, 35, 598, 0, 35, 315, 8630 }, // U+01FC
    { 29, 31, 482, 1, 30, 225, 8945 }, // U+01FD
    { 27, 36, 456, 1, 35, 243, 9170 }, // U+01FE
    { 23, 31, 352, -1, 30, 179, 9413 }, // U+01FF
    { 28, 36, 441, 0, 36, 252, 9592 }, // U+0200
    { 20, 31, 323, 1, 30, 155, 9844 }, // U+0201
    { 28, 35, 441, 0, 35, 245, 9999 }, // U+0202
    { 20, 30, 323, 1, 29, 150, 10244 }, // U+0203
    { 21, 36, 382, 2, 36, 189, 10394 }, // U+0204
    { 18, 31, 311, 1, 30, 140, 10583 }, // U+0205
    { 21, 35, 382, 2, 35, 184, 10723 }, // U+0206
    { 18, 30, 311, 1, 29, 135, 10907 }, // U+0207
    { 16, 36, 245, -2, 36, 144, 11042 }, // U+0208
    { 15, 30, 200, -3, 30, 113, 11186 }, // U+0209
    { 13, 35, 245, 1, 35, 114, 11299 }, // U+020A
    { 13, 29, 200, -1, 29, 95, 11413 }, // U+020B
    { 26, 37, 456, 1, 36, 241, 11508 }, // U+020C
    { 20, 31, 352, 1, 30, 155, 11749 }, // U+020D
    { 26, 36, 456, 1, 35, 234, 11904 }, // U+020E
    { 20, 30, 352, 1, 29, 150, 12138 }, // U+020F
    { 25, 37, 435, 2, 36, 232, 12288 }, // U+0210
    { 17, 30, 284, 1, 30, 128, 12520 }, // U+0211
    { 25, 36, 435, 2, 35, 225, 12648 }, // U+0212
    { 17, 29, 284, 1, 29, 124, 12873 }, // U+0213
    { 29, 37, 486, 1, 36, 269, 12997 }, // U+0214
    { 22, 31, 380, 1, 30, 171, 13266 }, // U+0215
    { 29, 36, 486, 1, 35, 261, 13437 }, // U+0216
    { 22, 30, 380, 1, 29, 165, 13698 }, // U+0217
    { 19, 39, 359, 2, 28, 186, 13863 }, // U+0218
    { 16, 31, 271, 1, 20, 124, 14049 }, // U+0219
    { 26, 38, 443, 1, 27, 247, 14173 }, // U+021A
    { 15, 37, 242, 1, 26, 139, 14420 }, // U+021B
    { 8, 8, 0, -5, 30, 16, 0 }, // U+0300
    { 8, 8, 0, -3, 30, 16, 16 }, // U+0301
    { 12, 8, 0, -6, 30, 24, 32 }, // U+0302
    { 14, 5, 0, -7, 29, 18, 56 }, // U+0303
    { 12, 3, 0, -6, 27, 9, 74 }, // U+0304
    { 12, 7, 0, -6, 30, 21, 83 }, // U+0306
    { 6, 5, 0, -3, 29, 8, 104 }, // U+0307
    { 14, 5, 0, -7, 29, 18, 112 }, // U+0308
    { 10, 10, 0, -5, 31, 25, 130 }, // U+0309
    { 8, 8, 0, -4, 30, 16, 155 }, // U+030A
    { 13, 8, 0, -5, 30, 26, 171 }, // U+030B
    { 12, 8, 0, -6, 30, 24, 197 }, // U+030C
    { 13, 8, 0, -8, 30, 26, 221 }, // U+030F
    { 12, 7, 0, -6, 29, 21, 247 }, // U+0311
    { 6, 9, 0, -3, 31, 14, 268 }, // U+0312
    { 7, 12, 0, -4, 26, 21, 282 }, // U+031B
    { 6, 5, 0, -3, -3, 8, 303 }, // U+0323
    { 14, 5, 0, -7, -2, 18, 311 }, // U+0324
    { 6, 9, 0, -3, -2, 14, 329 }, // U+0326
    { 9, 9, 0, -4, 0, 21, 343 }, // U+0327
    { 8, 9, 0, -4, 0, 18, 364 }, // U+0328
    { 12, 7, 0, -6, -2, 21, 382 }, // U+032E
    { 12, 3, 0, -6, -3, 9, 403 }, // U+0331
    { 28, 35, 441, 0, 27, 245, 0 }, // U+1EA0
    { 20, 28, 323, 1, 20, 140, 245 }, // U+1EA1
    { 28, 37, 441, 0, 37, 259, 385 }, // U+1EA2
    { 20, 32, 323, 1, 31, 160, 644 }, // U+1EA3
    { 28, 43, 441, 0, 43, 301, 804 }, // U+1EA4
    { 20, 38, 323, 1, 37, 190, 1105 }, // U+1EA5
    { 28, 43, 441, 0, 43, 301, 1295 }, // U+1EA6
    { 20, 38, 323, 1, 37, 190, 1596 }, // U+1EA7
    { 28, 42, 441, 0, 42, 294, 1786 }, // U+1EA8
    { 20, 37, 323, 1, 36, 185, 2080 }, // U+1EA9
    { 28, 42, 441, 0, 42, 294, 2265 }, // U+1EAA
    { 20, 37, 323, 1, 36, 185, 2559 }, // U+1EAB
    { 28, 44, 441, 0, 36, 308, 2744 }, // U+1EAC
    { 20, 38, 323, 1, 30, 190, 3052 }, // U+1EAD
    { 28, 42, 441, 0, 42, 294, 3242 }, // U+1EAE
    { 20, 38, 323, 1, 37, 190, 3536 }, // U+1EAF
    { 28, 42, 441, 0, 42, 294, 3726 }, // U+1EB0
    { 20, 38, 323, 1, 37, 190, 4020 }, // U+1EB1
    { 28, 44, 441, 0, 44, 308, 4210 }, // U+1EB2
    { 20, 39, 323, 1, 38, 195, 4518 }, // U+1EB3
    { 28, 42, 441, 0, 42, 294, 4713 }, // U+1EB4
    { 20, 37, 323, 1, 36, 185, 5007 }, // U+1EB5
    { 28, 44, 441, 0, 36, 308, 5192 }, // U+1EB6
    { 20, 38, 323, 1, 30, 190, 5500 }, // U+1EB7
    { 21, 35, 382, 2, 27, 184, 5690 }, // U+1EB8
    { 18, 28, 311, 1, 20, 126, 5874 }, // U+1EB9
    { 21, 37, 382, 2, 37, 195, 6000 }, // U+1EBA
    { 18, 32, 311, 1, 31, 144, 6195 }, // U+1EBB
    { 21, 35, 382, 2, 35, 184, 6339 }, // U+1EBC
    { 18, 30, 311, 1, 29, 135, 6523 }, // U+1EBD
    { 21, 43, 382, 2, 43, 226, 6658 }, // U+1EBE
    { 18, 38, 311, 1, 37, 171, 6884 }, // U+1EBF
    { 21, 43, 382, 2, 43, 226, 7055 }, // U+1EC0
    { 18, 38, 311, 1, 37, 171, 7281 }, // U+1EC1
    { 21, 42, 382, 2, 42, 221, 7452 }, // U+1EC2
    { 20, 37, 311, 1, 36, 185, 7673 }, // U+1EC3
    { 21, 42, 382, 2, 42, 221, 7858 }, // U+1EC4
    { 18, 37, 311, 1, 36, 167, 8079 }, // U+1EC5
    { 21, 44, 382, 2, 36, 231, 8246 }, // U+1EC6
    { 18, 38, 311, 1, 30, 171, 8477 }, // U+1EC7
    { 12, 37, 245, 2, 37, 111, 8648 }, // U+1EC8
    { 12, 31, 200, 0, 31, 93, 8759 }, // U+1EC9
    { 12, 35, 245, 2, 27, 105, 8852 }, // U+1ECA
    { 11, 37, 200, 1, 29, 102, 8957 }, // U+1ECB
    { 26, 36, 456, 1, 28, 234, 9059 }, // U+1ECC
    { 20, 28, 352, 1, 20, 140, 9293 }, // U+1ECD
    { 26, 38, 456, 1, 37, 247, 9433 }, // U+1ECE
    { 20, 32, 352, 1, 31, 160, 9680 }, // U+1ECF
    { 26, 44, 456, 1, 43, 286, 9840 }, // U+1ED0
    { 20, 38, 352, 1, 37, 190, 10126 }, // U+1ED1
    { 26, 44, 456, 1, 43, 286, 10316 }, // U+1ED2
    { 20, 38, 352, 1, 37, 190, 10602 }, // U+1ED3
    { 26, 43, 456, 1, 42, 280, 10792 }, // U+1ED4
    { 21, 37, 352, 1, 36, 195, 11072 }, // U+1ED5
    { 26, 43, 456, 1, 42, 280, 11267 }, // U+1ED6
    { 20, 37, 352, 1, 36, 185, 11547 }, // U+1ED7
    { 26, 44, 456, 1, 36, 286, 11732 }, // U+1ED8
    { 20, 38, 352, 1, 30, 190, 12018 }, // U+1ED9
    { 31, 36, 495, 1, 35, 279, 12208 }, // U+1EDA
    { 23, 31, 369, 1, 30, 179, 12487 }, // U+1EDB
    { 31, 36, 495, 1, 35, 279, 12666 }, // U+1EDC
    { 23, 31, 369, 1, 30, 179, 12945 }, // U+1EDD
    { 31, 38, 495, 1, 37, 295, 13124 }, // U+1EDE
    { 23, 32, 369, 1, 31, 184, 13419 }, // U+1EDF
    { 31, 36, 495, 1, 35, 279, 13603 }, // U+1EE0
    { 23, 30, 369, 1, 29, 173, 13882 }, // U+1EE1
    { 31, 37, 495, 1, 29, 287, 14055 }, // U+1EE2
    { 23, 34, 369, 1, 26, 196, 14342 }, // U+1EE3
    { 29, 35, 486, 1, 27, 254, 14538 }, // U+1EE4
    { 22, 28, 380, 1, 20, 154, 14792 }, // U+1EE5
    { 29, 38, 486, 1, 37, 276, 14946 }, // U+1EE6
    { 22, 32, 380, 1, 31, 176, 15222 }, // U+1EE7
    { 32, 36, 520, 1, 35, 288, 15398 }, // U+1EE8
    { 26, 31, 412, 1, 30, 202, 15686 }, // U+1EE9
    { 32, 36, 520, 1, 35, 288, 15888 }, // U+1EEA
    { 26, 31, 412, 1, 30, 202, 16176 }, // U+1EEB
    { 32, 38, 520, 1, 37, 304, 16378 }, // U+1EEC
    { 26, 32, 412, 1, 31, 208, 16682 }, // U+1EED
    { 32, 36, 520, 1, 35, 288, 16890 }, // U+1EEE
    { 26, 30, 412, 1, 29, 195, 17178 }, // U+1EEF
    { 32, 37, 520, 1, 29, 296, 17373 }, // U+1EF0
    { 26, 34, 412, 1, 26, 221, 17669 }, // U+1EF1
    { 27, 35, 430, 0, 35, 237, 17890 }, // U+1EF2
    { 22, 39, 346, 0, 30, 215, 18127 }, // U+1EF3
    { 27, 35, 430, 0, 27, 237, 18342 }, // U+1EF4
    { 22, 28, 346, 0, 19, 154, 18579 }, // U+1EF5
    { 27, 37, 430, 0, 37, 250, 18733 }, // U+1EF6
    { 22, 40, 346, 0, 31, 220, 18983 }, // U+1EF7
    { 27, 35, 430, 0, 35, 237, 19203 }, // U+1EF8
    { 22, 38, 346, 0, 29, 209, 19440 }, // U+1EF9
    { 0, 0, 349, 0, 0, 0, 0 }, // U+2007
    { 0, 0, 195, 0, 0, 0, 0 }, // U+2008
    { 0, 0, 75, 0, 0, 0, 0 }, // U+2009
    { 0, 0, 36, 0, 0, 0, 0 }, // U+200A
    { 0, 0, 0, 0, 0, 0, 0 }, // U+200B
    { 11, 3, 212, 1, 12, 9, 0 }, // U+2010
    { 19, 3, 300, 0, 12, 15, 9 }, // U+2012
    { 19, 3, 300, 0, 12, 15, 24 }, // U+2013
    { 38, 3, 600, 0, 12, 29, 39 }, // U+2014
    { 38, 3, 600, 0, 12, 29, 68 }, // U+2015
    { 6, 11, 197, 3, 30, 17, 97 }, // U+2018
    { 6, 11, 197, 3, 29, 17, 114 }, // U+2019
    { 6, 11, 197, 3, 5, 17, 131 }, // U+201A
    { 14, 11, 316, 3, 30, 39, 148 }, // U+201C
    { 14, 11, 316, 3, 29, 39, 187 }, // U+201D
    { 14, 11, 248, 1, 5, 39, 226 }, // U+201E
    { 16, 31, 313, 2, 29, 124, 265 }, // U+2020
    { 16, 31, 313, 2, 29, 124, 389 }, // U+2021
    { 9, 8, 223, 3, 16, 18, 513 }, // U+2022
    { 31, 7, 529, 1, 6, 55, 531 }, // U+2026
    { 44, 24, 730, 1, 23, 264, 586 }, // U+2030
    { 5, 9, 128, 2, 31, 12, 850 }, // U+2032
    { 11, 9, 226, 2, 31, 25, 862 }, // U+2033
    { 10, 17, 185, 1, 19, 43, 887 }, // U+2039
    { 9, 17, 184, 1, 19, 39, 930 }, // U+203A
    { 31, 29, 533, 1, 30, 225, 969 }, // U+2042
    { 19, 28, 139, -5, 27, 133, 1194 }, // U+2044
    { 21, 33, 371, 1, 30, 174, 0 }, // U+20A1
    { 22, 27, 372, 0, 27, 149, 174 }, // U+20A3
    { 19, 28, 324, 1, 28, 133, 323 }, // U+20A4
    { 29, 27, 501, 1, 27, 196, 456 }, // U+20A6
    { 52, 28, 862, 2, 27, 364, 652 }, // U+20A7
    { 42, 27, 647, 0, 27, 284, 1016 }, // U+20A9
    { 22, 35, 364, 1, 29, 193, 1300 }, // U+20AB
    { 24, 29, 411, 0, 28, 174, 1493 }, // U+20AC
    { 28, 28, 444, 0, 27, 196, 1667 }, // U+20AD
    { 26, 27, 407, 0, 27, 176, 1863 }, // U+20AE
    { 24, 27, 397, 1, 27, 162, 2039 }, // U+20B1
    { 27, 33, 434, 1, 30, 223, 2201 }, // U+20B2
    { 23, 29, 383, 0, 28, 167, 2424 }, // U+20B4
    { 21, 35, 371, 1, 31, 184, 2591 }, // U+20B5
    { 26, 27, 413, 0, 27, 176, 2775 }, // U+20B8
    { 20, 27, 358, 1, 26, 135, 2951 }, // U+20B9
    { 22, 27, 373, 1, 27, 149, 3086 }, // U+20BA
    { 25, 28, 426, 1, 28, 175, 3235 }, // U+20BC
    { 21, 27, 355, 1, 27, 142, 3410 }, // U+20BD
    { 23, 31, 385, 1, 31, 179, 0 }, // U+FB01
    { 24, 31, 399, 1, 31, 186, 179 }, // U+FB02
};

static const EpdUnicodeInterval literata_18_regularIntervals[] = {
    { 0x20, 0x7E, 0x0 },
    { 0xA0, 0x17E, 0x5F },
    { 0x1A0, 0x1A1, 0x13E },
    { 0x1AF, 0x1B0, 0x140 },
    { 0x1C4, 0x1DC, 0x142 },
    { 0x1E6, 0x1E7, 0x15B },
    { 0x1EA, 0x1EB, 0x15D },
    { 0x1FA, 0x21B, 0x15F },
    { 0x300, 0x304, 0x181 },
    { 0x306, 0x30C, 0x186 },
    { 0x30F, 0x30F, 0x18D },
    { 0x311, 0x312, 0x18E },
    { 0x31B, 0x31B, 0x190 },
    { 0x323, 0x324, 0x191 },
    { 0x326, 0x328, 0x193 },
    { 0x32E, 0x32E, 0x196 },
    { 0x331, 0x331, 0x197 },
    { 0x1EA0, 0x1EF9, 0x198 },
    { 0x2007, 0x200B, 0x1F2 },
    { 0x2010, 0x2010, 0x1F7 },
    { 0x2012, 0x2015, 0x1F8 },
    { 0x2018, 0x201A, 0x1FC },
    { 0x201C, 0x201E, 0x1FF },
    { 0x2020, 0x2022, 0x202 },
    { 0x2026, 0x2026, 0x205 },
    { 0x2030, 0x2030, 0x206 },
    { 0x2032, 0x2033, 0x207 },
    { 0x2039, 0x203A, 0x209 },
    { 0x2042, 0x2042, 0x20B },
    { 0x2044, 0x2044, 0x20C },
    { 0x20A1, 0x20A1, 0x20D },
    { 0x20A3, 0x20A4, 0x20E },
    { 0x20A6, 0x20A7, 0x210 },
    { 0x20A9, 0x20A9, 0x212 },
    { 0x20AB, 0x20AE, 0x213 },
    { 0x20B1, 0x20B2, 0x217 },
    { 0x20B4, 0x20B5, 0x219 },
    { 0x20B8, 0x20BA, 0x21B },
    { 0x20BC, 0x20BD, 0x21E },
    { 0xFB01, 0xFB02, 0x220 },
};

static const EpdFontGroup literata_18_regularGroups[] = {
    { 0, 5047, 12509, 95, 0 },
    { 5047, 4265, 14998, 96, 95 },
    { 9312, 5580, 24666, 127, 191 },
    { 14892, 3969, 15497, 67, 318 },
    { 18861, 324, 456, 23, 385 },
    { 19185, 2937, 20537, 90, 408 },
    { 22122, 659, 1408, 27, 498 },
    { 22781, 1719, 3767, 19, 525 },
    { 24500, 136, 372, 2, 544 },
};

static const EpdKernClassEntry literata_18_regularKernLeftClasses[] = {
    { 0x0022, 1 }, // "
    { 0x0026, 2 }, // &
    { 0x0027, 1 }, // '
    { 0x002A, 3 }, // *
    { 0x002C, 4 }, // ,
    { 0x002D, 5 }, // -
    { 0x002E, 4 }, // .
    { 0x002F, 6 }, // /
    { 0x0030, 7 }, // 0
    { 0x0031, 8 }, // 1
    { 0x0032, 9 }, // 2
    { 0x0033, 10 }, // 3
    { 0x0034, 11 }, // 4
    { 0x0035, 12 }, // 5
    { 0x0037, 13 }, // 7
    { 0x0038, 14 }, // 8
    { 0x0039, 14 }, // 9
    { 0x003A, 15 }, // :
    { 0x003B, 15 }, // ;
    { 0x003D, 16 }, // =
    { 0x003F, 17 }, // ?
    { 0x0040, 18 }, // @
    { 0x0041, 19 }, // A
    { 0x0042, 20 }, // B
    { 0x0043, 21 }, // C
    { 0x0044, 22 }, // D
    { 0x0045, 23 }, // E
    { 0x0046, 24 }, // F
    { 0x0047, 25 }, // G
    { 0x0048, 26 }, // H
    { 0x0049, 26 }, // I
    { 0x004A, 27 }, // J
    { 0x004B, 28 }, // K
    { 0x004C, 29 }, // L
    { 0x004D, 30 }, // M
    { 0x004E, 31 }, // N
    { 0x004F, 32 }, // O
    { 0x0050, 33 }, // P
    { 0x0051, 34 }, // Q
    { 0x0052, 35 }, // R
    { 0x0053, 36 }, // S
    { 0x0054, 37 }, // T
    { 0x0055, 38 }, // U
    { 0x0056, 39 }, // V
    { 0x0057, 40 }, // W
    { 0x0058, 41 }, // X
    { 0x0059, 42 }, // Y
    { 0x005A, 43 }, // Z
    { 0x005B, 44 }, // [
    { 0x005C, 45 }, // <backslash>
    { 0x0061, 46 }, // a
    { 0x0062, 47 }, // b
    { 0x0063, 48 }, // c
    { 0x0064, 49 }, // d
    { 0x0065, 50 }, // e
    { 0x0066, 51 }, // f
    { 0x0067, 52 }, // g
    { 0x0068, 53 }, // h
    { 0x0069, 54 }, // i
    { 0x006A, 55 }, // j
    { 0x006B, 56 }, // k
    { 0x006C, 49 }, // l
    { 0x006D, 53 }, // m
    { 0x006E, 53 }, // n
    { 0x006F, 57 }, // o
    { 0x0070, 57 }, // p
    { 0x0071, 58 }, // q
    { 0x0072, 59 }, // r
    { 0x0073, 60 }, // s
    { 0x0074, 61 }, // t
    { 0x0075, 54 }, // u
    { 0x0076, 62 }, // v
    { 0x0077, 63 }, // w
    { 0x0078, 64 }, // x
    { 0x0079, 62 }, // y
    { 0x007A, 65 }, // z
    { 0x00A1, 66 }, // U+00A1
    { 0x00AB, 67 }, // U+00AB
    { 0x00AD, 5 }, // U+00AD
    { 0x00B5, 68 }, // U+00B5
    { 0x00B7, 69 }, // U+00B7
    { 0x00BB, 70 }, // U+00BB
    { 0x00BF, 71 }, // U+00BF
    { 0x00C0, 19 }, // U+00C0
    { 0x00C1, 19 }, // U+00C1
    { 0x00C2, 19 }, // U+00C2
    { 0x00C3, 19 }, // U+00C3
    { 0x00C4, 19 }, // U+00C4
    { 0x00C5, 19 }, // U+00C5
    { 0x00C6, 23 }, // U+00C6
    { 0x00C7, 21 }, // U+00C7
    { 0x00C8, 23 }, // U+00C8
    { 0x00C9, 23 }, // U+00C9
    { 0x00CA, 23 }, // U+00CA
    { 0x00CB, 23 }, // U+00CB
    { 0x00CC, 26 }, // U+00CC
    { 0x00CD, 26 }, // U+00CD
    { 0x00CE, 26 }, // U+00CE
    { 0x00CF, 26 }, // U+00CF
    { 0x00D0, 72 }, // U+00D0
    { 0x00D1, 31 }, // U+00D1
    { 0x00D2, 32 }, // U+00D2
    { 0x00D3, 32 }, // U+00D3
    { 0x00D4, 32 }, // U+00D4
    { 0x00D5, 32 }, // U+00D5
    { 0x00D6, 32 }, // U+00D6
    { 0x00D7, 73 }, // U+00D7
    { 0x00D8, 32 }, // U+00D8
    { 0x00D9, 74 }, // U+00D9
    { 0x00DA, 74 }, // U+00DA
    { 0x00DB, 74 }, // U+00DB
    { 0x00DC, 74 }, // U+00DC
    { 0x00DD, 75 }, // U+00DD
    { 0x00DE, 76 }, // U+00DE
    { 0x00DF, 77 }, // U+00DF
    { 0x00E0, 78 }, // U+00E0
    { 0x00E1, 79 }, // U+00E1
    { 0x00E2, 79 }, // U+00E2
    { 0x00E3, 79 }, // U+00E3
    { 0x00E4, 79 }, // U+00E4
    { 0x00E5, 79 }, // U+00E5
    { 0x00E6, 57 }, // U+00E6
    { 0x00E7, 48 }, // U+00E7
    { 0x00E8, 80 }, // U+00E8
    { 0x00E9, 80 }, // U+00E9
    { 0x00EA, 80 }, // U+00EA
    { 0x00EB, 80 }, // U+00EB
    { 0x00EC, 54 }, // U+00EC
    { 0x00ED, 54 }, // U+00ED
    { 0x00EE, 54 }, // U+00EE
    { 0x00EF, 81 }, // U+00EF
    { 0x00F1, 53 }, // U+00F1
    { 0x00F2, 57 }, // U+00F2
    { 0x00F3, 57 }, // U+00F3
    { 0x00F4, 57 }, // U+00F4
    { 0x00F5, 57 }, // U+00F5
    { 0x00F6, 57 }, // U+00F6
    { 0x00F8, 57 }, // U+00F8
    { 0x00F9, 54 }, // U+00F9
    { 0x00FA, 54 }, // U+00FA
    { 0x00FB, 54 }, // U+00FB
    { 0x00FC, 54 }, // U+00FC
    { 0x00FD, 62 }, // U+00FD
    { 0x00FE, 57 }, // U+00FE
    { 0x00FF, 62 }, // U+00FF
    { 0x0100, 19 }, // U+0100
    { 0x0101, 79 }, // U+0101
    { 0x0102, 19 }, // U+0102
    { 0x0103, 79 }, // U+0103
    { 0x0104, 19 }, // U+0104
    { 0x0105, 79 }, // U+0105
    { 0x0106, 21 }, // U+0106
    { 0x0107, 48 }, // U+0107
    { 0x0108, 21 }, // U+0108
    { 0x0109, 48 }, // U+0109
    { 0x010A, 21 }, // U+010A
    { 0x010B, 48 }, // U+010B
    { 0x010C, 21 }, // U+010C
    { 0x010D, 48 }, // U+010D
    { 0x010E, 82 }, // U+010E
    { 0x010F, 83 }, // U+010F
    { 0x0110, 82 }, // U+0110
    { 0x0111, 49 }, // U+0111
    { 0x0112, 23 }, // U+0112
    { 0x0113, 80 }, // U+0113
    { 0x0114, 23 }, // U+0114
    { 0x0115, 80 }, // U+0115
    { 0x0116, 23 }, // U+0116
    { 0x0117, 80 }, // U+0117
    { 0x0118, 23 }, // U+0118
    { 0x0119, 80 }, // U+0119
    { 0x011A, 23 }, // U+011A
    { 0x011B, 80 }, // U+011B
    { 0x011C, 25 }, // U+011C
    { 0x011D, 52 }, // U+011D
    { 0x011E, 25 }, // U+011E
    { 0x011F, 52 }, // U+011F
    { 0x0120, 25 }, // U+0120
    { 0x0121, 52 }, // U+0121
    { 0x0122, 25 }, // U+0122
    { 0x0123, 52 }, // U+0123
    { 0x0124, 26 }, // U+0124
    { 0x0125, 53 }, // U+0125
    { 0x0126, 26 }, // U+0126
    { 0x0127, 53 }, // U+0127
    { 0x0128, 26 }, // U+0128
    { 0x0129, 54 }, // U+0129
    { 0x012A, 26 }, // U+012A
    { 0x012B, 54 }, // U+012B
    { 0x012C, 26 }, // U+012C
    { 0x012D, 54 }, // U+012D
    { 0x012E, 26 }, // U+012E
    { 0x012F, 54 }, // U+012F
    { 0x0130, 26 }, // U+0130
    { 0x0131, 54 }, // U+0131
    { 0x0134, 27 }, // U+0134
    { 0x0135, 55 }, // U+0135
    { 0x0136, 28 }, // U+0136
    { 0x0137, 56 }, // U+0137
    { 0x0138, 56 }, // U+0138
    { 0x0139, 29 }, // U+0139
    { 0x013A, 49 }, // U+013A
    { 0x013B, 29 }, // U+013B
    { 0x013C, 49 }, // U+013C
    { 0x013D, 84 }, // U+013D
    { 0x013E, 85 }, // U+013E
    { 0x013F, 29 }, // U+013F
    { 0x0140, 49 }, // U+0140
    { 0x0141, 29 }, // U+0141
    { 0x0142, 86 }, // U+0142
    { 0x0143, 31 }, // U+0143
    { 0x0144, 53 }, // U+0144
    { 0x0145, 31 }, // U+0145
    { 0x0146, 53 }, // U+0146
    { 0x0147, 31 }, // U+0147
    { 0x0148, 53 }, // U+0148
    { 0x0149, 53 }, // U+0149
    { 0x014A, 27 }, // U+014A
    { 0x014B, 55 }, // U+014B
    { 0x014C, 32 }, // U+014C
    { 0x014D, 57 }, // U+014D
    { 0x014E, 32 }, // U+014E
    { 0x014F, 57 }, // U+014F
    { 0x0150, 32 }, // U+0150
    { 0x0151, 57 }, // U+0151
    { 0x0152, 23 }, // U+0152
    { 0x0153, 57 }, // U+0153
    { 0x0154, 35 }, // U+0154
    { 0x0155, 59 }, // U+0155
    { 0x0156, 35 }, // U+0156
    { 0x0157, 59 }, // U+0157
    { 0x0158, 35 }, // U+0158
    { 0x0159, 59 }, // U+0159
    { 0x015A, 36 }, // U+015A
    { 0x015B, 60 }, // U+015B
    { 0x015C, 36 }, // U+015C
    { 0x015D, 60 }, // U+015D
    { 0x015E, 36 }, // U+015E
    { 0x015F, 60 }, // U+015F
    { 0x0160, 36 }, // U+0160
    { 0x0161, 60 }, // U+0161
    { 0x0162, 87 }, // U+0162
    { 0x0163, 61 }, // U+0163
    { 0x0164, 37 }, // U+0164
    { 0x0165, 88 }, // U+0165
    { 0x0166, 37 }, // U+0166
    { 0x0167, 61 }, // U+0167
    { 0x0168, 74 }, // U+0168
    { 0x0169, 54 }, // U+0169
    { 0x016A, 74 }, // U+016A
    { 0x016B, 54 }, // U+016B
    { 0x016C, 74 }, // U+016C
    { 0x016D, 54 }, // U+016D
    { 0x016E, 74 }, // U+016E
    { 0x016F, 54 }, // U+016F
    { 0x0170, 74 }, // U+0170
    { 0x0171, 54 }, // U+0171
    { 0x0172, 74 }, // U+0172
    { 0x0173, 54 }, // U+0173
    { 0x0174, 89 }, // U+0174
    { 0x0175, 63 }, // U+0175
    { 0x0176, 75 }, // U+0176
    { 0x0177, 62 }, // U+0177
    { 0x0178, 75 }, // U+0178
    { 0x0179, 43 }, // U+0179
    { 0x017A, 65 }, // U+017A
    { 0x017B, 43 }, // U+017B
    { 0x017C, 65 }, // U+017C
    { 0x017D, 43 }, // U+017D
    { 0x017E, 65 }, // U+017E
    { 0x01A0, 90 }, // U+01A0
    { 0x01A1, 91 }, // U+01A1
    { 0x01AF, 92 }, // U+01AF
    { 0x01B0, 93 }, // U+01B0
    { 0x01C6, 53 }, // U+01C6
    { 0x01C7, 27 }, // U+01C7
    { 0x01C9, 55 }, // U+01C9
    { 0x01CA, 27 }, // U+01CA
    { 0x01CC, 55 }, // U+01CC
    { 0x01CD, 19 }, // U+01CD
    { 0x01CE, 53 }, // U+01CE
    { 0x01CF, 26 }, // U+01CF
    { 0x01D0, 54 }, // U+01D0
    { 0x01D1, 32 }, // U+01D1
    { 0x01D2, 57 }, // U+01D2
    { 0x01D3, 74 }, // U+01D3
    { 0x01D4, 54 }, // U+01D4
    { 0x01D5, 74 }, // U+01D5
    { 0x01D6, 54 }, // U+01D6
    { 0x01D7, 74 }, // U+01D7
    { 0x01D8, 54 }, // U+01D8
    { 0x01D9, 74 }, // U+01D9
    { 0x01DA, 54 }, // U+01DA
    { 0x01DB, 74 }, // U+01DB
    { 0x01DC, 54 }, // U+01DC
    { 0x01E6, 25 }, // U+01E6
    { 0x01E7, 52 }, // U+01E7
    { 0x01EA, 32 }, // U+01EA
    { 0x01EB, 57 }, // U+01EB
    { 0x01FA, 19 }, // U+01FA
    { 0x01FB, 53 }, // U+01FB
    { 0x01FC, 23 }, // U+01FC
    { 0x01FD, 57 }, // U+01FD
    { 0x01FE, 32 }, // U+01FE
    { 0x01FF, 57 }, // U+01FF
    { 0x0200, 19 }, // U+0200
    { 0x0201, 53 }, // U+0201
    { 0x0202, 19 }, // U+0202
    { 0x0203, 53 }, // U+0203
    { 0x0204, 23 }, // U+0204
    { 0x0205, 57 }, // U+0205
    { 0x0206, 23 }, // U+0206
    { 0x0207, 57 }, // U+0207
    { 0x0208, 26 }, // U+0208
    { 0x0209, 54 }, // U+0209
    { 0x020A, 26 }, // U+020A
    { 0x020B, 54 }, // U+020B
    { 0x020C, 32 }, // U+020C
    { 0x020D, 57 }, // U+020D
    { 0x020E, 32 }, // U+020E
    { 0x020F, 57 }, // U+020F
    { 0x0210, 35 }, // U+0210
    { 0x0211, 59 }, // U+0211
    { 0x0212, 35 }, // U+0212
    { 0x0213, 59 }, // U+0213
    { 0x0214, 74 }, // U+0214
    { 0x0215, 54 }, // U+0215
    { 0x0216, 74 }, // U+0216
    { 0x0217, 54 }, // U+0217
    { 0x0218, 36 }, // U+0218
    { 0x0219, 60 }, // U+0219
    { 0x021A, 87 }, // U+021A
    { 0x021B, 61 }, // U+021B
    { 0x1EA0, 19 }, // U+1EA0
    { 0x1EA1, 53 }, // U+1EA1
    { 0x1EA2, 19 }, // U+1EA2
    { 0x1EA3, 53 }, // U+1EA3
    { 0x1EA4, 19 }, // U+1EA4
    { 0x1EA5, 53 }, // U+1EA5
    { 0x1EA6, 19 }, // U+1EA6
    { 0x1EA7, 53 }, // U+1EA7
    { 0x1EA8, 19 }, // U+1EA8
    { 0x1EA9, 53 }, // U+1EA9
    { 0x1EAA, 19 }, // U+1EAA
    { 0x1EAB, 53 }, // U+1EAB
    { 0x1EAC, 19 }, // U+1EAC
    { 0x1EAD, 53 }, // U+1EAD
    { 0x1EAE, 19 }, // U+1EAE
    { 0x1EAF, 53 }, // U+1EAF
    { 0x1EB0, 19 }, // U+1EB0
    { 0x1EB1, 53 }, // U+1EB1
    { 0x1EB2, 19 }, // U+1EB2
    { 0x1EB3, 53 }, // U+1EB3
    { 0x1EB4, 19 }, // U+1EB4
    { 0x1EB5, 53 }, // U+1EB5
    { 0x1EB6, 19 }, // U+1EB6
    { 0x1EB7, 53 }, // U+1EB7
    { 0x1EB8, 23 }, // U+1EB8
    { 0x1EB9, 57 }, // U+1EB9
    { 0x1EBA, 23 }, // U+1EBA
    { 0x1EBB, 57 }, // U+1EBB
    { 0x1EBC, 23 }, // U+1EBC
    { 0x1EBD, 57 }, // U+1EBD
    { 0x1EBE, 23 }, // U+1EBE
    { 0x1EBF, 57 }, // U+1EBF
    { 0x1EC0, 23 }, // U+1EC0
    { 0x1EC1, 57 }, // U+1EC1
    { 0x1EC2, 23 }, // U+1EC2
    { 0x1EC3, 57 }, // U+1EC3
    { 0x1EC4, 23 }, // U+1EC4
    { 0x1EC5, 57 }, // U+1EC5
    { 0x1EC6, 23 }, // U+1EC6
    { 0x1EC7, 57 }, // U+1EC7
    { 0x1EC8, 26 }, // U+1EC8
    { 0x1EC9, 54 }, // U+1EC9
    { 0x1ECA, 26 }, // U+1ECA
    { 0x1ECB, 54 }, // U+1ECB
    { 0x1ECC, 32 }, // U+1ECC
    { 0x1ECD, 57 }, // U+1ECD
    { 0x1ECE, 32 }, // U+1ECE
    { 0x1ECF, 57 }, // U+1ECF
    { 0x1ED0, 32 }, // U+1ED0
    { 0x1ED1, 57 }, // U+1ED1
    { 0x1ED2, 32 }, // U+1ED2
    { 0x1ED3, 57 }, // U+1ED3
    { 0x1ED4, 32 }, // U+1ED4
    { 0x1ED5, 57 }, // U+1ED5
    { 0x1ED6, 32 }, // U+1ED6
    { 0x1ED7, 57 }, // U+1ED7
    { 0x1ED8, 32 }, // U+1ED8
    { 0x1ED9, 57 }, // U+1ED9
    { 0x1EDA, 94 }, // U+1EDA
    { 0x1EDB, 95 }, // U+1EDB
    { 0x1EDC, 94 }, // U+1EDC
    { 0x1EDD, 95 }, // U+1EDD
    { 0x1EDE, 94 }, // U+1EDE
    { 0x1EDF, 95 }, // U+1EDF
    { 0x1EE0, 94 }, // U+1EE0
    { 0x1EE1, 95 }, // U+1EE1
    { 0x1EE2, 94 }, // U+1EE2
    { 0x1EE3, 95 }, // U+1EE3
    { 0x1EE4, 74 }, // U+1EE4
    { 0x1EE5, 54 }, // U+1EE5
    { 0x1EE6, 74 }, // U+1EE6
    { 0x1EE7, 54 }, // U+1EE7
    { 0x1EE8, 96 }, // U+1EE8
    { 0x1EE9, 93 }, // U+1EE9
    { 0x1EEA, 96 }, // U+1EEA
    { 0x1EEB, 93 }, // U+1EEB
    { 0x1EEC, 96 }, // U+1EEC
    { 0x1EED, 93 }, // U+1EED
    { 0x1EEE, 96 }, // U+1EEE
    { 0x1EEF, 93 }, // U+1EEF
    { 0x1EF0, 96 }, // U+1EF0
    { 0x1EF1, 93 }, // U+1EF1
    { 0x1EF2, 75 }, // U+1EF2
    { 0x1EF3, 62 }, // U+1EF3
    { 0x1EF4, 97 }, // U+1EF4
    { 0x1EF5, 62 }, // U+1EF5
    { 0x1EF6, 97 }, // U+1EF6
    { 0x1EF7, 62 }, // U+1EF7
    { 0x1EF8, 97 }, // U+1EF8
    { 0x1EF9, 62 }, // U+1EF9
    { 0x2010, 5 }, // U+2010
    { 0x2012, 5 }, // U+2012
    { 0x2013, 5 }, // U+2013
    { 0x2014, 5 }, // U+2014
    { 0x2015, 5 }, // U+2015
    { 0x2018, 98 }, // U+2018
    { 0x2019, 99 }, // U+2019
    { 0x201A, 100 }, // U+201A
    { 0x201C, 98 }, // U+201C
    { 0x201D, 99 }, // U+201D
    { 0x201E, 100 }, // U+201E
    { 0x2026, 4 }, // U+2026
    { 0x2039, 67 }, // U+2039
    { 0x203A, 70 }, // U+203A
    { 0xFB01, 101 }, // U+FB01
    { 0xFB02, 49 }, // U+FB02
};

static const EpdKernClassEntry literata_18_regularKernRightClasses[] = {
    { 0x0021, 1 }, // !
    { 0x0022, 2 }, // "
    { 0x0025, 3 }, // %
    { 0x0026, 4 }, // &
    { 0x0027, 2 }, // '
    { 0x0029, 5 }, // )
    { 0x002A, 6 }, // *
    { 0x002B, 7 }, // +
    { 0x002C, 8 }, // ,
    { 0x002D, 9 }, // -
    { 0x002E, 10 }, // .
    { 0x002F, 11 }, // /
    { 0x0031, 12 }, // 1
    { 0x0032, 13 }, // 2
    { 0x0033, 14 }, // 3
    { 0x0034, 15 }, // 4
    { 0x0035, 16 }, // 5
    { 0x0036, 17 }, // 6
    { 0x0037, 18 }, // 7
    { 0x003A, 19 }, // :
    { 0x003B, 19 }, // ;
    { 0x003D, 20 }, // =
    { 0x003F, 21 }, // ?
    { 0x0040, 22 }, // @
    { 0x0041, 23 }, // A
    { 0x0043, 24 }, // C
    { 0x0047, 24 }, // G
    { 0x004A, 25 }, // J
    { 0x004D, 26 }, // M
    { 0x004F, 27 }, // O
    { 0x0051, 24 }, // Q
    { 0x0053, 28 }, // S
    { 0x0054, 29 }, // T
    { 0x0055, 30 }, // U
    { 0x0056, 31 }, // V
    { 0x0057, 32 }, // W
    { 0x0058, 33 }, // X
    { 0x0059, 34 }, // Y
    { 0x005A, 35 }, // Z
    { 0x005C, 36 }, // <backslash>
    { 0x005D, 37 }, // ]
    { 0x0061, 38 }, // a
    { 0x0062, 39 }, // b
    { 0x0063, 40 }, // c
    { 0x0064, 41 }, // d
    { 0x0065, 40 }, // e
    { 0x0066, 42 }, // f
    { 0x0067, 43 }, // g
    { 0x0068, 44 }, // h
    { 0x0069, 45 }, // i
    { 0x006A, 46 }, // j
    { 0x006B, 44 }, // k
    { 0x006C, 44 }, // l
    { 0x006D, 47 }, // m
    { 0x006E, 48 }, // n
    { 0x006F, 49 }, // o
    { 0x0070, 50 }, // p
    { 0x0071, 40 }, // q
    { 0x0072, 51 }, // r
    { 0x0073, 52 }, // s
    { 0x0074, 53 }, // t
    { 0x0075, 54 }, // u
    { 0x0076, 55 }, // v
    { 0x0077, 56 }, // w
    { 0x0078, 57 }, // x
    { 0x0079, 58 }, // y
    { 0x007A, 59 }, // z
    { 0x00AB, 60 }, // U+00AB
    { 0x00AD, 61 }, // U+00AD
    { 0x00B0, 62 }, // U+00B0
    { 0x00B2, 63 }, // U+00B2
    { 0x00B3, 63 }, // U+00B3
    { 0x00B7, 64 }, // U+00B7
    { 0x00B9, 63 }, // U+00B9
    { 0x00BB, 65 }, // U+00BB
    { 0x00BF, 66 }, // U+00BF
    { 0x00C0, 23 }, // U+00C0
    { 0x00C1, 67 }, // U+00C1
    { 0x00C2, 23 }, // U+00C2
    { 0x00C3, 23 }, // U+00C3
    { 0x00C4, 23 }, // U+00C4
    { 0x00C5, 23 }, // U+00C5
    { 0x00C6, 68 }, // U+00C6
    { 0x00C7, 24 }, // U+00C7
    { 0x00D2, 24 }, // U+00D2
    { 0x00D3, 24 }, // U+00D3
    { 0x00D4, 24 }, // U+00D4
    { 0x00D5, 24 }, // U+00D5
    { 0x00D6, 24 }, // U+00D6
    { 0x00D7, 69 }, // U+00D7
    { 0x00D8, 24 }, // U+00D8
    { 0x00D9, 70 }, // U+00D9
    { 0x00DA, 70 }, // U+00DA
    { 0x00DB, 70 }, // U+00DB
    { 0x00DC, 70 }, // U+00DC
    { 0x00DD, 71 }, // U+00DD
    { 0x00E0, 72 }, // U+00E0
    { 0x00E1, 72 }, // U+00E1
    { 0x00E2, 73 }, // U+00E2
    { 0x00E3, 74 }, // U+00E3
    { 0x00E4, 75 }, // U+00E4
    { 0x00E5, 76 }, // U+00E5
    { 0x00E6, 72 }, // U+00E6
    { 0x00E7, 77 }, // U+00E7
    { 0x00E8, 77 }, // U+00E8
    { 0x00E9, 77 }, // U+00E9
    { 0x00EA, 78 }, // U+00EA
    { 0x00EB, 79 }, // U+00EB
    { 0x00EC, 80 }, // U+00EC
    { 0x00ED, 45 }, // U+00ED
    { 0x00EE, 81 }, // U+00EE
    { 0x00EF, 82 }, // U+00EF
    { 0x00F0, 83 }, // U+00F0
    { 0x00F1, 84 }, // U+00F1
    { 0x00F2, 77 }, // U+00F2
    { 0x00F3, 77 }, // U+00F3
    { 0x00F4, 77 }, // U+00F4
    { 0x00F5, 85 }, // U+00F5
    { 0x00F6, 86 }, // U+00F6
    { 0x00F8, 77 }, // U+00F8
    { 0x00F9, 87 }, // U+00F9
    { 0x00FA, 87 }, // U+00FA
    { 0x00FB, 87 }, // U+00FB
    { 0x00FC, 87 }, // U+00FC
    { 0x00FD, 88 }, // U+00FD
    { 0x00FE, 89 }, // U+00FE
    { 0x00FF, 88 }, // U+00FF
    { 0x0100, 23 }, // U+0100
    { 0x0101, 90 }, // U+0101
    { 0x0102, 23 }, // U+0102
    { 0x0103, 91 }, // U+0103
    { 0x0104, 23 }, // U+0104
    { 0x0105, 76 }, // U+0105
    { 0x0106, 24 }, // U+0106
    { 0x0107, 77 }, // U+0107
    { 0x0108, 24 }, // U+0108
    { 0x0109, 77 }, // U+0109
    { 0x010A, 24 }, // U+010A
    { 0x010B, 77 }, // U+010B
    { 0x010C, 24 }, // U+010C
    { 0x010D, 77 }, // U+010D
    { 0x010F, 77 }, // U+010F
    { 0x0111, 77 }, // U+0111
    { 0x0113, 77 }, // U+0113
    { 0x0115, 92 }, // U+0115
    { 0x0117, 77 }, // U+0117
    { 0x0119, 77 }, // U+0119
    { 0x011B, 77 }, // U+011B
    { 0x011C, 24 }, // U+011C
    { 0x011D, 93 }, // U+011D
    { 0x011E, 24 }, // U+011E
    { 0x011F, 94 }, // U+011F
    { 0x0120, 24 }, // U+0120
    { 0x0121, 93 }, // U+0121
    { 0x0122, 24 }, // U+0122
    { 0x0123, 93 }, // U+0123
    { 0x0125, 44 }, // U+0125
    { 0x0127, 44 }, // U+0127
    { 0x0129, 95 }, // U+0129
    { 0x012B, 96 }, // U+012B
    { 0x012D, 97 }, // U+012D
    { 0x012F, 45 }, // U+012F
    { 0x0131, 98 }, // U+0131
    { 0x0134, 25 }, // U+0134
    { 0x0135, 99 }, // U+0135
    { 0x0137, 44 }, // U+0137
    { 0x0138, 84 }, // U+0138
    { 0x013A, 44 }, // U+013A
    { 0x013C, 44 }, // U+013C
    { 0x013E, 44 }, // U+013E
    { 0x0140, 44 }, // U+0140
    { 0x0142, 100 }, // U+0142
    { 0x0144, 84 }, // U+0144
    { 0x0146, 84 }, // U+0146
    { 0x0148, 84 }, // U+0148
    { 0x0149, 101 }, // U+0149
    { 0x014B, 84 }, // U+014B
    { 0x014C, 24 }, // U+014C
    { 0x014D, 77 }, // U+014D
    { 0x014E, 24 }, // U+014E
    { 0x014F, 77 }, // U+014F
    { 0x0150, 24 }, // U+0150
    { 0x0151, 77 }, // U+0151
    { 0x0152, 24 }, // U+0152
    { 0x0153, 77 }, // U+0153
    { 0x0155, 102 }, // U+0155
    { 0x0157, 101 }, // U+0157
    { 0x0159, 102 }, // U+0159
    { 0x015A, 28 }, // U+015A
    { 0x015B, 103 }, // U+015B
    { 0x015C, 28 }, // U+015C
    { 0x015D, 104 }, // U+015D
    { 0x015E, 28 }, // U+015E
    { 0x015F, 103 }, // U+015F
    { 0x0160, 28 }, // U+0160
    { 0x0161, 105 }, // U+0161
    { 0x0162, 106 }, // U+0162
    { 0x0163, 53 }, // U+0163
    { 0x0164, 107 }, // U+0164
    { 0x0165, 53 }, // U+0165
    { 0x0166, 107 }, // U+0166
    { 0x0167, 53 }, // U+0167
    { 0x0168, 70 }, // U+0168
    { 0x0169, 87 }, // U+0169
    { 0x016A, 70 }, // U+016A
    { 0x016B, 87 }, // U+016B
    { 0x016C, 70 }, // U+016C
    { 0x016D, 87 }, // U+016D
    { 0x016E, 70 }, // U+016E
    { 0x016F, 87 }, // U+016F
    { 0x0170, 70 }, // U+0170
    { 0x0171, 87 }, // U+0171
    { 0x0172, 70 }, // U+0172
    { 0x0173, 87 }, // U+0173
    { 0x0174, 108 }, // U+0174
    { 0x0175, 109 }, // U+0175
    { 0x0176, 71 }, // U+0176
    { 0x0177, 88 }, // U+0177
    { 0x0178, 71 }, // U+0178
    { 0x0179, 35 }, // U+0179
    { 0x017A, 110 }, // U+017A
    { 0x017B, 35 }, // U+017B
    { 0x017C, 110 }, // U+017C
    { 0x017D, 35 }, // U+017D
    { 0x017E, 111 }, // U+017E
    { 0x01A0, 24 }, // U+01A0
    { 0x01A1, 112 }, // U+01A1
    { 0x01AF, 70 }, // U+01AF
    { 0x01B0, 87 }, // U+01B0
    { 0x01C6, 77 }, // U+01C6
    { 0x01C9, 44 }, // U+01C9
    { 0x01CC, 98 }, // U+01CC
    { 0x01CD, 113 }, // U+01CD
    { 0x01CE, 76 }, // U+01CE
    { 0x01D0, 114 }, // U+01D0
    { 0x01D1, 24 }, // U+01D1
    { 0x01D2, 77 }, // U+01D2
    { 0x01D3, 70 }, // U+01D3
    { 0x01D4, 87 }, // U+01D4
    { 0x01D5, 70 }, // U+01D5
    { 0x01D6, 87 }, // U+01D6
    { 0x01D7, 70 }, // U+01D7
    { 0x01D8, 87 }, // U+01D8
    { 0x01D9, 70 }, // U+01D9
    { 0x01DA, 87 }, // U+01DA
    { 0x01DB, 70 }, // U+01DB
    { 0x01DC, 87 }, // U+01DC
    { 0x01E6, 24 }, // U+01E6
    { 0x01E7, 93 }, // U+01E7
    { 0x01EA, 24 }, // U+01EA
    { 0x01EB, 77 }, // U+01EB
    { 0x01FA, 23 }, // U+01FA
    { 0x01FB, 115 }, // U+01FB
    { 0x01FC, 23 }, // U+01FC
    { 0x01FD, 115 }, // U+01FD
    { 0x01FE, 24 }, // U+01FE
    { 0x01FF, 112 }, // U+01FF
    { 0x0200, 113 }, // U+0200
    { 0x0201, 116 }, // U+0201
    { 0x0202, 113 }, // U+0202
    { 0x0203, 76 }, // U+0203
    { 0x0205, 117 }, // U+0205
    { 0x0207, 77 }, // U+0207
    { 0x0209, 118 }, // U+0209
    { 0x020B, 119 }, // U+020B
    { 0x020C, 24 }, // U+020C
    { 0x020D, 120 }, // U+020D
    { 0x020E, 24 }, // U+020E
    { 0x020F, 77 }, // U+020F
    { 0x0211, 121 }, // U+0211
    { 0x0213, 98 }, // U+0213
    { 0x0214, 70 }, // U+0214
    { 0x0215, 87 }, // U+0215
    { 0x0216, 70 }, // U+0216
    { 0x0217, 87 }, // U+0217
    { 0x0218, 28 }, // U+0218
    { 0x0219, 103 }, // U+0219
    { 0x021A, 106 }, // U+021A
    { 0x021B, 53 }, // U+021B
    { 0x1EA0, 113 }, // U+1EA0
    { 0x1EA1, 76 }, // U+1EA1
    { 0x1EA2, 113 }, // U+1EA2
    { 0x1EA3, 76 }, // U+1EA3
    { 0x1EA4, 113 }, // U+1EA4
    { 0x1EA5, 76 }, // U+1EA5
    { 0x1EA6, 113 }, // U+1EA6
    { 0x1EA7, 76 }, // U+1EA7
    { 0x1EA8, 113 }, // U+1EA8
    { 0x1EA9, 76 }, // U+1EA9
    { 0x1EAA, 113 }, // U+1EAA
    { 0x1EAB, 76 }, // U+1EAB
    { 0x1EAC, 113 }, // U+1EAC
    { 0x1EAD, 76 }, // U+1EAD
    { 0x1EAE, 113 }, // U+1EAE
    { 0x1EAF, 76 }, // U+1EAF
    { 0x1EB0, 113 }, // U+1EB0
    { 0x1EB1, 76 }, // U+1EB1
    { 0x1EB2, 113 }, // U+1EB2
    { 0x1EB3, 76 }, // U+1EB3
    { 0x1EB4, 113 }, // U+1EB4
    { 0x1EB5, 76 }, // U+1EB5
    { 0x1EB6, 113 }, // U+1EB6
    { 0x1EB7, 76 }, // U+1EB7
    { 0x1EB9, 77 }, // U+1EB9
    { 0x1EBB, 77 }, // U+1EBB
    { 0x1EBD, 77 }, // U+1EBD
    { 0x1EBF, 77 }, // U+1EBF
    { 0x1EC1, 77 }, // U+1EC1
    { 0x1EC3, 77 }, // U+1EC3
    { 0x1EC5, 77 }, // U+1EC5
    { 0x1EC7, 77 }, // U+1EC7
    { 0x1EC9, 45 }, // U+1EC9
    { 0x1ECB, 45 }, // U+1ECB
    { 0x1ECC, 24 }, // U+1ECC
    { 0x1ECD, 77 }, // U+1ECD
    { 0x1ECE, 24 }, // U+1ECE
    { 0x1ECF, 77 }, // U+1ECF
    { 0x1ED0, 24 }, // U+1ED0
    { 0x1ED1, 77 }, // U+1ED1
    { 0x1ED2, 24 }, // U+1ED2
    { 0x1ED3, 77 }, // U+1ED3
    { 0x1ED4, 24 }, // U+1ED4
    { 0x1ED5, 77 }, // U+1ED5
    { 0x1ED6, 24 }, // U+1ED6
    { 0x1ED7, 77 }, // U+1ED7
    { 0x1ED8, 24 }, // U+1ED8
    { 0x1ED9, 77 }, // U+1ED9
    { 0x1EDA, 24 }, // U+1EDA
    { 0x1EDB, 77 }, // U+1EDB
    { 0x1EDC, 24 }, // U+1EDC
    { 0x1EDD, 77 }, // U+1EDD
    { 0x1EDE, 24 }, // U+1EDE
    { 0x1EDF, 77 }, // U+1EDF
    { 0x1EE0, 24 }, // U+1EE0
    { 0x1EE1, 77 }, // U+1EE1
    { 0x1EE2, 24 }, // U+1EE2
    { 0x1EE3, 77 }, // U+1EE3
    { 0x1EE4, 70 }, // U+1EE4
    { 0x1EE5, 87 }, // U+1EE5
    { 0x1EE6, 70 }, // U+1EE6
    { 0x1EE7, 87 }, // U+1EE7
    { 0x1EE8, 70 }, // U+1EE8
    { 0x1EE9, 87 }, // U+1EE9
    { 0x1EEA, 70 }, // U+1EEA
    { 0x1EEB, 87 }, // U+1EEB
    { 0x1EEC, 70 }, // U+1EEC
    { 0x1EED, 87 }, // U+1EED
    { 0x1EEE, 70 }, // U+1EEE
    { 0x1EEF, 87 }, // U+1EEF
    { 0x1EF0, 70 }, // U+1EF0
    { 0x1EF1, 87 }, // U+1EF1
    { 0x1EF2, 71 }, // U+1EF2
    { 0x1EF3, 88 }, // U+1EF3
    { 0x1EF4, 122 }, // U+1EF4
    { 0x1EF5, 123 }, // U+1EF5
    { 0x1EF6, 122 }, // U+1EF6
    { 0x1EF7, 123 }, // U+1EF7
    { 0x1EF8, 122 }, // U+1EF8
    { 0x1EF9, 123 }, // U+1EF9
    { 0x2010, 61 }, // U+2010
    { 0x2012, 61 }, // U+2012
    { 0x2013, 61 }, // U+2013
    { 0x2014, 61 }, // U+2014
    { 0x2015, 61 }, // U+2015
    { 0x2018, 124 }, // U+2018
    { 0x2019, 125 }, // U+2019
    { 0x201A, 126 }, // U+201A
    { 0x201C, 127 }, // U+201C
    { 0x201D, 128 }, // U+201D
    { 0x201E, 126 }, // U+201E
    { 0x2022, 7 }, // U+2022
    { 0x2026, 129 }, // U+2026
    { 0x2030, 3 }, // U+2030
    { 0x2039, 130 }, // U+2039
    { 0x203A, 131 }, // U+203A
    { 0xFB01, 42 }, // U+FB01
    { 0xFB02, 42 }, // U+FB02
};

static const int8_t literata_18_regularKernMatrix[] = {
       0,    0,    0,    0,    0,    0,    0,  -60,    0,  -60,    0,    0,    0,    0,    0,    0,    0,    0,    0,    0,    0,    0,  -54,  -12,  -54,  -12,  -12,    0,    0,    0,    0,    0,    0,    0,    0,    0,    0,   -6,    0,  -18,  -18,  -24,  -24,    0,    0,    0,    0,    0,  -18,    0,    0,  -18,  -24,    0,    0,    0,    0,    0,    0,    0,    0,    0,    0,    0,    0,    0,  -54,  -54,    0,    0,    0,   -6,   -6,   -6,   -6,   -6,  -18,  -18,  -18,    0,    0,    0,  -18,    0,  -18,  -18,    0,    0,    0,   -6,   -6,  -18,  -24,  -24,    0,    0,    0,    0,    0,    0,    0,    0,  -18,  -18,  -18,    0,    0,    0,    0,    0,    0,  -18,  -54,    0,   -6,   -6,  -18,    0,    0,  -18,    0,    0,    0,    0,    0,    0,    0,    0,  -60,    0,    0,
       0,    0,    0,    0,    0,    0,    0,    0,    0,    0,    0,    0,    0,    0,    0,    0,    0,    0,    0,    0,    0,    0,    0,    0,    0,  -12,    0,    0,  -18,  -12,  -48,  -42,    0,  -54,    0,    0,    0,    0,    0,    0,    0,    0,    0,    0,    0,    0,    0,    0,    0,    0,    0,    0,    0,   -6,    0,    0,    0,    0,    0,    0,    0,    0,    0,    0,    0,    0,    0,    0,    0,  -12,  -54,    0,    0,    0,    0,    0,    0,    0,    0,    0,    0,    0,    0,    0,    0,    0,   -6,    0,    0,    0,    0,    0,    0,    0,    0,    0,    0,    0,    0,    0,    0,    0,    0,    0,    0,  -18,  -18,  -42,    0,    0,    0,    0,    0,    0,    0,    0,    0,    0,    0,    0,    0,  -54,    0,    0,    0,    0,    0,    0,    0,    0,    0,
       0,    0,    0,    0,    0,    0,    0,    0,    0,    0,    0,    0,    0,    0,    0,    0,    0,    0,    0,    0,    0,    0,  -60,    0,  -60,    0,    0,    0,    0,    0,    0,    0,    0,    0,    0,    0,    0,    0,    0,  -24,  -24,    0,    0,    0,    0,    0,    0,    0,  -24,    0,    0,    0,    0,    0,    0,    0,    0,    0,    0,    0,    0,    0,    0,    0,    0,    0,  -60,  -60,    0,    0,    0,    0,    0,    0,    0,    0,  -24,  -24,  -24,    0,    0,    0,  -24,    0,  -24,  -24,    0,    0,    0,    0,    0,  -24,    0,    0,    0,    0,    0,    0,    0,    0,    0,    0,    0,    0,    0,    0,    0,    0,    0,    0,    0,  -24,  -60,    0,    0,    0,  -24,    0,    0,  -24,    0,    0,    0,    0,    0,    0,    0,    0,    0,    0,    0,
       0,  -60,    0,    0,    0,    0,    0,    0,    0,    0,    0,    0,    0,    0,  -24,    0,    0,  -36,    0,    0,  -18,    0,    0,  -18,    0,    0,  -18,    0,  -60,  -18,  -60,  -48,    0,  -60,    0,    0,    0,    0,    0,   -6,   -6,    0,    0,    0,    0,    0,    0,    0,   -6,    0,    0,    0,  -24,  -24,  -54,  -48,    0,  -54,    0,    0,    0,    0,  -48,    0,    0,    0,    0,    0,    0,  -18,  -60,    0,    0,    0,    0,    0,   -6,   -6,   -6,    0,    0,    0,   -6,    0,   -6,   -6,  -24,  -54,    0,    0,    0,   -6,    0,    0,    0,    0,    0,    0,    0,    0,    0,    0,    0,    0,    0,  -60,  -60,  -48,  -48,    0,    0,   -6,    0,    0,    0,    0,   -6,    0,    0,   -6,    0,  -60,  -54,  -60,  -60,    0,  -60,  -60,    0,    0,    0,
       0,    0,    0,    0,    0,    0,    0,    0,    0,    0,    0,    0,  -24,  -36,    0,    0,    0,  -36,    0,    0,    0,    0,  -18,    0,  -12,    0,    0,  -18,  -42,    0,  -30,  -24,  -30,  -48,  -24,    0,    0,    0,    0,    0,    0,    0,    0,    0,    0,    0,    0,    0,    0,    0,    0,    0,    0,    0,  -12,   -6,    0,  -12,    0,    0,    0,    0,    0,    0,    0,    0,  -18,  -18,    0,    0,  -48,    0,    0,    0,    0,    0,    0,    0,    0,    0,    0,    0,    0,    0,    0,    0,    0,  -12,    0,    0,    0,    0,    0,    0,    0,    0,    0,    0,    0,    0,    0,    0,    0,    0,    0,  -42,  -42,  -24,   -6,    0,    0,    0,  -18,    0,    0,    0,    0,    0,    0,    0,    0,  -48,  -12,    0,    0,    0,    0,    0,    0,    0,    0,
       0,    0,    0,    0,    0,    0,    0,  -60,    0,  -60, -120,    0,    0,  -12,  -60,    0,    0,    0,    0,    0,    0,  -54,  -60,  -24,  -36,    0,  -24,  -19,    0,    0,    0,    0,    0,    0,    0,    0,    0,  -48,    0,  -42,  -42,    0,  -47,    0,   -6,    0,    0,    0,  -42,    0,    0,  -42,  -18,  -12,  -24,  -24,  -12,  -24,  -24,    0,    0,    0,    0,    0,    0,    0,  -60,  -60,    0,    0,    0,  -48,  -48,  -48,  -48,  -48,  -42,  -42,  -42,   -6,   -6,   -6,  -42,    0,  -42,  -42,  -12,  -24,    0,  -48,  -48,  -42,  -47,  -47,   -6,   -6,   -6,    0,    0,    0,    0,    0,  -42,  -42,  -42,    0,    0,    0,  -24,  -24,  -24,  -42,  -60,   -6,  -48,  -48,  -42,   -6,   -6,  -42,    0,    0,  -24,    0,    0,    0,    0,    0,  -60,    0,    0,
       0,    0,    0,    0,    0,    0,    0,    0,    0,    0,    0,    0,   -6,   -9,    0,    0,    0,    0,    0,    0,    0,    0,    0,    0,    0,    0,    0,    0,    0,    0,    0,    0,    0,    0,    0,    0,    0,    0,    0,    0,    0,    0,    0,    0,    0,    0,    0,    0,    0,    0,    0,    0,    0,    0,    0,    0,    0,    0,    0,    0,    0,    0,    0,    0,    0,    0,    0,    0,    0,    0,    0,    0,    0,    0,    0,    0,    0,    0,    0,    0,    0,    0,    0,    0,    0,    0,    0,    0,    0,    0,    0,    0,    0,    0,    0,    0,    0,    0,    0,    0,    0,    0,    0,    0,    0,    0,    0,    0,    0,    0,    0,    0,    0,    0,    0,    0,    0,    0,    0,    0,    0,    0,    0,    0,    0,    0,    0,    0,    0,    0,    0,
       0,  -18,  -36,    0,    0,    0,    0,    0,    0,    0,    0,    0,    0,    0,  -24,    0,    0,  -18,    0,    0,    0,    0,    0,    0,    0,    0,    0,    0,    0,    0,    0,    0,    0,    0,    0,  -12,    0,    0,    0,    0,    0,    0,    0,    0,    0,    0,    0,    0,    0,    0,    0,    0,    0,    0,    0,    0,    0,    0,    0,    0,    0,    0,    0,    0,    0,    0,    0,    0,    0,    0,    0,    0,    0,    0,    0,    0,    0,    0,    0,    0,    0,    0,    0,    0,    0,    0,    0,    0,    0,    0,    0,    0,    0,    0,    0,    0,    0,    0,    0,    0,    0,    0,    0,    0,    0,    0,    0,    0,    0,    0,    0,    0,    0,    0,    0,    0,    0,    0,    0,    0,    0,    0,    0,  -24,  -24,    0,  -24,  -24,    0,    0,    0,
       0,    0,    0,    0,    0,    0,    0,    0,    0,    0,    0,    0,    0,    0,    0,    0,    0,   -6,    0,    0,    0,    0,    0,    0,    0,    0,    0,    0,    0,    0,    0,    0,    0,    0,    0,    0,    0,    0,    0,    0,    0,    0,    0,    0,    0,    0,    0,    0,    0,    0,    0,    0,    0,    0,    0,    0,    0,    0,    0,    0,    0,    0,    0,    0,    0,    0,    0,    0,    0,    0,    0,    0,    0,    0,    0,    0,    0,    0,    0,    0,    0,    0,    0,    0,    0,    0,    0,    0,    0,    0,    0,    0,    0,    0,    0,    0,    0,    0,    0,    0,    0,    0,    0,    0,    0,    0,    0,    0,    0,    0,    0,    0,    0,    0,    0,    0,    0,    0,    0,    0,    0,    0,    0,    0,    0,    0,    0,    0,    0,    0,    0,
       0,    0,    0,    0,    0,    0,    0,    0,    0,    0,  -12,    0,  -18,  -18,   -3,   -3,    0,  -18,    0,    0,    0,    0,    0,    0,    0,    0,    0,    0,    0,    0,    0,    0,    0,    0,    0,  -12,    0,    0,    0,    0,    0,    0,    0,    0,    0,    0,    0,    0,    0,    0,    0,    0,    0,    0,    0,    0,    0,    0,    0,    0,    0,    0,    0,    0,    0,    0,    0,    0,    0,    0,    0,    0,    0,    0,    0,    0,    0,    0,    0,    0,    0,    0,    0,    0,    0,    0,    0,    0,    0,    0,    0,    0,    0,    0,    0,    0,    0,    0,    0,    0,    0,    0,    0,    0,    0,    0,    0,    0,    0,    0,    0,    0,    0,    0,    0,    0,    0,    0,    0,    0,    0,    0,    0,    0,  -12,    0,    0,  -12,    0,    0,    0,
       0,    0,  -24,    0,    0,    0,    0,    0,    0,    0,    0,    0,    0,    0,    0,    0,    0,  -21,    0,    0,    0,    0,    0,    0,    0,    0,    0,    0,    0,    0,    0,    0,    0,    0,    0,    0,    0,    0,    0,    0,    0,    0,    0,    0,    0,    0,    0,    0,    0,    0,    0,    0,    0,    0,    0,    0,    0,    0,    0,    0,    0,  -12,    0,    0,    0,    0,    0,    0,    0,    0,    0,    0,    0,    0,    0,    0,    0,    0,    0,    0,    0,    0,    0,    0,    0,    0,    0,    0,    0,    0,    0,    0,    0,    0,    0,    0,    0,    0,    0,    0,    0,    0,    0,    0,    0,    0,    0,    0,    0,    0,    0,    0,    0,    0,    0,    0,    0,    0,    0,    0,    0,    0,    0,  -24,  -18,    0,  -24,  -18,    0,    0,    0,
       0,    0,    0,    0,    0,    0,    0,    0,    0,    0,    0,    0,   -6,    0,    0,    0,    0,   -3,    0,    0,    0,    0,    0,    0,    0,    0,    0,    0,    0,    0,    0,    0,    0,    0,    0,    0,    0,    0,    0,    0,    0,    0,    0,    0,    0,    0,    0,    0,    0,    0,    0,    0,    0,    0,    0,    0,    0,    0,    0,    0,    0,    0,    0,    0,    0,    0,    0,    0,    0,    0,    0,    0,    0,    0,    0,    0,    0,    0,    0,    0,    0,    0,    0,    0,    0,    0,    0,    0,    0,    0,    0,    0,    0,    0,    0,    0,    0,    0,    0,    0,    0,    0,    0,    0,    0,    0,    0,    0,    0,    0,    0,    0,    0,    0,    0,    0,    0,    0,    0,    0,    0,    0,    0,    0,    0,    0,    0,    0,    0,    0,    0,
       0,    0,   -9,    0,    0,    0,    0,  -60,  -36,  -60,  -60,    0,    0,   -6,  -42,  -15,    0,    0,  -12,  -36,    0,    0,    0,    0,    0,    0,    0,    0,    0,    0,    0,    0,    0,    0,    0,    0,    0,    0,    0,    0,    0,    0,    0,    0,    0,    0,    0,    0,    0,    0,    0,    0,    0,    0,    0,    0,    0,    0,    0,    0,  -36,    0,    0,    0,    0,    0,    0,    0,  -48,    0,    0,    0,    0,    0,    0,    0,    0,    0,    0,    0,    0,    0,    0,    0,    0,    0,    0,    0,    0,    0,    0,    0,    0,    0,    0,    0,    0,    0,    0,    0,    0,    0,    0,    0,    0,    0,    0,    0,    0,    0,    0,    0,    0,    0,    0,    0,    0,    0,    0,    0,    0,    0,    0,    0,    0,    0,    0,    0,  -60,    0,    0,
       0,    0,    0,    0,    0,    0,    0,    0,    0,    0,    0,    0,   -9,    0,    0,    0,    0,   -6,    0,    0,    0,    0,    0,    0,    0,    0,    0,    0,    0,    0,    0,    0,    0,    0,    0,    0,    0,    0,    0,    0,    0,    0,    0,    0,    0,    0,    0,    0,    0,    0,    0,    0,    0,    0,    0,    0,    0,    0,    0,    0,    0,    0,    0,    0,    0,    0,    0,    0,    0,    0,    0,    0,    0,    0,    0,    0,    0,    0,    0,    0,    0,    0,    0,    0,    0,    0,    0,    0,    0,    0,    0,    0,    0,    0,    0,    0,    0,    0,    0,    0,    0,    0,    0,    0,    0,    0,    0,    0,    0,    0,    0,    0,    0,    0,    0,    0,    0,    0,    0,    0,    0,    0,    0,    0,    0,    0,    0,    0,    0,    0,    0,
       0,    0,    0,    0,    0,    0,    0,    0,    0,    0,    0,    0,   -6,   -6,  -12,    0,    0,   -6,    0,    0,    0,    0,    0,    0,    0,    0,    0,    0,    0,    0,    0,    0,    0,    0,    0,    0,    0,    0,    0,    0,    0,    0,    0,    0,    0,    0,    0,    0,    0,    0,    0,    0,    0,    0,    0,    0,    0,    0,    0,    0,    0,    0,    0,    0,    0,    0,    0,    0,    0,    0,    0,    0,    0,    0,    0,    0,    0,    0,    0,    0,    0,    0,    0,    0,    0,    0,    0,    0,    0,    0,    0,    0,    0,    0,    0,    0,    0,    0,    0,    0,    0,    0,    0,    0,    0,    0,    0,    0,    0,    0,    0,    0,    0,    0,    0,    0,    0,    0,    0,    0,    0,    0,    0,    0,    0,    0,    0,    0,    0,    0,    0,
       0,    0,    0,    0,    0,    0,    0,    0,    0,    0,    0,    0,    0,    0,    0,    0,    0,  -24,    0,    0,    0,    0,    0,    0,    0,    0,    0,    0,    0,    0,    0,    0,    0,    0,    0,    0,    0,    0,    0,    0,    0,    0,    0,    0,    0,    0,    0,    0,    0,    0,    0,    0,    0,    0,    0,    0,    0,    0,    0,    0,    0,    0,    0,    0,    0,    0,    0,    0,    0,    0,    0,    0,    0,    0,    0,    0,    0,    0,    0,    0,    0,    0,    0,    0,    0,    0,    0,    0,    0,    0,    0,    0,    0,    0,    0,    0,    0,    0,    0,    0,    0,    0,    0,    0,    0,    0,    0,    0,    0,    0,    0,    0,    0,    0,    0,    0,    0,    0,    0,    0,    0,    0,    0,    0,    0,    0,    0,    0,    0,    0,    0,
       0,    0,    0,    0,    0,    0,    0,    0,    0,    0,    0,    0,    0,    0,    0,    0,    0,    0,    0,    0,    0,    0,    0,    0,    0,    0,    0,    0,    0,    0,    0,    0,    0,    0,    0,    0,    0,    0,    0,    0,    0,    0,    0,    0,    0,    0,    0,    0,    0,    0,    0,    0,    0,    0,    0,    0,    0,    0,    0,  -24,    0,    0,    0,    0,    0,    0,    0,    0,    0,    0,    0,    0,    0,    0,    0,    0,    0,    0,    0,    0,    0,    0,    0,    0,    0,    0,    0,    0,    0,    0,    0,    0,    0,    0,    0,    0,    0,    0,    0,    0,    0,    0,    0,    0,    0,    0,    0,    0,    0,    0,    0,    0,    0,    0,    0,    0,    0,    0,    0,    0,    0,    0,    0,    0,    0,    0,    0,    0,    0,  -24,    0,
       0,    0,    0,    0,    0,    0,    0,    0,    0,    0,  -24,    0,    0,    0,    0,    0,    0,    0,    0,    0,    0,    0,    0,    0,    0,    0,    0,    0,  -30,  -24,  -48,  -30,    0,  -48,  -18,  -42,    0,    0,    0,    0,    0,    0,    0,    0,    0,    0,    0,    0,    0,    0,    0,    0,    0,   -6,  -18,   -7,    0,  -18,    0,    0,    0,    0,    0,    0,    0,    0,    0,    0,    0,  -24,  -48,    0,    0,    0,    0,    0,    0,    0,    0,    0,    0,    0,    0,    0,    0,    0,   -6,  -18,    0,    0,    0,    0,    0,    0,    0,    0,    0,    0,    0,    0,    0,    0,    0,    0,    0,  -30,  -30,  -30,   -7,    0,    0,    0,    0,    0,    0,    0,    0,    0,    0,    0,    0,  -48,  -18,    0,    0,    0,    0,    0,    0,    0,    0,
       0,  -54,    0,    0,    0,  -60,    0,    0,  -19,    0,    0,    0,    0,    0,    0,    0,    0,    0,    0,    0,  -36,    0,    0,  -12,    0,    0,  -12,    0,  -60,  -39,  -66,  -54,    0,  -66,    0,  -60,    0,    0,  -12,   -3,   -3,    0,    0,    0,    0,    0,  -12,  -12,   -3,  -24,  -12,    0,  -27,  -24,  -54,  -42,    0,  -54,    0,  -15,  -19,    0,    0,  -24,    0,    0,    0,    0,    0,  -39,  -66,    0,    0,    0,    0,    0,   -3,   -3,   -3,    0,    0,    0,   -3,  -12,   -3,   -3,  -24,  -54,    0,    0,    0,   -3,    0,    0,    0,    0,    0,  -12,    0,    0,  -12,  -12,    0,    0,    0,  -60,  -60,  -54,  -42,    0,    0,   -3,    0,    0,    0,    0,   -3,    0,    0,   -3,  -12,  -66,  -54,  -66,  -60,    0,  -66,  -60,    0,  -15,    0,
       0,    0,    0,    0,    0,    0,    0,    0,    0,    0,    0,    0,    0,    0,    0,    0,    0,    0,    0,    0,    0,    0,   -9,    0,   -6,    0,    0,    0,  -12,   -6,  -18,  -12,    0,  -21,   -6,    0,    0,    0,    0,    0,    0,    0,    0,    0,    0,    0,    0,    0,    0,    0,    0,    0,  -12,    0,  -12,  -12,    0,  -12,    0,    0,    0,    0,    0,    0,    0,    0,   -9,    0,    0,   -6,  -21,    0,    0,    0,    0,    0,    0,    0,    0,    0,    0,    0,    0,    0,    0,    0,    0,  -12,    0,    0,    0,    0,    0,    0,    0,    0,    0,    0,    0,    0,    0,    0,    0,    0,    0,  -12,  -12,  -12,  -12,    0,    0,    0,   -9,    0,    0,    0,    0,    0,    0,    0,    0,  -21,  -12,    0,    0,    0,    0,    0,    0,    0,    0,
       0,    0,    0,    0,    0,    0,    0,    0,    0,    0,    0,    0,    0,    0,    0,    0,    0,    0,    0,    0,    0,    0,  -12,   -6,    0,    0,   -6,   -6,  -15,    0,  -12,   -8,    0,  -12,   -6,    0,    0,   -6,   -6,    0,    0,   -3,    0,   -6,    0,    0,    0,    0,    0,    0,    0,   -6,   -6,   -9,   -9,   -6,    0,   -9,    0,    0,    0,    0,    0,    0,    0,    0,  -12,  -18,    0,    0,  -12,   -6,   -6,   -6,   -6,   -6,    0,    0,    0,    0,    0,    0,    0,    0,    0,    0,   -9,   -9,   -6,   -6,   -6,    0,    0,    0,    0,    0,    0,    0,    0,   -6,    0,    0,   -6,   -6,   -6,  -15,  -15,   -8,   -6,    0,    0,    0,  -12,    0,   -6,   -6,    0,    0,    0,    0,    0,  -12,   -9,    0,    0,    0,    0,    0,    0,    0,    0,
       0,  -12,    0,    0,    0,    0,    0,  -18,    0,  -18,   -6,    0,    0,    0,    0,    0,    0,    0,    0,    0,    0,    0,  -48,    0,  -16,  -27,    0,    0,  -30,    0,  -21,  -12,  -16,  -30,  -12,  -24,    0,    0,    0,    0,    0,   -6,    0,    0,    0,    0,    0,    0,    0,    0,    0,    0,    0,    0,   -6,    0,   -3,   -6,    0,    0,    0,    0,    0,    0,    0,    0,  -48,  -48,    0,    0,  -30,    0,    0,    0,    0,    0,    0,    0,    0,    0,    0,    0,    0,    0,    0,    0,    0,   -6,    0,    0,    0,    0,    0,    0,    0,    0,    0,    0,    0,    0,    0,    0,    0,    0,    0,  -30,  -30,  -12,    0,    0,    0,    0,  -48,    0,    0,    0,    0,    0,    0,    0,    0,  -30,   -6,   -6,  -24,    0,   -6,  -24,  -18,    0,    0,
       0,    0,    0,    0,    0,    0,    0,    0,    0,    0,    0,    0,    0,    0,    0,    0,    0,    0,    0,    0,    0,    0,    0,    0,    0,    0,    0,    0,  -18,  -12,   -6,    0,    0,  -12,    0,    0,    0,    0,   -6,    0,    0,    0,    0,   -3,    0,    0,    0,    0,    0,    0,    0,    0,   -9,   -6,  -15,   -9,    0,  -15,    0,    0,    0,    0,    0,    0,    0,    0,    0,    0,    0,  -12,  -12,    0,    0,    0,    0,    0,    0,    0,    0,    0,    0,    0,    0,    0,    0,    0,   -6,  -15,   -3,    0,    0,    0,    0,    0,    0,    0,    0,    0,    0,   -3,    0,    0,    0,    0,    0,  -18,  -18,    0,   -9,    0,    0,    0,    0,    0,    0,    0,    0,    0,    0,    0,    0,  -12,  -15,   -6,  -18,    0,   -6,  -18,    0,    0,    0,
       0,    0,    0,  -18,    0,    0,    0,  -54,  -24,  -54,  -48,    0,    0,    0,    0,    0,    0,    0,    0,    0,    0,  -31,  -54,   -6,  -63,   -6,   -6,   -9,    0,   -3,    0,    0,    0,    0,   -6,    0,    0,  -24,    0,  -24,  -24,    0,  -30,  -12,   -3,   -6,  -12,  -12,  -24,  -12,  -12,  -24,   -6,  -12,   -6,   -3,   -3,   -6,  -12,  -24,  -24,    0,    0,    0,    0,    0,  -54,  -66,    0,   -3,    0,  -24,  -24,  -24,  -24,  -24,  -24,  -24,  -24,   -3,    6,    6,  -24,  -12,  -24,  -24,  -12,   -6,  -12,  -24,  -24,  -24,  -30,  -30,   -3,   -3,   -3,  -12,    6,  -12,  -12,  -12,  -24,  -24,  -24,    0,    0,    0,   -3,  -12,  -12,  -24,  -54,   -3,  -24,  -24,  -24,   -3,   -3,  -24,  -12,    0,   -6,    0,    0,    0,    0,    0,  -54,  -24,    0,
       0,  -12,    0,    0,    0,  -12,    0,    0,    0,    0,    0,    0,    0,    0,    0,    0,    0,    0,    0,    0,  -12,    0,    0,    0,   -9,    0,    0,    0,  -24,    0,  -24,  -15,   -3,  -24,   -6,    0,    0,    0,    0,    0,    0,    0,    0,    0,    0,    0,    0,    0,    0,    0,    0,    0,    0,    0,   -9,    0,    0,   -9,    0,    0,    0,    0,    0,    0,    0,    0,    0,  -36,    0,    0,  -24,    0,    0,    0,    0,    0,    0,    0,    0,    0,    0,    0,    0,    0,    0,    0,    0,   -9,    0,    0,    0,    0,    0,    0,    0,    0,    0,    0,    0,    0,    0,    0,    0,    0,    0,  -24,  -24,  -15,    0,    0,    0,    0,    0,    0,    0,    0,    0,    0,    0,    0,    0,  -24,   -9,    0,   -6,    0,    0,   -6,    0,    0,    0,
       0,    0,    0,    0,    0,    0,    0,    0,    0,    0,    0,    0,    0,    0,    0,    0,    0,    0,    0,    0,    0,    0,    0,    0,    0,    0,    0,    0,    0,    0,    0,    0,    0,    0,    0,    0,    0,    0,    0,   -6,   -6,    0,    0,    0,    0,   -3,    0,    0,   -6,    0,    0,    0,  -12,  -12,  -24,  -12,    0,  -24,    0,    0,    0,    0,    0,    0,    0,    0,    0,    0,    0,    0,    0,    0,    0,    0,    0,    0,   -6,   -6,   -6,    0,    0,    0,   -6,    0,   -6,   -6,  -12,  -24,    0,    0,    0,   -6,    0,    0,    0,    0,    0,    0,   -3,    0,    0,    0,    0,    0,    0,    0,    0,    0,  -12,    0,    0,   -6,    0,    0,    0,    0,   -6,    0,    0,   -6,    0,    0,  -24,    0,    0,    0,    0,    0,    0,    0,    0,
       0,    0,    0,  -12,    0,    0,    0,  -36,    0,  -36,  -25,    0,    0,    0,    0,    0,    0,    0,    0,    0,    0,    0,  -42,    0,  -36,    0,    0,  -12,    0,    0,    0,    0,    0,    0,    0,    0,    0,  -24,    0,  -24,  -24,  -15,  -21,    0,   -3,    0,  -15,  -15,  -24,  -15,  -15,  -24,  -13,  -18,  -15,   -9,  -18,  -15,  -15,  -12,    0,    0,    0,  -12,    0,    0,  -42,  -42,    0,    0,    0,  -24,  -24,  -24,  -24,  -24,  -24,  -24,  -24,   -3,   -3,   -3,  -24,  -15,  -24,  -24,  -18,  -15,    0,  -24,  -24,  -24,  -21,  -21,   -3,   -3,   -3,  -15,    0,    0,  -15,  -15,  -24,  -24,  -24,    0,    0,    0,   -9,  -15,  -15,  -24,  -42,   -3,  -24,  -24,  -24,   -3,   -3,  -24,  -15,    0,  -15,    0,    0,    0,    0,    0,  -36,  -12,    0,
       0,    0,    0,    0,    0,    0,    0,    0,  -36,    0,    0,    0,    0,    0,    0,    0,    0,    0,    0,    0,  -18,    0,    0,  -24,    0,    0,  -24,    0,  -15,  -15,  -12,   -6,    0,  -12,    0,    0,    0,   -9,   -6,  -12,  -12,    0,    0,    0,    0,    0,    0,    0,  -12,   -6,    0,    0,  -24,  -27,  -54,  -42,    0,  -54,    0,  -12,  -36,    0,    0,  -36,    0,    0,    0,    0,    0,  -15,  -12,   -9,   -9,   -9,   -9,   -9,  -12,  -12,  -12,    0,   18,   18,  -12,    0,  -12,  -12,  -27,  -54,    0,   -9,   -9,  -12,    0,    0,    0,   18,    0,    0,    0,    0,    0,    0,    0,    0,    0,  -15,  -15,   -6,  -42,    0,    0,  -12,    0,    0,   -9,   -9,  -12,    0,    0,  -12,    0,  -12,  -54,  -18,  -12,    0,  -18,  -12,    0,  -12,    0,
       0,  -90,    0,    0,    0,  -60,    0,    0,    0,    0,    0,    0,    0,    0,    0,    0,    0,    0,    0,    0,  -30,    0,    0,   -9,   -6,  -21,   -9,   -6,  -72,  -30,  -60,  -54,    0,  -66,  -12,  -54,    0,    0,   -9,    0,    0,    0,    0,  -12,    0,    0,    0,    0,    0,   -3,    0,    0,  -18,  -12,  -39,  -30,    0,  -39,    0,    0,    0,    0,    0,  -12,    0,    0,    0,    0,    0,  -30,  -72,    0,    0,    0,    0,    0,    0,    0,    0,    0,    0,    0,    0,    0,    0,    0,  -12,  -39,  -24,    0,    0,    0,    0,    0,    0,    0,    0,    0,    0,  -12,    0,    0,    0,    0,    0,  -72,  -93,  -60,  -30,    0,    0,    0,    0,    0,    0,    0,    0,    0,    0,    0,    0,  -66,  -39,  -96,  -90,    0,  -96,  -90,    0,    0,    0,
       0,  -12,    0,    0,    0,    0,    0,    0,    0,    0,    0,    0,    0,    0,    0,    0,    0,    0,    0,    0,  -18,    0,    0,  -12,    0,    0,  -18,    0,  -30,  -16,  -36,  -30,    0,  -18,   -3,    0,    0,  -33,  -12,  -24,  -24,  -15,   -9,  -15,   -6,  -18,  -15,  -15,  -24,  -15,  -15,  -27,  -54,  -60,  -90,  -57,    0,  -90,   -6,    0,    0,    0,    0,    0,    0,    0,    0,    0,    0,  -19,  -18,  -33,  -33,  -33,  -33,  -33,  -24,  -24,  -24,   -6,   -6,   -6,  -24,  -15,  -24,  -24,  -51,  -90,  -21,  -33,  -33,  -24,   -9,   -9,   -6,   -6,   -6,  -15,  -18,  -15,  -15,  -15,  -27,  -27,  -27,  -30,  -30,  -30,  -57,   -6,   -6,  -24,    0,   -6,  -33,  -33,  -24,   -6,   -6,  -24,  -15,  -18,  -90,  -24,    0,    0,  -24,    0,    0,    0,    0,
       0,    0,    0,  -12,    0,    0,    0,  -12,    0,  -12,  -13,    0,    0,    0,    0,    0,    0,    0,    0,    0,  -12,  -19,  -30,   -6,  -24,   -9,   -6,    0,    0,    0,    0,    0,    0,    0,   -3,    0,    0,  -30,    0,  -30,  -30,  -24,  -27,   -6,  -18,   -6,  -15,  -15,  -30,  -15,  -15,  -21,  -12,  -24,  -33,  -30,  -21,  -33,  -18,    0,    0,    0,    0,    0,    0,    0,  -30,  -24,    0,    0,    0,  -30,  -30,  -30,  -30,  -30,  -30,  -30,  -30,  -18,  -20,  -12,  -30,  -15,  -30,  -30,  -24,  -33,   -6,  -30,  -30,  -30,  -27,  -27,  -18,  -18,  -18,  -15,   -6,   -6,  -15,  -15,  -21,  -21,  -21,    0,    0,    0,  -30,  -18,  -18,  -30,  -30,  -18,  -30,  -30,  -30,  -18,  -18,  -30,  -15,    0,  -33,    0,    0,    0,    0,    0,  -12,    0,    0,
       0,  -12,    0,    0,   54,    0,    0,  -18,    0,  -42,   -6,    0,    0,    0,    0,    0,    0,    0,    0,    0,  -12,    0,  -48,    0,  -16,  -24,    0,    0,  -30,    0,  -18,  -12,  -16,  -30,   -9,  -24,   36,    0,    0,    0,    0,    0,    0,   -6,    0,    0,    0,    0,    0,    0,    0,    0,    0,    0,   -6,    0,    0,   -6,    0,    0,    0,    0,    0,    0,    0,    0,  -48,  -54,    0,    0,  -30,    0,    0,    0,    0,    0,    0,    0,    0,    0,    0,    0,    0,    0,    0,    0,    0,   -6,   -6,    0,    0,    0,    0,    0,    0,    0,    0,    0,    0,   -6,    0,    0,    0,    0,    0,  -12,  -30,  -12,    0,    0,    0,    0,  -18,    0,    0,    0,    0,    0,    0,    0,    0,  -30,   -6,   -6,  -24,   27,   -6,  -24,  -18,    0,    0,
       0,    0,    0,    0,    0,    0,    0,  -42,    0,  -42,  -19,    0,    0,    0,    0,    0,    0,    0,    0,    0,    0,    0,  -36,    0,  -54,    0,    0,    0,    0,    0,    0,    0,    0,   -3,    0,    0,    0,    0,    0,    0,    0,    0,    0,    0,    0,    0,    0,    0,    0,    0,    0,    0,    0,    0,    0,    0,    0,    0,    0,    0,    0,    0,    0,    0,    0,    0,  -36,  -84,    0,    0,   -3,    0,    0,    0,    0,    0,    0,    0,    0,    0,    0,    0,    0,    0,    0,    0,    0,    0,    0,    0,    0,    0,    0,    0,    0,    0,    0,    0,    0,    0,    0,    0,    0,    0,    0,    0,    0,    0,    0,    0,    0,    0,  -36,    0,    0,    0,    0,    0,    0,    0,    0,   -3,    0,    0,    0,    0,    0,    0,  -42,    0,    0,
       0,  -12,    0,    0,  108,    0,    0,    9,    0,    9,   72,    0,    0,    0,    0,    0,    0,    0,    0,    0,  -12,    0,  -48,    0,  -16,  -24,    0,    0,  -30,    0,  -18,  -12,  -16,  -30,   -9,  -24,   36,    0,    0,    0,    0,    0,    0,   -6,    0,    0,    0,    0,    0,    0,    0,    0,    0,    0,   -6,    0,    0,   -6,    0,    0,    0,    0,    0,    0,    0,    0,  -48,  -54,    0,    0,  -30,    0,    0,    0,    0,    0,    0,    0,    0,    0,    0,    0,    0,    0,    0,    0,    0,   -6,    6,    0,    0,    0,    0,    0,    0,    0,    0,    0,    0,   -6,    0,    0,    0,    0,    0,  -12,  -30,  -12,    0,    0,    0,    0,  -18,    0,    0,    0,    0,    0,    0,    0,    0,  -30,   -6,   -6,  -24,   27,   -6,  -24,    9,    0,    0,
       0,  -24,    0,    0,    0,  -37,    0,    0,  -30,    0,    0,    0,    0,    0,    0,    0,    0,    0,    0,    0,  -18,    0,    0,  -21,    0,    0,  -21,   -6,  -48,  -36,  -54,  -42,    0,  -57,    0,  -54,    0,   -9,  -24,  -18,  -18,    0,    0,   -6,    0,  -18,   -6,   -6,  -18,  -21,   -6,   -6,  -30,  -27,  -45,  -36,    0,  -45,   -2,  -12,  -30,    0,    0,  -36,    0,    0,    0,    0,    0,  -36,  -57,   -9,   -9,   -9,   -9,   -9,  -18,  -18,  -18,    0,    0,    0,  -18,   -6,  -18,  -18,  -27,  -45,   -6,   -9,   -9,  -18,    0,    0,    0,    0,    0,   -6,  -18,   -6,   -6,   -6,   -6,   -6,   -6,  -48,  -48,  -42,  -36,   -2,   -2,  -18,    0,    0,   -9,   -9,  -18,    0,    0,  -18,   -6,  -57,  -45,  -36,  -36,    0,  -36,  -36,    0,  -12,    0,
       0,    0,    0,    0,    0,    0,    0,    0,    0,    0,    0,    0,    0,    0,    0,    0,    0,    0,    0,    0,    0,    0,  -12,    0,   -3,  -12,    0,    0,  -12,    0,   -6,    0,    0,   -9,    0,    0,    0,   -6,   -3,    0,    0,   -6,    0,    0,    0,    0,    0,    0,    0,    0,    0,    0,   -6,   -6,  -12,   -6,   -3,  -12,    0,    0,    0,    0,    0,    0,    0,    0,  -12,  -12,    0,    0,   -9,   -6,   -6,   -6,   -6,   -6,    0,    0,    0,    0,    0,    0,    0,    0,    0,    0,   -6,  -12,    0,   -6,   -6,    0,    0,    0,    0,    0,    0,    0,    0,    0,    0,    0,    0,    0,    0,  -12,  -12,    0,   -6,    0,    0,    0,  -12,    0,   -6,   -6,    0,    0,    0,    0,    0,   -9,  -12,    0,    0,    0,    0,    0,    0,    0,    0,
       0,    0,    0,  -30,    0,    0,    0,  -60,  -42,  -60,  -48,    0,    0,    0,    0,    0,    0,    0,  -12,    0,    0,  -36,  -60,   -6,  -60,  -21,   -6,  -12,    0,    0,    0,    0,    0,    0,   -6,    0,    0,  -42,    0,  -42,  -42,  -12,  -42,   -6,   -6,    0,  -15,  -15,  -42,  -15,  -15,  -30,  -12,  -12,   -6,    0,    0,   -6,  -12,  -30,  -42,    0,    0,  -24,    0,    0,  -60,  -60,    0,    0,    0,  -42,  -42,  -42,  -69,  -42,  -42,  -42,  -42,   -6,    6,   12,  -42,  -15,  -42,  -42,  -12,   -6,   -6,  -42,  -42,  -42,  -42,  -42,   -6,   -6,   -6,  -15,    6,   -6,  -15,  -15,  -30,  -30,  -30,    0,    0,    0,    0,  -12,  -12,  -42,  -60,   -6,  -42,  -42,  -42,   -6,   -6,  -42,  -15,    0,   -6,    0,    0,    0,    0,    0,  -60,  -30,    0,
       0,    0,    0,  -12,    0,    0,    0,  -24,    0,  -24,  -30,    0,    0,    0,    0,    0,    0,    0,    0,    0,    0,  -18,  -45,    0,  -36,  -18,    0,   -6,    0,    0,    0,    0,    0,    0,   -6,    0,    0,  -24,    0,  -24,  -24,  -24,  -21,    0,   -6,   -6,  -12,  -12,  -24,  -12,  -12,  -24,  -24,  -18,  -30,  -24,  -18,  -30,  -18,    0,    0,    0,    0,    0,    0,    0,  -45,  -45,    0,    0,    0,  -24,  -24,  -24,  -24,  -24,  -24,  -24,  -24,   -6,   -6,   -6,  -24,  -12,  -24,  -24,  -18,  -30,    0,  -24,  -24,  -24,  -21,  -21,   -6,   -6,   -6,  -12,   -6,    0,  -12,  -12,  -24,  -24,  -24,    0,    0,    0,  -24,  -18,  -18,  -24,  -45,   -6,  -24,  -24,  -24,   -6,   -6,  -24,  -12,    0,  -30,    0,    0,    0,    0,    0,  -24,    0,    0,
       0,    0,    0,  -30,    0,    0,    0,  -60,  -30,  -60,  -54,    0,    0,    0,    0,    0,    0,    0,  -18,    0,    0,  -54,  -75,  -18,  -66,  -28,  -18,  -18,    0,    0,    0,    0,    0,    0,   -6,    0,    0,  -96,    0,  -60,  -60,  -36,  -48,    0,   -9,   -6,  -48,  -48,  -60,  -48,  -48,  -57,  -30,  -48,  -33,  -33,  -36,  -33,  -42,  -30,  -30,    0,    0,  -27,  -18,    0,  -75, -128,    0,    0,    0,  -96,  -84,  -90,  -84,  -96,  -60,  -60,  -81,   -9,   22,   15,  -60,  -48,  -60,  -90,  -48,  -33,    0,  -96,  -80, -102,  -48,  -85,    9,   33,    3,  -48,    0,    0,  -48,  -48,  -57,  -57,  -83,    0,    0,    0,  -33,  -42,  -72,  -60,  -75,  -12,  -96,  -96,  -96,    0,   -3, -105,  -84,    0,  -33,    0,    0,    0,    0,    0,  -60,  -30,  -18,
       0,    0,    0,  -24,    0,    0,    0,  -48,  -24,  -48,  -42,    0,    0,    0,    0,    0,    0,    0,   -6,    0,    0,  -42,  -66,  -12,  -60,  -21,  -12,  -12,    0,    0,    0,    0,    0,    0,    0,    0,    0,  -42,    0,  -54,  -54,  -30,  -48,    0,  -12,    0,  -30,  -30,  -54,  -30,  -30,  -43,  -24,  -24,  -24,  -18,  -18,  -24,  -30,  -24,  -24,    0,    0,  -12,   -6,    0,  -66,  -66,    0,    0,    0,  -42,  -66,  -54,  -42,  -42,  -54,  -96,  -78,  -21,  -18,   12,  -54,  -30,  -54,  -90,  -24,  -24,    0,  -42,  -60,  -54,  -48,  -48,    6,    3,   -3,  -30,    6,    0,  -30,  -30,  -43,  -43,  -43,    0,    0,    0,  -18,  -30,  -30,  -54,  -66,  -18,  -42,  -42,  -54,  -12,   -9,  -54,  -30,    0,  -24,    0,    0,    0,    0,    0,  -48,  -24,   -6,
       0,    0,    0,    0,    0,    0,    0,    0,  -30,    0,    0,    0,    0,    0,    0,    0,    0,    0,    0,    0,    0,    0,    0,  -16,    0,    0,  -16,    0,   -9,    0,    0,    0,    0,    0,    0,    0,    0,    0,    0,   -6,   -6,    0,    0,    0,    0,    0,    0,    0,   -6,    0,    0,    0,  -18,  -18,  -42,  -33,    0,  -42,    0,  -12,  -30,    0,    0,  -24,    0,    0,    0,    0,    0,    0,    0,    0,    0,    0,    0,    0,   -6,   -6,   -6,    0,    0,    0,   -6,    0,   -6,   -6,  -18,  -42,    0,    0,    0,   -6,    0,    0,    0,    0,    0,    0,    0,    0,    0,    0,    0,    0,    0,   -9,   -9,    0,  -33,    0,    0,   -6,    0,    0,    0,    0,   -6,    0,    0,   -6,    0,    0,  -42,    0,    0,    0,    0,    0,    0,  -12,    0,
       0,    0,    0,  -30,    0,    0,    0,  -60,  -48,  -60,  -60,    0,    0,    0,    0,    0,    0,    0,  -24,    0,    0,  -54,  -66,  -30,  -66,  -18,  -30,  -24,    0,    0,    0,    0,    0,    0,    0,    0,    0,  -60,    0,  -57,  -57,  -36,  -60,    0,  -12,   -6,  -42,  -42,  -57,  -42,  -42,  -48,  -24,  -48,  -42,  -30,  -36,  -42,  -48,  -42,  -48,    0,    0,  -36,  -18,    0,  -66,  -66,    0,    0,    0,  -60,  -90,  -90,  -84,  -60,  -57, -108,  -89,  -12,    0,   18,  -57,  -42, -102,  -96,  -48,  -42,    0,  -90,  -96,  -57,  -60,  -60,    6,    0,   -6,  -42,   12,    0,  -42,  -42,  -48,  -78,  -84,    0,    0,    0,  -30,  -48,  -48,  -57,  -66,  -12,  -60,  -93,  -90,   30,   -6,  -57,  -42,    0,  -42,    0,    0,    0,    0,    0,  -60,  -42,  -18,
       0,    0,    0,    0,    0,    0,    0,    0,    0,    0,    0,    0,    0,    0,    0,    0,    0,    0,    0,    0,    0,    0,    0,    0,   -6,   -6,    0,   -6,  -12,   -4,    0,    0,    0,    0,    0,    0,    0,    0,    0,    0,    0,    0,    0,    0,    0,    0,    0,    0,    0,    0,    0,    0,  -12,   -6,  -24,  -24,    0,  -24,    0,    0,    0,    0,    0,    0,    0,    0,    0,    0,    0,   -4,    0,    0,    0,    0,    0,    0,    0,    0,    0,    0,    0,    0,    0,    0,    0,    0,   -6,  -24,    0,    0,    0,    0,    0,    0,    0,    0,    0,    0,    0,    0,    0,    0,    0,    0,    0,  -12,  -12,    0,  -24,    0,    0,    0,    0,    0,    0,    0,    0,    0,    0,    0,    0,    0,  -24,    0,    0,    0,    0,    0,    0,    0,    0,
       0,    0,    0,    0,    0,    0,    0,    0,    0,    0,    0,    0,    0,    0,    0,    0,    0,    0,    0,    0,    0,    0,    0,    0,    0,    0,    0,    0,    0,    0,    0,    0,    0,    0,    0,    0,    0,    0,    0,    0,    0,    0,    9,    0,    0,    0,    0,    0,    0,    0,    0,    0,    0,    0,   12,    0,    0,   12,    0,    0,    0,    0,    0,    0,    0,    0,    0,    0,    0,    0,    0,    0,    0,    0,    0,    0,    0,    0,    0,    0,    0,    0,    0,    0,    0,    0,    0,   12,    0,    0,    0,    0,    9,    9,    0,    0,    0,    0,    0,    0,    0,    0,    0,    0,    0,    0,    0,    0,    0,    0,    0,    0,    0,    0,    0,    0,    0,    0,    0,    0,    0,    0,   12,    0,    0,    0,    0,    0,    0,    0,    0,
       0,    0,    0,    0,    0,    0,    0,    0,    0,    0,    0,    0,    0,    0,    0,    0,    0,  -24,    0,    0,    0,    0,    0,  -18,    0,    0,  -18,    0,  -54,  -36,  -54,  -42,    0,  -54,    0, -120,    0,    0,    0,    0,    0,    0,    0,    0,    0,    0,    0,    0,    0,    0,    0,    0,    0,  -18,  -24,  -13,    0,  -24,    0,    0,    0,    0,    0,    0,    0,    0,    0,    0,    0,  -36,  -54,    0,    0,    0,    0,    0,    0,    0,    0,    0,    0,    0,    0,    0,    0,    0,  -18,  -24,    0,    0,    0,    0,    0,    0,    0,    0,    0,    0,    0,    0,    0,    0,    0,    0,    0,  -54,  -54,  -42,  -13,    0,    0,    0,    0,    0,    0,    0,    0,    0,    0,    0,    0,  -54,  -24,    0,    0,    0,    0,    0,    0,    0,    0,
       0,  -24,    0,    0,    0,  -42,    0,    0,    0,    0,    0,    0,    0,    0,    0,    0,    0,    0,    0,    0,  -18,    0,    0,    0,    0,    0,    0,    0,  -44,    0,    0,    0,    0,    0,    0,  -48,    0,    0,  -18,   -4,   -7,    0,    0,    0,    0,   -9,   -6,   -6,   -4,  -12,   -6,  -12,  -18,  -15,  -45,  -38,    0,  -54,    0,    0,    0,    0,    0,    0,    0,    0,    0,    0,    0,    0,    0,    0,    0,    0,    0,    0,   -4,   -4,   -4,    0,    0,    0,   -4,   -6,   -4,   -4,  -15,  -54,    0,    0,    0,   -4,    0,    0,    0,    0,    0,   -6,   -9,    0,   -6,   -6,  -12,  -12,  -12,  -44,  -44,    0,  -43,    0,    0,   -4,    0,    0,    0,    0,   -4,    0,    0,   -4,   -6,    0,  -54,  -45,  -24,    0,  -45,  -24,    0,    0,    0,
       0,  -18,    0,    0,    0,  -24,    0,   -6,    0,   -6,    0,    0,    0,    0,    0,    0,    0,    0,    0,    0,  -15,    0,    0,    0,    0,    0,    0,    0,  -30,    0,    0,    0,    0,    0,    0,  -37,    0,    0,  -18,    0,    0,    0,    0,   -9,    0,    0,   -6,   -6,    0,  -12,   -6,   -9,   -9,   -3,  -21,   -6,   -9,  -21,   -3,    0,    0,    0,    0,    0,    0,    0,    0,    0,    0,    0,    0,    0,    0,    0,    0,    0,    0,    0,    0,    0,    0,    0,    0,   -6,    0,    0,   -3,  -21,   -9,    0,    0,    0,    0,    0,    0,    0,    0,   -6,    0,   -9,   -6,   -6,   -9,   -9,   -9,  -30,  -30,    0,   -6,   -3,   -3,    0,    0,    0,    0,    0,    0,    0,    0,    0,   -6,    0,  -12,  -24,  -18,    0,  -24,  -18,   -6,    0,    0,
       0,    0,    0,    0,    0,    0,    0,    0,    0,    0,    0,    0,    0,    0,    0,    0,    0,    0,    0,    0,    0,    0,    0,    0,    0,    0,    0,    0,    0,    0,    0,    0,    0,    0,    0,  -24,    0,    0,    0,   -3,   -3,    0,    0,   -4,    0,    0,    0,    0,   -3,    0,    0,    0,    0,    0,    0,    0,    0,    0,    0,    0,    0,    0,    0,    0,    0,    0,    0,    0,    0,    0,    0,    0,    0,    0,    0,    0,   -3,   -3,   -3,    0,    0,    0,   -3,    0,   -3,   -3,    0,    0,   -4,    0,    0,   -3,    0,    0,    0,    0,    0,    0,    0,   -4,    0,    0,    0,    0,    0,    0,    0,    0,    0,    0,    0,   -3,    0,    0,    0,    0,   -3,    0,    0,   -3,    0,    0,    0,    0,   -6,    0,    0,   -6,    0,    0,    0,
       0,    0,    0,    0,    0,    0,    0,    0,    0,    0,    0,    0,    0,    0,    0,    0,    0,    0,    0,    0,  -12,    0,    0,    0,    0,    0,    0,    0,    0,    0,    0,    0,    0,    0,    0,    0,    0,    0,    0,   -6,   -6,    0,    0,    0,    0,  -18,   -3,   -3,   -6,   -6,   -3,    0,   -6,   -9,  -20,   -9,    0,  -20,    0,    0,    0,    0,    0,    0,    0,    0,    0,    0,    0,    0,    0,    0,    0,    0,    0,    0,   -6,   -6,   -6,    0,    0,    0,   -6,   -3,   -6,   -6,   -9,  -20,    0,    0,    0,   -6,    0,    0,    0,    0,    0,   -3,  -18,    0,   -3,   -3,    0,    0,    0,    0,    0,    0,   -9,    0,    0,   -6,    0,    0,    0,    0,   -6,    0,    0,   -6,   -3,    0,  -20,    0,  -28,    0,    0,  -28,    0,    0,    0,
       0,  -18,    0,    0,    0,  -24,    0,   -6,    0,   -6,    0,    0,    0,    0,    0,    0,    0,    0,    0,    0,  -15,    0,    0,    0,    0,    0,    0,    0,  -30,    0,    0,    0,    0,    0,    0,  -37,    0,    0,  -18,    0,    0,    0,    0,   -9,    0,    0,   -6,   -6,    0,  -12,   -6,   -9,   -9,   -3,  -21,   -6,   -1,  -21,   -3,    0,    0,    0,    0,    0,    0,    0,    0,    0,    0,    0,    0,    0,    0,    0,    0,    0,    0,    0,    0,    0,    0,    0,    0,   -6,    0,    0,   -3,  -21,   -9,    0,    0,    0,    0,    0,    0,    0,    0,   -6,    0,   -9,   -6,   -6,   -9,   -9,   -9,  -30,  -30,    0,   -6,   -3,   -3,    0,    0,    0,    0,    0,    0,    0,    0,    0,   -6,    0,  -21,  -24,  -18,    0,  -24,  -18,   -6,    0,    0,
      24,   84,    0,    0,   86,   54,    0,    0,    0,    0,    0,    0,    0,    0,    0,    0,    0,    0,    0,    0,   18,    0,    0,    0,    0,    0,    0,    0,    0,    0,    0,    0,    0,    0,    0,   54,   36,  -12,    0,  -12,  -12,    0,    0,    0,    0,    0,    0,    0,  -12,    0,    0,  -12,    0,    0,    0,    0,    0,    0,    0,  -12,    0,    0,    0,    0,    0,    0,    0,    0,    0,    0,    0,  -12,  -12,  -12,    8,  -12,  -12,  -12,  -12,    0,    0,    0,  -12,    0,  -12,   -7,    0,    0,    0,  -12,  -12,  -12,    0,    0,    0,    0,    0,    0,    0,    0,    0,    0,  -12,  -12,  -12,    0,    0,    0,    0,    0,    0,  -12,    0,    0,  -12,  -12,  -12,    0,    0,  -12,    0,    0,    0,   54,   84,    0,   72,   84,    0,  -12,    0,
       0,    0,    0,    0,    0,    0,    0,    0,    0,    0,    0,    0,    0,    0,    0,    0,    0,    0,    0,    0,    0,    0,    0,    0,    0,    0,    0,    0,    0,    0,    0,    0,    0,    0,    0,  -18,    0,   -6,   -9,  -12,  -12,    0,    0,   -6,    0,    0,    0,    0,  -12,    0,    0,  -11,    0,    0,    0,    0,    0,    0,    0,    0,    0,    0,    0,    0,    0,    0,    0,    0,    0,    0,    0,   -6,   -6,   -6,   -6,   -6,  -12,  -12,  -12,    0,    0,    0,  -12,    0,  -12,  -12,    0,    0,   -6,   -6,   -6,  -12,    0,    0,    0,    0,    0,    0,    0,   -6,    0,    0,  -11,  -11,  -11,    0,    0,    0,    0,    0,    0,  -12,    0,    0,   -6,   -6,  -12,    0,    0,  -12,    0,    0,    0,    0,    0,    0,    0,    0,    0,    0,    0,
       0,  -24,    0,    0,    0,  -42,    0,    0,    0,    0,    0,    0,    0,    0,    0,    0,    0,    0,    0,    0,  -18,    0,    0,    0,    0,    0,    0,    0,  -44,    0,    0,    0,    0,    0,    0,  -48,    0,    0,  -18,   -4,   -4,    0,    0,    0,    0,   -9,   -6,   -6,   -4,  -12,   -6,   -6,  -18,  -15,  -45,  -38,    0,  -54,    0,    0,    0,    0,    0,    0,    0,    0,    0,    0,    0,    0,    0,    0,    0,    0,    0,    0,   -4,   -4,   -4,    0,    0,    0,   -4,   -6,   -4,   -4,  -15,  -54,    0,    0,    0,   -4,    0,    0,    0,    0,    0,   -6,   -9,    0,   -6,   -6,   -6,   -6,   -6,  -44,  -44,    0,  -43,    0,    0,   -4,    0,    0,    0,    0,   -4,    0,    0,   -4,   -6,    0,  -21,  -45,  -24,    0,  -45,  -24,    0,    0,    0,
       0,  -18,    0,    0,    0,  -24,    0,    0,    0,    0,    0,    0,    0,    0,    0,    0,    0,    0,    0,    0,  -12,    0,    0,    0,    0,    0,    0,    0,  -36,  -18,  -24,  -24,    0,  -36,    0,  -24,    0,    0,  -12,    0,    0,    0,    0,    0,    0,    0,    0,    0,    0,    0,    0,    0,  -17,    0,  -18,  -13,    0,  -18,    0,    0,    0,    0,    0,    0,    0,    0,    0,    0,    0,  -18,  -36,    0,    0,    0,    0,    0,    0,    0,    0,    0,    0,    0,    0,    0,    0,    0,    0,  -18,    0,    0,    0,    0,    0,    0,    0,    0,    0,    0,    0,    0,    0,    0,    0,    0,    0,  -36,  -36,  -24,  -13,    0,    0,    0,    0,    0,    0,    0,    0,    0,    0,    0,    0,  -36,  -18,  -30,  -30,    0,  -42,  -30,    0,    0,    0,
       0,    0,    0,    0,    0,    0,    0,    0,    0,    0,    0,    0,    0,    0,    0,    0,    0,    0,    0,    0,  -12,    0,    0,    0,    0,    0,    0,    0,    0,    0,    0,    0,    0,    0,    0,    0,    0,   -9,   -3,    0,    0,    0,    0,  -12,    0,    0,    0,    0,    0,    0,    0,    0,  -12,   -6,  -12,   -6,    0,  -12,    0,    0,    0,    0,    0,    0,    0,    0,    0,    0,    0,    0,    0,   -9,   -9,   -9,   -9,   -9,    0,    0,    0,    0,    0,    0,    0,    0,    0,    0,   -6,  -12,  -12,   -9,   -9,    0,    0,    0,    0,    0,    0,    0,    0,  -12,    0,    0,    0,    0,    0,    0,    0,    0,   -6,    0,    0,    0,    0,    0,   -9,   -9,    0,    0,    0,    0,    0,    0,  -12,    0,  -12,    0,    0,  -12,    0,    0,    0,
       0,   -6,    0,    0,    0,   -6,    0,    0,  -12,    0,    0,    0,    0,    0,    0,    0,    0,    0,    0,    0,    0,    0,    0,    0,    0,    0,    0,    0,    0,    0,    0,    0,    0,    0,    0,  -18,    0,    0,    0,   -6,   -6,    0,    0,    0,    0,    0,   -3,   -3,   -6,   -3,   -3,    0,   -3,   -6,   -3,   -9,    0,   -3,    0,  -12,  -12,    0,    0,    0,    0,    0,    0,    0,    0,    0,    0,    0,    0,    0,    0,    0,   -6,   -6,   -6,    0,    0,    0,   -6,   -3,   -6,   -6,   -6,   -3,    0,    0,    0,   -6,    0,    0,    0,    0,    0,   -3,    0,    0,   -3,   -3,    0,    0,    0,    0,    0,    0,   -9,    0,    0,   -6,    0,    0,    0,    0,   -6,    0,    0,   -6,   -3,    0,   -3,  -18,  -49,    0,  -18,  -49,    0,  -12,    0,
       0,  -18,    0,    0,    0,  -24,    0,   -6,    0,   -6,    0,    0,    0,    0,    0,    0,    0,    0,    0,    0,  -15,    0,    0,    0,    0,    0,    0,    0,  -30,    0,    0,    0,    0,    0,    0,  -37,    0,    0,  -18,    0,    0,    0,    0,   -9,    0,    0,   -6,   -6,    0,  -12,   -6,   -9,   -9,   -3,  -21,   -6,  -12,  -21,   -3,    0,    0,    0,    0,    0,    0,    0,    0,    0,    0,    0,    0,    0,    0,    0,    0,    0,    0,    0,    0,    0,    0,    0,    0,   -6,    0,    0,   -3,  -21,   -9,    0,    0,    0,    0,    0,    0,    0,    0,   -6,    0,   -9,   -6,   -6,   -9,   -9,   -9,  -30,  -30,    0,   -6,   -3,   -3,    0,    0,    0,    0,    0,    0,    0,    0,    0,   -6,    0,  -12,  -24,  -18,    0,  -24,  -18,   -6,    0,    0,
       0,  -48,    0,    0,    0,  -13,    0,    0,    0,    0,    0,    0,    0,    0,    0,    0,    0,    0,    0,    0,   -7,    0,    0,    0,    0,    0,    0,    0,    0,    0,    0,    0,    0,    0,    0,  -25,    0,  -12,  -18,  -12,  -12,    0,    0,   -8,    0,    0,    0,    0,  -12,    0,    0,  -12,  -18,  -18,  -24,  -15,    0,  -24,    0,    0,    0,    0,    0,    0,    0,    0,    0,    0,    0,    0,    0,  -12,  -12,  -12,  -12,  -12,  -12,  -12,  -12,    0,    0,    0,  -12,    0,  -12,  -12,  -18,  -24,   -8,  -12,  -12,  -12,    0,    0,    0,    0,    0,    0,    0,   -8,    0,    0,  -12,  -12,  -12,    0,    0,    0,  -15,    0,    0,  -12,    0,    0,  -12,  -12,  -12,    0,    0,  -12,    0,    0,  -24,    0,  -24,    0,    0,  -24,    0,    0,    0,
       0,    0,    0,    0,    0,    0,    0,  -30,    0,  -30,  -18,    0,    0,    0,    0,    0,    0,    0,    0,    0,    0,   -7,    0,    0,    0,    0,    0,    0,    0,    0,    0,    0,    0,    0,    0,  -24,    0,    0,  -12,   -6,   -6,    0,    0,  -12,    0,    0,    0,    0,   -6,    0,    0,    0,    0,    0,    0,    0,    0,    0,    0,    0,    0,    0,    0,    0,    0,    0,    0,    0,    0,    0,    0,    0,    0,    0,    0,    0,   -6,   -6,   -6,    0,    0,    0,   -6,    0,   -6,   -6,    0,    0,  -12,    0,    0,   -6,    0,    0,    0,    0,    0,    0,    0,  -12,    0,    0,    0,    0,    0,    0,    0,    0,    0,    0,    0,   -6,    0,    0,    0,    0,   -6,    0,    0,   -6,    0,    0,    0,    0,    0,    0,    0,    0,  -30,    0,    0,
       0,    0,    0,    0,    0,    0,    0,    0,    0,    0,    0,    0,    0,    0,    0,    0,    0,    0,    0,    0,    0,    0,    0,    0,    0,    0,    0,    0,    0,    0,    0,    0,    0,    0,    0,  -18,    0,    0,  -12,    0,    0,    0,    0,    0,    0,    0,    0,    0,    0,    0,    0,    0,   -6,   -3,   -6,    0,    0,   -6,   -3,    0,    0,    0,    0,    0,    0,    0,    0,    0,    0,    0,    0,    0,    0,    0,    0,    0,    0,    0,    0,    0,    0,    0,    0,    0,    0,    0,   -3,   -6,    0,    0,    0,    0,    0,    0,    0,    0,    0,    0,    0,    0,    0,    0,    0,    0,    0,    0,    0,    0,    0,   -3,   -3,    0,    0,    0,    0,    0,    0,    0,    0,    0,    0,    0,   -6,  -12,   -6,    0,  -12,   -6,    0,    0,    0,
       0,    0,    0,    0,    0,    0,    0,    0,    0,    0,    0,    0,    0,    0,    0,    0,    0,    0,    0,    0,  -12,    0,    0,    0,    0,    0,    0,    0,    0,    0,    0,    0,    0,    0,    0,    0,    0,   -6,    0,   -3,   -3,    0,    0,    0,    0,    0,  -13,  -13,   -3,  -13,  -13,  -13,    0,   -6,   -3,  -13,   -7,   -3,   -1,  -18,    0,    0,    0,    0,   12,    0,    0,    0,    0,    0,    0,   -6,   -6,   -6,   -6,   -6,   -3,   -3,   -3,    0,    0,    0,   -3,  -13,   -3,   -3,   -6,   -3,    0,   -6,   -6,   -3,    0,    0,    0,    0,    0,  -13,    0,    0,  -13,  -13,  -13,  -13,  -13,    0,    0,    0,  -13,   -1,   -1,   -3,    0,    0,   -6,   -6,   -3,    0,    0,   -3,  -13,    0,   -3,    0,   -6,    0,    0,   -6,    0,  -18,   12,
       0,    0,    0,  -18,    0,    0,    0,  -54,  -12,  -54,  -24,    0,    0,    0,    0,    0,    0,    0,    0,    0,    0,  -21,    0,    0,    0,    0,    0,    0,    0,    0,    0,    0,    0,    0,    0,  -12,    0,   -9,  -12,  -15,  -27,    0,  -12,  -18,    0,    0,    0,    0,  -15,    0,    0,  -15,    0,    0,    0,    0,    0,    0,    0,  -12,  -12,    0,    0,    0,    0,    0,    0,    0,    0,    0,    0,   -9,   -9,   -9,   -9,   -9,  -15,  -15,  -15,    0,    0,    0,  -15,    0,  -15,  -15,    0,    0,  -18,   -9,   -9,  -15,  -12,  -12,    0,    0,    0,    0,    0,  -18,    0,    0,  -15,  -15,  -15,    0,    0,    0,    0,    0,    0,  -15,    0,    0,   -9,   -9,  -15,    0,    0,  -15,    0,    0,    0,    0,    0,    0,    0,    0,  -54,  -12,    0,
       0,    0,    0,  -12,    0,    0,    0,  -48,   -6,  -48,  -12,    0,    0,    0,    0,    0,    0,    0,    0,    0,    0,  -18,    0,    0,    0,    0,    0,    0,    0,    0,    0,    0,    0,    0,    0,  -12,    0,   -6,    0,   -9,   -9,    0,   -6,  -12,    0,    0,    0,    0,   -9,    0,    0,   -3,    0,    0,    0,    0,    0,    0,    0,   -6,   -6,    0,    0,    0,    0,    0,    0,    0,    0,    0,    0,   -6,   -6,   -6,   -6,   -6,   -9,   -9,   -9,    0,    0,    0,   -9,    0,   -9,   -9,    0,    0,  -12,   -6,   -6,   -9,   -6,   -6,    0,    0,    0,    0,    0,  -12,    0,    0,   -3,   -3,   -3,    0,    0,    0,    0,    0,    0,   -9,    0,    0,   -6,   -6,   -9,    0,    0,   -9,    0,    0,    0,    0,    0,    0,    0,    0,  -48,   -6,    0,
       0,    0,    0,    0,    0,    0,    0,    0,    0,    0,    0,    0,    0,    0,    0,    0,    0,    0,    0,    0,    0,    0,    0,    0,    0,    0,    0,    0,    0,    0,    0,    0,    0,    0,    0,  -24,    0,    0,   -6,   -9,   -9,    0,    0,    0,    0,    0,    0,    0,   -9,    0,    0,    0,   -6,    0,    0,    0,    0,    0,    0,  -18,    0,    0,    0,    0,    0,    0,    0,    0,    0,    0,    0,    0,    0,    0,    0,    0,   -9,   -9,   -9,    0,    0,    0,   -9,    0,   -9,   -9,    0,    0,    0,    0,    0,   -9,    0,    0,    0,    0,    0,    0,    0,    0,    0,    0,    0,    0,    0,    0,    0,    0,    0,    0,    0,   -9,    0,    0,    0,    0,   -9,    0,    0,   -9,    0,    0,    0,    0,    0,    0,    0,    0,    0,  -18,    0,
       0,    0,    0,    0,    0,    0,    0,    0,    0,    0,    0,    0,    0,    0,    0,    0,    0,    0,    0,    0,    0,    0,    0,    0,    0,    0,    0,    0,    0,    0,    0,    0,    0,    0,    0,    0,    0,    0,    0,    0,    0,    0,    0,    0,    0,    0,    0,    0,    0,    0,    0,    0,   -3,    0,    0,    0,    0,    0,    0,    0,    0,    0,    0,    0,    0,    0,    0,    0,    0,    0,    0,    0,    0,    0,    0,    0,    0,    0,    0,    0,    0,    0,    0,    0,    0,    0,    0,    0,    0,    0,    0,    0,    0,    0,    0,    0,    0,    0,    0,    4,    0,    0,    0,    0,    0,    0,    0,    0,    0,    0,    0,    0,    0,    0,    0,    0,    0,    0,    0,    0,    0,    0,    0,    0,    0,    0,    0,    0,    0,    0,    0,
       0,    0,    0,    0,    0,    0,    0,    0,    0,    0,    0,    0,    0,    0,    0,    0,    0,    0,    0,    0,    0,    0,    0,   -6,    0,    0,   -6,    0,  -24,  -12,  -27,  -18,    0,  -36,    0,    0,    0,    0,    0,    0,    0,    0,    0,    0,    0,    0,    0,    0,    0,    0,    0,    0,    0,    0,    0,    0,    0,    0,    0,    0,    0,    0,    0,    0,    0,    0,    0,    0,    0,  -12,  -36,    0,    0,    0,    0,    0,    0,    0,    0,    0,    0,    0,    0,    0,    0,    0,    0,    0,    0,    0,    0,    0,    0,    0,    0,    0,    0,    0,    0,    0,    0,    0,    0,    0,    0,  -24,  -24,  -18,    0,    0,    0,    0,    0,    0,    0,    0,    0,    0,    0,    0,    0,  -36,    0,  -12,    0,    0,  -12,    0,    0,    0,    0,
       0,    0,    0,    0,    0,    0,    0,    0,    0,    0,    0,    0,    0,    0,    0,    0,    0,    0,    0,    0,    0,    0,    0,    0,    0,    0,    0,    0,    0,    0,  -18,   -6,    0,  -18,    0,    0,    0,    0,    0,    0,    0,    0,    0,    0,    0,    0,    0,    0,    0,    0,    0,    0,    0,    0,    0,    0,    0,    0,    0,    0,    0,    0,    0,    0,    0,    0,    0,    0,    0,    0,  -18,    0,    0,    0,    0,    0,    0,    0,    0,    0,    0,    0,    0,    0,    0,    0,    0,    0,    0,    0,    0,    0,    0,    0,    0,    0,    0,    0,    0,    0,    0,    0,    0,    0,    0,    0,    0,   -6,    0,    0,    0,    0,    0,    0,    0,    0,    0,    0,    0,    0,    0,  -18,    0,    0,    0,    0,    0,    0,    0,    0,    0,
       0,    0,    0,    0,    0,  -24,    0,  -12,  -12,  -12,    0,    0,    0,    0,    0,    0,    0,    0,    0,    0,    0,    0,    0,    0,    0,    0,    0,    0,    0,    0,    0,    0,    0,    0,    0,  -24,    0,    0,    0,    0,    0,    0,    0,    0,    0,    0,    0,    0,    0,    0,    0,    0,    0,    0,    0,    0,    0,    0,    0,    0,  -12,    0,    0,    0,    0,    0,    0,    0,    0,    0,    0,    0,    0,    0,    0,    0,    0,    0,    0,    0,    0,    0,    0,    0,    0,    0,    0,    0,    0,    0,    0,    0,    0,    0,    0,    0,    0,    0,    0,    0,    0,    0,    0,    0,    0,    0,    0,    0,    0,    0,    0,    0,    0,    0,    0,    0,    0,    0,    0,    0,    0,    0,    0,  -27,  -38,    0,  -27,  -38,  -12,    0,    0,
       0,    0,    0,    0,    0,    0,    0,    0,    0,    0,    0,    0,    0,    0,    0,    0,    0,    0,    0,    0,    0,    0,  -24,    0,  -18,    0,    0,    0,  -24,    0,  -27,  -12,  -24,  -36,    0,    0,    0,    0,    0,    0,    0,    0,    0,    0,    0,    0,    0,    0,    0,    0,    0,    0,    0,    0,    0,    0,    0,    0,    0,    0,    0,    0,    0,    0,    0,    0,  -24,  -24,    0,    0,  -36,    0,    0,    0,    0,    0,    0,    0,    0,    0,    0,    0,    0,    0,    0,    0,    0,    0,    0,    0,    0,    0,    0,    0,    0,    0,    0,    0,    0,    0,    0,    0,    0,    0,    0,  -24,  -24,  -12,    0,    0,    0,    0,  -24,    0,    0,    0,    0,    0,    0,    0,    0,  -36,    0,    0,    0,    0,    0,    0,    0,    0,    0,
       0,    0,    0,    0,    0,    0,    0,  -36,    0,  -36,    0,    0,    0,    0,    0,    0,    0,    0,    0,    0,    0,    0,  -15,    0,    0,    0,    0,    0,  -30,    0,  -30,  -18,  -12,  -36,    0,    0,    0,    0,    0,    0,    0,    0,    0,    0,    0,    0,    0,    0,    0,    0,    0,    0,   -6,    0,  -12,   -6,  -18,  -12,    0,    0,    0,    0,    0,    0,    0,    0,  -15,    0,    0,    0,  -36,    0,    0,    0,    0,    0,    0,    0,    0,    0,    0,    0,    0,    0,    0,    0,    0,  -12,    0,    0,    0,    0,    0,    0,    0,    0,    0,    0,    0,    0,    0,    0,    0,    0,    0,  -30,  -30,  -18,   -6,    0,    0,    0,  -15,    0,    0,    0,    0,    0,    0,    0,    0,  -36,  -12,    0,    0,    0,    0,    0,  -36,    0,    0,
       0,    0,    0,    0,    0,    0,    0,    0,    0,    0,    0,    0,    0,    0,    0,    0,    0,    0,    0,    0,    0,    0,    0,  -12,    0,    0,  -12,    0,  -36,  -27,  -48,  -24,    0,  -48,    0,    0,    0,    0,  -12,  -15,  -15,    0,    0,    0,    0,    0,    0,    0,  -15,    0,    0,    0,  -24,  -24,  -36,  -36,    0,  -36,    0,    0,    0,    0,    0,    0,    0,    0,    0,    0,    0,  -27,  -48,    0,    0,    0,    0,    0,  -15,  -15,  -15,    0,    0,    0,  -15,    0,  -15,  -15,  -24,  -36,    0,    0,    0,  -15,    0,    0,    0,    0,    0,    0,    0,    0,    0,    0,    0,    0,    0,  -36,  -36,  -24,  -36,    0,    0,  -15,    0,    0,    0,    0,  -15,    0,    0,  -15,    0,  -48,  -36,    0,  -48,    0,    0,  -48,    0,    0,    0,
       0,  -12,    0,    0,   54,    0,    0,  -18,    0,  -42,   -6,    0,    0,    0,    0,    0,    0,    0,    0,    0,  -12,    0,  -48,    0,  -16,  -24,    0,    0,  -30,    0,  -18,  -12,  -16,  -30,   -9,  -24,   36,    0,    0,    0,    0,    0,    0,   -6,    0,    0,    0,    0,    0,    0,    0,    0,    0,    0,   -6,    0,    0,   -6,    0,    0,    0,    0,    0,    0,    0,    0,  -48,  -48,    0,    0,  -30,    0,    0,    0,    0,    0,    0,    0,    0,    0,    0,    0,    0,    0,    0,    0,    0,   -6,   -6,    0,    0,    0,    0,    0,    0,    0,    0,    0,    0,   -6,    0,    0,    0,    0,    0,  -30,  -30,  -12,    0,    0,    0,    0,  -48,    0,    0,    0,    0,    0,    0,    0,    0,  -30,   -6,   -6,  -24,   27,   -6,  -24,  -18,    0,    0,
       0,    0,    0,    0,    0,    0,    0,    0,    0,    0,    0,  -18,  -36,  -45,  -18,  -24,    0,  -30,    0,    0,    0,    0,    0,    0,    0,    0,    0,    0,    0,    0,    0,    0,    0,    0,    0,    0,    0,    0,    0,    0,    0,    0,    0,    0,    0,    0,    0,    0,    0,    0,    0,    0,    0,    0,    0,    0,    0,    0,    0,    0,    0,    0,    0,    0,    0,    0,    0,    0,    0,    0,    0,    0,    0,    0,    0,    0,    0,    0,    0,    0,    0,    0,    0,    0,    0,    0,    0,    0,    0,    0,    0,    0,    0,    0,    0,    0,    0,    0,    0,    0,    0,    0,    0,    0,    0,    0,    0,    0,    0,    0,    0,    0,    0,    0,    0,    0,    0,    0,    0,    0,    0,    0,    0,    0,    0,    0,    0,    0,    0,    0,    0,
       0,    0,    0,  -12,    0,    0,    0,  -24,    0,  -24,  -30,    0,    0,    0,    0,    0,    0,    0,    0,    0,    0,  -18,  -45,    0,  -36,  -24,    0,   -6,    0,    0,    0,    0,    0,    0,   -6,    0,    0,  -24,    0,  -24,  -24,  -24,  -21,    0,   -6,   -6,  -12,  -12,  -24,  -12,  -12,  -24,  -24,  -18,  -30,  -24,  -18,  -30,  -18,    0,    0,    0,    0,    0,    0,    0,  -45,  -45,    0,    0,    0,  -24,  -24,  -24,  -24,  -24,  -24,  -24,  -24,   -6,   -6,   -6,  -24,  -12,  -24,  -24,  -18,  -30,    0,  -24,  -24,  -24,  -21,  -21,   -6,   -6,   -6,  -12,   -6,    0,  -12,  -12,  -24,  -24,  -24,    0,    0,    0,  -24,  -18,  -18,  -24,  -45,   -6,  -24,  -24,  -24,   -6,   -6,  -24,  -12,    0,  -30,    0,    0,    0,    0,    0,  -24,    0,    0,
       0,    0,    0,  -30,    0,    0,    0,  -60,  -48,  -60,  -60,    0,    0,    0,    0,    0,    0,    0,  -24,    0,    0,  -54,  -66,  -30,  -66,  -18,  -30,  -24,    0,    0,    0,    0,    0,    0,    0,    0,    0,  -60,    0,  -57,  -57,  -36,  -60,    0,  -12,   -6,  -42,  -42,  -57,  -42,  -42,  -48,  -24,  -48,  -42,  -30,  -36,  -42,  -48,  -42,  -48,    0,    0,  -36,  -18,    0,  -66,  -66,    0,    0,    0,  -60,  -90,  -90,  -72,  -60,  -57, -108,  -89,  -12,    6,   24,  -57,  -42, -102,  -96,  -48,  -42,    0,  -90,  -96,  -57,  -60,  -60,    6,   12,   -6,  -42,   12,    0,  -42,  -42,  -48,  -78,  -84,    0,    0,    0,  -30,  -48,  -48,  -57,  -66,  -12,  -60,  -93,  -90,   30,   -6,  -57,  -42,    0,  -42,    0,    0,    0,    0,    0,  -60,  -42,  -18,
       0,    0,    0,    0,    0,    0,    0,    0,    0,    0,    0,    0,    0,    0,    0,    0,    0,    0,    0,    0,    0,    0,  -36,   42,  -24,    0,   42,    0,    0,    0,  -12,    0,    0,  -42,  -12,    0,    0,    0,    0,    0,    0,    0,    0,    0,    0,    0,    0,    0,    0,    0,    0,    0,    0,    0,    0,    0,    3,    0,    3,    0,    0,    0,    0,    0,    0,    0,  -36,  -36,    0,    0,  -48,    0,    0,    0,    0,    0,    0,    0,    0,    0,    0,    0,    0,    0,    0,    0,    0,    0,    0,    0,    0,    0,    0,    0,    0,    0,    0,    0,    0,    0,    0,    0,    0,    0,    0,    0,    0,    0,    0,    3,    3,    0,  -36,    0,    0,    0,    0,    0,    0,    0,    0,  -48,    0,    0,  -24,    0,    0,  -24,    0,    0,    0,
       0,    0,    0,    0,    0,    0,    0,    0,    0,    0,    0,    0,    0,    0,    0,    0,    0,    0,    0,    0,    0,    0,    0,    0,    0,    0,    0,    0,    0,    0,    0,    0,    0,    0,    0,    0,    0,    0,    0,    0,    0,    0,    0,    0,    0,  -12,    0,    0,    0,    0,    0,    0,  -12,   -6,  -36,  -18,   -6,  -36,    0,    0,    0,    0,    0,    0,    0,    0,    0,    0,    0,    0,    0,    0,    0,    0,    0,    0,    0,    0,    0,    0,    0,    0,    0,    0,    0,    0,   -6,  -36,    0,    0,    0,    0,    0,    0,    0,    0,    0,    0,  -12,    0,    0,    0,    0,    0,    0,    0,    0,    0,  -18,    0,    0,    0,    0,    0,    0,    0,    0,    0,    0,    0,    0,    0,  -36,    0,    0,    0,    0,    0,    0,    0,    0,
       0,  -24,    0,    0,    0,  -42,    0,    0,    0,    0,    0,    0,    0,    0,    0,    0,    0,    0,    0,    0,  -18,    0,    0,    0,    0,    0,    0,    0,  -44,    0,    0,    0,    0,    0,    0,  -48,    0,    0,  -18,   -4,   -4,    0,    0,    0,    0,   -9,   -6,   -6,   -4,  -12,   -6,   -6,  -18,  -15,  -48,  -43,    0,  -54,    0,    0,    0,    0,    0,    0,    0,    0,    0,    0,    0,    0,    0,    0,    0,    0,    0,    0,   -4,   -4,   -4,    0,    0,    0,   -4,   -6,   -4,   -4,  -15,  -54,    0,    0,    0,   -4,    0,    0,    0,    0,    0,   -6,   -9,    0,   -6,   -6,   -6,   -6,   -6,  -44,  -44,    0,  -43,    0,    0,   -4,    0,    0,    0,    0,   -4,    0,    0,   -4,   -6,    0,  -54,  -45,  -24,    0,  -45,  -24,    0,    0,    0,
       0,  -24,    0,    0,    0,  -42,    0,    0,    0,    0,    0,    0,    0,    0,    0,    0,    0,    0,    0,    0,  -18,    0,    0,    0,    0,    0,    0,    0,  -44,    0,    0,    0,    0,    0,    0,  -48,    0,    0,  -18,   -4,   -4,    0,    0,    0,    0,   -9,   -6,   -6,   -4,  -12,   -6,   -6,  -18,  -15,  -45,  -43,    0,  -54,    0,    0,    0,    0,    0,    0,    0,    0,    0,    0,    0,    0,    0,    0,    0,    0,    0,    0,   -4,   -4,   -4,    0,    0,    0,   -4,   -6,   -4,   -4,  -15,  -54,    0,    0,    0,   -4,    0,    0,    0,    0,    0,   -6,   -9,    0,   -6,   -6,   -6,   -6,   -6,  -44,  -44,    0,  -43,    0,    0,   -4,    0,    0,    0,    0,   -4,    0,    0,   -4,   -6,    0,  -54,  -45,  -24,    0,  -45,  -24,    0,    0,    0,
       0,  -18,    0,    0,    0,  -24,    0,   -6,    0,   -6,    0,    0,    0,    0,    0,    0,    0,    0,    0,    0,  -15,    0,    0,    0,    0,    0,    0,    0,  -30,    0,    0,    0,    0,    0,    0,  -37,    0,    0,  -18,    0,    0,    0,    0,   -9,    0,    0,   -6,   -6,    0,  -12,   -6,   -9,   -9,   -3,  -21,   -6,   -3,  -21,   -3,    0,    0,    0,    0,    0,    0,    0,    0,    0,    0,    0,    0,    0,    0,    0,    0,    0,    0,    0,    0,    0,    0,    0,    0,   -6,    0,    0,   -3,  -21,   -9,    0,    0,    0,    0,    0,    0,    0,    0,   -6,    0,   -9,   -6,   -6,   -9,   -9,   -9,  -30,  -30,    0,   -6,   -3,   -3,    0,    0,    0,    0,    0,    0,    0,    0,    0,   -6,    0,  -12,  -24,  -18,    0,  -24,  -18,   -6,    0,    0,
       0,  -18,    0,    0,    0,  -24,    0,    0,    0,    0,    0,    0,    0,    0,    0,    0,    0,    0,    0,    0,  -12,    0,    0,    0,    0,    0,    0,    0,  -36,  -18,  -24,  -24,    0,  -36,    0,  -24,    0,    0,  -12,    0,    0,    0,    0,    0,    0,    0,    0,    0,    0,    0,    0,    0,  -17,    0,  -18,  -13,    0,  -18,    0,    0,    0,    0,    0,    0,    0,    0,    0,    0,    0,  -18,  -36,    0,    0,    0,    0,    0,    0,    0,    0,    0,    0,    0,    0,    0,    0,    0,    0,  -18,    0,    0,    0,    0,    0,    0,    0,    0,    0,    0,    0,    0,    0,    0,    0,    0,    0,  -36,  -36,  -24,  -13,    0,    0,    0,    0,    0,    0,    0,    0,    0,    0,    0,    0,  -36,  -18,  -42,  -30,    0,  -42,  -30,    0,    0,    0,
       0,  -12,    0,    0,    0,    0,    0,  -18,    0,  -18,   -6,    0,    0,    0,    0,    0,    0,    0,    0,    0,    0,    0,  -18,    0,  -16,  -27,    0,    0,  -30,    0,  -21,  -12,  -10,  -30,  -12,  -24,    0,    0,    0,    0,    0,   -6,    0,    0,    0,    0,    0,    0,    0,    0,    0,    0,    0,    0,   -6,    0,   -3,   -6,    0,    0,    0,    0,    0,    0,    0,    0,  -48,  -54,    0,    0,  -30,    0,    0,    0,    0,    0,    0,    0,    0,    0,    0,    0,    0,    0,    0,    0,    0,   -6,    0,    0,    0,    0,    0,    0,    0,    0,    0,    0,    0,    0,    0,    0,    0,    0,    0,  -30,  -30,  -12,    0,    0,    0,    0,  -18,    0,    0,    0,    0,    0,    0,    0,    0,  -30,   -6,   -6,  -24,    0,   -6,  -24,  -18,    0,    0,
       0,    0,    0,    0,    0,    0,  -38, -119,  -86,  -86,  -48,    0,    0,    0,    0,    0,    0,    0,  -86,  -38,  -12,    0,    0,    0,    0,    0,    0,    0,    0,    0,    0,    0,    0,    0,    0,    0,    0,  -48,    0,  -48,  -48,    0,  -48,    0,    0,  -18,  -51,  -90,  -48,  -89,  -89,  -48,  -36,  -86,  -94,  -47,  -38,  -94,  -42,  -86, -119,    0,    0,  -38,  -86,    0,    0,    0,    0,    0,    0, -101, -101,  -48, -101,  -48,  -48,  -48,  -48,    0,    0,    0,  -48, -110,  -48,  -48,  -95,  -93,    0,  -48, -101,  -48,  -48,  -48,    0,    0,    0,  -51,  -18,    0, -110,  -51,  -48,  -48,  -48,    0,    0,    0,  -80,  -42,  -42, -119,    0,    0, -101,  -48,  -48,    0,    0,  -48,  -51,    0,  -93,  -36,  -49,    0,  -36,  -33,  -48,  -86,  -74,
       0, -126,    0,    0,    0,  -60,    0,    0,    0,    0,    0,    0,    0,    0,    0,    0,    0,    0,    0,    0,  -30,    0,    0,   -9,   -6,  -21,   -9,   -6,  -93,  -30,  -65,  -60,    0,  -72,  -12,  -54,    0,    0,   -9,    0,    0,    0,    0,  -12,    0,    0,    0,    0,    0,   -3,    0,    0,  -18,  -12,  -39,  -30,    0,  -39,    0,    0,    0,    0,    0,  -12,    0,    0,    0,    0,    0,  -30,  -72,    0,    0,    0,    0,    0,    0,    0,    0,    0,    0,    0,    0,    0,    0,    0,  -12,  -39,  -24,    0,    0,    0,    0,    0,    0,    0,    0,    0,    0,  -12,    0,    0,    0,    0,    0,  -93,  -93,  -60,  -30,    0,    0,    0,    0,    0,    0,    0,    0,    0,    0,    0,    0,  -72,  -39, -120, -108,    0, -120, -108,    0,    0,    0,
       0,    0,    0,    0,    0,    0,  -34, -111,  -82,  -82,  -48,    0,    0,    0,    0,    0,    0,    0,  -82,  -34,  -12,    0,    0,    0,    0,    0,    0,    0,    0,    0,    0,    0,    0,    0,    0,    0,    0,  -82,    0,  -82,  -82,    0,  -82,    0,    0,  -18,  -85,  -85,  -82,  -85,  -85,  -48,  -36,  -88,  -92,  -40,  -22,  -83,  -42,  -48, -111,    0,    0,  -34,  -70,    0,    0,    0,    0,    0,    0, -105, -105, -105, -105, -105, -111, -111, -111,    0,    0,    0, -111, -102, -111, -111,  -93,  -94,    0, -105, -105, -111, -111, -111,    0,    0,    0, -102,  -18,    0, -102, -102, -111, -111, -111,    0,    0,    0,  -81,  -81,  -81, -111,    0,    0, -105, -105, -111,    0,    0, -111, -102,    0,  -94,  -36,  -44,    0,  -36,  -31, -111,  -82,  -64,
       0,    0,    0,    0,    0,    0,    0,    0,    0,    0,    0,    0,    0,    0,    0,    0,    0,    0,    0,    0,  -12,    0,    0,    0,    0,    0,    0,    0,    0,    0,    0,    0,    0,    0,    0,    0,    0,    0,    0,  -12,  -12,    0,    0,    0,    0,  -18,   -3,   -3,  -10,   -6,   -3,    0,   -6,   -9,  -20,   -9,    0,  -20,    0,    0,    0,    0,    0,    0,    0,    0,    0,    0,    0,    0,    0,    0,    0,    0,    0,    0,  -12,  -12,  -12,    0,    0,    0,  -12,   -3,  -12,  -12,   -9,  -20,    0,    0,    0,  -12,    0,    0,    0,    0,    0,   -3,  -18,    0,   -3,   -3,    0,    0,    0,    0,    0,    0,   -9,    0,    0,  -12,    0,    0,    0,    0,  -12,    0,    0,  -12,   -3,    0,  -20,    0,  -28,    0,    0,  -28,    0,    0,    0,
       0,    0,    0,  -30,    0,    0,    0,  -60,  -42,  -60,  -48,    0,    0,    0,    0,    0,    0,    0,  -12,    0,    0,  -36,  -60,   -6,  -60,  -21,   -6,  -12,    0,    0,    0,    0,    0,    0,   -6,    0,    0,  -42,    0,  -42,  -42,  -12,  -42,   -6,   -6,    0,  -15,  -15,  -42,  -15,  -15,  -30,  -12,  -12,   -6,    0,    0,   -6,  -12,  -30,  -42,    0,    0,  -24,    0,    0,  -60,  -60,    0,    0,    0,  -42,  -42,  -42,  -69,  -42,  -42,  -42,  -42,   -6,    6,    3,  -42,  -15,  -42,  -42,  -12,   -6,   -6,  -42,  -42,  -42,  -42,  -42,   -6,   -6,   -6,  -15,    6,   -6,  -15,  -15,  -30,  -30,  -30,    0,    0,    0,    0,  -12,  -12,  -42,  -60,   -6,  -42,  -42,  -42,   -6,   -6,  -42,  -15,    0,   -6,    0,    0,    0,    0,    0,  -60,  -30,    0,
       0,    0,    0,    0,    0,    0,  -13,  -13,  -13,  -13,    0,    0,    0,    0,    0,    0,    0,    0,  -13,  -13,  -12,    0,    0,    0,    0,    0,    0,    0,    0,    0,    0,    0,    0,    0,    0,    0,    0,   -6,    0,   -3,   -3,    0,    0,    0,    0,    0,  -13,  -13,   -3,  -13,  -13,  -13,    0,   -6,   -3,  -13,   -7,   -3,   -1,  -31,  -13,    0,    0,  -13,   -1,    0,    0,    0,    0,    0,    0,   -6,   -6,   -6,   -6,   -6,   -3,   -3,   -3,    0,    0,    0,  -19,  -13,   -3,   -3,   -6,   -3,    0,   -6,   -6,   -3,    0,    0,    0,    0,    0,  -13,    0,    0,  -25,  -25,  -13,  -13,  -13,    0,    0,    0,  -25,   -1,   -1,  -19,    0,    0,  -19,   -6,   -3,    0,    0,   -3,  -13,    0,   -3,    0,  -13,    0,    0,  -13,  -13,  -31,   -1,
       0,    0,    0,  -24,    0,    0,    0,  -48,  -24,  -48,  -42,    0,    0,    0,    0,    0,    0,    0,   -6,    0,    0,  -42,  -66,  -12,  -60,  -18,  -12,  -12,    0,    0,    0,    0,    0,    0,    0,    0,    0,  -42,    0,  -54,  -54,  -30,  -48,    0,  -12,    0,  -30,  -30,  -54,  -30,  -30,  -43,  -24,  -24,  -24,  -18,  -18,  -24,  -30,  -24,  -24,    0,    0,  -12,   -6,    0,  -66,  -66,    0,    0,    0,  -42,  -66,  -54,  -42,  -42,  -54,  -96,  -78,  -21,   12,   36,  -54,  -30,  -54,  -90,  -24,  -24,    0,  -42,  -60,  -54,  -48,  -48,   25,    6,   -3,  -30,   24,    0,  -30,  -30,  -43,  -43,  -43,    0,    0,    0,  -18,  -30,  -30,  -54,  -66,  -18,  -42,  -42,  -54,  -12,   -9,  -54,  -30,    0,  -24,    0,    0,    0,    0,    0,  -48,  -24,   -6,
       0,    0,    0,  -12,    0,    0,    0,  -69,  -24,  -69,  -42,    0,    0,    0,    0,    0,    0,    0,  -24,    0,    0,  -24,  -51,  -24,  -48,  -24,  -24,    0,    0,    0,    6,    0,   12,    6,    0,    0,    0,  -24,    0,  -36,  -36,  -18,  -33,    0,    0,    0,  -21,  -21,  -36,  -21,  -21,  -33,  -18,  -18,  -18,  -12,  -12,  -18,  -24,  -39,  -24,    0,    0,    0,  -18,    0,  -51,  -72,    0,    0,    6,  -24,  -24,  -24,  -24,  -24,  -36,  -36,  -36,    0,    0,    0,  -36,  -21,  -36,  -36,  -18,  -18,    0,  -24,  -24,  -36,  -33,  -33,    0,    0,    0,  -21,    0,    0,  -21,  -21,  -33,  -33,  -33,    0,    0,    0,  -12,  -24,  -24,  -36,  -51,    0,  -24,  -24,  -36,    0,    0,  -36,  -21,    6,  -18,    0,    0,    0,    0,    0,  -69,  -39,  -18,
       0,    0,    0,    0,    0,    0,    0,  -39,  -15,  -39,  -24,    0,    0,    0,    0,    0,    0,    0,    0,    0,    0,    0,    0,    0,    0,    0,    0,    0,    0,    0,    0,    0,    0,    0,    0,    0,    0,   -9,    0,  -12,  -12,    0,    0,    0,    0,    0,   -6,   -6,  -12,  -12,   -6,   -9,    0,    0,    0,    0,    0,    0,    0,    0,  -15,    0,    0,    0,    0,    0,    0,    0,    0,    0,    0,   -9,   -9,   -9,   -9,   -9,  -12,  -12,  -12,    0,    0,    0,  -12,   -6,  -12,  -12,    0,    0,    0,   -9,   -9,  -12,    0,    0,    0,    0,    0,   -6,    0,    0,   -6,   -6,   -9,   -9,   -9,    0,    0,    0,    0,    0,    0,  -12,    0,    0,   -9,   -9,  -12,    0,    0,  -12,   -6,    0,    0,    0,    0,    0,    0,    0,  -39,    0,    0,
       0,    0,    0,  -24,    0,    0,    0,  -84,  -39,  -84,    0,    0,    0,    0,    0,    0,    0,    0,    0,    0,    0,  -36,  -75,  -12,  -60,  -24,  -12,   -6,    0,    0,   12,   12,   12,   12,    0,    0,    0,  -54,    0,  -60,  -60,  -27,  -60,    0,   -9,   -3,  -42,  -42,  -60,  -42,  -42,  -54,  -24,  -30,  -27,  -18,  -24,  -27,  -36,  -66,  -39,    0,    0,    0,  -24,    0,  -75,    0,    0,    0,   12,  -54,  -54,  -54,  -54,  -54,  -60,  -60,  -60,   -9,   -9,   -9,  -60,  -42,  -60,  -60,  -30,  -27,    0,  -54,  -54,  -60,  -60,  -60,   -9,   -9,   -9,  -42,   -3,    0,  -42,  -42,  -54,  -54,  -54,    0,    0,   12,  -18,  -36,  -36,  -60,  -75,   -9,  -54,  -54,  -60,   -9,   -9,  -60,  -42,   12,  -27,    0,    0,    0,    0,    0,  -84,  -66,  -24,
       0,    0,    0,  -12,    0,    0,    0,  -48,  -24,  -48,  -12,    0,    0,    0,    0,    0,    0,    0,  -12,    0,    0,  -21,    0,    0,    0,    0,    0,    0,    0,    0,    0,    0,    0,    0,    0,    0,    0,    0,    0,  -18,  -18,    0,    0,    0,    0,    0,    0,    0,  -18,    0,    0,  -12,    0,    0,    0,    0,    0,    0,    0,  -24,  -24,    0,    0,    0,    0,    0,    0,    0,    0,    0,    0,    0,    0,    0,    0,    0,  -18,  -18,  -18,    0,    0,    0,  -18,    0,  -18,  -18,    0,    0,    0,    0,    0,  -18,    0,    0,    0,    0,    0,    0,    0,    0,    0,    0,  -12,  -12,  -12,    0,    0,    0,    0,    0,    0,  -18,    0,    0,    0,    0,  -18,    0,    0,  -18,    0,    0,    0,    0,    0,    0,    0,    0,  -48,  -24,    0,
       0,    0,    0,  -12,    0,    0,    0,  -69,  -24,  -69,  -42,    0,    0,    0,    0,    0,    0,    0,  -24,    0,    0,  -24,  -51,  -24,  -48,  -12,  -24,    0,    0,    0,    6,    0,   12,    6,    0,    0,    0,  -24,    0,  -36,  -36,  -18,  -33,    0,    0,    0,  -21,  -21,  -36,  -21,  -21,  -33,  -18,  -18,  -18,  -12,  -12,  -18,  -24,  -39,  -24,    0,    0,    0,  -18,    0,  -51,  -36,    0,    0,    6,  -24,  -24,  -24,  -24,  -24,  -36,  -36,  -36,    0,    0,    0,  -36,  -21,  -36,  -36,  -18,  -18,    0,  -24,  -24,  -36,  -33,  -33,    0,    0,    0,  -21,    0,    0,  -21,  -21,  -33,  -33,  -33,    0,    0,    0,  -12,  -24,  -24,  -36,  -51,    0,  -24,  -24,  -36,    0,    0,  -36,  -21,    6,  -18,    0,    0,    0,    0,    0,  -69,  -39,  -18,
       0,    0,    0,    0,    0,    0,    0,  -39,  -15,  -39,  -24,    0,    0,    0,    0,    0,    0,    0,    0,    0,    0,    0,    0,    0,    0,    0,    0,    0,    0,    0,    0,    0,    0,    0,    0,    0,    0,   -9,    0,  -12,  -12,    0,    0,    0,    0,    0,   -6,   -6,  -12,   -6,   -6,   -9,    0,    0,    0,    0,    0,    0,    0,    0,  -15,    0,    0,    0,    0,    0,    0,    0,    0,    0,    0,   -9,   -9,   -9,   -9,   -9,  -12,  -12,  -12,    0,    0,    0,  -12,   -6,  -12,  -12,    0,    0,    0,   -9,   -9,  -12,    0,    0,    0,    0,    0,   -6,    0,    0,   -6,   -6,   -9,   -9,   -9,    0,    0,    0,    0,    0,    0,  -12,    0,    0,   -9,   -9,  -12,    0,    0,  -12,   -6,    0,    0,    0,    0,    0,    0,    0,  -39,    0,    0,
       0,    0,    0,  -24,    0,    0,    0,  -84,  -39,  -84,    0,    0,    0,    0,    0,    0,    0,    0,    0,    0,    0,  -36,  -75,  -12,  -60,  -12,  -12,   -6,    0,    0,   12,   12,   12,   12,    0,    0,    0,  -54,    0,  -60,  -60,  -27,  -60,    0,   -9,   -3,  -42,  -42,  -60,  -42,  -42,  -54,  -24,  -30,  -27,  -18,  -24,  -27,  -36,  -66,  -39,    0,    0,    0,  -24,    0,  -75,    0,    0,    0,   12,  -54,  -54,  -54,  -54,  -54,  -60,  -60,  -60,   -9,   -9,   -9,  -60,  -42,  -60,  -60,  -30,  -27,    0,  -54,  -54,  -60,  -60,  -60,   -9,   -9,   -9,  -42,   -3,    0,  -42,  -42,  -54,  -54,  -54,    0,    0,   12,  -18,  -36,  -36,  -60,  -75,   -9,  -54,  -54,  -60,   -9,   -9,  -60,  -42,   12,  -27,    0,    0,    0,    0,    0,  -84,  -66,  -24,
       0,    0,    0,  -30,    0,    0,    0,  -60,  -48,  -60,  -60,    0,    0,    0,    0,    0,    0,    0,  -24,    0,    0,  -54,  -66,  -30,  -66,  -18,  -30,  -24,    0,    0,    0,    0,    0,    0,    0,    0,    0,  -60,    0,  -57,  -57,  -36,  -60,    0,  -12,   -6,  -42,  -42,  -57,  -42,  -42,  -48,  -24,  -48,  -42,  -30,  -36,  -42,  -48,  -42,  -48,    0,    0,  -36,  -18,    0,  -66,  -66,    0,    0,    0,  -60,  -90,  -90,  -72,  -60,  -57, -108,  -89,  -12,   -6,   12,  -57,  -42, -102,  -96,  -48,  -42,    0,  -90,  -96,  -57,  -60,  -60,    6,   12,   -6,  -42,   12,    0,  -42,  -42,  -48,  -78,  -84,    0,    0,    0,  -30,  -48,  -48,  -57,  -66,  -12,  -60,  -93,  -90,   30,   -6,  -57,  -42,    0,  -42,    0,    0,    0,    0,    0,  -60,  -42,  -18,
       0,    0,    0,    0,    0,    0,    0,  -60,    0,  -60,    0,    0,    0,    0,  -27,    0,    0,    0,    0,    0,    0,    0,  -72,  -12,  -60,  -24,  -12,    0,    0,    0,    0,    0,    0,    0,    0,    0,    0,  -12,    0,  -30,  -30,  -36,  -18,   -6,    0,    0,  -12,  -12,  -30,  -12,  -12,  -30,  -18,    0,    0,    0,    0,    0,    0,    0,    0,    0,    0,    0,    0,  -72,  -72, -128,    0,    0,    0,  -12,  -12,  -12,  -12,  -12,  -30,  -30,  -30,    0,    0,   24,  -30,  -12,  -30,  -30,    0,    0,   -6,  -12,  -12,  -30,  -18,  -18,    0,    0,    0,  -12,    0,   -6,  -12,  -12,  -30,  -30,  -30,    0,    0,    0,    0,    0,    0,  -30,  -72,    0,  -12,  -12,  -30,   12,    0,  -30,  -12,    0,    0,    0,    0,    0,    0,    0,  -60,    0,    0,
       0,    0,    0,    0,    0,    0,    0,  -60,    0,  -60,    0,    0,    0,    0,  -30,  -12,  -15,    0,    0,    0,    0,    0,  -60,  -30,  -60,    0,  -30,  -12,    0,    0,    0,    0,    0,    0,  -12,    0,    0,  -57,    0,  -71,  -71,  -54,  -48,  -27,    0,    0,  -12,  -12,  -71,  -12,  -12,  -48,  -36,  -30,  -24,  -18,  -12,  -24,    0,    0,    0,    0,    0,    0,    0,  -84,  -60,  -60,    0,    0,    0,  -57,  -57,  -57,  -57,  -57,  -71,  -71,  -71,    0,    0,    0,  -71,  -12,  -71,  -71,  -30,  -24,  -27,  -57,  -57,  -71,  -48,  -48,    0,    0,    0,  -12,    0,  -27,  -12,  -12,  -48,  -48,  -48,    0,    0,    0,  -18,    0,    0,  -71,  -60,    0,  -57,  -57,  -71,    0,    0,  -71,  -12,    0,  -24,    0,    0,    0,    0,    0,  -60,    0,    0,
       0,    0,    0,    0,    0,    0,    0,    0,    0,    0,    0,    0,    0,    0,    0,    0,    0,  -36,    0,    0,  -24,    0,    0,  -18,    0,    0,  -18,    0,  -66,  -30,  -60,  -54,    0,  -72,    0,    0,    0,    0,  -30,  -12,  -12,    0,    0,    0,    0,    0,    0,    0,  -12,    0,    0,    0,  -30,  -30,  -60,  -54,    0,  -60,    0,    0,    0,    0,    0,    0,    0,    0,    0,    0,    0,  -30,  -72,    0,    0,    0,    0,    0,  -12,  -12,  -12,    0,    0,    0,  -12,    0,  -12,  -12,  -30,  -60,    0,    0,    0,  -12,    0,    0,    0,    0,    0,    0,    0,    0,    0,    0,    0,    0,    0,  -66,  -66,  -54,  -54,    0,    0,  -12,    0,    0,    0,    0,  -12,    0,    0,  -12,    0,  -72,  -60,    0,    0,    0,    0,    0,    0,    0,    0,
       0,    0,    0,    0,    0,    0,    0,    0,    0,    0,    0,    0,    0,    0,    0,    0,    0,    0,    0,    0,    0,    0,    0,    0,    0,    0,    0,    0,    0,    0,    0,    0,    0,    0,    0,    0,    0,    0,    0,    0,    0,    0,    0,    0,    0,   -6,   -6,   -6,    0,   -6,   -6,    0,   -6,   -6,  -18,   -9,    0,  -18,    0,    0,    0,    0,    0,    0,    0,    0,    0,    0,    0,    0,    0,    0,    0,    0,    0,    0,    0,    0,    0,    0,    0,    0,    0,   -6,    0,    0,   -6,  -18,    0,    0,    0,    0,    0,    0,    0,    0,    0,   -6,   -6,    0,   -6,   -6,    0,    0,    0,    0,    0,    0,   -9,    0,    0,    0,    0,    0,    0,    0,    0,    0,    0,    0,   -6,    0,  -18,    0,    0,    0,    0,    0,    0,    0,    0,
};

static const EpdLigaturePair literata_18_regularLigaturePairs[] = {
    { 0x00660069, 0xFB01 }, // f i -> U+FB01
    { 0x0066006C, 0xFB02 }, // f l -> U+FB02
};

static const EpdFontData literata_18_regular = {
    literata_18_regularBitmaps,
    literata_18_regularGlyphs,
    literata_18_regularIntervals,
    40,
    56,
    45,
    -12,
    true,
    literata_18_regularGroups,
    9,
    nullptr,
    literata_18_regularKernLeftClasses,
    literata_18_regularKernRightClasses,
    literata_18_regularKernMatrix,
    439,
    377,
    101,
    131,
    literata_18_regularLigaturePairs,
    2,
};
