/**
 * generated by fontconvert.py
 * name: literata_10_regular
 * size: 10
 * mode: 2-bit  compressed: true
 * Command used: fontconvert.py literata_10_regular 10 ..\builtinFonts\source\Literata\Literata-Regular.ttf --2bit --compress --pnum
 */
#pragma once
#include "EpdFontData.h"

static const uint8_t literata_10_regularBitmaps[11658] = {
    0x8D, 0x57, 0x4D, 0x6C, 0x1C, 0x49, 0x15, 0x7E, 0xDD, 0xB5, 0xA4, 0x20, 0x6D, 0xBB, 0x7C, 0x58,
    0x29, 0x2B, 0x62, 0x4F, 0xE7, 0xB8, 0x12, 0x9E, 0x19, 0x1F, 0x7C, 0x30, 0x30, 0x33, 0x5D, 0x49,
    0x40, 0x39, 0xE4, 0x40, 0x2E, 0x71, 0x0E, 0x91, 0xC8, 0x8A, 0xD3, 0x1E, 0x36, 0x64, 0x10, 0x8E,
    0x18, 0x60, 0xBC, 0xD3, 0x61, 0x91, 0x56, 0x82, 0x03, 0x73, 0x58, 0xAD, 0x25, 0xD8, 0x83, 0x2F,
    0xDC, 0xF8, 0x99, 0x83, 0x43, 0x06, 0x31, 0x4E, 0x97, 0xC8, 0x21, 0x87, 0x08, 0xA8, 0xD5, 0x2A,
    0x46, 0x02, 0x21, 0x75, 0x58, 0x8C, 0x40, 0x62, 0x45, 0x49, 0xDB, 0x2B, 0x26, 0x62, 0xC6, 0xCD,
    0xF7, 0x7A, 0x6C, 0xAF, 0x1D, 0x67, 0x49, 0xA6, 0xEB, 0xF5, 0x74, 0xD7, 0xDF, 0x7B, 0xF5, 0xDE,
    0xF7, 0x7E, 0xBA, 0x12, 0x35, 0x1A, 0xE5, 0xF2, 0xDC, 0xDC, 0xDC, 0xD4, 0x14, 0x95, 0xA3, 0xF2,
    0xAA, 0xBD, 0x99, 0x36, 0xED, 0xA2, 0x59, 0x34, 0x34, 0xFB, 0x02, 0x51, 0x73, 0x8E, 0xE8, 0x95,
    0x97, 0x48, 0xE5, 0xB9, 0x21, 0xBB, 0x4C, 0x64, 0x16, 0x0F, 0x28, 0xCA, 0xF3, 0xD8, 0x8F, 0x37,
    0xC8, 0xD7, 0x5D, 0x12, 0xDA, 0x62, 0x2E, 0x37, 0x39, 0xEE, 0x56, 0x7E, 0x93, 0xD6, 0xBE, 0x91,
    0xB6, 0x9A, 0xBD, 0x76, 0x73, 0xB6, 0xD1, 0xA4, 0x6A, 0x46, 0x32, 0xD7, 0xD4, 0xB1, 0xF4, 0x4D,
    0xA7, 0x9B, 0x2E, 0x6D, 0xBA, 0xAC, 0xE9, 0xEE, 0xDE, 0x31, 0xEB, 0xBB, 0x7B, 0x4B, 0x8A, 0x5F,
    0x90, 0x79, 0x86, 0xE6, 0xDB, 0x22, 0xA6, 0xDA, 0x7C, 0x40, 0xB4, 0x3C, 0x33, 0x4D, 0x54, 0x9B,
    0x5E, 0x20, 0x2A, 0x2F, 0x34, 0x79, 0xF4, 0x11, 0x66, 0xFB, 0xF7, 0x7E, 0xA2, 0x49, 0x5C, 0x14,
    0x86, 0x82, 0x00, 0xB7, 0xF9, 0x00, 0xB3, 0x97, 0xC5, 0x9F, 0x35, 0x35, 0xBD, 0x31, 0xF9, 0x63,
    0x22, 0x85, 0xF1, 0x19, 0x74, 0x96, 0xFC, 0x98, 0x94, 0xA0, 0x4C, 0x7E, 0x5F, 0x0C, 0x44, 0x76,
    0xF2, 0xE5, 0xD2, 0x60, 0x8A, 0x5A, 0xD1, 0x1C, 0x6D, 0xAA, 0x7F, 0x50, 0x26, 0x32, 0xCA, 0xBC,
    0x8C, 0xDA, 0xB4, 0x45, 0xD1, 0x4A, 0xFE, 0x8E, 0xDC, 0xBD, 0x90, 0xAD, 0xAE, 0x36, 0x17, 0x71,
    0x28, 0x32, 0xBE, 0x91, 0x5A, 0xD1, 0x0C, 0x2D, 0x50, 0x0D, 0x57, 0xEB, 0xE0, 0xE2, 0xB7, 0x05,
    0x2A, 0x91, 0x22, 0xA9, 0xB1, 0xBF, 0x61, 0x89, 0x17, 0x69, 0x99, 0xE6, 0xD1, 0x13, 0x90, 0x8C,
    0x85, 0x11, 0xC6, 0xB7, 0xFB, 0x17, 0xBF, 0x89, 0x38, 0xC0, 0xD8, 0x1C, 0xBD, 0x4C, 0xBC, 0xB1,
    0xD0, 0x42, 0xDF, 0x79, 0x2D, 0x4C, 0x4F, 0xDB, 0x3B, 0x6D, 0xF1, 0x25, 0xA1, 0x69, 0x83, 0x0E,
    0x5A, 0x27, 0x4F, 0xA9, 0xF7, 0xF1, 0x6B, 0x99, 0x22, 0x5C, 0x92, 0xA6, 0xB1, 0xFD, 0x2C, 0x96,
    0x46, 0x43, 0xA2, 0x0A, 0x7A, 0x2A, 0xBC, 0x0B, 0xFA, 0xE9, 0x24, 0x61, 0x0C, 0x3B, 0x63, 0x6B,
    0xDE, 0x1B, 0xDA, 0x49, 0x21, 0x39, 0xF9, 0x86, 0xC7, 0xC5, 0xD1, 0xF1, 0xA5, 0x89, 0x7E, 0x13,
    0x2D, 0xFF, 0x98, 0x2A, 0xCA, 0xCA, 0xD4, 0xC6, 0x49, 0x6A, 0x54, 0x47, 0x6B, 0x53, 0xB9, 0xCD,
    0x0F, 0x78, 0xAD, 0x55, 0x68, 0x59, 0x51, 0x4F, 0x6E, 0x5B, 0xEF, 0x2E, 0x9F, 0xEC, 0xB3, 0x96,
    0x22, 0x4B, 0xFE, 0xB3, 0x9A, 0xCC, 0x80, 0x01, 0x18, 0x9C, 0x2A, 0xD7, 0xE2, 0xB6, 0x30, 0x6D,
    0xDF, 0xBE, 0xE8, 0xA7, 0x24, 0x30, 0x60, 0x48, 0x69, 0x1C, 0x84, 0xFA, 0xE4, 0xA5, 0xD0, 0x4E,
    0xB3, 0x44, 0x2E, 0xCA, 0x53, 0x1C, 0xD4, 0xDF, 0xA5, 0xF0, 0xAA, 0xA9, 0xFB, 0x69, 0xC3, 0x4B,
    0x5F, 0xE0, 0xC9, 0x86, 0x42, 0x22, 0x30, 0x95, 0x96, 0x3C, 0x47, 0xC4, 0x6D, 0xD1, 0x73, 0x95,
    0xAB, 0x46, 0xC2, 0xDE, 0xBC, 0x8F, 0xA1, 0xAA, 0xA1, 0x6F, 0x19, 0x7A, 0xDF, 0xF8, 0xF7, 0x8C,
    0x14, 0x66, 0x46, 0x98, 0x05, 0x61, 0x56, 0xA5, 0x49, 0xF2, 0x11, 0x4F, 0x60, 0x30, 0x58, 0xCA,
    0x47, 0x2A, 0xB7, 0x2A, 0x37, 0x38, 0xF8, 0x54, 0x71, 0x76, 0xB4, 0xD2, 0x2E, 0xCD, 0x5F, 0x85,
    0x5E, 0x52, 0xDE, 0xB9, 0x68, 0x4D, 0x61, 0xEB, 0xD7, 0xE2, 0x00, 0x40, 0xE9, 0x58, 0xB1, 0x93,
    0x05, 0x7A, 0x38, 0x43, 0xB3, 0x10, 0xB3, 0x96, 0xE8, 0x68, 0x3D, 0xAD, 0x93, 0x6B, 0xD3, 0x26,
    0x5A, 0xAD, 0x68, 0x65, 0x72, 0x6A, 0xDD, 0x40, 0xE0, 0x4E, 0xEE, 0xD0, 0x7A, 0x94, 0x6E, 0x80,
    0x97, 0x04, 0xC0, 0x88, 0x8F, 0x56, 0x23, 0xC0, 0x82, 0x32, 0x16, 0x79, 0xB2, 0xBD, 0xEF, 0x98,
    0x95, 0x9F, 0x6B, 0xB5, 0x9E, 0x62, 0x6D, 0x8D, 0x1C, 0xEE, 0xE1, 0x2D, 0x2B, 0xFF, 0xAB, 0xFD,
    0xDC, 0x84, 0x12, 0x3D, 0xC3, 0x16, 0xB5, 0x5B, 0x6C, 0x82, 0xCD, 0xEA, 0x4A, 0x7A, 0x62, 0x57,
    0x4F, 0xB4, 0x51, 0xF3, 0xD2, 0x16, 0xB9, 0x49, 0x6B, 0x53, 0xD6, 0x90, 0x2E, 0x18, 0xBB, 0xBD,
    0x7D, 0xFD, 0x74, 0x56, 0x98, 0xFA, 0x35, 0x1D, 0x3C, 0xDE, 0xC7, 0xC0, 0xC1, 0x6F, 0xF2, 0xCE,
    0x68, 0x29, 0x1F, 0xEA, 0x7D, 0x12, 0x3D, 0xC4, 0xB8, 0x08, 0x59, 0xD0, 0x20, 0x06, 0xE4, 0xB9,
    0xE1, 0x01, 0xF0, 0xE7, 0x4E, 0xDF, 0x4C, 0x16, 0x31, 0x02, 0xF7, 0x7F, 0x07, 0xCF, 0x3D, 0x66,
    0xC1, 0x76, 0x29, 0xD6, 0xE8, 0xC9, 0x7A, 0xBC, 0x56, 0x8A, 0x21, 0xF6, 0xD8, 0x21, 0xD5, 0x6F,
    0xD0, 0x66, 0xA0, 0xFB, 0x18, 0x85, 0xBD, 0x31, 0x30, 0x28, 0x74, 0x61, 0xC8, 0x03, 0x0B, 0xBD,
    0xC7, 0x5C, 0x16, 0x56, 0x2E, 0x7E, 0x37, 0x76, 0xC9, 0xDF, 0x39, 0x65, 0x15, 0xD1, 0xEA, 0x42,
    0xF0, 0xCF, 0x85, 0xA5, 0xFA, 0xF5, 0xE9, 0x5E, 0x6F, 0xFE, 0xE4, 0x86, 0x2B, 0x9F, 0x4C, 0xD3,
    0x3A, 0xE8, 0xFA, 0xF4, 0x46, 0xFA, 0x97, 0xA9, 0xE6, 0xAF, 0x7E, 0xDF, 0x5A, 0xAE, 0x04, 0x76,
    0x9E, 0x99, 0x58, 0x6C, 0x9E, 0x3C, 0x9E, 0xAC, 0x87, 0xB9, 0x49, 0x41, 0xA0, 0x69, 0xA8, 0x67,
    0x01, 0xB4, 0xDC, 0x87, 0x07, 0x40, 0xBA, 0x1E, 0x8C, 0x91, 0x56, 0xC0, 0x38, 0x84, 0xFE, 0x73,
    0x82, 0xEB, 0xC5, 0x12, 0x93, 0x03, 0x60, 0x31, 0x24, 0xE1, 0x12, 0x1B, 0x8E, 0x92, 0x3C, 0x0E,
    0x57, 0x32, 0xA5, 0xDB, 0x4A, 0xD7, 0x8A, 0x7B, 0x5F, 0x9D, 0x4B, 0x55, 0xDE, 0x55, 0x5F, 0x1E,
    0x29, 0x5D, 0x51, 0x3A, 0x2C, 0x5A, 0x23, 0x5C, 0xC1, 0xCC, 0x2E, 0x25, 0x3F, 0x26, 0xF9, 0xF0,
    0x2E, 0x54, 0x14, 0xC2, 0xCE, 0x01, 0x0C, 0x2D, 0x68, 0x93, 0x0A, 0x6B, 0x1F, 0x10, 0x58, 0xB3,
    0x62, 0xA8, 0x4E, 0x1E, 0x66, 0x81, 0xDD, 0xCE, 0x1A, 0xFC, 0x2C, 0xA5, 0x04, 0xFA, 0x0B, 0x2F,
    0xDF, 0x85, 0x42, 0x54, 0xAC, 0xB4, 0x30, 0x4A, 0xFB, 0xA9, 0xD2, 0x9E, 0x7B, 0x82, 0xD0, 0x27,
    0xAC, 0xD2, 0x12, 0xE3, 0x0A, 0xF3, 0x07, 0x54, 0xB0, 0xCD, 0x9D, 0x3A, 0x0B, 0x21, 0x97, 0x95,
    0x7E, 0x49, 0xB1, 0x4E, 0x8D, 0x3A, 0x6B, 0x80, 0x6A, 0x75, 0xCE, 0xF0, 0x33, 0xF7, 0x4C, 0x29,
    0x3D, 0x07, 0xF9, 0x01, 0xFE, 0x24, 0xCF, 0xC2, 0xCB, 0xC3, 0x62, 0xF2, 0xDC, 0xD3, 0x26, 0xEB,
    0xA2, 0x93, 0xC2, 0x98, 0x12, 0x44, 0x90, 0xE2, 0x44, 0x09, 0x24, 0x55, 0x38, 0x91, 0xE4, 0x13,
    0xE9, 0xA3, 0x27, 0x4A, 0xDC, 0x90, 0x54, 0xDC, 0x86, 0xA5, 0xEB, 0x20, 0xCC, 0xD3, 0x72, 0xA7,
    0x03, 0xD5, 0xBF, 0xAF, 0x13, 0x17, 0x8E, 0xC3, 0xAE, 0x84, 0x5C, 0xBE, 0x3D, 0x46, 0x39, 0xDC,
    0xEE, 0xF2, 0xCA, 0xF1, 0x7E, 0x2D, 0x52, 0x5E, 0x97, 0x64, 0x21, 0x9E, 0x9F, 0x7A, 0xC5, 0x09,
    0xC2, 0xC7, 0x88, 0x11, 0x25, 0xCC, 0x27, 0xB5, 0x06, 0xC0, 0x2F, 0xE3, 0xC6, 0x0D, 0xC6, 0x5A,
    0x92, 0xC1, 0x8E, 0x71, 0x15, 0x4B, 0x17, 0x20, 0x5C, 0x8F, 0x70, 0x4E, 0x52, 0x17, 0x01, 0x88,
    0xD7, 0x40, 0x39, 0xE8, 0x0F, 0x38, 0xEF, 0x05, 0xF4, 0x9D, 0x4B, 0x31, 0x9E, 0x81, 0xDA, 0x14,
    0x76, 0xAB, 0x97, 0x92, 0x2C, 0x70, 0x60, 0x05, 0x3D, 0x4C, 0x14, 0xF2, 0xB4, 0xF6, 0xE9, 0x42,
    0x87, 0x35, 0x75, 0x76, 0x90, 0xE4, 0xC3, 0xC8, 0x51, 0xE4, 0x4E, 0x43, 0xB8, 0xAE, 0xE8, 0x53,
    0x42, 0xA2, 0x4D, 0xFF, 0xD6, 0xB2, 0xEC, 0x3D, 0xD0, 0xB2, 0xE4, 0xE3, 0xA6, 0xC4, 0x45, 0x2D,
    0x83, 0x0B, 0x41, 0x1C, 0xC8, 0x1F, 0xC8, 0x38, 0x10, 0xBF, 0xC3, 0xCD, 0xFF, 0x17, 0x6E, 0xDE,
    0x50, 0x9A, 0x19, 0xDA, 0x80, 0x49, 0x01, 0x5B, 0x03, 0x28, 0x44, 0xA3, 0xC4, 0xAA, 0x51, 0xE8,
    0x4E, 0x64, 0x2A, 0x23, 0x3B, 0x33, 0x00, 0x35, 0x40, 0x21, 0x48, 0xC5, 0x16, 0x81, 0xCC, 0xCE,
    0xF8, 0xCE, 0xCE, 0x50, 0x06, 0x6A, 0x83, 0x1A, 0x20, 0xA8, 0x0B, 0x98, 0x4F, 0x2C, 0xA2, 0x28,
    0x76, 0x90, 0x0F, 0xB7, 0xD8, 0x64, 0x1A, 0x26, 0x33, 0x30, 0x99, 0xDD, 0x44, 0x40, 0xC8, 0xE0,
    0x63, 0xFB, 0x34, 0xC4, 0x7B, 0x1B, 0xFD, 0x75, 0xE8, 0x8A, 0x4D, 0x3B, 0x01, 0x21, 0x96, 0x02,
    0xED, 0x57, 0x1C, 0x83, 0xFC, 0x08, 0xE0, 0x9D, 0xCA, 0xE3, 0x23, 0x07, 0x07, 0x36, 0xB2, 0x02,
    0xB5, 0x05, 0x27, 0xCE, 0x6F, 0x1A, 0xF0, 0x80, 0xEA, 0x99, 0x19, 0x31, 0x37, 0x62, 0x36, 0x87,
    0x6E, 0x8F, 0xC7, 0xE8, 0xEB, 0x5C, 0x3B, 0x6F, 0xA9, 0x21, 0xEE, 0x23, 0xB2, 0x78, 0xC8, 0xEC,
    0x72, 0x67, 0xCC, 0x39, 0x66, 0x34, 0x89, 0x4A, 0xF8, 0xA9, 0x5B, 0x70, 0x52, 0x99, 0xC7, 0x44,
    0xC8, 0xCB, 0x90, 0x85, 0xE0, 0x7A, 0x85, 0x3D, 0xF8, 0x24, 0x13, 0x6A, 0xC1, 0x4E, 0x0E, 0x76,
    0x83, 0x10, 0x57, 0x61, 0x99, 0xF3, 0xB0, 0xD9, 0x59, 0x77, 0xC8, 0x6E, 0x0D, 0x9D, 0x0C, 0x95,
    0x3D, 0x31, 0xDE, 0x08, 0xAF, 0xA6, 0x35, 0x8E, 0xA6, 0xF0, 0xF1, 0x33, 0x11, 0xA2, 0x56, 0x06,
    0x17, 0xC7, 0x86, 0x88, 0xB4, 0xEE, 0x12, 0x65, 0x3D, 0x72, 0x7D, 0x72, 0xC9, 0x15, 0xFB, 0x35,
    0x84, 0xD2, 0x3C, 0x77, 0xD5, 0x2B, 0xDB, 0xAE, 0x26, 0xCD, 0xEA, 0x92, 0x34, 0x4B, 0x67, 0xA4,
    0x79, 0xB1, 0x08, 0x19, 0xFF, 0x8F, 0x90, 0x3B, 0x58, 0x72, 0x38, 0xDE, 0xA8, 0xAA, 0x4F, 0x20,
    0x47, 0x7A, 0xE6, 0x99, 0xA4, 0x51, 0x25, 0x18, 0xA1, 0xFD, 0x8F, 0xBE, 0x8E, 0x70, 0xF9, 0x37,
    0x78, 0x0E, 0xD6, 0x76, 0x61, 0x64, 0xED, 0xA1, 0xDF, 0xE7, 0xDC, 0x0F, 0x0F, 0x90, 0xD0, 0x16,
    0x32, 0xB1, 0x43, 0x46, 0xDA, 0x44, 0x32, 0x6A, 0x21, 0x19, 0xD7, 0x90, 0x8D, 0xCB, 0x48, 0xC7,
    0xA5, 0x8D, 0x49, 0x18, 0x0B, 0x0C, 0xD6, 0x06, 0xA6, 0x9A, 0x55, 0xBB, 0xCA, 0x48, 0xF8, 0x49,
    0x68, 0x39, 0x74, 0x95, 0x53, 0x54, 0x0B, 0x66, 0xD9, 0x49, 0x18, 0x62, 0x29, 0x3B, 0x89, 0x4C,
    0xDB, 0x6C, 0x4D, 0x23, 0x91, 0xF6, 0x6A, 0x48, 0x6D, 0x2E, 0xAD, 0x61, 0x37, 0x67, 0xCB, 0xD8,
    0xEF, 0xB6, 0x29, 0x61, 0xC7, 0xEF, 0x18, 0x85, 0x2A, 0xE0, 0x8B, 0xB1, 0x42, 0x54, 0x8E, 0x34,
    0xA2, 0x2D, 0x55, 0xA9, 0x40, 0x4F, 0xD5, 0x55, 0xE3, 0xD0, 0x06, 0x90, 0x59, 0xA4, 0xA8, 0xA3,
    0x32, 0xCC, 0x6D, 0xF3, 0x28, 0x07, 0x51, 0x98, 0x26, 0xC4, 0xFF, 0x17, 0x38, 0xCF, 0xF4, 0x11,
    0xA5, 0xEB, 0x48, 0x6C, 0x1C, 0xED, 0x94, 0x4D, 0x4C, 0x34, 0x84, 0xD7, 0x0E, 0xAB, 0x56, 0x62,
    0x2D, 0x24, 0xB1, 0x01, 0x4E, 0x02, 0x9E, 0x7D, 0x54, 0x7F, 0x35, 0xF0, 0x08, 0xED, 0x64, 0x7D,
    0xF0, 0x04, 0x71, 0x1F, 0xD0, 0xD4, 0xC9, 0xC7, 0x6B, 0x34, 0x68, 0xC2, 0x34, 0x00, 0xCA, 0xA4,
    0x10, 0xA8, 0x14, 0x91, 0x32, 0xA3, 0xFD, 0x8E, 0xE9, 0x06, 0x0A, 0x3D, 0x5A, 0xCB, 0x91, 0xC0,
    0x29, 0x47, 0x9E, 0x7B, 0xBE, 0x2B, 0xE7, 0x4A, 0x66, 0xA9, 0xA8, 0x6A, 0xE6, 0x8A, 0x0A, 0x07,
    0xDA, 0x95, 0x45, 0x4D, 0xC4, 0x69, 0xCC, 0x14, 0x55, 0x50, 0xB3, 0xA8, 0x88, 0x96, 0x8F, 0xCD,
    0xA0, 0x88, 0x2D, 0xF6, 0x5C, 0x57, 0x64, 0x90, 0xDE, 0xBC, 0x21, 0x89, 0x77, 0x50, 0x64, 0xD2,
    0x9C, 0xD0, 0xCB, 0x9E, 0xE9, 0x51, 0x4F, 0xD3, 0x19, 0x00, 0x1B, 0x08, 0x23, 0xDE, 0xBF, 0x0E,
    0x5F, 0x43, 0x8E, 0x23, 0x44, 0x89, 0x6F, 0xAF, 0x51, 0xA6, 0xE8, 0x15, 0xF8, 0x3C, 0x1C, 0x37,
    0xA7, 0xD7, 0xBF, 0xC2, 0xAF, 0x4E, 0xD1, 0x56, 0xA7, 0x5B, 0x7D, 0x23, 0x4D, 0x8A, 0x3C, 0xAB,
    0x0E, 0x5A, 0x98, 0xAA, 0x9F, 0x0E, 0x54, 0x5C, 0xE7, 0x9C, 0x43, 0x25, 0x44, 0xFE, 0xE2, 0x5E,
    0x46, 0x50, 0x56, 0x0F, 0xB3, 0xCF, 0xA0, 0x44, 0x86, 0xCB, 0x24, 0x3A, 0xD8, 0xB6, 0xA1, 0xEF,
    0xCA, 0x3E, 0x90, 0x4F, 0x93, 0x56, 0x2F, 0xF6, 0x09, 0x1E, 0xA6, 0xEC, 0x6F, 0x62, 0xB8, 0x97,
    0x7F, 0x5A, 0x07, 0xE4, 0x25, 0x7D, 0x0A, 0xDE, 0x1E, 0xA2, 0x36, 0x69, 0xA1, 0x04, 0x68, 0x15,
    0xB5, 0xEB, 0x3E, 0xD5, 0x41, 0x15, 0x42, 0x74, 0x5F, 0x1F, 0xA1, 0x48, 0x8E, 0x34, 0x33, 0x58,
    0xB7, 0x28, 0xC9, 0x16, 0xB8, 0x2A, 0x73, 0xF5, 0x62, 0xF7, 0x06, 0x33, 0x98, 0xDD, 0x63, 0xD0,
    0x89, 0xFD, 0xBF, 0x5B, 0x71, 0x0F, 0x68, 0x44, 0xF1, 0x46, 0xD1, 0x2E, 0x9D, 0x7A, 0x8B, 0x1F,
    0x8E, 0x37, 0x78, 0x4F, 0xC4, 0x6E, 0x5F, 0xF6, 0xC7, 0xBF, 0x50, 0x5C, 0xD7, 0x59, 0x14, 0x33,
    0x35, 0x3F, 0x0D, 0x91, 0x7C, 0x73, 0xB6, 0x00, 0x70, 0x57, 0xE5, 0xC2, 0x6C, 0xB8, 0x40, 0x03,
    0x48, 0x83, 0x52, 0xBA, 0xB1, 0xE2, 0x82, 0x5C, 0x47, 0x7B, 0xA0, 0x91, 0x87, 0xE9, 0x87, 0x8E,
    0xE4, 0x47, 0xA8, 0x31, 0x4C, 0x19, 0x54, 0x42, 0xDF, 0x71, 0x82, 0xB7, 0x50, 0x94, 0xE5, 0x28,
    0x0A, 0x54, 0x2C, 0x8B, 0x0A, 0x23, 0x8A, 0xC3, 0x58, 0x1E, 0xB9, 0x02, 0x13, 0x65, 0x3C, 0x1E,
    0x14, 0x35, 0x43, 0xC4, 0x33, 0x0F, 0x5F, 0x9A, 0x2F, 0x8C, 0x23, 0xDA, 0x71, 0x89, 0xF4, 0x54,
    0x49, 0xBE, 0x87, 0xB2, 0x36, 0xEE, 0x93, 0x44, 0x1C, 0x93, 0x6F, 0x22, 0xC0, 0xFD, 0x0C, 0x7D,
    0x5C, 0xA4, 0xFE, 0x08, 0xCF, 0x6F, 0xA2, 0xEF, 0x96, 0x83, 0x24, 0x5B, 0x3A, 0x82, 0x87, 0x45,
    0xF1, 0xE9, 0x27, 0xF8, 0x1F, 0x91, 0x64, 0x58, 0xBD, 0x98, 0x76, 0xE2, 0xE0, 0xF6, 0xD6, 0x76,
    0x2A, 0x4D, 0x44, 0x8E, 0x0F, 0xE7, 0x64, 0xFC, 0x09, 0xB7, 0xC0, 0x34, 0x28, 0x8B, 0x5C, 0x7E,
    0x7F, 0xB7, 0x7A, 0x11, 0x2C, 0x6E, 0x3F, 0x9F, 0x32, 0xBC, 0x24, 0x96, 0x6F, 0x03, 0x72, 0xFD,
    0xF2, 0x7E, 0x6D, 0x8F, 0x92, 0xBE, 0x41, 0xB5, 0x90, 0x5A, 0xC1, 0x36, 0x1B, 0xB4, 0x1A, 0xA6,
    0xE1, 0xCD, 0x41, 0x60, 0x2A, 0x48, 0xEC, 0x38, 0xF9, 0x7E, 0x2B, 0x21, 0xD7, 0x07, 0x3B, 0xC3,
    0x20, 0xE1, 0x1A, 0x6B, 0xD2, 0xC2, 0x2E, 0x75, 0x50, 0xC1, 0x25, 0xAF, 0x92, 0x7C, 0x26, 0x9A,
    0x90, 0x7C, 0xC6, 0xAD, 0x23, 0x28, 0x24, 0x6F, 0x8B, 0xE3, 0xBE, 0xFE, 0x1C, 0x24, 0xFB, 0x6E,
    0x2A, 0xDF, 0x4B, 0xE5, 0x6F, 0xED, 0x93, 0x88, 0x31, 0x8C, 0x98, 0xF0, 0x83, 0xCF, 0xAF, 0xF5,
    0xA6, 0x37, 0x3F, 0xD5, 0xD1, 0xE1, 0x90, 0x5E, 0xD7, 0xCA, 0xCD, 0x8C, 0xAF, 0xFF, 0x32, 0xF3,
    0x27, 0x5F, 0x38, 0x45, 0x6A, 0x02, 0xE8, 0x4E, 0xBF, 0x45, 0x07, 0x72, 0x1D, 0x34, 0x8C, 0xCA,
    0x6D, 0x4E, 0x2B, 0x55, 0x6F, 0x80, 0x40, 0x37, 0x28, 0xEA, 0x99, 0xA7, 0x51, 0x80, 0x34, 0x22,
    0xB7, 0xC7, 0xE4, 0xED, 0x56, 0xE3, 0xE4, 0xDD, 0x9C, 0xAA, 0x7A, 0x0D, 0xFD, 0x4B, 0xE8, 0xC7,
    0x37, 0xAA, 0xD9, 0x40, 0x6C, 0xC5, 0x37, 0xCC, 0x23, 0x84, 0x8D, 0x0F, 0x61, 0xF0, 0xFF, 0x70,
    0xE1, 0x5B, 0x14, 0x73, 0xC8, 0x9E, 0x43, 0x04, 0x4E, 0x1A, 0xC9, 0x58, 0x79, 0x23, 0x41, 0xCA,
    0xFF, 0xB9, 0xA4, 0xE0, 0xFC, 0x57, 0x67, 0x48, 0xBE, 0xA1, 0xA6, 0x49, 0xDC, 0x0F, 0xE6, 0xC8,
    0xFF, 0x93, 0x7C, 0x95, 0xBC, 0x0F, 0x04, 0x0A, 0xA8, 0x91, 0x40, 0x40, 0x18, 0xA1, 0xF4, 0x4F,
    0xDE, 0x1B, 0x57, 0xCF, 0x66, 0xC1, 0x2D, 0x23, 0xDE, 0xD3, 0xB4, 0x5B, 0x04, 0xBC, 0x9C, 0xFC,
    0x07, 0xB1, 0x14, 0xB6, 0xE4, 0x65, 0xF9, 0x83, 0x3C, 0x79, 0x04, 0x19, 0xD0, 0x5D, 0xC8, 0x10,
    0xF7, 0x0A, 0xFE, 0xE2, 0x5D, 0x94, 0xCA, 0x7F, 0x05, 0xFF, 0x0F, 0x39, 0x7F, 0x4E, 0xF8, 0xB3,
    0xCB, 0x70, 0x04, 0xE3, 0x58, 0xD6, 0x47, 0xA2, 0xF8, 0x35, 0x44, 0x8C, 0x18, 0xC7, 0xB9, 0xAD,
    0x23, 0xA9, 0x29, 0x7D, 0x66, 0x12, 0x4E, 0x5D, 0xF1, 0x05, 0x16, 0x6F, 0x28, 0x4A, 0xE1, 0x76,
    0x18, 0x85, 0xE6, 0x51, 0x54, 0xCE, 0xC0, 0x68, 0xEA, 0xE0, 0x2A, 0x21, 0xEA, 0x96, 0x0F, 0xBD,
    0xF3, 0xA7, 0x2D, 0xC6, 0x2F, 0x49, 0xB7, 0x78, 0xFC, 0xC7, 0x7C, 0x8E, 0x44, 0xC9, 0x58, 0xC4,
    0xE0, 0xD1, 0x2F, 0xBE, 0x67, 0xF1, 0xFC, 0xF1, 0xC8, 0x29, 0xC0, 0x94, 0x45, 0xEA, 0x6E, 0xDC,
    0x4C, 0xB8, 0xB4, 0xFF, 0x1F, 0xAD, 0x58, 0x4D, 0x6C, 0x1B, 0xC7, 0x15, 0xFE, 0x76, 0xB7, 0xF6,
    0x38, 0x1E, 0x89, 0xE3, 0x02, 0x69, 0x1A, 0xC0, 0xA4, 0x56, 0x07, 0xA3, 0xD0, 0x81, 0x14, 0x8D,
    0x82, 0x09, 0x58, 0x60, 0x49, 0x8E, 0xDD, 0xA2, 0x28, 0x90, 0x43, 0x7D, 0x69, 0x2F, 0x45, 0x61,
    0x5F, 0x72, 0xAB, 0x23, 0x1E, 0x04, 0x54, 0x45, 0x68, 0x6B, 0x93, 0xB4, 0x28, 0xD0, 0x1E, 0x92,
    0x53, 0x03, 0x34, 0x07, 0x2B, 0x05, 0x7A, 0xE9, 0x89, 0x07, 0x05, 0x90, 0x03, 0x29, 0x9C, 0xB4,
    0x07, 0x1F, 0x3B, 0x49, 0x21, 0xE9, 0x10, 0x14, 0xD8, 0x36, 0x36, 0x7C, 0xEC, 0xA2, 0x5D, 0x03,
    0x0C, 0x4C, 0x69, 0xFB, 0xCD, 0x92, 0x96, 0x6C, 0x44, 0xAD, 0x24, 0x30, 0xBB, 0xF3, 0x96, 0xBB,
    0xB3, 0x6F, 0xDE, 0xCE, 0xBC, 0xF7, 0xBD, 0x9F, 0x61, 0xAD, 0x53, 0x03, 0x66, 0x66, 0xCA, 0xE5,
    0x72, 0xAD, 0xD6, 0x6E, 0xB7, 0x6B, 0x98, 0x01, 0x6E, 0x22, 0xC8, 0x8D, 0x7A, 0x35, 0x99, 0x7B,
    0x39, 0x6D, 0x7D, 0xDB, 0x46, 0x97, 0x11, 0xDD, 0x40, 0xEB, 0x1D, 0x2C, 0x5A, 0x84, 0xE6, 0x82,
    0x7C, 0x6C, 0xFD, 0x7D, 0xF8, 0x1A, 0x1E, 0xE0, 0x0D, 0x62, 0xB1, 0x93, 0x2A, 0x2F, 0x0D, 0xD9,
    0x00, 0xC5, 0x16, 0x63, 0x35, 0x37, 0x41, 0x02, 0x3F, 0x81, 0x67, 0xE1, 0x9B, 0x17, 0x83, 0xB8,
    0x19, 0xFE, 0x69, 0xD8, 0xC9, 0x33, 0x8D, 0xF8, 0xE7, 0x8F, 0xE3, 0xC5, 0xEB, 0xA8, 0x0A, 0x34,
    0x85, 0x6E, 0x06, 0x3A, 0x12, 0xA8, 0x85, 0xE8, 0x3C, 0xD6, 0x6B, 0x9E, 0x01, 0xB0, 0x3A, 0x54,
    0xA3, 0xD0, 0x04, 0x36, 0x30, 0x41, 0xEC, 0x27, 0x02, 0xC8, 0x66, 0x81, 0x5E, 0x15, 0x68, 0x35,
    0xA0, 0xF2, 0x41, 0x7C, 0xE6, 0x27, 0xDB, 0x08, 0xF3, 0x3C, 0x86, 0x20, 0xF7, 0x13, 0x92, 0x16,
    0xE8, 0x8C, 0x70, 0x79, 0x72, 0x50, 0xCC, 0xC1, 0xED, 0x3E, 0x82, 0xF7, 0x62, 0x29, 0x63, 0xE9,
    0x41, 0xC6, 0xA8, 0x27, 0x58, 0xDE, 0x43, 0xBF, 0x63, 0x56, 0x44, 0xDA, 0x46, 0xA6, 0xCC, 0x8A,
    0x9F, 0x35, 0x70, 0xBB, 0x0F, 0x65, 0x10, 0xC4, 0x8A, 0x4D, 0x6A, 0xB9, 0xC7, 0xF1, 0x58, 0x28,
    0xB7, 0xDA, 0x51, 0x0D, 0x4B, 0xF7, 0x11, 0xD8, 0x3A, 0x4A, 0x5C, 0x44, 0x33, 0x4C, 0x93, 0xEE,
    0xDD, 0xF5, 0x6E, 0x3F, 0xB9, 0xD4, 0x78, 0xDF, 0xA2, 0xF1, 0xBE, 0x41, 0xF1, 0xDB, 0x4D, 0xD0,
    0x6D, 0xAC, 0x5F, 0x5A, 0xAB, 0xD4, 0x3F, 0x35, 0x32, 0xA6, 0x06, 0x06, 0x99, 0x13, 0x00, 0x99,
    0xA0, 0x19, 0xE1, 0xF9, 0x2A, 0xE4, 0x08, 0xAD, 0x2A, 0x9A, 0x55, 0x44, 0x3D, 0x84, 0x77, 0xB4,
    0x77, 0x15, 0x42, 0xA2, 0x52, 0xC5, 0xCA, 0x3A, 0xB2, 0x14, 0xBD, 0x0D, 0xCC, 0xD5, 0x20, 0x5E,
    0x01, 0xFB, 0xDD, 0xFA, 0xF3, 0x04, 0x38, 0x68, 0x4E, 0x4C, 0xF6, 0xD2, 0xCD, 0x0F, 0xFF, 0x7A,
    0x77, 0xF5, 0xC3, 0x3B, 0x2F, 0xFD, 0x3D, 0x2C, 0x24, 0x0F, 0x52, 0x77, 0x55, 0xE6, 0x3B, 0xFD,
    0xCB, 0x97, 0x1B, 0xFD, 0xD0, 0x69, 0x6D, 0x6D, 0xD2, 0xDC, 0xE8, 0xFE, 0xE1, 0x23, 0x8F, 0x6F,
    0xFC, 0x48, 0xB3, 0x33, 0x4C, 0x96, 0xA3, 0xE5, 0x1A, 0xAA, 0x58, 0xF6, 0xAC, 0x38, 0x53, 0xBB,
    0xD9, 0xD9, 0x93, 0x59, 0x33, 0x6A, 0x56, 0xD0, 0xF4, 0x53, 0xD4, 0x50, 0x6A, 0xD4, 0xC2, 0x2C,
    0xD0, 0x4A, 0xD7, 0xE0, 0x94, 0xB7, 0xE2, 0xDB, 0xA3, 0x5B, 0x60, 0x6F, 0xFD, 0xF4, 0xFE, 0xEB,
    0xD9, 0xD6, 0x0A, 0x79, 0x80, 0x26, 0x10, 0x01, 0xCF, 0xD3, 0x04, 0xBB, 0x69, 0xB8, 0x1B, 0x77,
    0x76, 0xF5, 0xEA, 0xAE, 0x1E, 0x14, 0x8D, 0x37, 0x7C, 0x0C, 0x77, 0xB5, 0xD8, 0xD5, 0x10, 0x5F,
    0x6A, 0x52, 0x63, 0xA0, 0x17, 0xD1, 0xC1, 0x22, 0x9E, 0x43, 0x49, 0x7B, 0xE6, 0xEB, 0xB6, 0x1E,
    0x03, 0x2F, 0xE8, 0xBA, 0x16, 0x4F, 0x9F, 0x71, 0x27, 0x15, 0x19, 0x2A, 0x8B, 0x68, 0x2A, 0x34,
    0x24, 0x1A, 0xC4, 0x8C, 0x44, 0xAD, 0x42, 0x9D, 0x60, 0x7E, 0x1E, 0xD5, 0x08, 0x4A, 0x21, 0xB8,
    0x67, 0xFC, 0xCF, 0x6D, 0x70, 0x2F, 0x56, 0x25, 0x54, 0x9B, 0xAE, 0xFF, 0x05, 0xCD, 0x35, 0xD4,
    0x35, 0x97, 0xC2, 0x4F, 0xAD, 0xF1, 0x42, 0x60, 0x09, 0x1D, 0xB8, 0x2F, 0x4B, 0x4E, 0x56, 0xCF,
    0xFA, 0xB1, 0xD0, 0x0B, 0xD2, 0x88, 0xB8, 0x5B, 0x32, 0x9D, 0x34, 0x79, 0xD9, 0xC0, 0x33, 0x7F,
    0x20, 0x00, 0xAE, 0xFC, 0xD9, 0x40, 0x06, 0x57, 0x0D, 0x66, 0x45, 0x3E, 0xC4, 0x02, 0x6D, 0x8E,
    0x2E, 0x2F, 0xCF, 0xC8, 0x4B, 0x8E, 0x90, 0xE7, 0x2E, 0x0B, 0xF5, 0x84, 0xF2, 0xFA, 0x3D, 0xCA,
    0xEB, 0x47, 0x94, 0x47, 0xED, 0x90, 0xA3, 0x0F, 0xE9, 0xA4, 0xCC, 0xE0, 0xFC, 0x39, 0x76, 0xB4,
    0x7E, 0x46, 0x79, 0x83, 0x11, 0xA5, 0x95, 0xDD, 0x12, 0x9A, 0x0E, 0x1F, 0x5D, 0xD0, 0x0A, 0x84,
    0x6F, 0x93, 0x6C, 0x7E, 0x1A, 0x70, 0xBE, 0xB5, 0x12, 0x6D, 0x52, 0x2A, 0x8B, 0xB4, 0x51, 0x6B,
    0xCC, 0xF6, 0xC3, 0xAC, 0xBF, 0x40, 0x8B, 0xDA, 0x6E, 0x1F, 0x7E, 0x6C, 0xFB, 0x10, 0x5E, 0xBE,
    0x4F, 0x38, 0x52, 0x72, 0xD9, 0x5D, 0x32, 0x78, 0x43, 0xFA, 0x48, 0x81, 0x94, 0x0B, 0xA0, 0x34,
    0xF6, 0x79, 0x09, 0x31, 0xEB, 0x9C, 0xB0, 0x4E, 0x03, 0x79, 0x88, 0x84, 0x89, 0x02, 0xB3, 0x28,
    0xB5, 0x18, 0xBA, 0x0F, 0x03, 0x84, 0x28, 0x84, 0x1D, 0x0F, 0x70, 0xDE, 0xA3, 0x78, 0x3F, 0x4B,
    0x4C, 0x55, 0x49, 0xCD, 0x0D, 0xFA, 0x4E, 0x8F, 0x52, 0x68, 0xD9, 0x64, 0x91, 0xEB, 0x08, 0xE1,
    0xE7, 0x39, 0x7D, 0x43, 0xC6, 0x82, 0xCC, 0x92, 0x92, 0x43, 0x04, 0xE9, 0xC0, 0x86, 0xA3, 0xE2,
    0x6B, 0x9C, 0xAA, 0xF3, 0x2B, 0x7C, 0x0D, 0xD3, 0xC9, 0x0A, 0x28, 0x43, 0x11, 0xF0, 0xAD, 0x75,
    0xE0, 0xC6, 0xB9, 0x62, 0x39, 0xD3, 0xCD, 0x8D, 0x47, 0xE7, 0x7B, 0xC0, 0x8F, 0x87, 0x38, 0x38,
    0xA6, 0x91, 0xD7, 0x58, 0x00, 0x36, 0x6F, 0x11, 0xF6, 0xD1, 0x57, 0x33, 0x37, 0x17, 0xB1, 0x2A,
    0xB4, 0x6B, 0xB9, 0x3B, 0x5E, 0xF7, 0xB4, 0x32, 0x45, 0x4E, 0xC4, 0x7A, 0xBB, 0xA6, 0x07, 0xFF,
    0xD7, 0xA6, 0x8C, 0x40, 0x98, 0x73, 0x38, 0xEF, 0x04, 0xCE, 0x0A, 0x73, 0x8D, 0xC1, 0xD6, 0x24,
    0xE8, 0xE4, 0x2E, 0x38, 0x88, 0x8F, 0x13, 0x58, 0x61, 0xD6, 0x7C, 0xC3, 0xB7, 0x81, 0x16, 0xE6,
    0xAC, 0xA4, 0xAC, 0x52, 0x08, 0x69, 0x16, 0x07, 0xB6, 0x93, 0xEF, 0x61, 0xF0, 0x7B, 0x88, 0xED,
    0x8F, 0x88, 0x92, 0x90, 0xEE, 0x2D, 0xE9, 0xE8, 0x01, 0x68, 0x94, 0x02, 0x63, 0x4F, 0x88, 0x13,
    0x03, 0x27, 0x86, 0x16, 0xE3, 0x7F, 0x08, 0x4E, 0xE6, 0x01, 0x55, 0x33, 0xE0, 0x32, 0x66, 0x1C,
    0xBC, 0xE8, 0x2E, 0x04, 0x33, 0xBE, 0x49, 0x93, 0x76, 0x8A, 0x5B, 0x07, 0x12, 0xB2, 0x7B, 0x18,
    0xE4, 0xA9, 0xBA, 0x92, 0x29, 0xDD, 0x54, 0xFA, 0x45, 0xA5, 0xA1, 0xB4, 0x51, 0x57, 0x8C, 0x62,
    0x9A, 0xB9, 0x6A, 0xDC, 0xBD, 0xEB, 0x99, 0x51, 0xBA, 0xAC, 0x74, 0x6F, 0x90, 0x8F, 0xF8, 0x6D,
    0x87, 0x60, 0x7E, 0x4B, 0x9F, 0x72, 0x20, 0x03, 0xD3, 0x1E, 0x82, 0xCF, 0xF4, 0x19, 0xC4, 0x2E,
    0x5C, 0x9E, 0x66, 0xAC, 0xF8, 0x6E, 0x2C, 0xEF, 0x19, 0xF1, 0x96, 0x39, 0xED, 0xC0, 0x26, 0xDA,
    0xCE, 0x11, 0xF4, 0x20, 0x0B, 0xAD, 0xD2, 0x47, 0x9E, 0x31, 0x13, 0x43, 0x12, 0x24, 0x4A, 0x5F,
    0xC0, 0xFF, 0xE7, 0xA2, 0x6D, 0xD2, 0xB9, 0xDE, 0xFC, 0x19, 0xAE, 0x7F, 0x4F, 0x64, 0xCC, 0x85,
    0x47, 0x9D, 0x49, 0x7D, 0x6F, 0xA1, 0x52, 0xE4, 0xA8, 0x63, 0xB8, 0xEA, 0x44, 0x86, 0xD8, 0x5E,
    0x8A, 0xDD, 0x13, 0xE3, 0x42, 0x4A, 0xDA, 0x20, 0xF5, 0x1C, 0x31, 0x4D, 0xF7, 0x26, 0xF7, 0x0C,
    0xEE, 0xA0, 0x14, 0x2F, 0x75, 0xB9, 0x97, 0xFC, 0xA8, 0xE7, 0xF7, 0xC7, 0xB8, 0x6C, 0xFF, 0x00,
    0x78, 0xF7, 0xD0, 0x8F, 0x06, 0x96, 0x19, 0x3A, 0x3D, 0x9B, 0xA9, 0x0C, 0xB6, 0xB4, 0x49, 0x6A,
    0x93, 0x42, 0x92, 0x8A, 0x6D, 0x29, 0x30, 0x96, 0xE1, 0xCB, 0x96, 0x90, 0x91, 0x7A, 0xA4, 0x36,
    0x89, 0x6B, 0x25, 0xE0, 0x07, 0x9C, 0x0F, 0x1A, 0x14, 0x70, 0xCB, 0xE1, 0xDF, 0xC5, 0x54, 0x5D,
    0x80, 0x46, 0x6C, 0x6F, 0x11, 0x44, 0x4A, 0x47, 0xC4, 0x21, 0xC1, 0x66, 0xD7, 0x59, 0x36, 0x30,
    0xAC, 0xA5, 0x4F, 0x68, 0xC8, 0xE7, 0x1E, 0xFB, 0x5B, 0x08, 0xE8, 0x01, 0x6A, 0x02, 0x36, 0xFA,
    0x09, 0x4B, 0x8B, 0x22, 0x8E, 0xCD, 0x8D, 0x43, 0xD9, 0x54, 0xB2, 0xCE, 0xBB, 0x10, 0x4F, 0xB4,
    0x7C, 0x40, 0x10, 0xC7, 0xF3, 0x93, 0x85, 0x4E, 0x21, 0xCF, 0x1D, 0x5B, 0x9C, 0xD4, 0x7B, 0xE9,
    0x61, 0xFC, 0x99, 0x46, 0xDE, 0xDA, 0x5A, 0xC1, 0x81, 0x34, 0xFD, 0x0A, 0xE6, 0xD6, 0x3D, 0x1F,
    0x55, 0x55, 0x3F, 0xB0, 0x32, 0xAD, 0x46, 0xDD, 0x92, 0x5B, 0xF9, 0xB0, 0xE9, 0x3D, 0x5A, 0x4A,
    0x05, 0xEB, 0x2E, 0xF2, 0xA5, 0x73, 0xA8, 0x64, 0x35, 0x86, 0x9F, 0x16, 0x92, 0x5E, 0x2B, 0x30,
    0xBD, 0x96, 0x44, 0xAF, 0x5D, 0xC6, 0x46, 0x7D, 0x99, 0x25, 0x13, 0x11, 0x24, 0x4D, 0x60, 0xD4,
    0x17, 0xD7, 0x75, 0x54, 0xE7, 0x8C, 0xAA, 0x28, 0xDC, 0xB4, 0x88, 0x5E, 0x34, 0x03, 0x7D, 0x66,
    0x54, 0xD7, 0x67, 0x13, 0xC5, 0x78, 0x75, 0x2C, 0x69, 0x17, 0x85, 0x02, 0xED, 0x3F, 0x7A, 0x8D,
    0x85, 0x8F, 0x43, 0x5B, 0xFF, 0x99, 0x8C, 0x32, 0x95, 0xAC, 0x22, 0xA3, 0xD8, 0x71, 0x46, 0xB9,
    0x36, 0xCE, 0x28, 0x53, 0xC9, 0x5B, 0x66, 0x54, 0xD9, 0xEC, 0x1D, 0x64, 0x80, 0xE9, 0xD6, 0xC9,
    0xA8, 0xEF, 0x1D, 0xAE, 0x93, 0xD1, 0x60, 0x58, 0xB7, 0xC2, 0x52, 0xAF, 0x9A, 0x56, 0xE1, 0x2B,
    0xA6, 0xE9, 0x0D, 0x57, 0x5E, 0x51, 0x1F, 0xA1, 0x2D, 0x0A, 0xEA, 0x82, 0xF7, 0x69, 0x72, 0x7D,
    0x0C, 0x28, 0x83, 0xA1, 0xBB, 0x73, 0xC1, 0x28, 0x8F, 0xD5, 0xF7, 0x53, 0xA5, 0x37, 0x19, 0x8F,
    0x08, 0x8A, 0xE2, 0xBA, 0xA1, 0xAE, 0xA6, 0xAE, 0xDF, 0x85, 0xAA, 0xA2, 0x2C, 0x65, 0xFD, 0x8B,
    0x47, 0x04, 0x85, 0xA9, 0x50, 0x3F, 0x65, 0x88, 0xB8, 0x49, 0xEA, 0xA3, 0xF3, 0x86, 0x85, 0x78,
    0x93, 0x55, 0xCD, 0x5B, 0x84, 0xD5, 0x1B, 0x7B, 0xEC, 0x5B, 0x8D, 0x45, 0x2C, 0xAC, 0xF8, 0x25,
    0x12, 0xF1, 0x36, 0x92, 0x8B, 0xBF, 0xDD, 0x35, 0x9D, 0xDF, 0x14, 0x75, 0x07, 0x05, 0x05, 0xB4,
    0xF4, 0x0D, 0xA7, 0x83, 0x8B, 0x19, 0x7E, 0x71, 0x8B, 0x90, 0xC0, 0x0D, 0x57, 0xF4, 0x43, 0xE6,
    0xB8, 0xFD, 0x43, 0xF7, 0x98, 0x2A, 0x6C, 0xAD, 0xBE, 0x53, 0xA7, 0xB0, 0x86, 0xCB, 0x17, 0xBE,
    0x65, 0x0A, 0x39, 0x11, 0x3F, 0x73, 0x85, 0x60, 0xED, 0xB3, 0x82, 0x4B, 0x33, 0x27, 0x93, 0x4F,
    0xF5, 0xFC, 0x0A, 0xDF, 0x1A, 0x4D, 0x1C, 0xEC, 0x58, 0xFE, 0x72, 0x05, 0xED, 0x8E, 0x2B, 0x20,
    0x4F, 0xC8, 0xEF, 0x60, 0x9D, 0xA0, 0xB4, 0x8C, 0xD9, 0x06, 0x64, 0x7A, 0xA2, 0x21, 0x17, 0xB3,
    0x25, 0x7B, 0xF7, 0xF6, 0x83, 0x2C, 0x53, 0x71, 0x74, 0x41, 0x31, 0x83, 0xAA, 0x7C, 0x24, 0x73,
    0x8D, 0xDB, 0xD7, 0x35, 0xF9, 0x62, 0x32, 0x1A, 0x6C, 0xBD, 0xFE, 0x68, 0xA5, 0x6E, 0x57, 0xAD,
    0x37, 0xD0, 0x72, 0xC7, 0x86, 0x7E, 0x5A, 0xF3, 0x93, 0xA8, 0x28, 0xA6, 0x23, 0x97, 0x53, 0x5D,
    0x81, 0x26, 0xB7, 0x13, 0x2F, 0x77, 0x25, 0xA7, 0x8B, 0x96, 0x4C, 0x84, 0x77, 0x80, 0x91, 0xAB,
    0x2A, 0x1D, 0x6A, 0x58, 0x7A, 0x3F, 0xE7, 0xE6, 0xE2, 0x86, 0xBF, 0x6B, 0xE7, 0x90, 0x56, 0x91,
    0x76, 0xF2, 0xB4, 0x55, 0x8C, 0x6D, 0xBB, 0xE1, 0x17, 0x26, 0xC3, 0x45, 0x21, 0x2B, 0x9A, 0x6C,
    0x05, 0x8E, 0xE7, 0x27, 0xE4, 0xB6, 0xE0, 0x7D, 0x86, 0xA0, 0xD8, 0x8A, 0x1D, 0xCB, 0xEF, 0xBF,
    0x19, 0x8B, 0xBF, 0xD9, 0xE0, 0x2F, 0x66, 0xAC, 0xCE, 0x63, 0xF9, 0x97, 0x59, 0x05, 0x84, 0x6E,
    0xD7, 0x88, 0x4E, 0x1C, 0x3A, 0x80, 0x3D, 0x75, 0x4A, 0xD3, 0xC9, 0x3C, 0x17, 0x57, 0x58, 0x77,
    0xFF, 0xAF, 0xF7, 0xAC, 0x7C, 0x6C, 0xA5, 0x7F, 0xB9, 0xEC, 0x4A, 0x26, 0x91, 0x78, 0xCF, 0x9C,
    0x7E, 0xAA, 0xF6, 0x16, 0xAA, 0xB7, 0x5A, 0x51, 0xE1, 0x9E, 0x47, 0xBF, 0xE7, 0x8B, 0xE0, 0x7E,
    0x9F, 0xFB, 0x57, 0xD4, 0x2D, 0xE6, 0xA9, 0xC9, 0x75, 0x6F, 0x3F, 0x92, 0x3B, 0xA3, 0x10, 0x9B,
    0x2D, 0x70, 0xE0, 0xA4, 0xB5, 0xB0, 0x12, 0x32, 0xC8, 0xED, 0x58, 0x6F, 0x7F, 0xBC, 0xB0, 0x8F,
    0x9E, 0x0D, 0xE4, 0xF5, 0x57, 0x52, 0xC8, 0x0F, 0x7A, 0x8C, 0x78, 0xDC, 0xB7, 0x99, 0x39, 0x7A,
    0xCB, 0x97, 0x49, 0x9A, 0x3A, 0x3A, 0x59, 0x6E, 0xDD, 0x26, 0x2E, 0x2B, 0x4C, 0x70, 0x76, 0xAC,
    0xA2, 0x58, 0xFC, 0x8E, 0x58, 0xD9, 0xA8, 0xB9, 0x2F, 0xB5, 0x8A, 0x16, 0xB5, 0x11, 0x85, 0x58,
    0x91, 0x3B, 0x85, 0x09, 0x82, 0xC2, 0x57, 0x99, 0xD4, 0xE7, 0x4F, 0xC6, 0xCF, 0xF0, 0x7B, 0x1B,
    0x78, 0xC8, 0xED, 0x88, 0x39, 0x11, 0x3F, 0x79, 0x86, 0xD7, 0xFC, 0xA5, 0x03, 0x93, 0x1D, 0xC3,
    0xEF, 0x7D, 0x6C, 0x83, 0xCF, 0x53, 0xFF, 0x53, 0x7B, 0x42, 0x7E, 0xA4, 0xC5, 0x7A, 0xD7, 0x0E,
    0xB6, 0xB2, 0xC5, 0x71, 0xD0, 0xB9, 0xF4, 0x50, 0x7B, 0x0F, 0xB6, 0x18, 0x41, 0x58, 0x2C, 0xE9,
    0x7F, 0x41, 0x05, 0x6F, 0x6B, 0x55, 0x62, 0xD1, 0xC3, 0xFD, 0x9D, 0x62, 0x28, 0x75, 0xDA, 0x94,
    0x8F, 0x36, 0x51, 0x5D, 0xB5, 0xE3, 0xED, 0xAF, 0x2B, 0x36, 0x9D, 0x41, 0xCF, 0x4E, 0x34, 0xEF,
    0x6D, 0x32, 0xD7, 0x6C, 0xA2, 0xF0, 0xAB, 0x23, 0x48, 0x6A, 0x5A, 0x65, 0x67, 0x0F, 0xDE, 0x3E,
    0x73, 0x39, 0x35, 0xE9, 0x54, 0xE9, 0x74, 0x59, 0xEC, 0x6A, 0x4F, 0x3B, 0xDE, 0x6D, 0x95, 0x56,
    0x49, 0x0F, 0x63, 0xEE, 0xBC, 0xCC, 0xA9, 0xC7, 0x53, 0x73, 0xA0, 0xEA, 0xE0, 0x7F, 0x62, 0x0F,
    0x91, 0x73, 0xAA, 0xF9, 0x4F, 0x02, 0xBD, 0x2B, 0x6F, 0x1A, 0x93, 0xAC, 0xFF, 0x8F, 0x9C, 0xE3,
    0x7B, 0xE4, 0x65, 0x3C, 0x62, 0xDC, 0x66, 0xB5, 0x85, 0xE0, 0x13, 0x46, 0x85, 0x7F, 0x92, 0xEF,
    0x3F, 0x8E, 0xA1, 0x28, 0xCA, 0xC7, 0x49, 0xB9, 0x39, 0xCE, 0x33, 0x1B, 0x54, 0xFB, 0x5D, 0x53,
    0x94, 0xE2, 0xEE, 0xF5, 0xE4, 0x1F, 0x9A, 0x71, 0x0B, 0x13, 0xF5, 0xC7, 0xA1, 0x4B, 0x16, 0xA8,
    0x29, 0x2C, 0x2A, 0xCC, 0x15, 0xD7, 0x16, 0xA7, 0xA2, 0xB6, 0x33, 0x35, 0x88, 0x0F, 0x38, 0x59,
    0xD3, 0x0F, 0x52, 0x16, 0x5C, 0x09, 0xFC, 0x7F, 0xF3, 0x37, 0x49, 0x0E, 0x8B, 0x9A, 0x29, 0xA7,
    0xF4, 0x5F, 0xAD, 0x59, 0xCF, 0x6F, 0x1B, 0xC7, 0x15, 0x7E, 0xBB, 0x1B, 0x6B, 0xEC, 0xAC, 0xC5,
    0xF1, 0xA1, 0x07, 0x03, 0x96, 0xB8, 0x3A, 0x04, 0x85, 0x81, 0x8A, 0xA2, 0x0E, 0x3A, 0x28, 0xE8,
    0x92, 0x1C, 0x39, 0x05, 0x12, 0x34, 0x87, 0xEA, 0x62, 0xE7, 0x60, 0xB4, 0x35, 0x7A, 0x68, 0x7A,
    0x68, 0x63, 0x1D, 0x5C, 0x80, 0x6E, 0x29, 0x6B, 0x1D, 0x07, 0xF0, 0x21, 0x28, 0x2C, 0xA0, 0x85,
    0x0D, 0x14, 0x08, 0xEA, 0x3F, 0xA0, 0x69, 0x89, 0x42, 0x01, 0x14, 0x40, 0xF6, 0x6E, 0x7C, 0xC9,
    0xA1, 0x87, 0x6E, 0x10, 0x58, 0x87, 0x1A, 0x28, 0x36, 0x69, 0xDC, 0x9E, 0x02, 0x2C, 0xD0, 0x75,
    0x43, 0xA0, 0xA4, 0xB6, 0xDF, 0x9B, 0xA1, 0x24, 0x4A, 0xA2, 0x7E, 0x50, 0x94, 0xC8, 0x47, 0x91,
    0xC3, 0xDD, 0xF7, 0xBE, 0x79, 0xF3, 0xE6, 0xBD, 0xEF, 0x0D, 0x89, 0xF0, 0x57, 0x6B, 0xD3, 0xD6,
    0x9F, 0x88, 0x88, 0x64, 0x4C, 0x34, 0x9A, 0x12, 0x4D, 0x42, 0x66, 0x57, 0x89, 0xA6, 0x1B, 0x44,
    0x4D, 0x9F, 0x28, 0x99, 0x22, 0x2B, 0xF2, 0xC8, 0xCE, 0x73, 0x72, 0x02, 0x37, 0x10, 0xB8, 0xD8,
    0x25, 0x27, 0xF6, 0xC8, 0x49, 0xC3, 0xD8, 0x63, 0x25, 0xE5, 0x1E, 0x4D, 0x17, 0x32, 0xBA, 0xB9,
    0x48, 0x99, 0xA4, 0x6B, 0x12, 0x2A, 0xC9, 0xCD, 0xE9, 0xD6, 0x0F, 0xF8, 0x63, 0x2A, 0xE9, 0xD1,
    0xD2, 0x72, 0xF9, 0x4E, 0xA2, 0xAF, 0xBA, 0x76, 0x96, 0x68, 0xE6, 0x22, 0x91, 0x97, 0x9E, 0x84,
    0xFD, 0xE9, 0x33, 0x34, 0x36, 0x46, 0x6E, 0x7A, 0x64, 0x08, 0x43, 0x99, 0xB3, 0x71, 0xB3, 0x0B,
    0x33, 0x05, 0x88, 0x54, 0x78, 0x1F, 0x1F, 0x6E, 0xD0, 0x51, 0x7C, 0xF9, 0x38, 0x51, 0x51, 0x91,
    0x1B, 0x18, 0x15, 0x90, 0x29, 0xA8, 0x38, 0x07, 0x09, 0x7F, 0x4F, 0xE2, 0xE9, 0x63, 0xF2, 0xF0,
    0xF0, 0xA1, 0xBB, 0x4E, 0x0E, 0xAD, 0x60, 0x38, 0xEB, 0x11, 0x20, 0x24, 0x20, 0xA4, 0x0A, 0x59,
    0xB8, 0x0A, 0xA8, 0x9E, 0x2F, 0xE2, 0x3E, 0x78, 0x53, 0xB0, 0x49, 0x0C, 0xD3, 0x35, 0x9E, 0xBB,
    0x15, 0x2A, 0x77, 0x3D, 0xF6, 0xEC, 0xB4, 0x64, 0x27, 0x98, 0x8C, 0x79, 0xE2, 0x4B, 0x0F, 0x06,
    0x9F, 0x26, 0x56, 0xAE, 0x68, 0x94, 0x97, 0x1E, 0xB0, 0xFF, 0x1B, 0x93, 0xA5, 0x26, 0x8C, 0xC7,
    0x86, 0xB1, 0x3F, 0x4B, 0xF4, 0x98, 0xAC, 0x67, 0xCA, 0x99, 0x8B, 0x8E, 0x64, 0x9F, 0xDD, 0x56,
    0x86, 0x14, 0x69, 0x78, 0xDB, 0x88, 0xA0, 0x45, 0x6D, 0x81, 0x8E, 0x34, 0x77, 0x3D, 0x5F, 0xCC,
    0x5B, 0xCF, 0xBF, 0x70, 0x02, 0xF6, 0x89, 0x30, 0x6B, 0xCC, 0x1D, 0x1E, 0x60, 0x3F, 0x1C, 0x01,
    0x82, 0xAD, 0xB0, 0x4C, 0xFF, 0x82, 0xA7, 0x96, 0x94, 0x8E, 0x07, 0x8D, 0x20, 0x4F, 0xC8, 0xBB,
    0xFC, 0x18, 0xC1, 0x24, 0x03, 0xA9, 0x9C, 0x48, 0x2A, 0x3B, 0x91, 0xCA, 0x4A, 0x77, 0x09, 0xC6,
    0x9C, 0x58, 0x2A, 0x81, 0xEF, 0x25, 0xAE, 0x5F, 0xC3, 0x7D, 0xCB, 0x00, 0xD0, 0x42, 0xFC, 0xAE,
    0x42, 0xEA, 0x4D, 0x08, 0xE6, 0x56, 0x57, 0x56, 0xB8, 0x4A, 0xEE, 0xFD, 0x16, 0x66, 0x58, 0xA7,
    0x12, 0xC4, 0xEF, 0x91, 0x0A, 0x64, 0x8A, 0x5A, 0x24, 0x1F, 0xB4, 0xC9, 0xEE, 0xD4, 0x54, 0x39,
    0x6F, 0x61, 0xFA, 0xD7, 0x03, 0x27, 0x76, 0x12, 0x27, 0xA6, 0x14, 0xB2, 0x0A, 0x69, 0xB0, 0x2C,
    0xE5, 0x51, 0xA3, 0xFB, 0xBE, 0x0E, 0xC9, 0x9C, 0xD8, 0xC2, 0xF7, 0x4E, 0x84, 0xEB, 0xA9, 0x9C,
    0x7F, 0xC5, 0xB6, 0xBB, 0xCE, 0xA9, 0x63, 0x49, 0x73, 0xFD, 0x7F, 0x10, 0xDB, 0xBC, 0xEF, 0xF3,
    0x60, 0xD3, 0x07, 0xA9, 0x9C, 0xCB, 0xA4, 0x9A, 0x95, 0xEA, 0x3C, 0x36, 0x95, 0x54, 0x91, 0x9C,
    0x8B, 0x64, 0x1E, 0xC9, 0x4B, 0x11, 0xBF, 0xE7, 0x91, 0xB3, 0x52, 0x8D, 0x49, 0xD5, 0x08, 0x73,
    0xDE, 0xF2, 0x4E, 0x1E, 0x6D, 0xA5, 0x1C, 0x76, 0xFA, 0x83, 0xB8, 0x48, 0xE9, 0x24, 0xA5, 0xB5,
    0x3C, 0xAD, 0x68, 0x8F, 0x57, 0xD9, 0xE9, 0xE7, 0xBA, 0x31, 0x47, 0x74, 0x8A, 0x22, 0xE7, 0x52,
    0x60, 0x6D, 0x1C, 0xCB, 0x16, 0xEE, 0xBD, 0x13, 0xD0, 0xC6, 0x91, 0xCD, 0x21, 0x14, 0xD6, 0xB4,
    0x53, 0x06, 0xB5, 0x65, 0x6E, 0xF4, 0x8F, 0x6A, 0x08, 0xCA, 0xBD, 0xCB, 0x46, 0xF9, 0xC5, 0xAE,
    0xF2, 0x4B, 0x7D, 0x94, 0x7B, 0x97, 0xCD, 0x44, 0x9A, 0x9C, 0x77, 0x9C, 0x80, 0x44, 0x4C, 0x76,
    0x66, 0x85, 0xE4, 0x3E, 0x88, 0x3C, 0x2B, 0x29, 0x51, 0xEA, 0xF7, 0xE8, 0xD7, 0x91, 0x9A, 0x5A,
    0x58, 0x97, 0x82, 0x46, 0x72, 0x83, 0xE8, 0x26, 0x6F, 0xD8, 0x53, 0x14, 0x38, 0x08, 0xF4, 0x4E,
    0x37, 0xD0, 0x07, 0xF6, 0xA1, 0x85, 0x7D, 0x42, 0xF4, 0xA8, 0x67, 0x9F, 0x1C, 0xEC, 0xC3, 0x7D,
    0xD3, 0x54, 0x88, 0x8B, 0x24, 0x90, 0x09, 0xDE, 0xAA, 0x6A, 0xE7, 0x56, 0x0D, 0x53, 0x44, 0x57,
    0xD0, 0x20, 0x57, 0x55, 0x20, 0xB8, 0x4E, 0x89, 0xE7, 0xD8, 0x68, 0xE1, 0x3F, 0x15, 0x4F, 0x1E,
    0x91, 0xFE, 0x01, 0x8D, 0x3A, 0xB8, 0xB2, 0x64, 0x77, 0xFE, 0x24, 0xAF, 0x46, 0x15, 0x3B, 0xF6,
    0xAD, 0xC4, 0xB7, 0x13, 0x0F, 0x39, 0x3E, 0x67, 0x93, 0x93, 0x1C, 0xC8, 0xB1, 0xCC, 0x5B, 0x93,
    0xB4, 0x86, 0xA0, 0xAD, 0x53, 0xBD, 0x7A, 0x25, 0x75, 0x75, 0x04, 0x01, 0xC6, 0x34, 0x51, 0xFC,
    0x10, 0x5B, 0x37, 0x18, 0x1E, 0x0E, 0xD1, 0x19, 0x4B, 0x89, 0xD7, 0xB1, 0x0F, 0x8C, 0xAE, 0xC1,
    0x11, 0xF5, 0xCD, 0xA3, 0xC7, 0x44, 0x83, 0x45, 0xC6, 0x22, 0xAD, 0x1C, 0x17, 0xCA, 0x70, 0x8E,
    0xD0, 0x31, 0xA7, 0x05, 0xA5, 0x8C, 0xCE, 0x6E, 0x53, 0x09, 0xB8, 0x1B, 0xDE, 0x6E, 0x19, 0x60,
    0x83, 0xA3, 0x42, 0xA4, 0x93, 0x44, 0x92, 0xAE, 0xE0, 0xF6, 0x6B, 0xA7, 0x8D, 0x8F, 0x52, 0xAF,
    0xE3, 0x2D, 0x0B, 0xC4, 0xAD, 0x1D, 0xEF, 0x91, 0x1C, 0x5A, 0x2E, 0x5F, 0xD9, 0x3B, 0xAE, 0x9C,
    0x84, 0xEF, 0xD3, 0x35, 0x1B, 0xEA, 0x4A, 0xD8, 0xD7, 0x13, 0x46, 0x9D, 0x56, 0x6F, 0x43, 0xAC,
    0x5E, 0xF9, 0xB2, 0x4D, 0x56, 0xE7, 0xC7, 0x64, 0xA5, 0x2E, 0xF2, 0xB6, 0x08, 0xAC, 0x64, 0xAF,
    0xD8, 0xA9, 0x1B, 0xC9, 0x4E, 0x2D, 0xAB, 0xB5, 0x64, 0x0E, 0x22, 0x60, 0xA5, 0x24, 0x02, 0x4A,
    0x69, 0x29, 0xCF, 0x7B, 0x3F, 0x9A, 0x97, 0x3C, 0xC7, 0xCB, 0xAE, 0xB1, 0xAD, 0x17, 0x5C, 0x9C,
    0x91, 0xD6, 0x52, 0xC3, 0x6C, 0xC1, 0x2C, 0x78, 0x98, 0xC2, 0x8E, 0xF9, 0x2F, 0xDE, 0xC7, 0x65,
    0x2F, 0x1A, 0xB8, 0xBD, 0x04, 0x29, 0x62, 0x6C, 0xAF, 0xB8, 0x51, 0x99, 0x6A, 0x59, 0x8E, 0xC2,
    0xE1, 0xDD, 0xFE, 0xB6, 0xE6, 0x71, 0xE5, 0x8E, 0x40, 0xAA, 0xEF, 0xFB, 0x48, 0xCA, 0xD0, 0x5C,
    0xFE, 0xDE, 0x4F, 0x5B, 0x66, 0xF2, 0x22, 0xB1, 0x76, 0x3C, 0xEC, 0x54, 0xE2, 0xFB, 0x30, 0xD3,
    0xAE, 0xCE, 0x3C, 0xB8, 0xAE, 0xEF, 0x23, 0xE0, 0x2B, 0x36, 0xD9, 0xE7, 0x7E, 0x5A, 0xA6, 0x47,
    0x2E, 0x8E, 0xC9, 0xEC, 0x70, 0x34, 0xD3, 0x67, 0x67, 0x2F, 0xCA, 0x64, 0x7F, 0x4D, 0x07, 0xE3,
    0x10, 0xA8, 0xC1, 0x3E, 0x55, 0x94, 0x17, 0xB8, 0xF8, 0x2C, 0x74, 0x38, 0xD6, 0x02, 0x2F, 0x10,
    0x3B, 0x1E, 0x6E, 0x54, 0xCB, 0x1C, 0x55, 0x40, 0xA8, 0x4D, 0xE1, 0x2A, 0x17, 0xA1, 0xEC, 0xAA,
    0xC3, 0x66, 0xD8, 0x5F, 0x0B, 0x66, 0x1E, 0xB6, 0xBC, 0x98, 0xF8, 0x4E, 0xB8, 0xFF, 0xE8, 0x2F,
    0x0D, 0xE0, 0x53, 0x6B, 0x12, 0xA6, 0x2B, 0xEF, 0xC0, 0x32, 0x18, 0xA7, 0xAB, 0x4A, 0x32, 0xA8,
    0x0A, 0x35, 0x69, 0xFC, 0x58, 0x0B, 0x3A, 0x1E, 0x3E, 0x06, 0xC5, 0x3D, 0xCF, 0x71, 0x37, 0x1A,
    0xAF, 0x65, 0xE0, 0x1A, 0x25, 0x9D, 0xD0, 0x11, 0xBE, 0x70, 0x97, 0x22, 0x3B, 0xE0, 0x70, 0x46,
    0x34, 0x9B, 0x60, 0xC6, 0x7A, 0xA0, 0x2E, 0x38, 0xD1, 0x7E, 0xCF, 0xAA, 0x13, 0x55, 0x44, 0x50,
    0xBD, 0x4E, 0x6E, 0x8B, 0x79, 0x71, 0x32, 0xBE, 0x32, 0x33, 0xC6, 0x24, 0xDA, 0xDE, 0xE9, 0xF3,
    0x98, 0x1F, 0x36, 0x93, 0x84, 0xA0, 0x40, 0x2F, 0x01, 0x29, 0x38, 0x73, 0x50, 0x06, 0xF6, 0x49,
    0x6C, 0xFA, 0x26, 0xA1, 0x3C, 0x90, 0x7C, 0x13, 0xF7, 0xFD, 0x1C, 0x02, 0xC6, 0x20, 0xFF, 0x86,
    0x4A, 0xF1, 0x3A, 0xC6, 0x2E, 0x25, 0xF8, 0x3E, 0x83, 0x34, 0xC8, 0x5B, 0x2E, 0xCF, 0x87, 0x59,
    0x97, 0xCD, 0xCB, 0xAE, 0x70, 0x6A, 0x18, 0xDD, 0x9C, 0xE9, 0x76, 0xA4, 0x6F, 0xC9, 0xBB, 0x39,
    0xFE, 0xAF, 0x92, 0xB8, 0x1D, 0x93, 0xB8, 0x0B, 0x97, 0xFD, 0x11, 0x63, 0x20, 0x65, 0xE2, 0x1E,
    0xDE, 0xDF, 0xC5, 0xD8, 0x6D, 0xDE, 0x2B, 0x8F, 0x54, 0x2D, 0x2D, 0x9B, 0xE4, 0x5D, 0xEC, 0xA6,
    0x1C, 0x77, 0x3B, 0xE5, 0xD4, 0xA0, 0xE3, 0x42, 0xD0, 0xC1, 0xB5, 0x89, 0xD1, 0xF1, 0x21, 0xEE,
    0x7F, 0xB4, 0xA9, 0x23, 0xDA, 0xA9, 0x03, 0xAE, 0x02, 0x69, 0x53, 0xCC, 0xDE, 0xB1, 0xA6, 0x5E,
    0x40, 0xBA, 0xE4, 0xF5, 0x7D, 0x9E, 0xD6, 0x75, 0xD0, 0x97, 0x73, 0x6B, 0x61, 0xDE, 0xB2, 0x62,
    0x11, 0x17, 0xD5, 0x39, 0x4C, 0xE2, 0xC2, 0xAE, 0xF0, 0xD8, 0x11, 0x28, 0xAD, 0x81, 0x94, 0x32,
    0x7A, 0xC3, 0x33, 0xB9, 0xAD, 0x32, 0x3E, 0x3A, 0x58, 0x3D, 0x77, 0x5C, 0x48, 0x2A, 0x91, 0xA3,
    0x67, 0x9E, 0x84, 0x59, 0xEA, 0x05, 0x0F, 0x75, 0xE1, 0x56, 0x87, 0x5A, 0xAB, 0xDD, 0xA3, 0x0B,
    0xF7, 0x90, 0x5B, 0x48, 0xFC, 0x86, 0xC4, 0x7B, 0xEC, 0xFE, 0xFD, 0x9E, 0x68, 0x71, 0x60, 0x6A,
    0xCF, 0x54, 0x66, 0x39, 0x92, 0x55, 0xBD, 0xBF, 0xF2, 0x00, 0x6B, 0xB0, 0x53, 0xCF, 0x5D, 0x25,
    0xDE, 0x8F, 0xC4, 0xDD, 0xA0, 0xAF, 0x72, 0x4E, 0x01, 0x02, 0xF1, 0x0C, 0x7E, 0xDA, 0x95, 0x80,
    0x9C, 0x67, 0x08, 0xD8, 0x0E, 0x37, 0x66, 0xA8, 0xD5, 0x90, 0xDF, 0xEA, 0x71, 0x1B, 0x22, 0x20,
    0x12, 0xC2, 0xFC, 0x75, 0xA3, 0xD7, 0x49, 0xEF, 0x89, 0xB6, 0x9B, 0x2C, 0x05, 0x6F, 0xEF, 0x72,
    0x12, 0x28, 0xB5, 0x9D, 0x9A, 0x68, 0x7B, 0x09, 0x0B, 0x1D, 0xCB, 0xB6, 0x97, 0x8E, 0x64, 0x48,
    0x4B, 0x71, 0x61, 0x0D, 0x52, 0x85, 0x78, 0x10, 0x19, 0xC4, 0x05, 0x27, 0x8A, 0x0B, 0x76, 0x1A,
    0x17, 0x28, 0x83, 0x34, 0x20, 0x55, 0x08, 0xB6, 0x39, 0x50, 0x84, 0x48, 0x56, 0xE8, 0x29, 0x0D,
    0x40, 0xEE, 0x18, 0xCF, 0x9B, 0x80, 0x2B, 0xBF, 0x89, 0x80, 0xFA, 0xE8, 0x68, 0xE9, 0x79, 0x28,
    0xDB, 0xFC, 0xC7, 0x73, 0xE0, 0x96, 0x13, 0xDB, 0x9E, 0x9C, 0xC1, 0xED, 0x6F, 0x6F, 0x46, 0x65,
    0xEE, 0x7F, 0xB9, 0x5B, 0xA4, 0xE7, 0x4F, 0x9B, 0x0A, 0xCB, 0xED, 0xB4, 0x63, 0xCA, 0xF9, 0xD0,
    0x58, 0x63, 0x54, 0xFE, 0x9B, 0x5C, 0x91, 0x02, 0xB3, 0x41, 0x07, 0xC4, 0xCA, 0xFC, 0xF9, 0x16,
    0x69, 0x3E, 0xA9, 0x73, 0x06, 0xBA, 0x44, 0x9A, 0x58, 0x03, 0x6B, 0x5B, 0x5C, 0x4F, 0x40, 0x99,
    0x52, 0x24, 0x42, 0x96, 0xE6, 0x1E, 0xA9, 0x82, 0xAA, 0xE4, 0x9F, 0xE6, 0xFB, 0xE2, 0x77, 0x19,
    0x7F, 0xBC, 0x0B, 0xFF, 0x14, 0x44, 0x02, 0xBF, 0xE8, 0xE2, 0x67, 0x9E, 0x80, 0x8C, 0xA9, 0xD3,
    0x12, 0x3B, 0xEC, 0x34, 0x63, 0x07, 0x74, 0x20, 0x07, 0xF0, 0x5D, 0xD9, 0xD9, 0x8D, 0x8A, 0xB5,
    0xAC, 0xA8, 0x3B, 0xC1, 0x49, 0xBD, 0x87, 0x11, 0x71, 0x26, 0x41, 0xE5, 0xE9, 0x36, 0x11, 0x42,
    0xAB, 0x29, 0x9E, 0x3E, 0x62, 0x7E, 0xA5, 0xC0, 0xAF, 0x22, 0xF0, 0xAB, 0x78, 0x05, 0xBC, 0x23,
    0x03, 0xC7, 0xD8, 0x94, 0x16, 0x3E, 0x37, 0x30, 0x5E, 0x81, 0x6D, 0xE6, 0x61, 0xA6, 0x45, 0xD5,
    0xEE, 0xDC, 0xD9, 0x2A, 0x05, 0xE2, 0x7E, 0x2A, 0x69, 0xB5, 0x44, 0x3E, 0xEA, 0x9E, 0x7E, 0xFA,
    0x55, 0xF2, 0x3D, 0xAA, 0xBB, 0xEB, 0xDD, 0x56, 0x89, 0x28, 0x7A, 0x05, 0x39, 0x61, 0x01, 0x59,
    0x24, 0x3A, 0x11, 0xFB, 0x14, 0xD8, 0x4F, 0x22, 0x0A, 0x8F, 0x0C, 0x41, 0x60, 0xCD, 0x3D, 0x24,
    0xE7, 0x59, 0x94, 0xAA, 0x79, 0x35, 0x3C, 0x84, 0xB1, 0x19, 0xF2, 0x33, 0xFA, 0x4B, 0x4C, 0x77,
    0x8E, 0x66, 0x3F, 0xFC, 0x2C, 0x47, 0x15, 0x78, 0xFE, 0xF8, 0xC5, 0x2D, 0x3E, 0x15, 0x48, 0x34,
    0xA9, 0x4D, 0x1C, 0xA6, 0xB5, 0x09, 0x73, 0x51, 0x3B, 0x79, 0x05, 0x71, 0x62, 0x25, 0x33, 0xFC,
    0x9A, 0x67, 0xFA, 0xFD, 0x0D, 0xBC, 0xF2, 0x78, 0x43, 0xD3, 0x41, 0x1F, 0x57, 0xDA, 0xA0, 0xB9,
    0x6E, 0xE2, 0x28, 0x11, 0xDF, 0x4A, 0x50, 0x27, 0xC2, 0x2F, 0x40, 0xED, 0x60, 0x3A, 0x54, 0x62,
    0xFD, 0x9B, 0xFB, 0x49, 0x11, 0xEE, 0x48, 0x4B, 0xC8, 0xD8, 0xE8, 0xBD, 0xD0, 0xFF, 0xF8, 0x9C,
    0xBB, 0x7D, 0xD3, 0x03, 0xE9, 0x2E, 0x68, 0x09, 0x7D, 0xD0, 0xFA, 0xFF, 0xB8, 0x0F, 0x9B, 0x63,
    0x87, 0xC0, 0x09, 0xD0, 0xA1, 0x3B, 0x4A, 0x26, 0x1E, 0x68, 0xCE, 0xBC, 0x2B, 0xA6, 0x58, 0xB2,
    0x3B, 0x8C, 0xD4, 0x51, 0x44, 0x53, 0x14, 0x55, 0xA4, 0xD4, 0xAB, 0x48, 0xB7, 0xAF, 0xA1, 0xA0,
    0xCE, 0xA5, 0x3D, 0x45, 0xB5, 0xAA, 0xC2, 0x16, 0x36, 0xA9, 0xAB, 0xEB, 0x1E, 0x22, 0x6D, 0x99,
    0x9D, 0xF1, 0x1D, 0xEC, 0x99, 0x5F, 0x27, 0xE2, 0xF3, 0x44, 0x3C, 0x89, 0xFB, 0xE4, 0xD7, 0xF6,
    0x70, 0xB6, 0x76, 0x73, 0xFB, 0x6E, 0x01, 0x3F, 0xD4, 0xA8, 0x39, 0x10, 0xC4, 0x13, 0x49, 0xD3,
    0xE4, 0x14, 0x74, 0x9F, 0xC4, 0xED, 0x27, 0xF7, 0x9F, 0xA6, 0x83, 0xA4, 0x61, 0xA1, 0x39, 0x56,
    0x60, 0x3F, 0xA3, 0xAD, 0x86, 0xF6, 0x70, 0x50, 0x05, 0x9D, 0x51, 0xB0, 0xDA, 0x44, 0x23, 0x9D,
    0x87, 0xDE, 0xD5, 0xC4, 0xE7, 0xD5, 0x6B, 0xFA, 0x34, 0x51, 0xC3, 0x14, 0xB1, 0xFE, 0x8C, 0x27,
    0x41, 0xC1, 0x98, 0xA7, 0xAC, 0x49, 0xE9, 0x2A, 0xA5, 0xE1, 0x5B, 0xF1, 0x4F, 0x36, 0x88, 0x16,
    0xF8, 0x58, 0x65, 0x84, 0xFD, 0xF0, 0xF5, 0xAB, 0x8B, 0xCD, 0xD1, 0x95, 0x53, 0x4B, 0xCA, 0x6B,
    0xD1, 0x2D, 0x25, 0xD3, 0x42, 0xE7, 0x17, 0x7F, 0xCE, 0xB0, 0xE7, 0x2D, 0x90, 0xAF, 0x3F, 0xD0,
    0x69, 0x8B, 0xE7, 0x3A, 0x90, 0xEE, 0x6D, 0x26, 0xD6, 0x5F, 0xF7, 0x60, 0x40, 0xAF, 0xE9, 0xD3,
    0x9C, 0x51, 0xB2, 0x7E, 0x48, 0x56, 0x6B, 0x1F, 0x8D, 0x0E, 0xEF, 0x82, 0x85, 0x33, 0xA9, 0x1B,
    0x03, 0x2E, 0x40, 0x5B, 0xFA, 0x60, 0x61, 0x50, 0xDC, 0xA0, 0x29, 0x63, 0xE3, 0x2B, 0xD8, 0x1F,
    0xC1, 0x7E, 0xC8, 0x3D, 0xF4, 0x3D, 0xE5, 0xB7, 0xD6, 0x53, 0x5F, 0x44, 0x37, 0x66, 0x44, 0x34,
    0x33, 0x21, 0xA2, 0x6F, 0xE9, 0x73, 0xDB, 0x83, 0x84, 0x2B, 0x7E, 0xD8, 0x36, 0x05, 0x4A, 0x70,
    0x80, 0x03, 0xD9, 0x29, 0x24, 0x52, 0x19, 0x91, 0xAD, 0xCB, 0x93, 0xD0, 0x9C, 0xA3, 0xB6, 0x41,
    0x17, 0x7E, 0x07, 0x02, 0xDD, 0xE7, 0x29, 0x3E, 0x21, 0x67, 0x43, 0xF7, 0x9D, 0x3D, 0x9E, 0xD8,
    0x59, 0xE4, 0x4C, 0x7E, 0x1E, 0x0A, 0x1F, 0xEA, 0x82, 0xAB, 0x6C, 0xB0, 0x91, 0xEF, 0x93, 0x78,
    0xE3, 0x20, 0x44, 0xC0, 0x2B, 0xD6, 0xD1, 0x4E, 0x1E, 0x68, 0xCE, 0x42, 0x6A, 0x39, 0xC8, 0xDC,
    0x7E, 0x53, 0x5F, 0xDA, 0x60, 0x56, 0xB0, 0xCB, 0x90, 0xFE, 0xAB, 0xBE, 0x41, 0x74, 0xA5, 0xB5,
    0x55, 0x35, 0xF2, 0x54, 0xB6, 0xCB, 0x6A, 0x04, 0x99, 0xD0, 0x8A, 0x0E, 0x15, 0x65, 0x83, 0x59,
    0x3A, 0xCA, 0x7E, 0xF1, 0x0E, 0xD8, 0xD7, 0x57, 0x26, 0xE5, 0xB7, 0xE6, 0xC9, 0xBE, 0xBE, 0x5D,
    0x85, 0xCA, 0xD6, 0x1A, 0xEA, 0xF0, 0x9A, 0x3E, 0x2E, 0xE8, 0x27, 0x2E, 0x76, 0xAA, 0x58, 0xEF,
    0x90, 0xB5, 0xD1, 0x65, 0xEB, 0x4B, 0x27, 0x87, 0xC5, 0xEE, 0xA9, 0x86, 0xC7, 0xC2, 0x32, 0xBF,
    0xF9, 0xD3, 0x45, 0x72, 0x32, 0x78, 0xD4, 0x32, 0x59, 0x9F, 0x00, 0x53, 0x38, 0x04, 0x26, 0x5E,
    0xE8, 0x71, 0xC4, 0xFA, 0xE4, 0x82, 0x89, 0xD1, 0x13, 0xC0, 0xA5, 0x19, 0xD4, 0xBF, 0x91, 0x90,
    0x3E, 0x87, 0x2C, 0x1D, 0x03, 0x97, 0xFD, 0x04, 0xB1, 0xF5, 0xD7, 0x80, 0x8A, 0x68, 0x3B, 0xCF,
    0x9D, 0x1B, 0x1E, 0xD3, 0x59, 0x34, 0x36, 0x3E, 0xF6, 0xE0, 0x2F, 0x31, 0xBF, 0x77, 0x07, 0xC7,
    0x73, 0x0C, 0xDB, 0x81, 0xFD, 0xE2, 0x3A, 0x6C, 0xB7, 0x0D, 0x71, 0xDF, 0xF9, 0x93, 0xCF, 0x80,
    0x6B, 0x34, 0xDA, 0x2D, 0x5B, 0x9C, 0x29, 0x3F, 0xEE, 0x52, 0x53, 0x73, 0xDA, 0x60, 0x96, 0xEB,
    0x55, 0x9D, 0x42, 0x97, 0xCF, 0x6F, 0x31, 0xBE, 0x14, 0xE5, 0x28, 0x2B, 0x2F, 0xCB, 0x48, 0xC4,
    0x52, 0x79, 0x31, 0xFF, 0x12, 0x55, 0x02, 0x9B, 0x70, 0xA2, 0xD9, 0x14, 0x69, 0x23, 0x9A, 0xC9,
    0x5E, 0x26, 0x3B, 0x5E, 0xA8, 0x23, 0x43, 0x25, 0x4D, 0x1F, 0x11, 0x99, 0x26, 0x3E, 0x8A, 0x40,
    0x1A, 0x97, 0x10, 0x99, 0x1F, 0x45, 0x45, 0xF8, 0xEA, 0x57, 0x91, 0x04, 0x8D, 0xFE, 0x6E, 0x20,
    0x9B, 0x7C, 0x90, 0xCA, 0x3D, 0x52, 0x59, 0xCF, 0x03, 0xE5, 0x88, 0xF4, 0x71, 0x1F, 0x39, 0xFF,
    0x60, 0x1E, 0xEF, 0x6C, 0x32, 0xAC, 0xB8, 0x55, 0x4E, 0xCB, 0xD4, 0x16, 0x81, 0xB4, 0xDA, 0x0E,
    0x49, 0xFB, 0x43, 0x41, 0xEE, 0x6B, 0x3F, 0x2A, 0x90, 0xB8, 0x23, 0x47, 0xC9, 0xF9, 0xD4, 0x1D,
    0x23, 0xFB, 0xEF, 0xE2, 0x67, 0x64, 0x7D, 0xED, 0x60, 0x15, 0xDA, 0x0E, 0xD2, 0x6A, 0x9B, 0x9B,
    0xA3, 0xCD, 0x63, 0x36, 0x3E, 0x17, 0xDB, 0x3C, 0x66, 0xCB, 0xBC, 0x56, 0x19, 0x8D, 0xAE, 0x8B,
    0xF5, 0x73, 0x62, 0x17, 0xDC, 0x0C, 0xD8, 0x56, 0x31, 0x7F, 0x1F, 0x58, 0x3C, 0x6E, 0x82, 0xBA,
    0x2D, 0x7C, 0xAF, 0xF0, 0x18, 0x1F, 0x0C, 0xF1, 0x8F, 0x22, 0x28, 0x1E, 0xF4, 0x0D, 0x12, 0x5B,
    0xB0, 0x6C, 0xF4, 0x7D, 0x91, 0x03, 0x3C, 0xAA, 0x3C, 0x9A, 0x5B, 0x37, 0x68, 0x62, 0xFE, 0x68,
    0xBF, 0x3F, 0xC3, 0xF7, 0x5F, 0xE2, 0x9E, 0xFF, 0x90, 0xD9, 0x3B, 0x20, 0x4F, 0xCC, 0xA1, 0xB5,
    0x9B, 0x31, 0xC5, 0x55, 0xA4, 0xF0, 0x8F, 0x23, 0xA3, 0x8A, 0x66, 0xE1, 0x95, 0x35, 0xB0, 0xC1,
    0xBA, 0x3F, 0x3C, 0x3E, 0xA1, 0x8F, 0x5D, 0x57, 0x99, 0x89, 0x2D, 0xE5, 0x9D, 0x45, 0x5A, 0x5B,
    0x40, 0x69, 0xB3, 0xF5, 0x6F, 0x8A, 0x08, 0x8D, 0x29, 0xFD, 0x4B, 0x11, 0x93, 0x41, 0x33, 0x30,
    0x5A, 0xA5, 0xF1, 0x06, 0x2D, 0xE6, 0x79, 0x9B, 0x63, 0xA0, 0xC2, 0xFC, 0xD1, 0xD2, 0x7B, 0xB6,
    0x96, 0xC7, 0x15, 0xE4, 0x71, 0xA9, 0x26, 0xCC, 0x2D, 0x29, 0xD6, 0x13, 0x64, 0xE3, 0xA1, 0xA4,
    0xA4, 0x62, 0xC7, 0xF8, 0xB6, 0xFB, 0x63, 0x40, 0x43, 0xE7, 0xBF, 0x81, 0x0C, 0x99, 0x43, 0xD3,
    0xCD, 0xFE, 0xE1, 0x50, 0x43, 0x23, 0xE6, 0x64, 0x7F, 0xA3, 0x4B, 0x84, 0x06, 0xB3, 0x45, 0x7C,
    0xA0, 0xEE, 0x7C, 0xA0, 0xAB, 0x64, 0xF3, 0x48, 0xE6, 0xFE, 0x0F, 0xAD, 0x58, 0xBF, 0x6F, 0x1C,
    0xC7, 0x15, 0xFE, 0x76, 0x57, 0xE2, 0x30, 0x5A, 0x91, 0xC3, 0x42, 0x85, 0x00, 0xFE, 0x58, 0x15,
    0x2E, 0x12, 0x84, 0xE4, 0xA9, 0x60, 0x41, 0x03, 0x7B, 0x77, 0x43, 0xA7, 0x08, 0x82, 0x14, 0x61,
    0x63, 0xBB, 0x10, 0x12, 0x0A, 0xA9, 0x1D, 0x8B, 0x05, 0x8B, 0x0B, 0x7C, 0x22, 0x17, 0x76, 0x91,
    0x22, 0x85, 0x05, 0x27, 0xB0, 0x80, 0xA4, 0xD1, 0x5F, 0x90, 0xB0, 0x90, 0x00, 0x06, 0x38, 0xE9,
    0x46, 0x6A, 0x5D, 0x64, 0x93, 0xC0, 0x74, 0x61, 0x20, 0x58, 0xC0, 0x26, 0xD4, 0x24, 0xC8, 0x06,
    0x58, 0x05, 0x1B, 0xE4, 0xC8, 0xCD, 0xF7, 0x66, 0xEF, 0x44, 0x31, 0x64, 0x44, 0xC9, 0xE4, 0x71,
    0xE7, 0xCD, 0x71, 0x39, 0xF3, 0xDE, 0x9B, 0xF7, 0xE3, 0x7B, 0x6F, 0x08, 0x40, 0x03, 0xFD, 0x2C,
    0x32, 0x2A, 0xDD, 0x0C, 0x30, 0x07, 0xFD, 0x4B, 0xC4, 0x08, 0xFE, 0x86, 0x0E, 0x82, 0x1C, 0xF7,
    0xE1, 0xE7, 0x28, 0xE0, 0xBD, 0x48, 0x4A, 0xF8, 0x19, 0xBA, 0xF0, 0x53, 0x34, 0x11, 0x58, 0x44,
    0xB2, 0x5F, 0xED, 0xDD, 0x06, 0xB9, 0xA4, 0x18, 0x7E, 0xC2, 0x84, 0xC3, 0x02, 0xBE, 0xF5, 0xFA,
    0x1F, 0x19, 0xB5, 0xFB, 0x1F, 0x32, 0xEE, 0x61, 0x81, 0x9C, 0x63, 0xEE, 0xAA, 0x47, 0x8C, 0x16,
    0x47, 0x44, 0x41, 0xE1, 0x6E, 0x06, 0xAF, 0x32, 0xB2, 0x51, 0x25, 0x55, 0xAE, 0x3F, 0xB3, 0x91,
    0xF1, 0x1F, 0x5B, 0x0D, 0xEF, 0x49, 0x42, 0xF2, 0x25, 0x25, 0x78, 0xA5, 0x90, 0x54, 0x88, 0x3D,
    0x99, 0x18, 0xDF, 0x42, 0xD9, 0xC0, 0xC0, 0x7F, 0xF6, 0x3E, 0x19, 0x6D, 0x7D, 0x3D, 0xD2, 0x05,
    0x39, 0xE0, 0x15, 0x9C, 0x97, 0xB6, 0xFC, 0xC1, 0x7A, 0x84, 0xCD, 0x54, 0xA3, 0xCD, 0x4D, 0xF1,
    0xB1, 0x11, 0x9A, 0x2E, 0xD4, 0xEE, 0x3E, 0xBC, 0x83, 0x46, 0x22, 0x1B, 0xBF, 0xE5, 0xB9, 0x29,
    0xF8, 0xAD, 0x63, 0xE3, 0x0D, 0x6A, 0x76, 0x1B, 0x23, 0xBE, 0xFD, 0x2A, 0xE3, 0x18, 0x44, 0x6F,
    0x3F, 0xA2, 0x4D, 0x4A, 0x6D, 0x74, 0x92, 0x7B, 0xB9, 0x36, 0x81, 0x4D, 0x83, 0x94, 0xEA, 0x64,
    0xB4, 0x82, 0x36, 0x34, 0x18, 0x2D, 0x24, 0x53, 0xB3, 0x9E, 0x4A, 0x37, 0xF1, 0x0B, 0xA7, 0x2C,
    0xE0, 0x89, 0x0C, 0x57, 0x27, 0x9C, 0x94, 0x8D, 0x30, 0x43, 0x2E, 0x5C, 0x38, 0x1F, 0xBD, 0xDD,
    0xE3, 0xC2, 0x5E, 0xBF, 0xBA, 0x83, 0xAA, 0x1A, 0xE0, 0xF0, 0xF3, 0xC6, 0x65, 0x27, 0x76, 0xB2,
    0x03, 0x11, 0xAB, 0x84, 0x8B, 0x4E, 0x7C, 0x39, 0x3E, 0x5D, 0x01, 0xB1, 0x42, 0x56, 0x55, 0x46,
    0x24, 0x14, 0xB5, 0xD8, 0xB4, 0x16, 0x9B, 0xEC, 0xD4, 0xD2, 0x87, 0x62, 0xDD, 0x86, 0x34, 0x1C,
    0x8A, 0xF5, 0x13, 0x11, 0x1B, 0x07, 0x89, 0x88, 0xDD, 0x09, 0x93, 0x5A, 0xAC, 0x19, 0x8A, 0x0C,
    0xCA, 0x60, 0x85, 0xBC, 0x77, 0xBC, 0x2F, 0xF9, 0xA6, 0x83, 0x47, 0x10, 0xFA, 0x6D, 0x47, 0x69,
    0x94, 0xFE, 0x8E, 0xAE, 0xF2, 0xF0, 0xD3, 0x52, 0xAF, 0xE4, 0x93, 0xE8, 0x4C, 0x04, 0x76, 0x01,
    0x9D, 0xF1, 0xD0, 0xC4, 0xFC, 0xEB, 0x1C, 0x84, 0xC6, 0x8E, 0x16, 0x3C, 0x55, 0xC7, 0xCF, 0xDE,
    0x58, 0x44, 0xA9, 0xEC, 0x92, 0xBE, 0x3B, 0xD0, 0x2B, 0x85, 0xBF, 0xDF, 0x5E, 0xAB, 0xF2, 0x3E,
    0x5D, 0xD3, 0x1E, 0x44, 0xB4, 0xB4, 0xCA, 0x34, 0x25, 0x04, 0xF6, 0x75, 0xE8, 0xB8, 0xA3, 0x33,
    0x0D, 0xA1, 0x71, 0x4B, 0x25, 0x7A, 0xA5, 0xB7, 0xB8, 0x46, 0x13, 0x95, 0xAA, 0xAC, 0xC3, 0x89,
    0xEC, 0xB5, 0x25, 0x77, 0x65, 0x64, 0x0B, 0x46, 0xA4, 0x2D, 0x1C, 0x94, 0x90, 0xE0, 0x38, 0x19,
    0x77, 0x3C, 0x1D, 0x4B, 0x92, 0x95, 0x5E, 0x60, 0xC9, 0xD0, 0xD9, 0x37, 0x90, 0x80, 0x50, 0x8E,
    0x87, 0xB0, 0x9F, 0xAF, 0x2D, 0xD4, 0x4E, 0x3A, 0xD3, 0x49, 0x4F, 0x25, 0x1B, 0x8A, 0x72, 0xF8,
    0x7C, 0x38, 0x50, 0x49, 0x57, 0x25, 0xF1, 0xF1, 0x27, 0xB4, 0x71, 0xBB, 0x8C, 0x81, 0x65, 0x17,
    0x46, 0x39, 0xF3, 0xC3, 0xA5, 0x8D, 0x1E, 0xA0, 0x5F, 0x46, 0xF9, 0x58, 0x81, 0xE9, 0x54, 0x17,
    0x48, 0xC9, 0x65, 0xB2, 0x57, 0x4F, 0xAD, 0x7A, 0x8A, 0xEA, 0x49, 0x27, 0x6E, 0x62, 0x88, 0xC9,
    0xE4, 0xE7, 0x6E, 0x42, 0x51, 0x4F, 0xDD, 0x7A, 0x6A, 0xA5, 0x4D, 0x99, 0xA2, 0xB4, 0x2B, 0x5E,
    0x0D, 0xD3, 0xD6, 0xFB, 0x94, 0x40, 0x67, 0x17, 0x18, 0x5A, 0x84, 0xE2, 0x68, 0x12, 0x4A, 0xA3,
    0x4D, 0x44, 0x18, 0x9C, 0x2C, 0x88, 0xA8, 0xB6, 0x15, 0x49, 0xA1, 0x15, 0x41, 0x81, 0x15, 0x39,
    0xA4, 0x14, 0x43, 0x4A, 0x29, 0x42, 0xBB, 0x8E, 0xB6, 0x1C, 0x8D, 0x48, 0x45, 0x02, 0xED, 0x43,
    0x01, 0x41, 0x9D, 0x2C, 0x8E, 0x3A, 0x13, 0xD5, 0x36, 0x1A, 0x19, 0x69, 0x94, 0x8A, 0x82, 0x28,
    0xFC, 0x64, 0x87, 0x2F, 0x1B, 0x3F, 0xCC, 0xC3, 0x3C, 0x7C, 0xD0, 0xF5, 0x72, 0xC5, 0xE8, 0x21,
    0x99, 0x23, 0x49, 0xFE, 0x0F, 0x09, 0x6D, 0x03, 0x79, 0xBB, 0xA8, 0xD2, 0x7C, 0xC4, 0xCF, 0xB1,
    0x72, 0x86, 0x54, 0xC3, 0x90, 0xBD, 0x39, 0x0E, 0x34, 0xEF, 0x53, 0x7E, 0x36, 0xD2, 0x87, 0x7F,
    0xE3, 0x02, 0xCD, 0x53, 0x4E, 0x70, 0xCB, 0x3C, 0xC7, 0xF2, 0x0E, 0x70, 0xBD, 0x0B, 0x6C, 0xD3,
    0x1B, 0xD9, 0x22, 0x11, 0x24, 0x82, 0x5F, 0x55, 0x5C, 0x1E, 0x26, 0x8A, 0x8B, 0x43, 0x04, 0x69,
    0x44, 0x04, 0xEC, 0xA7, 0xD1, 0xA0, 0x4E, 0x3B, 0xA6, 0x9C, 0x1A, 0x3A, 0x0C, 0xD3, 0x05, 0x7E,
    0x7E, 0x1B, 0x85, 0xC6, 0x4D, 0x2D, 0xA7, 0x0C, 0x2B, 0x6C, 0xFE, 0x48, 0x7E, 0xCD, 0x35, 0x1E,
    0x6E, 0xDD, 0x69, 0x7C, 0x94, 0x5D, 0xBB, 0x38, 0xD7, 0x55, 0x39, 0x61, 0x09, 0x8D, 0x7D, 0x55,
    0x04, 0xE9, 0x89, 0x3F, 0x59, 0x63, 0x9F, 0x3A, 0xCC, 0xCC, 0x6E, 0x87, 0xCE, 0x76, 0x3A, 0x53,
    0x99, 0x77, 0xE4, 0xC7, 0xCF, 0xF5, 0x3E, 0x92, 0x6B, 0xC0, 0x03, 0x1E, 0x44, 0x20, 0x29, 0x1C,
    0x21, 0x4F, 0x06, 0xF5, 0xF9, 0x43, 0x07, 0x2C, 0x31, 0x95, 0x25, 0x54, 0xA7, 0x44, 0xEA, 0x4C,
    0xE0, 0x79, 0x34, 0x04, 0xA5, 0xBB, 0x7C, 0x2F, 0x18, 0x2D, 0x10, 0xED, 0x10, 0xBA, 0x06, 0xE8,
    0xC0, 0x58, 0x3C, 0x35, 0xD8, 0x1C, 0xBA, 0xC6, 0xEB, 0x27, 0xEA, 0x53, 0x6A, 0xBE, 0x43, 0x78,
    0x26, 0x32, 0xBB, 0x27, 0x26, 0x34, 0x13, 0x99, 0x09, 0xCC, 0x82, 0xCB, 0xAB, 0x23, 0x7B, 0xA6,
    0xCF, 0xED, 0x49, 0x94, 0x1E, 0x34, 0xCC, 0x58, 0x26, 0xD8, 0x7B, 0xEA, 0x20, 0x34, 0x0B, 0x32,
    0x3B, 0x60, 0x1E, 0xE2, 0xB2, 0x9F, 0xD0, 0x36, 0x4F, 0xC9, 0x6B, 0xEB, 0x30, 0x42, 0x1A, 0x5E,
    0x0F, 0x0D, 0x96, 0x89, 0x93, 0xA0, 0xF9, 0x24, 0x78, 0xC6, 0x56, 0x79, 0x18, 0x44, 0x1B, 0x4C,
    0xA9, 0x1E, 0xFD, 0xD9, 0x89, 0xCF, 0x47, 0xBF, 0xEA, 0x79, 0x2D, 0x83, 0xF7, 0x38, 0x45, 0xF0,
    0x15, 0x7D, 0xFF, 0xA7, 0xC3, 0x77, 0xAF, 0xA7, 0xEB, 0x76, 0x1D, 0xF5, 0x52, 0x15, 0x2F, 0x9C,
    0xB3, 0xAE, 0x12, 0x90, 0x52, 0x69, 0x5B, 0x64, 0x34, 0x75, 0x0E, 0xBA, 0xAE, 0x5E, 0x7D, 0xC1,
    0xD7, 0xE6, 0xDC, 0x6D, 0xEB, 0x63, 0x15, 0xDE, 0x53, 0x5B, 0xFB, 0x7D, 0xE6, 0x9C, 0xEC, 0xBB,
    0x84, 0xFA, 0xFC, 0x62, 0x5F, 0x98, 0xF3, 0xB5, 0xAF, 0xA8, 0x24, 0x61, 0xB6, 0x28, 0x8A, 0x9E,
    0x5D, 0x57, 0xCF, 0x30, 0x9D, 0xFF, 0xC5, 0xBD, 0x6D, 0xEA, 0x39, 0x39, 0x4A, 0xE7, 0xDF, 0x30,
    0x9D, 0xFB, 0xAE, 0x93, 0x62, 0x3A, 0x4B, 0xE7, 0x65, 0xE8, 0x01, 0x14, 0xCF, 0x47, 0x9F, 0xE9,
    0xAC, 0x93, 0x2E, 0x39, 0x35, 0x39, 0x24, 0xED, 0xD5, 0xDE, 0x96, 0x41, 0xFF, 0x2B, 0x71, 0xD0,
    0x25, 0xDF, 0x04, 0x7F, 0x05, 0x06, 0x75, 0x67, 0xB2, 0xE0, 0xEF, 0xFF, 0x4E, 0xDF, 0xB0, 0x4D,
    0x3F, 0x8D, 0xBD, 0x2C, 0xF6, 0xB3, 0x88, 0x58, 0x56, 0x61, 0xC2, 0x25, 0x59, 0xA3, 0x4A, 0x75,
    0x55, 0xCE, 0xA3, 0xC7, 0xAA, 0xDC, 0x41, 0xA7, 0xF5, 0x4E, 0x1E, 0x32, 0xBB, 0x5F, 0x1F, 0x4C,
    0x12, 0xB5, 0x47, 0xF0, 0xE8, 0x97, 0x52, 0x4D, 0xC0, 0x32, 0x5F, 0x67, 0xF0, 0x02, 0x95, 0x61,
    0x23, 0x73, 0x14, 0x4E, 0xE2, 0xA3, 0x70, 0x92, 0x7B, 0xCC, 0xAB, 0x59, 0xD7, 0x3A, 0x30, 0x27,
    0x1E, 0x3C, 0x0F, 0x5B, 0x01, 0xF2, 0x20, 0x3B, 0xB4, 0x48, 0x28, 0x48, 0xCD, 0x15, 0x33, 0xEB,
    0x75, 0x24, 0xCA, 0x98, 0xE4, 0x9A, 0x19, 0x41, 0xEE, 0xFB, 0x47, 0x90, 0x1B, 0x2F, 0x43, 0xEE,
    0x0D, 0xE9, 0xFC, 0xA8, 0xE4, 0x05, 0xE9, 0x2E, 0x30, 0xB9, 0x81, 0x89, 0x25, 0x84, 0xF9, 0x2B,
    0x41, 0x38, 0x86, 0x70, 0xDB, 0x10, 0xB2, 0x83, 0x3A, 0xB2, 0x54, 0x55, 0x95, 0xF0, 0xBE, 0xB0,
    0x6C, 0x7F, 0x7F, 0x61, 0x67, 0x10, 0x28, 0x3B, 0x8E, 0x4B, 0x52, 0x5A, 0x26, 0x94, 0x5D, 0xC5,
    0xBC, 0xB2, 0x19, 0xDA, 0x15, 0xFB, 0xB3, 0x6D, 0xF5, 0x38, 0x43, 0xAA, 0xEC, 0x3D, 0x89, 0x26,
    0xBA, 0x53, 0xD9, 0xB1, 0x90, 0xBA, 0xB1, 0xB8, 0x86, 0x76, 0xB1, 0x9F, 0xB6, 0x2B, 0x22, 0x3F,
    0x8F, 0xE6, 0xC9, 0xB1, 0xB9, 0xFB, 0x52, 0x7D, 0xEA, 0xE9, 0xE2, 0x56, 0xFA, 0x87, 0xCD, 0xBD,
    0xA2, 0xD0, 0x49, 0x3C, 0xE5, 0xA2, 0xA7, 0x1A, 0x88, 0x87, 0x36, 0xD7, 0x0C, 0x55, 0x4B, 0xA8,
    0x9B, 0xC5, 0xC3, 0x0F, 0x9E, 0x75, 0x1A, 0xE9, 0x56, 0xEA, 0xBC, 0x2D, 0x6D, 0xAD, 0x1A, 0x82,
    0x4A, 0xA3, 0x5C, 0xF6, 0x9E, 0xDD, 0x62, 0xF5, 0x64, 0x3B, 0xC9, 0x4A, 0x35, 0x87, 0xD9, 0x62,
    0x81, 0x55, 0xAE, 0x89, 0xAC, 0xDB, 0x0C, 0x6C, 0xB7, 0x19, 0xA2, 0xDB, 0x9A, 0xC1, 0x4E, 0x63,
    0x83, 0xAC, 0x52, 0xA9, 0xA3, 0xAC, 0xDD, 0xFF, 0x5E, 0x33, 0x71, 0x43, 0x42, 0x4C, 0x92, 0x9D,
    0x23, 0xE4, 0x11, 0xC7, 0x87, 0x2E, 0xB8, 0xF5, 0xD4, 0x78, 0x7B, 0x0F, 0xA9, 0x5E, 0x8B, 0xAF,
    0xFF, 0x01, 0x1D, 0x7C, 0x6C, 0xF4, 0x24, 0x3B, 0x8A, 0x65, 0xCD, 0x4A, 0x45, 0x09, 0xAC, 0xD2,
    0xE1, 0xB3, 0x1E, 0xE6, 0xA9, 0x4A, 0xF0, 0x7D, 0x6E, 0xFF, 0x82, 0xE7, 0x78, 0xC0, 0xF3, 0x5C,
    0xB8, 0x72, 0xE6, 0x82, 0xBB, 0x94, 0x21, 0x66, 0xDB, 0x36, 0x0F, 0xFF, 0x07, 0xC2, 0x69, 0x6C,
    0x1F, 0x73, 0x6B, 0x86, 0x87, 0xB8, 0x4A, 0x5B, 0x05, 0xD6, 0xAF, 0x6C, 0xF4, 0x2B, 0xCB, 0x5F,
    0xD9, 0x9C, 0x35, 0xD6, 0xBE, 0x0E, 0xB3, 0xBA, 0x0A, 0x84, 0xF4, 0xD8, 0x9B, 0x8C, 0xAB, 0x9B,
    0x97, 0xCF, 0xA3, 0xE0, 0xB3, 0xD4, 0xCF, 0xBE, 0x87, 0xEB, 0x43, 0x5E, 0xA7, 0x47, 0xCB, 0xD2,
    0x3A, 0x6E, 0x77, 0xA1, 0x23, 0x78, 0x2B, 0xF5, 0xD5, 0x20, 0x67, 0x83, 0xAB, 0xCD, 0xB2, 0x36,
    0x57, 0xD9, 0x54, 0x6A, 0xC3, 0x36, 0xD2, 0xEA, 0xCA, 0xEA, 0xB7, 0xAC, 0x7C, 0x97, 0x37, 0x97,
    0xD9, 0x62, 0x6A, 0xD3, 0xE5, 0x05, 0x62, 0x66, 0x09, 0x11, 0x33, 0xEF, 0x27, 0xC0, 0x93, 0xBA,
    0x1E, 0x9B, 0xF0, 0x6E, 0xCA, 0x56, 0x67, 0x9E, 0x8D, 0x4E, 0x95, 0x37, 0x89, 0xC7, 0x2E, 0x4F,
    0x22, 0x4C, 0x85, 0x9F, 0x67, 0xC3, 0x7B, 0xD2, 0x01, 0x82, 0xBB, 0xC9, 0x18, 0xEC, 0xEB, 0xCA,
    0x92, 0xBD, 0x8F, 0xE0, 0xDF, 0x35, 0x81, 0xDB, 0xFB, 0x2A, 0xE2, 0xEE, 0x65, 0xE8, 0x95, 0x98,
    0x5B, 0x80, 0xE7, 0x39, 0x3B, 0x57, 0xC6, 0xDB, 0x77, 0xC0, 0xF4, 0xF2, 0xA7, 0x94, 0x95, 0xEB,
    0x29, 0xBA, 0x39, 0xE6, 0x96, 0x11, 0x8C, 0xD7, 0x57, 0x09, 0xB9, 0xC8, 0x49, 0xF6, 0x1F, 0x7F,
    0x7A, 0x08, 0xE4, 0x68, 0xAA, 0x98, 0x7D, 0xEF, 0xFA, 0xA5, 0xD3, 0xFB, 0xA6, 0x30, 0xFB, 0x4E,
    0xA7, 0x76, 0xCF, 0xC9, 0x7D, 0xD3, 0x24, 0x21, 0x4F, 0x7F, 0xCC, 0xDB, 0xE0, 0x9F, 0x79, 0xCE,
    0xA9, 0xA9, 0x33, 0xF7, 0x4D, 0x13, 0xCB, 0xD0, 0xBC, 0x17, 0xFF, 0x11, 0xF8, 0xE4, 0xD5, 0x9A,
    0x26, 0x87, 0x1D, 0xCC, 0xCD, 0x3D, 0xC2, 0x98, 0x5D, 0x3A, 0x8F, 0xBE, 0x8D, 0x35, 0xD3, 0xDB,
    0xB5, 0x2F, 0x38, 0xEE, 0x14, 0x15, 0x18, 0x93, 0x12, 0x94, 0x12, 0x95, 0xC3, 0xB0, 0x94, 0x60,
    0x49, 0x10, 0xBD, 0xC3, 0xE4, 0x62, 0x4D, 0x12, 0x25, 0xEA, 0xD1, 0x81, 0x7E, 0x8B, 0x37, 0x43,
    0x6A, 0xAD, 0x6F, 0xF0, 0x4E, 0xF8, 0xBD, 0x0C, 0xBC, 0xCE, 0xF1, 0x7D, 0xBD, 0x2E, 0xBA, 0xD3,
    0x32, 0xFD, 0x52, 0xA7, 0x04, 0xE3, 0x39, 0xAA, 0xFD, 0x63, 0xE0, 0x43, 0x61, 0xF5, 0x5D, 0xB6,
    0xE2, 0x1F, 0x64, 0xEA, 0x2F, 0x99, 0x7A, 0x92, 0x0E, 0x2F, 0x3E, 0xA3, 0x87, 0x0D, 0x49, 0x7B,
    0x78, 0x6B, 0x3D, 0x80, 0x44, 0x2A, 0x2E, 0x0E, 0xB5, 0x3E, 0x8B, 0xFC, 0x3A, 0x76, 0x03, 0xC6,
    0xAE, 0x37, 0x6C, 0xEA, 0x4F, 0x55, 0x41, 0x90, 0x49, 0x09, 0x32, 0xFD, 0x93, 0x08, 0x70, 0x65,
    0xEA, 0xCC, 0xED, 0xC0, 0x04, 0xEF, 0xBD, 0x7A, 0x81, 0x47, 0xFA, 0x8C, 0x8C, 0x3E, 0x31, 0xDF,
    0xAC, 0x6D, 0xD5, 0x47, 0x91, 0xEA, 0xAC, 0xAD, 0xAA, 0xB4, 0x52, 0x8C, 0x0B, 0xF8, 0xE6, 0x9B,
    0xB5, 0x24, 0x63, 0xFB, 0xF7, 0xA2, 0x1B, 0x59, 0x8C, 0x3C, 0x16, 0x6C, 0xBC, 0xD6, 0x66, 0xEA,
    0x17, 0x84, 0x46, 0xFA, 0x29, 0x63, 0xD7, 0xBA, 0x8A, 0x62, 0x1B, 0xF9, 0x0E, 0xF2, 0xFE, 0xBB,
    0xE9, 0x4F, 0x0F, 0x1C, 0x73, 0x97, 0xDC, 0xD2, 0x74, 0xAD, 0xCB, 0x6F, 0xD1, 0xDF, 0xDF, 0xBC,
    0xBD, 0x3D, 0x71, 0xFF, 0xE2, 0x96, 0x89, 0x4A, 0x6C, 0x1A, 0x9D, 0x4F, 0xEE, 0xFF, 0xEC, 0xF7,
    0x85, 0xD4, 0xB5, 0xC0, 0x7A, 0xF2, 0xFF, 0x18, 0x44, 0x55, 0x95, 0x37, 0xDE, 0xDD, 0xCD, 0x63,
    0x65, 0x37, 0x96, 0x78, 0xFB, 0xBF, 0xA6, 0xEC, 0x15, 0x07, 0xCF, 0x2F, 0x1B, 0xD2, 0x01, 0xF4,
    0x07, 0x87, 0x50, 0x2E, 0x43, 0xEE, 0x53, 0xC3, 0x9E, 0xD4, 0x77, 0xDF, 0x94, 0x71, 0x77, 0xF9,
    0x03, 0x4C, 0xFF, 0x5A, 0x6A, 0xD7, 0xFF, 0x3C, 0xFC, 0xAB, 0xDA, 0x85, 0x80, 0xD5, 0x31, 0xA5,
    0xFF, 0x0B, 0x4D, 0x8E, 0x31, 0x0A, 0xC2, 0x40, 0x10, 0x45, 0x3F, 0x1B, 0x21, 0xD1, 0x0D, 0x2E,
    0x58, 0xC7, 0x24, 0x36, 0xB2, 0x45, 0x34, 0x5B, 0xAC, 0x90, 0x62, 0xC4, 0x2D, 0x3C, 0x92, 0x88,
    0x45, 0x84, 0x39, 0x52, 0x0A, 0x6B, 0xD9, 0x23, 0xE4, 0x08, 0x39, 0x42, 0x0E, 0x20, 0xE8, 0x86,
    0x34, 0x36, 0xFF, 0x3F, 0x98, 0xE1, 0xF1, 0x2D, 0x08, 0x05, 0x84, 0x03, 0x22, 0x27, 0xF9, 0x08,
    0x03, 0x40, 0xB0, 0x1C, 0xF2, 0x9B, 0xCD, 0x02, 0xA2, 0xBE, 0xEE, 0x3F, 0x53, 0x7F, 0xC7, 0x29,
    0x4D, 0xAA, 0xB5, 0x0A, 0xA4, 0x9F, 0xA4, 0x75, 0x7B, 0x26, 0x0A, 0x0F, 0x7C, 0xEF, 0x77, 0x3E,
    0xE6, 0xD5, 0x74, 0x47, 0xC1, 0x27, 0x6F, 0x7C, 0xCD, 0x40, 0x9C, 0x29, 0xAA, 0xBA, 0x32, 0x90,
    0xCD, 0xB6, 0x2F, 0x39, 0x44, 0x6C, 0x7B, 0x1A, 0xF3, 0x46, 0x24, 0x80, 0x1C, 0x0E, 0x0F, 0x93,
    0x02, 0x0B, 0x6D, 0xDA, 0xA0, 0x50, 0x50, 0x2E, 0x72, 0x31, 0x2A, 0x94, 0x7F, 0x66, 0x3A, 0xA7,
    0x16, 0x4B, 0xAC, 0x9D, 0xF0, 0x1B, 0x7F, 0x09, 0x9E, 0xA4, 0xE9, 0xC6, 0x37, 0xCA, 0x64, 0x9E,
    0x30, 0x4F, 0xFA, 0x01, 0xAD, 0x98, 0xCF, 0x6B, 0x1E, 0x45, 0x18, 0xC7, 0xBF, 0xBB, 0x6B, 0x33,
    0x6D, 0xB7, 0xCD, 0xE6, 0xD0, 0x43, 0xC1, 0x24, 0xDB, 0x8A, 0x14, 0x0F, 0x6F, 0xFB, 0x56, 0x88,
    0x10, 0xE1, 0x4D, 0x32, 0x2D, 0x0A, 0xDE, 0xEA, 0x49, 0x3C, 0x69, 0xE8, 0x59, 0x6D, 0x84, 0x0A,
    0x11, 0xD2, 0x64, 0xA1, 0x88, 0x48, 0x2F, 0x11, 0x41, 0x0F, 0x5E, 0x0A, 0xFE, 0x03, 0x39, 0xC4,
    0xF2, 0x16, 0x92, 0xBE, 0x53, 0x0F, 0x82, 0xF4, 0xB2, 0x1E, 0x5A, 0x0F, 0xBD, 0xBC, 0x4A, 0xA5,
    0x17, 0x0F, 0x0B, 0xBE, 0xC2, 0x2B, 0xA6, 0xBE, 0x7E, 0x9F, 0x99, 0x7D, 0xF3, 0x43, 0x23, 0xC9,
    0xFE, 0x98, 0x37, 0xB3, 0x64, 0x97, 0xDD, 0x67, 0x3E, 0xF3, 0xCC, 0x3C, 0xDF, 0x79, 0x66, 0xA0,
    0x0C, 0x10, 0xA5, 0xC0, 0xC9, 0x0C, 0x68, 0xB0, 0x4E, 0xB7, 0x81, 0x8B, 0x4B, 0xC0, 0x5A, 0x0B,
    0xE8, 0x5E, 0x80, 0x67, 0x62, 0xF8, 0x83, 0x01, 0x82, 0x24, 0x4C, 0x14, 0x94, 0x09, 0x11, 0xA4,
    0x31, 0x82, 0xAC, 0x93, 0xC6, 0x5B, 0x90, 0xA2, 0x34, 0xBF, 0xA7, 0x0D, 0x95, 0xE0, 0xF9, 0x1E,
    0x3E, 0xBE, 0x81, 0x5E, 0x84, 0xF9, 0x88, 0xCF, 0x10, 0x0E, 0xB0, 0x7C, 0x45, 0x6E, 0xB3, 0x08,
    0x9B, 0x2B, 0xAB, 0xCD, 0x9B, 0x5D, 0xBE, 0xEE, 0xA7, 0x08, 0xBA, 0x72, 0xB5, 0x25, 0xE2, 0xA3,
    0xF3, 0x6B, 0xC0, 0x29, 0x56, 0x9F, 0x46, 0x7C, 0x1A, 0xAB, 0x06, 0x14, 0x66, 0x38, 0xB9, 0x88,
    0xA3, 0x53, 0x7C, 0xD7, 0x5A, 0xC4, 0x61, 0xA8, 0x6E, 0x43, 0xA0, 0x10, 0x69, 0xDB, 0x0D, 0x4B,
    0x35, 0xB3, 0x0E, 0xCC, 0x1F, 0x75, 0x94, 0x55, 0x88, 0x16, 0xE0, 0x67, 0x08, 0x13, 0x3C, 0x67,
    0x3B, 0xA8, 0x32, 0x8C, 0x2E, 0xE2, 0xC5, 0x13, 0x87, 0xE3, 0x9A, 0xE0, 0x5B, 0x31, 0x99, 0x46,
    0xD8, 0x76, 0xB0, 0x5A, 0x2B, 0xD7, 0x28, 0xBF, 0x4C, 0xE0, 0xD3, 0xE0, 0x58, 0x71, 0x2E, 0x5B,
    0x9A, 0x74, 0xD4, 0x1D, 0x36, 0xFE, 0x82, 0x81, 0x17, 0x6A, 0xA8, 0x1F, 0xC8, 0x4A, 0x86, 0xEB,
    0x8D, 0xEA, 0x3E, 0x13, 0xEB, 0x06, 0x1F, 0x75, 0x71, 0x36, 0xE5, 0x78, 0xF8, 0xDF, 0x97, 0xC0,
    0x6B, 0xBE, 0x0E, 0x9C, 0x73, 0x13, 0x94, 0x6D, 0xD4, 0x3B, 0xA4, 0xEC, 0xE8, 0xE7, 0x38, 0xF7,
    0xCC, 0x19, 0x2A, 0xEE, 0xBD, 0xFA, 0x71, 0xF6, 0x04, 0x61, 0x89, 0xD1, 0xDC, 0x15, 0x93, 0x0B,
    0x80, 0xC7, 0xF6, 0x39, 0x61, 0x65, 0xC6, 0x62, 0x9E, 0x36, 0xA6, 0x5E, 0x72, 0x23, 0x5B, 0x95,
    0xF3, 0x3A, 0xBC, 0x1E, 0xD4, 0xAA, 0xD8, 0xBD, 0x78, 0x0C, 0xE3, 0xE3, 0x12, 0xAA, 0xAE, 0x1C,
    0xCC, 0x28, 0x93, 0xAA, 0x99, 0xB7, 0x0F, 0x5D, 0x2B, 0xD7, 0x49, 0x1B, 0xF7, 0x2E, 0x12, 0x0A,
    0x73, 0x6D, 0x6B, 0x18, 0xC7, 0xF2, 0xF4, 0x9A, 0xF5, 0xA4, 0xD5, 0xB0, 0x3A, 0xFD, 0x66, 0x35,
    0x6D, 0x82, 0x9A, 0x46, 0x07, 0x76, 0xF1, 0xF2, 0x67, 0x25, 0x10, 0xE7, 0x5E, 0x03, 0xDE, 0xEA,
    0x63, 0xBB, 0xD4, 0x8B, 0xD7, 0xFC, 0x24, 0x0F, 0xB5, 0x52, 0xEE, 0xAB, 0x97, 0x65, 0x4F, 0x28,
    0x94, 0x43, 0xDA, 0x8E, 0x86, 0xCE, 0x20, 0x8B, 0x2E, 0xF5, 0x22, 0x3D, 0x1D, 0xE9, 0xD3, 0x9C,
    0x22, 0x91, 0x36, 0xD1, 0x25, 0x13, 0x0D, 0x4C, 0x74, 0xD9, 0xC8, 0xFF, 0xF2, 0xE4, 0x44, 0xA4,
    0xC7, 0x23, 0xBD, 0xD4, 0x19, 0xD8, 0xB6, 0xD9, 0x8B, 0x1B, 0x40, 0x0B, 0x5E, 0x47, 0x87, 0x5F,
    0xA5, 0x93, 0xC8, 0x1A, 0xC8, 0xE6, 0x06, 0xD9, 0x0C, 0x63, 0x1D, 0x98, 0x65, 0x17, 0x31, 0x16,
    0x3E, 0xEC, 0x7A, 0x03, 0xBD, 0xFB, 0x65, 0x29, 0xCF, 0x10, 0x3C, 0x86, 0x77, 0xC5, 0xDE, 0x9E,
    0x29, 0xDE, 0xEE, 0x3D, 0xF8, 0xFC, 0xFC, 0x16, 0xA7, 0x21, 0xDD, 0x25, 0x0F, 0x0E, 0x03, 0x10,
    0x3C, 0x49, 0x8E, 0x5C, 0x4B, 0x9C, 0x5B, 0x8A, 0xB6, 0x18, 0xF4, 0x92, 0x91, 0xE1, 0xB7, 0x07,
    0xB7, 0x35, 0x6A, 0xEF, 0x7B, 0xC0, 0xA2, 0xEB, 0xA9, 0x3E, 0x82, 0xA4, 0x70, 0xA3, 0xA1, 0x15,
    0x80, 0xB6, 0x8D, 0x7E, 0xF6, 0x71, 0x13, 0xDE, 0x63, 0x04, 0x9E, 0x39, 0x0C, 0x00, 0xDF, 0xA2,
    0xF2, 0xE0, 0x7D, 0xE0, 0xD5, 0x0A, 0x00, 0xA9, 0xED, 0xC2, 0x05, 0xB6, 0x57, 0x18, 0xC0, 0x2E,
    0x42, 0x7D, 0x84, 0xEF, 0x61, 0xA4, 0x81, 0xB1, 0x35, 0x6C, 0xAC, 0x7A, 0x03, 0xA8, 0xCB, 0xA6,
    0x84, 0xE7, 0x73, 0x3B, 0x47, 0x28, 0x88, 0xEB, 0x98, 0x5E, 0x2D, 0x8A, 0x11, 0xF4, 0x74, 0x3E,
    0xE8, 0xD3, 0x15, 0x5C, 0xC1, 0x18, 0xE9, 0x69, 0xFF, 0x9A, 0xC9, 0x83, 0xAA, 0xA8, 0x37, 0xAA,
    0x35, 0xBD, 0x13, 0x38, 0x25, 0x46, 0x61, 0x27, 0xE8, 0x9A, 0xE6, 0x95, 0xEE, 0xD9, 0x54, 0x25,
    0x23, 0xE8, 0xF4, 0xE2, 0x34, 0xD2, 0xFB, 0xFE, 0x92, 0x4E, 0x4F, 0x12, 0x9D, 0x3B, 0xE6, 0xAA,
    0x51, 0x7A, 0x54, 0x84, 0x34, 0x89, 0x13, 0xB5, 0xE7, 0x17, 0x9A, 0xB9, 0xDE, 0x41, 0x16, 0x42,
    0xE6, 0x5A, 0xA1, 0x0E, 0x79, 0xA7, 0x2C, 0xC5, 0xFE, 0x56, 0x44, 0xB2, 0x42, 0x43, 0xD9, 0xEA,
    0x74, 0xA1, 0x1E, 0x6E, 0x12, 0x3C, 0xD2, 0x2D, 0x2A, 0xDC, 0x22, 0x15, 0x6E, 0x9D, 0x0B, 0x54,
    0x8F, 0x2B, 0xF3, 0xB0, 0xF6, 0x79, 0xBF, 0xC4, 0xE7, 0x33, 0x08, 0xA8, 0x87, 0x11, 0xD4, 0xAF,
    0xEC, 0x56, 0x27, 0x4F, 0xAA, 0x8F, 0xE7, 0x69, 0x63, 0x24, 0x4E, 0x49, 0xD4, 0x97, 0x14, 0xB7,
    0xF6, 0x79, 0xB4, 0x5A, 0x98, 0xB1, 0x7F, 0xAD, 0x59, 0xB4, 0x62, 0x2C, 0x86, 0x8F, 0x86, 0x4E,
    0x69, 0x58, 0x3F, 0xCD, 0xFC, 0x27, 0xAD, 0x03, 0xD3, 0x3A, 0x1C, 0x93, 0x21, 0xAA, 0x06, 0xD4,
    0x81, 0xF7, 0x53, 0x82, 0x4F, 0xAD, 0x10, 0x34, 0x9C, 0x64, 0x1C, 0x44, 0x25, 0x23, 0x1A, 0x1A,
    0x1B, 0x6E, 0x98, 0xCC, 0xA9, 0xBE, 0xA5, 0x38, 0x27, 0x67, 0x72, 0xC1, 0xAA, 0x40, 0xA4, 0x64,
    0x4E, 0xE4, 0x4A, 0x42, 0x9C, 0x65, 0xE0, 0xA9, 0x0E, 0xB4, 0x39, 0x14, 0x17, 0xB7, 0x15, 0xD6,
    0x51, 0x92, 0x1F, 0x89, 0x77, 0xEA, 0xE4, 0xE2, 0x5F, 0x7F, 0x28, 0x30, 0x45, 0xB9, 0x72, 0x3F,
    0xD3, 0xD1, 0xFC, 0x9F, 0x9E, 0x96, 0xAD, 0x43, 0xFC, 0x36, 0x67, 0x1A, 0x3F, 0xEF, 0xAE, 0x55,
    0x67, 0x93, 0x90, 0xDF, 0x82, 0x7A, 0x07, 0xFE, 0x84, 0xC8, 0x78, 0x63, 0xBE, 0x38, 0xDE, 0xBD,
    0x53, 0xC0, 0xD7, 0xD9, 0xCE, 0x0C, 0xAD, 0xD3, 0x75, 0x64, 0xE8, 0x8F, 0xED, 0x08, 0x52, 0x51,
    0xEF, 0xD5, 0x8F, 0xB3, 0x27, 0x08, 0xCB, 0x8C, 0xE6, 0x76, 0x4C, 0x5A, 0x6D, 0xB3, 0x69, 0xAF,
    0xC4, 0x02, 0x73, 0xD4, 0x48, 0xD8, 0x62, 0xAD, 0xD2, 0xE5, 0x80, 0xA1, 0x11, 0xDD, 0xA2, 0x9A,
    0x05, 0xBF, 0x71, 0x4C, 0x82, 0x8C, 0x2B, 0x02, 0xF7, 0x9A, 0x42, 0xB6, 0xEB, 0x22, 0x90, 0x58,
    0x92, 0x74, 0x46, 0x30, 0xA5, 0x3F, 0x70, 0xA0, 0x8E, 0x34, 0xD0, 0x6E, 0xDB, 0x7B, 0x9E, 0x33,
    0x7A, 0x5E, 0x22, 0xCE, 0x37, 0x5E, 0xE7, 0xA6, 0x56, 0x8F, 0xFE, 0xA2, 0xF1, 0x0D, 0x26, 0x14,
    0x64, 0xE3, 0x97, 0xAE, 0xB6, 0xC8, 0xD4, 0xA2, 0x89, 0x45, 0x10, 0x14, 0x96, 0x74, 0x41, 0xA0,
    0x6E, 0xD8, 0xD4, 0xCA, 0x72, 0xEB, 0x7A, 0xF1, 0xA4, 0x52, 0x18, 0xD1, 0x22, 0xDE, 0xF1, 0x12,
    0x78, 0x2E, 0xFB, 0x95, 0x65, 0x46, 0x34, 0x0D, 0x57, 0xC5, 0x8F, 0x12, 0xB7, 0x94, 0xB5, 0x7A,
    0x41, 0x5D, 0x1A, 0xB6, 0x13, 0x7F, 0x93, 0x04, 0x6E, 0x94, 0x05, 0xDE, 0x1C, 0xA3, 0xA5, 0x61,
    0xAC, 0xD8, 0x2D, 0x46, 0xDD, 0xAC, 0x7E, 0xFF, 0x4D, 0xF8, 0xD7, 0x1E, 0x24, 0x4E, 0x65, 0x0B,
    0x33, 0xD6, 0xEF, 0x3B, 0x1B, 0x2F, 0x36, 0x60, 0x6C, 0xC4, 0xB8, 0x12, 0x96, 0xE5, 0x73, 0xEB,
    0xCC, 0xAC, 0x13, 0x6B, 0xE6, 0x17, 0x5B, 0x4D, 0x3D, 0xD2, 0x8D, 0x18, 0x4B, 0x07, 0x56, 0xED,
    0x1B, 0x65, 0x02, 0xED, 0xFF, 0xF1, 0x01, 0xB0, 0xF2, 0x04, 0x7B, 0x76, 0x14, 0x9C, 0x38, 0x4D,
    0x6F, 0x83, 0x69, 0xE8, 0x06, 0x19, 0x5B, 0xFB, 0xD6, 0x50, 0x2F, 0x41, 0x3D, 0x7A, 0x06, 0xEF,
    0xEF, 0xA6, 0x4B, 0x8F, 0x27, 0xF2, 0x8D, 0xEB, 0xE4, 0x70, 0x24, 0xD9, 0xE1, 0x19, 0x39, 0xF0,
    0xE2, 0xE8, 0x06, 0xD2, 0xB5, 0x1A, 0xF8, 0x56, 0x58, 0xB9, 0xC0, 0xE2, 0x66, 0xE2, 0x9C, 0x37,
    0x9E, 0xAF, 0xE4, 0x85, 0x58, 0x25, 0x90, 0xFD, 0x2C, 0x77, 0x3A, 0xF7, 0xE8, 0x2A, 0x21, 0xD7,
    0x03, 0x13, 0x6B, 0xFF, 0xBE, 0xB4, 0xFC, 0x5D, 0x12, 0x49, 0xAA, 0xC5, 0x4B, 0x5F, 0x2E, 0xA9,
    0x5C, 0xCC, 0xFE, 0x17, 0x2D, 0x27, 0x10, 0x64, 0x84, 0x85, 0x74, 0x94, 0x72, 0xE6, 0x21, 0x86,
    0x99, 0x9E, 0xE1, 0xA2, 0x24, 0xE3, 0x98, 0x5A, 0xF1, 0xB7, 0x16, 0x62, 0x2C, 0xA7, 0x11, 0xE6,
    0x0E, 0xC6, 0xB3, 0x5D, 0x8A, 0xED, 0x60, 0xD8, 0x19, 0x33, 0x56, 0x2F, 0x5E, 0x37, 0x97, 0x19,
    0xA6, 0x8E, 0x18, 0x29, 0x81, 0xB7, 0x7D, 0x0E, 0x60, 0x0F, 0x33, 0xED, 0xE0, 0xBA, 0xC3, 0x47,
    0x5F, 0xD7, 0x0B, 0xBA, 0x7B, 0xB8, 0xBF, 0xB0, 0xC3, 0x9D, 0x61, 0xBC, 0x2C, 0xF0, 0xDC, 0x1B,
    0xD8, 0x7B, 0x2C, 0x50, 0x3B, 0x2B, 0x57, 0x65, 0xCA, 0x8C, 0xA1, 0x3B, 0x4A, 0x31, 0xD6, 0xEF,
    0x3B, 0x1B, 0xCB, 0x36, 0x98, 0xF3, 0xF3, 0x01, 0x5B, 0xCA, 0xF2, 0xB9, 0xF0, 0x9E, 0x83, 0xDD,
    0x78, 0xDB, 0x39, 0x3A, 0x3C, 0xAD, 0xE5, 0x3A, 0xCD, 0x4D, 0x41, 0xBF, 0x99, 0xAA, 0x34, 0x24,
    0x46, 0x90, 0x86, 0xD4, 0x41, 0xBE, 0xD0, 0xE6, 0x9E, 0xA5, 0xC5, 0x29, 0x12, 0xA7, 0xF6, 0xFC,
    0xD5, 0x29, 0xDC, 0xAE, 0x2A, 0xCF, 0x64, 0xC7, 0x20, 0xB3, 0xA8, 0x9D, 0xDB, 0x55, 0x79, 0x42,
    0xF2, 0xF3, 0x80, 0xE1, 0xBC, 0x44, 0x8E, 0x29, 0xBE, 0xBA, 0x46, 0xF5, 0x48, 0x11, 0xFC, 0xC8,
    0xAD, 0xED, 0x2F, 0xFC, 0xE6, 0x77, 0x97, 0xFE, 0xD9, 0xDC, 0xB4, 0xE1, 0xB6, 0x64, 0x12, 0xD1,
    0xED, 0xDB, 0xC0, 0x5D, 0xE3, 0x10, 0x2B, 0xF1, 0xFC, 0x4B, 0x06, 0x0B, 0xB3, 0x7C, 0x98, 0xA2,
    0xFD, 0x4D, 0x86, 0xBB, 0xF7, 0xBB, 0x96, 0xE5, 0xFF, 0xCE, 0xFE, 0x2B, 0x33, 0xAE, 0x90, 0xF1,
    0xA9, 0x19, 0xC6, 0x06, 0x70, 0xA2, 0x1E, 0xDF, 0xED, 0x77, 0x88, 0x56, 0x99, 0xF5, 0xCF, 0x33,
    0xF0, 0xDF, 0x4D, 0x77, 0xEC, 0x55, 0x64, 0xFC, 0x07, 0x5D, 0x51, 0x31, 0x4F, 0x02, 0x31, 0x18,
    0x7D, 0xBD, 0x26, 0x5C, 0xBC, 0x3B, 0x50, 0x67, 0x39, 0xBC, 0x81, 0x81, 0x01, 0xEE, 0x18, 0x1C,
    0x18, 0xE0, 0xDA, 0xC1, 0x84, 0xC1, 0x1F, 0xE1, 0xE2, 0xE8, 0xC0, 0xC0, 0xA0, 0x09, 0xC3, 0xF9,
    0x0B, 0xFC, 0x01, 0x0C, 0xFA, 0x13, 0x34, 0x21, 0x61, 0x93, 0x12, 0x13, 0x47, 0x39, 0x67, 0x12,
    0x53, 0x12, 0x77, 0x1D, 0x18, 0x30, 0x11, 0xB1, 0x1F, 0x60, 0x02, 0x7C, 0x69, 0xBE, 0xEF, 0xBD,
    0xD7, 0x7E, 0x6D, 0x5F, 0x0B, 0x88, 0x19, 0x28, 0x06, 0x8B, 0x2F, 0x6C, 0x83, 0x25, 0x36, 0x91,
    0x60, 0x23, 0x36, 0x15, 0xCB, 0x2B, 0xC6, 0x22, 0xAC, 0x88, 0xC8, 0xC9, 0x07, 0xBE, 0x10, 0x8E,
    0x77, 0x02, 0xCB, 0x82, 0x97, 0x45, 0xB1, 0x84, 0x38, 0x86, 0x10, 0x08, 0x0B, 0xA8, 0x14, 0x08,
    0x44, 0x11, 0x9C, 0x0C, 0xF2, 0x1E, 0x82, 0x00, 0x65, 0x3F, 0x16, 0xB1, 0xD8, 0x73, 0xF2, 0x5E,
    0xB5, 0x0A, 0x30, 0x0D, 0x96, 0x02, 0x0A, 0x17, 0x2F, 0x72, 0xB0, 0x48, 0x0E, 0x86, 0xB0, 0x52,
    0x58, 0x9A, 0x32, 0x53, 0xA4, 0xEF, 0x0E, 0xB9, 0xDB, 0x82, 0x21, 0x51, 0x6A, 0xF9, 0xD7, 0x9F,
    0x3E, 0x93, 0xEB, 0xB1, 0x34, 0x80, 0xB6, 0x4A, 0x11, 0x49, 0xA1, 0x84, 0x8A, 0x64, 0x88, 0x29,
    0x57, 0x82, 0xFD, 0xB8, 0xDA, 0x20, 0x5B, 0xAD, 0x1D, 0xB9, 0x53, 0x3A, 0x07, 0x7E, 0x87, 0x93,
    0xAD, 0xBA, 0xEF, 0x92, 0x58, 0xCB, 0x65, 0xA9, 0xD4, 0xB3, 0x65, 0x2A, 0x95, 0x72, 0x6B, 0xB5,
    0x72, 0xF2, 0x6B, 0xCD, 0x8D, 0xEF, 0xE7, 0x6E, 0xF3, 0x1C, 0xE0, 0x67, 0x7C, 0x64, 0x4B, 0xB8,
    0x2E, 0x7F, 0x35, 0xAD, 0xBE, 0xCB, 0x6F, 0x0D, 0xAB, 0xF1, 0x71, 0xF3, 0x0E, 0x68, 0xB1, 0x39,
    0x9B, 0xA1, 0xDD, 0x7B, 0x48, 0x93, 0xB6, 0xEE, 0xE9, 0xC7, 0xF4, 0x4D, 0xDD, 0x48, 0x26, 0x6D,
    0xF8, 0xB8, 0xC2, 0x14, 0x1D, 0x14, 0x60, 0x1B, 0x1E, 0xA0, 0x8E, 0x7D, 0xD8, 0x8A, 0xA7, 0x76,
    0x92, 0x43, 0x0D, 0x01, 0x96, 0xA6, 0x71, 0x48, 0xA9, 0x31, 0xA2, 0x33, 0xE9, 0x77, 0xDC, 0x0F,
    0xA2, 0xEF, 0x34, 0x31, 0xC4, 0x7A, 0x09, 0x05, 0x97, 0xB8, 0x5F, 0xA5, 0xFE, 0xA5, 0xDF, 0x95,
    0xC7, 0x3A, 0xF3, 0x8D, 0xA3, 0x34, 0x33, 0x43, 0xBF, 0x13, 0x76, 0xC1, 0x4F, 0x31, 0xA1, 0x59,
    0xF3, 0x24, 0x30, 0x0F, 0xAD, 0xA9, 0xCF, 0x50, 0xE3, 0xCF, 0x78, 0x2B, 0x99, 0x3B, 0x6E, 0x69,
    0x9E, 0x31, 0xBD, 0xD4, 0xFE, 0x00, 0x6D, 0x93, 0x3F, 0x88, 0x24, 0x45, 0x14, 0xC6, 0xBF, 0xEE,
    0xDA, 0xA5, 0x64, 0x6A, 0xBB, 0xCB, 0x44, 0x44, 0xB8, 0xDB, 0xDE, 0x48, 0x0C, 0x76, 0xB6, 0x41,
    0x0D, 0x0E, 0xEC, 0x9E, 0xA9, 0x3D, 0x05, 0x41, 0x0C, 0x2E, 0xF0, 0xBC, 0x70, 0x0C, 0xC4, 0xD0,
    0xDD, 0x60, 0x83, 0x15, 0xE6, 0x9C, 0x02, 0xC1, 0xC0, 0x68, 0x03, 0xFF, 0x80, 0x89, 0xF9, 0x71,
    0x70, 0x1B, 0x5C, 0xB0, 0xC1, 0x1D, 0x5D, 0x86, 0xC2, 0x21, 0x05, 0xBA, 0x0A, 0xE2, 0x1E, 0x05,
    0x6A, 0x24, 0xA7, 0x15, 0x0C, 0xDA, 0x07, 0xD3, 0x5B, 0xBE, 0xEA, 0x19, 0xBD, 0x0D, 0x1C, 0xEA,
    0xC7, 0x7B, 0xF5, 0xA6, 0xBA, 0xEA, 0x7B, 0xEF, 0x55, 0x61, 0xF0, 0x0E, 0xB2, 0xA3, 0x24, 0x3C,
    0xE2, 0x3F, 0x77, 0x72, 0xE3, 0xDB, 0x9D, 0xE7, 0x3E, 0xAE, 0x9F, 0xD7, 0xD5, 0x8B, 0xAA, 0x7A,
    0x09, 0x71, 0xBC, 0x87, 0xEA, 0x4B, 0x0C, 0xBF, 0x81, 0x7C, 0xC0, 0xC5, 0x83, 0x3C, 0xED, 0x6E,
    0xA6, 0xCD, 0x19, 0x7B, 0x17, 0xC9, 0xD3, 0x28, 0x43, 0x07, 0xFE, 0xDB, 0xFB, 0x48, 0xAD, 0x24,
    0x38, 0x01, 0x62, 0x8B, 0xD8, 0x47, 0x1A, 0xFC, 0x6A, 0x0E, 0xCC, 0xC8, 0x67, 0x2B, 0x9F, 0x3B,
    0xA0, 0x3C, 0x07, 0xD0, 0x68, 0xFE, 0x83, 0x93, 0xF0, 0x32, 0xF1, 0x05, 0x20, 0xE3, 0x2A, 0x23,
    0x0C, 0x98, 0x89, 0x4E, 0xEA, 0x90, 0xD8, 0x35, 0xA6, 0xAF, 0xC8, 0x5B, 0xED, 0x38, 0xCC, 0x1B,
    0x2B, 0x17, 0xD2, 0x27, 0x2E, 0x6F, 0x61, 0xF3, 0x29, 0x51, 0xC2, 0x86, 0x10, 0x16, 0xB9, 0xF8,
    0xDA, 0xE5, 0xCC, 0x2E, 0x7D, 0x3C, 0x76, 0x39, 0xA6, 0x36, 0xC7, 0x88, 0x90, 0x24, 0x49, 0xD8,
    0xC6, 0x32, 0xDB, 0x04, 0x9D, 0xD2, 0x71, 0x28, 0x6E, 0x78, 0x1E, 0xAD, 0x54, 0x27, 0x62, 0x69,
    0xA7, 0x72, 0x69, 0xAB, 0x59, 0xC7, 0xFF, 0x8E, 0xF3, 0xE2, 0xAD, 0x9D, 0x49, 0xFC, 0x5F, 0xA2,
    0xE2, 0x90, 0x57, 0x3D, 0xD9, 0x04, 0x32, 0x68, 0x89, 0xF2, 0x88, 0xE2, 0x24, 0x92, 0x77, 0x4B,
    0x8B, 0x52, 0xF5, 0x76, 0x8B, 0xEB, 0xDE, 0xBE, 0xCC, 0x95, 0xD4, 0x10, 0x9F, 0x8F, 0x26, 0x68,
    0xE6, 0x48, 0xDB, 0x57, 0x5A, 0xCC, 0xE6, 0xDC, 0x90, 0x6A, 0x23, 0x48, 0x03, 0x37, 0xB9, 0x4B,
    0x35, 0x33, 0x97, 0x3C, 0x53, 0xCC, 0x6E, 0xDF, 0xE5, 0x94, 0x23, 0xFD, 0xE6, 0x89, 0x3F, 0x98,
    0xE6, 0x80, 0xDF, 0xAF, 0x32, 0x34, 0x7D, 0x04, 0x27, 0xAE, 0xD8, 0x06, 0x0E, 0xAD, 0x7C, 0x01,
    0xA8, 0x8D, 0x38, 0x00, 0x46, 0x86, 0x1F, 0xD3, 0x81, 0x9A, 0x79, 0x4A, 0x42, 0x31, 0xAA, 0x1F,
    0x6B, 0x49, 0xF7, 0x09, 0x71, 0x48, 0xF1, 0xD0, 0xDB, 0xA4, 0x39, 0xA1, 0xE3, 0x5B, 0xE4, 0xE4,
    0x0F, 0x89, 0xEA, 0x02, 0x35, 0xB1, 0x83, 0x16, 0xF2, 0x8B, 0x05, 0xD2, 0x6E, 0xAC, 0xB0, 0xFA,
    0x25, 0xC1, 0x2D, 0x9D, 0xE2, 0x2F, 0x85, 0xC7, 0x13, 0xCD, 0x2C, 0x33, 0x5C, 0x23, 0x66, 0x44,
    0x6A, 0x0C, 0x1D, 0xD6, 0xF7, 0x05, 0x21, 0x68, 0x50, 0x76, 0x10, 0x04, 0x33, 0x09, 0x35, 0x87,
    0x9A, 0x74, 0x7F, 0xA2, 0xE3, 0x77, 0x65, 0x57, 0xCE, 0x99, 0x13, 0x86, 0x51, 0xCD, 0x99, 0xBD,
    0x42, 0x38, 0xB0, 0xEF, 0x74, 0xCC, 0xCF, 0xB3, 0x1F, 0x2D, 0xF9, 0x34, 0xB7, 0x73, 0xE2, 0x1E,
    0x51, 0x13, 0x05, 0xF8, 0xAF, 0xE2, 0xFB, 0xB2, 0x4B, 0x17, 0xE3, 0x10, 0x6C, 0x3D, 0xB9, 0x61,
    0x0F, 0x24, 0xDC, 0xB1, 0xC4, 0xF1, 0x35, 0xAA, 0x27, 0xE4, 0x3A, 0xD6, 0xEF, 0x9C, 0x63, 0xF0,
    0x55, 0xD4, 0x15, 0x20, 0xFF, 0x5C, 0x89, 0xF8, 0x97, 0x42, 0x93, 0xEE, 0x96, 0xD2, 0xB6, 0xE0,
    0xA7, 0x71, 0xCF, 0x1D, 0xC4, 0x7D, 0x9E, 0x3D, 0x9D, 0xA8, 0x68, 0x99, 0x1D, 0x2D, 0xCF, 0x0A,
    0xAE, 0xBF, 0x72, 0xA4, 0xF4, 0x09, 0x34, 0x2F, 0x3B, 0xDA, 0x63, 0x8D, 0xC8, 0x28, 0xFF, 0xE6,
    0x27, 0x88, 0x87, 0x0D, 0x8A, 0x8C, 0x1A, 0x9D, 0x71, 0x1C, 0x66, 0x4C, 0xDD, 0xA5, 0xF8, 0xFC,
    0x3F, 0x1A, 0xDF, 0x66, 0x52, 0xDF, 0xCB, 0x84, 0xAA, 0x88, 0x32, 0x93, 0x4A, 0x3C, 0x9A, 0xA9,
    0x24, 0xFC, 0xA2, 0xE2, 0xF7, 0x71, 0x9F, 0x8D, 0x86, 0x6A, 0xF3, 0x99, 0xC7, 0x26, 0xD5, 0xF8,
    0x12, 0xA6, 0x14, 0x6C, 0x63, 0xEE, 0x3A, 0x69, 0x1C, 0xF8, 0xB9, 0x8A, 0x5D, 0xD5, 0x25, 0xA5,
    0x30, 0xC4, 0x53, 0xC4, 0x65, 0x5A, 0x57, 0x51, 0x9F, 0x16, 0x94, 0xC3, 0x9B, 0xC0, 0x3A, 0x30,
    0xE8, 0xC7, 0xDE, 0x19, 0x7B, 0x78, 0x53, 0xBC, 0x91, 0x6F, 0x0E, 0xF8, 0x70, 0x80, 0xEA, 0xC2,
    0xA8, 0x07, 0xA0, 0x48, 0x31, 0xE0, 0xF2, 0x93, 0x9C, 0xFD, 0xF1, 0x21, 0x66, 0x67, 0x71, 0xFD,
    0x5A, 0xCC, 0xD9, 0x3D, 0x73, 0xFD, 0x7A, 0xDF, 0xCB, 0xE8, 0x7F, 0x20, 0x77, 0xFD, 0xB1, 0x54,
    0xFB, 0xD7, 0xA4, 0xDA, 0x8A, 0x57, 0xF4, 0xFF, 0xA1, 0x06, 0x52, 0xED, 0xC6, 0x61, 0x81, 0x3D,
    0x15, 0xDB, 0xC9, 0x4D, 0xF4, 0x39, 0xB5, 0x1A, 0xE3, 0x79, 0x7F, 0xA5, 0x6A, 0xAA, 0x70, 0xBF,
    0x38, 0x3E, 0x45, 0x8B, 0xA4, 0xEB, 0x5F, 0xC8, 0x85, 0x71, 0x1B, 0xE1, 0x53, 0xC8, 0xD7, 0xB0,
    0xB7, 0xC0, 0x9D, 0x18, 0xA9, 0xA4, 0xAA, 0xA5, 0xDA, 0x90, 0x6A, 0xBB, 0x78, 0xDB, 0xD3, 0x5B,
    0x43, 0x7C, 0x64, 0x11, 0x7A, 0x07, 0xEC, 0xF7, 0x3D, 0xC8, 0xD7, 0xB9, 0xD9, 0xE4, 0xAF, 0xDA,
    0x21, 0xDF, 0x75, 0x15, 0xDF, 0xF5, 0x15, 0x57, 0x4F, 0x10, 0xBB, 0x7E, 0x28, 0xAE, 0xBA, 0x4D,
    0xF1, 0x11, 0x3D, 0x57, 0x46, 0x62, 0x8E, 0xF8, 0xE9, 0x82, 0x99, 0x11, 0x33, 0x45, 0x3F, 0x4A,
    0x66, 0x6A, 0x66, 0xE8, 0xA2, 0x38, 0xD2, 0x42, 0x2D, 0x1C, 0x07, 0xB3, 0x72, 0x3A, 0xFC, 0x03,
    0x63, 0xD0, 0x7F, 0xC0, 0xC0, 0xF8, 0xB5, 0x86, 0x81, 0xF9, 0x80, 0x0D, 0x03, 0x73, 0x03, 0x03,
    0x03, 0x3B, 0x10, 0xDB, 0xFF, 0xFF, 0xC3, 0x20, 0x3E, 0xB5, 0x06, 0xC8, 0xB6, 0xC1, 0x89, 0xB9,
    0x2F, 0xD4, 0x32, 0xD8, 0x7F, 0xFD, 0x7F, 0x80, 0x41, 0xFF, 0x22, 0x03, 0xE3, 0xD3, 0x7D, 0x40,
    0xFD, 0x7A, 0x40, 0xFD, 0x72, 0x40, 0x39, 0x39, 0xA0, 0x7E, 0x39, 0xA0, 0x7E, 0x08, 0x1B, 0x17,
    0xE6, 0x3E, 0xA0, 0xCF, 0x60, 0xFF, 0xE5, 0xFF, 0x05, 0x00,
};

static const EpdGlyph literata_10_regularGlyphs[] = {
    { 0, 0, 67, 0, 0, 0, 0 }, // U+0020
    { 4, 15, 107, 1, 15, 15, 0 }, // !
    { 6, 5, 129, 1, 16, 8, 15 }, // "
    { 14, 12, 225, 0, 12, 42, 23 }, // #
    { 11, 19, 187, 1, 17, 53, 65 }, // $
    { 17, 14, 284, 0, 14, 60, 118 }, // %
    { 16, 15, 270, 1, 15, 60, 178 }, // &
    { 3, 5, 78, 1, 16, 4, 238 }, // '
    { 6, 23, 111, 1, 18, 35, 242 }, // (
    { 6, 23, 111, 0, 18, 35, 277 }, // )
    { 8, 8, 150, 1, 16, 16, 312 }, // *
    { 10, 9, 194, 1, 11, 23, 328 }, // +
    { 5, 7, 109, 1, 3, 9, 351 }, // ,
    { 7, 3, 118, 0, 8, 6, 360 }, // -
    { 5, 3, 111, 1, 3, 4, 366 }, // .
    { 9, 19, 143, 0, 17, 43, 370 }, // /
    { 12, 15, 193, 0, 15, 45, 413 }, // 0
    { 9, 16, 136, 0, 16, 36, 458 }, // 1
    { 10, 15, 169, 0, 15, 38, 494 }, // 2
    { 11, 15, 181, 0, 15, 42, 532 }, // 3
    { 12, 15, 184, 0, 15, 45, 574 }, // 4
    { 10, 15, 169, 0, 15, 38, 619 }, // 5
    { 11, 15, 179, 0, 15, 42, 657 }, // 6
    { 11, 15, 169, 0, 15, 42, 699 }, // 7
    { 11, 15, 184, 0, 15, 42, 741 }, // 8
    { 11, 15, 174, 0, 15, 42, 783 }, // 9
    { 5, 11, 111, 1, 11, 14, 825 }, // :
    { 5, 15, 109, 1, 11, 19, 839 }, // ;
    { 10, 12, 194, 1, 12, 30, 858 }, // <
    { 10, 7, 194, 1, 10, 18, 888 }, // =
    { 9, 12, 194, 2, 12, 27, 906 }, // >
    { 9, 15, 179, 1, 15, 34, 933 }, // ?
    { 16, 17, 283, 1, 13, 68, 967 }, // @
    { 16, 15, 245, 0, 15, 60, 1035 }, // A
    { 12, 15, 220, 1, 15, 45, 1095 }, // B
    { 13, 15, 233, 1, 15, 49, 1140 }, // C
    { 15, 15, 255, 1, 15, 57, 1189 }, // D
    { 12, 15, 212, 1, 15, 45, 1246 }, // E
    { 12, 15, 205, 1, 15, 45, 1291 }, // F
    { 15, 15, 250, 1, 15, 57, 1336 }, // G
    { 16, 15, 280, 1, 15, 60, 1393 }, // H
    { 7, 15, 136, 1, 15, 27, 1453 }, // I
    { 11, 15, 186, 0, 15, 42, 1480 }, // J
    { 15, 15, 251, 1, 15, 57, 1522 }, // K
    { 12, 15, 212, 1, 15, 45, 1579 }, // L
    { 19, 15, 334, 1, 15, 72, 1624 }, // M
    { 16, 15, 278, 1, 15, 60, 1696 }, // N
    { 14, 15, 253, 1, 15, 53, 1756 }, // O
    { 12, 15, 201, 1, 15, 45, 1809 }, // P
    { 18, 19, 253, 1, 15, 86, 1854 }, // Q
    { 14, 15, 242, 1, 15, 53, 1940 }, // R
    { 11, 15, 199, 1, 15, 42, 1993 }, // S
    { 15, 15, 246, 0, 15, 57, 2035 }, // T
    { 16, 15, 270, 1, 15, 60, 2092 }, // U
    { 16, 15, 246, 0, 15, 60, 2152 }, // V
    { 23, 15, 364, 0, 15, 87, 2212 }, // W
    { 15, 15, 236, 0, 15, 57, 2299 }, // X
    { 15, 15, 239, 0, 15, 57, 2356 }, // Y
    { 12, 15, 219, 1, 15, 45, 2413 }, // Z
    { 5, 23, 111, 2, 18, 29, 2458 }, // [
    { 9, 19, 143, 0, 17, 43, 2487 }, // <backslash>
    { 5, 23, 111, 0, 18, 29, 2530 }, // ]
    { 11, 8, 194, 1, 15, 22, 2559 }, // ^
    { 10, 3, 157, 0, 0, 8, 2581 }, // _
    { 5, 5, 167, 2, 16, 7, 2589 }, // `
    { 11, 11, 180, 1, 11, 31, 2596 }, // a
    { 12, 17, 202, 0, 16, 51, 2627 }, // b
    { 10, 11, 166, 0, 11, 28, 2678 }, // c
    { 13, 16, 204, 0, 16, 52, 2706 }, // d
    { 11, 11, 173, 0, 11, 31, 2758 }, // e
    { 10, 16, 129, 0, 16, 40, 2789 }, // f
    { 12, 17, 186, 0, 12, 51, 2829 }, // g
    { 14, 16, 221, 0, 16, 56, 2880 }, // h
    { 7, 16, 111, 0, 16, 28, 2936 }, // i
    { 5, 21, 103, 0, 16, 27, 2964 }, // j
    { 13, 16, 203, 0, 16, 52, 2991 }, // k
    { 7, 16, 112, 0, 16, 28, 3043 }, // l
    { 20, 11, 323, 0, 11, 55, 3071 }, // m
    { 14, 11, 221, 0, 11, 39, 3126 }, // n
    { 12, 11, 195, 0, 11, 33, 3165 }, // o
    { 12, 16, 206, 0, 11, 48, 3198 }, // p
    { 13, 16, 200, 0, 11, 52, 3246 }, // q
    { 10, 11, 158, 0, 11, 28, 3298 }, // r
    { 8, 11, 151, 1, 11, 22, 3326 }, // s
    { 9, 15, 135, 0, 15, 34, 3348 }, // t
    { 13, 11, 211, 0, 11, 36, 3382 }, // u
    { 13, 11, 197, 0, 11, 36, 3418 }, // v
    { 18, 11, 287, 0, 11, 50, 3454 }, // w
    { 12, 11, 189, 0, 11, 33, 3504 }, // x
    { 13, 16, 192, 0, 11, 52, 3537 }, // y
    { 10, 11, 162, 0, 11, 28, 3589 }, // z
    { 7, 23, 124, 1, 18, 41, 3617 }, // {
    { 3, 19, 141, 3, 17, 15, 3658 }, // |
    { 7, 23, 124, 0, 18, 41, 3673 }, // }
    { 10, 4, 194, 1, 8, 10, 3714 }, // ~
    { 0, 0, 67, 0, 0, 0, 0 }, // U+00A0
    { 4, 16, 107, 1, 11, 16, 0 }, // U+00A1
    { 10, 15, 164, 0, 14, 38, 16 }, // U+00A2
    { 11, 15, 183, 0, 15, 42, 54 }, // U+00A3
    { 10, 11, 180, 1, 12, 28, 96 }, // U+00A4
    { 15, 15, 233, 0, 15, 57, 124 }, // U+00A5
    { 3, 19, 141, 3, 17, 15, 181 }, // U+00A6
    { 11, 19, 206, 1, 15, 53, 196 }, // U+00A7
    { 8, 3, 167, 1, 16, 6, 249 }, // U+00A8
    { 15, 15, 265, 1, 14, 57, 255 }, // U+00A9
    { 9, 8, 140, 0, 16, 18, 312 }, // U+00AA
    { 9, 9, 165, 1, 10, 21, 330 }, // U+00AB
    { 10, 6, 194, 1, 9, 15, 351 }, // U+00AC
    { 0, 0, 0, 0, 0, 0, 366 }, // U+00AD
    { 8, 9, 162, 1, 17, 18, 366 }, // U+00AE
    { 7, 3, 167, 2, 16, 6, 384 }, // U+00AF
    { 6, 7, 110, 0, 18, 11, 390 }, // U+00B0
    { 10, 11, 194, 1, 11, 28, 401 }, // U+00B1
    { 8, 9, 132, 0, 17, 18, 429 }, // U+00B2
    { 8, 9, 141, 0, 17, 18, 447 }, // U+00B3
    { 5, 5, 167, 3, 16, 7, 465 }, // U+00B4
    { 12, 16, 205, 1, 11, 48, 472 }, // U+00B5
    { 11, 18, 193, 1, 15, 50, 520 }, // U+00B6
    { 5, 3, 111, 1, 8, 4, 570 }, // U+00B7
    { 6, 6, 167, 2, 0, 9, 574 }, // U+00B8
    { 7, 10, 108, 0, 18, 18, 583 }, // U+00B9
    { 9, 8, 142, 0, 16, 18, 601 }, // U+00BA
    { 10, 9, 165, 0, 10, 23, 619 }, // U+00BB
    { 19, 16, 304, 0, 16, 76, 642 }, // U+00BC
    { 20, 16, 318, 0, 16, 80, 718 }, // U+00BD
    { 20, 15, 318, 0, 15, 75, 798 }, // U+00BE
    { 9, 16, 179, 1, 11, 36, 873 }, // U+00BF
    { 16, 19, 245, 0, 19, 76, 909 }, // U+00C0
    { 16, 19, 245, 0, 19, 76, 985 }, // U+00C1
    { 16, 20, 245, 0, 20, 80, 1061 }, // U+00C2
    { 16, 20, 245, 0, 20, 80, 1141 }, // U+00C3
    { 16, 19, 245, 0, 19, 76, 1221 }, // U+00C4
    { 16, 21, 245, 0, 21, 84, 1297 }, // U+00C5
    { 20, 15, 332, 0, 15, 75, 1381 }, // U+00C6
    { 13, 20, 233, 1, 15, 65, 1456 }, // U+00C7
    { 12, 19, 212, 1, 19, 57, 1521 }, // U+00C8
    { 12, 19, 212, 1, 19, 57, 1578 }, // U+00C9
    { 12, 20, 212, 1, 20, 60, 1635 }, // U+00CA
    { 12, 19, 212, 1, 19, 57, 1695 }, // U+00CB
    { 7, 19, 136, 1, 19, 34, 1752 }, // U+00CC
    { 7, 19, 136, 1, 19, 34, 1786 }, // U+00CD
    { 8, 20, 136, 0, 20, 40, 1820 }, // U+00CE
    { 8, 19, 136, 0, 19, 38, 1860 }, // U+00CF
    { 16, 15, 255, 0, 15, 60, 1898 }, // U+00D0
    { 16, 20, 278, 1, 20, 80, 1958 }, // U+00D1
    { 14, 19, 253, 1, 19, 67, 2038 }, // U+00D2
    { 14, 19, 253, 1, 19, 67, 2105 }, // U+00D3
    { 14, 20, 253, 1, 20, 70, 2172 }, // U+00D4
    { 14, 20, 253, 1, 20, 70, 2242 }, // U+00D5
    { 14, 19, 253, 1, 19, 67, 2312 }, // U+00D6
    { 8, 9, 194, 2, 11, 18, 2379 }, // U+00D7
    { 16, 15, 253, 0, 15, 60, 2397 }, // U+00D8
    { 16, 19, 270, 1, 19, 76, 2457 }, // U+00D9
    { 16, 19, 270, 1, 19, 76, 2533 }, // U+00DA
    { 16, 20, 270, 1, 20, 80, 2609 }, // U+00DB
    { 16, 19, 270, 1, 19, 76, 2689 }, // U+00DC
    { 15, 19, 239, 0, 19, 72, 2765 }, // U+00DD
    { 12, 15, 201, 1, 15, 45, 2837 }, // U+00DE
    { 14, 16, 226, 0, 16, 56, 2882 }, // U+00DF
    { 11, 16, 180, 1, 16, 44, 2938 }, // U+00E0
    { 11, 16, 180, 1, 16, 44, 2982 }, // U+00E1
    { 11, 16, 180, 1, 16, 44, 3026 }, // U+00E2
    { 11, 16, 180, 1, 16, 44, 3070 }, // U+00E3
    { 11, 16, 180, 1, 16, 44, 3114 }, // U+00E4
    { 11, 17, 180, 1, 17, 47, 3158 }, // U+00E5
    { 16, 11, 268, 1, 11, 44, 3205 }, // U+00E6
    { 10, 16, 166, 0, 11, 40, 3249 }, // U+00E7
    { 11, 16, 173, 0, 16, 44, 3289 }, // U+00E8
    { 11, 16, 173, 0, 16, 44, 3333 }, // U+00E9
    { 11, 16, 173, 0, 16, 44, 3377 }, // U+00EA
    { 11, 16, 173, 0, 16, 44, 3421 }, // U+00EB
    { 7, 16, 111, 0, 16, 28, 3465 }, // U+00EC
    { 7, 16, 111, 0, 16, 28, 3493 }, // U+00ED
    { 8, 16, 111, -1, 16, 32, 3521 }, // U+00EE
    { 8, 16, 111, -1, 16, 32, 3553 }, // U+00EF
    { 12, 17, 192, 0, 17, 51, 3585 }, // U+00F0
    { 14, 16, 221, 0, 16, 56, 3636 }, // U+00F1
    { 12, 16, 195, 0, 16, 48, 3692 }, // U+00F2
    { 12, 16, 195, 0, 16, 48, 3740 }, // U+00F3
    { 12, 16, 195, 0, 16, 48, 3788 }, // U+00F4
    { 12, 16, 195, 0, 16, 48, 3836 }, // U+00F5
    { 12, 16, 195, 0, 16, 48, 3884 }, // U+00F6
    { 10, 10, 194, 1, 11, 25, 3932 }, // U+00F7
    { 13, 11, 195, -1, 11, 36, 3957 }, // U+00F8
    { 13, 16, 211, 0, 16, 52, 3993 }, // U+00F9
    { 13, 16, 211, 0, 16, 52, 4045 }, // U+00FA
    { 13, 16, 211, 0, 16, 52, 4097 }, // U+00FB
    { 13, 16, 211, 0, 16, 52, 4149 }, // U+00FC
    { 13, 21, 192, 0, 16, 69, 4201 }, // U+00FD
    { 12, 21, 200, 0, 16, 63, 4270 }, // U+00FE
    { 13, 21, 192, 0, 16, 69, 4333 }, // U+00FF
    { 16, 19, 245, 0, 19, 76, 0 }, // U+0100
    { 11, 16, 180, 1, 16, 44, 76 }, // U+0101
    { 16, 20, 245, 0, 20, 80, 120 }, // U+0102
    { 11, 17, 180, 1, 17, 47, 200 }, // U+0103
    { 16, 20, 245, 0, 15, 80, 247 }, // U+0104
    { 11, 16, 180, 1, 11, 44, 327 }, // U+0105
    { 13, 19, 233, 1, 19, 62, 371 }, // U+0106
    { 10, 16, 166, 0, 16, 40, 433 }, // U+0107
    { 13, 20, 233, 1, 20, 65, 473 }, // U+0108
    { 10, 16, 166, 0, 16, 40, 538 }, // U+0109
    { 13, 19, 233, 1, 19, 62, 578 }, // U+010A
    { 10, 16, 166, 0, 16, 40, 640 }, // U+010B
    { 13, 20, 233, 1, 20, 65, 680 }, // U+010C
    { 10, 17, 166, 0, 17, 43, 745 }, // U+010D
    { 15, 20, 255, 1, 20, 75, 788 }, // U+010E
    { 15, 16, 230, 0, 16, 60, 863 }, // U+010F
    { 16, 15, 255, 0, 15, 60, 923 }, // U+0110
    { 13, 16, 197, 0, 16, 52, 983 }, // U+0111
    { 12, 19, 212, 1, 19, 57, 1035 }, // U+0112
    { 11, 16, 173, 0, 16, 44, 1092 }, // U+0113
    { 12, 20, 212, 1, 20, 60, 1136 }, // U+0114
    { 11, 17, 173, 0, 17, 47, 1196 }, // U+0115
    { 12, 19, 212, 1, 19, 57, 1243 }, // U+0116
    { 11, 16, 173, 0, 16, 44, 1300 }, // U+0117
    { 12, 20, 212, 1, 15, 60, 1344 }, // U+0118
    { 11, 16, 173, 0, 11, 44, 1404 }, // U+0119
    { 12, 20, 212, 1, 20, 60, 1448 }, // U+011A
    { 11, 17, 173, 0, 17, 47, 1508 }, // U+011B
    { 15, 20, 250, 1, 20, 75, 1555 }, // U+011C
    { 12, 21, 174, 0, 16, 63, 1630 }, // U+011D
    { 15, 20, 250, 1, 20, 75, 1693 }, // U+011E
    { 12, 22, 186, 0, 17, 66, 1768 }, // U+011F
    { 15, 19, 250, 1, 19, 72, 1834 }, // U+0120
    { 12, 21, 186, 0, 16, 63, 1906 }, // U+0121
    { 15, 21, 250, 1, 15, 79, 1969 }, // U+0122
    { 12, 22, 186, 0, 17, 66, 2048 }, // U+0123
    { 16, 20, 280, 1, 20, 80, 2114 }, // U+0124
    { 15, 21, 221, -1, 21, 79, 2194 }, // U+0125
    { 17, 15, 262, 0, 15, 64, 2273 }, // U+0126
    { 14, 16, 221, 0, 16, 56, 2337 }, // U+0127
    { 8, 20, 136, 0, 20, 40, 2393 }, // U+0128
    { 8, 16, 111, -1, 16, 32, 2433 }, // U+0129
    { 7, 19, 136, 1, 19, 34, 2465 }, // U+012A
    { 8, 16, 111, -1, 16, 32, 2499 }, // U+012B
    { 8, 20, 136, 0, 20, 40, 2531 }, // U+012C
    { 8, 17, 111, -1, 17, 34, 2571 }, // U+012D
    { 7, 20, 119, 1, 15, 35, 2605 }, // U+012E
    { 7, 21, 111, 0, 16, 37, 2640 }, // U+012F
    { 7, 19, 136, 1, 19, 34, 2677 }, // U+0130
    { 7, 11, 111, 0, 11, 20, 2711 }, // U+0131
    { 19, 15, 322, 1, 15, 72, 2731 }, // U+0132
    { 12, 21, 214, 0, 16, 63, 2803 }, // U+0133
    { 12, 20, 186, 0, 20, 60, 2866 }, // U+0134
    { 8, 21, 101, -1, 16, 42, 2926 }, // U+0135
    { 15, 21, 251, 1, 15, 79, 2968 }, // U+0136
    { 13, 22, 203, 0, 16, 72, 3047 }, // U+0137
    { 13, 11, 202, 0, 11, 36, 3119 }, // U+0138
    { 12, 19, 212, 1, 19, 57, 3155 }, // U+0139
    { 7, 20, 112, 0, 20, 35, 3212 }, // U+013A
    { 12, 21, 212, 1, 15, 63, 3247 }, // U+013B
    { 7, 22, 112, 0, 16, 39, 3310 }, // U+013C
    { 12, 16, 212, 1, 16, 48, 3349 }, // U+013D
    { 9, 16, 135, 0, 16, 36, 3397 }, // U+013E
    { 12, 15, 212, 1, 15, 45, 3433 }, // U+013F
    { 10, 16, 125, 0, 16, 40, 3478 }, // U+0140
    { 13, 15, 212, 0, 15, 49, 3518 }, // U+0141
    { 7, 16, 112, 0, 16, 28, 3567 }, // U+0142
    { 16, 19, 278, 1, 19, 76, 3595 }, // U+0143
    { 14, 16, 221, 0, 16, 56, 3671 }, // U+0144
    { 16, 21, 278, 1, 15, 84, 3727 }, // U+0145
    { 14, 17, 221, 0, 11, 60, 3811 }, // U+0146
    { 16, 20, 278, 1, 20, 80, 3871 }, // U+0147
    { 14, 17, 221, 0, 17, 60, 3951 }, // U+0148
    { 16, 16, 262, 0, 16, 64, 4011 }, // U+0149
    { 16, 20, 278, 1, 15, 80, 4075 }, // U+014A
    { 12, 16, 214, 0, 11, 48, 4155 }, // U+014B
    { 14, 19, 253, 1, 19, 67, 4203 }, // U+014C
    { 12, 16, 195, 0, 16, 48, 4270 }, // U+014D
    { 14, 20, 253, 1, 20, 70, 4318 }, // U+014E
    { 12, 17, 195, 0, 17, 51, 4388 }, // U+014F
    { 14, 20, 253, 1, 20, 70, 4439 }, // U+0150
    { 12, 16, 195, 0, 16, 48, 4509 }, // U+0151
    { 21, 15, 360, 1, 15, 79, 4557 }, // U+0152
    { 19, 11, 302, 0, 11, 53, 4636 }, // U+0153
    { 14, 19, 242, 1, 19, 67, 4689 }, // U+0154
    { 10, 16, 158, 0, 16, 40, 4756 }, // U+0155
    { 14, 21, 242, 1, 15, 74, 4796 }, // U+0156
    { 10, 17, 158, 0, 11, 43, 4870 }, // U+0157
    { 14, 20, 242, 1, 20, 70, 4913 }, // U+0158
    { 10, 17, 158, 0, 17, 43, 4983 }, // U+0159
    { 11, 19, 199, 1, 19, 53, 5026 }, // U+015A
    { 8, 16, 151, 1, 16, 32, 5079 }, // U+015B
    { 11, 20, 199, 1, 20, 55, 5111 }, // U+015C
    { 8, 16, 151, 1, 16, 32, 5166 }, // U+015D
    { 11, 20, 199, 1, 15, 55, 5198 }, // U+015E
    { 8, 16, 151, 1, 11, 32, 5253 }, // U+015F
    { 11, 20, 199, 1, 20, 55, 5285 }, // U+0160
    { 8, 17, 151, 1, 17, 34, 5340 }, // U+0161
    { 15, 20, 246, 0, 15, 75, 5374 }, // U+0162
    { 9, 20, 135, 0, 15, 45, 5449 }, // U+0163
    { 15, 20, 246, 0, 20, 75, 5494 }, // U+0164
    { 9, 17, 135, 0, 17, 39, 5569 }, // U+0165
    { 15, 15, 246, 0, 15, 57, 5608 }, // U+0166
    { 9, 15, 135, 0, 15, 34, 5665 }, // U+0167
    { 16, 20, 270, 1, 20, 80, 5699 }, // U+0168
    { 13, 16, 211, 0, 16, 52, 5779 }, // U+0169
    { 16, 19, 270, 1, 19, 76, 5831 }, // U+016A
    { 13, 16, 211, 0, 16, 52, 5907 }, // U+016B
    { 16, 20, 270, 1, 20, 80, 5959 }, // U+016C
    { 13, 17, 211, 0, 17, 56, 6039 }, // U+016D
    { 16, 21, 270, 1, 21, 84, 6095 }, // U+016E
    { 13, 17, 211, 0, 17, 56, 6179 }, // U+016F
    { 16, 20, 270, 1, 20, 80, 6235 }, // U+0170
    { 13, 16, 211, 0, 16, 52, 6315 }, // U+0171
    { 16, 20, 270, 1, 15, 80, 6367 }, // U+0172
    { 13, 16, 205, 0, 11, 52, 6447 }, // U+0173
    { 23, 20, 364, 0, 20, 115, 6499 }, // U+0174
    { 18, 16, 287, 0, 16, 72, 6614 }, // U+0175
    { 15, 20, 239, 0, 20, 75, 6686 }, // U+0176
    { 13, 21, 192, 0, 16, 69, 6761 }, // U+0177
    { 15, 19, 239, 0, 19, 72, 6830 }, // U+0178
    { 12, 19, 219, 1, 19, 57, 6902 }, // U+0179
    { 10, 16, 162, 0, 16, 40, 6959 }, // U+017A
    { 12, 19, 219, 1, 19, 57, 6999 }, // U+017B
    { 10, 16, 162, 0, 16, 40, 7056 }, // U+017C
    { 12, 20, 219, 1, 20, 60, 7096 }, // U+017D
    { 10, 17, 162, 0, 17, 43, 7156 }, // U+017E
    { 17, 16, 275, 1, 16, 68, 0 }, // U+01A0
    { 13, 15, 205, 0, 15, 49, 68 }, // U+01A1
    { 18, 16, 289, 1, 16, 72, 117 }, // U+01AF
    { 15, 15, 229, 0, 15, 57, 189 }, // U+01B0
    { 28, 20, 467, 1, 20, 140, 246 }, // U+01C4
    { 25, 17, 417, 1, 17, 107, 386 }, // U+01C5
    { 23, 17, 366, 0, 17, 98, 493 }, // U+01C6
    { 24, 15, 395, 1, 15, 90, 591 }, // U+01C7
    { 18, 21, 315, 1, 16, 95, 681 }, // U+01C8
    { 12, 21, 205, 0, 16, 63, 776 }, // U+01C9
    { 27, 15, 451, 1, 15, 102, 839 }, // U+01CA
    { 21, 21, 378, 1, 16, 111, 941 }, // U+01CB
    { 19, 21, 319, 0, 16, 100, 1052 }, // U+01CC
    { 16, 20, 245, 0, 20, 80, 1152 }, // U+01CD
    { 11, 17, 180, 1, 17, 47, 1232 }, // U+01CE
    { 8, 20, 136, 0, 20, 40, 1279 }, // U+01CF
    { 8, 17, 111, -1, 17, 34, 1319 }, // U+01D0
    { 14, 20, 253, 1, 20, 70, 1353 }, // U+01D1
    { 12, 17, 195, 0, 17, 51, 1423 }, // U+01D2
    { 16, 20, 270, 1, 20, 80, 1474 }, // U+01D3
    { 13, 17, 211, 0, 17, 56, 1554 }, // U+01D4
    { 16, 23, 270, 1, 23, 92, 1610 }, // U+01D5
    { 13, 20, 211, 0, 20, 65, 1702 }, // U+01D6
    { 16, 23, 270, 1, 23, 92, 1767 }, // U+01D7
    { 13, 20, 211, 0, 20, 65, 1859 }, // U+01D8
    { 16, 24, 270, 1, 24, 96, 1924 }, // U+01D9
    { 13, 21, 211, 0, 21, 69, 2020 }, // U+01DA
    { 16, 23, 270, 1, 23, 92, 2089 }, // U+01DB
    { 13, 20, 211, 0, 20, 65, 2181 }, // U+01DC
    { 15, 20, 250, 1, 20, 75, 2246 }, // U+01E6
    { 12, 22, 186, 0, 17, 66, 2321 }, // U+01E7
    { 14, 20, 253, 1, 15, 70, 2387 }, // U+01EA
    { 12, 16, 195, 0, 11, 48, 2457 }, // U+01EB
    { 16, 23, 245, 0, 23, 92, 2505 }, // U+01FA
    { 11, 20, 180, 1, 20, 55, 2597 }, // U+01FB
    { 20, 19, 332, 0, 19, 95, 2652 }, // U+01FC
    { 16, 16, 268, 1, 16, 64, 2747 }, // U+01FD
    { 16, 19, 253, 0, 19, 76, 2811 }, // U+01FE
    { 13, 16, 195, -1, 16, 52, 2887 }, // U+01FF
    { 16, 20, 245, 0, 20, 80, 2939 }, // U+0200
    { 12, 16, 180, 0, 16, 48, 3019 }, // U+0201
    { 16, 20, 245, 0, 20, 80, 3067 }, // U+0202
    { 11, 17, 180, 1, 17, 47, 3147 }, // U+0203
    { 12, 20, 212, 1, 20, 60, 3194 }, // U+0204
    { 11, 16, 173, 0, 16, 44, 3254 }, // U+0205
    { 12, 20, 212, 1, 20, 60, 3298 }, // U+0206
    { 11, 17, 173, 0, 17, 47, 3358 }, // U+0207
    { 9, 20, 136, -1, 20, 45, 3405 }, // U+0208
    { 9, 16, 111, -2, 16, 36, 3450 }, // U+0209
    { 8, 20, 136, 0, 20, 40, 3486 }, // U+020A
    { 8, 17, 111, -1, 17, 34, 3526 }, // U+020B
    { 14, 20, 253, 1, 20, 70, 3560 }, // U+020C
    { 12, 16, 195, 0, 16, 48, 3630 }, // U+020D
    { 14, 20, 253, 1, 20, 70, 3678 }, // U+020E
    { 12, 17, 195, 0, 17, 51, 3748 }, // U+020F
    { 14, 20, 242, 1, 20, 70, 3799 }, // U+0210
    { 10, 16, 158, 0, 16, 40, 3869 }, // U+0211
    { 14, 20, 242, 1, 20, 70, 3909 }, // U+0212
    { 10, 17, 158, 0, 17, 43, 3979 }, // U+0213
    { 16, 20, 270, 1, 20, 80, 4022 }, // U+0214
    { 13, 16, 211, 0, 16, 52, 4102 }, // U+0215
    { 16, 20, 270, 1, 20, 80, 4154 }, // U+0216
    { 13, 17, 211, 0, 17, 56, 4234 }, // U+0217
    { 11, 21, 199, 1, 15, 58, 4290 }, // U+0218
    { 8, 17, 151, 1, 11, 34, 4348 }, // U+0219
    { 15, 21, 246, 0, 15, 79, 4382 }, // U+021A
    { 9, 21, 135, 0, 15, 48, 4461 }, // U+021B
    { 5, 5, 0, -3, 16, 7, 0 }, // U+0300
    { 5, 5, 0, -2, 16, 7, 7 }, // U+0301
    { 8, 5, 0, -4, 16, 10, 14 }, // U+0302
    { 8, 4, 0, -4, 16, 8, 24 }, // U+0303
    { 6, 3, 0, -3, 16, 5, 32 }, // U+0304
    { 8, 5, 0, -4, 17, 10, 37 }, // U+0306
    { 4, 3, 0, -2, 16, 3, 47 }, // U+0307
    { 8, 3, 0, -4, 16, 6, 50 }, // U+0308
    { 6, 7, 0, -3, 18, 11, 56 }, // U+0309
    { 6, 6, 0, -3, 17, 9, 67 }, // U+030A
    { 8, 4, 0, -3, 16, 8, 76 }, // U+030B
    { 8, 5, 0, -4, 17, 10, 84 }, // U+030C
    { 8, 4, 0, -5, 16, 8, 94 }, // U+030F
    { 8, 5, 0, -4, 17, 10, 102 }, // U+0311
    { 4, 5, 0, -2, 17, 5, 112 }, // U+0312
    { 5, 7, 0, -3, 15, 9, 117 }, // U+031B
    { 4, 3, 0, -2, -1, 3, 126 }, // U+0323
    { 8, 3, 0, -4, -1, 6, 129 }, // U+0324
    { 4, 6, 0, -2, 0, 6, 135 }, // U+0326
    { 6, 6, 0, -3, 0, 9, 141 }, // U+0327
    { 4, 6, 0, -2, 0, 6, 150 }, // U+0328
    { 8, 4, 0, -4, -1, 8, 156 }, // U+032E
    { 6, 3, 0, -3, -1, 5, 164 }, // U+0331
    { 16, 19, 245, 0, 15, 76, 0 }, // U+1EA0
    { 11, 15, 180, 1, 11, 42, 76 }, // U+1EA1
    { 16, 21, 245, 0, 21, 84, 118 }, // U+1EA2
    { 11, 18, 180, 1, 18, 50, 202 }, // U+1EA3
    { 16, 23, 245, 0, 23, 92, 252 }, // U+1EA4
    { 11, 20, 180, 1, 20, 55, 344 }, // U+1EA5
    { 16, 23, 245, 0, 23, 92, 399 }, // U+1EA6
    { 11, 20, 180, 1, 20, 55, 491 }, // U+1EA7
    { 16, 24, 245, 0, 24, 96, 546 }, // U+1EA8
    { 11, 21, 180, 1, 21, 58, 642 }, // U+1EA9
    { 16, 24, 245, 0, 24, 96, 700 }, // U+1EAA
    { 11, 21, 180, 1, 21, 58, 796 }, // U+1EAB
    { 16, 24, 245, 0, 20, 96, 854 }, // U+1EAC
    { 11, 20, 180, 1, 16, 55, 950 }, // U+1EAD
    { 16, 23, 245, 0, 23, 92, 1005 }, // U+1EAE
    { 11, 20, 180, 1, 20, 55, 1097 }, // U+1EAF
    { 16, 23, 245, 0, 23, 92, 1152 }, // U+1EB0
    { 11, 20, 180, 1, 20, 55, 1244 }, // U+1EB1
    { 16, 25, 245, 0, 25, 100, 1299 }, // U+1EB2
    { 11, 21, 180, 1, 21, 58, 1399 }, // U+1EB3
    { 16, 24, 245, 0, 24, 96, 1457 }, // U+1EB4
    { 11, 20, 180, 1, 20, 55, 1553 }, // U+1EB5
    { 16, 24, 245, 0, 20, 96, 1608 }, // U+1EB6
    { 11, 21, 180, 1, 17, 58, 1704 }, // U+1EB7
    { 12, 19, 212, 1, 15, 57, 1762 }, // U+1EB8
    { 11, 15, 173, 0, 11, 42, 1819 }, // U+1EB9
    { 12, 21, 212, 1, 21, 63, 1861 }, // U+1EBA
    { 11, 18, 173, 0, 18, 50, 1924 }, // U+1EBB
    { 12, 20, 212, 1, 20, 60, 1974 }, // U+1EBC
    { 11, 16, 173, 0, 16, 44, 2034 }, // U+1EBD
    { 12, 23, 212, 1, 23, 69, 2078 }, // U+1EBE
    { 11, 20, 173, 0, 20, 55, 2147 }, // U+1EBF
    { 12, 23, 212, 1, 23, 69, 2202 }, // U+1EC0
    { 11, 20, 173, 0, 20, 55, 2271 }, // U+1EC1
    { 12, 24, 212, 1, 24, 72, 2326 }, // U+1EC2
    { 12, 21, 173, 0, 21, 63, 2398 }, // U+1EC3
    { 12, 24, 212, 1, 24, 72, 2461 }, // U+1EC4
    { 11, 21, 173, 0, 21, 58, 2533 }, // U+1EC5
    { 12, 24, 212, 1, 20, 72, 2591 }, // U+1EC6
    { 11, 20, 173, 0, 16, 55, 2663 }, // U+1EC7
    { 7, 21, 136, 1, 21, 37, 2718 }, // U+1EC8
    { 7, 18, 111, 0, 18, 32, 2755 }, // U+1EC9
    { 7, 19, 136, 1, 15, 34, 2787 }, // U+1ECA
    { 7, 20, 111, 0, 16, 35, 2821 }, // U+1ECB
    { 14, 19, 253, 1, 15, 67, 2856 }, // U+1ECC
    { 12, 15, 195, 0, 11, 45, 2923 }, // U+1ECD
    { 14, 21, 253, 1, 21, 74, 2968 }, // U+1ECE
    { 12, 18, 195, 0, 18, 54, 3042 }, // U+1ECF
    { 14, 23, 253, 1, 23, 81, 3096 }, // U+1ED0
    { 12, 20, 195, 0, 20, 60, 3177 }, // U+1ED1
    { 14, 23, 253, 1, 23, 81, 3237 }, // U+1ED2
    { 12, 20, 195, 0, 20, 60, 3318 }, // U+1ED3
    { 14, 24, 253, 1, 24, 84, 3378 }, // U+1ED4
    { 12, 21, 195, 0, 21, 63, 3462 }, // U+1ED5
    { 14, 24, 253, 1, 24, 84, 3525 }, // U+1ED6
    { 12, 21, 195, 0, 21, 63, 3609 }, // U+1ED7
    { 14, 24, 253, 1, 20, 84, 3672 }, // U+1ED8
    { 12, 20, 195, 0, 16, 60, 3756 }, // U+1ED9
    { 17, 19, 275, 1, 19, 81, 3816 }, // U+1EDA
    { 13, 16, 205, 0, 16, 52, 3897 }, // U+1EDB
    { 17, 19, 275, 1, 19, 81, 3949 }, // U+1EDC
    { 13, 16, 205, 0, 16, 52, 4030 }, // U+1EDD
    { 17, 21, 275, 1, 21, 90, 4082 }, // U+1EDE
    { 13, 18, 205, 0, 18, 59, 4172 }, // U+1EDF
    { 17, 20, 275, 1, 20, 85, 4231 }, // U+1EE0
    { 13, 16, 205, 0, 16, 52, 4316 }, // U+1EE1
    { 17, 20, 275, 1, 16, 85, 4368 }, // U+1EE2
    { 13, 19, 205, 0, 15, 62, 4453 }, // U+1EE3
    { 16, 19, 270, 1, 15, 76, 4515 }, // U+1EE4
    { 13, 15, 211, 0, 11, 49, 4591 }, // U+1EE5
    { 16, 21, 270, 1, 21, 84, 4640 }, // U+1EE6
    { 13, 18, 211, 0, 18, 59, 4724 }, // U+1EE7
    { 18, 19, 289, 1, 19, 86, 4783 }, // U+1EE8
    { 15, 16, 229, 0, 16, 60, 4869 }, // U+1EE9
    { 18, 19, 289, 1, 19, 86, 4929 }, // U+1EEA
    { 15, 16, 229, 0, 16, 60, 5015 }, // U+1EEB
    { 18, 21, 289, 1, 21, 95, 5075 }, // U+1EEC
    { 15, 18, 229, 0, 18, 68, 5170 }, // U+1EED
    { 18, 20, 289, 1, 20, 90, 5238 }, // U+1EEE
    { 15, 16, 229, 0, 16, 60, 5328 }, // U+1EEF
    { 18, 20, 289, 1, 16, 90, 5388 }, // U+1EF0
    { 15, 19, 229, 0, 15, 72, 5478 }, // U+1EF1
    { 15, 19, 239, 0, 19, 72, 5550 }, // U+1EF2
    { 13, 21, 192, 0, 16, 69, 5622 }, // U+1EF3
    { 15, 19, 239, 0, 15, 72, 5691 }, // U+1EF4
    { 13, 16, 192, 0, 11, 52, 5763 }, // U+1EF5
    { 15, 21, 239, 0, 21, 79, 5815 }, // U+1EF6
    { 13, 23, 192, 0, 18, 75, 5894 }, // U+1EF7
    { 15, 20, 239, 0, 20, 75, 5969 }, // U+1EF8
    { 13, 21, 192, 0, 16, 69, 6044 }, // U+1EF9
    { 0, 0, 194, 0, 0, 0, 0 }, // U+2007
    { 0, 0, 108, 0, 0, 0, 0 }, // U+2008
    { 0, 0, 42, 0, 0, 0, 0 }, // U+2009
    { 0, 0, 20, 0, 0, 0, 0 }, // U+200A
    { 0, 0, 0, 0, 0, 0, 0 }, // U+200B
    { 7, 3, 118, 0, 8, 6, 0 }, // U+2010
    { 11, 3, 167, 0, 7, 9, 6 }, // U+2012
    { 11, 3, 167, 0, 7, 9, 15 }, // U+2013
    { 21, 3, 333, 0, 7, 16, 24 }, // U+2014
    { 21, 3, 333, 0, 7, 16, 40 }, // U+2015
    { 4, 6, 109, 1, 17, 6, 56 }, // U+2018
    { 4, 6, 109, 1, 16, 6, 62 }, // U+2019
    { 4, 7, 109, 1, 3, 7, 68 }, // U+201A
    { 9, 6, 175, 1, 17, 14, 75 }, // U+201C
    { 9, 6, 175, 1, 16, 14, 89 }, // U+201D
    { 8, 7, 138, 0, 3, 14, 103 }, // U+201E
    { 9, 17, 174, 1, 16, 39, 117 }, // U+2020
    { 9, 16, 174, 1, 16, 36, 156 }, // U+2021
    { 6, 4, 124, 1, 8, 6, 192 }, // U+2022
    { 18, 3, 294, 0, 3, 14, 198 }, // U+2026
    { 25, 14, 406, 0, 14, 88, 212 }, // U+2030
    { 3, 5, 71, 1, 17, 4, 300 }, // U+2032
    { 6, 5, 125, 1, 17, 8, 304 }, // U+2033
    { 5, 9, 103, 1, 10, 12, 312 }, // U+2039
    { 6, 9, 102, 0, 10, 14, 324 }, // U+203A
    { 17, 17, 296, 1, 16, 73, 338 }, // U+2042
    { 11, 15, 77, -3, 15, 42, 411 }, // U+2044
    { 12, 19, 206, 0, 17, 57, 0 }, // U+20A1
    { 13, 15, 207, 0, 15, 49, 57 }, // U+20A3
    { 11, 15, 180, 0, 15, 42, 106 }, // U+20A4
    { 16, 15, 278, 1, 15, 60, 148 }, // U+20A6
    { 29, 15, 479, 1, 15, 109, 208 }, // U+20A7
    { 23, 15, 360, 0, 15, 87, 317 }, // U+20A9
    { 13, 20, 202, 0, 16, 65, 404 }, // U+20AB
    { 14, 15, 228, 0, 15, 53, 469 }, // U+20AC
    { 16, 15, 247, 0, 15, 60, 522 }, // U+20AD
    { 14, 15, 226, 0, 15, 53, 582 }, // U+20AE
    { 14, 15, 220, 0, 15, 53, 635 }, // U+20B1
    { 15, 19, 241, 1, 17, 72, 688 }, // U+20B2
    { 13, 15, 213, 0, 15, 49, 760 }, // U+20B4
    { 12, 20, 206, 0, 18, 60, 809 }, // U+20B5
    { 15, 15, 229, 0, 15, 57, 869 }, // U+20B8
    { 12, 16, 199, 0, 15, 48, 926 }, // U+20B9
    { 12, 15, 207, 1, 15, 45, 974 }, // U+20BA
    { 14, 15, 237, 0, 15, 53, 1019 }, // U+20BC
    { 12, 15, 197, 0, 15, 45, 1072 }, // U+20BD
    { 13, 16, 214, 0, 16, 52, 0 }, // U+FB01
    { 14, 16, 222, 0, 16, 56, 52 }, // U+FB02
};

static const EpdUnicodeInterval literata_10_regularIntervals[] = {
    { 0x20, 0x7E, 0x0 },
    { 0xA0, 0x17E, 0x5F },
    { 0x1A0, 0x1A1, 0x13E },
    { 0x1AF, 0x1B0, 0x140 },
    { 0x1C4, 0x1DC, 0x142 },
    { 0x1E6, 0x1E7, 0x15B },
    { 0x1EA, 0x1EB, 0x15D },
    { 0x1FA, 0x21B, 0x15F },
    { 0x300, 0x304, 0x181 },
    { 0x306, 0x30C, 0x186 },
    { 0x30F, 0x30F, 0x18D },
    { 0x311, 0x312, 0x18E },
    { 0x31B, 0x31B, 0x190 },
    { 0x323, 0x324, 0x191 },
    { 0x326, 0x328, 0x193 },
    { 0x32E, 0x32E, 0x196 },
    { 0x331, 0x331, 0x197 },
    { 0x1EA0, 0x1EF9, 0x198 },
    { 0x2007, 0x200B, 0x1F2 },
    { 0x2010, 0x2010, 0x1F7 },
    { 0x2012, 0x2015, 0x1F8 },
    { 0x2018, 0x201A, 0x1FC },
    { 0x201C, 0x201E, 0x1FF },
    { 0x2020, 0x2022, 0x202 },
    { 0x2026, 0x2026, 0x205 },
    { 0x2030, 0x2030, 0x206 },
    { 0x2032, 0x2033, 0x207 },
    { 0x2039, 0x203A, 0x209 },
    { 0x2042, 0x2042, 0x20B },
    { 0x2044, 0x2044, 0x20C },
    { 0x20A1, 0x20A1, 0x20D },
    { 0x20A3, 0x20A4, 0x20E },
    { 0x20A6, 0x20A7, 0x210 },
    { 0x20A9, 0x20A9, 0x212 },
    { 0x20AB, 0x20AE, 0x213 },
    { 0x20B1, 0x20B2, 0x217 },
    { 0x20B4, 0x20B5, 0x219 },
    { 0x20B8, 0x20BA, 0x21B },
    { 0x20BC, 0x20BD, 0x21E },
    { 0xFB01, 0xFB02, 0x220 },
};

static const EpdFontGroup literata_10_regularGroups[] = {
    { 0, 2325, 4163, 95, 0 },
    { 2325, 2013, 4731, 96, 95 },
    { 4338, 2585, 7804, 127, 191 },
    { 6923, 1927, 4854, 67, 318 },
    { 8850, 162, 191, 23, 385 },
    { 9012, 1429, 6601, 90, 408 },
    { 10441, 349, 530, 27, 498 },
    { 10790, 794, 1206, 19, 525 },
    { 11584, 74, 128, 2, 544 },
};

static const EpdKernClassEntry literata_10_regularKernLeftClasses[] = {
    { 0x0022, 1 }, // "
    { 0x0026, 2 }, // &
    { 0x0027, 1 }, // '
    { 0x002A, 3 }, // *
    { 0x002C, 4 }, // ,
    { 0x002D, 5 }, // -
    { 0x002E, 4 }, // .
    { 0x002F, 6 }, // /
    { 0x0030, 7 }, // 0
    { 0x0031, 8 }, // 1
    { 0x0032, 9 }, // 2
    { 0x0033, 10 }, // 3
    { 0x0034, 11 }, // 4
    { 0x0035, 12 }, // 5
    { 0x0037, 13 }, // 7
    { 0x0038, 14 }, // 8
    { 0x0039, 14 }, // 9
    { 0x003A, 15 }, // :
    { 0x003B, 15 }, // ;
    { 0x003D, 16 }, // =
    { 0x003F, 17 }, // ?
    { 0x0040, 18 }, // @
    { 0x0041, 19 }, // A
    { 0x0042, 20 }, // B
    { 0x0043, 21 }, // C
    { 0x0044, 22 }, // D
    { 0x0045, 23 }, // E
    { 0x0046, 24 }, // F
    { 0x0047, 25 }, // G
    { 0x0048, 26 }, // H
    { 0x0049, 26 }, // I
    { 0x004A, 27 }, // J
    { 0x004B, 28 }, // K
    { 0x004C, 29 }, // L
    { 0x004D, 30 }, // M
    { 0x004E, 31 }, // N
    { 0x004F, 32 }, // O
    { 0x0050, 33 }, // P
    { 0x0051, 34 }, // Q
    { 0x0052, 35 }, // R
    { 0x0053, 36 }, // S
    { 0x0054, 37 }, // T
    { 0x0055, 38 }, // U
    { 0x0056, 39 }, // V
    { 0x0057, 40 }, // W
    { 0x0058, 41 }, // X
    { 0x0059, 42 }, // Y
    { 0x005A, 43 }, // Z
    { 0x005B, 44 }, // [
    { 0x005C, 45 }, // <backslash>
    { 0x0061, 46 }, // a
    { 0x0062, 47 }, // b
    { 0x0063, 48 }, // c
    { 0x0064, 49 }, // d
    { 0x0065, 50 }, // e
    { 0x0066, 51 }, // f
    { 0x0067, 52 }, // g
    { 0x0068, 53 }, // h
    { 0x0069, 54 }, // i
    { 0x006A, 55 }, // j
    { 0x006B, 56 }, // k
    { 0x006C, 49 }, // l
    { 0x006D, 53 }, // m
    { 0x006E, 53 }, // n
    { 0x006F, 57 }, // o
    { 0x0070, 57 }, // p
    { 0x0071, 58 }, // q
    { 0x0072, 59 }, // r
    { 0x0073, 60 }, // s
    { 0x0074, 61 }, // t
    { 0x0075, 54 }, // u
    { 0x0076, 62 }, // v
    { 0x0077, 63 }, // w
    { 0x0078, 64 }, // x
    { 0x0079, 62 }, // y
    { 0x007A, 65 }, // z
    { 0x00A1, 66 }, // U+00A1
    { 0x00AB, 67 }, // U+00AB
    { 0x00AD, 5 }, // U+00AD
    { 0x00B5, 68 }, // U+00B5
    { 0x00B7, 69 }, // U+00B7
    { 0x00BB, 70 }, // U+00BB
    { 0x00BF, 71 }, // U+00BF
    { 0x00C0, 19 }, // U+00C0
    { 0x00C1, 19 }, // U+00C1
    { 0x00C2, 19 }, // U+00C2
    { 0x00C3, 19 }, // U+00C3
    { 0x00C4, 19 }, // U+00C4
    { 0x00C5, 19 }, // U+00C5
    { 0x00C6, 23 }, // U+00C6
    { 0x00C7, 21 }, // U+00C7
    { 0x00C8, 23 }, // U+00C8
    { 0x00C9, 23 }, // U+00C9
    { 0x00CA, 23 }, // U+00CA
    { 0x00CB, 23 }, // U+00CB
    { 0x00CC, 26 }, // U+00CC
    { 0x00CD, 26 }, // U+00CD
    { 0x00CE, 26 }, // U+00CE
    { 0x00CF, 26 }, // U+00CF
    { 0x00D0, 72 }, // U+00D0
    { 0x00D1, 31 }, // U+00D1
    { 0x00D2, 32 }, // U+00D2
    { 0x00D3, 32 }, // U+00D3
    { 0x00D4, 32 }, // U+00D4
    { 0x00D5, 32 }, // U+00D5
    { 0x00D6, 32 }, // U+00D6
    { 0x00D7, 73 }, // U+00D7
    { 0x00D8, 32 }, // U+00D8
    { 0x00D9, 74 }, // U+00D9
    { 0x00DA, 74 }, // U+00DA
    { 0x00DB, 74 }, // U+00DB
    { 0x00DC, 74 }, // U+00DC
    { 0x00DD, 75 }, // U+00DD
    { 0x00DE, 76 }, // U+00DE
    { 0x00DF, 77 }, // U+00DF
    { 0x00E0, 78 }, // U+00E0
    { 0x00E1, 79 }, // U+00E1
    { 0x00E2, 79 }, // U+00E2
    { 0x00E3, 79 }, // U+00E3
    { 0x00E4, 79 }, // U+00E4
    { 0x00E5, 79 }, // U+00E5
    { 0x00E6, 57 }, // U+00E6
    { 0x00E7, 48 }, // U+00E7
    { 0x00E8, 80 }, // U+00E8
    { 0x00E9, 80 }, // U+00E9
    { 0x00EA, 80 }, // U+00EA
    { 0x00EB, 80 }, // U+00EB
    { 0x00EC, 54 }, // U+00EC
    { 0x00ED, 54 }, // U+00ED
    { 0x00EE, 54 }, // U+00EE
    { 0x00EF, 81 }, // U+00EF
    { 0x00F1, 53 }, // U+00F1
    { 0x00F2, 57 }, // U+00F2
    { 0x00F3, 57 }, // U+00F3
    { 0x00F4, 57 }, // U+00F4
    { 0x00F5, 57 }, // U+00F5
    { 0x00F6, 57 }, // U+00F6
    { 0x00F8, 57 }, // U+00F8
    { 0x00F9, 54 }, // U+00F9
    { 0x00FA, 54 }, // U+00FA
    { 0x00FB, 54 }, // U+00FB
    { 0x00FC, 54 }, // U+00FC
    { 0x00FD, 62 }, // U+00FD
    { 0x00FE, 57 }, // U+00FE
    { 0x00FF, 62 }, // U+00FF
    { 0x0100, 19 }, // U+0100
    { 0x0101, 79 }, // U+0101
    { 0x0102, 19 }, // U+0102
    { 0x0103, 79 }, // U+0103
    { 0x0104, 19 }, // U+0104
    { 0x0105, 79 }, // U+0105
    { 0x0106, 21 }, // U+0106
    { 0x0107, 48 }, // U+0107
    { 0x0108, 21 }, // U+0108
    { 0x0109, 48 }, // U+0109
    { 0x010A, 21 }, // U+010A
    { 0x010B, 48 }, // U+010B
    { 0x010C, 21 }, // U+010C
    { 0x010D, 48 }, // U+010D
    { 0x010E, 82 }, // U+010E
    { 0x010F, 83 }, // U+010F
    { 0x0110, 82 }, // U+0110
    { 0x0111, 49 }, // U+0111
    { 0x0112, 23 }, // U+0112
    { 0x0113, 80 }, // U+0113
    { 0x0114, 23 }, // U+0114
    { 0x0115, 80 }, // U+0115
    { 0x0116, 23 }, // U+0116
    { 0x0117, 80 }, // U+0117
    { 0x0118, 23 }, // U+0118
    { 0x0119, 80 }, // U+0119
    { 0x011A, 23 }, // U+011A
    { 0x011B, 80 }, // U+011B
    { 0x011C, 25 }, // U+011C
    { 0x011D, 52 }, // U+011D
    { 0x011E, 25 }, // U+011E
    { 0x011F, 52 }, // U+011F
    { 0x0120, 25 }, // U+0120
    { 0x0121, 52 }, // U+0121
    { 0x0122, 25 }, // U+0122
    { 0x0123, 52 }, // U+0123
    { 0x0124, 26 }, // U+0124
    { 0x0125, 53 }, // U+0125
    { 0x0126, 26 }, // U+0126
    { 0x0127, 53 }, // U+0127
    { 0x0128, 26 }, // U+0128
    { 0x0129, 54 }, // U+0129
    { 0x012A, 26 }, // U+012A
    { 0x012B, 54 }, // U+012B
    { 0x012C, 26 }, // U+012C
    { 0x012D, 54 }, // U+012D
    { 0x012E, 26 }, // U+012E
    { 0x012F, 54 }, // U+012F
    { 0x0130, 26 }, // U+0130
    { 0x0131, 54 }, // U+0131
    { 0x0134, 27 }, // U+0134
    { 0x0135, 55 }, // U+0135
    { 0x0136, 28 }, // U+0136
    { 0x0137, 56 }, // U+0137
    { 0x0138, 56 }, // U+0138
    { 0x0139, 29 }, // U+0139
    { 0x013A, 49 }, // U+013A
    { 0x013B, 29 }, // U+013B
    { 0x013C, 49 }, // U+013C
    { 0x013D, 84 }, // U+013D
    { 0x013E, 85 }, // U+013E
    { 0x013F, 29 }, // U+013F
    { 0x0140, 49 }, // U+0140
    { 0x0141, 29 }, // U+0141
    { 0x0142, 86 }, // U+0142
    { 0x0143, 31 }, // U+0143
    { 0x0144, 53 }, // U+0144
    { 0x0145, 31 }, // U+0145
    { 0x0146, 53 }, // U+0146
    { 0x0147, 31 }, // U+0147
    { 0x0148, 53 }, // U+0148
    { 0x0149, 53 }, // U+0149
    { 0x014A, 27 }, // U+014A
    { 0x014B, 55 }, // U+014B
    { 0x014C, 32 }, // U+014C
    { 0x014D, 57 }, // U+014D
    { 0x014E, 32 }, // U+014E
    { 0x014F, 57 }, // U+014F
    { 0x0150, 32 }, // U+0150
    { 0x0151, 57 }, // U+0151
    { 0x0152, 23 }, // U+0152
    { 0x0153, 57 }, // U+0153
    { 0x0154, 35 }, // U+0154
    { 0x0155, 59 }, // U+0155
    { 0x0156, 35 }, // U+0156
    { 0x0157, 59 }, // U+0157
    { 0x0158, 35 }, // U+0158
    { 0x0159, 59 }, // U+0159
    { 0x015A, 36 }, // U+015A
    { 0x015B, 60 }, // U+015B
    { 0x015C, 36 }, // U+015C
    { 0x015D, 60 }, // U+015D
    { 0x015E, 36 }, // U+015E
    { 0x015F, 60 }, // U+015F
    { 0x0160, 36 }, // U+0160
    { 0x0161, 60 }, // U+0161
    { 0x0162, 87 }, // U+0162
    { 0x0163, 61 }, // U+0163
    { 0x0164, 37 }, // U+0164
    { 0x0165, 88 }, // U+0165
    { 0x0166, 37 }, // U+0166
    { 0x0167, 61 }, // U+0167
    { 0x0168, 74 }, // U+0168
    { 0x0169, 54 }, // U+0169
    { 0x016A, 74 }, // U+016A
    { 0x016B, 54 }, // U+016B
    { 0x016C, 74 }, // U+016C
    { 0x016D, 54 }, // U+016D
    { 0x016E, 74 }, // U+016E
    { 0x016F, 54 }, // U+016F
    { 0x0170, 74 }, // U+0170
    { 0x0171, 54 }, // U+0171
    { 0x0172, 74 }, // U+0172
    { 0x0173, 54 }, // U+0173
    { 0x0174, 89 }, // U+0174
    { 0x0175, 63 }, // U+0175
    { 0x0176, 75 }, // U+0176
    { 0x0177, 62 }, // U+0177
    { 0x0178, 75 }, // U+0178
    { 0x0179, 43 }, // U+0179
    { 0x017A, 65 }, // U+017A
    { 0x017B, 43 }, // U+017B
    { 0x017C, 65 }, // U+017C
    { 0x017D, 43 }, // U+017D
    { 0x017E, 65 }, // U+017E
    { 0x01A0, 90 }, // U+01A0
    { 0x01A1, 91 }, // U+01A1
    { 0x01AF, 92 }, // U+01AF
    { 0x01B0, 93 }, // U+01B0
    { 0x01C6, 53 }, // U+01C6
    { 0x01C7, 27 }, // U+01C7
    { 0x01C9, 55 }, // U+01C9
    { 0x01CA, 27 }, // U+01CA
    { 0x01CC, 55 }, // U+01CC
    { 0x01CD, 19 }, // U+01CD
    { 0x01CE, 53 }, // U+01CE
    { 0x01CF, 26 }, // U+01CF
    { 0x01D0, 54 }, // U+01D0
    { 0x01D1, 32 }, // U+01D1
    { 0x01D2, 57 }, // U+01D2
    { 0x01D3, 74 }, // U+01D3
    { 0x01D4, 54 }, // U+01D4
    { 0x01D5, 74 }, // U+01D5
    { 0x01D6, 54 }, // U+01D6
    { 0x01D7, 74 }, // U+01D7
    { 0x01D8, 54 }, // U+01D8
    { 0x01D9, 74 }, // U+01D9
    { 0x01DA, 54 }, // U+01DA
    { 0x01DB, 74 }, // U+01DB
    { 0x01DC, 54 }, // U+01DC
    { 0x01E6, 25 }, // U+01E6
    { 0x01E7, 52 }, // U+01E7
    { 0x01EA, 32 }, // U+01EA
    { 0x01EB, 57 }, // U+01EB
    { 0x01FA, 19 }, // U+01FA
    { 0x01FB, 53 }, // U+01FB
    { 0x01FC, 23 }, // U+01FC
    { 0x01FD, 57 }, // U+01FD
    { 0x01FE, 32 }, // U+01FE
    { 0x01FF, 57 }, // U+01FF
    { 0x0200, 19 }, // U+0200
    { 0x0201, 53 }, // U+0201
    { 0x0202, 19 }, // U+0202
    { 0x0203, 53 }, // U+0203
    { 0x0204, 23 }, // U+0204
    { 0x0205, 57 }, // U+0205
    { 0x0206, 23 }, // U+0206
    { 0x0207, 57 }, // U+0207
    { 0x0208, 26 }, // U+0208
    { 0x0209, 54 }, // U+0209
    { 0x020A, 26 }, // U+020A
    { 0x020B, 54 }, // U+020B
    { 0x020C, 32 }, // U+020C
    { 0x020D, 57 }, // U+020D
    { 0x020E, 32 }, // U+020E
    { 0x020F, 57 }, // U+020F
    { 0x0210, 35 }, // U+0210
    { 0x0211, 59 }, // U+0211
    { 0x0212, 35 }, // U+0212
    { 0x0213, 59 }, // U+0213
    { 0x0214, 74 }, // U+0214
    { 0x0215, 54 }, // U+0215
    { 0x0216, 74 }, // U+0216
    { 0x0217, 54 }, // U+0217
    { 0x0218, 36 }, // U+0218
    { 0x0219, 60 }, // U+0219
    { 0x021A, 87 }, // U+021A
    { 0x021B, 61 }, // U+021B
    { 0x1EA0, 19 }, // U+1EA0
    { 0x1EA1, 53 }, // U+1EA1
    { 0x1EA2, 19 }, // U+1EA2
    { 0x1EA3, 53 }, // U+1EA3
    { 0x1EA4, 19 }, // U+1EA4
    { 0x1EA5, 53 }, // U+1EA5
    { 0x1EA6, 19 }, // U+1EA6
    { 0x1EA7, 53 }, // U+1EA7
    { 0x1EA8, 19 }, // U+1EA8
    { 0x1EA9, 53 }, // U+1EA9
    { 0x1EAA, 19 }, // U+1EAA
    { 0x1EAB, 53 }, // U+1EAB
    { 0x1EAC, 19 }, // U+1EAC
    { 0x1EAD, 53 }, // U+1EAD
    { 0x1EAE, 19 }, // U+1EAE
    { 0x1EAF, 53 }, // U+1EAF
    { 0x1EB0, 19 }, // U+1EB0
    { 0x1EB1, 53 }, // U+1EB1
    { 0x1EB2, 19 }, // U+1EB2
    { 0x1EB3, 53 }, // U+1EB3
    { 0x1EB4, 19 }, // U+1EB4
    { 0x1EB5, 53 }, // U+1EB5
    { 0x1EB6, 19 }, // U+1EB6
    { 0x1EB7, 53 }, // U+1EB7
    { 0x1EB8, 23 }, // U+1EB8
    { 0x1EB9, 57 }, // U+1EB9
    { 0x1EBA, 23 }, // U+1EBA
    { 0x1EBB, 57 }, // U+1EBB
    { 0x1EBC, 23 }, // U+1EBC
    { 0x1EBD, 57 }, // U+1EBD
    { 0x1EBE, 23 }, // U+1EBE
    { 0x1EBF, 57 }, // U+1EBF
    { 0x1EC0, 23 }, // U+1EC0
    { 0x1EC1, 57 }, // U+1EC1
    { 0x1EC2, 23 }, // U+1EC2
    { 0x1EC3, 57 }, // U+1EC3
    { 0x1EC4, 23 }, // U+1EC4
    { 0x1EC5, 57 }, // U+1EC5
    { 0x1EC6, 23 }, // U+1EC6
    { 0x1EC7, 57 }, // U+1EC7
    { 0x1EC8, 26 }, // U+1EC8
    { 0x1EC9, 54 }, // U+1EC9
    { 0x1ECA, 26 }, // U+1ECA
    { 0x1ECB, 54 }, // U+1ECB
    { 0x1ECC, 32 }, // U+1ECC
    { 0x1ECD, 57 }, // U+1ECD
    { 0x1ECE, 32 }, // U+1ECE
    { 0x1ECF, 57 }, // U+1ECF
    { 0x1ED0, 32 }, // U+1ED0
    { 0x1ED1, 57 }, // U+1ED1
    { 0x1ED2, 32 }, // U+1ED2
    { 0x1ED3, 57 }, // U+1ED3
    { 0x1ED4, 32 }, // U+1ED4
    { 0x1ED5, 57 }, // U+1ED5
    { 0x1ED6, 32 }, // U+1ED6
    { 0x1ED7, 57 }, // U+1ED7
    { 0x1ED8, 32 }, // U+1ED8
    { 0x1ED9, 57 }, // U+1ED9
    { 0x1EDA, 94 }, // U+1EDA
    { 0x1EDB, 95 }, // U+1EDB
    { 0x1EDC, 94 }, // U+1EDC
    { 0x1EDD, 95 }, // U+1EDD
    { 0x1EDE, 94 }, // U+1EDE
    { 0x1EDF, 95 }, // U+1EDF
    { 0x1EE0, 94 }, // U+1EE0
    { 0x1EE1, 95 }, // U+1EE1
    { 0x1EE2, 94 }, // U+1EE2
    { 0x1EE3, 95 }, // U+1EE3
    { 0x1EE4, 74 }, // U+1EE4
    { 0x1EE5, 54 }, // U+1EE5
    { 0x1EE6, 74 }, // U+1EE6
    { 0x1EE7, 54 }, // U+1EE7
    { 0x1EE8, 96 }, // U+1EE8
    { 0x1EE9, 93 }, // U+1EE9
    { 0x1EEA, 96 }, // U+1EEA
    { 0x1EEB, 93 }, // U+1EEB
    { 0x1EEC, 96 }, // U+1EEC
    { 0x1EED, 93 }, // U+1EED
    { 0x1EEE, 96 }, // U+1EEE
    { 0x1EEF, 93 }, // U+1EEF
    { 0x1EF0, 96 }, // U+1EF0
    { 0x1EF1, 93 }, // U+1EF1
    { 0x1EF2, 75 }, // U+1EF2
    { 0x1EF3, 62 }, // U+1EF3
    { 0x1EF4, 97 }, // U+1EF4
    { 0x1EF5, 62 }, // U+1EF5
    { 0x1EF6, 97 }, // U+1EF6
    { 0x1EF7, 62 }, // U+1EF7
    { 0x1EF8, 97 }, // U+1EF8
    { 0x1EF9, 62 }, // U+1EF9
    { 0x2010, 5 }, // U+2010
    { 0x2012, 5 }, // U+2012
    { 0x2013, 5 }, // U+2013
    { 0x2014, 5 }, // U+2014
    { 0x2015, 5 }, // U+2015
    { 0x2018, 98 }, // U+2018
    { 0x2019, 99 }, // U+2019
    { 0x201A, 100 }, // U+201A
    { 0x201C, 98 }, // U+201C
    { 0x201D, 99 }, // U+201D
    { 0x201E, 100 }, // U+201E
    { 0x2026, 4 }, // U+2026
    { 0x2039, 67 }, // U+2039
    { 0x203A, 70 }, // U+203A
    { 0xFB01, 101 }, // U+FB01
    { 0xFB02, 49 }, // U+FB02
};

static const EpdKernClassEntry literata_10_regularKernRightClasses[] = {
    { 0x0021, 1 }, // !
    { 0x0022, 2 }, // "
    { 0x0025, 3 }, // %
    { 0x0026, 4 }, // &
    { 0x0027, 2 }, // '
    { 0x0029, 5 }, // )
    { 0x002A, 6 }, // *
    { 0x002B, 7 }, // +
    { 0x002C, 8 }, // ,
    { 0x002D, 9 }, // -
    { 0x002E, 10 }, // .
    { 0x002F, 11 }, // /
    { 0x0031, 12 }, // 1
    { 0x0032, 13 }, // 2
    { 0x0033, 14 }, // 3
    { 0x0034, 15 }, // 4
    { 0x0035, 16 }, // 5
    { 0x0036, 17 }, // 6
    { 0x0037, 18 }, // 7
    { 0x003A, 19 }, // :
    { 0x003B, 19 }, // ;
    { 0x003D, 20 }, // =
    { 0x003F, 21 }, // ?
    { 0x0040, 22 }, // @
    { 0x0041, 23 }, // A
    { 0x0043, 24 }, // C
    { 0x0047, 24 }, // G
    { 0x004A, 25 }, // J
    { 0x004D, 26 }, // M
    { 0x004F, 27 }, // O
    { 0x0051, 24 }, // Q
    { 0x0053, 28 }, // S
    { 0x0054, 29 }, // T
    { 0x0055, 30 }, // U
    { 0x0056, 31 }, // V
    { 0x0057, 32 }, // W
    { 0x0058, 33 }, // X
    { 0x0059, 34 }, // Y
    { 0x005A, 35 }, // Z
    { 0x005C, 36 }, // <backslash>
    { 0x005D, 37 }, // ]
    { 0x0061, 38 }, // a
    { 0x0062, 39 }, // b
    { 0x0063, 40 }, // c
    { 0x0064, 41 }, // d
    { 0x0065, 40 }, // e
    { 0x0066, 42 }, // f
    { 0x0067, 43 }, // g
    { 0x0068, 44 }, // h
    { 0x0069, 45 }, // i
    { 0x006A, 46 }, // j
    { 0x006B, 44 }, // k
    { 0x006C, 44 }, // l
    { 0x006D, 47 }, // m
    { 0x006E, 48 }, // n
    { 0x006F, 49 }, // o
    { 0x0070, 50 }, // p
    { 0x0071, 40 }, // q
    { 0x0072, 48 }, // r
    { 0x0073, 51 }, // s
    { 0x0074, 52 }, // t
    { 0x0075, 53 }, // u
    { 0x0076, 54 }, // v
    { 0x0077, 55 }, // w
    { 0x0078, 56 }, // x
    { 0x0079, 57 }, // y
    { 0x007A, 58 }, // z
    { 0x00AB, 59 }, // U+00AB
    { 0x00AD, 60 }, // U+00AD
    { 0x00B0, 61 }, // U+00B0
    { 0x00B2, 62 }, // U+00B2
    { 0x00B3, 62 }, // U+00B3
    { 0x00B7, 63 }, // U+00B7
    { 0x00B9, 62 }, // U+00B9
    { 0x00BB, 64 }, // U+00BB
    { 0x00BF, 65 }, // U+00BF
    { 0x00C0, 23 }, // U+00C0
    { 0x00C1, 66 }, // U+00C1
    { 0x00C2, 23 }, // U+00C2
    { 0x00C3, 23 }, // U+00C3
    { 0x00C4, 23 }, // U+00C4
    { 0x00C5, 23 }, // U+00C5
    { 0x00C6, 67 }, // U+00C6
    { 0x00C7, 24 }, // U+00C7
    { 0x00D2, 24 }, // U+00D2
    { 0x00D3, 24 }, // U+00D3
    { 0x00D4, 24 }, // U+00D4
    { 0x00D5, 24 }, // U+00D5
    { 0x00D6, 24 }, // U+00D6
    { 0x00D7, 68 }, // U+00D7
    { 0x00D8, 24 }, // U+00D8
    { 0x00D9, 69 }, // U+00D9
    { 0x00DA, 69 }, // U+00DA
    { 0x00DB, 69 }, // U+00DB
    { 0x00DC, 69 }, // U+00DC
    { 0x00DD, 70 }, // U+00DD
    { 0x00E0, 71 }, // U+00E0
    { 0x00E1, 71 }, // U+00E1
    { 0x00E2, 72 }, // U+00E2
    { 0x00E3, 73 }, // U+00E3
    { 0x00E4, 74 }, // U+00E4
    { 0x00E5, 75 }, // U+00E5
    { 0x00E6, 71 }, // U+00E6
    { 0x00E7, 76 }, // U+00E7
    { 0x00E8, 76 }, // U+00E8
    { 0x00E9, 76 }, // U+00E9
    { 0x00EA, 77 }, // U+00EA
    { 0x00EB, 78 }, // U+00EB
    { 0x00EC, 79 }, // U+00EC
    { 0x00ED, 45 }, // U+00ED
    { 0x00EE, 80 }, // U+00EE
    { 0x00EF, 81 }, // U+00EF
    { 0x00F0, 82 }, // U+00F0
    { 0x00F1, 83 }, // U+00F1
    { 0x00F2, 76 }, // U+00F2
    { 0x00F3, 76 }, // U+00F3
    { 0x00F4, 76 }, // U+00F4
    { 0x00F5, 84 }, // U+00F5
    { 0x00F6, 85 }, // U+00F6
    { 0x00F8, 76 }, // U+00F8
    { 0x00F9, 86 }, // U+00F9
    { 0x00FA, 86 }, // U+00FA
    { 0x00FB, 86 }, // U+00FB
    { 0x00FC, 86 }, // U+00FC
    { 0x00FD, 87 }, // U+00FD
    { 0x00FE, 88 }, // U+00FE
    { 0x00FF, 87 }, // U+00FF
    { 0x0100, 23 }, // U+0100
    { 0x0101, 89 }, // U+0101
    { 0x0102, 23 }, // U+0102
    { 0x0103, 90 }, // U+0103
    { 0x0104, 23 }, // U+0104
    { 0x0105, 75 }, // U+0105
    { 0x0106, 24 }, // U+0106
    { 0x0107, 76 }, // U+0107
    { 0x0108, 24 }, // U+0108
    { 0x0109, 76 }, // U+0109
    { 0x010A, 24 }, // U+010A
    { 0x010B, 76 }, // U+010B
    { 0x010C, 24 }, // U+010C
    { 0x010D, 76 }, // U+010D
    { 0x010F, 76 }, // U+010F
    { 0x0111, 76 }, // U+0111
    { 0x0113, 76 }, // U+0113
    { 0x0115, 91 }, // U+0115
    { 0x0117, 76 }, // U+0117
    { 0x0119, 76 }, // U+0119
    { 0x011B, 76 }, // U+011B
    { 0x011C, 24 }, // U+011C
    { 0x011D, 92 }, // U+011D
    { 0x011E, 24 }, // U+011E
    { 0x011F, 93 }, // U+011F
    { 0x0120, 24 }, // U+0120
    { 0x0121, 92 }, // U+0121
    { 0x0122, 24 }, // U+0122
    { 0x0123, 92 }, // U+0123
    { 0x0125, 44 }, // U+0125
    { 0x0127, 44 }, // U+0127
    { 0x0129, 94 }, // U+0129
    { 0x012B, 95 }, // U+012B
    { 0x012D, 96 }, // U+012D
    { 0x012F, 45 }, // U+012F
    { 0x0131, 97 }, // U+0131
    { 0x0134, 25 }, // U+0134
    { 0x0135, 98 }, // U+0135
    { 0x0137, 44 }, // U+0137
    { 0x0138, 83 }, // U+0138
    { 0x013A, 44 }, // U+013A
    { 0x013C, 44 }, // U+013C
    { 0x013E, 44 }, // U+013E
    { 0x0140, 44 }, // U+0140
    { 0x0142, 99 }, // U+0142
    { 0x0144, 83 }, // U+0144
    { 0x0146, 83 }, // U+0146
    { 0x0148, 83 }, // U+0148
    { 0x0149, 100 }, // U+0149
    { 0x014B, 83 }, // U+014B
    { 0x014C, 24 }, // U+014C
    { 0x014D, 76 }, // U+014D
    { 0x014E, 24 }, // U+014E
    { 0x014F, 76 }, // U+014F
    { 0x0150, 24 }, // U+0150
    { 0x0151, 76 }, // U+0151
    { 0x0152, 24 }, // U+0152
    { 0x0153, 76 }, // U+0153
    { 0x0155, 101 }, // U+0155
    { 0x0157, 100 }, // U+0157
    { 0x0159, 101 }, // U+0159
    { 0x015A, 28 }, // U+015A
    { 0x015B, 102 }, // U+015B
    { 0x015C, 28 }, // U+015C
    { 0x015D, 103 }, // U+015D
    { 0x015E, 28 }, // U+015E
    { 0x015F, 102 }, // U+015F
    { 0x0160, 28 }, // U+0160
    { 0x0161, 104 }, // U+0161
    { 0x0162, 105 }, // U+0162
    { 0x0163, 52 }, // U+0163
    { 0x0164, 106 }, // U+0164
    { 0x0165, 52 }, // U+0165
    { 0x0166, 106 }, // U+0166
    { 0x0167, 52 }, // U+0167
    { 0x0168, 69 }, // U+0168
    { 0x0169, 86 }, // U+0169
    { 0x016A, 69 }, // U+016A
    { 0x016B, 86 }, // U+016B
    { 0x016C, 69 }, // U+016C
    { 0x016D, 86 }, // U+016D
    { 0x016E, 69 }, // U+016E
    { 0x016F, 86 }, // U+016F
    { 0x0170, 69 }, // U+0170
    { 0x0171, 86 }, // U+0171
    { 0x0172, 69 }, // U+0172
    { 0x0173, 86 }, // U+0173
    { 0x0174, 107 }, // U+0174
    { 0x0175, 108 }, // U+0175
    { 0x0176, 70 }, // U+0176
    { 0x0177, 87 }, // U+0177
    { 0x0178, 70 }, // U+0178
    { 0x0179, 35 }, // U+0179
    { 0x017A, 109 }, // U+017A
    { 0x017B, 35 }, // U+017B
    { 0x017C, 109 }, // U+017C
    { 0x017D, 35 }, // U+017D
    { 0x017E, 110 }, // U+017E
    { 0x01A0, 24 }, // U+01A0
    { 0x01A1, 111 }, // U+01A1
    { 0x01AF, 69 }, // U+01AF
    { 0x01B0, 86 }, // U+01B0
    { 0x01C6, 76 }, // U+01C6
    { 0x01C9, 44 }, // U+01C9
    { 0x01CC, 97 }, // U+01CC
    { 0x01CD, 112 }, // U+01CD
    { 0x01CE, 75 }, // U+01CE
    { 0x01D0, 113 }, // U+01D0
    { 0x01D1, 24 }, // U+01D1
    { 0x01D2, 76 }, // U+01D2
    { 0x01D3, 69 }, // U+01D3
    { 0x01D4, 86 }, // U+01D4
    { 0x01D5, 69 }, // U+01D5
    { 0x01D6, 86 }, // U+01D6
    { 0x01D7, 69 }, // U+01D7
    { 0x01D8, 86 }, // U+01D8
    { 0x01D9, 69 }, // U+01D9
    { 0x01DA, 86 }, // U+01DA
    { 0x01DB, 69 }, // U+01DB
    { 0x01DC, 86 }, // U+01DC
    { 0x01E6, 24 }, // U+01E6
    { 0x01E7, 92 }, // U+01E7
    { 0x01EA, 24 }, // U+01EA
    { 0x01EB, 76 }, // U+01EB
    { 0x01FA, 23 }, // U+01FA
    { 0x01FB, 114 }, // U+01FB
    { 0x01FC, 23 }, // U+01FC
    { 0x01FD, 114 }, // U+01FD
    { 0x01FE, 24 }, // U+01FE
    { 0x01FF, 111 }, // U+01FF
    { 0x0200, 112 }, // U+0200
    { 0x0201, 115 }, // U+0201
    { 0x0202, 112 }, // U+0202
    { 0x0203, 75 }, // U+0203
    { 0x0205, 116 }, // U+0205
    { 0x0207, 76 }, // U+0207
    { 0x0209, 117 }, // U+0209
    { 0x020B, 118 }, // U+020B
    { 0x020C, 24 }, // U+020C
    { 0x020D, 119 }, // U+020D
    { 0x020E, 24 }, // U+020E
    { 0x020F, 76 }, // U+020F
    { 0x0211, 120 }, // U+0211
    { 0x0213, 97 }, // U+0213
    { 0x0214, 69 }, // U+0214
    { 0x0215, 86 }, // U+0215
    { 0x0216, 69 }, // U+0216
    { 0x0217, 86 }, // U+0217
    { 0x0218, 28 }, // U+0218
    { 0x0219, 102 }, // U+0219
    { 0x021A, 105 }, // U+021A
    { 0x021B, 52 }, // U+021B
    { 0x1EA0, 112 }, // U+1EA0
    { 0x1EA1, 75 }, // U+1EA1
    { 0x1EA2, 112 }, // U+1EA2
    { 0x1EA3, 75 }, // U+1EA3
    { 0x1EA4, 112 }, // U+1EA4
    { 0x1EA5, 75 }, // U+1EA5
    { 0x1EA6, 112 }, // U+1EA6
    { 0x1EA7, 75 }, // U+1EA7
    { 0x1EA8, 112 }, // U+1EA8
    { 0x1EA9, 75 }, // U+1EA9
    { 0x1EAA, 112 }, // U+1EAA
    { 0x1EAB, 75 }, // U+1EAB
    { 0x1EAC, 112 }, // U+1EAC
    { 0x1EAD, 75 }, // U+1EAD
    { 0x1EAE, 112 }, // U+1EAE
    { 0x1EAF, 75 }, // U+1EAF
    { 0x1EB0, 112 }, // U+1EB0
    { 0x1EB1, 75 }, // U+1EB1
    { 0x1EB2, 112 }, // U+1EB2
    { 0x1EB3, 75 }, // U+1EB3
    { 0x1EB4, 112 }, // U+1EB4
    { 0x1EB5, 75 }, // U+1EB5
    { 0x1EB6, 112 }, // U+1EB6
    { 0x1EB7, 75 }, // U+1EB7
    { 0x1EB9, 76 }, // U+1EB9
    { 0x1EBB, 76 }, // U+1EBB
    { 0x1EBD, 76 }, // U+1EBD
    { 0x1EBF, 76 }, // U+1EBF
    { 0x1EC1, 76 }, // U+1EC1
    { 0x1EC3, 76 }, // U+1EC3
    { 0x1EC5, 76 }, // U+1EC5
    { 0x1EC7, 76 }, // U+1EC7
    { 0x1EC9, 45 }, // U+1EC9
    { 0x1ECB, 45 }, // U+1ECB
    { 0x1ECC, 24 }, // U+1ECC
    { 0x1ECD, 76 }, // U+1ECD
    { 0x1ECE, 24 }, // U+1ECE
    { 0x1ECF, 76 }, // U+1ECF
    { 0x1ED0, 24 }, // U+1ED0
    { 0x1ED1, 76 }, // U+1ED1
    { 0x1ED2, 24 }, // U+1ED2
    { 0x1ED3, 76 }, // U+1ED3
    { 0x1ED4, 24 }, // U+1ED4
    { 0x1ED5, 76 }, // U+1ED5
    { 0x1ED6, 24 }, // U+1ED6
    { 0x1ED7, 76 }, // U+1ED7
    { 0x1ED8, 24 }, // U+1ED8
    { 0x1ED9, 76 }, // U+1ED9
    { 0x1EDA, 24 }, // U+1EDA
    { 0x1EDB, 76 }, // U+1EDB
    { 0x1EDC, 24 }, // U+1EDC
    { 0x1EDD, 76 }, // U+1EDD
    { 0x1EDE, 24 }, // U+1EDE
    { 0x1EDF, 76 }, // U+1EDF
    { 0x1EE0, 24 }, // U+1EE0
    { 0x1EE1, 76 }, // U+1EE1
    { 0x1EE2, 24 }, // U+1EE2
    { 0x1EE3, 76 }, // U+1EE3
    { 0x1EE4, 69 }, // U+1EE4
    { 0x1EE5, 86 }, // U+1EE5
    { 0x1EE6, 69 }, // U+1EE6
    { 0x1EE7, 86 }, // U+1EE7
    { 0x1EE8, 69 }, // U+1EE8
    { 0x1EE9, 86 }, // U+1EE9
    { 0x1EEA, 69 }, // U+1EEA
    { 0x1EEB, 86 }, // U+1EEB
    { 0x1EEC, 69 }, // U+1EEC
    { 0x1EED, 86 }, // U+1EED
    { 0x1EEE, 69 }, // U+1EEE
    { 0x1EEF, 86 }, // U+1EEF
    { 0x1EF0, 69 }, // U+1EF0
    { 0x1EF1, 86 }, // U+1EF1
    { 0x1EF2, 70 }, // U+1EF2
    { 0x1EF3, 87 }, // U+1EF3
    { 0x1EF4, 121 }, // U+1EF4
    { 0x1EF5, 122 }, // U+1EF5
    { 0x1EF6, 121 }, // U+1EF6
    { 0x1EF7, 122 }, // U+1EF7
    { 0x1EF8, 121 }, // U+1EF8
    { 0x1EF9, 122 }, // U+1EF9
    { 0x2010, 60 }, // U+2010
    { 0x2012, 60 }, // U+2012
    { 0x2013, 60 }, // U+2013
    { 0x2014, 60 }, // U+2014
    { 0x2015, 60 }, // U+2015
    { 0x2018, 123 }, // U+2018
    { 0x2019, 124 }, // U+2019
    { 0x201A, 125 }, // U+201A
    { 0x201C, 126 }, // U+201C
    { 0x201D, 127 }, // U+201D
    { 0x201E, 125 }, // U+201E
    { 0x2022, 7 }, // U+2022
    { 0x2026, 128 }, // U+2026
    { 0x2030, 3 }, // U+2030
    { 0x2039, 129 }, // U+2039
    { 0x203A, 130 }, // U+203A
    { 0xFB01, 42 }, // U+FB01
    { 0xFB02, 42 }, // U+FB02
};

static const int8_t literata_10_regularKernMatrix[] = {
       0,    0,    0,    0,    0,    0,    0,  -33,    0,  -33,    0,    0,    0,    0,    0,    0,    0,    0,    0,    0,    0,    0,  -30,   -7,  -30,   -7,   -7,    0,    0,    0,    0,    0,    0,    0,    0,    0,    0,   -3,    0,  -10,  -10,  -13,  -13,    0,    0,    0,    0,    0,  -10,    0,  -10,  -13,    0,    0,    0,    0,    0,    0,    0,    0,    0,    0,    0,    0,    0,  -30,  -30,    0,    0,    0,   -3,   -3,   -3,   -3,   -3,  -10,  -10,  -10,    0,    0,    0,  -10,    0,  -10,  -10,    0,    0,    0,   -3,   -3,  -10,  -13,  -13,    0,    0,    0,    0,    0,    0,    0,    0,  -10,  -10,  -10,    0,    0,    0,    0,    0,    0,  -10,  -30,    0,   -3,   -3,  -10,    0,    0,  -10,    0,    0,    0,    0,    0,    0,    0,    0,  -33,    0,    0,
       0,    0,    0,    0,    0,    0,    0,    0,    0,    0,    0,    0,    0,    0,    0,    0,    0,    0,    0,    0,    0,    0,    0,    0,    0,   -7,    0,    0,  -10,   -7,  -27,  -23,    0,  -30,    0,    0,    0,    0,    0,    0,    0,    0,    0,    0,    0,    0,    0,    0,    0,    0,    0,    0,   -3,    0,    0,    0,    0,    0,    0,    0,    0,    0,    0,    0,    0,    0,    0,    0,   -7,  -30,    0,    0,    0,    0,    0,    0,    0,    0,    0,    0,    0,    0,    0,    0,    0,   -3,    0,    0,    0,    0,    0,    0,    0,    0,    0,    0,    0,    0,    0,    0,    0,    0,    0,    0,  -10,  -10,  -23,    0,    0,    0,    0,    0,    0,    0,    0,    0,    0,    0,    0,    0,  -30,    0,    0,    0,    0,    0,    0,    0,    0,    0,
       0,    0,    0,    0,    0,    0,    0,    0,    0,    0,    0,    0,    0,    0,    0,    0,    0,    0,    0,    0,    0,    0,  -33,    0,  -33,    0,    0,    0,    0,    0,    0,    0,    0,    0,    0,    0,    0,    0,    0,  -13,  -13,    0,    0,    0,    0,    0,    0,    0,  -13,    0,    0,    0,    0,    0,    0,    0,    0,    0,    0,    0,    0,    0,    0,    0,    0,  -33,  -33,    0,    0,    0,    0,    0,    0,    0,    0,  -13,  -13,  -13,    0,    0,    0,  -13,    0,  -13,  -13,    0,    0,    0,    0,    0,  -13,    0,    0,    0,    0,    0,    0,    0,    0,    0,    0,    0,    0,    0,    0,    0,    0,    0,    0,    0,  -13,  -33,    0,    0,    0,  -13,    0,    0,  -13,    0,    0,    0,    0,    0,    0,    0,    0,    0,    0,    0,
       0,  -33,    0,    0,    0,    0,    0,    0,    0,    0,    0,    0,    0,    0,  -13,    0,    0,  -20,    0,    0,  -10,    0,    0,  -10,    0,    0,  -10,    0,  -33,  -10,  -33,  -27,    0,  -33,    0,    0,    0,    0,    0,   -3,   -3,    0,    0,    0,    0,    0,    0,    0,   -3,    0,    0,  -13,  -13,  -30,  -27,    0,  -30,    0,    0,    0,    0,  -27,    0,    0,    0,    0,    0,    0,  -10,  -33,    0,    0,    0,    0,    0,   -3,   -3,   -3,    0,    0,    0,   -3,    0,   -3,   -3,  -13,  -30,    0,    0,    0,   -3,    0,    0,    0,    0,    0,    0,    0,    0,    0,    0,    0,    0,    0,  -33,  -33,  -27,  -27,    0,    0,   -3,    0,    0,    0,    0,   -3,    0,    0,   -3,    0,  -33,  -30,  -33,  -33,    0,  -33,  -33,    0,    0,    0,
       0,    0,    0,    0,    0,    0,    0,    0,    0,    0,    0,    0,  -13,  -20,    0,    0,    0,  -20,    0,    0,    0,    0,  -10,    0,   -7,    0,    0,  -10,  -23,    0,  -17,  -13,  -17,  -27,  -13,    0,    0,    0,    0,    0,    0,    0,    0,    0,    0,    0,    0,    0,    0,    0,    0,    0,    0,   -7,   -3,    0,   -7,    0,    0,    0,    0,    0,    0,    0,    0,  -10,  -10,    0,    0,  -27,    0,    0,    0,    0,    0,    0,    0,    0,    0,    0,    0,    0,    0,    0,    0,    0,   -7,    0,    0,    0,    0,    0,    0,    0,    0,    0,    0,    0,    0,    0,    0,    0,    0,    0,  -23,  -23,  -13,   -3,    0,    0,    0,  -10,    0,    0,    0,    0,    0,    0,    0,    0,  -27,   -7,    0,    0,    0,    0,    0,    0,    0,    0,
       0,    0,    0,    0,    0,    0,    0,  -33,    0,  -33,  -67,    0,    0,   -7,  -33,    0,    0,    0,    0,    0,    0,  -30,  -33,  -13,  -20,    0,  -13,  -10,    0,    0,    0,    0,    0,    0,    0,    0,    0,  -27,    0,  -23,  -23,    0,  -26,    0,   -3,    0,    0,    0,  -23,    0,  -23,  -10,   -7,  -13,  -13,   -7,  -13,  -13,    0,    0,    0,    0,    0,    0,    0,  -33,  -33,    0,    0,    0,  -27,  -27,  -27,  -27,  -27,  -23,  -23,  -23,   -3,   -3,   -3,  -23,    0,  -23,  -23,   -7,  -13,    0,  -27,  -27,  -23,  -26,  -26,   -3,   -3,   -3,    0,    0,    0,    0,    0,  -23,  -23,  -23,    0,    0,    0,  -13,  -13,  -13,  -23,  -33,   -3,  -27,  -27,  -23,   -3,   -3,  -23,    0,    0,  -13,    0,    0,    0,    0,    0,  -33,    0,    0,
       0,    0,    0,    0,    0,    0,    0,    0,    0,    0,    0,    0,   -3,   -5,    0,    0,    0,    0,    0,    0,    0,    0,    0,    0,    0,    0,    0,    0,    0,    0,    0,    0,    0,    0,    0,    0,    0,    0,    0,    0,    0,    0,    0,    0,    0,    0,    0,    0,    0,    0,    0,    0,    0,    0,    0,    0,    0,    0,    0,    0,    0,    0,    0,    0,    0,    0,    0,    0,    0,    0,    0,    0,    0,    0,    0,    0,    0,    0,    0,    0,    0,    0,    0,    0,    0,    0,    0,    0,    0,    0,    0,    0,    0,    0,    0,    0,    0,    0,    0,    0,    0,    0,    0,    0,    0,    0,    0,    0,    0,    0,    0,    0,    0,    0,    0,    0,    0,    0,    0,    0,    0,    0,    0,    0,    0,    0,    0,    0,    0,    0,
       0,  -10,  -20,    0,    0,    0,    0,    0,    0,    0,    0,    0,    0,    0,  -13,    0,    0,  -10,    0,    0,    0,    0,    0,    0,    0,    0,    0,    0,    0,    0,    0,    0,    0,    0,    0,   -7,    0,    0,    0,    0,    0,    0,    0,    0,    0,    0,    0,    0,    0,    0,    0,    0,    0,    0,    0,    0,    0,    0,    0,    0,    0,    0,    0,    0,    0,    0,    0,    0,    0,    0,    0,    0,    0,    0,    0,    0,    0,    0,    0,    0,    0,    0,    0,    0,    0,    0,    0,    0,    0,    0,    0,    0,    0,    0,    0,    0,    0,    0,    0,    0,    0,    0,    0,    0,    0,    0,    0,    0,    0,    0,    0,    0,    0,    0,    0,    0,    0,    0,    0,    0,    0,    0,  -13,  -13,    0,  -13,  -13,    0,    0,    0,
       0,    0,    0,    0,    0,    0,    0,    0,    0,    0,    0,    0,    0,    0,    0,    0,    0,   -3,    0,    0,    0,    0,    0,    0,    0,    0,    0,    0,    0,    0,    0,    0,    0,    0,    0,    0,    0,    0,    0,    0,    0,    0,    0,    0,    0,    0,    0,    0,    0,    0,    0,    0,    0,    0,    0,    0,    0,    0,    0,    0,    0,    0,    0,    0,    0,    0,    0,    0,    0,    0,    0,    0,    0,    0,    0,    0,    0,    0,    0,    0,    0,    0,    0,    0,    0,    0,    0,    0,    0,    0,    0,    0,    0,    0,    0,    0,    0,    0,    0,    0,    0,    0,    0,    0,    0,    0,    0,    0,    0,    0,    0,    0,    0,    0,    0,    0,    0,    0,    0,    0,    0,    0,    0,    0,    0,    0,    0,    0,    0,    0,
       0,    0,    0,    0,    0,    0,    0,    0,    0,    0,   -7,    0,  -10,  -10,   -2,   -2,    0,  -10,    0,    0,    0,    0,    0,    0,    0,    0,    0,    0,    0,    0,    0,    0,    0,    0,    0,   -7,    0,    0,    0,    0,    0,    0,    0,    0,    0,    0,    0,    0,    0,    0,    0,    0,    0,    0,    0,    0,    0,    0,    0,    0,    0,    0,    0,    0,    0,    0,    0,    0,    0,    0,    0,    0,    0,    0,    0,    0,    0,    0,    0,    0,    0,    0,    0,    0,    0,    0,    0,    0,    0,    0,    0,    0,    0,    0,    0,    0,    0,    0,    0,    0,    0,    0,    0,    0,    0,    0,    0,    0,    0,    0,    0,    0,    0,    0,    0,    0,    0,    0,    0,    0,    0,    0,    0,   -7,    0,    0,   -7,    0,    0,    0,
       0,    0,  -13,    0,    0,    0,    0,    0,    0,    0,    0,    0,    0,    0,    0,    0,    0,  -12,    0,    0,    0,    0,    0,    0,    0,    0,    0,    0,    0,    0,    0,    0,    0,    0,    0,    0,    0,    0,    0,    0,    0,    0,    0,    0,    0,    0,    0,    0,    0,    0,    0,    0,    0,    0,    0,    0,    0,    0,    0,    0,   -7,    0,    0,    0,    0,    0,    0,    0,    0,    0,    0,    0,    0,    0,    0,    0,    0,    0,    0,    0,    0,    0,    0,    0,    0,    0,    0,    0,    0,    0,    0,    0,    0,    0,    0,    0,    0,    0,    0,    0,    0,    0,    0,    0,    0,    0,    0,    0,    0,    0,    0,    0,    0,    0,    0,    0,    0,    0,    0,    0,    0,    0,  -13,  -10,    0,  -13,  -10,    0,    0,    0,
       0,    0,    0,    0,    0,    0,    0,    0,    0,    0,    0,    0,   -3,    0,    0,    0,    0,   -2,    0,    0,    0,    0,    0,    0,    0,    0,    0,    0,    0,    0,    0,    0,    0,    0,    0,    0,    0,    0,    0,    0,    0,    0,    0,    0,    0,    0,    0,    0,    0,    0,    0,    0,    0,    0,    0,    0,    0,    0,    0,    0,    0,    0,    0,    0,    0,    0,    0,    0,    0,    0,    0,    0,    0,    0,    0,    0,    0,    0,    0,    0,    0,    0,    0,    0,    0,    0,    0,    0,    0,    0,    0,    0,    0,    0,    0,    0,    0,    0,    0,    0,    0,    0,    0,    0,    0,    0,    0,    0,    0,    0,    0,    0,    0,    0,    0,    0,    0,    0,    0,    0,    0,    0,    0,    0,    0,    0,    0,    0,    0,    0,
       0,    0,   -5,    0,    0,    0,    0,  -33,  -20,  -33,  -33,    0,    0,   -3,  -23,   -8,    0,    0,   -7,  -20,    0,    0,    0,    0,    0,    0,    0,    0,    0,    0,    0,    0,    0,    0,    0,    0,    0,    0,    0,    0,    0,    0,    0,    0,    0,    0,    0,    0,    0,    0,    0,    0,    0,    0,    0,    0,    0,    0,    0,  -20,    0,    0,    0,    0,    0,    0,    0,  -27,    0,    0,    0,    0,    0,    0,    0,    0,    0,    0,    0,    0,    0,    0,    0,    0,    0,    0,    0,    0,    0,    0,    0,    0,    0,    0,    0,    0,    0,    0,    0,    0,    0,    0,    0,    0,    0,    0,    0,    0,    0,    0,    0,    0,    0,    0,    0,    0,    0,    0,    0,    0,    0,    0,    0,    0,    0,    0,    0,  -33,    0,    0,
       0,    0,    0,    0,    0,    0,    0,    0,    0,    0,    0,    0,   -5,    0,    0,    0,    0,   -3,    0,    0,    0,    0,    0,    0,    0,    0,    0,    0,    0,    0,    0,    0,    0,    0,    0,    0,    0,    0,    0,    0,    0,    0,    0,    0,    0,    0,    0,    0,    0,    0,    0,    0,    0,    0,    0,    0,    0,    0,    0,    0,    0,    0,    0,    0,    0,    0,    0,    0,    0,    0,    0,    0,    0,    0,    0,    0,    0,    0,    0,    0,    0,    0,    0,    0,    0,    0,    0,    0,    0,    0,    0,    0,    0,    0,    0,    0,    0,    0,    0,    0,    0,    0,    0,    0,    0,    0,    0,    0,    0,    0,    0,    0,    0,    0,    0,    0,    0,    0,    0,    0,    0,    0,    0,    0,    0,    0,    0,    0,    0,    0,
       0,    0,    0,    0,    0,    0,    0,    0,    0,    0,    0,    0,   -3,   -3,   -7,    0,    0,   -3,    0,    0,    0,    0,    0,    0,    0,    0,    0,    0,    0,    0,    0,    0,    0,    0,    0,    0,    0,    0,    0,    0,    0,    0,    0,    0,    0,    0,    0,    0,    0,    0,    0,    0,    0,    0,    0,    0,    0,    0,    0,    0,    0,    0,    0,    0,    0,    0,    0,    0,    0,    0,    0,    0,    0,    0,    0,    0,    0,    0,    0,    0,    0,    0,    0,    0,    0,    0,    0,    0,    0,    0,    0,    0,    0,    0,    0,    0,    0,    0,    0,    0,    0,    0,    0,    0,    0,    0,    0,    0,    0,    0,    0,    0,    0,    0,    0,    0,    0,    0,    0,    0,    0,    0,    0,    0,    0,    0,    0,    0,    0,    0,
       0,    0,    0,    0,    0,    0,    0,    0,    0,    0,    0,    0,    0,    0,    0,    0,    0,  -13,    0,    0,    0,    0,    0,    0,    0,    0,    0,    0,    0,    0,    0,    0,    0,    0,    0,    0,    0,    0,    0,    0,    0,    0,    0,    0,    0,    0,    0,    0,    0,    0,    0,    0,    0,    0,    0,    0,    0,    0,    0,    0,    0,    0,    0,    0,    0,    0,    0,    0,    0,    0,    0,    0,    0,    0,    0,    0,    0,    0,    0,    0,    0,    0,    0,    0,    0,    0,    0,    0,    0,    0,    0,    0,    0,    0,    0,    0,    0,    0,    0,    0,    0,    0,    0,    0,    0,    0,    0,    0,    0,    0,    0,    0,    0,    0,    0,    0,    0,    0,    0,    0,    0,    0,    0,    0,    0,    0,    0,    0,    0,    0,
       0,    0,    0,    0,    0,    0,    0,    0,    0,    0,    0,    0,    0,    0,    0,    0,    0,    0,    0,    0,    0,    0,    0,    0,    0,    0,    0,    0,    0,    0,    0,    0,    0,    0,    0,    0,    0,    0,    0,    0,    0,    0,    0,    0,    0,    0,    0,    0,    0,    0,    0,    0,    0,    0,    0,    0,    0,    0,  -13,    0,    0,    0,    0,    0,    0,    0,    0,    0,    0,    0,    0,    0,    0,    0,    0,    0,    0,    0,    0,    0,    0,    0,    0,    0,    0,    0,    0,    0,    0,    0,    0,    0,    0,    0,    0,    0,    0,    0,    0,    0,    0,    0,    0,    0,    0,    0,    0,    0,    0,    0,    0,    0,    0,    0,    0,    0,    0,    0,    0,    0,    0,    0,    0,    0,    0,    0,    0,    0,  -13,    0,
       0,    0,    0,    0,    0,    0,    0,    0,    0,    0,  -13,    0,    0,    0,    0,    0,    0,    0,    0,    0,    0,    0,    0,    0,    0,    0,    0,    0,  -17,  -13,  -27,  -17,    0,  -27,  -10,  -23,    0,    0,    0,    0,    0,    0,    0,    0,    0,    0,    0,    0,    0,    0,    0,    0,   -3,  -10,   -4,    0,  -10,    0,    0,    0,    0,    0,    0,    0,    0,    0,    0,    0,  -13,  -27,    0,    0,    0,    0,    0,    0,    0,    0,    0,    0,    0,    0,    0,    0,    0,   -3,  -10,    0,    0,    0,    0,    0,    0,    0,    0,    0,    0,    0,    0,    0,    0,    0,    0,    0,  -17,  -17,  -17,   -4,    0,    0,    0,    0,    0,    0,    0,    0,    0,    0,    0,    0,  -27,  -10,    0,    0,    0,    0,    0,    0,    0,    0,
       0,  -30,    0,    0,    0,  -33,    0,    0,  -10,    0,    0,    0,    0,    0,    0,    0,    0,    0,    0,    0,  -20,    0,    0,   -7,    0,    0,   -7,    0,  -33,  -22,  -37,  -30,    0,  -37,    0,  -33,    0,    0,   -7,   -2,   -2,    0,    0,    0,    0,    0,   -7,   -7,   -2,  -13,    0,  -15,  -13,  -30,  -23,    0,  -30,    0,   -8,  -10,    0,    0,  -13,    0,    0,    0,    0,    0,  -22,  -37,    0,    0,    0,    0,    0,   -2,   -2,   -2,    0,    0,    0,   -2,   -7,   -2,   -2,  -13,  -30,    0,    0,    0,   -2,    0,    0,    0,    0,    0,   -7,    0,    0,   -7,   -7,    0,    0,    0,  -33,  -33,  -30,  -23,    0,    0,   -2,    0,    0,    0,    0,   -2,    0,    0,   -2,   -7,  -37,  -30,  -37,  -33,    0,  -37,  -33,    0,   -8,    0,
       0,    0,    0,    0,    0,    0,    0,    0,    0,    0,    0,    0,    0,    0,    0,    0,    0,    0,    0,    0,    0,    0,   -5,    0,   -3,    0,    0,    0,   -7,   -3,  -10,   -7,    0,  -12,   -3,    0,    0,    0,    0,    0,    0,    0,    0,    0,    0,    0,    0,    0,    0,    0,    0,   -7,    0,   -7,   -7,    0,   -7,    0,    0,    0,    0,    0,    0,    0,    0,   -5,    0,    0,   -3,  -12,    0,    0,    0,    0,    0,    0,    0,    0,    0,    0,    0,    0,    0,    0,    0,    0,   -7,    0,    0,    0,    0,    0,    0,    0,    0,    0,    0,    0,    0,    0,    0,    0,    0,    0,   -7,   -7,   -7,   -7,    0,    0,    0,   -5,    0,    0,    0,    0,    0,    0,    0,    0,  -12,   -7,    0,    0,    0,    0,    0,    0,    0,    0,
       0,    0,    0,    0,    0,    0,    0,    0,    0,    0,    0,    0,    0,    0,    0,    0,    0,    0,    0,    0,    0,    0,   -7,   -3,    0,    0,   -3,   -3,   -8,    0,   -7,   -5,    0,   -7,   -3,    0,    0,   -3,   -3,    0,    0,   -2,    0,   -3,    0,    0,    0,    0,    0,    0,   -3,   -3,   -5,   -5,   -3,    0,   -5,    0,    0,    0,    0,    0,    0,    0,    0,   -7,  -10,    0,    0,   -7,   -3,   -3,   -3,   -3,   -3,    0,    0,    0,    0,    0,    0,    0,    0,    0,    0,   -5,   -5,   -3,   -3,   -3,    0,    0,    0,    0,    0,    0,    0,    0,   -3,    0,    0,   -3,   -3,   -3,   -8,   -8,   -5,   -3,    0,    0,    0,   -7,    0,   -3,   -3,    0,    0,    0,    0,    0,   -7,   -5,    0,    0,    0,    0,    0,    0,    0,    0,
       0,   -7,    0,    0,    0,    0,    0,  -10,    0,  -10,   -3,    0,    0,    0,    0,    0,    0,    0,    0,    0,    0,    0,  -27,    0,   -9,  -15,    0,    0,  -17,    0,  -12,   -7,   -9,  -17,   -7,  -13,    0,    0,    0,    0,    0,   -3,    0,    0,    0,    0,    0,    0,    0,    0,    0,    0,    0,   -3,    0,   -2,   -3,    0,    0,    0,    0,    0,    0,    0,    0,  -27,  -27,    0,    0,  -17,    0,    0,    0,    0,    0,    0,    0,    0,    0,    0,    0,    0,    0,    0,    0,    0,   -3,    0,    0,    0,    0,    0,    0,    0,    0,    0,    0,    0,    0,    0,    0,    0,    0,    0,  -17,  -17,   -7,    0,    0,    0,    0,  -27,    0,    0,    0,    0,    0,    0,    0,    0,  -17,   -3,   -3,  -13,    0,   -3,  -13,  -10,    0,    0,
       0,    0,    0,    0,    0,    0,    0,    0,    0,    0,    0,    0,    0,    0,    0,    0,    0,    0,    0,    0,    0,    0,    0,    0,    0,    0,    0,    0,  -10,   -7,   -3,    0,    0,   -7,    0,    0,    0,    0,   -3,    0,    0,    0,    0,   -2,    0,    0,    0,    0,    0,    0,    0,   -5,   -3,   -8,   -5,    0,   -8,    0,    0,    0,    0,    0,    0,    0,    0,    0,    0,    0,   -7,   -7,    0,    0,    0,    0,    0,    0,    0,    0,    0,    0,    0,    0,    0,    0,    0,   -3,   -8,   -2,    0,    0,    0,    0,    0,    0,    0,    0,    0,    0,   -2,    0,    0,    0,    0,    0,  -10,  -10,    0,   -5,    0,    0,    0,    0,    0,    0,    0,    0,    0,    0,    0,    0,   -7,   -8,   -3,  -10,    0,   -3,  -10,    0,    0,    0,
       0,    0,    0,  -10,    0,    0,    0,  -30,  -13,  -30,  -27,    0,    0,    0,    0,    0,    0,    0,    0,    0,    0,  -17,  -30,   -3,  -35,   -3,   -3,   -5,    0,   -2,    0,    0,    0,    0,   -3,    0,    0,  -13,    0,  -13,  -13,    0,  -17,   -7,   -2,   -3,   -7,   -7,  -13,   -7,  -13,   -3,   -7,   -3,   -2,   -2,   -3,   -7,  -13,  -13,    0,    0,    0,    0,    0,  -30,  -37,    0,   -2,    0,  -13,  -13,  -13,  -13,  -13,  -13,  -13,  -13,   -2,    3,    3,  -13,   -7,  -13,  -13,   -7,   -3,   -7,  -13,  -13,  -13,  -17,  -17,   -2,   -2,   -2,   -7,    3,   -7,   -7,   -7,  -13,  -13,  -13,    0,    0,    0,   -2,   -7,   -7,  -13,  -30,   -2,  -13,  -13,  -13,   -2,   -2,  -13,   -7,    0,   -3,    0,    0,    0,    0,    0,  -30,  -13,    0,
       0,   -7,    0,    0,    0,   -7,    0,    0,    0,    0,    0,    0,    0,    0,    0,    0,    0,    0,    0,    0,   -7,    0,    0,    0,   -5,    0,    0,    0,  -13,    0,  -13,   -8,   -2,  -13,   -3,    0,    0,    0,    0,    0,    0,    0,    0,    0,    0,    0,    0,    0,    0,    0,    0,    0,    0,   -5,    0,    0,   -5,    0,    0,    0,    0,    0,    0,    0,    0,    0,  -20,    0,    0,  -13,    0,    0,    0,    0,    0,    0,    0,    0,    0,    0,    0,    0,    0,    0,    0,    0,   -5,    0,    0,    0,    0,    0,    0,    0,    0,    0,    0,    0,    0,    0,    0,    0,    0,    0,  -13,  -13,   -8,    0,    0,    0,    0,    0,    0,    0,    0,    0,    0,    0,    0,    0,  -13,   -5,    0,   -3,    0,    0,   -3,    0,    0,    0,
       0,    0,    0,    0,    0,    0,    0,    0,    0,    0,    0,    0,    0,    0,    0,    0,    0,    0,    0,    0,    0,    0,    0,    0,    0,    0,    0,    0,    0,    0,    0,    0,    0,    0,    0,    0,    0,    0,    0,   -3,   -3,    0,    0,    0,    0,   -2,    0,    0,   -3,    0,    0,   -7,   -7,  -13,   -7,    0,  -13,    0,    0,    0,    0,    0,    0,    0,    0,    0,    0,    0,    0,    0,    0,    0,    0,    0,    0,   -3,   -3,   -3,    0,    0,    0,   -3,    0,   -3,   -3,   -7,  -13,    0,    0,    0,   -3,    0,    0,    0,    0,    0,    0,   -2,    0,    0,    0,    0,    0,    0,    0,    0,    0,   -7,    0,    0,   -3,    0,    0,    0,    0,   -3,    0,    0,   -3,    0,    0,  -13,    0,    0,    0,    0,    0,    0,    0,    0,
       0,    0,    0,   -7,    0,    0,    0,  -20,    0,  -20,  -14,    0,    0,    0,    0,    0,    0,    0,    0,    0,    0,    0,  -23,    0,  -20,    0,    0,   -7,    0,    0,    0,    0,    0,    0,    0,    0,    0,  -13,    0,  -13,  -13,   -8,  -12,    0,   -2,    0,   -8,   -8,  -13,   -8,  -13,   -7,  -10,   -8,   -5,  -10,   -8,   -8,   -7,    0,    0,    0,   -7,    0,    0,  -23,  -23,    0,    0,    0,  -13,  -13,  -13,  -13,  -13,  -13,  -13,  -13,   -2,   -2,   -2,  -13,   -8,  -13,  -13,  -10,   -8,    0,  -13,  -13,  -13,  -12,  -12,   -2,   -2,   -2,   -8,    0,    0,   -8,   -8,  -13,  -13,  -13,    0,    0,    0,   -5,   -8,   -8,  -13,  -23,   -2,  -13,  -13,  -13,   -2,   -2,  -13,   -8,    0,   -8,    0,    0,    0,    0,    0,  -20,   -7,    0,
       0,    0,    0,    0,    0,    0,    0,    0,  -20,    0,    0,    0,    0,    0,    0,    0,    0,    0,    0,    0,  -10,    0,    0,  -13,    0,    0,  -13,    0,   -8,   -8,   -7,   -3,    0,   -7,    0,    0,    0,   -5,   -3,   -7,   -7,    0,    0,    0,    0,    0,    0,    0,   -7,   -3,    0,  -13,  -15,  -30,  -23,    0,  -30,    0,   -7,  -20,    0,    0,  -20,    0,    0,    0,    0,    0,   -8,   -7,   -5,   -5,   -5,   -5,   -5,   -7,   -7,   -7,    0,   10,   10,   -7,    0,   -7,   -7,  -15,  -30,    0,   -5,   -5,   -7,    0,    0,    0,   10,    0,    0,    0,    0,    0,    0,    0,    0,    0,   -8,   -8,   -3,  -23,    0,    0,   -7,    0,    0,   -5,   -5,   -7,    0,    0,   -7,    0,   -7,  -30,  -10,   -7,    0,  -10,   -7,    0,   -7,    0,
       0,  -50,    0,    0,    0,  -33,    0,    0,    0,    0,    0,    0,    0,    0,    0,    0,    0,    0,    0,    0,  -17,    0,    0,   -5,   -3,  -12,   -5,   -3,  -40,  -17,  -33,  -30,    0,  -37,   -7,  -30,    0,    0,   -5,    0,    0,    0,    0,   -7,    0,    0,    0,    0,    0,   -2,    0,  -10,   -7,  -22,  -17,    0,  -22,    0,    0,    0,    0,    0,   -7,    0,    0,    0,    0,    0,  -17,  -40,    0,    0,    0,    0,    0,    0,    0,    0,    0,    0,    0,    0,    0,    0,    0,   -7,  -22,  -13,    0,    0,    0,    0,    0,    0,    0,    0,    0,    0,   -7,    0,    0,    0,    0,    0,  -40,  -52,  -33,  -17,    0,    0,    0,    0,    0,    0,    0,    0,    0,    0,    0,    0,  -37,  -22,  -53,  -50,    0,  -53,  -50,    0,    0,    0,
       0,   -7,    0,    0,    0,    0,    0,    0,    0,    0,    0,    0,    0,    0,    0,    0,    0,    0,    0,    0,  -10,    0,    0,   -7,    0,    0,  -10,    0,  -17,   -9,  -20,  -17,    0,  -10,   -2,    0,    0,  -18,   -7,  -13,  -13,   -8,   -5,   -8,   -3,  -10,   -8,   -8,  -13,   -8,  -15,  -30,  -33,  -50,  -32,    0,  -50,   -3,    0,    0,    0,    0,    0,    0,    0,    0,    0,    0,  -11,  -10,  -18,  -18,  -18,  -18,  -18,  -13,  -13,  -13,   -3,   -3,   -3,  -13,   -8,  -13,  -13,  -28,  -50,  -12,  -18,  -18,  -13,   -5,   -5,   -3,   -3,   -3,   -8,  -10,   -8,   -8,   -8,  -15,  -15,  -15,  -17,  -17,  -17,  -32,   -3,   -3,  -13,    0,   -3,  -18,  -18,  -13,   -3,   -3,  -13,   -8,  -10,  -50,  -13,    0,    0,  -13,    0,    0,    0,    0,
       0,    0,    0,   -7,    0,    0,    0,   -7,    0,   -7,   -7,    0,    0,    0,    0,    0,    0,    0,    0,    0,   -7,  -10,  -17,   -3,  -13,   -5,   -3,    0,    0,    0,    0,    0,    0,    0,   -2,    0,    0,  -17,    0,  -17,  -17,  -13,  -15,   -3,  -10,   -3,   -8,   -8,  -17,   -8,  -12,   -7,  -13,  -18,  -17,  -12,  -18,  -10,    0,    0,    0,    0,    0,    0,    0,  -17,  -13,    0,    0,    0,  -17,  -17,  -17,  -17,  -17,  -17,  -17,  -17,  -10,  -11,   -7,  -17,   -8,  -17,  -17,  -13,  -18,   -3,  -17,  -17,  -17,  -15,  -15,  -10,  -10,  -10,   -8,   -3,   -3,   -8,   -8,  -12,  -12,  -12,    0,    0,    0,  -17,  -10,  -10,  -17,  -17,  -10,  -17,  -17,  -17,  -10,  -10,  -17,   -8,    0,  -18,    0,    0,    0,    0,    0,   -7,    0,    0,
       0,   -7,    0,    0,   30,    0,    0,  -10,    0,  -23,   -3,    0,    0,    0,    0,    0,    0,    0,    0,    0,   -7,    0,  -27,    0,   -9,  -13,    0,    0,  -17,    0,  -10,   -7,   -9,  -17,   -5,  -13,   20,    0,    0,    0,    0,    0,    0,   -3,    0,    0,    0,    0,    0,    0,    0,    0,    0,   -3,    0,    0,   -3,    0,    0,    0,    0,    0,    0,    0,    0,  -27,  -30,    0,    0,  -17,    0,    0,    0,    0,    0,    0,    0,    0,    0,    0,    0,    0,    0,    0,    0,    0,   -3,   -3,    0,    0,    0,    0,    0,    0,    0,    0,    0,    0,   -3,    0,    0,    0,    0,    0,   -7,  -17,   -7,    0,    0,    0,    0,  -10,    0,    0,    0,    0,    0,    0,    0,    0,  -17,   -3,   -3,  -13,   15,   -3,  -13,  -10,    0,    0,
       0,    0,    0,    0,    0,    0,    0,  -23,    0,  -23,  -10,    0,    0,    0,    0,    0,    0,    0,    0,    0,    0,    0,  -20,    0,  -30,    0,    0,    0,    0,    0,    0,    0,    0,   -2,    0,    0,    0,    0,    0,    0,    0,    0,    0,    0,    0,    0,    0,    0,    0,    0,    0,    0,    0,    0,    0,    0,    0,    0,    0,    0,    0,    0,    0,    0,    0,  -20,  -47,    0,    0,   -2,    0,    0,    0,    0,    0,    0,    0,    0,    0,    0,    0,    0,    0,    0,    0,    0,    0,    0,    0,    0,    0,    0,    0,    0,    0,    0,    0,    0,    0,    0,    0,    0,    0,    0,    0,    0,    0,    0,    0,    0,    0,  -20,    0,    0,    0,    0,    0,    0,    0,    0,   -2,    0,    0,    0,    0,    0,    0,  -23,    0,    0,
       0,   -7,    0,    0,   60,    0,    0,    5,    0,    5,   40,    0,    0,    0,    0,    0,    0,    0,    0,    0,   -7,    0,  -27,    0,   -9,  -13,    0,    0,  -17,    0,  -10,   -7,   -9,  -17,   -5,  -13,   20,    0,    0,    0,    0,    0,    0,   -3,    0,    0,    0,    0,    0,    0,    0,    0,    0,   -3,    0,    0,   -3,    0,    0,    0,    0,    0,    0,    0,    0,  -27,  -30,    0,    0,  -17,    0,    0,    0,    0,    0,    0,    0,    0,    0,    0,    0,    0,    0,    0,    0,    0,   -3,    3,    0,    0,    0,    0,    0,    0,    0,    0,    0,    0,   -3,    0,    0,    0,    0,    0,   -7,  -17,   -7,    0,    0,    0,    0,  -10,    0,    0,    0,    0,    0,    0,    0,    0,  -17,   -3,   -3,  -13,   15,   -3,  -13,    5,    0,    0,
       0,  -13,    0,    0,    0,  -20,    0,    0,  -17,    0,    0,    0,    0,    0,    0,    0,    0,    0,    0,    0,  -10,    0,    0,  -12,    0,    0,  -12,   -3,  -27,  -20,  -30,  -23,    0,  -32,    0,  -30,    0,   -5,  -13,  -10,  -10,    0,    0,   -3,    0,  -10,   -3,   -3,  -10,  -12,   -3,  -17,  -15,  -25,  -20,    0,  -25,   -1,   -7,  -17,    0,    0,  -20,    0,    0,    0,    0,    0,  -20,  -32,   -5,   -5,   -5,   -5,   -5,  -10,  -10,  -10,    0,    0,    0,  -10,   -3,  -10,  -10,  -15,  -25,   -3,   -5,   -5,  -10,    0,    0,    0,    0,    0,   -3,  -10,   -3,   -3,   -3,   -3,   -3,   -3,  -27,  -27,  -23,  -20,   -1,   -1,  -10,    0,    0,   -5,   -5,  -10,    0,    0,  -10,   -3,  -32,  -25,  -20,  -20,    0,  -20,  -20,    0,   -7,    0,
       0,    0,    0,    0,    0,    0,    0,    0,    0,    0,    0,    0,    0,    0,    0,    0,    0,    0,    0,    0,    0,    0,   -7,    0,   -2,   -7,    0,    0,   -7,    0,   -3,    0,    0,   -5,    0,    0,    0,   -3,   -2,    0,    0,   -3,    0,    0,    0,    0,    0,    0,    0,    0,    0,   -3,   -3,   -7,   -3,   -2,   -7,    0,    0,    0,    0,    0,    0,    0,    0,   -7,   -7,    0,    0,   -5,   -3,   -3,   -3,   -3,   -3,    0,    0,    0,    0,    0,    0,    0,    0,    0,    0,   -3,   -7,    0,   -3,   -3,    0,    0,    0,    0,    0,    0,    0,    0,    0,    0,    0,    0,    0,    0,   -7,   -7,    0,   -3,    0,    0,    0,   -7,    0,   -3,   -3,    0,    0,    0,    0,    0,   -5,   -7,    0,    0,    0,    0,    0,    0,    0,    0,
       0,    0,    0,  -17,    0,    0,    0,  -33,  -23,  -33,  -27,    0,    0,    0,    0,    0,    0,    0,   -7,    0,    0,  -20,  -33,   -3,  -33,  -12,   -3,   -7,    0,    0,    0,    0,    0,    0,   -3,    0,    0,  -23,    0,  -23,  -23,   -7,  -23,   -3,   -3,    0,   -8,   -8,  -23,   -8,  -17,   -7,   -7,   -3,    0,    0,   -3,   -7,  -17,  -23,    0,    0,  -13,    0,    0,  -33,  -33,    0,    0,    0,  -23,  -23,  -23,  -38,  -23,  -23,  -23,  -23,   -3,    3,    7,  -23,   -8,  -23,  -23,   -7,   -3,   -3,  -23,  -23,  -23,  -23,  -23,   -3,   -3,   -3,   -8,    3,   -3,   -8,   -8,  -17,  -17,  -17,    0,    0,    0,    0,   -7,   -7,  -23,  -33,   -3,  -23,  -23,  -23,   -3,   -3,  -23,   -8,    0,   -3,    0,    0,    0,    0,    0,  -33,  -17,    0,
       0,    0,    0,   -7,    0,    0,    0,  -13,    0,  -13,  -17,    0,    0,    0,    0,    0,    0,    0,    0,    0,    0,  -10,  -25,    0,  -20,  -10,    0,   -3,    0,    0,    0,    0,    0,    0,   -3,    0,    0,  -13,    0,  -13,  -13,  -13,  -12,    0,   -3,   -3,   -7,   -7,  -13,   -7,  -13,  -13,  -10,  -17,  -13,  -10,  -17,  -10,    0,    0,    0,    0,    0,    0,    0,  -25,  -25,    0,    0,    0,  -13,  -13,  -13,  -13,  -13,  -13,  -13,  -13,   -3,   -3,   -3,  -13,   -7,  -13,  -13,  -10,  -17,    0,  -13,  -13,  -13,  -12,  -12,   -3,   -3,   -3,   -7,   -3,    0,   -7,   -7,  -13,  -13,  -13,    0,    0,    0,  -13,  -10,  -10,  -13,  -25,   -3,  -13,  -13,  -13,   -3,   -3,  -13,   -7,    0,  -17,    0,    0,    0,    0,    0,  -13,    0,    0,
       0,    0,    0,  -17,    0,    0,    0,  -33,  -17,  -33,  -30,    0,    0,    0,    0,    0,    0,    0,  -10,    0,    0,  -30,  -42,  -10,  -37,  -15,  -10,  -10,    0,    0,    0,    0,    0,    0,   -3,    0,    0,  -53,    0,  -33,  -33,  -20,  -27,    0,   -5,   -3,  -27,  -27,  -33,  -27,  -32,  -17,  -27,  -18,  -18,  -20,  -18,  -23,  -17,  -17,    0,    0,  -15,  -10,    0,  -42,  -87,    0,    0,    0,  -53,  -47,  -50,  -47,  -53,  -33,  -33,  -45,   -5,   12,    8,  -33,  -27,  -33,  -50,  -27,  -18,    0,  -53,  -44,  -57,  -27,  -47,    5,   18,    2,  -27,    0,    0,  -27,  -27,  -32,  -32,  -46,    0,    0,    0,  -18,  -23,  -40,  -33,  -42,   -7,  -53,  -53,  -53,    0,   -2,  -58,  -47,    0,  -18,    0,    0,    0,    0,    0,  -33,  -17,  -10,
       0,    0,    0,  -13,    0,    0,    0,  -27,  -13,  -27,  -23,    0,    0,    0,    0,    0,    0,    0,   -3,    0,    0,  -23,  -37,   -7,  -33,  -12,   -7,   -7,    0,    0,    0,    0,    0,    0,    0,    0,    0,  -23,    0,  -30,  -30,  -17,  -27,    0,   -7,    0,  -17,  -17,  -30,  -17,  -24,  -13,  -13,  -13,  -10,  -10,  -13,  -17,  -13,  -13,    0,    0,   -7,   -3,    0,  -37,  -37,    0,    0,    0,  -23,  -37,  -30,  -23,  -23,  -30,  -53,  -43,  -12,  -10,    7,  -30,  -17,  -30,  -50,  -13,  -13,    0,  -23,  -33,  -30,  -27,  -27,    3,    2,   -2,  -17,    3,    0,  -17,  -17,  -24,  -24,  -24,    0,    0,    0,  -10,  -17,  -17,  -30,  -37,  -10,  -23,  -23,  -30,   -7,   -5,  -30,  -17,    0,  -13,    0,    0,    0,    0,    0,  -27,  -13,   -3,
       0,    0,    0,    0,    0,    0,    0,    0,  -17,    0,    0,    0,    0,    0,    0,    0,    0,    0,    0,    0,    0,    0,    0,   -9,    0,    0,   -9,    0,   -5,    0,    0,    0,    0,    0,    0,    0,    0,    0,    0,   -3,   -3,    0,    0,    0,    0,    0,    0,    0,   -3,    0,    0,  -10,  -10,  -23,  -18,    0,  -23,    0,   -7,  -17,    0,    0,  -13,    0,    0,    0,    0,    0,    0,    0,    0,    0,    0,    0,    0,   -3,   -3,   -3,    0,    0,    0,   -3,    0,   -3,   -3,  -10,  -23,    0,    0,    0,   -3,    0,    0,    0,    0,    0,    0,    0,    0,    0,    0,    0,    0,    0,   -5,   -5,    0,  -18,    0,    0,   -3,    0,    0,    0,    0,   -3,    0,    0,   -3,    0,    0,  -23,    0,    0,    0,    0,    0,    0,   -7,    0,
       0,    0,    0,  -17,    0,    0,    0,  -33,  -27,  -33,  -33,    0,    0,    0,    0,    0,    0,    0,  -13,    0,    0,  -30,  -37,  -17,  -37,  -10,  -17,  -13,    0,    0,    0,    0,    0,    0,    0,    0,    0,  -33,    0,  -32,  -32,  -20,  -33,    0,   -7,   -3,  -23,  -23,  -32,  -23,  -27,  -13,  -27,  -23,  -17,  -20,  -23,  -27,  -23,  -27,    0,    0,  -20,  -10,    0,  -37,  -37,    0,    0,    0,  -33,  -50,  -50,  -47,  -33,  -32,  -60,  -49,   -7,    0,   10,  -32,  -23,  -57,  -53,  -27,  -23,    0,  -50,  -53,  -32,  -33,  -33,    3,    0,   -3,  -23,    7,    0,  -23,  -23,  -27,  -43,  -47,    0,    0,    0,  -17,  -27,  -27,  -32,  -37,   -7,  -33,  -52,  -50,   17,   -3,  -32,  -23,    0,  -23,    0,    0,    0,    0,    0,  -33,  -23,  -10,
       0,    0,    0,    0,    0,    0,    0,    0,    0,    0,    0,    0,    0,    0,    0,    0,    0,    0,    0,    0,    0,    0,    0,    0,   -3,   -3,    0,   -3,   -7,   -2,    0,    0,    0,    0,    0,    0,    0,    0,    0,    0,    0,    0,    0,    0,    0,    0,    0,    0,    0,    0,    0,   -7,   -3,  -13,  -13,    0,  -13,    0,    0,    0,    0,    0,    0,    0,    0,    0,    0,    0,   -2,    0,    0,    0,    0,    0,    0,    0,    0,    0,    0,    0,    0,    0,    0,    0,    0,   -3,  -13,    0,    0,    0,    0,    0,    0,    0,    0,    0,    0,    0,    0,    0,    0,    0,    0,    0,   -7,   -7,    0,  -13,    0,    0,    0,    0,    0,    0,    0,    0,    0,    0,    0,    0,    0,  -13,    0,    0,    0,    0,    0,    0,    0,    0,
       0,    0,    0,    0,    0,    0,    0,    0,    0,    0,    0,    0,    0,    0,    0,    0,    0,    0,    0,    0,    0,    0,    0,    0,    0,    0,    0,    0,    0,    0,    0,    0,    0,    0,    0,    0,    0,    0,    0,    0,    0,    0,    5,    0,    0,    0,    0,    0,    0,    0,    0,    0,    0,    7,    0,    0,    7,    0,    0,    0,    0,    0,    0,    0,    0,    0,    0,    0,    0,    0,    0,    0,    0,    0,    0,    0,    0,    0,    0,    0,    0,    0,    0,    0,    0,    0,    7,    0,    0,    0,    0,    5,    5,    0,    0,    0,    0,    0,    0,    0,    0,    0,    0,    0,    0,    0,    0,    0,    0,    0,    0,    0,    0,    0,    0,    0,    0,    0,    0,    0,    0,    7,    0,    0,    0,    0,    0,    0,    0,    0,
       0,    0,    0,    0,    0,    0,    0,    0,    0,    0,    0,    0,    0,    0,    0,    0,    0,  -13,    0,    0,    0,    0,    0,  -10,    0,    0,  -10,    0,  -30,  -20,  -30,  -23,    0,  -30,    0,  -67,    0,    0,    0,    0,    0,    0,    0,    0,    0,    0,    0,    0,    0,    0,    0,    0,  -10,  -13,   -7,    0,  -13,    0,    0,    0,    0,    0,    0,    0,    0,    0,    0,    0,  -20,  -30,    0,    0,    0,    0,    0,    0,    0,    0,    0,    0,    0,    0,    0,    0,    0,  -10,  -13,    0,    0,    0,    0,    0,    0,    0,    0,    0,    0,    0,    0,    0,    0,    0,    0,    0,  -30,  -30,  -23,   -7,    0,    0,    0,    0,    0,    0,    0,    0,    0,    0,    0,    0,  -30,  -13,    0,    0,    0,    0,    0,    0,    0,    0,
       0,  -13,    0,    0,    0,  -23,    0,    0,    0,    0,    0,    0,    0,    0,    0,    0,    0,    0,    0,    0,  -10,    0,    0,    0,    0,    0,    0,    0,  -24,    0,    0,    0,    0,    0,    0,  -27,    0,    0,  -10,   -2,   -4,    0,    0,    0,    0,   -5,   -3,   -3,   -2,   -7,   -7,  -10,   -8,  -25,  -21,    0,  -30,    0,    0,    0,    0,    0,    0,    0,    0,    0,    0,    0,    0,    0,    0,    0,    0,    0,    0,   -2,   -2,   -2,    0,    0,    0,   -2,   -3,   -2,   -2,   -8,  -30,    0,    0,    0,   -2,    0,    0,    0,    0,    0,   -3,   -5,    0,   -3,   -3,   -7,   -7,   -7,  -24,  -24,    0,  -24,    0,    0,   -2,    0,    0,    0,    0,   -2,    0,    0,   -2,   -3,    0,  -30,  -25,  -13,    0,  -25,  -13,    0,    0,    0,
       0,  -10,    0,    0,    0,  -13,    0,   -3,    0,   -3,    0,    0,    0,    0,    0,    0,    0,    0,    0,    0,   -8,    0,    0,    0,    0,    0,    0,    0,  -17,    0,    0,    0,    0,    0,    0,  -20,    0,    0,  -10,    0,    0,    0,    0,   -5,    0,    0,   -3,   -3,    0,   -7,   -5,   -5,   -2,  -12,   -3,   -5,  -12,   -2,    0,    0,    0,    0,    0,    0,    0,    0,    0,    0,    0,    0,    0,    0,    0,    0,    0,    0,    0,    0,    0,    0,    0,    0,   -3,    0,    0,   -2,  -12,   -5,    0,    0,    0,    0,    0,    0,    0,    0,   -3,    0,   -5,   -3,   -3,   -5,   -5,   -5,  -17,  -17,    0,   -3,   -2,   -2,    0,    0,    0,    0,    0,    0,    0,    0,    0,   -3,    0,   -7,  -13,  -10,    0,  -13,  -10,   -3,    0,    0,
       0,    0,    0,    0,    0,    0,    0,    0,    0,    0,    0,    0,    0,    0,    0,    0,    0,    0,    0,    0,    0,    0,    0,    0,    0,    0,    0,    0,    0,    0,    0,    0,    0,    0,    0,  -13,    0,    0,    0,   -2,   -2,    0,    0,   -2,    0,    0,    0,    0,   -2,    0,    0,    0,    0,    0,    0,    0,    0,    0,    0,    0,    0,    0,    0,    0,    0,    0,    0,    0,    0,    0,    0,    0,    0,    0,    0,   -2,   -2,   -2,    0,    0,    0,   -2,    0,   -2,   -2,    0,    0,   -2,    0,    0,   -2,    0,    0,    0,    0,    0,    0,    0,   -2,    0,    0,    0,    0,    0,    0,    0,    0,    0,    0,    0,   -2,    0,    0,    0,    0,   -2,    0,    0,   -2,    0,    0,    0,    0,   -3,    0,    0,   -3,    0,    0,    0,
       0,    0,    0,    0,    0,    0,    0,    0,    0,    0,    0,    0,    0,    0,    0,    0,    0,    0,    0,    0,   -7,    0,    0,    0,    0,    0,    0,    0,    0,    0,    0,    0,    0,    0,    0,    0,    0,    0,    0,   -3,   -3,    0,    0,    0,    0,  -10,   -2,   -2,   -3,   -3,    0,   -3,   -5,  -11,   -5,    0,  -11,    0,    0,    0,    0,    0,    0,    0,    0,    0,    0,    0,    0,    0,    0,    0,    0,    0,    0,   -3,   -3,   -3,    0,    0,    0,   -3,   -2,   -3,   -3,   -5,  -11,    0,    0,    0,   -3,    0,    0,    0,    0,    0,   -2,  -10,    0,   -2,   -2,    0,    0,    0,    0,    0,    0,   -5,    0,    0,   -3,    0,    0,    0,    0,   -3,    0,    0,   -3,   -2,    0,  -11,    0,  -16,    0,    0,  -16,    0,    0,    0,
       0,  -10,    0,    0,    0,  -13,    0,   -3,    0,   -3,    0,    0,    0,    0,    0,    0,    0,    0,    0,    0,   -8,    0,    0,    0,    0,    0,    0,    0,  -17,    0,    0,    0,    0,    0,    0,  -20,    0,    0,  -10,    0,    0,    0,    0,   -5,    0,    0,   -3,   -3,    0,   -7,   -5,   -5,   -2,  -12,   -3,    0,  -12,   -2,    0,    0,    0,    0,    0,    0,    0,    0,    0,    0,    0,    0,    0,    0,    0,    0,    0,    0,    0,    0,    0,    0,    0,    0,   -3,    0,    0,   -2,  -12,   -5,    0,    0,    0,    0,    0,    0,    0,    0,   -3,    0,   -5,   -3,   -3,   -5,   -5,   -5,  -17,  -17,    0,   -3,   -2,   -2,    0,    0,    0,    0,    0,    0,    0,    0,    0,   -3,    0,  -12,  -13,  -10,    0,  -13,  -10,   -3,    0,    0,
      13,   47,    0,    0,   48,   30,    0,    0,    0,    0,    0,    0,    0,    0,    0,    0,    0,    0,    0,    0,   10,    0,    0,    0,    0,    0,    0,    0,    0,    0,    0,    0,    0,    0,    0,   30,   20,   -7,    0,   -7,   -7,    0,    0,    0,    0,    0,    0,    0,   -7,    0,   -7,    0,    0,    0,    0,    0,    0,    0,   -7,    0,    0,    0,    0,    0,    0,    0,    0,    0,    0,    0,   -7,   -7,   -7,    4,   -7,   -7,   -7,   -7,    0,    0,    0,   -7,    0,   -7,   -4,    0,    0,    0,   -7,   -7,   -7,    0,    0,    0,    0,    0,    0,    0,    0,    0,    0,   -7,   -7,   -7,    0,    0,    0,    0,    0,    0,   -7,    0,    0,   -7,   -7,   -7,    0,    0,   -7,    0,    0,    0,   30,   47,    0,   40,   47,    0,   -7,    0,
       0,    0,    0,    0,    0,    0,    0,    0,    0,    0,    0,    0,    0,    0,    0,    0,    0,    0,    0,    0,    0,    0,    0,    0,    0,    0,    0,    0,    0,    0,    0,    0,    0,    0,    0,  -10,    0,   -3,   -5,   -7,   -7,    0,    0,   -3,    0,    0,    0,    0,   -7,    0,   -6,    0,    0,    0,    0,    0,    0,    0,    0,    0,    0,    0,    0,    0,    0,    0,    0,    0,    0,    0,   -3,   -3,   -3,   -3,   -3,   -7,   -7,   -7,    0,    0,    0,   -7,    0,   -7,   -7,    0,    0,   -3,   -3,   -3,   -7,    0,    0,    0,    0,    0,    0,    0,   -3,    0,    0,   -6,   -6,   -6,    0,    0,    0,    0,    0,    0,   -7,    0,    0,   -3,   -3,   -7,    0,    0,   -7,    0,    0,    0,    0,    0,    0,    0,    0,    0,    0,    0,
       0,  -13,    0,    0,    0,  -23,    0,    0,    0,    0,    0,    0,    0,    0,    0,    0,    0,    0,    0,    0,  -10,    0,    0,    0,    0,    0,    0,    0,  -24,    0,    0,    0,    0,    0,    0,  -27,    0,    0,  -10,   -2,   -2,    0,    0,    0,    0,   -5,   -3,   -3,   -2,   -7,   -3,  -10,   -8,  -25,  -21,    0,  -30,    0,    0,    0,    0,    0,    0,    0,    0,    0,    0,    0,    0,    0,    0,    0,    0,    0,    0,   -2,   -2,   -2,    0,    0,    0,   -2,   -3,   -2,   -2,   -8,  -30,    0,    0,    0,   -2,    0,    0,    0,    0,    0,   -3,   -5,    0,   -3,   -3,   -3,   -3,   -3,  -24,  -24,    0,  -24,    0,    0,   -2,    0,    0,    0,    0,   -2,    0,    0,   -2,   -3,    0,  -12,  -25,  -13,    0,  -25,  -13,    0,    0,    0,
       0,  -10,    0,    0,    0,  -13,    0,    0,    0,    0,    0,    0,    0,    0,    0,    0,    0,    0,    0,    0,   -7,    0,    0,    0,    0,    0,    0,    0,  -20,  -10,  -13,  -13,    0,  -20,    0,  -13,    0,    0,   -7,    0,    0,    0,    0,    0,    0,    0,    0,    0,    0,    0,    0,  -10,    0,  -10,   -7,    0,  -10,    0,    0,    0,    0,    0,    0,    0,    0,    0,    0,    0,  -10,  -20,    0,    0,    0,    0,    0,    0,    0,    0,    0,    0,    0,    0,    0,    0,    0,    0,  -10,    0,    0,    0,    0,    0,    0,    0,    0,    0,    0,    0,    0,    0,    0,    0,    0,    0,  -20,  -20,  -13,   -7,    0,    0,    0,    0,    0,    0,    0,    0,    0,    0,    0,    0,  -20,  -10,  -17,  -17,    0,  -23,  -17,    0,    0,    0,
       0,    0,    0,    0,    0,    0,    0,    0,    0,    0,    0,    0,    0,    0,    0,    0,    0,    0,    0,    0,   -7,    0,    0,    0,    0,    0,    0,    0,    0,    0,    0,    0,    0,    0,    0,    0,    0,   -5,   -2,    0,    0,    0,    0,   -7,    0,    0,    0,    0,    0,    0,    0,   -7,   -3,   -7,   -3,    0,   -7,    0,    0,    0,    0,    0,    0,    0,    0,    0,    0,    0,    0,    0,   -5,   -5,   -5,   -5,   -5,    0,    0,    0,    0,    0,    0,    0,    0,    0,    0,   -3,   -7,   -7,   -5,   -5,    0,    0,    0,    0,    0,    0,    0,    0,   -7,    0,    0,    0,    0,    0,    0,    0,    0,   -3,    0,    0,    0,    0,    0,   -5,   -5,    0,    0,    0,    0,    0,    0,   -7,    0,   -7,    0,    0,   -7,    0,    0,    0,
       0,   -3,    0,    0,    0,   -3,    0,    0,   -7,    0,    0,    0,    0,    0,    0,    0,    0,    0,    0,    0,    0,    0,    0,    0,    0,    0,    0,    0,    0,    0,    0,    0,    0,    0,    0,  -10,    0,    0,    0,   -3,   -3,    0,    0,    0,    0,    0,   -2,   -2,   -3,   -2,    0,   -2,   -3,   -2,   -5,    0,   -2,    0,   -7,   -7,    0,    0,    0,    0,    0,    0,    0,    0,    0,    0,    0,    0,    0,    0,    0,   -3,   -3,   -3,    0,    0,    0,   -3,   -2,   -3,   -3,   -3,   -2,    0,    0,    0,   -3,    0,    0,    0,    0,    0,   -2,    0,    0,   -2,   -2,    0,    0,    0,    0,    0,    0,   -5,    0,    0,   -3,    0,    0,    0,    0,   -3,    0,    0,   -3,   -2,    0,   -2,  -10,  -27,    0,  -10,  -27,    0,   -7,    0,
       0,  -10,    0,    0,    0,  -13,    0,   -3,    0,   -3,    0,    0,    0,    0,    0,    0,    0,    0,    0,    0,   -8,    0,    0,    0,    0,    0,    0,    0,  -17,    0,    0,    0,    0,    0,    0,  -20,    0,    0,  -10,    0,    0,    0,    0,   -5,    0,    0,   -3,   -3,    0,   -7,   -5,   -5,   -2,  -12,   -3,   -7,  -12,   -2,    0,    0,    0,    0,    0,    0,    0,    0,    0,    0,    0,    0,    0,    0,    0,    0,    0,    0,    0,    0,    0,    0,    0,    0,   -3,    0,    0,   -2,  -12,   -5,    0,    0,    0,    0,    0,    0,    0,    0,   -3,    0,   -5,   -3,   -3,   -5,   -5,   -5,  -17,  -17,    0,   -3,   -2,   -2,    0,    0,    0,    0,    0,    0,    0,    0,    0,   -3,    0,   -7,  -13,  -10,    0,  -13,  -10,   -3,    0,    0,
       0,  -27,    0,    0,    0,   -7,    0,    0,    0,    0,    0,    0,    0,    0,    0,    0,    0,    0,    0,    0,   -4,    0,    0,    0,    0,    0,    0,    0,    0,    0,    0,    0,    0,    0,    0,  -14,    0,   -7,  -10,   -7,   -7,    0,    0,   -5,    0,    0,    0,    0,   -7,    0,   -7,  -10,  -10,  -13,   -8,    0,  -13,    0,    0,    0,    0,    0,    0,    0,    0,    0,    0,    0,    0,    0,   -7,   -7,   -7,   -7,   -7,   -7,   -7,   -7,    0,    0,    0,   -7,    0,   -7,   -7,  -10,  -13,   -5,   -7,   -7,   -7,    0,    0,    0,    0,    0,    0,    0,   -5,    0,    0,   -7,   -7,   -7,    0,    0,    0,   -8,    0,    0,   -7,    0,    0,   -7,   -7,   -7,    0,    0,   -7,    0,    0,  -13,    0,  -13,    0,    0,  -13,    0,    0,    0,
       0,    0,    0,    0,    0,    0,    0,  -17,    0,  -17,  -10,    0,    0,    0,    0,    0,    0,    0,    0,    0,    0,   -4,    0,    0,    0,    0,    0,    0,    0,    0,    0,    0,    0,    0,    0,  -13,    0,    0,   -7,   -3,   -3,    0,    0,   -7,    0,    0,    0,    0,   -3,    0,    0,    0,    0,    0,    0,    0,    0,    0,    0,    0,    0,    0,    0,    0,    0,    0,    0,    0,    0,    0,    0,    0,    0,    0,    0,   -3,   -3,   -3,    0,    0,    0,   -3,    0,   -3,   -3,    0,    0,   -7,    0,    0,   -3,    0,    0,    0,    0,    0,    0,    0,   -7,    0,    0,    0,    0,    0,    0,    0,    0,    0,    0,    0,   -3,    0,    0,    0,    0,   -3,    0,    0,   -3,    0,    0,    0,    0,    0,    0,    0,    0,  -17,    0,    0,
       0,    0,    0,    0,    0,    0,    0,    0,    0,    0,    0,    0,    0,    0,    0,    0,    0,    0,    0,    0,    0,    0,    0,    0,    0,    0,    0,    0,    0,    0,    0,    0,    0,    0,    0,  -10,    0,    0,   -7,    0,    0,    0,    0,    0,    0,    0,    0,    0,    0,    0,    0,   -3,   -2,   -3,    0,    0,   -3,   -2,    0,    0,    0,    0,    0,    0,    0,    0,    0,    0,    0,    0,    0,    0,    0,    0,    0,    0,    0,    0,    0,    0,    0,    0,    0,    0,    0,   -2,   -3,    0,    0,    0,    0,    0,    0,    0,    0,    0,    0,    0,    0,    0,    0,    0,    0,    0,    0,    0,    0,    0,   -2,   -2,    0,    0,    0,    0,    0,    0,    0,    0,    0,    0,    0,   -3,   -7,   -3,    0,   -7,   -3,    0,    0,    0,
       0,    0,    0,    0,    0,    0,    0,    0,    0,    0,    0,    0,    0,    0,    0,    0,    0,    0,    0,    0,   -7,    0,    0,    0,    0,    0,    0,    0,    0,    0,    0,    0,    0,    0,    0,    0,    0,   -3,    0,   -2,   -2,    0,    0,    0,    0,    0,   -7,   -7,   -2,   -7,   -7,    0,   -3,   -2,   -7,   -4,   -2,    0,  -10,    0,    0,    0,    0,    7,    0,    0,    0,    0,    0,    0,   -3,   -3,   -3,   -3,   -3,   -2,   -2,   -2,    0,    0,    0,   -2,   -7,   -2,   -2,   -3,   -2,    0,   -3,   -3,   -2,    0,    0,    0,    0,    0,   -7,    0,    0,   -7,   -7,   -7,   -7,   -7,    0,    0,    0,   -7,    0,    0,   -2,    0,    0,   -3,   -3,   -2,    0,    0,   -2,   -7,    0,   -2,    0,   -3,    0,    0,   -3,    0,  -10,    7,
       0,    0,    0,  -10,    0,    0,    0,  -30,   -7,  -30,  -13,    0,    0,    0,    0,    0,    0,    0,    0,    0,    0,  -12,    0,    0,    0,    0,    0,    0,    0,    0,    0,    0,    0,    0,    0,   -7,    0,   -5,   -7,   -8,  -15,    0,   -7,  -10,    0,    0,    0,    0,   -8,    0,   -8,    0,    0,    0,    0,    0,    0,    0,   -7,   -7,    0,    0,    0,    0,    0,    0,    0,    0,    0,    0,   -5,   -5,   -5,   -5,   -5,   -8,   -8,   -8,    0,    0,    0,   -8,    0,   -8,   -8,    0,    0,  -10,   -5,   -5,   -8,   -7,   -7,    0,    0,    0,    0,    0,  -10,    0,    0,   -8,   -8,   -8,    0,    0,    0,    0,    0,    0,   -8,    0,    0,   -5,   -5,   -8,    0,    0,   -8,    0,    0,    0,    0,    0,    0,    0,    0,  -30,   -7,    0,
       0,    0,    0,   -7,    0,    0,    0,  -27,   -3,  -27,   -7,    0,    0,    0,    0,    0,    0,    0,    0,    0,    0,  -10,    0,    0,    0,    0,    0,    0,    0,    0,    0,    0,    0,    0,    0,   -7,    0,   -3,    0,   -5,   -5,    0,   -3,   -7,    0,    0,    0,    0,   -5,    0,   -2,    0,    0,    0,    0,    0,    0,    0,   -3,   -3,    0,    0,    0,    0,    0,    0,    0,    0,    0,    0,   -3,   -3,   -3,   -3,   -3,   -5,   -5,   -5,    0,    0,    0,   -5,    0,   -5,   -5,    0,    0,   -7,   -3,   -3,   -5,   -3,   -3,    0,    0,    0,    0,    0,   -7,    0,    0,   -2,   -2,   -2,    0,    0,    0,    0,    0,    0,   -5,    0,    0,   -3,   -3,   -5,    0,    0,   -5,    0,    0,    0,    0,    0,    0,    0,    0,  -27,   -3,    0,
       0,    0,    0,    0,    0,    0,    0,    0,    0,    0,    0,    0,    0,    0,    0,    0,    0,    0,    0,    0,    0,    0,    0,    0,    0,    0,    0,    0,    0,    0,    0,    0,    0,    0,    0,  -13,    0,    0,   -3,   -5,   -5,    0,    0,    0,    0,    0,    0,    0,   -5,    0,    0,   -3,    0,    0,    0,    0,    0,    0,  -10,    0,    0,    0,    0,    0,    0,    0,    0,    0,    0,    0,    0,    0,    0,    0,    0,   -5,   -5,   -5,    0,    0,    0,   -5,    0,   -5,   -5,    0,    0,    0,    0,    0,   -5,    0,    0,    0,    0,    0,    0,    0,    0,    0,    0,    0,    0,    0,    0,    0,    0,    0,    0,    0,   -5,    0,    0,    0,    0,   -5,    0,    0,   -5,    0,    0,    0,    0,    0,    0,    0,    0,    0,  -10,    0,
       0,    0,    0,    0,    0,    0,    0,    0,    0,    0,    0,    0,    0,    0,    0,    0,    0,    0,    0,    0,    0,    0,    0,    0,    0,    0,    0,    0,    0,    0,    0,    0,    0,    0,    0,    0,    0,    0,    0,    0,    0,    0,    0,    0,    0,    0,    0,    0,    0,    0,    0,   -2,    0,    0,    0,    0,    0,    0,    0,    0,    0,    0,    0,    0,    0,    0,    0,    0,    0,    0,    0,    0,    0,    0,    0,    0,    0,    0,    0,    0,    0,    0,    0,    0,    0,    0,    0,    0,    0,    0,    0,    0,    0,    0,    0,    0,    0,    0,    2,    0,    0,    0,    0,    0,    0,    0,    0,    0,    0,    0,    0,    0,    0,    0,    0,    0,    0,    0,    0,    0,    0,    0,    0,    0,    0,    0,    0,    0,    0,    0,
       0,    0,    0,    0,    0,    0,    0,    0,    0,    0,    0,    0,    0,    0,    0,    0,    0,    0,    0,    0,    0,    0,    0,   -3,    0,    0,   -3,    0,  -13,   -7,  -15,  -10,    0,  -20,    0,    0,    0,    0,    0,    0,    0,    0,    0,    0,    0,    0,    0,    0,    0,    0,    0,    0,    0,    0,    0,    0,    0,    0,    0,    0,    0,    0,    0,    0,    0,    0,    0,    0,   -7,  -20,    0,    0,    0,    0,    0,    0,    0,    0,    0,    0,    0,    0,    0,    0,    0,    0,    0,    0,    0,    0,    0,    0,    0,    0,    0,    0,    0,    0,    0,    0,    0,    0,    0,    0,  -13,  -13,  -10,    0,    0,    0,    0,    0,    0,    0,    0,    0,    0,    0,    0,    0,  -20,    0,   -7,    0,    0,   -7,    0,    0,    0,    0,
       0,    0,    0,    0,    0,    0,    0,    0,    0,    0,    0,    0,    0,    0,    0,    0,    0,    0,    0,    0,    0,    0,    0,    0,    0,    0,    0,    0,    0,    0,  -10,   -3,    0,  -10,    0,    0,    0,    0,    0,    0,    0,    0,    0,    0,    0,    0,    0,    0,    0,    0,    0,    0,    0,    0,    0,    0,    0,    0,    0,    0,    0,    0,    0,    0,    0,    0,    0,    0,    0,  -10,    0,    0,    0,    0,    0,    0,    0,    0,    0,    0,    0,    0,    0,    0,    0,    0,    0,    0,    0,    0,    0,    0,    0,    0,    0,    0,    0,    0,    0,    0,    0,    0,    0,    0,    0,    0,   -3,    0,    0,    0,    0,    0,    0,    0,    0,    0,    0,    0,    0,    0,  -10,    0,    0,    0,    0,    0,    0,    0,    0,    0,
       0,    0,    0,    0,    0,  -13,    0,   -7,   -7,   -7,    0,    0,    0,    0,    0,    0,    0,    0,    0,    0,    0,    0,    0,    0,    0,    0,    0,    0,    0,    0,    0,    0,    0,    0,    0,  -13,    0,    0,    0,    0,    0,    0,    0,    0,    0,    0,    0,    0,    0,    0,    0,    0,    0,    0,    0,    0,    0,    0,    0,   -7,    0,    0,    0,    0,    0,    0,    0,    0,    0,    0,    0,    0,    0,    0,    0,    0,    0,    0,    0,    0,    0,    0,    0,    0,    0,    0,    0,    0,    0,    0,    0,    0,    0,    0,    0,    0,    0,    0,    0,    0,    0,    0,    0,    0,    0,    0,    0,    0,    0,    0,    0,    0,    0,    0,    0,    0,    0,    0,    0,    0,    0,    0,  -15,  -21,    0,  -15,  -21,   -7,    0,    0,
       0,    0,    0,    0,    0,    0,    0,    0,    0,    0,    0,    0,    0,    0,    0,    0,    0,    0,    0,    0,    0,    0,  -13,    0,  -10,    0,    0,    0,  -13,    0,  -15,   -7,  -13,  -20,    0,    0,    0,    0,    0,    0,    0,    0,    0,    0,    0,    0,    0,    0,    0,    0,    0,    0,    0,    0,    0,    0,    0,    0,    0,    0,    0,    0,    0,    0,    0,  -13,  -13,    0,    0,  -20,    0,    0,    0,    0,    0,    0,    0,    0,    0,    0,    0,    0,    0,    0,    0,    0,    0,    0,    0,    0,    0,    0,    0,    0,    0,    0,    0,    0,    0,    0,    0,    0,    0,    0,  -13,  -13,   -7,    0,    0,    0,    0,  -13,    0,    0,    0,    0,    0,    0,    0,    0,  -20,    0,    0,    0,    0,    0,    0,    0,    0,    0,
       0,    0,    0,    0,    0,    0,    0,  -20,    0,  -20,    0,    0,    0,    0,    0,    0,    0,    0,    0,    0,    0,    0,   -8,    0,    0,    0,    0,    0,  -17,    0,  -17,  -10,   -7,  -20,    0,    0,    0,    0,    0,    0,    0,    0,    0,    0,    0,    0,    0,    0,    0,    0,    0,   -3,    0,   -7,   -3,  -10,   -7,    0,    0,    0,    0,    0,    0,    0,    0,   -8,    0,    0,    0,  -20,    0,    0,    0,    0,    0,    0,    0,    0,    0,    0,    0,    0,    0,    0,    0,    0,   -7,    0,    0,    0,    0,    0,    0,    0,    0,    0,    0,    0,    0,    0,    0,    0,    0,    0,  -17,  -17,  -10,   -3,    0,    0,    0,   -8,    0,    0,    0,    0,    0,    0,    0,    0,  -20,   -7,    0,    0,    0,    0,    0,  -20,    0,    0,
       0,    0,    0,    0,    0,    0,    0,    0,    0,    0,    0,    0,    0,    0,    0,    0,    0,    0,    0,    0,    0,    0,    0,   -7,    0,    0,   -7,    0,  -20,  -15,  -27,  -13,    0,  -27,    0,    0,    0,    0,   -7,   -8,   -8,    0,    0,    0,    0,    0,    0,    0,   -8,    0,    0,  -13,  -13,  -20,  -20,    0,  -20,    0,    0,    0,    0,    0,    0,    0,    0,    0,    0,    0,  -15,  -27,    0,    0,    0,    0,    0,   -8,   -8,   -8,    0,    0,    0,   -8,    0,   -8,   -8,  -13,  -20,    0,    0,    0,   -8,    0,    0,    0,    0,    0,    0,    0,    0,    0,    0,    0,    0,    0,  -20,  -20,  -13,  -20,    0,    0,   -8,    0,    0,    0,    0,   -8,    0,    0,   -8,    0,  -27,  -20,    0,  -27,    0,    0,  -27,    0,    0,    0,
       0,   -7,    0,    0,   30,    0,    0,  -10,    0,  -23,   -3,    0,    0,    0,    0,    0,    0,    0,    0,    0,   -7,    0,  -27,    0,   -9,  -13,    0,    0,  -17,    0,  -10,   -7,   -9,  -17,   -5,  -13,   20,    0,    0,    0,    0,    0,    0,   -3,    0,    0,    0,    0,    0,    0,    0,    0,    0,   -3,    0,    0,   -3,    0,    0,    0,    0,    0,    0,    0,    0,  -27,  -27,    0,    0,  -17,    0,    0,    0,    0,    0,    0,    0,    0,    0,    0,    0,    0,    0,    0,    0,    0,   -3,   -3,    0,    0,    0,    0,    0,    0,    0,    0,    0,    0,   -3,    0,    0,    0,    0,    0,  -17,  -17,   -7,    0,    0,    0,    0,  -27,    0,    0,    0,    0,    0,    0,    0,    0,  -17,   -3,   -3,  -13,   15,   -3,  -13,  -10,    0,    0,
       0,    0,    0,    0,    0,    0,    0,    0,    0,    0,    0,  -10,  -20,  -25,  -10,  -13,    0,  -17,    0,    0,    0,    0,    0,    0,    0,    0,    0,    0,    0,    0,    0,    0,    0,    0,    0,    0,    0,    0,    0,    0,    0,    0,    0,    0,    0,    0,    0,    0,    0,    0,    0,    0,    0,    0,    0,    0,    0,    0,    0,    0,    0,    0,    0,    0,    0,    0,    0,    0,    0,    0,    0,    0,    0,    0,    0,    0,    0,    0,    0,    0,    0,    0,    0,    0,    0,    0,    0,    0,    0,    0,    0,    0,    0,    0,    0,    0,    0,    0,    0,    0,    0,    0,    0,    0,    0,    0,    0,    0,    0,    0,    0,    0,    0,    0,    0,    0,    0,    0,    0,    0,    0,    0,    0,    0,    0,    0,    0,    0,    0,    0,
       0,    0,    0,   -7,    0,    0,    0,  -13,    0,  -13,  -17,    0,    0,    0,    0,    0,    0,    0,    0,    0,    0,  -10,  -25,    0,  -20,  -13,    0,   -3,    0,    0,    0,    0,    0,    0,   -3,    0,    0,  -13,    0,  -13,  -13,  -13,  -12,    0,   -3,   -3,   -7,   -7,  -13,   -7,  -13,  -13,  -10,  -17,  -13,  -10,  -17,  -10,    0,    0,    0,    0,    0,    0,    0,  -25,  -25,    0,    0,    0,  -13,  -13,  -13,  -13,  -13,  -13,  -13,  -13,   -3,   -3,   -3,  -13,   -7,  -13,  -13,  -10,  -17,    0,  -13,  -13,  -13,  -12,  -12,   -3,   -3,   -3,   -7,   -3,    0,   -7,   -7,  -13,  -13,  -13,    0,    0,    0,  -13,  -10,  -10,  -13,  -25,   -3,  -13,  -13,  -13,   -3,   -3,  -13,   -7,    0,  -17,    0,    0,    0,    0,    0,  -13,    0,    0,
       0,    0,    0,  -17,    0,    0,    0,  -33,  -27,  -33,  -33,    0,    0,    0,    0,    0,    0,    0,  -13,    0,    0,  -30,  -37,  -17,  -37,  -10,  -17,  -13,    0,    0,    0,    0,    0,    0,    0,    0,    0,  -33,    0,  -32,  -32,  -20,  -33,    0,   -7,   -3,  -23,  -23,  -32,  -23,  -27,  -13,  -27,  -23,  -17,  -20,  -23,  -27,  -23,  -27,    0,    0,  -20,  -10,    0,  -37,  -37,    0,    0,    0,  -33,  -50,  -50,  -40,  -33,  -32,  -60,  -49,   -7,    3,   13,  -32,  -23,  -57,  -53,  -27,  -23,    0,  -50,  -53,  -32,  -33,  -33,    3,    7,   -3,  -23,    7,    0,  -23,  -23,  -27,  -43,  -47,    0,    0,    0,  -17,  -27,  -27,  -32,  -37,   -7,  -33,  -52,  -50,   17,   -3,  -32,  -23,    0,  -23,    0,    0,    0,    0,    0,  -33,  -23,  -10,
       0,    0,    0,    0,    0,    0,    0,    0,    0,    0,    0,    0,    0,    0,    0,    0,    0,    0,    0,    0,    0,    0,  -20,   23,  -13,    0,   23,    0,    0,    0,   -7,    0,    0,  -23,   -7,    0,    0,    0,    0,    0,    0,    0,    0,    0,    0,    0,    0,    0,    0,    0,    0,    0,    0,    0,    0,    2,    0,    2,    0,    0,    0,    0,    0,    0,    0,  -20,  -20,    0,    0,  -27,    0,    0,    0,    0,    0,    0,    0,    0,    0,    0,    0,    0,    0,    0,    0,    0,    0,    0,    0,    0,    0,    0,    0,    0,    0,    0,    0,    0,    0,    0,    0,    0,    0,    0,    0,    0,    0,    0,    2,    2,    0,  -20,    0,    0,    0,    0,    0,    0,    0,    0,  -27,    0,    0,  -13,    0,    0,  -13,    0,    0,    0,
       0,    0,    0,    0,    0,    0,    0,    0,    0,    0,    0,    0,    0,    0,    0,    0,    0,    0,    0,    0,    0,    0,    0,    0,    0,    0,    0,    0,    0,    0,    0,    0,    0,    0,    0,    0,    0,    0,    0,    0,    0,    0,    0,    0,    0,   -7,    0,    0,    0,    0,    0,   -7,   -3,  -20,  -10,   -3,  -20,    0,    0,    0,    0,    0,    0,    0,    0,    0,    0,    0,    0,    0,    0,    0,    0,    0,    0,    0,    0,    0,    0,    0,    0,    0,    0,    0,    0,   -3,  -20,    0,    0,    0,    0,    0,    0,    0,    0,    0,    0,   -7,    0,    0,    0,    0,    0,    0,    0,    0,    0,  -10,    0,    0,    0,    0,    0,    0,    0,    0,    0,    0,    0,    0,    0,  -20,    0,    0,    0,    0,    0,    0,    0,    0,
       0,  -13,    0,    0,    0,  -23,    0,    0,    0,    0,    0,    0,    0,    0,    0,    0,    0,    0,    0,    0,  -10,    0,    0,    0,    0,    0,    0,    0,  -24,    0,    0,    0,    0,    0,    0,  -27,    0,    0,  -10,   -2,   -2,    0,    0,    0,    0,   -5,   -3,   -3,   -2,   -7,   -3,  -10,   -8,  -27,  -24,    0,  -30,    0,    0,    0,    0,    0,    0,    0,    0,    0,    0,    0,    0,    0,    0,    0,    0,    0,    0,   -2,   -2,   -2,    0,    0,    0,   -2,   -3,   -2,   -2,   -8,  -30,    0,    0,    0,   -2,    0,    0,    0,    0,    0,   -3,   -5,    0,   -3,   -3,   -3,   -3,   -3,  -24,  -24,    0,  -24,    0,    0,   -2,    0,    0,    0,    0,   -2,    0,    0,   -2,   -3,    0,  -30,  -25,  -13,    0,  -25,  -13,    0,    0,    0,
       0,  -13,    0,    0,    0,  -23,    0,    0,    0,    0,    0,    0,    0,    0,    0,    0,    0,    0,    0,    0,  -10,    0,    0,    0,    0,    0,    0,    0,  -24,    0,    0,    0,    0,    0,    0,  -27,    0,    0,  -10,   -2,   -2,    0,    0,    0,    0,   -5,   -3,   -3,   -2,   -7,   -3,  -10,   -8,  -25,  -24,    0,  -30,    0,    0,    0,    0,    0,    0,    0,    0,    0,    0,    0,    0,    0,    0,    0,    0,    0,    0,   -2,   -2,   -2,    0,    0,    0,   -2,   -3,   -2,   -2,   -8,  -30,    0,    0,    0,   -2,    0,    0,    0,    0,    0,   -3,   -5,    0,   -3,   -3,   -3,   -3,   -3,  -24,  -24,    0,  -24,    0,    0,   -2,    0,    0,    0,    0,   -2,    0,    0,   -2,   -3,    0,  -30,  -25,  -13,    0,  -25,  -13,    0,    0,    0,
       0,  -10,    0,    0,    0,  -13,    0,   -3,    0,   -3,    0,    0,    0,    0,    0,    0,    0,    0,    0,    0,   -8,    0,    0,    0,    0,    0,    0,    0,  -17,    0,    0,    0,    0,    0,    0,  -20,    0,    0,  -10,    0,    0,    0,    0,   -5,    0,    0,   -3,   -3,    0,   -7,   -5,   -5,   -2,  -12,   -3,   -2,  -12,   -2,    0,    0,    0,    0,    0,    0,    0,    0,    0,    0,    0,    0,    0,    0,    0,    0,    0,    0,    0,    0,    0,    0,    0,    0,   -3,    0,    0,   -2,  -12,   -5,    0,    0,    0,    0,    0,    0,    0,    0,   -3,    0,   -5,   -3,   -3,   -5,   -5,   -5,  -17,  -17,    0,   -3,   -2,   -2,    0,    0,    0,    0,    0,    0,    0,    0,    0,   -3,    0,   -7,  -13,  -10,    0,  -13,  -10,   -3,    0,    0,
       0,  -10,    0,    0,    0,  -13,    0,    0,    0,    0,    0,    0,    0,    0,    0,    0,    0,    0,    0,    0,   -7,    0,    0,    0,    0,    0,    0,    0,  -20,  -10,  -13,  -13,    0,  -20,    0,  -13,    0,    0,   -7,    0,    0,    0,    0,    0,    0,    0,    0,    0,    0,    0,    0,  -10,    0,  -10,   -7,    0,  -10,    0,    0,    0,    0,    0,    0,    0,    0,    0,    0,    0,  -10,  -20,    0,    0,    0,    0,    0,    0,    0,    0,    0,    0,    0,    0,    0,    0,    0,    0,  -10,    0,    0,    0,    0,    0,    0,    0,    0,    0,    0,    0,    0,    0,    0,    0,    0,    0,  -20,  -20,  -13,   -7,    0,    0,    0,    0,    0,    0,    0,    0,    0,    0,    0,    0,  -20,  -10,  -23,  -17,    0,  -23,  -17,    0,    0,    0,
       0,   -7,    0,    0,    0,    0,    0,  -10,    0,  -10,   -3,    0,    0,    0,    0,    0,    0,    0,    0,    0,    0,    0,  -10,    0,   -9,  -15,    0,    0,  -17,    0,  -12,   -7,   -5,  -17,   -7,  -13,    0,    0,    0,    0,    0,   -3,    0,    0,    0,    0,    0,    0,    0,    0,    0,    0,    0,   -3,    0,   -2,   -3,    0,    0,    0,    0,    0,    0,    0,    0,  -27,  -30,    0,    0,  -17,    0,    0,    0,    0,    0,    0,    0,    0,    0,    0,    0,    0,    0,    0,    0,    0,   -3,    0,    0,    0,    0,    0,    0,    0,    0,    0,    0,    0,    0,    0,    0,    0,    0,    0,  -17,  -17,   -7,    0,    0,    0,    0,  -10,    0,    0,    0,    0,    0,    0,    0,    0,  -17,   -3,   -3,  -13,    0,   -3,  -13,  -10,    0,    0,
       0,    0,    0,    0,    0,    0,  -21,  -66,  -48,  -48,  -27,    0,    0,    0,    0,    0,    0,    0,  -48,  -21,   -7,    0,    0,    0,    0,    0,    0,    0,    0,    0,    0,    0,    0,    0,    0,    0,    0,  -27,    0,  -27,  -27,    0,  -27,    0,    0,  -10,  -28,  -50,  -27,  -50,  -27,  -20,  -48,  -52,  -26,  -21,  -52,  -23,  -48,  -66,    0,    0,  -21,  -48,    0,    0,    0,    0,    0,    0,  -56,  -56,  -27,  -56,  -27,  -27,  -27,  -27,    0,    0,    0,  -27,  -61,  -27,  -27,  -53,  -52,    0,  -27,  -56,  -27,  -27,  -27,    0,    0,    0,  -28,  -10,    0,  -61,  -28,  -27,  -27,  -27,    0,    0,    0,  -44,  -23,  -23,  -66,    0,    0,  -56,  -27,  -27,    0,    0,  -27,  -28,    0,  -52,  -20,  -27,    0,  -20,  -18,  -27,  -48,  -41,
       0,  -70,    0,    0,    0,  -33,    0,    0,    0,    0,    0,    0,    0,    0,    0,    0,    0,    0,    0,    0,  -17,    0,    0,   -5,   -3,  -12,   -5,   -3,  -52,  -17,  -36,  -33,    0,  -40,   -7,  -30,    0,    0,   -5,    0,    0,    0,    0,   -7,    0,    0,    0,    0,    0,   -2,    0,  -10,   -7,  -22,  -17,    0,  -22,    0,    0,    0,    0,    0,   -7,    0,    0,    0,    0,    0,  -17,  -40,    0,    0,    0,    0,    0,    0,    0,    0,    0,    0,    0,    0,    0,    0,    0,   -7,  -22,  -13,    0,    0,    0,    0,    0,    0,    0,    0,    0,    0,   -7,    0,    0,    0,    0,    0,  -52,  -52,  -33,  -17,    0,    0,    0,    0,    0,    0,    0,    0,    0,    0,    0,    0,  -40,  -22,  -67,  -60,    0,  -67,  -60,    0,    0,    0,
       0,    0,    0,    0,    0,    0,  -19,  -62,  -45,  -45,  -27,    0,    0,    0,    0,    0,    0,    0,  -45,  -19,   -7,    0,    0,    0,    0,    0,    0,    0,    0,    0,    0,    0,    0,    0,    0,    0,    0,  -45,    0,  -45,  -45,    0,  -45,    0,    0,  -10,  -47,  -47,  -45,  -47,  -27,  -20,  -49,  -51,  -22,  -12,  -46,  -23,  -27,  -62,    0,    0,  -19,  -39,    0,    0,    0,    0,    0,    0,  -58,  -58,  -58,  -58,  -58,  -62,  -62,  -62,    0,    0,    0,  -62,  -57,  -62,  -62,  -52,  -52,    0,  -58,  -58,  -62,  -62,  -62,    0,    0,    0,  -57,  -10,    0,  -57,  -57,  -62,  -62,  -62,    0,    0,    0,  -45,  -45,  -45,  -62,    0,    0,  -58,  -58,  -62,    0,    0,  -62,  -57,    0,  -52,  -20,  -24,    0,  -20,  -17,  -62,  -45,  -35,
       0,    0,    0,    0,    0,    0,    0,    0,    0,    0,    0,    0,    0,    0,    0,    0,    0,    0,    0,    0,   -7,    0,    0,    0,    0,    0,    0,    0,    0,    0,    0,    0,    0,    0,    0,    0,    0,    0,    0,   -7,   -7,    0,    0,    0,    0,  -10,   -2,   -2,   -5,   -3,    0,   -3,   -5,  -11,   -5,    0,  -11,    0,    0,    0,    0,    0,    0,    0,    0,    0,    0,    0,    0,    0,    0,    0,    0,    0,    0,   -7,   -7,   -7,    0,    0,    0,   -7,   -2,   -7,   -7,   -5,  -11,    0,    0,    0,   -7,    0,    0,    0,    0,    0,   -2,  -10,    0,   -2,   -2,    0,    0,    0,    0,    0,    0,   -5,    0,    0,   -7,    0,    0,    0,    0,   -7,    0,    0,   -7,   -2,    0,  -11,    0,  -16,    0,    0,  -16,    0,    0,    0,
       0,    0,    0,  -17,    0,    0,    0,  -33,  -23,  -33,  -27,    0,    0,    0,    0,    0,    0,    0,   -7,    0,    0,  -20,  -33,   -3,  -33,  -12,   -3,   -7,    0,    0,    0,    0,    0,    0,   -3,    0,    0,  -23,    0,  -23,  -23,   -7,  -23,   -3,   -3,    0,   -8,   -8,  -23,   -8,  -17,   -7,   -7,   -3,    0,    0,   -3,   -7,  -17,  -23,    0,    0,  -13,    0,    0,  -33,  -33,    0,    0,    0,  -23,  -23,  -23,  -38,  -23,  -23,  -23,  -23,   -3,    3,    2,  -23,   -8,  -23,  -23,   -7,   -3,   -3,  -23,  -23,  -23,  -23,  -23,   -3,   -3,   -3,   -8,    3,   -3,   -8,   -8,  -17,  -17,  -17,    0,    0,    0,    0,   -7,   -7,  -23,  -33,   -3,  -23,  -23,  -23,   -3,   -3,  -23,   -8,    0,   -3,    0,    0,    0,    0,    0,  -33,  -17,    0,
       0,    0,    0,    0,    0,    0,   -7,   -7,   -7,   -7,    0,    0,    0,    0,    0,    0,    0,    0,   -7,   -7,   -7,    0,    0,    0,    0,    0,    0,    0,    0,    0,    0,    0,    0,    0,    0,    0,    0,   -3,    0,   -2,   -2,    0,    0,    0,    0,    0,   -7,   -7,   -2,   -7,   -7,    0,   -3,   -2,   -7,   -4,   -2,    0,  -17,   -7,    0,    0,   -7,    0,    0,    0,    0,    0,    0,    0,   -3,   -3,   -3,   -3,   -3,   -2,   -2,   -2,    0,    0,    0,  -10,   -7,   -2,   -2,   -3,   -2,    0,   -3,   -3,   -2,    0,    0,    0,    0,    0,   -7,    0,    0,  -14,  -14,   -7,   -7,   -7,    0,    0,    0,  -14,    0,    0,  -10,    0,    0,  -10,   -3,   -2,    0,    0,   -2,   -7,    0,   -2,    0,   -7,    0,    0,   -7,   -7,  -17,    0,
       0,    0,    0,  -13,    0,    0,    0,  -27,  -13,  -27,  -23,    0,    0,    0,    0,    0,    0,    0,   -3,    0,    0,  -23,  -37,   -7,  -33,  -10,   -7,   -7,    0,    0,    0,    0,    0,    0,    0,    0,    0,  -23,    0,  -30,  -30,  -17,  -27,    0,   -7,    0,  -17,  -17,  -30,  -17,  -24,  -13,  -13,  -13,  -10,  -10,  -13,  -17,  -13,  -13,    0,    0,   -7,   -3,    0,  -37,  -37,    0,    0,    0,  -23,  -37,  -30,  -23,  -23,  -30,  -53,  -43,  -12,    7,   20,  -30,  -17,  -30,  -50,  -13,  -13,    0,  -23,  -33,  -30,  -27,  -27,   14,    3,   -2,  -17,   13,    0,  -17,  -17,  -24,  -24,  -24,    0,    0,    0,  -10,  -17,  -17,  -30,  -37,  -10,  -23,  -23,  -30,   -7,   -5,  -30,  -17,    0,  -13,    0,    0,    0,    0,    0,  -27,  -13,   -3,
       0,    0,    0,   -7,    0,    0,    0,  -38,  -13,  -38,  -23,    0,    0,    0,    0,    0,    0,    0,  -13,    0,    0,  -13,  -28,  -13,  -27,  -13,  -13,    0,    0,    0,    3,    0,    7,    3,    0,    0,    0,  -13,    0,  -20,  -20,  -10,  -18,    0,    0,    0,  -12,  -12,  -20,  -12,  -18,  -10,  -10,  -10,   -7,   -7,  -10,  -13,  -22,  -13,    0,    0,    0,  -10,    0,  -28,  -40,    0,    0,    3,  -13,  -13,  -13,  -13,  -13,  -20,  -20,  -20,    0,    0,    0,  -20,  -12,  -20,  -20,  -10,  -10,    0,  -13,  -13,  -20,  -18,  -18,    0,    0,    0,  -12,    0,    0,  -12,  -12,  -18,  -18,  -18,    0,    0,    0,   -7,  -13,  -13,  -20,  -28,    0,  -13,  -13,  -20,    0,    0,  -20,  -12,    3,  -10,    0,    0,    0,    0,    0,  -38,  -22,  -10,
       0,    0,    0,    0,    0,    0,    0,  -22,   -8,  -22,  -13,    0,    0,    0,    0,    0,    0,    0,    0,    0,    0,    0,    0,    0,    0,    0,    0,    0,    0,    0,    0,    0,    0,    0,    0,    0,    0,   -5,    0,   -7,   -7,    0,    0,    0,    0,    0,   -3,   -3,   -7,   -7,   -5,    0,    0,    0,    0,    0,    0,    0,    0,   -8,    0,    0,    0,    0,    0,    0,    0,    0,    0,    0,   -5,   -5,   -5,   -5,   -5,   -7,   -7,   -7,    0,    0,    0,   -7,   -3,   -7,   -7,    0,    0,    0,   -5,   -5,   -7,    0,    0,    0,    0,    0,   -3,    0,    0,   -3,   -3,   -5,   -5,   -5,    0,    0,    0,    0,    0,    0,   -7,    0,    0,   -5,   -5,   -7,    0,    0,   -7,   -3,    0,    0,    0,    0,    0,    0,    0,  -22,    0,    0,
       0,    0,    0,  -13,    0,    0,    0,  -47,  -22,  -47,    0,    0,    0,    0,    0,    0,    0,    0,    0,    0,    0,  -20,  -42,   -7,  -33,  -13,   -7,   -3,    0,    0,    7,    7,    7,    7,    0,    0,    0,  -30,    0,  -33,  -33,  -15,  -33,    0,   -5,   -2,  -23,  -23,  -33,  -23,  -30,  -13,  -17,  -15,  -10,  -13,  -15,  -20,  -37,  -22,    0,    0,    0,  -13,    0,  -42,    0,    0,    0,    7,  -30,  -30,  -30,  -30,  -30,  -33,  -33,  -33,   -5,   -5,   -5,  -33,  -23,  -33,  -33,  -17,  -15,    0,  -30,  -30,  -33,  -33,  -33,   -5,   -5,   -5,  -23,   -2,    0,  -23,  -23,  -30,  -30,  -30,    0,    0,    7,  -10,  -20,  -20,  -33,  -42,   -5,  -30,  -30,  -33,   -5,   -5,  -33,  -23,    7,  -15,    0,    0,    0,    0,    0,  -47,  -37,  -13,
       0,    0,    0,   -7,    0,    0,    0,  -27,  -13,  -27,   -7,    0,    0,    0,    0,    0,    0,    0,   -7,    0,    0,  -12,    0,    0,    0,    0,    0,    0,    0,    0,    0,    0,    0,    0,    0,    0,    0,    0,    0,  -10,  -10,    0,    0,    0,    0,    0,    0,    0,  -10,    0,   -7,    0,    0,    0,    0,    0,    0,    0,  -13,  -13,    0,    0,    0,    0,    0,    0,    0,    0,    0,    0,    0,    0,    0,    0,    0,  -10,  -10,  -10,    0,    0,    0,  -10,    0,  -10,  -10,    0,    0,    0,    0,    0,  -10,    0,    0,    0,    0,    0,    0,    0,    0,    0,    0,   -7,   -7,   -7,    0,    0,    0,    0,    0,    0,  -10,    0,    0,    0,    0,  -10,    0,    0,  -10,    0,    0,    0,    0,    0,    0,    0,    0,  -27,  -13,    0,
       0,    0,    0,   -7,    0,    0,    0,  -38,  -13,  -38,  -23,    0,    0,    0,    0,    0,    0,    0,  -13,    0,    0,  -13,  -28,  -13,  -27,   -7,  -13,    0,    0,    0,    3,    0,    7,    3,    0,    0,    0,  -13,    0,  -20,  -20,  -10,  -18,    0,    0,    0,  -12,  -12,  -20,  -12,  -18,  -10,  -10,  -10,   -7,   -7,  -10,  -13,  -22,  -13,    0,    0,    0,  -10,    0,  -28,  -20,    0,    0,    3,  -13,  -13,  -13,  -13,  -13,  -20,  -20,  -20,    0,    0,    0,  -20,  -12,  -20,  -20,  -10,  -10,    0,  -13,  -13,  -20,  -18,  -18,    0,    0,    0,  -12,    0,    0,  -12,  -12,  -18,  -18,  -18,    0,    0,    0,   -7,  -13,  -13,  -20,  -28,    0,  -13,  -13,  -20,    0,    0,  -20,  -12,    3,  -10,    0,    0,    0,    0,    0,  -38,  -22,  -10,
       0,    0,    0,    0,    0,    0,    0,  -22,   -8,  -22,  -13,    0,    0,    0,    0,    0,    0,    0,    0,    0,    0,    0,    0,    0,    0,    0,    0,    0,    0,    0,    0,    0,    0,    0,    0,    0,    0,   -5,    0,   -7,   -7,    0,    0,    0,    0,    0,   -3,   -3,   -7,   -3,   -5,    0,    0,    0,    0,    0,    0,    0,    0,   -8,    0,    0,    0,    0,    0,    0,    0,    0,    0,    0,   -5,   -5,   -5,   -5,   -5,   -7,   -7,   -7,    0,    0,    0,   -7,   -3,   -7,   -7,    0,    0,    0,   -5,   -5,   -7,    0,    0,    0,    0,    0,   -3,    0,    0,   -3,   -3,   -5,   -5,   -5,    0,    0,    0,    0,    0,    0,   -7,    0,    0,   -5,   -5,   -7,    0,    0,   -7,   -3,    0,    0,    0,    0,    0,    0,    0,  -22,    0,    0,
       0,    0,    0,  -13,    0,    0,    0,  -47,  -22,  -47,    0,    0,    0,    0,    0,    0,    0,    0,    0,    0,    0,  -20,  -42,   -7,  -33,   -7,   -7,   -3,    0,    0,    7,    7,    7,    7,    0,    0,    0,  -30,    0,  -33,  -33,  -15,  -33,    0,   -5,   -2,  -23,  -23,  -33,  -23,  -30,  -13,  -17,  -15,  -10,  -13,  -15,  -20,  -37,  -22,    0,    0,    0,  -13,    0,  -42,    0,    0,    0,    7,  -30,  -30,  -30,  -30,  -30,  -33,  -33,  -33,   -5,   -5,   -5,  -33,  -23,  -33,  -33,  -17,  -15,    0,  -30,  -30,  -33,  -33,  -33,   -5,   -5,   -5,  -23,   -2,    0,  -23,  -23,  -30,  -30,  -30,    0,    0,    7,  -10,  -20,  -20,  -33,  -42,   -5,  -30,  -30,  -33,   -5,   -5,  -33,  -23,    7,  -15,    0,    0,    0,    0,    0,  -47,  -37,  -13,
       0,    0,    0,  -17,    0,    0,    0,  -33,  -27,  -33,  -33,    0,    0,    0,    0,    0,    0,    0,  -13,    0,    0,  -30,  -37,  -17,  -37,  -10,  -17,  -13,    0,    0,    0,    0,    0,    0,    0,    0,    0,  -33,    0,  -32,  -32,  -20,  -33,    0,   -7,   -3,  -23,  -23,  -32,  -23,  -27,  -13,  -27,  -23,  -17,  -20,  -23,  -27,  -23,  -27,    0,    0,  -20,  -10,    0,  -37,  -37,    0,    0,    0,  -33,  -50,  -50,  -40,  -33,  -32,  -60,  -49,   -7,   -3,    7,  -32,  -23,  -57,  -53,  -27,  -23,    0,  -50,  -53,  -32,  -33,  -33,    3,    7,   -3,  -23,    7,    0,  -23,  -23,  -27,  -43,  -47,    0,    0,    0,  -17,  -27,  -27,  -32,  -37,   -7,  -33,  -52,  -50,   17,   -3,  -32,  -23,    0,  -23,    0,    0,    0,    0,    0,  -33,  -23,  -10,
       0,    0,    0,    0,    0,    0,    0,  -33,    0,  -33,    0,    0,    0,    0,  -15,    0,    0,    0,    0,    0,    0,    0,  -40,   -7,  -33,  -13,   -7,    0,    0,    0,    0,    0,    0,    0,    0,    0,    0,   -7,    0,  -17,  -17,  -20,  -10,   -3,    0,    0,   -7,   -7,  -17,   -7,  -17,  -10,    0,    0,    0,    0,    0,    0,    0,    0,    0,    0,    0,    0,  -40,  -40,  -77,    0,    0,    0,   -7,   -7,   -7,   -7,   -7,  -17,  -17,  -17,    0,    0,   13,  -17,   -7,  -17,  -17,    0,    0,   -3,   -7,   -7,  -17,  -10,  -10,    0,    0,    0,   -7,    0,   -3,   -7,   -7,  -17,  -17,  -17,    0,    0,    0,    0,    0,    0,  -17,  -40,    0,   -7,   -7,  -17,    7,    0,  -17,   -7,    0,    0,    0,    0,    0,    0,    0,  -33,    0,    0,
       0,    0,    0,    0,    0,    0,    0,  -33,    0,  -33,    0,    0,    0,    0,  -17,   -7,   -8,    0,    0,    0,    0,    0,  -33,  -17,  -33,    0,  -17,   -7,    0,    0,    0,    0,    0,    0,   -7,    0,    0,  -32,    0,  -40,  -40,  -30,  -27,  -15,    0,    0,   -7,   -7,  -40,   -7,  -27,  -20,  -17,  -13,  -10,   -7,  -13,    0,    0,    0,    0,    0,    0,    0,  -47,  -33,  -33,    0,    0,    0,  -32,  -32,  -32,  -32,  -32,  -40,  -40,  -40,    0,    0,    0,  -40,   -7,  -40,  -40,  -17,  -13,  -15,  -32,  -32,  -40,  -27,  -27,    0,    0,    0,   -7,    0,  -15,   -7,   -7,  -27,  -27,  -27,    0,    0,    0,  -10,    0,    0,  -40,  -33,    0,  -32,  -32,  -40,    0,    0,  -40,   -7,    0,  -13,    0,    0,    0,    0,    0,  -33,    0,    0,
       0,    0,    0,    0,    0,    0,    0,    0,    0,    0,    0,    0,    0,    0,    0,    0,    0,  -20,    0,    0,  -13,    0,    0,  -10,    0,    0,  -10,    0,  -37,  -17,  -33,  -30,    0,  -40,    0,    0,    0,    0,  -17,   -7,   -7,    0,    0,    0,    0,    0,    0,    0,   -7,    0,    0,  -17,  -17,  -33,  -30,    0,  -33,    0,    0,    0,    0,    0,    0,    0,    0,    0,    0,    0,  -17,  -40,    0,    0,    0,    0,    0,   -7,   -7,   -7,    0,    0,    0,   -7,    0,   -7,   -7,  -17,  -33,    0,    0,    0,   -7,    0,    0,    0,    0,    0,    0,    0,    0,    0,    0,    0,    0,    0,  -37,  -37,  -30,  -30,    0,    0,   -7,    0,    0,    0,    0,   -7,    0,    0,   -7,    0,  -40,  -33,    0,    0,    0,    0,    0,    0,    0,    0,
       0,    0,    0,    0,    0,    0,    0,    0,    0,    0,    0,    0,    0,    0,    0,    0,    0,    0,    0,    0,    0,    0,    0,    0,    0,    0,    0,    0,    0,    0,    0,    0,    0,    0,    0,    0,    0,    0,    0,    0,    0,    0,    0,    0,    0,   -3,   -3,   -3,    0,   -3,    0,   -3,   -3,  -10,   -5,    0,  -10,    0,    0,    0,    0,    0,    0,    0,    0,    0,    0,    0,    0,    0,    0,    0,    0,    0,    0,    0,    0,    0,    0,    0,    0,    0,   -3,    0,    0,   -3,  -10,    0,    0,    0,    0,    0,    0,    0,    0,    0,   -3,   -3,    0,   -3,   -3,    0,    0,    0,    0,    0,    0,   -5,    0,    0,    0,    0,    0,    0,    0,    0,    0,    0,    0,   -3,    0,  -10,    0,    0,    0,    0,    0,    0,    0,    0,
};

static const EpdLigaturePair literata_10_regularLigaturePairs[] = {
    { 0x00660069, 0xFB01 }, // f i -> U+FB01
    { 0x0066006C, 0xFB02 }, // f l -> U+FB02
};

static const EpdFontData literata_10_regular = {
    literata_10_regularBitmaps,
    literata_10_regularGlyphs,
    literata_10_regularIntervals,
    40,
    31,
    25,
    -7,
    true,
    literata_10_regularGroups,
    9,
    nullptr,
    literata_10_regularKernLeftClasses,
    literata_10_regularKernRightClasses,
    literata_10_regularKernMatrix,
    439,
    377,
    101,
    130,
    literata_10_regularLigaturePairs,
    2,
};
