/**
 * generated by fontconvert.py
 * name: literata_18_italic
 * size: 18
 * mode: 2-bit  compressed: true
 * Command used: fontconvert.py literata_18_italic 18 ..\builtinFonts\source\Literata\Literata-Italic.ttf --2bit --compress --pnum
 */
#pragma once
#include "EpdFontData.h"

static const uint8_t literata_18_italicBitmaps[25985] = {
    0xA5, 0x5A, 0x4D, 0x8C, 0xE5, 0x56, 0x56, 0xBE, 0xB6, 0xBB, 0xDA, 0x24, 0x96, 0x70, 0x0B, 0xA5,
    0x61, 0xD1, 0x51, 0x9B, 0xC5, 0x2C, 0x10, 0xA4, 0xDB, 0x2C, 0x22, 0xC1, 0xA2, 0xAA, 0xEC, 0x21,
    0x48, 0x59, 0x44, 0x28, 0x2D, 0x94, 0x82, 0x05, 0x42, 0xB0, 0x44, 0x62, 0xD1, 0x9B, 0x59, 0xB4,
    0x46, 0xD5, 0x6D, 0xA3, 0x59, 0x64, 0x49, 0x6F, 0x98, 0x2D, 0x2C, 0xD1, 0x6C, 0x12, 0x41, 0x16,
    0x41, 0x54, 0x97, 0x1D, 0x36, 0xB3, 0x60, 0xD1, 0x1E, 0x40, 0x62, 0x11, 0xA1, 0x3C, 0x31, 0xE1,
    0x47, 0x13, 0x89, 0x76, 0x32, 0x8E, 0xE2, 0x4E, 0xD9, 0xCF, 0x7C, 0xDF, 0x77, 0xEC, 0x57, 0xEF,
    0x55, 0xAA, 0x92, 0x41, 0x54, 0xB9, 0xCE, 0x75, 0xBD, 0x67, 0xDF, 0x7B, 0xEE, 0xF9, 0xFF, 0xB9,
    0xEE, 0x5E, 0x30, 0x84, 0x43, 0xD8, 0x87, 0x5D, 0xD8, 0xE2, 0x77, 0x85, 0xDF, 0x26, 0xAC, 0x37,
    0xBF, 0xA5, 0x7E, 0xF3, 0x30, 0xF7, 0x1D, 0x7F, 0xF6, 0xF2, 0x74, 0x95, 0xB5, 0xF8, 0x5D, 0xED,
    0xB9, 0xC4, 0x6B, 0xB3, 0xD7, 0xBA, 0xEC, 0xF5, 0x36, 0x0B, 0x70, 0xAD, 0x0E, 0x83, 0xE6, 0x4E,
    0x50, 0xBF, 0x12, 0xD4, 0x2F, 0xFB, 0xB5, 0x73, 0x0F, 0xDC, 0x6D, 0x3C, 0xFE, 0x9E, 0xBB, 0x03,
    0xD8, 0xBA, 0xFD, 0x05, 0x7A, 0xAD, 0x3B, 0x76, 0xC1, 0x84, 0x9F, 0x31, 0x24, 0x1C, 0x5C, 0x50,
    0xE3, 0x29, 0xC2, 0x76, 0x81, 0x61, 0x89, 0xA7, 0x5C, 0x94, 0x7B, 0x2B, 0x42, 0xBF, 0x71, 0x2E,
    0xCE, 0x83, 0xC6, 0xA5, 0x7C, 0xBE, 0xCD, 0x04, 0x31, 0x79, 0x58, 0x3A, 0x4C, 0x1E, 0xE5, 0x0E,
    0xD3, 0xC6, 0x06, 0xB1, 0xC8, 0xB1, 0xA0, 0x7B, 0x89, 0xE0, 0x37, 0x37, 0xE0, 0x21, 0xBE, 0x4F,
    0xA6, 0xCE, 0xB9, 0x6A, 0x9A, 0x9C, 0xDF, 0xBF, 0x9A, 0x95, 0xE1, 0xEA, 0xD5, 0xB4, 0x8E, 0xEB,
    0x57, 0x33, 0x82, 0x82, 0x20, 0xCD, 0x01, 0xB0, 0x54, 0xFB, 0x1D, 0xAC, 0x3A, 0x00, 0x04, 0xD3,
    0xBB, 0xC0, 0x97, 0x6F, 0xB9, 0x62, 0x0D, 0x10, 0x4D, 0x0D, 0xFF, 0xEF, 0x97, 0xFF, 0xFF, 0x66,
    0xC2, 0xAC, 0xEF, 0x16, 0xD8, 0xEB, 0xBB, 0x29, 0x41, 0x5C, 0xA7, 0x35, 0x40, 0x06, 0x50, 0x16,
    0xF5, 0xBB, 0x69, 0x9E, 0x95, 0x6D, 0xE1, 0xB2, 0xE6, 0xB3, 0xC1, 0xC5, 0x44, 0xD9, 0x9F, 0x26,
    0xA0, 0xBC, 0xD7, 0x12, 0xA1, 0xD5, 0x02, 0xEE, 0xE3, 0xA3, 0x13, 0xAE, 0xD5, 0x3B, 0x0F, 0x2B,
    0xC5, 0xCD, 0xE8, 0x02, 0x7C, 0x9E, 0xE4, 0x99, 0x0B, 0x31, 0x69, 0x86, 0xDF, 0xB8, 0xE4, 0x98,
    0xE2, 0xD7, 0xB9, 0x43, 0xC0, 0x87, 0xCE, 0xFE, 0xEF, 0x35, 0x66, 0x3E, 0x27, 0x4C, 0xF3, 0x47,
    0xA0, 0x10, 0xDE, 0xFF, 0xD1, 0x10, 0xE3, 0x35, 0x17, 0x4E, 0x5D, 0xE2, 0xEE, 0x3F, 0xC6, 0x86,
    0xCB, 0xC3, 0x40, 0x28, 0xBB, 0x93, 0xB8, 0x79, 0x82, 0xC1, 0xEB, 0x38, 0x37, 0x56, 0x5C, 0x65,
    0x9A, 0x31, 0xAA, 0x31, 0xE6, 0x24, 0x71, 0x86, 0x55, 0x6D, 0xC5, 0x54, 0x84, 0x4C, 0x1D, 0x9F,
    0xEB, 0x5D, 0x52, 0x9F, 0x3A, 0x87, 0x55, 0xE2, 0xB3, 0x01, 0x13, 0x37, 0xD8, 0x07, 0x10, 0xBC,
    0x8E, 0x47, 0x6F, 0x4A, 0x20, 0xDE, 0x22, 0xB4, 0xBD, 0xB9, 0x74, 0x3D, 0x11, 0x9B, 0x29, 0x8F,
    0xB0, 0x64, 0x30, 0xF0, 0x72, 0x51, 0xAB, 0x21, 0x5E, 0x39, 0x7E, 0x98, 0x34, 0x2E, 0xC4, 0xEB,
    0x24, 0x98, 0xDB, 0x0C, 0x49, 0xA3, 0x2D, 0xC4, 0x2B, 0x7D, 0xC4, 0xC7, 0xF0, 0x91, 0x3F, 0x7D,
    0xBF, 0xC4, 0xDA, 0x60, 0x7B, 0x9D, 0x4D, 0xB5, 0x8B, 0x9E, 0xBB, 0x0A, 0x54, 0x3F, 0x25, 0x66,
    0x2E, 0xE8, 0x48, 0x0A, 0x50, 0x8B, 0xF8, 0x6A, 0x16, 0xA0, 0x9C, 0x95, 0x36, 0x68, 0x13, 0xFA,
    0x8F, 0x43, 0xAD, 0x77, 0x32, 0xA0, 0x4D, 0x24, 0x3A, 0x97, 0x50, 0xC0, 0xA6, 0x4F, 0x84, 0x6E,
    0x65, 0x94, 0xF1, 0x8E, 0x84, 0x04, 0xDE, 0xC4, 0x2F, 0x5E, 0x3A, 0x84, 0x5C, 0xBD, 0xE2, 0x5E,
    0xC6, 0x67, 0x25, 0x25, 0x32, 0x02, 0x1A, 0x5A, 0xEE, 0x84, 0xD4, 0x00, 0x21, 0x82, 0xD6, 0x45,
    0x2B, 0x07, 0x3A, 0x13, 0xBB, 0x92, 0x0B, 0xE2, 0x2A, 0x30, 0x9D, 0xAE, 0x49, 0xD7, 0x5A, 0xB0,
    0x5A, 0xAE, 0xC2, 0xCD, 0x8F, 0xA5, 0xDA, 0x13, 0xDE, 0x8D, 0x1A, 0x32, 0x1A, 0x53, 0x91, 0xED,
    0x03, 0xC5, 0xD7, 0xDD, 0x75, 0xEE, 0x05, 0x07, 0x35, 0xC3, 0x82, 0x60, 0xA6, 0xBF, 0xF9, 0xEA,
    0x89, 0xBD, 0xEF, 0xE6, 0x97, 0xF9, 0x7E, 0x43, 0x7A, 0x92, 0xA4, 0xED, 0x25, 0x57, 0xDC, 0xEA,
    0xDB, 0x66, 0x07, 0xC5, 0x42, 0xF3, 0x0C, 0x9C, 0x13, 0x8B, 0x62, 0x7E, 0xDB, 0xD6, 0x81, 0x73,
    0xDF, 0xA2, 0xDC, 0x38, 0xD1, 0x8E, 0x9F, 0xEC, 0xDF, 0x8E, 0xF2, 0xE2, 0x77, 0xD2, 0x32, 0xFD,
    0xB7, 0x29, 0xF7, 0xAA, 0xC6, 0x79, 0x55, 0xEE, 0xEE, 0xFF, 0x4F, 0xEF, 0xAA, 0x97, 0x0B, 0x77,
    0x7C, 0x07, 0x22, 0x72, 0xB8, 0x27, 0x6A, 0x48, 0xB3, 0x45, 0xBE, 0xC7, 0x4E, 0xF2, 0xE1, 0x38,
    0xB1, 0x93, 0xF8, 0x5E, 0x00, 0x47, 0xBF, 0xFF, 0xF9, 0x11, 0x55, 0x6F, 0x2A, 0xA9, 0xBC, 0xDA,
    0x9D, 0xBB, 0x1A, 0x84, 0x04, 0x1E, 0x45, 0xB2, 0x81, 0x9D, 0xE9, 0xB2, 0x3E, 0xEA, 0xFC, 0x36,
    0x58, 0x85, 0x75, 0x92, 0x3F, 0x74, 0xBF, 0x4E, 0xA1, 0x9F, 0x06, 0xBB, 0xF6, 0xF2, 0x6C, 0x55,
    0xB4, 0x55, 0x57, 0xC8, 0x1C, 0x71, 0x1B, 0xE5, 0xBC, 0x17, 0x6D, 0x86, 0x9B, 0x93, 0xB8, 0x38,
    0xF7, 0x3E, 0x41, 0xB7, 0xC1, 0x93, 0x88, 0x51, 0xBD, 0x48, 0x04, 0x27, 0xEB, 0xC1, 0x9D, 0xDB,
    0xB6, 0x64, 0xAB, 0xC8, 0x6B, 0x7B, 0xC1, 0x3B, 0xDF, 0x53, 0x23, 0x75, 0xD9, 0x79, 0xE1, 0xEE,
    0xEE, 0x32, 0xFD, 0xF2, 0x82, 0x2D, 0xD3, 0x2C, 0xCB, 0x5C, 0x86, 0x17, 0xF4, 0x27, 0xA7, 0xE2,
    0x8C, 0x8E, 0xE6, 0xA1, 0x74, 0x45, 0x9E, 0x36, 0x6E, 0x04, 0xFF, 0xFC, 0xDE, 0x05, 0x3D, 0x48,
    0xE9, 0x0F, 0x90, 0x32, 0x6F, 0xA4, 0x90, 0x8F, 0x60, 0xA3, 0x5B, 0xA7, 0x0B, 0x98, 0x28, 0xDC,
    0x17, 0xC0, 0x7A, 0x03, 0x46, 0x00, 0x6F, 0x80, 0xE0, 0x7B, 0x03, 0x1E, 0xF6, 0x7B, 0xBC, 0x1B,
    0x74, 0x98, 0x25, 0x6C, 0x29, 0x18, 0x4D, 0xD8, 0x43, 0x22, 0xFC, 0xB5, 0x04, 0x13, 0xE6, 0x17,
    0x76, 0x91, 0x68, 0x1E, 0x19, 0xCD, 0x6F, 0x41, 0xD3, 0xA8, 0x6D, 0xBF, 0xFA, 0x0E, 0x96, 0x49,
    0xAE, 0xF8, 0x4B, 0xCB, 0xAB, 0xFF, 0xA4, 0x7D, 0x57, 0xFD, 0xD1, 0x72, 0x42, 0x12, 0x61, 0x83,
    0x69, 0x87, 0xCD, 0x74, 0x54, 0xD8, 0x7A, 0x48, 0xF3, 0x98, 0x34, 0xE1, 0x80, 0x47, 0xBC, 0x35,
    0x45, 0x75, 0x72, 0x45, 0x09, 0x0C, 0x61, 0x5C, 0x0B, 0x5A, 0xA5, 0x82, 0xE4, 0xAA, 0x08, 0x26,
    0x02, 0x5A, 0x5F, 0xAA, 0xB3, 0x0B, 0xC9, 0xA1, 0xD9, 0x6C, 0x38, 0x67, 0x8F, 0x8D, 0xCE, 0xEC,
    0x83, 0xAC, 0x03, 0x4D, 0x5B, 0x0E, 0x03, 0xE0, 0xAF, 0x48, 0xD5, 0x06, 0x04, 0x8D, 0x1A, 0xA0,
    0x99, 0xD6, 0x40, 0x82, 0x76, 0x65, 0x01, 0x66, 0x03, 0x0A, 0x58, 0x36, 0x7F, 0xFD, 0xCE, 0x80,
    0x87, 0xBC, 0x89, 0x5B, 0x05, 0x4F, 0x40, 0x8F, 0x12, 0x36, 0x23, 0x2B, 0xB1, 0x4C, 0x56, 0x7A,
    0xB6, 0x93, 0x0B, 0x2B, 0x71, 0xF1, 0x88, 0xDE, 0x20, 0x96, 0x41, 0xB9, 0x3E, 0xE9, 0x11, 0x62,
    0x94, 0x12, 0x87, 0x64, 0xB5, 0x60, 0x99, 0x50, 0x4C, 0x93, 0x06, 0x0C, 0xCA, 0xEA, 0x0A, 0x2C,
    0x2F, 0x65, 0x2F, 0x8A, 0x9C, 0x3B, 0xFF, 0x49, 0x05, 0xE4, 0x26, 0x6E, 0xED, 0x28, 0x77, 0xE7,
    0x3F, 0xB7, 0x64, 0x22, 0x35, 0x99, 0x9B, 0x6A, 0x99, 0x5A, 0x19, 0xF8, 0x67, 0x92, 0xAB, 0xBF,
    0x24, 0xCC, 0xC8, 0x14, 0xF7, 0x84, 0xD0, 0xEB, 0x93, 0x92, 0x7A, 0x48, 0x18, 0xD5, 0x64, 0x48,
    0x52, 0xA6, 0xE6, 0x3F, 0x4A, 0x6A, 0x3F, 0xA0, 0xDF, 0x71, 0x0B, 0x90, 0x68, 0x40, 0x18, 0x08,
    0xDA, 0x24, 0x59, 0x26, 0x39, 0xD6, 0xDC, 0xA0, 0x31, 0xCA, 0x19, 0xCB, 0x76, 0x21, 0xAC, 0x01,
    0x9C, 0x20, 0xA5, 0xD6, 0xA7, 0xF7, 0x76, 0x54, 0x68, 0x8F, 0xEF, 0x18, 0xD8, 0x08, 0xBF, 0xBF,
    0x5A, 0xC0, 0x96, 0x7A, 0x13, 0xCF, 0xE0, 0x43, 0x50, 0x39, 0xE0, 0x0C, 0xFE, 0xC7, 0xFE, 0x16,
    0xA5, 0xEA, 0xC5, 0x11, 0xC4, 0x5B, 0xE4, 0xD2, 0x67, 0x7B, 0xFC, 0xB6, 0x10, 0xCD, 0x72, 0x48,
    0xC1, 0x44, 0x19, 0xA9, 0xE8, 0x4D, 0x40, 0xB3, 0x66, 0x87, 0x66, 0x7B, 0xF7, 0x88, 0xDC, 0x7A,
    0xD6, 0xA8, 0xAC, 0xC6, 0x7C, 0x6B, 0x4C, 0x05, 0xDE, 0x27, 0xAB, 0x10, 0x4C, 0x6C, 0x20, 0x13,
    0x51, 0x2E, 0x72, 0x91, 0x1E, 0xC6, 0xCB, 0xCC, 0x15, 0x2B, 0x57, 0x44, 0xD8, 0xCC, 0x69, 0xF6,
    0xFD, 0xC9, 0x9D, 0xF6, 0xD8, 0x3B, 0x50, 0xCC, 0xEA, 0x89, 0xE6, 0x76, 0xED, 0x66, 0xD0, 0xE8,
    0xEE, 0x94, 0xA0, 0x12, 0x42, 0xF4, 0x31, 0x32, 0xEA, 0x40, 0xBD, 0xC2, 0x2A, 0xDE, 0xE0, 0xC2,
    0xE7, 0xB7, 0x3A, 0x52, 0x87, 0x8A, 0xF2, 0xDC, 0x29, 0x62, 0xE9, 0x08, 0xFA, 0x4C, 0x20, 0x87,
    0x71, 0x38, 0x20, 0x55, 0xE8, 0xC2, 0x9A, 0x07, 0x64, 0xD1, 0x8D, 0xD9, 0x38, 0xA4, 0x1B, 0x0A,
    0xD3, 0x49, 0xD3, 0xEA, 0x43, 0x73, 0x17, 0x93, 0x1A, 0xB5, 0x1B, 0x71, 0x16, 0xBF, 0xCB, 0x45,
    0x02, 0xA9, 0x0D, 0x9E, 0xC4, 0x50, 0xDA, 0xC0, 0x17, 0x62, 0x0A, 0x24, 0x9D, 0x9C, 0xCB, 0x48,
    0xBD, 0x4C, 0x82, 0x43, 0xEA, 0x44, 0x94, 0xCD, 0xEA, 0x6C, 0xE2, 0x0B, 0x59, 0x8D, 0x79, 0xE3,
    0x3A, 0xA4, 0x3A, 0x44, 0xF4, 0xC8, 0xB1, 0xEE, 0xE0, 0x3D, 0x6A, 0xA8, 0x54, 0x5C, 0x07, 0x23,
    0x35, 0x71, 0xAA, 0x31, 0x75, 0x71, 0xD6, 0xCE, 0x36, 0x22, 0xE5, 0x04, 0x63, 0x32, 0x01, 0x27,
    0x7C, 0x05, 0x74, 0xB2, 0x15, 0xD0, 0x89, 0x5B, 0x6C, 0x2B, 0x9C, 0x81, 0xB3, 0xBB, 0xA8, 0x05,
    0x8A, 0xF1, 0x0A, 0xC2, 0x8F, 0x18, 0xAB, 0x03, 0x71, 0x82, 0xE9, 0xD9, 0x68, 0xEA, 0xE5, 0x3C,
    0xC5, 0x0B, 0xD4, 0xB6, 0x98, 0xFF, 0x16, 0x90, 0x03, 0x20, 0x34, 0x51, 0x91, 0xA4, 0x63, 0x09,
    0x62, 0x31, 0xBE, 0x5B, 0xDB, 0x2C, 0xE1, 0x06, 0x04, 0xF3, 0x1D, 0x97, 0xA4, 0x56, 0xB6, 0x49,
    0xE3, 0x9D, 0xB5, 0x71, 0x77, 0xEB, 0x9F, 0x5B, 0x48, 0xD3, 0xEB, 0xAD, 0xAB, 0x3A, 0x46, 0x16,
    0x74, 0xCD, 0x33, 0xB1, 0x14, 0x09, 0x25, 0xC6, 0xE7, 0x6B, 0xB4, 0x1F, 0x07, 0x30, 0x89, 0x60,
    0x7C, 0xD4, 0x81, 0x18, 0xD8, 0x91, 0x24, 0xC5, 0x64, 0x26, 0x4F, 0xDA, 0xAC, 0xCF, 0x86, 0xAC,
    0x4F, 0x5A, 0x6F, 0x5B, 0xFB, 0x2C, 0xE6, 0x85, 0xE0, 0x54, 0x2D, 0x7F, 0x33, 0xC8, 0xA2, 0x97,
    0xC7, 0x5D, 0x3A, 0xE0, 0xD9, 0xE1, 0xB2, 0x67, 0xB9, 0x60, 0xD6, 0x16, 0xF8, 0x4D, 0xDA, 0xA0,
    0x0D, 0x9A, 0xB8, 0x4C, 0xE1, 0x4B, 0xFE, 0x78, 0xEB, 0xFB, 0x48, 0xFA, 0x4C, 0x2D, 0x25, 0xE3,
    0x52, 0x92, 0x64, 0x5A, 0xF8, 0x06, 0x9B, 0x60, 0x5C, 0xCC, 0x9A, 0x45, 0x3A, 0x13, 0x79, 0xAD,
    0xB5, 0x5B, 0x3E, 0x0C, 0x47, 0x37, 0x3F, 0x68, 0xAF, 0xE8, 0x65, 0xF3, 0x43, 0xD7, 0x6C, 0x01,
    0x99, 0x36, 0x01, 0x77, 0xD5, 0x8F, 0x7C, 0xB1, 0x80, 0xFE, 0xFD, 0xF9, 0x4D, 0x10, 0x16, 0x0E,
    0x97, 0xCD, 0x9E, 0xAE, 0x36, 0x0B, 0x17, 0xE5, 0x2C, 0x80, 0x42, 0x89, 0xC8, 0x79, 0xD4, 0x61,
    0xC5, 0x6C, 0x55, 0x3D, 0x3F, 0x25, 0xC9, 0xDB, 0x42, 0x09, 0x24, 0x86, 0x52, 0xB8, 0x78, 0x3D,
    0x35, 0x59, 0x1E, 0xB5, 0x8F, 0xE0, 0xDF, 0x2A, 0xB0, 0x02, 0xCB, 0x0C, 0x98, 0x6F, 0x78, 0x81,
    0x6C, 0xB1, 0x58, 0x11, 0xF3, 0xA5, 0x2D, 0x25, 0x0F, 0xBB, 0xC0, 0x62, 0x9D, 0x11, 0xE1, 0x60,
    0x9E, 0x2E, 0x99, 0xBD, 0xE8, 0x8B, 0x3B, 0xCC, 0x31, 0xC2, 0x14, 0x2B, 0xFB, 0xE3, 0xBD, 0x62,
    0x81, 0xEB, 0xD3, 0x97, 0xF9, 0xBC, 0x57, 0xEE, 0x24, 0x5C, 0xBF, 0xF5, 0x07, 0xD3, 0x6C, 0x91,
    0xF9, 0xB7, 0x36, 0xE5, 0x92, 0x92, 0x41, 0xDD, 0x24, 0x3A, 0x08, 0xAD, 0xE3, 0xDA, 0x9B, 0xFE,
    0xB3, 0x66, 0x28, 0x0C, 0x13, 0x52, 0x27, 0x0C, 0x82, 0x1B, 0x08, 0x71, 0x7E, 0x48, 0x15, 0xAF,
    0xE3, 0xF2, 0x00, 0x56, 0x1F, 0x22, 0x5A, 0x1E, 0x53, 0x92, 0xEA, 0xA8, 0x3C, 0xC6, 0x04, 0x99,
    0xC6, 0x0E, 0x76, 0x2C, 0xD6, 0xF8, 0xF7, 0x78, 0xFE, 0x18, 0xF2, 0xFC, 0x49, 0x19, 0x3B, 0xFC,
    0xEF, 0x7D, 0x08, 0x19, 0x38, 0xF0, 0xFB, 0xE0, 0x29, 0xDE, 0x3E, 0x74, 0x43, 0xF4, 0x66, 0x8D,
    0x77, 0x61, 0x38, 0x23, 0x7A, 0xBD, 0x3C, 0x1B, 0x42, 0xB0, 0x01, 0xEB, 0xDE, 0x73, 0x6F, 0x51,
    0x7F, 0x6C, 0x5B, 0x72, 0x6F, 0x2F, 0xCD, 0xF6, 0x96, 0xC1, 0x48, 0xFA, 0xDC, 0xDD, 0xEA, 0x2C,
    0xD2, 0x36, 0xAE, 0xA5, 0x16, 0xBC, 0x9E, 0xFF, 0xFC, 0xA9, 0x0D, 0xF6, 0xAD, 0x67, 0xDC, 0x37,
    0x67, 0xE1, 0x82, 0xA7, 0x64, 0xAE, 0x0B, 0x9F, 0x6A, 0x97, 0xD1, 0x1B, 0x5A, 0x24, 0xB6, 0xB5,
    0x6E, 0xCB, 0x85, 0x01, 0x41, 0xB1, 0x7E, 0xDF, 0x1B, 0x2C, 0x5E, 0x1A, 0x2D, 0x00, 0x5A, 0x5B,
    0x44, 0x53, 0x99, 0x31, 0x2F, 0xCC, 0x92, 0x93, 0x27, 0xA1, 0xE1, 0x11, 0x99, 0x9C, 0x21, 0x22,
    0x22, 0x51, 0x13, 0x33, 0xDC, 0x0C, 0xCD, 0x5B, 0xB1, 0x8D, 0x96, 0xEB, 0xD8, 0xFC, 0x34, 0x33,
    0x02, 0x4B, 0x72, 0xC0, 0xE9, 0x02, 0xEA, 0x57, 0x4D, 0x2D, 0x07, 0xF8, 0x7E, 0x4C, 0x02, 0x5E,
    0x71, 0x2A, 0x7C, 0x5B, 0x7C, 0x70, 0x7F, 0xA4, 0x79, 0xA6, 0xE8, 0xC1, 0x48, 0x57, 0x8A, 0x99,
    0x8B, 0x6D, 0x28, 0x01, 0x3C, 0x95, 0x68, 0x0C, 0x84, 0xB4, 0x91, 0xB2, 0xC2, 0x2E, 0x7B, 0x43,
    0xE2, 0xF7, 0x26, 0x2D, 0x4B, 0xF6, 0xDB, 0xD7, 0x47, 0x3D, 0x83, 0xB7, 0x2C, 0x49, 0xC8, 0x24,
    0xE4, 0x99, 0xAC, 0x83, 0xC1, 0x42, 0x9F, 0x14, 0xFA, 0xB6, 0x90, 0x70, 0x17, 0x12, 0xF9, 0xCA,
    0xBB, 0x3F, 0xC8, 0x21, 0x36, 0x84, 0xFF, 0xBD, 0xC9, 0x73, 0x3C, 0xED, 0x39, 0x99, 0xAA, 0x9E,
    0x0F, 0xC3, 0x0D, 0xD1, 0xF8, 0x16, 0x39, 0x29, 0x58, 0x94, 0x34, 0x3C, 0x53, 0x49, 0xA3, 0x33,
    0x09, 0x99, 0x97, 0x4C, 0x81, 0x67, 0x58, 0xB8, 0x4D, 0x0C, 0xB3, 0x03, 0xA7, 0x2B, 0x3E, 0x9F,
    0xFD, 0xAF, 0x98, 0x69, 0x46, 0x9C, 0x0A, 0xFA, 0x82, 0x08, 0x9B, 0x4A, 0x59, 0x9E, 0x50, 0xF5,
    0x48, 0xD9, 0x62, 0x4D, 0xF3, 0x1C, 0x4D, 0xE3, 0x12, 0x54, 0x92, 0x92, 0x8F, 0x6D, 0x00, 0xFF,
    0xBC, 0xAA, 0xFE, 0x45, 0xD9, 0x6F, 0xC4, 0x3D, 0x9D, 0x86, 0x50, 0x04, 0x76, 0x33, 0x85, 0x67,
    0x12, 0x73, 0x2D, 0x25, 0x4D, 0x8A, 0x09, 0x44, 0xAF, 0xDC, 0x08, 0x76, 0xE5, 0x70, 0xFE, 0xA4,
    0x21, 0x99, 0x19, 0xC6, 0x99, 0x6D, 0x22, 0xB3, 0x48, 0xAD, 0x30, 0x61, 0x2E, 0xCC, 0x48, 0x14,
    0x66, 0x4D, 0x0A, 0x48, 0x26, 0x57, 0xBE, 0x59, 0x91, 0x47, 0x22, 0x34, 0x87, 0x8F, 0xE5, 0x16,
    0x18, 0x1B, 0xC4, 0x86, 0x7B, 0x51, 0x5E, 0x5F, 0x8B, 0x82, 0x8F, 0x2C, 0x81, 0x12, 0xB4, 0x24,
    0xEF, 0xB6, 0xDB, 0xA1, 0xEF, 0x57, 0x23, 0x15, 0xCC, 0xB7, 0x12, 0x6C, 0x16, 0xEA, 0x7F, 0x3D,
    0xAC, 0x64, 0x5C, 0x4E, 0xE5, 0x8B, 0x4F, 0x35, 0x09, 0xE0, 0x23, 0x42, 0x08, 0x52, 0x2A, 0xAC,
    0x32, 0x55, 0x2C, 0x84, 0xA1, 0x21, 0x28, 0xFC, 0x84, 0x9E, 0xB0, 0x13, 0x72, 0x00, 0xC9, 0x12,
    0x59, 0x5C, 0x02, 0x72, 0x43, 0x8D, 0x16, 0x6E, 0xAA, 0x6D, 0xE9, 0xCB, 0xC0, 0xE9, 0x15, 0x20,
    0x65, 0x78, 0x96, 0x59, 0x8C, 0xB6, 0xC8, 0xE4, 0x4A, 0x54, 0xA3, 0x28, 0x42, 0xAB, 0x72, 0x88,
    0x25, 0x78, 0x02, 0x5D, 0x83, 0x4A, 0x52, 0xFF, 0x14, 0xF5, 0x80, 0x3D, 0x94, 0xC9, 0xBD, 0x45,
    0xA2, 0xBE, 0x49, 0x26, 0xAF, 0xFF, 0x80, 0xB1, 0x69, 0x3C, 0x11, 0x7A, 0x15, 0x21, 0x64, 0x84,
    0x32, 0x99, 0x96, 0xCA, 0xB3, 0x4B, 0xA9, 0x5B, 0x49, 0x99, 0xA4, 0x49, 0x97, 0x1A, 0x4A, 0x19,
    0x1D, 0xC3, 0x41, 0x60, 0xB8, 0x26, 0x3E, 0xA1, 0xE4, 0xD0, 0xDD, 0xBC, 0x27, 0x04, 0x81, 0xFB,
    0x10, 0x83, 0x68, 0x18, 0x88, 0xA9, 0x1E, 0xCB, 0xDD, 0xAC, 0xC9, 0x97, 0x0F, 0xEB, 0xF3, 0xC1,
    0x02, 0xEE, 0x0B, 0x83, 0xB8, 0xB2, 0x0C, 0xC5, 0xD1, 0xD1, 0xD1, 0x68, 0xBB, 0x9A, 0x87, 0xE1,
    0x8A, 0x81, 0x9B, 0x3A, 0x1F, 0x4E, 0x2F, 0x0E, 0x90, 0x57, 0xE1, 0x38, 0x75, 0x48, 0x32, 0x61,
    0xA7, 0x3A, 0x20, 0x4F, 0xC4, 0x8B, 0x66, 0xCE, 0xE2, 0x77, 0x2E, 0x77, 0xF1, 0x2A, 0x76, 0x2F,
    0xAB, 0x00, 0x9C, 0xCE, 0x57, 0xAA, 0xCC, 0x15, 0x5C, 0x4C, 0x25, 0x3E, 0xFF, 0x87, 0x79, 0x8A,
    0x9D, 0x79, 0x78, 0xAD, 0x75, 0x8D, 0xBA, 0x06, 0x22, 0xCF, 0x24, 0x87, 0x39, 0x1E, 0xF5, 0xF9,
    0x91, 0xB2, 0xDE, 0x1B, 0x46, 0x79, 0x88, 0x1A, 0x37, 0x20, 0x89, 0x6B, 0xE4, 0x48, 0x2C, 0xFA,
    0x9F, 0x17, 0x9E, 0x4D, 0xE9, 0x6C, 0x4B, 0x31, 0x28, 0x74, 0xCA, 0xF2, 0x59, 0x6C, 0xE5, 0x12,
    0xAC, 0xD0, 0xE4, 0x32, 0x65, 0xC0, 0x2E, 0x4B, 0x4D, 0x8E, 0xB2, 0xDE, 0xBE, 0x5B, 0x9B, 0x3C,
    0x55, 0x96, 0x1C, 0x65, 0x96, 0x8D, 0x29, 0xA4, 0x28, 0x2C, 0x96, 0x2F, 0x2C, 0x8A, 0xAD, 0x2C,
    0x63, 0xAA, 0xE8, 0x0B, 0xB8, 0x07, 0x79, 0x1D, 0xDB, 0x0A, 0x07, 0x46, 0xD6, 0x13, 0x4D, 0x6F,
    0x49, 0xCA, 0x27, 0x92, 0x72, 0x86, 0x8C, 0x8A, 0xE7, 0x63, 0x49, 0x7D, 0xF1, 0x78, 0xA3, 0x45,
    0x57, 0x02, 0x77, 0x05, 0x28, 0xBE, 0x06, 0xEC, 0x71, 0xF1, 0x84, 0x48, 0x1C, 0x6E, 0xC0, 0x13,
    0x2A, 0x3F, 0x99, 0x45, 0xA6, 0x01, 0x84, 0x93, 0xA8, 0x34, 0xD5, 0x91, 0x6E, 0x98, 0xBB, 0xD2,
    0x59, 0x39, 0xFA, 0xAD, 0x84, 0x5B, 0xA0, 0x2A, 0x26, 0x14, 0xAB, 0x33, 0x16, 0xB9, 0x30, 0x6B,
    0xF0, 0x09, 0x6F, 0x18, 0xBE, 0x7E, 0x48, 0xC3, 0x0D, 0xC2, 0x84, 0x3F, 0xC4, 0xCD, 0x21, 0x8B,
    0x38, 0x6F, 0xF3, 0x86, 0x65, 0x9A, 0xD7, 0x75, 0x83, 0xD8, 0x97, 0x1E, 0xF9, 0x10, 0x74, 0xBA,
    0xCB, 0x9B, 0x03, 0x80, 0x03, 0xDD, 0x80, 0x64, 0xC7, 0xBA, 0x01, 0xB5, 0xDE, 0xD7, 0x0D, 0x78,
    0xDD, 0x05, 0xF2, 0xAD, 0xA3, 0xD7, 0xDA, 0xCD, 0xDA, 0x9F, 0x6F, 0xAA, 0xA0, 0xE1, 0xCD, 0x89,
    0xCB, 0xC2, 0x7A, 0xBE, 0x79, 0x63, 0xBE, 0x49, 0xFF, 0x5C, 0xBE, 0xEA, 0xC4, 0x25, 0x1F, 0x89,
    0x0F, 0x3D, 0x68, 0xAA, 0x1B, 0x18, 0xB5, 0x91, 0x2C, 0xC9, 0xA6, 0x16, 0x21, 0xA0, 0xCA, 0xAC,
    0x2D, 0xFE, 0x9D, 0x54, 0xCE, 0xF3, 0x2C, 0x6E, 0xC5, 0x7D, 0x4C, 0x05, 0xE6, 0x4B, 0x50, 0x8E,
    0x41, 0x3E, 0x2A, 0x5B, 0xCB, 0xDD, 0x1F, 0x4E, 0x36, 0xE0, 0x13, 0x0E, 0xD8, 0x26, 0x9C, 0xFF,
    0x01, 0xF8, 0xCF, 0x01, 0x2E, 0x8B, 0x03, 0x5C, 0x15, 0x07, 0x98, 0x09, 0x0E, 0xF0, 0x9C, 0x1C,
    0xC0, 0xF8, 0x63, 0xC6, 0x5D, 0x05, 0x87, 0x63, 0x58, 0x14, 0x0D, 0x69, 0xAD, 0x21, 0x5E, 0x69,
    0x88, 0x5A, 0x0D, 0x41, 0x7F, 0x4C, 0xD4, 0xFD, 0xE1, 0x44, 0x11, 0xD1, 0x68, 0x43, 0x65, 0x43,
    0x36, 0x68, 0x48, 0x07, 0xE9, 0x77, 0x4C, 0x05, 0xEE, 0x94, 0x22, 0x62, 0x08, 0x2D, 0x50, 0xF2,
    0xB6, 0x4D, 0x26, 0x83, 0x15, 0xE5, 0xAF, 0x45, 0xE9, 0x4F, 0xE6, 0xC6, 0x6B, 0x12, 0x22, 0x59,
    0xD1, 0x8D, 0x47, 0x2D, 0x15, 0x20, 0xE8, 0x69, 0xE4, 0x82, 0x81, 0x32, 0xE5, 0x0F, 0x99, 0x72,
    0x2D, 0x4A, 0x8B, 0xB7, 0x96, 0x99, 0xDC, 0x81, 0x72, 0xE3, 0x63, 0xB5, 0x81, 0x88, 0x6E, 0x15,
    0xC5, 0xD1, 0x64, 0xFA, 0x3D, 0xF5, 0x21, 0xE8, 0x38, 0x5B, 0xD8, 0x32, 0xA9, 0x8D, 0x1B, 0x45,
    0xBA, 0xCC, 0xB3, 0x54, 0xED, 0x28, 0xA9, 0x06, 0x99, 0xA8, 0x1D, 0x9A, 0x69, 0xA7, 0xC9, 0x84,
    0xFF, 0x7E, 0x6E, 0x5E, 0x7C, 0xA5, 0xB0, 0x88, 0x16, 0x9D, 0x95, 0x1B, 0x6A, 0xB7, 0xB9, 0x6E,
    0x0B, 0x88, 0x20, 0x5D, 0x06, 0xE7, 0x2B, 0x9F, 0x61, 0x21, 0xBB, 0x32, 0x51, 0x29, 0x7C, 0x85,
    0x42, 0x0C, 0xD7, 0x11, 0x1C, 0xD1, 0x66, 0xBF, 0x39, 0x5E, 0xEE, 0x33, 0xBF, 0xC9, 0x43, 0xCA,
    0x01, 0x95, 0x42, 0xB6, 0x3C, 0x2F, 0xFF, 0x1A, 0x41, 0x67, 0x8A, 0x22, 0x7D, 0x60, 0x5E, 0xAF,
    0x2D, 0xD5, 0x0A, 0x68, 0xAD, 0x20, 0xC9, 0xE8, 0x3E, 0x11, 0x41, 0x2D, 0x81, 0x18, 0xA4, 0xAC,
    0x20, 0x7D, 0xE1, 0x36, 0x83, 0x5B, 0xDB, 0x22, 0x97, 0x0E, 0xA3, 0x86, 0xF9, 0xC9, 0xF9, 0xF5,
    0x79, 0xB2, 0xD0, 0xA6, 0x9E, 0x17, 0x82, 0xDC, 0x05, 0x8A, 0xD0, 0x58, 0x29, 0x90, 0x69, 0x2A,
    0xBE, 0x7C, 0x47, 0x49, 0xC0, 0xB4, 0xCE, 0x85, 0xAE, 0xC2, 0xE1, 0x84, 0xE4, 0xC5, 0x86, 0x7E,
    0xA2, 0xAD, 0xFC, 0x1C, 0x32, 0x1E, 0x95, 0x03, 0xBD, 0xB5, 0x0C, 0x16, 0xB6, 0x68, 0xD1, 0xB2,
    0x3D, 0x0C, 0xD3, 0xC6, 0x30, 0xD5, 0x19, 0x43, 0xA8, 0x16, 0xE0, 0xC8, 0xE0, 0x16, 0x96, 0xCC,
    0x3C, 0x99, 0x99, 0x72, 0x61, 0xC8, 0x14, 0xB4, 0x12, 0xDF, 0x4A, 0x83, 0x67, 0xB6, 0x56, 0xD5,
    0xAB, 0x2C, 0xBF, 0xAF, 0x5C, 0x4F, 0x0C, 0xC1, 0x60, 0xD6, 0xF5, 0x75, 0xC5, 0xE4, 0x99, 0x67,
    0x1F, 0xDA, 0xF6, 0xB3, 0xC5, 0xB8, 0x5D, 0xB0, 0xAE, 0xC2, 0xC5, 0x4A, 0x61, 0x85, 0x15, 0x02,
    0x2A, 0x6D, 0x3A, 0x95, 0xC1, 0x87, 0x21, 0xA5, 0xE3, 0x35, 0x0D, 0xB8, 0x37, 0xA7, 0xDE, 0xB7,
    0xAC, 0x17, 0xB2, 0xA6, 0xC3, 0x28, 0x4A, 0xE4, 0x3E, 0xEC, 0x85, 0x38, 0xF6, 0x42, 0x98, 0xC4,
    0xD4, 0xAC, 0xC5, 0xAB, 0xBC, 0xA4, 0xBA, 0x03, 0x67, 0x0C, 0xA6, 0xFC, 0x42, 0x2F, 0x44, 0x79,
    0xEB, 0x20, 0x2A, 0x2A, 0xCF, 0xD8, 0x2D, 0xE4, 0xC4, 0xB5, 0xAA, 0xDC, 0x48, 0xC6, 0xD8, 0x0B,
    0x71, 0xEC, 0x85, 0xD0, 0x2D, 0x34, 0x3E, 0xA3, 0xA7, 0x4A, 0xBD, 0x90, 0xDC, 0x52, 0x6F, 0x15,
    0x9C, 0xBA, 0x19, 0x3E, 0x8E, 0x9B, 0x5B, 0x1D, 0xB6, 0x54, 0xFB, 0x3D, 0x53, 0x31, 0xD7, 0x9F,
    0x10, 0xBE, 0xFF, 0x27, 0x84, 0xDF, 0x99, 0x13, 0xFA, 0x1D, 0x98, 0xFC, 0x2C, 0xD0, 0xD2, 0xA5,
    0xAF, 0x87, 0xF9, 0x39, 0x54, 0x84, 0xA4, 0x30, 0xCB, 0xE2, 0xAC, 0x02, 0xDC, 0xAE, 0xA6, 0xC6,
    0x86, 0xFA, 0x97, 0x20, 0x41, 0xB7, 0x46, 0xE5, 0x8D, 0x48, 0xF5, 0x38, 0xC0, 0x6C, 0x50, 0xDA,
    0x58, 0x55, 0xEF, 0x2E, 0x0E, 0xA1, 0x0D, 0xD1, 0xF9, 0x60, 0xEA, 0xB0, 0x35, 0x24, 0xAD, 0x74,
    0xE4, 0xEE, 0x4A, 0x43, 0x66, 0xC3, 0x6F, 0xD8, 0xF0, 0xB7, 0x36, 0xFC, 0x54, 0x83, 0xF7, 0xE3,
    0x46, 0xF3, 0xFD, 0x50, 0x43, 0xF8, 0x76, 0x23, 0x5F, 0x1F, 0x4A, 0xD6, 0xEF, 0x46, 0x0D, 0x15,
    0x63, 0xA0, 0x73, 0xAE, 0x9E, 0xB5, 0xB1, 0x8A, 0x4F, 0x65, 0x0C, 0xEC, 0xAD, 0xDE, 0x92, 0x29,
    0x6C, 0x1D, 0xE6, 0xC1, 0x5B, 0x5B, 0x82, 0x31, 0x29, 0xE5, 0x95, 0x74, 0x9D, 0x58, 0xC6, 0xD1,
    0x6B, 0xFB, 0x4C, 0xD2, 0x20, 0x64, 0x74, 0xF8, 0xE0, 0x66, 0x20, 0x83, 0xA5, 0x42, 0x36, 0xF5,
    0xAB, 0xD6, 0x3E, 0x58, 0x02, 0x87, 0xC8, 0xB1, 0x6C, 0x85, 0xE5, 0x0F, 0xAD, 0x04, 0xF5, 0x50,
    0x86, 0xCF, 0x6A, 0xE7, 0xA3, 0x8A, 0xE1, 0x6E, 0xED, 0x49, 0x92, 0x2B, 0x0B, 0x1E, 0x8A, 0xD7,
    0x4C, 0xB3, 0xDE, 0x16, 0x63, 0xD2, 0xA7, 0xC6, 0x9F, 0x8F, 0x44, 0xF6, 0xD8, 0x64, 0x34, 0x5E,
    0x9B, 0xB7, 0x91, 0xE4, 0xCF, 0xF5, 0x88, 0x8B, 0x3F, 0xDC, 0xC6, 0xAF, 0x95, 0xCB, 0x86, 0x58,
    0x11, 0x9A, 0x7A, 0x8B, 0x7A, 0x11, 0xB0, 0xE7, 0x6E, 0x6D, 0xB9, 0xD2, 0x43, 0x05, 0xB2, 0xD4,
    0xE5, 0x13, 0x0B, 0xEE, 0x5B, 0xED, 0xAF, 0xC8, 0x15, 0x89, 0x74, 0xDA, 0x29, 0xB6, 0x40, 0xCC,
    0x38, 0xC5, 0xA0, 0x8D, 0xA6, 0x76, 0xD7, 0x68, 0x8A, 0x74, 0xB4, 0x5D, 0xAF, 0xE8, 0xE6, 0x22,
    0xDB, 0xFF, 0xC3, 0x49, 0x05, 0x3B, 0x4C, 0x01, 0x0B, 0xCF, 0x82, 0x04, 0x78, 0xD1, 0x15, 0xB9,
    0x08, 0xD1, 0xF9, 0x6D, 0x56, 0x8A, 0x16, 0x7D, 0xB0, 0xCA, 0xEA, 0x03, 0x99, 0xA9, 0xB0, 0x49,
    0xE8, 0xCD, 0x40, 0x98, 0xA8, 0x8E, 0x1B, 0x35, 0x22, 0xC6, 0xB8, 0x8C, 0x57, 0xA2, 0xCB, 0x3A,
    0x71, 0xD1, 0xA7, 0x22, 0x4D, 0x95, 0xB9, 0xF0, 0x33, 0x23, 0xD2, 0x81, 0x0B, 0xBE, 0x30, 0x3A,
    0x01, 0x13, 0x4B, 0xE0, 0x11, 0x66, 0xCD, 0xA9, 0xBC, 0xCA, 0x23, 0x92, 0x59, 0x16, 0xF9, 0xA6,
    0x9D, 0x02, 0x54, 0x8C, 0x28, 0x18, 0x29, 0x75, 0x62, 0x03, 0xCB, 0x38, 0x74, 0x7D, 0x99, 0xB1,
    0x30, 0x51, 0xCB, 0x4A, 0x2D, 0x30, 0xE3, 0x96, 0xD0, 0x9B, 0xD9, 0x34, 0xCD, 0xFC, 0xF9, 0x9E,
    0x6C, 0x5D, 0xFA, 0x51, 0xB9, 0xC5, 0x91, 0x99, 0x07, 0x81, 0x71, 0x24, 0x98, 0xD9, 0x34, 0x17,
    0x21, 0xAC, 0x83, 0xF7, 0x50, 0x96, 0xC2, 0xF5, 0xA1, 0xB5, 0x58, 0xAC, 0x1A, 0xD9, 0x48, 0xBE,
    0x62, 0xA5, 0xF0, 0x4B, 0x2B, 0xEE, 0x89, 0xF0, 0xF0, 0xAC, 0x15, 0x07, 0x1C, 0x99, 0xBC, 0x60,
    0x80, 0x39, 0x68, 0xC4, 0x4A, 0x06, 0x1E, 0x8A, 0x42, 0x98, 0x1C, 0xD0, 0xFA, 0x55, 0x6E, 0x61,
    0xD5, 0x2C, 0x8D, 0xEC, 0x0E, 0xB1, 0xBB, 0x65, 0x3C, 0x48, 0xCE, 0xE5, 0xCF, 0x9F, 0x05, 0x6F,
    0xAD, 0xB6, 0x8D, 0x2B, 0xE6, 0x70, 0xD5, 0x76, 0x94, 0xFC, 0xE3, 0xCE, 0x8E, 0x4C, 0xC6, 0x02,
    0xDB, 0x98, 0x95, 0x80, 0x2E, 0x1F, 0x82, 0x79, 0xE8, 0x76, 0x06, 0xFB, 0xD0, 0xBC, 0x80, 0x0D,
    0xCC, 0x06, 0xA7, 0x05, 0x7E, 0xCE, 0xCC, 0x1A, 0xB4, 0xC6, 0xFC, 0x49, 0x2E, 0xD7, 0x24, 0x94,
    0x53, 0x91, 0x60, 0xCF, 0x4A, 0x3A, 0x16, 0xF1, 0xCE, 0x28, 0x44, 0x9A, 0x37, 0x59, 0x9D, 0xE7,
    0xFA, 0x32, 0xF8, 0xDE, 0xF6, 0x23, 0xED, 0xC5, 0x47, 0x26, 0xD6, 0xC1, 0x48, 0xA2, 0xBB, 0x7A,
    0xE4, 0x70, 0x2E, 0xB9, 0xB0, 0x0C, 0x33, 0xCA, 0xF1, 0x0E, 0x2A, 0xF3, 0x2D, 0xF0, 0xC5, 0x1F,
    0xE4, 0xE0, 0x59, 0xFC, 0x65, 0x6E, 0x1D, 0xC4, 0xF9, 0x2A, 0xE7, 0x2B, 0xDD, 0xBE, 0xF2, 0xF9,
    0xFA, 0xFA, 0x2C, 0xE7, 0xAA, 0x4C, 0xE5, 0xD1, 0x72, 0x55, 0x70, 0xDB, 0xA3, 0xFA, 0x62, 0x07,
    0x73, 0x6B, 0x2D, 0x99, 0x7B, 0x67, 0x62, 0x5E, 0x6D, 0xFD, 0x00, 0x8A, 0xA6, 0x58, 0xD5, 0xCE,
    0x0D, 0xB7, 0x93, 0xB9, 0x99, 0x76, 0x70, 0xDE, 0x92, 0xD4, 0x4B, 0xF4, 0xCD, 0xD4, 0x46, 0xEA,
    0x26, 0xFB, 0x0A, 0xDE, 0xF2, 0x42, 0xBF, 0xF5, 0xC2, 0xE1, 0xFC, 0x52, 0xEC, 0x2E, 0xAC, 0xC2,
    0x97, 0x5A, 0xD0, 0x20, 0x99, 0xCA, 0x68, 0xDA, 0xDA, 0x63, 0xFA, 0xFF, 0xDB, 0xE3, 0x76, 0x36,
    0xF6, 0x64, 0xB9, 0xC6, 0xF9, 0x02, 0x73, 0x2A, 0x04, 0xD3, 0xC3, 0xD2, 0x1D, 0x54, 0xDB, 0x8A,
    0x12, 0x18, 0x7E, 0x44, 0x45, 0xA4, 0x64, 0xA6, 0xDC, 0xFA, 0x43, 0x6E, 0xA1, 0xC7, 0x80, 0x7F,
    0x52, 0x0A, 0x38, 0xCC, 0x03, 0x54, 0xB7, 0xCE, 0xE8, 0x46, 0xF8, 0x66, 0xF7, 0x2A, 0xC0, 0x5F,
    0x9D, 0xEB, 0x39, 0x8B, 0xBB, 0x3D, 0x41, 0xB7, 0xCF, 0xD8, 0x28, 0x4F, 0x6B, 0x18, 0xA1, 0xDE,
    0xBD, 0x62, 0x95, 0x75, 0x9D, 0x75, 0x60, 0x7B, 0x48, 0x05, 0x06, 0x08, 0x11, 0x6D, 0x78, 0xAF,
    0x9E, 0x73, 0x3B, 0x37, 0x8F, 0x53, 0x71, 0x3F, 0x53, 0x6F, 0xB8, 0x60, 0x87, 0x8B, 0xB5, 0x5B,
    0x50, 0xE0, 0x4C, 0xF0, 0x19, 0xA1, 0xF7, 0x11, 0x61, 0xF0, 0x74, 0x03, 0xCB, 0xE8, 0x4D, 0x36,
    0xCE, 0x62, 0xA0, 0x16, 0x37, 0x77, 0x30, 0x5B, 0xC8, 0x64, 0x00, 0xA2, 0xDE, 0xD2, 0x56, 0xDF,
    0x64, 0x70, 0xC1, 0x9C, 0xC0, 0xC0, 0xF5, 0x61, 0xE9, 0x62, 0x5C, 0x09, 0x60, 0x04, 0x8E, 0x00,
    0x42, 0x18, 0x01, 0xCC, 0xD3, 0x7A, 0xC3, 0x41, 0xD0, 0x7B, 0xFD, 0x03, 0x6F, 0xF0, 0xFA, 0x16,
    0x59, 0x4D, 0x47, 0xF0, 0x79, 0x83, 0xB4, 0xE6, 0xA7, 0xF5, 0x02, 0xBE, 0x28, 0x01, 0xCE, 0x40,
    0x5A, 0x86, 0xEC, 0x03, 0x62, 0x1C, 0x7F, 0xF0, 0x99, 0xB6, 0x40, 0xFE, 0x43, 0x1A, 0x9D, 0x78,
    0x05, 0x23, 0x85, 0x38, 0x7E, 0x3A, 0x03, 0x95, 0xEF, 0xAB, 0x3E, 0xAA, 0xBE, 0xD0, 0x11, 0x29,
    0xB2, 0x62, 0xBB, 0x13, 0x8F, 0x3F, 0x01, 0xAD, 0x4E, 0x41, 0x83, 0x29, 0xA9, 0xFD, 0x35, 0xF6,
    0xFF, 0xD7, 0xD9, 0x55, 0x6D, 0xCB, 0x52, 0x06, 0xE7, 0x1A, 0x54, 0x77, 0x3F, 0x02, 0x6A, 0xFE,
    0xA4, 0x39, 0x72, 0x85, 0x2D, 0xB0, 0x83, 0xAA, 0x97, 0x5B, 0x70, 0xA8, 0x10, 0xCE, 0x9A, 0x0E,
    0x97, 0xC1, 0xF3, 0x80, 0xE5, 0x88, 0x30, 0x51, 0xC9, 0xB4, 0x22, 0x04, 0x3E, 0xB4, 0x69, 0xEC,
    0xB9, 0x38, 0x35, 0x3F, 0xE4, 0x76, 0x6A, 0xD5, 0xD4, 0xC4, 0x97, 0x42, 0x1C, 0xB9, 0xC8, 0x1D,
    0x27, 0xEE, 0xB8, 0x85, 0x3B, 0xE5, 0x05, 0xEE, 0x1C, 0x52, 0x7C, 0xC0, 0x9D, 0x4F, 0x72, 0x7F,
    0x5A, 0xD1, 0xA1, 0xDE, 0xDC, 0x84, 0x7E, 0x46, 0x87, 0xDE, 0x1F, 0xE1, 0x98, 0x40, 0x61, 0x20,
    0xC8, 0xDE, 0xF2, 0x98, 0x96, 0xDE, 0x90, 0x95, 0x61, 0x97, 0xE5, 0xC5, 0x2A, 0x7B, 0x87, 0x6D,
    0xC0, 0xC6, 0x65, 0x1F, 0xEF, 0xD0, 0x81, 0xF8, 0xFD, 0x0A, 0xE8, 0x30, 0xF8, 0x93, 0x22, 0xA1,
    0x99, 0x0E, 0x5E, 0xF5, 0x78, 0xEE, 0x7B, 0x66, 0x7F, 0x31, 0x52, 0x0F, 0xD6, 0x64, 0x2F, 0xF8,
    0xD3, 0xE3, 0x0E, 0x11, 0xD2, 0xFB, 0x66, 0x35, 0x0D, 0x6C, 0x0E, 0x09, 0xB0, 0x76, 0xE6, 0xA9,
    0xC2, 0x27, 0x97, 0xA1, 0x4A, 0xF4, 0x95, 0x20, 0x3A, 0x07, 0xAB, 0xAB, 0x40, 0xB3, 0xD3, 0xF4,
    0xD9, 0x02, 0x9B, 0xCE, 0x3B, 0xED, 0xC8, 0xE1, 0x13, 0xF3, 0xAA, 0x00, 0xED, 0x26, 0x32, 0x94,
    0xCA, 0x24, 0x13, 0xA8, 0x4B, 0x96, 0x40, 0x5F, 0x92, 0x5A, 0xEA, 0x22, 0x6D, 0x91, 0xB2, 0x88,
    0x1B, 0x4C, 0xB1, 0x6A, 0x71, 0x44, 0xAC, 0x00, 0xF8, 0xA4, 0xA6, 0x9A, 0x94, 0xC8, 0xAE, 0x9E,
    0x96, 0x62, 0x03, 0x28, 0xF8, 0x66, 0x99, 0x90, 0x09, 0xF1, 0xEA, 0x30, 0x29, 0xC1, 0x82, 0x04,
    0x1C, 0x68, 0x61, 0x63, 0x6E, 0x2E, 0x45, 0x88, 0x17, 0x59, 0x2B, 0x54, 0xA3, 0x3F, 0xAB, 0x3D,
    0xC6, 0x2E, 0x6C, 0x4B, 0xFE, 0x07, 0xE4, 0x87, 0x55, 0x1A, 0x90, 0x84, 0x34, 0xB7, 0x46, 0x8B,
    0xE0, 0x75, 0x73, 0xBA, 0x06, 0x87, 0x6F, 0x80, 0x3C, 0x8F, 0x33, 0x78, 0x8C, 0xCC, 0x87, 0x80,
    0xA1, 0xFA, 0x10, 0xFF, 0x16, 0xD8, 0x32, 0x24, 0x1E, 0x6B, 0x43, 0x77, 0x08, 0xFB, 0x7D, 0x9F,
    0xF0, 0x81, 0xCF, 0x42, 0x7C, 0x27, 0xC8, 0x34, 0xDF, 0xFB, 0x7C, 0x05, 0xFE, 0x78, 0x3F, 0x6D,
    0x00, 0xFD, 0x2F, 0x58, 0x2B, 0xF0, 0xCF, 0x4A, 0xC2, 0xC9, 0x19, 0x04, 0x92, 0xD0, 0x36, 0x42,
    0x6A, 0x5A, 0x49, 0x7D, 0x9B, 0xF8, 0x4A, 0x60, 0xF1, 0xC7, 0x5B, 0xB4, 0x61, 0x1E, 0x6D, 0x41,
    0xCE, 0x9A, 0xF2, 0x93, 0x9D, 0x60, 0x0D, 0x92, 0x87, 0xAC, 0x9C, 0x75, 0x82, 0xDD, 0x42, 0xD8,
    0xC6, 0x4C, 0x5A, 0xF5, 0xCA, 0x0A, 0x58, 0xCB, 0xF5, 0x2D, 0xE6, 0x16, 0xD8, 0xC9, 0x4D, 0xB1,
    0x16, 0x91, 0x4E, 0xAA, 0x93, 0x3B, 0x51, 0xB3, 0xDB, 0x98, 0xA3, 0x7C, 0x07, 0xB0, 0x1D, 0x81,
    0x42, 0xE9, 0xCD, 0x15, 0x6E, 0x5D, 0x6C, 0xF9, 0x6F, 0xAE, 0x46, 0xA7, 0x62, 0x74, 0x30, 0x86,
    0x57, 0x49, 0xC7, 0x12, 0x53, 0x34, 0x20, 0x18, 0x10, 0x0B, 0x08, 0x05, 0x44, 0x42, 0xF2, 0xB1,
    0x4B, 0xFF, 0xE1, 0x67, 0x82, 0x7B, 0x82, 0xF4, 0xCE, 0x70, 0xBA, 0x8A, 0x72, 0x32, 0x41, 0x2C,
    0xE8, 0xF1, 0x18, 0x15, 0x21, 0x6B, 0x43, 0x3D, 0xA3, 0x32, 0xEF, 0x39, 0xDB, 0x65, 0xFE, 0x64,
    0x4E, 0x41, 0x39, 0x54, 0xA7, 0xB4, 0xB8, 0x63, 0xD6, 0xE2, 0x77, 0x8C, 0x5B, 0x83, 0x8E, 0xDA,
    0x81, 0xB0, 0x72, 0x90, 0xDA, 0xAC, 0x05, 0xAB, 0x6F, 0x13, 0x66, 0x13, 0x4B, 0x75, 0x16, 0x2C,
    0x83, 0xC2, 0xC0, 0x19, 0x08, 0x5F, 0xDF, 0x22, 0xE6, 0xA5, 0x97, 0xB7, 0x7B, 0x41, 0x00, 0x2E,
    0x5C, 0xC1, 0x7C, 0xFD, 0xB2, 0x3F, 0x75, 0xCC, 0x92, 0x65, 0x38, 0x6E, 0xCA, 0x72, 0x14, 0x10,
    0x2D, 0x98, 0x56, 0x28, 0x00, 0x6C, 0x76, 0x1B, 0xD3, 0xF0, 0x8D, 0xF1, 0x6B, 0xED, 0x5D, 0xEA,
    0xDF, 0x70, 0xDB, 0x6F, 0xF7, 0xA9, 0xAB, 0xC3, 0x81, 0xDF, 0x3E, 0xD0, 0xCD, 0xBE, 0xDF, 0xBE,
    0xA7, 0xAF, 0x1E, 0xF8, 0x6D, 0xAB, 0x9B, 0xF7, 0x82, 0x4F, 0x55, 0x5C, 0x19, 0xDA, 0xE0, 0x33,
    0x95, 0xA4, 0x9F, 0xAF, 0x82, 0x1F, 0x53, 0xC1, 0xDC, 0x97, 0x4D, 0xF0, 0x5F, 0x25, 0x6F, 0x20,
    0x7B, 0xCF, 0xA4, 0xB7, 0x10, 0x3F, 0xDD, 0xB0, 0xC3, 0x31, 0xDA, 0x0D, 0x03, 0x9A, 0xC4, 0x6E,
    0x8C, 0x98, 0xA3, 0x0A, 0x0A, 0x1F, 0x70, 0x23, 0x54, 0xD5, 0xA9, 0xE4, 0xCD, 0x6A, 0x49, 0x20,
    0x44, 0x16, 0x5C, 0x7B, 0x39, 0x3D, 0x12, 0x2C, 0xD6, 0x77, 0x07, 0x1D, 0x84, 0x1B, 0xC3, 0x3F,
    0x23, 0x29, 0x62, 0x11, 0xE4, 0xB6, 0xE0, 0x81, 0xA0, 0x3A, 0x5F, 0xC3, 0x03, 0xC1, 0x8E, 0xB0,
    0x6F, 0x49, 0xF7, 0xE7, 0x3C, 0x3D, 0xE0, 0xBE, 0x68, 0x08, 0xCF, 0x68, 0x18, 0x10, 0x7D, 0x53,
    0x59, 0x54, 0x37, 0xF3, 0xA4, 0x20, 0x30, 0x19, 0x41, 0x77, 0xCF, 0x63, 0xB0, 0xDE, 0x92, 0xAA,
    0x16, 0x1A, 0xBF, 0x35, 0xE7, 0xDA, 0x29, 0x15, 0x52, 0x07, 0x1D, 0x69, 0x16, 0x23, 0x1D, 0x25,
    0xA1, 0x51, 0x91, 0xAD, 0x67, 0xBA, 0xD1, 0xA8, 0x59, 0x6E, 0x20, 0xDF, 0x06, 0xFC, 0x22, 0xA9,
    0xE9, 0xA5, 0xF9, 0xB0, 0xBA, 0xE3, 0x15, 0xEC, 0x25, 0x36, 0xEE, 0x5B, 0xA7, 0x8C, 0x6E, 0x84,
    0xF9, 0x9D, 0xF1, 0xA8, 0x18, 0x78, 0x32, 0xAF, 0x18, 0x22, 0xEB, 0xD3, 0x7B, 0xB6, 0x35, 0x9A,
    0xE3, 0x63, 0x8A, 0xDD, 0xF0, 0x1E, 0x23, 0x97, 0xA1, 0x15, 0x54, 0x2B, 0xEF, 0xB9, 0x5A, 0x5F,
    0x5F, 0xAA, 0x09, 0xF1, 0x05, 0xCF, 0x30, 0xB8, 0xB3, 0x7C, 0x3E, 0xB8, 0x36, 0x12, 0x72, 0x86,
    0xB5, 0x9A, 0x76, 0x3C, 0x96, 0x44, 0x98, 0xB2, 0x6A, 0x7F, 0xC6, 0xD0, 0x5C, 0x95, 0x1E, 0xAF,
    0xD7, 0x11, 0x26, 0x85, 0xC3, 0x7E, 0x77, 0x11, 0x06, 0xDB, 0x50, 0xB5, 0x14, 0x83, 0x20, 0x8B,
    0xB7, 0x65, 0x70, 0xE5, 0x02, 0xE5, 0x01, 0xE5, 0x00, 0x93, 0x8D, 0xC1, 0xA5, 0xAD, 0xE5, 0x01,
    0x8B, 0x8A, 0xE0, 0x8C, 0xE0, 0x59, 0x49, 0xCF, 0x37, 0xDB, 0x5A, 0x80, 0x1C, 0x6E, 0xEF, 0x8F,
    0x10, 0xFD, 0xC4, 0x49, 0x4E, 0x83, 0x9B, 0xC3, 0xE0, 0xA6, 0x34, 0x09, 0x29, 0x3D, 0x5E, 0xEA,
    0x76, 0x8E, 0x55, 0x5C, 0x04, 0x7F, 0xC8, 0x6F, 0x47, 0x9D, 0x34, 0x51, 0xE7, 0xB5, 0x80, 0x78,
    0x00, 0x30, 0x65, 0x1E, 0x13, 0x44, 0xE8, 0xC3, 0x7E, 0x4C, 0x71, 0xB8, 0x06, 0xF0, 0xAE, 0x13,
    0xDD, 0x40, 0x8C, 0x66, 0x39, 0x84, 0x23, 0xBB, 0x37, 0x2D, 0x31, 0xBA, 0x37, 0x6C, 0x40, 0xBF,
    0x00, 0xD1, 0xC0, 0xDF, 0x1C, 0x39, 0x53, 0xA1, 0x0C, 0x4E, 0xD3, 0x9F, 0xAA, 0x26, 0x5A, 0xB1,
    0xBE, 0x18, 0xB6, 0x71, 0x19, 0xAE, 0x62, 0xCB, 0x2A, 0x95, 0x92, 0xE8, 0x60, 0x65, 0xA1, 0xB6,
    0x49, 0x6E, 0xC5, 0x14, 0x1A, 0x81, 0x10, 0xDB, 0x09, 0x56, 0x45, 0x1E, 0x36, 0x05, 0x7C, 0x0B,
    0xAB, 0x39, 0x62, 0xF0, 0x51, 0x6E, 0x27, 0xD5, 0xF6, 0xE7, 0xE8, 0xF2, 0x64, 0x36, 0x44, 0xC3,
    0xDC, 0x6E, 0xB3, 0x06, 0xBF, 0x0A, 0x8B, 0xAA, 0x55, 0xCC, 0x7F, 0x81, 0x15, 0x2C, 0xBE, 0xFA,
    0xD7, 0x6E, 0xFD, 0x75, 0x2E, 0x0F, 0xFA, 0xB0, 0x51, 0xB7, 0x93, 0x0D, 0x3A, 0x3A, 0xFA, 0x7B,
    0xF2, 0xA1, 0xA3, 0xAC, 0xDA, 0x44, 0x59, 0xBE, 0x51, 0x29, 0xEF, 0x38, 0x55, 0x7E, 0x78, 0xEA,
    0xE2, 0x7E, 0x81, 0xA3, 0xBB, 0x2B, 0x78, 0x20, 0xB8, 0x4F, 0x17, 0xE4, 0xFE, 0x4E, 0xF0, 0x53,
    0x3A, 0x25, 0x0F, 0x10, 0x41, 0xC4, 0xBF, 0x13, 0x06, 0xFF, 0x44, 0x18, 0xFE, 0x03, 0x61, 0xFC,
    0x3D, 0xC0, 0x75, 0x11, 0x74, 0x37, 0xDC, 0x84, 0x00, 0x0F, 0x72, 0xDA, 0xD3, 0x97, 0xED, 0xD1,
    0x79, 0x52, 0xC8, 0x5F, 0x72, 0x29, 0x63, 0x06, 0xAD, 0x3E, 0x95, 0x37, 0x0A, 0xA5, 0xC6, 0x85,
    0xB3, 0x33, 0x62, 0xB4, 0xDB, 0x85, 0x0A, 0x38, 0xC5, 0x12, 0xAF, 0x3F, 0x12, 0x54, 0x4F, 0x8A,
    0x0C, 0x81, 0x97, 0x66, 0xA2, 0x5F, 0x5A, 0x92, 0x1F, 0xE9, 0x28, 0x1B, 0x83, 0x83, 0xB8, 0x49,
    0x14, 0x5D, 0x28, 0x6D, 0xEF, 0x8E, 0x65, 0x8D, 0x25, 0xD0, 0x55, 0xBB, 0xB4, 0x53, 0xAD, 0x84,
    0xE2, 0xEE, 0xA5, 0x6B, 0xDB, 0x6E, 0x26, 0x05, 0x89, 0x26, 0xE0, 0xA0, 0xD1, 0x69, 0xF4, 0xE6,
    0x11, 0xB0, 0xD0, 0xBA, 0x0F, 0xE7, 0xFF, 0x79, 0xAA, 0x8D, 0xDF, 0xF7, 0x36, 0x02, 0x0D, 0x60,
    0x34, 0xDA, 0x09, 0x2C, 0x5F, 0x75, 0x85, 0xB4, 0x0C, 0xD6, 0xF4, 0x46, 0x49, 0x1D, 0x4E, 0x4A,
    0x16, 0x1B, 0x04, 0xD6, 0x6C, 0xA2, 0xAF, 0xE2, 0x82, 0x05, 0xF1, 0xB0, 0x45, 0x9E, 0x2D, 0xE6,
    0x1D, 0xC6, 0x3F, 0x6A, 0x55, 0x78, 0x53, 0x01, 0x0E, 0x24, 0xB2, 0xAA, 0x00, 0x88, 0x74, 0x64,
    0x06, 0x2F, 0x07, 0x92, 0x31, 0x92, 0xE8, 0x3C, 0xE9, 0x6E, 0x64, 0x34, 0x54, 0xA9, 0x8E, 0xFA,
    0xAC, 0x14, 0xFD, 0x83, 0x3C, 0x41, 0x4F, 0x81, 0xB0, 0x53, 0xBA, 0xE5, 0x7C, 0xBE, 0x43, 0x47,
    0xD7, 0xB2, 0xFB, 0x35, 0xAD, 0x06, 0x8B, 0x4A, 0xAA, 0xF2, 0xB0, 0xB8, 0xC3, 0x96, 0x5E, 0xDA,
    0x78, 0xE3, 0xB5, 0xB4, 0x75, 0xD3, 0x1A, 0xC9, 0x67, 0xD6, 0x43, 0x73, 0xF7, 0x72, 0x2D, 0x04,
    0xAB, 0x1A, 0xB7, 0x90, 0xD6, 0xA4, 0xE7, 0x91, 0x88, 0x81, 0x3B, 0x23, 0x70, 0xFC, 0xD7, 0xEB,
    0x6C, 0xA3, 0xDA, 0xA5, 0x8A, 0x28, 0xA7, 0x34, 0xE2, 0xA7, 0x76, 0x96, 0x4F, 0xC9, 0xD4, 0x01,
    0x59, 0xC2, 0x8A, 0x7D, 0xC9, 0x53, 0xC1, 0x1F, 0x30, 0x87, 0x66, 0xCF, 0x24, 0xB4, 0x43, 0xD6,
    0x9B, 0x53, 0x96, 0xE9, 0xE6, 0x58, 0xE6, 0x31, 0xE3, 0x38, 0x96, 0xC0, 0xBF, 0x4D, 0x3E, 0xFE,
    0xAB, 0x0E, 0x24, 0x31, 0x25, 0x7C, 0x3E, 0xF7, 0x8C, 0x19, 0x56, 0x4F, 0x0C, 0x9F, 0x81, 0x0D,
    0x45, 0xFD, 0x2E, 0xBD, 0xFF, 0x1D, 0x37, 0x77, 0xB2, 0xE6, 0xEE, 0xA9, 0x94, 0xD4, 0xCE, 0x54,
    0x35, 0x4B, 0x00, 0x78, 0x48, 0xC7, 0x8D, 0xCD, 0x10, 0xE1, 0xBB, 0x4C, 0xBF, 0x0E, 0xC8, 0x8B,
    0x87, 0x2C, 0xFE, 0x0D, 0x06, 0xAE, 0xB9, 0xA3, 0x7B, 0x56, 0xF5, 0x18, 0xE9, 0x69, 0xAB, 0xAD,
    0xA8, 0x65, 0xDC, 0xBD, 0x4E, 0x77, 0x2F, 0xA9, 0xCB, 0xAD, 0x96, 0x35, 0x27, 0x16, 0x63, 0x5A,
    0xAD, 0xFF, 0x15, 0x7F, 0xEC, 0x0F, 0x8B, 0xEB, 0xED, 0x74, 0xB5, 0x73, 0xF5, 0x30, 0x18, 0x6F,
    0x20, 0xBB, 0x72, 0x69, 0x9B, 0x24, 0x69, 0x7A, 0x97, 0x3F, 0x87, 0x87, 0x07, 0xF3, 0xCF, 0x3E,
    0x7E, 0x8E, 0xED, 0xE7, 0x04, 0x3F, 0x2C, 0x2B, 0xA5, 0xBD, 0xEA, 0xBC, 0x45, 0x3E, 0x37, 0x04,
    0xD2, 0x4D, 0x37, 0x20, 0xDF, 0xC9, 0x5F, 0x37, 0xD8, 0x99, 0xAA, 0x24, 0xFF, 0xA2, 0xA8, 0x4E,
    0x67, 0x03, 0x4F, 0xB7, 0xE2, 0x87, 0x0B, 0x3B, 0x5B, 0x5F, 0x6C, 0x3D, 0xFE, 0x02, 0xB2, 0x5B,
    0xC4, 0x33, 0x73, 0x44, 0xE6, 0xAF, 0x73, 0xB7, 0x8A, 0xA7, 0xF5, 0xEF, 0xB6, 0xE9, 0xEF, 0xC1,
    0xA8, 0xBF, 0x32, 0x1F, 0x82, 0x74, 0xEE, 0x7F, 0x01, 0xDD, 0x5B, 0x3D, 0x8C, 0xDD, 0x56, 0x76,
    0x3E, 0x24, 0x2D, 0x11, 0x36, 0x93, 0x50, 0xC5, 0x2A, 0x81, 0xD7, 0xB1, 0xB8, 0x45, 0x0A, 0x23,
    0xB1, 0xC4, 0x14, 0x41, 0xE2, 0x62, 0x66, 0x48, 0x6D, 0x93, 0x00, 0x8B, 0x40, 0x2E, 0xE4, 0x36,
    0x6E, 0x93, 0x0D, 0x60, 0x6D, 0xB1, 0x45, 0x10, 0x8C, 0x44, 0x66, 0x05, 0x64, 0x8B, 0x14, 0x52,
    0x8A, 0xED, 0xB7, 0xD8, 0xDE, 0x06, 0xA2, 0x42, 0x01, 0x66, 0x86, 0x94, 0x53, 0xA4, 0x70, 0x61,
    0xAE, 0x81, 0x8D, 0xCB, 0xA5, 0xD7, 0x4A, 0x52, 0x8A, 0xC1, 0x32, 0x11, 0x05, 0x91, 0xBC, 0xF9,
    0xBE, 0x73, 0xF8, 0x7E, 0x66, 0x34, 0x32, 0xB6, 0xD8, 0x95, 0x25, 0xBD, 0x79, 0x3C, 0xE7, 0x0E,
    0xDF, 0xE3, 0xBD, 0xE7, 0x9C, 0x7B, 0xEE, 0xF9, 0xBB, 0xF7, 0x79, 0x79, 0xDC, 0xA5, 0x43, 0x3A,
    0xC4, 0x9D, 0x97, 0x0B, 0x5E, 0x41, 0xCD, 0xBF, 0x50, 0xFF, 0x22, 0xFD, 0x8B, 0xF5, 0x2F, 0xC1,
    0x5F, 0x5A, 0x67, 0xF8, 0x2B, 0xCA, 0xAA, 0xBC, 0x81, 0x6F, 0x46, 0xB8, 0x7E, 0x07, 0xD7, 0x5F,
    0x89, 0xC4, 0xAE, 0x95, 0xC2, 0x8D, 0xDE, 0xF4, 0xF6, 0x61, 0xD0, 0xBF, 0x53, 0xC4, 0xED, 0x3B,
    0x2E, 0xAE, 0xFF, 0x74, 0x4E, 0xEB, 0xEF, 0x1D, 0x64, 0xE5, 0x47, 0x92, 0xE5, 0x1D, 0xAE, 0x16,
    0x57, 0x23, 0xD9, 0xE5, 0x5A, 0xB2, 0x6F, 0xE3, 0xFA, 0x41, 0x2D, 0xE9, 0xBF, 0x95, 0x92, 0x7C,
    0x99, 0xBF, 0x1D, 0x3F, 0x96, 0x31, 0x70, 0x1F, 0x76, 0xE2, 0x5C, 0x2D, 0xC9, 0x23, 0x91, 0xDF,
    0x16, 0xBB, 0x5E, 0x21, 0x45, 0x67, 0xDE, 0x05, 0xF0, 0x9C, 0xCB, 0x39, 0x0E, 0x06, 0x92, 0xAC,
    0x0C, 0x7B, 0x91, 0x59, 0x82, 0x51, 0xBC, 0x91, 0x30, 0x18, 0x24, 0x1A, 0x24, 0xE8, 0xC5, 0x6F,
    0x85, 0x1F, 0x89, 0x84, 0xDD, 0x49, 0x18, 0xE8, 0xFD, 0xCA, 0xB9, 0x71, 0x05, 0xFD, 0x91, 0x77,
    0x64, 0x1B, 0xDE, 0x50, 0x98, 0x29, 0x4C, 0x73, 0xF4, 0x26, 0x71, 0xE9, 0x4F, 0x60, 0xB5, 0x96,
    0x02, 0x5D, 0x34, 0x92, 0x94, 0xE2, 0x77, 0x80, 0x5E, 0xE5, 0xF2, 0xB4, 0x8C, 0x1C, 0x5E, 0x12,
    0xDF, 0x3E, 0xEB, 0xA6, 0x35, 0xA1, 0x78, 0xBD, 0x83, 0x31, 0xCB, 0x2C, 0x9A, 0xD3, 0x3C, 0x71,
    0xF8, 0x24, 0x9A, 0xDE, 0x18, 0x24, 0x6C, 0xBD, 0x81, 0xDD, 0x8C, 0x12, 0xD7, 0x72, 0x80, 0x6E,
    0xD7, 0x60, 0xB9, 0x87, 0x4F, 0x5B, 0xBF, 0x97, 0xE8, 0x51, 0xD2, 0x4B, 0x42, 0xFA, 0xF6, 0x92,
    0xE1, 0x86, 0xDC, 0x05, 0x05, 0x72, 0x0E, 0xEC, 0x4B, 0x86, 0x5B, 0x99, 0xEB, 0x32, 0x37, 0x10,
    0x79, 0x90, 0x86, 0x87, 0x41, 0x2B, 0x0C, 0xD7, 0x53, 0x22, 0x24, 0x4B, 0xD2, 0x5A, 0xC2, 0x1A,
    0x4F, 0xB4, 0xEC, 0x5A, 0x22, 0x10, 0x4A, 0xC6, 0x07, 0xD9, 0xA3, 0x00, 0x47, 0x0C, 0x26, 0x14,
    0x9B, 0x0A, 0xA2, 0xE0, 0xF7, 0x7D, 0xE7, 0x6E, 0xA2, 0x5B, 0xA0, 0x4F, 0x28, 0x10, 0x88, 0x57,
    0x55, 0x20, 0x9C, 0x95, 0x8D, 0x80, 0x4C, 0x05, 0x64, 0x71, 0x5C, 0x21, 0x3C, 0x32, 0xE8, 0x67,
    0x0B, 0x0A, 0x16, 0xD4, 0x1F, 0x43, 0x76, 0x53, 0xA7, 0x8A, 0x08, 0x03, 0x25, 0x49, 0x9A, 0x5E,
    0xE2, 0x6B, 0x6F, 0x6F, 0x6F, 0x77, 0xD7, 0xA4, 0xB4, 0xB3, 0xB3, 0xB3, 0xBF, 0xBC, 0x0E, 0x0E,
    0x0E, 0xEE, 0x8A, 0x77, 0x95, 0x42, 0x77, 0x0D, 0x1F, 0xC1, 0x4C, 0x0E, 0x98, 0x9E, 0xB0, 0x03,
    0x8F, 0x51, 0xE3, 0xCF, 0x10, 0x10, 0xA8, 0x89, 0x1B, 0xF9, 0x09, 0xA4, 0x44, 0x0A, 0xFB, 0x15,
    0x7D, 0xE2, 0xC0, 0xE9, 0xB9, 0x0C, 0xFF, 0xDF, 0x89, 0x9C, 0xC8, 0xE0, 0xA1, 0x83, 0x51, 0xD2,
    0x01, 0x7C, 0x82, 0x8D, 0xA2, 0x14, 0x27, 0x69, 0x0F, 0xC5, 0x8B, 0x66, 0xCE, 0x9A, 0x6B, 0xE2,
    0x5C, 0xB2, 0x01, 0x9A, 0x1B, 0x3A, 0x55, 0x87, 0x9A, 0x63, 0xB2, 0xC7, 0xA8, 0x33, 0x06, 0x5E,
    0x2B, 0xC1, 0x5A, 0xCA, 0x99, 0xC8, 0x9A, 0x00, 0x5A, 0x5B, 0x43, 0x7B, 0xD2, 0x36, 0xA9, 0xA9,
    0x7A, 0x10, 0xB9, 0x33, 0xDE, 0xA8, 0x1D, 0x7B, 0x52, 0xD4, 0x2E, 0xAF, 0x6A, 0x57, 0x12, 0xA7,
    0x8B, 0xEE, 0xE8, 0xEB, 0x9A, 0xBB, 0xCF, 0x2E, 0x9D, 0xEA, 0x6C, 0x76, 0x5F, 0x8A, 0x56, 0x27,
    0x0B, 0x82, 0x09, 0xBA, 0xD0, 0xE5, 0x47, 0x60, 0x27, 0x73, 0x6D, 0x8A, 0xE9, 0x99, 0xFD, 0x3E,
    0x2E, 0xF7, 0x30, 0xDA, 0x41, 0x58, 0xEF, 0x60, 0xBC, 0x31, 0x68, 0xF6, 0xC3, 0x46, 0xEE, 0xF8,
    0xED, 0x5D, 0x28, 0x0B, 0x26, 0x55, 0x91, 0xD7, 0x0D, 0xF1, 0x36, 0xB2, 0xCF, 0xDA, 0x03, 0x7C,
    0x13, 0x4A, 0xB9, 0x1F, 0xB4, 0x5C, 0xB6, 0xEC, 0xE5, 0x9D, 0xA8, 0x4E, 0x65, 0xF2, 0xBB, 0x38,
    0x8F, 0xEB, 0xC2, 0xD5, 0x19, 0x24, 0x08, 0xC6, 0x31, 0xC3, 0x93, 0xC9, 0xAC, 0xF8, 0xCF, 0x33,
    0x64, 0x19, 0x94, 0xCD, 0x46, 0xE7, 0x6D, 0xC0, 0x0F, 0xFE, 0x91, 0x1A, 0x90, 0x47, 0xCD, 0xB5,
    0x3C, 0xC1, 0x5F, 0x06, 0xDE, 0x76, 0x21, 0xB1, 0x7D, 0xA8, 0xFC, 0x01, 0x14, 0xEC, 0x40, 0x1E,
    0xE0, 0xFA, 0xB9, 0x1C, 0x78, 0x9F, 0xCA, 0x7E, 0x70, 0x4B, 0xF6, 0xA2, 0x44, 0x92, 0x39, 0x1E,
    0xC2, 0x21, 0xC2, 0xF0, 0xA5, 0xCF, 0xB1, 0xA3, 0x1C, 0x1A, 0x97, 0x72, 0xE5, 0x1C, 0x40, 0xD1,
    0x20, 0xC6, 0xB0, 0x4F, 0x5A, 0x49, 0x1B, 0xC8, 0x3F, 0x2B, 0xA1, 0xA3, 0x59, 0x0D, 0x71, 0x27,
    0x6D, 0x56, 0x43, 0xC4, 0x31, 0x24, 0x3D, 0xFA, 0x54, 0x5A, 0x2E, 0xBA, 0x18, 0x72, 0x44, 0x07,
    0x98, 0x16, 0x2F, 0xF7, 0x4D, 0x7A, 0x19, 0xE4, 0x56, 0x2B, 0x10, 0x5D, 0x79, 0xA7, 0x83, 0x33,
    0xB9, 0x14, 0xF7, 0x31, 0x8D, 0xD0, 0x0D, 0xAF, 0x28, 0xB3, 0x5B, 0x57, 0x9A, 0xE2, 0xD6, 0xAD,
    0xB6, 0xBA, 0xF5, 0x7E, 0xE7, 0xFE, 0xA2, 0xEA, 0xDC, 0x5F, 0x66, 0x5D, 0x75, 0x25, 0xED, 0x8A,
    0x2B, 0x18, 0xF5, 0xCA, 0x3F, 0xD5, 0x17, 0xC3, 0xCF, 0xB1, 0x5A, 0xC1, 0x74, 0xD5, 0x2E, 0x43,
    0xE0, 0xCD, 0xAE, 0x66, 0xB4, 0xF3, 0xC3, 0xA8, 0xEE, 0x83, 0xE5, 0x7D, 0xF8, 0x7E, 0x99, 0x39,
    0x9A, 0x13, 0x28, 0x93, 0x1C, 0x03, 0xFD, 0x36, 0x20, 0x7D, 0x8D, 0x02, 0xF1, 0x78, 0xCF, 0xEB,
    0xBE, 0x0A, 0x1C, 0x7F, 0x15, 0xE4, 0x4D, 0x81, 0x9C, 0xCF, 0xC1, 0xC2, 0x20, 0xC9, 0x8F, 0x9C,
    0x50, 0xE6, 0x7B, 0x50, 0xD2, 0x2C, 0x4F, 0xCA, 0x57, 0x25, 0x81, 0xE6, 0x40, 0xA0, 0xBA, 0x74,
    0x07, 0xD1, 0xD5, 0x4D, 0xB6, 0x2F, 0xE1, 0xDF, 0xBB, 0x5E, 0x1D, 0x34, 0x10, 0xD9, 0x8F, 0xAE,
    0x51, 0x4A, 0xBC, 0x4A, 0xF6, 0xE3, 0x63, 0x7D, 0xC6, 0x3F, 0xAB, 0x84, 0x73, 0x98, 0xD4, 0x71,
    0x19, 0x95, 0xEC, 0x03, 0xB6, 0x0C, 0x86, 0x47, 0x32, 0xB0, 0xFD, 0x47, 0x9C, 0xF3, 0x14, 0xCB,
    0x85, 0x4A, 0x14, 0xD7, 0x17, 0xA8, 0x85, 0x1C, 0x0F, 0x73, 0x9C, 0x82, 0x86, 0x90, 0x2B, 0x69,
    0x07, 0x1A, 0x39, 0x85, 0x7D, 0x5C, 0xEF, 0xC9, 0xF7, 0xF1, 0xED, 0xD7, 0x4A, 0xF9, 0x2E, 0xAD,
    0x4A, 0x45, 0xE0, 0x08, 0x66, 0xDA, 0x1A, 0x05, 0x13, 0xE8, 0x35, 0x30, 0x2E, 0x80, 0x36, 0x46,
    0x41, 0x61, 0x00, 0x2B, 0x49, 0xC1, 0x0D, 0x6A, 0xFE, 0x0D, 0xCA, 0xF4, 0x48, 0x92, 0x51, 0xAA,
    0x7F, 0x3E, 0x9C, 0xAF, 0x56, 0xAE, 0xAF, 0xC6, 0xA3, 0xA2, 0x4C, 0xDB, 0x23, 0x8A, 0x64, 0x03,
    0xAA, 0x13, 0x20, 0x5F, 0x01, 0x7B, 0xBD, 0xD1, 0x82, 0x54, 0xD7, 0xBA, 0x3E, 0x70, 0xED, 0x9C,
    0xC3, 0xEF, 0x8C, 0xB4, 0x19, 0x34, 0x8D, 0x2B, 0x50, 0xB8, 0x9F, 0x2E, 0xA0, 0x72, 0xF7, 0xD8,
    0x5A, 0x81, 0x6C, 0x0D, 0x12, 0xF7, 0xF1, 0x80, 0x05, 0x0D, 0xE0, 0x13, 0xC8, 0x35, 0x02, 0xB3,
    0x69, 0x0A, 0xD4, 0x82, 0xA9, 0x35, 0x3B, 0x09, 0xBA, 0xE3, 0x80, 0xCA, 0x04, 0xAF, 0x20, 0x6A,
    0x76, 0x25, 0xA2, 0x6C, 0x3F, 0x04, 0xAD, 0x09, 0x25, 0x9D, 0xD0, 0x5C, 0xD2, 0x5A, 0xC5, 0x4D,
    0xD6, 0x15, 0x7D, 0xD1, 0x67, 0x1D, 0xCC, 0x48, 0x29, 0x1E, 0x16, 0x41, 0xAD, 0xB6, 0xC0, 0xD1,
    0x8C, 0x70, 0xA6, 0x33, 0xC9, 0x66, 0x9A, 0x29, 0xEF, 0xAF, 0x25, 0x1B, 0xE5, 0x9B, 0xB0, 0xD3,
    0x27, 0xDE, 0xE3, 0xD6, 0x7B, 0xD8, 0xBC, 0x53, 0x77, 0xBB, 0x80, 0x95, 0xFD, 0xEE, 0x6D, 0xF4,
    0x85, 0xC9, 0x6F, 0x0A, 0x74, 0x96, 0x62, 0x01, 0xC3, 0xA4, 0x60, 0x72, 0xAF, 0xE3, 0x3A, 0x5C,
    0x2E, 0xB4, 0xE1, 0xB3, 0x75, 0x71, 0x63, 0xCA, 0x0F, 0x61, 0x01, 0x06, 0xF1, 0xAA, 0xDB, 0x70,
    0xB0, 0xDF, 0x12, 0x68, 0x1E, 0xDC, 0x4C, 0x02, 0x04, 0x15, 0x03, 0x35, 0x41, 0x07, 0x43, 0xAB,
    0xAB, 0x58, 0xAA, 0xCB, 0x33, 0x17, 0x2F, 0xE4, 0x0F, 0x00, 0x5B, 0xFB, 0xED, 0x19, 0x5E, 0x13,
    0x86, 0x24, 0x22, 0x2B, 0x31, 0x54, 0x07, 0xFA, 0x79, 0x40, 0x8D, 0x84, 0x34, 0xBE, 0x05, 0xDE,
    0xEC, 0x45, 0x61, 0x9C, 0xF9, 0x09, 0xFD, 0x09, 0xEE, 0x14, 0x94, 0x25, 0xFD, 0xD0, 0x1F, 0x0E,
    0x8B, 0x3A, 0xEB, 0x6A, 0x3A, 0x58, 0x35, 0x7A, 0xD9, 0x68, 0xB8, 0xFE, 0x47, 0xA3, 0xA6, 0x6B,
    0x8A, 0x4F, 0x6B, 0x83, 0x4F, 0x6B, 0x63, 0x6F, 0xD5, 0x38, 0xA0, 0x8F, 0xE3, 0xA0, 0x3D, 0xAD,
    0x37, 0x1E, 0xC5, 0xBB, 0xD0, 0x06, 0x66, 0xE3, 0x61, 0xC3, 0x06, 0x3C, 0xC6, 0xE7, 0xDA, 0x48,
    0x24, 0xFA, 0x61, 0x23, 0x1F, 0x3A, 0xC8, 0x24, 0x41, 0xDF, 0x58, 0x31, 0xFB, 0xB2, 0xA3, 0x83,
    0x60, 0xD8, 0xBB, 0xB4, 0x61, 0xF8, 0x96, 0xD7, 0xA9, 0x51, 0xE1, 0xBA, 0x5A, 0x4C, 0x4C, 0x9C,
    0x6B, 0x23, 0x81, 0x8E, 0xA9, 0xA5, 0xD8, 0x93, 0xA5, 0xB1, 0x2F, 0xB6, 0x82, 0x94, 0xFA, 0xB8,
    0x5E, 0x28, 0xD7, 0x3B, 0x8B, 0x36, 0x78, 0x7F, 0xB3, 0xDC, 0x48, 0xE7, 0x85, 0xF7, 0x6F, 0x1E,
    0xAE, 0x78, 0xBF, 0xBE, 0xF4, 0xA0, 0x8D, 0x61, 0x69, 0x18, 0xEF, 0xD7, 0x17, 0x5D, 0xE2, 0xE7,
    0x3A, 0x36, 0x85, 0x94, 0xE4, 0x4B, 0x63, 0x8F, 0x6B, 0x9C, 0x8D, 0x7D, 0x1A, 0x0C, 0x36, 0x06,
    0x5A, 0x0D, 0x34, 0xFC, 0x6E, 0xD7, 0x16, 0x60, 0xD0, 0xD0, 0x7E, 0xA0, 0x11, 0xE9, 0xC2, 0x66,
    0x5C, 0x91, 0xD3, 0x92, 0x40, 0x4D, 0x18, 0xD2, 0xA4, 0x0C, 0x1C, 0x38, 0xF6, 0xEE, 0x4A, 0xF6,
    0xC3, 0x62, 0x9F, 0xFC, 0x95, 0x32, 0xAF, 0xCD, 0x2B, 0xED, 0x0C, 0x9E, 0xC6, 0xD4, 0xFA, 0xB5,
    0x1A, 0x22, 0x4A, 0x46, 0x49, 0xA4, 0xD9, 0xD1, 0x27, 0xD5, 0xEE, 0xF0, 0x69, 0x6D, 0xC8, 0x42,
    0xB8, 0x52, 0xA9, 0xF3, 0xA9, 0x21, 0x16, 0x3E, 0xA6, 0x4D, 0x52, 0xC6, 0x68, 0x98, 0xB4, 0x73,
    0x5A, 0x27, 0xED, 0x3C, 0x2A, 0xE9, 0x8E, 0xCD, 0x9F, 0x2E, 0x62, 0xF1, 0x86, 0x45, 0x2C, 0x59,
    0xBB, 0x98, 0x4E, 0x98, 0x2D, 0x5D, 0x67, 0x7C, 0x2E, 0xAA, 0x03, 0x93, 0x3A, 0x66, 0xC7, 0x1A,
    0x50, 0xE7, 0x41, 0x2E, 0xA8, 0x86, 0xEF, 0x22, 0x32, 0x82, 0xED, 0x1C, 0xE4, 0x7F, 0xE1, 0xBC,
    0xA5, 0xF2, 0x3A, 0xFF, 0x8B, 0x9E, 0x96, 0x2D, 0x68, 0x83, 0x7B, 0x3D, 0xCD, 0x1B, 0x26, 0xF5,
    0x72, 0x6F, 0x8C, 0x5D, 0x52, 0xA3, 0x8D, 0x51, 0xF7, 0x7D, 0x6D, 0xEC, 0x4A, 0x67, 0x93, 0x00,
    0x07, 0xEC, 0x9B, 0xD9, 0x0E, 0xCC, 0x03, 0xE1, 0x69, 0x6B, 0x50, 0xAB, 0x75, 0xD5, 0x53, 0x2F,
    0xB5, 0x91, 0x2E, 0x76, 0x80, 0x81, 0x73, 0x8C, 0x6E, 0x10, 0x75, 0xE8, 0x15, 0x2F, 0xF7, 0x56,
    0x2F, 0xBF, 0x34, 0x01, 0x30, 0x9E, 0x64, 0xE7, 0xE4, 0x8B, 0xDE, 0xB8, 0xEA, 0xB1, 0x6E, 0xEF,
    0x4B, 0x3C, 0x99, 0x7D, 0x86, 0xB3, 0x54, 0x9B, 0x37, 0x8B, 0xF7, 0x63, 0x84, 0x3D, 0xC3, 0x24,
    0xE1, 0x78, 0x04, 0x83, 0x04, 0x1B, 0xDA, 0xA7, 0x4D, 0xD4, 0xC2, 0x6B, 0xE7, 0x5E, 0x75, 0x7F,
    0xE9, 0x34, 0x92, 0x45, 0x26, 0x86, 0x2C, 0xF4, 0x8A, 0x26, 0xBB, 0x5B, 0x95, 0xEB, 0x85, 0xF8,
    0xC4, 0xEB, 0x6F, 0x0D, 0xD9, 0x9C, 0x79, 0xEA, 0x64, 0x31, 0x59, 0x8A, 0x82, 0x4F, 0x55, 0xFF,
    0xC2, 0x4F, 0x55, 0xDE, 0xD1, 0x77, 0x54, 0x22, 0xB1, 0xC5, 0xCF, 0x17, 0x2C, 0xBA, 0xDB, 0xB5,
    0xA8, 0x79, 0xC7, 0x53, 0x74, 0x57, 0x26, 0x5B, 0xB5, 0xB3, 0x69, 0x12, 0xC9, 0x07, 0x97, 0x85,
    0x2D, 0x04, 0x28, 0x25, 0xC4, 0xAE, 0xDA, 0x11, 0x99, 0x0C, 0x31, 0xDD, 0x69, 0xA3, 0x4B, 0x02,
    0xEB, 0x97, 0x0B, 0x82, 0xA2, 0xDA, 0xB5, 0xE8, 0x6B, 0xDF, 0x84, 0x32, 0xA8, 0xF9, 0xE5, 0xF4,
    0x04, 0xB4, 0xDB, 0x0D, 0xAC, 0x78, 0x47, 0xA4, 0x71, 0xE4, 0xA2, 0x24, 0x1A, 0x4D, 0x91, 0x50,
    0x43, 0xA9, 0x31, 0x6F, 0x5E, 0xC2, 0x26, 0x56, 0x24, 0x7F, 0x79, 0x98, 0x4E, 0x96, 0xB0, 0x61,
    0x21, 0x5E, 0xE9, 0x0C, 0x9D, 0x69, 0xF2, 0x4F, 0x95, 0x96, 0x3D, 0xD5, 0x45, 0xF9, 0x63, 0x09,
    0x5F, 0xB2, 0x09, 0x0F, 0x6F, 0xDB, 0x0C, 0xCF, 0x41, 0x69, 0x61, 0x1B, 0xFF, 0xFB, 0xA8, 0xB2,
    0x04, 0xE5, 0xEC, 0x20, 0x4F, 0x7D, 0xBD, 0xC8, 0x4C, 0x33, 0xB7, 0xE0, 0x7C, 0xD7, 0x9A, 0x8E,
    0x31, 0xC3, 0xD8, 0xFC, 0x77, 0x2C, 0xCF, 0x78, 0xA9, 0x96, 0xB6, 0xD9, 0x2C, 0x7F, 0x51, 0xEF,
    0xFF, 0x52, 0xCA, 0x10, 0x97, 0x2B, 0x2A, 0x2D, 0xA9, 0xFF, 0x0F, 0xCB, 0xE4, 0x5D, 0xB3, 0xB5,
    0xDE, 0x5F, 0x26, 0x11, 0x38, 0xCD, 0x27, 0xB6, 0x1A, 0x64, 0xE0, 0x1A, 0x1B, 0xC1, 0x83, 0xDA,
    0x32, 0x5F, 0x32, 0xA1, 0xEE, 0x30, 0x02, 0x1B, 0x74, 0x28, 0x12, 0x83, 0x11, 0x4F, 0x1B, 0xE1,
    0x62, 0xFA, 0x2E, 0x2D, 0x19, 0xF8, 0x8A, 0x1D, 0x8C, 0xEE, 0x2D, 0x8D, 0x85, 0x25, 0x32, 0x65,
    0xA4, 0x93, 0x2D, 0x6D, 0x90, 0xB1, 0x5C, 0x36, 0xAC, 0x19, 0x73, 0x2A, 0xB8, 0x78, 0xDD, 0x30,
    0x06, 0xD7, 0x2C, 0xAE, 0x98, 0xC4, 0xB3, 0xC6, 0x26, 0x9E, 0x3D, 0x50, 0x46, 0x11, 0x5F, 0x19,
    0xAB, 0x71, 0x6D, 0xCC, 0x7A, 0x45, 0x6D, 0xEC, 0x6A, 0xEA, 0xD3, 0x28, 0x87, 0x0C, 0x13, 0xAF,
    0x5A, 0x6D, 0x07, 0x04, 0x24, 0xAE, 0x1A, 0x68, 0xE4, 0xBC, 0x59, 0xCD, 0x7B, 0x91, 0x73, 0x4A,
    0x8A, 0x92, 0x5C, 0xBB, 0x92, 0xD1, 0x14, 0x92, 0x6C, 0xC0, 0x6F, 0x2C, 0xD4, 0x19, 0x2C, 0x64,
    0x9D, 0x29, 0x1C, 0x83, 0xEE, 0x29, 0xF7, 0x8D, 0xC5, 0x4C, 0xB5, 0x23, 0x53, 0x9E, 0x12, 0x30,
    0xF4, 0xAA, 0xCE, 0x54, 0x0A, 0x7F, 0x2B, 0x72, 0x08, 0x72, 0x72, 0xCD, 0x95, 0x67, 0x4E, 0x41,
    0x64, 0x99, 0xF2, 0x07, 0x5A, 0xDA, 0x79, 0x5B, 0xB6, 0x9E, 0xEE, 0xB7, 0xEA, 0x20, 0x0A, 0x35,
    0x92, 0xF0, 0x75, 0x22, 0x3D, 0xD3, 0xBF, 0x76, 0x53, 0x0E, 0x09, 0xCC, 0x64, 0x99, 0x1C, 0x23,
    0xCB, 0x09, 0x0F, 0x8E, 0xAB, 0x2E, 0xC5, 0x3C, 0x29, 0x9C, 0xC9, 0xF8, 0xD9, 0x59, 0x99, 0xBC,
    0xA1, 0x30, 0x53, 0x98, 0x2A, 0xBC, 0x20, 0xC7, 0x44, 0x90, 0xC9, 0x13, 0xD0, 0xAA, 0x64, 0xAA,
    0x42, 0x26, 0xA0, 0xAF, 0x86, 0x15, 0x8B, 0x4C, 0xCC, 0xBE, 0x52, 0x85, 0x99, 0xC2, 0x1B, 0x84,
    0x67, 0x27, 0x04, 0x50, 0xA4, 0x2A, 0x5B, 0xCA, 0x3F, 0x12, 0xE5, 0x1B, 0xD1, 0x29, 0x33, 0xC6,
    0xD8, 0x5A, 0x1B, 0x5E, 0x38, 0x8E, 0x7C, 0x55, 0xE8, 0x58, 0x67, 0x33, 0x1B, 0xAD, 0x46, 0xA8,
    0x13, 0x4B, 0x65, 0x8B, 0x9A, 0x10, 0xE3, 0xBE, 0x26, 0xF2, 0xE3, 0x17, 0x8D, 0xAF, 0xA0, 0x65,
    0x66, 0x13, 0xF7, 0x09, 0x23, 0xF0, 0x21, 0xED, 0x56, 0xED, 0xB0, 0x8D, 0x4E, 0x0B, 0x0A, 0x9F,
    0x7F, 0x8E, 0x10, 0x00, 0xB0, 0xAE, 0xC9, 0x6A, 0xA5, 0x16, 0x3A, 0xFD, 0x6E, 0x4D, 0x79, 0x0C,
    0xA2, 0x0B, 0xB5, 0x5A, 0x27, 0xDF, 0x72, 0xF2, 0x5D, 0x1C, 0x7F, 0x57, 0xFA, 0x3E, 0x5A, 0xDE,
    0xA9, 0x1B, 0x59, 0x65, 0x95, 0x8B, 0xBC, 0x8B, 0xEC, 0x3C, 0x1E, 0xB8, 0xD6, 0x07, 0xF9, 0x4D,
    0x0D, 0xC4, 0xB5, 0x94, 0xB1, 0xDE, 0xD9, 0x69, 0xB6, 0x14, 0xB5, 0x15, 0x5C, 0x7F, 0x52, 0xBE,
    0xA5, 0x09, 0xC3, 0x7A, 0x50, 0x89, 0x75, 0x4E, 0x1A, 0x93, 0xF9, 0xA9, 0x97, 0x9C, 0x7E, 0x15,
    0xA7, 0x5C, 0xD5, 0x72, 0x1D, 0x6D, 0xAE, 0x54, 0x2B, 0xCB, 0x48, 0x16, 0xCB, 0x24, 0xCF, 0x9A,
    0xA2, 0xCE, 0xDA, 0xAA, 0x26, 0x4E, 0xCA, 0xF4, 0xA4, 0x8E, 0x3C, 0x33, 0x5A, 0xE8, 0x51, 0x6F,
    0x9B, 0x63, 0x9D, 0x35, 0xF8, 0xF9, 0x5D, 0x2A, 0x54, 0x5A, 0x6A, 0xAC, 0x0F, 0xC4, 0xC8, 0x1F,
    0xC8, 0x73, 0x56, 0xD1, 0x42, 0x28, 0x40, 0x94, 0x95, 0x6A, 0x9C, 0x61, 0x9D, 0x48, 0x4A, 0x6A,
    0x28, 0x69, 0x16, 0x54, 0xB0, 0xAF, 0x35, 0xB2, 0x9B, 0x9B, 0x6F, 0x9A, 0x55, 0xCB, 0xCC, 0xBE,
    0x67, 0x46, 0x59, 0xA6, 0xD9, 0x18, 0x69, 0xA5, 0x23, 0x05, 0x62, 0xD2, 0x59, 0x58, 0xC5, 0x18,
    0x59, 0x19, 0x8D, 0x7C, 0x75, 0xBE, 0x9A, 0x96, 0x6A, 0xA0, 0x22, 0x4B, 0xCF, 0x36, 0x61, 0x6B,
    0x6E, 0xF5, 0x3E, 0x0B, 0x5B, 0x97, 0xAC, 0xE5, 0x69, 0x61, 0x6B, 0x04, 0x45, 0x88, 0xDD, 0x18,
    0x3B, 0x16, 0xA7, 0x10, 0x1E, 0x8C, 0xEA, 0xAF, 0xB2, 0x59, 0x0D, 0xEB, 0x9E, 0x33, 0x84, 0x3B,
    0x44, 0xA0, 0x15, 0x2E, 0x77, 0x17, 0x7C, 0x10, 0xC1, 0x7D, 0x11, 0xC1, 0x6D, 0x11, 0x21, 0xB4,
    0x20, 0x82, 0x17, 0x25, 0x02, 0x07, 0xFB, 0xCC, 0xDC, 0x0B, 0xA2, 0x7D, 0x70, 0xA7, 0x28, 0xAD,
    0x15, 0xC5, 0xAD, 0xA2, 0xA8, 0x53, 0x14, 0x0C, 0xFB, 0x5A, 0x50, 0x18, 0xAD, 0xEA, 0x34, 0x19,
    0xAA, 0x0C, 0xD1, 0x38, 0x02, 0xA5, 0x56, 0x85, 0x8A, 0x59, 0x77, 0xEB, 0x29, 0x90, 0x0C, 0x68,
    0x61, 0x49, 0x93, 0xDE, 0xEF, 0x6B, 0x73, 0xDA, 0x0A, 0xC3, 0x8A, 0x76, 0x8B, 0xED, 0xEB, 0x1B,
    0x7E, 0x57, 0xCE, 0x9F, 0x31, 0x93, 0x1A, 0xAD, 0xA2, 0xC4, 0xE2, 0x56, 0xE7, 0x5F, 0xD3, 0xF9,
    0x27, 0x2D, 0x9D, 0x7F, 0xD4, 0xD1, 0xF9, 0x07, 0x6A, 0x8F, 0x83, 0x91, 0xD3, 0xE5, 0x8F, 0x99,
    0xE6, 0x80, 0xD4, 0x21, 0x6F, 0x56, 0xC7, 0x7E, 0x0C, 0xAA, 0xB4, 0xA7, 0x6A, 0x0D, 0xBD, 0x51,
    0x23, 0xB7, 0x91, 0xCE, 0xDF, 0x1F, 0xE8, 0xBB, 0x82, 0x9E, 0xBD, 0x85, 0x5D, 0xA2, 0xE5, 0xB9,
    0x88, 0x3A, 0xC5, 0x0D, 0x06, 0xCE, 0xAD, 0x2B, 0x39, 0xD7, 0x99, 0x65, 0x1F, 0x5A, 0xC0, 0x97,
    0xF3, 0xB6, 0xAF, 0x13, 0xD4, 0x1B, 0x4F, 0xA7, 0x2C, 0x99, 0x97, 0x37, 0xBE, 0x62, 0xB5, 0x87,
    0xAF, 0xBC, 0x80, 0x7C, 0x59, 0x95, 0x25, 0x1C, 0x6D, 0x89, 0x9B, 0x0D, 0x27, 0x5F, 0x53, 0xCC,
    0xDD, 0x85, 0x56, 0xC3, 0xB7, 0x5C, 0xFE, 0xE4, 0x05, 0x9D, 0xB5, 0x0F, 0x2C, 0x0F, 0xB8, 0xFF,
    0xB6, 0x6E, 0x65, 0xB1, 0xBC, 0xF8, 0xE7, 0x56, 0x48, 0xB8, 0x56, 0x9E, 0x58, 0x7D, 0x2F, 0x14,
    0x5F, 0x5E, 0x4F, 0xFF, 0x17, 0x8C, 0x34, 0x48, 0xE1, 0x14, 0x8F, 0xAB, 0xB6, 0xDF, 0x2F, 0xB5,
    0xB2, 0x17, 0x76, 0x95, 0x9D, 0x43, 0x6E, 0x71, 0x27, 0xA9, 0xFD, 0x21, 0xEC, 0xA2, 0xD6, 0x1B,
    0xD2, 0x5C, 0x8E, 0x26, 0x2B, 0xF1, 0x30, 0x46, 0xCF, 0xC0, 0xE3, 0x74, 0xC4, 0x9E, 0xCB, 0xB8,
    0x89, 0x9B, 0x0C, 0xAD, 0xDF, 0x12, 0x59, 0x42, 0x01, 0xEF, 0x3D, 0x39, 0x9B, 0xD3, 0xDC, 0xF6,
    0x49, 0xA9, 0x3B, 0x96, 0x05, 0xB9, 0x93, 0xCA, 0xEC, 0x28, 0x4B, 0x64, 0x93, 0x9A, 0x70, 0x06,
    0xED, 0xF1, 0xA4, 0xA5, 0x3B, 0x18, 0x57, 0x72, 0x7F, 0xE0, 0xB8, 0xB9, 0xE8, 0xF7, 0x15, 0xCB,
    0xB6, 0x61, 0x5B, 0xE4, 0x2C, 0x6F, 0xD7, 0x45, 0xA9, 0x8E, 0x21, 0x23, 0x3A, 0x54, 0xE4, 0x31,
    0x22, 0xC8, 0x6A, 0x6E, 0x0C, 0x22, 0x19, 0x89, 0x6B, 0x45, 0x20, 0xB1, 0x40, 0x5E, 0x74, 0x83,
    0x2E, 0x23, 0xF9, 0x62, 0xA4, 0x1F, 0x8B, 0x7F, 0xD9, 0x71, 0xB0, 0x98, 0xBB, 0x43, 0xA3, 0xEE,
    0xAC, 0x04, 0xBD, 0xD6, 0xFB, 0x19, 0xF9, 0x83, 0x5B, 0x74, 0xCF, 0x44, 0xB7, 0xB2, 0x24, 0x8B,
    0xE6, 0xF4, 0x07, 0x3A, 0x41, 0xAF, 0xDB, 0x6C, 0x89, 0xBC, 0x25, 0x5B, 0x49, 0x8B, 0x6D, 0x53,
    0x42, 0x08, 0xC6, 0xA7, 0xBF, 0xA4, 0x70, 0xE9, 0x29, 0x1B, 0x4B, 0xCC, 0xE6, 0x1A, 0x43, 0xF5,
    0xEF, 0xCD, 0xB9, 0xBC, 0x31, 0x29, 0xB7, 0x7E, 0xAF, 0x88, 0x44, 0x0C, 0x5A, 0xB3, 0xE4, 0xC4,
    0x1F, 0x47, 0xA1, 0xA1, 0x68, 0x83, 0x3A, 0x15, 0xF9, 0x16, 0x42, 0xFC, 0xC8, 0x6C, 0xF9, 0x52,
    0xAB, 0x28, 0x33, 0xF4, 0x67, 0x86, 0xFE, 0xC5, 0xD0, 0x2F, 0x15, 0x79, 0x5F, 0x36, 0xDA, 0xDF,
    0xBF, 0x2B, 0x0A, 0x7F, 0xD8, 0xF0, 0xF1, 0x18, 0x39, 0x21, 0x46, 0xBF, 0x84, 0xB8, 0x14, 0xCA,
    0x37, 0x32, 0x0C, 0xAD, 0x1E, 0x74, 0xF1, 0x23, 0x3A, 0xFD, 0x92, 0x3B, 0xCF, 0xDE, 0xD5, 0x55,
    0xBD, 0xD4, 0x54, 0x78, 0xC9, 0x92, 0x16, 0xAE, 0x2D, 0x31, 0x0E, 0x1E, 0xD9, 0x47, 0xE5, 0xCB,
    0xCA, 0xFB, 0xDD, 0xED, 0x29, 0x8E, 0x6C, 0x3F, 0x3E, 0xB5, 0xAC, 0xF1, 0x48, 0x05, 0x02, 0x7B,
    0x4C, 0x53, 0xED, 0x95, 0xF2, 0xFB, 0x2F, 0xA7, 0x08, 0xEE, 0x6A, 0x05, 0xD7, 0x9F, 0x83, 0x51,
    0xB3, 0x4B, 0x75, 0x4C, 0xC1, 0x64, 0xFE, 0x69, 0xF0, 0xFB, 0xA7, 0xC4, 0x4E, 0x2F, 0xC9, 0xF4,
    0xCB, 0x1D, 0x0B, 0x35, 0xAC, 0x5C, 0x13, 0x1B, 0xCA, 0x6C, 0x3D, 0x2C, 0xA7, 0x32, 0xDA, 0x27,
    0x78, 0xFF, 0x55, 0x8F, 0x86, 0x34, 0x4F, 0x39, 0x1A, 0xE2, 0x9F, 0x72, 0x34, 0x04, 0x0F, 0xDE,
    0xB4, 0x52, 0xCF, 0x27, 0xE5, 0x26, 0x32, 0x58, 0x1F, 0x0D, 0x19, 0xB7, 0x4F, 0x81, 0x9C, 0x8A,
    0xBE, 0xFA, 0x68, 0x48, 0xB7, 0x46, 0x91, 0xD6, 0x81, 0x0C, 0x6A, 0x66, 0x61, 0x11, 0xFD, 0x09,
    0xA8, 0x59, 0x40, 0xBA, 0x9C, 0xFE, 0xE1, 0xCE, 0x6A, 0x56, 0xFA, 0x96, 0xA3, 0x3A, 0x85, 0xC5,
    0x13, 0x29, 0x99, 0xDD, 0x29, 0x34, 0x88, 0xE7, 0x77, 0x74, 0x4D, 0x65, 0xDC, 0x2D, 0x5A, 0x65,
    0xA7, 0x7A, 0x68, 0xE7, 0xD4, 0x8C, 0x54, 0x87, 0x2A, 0xB7, 0x76, 0xB6, 0xAA, 0xC1, 0x96, 0xA3,
    0xFE, 0x9B, 0xFD, 0xEC, 0x5A, 0xAB, 0xD9, 0x0A, 0x67, 0xDD, 0x1B, 0x4C, 0x93, 0x7A, 0x2D, 0xFF,
    0x04, 0xA6, 0x2D, 0x54, 0x80, 0x56, 0x51, 0xA4, 0x0E, 0x50, 0x85, 0x0D, 0x99, 0xEF, 0x2B, 0x52,
    0xFD, 0x8E, 0x5A, 0xDD, 0xEB, 0x8B, 0x2C, 0x1D, 0x8F, 0xDA, 0xF8, 0x38, 0xD2, 0x7A, 0x5E, 0xAB,
    0xF3, 0x1F, 0x37, 0x01, 0x87, 0x8D, 0x1B, 0x8F, 0xE2, 0x82, 0x9B, 0x62, 0x04, 0x0E, 0xC4, 0xC2,
    0x0B, 0x43, 0xB4, 0xCA, 0x50, 0x66, 0x08, 0xCE, 0x28, 0xAE, 0x47, 0x2D, 0xD0, 0xDD, 0x9B, 0xF4,
    0xE6, 0xBD, 0x19, 0xCE, 0x0B, 0x37, 0x1D, 0xB7, 0x0D, 0xE3, 0x5A, 0x4F, 0xD8, 0x24, 0xA5, 0x6A,
    0x9C, 0x6D, 0x2E, 0xAE, 0xF6, 0x17, 0xCC, 0x9F, 0x9C, 0xB3, 0xE3, 0x39, 0x7B, 0x36, 0xC3, 0xC5,
    0xB2, 0xB5, 0x62, 0x4A, 0x97, 0x2E, 0x66, 0x37, 0x2C, 0x37, 0x91, 0xB0, 0x55, 0x4E, 0x16, 0x85,
    0x30, 0x7F, 0x95, 0x94, 0x9B, 0x70, 0xF9, 0xC9, 0xD7, 0x7B, 0xDC, 0x9A, 0x49, 0xDC, 0x83, 0x5A,
    0x13, 0xA3, 0x1A, 0xB1, 0x05, 0x95, 0x53, 0x4B, 0x85, 0xAA, 0x97, 0xB5, 0xF2, 0x58, 0x6B, 0x6E,
    0x56, 0x73, 0xC8, 0xA2, 0xA6, 0x12, 0x57, 0x9A, 0xAA, 0x3D, 0x56, 0xF8, 0x80, 0xD0, 0xFB, 0x39,
    0x61, 0xF0, 0xE9, 0x1A, 0x96, 0xD1, 0x15, 0xE4, 0x87, 0x75, 0xCC, 0xCD, 0xC5, 0xE6, 0x22, 0x1D,
    0x39, 0x73, 0x29, 0x84, 0x3E, 0x1D, 0xB7, 0xC5, 0xCE, 0x8B, 0xA7, 0x01, 0xC6, 0xD6, 0x61, 0xB0,
    0xC8, 0xF6, 0x00, 0x9B, 0xCD, 0xDC, 0x5B, 0x1D, 0xAF, 0x91, 0xE7, 0x91, 0xF2, 0x4B, 0x9B, 0xA2,
    0xB7, 0xD5, 0xB5, 0x03, 0x5D, 0x45, 0xF1, 0x67, 0x83, 0x6D, 0x64, 0xEA, 0xC1, 0x33, 0x4E, 0xE5,
    0xB9, 0xE7, 0x8C, 0xF2, 0xE8, 0xF6, 0x26, 0x17, 0xB6, 0x54, 0xB8, 0xB3, 0x4C, 0x38, 0xEC, 0xE5,
    0x2B, 0x5E, 0x5F, 0x2B, 0xCD, 0xB6, 0xCD, 0x52, 0x95, 0xA4, 0xD6, 0xDD, 0xA3, 0x1B, 0xB6, 0xF6,
    0xDE, 0x76, 0xFE, 0xFA, 0xBC, 0x69, 0x88, 0xEE, 0xA0, 0x04, 0xBA, 0x81, 0x62, 0x5B, 0x25, 0x51,
    0xB9, 0x81, 0x76, 0x67, 0xD9, 0x3B, 0x79, 0x72, 0xEB, 0xE4, 0xEB, 0xA5, 0x1C, 0xA3, 0x5F, 0xD5,
    0xE1, 0x3F, 0xC1, 0xD0, 0x3C, 0x19, 0x05, 0x37, 0xC6, 0x13, 0x31, 0x61, 0x4F, 0x0A, 0x9A, 0x60,
    0x20, 0x09, 0x65, 0x30, 0x90, 0x86, 0x3C, 0x18, 0x48, 0x84, 0xE6, 0x00, 0x3C, 0x95, 0xD1, 0x82,
    0x8C, 0x1B, 0x5E, 0x55, 0x82, 0x82, 0xB9, 0xD2, 0xF3, 0x48, 0x34, 0xD3, 0xA0, 0x84, 0x05, 0xA4,
    0x2C, 0xA7, 0x9B, 0x20, 0x2D, 0x4E, 0x2B, 0x3B, 0x51, 0xA1, 0xE5, 0x9E, 0x18, 0x3D, 0x7C, 0x14,
    0x37, 0x97, 0xE2, 0x2E, 0xEC, 0x40, 0x0F, 0x82, 0xF0, 0xDA, 0xA3, 0xE7, 0x9C, 0x49, 0x11, 0x8F,
    0x96, 0x91, 0x24, 0x3D, 0xD5, 0x5A, 0xB9, 0x11, 0x8E, 0xE3, 0x10, 0x36, 0xFC, 0x08, 0xF6, 0xCE,
    0x21, 0x31, 0x99, 0x31, 0xEC, 0x5D, 0x2D, 0x33, 0x9D, 0x56, 0xFE, 0x2A, 0xD5, 0xD5, 0x32, 0xED,
    0xD8, 0x89, 0x7B, 0x6F, 0x75, 0xAA, 0xB5, 0x94, 0x37, 0x06, 0xB3, 0x88, 0xC1, 0x7D, 0x11, 0xA3,
    0x25, 0x57, 0x63, 0xAD, 0xE5, 0xC2, 0x79, 0x49, 0x70, 0x96, 0xCD, 0x05, 0x5A, 0x24, 0xC6, 0x7A,
    0xBA, 0x69, 0xB3, 0xB7, 0xD9, 0xEB, 0xDF, 0x9A, 0x2C, 0xC8, 0x8A, 0xB4, 0x0D, 0xFE, 0xE4, 0x8F,
    0xA0, 0x8D, 0xB9, 0xFA, 0x04, 0x9E, 0xA6, 0xB4, 0xF4, 0x46, 0x1E, 0x8F, 0xCD, 0xF2, 0xA2, 0xCD,
    0x3E, 0x74, 0x79, 0x86, 0xF9, 0xCE, 0xEE, 0x1F, 0xA7, 0x0D, 0x7C, 0xBC, 0x15, 0x0D, 0xDE, 0xE8,
    0x3B, 0x0D, 0x96, 0x72, 0x3B, 0xB7, 0x1A, 0xD8, 0x27, 0x3A, 0x38, 0x85, 0x34, 0x5A, 0xA8, 0x11,
    0xE6, 0xCF, 0x60, 0xEC, 0x7D, 0x66, 0x98, 0x94, 0x0B, 0x9C, 0x17, 0x14, 0x20, 0xFD, 0x4E, 0x2B,
    0xFB, 0xF0, 0x92, 0x9D, 0xEC, 0x40, 0x2B, 0x5F, 0xF9, 0x8D, 0x8E, 0x7D, 0xC8, 0x23, 0xA3, 0xC1,
    0xE4, 0xBB, 0x60, 0x26, 0x96, 0x03, 0x6F, 0x38, 0x6D, 0x59, 0xFF, 0xBA, 0xC7, 0xBD, 0xA8, 0x1E,
    0x07, 0x2B, 0x09, 0x8A, 0x12, 0xE8, 0x81, 0x26, 0x79, 0x73, 0x33, 0x1E, 0xD6, 0x04, 0x9C, 0x3C,
    0xD5, 0xE2, 0x78, 0xDD, 0x98, 0xF9, 0xEB, 0xFA, 0xAD, 0x75, 0x38, 0x6F, 0xF3, 0xFE, 0x03, 0x0F,
    0x61, 0x20, 0xA8, 0x3C, 0xAF, 0xFE, 0xD9, 0xD6, 0xA9, 0x63, 0x34, 0x86, 0xB8, 0x2F, 0x96, 0x5F,
    0x5F, 0xE7, 0xBB, 0xB6, 0xBD, 0xC6, 0xEA, 0x67, 0x08, 0x6E, 0xE3, 0x9B, 0x1D, 0x74, 0x74, 0x44,
    0xE0, 0x7A, 0x71, 0x5D, 0x00, 0xD3, 0xD7, 0x55, 0x06, 0x4C, 0x5C, 0x44, 0x8B, 0x18, 0xF4, 0x2A,
    0x37, 0xD7, 0xD3, 0x2A, 0xC7, 0xC7, 0xAA, 0xC4, 0xAF, 0xD2, 0x1C, 0x59, 0xDA, 0x7F, 0xC6, 0xCE,
    0x98, 0x6A, 0x85, 0xBA, 0xA9, 0xEA, 0xAC, 0xAE, 0xEA, 0x24, 0x7F, 0x32, 0x07, 0x26, 0x89, 0xDC,
    0xF0, 0x55, 0x3B, 0xC8, 0x55, 0xA4, 0x57, 0xBB, 0xB9, 0x18, 0x25, 0x1D, 0xBB, 0x6A, 0xBB, 0x92,
    0xED, 0xEB, 0x63, 0xE4, 0xE8, 0xE8, 0x24, 0x9E, 0x65, 0x09, 0x1B, 0xB8, 0x12, 0xF3, 0x00, 0x96,
    0x8C, 0x15, 0x12, 0x4F, 0x43, 0xC7, 0x8C, 0x4B, 0x54, 0x4B, 0x4A, 0xBF, 0xE0, 0x62, 0xC9, 0xE7,
    0x75, 0x04, 0x94, 0x31, 0xA2, 0x67, 0x19, 0xD9, 0xF1, 0xD8, 0x24, 0x8C, 0x6A, 0x00, 0x25, 0xAB,
    0x41, 0x48, 0xD1, 0x60, 0xC4, 0xAC, 0xC1, 0x10, 0x49, 0x93, 0xD2, 0x20, 0x66, 0x1B, 0xC0, 0xC0,
    0x6D, 0x05, 0x92, 0x1A, 0xF7, 0x92, 0x92, 0x96, 0x36, 0x57, 0x63, 0x07, 0x1D, 0x42, 0xBC, 0x09,
    0x83, 0x22, 0xAA, 0x45, 0x10, 0x0A, 0xF7, 0x6E, 0xB5, 0xB2, 0x73, 0xDF, 0xF6, 0x6A, 0x6F, 0xB7,
    0x5A, 0xA1, 0x07, 0x43, 0x6F, 0x26, 0x1A, 0xA6, 0x7A, 0x47, 0x4F, 0xF7, 0x53, 0xE0, 0x89, 0xE7,
    0x67, 0x47, 0x6E, 0x3D, 0xFC, 0x3D, 0x8C, 0x14, 0xAB, 0x2A, 0xE1, 0x3F, 0x70, 0xD2, 0x63, 0x9D,
    0xFA, 0x0B, 0x0A, 0x77, 0x15, 0xEA, 0x66, 0xF8, 0xF8, 0x77, 0x0A, 0x49, 0x80, 0x0C, 0x1D, 0x6B,
    0x37, 0x8F, 0x5A, 0x06, 0xFA, 0x0F, 0x1B, 0xC2, 0xC7, 0x3C, 0x96, 0xE5, 0xB9, 0x12, 0x9A, 0xEC,
    0x39, 0x59, 0x60, 0xC7, 0x35, 0x1D, 0xF4, 0xEF, 0xF2, 0x88, 0x3E, 0x6C, 0xEB, 0x68, 0xF5, 0x72,
    0xD3, 0x8B, 0x7C, 0x75, 0x72, 0x29, 0xEE, 0xD6, 0x15, 0xD4, 0x69, 0x1D, 0x83, 0x86, 0xF9, 0xA9,
    0x4B, 0x10, 0x41, 0x39, 0xF7, 0x82, 0x9D, 0x1E, 0xF9, 0x77, 0x9C, 0xD7, 0xAC, 0x54, 0xA7, 0x64,
    0xE2, 0xAC, 0x17, 0x49, 0xB6, 0x06, 0xF2, 0x6D, 0xC0, 0x0F, 0x20, 0xD3, 0xDA, 0xBE, 0x8C, 0xC7,
    0x58, 0x7B, 0x81, 0x38, 0x27, 0x8A, 0x93, 0x7B, 0xBD, 0x0C, 0xA8, 0x2C, 0x09, 0xD3, 0xAD, 0x74,
    0x3D, 0x14, 0xA0, 0xB4, 0xE9, 0x4E, 0xE7, 0xD1, 0xEA, 0x5C, 0xD1, 0xA9, 0x31, 0xED, 0x33, 0x23,
    0x6D, 0x77, 0xB5, 0xB3, 0xAD, 0x92, 0xE4, 0xE2, 0xD3, 0xD5, 0xA7, 0xCB, 0x6F, 0x59, 0x7F, 0xDB,
    0x0B, 0xF0, 0x19, 0x92, 0xA6, 0xF5, 0x98, 0x6C, 0x8A, 0xB8, 0x79, 0x8A, 0x65, 0xF0, 0x85, 0xEE,
    0xAC, 0x46, 0xDD, 0x53, 0xA3, 0xA4, 0x67, 0x43, 0x95, 0x9E, 0x4D, 0x75, 0x97, 0x1D, 0x0F, 0xAE,
    0x12, 0x70, 0xE7, 0xF0, 0xFA, 0xC9, 0x5D, 0xF7, 0x67, 0x3F, 0x8D, 0xE7, 0x56, 0x07, 0xD8, 0x34,
    0x0E, 0x50, 0x60, 0xF5, 0x9E, 0x77, 0x8F, 0x27, 0xF5, 0xEB, 0x03, 0xE6, 0x5B, 0xEB, 0xB6, 0x5F,
    0x95, 0xEA, 0xF5, 0xA4, 0x9F, 0xB6, 0xAC, 0x24, 0x72, 0x3E, 0x7F, 0x9D, 0xF6, 0x76, 0xE0, 0x46,
    0xCD, 0x63, 0x0E, 0xE8, 0x58, 0x36, 0xC0, 0x42, 0x4D, 0x1A, 0x2E, 0xC8, 0x4C, 0xEB, 0x17, 0x15,
    0x4F, 0xEE, 0xFA, 0x0F, 0x7B, 0xD0, 0x1C, 0x7E, 0x39, 0x30, 0xC1, 0xBC, 0xC9, 0xF0, 0x2A, 0xD3,
    0x20, 0x6B, 0x24, 0xFC, 0xAC, 0xC3, 0x97, 0xE3, 0xFF, 0x6E, 0x42, 0xEE, 0x44, 0x95, 0x10, 0x00,
    0x12, 0x7E, 0xB0, 0x02, 0x71, 0x30, 0x1A, 0x9C, 0x19, 0x19, 0x44, 0xDC, 0x93, 0x95, 0xE4, 0x7D,
    0x9A, 0xA1, 0xD7, 0x55, 0x6A, 0x4B, 0xC1, 0x2E, 0xD8, 0xCE, 0x04, 0xDD, 0x56, 0xC2, 0x68, 0x87,
    0x6D, 0xA5, 0x3D, 0x55, 0xEC, 0xCA, 0x74, 0x32, 0xE9, 0xD9, 0x71, 0xC7, 0xA7, 0xCF, 0x55, 0xDA,
    0xC7, 0x91, 0x72, 0x77, 0xC4, 0x4D, 0xD8, 0x05, 0x4E, 0x72, 0x49, 0xE1, 0xAE, 0xC2, 0x9D, 0x81,
    0x2E, 0xEA, 0x5F, 0x15, 0xFE, 0x0F, 0x46, 0x1E, 0x3D, 0x40, 0x38, 0xD9, 0x5F, 0x10, 0x06, 0x9F,
    0x11, 0x86, 0x1F, 0x13, 0xC6, 0x37, 0x01, 0xE7, 0x22, 0xE8, 0xCF, 0x89, 0x9B, 0x78, 0x3C, 0xA3,
    0x18, 0x78, 0x86, 0x0E, 0xF6, 0xEF, 0xFC, 0xE6, 0x40, 0xE1, 0xB8, 0x21, 0xDD, 0xD4, 0xD6, 0x72,
    0x58, 0x0B, 0xF6, 0x9F, 0xA2, 0xC7, 0x5F, 0x33, 0xE5, 0xF1, 0xD6, 0x49, 0x8C, 0xCA, 0x0E, 0x9D,
    0xE8, 0xB1, 0xF5, 0x6E, 0xD2, 0x33, 0xAA, 0xB4, 0xA4, 0x6F, 0x2E, 0x99, 0xBA, 0xF7, 0x5C, 0x51,
    0x1E, 0xDB, 0x0F, 0x13, 0xE0, 0xC7, 0x59, 0xDA, 0x52, 0xA8, 0xED, 0x93, 0xFB, 0xCD, 0xCF, 0x97,
    0x9E, 0xDC, 0x91, 0xE5, 0x17, 0x63, 0xEA, 0xAD, 0xB4, 0xF6, 0xA1, 0x67, 0x20, 0x0E, 0x4E, 0x57,
    0x6D, 0x78, 0x58, 0x2F, 0x87, 0x83, 0x8D, 0xBB, 0x62, 0x62, 0xD1, 0x69, 0xE2, 0xEF, 0x01, 0x26,
    0xF6, 0x30, 0xB1, 0xCC, 0x30, 0x71, 0x29, 0x4F, 0xAC, 0xCC, 0x4D, 0x0C, 0xB3, 0x27, 0x1E, 0xD5,
    0xE5, 0xCF, 0x82, 0xF8, 0x0B, 0x09, 0x56, 0xAD, 0xF4, 0x04, 0xC1, 0x2E, 0x87, 0xE0, 0x96, 0x6B,
    0x89, 0x21, 0x93, 0x7B, 0xAC, 0xFE, 0x3C, 0x6E, 0x17, 0xC3, 0x6F, 0x25, 0x80, 0x38, 0x5F, 0xF9,
    0xCC, 0xBD, 0x45, 0x97, 0x63, 0xD6, 0x30, 0xD2, 0xCB, 0x2C, 0x52, 0x7E, 0xDE, 0x68, 0x7D, 0x11,
    0x0F, 0x3C, 0x52, 0xEB, 0xCC, 0x78, 0x8A, 0xE0, 0xEC, 0xB4, 0x76, 0xB7, 0xD3, 0x5A, 0xF7, 0x9F,
    0x00, 0xE7, 0x79, 0x16, 0x9A, 0x3F, 0xA6, 0x8A, 0x61, 0x4D, 0xC6, 0x4B, 0x20, 0x7C, 0xDC, 0xC1,
    0xED, 0xF1, 0x8E, 0xCC, 0xDE, 0x80, 0x6C, 0xC8, 0x7B, 0x84, 0x90, 0xC4, 0xFB, 0xBF, 0x46, 0x2A,
    0xEF, 0x61, 0x4D, 0x50, 0xE2, 0x83, 0x87, 0xC8, 0xC1, 0xBC, 0xC7, 0xE8, 0x97, 0x3B, 0x4C, 0xA3,
    0xCF, 0x9F, 0xE8, 0xC1, 0xB4, 0x05, 0xBD, 0x4F, 0x41, 0xA0, 0x95, 0xD5, 0xBE, 0x7B, 0xEC, 0xB8,
    0x37, 0xC3, 0xB2, 0xD9, 0x7B, 0xF9, 0x13, 0x3F, 0xA8, 0xD8, 0x00, 0xB5, 0x74, 0xE4, 0xD4, 0x52,
    0x56, 0x0D, 0xF5, 0x10, 0xF3, 0x31, 0xF1, 0x64, 0x8E, 0xC8, 0xD6, 0x72, 0x4E, 0xF2, 0xF9, 0x97,
    0xFD, 0xFF, 0x03, 0xDD, 0x5C, 0xBF, 0x8F, 0xDC, 0x76, 0x76, 0xFF, 0x92, 0xD4, 0x8A, 0xB6, 0x07,
    0x67, 0xAA, 0x38, 0xE5, 0x02, 0x18, 0x36, 0x5D, 0xB8, 0x30, 0x10, 0x6B, 0x79, 0x85, 0x81, 0x53,
    0xB1, 0xBB, 0xA4, 0xDC, 0x5C, 0xE1, 0xC2, 0x2A, 0xA4, 0x2A, 0xC0, 0x39, 0x65, 0x80, 0x20, 0x91,
    0x0B, 0x17, 0x8B, 0x60, 0x77, 0xC9, 0xB3, 0x0B, 0xB7, 0xFE, 0x13, 0x5C, 0x06, 0x69, 0x1C, 0x20,
    0x57, 0xE8, 0x80, 0xD5, 0x92, 0x76, 0x8A, 0x14, 0x29, 0xCC, 0x1C, 0x02, 0x5C, 0x19, 0x26, 0x71,
    0x2A, 0x17, 0xE6, 0xE5, 0x28, 0x98, 0x3A, 0x91, 0xC3, 0xBC, 0xCF, 0xE7, 0x7D, 0x39, 0xC3, 0xD9,
    0x9D, 0x5D, 0x4B, 0x3E, 0x49, 0xB7, 0xAB, 0xD1, 0xF0, 0x3D, 0x6A, 0x76, 0x86, 0xFC, 0x7E, 0xDF,
    0x7B, 0xDF, 0xF7, 0xFB, 0x4B, 0x63, 0xEC, 0x2B, 0x1E, 0x86, 0x09, 0x3A, 0xF3, 0xF5, 0x37, 0x8A,
    0x86, 0x0C, 0xD0, 0x19, 0x0A, 0x20, 0x57, 0x91, 0xF7, 0x55, 0x09, 0xE4, 0x7F, 0x55, 0x01, 0xCD,
    0xDE, 0xAD, 0x81, 0x02, 0x9F, 0xE8, 0x35, 0xAF, 0x01, 0xDA, 0x76, 0x3B, 0xA0, 0x2D, 0x87, 0xE8,
    0xAE, 0xE9, 0x81, 0x1A, 0x33, 0xC7, 0xB5, 0x6A, 0x93, 0xE3, 0x5A, 0x95, 0x49, 0x71, 0xAD, 0xD2,
    0xC4, 0x89, 0x5C, 0x6B, 0x18, 0x70, 0xA7, 0x99, 0x20, 0xB9, 0x45, 0x90, 0x98, 0x48, 0x6E, 0x11,
    0xCA, 0x99, 0xDC, 0x62, 0x47, 0x90, 0x5C, 0x7B, 0x5B, 0xFE, 0x2C, 0x68, 0x4F, 0xBE, 0x2C, 0xB7,
    0x68, 0xE5, 0xA7, 0xAD, 0x71, 0xE4, 0xCC, 0xEB, 0x4C, 0x3A, 0x94, 0x26, 0x1F, 0x6A, 0xA0, 0x61,
    0xA8, 0x17, 0x73, 0x9D, 0x2F, 0xE0, 0xA9, 0xAF, 0xDB, 0x46, 0x6E, 0x1E, 0x0E, 0xDF, 0xCA, 0x4D,
    0x53, 0xDC, 0xDA, 0x99, 0x9B, 0xA8, 0xC0, 0x95, 0x83, 0x02, 0x77, 0x0B, 0x0B, 0x13, 0x94, 0xF8,
    0x44, 0x4E, 0xE2, 0xC2, 0x44, 0x99, 0x49, 0xE5, 0x24, 0x33, 0x79, 0x81, 0x51, 0x3F, 0x24, 0xFC,
    0x16, 0xD0, 0xF9, 0x4F, 0x40, 0xEF, 0xAB, 0x05, 0xCC, 0x66, 0xEF, 0x65, 0xF2, 0xC3, 0x20, 0xC8,
    0xE4, 0x0A, 0xD7, 0xE4, 0x6A, 0xFE, 0xD0, 0x05, 0x83, 0x10, 0xB2, 0x9E, 0x09, 0x2D, 0xAE, 0x1A,
    0xE7, 0xA6, 0xDC, 0xFD, 0x75, 0xE3, 0x62, 0x10, 0xBB, 0xC6, 0x4F, 0x40, 0x2C, 0x13, 0x70, 0xDC,
    0xC9, 0x01, 0x50, 0x38, 0x90, 0x74, 0xB3, 0x81, 0xF4, 0x74, 0xF2, 0xEC, 0xF9, 0xE2, 0xD1, 0x1B,
    0xE6, 0xF2, 0x62, 0xCA, 0xDB, 0x66, 0x13, 0x13, 0xCE, 0xEE, 0x61, 0x88, 0x43, 0x8B, 0x61, 0x2B,
    0x17, 0xF3, 0xE4, 0x3C, 0x72, 0x6D, 0x7C, 0xDD, 0x49, 0x1E, 0x91, 0xFA, 0xC1, 0x48, 0x7D, 0x92,
    0x7D, 0xD3, 0x6B, 0x7F, 0x28, 0xF5, 0x8B, 0x47, 0xA2, 0xFE, 0xE1, 0x23, 0xAD, 0x10, 0x47, 0xD7,
    0x89, 0xCF, 0xF1, 0x9A, 0x50, 0xE7, 0x12, 0xEB, 0xCC, 0x0E, 0x14, 0xDD, 0xBB, 0x44, 0x94, 0xFF,
    0x1D, 0x51, 0xCA, 0x81, 0xF2, 0xB6, 0xCF, 0x88, 0x01, 0x3B, 0x02, 0xC1, 0x80, 0x6F, 0x85, 0xBA,
    0xD5, 0x6C, 0x20, 0x03, 0x38, 0x08, 0x4F, 0xE9, 0xC9, 0xA1, 0x47, 0x3A, 0x38, 0xC2, 0x23, 0x1D,
    0xEF, 0x2F, 0x38, 0x15, 0x7E, 0x33, 0x54, 0x3E, 0x90, 0x45, 0x11, 0xBF, 0x9F, 0x17, 0x64, 0x13,
    0xE6, 0x1B, 0x28, 0x3F, 0x26, 0x2C, 0xDD, 0xB8, 0x45, 0x56, 0x82, 0xA5, 0xE1, 0x90, 0x0B, 0x05,
    0xD3, 0x4C, 0xA6, 0xE6, 0x08, 0x6F, 0xD2, 0x04, 0x8B, 0x26, 0xCD, 0x66, 0x15, 0x38, 0x8E, 0x5B,
    0x0F, 0x09, 0x2E, 0xF8, 0x63, 0x32, 0xC7, 0x58, 0xA8, 0xC3, 0xC8, 0x4F, 0xC0, 0xE1, 0x94, 0xCF,
    0x53, 0xFD, 0x2D, 0x87, 0x17, 0x17, 0xE3, 0x80, 0x5F, 0x24, 0x37, 0x23, 0xF0, 0xCD, 0xDC, 0x93,
    0xE1, 0x24, 0x60, 0x67, 0x3A, 0x17, 0xDE, 0x09, 0xFB, 0x29, 0x27, 0x57, 0xF9, 0x3B, 0x91, 0x0C,
    0xB2, 0x3F, 0xAA, 0xF4, 0x4A, 0xF2, 0x75, 0x4F, 0x4E, 0xFD, 0xE4, 0xC4, 0x72, 0x91, 0xD9, 0x54,
    0xC2, 0xFF, 0xCE, 0xED, 0xCD, 0x3D, 0xD1, 0x01, 0x47, 0xC2, 0x9D, 0x21, 0x2C, 0xDC, 0xB9, 0x70,
    0xE6, 0x1F, 0x70, 0x77, 0x8C, 0xFE, 0xC4, 0x91, 0x91, 0x64, 0x97, 0xE4, 0x0E, 0x5B, 0xB3, 0xD6,
    0x69, 0xDD, 0x81, 0xD7, 0x48, 0xCC, 0xC6, 0x4D, 0x15, 0x4E, 0xE8, 0x15, 0x52, 0x30, 0xE2, 0x98,
    0x72, 0x4C, 0xD2, 0xE9, 0x40, 0x14, 0xBF, 0x04, 0x87, 0x64, 0x81, 0x7F, 0x70, 0x41, 0x29, 0x2B,
    0x0A, 0x4C, 0x46, 0x67, 0x3C, 0x99, 0x6D, 0x20, 0xE2, 0x1D, 0xBD, 0x5B, 0x99, 0x3D, 0x59, 0x49,
    0xB5, 0x28, 0xAC, 0xC4, 0x5C, 0x7A, 0xBA, 0x94, 0xF5, 0x55, 0x67, 0x90, 0xB2, 0x41, 0xBB, 0x3C,
    0xD7, 0xCF, 0xCD, 0x85, 0x95, 0x56, 0xE8, 0x23, 0xD2, 0x54, 0xB1, 0x69, 0xD7, 0x2A, 0xF6, 0x27,
    0x4F, 0x4F, 0xBE, 0x44, 0x16, 0xFF, 0x6A, 0x94, 0x4B, 0xB7, 0x0B, 0x8B, 0x51, 0x5E, 0xAD, 0x9A,
    0x08, 0xA8, 0x50, 0xBC, 0xE2, 0x82, 0xD2, 0x16, 0x07, 0x64, 0x73, 0x5F, 0x0C, 0x48, 0xFC, 0xF3,
    0x8A, 0x32, 0xEB, 0xCB, 0x9D, 0xDC, 0x9E, 0x36, 0xE5, 0x19, 0xD0, 0xD7, 0xB8, 0x99, 0x79, 0x13,
    0xA8, 0x71, 0xC8, 0xD7, 0xA3, 0x59, 0xA5, 0x3E, 0x18, 0x27, 0x14, 0xE8, 0xAC, 0x3D, 0xB5, 0x20,
    0x4E, 0x7D, 0x82, 0xEF, 0xB0, 0x6A, 0x9F, 0x2A, 0x9A, 0xC3, 0xD9, 0x29, 0xFE, 0x0C, 0x53, 0x94,
    0x31, 0x45, 0x0D, 0x91, 0xDF, 0x13, 0x39, 0x03, 0x11, 0xFC, 0x02, 0x20, 0x19, 0x17, 0x87, 0x4C,
    0x7B, 0x82, 0x11, 0x02, 0x85, 0xE5, 0x19, 0x68, 0xF9, 0x4D, 0x25, 0x73, 0xAC, 0x34, 0x8F, 0x95,
    0x0D, 0x40, 0x73, 0xB2, 0x0E, 0xB6, 0x59, 0xD0, 0xAC, 0x25, 0xA2, 0x7E, 0x15, 0x9B, 0x81, 0x3B,
    0x5F, 0xCD, 0x7B, 0xFA, 0xCF, 0x18, 0x9F, 0xA0, 0xAF, 0x75, 0x62, 0x43, 0xB9, 0x4F, 0xAF, 0xA5,
    0xE4, 0x44, 0xEF, 0x28, 0x0A, 0xCA, 0x58, 0x51, 0xA4, 0x68, 0x5B, 0xD1, 0x5D, 0xB5, 0x5D, 0xBA,
    0xCA, 0x0B, 0xB0, 0xEE, 0x36, 0x2D, 0x59, 0x48, 0xC3, 0x2E, 0x74, 0x05, 0x12, 0xF6, 0x50, 0x91,
    0x36, 0xB4, 0x72, 0x42, 0x78, 0x88, 0x6C, 0x48, 0x9B, 0xCA, 0xE1, 0x17, 0x1C, 0x77, 0x5A, 0x90,
    0x41, 0xB9, 0xA2, 0x87, 0x8A, 0x60, 0x94, 0x63, 0x03, 0xCB, 0x2A, 0x08, 0x46, 0x95, 0xB6, 0x95,
    0xE4, 0x82, 0x71, 0xB5, 0xD6, 0xD5, 0x9A, 0x57, 0xDA, 0xD7, 0x6F, 0x12, 0x99, 0x5C, 0x15, 0x60,
    0x51, 0xAA, 0x8B, 0xB3, 0xCA, 0x0E, 0xB9, 0xCD, 0x13, 0x60, 0x47, 0x8A, 0x6B, 0x2D, 0xD0, 0xD3,
    0x66, 0xC7, 0x02, 0x5A, 0x0F, 0x20, 0x58, 0x42, 0x25, 0xB0, 0x42, 0xEB, 0x43, 0x10, 0x92, 0x0B,
    0xE1, 0xF2, 0x8F, 0xCA, 0x02, 0xE5, 0x80, 0x32, 0x40, 0xE9, 0xAF, 0xE4, 0x57, 0xEA, 0x2B, 0xF1,
    0x57, 0x7C, 0x1A, 0x52, 0x5E, 0x09, 0xAF, 0x74, 0x5F, 0xEF, 0xD3, 0x7C, 0x93, 0x58, 0x92, 0x4F,
    0x9D, 0x4A, 0x9F, 0xF3, 0x50, 0x78, 0xCA, 0x2B, 0x90, 0xB9, 0xF6, 0x84, 0x20, 0x4D, 0x76, 0x79,
    0x4E, 0x9E, 0x1F, 0x10, 0xC6, 0x84, 0x11, 0xE1, 0x6B, 0x66, 0x45, 0x1D, 0xC5, 0xE6, 0x04, 0xC4,
    0x22, 0x06, 0x2C, 0x47, 0x65, 0x75, 0x36, 0x14, 0x86, 0x04, 0xF4, 0xB0, 0x22, 0xC2, 0x98, 0xF0,
    0x00, 0xF0, 0xB2, 0x10, 0x8A, 0xA3, 0x02, 0x1F, 0x3A, 0x1B, 0x92, 0xC8, 0xC9, 0xE2, 0x3F, 0x6B,
    0x35, 0x7C, 0xEB, 0xF6, 0x6E, 0x27, 0x1A, 0xA8, 0x17, 0xA6, 0xF4, 0x42, 0xDC, 0x3E, 0xCA, 0x9C,
    0x2E, 0xCE, 0xFC, 0x26, 0x4E, 0xD2, 0x2A, 0xFE, 0x7C, 0x48, 0x62, 0x19, 0x59, 0xFC, 0xF5, 0x8A,
    0x06, 0x02, 0x1F, 0xDE, 0x14, 0x0D, 0xD4, 0xB9, 0x70, 0x62, 0x47, 0x0D, 0xB4, 0x61, 0xCC, 0x4D,
    0x0E, 0x4E, 0xF4, 0xCA, 0x2C, 0x73, 0xE0, 0x01, 0x35, 0xB3, 0x12, 0x4E, 0x1E, 0xB5, 0x8F, 0x06,
    0x80, 0x61, 0x73, 0xE1, 0xE8, 0xF8, 0x99, 0x79, 0x41, 0xA6, 0xF4, 0x96, 0xC4, 0x06, 0x7B, 0xE6,
    0xC0, 0x15, 0xCD, 0x2E, 0x73, 0x0E, 0x54, 0x30, 0x9F, 0x3A, 0x4D, 0xC5, 0x54, 0x2E, 0xED, 0xA2,
    0xD2, 0x4E, 0xCF, 0xFD, 0xF2, 0xA2, 0x4A, 0xE5, 0x63, 0xF9, 0x1F, 0x4F, 0x8C, 0x92, 0xE7, 0x91,
    0x32, 0xF3, 0x09, 0x65, 0x28, 0x4B, 0x6A, 0xB3, 0x67, 0xE5, 0xF2, 0x6E, 0x87, 0xCB, 0x8F, 0xDD,
    0xF6, 0x0A, 0x60, 0xBF, 0x4B, 0x87, 0xA8, 0x5E, 0x38, 0x2B, 0x8F, 0x44, 0xAB, 0x32, 0xFE, 0x7C,
    0x6E, 0xBE, 0x97, 0x56, 0x08, 0x4B, 0x37, 0xDE, 0x4F, 0x34, 0x16, 0xDB, 0x53, 0xDE, 0xB8, 0x08,
    0x5C, 0xEB, 0x2B, 0xC6, 0x7B, 0xF0, 0x2B, 0x58, 0x27, 0x19, 0xF8, 0x18, 0xD6, 0xBC, 0x84, 0xA5,
    0x21, 0xA3, 0x85, 0x43, 0xEC, 0xB6, 0x11, 0xD7, 0xF8, 0x09, 0x5F, 0xCE, 0x2F, 0x2E, 0x9C, 0x84,
    0x8E, 0x5E, 0xDC, 0xA1, 0xF3, 0xA8, 0x5E, 0xDC, 0x13, 0x5C, 0xEF, 0xEA, 0x94, 0xF9, 0xE4, 0x78,
    0x48, 0x8D, 0x99, 0x32, 0x46, 0xEE, 0x61, 0x3F, 0xBD, 0xCA, 0x95, 0x3F, 0x7B, 0x89, 0x79, 0xFB,
    0x84, 0x7F, 0x5C, 0x91, 0xB4, 0x70, 0x8B, 0x4B, 0xF1, 0x03, 0x10, 0x34, 0x45, 0x05, 0x12, 0x1C,
    0x51, 0x89, 0x54, 0x44, 0x5C, 0xC2, 0xE4, 0xC6, 0x05, 0xEE, 0xBB, 0x31, 0x7A, 0xB7, 0xDF, 0xE7,
    0x1F, 0x5F, 0xFE, 0xC7, 0x0C, 0x44, 0x1B, 0x00, 0x9D, 0x1C, 0x50, 0xDC, 0x0B, 0x88, 0x5C, 0x94,
    0x71, 0x0E, 0x59, 0x44, 0xEF, 0x07, 0x03, 0x8B, 0x13, 0xDE, 0x25, 0x81, 0x67, 0x29, 0xD7, 0x1D,
    0x32, 0x71, 0x91, 0x4D, 0x3C, 0xC7, 0x78, 0x7C, 0xBA, 0x30, 0xE6, 0x2A, 0x8D, 0xEB, 0xF6, 0xE8,
    0x7A, 0x33, 0x3F, 0xE3, 0x73, 0xD4, 0xFF, 0xD2, 0x20, 0x71, 0x22, 0x82, 0xFE, 0x21, 0x98, 0x6E,
    0xA6, 0x61, 0x9D, 0xCD, 0x70, 0x84, 0x83, 0x98, 0x75, 0xF8, 0x02, 0x32, 0xAD, 0xB0, 0x60, 0x76,
    0x83, 0xC9, 0x0D, 0xE6, 0x36, 0xE8, 0x06, 0x88, 0xF0, 0xC5, 0x05, 0x5D, 0x01, 0xFA, 0x00, 0x02,
    0xBE, 0x29, 0x90, 0xD5, 0xC8, 0xE2, 0xC4, 0xFD, 0x2A, 0xA3, 0xFD, 0x17, 0x76, 0xBC, 0x97, 0x85,
    0xB0, 0xFE, 0x41, 0xB5, 0x13, 0x66, 0x62, 0xFB, 0x43, 0x31, 0xFD, 0x75, 0x94, 0x88, 0xE5, 0x8F,
    0x55, 0xAC, 0x5E, 0x82, 0x20, 0x46, 0xC2, 0x42, 0xB9, 0x98, 0xD3, 0x09, 0x10, 0x96, 0xC6, 0xFF,
    0x7B, 0xA7, 0x04, 0x65, 0x41, 0x64, 0x78, 0x35, 0x0E, 0xB2, 0x85, 0x48, 0x64, 0x7C, 0xC8, 0x38,
    0x05, 0x61, 0x4C, 0xCB, 0x6C, 0x9E, 0xFA, 0x31, 0xCA, 0xAC, 0x59, 0x6B, 0x2E, 0x26, 0x83, 0xDE,
    0xC0, 0xA2, 0xBE, 0x8E, 0x85, 0xB2, 0x65, 0xAE, 0xC9, 0x15, 0x92, 0x0E, 0xD7, 0x6F, 0xE0, 0x82,
    0x56, 0x08, 0xC5, 0x93, 0xF5, 0x39, 0xC0, 0xF3, 0xC4, 0x20, 0xE3, 0x72, 0x05, 0xCD, 0x54, 0x07,
    0x75, 0xCB, 0x73, 0xB7, 0x3E, 0x2D, 0x6E, 0xBF, 0x18, 0x6B, 0x67, 0x9F, 0x97, 0x4E, 0x30, 0xE2,
    0xC4, 0x9E, 0xE9, 0x67, 0xA7, 0x65, 0x66, 0xCF, 0x15, 0x57, 0x2E, 0x16, 0xAD, 0xAD, 0xAD, 0xD2,
    0xFB, 0x6B, 0x04, 0x5D, 0x2F, 0xCF, 0x83, 0x65, 0x0D, 0xE0, 0xF2, 0x22, 0x73, 0xB9, 0x67, 0xAC,
    0x75, 0x40, 0x6E, 0x82, 0x21, 0x99, 0x02, 0x73, 0xEF, 0x9C, 0x73, 0x46, 0xAB, 0x1D, 0x63, 0xB6,
    0xC3, 0xA8, 0x67, 0xE1, 0x0D, 0x9A, 0xF1, 0x2A, 0x69, 0x82, 0x76, 0x34, 0x2F, 0xFD, 0x86, 0x71,
    0x93, 0x93, 0x0E, 0xA7, 0x18, 0xCF, 0x2E, 0x18, 0xE0, 0xCB, 0x74, 0x60, 0x2A, 0x29, 0x9A, 0xA8,
    0x8D, 0x3D, 0x0D, 0xCD, 0x97, 0x08, 0xA6, 0xED, 0x04, 0x52, 0x7F, 0xC8, 0xA2, 0xF4, 0xF6, 0xED,
    0xDB, 0xBD, 0x0A, 0x80, 0x45, 0xDD, 0x29, 0x08, 0xFC, 0x5F, 0xA2, 0xA3, 0xE3, 0x48, 0xA2, 0x57,
    0x8E, 0x71, 0x68, 0x62, 0x41, 0xB9, 0xA8, 0x35, 0x4D, 0x39, 0xB3, 0xA4, 0xE3, 0x30, 0xD6, 0xF3,
    0x59, 0xE5, 0x09, 0xBF, 0xE8, 0x38, 0x69, 0xE4, 0x0B, 0x7E, 0x6A, 0xFC, 0x63, 0x53, 0xF6, 0xEC,
    0x37, 0x4B, 0x4D, 0x31, 0x4C, 0xA2, 0xDA, 0xE2, 0x6C, 0x88, 0xF8, 0x32, 0x28, 0x60, 0xD4, 0x83,
    0x22, 0x46, 0x46, 0xB3, 0x68, 0x84, 0xCD, 0xC1, 0x17, 0x35, 0x42, 0xDA, 0x2F, 0x4B, 0xC0, 0x8F,
    0xC1, 0xFD, 0xF0, 0x93, 0x4C, 0x3E, 0x0F, 0xDF, 0x4B, 0x08, 0xB1, 0x0A, 0xC2, 0x5F, 0x80, 0x5E,
    0xE1, 0x36, 0xDD, 0xA3, 0x3D, 0x90, 0x29, 0xBA, 0x4B, 0x58, 0x5B, 0xA8, 0xD1, 0x78, 0x4A, 0xC7,
    0x22, 0x7D, 0x01, 0xAC, 0x4C, 0xE7, 0xF4, 0xA8, 0xE8, 0xAE, 0x6C, 0x24, 0xC7, 0xD9, 0xF4, 0xA9,
    0x2C, 0x94, 0xF5, 0x6C, 0x02, 0xD1, 0xE5, 0x95, 0x12, 0xCE, 0x1F, 0x87, 0x4D, 0x2A, 0xF9, 0x67,
    0xF1, 0xE7, 0x07, 0xB2, 0x29, 0xA6, 0x6F, 0x9C, 0xAA, 0x87, 0xAC, 0x31, 0xD7, 0x04, 0xAE, 0xA4,
    0x11, 0x34, 0xD0, 0x1D, 0xE1, 0x55, 0x40, 0x07, 0x2A, 0xA7, 0xF3, 0xC0, 0xD8, 0x2E, 0x78, 0x47,
    0xA4, 0xBA, 0x0B, 0xE5, 0x46, 0x4E, 0x77, 0x0D, 0xB0, 0xDD, 0x72, 0x01, 0x77, 0x5D, 0x14, 0x68,
    0x1A, 0xC2, 0x1A, 0xC5, 0x9A, 0xFB, 0x95, 0xD7, 0x18, 0xE7, 0xF7, 0xA5, 0x40, 0xF7, 0xBB, 0xC2,
    0xAB, 0x8D, 0xFB, 0x30, 0x03, 0x1C, 0x8C, 0x42, 0x59, 0x47, 0xEE, 0x9C, 0xB0, 0x13, 0x98, 0x89,
    0x3A, 0x11, 0x5F, 0x46, 0xBE, 0xEC, 0x51, 0x2B, 0x9B, 0x5B, 0xC6, 0xFD, 0x1A, 0x6B, 0xE3, 0x46,
    0x21, 0x8E, 0x65, 0x71, 0x3D, 0x1A, 0x9D, 0xC7, 0xD5, 0x75, 0x13, 0xD0, 0x05, 0x2E, 0x4F, 0xC9,
    0xF5, 0x25, 0x4A, 0xE7, 0x75, 0x47, 0xBA, 0xE6, 0xC8, 0xED, 0x71, 0xB4, 0x3C, 0x40, 0x45, 0x90,
    0xD0, 0xA5, 0xCE, 0x7D, 0x07, 0x63, 0xC9, 0xAE, 0xA7, 0x83, 0xA6, 0x71, 0x8E, 0xBF, 0xAE, 0xAA,
    0x4F, 0xE6, 0x81, 0x5A, 0xD0, 0x91, 0x3C, 0xAA, 0xE5, 0x01, 0x11, 0x5F, 0x39, 0x0A, 0x3D, 0xC2,
    0xE9, 0xF1, 0x25, 0x54, 0x5B, 0x61, 0x90, 0x4E, 0xB1, 0xC9, 0x94, 0x50, 0xEE, 0x29, 0x47, 0xB2,
    0x26, 0x50, 0x7D, 0x66, 0xF3, 0x57, 0x27, 0xBA, 0x47, 0xB6, 0xF5, 0xE4, 0xBC, 0x6F, 0xC1, 0xB7,
    0xA1, 0xF5, 0x30, 0x63, 0x52, 0x8F, 0x49, 0xB4, 0xF1, 0x38, 0x6D, 0x4C, 0x2B, 0xF7, 0x7F, 0x11,
    0x37, 0x90, 0xCF, 0x5B, 0xAC, 0x35, 0xF3, 0x63, 0xE3, 0x24, 0x6F, 0x89, 0x73, 0xB8, 0x29, 0x6E,
    0x62, 0x50, 0x46, 0xC9, 0x4C, 0xE6, 0xE9, 0xE1, 0xDE, 0x69, 0xF9, 0x27, 0x99, 0xFF, 0x07, 0xE6,
    0x45, 0xFA, 0xD6, 0x5B, 0xF2, 0x2F, 0xBE, 0xD1, 0x09, 0x4F, 0x6A, 0x99, 0x73, 0xC9, 0xCA, 0xCA,
    0xD3, 0xA6, 0x85, 0xCC, 0x13, 0xD3, 0x4C, 0x99, 0x68, 0x3C, 0xFE, 0x36, 0xC7, 0xDF, 0xE9, 0xEA,
    0x3B, 0xE7, 0xFB, 0xC8, 0xBE, 0x65, 0x3A, 0x98, 0xCD, 0x26, 0xA2, 0x52, 0xF1, 0xE5, 0xFC, 0x92,
    0x09, 0xC1, 0x22, 0x09, 0x7E, 0x5B, 0x04, 0x43, 0x22, 0x6B, 0x57, 0xBC, 0x21, 0x07, 0x35, 0xE2,
    0x04, 0x76, 0x77, 0xD5, 0xEA, 0x8A, 0x34, 0x46, 0x42, 0x8C, 0xF9, 0xF2, 0x6A, 0xF6, 0xDD, 0x8F,
    0xEF, 0xCE, 0xBE, 0x9D, 0xE5, 0xFB, 0x0D, 0x07, 0xC9, 0x33, 0xB1, 0xCB, 0x19, 0x6E, 0x7A, 0x88,
    0x12, 0xAE, 0xAC, 0x7E, 0x89, 0x85, 0xBD, 0xFB, 0x35, 0x8C, 0xC0, 0x1C, 0xB5, 0x72, 0x71, 0x59,
    0x38, 0xBB, 0x12, 0xE7, 0x13, 0xEE, 0x3E, 0xD9, 0x59, 0x2F, 0xC7, 0xBF, 0xFA, 0xD7, 0xE5, 0xF8,
    0xFB, 0xD3, 0xC6, 0x5F, 0xC9, 0xD2, 0x96, 0xF1, 0x78, 0x12, 0x28, 0xCB, 0x98, 0x3C, 0xE8, 0x49,
    0x19, 0x17, 0xEA, 0x17, 0x32, 0x18, 0xBF, 0x7E, 0x34, 0xA4, 0xFA, 0x20, 0x56, 0x55, 0x70, 0x16,
    0x4A, 0xB5, 0x12, 0x9A, 0xAA, 0x92, 0x58, 0x8B, 0xF2, 0x15, 0x74, 0xB4, 0x44, 0xC5, 0x88, 0x20,
    0xB8, 0x82, 0xC0, 0xED, 0x50, 0x9D, 0x12, 0x2D, 0x19, 0x5B, 0x87, 0x70, 0xAC, 0x8E, 0x6B, 0x95,
    0xD9, 0x6A, 0x7B, 0x2D, 0x45, 0xDB, 0xDC, 0x09, 0xCA, 0xF2, 0x8B, 0x97, 0x48, 0x45, 0x2B, 0x12,
    0xE1, 0xF5, 0x22, 0x19, 0xDE, 0x9C, 0x67, 0xA8, 0xE1, 0xAC, 0x4B, 0x3B, 0x41, 0x4E, 0x9C, 0x9B,
    0x42, 0xE9, 0xB4, 0x13, 0x5A, 0x8B, 0xC5, 0xC9, 0xCD, 0x15, 0x00, 0xA1, 0xEE, 0xD1, 0x2A, 0xE8,
    0x2D, 0xE8, 0x26, 0xA0, 0x1B, 0x01, 0xA9, 0x3F, 0x05, 0x6F, 0x60, 0x04, 0x9D, 0xDC, 0x72, 0xA8,
    0xDC, 0x46, 0xF8, 0x81, 0x9C, 0x8A, 0xC6, 0x23, 0x04, 0x28, 0x16, 0xB3, 0xE8, 0x35, 0xFB, 0x3C,
    0xB3, 0x45, 0x9A, 0x00, 0xE6, 0x02, 0xF5, 0xAD, 0x19, 0xD6, 0x59, 0x49, 0xB7, 0xCC, 0x15, 0x7A,
    0xCC, 0xAA, 0x5C, 0xA2, 0xB2, 0x30, 0x7B, 0x13, 0x85, 0x1E, 0xFB, 0x8A, 0x68, 0xDC, 0x99, 0x4E,
    0xF9, 0xE1, 0xFA, 0x23, 0x3D, 0xA9, 0x3F, 0x78, 0xCC, 0xED, 0xD1, 0xDB, 0xA3, 0x53, 0x3B, 0x8D,
    0xE5, 0x06, 0x92, 0x07, 0x5A, 0x8F, 0x60, 0xA7, 0x02, 0x0A, 0x2A, 0x57, 0x46, 0xEA, 0xC3, 0x9B,
    0xCC, 0x6B, 0x59, 0x8D, 0xAD, 0x7C, 0x4F, 0xD8, 0x99, 0x45, 0xE6, 0x55, 0x33, 0xCB, 0x18, 0x40,
    0xAF, 0xD8, 0x9C, 0x52, 0x74, 0xA3, 0x7C, 0x0F, 0x62, 0x76, 0xDA, 0x71, 0xDC, 0x16, 0x2D, 0x8E,
    0x35, 0xF6, 0x88, 0x47, 0xA6, 0x4E, 0x6D, 0x28, 0x4E, 0xDC, 0x3D, 0x4D, 0x47, 0xC1, 0x7D, 0x0F,
    0x33, 0xD5, 0xBB, 0xB2, 0x04, 0xB0, 0x3A, 0xED, 0x4A, 0x78, 0x45, 0x57, 0x42, 0x50, 0x8C, 0x29,
    0x28, 0xA0, 0x8E, 0x88, 0x32, 0x15, 0x27, 0xF4, 0xDF, 0xE2, 0xC4, 0xFA, 0xD4, 0x14, 0xB7, 0x58,
    0x83, 0xC9, 0x78, 0x46, 0xB9, 0x8C, 0x23, 0x0D, 0x14, 0xE2, 0x56, 0xFF, 0xA6, 0x69, 0x1B, 0xED,
    0x9A, 0x49, 0xD5, 0xAF, 0x4E, 0xB5, 0xFE, 0x91, 0x72, 0x75, 0x08, 0xC2, 0x94, 0x84, 0xDE, 0x6C,
    0x00, 0xCA, 0x0D, 0x3B, 0x51, 0x8E, 0xD4, 0x2E, 0x1F, 0x29, 0xBD, 0x8F, 0xC8, 0x0E, 0x55, 0xE1,
    0x19, 0x57, 0x82, 0x1A, 0x51, 0xE7, 0xD6, 0x92, 0x7E, 0x36, 0x07, 0xAC, 0x89, 0x36, 0x5B, 0x9D,
    0x36, 0xDA, 0x5A, 0x34, 0x46, 0xBB, 0x5E, 0x39, 0x89, 0x64, 0xCC, 0x8F, 0x26, 0xA2, 0xAE, 0x49,
    0x3A, 0xF5, 0xAA, 0x2E, 0xF7, 0x2B, 0x7E, 0xD3, 0xD9, 0x70, 0x83, 0x10, 0xB3, 0x12, 0xEF, 0xAC,
    0x82, 0x34, 0xC4, 0x84, 0xC2, 0x05, 0x91, 0x70, 0x59, 0xB0, 0x02, 0xE1, 0xDB, 0xB5, 0x48, 0x62,
    0x39, 0x0F, 0x50, 0x14, 0x73, 0x99, 0xFB, 0x77, 0x99, 0x1D, 0x74, 0x1B, 0xAC, 0x62, 0xB7, 0xC1,
    0xCA, 0x76, 0x1B, 0x90, 0xC3, 0x6B, 0xA0, 0x8D, 0xBC, 0x06, 0xD3, 0x17, 0x92, 0xCF, 0x09, 0xF3,
    0x1B, 0x80, 0xE2, 0x26, 0x0B, 0x64, 0x45, 0x6C, 0xDA, 0xF3, 0xB3, 0x3F, 0x29, 0xE1, 0x2A, 0x59,
    0xB4, 0x6C, 0x1B, 0x9A, 0x45, 0x92, 0x89, 0xD2, 0x68, 0x4C, 0x39, 0x5D, 0xDA, 0x32, 0xF2, 0xB4,
    0x45, 0x3C, 0x94, 0xCB, 0x0A, 0xAF, 0x31, 0xFE, 0x88, 0x10, 0x83, 0xA0, 0xC6, 0x11, 0xC8, 0xFE,
    0x0D, 0xA6, 0xDF, 0xFA, 0xBC, 0x1C, 0xAB, 0x16, 0xCE, 0x90, 0xB3, 0xA7, 0x02, 0x23, 0x77, 0x5A,
    0x88, 0x9B, 0xD3, 0x82, 0x83, 0x4E, 0x0B, 0xCE, 0xB9, 0xAD, 0xAB, 0x2B, 0x62, 0x60, 0xB6, 0x34,
    0xFD, 0x25, 0x60, 0x34, 0x64, 0x02, 0x67, 0xCB, 0x91, 0xBF, 0x36, 0xC6, 0xAC, 0x2E, 0xC6, 0x8D,
    0x36, 0x26, 0x6D, 0xE1, 0xF9, 0xF5, 0x71, 0xBF, 0x28, 0x03, 0x90, 0x51, 0xA4, 0x9F, 0x8E, 0xC1,
    0xEF, 0xE9, 0xC0, 0x9C, 0x02, 0xD2, 0x33, 0xC0, 0x06, 0x46, 0x11, 0x42, 0xC0, 0x76, 0x16, 0xE0,
    0x1E, 0xD2, 0xA0, 0x1D, 0xB2, 0xA0, 0x9D, 0x26, 0x41, 0x7D, 0x56, 0xD9, 0xF2, 0xC2, 0x1D, 0x92,
    0x59, 0x83, 0xE8, 0xEF, 0xD2, 0x28, 0x34, 0x22, 0x31, 0x97, 0x57, 0x4D, 0xE6, 0xC9, 0xB7, 0xB3,
    0xFA, 0x16, 0xD2, 0x1C, 0x7B, 0x7B, 0xF6, 0xFD, 0xBA, 0x3B, 0x34, 0x88, 0xBC, 0xAE, 0x9E, 0x9B,
    0x89, 0x4F, 0x5E, 0x2C, 0x17, 0xA7, 0xC5, 0xD8, 0xAB, 0x44, 0x1B, 0xC4, 0x85, 0x44, 0x31, 0xDB,
    0x02, 0xF8, 0x60, 0xB9, 0x98, 0x9E, 0x12, 0x5D, 0x34, 0xFC, 0x86, 0x94, 0x0B, 0x7D, 0x44, 0x38,
    0x43, 0xA6, 0x1B, 0xEE, 0x32, 0xF5, 0xBE, 0xAC, 0xE2, 0x7B, 0x12, 0xDA, 0x0D, 0x1F, 0x03, 0x24,
    0x8C, 0xEE, 0x5A, 0x90, 0x49, 0x96, 0x4F, 0xE2, 0xC2, 0x05, 0xF1, 0x33, 0xB4, 0x78, 0x3D, 0x13,
    0xFA, 0xC5, 0x9D, 0x5F, 0xA6, 0x7D, 0x50, 0x5F, 0x96, 0xC3, 0xF4, 0xB2, 0x76, 0x3B, 0x89, 0x3E,
    0x3A, 0xB1, 0x6D, 0x9D, 0xE8, 0xFE, 0x4E, 0xD6, 0x40, 0x77, 0x49, 0x35, 0xC9, 0xE4, 0x70, 0xD6,
    0x1C, 0x6E, 0xBB, 0xFE, 0xF0, 0x16, 0xC7, 0xEB, 0xB2, 0x90, 0x1A, 0x0D, 0xDB, 0xAF, 0x3E, 0xFE,
    0xBA, 0x41, 0x19, 0xCF, 0xF8, 0xA2, 0xBA, 0x90, 0x1C, 0xB4, 0x67, 0x58, 0xBB, 0x7F, 0xF4, 0xF4,
    0x55, 0xA5, 0x5E, 0x9E, 0x98, 0xCB, 0xD3, 0x0F, 0x51, 0x94, 0x9D, 0xB8, 0x25, 0x9D, 0x2F, 0x07,
    0xB0, 0x78, 0x09, 0x4F, 0x75, 0xFA, 0x14, 0x01, 0x14, 0x56, 0x18, 0xD2, 0x23, 0x49, 0x1D, 0xB3,
    0x73, 0x01, 0x03, 0x4D, 0x2B, 0xAB, 0x99, 0x10, 0xAC, 0x9A, 0x14, 0x8A, 0xEA, 0x43, 0xCC, 0x3C,
    0x79, 0x9C, 0xE9, 0x87, 0x83, 0xFE, 0xDE, 0xC9, 0xBF, 0xCF, 0xF3, 0x70, 0xE5, 0x88, 0xD0, 0x42,
    0x23, 0x8B, 0x4B, 0xC3, 0xE6, 0x48, 0x4E, 0x77, 0xE4, 0x78, 0x7B, 0xEA, 0x79, 0xF4, 0xA7, 0x1D,
    0x2F, 0xC8, 0x92, 0x00, 0xAD, 0xEB, 0xB1, 0xAB, 0xC9, 0xEC, 0xEA, 0x6A, 0xD0, 0x15, 0x3C, 0xB3,
    0x3D, 0x92, 0x6A, 0x12, 0xB5, 0x7D, 0xD5, 0xB5, 0xA5, 0x9B, 0x64, 0xDA, 0xEE, 0x82, 0x4A, 0x6E,
    0x87, 0x5E, 0xD7, 0x00, 0x29, 0x87, 0x8E, 0x86, 0x04, 0x6E, 0xB6, 0x2C, 0xB9, 0x9D, 0x41, 0x91,
    0x7C, 0x02, 0x24, 0x06, 0x4F, 0x0C, 0xCB, 0xB6, 0x68, 0x45, 0x20, 0x91, 0x6E, 0x20, 0x31, 0x5C,
    0x40, 0x12, 0xFF, 0x03, 0x39, 0x3D, 0x91, 0x8C, 0x7C, 0x0F, 0x36, 0x2A, 0x05, 0xDA, 0x13, 0xA7,
    0x95, 0x28, 0x2A, 0x88, 0x82, 0x8A, 0x68, 0x56, 0x13, 0x79, 0xED, 0x1E, 0x22, 0x0B, 0xB7, 0x3B,
    0x64, 0xA9, 0xAF, 0x57, 0x94, 0x2B, 0x82, 0x30, 0x09, 0x8A, 0x54, 0x7B, 0x04, 0x48, 0x8B, 0x34,
    0x28, 0x2D, 0xC4, 0x82, 0xB4, 0x40, 0x24, 0x81, 0x26, 0xE0, 0xB5, 0xA5, 0x3B, 0xAC, 0x31, 0x9D,
    0xD7, 0x2E, 0xB3, 0x52, 0xD1, 0x84, 0x3A, 0x6B, 0xDC, 0x5D, 0x89, 0xD1, 0x52, 0x46, 0x39, 0x7F,
    0xDF, 0x31, 0xE7, 0xD7, 0xFB, 0xBF, 0xC4, 0xFD, 0x02, 0x2A, 0xAC, 0xD7, 0x08, 0xB7, 0x09, 0xD9,
    0x20, 0xDB, 0xED, 0x12, 0x36, 0x80, 0x6D, 0x0D, 0xB3, 0xF7, 0xA0, 0x82, 0x5C, 0x7E, 0x57, 0x02,
    0x3E, 0x44, 0x2A, 0xD3, 0x19, 0x32, 0xE4, 0x4E, 0x06, 0x63, 0x61, 0x8D, 0x31, 0x79, 0xCD, 0x4D,
    0xF9, 0x89, 0x38, 0x7A, 0xD0, 0x7A, 0xDA, 0x8B, 0x74, 0xEB, 0x79, 0xA1, 0xBE, 0x25, 0x65, 0x33,
    0x6D, 0xAD, 0xF2, 0xFA, 0xA9, 0x34, 0x6A, 0x15, 0x77, 0xAC, 0x1D, 0x5A, 0x97, 0xCC, 0x4B, 0xCE,
    0x0B, 0x1F, 0x56, 0xD3, 0xDD, 0x51, 0xB9, 0x4C, 0x74, 0x6B, 0xF3, 0x98, 0xB6, 0xE3, 0xCD, 0xB2,
    0xA5, 0x87, 0xF5, 0xE6, 0x49, 0x51, 0xFA, 0x40, 0xF3, 0xA4, 0x07, 0x2A, 0x6F, 0x9A, 0x41, 0x25,
    0x87, 0x8D, 0x3A, 0xF9, 0x4B, 0x57, 0xCD, 0xFA, 0x67, 0xAB, 0x6D, 0x67, 0xCF, 0x81, 0x24, 0x5C,
    0xB2, 0xC9, 0x74, 0x97, 0x8D, 0xB7, 0x88, 0x81, 0xDC, 0x86, 0x0D, 0xDC, 0xEA, 0x55, 0xA4, 0xF5,
    0x92, 0xBA, 0x41, 0x72, 0x9E, 0xD6, 0xA1, 0x4D, 0x5C, 0x28, 0xCB, 0xED, 0x38, 0x6D, 0xBD, 0x63,
    0x8C, 0x26, 0xBC, 0x6A, 0x4D, 0x93, 0xBA, 0x2D, 0x3E, 0xFD, 0x54, 0x42, 0x12, 0x94, 0xAE, 0x45,
    0x81, 0x83, 0x52, 0x9B, 0xB9, 0x61, 0x33, 0x43, 0xEC, 0x56, 0xB4, 0x02, 0x5E, 0x91, 0x32, 0x52,
    0xCA, 0x88, 0x02, 0xAA, 0xFF, 0x9D, 0x90, 0xE8, 0xE0, 0x1A, 0x95, 0xD6, 0xC1, 0x16, 0xD1, 0xFE,
    0xAE, 0xA2, 0x5F, 0x51, 0xC3, 0xEF, 0xD7, 0x44, 0x07, 0x15, 0x91, 0xC4, 0x69, 0x9D, 0xFA, 0x61,
    0x44, 0x19, 0x17, 0x56, 0x9E, 0x38, 0xDD, 0x15, 0xF8, 0xD4, 0x08, 0x32, 0xF1, 0xDB, 0xA1, 0xB2,
    0x61, 0xE5, 0x85, 0x97, 0x27, 0x6F, 0x25, 0x96, 0x9B, 0xD9, 0x00, 0x4F, 0x57, 0x91, 0x4D, 0x89,
    0x68, 0x59, 0xCC, 0x66, 0xC2, 0xAD, 0xF6, 0x31, 0x99, 0x95, 0x25, 0x8A, 0x92, 0x4A, 0x52, 0xEF,
    0xCB, 0x5A, 0xA4, 0x1C, 0x51, 0x8C, 0x28, 0x45, 0x14, 0x22, 0xCA, 0x10, 0x45, 0xA8, 0x85, 0x38,
    0x50, 0x80, 0x28, 0x3F, 0x0F, 0x0B, 0xB7, 0xA5, 0xF4, 0x50, 0x78, 0x14, 0x88, 0xE8, 0xE0, 0x4B,
    0x16, 0x8C, 0x5D, 0xD0, 0x0C, 0x40, 0x29, 0x14, 0x08, 0x84, 0x2F, 0x41, 0xAC, 0xC3, 0x7C, 0x6C,
    0x44, 0x8F, 0xDA, 0x85, 0x06, 0x51, 0x25, 0x00, 0x65, 0xE0, 0x2E, 0xF7, 0x05, 0xAD, 0xAF, 0xC5,
    0x96, 0xCC, 0x19, 0x83, 0x61, 0x99, 0xB8, 0x23, 0xAC, 0x28, 0x14, 0xA0, 0x46, 0x58, 0x31, 0xE2,
    0xAF, 0x11, 0xA5, 0x79, 0x2D, 0x7C, 0x71, 0xAF, 0x03, 0x09, 0xDC, 0x2E, 0x66, 0x59, 0x20, 0xA5,
    0xF1, 0x63, 0x4D, 0x70, 0x05, 0x32, 0x48, 0xEC, 0xF3, 0x05, 0x74, 0x3A, 0xC6, 0x60, 0x1D, 0xE2,
    0x3C, 0xB7, 0x45, 0x14, 0xEB, 0x35, 0xEC, 0xF0, 0xAC, 0x43, 0x66, 0xB9, 0xD1, 0x49, 0x1F, 0x15,
    0x9E, 0x56, 0x32, 0x24, 0x86, 0xEB, 0x58, 0xE0, 0xA8, 0x59, 0x1F, 0x4C, 0x56, 0xEA, 0x83, 0x48,
    0x29, 0xAF, 0xCF, 0x29, 0x8F, 0xCD, 0x21, 0xC2, 0xD8, 0x4A, 0x5B, 0xF0, 0x44, 0x90, 0x06, 0xB0,
    0x31, 0xCE, 0x58, 0xE2, 0x63, 0x0F, 0x63, 0x84, 0xCD, 0x19, 0x12, 0x51, 0x06, 0x95, 0x82, 0x64,
    0x0A, 0xF0, 0x87, 0xB0, 0xC0, 0x9E, 0x0D, 0x7C, 0x59, 0x7E, 0x56, 0x89, 0x9C, 0xFB, 0x8D, 0xD0,
    0x43, 0x28, 0x88, 0xDE, 0x63, 0x94, 0x3B, 0x98, 0x0B, 0x70, 0x90, 0x70, 0x86, 0x8E, 0xBE, 0x4E,
    0xD3, 0xD2, 0x4C, 0x1A, 0x12, 0x98, 0x71, 0xE0, 0x2A, 0x9F, 0x3D, 0xB8, 0xA0, 0x94, 0x46, 0xEE,
    0x5A, 0x1B, 0x43, 0x90, 0xBD, 0x66, 0xFA, 0x9A, 0xF9, 0x6B, 0x26, 0xB0, 0x4F, 0x66, 0xB0, 0x9F,
    0x25, 0xE1, 0x8D, 0xA9, 0x3D, 0x92, 0x08, 0xE9, 0x83, 0xA0, 0x45, 0x92, 0x2E, 0xAE, 0x40, 0xED,
    0x39, 0x93, 0x02, 0x95, 0x9A, 0xD3, 0x4B, 0x17, 0x55, 0xC4, 0x43, 0x34, 0x70, 0xC6, 0x58, 0xEB,
    0xB9, 0x28, 0x45, 0xA7, 0xC7, 0xBE, 0xA2, 0x7A, 0x07, 0x2B, 0x5D, 0x66, 0xF7, 0xB2, 0x29, 0xFF,
    0x84, 0x84, 0xDF, 0xB0, 0x3E, 0x8B, 0xA3, 0xB5, 0xCA, 0x0A, 0xE4, 0xD4, 0x13, 0x50, 0x34, 0x31,
    0xEF, 0xD7, 0x4A, 0x54, 0x19, 0xB0, 0xD2, 0xD5, 0xB8, 0x75, 0xA0, 0x75, 0x2D, 0x07, 0xC5, 0x56,
    0xFA, 0xC7, 0x15, 0x92, 0x76, 0x5E, 0x67, 0x35, 0x29, 0x53, 0x6F, 0xE9, 0x58, 0x60, 0x5C, 0x9C,
    0x28, 0x81, 0xC7, 0x13, 0x14, 0x44, 0x17, 0x27, 0xC3, 0xCA, 0x9F, 0xC6, 0x2F, 0xAB, 0x61, 0x1A,
    0x4F, 0x94, 0x03, 0x36, 0x71, 0x4D, 0x9D, 0xAE, 0x7C, 0x10, 0xD1, 0x51, 0x56, 0xC8, 0x78, 0x94,
    0x1B, 0x32, 0x42, 0xCB, 0x10, 0xF9, 0xAB, 0xF0, 0x44, 0xCE, 0xEF, 0x54, 0xE8, 0x4C, 0xD0, 0x79,
    0xF9, 0x3A, 0xC1, 0x72, 0xA2, 0x7F, 0x6E, 0x6B, 0xE4, 0x13, 0x0D, 0xA5, 0x0B, 0xF3, 0x27, 0x34,
    0x42, 0x52, 0x53, 0x26, 0x24, 0x32, 0x93, 0x63, 0xAA, 0x3B, 0x87, 0xC8, 0x5D, 0x96, 0xD0, 0xC3,
    0x71, 0x02, 0xFA, 0x23, 0x1F, 0x00, 0x16, 0xA0, 0x5C, 0x4C, 0x06, 0xC8, 0x14, 0x81, 0xCB, 0x90,
    0xE9, 0x82, 0xE0, 0x9B, 0x81, 0xCD, 0xD3, 0xEC, 0xF7, 0x01, 0x7E, 0xA0, 0x03, 0x67, 0xE2, 0x12,
    0x7C, 0xA9, 0xD4, 0xF8, 0xD0, 0x33, 0x00, 0x77, 0x5A, 0xF3, 0x12, 0x18, 0xD4, 0xCD, 0xD9, 0x05,
    0x8E, 0x4D, 0x6D, 0x1D, 0xF5, 0x4D, 0xC8, 0xA5, 0x79, 0x6B, 0x74, 0x2D, 0x43, 0x33, 0xD9, 0x58,
    0xA1, 0xBD, 0x2B, 0x6C, 0x5C, 0x5F, 0x78, 0x43, 0xA3, 0x23, 0x71, 0x65, 0x75, 0x23, 0xC2, 0x1F,
    0xEC, 0x7E, 0x04, 0xDC, 0x2E, 0xFD, 0xE2, 0x4E, 0xC7, 0xB6, 0x0E, 0xE6, 0x56, 0x85, 0x73, 0x83,
    0x22, 0xED, 0xF2, 0x98, 0x22, 0xF4, 0x4C, 0x28, 0x4F, 0x73, 0x8D, 0x79, 0x95, 0xC3, 0xDC, 0xF2,
    0x17, 0x27, 0x2C, 0xD7, 0xC7, 0xEF, 0xF1, 0xEE, 0xF1, 0x7B, 0x9A, 0xBC, 0xFD, 0x39, 0x6D, 0x67,
    0xAC, 0x95, 0xE5, 0x58, 0xD9, 0x19, 0x8F, 0x79, 0x82, 0x63, 0xC9, 0x5B, 0x8E, 0x85, 0xC5, 0x13,
    0x41, 0x9E, 0xF2, 0x1A, 0x43, 0x8A, 0x98, 0x4F, 0xCE, 0x62, 0x66, 0xE2, 0xCD, 0x22, 0xE7, 0x47,
    0xCF, 0x99, 0x66, 0x9B, 0x33, 0xC5, 0xF8, 0x38, 0x1E, 0xBA, 0x53, 0xB3, 0x64, 0x5D, 0x3C, 0x76,
    0x4B, 0xBC, 0x15, 0x6F, 0x10, 0x10, 0x08, 0xA5, 0xFA, 0x50, 0x42, 0xD7, 0x6E, 0x2B, 0x80, 0xC3,
    0x87, 0xBC, 0xC9, 0x3F, 0x21, 0x6B, 0x80, 0x31, 0xCC, 0x99, 0x9A, 0x2C, 0x46, 0x9F, 0x7A, 0x18,
    0x23, 0x3F, 0x5E, 0x5D, 0x41, 0x3B, 0x02, 0x2D, 0x36, 0x2C, 0x2A, 0x0E, 0xCF, 0x07, 0x65, 0xD7,
    0x66, 0xC0, 0xC3, 0xB5, 0x19, 0xF0, 0x62, 0x5A, 0x11, 0xFA, 0xD1, 0x33, 0xA6, 0xF6, 0xF2, 0xC5,
    0xFF, 0xFA, 0xDD, 0x98, 0x9C, 0xD0, 0x1A, 0x7C, 0xB3, 0x48, 0xE0, 0xE1, 0xEA, 0xFE, 0x09, 0x81,
    0x90, 0xE1, 0x6A, 0xD6, 0x91, 0x85, 0x06, 0xBF, 0x49, 0x75, 0x0D, 0xE9, 0xEA, 0xC9, 0x9B, 0xE9,
    0x22, 0x0A, 0x92, 0x75, 0xBB, 0x79, 0x2E, 0x3E, 0xAB, 0x39, 0xAD, 0x0A, 0xC6, 0xFF, 0x10, 0x94,
    0x8A, 0xDF, 0xA5, 0xF9, 0xCC, 0xB4, 0x54, 0x6D, 0xE3, 0xED, 0xC6, 0x3C, 0x7B, 0xB6, 0xDE, 0x1D,
    0x99, 0x48, 0x76, 0xB2, 0xD1, 0x06, 0xED, 0x91, 0x6E, 0xB5, 0x62, 0x0F, 0x5F, 0x81, 0x32, 0xCD,
    0x65, 0x62, 0x62, 0x06, 0xD2, 0x4C, 0x9C, 0xE6, 0xA8, 0x40, 0x65, 0x13, 0x20, 0x05, 0x88, 0xB4,
    0xBA, 0x44, 0x9A, 0xB0, 0x59, 0xD1, 0xD3, 0x0E, 0x3F, 0x12, 0x67, 0x6E, 0xC6, 0xC6, 0x4B, 0x7A,
    0x99, 0xE1, 0xB0, 0xD8, 0x31, 0x9B, 0x2E, 0x13, 0xD2, 0xB0, 0x96, 0x41, 0x21, 0xDE, 0x47, 0x90,
    0xA5, 0xB8, 0x1E, 0x79, 0x17, 0x97, 0x32, 0xB4, 0x60, 0xC8, 0x51, 0x34, 0xC4, 0x0F, 0x74, 0x83,
    0x58, 0x60, 0x8D, 0x9D, 0xD0, 0x03, 0x06, 0x06, 0xEB, 0x04, 0x4E, 0xCA, 0xB5, 0x35, 0xAE, 0x78,
    0x3E, 0x24, 0xEE, 0x90, 0x97, 0xB3, 0x0A, 0xEE, 0x88, 0x5F, 0x07, 0x32, 0x74, 0x56, 0xD6, 0xE0,
    0x25, 0xCC, 0x8D, 0x36, 0x82, 0xA7, 0xEC, 0x9A, 0x4B, 0x74, 0x34, 0xB0, 0xAF, 0x7E, 0x15, 0x89,
    0x6A, 0x4B, 0x13, 0xBF, 0x4C, 0x33, 0x31, 0xE5, 0xC2, 0xC7, 0x19, 0x4C, 0xD3, 0xED, 0x64, 0xEC,
    0x91, 0x43, 0x22, 0xCE, 0xD5, 0x4D, 0x73, 0xA8, 0xC7, 0x7D, 0xD4, 0x41, 0xF7, 0xC7, 0xD8, 0x12,
    0xE8, 0x9F, 0x57, 0xA2, 0x81, 0x9F, 0x30, 0xD1, 0x21, 0xBD, 0x24, 0x91, 0x1C, 0x59, 0x3E, 0xB5,
    0x5F, 0x78, 0x99, 0x53, 0x3B, 0x4F, 0x9D, 0x68, 0x7F, 0x0C, 0x31, 0xEA, 0x25, 0x31, 0x60, 0x8E,
    0xD9, 0xCF, 0x17, 0xCE, 0xD7, 0x12, 0x23, 0x22, 0x31, 0x00, 0x48, 0x8C, 0x74, 0x42, 0x0C, 0xB9,
    0xB9, 0x6E, 0xDF, 0xF9, 0xC9, 0x7F, 0xE0, 0xD2, 0x70, 0x69, 0xFD, 0xAF, 0xD9, 0xFE, 0xB6, 0x28,
    0x19, 0x44, 0x63, 0x92, 0x9C, 0x79, 0xE4, 0xE8, 0x6B, 0x4B, 0x8C, 0x54, 0x88, 0x31, 0xFF, 0xBC,
    0x9A, 0x95, 0xFE, 0x48, 0x8C, 0x92, 0xC4, 0x40, 0x4D, 0xFB, 0x04, 0x31, 0xF2, 0xF5, 0xC4, 0xF8,
    0xC3, 0x90, 0x20, 0x7E, 0xE7, 0x0E, 0xFF, 0x57, 0x71, 0xF1, 0x4F, 0x35, 0xA7, 0xEB, 0xD8, 0x14,
    0x3A, 0x1A, 0xB6, 0x50, 0x3C, 0x1E, 0xC6, 0x5A, 0xF8, 0x67, 0x68, 0xC8, 0xDC, 0x47, 0x5C, 0x1F,
    0x21, 0x03, 0x45, 0x31, 0xF3, 0x74, 0x89, 0x2F, 0x6A, 0x36, 0xE7, 0x51, 0xCC, 0x1C, 0x25, 0x6E,
    0x05, 0xD1, 0x32, 0x7D, 0x94, 0xF0, 0xFA, 0x48, 0x10, 0xE0, 0xE6, 0x5E, 0xF9, 0x54, 0xC5, 0x8C,
    0x1D, 0x7F, 0x8D, 0x85, 0x9F, 0x06, 0xE5, 0x2B, 0x62, 0x65, 0x82, 0xC2, 0x6D, 0xF7, 0x51, 0x11,
    0x6D, 0x0F, 0x01, 0xEF, 0xFE, 0x35, 0xE0, 0x87, 0xEB, 0xDA, 0x1A, 0xC3, 0x47, 0x81, 0x9A, 0x58,
    0x3C, 0x1B, 0x26, 0x4B, 0xC8, 0x36, 0x8F, 0x88, 0xC4, 0x89, 0x35, 0x24, 0x79, 0x95, 0x93, 0x7F,
    0x6B, 0xD2, 0x04, 0xA2, 0xF9, 0x29, 0x3A, 0xD7, 0xB6, 0x97, 0x83, 0xFE, 0x35, 0x27, 0x6F, 0x19,
    0xF1, 0xE7, 0x96, 0xE3, 0x7B, 0x36, 0x03, 0x3B, 0x29, 0x37, 0xA5, 0x22, 0xD3, 0xF9, 0xA0, 0xB1,
    0xCF, 0x89, 0xFA, 0x4A, 0xB3, 0xE6, 0xA8, 0x27, 0x47, 0x63, 0x12, 0xAF, 0xF5, 0xC4, 0xED, 0x16,
    0xA9, 0x45, 0x79, 0x38, 0xB4, 0x7B, 0xFD, 0x83, 0xCF, 0x6C, 0xDF, 0xC6, 0x91, 0xD6, 0xEC, 0x58,
    0xC3, 0xEF, 0xB4, 0xB4, 0xB2, 0xBA, 0x63, 0xC6, 0x7B, 0x9C, 0x1D, 0x33, 0x17, 0x81, 0x3F, 0xF0,
    0xC3, 0x30, 0xFA, 0x40, 0x69, 0xB4, 0x25, 0x46, 0x72, 0x4B, 0xC4, 0x76, 0x6F, 0x96, 0x99, 0xC3,
    0x97, 0x17, 0x45, 0x3F, 0xF7, 0x89, 0x50, 0xDE, 0x2F, 0xB9, 0x1D, 0x1C, 0x1B, 0x4E, 0x65, 0xE9,
    0x3C, 0x02, 0x75, 0xDA, 0x5D, 0xC0, 0xDD, 0x47, 0xA1, 0x8E, 0xC3, 0x1A, 0xB0, 0x6B, 0x2B, 0xC1,
    0x4F, 0x88, 0x3A, 0x81, 0x59, 0xB4, 0xA3, 0x50, 0x59, 0x8E, 0xC5, 0xB0, 0x9C, 0x79, 0x80, 0x2A,
    0xE2, 0x2E, 0xEE, 0x93, 0x2D, 0x37, 0xD8, 0xDA, 0xC4, 0xED, 0x4D, 0xFD, 0x6A, 0xFB, 0xCD, 0xE2,
    0xE8, 0xCD, 0xEB, 0x66, 0x70, 0x1A, 0x21, 0xA9, 0xA8, 0x2E, 0xB9, 0x11, 0x83, 0xE3, 0x4D, 0xFB,
    0x30, 0x94, 0xE6, 0x55, 0x0D, 0x90, 0xA9, 0xB7, 0xBE, 0xD4, 0x87, 0xD7, 0xD8, 0x3D, 0xB8, 0x6B,
    0x5E, 0x29, 0xB7, 0x20, 0x95, 0x8A, 0x8A, 0x9F, 0x88, 0x23, 0xF3, 0x4A, 0xAF, 0xAC, 0x69, 0x94,
    0x3B, 0x8D, 0x32, 0xA8, 0x1E, 0x79, 0x32, 0x41, 0xBE, 0xA2, 0xD9, 0x12, 0xA9, 0x20, 0x4C, 0x90,
    0x84, 0x9E, 0x70, 0x36, 0x36, 0x2B, 0xED, 0x26, 0x53, 0xF4, 0x33, 0x45, 0xFF, 0xAC, 0xE8, 0xF7,
    0x44, 0xCE, 0xFF, 0x94, 0xBC, 0xDE, 0xBF, 0x12, 0xF9, 0x9F, 0x94, 0xF8, 0x79, 0x20, 0xD2, 0x25,
    0x77, 0xDF, 0x9C, 0x95, 0x08, 0xCA, 0x3B, 0xB8, 0xC2, 0xF9, 0xB7, 0x35, 0xC2, 0xD3, 0x68, 0xC8,
    0x82, 0x71, 0xE2, 0x86, 0x3D, 0xB7, 0xDA, 0x75, 0x4B, 0xFA, 0x0B, 0xBC, 0x7E, 0x87, 0xAB, 0xEB,
    0xC4, 0x46, 0xCD, 0xE9, 0x4B, 0x93, 0x1D, 0x3D, 0xFB, 0x58, 0x06, 0xF8, 0x93, 0x57, 0x72, 0x7A,
    0x95, 0x47, 0x74, 0xD6, 0x8F, 0xF8, 0xE8, 0x07, 0x85, 0xBD, 0xD9, 0x24, 0xDC, 0x26, 0xDC, 0x42,
    0x2B, 0xB1, 0xF9, 0x35, 0xE1, 0xEF, 0xD0, 0x5C, 0xEC, 0x08, 0x74, 0x3A, 0xF7, 0xBF, 0x01, 0xBD,
    0xDF, 0x00, 0xFA, 0x5F, 0x02, 0x06, 0x1F, 0x0B, 0x9C, 0xA7, 0x5E, 0x73, 0xC5, 0x0C, 0xBD, 0x8B,
    0x5D, 0x76, 0x2D, 0x7A, 0x92, 0x37, 0x12, 0x5B, 0xDD, 0xB7, 0xFB, 0x74, 0xDB, 0x09, 0x3A, 0xFD,
    0xF5, 0x5C, 0x30, 0xCA, 0x8C, 0xAD, 0xC1, 0xC9, 0x08, 0xCF, 0x29, 0x73, 0x32, 0xA6, 0xEF, 0xDC,
    0x82, 0x96, 0x47, 0xA2, 0x0F, 0xEE, 0xF1, 0xE8, 0xB5, 0x90, 0x9C, 0x6B, 0x22, 0x3B, 0xD2, 0x07,
    0x0D, 0xF9, 0xFD, 0xF3, 0xC9, 0xAA, 0x17, 0xD9, 0x67, 0xF8, 0x32, 0xE3, 0xD3, 0x80, 0x29, 0x8B,
    0x19, 0x9F, 0xA6, 0xE0, 0x31, 0x06, 0x75, 0x55, 0x5C, 0xD9, 0x72, 0x70, 0xEE, 0x98, 0x67, 0x57,
    0x7D, 0xA0, 0xF2, 0x15, 0xFD, 0x25, 0xF9, 0xB4, 0xED, 0x4D, 0x51, 0xF4, 0x7E, 0x31, 0x79, 0x2C,
    0x86, 0xDF, 0x3E, 0xA7, 0xCB, 0x4D, 0x33, 0x04, 0xB4, 0x01, 0xEE, 0x7D, 0x1A, 0x84, 0x72, 0x8B,
    0x70, 0x8F, 0x9F, 0xB4, 0x93, 0x0D, 0xC5, 0xD9, 0x39, 0xD3, 0x8E, 0xBB, 0x6E, 0xC9, 0x38, 0x9B,
    0x25, 0xB0, 0x59, 0x87, 0x7E, 0x3D, 0x13, 0xD5, 0xEC, 0xCC, 0x4B, 0xDF, 0xE1, 0x46, 0xAB, 0x46,
    0x5B, 0x7E, 0x13, 0xE7, 0x39, 0x65, 0x9E, 0x57, 0xEC, 0x32, 0x89, 0x48, 0x87, 0xE4, 0x37, 0xDD,
    0x22, 0xD9, 0x72, 0x0F, 0x1E, 0x8C, 0x53, 0x6F, 0x52, 0x41, 0xBD, 0x7D, 0xFE, 0x16, 0xE0, 0x85,
    0xA7, 0xBE, 0x7D, 0x3C, 0xCE, 0xAC, 0x98, 0x66, 0xB1, 0x77, 0xEC, 0x13, 0xD9, 0x6C, 0xEB, 0xB9,
    0x56, 0x77, 0xE6, 0x7F, 0xAB, 0xF9, 0x38, 0xD5, 0x1F, 0x08, 0x52, 0x35, 0xDD, 0x32, 0x52, 0x5E,
    0x7C, 0xDD, 0xD7, 0x95, 0xF2, 0xF9, 0x1A, 0xCA, 0xBF, 0x76, 0x82, 0xF2, 0xBB, 0x84, 0xF7, 0x1B,
    0x4B, 0x7F, 0xA7, 0x73, 0x26, 0x94, 0xF7, 0x48, 0xF9, 0x19, 0x28, 0xDF, 0x85, 0x20, 0x8F, 0x50,
    0x7E, 0xFE, 0x99, 0x49, 0x1B, 0x2C, 0xE1, 0x8D, 0xC4, 0x3A, 0xA4, 0x3A, 0xCE, 0x76, 0xD9, 0x19,
    0xEF, 0x4D, 0x1A, 0x3A, 0x66, 0xF7, 0xD9, 0x70, 0x4E, 0xCB, 0x65, 0x37, 0x54, 0x2D, 0x83, 0x8E,
    0xB0, 0x5E, 0xED, 0x10, 0x36, 0x8B, 0x47, 0x77, 0x30, 0xC6, 0xB2, 0x65, 0x67, 0x83, 0x78, 0x7E,
    0x91, 0xA3, 0x3C, 0xCD, 0xAD, 0x44, 0xDF, 0xF2, 0x5F, 0xA0, 0x31, 0x8D, 0x3B, 0x37, 0x90, 0x61,
    0x18, 0x5A, 0xDD, 0xF2, 0x69, 0xCC, 0x41, 0xC2, 0x0D, 0x14, 0x25, 0xD3, 0xFF, 0x83, 0x06, 0xA9,
    0x87, 0xBA, 0x2D, 0xA0, 0xE6, 0xC8, 0xD3, 0x84, 0x85, 0xEF, 0x86, 0x1E, 0xB5, 0xDF, 0x30, 0xF1,
    0x86, 0x4B, 0x74, 0x9C, 0x4B, 0xA4, 0x67, 0xA5, 0x3E, 0x8D, 0xA7, 0xE7, 0x04, 0x02, 0x54, 0x4C,
    0xC8, 0x30, 0xB9, 0xC4, 0xFE, 0xC0, 0xE4, 0x96, 0x5C, 0xA2, 0xCB, 0xC9, 0x3D, 0xE1, 0x7E, 0x93,
    0x26, 0x11, 0x67, 0xE1, 0xD6, 0x71, 0xB6, 0xC3, 0x46, 0x29, 0xAF, 0x8A, 0x8B, 0x6D, 0xAA, 0x18,
    0xBF, 0x0C, 0x51, 0xCA, 0x07, 0x71, 0x0B, 0xFB, 0x74, 0xA0, 0x1E, 0x7B, 0x2B, 0x69, 0xED, 0xE7,
    0xA1, 0x99, 0xFD, 0x4E, 0x9F, 0x85, 0x18, 0x1B, 0xFF, 0xFF, 0x54, 0x59, 0x6E, 0x1B, 0xEF, 0xBB,
    0xCA, 0x52, 0x4A, 0xA9, 0x89, 0x6D, 0x2F, 0xF6, 0xD1, 0x83, 0xD1, 0x22, 0x2F, 0x01, 0x8A, 0x9E,
    0x74, 0x72, 0xF6, 0x46, 0xDA, 0x8E, 0xBB, 0x0A, 0x33, 0x9B, 0xB3, 0xB5, 0xF2, 0xF6, 0x49, 0x6D,
    0x9B, 0x65, 0x54, 0xAA, 0xEA, 0x45, 0xF2, 0xE2, 0xD2, 0x9A, 0x3E, 0x2E, 0xD5, 0x15, 0x37, 0xA3,
    0xB9, 0x2E, 0x6E, 0x24, 0xAA, 0x7A, 0xB9, 0xD4, 0x95, 0x54, 0xB1, 0x21, 0x76, 0x2C, 0x16, 0x98,
    0x32, 0x82, 0xD8, 0xB7, 0xFF, 0x47, 0xF3, 0x23, 0xFE, 0xDE, 0x2A, 0x76, 0x51, 0x28, 0x12, 0xB9,
    0x10, 0x32, 0xC7, 0x89, 0x4B, 0x82, 0x46, 0x99, 0x37, 0x07, 0x39, 0xC3, 0xC2, 0x1F, 0xF8, 0xB0,
    0xC3, 0x52, 0x6C, 0x26, 0x9E, 0x76, 0x58, 0x05, 0x29, 0xDA, 0x20, 0xFC, 0x3A, 0x8A, 0x0A, 0x46,
    0x71, 0x3B, 0xC1, 0xBF, 0xD7, 0x4C, 0x8A, 0x30, 0x39, 0x22, 0x0A, 0x41, 0xC9, 0x21, 0x82, 0x79,
    0xDB, 0x2C, 0x7B, 0xD5, 0x2C, 0x3D, 0x2C, 0xD1, 0x6C, 0x9B, 0x50, 0xF4, 0x51, 0xA7, 0x6B, 0xEB,
    0x40, 0x53, 0x39, 0x2F, 0xAD, 0x13, 0xA7, 0x78, 0xA8, 0xE3, 0x01, 0xBD, 0x12, 0x35, 0x4A, 0x49,
    0x90, 0xDE, 0xDC, 0x8C, 0x42, 0x02, 0x09, 0xC1, 0xA3, 0x82, 0xF4, 0x71, 0x7C, 0x96, 0xFB, 0xA1,
    0xF6, 0xC3, 0xED, 0x68, 0xBA, 0xF6, 0x50, 0xAB, 0x76, 0xE4, 0x69, 0x6A, 0x9B, 0xF8, 0x3F, 0xD6,
    0xE7, 0x13, 0xFD, 0xDB, 0xF4, 0x11, 0x59, 0xFE, 0x7C, 0xDA, 0xCE, 0xA5, 0x69, 0x86, 0xF5, 0xC8,
    0x5B, 0xE9, 0xD8, 0x18, 0x51, 0x6B, 0xBD, 0xFA, 0x7A, 0x82, 0xC2, 0xC5, 0x2E, 0xDB, 0x81, 0xCD,
    0x96, 0xC8, 0xD7, 0xFC, 0x17, 0x72, 0x3C, 0xC9, 0xCE, 0xE2, 0xA1, 0xA3, 0xCE, 0xB1, 0xCD, 0x28,
    0xE8, 0xE4, 0x08, 0xEA, 0xB4, 0x37, 0x61, 0x2B, 0x9C, 0x09, 0xB1, 0xD3, 0xC4, 0xE5, 0x76, 0x13,
    0xFC, 0x57, 0x62, 0x3F, 0x72, 0x8B, 0xAC, 0xE2, 0x12, 0x38, 0x42, 0x5C, 0x7B, 0x84, 0x06, 0x9D,
    0x54, 0x77, 0x16, 0x6D, 0x23, 0xE3, 0x8B, 0x66, 0x93, 0xAC, 0x45, 0x57, 0x16, 0xF4, 0xE7, 0xC3,
    0xCA, 0xEE, 0x5E, 0xD5, 0x47, 0x65, 0xB2, 0x6E, 0x10, 0x2D, 0x74, 0xC6, 0x1E, 0xFC, 0x3C, 0xEC,
    0xC7, 0xBE, 0x81, 0xE5, 0xF6, 0xDB, 0x92, 0x1A, 0x51, 0x7E, 0xF0, 0xC0, 0xAA, 0x3F, 0xDD, 0x85,
    0x7E, 0x83, 0x54, 0x1A, 0x3E, 0x1A, 0x26, 0xFF, 0x3B, 0x18, 0xDB, 0xDC, 0xCC, 0x73, 0xC6, 0x37,
    0x2B, 0xB3, 0x83, 0x4A, 0xEC, 0xF2, 0x71, 0x80, 0x9A, 0x88, 0x6A, 0xD7, 0x3C, 0x82, 0x67, 0x18,
    0xE1, 0x7D, 0x2C, 0x3A, 0x61, 0x89, 0x8C, 0x47, 0x78, 0x22, 0x4A, 0x4C, 0x1F, 0x14, 0x1A, 0x51,
    0x0E, 0x36, 0xC6, 0xCE, 0xD4, 0xF9, 0x72, 0xC8, 0xFA, 0x20, 0xC7, 0xB0, 0x5A, 0x6E, 0xC8, 0xCE,
    0x27, 0x6D, 0x9D, 0xDD, 0xB2, 0x1B, 0x68, 0xFA, 0x95, 0x01, 0x99, 0x25, 0x90, 0x74, 0x93, 0x5F,
    0xD9, 0xB1, 0x0F, 0x21, 0x85, 0xDB, 0x87, 0x9D, 0xDF, 0xB0, 0x39, 0x39, 0x53, 0x1A, 0xB9, 0x4D,
    0x6C, 0xF0, 0x39, 0x9C, 0xCC, 0x6E, 0xC4, 0x63, 0x6E, 0x94, 0x54, 0xA1, 0x4A, 0x0F, 0xCE, 0x78,
    0xE2, 0x15, 0x2B, 0xED, 0xD0, 0xB8, 0x22, 0x8B, 0xF8, 0xC9, 0x26, 0xB4, 0xEA, 0x35, 0x63, 0x77,
    0xC8, 0xD8, 0xFC, 0x85, 0x96, 0x38, 0xEB, 0x71, 0x37, 0x16, 0xF3, 0x27, 0x3B, 0x98, 0x6D, 0x87,
    0xEE, 0xB8, 0x1A, 0x3F, 0x42, 0xB3, 0x95, 0xF0, 0x79, 0x1F, 0x49, 0x8E, 0x4E, 0xC1, 0x25, 0x73,
    0xFB, 0xE6, 0xA2, 0xB7, 0x4C, 0xE7, 0xA5, 0xFB, 0x25, 0xED, 0x53, 0xF8, 0x92, 0xD3, 0xC6, 0x74,
    0xCE, 0x89, 0xCD, 0x68, 0x51, 0xEB, 0x7E, 0xFD, 0x78, 0xE6, 0x36, 0x67, 0x84, 0xF8, 0xCF, 0x86,
    0xCE, 0xB6, 0x8F, 0x13, 0xD1, 0x1D, 0xF6, 0x93, 0xC1, 0x35, 0x38, 0xA2, 0x7C, 0x77, 0xCB, 0x87,
    0x00, 0x58, 0xCA, 0x5F, 0x3C, 0x9A, 0xE3, 0xA6, 0x12, 0x38, 0x7C, 0x28, 0xAB, 0x13, 0xF5, 0x9B,
    0x83, 0xA0, 0xB0, 0x7D, 0xED, 0xBA, 0xAD, 0xAE, 0x35, 0x2B, 0x75, 0xBA, 0x67, 0x49, 0xF8, 0xFF,
    0x07, 0xED, 0x5B, 0x3D, 0x90, 0xDD, 0xD6, 0x75, 0xBE, 0x00, 0x44, 0x22, 0x36, 0xE2, 0x5C, 0x16,
    0xDE, 0xD8, 0x8C, 0x2C, 0x22, 0x85, 0x0A, 0x15, 0x16, 0xE1, 0x22, 0x33, 0x71, 0xB1, 0x4B, 0x40,
    0x49, 0xA1, 0x22, 0x85, 0x54, 0x90, 0x75, 0x5C, 0x66, 0x26, 0x85, 0x5C, 0x78, 0x26, 0x9C, 0xCC,
    0x92, 0x80, 0xA2, 0xC2, 0xAD, 0xFA, 0x34, 0xAE, 0xD3, 0x48, 0x33, 0x49, 0xC1, 0x78, 0x96, 0x0B,
    0x48, 0x2E, 0x52, 0xA4, 0x20, 0xAC, 0x22, 0xAD, 0xE1, 0x98, 0x49, 0x0A, 0x17, 0x46, 0xC6, 0x98,
    0x31, 0x64, 0x01, 0x0F, 0x39, 0xDF, 0x77, 0xEE, 0xC5, 0xC3, 0x2E, 0x77, 0x2D, 0x4D, 0x66, 0x64,
    0x91, 0x1C, 0x3D, 0xF2, 0xDD, 0x73, 0x76, 0xF7, 0x01, 0xB8, 0xF7, 0xFC, 0x9F, 0xEF, 0xDE, 0x67,
    0x0C, 0x5E, 0xF7, 0xE5, 0x7D, 0xE5, 0xB6, 0x31, 0x4B, 0x65, 0x82, 0x65, 0x69, 0xCD, 0xD2, 0x98,
    0x74, 0x59, 0x26, 0x53, 0x37, 0xA6, 0xAC, 0xC2, 0xC5, 0xD8, 0x26, 0x98, 0x8D, 0x29, 0x1B, 0x5B,
    0x44, 0x83, 0x31, 0x69, 0x97, 0x9A, 0xA4, 0x33, 0x26, 0xE9, 0xEF, 0xC9, 0x5F, 0x8C, 0x89, 0x7E,
    0x3B, 0x9A, 0x0C, 0x74, 0xE9, 0x4C, 0x5E, 0x18, 0x23, 0x17, 0x98, 0x5C, 0xEE, 0xC8, 0x6B, 0x40,
    0x77, 0xC6, 0xD4, 0x78, 0xCC, 0x05, 0x74, 0xD9, 0xFE, 0x3C, 0x2B, 0x0D, 0x26, 0xA5, 0xA1, 0xD0,
    0xB2, 0x50, 0x9A, 0xE3, 0xFE, 0xF2, 0x6C, 0x3C, 0x27, 0xEE, 0x31, 0x07, 0x63, 0x6C, 0x2B, 0x73,
    0x70, 0xBF, 0x8B, 0xDC, 0xB3, 0x64, 0x09, 0xF8, 0xB8, 0x5C, 0xB0, 0x2C, 0x3D, 0x68, 0xBC, 0x2C,
    0x05, 0xD7, 0x78, 0xF0, 0xA6, 0x71, 0xAF, 0x2B, 0x1C, 0x71, 0x47, 0xB9, 0xA6, 0xE5, 0xD8, 0x61,
    0xCC, 0x38, 0x46, 0xF2, 0x9B, 0x3B, 0x26, 0x6A, 0x4C, 0xB6, 0x74, 0x49, 0x65, 0x44, 0x0C, 0xA9,
    0x89, 0x26, 0xB3, 0xDC, 0x93, 0xF5, 0x9A, 0x7C, 0xC0, 0x53, 0xE5, 0x81, 0x29, 0xFF, 0x0B, 0x23,
    0x3F, 0xE6, 0x95, 0xB1, 0x9D, 0x1F, 0x8B, 0xB3, 0x23, 0xFF, 0x2A, 0x9F, 0xCC, 0x1B, 0x77, 0x95,
    0x7E, 0x4C, 0x96, 0x17, 0x0F, 0x90, 0x4F, 0xB8, 0x2C, 0x03, 0x26, 0xB0, 0x60, 0x36, 0xC1, 0x6D,
    0x3F, 0x45, 0x93, 0xE9, 0xA4, 0x45, 0xE6, 0xA5, 0xAC, 0xA3, 0x1E, 0xEA, 0x56, 0x69, 0xD9, 0x7E,
    0x63, 0x57, 0x98, 0x17, 0x87, 0xA4, 0x09, 0x47, 0xB9, 0x7A, 0x88, 0x49, 0xA3, 0x3E, 0xA9, 0x22,
    0xD2, 0x94, 0x52, 0x8A, 0xFA, 0x13, 0xA5, 0x9F, 0x0C, 0xA4, 0xB1, 0x28, 0x16, 0x14, 0xD2, 0x02,
    0xB5, 0x3D, 0x3E, 0xB3, 0xA7, 0xA9, 0xA3, 0x59, 0xAF, 0xD2, 0xBD, 0xD5, 0x29, 0xCD, 0x1D, 0xFD,
    0x3B, 0x47, 0xFF, 0xD9, 0xD1, 0x5F, 0x2B, 0x0D, 0x7E, 0xD1, 0x92, 0x46, 0xFF, 0xE6, 0xE8, 0x0F,
    0x5B, 0xDE, 0xC7, 0xBE, 0xDE, 0xF2, 0x39, 0x37, 0x93, 0x96, 0x56, 0x70, 0x92, 0x60, 0x75, 0xF5,
    0xAF, 0x7A, 0xFB, 0x31, 0x96, 0xB6, 0x54, 0x16, 0x3A, 0xD9, 0xAC, 0xD6, 0xA9, 0x44, 0x8C, 0x8D,
    0xA4, 0xA6, 0x6A, 0xCC, 0x42, 0xDD, 0x98, 0xB7, 0xF4, 0x27, 0xB9, 0x07, 0x34, 0x98, 0x54, 0xE9,
    0x2C, 0x16, 0x62, 0x8B, 0x7C, 0x11, 0xB5, 0xDC, 0x34, 0xD7, 0x6A, 0x21, 0x27, 0xC6, 0x9C, 0xCA,
    0x22, 0x7B, 0x10, 0xDE, 0x5B, 0xC8, 0x44, 0x83, 0xBA, 0x39, 0x92, 0x1C, 0x29, 0x39, 0x04, 0x99,
    0xCC, 0xBF, 0x2A, 0xF9, 0x5F, 0x48, 0x7E, 0x0A, 0x40, 0x82, 0x29, 0xFC, 0x4F, 0x92, 0xE8, 0x23,
    0x92, 0xF8, 0x43, 0x12, 0xFB, 0x0E, 0xC8, 0xAE, 0x8C, 0x86, 0x6B, 0x32, 0x9D, 0x39, 0xC4, 0x13,
    0xCA, 0x31, 0x10, 0x3B, 0x37, 0x57, 0x0A, 0x73, 0x60, 0x2E, 0x7C, 0xFD, 0x99, 0x89, 0x56, 0xFE,
    0x96, 0xC9, 0x56, 0xDE, 0xB6, 0xF3, 0xCA, 0xC7, 0xD4, 0xBA, 0xBE, 0x02, 0xB7, 0x4E, 0x5D, 0x7A,
    0xB5, 0xE7, 0x5F, 0x35, 0x97, 0xBE, 0x92, 0x65, 0x59, 0xDE, 0x95, 0x5B, 0x0A, 0xD9, 0x81, 0x17,
    0x0F, 0x4A, 0x41, 0x82, 0xBA, 0xF9, 0x63, 0xB9, 0x5D, 0xFA, 0xD8, 0x84, 0xB3, 0xC9, 0x2A, 0x93,
    0x0D, 0xB0, 0x24, 0x31, 0x0D, 0xE1, 0xE3, 0x19, 0x93, 0x11, 0x95, 0x67, 0xF0, 0x72, 0x99, 0x9A,
    0xC9, 0x5A, 0xF0, 0xA6, 0x2E, 0x8E, 0x28, 0x7A, 0xF0, 0x79, 0xF5, 0x02, 0x9D, 0x32, 0xAF, 0xD4,
    0x43, 0xE8, 0x7B, 0x85, 0xF3, 0xBB, 0x51, 0xF9, 0xB4, 0x55, 0xCB, 0xF1, 0x3C, 0xFE, 0xE6, 0x79,
    0xF8, 0xAB, 0xE7, 0xE1, 0xDB, 0xE4, 0x1B, 0x38, 0xD0, 0x7A, 0x9F, 0x18, 0x4B, 0xCF, 0xD5, 0x03,
    0x6D, 0xE7, 0xF9, 0x4A, 0x1D, 0x12, 0x7C, 0x8D, 0x29, 0x39, 0x7E, 0xC7, 0xFF, 0xD7, 0xE1, 0xDB,
    0x32, 0x15, 0xDC, 0xE6, 0x08, 0x7C, 0x32, 0xD2, 0x96, 0x8F, 0xC1, 0x8B, 0xDB, 0x22, 0x1A, 0x9C,
    0x08, 0x1F, 0x2E, 0xBC, 0x8D, 0x04, 0x90, 0xFA, 0xA0, 0x9E, 0x79, 0x9B, 0x64, 0x92, 0x48, 0x00,
    0x09, 0xCB, 0xB8, 0x8C, 0xC2, 0x3F, 0x36, 0x8E, 0xF7, 0xE2, 0xDF, 0x4B, 0x35, 0xAE, 0x82, 0xCE,
    0xB1, 0x51, 0x97, 0x34, 0x4E, 0xC8, 0x66, 0xCA, 0x8C, 0x93, 0xB1, 0x29, 0xC5, 0xF6, 0x54, 0xC4,
    0x26, 0x93, 0x1B, 0xA8, 0x84, 0x29, 0x0C, 0x15, 0xB0, 0x89, 0x1B, 0xE3, 0xE4, 0xAB, 0x6E, 0x5C,
    0xB9, 0xB5, 0x18, 0x27, 0x5D, 0x0D, 0x3D, 0x14, 0x6E, 0x8E, 0x08, 0xAB, 0x32, 0x59, 0xD9, 0xB4,
    0xCD, 0x0B, 0xD1, 0x96, 0xB2, 0xC7, 0xF0, 0x29, 0xCF, 0x4A, 0xA0, 0x55, 0xF6, 0x2E, 0xA8, 0x13,
    0xAB, 0xD8, 0xB9, 0x97, 0x2A, 0x82, 0xA6, 0x13, 0x2A, 0x3C, 0xD9, 0xC9, 0x14, 0x21, 0xD2, 0x89,
    0x14, 0x11, 0xC5, 0x49, 0x14, 0xE1, 0x5E, 0x05, 0x2A, 0x5E, 0xF0, 0x75, 0x27, 0x4F, 0xB9, 0xEA,
    0xD0, 0x89, 0x53, 0xDC, 0xF6, 0xD8, 0x49, 0x33, 0xAD, 0xCC, 0x03, 0x27, 0x4C, 0xB9, 0x78, 0x74,
    0xB2, 0xAC, 0x25, 0x6A, 0x39, 0x51, 0xD6, 0x2E, 0xCE, 0xCA, 0xEB, 0x5A, 0x70, 0xA7, 0x30, 0x1B,
    0xA9, 0x46, 0xF2, 0xD1, 0x23, 0x93, 0xD0, 0xDC, 0xC5, 0x26, 0x8B, 0x5B, 0xF4, 0xE6, 0xD6, 0x24,
    0x3F, 0x1F, 0xD5, 0x1F, 0xE4, 0x13, 0xBD, 0xE3, 0x9C, 0xB3, 0x5B, 0x67, 0x42, 0xCA, 0xDD, 0x54,
    0xBF, 0x69, 0x56, 0x0F, 0xF2, 0xDC, 0x1D, 0xCF, 0x89, 0xD1, 0x37, 0x92, 0xB1, 0xC4, 0x21, 0x65,
    0x1E, 0x8D, 0x04, 0xD3, 0xA5, 0x87, 0xE1, 0x37, 0xE1, 0xC7, 0x22, 0x1E, 0x31, 0x34, 0xDB, 0x84,
    0x10, 0xA1, 0x98, 0x59, 0xDA, 0x48, 0x60, 0x3F, 0x85, 0x5D, 0x66, 0x4D, 0xD4, 0x88, 0xB4, 0xB2,
    0x46, 0x93, 0x4A, 0x0F, 0x39, 0x95, 0xC2, 0xC9, 0xAA, 0x45, 0x96, 0x88, 0x3D, 0xB2, 0x68, 0xE1,
    0x3E, 0x69, 0xB8, 0x66, 0xE1, 0x7E, 0xD5, 0x40, 0x50, 0xF2, 0x43, 0xF0, 0xB3, 0x46, 0x62, 0x2E,
    0xB8, 0xE8, 0x91, 0x18, 0x72, 0x67, 0x0A, 0x51, 0xD7, 0xA3, 0x0A, 0xF9, 0xB1, 0xCB, 0xAB, 0xE4,
    0x0D, 0xB9, 0xCE, 0x84, 0x6D, 0xD6, 0x58, 0x5B, 0x99, 0x87, 0x92, 0x49, 0x6C, 0x7B, 0xCB, 0x56,
    0x81, 0xD8, 0x6A, 0x13, 0x2F, 0x93, 0xFD, 0xE5, 0x5F, 0x2E, 0x9C, 0x64, 0x67, 0x77, 0x11, 0x38,
    0x09, 0x20, 0xC1, 0x9B, 0xA6, 0xB8, 0x72, 0x07, 0x7E, 0x5C, 0x21, 0x15, 0x74, 0x16, 0xD9, 0x2A,
    0x84, 0x8C, 0x4B, 0x58, 0x9E, 0xF7, 0x38, 0x06, 0x6D, 0x65, 0xFA, 0xCF, 0xC8, 0x98, 0x2D, 0x13,
    0xFF, 0x6E, 0xA6, 0xBC, 0x98, 0x49, 0x56, 0xA6, 0x3B, 0xCB, 0x5C, 0x21, 0x23, 0x36, 0xA5, 0x75,
    0xC0, 0x29, 0xE2, 0xDC, 0xCA, 0x58, 0x65, 0x1E, 0x3A, 0xE6, 0xEA, 0xC4, 0x8C, 0xB9, 0xC0, 0xC2,
    0x91, 0x0D, 0x3D, 0x73, 0x4E, 0xA3, 0xA9, 0x67, 0x72, 0x6F, 0x42, 0xA5, 0xD7, 0xBA, 0x8F, 0x9A,
    0xA1, 0x0F, 0x99, 0xB1, 0x77, 0xD2, 0xA4, 0x78, 0xC2, 0x87, 0x53, 0x17, 0x3F, 0xF3, 0x96, 0x32,
    0x95, 0xCC, 0x4E, 0x91, 0xCA, 0xCF, 0x2A, 0x51, 0x55, 0xED, 0x99, 0x27, 0x5D, 0x48, 0x0F, 0x94,
    0x22, 0x71, 0xE6, 0x8C, 0xB7, 0x8D, 0x96, 0x34, 0x58, 0x82, 0x33, 0xCF, 0xB3, 0xB4, 0xD1, 0x09,
    0x7F, 0x1A, 0x4D, 0x1B, 0x15, 0xA0, 0x50, 0xCA, 0x4F, 0x28, 0xA5, 0x76, 0x96, 0x3E, 0x44, 0xB4,
    0xA0, 0xEC, 0xB2, 0x4A, 0x45, 0x97, 0x15, 0xB9, 0xA3, 0x2E, 0xB0, 0x78, 0x71, 0xAD, 0x89, 0x46,
    0x5F, 0x47, 0x8E, 0x1E, 0x2A, 0xF9, 0xB1, 0x8B, 0x72, 0xDE, 0x47, 0x7D, 0xAA, 0x11, 0x1F, 0xCB,
    0x27, 0x13, 0xF6, 0x12, 0xCF, 0x92, 0xE9, 0xEA, 0x8C, 0x6C, 0x09, 0xCE, 0xE0, 0x77, 0x86, 0xF5,
    0xD3, 0x13, 0x83, 0x24, 0x3C, 0x09, 0xAB, 0xF8, 0xAB, 0x84, 0xCE, 0xC9, 0xBC, 0x36, 0x89, 0x0F,
    0x05, 0x67, 0x87, 0x70, 0xE4, 0x20, 0x15, 0xC9, 0x66, 0x18, 0x64, 0x88, 0x36, 0x43, 0xE4, 0x87,
    0x3E, 0x1A, 0xFF, 0x34, 0xEA, 0xC3, 0x65, 0x88, 0x7A, 0x49, 0x81, 0x62, 0xAB, 0x07, 0x12, 0x75,
    0x5D, 0x01, 0xC6, 0x38, 0xAA, 0x83, 0xD4, 0x60, 0xC6, 0xBE, 0x07, 0xD1, 0x21, 0x00, 0xA7, 0x93,
    0x9A, 0x61, 0x22, 0x2B, 0xB2, 0xE2, 0x53, 0x8B, 0x14, 0xA7, 0x32, 0x1F, 0xC7, 0x9A, 0x52, 0x4B,
    0xC6, 0x0C, 0x61, 0x6F, 0x47, 0xA9, 0x20, 0xEC, 0xDE, 0x5A, 0xF6, 0xAC, 0xFC, 0xD5, 0xB3, 0xE2,
    0xFE, 0x47, 0xCA, 0x1E, 0xA5, 0xED, 0xCA, 0x4A, 0x30, 0xF7, 0xAC, 0x04, 0x90, 0x23, 0x8D, 0xD6,
    0x47, 0x92, 0x79, 0x8E, 0xD4, 0x24, 0x8E, 0xA4, 0xA0, 0xF1, 0xAC, 0x04, 0xD3, 0x63, 0x65, 0xEF,
    0x89, 0x5A, 0x1D, 0x7B, 0x2C, 0x57, 0xAC, 0x6C, 0xD6, 0xAC, 0xAC, 0xED, 0x8E, 0x55, 0x5F, 0xC7,
    0xE2, 0x59, 0x2B, 0x1B, 0x8D, 0x8E, 0x3D, 0x91, 0x78, 0x7C, 0xE2, 0x59, 0x33, 0xEF, 0xD9, 0xFA,
    0x44, 0x9D, 0x01, 0xBF, 0x99, 0x56, 0x36, 0x73, 0xAC, 0x10, 0xAB, 0x6C, 0x26, 0x35, 0x85, 0xC4,
    0x71, 0xB0, 0xB9, 0xB0, 0x88, 0x1D, 0xA7, 0xCE, 0x3D, 0x0A, 0x86, 0xFD, 0xF3, 0x0E, 0xA5, 0x95,
    0xB6, 0x4F, 0x78, 0xFB, 0x82, 0x64, 0xF5, 0xAF, 0x6D, 0xEC, 0x5D, 0x2D, 0x6D, 0x6F, 0x5C, 0x8C,
    0xF9, 0x9B, 0xA2, 0xC4, 0x67, 0xD4, 0x68, 0xE7, 0xB4, 0x13, 0xED, 0x9C, 0x6E, 0xA2, 0x9D, 0xD3,
    0x8C, 0xC4, 0x42, 0xA7, 0x97, 0x55, 0x2B, 0xAB, 0x4E, 0x56, 0x8D, 0x78, 0x7D, 0x48, 0x70, 0x54,
    0x6D, 0xC8, 0xB5, 0xAA, 0x0B, 0x31, 0x57, 0xD5, 0xC4, 0xB5, 0xD9, 0xEB, 0xE1, 0xD4, 0x6B, 0xE1,
    0xA1, 0xD7, 0xC1, 0xEC, 0x35, 0x30, 0x7B, 0xF9, 0xCF, 0x5E, 0xFA, 0xB3, 0x97, 0xFD, 0xE4, 0x25,
    0x3F, 0x79, 0xB9, 0x4F, 0x5E, 0xEA, 0x93, 0x97, 0xF9, 0xE4, 0x24, 0x1E, 0x4C, 0x4E, 0xDE, 0xC1,
    0xE4, 0xA4, 0x1D, 0x4C, 0x4E, 0xD6, 0xC1, 0xE8, 0x24, 0x1D, 0x8C, 0x4E, 0xCE, 0x6B, 0x90, 0x0A,
    0xFB, 0xF3, 0x4C, 0xB4, 0xD6, 0x16, 0x4E, 0xA8, 0xF1, 0x7B, 0x8E, 0xB1, 0xAE, 0x45, 0x31, 0x76,
    0x77, 0x5E, 0x1B, 0xFE, 0x22, 0xEB, 0x84, 0x6B, 0xA7, 0xB3, 0x3F, 0x47, 0x9D, 0xF9, 0x94, 0x97,
    0x48, 0x51, 0x5C, 0xF7, 0x4A, 0x21, 0x42, 0x14, 0xAD, 0x2C, 0xFD, 0xDF, 0x4F, 0xD1, 0x22, 0x25,
    0xEC, 0x60, 0xE6, 0xF8, 0xED, 0xC9, 0xFC, 0x85, 0xF8, 0xB2, 0x85, 0xDB, 0x0B, 0xBD, 0xE1, 0xE8,
    0x11, 0xE8, 0x60, 0xA6, 0x43, 0x59, 0xB0, 0x4C, 0x64, 0xBA, 0xEB, 0xE8, 0xA0, 0x74, 0xEC, 0x43,
    0xD2, 0x8F, 0xBB, 0x90, 0x55, 0xC3, 0x6F, 0x5A, 0xA5, 0x9F, 0x34, 0xF4, 0xEA, 0x60, 0xA9, 0xE4,
    0x8F, 0xA0, 0x66, 0xA5, 0xBD, 0x24, 0x15, 0xE9, 0x02, 0xA3, 0xE1, 0x4D, 0xA1, 0x13, 0xD2, 0x7E,
    0xDC, 0x21, 0x54, 0x2C, 0x95, 0xDA, 0xDA, 0x6D, 0x13, 0xBB, 0xC0, 0x94, 0x34, 0xE7, 0xA8, 0x8B,
    0xE7, 0x56, 0x25, 0x94, 0xD6, 0x2E, 0xFC, 0x39, 0x1B, 0xCE, 0xBC, 0x58, 0x36, 0x25, 0xF4, 0xF7,
    0x4D, 0xBC, 0x29, 0xBD, 0xD3, 0x9F, 0x4E, 0x9B, 0x82, 0x3B, 0x74, 0x01, 0xD0, 0xD5, 0x64, 0x47,
    0x17, 0x09, 0xEC, 0x6F, 0x5D, 0xA8, 0xAC, 0xB4, 0x38, 0x6F, 0xF4, 0x3A, 0x92, 0xE8, 0x11, 0x2F,
    0x8F, 0x1F, 0x71, 0xD6, 0xC9, 0x5F, 0x69, 0xF5, 0x12, 0x93, 0xDC, 0x50, 0x9D, 0x1D, 0x69, 0xFB,
    0x79, 0xA8, 0xAE, 0xF5, 0x40, 0x9D, 0x6D, 0xA0, 0xFB, 0x05, 0xBD, 0xB6, 0xB5, 0x1D, 0x1D, 0x37,
    0x6A, 0x5D, 0x86, 0x61, 0x9E, 0x4A, 0x58, 0x10, 0x60, 0x99, 0x88, 0x5D, 0xA9, 0x61, 0xF6, 0xBC,
    0xA5, 0xA5, 0xE5, 0x91, 0xA6, 0xE2, 0x63, 0xC3, 0xD2, 0x19, 0x6D, 0x9E, 0x18, 0x1C, 0x3A, 0xB9,
    0x49, 0xFA, 0xC6, 0x56, 0x2A, 0x9F, 0x1E, 0x04, 0x75, 0x98, 0x7A, 0xE3, 0x77, 0xCD, 0x1F, 0x31,
    0x43, 0x1C, 0x63, 0x72, 0xE8, 0x67, 0xE4, 0x21, 0xDD, 0x7E, 0x11, 0xCB, 0x25, 0x4B, 0xBF, 0x63,
    0x50, 0x54, 0x2E, 0x28, 0x76, 0x4A, 0x4C, 0x46, 0x14, 0x26, 0x35, 0x92, 0x3C, 0x4B, 0x82, 0x80,
    0x3C, 0x3F, 0x6D, 0xF6, 0xAD, 0x2F, 0xBA, 0x59, 0x16, 0x4D, 0x12, 0x1B, 0xEB, 0xC6, 0x15, 0x4B,
    0x5A, 0x28, 0xE5, 0x05, 0x8A, 0x24, 0x94, 0x45, 0xEB, 0xC8, 0xC2, 0x48, 0x8B, 0x22, 0xDB, 0xBE,
    0x2A, 0x77, 0x43, 0x31, 0xB4, 0x88, 0x68, 0xFB, 0x64, 0x36, 0x5A, 0x04, 0xE1, 0xF5, 0x8A, 0x09,
    0xAB, 0xAC, 0xB0, 0x55, 0xD2, 0x9D, 0x8A, 0x85, 0x4C, 0x9A, 0xB4, 0x50, 0xA2, 0xA5, 0xFB, 0x39,
    0x6A, 0xBC, 0xDF, 0x69, 0xDF, 0x9E, 0x17, 0x97, 0xBC, 0xCD, 0xC5, 0xEF, 0xF2, 0x82, 0x77, 0xED,
    0xDE, 0xA7, 0xFB, 0x77, 0x86, 0x5A, 0x7C, 0x51, 0x3F, 0xFB, 0x17, 0xF3, 0x92, 0x68, 0xE1, 0x81,
    0x49, 0xDF, 0xE9, 0x59, 0x03, 0x44, 0xE2, 0xA9, 0x80, 0x33, 0xE4, 0x57, 0xFB, 0xD7, 0x6D, 0xA8,
    0x0F, 0x73, 0xAB, 0xB4, 0x17, 0xCA, 0xB4, 0x07, 0x58, 0xDF, 0x97, 0xCD, 0xEF, 0xCC, 0x5C, 0xBE,
    0x02, 0xA9, 0xCB, 0xEF, 0x47, 0xB6, 0x96, 0xDE, 0xFB, 0x0B, 0xF3, 0x32, 0xCA, 0x38, 0x68, 0xDB,
    0xCC, 0x34, 0xF2, 0x9C, 0xB1, 0x82, 0xB9, 0x90, 0xD1, 0x9E, 0xF6, 0xB4, 0xEF, 0xA3, 0x6F, 0xD3,
    0x66, 0x61, 0xE5, 0x04, 0x70, 0x14, 0xBE, 0x51, 0xF0, 0x46, 0xA1, 0x1B, 0x05, 0x6E, 0x08, 0xDB,
    0x8C, 0x04, 0x4E, 0x26, 0x42, 0x36, 0x93, 0x02, 0x36, 0x0A, 0xD7, 0x28, 0x38, 0xB3, 0x1D, 0x69,
    0x33, 0x73, 0xBD, 0x8E, 0xC1, 0xA4, 0x00, 0x0D, 0xE1, 0x99, 0x51, 0xC1, 0x19, 0x85, 0x66, 0x14,
    0x98, 0x51, 0x58, 0xC6, 0x81, 0x32, 0x0A, 0xC9, 0x28, 0x20, 0xE3, 0xE0, 0x98, 0x3D, 0x18, 0x03,
    0x09, 0x53, 0xC4, 0x94, 0x31, 0x85, 0x4C, 0x29, 0xAB, 0x98, 0xCF, 0xC8, 0x99, 0x36, 0x0A, 0xFD,
    0x74, 0xE8, 0xE0, 0xD8, 0x0D, 0x2E, 0x04, 0x65, 0x2A, 0x1A, 0x26, 0x20, 0x99, 0x96, 0x88, 0x0C,
    0x31, 0x16, 0x1D, 0x8A, 0xED, 0xD0, 0x12, 0x8B, 0x21, 0x14, 0x43, 0x24, 0x86, 0x40, 0x0C, 0x71,
    0x18, 0x85, 0x61, 0x88, 0xC2, 0x6C, 0x61, 0x89, 0xB0, 0x32, 0xDF, 0xC4, 0x6A, 0x07, 0xCD, 0x6D,
    0xB5, 0x7A, 0x7A, 0xA6, 0x7E, 0x64, 0xD5, 0x91, 0x22, 0x17, 0x91, 0xFB, 0x27, 0x1C, 0x8A, 0x88,
    0xCD, 0xA2, 0xC0, 0xCD, 0xD2, 0x10, 0xB7, 0x99, 0x8D, 0xC2, 0x36, 0x24, 0x08, 0x8F, 0x04, 0x6D,
    0x1C, 0x66, 0xB3, 0x25, 0xB1, 0x92, 0x64, 0x4F, 0x14, 0xAE, 0xD9, 0x90, 0xB4, 0x67, 0xA9, 0x7E,
    0xB3, 0xF3, 0x50, 0x0D, 0xC8, 0x9F, 0x77, 0x1E, 0xA8, 0x71, 0x38, 0x8D, 0x83, 0x69, 0x1C, 0x4A,
    0x23, 0x24, 0xFE, 0x61, 0x4B, 0x8C, 0x46, 0x22, 0xAE, 0x3C, 0x1D, 0x10, 0x8D, 0xAC, 0x7F, 0x42,
    0xBC, 0x75, 0x00, 0x8D, 0xC3, 0x67, 0x9C, 0x1C, 0x5E, 0xE0, 0x78, 0x43, 0x7A, 0x63, 0x79, 0x70,
    0x95, 0x19, 0x05, 0x97, 0x60, 0x64, 0x0C, 0x77, 0x0C, 0x2C, 0x0E, 0x4B, 0x4B, 0xCF, 0x0B, 0x80,
    0x4A, 0x26, 0x5C, 0x63, 0x88, 0xD6, 0x28, 0x58, 0x43, 0xAC, 0x86, 0xA3, 0x1D, 0xFD, 0xA8, 0x40,
    0x8D, 0xE2, 0x34, 0x0A, 0xD3, 0x28, 0x4A, 0xA3, 0x20, 0x0D, 0x31, 0x1A, 0x85, 0x68, 0x14, 0xA1,
    0x51, 0x80, 0x46, 0xF1, 0x19, 0x07, 0xCF, 0x28, 0x3A, 0xA3, 0xE0, 0xCC, 0x59, 0x6C, 0xC6, 0xB5,
    0xFA, 0xFB, 0x8E, 0xFF, 0xC9, 0xD7, 0x03, 0x3A, 0x58, 0xB8, 0xA3, 0x2E, 0xA3, 0x5D, 0x4C, 0x32,
    0x93, 0x98, 0x31, 0x1C, 0x2E, 0xB9, 0xEA, 0xB9, 0xD0, 0xEF, 0x1A, 0x57, 0x1B, 0x3F, 0x3E, 0xF9,
    0xB2, 0x55, 0xCA, 0x16, 0x0A, 0x5D, 0x72, 0xDE, 0x71, 0x24, 0x9F, 0x56, 0xD9, 0xEF, 0x28, 0x3C,
    0xBE, 0x68, 0xED, 0x3B, 0x2C, 0x27, 0x51, 0xC7, 0xCC, 0x94, 0xD4, 0x4C, 0xE0, 0xA1, 0x96, 0x0F,
    0x49, 0xFB, 0xA5, 0x11, 0x78, 0x15, 0xFB, 0xB6, 0x10, 0x9E, 0x8D, 0x31, 0x66, 0xF8, 0x4D, 0x29,
    0xA1, 0x7B, 0xE7, 0x4B, 0xFD, 0x67, 0xD3, 0x20, 0xB4, 0x1C, 0x6E, 0xCD, 0x1F, 0x6A, 0xB3, 0x72,
    0xC2, 0x15, 0xBF, 0xDE, 0x2B, 0x8E, 0xD4, 0x2A, 0xAC, 0x5A, 0x6C, 0xCC, 0xC3, 0x0C, 0x5F, 0x9A,
    0xC7, 0x66, 0x29, 0xDF, 0x32, 0x01, 0x62, 0x44, 0x85, 0x8F, 0xC5, 0x03, 0x2B, 0x85, 0x85, 0x82,
    0xAA, 0xB9, 0xF8, 0xAC, 0xDD, 0xD4, 0xE9, 0xCF, 0xB8, 0xA9, 0xBC, 0xE2, 0xC0, 0x78, 0xB3, 0xDD,
    0x8E, 0xC8, 0x54, 0xC7, 0xDE, 0x38, 0xD2, 0x2F, 0x8D, 0xC3, 0x3B, 0xD4, 0xDA, 0xB0, 0x46, 0x3B,
    0xED, 0x99, 0xD8, 0x3A, 0xA5, 0x8C, 0xBF, 0xC1, 0xF0, 0x5C, 0x24, 0x13, 0x57, 0x8D, 0x7F, 0x07,
    0x1D, 0x37, 0x3A, 0xFA, 0x60, 0x26, 0x62, 0x59, 0x32, 0x60, 0x68, 0x37, 0x9A, 0x0C, 0x7E, 0xFB,
    0xF0, 0x7C, 0x35, 0xDE, 0x31, 0xB5, 0xCE, 0xEC, 0x5A, 0xEA, 0x02, 0x85, 0x6D, 0x86, 0x5E, 0x59,
    0x5C, 0x06, 0xC9, 0x29, 0x6F, 0x89, 0xD2, 0x37, 0xA8, 0x9F, 0xAF, 0xB8, 0x2D, 0x02, 0xC5, 0x22,
    0xCB, 0x8D, 0x15, 0x6E, 0x47, 0x29, 0x3C, 0xAF, 0xFE, 0x53, 0x55, 0xB3, 0xE5, 0x90, 0x31, 0xA8,
    0x31, 0x4A, 0xAB, 0x81, 0xF0, 0x9D, 0x55, 0x39, 0xDB, 0x0E, 0x6E, 0xCA, 0x54, 0x29, 0xDB, 0x24,
    0x3E, 0xA5, 0x88, 0x74, 0x2B, 0x67, 0xA9, 0x10, 0xE0, 0xF3, 0x1D, 0xE6, 0x13, 0xEB, 0x06, 0x07,
    0xAB, 0x71, 0x86, 0xF7, 0xBB, 0x52, 0xE9, 0x49, 0x35, 0x2E, 0xA1, 0xD1, 0x7E, 0xD8, 0x2B, 0x6E,
    0x2F, 0xD5, 0x78, 0xE5, 0xBB, 0xC6, 0xE3, 0x27, 0x3B, 0xC6, 0x74, 0x91, 0xD6, 0x0F, 0xE0, 0xBB,
    0x2C, 0x2B, 0x6D, 0xD8, 0x2D, 0xB2, 0x59, 0x64, 0x49, 0x4E, 0x8C, 0x3D, 0xC3, 0x9E, 0x0C, 0x31,
    0x76, 0xF6, 0x89, 0x32, 0xFC, 0xB2, 0x41, 0x97, 0x58, 0xE5, 0x45, 0xF8, 0xA8, 0x22, 0x80, 0x9E,
    0x57, 0xF1, 0x1B, 0x55, 0x8A, 0x0E, 0xD1, 0x76, 0xB7, 0xD2, 0x4A, 0xFA, 0xC3, 0xB4, 0x10, 0x1D,
    0x64, 0x10, 0x7E, 0xAE, 0xE0, 0xD3, 0x57, 0x0B, 0x73, 0x1F, 0x31, 0x66, 0x96, 0x9B, 0xC1, 0x08,
    0x1A, 0xEC, 0x8D, 0xFC, 0xD7, 0x5B, 0x2D, 0x5B, 0x42, 0x11, 0xF2, 0xE3, 0xCF, 0xBD, 0xFD, 0xD9,
    0x6D, 0xDA, 0x9F, 0x79, 0xD3, 0xFE, 0x4C, 0xF9, 0x7A, 0x37, 0xD7, 0xFE, 0x74, 0x9B, 0xF6, 0x07,
    0x02, 0x0F, 0x77, 0x6C, 0x7F, 0x46, 0x0A, 0x1C, 0xF6, 0x71, 0x30, 0xEF, 0x01, 0x6D, 0x45, 0x3E,
    0x6C, 0xB5, 0xDF, 0xF5, 0xCD, 0x09, 0x67, 0xE7, 0xFF, 0x48, 0xD3, 0xD2, 0x46, 0xEF, 0xF1, 0xE5,
    0xCD, 0x4F, 0xB1, 0x36, 0x3F, 0xCD, 0xA7, 0x37, 0x3F, 0xED, 0xD9, 0xE6, 0xA7, 0x90, 0xE6, 0x67,
    0x87, 0xE6, 0x07, 0xA2, 0xC2, 0x9D, 0x03, 0x56, 0x00, 0x0F, 0xFD, 0xE4, 0x88, 0xCE, 0xB0, 0x4A,
    0xB2, 0x8D, 0xFC, 0xC1, 0xFE, 0x37, 0x76, 0xDC, 0x61, 0x0E, 0xE1, 0xC7, 0x6A, 0x01, 0x5F, 0xDF,
    0x22, 0x8A, 0xD1, 0xBC, 0x85, 0xA8, 0x72, 0xAE, 0x2B, 0x70, 0x1F, 0xAC, 0xCE, 0x18, 0x8E, 0x46,
    0x54, 0xB7, 0xFB, 0x13, 0xFF, 0xB4, 0x57, 0xA4, 0x67, 0xD8, 0x90, 0xF8, 0x83, 0xDE, 0xB8, 0x2D,
    0xA4, 0xCF, 0x06, 0xC6, 0x58, 0x0F, 0xC6, 0xF0, 0xF2, 0x9B, 0xD1, 0xF8, 0xFF, 0x05, 0x63, 0x9A,
    0x2D, 0x18, 0x93, 0x5E, 0x06, 0xC6, 0x9C, 0x7C, 0x3A, 0x18, 0x03, 0x6F, 0x5A, 0x31, 0xD6, 0x64,
    0xDA, 0xA7, 0x10, 0x82, 0x4F, 0x2E, 0x29, 0x6C, 0xD3, 0x25, 0xF7, 0x7E, 0x23, 0x76, 0x54, 0xF1,
    0x7F, 0xF4, 0x94, 0xC5, 0x7E, 0xD4, 0xDF, 0x38, 0x79, 0xD4, 0xC5, 0xD3, 0x06, 0xDE, 0x98, 0x75,
    0xE7, 0x34, 0xF1, 0x8D, 0x70, 0xE6, 0x99, 0xDA, 0x85, 0x44, 0x9F, 0x39, 0xCF, 0xD5, 0xDD, 0xDB,
    0xD7, 0xA2, 0xFB, 0x8B, 0x7B, 0x06, 0x2A, 0x7F, 0x0B, 0x4C, 0x24, 0xD3, 0x4B, 0x3A, 0xA7, 0x76,
    0xA2, 0x9E, 0x89, 0x28, 0x9E, 0xD8, 0x07, 0x54, 0xCF, 0xC7, 0x3B, 0xE5, 0xAF, 0xEA, 0x5F, 0x0D,
    0x40, 0x22, 0x97, 0x87, 0xBA, 0x1F, 0x98, 0xB5, 0xB8, 0x53, 0xE4, 0x0D, 0x86, 0x40, 0x06, 0xA6,
    0x50, 0x98, 0xBD, 0x31, 0xAC, 0xE6, 0xA0, 0xFB, 0xEC, 0x8D, 0x2B, 0x6F, 0xB4, 0xCE, 0x71, 0x46,
    0xE1, 0xCD, 0x42, 0xAE, 0x55, 0xC3, 0x90, 0x6B, 0xD5, 0x34, 0xC4, 0xAD, 0xD5, 0x38, 0x6C, 0xA3,
    0xE6, 0x11, 0xE0, 0x28, 0x07, 0x0C, 0x44, 0x6E, 0xA5, 0x26, 0xE2, 0xEE, 0x99, 0xEC, 0xF7, 0x87,
    0xF7, 0x47, 0x20, 0x76, 0x5B, 0x18, 0xD8, 0x81, 0xA1, 0x37, 0x2E, 0x4F, 0x8F, 0xA2, 0xFE, 0xDB,
    0xD4, 0xFF, 0xBF, 0xCB, 0x3D, 0x4B, 0xDC, 0x1A, 0x78, 0x6B, 0x36, 0xC4, 0xD8, 0x69, 0xB1, 0x6D,
    0x34, 0xC2, 0x06, 0xAA, 0x68, 0x84, 0x11, 0x14, 0xD1, 0x08, 0x2B, 0x00, 0x62, 0x53, 0x71, 0xBF,
    0x4E, 0xEC, 0xE0, 0xBE, 0xE4, 0x10, 0x59, 0xF3, 0xAE, 0x9E, 0x99, 0x22, 0xB0, 0xEB, 0x55, 0x04,
    0xC8, 0x0D, 0x12, 0xA3, 0x77, 0xCC, 0x47, 0x11, 0x77, 0xF3, 0xAB, 0x84, 0x39, 0xA6, 0xB1, 0x72,
    0x87, 0xF7, 0x6D, 0x7B, 0xD3, 0xF6, 0x71, 0x2F, 0x06, 0x11, 0x73, 0x1B, 0xB6, 0x0F, 0x80, 0xCC,
    0x1D, 0xAC, 0x00, 0x96, 0xEA, 0xDF, 0xA9, 0x22, 0x55, 0xA2, 0x27, 0x6D, 0x02, 0xB7, 0xBC, 0x76,
    0xBB, 0x7B, 0x17, 0xDC, 0x31, 0x57, 0x0B, 0x98, 0xEF, 0x90, 0x56, 0x06, 0x1B, 0xA4, 0x25, 0x6B,
    0x88, 0x5A, 0xB7, 0x74, 0xD2, 0x81, 0x61, 0x26, 0x19, 0x59, 0x19, 0xD9, 0x59, 0x37, 0x37, 0x77,
    0xB4, 0x89, 0x93, 0x05, 0xD6, 0x1D, 0x0E, 0x35, 0xAC, 0x3D, 0xEE, 0xCA, 0x02, 0xE6, 0xDE, 0x94,
    0xC8, 0x81, 0xB9, 0xCC, 0x59, 0xC8, 0x43, 0x12, 0xEC, 0x3E, 0x54, 0x79, 0x83, 0x2D, 0xDF, 0x42,
    0xD6, 0xD0, 0x90, 0x48, 0xCC, 0x2D, 0x45, 0xA9, 0xF7, 0x91, 0x5C, 0xD3, 0x9F, 0x6B, 0x31, 0xF1,
    0xEB, 0x1E, 0x0F, 0xB3, 0xA2, 0x25, 0x31, 0x1B, 0x77, 0x78, 0x06, 0x02, 0x80, 0x6D, 0x4B, 0xF2,
    0x94, 0xDB, 0x87, 0x8B, 0x1E, 0xE2, 0xE1, 0xA6, 0x9C, 0xB1, 0xFF, 0x40, 0x6B, 0xBD, 0xAE, 0x09,
    0xE8, 0xAC, 0xE7, 0x2B, 0x3E, 0x64, 0xFB, 0xBD, 0x8E, 0xEF, 0x5D, 0x82, 0x17, 0xE9, 0xEB, 0xA0,
    0xB8, 0x8E, 0x08, 0x34, 0x62, 0xF3, 0xE1, 0x13, 0x80, 0x2C, 0x0B, 0x4A, 0x37, 0xB1, 0x63, 0x89,
    0x45, 0x32, 0x8D, 0x9C, 0x45, 0x9D, 0x94, 0xDC, 0x49, 0x1F, 0xFE, 0x66, 0x10, 0xED, 0xC5, 0xBF,
    0x10, 0x0D, 0x77, 0xF6, 0x1D, 0xE8, 0x39, 0xA7, 0xB6, 0x27, 0x8C, 0x1F, 0xF5, 0xF2, 0x61, 0xFB,
    0x3F, 0x6D, 0x8C, 0x9D, 0x98, 0x4A, 0x26, 0x2E, 0x0D, 0x9D, 0x58, 0x6C, 0xC4, 0x8D, 0x6F, 0xEC,
    0xC7, 0x14, 0x08, 0x73, 0x22, 0xD1, 0xF4, 0xAF, 0x11, 0xAB, 0xAE, 0x33, 0xBB, 0xF8, 0x32, 0xE0,
    0xBA, 0x6E, 0xFA, 0x95, 0xAF, 0xED, 0x34, 0x92, 0x33, 0xFC, 0xA6, 0x03, 0x4D, 0x3F, 0x98, 0x23,
    0x6D, 0x99, 0x74, 0x91, 0xCF, 0x0F, 0x78, 0xEE, 0x8E, 0x80, 0xC0, 0x4E, 0x6D, 0x87, 0x27, 0xDB,
    0x61, 0xA1, 0xFE, 0xA8, 0xB5, 0x5A, 0xD3, 0xE0, 0xDB, 0xF8, 0x5C, 0x58, 0x7C, 0xEF, 0x29, 0x8B,
    0xBF, 0x7A, 0x6C, 0xC8, 0x6D, 0x72, 0x58, 0x05, 0xAF, 0xF3, 0xE2, 0x54, 0x37, 0xEB, 0xD8, 0xA9,
    0xFC, 0x40, 0xE3, 0xCC, 0xF7, 0x4C, 0xF8, 0x59, 0xD5, 0xF5, 0xB3, 0xCB, 0xD5, 0x95, 0x3A, 0x75,
    0xA9, 0x6D, 0x1F, 0x86, 0x5F, 0x88, 0xBA, 0x5C, 0xBA, 0xEC, 0xB9, 0xE2, 0x91, 0xD5, 0xD3, 0x09,
    0x37, 0x36, 0x8E, 0x7C, 0x21, 0x6B, 0xBE, 0xCF, 0x9D, 0x90, 0xA7, 0x48, 0x51, 0x01, 0x41, 0x65,
    0x94, 0x79, 0x49, 0x8F, 0x02, 0x29, 0x99, 0x70, 0xF4, 0x2E, 0x5C, 0x28, 0xC8, 0xAC, 0xB9, 0x4F,
    0x91, 0x25, 0xE7, 0x1A, 0xA6, 0x05, 0x7E, 0x6A, 0xF5, 0x04, 0x52, 0x59, 0x5D, 0xDD, 0xB1, 0x8C,
    0xBF, 0xCF, 0x51, 0xCF, 0xA7, 0x64, 0x1C, 0x6F, 0xF8, 0xB6, 0xC1, 0x8D, 0xE6, 0x89, 0x91, 0x9D,
    0x48, 0xCE, 0x50, 0x55, 0x6E, 0xCE, 0x58, 0x5C, 0x36, 0xD6, 0x84, 0x85, 0x4E, 0x79, 0xD8, 0xE0,
    0x94, 0x37, 0x39, 0xE5, 0xD9, 0xA1, 0x53, 0x73, 0x75, 0xE6, 0x89, 0x8E, 0xD9, 0x1D, 0xE7, 0xC0,
    0xEB, 0x4F, 0x70, 0xD0, 0x46, 0x82, 0x50, 0xF6, 0xD1, 0x24, 0x6B, 0xAB, 0x25, 0xF8, 0x49, 0x14,
    0xBF, 0x15, 0x37, 0xE6, 0xAB, 0xDB, 0xDA, 0xEF, 0x0E, 0x64, 0x8F, 0xC3, 0x3A, 0x63, 0x38, 0x87,
    0x93, 0x18, 0x13, 0x36, 0x35, 0xD0, 0x4A, 0xCD, 0x59, 0x15, 0x4C, 0xD2, 0x06, 0x0C, 0x79, 0x51,
    0x76, 0xF9, 0x7B, 0x4B, 0x91, 0xCB, 0x2C, 0xF3, 0xC7, 0x6E, 0xC3, 0xC4, 0x6D, 0xAC, 0x88, 0x9D,
    0xBC, 0x92, 0x8C, 0xD2, 0xBD, 0x2D, 0xEC, 0x98, 0x0B, 0x73, 0xE5, 0xCD, 0x35, 0xB3, 0xD4, 0x0B,
    0x4D, 0x17, 0x86, 0x15, 0x77, 0x2F, 0x42, 0xB4, 0x05, 0x8A, 0x03, 0xEB, 0x03, 0x6D, 0xF1, 0xEC,
    0x48, 0x13, 0x19, 0xD7, 0xE2, 0xC0, 0x89, 0x3C, 0xE0, 0xBE, 0x88, 0x75, 0x10, 0xD7, 0xEA, 0x25,
    0x28, 0xB6, 0xDB, 0x8D, 0xF7, 0xCF, 0x43, 0x92, 0xD7, 0xCC, 0x2B, 0xE2, 0x6B, 0xB5, 0xD4, 0x69,
    0xF5, 0x07, 0x8B, 0xD4, 0x6F, 0x79, 0xC3, 0x3B, 0xDF, 0x34, 0xEF, 0xEF, 0x4F, 0x01, 0x70, 0x73,
    0x6C, 0x54, 0x90, 0x70, 0x36, 0x17, 0xBF, 0xA7, 0x8B, 0xDF, 0xC1, 0x05, 0xEF, 0xD0, 0xBF, 0xC7,
    0xFD, 0xBB, 0xC6, 0x3E, 0xB5, 0x06, 0xE4, 0x57, 0xA5, 0x8C, 0x2A, 0xD1, 0xE5, 0xFC, 0x64, 0x94,
    0x5A, 0x40, 0x92, 0xFE, 0x20, 0x72, 0x3B, 0x4E, 0x2A, 0xF3, 0x07, 0x61, 0xB1, 0xDD, 0xE1, 0xE6,
    0x71, 0x08, 0x9C, 0x2C, 0xB8, 0x68, 0x43, 0xEF, 0xB2, 0xF9, 0x9D, 0x9D, 0xCB, 0xCB, 0xB2, 0xA6,
    0x49, 0x37, 0x34, 0x0E, 0x58, 0xA7, 0x84, 0xF2, 0x63, 0x82, 0xFD, 0x46, 0xF1, 0xD7, 0x57, 0xA5,
    0x0A, 0x3F, 0xE4, 0xC6, 0x7D, 0xF0, 0x7B, 0xDF, 0x87, 0x0C, 0xA4, 0xDA, 0xE7, 0x01, 0x3A, 0x11,
    0x49, 0xFE, 0xDA, 0x28, 0xB1, 0xF1, 0x50, 0x14, 0xF2, 0x6D, 0x31, 0x89, 0x97, 0x3E, 0xE7, 0x3D,
    0x48, 0xAC, 0x35, 0x78, 0x57, 0x9B, 0x65, 0x1E, 0x15, 0xDE, 0xB1, 0x8D, 0x59, 0xDE, 0xE6, 0x49,
    0x9C, 0x0E, 0x61, 0x2C, 0xE8, 0xE3, 0xE6, 0xD9, 0xDD, 0x7D, 0x4C, 0x0A, 0xCC, 0xEA, 0x03, 0x54,
    0x70, 0xFD, 0x0E, 0xC7, 0xED, 0x30, 0x9B, 0x19, 0xD3, 0x4B, 0x11, 0x3C, 0x42, 0xF3, 0xEE, 0x17,
    0xB3, 0xFB, 0x98, 0xCC, 0xEA, 0x6B, 0x04, 0x5E, 0xF0, 0xC0, 0x70, 0x40, 0xE2, 0x15, 0xFB, 0x1B,
    0x08, 0x43, 0xDD, 0xA5, 0x6E, 0xAE, 0x3D, 0x73, 0x22, 0xAF, 0x0B, 0x77, 0x16, 0xC1, 0x62, 0xC1,
    0x59, 0x31, 0xA1, 0x3C, 0x39, 0x44, 0x71, 0x22, 0xA6, 0xFC, 0xBE, 0xF9, 0xDA, 0x17, 0x23, 0x6D,
    0x6E, 0x71, 0x5E, 0x2D, 0xDC, 0x79, 0x3E, 0x36, 0x60, 0x76, 0xC8, 0xD9, 0x86, 0xCF, 0x0A, 0xEA,
    0x95, 0x85, 0x1E, 0x22, 0x69, 0x6E, 0x5C, 0x74, 0x12, 0xFB, 0xB7, 0xEE, 0x40, 0x36, 0x22, 0x56,
    0xF9, 0xC1, 0x5B, 0x4C, 0xE5, 0xC4, 0x7C, 0xE0, 0x79, 0x8B, 0x12, 0x85, 0xE6, 0xB6, 0x04, 0x88,
    0x98, 0xA6, 0x97, 0x9A, 0x24, 0xD0, 0x23, 0xD2, 0x7A, 0x3A, 0xBA, 0x60, 0xCF, 0x9B, 0xBF, 0xA1,
    0x76, 0xF0, 0x06, 0x5D, 0x2C, 0x7F, 0x7D, 0x50, 0x74, 0x48, 0x7F, 0xA9, 0x58, 0x60, 0xAE, 0xF9,
    0x29, 0xD7, 0x2D, 0xD8, 0x52, 0x37, 0x6C, 0x4A, 0x6D, 0x37, 0x4A, 0x3D, 0x6A, 0x5D, 0x6A, 0x0B,
    0x52, 0x33, 0xAF, 0x64, 0x12, 0xB4, 0xA4, 0x08, 0x13, 0xDD, 0x08, 0xBB, 0x46, 0x4F, 0x2D, 0xC1,
    0x91, 0xCE, 0x70, 0xE0, 0x3D, 0xFF, 0x88, 0x0E, 0x71, 0x0A, 0x7D, 0xC3, 0xC7, 0x91, 0xC5, 0xCD,
    0x57, 0x82, 0xEA, 0xEC, 0xA1, 0xA2, 0xDB, 0xA6, 0x9C, 0xA4, 0x27, 0x2A, 0x27, 0x60, 0xC1, 0x73,
    0x2A, 0xAA, 0x9D, 0x0E, 0x25, 0xC1, 0x4D, 0x77, 0x45, 0x9C, 0x13, 0x12, 0xC6, 0x84, 0x39, 0xEC,
    0x30, 0x1F, 0x16, 0x94, 0x34, 0x83, 0xC5, 0x37, 0x7F, 0x5C, 0xAD, 0x0E, 0xA3, 0x1F, 0x08, 0x89,
    0xE8, 0xE0, 0xF6, 0xEC, 0x1E, 0x6B, 0x59, 0xBA, 0x53, 0x28, 0x88, 0x77, 0xB0, 0x2D, 0x81, 0x57,
    0xAB, 0xA7, 0xA8, 0x5E, 0x52, 0xF8, 0xF9, 0x85, 0x2D, 0x90, 0xF2, 0x5C, 0x68, 0x84, 0x93, 0x45,
    0x11, 0xC0, 0x2A, 0xC0, 0x3C, 0x84, 0x44, 0x06, 0xF9, 0x17, 0x74, 0xE2, 0xFC, 0x41, 0x63, 0xBE,
    0xFB, 0x7B, 0x57, 0x86, 0x4A, 0xF8, 0x47, 0x84, 0x04, 0xC3, 0x89, 0x7E, 0x11, 0x2C, 0x0A, 0xF9,
    0xD5, 0x4D, 0xAD, 0xC8, 0x8F, 0x9E, 0xE2, 0x7D, 0x10, 0xB6, 0xCF, 0xF1, 0x36, 0xD8, 0x5D, 0x9E,
    0x89, 0xDC, 0xF1, 0x30, 0x4E, 0xCD, 0xAE, 0x28, 0xFF, 0x70, 0xE2, 0xB1, 0xE9, 0x87, 0xDC, 0xED,
    0x61, 0xB7, 0xF5, 0x72, 0xF8, 0x74, 0xED, 0x5F, 0x5C, 0x55, 0xC0, 0x25, 0x73, 0xF0, 0xA1, 0x16,
    0x57, 0x38, 0x9E, 0xCB, 0x16, 0xED, 0x58, 0x0F, 0x25, 0x1E, 0x3E, 0x9F, 0x5A, 0x53, 0xD4, 0x82,
    0x1D, 0x62, 0xC4, 0x0D, 0x4B, 0x89, 0xF1, 0x8C, 0x20, 0x96, 0xDF, 0xB1, 0x41, 0x5B, 0xFC, 0x6D,
    0x24, 0xD5, 0xA7, 0x49, 0x5F, 0xC8, 0x7D, 0x2F, 0x22, 0x4D, 0xD5, 0x12, 0x1D, 0x44, 0xD4, 0x25,
    0x0E, 0x4A, 0x2A, 0x64, 0x85, 0xA1, 0xC4, 0x90, 0x15, 0xB4, 0x44, 0x06, 0x16, 0x62, 0xEE, 0x7A,
    0x6C, 0x4A, 0xBF, 0x4F, 0xB6, 0x63, 0x04, 0x04, 0xA2, 0xCF, 0xFE, 0x2C, 0xD5, 0xEE, 0xA8, 0xE0,
    0x37, 0xCA, 0x8C, 0x96, 0x87, 0xD2, 0xF1, 0x12, 0x27, 0x93, 0x3E, 0xD4, 0x56, 0x25, 0xEE, 0xC7,
    0x00, 0x98, 0xB7, 0x92, 0xBC, 0xED, 0x52, 0xF7, 0x48, 0x94, 0x72, 0xC1, 0x95, 0xF5, 0xA8, 0x16,
    0x77, 0x2A, 0xF4, 0x71, 0xDC, 0x1C, 0x18, 0xB4, 0xCF, 0x77, 0x38, 0x1E, 0x4F, 0x6A, 0x7E, 0xED,
    0x4C, 0x2D, 0x28, 0x8D, 0x45, 0xB8, 0xD4, 0x6D, 0xD2, 0xA1, 0xFE, 0x88, 0x7B, 0x2B, 0x8B, 0xC0,
    0x94, 0x71, 0x0B, 0x1C, 0x2F, 0x00, 0x86, 0x86, 0x23, 0xBD, 0x52, 0x12, 0x14, 0x3A, 0x2F, 0x00,
    0x01, 0x71, 0x97, 0x99, 0xA8, 0x2B, 0x8B, 0x58, 0x32, 0x71, 0x8A, 0x6F, 0xC6, 0x00, 0x0C, 0x13,
    0x89, 0x6C, 0x0E, 0xBE, 0xE3, 0xA3, 0xFC, 0x9E, 0x46, 0xA3, 0x1B, 0x27, 0xA9, 0x3B, 0x93, 0xFC,
    0x1D, 0xDF, 0xA3, 0x2C, 0xFA, 0xFD, 0x14, 0x8C, 0xEF, 0xDA, 0xF6, 0xC5, 0xA1, 0xC4, 0x17, 0x41,
    0x46, 0x7E, 0x5B, 0x71, 0x3C, 0xC1, 0xF8, 0xE0, 0x6F, 0x30, 0xFE, 0xC0, 0x1F, 0x70, 0xDE, 0x8E,
    0xE9, 0x67, 0x19, 0xAB, 0x3D, 0x9A, 0x77, 0xE9, 0x58, 0x6C, 0x76, 0x74, 0x2A, 0x3A, 0x1F, 0xBF,
    0x88, 0xE0, 0xBF, 0x8F, 0x68, 0x36, 0x5F, 0x12, 0xDB, 0x43, 0x38, 0x8A, 0xBD, 0xE8, 0x1D, 0xF4,
    0x4C, 0x86, 0x7E, 0x09, 0x46, 0x77, 0xDE, 0x7E, 0x74, 0xF6, 0x0C, 0xF6, 0xA1, 0xFB, 0xC3, 0xC9,
    0xBE, 0xA7, 0xE1, 0x77, 0x26, 0x25, 0x9D, 0x00, 0xD2, 0x3E, 0xDF, 0x57, 0x45, 0xEA, 0xB2, 0x4F,
    0xBE, 0xFB, 0xCD, 0x7B, 0x30, 0x45, 0x34, 0xC6, 0x6D, 0x00, 0xA4, 0x06, 0xDF, 0xFA, 0xF1, 0xEA,
    0x87, 0x7F, 0xE1, 0x0B, 0x92, 0x40, 0xF5, 0x81, 0xD0, 0x40, 0xE7, 0xB1, 0x3B, 0x9C, 0xF9, 0x2D,
    0xFD, 0xC8, 0xFF, 0x01, 0x45, 0x91, 0x31, 0x52, 0xDC, 0x30, 0x14, 0x86, 0xBF, 0xB5, 0x33, 0x28,
    0x33, 0x2A, 0x44, 0x99, 0x2A, 0x6E, 0x52, 0xEE, 0xAC, 0x5B, 0x8A, 0xC5, 0xD2, 0x11, 0xB8, 0x01,
    0xB9, 0x40, 0x66, 0x52, 0x52, 0xEC, 0x62, 0x75, 0x69, 0x39, 0x0A, 0x05, 0x05, 0x05, 0x8B, 0xC4,
    0x0D, 0x9C, 0x1B, 0x98, 0x1B, 0xB8, 0x70, 0xE1, 0x42, 0x58, 0x79, 0x22, 0xC3, 0xF0, 0x46, 0xAA,
    0x7E, 0xBD, 0x5F, 0xEF, 0xFF, 0xDE, 0x9E, 0x67, 0x82, 0x6F, 0x07, 0x35, 0xB1, 0xB0, 0x05, 0xBE,
    0x43, 0x0F, 0x99, 0x3A, 0xA1, 0x47, 0x1A, 0xC7, 0x9E, 0xF7, 0x6A, 0xE4, 0x5A, 0x2F, 0xCA, 0x40,
    0x95, 0x27, 0xD4, 0xDF, 0x24, 0x62, 0x27, 0xAA, 0x11, 0x61, 0x83, 0xBA, 0x93, 0x27, 0x6B, 0xED,
    0x6D, 0xCE, 0xEE, 0xBE, 0x5F, 0xE1, 0x6C, 0x29, 0x5D, 0x39, 0x27, 0x39, 0x3F, 0xF9, 0x7A, 0xCF,
    0xF6, 0x91, 0x43, 0xB7, 0x59, 0xDA, 0x3C, 0x99, 0x1C, 0xAB, 0x95, 0x96, 0x10, 0x73, 0x0C, 0xB1,
    0x15, 0x9F, 0x1D, 0x36, 0x06, 0xDF, 0xC7, 0x5C, 0xAE, 0x6B, 0xC5, 0x57, 0x4A, 0xAF, 0xD8, 0x1C,
    0x8F, 0x7A, 0x38, 0xAA, 0x61, 0x6F, 0x22, 0xD6, 0xF1, 0xC6, 0x66, 0x66, 0x33, 0xC1, 0x15, 0x6A,
    0xA1, 0xCD, 0x74, 0xD7, 0xEE, 0xA0, 0xFD, 0x41, 0xBB, 0xEE, 0x1A, 0xBB, 0xA2, 0x67, 0xB8, 0xD1,
    0x8E, 0xD4, 0xC4, 0x3A, 0xD9, 0xA8, 0xA6, 0x80, 0x79, 0x59, 0xD8, 0xD5, 0x03, 0x17, 0xCA, 0xF1,
    0x51, 0x7B, 0xB4, 0x7C, 0x7A, 0x89, 0x7E, 0x5D, 0xA8, 0x25, 0x0C, 0x39, 0x42, 0x10, 0x7D, 0xF7,
    0x5F, 0xDF, 0xEA, 0x48, 0x30, 0x23, 0xFD, 0x9F, 0x99, 0x56, 0x82, 0xAA, 0xE9, 0x16, 0x9E, 0x8C,
    0xE3, 0x5B, 0x25, 0x74, 0xBC, 0xF4, 0xCC, 0xE8, 0x2C, 0x00, 0xFC, 0x49, 0x5A, 0x9A, 0x77, 0x08,
    0x3F, 0x38, 0x2B, 0xAD, 0x43, 0x3D, 0x18, 0xD7, 0x08, 0x29, 0x3B, 0xDA, 0xC1, 0xF8, 0x7A, 0xD2,
    0xC9, 0x24, 0x9D, 0x78, 0xE2, 0x91, 0xB9, 0x1A, 0x4D, 0xEC, 0x79, 0x28, 0x24, 0x05, 0xBA, 0x84,
    0xF7, 0x96, 0x12, 0xB6, 0x84, 0x0E, 0x1F, 0xE1, 0xB9, 0x15, 0xCF, 0xE0, 0x05, 0x4C, 0x2C, 0x4E,
    0x07, 0x7E, 0x17, 0xC0, 0x4E, 0x39, 0x8D, 0x99, 0xF5, 0x9B, 0xC8, 0x1D, 0xA7, 0x90, 0xFA, 0x91,
    0x49, 0xC5, 0xB2, 0x82, 0x13, 0xE9, 0xCB, 0xFA, 0x2B, 0x2C, 0xED, 0xDD, 0x39, 0x15, 0x37, 0x28,
    0x57, 0xE6, 0xB1, 0xAE, 0xC7, 0xC8, 0x8C, 0x4A, 0x66, 0x15, 0xBB, 0xCF, 0x65, 0xFC, 0x03, 0xED,
    0x5C, 0xBF, 0x8F, 0xDC, 0xD6, 0x11, 0x7E, 0x5C, 0xFA, 0x8E, 0x80, 0x09, 0x88, 0x2A, 0x74, 0x48,
    0x61, 0x44, 0x54, 0xA1, 0x42, 0x85, 0x7D, 0x4C, 0x11, 0x20, 0x2A, 0x74, 0x47, 0x4A, 0x46, 0xE0,
    0xC2, 0x45, 0x54, 0xD8, 0xFF, 0x41, 0xBA, 0x00, 0x51, 0x0A, 0x01, 0x71, 0x80, 0x3B, 0x91, 0x82,
    0x10, 0xB8, 0xF5, 0x9F, 0x90, 0x22, 0x7D, 0x02, 0x38, 0x85, 0x02, 0x9C, 0xC4, 0xB5, 0x9A, 0x14,
    0x29, 0xC4, 0xB8, 0x49, 0x99, 0x55, 0xA2, 0x5E, 0x1B, 0x98, 0x05, 0x15, 0x91, 0xCB, 0xCC, 0xF7,
    0xCD, 0xE3, 0x8F, 0xBD, 0x3B, 0xC9, 0x36, 0x12, 0x59, 0xBB, 0xB7, 0x26, 0xF6, 0x66, 0xF6, 0x07,
    0xF9, 0xF8, 0xDE, 0x7C, 0x33, 0xF3, 0x66, 0xE6, 0x3D, 0x9E, 0x31, 0xE6, 0x17, 0x86, 0x47, 0x9B,
    0x81, 0x3A, 0xED, 0x14, 0x6C, 0xA2, 0xCC, 0x7D, 0x5C, 0x80, 0x79, 0x8F, 0x67, 0x60, 0xFE, 0x87,
    0x73, 0xB0, 0xC0, 0x23, 0xBB, 0xE8, 0x96, 0x60, 0x7B, 0x93, 0x1A, 0xEC, 0x9A, 0x43, 0x76, 0xDF,
    0x34, 0x60, 0xA5, 0x59, 0xA0, 0xAD, 0xB9, 0xC9, 0xD1, 0xD6, 0xCC, 0xA4, 0x68, 0xAB, 0x30, 0x71,
    0x22, 0x6D, 0xB5, 0x2D, 0xEE, 0xE4, 0x0B, 0x93, 0x5B, 0x04, 0x89, 0x89, 0xE4, 0x16, 0xA1, 0xBC,
    0x93, 0x5B, 0xEC, 0x0B, 0x93, 0xB6, 0xF7, 0xE4, 0x67, 0x61, 0x07, 0x72, 0xB2, 0xDC, 0xA2, 0x92,
    0x4B, 0x2B, 0xE3, 0xC8, 0x3B, 0xB7, 0x36, 0x69, 0x5B, 0x98, 0xBC, 0x9D, 0x83, 0xB5, 0xED, 0xDC,
    0x1C, 0x3B, 0x26, 0xFA, 0x8D, 0xCF, 0xAE, 0x98, 0xA0, 0x1E, 0x7F, 0xB2, 0xBF, 0x7D, 0x6C, 0xA4,
    0x0F, 0x61, 0xFB, 0x4C, 0xEE, 0x9D, 0xA2, 0x07, 0xCE, 0xC2, 0x44, 0x53, 0xDC, 0x20, 0x98, 0xE2,
    0xA6, 0xE1, 0xD4, 0x04, 0x05, 0xBE, 0x91, 0x37, 0xF1, 0xD4, 0x44, 0x99, 0x49, 0xE5, 0x4D, 0x66,
    0xF2, 0x29, 0x3A, 0xFF, 0x82, 0xF4, 0x19, 0xA8, 0xF3, 0x0F, 0x50, 0xF7, 0x71, 0x4F, 0x33, 0xFF,
    0x67, 0x99, 0x5C, 0x18, 0x04, 0x99, 0xB4, 0xF0, 0x9E, 0xB4, 0xE6, 0xB5, 0x75, 0xD0, 0x8A, 0x3C,
    0xE7, 0xBE, 0x88, 0x64, 0xC7, 0x38, 0x37, 0xFB, 0x6E, 0x1E, 0xA9, 0x84, 0x29, 0xE0, 0x76, 0x78,
    0xAF, 0xDF, 0x77, 0x87, 0xD3, 0xAA, 0xE8, 0xDB, 0x8A, 0x63, 0xB9, 0xCB, 0x51, 0x04, 0x53, 0xB2,
    0xED, 0x1B, 0x95, 0x0E, 0x8D, 0xB0, 0xA0, 0x97, 0x38, 0xF6, 0xF5, 0xC2, 0x0B, 0x4B, 0x22, 0x59,
    0x7B, 0x70, 0x55, 0x0E, 0x7E, 0x5B, 0xF6, 0x52, 0x50, 0x21, 0xF8, 0x2A, 0x03, 0x9F, 0xE7, 0x45,
    0x1C, 0x50, 0xCC, 0x0B, 0xF6, 0x4E, 0x48, 0xE1, 0x4D, 0x63, 0x7E, 0x5F, 0x15, 0x70, 0x49, 0x1D,
    0x63, 0xCA, 0xD7, 0x2C, 0x12, 0xA3, 0x42, 0x1C, 0x1F, 0xA1, 0xB2, 0xD4, 0x62, 0x36, 0x53, 0x3D,
    0xE0, 0x05, 0xC1, 0xDF, 0x1A, 0x85, 0x3A, 0x02, 0xFB, 0x91, 0xF1, 0xCC, 0xC9, 0x63, 0xAD, 0x21,
    0x67, 0x57, 0x5C, 0xD5, 0x79, 0xD2, 0x14, 0x5D, 0x75, 0x16, 0x46, 0xEF, 0x88, 0xF7, 0x3A, 0xBC,
    0x5D, 0xD2, 0x3C, 0xE9, 0xC7, 0xE8, 0xF2, 0xFA, 0xE0, 0x4B, 0x5C, 0x15, 0xE1, 0x66, 0xE6, 0x2A,
    0x25, 0x79, 0xFE, 0xA4, 0x84, 0xDE, 0xAC, 0x42, 0x4C, 0x08, 0x05, 0x65, 0x01, 0xD6, 0x58, 0x35,
    0x4F, 0x14, 0x7B, 0x55, 0x05, 0xA7, 0xFC, 0x5E, 0x21, 0xA0, 0x10, 0x0E, 0xBB, 0xA7, 0x1D, 0x71,
    0x1B, 0xED, 0x7F, 0x36, 0xC8, 0x69, 0x2C, 0xA6, 0xF5, 0x55, 0x88, 0x01, 0x67, 0xD5, 0x85, 0x54,
    0x87, 0x58, 0x85, 0x84, 0xA8, 0x0E, 0xC8, 0x7E, 0x6E, 0xBD, 0xFC, 0x43, 0x9E, 0x38, 0x51, 0xDB,
    0xB8, 0x47, 0xE3, 0x68, 0x9F, 0x24, 0x1B, 0xE4, 0x21, 0xC6, 0xA2, 0xCA, 0x69, 0x35, 0x55, 0x88,
    0x81, 0x54, 0x01, 0xE8, 0xEF, 0x63, 0xDA, 0x11, 0x3A, 0xB3, 0xCB, 0xEE, 0xE6, 0xEF, 0xCF, 0x30,
    0xC6, 0x2F, 0x92, 0x75, 0xF2, 0x10, 0x4F, 0x35, 0x80, 0x69, 0xAF, 0x03, 0x93, 0x90, 0x72, 0x33,
    0xD7, 0x22, 0x75, 0x11, 0x93, 0xE6, 0x7B, 0xD7, 0x00, 0x4D, 0xD0, 0x49, 0x33, 0x68, 0x6F, 0x48,
    0x53, 0x11, 0xDB, 0xBD, 0x9A, 0xB6, 0xA3, 0x89, 0x76, 0xDD, 0x9D, 0xC2, 0x26, 0x47, 0x01, 0xDF,
    0x36, 0xAA, 0x5F, 0x77, 0xDF, 0xFF, 0x75, 0x19, 0xC1, 0x35, 0x65, 0x8C, 0x82, 0x8C, 0xAB, 0x2C,
    0xAC, 0x46, 0xFA, 0x61, 0x74, 0x22, 0xBC, 0x94, 0x4C, 0xC0, 0x3E, 0x31, 0x5E, 0xC2, 0xAB, 0x02,
    0x86, 0x9A, 0xC9, 0x1D, 0x9E, 0xDF, 0x52, 0x64, 0x1A, 0x49, 0x1B, 0x27, 0xCF, 0xCE, 0x9A, 0xD2,
    0x7C, 0x32, 0x18, 0xBF, 0x6A, 0x47, 0x54, 0xF6, 0x5A, 0x61, 0x3D, 0x2A, 0x8F, 0xCB, 0x66, 0xBB,
    0x17, 0xCE, 0x1E, 0x55, 0x27, 0xCC, 0x1E, 0xD0, 0x95, 0x54, 0x34, 0xB1, 0x79, 0x7F, 0x95, 0x59,
    0x35, 0x6D, 0xF1, 0xB4, 0x57, 0x81, 0x06, 0x89, 0x1A, 0x20, 0x5B, 0x8D, 0x31, 0xE6, 0x96, 0xC6,
    0x95, 0xEA, 0x17, 0x2F, 0x99, 0x8D, 0xD5, 0x04, 0x37, 0x1B, 0x64, 0xA4, 0xDE, 0xC2, 0x5A, 0x93,
    0x66, 0x89, 0x93, 0xF9, 0x59, 0xD0, 0x84, 0xEE, 0xC8, 0x67, 0xAA, 0x02, 0x8A, 0xE8, 0x94, 0x82,
    0xF6, 0x8B, 0x07, 0x1C, 0xA8, 0xD6, 0x0C, 0x8C, 0x22, 0x63, 0x34, 0x9A, 0xD4, 0x29, 0xC3, 0x5C,
    0xDA, 0xD9, 0x60, 0x47, 0x31, 0x4C, 0xA8, 0x5A, 0x5D, 0xD1, 0x82, 0x82, 0xD2, 0xC9, 0xDD, 0xD3,
    0xCB, 0x0A, 0x97, 0x77, 0xD6, 0x56, 0x55, 0x6C, 0x75, 0x41, 0x23, 0x25, 0x13, 0x53, 0x94, 0x5D,
    0xAC, 0xB4, 0x14, 0x2C, 0x6D, 0xB2, 0xD3, 0x18, 0x47, 0x93, 0xF1, 0x4B, 0xA2, 0xC9, 0x35, 0x76,
    0x17, 0x1B, 0x8C, 0xEC, 0xB7, 0x8E, 0x26, 0xD7, 0x7E, 0x56, 0x78, 0x55, 0x34, 0x19, 0x88, 0x4C,
    0x1B, 0xD2, 0x05, 0x62, 0xC7, 0xED, 0x05, 0xD4, 0xC0, 0xDC, 0x21, 0x8D, 0x49, 0x23, 0xD2, 0x8B,
    0xA4, 0xA6, 0xA7, 0xE6, 0x04, 0x6D, 0xE1, 0x41, 0x85, 0x0A, 0x34, 0xA9, 0x46, 0xA2, 0xAF, 0xA4,
    0x82, 0x72, 0xC0, 0xEA, 0x45, 0x44, 0x1A, 0x93, 0xDE, 0x01, 0xDD, 0x6E, 0x90, 0xBF, 0x49, 0xAF,
    0xA4, 0xB1, 0xB6, 0x3E, 0x26, 0x4F, 0x9D, 0xAE, 0x72, 0x6A, 0x9A, 0xEA, 0x9B, 0xBE, 0x8F, 0xAC,
    0xB4, 0x45, 0xD6, 0x33, 0x41, 0xBB, 0x9A, 0x34, 0x93, 0x5A, 0x74, 0xAE, 0x11, 0xE9, 0x36, 0x22,
    0xDB, 0x26, 0xCA, 0x9C, 0x3A, 0xCE, 0xBC, 0x32, 0x4E, 0xD2, 0x59, 0xFC, 0x87, 0x36, 0x89, 0xA5,
    0x9F, 0xF1, 0x53, 0x1D, 0x8E, 0xC8, 0x9B, 0xAE, 0x5D, 0xD4, 0xE9, 0x8A, 0x5F, 0x39, 0xF5, 0x04,
    0x6A, 0x82, 0x52, 0xC2, 0x96, 0x95, 0xA1, 0x3B, 0xD3, 0xE0, 0xAA, 0xFB, 0xF3, 0x86, 0xFA, 0x6C,
    0xC4, 0x0E, 0xB6, 0x2D, 0x8B, 0x4F, 0x28, 0xC9, 0x38, 0x65, 0x08, 0x09, 0xFD, 0x8E, 0x52, 0x71,
    0x9A, 0xA1, 0x5C, 0xE5, 0x69, 0xB5, 0xB2, 0xD7, 0x93, 0x35, 0x91, 0xBC, 0x27, 0x96, 0x07, 0x99,
    0xEE, 0x8B, 0x34, 0x63, 0x77, 0x6E, 0x2E, 0x62, 0xF0, 0x90, 0x16, 0xCC, 0x14, 0xE7, 0xC0, 0x08,
    0x6E, 0xF6, 0xDA, 0xFE, 0xFF, 0x97, 0xFF, 0x7D, 0xD5, 0xDB, 0xE2, 0x57, 0x74, 0x00, 0x62, 0x6C,
    0xE7, 0xDE, 0xB1, 0xC0, 0x9F, 0x66, 0x72, 0x6B, 0x20, 0xD5, 0x8B, 0x72, 0xC7, 0xBC, 0x3A, 0x27,
    0x4A, 0x53, 0x4F, 0x1E, 0xC1, 0x87, 0x84, 0xB3, 0xD3, 0xFC, 0xC6, 0x6B, 0xD0, 0x64, 0x5F, 0xC7,
    0x9A, 0xF5, 0xAE, 0x5B, 0x53, 0x47, 0xBD, 0xBF, 0x2E, 0x17, 0x69, 0x42, 0x3C, 0xA1, 0xAE, 0x06,
    0xD4, 0xDB, 0xB8, 0xD6, 0xCA, 0x1A, 0xBE, 0xAE, 0xD0, 0xB8, 0x5F, 0x40, 0x05, 0xDE, 0x16, 0x1D,
    0x5F, 0x37, 0xC9, 0x1B, 0x67, 0xA6, 0xD3, 0x44, 0x24, 0x7F, 0x79, 0xC1, 0xD2, 0x99, 0xFF, 0x99,
    0xED, 0xFF, 0x81, 0x2E, 0x2B, 0xB8, 0x22, 0xAD, 0x40, 0x14, 0x2C, 0xFA, 0x70, 0x66, 0x0E, 0x64,
    0x06, 0x99, 0x8B, 0xE7, 0x4F, 0xCC, 0x5B, 0xAF, 0x17, 0x99, 0xDB, 0xA3, 0x74, 0x5E, 0xE7, 0xD4,
    0x54, 0xEB, 0x3B, 0xF5, 0xA8, 0x9C, 0x71, 0x96, 0x91, 0x41, 0x18, 0x22, 0x62, 0xE4, 0xC0, 0xBC,
    0x85, 0x2D, 0x63, 0xA8, 0xC7, 0x7C, 0xB3, 0xC8, 0x74, 0x62, 0xA7, 0xCB, 0x09, 0x38, 0xD7, 0x87,
    0x5C, 0x69, 0x0C, 0xAF, 0x03, 0x83, 0xB7, 0x5D, 0xCE, 0xFE, 0x61, 0x01, 0x64, 0xD0, 0x5A, 0x50,
    0x1E, 0x12, 0x99, 0x0B, 0x67, 0xC6, 0x66, 0x6C, 0x5E, 0x59, 0xDA, 0xAC, 0xD2, 0x2B, 0x1E, 0x62,
    0x02, 0x94, 0x73, 0x27, 0x59, 0x6D, 0x97, 0xAD, 0x0E, 0x44, 0xCE, 0xCE, 0x42, 0xE6, 0x3D, 0xB7,
    0xFD, 0xA9, 0x21, 0x46, 0x04, 0x89, 0x28, 0x11, 0xA6, 0x65, 0x9C, 0x14, 0x2A, 0x62, 0x05, 0xB0,
    0x0C, 0xD0, 0x42, 0x56, 0xDA, 0x40, 0x05, 0x1A, 0x84, 0x42, 0xD2, 0x07, 0x41, 0xCC, 0x00, 0x32,
    0x03, 0xCC, 0x0C, 0x40, 0x33, 0x40, 0x8D, 0xB0, 0xA9, 0x18, 0xE8, 0xC7, 0x98, 0x92, 0x01, 0x3A,
    0x03, 0xEC, 0x0C, 0xC1, 0xD3, 0x65, 0x00, 0x85, 0xEF, 0x37, 0x36, 0xB9, 0xBB, 0x8A, 0xEE, 0x23,
    0xA2, 0xF5, 0x3D, 0x2D, 0x9D, 0xDE, 0xCA, 0xCE, 0xBA, 0x4D, 0xD1, 0xB3, 0xC5, 0x8D, 0x87, 0xE1,
    0xC8, 0x78, 0x66, 0x39, 0x97, 0xC9, 0xFB, 0x15, 0xB2, 0x83, 0x6E, 0x1D, 0x15, 0x76, 0xB5, 0x5A,
    0xA0, 0x9D, 0xD5, 0xE9, 0xE7, 0x9B, 0x07, 0xB2, 0x6F, 0xD8, 0xE5, 0xBD, 0x24, 0xE0, 0xCD, 0x4B,
    0x71, 0x01, 0xE2, 0x00, 0xC4, 0xFC, 0x61, 0xFC, 0x82, 0xB3, 0xDC, 0x4D, 0xCC, 0x7E, 0xCB, 0x02,
    0x10, 0x88, 0xEC, 0x53, 0xA6, 0x6C, 0xC7, 0x5F, 0xE6, 0xF8, 0x2B, 0x5D, 0x7E, 0xE5, 0x7C, 0x3D,
    0xB4, 0xAF, 0xA8, 0xAD, 0x63, 0x0A, 0xCC, 0x5F, 0x88, 0xEC, 0xA6, 0x87, 0x7E, 0x71, 0xE8, 0x15,
    0xD7, 0x02, 0x66, 0x43, 0x0D, 0xD2, 0x3A, 0xC9, 0x12, 0x35, 0xE6, 0x94, 0x2C, 0x47, 0x22, 0xF0,
    0x78, 0x71, 0xBC, 0x05, 0xA4, 0x94, 0xFD, 0xAB, 0xC6, 0xCB, 0x19, 0x5E, 0x97, 0x1D, 0x69, 0x5C,
    0xA4, 0xB6, 0xF3, 0x5A, 0xFA, 0x8C, 0xE3, 0x81, 0xB8, 0x1C, 0x64, 0x59, 0x42, 0xE5, 0xBD, 0x39,
    0xC4, 0x1B, 0xA7, 0x4D, 0xEC, 0xC7, 0xF1, 0xAE, 0x9E, 0xFF, 0xAD, 0xFF, 0x38, 0x44, 0xD5, 0x04,
    0x39, 0x89, 0x1A, 0x5A, 0xAA, 0xBB, 0xD9, 0xFA, 0x88, 0x1E, 0x0F, 0xEA, 0x1B, 0x52, 0xED, 0xD2,
    0x0C, 0x3D, 0x91, 0x76, 0xD2, 0x29, 0x32, 0x91, 0x70, 0xE6, 0x33, 0x0A, 0xC2, 0x32, 0xB2, 0x4B,
    0x8B, 0x72, 0x6B, 0x28, 0xC5, 0xA4, 0x8E, 0x99, 0xB1, 0xA4, 0xF4, 0x0B, 0x39, 0x03, 0x92, 0x31,
    0x65, 0xCE, 0xD8, 0xE4, 0x3D, 0x75, 0x6A, 0x26, 0xEA, 0x75, 0x8A, 0x6B, 0xAB, 0x18, 0xED, 0x94,
    0x68, 0xCD, 0x9B, 0x23, 0x9E, 0x0C, 0x0A, 0x78, 0x9A, 0x68, 0x8A, 0x45, 0xFA, 0x14, 0x41, 0x0D,
    0x52, 0xFE, 0x98, 0x86, 0x2E, 0xD9, 0x3C, 0x4C, 0x6F, 0x67, 0x34, 0xBD, 0x72, 0xC1, 0xD6, 0xC4,
    0x34, 0xFB, 0x78, 0x36, 0xBC, 0xD7, 0xEF, 0xE1, 0x77, 0x22, 0x18, 0x25, 0x86, 0x23, 0x09, 0x7D,
    0x8B, 0x18, 0x2E, 0xCE, 0x98, 0x38, 0x8B, 0xAA, 0x87, 0x45, 0x84, 0x2C, 0x5A, 0x94, 0x3A, 0x98,
    0x29, 0x49, 0xC6, 0x04, 0x3F, 0x84, 0x53, 0x24, 0xD7, 0x38, 0x59, 0x2E, 0x13, 0x73, 0x11, 0xD5,
    0x15, 0x81, 0x4C, 0x38, 0x21, 0xA4, 0xB0, 0x3E, 0xE7, 0xA3, 0xA5, 0x7A, 0x00, 0xF3, 0xFF, 0x81,
    0x8C, 0x4A, 0xC4, 0x50, 0x49, 0x3A, 0x09, 0x18, 0xEB, 0x11, 0x97, 0xE2, 0x8F, 0x7C, 0xD0, 0x2B,
    0x5A, 0x4F, 0xA5, 0x7C, 0xB4, 0xAE, 0xA1, 0x57, 0x69, 0x1E, 0xBE, 0x7E, 0xA0, 0x4C, 0x10, 0x87,
    0x32, 0xE0, 0x09, 0x6F, 0x94, 0x36, 0xDC, 0x09, 0x18, 0xED, 0x20, 0x4E, 0x53, 0xEF, 0x79, 0xD8,
    0xCD, 0x23, 0xA3, 0xED, 0x55, 0xDF, 0x1D, 0x58, 0x5E, 0x36, 0xD4, 0x64, 0xE9, 0x3B, 0x27, 0x1C,
    0x82, 0xCE, 0x70, 0xBB, 0xA3, 0xE4, 0xD0, 0x99, 0x0F, 0xB1, 0x74, 0xD0, 0x2A, 0x7C, 0xB8, 0x16,
    0xBE, 0x52, 0x5C, 0x1D, 0xCB, 0x44, 0x89, 0xF9, 0x71, 0x7F, 0xFE, 0x9A, 0x81, 0x35, 0xEF, 0x36,
    0x0F, 0x85, 0x20, 0xE2, 0xCB, 0xB4, 0xEC, 0xC0, 0xE8, 0xD9, 0x19, 0xB6, 0xC0, 0xB5, 0x1D, 0xA8,
    0x1E, 0x06, 0x16, 0xDC, 0x9B, 0x23, 0xE5, 0x93, 0x26, 0xFF, 0x64, 0xDE, 0xC3, 0xCF, 0x27, 0xA7,
    0xFA, 0xEF, 0x04, 0xC5, 0x77, 0x75, 0x26, 0x25, 0x5A, 0x69, 0x31, 0xAC, 0x63, 0x3A, 0x76, 0x51,
    0x33, 0xD9, 0x0C, 0x14, 0x59, 0x86, 0xE5, 0x12, 0x15, 0x17, 0xF1, 0xB4, 0x4C, 0x97, 0x4E, 0x97,
    0xF6, 0x02, 0xAE, 0x30, 0x8A, 0x5F, 0xB3, 0x37, 0x73, 0xFB, 0x46, 0xD9, 0x2D, 0xC1, 0x39, 0x73,
    0x04, 0x1F, 0x5E, 0xBD, 0x4F, 0x14, 0x2F, 0x9C, 0x35, 0x5B, 0x54, 0x6D, 0x2E, 0x81, 0x11, 0xC2,
    0xB7, 0x99, 0x9C, 0xEC, 0xCE, 0xA5, 0x27, 0xCE, 0x67, 0x0F, 0xED, 0x3E, 0xC6, 0x3D, 0x48, 0xA1,
    0x0D, 0x32, 0x39, 0xE3, 0xB7, 0x2B, 0x86, 0xA2, 0xFA, 0xCC, 0xB6, 0xFC, 0x21, 0x25, 0x2E, 0xDD,
    0x71, 0x1F, 0xE9, 0x1A, 0x40, 0x58, 0x6C, 0x88, 0x15, 0x22, 0x63, 0x8A, 0x16, 0x2E, 0xB2, 0x16,
    0xB9, 0xC1, 0x1F, 0x73, 0x38, 0x21, 0xAF, 0x5A, 0x03, 0x03, 0x3C, 0xE3, 0x53, 0xDC, 0x37, 0x08,
    0x12, 0x57, 0xDC, 0x3B, 0xBE, 0x22, 0xAC, 0x74, 0xA7, 0x66, 0xBC, 0x8B, 0xC3, 0x96, 0xFE, 0xBA,
    0x8D, 0xAD, 0xBD, 0xFE, 0x05, 0x76, 0x2A, 0x7C, 0x4B, 0x63, 0x7E, 0x42, 0x28, 0xA7, 0x10, 0x44,
    0xB9, 0x17, 0x61, 0x94, 0x30, 0x88, 0x40, 0x06, 0x53, 0x85, 0x32, 0x48, 0x14, 0xCC, 0xD0, 0x28,
    0x9C, 0x87, 0x86, 0x80, 0xFE, 0xA7, 0x62, 0xD8, 0xE4, 0xCA, 0xE0, 0x09, 0x6A, 0xAB, 0xB9, 0xAF,
    0xA3, 0x30, 0x70, 0xEE, 0xCD, 0x6D, 0x41, 0xF2, 0x38, 0x6F, 0xC7, 0x9F, 0x1B, 0xE5, 0x08, 0x77,
    0x73, 0xBB, 0x34, 0x4A, 0xA0, 0x81, 0xE2, 0x54, 0xD7, 0x3D, 0x14, 0x6C, 0xAD, 0x31, 0x43, 0x17,
    0x7D, 0xFB, 0x9D, 0x85, 0xBC, 0x03, 0xBD, 0x83, 0xBD, 0x07, 0x7E, 0x80, 0xDE, 0x99, 0x0D, 0x9B,
    0x16, 0x02, 0xD2, 0x78, 0xAA, 0x1B, 0x5F, 0xB7, 0xB8, 0xE1, 0x57, 0x3E, 0x89, 0x04, 0x35, 0x76,
    0x50, 0xD1, 0x45, 0xB3, 0x6E, 0x77, 0xF8, 0xC7, 0xF8, 0x49, 0x30, 0xF6, 0x33, 0x80, 0x1C, 0x12,
    0xE5, 0x43, 0xC2, 0x5C, 0x0E, 0xEB, 0x6E, 0x21, 0x30, 0xC4, 0x47, 0xA2, 0xDC, 0xD1, 0x64, 0x99,
    0xF2, 0x57, 0xBB, 0x48, 0xA7, 0xAB, 0x75, 0x3C, 0x2D, 0x37, 0x8A, 0xB9, 0x05, 0x5D, 0x51, 0xEF,
    0x60, 0xBF, 0x6D, 0xB1, 0xEF, 0x36, 0x68, 0x5A, 0x40, 0x3B, 0x80, 0x07, 0xCF, 0x72, 0x38, 0x28,
    0xE5, 0x06, 0x21, 0xAB, 0xAB, 0x11, 0x9A, 0x36, 0x29, 0xB0, 0x56, 0x20, 0x0D, 0x0B, 0x0A, 0x11,
    0xEF, 0xE4, 0x25, 0xAB, 0x88, 0xEC, 0x72, 0x32, 0xD8, 0xA5, 0x83, 0x5D, 0x42, 0xD8, 0xA5, 0x84,
    0x7D, 0x52, 0x68, 0x85, 0xDA, 0x25, 0x86, 0x43, 0x42, 0x89, 0xE4, 0x70, 0x93, 0x6C, 0x79, 0xC8,
    0x2C, 0xFB, 0x5A, 0x7A, 0xD9, 0xD7, 0xD2, 0x35, 0xBB, 0x94, 0x96, 0xB7, 0x98, 0x5F, 0xE2, 0xAE,
    0x87, 0xB4, 0xEB, 0x03, 0xA2, 0x7F, 0x61, 0x65, 0xD0, 0xFF, 0x65, 0x17, 0xED, 0x3E, 0x7D, 0x57,
    0xD7, 0x26, 0x35, 0x4A, 0xF2, 0x3E, 0xE8, 0x76, 0x17, 0xDC, 0x3A, 0xB9, 0x65, 0x62, 0x93, 0xEC,
    0x5A, 0xE7, 0xE9, 0xC6, 0x67, 0xDD, 0x16, 0x16, 0xF2, 0xA4, 0xAD, 0xB7, 0xB8, 0x89, 0x4A, 0x3D,
    0xF7, 0xAA, 0x5A, 0xF4, 0xC6, 0x59, 0x62, 0x1F, 0x3C, 0x75, 0xA1, 0x54, 0x17, 0x58, 0x0D, 0x9F,
    0xC3, 0x5E, 0x95, 0xB7, 0xCC, 0x30, 0xF7, 0xAE, 0xAC, 0x4F, 0x56, 0xC7, 0xEA, 0xD7, 0xC7, 0x29,
    0xBF, 0x4F, 0x59, 0xE5, 0x2E, 0x94, 0x4D, 0x7F, 0xB0, 0x48, 0xCC, 0x3B, 0x12, 0xAD, 0xC9, 0x9C,
    0x33, 0x29, 0xC9, 0x44, 0xB2, 0xC8, 0xD0, 0xC4, 0x0D, 0x41, 0xC6, 0xCB, 0xCC, 0x53, 0xE6, 0x0F,
    0x6C, 0xCE, 0x59, 0x6B, 0xC4, 0xC2, 0x39, 0x31, 0xD9, 0x9D, 0x91, 0xC5, 0xCA, 0x7E, 0xA2, 0xEC,
    0x73, 0x65, 0x5F, 0x91, 0x39, 0xFF, 0x2A, 0xD8, 0xDE, 0x5F, 0xC8, 0xBC, 0x4F, 0x0B, 0x5C, 0x1E,
    0x78, 0x05, 0xEE, 0xBE, 0xEB, 0x17, 0xD0, 0x98, 0x1A, 0x13, 0x48, 0xFE, 0x6C, 0x1E, 0x3C, 0x47,
    0x8C, 0x9A, 0x05, 0x82, 0xDE, 0xB1, 0xA9, 0xC7, 0x02, 0x63, 0x71, 0xB2, 0x21, 0x85, 0xFD, 0xA4,
    0xBF, 0xDD, 0xB4, 0xCF, 0xC5, 0x60, 0x4D, 0xA6, 0x05, 0x18, 0xE7, 0x73, 0x50, 0x09, 0x9C, 0x3C,
    0x52, 0x54, 0x1A, 0x94, 0x36, 0x66, 0x97, 0x74, 0x8F, 0xF4, 0x5A, 0x85, 0x7A, 0xF3, 0x9F, 0x49,
    0xFF, 0x2D, 0x83, 0xAD, 0x1D, 0xA1, 0x4E, 0x3D, 0xF9, 0x27, 0xA8, 0xFB, 0x25, 0xA8, 0xF7, 0x08,
    0x34, 0xB8, 0x27, 0x74, 0x91, 0xBA, 0xE5, 0x79, 0xD3, 0x36, 0x13, 0x91, 0x6A, 0x5A, 0x61, 0x1B,
    0xE5, 0x56, 0x62, 0x2B, 0xD3, 0xF4, 0xE6, 0xD9, 0x28, 0x5C, 0x1F, 0xD1, 0x60, 0xEC, 0x22, 0x3D,
    0x55, 0xCE, 0x48, 0x1F, 0x71, 0xDD, 0xD3, 0xC7, 0x58, 0xEF, 0xE8, 0xA2, 0xC3, 0x95, 0x40, 0xC7,
    0xA4, 0xCB, 0x35, 0x5D, 0x2C, 0x65, 0x57, 0xB1, 0xC6, 0x49, 0xF7, 0x19, 0x02, 0x17, 0x8B, 0xAD,
    0xA2, 0xE3, 0x5C, 0x5E, 0xC5, 0x72, 0xAB, 0xAE, 0xB7, 0x8A, 0x8D, 0x35, 0xA3, 0xA7, 0x21, 0x67,
    0x03, 0xD2, 0xE1, 0xC8, 0x40, 0xCD, 0x2A, 0x40, 0xDF, 0x15, 0xAD, 0x7C, 0x3B, 0x21, 0x46, 0x96,
    0x2B, 0xC0, 0xC6, 0x7D, 0x6E, 0x46, 0x33, 0x85, 0x3D, 0xC5, 0xA6, 0x37, 0xE9, 0x94, 0x10, 0x96,
    0xB9, 0x42, 0x59, 0xA6, 0x05, 0xB1, 0x2C, 0xFD, 0xA9, 0x82, 0xE9, 0x91, 0xBB, 0x73, 0x3F, 0x53,
    0x38, 0x43, 0x0B, 0xE4, 0x91, 0xF2, 0x17, 0xA5, 0x22, 0x2A, 0x3E, 0x9C, 0x58, 0x96, 0xEA, 0x30,
    0x11, 0x5F, 0x5A, 0x34, 0x3B, 0x38, 0xC9, 0xD1, 0x31, 0x60, 0xB7, 0x3F, 0x33, 0x1D, 0xB0, 0xE4,
    0xBF, 0xB6, 0xFC, 0x73, 0xCB, 0xBF, 0x52, 0x0E, 0x70, 0x3B, 0x74, 0xC9, 0x3F, 0x2D, 0xD8, 0x4E,
    0xF0, 0x41, 0xC1, 0xFB, 0x00, 0x60, 0x20, 0xAC, 0xF1, 0x9F, 0x85, 0xB8, 0xC3, 0x78, 0x04, 0xF2,
    0x81, 0x32, 0x8D, 0x06, 0xDD, 0x7A, 0x2C, 0x2B, 0x41, 0x74, 0x4B, 0x53, 0x02, 0x6C, 0x81, 0x98,
    0x77, 0xCB, 0x82, 0x9D, 0xE8, 0xEC, 0xA6, 0x7E, 0x69, 0xFF, 0x26, 0x05, 0x48, 0x90, 0x83, 0x84,
    0x28, 0xEF, 0x2A, 0xCC, 0x47, 0xC4, 0x19, 0x7E, 0x5F, 0x20, 0xC6, 0x7D, 0x1F, 0xEA, 0xB6, 0x46,
    0x85, 0xDA, 0x62, 0x6D, 0xC1, 0xB6, 0x68, 0x5B, 0xB8, 0x15, 0x6F, 0x0B, 0xB8, 0x45, 0xDC, 0x42,
    0x6E, 0x31, 0xEF, 0x40, 0xB7, 0xA8, 0x5B, 0xD8, 0x7B, 0xDC, 0xAF, 0x98, 0xA5, 0x70, 0xB7, 0xEB,
    0x7B, 0x8F, 0x7F, 0xFF, 0xAC, 0x5A, 0xB4, 0x91, 0xC0, 0x5B, 0xB3, 0xD0, 0xFD, 0x80, 0x1D, 0xEE,
    0xC6, 0x3E, 0xAE, 0x11, 0x29, 0xF0, 0xE2, 0x29, 0xF8, 0x08, 0xCF, 0x6C, 0xAD, 0x80, 0x3F, 0xE6,
    0xC9, 0x3B, 0x57, 0xDE, 0xF9, 0xF2, 0xCE, 0x99, 0xF7, 0xDE, 0xBC, 0x73, 0xE7, 0x7D, 0x6E, 0x5C,
    0x0E, 0x9E, 0x6B, 0xA3, 0x3C, 0xC1, 0xC8, 0xE1, 0x5B, 0x8F, 0x6F, 0x5D, 0xBE, 0xF5, 0xF9, 0x9D,
    0xD3, 0x87, 0xD7, 0xDF, 0x52, 0xB7, 0x0F, 0xF5, 0x08, 0xB9, 0x45, 0x18, 0x8E, 0x1F, 0x82, 0xDE,
    0x5A, 0x75, 0xF5, 0xE8, 0x56, 0xE3, 0x58, 0x5B, 0xEE, 0xAA, 0xCB, 0x43, 0x7D, 0x79, 0xA9, 0xC2,
    0xBC, 0x89, 0x7E, 0x61, 0xE9, 0xF9, 0xDE, 0x48, 0x9F, 0xEF, 0xBD, 0x7A, 0xAB, 0x25, 0xE2, 0xE2,
    0x33, 0xED, 0x33, 0x7D, 0xEB, 0xE6, 0x10, 0x36, 0xD0, 0x90, 0x4F, 0xE4, 0x53, 0xE9, 0x4B, 0xF3,
    0xA9, 0x2E, 0x5E, 0x5B, 0x53, 0x70, 0x87, 0x18, 0xDE, 0xA6, 0x8C, 0xCB, 0xCC, 0xFE, 0x76, 0xCE,
    0x8E, 0xDE, 0x9E, 0x39, 0x1F, 0x3F, 0x64, 0xD1, 0x45, 0x09, 0xB6, 0x56, 0x36, 0x3A, 0xB0, 0x91,
    0x26, 0x6E, 0xE7, 0x71, 0x5B, 0x81, 0xE1, 0x5F, 0x61, 0x38, 0x36, 0x29, 0x2E, 0xD9, 0x16, 0xB2,
    0x39, 0xC9, 0x0B, 0xB1, 0xC2, 0x2D, 0xFE, 0x10, 0xB7, 0xC2, 0xA3, 0x14, 0xEA, 0x24, 0xF7, 0x35,
    0x65, 0x3E, 0xD2, 0x8C, 0x9A, 0xEE, 0x25, 0xD5, 0xAC, 0x30, 0xBE, 0xA7, 0xCB, 0x05, 0x7F, 0xCD,
    0x86, 0x55, 0x12, 0xDD, 0x6C, 0xDA, 0xCF, 0xC5, 0xFA, 0x6F, 0x14, 0x4E, 0x67, 0x6E, 0xB5, 0x34,
    0x79, 0x97, 0xE3, 0x2F, 0x6D, 0x96, 0xAD, 0x8C, 0xFF, 0xCF, 0x83, 0xD1, 0x1C, 0xEB, 0x99, 0xFA,
    0x0C, 0x40, 0xDA, 0x8F, 0xD4, 0x39, 0xE1, 0xEA, 0x9C, 0x9B, 0xC6, 0x49, 0xD2, 0x5A, 0x34, 0x39,
    0x6D, 0xB0, 0xFC, 0x2D, 0xA4, 0x16, 0x32, 0x01, 0x31, 0x95, 0xEE, 0x78, 0x6A, 0x30, 0xE8, 0x06,
    0x1B, 0xB3, 0x1A, 0xE3, 0x4D, 0x81, 0x35, 0x48, 0x98, 0x48, 0xC3, 0xDC, 0x99, 0xB4, 0x87, 0x29,
    0xF5, 0x08, 0x51, 0x04, 0x36, 0x94, 0x7F, 0x01, 0xBB, 0x78, 0x31, 0xB3, 0xEB, 0x20, 0xFA, 0x7C,
    0x0E, 0xD7, 0x0F, 0xA2, 0x7E, 0xA7, 0xF7, 0x01, 0xB6, 0xAD, 0xC9, 0xB9, 0xD1, 0x75, 0xD8, 0xC8,
    0xDF, 0x0B, 0xEA, 0xB4, 0x5C, 0xF0, 0x7C, 0xED, 0xE5, 0x7F, 0xEC, 0x70, 0xED, 0x03, 0x3E, 0xD5,
    0xD2, 0x03, 0x3E, 0xD5, 0xF0, 0xDB, 0x77, 0x2E, 0x7E, 0x88, 0xE8, 0x40, 0x1C, 0x88, 0xA9, 0xDA,
    0xA9, 0x88, 0xBF, 0xCD, 0x44, 0xFC, 0xFB, 0x23, 0xF1, 0x1F, 0xDB, 0x75, 0x6C, 0x4B, 0xA5, 0x76,
    0xDF, 0xB1, 0x09, 0xEF, 0x72, 0xE8, 0x76, 0xE7, 0x71, 0x37, 0x73, 0xDA, 0x78, 0xCA, 0xAE, 0x24,
    0x5C, 0x38, 0x2B, 0xB6, 0x34, 0x3C, 0xD4, 0xCA, 0xCD, 0xC7, 0xFE, 0x94, 0x44, 0x3A, 0xE4, 0x71,
    0x63, 0x01, 0x57, 0x85, 0x28, 0x81, 0xA8, 0xCF, 0x2A, 0x76, 0x56, 0xD5, 0xAA, 0xFA, 0x67, 0x0D,
    0xB8, 0x27, 0xD7, 0xEE, 0xCA, 0x35, 0xE6, 0x49, 0x6E, 0x55, 0xB2, 0x3C, 0xFD, 0x09, 0xB2, 0x35,
    0x47, 0x70, 0x1B, 0xB7, 0x09, 0x17, 0xEF, 0x67, 0xA8, 0x45, 0x26, 0xE6, 0x36, 0x9F, 0xA2, 0xDC,
    0xAE, 0x4E, 0x1D, 0xE9, 0xCA, 0x41, 0xF6, 0x5F, 0x85, 0x53, 0xBF, 0x6F, 0xD5, 0x30, 0x10, 0xBE,
    0xC4, 0xB4, 0x19, 0x22, 0xE1, 0x2E, 0xAC, 0xB8, 0x03, 0x43, 0xA7, 0x66, 0x2D, 0x52, 0xFB, 0x1C,
    0x54, 0x09, 0x06, 0x16, 0xFE, 0x03, 0x18, 0x18, 0xD8, 0xCA, 0x8A, 0xD4, 0x62, 0x03, 0x03, 0x43,
    0x25, 0xE8, 0x9F, 0xD0, 0x9D, 0xA1, 0x6B, 0x87, 0xB6, 0x31, 0x62, 0x60, 0x75, 0xC5, 0xC0, 0x1A,
    0x54, 0xB6, 0x4A, 0xC8, 0x83, 0x25, 0x02, 0x4D, 0x15, 0xEE, 0xCE, 0x79, 0x3F, 0x24, 0x86, 0xFA,
    0xD9, 0x79, 0x67, 0xDF, 0x77, 0x77, 0xBE, 0xBB, 0xCF, 0x66, 0xE8, 0x0D, 0xCD, 0x0E, 0x68, 0xE8,
    0x61, 0x18, 0x3A, 0x43, 0x9F, 0xD9, 0xB6, 0xE7, 0x0F, 0xCC, 0x06, 0x69, 0x79, 0xB4, 0x73, 0xE9,
    0x46, 0xED, 0xA1, 0x08, 0xD2, 0xAE, 0xC3, 0x1E, 0x9C, 0x41, 0xE3, 0x9B, 0xD6, 0xF8, 0xCA, 0x96,
    0xBE, 0x0A, 0x3A, 0x56, 0x51, 0xC4, 0x3C, 0x08, 0x2F, 0xED, 0x04, 0x36, 0x10, 0x38, 0x9E, 0x76,
    0xF3, 0xD3, 0xB5, 0xA9, 0xEB, 0xC3, 0xCC, 0x89, 0x50, 0x3A, 0x69, 0x2B, 0x58, 0x87, 0x5D, 0xF4,
    0xD5, 0xA1, 0xB7, 0x1E, 0x9A, 0xF3, 0xC1, 0x35, 0x3F, 0x06, 0x67, 0xFC, 0xE0, 0x2A, 0x6B, 0xC8,
    0x83, 0xAD, 0x82, 0xF1, 0x3A, 0x36, 0xA1, 0x8A, 0x26, 0x88, 0x58, 0xB6, 0xE4, 0x4B, 0xF8, 0x64,
    0x3B, 0x81, 0x13, 0x8C, 0xF4, 0x92, 0x5D, 0x8E, 0xD8, 0x96, 0xB1, 0x1D, 0x61, 0x8B, 0xFF, 0xB0,
    0x6B, 0x23, 0x96, 0xC7, 0x32, 0x26, 0x23, 0x71, 0x95, 0x0E, 0xA0, 0xA0, 0x65, 0x01, 0x84, 0x85,
    0xFB, 0xE2, 0x21, 0x95, 0xA9, 0x33, 0x97, 0x9F, 0xE2, 0x73, 0x3A, 0x23, 0xBD, 0xF4, 0x09, 0xAB,
    0x02, 0xAE, 0x76, 0xDC, 0xFB, 0xA4, 0x9B, 0xAE, 0x62, 0xC1, 0xCF, 0xE2, 0x12, 0xD3, 0x55, 0xA7,
    0x95, 0x1D, 0x8C, 0x71, 0xFD, 0xDC, 0x06, 0xF5, 0xF7, 0xC4, 0x83, 0x13, 0x7D, 0x45, 0xED, 0x1B,
    0xE2, 0x2B, 0x61, 0x57, 0xF8, 0x7C, 0x16, 0xDB, 0xA7, 0xB8, 0x14, 0x5F, 0xB6, 0xF3, 0xD8, 0x88,
    0x59, 0x11, 0xF6, 0x85, 0xBE, 0x64, 0xBB, 0xEE, 0x54, 0xD4, 0xCF, 0x38, 0xD6, 0xEC, 0xDE, 0xA3,
    0xFD, 0xED, 0x9A, 0x53, 0xCE, 0x3B, 0x90, 0x03, 0x32, 0xC1, 0xCD, 0xA6, 0x1A, 0x40, 0x74, 0xB0,
    0x54, 0xA7, 0xA9, 0x5B, 0xA8, 0x70, 0x06, 0x13, 0x00, 0x27, 0x56, 0x32, 0x02, 0x4E, 0x83, 0x15,
    0xA5, 0xBD, 0x89, 0xDA, 0x03, 0x42, 0x74, 0xBB, 0x04, 0x40, 0xB3, 0x86, 0x1D, 0x8C, 0x73, 0xC2,
    0xAE, 0x05, 0xD2, 0x2C, 0x8B, 0x2C, 0x4A, 0x7F, 0x0D, 0x22, 0xF1, 0x48, 0xD5, 0x9A, 0xF3, 0x20,
    0xFE, 0xE1, 0x4F, 0xDA, 0x51, 0xAC, 0xF0, 0xC7, 0x63, 0x82, 0xC2, 0x1E, 0xCC, 0x4E, 0xBB, 0xA9,
    0xA8, 0xF3, 0x90, 0xC4, 0xAA, 0x7E, 0x2D, 0x7C, 0x12, 0xE5, 0x79, 0x2F, 0x93, 0x2F, 0x28, 0x86,
    0xA8, 0x60, 0xE7, 0x00, 0x4A, 0x34, 0x68, 0xEC, 0x84, 0x82, 0x37, 0x03, 0x29, 0x4E, 0xA4, 0x3F,
    0xCD, 0x3A, 0x85, 0xB0, 0x2C, 0x62, 0x70, 0x24, 0x19, 0x1A, 0x8B, 0x16, 0x7D, 0x17, 0x5E, 0x70,
    0xB3, 0x51, 0x7C, 0xC4, 0xA2, 0xC4, 0xBB, 0xA9, 0xC7, 0x2C, 0xD2, 0xDD, 0x46, 0xC0, 0x2E, 0xDE,
    0x42, 0x17, 0x6D, 0x81, 0x66, 0x1D, 0x28, 0x77, 0x26, 0x22, 0xC6, 0xC4, 0xCB, 0xC8, 0xAB, 0x3E,
    0x1B, 0x86, 0x1A, 0x50, 0x91, 0xE3, 0x33, 0x30, 0xF8, 0x8A, 0x96, 0xB1, 0xA8, 0x77, 0xB0, 0x0C,
    0x4F, 0xD0, 0x95, 0x42, 0xBE, 0x92, 0x97, 0x2D, 0xD8, 0x44, 0x46, 0xAE, 0xE2, 0xC9, 0xB1, 0xFA,
    0xDC, 0x57, 0x6F, 0x7B, 0x9D, 0x47, 0xCC, 0x65, 0x2B, 0x6F, 0x37, 0x85, 0xDB, 0x10, 0x6E, 0x35,
    0x47, 0x23, 0x0B, 0xC2, 0x51, 0x2D, 0x34, 0x64, 0x3D, 0x14, 0x11, 0x2A, 0x2C, 0x2B, 0xEE, 0x1C,
    0xB5, 0x58, 0x60, 0x0D, 0x7B, 0xBA, 0x11, 0xBA, 0x20, 0x58, 0x56, 0xDF, 0x02, 0xF4, 0x0A, 0x8A,
    0x1B, 0x2A, 0x02, 0x99, 0x40, 0x53, 0x13, 0x1A, 0xE7, 0x50, 0xE7, 0x3D, 0x94, 0x81, 0x9C, 0x4D,
    0x00, 0x8E, 0x01, 0x23, 0x73, 0x9F, 0xC7, 0x8A, 0x8D, 0x5D, 0x80, 0xB1, 0x82, 0xC5, 0x3B, 0xC7,
    0x55, 0x95, 0x17, 0x5F, 0xF9, 0xBF, 0xF8, 0x7B, 0x94, 0x00, 0xD5, 0x9F, 0xB1, 0xD8, 0x3F, 0xD3,
    0x53, 0xBA, 0x6A, 0x98, 0x2F, 0xEA, 0xE2, 0x23, 0xEB, 0xE5, 0xF6, 0x97, 0xD4, 0x8D, 0xC2, 0xA5,
    0x06, 0x96, 0xD3, 0x36, 0x38, 0x58, 0x18, 0x25, 0x11, 0x9C, 0x08, 0x47, 0x04, 0xF4, 0x9C, 0x00,
    0x21, 0xEE, 0x4A, 0xE1, 0xCA, 0xED, 0xCF, 0xAD, 0xDE, 0x57, 0x4E, 0x7E, 0xDB, 0x0F, 0xEA, 0xD2,
    0xD8, 0xF2, 0xF7, 0x91, 0x87, 0x06, 0xA3, 0xED, 0x60, 0x03, 0x0D, 0x3E, 0x88, 0x1D, 0xA4, 0xDD,
    0xAF, 0x6B, 0x8E, 0xAC, 0x3F, 0x68, 0x5B, 0x7D, 0x7F, 0xEA, 0xB7, 0xA4, 0x74, 0xAA, 0x78, 0xDF,
    0x82, 0xCA, 0xD1, 0xF7, 0x9B, 0x9A, 0x29, 0x43, 0x04, 0x50, 0x14, 0xCB, 0x2E, 0x46, 0x06, 0x22,
    0x1E, 0x33, 0x86, 0x33, 0x65, 0x96, 0xA8, 0x44, 0x2F, 0xA0, 0x96, 0x02, 0x30, 0xB3, 0xE6, 0x08,
    0x4E, 0x40, 0xD5, 0x37, 0x21, 0x28, 0x03, 0x6A, 0xC5, 0x02, 0x22, 0x0B, 0xD3, 0xBA, 0xCE, 0x11,
    0xCC, 0x65, 0x66, 0xF1, 0x3F, 0x7D, 0x57, 0xAF, 0xB3, 0xDE, 0xC6, 0x15, 0xBD, 0xD2, 0xDA, 0x11,
    0x10, 0xD8, 0x82, 0x3A, 0x24, 0x40, 0x7F, 0x41, 0x47, 0xFF, 0x40, 0xFD, 0x76, 0x33, 0x81, 0x05,
    0x36, 0xA8, 0x4B, 0x02, 0x42, 0x0A, 0xD2, 0x09, 0x78, 0xA4, 0xE0, 0x65, 0xE6, 0xE5, 0x49, 0x8D,
    0x67, 0x8A, 0x0D, 0xCA, 0x1B, 0x52, 0x52, 0x52, 0x62, 0x50, 0xE0, 0x3C, 0xC9, 0x2F, 0xA0, 0x30,
    0x9A, 0x71, 0xA6, 0x05, 0x01, 0x16, 0x68, 0x49, 0x02, 0x22, 0xA0, 0x99, 0xCA, 0xB6, 0xA4, 0xED,
    0x39, 0x77, 0xF5, 0xFD, 0x78, 0x5F, 0x9C, 0x6A, 0xFC, 0xCE, 0xD5, 0xAE, 0xF4, 0xAD, 0xF6, 0xDE,
    0x7B, 0xEE, 0xD9, 0x6B, 0x91, 0x8B, 0x5F, 0x08, 0xAE, 0x8B, 0x5F, 0x12, 0x3F, 0xBD, 0x24, 0x86,
    0x50, 0x8B, 0xE4, 0x21, 0x8C, 0x22, 0x6E, 0x38, 0x5B, 0x45, 0x96, 0xE1, 0xA2, 0xF1, 0x66, 0x1C,
    0x2E, 0xAA, 0x3A, 0xEF, 0x87, 0x8B, 0x50, 0xDB, 0x76, 0x78, 0xDA, 0xF8, 0xB2, 0x1E, 0x9E, 0xDE,
    0x11, 0xE7, 0xFB, 0xA7, 0x78, 0x31, 0xE9, 0x07, 0x91, 0x4A, 0xB1, 0x49, 0x3A, 0x62, 0x7A, 0xC0,
    0x60, 0x5A, 0xDE, 0x9B, 0xE7, 0xFD, 0x6D, 0xAC, 0x3E, 0xB8, 0xE9, 0xF0, 0xDB, 0xAF, 0x6E, 0xBA,
    0x8F, 0xC5, 0xFD, 0xE3, 0xF3, 0x17, 0xAB, 0x14, 0xFF, 0x7D, 0x7C, 0x13, 0xC4, 0x86, 0xC7, 0xED,
    0x2A, 0x26, 0x7C, 0x70, 0xB3, 0x48, 0x12, 0x5E, 0xBC, 0x9C, 0xF0, 0x6A, 0x08, 0xF8, 0x81, 0x0D,
    0xD8, 0x8E, 0xD8, 0x0F, 0x5B, 0x62, 0x56, 0x2B, 0x7A, 0x4E, 0x87, 0xB0, 0x10, 0x56, 0xA9, 0xEA,
    0x77, 0x56, 0xEC, 0x49, 0xAE, 0x08, 0x8E, 0x50, 0x12, 0x0A, 0x82, 0x1C, 0x83, 0xEC, 0x41, 0x87,
    0x21, 0xB4, 0x11, 0x2A, 0xCE, 0xED, 0x01, 0x9F, 0x0D, 0x6D, 0x13, 0xF6, 0x0F, 0xAE, 0x7F, 0x0C,
    0x65, 0x58, 0x3D, 0x7F, 0xCA, 0x65, 0xEE, 0xFE, 0x1A, 0x90, 0x68, 0x00, 0x6D, 0x68, 0xE0, 0xB3,
    0x6B, 0x33, 0x6C, 0xBE, 0x11, 0x33, 0x4B, 0x32, 0x13, 0xD3, 0x59, 0x30, 0x63, 0x26, 0x49, 0xBF,
    0x10, 0x33, 0x72, 0x8D, 0x88, 0x99, 0x22, 0x3E, 0xB7, 0xE0, 0x75, 0x45, 0xBC, 0x83, 0x0B, 0xEF,
    0x73, 0x49, 0x45, 0xCC, 0xCF, 0x4C, 0x0F, 0x31, 0x6E, 0x27, 0x7A, 0x20, 0x85, 0x4F, 0xF0, 0x73,
    0xDB, 0xA6, 0x88, 0x4E, 0xD6, 0xD2, 0x23, 0xD3, 0x4B, 0x51, 0xCB, 0x3B, 0x03, 0x26, 0xF1, 0xB3,
    0xBA, 0xAC, 0x91, 0x4F, 0x6C, 0xD1, 0x3E, 0x49, 0x9A, 0x45, 0xEE, 0x62, 0xA3, 0x0F, 0x91, 0x61,
    0x3C, 0xC5, 0x52, 0x79, 0x98, 0xD4, 0x8A, 0xC3, 0x5F, 0x05, 0x2F, 0x1C, 0x56, 0x39, 0xC3, 0xAA,
    0x67, 0xCD, 0x66, 0x31, 0xA9, 0xD6, 0xB5, 0x72, 0x1F, 0xF6, 0x7E, 0xD1, 0x45, 0x6B, 0x07, 0xB5,
    0x57, 0xF9, 0x88, 0x70, 0x33, 0x04, 0xBC, 0xF6, 0x16, 0xCF, 0x56, 0x7D, 0xFE, 0x19, 0xFC, 0x27,
    0xB1, 0x2E, 0xC5, 0xD5, 0x97, 0x31, 0xA4, 0xCC, 0x54, 0xB3, 0x59, 0xF9, 0x52, 0xF2, 0xE1, 0x99,
    0x3E, 0x37, 0x23, 0xDF, 0x7B, 0x06, 0xA7, 0x9F, 0xA9, 0x95, 0x65, 0xB3, 0xCD, 0x66, 0xAB, 0x39,
    0x5A, 0xB7, 0xD9, 0x62, 0x66, 0xFC, 0x47, 0xB1, 0x13, 0xBF, 0x3F, 0x32, 0xB4, 0x7A, 0x25, 0x5E,
    0x19, 0xFC, 0x4A, 0x76, 0x17, 0xDD, 0xEF, 0x25, 0xED, 0xE3, 0xA8, 0x7A, 0x7E, 0x3E, 0x31, 0x44,
    0x7A, 0x95, 0x35, 0xC2, 0x66, 0xBA, 0xDD, 0x40, 0x82, 0x64, 0x87, 0x41, 0xE5, 0x8F, 0x06, 0xAE,
    0xCE, 0x8F, 0x07, 0x96, 0x83, 0x47, 0xF8, 0x30, 0x06, 0x8F, 0x83, 0x46, 0x72, 0x50, 0xD6, 0xE9,
    0xC0, 0xF1, 0xCF, 0x63, 0x01, 0x44, 0x4B, 0x16, 0x51, 0x52, 0x06, 0xA6, 0x23, 0x99, 0x10, 0x0F,
    0xE7, 0xD3, 0x45, 0x0A, 0x0C, 0x46, 0xB8, 0xEF, 0x7C, 0x31, 0xEA, 0x80, 0xBB, 0x77, 0x0F, 0x42,
    0xA7, 0x83, 0x55, 0x07, 0x20, 0x02, 0x06, 0x12, 0xBA, 0x2D, 0xD7, 0x1C, 0xB8, 0x65, 0x1B, 0x94,
    0x2D, 0x3D, 0x6B, 0xB7, 0x01, 0xCB, 0x01, 0x9C, 0x3B, 0x0C, 0xF2, 0x39, 0xB2, 0x44, 0x07, 0xC9,
    0xF1, 0x00, 0x1F, 0xDD, 0x0D, 0xCC, 0x80, 0x04, 0x6D, 0x83, 0x3B, 0xF9, 0x80, 0xA8, 0x36, 0xF1,
    0x3B, 0x65, 0x3E, 0xA6, 0x53, 0xB9, 0x71, 0x79, 0xCE, 0x40, 0x67, 0xA7, 0x03, 0x13, 0xFA, 0xC8,
    0x70, 0xBD, 0x1E, 0x6D, 0xA4, 0x3F, 0x8E, 0xB4, 0x07, 0xEF, 0x52, 0x18, 0xDE, 0x82, 0xD7, 0x29,
    0xC9, 0x50, 0x75, 0x4A, 0xE8, 0xE2, 0x1B, 0xDD, 0x35, 0x0A, 0x81, 0xA1, 0x10, 0xC4, 0x86, 0x04,
    0xB7, 0xAC, 0xE1, 0x5E, 0x12, 0x3A, 0xCB, 0x9A, 0x46, 0xE1, 0xC0, 0xFB, 0x92, 0xAB, 0x51, 0x3D,
    0x22, 0x0D, 0xB1, 0x52, 0x12, 0xC8, 0x26, 0x61, 0x9A, 0x53, 0xEC, 0xE0, 0xCB, 0x3D, 0xE9, 0xC8,
    0xED, 0xA3, 0x5B, 0x3A, 0x6B, 0x5F, 0xB6, 0xC9, 0xC0, 0x0D, 0x2D, 0x62, 0x1F, 0xF4, 0xA9, 0xDE,
    0xAE, 0x52, 0xDA, 0x21, 0xEB, 0x8F, 0x7F, 0x76, 0x7C, 0x4B, 0x2D, 0x98, 0xCD, 0x64, 0xD5, 0x37,
    0x57, 0x8F, 0xE9, 0x6C, 0x63, 0xB6, 0x6F, 0x86, 0x64, 0x2E, 0x62, 0xA5, 0x7D, 0xD5, 0xCB, 0x72,
    0xA6, 0xB7, 0xF6, 0x5F, 0xAD, 0xAC, 0xF7, 0xE3, 0xED, 0xB7, 0xA8, 0xB2, 0xCB, 0xCD, 0x7D, 0xE4,
    0x3C, 0xB2, 0x30, 0xC3, 0x8A, 0x4E, 0xCB, 0x5A, 0xCC, 0x4A, 0x2D, 0x8D, 0xB7, 0x70, 0xB2, 0xEC,
    0xE5, 0xE4, 0x32, 0x4C, 0xF0, 0x86, 0x8C, 0x0A, 0x17, 0x3D, 0x60, 0x43, 0xFD, 0xD9, 0x50, 0xE3,
    0xB6, 0xE1, 0x23, 0x8D, 0xE1, 0xE1, 0x21, 0x38, 0x85, 0xE0, 0x22, 0x50, 0x98, 0x47, 0x3C, 0xC1,
    0x15, 0x2C, 0x85, 0x19, 0xFC, 0x43, 0xED, 0x82, 0xA7, 0x95, 0x8A, 0x43, 0xA3, 0xF8, 0x46, 0xF1,
    0x07, 0xB2, 0x27, 0x79, 0x49, 0x34, 0x5F, 0x73, 0xC6, 0x7C, 0xAD, 0x44, 0x7F, 0x50, 0xE3, 0x57,
    0x16, 0xA1, 0xB0, 0xDD, 0x19, 0x30, 0x0B, 0xB3, 0xFD, 0xDE, 0xA7, 0xA1, 0xB7, 0xF0, 0xE4, 0x9E,
    0x24, 0x0F, 0xE5, 0x2D, 0x57, 0xA3, 0xC2, 0x14, 0x11, 0x84, 0x7B, 0xB4, 0x4D, 0xF6, 0x1A, 0x8B,
    0x1F, 0x16, 0x51, 0xC7, 0x9B, 0x9A, 0x7A, 0xC8, 0x2D, 0x51, 0xD4, 0xCA, 0x48, 0x0B, 0xD7, 0x49,
    0xA6, 0x6A, 0xC9, 0x6D, 0x53, 0x9F, 0xA2, 0xF3, 0x5B, 0x24, 0x9C, 0xE6, 0x74, 0x67, 0xE8, 0x87,
    0x9C, 0x9A, 0x46, 0x95, 0x84, 0xDA, 0xB8, 0xEC, 0x0A, 0x63, 0x2B, 0x96, 0x6D, 0x95, 0x3B, 0x91,
    0x56, 0xF8, 0x32, 0xD4, 0x4A, 0x40, 0x1E, 0x52, 0xB0, 0xAA, 0x95, 0x52, 0x14, 0xBD, 0xAA, 0xD3,
    0x82, 0x2B, 0x42, 0xC3, 0xE4, 0x81, 0xB2, 0x4F, 0x64, 0xA7, 0xE7, 0x21, 0x0C, 0xD4, 0x47, 0x08,
    0x48, 0x01, 0xA9, 0xCC, 0x5E, 0x49, 0x72, 0xED, 0x55, 0xB5, 0x27, 0x15, 0x6F, 0xEA, 0x08, 0x0C,
    0x59, 0x03, 0xC3, 0xEA, 0x43, 0x49, 0xCD, 0x6A, 0xCC, 0xA0, 0x46, 0x73, 0x65, 0x06, 0x2D, 0x4C,
    0xA3, 0x52, 0x17, 0x49, 0xD7, 0x6F, 0x06, 0xBE, 0x57, 0x1A, 0xA4, 0x81, 0x7B, 0x83, 0xE1, 0xDE,
    0x60, 0x58, 0x0F, 0xAC, 0x80, 0x35, 0x1A, 0xD6, 0x65, 0xDE, 0xEB, 0x6E, 0x61, 0xE8, 0x37, 0x8C,
    0x4A, 0x40, 0xAF, 0x2E, 0x22, 0x74, 0x70, 0xD1, 0x80, 0x08, 0x59, 0x98, 0x68, 0x92, 0x10, 0x29,
    0x77, 0x2F, 0x7E, 0x6F, 0xDC, 0xF0, 0x89, 0xED, 0xDE, 0x1B, 0x2B, 0x1E, 0x17, 0xD3, 0x67, 0x64,
    0xCA, 0xF4, 0x8C, 0xF8, 0xF7, 0x8F, 0x89, 0xBF, 0xBF, 0xC5, 0xAF, 0x0D, 0x8B, 0x7F, 0x22, 0x69,
    0xEF, 0x36, 0xAC, 0xE6, 0x10, 0xFE, 0xE3, 0x25, 0xFF, 0xCB, 0x47, 0x71, 0xFE, 0xF9, 0x27, 0x08,
    0xE0, 0x39, 0xC4, 0x00, 0xF3, 0xAF, 0x71, 0xA2, 0xBC, 0x3E, 0xAF, 0x0F, 0x12, 0xF3, 0x16, 0xF4,
    0x07, 0xD4, 0xB4, 0x95, 0xBB, 0xBC, 0x7A, 0x1E, 0xE1, 0xAF, 0xE2, 0x41, 0x0E, 0x4F, 0xAA, 0x3F,
    0x9C, 0x93, 0x14, 0x9E, 0xB5, 0xA2, 0xB2, 0xA9, 0x67, 0xC6, 0xA2, 0x27, 0xC6, 0xA2, 0xAA, 0x5A,
    0x47, 0x6D, 0x8D, 0xA8, 0x51, 0x9C, 0x23, 0x22, 0x01, 0xA9, 0xCA, 0x63, 0xC1, 0xF6, 0xA5, 0xD0,
    0xD5, 0x8A, 0x65, 0x7F, 0x5E, 0xFE, 0x18, 0x9B, 0x23, 0xBC, 0x3E, 0x45, 0x77, 0xD8, 0x20, 0x73,
    0xD7, 0x1E, 0x30, 0xFB, 0x26, 0x9E, 0xF4, 0xDA, 0x94, 0x90, 0xDB, 0xD5, 0x8B, 0xB6, 0xF1, 0xB2,
    0x9A, 0xB6, 0x6C, 0xCD, 0x04, 0xEC, 0xF2, 0xC1, 0xB4, 0xAE, 0xB3, 0x1D, 0x90, 0x73, 0xF5, 0x5D,
    0xF8, 0xCC, 0x96, 0xC5, 0x79, 0x62, 0x25, 0x99, 0x16, 0xC2, 0x29, 0xE2, 0xF4, 0xF9, 0xE3, 0x5F,
    0x6B, 0xDC, 0x3F, 0x08, 0xC0, 0xFC, 0xFD, 0x86, 0x88, 0x56, 0xAB, 0xF2, 0x44, 0x14, 0x26, 0xB0,
    0x6C, 0x73, 0xEF, 0xEA, 0xA2, 0x03, 0xFA, 0x7C, 0x20, 0x9A, 0x39, 0xD7, 0x40, 0xFD, 0x2A, 0x09,
    0xDA, 0x8B, 0xB0, 0x0F, 0xD0, 0x48, 0x4A, 0xF1, 0x27, 0xCD, 0xA3, 0x1C, 0xF0, 0x9E, 0xD7, 0x7A,
    0xD4, 0x72, 0x7C, 0x43, 0x1D, 0x6F, 0x3C, 0x08, 0x04, 0x92, 0xA5, 0xA3, 0x6A, 0x2D, 0x5B, 0x0C,
    0x4F, 0xBC, 0xA2, 0x76, 0xF2, 0xD2, 0x7A, 0x56, 0x4E, 0x8A, 0x9D, 0x63, 0x2E, 0x26, 0xC5, 0x91,
    0x7A, 0x57, 0x33, 0x0E, 0xCA, 0x54, 0x06, 0x23, 0x3E, 0x6D, 0xE2, 0xD3, 0x46, 0x43, 0x15, 0x24,
    0xCA, 0xF0, 0xB6, 0xD4, 0xEF, 0x88, 0x2C, 0xBB, 0x2B, 0xFD, 0x10, 0xF5, 0x08, 0xE9, 0xEF, 0x39,
    0x93, 0x85, 0xBF, 0xCD, 0x7B, 0xC9, 0x88, 0xFA, 0x91, 0xD4, 0x6F, 0x8D, 0x7C, 0xAA, 0xDE, 0x41,
    0xFA, 0xD8, 0x1A, 0x3E, 0x7E, 0x1E, 0x70, 0x76, 0x98, 0xB6, 0x42, 0x93, 0x0A, 0xAC, 0x6D, 0x6F,
    0xDA, 0x50, 0x17, 0x88, 0x79, 0x03, 0xE6, 0x99, 0xFA, 0xCE, 0x16, 0x73, 0x27, 0x3F, 0x19, 0x79,
    0xAF, 0x91, 0xF7, 0xBC, 0xCF, 0x4F, 0x90, 0x91, 0x27, 0x5F, 0x73, 0xFF, 0x5B, 0x08, 0x54, 0x0E,
    0x29, 0x2F, 0xFA, 0x3C, 0xC5, 0x51, 0x3E, 0x5A, 0x04, 0x2D, 0x5B, 0x2C, 0xCA, 0x34, 0x0D, 0x7F,
    0x7E, 0x6F, 0x56, 0x15, 0x1A, 0x74, 0x57, 0x0C, 0xF1, 0x47, 0x0F, 0x4F, 0x23, 0x6F, 0x55, 0x60,
    0x18, 0x99, 0x62, 0x8B, 0xDE, 0xE9, 0x75, 0xAB, 0x4E, 0xBD, 0x6D, 0xB3, 0xF1, 0x0A, 0x35, 0x98,
    0x4C, 0x97, 0x47, 0x75, 0xFA, 0x73, 0xE2, 0xCF, 0x76, 0xE2, 0xF6, 0x53, 0x58, 0xFE, 0xDF, 0x4A,
    0x74, 0xFE, 0x04, 0x6F, 0x57, 0x22, 0x4C, 0xB1, 0x9D, 0x88, 0x45, 0xEC, 0x42, 0x57, 0x39, 0x64,
    0x12, 0xEF, 0xC4, 0xA7, 0xE5, 0xF6, 0x4E, 0x9C, 0x57, 0xFD, 0x94, 0x4C, 0x69, 0x72, 0xDE, 0x6B,
    0x5F, 0x2C, 0xB1, 0x2B, 0x3B, 0x2C, 0xD0, 0xC4, 0xAF, 0xEB, 0x0E, 0x5D, 0x3C, 0xEB, 0x54, 0xA2,
    0xAC, 0x62, 0x3E, 0x1D, 0x56, 0x30, 0xCA, 0x97, 0x74, 0xFB, 0xE2, 0x77, 0xB1, 0x39, 0xDE, 0xBD,
    0xE4, 0x6E, 0xF5, 0xE8, 0x6F, 0x85, 0xE6, 0x2E, 0x13, 0xCB, 0xB6, 0x3D, 0xBC, 0x06, 0xC3, 0xD6,
    0x43, 0xCB, 0x7E, 0xDE, 0xCA, 0xBB, 0xDA, 0xCF, 0x07, 0x94, 0xC6, 0xA7, 0xF8, 0x8C, 0x07, 0x37,
    0xA1, 0xDC, 0x0B, 0xFB, 0xA5, 0x0D, 0xC0, 0xD0, 0x99, 0x0D, 0xE6, 0x4C, 0x91, 0x07, 0x5B, 0x29,
    0xE8, 0x79, 0x9F, 0x2C, 0xBF, 0x09, 0xB5, 0xB6, 0xE8, 0x4D, 0x58, 0xF5, 0x7C, 0xF8, 0x22, 0x9E,
    0x74, 0x31, 0x93, 0xA9, 0x9A, 0xA4, 0xD1, 0xBA, 0xB3, 0xF1, 0x24, 0xAA, 0xDE, 0x68, 0x89, 0x85,
    0xCF, 0xA9, 0xF0, 0x66, 0x49, 0x07, 0xCB, 0x26, 0xD5, 0x50, 0xE1, 0x2D, 0x8E, 0x07, 0x34, 0x3F,
    0x45, 0x6F, 0x06, 0x84, 0xAE, 0xEC, 0x0C, 0x85, 0xDE, 0xB5, 0x30, 0x61, 0x6F, 0x6A, 0x43, 0xD9,
    0xAF, 0x36, 0xE3, 0x6F, 0x9B, 0x6C, 0x6F, 0xC2, 0xDE, 0xD4, 0x7A, 0x5C, 0x80, 0xAC, 0x5C, 0xD3,
    0xB5, 0x76, 0xD0, 0x96, 0xC0, 0xF2, 0x7B, 0x3C, 0x22, 0x70, 0xD6, 0xF2, 0x80, 0x65, 0x87, 0x30,
    0x68, 0xD4, 0x91, 0xC8, 0x7F, 0x47, 0x52, 0x42, 0xC9, 0x9B, 0xF7, 0xF5, 0xBF, 0x2C, 0x9A, 0x01,
    0xA7, 0xF9, 0x74, 0x9A, 0xDB, 0x4A, 0xF5, 0xF1, 0x04, 0xE3, 0xFC, 0xCA, 0x21, 0x05, 0xF7, 0x5A,
    0x7B, 0xEF, 0x6B, 0x29, 0x07, 0x95, 0x80, 0x9A, 0x38, 0x69, 0xCB, 0x25, 0xB7, 0xB1, 0xD1, 0xF9,
    0x10, 0x9F, 0x2E, 0x47, 0xD2, 0x70, 0x84, 0x95, 0x52, 0xA7, 0x51, 0x72, 0xFD, 0x0F, 0x8D, 0xD0,
    0xB1, 0x0D, 0x83, 0x30, 0x10, 0x85, 0xE1, 0x47, 0x28, 0x5C, 0xB8, 0xF0, 0x08, 0x1E, 0x81, 0x11,
    0xC2, 0x08, 0x29, 0x32, 0x4A, 0xEA, 0xC0, 0x62, 0x11, 0x8C, 0x40, 0x93, 0xDE, 0x05, 0x03, 0xB8,
    0x70, 0x41, 0x81, 0x70, 0xEE, 0xCE, 0x10, 0x1C, 0xA1, 0x48, 0x5C, 0xE1, 0xCF, 0x80, 0x25, 0xE0,
    0x07, 0xD0, 0x4D, 0xA0, 0x51, 0x31, 0xD6, 0x44, 0x35, 0x36, 0x03, 0xD1, 0xC0, 0x38, 0x62, 0x86,
    0xF5, 0x40, 0x31, 0xA1, 0xA2, 0xAB, 0x4B, 0x80, 0xED, 0x81, 0x32, 0xF0, 0xF1, 0x2F, 0x3E, 0x27,
    0xD2, 0x0C, 0x28, 0x18, 0xBA, 0xA1, 0x02, 0x14, 0xE3, 0xE5, 0xF1, 0x3F, 0xD4, 0x01, 0xED, 0xA1,
    0xDD, 0x8E, 0xDB, 0x30, 0x2B, 0xC3, 0x2F, 0x2D, 0x6F, 0x0D, 0xBD, 0xD7, 0xF4, 0xF4, 0x17, 0x35,
    0x83, 0x1B, 0x04, 0x1A, 0xD3, 0x26, 0x6A, 0xC1, 0xCA, 0x7A, 0x7D, 0x25, 0xE6, 0x44, 0xFA, 0x76,
    0x9B, 0x0E, 0xD2, 0x74, 0x23, 0xAF, 0x3A, 0x2E, 0x0F, 0x0E, 0xF2, 0x6E, 0xF8, 0x4F, 0x9F, 0x30,
    0x41, 0x82, 0x30, 0x14, 0xC4, 0x06, 0x09, 0xA2, 0x83, 0x94, 0x28, 0x57, 0xBC, 0x94, 0xC8, 0x88,
    0x71, 0x21, 0x8A, 0x04, 0x07, 0x39, 0x99, 0x60, 0x2F, 0x91, 0xE3, 0x78, 0x97, 0x05, 0x39, 0x42,
    0x25, 0xB4, 0x93, 0x20, 0x3A, 0x3A, 0x4E, 0x50, 0xAE, 0x41, 0xEE, 0x87, 0x20, 0x38, 0x19, 0xE4,
    0x03,
};

static const EpdGlyph literata_18_italicGlyphs[] = {
    { 0, 0, 114, 0, 0, 0, 0 }, // U+0020
    { 8, 29, 202, 3, 28, 58, 0 }, // !
    { 11, 9, 242, 3, 30, 25, 58 }, // "
    { 24, 21, 407, 1, 21, 126, 83 }, // #
    { 18, 34, 298, 1, 31, 153, 209 }, // $
    { 29, 24, 496, 1, 23, 174, 362 }, // %
    { 26, 29, 438, 2, 28, 189, 536 }, // &
    { 5, 9, 151, 3, 30, 12, 725 }, // '
    { 10, 39, 197, 3, 31, 98, 737 }, // (
    { 11, 39, 197, 0, 31, 108, 835 }, // )
    { 13, 15, 285, 3, 30, 49, 943 }, // *
    { 17, 18, 349, 3, 21, 77, 992 }, // +
    { 7, 12, 199, 3, 5, 21, 1069 }, // ,
    { 12, 3, 212, 1, 12, 9, 1090 }, // -
    { 7, 7, 192, 3, 6, 13, 1099 }, // .
    { 17, 35, 266, 0, 31, 149, 1112 }, // /
    { 20, 29, 343, 1, 28, 145, 1261 }, // 0
    { 13, 28, 229, 1, 28, 91, 1406 }, // 1
    { 18, 28, 310, 1, 28, 126, 1497 }, // 2
    { 18, 29, 315, 1, 28, 131, 1623 }, // 3
    { 21, 28, 332, 0, 28, 147, 1754 }, // 4
    { 18, 28, 313, 1, 27, 126, 1901 }, // 5
    { 18, 29, 323, 2, 28, 131, 2027 }, // 6
    { 19, 27, 311, 1, 27, 129, 2158 }, // 7
    { 19, 29, 320, 1, 28, 138, 2287 }, // 8
    { 19, 29, 318, 1, 28, 138, 2425 }, // 9
    { 7, 22, 191, 3, 21, 39, 2563 }, // :
    { 7, 28, 201, 3, 21, 49, 2602 }, // ;
    { 17, 20, 349, 2, 21, 85, 2651 }, // <
    { 17, 10, 349, 3, 17, 43, 2736 }, // =
    { 17, 20, 349, 3, 21, 85, 2779 }, // >
    { 16, 29, 307, 2, 28, 116, 2864 }, // ?
    { 29, 30, 517, 2, 22, 218, 2980 }, // @
    { 27, 27, 415, 0, 27, 183, 3198 }, // A
    { 22, 27, 370, 1, 27, 149, 3381 }, // B
    { 21, 29, 371, 2, 28, 153, 3530 }, // C
    { 26, 27, 442, 1, 27, 176, 3683 }, // D
    { 21, 27, 356, 1, 27, 142, 3859 }, // E
    { 20, 27, 337, 1, 27, 135, 4001 }, // F
    { 22, 29, 385, 2, 28, 160, 4136 }, // G
    { 28, 27, 456, 1, 27, 189, 4296 }, // H
    { 12, 27, 215, 1, 27, 81, 4485 }, // I
    { 12, 36, 220, 1, 27, 108, 4566 }, // J
    { 26, 28, 413, 1, 27, 182, 4674 }, // K
    { 20, 27, 350, 1, 27, 135, 4856 }, // L
    { 34, 28, 559, 1, 27, 238, 4991 }, // M
    { 28, 28, 448, 1, 27, 196, 5229 }, // N
    { 24, 29, 429, 2, 28, 174, 5425 }, // O
    { 21, 27, 354, 1, 27, 142, 5599 }, // P
    { 26, 34, 422, 2, 28, 221, 5741 }, // Q
    { 25, 28, 407, 1, 27, 175, 5962 }, // R
    { 18, 29, 298, 1, 28, 131, 6137 }, // S
    { 23, 27, 373, 1, 27, 156, 6268 }, // T
    { 26, 28, 449, 2, 27, 182, 6424 }, // U
    { 28, 28, 414, 0, 27, 196, 6606 }, // V
    { 39, 29, 601, 0, 28, 283, 6802 }, // W
    { 26, 27, 412, 0, 27, 176, 7085 }, // X
    { 27, 27, 402, 0, 27, 183, 7261 }, // Y
    { 21, 27, 368, 2, 27, 142, 7444 }, // Z
    { 9, 40, 191, 3, 32, 90, 7586 }, // [
    { 14, 35, 247, 1, 31, 123, 7676 }, // <backslash>
    { 9, 40, 193, 1, 32, 90, 7799 }, // ]
    { 19, 15, 349, 2, 27, 72, 7889 }, // ^
    { 19, 3, 299, 0, -1, 15, 7961 }, // _
    { 8, 8, 299, 6, 30, 16, 7976 }, // `
    { 21, 21, 343, 1, 20, 111, 7992 }, // a
    { 20, 30, 340, 0, 29, 150, 8103 }, // b
    { 16, 21, 292, 1, 20, 84, 8253 }, // c
    { 21, 30, 344, 1, 29, 158, 8337 }, // d
    { 16, 21, 286, 1, 20, 84, 8495 }, // e
    { 20, 39, 229, -2, 30, 195, 8579 }, // f
    { 18, 29, 331, 1, 20, 131, 8774 }, // g
    { 22, 30, 352, 0, 29, 165, 8905 }, // h
    { 12, 30, 179, 0, 29, 90, 9070 }, // i
    { 11, 38, 178, -2, 29, 105, 9160 }, // j
    { 21, 30, 329, 0, 29, 158, 9265 }, // k
    { 11, 30, 169, 0, 29, 83, 9423 }, // l
    { 33, 21, 526, 0, 20, 174, 9506 }, // m
    { 23, 21, 358, 0, 20, 121, 9680 }, // n
    { 18, 21, 323, 1, 20, 95, 9801 }, // o
    { 21, 29, 346, 0, 20, 153, 9896 }, // p
    { 20, 29, 325, 1, 20, 145, 10049 }, // q
    { 17, 20, 278, 0, 20, 85, 10194 }, // r
    { 15, 21, 265, 1, 20, 79, 10279 }, // s
    { 14, 27, 241, 1, 26, 95, 10358 }, // t
    { 23, 21, 356, 0, 20, 121, 10453 }, // u
    { 21, 21, 362, 0, 20, 111, 10574 }, // v
    { 32, 21, 538, 0, 20, 168, 10685 }, // w
    { 20, 21, 319, 0, 20, 105, 10853 }, // x
    { 19, 29, 323, 0, 20, 138, 10958 }, // y
    { 17, 20, 286, 1, 19, 85, 11096 }, // z
    { 12, 41, 218, 2, 32, 123, 11181 }, // {
    { 4, 35, 245, 6, 31, 35, 11304 }, // |
    { 12, 41, 218, 1, 32, 123, 11339 }, // }
    { 19, 6, 350, 3, 14, 29, 11462 }, // ~
    { 0, 0, 114, 0, 0, 0, 0 }, // U+00A0
    { 7, 28, 202, 3, 20, 49, 0 }, // U+00A1
    { 16, 26, 292, 1, 24, 104, 49 }, // U+00A2
    { 21, 29, 352, 1, 28, 153, 153 }, // U+00A3
    { 17, 18, 320, 2, 21, 77, 306 }, // U+00A4
    { 27, 27, 402, 0, 27, 183, 383 }, // U+00A5
    { 4, 35, 245, 6, 31, 35, 566 }, // U+00A6
    { 17, 35, 370, 4, 28, 149, 601 }, // U+00A7
    { 13, 5, 301, 4, 29, 17, 750 }, // U+00A8
    { 26, 26, 476, 2, 26, 169, 767 }, // U+00A9
    { 15, 15, 266, 2, 29, 57, 936 }, // U+00AA
    { 17, 16, 298, 1, 18, 68, 993 }, // U+00AB
    { 18, 9, 349, 2, 15, 41, 1061 }, // U+00AC
    { 0, 0, 0, 0, 0, 0, 1102 }, // U+00AD
    { 15, 14, 278, 2, 29, 53, 1102 }, // U+00AE
    { 12, 3, 301, 4, 27, 9, 1155 }, // U+00AF
    { 10, 10, 181, 2, 31, 25, 1164 }, // U+00B0
    { 18, 20, 349, 2, 20, 90, 1189 }, // U+00B1
    { 14, 18, 231, 1, 32, 63, 1279 }, // U+00B2
    { 14, 18, 238, 1, 32, 63, 1342 }, // U+00B3
    { 8, 8, 301, 7, 30, 16, 1405 }, // U+00B4
    { 20, 29, 338, 1, 19, 145, 1421 }, // U+00B5
    { 19, 36, 349, 2, 27, 171, 1566 }, // U+00B6
    { 7, 6, 191, 3, 15, 11, 1737 }, // U+00B7
    { 9, 10, 301, 5, 1, 23, 1748 }, // U+00B8
    { 10, 18, 177, 1, 32, 45, 1771 }, // U+00B9
    { 14, 15, 256, 2, 29, 53, 1816 }, // U+00BA
    { 17, 16, 302, 2, 18, 68, 1869 }, // U+00BB
    { 33, 28, 572, 2, 28, 231, 1937 }, // U+00BC
    { 34, 28, 548, 1, 28, 238, 2168 }, // U+00BD
    { 34, 28, 577, 2, 28, 238, 2406 }, // U+00BE
    { 15, 29, 307, 3, 20, 109, 2644 }, // U+00BF
    { 27, 35, 415, 0, 35, 237, 2753 }, // U+00C0
    { 27, 35, 415, 0, 35, 237, 2990 }, // U+00C1
    { 27, 36, 415, 0, 36, 243, 3227 }, // U+00C2
    { 27, 35, 415, 0, 35, 237, 3470 }, // U+00C3
    { 27, 35, 415, 0, 35, 237, 3707 }, // U+00C4
    { 27, 37, 415, 0, 37, 250, 3944 }, // U+00C5
    { 34, 27, 554, 0, 27, 230, 4194 }, // U+00C6
    { 21, 37, 371, 2, 28, 195, 4424 }, // U+00C7
    { 21, 35, 356, 1, 35, 184, 4619 }, // U+00C8
    { 21, 35, 356, 1, 35, 184, 4803 }, // U+00C9
    { 21, 36, 356, 1, 36, 189, 4987 }, // U+00CA
    { 21, 35, 356, 1, 35, 184, 5176 }, // U+00CB
    { 12, 35, 215, 1, 35, 105, 5360 }, // U+00CC
    { 12, 35, 215, 1, 35, 105, 5465 }, // U+00CD
    { 14, 36, 215, 1, 36, 126, 5570 }, // U+00CE
    { 14, 35, 215, 1, 35, 123, 5696 }, // U+00CF
    { 26, 27, 442, 1, 27, 176, 5819 }, // U+00D0
    { 28, 36, 448, 1, 35, 252, 5995 }, // U+00D1
    { 24, 36, 429, 2, 35, 216, 6247 }, // U+00D2
    { 24, 36, 429, 2, 35, 216, 6463 }, // U+00D3
    { 24, 37, 429, 2, 36, 222, 6679 }, // U+00D4
    { 24, 36, 429, 2, 35, 216, 6901 }, // U+00D5
    { 24, 36, 429, 2, 35, 216, 7117 }, // U+00D6
    { 15, 15, 346, 3, 19, 57, 7333 }, // U+00D7
    { 26, 29, 429, 1, 28, 189, 7390 }, // U+00D8
    { 26, 36, 449, 2, 35, 234, 7579 }, // U+00D9
    { 26, 36, 449, 2, 35, 234, 7813 }, // U+00DA
    { 26, 37, 449, 2, 36, 241, 8047 }, // U+00DB
    { 26, 36, 449, 2, 35, 234, 8288 }, // U+00DC
    { 27, 35, 402, 0, 35, 237, 8522 }, // U+00DD
    { 21, 27, 360, 1, 27, 142, 8759 }, // U+00DE
    { 25, 39, 384, -2, 30, 244, 8901 }, // U+00DF
    { 21, 31, 343, 1, 30, 163, 9145 }, // U+00E0
    { 21, 31, 343, 1, 30, 163, 9308 }, // U+00E1
    { 21, 31, 343, 1, 30, 163, 9471 }, // U+00E2
    { 21, 30, 343, 1, 29, 158, 9634 }, // U+00E3
    { 21, 30, 343, 1, 29, 158, 9792 }, // U+00E4
    { 21, 31, 343, 1, 30, 163, 9950 }, // U+00E5
    { 27, 21, 464, 1, 20, 142, 10113 }, // U+00E6
    { 16, 29, 292, 1, 20, 116, 10255 }, // U+00E7
    { 16, 31, 286, 1, 30, 124, 10371 }, // U+00E8
    { 16, 31, 286, 1, 30, 124, 10495 }, // U+00E9
    { 16, 31, 286, 1, 30, 124, 10619 }, // U+00EA
    { 16, 30, 286, 1, 29, 120, 10743 }, // U+00EB
    { 12, 31, 179, 0, 30, 93, 10863 }, // U+00EC
    { 12, 31, 179, 0, 30, 93, 10956 }, // U+00ED
    { 13, 31, 179, -1, 30, 101, 11049 }, // U+00EE
    { 14, 30, 179, -2, 29, 105, 11150 }, // U+00EF
    { 18, 31, 325, 1, 30, 140, 11255 }, // U+00F0
    { 23, 30, 358, 0, 29, 173, 11395 }, // U+00F1
    { 18, 31, 323, 1, 30, 140, 11568 }, // U+00F2
    { 18, 31, 323, 1, 30, 140, 11708 }, // U+00F3
    { 18, 31, 323, 1, 30, 140, 11848 }, // U+00F4
    { 18, 30, 323, 1, 29, 135, 11988 }, // U+00F5
    { 18, 30, 323, 1, 29, 135, 12123 }, // U+00F6
    { 18, 17, 349, 2, 20, 77, 12258 }, // U+00F7
    { 21, 21, 323, 0, 20, 111, 12335 }, // U+00F8
    { 23, 31, 356, 0, 30, 179, 12446 }, // U+00F9
    { 23, 31, 356, 0, 30, 179, 12625 }, // U+00FA
    { 23, 31, 356, 0, 30, 179, 12804 }, // U+00FB
    { 23, 30, 356, 0, 29, 173, 12983 }, // U+00FC
    { 19, 39, 323, 0, 30, 186, 13156 }, // U+00FD
    { 20, 38, 340, 0, 29, 190, 13342 }, // U+00FE
    { 19, 38, 323, 0, 29, 181, 13532 }, // U+00FF
    { 27, 34, 415, 0, 34, 230, 0 }, // U+0100
    { 21, 28, 343, 1, 27, 147, 230 }, // U+0101
    { 27, 36, 415, 0, 36, 243, 377 }, // U+0102
    { 21, 31, 343, 1, 30, 163, 620 }, // U+0103
    { 27, 37, 415, 0, 28, 250, 783 }, // U+0104
    { 21, 29, 343, 1, 20, 153, 1033 }, // U+0105
    { 21, 36, 371, 2, 35, 189, 1186 }, // U+0106
    { 16, 31, 292, 1, 30, 124, 1375 }, // U+0107
    { 21, 37, 371, 2, 36, 195, 1499 }, // U+0108
    { 16, 31, 292, 1, 30, 124, 1694 }, // U+0109
    { 21, 36, 371, 2, 35, 189, 1818 }, // U+010A
    { 16, 30, 292, 1, 29, 120, 2007 }, // U+010B
    { 21, 38, 371, 2, 37, 200, 2127 }, // U+010C
    { 16, 31, 292, 1, 30, 124, 2327 }, // U+010D
    { 26, 37, 442, 1, 37, 241, 2451 }, // U+010E
    { 25, 30, 407, 1, 29, 188, 2692 }, // U+010F
    { 26, 27, 442, 1, 27, 176, 2880 }, // U+0110
    { 21, 30, 344, 1, 29, 158, 3056 }, // U+0111
    { 21, 34, 356, 1, 34, 179, 3214 }, // U+0112
    { 16, 28, 286, 1, 27, 112, 3393 }, // U+0113
    { 21, 36, 356, 1, 36, 189, 3505 }, // U+0114
    { 16, 31, 286, 1, 30, 124, 3694 }, // U+0115
    { 21, 35, 356, 1, 35, 184, 3818 }, // U+0116
    { 16, 30, 286, 1, 29, 120, 4002 }, // U+0117
    { 21, 36, 356, 1, 27, 189, 4122 }, // U+0118
    { 16, 29, 286, 1, 20, 116, 4311 }, // U+0119
    { 21, 37, 356, 1, 37, 195, 4427 }, // U+011A
    { 16, 31, 286, 1, 30, 124, 4622 }, // U+011B
    { 22, 37, 385, 2, 36, 204, 4746 }, // U+011C
    { 18, 39, 331, 1, 30, 176, 4950 }, // U+011D
    { 22, 37, 385, 2, 36, 204, 5126 }, // U+011E
    { 18, 39, 331, 1, 30, 176, 5330 }, // U+011F
    { 22, 36, 385, 2, 35, 198, 5506 }, // U+0120
    { 18, 38, 331, 1, 29, 171, 5704 }, // U+0121
    { 22, 35, 385, 2, 28, 193, 5875 }, // U+0122
    { 18, 40, 331, 1, 31, 180, 6068 }, // U+0123
    { 28, 36, 456, 1, 36, 252, 6248 }, // U+0124
    { 24, 39, 352, -2, 38, 234, 6500 }, // U+0125
    { 28, 27, 456, 1, 27, 189, 6734 }, // U+0126
    { 22, 30, 352, 0, 29, 165, 6923 }, // U+0127
    { 14, 35, 215, 1, 35, 123, 7088 }, // U+0128
    { 14, 30, 179, -2, 29, 105, 7211 }, // U+0129
    { 13, 34, 215, 1, 34, 111, 7316 }, // U+012A
    { 13, 28, 179, -1, 27, 91, 7427 }, // U+012B
    { 14, 36, 215, 1, 36, 126, 7518 }, // U+012C
    { 13, 31, 179, -1, 30, 101, 7644 }, // U+012D
    { 12, 36, 215, 1, 27, 108, 7745 }, // U+012E
    { 12, 38, 179, 0, 29, 114, 7853 }, // U+012F
    { 12, 35, 215, 1, 35, 105, 7967 }, // U+0130
    { 12, 21, 179, 0, 20, 63, 8072 }, // U+0131
    { 26, 36, 436, 1, 27, 234, 8135 }, // U+0132
    { 20, 38, 356, 0, 29, 190, 8369 }, // U+0133
    { 14, 45, 220, 1, 36, 158, 8559 }, // U+0134
    { 13, 39, 178, -2, 30, 127, 8717 }, // U+0135
    { 26, 38, 413, 1, 27, 247, 8844 }, // U+0136
    { 21, 40, 329, 0, 29, 210, 9091 }, // U+0137
    { 21, 21, 333, 0, 20, 111, 9301 }, // U+0138
    { 20, 35, 350, 1, 35, 175, 9412 }, // U+0139
    { 11, 38, 169, 0, 37, 105, 9587 }, // U+013A
    { 20, 38, 350, 1, 27, 190, 9692 }, // U+013B
    { 11, 40, 169, 0, 29, 110, 9882 }, // U+013C
    { 20, 29, 350, 1, 29, 145, 9992 }, // U+013D
    { 15, 30, 232, 0, 29, 113, 10137 }, // U+013E
    { 20, 27, 350, 1, 27, 135, 10250 }, // U+013F
    { 16, 30, 247, 0, 29, 120, 10385 }, // U+0140
    { 20, 27, 350, 1, 27, 135, 10505 }, // U+0141
    { 13, 30, 191, 0, 29, 98, 10640 }, // U+0142
    { 28, 36, 448, 1, 35, 252, 10738 }, // U+0143
    { 23, 31, 358, 0, 30, 179, 10990 }, // U+0144
    { 28, 38, 448, 1, 27, 266, 11169 }, // U+0145
    { 23, 31, 358, 0, 20, 179, 11435 }, // U+0146
    { 28, 38, 448, 1, 37, 266, 11614 }, // U+0147
    { 23, 31, 358, 0, 30, 179, 11880 }, // U+0148
    { 27, 30, 433, 0, 29, 203, 12059 }, // U+0149
    { 28, 36, 448, 1, 27, 252, 12262 }, // U+014A
    { 20, 29, 355, 0, 20, 145, 12514 }, // U+014B
    { 24, 35, 429, 2, 34, 210, 12659 }, // U+014C
    { 18, 28, 323, 1, 27, 126, 12869 }, // U+014D
    { 24, 37, 429, 2, 36, 222, 12995 }, // U+014E
    { 18, 31, 323, 1, 30, 140, 13217 }, // U+014F
    { 24, 37, 429, 2, 36, 222, 13357 }, // U+0150
    { 19, 31, 323, 1, 30, 148, 13579 }, // U+0151
    { 35, 29, 596, 2, 28, 254, 13727 }, // U+0152
    { 29, 21, 492, 1, 20, 153, 13981 }, // U+0153
    { 25, 36, 407, 1, 35, 225, 14134 }, // U+0154
    { 17, 30, 278, 0, 30, 128, 14359 }, // U+0155
    { 25, 38, 407, 1, 27, 238, 14487 }, // U+0156
    { 17, 31, 278, 0, 20, 132, 14725 }, // U+0157
    { 25, 38, 407, 1, 37, 238, 14857 }, // U+0158
    { 17, 30, 278, 0, 30, 128, 15095 }, // U+0159
    { 18, 36, 298, 1, 35, 162, 15223 }, // U+015A
    { 15, 31, 265, 1, 30, 117, 15385 }, // U+015B
    { 18, 37, 298, 1, 36, 167, 15502 }, // U+015C
    { 15, 31, 265, 1, 30, 117, 15669 }, // U+015D
    { 18, 37, 298, 1, 28, 167, 15786 }, // U+015E
    { 15, 29, 265, 1, 20, 109, 15953 }, // U+015F
    { 18, 38, 298, 1, 37, 171, 16062 }, // U+0160
    { 15, 31, 265, 1, 30, 117, 16233 }, // U+0161
    { 23, 36, 373, 1, 27, 207, 16350 }, // U+0162
    { 14, 35, 241, 1, 26, 123, 16557 }, // U+0163
    { 23, 37, 373, 1, 37, 213, 16680 }, // U+0164
    { 15, 31, 259, 1, 30, 117, 16893 }, // U+0165
    { 23, 27, 373, 1, 27, 156, 17010 }, // U+0166
    { 15, 27, 241, 0, 26, 102, 17166 }, // U+0167
    { 26, 36, 449, 2, 35, 234, 17268 }, // U+0168
    { 23, 30, 356, 0, 29, 173, 17502 }, // U+0169
    { 26, 35, 449, 2, 34, 228, 17675 }, // U+016A
    { 23, 28, 356, 0, 27, 161, 17903 }, // U+016B
    { 26, 37, 449, 2, 36, 241, 18064 }, // U+016C
    { 23, 31, 356, 0, 30, 179, 18305 }, // U+016D
    { 26, 38, 449, 2, 37, 247, 18484 }, // U+016E
    { 23, 31, 356, 0, 30, 179, 18731 }, // U+016F
    { 26, 37, 449, 2, 36, 241, 18910 }, // U+0170
    { 23, 31, 356, 0, 30, 179, 19151 }, // U+0171
    { 26, 36, 449, 2, 27, 234, 19330 }, // U+0172
    { 23, 29, 356, 0, 20, 167, 19564 }, // U+0173
    { 39, 37, 601, 0, 36, 361, 19731 }, // U+0174
    { 32, 31, 538, 0, 30, 248, 20092 }, // U+0175
    { 27, 36, 402, 0, 36, 243, 20340 }, // U+0176
    { 19, 39, 323, 0, 30, 186, 20583 }, // U+0177
    { 27, 35, 402, 0, 35, 237, 20769 }, // U+0178
    { 21, 35, 368, 2, 35, 184, 21006 }, // U+0179
    { 17, 31, 286, 1, 30, 132, 21190 }, // U+017A
    { 21, 35, 368, 2, 35, 184, 21322 }, // U+017B
    { 17, 30, 286, 1, 29, 128, 21506 }, // U+017C
    { 21, 37, 368, 2, 37, 195, 21634 }, // U+017D
    { 17, 31, 286, 1, 30, 132, 21829 }, // U+017E
    { 29, 30, 480, 2, 29, 218, 0 }, // U+01A0
    { 22, 27, 350, 1, 26, 149, 218 }, // U+01A1
    { 30, 30, 487, 2, 29, 225, 367 }, // U+01AF
    { 26, 27, 393, 0, 26, 176, 592 }, // U+01B0
    { 48, 37, 788, 1, 37, 444, 768 }, // U+01C4
    { 44, 31, 716, 1, 30, 341, 1212 }, // U+01C5
    { 38, 31, 630, 1, 30, 295, 1553 }, // U+01C6
    { 34, 36, 566, 1, 27, 306, 1848 }, // U+01C7
    { 30, 38, 528, 1, 29, 285, 2154 }, // U+01C8
    { 20, 38, 347, 0, 29, 190, 2439 }, // U+01C9
    { 41, 36, 668, 1, 27, 369, 2629 }, // U+01CA
    { 36, 38, 626, 1, 29, 342, 2998 }, // U+01CB
    { 31, 38, 532, 0, 29, 295, 3340 }, // U+01CC
    { 27, 37, 415, 0, 37, 250, 3635 }, // U+01CD
    { 21, 31, 343, 1, 30, 163, 3885 }, // U+01CE
    { 14, 37, 215, 1, 37, 130, 4048 }, // U+01CF
    { 13, 31, 179, -1, 30, 101, 4178 }, // U+01D0
    { 24, 38, 429, 2, 37, 228, 4279 }, // U+01D1
    { 18, 31, 323, 1, 30, 140, 4507 }, // U+01D2
    { 26, 38, 449, 2, 37, 247, 4647 }, // U+01D3
    { 23, 31, 356, 0, 30, 179, 4894 }, // U+01D4
    { 26, 42, 449, 2, 41, 273, 5073 }, // U+01D5
    { 23, 36, 356, 0, 35, 207, 5346 }, // U+01D6
    { 26, 43, 449, 2, 42, 280, 5553 }, // U+01D7
    { 23, 38, 356, 0, 37, 219, 5833 }, // U+01D8
    { 26, 45, 449, 2, 44, 293, 6052 }, // U+01D9
    { 23, 40, 356, 0, 39, 230, 6345 }, // U+01DA
    { 26, 43, 449, 2, 42, 280, 6575 }, // U+01DB
    { 23, 38, 356, 0, 37, 219, 6855 }, // U+01DC
    { 22, 38, 385, 2, 37, 209, 7074 }, // U+01E6
    { 18, 39, 331, 1, 30, 176, 7283 }, // U+01E7
    { 24, 37, 429, 2, 28, 222, 7459 }, // U+01EA
    { 18, 29, 323, 1, 20, 131, 7681 }, // U+01EB
    { 27, 41, 415, 0, 41, 277, 7812 }, // U+01FA
    { 21, 39, 343, 1, 38, 205, 8089 }, // U+01FB
    { 34, 35, 554, 0, 35, 298, 8294 }, // U+01FC
    { 27, 31, 464, 1, 30, 210, 8592 }, // U+01FD
    { 26, 36, 429, 1, 35, 234, 8802 }, // U+01FE
    { 21, 31, 323, 0, 30, 163, 9036 }, // U+01FF
    { 27, 36, 415, 0, 36, 243, 9199 }, // U+0200
    { 21, 31, 343, 1, 30, 163, 9442 }, // U+0201
    { 27, 35, 415, 0, 35, 237, 9605 }, // U+0202
    { 21, 30, 343, 1, 29, 158, 9842 }, // U+0203
    { 21, 36, 356, 1, 36, 189, 10000 }, // U+0204
    { 16, 31, 286, 1, 30, 124, 10189 }, // U+0205
    { 21, 35, 356, 1, 35, 184, 10313 }, // U+0206
    { 16, 30, 286, 1, 29, 120, 10497 }, // U+0207
    { 15, 36, 215, -2, 36, 135, 10617 }, // U+0208
    { 16, 31, 179, -4, 30, 124, 10752 }, // U+0209
    { 13, 35, 215, 1, 35, 114, 10876 }, // U+020A
    { 13, 30, 179, -1, 29, 98, 10990 }, // U+020B
    { 24, 37, 429, 2, 36, 222, 11088 }, // U+020C
    { 18, 31, 323, 1, 30, 140, 11310 }, // U+020D
    { 24, 36, 429, 2, 35, 216, 11450 }, // U+020E
    { 18, 30, 323, 1, 29, 135, 11666 }, // U+020F
    { 25, 37, 407, 1, 36, 232, 11801 }, // U+0210
    { 17, 30, 278, 0, 30, 128, 12033 }, // U+0211
    { 25, 36, 407, 1, 35, 225, 12161 }, // U+0212
    { 17, 29, 278, 0, 29, 124, 12386 }, // U+0213
    { 26, 37, 449, 2, 36, 241, 12510 }, // U+0214
    { 23, 31, 356, 0, 30, 179, 12751 }, // U+0215
    { 26, 36, 449, 2, 35, 234, 12930 }, // U+0216
    { 23, 30, 356, 0, 29, 173, 13164 }, // U+0217
    { 18, 39, 298, 1, 28, 176, 13337 }, // U+0218
    { 15, 31, 265, 1, 20, 117, 13513 }, // U+0219
    { 23, 38, 373, 1, 27, 219, 13630 }, // U+021A
    { 14, 37, 241, 1, 26, 130, 13849 }, // U+021B
    { 8, 8, 0, -4, 30, 16, 0 }, // U+0300
    { 9, 8, 0, -3, 30, 18, 16 }, // U+0301
    { 13, 8, 0, -6, 30, 26, 34 }, // U+0302
    { 13, 5, 0, -6, 29, 17, 60 }, // U+0303
    { 12, 3, 0, -5, 27, 9, 77 }, // U+0304
    { 12, 7, 0, -5, 30, 21, 86 }, // U+0306
    { 6, 5, 0, -2, 29, 8, 107 }, // U+0307
    { 13, 5, 0, -6, 29, 17, 115 }, // U+0308
    { 10, 11, 0, -4, 32, 28, 132 }, // U+0309
    { 9, 8, 0, -4, 30, 18, 160 }, // U+030A
    { 14, 8, 0, -4, 30, 28, 178 }, // U+030B
    { 13, 8, 0, -6, 30, 26, 206 }, // U+030C
    { 13, 8, 0, -8, 30, 26, 232 }, // U+030F
    { 13, 7, 0, -6, 29, 23, 258 }, // U+0311
    { 6, 9, 0, -3, 31, 14, 281 }, // U+0312
    { 8, 12, 0, -4, 25, 24, 295 }, // U+031B
    { 5, 5, 0, -3, -2, 7, 319 }, // U+0323
    { 13, 5, 0, -7, -2, 17, 326 }, // U+0324
    { 5, 9, 0, -3, -2, 12, 343 }, // U+0326
    { 8, 10, 0, -4, 1, 20, 355 }, // U+0327
    { 8, 9, 0, -4, 0, 18, 375 }, // U+0328
    { 13, 7, 0, -7, -1, 23, 393 }, // U+032E
    { 11, 3, 0, -6, -3, 9, 416 }, // U+0331
    { 27, 34, 415, 0, 27, 230, 0 }, // U+1EA0
    { 21, 27, 343, 1, 20, 142, 230 }, // U+1EA1
    { 27, 38, 415, 0, 38, 257, 372 }, // U+1EA2
    { 21, 33, 343, 1, 32, 174, 629 }, // U+1EA3
    { 27, 43, 415, 0, 43, 291, 803 }, // U+1EA4
    { 21, 38, 343, 1, 37, 200, 1094 }, // U+1EA5
    { 27, 43, 415, 0, 43, 291, 1294 }, // U+1EA6
    { 21, 38, 343, 1, 37, 200, 1585 }, // U+1EA7
    { 27, 43, 415, 0, 43, 291, 1785 }, // U+1EA8
    { 21, 38, 343, 1, 37, 200, 2076 }, // U+1EA9
    { 27, 42, 415, 0, 42, 284, 2276 }, // U+1EAA
    { 21, 37, 343, 1, 36, 195, 2560 }, // U+1EAB
    { 27, 43, 415, 0, 36, 291, 2755 }, // U+1EAC
    { 21, 37, 343, 1, 30, 195, 3046 }, // U+1EAD
    { 27, 42, 415, 0, 42, 284, 3241 }, // U+1EAE
    { 21, 38, 343, 1, 37, 200, 3525 }, // U+1EAF
    { 27, 42, 415, 0, 42, 284, 3725 }, // U+1EB0
    { 21, 38, 343, 1, 37, 200, 4009 }, // U+1EB1
    { 27, 45, 415, 0, 45, 304, 4209 }, // U+1EB2
    { 21, 40, 343, 1, 39, 210, 4513 }, // U+1EB3
    { 27, 42, 415, 0, 42, 284, 4723 }, // U+1EB4
    { 21, 37, 343, 1, 36, 195, 5007 }, // U+1EB5
    { 27, 43, 415, 0, 36, 291, 5202 }, // U+1EB6
    { 21, 37, 343, 1, 30, 195, 5493 }, // U+1EB7
    { 21, 34, 356, 1, 27, 179, 5688 }, // U+1EB8
    { 16, 27, 286, 1, 20, 108, 5867 }, // U+1EB9
    { 21, 38, 356, 1, 38, 200, 5975 }, // U+1EBA
    { 16, 33, 286, 1, 32, 132, 6175 }, // U+1EBB
    { 21, 35, 356, 1, 35, 184, 6307 }, // U+1EBC
    { 16, 30, 286, 1, 29, 120, 6491 }, // U+1EBD
    { 21, 43, 356, 1, 43, 226, 6611 }, // U+1EBE
    { 16, 38, 286, 1, 37, 152, 6837 }, // U+1EBF
    { 21, 43, 356, 1, 43, 226, 6989 }, // U+1EC0
    { 16, 38, 286, 1, 37, 152, 7215 }, // U+1EC1
    { 23, 43, 356, 1, 43, 248, 7367 }, // U+1EC2
    { 20, 38, 286, 1, 37, 190, 7615 }, // U+1EC3
    { 21, 42, 356, 1, 42, 221, 7805 }, // U+1EC4
    { 17, 37, 286, 1, 36, 158, 8026 }, // U+1EC5
    { 21, 43, 356, 1, 36, 226, 8184 }, // U+1EC6
    { 16, 37, 286, 1, 30, 148, 8410 }, // U+1EC7
    { 12, 38, 215, 1, 38, 114, 8558 }, // U+1EC8
    { 12, 33, 179, 0, 32, 99, 8672 }, // U+1EC9
    { 12, 34, 215, 1, 27, 102, 8771 }, // U+1ECA
    { 12, 36, 179, 0, 29, 108, 8873 }, // U+1ECB
    { 24, 35, 429, 2, 28, 210, 8981 }, // U+1ECC
    { 18, 27, 323, 1, 20, 122, 9191 }, // U+1ECD
    { 24, 39, 429, 2, 38, 234, 9313 }, // U+1ECE
    { 18, 33, 323, 1, 32, 149, 9547 }, // U+1ECF
    { 24, 44, 429, 2, 43, 264, 9696 }, // U+1ED0
    { 18, 38, 323, 1, 37, 171, 9960 }, // U+1ED1
    { 24, 44, 429, 2, 43, 264, 10131 }, // U+1ED2
    { 18, 38, 323, 1, 37, 171, 10395 }, // U+1ED3
    { 24, 44, 429, 2, 43, 264, 10566 }, // U+1ED4
    { 20, 38, 323, 1, 37, 190, 10830 }, // U+1ED5
    { 24, 43, 429, 2, 42, 258, 11020 }, // U+1ED6
    { 18, 37, 323, 1, 36, 167, 11278 }, // U+1ED7
    { 24, 43, 429, 2, 36, 258, 11445 }, // U+1ED8
    { 18, 37, 323, 1, 30, 167, 11703 }, // U+1ED9
    { 29, 36, 480, 2, 35, 261, 11870 }, // U+1EDA
    { 22, 31, 350, 1, 30, 171, 12131 }, // U+1EDB
    { 29, 36, 480, 2, 35, 261, 12302 }, // U+1EDC
    { 22, 31, 350, 1, 30, 171, 12563 }, // U+1EDD
    { 29, 39, 480, 2, 38, 283, 12734 }, // U+1EDE
    { 22, 33, 350, 1, 32, 182, 13017 }, // U+1EDF
    { 29, 36, 480, 2, 35, 261, 13199 }, // U+1EE0
    { 22, 30, 350, 1, 29, 165, 13460 }, // U+1EE1
    { 29, 36, 480, 2, 29, 261, 13625 }, // U+1EE2
    { 22, 33, 350, 1, 26, 182, 13886 }, // U+1EE3
    { 26, 34, 449, 2, 27, 221, 14068 }, // U+1EE4
    { 23, 27, 356, 0, 20, 156, 14289 }, // U+1EE5
    { 26, 39, 449, 2, 38, 254, 14445 }, // U+1EE6
    { 23, 33, 356, 0, 32, 190, 14699 }, // U+1EE7
    { 30, 36, 487, 2, 35, 270, 14889 }, // U+1EE8
    { 26, 31, 393, 0, 30, 202, 15159 }, // U+1EE9
    { 30, 36, 487, 2, 35, 270, 15361 }, // U+1EEA
    { 26, 31, 393, 0, 30, 202, 15631 }, // U+1EEB
    { 30, 39, 487, 2, 38, 293, 15833 }, // U+1EEC
    { 26, 33, 393, 0, 32, 215, 16126 }, // U+1EED
    { 30, 36, 487, 2, 35, 270, 16341 }, // U+1EEE
    { 26, 30, 393, 0, 29, 195, 16611 }, // U+1EEF
    { 30, 36, 487, 2, 29, 270, 16806 }, // U+1EF0
    { 26, 33, 393, 0, 26, 215, 17076 }, // U+1EF1
    { 27, 35, 402, 0, 35, 237, 17291 }, // U+1EF2
    { 19, 39, 323, 0, 30, 186, 17528 }, // U+1EF3
    { 27, 34, 402, 0, 27, 230, 17714 }, // U+1EF4
    { 19, 29, 317, 0, 20, 138, 17944 }, // U+1EF5
    { 27, 38, 402, 0, 38, 257, 18082 }, // U+1EF6
    { 19, 41, 323, 0, 32, 195, 18339 }, // U+1EF7
    { 27, 35, 402, 0, 35, 237, 18534 }, // U+1EF8
    { 19, 38, 323, 0, 29, 181, 18771 }, // U+1EF9
    { 0, 0, 349, 0, 0, 0, 0 }, // U+2007
    { 0, 0, 195, 0, 0, 0, 0 }, // U+2008
    { 0, 0, 75, 0, 0, 0, 0 }, // U+2009
    { 0, 0, 36, 0, 0, 0, 0 }, // U+200A
    { 0, 0, 0, 0, 0, 0, 0 }, // U+200B
    { 11, 3, 212, 1, 12, 9, 0 }, // U+2010
    { 19, 3, 301, 0, 12, 15, 9 }, // U+2012
    { 19, 3, 301, 0, 12, 15, 24 }, // U+2013
    { 38, 3, 601, 0, 12, 29, 39 }, // U+2014
    { 38, 3, 601, 0, 12, 29, 68 }, // U+2015
    { 7, 11, 161, 3, 30, 20, 97 }, // U+2018
    { 7, 11, 161, 2, 29, 20, 117 }, // U+2019
    { 7, 11, 169, 2, 5, 20, 137 }, // U+201A
    { 14, 11, 277, 3, 30, 39, 157 }, // U+201C
    { 14, 11, 277, 2, 29, 39, 196 }, // U+201D
    { 14, 11, 285, 2, 5, 39, 235 }, // U+201E
    { 16, 31, 313, 2, 30, 124, 274 }, // U+2020
    { 16, 31, 309, 2, 29, 124, 398 }, // U+2021
    { 10, 8, 223, 2, 16, 20, 522 }, // U+2022
    { 31, 7, 575, 3, 6, 55, 542 }, // U+2026
    { 42, 24, 709, 1, 23, 252, 597 }, // U+2030
    { 6, 9, 130, 1, 31, 14, 849 }, // U+2032
    { 12, 9, 227, 1, 31, 27, 863 }, // U+2033
    { 10, 16, 184, 1, 18, 40, 890 }, // U+2039
    { 10, 16, 187, 2, 18, 40, 930 }, // U+203A
    { 30, 30, 549, 2, 30, 225, 970 }, // U+2042
    { 19, 28, 146, -5, 28, 133, 1195 }, // U+2044
    { 21, 33, 368, 2, 30, 174, 0 }, // U+20A1
    { 20, 27, 337, 1, 27, 135, 174 }, // U+20A3
    { 21, 29, 355, 1, 28, 153, 309 }, // U+20A4
    { 29, 28, 455, 1, 27, 203, 462 }, // U+20A6
    { 52, 28, 860, 1, 27, 364, 665 }, // U+20A7
    { 41, 29, 640, 0, 28, 298, 1029 }, // U+20A9
    { 21, 35, 344, 1, 29, 184, 1327 }, // U+20AB
    { 26, 29, 429, 1, 28, 189, 1511 }, // U+20AC
    { 28, 28, 422, 0, 27, 196, 1700 }, // U+20AD
    { 23, 27, 373, 1, 27, 156, 1896 }, // U+20AE
    { 24, 27, 398, 2, 27, 162, 2052 }, // U+20B1
    { 22, 33, 385, 2, 30, 182, 2214 }, // U+20B2
    { 23, 29, 386, 1, 28, 167, 2396 }, // U+20B4
    { 21, 35, 368, 2, 31, 184, 2563 }, // U+20B5
    { 23, 27, 374, 1, 27, 156, 2747 }, // U+20B8
    { 21, 27, 368, 2, 26, 142, 2903 }, // U+20B9
    { 20, 27, 352, 2, 27, 135, 3045 }, // U+20BA
    { 25, 28, 426, 1, 28, 175, 3180 }, // U+20BC
    { 21, 27, 352, 2, 27, 142, 3355 }, // U+20BD
    { 26, 39, 376, -2, 30, 254, 0 }, // U+FB01
    { 26, 39, 376, -2, 30, 254, 254 }, // U+FB02
};

static const EpdUnicodeInterval literata_18_italicIntervals[] = {
    { 0x20, 0x7E, 0x0 },
    { 0xA0, 0x17E, 0x5F },
    { 0x1A0, 0x1A1, 0x13E },
    { 0x1AF, 0x1B0, 0x140 },
    { 0x1C4, 0x1DC, 0x142 },
    { 0x1E6, 0x1E7, 0x15B },
    { 0x1EA, 0x1EB, 0x15D },
    { 0x1FA, 0x21B, 0x15F },
    { 0x300, 0x304, 0x181 },
    { 0x306, 0x30C, 0x186 },
    { 0x30F, 0x30F, 0x18D },
    { 0x311, 0x312, 0x18E },
    { 0x31B, 0x31B, 0x190 },
    { 0x323, 0x324, 0x191 },
    { 0x326, 0x328, 0x193 },
    { 0x32E, 0x32E, 0x196 },
    { 0x331, 0x331, 0x197 },
    { 0x1EA0, 0x1EF9, 0x198 },
    { 0x2007, 0x200B, 0x1F2 },
    { 0x2010, 0x2010, 0x1F7 },
    { 0x2012, 0x2015, 0x1F8 },
    { 0x2018, 0x201A, 0x1FC },
    { 0x201C, 0x201E, 0x1FF },
    { 0x2020, 0x2022, 0x202 },
    { 0x2026, 0x2026, 0x205 },
    { 0x2030, 0x2030, 0x206 },
    { 0x2032, 0x2033, 0x207 },
    { 0x2039, 0x203A, 0x209 },
    { 0x2042, 0x2042, 0x20B },
    { 0x2044, 0x2044, 0x20C },
    { 0x20A1, 0x20A1, 0x20D },
    { 0x20A3, 0x20A4, 0x20E },
    { 0x20A6, 0x20A7, 0x210 },
    { 0x20A9, 0x20A9, 0x212 },
    { 0x20AB, 0x20AE, 0x213 },
    { 0x20B1, 0x20B2, 0x217 },
    { 0x20B4, 0x20B5, 0x219 },
    { 0x20B8, 0x20BA, 0x21B },
    { 0x20BC, 0x20BD, 0x21E },
    { 0xFB01, 0xFB02, 0x220 },
};

static const EpdFontGroup literata_18_italicGroups[] = {
    { 0, 5433, 12383, 95, 0 },
    { 5433, 4490, 14692, 96, 95 },
    { 9923, 5742, 23554, 127, 191 },
    { 15665, 4371, 14924, 67, 318 },
    { 20036, 347, 498, 23, 385 },
    { 20383, 3017, 20238, 90, 408 },
    { 23400, 717, 1410, 27, 498 },
    { 24117, 1673, 3746, 19, 525 },
    { 25790, 195, 546, 2, 544 },
};

static const EpdKernClassEntry literata_18_italicKernLeftClasses[] = {
    { 0x0022, 1 }, // "
    { 0x0026, 2 }, // &
    { 0x0027, 1 }, // '
    { 0x0028, 3 }, // (
    { 0x002A, 4 }, // *
    { 0x002C, 5 }, // ,
    { 0x002D, 6 }, // -
    { 0x002E, 5 }, // .
    { 0x002F, 7 }, // /
    { 0x0031, 8 }, // 1
    { 0x0032, 9 }, // 2
    { 0x0033, 10 }, // 3
    { 0x0034, 11 }, // 4
    { 0x0035, 12 }, // 5
    { 0x0037, 13 }, // 7
    { 0x0038, 14 }, // 8
    { 0x0039, 15 }, // 9
    { 0x003A, 16 }, // :
    { 0x003B, 16 }, // ;
    { 0x003D, 17 }, // =
    { 0x0040, 18 }, // @
    { 0x0041, 19 }, // A
    { 0x0042, 20 }, // B
    { 0x0043, 21 }, // C
    { 0x0044, 22 }, // D
    { 0x0045, 23 }, // E
    { 0x0046, 24 }, // F
    { 0x0047, 25 }, // G
    { 0x0048, 26 }, // H
    { 0x0049, 26 }, // I
    { 0x004A, 27 }, // J
    { 0x004B, 28 }, // K
    { 0x004C, 29 }, // L
    { 0x004D, 30 }, // M
    { 0x004E, 31 }, // N
    { 0x004F, 32 }, // O
    { 0x0050, 33 }, // P
    { 0x0051, 34 }, // Q
    { 0x0052, 35 }, // R
    { 0x0053, 36 }, // S
    { 0x0054, 37 }, // T
    { 0x0055, 26 }, // U
    { 0x0056, 38 }, // V
    { 0x0057, 39 }, // W
    { 0x0058, 40 }, // X
    { 0x0059, 41 }, // Y
    { 0x005A, 42 }, // Z
    { 0x005B, 43 }, // [
    { 0x005C, 44 }, // <backslash>
    { 0x0061, 45 }, // a
    { 0x0062, 46 }, // b
    { 0x0063, 47 }, // c
    { 0x0064, 48 }, // d
    { 0x0065, 49 }, // e
    { 0x0066, 50 }, // f
    { 0x0067, 51 }, // g
    { 0x0068, 45 }, // h
    { 0x0069, 52 }, // i
    { 0x006A, 53 }, // j
    { 0x006B, 54 }, // k
    { 0x006C, 48 }, // l
    { 0x006D, 45 }, // m
    { 0x006E, 45 }, // n
    { 0x006F, 46 }, // o
    { 0x0070, 46 }, // p
    { 0x0071, 55 }, // q
    { 0x0072, 56 }, // r
    { 0x0073, 57 }, // s
    { 0x0074, 58 }, // t
    { 0x0075, 45 }, // u
    { 0x0076, 59 }, // v
    { 0x0077, 59 }, // w
    { 0x0078, 60 }, // x
    { 0x0079, 61 }, // y
    { 0x007A, 62 }, // z
    { 0x00A1, 63 }, // U+00A1
    { 0x00AB, 64 }, // U+00AB
    { 0x00AD, 6 }, // U+00AD
    { 0x00B7, 65 }, // U+00B7
    { 0x00BB, 66 }, // U+00BB
    { 0x00BF, 67 }, // U+00BF
    { 0x00C0, 19 }, // U+00C0
    { 0x00C1, 19 }, // U+00C1
    { 0x00C2, 19 }, // U+00C2
    { 0x00C3, 19 }, // U+00C3
    { 0x00C4, 19 }, // U+00C4
    { 0x00C5, 19 }, // U+00C5
    { 0x00C6, 68 }, // U+00C6
    { 0x00C7, 21 }, // U+00C7
    { 0x00C8, 23 }, // U+00C8
    { 0x00C9, 23 }, // U+00C9
    { 0x00CA, 23 }, // U+00CA
    { 0x00CB, 23 }, // U+00CB
    { 0x00CC, 26 }, // U+00CC
    { 0x00CD, 26 }, // U+00CD
    { 0x00CE, 26 }, // U+00CE
    { 0x00CF, 26 }, // U+00CF
    { 0x00D0, 69 }, // U+00D0
    { 0x00D1, 31 }, // U+00D1
    { 0x00D2, 70 }, // U+00D2
    { 0x00D3, 70 }, // U+00D3
    { 0x00D4, 70 }, // U+00D4
    { 0x00D5, 70 }, // U+00D5
    { 0x00D6, 70 }, // U+00D6
    { 0x00D7, 71 }, // U+00D7
    { 0x00D8, 70 }, // U+00D8
    { 0x00DD, 41 }, // U+00DD
    { 0x00DE, 72 }, // U+00DE
    { 0x00DF, 73 }, // U+00DF
    { 0x00E0, 74 }, // U+00E0
    { 0x00E1, 75 }, // U+00E1
    { 0x00E2, 75 }, // U+00E2
    { 0x00E3, 75 }, // U+00E3
    { 0x00E4, 75 }, // U+00E4
    { 0x00E5, 75 }, // U+00E5
    { 0x00E6, 76 }, // U+00E6
    { 0x00E7, 47 }, // U+00E7
    { 0x00E8, 77 }, // U+00E8
    { 0x00E9, 77 }, // U+00E9
    { 0x00EA, 77 }, // U+00EA
    { 0x00EB, 77 }, // U+00EB
    { 0x00EC, 52 }, // U+00EC
    { 0x00ED, 52 }, // U+00ED
    { 0x00EE, 52 }, // U+00EE
    { 0x00EF, 52 }, // U+00EF
    { 0x00F1, 45 }, // U+00F1
    { 0x00F2, 46 }, // U+00F2
    { 0x00F3, 46 }, // U+00F3
    { 0x00F4, 46 }, // U+00F4
    { 0x00F5, 46 }, // U+00F5
    { 0x00F6, 46 }, // U+00F6
    { 0x00F8, 46 }, // U+00F8
    { 0x00F9, 45 }, // U+00F9
    { 0x00FA, 45 }, // U+00FA
    { 0x00FB, 45 }, // U+00FB
    { 0x00FC, 45 }, // U+00FC
    { 0x00FD, 61 }, // U+00FD
    { 0x00FE, 46 }, // U+00FE
    { 0x00FF, 61 }, // U+00FF
    { 0x0100, 19 }, // U+0100
    { 0x0101, 75 }, // U+0101
    { 0x0102, 19 }, // U+0102
    { 0x0103, 75 }, // U+0103
    { 0x0104, 19 }, // U+0104
    { 0x0105, 75 }, // U+0105
    { 0x0106, 21 }, // U+0106
    { 0x0107, 47 }, // U+0107
    { 0x0108, 21 }, // U+0108
    { 0x0109, 47 }, // U+0109
    { 0x010A, 21 }, // U+010A
    { 0x010B, 47 }, // U+010B
    { 0x010C, 21 }, // U+010C
    { 0x010D, 47 }, // U+010D
    { 0x010E, 78 }, // U+010E
    { 0x010F, 79 }, // U+010F
    { 0x0110, 78 }, // U+0110
    { 0x0111, 48 }, // U+0111
    { 0x0112, 23 }, // U+0112
    { 0x0113, 77 }, // U+0113
    { 0x0114, 23 }, // U+0114
    { 0x0115, 77 }, // U+0115
    { 0x0116, 23 }, // U+0116
    { 0x0117, 77 }, // U+0117
    { 0x0118, 23 }, // U+0118
    { 0x0119, 77 }, // U+0119
    { 0x011A, 23 }, // U+011A
    { 0x011B, 77 }, // U+011B
    { 0x011C, 25 }, // U+011C
    { 0x011D, 51 }, // U+011D
    { 0x011E, 25 }, // U+011E
    { 0x011F, 51 }, // U+011F
    { 0x0120, 25 }, // U+0120
    { 0x0121, 51 }, // U+0121
    { 0x0122, 25 }, // U+0122
    { 0x0123, 51 }, // U+0123
    { 0x0124, 26 }, // U+0124
    { 0x0125, 45 }, // U+0125
    { 0x0126, 26 }, // U+0126
    { 0x0127, 45 }, // U+0127
    { 0x0128, 26 }, // U+0128
    { 0x0129, 52 }, // U+0129
    { 0x012A, 26 }, // U+012A
    { 0x012B, 52 }, // U+012B
    { 0x012C, 26 }, // U+012C
    { 0x012D, 52 }, // U+012D
    { 0x012E, 26 }, // U+012E
    { 0x012F, 52 }, // U+012F
    { 0x0130, 26 }, // U+0130
    { 0x0131, 52 }, // U+0131
    { 0x0132, 27 }, // U+0132
    { 0x0134, 27 }, // U+0134
    { 0x0135, 53 }, // U+0135
    { 0x0136, 28 }, // U+0136
    { 0x0137, 54 }, // U+0137
    { 0x0138, 54 }, // U+0138
    { 0x0139, 29 }, // U+0139
    { 0x013A, 48 }, // U+013A
    { 0x013B, 29 }, // U+013B
    { 0x013C, 48 }, // U+013C
    { 0x013D, 80 }, // U+013D
    { 0x013E, 81 }, // U+013E
    { 0x013F, 29 }, // U+013F
    { 0x0140, 48 }, // U+0140
    { 0x0141, 29 }, // U+0141
    { 0x0142, 82 }, // U+0142
    { 0x0143, 31 }, // U+0143
    { 0x0144, 45 }, // U+0144
    { 0x0145, 31 }, // U+0145
    { 0x0146, 45 }, // U+0146
    { 0x0147, 31 }, // U+0147
    { 0x0148, 45 }, // U+0148
    { 0x0149, 45 }, // U+0149
    { 0x014A, 27 }, // U+014A
    { 0x014B, 53 }, // U+014B
    { 0x014C, 70 }, // U+014C
    { 0x014D, 46 }, // U+014D
    { 0x014E, 70 }, // U+014E
    { 0x014F, 46 }, // U+014F
    { 0x0150, 70 }, // U+0150
    { 0x0151, 46 }, // U+0151
    { 0x0152, 23 }, // U+0152
    { 0x0153, 76 }, // U+0153
    { 0x0154, 35 }, // U+0154
    { 0x0155, 56 }, // U+0155
    { 0x0156, 35 }, // U+0156
    { 0x0157, 56 }, // U+0157
    { 0x0158, 35 }, // U+0158
    { 0x0159, 56 }, // U+0159
    { 0x015A, 36 }, // U+015A
    { 0x015B, 57 }, // U+015B
    { 0x015C, 36 }, // U+015C
    { 0x015D, 57 }, // U+015D
    { 0x015E, 36 }, // U+015E
    { 0x015F, 57 }, // U+015F
    { 0x0160, 36 }, // U+0160
    { 0x0161, 57 }, // U+0161
    { 0x0162, 37 }, // U+0162
    { 0x0163, 58 }, // U+0163
    { 0x0164, 37 }, // U+0164
    { 0x0165, 83 }, // U+0165
    { 0x0166, 37 }, // U+0166
    { 0x0169, 45 }, // U+0169
    { 0x016B, 45 }, // U+016B
    { 0x016D, 45 }, // U+016D
    { 0x016F, 45 }, // U+016F
    { 0x0171, 45 }, // U+0171
    { 0x0173, 45 }, // U+0173
    { 0x0174, 39 }, // U+0174
    { 0x0175, 59 }, // U+0175
    { 0x0176, 41 }, // U+0176
    { 0x0177, 61 }, // U+0177
    { 0x0178, 41 }, // U+0178
    { 0x0179, 42 }, // U+0179
    { 0x017A, 62 }, // U+017A
    { 0x017B, 42 }, // U+017B
    { 0x017C, 62 }, // U+017C
    { 0x017D, 42 }, // U+017D
    { 0x017E, 62 }, // U+017E
    { 0x01A0, 84 }, // U+01A0
    { 0x01A1, 85 }, // U+01A1
    { 0x01AF, 86 }, // U+01AF
    { 0x01B0, 87 }, // U+01B0
    { 0x01C6, 45 }, // U+01C6
    { 0x01C7, 27 }, // U+01C7
    { 0x01C9, 53 }, // U+01C9
    { 0x01CA, 27 }, // U+01CA
    { 0x01CC, 53 }, // U+01CC
    { 0x01CD, 19 }, // U+01CD
    { 0x01CE, 45 }, // U+01CE
    { 0x01CF, 26 }, // U+01CF
    { 0x01D0, 52 }, // U+01D0
    { 0x01D1, 70 }, // U+01D1
    { 0x01D2, 46 }, // U+01D2
    { 0x01D4, 45 }, // U+01D4
    { 0x01D6, 45 }, // U+01D6
    { 0x01D8, 45 }, // U+01D8
    { 0x01DA, 45 }, // U+01DA
    { 0x01DC, 45 }, // U+01DC
    { 0x01E6, 25 }, // U+01E6
    { 0x01E7, 51 }, // U+01E7
    { 0x01EA, 70 }, // U+01EA
    { 0x01EB, 46 }, // U+01EB
    { 0x01FA, 19 }, // U+01FA
    { 0x01FB, 45 }, // U+01FB
    { 0x01FC, 88 }, // U+01FC
    { 0x01FD, 46 }, // U+01FD
    { 0x01FE, 70 }, // U+01FE
    { 0x01FF, 46 }, // U+01FF
    { 0x0200, 19 }, // U+0200
    { 0x0201, 45 }, // U+0201
    { 0x0202, 19 }, // U+0202
    { 0x0203, 45 }, // U+0203
    { 0x0204, 23 }, // U+0204
    { 0x0205, 46 }, // U+0205
    { 0x0206, 23 }, // U+0206
    { 0x0207, 46 }, // U+0207
    { 0x0208, 26 }, // U+0208
    { 0x0209, 52 }, // U+0209
    { 0x020A, 26 }, // U+020A
    { 0x020B, 52 }, // U+020B
    { 0x020C, 70 }, // U+020C
    { 0x020D, 46 }, // U+020D
    { 0x020E, 70 }, // U+020E
    { 0x020F, 46 }, // U+020F
    { 0x0210, 35 }, // U+0210
    { 0x0211, 56 }, // U+0211
    { 0x0212, 35 }, // U+0212
    { 0x0213, 56 }, // U+0213
    { 0x0215, 45 }, // U+0215
    { 0x0217, 45 }, // U+0217
    { 0x0218, 36 }, // U+0218
    { 0x0219, 57 }, // U+0219
    { 0x021A, 37 }, // U+021A
    { 0x021B, 58 }, // U+021B
    { 0x1EA0, 19 }, // U+1EA0
    { 0x1EA1, 45 }, // U+1EA1
    { 0x1EA2, 19 }, // U+1EA2
    { 0x1EA3, 45 }, // U+1EA3
    { 0x1EA4, 19 }, // U+1EA4
    { 0x1EA5, 45 }, // U+1EA5
    { 0x1EA6, 19 }, // U+1EA6
    { 0x1EA7, 45 }, // U+1EA7
    { 0x1EA8, 19 }, // U+1EA8
    { 0x1EA9, 45 }, // U+1EA9
    { 0x1EAA, 19 }, // U+1EAA
    { 0x1EAB, 45 }, // U+1EAB
    { 0x1EAC, 19 }, // U+1EAC
    { 0x1EAD, 45 }, // U+1EAD
    { 0x1EAE, 19 }, // U+1EAE
    { 0x1EAF, 45 }, // U+1EAF
    { 0x1EB0, 19 }, // U+1EB0
    { 0x1EB1, 45 }, // U+1EB1
    { 0x1EB2, 19 }, // U+1EB2
    { 0x1EB3, 45 }, // U+1EB3
    { 0x1EB4, 19 }, // U+1EB4
    { 0x1EB5, 45 }, // U+1EB5
    { 0x1EB6, 19 }, // U+1EB6
    { 0x1EB7, 45 }, // U+1EB7
    { 0x1EB8, 23 }, // U+1EB8
    { 0x1EB9, 46 }, // U+1EB9
    { 0x1EBA, 23 }, // U+1EBA
    { 0x1EBB, 46 }, // U+1EBB
    { 0x1EBC, 23 }, // U+1EBC
    { 0x1EBD, 46 }, // U+1EBD
    { 0x1EBE, 23 }, // U+1EBE
    { 0x1EBF, 46 }, // U+1EBF
    { 0x1EC0, 23 }, // U+1EC0
    { 0x1EC1, 46 }, // U+1EC1
    { 0x1EC2, 23 }, // U+1EC2
    { 0x1EC3, 46 }, // U+1EC3
    { 0x1EC4, 23 }, // U+1EC4
    { 0x1EC5, 46 }, // U+1EC5
    { 0x1EC6, 23 }, // U+1EC6
    { 0x1EC7, 46 }, // U+1EC7
    { 0x1EC8, 26 }, // U+1EC8
    { 0x1EC9, 52 }, // U+1EC9
    { 0x1ECA, 26 }, // U+1ECA
    { 0x1ECB, 52 }, // U+1ECB
    { 0x1ECC, 70 }, // U+1ECC
    { 0x1ECD, 46 }, // U+1ECD
    { 0x1ECE, 70 }, // U+1ECE
    { 0x1ECF, 46 }, // U+1ECF
    { 0x1ED0, 70 }, // U+1ED0
    { 0x1ED1, 46 }, // U+1ED1
    { 0x1ED2, 70 }, // U+1ED2
    { 0x1ED3, 46 }, // U+1ED3
    { 0x1ED4, 70 }, // U+1ED4
    { 0x1ED5, 46 }, // U+1ED5
    { 0x1ED6, 70 }, // U+1ED6
    { 0x1ED7, 46 }, // U+1ED7
    { 0x1ED8, 70 }, // U+1ED8
    { 0x1ED9, 46 }, // U+1ED9
    { 0x1EDA, 84 }, // U+1EDA
    { 0x1EDB, 46 }, // U+1EDB
    { 0x1EDC, 84 }, // U+1EDC
    { 0x1EDD, 46 }, // U+1EDD
    { 0x1EDE, 84 }, // U+1EDE
    { 0x1EDF, 46 }, // U+1EDF
    { 0x1EE0, 84 }, // U+1EE0
    { 0x1EE1, 46 }, // U+1EE1
    { 0x1EE2, 84 }, // U+1EE2
    { 0x1EE3, 46 }, // U+1EE3
    { 0x1EE5, 45 }, // U+1EE5
    { 0x1EE7, 45 }, // U+1EE7
    { 0x1EE8, 86 }, // U+1EE8
    { 0x1EE9, 87 }, // U+1EE9
    { 0x1EEA, 86 }, // U+1EEA
    { 0x1EEB, 87 }, // U+1EEB
    { 0x1EEC, 86 }, // U+1EEC
    { 0x1EED, 87 }, // U+1EED
    { 0x1EEE, 86 }, // U+1EEE
    { 0x1EEF, 87 }, // U+1EEF
    { 0x1EF0, 86 }, // U+1EF0
    { 0x1EF1, 87 }, // U+1EF1
    { 0x1EF2, 41 }, // U+1EF2
    { 0x1EF3, 61 }, // U+1EF3
    { 0x1EF4, 41 }, // U+1EF4
    { 0x1EF5, 61 }, // U+1EF5
    { 0x1EF6, 41 }, // U+1EF6
    { 0x1EF7, 61 }, // U+1EF7
    { 0x1EF8, 41 }, // U+1EF8
    { 0x1EF9, 61 }, // U+1EF9
    { 0x2010, 6 }, // U+2010
    { 0x2012, 6 }, // U+2012
    { 0x2013, 6 }, // U+2013
    { 0x2014, 6 }, // U+2014
    { 0x2015, 6 }, // U+2015
    { 0x2018, 89 }, // U+2018
    { 0x2019, 90 }, // U+2019
    { 0x201A, 91 }, // U+201A
    { 0x201C, 89 }, // U+201C
    { 0x201D, 90 }, // U+201D
    { 0x201E, 91 }, // U+201E
    { 0x2026, 5 }, // U+2026
    { 0x2039, 64 }, // U+2039
    { 0x203A, 66 }, // U+203A
    { 0xFB01, 52 }, // U+FB01
    { 0xFB02, 48 }, // U+FB02
};

static const EpdKernClassEntry literata_18_italicKernRightClasses[] = {
    { 0x0021, 1 }, // !
    { 0x0022, 2 }, // "
    { 0x0025, 3 }, // %
    { 0x0026, 4 }, // &
    { 0x0027, 2 }, // '
    { 0x0029, 5 }, // )
    { 0x002A, 6 }, // *
    { 0x002B, 7 }, // +
    { 0x002C, 8 }, // ,
    { 0x002D, 9 }, // -
    { 0x002E, 8 }, // .
    { 0x002F, 10 }, // /
    { 0x0032, 11 }, // 2
    { 0x0033, 12 }, // 3
    { 0x0034, 13 }, // 4
    { 0x0035, 14 }, // 5
    { 0x0036, 15 }, // 6
    { 0x0037, 16 }, // 7
    { 0x0038, 17 }, // 8
    { 0x0039, 18 }, // 9
    { 0x003A, 19 }, // :
    { 0x003B, 19 }, // ;
    { 0x003D, 20 }, // =
    { 0x003F, 21 }, // ?
    { 0x0040, 22 }, // @
    { 0x0041, 23 }, // A
    { 0x0043, 24 }, // C
    { 0x0047, 24 }, // G
    { 0x0048, 25 }, // H
    { 0x0049, 25 }, // I
    { 0x004A, 26 }, // J
    { 0x004D, 27 }, // M
    { 0x004E, 28 }, // N
    { 0x004F, 24 }, // O
    { 0x0050, 25 }, // P
    { 0x0051, 24 }, // Q
    { 0x0053, 29 }, // S
    { 0x0054, 30 }, // T
    { 0x0055, 31 }, // U
    { 0x0056, 32 }, // V
    { 0x0057, 33 }, // W
    { 0x0058, 34 }, // X
    { 0x0059, 35 }, // Y
    { 0x005A, 36 }, // Z
    { 0x005C, 37 }, // <backslash>
    { 0x005D, 38 }, // ]
    { 0x0061, 39 }, // a
    { 0x0062, 40 }, // b
    { 0x0063, 41 }, // c
    { 0x0064, 42 }, // d
    { 0x0065, 42 }, // e
    { 0x0066, 43 }, // f
    { 0x0067, 44 }, // g
    { 0x0068, 45 }, // h
    { 0x0069, 46 }, // i
    { 0x006A, 47 }, // j
    { 0x006B, 45 }, // k
    { 0x006C, 45 }, // l
    { 0x006D, 48 }, // m
    { 0x006E, 48 }, // n
    { 0x006F, 49 }, // o
    { 0x0070, 50 }, // p
    { 0x0071, 51 }, // q
    { 0x0072, 52 }, // r
    { 0x0073, 53 }, // s
    { 0x0074, 54 }, // t
    { 0x0075, 55 }, // u
    { 0x0076, 56 }, // v
    { 0x0077, 57 }, // w
    { 0x0078, 58 }, // x
    { 0x0079, 59 }, // y
    { 0x007A, 60 }, // z
    { 0x00AB, 61 }, // U+00AB
    { 0x00AD, 9 }, // U+00AD
    { 0x00B0, 62 }, // U+00B0
    { 0x00B2, 63 }, // U+00B2
    { 0x00B3, 63 }, // U+00B3
    { 0x00B7, 64 }, // U+00B7
    { 0x00B9, 63 }, // U+00B9
    { 0x00BB, 65 }, // U+00BB
    { 0x00BF, 66 }, // U+00BF
    { 0x00C0, 23 }, // U+00C0
    { 0x00C1, 67 }, // U+00C1
    { 0x00C2, 23 }, // U+00C2
    { 0x00C3, 23 }, // U+00C3
    { 0x00C4, 23 }, // U+00C4
    { 0x00C5, 23 }, // U+00C5
    { 0x00C6, 23 }, // U+00C6
    { 0x00C7, 24 }, // U+00C7
    { 0x00CC, 25 }, // U+00CC
    { 0x00CD, 25 }, // U+00CD
    { 0x00CE, 25 }, // U+00CE
    { 0x00CF, 25 }, // U+00CF
    { 0x00D1, 28 }, // U+00D1
    { 0x00D2, 24 }, // U+00D2
    { 0x00D3, 24 }, // U+00D3
    { 0x00D4, 24 }, // U+00D4
    { 0x00D5, 24 }, // U+00D5
    { 0x00D6, 24 }, // U+00D6
    { 0x00D7, 68 }, // U+00D7
    { 0x00D8, 24 }, // U+00D8
    { 0x00D9, 31 }, // U+00D9
    { 0x00DA, 31 }, // U+00DA
    { 0x00DB, 31 }, // U+00DB
    { 0x00DC, 31 }, // U+00DC
    { 0x00DD, 35 }, // U+00DD
    { 0x00DE, 25 }, // U+00DE
    { 0x00DF, 69 }, // U+00DF
    { 0x00E0, 70 }, // U+00E0
    { 0x00E1, 71 }, // U+00E1
    { 0x00E2, 71 }, // U+00E2
    { 0x00E3, 72 }, // U+00E3
    { 0x00E4, 73 }, // U+00E4
    { 0x00E5, 71 }, // U+00E5
    { 0x00E6, 49 }, // U+00E6
    { 0x00E7, 49 }, // U+00E7
    { 0x00E8, 74 }, // U+00E8
    { 0x00E9, 49 }, // U+00E9
    { 0x00EA, 75 }, // U+00EA
    { 0x00EB, 76 }, // U+00EB
    { 0x00EC, 77 }, // U+00EC
    { 0x00ED, 46 }, // U+00ED
    { 0x00EE, 78 }, // U+00EE
    { 0x00EF, 79 }, // U+00EF
    { 0x00F0, 49 }, // U+00F0
    { 0x00F1, 48 }, // U+00F1
    { 0x00F2, 49 }, // U+00F2
    { 0x00F3, 49 }, // U+00F3
    { 0x00F4, 80 }, // U+00F4
    { 0x00F5, 81 }, // U+00F5
    { 0x00F6, 82 }, // U+00F6
    { 0x00F8, 49 }, // U+00F8
    { 0x00F9, 55 }, // U+00F9
    { 0x00FA, 55 }, // U+00FA
    { 0x00FB, 55 }, // U+00FB
    { 0x00FC, 55 }, // U+00FC
    { 0x00FD, 59 }, // U+00FD
    { 0x00FE, 83 }, // U+00FE
    { 0x00FF, 59 }, // U+00FF
    { 0x0100, 23 }, // U+0100
    { 0x0101, 84 }, // U+0101
    { 0x0102, 23 }, // U+0102
    { 0x0103, 85 }, // U+0103
    { 0x0104, 23 }, // U+0104
    { 0x0105, 86 }, // U+0105
    { 0x0106, 24 }, // U+0106
    { 0x0107, 49 }, // U+0107
    { 0x0108, 24 }, // U+0108
    { 0x0109, 49 }, // U+0109
    { 0x010A, 24 }, // U+010A
    { 0x010B, 49 }, // U+010B
    { 0x010C, 24 }, // U+010C
    { 0x010D, 74 }, // U+010D
    { 0x010F, 49 }, // U+010F
    { 0x0111, 49 }, // U+0111
    { 0x0113, 87 }, // U+0113
    { 0x0115, 88 }, // U+0115
    { 0x0117, 49 }, // U+0117
    { 0x0119, 49 }, // U+0119
    { 0x011B, 49 }, // U+011B
    { 0x011C, 24 }, // U+011C
    { 0x011D, 89 }, // U+011D
    { 0x011E, 24 }, // U+011E
    { 0x011F, 89 }, // U+011F
    { 0x0120, 24 }, // U+0120
    { 0x0121, 89 }, // U+0121
    { 0x0122, 24 }, // U+0122
    { 0x0123, 89 }, // U+0123
    { 0x0124, 25 }, // U+0124
    { 0x0125, 45 }, // U+0125
    { 0x0126, 25 }, // U+0126
    { 0x0127, 45 }, // U+0127
    { 0x0128, 25 }, // U+0128
    { 0x0129, 90 }, // U+0129
    { 0x012A, 25 }, // U+012A
    { 0x012B, 91 }, // U+012B
    { 0x012C, 25 }, // U+012C
    { 0x012D, 92 }, // U+012D
    { 0x012E, 25 }, // U+012E
    { 0x012F, 46 }, // U+012F
    { 0x0130, 25 }, // U+0130
    { 0x0131, 48 }, // U+0131
    { 0x0132, 25 }, // U+0132
    { 0x0134, 93 }, // U+0134
    { 0x0135, 94 }, // U+0135
    { 0x0137, 45 }, // U+0137
    { 0x0138, 48 }, // U+0138
    { 0x013A, 45 }, // U+013A
    { 0x013C, 45 }, // U+013C
    { 0x013E, 45 }, // U+013E
    { 0x0140, 45 }, // U+0140
    { 0x0142, 45 }, // U+0142
    { 0x0143, 28 }, // U+0143
    { 0x0144, 48 }, // U+0144
    { 0x0145, 28 }, // U+0145
    { 0x0146, 48 }, // U+0146
    { 0x0147, 28 }, // U+0147
    { 0x0148, 48 }, // U+0148
    { 0x0149, 48 }, // U+0149
    { 0x014A, 28 }, // U+014A
    { 0x014B, 48 }, // U+014B
    { 0x014C, 24 }, // U+014C
    { 0x014D, 95 }, // U+014D
    { 0x014E, 24 }, // U+014E
    { 0x014F, 49 }, // U+014F
    { 0x0150, 24 }, // U+0150
    { 0x0151, 49 }, // U+0151
    { 0x0152, 24 }, // U+0152
    { 0x0153, 49 }, // U+0153
    { 0x0155, 48 }, // U+0155
    { 0x0157, 48 }, // U+0157
    { 0x0159, 48 }, // U+0159
    { 0x015A, 29 }, // U+015A
    { 0x015B, 53 }, // U+015B
    { 0x015C, 29 }, // U+015C
    { 0x015D, 96 }, // U+015D
    { 0x015E, 29 }, // U+015E
    { 0x015F, 53 }, // U+015F
    { 0x0160, 29 }, // U+0160
    { 0x0161, 97 }, // U+0161
    { 0x0162, 98 }, // U+0162
    { 0x0163, 54 }, // U+0163
    { 0x0164, 98 }, // U+0164
    { 0x0165, 54 }, // U+0165
    { 0x0166, 98 }, // U+0166
    { 0x0168, 31 }, // U+0168
    { 0x0169, 55 }, // U+0169
    { 0x016A, 31 }, // U+016A
    { 0x016B, 55 }, // U+016B
    { 0x016C, 31 }, // U+016C
    { 0x016D, 55 }, // U+016D
    { 0x016E, 31 }, // U+016E
    { 0x016F, 55 }, // U+016F
    { 0x0170, 31 }, // U+0170
    { 0x0171, 55 }, // U+0171
    { 0x0172, 31 }, // U+0172
    { 0x0173, 55 }, // U+0173
    { 0x0174, 33 }, // U+0174
    { 0x0175, 56 }, // U+0175
    { 0x0176, 35 }, // U+0176
    { 0x0177, 59 }, // U+0177
    { 0x0178, 35 }, // U+0178
    { 0x0179, 36 }, // U+0179
    { 0x017A, 60 }, // U+017A
    { 0x017B, 36 }, // U+017B
    { 0x017C, 60 }, // U+017C
    { 0x017D, 36 }, // U+017D
    { 0x017E, 99 }, // U+017E
    { 0x01A0, 24 }, // U+01A0
    { 0x01A1, 49 }, // U+01A1
    { 0x01AF, 31 }, // U+01AF
    { 0x01B0, 55 }, // U+01B0
    { 0x01C6, 49 }, // U+01C6
    { 0x01C9, 45 }, // U+01C9
    { 0x01CA, 28 }, // U+01CA
    { 0x01CC, 48 }, // U+01CC
    { 0x01CD, 23 }, // U+01CD
    { 0x01CE, 49 }, // U+01CE
    { 0x01CF, 25 }, // U+01CF
    { 0x01D0, 100 }, // U+01D0
    { 0x01D1, 24 }, // U+01D1
    { 0x01D2, 49 }, // U+01D2
    { 0x01D3, 31 }, // U+01D3
    { 0x01D4, 55 }, // U+01D4
    { 0x01D5, 31 }, // U+01D5
    { 0x01D6, 55 }, // U+01D6
    { 0x01D7, 31 }, // U+01D7
    { 0x01D8, 55 }, // U+01D8
    { 0x01D9, 31 }, // U+01D9
    { 0x01DA, 55 }, // U+01DA
    { 0x01DB, 31 }, // U+01DB
    { 0x01DC, 55 }, // U+01DC
    { 0x01E6, 24 }, // U+01E6
    { 0x01E7, 89 }, // U+01E7
    { 0x01EA, 24 }, // U+01EA
    { 0x01EB, 49 }, // U+01EB
    { 0x01FA, 23 }, // U+01FA
    { 0x01FB, 49 }, // U+01FB
    { 0x01FC, 23 }, // U+01FC
    { 0x01FD, 49 }, // U+01FD
    { 0x01FE, 24 }, // U+01FE
    { 0x01FF, 49 }, // U+01FF
    { 0x0200, 23 }, // U+0200
    { 0x0201, 49 }, // U+0201
    { 0x0202, 23 }, // U+0202
    { 0x0203, 49 }, // U+0203
    { 0x0205, 101 }, // U+0205
    { 0x0207, 49 }, // U+0207
    { 0x0208, 25 }, // U+0208
    { 0x0209, 102 }, // U+0209
    { 0x020A, 25 }, // U+020A
    { 0x020B, 103 }, // U+020B
    { 0x020C, 24 }, // U+020C
    { 0x020D, 104 }, // U+020D
    { 0x020E, 24 }, // U+020E
    { 0x020F, 49 }, // U+020F
    { 0x0211, 105 }, // U+0211
    { 0x0213, 48 }, // U+0213
    { 0x0214, 31 }, // U+0214
    { 0x0215, 55 }, // U+0215
    { 0x0216, 31 }, // U+0216
    { 0x0217, 55 }, // U+0217
    { 0x0218, 29 }, // U+0218
    { 0x0219, 53 }, // U+0219
    { 0x021A, 98 }, // U+021A
    { 0x021B, 54 }, // U+021B
    { 0x1EA0, 23 }, // U+1EA0
    { 0x1EA1, 49 }, // U+1EA1
    { 0x1EA2, 23 }, // U+1EA2
    { 0x1EA3, 49 }, // U+1EA3
    { 0x1EA4, 23 }, // U+1EA4
    { 0x1EA5, 49 }, // U+1EA5
    { 0x1EA6, 23 }, // U+1EA6
    { 0x1EA7, 49 }, // U+1EA7
    { 0x1EA8, 23 }, // U+1EA8
    { 0x1EA9, 49 }, // U+1EA9
    { 0x1EAA, 23 }, // U+1EAA
    { 0x1EAB, 49 }, // U+1EAB
    { 0x1EAC, 23 }, // U+1EAC
    { 0x1EAD, 49 }, // U+1EAD
    { 0x1EAE, 23 }, // U+1EAE
    { 0x1EAF, 49 }, // U+1EAF
    { 0x1EB0, 23 }, // U+1EB0
    { 0x1EB1, 49 }, // U+1EB1
    { 0x1EB2, 23 }, // U+1EB2
    { 0x1EB3, 49 }, // U+1EB3
    { 0x1EB4, 23 }, // U+1EB4
    { 0x1EB5, 49 }, // U+1EB5
    { 0x1EB6, 23 }, // U+1EB6
    { 0x1EB7, 49 }, // U+1EB7
    { 0x1EB9, 49 }, // U+1EB9
    { 0x1EBB, 49 }, // U+1EBB
    { 0x1EBD, 49 }, // U+1EBD
    { 0x1EBF, 49 }, // U+1EBF
    { 0x1EC1, 49 }, // U+1EC1
    { 0x1EC3, 49 }, // U+1EC3
    { 0x1EC5, 49 }, // U+1EC5
    { 0x1EC7, 49 }, // U+1EC7
    { 0x1EC8, 25 }, // U+1EC8
    { 0x1EC9, 106 }, // U+1EC9
    { 0x1ECA, 25 }, // U+1ECA
    { 0x1ECB, 46 }, // U+1ECB
    { 0x1ECC, 24 }, // U+1ECC
    { 0x1ECD, 49 }, // U+1ECD
    { 0x1ECE, 24 }, // U+1ECE
    { 0x1ECF, 49 }, // U+1ECF
    { 0x1ED0, 24 }, // U+1ED0
    { 0x1ED1, 49 }, // U+1ED1
    { 0x1ED2, 24 }, // U+1ED2
    { 0x1ED3, 49 }, // U+1ED3
    { 0x1ED4, 24 }, // U+1ED4
    { 0x1ED5, 49 }, // U+1ED5
    { 0x1ED6, 24 }, // U+1ED6
    { 0x1ED7, 49 }, // U+1ED7
    { 0x1ED8, 24 }, // U+1ED8
    { 0x1ED9, 49 }, // U+1ED9
    { 0x1EDA, 24 }, // U+1EDA
    { 0x1EDB, 49 }, // U+1EDB
    { 0x1EDC, 24 }, // U+1EDC
    { 0x1EDD, 49 }, // U+1EDD
    { 0x1EDE, 24 }, // U+1EDE
    { 0x1EDF, 49 }, // U+1EDF
    { 0x1EE0, 24 }, // U+1EE0
    { 0x1EE1, 49 }, // U+1EE1
    { 0x1EE2, 24 }, // U+1EE2
    { 0x1EE3, 49 }, // U+1EE3
    { 0x1EE4, 31 }, // U+1EE4
    { 0x1EE5, 55 }, // U+1EE5
    { 0x1EE6, 31 }, // U+1EE6
    { 0x1EE7, 55 }, // U+1EE7
    { 0x1EE8, 31 }, // U+1EE8
    { 0x1EE9, 55 }, // U+1EE9
    { 0x1EEA, 31 }, // U+1EEA
    { 0x1EEB, 55 }, // U+1EEB
    { 0x1EEC, 31 }, // U+1EEC
    { 0x1EED, 55 }, // U+1EED
    { 0x1EEE, 31 }, // U+1EEE
    { 0x1EEF, 55 }, // U+1EEF
    { 0x1EF0, 31 }, // U+1EF0
    { 0x1EF1, 55 }, // U+1EF1
    { 0x1EF2, 35 }, // U+1EF2
    { 0x1EF3, 59 }, // U+1EF3
    { 0x1EF4, 35 }, // U+1EF4
    { 0x1EF5, 59 }, // U+1EF5
    { 0x1EF6, 35 }, // U+1EF6
    { 0x1EF7, 59 }, // U+1EF7
    { 0x1EF8, 35 }, // U+1EF8
    { 0x1EF9, 59 }, // U+1EF9
    { 0x2010, 9 }, // U+2010
    { 0x2012, 9 }, // U+2012
    { 0x2013, 9 }, // U+2013
    { 0x2014, 9 }, // U+2014
    { 0x2015, 9 }, // U+2015
    { 0x2018, 107 }, // U+2018
    { 0x2019, 108 }, // U+2019
    { 0x201A, 109 }, // U+201A
    { 0x201C, 107 }, // U+201C
    { 0x201D, 108 }, // U+201D
    { 0x201E, 109 }, // U+201E
    { 0x2022, 7 }, // U+2022
    { 0x2026, 8 }, // U+2026
    { 0x2039, 61 }, // U+2039
    { 0x203A, 65 }, // U+203A
    { 0xFB01, 43 }, // U+FB01
    { 0xFB02, 43 }, // U+FB02
};

static const int8_t literata_18_italicKernMatrix[] = {
       0,    0,    0,    0,    0,    0,    0,  -60,    0,    0,    0,    0,    0,    0,    0,    0,    0,    0,    0,    0,    0,    0,  -54,  -12,    0,    0,  -12,    0,    0,    0,    0,    0,    0,    0,    0,    0,    0,    0,  -18,    0,  -18,  -18,    0,  -24,    0,    0,    0,    0,  -18,    0,  -18,    0,  -36,    0,    0,    0,    0,    0,    0,    0,    0,    0,    0,    0,    0,    0,  -54,    0,    0,  -18,  -18,  -18,  -18,  -18,  -18,  -18,    0,    0,    0,  -18,  -18,  -18,    0,  -18,  -18,  -18,  -18,  -18,  -24,    0,    0,    0,    0,    0,  -18,  -36,  -36,    0,    0,    0,  -18,    0,    0,  -18,    0,    0,    0,    0,    0,
       0,    0,    0,    0,    0,    0,    0,    0,    0,    0,    0,    0,    0,    0,    0,    0,    0,    0,    0,    0,    0,    0,  -36,    0,  -12,   -6,  -12,   -9,    0,  -24,    0,  -39,  -28,  -33,  -46,  -42,    0,    0,    0,    0,    0,    0,    0,    0,    0,    0,    0,    0,    0,    0,    0,    0,    0,    0,    0,    0,    0,    0,    0,    0,    0,    0,    0,    0,    0,    0,  -36,    0,    0,    0,    0,    0,    0,    0,    0,    0,    0,    0,    0,    0,    0,    0,    0,    0,    0,    0,    0,    0,    0,    0,    0,    0,   -6,    0,    0,    0,    0,  -24,    0,    0,    0,    0,    0,    0,    0,    0,    0,    0,    0,
       0,    0,    0,    0,    0,    0,    0,    0,    0,    0,    0,    0,    0,    0,    0,    0,    0,    0,    0,    0,    0,    0,    0,    0,    0,    0,    0,    0,    0,    0,    0,    0,    0,    0,    0,    0,    0,    0,    0,    0,    0,    0,   15,    0,    0,    0,   18,    0,    0,    0,    0,    0,    0,    0,    0,    0,    0,    0,    0,    0,    0,    0,    0,    0,    0,    0,    0,    0,    0,    0,    0,    0,    0,    0,    0,    0,    0,    0,    0,    0,    0,    0,    0,    0,    0,    0,    0,    0,    0,    0,    0,    0,    0,   18,    0,    0,    0,    0,    0,    0,    0,    0,    0,    0,    0,    0,    0,    0,    0,
       0,    0,    0,    0,    0,    0,    0,    0,    0,    0,    0,    0,  -36,    0,    0,    0,    0,    0,    0,    0,    0,    0,  -60,    0,    0,  -60,    0,    0,    0,    0,    0,    0,    0,    0,    0,    0,    0,    0,  -24,    0,  -24,  -24,    0,  -36,    0,    0,    0,    0,  -24,    0,  -24,    0,  -12,    0,    0,    0,    0,    0,    0,    0,    0,    0,    0,    0,    0,    0,  -60,    0,    0,  -24,  -24,  -24,  -24,  -24,  -24,  -24,    0,    0,    0,  -24,  -24,  -24,    0,  -24,  -24,  -24,  -24,  -24,  -36,    0,    0,    0,  -60,    0,  -24,  -12,  -12,    0,    0,    0,  -24,    0,    0,  -24,    0,    0,    0,    0,    0,
       0,  -60,    0,    0,    0,    0,    0,    0,    0,    0,    0,    0,  -12,    0,    0,  -36,    0,    0,    0,    0,  -44,    0,    0,  -18,    0,    0,    0,    0,    0,  -60,  -18,  -78,  -48,    0,  -72,    0,    0,    0,   -6,    0,   -6,   -6,    0,    0,    0,    0,    0,    0,   -6,    0,   -6,    0,    0,  -24,  -24,  -54,  -54,    0,  -18,    0,    0,    0,  -60,    0,    0,    0,    0,    0,    0,   -6,   -6,   -6,   -6,   -6,   -6,   -6,    0,    0,    0,   -6,   -6,   -6,    0,   -6,   -6,   -6,   -6,   -6,    0,    0,    0,    0,    0,    0,   -6,    0,    0,  -60,    0,    0,   -6,    0,    0,   -6,    0,    0,  -60,  -60,    0,
       0,    0,    0,    0,    0,    0,    0,    0,    0,    0,  -12,  -12,    0,    0,    0,  -60,    0,    0,    0,    0,    0,    0,  -18,    0,    0,    0,    0,    0,  -18,  -54,    0,  -30,  -24,  -30,  -48,  -24,    0,    0,    0,    0,    0,    0,    0,    0,    0,    0,    0,    0,    0,    0,    0,    0,    0,    0,    0,  -12,  -12,    0,    0,    0,    0,    0,    0,    0,    0,    0,  -18,    0,    0,    0,    0,    0,    0,    0,    0,    0,    0,    0,    0,    0,    0,    0,    0,    0,    0,    0,    0,    0,    0,    0,    0,    0,    0,    0,    0,    0,    0,  -54,    0,    0,    0,    0,    0,    0,    0,    0,    0,    0,    0,
       0,    0,    0,    0,    0,    0,    0,  -84,    0, -120,    0,  -12,  -48,  -21,    0,    0,    0,  -21,    0,    0,    0,  -54,  -60,  -24,    0,  -36,    0,    0,  -19,    0,    0,    0,    0,    0,    0,    0,    0,    0,  -48,    0,  -48,  -48,    0,    0,    0,   -6,    0,    0,  -48,    0,  -48,    0,  -42,  -18,  -12,    0,    0,  -12,    0,  -18,    0,    0,    0,    0,    0,    0,  -60,    0,    0,  -48,  -48,  -48,  -48,  -48,  -48,  -48,   -6,   -6,   -6,  -48,  -48,  -48,    0,  -48,  -48,  -48,  -48,  -48,    0,   -6,   -6,   -6,  -36,    0,  -48,  -42,  -42,    0,  -18,   -6,  -48,   -6,   -6,  -48,    0,   -6,    0,    0,  -72,
       0,    0,  -27,    0,    0,  -24,    0,    0,    0,    0,    0,    0,  -12,    0,    0,  -27,    0,    0,    0,    0,    0,    0,    0,    0,    0,    0,    0,    0,    0,    0,    0,    0,    0,    0,    0,    0,  -24,    0,    0,    0,    0,    0,    0,    0,    0,    0,    0,    0,    0,    0,    0,    0,    0,    0,    0,    0,    0,    0,    0,    0,    0,  -12,    0,    0,    0,    0,    0,    0,    0,    0,    0,    0,    0,    0,    0,    0,    0,    0,    0,    0,    0,    0,    0,    0,    0,    0,    0,    0,    0,    0,    0,    0,    0,    0,    0,    0,    0,    0,    0,    0,    0,    0,    0,    0,    0,    0,    0,    0,    0,
       0,    0,    0,    0,    0,    0,    0,    0,    0,    0,    0,    0,    0,    0,    0,  -24,    0,    0,    0,    0,    0,    0,    0,    0,    0,    0,    0,    0,    0,    0,    0,    0,    0,    0,    0,    0,  -12,    0,    0,    0,    0,    0,    0,    0,    0,    0,    0,    0,    0,    0,    0,    0,    0,    0,    0,    0,    0,    0,    0,    0,    0,    0,    0,    0,    0,    0,    0,    0,    0,    0,    0,    0,    0,    0,    0,    0,    0,    0,    0,    0,    0,    0,    0,    0,    0,    0,    0,    0,    0,    0,    0,    0,    0,    0,    0,    0,    0,    0,    0,    0,    0,    0,    0,    0,    0,    0,    0,    0,    0,
       0,    0,    0,    0,    0,    0,    0,    0,    0,    0,    0,    0,    0,    0,    0,  -21,    0,   -6,    0,    0,    0,    0,    0,    0,    0,    0,    0,    0,    0,    0,    0,    0,    0,    0,    0,    0,  -12,    0,    0,    0,    0,    0,    0,    0,    0,    0,    0,    0,    0,    0,    0,    0,    0,    0,    0,    0,    0,    0,    0,    0,    0,    0,    0,    0,    0,    0,    0,    0,    0,    0,    0,    0,    0,    0,    0,    0,    0,    0,    0,    0,    0,    0,    0,    0,    0,    0,    0,    0,    0,    0,    0,    0,    0,    0,    0,    0,    0,    0,    0,    0,    0,    0,    0,    0,    0,    0,    0,    0,    0,
       0,    0,  -18,    0,    0,  -24,    0,    0,    0,    0,    0,    0,    0,    0,    0,  -36,    0,    0,    0,    0,    0,    0,    0,    0,    0,    0,    0,    0,    0,    0,    0,    0,    0,    0,    0,    0,  -24,    0,    0,    0,    0,    0,    0,    0,    0,    0,    0,    0,    0,    0,    0,    0,    0,    0,    0,    0,    0,    0,    0,    0,    0,  -21,    0,    0,    0,    0,    0,    0,    0,    0,    0,    0,    0,    0,    0,    0,    0,    0,    0,    0,    0,    0,    0,    0,    0,    0,    0,    0,    0,    0,    0,    0,    0,    0,    0,    0,    0,    0,    0,    0,    0,    0,    0,    0,    0,    0,    0,    0,    0,
       0,    0,    0,    0,    0,    0,    0,    0,    0,    0,   -6,    0,    0,    0,    0,  -21,    0,    0,    0,    0,    0,    0,    0,    0,    0,    0,    0,    0,    0,    0,    0,    0,    0,    0,    0,    0,    0,    0,    0,    0,    0,    0,    0,    0,    0,    0,    0,    0,    0,    0,    0,    0,    0,    0,    0,    0,    0,    0,    0,    0,    0,    0,    0,    0,    0,    0,    0,    0,    0,    0,    0,    0,    0,    0,    0,    0,    0,    0,    0,    0,    0,    0,    0,    0,    0,    0,    0,    0,    0,    0,    0,    0,    0,    0,    0,    0,    0,    0,    0,    0,    0,    0,    0,    0,    0,    0,    0,    0,    0,
       0,    0,  -12,    0,    0,    0,    0,  -60,  -24,  -60,    0,    0,  -36,   -9,  -21,    0,   -9,    0,  -24,  -30,    0,    0,    0,    0,    0,    0,    0,    0,    0,    0,    0,    0,    0,    0,    0,    0,    0,    0,    0,    0,    0,    0,    0,    0,    0,    0,    0,    0,    0,    0,    0,    0,    0,    0,    0,    0,    0,    0,    0,    0,    0,    0,    0,  -30,    0,    0,    0,  -30,    0,    0,    0,    0,    0,    0,    0,    0,    0,    0,    0,    0,    0,    0,    0,    0,    0,    0,    0,    0,    0,    0,    0,    0,    0,    0,    0,    0,    0,    0,    0,    0,    0,    0,    0,    0,    0,    0,    0,    0,    0,
       0,    0,    0,    0,    0,    0,    0,    0,    0,    0,    0,    0,    0,    0,    0,  -12,    0,    0,    0,    0,    0,    0,    0,    0,    0,    0,    0,    0,    0,    0,    0,    0,    0,    0,    0,    0,    0,    0,    0,    0,    0,    0,    0,    0,    0,    0,    0,    0,    0,    0,    0,    0,    0,    0,    0,    0,    0,    0,    0,    0,    0,    0,    0,    0,    0,    0,    0,    0,    0,    0,    0,    0,    0,    0,    0,    0,    0,    0,    0,    0,    0,    0,    0,    0,    0,    0,    0,    0,    0,    0,    0,    0,    0,    0,    0,    0,    0,    0,    0,    0,    0,    0,    0,    0,    0,    0,    0,    0,    0,
       0,    0,    0,    0,    0,    0,    0,    0,    0,    0,    0,    0,    0,    0,    0,   -6,    0,    0,    0,    0,    0,    0,    0,    0,    0,    0,    0,    0,    0,    0,    0,    0,    0,    0,    0,    0,    0,    0,    0,    0,    0,    0,    0,    0,    0,    0,    0,    0,    0,    0,    0,    0,    0,    0,    0,    0,    0,    0,    0,    0,    0,    0,    0,    0,    0,    0,    0,    0,    0,    0,    0,    0,    0,    0,    0,    0,    0,    0,    0,    0,    0,    0,    0,    0,    0,    0,    0,    0,    0,    0,    0,    0,    0,    0,    0,    0,    0,    0,    0,    0,    0,    0,    0,    0,    0,    0,    0,    0,    0,
       0,    0,    0,    0,    0,    0,    0,    0,    0,    0,    0,    0,   -6,    0,    0,   -9,    0,    0,    0,    0,    0,    0,    0,    0,    0,    0,    0,    0,    0,    0,    0,    0,    0,    0,    0,    0,    0,    0,    0,    0,    0,    0,    0,    0,    0,    0,    0,    0,    0,    0,    0,    0,    0,    0,    0,    0,    0,    0,    0,    0,    0,    0,    0,    0,    0,    0,    0,    0,    0,    0,    0,    0,    0,    0,    0,    0,    0,    0,    0,    0,    0,    0,    0,    0,    0,    0,    0,    0,    0,    0,    0,    0,    0,    0,    0,    0,    0,    0,    0,    0,    0,    0,    0,    0,    0,    0,    0,    0,    0,
       0,    0,    0,    0,    0,    0,    0,    0,    0,    0,    0,    0,    0,  -12,    0,  -54,    0,    0,    0,    0,    0,    0,    0,    0,    0,    0,    0,    0,    0,    0,    0,    0,    0,    0,    0,    0,    0,    0,    0,    0,    0,    0,    0,    0,    0,    0,    0,    0,    0,    0,    0,    0,    0,    0,    0,    0,    0,    0,    0,    0,    0,    0,    0,    0,    0,    0,    0,    0,    0,    0,    0,    0,    0,    0,    0,    0,    0,    0,    0,    0,    0,    0,    0,    0,    0,    0,    0,    0,    0,    0,    0,    0,    0,    0,    0,    0,    0,    0,    0,    0,    0,    0,    0,    0,    0,    0,    0,    0,    0,
       0,    0,    0,    0,    0,    0,    0,    0,    0,  -24,    0,    0,    0,    0,    0,    0,    0,    0,    0,    0,    0,    0,    0,    0,    0,    0,    0,    0,    0,  -30,  -24,  -48,  -30,  -12,  -48,  -18,  -42,    0,    0,   -6,    0,    0,    0,    0,   -6,    0,    0,    0,    0,    0,    0,    0,    0,   -6,    0,   -6,   -6,    0,  -12,  -18,    0,    0,    0,    0,    0,    0,    0,    0,    0,    0,    0,    0,    0,    0,    0,    0,    0,    0,    0,    0,    0,    0,   -6,    0,    0,    0,    0,    0,    0,    0,    0,    0,    0,    0,    0,    0,    0,  -30,  -18,    0,    0,    0,    0,    0,    0,    0,    0,    0,    0,
       0,  -60,    0,    0,    0,  -78,    0,    0,  -19,    0,    0,    0,    0,    0,    0,    0,    0,    0,    0,    0,  -36,    0,    0,  -16,    0,   -8,    0,    0,    0,  -38,  -25,  -52,  -38,    0,  -64,    0,  -60,    0,   -3,  -24,   -3,   -3,    0,    0,  -12,   -3,    0,    0,   -3,   -6,   -3,    0,    0,  -21,  -12,  -12,  -12,    0,  -24,    0,    0,    0,    0,  -24,    0,    0,    0,    0,    0,   -3,   -3,   -3,   -3,   -3,   -3,   -3,   -3,   -3,   -3,   -3,   -3,   -3,  -12,   -3,   -3,   -3,   -3,   -3,    0,   -3,   -3,   -3,   -8,    0,   -3,    0,    0,  -38,    0,   -3,   -3,   -3,   -3,   -3,    0,   -3,  -66,  -60,    0,
       0,    0,    0,    0,    0,    0,    0,    0,    0,    0,    0,    0,    0,    0,    0,    0,    0,    0,    0,    0,    0,    0,    0,    0,    0,   -3,    0,    0,    0,  -12,   -6,  -18,  -12,    0,  -18,   -6,    0,    0,    0,    0,    0,    0,    0,    0,    0,    0,    0,    0,    0,    0,    0,    0,    0,   -6,    0,    0,    0,    0,    0,    0,    0,    0,    0,    0,    0,    0,    0,    0,    0,    0,    0,    0,    0,    0,    0,    0,    0,    0,    0,    0,    0,    0,    0,    0,    0,    0,    0,    0,    0,    0,    0,    0,   -3,    0,    0,    0,    0,  -12,    0,    0,    0,    0,    0,    0,    0,    0,    0,    0,    0,
       0,    0,    0,    0,    0,    0,    0,    0,    0,    0,    0,    0,    0,    0,    0,    0,    0,    0,    0,    0,    0,    0,   -4,   -4,    0,    0,    0,    0,    0,   -5,   -4,   -8,   -5,    0,   -8,   -4,    0,    0,    0,  -12,    0,    0,    0,    0,   -6,    0,    0,    0,    0,    0,    0,    0,    0,   -6,   -9,    0,    0,    0,    0,   -6,    0,    0,    0,    0,    0,    0,   -4,    0,    0,    0,    0,    0,    0,    0,    0,    0,    0,    0,    0,    0,    0,    0,   -6,    0,    0,    0,    0,    0,    0,    0,    0,    0,    0,    0,    0,    0,    0,   -5,   -6,    0,    0,    0,    0,    0,    0,    0,    0,    0,    0,
       0,  -12,    0,    0,    0,    0,    0,  -18,    0,   -6,    0,    0,    0,    0,    0,    0,    0,    0,    0,    0,  -15,    0,  -11,    0,    0,   -6,   -9,   -6,    0,  -12,   -4,  -29,   -8,  -22,  -19,  -38,  -24,    0,    0,    0,    0,    0,    0,    0,    0,    0,    0,    0,    0,    0,    0,    0,    0,    0,    0,    0,    0,    0,    0,  -12,    0,    0,    0,    0,    0,    0,  -41,    0,    0,    0,    0,    0,    0,    0,    0,    0,    0,    0,    0,    0,    0,    0,   12,    0,    0,    0,    0,    0,    0,    0,    0,    0,    0,    0,    0,    0,    0,  -12,  -12,    0,    0,    0,    0,    0,    0,    0,  -18,  -24,    0,
       0,    0,    0,    0,    0,    0,    0,    0,    0,    0,    0,    0,    0,    0,    0,    0,    0,    0,    0,    0,    0,    0,    0,    0,    0,    0,    0,    0,    0,  -11,   -8,   -4,    0,    0,   -5,    0,    0,    0,    0,    0,    0,    0,    0,    0,    0,    0,    0,    0,    0,    0,    0,    0,    0,   -6,   -6,   -3,   -3,    0,    0,    0,    0,    0,    0,    0,    0,    0,    0,    0,    0,    0,    0,    0,    0,    0,    0,    0,    0,    0,    0,    0,    0,    0,    0,    0,    0,    0,    0,    0,    0,    0,    0,    0,    0,    0,    0,    0,    0,  -11,    0,    0,    0,    0,    0,    0,    0,    0,   -6,  -18,    0,
       0,    0,    0,    0,    0,    0,    0,  -42,  -24,  -48,    0,    0,    0,    0,    0,    0,    0,    0,    0,    0,    0,  -31,  -51,    0,    0,    0,    0,    0,   -3,    0,    0,    0,    0,    0,    0,   -6,    0,    0,  -18,    0,  -18,  -18,    0,    0,    0,    0,    0,    0,  -18,    0,  -18,    0,  -24,   -6,    0,    0,    0,    0,    0,   -9,    0,    0,    0,  -18,    0,    0,  -51,    0,    0,  -18,  -18,  -18,  -18,  -18,  -18,  -18,   24,   18,   30,  -18,  -18,  -18,    0,  -18,  -18,  -18,  -18,  -18,    0,   24,   15,   21,    0,   21,  -18,  -24,  -24,    0,   -9,    0,  -18,   36,   24,  -18,    0,   12,    0,    0,    0,
       0,  -12,    0,    0,    0,  -12,    0,    0,    0,    0,    0,    0,    0,    0,    0,    0,    0,    0,    0,    0,    0,    0,    0,    0,    0,    0,    0,    0,    9,    0,    0,   -5,  -10,    0,  -11,   -4,    0,    0,    0,    0,    0,    0,    0,    0,    0,    0,    0,    0,    0,    0,    0,    0,    0,    0,    0,    0,    0,    0,    0,    0,    0,    0,    0,    0,    0,    0,    0,    0,    0,    0,    0,    0,    0,    0,    0,    0,    0,    0,    0,    0,    0,    0,    0,    0,    0,    0,    0,    0,    0,    0,    0,    0,    0,    0,    0,    0,    0,    0,    0,    0,    0,    0,    0,    0,    0,    0,    0,   -6,    0,
       0,    0,    0,    0,    0,    0,    0,    0,    0,    0,    0,    0,    0,    0,    0,    0,    0,    0,    0,    0,    0,    0,    0,    0,    0,    0,    0,    0,    0,    0,    0,    0,    0,    0,    0,    0,    0,    0,   -3,    0,   -3,   -3,    0,    0,    0,    0,    0,    0,   -3,    0,   -3,    0,    0,  -12,  -12,   -6,   -6,    0,   -6,   -6,    0,    0,    0,    0,    0,    0,    0,    0,    0,   -3,   -3,   -3,   -3,   -3,   -3,   -3,    0,   12,   27,   -3,   -3,   -3,    0,   -3,   -3,   -3,   -3,   -3,    0,   15,    0,   12,    0,    0,   -3,    0,    0,    0,   -6,    0,   -3,    0,    0,   -3,    0,    0,    0,    0,    0,
       0,    0,    0,  -12,    0,    0,    0,  -18,    0,  -25,    0,    0,    0,    0,    0,    0,    0,    0,    0,    0,    0,    0,  -28,  -12,    0,    0,   -3,    0,  -11,    0,    0,    0,    0,    0,    0,  -15,    0,    0,  -18,    0,  -18,  -18,  -12,    0,    0,    0,    0,   -6,  -18,   -6,  -18,   -6,  -24,  -21,  -12,  -12,  -12,  -12,  -12,  -21,  -12,    0,    0,    0,    0,    0,  -28,    0,    0,  -18,  -18,  -18,  -18,  -18,  -18,  -18,    0,    0,    0,  -18,  -18,  -18,    0,  -18,  -18,  -18,  -18,  -18,    0,    0,    0,    0,    0,    0,  -18,  -24,  -24,    0,  -21,    0,  -18,    0,    0,  -18,   -6,    0,    0,    0,    0,
       0,    0,    0,   -3,    0,    0,    0,    0,  -30,    0,    0,    0,    0,    0,    0,    0,    0,    0,    0,    0,  -18,    0,    0,  -21,    0,    0,    0,    0,    0,   -4,   -5,    0,    0,    0,    0,    0,    0,    0,  -12,    0,  -12,  -12,    0,    0,    0,    0,    0,  -12,  -12,  -12,  -12,  -12,    0,  -24,  -12,  -12,  -12,    0,  -24,    0,  -12,    0,    0,  -48,    0,    0,    0,    0,    0,  -12,  -12,  -12,  -12,  -12,  -12,  -12,    0,   12,   36,  -12,  -12,  -12,    0,  -12,  -12,  -12,  -12,  -12,    0,    0,   30,    0,    0,    0,  -12,    0,    0,   -4,    0,    0,  -12,   54,    0,  -12,  -12,    0,  -18,  -12,    0,
       0,  -54,    0,    0,    0,  -60,    0,    0,    0,    0,    0,    0,    0,    0,    0,    0,    0,    0,    0,    0,  -30,    0,    0,   -5,    0,   -4,  -12,    0,   -4,  -34,  -19,  -44,  -34,    0,  -55,   -8,  -54,    0,    0,  -30,    0,    0,   -6,    0,  -12,   -6,    0,  -12,    0,  -12,    0,  -12,    0,  -18,  -12,  -12,  -12,    0,  -24,  -12,    0,    0,    0,   -9,    0,    0,    0,    0,    0,    0,    0,    0,    0,    0,    0,    0,   -6,   -6,   -6,    0,    0,    0,  -24,    0,    0,    0,    0,    0,    0,   -6,   -6,   -6,   -4,    0,    0,    0,    0,  -34,  -12,   -6,    0,   -6,   -6,    0,  -12,   -6,  -79,  -65,    0,
       0,  -12,    0,    0,    0,    0,    0,    0,    0,    0,    0,    0,    0,    0,    0,    0,    0,    0,    0,    0,  -18,    0,    0,    0,    0,    0,    0,    0,    0,  -12,  -24,  -36,  -12,    0,  -12,    0,    0,    0,   -6,    0,   -6,   -6,   -6,    0,    0,    0,  -12,    0,   -6,    0,   -6,    0,    0,  -36,  -21,  -12,  -12,    0,  -24,    0,    0,    0,    0,    0,    0,    0,    0,    0,    0,   -6,   -6,   -6,   -6,   -6,   -6,   -6,    0,    0,    0,   -6,   -6,   -6,   -6,   -6,   -6,   -6,   -6,   -6,    0,    0,    0,    0,    0,  -12,   -6,    0,    0,  -12,    0,    0,   -6,    0,    0,   -6,    0,    0,  -36,    0,    0,
       0,    0,    0,   -6,    0,    0,    0,  -12,    0,  -13,    0,    0,    0,    0,    0,    0,    0,    0,    0,    0,    0,  -25,  -13,    0,    0,    0,    0,    0,    0,    0,    0,    0,    0,    0,    0,    0,    0,    0,  -15,    0,  -15,  -15,  -12,    0,    0,    0,    0,    0,  -15,    0,  -15,    0,  -18,  -12,  -12,   -9,   -9,  -15,  -18,  -18,    0,    0,    0,    0,  -12,    0,  -13,    0,    0,  -15,  -15,  -15,  -15,  -15,  -15,  -15,    0,    0,    0,  -15,  -15,  -15,    0,  -15,  -15,  -15,  -15,  -15,    0,    0,    0,    0,    0,    0,  -15,  -18,  -18,    0,  -18,    0,  -15,    0,    0,  -15,    0,    0,    0,    0,    0,
       0,  -12,    0,    0,    0,    0,    0,  -18,    0,   -6,    0,    0,    0,    0,    0,    0,    0,    0,    0,    0,  -15,    0,  -38,    0,    0,   -6,   -9,   -6,    0,  -12,   -4,  -11,   -8,  -22,  -19,  -16,  -24,    0,    0,    0,    0,    0,    0,    0,    0,    0,    0,    0,    0,    0,    0,    0,    0,    0,    0,    0,    0,    0,    0,  -12,    0,    0,    0,    0,    0,    0,  -38,    0,    0,    0,    0,    0,    0,    0,    0,    0,    0,    0,    0,    0,    0,    0,   12,    0,    0,    0,    0,    0,    0,    0,    0,    0,    0,    0,    0,    0,    0,  -12,  -12,    0,    0,    0,    0,    0,    0,    0,  -18,  -24,    0,
       0,    0,    0,    0,    0,    0,    0,  -42,    0,  -19,    0,    0,    0,    0,    0,    0,    0,    0,    0,    0,    0,    0,  -50,    0,    0,    0,    0,    0,    0,    0,    0,    0,    0,   -6,   -4,    0,    0,    0,  -15,    0,   -9,   -9,    0,  -15,    0,    0,    0,    0,   -9,    0,   -9,    0,    0,    0,    0,    6,    6,    0,    6,   -6,    0,    0,    0,    0,    0,    0,  -50,    0,    0,   -9,   -9,   -9,  -15,   -9,   -9,   -9,    0,    0,    0,   -9,   -9,   -9,    0,  -15,  -15,  -15,   -9,   -9,  -15,    0,    0,    0,    0,    0,   -9,    0,    0,    0,   -6,    0,   -9,    0,    0,   -9,    0,    0,    0,    0,    0,
       0,  -12,    0,    0,   36,    0,    0,  -18,    0,   54,    0,    0,    0,    0,    0,    0,    0,    0,    0,    0,  -15,    0,  -11,    0,    0,   -6,   -9,   -6,    0,  -12,   -4,  -11,   -8,  -22,  -19,  -16,  -24,   36,    0,    0,    0,    0,    0,    0,    0,    0,    0,    0,    0,    0,    0,    0,    0,    0,    0,    0,    0,    0,    0,  -12,    0,    0,    0,    0,    0,    0,  -41,    0,    0,    0,    0,    0,    0,    0,    0,    0,    0,    0,    0,    0,    0,    0,   12,    0,    0,    0,    0,    0,    0,    0,    0,    0,    0,    0,    0,    0,    0,  -12,  -12,    0,    0,    0,    0,    0,    0,    0,  -18,  -24,    0,
       0,  -30,    0,    0,    0,  -37,    0,    0,  -30,    0,    0,    0,    0,    0,    0,    0,    0,    0,    0,    0,  -30,    0,    0,  -21,    0,   -8,    0,    0,   -4,  -27,  -23,  -37,  -34,    0,  -43,   -4,  -54,    0,  -15,  -30,  -15,  -15,   -9,   -6,   -6,   -9,  -18,   -6,  -15,   -6,  -15,   -6,   -6,  -24,  -21,  -21,  -21,    0,  -24,   -2,  -12,    0,    0,    0,    0,    0,    0,    0,    0,  -15,  -15,  -15,  -15,  -15,  -15,  -15,   -9,   -9,   -9,  -15,  -15,  -15,   -6,  -15,  -15,  -15,  -15,  -15,   -6,   -9,   -9,   -9,   -8,  -18,  -15,   -6,   -6,  -27,   -2,   -9,  -15,   -9,   -9,  -15,   -6,   -9,  -36,  -36,    0,
       0,    0,    0,    0,    0,    0,    0,    0,    0,    0,    0,    0,    0,    0,    0,    0,    0,    0,    0,    0,    0,    0,   -4,    0,    0,    0,   -8,    0,    0,   -4,    0,   -4,    0,    0,   -5,   -4,    0,    0,    0,    0,    0,    0,    0,    0,    0,    0,    0,    0,    0,    0,    0,    0,    0,   -6,    0,   -3,   -3,    0,   -3,    0,    0,    0,    0,    0,    0,    0,   -4,    0,    0,    0,    0,    0,    0,    0,    0,    0,    0,   18,    0,    0,    0,    0,    0,    0,    0,    0,    0,    0,    0,    0,    0,    0,    0,    0,    0,    0,    0,   -4,    0,    0,    0,    0,    0,    0,    0,    0,    0,    0,    0,
       0,    0,    0,    6,    0,    0,    0,  -60,  -42,  -48,    0,    0,    0,    0,    0,    0,    0,    0,  -12,    0,    0,  -36,  -37,   -4,    0,    0,   -9,    0,    0,    0,    0,    0,    0,    0,    0,   -4,    0,    0,  -42,   -6,  -42,  -42,  -12,  -45,   -6,    0,    0,   -9,  -42,   -9,  -42,   -9,  -30,  -12,   -6,    0,    0,   -6,    0,  -12,  -30,    0,    0,  -24,    0,    0,  -37,    0,    0,  -42,  -42,  -42,  -42,  -42,  -42,  -42,   18,   30,   48,  -42,  -42,  -42,   -6,  -42,  -42,  -42,  -42,  -42,  -45,   36,   30,   30,    0,   30,  -42,  -30,  -30,    0,  -12,   21,  -60,   42,   33,  -75,   -9,   12,    0,    0,    0,
       0,    0,    0,  -18,    0,    0,    0,  -60,  -30,  -54,    0,    0,    0,    0,    0,    0,    0,    0,  -18,    0,    0,  -54,  -67,  -11,    0,    0,  -31,    0,   -8,    0,    0,    0,    0,    0,    0,   -4,    0,    0,  -54,    0,  -54,  -54,  -36,  -60,    0,    0,    0,  -24,  -54,  -24,  -54,  -24,  -51,  -21,  -30,  -18,  -18,  -30,  -18,  -42,  -30,    0,    0,  -24,  -15,    0,  -67,    0,    0,  -54,  -54,  -90,  -84,  -54,  -54,  -84,   24,   24,   54,  -54,  -96,  -90,    0,  -96,  -54,  -54, -102,  -54,  -60,   42,   42,   33,    0,   18,  -54,  -51,  -94,    0,  -42,   27,  -72,   12,   36,  -90,  -33,   15,    0,    0,    0,
       0,    0,    0,  -24,    0,    0,    0,  -48,  -24,  -42,    0,    0,    0,    0,    0,    0,    0,    0,   -6,    0,    0,  -42,  -52,   -8,    0,    0,    0,    0,   -8,    0,    0,    0,    0,    0,    0,    0,    0,    0,  -42,    0,  -42,  -42,  -18,  -48,    0,  -12,    0,  -24,  -42,  -24,  -42,  -24,  -36,  -18,  -18,  -15,  -15,  -18,  -12,  -30,  -24,    0,    0,  -12,  -18,    0,  -52,    0,    0,  -42,  -42,  -42,  -42,  -42,  -42,  -72,   -3,   15,   33,  -42,  -42,  -72,    0,  -42,  -42,  -42,  -42,  -42,  -48,   30,   21,   18,    0,   21,  -42,  -36,  -63,    0,  -30,    9,  -75,   24,   15,  -72,  -27,    3,    0,    0,    0,
       0,    0,    0,   -3,    0,    0,    0,    0,  -30,    0,    0,    0,    0,    0,    0,    0,    0,    0,    0,    0,    0,    0,    0,  -25,    0,    0,    0,    0,    0,    0,  -12,    0,    0,    0,    0,    0,    0,    0,  -12,    0,  -12,  -12,    0,   -3,    0,    0,    0,    0,  -12,    0,  -12,    0,    0,  -18,  -18,  -24,  -24,    0,  -36,    0,  -12,    0,    0,  -24,    0,    0,    0,    0,    0,  -12,  -12,  -12,  -12,  -12,  -12,  -12,    0,    0,    0,  -12,  -12,  -12,    0,  -12,  -12,  -12,  -12,  -12,   -3,    0,    0,    0,    0,    0,  -12,    0,    0,    0,    0,    0,  -12,    0,    0,  -12,    0,    0,    0,    0,    0,
       0,    0,    0,  -30,    0,    0,    0,  -66,  -48,  -60,    0,    0,    0,    0,    0,    0,    0,    0,  -24,    0,    0,  -54,  -58,  -15,    0,    0,  -12,    0,   -8,    0,    0,    0,    0,    0,    0,    0,    0,    0,  -57,    0,  -57,  -57,  -24,  -57,    0,  -12,   -6,  -33,  -57,  -33,  -57,  -33,  -57,  -30,  -42,  -30,  -30,  -39,  -36,  -48,  -30,    0,    0,  -30,  -30,    0,  -58,    0,    0,  -57,  -57,  -91,  -87, -108, -101,  -88,    6,   18,   48, -104,  -96,  -84,    0,  -98,  -57,  -57,  -98,  -98,  -57,   36,   33,   21,    0,   24,  -96,  -93,  -93,    0,  -79,   12,  -90,   12,   24,  -90,  -42,    6,    0,    0,    0,
       0,    0,    0,    0,    0,    0,    0,    0,    0,    0,    0,    0,    0,    0,    0,    0,    0,    0,    0,    0,    0,    0,    0,    0,    0,    0,    0,    0,   -4,   -8,    0,    0,    0,    0,    0,    0,    0,    0,    0,    0,    0,    0,    0,    0,    0,    0,    0,    0,    0,    0,    0,    0,    0,  -12,   -6,  -12,  -12,    0,  -12,    0,    0,    0,    0,    0,    0,    0,    0,    0,    0,    0,    0,    0,    0,    0,    0,    0,    0,    0,    0,    0,    0,    0,    0,    0,    0,    0,    0,    0,    0,    0,    0,    0,    0,    0,    0,    0,    0,   -8,    0,    0,    0,    0,    0,    0,    0,    0,    0,    0,    0,
       0,    0,    0,    0,    0,    0,    0,    0,    0,    0,    0,    0,    0,    0,    0,    0,    0,    0,    0,    0,    0,    0,    0,    0,    0,    0,    0,    0,    0,    0,    0,    0,    0,    0,    0,    0,    0,    0,    0,    0,    0,    0,   30,    0,    0,    0,   24,    0,    0,    0,    0,    0,    0,    0,    0,    0,    0,    0,    0,    0,    0,    0,    0,    0,    0,    0,    0,    0,    0,    0,    0,    0,    0,    0,    0,    0,    0,    0,    0,    0,    0,    0,    0,    0,    0,    0,    0,    0,    0,    0,    0,    0,    0,   24,    0,    0,    0,    0,    0,    0,    0,    0,    0,    0,    0,    0,    0,    0,    0,
       0,    0,    0,    0,    0,    0,    0,    0,    0,    0,    0,    0,    0,    0,    0,  -48,    0,    0,    0,    0,    0,    0,    0,  -18,    0,    0,    0,    0,    0,  -54,  -30,  -54,  -54,    0,  -54,    0, -120,    0,    0,  -12,    0,    0,    0,    0,  -12,    0,    0,    0,    0,    0,    0,    0,    0,    0,  -18,  -24,  -24,    0,    0,    0,    0,    0,    0,    0,    0,    0,    0,    0,    0,    0,    0,    0,    0,    0,    0,    0,    0,    0,    0,    0,    0,    0,  -12,    0,    0,    0,    0,    0,    0,    0,    0,    0,    0,    0,    0,    0,    0,  -54,    0,    0,    0,    0,    0,    0,    0,    0,    0,    0,    0,
       0,  -24,    0,    0,    0,  -42,    0,    0,    0,    0,    0,    0,    0,    0,    0,    0,    0,    0,    0,    0,  -18,    0,    0,    0,    0,    0,    0,    0,    0,  -48,    0,    0,    0,    0,    0,    0,  -48,    0,    0,  -15,    0,    0,   -3,    0,   -6,    0,   -3,    0,    0,   -6,    0,    0,    0,  -15,   -3,   -3,   -3,    0,   -9,   -3,  -15,    0,    0,    0,    0,    0,    0,    0,    0,    0,    0,    0,    0,    0,    0,    0,    0,    0,    0,    0,    0,    0,   -6,    0,    0,    0,    0,    0,    0,    0,    0,    0,    0,   -3,    0,    0,    0,  -48,   -3,    0,    0,    0,    0,    0,    0,    0,  -36,  -24,    0,
       0,  -30,    0,   -6,    0,  -48,    0,   -6,    0,  -12,    0,    0,    0,    0,    0,    0,    0,    0,    0,    0,  -24,    0,    0,    0,    0,    0,    0,    0,    0,  -30,    0,    0,    0,    0,    0,    0,  -37,    0,   -9,  -27,    0,    0,    0,   -6,   -9,    0,    0,    0,    0,   -6,    0,    0,  -12,  -12,   -6,   -3,   -3,   -9,   -6,  -18,    0,    0,    0,    0,    0,    0,    0,    0,  -12,    0,    0,    0,    0,    0,    0,    0,    0,    0,    0,    0,    0,    0,   -9,    0,    0,    0,    0,    0,   -6,    0,    0,    0,    0,    0,    0,  -12,  -12,  -30,  -18,    0,    0,    0,    0,    0,    0,    0,  -51,  -30,    0,
       0,    0,    0,    0,    0,  -24,    0,    0,    0,    0,    0,    0,    0,    0,    0,    0,    0,    0,    0,    0,  -12,  -12,    0,    0,    0,    0,    0,    0,    0,    0,    0,    0,    0,    0,    0,    0,  -48,    0,  -18,  -30,   -9,   -9,    0,   -6,  -18,    0,    0,    0,   -9,    0,   -9,    0,   -9,   -9,    0,    0,    0,    0,    0,   -9,    0,    0,    0,    0,    0,    0,    0,    0,    0,  -18,  -18,  -18,  -18,   -9,   -9,   -9,    0,    0,    0,   -9,   -9,   -9,  -18,  -18,  -18,  -18,   -9,   -9,   -6,    0,    0,    0,    0,    0,   -9,   -9,   -9,    0,   -9,    0,   -9,    0,    0,   -9,    0,    0,  -18,    0,    0,
       0,  -18,    0,    0,    0,    0,  -54,  -54,  -54,    0,    0,    0,    0,    0,    0,    0,    0,    0,  -54,  -54,  -12,    0,    0,    0,    0,    0,    0,    0,    0,    0,    0,    0,    0,    0,    0,    0,    0,    0,   -6,    0,   -6,   -6,    0,    0,    0,    0,    0,    0,   -6,    0,   -6,    0,    0,   -6,   -6,   -6,   -6,    0,   -6,    0,  -12,    0,    0,  -54,    3,    0,    0,    0,    0,   -6,   -6,   -6,   -6,   -6,   -6,   -6,    0,    0,    0,   -6,   -6,   -6,    0,   -6,   -6,   -6,   -6,   -6,    0,    0,    0,    0,    0,    0,   -6,    0,    0,    0,    0,    0,   -6,    0,    0,   -6,    0,    0,  -48,  -40,    0,
       0,  -18,    0,    0,    0,  -24,    0,    0,    0,    0,    0,    0,    0,    0,    0,    0,    0,    0,    0,    0,   -9,   -9,    0,    0,    0,    0,    0,    0,    0,  -42,    0,    0,    0,    0,    0,    0,  -48,    0,  -15,   -9,  -12,  -12,   -3,   -3,   -9,    0,    0,    0,  -12,    0,  -12,    0,   -6,   -6,    0,    0,    0,    0,    0,  -12,    0,    0,    0,    0,    0,    0,    0,    0,    0,  -12,  -12,  -12,  -12,  -12,  -12,  -12,    0,    0,    0,  -12,  -12,  -12,   -9,  -12,  -12,  -12,  -12,  -12,   -3,    0,    0,    0,    0,    0,  -12,   -6,   -6,  -42,  -12,    0,  -12,    0,    0,  -12,    0,    0,  -30,  -12,    0,
      24,   42,    0,   12,   43,   54,    0,  -36,  -12,    0,    0,    0,    0,    0,    0,    0,    0,    0,    0,    0,   36,  -18,    0,    0,    0,    0,    0,    0,    0,    0,    0,    0,    0,    0,    0,    0,   54,   36,  -33,    0,  -15,  -15,    0,  -27,    0,    0,    0,    0,  -15,    0,  -15,    0,  -18,    0,    0,    0,    0,    0,    0,   -9,  -24,    0,    0,    0,    0,    0,    0,    0,    0,  -15,  -27,  -27,  -17,  -15,  -15,  -15,    0,    0,    0,  -15,  -15,  -12,    0,  -27,  -27,  -33,  -15,  -15,  -27,    0,    0,    0,    0,    0,  -15,  -18,  -18,    0,   -9,    0,  -15,    0,    0,  -15,    0,    0,   30,   48,    0,
       0,  -12,    0,    0,    0,  -30,    0,    0,    0,    0,    0,    0,    0,    0,    0,    0,    0,    0,    0,    0,  -15,    0,    0,    0,    0,    0,    0,    0,    0,    0,    0,    0,    0,    0,    0,    0,  -54,    0,  -12,  -27,  -12,  -12,   -3,    0,  -15,    0,    0,    0,  -12,    0,  -12,    0,  -12,  -12,   -6,    0,    0,   -6,    0,  -18,    0,    0,    0,    0,    0,    0,    0,    0,    0,  -12,  -12,  -12,  -12,  -12,  -12,  -12,    0,    0,    0,  -12,  -12,  -12,  -15,  -12,  -12,  -12,  -12,  -12,    0,    0,    0,    0,    0,    0,  -12,  -12,  -12,    0,  -18,    0,  -12,    0,    0,  -12,    0,    0,  -24,  -18,    0,
       0,    0,    0,    0,    0,    0,    0,    0,    0,    0,    0,    0,    0,    0,    0,    0,    0,    0,    0,    0,  -12,    0,    0,   -6,    0,  -12,    0,    0,    0,  -27,  -21,  -21,  -21,    0,  -30,    0,  -24,    0,    0,   -6,    0,    0,    0,    0,   -6,    0,    0,    0,    0,    0,    0,    0,    0,  -12,   -6,   -6,   -6,    0,    0,    0,    0,    0,    0,    0,    0,    0,    0,    0,    0,    0,    0,    0,    0,    0,    0,    0,    0,    0,    0,    0,    0,    0,   -6,    0,    0,    0,    0,    0,    0,    0,    0,    0,  -12,    0,    0,    0,    0,  -27,    0,    0,    0,    0,    0,    0,    0,    0,  -30,   -6,    0,
       0,    0,    0,  -12,    0,  -12,    0,    0,    0,    0,    0,    0,    0,    0,    0,    0,    0,    0,    0,    0,  -15,  -18,    0,    0,    0,    0,    0,    0,    0,    0,    0,    0,    0,    0,    0,    0,    0,    0,   -6,  -27,   -6,   -6,    0,   -6,  -12,   -9,    0,   -3,   -6,   -3,  -15,   -9,  -12,   -6,  -12,   -6,   -6,  -12,    0,  -21,    0,    0,    0,    0,    0,    0,    0,    0,    0,   -6,   -6,   -6,   -6,   -6,   -6,   -6,   -9,   -9,   -9,   -6,   -6,   -6,  -12,   -6,   -6,   -6,   -6,   -6,   -6,   -9,   -9,   -9,    0,    0,   -6,  -12,  -12,    0,  -21,   -9,   -6,   -9,   -9,   -6,   -3,   -9,    0,  -12,    0,
       0,  -18,    0,   -9,    0,  -24,    0,    0,  -27,    0,    0,    0,    0,    0,    0,    0,    0,    0,    0,    0,  -24,    0,    0,    0,    0,    0,    0,    0,    0,    0,    0,    0,    0,    0,    0,    0,  -18,    0,  -15,  -10,  -15,  -15,    0,   -6,   -6,   -9,    0,   -6,  -15,   -6,  -15,   -6,    0,  -15,  -15,  -18,  -18,    0,  -18,    0,  -12,    0,    0,    0,    0,    0,    0,    0,    0,  -15,  -15,  -15,  -15,  -15,  -15,  -15,   -9,   -9,   -9,  -15,  -15,  -15,   -6,  -15,  -15,  -15,  -15,  -15,   -6,   -9,   -9,   -9,    0,    0,  -15,    0,    0,    0,    0,   -9,  -15,   -9,   -9,  -15,   -6,   -9,  -36,  -30,    0,
       0,  -24,    0,    0,    0,  -13,    0,    0,    0,    0,    0,    0,    0,    0,    0,    0,    0,    0,    0,    0,   -7,    0,    0,    0,    0,    0,    0,    0,    0,    0,    0,    0,    0,    0,    0,    0,  -25,    0,   -6,  -18,   -6,   -6,    0,    0,  -13,    0,    0,    0,   -6,    0,   -6,    0,    0,    0,   -6,   -9,   -9,    0,    0,    0,    0,    0,    0,    0,    0,    0,    0,    0,    0,   -6,   -6,   -6,   -6,   -6,   -6,   -6,    0,    0,    0,   -6,   -6,   -6,  -13,   -6,   -6,   -6,   -6,   -6,    0,    0,    0,    0,    0,    0,   -6,    0,    0,    0,    0,    0,   -6,    0,    0,   -6,    0,    0,    0,  -12,    0,
       0,    0,    0,  -24,    0,    0,    0,  -69,   -9,    0,    0,    0,    0,    0,    0,    0,    0,    0,    0,    0,    0,  -36,    0,    0,    0,    0,    0,    0,    0,    0,    0,    0,    0,    0,    0,    0,  -60,  -30,  -58,  -42,  -24,  -54,   -6,  -60,  -24,    0,    0,    0,  -24,    0,  -54,    0,  -27,   -9,    0,    0,    0,    0,    0,  -21,    0,    0,    0,  -18,  -24,    0,    0,    0,  -24,  -56,  -56,  -56,  -56,  -24,  -24,  -24,    0,    0,    0,  -24,  -24,  -24,  -24,  -56,  -56,  -56,  -24,  -24,  -30,    0,    0,    0,    0,    0,  -24,  -27,  -27,    0,  -21,    0,  -24,    0,    0,  -24,    0,    0,    0,   -6,    0,
       0,  -18,    0,   -6,    0,  -12,    0,    0,    0,    0,    0,    0,    0,    0,    0,    0,    0,    0,    0,    0,  -15,   -9,    0,    0,    0,    0,    0,    0,    0,    0,    0,    0,    0,    0,    0,    0,  -54,    0,   -6,  -21,   -6,   -6,   -6,    0,   -9,    0,    0,    0,   -6,    0,   -6,    0,   -6,   -6,    0,    0,    0,   -3,    0,   -8,    0,    0,    0,    0,    0,    0,    0,    0,    0,   -6,   -6,   -6,   -6,   -6,   -6,   -6,    0,    0,    0,   -6,   -6,   -6,   -9,   -6,   -6,   -6,   -6,   -6,    0,    0,    0,    0,    0,    0,   -6,   -6,   -6,    0,   -8,    0,   -6,    0,    0,   -6,    0,    0,  -18,  -12,    0,
       0,    0,    0,    0,    0,    0,    0,    0,    0,    0,    0,    0,    0,    0,    0,    0,    0,    0,    0,    0,  -18,    0,    0,    0,    0,    0,    0,    0,    0,    0,    0,    0,    0,    0,    0,    0,    0,    0,  -16,  -21,  -10,  -10,    0,    0,  -12,    0,    0,    0,  -10,    0,  -10,    0,    0,   -6,   -6,    0,    0,    0,    0,   -6,    0,    0,    0,    0,    0,    0,    0,    0,    0,  -10,  -10,  -10,  -10,  -10,  -10,  -10,    0,    0,    0,  -10,  -10,  -10,  -12,  -10,  -10,  -10,  -10,  -10,    0,    0,    0,    0,    0,    0,  -10,    0,    0,    0,   -6,    0,  -10,    0,    0,  -10,    0,    0,  -18,  -12,    0,
       0,  -12,    0,  -18,    0,  -24,    0,  -54,  -12,  -24,    0,    0,    0,    0,    0,    0,    0,    0,    0,    0,   -9,  -12,    0,    0,    0,    0,    0,    0,    0,    0,    0,    0,    0,    0,    0,    0,  -48,    0,    0,  -21,    0,    0,    0,   -9,  -12,    0,    0,    0,    0,    0,    0,    0,   -9,   -6,    0,    0,    0,    0,    0,  -15,  -12,    0,    0,    0,  -21,    0,    0,    0,    0,    0,    0,    0,    0,    0,    0,    0,    0,    0,    0,    0,    0,    0,  -12,    0,    0,    0,    0,    0,   -9,    0,    0,    0,    0,    0,    0,   -9,   -9,    0,  -15,    0,    0,    0,    0,    0,    0,    0,  -18,    0,    0,
       0,  -12,    0,   -9,    0,   -6,    0,    0,    0,    0,    0,    0,    0,    0,    0,    0,    0,    0,    0,    0,    0,   -6,    0,    0,    0,    0,    0,    0,    0,    0,    0,    0,    0,    0,    0,    0,  -48,    0,  -12,   -6,  -12,  -12,    0,   -3,  -12,    0,    0,    0,  -12,    0,  -12,    0,    0,   -9,   -6,    0,    0,    0,    0,   -6,  -18,    0,    0,    0,    0,    0,    0,    0,    0,  -12,  -12,  -12,  -12,  -12,  -12,  -12,    0,    0,    0,  -12,  -12,  -12,  -12,  -12,  -12,  -12,  -12,  -12,   -3,    0,    0,    0,    0,    0,  -12,    0,    0,    0,   -6,    0,  -12,    0,    0,  -12,    0,    0,  -12,   -9,    0,
       0,    0,    0,  -18,  -12,   -6,    0,  -42,    0,  -24,    0,    0,    0,    0,    0,    0,    0,    0,    0,    0,    0,  -12,    0,    0,    0,    0,    0,    0,    0,    0,    0,    0,    0,    0,    0,    0,  -36,  -12,   -9,  -22,   -9,   -9,    0,  -15,  -12,    0,    0,    0,   -9,    0,  -21,    0,  -15,    0,   -6,    0,    0,    0,    0,  -21,    0,    0,    0,    0,  -18,    0,    0,    0,    0,   -9,   -9,   -9,   -9,   -9,   -9,   -9,    0,    0,    0,   -9,   -9,   -9,  -12,   -9,   -9,   -9,   -9,   -9,  -15,    0,    0,    0,    0,    0,   -9,  -15,  -15,    0,  -21,    0,   -9,    0,    0,   -9,    0,    0,  -12,    0,    0,
       0,    0,    0,    0,    0,    0,    0,    0,    0,    0,    0,    0,    0,    0,    0,    0,    0,    0,    0,    0,    0,    0,    0,    0,    0,    0,    0,    0,    0,    0,    0,    0,    0,    0,    0,    0,  -24,    0,   -3,  -12,   -3,   -3,    0,    0,   -6,    0,    0,    0,   -3,    0,   -3,    0,    0,    0,    0,    0,    0,    0,    0,    0,    0,    0,    0,    0,    0,    0,    0,    0,    0,   -3,   -3,   -3,   -3,   -3,   -3,   -3,    0,    0,    0,   -3,   -3,   -3,   -6,   -3,   -3,   -3,   -3,   -3,    0,    0,    0,    0,    0,    0,   -3,    0,    0,    0,    0,    0,   -3,    0,    0,   -3,    0,    0,   -6,    0,    0,
       0,    0,    0,    0,    0,    0,    0,    0,    0,    0,    0,    0,    0,    0,    0,    0,    0,    0,    0,    0,    0,    0,    0,  -12,    0,    0,    0,    0,    0,  -24,    0,  -36,  -36,    0,  -36,    0,    0,    0,  -15,   -3,  -15,  -15,    0,    0,   -3,    0,    0,    0,  -15,    0,  -15,    0,    0,    0,    0,    0,    0,    0,    0,    0,    0,    0,    0,    0,    0,    0,    0,    0,    0,  -15,  -15,  -15,  -15,  -15,  -15,  -15,    0,    0,    0,  -15,  -15,  -15,   -3,  -15,  -15,  -15,  -15,  -15,    0,    0,    0,    0,    0,    0,  -15,    0,    0,  -24,    0,    0,  -15,    0,    0,  -15,    0,    0,    0,    0,    0,
       0,    0,    0,    0,    0,    0,    0,    0,    0,    0,    0,    0,    0,    0,    0,    0,    0,    0,    0,    0,    0,    0,    0,    0,    0,    0,    0,    0,    0,    0,    0,  -12,   -6,    0,  -24,    0,    0,    0,    0,    0,    0,    0,    0,    0,    0,    0,    0,    0,    0,    0,    0,    0,    0,    0,    0,    0,    0,    0,    0,    0,    0,    0,    0,    0,    0,    0,    0,    0,    0,    0,    0,    0,    0,    0,    0,    0,    0,    0,    0,    0,    0,    0,    0,    0,    0,    0,    0,    0,    0,    0,    0,    0,    0,    0,    0,    0,    0,    0,    0,    0,    0,    0,    0,    0,    0,    0,    0,    0,    0,
       0,    0,    0,    0,    0,    0,    0,    0,    0,    0,  -24,  -15,    0,    0,    0,  -54,    0,    0,    0,    0,    0,    0,  -24,    0,    0,    0,    0,    0,    0,  -24,    0,  -24,  -12,  -24,  -24,    0,    0,    0,    0,    0,    0,    0,    0,    0,    0,    0,    0,    0,    0,    0,    0,    0,    0,    0,    0,    0,    0,    0,    0,    0,    0,    0,    0,    0,    0,    0,  -24,    0,    0,    0,    0,    0,    0,    0,    0,    0,    0,    0,    0,    0,    0,    0,    0,    0,    0,    0,    0,    0,    0,    0,    0,    0,    0,    0,    0,    0,    0,  -24,    0,    0,    0,    0,    0,    0,    0,    0,    0,    0,    0,
       0,    0,    0,    0,    0,    0,    0,  -36,    0,    0,    0,    0,    0,    0,    0,    0,    0,    0,    0,    0,    0,    0,    0,    0,    0,    0,    0,    0,    0,  -30,    0,  -30,  -18,  -12,  -30,    0,    0,    0,    0,    0,    0,    0,    0,    0,    0,    0,    0,    0,    0,    0,    0,    0,    0,   -6,    0,  -12,  -12,  -18,    0,    0,    0,    0,    0,    0,    0,  -24,    0,    0,    0,    0,    0,    0,    0,    0,    0,    0,    0,    0,    0,    0,    0,    0,    0,    0,    0,    0,    0,    0,    0,    0,    0,    0,    0,    0,    0,    0,    0,  -30,    0,    0,    0,    0,    0,    0,    0,    0,    0,    0,    0,
       0,    0,    0,    0,    0,    0,    0,    0,    0,    0,    0,    0,    0,    0,    0,    0,    0,    0,    0,    0,    0,    0,    0,  -24,    0,    0,    0,    0,  -12,  -36,  -24,  -60,  -54,    0,  -66,    0,    0,    0,  -15,  -15,  -15,  -15,    0,    0,  -15,    0,    0,  -12,  -15,  -12,  -15,  -12,  -12,  -21,  -15,  -12,  -12,    0,    0,    0,  -18,    0,    0,    0,  -12,    0,    0,    0,    0,  -15,  -15,  -15,  -15,  -15,  -15,  -15,    0,    0,    0,  -15,  -15,  -15,  -15,  -15,  -15,  -15,  -15,  -15,    0,    0,    0,    0,    0,    0,  -15,  -12,  -12,  -36,    0,    0,  -15,    0,    0,  -15,  -12,    0,  -57,  -48,    0,
       0,    0,    0,    0,    0,    0,    0,    0,    0,    0,    0,    0,    0,    0,    0,    0,    0,    0,    0,    0,    0,    0,    0,    0,    0,    0,    0,    0,    0,  -72,    0,  -84,  -72,    0,  -78,    0,    0,    0,    0,    0,    0,    0,    0,    0,    0,    0,    0,    0,    0,    0,    0,    0,    0,    0,    0,    0,    0,    0,    0,    0,    0,    0,    0,    0,    0,    0,    0,    0,    0,    0,    0,    0,    0,    0,    0,    0,    0,    0,    0,    0,    0,    0,    0,    0,    0,    0,    0,    0,    0,    0,    0,    0,    0,    0,    0,    0,    0,  -72,    0,    0,    0,    0,    0,    0,    0,    0,    0,    0,    0,
       0,  -12,    0,    0,    0,    0,    0,  -18,    0,   -6,    0,    0,    0,    0,    0,    0,    0,    0,    0,    0,  -15,    0,  -41,    0,    0,   -6,   -9,   -6,    0,  -30,   -4,  -29,   -8,  -22,  -19,  -16,  -24,    0,    0,    0,    0,    0,    0,    0,    0,    0,    0,    0,    0,    0,    0,    0,    0,    0,    0,    0,    0,    0,    0,  -12,    0,    0,    0,    0,    0,    0,  -41,    0,    0,    0,    0,    0,    0,    0,    0,    0,    0,    0,    0,    0,    0,    0,   12,    0,    0,    0,    0,    0,    0,    0,    0,    0,    0,    0,    0,    0,    0,  -30,  -12,    0,    0,    0,    0,    0,    0,    0,  -18,  -24,    0,
       0,  -12,    0,    0,    0,    0,    0,  -18,    0,   -6,    0,    0,    0,    0,    0,    0,    0,    0,    0,    0,  -15,    0,  -11,    0,    0,   -6,   -9,   -6,    0,  -12,   -4,  -11,   -8,  -22,  -19,  -16,  -24,    0,    0,    0,    0,    0,    0,    0,    0,    0,    0,    0,    0,    0,    0,    0,    0,    0,    0,    0,    0,    0,    0,  -12,    0,    0,    0,    0,    0,    0,  -41,    0,    0,    0,    0,    0,    0,    0,    0,    0,    0,    0,    0,    0,    0,    0,   12,    0,    0,    0,    0,    0,    0,    0,    0,    0,    0,    0,    0,    0,    0,  -12,  -12,    0,    0,    0,    0,    0,    0,    0,  -18,  -24,    0,
       0,    0,    0,    0,    0,    0,    0,    0,    0,    0,  -36,  -36,  -36,  -36,  -12,  -63,    0,  -24,    0,    0,    0,    0,    0,    0,    0,    0,    0,    0,    0,    0,    0,    0,    0,    0,    0,    0,    0,    0,    0,    0,    0,    0,    0,    0,    0,    0,    0,    0,    0,    0,    0,    0,    0,    0,    0,    0,    0,    0,    0,    0,    0,    0,    0,    0,    0,    0,    0,    0,    0,    0,    0,    0,    0,    0,    0,    0,    0,    0,    0,    0,    0,    0,    0,    0,    0,    0,    0,    0,    0,    0,    0,    0,    0,    0,    0,    0,    0,    0,    0,    0,    0,    0,    0,    0,    0,    0,    0,    0,    0,
       0,    0,    0,    0,    0,    0,    0,    0,    0,  -12,    0,    0,    0,    0,    0,    0,    0,    0,    0,    0,    0,    0,  -42,   38,    0,    0,    0,    0,    0,   -9,    0,  -39,  -24,   -9,  -60,  -18,    0,    0,    0,    0,    0,    0,    0,    0,    0,    0,    0,    0,    0,    0,    0,    0,    0,    0,    0,    0,    0,    0,    0,   -6,    0,    0,    0,    0,    0,    0,  -42,    0,    0,    0,    0,    0,    0,    0,    0,    0,    0,    0,    0,    0,    0,    0,    0,    0,    0,    0,    0,    0,    0,    0,    0,    0,    0,    0,    0,    0,    0,   -9,   -6,    0,    0,    0,    0,    0,    0,    0,    0,  -24,    0,
       0,    0,    0,    0,    0,    0,    0,    0,    0,    0,    0,    0,    0,    0,    0,    0,    0,    0,    0,    0,    0,    0,    0,    0,    0,    0,    0,    0,    0,    0,    0,    0,    0,    0,    0,    0,    0,    0,    0,    0,    0,    0,  -18,    0,    0,    0,  -12,    0,    0,    0,    0,    0,   -6,  -12,  -12,  -12,  -12,    0,  -24,  -12,    0,    0,    0,    0,    0,    0,    0,    0,    0,    0,    0,    0,    0,    0,    0,    0,    0,    0,    0,    0,    0,    0,    0,    0,    0,    0,    0,    0,    0,    0,    0,    0,    0,  -12,    0,   -6,   -6,    0,  -12,    0,    0,    0,    0,    0,    0,    0,    0,    0,    0,
       0,  -24,    0,    0,    0,  -42,    0,    0,    0,    0,    0,    0,    0,    0,    0,    0,    0,    0,    0,    0,  -18,    0,    0,    0,    0,    0,    0,    0,    0,  -48,    0,    0,    0,    0,    0,    0,  -48,    0,    0,  -15,    0,    0,  -21,    0,   -6,    0,   -3,    0,    0,   -6,    0,    0,    0,  -15,   -3,  -30,  -30,    0,   -9,   -3,  -15,    0,    0,    0,    0,    0,    0,    0,    0,    0,    0,    0,    0,    0,    0,    0,    0,    0,    0,    0,    0,    0,   -6,    0,    0,    0,    0,    0,    0,    0,    0,    0,    0,   -3,    0,    0,    0,  -48,   -3,    0,    0,    0,    0,    0,    0,    0,  -36,  -24,    0,
       0,  -24,    0,    0,    0,  -42,    0,    0,    0,    0,    0,    0,    0,    0,    0,    0,    0,    0,    0,    0,  -18,    0,    0,    0,    0,    0,    0,    0,    0,  -48,    0,    0,    0,    0,    0,    0,  -48,    0,    0,  -15,    0,    0,   -3,    0,   -6,    0,   -3,    0,    0,   -6,    0,    0,    0,  -15,   -3,  -27,  -27,    0,   -9,   -3,  -15,    0,    0,    0,    0,    0,    0,    0,    0,    0,    0,    0,    0,    0,    0,    0,    0,    0,    0,    0,    0,    0,   -6,    0,    0,    0,    0,    0,    0,    0,    0,    0,    0,   -3,    0,    0,    0,  -48,   -3,    0,    0,    0,    0,    0,    0,    0,  -36,  -24,    0,
       0,  -18,    0,    0,    0,  -24,    0,    0,    0,    0,    0,    0,    0,    0,    0,    0,    0,    0,    0,    0,   -9,   -9,    0,    0,    0,    0,    0,    0,    0,  -42,    0,    0,    0,    0,    0,    0,  -48,    0,  -15,   -9,   -6,   -6,   -3,   -3,   -9,    0,    0,    0,   -6,    0,   -6,    0,   -6,   -6,    0,    0,    0,    0,    0,  -12,    0,    0,    0,    0,    0,    0,    0,    0,    0,   -6,   -6,   -6,   -6,   -6,   -6,   -6,    0,    0,    0,   -6,   -6,   -6,   -9,   -6,   -6,   -6,   -6,   -6,   -3,    0,    0,    0,    0,    0,   -6,   -6,   -6,  -42,  -12,    0,   -6,    0,    0,   -6,    0,    0,  -30,  -12,    0,
       0,  -30,    0,   -6,    0,  -48,    0,   -6,    0,  -12,    0,    0,    0,    0,    0,    0,    0,    0,    0,    0,  -24,    0,    0,    0,    0,    0,    0,    0,    0,  -30,    0,    0,    0,    0,    0,    0,  -37,    0,   -9,  -27,   -6,   -6,    0,   -6,   -9,    0,    0,    0,   -6,   -6,   -6,    0,  -12,  -12,   -6,   -3,   -3,   -9,   -6,  -18,    0,    0,    0,    0,    0,    0,    0,    0,  -12,   -6,   -6,   -6,   -6,   -6,   -6,   -6,    0,    0,    0,   -6,   -6,   -6,   -9,   -6,   -6,   -6,   -6,   -6,   -6,    0,    0,    0,    0,    0,   -6,  -12,  -12,  -30,  -18,    0,   -6,    0,    0,   -6,    0,    0,  -51,  -30,    0,
       0,  -12,    0,    0,    0,    0,    0,  -18,    0,   -6,    0,    0,    0,    0,    0,    0,    0,    0,    0,    0,  -15,    0,  -11,    0,    0,   -6,   -9,   -6,    0,  -30,   -4,  -29,   -8,  -22,  -19,  -16,  -24,    0,    0,    0,    0,    0,    0,    0,    0,    0,    0,    0,    0,    0,    0,    0,    0,    0,    0,    0,    0,    0,    0,  -12,    0,    0,    0,    0,    0,    0,  -41,    0,    0,    0,    0,    0,    0,    0,    0,    0,    0,    0,    0,    0,    0,    0,   12,    0,    0,    0,    0,    0,    0,    0,    0,    0,    0,    0,    0,    0,    0,  -30,  -12,    0,    0,    0,    0,    0,    0,    0,  -18,  -24,    0,
       0,  -18,    0,    0,    0,    0,  -54, -108, -108,    0,    0,    0,    0,    0,    0,    0,    0,    0, -108,  -54,  -12,    0,    0,    0,    0,    0,    0,    0,    0,    0,    0,    0,    0,    0,    0,    0,    0,    0,  -54,    0,  -54,  -54,    0,  -54,    0,  -17,  -14,  -24,  -54,  -78, -108,  -54,  -54,  -18,  -36,  -30,  -30,  -54,  -30,  -54,  -66,    0,    0,  -54,  -51,    0,    0,    0,    0,  -54,  -54,  -54,  -54,  -54,  -54,  -54,  -17,  -17,  -17,  -54,  -54,  -54,    0,  -54,  -54,  -54,  -54,  -54,    0,  -17,  -17,  -17,    0,  -14,  -54,  -54,  -54,    0,  -54,  -17,  -54,  -17,  -17,  -54,  -24,  -17,  -66,  -40,    0,
       0,  -54,    0,    0,    0,  -60,    0,    0,    0,    0,    0,    0,    0,    0,    0,    0,    0,    0,    0,    0,  -30,    0,    0,   -5,    0,   -4,  -12,    0,   -4,  -58,  -19,  -68,  -46,    0,  -79,   -8,  -54,    0,    0,  -30,    0,    0,   -6,    0,  -12,   -6,    0,  -12,    0,  -12,    0,  -12,    0,  -18,  -12,  -12,  -12,    0,  -24,  -12,    0,    0,    0,   -9,    0,    0,    0,    0,    0,    0,    0,    0,    0,    0,    0,    0,   -6,   -6,   -6,    0,    0,    0,  -24,    0,    0,    0,    0,    0,    0,   -6,   -6,   -6,   -4,    0,    0,    0,    0,  -64,  -12,   -6,    0,   -6,   -6,    0,  -12,   -6, -121,  -65,    0,
       0,  -18,    0,    0,    0,    0,  -51, -105, -105,    0,    0,    0,    0,    0,    0,    0,    0,    0, -105,  -51,  -12,    0,    0,    0,    0,    0,    0,    0,    0,    0,    0,    0,    0,    0,    0,    0,    0,    0,  -54,    0, -105, -105,    0,  -51,    0,  -20,  -17,  -24,  -54,  -75, -105,  -51,  -54,  -18,  -36,  -78,  -81,  -51,  -87,  -51,  -63,    0,    0,  -51,  -48,    0,    0,    0,    0,  -54,  -54,  -54,  -54,  -54,  -54,  -54,  -20,  -20,  -20,  -54,  -54,  -54,    0,  -54,  -54,  -54,  -54,  -54,    0,  -20,  -20,  -20,    0,  -17,  -54,  -54,  -54,    0,  -51,  -20,  -54,  -20,  -20,  -54,  -24,  -20,  -60,  -40,    0,
       0,  -18,    0,    0,    0,    0,  -54,  -54,  -54,    0,    0,    0,    0,    0,    0,    0,    0,    0,  -54,  -54,  -12,    0,    0,    0,    0,    0,    0,    0,    0,    0,    0,    0,    0,    0,    0,    0,    0,    0,   -6,    0,   -6,   -6,    0,    0,    0,    0,    0,   15,   -6,   15,   -6,   15,    0,   -6,   -6,   -6,   -6,    0,   11,    0,  -12,    0,    0,  -54,    3,    0,    0,    0,    0,   -6,   -6,   -6,   -6,   -6,   -6,   -6,    0,    0,    0,   -6,   -6,   -6,    0,   -6,   -6,   -6,   -6,   -6,    0,    0,    0,    0,    0,    0,   -6,    0,    0,    0,    0,    0,   -6,    0,    0,   -6,   15,    0,  -48,  -40,    0,
       0,    0,    0,    0,    0,    0,    0,    0,    0,    0,    0,    0,    0,    0,    0,    0,    0,    0,    0,    0,  -18,    0,    0,    0,    0,    0,    0,    0,    0,    0,    0,    0,    0,    0,    0,    0,    0,    0,  -24,  -21,  -24,  -24,    0,    0,  -12,    0,    0,  -18,  -24,  -18,  -24,  -18,  -18,  -18,  -24,    0,    0,    0,    0,  -12,  -18,    0,    0,    0,  -15,    0,    0,    0,    0,  -24,  -24,  -24,  -24,  -24,  -24,  -24,    0,    0,    0,  -24,  -24,  -24,  -12,  -24,  -24,  -24,  -24,  -24,    0,    0,    0,    0,    0,    0,  -24,  -18,  -18,    0,  -12,    0,  -24,    0,    0,  -24,  -18,    0,  -18,  -18,    0,
       0,    0,    0,    0,    0,    0,    0,  -60,  -51,    0,    0,    0,    0,    0,    0,    0,    0,    0,    0,    0,    0,    0,  -72,  -27,    0,    0,    0,    0,   -9,    0,    0,    6,    0,    0,    6,  -18,    0,    0,  -60,    6,  -60,  -60,  -27,  -60,    6,    0,    0,  -15,  -60,  -15,  -60,  -15,  -54,  -21,  -18,   -6,   -6,  -21,  -12,  -36,  -24,    0,    0,    0,  -36,    0,  -72,    0,    0,  -60,  -60,  -60,  -60,  -60,  -60,  -60,    0,    0,    0,  -60,  -60,  -60,    6,  -60,  -60,  -60,  -60,  -60,  -60,    0,    0,    0,    0,    0,  -60,  -54,  -54,    0,  -36,    0,  -60,    0,    0,  -60,  -15,    0,    0,    0,    0,
       0,    0,    0,    0,    0,    0,    0,  -60,  -24,  -30,    0,    0,    0,    0,    0,    0,    0,    0,  -24,    0,    0,  -21,    0,    0,    0,    0,    0,    0,    0,    0,    0,    0,    0,    0,    0,    0,    0,    0,  -27,    0,  -27,  -27,    0,    0,    0,    0,    0,    0,  -27,    0,  -27,    0,  -18,    0,    0,    0,    0,    0,    0,    0,  -24,    0,    0,    0,  -12,    0,    0,    0,    0,  -27,  -27,  -27,  -27,  -27,  -27,  -27,    0,    0,    0,  -27,  -27,  -27,    0,  -27,  -27,  -27,  -27,  -27,    0,    0,    0,    0,    0,    0,  -27,  -18,  -18,    0,    0,    0,  -27,    0,    0,  -27,    0,    0,    0,    0,    0,
       0,    0,    0,    0,    0,    0,    0,  -60,  -36,  -36,    0,    0,    0,    0,    0,    0,    0,    0,  -24,    0,    0,    0,  -36,  -21,    0,    0,   -6,    0,   -6,    0,    0,    3,    0,    0,    0,   -9,    0,    0,  -48,    0,  -48,  -48,  -24,  -60,    0,    0,    0,   -9,  -48,   -9,  -48,   -9,  -45,  -21,  -24,   -9,   -9,  -18,   -6,  -36,  -48,    0,    0,    0,  -36,    0,  -36,    0,    0,  -48,  -48,  -48,  -48,  -48,  -48,  -48,    0,    0,    0,  -48,  -48,  -48,    0,  -48,  -48,  -48,  -48,  -48,  -60,    0,    0,    0,    0,    0,  -48,  -45,  -45,    0,  -36,    0,  -48,    0,    0,  -48,   -9,    0,    0,    0,    0,
       0,    0,    0,    0,    0,    0,    0,  -36,  -27,  -12,    0,    0,    0,    0,    0,    0,    0,    0,  -24,    0,    0,  -36,    0,    0,    0,    0,    0,    0,    0,    0,    0,    0,    0,    0,    0,    0,    0,    0,  -24,    0,  -24,  -24,    0,    0,    0,    0,    0,   12,  -24,   12,  -24,   12,  -12,    0,    0,    0,    0,    0,    0,  -18,  -36,    0,    0,    0,  -24,    0,    0,    0,    0,  -24,  -24,  -24,  -24,  -24,  -24,  -24,    0,    0,    0,  -24,  -24,  -24,    0,  -24,  -24,  -24,  -24,  -24,    0,    0,    0,    0,    0,    0,  -24,  -12,  -12,    0,  -18,    0,  -24,    0,    0,  -24,   12,    0,    0,    0,    0,
       0,    0,    0,    0,    0,    0,    0,    0,    0,    0,    0,    0,    0,    0,    0,    0,    0,    0,    0,    0,    0,    0,    0,    0,    0,    0,    0,    0,    0,  -36,    0,  -42,  -36,    0,  -39,    0,    0,    0,    0,    0,    0,    0,    0,    0,    0,    0,    0,    0,    0,    0,    0,    0,    0,    0,    0,    0,    0,    0,    0,    0,    0,    0,    0,    0,    0,    0,    0,    0,    0,    0,    0,    0,    0,    0,    0,    0,    0,    0,    0,    0,    0,    0,    0,    0,    0,    0,    0,    0,    0,    0,    0,    0,    0,    0,    0,    0,    0,  -36,    0,    0,    0,    0,    0,    0,    0,    0,    0,    0,    0,
       0,    0,    0,    0,    0,    0,    0,  -60,    0,    0,    0,    0,    0,    0,    0,    0,    0,    0,    0,    0,    0,    0,  -72,  -12,    0,  -10,  -24,    0,    0,    0,    0,    0,    0,    0,    0,    0,    0,    0,  -15,    6,  -15,  -15,    0,  -18,    6,   18,    0,    0,  -15,    0,  -15,    0,  -30,   -6,    0,    0,    0,    0,    0,    0,    0,    0,    0,    0,    0,  -60,  -72,    0,    0,  -15,  -15,  -15,  -15,  -15,  -15,  -15,   18,   42,   57,  -15,  -15,  -15,    6,  -15,  -15,  -15,  -15,  -15,  -18,   18,   42,   18,  -10,    0,  -15,  -30,  -30,    0,    0,   18,  -15,   78,   33,  -15,    0,   18,    0,    0,  -42,
       0,    0,    0,    0,    0,    0,    0,  -60,    0,    0,    0,    0,    0,    0,    0,    0,    0,    0,    0,    0,    0,    0,  -72,  -30,    0,    0,    0,    0,  -12,    0,    0,    0,    0,    0,    0,  -12,    0,    0,  -62,    0,  -62,  -62,  -30,  -48,    0,    9,    0,  -12,  -62,  -12,  -62,  -12,  -48,  -12,  -30,  -24,  -24,  -12,    0,  -21,    0,    0,    0,    0,    0,  -72,  -72,    0,    0,  -62,  -62,  -62,  -62,  -62,  -62,  -62,    9,   21,   33,  -62,  -62,  -62,    0,  -62,  -62,  -62,  -62,  -62,  -48,    9,   27,    9,    0,    0,  -62,  -48,  -48,    0,  -21,    9,  -98,   60,    9, -107,  -12,    9,    0,    0,    0,
       0,    0,    0,    0,    0,    0,    0,    0,    0,    0,    0,    0,    0,    0,    0,  -48,    0,    0,    0,    0,  -36,    0,    0,  -18,    0,    0,    0,    0,    0,  -66,    0,  -60,  -54,    0,  -72,    0,    0,    0,    0,  -36,    0,    0,    0,    0,   -6,  -18,    0,   -6,    0,   -6,    0,   -6,    0,  -30,  -18,  -24,  -24,    0,    0,    0,    0,    0,    0,    0,    0,    0,    0,    0,    0,    0,    0,    0,    0,    0,    0,    0,  -18,  -18,  -18,    0,    0,    0,   -6,    0,    0,    0,    0,    0,    0,  -18,  -18,  -18,    0,    0,    0,    0,    0,  -66,    0,  -18,    0,  -18,  -18,    0,   -6,  -18,    0,    0,    0,
};

static const EpdLigaturePair literata_18_italicLigaturePairs[] = {
    { 0x00660069, 0xFB01 }, // f i -> U+FB01
    { 0x0066006C, 0xFB02 }, // f l -> U+FB02
};

static const EpdFontData literata_18_italic = {
    literata_18_italicBitmaps,
    literata_18_italicGlyphs,
    literata_18_italicIntervals,
    40,
    56,
    45,
    -12,
    true,
    literata_18_italicGroups,
    9,
    nullptr,
    literata_18_italicKernLeftClasses,
    literata_18_italicKernRightClasses,
    literata_18_italicKernMatrix,
    418,
    405,
    91,
    109,
    literata_18_italicLigaturePairs,
    2,
};
