/**
 * generated by fontconvert.py
 * name: literata_12_regular
 * size: 12
 * mode: 2-bit  compressed: true
 * Command used: fontconvert.py literata_12_regular 12 ..\builtinFonts\source\Literata\Literata-Regular.ttf --2bit --compress --pnum
 */
#pragma once
#include "EpdFontData.h"

static const uint8_t literata_12_regularBitmaps[14504] = {
    0x95, 0x58, 0xCF, 0x8F, 0xDC, 0x76, 0x15, 0x7F, 0xB6, 0xDB, 0x98, 0xE2, 0x64, 0x9D, 0x43, 0x53,
    0xA1, 0xCE, 0xA6, 0xEE, 0xA1, 0x87, 0xA8, 0xD9, 0x8C, 0x73, 0x58, 0x89, 0x91, 0xF0, 0x8C, 0x0D,
    0x1C, 0x38, 0x70, 0xE9, 0x21, 0x11, 0x87, 0x1E, 0xCA, 0xA1, 0xA7, 0x46, 0xEA, 0x2C, 0x28, 0x12,
    0x7B, 0x98, 0x5D, 0x3B, 0xED, 0xA1, 0x12, 0x11, 0x74, 0xFF, 0x03, 0x72, 0xC8, 0x25, 0x1B, 0xE8,
    0x0C, 0x62, 0x25, 0x56, 0x62, 0x32, 0xFE, 0xB6, 0x48, 0x70, 0xA8, 0x04, 0x06, 0x21, 0x71, 0x40,
    0xA2, 0xAE, 0xB4, 0x95, 0xD0, 0xA4, 0x4D, 0xBF, 0x54, 0x06, 0x9C, 0xC5, 0xE3, 0x2F, 0x9F, 0xF7,
    0xF5, 0x4C, 0x76, 0xB7, 0x6C, 0x60, 0x3B, 0xF6, 0x7B, 0x3B, 0xF3, 0xFD, 0xF9, 0xDE, 0xFB, 0x7E,
    0xDE, 0x8F, 0xEF, 0x76, 0x27, 0x93, 0xCD, 0x8D, 0x80, 0x3F, 0x9D, 0x0B, 0x17, 0x68, 0x63, 0xB2,
    0x11, 0x74, 0x82, 0x41, 0xB0, 0xDE, 0xE9, 0x74, 0x56, 0x5F, 0xB8, 0x4C, 0xCF, 0x9B, 0x44, 0x6B,
    0x36, 0xD1, 0xC8, 0xA1, 0x67, 0xF7, 0x87, 0xB7, 0x43, 0xA5, 0x4A, 0xCA, 0xCE, 0x10, 0x89, 0xD3,
    0x64, 0x88, 0x65, 0xD0, 0x0A, 0xA5, 0x4A, 0xC9, 0x6B, 0xD3, 0xC9, 0x96, 0x15, 0xAD, 0x92, 0x15,
    0x5D, 0x26, 0x9B, 0xD6, 0x88, 0x4E, 0xD3, 0x23, 0x32, 0xD5, 0x8F, 0xC8, 0x7D, 0x50, 0x93, 0x7F,
    0xBA, 0x47, 0xDD, 0xD3, 0x2E, 0xC8, 0xA1, 0x10, 0xED, 0xFE, 0xC7, 0x44, 0x6E, 0xCD, 0xFD, 0x92,
    0xC8, 0x9B, 0x61, 0x6C, 0x0A, 0xF2, 0x69, 0x84, 0x31, 0xBB, 0xA0, 0x7B, 0xA7, 0xDB, 0x14, 0x7F,
    0x32, 0xA6, 0xEF, 0xA9, 0x8C, 0x68, 0xB9, 0x59, 0xCB, 0x78, 0x89, 0x9E, 0x26, 0xBF, 0xA2, 0xEB,
    0x34, 0xE8, 0x91, 0xA4, 0x1D, 0xD7, 0xCC, 0x48, 0xBA, 0x56, 0x02, 0xE6, 0x12, 0xED, 0x3E, 0xF7,
    0x1C, 0x51, 0x6F, 0x1C, 0x10, 0x39, 0xF9, 0x8E, 0x8F, 0x59, 0x72, 0xBF, 0x20, 0xF3, 0xDD, 0x7C,
    0x40, 0xF6, 0x1B, 0x59, 0x40, 0x18, 0x1C, 0xD0, 0x79, 0x33, 0x0F, 0x28, 0x20, 0x74, 0xEC, 0x10,
    0x86, 0xA4, 0x09, 0x91, 0xB5, 0x0F, 0x01, 0x9C, 0xE4, 0x3A, 0xC4, 0x89, 0x3A, 0xFC, 0x6D, 0x95,
    0xC8, 0x16, 0xB7, 0x9C, 0xCC, 0xFC, 0x30, 0xF2, 0x25, 0xD5, 0xB4, 0x96, 0x3B, 0xC3, 0x24, 0xA7,
    0xB6, 0x93, 0x0B, 0x1A, 0x98, 0xFB, 0x82, 0xC6, 0xA4, 0x12, 0xB0, 0x30, 0xA1, 0x01, 0xB9, 0x19,
    0x85, 0xE4, 0x95, 0x6B, 0xDE, 0xB4, 0x4C, 0xA5, 0xA9, 0xB6, 0xBC, 0x84, 0x4D, 0xD9, 0x79, 0x01,
    0x02, 0xAF, 0x92, 0x34, 0x32, 0x4B, 0xD8, 0x89, 0x1B, 0xB9, 0xF4, 0x1C, 0xB5, 0xA9, 0x8B, 0x87,
    0x77, 0xEF, 0xEA, 0xA7, 0x4D, 0x1E, 0xB9, 0xD8, 0xD3, 0x16, 0x96, 0x30, 0x72, 0x1A, 0x61, 0xBC,
    0x9E, 0xB4, 0x82, 0x56, 0x47, 0xB7, 0x9A, 0xB9, 0x29, 0x0D, 0x09, 0x45, 0x8B, 0x47, 0x0F, 0x7E,
    0x9B, 0xB9, 0xD5, 0xAC, 0x4A, 0x4B, 0x18, 0x7B, 0x99, 0x27, 0x65, 0xFC, 0xAE, 0xFF, 0x39, 0x69,
    0x7F, 0x1A, 0x99, 0x92, 0xDA, 0x0F, 0x68, 0xF7, 0xFD, 0xC4, 0xF8, 0x03, 0x19, 0x68, 0x5F, 0x39,
    0x78, 0x5F, 0x9C, 0xDC, 0x09, 0x55, 0x7D, 0xB8, 0x05, 0xEF, 0x06, 0x29, 0x8A, 0xB1, 0xE3, 0x19,
    0xC8, 0x35, 0xC2, 0x52, 0xAF, 0xDD, 0x56, 0x55, 0x97, 0x52, 0x3C, 0x5D, 0xFC, 0x42, 0x4B, 0xCE,
    0xCB, 0x98, 0x82, 0x60, 0x65, 0x3B, 0x22, 0x87, 0xB0, 0x2B, 0x1F, 0x07, 0x26, 0xC3, 0x58, 0x38,
    0x6A, 0xC9, 0x7B, 0x37, 0xFD, 0xD6, 0xA2, 0xFF, 0xFC, 0xA2, 0x1F, 0x46, 0xA5, 0x7E, 0x4E, 0xE6,
    0x7E, 0x45, 0x8E, 0xF0, 0x59, 0xDD, 0xC4, 0x87, 0x71, 0x7B, 0x64, 0x65, 0xDD, 0x86, 0xF2, 0x05,
    0x71, 0x1B, 0x48, 0x70, 0x3F, 0x0C, 0x16, 0x39, 0xC2, 0xC3, 0xBC, 0x31, 0x51, 0x9C, 0x91, 0xF1,
    0x2A, 0x85, 0x25, 0x3D, 0x53, 0x12, 0x9D, 0xEC, 0x7D, 0xA6, 0x8E, 0x42, 0x95, 0x9B, 0x2A, 0xF1,
    0xEE, 0xCA, 0x2E, 0x55, 0x9B, 0x34, 0xE8, 0x42, 0x51, 0x7E, 0xB1, 0x5E, 0x41, 0x96, 0x84, 0x34,
    0xB0, 0x3E, 0x8E, 0xCF, 0x90, 0x5F, 0xB6, 0xC5, 0x92, 0x17, 0x6D, 0x86, 0x6A, 0x86, 0xD7, 0x48,
    0xB7, 0xC8, 0xB9, 0x5F, 0xA2, 0x6F, 0x4C, 0x3E, 0x2C, 0xE0, 0x69, 0x2B, 0x0C, 0x48, 0xAF, 0x6B,
    0xC3, 0x9C, 0xE1, 0x16, 0x50, 0x58, 0xE1, 0x77, 0x08, 0xF2, 0x35, 0x9D, 0x05, 0x05, 0x58, 0xDB,
    0xDB, 0x2E, 0x01, 0x66, 0xF4, 0xD3, 0xAB, 0x40, 0x35, 0xC6, 0x5B, 0x20, 0x17, 0x74, 0x09, 0xD4,
    0x01, 0x49, 0xF4, 0x67, 0x25, 0x0C, 0x55, 0xC2, 0x10, 0x25, 0x5D, 0x02, 0x75, 0x40, 0x70, 0xA0,
    0xEC, 0xB5, 0xED, 0x3A, 0xD1, 0x7B, 0x30, 0x9D, 0xAA, 0x23, 0x0A, 0x95, 0x70, 0x54, 0x85, 0xD7,
    0xD5, 0x06, 0xC5, 0x7B, 0xE6, 0x1C, 0xB9, 0x4A, 0x2E, 0xF1, 0xE6, 0xD0, 0xA3, 0xA7, 0x25, 0xC0,
    0xDB, 0x7B, 0x9E, 0x36, 0x06, 0x54, 0x41, 0x51, 0x53, 0x45, 0x00, 0x22, 0x51, 0x3D, 0x8C, 0xAC,
    0xDC, 0x4D, 0x1C, 0x00, 0xC4, 0x65, 0x01, 0x9F, 0x8C, 0xA8, 0x97, 0x96, 0x14, 0x66, 0x9B, 0x8C,
    0x54, 0xCC, 0x74, 0xA3, 0xEE, 0x9C, 0xF8, 0xBB, 0xCF, 0x30, 0xC4, 0x37, 0x7B, 0x8A, 0xB9, 0x29,
    0xD0, 0xAC, 0x00, 0x08, 0xD0, 0x06, 0x20, 0x3B, 0x82, 0x62, 0xDF, 0x85, 0xA7, 0xC0, 0x4C, 0x50,
    0x47, 0xB0, 0x5F, 0xB0, 0x97, 0x10, 0xDB, 0x8E, 0x45, 0xD0, 0xD6, 0x81, 0x34, 0x6C, 0x56, 0xAA,
    0x0E, 0xD1, 0x6D, 0x50, 0x9A, 0x63, 0xCD, 0x19, 0x86, 0xF3, 0xAE, 0x1E, 0xF1, 0xE9, 0x7B, 0x58,
    0xD3, 0x85, 0x17, 0x9A, 0x33, 0xA0, 0x0A, 0xA1, 0xC4, 0xB9, 0xA1, 0xD0, 0xEE, 0xB3, 0x2C, 0x62,
    0x80, 0x33, 0xC1, 0xDF, 0x84, 0x47, 0xBB, 0x98, 0x67, 0x28, 0x8C, 0x81, 0x7F, 0x3A, 0xD3, 0x02,
    0x63, 0x06, 0xDA, 0x61, 0x06, 0xE8, 0x5B, 0x50, 0x17, 0xDA, 0xF8, 0x51, 0x4A, 0x8E, 0xFA, 0x09,
    0xD1, 0x15, 0x7F, 0x7E, 0x1C, 0x3D, 0x7D, 0x5C, 0xAB, 0x30, 0x63, 0x78, 0x57, 0x6A, 0x4B, 0x1E,
    0x80, 0x79, 0xF1, 0x59, 0xB4, 0x30, 0xF4, 0x95, 0x16, 0xFF, 0xE0, 0xF3, 0x79, 0x77, 0xD0, 0x9F,
    0x75, 0x32, 0x0B, 0xF2, 0x22, 0xA3, 0x64, 0xD8, 0x74, 0xF5, 0x26, 0x8C, 0x85, 0x7B, 0xB0, 0x43,
    0x42, 0x68, 0xA5, 0x0B, 0x0C, 0x08, 0x55, 0xBF, 0xB8, 0x7D, 0xA7, 0x99, 0x80, 0x2F, 0xEC, 0x69,
    0xDA, 0x05, 0xFC, 0x88, 0xE0, 0x93, 0xB4, 0xD9, 0xCC, 0xD9, 0xA5, 0x66, 0x95, 0x7B, 0x64, 0xE7,
    0x7C, 0x7C, 0xDA, 0xE7, 0xC9, 0xAC, 0x23, 0x6F, 0x98, 0x05, 0xA6, 0xDC, 0xA0, 0x22, 0x80, 0x47,
    0x31, 0x40, 0x33, 0x9E, 0xB9, 0xC9, 0x33, 0x58, 0x10, 0xBC, 0x2F, 0xE9, 0xA1, 0x88, 0x68, 0x15,
    0x73, 0xA2, 0xAB, 0xAC, 0x32, 0x8C, 0x68, 0x3C, 0xA4, 0x7E, 0x84, 0xB5, 0xAD, 0xCC, 0xA5, 0x2B,
    0x67, 0xE5, 0x8A, 0xA5, 0xE4, 0xF5, 0x8E, 0xFB, 0x75, 0xD9, 0xB9, 0xDE, 0x36, 0x64, 0x30, 0x0A,
    0xCC, 0x7C, 0x65, 0x14, 0x58, 0xCC, 0x4E, 0xE5, 0x9D, 0x51, 0xF0, 0x54, 0xBE, 0xBA, 0x16, 0x2C,
    0xE7, 0xA3, 0x8E, 0xBF, 0xF3, 0xEF, 0x2C, 0x70, 0xF2, 0x09, 0xCE, 0x84, 0x38, 0xEC, 0xD1, 0x97,
    0x80, 0x5A, 0x83, 0x1D, 0x8E, 0x23, 0xAE, 0x71, 0x85, 0xE6, 0x67, 0xC9, 0xFB, 0x91, 0x35, 0x01,
    0xB3, 0xFB, 0x3C, 0x90, 0xCF, 0x7F, 0xC9, 0x05, 0x5C, 0x97, 0xA1, 0x07, 0x05, 0x16, 0x06, 0xAF,
    0x42, 0x60, 0x1A, 0xB1, 0x9A, 0x4A, 0x41, 0xB4, 0x8F, 0xAE, 0x56, 0x1C, 0x11, 0x06, 0x1C, 0x13,
    0x7A, 0x1C, 0x35, 0x80, 0xB1, 0x2D, 0x8A, 0xB7, 0xD2, 0x02, 0xC1, 0x3E, 0x86, 0xC8, 0xDE, 0x34,
    0x4D, 0x20, 0xAE, 0xB0, 0x32, 0x3B, 0x6B, 0xC8, 0xC1, 0xF7, 0xD7, 0xC9, 0x42, 0x9F, 0xA5, 0xFB,
    0x6C, 0x04, 0x39, 0x53, 0x5A, 0x99, 0x51, 0x34, 0xC4, 0xDF, 0xED, 0x9C, 0xE7, 0xF1, 0x7C, 0xF2,
    0xCB, 0x35, 0xB3, 0x1E, 0x4A, 0x47, 0x98, 0x05, 0xA0, 0xB8, 0x83, 0x03, 0xE9, 0xE0, 0x1C, 0x9F,
    0x1E, 0xCF, 0xA1, 0x78, 0x98, 0x36, 0xE6, 0xCE, 0x8A, 0xA3, 0xBA, 0xE0, 0xE4, 0xB4, 0x63, 0xD4,
    0x77, 0x33, 0xCE, 0x37, 0xB1, 0xDA, 0x47, 0xE3, 0x74, 0x98, 0xC3, 0x70, 0x70, 0x2A, 0xA8, 0xB1,
    0xC9, 0xCC, 0x67, 0xE6, 0x26, 0xCC, 0xC4, 0x31, 0x8C, 0x3B, 0xBC, 0x68, 0x31, 0x0E, 0x1A, 0x66,
    0x0C, 0x8D, 0x69, 0x2A, 0xB0, 0xDE, 0x43, 0xD2, 0x8E, 0xD3, 0xFA, 0xA8, 0x8F, 0x01, 0x36, 0x46,
    0x9A, 0x3C, 0x05, 0x43, 0x9E, 0x00, 0xAD, 0x40, 0xB1, 0x31, 0x14, 0xE4, 0x9D, 0x02, 0xD0, 0x32,
    0x35, 0x7D, 0xF4, 0x12, 0x08, 0x06, 0x30, 0xB3, 0xD6, 0x47, 0x2F, 0x0B, 0xCC, 0x67, 0x4A, 0x20,
    0x17, 0x1B, 0x41, 0xCC, 0xD7, 0x48, 0x9A, 0xB1, 0xCB, 0xCD, 0x3A, 0xBC, 0x06, 0xAF, 0xC5, 0xDF,
    0x0F, 0xD6, 0xD1, 0xD4, 0xDA, 0x63, 0x19, 0x48, 0x1B, 0x88, 0x0C, 0x58, 0x08, 0x38, 0x32, 0x0A,
    0x76, 0xD7, 0x75, 0x46, 0x2D, 0xA7, 0x1E, 0xFA, 0x8A, 0x36, 0xCB, 0x11, 0xE6, 0x2A, 0x31, 0x26,
    0x63, 0xD6, 0x04, 0xC8, 0x90, 0x99, 0x17, 0x81, 0x39, 0x6C, 0x18, 0xD8, 0x19, 0x00, 0xF0, 0x67,
    0xCB, 0x14, 0xCF, 0x0C, 0x55, 0x60, 0x87, 0xFE, 0x16, 0x1B, 0x81, 0x8E, 0x65, 0xD3, 0xED, 0x21,
    0x04, 0x84, 0x15, 0x1E, 0x3F, 0x84, 0x99, 0x5E, 0x45, 0xAF, 0x17, 0xD7, 0x2D, 0x1C, 0xEF, 0xE3,
    0x9E, 0xD6, 0x5E, 0x5C, 0x6B, 0x85, 0x5A, 0x30, 0xAE, 0x95, 0x9F, 0x88, 0x06, 0xA0, 0x19, 0x76,
    0xA9, 0x10, 0xAC, 0xE2, 0x34, 0xA2, 0x16, 0xF0, 0x12, 0xD7, 0x2E, 0x0E, 0xA6, 0x38, 0x35, 0xE3,
    0x03, 0xE3, 0x13, 0x07, 0x28, 0xAD, 0xEC, 0x12, 0x1B, 0x0D, 0xD1, 0xCD, 0xFA, 0x23, 0x9B, 0xEF,
    0x2F, 0x40, 0xB3, 0xC5, 0xD0, 0xB7, 0x3E, 0xE3, 0x68, 0x97, 0x55, 0xCC, 0x36, 0x99, 0xF9, 0x3C,
    0xD8, 0x15, 0x3C, 0x2D, 0x27, 0xEF, 0xA1, 0x59, 0x27, 0x2C, 0x15, 0x33, 0x6D, 0xF0, 0xC3, 0x07,
    0xF0, 0x7F, 0x28, 0x6B, 0x0E, 0xD4, 0x12, 0x00, 0x89, 0x3E, 0x6C, 0x1F, 0x85, 0x8F, 0x92, 0x76,
    0x8D, 0xCC, 0x11, 0x19, 0xB0, 0x5A, 0x4D, 0xC6, 0x07, 0x91, 0xBD, 0x49, 0xE6, 0xFB, 0xC2, 0xE9,
    0x91, 0xF9, 0x5B, 0xB1, 0x04, 0xFE, 0xEB, 0xEC, 0xBC, 0x4F, 0xE6, 0x7B, 0x72, 0x05, 0xA0, 0x13,
    0xB2, 0xC3, 0xBC, 0x58, 0x63, 0x3E, 0x96, 0xB0, 0xA7, 0xE8, 0x66, 0xE0, 0x49, 0x28, 0x98, 0x7B,
    0x09, 0x73, 0x0E, 0xD0, 0x2D, 0xEC, 0x08, 0x1B, 0xE3, 0x00, 0x55, 0x19, 0x17, 0x84, 0x93, 0xAB,
    0xE0, 0x85, 0xD8, 0xC9, 0x21, 0x7B, 0xC8, 0xEC, 0x6D, 0x01, 0x76, 0x33, 0x03, 0x7B, 0x53, 0x82,
    0xDD, 0x28, 0xC1, 0x92, 0x31, 0xB3, 0x90, 0x99, 0xF7, 0x6D, 0x30, 0xF7, 0x7D, 0x30, 0xEB, 0x3E,
    0x98, 0xA9, 0xC0, 0x10, 0x1C, 0xB1, 0x6C, 0x4C, 0x71, 0xC9, 0x28, 0xF1, 0xA0, 0x3F, 0x30, 0x86,
    0x30, 0x9F, 0x19, 0x9C, 0x32, 0x01, 0x1F, 0x9D, 0x96, 0x80, 0x22, 0x2F, 0x02, 0xB2, 0xDC, 0xE4,
    0x18, 0x16, 0x71, 0x2F, 0xCF, 0xF6, 0x19, 0x63, 0x01, 0x4A, 0x35, 0x04, 0x33, 0xAC, 0x92, 0x31,
    0xC6, 0x18, 0xBC, 0x7B, 0xEC, 0x4E, 0x74, 0x34, 0x3A, 0x2C, 0x22, 0x84, 0x97, 0x58, 0xD3, 0x1A,
    0x87, 0xB4, 0x77, 0xAC, 0x7D, 0x1F, 0x81, 0x9F, 0x05, 0x6B, 0x24, 0x6B, 0x44, 0x6B, 0x64, 0x63,
    0xE1, 0x7C, 0x6A, 0xA4, 0x23, 0x2D, 0xCF, 0x71, 0xFC, 0x1C, 0xE7, 0xB7, 0x8D, 0x14, 0x26, 0xA5,
    0xF0, 0xDD, 0xC2, 0xE7, 0xC1, 0x03, 0x4C, 0x71, 0x32, 0xBF, 0xA4, 0xB9, 0x9C, 0x88, 0xBA, 0xCC,
    0xC9, 0x2A, 0x74, 0x44, 0x9E, 0x99, 0xB0, 0x77, 0xB3, 0xB1, 0x4E, 0xF7, 0xFA, 0xA3, 0xA3, 0x14,
    0x14, 0x39, 0x40, 0x0E, 0x07, 0x68, 0x8B, 0x99, 0xCD, 0x3F, 0xB1, 0x15, 0xAB, 0x02, 0x5D, 0xF2,
    0xA3, 0x58, 0x0B, 0x99, 0x79, 0x87, 0xA7, 0xF9, 0x0F, 0xAD, 0x7D, 0x5E, 0x7E, 0x82, 0x74, 0xF8,
    0x43, 0xA4, 0xC3, 0x5A, 0xDB, 0x0F, 0xA9, 0x1B, 0xE4, 0x34, 0xA1, 0x0D, 0xE2, 0x38, 0x48, 0x75,
    0x06, 0x07, 0x5F, 0x9B, 0x95, 0x8F, 0xB9, 0x35, 0x1A, 0x41, 0x17, 0x54, 0xA8, 0xD1, 0x26, 0xF4,
    0xFE, 0xDA, 0xB4, 0xA2, 0xCB, 0x4D, 0x7A, 0x07, 0x76, 0xEF, 0x4E, 0x27, 0xF0, 0x13, 0x28, 0x39,
    0x82, 0x61, 0x29, 0x9F, 0xFB, 0x83, 0xD1, 0xD8, 0xF1, 0xC4, 0xAC, 0xF5, 0x0F, 0xE2, 0x88, 0x1F,
    0x11, 0x22, 0x92, 0x92, 0x7D, 0xF6, 0x69, 0xA4, 0x04, 0x97, 0x4E, 0xCA, 0xEC, 0x39, 0x5B, 0xE2,
    0xE5, 0x2E, 0x71, 0x92, 0x5D, 0x47, 0xD9, 0x80, 0xBC, 0x4D, 0x2D, 0x68, 0x13, 0xF3, 0xA2, 0x1E,
    0x2F, 0x0A, 0x23, 0x2C, 0xB1, 0x67, 0x9F, 0xE7, 0x4C, 0x1A, 0x10, 0x02, 0x5A, 0x87, 0x0B, 0xA5,
    0x11, 0x07, 0x2A, 0xC9, 0xF9, 0x1C, 0x36, 0xEC, 0x21, 0xE1, 0x90, 0xCF, 0x35, 0x8A, 0xFB, 0x4D,
    0x24, 0x28, 0xF7, 0x26, 0xE7, 0xAB, 0xDF, 0xB1, 0xA4, 0x9F, 0x2C, 0x72, 0x18, 0x23, 0x01, 0x8B,
    0x56, 0x14, 0x56, 0x58, 0xB6, 0x06, 0x94, 0x81, 0x0E, 0xC0, 0x1A, 0xE5, 0x92, 0xF9, 0x01, 0x4C,
    0x69, 0xE5, 0xD6, 0xEF, 0x51, 0xA9, 0x23, 0xD5, 0xDC, 0x14, 0x4B, 0x28, 0x79, 0xEC, 0x6F, 0x09,
    0x14, 0xB2, 0x85, 0xC3, 0x81, 0x96, 0xCA, 0x25, 0xBE, 0x39, 0xD0, 0xF8, 0x8C, 0x21, 0xB1, 0xF9,
    0x60, 0x99, 0x0A, 0xA4, 0xEE, 0xEE, 0x0A, 0x21, 0xCE, 0x52, 0xBB, 0x43, 0x63, 0x08, 0xE3, 0xE1,
    0x5A, 0x02, 0x49, 0xDC, 0x11, 0xF5, 0x60, 0x1D, 0x57, 0x92, 0x2F, 0xF8, 0x2A, 0x42, 0x1E, 0xE2,
    0x50, 0x69, 0xA9, 0xC4, 0xCF, 0x8D, 0x9A, 0xD3, 0xBE, 0x84, 0xA6, 0x5C, 0x9A, 0x57, 0xEC, 0xA8,
    0x21, 0xD7, 0x68, 0xDE, 0x4F, 0x39, 0xB1, 0x32, 0x9C, 0x38, 0x91, 0x92, 0xC5, 0xD2, 0xBA, 0x80,
    0x03, 0x5D, 0x02, 0x12, 0x68, 0x07, 0xC6, 0x32, 0x72, 0xF4, 0x40, 0x3B, 0xF8, 0x19, 0x64, 0x8E,
    0x52, 0x69, 0xAB, 0x2C, 0xAE, 0x4D, 0x95, 0x79, 0x05, 0xA5, 0x50, 0x00, 0x66, 0x81, 0x6D, 0x46,
    0x9C, 0xB1, 0xD9, 0x18, 0x6C, 0x07, 0xDF, 0x66, 0x3B, 0xB0, 0x09, 0x6C, 0x9D, 0xC6, 0x79, 0x79,
    0xAE, 0xE3, 0x8E, 0x65, 0xF6, 0x43, 0x8D, 0x6B, 0x2E, 0x3C, 0x55, 0x1E, 0x5E, 0x7D, 0x19, 0xBA,
    0xBA, 0x62, 0x1D, 0xE8, 0x7A, 0x5E, 0x27, 0xD0, 0xB2, 0x91, 0x0C, 0x45, 0x09, 0xE7, 0x51, 0x0D,
    0x3A, 0xAC, 0x89, 0x83, 0xE0, 0x63, 0xB9, 0x05, 0xA4, 0x4A, 0x3F, 0x32, 0xF3, 0x18, 0xF3, 0x50,
    0xCD, 0xE6, 0x2F, 0x26, 0x31, 0xCA, 0xB9, 0xF5, 0x13, 0x3F, 0x1B, 0x51, 0x9C, 0x5D, 0xD7, 0xC5,
    0xD2, 0x8A, 0xBE, 0x3B, 0xA0, 0xDA, 0xC5, 0x3D, 0x02, 0xB7, 0x09, 0x18, 0x88, 0x8F, 0x35, 0xD3,
    0xB7, 0x8C, 0x35, 0x5D, 0x2D, 0x05, 0xFA, 0xF6, 0xD1, 0x8C, 0xB0, 0x17, 0x23, 0xD8, 0x9A, 0x50,
    0x7B, 0xF4, 0x5A, 0xA4, 0x12, 0xFB, 0x0B, 0x3C, 0x2F, 0x27, 0xB8, 0xC8, 0xAD, 0xCC, 0x0B, 0x84,
    0x7F, 0xA1, 0x50, 0x7B, 0x8F, 0xEF, 0x31, 0x39, 0x50, 0x79, 0x1D, 0xCD, 0x2B, 0x90, 0x68, 0x09,
    0xDB, 0xDA, 0xDA, 0xA3, 0xB7, 0xB7, 0xEF, 0x20, 0xAF, 0xE1, 0x88, 0xE1, 0x4C, 0x88, 0x84, 0x09,
    0xFB, 0x59, 0x6F, 0x28, 0x68, 0x17, 0xD8, 0x1D, 0x23, 0xA7, 0xE8, 0x2A, 0xEF, 0x3B, 0x48, 0xB8,
    0xB8, 0xCF, 0x86, 0xDF, 0x90, 0x68, 0x9B, 0x13, 0x0C, 0x17, 0xFE, 0x6C, 0x9F, 0x5C, 0x54, 0x5A,
    0x31, 0x1F, 0xCB, 0xBC, 0x8C, 0x3E, 0x42, 0xBF, 0x99, 0x91, 0xFD, 0x60, 0x98, 0xD8, 0xD2, 0xE6,
    0x58, 0x97, 0xDB, 0xC2, 0x94, 0x47, 0xC9, 0x62, 0x42, 0x9F, 0x23, 0xEC, 0x3A, 0xA5, 0x53, 0x5E,
    0x13, 0x67, 0x50, 0x1F, 0x3B, 0x53, 0xE9, 0x53, 0xD9, 0x35, 0xCA, 0x31, 0x15, 0xBB, 0xFA, 0xA0,
    0x2A, 0x9D, 0xD6, 0x37, 0x58, 0xA9, 0xB3, 0xEE, 0xB4, 0x30, 0xA0, 0xA2, 0xC5, 0x91, 0x9A, 0x2B,
    0xB8, 0xF6, 0x11, 0x32, 0xD2, 0x89, 0x8E, 0x27, 0x3E, 0x22, 0x49, 0x80, 0xDF, 0x63, 0xD0, 0x2E,
    0xA8, 0x9C, 0xD3, 0x18, 0xED, 0x03, 0x50, 0x0F, 0xB1, 0xC7, 0xBB, 0x8F, 0xBB, 0x65, 0xED, 0xE5,
    0xBC, 0xE5, 0x7D, 0xD9, 0xE6, 0x3A, 0x75, 0x3C, 0xA6, 0x71, 0xAA, 0xCA, 0x7A, 0xFB, 0xF6, 0xA1,
    0x2D, 0x2F, 0xCC, 0xB7, 0x3C, 0x87, 0xC8, 0x80, 0xB8, 0x22, 0xED, 0x1B, 0xD2, 0x49, 0x22, 0x54,
    0x97, 0x88, 0x78, 0xA9, 0xA2, 0xFE, 0x94, 0xBF, 0x3C, 0xEE, 0x45, 0x08, 0xD1, 0x65, 0x33, 0x01,
    0xB9, 0x76, 0x6E, 0xA8, 0x1F, 0x4B, 0x67, 0x5A, 0x46, 0x5C, 0xEF, 0xB7, 0x75, 0xFD, 0xDF, 0xD5,
    0xB5, 0x3F, 0xDA, 0x10, 0x37, 0xB7, 0xF4, 0xED, 0x86, 0x6B, 0x57, 0x9F, 0x71, 0x8E, 0x79, 0x36,
    0x0A, 0xA7, 0x36, 0x60, 0x1B, 0xC0, 0xA6, 0x03, 0xBE, 0x49, 0x6C, 0x4F, 0xD0, 0xB6, 0xC7, 0x97,
    0x75, 0xEA, 0x27, 0x3A, 0xBC, 0x1F, 0xA5, 0xB7, 0x70, 0x11, 0x9B, 0xA4, 0x38, 0x19, 0x37, 0x71,
    0x85, 0x23, 0x70, 0x67, 0x7A, 0x2C, 0x79, 0x99, 0x97, 0xA5, 0x65, 0x5C, 0xE1, 0xBE, 0x94, 0xB0,
    0x4F, 0xF2, 0x47, 0x25, 0x69, 0xE2, 0xFE, 0xD7, 0xD3, 0xCF, 0x54, 0x89, 0x1B, 0x2C, 0x87, 0x79,
    0xFD, 0x09, 0xB3, 0xD6, 0xF1, 0xC5, 0x0D, 0x2E, 0xF8, 0xB6, 0x70, 0xA0, 0x5D, 0x47, 0xAF, 0xF5,
    0x18, 0x19, 0x6F, 0x28, 0xE4, 0x8A, 0x18, 0xEB, 0x42, 0xA3, 0x1B, 0x40, 0xE6, 0x4D, 0x18, 0xEA,
    0x1D, 0xB4, 0xA7, 0xA0, 0xB7, 0x11, 0x3F, 0xDF, 0x42, 0xDB, 0x0D, 0xE8, 0x91, 0xDC, 0xA3, 0x57,
    0x32, 0xFF, 0x96, 0x92, 0x4E, 0x7E, 0xBC, 0x5C, 0x87, 0x9F, 0x57, 0x32, 0x55, 0x5D, 0xB3, 0x4B,
    0xBB, 0xA4, 0xFE, 0x66, 0xDA, 0xD3, 0x16, 0xC8, 0x71, 0xE7, 0x16, 0x2E, 0xDF, 0xBC, 0x93, 0x93,
    0x3E, 0x6C, 0x13, 0x58, 0xA5, 0x88, 0xF1, 0x5C, 0x6B, 0xD6, 0xFA, 0x42, 0xB6, 0x5C, 0x5C, 0xB6,
    0xDB, 0x40, 0x4E, 0x00, 0x10, 0x72, 0xD5, 0xB9, 0x8B, 0x74, 0x05, 0x6D, 0xA2, 0x0A, 0x84, 0xBA,
    0x14, 0x3D, 0x3E, 0x40, 0x85, 0x60, 0x84, 0x5B, 0x20, 0xC3, 0xEA, 0xE2, 0x1B, 0x80, 0xEB, 0x5F,
    0x87, 0xC2, 0x96, 0x56, 0x73, 0x43, 0x10, 0xC6, 0x82, 0x8A, 0x83, 0xEF, 0xDC, 0x07, 0x7F, 0xA9,
    0x11, 0x19, 0x3F, 0x2D, 0xF5, 0xC5, 0x75, 0x41, 0x5C, 0x23, 0x84, 0x33, 0x7A, 0x94, 0x4A, 0x4F,
    0x06, 0x7D, 0x94, 0x67, 0x75, 0xFB, 0x73, 0xEE, 0x13, 0x47, 0x9C, 0xBC, 0xAF, 0x39, 0x79, 0xDA,
    0x2B, 0xDC, 0x0F, 0x4B, 0xF7, 0x5D, 0x79, 0x2C, 0xA4, 0xBD, 0x3F, 0x51, 0x0A, 0xE7, 0x7E, 0x28,
    0xFC, 0xA1, 0x18, 0x58, 0x62, 0xDD, 0x10, 0xEC, 0x26, 0x7B, 0x08, 0x13, 0x11, 0xF5, 0x39, 0xC3,
    0x8F, 0xCC, 0x6C, 0xD7, 0x12, 0xE9, 0x30, 0xF9, 0xC1, 0x8C, 0x71, 0x6F, 0x08, 0xFD, 0xCF, 0x14,
    0xC1, 0x71, 0x21, 0x54, 0xE2, 0xE2, 0x34, 0xB1, 0xF4, 0xCF, 0x63, 0xDE, 0x8C, 0xCC, 0xFD, 0x1C,
    0xD1, 0xFF, 0xA2, 0xB8, 0x28, 0x7C, 0x3C, 0xF6, 0xFF, 0x7C, 0x74, 0xFD, 0x24, 0xCC, 0xFD, 0x5F,
    0xEE, 0x51, 0xFA, 0x66, 0x95, 0x96, 0x61, 0xE9, 0x67, 0xAD, 0x1C, 0x55, 0x56, 0x82, 0x5E, 0x7D,
    0x79, 0x34, 0xE5, 0x19, 0x24, 0x03, 0xCE, 0x75, 0x40, 0xE4, 0x18, 0x01, 0x39, 0x40, 0x3E, 0xE9,
    0x21, 0xB2, 0x79, 0x42, 0x83, 0x31, 0x2D, 0xBC, 0x44, 0x65, 0xFD, 0xCC, 0x17, 0x8C, 0xC7, 0x10,
    0xC9, 0xD1, 0x11, 0x5F, 0x45, 0x6E, 0xB4, 0xC5, 0xF7, 0x73, 0xBE, 0xD2, 0xFC, 0x5C, 0xAE, 0x92,
    0x99, 0xE7, 0x12, 0x37, 0x0F, 0x99, 0x15, 0x98, 0xFB, 0x77, 0xB1, 0x8B, 0xD9, 0xFF, 0x14, 0x03,
    0x84, 0xE7, 0x5F, 0x25, 0x3D, 0xAC, 0x12, 0x46, 0xA1, 0x4E, 0x1F, 0x70, 0xD9, 0xB4, 0x48, 0xF3,
    0x7E, 0x16, 0x27, 0x0E, 0x5F, 0x63, 0x24, 0x76, 0xAB, 0x30, 0x36, 0x14, 0xBA, 0x3A, 0xD3, 0x7F,
    0x7F, 0x21, 0x11, 0xD7, 0x4B, 0xC4, 0x5A, 0x94, 0x2F, 0x49, 0xBC, 0xA5, 0x3E, 0x53, 0x12, 0x52,
    0x17, 0x90, 0x9A, 0xA3, 0x20, 0x6E, 0xBC, 0x2E, 0x92, 0xCF, 0x5C, 0xE2, 0x82, 0x25, 0x46, 0x82,
    0xE8, 0x62, 0x0D, 0xFE, 0xCF, 0x9F, 0x37, 0xFF, 0x3F, 0x05, 0x92, 0x04, 0xE7, 0x8A, 0x17, 0x30,
    0x64, 0x8C, 0x21, 0x13, 0x84, 0x68, 0x3F, 0xE1, 0x44, 0x57, 0x85, 0x57, 0xAB, 0x00, 0xA9, 0xDC,
    0xCA, 0xCE, 0x22, 0x7B, 0xF9, 0xFA, 0x3F, 0x19, 0x25, 0x2C, 0xF0, 0x94, 0x2D, 0xCE, 0xBB, 0x51,
    0x17, 0xBD, 0x21, 0x8A, 0x9A, 0x2B, 0x56, 0xE5, 0x08, 0x27, 0x69, 0x9E, 0x03, 0x53, 0x32, 0x34,
    0x5F, 0xA7, 0x83, 0x96, 0x43, 0x63, 0xFE, 0x66, 0x54, 0x6B, 0xC7, 0x7F, 0xCE, 0x41, 0x30, 0xFE,
    0x77, 0x5E, 0xF3, 0x98, 0xD2, 0xCC, 0x9B, 0x87, 0xF8, 0xDF, 0x1B, 0x13, 0xE3, 0xD1, 0x6F, 0xE3,
    0xD1, 0x98, 0x56, 0x1E, 0x26, 0x4F, 0x46, 0x4F, 0xF8, 0xEA, 0x9D, 0xD5, 0x67, 0x39, 0x83, 0xFF,
    0x07, 0xBD, 0x59, 0xBF, 0x6F, 0xDC, 0xD6, 0x1D, 0xFF, 0x90, 0x74, 0xC5, 0x24, 0x0F, 0xD6, 0xD3,
    0xD0, 0x02, 0x29, 0x14, 0x8B, 0x1E, 0x3A, 0x18, 0xCE, 0x49, 0xCC, 0xE0, 0x16, 0x57, 0x94, 0x27,
    0xBE, 0x26, 0xA3, 0x07, 0x7B, 0x68, 0x9A, 0xC1, 0x40, 0xDD, 0xBD, 0x05, 0x4E, 0x83, 0x07, 0x03,
    0x95, 0x7C, 0x2F, 0xF1, 0x90, 0xC1, 0x43, 0xF5, 0x07, 0x14, 0x68, 0x87, 0x00, 0x8D, 0x2D, 0x34,
    0x3A, 0x20, 0x02, 0x2A, 0xA4, 0xE7, 0x3B, 0x36, 0x19, 0x32, 0x04, 0x28, 0x08, 0x04, 0xE8, 0xD2,
    0x85, 0x48, 0xED, 0xA1, 0x71, 0x1A, 0x73, 0xE0, 0x40, 0x29, 0xA7, 0x63, 0x3F, 0x5F, 0xF2, 0xE4,
    0x58, 0xB1, 0x1D, 0xA8, 0xB2, 0x15, 0x92, 0xDF, 0xEF, 0x51, 0xE4, 0x7B, 0xDF, 0xEF, 0xFB, 0x7E,
    0xDF, 0xF7, 0x27, 0x15, 0x0D, 0x87, 0x11, 0xCE, 0x9C, 0x69, 0xB5, 0x22, 0x1E, 0x6B, 0xC3, 0xE1,
    0x70, 0x15, 0x27, 0x81, 0x5F, 0xC1, 0xAF, 0xD2, 0xE0, 0xB7, 0xC5, 0xF2, 0x99, 0x72, 0xF5, 0xC7,
    0xE5, 0xE0, 0x95, 0x8B, 0xE5, 0x0A, 0x78, 0x0D, 0xFE, 0x84, 0x41, 0x8A, 0xE5, 0x04, 0x61, 0x72,
    0x45, 0x57, 0xB9, 0x57, 0x19, 0xCF, 0xC0, 0x01, 0xD0, 0xBD, 0x03, 0x77, 0x77, 0x08, 0x3F, 0x09,
    0xA1, 0x6D, 0x0C, 0x6D, 0x7E, 0xC8, 0x5F, 0x40, 0x25, 0x80, 0x9F, 0x02, 0x71, 0x55, 0xE2, 0xEC,
    0xEE, 0x3B, 0x40, 0x89, 0x06, 0x0A, 0x18, 0xE4, 0x5E, 0xE2, 0x26, 0xCA, 0x06, 0x55, 0x65, 0x62,
    0xC2, 0xAF, 0xF1, 0xE2, 0x4F, 0x27, 0xDB, 0xC1, 0xBD, 0x7C, 0x16, 0xF9, 0x22, 0xF2, 0x16, 0xFA,
    0xC4, 0xDA, 0xC9, 0xF8, 0xA4, 0x33, 0xD9, 0xE6, 0x5B, 0x08, 0x1D, 0xA7, 0xCA, 0xE6, 0x0B, 0xF4,
    0x8C, 0x9B, 0xA3, 0x25, 0xA4, 0xAE, 0x00, 0x1D, 0x64, 0x40, 0xE8, 0x92, 0x95, 0xFE, 0xD8, 0x40,
    0x57, 0xF7, 0xC7, 0x98, 0xB9, 0x35, 0x79, 0xB7, 0xE1, 0xA4, 0xAB, 0x6A, 0x8C, 0x17, 0x6E, 0xED,
    0xBE, 0x5B, 0x33, 0x7D, 0x18, 0xCD, 0xEC, 0x11, 0x05, 0x55, 0x82, 0x95, 0xFD, 0x43, 0xDE, 0xAC,
    0x7C, 0xFD, 0x57, 0x98, 0xC2, 0xD9, 0x2D, 0xE0, 0x25, 0x25, 0x41, 0x7E, 0x01, 0x2F, 0xE7, 0x94,
    0x31, 0x10, 0xF5, 0x2C, 0xAE, 0x06, 0x39, 0x56, 0xDD, 0x3D, 0x2C, 0xA3, 0x87, 0xD0, 0x6A, 0xAB,
    0x0A, 0x3F, 0x71, 0x27, 0xBE, 0x45, 0xFC, 0x89, 0x81, 0x9A, 0x00, 0x8E, 0x08, 0xBA, 0x4D, 0x9D,
    0x5C, 0xA5, 0x1E, 0xB6, 0xE0, 0xDF, 0xCB, 0xE0, 0x54, 0x06, 0xAB, 0x01, 0xF6, 0x62, 0xC1, 0xCD,
    0x31, 0x3F, 0x31, 0xC0, 0xCE, 0x2F, 0x0B, 0x8E, 0xC3, 0x22, 0x66, 0x67, 0x76, 0x15, 0x5A, 0xC1,
    0xE6, 0x6B, 0xB6, 0x1D, 0x79, 0x6F, 0x25, 0x2B, 0x57, 0x9D, 0x9F, 0xA7, 0x2B, 0x5B, 0xC0, 0x14,
    0x5D, 0x85, 0x93, 0x9C, 0x8B, 0xE0, 0x26, 0x51, 0xE8, 0x5D, 0xB7, 0xA7, 0xFC, 0x89, 0x82, 0x32,
    0x9C, 0xE6, 0x16, 0x0E, 0x45, 0xEA, 0x56, 0x16, 0xFB, 0x87, 0x5F, 0x62, 0xB1, 0x8B, 0x48, 0x9B,
    0x16, 0x07, 0x28, 0x33, 0x53, 0x99, 0xF0, 0x92, 0x89, 0x94, 0x59, 0xEE, 0xAE, 0xEB, 0x7F, 0xE7,
    0xB8, 0x78, 0xDA, 0x49, 0x73, 0xFF, 0x7A, 0x12, 0x68, 0xB3, 0xB6, 0x8C, 0x41, 0x07, 0xCB, 0xDC,
    0xB8, 0xF3, 0xD6, 0xFB, 0x30, 0x45, 0xD6, 0x07, 0xE6, 0xCE, 0xDE, 0xBA, 0x19, 0x57, 0x94, 0x61,
    0x76, 0xFF, 0xFA, 0x1E, 0x25, 0x5D, 0xD8, 0xB4, 0x9D, 0xF7, 0xD3, 0xB5, 0xF7, 0xB3, 0xB5, 0xF3,
    0xD9, 0xDA, 0x9F, 0xB3, 0xCE, 0xFB, 0xC9, 0xD2, 0xD0, 0xFA, 0x7B, 0x38, 0x7B, 0xB3, 0x57, 0x85,
    0xF6, 0x83, 0x3C, 0x5B, 0xC9, 0x56, 0x3E, 0xC8, 0x42, 0x2B, 0x3B, 0xB3, 0x7F, 0x91, 0xCA, 0xD9,
    0xE1, 0xCD, 0x87, 0x9F, 0xF0, 0x68, 0xA8, 0xAB, 0x12, 0x9D, 0x2E, 0x56, 0x95, 0x6D, 0x53, 0x69,
    0xCA, 0x42, 0xCB, 0x56, 0x72, 0x6B, 0xDC, 0xD4, 0x2A, 0x37, 0x89, 0x37, 0x93, 0xB8, 0x4A, 0x28,
    0xC6, 0xD2, 0x65, 0x13, 0xF9, 0xB6, 0xE5, 0xD7, 0x03, 0x06, 0xC0, 0x10, 0xA2, 0x2A, 0x2F, 0x99,
    0xF3, 0x92, 0xCE, 0x65, 0xA3, 0x76, 0xE0, 0x59, 0x95, 0x04, 0xA6, 0x8D, 0x8B, 0x9C, 0xFE, 0xB8,
    0x33, 0xFA, 0xC6, 0xB9, 0x4A, 0xD8, 0x43, 0xBC, 0xF1, 0xC7, 0xF5, 0xE5, 0x3D, 0x95, 0x46, 0xA8,
    0xD9, 0x3E, 0x80, 0xE5, 0xA9, 0x02, 0x9D, 0xB2, 0x32, 0xBA, 0x2C, 0x11, 0x96, 0x05, 0xE2, 0xC7,
    0x80, 0x3C, 0xD7, 0x04, 0xA7, 0x2C, 0xA6, 0x06, 0xF5, 0x2D, 0x10, 0x10, 0x7E, 0x20, 0xEB, 0x1B,
    0xF1, 0xEC, 0xE0, 0x05, 0xBA, 0x98, 0xA6, 0xA6, 0x7F, 0x46, 0x65, 0x39, 0x26, 0x4E, 0xBD, 0x6F,
    0x9C, 0x7E, 0x16, 0x8B, 0x71, 0xBA, 0x13, 0xE8, 0x4B, 0xC9, 0xA2, 0x97, 0x46, 0x4E, 0x16, 0x39,
    0x79, 0x04, 0xE2, 0x6C, 0xD1, 0x4D, 0xF4, 0x25, 0xCB, 0xDD, 0x58, 0x3F, 0x8D, 0xAD, 0x36, 0x3A,
    0x0B, 0xB2, 0x6F, 0xFE, 0xA7, 0x99, 0xF7, 0x59, 0xAE, 0x3E, 0x4A, 0xB9, 0x9F, 0xD1, 0x12, 0xFA,
    0x6D, 0x98, 0x39, 0x38, 0x46, 0xE4, 0x88, 0x53, 0x9A, 0x0B, 0xBC, 0x14, 0xBE, 0x11, 0x4C, 0x1D,
    0x12, 0xB7, 0x6A, 0xDC, 0xAE, 0x71, 0x5F, 0x1B, 0x2F, 0x75, 0xD2, 0x98, 0xD8, 0xB3, 0x7F, 0x23,
    0x56, 0xF8, 0x97, 0xF1, 0xB3, 0x93, 0xDE, 0x0D, 0x13, 0xEF, 0x45, 0x8A, 0xE6, 0x83, 0x2B, 0xA7,
    0x04, 0x67, 0x6D, 0x62, 0x6E, 0x4C, 0x55, 0x08, 0xAD, 0x66, 0xC3, 0xF8, 0xA4, 0x25, 0xF8, 0xB1,
    0xBC, 0x66, 0x1F, 0xE1, 0x95, 0x8F, 0x2C, 0x79, 0x7D, 0xFA, 0xCF, 0x9C, 0xBC, 0xDE, 0x4E, 0xB6,
    0xC9, 0xCB, 0xB3, 0xDB, 0xE4, 0x05, 0x6C, 0x91, 0x17, 0x40, 0xF7, 0x5A, 0xA9, 0x1D, 0x2D, 0x13,
    0xE2, 0xA4, 0x15, 0x9D, 0x10, 0x5A, 0x0C, 0x06, 0x1A, 0xDE, 0xEE, 0x98, 0xB4, 0xBC, 0xAA, 0xF4,
    0xC5, 0xAF, 0xC4, 0x2C, 0xD0, 0x07, 0x2D, 0x03, 0x64, 0xE1, 0x5B, 0x99, 0xA4, 0xE1, 0x43, 0x4C,
    0x84, 0x7C, 0x69, 0x25, 0x2D, 0x59, 0x07, 0xC3, 0x54, 0x4A, 0x82, 0xF9, 0x42, 0x3A, 0xE7, 0x7D,
    0x98, 0xFC, 0x24, 0xED, 0x5C, 0x7E, 0xCD, 0x7E, 0x96, 0xAA, 0x1D, 0xED, 0xD2, 0xD2, 0x71, 0xCA,
    0x7B, 0x95, 0xB8, 0x3D, 0xEB, 0x12, 0xF7, 0x75, 0x45, 0x9D, 0x53, 0x80, 0x4C, 0x16, 0xE0, 0xD6,
    0x32, 0x10, 0x97, 0x70, 0xC6, 0x4D, 0xC8, 0xA2, 0x57, 0xC8, 0xEA, 0xE4, 0xCA, 0xC1, 0xF0, 0xA3,
    0x32, 0x04, 0x74, 0xF6, 0xDA, 0x26, 0x4B, 0x2F, 0x2B, 0xBD, 0x7C, 0xE0, 0x66, 0xF1, 0x25, 0xAB,
    0x48, 0xC6, 0x17, 0x75, 0xA8, 0x54, 0xF6, 0xB0, 0x9E, 0xBA, 0x88, 0x03, 0xC7, 0x58, 0x5E, 0x08,
    0xF2, 0x86, 0xE2, 0xAA, 0x5D, 0x19, 0xAC, 0x39, 0x65, 0x56, 0x62, 0xE6, 0x4B, 0x12, 0x34, 0x23,
    0x2E, 0x1E, 0xE7, 0x24, 0xDC, 0xF4, 0xC9, 0x0A, 0x15, 0x75, 0x8E, 0xBB, 0xAF, 0x8F, 0x45, 0x25,
    0xAB, 0x34, 0x78, 0x5A, 0x29, 0x59, 0x84, 0x08, 0xD6, 0xD1, 0x5B, 0x1F, 0x15, 0x6E, 0xC5, 0x31,
    0x4A, 0x28, 0x87, 0x82, 0xC4, 0x76, 0x64, 0xFE, 0xB1, 0xB3, 0xEC, 0x8B, 0x9F, 0x08, 0x51, 0xFF,
    0x3E, 0xD1, 0x82, 0xEC, 0xC1, 0x1C, 0xCC, 0x71, 0xB2, 0xAC, 0x75, 0xBA, 0x34, 0x11, 0x46, 0xA1,
    0x39, 0x76, 0x01, 0x03, 0x06, 0x1A, 0xC4, 0x17, 0x38, 0xAD, 0xBE, 0x3B, 0x6E, 0x75, 0xFE, 0x42,
    0xE8, 0xC9, 0xE6, 0xF9, 0xE7, 0x05, 0x89, 0x31, 0x7B, 0x5F, 0x62, 0x9A, 0x48, 0x8E, 0x9B, 0x79,
    0x55, 0x09, 0x5E, 0xBB, 0xC6, 0x4C, 0x84, 0x76, 0x47, 0xFC, 0xB5, 0xDF, 0x11, 0xDF, 0x4D, 0x25,
    0x28, 0xBA, 0x49, 0x87, 0xFB, 0xEA, 0x99, 0x8E, 0x93, 0x40, 0xDD, 0x1A, 0x6E, 0x24, 0x92, 0x57,
    0x99, 0x3A, 0x5B, 0xE8, 0x90, 0xE4, 0x39, 0xC8, 0xF3, 0xBE, 0x84, 0x4F, 0x27, 0x25, 0x7E, 0x9E,
    0x86, 0xD0, 0xC1, 0x49, 0xBA, 0x66, 0x07, 0x8B, 0x41, 0xEA, 0x0C, 0x5F, 0x1F, 0x8C, 0x4A, 0x5F,
    0x12, 0x71, 0x58, 0xAE, 0xB8, 0x93, 0xCD, 0x5C, 0x25, 0x6E, 0xC1, 0xFC, 0xB7, 0xC5, 0x58, 0xDB,
    0x5E, 0x03, 0xBE, 0x3F, 0xA8, 0xDD, 0xF6, 0x20, 0xAC, 0x49, 0x3C, 0x91, 0x0C, 0x6D, 0x71, 0x86,
    0xAE, 0xB6, 0xE5, 0x4C, 0x36, 0x52, 0x84, 0xD4, 0x0E, 0x2B, 0x8E, 0x3A, 0x0F, 0xCB, 0x12, 0x67,
    0xA9, 0x19, 0xBE, 0xAC, 0x0D, 0x51, 0x14, 0x12, 0x9B, 0x3A, 0x6A, 0xEC, 0x1F, 0xBD, 0xAA, 0xC2,
    0xFC, 0xDD, 0x2E, 0x63, 0x1A, 0x03, 0x44, 0xEA, 0x26, 0xA2, 0x15, 0x2F, 0x3D, 0x41, 0x60, 0x20,
    0xF9, 0x7C, 0xC0, 0x60, 0x32, 0xE6, 0x7D, 0x44, 0x78, 0x09, 0xCD, 0x3B, 0x5C, 0x24, 0x30, 0x02,
    0xBB, 0xE9, 0xFC, 0xDD, 0x4B, 0x49, 0x4F, 0x64, 0x94, 0xEA, 0x42, 0xF8, 0xE9, 0xA4, 0x66, 0xF9,
    0x4C, 0x69, 0x8B, 0xCF, 0xC6, 0xA4, 0x3B, 0xCA, 0x18, 0x6B, 0x98, 0xDC, 0x71, 0xE2, 0x99, 0xD1,
    0x76, 0xB3, 0x6D, 0x2E, 0x9B, 0x5B, 0xCE, 0xDF, 0x67, 0xB9, 0x66, 0xA6, 0x74, 0x43, 0x2F, 0xEC,
    0xD7, 0xF4, 0x26, 0xF3, 0x85, 0x97, 0x3E, 0xE9, 0x9C, 0xBF, 0xD3, 0x9B, 0x50, 0x63, 0x63, 0xAF,
    0x98, 0x35, 0x87, 0x1B, 0xCD, 0xAD, 0x53, 0x39, 0xC2, 0x01, 0xB6, 0x16, 0x60, 0x9C, 0x66, 0x0E,
    0x58, 0xEE, 0x71, 0x0D, 0x87, 0xB9, 0xE6, 0xEF, 0xC8, 0xF8, 0x25, 0x65, 0x63, 0x9D, 0x10, 0x37,
    0x32, 0x07, 0x95, 0x95, 0x4A, 0xAF, 0x38, 0xD4, 0x35, 0xB3, 0x23, 0xE3, 0x83, 0x6A, 0x62, 0xE1,
    0xEF, 0x6E, 0x94, 0xF2, 0xA8, 0x27, 0x88, 0x46, 0x58, 0x48, 0x31, 0xCB, 0xA5, 0x64, 0x82, 0xF2,
    0xB8, 0x1A, 0x7B, 0x39, 0x2B, 0x5A, 0x1A, 0x86, 0xFC, 0xB9, 0xFF, 0x82, 0xB5, 0xEE, 0x74, 0x5C,
    0x20, 0xD3, 0x6E, 0x93, 0xCA, 0x26, 0xC3, 0x48, 0x25, 0x35, 0x9E, 0x4A, 0xCD, 0x63, 0x43, 0x57,
    0xAF, 0x40, 0x55, 0xCC, 0x8F, 0xE9, 0x8C, 0xFE, 0x84, 0x06, 0xE1, 0x6F, 0x0A, 0xFA, 0x7D, 0x42,
    0x74, 0x83, 0xA9, 0xD8, 0xBF, 0x9E, 0x13, 0xBD, 0x59, 0x12, 0xD9, 0x81, 0xA0, 0x58, 0x50, 0x70,
    0x9E, 0x48, 0x7F, 0x42, 0xE4, 0xDD, 0x23, 0x72, 0x2B, 0x22, 0x70, 0x6F, 0x53, 0x2E, 0xB7, 0x57,
    0x8A, 0xDF, 0xCC, 0xA2, 0xF1, 0x1D, 0xC6, 0x87, 0x4C, 0x6E, 0xAF, 0x1E, 0x88, 0x20, 0x81, 0x94,
    0xA7, 0x93, 0xCD, 0x8C, 0x0B, 0x66, 0x70, 0x09, 0xC4, 0xDB, 0x96, 0xC5, 0xDD, 0xE8, 0x74, 0x81,
    0xA1, 0xF7, 0x69, 0xFB, 0x18, 0x64, 0xE4, 0xAD, 0xD0, 0x66, 0xE0, 0x30, 0xAC, 0xA1, 0x94, 0x48,
    0x4C, 0x2A, 0x34, 0x14, 0xF1, 0x4B, 0x86, 0x1E, 0x41, 0xB7, 0xF7, 0x93, 0x9E, 0x32, 0xC7, 0xCF,
    0xD2, 0x91, 0x74, 0xE0, 0x4B, 0x91, 0xA5, 0x85, 0x6F, 0x5B, 0xFC, 0x69, 0xCE, 0x39, 0x56, 0x96,
    0x81, 0x88, 0xF5, 0xBB, 0xAF, 0x04, 0x5F, 0x3B, 0x7E, 0x01, 0x23, 0x89, 0xEB, 0x43, 0x96, 0xD4,
    0xCD, 0xDD, 0x71, 0xEF, 0x20, 0x43, 0x79, 0xBA, 0xE8, 0x25, 0xEA, 0x42, 0x9D, 0x5F, 0xD8, 0xF7,
    0xFC, 0x17, 0x5A, 0x99, 0xC8, 0x4D, 0x4F, 0x83, 0x1E, 0x51, 0xBD, 0x99, 0xA1, 0xB7, 0xF1, 0x95,
    0x75, 0xC4, 0x2B, 0x68, 0xEA, 0xB1, 0x61, 0xC2, 0xA9, 0x58, 0x7B, 0xBB, 0x1F, 0xA7, 0x21, 0xD4,
    0x6B, 0x59, 0xC8, 0x8A, 0x8A, 0xE8, 0x9C, 0xA0, 0x8C, 0xC8, 0x63, 0x94, 0x09, 0x68, 0xAF, 0x89,
    0xFE, 0x03, 0xBD, 0xC2, 0xCF, 0xA5, 0x8A, 0x2B, 0x98, 0x14, 0xD4, 0x68, 0xA3, 0xC0, 0xA2, 0x62,
    0x33, 0xD4, 0x54, 0x4A, 0xB5, 0x89, 0x36, 0x95, 0xD2, 0xC2, 0xC3, 0x42, 0x32, 0x1C, 0x55, 0x39,
    0x5B, 0xCB, 0xEE, 0x3A, 0x7D, 0x4A, 0xE3, 0xB0, 0xC8, 0x9F, 0xA2, 0x59, 0x09, 0x0A, 0xD2, 0x1C,
    0x89, 0xF5, 0x8F, 0x36, 0xF2, 0x69, 0xB3, 0x35, 0xAD, 0x94, 0xCC, 0xB4, 0x52, 0x72, 0xD3, 0xEF,
    0x80, 0xE5, 0x95, 0x47, 0x2B, 0xA5, 0x13, 0xFB, 0x95, 0xD2, 0xF1, 0xB0, 0xAC, 0x2B, 0x96, 0xF0,
    0xFC, 0x23, 0xB5, 0xCB, 0x77, 0xA2, 0xD3, 0x83, 0xD5, 0x27, 0x03, 0x7B, 0x95, 0xB2, 0x05, 0x1A,
    0x19, 0x06, 0xC9, 0x48, 0x6A, 0xE7, 0xBE, 0xA4, 0x6B, 0x6E, 0xFA, 0xB2, 0x28, 0x22, 0x14, 0x1B,
    0xD0, 0xFF, 0x10, 0xE5, 0xD4, 0x95, 0x8D, 0xB8, 0xB3, 0x93, 0x3F, 0x01, 0xF9, 0x3B, 0xC2, 0x87,
    0x96, 0xD3, 0xAB, 0x9A, 0xD4, 0x5F, 0xE7, 0xA9, 0xEA, 0x0E, 0xF3, 0x57, 0xC5, 0x7B, 0xCD, 0x9C,
    0xA6, 0x08, 0x7E, 0x3A, 0x85, 0xA4, 0x79, 0xD6, 0x6B, 0x72, 0xDB, 0x7F, 0xEA, 0xBE, 0x44, 0x12,
    0x45, 0x3D, 0x9F, 0xF5, 0x08, 0xB0, 0x3B, 0x92, 0x79, 0xC6, 0xB7, 0x4A, 0x4E, 0xA3, 0xAC, 0xA6,
    0xB7, 0xB4, 0x30, 0xB2, 0x57, 0xD0, 0xB5, 0x34, 0xD9, 0x37, 0x05, 0xD8, 0xEB, 0x59, 0x76, 0x63,
    0xB6, 0x97, 0x4A, 0xA3, 0x4F, 0xB3, 0x1F, 0x13, 0x3A, 0xFA, 0x06, 0xDD, 0xF2, 0x86, 0x8D, 0x46,
    0x37, 0x76, 0x8B, 0xEA, 0xED, 0xD1, 0xBA, 0x08, 0x22, 0xE5, 0x97, 0xD4, 0x5C, 0x75, 0xC4, 0x7D,
    0x6E, 0xDA, 0x8C, 0xD3, 0x59, 0x97, 0x37, 0x13, 0xB0, 0xE1, 0x01, 0x9B, 0x84, 0x66, 0xC0, 0x1B,
    0xAC, 0x66, 0x59, 0x72, 0xC5, 0xAF, 0xE6, 0x7C, 0x36, 0x05, 0x66, 0x92, 0xF8, 0x2F, 0xBB, 0xD0,
    0xD9, 0xB0, 0x89, 0xE0, 0xE1, 0xB4, 0x10, 0xE2, 0x14, 0xC7, 0x3C, 0x05, 0xAD, 0x7E, 0x63, 0x7D,
    0x52, 0x4D, 0x6A, 0x2E, 0xF2, 0x45, 0xC7, 0x1E, 0x99, 0x96, 0x5A, 0x37, 0x75, 0x16, 0x7B, 0x38,
    0x89, 0x1D, 0x85, 0x8E, 0xA6, 0x31, 0x89, 0x79, 0xEA, 0x87, 0xAC, 0xF3, 0x48, 0xB2, 0x5D, 0x6C,
    0x8A, 0x66, 0xFF, 0x02, 0x81, 0x56, 0xE8, 0xBD, 0x77, 0xB0, 0x60, 0x3E, 0x0A, 0x4D, 0x7F, 0x32,
    0x33, 0xE1, 0xA4, 0xFB, 0x9B, 0x6C, 0x51, 0xD9, 0xDA, 0xF1, 0xB5, 0x23, 0x2D, 0x1F, 0xD1, 0x1B,
    0xAC, 0x92, 0x55, 0xB5, 0x7B, 0x6B, 0x5D, 0xA6, 0xD6, 0xF3, 0x88, 0xC8, 0x6D, 0xC0, 0x25, 0xAC,
    0xC4, 0xEF, 0xC5, 0x1B, 0xB4, 0x73, 0x72, 0x74, 0x46, 0x56, 0x7D, 0x9E, 0x87, 0x28, 0x3B, 0x4E,
    0x39, 0x40, 0xB1, 0x5D, 0x77, 0x90, 0xE3, 0xBA, 0xB0, 0x5D, 0x93, 0x28, 0x3D, 0xA7, 0x3F, 0x67,
    0xD5, 0x6D, 0xF1, 0x0A, 0xA4, 0xBE, 0xF0, 0x8D, 0xB3, 0x69, 0xE8, 0x37, 0xD2, 0x3B, 0xE7, 0xF5,
    0x50, 0xF6, 0x8B, 0x33, 0xF5, 0x47, 0x08, 0xD2, 0xB9, 0x97, 0x2F, 0xA1, 0x88, 0x30, 0x18, 0x60,
    0x30, 0xAA, 0xCA, 0xC9, 0xAD, 0x77, 0x1E, 0xA2, 0x73, 0x86, 0x74, 0x1C, 0xD2, 0x61, 0x4D, 0x4C,
    0x7B, 0x0C, 0x6B, 0xA3, 0xB3, 0xFF, 0xCF, 0xC4, 0x48, 0x3A, 0x65, 0xA7, 0x32, 0xDE, 0x5B, 0xC9,
    0xF3, 0x58, 0x3F, 0xFC, 0x44, 0xFF, 0xEF, 0x99, 0xFE, 0x28, 0x27, 0x9E, 0x7E, 0x2C, 0x39, 0xDC,
    0xAC, 0x36, 0xFF, 0x0A, 0xA5, 0xBD, 0xE6, 0x1A, 0xE3, 0x2C, 0x64, 0x8A, 0xF8, 0xE6, 0x39, 0x5F,
    0xC4, 0xAC, 0x02, 0x99, 0x30, 0x6C, 0x84, 0xD3, 0x12, 0xAD, 0xEC, 0xC8, 0xEA, 0x47, 0xCE, 0x6E,
    0x5A, 0x95, 0x4C, 0xFD, 0x54, 0x96, 0x1E, 0x60, 0x71, 0x01, 0xA7, 0x5D, 0x59, 0x84, 0x2E, 0xA1,
    0xCA, 0x5A, 0x7D, 0x4F, 0xB8, 0x58, 0x07, 0xEA, 0xCA, 0x76, 0xB4, 0xB9, 0x16, 0x08, 0x6E, 0x96,
    0x7E, 0xC8, 0x59, 0xB5, 0x29, 0xDD, 0xA1, 0xBA, 0xBA, 0x14, 0x59, 0x13, 0xDA, 0x7C, 0x39, 0xB7,
    0x5A, 0x7F, 0x30, 0x72, 0x26, 0x01, 0xF4, 0xBD, 0xFB, 0x94, 0xB3, 0x27, 0x02, 0x32, 0xFD, 0x06,
    0x86, 0xF5, 0x1C, 0x24, 0x2F, 0xCB, 0xEF, 0x00, 0x4B, 0x7C, 0xDE, 0xE1, 0xFB, 0x6D, 0x8E, 0xA3,
    0x25, 0x49, 0xE2, 0xBB, 0x7D, 0x02, 0xCE, 0xFD, 0x2F, 0xA8, 0xBA, 0xE2, 0x81, 0xA9, 0xFE, 0xC6,
    0x2F, 0xD1, 0xBD, 0x36, 0x22, 0x79, 0x0A, 0x99, 0x28, 0x2A, 0xE1, 0xC9, 0x10, 0xA4, 0x41, 0x3A,
    0x2A, 0x7B, 0x63, 0xA4, 0x53, 0x12, 0xD2, 0x33, 0xC9, 0x37, 0x45, 0x77, 0x7F, 0x47, 0xD6, 0xA1,
    0xEE, 0x95, 0x35, 0xE7, 0x88, 0x4A, 0x97, 0x35, 0x91, 0xBB, 0x29, 0x09, 0x63, 0xC2, 0x80, 0xE1,
    0x5C, 0x36, 0x23, 0xE6, 0x5B, 0x6E, 0x0E, 0xC4, 0x18, 0xEA, 0xD6, 0x49, 0xE2, 0x97, 0xD4, 0x38,
    0xF2, 0x5D, 0xEC, 0xE2, 0x53, 0xD0, 0x3A, 0x85, 0xDA, 0xB6, 0xF1, 0x15, 0x8D, 0x9A, 0x66, 0xE2,
    0xD6, 0xDB, 0x79, 0x34, 0x5A, 0x6E, 0x31, 0x07, 0x7F, 0xD4, 0xC7, 0x09, 0xF5, 0x75, 0x5A, 0x39,
    0x0A, 0x1D, 0x2F, 0xCD, 0xE1, 0x7F, 0x56, 0xD6, 0xBF, 0x4F, 0x43, 0x47, 0x1A, 0xDD, 0x5E, 0xF3,
    0xB5, 0x10, 0xFB, 0x1F, 0x4A, 0xEB, 0xE3, 0xC1, 0xF3, 0xF9, 0x9D, 0xAB, 0x18, 0x8E, 0x32, 0x37,
    0x57, 0xA9, 0x97, 0x68, 0xF6, 0xBB, 0x9D, 0x42, 0xD9, 0xBC, 0xD0, 0xD7, 0x93, 0x82, 0x39, 0xA3,
    0x50, 0x5F, 0x20, 0xF7, 0x73, 0x37, 0xF7, 0x72, 0x66, 0xAB, 0xC9, 0xA6, 0x59, 0x0C, 0xCA, 0xA6,
    0xB7, 0x5C, 0x9B, 0xC6, 0x7C, 0x49, 0x8B, 0x8D, 0x23, 0xE3, 0xE5, 0xE4, 0xE5, 0x24, 0xE4, 0xE9,
    0x7F, 0xEB, 0x29, 0x39, 0x2F, 0x48, 0xDC, 0xDD, 0xBF, 0xDE, 0xC1, 0xE8, 0xFA, 0xB8, 0x09, 0xF8,
    0x14, 0xD2, 0x13, 0x63, 0xFD, 0x3A, 0x0F, 0x1D, 0x89, 0x56, 0x9D, 0x9D, 0xB9, 0x9E, 0x65, 0xD2,
    0xDB, 0x92, 0xF8, 0xF2, 0xDC, 0xD1, 0x69, 0x15, 0x1D, 0xC6, 0x66, 0x96, 0xCD, 0x45, 0xE7, 0xC1,
    0x06, 0x1C, 0x4D, 0xBE, 0x2B, 0xCD, 0x77, 0x55, 0x91, 0x4F, 0xFA, 0x8C, 0xA9, 0x7C, 0xA3, 0x32,
    0x2E, 0xC2, 0x74, 0x9E, 0x15, 0x80, 0x6F, 0xFC, 0x94, 0xC5, 0x66, 0x76, 0x92, 0x6A, 0x68, 0x71,
    0x28, 0x95, 0x3B, 0x58, 0xE1, 0xD6, 0xC8, 0x7F, 0x0A, 0xA4, 0x24, 0x92, 0xAF, 0x85, 0xA6, 0xA9,
    0x5A, 0x98, 0x67, 0x7F, 0xC4, 0x21, 0x03, 0x0E, 0x19, 0x52, 0x44, 0xA9, 0xB5, 0x47, 0x84, 0xEE,
    0xD4, 0x17, 0x0E, 0xC0, 0xC7, 0x7B, 0x50, 0x5F, 0x8E, 0x8C, 0xCA, 0x54, 0xBD, 0x22, 0x02, 0xEF,
    0xDC, 0xBC, 0x01, 0xB9, 0x17, 0xF0, 0xF9, 0x9C, 0xEE, 0xCB, 0xBA, 0x42, 0xDD, 0x2F, 0x0F, 0xCC,
    0x0F, 0xC8, 0x7A, 0x24, 0x35, 0xCE, 0xF6, 0x12, 0xD3, 0x41, 0xDC, 0xFC, 0xE2, 0xD9, 0xAE, 0xFD,
    0x7F, 0xB5, 0x5A, 0x4F, 0x68, 0x1C, 0xD7, 0x19, 0xFF, 0x66, 0x26, 0xD1, 0xC4, 0x99, 0x58, 0xA3,
    0x43, 0x21, 0x06, 0xD9, 0x1E, 0x1F, 0x72, 0x30, 0x8E, 0xAD, 0xC9, 0x41, 0x50, 0x95, 0xCA, 0x3B,
    0x93, 0xF6, 0xD0, 0x43, 0x2E, 0x81, 0xD6, 0xF4, 0xE0, 0x83, 0x73, 0x0F, 0x74, 0x4D, 0x09, 0x54,
    0xB4, 0xB2, 0x77, 0x1C, 0x17, 0x0C, 0x35, 0xC4, 0x3A, 0xB4, 0xE7, 0xFA, 0xE0, 0x4B, 0x24, 0x12,
    0xA9, 0x60, 0xA8, 0xA0, 0x6B, 0xCD, 0x24, 0xD7, 0x42, 0x33, 0xB4, 0x85, 0x1E, 0x7A, 0xE8, 0x04,
    0x6C, 0x28, 0xAB, 0x82, 0x27, 0x65, 0x52, 0x46, 0xF2, 0x6A, 0xA6, 0xBF, 0xDF, 0x9B, 0xD9, 0xD5,
    0xAE, 0x2C, 0x59, 0x7F, 0xAC, 0xDD, 0xDD, 0xF7, 0xED, 0xEE, 0xFC, 0x79, 0xDF, 0xEF, 0xFB, 0xDE,
    0x7B, 0xDF, 0xBF, 0x37, 0xF2, 0xFA, 0xA2, 0x2F, 0x62, 0x97, 0x91, 0x3C, 0xF7, 0xEA, 0xA2, 0xE9,
    0x24, 0xC6, 0x1A, 0x88, 0xD9, 0x04, 0xB1, 0x6C, 0x5C, 0x3C, 0x6E, 0x07, 0x22, 0xA7, 0x2D, 0xDC,
    0x31, 0x6B, 0xC4, 0x22, 0xD3, 0x46, 0x2A, 0xB2, 0xA2, 0x83, 0x94, 0x65, 0x26, 0xF2, 0xE4, 0x4A,
    0x57, 0xF4, 0x48, 0xE6, 0xC5, 0x08, 0xA4, 0x21, 0xA6, 0x2F, 0xAE, 0x38, 0x0B, 0xD2, 0x5A, 0x08,
    0x33, 0xBD, 0x4C, 0xC9, 0xCC, 0x29, 0x83, 0x21, 0x36, 0x66, 0x21, 0xD2, 0x58, 0x8E, 0x64, 0x15,
    0x9D, 0xB5, 0xF5, 0x04, 0x3C, 0xD1, 0xD5, 0x4F, 0x53, 0xB1, 0xCA, 0x54, 0xBC, 0x1F, 0xA4, 0x38,
    0x56, 0x37, 0xF0, 0xF1, 0x3E, 0xDB, 0x14, 0x3B, 0x01, 0x9C, 0xEF, 0x08, 0x31, 0x68, 0xC0, 0x60,
    0x2F, 0x01, 0x92, 0xBE, 0x35, 0x72, 0xE8, 0xEC, 0xF6, 0x94, 0x44, 0xF2, 0x86, 0x1E, 0x88, 0xB5,
    0x8C, 0xEE, 0xF3, 0x97, 0x14, 0x61, 0x27, 0x48, 0x07, 0xE4, 0x75, 0x82, 0x3C, 0x69, 0x11, 0xA4,
    0x01, 0x90, 0x33, 0x0A, 0x24, 0x3B, 0x0B, 0x09, 0xE0, 0xC9, 0x95, 0x5C, 0x34, 0xE2, 0x03, 0xC8,
    0xCB, 0x03, 0x20, 0x9B, 0x89, 0x16, 0x26, 0x3D, 0x90, 0x67, 0x08, 0x68, 0x05, 0x4D, 0xE3, 0x3F,
    0x6D, 0x93, 0x7F, 0xD7, 0xFA, 0x08, 0xDB, 0xE8, 0x71, 0xAE, 0x46, 0xC8, 0xEB, 0xDD, 0xF5, 0x54,
    0x6E, 0xEA, 0x03, 0x08, 0xCD, 0x0A, 0xA1, 0xA5, 0x10, 0x5E, 0x17, 0xF2, 0x13, 0x42, 0x31, 0xFE,
    0x8D, 0xDF, 0x14, 0xF9, 0x62, 0x85, 0xDC, 0x80, 0xBE, 0xC6, 0xFD, 0x6D, 0x15, 0xB8, 0xF9, 0x75,
    0xBD, 0x58, 0x4E, 0xAD, 0x48, 0xCF, 0x20, 0xC8, 0xC3, 0x06, 0xC0, 0xDF, 0xC0, 0x30, 0xB5, 0x71,
    0x6A, 0x67, 0xC3, 0x71, 0xF1, 0xD0, 0x9C, 0x40, 0xCE, 0x5B, 0x89, 0x3C, 0xD4, 0x8A, 0xA5, 0x58,
    0x1C, 0x8C, 0x20, 0x24, 0xB2, 0x23, 0xC8, 0x23, 0x73, 0x22, 0xEF, 0xB3, 0x53, 0x2D, 0x0C, 0xAC,
    0x4E, 0xEA, 0x4A, 0x7E, 0x59, 0xCB, 0xDB, 0x92, 0xAD, 0x8A, 0xE4, 0x8A, 0x79, 0x5B, 0x75, 0xE2,
    0xC9, 0x84, 0xDD, 0xC9, 0x34, 0x4C, 0x27, 0xE8, 0x43, 0x2C, 0x88, 0xEB, 0xE2, 0xC4, 0x1C, 0xD8,
    0xFB, 0xDA, 0xF1, 0x81, 0xBA, 0x48, 0xF5, 0x81, 0x89, 0xF1, 0x71, 0x3C, 0x26, 0x1F, 0x1C, 0x02,
    0x14, 0xC7, 0x0E, 0xDA, 0x54, 0xDF, 0xC7, 0xA9, 0xA5, 0xCB, 0x04, 0x44, 0x2A, 0x87, 0x51, 0x11,
    0x55, 0x42, 0xD5, 0x50, 0x45, 0x54, 0x95, 0x1E, 0x1D, 0x2B, 0x2A, 0xA8, 0x06, 0x0A, 0xD2, 0x4A,
    0x9F, 0xD8, 0x2E, 0x1E, 0x16, 0x98, 0x3C, 0x3C, 0x0B, 0xD2, 0xE0, 0xF4, 0xB2, 0x13, 0x51, 0x13,
    0x61, 0xE0, 0xD5, 0x2A, 0x31, 0x89, 0x9D, 0xCE, 0x72, 0x02, 0x55, 0x6A, 0x5D, 0xEA, 0xF3, 0x26,
    0x89, 0x4B, 0x62, 0x07, 0x24, 0xD1, 0x2E, 0x84, 0x27, 0x1C, 0xBF, 0x77, 0x1D, 0xD6, 0x74, 0xAC,
    0x67, 0xE8, 0x25, 0x8C, 0xD0, 0xDF, 0x06, 0x79, 0x14, 0x97, 0x44, 0x5B, 0x83, 0x2C, 0x53, 0xE0,
    0x3D, 0x75, 0x12, 0x6D, 0x06, 0x6D, 0x42, 0x0B, 0xD7, 0xC4, 0xEA, 0x14, 0xB8, 0xAB, 0x21, 0xB3,
    0x32, 0x05, 0xB8, 0x53, 0xB2, 0x8A, 0x96, 0xD7, 0xAD, 0x8D, 0xE3, 0xF3, 0x68, 0x0D, 0x08, 0xEA,
    0xAC, 0x3F, 0xF5, 0xF5, 0xC2, 0x49, 0x9C, 0xB2, 0x08, 0xC4, 0xDC, 0x5C, 0x02, 0xFE, 0x4C, 0x5A,
    0x24, 0x50, 0x4F, 0x26, 0x30, 0x33, 0x99, 0x18, 0x09, 0x49, 0xEA, 0x95, 0x5D, 0x23, 0xBD, 0xB0,
    0xF9, 0x00, 0x06, 0x80, 0x7F, 0x7B, 0x27, 0xCC, 0xB8, 0x77, 0x9D, 0xC3, 0xDB, 0x1E, 0xA1, 0x97,
    0xE5, 0x14, 0x16, 0xB2, 0xF0, 0x09, 0x10, 0x28, 0x6F, 0xA2, 0x4D, 0x61, 0x84, 0xCA, 0x44, 0x5E,
    0x6D, 0xF9, 0xFC, 0x7D, 0x14, 0x80, 0xDA, 0xE2, 0x03, 0xAC, 0xF6, 0x5C, 0x86, 0xB5, 0x5A, 0xCA,
    0xE4, 0x93, 0x26, 0x34, 0x64, 0x42, 0x55, 0x3A, 0x75, 0x06, 0x1D, 0xBD, 0x82, 0x76, 0x51, 0x8C,
    0x4E, 0x5B, 0x8C, 0x92, 0xAA, 0x9E, 0x45, 0x3B, 0x2D, 0xD5, 0x39, 0x79, 0x1F, 0x2D, 0xC6, 0xB5,
    0xF1, 0xE4, 0x93, 0xAB, 0x11, 0xEE, 0x8F, 0xC6, 0x16, 0x03, 0xAB, 0xDC, 0x9E, 0xDE, 0x1C, 0xF2,
    0xF5, 0x74, 0x4A, 0xB2, 0x59, 0x69, 0xB7, 0xA5, 0x1D, 0x96, 0x79, 0xB1, 0xF8, 0x60, 0x60, 0xC8,
    0xCF, 0x57, 0x43, 0xAE, 0xCB, 0x6B, 0x98, 0x7E, 0xE7, 0x45, 0x36, 0xB9, 0x64, 0x83, 0x63, 0x45,
    0x84, 0x6E, 0x4E, 0xC8, 0x07, 0x26, 0x0E, 0xAE, 0x47, 0x9C, 0x8A, 0x87, 0xC1, 0x25, 0x34, 0xBE,
    0xC4, 0xE3, 0xF8, 0xC7, 0x8B, 0x69, 0x5E, 0xAD, 0xD8, 0xF9, 0xC3, 0xA1, 0x21, 0x67, 0x4C, 0x7A,
    0x70, 0x35, 0xC0, 0x55, 0x0B, 0xAA, 0xDE, 0x4F, 0xEF, 0xC5, 0x95, 0x2D, 0xC1, 0x75, 0xE0, 0x6C,
    0xC4, 0xB8, 0x8F, 0x9C, 0x03, 0x2A, 0x03, 0x8B, 0x99, 0x0B, 0x0C, 0x8D, 0x93, 0xCA, 0xF3, 0x7B,
    0xEC, 0x73, 0xB0, 0x5F, 0x5B, 0xEC, 0x82, 0xFD, 0xD0, 0xBA, 0xF4, 0x2F, 0x2A, 0xF6, 0x91, 0x8C,
    0xC3, 0x47, 0x2A, 0x4B, 0x7C, 0x33, 0x10, 0x17, 0x8B, 0xF4, 0x15, 0xD1, 0x63, 0xFC, 0x0B, 0xB1,
    0x3E, 0x5D, 0x9A, 0xDB, 0xE3, 0x9D, 0x49, 0x27, 0x64, 0xC1, 0xF8, 0x38, 0xAA, 0xED, 0xC7, 0xCC,
    0x61, 0x06, 0x4D, 0x19, 0x32, 0x5A, 0x34, 0x65, 0xDA, 0x94, 0x8D, 0xEB, 0xDB, 0x7F, 0x65, 0xDA,
    0x44, 0x83, 0x6D, 0x13, 0x2B, 0xD6, 0xD4, 0x22, 0x9B, 0xC3, 0xC2, 0x80, 0x60, 0x97, 0xE9, 0xCC,
    0x79, 0xFD, 0x10, 0x41, 0x18, 0xD4, 0x16, 0x6D, 0x8B, 0x0C, 0xDA, 0x34, 0x73, 0x6D, 0x4E, 0x85,
    0x36, 0xEF, 0x45, 0x60, 0x50, 0x2C, 0x83, 0xBB, 0xBB, 0x75, 0xBA, 0xB2, 0x6F, 0x9C, 0x5B, 0x25,
    0x64, 0xF9, 0x47, 0x24, 0xA6, 0x16, 0x43, 0x3B, 0x13, 0xD0, 0xAE, 0x99, 0x68, 0xE5, 0x27, 0xA9,
    0xD5, 0xC9, 0x7D, 0x07, 0xC3, 0x3D, 0x05, 0x2E, 0x6C, 0xFC, 0x8D, 0x63, 0xD0, 0xC3, 0x82, 0xD8,
    0xB8, 0x8D, 0xB6, 0xCE, 0x55, 0x41, 0x57, 0x21, 0x26, 0x46, 0x69, 0x0A, 0x16, 0x6B, 0x56, 0xCC,
    0x68, 0x1E, 0x46, 0xCB, 0x5B, 0x84, 0xAF, 0x2E, 0x1F, 0x8B, 0x2C, 0xE8, 0x74, 0xE3, 0xD4, 0x72,
    0xE3, 0x11, 0x05, 0xCC, 0x86, 0x16, 0xEF, 0x48, 0xC4, 0xA2, 0x51, 0x94, 0x77, 0xC4, 0xF0, 0xD1,
    0x77, 0x07, 0xE3, 0xD4, 0x52, 0xCB, 0xE0, 0x78, 0xC5, 0x52, 0xCE, 0x90, 0x5E, 0x71, 0xC8, 0x2D,
    0x8E, 0x4A, 0xA2, 0xA9, 0xDA, 0x5B, 0x4D, 0xC9, 0xF1, 0x4B, 0x32, 0xAA, 0x21, 0xA8, 0x5D, 0xB3,
    0xA9, 0xFC, 0x20, 0x89, 0xC4, 0xBD, 0x63, 0x7A, 0x4F, 0x59, 0x27, 0xEB, 0x55, 0xDD, 0xA8, 0xE5,
    0xBB, 0x74, 0xCC, 0xB2, 0xC9, 0x47, 0x5C, 0x80, 0x8C, 0xA9, 0xCD, 0xA7, 0x8C, 0x9A, 0xC9, 0xFD,
    0x15, 0xA9, 0xAD, 0x62, 0x6B, 0x4B, 0x2B, 0xB3, 0xC9, 0xC7, 0xD2, 0x5C, 0xA0, 0x87, 0x95, 0x5D,
    0x49, 0x67, 0x71, 0x19, 0x1C, 0x61, 0x17, 0xF6, 0xBE, 0x84, 0x44, 0xF5, 0xA2, 0xFA, 0xD3, 0x28,
    0x24, 0x63, 0x4A, 0xB1, 0x39, 0xDD, 0x67, 0x2D, 0x30, 0x9B, 0x20, 0x37, 0x9B, 0x5E, 0x6B, 0x4C,
    0xB9, 0xAE, 0x5D, 0x49, 0x0B, 0x46, 0xEE, 0x19, 0x82, 0x58, 0x29, 0xAA, 0xF8, 0xA2, 0xCD, 0x13,
    0xFB, 0x11, 0x6D, 0x0B, 0xC2, 0x59, 0xE5, 0x9D, 0x32, 0xF2, 0x4A, 0xA1, 0x67, 0x66, 0xB8, 0x90,
    0x80, 0xC0, 0x14, 0x95, 0xDD, 0x37, 0x9F, 0x5C, 0xB9, 0xF6, 0x5B, 0xF5, 0xB7, 0x22, 0x9B, 0x8B,
    0xB0, 0xC2, 0x38, 0x11, 0x0C, 0x1C, 0xDB, 0x85, 0xBC, 0x99, 0xC9, 0xB5, 0x58, 0xF5, 0xE7, 0x25,
    0xD5, 0xF8, 0x71, 0xF8, 0x42, 0x98, 0xA8, 0x37, 0x9F, 0x54, 0xBF, 0x8D, 0xAF, 0x0B, 0x31, 0x9E,
    0x2E, 0x47, 0x46, 0x6E, 0x24, 0x46, 0xAA, 0xA7, 0x46, 0xB2, 0x77, 0x33, 0x33, 0x33, 0x73, 0x0B,
    0xA7, 0xB4, 0x03, 0xFF, 0x42, 0x11, 0x4D, 0xB8, 0xF5, 0xC8, 0x23, 0x79, 0x1A, 0xDB, 0x62, 0xA8,
    0x70, 0x90, 0xCF, 0xD8, 0x06, 0xAF, 0xC7, 0x68, 0xFF, 0xEA, 0x59, 0x15, 0xB9, 0xD5, 0x0A, 0xB5,
    0x72, 0xA5, 0xBD, 0x3D, 0x3E, 0xE8, 0xDF, 0x2E, 0x83, 0x0B, 0x9F, 0xB6, 0x8A, 0x7A, 0xBC, 0x8B,
    0xC9, 0xCC, 0x88, 0xF7, 0x7A, 0x4F, 0x3E, 0x6E, 0x15, 0x17, 0x3E, 0x15, 0xC8, 0xDD, 0x7F, 0x1D,
    0x90, 0x03, 0x2C, 0x1C, 0xEC, 0x5B, 0x03, 0x8B, 0x20, 0xE9, 0x39, 0x92, 0x42, 0x26, 0x33, 0xCE,
    0x8C, 0x83, 0x7C, 0x30, 0x77, 0x2A, 0x84, 0xEF, 0x18, 0x32, 0x6D, 0xC9, 0xD9, 0xCF, 0xC4, 0xCC,
    0x0E, 0x07, 0x60, 0x7F, 0xC1, 0xF4, 0x08, 0x1D, 0x8B, 0x7B, 0xDF, 0x8A, 0x6D, 0xDF, 0x0D, 0x7A,
    0x61, 0x41, 0x19, 0x84, 0x81, 0xFD, 0xDC, 0xBB, 0x19, 0x97, 0xB9, 0x09, 0xD7, 0x30, 0x0F, 0x87,
    0xE9, 0xC2, 0x0F, 0x5A, 0x49, 0x65, 0xE1, 0xF6, 0xE7, 0xB2, 0x77, 0x7F, 0x10, 0xD0, 0xC0, 0x5A,
    0xCB, 0xE0, 0x0C, 0xB9, 0xD8, 0xAA, 0x50, 0xF6, 0x48, 0xD4, 0x88, 0x49, 0xAD, 0x64, 0x8A, 0x14,
    0x0B, 0x7E, 0xF2, 0xB1, 0xB9, 0x99, 0x53, 0x81, 0x21, 0xCC, 0x82, 0xAF, 0xA4, 0x8B, 0x1C, 0xDF,
    0xF6, 0x07, 0x4D, 0x32, 0x71, 0x85, 0x41, 0x13, 0x58, 0xAC, 0x7D, 0x5B, 0x33, 0xB6, 0x82, 0x32,
    0x67, 0xE2, 0xCA, 0x3E, 0x68, 0x68, 0xE8, 0x87, 0x67, 0xEB, 0x54, 0x94, 0xD6, 0x84, 0xD9, 0x50,
    0x56, 0x2D, 0xEF, 0x19, 0xB8, 0xB5, 0x09, 0xAD, 0x17, 0x3C, 0x88, 0x4C, 0x6E, 0xD4, 0xEB, 0x63,
    0xFF, 0x36, 0x8F, 0xB6, 0x05, 0xA1, 0xBA, 0x26, 0xE2, 0xF8, 0xD0, 0x97, 0xC9, 0x5C, 0x75, 0xCD,
    0x15, 0xDC, 0x96, 0x4B, 0x67, 0xE5, 0x9C, 0xB2, 0x91, 0x36, 0xE6, 0xFE, 0xBE, 0xEB, 0x23, 0xE5,
    0x07, 0x49, 0xB2, 0x1E, 0xC3, 0xFC, 0x31, 0xDC, 0x51, 0x83, 0x65, 0x23, 0x96, 0xC9, 0x30, 0x3F,
    0x10, 0x9C, 0x30, 0xDF, 0x40, 0x7E, 0x6D, 0xC4, 0x97, 0xE8, 0xAD, 0x10, 0x41, 0x19, 0x7F, 0x65,
    0xF4, 0xF2, 0x4F, 0x66, 0xC3, 0x8C, 0x7A, 0x8D, 0xFF, 0xAA, 0xEC, 0x8E, 0xC9, 0x70, 0x7C, 0x93,
    0xC4, 0xE5, 0xC5, 0xC8, 0x60, 0x71, 0x5B, 0x22, 0xCE, 0x86, 0x5E, 0x60, 0x8A, 0x49, 0xAB, 0x0E,
    0x70, 0x75, 0x65, 0xE1, 0xD2, 0x1E, 0x11, 0x4E, 0x7A, 0x26, 0xD7, 0xA2, 0xF9, 0x54, 0xB5, 0x48,
    0x93, 0xCA, 0xDB, 0xD9, 0x6E, 0x95, 0x31, 0xAC, 0x12, 0x54, 0x0C, 0xFB, 0x7C, 0x0B, 0x56, 0xE6,
    0x2E, 0xA2, 0xD4, 0xCF, 0x71, 0x3C, 0x44, 0xBB, 0x17, 0x89, 0x7D, 0x07, 0xC7, 0x6E, 0xE5, 0xB8,
    0xF6, 0x11, 0x8C, 0x8F, 0x7B, 0xBF, 0x4C, 0xEB, 0xC5, 0x34, 0x5E, 0x9B, 0x79, 0x24, 0x22, 0x70,
    0xE8, 0x22, 0xAF, 0xE3, 0xFF, 0x6B, 0xE0, 0xF3, 0x6E, 0x19, 0x37, 0x77, 0xF6, 0xF7, 0x59, 0xDD,
    0xDF, 0xEF, 0x83, 0xAA, 0xBF, 0x8F, 0xB3, 0xE1, 0xFE, 0x66, 0xEA, 0x8C, 0x3F, 0x95, 0x5A, 0x4B,
    0xFD, 0xD5, 0xCA, 0x45, 0x38, 0x18, 0x80, 0xEE, 0xD7, 0xE2, 0x2A, 0x3C, 0x34, 0x22, 0x84, 0x8B,
    0x2A, 0xEC, 0xD3, 0xA0, 0x29, 0x37, 0x98, 0xDB, 0x73, 0x51, 0x0D, 0xBE, 0xAF, 0xC5, 0x65, 0xF7,
    0x38, 0x78, 0x2A, 0xF0, 0xF4, 0x2F, 0x76, 0x54, 0x35, 0x66, 0x9B, 0xA6, 0xD0, 0xC3, 0x1D, 0x10,
    0x05, 0x6F, 0xB7, 0x23, 0xA4, 0x99, 0x81, 0x29, 0xAF, 0xF6, 0x7C, 0x2A, 0xE7, 0x0E, 0xB0, 0x8D,
    0x57, 0x61, 0x6F, 0x3C, 0x71, 0x24, 0x6C, 0xE5, 0x3D, 0x3F, 0xBC, 0x17, 0xD8, 0x77, 0xF0, 0x11,
    0xFB, 0x13, 0xB1, 0x7F, 0xCD, 0x59, 0xF0, 0xE2, 0xCF, 0xB5, 0x18, 0x1E, 0x67, 0x9F, 0xC1, 0x30,
    0xC1, 0xC4, 0x8E, 0xAB, 0xEF, 0x17, 0x30, 0x0F, 0x24, 0xDC, 0x95, 0xC9, 0xED, 0xD8, 0xBE, 0x9B,
    0x90, 0xEE, 0xC1, 0x9C, 0x15, 0xBD, 0x31, 0xE6, 0xD4, 0xD9, 0x60, 0x43, 0xBE, 0xF3, 0x0C, 0x3F,
    0x10, 0xD2, 0x73, 0xDD, 0xB7, 0xD0, 0xEE, 0x6F, 0x9F, 0x9F, 0x46, 0x5B, 0x41, 0x4B, 0xC7, 0x36,
    0xAE, 0xA6, 0x4E, 0x59, 0xA6, 0xF0, 0x99, 0x6E, 0xC2, 0x15, 0x3E, 0xF4, 0x59, 0xF7, 0x91, 0x05,
    0x3B, 0xA9, 0xB4, 0x12, 0xF9, 0xF1, 0x73, 0x67, 0xE1, 0x70, 0x95, 0xDB, 0x51, 0xA9, 0x08, 0xC3,
    0x20, 0xD9, 0x7A, 0x2E, 0xAE, 0x04, 0x5B, 0x18, 0x50, 0x40, 0x5C, 0x30, 0x0B, 0x5C, 0x68, 0x2E,
    0x93, 0xDC, 0x83, 0x59, 0x37, 0xEF, 0xC6, 0x20, 0xB7, 0x53, 0x90, 0x5B, 0x39, 0x48, 0xD0, 0x26,
    0xF1, 0x48, 0x9C, 0xF7, 0x40, 0xEC, 0x3F, 0x83, 0x18, 0xEB, 0x20, 0x7A, 0x09, 0x82, 0x58, 0x7F,
    0x32, 0x46, 0x6E, 0xDF, 0xCA, 0x15, 0xA7, 0x95, 0xAA, 0xBC, 0x86, 0xF4, 0x5D, 0xD9, 0xBA, 0xD7,
    0x2A, 0x66, 0x1F, 0x9A, 0xB9, 0x34, 0x6F, 0x86, 0x62, 0x27, 0x98, 0x29, 0x91, 0x15, 0xC1, 0x30,
    0xEE, 0xD9, 0x9C, 0xD8, 0x89, 0xC3, 0xBC, 0xD5, 0x1D, 0x11, 0x40, 0xE9, 0x57, 0x01, 0xBB, 0xBD,
    0x7A, 0x68, 0x95, 0x56, 0x5D, 0xAF, 0x23, 0xE1, 0xA3, 0x60, 0xAD, 0x6A, 0x9D, 0x03, 0x2B, 0x87,
    0x71, 0x21, 0xFF, 0x73, 0x11, 0x4C, 0xB0, 0xD7, 0xB3, 0x2C, 0x15, 0x9A, 0x4F, 0xFB, 0x7C, 0x57,
    0x46, 0x3F, 0x16, 0xC1, 0x1B, 0x60, 0x03, 0x0B, 0xD2, 0x48, 0x2B, 0x4C, 0xA6, 0x7F, 0xE4, 0xB1,
    0x50, 0x69, 0x82, 0xE7, 0xF7, 0x88, 0xD9, 0x33, 0xA4, 0x95, 0xE6, 0x26, 0xD8, 0xA5, 0x34, 0x7F,
    0x06, 0x53, 0x69, 0xA1, 0x53, 0xB1, 0x22, 0xB8, 0x8D, 0x8A, 0x04, 0x2F, 0x22, 0xEC, 0x5D, 0xC2,
    0xDC, 0x7B, 0xC1, 0x50, 0xDF, 0xE9, 0xCB, 0x1F, 0x28, 0xF9, 0x1F, 0x6D, 0xCB, 0x7F, 0x17, 0xC4,
    0xEA, 0xCB, 0xAF, 0x6D, 0xCB, 0xEF, 0x51, 0x7E, 0x15, 0x16, 0xD2, 0xD3, 0x56, 0x29, 0x8E, 0x2A,
    0x0A, 0xAA, 0x3A, 0x43, 0x5A, 0x0D, 0xF3, 0xE1, 0xB4, 0x60, 0x45, 0xA1, 0x72, 0xE1, 0x83, 0x6E,
    0x9C, 0xFD, 0xCE, 0xA9, 0xE1, 0x95, 0x0B, 0x8B, 0xD4, 0x4C, 0xF9, 0xFC, 0x46, 0x81, 0x03, 0xE3,
    0x83, 0x54, 0x28, 0xC1, 0x7A, 0xD0, 0x72, 0xC2, 0xB9, 0xC1, 0xCC, 0xC4, 0x63, 0xC8, 0xE9, 0xF8,
    0x6D, 0x7A, 0xB2, 0x5D, 0x88, 0xCF, 0xB3, 0x1C, 0x40, 0x97, 0xA9, 0xD0, 0x2C, 0xA3, 0xC0, 0x8C,
    0xBD, 0x30, 0x60, 0xC1, 0x3A, 0xD6, 0x17, 0x17, 0xE0, 0x65, 0xD3, 0x21, 0x3E, 0x88, 0x82, 0xC4,
    0x5A, 0x67, 0x91, 0xEB, 0x06, 0x6E, 0x70, 0x55, 0x12, 0xB5, 0x8A, 0x9E, 0xE0, 0xFF, 0xFC, 0x2E,
    0x1A, 0xD2, 0x2C, 0x9C, 0x71, 0xD1, 0xE9, 0xAC, 0xD8, 0x9D, 0x8C, 0x55, 0x5B, 0x91, 0x73, 0xF4,
    0xAF, 0xD3, 0x06, 0x45, 0xF9, 0xFC, 0xF9, 0x44, 0x7A, 0x14, 0xD0, 0xB7, 0x13, 0xE9, 0x15, 0xD1,
    0xD7, 0x31, 0x25, 0x43, 0xFF, 0xE5, 0x44, 0x90, 0x15, 0xE4, 0x63, 0xFA, 0x37, 0x98, 0x7D, 0xD6,
    0xDF, 0xE0, 0xDE, 0x2F, 0x8D, 0x8F, 0x5E, 0x84, 0x93, 0x67, 0xB0, 0xA2, 0x30, 0x9D, 0xE6, 0xC1,
    0xF4, 0x6B, 0x1C, 0x7C, 0xF7, 0x25, 0xE0, 0xBB, 0x5B, 0x76, 0xB9, 0x85, 0x9F, 0xE1, 0x57, 0x1D,
    0xCC, 0xFB, 0x58, 0x2F, 0x91, 0xA0, 0x82, 0x69, 0xE8, 0x5B, 0x0A, 0xA8, 0x2F, 0x15, 0xD4, 0x73,
    0xA2, 0x80, 0xAD, 0xA8, 0x2F, 0x8C, 0x3C, 0xBF, 0x16, 0xAB, 0x2F, 0xFF, 0x7A, 0xF5, 0x75, 0xAE,
    0xBA, 0x52, 0x25, 0xBE, 0xAE, 0xAF, 0xFB, 0xF8, 0xE9, 0xF9, 0x46, 0x60, 0xC1, 0x0B, 0xF9, 0x96,
    0xAF, 0x15, 0x57, 0xBF, 0xFA, 0x5D, 0xD3, 0x17, 0x77, 0xC3, 0x46, 0xE6, 0xA9, 0x85, 0x81, 0x93,
    0x01, 0x6C, 0x56, 0xAC, 0x01, 0x6E, 0x2B, 0xB6, 0x09, 0x38, 0x22, 0x44, 0x07, 0xF1, 0x2A, 0x40,
    0x97, 0x25, 0x61, 0x2F, 0x2E, 0xC2, 0x38, 0x32, 0xD4, 0x6A, 0x2B, 0x7A, 0x43, 0x15, 0xB7, 0x3C,
    0xF1, 0x52, 0xC3, 0xB7, 0x3B, 0xDF, 0x16, 0xCB, 0x14, 0xC1, 0xCD, 0x6A, 0x53, 0xA6, 0xAB, 0x04,
    0x35, 0x96, 0xED, 0xF2, 0x7B, 0x2F, 0x88, 0xCD, 0x59, 0xA1, 0x0E, 0xB7, 0xE3, 0xBF, 0x58, 0xC5,
    0xDC, 0xCA, 0xF5, 0xF2, 0x58, 0x80, 0x94, 0xB8, 0x60, 0xD8, 0x98, 0x0C, 0x47, 0x8C, 0x1E, 0x89,
    0x33, 0x78, 0x9B, 0xBB, 0x61, 0x6C, 0x32, 0x28, 0x5E, 0x53, 0x96, 0x0C, 0x37, 0x7A, 0xAA, 0x78,
    0xA7, 0x82, 0xC8, 0x0F, 0xAD, 0x24, 0x6C, 0x64, 0xF6, 0xD7, 0xB9, 0xFD, 0x45, 0xBA, 0x6B, 0x2C,
    0xE0, 0xFC, 0x5D, 0xC2, 0xAD, 0x11, 0xA1, 0xD9, 0x59, 0x9A, 0xE8, 0x07, 0xB1, 0xFD, 0xD2, 0xC4,
    0x01, 0xE1, 0x55, 0x3E, 0xC4, 0xA6, 0xED, 0xE4, 0xBD, 0x88, 0x4E, 0xE1, 0x3E, 0x58, 0x5F, 0xAC,
    0x0A, 0x8C, 0xAA, 0xC2, 0x28, 0x1E, 0x3B, 0xB5, 0x47, 0xAF, 0xE4, 0x13, 0xB2, 0x60, 0xDE, 0x8E,
    0xF4, 0xA7, 0xBE, 0x14, 0xB5, 0x99, 0x3F, 0xA8, 0x14, 0x6A, 0xCF, 0x29, 0xAE, 0xA2, 0xEC, 0x87,
    0x83, 0x36, 0xEA, 0x37, 0xAA, 0x3C, 0xCF, 0xC5, 0xD5, 0x80, 0x04, 0x0D, 0x18, 0x79, 0xB5, 0x61,
    0x82, 0x4B, 0xAD, 0xC2, 0xC7, 0x74, 0xCA, 0xAA, 0xFD, 0x42, 0x6E, 0x14, 0x60, 0x2E, 0xAF, 0x60,
    0x5A, 0x23, 0x16, 0xF7, 0x6F, 0x62, 0xD5, 0x7C, 0xBF, 0xD3, 0x95, 0x77, 0xC2, 0x58, 0xED, 0xE1,
    0x35, 0xE8, 0xB4, 0x91, 0x33, 0x54, 0x35, 0x1F, 0x73, 0x23, 0x72, 0x97, 0xA3, 0x79, 0x23, 0x9A,
    0xD3, 0x22, 0x56, 0x3F, 0x1F, 0x8B, 0x85, 0xB8, 0xAA, 0x49, 0x71, 0x56, 0xF4, 0x78, 0xD5, 0x88,
    0xC2, 0xE5, 0xE0, 0x17, 0x5B, 0xD5, 0xE6, 0x5F, 0x0B, 0x4C, 0x9E, 0xE1, 0x4C, 0xB0, 0x02, 0xAD,
    0x4E, 0x1C, 0x1F, 0x28, 0xC4, 0x5C, 0xC8, 0xAB, 0xB7, 0xE4, 0xAC, 0x25, 0x6F, 0xE9, 0xFE, 0xC1,
    0x41, 0xBD, 0x34, 0x73, 0xE6, 0x5A, 0xA7, 0xEA, 0x7C, 0x86, 0x5A, 0x5F, 0x8A, 0x94, 0x90, 0xFB,
    0xB1, 0x8F, 0x6B, 0x9D, 0x44, 0x2A, 0x16, 0x39, 0x23, 0x63, 0x8F, 0x58, 0x60, 0xA2, 0x4A, 0x94,
    0x6A, 0x9E, 0x55, 0xBD, 0x54, 0xFB, 0xA5, 0xC7, 0x37, 0x76, 0x50, 0x0D, 0x14, 0x04, 0x35, 0x41,
    0x59, 0x6A, 0x79, 0x1C, 0x54, 0x4D, 0x5E, 0x59, 0x22, 0x59, 0x5C, 0xEA, 0xAC, 0x21, 0xC7, 0x8D,
    0x1D, 0x59, 0x41, 0x9E, 0xCE, 0x82, 0xBE, 0x4A, 0x40, 0xB5, 0x3A, 0xAC, 0x3D, 0x28, 0x99, 0xFC,
    0x96, 0x19, 0x55, 0x49, 0x7D, 0xF9, 0xFD, 0x32, 0x22, 0x67, 0xF7, 0xF8, 0x2A, 0x5D, 0x60, 0xA2,
    0x62, 0x03, 0xAD, 0x5A, 0x7E, 0x11, 0xB3, 0x5F, 0xAF, 0x8C, 0xDE, 0xEE, 0x04, 0x86, 0xFA, 0xBB,
    0xF3, 0x83, 0x05, 0x96, 0xBC, 0xAF, 0x63, 0x51, 0xAD, 0xF9, 0x72, 0x5E, 0xD9, 0x6B, 0x1C, 0x5D,
    0x52, 0xBB, 0x2B, 0xAA, 0xCE, 0xAE, 0x2A, 0xEE, 0xAA, 0xF6, 0xAE, 0xAA, 0xF0, 0xFA, 0xD0, 0x93,
    0x04, 0x23, 0x92, 0x2A, 0xE6, 0xFE, 0xB5, 0x9F, 0x6A, 0x51, 0xAC, 0x7F, 0x19, 0x19, 0x5F, 0xEC,
    0x27, 0x82, 0x92, 0x42, 0xDF, 0x4C, 0xE0, 0x73, 0x7A, 0x80, 0x42, 0x99, 0x1B, 0x04, 0x64, 0xF8,
    0xDB, 0x8C, 0xB4, 0xA5, 0x4E, 0xC0, 0xEA, 0x65, 0xBC, 0x2F, 0xA0, 0x8D, 0x1E, 0xA0, 0xBD, 0xB5,
    0x89, 0x1F, 0xAD, 0x32, 0xDA, 0x15, 0x8A, 0x32, 0x1F, 0x72, 0xB6, 0x88, 0x65, 0x68, 0xCB, 0x49,
    0x98, 0x52, 0x95, 0x69, 0x93, 0xB5, 0x51, 0x98, 0x48, 0x5B, 0x0E, 0x4A, 0xCC, 0x9A, 0x30, 0x05,
    0x95, 0x4B, 0x74, 0x56, 0xDC, 0xAF, 0x59, 0xC2, 0xA0, 0x4C, 0x72, 0xEB, 0xE7, 0x11, 0x24, 0x7B,
    0xFA, 0x1F, 0x90, 0xED, 0x08, 0xE8, 0xED, 0xE8, 0xED, 0xC8, 0xC5, 0xDB, 0x7C, 0xE1, 0xDB, 0x42,
    0x96, 0xE8, 0x44, 0xFA, 0xE6, 0x1F, 0x1F, 0x4B, 0x78, 0xBB, 0x2B, 0x7B, 0x3D, 0x30, 0x32, 0x1A,
    0xD4, 0x8B, 0x0F, 0x54, 0xCF, 0x83, 0xAF, 0x23, 0xA1, 0x3E, 0x35, 0xF0, 0xC0, 0x48, 0xB0, 0xF3,
    0x81, 0x91, 0xD1, 0x40, 0xE7, 0x2B, 0x42, 0x76, 0x12, 0x5F, 0x14, 0xF9, 0xE5, 0xC3, 0xCA, 0x8C,
    0xBC, 0x8C, 0x08, 0xF2, 0x13, 0x2E, 0x2F, 0x9A, 0x1F, 0xE3, 0x3D, 0xDA, 0x15, 0xE6, 0x27, 0xC6,
    0x76, 0xAE, 0x35, 0x5A, 0x61, 0x5E, 0xE5, 0xDE, 0x28, 0x0C, 0xC7, 0x34, 0xE2, 0xA0, 0xE9, 0xEB,
    0x55, 0xBA, 0xE5, 0x44, 0x2F, 0x29, 0xD0, 0x0C, 0x8D, 0x6F, 0x17, 0x46, 0xD1, 0xF8, 0x96, 0xC1,
    0xED, 0x0F, 0x83, 0x91, 0x8B, 0x61, 0xDC, 0xC1, 0xB2, 0xBB, 0xE7, 0x8B, 0x83, 0xBC, 0x66, 0x06,
    0x51, 0xF5, 0x84, 0x7F, 0x64, 0xF8, 0x23, 0x9A, 0x34, 0x6A, 0xEB, 0x25, 0xE9, 0xDB, 0x99, 0x8D,
    0xBA, 0xAE, 0x71, 0x34, 0x05, 0xAB, 0xAA, 0x6B, 0x9D, 0xC9, 0xD9, 0x0F, 0xEA, 0xD0, 0x6D, 0xA6,
    0x52, 0x70, 0xB5, 0x02, 0x8C, 0xA7, 0x4A, 0x03, 0xB6, 0x2A, 0x4F, 0x72, 0x1B, 0x73, 0x3B, 0xDE,
    0xEA, 0x22, 0x02, 0xF1, 0xBA, 0xCE, 0x63, 0x84, 0x46, 0x93, 0x88, 0x9A, 0x98, 0x7B, 0xFA, 0x46,
    0xA2, 0xFF, 0x0B, 0x5E, 0xD1, 0x48, 0x8C, 0xAF, 0x7C, 0x1B, 0x46, 0xD8, 0xB8, 0x1B, 0x8D, 0x8B,
    0x96, 0x9A, 0x3F, 0x8A, 0x30, 0x94, 0x99, 0xC5, 0xDA, 0x97, 0xE4, 0xE3, 0x7A, 0x32, 0x8B, 0x80,
    0xFA, 0xA4, 0x96, 0x82, 0xD5, 0xFC, 0x69, 0xC9, 0xA6, 0x11, 0x30, 0x5F, 0x94, 0xFC, 0xBA, 0x7A,
    0xC8, 0xA2, 0x8D, 0x19, 0xE4, 0x7C, 0x24, 0xF3, 0x80, 0x62, 0xAF, 0x48, 0x83, 0x25, 0x94, 0xB4,
    0xDA, 0x52, 0x4E, 0xAA, 0x19, 0x55, 0x6D, 0x2D, 0x57, 0x93, 0xAB, 0xA1, 0x5C, 0x57, 0xCA, 0x00,
    0x4B, 0x0B, 0x4E, 0xF5, 0xA0, 0x85, 0x99, 0x13, 0x94, 0x71, 0x33, 0x76, 0x23, 0x96, 0x32, 0x3D,
    0xF0, 0xB6, 0xA2, 0xEF, 0x82, 0xB5, 0x19, 0xFD, 0x3C, 0xE1, 0x3E, 0xF3, 0x1F, 0xD2, 0x69, 0xD1,
    0x93, 0x24, 0xBD, 0x0E, 0x68, 0x71, 0x06, 0x7E, 0xDF, 0x44, 0xAB, 0xE8, 0xE8, 0x7F, 0xD1, 0x3C,
    0xB8, 0xFD, 0x29, 0x68, 0x30, 0xC4, 0xF7, 0xBD, 0x80, 0x81, 0xBE, 0xDB, 0xD7, 0x79, 0x57, 0xEA,
    0xD2, 0x85, 0x2A, 0x62, 0x48, 0x7F, 0xBB, 0xAB, 0xD0, 0xCB, 0x18, 0x99, 0x44, 0x08, 0xD9, 0x91,
    0x42, 0xC0, 0xEF, 0xAC, 0x30, 0x34, 0x43, 0x77, 0x0D, 0x5E, 0xE7, 0x2A, 0xF5, 0xFE, 0x85, 0xF7,
    0x76, 0x7B, 0x19, 0x42, 0xF5, 0xE4, 0xD5, 0x2E, 0xC4, 0xE4, 0x68, 0xBA, 0x74, 0x18, 0xAC, 0x39,
    0x32, 0x91, 0x98, 0xC2, 0xE1, 0x8F, 0xA0, 0xAC, 0x85, 0x13, 0x95, 0x60, 0xB9, 0x97, 0xB9, 0xF1,
    0x24, 0x32, 0x71, 0xD3, 0x37, 0x91, 0xB2, 0x18, 0xC9, 0x49, 0xDC, 0x09, 0x9D, 0x66, 0xD0, 0x64,
    0x1B, 0xFA, 0xBB, 0xCC, 0xED, 0xF7, 0xB8, 0xD2, 0x0E, 0x53, 0x74, 0xAB, 0x2A, 0x51, 0xBC, 0x85,
    0x4B, 0xDA, 0xB8, 0x64, 0xAD, 0xF7, 0x44, 0x85, 0x63, 0x52, 0xC6, 0xF7, 0xE2, 0xFA, 0xD7, 0x40,
    0xD1, 0x76, 0x14, 0xD2, 0xB0, 0xDC, 0xC0, 0x84, 0x80, 0x12, 0x7D, 0x6F, 0xC8, 0xF9, 0x27, 0xDE,
    0x95, 0xAB, 0x18, 0x12, 0x3B, 0x9A, 0x83, 0xAE, 0x55, 0xFA, 0xC6, 0x1D, 0x18, 0x5E, 0x4B, 0xE7,
    0xE7, 0x04, 0x55, 0xE1, 0xAE, 0x5B, 0x79, 0x25, 0x40, 0xBA, 0x8F, 0x10, 0x3D, 0x45, 0x6A, 0x97,
    0xB4, 0x70, 0x5F, 0x88, 0xFB, 0x7B, 0x0F, 0x85, 0xF9, 0xFD, 0x87, 0xC2, 0xDC, 0xB2, 0xEB, 0x5D,
    0xE9, 0xCE, 0x62, 0x72, 0x19, 0xF1, 0x44, 0xF5, 0xBC, 0xD8, 0x65, 0xF6, 0xAA, 0xA7, 0x27, 0xCC,
    0xE8, 0x8C, 0xED, 0x5F, 0xC6, 0x59, 0xAF, 0xEC, 0xF6, 0x9F, 0xE6, 0x18, 0xD8, 0xD4, 0x38, 0x16,
    0x40, 0xC3, 0xCF, 0x5F, 0x1D, 0x10, 0x4D, 0xFF, 0xF9, 0x09, 0x35, 0x42, 0xC3, 0xCF, 0x4F, 0x1C,
    0x07, 0x2A, 0x3E, 0x7F, 0xF5, 0x65, 0xCC, 0x74, 0x3B, 0xAC, 0x9F, 0xBF, 0x3A, 0x20, 0xB0, 0xFF,
    0x03, 0xC5, 0x59, 0xBD, 0x6F, 0x1B, 0xD9, 0x11, 0x9F, 0xDD, 0xA7, 0xF3, 0xE2, 0x6E, 0xCF, 0x5A,
    0x17, 0x77, 0x80, 0x01, 0x7D, 0xAC, 0xCB, 0x00, 0x96, 0xC4, 0x2B, 0x54, 0x18, 0x08, 0xC9, 0xDD,
    0xE8, 0xCA, 0x2B, 0xE2, 0x22, 0xCE, 0x15, 0x2E, 0x9C, 0x3E, 0x85, 0x5C, 0x18, 0x88, 0x0A, 0x4A,
    0x5C, 0xC5, 0x45, 0x80, 0x08, 0x48, 0xF4, 0x07, 0xA4, 0x48, 0x91, 0x22, 0x90, 0x90, 0x13, 0x0B,
    0x03, 0x51, 0xC1, 0x70, 0x9F, 0xE1, 0xE2, 0x0A, 0x17, 0x79, 0x41, 0xF2, 0x07, 0x6C, 0x70, 0x32,
    0x10, 0x50, 0x41, 0xBC, 0x05, 0x05, 0xAC, 0x74, 0x14, 0x37, 0xBF, 0x99, 0xB7, 0xD4, 0xC7, 0xD9,
    0x3E, 0x2B, 0x3A, 0x2B, 0x47, 0x71, 0x67, 0x1E, 0x97, 0xCB, 0x37, 0x33, 0x6F, 0x3E, 0xDE, 0x6F,
    0x9E, 0x88, 0x88, 0x5A, 0xB8, 0xA8, 0x47, 0x53, 0x23, 0x5A, 0x73, 0xF6, 0xBC, 0xFC, 0xBA, 0x9F,
    0xD0, 0x70, 0x2E, 0x24, 0x8A, 0x9E, 0x34, 0x88, 0x6A, 0x06, 0x5F, 0x87, 0x71, 0x97, 0x28, 0x48,
    0x5E, 0x43, 0xE2, 0x55, 0x7C, 0x4B, 0x11, 0x9E, 0xA3, 0x30, 0xA1, 0x3A, 0xF9, 0x99, 0x33, 0x20,
    0x77, 0xB4, 0x63, 0x70, 0xE7, 0x98, 0xE7, 0x75, 0x32, 0x22, 0x95, 0x13, 0xB9, 0x03, 0x7C, 0x78,
    0xE8, 0xA4, 0x9B, 0x1D, 0x7F, 0xBF, 0x30, 0x0B, 0xD4, 0x4E, 0xEA, 0xF8, 0x4D, 0x17, 0x53, 0xEF,
    0x62, 0x96, 0x02, 0xD7, 0x10, 0x57, 0x97, 0x02, 0x5A, 0xC5, 0xFD, 0x88, 0x1A, 0x14, 0xF4, 0x07,
    0xE4, 0x94, 0x09, 0x4F, 0x02, 0x11, 0xFC, 0xAA, 0x25, 0xE9, 0x90, 0xCA, 0x30, 0xF1, 0x35, 0x05,
    0x2A, 0x66, 0xEA, 0x13, 0xD3, 0x79, 0xA1, 0x03, 0xA1, 0xB1, 0x50, 0x7A, 0x23, 0xF5, 0xC6, 0x74,
    0x12, 0x7A, 0x65, 0x34, 0x07, 0x0D, 0x07, 0xB4, 0x82, 0xC9, 0xD3, 0x6D, 0x68, 0x8A, 0x45, 0x88,
    0x45, 0x94, 0xCF, 0x2C, 0xD0, 0x63, 0xE2, 0xEA, 0x48, 0x47, 0xCF, 0x92, 0x9A, 0xAE, 0x3D, 0xC7,
    0x6F, 0xBD, 0x21, 0x93, 0x8C, 0x89, 0x7E, 0x03, 0x81, 0x30, 0x65, 0x42, 0x4D, 0xEE, 0xD1, 0x9F,
    0xF7, 0x30, 0xF7, 0xE3, 0xA1, 0xCC, 0x4A, 0x13, 0x74, 0xC3, 0x0E, 0x82, 0x25, 0x63, 0x07, 0xEA,
    0xA5, 0x15, 0x48, 0x34, 0xAA, 0x38, 0xDD, 0xA1, 0xD7, 0xBC, 0xDA, 0xE5, 0x11, 0x56, 0xA3, 0x2C,
    0xE3, 0xB0, 0xBF, 0x93, 0xB9, 0x87, 0xF7, 0xDA, 0x98, 0xDF, 0x19, 0xBA, 0x19, 0x96, 0x4B, 0x19,
    0x5A, 0x73, 0x35, 0x15, 0x3C, 0xA8, 0x39, 0x09, 0x56, 0x1B, 0x83, 0x20, 0x21, 0xDF, 0xC8, 0x40,
    0xB3, 0x67, 0xEC, 0x00, 0x7E, 0xB2, 0x83, 0x6E, 0x35, 0x80, 0xED, 0xF6, 0x61, 0x95, 0xC9, 0x20,
    0x8C, 0xD9, 0x5C, 0x9E, 0x87, 0x6A, 0xB1, 0x8A, 0x31, 0x68, 0xD1, 0x1A, 0x79, 0x18, 0xC0, 0x7F,
    0xEC, 0xA0, 0xB0, 0x9F, 0x6A, 0x48, 0x4F, 0xA1, 0xCF, 0x21, 0x29, 0xE8, 0x63, 0xB5, 0xFB, 0xD9,
    0x35, 0xCB, 0xEB, 0x33, 0xA2, 0x28, 0x05, 0xBB, 0xC4, 0x7A, 0x92, 0x97, 0x8B, 0x9A, 0x58, 0x3F,
    0xD1, 0x52, 0x0C, 0xC6, 0xE4, 0x6E, 0x59, 0x1A, 0x16, 0xFB, 0xCB, 0x83, 0x07, 0x9A, 0xF9, 0x33,
    0x1D, 0xC6, 0x96, 0x37, 0x45, 0x9D, 0xA7, 0x50, 0xD0, 0xEA, 0x57, 0xD9, 0xA2, 0x4C, 0xA5, 0x5D,
    0x52, 0x29, 0x47, 0x9B, 0xA2, 0xDB, 0x2A, 0x65, 0xA2, 0x5A, 0xE1, 0x1A, 0xD1, 0xEC, 0xE0, 0xBE,
    0xA9, 0x14, 0xC3, 0x0F, 0x46, 0x74, 0x4B, 0xC1, 0xBD, 0x3D, 0x9A, 0x9B, 0x85, 0xDC, 0x05, 0x0A,
    0xBA, 0xC2, 0x38, 0x1A, 0xC1, 0x1C, 0x23, 0x8C, 0x43, 0x34, 0xED, 0x61, 0x65, 0x8D, 0xDF, 0x1F,
    0xB9, 0x87, 0xF7, 0x75, 0x8D, 0x9A, 0xAE, 0x09, 0xE2, 0x3A, 0x2D, 0xC0, 0xE9, 0xD0, 0x03, 0x8F,
    0x74, 0x69, 0x97, 0x19, 0xC4, 0xF0, 0xCF, 0x33, 0x61, 0x3E, 0x2F, 0x62, 0x13, 0x81, 0x79, 0xB7,
    0x05, 0xD6, 0xA0, 0xAC, 0x89, 0x14, 0x1A, 0x3A, 0x59, 0xB8, 0xFF, 0xF2, 0x47, 0x07, 0xF7, 0x33,
    0x77, 0x14, 0x7E, 0x85, 0x39, 0xDB, 0xEC, 0xD4, 0x74, 0x34, 0xB5, 0xC7, 0xA1, 0x35, 0x50, 0x46,
    0xEC, 0xFF, 0xEE, 0xCC, 0xEC, 0x32, 0x73, 0xF5, 0xD0, 0xC3, 0xF2, 0xA9, 0xA7, 0x85, 0x9F, 0x4C,
    0xBD, 0x58, 0xD6, 0x23, 0xF6, 0x4A, 0xA9, 0xC3, 0xE2, 0x4C, 0xCA, 0x44, 0x31, 0xAB, 0x10, 0x92,
    0x68, 0x40, 0x32, 0xC3, 0x19, 0x5A, 0xF2, 0xAA, 0xD3, 0xB2, 0xD0, 0xE0, 0xED, 0xD4, 0x30, 0x75,
    0x35, 0x53, 0x05, 0xCA, 0x32, 0x03, 0x11, 0x19, 0xD8, 0x98, 0x3E, 0x23, 0x77, 0x5E, 0xE8, 0x8A,
    0xD0, 0xAC, 0x0A, 0xE1, 0x32, 0x59, 0xA0, 0x34, 0x89, 0xE0, 0xCE, 0x05, 0x0E, 0xCF, 0xD3, 0x6B,
    0xBD, 0x04, 0x6F, 0xE3, 0x0A, 0xDF, 0x7A, 0x3D, 0x30, 0x21, 0x95, 0x43, 0x96, 0x31, 0x5B, 0x49,
    0xA9, 0xE3, 0x7A, 0x42, 0xD6, 0x9D, 0x48, 0x93, 0x01, 0x95, 0x03, 0xE8, 0x34, 0x35, 0xA4, 0x70,
    0x93, 0xA6, 0x0E, 0xBC, 0x11, 0xF9, 0x9C, 0xE8, 0xDE, 0x4E, 0xC5, 0x7F, 0xAB, 0x2D, 0xDF, 0x30,
    0x96, 0x3F, 0xCE, 0x2D, 0x5F, 0x2F, 0x2C, 0x4F, 0xBA, 0x15, 0x8F, 0x2A, 0x1E, 0x7E, 0x66, 0x79,
    0xF0, 0xDC, 0x72, 0xB5, 0x4F, 0x2D, 0xE6, 0x6E, 0x49, 0x43, 0x65, 0xBC, 0x84, 0xC0, 0x7D, 0x3D,
    0x65, 0xA8, 0x4D, 0x3D, 0x38, 0xA0, 0x40, 0x92, 0x4D, 0x59, 0x0F, 0x90, 0x6F, 0x8B, 0x57, 0xA0,
    0x45, 0x2B, 0x38, 0x49, 0x94, 0x22, 0xAB, 0x13, 0x59, 0x95, 0x48, 0x34, 0x6A, 0x6B, 0x51, 0x28,
    0xD4, 0xA2, 0x0F, 0x6A, 0x08, 0xAB, 0x03, 0xC6, 0xDA, 0x30, 0x8B, 0x2C, 0x83, 0x2E, 0xCC, 0x02,
    0x29, 0x42, 0xAC, 0x09, 0x33, 0x28, 0xC2, 0x8C, 0x98, 0x89, 0x1A, 0x9E, 0x16, 0x2D, 0x3C, 0x2D,
    0xD2, 0xBD, 0xE4, 0xB4, 0xA0, 0x8D, 0x7D, 0x54, 0xB9, 0x87, 0x1E, 0x9D, 0xAD, 0x30, 0x41, 0x6C,
    0x6B, 0xAC, 0x38, 0x31, 0x7E, 0xB5, 0x02, 0xFD, 0xDC, 0x2B, 0xE0, 0xC2, 0xE5, 0xB5, 0x94, 0x96,
    0x93, 0x20, 0x0B, 0x12, 0xFC, 0xA1, 0xCC, 0x31, 0xBF, 0x28, 0x0D, 0x4D, 0x88, 0x10, 0x4A, 0x8B,
    0xF6, 0xD0, 0xCA, 0xAA, 0xA8, 0xCC, 0x3E, 0x6B, 0xEB, 0x87, 0xD0, 0xFC, 0x54, 0x28, 0x9E, 0x98,
    0x55, 0x30, 0xC4, 0x7B, 0xC9, 0x89, 0x2A, 0x55, 0xF4, 0xC9, 0x79, 0xB5, 0xF8, 0x9E, 0xCB, 0x44,
    0xF5, 0xD8, 0xDA, 0x65, 0xB6, 0x95, 0x27, 0x9E, 0xE4, 0xD0, 0x9A, 0x46, 0x9A, 0x52, 0x9D, 0x03,
    0x78, 0x91, 0xD3, 0xBE, 0xE3, 0x82, 0x94, 0x08, 0x10, 0x7A, 0x71, 0x4F, 0x8A, 0x52, 0x8B, 0x54,
    0x82, 0xF4, 0xF5, 0x62, 0xDE, 0xBF, 0x36, 0xA9, 0xBD, 0x99, 0x0E, 0xDC, 0x32, 0xBF, 0xE9, 0x24,
    0xD8, 0x5A, 0x62, 0x52, 0xFF, 0xA9, 0x64, 0x76, 0xAC, 0x28, 0x38, 0x8E, 0x9A, 0x3B, 0x9A, 0x90,
    0x7D, 0xD4, 0x45, 0xE9, 0x25, 0x9E, 0xEE, 0xF3, 0x9C, 0xFC, 0x32, 0xA7, 0x68, 0x29, 0xC7, 0xBD,
    0xEA, 0x82, 0xAC, 0xE8, 0x4F, 0x47, 0x14, 0x64, 0x3D, 0x8A, 0x1D, 0x7A, 0x32, 0x4B, 0xB5, 0x21,
    0xF9, 0x39, 0x0B, 0xAC, 0x8A, 0xF9, 0x08, 0xD5, 0x80, 0x6C, 0x51, 0x7B, 0xEB, 0x1B, 0xA9, 0xDB,
    0x96, 0x52, 0x86, 0x32, 0x86, 0x12, 0x86, 0xB9, 0x6D, 0xAC, 0x07, 0x05, 0xF9, 0x08, 0xB4, 0x37,
    0xBF, 0xAF, 0x1D, 0x53, 0x80, 0xFD, 0xF3, 0x86, 0xC3, 0x7B, 0x0A, 0x87, 0x5A, 0xF0, 0x17, 0x36,
    0x82, 0x37, 0xE2, 0x2A, 0x5B, 0xC6, 0xAF, 0x10, 0x86, 0x39, 0x23, 0xAE, 0xD7, 0xC6, 0x29, 0x38,
    0x83, 0x57, 0xB1, 0x28, 0x08, 0xA1, 0xD5, 0x8B, 0x6E, 0xFD, 0xB1, 0x6C, 0xFD, 0xA8, 0x90, 0xCE,
    0xC9, 0xD6, 0xEF, 0xD2, 0x2D, 0x52, 0x4F, 0xB1, 0x48, 0x5F, 0xC3, 0xEA, 0x36, 0x84, 0xCC, 0x58,
    0x59, 0x80, 0x00, 0x04, 0x08, 0x80, 0x12, 0xBA, 0x4A, 0xDF, 0x0E, 0x01, 0xEA, 0xA7, 0x10, 0x60,
    0xE2, 0x1B, 0x81, 0x70, 0xFC, 0x4A, 0xF4, 0x96, 0x40, 0x06, 0xF9, 0xF2, 0x1E, 0x2D, 0x6F, 0xCA,
    0x3E, 0x7F, 0x51, 0xE2, 0x55, 0x64, 0x92, 0x57, 0x7A, 0x9E, 0x51, 0xCA, 0x0A, 0x43, 0x81, 0xBC,
    0x42, 0x02, 0xC9, 0x87, 0x70, 0x3E, 0xEE, 0x34, 0x73, 0x0B, 0x04, 0x3C, 0x9B, 0x17, 0xB7, 0xF5,
    0x6D, 0x0D, 0x2C, 0xA0, 0xBD, 0x6F, 0xFD, 0xF3, 0x35, 0x43, 0x00, 0x41, 0x00, 0x0C, 0x00, 0x3E,
    0xD8, 0xC2, 0x8F, 0x83, 0x52, 0x9F, 0x5B, 0x78, 0x4E, 0xD2, 0xDA, 0x67, 0xA6, 0x1A, 0x5D, 0xB1,
    0x35, 0x5B, 0x7F, 0x94, 0x99, 0xCF, 0xBD, 0x06, 0x0D, 0x72, 0x8A, 0x35, 0xE1, 0xE3, 0xD7, 0xA5,
    0xAC, 0x93, 0x5A, 0x06, 0xD0, 0x00, 0xC2, 0xCE, 0x71, 0xBF, 0x11, 0x60, 0xFF, 0x57, 0x3B, 0x69,
    0x11, 0x21, 0x82, 0x14, 0x00, 0x44, 0xAB, 0xEA, 0xCA, 0xBB, 0xB5, 0xF5, 0x86, 0x44, 0xA3, 0x37,
    0x8E, 0x46, 0xA9, 0x3E, 0xE3, 0x1A, 0xF1, 0xBD, 0x18, 0x1C, 0x4F, 0x60, 0x97, 0x05, 0x94, 0x6D,
    0x22, 0xB7, 0x43, 0x73, 0x12, 0xA6, 0xEF, 0xD4, 0xE8, 0x49, 0x1A, 0x83, 0x61, 0x4F, 0xEA, 0x73,
    0xEB, 0x7B, 0xB4, 0x97, 0x33, 0x7F, 0xAD, 0xDA, 0xAC, 0x9C, 0xEC, 0xDD, 0xDB, 0x1A, 0x73, 0xC9,
    0x5C, 0x61, 0x94, 0x51, 0x63, 0xCC, 0xE8, 0xE7, 0xD2, 0x02, 0x9C, 0x33, 0xB8, 0x56, 0x3C, 0xE4,
    0x62, 0x87, 0xE2, 0x6F, 0x00, 0xA2, 0x43, 0xC6, 0x3A, 0x4D, 0xDE, 0xBF, 0x20, 0xF9, 0x26, 0xC3,
    0x6B, 0x3A, 0x47, 0x90, 0xF6, 0x5D, 0xAE, 0x5A, 0xAB, 0xFC, 0x21, 0x22, 0x29, 0x7A, 0x20, 0xBE,
    0x60, 0xE3, 0xD1, 0xCE, 0x90, 0x4B, 0xE6, 0xB4, 0x94, 0x4C, 0xF7, 0x6F, 0x55, 0xC9, 0x8C, 0xA4,
    0x64, 0xC6, 0x1C, 0xC5, 0x4E, 0xF9, 0x9B, 0xDC, 0xEF, 0x17, 0x71, 0x88, 0x45, 0x5F, 0x80, 0x04,
    0xBE, 0x78, 0x8C, 0x7B, 0x80, 0xBA, 0x9B, 0xB2, 0x83, 0xCE, 0x56, 0xD9, 0x17, 0x94, 0x23, 0xF2,
    0x4A, 0x86, 0x5A, 0x81, 0xAE, 0x63, 0x09, 0x5B, 0xA8, 0xD6, 0xD1, 0x56, 0x0F, 0xF7, 0xF6, 0xAE,
    0xA6, 0xCE, 0x5B, 0x7C, 0xA7, 0xF4, 0x18, 0x6A, 0x78, 0xFF, 0x22, 0xDB, 0xED, 0xFD, 0xAF, 0x85,
    0xDE, 0xE5, 0x42, 0x3F, 0x53, 0xD5, 0x75, 0x5E, 0x71, 0xF6, 0x74, 0x5B, 0xB6, 0x8C, 0x13, 0x5C,
    0xC9, 0x1F, 0xB9, 0x67, 0x21, 0x57, 0x22, 0xFC, 0x2E, 0x8F, 0x58, 0x07, 0xF5, 0x63, 0x96, 0xEC,
    0x8F, 0x47, 0xEE, 0x85, 0x41, 0x41, 0x76, 0x61, 0x50, 0x20, 0x09, 0x10, 0xD9, 0xC2, 0xA2, 0x92,
    0x6A, 0x2F, 0xE3, 0xF1, 0x17, 0x56, 0x32, 0x73, 0xA7, 0x38, 0x0D, 0x90, 0xCB, 0x80, 0x05, 0x7E,
    0xCD, 0x9D, 0xA0, 0x1A, 0x52, 0x83, 0x53, 0x94, 0x74, 0x36, 0xA7, 0x4A, 0x4C, 0x41, 0xAB, 0x6B,
    0x3F, 0xC5, 0xD7, 0x77, 0x1A, 0xDC, 0x2E, 0x76, 0x1A, 0xFC, 0x33, 0xD3, 0x90, 0x30, 0x6D, 0x20,
    0x68, 0x54, 0xDC, 0x70, 0x34, 0xF9, 0x5B, 0xBD, 0x6D, 0x24, 0x12, 0x9E, 0xD7, 0xF8, 0xBE, 0x01,
    0xD3, 0x16, 0x89, 0xEF, 0x77, 0x38, 0x4A, 0x01, 0x01, 0x1A, 0xF4, 0x3E, 0xFC, 0xD6, 0xA0, 0xEB,
    0x70, 0x5C, 0x83, 0xE6, 0x43, 0xE3, 0xF4, 0xEE, 0x75, 0xD3, 0x02, 0xE1, 0x33, 0xAE, 0xE7, 0x82,
    0x03, 0x9B, 0x92, 0x5A, 0x4C, 0x92, 0x13, 0xDB, 0xAE, 0x8D, 0x60, 0xDC, 0xCB, 0x1D, 0xBD, 0xAB,
    0x0A, 0x95, 0xC1, 0x0C, 0x34, 0x6A, 0x42, 0x3E, 0x87, 0x6E, 0x7E, 0x79, 0xB4, 0xB5, 0xC9, 0x26,
    0x8A, 0x7D, 0x20, 0x58, 0x95, 0xAE, 0x3A, 0xA6, 0x87, 0xD1, 0x17, 0xD1, 0xB6, 0x09, 0x07, 0xBC,
    0x32, 0xE4, 0x9D, 0x6C, 0x17, 0xBD, 0x57, 0xB7, 0x0B, 0xAF, 0x5C, 0xCF, 0xA8, 0xBD, 0xFD, 0x75,
    0x02, 0x5F, 0x03, 0xCF, 0x1A, 0xB4, 0x31, 0x70, 0x1C, 0x5A, 0x9B, 0xD8, 0xFD, 0xD2, 0xD4, 0xC8,
    0xFF, 0x34, 0xAB, 0xD1, 0x8C, 0x02, 0x59, 0x64, 0x92, 0x81, 0x28, 0xB4, 0x88, 0x21, 0x83, 0xE4,
    0xE0, 0x77, 0xA8, 0x20, 0xA8, 0x50, 0x01, 0xAF, 0x5E, 0x83, 0xFC, 0x74, 0x7B, 0x40, 0xF3, 0x7E,
    0x19, 0x57, 0x2B, 0xDB, 0xB5, 0xF1, 0xC3, 0xE1, 0xFA, 0x5E, 0x25, 0x6C, 0xEA, 0x70, 0x05, 0xC8,
    0x3D, 0x73, 0x73, 0x9F, 0xBB, 0x9A, 0xDC, 0xD7, 0x0D, 0x40, 0xF5, 0x7C, 0x10, 0x3C, 0xD6, 0x83,
    0x60, 0x83, 0x06, 0xFE, 0xBF, 0x29, 0xF7, 0x72, 0x37, 0x57, 0xB9, 0x32, 0xFE, 0x68, 0x27, 0x9E,
    0x47, 0x7F, 0xE5, 0x6A, 0x39, 0xD5, 0x60, 0x6F, 0x0F, 0xB9, 0x0E, 0x85, 0x7E, 0x7C, 0xD5, 0x98,
    0xB4, 0x0E, 0x37, 0x37, 0xE1, 0xB6, 0xE0, 0x01, 0x66, 0xFD, 0x12, 0xD3, 0xC4, 0x56, 0x24, 0xC3,
    0xA3, 0x00, 0x85, 0x71, 0x01, 0x1E, 0xAA, 0xA1, 0x4F, 0x15, 0x13, 0x3F, 0xC6, 0x44, 0xF0, 0x61,
    0x60, 0xBA, 0x92, 0x77, 0xF6, 0xC2, 0xE7, 0xFD, 0xB5, 0x44, 0x15, 0x5C, 0x34, 0x7F, 0x22, 0x8B,
    0x0C, 0x32, 0xC9, 0x2B, 0x71, 0x93, 0xF4, 0x55, 0xAB, 0xCF, 0x12, 0xD1, 0x90, 0xD3, 0x24, 0xEE,
    0x4F, 0x3B, 0xDA, 0x22, 0xFB, 0x4B, 0x66, 0xC9, 0x1D, 0x14, 0x89, 0x08, 0xA1, 0x13, 0x6E, 0x18,
    0x54, 0xFF, 0xCE, 0x99, 0x23, 0x92, 0x92, 0xD0, 0x93, 0xC6, 0xDC, 0x95, 0x71, 0x9F, 0xCA, 0x3A,
    0x2A, 0x33, 0x81, 0x6B, 0x8E, 0x54, 0x1F, 0xC8, 0x19, 0x4B, 0xA2, 0x4C, 0x1D, 0xD7, 0x34, 0xD9,
    0xEF, 0xE8, 0x2E, 0x77, 0xB5, 0x78, 0xD6, 0x4C, 0xBD, 0xB8, 0xAF, 0xB9, 0x93, 0xBD, 0x83, 0x0C,
    0x69, 0x51, 0x88, 0x36, 0xFF, 0x57, 0x31, 0xAD, 0xC7, 0x82, 0x57, 0x13, 0x7F, 0x3F, 0xC7, 0xF2,
    0xD6, 0xA9, 0xDB, 0xA5, 0x6E, 0x5A, 0x16, 0xA3, 0xAD, 0x3F, 0x0C, 0x65, 0x99, 0x57, 0xB9, 0x20,
    0xFC, 0x00, 0xB5, 0x8B, 0x9D, 0xF0, 0x1E, 0x1E, 0x4E, 0x33, 0xA4, 0xD5, 0x0A, 0xB2, 0x6F, 0x5A,
    0xCE, 0x7A, 0xDE, 0x95, 0x52, 0xF4, 0x11, 0xDC, 0x1C, 0xAB, 0x25, 0xFD, 0x01, 0xFD, 0x7E, 0xA2,
    0x02, 0xD1, 0x17, 0x52, 0xAA, 0x3E, 0x43, 0x51, 0x18, 0x87, 0xCF, 0xCD, 0xC9, 0x32, 0x39, 0x65,
    0x41, 0xCB, 0x86, 0x6B, 0xCA, 0x45, 0xDE, 0xCB, 0x9B, 0x78, 0xBE, 0xD3, 0xA1, 0x6E, 0x41, 0x4D,
    0x14, 0xFE, 0x80, 0x9C, 0x25, 0xA9, 0x4B, 0x23, 0x6C, 0x5A, 0x52, 0x17, 0xDE, 0xF0, 0x76, 0xD2,
    0x58, 0x95, 0x99, 0x73, 0x97, 0xFB, 0x9E, 0x47, 0xB3, 0xB4, 0xE9, 0x55, 0x35, 0xFC, 0x12, 0x7D,
    0x0F, 0x26, 0x09, 0x86, 0xDC, 0xFA, 0x7C, 0xA2, 0x6C, 0x27, 0x73, 0xD1, 0xBE, 0xC7, 0xFB, 0x14,
    0xC1, 0xEA, 0xFF, 0x9D, 0x8F, 0x1E, 0x0F, 0x38, 0x51, 0xE7, 0x66, 0xAF, 0xBC, 0xE5, 0x99, 0x43,
    0x8E, 0x2E, 0x54, 0x39, 0xEA, 0x3E, 0xE3, 0x1C, 0x4D, 0x2E, 0xDF, 0xF2, 0x38, 0xBC, 0xB9, 0x05,
    0xC7, 0xE3, 0xDE, 0xED, 0xA1, 0x8A, 0xAF, 0x5A, 0x7D, 0xFA, 0x98, 0x37, 0x17, 0x2D, 0x5D, 0x9B,
    0x22, 0xC0, 0x9B, 0xEA, 0xB0, 0xF2, 0x32, 0xEA, 0x73, 0x8E, 0x52, 0x93, 0xEB, 0x7B, 0xB8, 0xA1,
    0xE9, 0x5C, 0x9A, 0x4A, 0x52, 0xC0, 0x23, 0x61, 0x3F, 0xC5, 0x46, 0x65, 0x02, 0x3E, 0x1A, 0xF4,
    0x8C, 0x3D, 0xD8, 0xC2, 0x88, 0x3F, 0xF2, 0x31, 0x5F, 0x1F, 0x16, 0x22, 0x88, 0x38, 0x23, 0x86,
    0x4C, 0xD6, 0x98, 0xC8, 0x01, 0x66, 0x78, 0xF6, 0x67, 0xB5, 0x43, 0x75, 0x84, 0xF9, 0xB0, 0x8B,
    0x2C, 0x3E, 0xA2, 0x7A, 0x8B, 0x6A, 0x0B, 0xE4, 0x6D, 0x10, 0xAD, 0xCB, 0x89, 0x85, 0x9F, 0xA5,
    0xCD, 0x41, 0xF0, 0xCF, 0x22, 0x78, 0x9A, 0x63, 0xCA, 0x57, 0xDF, 0xE1, 0x3F, 0x28, 0x85, 0xE1,
    0x9C, 0xBA, 0x9C, 0xBB, 0x92, 0xBC, 0x55, 0xF6, 0x56, 0xE9, 0x7B, 0x45, 0xBA, 0x22, 0xA3, 0xDD,
    0x32, 0xF6, 0x96, 0xF4, 0xFB, 0x64, 0xAC, 0xA0, 0x0B, 0xEA, 0xEA, 0x68, 0xA9, 0x91, 0x1C, 0xD0,
    0x5D, 0xDE, 0x79, 0xFC, 0xB3, 0x50, 0xFF, 0x6A, 0xD0, 0xB6, 0x8F, 0xF0, 0xF3, 0xFF, 0x0A, 0x2B,
    0xBF, 0x82, 0x23, 0x3B, 0xB8, 0xF9, 0xD1, 0xAD, 0xEF, 0xD0, 0x26, 0x9E, 0xDF, 0x79, 0xA6, 0xC9,
    0x5C, 0x79, 0xB3, 0xC0, 0xDE, 0x8D, 0x72, 0xDB, 0xC7, 0xEB, 0x0F, 0x6D, 0xB3, 0x74, 0x49, 0xF5,
    0x9D, 0xF4, 0xD7, 0x00, 0xDD, 0x23, 0x49, 0xA2, 0x26, 0x84, 0x36, 0x81, 0x92, 0x18, 0xA7, 0x73,
    0xCF, 0xE5, 0x43, 0x96, 0xC3, 0xFB, 0xA0, 0xC0, 0x9B, 0xB6, 0x80, 0xA7, 0x0E, 0xB2, 0x03, 0x00,
    0x3C, 0x5E, 0x43, 0x76, 0xFC, 0xB0, 0x3F, 0xA4, 0x4F, 0xD2, 0xCA, 0xDC, 0x19, 0x8B, 0x25, 0x71,
    0xDB, 0x02, 0xAD, 0xEB, 0xC4, 0x21, 0x41, 0xDE, 0xA1, 0xAE, 0xED, 0xE8, 0x96, 0xD2, 0x2B, 0x8E,
    0xE6, 0x3A, 0xBE, 0x47, 0x8C, 0x5C, 0x96, 0x39, 0x7C, 0x3A, 0xAE, 0xD9, 0x55, 0x3A, 0xDD, 0x49,
    0x7E, 0x71, 0x5C, 0x1D, 0xAA, 0xC2, 0x4E, 0x86, 0x32, 0x0F, 0x05, 0x80, 0x27, 0x14, 0x95, 0x40,
    0xFE, 0xED, 0xED, 0x7E, 0x8F, 0x5A, 0x50, 0x99, 0x3A, 0x40, 0x2B, 0x7C, 0x38, 0xEE, 0x71, 0x00,
    0x3A, 0xD5, 0xA1, 0xEF, 0x45, 0xC9, 0xD4, 0x81, 0xC0, 0xCC, 0x71, 0x68, 0x49, 0xEB, 0xE3, 0x09,
    0xCC, 0xCF, 0xC7, 0x80, 0x5F, 0xEE, 0xB9, 0xF6, 0x88, 0x0E, 0xFB, 0x39, 0x1F, 0xF0, 0xF3, 0xFF,
    0x3D, 0xA0, 0x86, 0xBE, 0xDD, 0x4F, 0x94, 0x7C, 0x7C, 0xCD, 0xDB, 0x90, 0x7B, 0x94, 0x51, 0x1A,
    0x57, 0x87, 0x90, 0x91, 0xBC, 0x27, 0x39, 0x10, 0x50, 0x6C, 0xFE, 0x0B, 0x3D, 0x8E, 0x31, 0x6E,
    0x83, 0x40, 0x14, 0x44, 0x07, 0x63, 0x8C, 0xE2, 0x0D, 0x59, 0x9F, 0x20, 0xEB, 0x92, 0x02, 0x41,
    0x93, 0x02, 0x59, 0x2C, 0xDE, 0x23, 0xE4, 0x1C, 0x71, 0x43, 0x91, 0x22, 0xB2, 0x90, 0xFD, 0x5D,
    0xB9, 0xE5, 0x08, 0x76, 0xE9, 0xCE, 0x07, 0x20, 0xE4, 0x1F, 0x81, 0x23, 0xEC, 0x11, 0x28, 0x28,
    0xAC, 0x14, 0x51, 0x36, 0xB2, 0x14, 0x8D, 0x34, 0xDD, 0xCC, 0x7B, 0x15, 0x5A, 0x94, 0x10, 0x06,
    0x34, 0x61, 0xC1, 0xCA, 0x14, 0x58, 0xC2, 0x67, 0x61, 0xD5, 0x98, 0x27, 0xCD, 0x4C, 0x92, 0x59,
    0x7D, 0xF3, 0x22, 0xC3, 0xDB, 0xE5, 0xEB, 0x07, 0x68, 0x66, 0x55, 0x54, 0xB6, 0xC2, 0xD6, 0x5D,
    0x9D, 0x0A, 0x5A, 0x4B, 0x76, 0x1D, 0x60, 0xDF, 0x0F, 0xC3, 0xD9, 0x86, 0x2C, 0x11, 0x20, 0xA3,
    0x6D, 0x7F, 0xB5, 0xDB, 0x3E, 0xA3, 0x50, 0x40, 0x2A, 0x68, 0x8D, 0xF7, 0x01, 0x86, 0xDC, 0x34,
    0x4F, 0xD4, 0x28, 0xAC, 0xCF, 0xF9, 0x0B, 0x74, 0x0D, 0x95, 0xC2, 0x3F, 0x1A, 0x1C, 0x8C, 0x67,
    0xD4, 0x2D, 0x4F, 0x4E, 0x73, 0x78, 0xD3, 0xB8, 0x6A, 0x3F, 0x0B, 0xE9, 0x3E, 0x14, 0xFB, 0x14,
    0xE2, 0x19, 0x1F, 0x00, 0x74, 0xA7, 0xFF, 0x59, 0x71, 0xB7, 0x8B, 0x92, 0xE5, 0x03, 0x1E, 0x21,
    0x19, 0x76, 0xE3, 0x28, 0x13, 0xF3, 0x84, 0xC2, 0xA5, 0xA4, 0x8C, 0x5E, 0x83, 0xBB, 0xDD, 0x9F,
    0xEB, 0x2F, 0xC5, 0x5A, 0x3D, 0x6F, 0xDB, 0x46, 0x18, 0x7E, 0x8F, 0xB4, 0xCB, 0x36, 0x6C, 0x4C,
    0x0D, 0x2E, 0x60, 0x40, 0xB1, 0x98, 0x21, 0x43, 0xD0, 0xD8, 0xD6, 0xD2, 0xC1, 0x40, 0x65, 0xEB,
    0xD2, 0xB5, 0x43, 0x34, 0xA4, 0xE8, 0xD0, 0x1F, 0xE1, 0x0C, 0x19, 0x02, 0xD4, 0x1F, 0x44, 0x53,
    0xA0, 0xAB, 0x7F, 0x42, 0x0B, 0x74, 0x6A, 0x5A, 0x58, 0x05, 0x0C, 0x34, 0x83, 0x62, 0xB1, 0xC8,
    0x90, 0xA1, 0x40, 0x41, 0xB4, 0x7F, 0x80, 0x28, 0x9C, 0x25, 0x6D, 0x1A, 0x0E, 0x2C, 0xA0, 0x26,
    0x8A, 0xD4, 0xE7, 0xBD, 0x3B, 0x4A, 0x76, 0x6C, 0x25, 0xAE, 0x44, 0x5A, 0x22, 0xF8, 0x8A, 0xE2,
    0xC7, 0xDD, 0xFB, 0xDC, 0xFB, 0xDC, 0xFB, 0x71, 0x14, 0x51, 0x97, 0x88, 0x2C, 0x16, 0xF6, 0x01,
    0x84, 0xB3, 0x01, 0xE1, 0x7A, 0x92, 0x68, 0xCE, 0x0B, 0x88, 0x2E, 0xB9, 0x21, 0x51, 0xCD, 0x8E,
    0x88, 0x3E, 0xB0, 0x13, 0xA2, 0xA6, 0x05, 0xD1, 0xEF, 0xA7, 0x44, 0x8F, 0x3F, 0xE9, 0x92, 0x15,
    0xD2, 0x26, 0xD9, 0x01, 0xAD, 0x93, 0x23, 0xA9, 0x4A, 0xFE, 0x2E, 0xED, 0xEC, 0xB6, 0x53, 0xAB,
    0x8F, 0x7B, 0x06, 0x1F, 0xC1, 0x3F, 0xAC, 0x8E, 0x39, 0x72, 0x7A, 0x44, 0xEB, 0x7B, 0x21, 0xDD,
    0x47, 0x8B, 0x2D, 0x2B, 0xC6, 0x15, 0x9C, 0xFC, 0x34, 0x21, 0x17, 0xCF, 0xD4, 0x3F, 0x4A, 0x70,
    0xCE, 0xEC, 0xE8, 0xAC, 0xFE, 0xC3, 0x73, 0xF2, 0xE2, 0x83, 0x61, 0x53, 0xF7, 0xD1, 0x06, 0xEB,
    0xC9, 0x8D, 0xD1, 0x4D, 0xD2, 0xAD, 0x41, 0x57, 0x88, 0xB7, 0x58, 0xD0, 0x1A, 0x8B, 0x7D, 0x16,
    0x8D, 0xC1, 0x43, 0x45, 0xA0, 0xBB, 0xA9, 0xBB, 0xE6, 0x9E, 0x55, 0xC7, 0x35, 0xEC, 0xCD, 0x61,
    0xAF, 0xE3, 0x81, 0x9C, 0xE3, 0x47, 0x77, 0x78, 0x9C, 0x18, 0x9F, 0x13, 0x0C, 0x10, 0x70, 0xCB,
    0x0A, 0xB7, 0xF3, 0x0C, 0xA2, 0x62, 0x43, 0xE5, 0x12, 0xC9, 0x22, 0xF1, 0x2D, 0xA2, 0x91, 0x6D,
    0x6D, 0xB5, 0x81, 0x1E, 0x4D, 0xAD, 0x84, 0xFD, 0x37, 0x91, 0x87, 0xFB, 0x17, 0x44, 0x30, 0x3E,
    0x56, 0x9B, 0xB5, 0x77, 0xE2, 0x8C, 0x18, 0x54, 0x99, 0x1E, 0x56, 0xFC, 0x24, 0x37, 0x32, 0x8A,
    0x54, 0x0A, 0xC0, 0xAA, 0x59, 0xE1, 0xBE, 0x84, 0xF0, 0x98, 0x2B, 0x17, 0x54, 0x27, 0x9B, 0xD8,
    0x6F, 0x25, 0xDC, 0x4D, 0x23, 0xC3, 0xEA, 0x40, 0xFD, 0xF9, 0x62, 0xED, 0x2A, 0x1A, 0x5A, 0x93,
    0x39, 0xE8, 0x70, 0x71, 0xD9, 0xA8, 0xC1, 0xCF, 0xCB, 0xFC, 0xF0, 0x3A, 0x11, 0x73, 0xB9, 0xC7,
    0xD2, 0x0F, 0xA6, 0x66, 0x56, 0x36, 0x69, 0x85, 0x95, 0xF0, 0x65, 0x01, 0x26, 0x3D, 0xFF, 0x19,
    0x39, 0xCA, 0x9F, 0xE6, 0x4C, 0xD5, 0x53, 0xFC, 0xAC, 0xCB, 0xA2, 0xCA, 0xE0, 0x98, 0xC2, 0xAC,
    0xB8, 0xFE, 0xCC, 0x13, 0xA3, 0x11, 0x40, 0xE3, 0xDD, 0xC3, 0x55, 0xEB, 0x25, 0x1D, 0xFB, 0x14,
    0x31, 0x08, 0xEC, 0x21, 0xEB, 0xBA, 0x6D, 0xDB, 0x50, 0x6B, 0x81, 0x42, 0x7A, 0xD7, 0x0A, 0xC8,
    0xDD, 0xCB, 0x7C, 0xC9, 0x04, 0x2E, 0x58, 0x41, 0xF5, 0x42, 0xD6, 0x3C, 0xE5, 0xC3, 0xA5, 0xE9,
    0x61, 0x65, 0x55, 0xBC, 0xC8, 0x28, 0xB2, 0x5C, 0x00, 0x56, 0x15, 0x3F, 0xED, 0x3E, 0xAB, 0x7A,
    0x83, 0xDB, 0x18, 0xC6, 0xCF, 0x3B, 0x0C, 0xB8, 0x74, 0xEE, 0xC6, 0x7D, 0x35, 0xA6, 0xAE, 0xE9,
    0x50, 0xBE, 0xD0, 0xC8, 0xD3, 0xC0, 0xCC, 0xDE, 0x95, 0x1E, 0x4F, 0xD7, 0xAA, 0x9C, 0x9A, 0x6D,
    0xBD, 0x40, 0xD2, 0xFB, 0x50, 0xA2, 0x54, 0x2D, 0xC0, 0xAE, 0x53, 0x98, 0x96, 0x23, 0x7D, 0x53,
    0xEE, 0x9C, 0x3D, 0xE9, 0x9F, 0x76, 0xFA, 0x7D, 0x2A, 0x3F, 0xDE, 0x90, 0x76, 0xE4, 0x04, 0x76,
    0x64, 0x85, 0xAC, 0xBC, 0x1D, 0xCD, 0x60, 0x5F, 0x22, 0xFB, 0x49, 0x0B, 0x0C, 0xEF, 0xE2, 0xB8,
    0x86, 0xFD, 0x12, 0xE9, 0x6B, 0xD4, 0xC0, 0x1E, 0xE1, 0xDE, 0xA8, 0xFC, 0xF8, 0xB3, 0x10, 0xCF,
    0x87, 0x83, 0x76, 0x79, 0x20, 0xFC, 0x50, 0x7D, 0x8B, 0x76, 0xE0, 0xFE, 0x99, 0xAC, 0x50, 0x5A,
    0xA3, 0x56, 0x8B, 0x5A, 0xED, 0x7E, 0xA7, 0xF7, 0xDD, 0xB7, 0xE8, 0xB3, 0x45, 0xB4, 0xC5, 0x4E,
    0xE8, 0xAA, 0xF7, 0x24, 0x15, 0xFD, 0x2C, 0xBE, 0xE1, 0xD4, 0x81, 0x92, 0xB3, 0xF8, 0xD1, 0x46,
    0x37, 0x09, 0xD0, 0x7C, 0x03, 0x54, 0x1C, 0xD3, 0x99, 0xCC, 0xB3, 0xFA, 0xBE, 0x5C, 0xB4, 0x9D,
    0x27, 0xAB, 0x2F, 0xED, 0x47, 0xA1, 0xF5, 0x55, 0x40, 0xBE, 0xCA, 0x3D, 0xE7, 0xD5, 0xD8, 0x9F,
    0x51, 0xE3, 0x0E, 0xBA, 0xDB, 0xFB, 0x9E, 0x84, 0x35, 0x34, 0x5C, 0x1E, 0x6A, 0xD9, 0x71, 0x69,
    0xEE, 0xE0, 0xEB, 0x19, 0xD7, 0x8C, 0xE6, 0x59, 0xB5, 0x11, 0x91, 0x9E, 0x95, 0xD5, 0xC0, 0x24,
    0xEE, 0x26, 0xE2, 0xD4, 0xD1, 0x4E, 0x3B, 0x26, 0x2B, 0xBA, 0x43, 0x82, 0x66, 0xF2, 0x1B, 0x3C,
    0x70, 0x17, 0x59, 0xC9, 0x36, 0x89, 0x58, 0xB5, 0x59, 0x63, 0xC3, 0x09, 0x0C, 0xE7, 0x17, 0xE1,
    0x3B, 0xB4, 0xFB, 0x3F, 0xF4, 0xBE, 0x8D, 0x7B, 0x1F, 0x98, 0xC0, 0x68, 0x45, 0x85, 0xEB, 0x8D,
    0x61, 0xE2, 0x48, 0x80, 0x1E, 0x5D, 0x39, 0x91, 0xDE, 0xF4, 0x1E, 0x6E, 0xC6, 0x38, 0x88, 0x3F,
    0x30, 0x00, 0xBF, 0xF1, 0xE0, 0x07, 0x74, 0x01, 0x0C, 0xAD, 0x7E, 0x59, 0xCC, 0x78, 0xB3, 0x5B,
    0xE7, 0x28, 0xE3, 0x7C, 0x2C, 0xC9, 0xE1, 0x40, 0xB3, 0xA2, 0x23, 0x4C, 0xAD, 0xA4, 0xA6, 0x0C,
    0x20, 0x10, 0x30, 0x90, 0x06, 0xA1, 0x60, 0x10, 0x70, 0xE0, 0xAE, 0x14, 0x18, 0x5B, 0x6A, 0x03,
    0x16, 0x02, 0x18, 0xE5, 0xBA, 0x5A, 0x7A, 0xB2, 0x31, 0x20, 0x02, 0x22, 0x52, 0x90, 0xC0, 0x68,
    0x6B, 0xEF, 0xAF, 0x21, 0xA3, 0x0B, 0xB4, 0x03, 0x58, 0x7E, 0xA1, 0xDD, 0x9C, 0x51, 0x71, 0x64,
    0x7C, 0x23, 0x14, 0x49, 0xF0, 0x53, 0x7C, 0xD9, 0x04, 0x6C, 0x39, 0xE6, 0xDD, 0x84, 0xF4, 0x3B,
    0xB5, 0xDA, 0xD5, 0x4D, 0x91, 0xD8, 0xA1, 0x40, 0xB3, 0x3B, 0xBD, 0x72, 0x6A, 0x47, 0xA3, 0xB6,
    0xF2, 0xE1, 0x4E, 0x6F, 0x56, 0xD6, 0x93, 0xDB, 0xFB, 0x97, 0x13, 0x20, 0x92, 0x82, 0x41, 0xC7,
    0xD5, 0xD8, 0x3E, 0xB1, 0x95, 0xD3, 0x7A, 0xEF, 0xCD, 0x6D, 0x91, 0xCA, 0x3E, 0x5D, 0xB4, 0xE5,
    0xC9, 0x6A, 0x90, 0xA5, 0xF5, 0xFD, 0xA0, 0x1D, 0x78, 0x27, 0xB6, 0x8D, 0xA8, 0xAF, 0x73, 0xD7,
    0xC0, 0x0F, 0x11, 0xD8, 0x7C, 0x3C, 0x2C, 0x7A, 0x7B, 0x31, 0x6A, 0x13, 0xD4, 0xD6, 0x3E, 0x63,
    0x59, 0x67, 0x98, 0x5B, 0x5C, 0x1E, 0x00, 0xB3, 0x17, 0x9C, 0x22, 0x24, 0x5F, 0xE5, 0x74, 0xB3,
    0xCA, 0x35, 0x44, 0x8D, 0xDC, 0x18, 0x9C, 0x44, 0x2B, 0xEC, 0xAC, 0x8E, 0x07, 0x55, 0x0E, 0x5F,
    0x64, 0x27, 0xE6, 0x48, 0xB4, 0x77, 0x41, 0xE1, 0x0E, 0x28, 0xBC, 0x85, 0xA7, 0xAA, 0x18, 0x53,
    0x5F, 0xDE, 0x47, 0x73, 0x1D, 0xEC, 0x5D, 0xEC, 0x2D, 0x04, 0x84, 0x2D, 0x9C, 0xAF, 0xE3, 0xEA,
    0x80, 0xC2, 0xD9, 0x67, 0xC5, 0x2C, 0x01, 0xAC, 0xB3, 0x91, 0xB8, 0x6E, 0xF4, 0x98, 0xF5, 0x8B,
    0x9C, 0x00, 0x2E, 0xD6, 0x4C, 0xE8, 0x33, 0xBE, 0x6B, 0x50, 0x6E, 0x14, 0x82, 0xCE, 0xB8, 0x09,
    0xEB, 0x21, 0x5C, 0xC5, 0x5D, 0x13, 0xC4, 0x96, 0xC9, 0x84, 0x9A, 0x71, 0x41, 0x2E, 0x65, 0x19,
    0x88, 0x9D, 0x1A, 0x86, 0x9A, 0xD6, 0x78, 0x3A, 0x39, 0xEA, 0x1C, 0xFB, 0xD4, 0x55, 0x9E, 0x1F,
    0x25, 0x51, 0x28, 0x3E, 0xAE, 0x1F, 0x38, 0xD3, 0xE7, 0x72, 0x22, 0x36, 0x1D, 0x2D, 0x9A, 0xC1,
    0x7F, 0x11, 0x92, 0xFD, 0x33, 0xA6, 0x26, 0x5D, 0x1E, 0x1F, 0xEB, 0xDC, 0xA0, 0x94, 0x70, 0x92,
    0xAC, 0xDE, 0x9F, 0x12, 0x56, 0x91, 0x95, 0x11, 0x9C, 0x41, 0xB9, 0x32, 0x7F, 0xAC, 0x9A, 0xA9,
    0x3E, 0xCF, 0xB8, 0x1A, 0x93, 0x74, 0x41, 0x31, 0x15, 0x3D, 0x0A, 0x0E, 0x30, 0xCE, 0x3F, 0xD2,
    0x60, 0xAD, 0x9D, 0x83, 0x5D, 0x99, 0xA0, 0x16, 0x07, 0x95, 0x47, 0x20, 0x2F, 0x12, 0x24, 0x6E,
    0x97, 0xFD, 0xDF, 0xE2, 0x7C, 0x7E, 0x78, 0x7D, 0x09, 0x44, 0x1F, 0xBE, 0xC0, 0x51, 0x69, 0x7B,
    0x7A, 0x66, 0x65, 0x93, 0x3A, 0xED, 0x7D, 0xB3, 0x8E, 0x96, 0xB3, 0x49, 0xA7, 0x30, 0x23, 0x47,
    0xF9, 0xD3, 0x7C, 0xA9, 0x7A, 0x8A, 0x9F, 0xD5, 0x6E, 0xE9, 0x41, 0x56, 0xF5, 0x67, 0x33, 0x44,
    0xCD, 0xD8, 0x03, 0x2A, 0xF7, 0x68, 0x5B, 0x1C, 0x3A, 0xC9, 0x45, 0x24, 0x4A, 0xDD, 0x25, 0x60,
    0xAD, 0xEF, 0xA3, 0x32, 0xAD, 0x46, 0x9B, 0x67, 0xC5, 0x1A, 0x28, 0xAC, 0x22, 0x25, 0xEB, 0x88,
    0xF7, 0x81, 0x63, 0xE0, 0x4C, 0xD9, 0xBF, 0x1E, 0xA3, 0xDE, 0x4A, 0xA8, 0xA1, 0x7A, 0xBE, 0x05,
    0x48, 0x4D, 0x40, 0x8A, 0x56, 0x68, 0x27, 0x78, 0x3D, 0xA4, 0xB5, 0x21, 0xA4, 0x45, 0xCA, 0x56,
    0xDA, 0xDC, 0x38, 0x2B, 0xDF, 0x0B, 0x56, 0x1F, 0xDF, 0x82, 0x15, 0x6E, 0x21, 0x12, 0x55, 0xA0,
    0xBE, 0x35, 0x81, 0xFA, 0xC3, 0x28, 0xB7, 0xC4, 0x6E, 0xE3, 0x52, 0xE6, 0x3B, 0x34, 0x05, 0x11,
    0xE5, 0x8A, 0x04, 0x72, 0x22, 0xCA, 0x01, 0xD0, 0x12, 0x00, 0xCD, 0x4F, 0x00, 0x48, 0x2D, 0x2C,
    0x7C, 0xFE, 0x42, 0x9A, 0x4C, 0xB5, 0x58, 0x53, 0x58, 0x69, 0x09, 0x4E, 0xE0, 0xC7, 0x78, 0xC6,
    0xFD, 0x3D, 0x31, 0xFC, 0x1D, 0x4F, 0xEB, 0x82, 0x19, 0x33, 0x72, 0x72, 0xAB, 0x64, 0xC6, 0x9E,
    0x58, 0xF7, 0xC1, 0xA4, 0xAE, 0xEB, 0x6F, 0x64, 0xCA, 0xFD, 0x64, 0xE3, 0x90, 0x36, 0x76, 0x31,
    0xCD, 0x3C, 0x3A, 0xAB, 0x70, 0x8C, 0x98, 0xE3, 0xDC, 0x7A, 0x99, 0x75, 0xC2, 0x6C, 0x6A, 0xDF,
    0x83, 0x7A, 0xE5, 0x9E, 0x3C, 0x8A, 0x42, 0xD1, 0x5F, 0x2F, 0x74, 0xE0, 0xE8, 0x5A, 0x78, 0x2D,
    0xAC, 0x62, 0x73, 0x5E, 0xBB, 0xB9, 0x48, 0xE8, 0xFD, 0xD0, 0x7A, 0xFE, 0xD3, 0x21, 0xB5, 0xEF,
    0x76, 0x87, 0x2B, 0x21, 0xA1, 0x9E, 0xB9, 0xFC, 0x7D, 0x64, 0x51, 0xCE, 0x3B, 0xBE, 0x28, 0xC7,
    0xF5, 0x26, 0x95, 0xCC, 0x23, 0xC5, 0xA0, 0x9B, 0xC5, 0x5E, 0xC7, 0x8F, 0xDB, 0x88, 0x29, 0x97,
    0x13, 0xBD, 0xD4, 0xCB, 0x6F, 0x47, 0x8C, 0xDB, 0x1F, 0x0F, 0xA4, 0x5A, 0x52, 0xD5, 0x73, 0x42,
    0xB9, 0xD8, 0x41, 0xB1, 0xAC, 0x02, 0x33, 0xD7, 0xFD, 0x6D, 0x80, 0xF1, 0x03, 0x56, 0xD0, 0x96,
    0x2C, 0x5D, 0xA5, 0xEC, 0xB2, 0x92, 0xA9, 0x92, 0x52, 0xAB, 0x3F, 0x52, 0x3A, 0x99, 0x44, 0xD2,
    0x65, 0xC7, 0xEC, 0xCE, 0x85, 0x82, 0x06, 0x6C, 0x4C, 0x31, 0x63, 0xBA, 0x66, 0x66, 0x36, 0x3B,
    0x86, 0x8B, 0xF7, 0x24, 0x92, 0xB3, 0xB7, 0xCD, 0x62, 0x6F, 0x58, 0x0F, 0xEB, 0x0F, 0x03, 0x80,
    0xFB, 0x05, 0xAD, 0x38, 0x5D, 0x16, 0x31, 0x8B, 0x70, 0x84, 0x40, 0xB7, 0x8C, 0x92, 0x14, 0x4C,
    0x8D, 0x53, 0xBD, 0xD1, 0x32, 0xA1, 0xD8, 0xAC, 0x73, 0x55, 0xA6, 0x03, 0x74, 0x75, 0xC0, 0x19,
    0x9F, 0x63, 0x99, 0x1D, 0x32, 0xC6, 0x20, 0x37, 0xA0, 0x8A, 0xA2, 0x9A, 0xA3, 0xE4, 0xDE, 0x90,
    0x03, 0x96, 0xEA, 0x2E, 0x4D, 0xF4, 0x29, 0x9D, 0x37, 0x68, 0xE6, 0xAE, 0x22, 0xAF, 0x62, 0x2F,
    0x5D, 0x49, 0x74, 0xB1, 0x28, 0x41, 0x60, 0x20, 0x17, 0xF9, 0xD9, 0x59, 0x57, 0xFE, 0xEA, 0xCD,
    0xD2, 0xF0, 0xFD, 0xD6, 0x39, 0x83, 0xE5, 0xB0, 0x22, 0x9E, 0x3D, 0x05, 0x3A, 0x91, 0x2A, 0x60,
    0xF9, 0x19, 0xF7, 0xFC, 0xA7, 0xE5, 0xD1, 0x8F, 0x7A, 0xE9, 0x22, 0xBA, 0xC3, 0x63, 0x93, 0x8D,
    0xE5, 0x0E, 0x32, 0x5B, 0x68, 0x0C, 0xCD, 0x5B, 0x16, 0x7D, 0xC4, 0xCE, 0x4E, 0x1B, 0xF8, 0xD5,
    0xB7, 0xD2, 0x9C, 0x2D, 0xF6, 0xAC, 0x7E, 0xE4, 0xA7, 0xD4, 0x96, 0xC0, 0x52, 0xE3, 0xE5, 0xEA,
    0x26, 0xD7, 0xB2, 0x40, 0xB2, 0xCE, 0xD9, 0x5C, 0x95, 0x1F, 0xF6, 0x7E, 0xE5, 0x56, 0xBA, 0x59,
    0x26, 0xA9, 0xD6, 0xC0, 0x4F, 0x13, 0xCE, 0xBF, 0x3C, 0xC4, 0xA8, 0x52, 0x54, 0xEA, 0xC9, 0x39,
    0x28, 0x2F, 0x67, 0x58, 0xE1, 0xE0, 0x1F, 0x04, 0xED, 0x4E, 0x3D, 0xAD, 0x46, 0xE5, 0xC8, 0x0D,
    0x1D, 0xE9, 0x44, 0x1E, 0x86, 0xEF, 0x22, 0x9E, 0xC4, 0xCD, 0x29, 0x66, 0x77, 0xEB, 0x16, 0x26,
    0x5B, 0xCC, 0x21, 0x79, 0xB8, 0xC2, 0xE3, 0xEA, 0xFF, 0x0F, 0x5C, 0xC1, 0x2D, 0x2D, 0xDC, 0x72,
    0x90, 0xE8, 0x15, 0xD5, 0x62, 0x94, 0x1E, 0xB5, 0xDE, 0x3F, 0x99, 0xD6, 0x6B, 0xD0, 0x7A, 0x07,
    0x5A, 0xAF, 0xBD, 0x31, 0x0C, 0x36, 0x0A, 0x35, 0x49, 0x16, 0x06, 0x57, 0x41, 0xD5, 0x2B, 0xFB,
    0x3A, 0x4D, 0xE1, 0xD5, 0x02, 0x13, 0x06, 0xF3, 0x32, 0x8D, 0x26, 0x5A, 0x45, 0xBD, 0x8B, 0xF2,
    0x65, 0xE1, 0x44, 0xDB, 0x86, 0xFA, 0xCF, 0x9E, 0x12, 0x5D, 0x1F, 0xBE, 0x83, 0xC9, 0x0B, 0xC9,
    0x7F, 0x6D, 0x51, 0x31, 0x4F, 0xEB, 0x40, 0x0C, 0xFE, 0x92, 0x20, 0x65, 0x38, 0x91, 0x64, 0x60,
    0x2C, 0xF4, 0x2D, 0x48, 0x0C, 0x55, 0x5B, 0x24, 0x86, 0x22, 0x5D, 0x9A, 0x0C, 0xEC, 0x2F, 0xBF,
    0x00, 0x31, 0x33, 0x65, 0xA8, 0x50, 0x86, 0x94, 0x06, 0x7E, 0x09, 0x03, 0x13, 0x13, 0x43, 0x87,
    0x48, 0x2D, 0x6D, 0x98, 0x59, 0x8E, 0x89, 0x35, 0x12, 0x23, 0xD2, 0x7B, 0x19, 0x32, 0x20, 0x54,
    0x29, 0xD8, 0x47, 0x85, 0x8A, 0x84, 0xCF, 0xE7, 0xCF, 0x8E, 0xFD, 0x9D, 0x6D, 0xE5, 0xFC, 0xB6,
    0x59, 0x9D, 0xDF, 0xDD, 0x61, 0xD9, 0x34, 0xD8, 0x40, 0x92, 0x90, 0x5C, 0x92, 0xEC, 0x67, 0x64,
    0x38, 0x83, 0x78, 0xB1, 0xF4, 0xFD, 0xE5, 0xC4, 0x69, 0x8D, 0xF0, 0x05, 0x9E, 0x81, 0xD0, 0xB1,
    0xB2, 0x81, 0x83, 0xB8, 0x85, 0x45, 0x2F, 0x5B, 0xF6, 0x0A, 0xDF, 0x0D, 0xFD, 0x36, 0xC8, 0x99,
    0xB4, 0x0B, 0x4A, 0xB5, 0x6C, 0x8C, 0x76, 0x41, 0xD2, 0x15, 0x59, 0xF0, 0x57, 0x91, 0x5A, 0x06,
    0x7F, 0xEF, 0x08, 0x78, 0x5B, 0xC0, 0x5C, 0x6B, 0x02, 0x1C, 0xE1, 0xF8, 0xF0, 0x7E, 0xD2, 0xD4,
    0xFB, 0x87, 0x67, 0x18, 0x01, 0x2B, 0xAD, 0x39, 0xD8, 0x3F, 0x02, 0xFA, 0xBF, 0xE9, 0x37, 0xB7,
    0x8F, 0xCB, 0x8B, 0x7A, 0x32, 0xAB, 0xBD, 0xBE, 0xC7, 0xF5, 0xF9, 0x06, 0xB7, 0x8F, 0x60, 0xB6,
    0x91, 0x7A, 0x67, 0x15, 0x2A, 0xA8, 0x82, 0x3A, 0xA8, 0x84, 0xF2, 0x31, 0xC6, 0xB8, 0x01, 0x1D,
    0x6D, 0xC6, 0x1C, 0x1A, 0x11, 0x76, 0x78, 0xDE, 0xDE, 0x8A, 0x09, 0x40, 0x3A, 0x44, 0xC5, 0x38,
    0x75, 0x4D, 0xC5, 0x58, 0xB9, 0x56, 0xF6, 0x85, 0x2E, 0x03, 0xF2, 0xBD, 0x3D, 0x8D, 0xC3, 0xB9,
    0xD4, 0x28, 0xCA, 0x69, 0x4F, 0x89, 0x9A, 0x2B, 0x3E, 0xEA, 0xE1, 0x02, 0x30, 0x1F, 0xCB, 0x34,
    0xA1, 0x5A, 0xFB, 0x5A, 0xC9, 0x29, 0x21, 0xBD, 0xA3, 0x71, 0xD7, 0x2C, 0x65, 0x4A, 0x28, 0xF1,
    0x51, 0x07, 0x0F, 0xD4, 0x00, 0x9A, 0x27, 0xD3, 0x24, 0xBE, 0x89, 0xA4, 0x4C, 0x65, 0x92, 0xC4,
    0xF1, 0x4D, 0x1C, 0x45, 0x88, 0x0C, 0x65, 0x67, 0x6D, 0x1A, 0x6E, 0x8E, 0x21, 0xDC, 0xD0, 0x2A,
    0x50, 0x02, 0x7F, 0x88, 0xE8, 0xC2, 0x2E, 0xCC, 0x0A, 0xB5, 0x55, 0x8A, 0xA2, 0x4D, 0xB1, 0x47,
    0x5D, 0x3B, 0x58, 0x1B, 0xB7, 0x73, 0x4F, 0x4D, 0xDF, 0xA8, 0x14, 0x97, 0x60, 0x8F, 0xC6, 0x77,
    0x0F, 0x78, 0x17, 0xC9, 0x75, 0x07, 0x58, 0x8B, 0x82, 0x15, 0x6A, 0x93, 0xBC, 0x5C, 0xBD, 0x9E,
    0x76, 0xFF, 0x87, 0xB3, 0x07, 0x7A, 0x53, 0x14, 0xDD, 0x7F, 0x98, 0xE5, 0xF9, 0xD3, 0xF5, 0x6B,
    0xD7, 0x78, 0x86, 0x7D, 0x62, 0x28, 0xD8, 0x21, 0xC0, 0xCB, 0x0B, 0x62, 0xF1, 0x3F, 0xE5, 0x85,
    0x63, 0xBA, 0xD4, 0xC2, 0x2C, 0xA0, 0xD3, 0xCE, 0xBA, 0xF9, 0x80, 0xF7, 0x07, 0x88, 0xF4, 0xCD,
    0xD8, 0x5E, 0x33, 0x3E, 0x01, 0x8D, 0x54, 0xCF, 0x6B, 0x24, 0x45, 0x14, 0xFE, 0xBA, 0x6B, 0x77,
    0x0B, 0x6C, 0x63, 0x7B, 0x91, 0x15, 0x93, 0xA5, 0x3D, 0x2E, 0x89, 0xBB, 0x2D, 0xA2, 0x20, 0x32,
    0x3F, 0x5A, 0x3D, 0x78, 0xF1, 0xEA, 0xC9, 0xAB, 0xB7, 0x2C, 0x24, 0xE0, 0x1E, 0x3C, 0x4C, 0x76,
    0x0A, 0xFC, 0x03, 0xF4, 0x3F, 0x70, 0xC0, 0xC0, 0x2E, 0x33, 0xE0, 0xE4, 0x90, 0x83, 0x87, 0x4E,
    0xBA, 0x82, 0x87, 0xC0, 0xAA, 0x38, 0xAB, 0x88, 0x47, 0x1B, 0xCD, 0x61, 0x99, 0x41, 0xD2, 0x42,
    0x0B, 0x93, 0xB1, 0x67, 0xCA, 0xEF, 0x75, 0x26, 0x98, 0x78, 0xB2, 0x67, 0xBE, 0xD7, 0x5F, 0xBD,
    0xAA, 0x7A, 0x5D, 0xF5, 0xDE, 0x57, 0x05, 0x7D, 0x1B, 0x08, 0x5E, 0x07, 0xB2, 0x57, 0xA1, 0xFE,
    0xC8, 0x92, 0xF0, 0xFD, 0x87, 0xA6, 0xF5, 0xEC, 0x6F, 0xB6, 0xB9, 0x36, 0x32, 0xE9, 0x6D, 0x8B,
    0xEA, 0x0D, 0x8B, 0xE9, 0x6B, 0xE6, 0x1C, 0x1F, 0x27, 0xA8, 0xBE, 0x04, 0xD2, 0x5F, 0x80, 0xCE,
    0x63, 0xA0, 0xF5, 0xD8, 0xB3, 0xF1, 0xF7, 0xCA, 0x86, 0xDF, 0x05, 0x56, 0x2D, 0x32, 0xA3, 0xB2,
    0xDF, 0x13, 0xC5, 0x70, 0xDE, 0xF3, 0x40, 0xE4, 0x5C, 0x7E, 0x63, 0x36, 0x28, 0x50, 0x42, 0x70,
    0x9F, 0x78, 0x19, 0xA5, 0x07, 0x94, 0x1A, 0x98, 0x0D, 0x01, 0xE7, 0xC8, 0x51, 0x63, 0x7D, 0xD6,
    0x47, 0xF7, 0x52, 0xDB, 0x3F, 0x93, 0xF9, 0x16, 0xD8, 0x3A, 0x81, 0x3F, 0x3B, 0x44, 0x60, 0x63,
    0x84, 0xA6, 0x4D, 0x5C, 0x23, 0x80, 0xB6, 0x9B, 0x62, 0x63, 0xB6, 0x0B, 0x55, 0xA0, 0x7E, 0x4B,
    0x1B, 0xFC, 0x63, 0x1F, 0x09, 0x0A, 0x65, 0x7D, 0x1B, 0x18, 0x7E, 0x3F, 0x69, 0x13, 0xDD, 0x12,
    0xAE, 0x0C, 0x2A, 0x44, 0x89, 0xCE, 0x10, 0x40, 0x7F, 0x91, 0xD0, 0x7C, 0x66, 0x03, 0x6C, 0x4E,
    0x66, 0xC3, 0x5E, 0xE6, 0x9C, 0x2B, 0xB5, 0xA9, 0xE8, 0x33, 0x07, 0x01, 0xEA, 0xE6, 0xE6, 0x78,
    0x38, 0xEC, 0x69, 0x13, 0x7E, 0x4B, 0x9F, 0x9A, 0xD0, 0xF8, 0x7F, 0xD3, 0xC0, 0x61, 0x75, 0x84,
    0x2E, 0xBA, 0x53, 0xB4, 0x21, 0xCF, 0x35, 0x31, 0x5D, 0x77, 0x82, 0x5B, 0x42, 0xA2, 0x71, 0x76,
    0x4E, 0xD4, 0x28, 0xB4, 0xCD, 0x73, 0xA2, 0x47, 0x3B, 0x4B, 0xF2, 0x93, 0xAB, 0xFC, 0x79, 0x8F,
    0xE4, 0xC7, 0xC3, 0x47, 0xE1, 0x20, 0x57, 0xA3, 0x80, 0x63, 0xEE, 0x78, 0x24, 0x91, 0x69, 0xA2,
    0xC9, 0x35, 0x8F, 0x17, 0x7C, 0xC5, 0x1C, 0xCC, 0x80, 0x4D, 0x84, 0x53, 0xCE, 0x02, 0x89, 0xEF,
    0xCC, 0x39, 0xC1, 0x6A, 0xB1, 0x24, 0xDE, 0x92, 0xBC, 0x89, 0x25, 0xE1, 0xF4, 0xD5, 0x13, 0x20,
    0x1E, 0xB6, 0x27, 0xA3, 0x2E, 0x93, 0x18, 0x4C, 0xDF, 0x5A, 0xA0, 0xBD, 0xC0, 0x03, 0xB4, 0xAB,
    0xD5, 0x12, 0x19, 0x74, 0xAE, 0x72, 0xB8, 0x84, 0x79, 0x29, 0xBC, 0x5F, 0x8D, 0x4E, 0xBC, 0xC2,
    0x3F, 0x66, 0x02, 0xD6, 0x67, 0x83, 0xC9, 0x78, 0xB8, 0xCB, 0x24, 0xF1, 0x99, 0x22, 0xD5, 0xEF,
    0x14, 0x2B, 0xAC, 0x6B, 0xE0, 0x15, 0x6B, 0x52, 0x0D, 0x71, 0xAE, 0x67, 0x5F, 0xF5, 0x17, 0x87,
    0xBB, 0x88, 0x6F, 0xA1, 0x43, 0x89, 0x44, 0xAF, 0xA0, 0xB1, 0x0D, 0x84, 0x9F, 0xA0, 0xB5, 0xC7,
    0xD7, 0x3E, 0xE2, 0x9C, 0x9F, 0x2B, 0x10, 0x71, 0x1D, 0xBA, 0x40, 0xC8, 0x8A, 0xA9, 0x05, 0x77,
    0xFC, 0x80, 0xB8, 0xCB, 0x15, 0xB9, 0x1C, 0xD7, 0xBB, 0x89, 0x70, 0x2F, 0x63, 0x15, 0xB9, 0xC7,
    0x18, 0x2D, 0x34, 0xD8, 0x4E, 0x89, 0xAF, 0x89, 0xE9, 0x12, 0x29, 0xFD, 0x1D, 0xA2, 0x85, 0x43,
    0x44, 0x93, 0xD3, 0xC4, 0x5F, 0x44, 0x39, 0x96, 0x8F, 0xEF, 0x4A, 0x78, 0xFD, 0x1E, 0x70, 0x63,
    0x71, 0x0F, 0xED, 0x41, 0xC5, 0x09, 0x0D, 0xBF, 0xC0, 0x8A, 0xEC, 0x7E, 0x63, 0xBC, 0xCB, 0xA2,
    0x4D, 0xA9, 0x10, 0x8A, 0x65, 0xDC, 0xA3, 0xA8, 0x0A, 0x68, 0x59, 0x06, 0xFB, 0xA8, 0x8E, 0x15,
    0xAF, 0xC4, 0x1D, 0x1C, 0x30, 0x74, 0x3C, 0xA9, 0xE0, 0x2F, 0xEE, 0x45, 0xEE, 0x53, 0x67, 0x6F,
    0x9C, 0x79, 0x87, 0x09, 0x75, 0xB6, 0x4F, 0xB1, 0xF9, 0x1C, 0x58, 0x06, 0x5C, 0x63, 0xD9, 0x10,
    0xED, 0x15, 0xA8, 0xB7, 0x9E, 0xBC, 0x70, 0x36, 0xFF, 0x80, 0xCD, 0x03, 0xF1, 0x49, 0xB9, 0xCB,
    0xC8, 0xC8, 0x38, 0x19, 0x2C, 0xA2, 0x2B, 0xBD, 0x29, 0xF4, 0x22, 0xE9, 0xF6, 0x22, 0x67, 0xA2,
    0x5C, 0x32, 0xC8, 0x85, 0xCD, 0x32, 0x34, 0x54, 0x1E, 0xE2, 0xBE, 0xCA, 0x75, 0xB2, 0xA7, 0x72,
    0x65, 0xA0, 0x72, 0x0A, 0x5E, 0xFD, 0xF9, 0x11, 0xBC, 0xA1, 0xEB, 0x41, 0x3F, 0x94, 0x3D, 0xA9,
    0x59, 0x09, 0xED, 0xCE, 0x12, 0x5C, 0x7F, 0xB7, 0x6E, 0x5E, 0x35, 0x37, 0xFF, 0xA2, 0xC9, 0x9C,
    0xA9, 0x95, 0x25, 0xA2, 0xD2, 0x36, 0xB4, 0x8C, 0x5F, 0x6D, 0x8E, 0x07, 0x4F, 0x05, 0xC2, 0xB5,
    0x8D, 0x8C, 0x66, 0x36, 0x35, 0x13, 0x2C, 0xBB, 0xFD, 0x2F, 0x44, 0x0E, 0xA2, 0x04, 0x78, 0xF6,
    0x8A, 0xD9, 0x9A, 0x6F, 0xF3, 0x3C, 0x9D, 0x16, 0x08, 0x8E, 0x8E, 0x4A, 0x44, 0x9E, 0x65, 0x21,
    0x3D, 0xDB, 0xC0, 0x8E, 0x67, 0x5F, 0x44, 0x2A, 0x43, 0x2E, 0x9B, 0x1F, 0x9C, 0x4D, 0xBD, 0xA3,
    0xB9, 0xF4, 0xA6, 0x68, 0x8B, 0x89, 0xDF, 0xA6, 0x09, 0x9F, 0xD8, 0x8A, 0x32, 0x3D, 0xAD, 0xF8,
    0x8D, 0xC5, 0x1A, 0xCB, 0x73, 0x11, 0xFE, 0x99, 0xB8, 0x44, 0xC8, 0x24, 0x84, 0x26, 0x34, 0xCF,
    0xB1, 0x22, 0x3C, 0xAB, 0x76, 0xBD, 0x9F, 0x3D, 0x65, 0x42, 0x2B, 0x64, 0x73, 0x6C, 0xB8, 0xF1,
    0x23, 0xE1, 0x92, 0x4A, 0x2A, 0xDD, 0x44, 0xF0, 0x46, 0xA1, 0x9C, 0x17, 0x13, 0x8E, 0xD4, 0x2C,
    0xB3, 0xE8, 0xE6, 0x16, 0xCC, 0x17, 0xF4, 0x25, 0x6C, 0xF1, 0x46, 0x99, 0x6C, 0x99, 0xF0, 0x3D,
    0x6D, 0xEF, 0x6A, 0xDF, 0x76, 0x34, 0x4C, 0x4A, 0x7F, 0x45, 0x4C, 0x2F, 0x41, 0xDA, 0xE2, 0x6F,
    0xB2, 0xBF, 0xCD, 0x71, 0xE1, 0xB1, 0xB6, 0xCA, 0x65, 0x46, 0xE6, 0x5F, 0xC4, 0x8A, 0xA5, 0x4C,
    0x2F, 0xF5, 0xFB, 0xFD, 0x73, 0x23, 0x55, 0x4B, 0x76, 0xFC, 0x22, 0x4C, 0xB6, 0xFD, 0x42, 0x99,
    0x3D, 0xBF, 0xF0, 0x0D, 0xA8, 0x2B, 0xFC, 0x1F, 0x73, 0xF3, 0xAC, 0x3E, 0xFC, 0xA6, 0x16, 0x28,
    0x23, 0x59, 0x7C, 0x48, 0xB7, 0x27, 0xF7, 0x57, 0x25, 0xED, 0x11, 0xA8, 0x10, 0x1E, 0x55, 0x1E,
    0x8F, 0x11, 0xDA, 0xF3, 0xE5, 0x99, 0x90, 0xBB, 0x4B, 0x94, 0xAA, 0xF3, 0x5A, 0x9D, 0x17, 0xE3,
    0x19, 0x89, 0xEA, 0x8E, 0xEB, 0x93, 0x7E, 0x05, 0x4F, 0x12, 0xAC, 0xF2, 0x1B, 0x99, 0xF0, 0x9F,
    0x0D, 0x13, 0x68, 0x30, 0xA8, 0xFB, 0xEA, 0x1F, 0x6F, 0x0F, 0xB9, 0x41, 0x3C, 0xDE, 0x33, 0xCA,
    0x8A, 0x54, 0x44, 0x32, 0x50, 0x8C, 0xCF, 0x64, 0x2B, 0xAE, 0x29, 0xFC, 0xE6, 0xB8, 0x88, 0x95,
    0x2D, 0x9B, 0xCA, 0xA6, 0xA9, 0xB2, 0x1D, 0xA2, 0x39, 0x55, 0xB6, 0x75, 0x19, 0xE2, 0x4B, 0xB5,
    0x6D, 0x76, 0xB4, 0xED, 0x34, 0xB5, 0x4D, 0x59, 0x98, 0x32, 0x63, 0x9C, 0xAD, 0xB1, 0x43, 0x2D,
    0x33, 0x1B, 0xD8, 0x7F, 0x11, 0x12, 0x71, 0xB2, 0x49, 0xE9, 0xB9, 0x4B, 0xD2, 0x13, 0xBE, 0x39,
    0xFE, 0xBC, 0xE6, 0x72, 0x15, 0x64, 0xBC, 0x03, 0xFE, 0x01, 0x63, 0x60, 0x0D, 0x60, 0x60, 0xD8,
    0xFF, 0x97, 0x81, 0xE9, 0x81, 0xBC, 0x03, 0xF3, 0x01, 0x79, 0x07, 0xEE, 0x06, 0x2E, 0x06, 0xEE,
    0x06, 0x06, 0x06, 0x7E, 0x20, 0xDE, 0xFF, 0xFF, 0x3F, 0x43, 0xFE, 0xAB, 0xF5, 0x0E, 0xFC, 0x0D,
    0xFC, 0x04, 0x71, 0xFE, 0x85, 0xFC, 0x0B, 0xFF, 0x7F, 0xFC, 0xFF, 0xC2, 0xC0, 0xEA, 0xC0, 0xC0,
    0x50, 0xFF, 0xB3, 0x81, 0xE9, 0x81, 0xFE, 0x01, 0xE6, 0x03, 0xFC, 0x07, 0xB8, 0x1B, 0xB8, 0xC1,
    0x98, 0x1F, 0x88, 0xF7, 0xFF, 0xEF, 0x3E, 0x90, 0xFF, 0xCA, 0x1B, 0xCC, 0x26, 0x84, 0xE3, 0x2F,
    0xC8, 0x3F, 0xF9, 0xFF, 0xA3, 0xFE, 0x0F, 0x00,
};

static const EpdGlyph literata_12_regularGlyphs[] = {
    { 0, 0, 80, 0, 0, 0, 0 }, // U+0020
    { 4, 17, 128, 2, 17, 17, 0 }, // !
    { 7, 6, 154, 1, 20, 11, 17 }, // "
    { 15, 14, 270, 1, 14, 53, 28 }, // #
    { 13, 22, 224, 1, 20, 72, 81 }, // $
    { 20, 16, 340, 1, 16, 80, 153 }, // %
    { 19, 17, 324, 1, 17, 81, 233 }, // &
    { 4, 6, 94, 1, 20, 6, 314 }, // '
    { 7, 27, 133, 1, 21, 48, 320 }, // (
    { 7, 27, 133, 0, 21, 48, 368 }, // )
    { 9, 9, 180, 1, 19, 21, 416 }, // *
    { 12, 11, 233, 1, 13, 33, 437 }, // +
    { 5, 8, 131, 2, 3, 10, 470 }, // ,
    { 7, 2, 142, 1, 8, 4, 480 }, // -
    { 5, 4, 133, 2, 4, 5, 484 }, // .
    { 11, 23, 171, 0, 20, 64, 489 }, // /
    { 14, 17, 231, 0, 17, 60, 553 }, // 0
    { 10, 18, 163, 0, 18, 45, 613 }, // 1
    { 12, 17, 203, 0, 17, 51, 658 }, // 2
    { 13, 17, 217, 0, 17, 56, 709 }, // 3
    { 14, 18, 220, 0, 18, 63, 765 }, // 4
    { 12, 17, 203, 0, 17, 51, 828 }, // 5
    { 13, 17, 215, 0, 17, 56, 879 }, // 6
    { 13, 18, 203, 0, 17, 59, 935 }, // 7
    { 13, 17, 220, 0, 17, 56, 994 }, // 8
    { 13, 17, 209, 0, 17, 56, 1050 }, // 9
    { 5, 13, 133, 2, 13, 17, 1106 }, // :
    { 5, 18, 131, 2, 13, 23, 1123 }, // ;
    { 11, 14, 233, 1, 14, 39, 1146 }, // <
    { 12, 6, 233, 1, 11, 18, 1185 }, // =
    { 11, 14, 233, 2, 14, 39, 1203 }, // >
    { 11, 17, 215, 1, 17, 47, 1242 }, // ?
    { 19, 20, 340, 1, 15, 95, 1289 }, // @
    { 18, 17, 294, 0, 17, 77, 1384 }, // A
    { 15, 17, 264, 1, 17, 64, 1461 }, // B
    { 16, 17, 280, 1, 17, 68, 1525 }, // C
    { 17, 17, 306, 1, 17, 73, 1593 }, // D
    { 14, 17, 255, 1, 17, 60, 1666 }, // E
    { 14, 17, 246, 1, 17, 60, 1726 }, // F
    { 17, 17, 300, 1, 17, 73, 1786 }, // G
    { 19, 17, 336, 1, 17, 81, 1859 }, // H
    { 8, 17, 164, 1, 17, 34, 1940 }, // I
    { 13, 17, 223, 1, 17, 56, 1974 }, // J
    { 18, 17, 302, 1, 17, 77, 2030 }, // K
    { 14, 17, 255, 1, 17, 60, 2107 }, // L
    { 23, 17, 401, 1, 17, 98, 2167 }, // M
    { 19, 17, 334, 1, 17, 81, 2265 }, // N
    { 17, 17, 304, 1, 17, 73, 2346 }, // O
    { 14, 17, 241, 1, 17, 60, 2419 }, // P
    { 21, 22, 304, 1, 17, 116, 2479 }, // Q
    { 17, 17, 290, 1, 17, 73, 2595 }, // R
    { 13, 17, 239, 1, 17, 56, 2668 }, // S
    { 17, 17, 295, 1, 17, 73, 2724 }, // T
    { 19, 17, 324, 1, 17, 81, 2797 }, // U
    { 18, 17, 296, 0, 17, 77, 2878 }, // V
    { 27, 17, 437, 0, 17, 115, 2955 }, // W
    { 18, 17, 283, 0, 17, 77, 3070 }, // X
    { 18, 17, 286, 0, 17, 77, 3147 }, // Y
    { 14, 17, 263, 1, 17, 60, 3224 }, // Z
    { 6, 26, 133, 2, 21, 39, 3284 }, // [
    { 11, 23, 171, 0, 20, 64, 3323 }, // <backslash>
    { 5, 26, 133, 1, 21, 33, 3387 }, // ]
    { 13, 10, 233, 1, 18, 33, 3420 }, // ^
    { 12, 2, 188, 0, -1, 6, 3453 }, // _
    { 6, 5, 200, 3, 19, 8, 3459 }, // `
    { 13, 13, 216, 1, 13, 43, 3467 }, // a
    { 15, 20, 243, 0, 19, 75, 3510 }, // b
    { 11, 13, 200, 1, 13, 36, 3585 }, // c
    { 14, 19, 245, 1, 19, 67, 3621 }, // d
    { 12, 13, 208, 1, 13, 39, 3688 }, // e
    { 11, 20, 155, 1, 20, 55, 3727 }, // f
    { 14, 20, 223, 0, 15, 70, 3782 }, // g
    { 15, 19, 265, 1, 19, 72, 3852 }, // h
    { 7, 19, 133, 1, 19, 34, 3924 }, // i
    { 6, 25, 124, 0, 19, 38, 3958 }, // j
    { 15, 19, 244, 1, 19, 72, 3996 }, // k
    { 7, 19, 134, 1, 19, 34, 4068 }, // l
    { 23, 13, 388, 1, 13, 75, 4102 }, // m
    { 15, 13, 265, 1, 13, 49, 4177 }, // n
    { 13, 13, 234, 1, 13, 43, 4226 }, // o
    { 15, 18, 247, 0, 13, 68, 4269 }, // p
    { 14, 18, 240, 1, 13, 63, 4337 }, // q
    { 11, 13, 189, 1, 13, 36, 4400 }, // r
    { 10, 13, 181, 1, 13, 33, 4436 }, // s
    { 10, 18, 162, 0, 18, 45, 4469 }, // t
    { 16, 13, 254, 0, 13, 52, 4514 }, // u
    { 15, 13, 237, 0, 13, 49, 4566 }, // v
    { 22, 13, 344, 0, 13, 72, 4615 }, // w
    { 15, 13, 227, 0, 13, 49, 4687 }, // x
    { 15, 18, 230, 0, 13, 68, 4736 }, // y
    { 12, 13, 194, 0, 13, 39, 4804 }, // z
    { 8, 27, 149, 1, 22, 54, 4843 }, // {
    { 3, 23, 170, 4, 20, 18, 4897 }, // |
    { 8, 27, 149, 0, 22, 54, 4915 }, // }
    { 12, 4, 233, 1, 9, 12, 4969 }, // ~
    { 0, 0, 80, 0, 0, 0, 0 }, // U+00A0
    { 4, 18, 128, 2, 13, 18, 0 }, // U+00A1
    { 11, 17, 196, 1, 16, 47, 18 }, // U+00A2
    { 13, 17, 220, 0, 17, 56, 65 }, // U+00A3
    { 12, 12, 216, 1, 14, 36, 121 }, // U+00A4
    { 18, 17, 280, 0, 17, 77, 157 }, // U+00A5
    { 3, 23, 170, 4, 20, 18, 234 }, // U+00A6
    { 13, 22, 247, 1, 17, 72, 252 }, // U+00A7
    { 9, 3, 200, 2, 18, 7, 324 }, // U+00A8
    { 18, 18, 318, 1, 17, 81, 331 }, // U+00A9
    { 11, 11, 168, 0, 20, 31, 412 }, // U+00AA
    { 11, 11, 198, 1, 12, 31, 443 }, // U+00AB
    { 12, 6, 233, 1, 10, 18, 474 }, // U+00AC
    { 0, 0, 0, 0, 0, 0, 492 }, // U+00AD
    { 10, 9, 195, 1, 19, 23, 492 }, // U+00AE
    { 8, 2, 200, 2, 18, 4, 515 }, // U+00AF
    { 7, 6, 132, 1, 20, 11, 519 }, // U+00B0
    { 12, 13, 233, 1, 13, 39, 530 }, // U+00B1
    { 10, 12, 159, 0, 21, 30, 569 }, // U+00B2
    { 10, 12, 169, 0, 21, 30, 599 }, // U+00B3
    { 6, 5, 200, 4, 19, 8, 629 }, // U+00B4
    { 14, 19, 246, 1, 13, 67, 637 }, // U+00B5
    { 13, 21, 231, 1, 17, 69, 704 }, // U+00B6
    { 5, 4, 133, 2, 10, 5, 773 }, // U+00B7
    { 6, 6, 200, 3, 0, 9, 778 }, // U+00B8
    { 8, 12, 129, 0, 21, 24, 787 }, // U+00B9
    { 10, 11, 171, 0, 20, 28, 811 }, // U+00BA
    { 11, 11, 198, 1, 12, 31, 839 }, // U+00BB
    { 23, 18, 365, 0, 18, 104, 870 }, // U+00BC
    { 23, 18, 381, 0, 18, 104, 974 }, // U+00BD
    { 24, 18, 382, 0, 18, 108, 1078 }, // U+00BE
    { 10, 18, 215, 2, 13, 45, 1186 }, // U+00BF
    { 18, 23, 294, 0, 23, 104, 1231 }, // U+00C0
    { 18, 23, 294, 0, 23, 104, 1335 }, // U+00C1
    { 18, 23, 294, 0, 23, 104, 1439 }, // U+00C2
    { 18, 22, 294, 0, 22, 99, 1543 }, // U+00C3
    { 18, 22, 294, 0, 22, 99, 1642 }, // U+00C4
    { 18, 25, 294, 0, 25, 113, 1741 }, // U+00C5
    { 24, 17, 399, 0, 17, 102, 1854 }, // U+00C6
    { 16, 22, 280, 1, 17, 88, 1956 }, // U+00C7
    { 14, 23, 255, 1, 23, 81, 2044 }, // U+00C8
    { 14, 23, 255, 1, 23, 81, 2125 }, // U+00C9
    { 14, 23, 255, 1, 23, 81, 2206 }, // U+00CA
    { 14, 22, 255, 1, 22, 77, 2287 }, // U+00CB
    { 8, 23, 164, 1, 23, 46, 2364 }, // U+00CC
    { 8, 23, 164, 1, 23, 46, 2410 }, // U+00CD
    { 9, 23, 164, 1, 23, 52, 2456 }, // U+00CE
    { 10, 22, 164, 0, 22, 55, 2508 }, // U+00CF
    { 18, 17, 306, 0, 17, 77, 2563 }, // U+00D0
    { 19, 22, 334, 1, 22, 105, 2640 }, // U+00D1
    { 17, 23, 304, 1, 23, 98, 2745 }, // U+00D2
    { 17, 23, 304, 1, 23, 98, 2843 }, // U+00D3
    { 17, 23, 304, 1, 23, 98, 2941 }, // U+00D4
    { 17, 22, 304, 1, 22, 94, 3039 }, // U+00D5
    { 17, 22, 304, 1, 22, 94, 3133 }, // U+00D6
    { 10, 10, 233, 2, 13, 25, 3227 }, // U+00D7
    { 19, 17, 304, 0, 17, 81, 3252 }, // U+00D8
    { 19, 23, 324, 1, 23, 110, 3333 }, // U+00D9
    { 19, 23, 324, 1, 23, 110, 3443 }, // U+00DA
    { 19, 23, 324, 1, 23, 110, 3553 }, // U+00DB
    { 19, 22, 324, 1, 22, 105, 3663 }, // U+00DC
    { 18, 23, 286, 0, 23, 104, 3768 }, // U+00DD
    { 14, 17, 241, 1, 17, 60, 3872 }, // U+00DE
    { 16, 20, 271, 1, 20, 80, 3932 }, // U+00DF
    { 13, 19, 216, 1, 19, 62, 4012 }, // U+00E0
    { 13, 19, 216, 1, 19, 62, 4074 }, // U+00E1
    { 13, 19, 216, 1, 19, 62, 4136 }, // U+00E2
    { 13, 18, 216, 1, 18, 59, 4198 }, // U+00E3
    { 13, 18, 216, 1, 18, 59, 4257 }, // U+00E4
    { 13, 21, 216, 1, 21, 69, 4316 }, // U+00E5
    { 19, 13, 322, 1, 13, 62, 4385 }, // U+00E6
    { 11, 18, 200, 1, 13, 50, 4447 }, // U+00E7
    { 12, 19, 208, 1, 19, 57, 4497 }, // U+00E8
    { 12, 19, 208, 1, 19, 57, 4554 }, // U+00E9
    { 12, 19, 208, 1, 19, 57, 4611 }, // U+00EA
    { 12, 18, 208, 1, 18, 54, 4668 }, // U+00EB
    { 8, 19, 133, 0, 19, 38, 4722 }, // U+00EC
    { 7, 19, 133, 1, 19, 34, 4760 }, // U+00ED
    { 9, 19, 133, -1, 19, 43, 4794 }, // U+00EE
    { 9, 18, 133, -1, 18, 41, 4837 }, // U+00EF
    { 13, 20, 231, 1, 20, 65, 4878 }, // U+00F0
    { 15, 18, 265, 1, 18, 68, 4943 }, // U+00F1
    { 13, 19, 234, 1, 19, 62, 5011 }, // U+00F2
    { 13, 19, 234, 1, 19, 62, 5073 }, // U+00F3
    { 13, 19, 234, 1, 19, 62, 5135 }, // U+00F4
    { 13, 18, 234, 1, 18, 59, 5197 }, // U+00F5
    { 13, 18, 234, 1, 18, 59, 5256 }, // U+00F6
    { 12, 11, 233, 1, 13, 33, 5315 }, // U+00F7
    { 15, 13, 234, -1, 13, 49, 5348 }, // U+00F8
    { 16, 19, 254, 0, 19, 76, 5397 }, // U+00F9
    { 16, 19, 254, 0, 19, 76, 5473 }, // U+00FA
    { 16, 19, 254, 0, 19, 76, 5549 }, // U+00FB
    { 16, 18, 254, 0, 18, 72, 5625 }, // U+00FC
    { 15, 24, 230, 0, 19, 90, 5697 }, // U+00FD
    { 14, 24, 240, 0, 19, 84, 5787 }, // U+00FE
    { 15, 23, 230, 0, 18, 87, 5871 }, // U+00FF
    { 18, 22, 294, 0, 22, 99, 0 }, // U+0100
    { 13, 18, 216, 1, 18, 59, 99 }, // U+0101
    { 18, 23, 294, 0, 23, 104, 158 }, // U+0102
    { 13, 20, 216, 1, 20, 65, 262 }, // U+0103
    { 18, 22, 294, 0, 17, 99, 327 }, // U+0104
    { 13, 18, 216, 1, 13, 59, 426 }, // U+0105
    { 16, 23, 280, 1, 23, 92, 485 }, // U+0106
    { 11, 19, 200, 1, 19, 53, 577 }, // U+0107
    { 16, 23, 280, 1, 23, 92, 630 }, // U+0108
    { 11, 19, 200, 1, 19, 53, 722 }, // U+0109
    { 16, 22, 280, 1, 22, 88, 775 }, // U+010A
    { 11, 18, 200, 1, 18, 50, 863 }, // U+010B
    { 16, 24, 280, 1, 24, 96, 913 }, // U+010C
    { 11, 19, 200, 1, 19, 53, 1009 }, // U+010D
    { 17, 24, 306, 1, 24, 102, 1062 }, // U+010E
    { 16, 19, 276, 1, 19, 76, 1164 }, // U+010F
    { 18, 17, 306, 0, 17, 77, 1240 }, // U+0110
    { 14, 19, 237, 1, 19, 67, 1317 }, // U+0111
    { 14, 22, 255, 1, 22, 77, 1384 }, // U+0112
    { 12, 18, 208, 1, 18, 54, 1461 }, // U+0113
    { 14, 23, 255, 1, 23, 81, 1515 }, // U+0114
    { 12, 20, 208, 1, 20, 60, 1596 }, // U+0115
    { 14, 22, 255, 1, 22, 77, 1656 }, // U+0116
    { 12, 18, 208, 1, 18, 54, 1733 }, // U+0117
    { 14, 22, 255, 1, 17, 77, 1787 }, // U+0118
    { 12, 18, 208, 1, 13, 54, 1864 }, // U+0119
    { 14, 24, 255, 1, 24, 84, 1918 }, // U+011A
    { 12, 19, 208, 1, 19, 57, 2002 }, // U+011B
    { 17, 23, 300, 1, 23, 98, 2059 }, // U+011C
    { 14, 25, 209, 0, 20, 88, 2157 }, // U+011D
    { 17, 23, 300, 1, 23, 98, 2245 }, // U+011E
    { 14, 25, 223, 0, 20, 88, 2343 }, // U+011F
    { 17, 22, 300, 1, 22, 94, 2431 }, // U+0120
    { 14, 23, 223, 0, 18, 81, 2525 }, // U+0121
    { 17, 24, 300, 1, 17, 102, 2606 }, // U+0122
    { 14, 25, 223, 0, 20, 88, 2708 }, // U+0123
    { 19, 23, 336, 1, 23, 110, 2796 }, // U+0124
    { 17, 24, 265, -1, 24, 102, 2906 }, // U+0125
    { 20, 17, 315, 0, 17, 85, 3008 }, // U+0126
    { 16, 19, 265, 0, 19, 76, 3093 }, // U+0127
    { 10, 22, 164, 0, 22, 55, 3169 }, // U+0128
    { 9, 18, 133, -1, 18, 41, 3224 }, // U+0129
    { 8, 22, 164, 1, 22, 44, 3265 }, // U+012A
    { 9, 18, 133, -1, 18, 41, 3309 }, // U+012B
    { 9, 23, 164, 1, 23, 52, 3350 }, // U+012C
    { 9, 20, 133, -1, 20, 45, 3402 }, // U+012D
    { 8, 22, 143, 1, 17, 44, 3447 }, // U+012E
    { 7, 24, 133, 1, 19, 42, 3491 }, // U+012F
    { 8, 22, 164, 1, 22, 44, 3533 }, // U+0130
    { 7, 13, 133, 1, 13, 23, 3577 }, // U+0131
    { 23, 17, 386, 1, 17, 98, 3600 }, // U+0132
    { 13, 25, 257, 1, 19, 82, 3698 }, // U+0133
    { 13, 23, 223, 1, 23, 75, 3780 }, // U+0134
    { 9, 25, 121, -1, 19, 57, 3855 }, // U+0135
    { 18, 24, 302, 1, 17, 108, 3912 }, // U+0136
    { 15, 26, 244, 1, 19, 98, 4020 }, // U+0137
    { 15, 13, 243, 1, 13, 49, 4118 }, // U+0138
    { 14, 23, 255, 1, 23, 81, 4167 }, // U+0139
    { 7, 24, 134, 1, 24, 42, 4248 }, // U+013A
    { 14, 24, 255, 1, 17, 84, 4290 }, // U+013B
    { 7, 26, 134, 1, 19, 46, 4374 }, // U+013C
    { 14, 19, 255, 1, 19, 67, 4420 }, // U+013D
    { 9, 19, 162, 1, 19, 43, 4487 }, // U+013E
    { 14, 17, 255, 1, 17, 60, 4530 }, // U+013F
    { 10, 19, 150, 1, 19, 48, 4590 }, // U+0140
    { 15, 17, 255, 0, 17, 64, 4638 }, // U+0141
    { 9, 19, 134, 0, 19, 43, 4702 }, // U+0142
    { 19, 23, 334, 1, 23, 110, 4745 }, // U+0143
    { 15, 19, 265, 1, 19, 72, 4855 }, // U+0144
    { 19, 24, 334, 1, 17, 114, 4927 }, // U+0145
    { 15, 20, 265, 1, 13, 75, 5041 }, // U+0146
    { 19, 24, 334, 1, 24, 114, 5116 }, // U+0147
    { 15, 19, 265, 1, 19, 72, 5230 }, // U+0148
    { 19, 19, 315, 0, 19, 91, 5302 }, // U+0149
    { 19, 23, 334, 1, 17, 110, 5393 }, // U+014A
    { 13, 19, 256, 1, 13, 62, 5503 }, // U+014B
    { 17, 22, 304, 1, 22, 94, 5565 }, // U+014C
    { 13, 18, 234, 1, 18, 59, 5659 }, // U+014D
    { 17, 23, 304, 1, 23, 98, 5718 }, // U+014E
    { 13, 20, 234, 1, 20, 65, 5816 }, // U+014F
    { 17, 23, 304, 1, 23, 98, 5881 }, // U+0150
    { 13, 19, 234, 1, 19, 62, 5979 }, // U+0151
    { 25, 17, 432, 1, 17, 107, 6041 }, // U+0152
    { 21, 13, 363, 1, 13, 69, 6148 }, // U+0153
    { 17, 23, 290, 1, 23, 98, 6217 }, // U+0154
    { 11, 19, 189, 1, 19, 53, 6315 }, // U+0155
    { 17, 24, 290, 1, 17, 102, 6368 }, // U+0156
    { 11, 20, 189, 1, 13, 55, 6470 }, // U+0157
    { 17, 24, 290, 1, 24, 102, 6525 }, // U+0158
    { 11, 19, 189, 1, 19, 53, 6627 }, // U+0159
    { 13, 23, 239, 1, 23, 75, 6680 }, // U+015A
    { 10, 19, 181, 1, 19, 48, 6755 }, // U+015B
    { 13, 23, 239, 1, 23, 75, 6803 }, // U+015C
    { 10, 19, 181, 1, 19, 48, 6878 }, // U+015D
    { 13, 22, 239, 1, 17, 72, 6926 }, // U+015E
    { 10, 18, 181, 1, 13, 45, 6998 }, // U+015F
    { 13, 24, 239, 1, 24, 78, 7043 }, // U+0160
    { 10, 19, 181, 1, 19, 48, 7121 }, // U+0161
    { 17, 22, 295, 1, 17, 94, 7169 }, // U+0162
    { 10, 23, 162, 0, 18, 58, 7263 }, // U+0163
    { 17, 24, 295, 1, 24, 102, 7321 }, // U+0164
    { 10, 20, 162, 0, 20, 50, 7423 }, // U+0165
    { 17, 17, 295, 1, 17, 73, 7473 }, // U+0166
    { 10, 18, 162, 0, 18, 45, 7546 }, // U+0167
    { 19, 22, 324, 1, 22, 105, 7591 }, // U+0168
    { 16, 18, 254, 0, 18, 72, 7696 }, // U+0169
    { 19, 22, 324, 1, 22, 105, 7768 }, // U+016A
    { 16, 18, 254, 0, 18, 72, 7873 }, // U+016B
    { 19, 23, 324, 1, 23, 110, 7945 }, // U+016C
    { 16, 20, 254, 0, 20, 80, 8055 }, // U+016D
    { 19, 25, 324, 1, 25, 119, 8135 }, // U+016E
    { 16, 21, 254, 0, 21, 84, 8254 }, // U+016F
    { 19, 23, 324, 1, 23, 110, 8338 }, // U+0170
    { 16, 19, 254, 0, 19, 76, 8448 }, // U+0171
    { 19, 22, 324, 1, 17, 105, 8524 }, // U+0172
    { 16, 18, 246, 0, 13, 72, 8629 }, // U+0173
    { 27, 23, 437, 0, 23, 156, 8701 }, // U+0174
    { 22, 19, 344, 0, 19, 105, 8857 }, // U+0175
    { 18, 23, 286, 0, 23, 104, 8962 }, // U+0176
    { 15, 24, 230, 0, 19, 90, 9066 }, // U+0177
    { 18, 22, 286, 0, 22, 99, 9156 }, // U+0178
    { 14, 23, 263, 1, 23, 81, 9255 }, // U+0179
    { 12, 19, 194, 0, 19, 57, 9336 }, // U+017A
    { 14, 22, 263, 1, 22, 77, 9393 }, // U+017B
    { 12, 18, 194, 0, 18, 54, 9470 }, // U+017C
    { 14, 24, 263, 1, 24, 84, 9524 }, // U+017D
    { 12, 19, 194, 0, 19, 57, 9608 }, // U+017E
    { 20, 19, 330, 1, 19, 95, 0 }, // U+01A0
    { 15, 17, 246, 1, 17, 64, 95 }, // U+01A1
    { 21, 19, 346, 1, 19, 100, 159 }, // U+01AF
    { 18, 17, 274, 0, 17, 77, 259 }, // U+01B0
    { 33, 24, 561, 1, 24, 198, 336 }, // U+01C4
    { 30, 19, 500, 1, 19, 143, 534 }, // U+01C5
    { 26, 19, 439, 1, 19, 124, 677 }, // U+01C6
    { 28, 17, 474, 1, 17, 119, 801 }, // U+01C7
    { 21, 25, 378, 1, 19, 132, 920 }, // U+01C8
    { 13, 25, 246, 1, 19, 82, 1052 }, // U+01C9
    { 32, 17, 541, 1, 17, 136, 1134 }, // U+01CA
    { 26, 25, 454, 1, 19, 163, 1270 }, // U+01CB
    { 21, 25, 382, 1, 19, 132, 1433 }, // U+01CC
    { 18, 24, 294, 0, 24, 108, 1565 }, // U+01CD
    { 13, 19, 216, 1, 19, 62, 1673 }, // U+01CE
    { 9, 24, 164, 1, 24, 54, 1735 }, // U+01CF
    { 9, 19, 133, -1, 19, 43, 1789 }, // U+01D0
    { 17, 24, 304, 1, 24, 102, 1832 }, // U+01D1
    { 13, 19, 234, 1, 19, 62, 1934 }, // U+01D2
    { 19, 24, 324, 1, 24, 114, 1996 }, // U+01D3
    { 16, 19, 254, 0, 19, 76, 2110 }, // U+01D4
    { 19, 26, 324, 1, 26, 124, 2186 }, // U+01D5
    { 16, 23, 254, 0, 23, 92, 2310 }, // U+01D6
    { 19, 28, 324, 1, 28, 133, 2402 }, // U+01D7
    { 16, 24, 254, 0, 24, 96, 2535 }, // U+01D8
    { 19, 29, 324, 1, 29, 138, 2631 }, // U+01D9
    { 16, 25, 254, 0, 25, 100, 2769 }, // U+01DA
    { 19, 28, 324, 1, 28, 133, 2869 }, // U+01DB
    { 16, 24, 254, 0, 24, 96, 3002 }, // U+01DC
    { 17, 24, 300, 1, 24, 102, 3098 }, // U+01E6
    { 14, 24, 223, 0, 19, 84, 3200 }, // U+01E7
    { 17, 22, 304, 1, 17, 94, 3284 }, // U+01EA
    { 13, 18, 234, 1, 13, 59, 3378 }, // U+01EB
    { 18, 27, 294, 0, 27, 122, 3437 }, // U+01FA
    { 13, 25, 216, 1, 25, 82, 3559 }, // U+01FB
    { 24, 23, 399, 0, 23, 138, 3641 }, // U+01FC
    { 19, 19, 322, 1, 19, 91, 3779 }, // U+01FD
    { 19, 23, 304, 0, 23, 110, 3870 }, // U+01FE
    { 15, 19, 234, -1, 19, 72, 3980 }, // U+01FF
    { 18, 23, 294, 0, 23, 104, 4052 }, // U+0200
    { 14, 19, 216, 0, 19, 67, 4156 }, // U+0201
    { 18, 23, 294, 0, 23, 104, 4223 }, // U+0202
    { 13, 19, 216, 1, 19, 62, 4327 }, // U+0203
    { 14, 23, 255, 1, 23, 81, 4389 }, // U+0204
    { 12, 19, 208, 1, 19, 57, 4470 }, // U+0205
    { 14, 23, 255, 1, 23, 81, 4527 }, // U+0206
    { 12, 19, 208, 1, 19, 57, 4608 }, // U+0207
    { 11, 23, 164, -2, 23, 64, 4665 }, // U+0208
    { 10, 19, 133, -2, 19, 48, 4729 }, // U+0209
    { 9, 23, 164, 1, 23, 52, 4777 }, // U+020A
    { 9, 19, 133, -1, 19, 43, 4829 }, // U+020B
    { 17, 23, 304, 1, 23, 98, 4872 }, // U+020C
    { 13, 19, 234, 1, 19, 62, 4970 }, // U+020D
    { 17, 23, 304, 1, 23, 98, 5032 }, // U+020E
    { 13, 19, 234, 1, 19, 62, 5130 }, // U+020F
    { 17, 23, 290, 1, 23, 98, 5192 }, // U+0210
    { 11, 19, 189, 1, 19, 53, 5290 }, // U+0211
    { 17, 23, 290, 1, 23, 98, 5343 }, // U+0212
    { 11, 19, 189, 1, 19, 53, 5441 }, // U+0213
    { 19, 23, 324, 1, 23, 110, 5494 }, // U+0214
    { 16, 19, 254, 0, 19, 76, 5604 }, // U+0215
    { 19, 23, 324, 1, 23, 110, 5680 }, // U+0216
    { 16, 19, 254, 0, 19, 76, 5790 }, // U+0217
    { 13, 24, 239, 1, 17, 78, 5866 }, // U+0218
    { 10, 20, 181, 1, 13, 50, 5944 }, // U+0219
    { 17, 24, 295, 1, 17, 102, 5994 }, // U+021A
    { 10, 25, 162, 0, 18, 63, 6096 }, // U+021B
    { 5, 5, 0, -3, 19, 7, 0 }, // U+0300
    { 6, 5, 0, -2, 19, 8, 7 }, // U+0301
    { 8, 5, 0, -4, 19, 10, 15 }, // U+0302
    { 10, 3, 0, -5, 18, 8, 25 }, // U+0303
    { 8, 2, 0, -4, 18, 4, 33 }, // U+0304
    { 8, 5, 0, -4, 20, 10, 37 }, // U+0306
    { 4, 3, 0, -2, 19, 3, 47 }, // U+0307
    { 10, 3, 0, -5, 18, 8, 50 }, // U+0308
    { 6, 7, 0, -3, 21, 11, 58 }, // U+0309
    { 6, 5, 0, -3, 20, 8, 69 }, // U+030A
    { 9, 5, 0, -3, 19, 12, 77 }, // U+030B
    { 8, 5, 0, -4, 19, 10, 89 }, // U+030C
    { 9, 5, 0, -6, 19, 12, 99 }, // U+030F
    { 8, 5, 0, -4, 19, 10, 111 }, // U+0311
    { 4, 6, 0, -2, 20, 6, 121 }, // U+0312
    { 5, 8, 0, -3, 17, 10, 127 }, // U+031B
    { 4, 3, 0, -2, -2, 3, 137 }, // U+0323
    { 10, 3, 0, -5, -2, 8, 140 }, // U+0324
    { 4, 6, 0, -2, -1, 6, 148 }, // U+0326
    { 6, 6, 0, -3, 0, 9, 154 }, // U+0327
    { 6, 6, 0, -3, 0, 9, 163 }, // U+0328
    { 8, 4, 0, -4, -2, 8, 172 }, // U+032E
    { 8, 2, 0, -4, -2, 4, 180 }, // U+0331
    { 18, 22, 294, 0, 17, 99, 0 }, // U+1EA0
    { 13, 18, 216, 1, 13, 59, 99 }, // U+1EA1
    { 18, 25, 294, 0, 25, 113, 158 }, // U+1EA2
    { 13, 21, 216, 1, 21, 69, 271 }, // U+1EA3
    { 18, 28, 294, 0, 28, 126, 340 }, // U+1EA4
    { 13, 24, 216, 1, 24, 78, 466 }, // U+1EA5
    { 18, 28, 294, 0, 28, 126, 544 }, // U+1EA6
    { 13, 24, 216, 1, 24, 78, 670 }, // U+1EA7
    { 18, 28, 294, 0, 28, 126, 748 }, // U+1EA8
    { 13, 25, 216, 1, 25, 82, 874 }, // U+1EA9
    { 18, 27, 294, 0, 27, 122, 956 }, // U+1EAA
    { 13, 23, 216, 1, 23, 75, 1078 }, // U+1EAB
    { 18, 28, 294, 0, 23, 126, 1153 }, // U+1EAC
    { 13, 24, 216, 1, 19, 78, 1279 }, // U+1EAD
    { 18, 28, 294, 0, 28, 126, 1357 }, // U+1EAE
    { 13, 24, 216, 1, 24, 78, 1483 }, // U+1EAF
    { 18, 28, 294, 0, 28, 126, 1561 }, // U+1EB0
    { 13, 24, 216, 1, 24, 78, 1687 }, // U+1EB1
    { 18, 29, 294, 0, 29, 131, 1765 }, // U+1EB2
    { 13, 25, 216, 1, 25, 82, 1896 }, // U+1EB3
    { 18, 27, 294, 0, 27, 122, 1978 }, // U+1EB4
    { 13, 23, 216, 1, 23, 75, 2100 }, // U+1EB5
    { 18, 28, 294, 0, 23, 126, 2175 }, // U+1EB6
    { 13, 25, 216, 1, 20, 82, 2301 }, // U+1EB7
    { 14, 22, 255, 1, 17, 77, 2383 }, // U+1EB8
    { 12, 18, 208, 1, 13, 54, 2460 }, // U+1EB9
    { 14, 25, 255, 1, 25, 88, 2514 }, // U+1EBA
    { 12, 21, 208, 1, 21, 63, 2602 }, // U+1EBB
    { 14, 22, 255, 1, 22, 77, 2665 }, // U+1EBC
    { 12, 18, 208, 1, 18, 54, 2742 }, // U+1EBD
    { 14, 28, 255, 1, 28, 98, 2796 }, // U+1EBE
    { 12, 24, 208, 1, 24, 72, 2894 }, // U+1EBF
    { 14, 28, 255, 1, 28, 98, 2966 }, // U+1EC0
    { 12, 24, 208, 1, 24, 72, 3064 }, // U+1EC1
    { 14, 28, 255, 1, 28, 98, 3136 }, // U+1EC2
    { 13, 25, 208, 1, 25, 82, 3234 }, // U+1EC3
    { 14, 27, 255, 1, 27, 95, 3316 }, // U+1EC4
    { 12, 23, 208, 1, 23, 69, 3411 }, // U+1EC5
    { 14, 28, 255, 1, 23, 98, 3480 }, // U+1EC6
    { 12, 24, 208, 1, 19, 72, 3578 }, // U+1EC7
    { 8, 25, 164, 1, 25, 50, 3650 }, // U+1EC8
    { 8, 21, 133, 0, 21, 42, 3700 }, // U+1EC9
    { 8, 22, 164, 1, 17, 44, 3742 }, // U+1ECA
    { 7, 24, 133, 1, 19, 42, 3786 }, // U+1ECB
    { 17, 22, 304, 1, 17, 94, 3828 }, // U+1ECC
    { 13, 18, 234, 1, 13, 59, 3922 }, // U+1ECD
    { 17, 25, 304, 1, 25, 107, 3981 }, // U+1ECE
    { 13, 21, 234, 1, 21, 69, 4088 }, // U+1ECF
    { 17, 28, 304, 1, 28, 119, 4157 }, // U+1ED0
    { 13, 24, 234, 1, 24, 78, 4276 }, // U+1ED1
    { 17, 28, 304, 1, 28, 119, 4354 }, // U+1ED2
    { 13, 24, 234, 1, 24, 78, 4473 }, // U+1ED3
    { 17, 28, 304, 1, 28, 119, 4551 }, // U+1ED4
    { 13, 25, 234, 1, 25, 82, 4670 }, // U+1ED5
    { 17, 27, 304, 1, 27, 115, 4752 }, // U+1ED6
    { 13, 23, 234, 1, 23, 75, 4867 }, // U+1ED7
    { 17, 28, 304, 1, 23, 119, 4942 }, // U+1ED8
    { 13, 24, 234, 1, 19, 78, 5061 }, // U+1ED9
    { 20, 23, 330, 1, 23, 115, 5139 }, // U+1EDA
    { 15, 19, 246, 1, 19, 72, 5254 }, // U+1EDB
    { 20, 23, 330, 1, 23, 115, 5326 }, // U+1EDC
    { 15, 19, 246, 1, 19, 72, 5441 }, // U+1EDD
    { 20, 25, 330, 1, 25, 125, 5513 }, // U+1EDE
    { 15, 21, 246, 1, 21, 79, 5638 }, // U+1EDF
    { 20, 22, 330, 1, 22, 110, 5717 }, // U+1EE0
    { 15, 18, 246, 1, 18, 68, 5827 }, // U+1EE1
    { 20, 24, 330, 1, 19, 120, 5895 }, // U+1EE2
    { 15, 22, 246, 1, 17, 83, 6015 }, // U+1EE3
    { 19, 22, 324, 1, 17, 105, 6098 }, // U+1EE4
    { 16, 18, 254, 0, 13, 72, 6203 }, // U+1EE5
    { 19, 25, 324, 1, 25, 119, 6275 }, // U+1EE6
    { 16, 21, 254, 0, 21, 84, 6394 }, // U+1EE7
    { 21, 23, 346, 1, 23, 121, 6478 }, // U+1EE8
    { 18, 19, 274, 0, 19, 86, 6599 }, // U+1EE9
    { 21, 23, 346, 1, 23, 121, 6685 }, // U+1EEA
    { 18, 19, 274, 0, 19, 86, 6806 }, // U+1EEB
    { 21, 25, 346, 1, 25, 132, 6892 }, // U+1EEC
    { 18, 21, 274, 0, 21, 95, 7024 }, // U+1EED
    { 21, 22, 346, 1, 22, 116, 7119 }, // U+1EEE
    { 18, 18, 274, 0, 18, 81, 7235 }, // U+1EEF
    { 21, 24, 346, 1, 19, 126, 7316 }, // U+1EF0
    { 18, 22, 274, 0, 17, 99, 7442 }, // U+1EF1
    { 18, 23, 286, 0, 23, 104, 7541 }, // U+1EF2
    { 15, 24, 230, 0, 19, 90, 7645 }, // U+1EF3
    { 18, 22, 286, 0, 17, 99, 7735 }, // U+1EF4
    { 15, 18, 230, 0, 13, 68, 7834 }, // U+1EF5
    { 18, 25, 286, 0, 25, 113, 7902 }, // U+1EF6
    { 15, 26, 230, 0, 21, 98, 8015 }, // U+1EF7
    { 18, 22, 286, 0, 22, 99, 8113 }, // U+1EF8
    { 15, 23, 230, 0, 18, 87, 8212 }, // U+1EF9
    { 0, 0, 233, 0, 0, 0, 0 }, // U+2007
    { 0, 0, 130, 0, 0, 0, 0 }, // U+2008
    { 0, 0, 50, 0, 0, 0, 0 }, // U+2009
    { 0, 0, 24, 0, 0, 0, 0 }, // U+200A
    { 0, 0, 0, 0, 0, 0, 0 }, // U+200B
    { 7, 2, 142, 1, 8, 4, 0 }, // U+2010
    { 13, 2, 200, 0, 8, 7, 4 }, // U+2012
    { 13, 2, 200, 0, 8, 7, 11 }, // U+2013
    { 25, 2, 400, 0, 8, 13, 18 }, // U+2014
    { 25, 2, 400, 0, 8, 13, 31 }, // U+2015
    { 4, 7, 131, 2, 20, 7, 44 }, // U+2018
    { 4, 7, 131, 2, 19, 7, 51 }, // U+2019
    { 4, 7, 131, 2, 3, 7, 58 }, // U+201A
    { 9, 7, 210, 2, 20, 16, 65 }, // U+201C
    { 9, 7, 210, 2, 19, 16, 81 }, // U+201D
    { 10, 7, 166, 0, 3, 18, 97 }, // U+201E
    { 11, 20, 208, 1, 19, 55, 115 }, // U+2020
    { 11, 19, 208, 1, 19, 53, 170 }, // U+2021
    { 7, 5, 149, 1, 10, 9, 223 }, // U+2022
    { 20, 4, 352, 1, 4, 20, 232 }, // U+2026
    { 29, 16, 487, 1, 16, 116, 252 }, // U+2030
    { 4, 6, 85, 1, 20, 6, 368 }, // U+2032
    { 8, 6, 150, 1, 20, 12, 374 }, // U+2033
    { 6, 11, 123, 1, 12, 17, 386 }, // U+2039
    { 7, 11, 122, 0, 12, 20, 403 }, // U+203A
    { 20, 19, 356, 1, 19, 95, 423 }, // U+2042
    { 13, 17, 92, -4, 17, 56, 518 }, // U+2044
    { 14, 22, 247, 1, 20, 77, 0 }, // U+20A1
    { 15, 17, 248, 0, 17, 64, 77 }, // U+20A3
    { 13, 17, 216, 0, 17, 56, 141 }, // U+20A4
    { 19, 17, 334, 1, 17, 81, 197 }, // U+20A6
    { 35, 18, 575, 1, 18, 158, 278 }, // U+20A7
    { 28, 17, 432, 0, 17, 119, 436 }, // U+20A9
    { 14, 23, 243, 1, 19, 81, 555 }, // U+20AB
    { 16, 17, 274, 0, 17, 68, 636 }, // U+20AC
    { 19, 17, 296, 0, 17, 81, 704 }, // U+20AD
    { 17, 17, 271, 0, 17, 73, 785 }, // U+20AE
    { 16, 17, 264, 1, 17, 68, 858 }, // U+20B1
    { 17, 22, 289, 1, 20, 94, 926 }, // U+20B2
    { 16, 17, 256, 0, 17, 68, 1020 }, // U+20B4
    { 14, 23, 247, 1, 21, 81, 1088 }, // U+20B5
    { 17, 17, 275, 0, 17, 73, 1169 }, // U+20B8
    { 14, 19, 239, 0, 19, 67, 1242 }, // U+20B9
    { 14, 17, 248, 1, 17, 60, 1309 }, // U+20BA
    { 16, 17, 284, 1, 17, 68, 1369 }, // U+20BC
    { 14, 17, 237, 1, 17, 60, 1437 }, // U+20BD
    { 15, 20, 257, 1, 20, 75, 0 }, // U+FB01
    { 16, 20, 266, 1, 20, 80, 75 }, // U+FB02
};

static const EpdUnicodeInterval literata_12_regularIntervals[] = {
    { 0x20, 0x7E, 0x0 },
    { 0xA0, 0x17E, 0x5F },
    { 0x1A0, 0x1A1, 0x13E },
    { 0x1AF, 0x1B0, 0x140 },
    { 0x1C4, 0x1DC, 0x142 },
    { 0x1E6, 0x1E7, 0x15B },
    { 0x1EA, 0x1EB, 0x15D },
    { 0x1FA, 0x21B, 0x15F },
    { 0x300, 0x304, 0x181 },
    { 0x306, 0x30C, 0x186 },
    { 0x30F, 0x30F, 0x18D },
    { 0x311, 0x312, 0x18E },
    { 0x31B, 0x31B, 0x190 },
    { 0x323, 0x324, 0x191 },
    { 0x326, 0x328, 0x193 },
    { 0x32E, 0x32E, 0x196 },
    { 0x331, 0x331, 0x197 },
    { 0x1EA0, 0x1EF9, 0x198 },
    { 0x2007, 0x200B, 0x1F2 },
    { 0x2010, 0x2010, 0x1F7 },
    { 0x2012, 0x2015, 0x1F8 },
    { 0x2018, 0x201A, 0x1FC },
    { 0x201C, 0x201E, 0x1FF },
    { 0x2020, 0x2022, 0x202 },
    { 0x2026, 0x2026, 0x205 },
    { 0x2030, 0x2030, 0x206 },
    { 0x2032, 0x2033, 0x207 },
    { 0x2039, 0x203A, 0x209 },
    { 0x2042, 0x2042, 0x20B },
    { 0x2044, 0x2044, 0x20C },
    { 0x20A1, 0x20A1, 0x20D },
    { 0x20A3, 0x20A4, 0x20E },
    { 0x20A6, 0x20A7, 0x210 },
    { 0x20A9, 0x20A9, 0x212 },
    { 0x20AB, 0x20AE, 0x213 },
    { 0x20B1, 0x20B2, 0x217 },
    { 0x20B4, 0x20B5, 0x219 },
    { 0x20B8, 0x20BA, 0x21B },
    { 0x20BC, 0x20BD, 0x21E },
    { 0xFB01, 0xFB02, 0x220 },
};

static const EpdFontGroup literata_12_regularGroups[] = {
    { 0, 2881, 5547, 95, 0 },
    { 2881, 2480, 6608, 96, 95 },
    { 5361, 3328, 10752, 127, 191 },
    { 8689, 2363, 6797, 67, 318 },
    { 11052, 198, 215, 23, 385 },
    { 11250, 1759, 9281, 90, 408 },
    { 13009, 404, 632, 27, 498 },
    { 13413, 997, 1623, 19, 525 },
    { 14410, 94, 160, 2, 544 },
};

static const EpdKernClassEntry literata_12_regularKernLeftClasses[] = {
    { 0x0022, 1 }, // "
    { 0x0026, 2 }, // &
    { 0x0027, 1 }, // '
    { 0x002A, 3 }, // *
    { 0x002C, 4 }, // ,
    { 0x002D, 5 }, // -
    { 0x002E, 4 }, // .
    { 0x002F, 6 }, // /
    { 0x0030, 7 }, // 0
    { 0x0031, 8 }, // 1
    { 0x0032, 9 }, // 2
    { 0x0033, 10 }, // 3
    { 0x0034, 11 }, // 4
    { 0x0035, 12 }, // 5
    { 0x0037, 13 }, // 7
    { 0x0038, 14 }, // 8
    { 0x0039, 14 }, // 9
    { 0x003A, 15 }, // :
    { 0x003B, 15 }, // ;
    { 0x003D, 16 }, // =
    { 0x003F, 17 }, // ?
    { 0x0040, 18 }, // @
    { 0x0041, 19 }, // A
    { 0x0042, 20 }, // B
    { 0x0043, 21 }, // C
    { 0x0044, 22 }, // D
    { 0x0045, 23 }, // E
    { 0x0046, 24 }, // F
    { 0x0047, 25 }, // G
    { 0x0048, 26 }, // H
    { 0x0049, 26 }, // I
    { 0x004A, 27 }, // J
    { 0x004B, 28 }, // K
    { 0x004C, 29 }, // L
    { 0x004D, 30 }, // M
    { 0x004E, 31 }, // N
    { 0x004F, 32 }, // O
    { 0x0050, 33 }, // P
    { 0x0051, 34 }, // Q
    { 0x0052, 35 }, // R
    { 0x0053, 36 }, // S
    { 0x0054, 37 }, // T
    { 0x0055, 38 }, // U
    { 0x0056, 39 }, // V
    { 0x0057, 40 }, // W
    { 0x0058, 41 }, // X
    { 0x0059, 42 }, // Y
    { 0x005A, 43 }, // Z
    { 0x005B, 44 }, // [
    { 0x005C, 45 }, // <backslash>
    { 0x0061, 46 }, // a
    { 0x0062, 47 }, // b
    { 0x0063, 48 }, // c
    { 0x0064, 49 }, // d
    { 0x0065, 50 }, // e
    { 0x0066, 51 }, // f
    { 0x0067, 52 }, // g
    { 0x0068, 53 }, // h
    { 0x0069, 54 }, // i
    { 0x006A, 55 }, // j
    { 0x006B, 56 }, // k
    { 0x006C, 49 }, // l
    { 0x006D, 53 }, // m
    { 0x006E, 53 }, // n
    { 0x006F, 57 }, // o
    { 0x0070, 57 }, // p
    { 0x0071, 58 }, // q
    { 0x0072, 59 }, // r
    { 0x0073, 60 }, // s
    { 0x0074, 61 }, // t
    { 0x0075, 54 }, // u
    { 0x0076, 62 }, // v
    { 0x0077, 63 }, // w
    { 0x0078, 64 }, // x
    { 0x0079, 62 }, // y
    { 0x007A, 65 }, // z
    { 0x00A1, 66 }, // U+00A1
    { 0x00AB, 67 }, // U+00AB
    { 0x00AD, 5 }, // U+00AD
    { 0x00B5, 68 }, // U+00B5
    { 0x00B7, 69 }, // U+00B7
    { 0x00BB, 70 }, // U+00BB
    { 0x00BF, 71 }, // U+00BF
    { 0x00C0, 19 }, // U+00C0
    { 0x00C1, 19 }, // U+00C1
    { 0x00C2, 19 }, // U+00C2
    { 0x00C3, 19 }, // U+00C3
    { 0x00C4, 19 }, // U+00C4
    { 0x00C5, 19 }, // U+00C5
    { 0x00C6, 23 }, // U+00C6
    { 0x00C7, 21 }, // U+00C7
    { 0x00C8, 23 }, // U+00C8
    { 0x00C9, 23 }, // U+00C9
    { 0x00CA, 23 }, // U+00CA
    { 0x00CB, 23 }, // U+00CB
    { 0x00CC, 26 }, // U+00CC
    { 0x00CD, 26 }, // U+00CD
    { 0x00CE, 26 }, // U+00CE
    { 0x00CF, 26 }, // U+00CF
    { 0x00D0, 72 }, // U+00D0
    { 0x00D1, 31 }, // U+00D1
    { 0x00D2, 32 }, // U+00D2
    { 0x00D3, 32 }, // U+00D3
    { 0x00D4, 32 }, // U+00D4
    { 0x00D5, 32 }, // U+00D5
    { 0x00D6, 32 }, // U+00D6
    { 0x00D7, 73 }, // U+00D7
    { 0x00D8, 32 }, // U+00D8
    { 0x00D9, 74 }, // U+00D9
    { 0x00DA, 74 }, // U+00DA
    { 0x00DB, 74 }, // U+00DB
    { 0x00DC, 74 }, // U+00DC
    { 0x00DD, 75 }, // U+00DD
    { 0x00DE, 76 }, // U+00DE
    { 0x00DF, 77 }, // U+00DF
    { 0x00E0, 78 }, // U+00E0
    { 0x00E1, 79 }, // U+00E1
    { 0x00E2, 79 }, // U+00E2
    { 0x00E3, 79 }, // U+00E3
    { 0x00E4, 79 }, // U+00E4
    { 0x00E5, 79 }, // U+00E5
    { 0x00E6, 57 }, // U+00E6
    { 0x00E7, 48 }, // U+00E7
    { 0x00E8, 80 }, // U+00E8
    { 0x00E9, 80 }, // U+00E9
    { 0x00EA, 80 }, // U+00EA
    { 0x00EB, 80 }, // U+00EB
    { 0x00EC, 54 }, // U+00EC
    { 0x00ED, 54 }, // U+00ED
    { 0x00EE, 54 }, // U+00EE
    { 0x00EF, 81 }, // U+00EF
    { 0x00F1, 53 }, // U+00F1
    { 0x00F2, 57 }, // U+00F2
    { 0x00F3, 57 }, // U+00F3
    { 0x00F4, 57 }, // U+00F4
    { 0x00F5, 57 }, // U+00F5
    { 0x00F6, 57 }, // U+00F6
    { 0x00F8, 57 }, // U+00F8
    { 0x00F9, 54 }, // U+00F9
    { 0x00FA, 54 }, // U+00FA
    { 0x00FB, 54 }, // U+00FB
    { 0x00FC, 54 }, // U+00FC
    { 0x00FD, 62 }, // U+00FD
    { 0x00FE, 57 }, // U+00FE
    { 0x00FF, 62 }, // U+00FF
    { 0x0100, 19 }, // U+0100
    { 0x0101, 79 }, // U+0101
    { 0x0102, 19 }, // U+0102
    { 0x0103, 79 }, // U+0103
    { 0x0104, 19 }, // U+0104
    { 0x0105, 79 }, // U+0105
    { 0x0106, 21 }, // U+0106
    { 0x0107, 48 }, // U+0107
    { 0x0108, 21 }, // U+0108
    { 0x0109, 48 }, // U+0109
    { 0x010A, 21 }, // U+010A
    { 0x010B, 48 }, // U+010B
    { 0x010C, 21 }, // U+010C
    { 0x010D, 48 }, // U+010D
    { 0x010E, 82 }, // U+010E
    { 0x010F, 83 }, // U+010F
    { 0x0110, 82 }, // U+0110
    { 0x0111, 49 }, // U+0111
    { 0x0112, 23 }, // U+0112
    { 0x0113, 80 }, // U+0113
    { 0x0114, 23 }, // U+0114
    { 0x0115, 80 }, // U+0115
    { 0x0116, 23 }, // U+0116
    { 0x0117, 80 }, // U+0117
    { 0x0118, 23 }, // U+0118
    { 0x0119, 80 }, // U+0119
    { 0x011A, 23 }, // U+011A
    { 0x011B, 80 }, // U+011B
    { 0x011C, 25 }, // U+011C
    { 0x011D, 52 }, // U+011D
    { 0x011E, 25 }, // U+011E
    { 0x011F, 52 }, // U+011F
    { 0x0120, 25 }, // U+0120
    { 0x0121, 52 }, // U+0121
    { 0x0122, 25 }, // U+0122
    { 0x0123, 52 }, // U+0123
    { 0x0124, 26 }, // U+0124
    { 0x0125, 53 }, // U+0125
    { 0x0126, 26 }, // U+0126
    { 0x0127, 53 }, // U+0127
    { 0x0128, 26 }, // U+0128
    { 0x0129, 54 }, // U+0129
    { 0x012A, 26 }, // U+012A
    { 0x012B, 54 }, // U+012B
    { 0x012C, 26 }, // U+012C
    { 0x012D, 54 }, // U+012D
    { 0x012E, 26 }, // U+012E
    { 0x012F, 54 }, // U+012F
    { 0x0130, 26 }, // U+0130
    { 0x0131, 54 }, // U+0131
    { 0x0134, 27 }, // U+0134
    { 0x0135, 55 }, // U+0135
    { 0x0136, 28 }, // U+0136
    { 0x0137, 56 }, // U+0137
    { 0x0138, 56 }, // U+0138
    { 0x0139, 29 }, // U+0139
    { 0x013A, 49 }, // U+013A
    { 0x013B, 29 }, // U+013B
    { 0x013C, 49 }, // U+013C
    { 0x013D, 84 }, // U+013D
    { 0x013E, 85 }, // U+013E
    { 0x013F, 29 }, // U+013F
    { 0x0140, 49 }, // U+0140
    { 0x0141, 29 }, // U+0141
    { 0x0142, 86 }, // U+0142
    { 0x0143, 31 }, // U+0143
    { 0x0144, 53 }, // U+0144
    { 0x0145, 31 }, // U+0145
    { 0x0146, 53 }, // U+0146
    { 0x0147, 31 }, // U+0147
    { 0x0148, 53 }, // U+0148
    { 0x0149, 53 }, // U+0149
    { 0x014A, 27 }, // U+014A
    { 0x014B, 55 }, // U+014B
    { 0x014C, 32 }, // U+014C
    { 0x014D, 57 }, // U+014D
    { 0x014E, 32 }, // U+014E
    { 0x014F, 57 }, // U+014F
    { 0x0150, 32 }, // U+0150
    { 0x0151, 57 }, // U+0151
    { 0x0152, 23 }, // U+0152
    { 0x0153, 57 }, // U+0153
    { 0x0154, 35 }, // U+0154
    { 0x0155, 59 }, // U+0155
    { 0x0156, 35 }, // U+0156
    { 0x0157, 59 }, // U+0157
    { 0x0158, 35 }, // U+0158
    { 0x0159, 59 }, // U+0159
    { 0x015A, 36 }, // U+015A
    { 0x015B, 60 }, // U+015B
    { 0x015C, 36 }, // U+015C
    { 0x015D, 60 }, // U+015D
    { 0x015E, 36 }, // U+015E
    { 0x015F, 60 }, // U+015F
    { 0x0160, 36 }, // U+0160
    { 0x0161, 60 }, // U+0161
    { 0x0162, 87 }, // U+0162
    { 0x0163, 61 }, // U+0163
    { 0x0164, 37 }, // U+0164
    { 0x0165, 88 }, // U+0165
    { 0x0166, 37 }, // U+0166
    { 0x0167, 61 }, // U+0167
    { 0x0168, 74 }, // U+0168
    { 0x0169, 54 }, // U+0169
    { 0x016A, 74 }, // U+016A
    { 0x016B, 54 }, // U+016B
    { 0x016C, 74 }, // U+016C
    { 0x016D, 54 }, // U+016D
    { 0x016E, 74 }, // U+016E
    { 0x016F, 54 }, // U+016F
    { 0x0170, 74 }, // U+0170
    { 0x0171, 54 }, // U+0171
    { 0x0172, 74 }, // U+0172
    { 0x0173, 54 }, // U+0173
    { 0x0174, 89 }, // U+0174
    { 0x0175, 63 }, // U+0175
    { 0x0176, 75 }, // U+0176
    { 0x0177, 62 }, // U+0177
    { 0x0178, 75 }, // U+0178
    { 0x0179, 43 }, // U+0179
    { 0x017A, 65 }, // U+017A
    { 0x017B, 43 }, // U+017B
    { 0x017C, 65 }, // U+017C
    { 0x017D, 43 }, // U+017D
    { 0x017E, 65 }, // U+017E
    { 0x01A0, 90 }, // U+01A0
    { 0x01A1, 91 }, // U+01A1
    { 0x01AF, 92 }, // U+01AF
    { 0x01B0, 93 }, // U+01B0
    { 0x01C6, 53 }, // U+01C6
    { 0x01C7, 27 }, // U+01C7
    { 0x01C9, 55 }, // U+01C9
    { 0x01CA, 27 }, // U+01CA
    { 0x01CC, 55 }, // U+01CC
    { 0x01CD, 19 }, // U+01CD
    { 0x01CE, 53 }, // U+01CE
    { 0x01CF, 26 }, // U+01CF
    { 0x01D0, 54 }, // U+01D0
    { 0x01D1, 32 }, // U+01D1
    { 0x01D2, 57 }, // U+01D2
    { 0x01D3, 74 }, // U+01D3
    { 0x01D4, 54 }, // U+01D4
    { 0x01D5, 74 }, // U+01D5
    { 0x01D6, 54 }, // U+01D6
    { 0x01D7, 74 }, // U+01D7
    { 0x01D8, 54 }, // U+01D8
    { 0x01D9, 74 }, // U+01D9
    { 0x01DA, 54 }, // U+01DA
    { 0x01DB, 74 }, // U+01DB
    { 0x01DC, 54 }, // U+01DC
    { 0x01E6, 25 }, // U+01E6
    { 0x01E7, 52 }, // U+01E7
    { 0x01EA, 32 }, // U+01EA
    { 0x01EB, 57 }, // U+01EB
    { 0x01FA, 19 }, // U+01FA
    { 0x01FB, 53 }, // U+01FB
    { 0x01FC, 23 }, // U+01FC
    { 0x01FD, 57 }, // U+01FD
    { 0x01FE, 32 }, // U+01FE
    { 0x01FF, 57 }, // U+01FF
    { 0x0200, 19 }, // U+0200
    { 0x0201, 53 }, // U+0201
    { 0x0202, 19 }, // U+0202
    { 0x0203, 53 }, // U+0203
    { 0x0204, 23 }, // U+0204
    { 0x0205, 57 }, // U+0205
    { 0x0206, 23 }, // U+0206
    { 0x0207, 57 }, // U+0207
    { 0x0208, 26 }, // U+0208
    { 0x0209, 54 }, // U+0209
    { 0x020A, 26 }, // U+020A
    { 0x020B, 54 }, // U+020B
    { 0x020C, 32 }, // U+020C
    { 0x020D, 57 }, // U+020D
    { 0x020E, 32 }, // U+020E
    { 0x020F, 57 }, // U+020F
    { 0x0210, 35 }, // U+0210
    { 0x0211, 59 }, // U+0211
    { 0x0212, 35 }, // U+0212
    { 0x0213, 59 }, // U+0213
    { 0x0214, 74 }, // U+0214
    { 0x0215, 54 }, // U+0215
    { 0x0216, 74 }, // U+0216
    { 0x0217, 54 }, // U+0217
    { 0x0218, 36 }, // U+0218
    { 0x0219, 60 }, // U+0219
    { 0x021A, 87 }, // U+021A
    { 0x021B, 61 }, // U+021B
    { 0x1EA0, 19 }, // U+1EA0
    { 0x1EA1, 53 }, // U+1EA1
    { 0x1EA2, 19 }, // U+1EA2
    { 0x1EA3, 53 }, // U+1EA3
    { 0x1EA4, 19 }, // U+1EA4
    { 0x1EA5, 53 }, // U+1EA5
    { 0x1EA6, 19 }, // U+1EA6
    { 0x1EA7, 53 }, // U+1EA7
    { 0x1EA8, 19 }, // U+1EA8
    { 0x1EA9, 53 }, // U+1EA9
    { 0x1EAA, 19 }, // U+1EAA
    { 0x1EAB, 53 }, // U+1EAB
    { 0x1EAC, 19 }, // U+1EAC
    { 0x1EAD, 53 }, // U+1EAD
    { 0x1EAE, 19 }, // U+1EAE
    { 0x1EAF, 53 }, // U+1EAF
    { 0x1EB0, 19 }, // U+1EB0
    { 0x1EB1, 53 }, // U+1EB1
    { 0x1EB2, 19 }, // U+1EB2
    { 0x1EB3, 53 }, // U+1EB3
    { 0x1EB4, 19 }, // U+1EB4
    { 0x1EB5, 53 }, // U+1EB5
    { 0x1EB6, 19 }, // U+1EB6
    { 0x1EB7, 53 }, // U+1EB7
    { 0x1EB8, 23 }, // U+1EB8
    { 0x1EB9, 57 }, // U+1EB9
    { 0x1EBA, 23 }, // U+1EBA
    { 0x1EBB, 57 }, // U+1EBB
    { 0x1EBC, 23 }, // U+1EBC
    { 0x1EBD, 57 }, // U+1EBD
    { 0x1EBE, 23 }, // U+1EBE
    { 0x1EBF, 57 }, // U+1EBF
    { 0x1EC0, 23 }, // U+1EC0
    { 0x1EC1, 57 }, // U+1EC1
    { 0x1EC2, 23 }, // U+1EC2
    { 0x1EC3, 57 }, // U+1EC3
    { 0x1EC4, 23 }, // U+1EC4
    { 0x1EC5, 57 }, // U+1EC5
    { 0x1EC6, 23 }, // U+1EC6
    { 0x1EC7, 57 }, // U+1EC7
    { 0x1EC8, 26 }, // U+1EC8
    { 0x1EC9, 54 }, // U+1EC9
    { 0x1ECA, 26 }, // U+1ECA
    { 0x1ECB, 54 }, // U+1ECB
    { 0x1ECC, 32 }, // U+1ECC
    { 0x1ECD, 57 }, // U+1ECD
    { 0x1ECE, 32 }, // U+1ECE
    { 0x1ECF, 57 }, // U+1ECF
    { 0x1ED0, 32 }, // U+1ED0
    { 0x1ED1, 57 }, // U+1ED1
    { 0x1ED2, 32 }, // U+1ED2
    { 0x1ED3, 57 }, // U+1ED3
    { 0x1ED4, 32 }, // U+1ED4
    { 0x1ED5, 57 }, // U+1ED5
    { 0x1ED6, 32 }, // U+1ED6
    { 0x1ED7, 57 }, // U+1ED7
    { 0x1ED8, 32 }, // U+1ED8
    { 0x1ED9, 57 }, // U+1ED9
    { 0x1EDA, 94 }, // U+1EDA
    { 0x1EDB, 95 }, // U+1EDB
    { 0x1EDC, 94 }, // U+1EDC
    { 0x1EDD, 95 }, // U+1EDD
    { 0x1EDE, 94 }, // U+1EDE
    { 0x1EDF, 95 }, // U+1EDF
    { 0x1EE0, 94 }, // U+1EE0
    { 0x1EE1, 95 }, // U+1EE1
    { 0x1EE2, 94 }, // U+1EE2
    { 0x1EE3, 95 }, // U+1EE3
    { 0x1EE4, 74 }, // U+1EE4
    { 0x1EE5, 54 }, // U+1EE5
    { 0x1EE6, 74 }, // U+1EE6
    { 0x1EE7, 54 }, // U+1EE7
    { 0x1EE8, 96 }, // U+1EE8
    { 0x1EE9, 93 }, // U+1EE9
    { 0x1EEA, 96 }, // U+1EEA
    { 0x1EEB, 93 }, // U+1EEB
    { 0x1EEC, 96 }, // U+1EEC
    { 0x1EED, 93 }, // U+1EED
    { 0x1EEE, 96 }, // U+1EEE
    { 0x1EEF, 93 }, // U+1EEF
    { 0x1EF0, 96 }, // U+1EF0
    { 0x1EF1, 93 }, // U+1EF1
    { 0x1EF2, 75 }, // U+1EF2
    { 0x1EF3, 62 }, // U+1EF3
    { 0x1EF4, 97 }, // U+1EF4
    { 0x1EF5, 62 }, // U+1EF5
    { 0x1EF6, 97 }, // U+1EF6
    { 0x1EF7, 62 }, // U+1EF7
    { 0x1EF8, 97 }, // U+1EF8
    { 0x1EF9, 62 }, // U+1EF9
    { 0x2010, 5 }, // U+2010
    { 0x2012, 5 }, // U+2012
    { 0x2013, 5 }, // U+2013
    { 0x2014, 5 }, // U+2014
    { 0x2015, 5 }, // U+2015
    { 0x2018, 98 }, // U+2018
    { 0x2019, 99 }, // U+2019
    { 0x201A, 100 }, // U+201A
    { 0x201C, 98 }, // U+201C
    { 0x201D, 99 }, // U+201D
    { 0x201E, 100 }, // U+201E
    { 0x2026, 4 }, // U+2026
    { 0x2039, 67 }, // U+2039
    { 0x203A, 70 }, // U+203A
    { 0xFB01, 101 }, // U+FB01
    { 0xFB02, 49 }, // U+FB02
};

static const EpdKernClassEntry literata_12_regularKernRightClasses[] = {
    { 0x0021, 1 }, // !
    { 0x0022, 2 }, // "
    { 0x0025, 3 }, // %
    { 0x0026, 4 }, // &
    { 0x0027, 2 }, // '
    { 0x0029, 5 }, // )
    { 0x002A, 6 }, // *
    { 0x002B, 7 }, // +
    { 0x002C, 8 }, // ,
    { 0x002D, 9 }, // -
    { 0x002E, 10 }, // .
    { 0x002F, 11 }, // /
    { 0x0031, 12 }, // 1
    { 0x0032, 13 }, // 2
    { 0x0033, 14 }, // 3
    { 0x0034, 15 }, // 4
    { 0x0035, 16 }, // 5
    { 0x0036, 17 }, // 6
    { 0x0037, 18 }, // 7
    { 0x003A, 19 }, // :
    { 0x003B, 19 }, // ;
    { 0x003D, 20 }, // =
    { 0x003F, 21 }, // ?
    { 0x0040, 22 }, // @
    { 0x0041, 23 }, // A
    { 0x0043, 24 }, // C
    { 0x0047, 24 }, // G
    { 0x004A, 25 }, // J
    { 0x004D, 26 }, // M
    { 0x004F, 27 }, // O
    { 0x0051, 24 }, // Q
    { 0x0053, 28 }, // S
    { 0x0054, 29 }, // T
    { 0x0055, 30 }, // U
    { 0x0056, 31 }, // V
    { 0x0057, 32 }, // W
    { 0x0058, 33 }, // X
    { 0x0059, 34 }, // Y
    { 0x005A, 35 }, // Z
    { 0x005C, 36 }, // <backslash>
    { 0x005D, 37 }, // ]
    { 0x0061, 38 }, // a
    { 0x0062, 39 }, // b
    { 0x0063, 40 }, // c
    { 0x0064, 41 }, // d
    { 0x0065, 40 }, // e
    { 0x0066, 42 }, // f
    { 0x0067, 43 }, // g
    { 0x0068, 44 }, // h
    { 0x0069, 45 }, // i
    { 0x006A, 46 }, // j
    { 0x006B, 44 }, // k
    { 0x006C, 44 }, // l
    { 0x006D, 47 }, // m
    { 0x006E, 48 }, // n
    { 0x006F, 49 }, // o
    { 0x0070, 50 }, // p
    { 0x0071, 40 }, // q
    { 0x0072, 48 }, // r
    { 0x0073, 51 }, // s
    { 0x0074, 52 }, // t
    { 0x0075, 53 }, // u
    { 0x0076, 54 }, // v
    { 0x0077, 55 }, // w
    { 0x0078, 56 }, // x
    { 0x0079, 57 }, // y
    { 0x007A, 58 }, // z
    { 0x00AB, 59 }, // U+00AB
    { 0x00AD, 60 }, // U+00AD
    { 0x00B0, 61 }, // U+00B0
    { 0x00B2, 62 }, // U+00B2
    { 0x00B3, 62 }, // U+00B3
    { 0x00B7, 63 }, // U+00B7
    { 0x00B9, 62 }, // U+00B9
    { 0x00BB, 64 }, // U+00BB
    { 0x00BF, 65 }, // U+00BF
    { 0x00C0, 23 }, // U+00C0
    { 0x00C1, 66 }, // U+00C1
    { 0x00C2, 23 }, // U+00C2
    { 0x00C3, 23 }, // U+00C3
    { 0x00C4, 23 }, // U+00C4
    { 0x00C5, 23 }, // U+00C5
    { 0x00C6, 67 }, // U+00C6
    { 0x00C7, 24 }, // U+00C7
    { 0x00D2, 24 }, // U+00D2
    { 0x00D3, 24 }, // U+00D3
    { 0x00D4, 24 }, // U+00D4
    { 0x00D5, 24 }, // U+00D5
    { 0x00D6, 24 }, // U+00D6
    { 0x00D7, 68 }, // U+00D7
    { 0x00D8, 24 }, // U+00D8
    { 0x00D9, 69 }, // U+00D9
    { 0x00DA, 69 }, // U+00DA
    { 0x00DB, 69 }, // U+00DB
    { 0x00DC, 69 }, // U+00DC
    { 0x00DD, 70 }, // U+00DD
    { 0x00E0, 71 }, // U+00E0
    { 0x00E1, 71 }, // U+00E1
    { 0x00E2, 72 }, // U+00E2
    { 0x00E3, 73 }, // U+00E3
    { 0x00E4, 74 }, // U+00E4
    { 0x00E5, 75 }, // U+00E5
    { 0x00E6, 71 }, // U+00E6
    { 0x00E7, 76 }, // U+00E7
    { 0x00E8, 76 }, // U+00E8
    { 0x00E9, 76 }, // U+00E9
    { 0x00EA, 77 }, // U+00EA
    { 0x00EB, 78 }, // U+00EB
    { 0x00EC, 79 }, // U+00EC
    { 0x00ED, 45 }, // U+00ED
    { 0x00EE, 80 }, // U+00EE
    { 0x00EF, 81 }, // U+00EF
    { 0x00F0, 82 }, // U+00F0
    { 0x00F1, 83 }, // U+00F1
    { 0x00F2, 76 }, // U+00F2
    { 0x00F3, 76 }, // U+00F3
    { 0x00F4, 76 }, // U+00F4
    { 0x00F5, 84 }, // U+00F5
    { 0x00F6, 85 }, // U+00F6
    { 0x00F8, 76 }, // U+00F8
    { 0x00F9, 86 }, // U+00F9
    { 0x00FA, 86 }, // U+00FA
    { 0x00FB, 86 }, // U+00FB
    { 0x00FC, 86 }, // U+00FC
    { 0x00FD, 87 }, // U+00FD
    { 0x00FE, 88 }, // U+00FE
    { 0x00FF, 87 }, // U+00FF
    { 0x0100, 23 }, // U+0100
    { 0x0101, 89 }, // U+0101
    { 0x0102, 23 }, // U+0102
    { 0x0103, 90 }, // U+0103
    { 0x0104, 23 }, // U+0104
    { 0x0105, 75 }, // U+0105
    { 0x0106, 24 }, // U+0106
    { 0x0107, 76 }, // U+0107
    { 0x0108, 24 }, // U+0108
    { 0x0109, 76 }, // U+0109
    { 0x010A, 24 }, // U+010A
    { 0x010B, 76 }, // U+010B
    { 0x010C, 24 }, // U+010C
    { 0x010D, 76 }, // U+010D
    { 0x010F, 76 }, // U+010F
    { 0x0111, 76 }, // U+0111
    { 0x0113, 76 }, // U+0113
    { 0x0115, 91 }, // U+0115
    { 0x0117, 76 }, // U+0117
    { 0x0119, 76 }, // U+0119
    { 0x011B, 76 }, // U+011B
    { 0x011C, 24 }, // U+011C
    { 0x011D, 92 }, // U+011D
    { 0x011E, 24 }, // U+011E
    { 0x011F, 93 }, // U+011F
    { 0x0120, 24 }, // U+0120
    { 0x0121, 92 }, // U+0121
    { 0x0122, 24 }, // U+0122
    { 0x0123, 92 }, // U+0123
    { 0x0125, 44 }, // U+0125
    { 0x0127, 44 }, // U+0127
    { 0x0129, 94 }, // U+0129
    { 0x012B, 95 }, // U+012B
    { 0x012D, 96 }, // U+012D
    { 0x012F, 45 }, // U+012F
    { 0x0131, 97 }, // U+0131
    { 0x0134, 25 }, // U+0134
    { 0x0135, 98 }, // U+0135
    { 0x0137, 44 }, // U+0137
    { 0x0138, 83 }, // U+0138
    { 0x013A, 44 }, // U+013A
    { 0x013C, 44 }, // U+013C
    { 0x013E, 44 }, // U+013E
    { 0x0140, 44 }, // U+0140
    { 0x0142, 99 }, // U+0142
    { 0x0144, 83 }, // U+0144
    { 0x0146, 83 }, // U+0146
    { 0x0148, 83 }, // U+0148
    { 0x0149, 100 }, // U+0149
    { 0x014B, 83 }, // U+014B
    { 0x014C, 24 }, // U+014C
    { 0x014D, 76 }, // U+014D
    { 0x014E, 24 }, // U+014E
    { 0x014F, 76 }, // U+014F
    { 0x0150, 24 }, // U+0150
    { 0x0151, 76 }, // U+0151
    { 0x0152, 24 }, // U+0152
    { 0x0153, 76 }, // U+0153
    { 0x0155, 101 }, // U+0155
    { 0x0157, 100 }, // U+0157
    { 0x0159, 101 }, // U+0159
    { 0x015A, 28 }, // U+015A
    { 0x015B, 102 }, // U+015B
    { 0x015C, 28 }, // U+015C
    { 0x015D, 103 }, // U+015D
    { 0x015E, 28 }, // U+015E
    { 0x015F, 102 }, // U+015F
    { 0x0160, 28 }, // U+0160
    { 0x0161, 104 }, // U+0161
    { 0x0162, 105 }, // U+0162
    { 0x0163, 52 }, // U+0163
    { 0x0164, 106 }, // U+0164
    { 0x0165, 52 }, // U+0165
    { 0x0166, 106 }, // U+0166
    { 0x0167, 52 }, // U+0167
    { 0x0168, 69 }, // U+0168
    { 0x0169, 86 }, // U+0169
    { 0x016A, 69 }, // U+016A
    { 0x016B, 86 }, // U+016B
    { 0x016C, 69 }, // U+016C
    { 0x016D, 86 }, // U+016D
    { 0x016E, 69 }, // U+016E
    { 0x016F, 86 }, // U+016F
    { 0x0170, 69 }, // U+0170
    { 0x0171, 86 }, // U+0171
    { 0x0172, 69 }, // U+0172
    { 0x0173, 86 }, // U+0173
    { 0x0174, 107 }, // U+0174
    { 0x0175, 108 }, // U+0175
    { 0x0176, 70 }, // U+0176
    { 0x0177, 87 }, // U+0177
    { 0x0178, 70 }, // U+0178
    { 0x0179, 35 }, // U+0179
    { 0x017A, 109 }, // U+017A
    { 0x017B, 35 }, // U+017B
    { 0x017C, 109 }, // U+017C
    { 0x017D, 35 }, // U+017D
    { 0x017E, 110 }, // U+017E
    { 0x01A0, 24 }, // U+01A0
    { 0x01A1, 111 }, // U+01A1
    { 0x01AF, 69 }, // U+01AF
    { 0x01B0, 86 }, // U+01B0
    { 0x01C6, 76 }, // U+01C6
    { 0x01C9, 44 }, // U+01C9
    { 0x01CC, 97 }, // U+01CC
    { 0x01CD, 112 }, // U+01CD
    { 0x01CE, 75 }, // U+01CE
    { 0x01D0, 113 }, // U+01D0
    { 0x01D1, 24 }, // U+01D1
    { 0x01D2, 76 }, // U+01D2
    { 0x01D3, 69 }, // U+01D3
    { 0x01D4, 86 }, // U+01D4
    { 0x01D5, 69 }, // U+01D5
    { 0x01D6, 86 }, // U+01D6
    { 0x01D7, 69 }, // U+01D7
    { 0x01D8, 86 }, // U+01D8
    { 0x01D9, 69 }, // U+01D9
    { 0x01DA, 86 }, // U+01DA
    { 0x01DB, 69 }, // U+01DB
    { 0x01DC, 86 }, // U+01DC
    { 0x01E6, 24 }, // U+01E6
    { 0x01E7, 92 }, // U+01E7
    { 0x01EA, 24 }, // U+01EA
    { 0x01EB, 76 }, // U+01EB
    { 0x01FA, 23 }, // U+01FA
    { 0x01FB, 114 }, // U+01FB
    { 0x01FC, 23 }, // U+01FC
    { 0x01FD, 114 }, // U+01FD
    { 0x01FE, 24 }, // U+01FE
    { 0x01FF, 111 }, // U+01FF
    { 0x0200, 112 }, // U+0200
    { 0x0201, 115 }, // U+0201
    { 0x0202, 112 }, // U+0202
    { 0x0203, 75 }, // U+0203
    { 0x0205, 116 }, // U+0205
    { 0x0207, 76 }, // U+0207
    { 0x0209, 117 }, // U+0209
    { 0x020B, 118 }, // U+020B
    { 0x020C, 24 }, // U+020C
    { 0x020D, 119 }, // U+020D
    { 0x020E, 24 }, // U+020E
    { 0x020F, 76 }, // U+020F
    { 0x0211, 120 }, // U+0211
    { 0x0213, 97 }, // U+0213
    { 0x0214, 69 }, // U+0214
    { 0x0215, 86 }, // U+0215
    { 0x0216, 69 }, // U+0216
    { 0x0217, 86 }, // U+0217
    { 0x0218, 28 }, // U+0218
    { 0x0219, 102 }, // U+0219
    { 0x021A, 105 }, // U+021A
    { 0x021B, 52 }, // U+021B
    { 0x1EA0, 112 }, // U+1EA0
    { 0x1EA1, 75 }, // U+1EA1
    { 0x1EA2, 112 }, // U+1EA2
    { 0x1EA3, 75 }, // U+1EA3
    { 0x1EA4, 112 }, // U+1EA4
    { 0x1EA5, 75 }, // U+1EA5
    { 0x1EA6, 112 }, // U+1EA6
    { 0x1EA7, 75 }, // U+1EA7
    { 0x1EA8, 112 }, // U+1EA8
    { 0x1EA9, 75 }, // U+1EA9
    { 0x1EAA, 112 }, // U+1EAA
    { 0x1EAB, 75 }, // U+1EAB
    { 0x1EAC, 112 }, // U+1EAC
    { 0x1EAD, 75 }, // U+1EAD
    { 0x1EAE, 112 }, // U+1EAE
    { 0x1EAF, 75 }, // U+1EAF
    { 0x1EB0, 112 }, // U+1EB0
    { 0x1EB1, 75 }, // U+1EB1
    { 0x1EB2, 112 }, // U+1EB2
    { 0x1EB3, 75 }, // U+1EB3
    { 0x1EB4, 112 }, // U+1EB4
    { 0x1EB5, 75 }, // U+1EB5
    { 0x1EB6, 112 }, // U+1EB6
    { 0x1EB7, 75 }, // U+1EB7
    { 0x1EB9, 76 }, // U+1EB9
    { 0x1EBB, 76 }, // U+1EBB
    { 0x1EBD, 76 }, // U+1EBD
    { 0x1EBF, 76 }, // U+1EBF
    { 0x1EC1, 76 }, // U+1EC1
    { 0x1EC3, 76 }, // U+1EC3
    { 0x1EC5, 76 }, // U+1EC5
    { 0x1EC7, 76 }, // U+1EC7
    { 0x1EC9, 45 }, // U+1EC9
    { 0x1ECB, 45 }, // U+1ECB
    { 0x1ECC, 24 }, // U+1ECC
    { 0x1ECD, 76 }, // U+1ECD
    { 0x1ECE, 24 }, // U+1ECE
    { 0x1ECF, 76 }, // U+1ECF
    { 0x1ED0, 24 }, // U+1ED0
    { 0x1ED1, 76 }, // U+1ED1
    { 0x1ED2, 24 }, // U+1ED2
    { 0x1ED3, 76 }, // U+1ED3
    { 0x1ED4, 24 }, // U+1ED4
    { 0x1ED5, 76 }, // U+1ED5
    { 0x1ED6, 24 }, // U+1ED6
    { 0x1ED7, 76 }, // U+1ED7
    { 0x1ED8, 24 }, // U+1ED8
    { 0x1ED9, 76 }, // U+1ED9
    { 0x1EDA, 24 }, // U+1EDA
    { 0x1EDB, 76 }, // U+1EDB
    { 0x1EDC, 24 }, // U+1EDC
    { 0x1EDD, 76 }, // U+1EDD
    { 0x1EDE, 24 }, // U+1EDE
    { 0x1EDF, 76 }, // U+1EDF
    { 0x1EE0, 24 }, // U+1EE0
    { 0x1EE1, 76 }, // U+1EE1
    { 0x1EE2, 24 }, // U+1EE2
    { 0x1EE3, 76 }, // U+1EE3
    { 0x1EE4, 69 }, // U+1EE4
    { 0x1EE5, 86 }, // U+1EE5
    { 0x1EE6, 69 }, // U+1EE6
    { 0x1EE7, 86 }, // U+1EE7
    { 0x1EE8, 69 }, // U+1EE8
    { 0x1EE9, 86 }, // U+1EE9
    { 0x1EEA, 69 }, // U+1EEA
    { 0x1EEB, 86 }, // U+1EEB
    { 0x1EEC, 69 }, // U+1EEC
    { 0x1EED, 86 }, // U+1EED
    { 0x1EEE, 69 }, // U+1EEE
    { 0x1EEF, 86 }, // U+1EEF
    { 0x1EF0, 69 }, // U+1EF0
    { 0x1EF1, 86 }, // U+1EF1
    { 0x1EF2, 70 }, // U+1EF2
    { 0x1EF3, 87 }, // U+1EF3
    { 0x1EF4, 121 }, // U+1EF4
    { 0x1EF5, 122 }, // U+1EF5
    { 0x1EF6, 121 }, // U+1EF6
    { 0x1EF7, 122 }, // U+1EF7
    { 0x1EF8, 121 }, // U+1EF8
    { 0x1EF9, 122 }, // U+1EF9
    { 0x2010, 60 }, // U+2010
    { 0x2012, 60 }, // U+2012
    { 0x2013, 60 }, // U+2013
    { 0x2014, 60 }, // U+2014
    { 0x2015, 60 }, // U+2015
    { 0x2018, 123 }, // U+2018
    { 0x2019, 124 }, // U+2019
    { 0x201A, 125 }, // U+201A
    { 0x201C, 126 }, // U+201C
    { 0x201D, 127 }, // U+201D
    { 0x201E, 125 }, // U+201E
    { 0x2022, 7 }, // U+2022
    { 0x2026, 128 }, // U+2026
    { 0x2030, 3 }, // U+2030
    { 0x2039, 129 }, // U+2039
    { 0x203A, 130 }, // U+203A
    { 0xFB01, 42 }, // U+FB01
    { 0xFB02, 42 }, // U+FB02
};

static const int8_t literata_12_regularKernMatrix[] = {
       0,    0,    0,    0,    0,    0,    0,  -40,    0,  -40,    0,    0,    0,    0,    0,    0,    0,    0,    0,    0,    0,    0,  -36,   -8,  -36,   -8,   -8,    0,    0,    0,    0,    0,    0,    0,    0,    0,    0,   -4,    0,  -12,  -12,  -16,  -16,    0,    0,    0,    0,    0,  -12,    0,  -12,  -16,    0,    0,    0,    0,    0,    0,    0,    0,    0,    0,    0,    0,    0,  -36,  -36,    0,    0,    0,   -4,   -4,   -4,   -4,   -4,  -12,  -12,  -12,    0,    0,    0,  -12,    0,  -12,  -12,    0,    0,    0,   -4,   -4,  -12,  -16,  -16,    0,    0,    0,    0,    0,    0,    0,    0,  -12,  -12,  -12,    0,    0,    0,    0,    0,    0,  -12,  -36,    0,   -4,   -4,  -12,    0,    0,  -12,    0,    0,    0,    0,    0,    0,    0,    0,  -40,    0,    0,
       0,    0,    0,    0,    0,    0,    0,    0,    0,    0,    0,    0,    0,    0,    0,    0,    0,    0,    0,    0,    0,    0,    0,    0,    0,   -8,    0,    0,  -12,   -8,  -32,  -28,    0,  -36,    0,    0,    0,    0,    0,    0,    0,    0,    0,    0,    0,    0,    0,    0,    0,    0,    0,    0,   -4,    0,    0,    0,    0,    0,    0,    0,    0,    0,    0,    0,    0,    0,    0,    0,   -8,  -36,    0,    0,    0,    0,    0,    0,    0,    0,    0,    0,    0,    0,    0,    0,    0,   -4,    0,    0,    0,    0,    0,    0,    0,    0,    0,    0,    0,    0,    0,    0,    0,    0,    0,    0,  -12,  -12,  -28,    0,    0,    0,    0,    0,    0,    0,    0,    0,    0,    0,    0,    0,  -36,    0,    0,    0,    0,    0,    0,    0,    0,    0,
       0,    0,    0,    0,    0,    0,    0,    0,    0,    0,    0,    0,    0,    0,    0,    0,    0,    0,    0,    0,    0,    0,  -40,    0,  -40,    0,    0,    0,    0,    0,    0,    0,    0,    0,    0,    0,    0,    0,    0,  -16,  -16,    0,    0,    0,    0,    0,    0,    0,  -16,    0,    0,    0,    0,    0,    0,    0,    0,    0,    0,    0,    0,    0,    0,    0,    0,  -40,  -40,    0,    0,    0,    0,    0,    0,    0,    0,  -16,  -16,  -16,    0,    0,    0,  -16,    0,  -16,  -16,    0,    0,    0,    0,    0,  -16,    0,    0,    0,    0,    0,    0,    0,    0,    0,    0,    0,    0,    0,    0,    0,    0,    0,    0,    0,  -16,  -40,    0,    0,    0,  -16,    0,    0,  -16,    0,    0,    0,    0,    0,    0,    0,    0,    0,    0,    0,
       0,  -40,    0,    0,    0,    0,    0,    0,    0,    0,    0,    0,    0,    0,  -16,    0,    0,  -24,    0,    0,  -12,    0,    0,  -12,    0,    0,  -12,    0,  -40,  -12,  -40,  -32,    0,  -40,    0,    0,    0,    0,    0,   -4,   -4,    0,    0,    0,    0,    0,    0,    0,   -4,    0,    0,  -16,  -16,  -36,  -32,    0,  -36,    0,    0,    0,    0,  -32,    0,    0,    0,    0,    0,    0,  -12,  -40,    0,    0,    0,    0,    0,   -4,   -4,   -4,    0,    0,    0,   -4,    0,   -4,   -4,  -16,  -36,    0,    0,    0,   -4,    0,    0,    0,    0,    0,    0,    0,    0,    0,    0,    0,    0,    0,  -40,  -40,  -32,  -32,    0,    0,   -4,    0,    0,    0,    0,   -4,    0,    0,   -4,    0,  -40,  -36,  -40,  -40,    0,  -40,  -40,    0,    0,    0,
       0,    0,    0,    0,    0,    0,    0,    0,    0,    0,    0,    0,  -16,  -24,    0,    0,    0,  -24,    0,    0,    0,    0,  -12,    0,   -8,    0,    0,  -12,  -28,    0,  -20,  -16,  -20,  -32,  -16,    0,    0,    0,    0,    0,    0,    0,    0,    0,    0,    0,    0,    0,    0,    0,    0,    0,    0,   -8,   -4,    0,   -8,    0,    0,    0,    0,    0,    0,    0,    0,  -12,  -12,    0,    0,  -32,    0,    0,    0,    0,    0,    0,    0,    0,    0,    0,    0,    0,    0,    0,    0,    0,   -8,    0,    0,    0,    0,    0,    0,    0,    0,    0,    0,    0,    0,    0,    0,    0,    0,    0,  -28,  -28,  -16,   -4,    0,    0,    0,  -12,    0,    0,    0,    0,    0,    0,    0,    0,  -32,   -8,    0,    0,    0,    0,    0,    0,    0,    0,
       0,    0,    0,    0,    0,    0,    0,  -40,    0,  -40,  -80,    0,    0,   -8,  -40,    0,    0,    0,    0,    0,    0,  -36,  -40,  -16,  -24,    0,  -16,  -12,    0,    0,    0,    0,    0,    0,    0,    0,    0,  -32,    0,  -28,  -28,    0,  -32,    0,   -4,    0,    0,    0,  -28,    0,  -28,  -12,   -8,  -16,  -16,   -8,  -16,  -16,    0,    0,    0,    0,    0,    0,    0,  -40,  -40,    0,    0,    0,  -32,  -32,  -32,  -32,  -32,  -28,  -28,  -28,   -4,   -4,   -4,  -28,    0,  -28,  -28,   -8,  -16,    0,  -32,  -32,  -28,  -32,  -32,   -4,   -4,   -4,    0,    0,    0,    0,    0,  -28,  -28,  -28,    0,    0,    0,  -16,  -16,  -16,  -28,  -40,   -4,  -32,  -32,  -28,   -4,   -4,  -28,    0,    0,  -16,    0,    0,    0,    0,    0,  -40,    0,    0,
       0,    0,    0,    0,    0,    0,    0,    0,    0,    0,    0,    0,   -4,   -6,    0,    0,    0,    0,    0,    0,    0,    0,    0,    0,    0,    0,    0,    0,    0,    0,    0,    0,    0,    0,    0,    0,    0,    0,    0,    0,    0,    0,    0,    0,    0,    0,    0,    0,    0,    0,    0,    0,    0,    0,    0,    0,    0,    0,    0,    0,    0,    0,    0,    0,    0,    0,    0,    0,    0,    0,    0,    0,    0,    0,    0,    0,    0,    0,    0,    0,    0,    0,    0,    0,    0,    0,    0,    0,    0,    0,    0,    0,    0,    0,    0,    0,    0,    0,    0,    0,    0,    0,    0,    0,    0,    0,    0,    0,    0,    0,    0,    0,    0,    0,    0,    0,    0,    0,    0,    0,    0,    0,    0,    0,    0,    0,    0,    0,    0,    0,
       0,  -12,  -24,    0,    0,    0,    0,    0,    0,    0,    0,    0,    0,    0,  -16,    0,    0,  -12,    0,    0,    0,    0,    0,    0,    0,    0,    0,    0,    0,    0,    0,    0,    0,    0,    0,   -8,    0,    0,    0,    0,    0,    0,    0,    0,    0,    0,    0,    0,    0,    0,    0,    0,    0,    0,    0,    0,    0,    0,    0,    0,    0,    0,    0,    0,    0,    0,    0,    0,    0,    0,    0,    0,    0,    0,    0,    0,    0,    0,    0,    0,    0,    0,    0,    0,    0,    0,    0,    0,    0,    0,    0,    0,    0,    0,    0,    0,    0,    0,    0,    0,    0,    0,    0,    0,    0,    0,    0,    0,    0,    0,    0,    0,    0,    0,    0,    0,    0,    0,    0,    0,    0,    0,  -16,  -16,    0,  -16,  -16,    0,    0,    0,
       0,    0,    0,    0,    0,    0,    0,    0,    0,    0,    0,    0,    0,    0,    0,    0,    0,   -4,    0,    0,    0,    0,    0,    0,    0,    0,    0,    0,    0,    0,    0,    0,    0,    0,    0,    0,    0,    0,    0,    0,    0,    0,    0,    0,    0,    0,    0,    0,    0,    0,    0,    0,    0,    0,    0,    0,    0,    0,    0,    0,    0,    0,    0,    0,    0,    0,    0,    0,    0,    0,    0,    0,    0,    0,    0,    0,    0,    0,    0,    0,    0,    0,    0,    0,    0,    0,    0,    0,    0,    0,    0,    0,    0,    0,    0,    0,    0,    0,    0,    0,    0,    0,    0,    0,    0,    0,    0,    0,    0,    0,    0,    0,    0,    0,    0,    0,    0,    0,    0,    0,    0,    0,    0,    0,    0,    0,    0,    0,    0,    0,
       0,    0,    0,    0,    0,    0,    0,    0,    0,    0,   -8,    0,  -12,  -12,   -2,   -2,    0,  -12,    0,    0,    0,    0,    0,    0,    0,    0,    0,    0,    0,    0,    0,    0,    0,    0,    0,   -8,    0,    0,    0,    0,    0,    0,    0,    0,    0,    0,    0,    0,    0,    0,    0,    0,    0,    0,    0,    0,    0,    0,    0,    0,    0,    0,    0,    0,    0,    0,    0,    0,    0,    0,    0,    0,    0,    0,    0,    0,    0,    0,    0,    0,    0,    0,    0,    0,    0,    0,    0,    0,    0,    0,    0,    0,    0,    0,    0,    0,    0,    0,    0,    0,    0,    0,    0,    0,    0,    0,    0,    0,    0,    0,    0,    0,    0,    0,    0,    0,    0,    0,    0,    0,    0,    0,    0,   -8,    0,    0,   -8,    0,    0,    0,
       0,    0,  -16,    0,    0,    0,    0,    0,    0,    0,    0,    0,    0,    0,    0,    0,    0,  -14,    0,    0,    0,    0,    0,    0,    0,    0,    0,    0,    0,    0,    0,    0,    0,    0,    0,    0,    0,    0,    0,    0,    0,    0,    0,    0,    0,    0,    0,    0,    0,    0,    0,    0,    0,    0,    0,    0,    0,    0,    0,    0,   -8,    0,    0,    0,    0,    0,    0,    0,    0,    0,    0,    0,    0,    0,    0,    0,    0,    0,    0,    0,    0,    0,    0,    0,    0,    0,    0,    0,    0,    0,    0,    0,    0,    0,    0,    0,    0,    0,    0,    0,    0,    0,    0,    0,    0,    0,    0,    0,    0,    0,    0,    0,    0,    0,    0,    0,    0,    0,    0,    0,    0,    0,  -16,  -12,    0,  -16,  -12,    0,    0,    0,
       0,    0,    0,    0,    0,    0,    0,    0,    0,    0,    0,    0,   -4,    0,    0,    0,    0,   -2,    0,    0,    0,    0,    0,    0,    0,    0,    0,    0,    0,    0,    0,    0,    0,    0,    0,    0,    0,    0,    0,    0,    0,    0,    0,    0,    0,    0,    0,    0,    0,    0,    0,    0,    0,    0,    0,    0,    0,    0,    0,    0,    0,    0,    0,    0,    0,    0,    0,    0,    0,    0,    0,    0,    0,    0,    0,    0,    0,    0,    0,    0,    0,    0,    0,    0,    0,    0,    0,    0,    0,    0,    0,    0,    0,    0,    0,    0,    0,    0,    0,    0,    0,    0,    0,    0,    0,    0,    0,    0,    0,    0,    0,    0,    0,    0,    0,    0,    0,    0,    0,    0,    0,    0,    0,    0,    0,    0,    0,    0,    0,    0,
       0,    0,   -6,    0,    0,    0,    0,  -40,  -24,  -40,  -40,    0,    0,   -4,  -28,  -10,    0,    0,   -8,  -24,    0,    0,    0,    0,    0,    0,    0,    0,    0,    0,    0,    0,    0,    0,    0,    0,    0,    0,    0,    0,    0,    0,    0,    0,    0,    0,    0,    0,    0,    0,    0,    0,    0,    0,    0,    0,    0,    0,    0,  -24,    0,    0,    0,    0,    0,    0,    0,  -32,    0,    0,    0,    0,    0,    0,    0,    0,    0,    0,    0,    0,    0,    0,    0,    0,    0,    0,    0,    0,    0,    0,    0,    0,    0,    0,    0,    0,    0,    0,    0,    0,    0,    0,    0,    0,    0,    0,    0,    0,    0,    0,    0,    0,    0,    0,    0,    0,    0,    0,    0,    0,    0,    0,    0,    0,    0,    0,    0,  -40,    0,    0,
       0,    0,    0,    0,    0,    0,    0,    0,    0,    0,    0,    0,   -6,    0,    0,    0,    0,   -4,    0,    0,    0,    0,    0,    0,    0,    0,    0,    0,    0,    0,    0,    0,    0,    0,    0,    0,    0,    0,    0,    0,    0,    0,    0,    0,    0,    0,    0,    0,    0,    0,    0,    0,    0,    0,    0,    0,    0,    0,    0,    0,    0,    0,    0,    0,    0,    0,    0,    0,    0,    0,    0,    0,    0,    0,    0,    0,    0,    0,    0,    0,    0,    0,    0,    0,    0,    0,    0,    0,    0,    0,    0,    0,    0,    0,    0,    0,    0,    0,    0,    0,    0,    0,    0,    0,    0,    0,    0,    0,    0,    0,    0,    0,    0,    0,    0,    0,    0,    0,    0,    0,    0,    0,    0,    0,    0,    0,    0,    0,    0,    0,
       0,    0,    0,    0,    0,    0,    0,    0,    0,    0,    0,    0,   -4,   -4,   -8,    0,    0,   -4,    0,    0,    0,    0,    0,    0,    0,    0,    0,    0,    0,    0,    0,    0,    0,    0,    0,    0,    0,    0,    0,    0,    0,    0,    0,    0,    0,    0,    0,    0,    0,    0,    0,    0,    0,    0,    0,    0,    0,    0,    0,    0,    0,    0,    0,    0,    0,    0,    0,    0,    0,    0,    0,    0,    0,    0,    0,    0,    0,    0,    0,    0,    0,    0,    0,    0,    0,    0,    0,    0,    0,    0,    0,    0,    0,    0,    0,    0,    0,    0,    0,    0,    0,    0,    0,    0,    0,    0,    0,    0,    0,    0,    0,    0,    0,    0,    0,    0,    0,    0,    0,    0,    0,    0,    0,    0,    0,    0,    0,    0,    0,    0,
       0,    0,    0,    0,    0,    0,    0,    0,    0,    0,    0,    0,    0,    0,    0,    0,    0,  -16,    0,    0,    0,    0,    0,    0,    0,    0,    0,    0,    0,    0,    0,    0,    0,    0,    0,    0,    0,    0,    0,    0,    0,    0,    0,    0,    0,    0,    0,    0,    0,    0,    0,    0,    0,    0,    0,    0,    0,    0,    0,    0,    0,    0,    0,    0,    0,    0,    0,    0,    0,    0,    0,    0,    0,    0,    0,    0,    0,    0,    0,    0,    0,    0,    0,    0,    0,    0,    0,    0,    0,    0,    0,    0,    0,    0,    0,    0,    0,    0,    0,    0,    0,    0,    0,    0,    0,    0,    0,    0,    0,    0,    0,    0,    0,    0,    0,    0,    0,    0,    0,    0,    0,    0,    0,    0,    0,    0,    0,    0,    0,    0,
       0,    0,    0,    0,    0,    0,    0,    0,    0,    0,    0,    0,    0,    0,    0,    0,    0,    0,    0,    0,    0,    0,    0,    0,    0,    0,    0,    0,    0,    0,    0,    0,    0,    0,    0,    0,    0,    0,    0,    0,    0,    0,    0,    0,    0,    0,    0,    0,    0,    0,    0,    0,    0,    0,    0,    0,    0,    0,  -16,    0,    0,    0,    0,    0,    0,    0,    0,    0,    0,    0,    0,    0,    0,    0,    0,    0,    0,    0,    0,    0,    0,    0,    0,    0,    0,    0,    0,    0,    0,    0,    0,    0,    0,    0,    0,    0,    0,    0,    0,    0,    0,    0,    0,    0,    0,    0,    0,    0,    0,    0,    0,    0,    0,    0,    0,    0,    0,    0,    0,    0,    0,    0,    0,    0,    0,    0,    0,    0,  -16,    0,
       0,    0,    0,    0,    0,    0,    0,    0,    0,    0,  -16,    0,    0,    0,    0,    0,    0,    0,    0,    0,    0,    0,    0,    0,    0,    0,    0,    0,  -20,  -16,  -32,  -20,    0,  -32,  -12,  -28,    0,    0,    0,    0,    0,    0,    0,    0,    0,    0,    0,    0,    0,    0,    0,    0,   -4,  -12,   -4,    0,  -12,    0,    0,    0,    0,    0,    0,    0,    0,    0,    0,    0,  -16,  -32,    0,    0,    0,    0,    0,    0,    0,    0,    0,    0,    0,    0,    0,    0,    0,   -4,  -12,    0,    0,    0,    0,    0,    0,    0,    0,    0,    0,    0,    0,    0,    0,    0,    0,    0,  -20,  -20,  -20,   -4,    0,    0,    0,    0,    0,    0,    0,    0,    0,    0,    0,    0,  -32,  -12,    0,    0,    0,    0,    0,    0,    0,    0,
       0,  -36,    0,    0,    0,  -40,    0,    0,  -12,    0,    0,    0,    0,    0,    0,    0,    0,    0,    0,    0,  -24,    0,    0,   -8,    0,    0,   -8,    0,  -40,  -26,  -44,  -36,    0,  -44,    0,  -40,    0,    0,   -8,   -2,   -2,    0,    0,    0,    0,    0,   -8,   -8,   -2,  -16,    0,  -18,  -16,  -36,  -28,    0,  -36,    0,  -10,  -12,    0,    0,  -16,    0,    0,    0,    0,    0,  -26,  -44,    0,    0,    0,    0,    0,   -2,   -2,   -2,    0,    0,    0,   -2,   -8,   -2,   -2,  -16,  -36,    0,    0,    0,   -2,    0,    0,    0,    0,    0,   -8,    0,    0,   -8,   -8,    0,    0,    0,  -40,  -40,  -36,  -28,    0,    0,   -2,    0,    0,    0,    0,   -2,    0,    0,   -2,   -8,  -44,  -36,  -44,  -40,    0,  -44,  -40,    0,  -10,    0,
       0,    0,    0,    0,    0,    0,    0,    0,    0,    0,    0,    0,    0,    0,    0,    0,    0,    0,    0,    0,    0,    0,   -6,    0,   -4,    0,    0,    0,   -8,   -4,  -12,   -8,    0,  -14,   -4,    0,    0,    0,    0,    0,    0,    0,    0,    0,    0,    0,    0,    0,    0,    0,    0,   -8,    0,   -8,   -8,    0,   -8,    0,    0,    0,    0,    0,    0,    0,    0,   -6,    0,    0,   -4,  -14,    0,    0,    0,    0,    0,    0,    0,    0,    0,    0,    0,    0,    0,    0,    0,    0,   -8,    0,    0,    0,    0,    0,    0,    0,    0,    0,    0,    0,    0,    0,    0,    0,    0,    0,   -8,   -8,   -8,   -8,    0,    0,    0,   -6,    0,    0,    0,    0,    0,    0,    0,    0,  -14,   -8,    0,    0,    0,    0,    0,    0,    0,    0,
       0,    0,    0,    0,    0,    0,    0,    0,    0,    0,    0,    0,    0,    0,    0,    0,    0,    0,    0,    0,    0,    0,   -8,   -4,    0,    0,   -4,   -4,  -10,    0,   -8,   -6,    0,   -8,   -4,    0,    0,   -4,   -4,    0,    0,   -2,    0,   -4,    0,    0,    0,    0,    0,    0,   -4,   -4,   -6,   -6,   -4,    0,   -6,    0,    0,    0,    0,    0,    0,    0,    0,   -8,  -12,    0,    0,   -8,   -4,   -4,   -4,   -4,   -4,    0,    0,    0,    0,    0,    0,    0,    0,    0,    0,   -6,   -6,   -4,   -4,   -4,    0,    0,    0,    0,    0,    0,    0,    0,   -4,    0,    0,   -4,   -4,   -4,  -10,  -10,   -6,   -4,    0,    0,    0,   -8,    0,   -4,   -4,    0,    0,    0,    0,    0,   -8,   -6,    0,    0,    0,    0,    0,    0,    0,    0,
       0,   -8,    0,    0,    0,    0,    0,  -12,    0,  -12,   -4,    0,    0,    0,    0,    0,    0,    0,    0,    0,    0,    0,  -32,    0,  -10,  -18,    0,    0,  -20,    0,  -14,   -8,  -10,  -20,   -8,  -16,    0,    0,    0,    0,    0,   -4,    0,    0,    0,    0,    0,    0,    0,    0,    0,    0,    0,   -4,    0,   -2,   -4,    0,    0,    0,    0,    0,    0,    0,    0,  -32,  -32,    0,    0,  -20,    0,    0,    0,    0,    0,    0,    0,    0,    0,    0,    0,    0,    0,    0,    0,    0,   -4,    0,    0,    0,    0,    0,    0,    0,    0,    0,    0,    0,    0,    0,    0,    0,    0,    0,  -20,  -20,   -8,    0,    0,    0,    0,  -32,    0,    0,    0,    0,    0,    0,    0,    0,  -20,   -4,   -4,  -16,    0,   -4,  -16,  -12,    0,    0,
       0,    0,    0,    0,    0,    0,    0,    0,    0,    0,    0,    0,    0,    0,    0,    0,    0,    0,    0,    0,    0,    0,    0,    0,    0,    0,    0,    0,  -12,   -8,   -4,    0,    0,   -8,    0,    0,    0,    0,   -4,    0,    0,    0,    0,   -2,    0,    0,    0,    0,    0,    0,    0,   -6,   -4,  -10,   -6,    0,  -10,    0,    0,    0,    0,    0,    0,    0,    0,    0,    0,    0,   -8,   -8,    0,    0,    0,    0,    0,    0,    0,    0,    0,    0,    0,    0,    0,    0,    0,   -4,  -10,   -2,    0,    0,    0,    0,    0,    0,    0,    0,    0,    0,   -2,    0,    0,    0,    0,    0,  -12,  -12,    0,   -6,    0,    0,    0,    0,    0,    0,    0,    0,    0,    0,    0,    0,   -8,  -10,   -4,  -12,    0,   -4,  -12,    0,    0,    0,
       0,    0,    0,  -12,    0,    0,    0,  -36,  -16,  -36,  -32,    0,    0,    0,    0,    0,    0,    0,    0,    0,    0,  -20,  -36,   -4,  -42,   -4,   -4,   -6,    0,   -2,    0,    0,    0,    0,   -4,    0,    0,  -16,    0,  -16,  -16,    0,  -20,   -8,   -2,   -4,   -8,   -8,  -16,   -8,  -16,   -4,   -8,   -4,   -2,   -2,   -4,   -8,  -16,  -16,    0,    0,    0,    0,    0,  -36,  -44,    0,   -2,    0,  -16,  -16,  -16,  -16,  -16,  -16,  -16,  -16,   -2,    4,    4,  -16,   -8,  -16,  -16,   -8,   -4,   -8,  -16,  -16,  -16,  -20,  -20,   -2,   -2,   -2,   -8,    4,   -8,   -8,   -8,  -16,  -16,  -16,    0,    0,    0,   -2,   -8,   -8,  -16,  -36,   -2,  -16,  -16,  -16,   -2,   -2,  -16,   -8,    0,   -4,    0,    0,    0,    0,    0,  -36,  -16,    0,
       0,   -8,    0,    0,    0,   -8,    0,    0,    0,    0,    0,    0,    0,    0,    0,    0,    0,    0,    0,    0,   -8,    0,    0,    0,   -6,    0,    0,    0,  -16,    0,  -16,  -10,   -2,  -16,   -4,    0,    0,    0,    0,    0,    0,    0,    0,    0,    0,    0,    0,    0,    0,    0,    0,    0,    0,   -6,    0,    0,   -6,    0,    0,    0,    0,    0,    0,    0,    0,    0,  -24,    0,    0,  -16,    0,    0,    0,    0,    0,    0,    0,    0,    0,    0,    0,    0,    0,    0,    0,    0,   -6,    0,    0,    0,    0,    0,    0,    0,    0,    0,    0,    0,    0,    0,    0,    0,    0,    0,  -16,  -16,  -10,    0,    0,    0,    0,    0,    0,    0,    0,    0,    0,    0,    0,    0,  -16,   -6,    0,   -4,    0,    0,   -4,    0,    0,    0,
       0,    0,    0,    0,    0,    0,    0,    0,    0,    0,    0,    0,    0,    0,    0,    0,    0,    0,    0,    0,    0,    0,    0,    0,    0,    0,    0,    0,    0,    0,    0,    0,    0,    0,    0,    0,    0,    0,    0,   -4,   -4,    0,    0,    0,    0,   -2,    0,    0,   -4,    0,    0,   -8,   -8,  -16,   -8,    0,  -16,    0,    0,    0,    0,    0,    0,    0,    0,    0,    0,    0,    0,    0,    0,    0,    0,    0,    0,   -4,   -4,   -4,    0,    0,    0,   -4,    0,   -4,   -4,   -8,  -16,    0,    0,    0,   -4,    0,    0,    0,    0,    0,    0,   -2,    0,    0,    0,    0,    0,    0,    0,    0,    0,   -8,    0,    0,   -4,    0,    0,    0,    0,   -4,    0,    0,   -4,    0,    0,  -16,    0,    0,    0,    0,    0,    0,    0,    0,
       0,    0,    0,   -8,    0,    0,    0,  -24,    0,  -24,  -16,    0,    0,    0,    0,    0,    0,    0,    0,    0,    0,    0,  -28,    0,  -24,    0,    0,   -8,    0,    0,    0,    0,    0,    0,    0,    0,    0,  -16,    0,  -16,  -16,  -10,  -14,    0,   -2,    0,  -10,  -10,  -16,  -10,  -16,   -8,  -12,  -10,   -6,  -12,  -10,  -10,   -8,    0,    0,    0,   -8,    0,    0,  -28,  -28,    0,    0,    0,  -16,  -16,  -16,  -16,  -16,  -16,  -16,  -16,   -2,   -2,   -2,  -16,  -10,  -16,  -16,  -12,  -10,    0,  -16,  -16,  -16,  -14,  -14,   -2,   -2,   -2,  -10,    0,    0,  -10,  -10,  -16,  -16,  -16,    0,    0,    0,   -6,  -10,  -10,  -16,  -28,   -2,  -16,  -16,  -16,   -2,   -2,  -16,  -10,    0,  -10,    0,    0,    0,    0,    0,  -24,   -8,    0,
       0,    0,    0,    0,    0,    0,    0,    0,  -24,    0,    0,    0,    0,    0,    0,    0,    0,    0,    0,    0,  -12,    0,    0,  -16,    0,    0,  -16,    0,  -10,  -10,   -8,   -4,    0,   -8,    0,    0,    0,   -6,   -4,   -8,   -8,    0,    0,    0,    0,    0,    0,    0,   -8,   -4,    0,  -16,  -18,  -36,  -28,    0,  -36,    0,   -8,  -24,    0,    0,  -24,    0,    0,    0,    0,    0,  -10,   -8,   -6,   -6,   -6,   -6,   -6,   -8,   -8,   -8,    0,   12,   12,   -8,    0,   -8,   -8,  -18,  -36,    0,   -6,   -6,   -8,    0,    0,    0,   12,    0,    0,    0,    0,    0,    0,    0,    0,    0,  -10,  -10,   -4,  -28,    0,    0,   -8,    0,    0,   -6,   -6,   -8,    0,    0,   -8,    0,   -8,  -36,  -12,   -8,    0,  -12,   -8,    0,   -8,    0,
       0,  -60,    0,    0,    0,  -40,    0,    0,    0,    0,    0,    0,    0,    0,    0,    0,    0,    0,    0,    0,  -20,    0,    0,   -6,   -4,  -14,   -6,   -4,  -48,  -20,  -40,  -36,    0,  -44,   -8,  -36,    0,    0,   -6,    0,    0,    0,    0,   -8,    0,    0,    0,    0,    0,   -2,    0,  -12,   -8,  -26,  -20,    0,  -26,    0,    0,    0,    0,    0,   -8,    0,    0,    0,    0,    0,  -20,  -48,    0,    0,    0,    0,    0,    0,    0,    0,    0,    0,    0,    0,    0,    0,    0,   -8,  -26,  -16,    0,    0,    0,    0,    0,    0,    0,    0,    0,    0,   -8,    0,    0,    0,    0,    0,  -48,  -62,  -40,  -20,    0,    0,    0,    0,    0,    0,    0,    0,    0,    0,    0,    0,  -44,  -26,  -64,  -60,    0,  -64,  -60,    0,    0,    0,
       0,   -8,    0,    0,    0,    0,    0,    0,    0,    0,    0,    0,    0,    0,    0,    0,    0,    0,    0,    0,  -12,    0,    0,   -8,    0,    0,  -12,    0,  -20,  -10,  -24,  -20,    0,  -12,   -2,    0,    0,  -22,   -8,  -16,  -16,  -10,   -6,  -10,   -4,  -12,  -10,  -10,  -16,  -10,  -18,  -36,  -40,  -60,  -38,    0,  -60,   -4,    0,    0,    0,    0,    0,    0,    0,    0,    0,    0,  -13,  -12,  -22,  -22,  -22,  -22,  -22,  -16,  -16,  -16,   -4,   -4,   -4,  -16,  -10,  -16,  -16,  -34,  -60,  -14,  -22,  -22,  -16,   -6,   -6,   -4,   -4,   -4,  -10,  -12,  -10,  -10,  -10,  -18,  -18,  -18,  -20,  -20,  -20,  -38,   -4,   -4,  -16,    0,   -4,  -22,  -22,  -16,   -4,   -4,  -16,  -10,  -12,  -60,  -16,    0,    0,  -16,    0,    0,    0,    0,
       0,    0,    0,   -8,    0,    0,    0,   -8,    0,   -8,   -8,    0,    0,    0,    0,    0,    0,    0,    0,    0,   -8,  -12,  -20,   -4,  -16,   -6,   -4,    0,    0,    0,    0,    0,    0,    0,   -2,    0,    0,  -20,    0,  -20,  -20,  -16,  -18,   -4,  -12,   -4,  -10,  -10,  -20,  -10,  -14,   -8,  -16,  -22,  -20,  -14,  -22,  -12,    0,    0,    0,    0,    0,    0,    0,  -20,  -16,    0,    0,    0,  -20,  -20,  -20,  -20,  -20,  -20,  -20,  -20,  -12,  -13,   -8,  -20,  -10,  -20,  -20,  -16,  -22,   -4,  -20,  -20,  -20,  -18,  -18,  -12,  -12,  -12,  -10,   -4,   -4,  -10,  -10,  -14,  -14,  -14,    0,    0,    0,  -20,  -12,  -12,  -20,  -20,  -12,  -20,  -20,  -20,  -12,  -12,  -20,  -10,    0,  -22,    0,    0,    0,    0,    0,   -8,    0,    0,
       0,   -8,    0,    0,   36,    0,    0,  -12,    0,  -28,   -4,    0,    0,    0,    0,    0,    0,    0,    0,    0,   -8,    0,  -32,    0,  -10,  -16,    0,    0,  -20,    0,  -12,   -8,  -10,  -20,   -6,  -16,   24,    0,    0,    0,    0,    0,    0,   -4,    0,    0,    0,    0,    0,    0,    0,    0,    0,   -4,    0,    0,   -4,    0,    0,    0,    0,    0,    0,    0,    0,  -32,  -36,    0,    0,  -20,    0,    0,    0,    0,    0,    0,    0,    0,    0,    0,    0,    0,    0,    0,    0,    0,   -4,   -4,    0,    0,    0,    0,    0,    0,    0,    0,    0,    0,   -4,    0,    0,    0,    0,    0,   -8,  -20,   -8,    0,    0,    0,    0,  -12,    0,    0,    0,    0,    0,    0,    0,    0,  -20,   -4,   -4,  -16,   18,   -4,  -16,  -12,    0,    0,
       0,    0,    0,    0,    0,    0,    0,  -28,    0,  -28,  -12,    0,    0,    0,    0,    0,    0,    0,    0,    0,    0,    0,  -24,    0,  -36,    0,    0,    0,    0,    0,    0,    0,    0,   -2,    0,    0,    0,    0,    0,    0,    0,    0,    0,    0,    0,    0,    0,    0,    0,    0,    0,    0,    0,    0,    0,    0,    0,    0,    0,    0,    0,    0,    0,    0,    0,  -24,  -56,    0,    0,   -2,    0,    0,    0,    0,    0,    0,    0,    0,    0,    0,    0,    0,    0,    0,    0,    0,    0,    0,    0,    0,    0,    0,    0,    0,    0,    0,    0,    0,    0,    0,    0,    0,    0,    0,    0,    0,    0,    0,    0,    0,    0,  -24,    0,    0,    0,    0,    0,    0,    0,    0,   -2,    0,    0,    0,    0,    0,    0,  -28,    0,    0,
       0,   -8,    0,    0,   72,    0,    0,    6,    0,    6,   48,    0,    0,    0,    0,    0,    0,    0,    0,    0,   -8,    0,  -32,    0,  -10,  -16,    0,    0,  -20,    0,  -12,   -8,  -10,  -20,   -6,  -16,   24,    0,    0,    0,    0,    0,    0,   -4,    0,    0,    0,    0,    0,    0,    0,    0,    0,   -4,    0,    0,   -4,    0,    0,    0,    0,    0,    0,    0,    0,  -32,  -36,    0,    0,  -20,    0,    0,    0,    0,    0,    0,    0,    0,    0,    0,    0,    0,    0,    0,    0,    0,   -4,    4,    0,    0,    0,    0,    0,    0,    0,    0,    0,    0,   -4,    0,    0,    0,    0,    0,   -8,  -20,   -8,    0,    0,    0,    0,  -12,    0,    0,    0,    0,    0,    0,    0,    0,  -20,   -4,   -4,  -16,   18,   -4,  -16,    6,    0,    0,
       0,  -16,    0,    0,    0,  -24,    0,    0,  -20,    0,    0,    0,    0,    0,    0,    0,    0,    0,    0,    0,  -12,    0,    0,  -14,    0,    0,  -14,   -4,  -32,  -24,  -36,  -28,    0,  -38,    0,  -36,    0,   -6,  -16,  -12,  -12,    0,    0,   -4,    0,  -12,   -4,   -4,  -12,  -14,   -4,  -20,  -18,  -30,  -24,    0,  -30,   -2,   -8,  -20,    0,    0,  -24,    0,    0,    0,    0,    0,  -24,  -38,   -6,   -6,   -6,   -6,   -6,  -12,  -12,  -12,    0,    0,    0,  -12,   -4,  -12,  -12,  -18,  -30,   -4,   -6,   -6,  -12,    0,    0,    0,    0,    0,   -4,  -12,   -4,   -4,   -4,   -4,   -4,   -4,  -32,  -32,  -28,  -24,   -2,   -2,  -12,    0,    0,   -6,   -6,  -12,    0,    0,  -12,   -4,  -38,  -30,  -24,  -24,    0,  -24,  -24,    0,   -8,    0,
       0,    0,    0,    0,    0,    0,    0,    0,    0,    0,    0,    0,    0,    0,    0,    0,    0,    0,    0,    0,    0,    0,   -8,    0,   -2,   -8,    0,    0,   -8,    0,   -4,    0,    0,   -6,    0,    0,    0,   -4,   -2,    0,    0,   -4,    0,    0,    0,    0,    0,    0,    0,    0,    0,   -4,   -4,   -8,   -4,   -2,   -8,    0,    0,    0,    0,    0,    0,    0,    0,   -8,   -8,    0,    0,   -6,   -4,   -4,   -4,   -4,   -4,    0,    0,    0,    0,    0,    0,    0,    0,    0,    0,   -4,   -8,    0,   -4,   -4,    0,    0,    0,    0,    0,    0,    0,    0,    0,    0,    0,    0,    0,    0,   -8,   -8,    0,   -4,    0,    0,    0,   -8,    0,   -4,   -4,    0,    0,    0,    0,    0,   -6,   -8,    0,    0,    0,    0,    0,    0,    0,    0,
       0,    0,    0,  -20,    0,    0,    0,  -40,  -28,  -40,  -32,    0,    0,    0,    0,    0,    0,    0,   -8,    0,    0,  -24,  -40,   -4,  -40,  -14,   -4,   -8,    0,    0,    0,    0,    0,    0,   -4,    0,    0,  -28,    0,  -28,  -28,   -8,  -28,   -4,   -4,    0,  -10,  -10,  -28,  -10,  -20,   -8,   -8,   -4,    0,    0,   -4,   -8,  -20,  -28,    0,    0,  -16,    0,    0,  -40,  -40,    0,    0,    0,  -28,  -28,  -28,  -46,  -28,  -28,  -28,  -28,   -4,    4,    8,  -28,  -10,  -28,  -28,   -8,   -4,   -4,  -28,  -28,  -28,  -28,  -28,   -4,   -4,   -4,  -10,    4,   -4,  -10,  -10,  -20,  -20,  -20,    0,    0,    0,    0,   -8,   -8,  -28,  -40,   -4,  -28,  -28,  -28,   -4,   -4,  -28,  -10,    0,   -4,    0,    0,    0,    0,    0,  -40,  -20,    0,
       0,    0,    0,   -8,    0,    0,    0,  -16,    0,  -16,  -20,    0,    0,    0,    0,    0,    0,    0,    0,    0,    0,  -12,  -30,    0,  -24,  -12,    0,   -4,    0,    0,    0,    0,    0,    0,   -4,    0,    0,  -16,    0,  -16,  -16,  -16,  -14,    0,   -4,   -4,   -8,   -8,  -16,   -8,  -16,  -16,  -12,  -20,  -16,  -12,  -20,  -12,    0,    0,    0,    0,    0,    0,    0,  -30,  -30,    0,    0,    0,  -16,  -16,  -16,  -16,  -16,  -16,  -16,  -16,   -4,   -4,   -4,  -16,   -8,  -16,  -16,  -12,  -20,    0,  -16,  -16,  -16,  -14,  -14,   -4,   -4,   -4,   -8,   -4,    0,   -8,   -8,  -16,  -16,  -16,    0,    0,    0,  -16,  -12,  -12,  -16,  -30,   -4,  -16,  -16,  -16,   -4,   -4,  -16,   -8,    0,  -20,    0,    0,    0,    0,    0,  -16,    0,    0,
       0,    0,    0,  -20,    0,    0,    0,  -40,  -20,  -40,  -36,    0,    0,    0,    0,    0,    0,    0,  -12,    0,    0,  -36,  -50,  -12,  -44,  -18,  -12,  -12,    0,    0,    0,    0,    0,    0,   -4,    0,    0,  -64,    0,  -40,  -40,  -24,  -32,    0,   -6,   -4,  -32,  -32,  -40,  -32,  -38,  -20,  -32,  -22,  -22,  -24,  -22,  -28,  -20,  -20,    0,    0,  -18,  -12,    0,  -50, -104,    0,    0,    0,  -64,  -56,  -60,  -56,  -64,  -40,  -40,  -54,   -6,   14,   10,  -40,  -32,  -40,  -60,  -32,  -22,    0,  -64,  -53,  -68,  -32,  -57,    6,   22,    2,  -32,    0,    0,  -32,  -32,  -38,  -38,  -56,    0,    0,    0,  -22,  -28,  -48,  -40,  -50,   -8,  -64,  -64,  -64,    0,   -2,  -70,  -56,    0,  -22,    0,    0,    0,    0,    0,  -40,  -20,  -12,
       0,    0,    0,  -16,    0,    0,    0,  -32,  -16,  -32,  -28,    0,    0,    0,    0,    0,    0,    0,   -4,    0,    0,  -28,  -44,   -8,  -40,  -14,   -8,   -8,    0,    0,    0,    0,    0,    0,    0,    0,    0,  -28,    0,  -36,  -36,  -20,  -32,    0,   -8,    0,  -20,  -20,  -36,  -20,  -29,  -16,  -16,  -16,  -12,  -12,  -16,  -20,  -16,  -16,    0,    0,   -8,   -4,    0,  -44,  -44,    0,    0,    0,  -28,  -44,  -36,  -28,  -28,  -36,  -64,  -52,  -14,  -12,    8,  -36,  -20,  -36,  -60,  -16,  -16,    0,  -28,  -40,  -36,  -32,  -32,    4,    2,   -2,  -20,    4,    0,  -20,  -20,  -29,  -29,  -29,    0,    0,    0,  -12,  -20,  -20,  -36,  -44,  -12,  -28,  -28,  -36,   -8,   -6,  -36,  -20,    0,  -16,    0,    0,    0,    0,    0,  -32,  -16,   -4,
       0,    0,    0,    0,    0,    0,    0,    0,  -20,    0,    0,    0,    0,    0,    0,    0,    0,    0,    0,    0,    0,    0,    0,  -10,    0,    0,  -10,    0,   -6,    0,    0,    0,    0,    0,    0,    0,    0,    0,    0,   -4,   -4,    0,    0,    0,    0,    0,    0,    0,   -4,    0,    0,  -12,  -12,  -28,  -22,    0,  -28,    0,   -8,  -20,    0,    0,  -16,    0,    0,    0,    0,    0,    0,    0,    0,    0,    0,    0,    0,   -4,   -4,   -4,    0,    0,    0,   -4,    0,   -4,   -4,  -12,  -28,    0,    0,    0,   -4,    0,    0,    0,    0,    0,    0,    0,    0,    0,    0,    0,    0,    0,   -6,   -6,    0,  -22,    0,    0,   -4,    0,    0,    0,    0,   -4,    0,    0,   -4,    0,    0,  -28,    0,    0,    0,    0,    0,    0,   -8,    0,
       0,    0,    0,  -20,    0,    0,    0,  -40,  -32,  -40,  -40,    0,    0,    0,    0,    0,    0,    0,  -16,    0,    0,  -36,  -44,  -20,  -44,  -12,  -20,  -16,    0,    0,    0,    0,    0,    0,    0,    0,    0,  -40,    0,  -38,  -38,  -24,  -40,    0,   -8,   -4,  -28,  -28,  -38,  -28,  -32,  -16,  -32,  -28,  -20,  -24,  -28,  -32,  -28,  -32,    0,    0,  -24,  -12,    0,  -44,  -44,    0,    0,    0,  -40,  -60,  -60,  -56,  -40,  -38,  -72,  -59,   -8,    0,   12,  -38,  -28,  -68,  -64,  -32,  -28,    0,  -60,  -64,  -38,  -40,  -40,    4,    0,   -4,  -28,    8,    0,  -28,  -28,  -32,  -52,  -56,    0,    0,    0,  -20,  -32,  -32,  -38,  -44,   -8,  -40,  -62,  -60,   20,   -4,  -38,  -28,    0,  -28,    0,    0,    0,    0,    0,  -40,  -28,  -12,
       0,    0,    0,    0,    0,    0,    0,    0,    0,    0,    0,    0,    0,    0,    0,    0,    0,    0,    0,    0,    0,    0,    0,    0,   -4,   -4,    0,   -4,   -8,   -3,    0,    0,    0,    0,    0,    0,    0,    0,    0,    0,    0,    0,    0,    0,    0,    0,    0,    0,    0,    0,    0,   -8,   -4,  -16,  -16,    0,  -16,    0,    0,    0,    0,    0,    0,    0,    0,    0,    0,    0,   -3,    0,    0,    0,    0,    0,    0,    0,    0,    0,    0,    0,    0,    0,    0,    0,    0,   -4,  -16,    0,    0,    0,    0,    0,    0,    0,    0,    0,    0,    0,    0,    0,    0,    0,    0,    0,   -8,   -8,    0,  -16,    0,    0,    0,    0,    0,    0,    0,    0,    0,    0,    0,    0,    0,  -16,    0,    0,    0,    0,    0,    0,    0,    0,
       0,    0,    0,    0,    0,    0,    0,    0,    0,    0,    0,    0,    0,    0,    0,    0,    0,    0,    0,    0,    0,    0,    0,    0,    0,    0,    0,    0,    0,    0,    0,    0,    0,    0,    0,    0,    0,    0,    0,    0,    0,    0,    6,    0,    0,    0,    0,    0,    0,    0,    0,    0,    0,    8,    0,    0,    8,    0,    0,    0,    0,    0,    0,    0,    0,    0,    0,    0,    0,    0,    0,    0,    0,    0,    0,    0,    0,    0,    0,    0,    0,    0,    0,    0,    0,    0,    8,    0,    0,    0,    0,    6,    6,    0,    0,    0,    0,    0,    0,    0,    0,    0,    0,    0,    0,    0,    0,    0,    0,    0,    0,    0,    0,    0,    0,    0,    0,    0,    0,    0,    0,    8,    0,    0,    0,    0,    0,    0,    0,    0,
       0,    0,    0,    0,    0,    0,    0,    0,    0,    0,    0,    0,    0,    0,    0,    0,    0,  -16,    0,    0,    0,    0,    0,  -12,    0,    0,  -12,    0,  -36,  -24,  -36,  -28,    0,  -36,    0,  -80,    0,    0,    0,    0,    0,    0,    0,    0,    0,    0,    0,    0,    0,    0,    0,    0,  -12,  -16,   -8,    0,  -16,    0,    0,    0,    0,    0,    0,    0,    0,    0,    0,    0,  -24,  -36,    0,    0,    0,    0,    0,    0,    0,    0,    0,    0,    0,    0,    0,    0,    0,  -12,  -16,    0,    0,    0,    0,    0,    0,    0,    0,    0,    0,    0,    0,    0,    0,    0,    0,    0,  -36,  -36,  -28,   -8,    0,    0,    0,    0,    0,    0,    0,    0,    0,    0,    0,    0,  -36,  -16,    0,    0,    0,    0,    0,    0,    0,    0,
       0,  -16,    0,    0,    0,  -28,    0,    0,    0,    0,    0,    0,    0,    0,    0,    0,    0,    0,    0,    0,  -12,    0,    0,    0,    0,    0,    0,    0,  -29,    0,    0,    0,    0,    0,    0,  -32,    0,    0,  -12,   -2,   -5,    0,    0,    0,    0,   -6,   -4,   -4,   -2,   -8,   -8,  -12,  -10,  -30,  -26,    0,  -36,    0,    0,    0,    0,    0,    0,    0,    0,    0,    0,    0,    0,    0,    0,    0,    0,    0,    0,   -2,   -2,   -2,    0,    0,    0,   -2,   -4,   -2,   -2,  -10,  -36,    0,    0,    0,   -2,    0,    0,    0,    0,    0,   -4,   -6,    0,   -4,   -4,   -8,   -8,   -8,  -29,  -29,    0,  -29,    0,    0,   -2,    0,    0,    0,    0,   -2,    0,    0,   -2,   -4,    0,  -36,  -30,  -16,    0,  -30,  -16,    0,    0,    0,
       0,  -12,    0,    0,    0,  -16,    0,   -4,    0,   -4,    0,    0,    0,    0,    0,    0,    0,    0,    0,    0,  -10,    0,    0,    0,    0,    0,    0,    0,  -20,    0,    0,    0,    0,    0,    0,  -24,    0,    0,  -12,    0,    0,    0,    0,   -6,    0,    0,   -4,   -4,    0,   -8,   -6,   -6,   -2,  -14,   -4,   -6,  -14,   -2,    0,    0,    0,    0,    0,    0,    0,    0,    0,    0,    0,    0,    0,    0,    0,    0,    0,    0,    0,    0,    0,    0,    0,    0,   -4,    0,    0,   -2,  -14,   -6,    0,    0,    0,    0,    0,    0,    0,    0,   -4,    0,   -6,   -4,   -4,   -6,   -6,   -6,  -20,  -20,    0,   -4,   -2,   -2,    0,    0,    0,    0,    0,    0,    0,    0,    0,   -4,    0,   -8,  -16,  -12,    0,  -16,  -12,   -4,    0,    0,
       0,    0,    0,    0,    0,    0,    0,    0,    0,    0,    0,    0,    0,    0,    0,    0,    0,    0,    0,    0,    0,    0,    0,    0,    0,    0,    0,    0,    0,    0,    0,    0,    0,    0,    0,  -16,    0,    0,    0,   -2,   -2,    0,    0,   -3,    0,    0,    0,    0,   -2,    0,    0,    0,    0,    0,    0,    0,    0,    0,    0,    0,    0,    0,    0,    0,    0,    0,    0,    0,    0,    0,    0,    0,    0,    0,    0,   -2,   -2,   -2,    0,    0,    0,   -2,    0,   -2,   -2,    0,    0,   -3,    0,    0,   -2,    0,    0,    0,    0,    0,    0,    0,   -3,    0,    0,    0,    0,    0,    0,    0,    0,    0,    0,    0,   -2,    0,    0,    0,    0,   -2,    0,    0,   -2,    0,    0,    0,    0,   -4,    0,    0,   -4,    0,    0,    0,
       0,    0,    0,    0,    0,    0,    0,    0,    0,    0,    0,    0,    0,    0,    0,    0,    0,    0,    0,    0,   -8,    0,    0,    0,    0,    0,    0,    0,    0,    0,    0,    0,    0,    0,    0,    0,    0,    0,    0,   -4,   -4,    0,    0,    0,    0,  -12,   -2,   -2,   -4,   -4,    0,   -4,   -6,  -13,   -6,    0,  -13,    0,    0,    0,    0,    0,    0,    0,    0,    0,    0,    0,    0,    0,    0,    0,    0,    0,    0,   -4,   -4,   -4,    0,    0,    0,   -4,   -2,   -4,   -4,   -6,  -13,    0,    0,    0,   -4,    0,    0,    0,    0,    0,   -2,  -12,    0,   -2,   -2,    0,    0,    0,    0,    0,    0,   -6,    0,    0,   -4,    0,    0,    0,    0,   -4,    0,    0,   -4,   -2,    0,  -13,    0,  -19,    0,    0,  -19,    0,    0,    0,
       0,  -12,    0,    0,    0,  -16,    0,   -4,    0,   -4,    0,    0,    0,    0,    0,    0,    0,    0,    0,    0,  -10,    0,    0,    0,    0,    0,    0,    0,  -20,    0,    0,    0,    0,    0,    0,  -24,    0,    0,  -12,    0,    0,    0,    0,   -6,    0,    0,   -4,   -4,    0,   -8,   -6,   -6,   -2,  -14,   -4,    0,  -14,   -2,    0,    0,    0,    0,    0,    0,    0,    0,    0,    0,    0,    0,    0,    0,    0,    0,    0,    0,    0,    0,    0,    0,    0,    0,   -4,    0,    0,   -2,  -14,   -6,    0,    0,    0,    0,    0,    0,    0,    0,   -4,    0,   -6,   -4,   -4,   -6,   -6,   -6,  -20,  -20,    0,   -4,   -2,   -2,    0,    0,    0,    0,    0,    0,    0,    0,    0,   -4,    0,  -14,  -16,  -12,    0,  -16,  -12,   -4,    0,    0,
      16,   56,    0,    0,   58,   36,    0,    0,    0,    0,    0,    0,    0,    0,    0,    0,    0,    0,    0,    0,   12,    0,    0,    0,    0,    0,    0,    0,    0,    0,    0,    0,    0,    0,    0,   36,   24,   -8,    0,   -8,   -8,    0,    0,    0,    0,    0,    0,    0,   -8,    0,   -8,    0,    0,    0,    0,    0,    0,    0,   -8,    0,    0,    0,    0,    0,    0,    0,    0,    0,    0,    0,   -8,   -8,   -8,    5,   -8,   -8,   -8,   -8,    0,    0,    0,   -8,    0,   -8,   -5,    0,    0,    0,   -8,   -8,   -8,    0,    0,    0,    0,    0,    0,    0,    0,    0,    0,   -8,   -8,   -8,    0,    0,    0,    0,    0,    0,   -8,    0,    0,   -8,   -8,   -8,    0,    0,   -8,    0,    0,    0,   36,   56,    0,   48,   56,    0,   -8,    0,
       0,    0,    0,    0,    0,    0,    0,    0,    0,    0,    0,    0,    0,    0,    0,    0,    0,    0,    0,    0,    0,    0,    0,    0,    0,    0,    0,    0,    0,    0,    0,    0,    0,    0,    0,  -12,    0,   -4,   -6,   -8,   -8,    0,    0,   -4,    0,    0,    0,    0,   -8,    0,   -8,    0,    0,    0,    0,    0,    0,    0,    0,    0,    0,    0,    0,    0,    0,    0,    0,    0,    0,    0,   -4,   -4,   -4,   -4,   -4,   -8,   -8,   -8,    0,    0,    0,   -8,    0,   -8,   -8,    0,    0,   -4,   -4,   -4,   -8,    0,    0,    0,    0,    0,    0,    0,   -4,    0,    0,   -8,   -8,   -8,    0,    0,    0,    0,    0,    0,   -8,    0,    0,   -4,   -4,   -8,    0,    0,   -8,    0,    0,    0,    0,    0,    0,    0,    0,    0,    0,    0,
       0,  -16,    0,    0,    0,  -28,    0,    0,    0,    0,    0,    0,    0,    0,    0,    0,    0,    0,    0,    0,  -12,    0,    0,    0,    0,    0,    0,    0,  -29,    0,    0,    0,    0,    0,    0,  -32,    0,    0,  -12,   -2,   -2,    0,    0,    0,    0,   -6,   -4,   -4,   -2,   -8,   -4,  -12,  -10,  -30,  -26,    0,  -36,    0,    0,    0,    0,    0,    0,    0,    0,    0,    0,    0,    0,    0,    0,    0,    0,    0,    0,   -2,   -2,   -2,    0,    0,    0,   -2,   -4,   -2,   -2,  -10,  -36,    0,    0,    0,   -2,    0,    0,    0,    0,    0,   -4,   -6,    0,   -4,   -4,   -4,   -4,   -4,  -29,  -29,    0,  -29,    0,    0,   -2,    0,    0,    0,    0,   -2,    0,    0,   -2,   -4,    0,  -14,  -30,  -16,    0,  -30,  -16,    0,    0,    0,
       0,  -12,    0,    0,    0,  -16,    0,    0,    0,    0,    0,    0,    0,    0,    0,    0,    0,    0,    0,    0,   -8,    0,    0,    0,    0,    0,    0,    0,  -24,  -12,  -16,  -16,    0,  -24,    0,  -16,    0,    0,   -8,    0,    0,    0,    0,    0,    0,    0,    0,    0,    0,    0,    0,  -12,    0,  -12,   -9,    0,  -12,    0,    0,    0,    0,    0,    0,    0,    0,    0,    0,    0,  -12,  -24,    0,    0,    0,    0,    0,    0,    0,    0,    0,    0,    0,    0,    0,    0,    0,    0,  -12,    0,    0,    0,    0,    0,    0,    0,    0,    0,    0,    0,    0,    0,    0,    0,    0,    0,  -24,  -24,  -16,   -9,    0,    0,    0,    0,    0,    0,    0,    0,    0,    0,    0,    0,  -24,  -12,  -20,  -20,    0,  -28,  -20,    0,    0,    0,
       0,    0,    0,    0,    0,    0,    0,    0,    0,    0,    0,    0,    0,    0,    0,    0,    0,    0,    0,    0,   -8,    0,    0,    0,    0,    0,    0,    0,    0,    0,    0,    0,    0,    0,    0,    0,    0,   -6,   -2,    0,    0,    0,    0,   -8,    0,    0,    0,    0,    0,    0,    0,   -8,   -4,   -8,   -4,    0,   -8,    0,    0,    0,    0,    0,    0,    0,    0,    0,    0,    0,    0,    0,   -6,   -6,   -6,   -6,   -6,    0,    0,    0,    0,    0,    0,    0,    0,    0,    0,   -4,   -8,   -8,   -6,   -6,    0,    0,    0,    0,    0,    0,    0,    0,   -8,    0,    0,    0,    0,    0,    0,    0,    0,   -4,    0,    0,    0,    0,    0,   -6,   -6,    0,    0,    0,    0,    0,    0,   -8,    0,   -8,    0,    0,   -8,    0,    0,    0,
       0,   -4,    0,    0,    0,   -4,    0,    0,   -8,    0,    0,    0,    0,    0,    0,    0,    0,    0,    0,    0,    0,    0,    0,    0,    0,    0,    0,    0,    0,    0,    0,    0,    0,    0,    0,  -12,    0,    0,    0,   -4,   -4,    0,    0,    0,    0,    0,   -2,   -2,   -4,   -2,    0,   -2,   -4,   -2,   -6,    0,   -2,    0,   -8,   -8,    0,    0,    0,    0,    0,    0,    0,    0,    0,    0,    0,    0,    0,    0,    0,   -4,   -4,   -4,    0,    0,    0,   -4,   -2,   -4,   -4,   -4,   -2,    0,    0,    0,   -4,    0,    0,    0,    0,    0,   -2,    0,    0,   -2,   -2,    0,    0,    0,    0,    0,    0,   -6,    0,    0,   -4,    0,    0,    0,    0,   -4,    0,    0,   -4,   -2,    0,   -2,  -12,  -32,    0,  -12,  -32,    0,   -8,    0,
       0,  -12,    0,    0,    0,  -16,    0,   -4,    0,   -4,    0,    0,    0,    0,    0,    0,    0,    0,    0,    0,  -10,    0,    0,    0,    0,    0,    0,    0,  -20,    0,    0,    0,    0,    0,    0,  -24,    0,    0,  -12,    0,    0,    0,    0,   -6,    0,    0,   -4,   -4,    0,   -8,   -6,   -6,   -2,  -14,   -4,   -8,  -14,   -2,    0,    0,    0,    0,    0,    0,    0,    0,    0,    0,    0,    0,    0,    0,    0,    0,    0,    0,    0,    0,    0,    0,    0,    0,   -4,    0,    0,   -2,  -14,   -6,    0,    0,    0,    0,    0,    0,    0,    0,   -4,    0,   -6,   -4,   -4,   -6,   -6,   -6,  -20,  -20,    0,   -4,   -2,   -2,    0,    0,    0,    0,    0,    0,    0,    0,    0,   -4,    0,   -8,  -16,  -12,    0,  -16,  -12,   -4,    0,    0,
       0,  -32,    0,    0,    0,   -8,    0,    0,    0,    0,    0,    0,    0,    0,    0,    0,    0,    0,    0,    0,   -4,    0,    0,    0,    0,    0,    0,    0,    0,    0,    0,    0,    0,    0,    0,  -16,    0,   -8,  -12,   -8,   -8,    0,    0,   -6,    0,    0,    0,    0,   -8,    0,   -8,  -12,  -12,  -16,  -10,    0,  -16,    0,    0,    0,    0,    0,    0,    0,    0,    0,    0,    0,    0,    0,   -8,   -8,   -8,   -8,   -8,   -8,   -8,   -8,    0,    0,    0,   -8,    0,   -8,   -8,  -12,  -16,   -6,   -8,   -8,   -8,    0,    0,    0,    0,    0,    0,    0,   -6,    0,    0,   -8,   -8,   -8,    0,    0,    0,  -10,    0,    0,   -8,    0,    0,   -8,   -8,   -8,    0,    0,   -8,    0,    0,  -16,    0,  -16,    0,    0,  -16,    0,    0,    0,
       0,    0,    0,    0,    0,    0,    0,  -20,    0,  -20,  -12,    0,    0,    0,    0,    0,    0,    0,    0,    0,    0,   -4,    0,    0,    0,    0,    0,    0,    0,    0,    0,    0,    0,    0,    0,  -16,    0,    0,   -8,   -4,   -4,    0,    0,   -8,    0,    0,    0,    0,   -4,    0,    0,    0,    0,    0,    0,    0,    0,    0,    0,    0,    0,    0,    0,    0,    0,    0,    0,    0,    0,    0,    0,    0,    0,    0,    0,   -4,   -4,   -4,    0,    0,    0,   -4,    0,   -4,   -4,    0,    0,   -8,    0,    0,   -4,    0,    0,    0,    0,    0,    0,    0,   -8,    0,    0,    0,    0,    0,    0,    0,    0,    0,    0,    0,   -4,    0,    0,    0,    0,   -4,    0,    0,   -4,    0,    0,    0,    0,    0,    0,    0,    0,  -20,    0,    0,
       0,    0,    0,    0,    0,    0,    0,    0,    0,    0,    0,    0,    0,    0,    0,    0,    0,    0,    0,    0,    0,    0,    0,    0,    0,    0,    0,    0,    0,    0,    0,    0,    0,    0,    0,  -12,    0,    0,   -8,    0,    0,    0,    0,    0,    0,    0,    0,    0,    0,    0,    0,   -4,   -2,   -4,    0,    0,   -4,   -2,    0,    0,    0,    0,    0,    0,    0,    0,    0,    0,    0,    0,    0,    0,    0,    0,    0,    0,    0,    0,    0,    0,    0,    0,    0,    0,    0,   -2,   -4,    0,    0,    0,    0,    0,    0,    0,    0,    0,    0,    0,    0,    0,    0,    0,    0,    0,    0,    0,    0,    0,   -2,   -2,    0,    0,    0,    0,    0,    0,    0,    0,    0,    0,    0,   -4,   -8,   -4,    0,   -8,   -4,    0,    0,    0,
       0,    0,    0,    0,    0,    0,    0,    0,    0,    0,    0,    0,    0,    0,    0,    0,    0,    0,    0,    0,   -8,    0,    0,    0,    0,    0,    0,    0,    0,    0,    0,    0,    0,    0,    0,    0,    0,   -4,    0,   -2,   -2,    0,    0,    0,    0,    0,   -8,   -8,   -2,   -8,   -8,    0,   -4,   -2,   -8,   -4,   -2,    0,  -12,    0,    0,    0,    0,    8,    0,    0,    0,    0,    0,    0,   -4,   -4,   -4,   -4,   -4,   -2,   -2,   -2,    0,    0,    0,   -2,   -8,   -2,   -2,   -4,   -2,    0,   -4,   -4,   -2,    0,    0,    0,    0,    0,   -8,    0,    0,   -8,   -8,   -8,   -8,   -8,    0,    0,    0,   -8,    0,    0,   -2,    0,    0,   -4,   -4,   -2,    0,    0,   -2,   -8,    0,   -2,    0,   -4,    0,    0,   -4,    0,  -12,    8,
       0,    0,    0,  -12,    0,    0,    0,  -36,   -8,  -36,  -16,    0,    0,    0,    0,    0,    0,    0,    0,    0,    0,  -14,    0,    0,    0,    0,    0,    0,    0,    0,    0,    0,    0,    0,    0,   -8,    0,   -6,   -8,  -10,  -18,    0,   -8,  -12,    0,    0,    0,    0,  -10,    0,  -10,    0,    0,    0,    0,    0,    0,    0,   -8,   -8,    0,    0,    0,    0,    0,    0,    0,    0,    0,    0,   -6,   -6,   -6,   -6,   -6,  -10,  -10,  -10,    0,    0,    0,  -10,    0,  -10,  -10,    0,    0,  -12,   -6,   -6,  -10,   -8,   -8,    0,    0,    0,    0,    0,  -12,    0,    0,  -10,  -10,  -10,    0,    0,    0,    0,    0,    0,  -10,    0,    0,   -6,   -6,  -10,    0,    0,  -10,    0,    0,    0,    0,    0,    0,    0,    0,  -36,   -8,    0,
       0,    0,    0,   -8,    0,    0,    0,  -32,   -4,  -32,   -8,    0,    0,    0,    0,    0,    0,    0,    0,    0,    0,  -12,    0,    0,    0,    0,    0,    0,    0,    0,    0,    0,    0,    0,    0,   -8,    0,   -4,    0,   -6,   -6,    0,   -4,   -8,    0,    0,    0,    0,   -6,    0,   -2,    0,    0,    0,    0,    0,    0,    0,   -4,   -4,    0,    0,    0,    0,    0,    0,    0,    0,    0,    0,   -4,   -4,   -4,   -4,   -4,   -6,   -6,   -6,    0,    0,    0,   -6,    0,   -6,   -6,    0,    0,   -8,   -4,   -4,   -6,   -4,   -4,    0,    0,    0,    0,    0,   -8,    0,    0,   -2,   -2,   -2,    0,    0,    0,    0,    0,    0,   -6,    0,    0,   -4,   -4,   -6,    0,    0,   -6,    0,    0,    0,    0,    0,    0,    0,    0,  -32,   -4,    0,
       0,    0,    0,    0,    0,    0,    0,    0,    0,    0,    0,    0,    0,    0,    0,    0,    0,    0,    0,    0,    0,    0,    0,    0,    0,    0,    0,    0,    0,    0,    0,    0,    0,    0,    0,  -16,    0,    0,   -4,   -6,   -6,    0,    0,    0,    0,    0,    0,    0,   -6,    0,    0,   -4,    0,    0,    0,    0,    0,    0,  -12,    0,    0,    0,    0,    0,    0,    0,    0,    0,    0,    0,    0,    0,    0,    0,    0,   -6,   -6,   -6,    0,    0,    0,   -6,    0,   -6,   -6,    0,    0,    0,    0,    0,   -6,    0,    0,    0,    0,    0,    0,    0,    0,    0,    0,    0,    0,    0,    0,    0,    0,    0,    0,    0,   -6,    0,    0,    0,    0,   -6,    0,    0,   -6,    0,    0,    0,    0,    0,    0,    0,    0,    0,  -12,    0,
       0,    0,    0,    0,    0,    0,    0,    0,    0,    0,    0,    0,    0,    0,    0,    0,    0,    0,    0,    0,    0,    0,    0,    0,    0,    0,    0,    0,    0,    0,    0,    0,    0,    0,    0,    0,    0,    0,    0,    0,    0,    0,    0,    0,    0,    0,    0,    0,    0,    0,    0,   -2,    0,    0,    0,    0,    0,    0,    0,    0,    0,    0,    0,    0,    0,    0,    0,    0,    0,    0,    0,    0,    0,    0,    0,    0,    0,    0,    0,    0,    0,    0,    0,    0,    0,    0,    0,    0,    0,    0,    0,    0,    0,    0,    0,    0,    0,    0,    3,    0,    0,    0,    0,    0,    0,    0,    0,    0,    0,    0,    0,    0,    0,    0,    0,    0,    0,    0,    0,    0,    0,    0,    0,    0,    0,    0,    0,    0,    0,    0,
       0,    0,    0,    0,    0,    0,    0,    0,    0,    0,    0,    0,    0,    0,    0,    0,    0,    0,    0,    0,    0,    0,    0,   -4,    0,    0,   -4,    0,  -16,   -8,  -18,  -12,    0,  -24,    0,    0,    0,    0,    0,    0,    0,    0,    0,    0,    0,    0,    0,    0,    0,    0,    0,    0,    0,    0,    0,    0,    0,    0,    0,    0,    0,    0,    0,    0,    0,    0,    0,    0,   -8,  -24,    0,    0,    0,    0,    0,    0,    0,    0,    0,    0,    0,    0,    0,    0,    0,    0,    0,    0,    0,    0,    0,    0,    0,    0,    0,    0,    0,    0,    0,    0,    0,    0,    0,    0,  -16,  -16,  -12,    0,    0,    0,    0,    0,    0,    0,    0,    0,    0,    0,    0,    0,  -24,    0,   -8,    0,    0,   -8,    0,    0,    0,    0,
       0,    0,    0,    0,    0,    0,    0,    0,    0,    0,    0,    0,    0,    0,    0,    0,    0,    0,    0,    0,    0,    0,    0,    0,    0,    0,    0,    0,    0,    0,  -12,   -4,    0,  -12,    0,    0,    0,    0,    0,    0,    0,    0,    0,    0,    0,    0,    0,    0,    0,    0,    0,    0,    0,    0,    0,    0,    0,    0,    0,    0,    0,    0,    0,    0,    0,    0,    0,    0,    0,  -12,    0,    0,    0,    0,    0,    0,    0,    0,    0,    0,    0,    0,    0,    0,    0,    0,    0,    0,    0,    0,    0,    0,    0,    0,    0,    0,    0,    0,    0,    0,    0,    0,    0,    0,    0,    0,   -4,    0,    0,    0,    0,    0,    0,    0,    0,    0,    0,    0,    0,    0,  -12,    0,    0,    0,    0,    0,    0,    0,    0,    0,
       0,    0,    0,    0,    0,  -16,    0,   -8,   -8,   -8,    0,    0,    0,    0,    0,    0,    0,    0,    0,    0,    0,    0,    0,    0,    0,    0,    0,    0,    0,    0,    0,    0,    0,    0,    0,  -16,    0,    0,    0,    0,    0,    0,    0,    0,    0,    0,    0,    0,    0,    0,    0,    0,    0,    0,    0,    0,    0,    0,    0,   -8,    0,    0,    0,    0,    0,    0,    0,    0,    0,    0,    0,    0,    0,    0,    0,    0,    0,    0,    0,    0,    0,    0,    0,    0,    0,    0,    0,    0,    0,    0,    0,    0,    0,    0,    0,    0,    0,    0,    0,    0,    0,    0,    0,    0,    0,    0,    0,    0,    0,    0,    0,    0,    0,    0,    0,    0,    0,    0,    0,    0,    0,    0,  -18,  -25,    0,  -18,  -25,   -8,    0,    0,
       0,    0,    0,    0,    0,    0,    0,    0,    0,    0,    0,    0,    0,    0,    0,    0,    0,    0,    0,    0,    0,    0,  -16,    0,  -12,    0,    0,    0,  -16,    0,  -18,   -8,  -16,  -24,    0,    0,    0,    0,    0,    0,    0,    0,    0,    0,    0,    0,    0,    0,    0,    0,    0,    0,    0,    0,    0,    0,    0,    0,    0,    0,    0,    0,    0,    0,    0,  -16,  -16,    0,    0,  -24,    0,    0,    0,    0,    0,    0,    0,    0,    0,    0,    0,    0,    0,    0,    0,    0,    0,    0,    0,    0,    0,    0,    0,    0,    0,    0,    0,    0,    0,    0,    0,    0,    0,    0,  -16,  -16,   -8,    0,    0,    0,    0,  -16,    0,    0,    0,    0,    0,    0,    0,    0,  -24,    0,    0,    0,    0,    0,    0,    0,    0,    0,
       0,    0,    0,    0,    0,    0,    0,  -24,    0,  -24,    0,    0,    0,    0,    0,    0,    0,    0,    0,    0,    0,    0,  -10,    0,    0,    0,    0,    0,  -20,    0,  -20,  -12,   -8,  -24,    0,    0,    0,    0,    0,    0,    0,    0,    0,    0,    0,    0,    0,    0,    0,    0,    0,   -4,    0,   -8,   -4,  -12,   -8,    0,    0,    0,    0,    0,    0,    0,    0,  -10,    0,    0,    0,  -24,    0,    0,    0,    0,    0,    0,    0,    0,    0,    0,    0,    0,    0,    0,    0,    0,   -8,    0,    0,    0,    0,    0,    0,    0,    0,    0,    0,    0,    0,    0,    0,    0,    0,    0,  -20,  -20,  -12,   -4,    0,    0,    0,  -10,    0,    0,    0,    0,    0,    0,    0,    0,  -24,   -8,    0,    0,    0,    0,    0,  -24,    0,    0,
       0,    0,    0,    0,    0,    0,    0,    0,    0,    0,    0,    0,    0,    0,    0,    0,    0,    0,    0,    0,    0,    0,    0,   -8,    0,    0,   -8,    0,  -24,  -18,  -32,  -16,    0,  -32,    0,    0,    0,    0,   -8,  -10,  -10,    0,    0,    0,    0,    0,    0,    0,  -10,    0,    0,  -16,  -16,  -24,  -24,    0,  -24,    0,    0,    0,    0,    0,    0,    0,    0,    0,    0,    0,  -18,  -32,    0,    0,    0,    0,    0,  -10,  -10,  -10,    0,    0,    0,  -10,    0,  -10,  -10,  -16,  -24,    0,    0,    0,  -10,    0,    0,    0,    0,    0,    0,    0,    0,    0,    0,    0,    0,    0,  -24,  -24,  -16,  -24,    0,    0,  -10,    0,    0,    0,    0,  -10,    0,    0,  -10,    0,  -32,  -24,    0,  -32,    0,    0,  -32,    0,    0,    0,
       0,   -8,    0,    0,   36,    0,    0,  -12,    0,  -28,   -4,    0,    0,    0,    0,    0,    0,    0,    0,    0,   -8,    0,  -32,    0,  -10,  -16,    0,    0,  -20,    0,  -12,   -8,  -10,  -20,   -6,  -16,   24,    0,    0,    0,    0,    0,    0,   -4,    0,    0,    0,    0,    0,    0,    0,    0,    0,   -4,    0,    0,   -4,    0,    0,    0,    0,    0,    0,    0,    0,  -32,  -32,    0,    0,  -20,    0,    0,    0,    0,    0,    0,    0,    0,    0,    0,    0,    0,    0,    0,    0,    0,   -4,   -4,    0,    0,    0,    0,    0,    0,    0,    0,    0,    0,   -4,    0,    0,    0,    0,    0,  -20,  -20,   -8,    0,    0,    0,    0,  -32,    0,    0,    0,    0,    0,    0,    0,    0,  -20,   -4,   -4,  -16,   18,   -4,  -16,  -12,    0,    0,
       0,    0,    0,    0,    0,    0,    0,    0,    0,    0,    0,  -12,  -24,  -30,  -12,  -16,    0,  -20,    0,    0,    0,    0,    0,    0,    0,    0,    0,    0,    0,    0,    0,    0,    0,    0,    0,    0,    0,    0,    0,    0,    0,    0,    0,    0,    0,    0,    0,    0,    0,    0,    0,    0,    0,    0,    0,    0,    0,    0,    0,    0,    0,    0,    0,    0,    0,    0,    0,    0,    0,    0,    0,    0,    0,    0,    0,    0,    0,    0,    0,    0,    0,    0,    0,    0,    0,    0,    0,    0,    0,    0,    0,    0,    0,    0,    0,    0,    0,    0,    0,    0,    0,    0,    0,    0,    0,    0,    0,    0,    0,    0,    0,    0,    0,    0,    0,    0,    0,    0,    0,    0,    0,    0,    0,    0,    0,    0,    0,    0,    0,    0,
       0,    0,    0,   -8,    0,    0,    0,  -16,    0,  -16,  -20,    0,    0,    0,    0,    0,    0,    0,    0,    0,    0,  -12,  -30,    0,  -24,  -16,    0,   -4,    0,    0,    0,    0,    0,    0,   -4,    0,    0,  -16,    0,  -16,  -16,  -16,  -14,    0,   -4,   -4,   -8,   -8,  -16,   -8,  -16,  -16,  -12,  -20,  -16,  -12,  -20,  -12,    0,    0,    0,    0,    0,    0,    0,  -30,  -30,    0,    0,    0,  -16,  -16,  -16,  -16,  -16,  -16,  -16,  -16,   -4,   -4,   -4,  -16,   -8,  -16,  -16,  -12,  -20,    0,  -16,  -16,  -16,  -14,  -14,   -4,   -4,   -4,   -8,   -4,    0,   -8,   -8,  -16,  -16,  -16,    0,    0,    0,  -16,  -12,  -12,  -16,  -30,   -4,  -16,  -16,  -16,   -4,   -4,  -16,   -8,    0,  -20,    0,    0,    0,    0,    0,  -16,    0,    0,
       0,    0,    0,  -20,    0,    0,    0,  -40,  -32,  -40,  -40,    0,    0,    0,    0,    0,    0,    0,  -16,    0,    0,  -36,  -44,  -20,  -44,  -12,  -20,  -16,    0,    0,    0,    0,    0,    0,    0,    0,    0,  -40,    0,  -38,  -38,  -24,  -40,    0,   -8,   -4,  -28,  -28,  -38,  -28,  -32,  -16,  -32,  -28,  -20,  -24,  -28,  -32,  -28,  -32,    0,    0,  -24,  -12,    0,  -44,  -44,    0,    0,    0,  -40,  -60,  -60,  -48,  -40,  -38,  -72,  -59,   -8,    4,   16,  -38,  -28,  -68,  -64,  -32,  -28,    0,  -60,  -64,  -38,  -40,  -40,    4,    8,   -4,  -28,    8,    0,  -28,  -28,  -32,  -52,  -56,    0,    0,    0,  -20,  -32,  -32,  -38,  -44,   -8,  -40,  -62,  -60,   20,   -4,  -38,  -28,    0,  -28,    0,    0,    0,    0,    0,  -40,  -28,  -12,
       0,    0,    0,    0,    0,    0,    0,    0,    0,    0,    0,    0,    0,    0,    0,    0,    0,    0,    0,    0,    0,    0,  -24,   28,  -16,    0,   28,    0,    0,    0,   -8,    0,    0,  -28,   -8,    0,    0,    0,    0,    0,    0,    0,    0,    0,    0,    0,    0,    0,    0,    0,    0,    0,    0,    0,    0,    2,    0,    2,    0,    0,    0,    0,    0,    0,    0,  -24,  -24,    0,    0,  -32,    0,    0,    0,    0,    0,    0,    0,    0,    0,    0,    0,    0,    0,    0,    0,    0,    0,    0,    0,    0,    0,    0,    0,    0,    0,    0,    0,    0,    0,    0,    0,    0,    0,    0,    0,    0,    0,    0,    2,    2,    0,  -24,    0,    0,    0,    0,    0,    0,    0,    0,  -32,    0,    0,  -16,    0,    0,  -16,    0,    0,    0,
       0,    0,    0,    0,    0,    0,    0,    0,    0,    0,    0,    0,    0,    0,    0,    0,    0,    0,    0,    0,    0,    0,    0,    0,    0,    0,    0,    0,    0,    0,    0,    0,    0,    0,    0,    0,    0,    0,    0,    0,    0,    0,    0,    0,    0,   -8,    0,    0,    0,    0,    0,   -8,   -4,  -24,  -12,   -4,  -24,    0,    0,    0,    0,    0,    0,    0,    0,    0,    0,    0,    0,    0,    0,    0,    0,    0,    0,    0,    0,    0,    0,    0,    0,    0,    0,    0,    0,   -4,  -24,    0,    0,    0,    0,    0,    0,    0,    0,    0,    0,   -8,    0,    0,    0,    0,    0,    0,    0,    0,    0,  -12,    0,    0,    0,    0,    0,    0,    0,    0,    0,    0,    0,    0,    0,  -24,    0,    0,    0,    0,    0,    0,    0,    0,
       0,  -16,    0,    0,    0,  -28,    0,    0,    0,    0,    0,    0,    0,    0,    0,    0,    0,    0,    0,    0,  -12,    0,    0,    0,    0,    0,    0,    0,  -29,    0,    0,    0,    0,    0,    0,  -32,    0,    0,  -12,   -2,   -2,    0,    0,    0,    0,   -6,   -4,   -4,   -2,   -8,   -4,  -12,  -10,  -32,  -29,    0,  -36,    0,    0,    0,    0,    0,    0,    0,    0,    0,    0,    0,    0,    0,    0,    0,    0,    0,    0,   -2,   -2,   -2,    0,    0,    0,   -2,   -4,   -2,   -2,  -10,  -36,    0,    0,    0,   -2,    0,    0,    0,    0,    0,   -4,   -6,    0,   -4,   -4,   -4,   -4,   -4,  -29,  -29,    0,  -29,    0,    0,   -2,    0,    0,    0,    0,   -2,    0,    0,   -2,   -4,    0,  -36,  -30,  -16,    0,  -30,  -16,    0,    0,    0,
       0,  -16,    0,    0,    0,  -28,    0,    0,    0,    0,    0,    0,    0,    0,    0,    0,    0,    0,    0,    0,  -12,    0,    0,    0,    0,    0,    0,    0,  -29,    0,    0,    0,    0,    0,    0,  -32,    0,    0,  -12,   -2,   -2,    0,    0,    0,    0,   -6,   -4,   -4,   -2,   -8,   -4,  -12,  -10,  -30,  -29,    0,  -36,    0,    0,    0,    0,    0,    0,    0,    0,    0,    0,    0,    0,    0,    0,    0,    0,    0,    0,   -2,   -2,   -2,    0,    0,    0,   -2,   -4,   -2,   -2,  -10,  -36,    0,    0,    0,   -2,    0,    0,    0,    0,    0,   -4,   -6,    0,   -4,   -4,   -4,   -4,   -4,  -29,  -29,    0,  -29,    0,    0,   -2,    0,    0,    0,    0,   -2,    0,    0,   -2,   -4,    0,  -36,  -30,  -16,    0,  -30,  -16,    0,    0,    0,
       0,  -12,    0,    0,    0,  -16,    0,   -4,    0,   -4,    0,    0,    0,    0,    0,    0,    0,    0,    0,    0,  -10,    0,    0,    0,    0,    0,    0,    0,  -20,    0,    0,    0,    0,    0,    0,  -24,    0,    0,  -12,    0,    0,    0,    0,   -6,    0,    0,   -4,   -4,    0,   -8,   -6,   -6,   -2,  -14,   -4,   -2,  -14,   -2,    0,    0,    0,    0,    0,    0,    0,    0,    0,    0,    0,    0,    0,    0,    0,    0,    0,    0,    0,    0,    0,    0,    0,    0,   -4,    0,    0,   -2,  -14,   -6,    0,    0,    0,    0,    0,    0,    0,    0,   -4,    0,   -6,   -4,   -4,   -6,   -6,   -6,  -20,  -20,    0,   -4,   -2,   -2,    0,    0,    0,    0,    0,    0,    0,    0,    0,   -4,    0,   -8,  -16,  -12,    0,  -16,  -12,   -4,    0,    0,
       0,  -12,    0,    0,    0,  -16,    0,    0,    0,    0,    0,    0,    0,    0,    0,    0,    0,    0,    0,    0,   -8,    0,    0,    0,    0,    0,    0,    0,  -24,  -12,  -16,  -16,    0,  -24,    0,  -16,    0,    0,   -8,    0,    0,    0,    0,    0,    0,    0,    0,    0,    0,    0,    0,  -12,    0,  -12,   -9,    0,  -12,    0,    0,    0,    0,    0,    0,    0,    0,    0,    0,    0,  -12,  -24,    0,    0,    0,    0,    0,    0,    0,    0,    0,    0,    0,    0,    0,    0,    0,    0,  -12,    0,    0,    0,    0,    0,    0,    0,    0,    0,    0,    0,    0,    0,    0,    0,    0,    0,  -24,  -24,  -16,   -9,    0,    0,    0,    0,    0,    0,    0,    0,    0,    0,    0,    0,  -24,  -12,  -28,  -20,    0,  -28,  -20,    0,    0,    0,
       0,   -8,    0,    0,    0,    0,    0,  -12,    0,  -12,   -4,    0,    0,    0,    0,    0,    0,    0,    0,    0,    0,    0,  -12,    0,  -10,  -18,    0,    0,  -20,    0,  -14,   -8,   -6,  -20,   -8,  -16,    0,    0,    0,    0,    0,   -4,    0,    0,    0,    0,    0,    0,    0,    0,    0,    0,    0,   -4,    0,   -2,   -4,    0,    0,    0,    0,    0,    0,    0,    0,  -32,  -36,    0,    0,  -20,    0,    0,    0,    0,    0,    0,    0,    0,    0,    0,    0,    0,    0,    0,    0,    0,   -4,    0,    0,    0,    0,    0,    0,    0,    0,    0,    0,    0,    0,    0,    0,    0,    0,    0,  -20,  -20,   -8,    0,    0,    0,    0,  -12,    0,    0,    0,    0,    0,    0,    0,    0,  -20,   -4,   -4,  -16,    0,   -4,  -16,  -12,    0,    0,
       0,    0,    0,    0,    0,    0,  -26,  -79,  -58,  -58,  -32,    0,    0,    0,    0,    0,    0,    0,  -58,  -26,   -8,    0,    0,    0,    0,    0,    0,    0,    0,    0,    0,    0,    0,    0,    0,    0,    0,  -32,    0,  -32,  -32,    0,  -32,    0,    0,  -12,  -34,  -60,  -32,  -60,  -32,  -24,  -58,  -63,  -32,  -26,  -63,  -28,  -58,  -79,    0,    0,  -26,  -58,    0,    0,    0,    0,    0,    0,  -67,  -67,  -32,  -67,  -32,  -32,  -32,  -32,    0,    0,    0,  -32,  -73,  -32,  -32,  -63,  -62,    0,  -32,  -67,  -32,  -32,  -32,    0,    0,    0,  -34,  -12,    0,  -73,  -34,  -32,  -32,  -32,    0,    0,    0,  -53,  -28,  -28,  -79,    0,    0,  -67,  -32,  -32,    0,    0,  -32,  -34,    0,  -62,  -24,  -32,    0,  -24,  -22,  -32,  -58,  -50,
       0,  -84,    0,    0,    0,  -40,    0,    0,    0,    0,    0,    0,    0,    0,    0,    0,    0,    0,    0,    0,  -20,    0,    0,   -6,   -4,  -14,   -6,   -4,  -62,  -20,  -44,  -40,    0,  -48,   -8,  -36,    0,    0,   -6,    0,    0,    0,    0,   -8,    0,    0,    0,    0,    0,   -2,    0,  -12,   -8,  -26,  -20,    0,  -26,    0,    0,    0,    0,    0,   -8,    0,    0,    0,    0,    0,  -20,  -48,    0,    0,    0,    0,    0,    0,    0,    0,    0,    0,    0,    0,    0,    0,    0,   -8,  -26,  -16,    0,    0,    0,    0,    0,    0,    0,    0,    0,    0,   -8,    0,    0,    0,    0,    0,  -62,  -62,  -40,  -20,    0,    0,    0,    0,    0,    0,    0,    0,    0,    0,    0,    0,  -48,  -26,  -80,  -72,    0,  -80,  -72,    0,    0,    0,
       0,    0,    0,    0,    0,    0,  -22,  -74,  -54,  -54,  -32,    0,    0,    0,    0,    0,    0,    0,  -54,  -22,   -8,    0,    0,    0,    0,    0,    0,    0,    0,    0,    0,    0,    0,    0,    0,    0,    0,  -54,    0,  -54,  -54,    0,  -54,    0,    0,  -12,  -56,  -56,  -54,  -56,  -32,  -24,  -58,  -62,  -26,  -14,  -56,  -28,  -32,  -74,    0,    0,  -22,  -46,    0,    0,    0,    0,    0,    0,  -70,  -70,  -70,  -70,  -70,  -74,  -74,  -74,    0,    0,    0,  -74,  -68,  -74,  -74,  -62,  -62,    0,  -70,  -70,  -74,  -74,  -74,    0,    0,    0,  -68,  -12,    0,  -68,  -68,  -74,  -74,  -74,    0,    0,    0,  -54,  -54,  -54,  -74,    0,    0,  -70,  -70,  -74,    0,    0,  -74,  -68,    0,  -62,  -24,  -29,    0,  -24,  -21,  -74,  -54,  -42,
       0,    0,    0,    0,    0,    0,    0,    0,    0,    0,    0,    0,    0,    0,    0,    0,    0,    0,    0,    0,   -8,    0,    0,    0,    0,    0,    0,    0,    0,    0,    0,    0,    0,    0,    0,    0,    0,    0,    0,   -8,   -8,    0,    0,    0,    0,  -12,   -2,   -2,   -6,   -4,    0,   -4,   -6,  -13,   -6,    0,  -13,    0,    0,    0,    0,    0,    0,    0,    0,    0,    0,    0,    0,    0,    0,    0,    0,    0,    0,   -8,   -8,   -8,    0,    0,    0,   -8,   -2,   -8,   -8,   -6,  -13,    0,    0,    0,   -8,    0,    0,    0,    0,    0,   -2,  -12,    0,   -2,   -2,    0,    0,    0,    0,    0,    0,   -6,    0,    0,   -8,    0,    0,    0,    0,   -8,    0,    0,   -8,   -2,    0,  -13,    0,  -19,    0,    0,  -19,    0,    0,    0,
       0,    0,    0,  -20,    0,    0,    0,  -40,  -28,  -40,  -32,    0,    0,    0,    0,    0,    0,    0,   -8,    0,    0,  -24,  -40,   -4,  -40,  -14,   -4,   -8,    0,    0,    0,    0,    0,    0,   -4,    0,    0,  -28,    0,  -28,  -28,   -8,  -28,   -4,   -4,    0,  -10,  -10,  -28,  -10,  -20,   -8,   -8,   -4,    0,    0,   -4,   -8,  -20,  -28,    0,    0,  -16,    0,    0,  -40,  -40,    0,    0,    0,  -28,  -28,  -28,  -46,  -28,  -28,  -28,  -28,   -4,    4,    2,  -28,  -10,  -28,  -28,   -8,   -4,   -4,  -28,  -28,  -28,  -28,  -28,   -4,   -4,   -4,  -10,    4,   -4,  -10,  -10,  -20,  -20,  -20,    0,    0,    0,    0,   -8,   -8,  -28,  -40,   -4,  -28,  -28,  -28,   -4,   -4,  -28,  -10,    0,   -4,    0,    0,    0,    0,    0,  -40,  -20,    0,
       0,    0,    0,    0,    0,    0,   -8,   -8,   -8,   -8,    0,    0,    0,    0,    0,    0,    0,    0,   -8,   -8,   -8,    0,    0,    0,    0,    0,    0,    0,    0,    0,    0,    0,    0,    0,    0,    0,    0,   -4,    0,   -2,   -2,    0,    0,    0,    0,    0,   -8,   -8,   -2,   -8,   -8,    0,   -4,   -2,   -8,   -4,   -2,    0,  -20,   -8,    0,    0,   -8,    0,    0,    0,    0,    0,    0,    0,   -4,   -4,   -4,   -4,   -4,   -2,   -2,   -2,    0,    0,    0,  -12,   -8,   -2,   -2,   -4,   -2,    0,   -4,   -4,   -2,    0,    0,    0,    0,    0,   -8,    0,    0,  -17,  -17,   -8,   -8,   -8,    0,    0,    0,  -17,    0,    0,  -12,    0,    0,  -12,   -4,   -2,    0,    0,   -2,   -8,    0,   -2,    0,   -8,    0,    0,   -8,   -8,  -20,    0,
       0,    0,    0,  -16,    0,    0,    0,  -32,  -16,  -32,  -28,    0,    0,    0,    0,    0,    0,    0,   -4,    0,    0,  -28,  -44,   -8,  -40,  -12,   -8,   -8,    0,    0,    0,    0,    0,    0,    0,    0,    0,  -28,    0,  -36,  -36,  -20,  -32,    0,   -8,    0,  -20,  -20,  -36,  -20,  -29,  -16,  -16,  -16,  -12,  -12,  -16,  -20,  -16,  -16,    0,    0,   -8,   -4,    0,  -44,  -44,    0,    0,    0,  -28,  -44,  -36,  -28,  -28,  -36,  -64,  -52,  -14,    8,   24,  -36,  -20,  -36,  -60,  -16,  -16,    0,  -28,  -40,  -36,  -32,  -32,   16,    4,   -2,  -20,   16,    0,  -20,  -20,  -29,  -29,  -29,    0,    0,    0,  -12,  -20,  -20,  -36,  -44,  -12,  -28,  -28,  -36,   -8,   -6,  -36,  -20,    0,  -16,    0,    0,    0,    0,    0,  -32,  -16,   -4,
       0,    0,    0,   -8,    0,    0,    0,  -46,  -16,  -46,  -28,    0,    0,    0,    0,    0,    0,    0,  -16,    0,    0,  -16,  -34,  -16,  -32,  -16,  -16,    0,    0,    0,    4,    0,    8,    4,    0,    0,    0,  -16,    0,  -24,  -24,  -12,  -22,    0,    0,    0,  -14,  -14,  -24,  -14,  -22,  -12,  -12,  -12,   -8,   -8,  -12,  -16,  -26,  -16,    0,    0,    0,  -12,    0,  -34,  -48,    0,    0,    4,  -16,  -16,  -16,  -16,  -16,  -24,  -24,  -24,    0,    0,    0,  -24,  -14,  -24,  -24,  -12,  -12,    0,  -16,  -16,  -24,  -22,  -22,    0,    0,    0,  -14,    0,    0,  -14,  -14,  -22,  -22,  -22,    0,    0,    0,   -8,  -16,  -16,  -24,  -34,    0,  -16,  -16,  -24,    0,    0,  -24,  -14,    4,  -12,    0,    0,    0,    0,    0,  -46,  -26,  -12,
       0,    0,    0,    0,    0,    0,    0,  -26,  -10,  -26,  -16,    0,    0,    0,    0,    0,    0,    0,    0,    0,    0,    0,    0,    0,    0,    0,    0,    0,    0,    0,    0,    0,    0,    0,    0,    0,    0,   -6,    0,   -8,   -8,    0,    0,    0,    0,    0,   -4,   -4,   -8,   -8,   -6,    0,    0,    0,    0,    0,    0,    0,    0,  -10,    0,    0,    0,    0,    0,    0,    0,    0,    0,    0,   -6,   -6,   -6,   -6,   -6,   -8,   -8,   -8,    0,    0,    0,   -8,   -4,   -8,   -8,    0,    0,    0,   -6,   -6,   -8,    0,    0,    0,    0,    0,   -4,    0,    0,   -4,   -4,   -6,   -6,   -6,    0,    0,    0,    0,    0,    0,   -8,    0,    0,   -6,   -6,   -8,    0,    0,   -8,   -4,    0,    0,    0,    0,    0,    0,    0,  -26,    0,    0,
       0,    0,    0,  -16,    0,    0,    0,  -56,  -26,  -56,    0,    0,    0,    0,    0,    0,    0,    0,    0,    0,    0,  -24,  -50,   -8,  -40,  -16,   -8,   -4,    0,    0,    8,    8,    8,    8,    0,    0,    0,  -36,    0,  -40,  -40,  -18,  -40,    0,   -6,   -2,  -28,  -28,  -40,  -28,  -36,  -16,  -20,  -18,  -12,  -16,  -18,  -24,  -44,  -26,    0,    0,    0,  -16,    0,  -50,    0,    0,    0,    8,  -36,  -36,  -36,  -36,  -36,  -40,  -40,  -40,   -6,   -6,   -6,  -40,  -28,  -40,  -40,  -20,  -18,    0,  -36,  -36,  -40,  -40,  -40,   -6,   -6,   -6,  -28,   -2,    0,  -28,  -28,  -36,  -36,  -36,    0,    0,    8,  -12,  -24,  -24,  -40,  -50,   -6,  -36,  -36,  -40,   -6,   -6,  -40,  -28,    8,  -18,    0,    0,    0,    0,    0,  -56,  -44,  -16,
       0,    0,    0,   -8,    0,    0,    0,  -32,  -16,  -32,   -8,    0,    0,    0,    0,    0,    0,    0,   -8,    0,    0,  -14,    0,    0,    0,    0,    0,    0,    0,    0,    0,    0,    0,    0,    0,    0,    0,    0,    0,  -12,  -12,    0,    0,    0,    0,    0,    0,    0,  -12,    0,   -8,    0,    0,    0,    0,    0,    0,    0,  -16,  -16,    0,    0,    0,    0,    0,    0,    0,    0,    0,    0,    0,    0,    0,    0,    0,  -12,  -12,  -12,    0,    0,    0,  -12,    0,  -12,  -12,    0,    0,    0,    0,    0,  -12,    0,    0,    0,    0,    0,    0,    0,    0,    0,    0,   -8,   -8,   -8,    0,    0,    0,    0,    0,    0,  -12,    0,    0,    0,    0,  -12,    0,    0,  -12,    0,    0,    0,    0,    0,    0,    0,    0,  -32,  -16,    0,
       0,    0,    0,   -8,    0,    0,    0,  -46,  -16,  -46,  -28,    0,    0,    0,    0,    0,    0,    0,  -16,    0,    0,  -16,  -34,  -16,  -32,   -8,  -16,    0,    0,    0,    4,    0,    8,    4,    0,    0,    0,  -16,    0,  -24,  -24,  -12,  -22,    0,    0,    0,  -14,  -14,  -24,  -14,  -22,  -12,  -12,  -12,   -8,   -8,  -12,  -16,  -26,  -16,    0,    0,    0,  -12,    0,  -34,  -24,    0,    0,    4,  -16,  -16,  -16,  -16,  -16,  -24,  -24,  -24,    0,    0,    0,  -24,  -14,  -24,  -24,  -12,  -12,    0,  -16,  -16,  -24,  -22,  -22,    0,    0,    0,  -14,    0,    0,  -14,  -14,  -22,  -22,  -22,    0,    0,    0,   -8,  -16,  -16,  -24,  -34,    0,  -16,  -16,  -24,    0,    0,  -24,  -14,    4,  -12,    0,    0,    0,    0,    0,  -46,  -26,  -12,
       0,    0,    0,    0,    0,    0,    0,  -26,  -10,  -26,  -16,    0,    0,    0,    0,    0,    0,    0,    0,    0,    0,    0,    0,    0,    0,    0,    0,    0,    0,    0,    0,    0,    0,    0,    0,    0,    0,   -6,    0,   -8,   -8,    0,    0,    0,    0,    0,   -4,   -4,   -8,   -4,   -6,    0,    0,    0,    0,    0,    0,    0,    0,  -10,    0,    0,    0,    0,    0,    0,    0,    0,    0,    0,   -6,   -6,   -6,   -6,   -6,   -8,   -8,   -8,    0,    0,    0,   -8,   -4,   -8,   -8,    0,    0,    0,   -6,   -6,   -8,    0,    0,    0,    0,    0,   -4,    0,    0,   -4,   -4,   -6,   -6,   -6,    0,    0,    0,    0,    0,    0,   -8,    0,    0,   -6,   -6,   -8,    0,    0,   -8,   -4,    0,    0,    0,    0,    0,    0,    0,  -26,    0,    0,
       0,    0,    0,  -16,    0,    0,    0,  -56,  -26,  -56,    0,    0,    0,    0,    0,    0,    0,    0,    0,    0,    0,  -24,  -50,   -8,  -40,   -8,   -8,   -4,    0,    0,    8,    8,    8,    8,    0,    0,    0,  -36,    0,  -40,  -40,  -18,  -40,    0,   -6,   -2,  -28,  -28,  -40,  -28,  -36,  -16,  -20,  -18,  -12,  -16,  -18,  -24,  -44,  -26,    0,    0,    0,  -16,    0,  -50,    0,    0,    0,    8,  -36,  -36,  -36,  -36,  -36,  -40,  -40,  -40,   -6,   -6,   -6,  -40,  -28,  -40,  -40,  -20,  -18,    0,  -36,  -36,  -40,  -40,  -40,   -6,   -6,   -6,  -28,   -2,    0,  -28,  -28,  -36,  -36,  -36,    0,    0,    8,  -12,  -24,  -24,  -40,  -50,   -6,  -36,  -36,  -40,   -6,   -6,  -40,  -28,    8,  -18,    0,    0,    0,    0,    0,  -56,  -44,  -16,
       0,    0,    0,  -20,    0,    0,    0,  -40,  -32,  -40,  -40,    0,    0,    0,    0,    0,    0,    0,  -16,    0,    0,  -36,  -44,  -20,  -44,  -12,  -20,  -16,    0,    0,    0,    0,    0,    0,    0,    0,    0,  -40,    0,  -38,  -38,  -24,  -40,    0,   -8,   -4,  -28,  -28,  -38,  -28,  -32,  -16,  -32,  -28,  -20,  -24,  -28,  -32,  -28,  -32,    0,    0,  -24,  -12,    0,  -44,  -44,    0,    0,    0,  -40,  -60,  -60,  -48,  -40,  -38,  -72,  -59,   -8,   -4,    8,  -38,  -28,  -68,  -64,  -32,  -28,    0,  -60,  -64,  -38,  -40,  -40,    4,    8,   -4,  -28,    8,    0,  -28,  -28,  -32,  -52,  -56,    0,    0,    0,  -20,  -32,  -32,  -38,  -44,   -8,  -40,  -62,  -60,   20,   -4,  -38,  -28,    0,  -28,    0,    0,    0,    0,    0,  -40,  -28,  -12,
       0,    0,    0,    0,    0,    0,    0,  -40,    0,  -40,    0,    0,    0,    0,  -18,    0,    0,    0,    0,    0,    0,    0,  -48,   -8,  -40,  -16,   -8,    0,    0,    0,    0,    0,    0,    0,    0,    0,    0,   -8,    0,  -20,  -20,  -24,  -12,   -4,    0,    0,   -8,   -8,  -20,   -8,  -20,  -12,    0,    0,    0,    0,    0,    0,    0,    0,    0,    0,    0,    0,  -48,  -48,  -92,    0,    0,    0,   -8,   -8,   -8,   -8,   -8,  -20,  -20,  -20,    0,    0,   16,  -20,   -8,  -20,  -20,    0,    0,   -4,   -8,   -8,  -20,  -12,  -12,    0,    0,    0,   -8,    0,   -4,   -8,   -8,  -20,  -20,  -20,    0,    0,    0,    0,    0,    0,  -20,  -48,    0,   -8,   -8,  -20,    8,    0,  -20,   -8,    0,    0,    0,    0,    0,    0,    0,  -40,    0,    0,
       0,    0,    0,    0,    0,    0,    0,  -40,    0,  -40,    0,    0,    0,    0,  -20,   -8,  -10,    0,    0,    0,    0,    0,  -40,  -20,  -40,    0,  -20,   -8,    0,    0,    0,    0,    0,    0,   -8,    0,    0,  -38,    0,  -48,  -48,  -36,  -32,  -18,    0,    0,   -8,   -8,  -48,   -8,  -32,  -24,  -20,  -16,  -12,   -8,  -16,    0,    0,    0,    0,    0,    0,    0,  -56,  -40,  -40,    0,    0,    0,  -38,  -38,  -38,  -38,  -38,  -48,  -48,  -48,    0,    0,    0,  -48,   -8,  -48,  -48,  -20,  -16,  -18,  -38,  -38,  -48,  -32,  -32,    0,    0,    0,   -8,    0,  -18,   -8,   -8,  -32,  -32,  -32,    0,    0,    0,  -12,    0,    0,  -48,  -40,    0,  -38,  -38,  -48,    0,    0,  -48,   -8,    0,  -16,    0,    0,    0,    0,    0,  -40,    0,    0,
       0,    0,    0,    0,    0,    0,    0,    0,    0,    0,    0,    0,    0,    0,    0,    0,    0,  -24,    0,    0,  -16,    0,    0,  -12,    0,    0,  -12,    0,  -44,  -20,  -40,  -36,    0,  -48,    0,    0,    0,    0,  -20,   -8,   -8,    0,    0,    0,    0,    0,    0,    0,   -8,    0,    0,  -20,  -20,  -40,  -36,    0,  -40,    0,    0,    0,    0,    0,    0,    0,    0,    0,    0,    0,  -20,  -48,    0,    0,    0,    0,    0,   -8,   -8,   -8,    0,    0,    0,   -8,    0,   -8,   -8,  -20,  -40,    0,    0,    0,   -8,    0,    0,    0,    0,    0,    0,    0,    0,    0,    0,    0,    0,    0,  -44,  -44,  -36,  -36,    0,    0,   -8,    0,    0,    0,    0,   -8,    0,    0,   -8,    0,  -48,  -40,    0,    0,    0,    0,    0,    0,    0,    0,
       0,    0,    0,    0,    0,    0,    0,    0,    0,    0,    0,    0,    0,    0,    0,    0,    0,    0,    0,    0,    0,    0,    0,    0,    0,    0,    0,    0,    0,    0,    0,    0,    0,    0,    0,    0,    0,    0,    0,    0,    0,    0,    0,    0,    0,   -4,   -4,   -4,    0,   -4,    0,   -4,   -4,  -12,   -6,    0,  -12,    0,    0,    0,    0,    0,    0,    0,    0,    0,    0,    0,    0,    0,    0,    0,    0,    0,    0,    0,    0,    0,    0,    0,    0,    0,   -4,    0,    0,   -4,  -12,    0,    0,    0,    0,    0,    0,    0,    0,    0,   -4,   -4,    0,   -4,   -4,    0,    0,    0,    0,    0,    0,   -6,    0,    0,    0,    0,    0,    0,    0,    0,    0,    0,    0,   -4,    0,  -12,    0,    0,    0,    0,    0,    0,    0,    0,
};

static const EpdLigaturePair literata_12_regularLigaturePairs[] = {
    { 0x00660069, 0xFB01 }, // f i -> U+FB01
    { 0x0066006C, 0xFB02 }, // f l -> U+FB02
};

static const EpdFontData literata_12_regular = {
    literata_12_regularBitmaps,
    literata_12_regularGlyphs,
    literata_12_regularIntervals,
    40,
    37,
    30,
    -8,
    true,
    literata_12_regularGroups,
    9,
    nullptr,
    literata_12_regularKernLeftClasses,
    literata_12_regularKernRightClasses,
    literata_12_regularKernMatrix,
    439,
    377,
    101,
    130,
    literata_12_regularLigaturePairs,
    2,
};
