/**
 * generated by fontconvert.py
 * name: literata_16_italic
 * size: 16
 * mode: 2-bit  compressed: true
 * Command used: fontconvert.py literata_16_italic 16 ..\builtinFonts\source\Literata\Literata-Italic.ttf --2bit --compress --pnum
 */
#pragma once
#include "EpdFontData.h"

static const uint8_t literata_16_italicBitmaps[20867] = {
    0xA5, 0x5A, 0xBF, 0x73, 0xE4, 0x46, 0x76, 0x6E, 0x00, 0xBB, 0x8B, 0x2B, 0xC3, 0x5A, 0xAC, 0x5D,
    0x52, 0x70, 0x45, 0x89, 0x7D, 0x81, 0x83, 0xBB, 0xF2, 0x92, 0xB8, 0x40, 0xC1, 0xDA, 0xC5, 0x21,
    0xFA, 0x7C, 0x81, 0x53, 0x05, 0x56, 0xE4, 0x60, 0x1D, 0xBA, 0xCA, 0x01, 0x1D, 0x9C, 0xAB, 0xE8,
    0x2A, 0x72, 0x80, 0xB5, 0x02, 0x87, 0x66, 0xE4, 0xC4, 0x81, 0x15, 0x38, 0x72, 0xA2, 0x0D, 0x58,
    0x2E, 0xBA, 0xC4, 0x21, 0xB0, 0xA7, 0x7F, 0x00, 0x77, 0x75, 0xB6, 0x83, 0xB3, 0x4F, 0x38, 0xDF,
    0xAA, 0xEE, 0x5C, 0xB2, 0xB5, 0xBD, 0x12, 0x2C, 0x81, 0x5A, 0xCC, 0xF4, 0x7D, 0xDF, 0x6B, 0xCC,
    0x70, 0x38, 0xBB, 0x2B, 0xAB, 0xCA, 0x33, 0x8D, 0x07, 0x72, 0xD8, 0xD3, 0xFD, 0xFA, 0xFD, 0xF8,
    0xDE, 0x0F, 0x30, 0x30, 0x69, 0x9B, 0x36, 0x69, 0x8D, 0x77, 0x89, 0xB7, 0x49, 0xD5, 0xF2, 0x7D,
    0x5B, 0xDE, 0xAF, 0xA8, 0x6F, 0x28, 0xBE, 0x32, 0x55, 0x95, 0x55, 0x9D, 0xAB, 0xBD, 0x54, 0x1D,
    0xEB, 0x72, 0x96, 0x99, 0x23, 0xAD, 0x30, 0x0E, 0xB7, 0xD5, 0x9B, 0xAF, 0xA8, 0xEF, 0xFE, 0xA6,
    0x52, 0x51, 0x1D, 0xD5, 0x42, 0x4B, 0xD0, 0x32, 0x36, 0x4A, 0xC5, 0x26, 0x31, 0x2A, 0x71, 0x78,
    0xA9, 0x54, 0xA8, 0x2C, 0xAB, 0x64, 0x59, 0xA5, 0xDE, 0xC0, 0x9B, 0xF4, 0x2E, 0xE8, 0x5D, 0xA1,
    0x7B, 0x78, 0xAB, 0x1C, 0x13, 0x07, 0xA1, 0xBD, 0x52, 0x3F, 0xC0, 0x5B, 0xA9, 0x87, 0x78, 0x2B,
    0x65, 0xF1, 0x26, 0x6D, 0xC9, 0x4D, 0xED, 0xAF, 0xF0, 0x27, 0x4A, 0x15, 0xAE, 0x0C, 0xBF, 0xFC,
    0xA9, 0x4D, 0x1E, 0xFD, 0xB0, 0x4F, 0xBF, 0xF7, 0xC3, 0x41, 0x07, 0x1F, 0xF4, 0x59, 0xF8, 0xE8,
    0xDD, 0xEC, 0xAF, 0x6A, 0xA5, 0x7F, 0x5C, 0xAB, 0xF4, 0xCB, 0x5A, 0x45, 0x0E, 0x73, 0xAB, 0x4E,
    0x29, 0xBD, 0x50, 0xF2, 0x4B, 0xF4, 0x9E, 0x55, 0xD1, 0x5F, 0x77, 0x2A, 0x7A, 0xD0, 0xDF, 0x88,
    0x4C, 0x9F, 0x7F, 0xDF, 0x74, 0x55, 0xF4, 0x3D, 0x5B, 0x44, 0xDF, 0x6F, 0xF3, 0x77, 0xEE, 0xD7,
    0xDA, 0x2D, 0x54, 0x50, 0x3D, 0xC6, 0x5C, 0x25, 0x57, 0x80, 0xAF, 0xED, 0x82, 0xFB, 0x27, 0x0D,
    0x39, 0xCC, 0x42, 0xAB, 0xB0, 0xD6, 0x44, 0x75, 0x81, 0x25, 0xD3, 0x1D, 0xCF, 0x7D, 0xA4, 0xBA,
    0xA4, 0x94, 0x9B, 0xC6, 0x77, 0xF6, 0x03, 0x3B, 0xA1, 0xCC, 0xFE, 0xB0, 0x3D, 0xC3, 0x2D, 0x75,
    0xB5, 0xBD, 0x75, 0xA2, 0xC2, 0xCB, 0xA8, 0xA9, 0x06, 0xFC, 0x1E, 0x3F, 0xEA, 0xF6, 0xF9, 0x71,
    0xD4, 0x70, 0xEE, 0x6E, 0x54, 0xA7, 0x10, 0xD6, 0x51, 0x2C, 0xB7, 0x4E, 0x6E, 0x61, 0x2B, 0x7F,
    0x8B, 0xEB, 0xC8, 0x62, 0x26, 0x3E, 0x80, 0x48, 0xA0, 0x01, 0x95, 0xF1, 0xF0, 0x6F, 0x63, 0x9A,
    0xD2, 0x14, 0x4F, 0xE0, 0xFE, 0x16, 0x9C, 0xC5, 0x56, 0x15, 0x98, 0x54, 0x93, 0x66, 0xA5, 0xBA,
    0x80, 0x0C, 0x95, 0x7A, 0x55, 0x28, 0x5E, 0x39, 0x66, 0x27, 0x75, 0x06, 0x16, 0x93, 0x36, 0x05,
    0xDB, 0x71, 0x1B, 0xB8, 0x21, 0x7E, 0xAF, 0x51, 0xD9, 0xE3, 0xD4, 0x99, 0xB0, 0xE3, 0xEA, 0xF8,
    0x6E, 0x5C, 0x73, 0xFD, 0x58, 0x16, 0x89, 0x1A, 0x2E, 0x12, 0x0B, 0x4D, 0x6A, 0x55, 0x61, 0xF1,
    0x92, 0xEB, 0xE4, 0x64, 0x20, 0x98, 0x2B, 0xEA, 0x94, 0x8C, 0x54, 0x0B, 0x2A, 0xED, 0x78, 0x76,
    0x74, 0x74, 0xF8, 0xE6, 0x77, 0x55, 0x60, 0xA0, 0x70, 0xEA, 0x77, 0x42, 0x31, 0x40, 0x42, 0x90,
    0x4E, 0xD4, 0x72, 0x19, 0xAC, 0x81, 0x1D, 0x74, 0xA9, 0x32, 0x59, 0xE3, 0x2B, 0x06, 0x26, 0x60,
    0x1A, 0x26, 0xE3, 0x2B, 0xF8, 0x22, 0xBE, 0x4E, 0x11, 0x77, 0xB2, 0x20, 0x2C, 0xE4, 0x1B, 0xEA,
    0x26, 0x6D, 0x48, 0xC5, 0x25, 0x79, 0x0C, 0xFD, 0x9F, 0x20, 0x87, 0x73, 0xA5, 0x8E, 0x9F, 0x5B,
    0x65, 0x63, 0xE0, 0xC3, 0xD5, 0xF6, 0x53, 0xA5, 0x66, 0x4A, 0x0D, 0xFC, 0xEE, 0xC8, 0x64, 0x4D,
    0x31, 0x6C, 0x53, 0x9B, 0xEA, 0x5B, 0x38, 0xD4, 0x36, 0xF5, 0x7D, 0x63, 0xE7, 0xC6, 0xEE, 0xEB,
    0xFB, 0xD9, 0xBF, 0xCF, 0x03, 0x77, 0x12, 0x54, 0x26, 0xFB, 0xA4, 0xCB, 0xEF, 0xCE, 0x5E, 0xDD,
    0xBB, 0xCB, 0x49, 0x7B, 0x22, 0x5B, 0x6F, 0xF0, 0xD7, 0x2F, 0x2C, 0x05, 0xE3, 0x1D, 0x78, 0xF1,
    0xE7, 0xAB, 0x0B, 0xD6, 0x91, 0x8C, 0xD7, 0x4D, 0xB8, 0x45, 0xA3, 0x6D, 0xD6, 0xA5, 0x5D, 0x68,
    0xC3, 0x36, 0xAE, 0xB5, 0x2C, 0x98, 0xBB, 0xA6, 0x70, 0x2D, 0x46, 0x52, 0xE7, 0x96, 0x6F, 0x4D,
    0x33, 0x3F, 0x15, 0xAB, 0x57, 0x41, 0xBB, 0x5A, 0x5F, 0xC1, 0xAD, 0xC4, 0x91, 0xC0, 0x26, 0xA5,
    0x2D, 0x5F, 0x5E, 0x9F, 0xD6, 0xF8, 0xA9, 0xDC, 0x6A, 0x73, 0xDA, 0xD9, 0x38, 0x0D, 0x57, 0xB8,
    0x31, 0x8D, 0xC6, 0xB8, 0xA3, 0x96, 0x67, 0x7B, 0x5B, 0x0C, 0x17, 0x53, 0x8A, 0xBF, 0x83, 0x94,
    0x7A, 0x35, 0x57, 0x91, 0x85, 0xEC, 0xA0, 0x98, 0xDC, 0x40, 0x41, 0x59, 0xA9, 0x21, 0xE5, 0x3A,
    0xA7, 0xF1, 0xE4, 0xEA, 0x1A, 0x29, 0xD6, 0x89, 0x16, 0x52, 0x8A, 0x56, 0x44, 0xF8, 0x50, 0xC2,
    0x3E, 0x3E, 0x85, 0xCE, 0xD2, 0x26, 0x80, 0x07, 0xF6, 0x31, 0x94, 0xEC, 0x1C, 0x78, 0xD0, 0xD0,
    0xA4, 0x7A, 0x4D, 0xE5, 0x0B, 0x55, 0xC0, 0xB0, 0xF6, 0x97, 0x63, 0x2A, 0xE3, 0xF8, 0xFA, 0x98,
    0xC9, 0x38, 0xBF, 0x3E, 0x06, 0x8E, 0x03, 0xF7, 0xD8, 0xB9, 0x4E, 0xBD, 0x06, 0x27, 0x72, 0x73,
    0x95, 0x7E, 0x54, 0x61, 0x5B, 0x5D, 0x1F, 0xC3, 0xFA, 0x2B, 0x78, 0x4A, 0x61, 0x22, 0xFB, 0x4D,
    0x7A, 0x8C, 0x5C, 0x69, 0x23, 0x7E, 0x43, 0x9E, 0xB8, 0x07, 0x17, 0xC0, 0x21, 0x79, 0x46, 0xF9,
    0xE8, 0x58, 0xDD, 0x00, 0x87, 0x7B, 0x30, 0xC4, 0x3D, 0x1C, 0x76, 0x28, 0xDE, 0xFE, 0xE3, 0xBE,
    0x00, 0x2C, 0x15, 0x5C, 0xFF, 0xE6, 0x5B, 0xE4, 0x5A, 0x25, 0xFF, 0x72, 0x00, 0x47, 0x8D, 0x6D,
    0x8E, 0x2F, 0xE6, 0x75, 0xD8, 0xE9, 0x92, 0x56, 0xC9, 0x45, 0xF0, 0x2D, 0x9A, 0x5D, 0x00, 0x36,
    0x73, 0x58, 0xE9, 0x3E, 0x45, 0x99, 0xE0, 0x87, 0x10, 0x9B, 0x04, 0x83, 0xDF, 0x2C, 0x18, 0x76,
    0xF0, 0x7B, 0xA5, 0xA2, 0x6E, 0xAE, 0x12, 0x7B, 0xA1, 0x8A, 0x3A, 0x07, 0xCF, 0xB7, 0xDC, 0x89,
    0x1A, 0x5F, 0x32, 0x31, 0x26, 0x49, 0x49, 0x32, 0x4A, 0xE8, 0x88, 0xA4, 0x03, 0x89, 0xDA, 0x9E,
    0xBC, 0x82, 0xE8, 0x80, 0x78, 0x44, 0xD2, 0x83, 0x84, 0x96, 0x72, 0x6D, 0xE8, 0xDA, 0xE4, 0x26,
    0xA3, 0xA3, 0x80, 0x67, 0xD7, 0x12, 0x54, 0x5B, 0xCF, 0xDD, 0x06, 0x09, 0xA9, 0x80, 0x84, 0xA4,
    0x02, 0x03, 0x8A, 0xB6, 0xEB, 0x09, 0x27, 0x08, 0xA1, 0x5D, 0x79, 0x42, 0xB3, 0x51, 0xE1, 0xBF,
    0x62, 0x6E, 0x48, 0x41, 0xA8, 0x86, 0x27, 0x52, 0x8A, 0x58, 0x40, 0xF0, 0x18, 0x71, 0xE7, 0x8A,
    0x14, 0x74, 0xAD, 0x0B, 0x95, 0xD7, 0x38, 0x71, 0x6E, 0xA2, 0x4E, 0xE5, 0xA5, 0x6E, 0x19, 0x10,
    0x0C, 0x24, 0xF8, 0x98, 0x33, 0xA0, 0x2B, 0xAC, 0xC5, 0x73, 0x7C, 0xB4, 0xA0, 0x22, 0x0A, 0xDA,
    0x5B, 0x41, 0xC6, 0x20, 0xE0, 0x06, 0x50, 0x46, 0x1D, 0x51, 0x98, 0x90, 0x40, 0x50, 0x01, 0x8A,
    0x52, 0x07, 0x53, 0x3C, 0xC6, 0xBE, 0xB9, 0x85, 0x5D, 0x62, 0xE5, 0x0B, 0xEF, 0xD5, 0xD7, 0xC8,
    0x8C, 0x80, 0x36, 0xF0, 0x6B, 0x03, 0x16, 0x80, 0x0C, 0xE2, 0x2E, 0x11, 0x53, 0x33, 0x5E, 0x90,
    0x94, 0xC6, 0x1A, 0x39, 0xA6, 0xF1, 0x1F, 0xD2, 0xFA, 0x4F, 0xE9, 0x25, 0x7F, 0xE2, 0x8F, 0x1D,
    0x8A, 0x84, 0x78, 0x62, 0x1A, 0x05, 0x71, 0x50, 0x70, 0x78, 0x3C, 0xDA, 0x4C, 0x79, 0x3D, 0xAA,
    0xB0, 0x5F, 0x4A, 0x33, 0x21, 0xA1, 0x5D, 0x29, 0x42, 0x2E, 0xCE, 0x4A, 0x9C, 0xE4, 0x34, 0x27,
    0xFA, 0xFC, 0x23, 0x1F, 0xAF, 0x16, 0x07, 0x16, 0x38, 0xDC, 0xE3, 0x5C, 0x03, 0x96, 0x3C, 0x97,
    0xAB, 0x56, 0x7D, 0x62, 0x03, 0x1B, 0xCD, 0xE3, 0x26, 0x70, 0x4F, 0x0C, 0xFD, 0x40, 0xFD, 0xB3,
    0xAB, 0xE3, 0x46, 0x77, 0xA9, 0x09, 0x07, 0x6C, 0x38, 0xA7, 0x37, 0x4C, 0xFD, 0x75, 0x01, 0x51,
    0xCF, 0x73, 0x13, 0x0C, 0xBA, 0x4D, 0x6C, 0x4C, 0xCD, 0x1D, 0x30, 0x20, 0xBC, 0xC5, 0xF5, 0x0D,
    0xD6, 0x6F, 0xE2, 0x36, 0xB2, 0x69, 0x1D, 0xF4, 0x30, 0x64, 0x7E, 0x77, 0x46, 0xB1, 0x5C, 0x5D,
    0xC1, 0x22, 0x37, 0xF1, 0x42, 0x37, 0xBB, 0xD3, 0xC4, 0xF5, 0xC7, 0x10, 0x2A, 0x8E, 0x4F, 0x17,
    0x92, 0xD3, 0x60, 0xA1, 0xB0, 0xBB, 0x83, 0xF3, 0x1C, 0xD2, 0xA5, 0x4D, 0x61, 0x12, 0x18, 0x45,
    0x50, 0x01, 0xC8, 0x5B, 0xDD, 0x65, 0x9D, 0xEE, 0x92, 0x46, 0x6D, 0xBC, 0x52, 0x8F, 0x58, 0xAD,
    0x2E, 0x63, 0x44, 0x19, 0xDD, 0x6B, 0xCA, 0xFA, 0xB9, 0x57, 0x5A, 0x66, 0x2D, 0x50, 0xCD, 0x46,
    0x36, 0x6A, 0x92, 0x32, 0x53, 0xF7, 0x56, 0x7F, 0x21, 0x1E, 0xC1, 0x2A, 0x28, 0x2A, 0x3A, 0x49,
    0x61, 0x00, 0x0C, 0x5E, 0x84, 0xD3, 0x51, 0x8A, 0xFC, 0x58, 0x24, 0xC9, 0x69, 0xE1, 0x9C, 0x9F,
    0x12, 0x0D, 0xB9, 0x4B, 0x99, 0x39, 0x37, 0x87, 0x12, 0xE7, 0x9B, 0xFB, 0xAD, 0x80, 0x58, 0x09,
    0x92, 0xA8, 0x8C, 0x88, 0x47, 0x55, 0x15, 0x66, 0x5C, 0x90, 0x56, 0xAB, 0x1B, 0xAF, 0xBB, 0xF5,
    0xFD, 0x11, 0x60, 0x06, 0x3F, 0x9F, 0xFB, 0x7F, 0x6B, 0xB4, 0xD2, 0x18, 0xF6, 0x9E, 0x21, 0xE4,
    0x1E, 0xC1, 0x90, 0x61, 0x54, 0xE5, 0x02, 0xE7, 0xBE, 0x10, 0xEB, 0xA4, 0x71, 0x32, 0xD2, 0x56,
    0xDE, 0x5D, 0x2B, 0x2C, 0x47, 0x48, 0xEB, 0x46, 0x60, 0x3E, 0x54, 0x12, 0xC2, 0xD4, 0xB7, 0xD7,
    0x98, 0x9B, 0x31, 0x7E, 0xFB, 0xCB, 0x1B, 0xD2, 0x81, 0xF8, 0x3D, 0xBC, 0x90, 0x4C, 0xE5, 0x27,
    0xEA, 0xA0, 0x11, 0xFF, 0x87, 0x1F, 0x47, 0xAD, 0x68, 0x47, 0xAC, 0x0F, 0xE0, 0xA9, 0x92, 0xCB,
    0x3F, 0xD7, 0x40, 0xF4, 0xCA, 0xD9, 0xD4, 0xEC, 0x05, 0x7D, 0x64, 0x13, 0x73, 0x08, 0x99, 0xDA,
    0xB8, 0x3C, 0x4B, 0x1A, 0xDE, 0xBA, 0xB4, 0x4E, 0xFC, 0x2D, 0xB5, 0xB1, 0xE9, 0xD2, 0xF2, 0x36,
    0xA6, 0x9C, 0xA6, 0xE5, 0x4E, 0x9B, 0xAA, 0xB3, 0xB4, 0xFE, 0xBD, 0x76, 0x17, 0xF9, 0x46, 0xF3,
    0xD4, 0x9E, 0xAB, 0xBD, 0xC8, 0xFD, 0x08, 0xDE, 0xB4, 0xAB, 0x2A, 0x53, 0x19, 0x7A, 0x2A, 0x5F,
    0xA3, 0x7E, 0x69, 0xD5, 0x8C, 0x1D, 0xD5, 0x89, 0xC8, 0x7B, 0xCB, 0x47, 0x7D, 0x75, 0x70, 0xB9,
    0x76, 0x8A, 0xB8, 0x13, 0xC5, 0xF6, 0x6A, 0x89, 0x51, 0x6A, 0x5B, 0xE8, 0x44, 0x94, 0xB1, 0x77,
    0x41, 0x7A, 0x26, 0xB0, 0x60, 0x73, 0xD1, 0x33, 0x81, 0x35, 0x6C, 0xB5, 0x44, 0xCB, 0x54, 0xE2,
    0x19, 0xBD, 0x25, 0x31, 0xB4, 0x97, 0x54, 0x50, 0x59, 0x3B, 0x30, 0x44, 0xDD, 0x75, 0xF4, 0x46,
    0x32, 0x71, 0x26, 0x82, 0xC0, 0xAF, 0x73, 0xF1, 0xCA, 0x05, 0x16, 0x20, 0xAE, 0x64, 0x5F, 0x02,
    0x2B, 0x1F, 0x57, 0xCC, 0x2E, 0x7B, 0xE0, 0xC9, 0x63, 0xC9, 0x32, 0x29, 0xCC, 0xA2, 0x86, 0x3B,
    0x63, 0x59, 0xA2, 0x3E, 0x7E, 0xF5, 0xA4, 0x01, 0x49, 0x19, 0x77, 0x32, 0xCA, 0x12, 0xEB, 0x9D,
    0x53, 0xBD, 0x43, 0x71, 0x29, 0x51, 0x83, 0xE8, 0x84, 0xCD, 0x07, 0x5A, 0xC2, 0x40, 0x99, 0x8F,
    0x24, 0xEA, 0x96, 0x9F, 0xA5, 0x2D, 0x1C, 0xA3, 0x10, 0x5B, 0x23, 0x73, 0xD4, 0xD5, 0x6B, 0x70,
    0xB7, 0x98, 0xEA, 0xCA, 0x3E, 0x3A, 0x60, 0xB6, 0x14, 0xD9, 0x70, 0x8C, 0x68, 0x11, 0x7D, 0x3B,
    0xEA, 0xD6, 0x80, 0xCB, 0x3C, 0x8F, 0x8C, 0x6B, 0x84, 0x7F, 0xCD, 0x38, 0x4F, 0x42, 0xBE, 0xE0,
    0x07, 0x91, 0xC4, 0xC2, 0x5A, 0xA1, 0x7C, 0x67, 0xF0, 0xB7, 0x8C, 0xF6, 0xCD, 0xD8, 0x80, 0x53,
    0x5E, 0x2A, 0x39, 0x6B, 0xC3, 0xC3, 0x6E, 0xF5, 0x8C, 0x54, 0x4C, 0x51, 0x8F, 0x65, 0xA1, 0x99,
    0x2C, 0x32, 0x93, 0x55, 0x66, 0xCC, 0xFA, 0xE8, 0xD7, 0x38, 0xDA, 0x3A, 0x1D, 0xAE, 0x53, 0xCC,
    0x19, 0x64, 0xFE, 0x20, 0xF1, 0x70, 0x10, 0x5E, 0x06, 0x81, 0xF3, 0x41, 0x31, 0xE1, 0x1B, 0xC4,
    0x2B, 0xFA, 0xA0, 0x42, 0xE0, 0x17, 0x3F, 0xCB, 0xDD, 0xC2, 0x88, 0xA6, 0x5C, 0xBD, 0x45, 0x42,
    0xEB, 0x24, 0x89, 0x49, 0x22, 0x2E, 0x11, 0xCA, 0x0A, 0x6A, 0x93, 0x5C, 0x85, 0x96, 0xAB, 0xCF,
    0xFA, 0x4D, 0x12, 0x02, 0xB7, 0xB0, 0x0A, 0x48, 0x5C, 0x23, 0x96, 0xE9, 0x1A, 0x9B, 0xBA, 0x92,
    0x30, 0x5D, 0xCA, 0x96, 0x7A, 0xDC, 0x52, 0xD2, 0x88, 0x64, 0xB5, 0xA5, 0x90, 0xE7, 0xB7, 0x1C,
    0xF7, 0xED, 0x47, 0xF2, 0xE2, 0x2D, 0x15, 0x63, 0x0E, 0x48, 0xB7, 0x24, 0xBF, 0xBB, 0xF8, 0x07,
    0x1E, 0x53, 0xFE, 0x8C, 0x60, 0xCF, 0x60, 0x87, 0x84, 0xE7, 0xF2, 0xC0, 0xC2, 0xC7, 0x83, 0x81,
    0x56, 0x39, 0xC0, 0x2C, 0x82, 0x79, 0x42, 0x2F, 0xFD, 0x3F, 0xF5, 0x9C, 0x13, 0x83, 0xB3, 0x9E,
    0x7A, 0xEE, 0xA9, 0xE7, 0x1E, 0xAC, 0x03, 0xFF, 0xF1, 0xDD, 0x1E, 0x2A, 0x80, 0x0B, 0x0F, 0xDC,
    0xD5, 0x19, 0x88, 0x39, 0xA3, 0x5E, 0x19, 0x19, 0xB5, 0xB3, 0x91, 0x9B, 0x6B, 0xD7, 0x32, 0x36,
    0x52, 0xAB, 0x86, 0xDA, 0x5B, 0xD1, 0x41, 0x36, 0xDB, 0xA4, 0x6A, 0xA4, 0xBE, 0xDE, 0xF2, 0x74,
    0x10, 0x16, 0xD6, 0x69, 0xBF, 0x49, 0x83, 0xE7, 0x68, 0xE6, 0x4E, 0x7E, 0xC3, 0xFD, 0x2A, 0x77,
    0x6D, 0xEA, 0x06, 0x70, 0x92, 0xBA, 0x76, 0x33, 0xE3, 0x1A, 0x5E, 0x32, 0xFA, 0x71, 0x04, 0xCB,
    0x81, 0xA5, 0x72, 0x66, 0x1F, 0x36, 0x73, 0xED, 0xD7, 0xFC, 0xEE, 0xFA, 0xD7, 0x21, 0x18, 0x66,
    0x35, 0x32, 0x20, 0x72, 0x0C, 0xE4, 0x56, 0xC0, 0x42, 0xF1, 0x63, 0x29, 0x0D, 0x69, 0x89, 0x16,
    0x82, 0x4A, 0x5C, 0xBB, 0x05, 0x07, 0x39, 0x17, 0x0D, 0x9E, 0x4B, 0x0A, 0x76, 0x4E, 0x51, 0x81,
    0x4E, 0xC4, 0x10, 0xA8, 0xD8, 0x41, 0xC2, 0xF9, 0x20, 0x50, 0x37, 0x4C, 0xC4, 0x40, 0x04, 0xAB,
    0x06, 0x02, 0x36, 0x3E, 0xB7, 0x32, 0x47, 0x66, 0x06, 0x3E, 0x1A, 0xCE, 0x85, 0x5E, 0x08, 0xCD,
    0xC5, 0x50, 0xA0, 0x47, 0x50, 0xE8, 0x10, 0x76, 0x90, 0x36, 0x06, 0xA7, 0x8B, 0x5D, 0x03, 0x1A,
    0x38, 0xA3, 0x69, 0xDB, 0x9A, 0xD8, 0xE5, 0x51, 0xFD, 0xFC, 0x3A, 0x19, 0xBE, 0x26, 0x59, 0xB7,
    0x4D, 0x54, 0x56, 0x57, 0xEE, 0xD0, 0xC3, 0xE0, 0xE9, 0x13, 0x04, 0x22, 0x67, 0xE8, 0x13, 0x46,
    0xD2, 0xF4, 0x8C, 0xF7, 0x96, 0x26, 0x0B, 0xBF, 0x25, 0x7E, 0xB6, 0xFE, 0xFE, 0x3E, 0xEE, 0x53,
    0x70, 0xF3, 0x05, 0xEE, 0x7F, 0x89, 0x05, 0x3F, 0xC3, 0xFD, 0x0C, 0xEE, 0xF9, 0x0B, 0xDE, 0x91,
    0xD4, 0x7F, 0x80, 0x39, 0x67, 0x53, 0x7F, 0x3F, 0x45, 0x7E, 0xFF, 0x0E, 0xAB, 0xAA, 0x1C, 0xC5,
    0x29, 0xEF, 0x99, 0x91, 0xBB, 0xD5, 0xE5, 0xAE, 0xDC, 0xD3, 0x7A, 0x4F, 0xEE, 0x49, 0xE3, 0xEF,
    0x71, 0x7B, 0x26, 0xF7, 0xC8, 0x5A, 0x3A, 0xC3, 0xEA, 0x1E, 0x7C, 0xDE, 0x22, 0x73, 0x42, 0xBA,
    0xF8, 0x8C, 0x89, 0x17, 0xD0, 0xDA, 0xF1, 0x9E, 0x2D, 0x4C, 0x05, 0xB6, 0x4B, 0x64, 0x28, 0x05,
    0xD2, 0x14, 0xAA, 0xE1, 0x8E, 0xC4, 0x0D, 0x57, 0x06, 0x6E, 0x8E, 0x2A, 0x19, 0x95, 0xA9, 0xAA,
    0x5A, 0x46, 0xA1, 0xF7, 0x2D, 0xE9, 0x3F, 0xF5, 0xA4, 0xDD, 0x20, 0xF4, 0x82, 0x45, 0x0A, 0x39,
    0x23, 0x5F, 0x65, 0x2A, 0xDC, 0x08, 0x6D, 0x48, 0x63, 0x4B, 0x0A, 0xC4, 0x05, 0x85, 0x3F, 0x32,
    0x4E, 0xCC, 0x35, 0x69, 0x21, 0x34, 0xBF, 0xCF, 0x14, 0x43, 0x7F, 0x48, 0x9A, 0x7E, 0x42, 0x1A,
    0x2F, 0xA4, 0xF6, 0x5B, 0x80, 0xAB, 0x12, 0xE0, 0x99, 0x03, 0x50, 0x16, 0xAB, 0xA8, 0x46, 0x60,
    0xF7, 0x1E, 0x0F, 0x68, 0x07, 0x47, 0x50, 0x7E, 0xDC, 0xD3, 0xFE, 0x60, 0x0B, 0xB1, 0xC4, 0x1E,
    0x7A, 0xBC, 0x14, 0x42, 0x48, 0x52, 0x68, 0x61, 0xC0, 0x28, 0x33, 0x56, 0x40, 0x5F, 0x45, 0x39,
    0xB3, 0x24, 0x00, 0x64, 0x86, 0x48, 0x9F, 0x0B, 0xD4, 0x4F, 0x25, 0xEC, 0x0D, 0x4C, 0x39, 0xB8,
    0x05, 0x6C, 0x48, 0xF4, 0xE9, 0x84, 0x87, 0xC7, 0x02, 0xF5, 0x82, 0xFA, 0x73, 0x42, 0x3C, 0xF2,
    0xDF, 0x63, 0x5A, 0xDE, 0x18, 0xDB, 0x62, 0x21, 0xD6, 0x93, 0x73, 0x8F, 0xF6, 0x58, 0xF3, 0x5C,
    0x10, 0x3C, 0xA8, 0x18, 0xE0, 0x08, 0x55, 0x53, 0xF3, 0x75, 0x0C, 0x6E, 0xCB, 0x09, 0xE6, 0x0D,
    0x2B, 0x11, 0xDC, 0x5A, 0x13, 0xC1, 0x7C, 0xC9, 0xDF, 0x62, 0x5D, 0x04, 0x25, 0x51, 0x6F, 0x75,
    0xF8, 0x2B, 0x11, 0x34, 0x2F, 0x39, 0xBC, 0xCC, 0x44, 0xF1, 0xE8, 0x0F, 0x5F, 0x73, 0x1D, 0x7F,
    0x78, 0x78, 0x52, 0x24, 0x99, 0x9F, 0xB4, 0x2A, 0x18, 0xE1, 0x70, 0x78, 0x09, 0x8B, 0x82, 0xC1,
    0xDF, 0xC4, 0xC1, 0xE9, 0x99, 0xFA, 0x7F, 0xC9, 0x5D, 0xE4, 0x79, 0x2C, 0x84, 0x26, 0x00, 0x27,
    0x5A, 0x7E, 0xEA, 0x33, 0xA7, 0x19, 0xB3, 0x37, 0x2F, 0x23, 0x9F, 0x05, 0xF8, 0x0C, 0xC0, 0xA7,
    0x00, 0x3E, 0x07, 0xF0, 0xD1, 0x0A, 0x94, 0x8C, 0x9D, 0x4B, 0xFD, 0x32, 0x14, 0x0C, 0xE8, 0xC3,
    0x54, 0xE4, 0x21, 0x41, 0x78, 0x90, 0x0C, 0x76, 0x90, 0xAC, 0x5E, 0xF0, 0x1E, 0x4C, 0xFA, 0xBA,
    0xED, 0x42, 0x28, 0x31, 0x60, 0x80, 0xF6, 0xE1, 0x83, 0x60, 0x00, 0x95, 0x9B, 0x0D, 0x10, 0x13,
    0x97, 0x19, 0xFE, 0xE5, 0x7D, 0x9B, 0xD4, 0x61, 0xCF, 0xCC, 0x5D, 0x23, 0x1B, 0xC8, 0x54, 0xF0,
    0x2E, 0xD5, 0x4E, 0xCD, 0x32, 0x59, 0x8A, 0x78, 0x34, 0x82, 0x84, 0x76, 0x3C, 0x27, 0xCD, 0xC8,
    0xFA, 0x64, 0x2A, 0xE8, 0x6F, 0x40, 0x19, 0x58, 0xBC, 0x43, 0x9C, 0xB1, 0xA8, 0x0D, 0x5B, 0xC8,
    0x78, 0xEC, 0x48, 0xB5, 0xBE, 0x3B, 0xC6, 0x62, 0x6E, 0x3E, 0xC5, 0xE1, 0x66, 0xE7, 0x20, 0x93,
    0x53, 0x1C, 0x6A, 0xF7, 0x21, 0x4E, 0xF3, 0xC6, 0x73, 0x68, 0xF3, 0xFF, 0xC0, 0x9D, 0x03, 0xF7,
    0xAE, 0x62, 0x86, 0x89, 0x8B, 0xC0, 0x22, 0x59, 0x56, 0x43, 0xC5, 0x1F, 0x8D, 0xB8, 0xEA, 0x29,
    0x65, 0x3A, 0x5C, 0xA7, 0x35, 0xE5, 0x02, 0xF9, 0x86, 0x42, 0x91, 0xC1, 0xAC, 0x68, 0x7C, 0x26,
    0xBD, 0x1D, 0xA1, 0xB7, 0x4F, 0x49, 0x5F, 0xEF, 0x48, 0xEF, 0x0A, 0x7D, 0x53, 0xA8, 0xED, 0xB0,
    0x4E, 0xD8, 0xC0, 0x35, 0xBB, 0xE4, 0x01, 0x30, 0xC4, 0x2D, 0x02, 0x00, 0x73, 0xF6, 0x38, 0xA0,
    0x88, 0x01, 0xB0, 0xF3, 0x8C, 0x55, 0x6A, 0x4F, 0x85, 0xA4, 0x25, 0x01, 0x3A, 0x15, 0xCE, 0x77,
    0x05, 0x6E, 0x27, 0x92, 0xB3, 0x1C, 0x49, 0x5C, 0x3B, 0x93, 0x6C, 0xC8, 0xD2, 0xDA, 0xA4, 0xBA,
    0xA8, 0x43, 0xA9, 0xF6, 0xA5, 0xE3, 0xD1, 0xB0, 0x1B, 0x83, 0x4A, 0xC5, 0x30, 0xF3, 0x67, 0xEF,
    0x23, 0xEA, 0x76, 0x25, 0x05, 0xF0, 0xF1, 0xE0, 0x48, 0xE8, 0x99, 0x64, 0xE9, 0x52, 0x01, 0x17,
    0x42, 0x73, 0x49, 0x8B, 0xA5, 0xAE, 0xDB, 0xAC, 0x33, 0x08, 0x77, 0x90, 0x12, 0x78, 0x83, 0xBD,
    0x24, 0xAE, 0x19, 0xAD, 0xF9, 0x9C, 0xA2, 0x20, 0xAB, 0x9D, 0x64, 0x52, 0xBE, 0xA0, 0x9E, 0x73,
    0x90, 0xA5, 0x8B, 0xAB, 0x54, 0x16, 0x55, 0x40, 0x24, 0x2E, 0x11, 0x3A, 0xE9, 0xF0, 0xE4, 0xB4,
    0x90, 0x44, 0x70, 0x22, 0x79, 0x52, 0xA6, 0x02, 0x1B, 0xE9, 0x7D, 0xE2, 0x1D, 0x8E, 0xA0, 0xD3,
    0x7A, 0x5B, 0x7E, 0xD8, 0x4D, 0x9A, 0x1D, 0x49, 0xD7, 0xF7, 0xE2, 0x96, 0x5D, 0x9B, 0xB8, 0x3D,
    0x8A, 0xEC, 0x91, 0x94, 0xA2, 0x5D, 0x64, 0x59, 0x78, 0x44, 0x4F, 0x91, 0x92, 0x4A, 0x21, 0xFB,
    0x39, 0xEA, 0x4D, 0x29, 0xE4, 0x9F, 0x01, 0xE8, 0x24, 0x8F, 0x87, 0xD5, 0x55, 0x72, 0x16, 0xD8,
    0x62, 0x21, 0x3F, 0x54, 0x63, 0xC1, 0xBA, 0x7C, 0x21, 0xAA, 0x26, 0x12, 0x58, 0x63, 0xF8, 0xD7,
    0x42, 0x04, 0x5B, 0xC8, 0x59, 0xB2, 0x9A, 0x6C, 0xA7, 0x8D, 0x34, 0xB6, 0xBC, 0x00, 0xFB, 0x9D,
    0x2B, 0xD1, 0x55, 0x6B, 0xE2, 0xD2, 0x5E, 0x68, 0x5E, 0x8C, 0x62, 0x5D, 0x56, 0x3C, 0xB8, 0xAD,
    0xA4, 0xA8, 0xE6, 0x7E, 0x5A, 0x7C, 0x75, 0x22, 0x19, 0xAF, 0xC8, 0x8D, 0xB1, 0x03, 0xAE, 0xB5,
    0x00, 0x20, 0xD1, 0xF0, 0x32, 0x67, 0x73, 0xD7, 0xC0, 0xE7, 0x33, 0x84, 0x11, 0xD7, 0x51, 0x9E,
    0x3E, 0xCF, 0xD9, 0x93, 0xF2, 0x6C, 0xA5, 0xE8, 0x51, 0xC5, 0x4B, 0xAE, 0x58, 0x68, 0x74, 0xDB,
    0xC2, 0x95, 0xB4, 0xB4, 0x66, 0xA7, 0xC2, 0x95, 0x70, 0x92, 0x35, 0xBE, 0x6A, 0x55, 0xCB, 0xA2,
    0xFE, 0x1A, 0xD5, 0x9B, 0x34, 0x14, 0x3C, 0x8A, 0x88, 0x2F, 0xA8, 0xB5, 0x9D, 0x15, 0x92, 0xB0,
    0x20, 0x86, 0x8E, 0x34, 0x3B, 0xB6, 0x88, 0x05, 0xD4, 0x66, 0x20, 0xFD, 0x1D, 0xDF, 0x0A, 0xB8,
    0xEA, 0x02, 0x48, 0xFD, 0x33, 0x5F, 0xF6, 0x09, 0xE2, 0xD5, 0x1F, 0x97, 0xDD, 0x81, 0xB7, 0x78,
    0x18, 0x04, 0x2F, 0x58, 0x45, 0xC2, 0x7E, 0x24, 0xC4, 0x91, 0x34, 0x74, 0x75, 0x21, 0xF5, 0xAD,
    0x7F, 0x84, 0x6D, 0xA9, 0xF4, 0x27, 0xE4, 0x97, 0xA3, 0x7C, 0xD1, 0x30, 0x4C, 0x74, 0x36, 0x87,
    0x6F, 0x1A, 0x5F, 0x1F, 0x2F, 0x68, 0xBC, 0xFE, 0x0A, 0xF9, 0x29, 0xEB, 0xD4, 0x23, 0x11, 0xE9,
    0x8E, 0xB4, 0x02, 0x53, 0x69, 0x33, 0xB2, 0xD3, 0x5A, 0xB3, 0xE5, 0xC3, 0xD6, 0x8F, 0x95, 0x62,
    0x56, 0x7A, 0x24, 0xF4, 0xB4, 0x6D, 0x99, 0x94, 0x2E, 0x27, 0xB1, 0x23, 0xEB, 0x27, 0x59, 0xD1,
    0x89, 0xEF, 0x92, 0xC2, 0xAD, 0x34, 0xF8, 0x4F, 0x9C, 0x09, 0x0E, 0xBE, 0x36, 0x43, 0xFB, 0x2F,
    0x1A, 0x93, 0xE7, 0x9A, 0x80, 0xC7, 0xC2, 0x31, 0x42, 0xDD, 0x40, 0xFE, 0x7D, 0xA5, 0x2D, 0x29,
    0x5B, 0xC4, 0x38, 0x90, 0xFE, 0x0D, 0xB5, 0x47, 0x5B, 0xD8, 0x63, 0xC6, 0xD7, 0x29, 0x49, 0x44,
    0xA4, 0x44, 0x99, 0x88, 0xB8, 0xC8, 0x5B, 0x52, 0xBE, 0x8E, 0xE9, 0x86, 0x88, 0x2A, 0x3D, 0x32,
    0xB0, 0x7C, 0x21, 0x71, 0x1D, 0x26, 0xC8, 0x47, 0x0F, 0xFA, 0xF2, 0x4F, 0x7D, 0xB9, 0x12, 0x11,
    0x71, 0xA0, 0x71, 0xE2, 0x18, 0x53, 0x5A, 0x13, 0x32, 0x17, 0x8C, 0x48, 0x90, 0x19, 0x4C, 0x09,
    0x6A, 0x53, 0x75, 0x9B, 0x3F, 0xBD, 0xD2, 0x81, 0x00, 0xD1, 0x72, 0x75, 0x8F, 0xE4, 0x07, 0xC8,
    0xD5, 0x1E, 0xD8, 0xCE, 0x24, 0xAE, 0x76, 0x0D, 0x12, 0x8D, 0xA9, 0x11, 0x30, 0x29, 0x56, 0xDD,
    0xA5, 0x97, 0x12, 0x94, 0xF5, 0x4C, 0x78, 0x8B, 0x05, 0x08, 0x1B, 0x8C, 0x9F, 0x36, 0xBA, 0x8C,
    0x7E, 0x81, 0xA2, 0x39, 0xFA, 0x25, 0x18, 0x8C, 0x7E, 0x4A, 0x30, 0xFB, 0x19, 0xC9, 0x7F, 0x90,
    0xFC, 0x37, 0x09, 0xDB, 0x5D, 0xE4, 0xC9, 0x48, 0xAF, 0x36, 0x62, 0x77, 0x2C, 0xEE, 0x58, 0x43,
    0x4A, 0x80, 0xFC, 0x33, 0x8A, 0x65, 0xEB, 0x92, 0x07, 0x2A, 0x81, 0xAE, 0x4D, 0x5A, 0xC7, 0x2D,
    0x60, 0xA5, 0xCD, 0xC7, 0x10, 0x3D, 0xDD, 0xB8, 0xF2, 0xF1, 0xCA, 0xCA, 0xB0, 0x4E, 0x31, 0x33,
    0x62, 0x06, 0x52, 0x10, 0x3B, 0xB2, 0x61, 0x49, 0xBE, 0x32, 0x9C, 0xE8, 0xCB, 0xC1, 0x17, 0x5D,
    0x51, 0x27, 0x89, 0x32, 0xA4, 0xA7, 0xCB, 0x6B, 0xD2, 0xDB, 0x5F, 0x97, 0x5E, 0xB7, 0x26, 0xBD,
    0xFD, 0x6B, 0xD2, 0xE3, 0x23, 0x94, 0x45, 0x1B, 0x52, 0x7A, 0xE3, 0x01, 0x4C, 0xD4, 0x69, 0x3E,
    0xB3, 0xAA, 0x75, 0x09, 0x10, 0x91, 0x03, 0x64, 0xE5, 0x14, 0x30, 0x5A, 0x54, 0x9D, 0xF4, 0x8F,
    0x8B, 0xEB, 0x07, 0x30, 0x38, 0x40, 0x2D, 0x0E, 0x2C, 0x07, 0x48, 0xE8, 0x8D, 0x05, 0x33, 0x7E,
    0x16, 0x61, 0x21, 0x7D, 0x39, 0x6A, 0xF1, 0x53, 0xDC, 0xDC, 0x32, 0xBE, 0xD5, 0xE7, 0xFB, 0x7D,
    0x35, 0x1B, 0x34, 0x08, 0x82, 0xA1, 0xCF, 0x30, 0x96, 0x9F, 0x7D, 0x05, 0x29, 0xAF, 0x11, 0x7D,
    0x45, 0xCC, 0x8A, 0xA8, 0x25, 0x61, 0xCC, 0x91, 0x96, 0xFB, 0xAB, 0xD2, 0xFE, 0xEF, 0x96, 0xF0,
    0xA4, 0x57, 0x20, 0xAC, 0x17, 0x87, 0x14, 0x60, 0xD4, 0x07, 0x3D, 0x8D, 0x4F, 0x4B, 0x43, 0x2F,
    0xEC, 0x29, 0x3B, 0x5E, 0x90, 0xDC, 0x29, 0x05, 0x47, 0xB9, 0x51, 0x6C, 0xB4, 0x39, 0x0A, 0x4D,
    0x3F, 0x78, 0x0A, 0xE4, 0x7E, 0x84, 0x8C, 0xC4, 0xB7, 0xA3, 0x6F, 0xC2, 0x3B, 0x73, 0x93, 0xD4,
    0x05, 0x96, 0x2E, 0xCC, 0x85, 0xD4, 0xB5, 0x31, 0x4E, 0x5F, 0x70, 0x4B, 0x21, 0x61, 0x77, 0xAD,
    0xFA, 0x0D, 0x36, 0xED, 0x91, 0xE9, 0x2F, 0x22, 0x01, 0xC8, 0x1E, 0x82, 0x94, 0x3D, 0xCD, 0x60,
    0x62, 0x16, 0xE4, 0x69, 0x03, 0xF2, 0x9F, 0x75, 0xA6, 0x60, 0x99, 0xE0, 0xE8, 0xDF, 0x0C, 0xC8,
    0x87, 0xD4, 0xED, 0xCF, 0x48, 0xFE, 0x87, 0x64, 0x80, 0x32, 0x23, 0x6A, 0x39, 0xA2, 0x6E, 0x69,
    0x99, 0x67, 0x51, 0xAB, 0xB2, 0x13, 0xD6, 0xF8, 0x92, 0xF4, 0x4A, 0xE5, 0x7D, 0xF5, 0xDA, 0x6A,
    0x19, 0x28, 0xEE, 0x6C, 0xD4, 0x81, 0xCB, 0x0A, 0x90, 0xF5, 0x84, 0x1D, 0xEB, 0xC0, 0xC8, 0x96,
    0x21, 0xCA, 0x88, 0x85, 0x48, 0x2C, 0xAF, 0x39, 0x74, 0x79, 0x6D, 0xAD, 0x8A, 0x8F, 0xFB, 0x82,
    0x11, 0x37, 0x37, 0xC6, 0x1A, 0x7A, 0xAE, 0xE0, 0xD2, 0x8F, 0x5D, 0x6A, 0x05, 0x3A, 0x81, 0x46,
    0xA0, 0x0F, 0xFD, 0x12, 0x39, 0xBD, 0xD0, 0x6F, 0x03, 0xCA, 0x89, 0x89, 0xB2, 0x0D, 0xE7, 0xBE,
    0x6F, 0x14, 0x49, 0x3B, 0x1E, 0x65, 0x8A, 0x8A, 0x7E, 0x2E, 0x8F, 0x1F, 0xA9, 0x91, 0x67, 0x1D,
    0x43, 0x20, 0x9F, 0x37, 0xB4, 0x17, 0x24, 0x39, 0xBB, 0xCC, 0x9A, 0x20, 0x9A, 0xD0, 0x08, 0xA3,
    0xCE, 0xB0, 0x0B, 0xDC, 0x22, 0xC7, 0x2A, 0x4A, 0x40, 0x05, 0xB6, 0xBE, 0xD5, 0x2D, 0x0B, 0x61,
    0xBB, 0x39, 0xA2, 0x97, 0x8D, 0x76, 0x39, 0x7E, 0x5E, 0x52, 0x0C, 0x73, 0x95, 0xB5, 0x48, 0x31,
    0x2B, 0x83, 0x00, 0x9D, 0xCD, 0x29, 0xB9, 0xB0, 0xBB, 0xB7, 0x1F, 0xBF, 0xD3, 0x62, 0xD9, 0x87,
    0x59, 0x2A, 0x95, 0x9B, 0xCD, 0x6E, 0xF3, 0x0E, 0xB5, 0xBE, 0x81, 0x7B, 0xF8, 0x69, 0xBD, 0xBF,
    0x87, 0x05, 0xC2, 0xCF, 0xEA, 0xFD, 0x7B, 0xBC, 0x7F, 0x61, 0x26, 0x0F, 0x91, 0x04, 0x86, 0x1F,
    0xAB, 0x89, 0x05, 0x73, 0xE1, 0x13, 0x35, 0x21, 0x93, 0xE1, 0x27, 0x6A, 0xBF, 0xA6, 0x0F, 0x0D,
    0xC8, 0x24, 0xE0, 0x39, 0xBC, 0x1B, 0x9F, 0xF6, 0x49, 0x9D, 0x00, 0xCD, 0x5F, 0xA8, 0xE4, 0x63,
    0x32, 0x35, 0x53, 0xD1, 0x25, 0xF8, 0x80, 0x74, 0xDE, 0x47, 0xDA, 0x8C, 0x9D, 0x27, 0xDA, 0x04,
    0xDD, 0x21, 0x72, 0x39, 0xFB, 0x90, 0xCF, 0x2B, 0x50, 0x6B, 0x86, 0x4F, 0x1B, 0x6D, 0xB0, 0x25,
    0x49, 0x09, 0x73, 0xFF, 0xA5, 0xC9, 0xB8, 0x53, 0xC6, 0x6D, 0x60, 0x4F, 0x73, 0x6F, 0x54, 0x23,
    0xFA, 0xF2, 0x81, 0xC2, 0x39, 0xD6, 0x45, 0x9E, 0x91, 0x5D, 0xCA, 0x93, 0xA4, 0xD8, 0x26, 0x2D,
    0xB0, 0x10, 0xC5, 0x6B, 0xD0, 0xB3, 0xE3, 0xC1, 0xAB, 0x18, 0xAF, 0xE9, 0x78, 0x67, 0x97, 0x23,
    0x37, 0x7C, 0x5E, 0x83, 0x44, 0x41, 0x90, 0xC1, 0x89, 0x82, 0xB3, 0x36, 0xE9, 0x21, 0x9D, 0x9C,
    0x8C, 0x9D, 0x01, 0xAB, 0x3A, 0xAC, 0x14, 0x7C, 0x0A, 0xA5, 0x04, 0x9F, 0xE1, 0x7C, 0x60, 0x27,
    0x6E, 0xC2, 0x2F, 0x98, 0xA0, 0x7E, 0x4C, 0xF2, 0x09, 0xC9, 0x9C, 0x4F, 0x17, 0x06, 0x26, 0x1F,
    0x04, 0x36, 0xB0, 0x53, 0x30, 0x58, 0x0C, 0xC4, 0x5C, 0xA8, 0xE0, 0x73, 0xD4, 0x04, 0xD2, 0xBE,
    0xDD, 0x24, 0x8C, 0xFF, 0x31, 0x9B, 0x68, 0xB1, 0x33, 0x2B, 0x6F, 0x9F, 0x1F, 0xBE, 0x0C, 0x2F,
    0x3B, 0x7F, 0xD4, 0x7D, 0xD6, 0x08, 0xF4, 0xFA, 0x15, 0x5E, 0x5A, 0xE2, 0x25, 0xD1, 0xFE, 0x1E,
    0xC9, 0x5F, 0x40, 0x10, 0xF0, 0x7D, 0xE0, 0xE5, 0x23, 0x68, 0x6F, 0xF1, 0xE2, 0xB0, 0x22, 0xC4,
    0x8C, 0x75, 0x87, 0xA2, 0x55, 0x24, 0x0D, 0xCE, 0x6C, 0x7F, 0xBB, 0xAB, 0x60, 0xAB, 0x4F, 0x2D,
    0xB4, 0x4F, 0xF1, 0x53, 0xDB, 0x2A, 0x7C, 0xE6, 0xBB, 0xED, 0x4C, 0x6B, 0xD8, 0x3A, 0x67, 0x56,
    0xCB, 0x15, 0x78, 0x88, 0xD5, 0xC5, 0xB3, 0x00, 0x56, 0x19, 0x1F, 0x08, 0xC4, 0x9A, 0xED, 0x23,
    0xF5, 0x1D, 0xF1, 0x45, 0x79, 0xE4, 0xCC, 0xB8, 0x43, 0xFC, 0xD4, 0x7C, 0xE6, 0x35, 0x97, 0x26,
    0xF6, 0x77, 0xE0, 0x64, 0x17, 0xEC, 0x61, 0xB3, 0x0A, 0x83, 0xA0, 0x88, 0x46, 0xE3, 0x43, 0x17,
    0x9A, 0xE1, 0x68, 0xD6, 0x95, 0x1B, 0x30, 0xBC, 0x11, 0xC7, 0x7E, 0x34, 0xE3, 0x48, 0xFC, 0x90,
    0x47, 0xC5, 0x49, 0x73, 0x23, 0xB6, 0x3B, 0x11, 0x04, 0x57, 0x9D, 0x20, 0x81, 0xD2, 0xE6, 0xF7,
    0x19, 0x03, 0xEF, 0x48, 0x8D, 0xD6, 0xD3, 0xDE, 0x7B, 0xE5, 0x08, 0x22, 0x4F, 0xA0, 0xD5, 0xF0,
    0x43, 0x58, 0x7D, 0x44, 0x12, 0xFF, 0x3D, 0x81, 0xFF, 0x3E, 0x7D, 0x13, 0xF0, 0x65, 0xB7, 0x49,
    0x76, 0x48, 0x88, 0x70, 0x97, 0x5D, 0xFE, 0x6A, 0xE0, 0x2C, 0x62, 0x5C, 0x55, 0xA6, 0x8F, 0xB7,
    0x58, 0x9A, 0xE4, 0x7C, 0xDE, 0x74, 0x47, 0x1E, 0x3A, 0xAD, 0xF7, 0x8A, 0x23, 0x36, 0x4F, 0x63,
    0xB6, 0x1E, 0xF9, 0x18, 0x87, 0xF0, 0x31, 0x63, 0xBA, 0x72, 0x2C, 0xFF, 0xCC, 0x20, 0xC9, 0xA9,
    0x14, 0x21, 0x7F, 0xC0, 0xF8, 0xF1, 0x01, 0x33, 0x53, 0x9E, 0x94, 0xED, 0x5A, 0x2C, 0x7A, 0x13,
    0xDA, 0xCD, 0x59, 0x26, 0x45, 0xF3, 0x3B, 0x72, 0x5B, 0xC8, 0xC3, 0x2A, 0x48, 0x46, 0x56, 0xDB,
    0xF7, 0xB7, 0x23, 0x7F, 0xEB, 0xFD, 0xDF, 0x3A, 0x69, 0x7C, 0x86, 0xF4, 0xA4, 0xBC, 0x86, 0xE8,
    0xA7, 0xB8, 0xF1, 0xA9, 0xAC, 0xAA, 0x9A, 0x94, 0xCF, 0xB8, 0x9F, 0xB5, 0x04, 0xB1, 0x07, 0x9F,
    0xF1, 0x3F, 0x10, 0xD2, 0x1F, 0xFF, 0xA8, 0x3F, 0x92, 0x7F, 0x79, 0x90, 0x86, 0x94, 0x33, 0xC8,
    0x7B, 0xB7, 0xF8, 0x4D, 0x54, 0xCE, 0x4E, 0xDD, 0x59, 0xF8, 0x7C, 0x6B, 0xC2, 0x32, 0x83, 0x8F,
    0xDF, 0x3E, 0x20, 0x8F, 0x4F, 0x58, 0x1A, 0x51, 0x49, 0x71, 0xBF, 0x0C, 0xF2, 0x6C, 0x90, 0x45,
    0x2D, 0x1F, 0xE9, 0x1A, 0x48, 0x34, 0x63, 0xBA, 0x8E, 0x1C, 0xA9, 0x35, 0x79, 0x13, 0xBB, 0x3A,
    0x65, 0xFB, 0x24, 0x6B, 0xD9, 0x9A, 0xE8, 0xB0, 0xE8, 0x6F, 0xB1, 0x8D, 0x09, 0x98, 0xCA, 0x48,
    0x52, 0x02, 0x96, 0x26, 0x99, 0x90, 0x1C, 0x51, 0x09, 0x67, 0x04, 0x75, 0x96, 0xFC, 0xCC, 0x16,
    0x07, 0x56, 0x3D, 0x33, 0x56, 0x63, 0x53, 0xE6, 0xEB, 0xF9, 0x7D, 0xF1, 0x82, 0xE5, 0x43, 0x4F,
    0xC9, 0xE8, 0x56, 0x8F, 0x1F, 0xDF, 0x90, 0x0A, 0x89, 0xCF, 0xBE, 0xF9, 0x68, 0xCC, 0x3F, 0xBF,
    0xC9, 0x1C, 0x8B, 0x2E, 0xD7, 0xEE, 0x43, 0x32, 0x7B, 0xD8, 0x73, 0x0F, 0xE2, 0xF8, 0x1D, 0xA6,
    0x1E, 0xE1, 0xF8, 0x08, 0x96, 0x51, 0x38, 0xF7, 0x45, 0x30, 0x18, 0x38, 0x89, 0xDA, 0x00, 0x1E,
    0x1D, 0x36, 0x19, 0x34, 0x86, 0xDC, 0x9A, 0x57, 0xC9, 0x62, 0xC0, 0x35, 0xAB, 0xE6, 0xA2, 0x1F,
    0x23, 0xB8, 0x4A, 0xC8, 0x59, 0xE1, 0x2E, 0x6B, 0x3B, 0x09, 0x37, 0x4E, 0x92, 0x04, 0xDA, 0xE5,
    0x75, 0xB8, 0xF5, 0x06, 0x9A, 0x2C, 0xFF, 0xE5, 0x81, 0xC5, 0x6E, 0x2B, 0xB5, 0x7E, 0x65, 0xB6,
    0xB7, 0x77, 0xFC, 0x6B, 0xB2, 0xB7, 0xFE, 0x3A, 0x3A, 0x94, 0x57, 0x8E, 0xD2, 0xDE, 0xF7, 0xA6,
    0x67, 0x6B, 0x0F, 0xB7, 0xD7, 0xDA, 0xA2, 0x3E, 0x0A, 0xAA, 0xD5, 0x1C, 0xDD, 0x12, 0xF1, 0x66,
    0xCF, 0x05, 0x84, 0x35, 0x86, 0x39, 0xE4, 0x5B, 0xF8, 0x04, 0x15, 0x59, 0x55, 0xAA, 0xE4, 0xBF,
    0xCC, 0xB7, 0xF9, 0x3C, 0xEC, 0xF0, 0xE6, 0x7B, 0x52, 0x01, 0xFE, 0x1A, 0xCD, 0x5A, 0x3D, 0x8C,
    0xE4, 0xC6, 0x95, 0x7E, 0x24, 0x85, 0xA1, 0x6C, 0x42, 0x5B, 0x7B, 0x80, 0x1D, 0x9C, 0x57, 0x1A,
    0x3A, 0x50, 0xE0, 0xBB, 0xD3, 0x0C, 0x1D, 0x6C, 0xB0, 0x30, 0xBA, 0xA7, 0x28, 0x39, 0x70, 0xE0,
    0x44, 0x89, 0xA3, 0x0B, 0x94, 0x1A, 0x86, 0x81, 0x71, 0xB0, 0x07, 0x2C, 0x0E, 0x33, 0xDD, 0xB4,
    0x2E, 0xB0, 0x01, 0xC3, 0xD6, 0x44, 0x4E, 0xA5, 0xE0, 0xA2, 0x13, 0x70, 0x52, 0x30, 0x38, 0xCC,
    0x41, 0x3D, 0xDB, 0xB5, 0x76, 0xE0, 0xC0, 0x07, 0x98, 0x17, 0x39, 0x30, 0x60, 0xD1, 0xF6, 0x0A,
    0x02, 0x6C, 0xD8, 0xCB, 0x83, 0x19, 0x70, 0xE4, 0xEE, 0x2E, 0x7F, 0xDF, 0x2B, 0x76, 0xF7, 0xCE,
    0x9E, 0x7F, 0x02, 0x8F, 0xA4, 0xE1, 0xB0, 0x1E, 0x7B, 0xBA, 0xC9, 0xAA, 0xF7, 0x5E, 0xBD, 0xFA,
    0xDE, 0x4F, 0x31, 0x6D, 0x4C, 0x67, 0xDA, 0xB4, 0x11, 0x1C, 0x89, 0xDB, 0xFE, 0xA5, 0xF8, 0xCB,
    0xF0, 0x67, 0xF4, 0x2F, 0xAF, 0x8A, 0xCA, 0x56, 0x05, 0xEE, 0xF9, 0x2C, 0xDA, 0x37, 0x44, 0xA2,
    0xB7, 0x45, 0xA6, 0x5E, 0xA2, 0xD5, 0x23, 0x97, 0x36, 0x3F, 0xAC, 0xCD, 0x83, 0x1F, 0x37, 0xC5,
    0x8B, 0x3F, 0x69, 0x6C, 0xFC, 0x1D, 0x67, 0x93, 0x52, 0x0E, 0xD0, 0x26, 0x89, 0xC8, 0x24, 0x45,
    0xFB, 0xA4, 0x88, 0xBD, 0x81, 0xF6, 0x8C, 0x94, 0xF9, 0xFF, 0x24, 0xCE, 0x2C, 0x0E, 0xAB, 0xC4,
    0x2F, 0xF1, 0x3C, 0x06, 0xBD, 0x8D, 0xEE, 0x3E, 0xCF, 0xB1, 0xBF, 0x52, 0x8A, 0x64, 0xBE, 0xC3,
    0xB7, 0xDF, 0xC7, 0x4F, 0x0B, 0xB1, 0x92, 0xB4, 0x20, 0x60, 0x6C, 0x2E, 0x59, 0x2D, 0xFF, 0x20,
    0xA6, 0xC6, 0x5D, 0xC6, 0x91, 0xD4, 0x6B, 0xE2, 0xBD, 0x77, 0x81, 0xE0, 0x66, 0x91, 0x98, 0x44,
    0x3A, 0x92, 0x99, 0x7C, 0x4A, 0x64, 0x24, 0xB6, 0x94, 0x7D, 0x3E, 0x6E, 0x24, 0x41, 0x47, 0x65,
    0xD2, 0x66, 0xBE, 0x4F, 0x9A, 0xA2, 0x3A, 0xF4, 0xEE, 0x69, 0x89, 0xBC, 0x6C, 0x8E, 0x67, 0x45,
    0x5E, 0xC8, 0xFF, 0xF9, 0x62, 0x91, 0x79, 0xDF, 0x26, 0x5D, 0x56, 0x27, 0x75, 0xD2, 0xA4, 0x2E,
    0x6E, 0xB3, 0x6D, 0x6B, 0x52, 0x7E, 0xDB, 0xE5, 0xCE, 0x78, 0xDF, 0x14, 0xB7, 0xDE, 0xEB, 0xEE,
    0x88, 0xDC, 0xE1, 0xB3, 0xD6, 0xD7, 0x89, 0x5F, 0x14, 0xBE, 0x8A, 0x7D, 0x17, 0x2D, 0x04, 0x23,
    0xCA, 0x92, 0x83, 0xCB, 0x54, 0xE4, 0x0C, 0x3F, 0x97, 0x11, 0xF8, 0xCA, 0x5D, 0x02, 0x8E, 0xB3,
    0x3A, 0xAD, 0xA0, 0xE7, 0xD6, 0x90, 0xDB, 0x0E, 0x37, 0xE2, 0x41, 0xEB, 0x41, 0x57, 0x73, 0x32,
    0x63, 0x55, 0x80, 0xC2, 0xF1, 0x7B, 0x1C, 0x92, 0x2A, 0x85, 0xB0, 0x95, 0x6C, 0x68, 0xFE, 0x24,
    0x8D, 0xFD, 0x05, 0xE7, 0xCE, 0xAF, 0x44, 0x76, 0x77, 0xF7, 0xC2, 0x31, 0x1E, 0x8D, 0x54, 0xAC,
    0x91, 0x1E, 0x47, 0xF7, 0xF4, 0x90, 0xE8, 0x65, 0x32, 0x5B, 0x46, 0xCB, 0x43, 0x48, 0x97, 0xB5,
    0x98, 0x60, 0xC8, 0x65, 0xD0, 0xA2, 0x92, 0x06, 0x90, 0x40, 0x73, 0x11, 0x7A, 0x91, 0x79, 0x2D,
    0x77, 0xF2, 0x5E, 0x8E, 0x62, 0x5F, 0x1E, 0x8B, 0xAD, 0xAD, 0x64, 0x5D, 0x51, 0x47, 0x7D, 0xB6,
    0x90, 0x59, 0xE4, 0xAB, 0x91, 0x14, 0xDD, 0xF3, 0x92, 0x2E, 0x79, 0x23, 0xB9, 0xAD, 0x38, 0x2D,
    0x59, 0x95, 0xB9, 0xA2, 0x46, 0x73, 0xA6, 0xCA, 0xEB, 0x02, 0x53, 0xB9, 0x94, 0x68, 0xDE, 0x48,
    0x5E, 0x9E, 0xD9, 0x1F, 0x2C, 0xED, 0xAB, 0xCB, 0x42, 0x7A, 0x91, 0x43, 0x72, 0x4A, 0x15, 0x83,
    0x8F, 0x93, 0x9D, 0x15, 0xE7, 0x19, 0xCF, 0x83, 0x97, 0x2E, 0xC5, 0xB3, 0x53, 0x1F, 0xB5, 0x06,
    0xC3, 0xB8, 0x6E, 0x37, 0x69, 0x12, 0x77, 0x34, 0xA6, 0x0D, 0x8E, 0x46, 0x59, 0x45, 0x39, 0xCC,
    0xFF, 0xA3, 0x19, 0xD4, 0x34, 0xDA, 0x83, 0x56, 0xCB, 0x7B, 0x79, 0xDC, 0xA5, 0x55, 0x67, 0x4A,
    0xBF, 0x8A, 0xDA, 0xB4, 0xCE, 0xBB, 0xA4, 0x8E, 0x3B, 0xD5, 0xCE, 0x1C, 0xC2, 0xE2, 0x83, 0x8E,
    0x18, 0xCD, 0x29, 0xDB, 0xDF, 0x3F, 0x85, 0x79, 0x5F, 0x4A, 0x5A, 0x1F, 0x8B, 0x29, 0xC7, 0x92,
    0xCB, 0x31, 0xE6, 0xEB, 0x5C, 0xC6, 0x98, 0xB2, 0xB1, 0xFC, 0x56, 0xC6, 0x31, 0x5A, 0xF2, 0x75,
    0xD9, 0x4F, 0x47, 0x62, 0xFE, 0xF3, 0xA0, 0x4E, 0x7A, 0xD5, 0xF1, 0x4D, 0x58, 0xD0, 0xDB, 0xF8,
    0xB1, 0x11, 0xB0, 0x97, 0xB4, 0x16, 0xD3, 0xB9, 0x14, 0x0B, 0x85, 0x4D, 0x69, 0xA5, 0xAF, 0x2E,
    0x24, 0x6B, 0xA6, 0x30, 0x3F, 0xDC, 0x3B, 0x4B, 0x9D, 0xEC, 0x61, 0xC2, 0x6F, 0x70, 0x95, 0x70,
    0x8D, 0xF8, 0x7E, 0x8E, 0x86, 0x8F, 0xA7, 0x83, 0x6D, 0x6E, 0xDB, 0xE1, 0x09, 0xE7, 0x1F, 0x5D,
    0x4F, 0xA5, 0x78, 0x2D, 0xAF, 0xEC, 0x6B, 0xAF, 0x38, 0xFB, 0x3D, 0xEB, 0xEC, 0xB7, 0xBD, 0xB3,
    0xDF, 0xB5, 0xAE, 0x78, 0xCD, 0x96, 0x37, 0xB2, 0x2F, 0xC3, 0x0A, 0x16, 0x3A, 0x27, 0x73, 0xDF,
    0xE0, 0x8C, 0x7B, 0xC8, 0x23, 0x63, 0x53, 0x8D, 0x92, 0xEA, 0x4E, 0x52, 0x8D, 0xB3, 0xB2, 0xF0,
    0x92, 0xF5, 0x5C, 0xBD, 0x22, 0xE9, 0xE5, 0xC6, 0xD1, 0xD1, 0xC0, 0x1E, 0x84, 0xB8, 0xD4, 0xB0,
    0xDA, 0x76, 0xB6, 0xD6, 0x0F, 0x0E, 0x3B, 0x58, 0x5A, 0xB7, 0xE3, 0xAB, 0xE2, 0xAD, 0x76, 0x14,
    0xF5, 0x47, 0xB2, 0x38, 0xC0, 0x1A, 0xC2, 0x9C, 0x41, 0x14, 0xA8, 0xD8, 0x94, 0xB2, 0x07, 0x09,
    0x9E, 0x4A, 0xEA, 0x67, 0x4D, 0x79, 0x64, 0x69, 0xB4, 0x8B, 0xD8, 0x57, 0xE6, 0xCD, 0x76, 0x5F,
    0xFA, 0x42, 0xCE, 0x3E, 0x01, 0x69, 0xA2, 0x46, 0x0E, 0x4B, 0xC1, 0x9C, 0x73, 0x56, 0x8F, 0x44,
    0x8E, 0xD1, 0xC3, 0x71, 0xD4, 0xDB, 0xB7, 0x9A, 0x0C, 0x8A, 0x3F, 0x8D, 0xFA, 0xA4, 0x33, 0xEE,
    0x40, 0xEE, 0x62, 0xBC, 0xCF, 0x94, 0xF1, 0x1B, 0x58, 0x17, 0x30, 0x3A, 0xD8, 0x96, 0x92, 0x7A,
    0x4D, 0xB0, 0xC2, 0x27, 0x1B, 0x72, 0x3C, 0x10, 0xA8, 0x35, 0x10, 0x2A, 0x98, 0x16, 0x37, 0x93,
    0x69, 0x25, 0xAB, 0x48, 0x57, 0xFF, 0x8F, 0x7C, 0xB9, 0x5C, 0xC5, 0x4B, 0x8E, 0x2A, 0x8F, 0x91,
    0xE5, 0x86, 0x70, 0xDA, 0xE5, 0x62, 0x2B, 0xED, 0xA1, 0xF1, 0x89, 0x37, 0x4B, 0xE3, 0x8D, 0xB3,
    0x68, 0x53, 0xB4, 0x39, 0x9A, 0x0F, 0xAD, 0xF2, 0xAB, 0xD0, 0xE6, 0x68, 0x76, 0x05, 0xE4, 0x43,
    0xCB, 0x96, 0x79, 0x19, 0x9D, 0xE7, 0xD0, 0xDA, 0xBA, 0x15, 0xEB, 0x26, 0x97, 0x1B, 0xD6, 0x34,
    0x0C, 0x49, 0x97, 0xFF, 0xCD, 0x7B, 0x61, 0x45, 0x4F, 0x6B, 0xBD, 0xB5, 0x28, 0xE7, 0xCE, 0xBB,
    0xB9, 0xB3, 0x65, 0x06, 0xEB, 0x30, 0x30, 0x7A, 0xA8, 0xB7, 0x7F, 0xA7, 0x85, 0x24, 0x2F, 0xF3,
    0xBE, 0x7F, 0x6C, 0xA9, 0xEC, 0xC7, 0xCF, 0x38, 0x9C, 0xCD, 0xF6, 0xBC, 0x75, 0x21, 0x04, 0x8A,
    0xAF, 0xC0, 0x26, 0x5C, 0xFE, 0x52, 0x3B, 0x16, 0xCC, 0xD4, 0x6C, 0x26, 0x33, 0x2C, 0xD6, 0x5E,
    0x66, 0x0B, 0x39, 0x9B, 0x49, 0x37, 0x86, 0x1D, 0xBE, 0xE5, 0x76, 0x54, 0x6A, 0x0C, 0xD4, 0x62,
    0xF2, 0xCE, 0x30, 0x87, 0x07, 0x00, 0x1C, 0xA8, 0x6F, 0x49, 0x7D, 0xBF, 0xD4, 0x4B, 0xF1, 0x62,
    0x2F, 0xF3, 0x14, 0x78, 0x65, 0x5C, 0xD2, 0x40, 0xED, 0xD5, 0x0C, 0x66, 0xDB, 0xC8, 0xED, 0xD8,
    0x05, 0x25, 0xDD, 0x0C, 0x97, 0x82, 0x96, 0x0B, 0x10, 0xFB, 0x0C, 0x2D, 0xB6, 0x0D, 0x96, 0x4B,
    0x20, 0xE3, 0x95, 0x46, 0xC6, 0xAB, 0x19, 0x50, 0x77, 0x7F, 0xB8, 0x2A, 0xF4, 0xB4, 0x03, 0x10,
    0x53, 0x10, 0x2E, 0x46, 0x98, 0x91, 0x4B, 0x3B, 0x4A, 0x95, 0x55, 0x46, 0xAF, 0x46, 0x46, 0x7A,
    0x1D, 0xCB, 0x69, 0x47, 0xC1, 0x8E, 0xA2, 0xA6, 0x03, 0x3C, 0x55, 0x5D, 0xE2, 0x14, 0xCC, 0x9B,
    0x8C, 0xB8, 0x89, 0xC7, 0x76, 0xF5, 0x9A, 0x95, 0x23, 0xBD, 0xE6, 0xF2, 0xC1, 0x7F, 0x7C, 0x50,
    0x52, 0xC9, 0xB0, 0xD8, 0x4A, 0x99, 0x53, 0xDC, 0x6F, 0xC3, 0x15, 0x4A, 0xD2, 0xEB, 0xCB, 0x81,
    0x7F, 0x4B, 0x4C, 0x6B, 0x03, 0xFF, 0xC9, 0xC0, 0x2F, 0x17, 0x00, 0x6F, 0x37, 0x03, 0x9F, 0xE3,
    0xE1, 0x7A, 0x34, 0x5C, 0xD9, 0x5B, 0xA4, 0x7A, 0xD7, 0x6B, 0xE2, 0x60, 0xD3, 0xE4, 0xFB, 0x4B,
    0xBF, 0x5E, 0xF2, 0x9A, 0x9B, 0xD2, 0x2A, 0xDF, 0xA6, 0xCC, 0x39, 0xD4, 0x19, 0xDC, 0x23, 0xF9,
    0x6F, 0x69, 0x00, 0x53, 0xFF, 0x52, 0x13, 0x7A, 0xA4, 0x76, 0xCE, 0x88, 0xDA, 0xA5, 0x32, 0x40,
    0xED, 0xA8, 0xC2, 0xA0, 0x9D, 0x5D, 0x09, 0x4A, 0xBD, 0x97, 0x54, 0x3A, 0x50, 0x8D, 0xE5, 0x08,
    0xA5, 0x02, 0x18, 0x4B, 0xDE, 0x03, 0xFF, 0x02, 0x50, 0xAF, 0xF4, 0xD6, 0xFC, 0xCD, 0x56, 0x6F,
    0x3D, 0x20, 0x7C, 0x12, 0x36, 0xF1, 0x4F, 0x0C, 0xFD, 0x73, 0xC1, 0x69, 0x77, 0xE0, 0x12, 0x23,
    0x08, 0x97, 0x9E, 0xEA, 0xDF, 0x37, 0x41, 0xFF, 0x58, 0x04, 0xA7, 0xD4, 0x3B, 0xD4, 0xDA, 0xA6,
    0x7A, 0x4D, 0x6A, 0xE8, 0xFD, 0x58, 0x66, 0x59, 0x35, 0x6E, 0xE5, 0x3C, 0xEA, 0x8C, 0x9C, 0xB6,
    0x32, 0x7D, 0xAB, 0xDE, 0x8F, 0x7E, 0xD1, 0xCA, 0xAD, 0x15, 0x6E, 0x78, 0x10, 0xFC, 0xA7, 0x89,
    0x82, 0x06, 0xF6, 0x06, 0xFD, 0xDF, 0x0B, 0xFA, 0xAF, 0x3E, 0x78, 0x93, 0x7A, 0xCF, 0xA9, 0x77,
    0xD5, 0x7F, 0xD0, 0xFB, 0xD1, 0x65, 0xFD, 0x67, 0x34, 0xF6, 0x36, 0x34, 0xE3, 0xB6, 0x8B, 0x2E,
    0x2E, 0x83, 0xFC, 0xC9, 0xD0, 0x28, 0x44, 0x01, 0xBD, 0x82, 0x5F, 0xBA, 0x92, 0x1C, 0x5A, 0xB3,
    0x15, 0xE5, 0x13, 0x5D, 0xFA, 0x13, 0xC9, 0x61, 0xB1, 0x19, 0x7C, 0x4F, 0xEA, 0xF2, 0x3A, 0x2F,
    0x53, 0x06, 0x0C, 0x5F, 0x3B, 0xD9, 0x74, 0xA7, 0x73, 0x25, 0xC1, 0x81, 0x5B, 0x1D, 0x46, 0x85,
    0x14, 0xF9, 0xBA, 0x3C, 0x71, 0x84, 0xEF, 0x4D, 0xAF, 0x54, 0x91, 0x61, 0x57, 0xE9, 0x58, 0xB1,
    0x61, 0x74, 0x5F, 0xE7, 0x62, 0xAA, 0x53, 0x6F, 0x55, 0x6C, 0xAE, 0xEA, 0xB8, 0xC9, 0x95, 0x4F,
    0xA3, 0x38, 0xCA, 0x58, 0x23, 0x2B, 0xB1, 0x70, 0x60, 0x32, 0x69, 0xBB, 0xF6, 0x27, 0xD6, 0x7B,
    0x35, 0x76, 0x00, 0x32, 0x26, 0x85, 0x8E, 0xBF, 0x53, 0xC0, 0x69, 0x89, 0x38, 0x34, 0x1E, 0xA0,
    0xFA, 0x07, 0xB2, 0xE3, 0x1F, 0x62, 0xC5, 0x1A, 0xF5, 0x00, 0x44, 0xDD, 0xE0, 0xDE, 0x01, 0xB9,
    0x34, 0xC2, 0xA4, 0xDF, 0xFA, 0xF5, 0xA7, 0xAE, 0x25, 0xCF, 0x3A, 0xF5, 0x92, 0x2A, 0x27, 0xB9,
    0x42, 0xCA, 0xE4, 0x90, 0x52, 0xC0, 0x61, 0xE3, 0xC7, 0x4A, 0xDE, 0xB8, 0x86, 0x3C, 0xEF, 0x07,
    0xDB, 0x78, 0x88, 0x10, 0x35, 0xFE, 0x91, 0xAF, 0xD5, 0x0D, 0x97, 0xD7, 0xD6, 0x2A, 0x7A, 0x6A,
    0x32, 0x5E, 0x98, 0x56, 0x29, 0x31, 0xA7, 0xCF, 0xDC, 0xB5, 0xE5, 0x76, 0x27, 0x70, 0xA2, 0xE3,
    0xEE, 0xE5, 0x3A, 0xBA, 0xC2, 0xE8, 0x58, 0x3F, 0x17, 0xFA, 0x7D, 0xD6, 0x5D, 0x47, 0xCE, 0x19,
    0x4B, 0x6B, 0xE2, 0x80, 0x6B, 0x13, 0xB8, 0xD1, 0xAC, 0xE7, 0xB9, 0x45, 0x40, 0xFA, 0xD1, 0x79,
    0x30, 0xF6, 0xD1, 0x44, 0xD4, 0xAA, 0x4F, 0x6D, 0x90, 0xA0, 0x0D, 0xD7, 0xC0, 0x19, 0x71, 0x2B,
    0x77, 0x21, 0x57, 0x32, 0xCC, 0x3B, 0xC8, 0x9F, 0x5E, 0x03, 0x87, 0x6B, 0x1E, 0xD7, 0x5C, 0xAE,
    0xF9, 0x5C, 0x73, 0x3A, 0xF0, 0x1A, 0x57, 0xE4, 0x76, 0x41, 0x20, 0xC4, 0x4D, 0xE7, 0xC2, 0xEC,
    0x82, 0xB8, 0x97, 0x3B, 0xF0, 0xFC, 0x49, 0xFA, 0x35, 0xE5, 0x5A, 0x71, 0xF6, 0xD3, 0x2F, 0x93,
    0x77, 0x2C, 0xBD, 0xE2, 0xBD, 0xC3, 0x5A, 0xEE, 0x23, 0x79, 0x00, 0xAC, 0x27, 0xC8, 0x62, 0x40,
    0xA0, 0x20, 0x06, 0x55, 0xEB, 0x4C, 0x40, 0x39, 0x54, 0x76, 0xFF, 0x24, 0x29, 0x87, 0x68, 0x5D,
    0xF2, 0x4D, 0x16, 0x95, 0xD1, 0xDD, 0x01, 0x85, 0xD0, 0x9B, 0x2F, 0xF1, 0x9B, 0x25, 0xCC, 0xEE,
    0xA8, 0x7E, 0x98, 0x99, 0xC9, 0xBF, 0xEA, 0xE2, 0xE1, 0xED, 0xEA, 0xF4, 0x49, 0xE2, 0x47, 0x44,
    0xEF, 0xD5, 0x7A, 0x82, 0xD5, 0x99, 0xAA, 0xD9, 0xA6, 0x3A, 0xB1, 0x3A, 0x97, 0x69, 0xF5, 0x98,
    0xF1, 0xE6, 0x4C, 0xD0, 0x6E, 0x69, 0x96, 0x36, 0xA3, 0x4B, 0x98, 0xD1, 0x0F, 0xCC, 0x28, 0xBB,
    0x2A, 0xE2, 0x89, 0xB0, 0x4D, 0x09, 0x43, 0xD6, 0x40, 0xB6, 0xDF, 0xF5, 0x4F, 0x92, 0xD8, 0x45,
    0x60, 0x9C, 0x24, 0x75, 0x51, 0x47, 0xDD, 0x51, 0x71, 0x36, 0x44, 0x05, 0x88, 0xD6, 0x07, 0x78,
    0x35, 0x54, 0x3F, 0x5D, 0x4B, 0x88, 0x47, 0xCA, 0x8F, 0x93, 0x2B, 0x45, 0xA6, 0x39, 0x2D, 0x9C,
    0xA6, 0x98, 0xBE, 0x4F, 0x6B, 0x66, 0x98, 0xFD, 0x3C, 0xFC, 0xF9, 0xC7, 0xC6, 0x55, 0x5E, 0x82,
    0x03, 0xFB, 0x60, 0x45, 0x42, 0x4F, 0x5C, 0x9E, 0x7D, 0xEC, 0x93, 0x87, 0x88, 0x06, 0x01, 0x01,
    0x93, 0x9A, 0xFB, 0x6B, 0xAF, 0x49, 0x56, 0x5A, 0x03, 0xCB, 0x3C, 0x67, 0x72, 0xBF, 0x3D, 0x17,
    0x7F, 0xE6, 0xEC, 0x87, 0x33, 0x5A, 0x9F, 0x85, 0x3F, 0xB1, 0x34, 0xEC, 0x96, 0x98, 0x94, 0x23,
    0xF2, 0x29, 0x31, 0x6E, 0x30, 0x87, 0xAB, 0xE9, 0x79, 0x8F, 0xF1, 0x48, 0xE2, 0x5D, 0xF6, 0x53,
    0x24, 0x45, 0x67, 0xCF, 0xB3, 0xA4, 0x70, 0x35, 0x3D, 0xE7, 0xD2, 0x23, 0xC5, 0xC4, 0x59, 0x04,
    0xED, 0x5D, 0x51, 0xB7, 0xC0, 0x97, 0x8B, 0x00, 0x87, 0xB0, 0xC5, 0x63, 0xB9, 0xD5, 0x93, 0x32,
    0xFF, 0x3F, 0x56, 0xAC, 0x38, 0x57, 0x9C, 0x38, 0x57, 0xA0, 0x00, 0x05, 0xBA, 0x61, 0x08, 0x60,
    0x9B, 0x52, 0x24, 0x95, 0x75, 0xDA, 0xCE, 0x95, 0x72, 0x88, 0x40, 0x71, 0xCF, 0x42, 0xEF, 0x5F,
    0x68, 0xEC, 0xA7, 0xC9, 0x3D, 0xE9, 0x94, 0x6C, 0x44, 0x5A, 0xD6, 0xA1, 0x6F, 0xE8, 0xA3, 0xB9,
    0x03, 0x0F, 0x84, 0x1A, 0xEB, 0x57, 0x3A, 0x03, 0xC7, 0x0A, 0xB1, 0xBE, 0x61, 0x15, 0xE2, 0x5B,
    0xDE, 0x6D, 0x80, 0x64, 0x7B, 0x18, 0x5F, 0x21, 0x6F, 0x37, 0xDE, 0x45, 0xB0, 0xAC, 0xB9, 0x06,
    0xBD, 0xEF, 0x30, 0xB5, 0x91, 0xFF, 0xEA, 0x49, 0xBB, 0x85, 0xD2, 0xFB, 0x0C, 0xEA, 0x3B, 0xAB,
    0xB4, 0xA8, 0x40, 0x5B, 0xE3, 0x94, 0xD6, 0xA4, 0x29, 0xEB, 0x2E, 0x2D, 0x10, 0x13, 0x14, 0x89,
    0x0F, 0x6D, 0x61, 0x99, 0x93, 0x4E, 0x95, 0xDA, 0x57, 0x34, 0xBC, 0x7F, 0x57, 0x93, 0x93, 0xDF,
    0x91, 0xA6, 0x2B, 0x4D, 0x00, 0x56, 0x52, 0xAC, 0x2A, 0x68, 0xC6, 0x82, 0xB3, 0xD5, 0x65, 0xB6,
    0x42, 0x7C, 0x14, 0x2F, 0x43, 0xC8, 0xA1, 0xB2, 0x04, 0x3F, 0xA0, 0x00, 0x34, 0x1C, 0x84, 0x70,
    0x2C, 0x79, 0xFE, 0x5C, 0xBC, 0xC7, 0x04, 0xF9, 0x3E, 0x23, 0xAA, 0x58, 0x1D, 0x56, 0xAA, 0xAE,
    0x8A, 0x18, 0x6E, 0x4B, 0xD2, 0xC2, 0x69, 0x86, 0xE9, 0x88, 0xE5, 0xC8, 0x4F, 0xE5, 0x2F, 0x52,
    0xDE, 0x59, 0x11, 0xD2, 0x8B, 0x92, 0x98, 0x6E, 0x15, 0xD4, 0x27, 0xEA, 0x81, 0xE0, 0x5C, 0x16,
    0x3A, 0x84, 0x2F, 0x73, 0x86, 0xDA, 0x5A, 0x47, 0x8A, 0xFD, 0x43, 0x65, 0x48, 0x13, 0x90, 0xA0,
    0xE1, 0x80, 0xE4, 0x99, 0x7E, 0xBF, 0x2F, 0xD7, 0x97, 0x67, 0x4D, 0xDE, 0xC4, 0x04, 0x9F, 0x1A,
    0x12, 0x7C, 0x06, 0x0F, 0x49, 0xC3, 0xE8, 0x39, 0x66, 0x28, 0x7A, 0xFD, 0x78, 0xFE, 0x6F, 0x65,
    0xDC, 0xFF, 0x2F, 0xC3, 0x84, 0x2C, 0x18, 0xC7, 0xFD, 0x6B, 0xAB, 0xE1, 0xB8, 0xE5, 0x10, 0x69,
    0xC7, 0x6C, 0x2A, 0xD0, 0xA4, 0xC9, 0xCB, 0xEB, 0x6B, 0xC3, 0xF2, 0x39, 0x49, 0x91, 0x16, 0xE7,
    0x65, 0x5E, 0x1D, 0x4B, 0xFA, 0xCB, 0x0E, 0xF0, 0x51, 0x87, 0x40, 0x1F, 0x0E, 0x36, 0xFE, 0x03,
    0xD2, 0xE9, 0x07, 0x1D, 0x12, 0xF2, 0x73, 0xA4, 0x8A, 0x85, 0xDC, 0x5C, 0x3B, 0x58, 0xC8, 0x11,
    0x9D, 0x50, 0x8E, 0x2F, 0x39, 0xCA, 0xF1, 0xA8, 0xA4, 0x1C, 0xCB, 0x41, 0x0E, 0x44, 0x41, 0xB1,
    0xA7, 0x1C, 0xA9, 0xA7, 0x1C, 0xE6, 0xD0, 0x21, 0xAC, 0x3A, 0x50, 0x39, 0x66, 0xE4, 0x37, 0x6A,
    0x49, 0x11, 0xF1, 0x81, 0x9A, 0x92, 0xF4, 0x40, 0xE5, 0xA0, 0x67, 0xB4, 0x2F, 0xB6, 0x94, 0xE3,
    0xDF, 0x6A, 0xCA, 0xF1, 0x93, 0x92, 0x72, 0xAC, 0x28, 0x47, 0xB6, 0xD8, 0xCA, 0x91, 0xA8, 0x1C,
    0x66, 0x4E, 0x39, 0x0E, 0x36, 0x72, 0xA8, 0x15, 0xCB, 0x26, 0x1B, 0x1C, 0xAA, 0xD2, 0x21, 0x4B,
    0x8C, 0x9A, 0xCB, 0x70, 0x33, 0x07, 0x63, 0xAC, 0x02, 0x02, 0x0E, 0x6B, 0x6A, 0xFD, 0x48, 0x98,
    0x3D, 0xCC, 0x06, 0xCA, 0xDC, 0x7B, 0x71, 0x99, 0x3A, 0x86, 0x9B, 0x90, 0x25, 0x56, 0x8A, 0x11,
    0x36, 0x34, 0x3D, 0x23, 0xCD, 0x94, 0xDE, 0x38, 0x25, 0x7D, 0xB6, 0x23, 0x7D, 0x41, 0xE9, 0x6D,
    0xA5, 0x6D, 0x87, 0x7E, 0xE2, 0x1A, 0x10, 0xD8, 0x65, 0xDF, 0x6C, 0xC1, 0xDA, 0x2A, 0x82, 0x7F,
    0x2E, 0x1E, 0x46, 0x7E, 0xA8, 0x64, 0xAC, 0x4B, 0x6C, 0x89, 0xAE, 0xC8, 0xBC, 0xDE, 0x60, 0xF9,
    0xBA, 0x7E, 0x74, 0xCD, 0x78, 0x1E, 0x32, 0x70, 0xE5, 0x73, 0xAE, 0x55, 0xA6, 0x0B, 0x72, 0x9E,
    0x39, 0x96, 0xEE, 0x3E, 0x21, 0xC9, 0x35, 0xE4, 0x39, 0xAD, 0xF7, 0x15, 0xF8, 0x68, 0xD9, 0xA6,
    0x9D, 0x6B, 0x19, 0xE5, 0xE0, 0x1A, 0x5B, 0x85, 0x91, 0x4D, 0xB2, 0x11, 0xEA, 0x33, 0x21, 0x05,
    0x0C, 0x50, 0xB2, 0x2D, 0x72, 0xAC, 0x37, 0x4D, 0x5C, 0xEC, 0x3B, 0x66, 0x46, 0x85, 0x86, 0x2A,
    0x23, 0x2E, 0x99, 0xB0, 0x69, 0x22, 0xBA, 0x69, 0xC2, 0x32, 0x91, 0xA9, 0xB5, 0x9C, 0xDD, 0xB2,
    0xCE, 0x15, 0x77, 0xEA, 0xBB, 0x16, 0x6A, 0x7B, 0xE7, 0xA7, 0xB2, 0xDD, 0x34, 0xD1, 0x39, 0x0D,
    0x15, 0xA7, 0xC7, 0xB7, 0x4B, 0xFE, 0xFA, 0xA6, 0x89, 0x61, 0xA8, 0x1A, 0x0A, 0x34, 0xF7, 0x37,
    0xF6, 0x7B, 0x1C, 0xF4, 0x7A, 0x42, 0x02, 0x0B, 0x3F, 0x8F, 0xA0, 0xF8, 0x19, 0x03, 0xA2, 0x19,
    0xF1, 0x69, 0x16, 0x42, 0x9D, 0x2D, 0xD1, 0x98, 0x27, 0x67, 0xC8, 0x33, 0xDF, 0x04, 0xC0, 0x27,
    0x4F, 0x06, 0xC0, 0xFF, 0xE4, 0xFF, 0x9D, 0x72, 0xEB, 0xFF, 0x3B, 0x1A, 0xE7, 0x5A, 0xCD, 0x0D,
    0x17, 0xCC, 0x5E, 0x93, 0x16, 0x60, 0xC2, 0x19, 0x3B, 0xA0, 0x39, 0xB2, 0xBA, 0x06, 0x59, 0x8E,
    0x94, 0xB2, 0xC4, 0xAA, 0xBB, 0x47, 0x88, 0x65, 0x68, 0x04, 0x95, 0x1A, 0x44, 0x75, 0xA4, 0x74,
    0xA6, 0x12, 0x05, 0x3A, 0x57, 0x2C, 0xB5, 0x0D, 0xB5, 0x9D, 0x6B, 0x28, 0x1F, 0x03, 0xAF, 0xA1,
    0x79, 0xA0, 0x39, 0x30, 0x2C, 0x53, 0x8A, 0x8E, 0x8A, 0x97, 0x4E, 0x48, 0xB3, 0x06, 0x7A, 0x2D,
    0x32, 0xE2, 0x7E, 0xA1, 0x9A, 0x28, 0x64, 0xFA, 0x90, 0xA5, 0x46, 0x19, 0x6A, 0xD8, 0xC3, 0x12,
    0x67, 0x1D, 0x7B, 0xAD, 0xE6, 0xA9, 0xAA, 0x39, 0xA4, 0xC2, 0x21, 0x8C, 0xD0, 0x99, 0xD6, 0x8C,
    0x32, 0x24, 0xBE, 0x0A, 0x62, 0x2F, 0x5C, 0xB2, 0xCF, 0xFC, 0xE2, 0xAB, 0x41, 0x2B, 0x49, 0x8F,
    0xA9, 0x86, 0x0D, 0xD2, 0xD4, 0x18, 0x87, 0x96, 0xF8, 0xD7, 0xD2, 0xF2, 0x2C, 0x9D, 0xC9, 0x84,
    0x76, 0x37, 0x91, 0x1B, 0xFC, 0xF4, 0x4C, 0x07, 0x02, 0xA3, 0xB3, 0x72, 0x87, 0xE4, 0x2E, 0x42,
    0xF6, 0x6F, 0xB6, 0x5D, 0x99, 0x79, 0xE7, 0x6B, 0x44, 0x62, 0x93, 0x72, 0x30, 0x34, 0xE5, 0x84,
    0xDB, 0x50, 0x51, 0xBF, 0x4E, 0x52, 0x33, 0xF9, 0x08, 0x06, 0x6F, 0xD7, 0xA0, 0xC7, 0xBD, 0x0D,
    0x29, 0x0E, 0x59, 0x92, 0x64, 0xD9, 0xA6, 0xB9, 0x8C, 0xD8, 0x1F, 0xCA, 0xE0, 0xFB, 0x94, 0xD9,
    0x77, 0xDF, 0x90, 0xE8, 0x07, 0x5A, 0xD1, 0x28, 0xAA, 0x27, 0x6B, 0x9E, 0x1F, 0xCE, 0xB8, 0x33,
    0xA8, 0x37, 0x5A, 0x21, 0x04, 0x8B, 0x96, 0x8C, 0xC3, 0xB4, 0x70, 0xF5, 0x51, 0x8C, 0xAB, 0x85,
    0x13, 0x43, 0x2C, 0xD9, 0xE5, 0x9C, 0xEF, 0x71, 0x82, 0xF7, 0xF9, 0x89, 0x1E, 0x76, 0xA8, 0x4D,
    0x7E, 0xB8, 0x1C, 0xE4, 0x17, 0x77, 0xE7, 0x15, 0x7A, 0xFD, 0x83, 0x6F, 0xD1, 0xAD, 0x8F, 0xFB,
    0x8C, 0xEB, 0x7D, 0x61, 0x98, 0xBA, 0x2E, 0xD0, 0x33, 0xB2, 0x1F, 0x74, 0xDD, 0xC4, 0xC8, 0x3C,
    0x92, 0x3A, 0x6F, 0xD0, 0xF9, 0x6F, 0x56, 0x2C, 0x63, 0x03, 0x03, 0x26, 0x5A, 0x1C, 0x99, 0xB0,
    0xD6, 0x8D, 0xBE, 0xAD, 0x96, 0xF0, 0xFF, 0xA5, 0x93, 0xE7, 0x31, 0xC4, 0x32, 0xEA, 0x31, 0x86,
    0xD5, 0x41, 0x32, 0x2C, 0xD7, 0x5B, 0x17, 0xE4, 0xBC, 0xE2, 0xF6, 0xB3, 0x71, 0x29, 0x82, 0x2F,
    0xC3, 0x8D, 0x19, 0x17, 0x4A, 0xE2, 0x97, 0xDB, 0x74, 0x28, 0xEA, 0x14, 0x55, 0xE2, 0x4C, 0x93,
    0x57, 0x5A, 0x1E, 0x67, 0x54, 0x76, 0x63, 0x80, 0x3C, 0xAD, 0x7A, 0xF4, 0xA1, 0x21, 0x4F, 0xD2,
    0x72, 0xF3, 0x68, 0x40, 0x38, 0x5B, 0x06, 0xA0, 0xD4, 0xB2, 0xFD, 0xDD, 0xAD, 0xEA, 0xC2, 0xF8,
    0xA5, 0x6E, 0x71, 0xEB, 0x9E, 0x7F, 0xE6, 0xC2, 0xF8, 0x45, 0x35, 0x41, 0x54, 0x32, 0x9D, 0x77,
    0x32, 0x5D, 0x6D, 0xC7, 0x0E, 0xE3, 0xC7, 0xE0, 0x32, 0x77, 0x0A, 0x1F, 0xDC, 0xCF, 0x67, 0x16,
    0xAC, 0x1C, 0x2E, 0x15, 0xD2, 0x94, 0x97, 0xE7, 0xE4, 0x6A, 0xC7, 0xA0, 0x4F, 0x60, 0xE1, 0x2A,
    0xC7, 0xFA, 0x9B, 0x60, 0xAC, 0x2E, 0x97, 0xD8, 0x25, 0xEE, 0x2A, 0xC7, 0x88, 0xBA, 0xAC, 0x4A,
    0x16, 0x45, 0x9D, 0xF4, 0x45, 0x1D, 0xB7, 0xE6, 0xF2, 0x02, 0xBB, 0x82, 0xFE, 0x83, 0x9F, 0xB3,
    0x15, 0x0D, 0x94, 0x29, 0xE4, 0xED, 0x75, 0xD7, 0x8D, 0x4C, 0x7B, 0xB9, 0xF9, 0x44, 0xC6, 0xDE,
    0x31, 0x78, 0xE4, 0xA9, 0xFB, 0x81, 0xC9, 0x70, 0x56, 0x2C, 0x22, 0xAD, 0x14, 0x85, 0xA7, 0x1A,
    0xBD, 0x76, 0x2C, 0xC6, 0x3D, 0x23, 0x7F, 0x43, 0x57, 0x67, 0xCC, 0x64, 0x53, 0xC4, 0x11, 0xAF,
    0x57, 0xE3, 0xA4, 0xBE, 0xBB, 0xCE, 0x61, 0x77, 0x7A, 0xD6, 0xFE, 0x9F, 0x3A, 0x50, 0xDF, 0x70,
    0xA0, 0xAC, 0x4F, 0xD4, 0x45, 0x9E, 0xCB, 0xB6, 0x06, 0x31, 0x94, 0x1B, 0x3E, 0x2B, 0x10, 0xDF,
    0x56, 0x79, 0x39, 0xB3, 0x0F, 0x56, 0xF6, 0xC1, 0xF2, 0xF1, 0x72, 0x52, 0x84, 0x58, 0x1B, 0x69,
    0x3C, 0xD4, 0x19, 0xCE, 0x3C, 0x9C, 0x65, 0xD8, 0x1D, 0x65, 0x08, 0x50, 0xA8, 0xBA, 0x78, 0x3E,
    0xCD, 0x62, 0xB2, 0x09, 0x60, 0x7A, 0x0E, 0x2B, 0x3D, 0x7C, 0x1F, 0x4C, 0xC3, 0x9B, 0x21, 0x40,
    0x97, 0xFC, 0x75, 0x27, 0x4F, 0x33, 0x94, 0xA1, 0x85, 0xA1, 0x1D, 0xFE, 0xB2, 0x8B, 0xFD, 0xB2,
    0xCF, 0x1A, 0xC3, 0xDD, 0x4C, 0x2E, 0x48, 0x2C, 0xC7, 0x08, 0x4D, 0x16, 0x2C, 0x3D, 0x4C, 0x42,
    0xEB, 0xA7, 0x10, 0x9F, 0x41, 0xBC, 0x2D, 0x93, 0x16, 0x4B, 0xA6, 0xE6, 0xC2, 0x09, 0x13, 0x02,
    0xAF, 0x97, 0x9D, 0x68, 0xFD, 0x1A, 0xEA, 0xBB, 0x3D, 0xEF, 0xB7, 0x59, 0xFC, 0x63, 0x47, 0xD1,
    0x40, 0x39, 0xEF, 0xB4, 0x00, 0xA2, 0xA8, 0x1B, 0xE7, 0x65, 0xD4, 0xDD, 0x33, 0x55, 0xD4, 0xBE,
    0x6D, 0xAA, 0xB8, 0x45, 0x77, 0xF1, 0xFF, 0xD5, 0x70, 0xB7, 0xBF, 0x77, 0x24, 0x15, 0x38, 0x78,
    0xBF, 0x2C, 0x24, 0x7E, 0x04, 0x81, 0xE2, 0xDF, 0x11, 0x76, 0x96, 0x24, 0x8B, 0x35, 0x00, 0x61,
    0xAA, 0xEC, 0x0C, 0x8C, 0x23, 0x60, 0x7E, 0x61, 0x6D, 0x25, 0x55, 0xD8, 0x3B, 0x63, 0x51, 0x2A,
    0xBC, 0x56, 0x32, 0x8C, 0x7A, 0x81, 0x00, 0xCB, 0x57, 0x69, 0x0B, 0xE9, 0x5C, 0xD2, 0x15, 0x65,
    0xD4, 0x53, 0xAE, 0xB5, 0x6C, 0x6B, 0xF9, 0xA6, 0xFA, 0x1D, 0x7E, 0x2B, 0xB9, 0xCB, 0x8B, 0x58,
    0x49, 0x8D, 0x0D, 0xBA, 0x9A, 0x76, 0x83, 0xA3, 0xB6, 0x61, 0x27, 0x3C, 0x1E, 0x36, 0x6E, 0x6F,
    0xC8, 0xD5, 0x8E, 0x41, 0xBF, 0xC7, 0x48, 0x8F, 0x45, 0x7E, 0xCB, 0x17, 0x5F, 0xB2, 0x2A, 0xAA,
    0x63, 0x77, 0xA5, 0x63, 0x4C, 0x74, 0x5B, 0xE7, 0x8D, 0x50, 0x21, 0x7A, 0x62, 0x4B, 0xE7, 0x2A,
    0xFA, 0xEF, 0x53, 0xC7, 0x2D, 0x98, 0x04, 0x0D, 0x00, 0xE0, 0xAE, 0xBC, 0x7F, 0x3A, 0x4C, 0x7A,
    0x4E, 0x33, 0xEC, 0x93, 0x0E, 0x07, 0xDF, 0xD0, 0x98, 0x86, 0x77, 0x44, 0xB6, 0x35, 0x75, 0xFA,
    0x0B, 0xC6, 0xB4, 0xC4, 0x9E, 0x6C, 0xF5, 0x65, 0x7D, 0x97, 0x03, 0x36, 0x0D, 0x43, 0x4A, 0x5A,
    0x8D, 0x3A, 0xE3, 0x15, 0x5F, 0xBB, 0x61, 0xBA, 0x9A, 0xF3, 0x75, 0x94, 0x31, 0x09, 0xCC, 0x3B,
    0x7F, 0x15, 0x4E, 0x23, 0xFF, 0x71, 0x05, 0x44, 0x7A, 0x97, 0xCE, 0x67, 0x81, 0xD5, 0xA3, 0xD5,
    0xB9, 0xB4, 0xC7, 0x45, 0xF7, 0x2A, 0x0E, 0x18, 0x1B, 0x86, 0x54, 0x48, 0xE3, 0xE5, 0xAC, 0x5D,
    0xC7, 0x4F, 0x21, 0xEA, 0xBB, 0x14, 0x40, 0xE1, 0xC7, 0xBC, 0xFC, 0x02, 0x8C, 0xB6, 0xBC, 0xB9,
    0xA0, 0xE7, 0xE8, 0x99, 0x5E, 0xF7, 0x88, 0xEC, 0xF1, 0xC0, 0x23, 0x58, 0x6B, 0xFC, 0x2E, 0x4C,
    0x2A, 0x21, 0x49, 0x5F, 0x07, 0xA4, 0x64, 0xAF, 0xF0, 0xED, 0xA6, 0x02, 0x64, 0x97, 0x64, 0x8F,
    0x64, 0x64, 0x91, 0x66, 0x75, 0xF6, 0x53, 0x91, 0x6F, 0x0B, 0x04, 0xC8, 0x95, 0x79, 0x38, 0x94,
    0x73, 0x74, 0x74, 0x4D, 0x74, 0x39, 0xB3, 0x6A, 0xF9, 0x49, 0xF5, 0x11, 0x0C, 0x7E, 0xB4, 0x7E,
    0x2B, 0x24, 0x61, 0x39, 0x23, 0x7B, 0x17, 0x1C, 0xEC, 0x72, 0x03, 0xE6, 0xCE, 0xE3, 0xDE, 0xF0,
    0x43, 0x1A, 0x7C, 0x9F, 0x62, 0xCE, 0xBF, 0xB8, 0x18, 0xC8, 0x41, 0x78, 0x67, 0xED, 0x23, 0x10,
    0x3A, 0xDD, 0xEC, 0xFC, 0xE8, 0x66, 0xC8, 0x32, 0xBC, 0x3B, 0x00, 0x1D, 0x94, 0x97, 0x41, 0x0E,
    0xB8, 0x0E, 0x04, 0xF7, 0xF2, 0x77, 0x20, 0x2C, 0x91, 0x17, 0x24, 0x86, 0xB3, 0x93, 0x93, 0x8C,
    0x49, 0x8E, 0xC8, 0xCB, 0x19, 0xDD, 0x0A, 0xAB, 0x34, 0xEC, 0x66, 0xC1, 0x09, 0x3D, 0xE7, 0x18,
    0x13, 0xE6, 0x28, 0xF6, 0x15, 0x0E, 0xB6, 0xDC, 0xEC, 0x0A, 0x9D, 0x0E, 0xAF, 0x56, 0x28, 0x4C,
    0x3C, 0xC7, 0x7B, 0x2D, 0xED, 0xCF, 0xAE, 0xD6, 0xDB, 0x85, 0xD3, 0x0D, 0xD1, 0x97, 0x16, 0xA2,
    0x2D, 0xD9, 0xBC, 0xD8, 0x37, 0x90, 0xAC, 0x07, 0xC1, 0x83, 0x71, 0x8B, 0x45, 0x08, 0xD4, 0x05,
    0xFE, 0xFE, 0x1E, 0x5E, 0x38, 0xF9, 0x55, 0x05, 0xF2, 0x3E, 0x33, 0xA5, 0x9F, 0x91, 0xFC, 0x9C,
    0xE4, 0xB7, 0x24, 0x4C, 0xCC, 0x12, 0x06, 0x80, 0x44, 0x5D, 0xAE, 0x9E, 0xFB, 0xC0, 0x5F, 0x04,
    0x83, 0x09, 0xF7, 0x01, 0x93, 0xDF, 0xAC, 0x4A, 0x5D, 0x97, 0x8F, 0x13, 0x5D, 0x14, 0x6E, 0x1D,
    0xDC, 0x67, 0x9A, 0xC5, 0x1E, 0x73, 0x78, 0xCF, 0x60, 0xD3, 0x13, 0xE6, 0x8E, 0xE3, 0x3F, 0xE1,
    0x1F, 0x3E, 0x1E, 0xD5, 0xFD, 0x11, 0xCD, 0x5B, 0xCF, 0x8F, 0xDD, 0xD6, 0x75, 0x3E, 0x24, 0x6D,
    0xD1, 0x31, 0x2B, 0x51, 0x2D, 0x1C, 0xC0, 0x81, 0x2C, 0xD1, 0x8B, 0x2C, 0x12, 0x40, 0x1A, 0x76,
    0xA1, 0x85, 0x5A, 0xCC, 0x0C, 0x89, 0x04, 0xDD, 0x7B, 0xD1, 0xBD, 0xB4, 0x2C, 0xD0, 0x85, 0xBA,
    0xD0, 0x42, 0x40, 0x47, 0xF3, 0x68, 0x04, 0x48, 0x16, 0x5D, 0x54, 0xFF, 0x41, 0xFC, 0x27, 0xA8,
    0xC0, 0xA0, 0x98, 0x22, 0x33, 0xF3, 0x98, 0x78, 0x91, 0x2D, 0x9B, 0x8D, 0x17, 0x05, 0x62, 0xBA,
    0x55, 0xE0, 0x6E, 0x1A, 0x5D, 0x35, 0x44, 0xCB, 0xA9, 0xF8, 0xDE, 0xED, 0xF7, 0x9D, 0x4B, 0xBE,
    0xC7, 0x79, 0x33, 0xB6, 0xE4, 0xF8, 0x49, 0x33, 0x6F, 0xC8, 0xEF, 0xFD, 0x20, 0x87, 0x3C, 0xE7,
    0xBB, 0xE7, 0x9E, 0x7B, 0xEE, 0xB9, 0x87, 0x22, 0xD6, 0x56, 0x22, 0xC0, 0x52, 0xCE, 0x7A, 0x85,
    0x0D, 0x31, 0x6E, 0x15, 0x3B, 0xE2, 0x0D, 0xC5, 0xAD, 0x19, 0x71, 0xF3, 0x88, 0xB8, 0x3F, 0x21,
    0x9A, 0x0C, 0xE0, 0x99, 0x34, 0x17, 0xF1, 0xEB, 0x04, 0x57, 0x0B, 0xCA, 0x18, 0x18, 0x96, 0x31,
    0xAE, 0x1F, 0xE5, 0x51, 0x8D, 0x0B, 0x48, 0x68, 0x44, 0x12, 0x6B, 0x81, 0x99, 0xB5, 0xB8, 0xF4,
    0xA6, 0xF8, 0xB8, 0xF4, 0xBE, 0x78, 0xB8, 0x28, 0xBE, 0xE2, 0xA2, 0x38, 0x34, 0xC7, 0x05, 0x44,
    0x26, 0x92, 0xFE, 0x9F, 0x5C, 0xB2, 0x4F, 0xA7, 0x56, 0x62, 0xDB, 0x3A, 0x31, 0x9D, 0xAC, 0x67,
    0xBC, 0x92, 0xE3, 0xBF, 0xE1, 0xD1, 0x4E, 0x82, 0x16, 0x17, 0x8C, 0x2A, 0x69, 0x25, 0x2E, 0xBD,
    0x56, 0xD2, 0x1C, 0x5F, 0x33, 0xFC, 0x0A, 0x08, 0x5B, 0xD9, 0x95, 0x68, 0x1F, 0x70, 0x85, 0x9F,
    0x2E, 0x37, 0x80, 0x9B, 0x0D, 0x0E, 0xDC, 0x21, 0x3C, 0x68, 0x24, 0xF9, 0xD8, 0x34, 0x79, 0x64,
    0x4B, 0x5B, 0x79, 0x73, 0xD9, 0xCD, 0xC5, 0x2B, 0xE5, 0x13, 0xA8, 0x54, 0x09, 0xA4, 0x91, 0x26,
    0xE4, 0xAD, 0xA7, 0xB6, 0x10, 0xCA, 0xCE, 0x7B, 0x46, 0xED, 0x85, 0x25, 0x4B, 0x5F, 0xB5, 0x3C,
    0x11, 0x6C, 0x38, 0xBA, 0x43, 0xD9, 0x33, 0x8A, 0x9E, 0x50, 0xF2, 0xB0, 0x7D, 0xFD, 0xDC, 0x89,
    0xF7, 0xD1, 0xD9, 0x8C, 0xDC, 0x52, 0xDC, 0x3C, 0x24, 0x3E, 0xDC, 0x25, 0xEE, 0x65, 0x8E, 0x11,
    0xFE, 0x53, 0x9D, 0x42, 0x48, 0x5F, 0xB9, 0xE8, 0x19, 0x29, 0x22, 0x32, 0x22, 0x21, 0x19, 0x51,
    0x2E, 0x1C, 0x23, 0xE0, 0x42, 0x19, 0x21, 0x17, 0x7B, 0x22, 0x9D, 0x72, 0xE1, 0x18, 0x39, 0x12,
    0xBF, 0x52, 0x46, 0xE6, 0x12, 0x8D, 0x19, 0xD9, 0x54, 0x6D, 0x0D, 0x21, 0x50, 0x33, 0x8A, 0xD4,
    0xE4, 0xE3, 0x5F, 0xE9, 0x67, 0x6D, 0x52, 0xE8, 0xBA, 0x46, 0x3A, 0xE2, 0x9E, 0x8E, 0x09, 0x6D,
    0x66, 0x43, 0x1B, 0x1F, 0xBB, 0x6F, 0x06, 0x01, 0xC2, 0x2F, 0x70, 0x20, 0x60, 0xB3, 0x78, 0x6A,
    0x20, 0xB7, 0x08, 0x73, 0x1E, 0xE5, 0xD7, 0x98, 0x56, 0xB7, 0xC5, 0x9F, 0xAE, 0x12, 0xBE, 0x0B,
    0x3E, 0x43, 0x8B, 0xA3, 0xE9, 0xEF, 0xEE, 0x57, 0xD0, 0x31, 0x30, 0x20, 0x20, 0x68, 0xC1, 0x4B,
    0xD0, 0x82, 0xA8, 0xA0, 0x21, 0x5B, 0x92, 0xF0, 0x56, 0xB4, 0x2A, 0x51, 0x52, 0xCF, 0x04, 0x1E,
    0x25, 0xCD, 0x42, 0xBB, 0x13, 0x1A, 0x9C, 0x44, 0x90, 0xC9, 0x40, 0xB3, 0xA0, 0x16, 0x9B, 0xE3,
    0x58, 0x6A, 0x21, 0xC1, 0x25, 0xFB, 0xB8, 0x17, 0x8A, 0xCD, 0x84, 0x1F, 0x02, 0x9C, 0x15, 0xE1,
    0x1F, 0xAF, 0x8F, 0x8C, 0xE7, 0xDA, 0x31, 0xC9, 0x2A, 0x82, 0x26, 0xAA, 0xE2, 0x32, 0xAC, 0x93,
    0x22, 0xAE, 0x33, 0xF0, 0x95, 0xF5, 0xFF, 0x35, 0xDE, 0xB3, 0x7E, 0x4F, 0x0B, 0x34, 0x30, 0xCE,
    0x0C, 0x78, 0x93, 0x09, 0xB5, 0x0C, 0x55, 0x6A, 0x0A, 0x32, 0x41, 0xA3, 0x7A, 0xC7, 0x68, 0xCD,
    0xB0, 0x4A, 0x20, 0x81, 0xF8, 0xF9, 0xB9, 0x69, 0x4E, 0x23, 0xE2, 0xD1, 0x04, 0xD2, 0x6C, 0x43,
    0xFE, 0x26, 0xC9, 0xFD, 0x32, 0x28, 0xD7, 0xAB, 0x79, 0xBC, 0xD0, 0x5C, 0x41, 0xBF, 0xCA, 0x39,
    0x36, 0x37, 0x1D, 0x45, 0x6C, 0xDC, 0x1E, 0xAE, 0xF8, 0xDA, 0x75, 0x28, 0xFC, 0x2E, 0x5B, 0x54,
    0xDB, 0x56, 0x5B, 0x59, 0xA6, 0x66, 0xA1, 0x7A, 0x7E, 0xCE, 0xAA, 0xB3, 0x6B, 0x96, 0x7E, 0x29,
    0x4D, 0x0C, 0x1D, 0x1E, 0xE1, 0x1F, 0x5B, 0x47, 0xC3, 0xA8, 0xC9, 0xD7, 0x42, 0xC1, 0x77, 0xC4,
    0x57, 0xDF, 0x93, 0xF2, 0x86, 0x4A, 0x82, 0x58, 0x75, 0x4A, 0x99, 0x73, 0x47, 0x2B, 0x63, 0x0A,
    0x9C, 0xDE, 0xB1, 0x22, 0x87, 0xBE, 0x43, 0xB9, 0x06, 0xA9, 0x1E, 0x09, 0x9C, 0x0A, 0x90, 0x0A,
    0x1E, 0xAA, 0x72, 0x87, 0xAA, 0x1D, 0x10, 0x03, 0xC7, 0x81, 0x70, 0xE0, 0x18, 0x63, 0x77, 0x12,
    0x71, 0x4E, 0xA7, 0xE7, 0x13, 0x4B, 0x22, 0x78, 0xE8, 0xE8, 0x31, 0x81, 0xF4, 0x44, 0x9D, 0x44,
    0xE8, 0x86, 0xAD, 0x37, 0x2D, 0x41, 0x0F, 0xC5, 0xCE, 0xEC, 0x5C, 0x5B, 0x27, 0xED, 0x92, 0x9C,
    0x98, 0x52, 0xD2, 0x4E, 0x49, 0xED, 0xE8, 0x10, 0xA4, 0x53, 0xA9, 0xBB, 0x1B, 0x8A, 0x77, 0x14,
    0x75, 0x60, 0xE9, 0x34, 0xB2, 0x80, 0xC8, 0x41, 0xC3, 0xA1, 0x2B, 0xA6, 0x33, 0x45, 0xCB, 0xC1,
    0x9B, 0x3A, 0x77, 0xEA, 0xFC, 0xA9, 0x6C, 0xEB, 0x90, 0xA4, 0x1E, 0x95, 0x2E, 0xB5, 0x11, 0xE7,
    0x53, 0x9D, 0x53, 0xC5, 0x51, 0x78, 0x55, 0xE7, 0x56, 0xD5, 0xAF, 0x92, 0x8D, 0x72, 0x5E, 0x8B,
    0xAF, 0x03, 0xCD, 0x09, 0x7E, 0x1E, 0x7D, 0x33, 0x7E, 0x26, 0xF8, 0xA7, 0xD0, 0x4C, 0x15, 0xD7,
    0xC3, 0x0F, 0x6D, 0xA4, 0x1B, 0xF4, 0x27, 0x04, 0x1C, 0xAD, 0x7C, 0x1D, 0xB2, 0x16, 0xBF, 0x29,
    0x2F, 0xA4, 0x45, 0x59, 0x51, 0x52, 0x94, 0x93, 0xE5, 0x08, 0xB3, 0x3D, 0x1E, 0x61, 0x9A, 0xD1,
    0x08, 0xB3, 0x7D, 0x62, 0x84, 0x71, 0x44, 0x38, 0x1E, 0x12, 0xCB, 0x2B, 0xDB, 0xEE, 0x54, 0x64,
    0x04, 0x66, 0xCA, 0x6B, 0x04, 0xE8, 0x1C, 0x13, 0x42, 0x42, 0x40, 0xC5, 0xFC, 0x42, 0x4E, 0x08,
    0xDB, 0x03, 0x07, 0x3F, 0x07, 0xCB, 0xDF, 0xDA, 0x55, 0xF0, 0x39, 0x26, 0x06, 0x84, 0xB0, 0xF4,
    0x20, 0x4E, 0x09, 0x2A, 0x6C, 0x91, 0x11, 0xFC, 0x7E, 0x3F, 0x15, 0xA5, 0xB9, 0xEE, 0x93, 0x07,
    0x4D, 0x82, 0xB1, 0x3D, 0x2E, 0x93, 0x22, 0x2A, 0x5D, 0xF7, 0x49, 0x8B, 0x5D, 0xCF, 0xCA, 0x64,
    0xDA, 0xC8, 0x64, 0xAE, 0x44, 0x8F, 0xBB, 0x4F, 0x8E, 0xEE, 0x53, 0x06, 0x74, 0x08, 0xEC, 0x3E,
    0x3F, 0x90, 0xCB, 0x22, 0x37, 0x39, 0x06, 0x25, 0xF9, 0x0E, 0x1B, 0xBE, 0xA1, 0xB7, 0xA0, 0x2F,
    0x9D, 0xE6, 0xE7, 0xAB, 0x36, 0x4F, 0xF0, 0x4A, 0xFC, 0x55, 0xB8, 0x4B, 0x83, 0x7E, 0x61, 0x11,
    0x53, 0x64, 0x33, 0x35, 0xA8, 0xB5, 0x52, 0x00, 0x2B, 0x18, 0xD4, 0x55, 0xD8, 0x3E, 0xE7, 0xF6,
    0x7E, 0x85, 0x51, 0xE3, 0x5B, 0x29, 0x7C, 0x3E, 0x6D, 0x79, 0x4B, 0x23, 0x74, 0x46, 0x27, 0xE5,
    0x30, 0x32, 0xC7, 0x3F, 0x25, 0xCC, 0xFB, 0xB8, 0x76, 0x55, 0xB3, 0x7C, 0xAC, 0xD9, 0xFC, 0x25,
    0x9A, 0xC1, 0x34, 0x26, 0x94, 0x6A, 0x4F, 0x34, 0x7E, 0xE7, 0x3D, 0x38, 0xAC, 0xC5, 0x9F, 0xD2,
    0xA4, 0xE9, 0x2F, 0x69, 0xE9, 0xEF, 0xF4, 0x46, 0x1E, 0x7D, 0x09, 0x39, 0x7C, 0x9D, 0xA1, 0xD9,
    0x65, 0x24, 0x7B, 0xBE, 0x96, 0xAE, 0xB1, 0xD0, 0xEA, 0x58, 0x19, 0x96, 0x6B, 0xB6, 0x74, 0xBD,
    0x60, 0xC2, 0x4F, 0x13, 0x8A, 0x35, 0x3B, 0x64, 0xE8, 0x8C, 0x41, 0xE8, 0x12, 0x55, 0x93, 0xB7,
    0x3F, 0x22, 0x2D, 0x16, 0xCE, 0xEF, 0xF8, 0xBE, 0x91, 0x29, 0x26, 0x03, 0x1C, 0x53, 0x3A, 0xC4,
    0xA9, 0xDE, 0x0C, 0x81, 0xBB, 0xD7, 0xBD, 0x34, 0x52, 0xC8, 0xBA, 0x8C, 0xD2, 0x33, 0x52, 0x68,
    0x19, 0x29, 0xB4, 0x18, 0x2C, 0xBC, 0x16, 0x2E, 0xD9, 0x6B, 0x31, 0x18, 0x78, 0x6D, 0x00, 0x8F,
    0xDF, 0x20, 0x52, 0x80, 0xC3, 0x4F, 0x39, 0xC2, 0x78, 0xF6, 0xA9, 0xB3, 0x0A, 0x0E, 0x5B, 0x31,
    0xFA, 0x76, 0x0A, 0xF9, 0x1F, 0xA2, 0xAF, 0xD7, 0xDE, 0xD2, 0xEE, 0x93, 0xF9, 0x43, 0xBA, 0xF7,
    0xA0, 0xF5, 0x5A, 0x4E, 0x1F, 0x12, 0x70, 0x48, 0xD7, 0x4E, 0xCF, 0xCE, 0x1D, 0x7E, 0x7D, 0x8F,
    0x6E, 0x9D, 0x5E, 0x9D, 0x4E, 0x9D, 0xB3, 0x06, 0xBA, 0xF4, 0xE4, 0xE3, 0xE7, 0x26, 0xB2, 0xBF,
    0x34, 0xDE, 0x9C, 0x53, 0x84, 0xC0, 0xBC, 0x0D, 0x55, 0x33, 0x18, 0xD5, 0x04, 0x1A, 0x4C, 0xF2,
    0x23, 0x8C, 0x32, 0x68, 0x0A, 0x92, 0x1F, 0x8A, 0x87, 0x3E, 0x97, 0x07, 0x05, 0x4E, 0x40, 0xD8,
    0xE4, 0xD3, 0x98, 0x44, 0x3D, 0x7F, 0xBA, 0xF0, 0x34, 0xE7, 0x44, 0x0D, 0x5F, 0x9C, 0x2F, 0x1B,
    0xD0, 0xB1, 0x8F, 0xC6, 0xE3, 0xA4, 0x33, 0xB5, 0xC3, 0x3C, 0xF0, 0xCD, 0xD0, 0xE3, 0xE6, 0x75,
    0x6A, 0x34, 0x0A, 0x51, 0x79, 0xCE, 0xA4, 0x50, 0x5E, 0x06, 0x38, 0xDC, 0x75, 0xF6, 0x27, 0x6F,
    0x90, 0x8C, 0x73, 0x34, 0x84, 0xF1, 0x8B, 0xD1, 0xAE, 0x9B, 0x08, 0x2B, 0xE8, 0xD7, 0x0F, 0xDD,
    0x74, 0x3C, 0x28, 0x5D, 0x3F, 0x67, 0x50, 0x45, 0x3B, 0xF1, 0xEB, 0x37, 0x48, 0x8F, 0x7A, 0x78,
    0x09, 0xD5, 0x05, 0xAA, 0x67, 0x97, 0xEC, 0x7E, 0xB1, 0x48, 0xF7, 0x14, 0x4C, 0x00, 0xF5, 0x5E,
    0xD6, 0x20, 0x82, 0x4F, 0x6C, 0xED, 0xE3, 0x5F, 0x19, 0x54, 0xE6, 0x0C, 0x21, 0x17, 0xD8, 0x29,
    0x7B, 0xAB, 0x28, 0x3D, 0xC2, 0x67, 0xDA, 0x01, 0x3B, 0xE5, 0x74, 0x8C, 0xED, 0x2A, 0x7A, 0xA7,
    0x30, 0xB5, 0x8F, 0xDF, 0xB5, 0xFF, 0x99, 0xD9, 0x3A, 0x46, 0x37, 0x77, 0xDE, 0xDF, 0xE5, 0x2B,
    0x74, 0x4C, 0x88, 0xFF, 0xCD, 0x05, 0x05, 0xAD, 0x72, 0xFA, 0xFE, 0x32, 0x1D, 0x65, 0xF3, 0x05,
    0xBA, 0xC6, 0xA5, 0xA8, 0x4B, 0x5C, 0x36, 0xCC, 0x02, 0xD9, 0x38, 0xA9, 0xC7, 0x68, 0x35, 0x0D,
    0x3E, 0x25, 0x46, 0x3F, 0x62, 0xEC, 0x1D, 0x33, 0xD9, 0x92, 0x5D, 0x27, 0x6E, 0xDF, 0x24, 0xA5,
    0xDB, 0x9B, 0x4C, 0x06, 0x6C, 0x3D, 0x50, 0x34, 0x8A, 0x35, 0x71, 0xBB, 0x22, 0x66, 0x25, 0xA6,
    0x57, 0x92, 0x15, 0x4C, 0xDA, 0x64, 0xB9, 0xA2, 0x04, 0x2F, 0x0A, 0x88, 0xE8, 0x1F, 0xF7, 0x4C,
    0x4A, 0x4F, 0xA5, 0x72, 0x89, 0x9B, 0x3A, 0x1A, 0xFB, 0xB7, 0x89, 0x55, 0xAE, 0xA6, 0x76, 0x41,
    0x19, 0xA5, 0x77, 0x5C, 0x0E, 0x6F, 0xEE, 0xD0, 0xF0, 0xE6, 0x98, 0x5C, 0x79, 0x6B, 0xCF, 0x78,
    0xF3, 0xCE, 0x7A, 0x73, 0xF4, 0x4A, 0xCF, 0x2F, 0x73, 0x10, 0x92, 0x12, 0xBC, 0x05, 0x4C, 0x19,
    0xE6, 0x4F, 0xE9, 0x63, 0xB5, 0x03, 0xF7, 0x80, 0x0E, 0xED, 0x9B, 0xC4, 0x02, 0x36, 0x33, 0xC0,
    0x5E, 0x9A, 0x07, 0xC6, 0x00, 0x9E, 0x57, 0x80, 0x7F, 0xC7, 0x0C, 0x2F, 0xF8, 0x0F, 0x8C, 0x77,
    0xC1, 0x67, 0x39, 0xE0, 0x73, 0x72, 0xF0, 0x5B, 0xC2, 0x7F, 0x11, 0x3A, 0x90, 0x11, 0x30, 0xC6,
    0x0F, 0x18, 0xD9, 0x83, 0xB4, 0x6C, 0x1F, 0x9C, 0xA5, 0x55, 0xF4, 0x58, 0xD2, 0xD9, 0xE5, 0xDB,
    0xD3, 0x76, 0x11, 0x35, 0x82, 0xAF, 0x18, 0xF1, 0xED, 0xA1, 0x92, 0xB3, 0xD8, 0xBA, 0xAF, 0xD8,
    0xDA, 0x7E, 0xF3, 0x86, 0x0D, 0xBA, 0x41, 0x2F, 0x58, 0x73, 0x32, 0xBF, 0x72, 0x1B, 0x21, 0x47,
    0xB8, 0x74, 0x40, 0xDE, 0x11, 0x3B, 0x81, 0x87, 0xD0, 0xC6, 0x6D, 0x89, 0xDB, 0x72, 0xB2, 0xCD,
    0x4D, 0x89, 0xCE, 0xDC, 0xF6, 0x0E, 0xC4, 0x92, 0xB8, 0x4E, 0x6D, 0x9B, 0xDA, 0x76, 0x14, 0x7B,
    0xAC, 0x41, 0xB6, 0x89, 0xC5, 0x44, 0xEC, 0x84, 0x5B, 0xBC, 0x84, 0x09, 0xD1, 0x5C, 0xDE, 0xDA,
    0xD6, 0xD0, 0x76, 0x5B, 0xE7, 0xD3, 0xBB, 0x3A, 0xA1, 0x3B, 0x94, 0xE5, 0xBD, 0xFA, 0xCB, 0x7E,
    0x28, 0x08, 0x24, 0xB2, 0xE2, 0xB6, 0xFC, 0xC9, 0xA6, 0xDC, 0xDC, 0x90, 0x7D, 0x88, 0x14, 0x31,
    0xEB, 0x96, 0xAF, 0x51, 0x42, 0x5C, 0xE7, 0xEF, 0xE4, 0xCF, 0x1F, 0xC8, 0x93, 0x2D, 0x1F, 0x0C,
    0x94, 0xB1, 0xCD, 0x61, 0xC7, 0x7F, 0xB4, 0xA8, 0xEB, 0x11, 0x69, 0x8F, 0x39, 0x44, 0x04, 0x1E,
    0xE8, 0xC5, 0xE9, 0x5F, 0x49, 0x32, 0xA3, 0xBD, 0x30, 0x60, 0xEB, 0xB8, 0x79, 0x27, 0x33, 0xBC,
    0xD7, 0x6A, 0x1A, 0xF5, 0xD5, 0x95, 0x4B, 0x35, 0x4C, 0xA1, 0x72, 0x33, 0xDC, 0x82, 0x7E, 0x43,
    0xF0, 0x55, 0xD1, 0xB9, 0x6C, 0xD2, 0x37, 0xC3, 0x24, 0xE1, 0x99, 0xA3, 0xDF, 0x14, 0x70, 0x22,
    0xBE, 0xCE, 0xAC, 0x79, 0xC8, 0xEA, 0x87, 0xF5, 0xD1, 0x4B, 0xF1, 0xDA, 0x57, 0x14, 0x0F, 0x13,
    0xCB, 0x4A, 0xE6, 0xBC, 0x6F, 0xA6, 0xB7, 0x4E, 0xAD, 0xCE, 0xEB, 0xBB, 0xE1, 0xBE, 0xA7, 0x71,
    0x7C, 0xF7, 0xB3, 0xD0, 0x5B, 0x41, 0xBD, 0xF5, 0x18, 0xF1, 0xA3, 0x7F, 0x12, 0x21, 0x36, 0x44,
    0x82, 0xE4, 0x81, 0xCB, 0x26, 0x3B, 0xAC, 0x47, 0x39, 0xE5, 0x62, 0x31, 0x80, 0x52, 0x0A, 0x4D,
    0xC6, 0x0F, 0x9D, 0x0E, 0x06, 0x93, 0xA3, 0x89, 0xE0, 0x23, 0x09, 0xFA, 0xF5, 0xAC, 0x15, 0x8D,
    0x6B, 0xB5, 0x37, 0x05, 0x2D, 0x81, 0x2D, 0xAE, 0xB6, 0x1E, 0xC6, 0x68, 0x66, 0xA1, 0x87, 0x54,
    0xB4, 0x83, 0x02, 0xB2, 0xC5, 0x85, 0xBF, 0x04, 0x83, 0xEE, 0x4B, 0x80, 0x17, 0x5A, 0x42, 0x91,
    0x62, 0xF8, 0xAF, 0x52, 0x26, 0x96, 0xD5, 0xC9, 0x6F, 0x2C, 0x32, 0xCD, 0x1C, 0x47, 0xDE, 0xDB,
    0xA1, 0x9C, 0xF4, 0x70, 0x59, 0xDD, 0x0F, 0x12, 0xB7, 0xD8, 0xC0, 0x18, 0x58, 0xA2, 0xCF, 0x0C,
    0xBA, 0xD3, 0xF7, 0xE5, 0x03, 0x5D, 0xF0, 0x30, 0xA9, 0xAD, 0x5F, 0xB1, 0x75, 0xC7, 0x0D, 0x4C,
    0xFA, 0x86, 0x86, 0x74, 0x4D, 0x08, 0x4F, 0x04, 0x76, 0x52, 0xBD, 0xD2, 0x13, 0xA7, 0x2A, 0x44,
    0x9A, 0xE4, 0x62, 0xCB, 0xE0, 0x4B, 0x13, 0x15, 0xED, 0x75, 0xCC, 0xEE, 0x1D, 0x53, 0x53, 0x26,
    0xC7, 0xA9, 0xFB, 0xEA, 0x56, 0xC8, 0x69, 0x9F, 0xC5, 0x4D, 0xC7, 0xB4, 0x0D, 0xAA, 0xF0, 0xDE,
    0x26, 0xB5, 0xCA, 0x8C, 0x1E, 0xB4, 0xF0, 0xD1, 0x75, 0x04, 0x3B, 0xB3, 0x8F, 0x71, 0x57, 0xB6,
    0xEB, 0x81, 0x4E, 0x53, 0x0F, 0xFA, 0x21, 0x67, 0x4B, 0x87, 0x0C, 0x92, 0xD0, 0x69, 0x5E, 0xBE,
    0xD3, 0x5C, 0x64, 0xA7, 0xB9, 0xF7, 0x4E, 0x33, 0xF3, 0x9D, 0x75, 0x59, 0x2E, 0xCD, 0xE2, 0x04,
    0x7A, 0x26, 0x17, 0x1E, 0xA0, 0xE9, 0x4C, 0xF1, 0x48, 0xD1, 0x0D, 0x28, 0x88, 0x93, 0xD8, 0xA8,
    0xA5, 0x68, 0x6E, 0x27, 0xA7, 0xF3, 0xB5, 0x15, 0xD0, 0xB3, 0x2B, 0xED, 0xEC, 0xA6, 0xED, 0x2E,
    0x6B, 0x31, 0xC9, 0x97, 0xB9, 0x3F, 0xCD, 0xA2, 0xC9, 0x8E, 0xE2, 0xBD, 0x3E, 0x27, 0xEE, 0xC0,
    0x5F, 0x0E, 0x4A, 0xA3, 0x51, 0x68, 0x09, 0xB4, 0x4E, 0x03, 0xB3, 0xF2, 0x8D, 0x3F, 0x23, 0xD7,
    0xF0, 0x05, 0xC6, 0x23, 0xF1, 0x08, 0xD6, 0x82, 0x2F, 0xE6, 0x8C, 0x17, 0x18, 0x0E, 0xBD, 0x68,
    0x68, 0xAD, 0x4C, 0x4E, 0xD5, 0x47, 0x84, 0x4C, 0x27, 0x55, 0x25, 0x00, 0x31, 0x56, 0x58, 0x05,
    0x4D, 0x1E, 0x56, 0x9E, 0x8E, 0x19, 0x93, 0x71, 0x0E, 0xC7, 0x2D, 0x5C, 0xD0, 0xB3, 0x04, 0xCB,
    0x19, 0xA3, 0xFE, 0x46, 0x9B, 0x67, 0x52, 0x33, 0x61, 0x2A, 0x6B, 0x6A, 0x82, 0x19, 0x65, 0x99,
    0x53, 0xC8, 0xC3, 0x41, 0x2A, 0x78, 0x27, 0xFF, 0xF9, 0x94, 0xA1, 0x28, 0x23, 0xBC, 0x39, 0x53,
    0x82, 0x86, 0x12, 0x98, 0x09, 0x01, 0x76, 0x17, 0xD4, 0xCC, 0xED, 0xD6, 0x38, 0x2F, 0xA8, 0x83,
    0xE6, 0x6A, 0x00, 0xBE, 0x0C, 0xBA, 0x14, 0x25, 0xA0, 0x99, 0x28, 0xE9, 0xCA, 0xBF, 0x52, 0xA5,
    0xD3, 0x89, 0x7C, 0x39, 0x0C, 0x69, 0xEE, 0x8B, 0x3F, 0x1E, 0x2E, 0xBA, 0xDC, 0x12, 0xBA, 0x57,
    0x84, 0xF1, 0xEC, 0xD7, 0xCB, 0x65, 0x39, 0xFB, 0xC5, 0x60, 0xAC, 0x53, 0xE0, 0x82, 0x53, 0xE0,
    0x9C, 0x53, 0xE0, 0x9C, 0xAD, 0x34, 0x81, 0x36, 0x8C, 0x5A, 0x37, 0x06, 0x39, 0x26, 0x86, 0xED,
    0x74, 0xA9, 0x19, 0xCC, 0xDE, 0xAC, 0x6E, 0xC1, 0x57, 0x6D, 0xF5, 0xB0, 0x7D, 0x51, 0xA0, 0xEB,
    0x79, 0xB3, 0x73, 0x51, 0x69, 0xF4, 0x52, 0x6B, 0xEB, 0x06, 0x70, 0xC6, 0xB8, 0x47, 0xBB, 0xA3,
    0x97, 0xC0, 0x85, 0xD6, 0xA9, 0x6A, 0xFF, 0xDA, 0x67, 0x6E, 0x95, 0x5F, 0xE1, 0x97, 0x1E, 0xAA,
    0x61, 0x15, 0x0B, 0x7F, 0x95, 0xE5, 0xE0, 0x23, 0x05, 0x30, 0xE1, 0x70, 0x48, 0xEE, 0x0F, 0x78,
    0xDA, 0x01, 0x86, 0xE5, 0xD7, 0xC7, 0xC7, 0xC4, 0x6C, 0x43, 0xC7, 0x09, 0x94, 0x44, 0x18, 0x8E,
    0x1B, 0x7B, 0xCD, 0x0D, 0x46, 0x7A, 0xD8, 0x9F, 0x68, 0x5F, 0x18, 0xEF, 0xC1, 0xCB, 0xF6, 0x7A,
    0xB4, 0x7F, 0x51, 0x68, 0xE0, 0x4E, 0x5D, 0xBF, 0x69, 0x33, 0x6F, 0x10, 0xA6, 0xC5, 0x00, 0x1B,
    0x7F, 0x94, 0x5A, 0xCE, 0x9B, 0x5C, 0x6A, 0x9C, 0x2F, 0xE1, 0xBE, 0xAA, 0xCE, 0x52, 0xAD, 0xB8,
    0x40, 0xEF, 0xAC, 0xDC, 0xCE, 0xCF, 0x6B, 0x52, 0xEB, 0x2A, 0x80, 0xF3, 0x3C, 0x5D, 0x44, 0xE8,
    0xE6, 0xC3, 0x1A, 0x08, 0x8D, 0x30, 0xA2, 0x46, 0x9A, 0x1B, 0xDB, 0xA7, 0x46, 0xF9, 0x2B, 0xAA,
    0x95, 0x76, 0x4C, 0xBF, 0x7B, 0xDD, 0x99, 0x43, 0xD4, 0x03, 0x81, 0x2C, 0x18, 0xD2, 0x66, 0x92,
    0xB5, 0xF2, 0x17, 0x27, 0x07, 0xA7, 0xD1, 0x10, 0xF5, 0x11, 0xBC, 0x9E, 0x1C, 0xB1, 0x23, 0x44,
    0xDA, 0x1B, 0x32, 0xB5, 0x40, 0xED, 0x19, 0x81, 0x5B, 0xC2, 0xD6, 0x9F, 0xDF, 0x1A, 0x2D, 0xCE,
    0x14, 0x9E, 0x9D, 0xC5, 0x30, 0x63, 0x28, 0x3C, 0xAD, 0x79, 0xFC, 0x17, 0x86, 0xF8, 0xCF, 0x2D,
    0xB1, 0xE9, 0x14, 0x8F, 0xE8, 0xD8, 0x61, 0x44, 0xC4, 0xB4, 0x00, 0x9A, 0xB8, 0x54, 0xAC, 0x88,
    0xA1, 0x21, 0x06, 0xB4, 0x6C, 0xE3, 0x71, 0x21, 0xC5, 0xC8, 0x2C, 0x21, 0x4E, 0x14, 0xB3, 0xBB,
    0xF4, 0xA3, 0xC9, 0xE7, 0xC4, 0xF8, 0xF7, 0xC4, 0x50, 0x3D, 0x6B, 0x80, 0xF1, 0x7C, 0x5E, 0xC0,
    0xCB, 0x66, 0xE0, 0x7C, 0xBE, 0x74, 0xD2, 0xBA, 0xB0, 0x5C, 0x3B, 0x67, 0xDC, 0x87, 0x20, 0x14,
    0xDD, 0x3B, 0x91, 0x96, 0x4D, 0x6B, 0x0C, 0x10, 0xBF, 0x40, 0xFC, 0x04, 0xD5, 0xB7, 0x92, 0xDC,
    0x6B, 0x1E, 0x22, 0x9A, 0x30, 0x4F, 0x18, 0x43, 0x18, 0xC4, 0x10, 0xCF, 0xAB, 0x24, 0xF7, 0xFF,
    0x50, 0x12, 0x0A, 0x4C, 0xB7, 0xBF, 0xCC, 0x11, 0x43, 0x3C, 0xC3, 0x98, 0xED, 0xFF, 0x9E, 0x53,
    0x97, 0x99, 0x9B, 0xBF, 0xF4, 0x4B, 0xE1, 0x70, 0xCC, 0xD9, 0x01, 0x63, 0x8D, 0xEA, 0xE2, 0x91,
    0xD1, 0x37, 0x92, 0x9B, 0xFF, 0x96, 0x4B, 0x74, 0x69, 0x4A, 0xD7, 0xC6, 0x6E, 0xB4, 0x7D, 0xFF,
    0x75, 0x91, 0x32, 0x16, 0x64, 0x67, 0x31, 0x6F, 0xB7, 0x0B, 0xCF, 0xB6, 0x39, 0x78, 0x56, 0xE1,
    0x12, 0xA4, 0x5F, 0xD0, 0xE9, 0x79, 0x8D, 0x0A, 0x78, 0x34, 0x59, 0xAC, 0x29, 0x49, 0xDC, 0x2C,
    0xCB, 0x16, 0xE4, 0x02, 0x9B, 0x1F, 0x5F, 0x37, 0xA9, 0x54, 0x9C, 0x33, 0xE9, 0xF5, 0x65, 0xC5,
    0x11, 0xBF, 0x18, 0x34, 0xDE, 0x79, 0xED, 0x36, 0xE8, 0xB2, 0x1C, 0x93, 0x72, 0x89, 0xC9, 0xA8,
    0xC5, 0x9D, 0x25, 0x6C, 0xC8, 0x50, 0x8A, 0x21, 0x72, 0x55, 0xA5, 0x90, 0xBF, 0x6F, 0x30, 0xA7,
    0x83, 0x1C, 0xB7, 0x10, 0x2E, 0x7A, 0xCD, 0x9D, 0x98, 0xB8, 0x87, 0x78, 0xC4, 0x33, 0x86, 0x9F,
    0x9F, 0xD7, 0xC4, 0xFF, 0x2E, 0x79, 0x94, 0x22, 0x89, 0xFF, 0xBF, 0x05, 0xF1, 0x05, 0x03, 0x66,
    0x95, 0x4A, 0x7C, 0x4A, 0xC4, 0xD1, 0x72, 0x89, 0x14, 0x8A, 0x5E, 0x32, 0xAE, 0x2F, 0x4A, 0x3B,
    0xB9, 0xB1, 0xD6, 0xA1, 0x5B, 0x28, 0x54, 0xAF, 0xE6, 0x37, 0xCB, 0xF9, 0x4B, 0xBC, 0x1C, 0x74,
    0x4F, 0x35, 0x52, 0xFA, 0x2D, 0x1A, 0x69, 0x9B, 0x8D, 0xB4, 0x4D, 0x3A, 0xB6, 0x16, 0x66, 0xAF,
    0xE6, 0xF0, 0x90, 0xC0, 0x08, 0x6F, 0xCA, 0xFB, 0x6B, 0x3E, 0x8B, 0xCB, 0xE7, 0x9A, 0xB2, 0xE4,
    0xEA, 0xE9, 0xEA, 0xE4, 0x88, 0xD5, 0x01, 0xFD, 0xD1, 0xF4, 0x77, 0xFC, 0x9F, 0x23, 0xE6, 0x55,
    0x7D, 0xAD, 0x87, 0x0A, 0xB5, 0x12, 0x8A, 0x09, 0xCD, 0x2C, 0x27, 0xA6, 0x6C, 0x2B, 0xAE, 0x5C,
    0xE4, 0xD2, 0xAF, 0xD2, 0x7F, 0x0D, 0xF2, 0xCC, 0x82, 0xF9, 0x4D, 0xC4, 0x19, 0xBC, 0x82, 0xD6,
    0x0B, 0xEC, 0x6A, 0xBE, 0x44, 0xE7, 0xD4, 0xBC, 0x85, 0xCD, 0xD9, 0xA3, 0x53, 0x4D, 0x39, 0xF9,
    0x9A, 0xE6, 0xB4, 0x6C, 0xD4, 0x33, 0x6A, 0xE7, 0xD2, 0x63, 0xC1, 0xEF, 0x45, 0x88, 0xC0, 0x37,
    0x2E, 0x83, 0x06, 0xD4, 0xB5, 0x4C, 0xF8, 0x71, 0x9F, 0xF4, 0xFB, 0x6E, 0xFF, 0xCE, 0x24, 0x5F,
    0x96, 0xFB, 0x4D, 0x82, 0xB3, 0x97, 0x8B, 0x43, 0x8C, 0xD1, 0x59, 0x81, 0x26, 0x41, 0xC1, 0xF8,
    0x1A, 0xE1, 0x31, 0xEB, 0xA3, 0xAC, 0x73, 0x1F, 0x33, 0x39, 0x91, 0xEC, 0xBF, 0x70, 0xAC, 0xF0,
    0x55, 0x72, 0x21, 0x00, 0xC3, 0x51, 0x8B, 0x29, 0xF1, 0x04, 0x82, 0x65, 0x73, 0x97, 0xE2, 0x5D,
    0x27, 0x43, 0x08, 0x08, 0x36, 0xB5, 0xB2, 0x83, 0x84, 0x64, 0x9F, 0xD2, 0xA6, 0xE7, 0xB1, 0xC6,
    0x23, 0x9C, 0x5C, 0x79, 0xCB, 0xCA, 0xA9, 0x8B, 0xC4, 0xCD, 0x93, 0x9B, 0xE8, 0x4C, 0xCC, 0xF9,
    0xCD, 0x24, 0xFE, 0xD4, 0xC8, 0x8D, 0xB0, 0x90, 0x1F, 0x5C, 0x5E, 0x33, 0x2F, 0xAA, 0xB3, 0x6A,
    0x6D, 0x59, 0x7B, 0x00, 0xBD, 0xF5, 0x7D, 0x4E, 0xCD, 0xB5, 0x9E, 0x46, 0x6B, 0xE5, 0x9C, 0xF6,
    0xD2, 0x38, 0xFD, 0xE5, 0x1E, 0x3B, 0xBF, 0xD3, 0xC7, 0xF9, 0xCD, 0x2C, 0x77, 0xAB, 0x92, 0x4E,
    0xDF, 0xFE, 0x9D, 0x01, 0x97, 0x7B, 0x3F, 0xF9, 0x7B, 0x7F, 0x7E, 0xB2, 0x7A, 0x8D, 0xBE, 0xF2,
    0x06, 0x32, 0xEF, 0x39, 0x66, 0xA4, 0x21, 0x37, 0x2D, 0xBD, 0x13, 0xD8, 0xA9, 0xE9, 0x13, 0xD2,
    0x5E, 0xCE, 0x85, 0xBC, 0x2D, 0x13, 0xB0, 0xA0, 0xC1, 0xB3, 0x10, 0xD9, 0x44, 0xBF, 0xAE, 0xD9,
    0x3C, 0xC1, 0xB3, 0x1C, 0x7C, 0xE7, 0x9E, 0xC5, 0x4D, 0x32, 0x6A, 0x90, 0xE6, 0x9A, 0x44, 0xCF,
    0xB4, 0x34, 0xE3, 0x52, 0xC7, 0xB7, 0x39, 0x22, 0x38, 0xDC, 0x8A, 0x35, 0x21, 0x13, 0xE7, 0xEA,
    0x32, 0x0D, 0x0A, 0x21, 0x1B, 0x1D, 0x3D, 0xFE, 0x33, 0xB4, 0x72, 0x09, 0x3E, 0x39, 0xF9, 0x47,
    0xE6, 0x67, 0xED, 0x3C, 0x64, 0xA8, 0x3A, 0x79, 0x2A, 0xD3, 0xC7, 0xC3, 0xF4, 0xA6, 0x4F, 0x91,
    0x26, 0x66, 0x31, 0x3D, 0xF7, 0x9F, 0x9E, 0x2E, 0xCA, 0x71, 0xF5, 0x88, 0x73, 0x8D, 0x70, 0x39,
    0x49, 0x7D, 0xA4, 0xDA, 0x3E, 0x52, 0x5D, 0x0F, 0x35, 0x79, 0x7B, 0xC8, 0xE2, 0x41, 0x20, 0x99,
    0x39, 0xE8, 0x91, 0x6C, 0x1C, 0xE8, 0x9C, 0xAA, 0x9B, 0xF0, 0x86, 0x9D, 0x56, 0x40, 0x0E, 0xA5,
    0x34, 0xB5, 0xB8, 0x95, 0x19, 0x06, 0xC7, 0xAD, 0xFA, 0x68, 0x3D, 0x53, 0xD3, 0x0B, 0x9D, 0x26,
    0x16, 0x10, 0xE4, 0x96, 0xB9, 0x66, 0xBE, 0x4A, 0xA0, 0x66, 0x39, 0x57, 0x0A, 0xF4, 0xE2, 0x93,
    0x05, 0x7A, 0x69, 0x1D, 0x55, 0x53, 0x93, 0x99, 0x3F, 0x6B, 0xA6, 0xC6, 0x6B, 0x9E, 0x1B, 0xEF,
    0x79, 0x45, 0x8F, 0x8D, 0x11, 0x4C, 0xC7, 0x2F, 0x8E, 0x5B, 0x3A, 0xC7, 0x0B, 0x5A, 0x37, 0xC7,
    0x3E, 0x15, 0xD5, 0x57, 0x17, 0x4B, 0xDB, 0x33, 0x12, 0x28, 0xA3, 0x34, 0x4A, 0x32, 0x4A, 0xA0,
    0x3C, 0x5C, 0x24, 0x50, 0xD6, 0xC1, 0xC1, 0x62, 0x4D, 0xA5, 0x2F, 0x75, 0x88, 0x86, 0x59, 0x52,
    0xE5, 0x02, 0xC9, 0xEF, 0xF0, 0xE0, 0x6D, 0x8D, 0x23, 0xDD, 0x42, 0x4C, 0xFC, 0x59, 0x2D, 0x7D,
    0x75, 0x27, 0x0C, 0x79, 0x24, 0xD1, 0xC5, 0xB4, 0xA2, 0x97, 0x17, 0xBF, 0xAD, 0x87, 0x45, 0x96,
    0x7A, 0x32, 0x08, 0xC7, 0xF4, 0x95, 0x39, 0xF4, 0xA8, 0x4F, 0x30, 0x79, 0x7F, 0x8D, 0x4E, 0x68,
    0x0B, 0xFF, 0xF8, 0xAE, 0x89, 0x4A, 0xBF, 0x8D, 0x73, 0xBF, 0x4B, 0x70, 0xA5, 0x54, 0xBC, 0x4F,
    0xE8, 0x4C, 0xE8, 0x43, 0x59, 0x44, 0x1C, 0xD0, 0x89, 0x73, 0x5A, 0xC9, 0x3A, 0x66, 0x2D, 0x88,
    0x48, 0x8D, 0x5B, 0x34, 0xF4, 0x5A, 0xCC, 0xCA, 0xB8, 0x46, 0xD9, 0x4C, 0xE1, 0x58, 0xA6, 0xCC,
    0x6A, 0x15, 0x49, 0x99, 0x80, 0x5A, 0x4F, 0x03, 0x8B, 0x3D, 0xB7, 0xD8, 0xC3, 0x53, 0xC9, 0x21,
    0x4D, 0xE7, 0xC1, 0xA8, 0x29, 0x26, 0x70, 0x43, 0x18, 0x55, 0xE9, 0xDA, 0x13, 0xAE, 0xB7, 0xC9,
    0x0F, 0xD5, 0x91, 0x31, 0xEC, 0x0E, 0x75, 0x76, 0x5A, 0xBB, 0x42, 0x50, 0x4D, 0x57, 0x6C, 0xE3,
    0xE8, 0x06, 0xE8, 0xDC, 0x82, 0xED, 0x1D, 0x30, 0x37, 0xDA, 0xAF, 0x25, 0x1A, 0x97, 0x19, 0xE3,
    0x32, 0x22, 0x17, 0x11, 0x1B, 0x68, 0xCC, 0x05, 0xC4, 0xD7, 0xAD, 0x1B, 0xCD, 0x8F, 0x94, 0x62,
    0x62, 0xEF, 0x1D, 0x37, 0xE0, 0x79, 0x47, 0xA2, 0x71, 0x19, 0xE1, 0x3A, 0x74, 0xFB, 0x26, 0x3A,
    0x4C, 0xCF, 0xD6, 0xE1, 0xED, 0x33, 0x75, 0xB0, 0x6E, 0x54, 0xBC, 0xC2, 0x6E, 0x9B, 0xF7, 0x4E,
    0xB7, 0x71, 0x3B, 0x42, 0x64, 0x9A, 0x89, 0xCA, 0x3F, 0x87, 0xFC, 0xC5, 0x20, 0xFF, 0xF7, 0x96,
    0xF2, 0x2B, 0x67, 0x5F, 0x27, 0x7F, 0x23, 0x11, 0xE5, 0xBF, 0x8D, 0x43, 0xFF, 0xD2, 0xCF, 0x09,
    0xD8, 0x85, 0x31, 0x1F, 0x60, 0xAE, 0x82, 0x36, 0x8B, 0x18, 0xEB, 0x9E, 0xB4, 0x68, 0xAB, 0xEC,
    0x7E, 0xCE, 0xB5, 0x1C, 0xB7, 0x4C, 0x5F, 0xBF, 0x21, 0xBB, 0x14, 0x6D, 0xAB, 0xA0, 0xDA, 0xD4,
    0xB6, 0xD3, 0x20, 0x98, 0x75, 0xA0, 0xC9, 0x7A, 0x6D, 0x93, 0x19, 0x92, 0x8E, 0xAB, 0xAA, 0xB3,
    0x5D, 0x38, 0x97, 0xC3, 0x03, 0xC0, 0xD6, 0x1E, 0x9C, 0xCA, 0xC6, 0x13, 0x9C, 0x74, 0xFD, 0x54,
    0x7E, 0xE6, 0x5B, 0xE4, 0x19, 0xEF, 0xDB, 0x4F, 0xB8, 0x50, 0x6A, 0x86, 0x25, 0x8F, 0xA7, 0x0B,
    0xF7, 0xA7, 0xCB, 0x1C, 0x0C, 0x62, 0xA3, 0xE9, 0xF0, 0xF0, 0xC4, 0x3D, 0xED, 0x33, 0x86, 0x91,
    0x80, 0xCB, 0x18, 0x4E, 0x6D, 0x87, 0xCD, 0xE5, 0x07, 0x43, 0xB7, 0x55, 0xFD, 0x16, 0xB9, 0xAD,
    0xD4, 0xAD, 0x7A, 0x27, 0x6C, 0x1E, 0x05, 0x20, 0x1C, 0xF6, 0xF1, 0x01, 0x94, 0xCE, 0x19, 0x0C,
    0xBB, 0xBC, 0xE3, 0x33, 0x16, 0xF6, 0x7E, 0x45, 0xED, 0x54, 0x3E, 0x54, 0xD4, 0x0F, 0xAF, 0x73,
    0xE1, 0x85, 0x12, 0xF4, 0x55, 0x4F, 0xF7, 0x38, 0x77, 0xC3, 0x70, 0x65, 0xD0, 0xFC, 0x7D, 0x56,
    0x91, 0x6E, 0x93, 0x0B, 0xCD, 0xDC, 0x07, 0xD7, 0x19, 0x0E, 0x7B, 0xB5, 0xDC, 0xA3, 0x61, 0x2F,
    0xFB, 0xBD, 0x7A, 0x0B, 0x81, 0xCB, 0x2D, 0x98, 0x0A, 0x6E, 0x87, 0x60, 0xE6, 0x2C, 0xD5, 0xF6,
    0x5F, 0xAE, 0x5A, 0xC0, 0xF5, 0xF4, 0x60, 0xB1, 0xA8, 0xFE, 0x2A, 0xAA, 0xFD, 0xED, 0x7C, 0x50,
    0xED, 0xFD, 0x7E, 0x66, 0xB7, 0xD9, 0x4F, 0xEE, 0x0E, 0xFA, 0xE5, 0x7A, 0x5C, 0x4D, 0x23, 0xE0,
    0xD6, 0x39, 0xE1, 0x61, 0xCF, 0xD0, 0x0B, 0x26, 0xEC, 0x09, 0x8D, 0x9B, 0x83, 0xFA, 0xE3, 0x4C,
    0x64, 0xE3, 0x61, 0x9C, 0x82, 0x6B, 0xD3, 0x42, 0xF0, 0xA7, 0xFD, 0xB2, 0x07, 0x8C, 0xF9, 0x27,
    0x68, 0xC4, 0xCB, 0xA9, 0x5A, 0x94, 0xBF, 0x52, 0xEC, 0x3A, 0xB5, 0x79, 0x6C, 0x6B, 0x7D, 0xE0,
    0xA3, 0x22, 0x5D, 0x3B, 0xFD, 0x2A, 0x8F, 0x43, 0x92, 0xD5, 0x9D, 0xC4, 0x92, 0x43, 0x21, 0x86,
    0x03, 0x5F, 0x31, 0x68, 0x97, 0x18, 0xEE, 0x13, 0x23, 0xC5, 0x2B, 0x7B, 0xC4, 0x0F, 0x1A, 0xE2,
    0x4D, 0xC5, 0xDB, 0x8A, 0x06, 0xBE, 0xA5, 0xF2, 0x2B, 0x18, 0x6E, 0x13, 0x7D, 0x0C, 0x23, 0xB6,
    0x73, 0x8F, 0xD5, 0x4E, 0x4F, 0x3D, 0x18, 0x9B, 0x8E, 0x6B, 0xD9, 0xF1, 0x4D, 0x91, 0x7F, 0xD2,
    0x2C, 0xE8, 0xB5, 0x53, 0xCF, 0x2D, 0x45, 0x5C, 0x9E, 0xFB, 0x4B, 0x2E, 0x17, 0x5D, 0xD5, 0x41,
    0xB9, 0x65, 0x08, 0xD3, 0x8A, 0x25, 0x33, 0xCF, 0xA0, 0xAD, 0xFF, 0x39, 0x38, 0x08, 0x08, 0xE1,
    0xCF, 0xB9, 0x7E, 0x72, 0x97, 0xC9, 0x58, 0x44, 0xAC, 0xE6, 0x06, 0xE1, 0x16, 0x81, 0x45, 0x07,
    0xC7, 0x4D, 0xF6, 0x9E, 0x67, 0x4D, 0xCA, 0x84, 0x70, 0xFC, 0x14, 0xFC, 0xE8, 0x03, 0x3E, 0x6E,
    0x9A, 0xB8, 0xFA, 0xBA, 0x40, 0xFC, 0xD0, 0x31, 0xAB, 0x77, 0x3A, 0xEB, 0xF5, 0x7A, 0xA8, 0x79,
    0x57, 0x82, 0x5C, 0x9F, 0xAA, 0xD2, 0x55, 0xDA, 0x44, 0x83, 0xB3, 0x99, 0x7A, 0x27, 0xB5, 0xE4,
    0x49, 0x75, 0x61, 0xC9, 0x12, 0x17, 0x5B, 0xDE, 0x61, 0xC7, 0x42, 0xD0, 0xB2, 0xC1, 0xC5, 0x3F,
    0xAE, 0xBA, 0x63, 0x68, 0x2B, 0x87, 0x67, 0x87, 0x5E, 0x2F, 0x77, 0xAE, 0x3E, 0xCC, 0x3D, 0xAD,
    0x21, 0xC6, 0x2D, 0x04, 0x3D, 0x5C, 0x7C, 0xEE, 0x9F, 0x5F, 0x48, 0x8B, 0x8B, 0xC8, 0xDD, 0xE1,
    0x10, 0x85, 0x47, 0x3F, 0x63, 0x7D, 0x2D, 0x03, 0xDA, 0xE8, 0xC7, 0x65, 0x1F, 0x3A, 0xBC, 0x11,
    0xEE, 0xC2, 0x82, 0x91, 0x66, 0xFA, 0x2B, 0x7D, 0xDE, 0xE5, 0x1F, 0x18, 0x5C, 0xB4, 0xA9, 0x86,
    0x20, 0xFB, 0x9A, 0xA3, 0xC8, 0x2F, 0x22, 0x6B, 0xB7, 0x18, 0x54, 0xEE, 0xB2, 0xD5, 0x67, 0x20,
    0xC2, 0x37, 0x7C, 0x5C, 0xE2, 0x97, 0x68, 0xE5, 0x77, 0xFD, 0xE2, 0x75, 0x13, 0x76, 0xB1, 0x3A,
    0x9E, 0x5A, 0xB9, 0x8B, 0x06, 0xC3, 0x51, 0x69, 0x47, 0xF2, 0xD3, 0x65, 0xC1, 0x20, 0xC2, 0x3C,
    0x25, 0x22, 0x23, 0x11, 0x1F, 0xF6, 0x44, 0x4C, 0x16, 0x44, 0x58, 0x47, 0x84, 0xE7, 0x88, 0x08,
    0x4E, 0x12, 0x71, 0xE5, 0x04, 0x11, 0x66, 0x2F, 0x93, 0x05, 0x11, 0xED, 0x90, 0xF0, 0x8F, 0x17,
    0x35, 0xFE, 0x5A, 0x75, 0xF3, 0xE8, 0xFD, 0xA1, 0x1A, 0x3A, 0x7D, 0xBC, 0x58, 0x3C, 0x18, 0x1E,
    0x1A, 0x5C, 0x3E, 0xCA, 0xC8, 0xE3, 0x77, 0x7B, 0xDF, 0xB1, 0x3F, 0x54, 0x9D, 0x3E, 0xE6, 0x82,
    0xE9, 0x38, 0xFC, 0xA9, 0x71, 0x44, 0xAB, 0x68, 0xB8, 0xB4, 0x17, 0xD9, 0xCA, 0x6F, 0x75, 0xEE,
    0x76, 0x40, 0x4A, 0x39, 0x79, 0x6C, 0xB4, 0x2A, 0x66, 0xF1, 0x74, 0xE5, 0x4C, 0x0B, 0x0F, 0x8E,
    0x96, 0x4F, 0x9D, 0x22, 0xB4, 0x0B, 0x34, 0xC9, 0xE3, 0x5B, 0xE5, 0x27, 0x63, 0x28, 0x1C, 0x69,
    0xFA, 0x27, 0x7A, 0x56, 0xC4, 0x9A, 0x0F, 0x8A, 0xEF, 0x32, 0x8D, 0x0D, 0xAE, 0x93, 0xB8, 0xBC,
    0xA1, 0x1F, 0x36, 0xA2, 0x8A, 0x59, 0x8B, 0xA8, 0xDA, 0x0C, 0xEB, 0x4D, 0x5D, 0xAF, 0xDA, 0x09,
    0xCC, 0x8E, 0x56, 0xD2, 0x34, 0x81, 0xBA, 0x94, 0xE0, 0xB9, 0xF1, 0x1B, 0x2D, 0x6A, 0xF8, 0x9F,
    0xDA, 0x6B, 0xF9, 0xC1, 0x7B, 0x51, 0xCA, 0x5C, 0xDB, 0x01, 0x0D, 0x33, 0x2D, 0xFB, 0x85, 0x39,
    0x97, 0xE3, 0x9F, 0x0E, 0x4B, 0x75, 0x23, 0xD3, 0x74, 0xDF, 0xFB, 0x05, 0x98, 0xCC, 0xE9, 0x3F,
    0xEB, 0x5C, 0x6B, 0x2A, 0x99, 0x61, 0x1E, 0x9D, 0xAA, 0xB9, 0x69, 0xE4, 0xED, 0xC2, 0x6B, 0x33,
    0x1A, 0x52, 0x30, 0xBB, 0xAA, 0x6F, 0x73, 0x51, 0xB3, 0x3A, 0xE2, 0x1B, 0x2B, 0x18, 0xF5, 0x6D,
    0xC7, 0xBD, 0xB5, 0xEE, 0x58, 0xC3, 0x4A, 0x92, 0xD2, 0x67, 0xB5, 0x43, 0x56, 0xA2, 0xC9, 0x76,
    0xF1, 0x06, 0xAB, 0xCC, 0x64, 0xCA, 0xF2, 0xEC, 0x34, 0x7F, 0x51, 0xB3, 0x32, 0xE5, 0xE3, 0x3F,
    0x18, 0x44, 0x7E, 0xF1, 0x6F, 0xFE, 0xB5, 0xDD, 0xD1, 0xC2, 0x4D, 0x8D, 0x0B, 0x6C, 0xAE, 0x0F,
    0xBF, 0xF9, 0xEE, 0x79, 0xD4, 0x66, 0xB9, 0xE0, 0xA3, 0x8B, 0x3F, 0xB0, 0x14, 0xE8, 0xE7, 0xE7,
    0x52, 0x2E, 0x1A, 0xAC, 0x0A, 0x6C, 0x97, 0xDA, 0xD2, 0xB7, 0xFA, 0x40, 0x95, 0xAB, 0x30, 0xDD,
    0xD4, 0x04, 0xD0, 0xBE, 0xE6, 0xDF, 0xF8, 0xC0, 0x62, 0xC9, 0xCB, 0xC5, 0x15, 0xDB, 0x23, 0x34,
    0x6C, 0x03, 0xBF, 0x71, 0x4F, 0x66, 0x69, 0xD6, 0xFD, 0x70, 0x6F, 0xC9, 0x88, 0xDE, 0x5C, 0x27,
    0xC4, 0x83, 0x61, 0x8F, 0x31, 0x59, 0x45, 0x9F, 0x69, 0x35, 0xD1, 0xEA, 0x7C, 0xB7, 0x80, 0xA2,
    0xFE, 0x33, 0xA4, 0xBD, 0xC5, 0x3F, 0xC7, 0x09, 0x5B, 0xB4, 0xD7, 0x07, 0x43, 0x59, 0x4F, 0x9F,
    0x35, 0x80, 0xD5, 0x62, 0x46, 0x68, 0xE5, 0x4F, 0x59, 0x23, 0x8C, 0x28, 0x8E, 0xAB, 0x08, 0xC2,
    0xD5, 0x74, 0xCC, 0x66, 0x00, 0x5B, 0x84, 0x1D, 0x76, 0x94, 0x7D, 0x06, 0x88, 0x66, 0x58, 0x18,
    0xA6, 0x59, 0x1D, 0x32, 0x5B, 0xB0, 0x4B, 0x0D, 0xB2, 0xBB, 0x94, 0x61, 0xB6, 0x28, 0xD5, 0xDD,
    0x1B, 0x6A, 0x4F, 0x98, 0xB1, 0xBB, 0xAE, 0x26, 0x48, 0x8F, 0xC5, 0x1C, 0x73, 0x4F, 0xA3, 0xC7,
    0x27, 0x70, 0x30, 0x1F, 0xA7, 0x05, 0x04, 0x1D, 0x15, 0xF5, 0x4C, 0x7C, 0xD2, 0x48, 0x2E, 0x12,
    0x9B, 0xAE, 0xC8, 0xA5, 0x1D, 0x96, 0xFA, 0xD4, 0x9C, 0x4F, 0x14, 0xB9, 0x84, 0x4C, 0x8C, 0x2A,
    0x70, 0x1A, 0x54, 0xB3, 0xF2, 0xAF, 0x84, 0x34, 0x59, 0x1E, 0xB3, 0x37, 0x7A, 0x2E, 0x18, 0xD6,
    0xAC, 0x8F, 0x3E, 0xE7, 0xA8, 0x0B, 0x9D, 0x93, 0x61, 0xB9, 0x47, 0xF3, 0x40, 0xE1, 0xE2, 0xA0,
    0x5E, 0x1D, 0x9D, 0xE6, 0x23, 0x7D, 0x6E, 0x1A, 0x1D, 0xDE, 0x33, 0x11, 0x2B, 0x33, 0x12, 0x4E,
    0xAD, 0x38, 0x71, 0x50, 0x28, 0x5D, 0x20, 0xDF, 0xB9, 0x40, 0x9B, 0xAE, 0x98, 0x53, 0xB8, 0x3B,
    0xA3, 0xB6, 0xB5, 0xF4, 0x1C, 0x16, 0xDD, 0x29, 0x2E, 0x37, 0xD1, 0xAE, 0x9B, 0x20, 0xEE, 0xFB,
    0xD2, 0xD7, 0xC8, 0x6A, 0xA2, 0xAC, 0x70, 0xF9, 0xDF, 0x03, 0x0D, 0xDF, 0x1F, 0x07, 0xB5, 0x57,
    0xC7, 0xA0, 0x33, 0x85, 0xAB, 0xC0, 0x0D, 0xB8, 0x17, 0x5F, 0xFF, 0x30, 0xD3, 0x79, 0x28, 0xCD,
    0x2E, 0xC7, 0xE7, 0x06, 0xB8, 0x47, 0x27, 0x17, 0x76, 0xD6, 0xA2, 0xF0, 0x2B, 0x3E, 0xD6, 0x73,
    0x2E, 0xED, 0xCD, 0xD5, 0xA6, 0x30, 0xF7, 0xCD, 0x86, 0xF3, 0x95, 0x34, 0xEB, 0xA4, 0x1A, 0x56,
    0xCA, 0xD7, 0x46, 0xC1, 0xFF, 0x03, 0xD5, 0x5A, 0x3D, 0x8F, 0xDC, 0xD6, 0x15, 0xBD, 0x24, 0x65,
    0x51, 0x31, 0x11, 0x51, 0x08, 0x1C, 0xC0, 0x80, 0x2C, 0x51, 0x85, 0x8B, 0x04, 0x90, 0x96, 0x8D,
    0x0B, 0x21, 0xD8, 0x1D, 0xD2, 0x71, 0xE1, 0x22, 0x8D, 0x8B, 0xF4, 0x76, 0x99, 0x6E, 0x5D, 0x28,
    0x80, 0x0A, 0xED, 0x0E, 0x15, 0x97, 0x69, 0xF4, 0x0F, 0xAC, 0x7F, 0x10, 0x15, 0x42, 0x20, 0xC0,
    0xBB, 0x3B, 0xB4, 0x53, 0xA4, 0x48, 0x11, 0x02, 0x29, 0x5C, 0x8A, 0x0E, 0x14, 0xA4, 0x08, 0x60,
    0x53, 0x30, 0x01, 0x73, 0x6D, 0xCE, 0xBC, 0x9C, 0x73, 0x2F, 0x39, 0x1F, 0x2B, 0x3B, 0x96, 0x13,
    0x29, 0x5E, 0x0F, 0x86, 0xEF, 0xBE, 0x9D, 0x59, 0x92, 0xEF, 0x9D, 0xFB, 0x79, 0x2E, 0x47, 0x04,
    0xAF, 0xA8, 0x14, 0xF9, 0xE9, 0x5B, 0x92, 0xD4, 0xE2, 0x3B, 0x97, 0x27, 0x8D, 0xA4, 0xFF, 0x98,
    0xD5, 0x61, 0x23, 0x47, 0x12, 0x76, 0x7E, 0xE5, 0xB7, 0x22, 0xF3, 0xA0, 0x0C, 0x6B, 0x91, 0x69,
    0x9C, 0xC7, 0xF8, 0xDF, 0xEC, 0x48, 0x28, 0xD2, 0x56, 0x92, 0x5C, 0x24, 0x29, 0x25, 0x85, 0xC0,
    0x27, 0x99, 0x7C, 0xBB, 0xE0, 0x09, 0x85, 0xA4, 0x85, 0xF0, 0xA4, 0x84, 0x17, 0xC3, 0xE7, 0x95,
    0xC8, 0xBE, 0x08, 0xEE, 0x28, 0xBD, 0x48, 0xD0, 0x0B, 0x6F, 0x29, 0x58, 0x09, 0x3E, 0x97, 0xD4,
    0x39, 0xAE, 0xD1, 0x77, 0x8F, 0x44, 0x5F, 0x41, 0xCD, 0x15, 0xF3, 0x1F, 0xE2, 0x0E, 0xC3, 0x59,
    0x0E, 0xD2, 0x4A, 0xDA, 0x49, 0xE3, 0x39, 0x77, 0xBB, 0x0A, 0x9B, 0xE8, 0xE3, 0x32, 0x2E, 0x83,
    0x05, 0x6E, 0xE0, 0xF5, 0xBC, 0xFC, 0x30, 0x4C, 0x97, 0xC3, 0xFE, 0x72, 0x96, 0x89, 0xD7, 0x61,
    0x4D, 0xB8, 0x5F, 0x52, 0xE0, 0xF6, 0x71, 0x8D, 0x15, 0x05, 0x7A, 0xC3, 0x69, 0x6B, 0xB7, 0xD3,
    0x2D, 0xE2, 0x95, 0x95, 0x33, 0x97, 0xC7, 0x7D, 0x56, 0xCD, 0x9C, 0xC4, 0xFD, 0x45, 0x85, 0xE3,
    0x16, 0x50, 0xC1, 0x12, 0x0F, 0xC2, 0x42, 0x45, 0x2C, 0x11, 0x44, 0x7F, 0x4B, 0x85, 0x6B, 0x54,
    0x2C, 0x72, 0xA2, 0x8B, 0x75, 0x70, 0xF3, 0x7E, 0xA7, 0x22, 0xD8, 0x10, 0xE1, 0x03, 0x15, 0x91,
    0x89, 0xF3, 0xF7, 0x55, 0xBC, 0xD2, 0xAA, 0xD8, 0x36, 0xF1, 0x9A, 0x89, 0x06, 0x22, 0xAA, 0xFC,
    0x0A, 0x30, 0x05, 0x6D, 0x74, 0x1B, 0xC2, 0x73, 0x0B, 0xCF, 0x01, 0xCA, 0xDD, 0xD6, 0x73, 0xA5,
    0x8C, 0xAA, 0xC4, 0x9A, 0x9B, 0xD5, 0x18, 0xEA, 0xE8, 0xD5, 0x17, 0x1B, 0x49, 0x7E, 0x59, 0xFE,
    0x02, 0xDB, 0x7D, 0xB3, 0xE0, 0xCE, 0x77, 0x45, 0x3A, 0x99, 0x75, 0x1C, 0x71, 0x09, 0xC0, 0xF0,
    0x19, 0xFE, 0xAB, 0xF5, 0x1F, 0x02, 0xEA, 0x36, 0xD0, 0x31, 0x7C, 0x1F, 0x63, 0x13, 0xBD, 0x8D,
    0xDB, 0x35, 0x71, 0xCA, 0xF1, 0xB2, 0x8E, 0xD7, 0x74, 0xDC, 0x06, 0xA8, 0xFE, 0x71, 0x9B, 0xBD,
    0x84, 0x55, 0x34, 0x29, 0x36, 0x38, 0x2B, 0xE2, 0x41, 0x45, 0x22, 0x77, 0xE5, 0xD5, 0x71, 0xBA,
    0xE7, 0x35, 0xE3, 0x34, 0x79, 0xBF, 0x1C, 0xA7, 0x91, 0x1B, 0x67, 0xE2, 0xCF, 0x97, 0x53, 0x69,
    0xE5, 0x1B, 0x5E, 0xB1, 0x73, 0xC7, 0xB8, 0x80, 0x73, 0xAE, 0xC4, 0xD4, 0x55, 0x36, 0x95, 0x43,
    0xB9, 0xD8, 0xD1, 0x98, 0xF0, 0xDE, 0x13, 0x0F, 0x2A, 0x17, 0xEA, 0x75, 0x0F, 0xEA, 0xCA, 0x77,
    0x60, 0xB5, 0x82, 0x7F, 0x80, 0x91, 0x6D, 0x2B, 0xD6, 0x87, 0x34, 0xB4, 0x33, 0x8A, 0x07, 0xA6,
    0x51, 0xAD, 0x98, 0xCA, 0x81, 0x21, 0x94, 0x15, 0xCB, 0xE9, 0x4C, 0xC6, 0x29, 0xD5, 0x46, 0x8B,
    0xC4, 0x34, 0x68, 0x97, 0x53, 0x9E, 0xC9, 0x29, 0x24, 0xED, 0x97, 0x53, 0x18, 0x30, 0x0D, 0x5B,
    0x4C, 0xCD, 0x0B, 0xB1, 0x69, 0x5A, 0xE0, 0x02, 0x1E, 0xC1, 0xC6, 0xA2, 0x70, 0x81, 0xA0, 0xC4,
    0xD4, 0x9B, 0xC3, 0xCA, 0x24, 0xE4, 0x14, 0x46, 0x9C, 0x96, 0x12, 0x17, 0xD2, 0x79, 0xB3, 0x92,
    0xEB, 0x4E, 0x0B, 0x18, 0x3B, 0x16, 0x8D, 0xAD, 0xB9, 0x3C, 0x73, 0xB0, 0x1D, 0x9B, 0x9E, 0x04,
    0x23, 0xCA, 0xA3, 0x61, 0x16, 0x54, 0x3B, 0x03, 0x34, 0x72, 0xDC, 0x89, 0x21, 0x23, 0xB3, 0x5A,
    0x0C, 0x18, 0x18, 0xAD, 0x18, 0x2E, 0x12, 0xCB, 0x00, 0x8B, 0x9E, 0xA6, 0xA8, 0x8C, 0xB3, 0xB8,
    0xCA, 0x78, 0x9A, 0x62, 0xA2, 0x33, 0xDD, 0xFC, 0x0E, 0x17, 0xA6, 0xB3, 0x6D, 0xBA, 0x8F, 0xCE,
    0x6E, 0x52, 0x28, 0x08, 0x57, 0xBC, 0x76, 0x89, 0x4C, 0x3D, 0xA2, 0x41, 0x38, 0x0D, 0x8C, 0x74,
    0x89, 0xC5, 0xDE, 0x08, 0x85, 0x74, 0x36, 0x9B, 0xC2, 0xA4, 0xA4, 0x30, 0x20, 0xC2, 0xD2, 0x1F,
    0x70, 0x88, 0x73, 0x80, 0xA3, 0x30, 0x4C, 0x60, 0xC2, 0x86, 0xC2, 0xCC, 0xB9, 0xC2, 0x40, 0x98,
    0x6E, 0x62, 0x00, 0x63, 0x3B, 0x2F, 0xAF, 0xD8, 0x24, 0x2A, 0x1E, 0x18, 0xDA, 0xC1, 0x17, 0xCD,
    0x00, 0xBB, 0x79, 0x02, 0x0D, 0x32, 0x1F, 0x26, 0xD7, 0x64, 0x98, 0xC8, 0xFA, 0x24, 0x39, 0xEE,
    0xF5, 0x1E, 0xC0, 0xB8, 0x23, 0xCE, 0x45, 0xD0, 0xC2, 0x41, 0xE1, 0x1F, 0xDC, 0x01, 0xA2, 0x09,
    0x36, 0x9B, 0x14, 0x1E, 0xC3, 0x0A, 0xF4, 0x94, 0xE3, 0xAB, 0x3B, 0xD8, 0x6A, 0x36, 0xBA, 0xED,
    0x04, 0xB1, 0x51, 0xB8, 0xD1, 0x7D, 0x75, 0xDD, 0x3D, 0x4E, 0xCE, 0xB7, 0xF4, 0x26, 0x4C, 0x7E,
    0xDC, 0x72, 0x97, 0x98, 0x5C, 0x6D, 0xB9, 0xC9, 0x7C, 0x22, 0xD7, 0xB9, 0xC7, 0x30, 0xCF, 0xE4,
    0x46, 0x8B, 0x53, 0xE3, 0x3C, 0xB9, 0x0D, 0x6F, 0xC6, 0x0D, 0xA0, 0xB3, 0x72, 0xF1, 0x09, 0xEE,
    0x2E, 0xFE, 0x42, 0xF6, 0x73, 0xE7, 0x16, 0xB0, 0x6C, 0x6E, 0xC2, 0x95, 0x89, 0xC3, 0xE5, 0xFE,
    0x80, 0xF5, 0x1D, 0xD2, 0x49, 0x1A, 0xD5, 0xC1, 0x13, 0x32, 0xB0, 0x98, 0xF9, 0x3F, 0xC9, 0x6E,
    0x88, 0xAA, 0x2B, 0xE9, 0xE5, 0x26, 0x35, 0xEA, 0x03, 0x82, 0x70, 0x90, 0x91, 0x4A, 0x0D, 0x96,
    0x15, 0x03, 0xB3, 0xCB, 0x21, 0x33, 0x4A, 0xC6, 0x3A, 0xB1, 0x10, 0xBF, 0x21, 0x87, 0xE8, 0xA9,
    0xE1, 0x5F, 0xCC, 0xB1, 0x34, 0x1C, 0x0D, 0x31, 0xC1, 0x2F, 0x4F, 0xFA, 0x79, 0x61, 0x2A, 0xAE,
    0x14, 0x05, 0x8A, 0x56, 0x3F, 0x3C, 0xDC, 0x38, 0x7D, 0x53, 0x70, 0x1F, 0xD0, 0x75, 0xCF, 0x24,
    0x51, 0xEA, 0x5F, 0x58, 0x0D, 0x45, 0x58, 0xAD, 0xFF, 0x15, 0x95, 0x27, 0x44, 0x67, 0xEB, 0x5C,
    0x0A, 0x2F, 0x57, 0x11, 0x20, 0x7B, 0xE8, 0x9E, 0x55, 0x44, 0x65, 0x5C, 0xE8, 0x8E, 0xE3, 0x42,
    0x37, 0x1C, 0xE7, 0x99, 0x09, 0x5B, 0xEE, 0xB0, 0x4B, 0x13, 0x97, 0x75, 0x3C, 0xB3, 0x6D, 0x5B,
    0xE8, 0x6C, 0xE3, 0xB6, 0x53, 0xE4, 0xBC, 0x69, 0x03, 0xCD, 0x23, 0xAD, 0xCC, 0xF2, 0xB3, 0x1C,
    0x3C, 0x1A, 0x02, 0xDD, 0x48, 0x75, 0xB9, 0x31, 0x20, 0x22, 0x22, 0xEE, 0x3A, 0xFE, 0x99, 0xE6,
    0xD0, 0x50, 0xC2, 0x21, 0x5D, 0x0D, 0xB2, 0x31, 0x64, 0xC3, 0x50, 0x6F, 0x0E, 0x9F, 0x14, 0x13,
    0xA4, 0xB2, 0x72, 0x42, 0x47, 0xDB, 0xE1, 0x12, 0xB6, 0x97, 0xC3, 0x4D, 0x1C, 0x17, 0x78, 0xE7,
    0x19, 0xEF, 0xA7, 0xFE, 0xC2, 0x2C, 0xEC, 0x0A, 0xCF, 0xCD, 0x63, 0xD7, 0xC1, 0x24, 0x3D, 0xD7,
    0x47, 0x48, 0xB8, 0x88, 0x24, 0xD8, 0x28, 0xBE, 0xFB, 0xA0, 0x19, 0x26, 0x7F, 0xEC, 0x38, 0x99,
    0x20, 0x52, 0xF7, 0xE3, 0xE4, 0x88, 0x28, 0x70, 0x92, 0x8D, 0x93, 0xB4, 0x88, 0x35, 0xA1, 0x37,
    0x71, 0x39, 0x4E, 0xAA, 0x58, 0x7D, 0xA4, 0x09, 0x9B, 0x61, 0x12, 0xB4, 0xC3, 0xC4, 0xEB, 0x63,
    0x0D, 0x43, 0x8D, 0xCC, 0x93, 0x61, 0x32, 0x1D, 0x27, 0xD9, 0xDB, 0x9C, 0xC0, 0x58, 0x92, 0x87,
    0xD4, 0x36, 0x26, 0xF1, 0xA7, 0xC3, 0x24, 0x5C, 0x50, 0xF1, 0x98, 0x04, 0x3A, 0x49, 0x17, 0x85,
    0xA7, 0x93, 0xCC, 0x69, 0x00, 0x5E, 0x3A, 0x7B, 0x37, 0x48, 0x6F, 0x4C, 0x2D, 0xC1, 0x98, 0x8E,
    0xC2, 0x6A, 0xD3, 0xE6, 0x74, 0xED, 0xF6, 0xBA, 0xFE, 0x44, 0xFE, 0xF1, 0x87, 0xD3, 0x83, 0xDE,
    0x60, 0xA2, 0x24, 0x4A, 0xF8, 0xDC, 0x40, 0x1A, 0x31, 0x1A, 0x21, 0x1A, 0x11, 0x1A, 0x00, 0xBA,
    0x58, 0x1B, 0x3E, 0xD0, 0xBF, 0xC2, 0x73, 0xA1, 0x1B, 0xD0, 0xE9, 0x06, 0x70, 0xBA, 0x01, 0x9B,
    0xCE, 0xA0, 0xD1, 0xB8, 0xD3, 0x9B, 0x24, 0x30, 0x58, 0xBE, 0xE2, 0xA2, 0x12, 0xB0, 0x78, 0xAD,
    0xA1, 0xE2, 0xB7, 0x06, 0x8A, 0xDF, 0x18, 0x26, 0x2A, 0x03, 0x4A, 0x43, 0xC4, 0x6F, 0x0C, 0x10,
    0xAD, 0x9A, 0x34, 0x61, 0x0C, 0xB2, 0xDC, 0x90, 0x5E, 0x68, 0x18, 0x84, 0x43, 0x5A, 0x0E, 0xE7,
    0x9B, 0xDB, 0xF6, 0x0D, 0xB4, 0xB0, 0x5B, 0x17, 0x7E, 0x23, 0xFF, 0xE1, 0x95, 0xD6, 0x30, 0xE3,
    0xA4, 0xFE, 0xA0, 0x89, 0x9D, 0xCC, 0x5A, 0xAF, 0xDD, 0x49, 0x72, 0xAF, 0xF3, 0xDA, 0x9B, 0x70,
    0xA7, 0xCE, 0x6B, 0xEE, 0x51, 0xF8, 0x4D, 0x83, 0x08, 0xDB, 0xFA, 0x8F, 0x2B, 0x7C, 0xD7, 0xFA,
    0x9F, 0x97, 0x26, 0x0A, 0x44, 0xDB, 0xD6, 0xFF, 0x67, 0x9E, 0xD2, 0x15, 0x3E, 0x13, 0x15, 0x9F,
    0xC2, 0xF8, 0xFC, 0x26, 0x98, 0x9B, 0xE8, 0xD5, 0xE8, 0x83, 0xCE, 0x44, 0x2B, 0xD9, 0x41, 0x50,
    0xD3, 0x4F, 0xAA, 0x61, 0x9B, 0xC3, 0x2E, 0x87, 0xCD, 0x99, 0xF0, 0xA3, 0x7C, 0x6D, 0x87, 0x91,
    0x6D, 0x90, 0x69, 0x1D, 0x19, 0xFA, 0x0E, 0xD5, 0xA4, 0xF6, 0x30, 0xDD, 0xE5, 0x7F, 0x25, 0xFA,
    0xAD, 0x16, 0x99, 0xE2, 0x57, 0x27, 0x77, 0x16, 0xEA, 0xE7, 0x5A, 0x7D, 0xA2, 0x14, 0x54, 0xC7,
    0xD7, 0x71, 0x47, 0xCF, 0xDA, 0x3E, 0xE2, 0xF8, 0x60, 0xCA, 0xB1, 0xC9, 0x34, 0xD6, 0xB1, 0x3C,
    0xF6, 0x59, 0x5A, 0x6A, 0x6C, 0x11, 0x86, 0x96, 0x4A, 0xB3, 0x38, 0x6B, 0x10, 0xAD, 0x39, 0x50,
    0xCD, 0xB0, 0x08, 0x71, 0x8C, 0x76, 0xDB, 0x5A, 0x27, 0x3E, 0xD0, 0xEA, 0xA3, 0xD5, 0x22, 0x06,
    0x5F, 0x41, 0x93, 0xAC, 0xBF, 0x25, 0xFD, 0x52, 0xCE, 0xBA, 0x47, 0xAC, 0x41, 0xDD, 0x60, 0xD9,
    0xB5, 0xE0, 0x5A, 0xB7, 0x42, 0xD6, 0xE3, 0xBB, 0x5C, 0xD0, 0x7C, 0x54, 0x90, 0x5F, 0x6F, 0xAC,
    0x3A, 0x39, 0xFE, 0x0D, 0xD3, 0x0A, 0x32, 0x65, 0x87, 0xEB, 0x47, 0x4C, 0x71, 0x1A, 0xE0, 0x34,
    0xB5, 0x69, 0x5A, 0xCB, 0x78, 0x9E, 0xA6, 0x33, 0xA4, 0xB2, 0xCE, 0xD2, 0x98, 0xA6, 0xB0, 0x8C,
    0xE9, 0x4B, 0x53, 0x17, 0xD3, 0x56, 0x1E, 0xB9, 0xD2, 0x55, 0x1E, 0xD3, 0xD5, 0x6B, 0xF2, 0xF2,
    0x96, 0x3C, 0x88, 0x3F, 0xAE, 0x11, 0x68, 0xC4, 0x59, 0x60, 0xD1, 0x7B, 0x39, 0x68, 0xBD, 0xA6,
    0x0F, 0x1F, 0xAC, 0xBD, 0xFB, 0x6F, 0x78, 0x77, 0xC3, 0xDB, 0x1B, 0xDF, 0xA9, 0xBB, 0x93, 0x39,
    0xAE, 0xFE, 0xBE, 0xDC, 0xDB, 0x09, 0xAA, 0xF8, 0xFD, 0x02, 0x96, 0x0D, 0xA5, 0xCB, 0x68, 0x70,
    0x28, 0xFA, 0x93, 0x85, 0x9C, 0x99, 0xA8, 0xCB, 0x4E, 0x34, 0xC4, 0xEC, 0x6B, 0x34, 0x39, 0x94,
    0xD5, 0x4D, 0x87, 0xEB, 0x5F, 0x81, 0xF5, 0xB1, 0xBC, 0x0B, 0xA8, 0x68, 0xF8, 0x81, 0xFA, 0xE4,
    0x5C, 0x95, 0x94, 0x29, 0x84, 0x89, 0xE2, 0x14, 0x16, 0x2B, 0xA8, 0xC0, 0x85, 0x44, 0xA9, 0x90,
    0x28, 0x13, 0x12, 0x25, 0x42, 0xEA, 0x0B, 0xA8, 0x59, 0x54, 0x0D, 0xCA, 0x82, 0x94, 0x0B, 0xA5,
    0xA5, 0x71, 0x20, 0xA3, 0x40, 0xC6, 0x72, 0xBE, 0x71, 0x54, 0xF2, 0x63, 0xDC, 0xC7, 0xA8, 0x8F,
    0x31, 0x1F, 0x23, 0x3E, 0x03, 0xEF, 0x31, 0xDA, 0x63, 0xAC, 0x67, 0x49, 0x7A, 0xBC, 0xCA, 0x2B,
    0xE5, 0x41, 0x54, 0x48, 0x86, 0x7D, 0x26, 0x2C, 0xB7, 0x9A, 0x95, 0x2F, 0xAB, 0xB7, 0x1D, 0xA3,
    0x0C, 0x77, 0xE0, 0x30, 0x51, 0x0D, 0xEE, 0xD3, 0x82, 0xFA, 0x74, 0x24, 0x3D, 0x3C, 0xA6, 0xC3,
    0xB1, 0x3F, 0x48, 0x72, 0x1E, 0x52, 0x1E, 0x32, 0x1E, 0x12, 0x1E, 0xE5, 0x3B, 0xA4, 0x3B, 0x3F,
    0x12, 0x5F, 0x13, 0x23, 0xAB, 0x37, 0xFF, 0x58, 0x4D, 0xDA, 0x35, 0xC6, 0x7D, 0xD6, 0x72, 0xDD,
    0xF2, 0x45, 0x3E, 0xE4, 0x6A, 0x35, 0xC5, 0x4A, 0xD9, 0x90, 0x46, 0xD4, 0x83, 0x61, 0x54, 0x2A,
    0xB4, 0x39, 0x2A, 0x0F, 0x22, 0x0D, 0xEA, 0x07, 0xFA, 0xB3, 0x1C, 0xC1, 0x81, 0x8C, 0x02, 0x19,
    0x03, 0x32, 0x02, 0x84, 0xF1, 0x6A, 0x3B, 0xD0, 0x1F, 0x63, 0x3F, 0x46, 0x7E, 0x8C, 0xFB, 0x0C,
    0xD4, 0x27, 0x7D, 0x34, 0x32, 0x1F, 0x04, 0xED, 0x1B, 0xC0, 0x81, 0x56, 0x1F, 0x3F, 0xA4, 0xAB,
    0x11, 0x40, 0x4F, 0x5D, 0xF2, 0xFE, 0x46, 0xF1, 0xCC, 0x7C, 0x4A, 0x1A, 0x94, 0x5F, 0xE8, 0x59,
    0x0F, 0x77, 0xAC, 0x1D, 0x50, 0x00, 0x1A, 0x05, 0x52, 0x06, 0xA4, 0x04, 0x48, 0xF9, 0x8F, 0xD2,
    0x1F, 0x65, 0x3F, 0x4A, 0x7E, 0x94, 0xFB, 0x28, 0xF5, 0x51, 0xE6, 0x63, 0xC4, 0x47, 0x79, 0x4F,
    0xA8, 0xFA, 0xB2, 0xF1, 0xC9, 0x57, 0x58, 0x6D, 0x11, 0xC0, 0x66, 0x4A, 0x23, 0x69, 0x58, 0x97,
    0x86, 0xE5, 0xE4, 0xD4, 0xA2, 0x99, 0x32, 0xB4, 0xA4, 0x63, 0x7C, 0x59, 0x7B, 0x6D, 0x31, 0x89,
    0xCE, 0xDE, 0xE8, 0x87, 0x61, 0xF2, 0x64, 0x02, 0x78, 0x3E, 0xE0, 0x8A, 0x5C, 0xD5, 0xAB, 0x2B,
    0xB1, 0x0A, 0x54, 0xA5, 0xB1, 0x3A, 0xAD, 0xD6, 0x35, 0x72, 0xE1, 0x87, 0x0A, 0xB4, 0x05, 0x34,
    0xA5, 0x96, 0xCA, 0xD5, 0xB9, 0x6A, 0xAB, 0x53, 0xF2, 0x53, 0x81, 0xFB, 0x8B, 0xE2, 0x13, 0xC1,
    0x8A, 0xE5, 0xAD, 0x67, 0x01, 0x61, 0xD6, 0x5A, 0x79, 0xAE, 0x3A, 0xC8, 0x7F, 0xD0, 0x66, 0x8E,
    0xE4, 0x05, 0x68, 0x85, 0x7D, 0x97, 0x8F, 0x6B, 0xC6, 0x0B, 0x2A, 0xC4, 0x8D, 0xF5, 0xF1, 0xA9,
    0x31, 0x7D, 0x59, 0xA6, 0xF2, 0x40, 0x35, 0xE0, 0x59, 0x88, 0x31, 0xFE, 0xEE, 0xD5, 0x3F, 0x68,
    0x15, 0xAC, 0xCA, 0x6F, 0xF5, 0x67, 0xAB, 0x2B, 0x67, 0x27, 0xD3, 0xF1, 0xF7, 0xAC, 0x82, 0xB3,
    0xF4, 0x82, 0x00, 0x25, 0x2A, 0xB2, 0xC9, 0xE1, 0xD8, 0x19, 0x4C, 0xB5, 0x0B, 0xB9, 0x74, 0x80,
    0x17, 0xDE, 0x1A, 0x0A, 0x86, 0xE4, 0x78, 0xB7, 0xC1, 0x0E, 0xBC, 0x9E, 0x35, 0x5C, 0x8F, 0x9A,
    0xD4, 0x9B, 0x03, 0x45, 0x54, 0xF2, 0xA5, 0x91, 0x40, 0x6D, 0x7B, 0x0E, 0x74, 0x78, 0x63, 0xC8,
    0x98, 0xAB, 0xD3, 0x8E, 0x25, 0x42, 0xC7, 0x0A, 0xA1, 0x83, 0x82, 0xBD, 0x0E, 0xF5, 0x81, 0xD7,
    0xB1, 0x13, 0xD5, 0x41, 0xF9, 0xD8, 0x3F, 0x88, 0x76, 0xCB, 0xDA, 0x00, 0x1F, 0x8F, 0xA5, 0x41,
    0xED, 0x55, 0x72, 0xC0, 0xCA, 0x60, 0x6A, 0xD5, 0x28, 0xAB, 0xD3, 0xF5, 0x9A, 0x35, 0x59, 0xDC,
    0x64, 0x87, 0x23, 0xE8, 0xBC, 0x8E, 0x45, 0x5F, 0x82, 0x9A, 0x8F, 0x25, 0x1F, 0x2B, 0x3E, 0x1E,
    0xA8, 0xF7, 0xEE, 0xB3, 0x73, 0xC1, 0x6A, 0x8F, 0xC5, 0x1E, 0x6B, 0x3D, 0x96, 0x7A, 0xC9, 0xED,
    0xC7, 0xA0, 0xA0, 0x1F, 0x36, 0xDE, 0x82, 0x38, 0x07, 0xCD, 0x0B, 0x80, 0x20, 0xCB, 0xA3, 0x72,
    0x8A, 0x5D, 0x4C, 0xF3, 0x23, 0xD4, 0xAA, 0xA0, 0xC8, 0xEC, 0x3D, 0x7E, 0xB7, 0x6A, 0xA9, 0xF8,
    0x8E, 0xD5, 0x52, 0xA9, 0xD5, 0x52, 0xF1, 0xF5, 0xD5, 0x52, 0xA7, 0xD5, 0x52, 0xAD, 0xD5, 0x12,
    0x4B, 0x6C, 0x4B, 0x59, 0xC1, 0x5A, 0x70, 0xDA, 0x92, 0x55, 0x9A, 0xD8, 0x7B, 0x79, 0xAD, 0xE6,
    0xAB, 0x9E, 0xA8, 0x99, 0x9A, 0xEF, 0x50, 0x33, 0x55, 0x01, 0x6F, 0x38, 0xED, 0x8D, 0x03, 0xB1,
    0xE7, 0x9A, 0x0C, 0xAA, 0xCC, 0xCE, 0x51, 0x95, 0x63, 0x7E, 0xF2, 0xD6, 0xF8, 0xA5, 0x16, 0x51,
    0xE6, 0xBC, 0xA1, 0xAA, 0xEE, 0xFC, 0xBA, 0xDB, 0xDA, 0xAA, 0x34, 0xC1, 0xED, 0x68, 0x37, 0x61,
    0x5B, 0xCB, 0xAD, 0x1D, 0x6D, 0x29, 0x24, 0xFD, 0x8A, 0x8E, 0xAC, 0x13, 0x8E, 0x6D, 0xED, 0x8A,
    0x6C, 0xEF, 0x2B, 0xE1, 0xC8, 0x96, 0x84, 0x43, 0x8C, 0x70, 0x54, 0x34, 0xB7, 0xA7, 0x27, 0x1C,
    0x37, 0x9F, 0x86, 0x70, 0xA8, 0x5B, 0x6A, 0xE8, 0x99, 0x96, 0x43, 0xE7, 0x36, 0xBA, 0xB3, 0xE4,
    0xC8, 0xDA, 0x49, 0xE1, 0x0E, 0x2F, 0x73, 0xF1, 0xD7, 0xD8, 0xA4, 0xDC, 0xE2, 0x2C, 0x5E, 0xAC,
    0x48, 0xE3, 0xF3, 0xA4, 0x23, 0xB2, 0x56, 0xEC, 0xF9, 0x43, 0x07, 0x20, 0x1E, 0x6E, 0x9B, 0x15,
    0x9B, 0xFD, 0x80, 0xCD, 0xDC, 0x15, 0x5A, 0xE7, 0x54, 0x3B, 0xA8, 0xB5, 0xA1, 0x4C, 0xD3, 0x95,
    0x4B, 0xBD, 0xC5, 0xDE, 0xED, 0x43, 0x6B, 0x59, 0x11, 0xEB, 0xBB, 0xBC, 0xC9, 0xD0, 0xCF, 0x32,
    0xBC, 0x07, 0x8A, 0xA7, 0x98, 0x97, 0xC6, 0x38, 0x63, 0x76, 0xA7, 0x89, 0xBB, 0x4A, 0x43, 0x7E,
    0xC4, 0x7E, 0x44, 0x7F, 0xC4, 0x7F, 0xD4, 0xC0, 0x40, 0xFA, 0xFC, 0x42, 0xB4, 0xB9, 0x0A, 0xDA,
    0xAA, 0xAD, 0xEA, 0xA8, 0xE4, 0x12, 0xF6, 0xE9, 0x0B, 0x5F, 0xCA, 0x8B, 0x6C, 0x54, 0xAA, 0x36,
    0xAC, 0x27, 0x6A, 0x09, 0xC0, 0xAE, 0x6A, 0x36, 0x67, 0x2D, 0x5E, 0xED, 0x8A, 0xCA, 0x49, 0xEA,
    0x9A, 0x1C, 0xDF, 0x98, 0xB1, 0xDF, 0xF9, 0x95, 0x03, 0x79, 0xF6, 0x9D, 0xDF, 0x69, 0x6B, 0x0C,
    0xC1, 0x09, 0xA1, 0xA5, 0x07, 0xF2, 0x0D, 0x2D, 0x3D, 0xA8, 0x7D, 0x44, 0x00, 0x04, 0xBC, 0x1A,
    0xE0, 0xFF, 0x0B, 0xB8, 0xE2, 0x66, 0x77, 0x38, 0xEA, 0x2A, 0x18, 0xF8, 0x32, 0xED, 0x6A, 0x65,
    0xF2, 0xDB, 0x56, 0x5E, 0x85, 0x0A, 0xE6, 0x88, 0x2C, 0xAE, 0xCC, 0x54, 0x09, 0xC6, 0xAB, 0xAD,
    0x11, 0xA6, 0x14, 0xD8, 0x57, 0x9B, 0x8E, 0x1E, 0xAD, 0xBC, 0x71, 0xE4, 0x58, 0xDE, 0x1D, 0x46,
    0x8D, 0x37, 0x4B, 0x46, 0x8D, 0xCF, 0x72, 0x46, 0x8D, 0xF9, 0x10, 0x35, 0x02, 0x3E, 0x88, 0xD2,
    0xFC, 0xE2, 0x18, 0x35, 0xE2, 0xDD, 0x12, 0xA6, 0x3C, 0xD1, 0xA8, 0x71, 0xC0, 0xE8, 0xE0, 0x35,
    0x1C, 0xD9, 0xA0, 0x43, 0x4C, 0xC8, 0x39, 0x4E, 0x34, 0x6A, 0x1C, 0x70, 0x7C, 0xBD, 0x21, 0xC7,
    0x7A, 0xAF, 0x22, 0xC7, 0xFA, 0x2B, 0x7B, 0x56, 0xB4, 0x3E, 0xEC, 0xA4, 0x5F, 0x71, 0xAC, 0x40,
    0x39, 0x56, 0x3C, 0x63, 0xB5, 0x3E, 0x19, 0x38, 0x96, 0x5A, 0xB6, 0x46, 0x69, 0xB5, 0x94, 0xC3,
    0xB1, 0x49, 0x19, 0x6C, 0x26, 0xA2, 0x68, 0xF1, 0xAB, 0x92, 0xFD, 0x68, 0x28, 0x0A, 0x85, 0x28,
    0xE2, 0x3B, 0xF2, 0x63, 0x8D, 0x3D, 0xC6, 0x65, 0xC4, 0x15, 0x27, 0x19, 0xD4, 0xB4, 0xC3, 0x01,
    0x10, 0x26, 0xBF, 0xAB, 0x31, 0xFC, 0xA5, 0xC0, 0x12, 0x1E, 0x12, 0xBF, 0x1E, 0x57, 0x0D, 0x79,
    0x46, 0xC8, 0x90, 0xAE, 0x96, 0x31, 0xB1, 0x4E, 0x03, 0xCB, 0x2C, 0xF0, 0x68, 0xAA, 0xCB, 0x45,
    0x5A, 0x09, 0x7E, 0xA4, 0xFD, 0xCB, 0x46, 0x53, 0xF7, 0x8D, 0xF0, 0xF4, 0x76, 0x20, 0x18, 0xC7,
    0x19, 0x70, 0x93, 0x3F, 0xE1, 0x5F, 0xE2, 0xBF, 0x77, 0x6C, 0x19, 0xB1, 0xE7, 0x7F, 0x8B, 0x41,
    0xEC, 0x9C, 0xFF, 0x7F, 0x70, 0x79, 0x8B, 0x2B, 0x99, 0xB3, 0xD2, 0xA6, 0x1C, 0x3B, 0x39, 0x60,
    0xCC, 0xB5, 0xF6, 0x97, 0xEB, 0xD3, 0x87, 0x9A, 0x3A, 0x7B, 0xE2, 0x74, 0xD9, 0x30, 0xAF, 0x07,
    0x6C, 0xDE, 0x34, 0x48, 0xE3, 0xF0, 0xD7, 0xEA, 0xF9, 0x03, 0xF6, 0x0E, 0x33, 0x92, 0xA6, 0x28,
    0x47, 0xF4, 0x98, 0x60, 0x8F, 0x18, 0xEC, 0x22, 0xB9, 0xB7, 0x7E, 0x6F, 0x3E, 0x5F, 0xBB, 0xA8,
    0x0F, 0xD9, 0xE8, 0x56, 0xAC, 0x0F, 0x39, 0xE8, 0x33, 0x2C, 0xBF, 0xB0, 0xFE, 0xEA, 0x89, 0xC1,
    0xD9, 0x83, 0x8B, 0x7E, 0xFD, 0xB3, 0xEE, 0xE4, 0xE0, 0x73, 0x03, 0x81, 0x35, 0xD8, 0xD9, 0x57,
    0xE7, 0xC3, 0x1E, 0x3E, 0xE7, 0xE1, 0x83, 0x18, 0xA4, 0xCB, 0x6B, 0x48, 0x96, 0x19, 0x9F, 0x20,
    0xFD, 0xB9, 0x41, 0x04, 0xC6, 0x39, 0x2D, 0x92, 0xF7, 0x4B, 0xE7, 0x56, 0xEB, 0xBA, 0x78, 0xCC,
    0x7B, 0xE4, 0x41, 0x9B, 0x40, 0x25, 0x70, 0xB8, 0x22, 0x62, 0x10, 0xC0, 0x91, 0x16, 0xFB, 0xC8,
    0xAE, 0x53, 0x10, 0x94, 0xE9, 0xC2, 0x62, 0x4F, 0x36, 0x1C, 0x69, 0xE1, 0xE7, 0xD6, 0xE8, 0xE0,
    0x17, 0xB4, 0x87, 0x19, 0x33, 0x23, 0x35, 0xA7, 0x36, 0x9C, 0xA0, 0x04, 0x86, 0xF6, 0x2E, 0xE1,
    0x46, 0x72, 0xEE, 0xFB, 0xDB, 0x3D, 0xF3, 0x7B, 0xA6, 0x4F, 0xFF, 0x50, 0xE9, 0xC5, 0xB9, 0x5F,
    0x06, 0x45, 0x50, 0xF8, 0xC5, 0x33, 0xDD, 0x39, 0x2E, 0xB7, 0x07, 0x5D, 0x4F, 0xDF, 0x80, 0x11,
    0x55, 0x0C, 0xB7, 0x29, 0xB8, 0xF5, 0x5A, 0x88, 0x9B, 0x62, 0xC3, 0xB4, 0x49, 0xC6, 0x61, 0x96,
    0x36, 0xEB, 0x47, 0xF0, 0x6D, 0x47, 0xBD, 0x3A, 0xC2, 0xB5, 0x63, 0xB6, 0xC8, 0x85, 0xFB, 0x3B,
    0x03, 0x4B, 0xC7, 0xED, 0xE6, 0x48, 0x50, 0x53, 0x40, 0xCA, 0x88, 0xE1, 0xD7, 0xC8, 0xD6, 0xEF,
    0xBC, 0xBA, 0xD2, 0xEE, 0x2E, 0x8C, 0x80, 0x09, 0xF8, 0x8D, 0xAF, 0xBB, 0x56, 0xA5, 0x8F, 0x72,
    0xEC, 0x28, 0xED, 0x88, 0xC7, 0xE3, 0x23, 0x3E, 0x52, 0xCE, 0xE9, 0x12, 0xDE, 0x2C, 0x0F, 0x5D,
    0x9D, 0xB8, 0x76, 0x22, 0x07, 0xD7, 0xE5, 0xEA, 0x15, 0x55, 0xE9, 0x33, 0x69, 0x48, 0xA2, 0xDC,
    0x89, 0x5D, 0x91, 0xBA, 0x72, 0x87, 0xEB, 0x6E, 0xEE, 0x8E, 0xFE, 0xF2, 0xDF, 0x74, 0x23, 0xC1,
    0xAD, 0x35, 0xC2, 0x14, 0xAC, 0x54, 0xB4, 0x1A, 0x75, 0x9A, 0xC4, 0x93, 0xF2, 0x40, 0xB3, 0xFA,
    0xA5, 0x53, 0xDB, 0x8D, 0x84, 0x93, 0x26, 0x70, 0x86, 0xF4, 0xF7, 0xB5, 0xC4, 0x7F, 0x43, 0x2E,
    0x6D, 0xB0, 0xE0, 0x5B, 0x48, 0xF8, 0xE7, 0x5E, 0x78, 0xB6, 0xDD, 0x48, 0x7B, 0xCE, 0xAE, 0x45,
    0x36, 0x2F, 0xA6, 0xCF, 0x26, 0xB9, 0xB9, 0xA0, 0x60, 0xAA, 0x0E, 0xF5, 0xD1, 0xA1, 0x77, 0x2A,
    0x11, 0x62, 0x46, 0x62, 0x74, 0xA7, 0x23, 0x75, 0x80, 0xAA, 0x86, 0xD7, 0x97, 0x6B, 0x91, 0xFD,
    0x99, 0xA0, 0xC3, 0x2A, 0x34, 0xD1, 0x44, 0x92, 0x7E, 0x38, 0x5F, 0x52, 0x7E, 0xAF, 0xD7, 0x1F,
    0x80, 0x5C, 0xF6, 0xAA, 0x27, 0x7E, 0x3E, 0x51, 0xEB, 0xB8, 0xD0, 0xDA, 0x66, 0x5A, 0xD0, 0x3E,
    0x13, 0xFD, 0x75, 0x00, 0xB7, 0x74, 0xA8, 0x60, 0x1F, 0xAA, 0x6B, 0x1D, 0x0E, 0x3F, 0x8B, 0xB0,
    0x91, 0x40, 0x1C, 0x68, 0x2D, 0xDD, 0x4F, 0x59, 0xE8, 0xF7, 0x4A, 0x36, 0x7A, 0xFB, 0xE1, 0x83,
    0xFD, 0x12, 0x42, 0x1F, 0xA8, 0x29, 0xDF, 0x65, 0x2D, 0xA9, 0xE3, 0x91, 0x8E, 0x80, 0x0F, 0xB9,
    0x30, 0x2D, 0xF3, 0x8C, 0xDE, 0x87, 0x02, 0x11, 0x64, 0x32, 0x7F, 0x9A, 0x20, 0x9F, 0xD6, 0x51,
    0x35, 0x6B, 0xB2, 0xE6, 0x27, 0xED, 0xAC, 0xF1, 0xDA, 0xC7, 0x8D, 0xF7, 0xB8, 0xCA, 0xFD, 0xCF,
    0x4B, 0xF1, 0xBF, 0xC8, 0xC5, 0xFF, 0xCA, 0x78, 0x07, 0xD7, 0xC4, 0x47, 0xF1, 0xEC, 0x9E, 0x9D,
    0x8C, 0x3E, 0xC6, 0x00, 0x8F, 0xAC, 0xB0, 0xB7, 0xB2, 0xBE, 0x19, 0x1B, 0x08, 0x08, 0xF4, 0x7C,
    0x06, 0xFA, 0xAE, 0xB6, 0x14, 0x2F, 0x9C, 0x4A, 0x84, 0xBE, 0x25, 0x11, 0x3C, 0x1B, 0x74, 0x5E,
    0x56, 0xA6, 0x9C, 0x69, 0x59, 0xC4, 0x78, 0xE4, 0xCF, 0x95, 0x3E, 0xA4, 0xAF, 0xEB, 0x13, 0xE9,
    0xF2, 0x67, 0xA7, 0xB7, 0x67, 0xF4, 0x12, 0x0B, 0xB4, 0x3D, 0xDA, 0x3A, 0x53, 0xDD, 0x42, 0xDD,
    0xF3, 0x4D, 0xDC, 0x35, 0xFC, 0x90, 0x30, 0x17, 0x57, 0x9E, 0x7F, 0x4F, 0xEE, 0xA2, 0x52, 0x5E,
    0xED, 0x36, 0x04, 0x4E, 0x9F, 0xB7, 0x55, 0x53, 0x65, 0x77, 0xB1, 0xD2, 0x7A, 0x2B, 0xD7, 0xBD,
    0x53, 0x88, 0x1D, 0x1F, 0x91, 0x23, 0x4F, 0xB2, 0x5F, 0x41, 0x6B, 0x9F, 0x90, 0xE1, 0x5C, 0x67,
    0x1A, 0x7B, 0x57, 0x5E, 0x7B, 0xEE, 0xB0, 0x79, 0xBF, 0x66, 0x7D, 0x51, 0xF8, 0xC7, 0x6F, 0x37,
    0xA0, 0xB4, 0x1D, 0x0C, 0xBB, 0x4F, 0xB0, 0xAF, 0x54, 0xBC, 0xBB, 0xD4, 0x21, 0xA3, 0x28, 0x6B,
    0xF3, 0x80, 0x61, 0x9C, 0xF5, 0x34, 0x43, 0x28, 0x7F, 0xD0, 0x21, 0x69, 0x63, 0xB5, 0xBB, 0xD7,
    0xA1, 0x84, 0x60, 0x87, 0xAC, 0x9D, 0x21, 0x75, 0xCE, 0x60, 0xCC, 0x59, 0x91, 0x94, 0x09, 0x3C,
    0xD6, 0x9B, 0xAD, 0xF5, 0x41, 0x93, 0xA1, 0xD9, 0xC2, 0x23, 0x2A, 0xEC, 0xB9, 0x15, 0x7F, 0x01,
    0xC4, 0x32, 0x03, 0x35, 0x10, 0x35, 0xC6, 0x00, 0x9F, 0xC0, 0x73, 0x53, 0xF9, 0xB9, 0x36, 0xE5,
    0x62, 0x5C, 0x9D, 0x3F, 0x28, 0x10, 0xA2, 0xC2, 0x6E, 0x8B, 0x3E, 0x37, 0x9A, 0xE0, 0xDB, 0x2D,
    0x78, 0xEA, 0x8E, 0xCC, 0xE8, 0xE7, 0x88, 0x21, 0xD6, 0xF0, 0x5A, 0xFB, 0x29, 0xCB, 0x62, 0x38,
    0x76, 0x86, 0x9F, 0x56, 0xA8, 0x05, 0x2A, 0x21, 0x70, 0x3D, 0x58, 0xA2, 0x9B, 0xEF, 0x23, 0x7E,
    0x1C, 0x1E, 0x60, 0xD8, 0xB9, 0x8F, 0xB8, 0xB1, 0x75, 0x0F, 0x67, 0x5D, 0x1A, 0x7E, 0xB8, 0xF2,
    0x75, 0x43, 0xFF, 0x94, 0xC3, 0xB2, 0xA6, 0xDC, 0x75, 0x77, 0x69, 0x61, 0x1B, 0xAD, 0x50, 0xE3,
    0xAD, 0xFD, 0xB2, 0x63, 0xAC, 0xBD, 0x80, 0x66, 0x7C, 0x94, 0xAD, 0x5C, 0xF3, 0x1D, 0xFD, 0xA0,
    0xE1, 0xBF, 0xA2, 0xB4, 0x43, 0x84, 0x98, 0xB9, 0x1E, 0x6F, 0x84, 0x07, 0xBC, 0x43, 0x7B, 0x57,
    0xC3, 0x3B, 0xB2, 0x77, 0xA9, 0xEF, 0xEA, 0x4C, 0xD8, 0x5C, 0x0B, 0x60, 0xFA, 0xB3, 0xB1, 0xED,
    0xB3, 0xA5, 0xCF, 0x2D, 0xF0, 0x8E, 0x95, 0xF7, 0x03, 0x85, 0x2B, 0xF2, 0x6F, 0x2D, 0x90, 0x31,
    0x6E, 0x02, 0x31, 0x10, 0x45, 0xBF, 0x6D, 0xC4, 0x16, 0x5B, 0x38, 0x25, 0x52, 0x0A, 0x53, 0x52,
    0x44, 0xB8, 0xA1, 0xD8, 0x62, 0x59, 0x23, 0xA5, 0xE4, 0x32, 0x14, 0x5B, 0x50, 0x2C, 0x62, 0x8E,
    0x90, 0x23, 0xE4, 0x08, 0x14, 0x34, 0x69, 0xB2, 0x28, 0x27, 0xB0, 0x94, 0x03, 0x64, 0x73, 0x03,
    0x17, 0x2E, 0x8C, 0x04, 0x38, 0x83, 0xC2, 0xCC, 0x34, 0xF3, 0xA5, 0xF9, 0xF3, 0x66, 0x5E, 0xE0,
    0xE0, 0xA8, 0xF4, 0x22, 0xA2, 0x02, 0x70, 0x90, 0xB1, 0x08, 0x86, 0x96, 0x38, 0x70, 0x83, 0x2D,
    0xC4, 0x0D, 0x2A, 0xAF, 0xF4, 0xCF, 0x69, 0x2E, 0x87, 0x05, 0x8E, 0xAC, 0x19, 0x82, 0x3B, 0xCF,
    0x7E, 0x73, 0x80, 0xF1, 0x2E, 0x07, 0x2E, 0x16, 0x17, 0x58, 0xD4, 0x68, 0x1B, 0x11, 0x4C, 0xF6,
    0x65, 0x26, 0x79, 0x85, 0x45, 0x4F, 0x3D, 0x59, 0x34, 0x22, 0xF6, 0xEA, 0xD2, 0xAB, 0xD4, 0xC8,
    0x30, 0x3E, 0xC3, 0xE4, 0xD5, 0x52, 0x53, 0xA3, 0x69, 0x64, 0x81, 0x0B, 0x44, 0x80, 0x18, 0xF0,
    0xEC, 0x5D, 0x3C, 0x76, 0xA1, 0x8E, 0x5D, 0x1F, 0xAD, 0x97, 0xBE, 0x2D, 0x86, 0xA4, 0xBF, 0xA3,
    0x5D, 0xFB, 0xDA, 0xE0, 0x7D, 0x86, 0xFF, 0xA8, 0xD0, 0x32, 0x04, 0xA3, 0xA8, 0x0C, 0x71, 0xC5,
    0x1D, 0x66, 0x84, 0xCE, 0xE0, 0xD3, 0x90, 0x5B, 0xFB, 0xF2, 0x2B, 0x88, 0xB0, 0xC5, 0x74, 0x82,
    0x0F, 0x14, 0x99, 0x98, 0x83, 0x17, 0x56, 0x08, 0x1B, 0x6C, 0x78, 0x56, 0x42, 0xA3, 0x46, 0x87,
    0x9E, 0xB3, 0x81, 0x1A, 0xCA, 0x54, 0x26, 0x91, 0xD8, 0x22, 0x28, 0x7F, 0xBF, 0xF6, 0x89, 0x79,
    0xF7, 0xB4, 0x7F, 0xF0, 0xBE, 0x3E, 0x78, 0xE7, 0xAC, 0x39, 0xD2, 0xAB, 0xFB, 0xEC, 0x14, 0x8A,
    0x0A, 0x94, 0xC3, 0xF8, 0xC2, 0x36, 0x9D, 0x4B, 0xD6, 0x23, 0x14, 0x27, 0xCD, 0x6E, 0x3B, 0xEC,
    0x26, 0x2E, 0x99, 0xB7, 0x0D, 0x66, 0x2D, 0xAA, 0xA5, 0x88, 0x36, 0x07, 0x9D, 0x4F, 0xF2, 0x06,
    0x97, 0x23, 0xBF, 0xE7, 0x0F, 0xD5, 0x9B, 0xBF, 0x8F, 0xDB, 0xC8, 0x15, 0xC7, 0x1F, 0x49, 0xC7,
    0x44, 0x40, 0xD8, 0xDC, 0x00, 0x4E, 0xB5, 0x17, 0xB3, 0x49, 0x69, 0x9B, 0x8D, 0x0B, 0x23, 0xD0,
    0x9A, 0xBC, 0x33, 0x02, 0x17, 0xD7, 0xEC, 0x7F, 0x70, 0x6D, 0x8A, 0x00, 0x7B, 0x45, 0x8A, 0x14,
    0x3A, 0x49, 0x8E, 0x8B, 0xB4, 0xF7, 0x1F, 0xE4, 0xFE, 0x04, 0x07, 0x70, 0xA1, 0x03, 0xD6, 0x2B,
    0xC6, 0x57, 0x5C, 0xCB, 0xA4, 0x49, 0x19, 0x06, 0xD8, 0x20, 0x65, 0x18, 0x80, 0x05, 0x37, 0xD0,
    0x6A, 0xF2, 0xBE, 0xEF, 0x0D, 0x7F, 0x68, 0x7F, 0x9D, 0x91, 0xAC, 0x25, 0x51, 0x90, 0x1E, 0x25,
    0x4A, 0x3B, 0x33, 0xEF, 0x33, 0x6F, 0xDE, 0xBC, 0x79, 0x33, 0x4B, 0xA4, 0x0F, 0xBF, 0x82, 0x0C,
    0x6B, 0x91, 0x4B, 0xC8, 0x87, 0x22, 0x0F, 0xCE, 0x21, 0x47, 0x27, 0x90, 0xF3, 0x29, 0x64, 0x99,
    0xB0, 0x70, 0xCA, 0x38, 0x25, 0x72, 0x8B, 0x28, 0x23, 0xF2, 0xB2, 0x90, 0xA5, 0x9F, 0x85, 0x39,
    0x51, 0x90, 0x06, 0x05, 0x17, 0x40, 0x7E, 0x49, 0x14, 0x19, 0xC3, 0x32, 0x31, 0x86, 0x8B, 0x1E,
    0x91, 0xCB, 0x45, 0xCF, 0xC9, 0xE1, 0x42, 0xF9, 0x23, 0x17, 0xCA, 0x5F, 0xAD, 0xB8, 0x00, 0xA2,
    0x29, 0xC5, 0xFF, 0xA1, 0xBB, 0xE6, 0x74, 0x61, 0x28, 0x34, 0x35, 0x5D, 0xF1, 0x88, 0x52, 0xC8,
    0x24, 0xEB, 0xA4, 0xDC, 0x89, 0xCE, 0x7E, 0x45, 0x64, 0xCC, 0x92, 0xBC, 0x9A, 0x0B, 0x0F, 0x72,
    0xAA, 0x29, 0xCC, 0x9C, 0x9A, 0xE2, 0x94, 0x3F, 0x26, 0x7C, 0x97, 0x85, 0x5F, 0xD3, 0x84, 0x82,
    0x39, 0x8B, 0xFB, 0x78, 0x77, 0xAF, 0x62, 0xF1, 0xA8, 0xE2, 0x2F, 0x9E, 0x41, 0xFC, 0xA6, 0xA2,
    0xE8, 0x55, 0x59, 0xA5, 0x81, 0xC9, 0x4C, 0xEE, 0xAC, 0x68, 0x92, 0x5E, 0xAC, 0xDA, 0x2B, 0xC0,
    0xA3, 0x6C, 0x84, 0x8F, 0x8F, 0x74, 0x57, 0x5A, 0x99, 0x18, 0xC8, 0xB1, 0x34, 0x65, 0x14, 0x6A,
    0x13, 0x21, 0x1C, 0xE1, 0xE6, 0xCA, 0x2F, 0x9D, 0x5E, 0x81, 0x3B, 0x43, 0xF8, 0xEE, 0x19, 0xE0,
    0x19, 0x2E, 0xFD, 0x00, 0xC5, 0x3E, 0x0F, 0x67, 0x44, 0x77, 0x62, 0x54, 0xBC, 0x94, 0x7A, 0x21,
    0x8A, 0xF5, 0x0E, 0xF8, 0x38, 0xA4, 0x03, 0x85, 0x36, 0x83, 0x44, 0x73, 0x50, 0x10, 0xE0, 0xC8,
    0xED, 0x3B, 0xBD, 0xFA, 0xA5, 0x4D, 0xA8, 0x01, 0x6D, 0x59, 0x41, 0x4E, 0x8E, 0xF0, 0xA3, 0xCA,
    0x67, 0x20, 0xCE, 0x8C, 0xBE, 0xD9, 0x3D, 0xC8, 0x14, 0xB4, 0xBA, 0x41, 0x35, 0xD1, 0x4C, 0x14,
    0xEB, 0xE9, 0x05, 0xAD, 0x3C, 0x34, 0x2F, 0x80, 0x4E, 0xF1, 0x11, 0xCC, 0x29, 0xE0, 0x36, 0x14,
    0xEB, 0xF8, 0x3F, 0xA6, 0x9D, 0x4B, 0xB7, 0xDB, 0x41, 0x25, 0x16, 0x4E, 0xCE, 0xB9, 0x56, 0x7A,
    0x71, 0x24, 0x0C, 0xB1, 0x0F, 0x5A, 0x6B, 0x8A, 0x00, 0x34, 0x90, 0x3B, 0x52, 0x7D, 0xB0, 0x3E,
    0xD0, 0xB7, 0xDB, 0x11, 0x8E, 0x36, 0xC9, 0xE4, 0x68, 0xED, 0x8B, 0xA2, 0x95, 0x4E, 0x98, 0x35,
    0x4E, 0xC5, 0x29, 0xC7, 0x02, 0xFF, 0xC1, 0x90, 0xE0, 0x9F, 0x70, 0xC9, 0x3E, 0xB4, 0x0A, 0x5F,
    0xF0, 0x8F, 0xC2, 0xD7, 0x2C, 0x9C, 0x00, 0x4A, 0x26, 0xFC, 0x45, 0x39, 0x02, 0xF2, 0x07, 0xDB,
    0x41, 0xAE, 0x13, 0xCA, 0xB4, 0x7E, 0xCA, 0xF2, 0x2F, 0x46, 0x0C, 0x3B, 0x9E, 0x0D, 0xD9, 0xD2,
    0x45, 0xA1, 0x69, 0xFD, 0x8C, 0xE8, 0xEF, 0xA2, 0x4E, 0x94, 0xED, 0x84, 0x69, 0x0F, 0xD5, 0x67,
    0x7C, 0x50, 0xF8, 0xB1, 0x0B, 0xEE, 0xFB, 0xC6, 0x30, 0x85, 0x7C, 0xB1, 0x69, 0xB5, 0x85, 0x05,
    0xA4, 0x2B, 0x34, 0x03, 0xDC, 0x76, 0x32, 0xD0, 0x77, 0x72, 0x2A, 0x9A, 0xFE, 0xA0, 0x85, 0x99,
    0xB5, 0x61, 0x4D, 0x70, 0x89, 0xC4, 0xEE, 0xF4, 0x90, 0xA8, 0x25, 0x5A, 0x2D, 0xF8, 0x9D, 0x7B,
    0xD6, 0xA8, 0xD4, 0x3D, 0x0A, 0x7A, 0x43, 0xFC, 0xE4, 0xBF, 0x1D, 0x43, 0xB3, 0x04, 0x8A, 0x45,
    0xA6, 0x35, 0xC5, 0x8D, 0x74, 0xCD, 0x81, 0xC8, 0xA9, 0x7C, 0x8E, 0xA5, 0x3F, 0x5C, 0xAD, 0xFC,
    0xF1, 0xB0, 0xE9, 0xB7, 0x51, 0x83, 0x0C, 0x85, 0xA8, 0x6C, 0x43, 0x86, 0x68, 0x87, 0xBA, 0x40,
    0x42, 0x5C, 0x8D, 0x71, 0x35, 0xC8, 0xD5, 0x28, 0xD7, 0x86, 0xB9, 0x12, 0xE7, 0xDA, 0x40, 0x37,
    0x3B, 0x1C, 0x68, 0x47, 0xB8, 0x1A, 0xC5, 0x73, 0x5B, 0x9F, 0xC0, 0xE9, 0x88, 0xB8, 0x83, 0xCA,
    0xE8, 0x1D, 0x6A, 0x97, 0x66, 0x1E, 0x6E, 0xBD, 0x23, 0x9E, 0x88, 0xFD, 0x2F, 0xAA, 0x2F, 0x19,
    0xC5, 0x7B, 0x53, 0x34, 0x33, 0xED, 0x70, 0xED, 0xFF, 0xDA, 0x99, 0x76, 0xAB, 0x9C, 0x07, 0xEE,
    0x4F, 0x3E, 0x6C, 0xBE, 0xDD, 0x15, 0xCF, 0x7E, 0xC3, 0xA4, 0xCB, 0x0C, 0x4C, 0xB6, 0x0F, 0x41,
    0xC7, 0x5C, 0x21, 0x0B, 0x1F, 0xC2, 0xCB, 0xD8, 0xE5, 0xB8, 0x33, 0xF5, 0x3B, 0x17, 0x04, 0x1A,
    0xA9, 0xA2, 0xBB, 0x57, 0x5F, 0x14, 0x2E, 0xDA, 0xEE, 0x41, 0xF8, 0x99, 0xC3, 0x0D, 0xCB, 0x62,
    0xAE, 0x63, 0x96, 0x40, 0x5C, 0x5A, 0xA7, 0x55, 0x4D, 0x58, 0x22, 0x42, 0x3E, 0xEE, 0x9F, 0xA1,
    0x8A, 0xD4, 0xAB, 0x22, 0xEE, 0xBB, 0x30, 0x8B, 0x66, 0x41, 0x96, 0x70, 0xF3, 0x12, 0x1E, 0x8B,
    0x13, 0xC7, 0xD0, 0x74, 0x51, 0xD1, 0x74, 0x85, 0xAE, 0xD1, 0xD5, 0x46, 0x22, 0xA3, 0xD4, 0x4D,
    0x43, 0xEE, 0x6F, 0xCF, 0xE0, 0x8B, 0xE2, 0x72, 0x0F, 0xA1, 0x67, 0xF0, 0x92, 0xBE, 0x59, 0x60,
    0x89, 0x8B, 0xEE, 0x0F, 0xDE, 0xB3, 0xF0, 0xFF, 0x84, 0x50, 0x5F, 0x82, 0x10, 0x09, 0xAB, 0x9F,
    0xE3, 0x6F, 0x1E, 0x34, 0x7F, 0xBB, 0x05, 0x44, 0xC1, 0x29, 0xB7, 0x95, 0xF5, 0x98, 0xB3, 0xFB,
    0x3F, 0xE6, 0xD7, 0x1E, 0xBB, 0x48, 0x97, 0xC1, 0x78, 0x39, 0xCC, 0xB9, 0xD3, 0xEB, 0x36, 0x38,
    0xC9, 0xE0, 0x8B, 0x56, 0xF7, 0x89, 0x9E, 0x4D, 0xD1, 0x52, 0xBF, 0xEC, 0x83, 0xDB, 0x82, 0xF2,
    0xDF, 0xB2, 0xAE, 0xA6, 0xC8, 0xBD, 0xCF, 0xB9, 0x52, 0x5D, 0xFD, 0xDE, 0xAE, 0xC2, 0x36, 0x10,
    0xAE, 0x9A, 0x71, 0x80, 0x90, 0x47, 0xAC, 0x8E, 0xBA, 0x11, 0xF3, 0x84, 0xAC, 0x91, 0xB8, 0x58,
    0x0F, 0xFA, 0xFF, 0x84, 0xBB, 0x60, 0xBD, 0xE9, 0xE7, 0xF4, 0xE3, 0xED, 0x81, 0x91, 0x88, 0x85,
    0x55, 0x63, 0x45, 0x29, 0xE0, 0x06, 0xC7, 0xBD, 0x11, 0xEE, 0xC2, 0xB9, 0xA1, 0x95, 0x5C, 0xEC,
    0x64, 0xC2, 0x4E, 0x2C, 0xE2, 0xA2, 0x7A, 0xA6, 0x72, 0x6B, 0x23, 0x0A, 0x26, 0xA8, 0xCE, 0xCB,
    0x5D, 0xB5, 0xEB, 0x50, 0xD4, 0xDE, 0x7B, 0xEC, 0x26, 0x3D, 0x3B, 0xB0, 0x91, 0xE2, 0x42, 0x7C,
    0xEB, 0xA2, 0x88, 0x87, 0x9B, 0x26, 0xB8, 0x0F, 0x09, 0x2D, 0x9C, 0xF2, 0x2B, 0x58, 0xE2, 0x41,
    0xA3, 0x0C, 0xBC, 0xCF, 0x13, 0x2C, 0x0B, 0x16, 0xBF, 0xDC, 0x31, 0x6E, 0xEE, 0xC5, 0xF4, 0x6B,
    0x1B, 0xB8, 0x9D, 0xDB, 0xC1, 0xE4, 0xE6, 0x87, 0xCA, 0x4E, 0xE0, 0x09, 0x3D, 0xE0, 0x5B, 0xE7,
    0x67, 0x11, 0x82, 0x21, 0x01, 0x22, 0x81, 0x22, 0x01, 0x23, 0x81, 0x23, 0x01, 0x24, 0x81, 0xA4,
    0xA0, 0x14, 0x96, 0x02, 0x53, 0x93, 0xD4, 0x09, 0x59, 0x9E, 0x04, 0xA0, 0x24, 0x44, 0x15, 0xA9,
    0x24, 0xAE, 0x43, 0xF3, 0x92, 0xE8, 0x93, 0xF8, 0xBC, 0x4D, 0x76, 0xEF, 0xAC, 0x19, 0xA2, 0x51,
    0xA6, 0x7A, 0xE3, 0x7E, 0x8F, 0x36, 0x1D, 0xA5, 0x9B, 0x33, 0xBD, 0x9D, 0x1D, 0x94, 0x3F, 0x10,
    0x0B, 0x6C, 0xCC, 0xB3, 0x5D, 0x13, 0x2B, 0x9C, 0xA4, 0xBE, 0x29, 0xC2, 0xD7, 0x65, 0xF0, 0xBB,
    0x12, 0xD9, 0xC0, 0x24, 0xE5, 0x60, 0x51, 0x83, 0x83, 0xC8, 0x94, 0x21, 0x2F, 0x11, 0x78, 0x6E,
    0x3E, 0xEE, 0x3D, 0x97, 0xD7, 0x3C, 0x6B, 0xFB, 0x74, 0x9A, 0x67, 0x6C, 0xBE, 0x4E, 0x4C, 0xC1,
    0x8E, 0x9C, 0x63, 0x5E, 0x9E, 0xE4, 0xC7, 0x11, 0xED, 0x4D, 0x70, 0x9F, 0x3D, 0x6C, 0xAB, 0x1E,
    0xBB, 0x8B, 0x69, 0x4D, 0x7B, 0x17, 0xFE, 0xB6, 0x42, 0x30, 0x80, 0x67, 0x89, 0xA7, 0x67, 0x9F,
    0x33, 0x74, 0xEC, 0xEA, 0x76, 0x5A, 0xD5, 0xEF, 0x11, 0xEE, 0x0A, 0x7E, 0xF2, 0x1B, 0xB4, 0x4D,
    0xDF, 0xAF, 0xC7, 0xAE, 0xFF, 0x43, 0x23, 0xBB, 0x47, 0x8D, 0x24, 0x0F, 0xF2, 0x3C, 0x28, 0xF3,
    0xA7, 0x58, 0x00, 0xBA, 0xF0, 0x10, 0x14, 0xFF, 0x63, 0x51, 0x60, 0xFA, 0xE7, 0xA9, 0xC6, 0x95,
    0x88, 0xDC, 0x97, 0x58, 0x1C, 0xCE, 0x27, 0x49, 0x21, 0xE3, 0x0C, 0xBD, 0xC3, 0xD6, 0xC4, 0x12,
    0xDD, 0x7D, 0xA3, 0xC4, 0x2F, 0x67, 0x98, 0xAA, 0xE2, 0x14, 0x4B, 0x02, 0x36, 0x10, 0xB6, 0xAA,
    0x89, 0xC4, 0x3A, 0xA2, 0x11, 0xAA, 0x30, 0x69, 0xC4, 0x37, 0xD9, 0x38, 0xA5, 0x0D, 0xA7, 0x74,
    0xE5, 0x43, 0x42, 0x43, 0x19, 0x46, 0x8D, 0x94, 0x3B, 0xF1, 0x19, 0xCF, 0xCA, 0x66, 0xE6, 0x97,
    0x41, 0x11, 0x66, 0x5E, 0x15, 0xA7, 0x4E, 0xCD, 0x35, 0x2F, 0xF1, 0x9A, 0xDA, 0xD7, 0xC4, 0x5E,
    0x13, 0xA6, 0x93, 0xA4, 0x6E, 0x15, 0xF1, 0xAF, 0xD5, 0x08, 0xE1, 0xF2, 0xAA, 0xF5, 0x6A, 0xB0,
    0xF8, 0x8F, 0x73, 0x7D, 0x49, 0x22, 0x40, 0xE6, 0x0D, 0x5A, 0x88, 0xC7, 0xAD, 0x9E, 0x77, 0x72,
    0x4F, 0xC6, 0x9C, 0xA7, 0x79, 0xCB, 0xAC, 0xDB, 0xC2, 0xDB, 0x31, 0x92, 0x70, 0xCA, 0x58, 0xDA,
    0x61, 0xF7, 0x51, 0xF6, 0x1E, 0xB9, 0xF1, 0xB0, 0x22, 0x38, 0xEF, 0x7E, 0xF0, 0x70, 0x3B, 0x1C,
    0x1F, 0x4B, 0x59, 0x62, 0x65, 0x9E, 0x10, 0x0B, 0x8B, 0xAE, 0xEF, 0xF6, 0xFA, 0x2B, 0xA2, 0xDE,
    0x3E, 0x52, 0x22, 0x24, 0xCF, 0x4F, 0x64, 0xA1, 0x04, 0xE6, 0x2E, 0x32, 0xBE, 0xBB, 0x67, 0x93,
    0xA1, 0xDD, 0x90, 0x30, 0xBA, 0x28, 0x46, 0x85, 0xCD, 0x16, 0x1D, 0xF2, 0xB8, 0xB8, 0x87, 0x05,
    0x72, 0xC2, 0x8C, 0xE6, 0xC1, 0xCC, 0xC9, 0xDD, 0xEC, 0x96, 0xE9, 0xCA, 0x63, 0xAC, 0xE3, 0x40,
    0x77, 0xE3, 0xF2, 0x6E, 0x85, 0x4E, 0xBF, 0xBE, 0xB4, 0xEA, 0x1C, 0x20, 0x63, 0x3B, 0x5D, 0xCA,
    0x14, 0x50, 0xDA, 0x1D, 0xF2, 0x5E, 0xA8, 0xB8, 0x19, 0xCE, 0x1A, 0xC8, 0xC4, 0x92, 0x10, 0x19,
    0x89, 0x13, 0x38, 0xD0, 0x0D, 0xD9, 0xA4, 0xCD, 0x09, 0x7A, 0xEF, 0x65, 0x35, 0xFF, 0xEF, 0xC3,
    0x01, 0xB1, 0x95, 0x9C, 0x7E, 0x68, 0x9A, 0x14, 0x60, 0x2C, 0x79, 0xC0, 0x68, 0xD6, 0xEC, 0x74,
    0x56, 0xC0, 0x7B, 0x68, 0xCD, 0x49, 0x32, 0x3D, 0x20, 0x0C, 0xC4, 0xB4, 0xC6, 0x58, 0x31, 0x0B,
    0x67, 0x02, 0x68, 0x02, 0x69, 0x02, 0x6A, 0x4C, 0xF1, 0x4B, 0x15, 0xD3, 0x56, 0x4C, 0xDA, 0x77,
    0x20, 0x4E, 0x40, 0x4E, 0x60, 0xDE, 0x84, 0x93, 0x68, 0xA0, 0x62, 0xFF, 0x4A, 0x7A, 0x98, 0x17,
    0xA0, 0xCC, 0x51, 0x96, 0xA0, 0x8D, 0x99, 0x0F, 0xD5, 0x9A, 0x91, 0xD2, 0x5C, 0x54, 0x5F, 0x6A,
    0x3A, 0xD3, 0x6E, 0x1B, 0x6E, 0xC4, 0x82, 0x07, 0x3A, 0xF2, 0x3F, 0x6C, 0xC6, 0xDF, 0xA0, 0xAF,
    0xBD, 0x3A, 0x22, 0x68, 0x1C, 0xD2, 0x54, 0x97, 0x10, 0x1A, 0x53, 0x05, 0xA7, 0xDD, 0xCA, 0x47,
    0x6F, 0x64, 0xC2, 0x38, 0x2A, 0x04, 0x32, 0x3B, 0x33, 0x50, 0x66, 0x08, 0xC0, 0xEC, 0xE6, 0xC2,
    0xD9, 0xCB, 0x04, 0x74, 0x28, 0x8C, 0x93, 0x13, 0x01, 0x1E, 0x57, 0xA4, 0xAC, 0x49, 0x61, 0x93,
    0x52, 0xBD, 0xF9, 0x22, 0xC8, 0x49, 0x99, 0x93, 0x42, 0xB7, 0xD4, 0x2D, 0xF6, 0x86, 0xBB, 0x05,
    0x6F, 0xC9, 0xB7, 0xE8, 0x1F, 0xB6, 0x0B, 0x3D, 0x28, 0xE3, 0x56, 0x5E, 0xC1, 0x21, 0x0D, 0xC7,
    0xC7, 0xF7, 0x35, 0xEF, 0xAB, 0xFE, 0x90, 0xC7, 0x78, 0x4D, 0x25, 0xA3, 0x7D, 0x95, 0x33, 0xDB,
    0xBF, 0x72, 0xC4, 0xEF, 0xAD, 0x30, 0xEC, 0x97, 0xFF, 0xE7, 0xB0, 0xEF, 0x6F, 0xA5, 0xDB, 0x7D,
    0x47, 0x7B, 0xC8, 0x87, 0x21, 0xDA, 0x78, 0xF8, 0xCD, 0x00, 0xA9, 0x3E, 0xEA, 0x96, 0xD0, 0xB0,
    0x9A, 0x20, 0x67, 0xAA, 0x4E, 0x85, 0xF4, 0xD1, 0xB3, 0x0D, 0x50, 0xD5, 0xB0, 0xD5, 0xC6, 0xAD,
    0x36, 0x64, 0x6D, 0x2E, 0x1A, 0xBA, 0xDA, 0xD8, 0xD5, 0x06, 0xAF, 0x88, 0x5E, 0x07, 0x04, 0x57,
    0xE0, 0xC9, 0x96, 0x85, 0x1C, 0xAB, 0xD3, 0x53, 0x75, 0xD0, 0xCE, 0xA9, 0x19, 0xB3, 0x8B, 0xC5,
    0x9D, 0x9B, 0x6F, 0x00, 0xF3, 0xB7, 0x4A, 0xD2, 0xFC, 0x19, 0x10, 0xFD, 0xC0, 0x9A, 0xED, 0xC9,
    0x00, 0xCD, 0x75, 0x22, 0xC3, 0xEE, 0xF4, 0x1B, 0xF2, 0x7E, 0x6F, 0xBE, 0x43, 0x8B, 0x3E, 0xAF,
    0x9A, 0x7D, 0x9F, 0x8F, 0x3E, 0xFE, 0x87, 0xE4, 0x2B, 0x6F, 0x98, 0xAA, 0xEC, 0x2C, 0xD5, 0x5C,
    0x9E, 0xF7, 0x77, 0x7F, 0x82, 0xCD, 0xD1, 0xBC, 0x30, 0x77, 0xC9, 0xC4, 0xA5, 0x02, 0x1F, 0x17,
    0x26, 0x0D, 0x4D, 0x21, 0x7B, 0x6A, 0x39, 0x90, 0x8E, 0x65, 0x1F, 0xE2, 0xD8, 0x4A, 0x9C, 0xBA,
    0x5A, 0xAE, 0xCB, 0x0C, 0x51, 0x38, 0x93, 0x73, 0x45, 0x7A, 0x75, 0x27, 0xFD, 0x39, 0x64, 0x20,
    0xF2, 0xFE, 0x5B, 0xC8, 0x4F, 0x2A, 0xC8, 0x47, 0x22, 0x9F, 0x8A, 0x2C, 0x2B, 0x2E, 0xC7, 0xCD,
    0x4B, 0xF2, 0xAA, 0xE0, 0x55, 0xC9, 0x33, 0xF3, 0xCA, 0xE1, 0xB8, 0x31, 0x3E, 0x75, 0x4C, 0x76,
    0x15, 0xC8, 0xBA, 0x9B, 0x04, 0xEC, 0x54, 0x80, 0x3B, 0x41, 0xC9, 0x1D, 0xFD, 0x0B, 0xE8, 0xCD,
    0xAE, 0x8B, 0x7B, 0xB0, 0x06, 0xE2, 0x9A, 0x17, 0x62, 0xCC, 0xE2, 0x5F, 0xEC, 0x54, 0xDD, 0xBF,
    0x61, 0xD2, 0x82, 0xF0, 0xFF, 0x40, 0x6E, 0x19, 0x7C, 0xC1, 0xBE, 0x2D, 0x8C, 0x59, 0x3C, 0x84,
    0x78, 0x0C, 0x31, 0x4A, 0xC8, 0x3D, 0xAB, 0x92, 0x07, 0x8E, 0x29, 0xE3, 0x25, 0x2D, 0x66, 0xE1,
    0xE5, 0xDE, 0x94, 0xF8, 0xD3, 0xB4, 0x42, 0x36, 0xC7, 0xE3, 0xAF, 0xE5, 0xB3, 0x64, 0xDD, 0x8B,
    0x63, 0xC8, 0x12, 0x92, 0x3E, 0x15, 0xD8, 0x72, 0x46, 0xCD, 0x9E, 0x42, 0xFD, 0x51, 0x5B, 0xCE,
    0x0E, 0x11, 0x96, 0x03, 0x83, 0x01, 0x50, 0x87, 0xB0, 0xC2, 0xF0, 0x45, 0xDE, 0x1C, 0x16, 0x94,
    0x89, 0x49, 0x54, 0x99, 0xF7, 0x19, 0x7C, 0x2C, 0xD2, 0x23, 0x2D, 0x5E, 0xBB, 0xD4, 0xD3, 0xF9,
    0x27, 0xCA, 0x3B, 0xEC, 0x92, 0x1D, 0xB0, 0x9B, 0xB7, 0x49, 0x06, 0x82, 0xCB, 0x24, 0x07, 0xC2,
    0xE5, 0xBE, 0x0C, 0xFC, 0x31, 0x8F, 0x7F, 0xE0, 0xF3, 0x67, 0x72, 0x09, 0x15, 0xDD, 0x58, 0x2E,
    0xA6, 0x94, 0xCB, 0x2A, 0xB5, 0x24, 0x05, 0x65, 0x4D, 0x96, 0x62, 0xEF, 0xC2, 0x34, 0x2D, 0x4E,
    0xCB, 0xD3, 0x02, 0xC5, 0x65, 0xA4, 0x97, 0xA7, 0x7A, 0x61, 0xA6, 0x16, 0xAA, 0xA5, 0xDA, 0x60,
    0xA5, 0xA3, 0x4A, 0x2D, 0xD7, 0x86, 0xD8, 0x22, 0xE3, 0x4C, 0x1D, 0x28, 0xAA, 0xAF, 0xB0, 0x6E,
    0xF5, 0x66, 0x7A, 0xDC, 0xC5, 0x6E, 0xE9, 0x39, 0xC5, 0x3E, 0x63, 0xFD, 0x2C, 0x03, 0xD7, 0x97,
    0xC8, 0xE7, 0x26, 0x47, 0xB0, 0xEB, 0x85, 0x24, 0xED, 0xB8, 0x50, 0x61, 0xAB, 0x70, 0x95, 0xAE,
    0xE2, 0x55, 0xBE, 0x0A, 0x58, 0x09, 0x2B, 0x62, 0x65, 0xAC, 0x90, 0x49, 0x29, 0xAF, 0x1B, 0xB4,
    0xA7, 0x73, 0xBF, 0x9E, 0x91, 0x96, 0x4D, 0xAB, 0xAE, 0x95, 0xBD, 0x03, 0xDB, 0x03, 0xC2, 0xAD,
    0xA7, 0x70, 0x95, 0x76, 0xA0, 0x4C, 0x6B, 0x99, 0x35, 0x0E, 0x04, 0x74, 0xB0, 0x25, 0xDC, 0xEA,
    0x1D, 0xD4, 0x3D, 0x58, 0xFF, 0xD0, 0x38, 0x08, 0xEB, 0x21, 0xAC, 0x8B, 0xB0, 0x3E, 0x02, 0x4E,
    0x62, 0x40, 0xD4, 0x9B, 0xE3, 0xC6, 0xC0, 0x1E, 0xEA, 0x19, 0x06, 0x38, 0x90, 0xEE, 0xB8, 0x31,
    0x7A, 0xE0, 0x58, 0xD8, 0xCF, 0xB7, 0xD3, 0x03, 0xBA, 0x7B, 0x4C, 0xBE, 0x79, 0x0D, 0xAA, 0xF7,
    0x34, 0x65, 0xA3, 0x1B, 0x8C, 0x83, 0x33, 0x71, 0x59, 0x5A, 0x26, 0x67, 0x58, 0x36, 0xFC, 0xD1,
    0x54, 0x40, 0xBB, 0x9F, 0x2B, 0xD4, 0xAD, 0xF9, 0x92, 0x21, 0x39, 0x64, 0xBA, 0x36, 0x9C, 0x68,
    0x22, 0x89, 0x66, 0x6D, 0x59, 0xF7, 0xA3, 0xF3, 0x86, 0xEE, 0x36, 0xFD, 0xF5, 0xA5, 0x20, 0x44,
    0x03, 0x10, 0x2B, 0xDF, 0x5D, 0xD2, 0x47, 0x33, 0x0E, 0xD3, 0x9E, 0x37, 0xA4, 0xDF, 0xAE, 0x97,
    0x92, 0x98, 0xDC, 0x33, 0xCB, 0xD8, 0x64, 0xAE, 0xA9, 0x40, 0x3E, 0x96, 0xC0, 0x76, 0x24, 0x51,
    0xEE, 0x5C, 0xB2, 0xD8, 0xD8, 0xD7, 0xCB, 0xB0, 0x01, 0x10, 0xE6, 0x58, 0x00, 0xFA, 0x25, 0x3C,
    0x94, 0x5B, 0x49, 0x26, 0x60, 0x29, 0xB3, 0xF5, 0xBB, 0xB7, 0x52, 0x92, 0x9E, 0x79, 0xCF, 0x3B,
    0xFF, 0xAB, 0x39, 0x90, 0xBE, 0x8C, 0x2E, 0x4A, 0xD7, 0x9C, 0xC9, 0xAA, 0x68, 0x65, 0xB3, 0xE6,
    0x7A, 0xF6, 0x4D, 0xF6, 0x02, 0x24, 0xB2, 0xD6, 0x24, 0xF6, 0xBD, 0xB5, 0x94, 0x62, 0xC1, 0xAA,
    0x2F, 0x2A, 0xD6, 0xF9, 0x27, 0x2C, 0x52, 0x47, 0x32, 0x8A, 0x1C, 0xDF, 0xC8, 0x8C, 0x0A, 0x71,
    0x00, 0x31, 0x06, 0xFB, 0x39, 0x38, 0x20, 0x54, 0xC7, 0x1E, 0xC6, 0x12, 0x13, 0xF1, 0x3B, 0x1C,
    0xF4, 0x9D, 0x40, 0x83, 0xE4, 0x0B, 0xD4, 0x86, 0x8E, 0xF6, 0xC5, 0x09, 0xBC, 0x6D, 0x4E, 0x9D,
    0x60, 0xDA, 0xFB, 0x19, 0x7E, 0x9B, 0x60, 0x2E, 0xC1, 0x11, 0x1F, 0x0D, 0xC9, 0x77, 0x88, 0xD4,
    0x15, 0x8F, 0xF8, 0xD2, 0x01, 0x37, 0xDC, 0xD9, 0x0C, 0xAB, 0xF7, 0x25, 0xB3, 0x7A, 0xC9, 0x43,
    0x60, 0xE5, 0xF3, 0x5C, 0x5B, 0xB9, 0x65, 0x9B, 0xE5, 0x12, 0x7A, 0x72, 0x44, 0x4A, 0x0F, 0x49,
    0x71, 0xF0, 0x26, 0x66, 0xAB, 0x7D, 0x2B, 0xE7, 0x54, 0x7A, 0xFF, 0xCF, 0xB6, 0x43, 0x84, 0xBB,
    0x0C, 0x78, 0x84, 0xB1, 0x1F, 0xF9, 0x6D, 0x06, 0x7C, 0xD2, 0x8E, 0xAE, 0x72, 0x17, 0xAC, 0xF2,
    0x87, 0x92, 0xE1, 0x3B, 0xC6, 0xF5, 0xFA, 0x7F, 0x2A, 0xD9, 0x36, 0xC8, 0xFF, 0x02, 0x7D, 0x53,
    0xB1, 0x8E, 0xD4, 0x30, 0x10, 0x7D, 0x8E, 0xD1, 0xA6, 0xC8, 0x71, 0xD9, 0x9A, 0xDB, 0xBD, 0x50,
    0xD0, 0xB2, 0x69, 0x4E, 0x68, 0x8B, 0x4D, 0x6C, 0xA0, 0xA0, 0xA0, 0xE1, 0x13, 0xA8, 0x69, 0xB8,
    0x02, 0xA4, 0x95, 0x58, 0x88, 0x3F, 0x81, 0x4F, 0xA0, 0xA0, 0xE5, 0x68, 0xAE, 0x40, 0xE2, 0x8E,
    0x18, 0x28, 0x29, 0x88, 0x8E, 0x1F, 0xF0, 0x17, 0xDC, 0x05, 0x94, 0x62, 0x91, 0x92, 0x35, 0x63,
    0x27, 0xAB, 0xBB, 0x02, 0x18, 0x65, 0x3C, 0xE3, 0x79, 0xF6, 0xD8, 0xF3, 0xC6, 0x29, 0xAC, 0x2E,
    0xFD, 0x57, 0x58, 0x6B, 0xE1, 0x07, 0x41, 0x83, 0xF4, 0x83, 0x9B, 0x3A, 0x51, 0xFF, 0x71, 0x20,
    0x99, 0x89, 0x74, 0x82, 0x0C, 0x42, 0x8A, 0x4A, 0x54, 0x89, 0x4A, 0xA5, 0xD0, 0x45, 0x95, 0x54,
    0xA1, 0x8E, 0xE4, 0x0C, 0x4B, 0x8C, 0x91, 0x0C, 0x11, 0xAE, 0x23, 0x95, 0xFA, 0x08, 0xED, 0x02,
    0x33, 0x31, 0x22, 0x9D, 0x21, 0x41, 0x83, 0x8C, 0xD5, 0x10, 0xF7, 0xD6, 0x10, 0x67, 0xD6, 0x6B,
    0xA2, 0x4E, 0x90, 0xCA, 0xB5, 0xF8, 0xBA, 0x29, 0x7E, 0xD8, 0xA4, 0xFA, 0x14, 0xEA, 0x2C, 0x92,
    0xAB, 0x19, 0xAB, 0x97, 0x5C, 0x8F, 0x19, 0x25, 0xBC, 0x84, 0x38, 0x41, 0x6A, 0x91, 0x62, 0x80,
    0xB0, 0x07, 0x40, 0x90, 0xCE, 0x48, 0x6F, 0x93, 0x4E, 0x81, 0xF1, 0xCE, 0x48, 0x15, 0xE7, 0x56,
    0xD9, 0xA3, 0xF7, 0xF2, 0xCD, 0x94, 0xF5, 0x98, 0x5B, 0x53, 0x0C, 0x2A, 0x06, 0xCD, 0xAF, 0xEC,
    0x1B, 0xF6, 0x62, 0xF2, 0x0F, 0x75, 0x72, 0xF5, 0xAC, 0x69, 0xAF, 0xB7, 0x76, 0xF6, 0x54, 0x49,
    0xBC, 0xD8, 0x77, 0x4F, 0xF1, 0x68, 0x32, 0xE4, 0xC9, 0xFF, 0x72, 0x5E, 0x3E, 0x60, 0x93, 0x91,
    0x2C, 0x8E, 0xAC, 0x2A, 0xCF, 0x4B, 0xF9, 0x76, 0xC2, 0xFA, 0xDC, 0x57, 0xF7, 0x1C, 0x00, 0x91,
    0x11, 0xAD, 0xE8, 0x8A, 0x4D, 0xD1, 0x89, 0x36, 0x32, 0xB1, 0xC6, 0x2B, 0xF0, 0x5A, 0xD4, 0xCC,
    0xCA, 0xB8, 0x15, 0x75, 0x60, 0x95, 0x33, 0x7E, 0x96, 0x68, 0x9C, 0x22, 0xAC, 0xD9, 0xA6, 0xBF,
    0x13, 0x10, 0x5F, 0x54, 0x58, 0x78, 0x2F, 0x0D, 0x6A, 0x22, 0xDA, 0x49, 0x86, 0x86, 0xE8, 0x76,
    0xB2, 0x40, 0xC3, 0xB5, 0xF7, 0x56, 0x68, 0x22, 0xB5, 0xF5, 0x92, 0xBE, 0xBA, 0x9C, 0xD5, 0x59,
    0xEF, 0xA5, 0x0F, 0xCC, 0x87, 0xDE, 0x8B, 0xAD, 0xAE, 0x47, 0xAF, 0x71, 0x43, 0x21, 0xF8, 0xCD,
    0xAB, 0xB2, 0x45, 0xB9, 0xA6, 0x68, 0xF8, 0xB9, 0xC9, 0x79, 0xFD, 0xD2, 0xE1, 0xBC, 0x4A, 0x42,
    0x9D, 0x3A, 0x4E, 0xB8, 0x8E, 0x1F, 0x6A, 0x97, 0x6A, 0x15, 0x6E, 0xBD, 0x66, 0xEB, 0x05, 0x66,
    0xBB, 0x2E, 0xD4, 0xBC, 0xCE, 0xB9, 0xA1, 0xBD, 0xB1, 0x84, 0x6D, 0x99, 0xA5, 0x7C, 0x14, 0x4E,
    0x0D, 0x8A, 0x0A, 0xFB, 0xC4, 0x40, 0x4E, 0xF7, 0x5D, 0xD0, 0xA3, 0x39, 0xA4, 0x67, 0xB3, 0xCF,
    0xB5, 0x88, 0x4C, 0x1E, 0xF9, 0x96, 0xC7, 0x72, 0x19, 0xE3, 0xF0, 0x3A, 0xC6, 0xD7, 0xFA, 0x9B,
    0xB9, 0xC2, 0xB0, 0x26, 0x66, 0x40, 0x2C, 0x08, 0x4F, 0xB4, 0x50, 0xC4, 0x1D, 0xA8, 0x70, 0x9C,
    0x78, 0x52, 0x77, 0x87, 0xBE, 0xED, 0xFA, 0xD3, 0x78, 0x85, 0x80, 0x18, 0xE9, 0x68, 0x9D, 0xA4,
    0xD7, 0x86, 0x12, 0xAC, 0x05, 0x37, 0x88, 0x95, 0x5B, 0x7B, 0x30, 0xAC, 0x1D, 0xE8, 0x23, 0x5E,
    0x9C, 0x8C, 0xE7, 0xFD, 0x64, 0x7E, 0xE2, 0x8C, 0xB8, 0xE3, 0xAA, 0xC7, 0xC8, 0x4A, 0x67, 0x82,
    0xCE, 0x63, 0xC5, 0x0B, 0xE3, 0x4C, 0xF7, 0xDC, 0x63, 0x8F, 0x8F, 0x9F, 0xF9, 0xE8, 0xBA, 0xCF,
    0x72, 0x8C, 0x4B, 0xA1, 0xC4, 0xCC, 0x78, 0x13, 0xF4, 0xE6, 0x6E, 0x25, 0xB3, 0xF9, 0x2A, 0xF8,
    0x79, 0x66, 0xC4, 0x93, 0x96, 0x75, 0xDF, 0xAB, 0x11, 0xFD, 0x5F, 0x49, 0x07, 0xD7, 0xCE, 0xBD,
    0x06, 0xC5, 0x47, 0x13, 0x6C, 0x2E, 0xD4, 0xE9, 0x41, 0xCB, 0x7F, 0x7D, 0xAB, 0x6E, 0x2E, 0xE7,
    0xEC, 0xFE, 0x17, 0xED, 0x2A, 0xA3, 0x42, 0x88, 0x20, 0x0C, 0xAD, 0xEC, 0x65, 0x36, 0xDC, 0x9C,
    0x0A, 0x74, 0xCD, 0x76, 0x98, 0x6B, 0x70, 0x3C, 0xBC, 0xAE, 0x55, 0x0F, 0xB9, 0x83, 0xB7, 0x50,
    0xE2, 0x9F, 0x06, 0xE0, 0x3A, 0x5D, 0xF7, 0x50, 0xA8, 0x3D, 0x51, 0x1E, 0x5A, 0x0C, 0xD0, 0x1F,
    0x7D, 0x56, 0xCF, 0x6F, 0xDC, 0x44, 0x14, 0x7E, 0xB6, 0x4B, 0x2C, 0xC5, 0x6A, 0xE6, 0x04, 0x42,
    0x84, 0x65, 0xEE, 0xA5, 0xAA, 0xAF, 0x1C, 0x9A, 0xD8, 0xA2, 0x87, 0x5C, 0x23, 0x84, 0x38, 0x20,
    0xA1, 0x5E, 0x91, 0x2A, 0x94, 0x0B, 0xC7, 0x76, 0xD7, 0xD0, 0x7F, 0x20, 0x17, 0xB8, 0xB6, 0x87,
    0x22, 0xA1, 0x08, 0x29, 0x39, 0x54, 0xA8, 0x12, 0x49, 0xEC, 0xC2, 0xA1, 0x57, 0x57, 0xF9, 0x07,
    0x8C, 0x1A, 0x0E, 0x5C, 0xE8, 0x1C, 0x5C, 0xE1, 0x16, 0xEF, 0x0E, 0xDF, 0xF7, 0xBC, 0xBB, 0x6D,
    0xA2, 0x80, 0xB5, 0xFA, 0xE6, 0x8D, 0xE7, 0x87, 0xE7, 0xBD, 0xF7, 0xBD, 0x6F, 0x56, 0xE4, 0xE0,
    0x40, 0x44, 0x9C, 0x03, 0xBC, 0x00, 0xC4, 0xDE, 0x8B, 0x64, 0x2F, 0x7C, 0x2D, 0xB3, 0xE6, 0x99,
    0x0B, 0xDB, 0xFA, 0xA4, 0x8B, 0x7F, 0x7F, 0x7A, 0xD2, 0x99, 0xC7, 0x4F, 0x4F, 0x9C, 0x79, 0xFC,
    0x6B, 0x25, 0xE9, 0xB7, 0x84, 0x8F, 0x01, 0x59, 0xF8, 0x1B, 0x20, 0x1A, 0xA0, 0x00, 0xDC, 0x5D,
    0xC0, 0x8D, 0xBB, 0xB9, 0xA4, 0x37, 0xB6, 0x72, 0xB1, 0x4F, 0xB6, 0xB6, 0x6A, 0xF3, 0x64, 0xCB,
    0xB8, 0xF8, 0x9F, 0x24, 0x71, 0x91, 0x4F, 0x92, 0x46, 0xFC, 0xBD, 0x09, 0x76, 0xF0, 0x33, 0x11,
    0xE3, 0x77, 0x45, 0xD6, 0xD6, 0x64, 0x00, 0xEB, 0xBD, 0xAF, 0x0C, 0x41, 0x8E, 0xC4, 0x56, 0x72,
    0x28, 0x31, 0x21, 0x9A, 0x43, 0x8F, 0x69, 0x17, 0x82, 0xF7, 0xDD, 0x1C, 0xB4, 0x8B, 0x56, 0x4A,
    0x76, 0x01, 0xED, 0xD0, 0x55, 0x08, 0x14, 0xF0, 0x46, 0x3E, 0x9C, 0x3D, 0x80, 0x93, 0x5E, 0x47,
    0xDE, 0xDE, 0x16, 0x09, 0x79, 0x16, 0xFB, 0x47, 0x89, 0x93, 0x8B, 0xE1, 0x87, 0x4C, 0x0D, 0x48,
    0xAB, 0xB0, 0x93, 0xB7, 0x24, 0xE4, 0x8A, 0x88, 0x90, 0x7A, 0xEF, 0x06, 0xD0, 0xAD, 0xF4, 0x6B,
    0x19, 0xBB, 0x0A, 0xB2, 0xC9, 0x77, 0x16, 0x2B, 0xC4, 0xE4, 0xD8, 0x20, 0x29, 0xB0, 0x52, 0x8F,
    0x1D, 0x37, 0x70, 0xA0, 0x9C, 0xE5, 0x7D, 0xFC, 0x6A, 0xDF, 0xB7, 0x51, 0x1E, 0x94, 0x35, 0xA7,
    0xC2, 0xFB, 0x22, 0xF4, 0x53, 0x49, 0x7C, 0x15, 0xF0, 0x2C, 0x65, 0x83, 0x85, 0x22, 0xBF, 0x38,
    0x6D, 0x7E, 0xEE, 0xB4, 0x69, 0xFB, 0xA1, 0x39, 0x16, 0x83, 0x15, 0x6D, 0xC6, 0x06, 0x9F, 0xC3,
    0x23, 0x93, 0xA1, 0x11, 0x67, 0x6A, 0x8E, 0xB9, 0xD8, 0x69, 0x13, 0xB5, 0x46, 0xFD, 0xE7, 0x98,
    0x36, 0xF0, 0xCD, 0xC9, 0xB1, 0xE5, 0x98, 0x64, 0x68, 0x02, 0x27, 0xF6, 0x9E, 0x36, 0xE6, 0x2F,
    0x6D, 0xE2, 0x99, 0x36, 0x11, 0x9A, 0xF5, 0x57, 0x79, 0x30, 0xE3, 0x17, 0x2A, 0x99, 0xC9, 0xE2,
    0x41, 0x4A, 0x90, 0xA6, 0xDD, 0x85, 0x3D, 0x95, 0xA0, 0x19, 0x06, 0xEE, 0x48, 0x59, 0x84, 0xF5,
    0xC2, 0xB6, 0x55, 0xB4, 0xB4, 0x93, 0x66, 0x61, 0x1F, 0xC1, 0xFD, 0xE4, 0xB5, 0xED, 0x98, 0x93,
    0xB4, 0x5B, 0xDA, 0x01, 0x3D, 0x38, 0xC4, 0xFC, 0xA4, 0x92, 0xA8, 0xB1, 0x05, 0x6C, 0xB8, 0x53,
    0x49, 0x52, 0x29, 0x01, 0xD2, 0x02, 0xB6, 0x29, 0x56, 0x11, 0xEC, 0xA0, 0x64, 0x6E, 0x74, 0xAB,
    0x7E, 0xD2, 0xD1, 0x8E, 0x99, 0x85, 0x7E, 0x9C, 0xD3, 0x0E, 0x7D, 0x31, 0x24, 0x04, 0xB6, 0x4C,
    0xDA, 0xD7, 0x36, 0x9D, 0x5B, 0xD8, 0x32, 0x99, 0xDB, 0x05, 0x33, 0x95, 0x2F, 0xEC, 0x55, 0x86,
    0x78, 0x98, 0x73, 0x29, 0xCB, 0xCD, 0xC0, 0x16, 0x53, 0xDF, 0xCE, 0x8A, 0xB1, 0xAC, 0xFB, 0x07,
    0x2C, 0x0A, 0x67, 0x7D, 0x8F, 0xA8, 0x60, 0x52, 0xE0, 0xF3, 0xD0, 0xEF, 0xCA, 0x1B, 0xC1, 0xE9,
    0x49, 0x4F, 0xDF, 0x27, 0xFE, 0x54, 0xA6, 0x38, 0x47, 0xC7, 0xAF, 0x94, 0x64, 0x02, 0xD8, 0x44,
    0xFB, 0x1A, 0x8C, 0x9C, 0xBF, 0x0D, 0x50, 0xA8, 0xE0, 0xEF, 0xBA, 0x90, 0xDE, 0x69, 0x25, 0xB7,
    0xF5, 0x5C, 0x59, 0x25, 0x0F, 0xE7, 0x49, 0xF5, 0xBE, 0x5F, 0x1A, 0xE4, 0xCD, 0xDF, 0x2E, 0x44,
    0xAC, 0x23, 0x17, 0x3E, 0x73, 0x0C, 0x68, 0xE4, 0xA2, 0x93, 0x16, 0x9C, 0xBA, 0x60, 0x72, 0xD0,
    0x9B, 0xBC, 0x37, 0x4A, 0x4B, 0x2B, 0x47, 0x83, 0xB1, 0x21, 0xE3, 0x0F, 0x34, 0xEE, 0xD7, 0x25,
    0xDB, 0xA0, 0x31, 0x7E, 0x24, 0xD9, 0x6D, 0x1A, 0xD9, 0x90, 0x04, 0x18, 0x20, 0x03, 0xB9, 0x2D,
    0x29, 0xD8, 0x47, 0x11, 0x90, 0xD5, 0x5C, 0x56, 0xB6, 0xF5, 0x0D, 0x43, 0xB2, 0x7E, 0xA6, 0xD6,
    0x22, 0x12, 0x3D, 0x54, 0xB6, 0x2F, 0xDF, 0xD9, 0x97, 0xFD, 0x50, 0x7D, 0x51, 0x8B, 0x7A, 0x01,
    0xF1, 0x3B, 0xB1, 0x05, 0x0A, 0x24, 0xCD, 0xD1, 0xCD, 0x24, 0xEA, 0x50, 0x18, 0xC8, 0xD4, 0x58,
    0x92, 0x47, 0x80, 0xB5, 0x16, 0x70, 0x99, 0x70, 0xB5, 0xC5, 0xC0, 0x47, 0x2D, 0xA6, 0x7C, 0xDD,
    0x8A, 0xFD, 0xC6, 0xB5, 0x08, 0x65, 0x35, 0x6B, 0xC2, 0x99, 0x20, 0xA3, 0xE7, 0x1E, 0x4A, 0x42,
    0x40, 0x98, 0x17, 0x2C, 0xCF, 0x90, 0xB3, 0x64, 0x77, 0x10, 0x9D, 0x31, 0xBF, 0x81, 0x0F, 0x06,
    0x3D, 0xE2, 0x23, 0x11, 0xE2, 0x56, 0xB3, 0x68, 0x35, 0xE1, 0x03, 0x1A, 0x06, 0x68, 0x8E, 0x38,
    0x97, 0x2C, 0x30, 0x53, 0x81, 0x18, 0x90, 0x79, 0x11, 0xCD, 0xCB, 0xB0, 0x2A, 0xDC, 0x05, 0x29,
    0x25, 0x71, 0xDC, 0x33, 0x86, 0xD3, 0x3D, 0x51, 0xCA, 0xDC, 0xD6, 0x2A, 0x54, 0x58, 0x1E, 0x94,
    0xA7, 0x3C, 0x54, 0xE0, 0xA7, 0x41, 0x39, 0x0B, 0x4A, 0xA5, 0x64, 0xAA, 0x6B, 0x35, 0xAD, 0xA8,
    0x28, 0x20, 0x14, 0x0C, 0x68, 0x75, 0x4F, 0x46, 0xDE, 0x3C, 0x66, 0xEC, 0xCC, 0x93, 0x6A, 0x5E,
    0xC6, 0xEE, 0xCA, 0xFE, 0xF3, 0xD9, 0xDE, 0x7D, 0xD0, 0x90, 0xF5, 0x66, 0x8B, 0x8C, 0x6E, 0x15,
    0xA8, 0x03, 0x20, 0xCF, 0x6E, 0x73, 0x32, 0xDE, 0xE6, 0xFC, 0x78, 0x9A, 0x47, 0x8A, 0x88, 0x2B,
    0x4F, 0x3B, 0xBD, 0x14, 0xA3, 0x16, 0xCB, 0x9E, 0x68, 0x4F, 0xB9, 0x5B, 0x4F, 0x49, 0x98, 0x8E,
    0x51, 0x7F, 0x47, 0x87, 0x80, 0x8D, 0x87, 0xA8, 0xB2, 0x6B, 0x07, 0xA0, 0xE7, 0x88, 0x35, 0x26,
    0x0B, 0x08, 0xB6, 0x79, 0xEE, 0x26, 0xF1, 0xFE, 0x07, 0x59, 0xFB, 0x6E, 0xC8, 0xE3, 0xE7, 0x4D,
    0x70, 0xCB, 0xFB, 0xDA, 0xF8, 0x69, 0x0E, 0x05, 0xBB, 0x48, 0x65, 0x97, 0x3A, 0xBA, 0xE3, 0xEF,
    0x53, 0x60, 0x1C, 0xEF, 0x8A, 0x53, 0xBD, 0x31, 0x18, 0x8D, 0x4C, 0x76, 0x6A, 0x62, 0xA2, 0x12,
    0x89, 0x5C, 0xA9, 0x7B, 0xA0, 0xAA, 0x0A, 0x68, 0x46, 0x05, 0xD5, 0x37, 0xC5, 0x80, 0x54, 0x5A,
    0x9D, 0x3F, 0x81, 0xAB, 0x9B, 0xD9, 0x14, 0xFB, 0x6E, 0xA6, 0x2C, 0x2B, 0x55, 0x51, 0xE4, 0xF4,
    0x3C, 0xDE, 0x39, 0x8F, 0xAB, 0xFE, 0x4F, 0xD5, 0xE4, 0x41, 0xA7, 0x92, 0x25, 0x98, 0xED, 0x39,
    0x3D, 0xAC, 0xDF, 0x71, 0x52, 0x9A, 0xA0, 0x0F, 0x3B, 0x23, 0x7D, 0xE4, 0x4C, 0x30, 0x4D, 0x6A,
    0x74, 0x4D, 0x65, 0x34, 0xBA, 0x0C, 0xE5, 0x1A, 0x8F, 0x70, 0x1E, 0xB2, 0x1E, 0x90, 0x76, 0x19,
    0x46, 0xBB, 0x34, 0xBF, 0x2C, 0x9D, 0xAD, 0x2E, 0x07, 0x9D, 0xA9, 0x46, 0x41, 0x17, 0x3B, 0x40,
    0xD4, 0x8D, 0x70, 0x8D, 0xF8, 0x2F, 0xE2, 0x96, 0xAE, 0xD6, 0x5A, 0xF3, 0x22, 0xEF, 0xCB, 0x1C,
    0x82, 0x4F, 0xF5, 0x5C, 0xF0, 0xCE, 0x7F, 0xD6, 0x49, 0x48, 0xFE, 0x83, 0xA0, 0x96, 0x14, 0x82,
    0xCE, 0x3C, 0x18, 0xD4, 0x47, 0xD9, 0x56, 0xE6, 0x14, 0xE8, 0xA9, 0x02, 0xE8, 0x84, 0xE4, 0xDA,
    0x59, 0x2E, 0xAF, 0xDF, 0x05, 0x0C, 0x8B, 0xDE, 0x3F, 0x21, 0xEE, 0x1C, 0x15, 0xEE, 0x4A, 0xC0,
    0xEC, 0x86, 0x57, 0x54, 0x03, 0x49, 0x81, 0x84, 0x24, 0x1A, 0xFD, 0x92, 0x93, 0x56, 0xCE, 0x06,
    0xC2, 0x6E, 0x33, 0x39, 0x08, 0x4F, 0xFA, 0x1C, 0xA9, 0x99, 0x1A, 0xD4, 0x67, 0x6B, 0xA2, 0x2E,
    0x6E, 0x00, 0x88, 0x41, 0xE8, 0x86, 0x40, 0x30, 0x06, 0xFF, 0x11, 0x88, 0x05, 0x20, 0x06, 0x38,
    0xF0, 0x88, 0xD5, 0x31, 0x8A, 0x2B, 0x53, 0x8F, 0x8C, 0x4B, 0xDC, 0x08, 0xD7, 0x79, 0x3F, 0x4A,
    0x9A, 0xC0, 0x7F, 0x85, 0xEB, 0x7C, 0x42, 0x1D, 0x8F, 0xC9, 0x07, 0xB9, 0x2A, 0x6F, 0x00, 0xB9,
    0x30, 0x4D, 0xFD, 0x50, 0x7A, 0xF3, 0xE7, 0x4D, 0xAA, 0x1E, 0x91, 0xAA, 0x47, 0xA4, 0xEA, 0xE1,
    0x05, 0x54, 0xED, 0xFF, 0x17, 0xBA, 0x33, 0x70, 0x8B, 0xB4, 0xA4, 0x34, 0xBD, 0xB7, 0xB7, 0xB7,
    0xB7, 0x9B, 0x29, 0xF9, 0x82, 0x52, 0x63, 0xCD, 0x3B, 0xC3, 0xF0, 0xCE, 0x4A, 0xF4, 0xAE, 0xF6,
    0xD5, 0x95, 0xBD, 0xFD, 0x57, 0x85, 0x28, 0x03, 0x29, 0xC3, 0xAA, 0xD7, 0x57, 0xF6, 0x11, 0xC3,
    0x09, 0xAF, 0x11, 0x4E, 0x13, 0x0A, 0x09, 0x72, 0xC9, 0x0C, 0x0C, 0x57, 0x61, 0x49, 0x98, 0xA8,
    0x6C, 0x54, 0xCB, 0x4D, 0xDB, 0x9C, 0x5E, 0xA3, 0xCF, 0x5B, 0xF3, 0xEC, 0x79, 0x82, 0xF3, 0xF0,
    0xA5, 0xC8, 0x3B, 0x0C, 0x83, 0x47, 0x8E, 0xE5, 0x7B, 0xCD, 0xEA, 0x8B, 0x9F, 0xA0, 0xB0, 0x7C,
    0x57, 0xBE, 0x44, 0xF7, 0x13, 0x27, 0xEF, 0x32, 0xD3, 0x25, 0x35, 0xC7, 0x13, 0x52, 0x82, 0x21,
    0x58, 0xC2, 0x06, 0x60, 0xA5, 0x43, 0x01, 0x82, 0x5C, 0xDE, 0xBF, 0x54, 0xB6, 0xE7, 0x4B, 0x5C,
    0xD1, 0x37, 0x13, 0x0E, 0x06, 0xFE, 0xE6, 0xCD, 0x16, 0xAA, 0x6B, 0xC9, 0xB9, 0xC6, 0xC2, 0x01,
    0x0B, 0x0D, 0x9A, 0x20, 0x89, 0x16, 0xD9, 0x04, 0x6F, 0x24, 0x2B, 0x32, 0xEC, 0x9E, 0x16, 0x13,
    0x62, 0x45, 0xB4, 0xD5, 0xF1, 0x1C, 0x31, 0x32, 0x60, 0x51, 0x2A, 0x4E, 0x80, 0x59, 0x3E, 0x60,
    0xC6, 0x92, 0xD5, 0xDE, 0xB1, 0x72, 0x78, 0x4A, 0x4A, 0x42, 0x79, 0x21, 0xAE, 0xF7, 0xC9, 0xC5,
    0x99, 0xD6, 0x34, 0xCB, 0x1E, 0x01, 0xDF, 0xA4, 0x66, 0x6E, 0xF2, 0xE4, 0x0A, 0xE3, 0x01, 0x62,
    0x02, 0xB4, 0x95, 0xFF, 0x18, 0xF8, 0x17, 0x22, 0x4F, 0xC9, 0x0E, 0x14, 0xF2, 0x2E, 0xFF, 0x15,
    0xC8, 0x00, 0x19, 0xDD, 0x50, 0x38, 0xC7, 0x84, 0x75, 0xFF, 0xA3, 0x0C, 0x37, 0xF1, 0xBF, 0x85,
    0xCF, 0xBD, 0x0D, 0xC2, 0x30, 0x10, 0x05, 0xE0, 0xE7, 0x20, 0x91, 0x82, 0xC2, 0x0D, 0x35, 0x61,
    0x01, 0x98, 0x00, 0x91, 0x2C, 0x16, 0xF0, 0x60, 0xE1, 0x67, 0x84, 0x8C, 0x90, 0x0D, 0x70, 0x91,
    0xD2, 0x89, 0xB9, 0x77, 0x04, 0x61, 0x40, 0x08, 0x17, 0x9F, 0x4E, 0x77, 0x92, 0xF5, 0x1E, 0x30,
    0x8F, 0x0E, 0x40, 0x19, 0x7B, 0x71, 0xC8, 0x02, 0x90, 0x79, 0x33, 0x00, 0xB3, 0x8E, 0x73, 0xDE,
    0x1A, 0xD9, 0x2F, 0xAE, 0x72, 0x9B, 0xB4, 0xD4, 0xC4, 0x18, 0x03, 0x32, 0x71, 0xD0, 0xCD, 0x21,
    0xB1, 0x4E, 0x3C, 0x25, 0x36, 0xAA, 0xFC, 0x69, 0xDD, 0xA7, 0xC5, 0xC3, 0x0A, 0x61, 0x4D, 0xA3,
    0x47, 0x01, 0x1C, 0x2B, 0x2A, 0x6F, 0xA5, 0x6E, 0xC8, 0x72, 0x47, 0xCB, 0x5E, 0xF5, 0xB4, 0x70,
    0x7A, 0x45, 0x3E, 0x56, 0xDA, 0xE2, 0x26, 0x06, 0x33, 0xB2, 0x05, 0x46, 0xB6, 0xE0, 0x9C, 0xB7,
    0x38, 0x6B, 0xFE, 0xFD, 0x53, 0x4B, 0xA5, 0x85, 0xAF, 0xD9, 0xA2, 0xAB, 0xBF, 0x92, 0xFF, 0xCA,
    0xDF, 0x68, 0xE6, 0xD4, 0x57, 0xFE, 0xF7, 0x16, 0x97, 0x9E, 0xF9, 0x4B, 0x37, 0xB5, 0xD8, 0xFE,
    0x6F, 0x71, 0x07,
};

static const EpdGlyph literata_16_italicGlyphs[] = {
    { 0, 0, 101, 0, 0, 0, 0 }, // U+0020
    { 6, 24, 180, 3, 24, 36, 0 }, // !
    { 9, 8, 215, 3, 26, 18, 36 }, // "
    { 21, 18, 362, 1, 18, 95, 54 }, // #
    { 15, 28, 265, 1, 26, 105, 149 }, // $
    { 25, 20, 441, 1, 20, 125, 254 }, // %
    { 22, 24, 389, 2, 24, 132, 379 }, // &
    { 4, 8, 134, 3, 26, 8, 511 }, // '
    { 9, 34, 175, 2, 27, 77, 519 }, // (
    { 9, 34, 175, 0, 27, 77, 596 }, // )
    { 12, 13, 253, 2, 26, 39, 673 }, // *
    { 15, 15, 310, 2, 17, 57, 712 }, // +
    { 7, 10, 177, 2, 4, 18, 769 }, // ,
    { 10, 3, 188, 1, 11, 8, 787 }, // -
    { 7, 5, 171, 2, 5, 9, 795 }, // .
    { 15, 30, 237, 0, 26, 113, 804 }, // /
    { 18, 24, 305, 1, 24, 108, 917 }, // 0
    { 11, 24, 203, 1, 24, 66, 1025 }, // 1
    { 16, 24, 275, 1, 24, 96, 1091 }, // 2
    { 16, 24, 280, 1, 24, 96, 1187 }, // 3
    { 18, 24, 295, 0, 24, 108, 1283 }, // 4
    { 17, 23, 278, 0, 23, 98, 1391 }, // 5
    { 17, 24, 287, 1, 24, 102, 1489 }, // 6
    { 17, 23, 276, 1, 23, 98, 1591 }, // 7
    { 16, 24, 284, 1, 24, 96, 1689 }, // 8
    { 16, 24, 283, 1, 24, 96, 1785 }, // 9
    { 7, 18, 170, 2, 18, 32, 1881 }, // :
    { 7, 24, 179, 2, 18, 42, 1913 }, // ;
    { 15, 17, 310, 2, 18, 64, 1955 }, // <
    { 16, 8, 310, 2, 14, 32, 2019 }, // =
    { 15, 17, 310, 3, 18, 64, 2051 }, // >
    { 13, 24, 272, 2, 24, 78, 2115 }, // ?
    { 25, 25, 459, 2, 19, 157, 2193 }, // @
    { 23, 24, 368, 0, 24, 138, 2350 }, // A
    { 19, 23, 328, 1, 23, 110, 2488 }, // B
    { 19, 24, 330, 1, 24, 114, 2598 }, // C
    { 22, 23, 392, 1, 23, 127, 2712 }, // D
    { 18, 23, 316, 1, 23, 104, 2839 }, // E
    { 18, 23, 299, 1, 23, 104, 2943 }, // F
    { 20, 24, 342, 1, 24, 120, 3047 }, // G
    { 24, 23, 405, 1, 23, 138, 3167 }, // H
    { 11, 23, 191, 1, 23, 64, 3305 }, // I
    { 11, 31, 196, 1, 23, 86, 3369 }, // J
    { 22, 23, 367, 1, 23, 127, 3455 }, // K
    { 18, 23, 311, 1, 23, 104, 3582 }, // L
    { 30, 24, 497, 1, 23, 180, 3686 }, // M
    { 24, 24, 398, 1, 23, 144, 3866 }, // N
    { 22, 24, 381, 1, 24, 132, 4010 }, // O
    { 18, 23, 315, 1, 23, 104, 4142 }, // P
    { 24, 29, 375, 1, 24, 174, 4246 }, // Q
    { 22, 23, 362, 1, 23, 127, 4420 }, // R
    { 15, 24, 265, 1, 24, 90, 4547 }, // S
    { 20, 23, 331, 1, 23, 115, 4637 }, // T
    { 22, 23, 399, 2, 23, 127, 4752 }, // U
    { 24, 24, 368, 0, 23, 144, 4879 }, // V
    { 34, 25, 534, 0, 24, 213, 5023 }, // W
    { 23, 23, 366, 0, 23, 133, 5236 }, // X
    { 23, 23, 357, 0, 23, 133, 5369 }, // Y
    { 19, 23, 327, 1, 23, 110, 5502 }, // Z
    { 9, 34, 170, 2, 27, 77, 5612 }, // [
    { 12, 30, 220, 1, 26, 90, 5689 }, // <backslash>
    { 9, 34, 172, 0, 27, 77, 5779 }, // ]
    { 17, 12, 310, 1, 23, 51, 5856 }, // ^
    { 17, 2, 266, 0, -1, 9, 5907 }, // _
    { 7, 7, 266, 5, 25, 13, 5916 }, // `
    { 18, 17, 304, 1, 17, 77, 5929 }, // a
    { 18, 25, 302, 0, 25, 113, 6006 }, // b
    { 14, 17, 259, 1, 17, 60, 6119 }, // c
    { 18, 25, 306, 1, 25, 113, 6179 }, // d
    { 14, 17, 254, 1, 17, 60, 6292 }, // e
    { 18, 33, 204, -2, 26, 149, 6352 }, // f
    { 15, 25, 294, 1, 18, 94, 6501 }, // g
    { 19, 25, 313, 0, 25, 119, 6595 }, // h
    { 10, 25, 159, 0, 25, 63, 6714 }, // i
    { 10, 32, 158, -2, 25, 80, 6777 }, // j
    { 18, 25, 293, 0, 25, 113, 6857 }, // k
    { 10, 25, 150, 0, 25, 63, 6970 }, // l
    { 29, 17, 467, 0, 17, 124, 7033 }, // m
    { 20, 17, 318, 0, 17, 85, 7157 }, // n
    { 16, 17, 287, 1, 17, 68, 7242 }, // o
    { 18, 24, 307, 0, 17, 108, 7310 }, // p
    { 18, 25, 288, 1, 18, 113, 7418 }, // q
    { 15, 17, 247, 0, 17, 64, 7531 }, // r
    { 13, 17, 235, 1, 17, 56, 7595 }, // s
    { 12, 23, 214, 1, 23, 69, 7651 }, // t
    { 20, 17, 316, 0, 17, 85, 7720 }, // u
    { 19, 17, 322, 0, 17, 81, 7805 }, // v
    { 28, 17, 478, 0, 17, 119, 7886 }, // w
    { 18, 17, 283, 0, 17, 77, 8005 }, // x
    { 17, 24, 287, 0, 17, 102, 8082 }, // y
    { 14, 17, 254, 1, 17, 60, 8184 }, // z
    { 10, 34, 194, 2, 27, 85, 8244 }, // {
    { 4, 30, 218, 5, 26, 30, 8329 }, // |
    { 10, 34, 194, 1, 27, 85, 8359 }, // }
    { 16, 4, 311, 3, 11, 16, 8444 }, // ~
    { 0, 0, 101, 0, 0, 0, 0 }, // U+00A0
    { 7, 23, 180, 2, 17, 41, 0 }, // U+00A1
    { 14, 22, 259, 1, 21, 77, 41 }, // U+00A2
    { 18, 25, 313, 1, 24, 113, 118 }, // U+00A3
    { 16, 16, 284, 1, 19, 64, 231 }, // U+00A4
    { 23, 23, 357, 0, 23, 133, 295 }, // U+00A5
    { 4, 30, 218, 5, 26, 30, 428 }, // U+00A6
    { 15, 29, 328, 3, 24, 109, 458 }, // U+00A7
    { 12, 4, 267, 3, 24, 12, 567 }, // U+00A8
    { 24, 22, 423, 1, 22, 132, 579 }, // U+00A9
    { 14, 13, 237, 1, 25, 46, 711 }, // U+00AA
    { 15, 15, 265, 1, 16, 57, 757 }, // U+00AB
    { 15, 7, 310, 2, 12, 27, 814 }, // U+00AC
    { 0, 0, 0, 0, 0, 0, 841 }, // U+00AD
    { 13, 12, 247, 1, 25, 39, 841 }, // U+00AE
    { 10, 2, 267, 4, 23, 5, 880 }, // U+00AF
    { 9, 8, 161, 1, 26, 18, 885 }, // U+00B0
    { 15, 17, 310, 2, 17, 64, 903 }, // U+00B1
    { 12, 15, 205, 1, 27, 45, 967 }, // U+00B2
    { 12, 15, 212, 1, 27, 45, 1012 }, // U+00B3
    { 7, 7, 268, 6, 25, 13, 1057 }, // U+00B4
    { 17, 25, 301, 1, 17, 107, 1070 }, // U+00B5
    { 16, 30, 310, 2, 23, 120, 1177 }, // U+00B6
    { 6, 5, 170, 3, 13, 8, 1297 }, // U+00B7
    { 7, 8, 267, 5, 1, 14, 1305 }, // U+00B8
    { 9, 16, 157, 1, 28, 36, 1319 }, // U+00B9
    { 12, 13, 228, 2, 25, 39, 1355 }, // U+00BA
    { 15, 15, 268, 1, 16, 57, 1394 }, // U+00BB
    { 29, 24, 508, 1, 24, 174, 1451 }, // U+00BC
    { 29, 24, 487, 1, 24, 174, 1625 }, // U+00BD
    { 29, 23, 512, 2, 23, 167, 1799 }, // U+00BE
    { 14, 24, 272, 2, 17, 84, 1966 }, // U+00BF
    { 23, 31, 368, 0, 31, 179, 2050 }, // U+00C0
    { 23, 30, 368, 0, 30, 173, 2229 }, // U+00C1
    { 23, 30, 368, 0, 30, 173, 2402 }, // U+00C2
    { 23, 29, 368, 0, 29, 167, 2575 }, // U+00C3
    { 23, 29, 368, 0, 29, 167, 2742 }, // U+00C4
    { 23, 31, 368, 0, 31, 179, 2909 }, // U+00C5
    { 30, 23, 492, 0, 23, 173, 3088 }, // U+00C6
    { 19, 31, 330, 1, 24, 148, 3261 }, // U+00C7
    { 18, 31, 316, 1, 31, 140, 3409 }, // U+00C8
    { 18, 30, 316, 1, 30, 135, 3549 }, // U+00C9
    { 18, 30, 316, 1, 30, 135, 3684 }, // U+00CA
    { 18, 29, 316, 1, 29, 131, 3819 }, // U+00CB
    { 11, 31, 191, 1, 31, 86, 3950 }, // U+00CC
    { 11, 30, 191, 1, 30, 83, 4036 }, // U+00CD
    { 12, 30, 191, 1, 30, 90, 4119 }, // U+00CE
    { 12, 29, 191, 1, 29, 87, 4209 }, // U+00CF
    { 22, 23, 392, 1, 23, 127, 4296 }, // U+00D0
    { 24, 30, 398, 1, 29, 180, 4423 }, // U+00D1
    { 22, 31, 381, 1, 31, 171, 4603 }, // U+00D2
    { 22, 30, 381, 1, 30, 165, 4774 }, // U+00D3
    { 22, 30, 381, 1, 30, 165, 4939 }, // U+00D4
    { 22, 29, 381, 1, 29, 160, 5104 }, // U+00D5
    { 22, 29, 381, 1, 29, 160, 5264 }, // U+00D6
    { 13, 14, 308, 3, 17, 46, 5424 }, // U+00D7
    { 22, 24, 381, 1, 24, 132, 5470 }, // U+00D8
    { 22, 31, 399, 2, 31, 171, 5602 }, // U+00D9
    { 22, 30, 399, 2, 30, 165, 5773 }, // U+00DA
    { 22, 30, 399, 2, 30, 165, 5938 }, // U+00DB
    { 22, 29, 399, 2, 29, 160, 6103 }, // U+00DC
    { 23, 30, 357, 0, 30, 173, 6263 }, // U+00DD
    { 18, 23, 320, 1, 23, 104, 6436 }, // U+00DE
    { 22, 33, 341, -2, 26, 182, 6540 }, // U+00DF
    { 18, 25, 304, 1, 25, 113, 6722 }, // U+00E0
    { 18, 25, 304, 1, 25, 113, 6835 }, // U+00E1
    { 18, 25, 304, 1, 25, 113, 6948 }, // U+00E2
    { 18, 24, 304, 1, 24, 108, 7061 }, // U+00E3
    { 18, 24, 304, 1, 24, 108, 7169 }, // U+00E4
    { 18, 26, 304, 1, 26, 117, 7277 }, // U+00E5
    { 24, 17, 412, 1, 17, 102, 7394 }, // U+00E6
    { 14, 24, 259, 1, 17, 84, 7496 }, // U+00E7
    { 14, 25, 254, 1, 25, 88, 7580 }, // U+00E8
    { 14, 25, 254, 1, 25, 88, 7668 }, // U+00E9
    { 14, 25, 254, 1, 25, 88, 7756 }, // U+00EA
    { 14, 24, 254, 1, 24, 84, 7844 }, // U+00EB
    { 10, 25, 159, 0, 25, 63, 7928 }, // U+00EC
    { 10, 25, 159, 0, 25, 63, 7991 }, // U+00ED
    { 11, 25, 159, -1, 25, 69, 8054 }, // U+00EE
    { 12, 24, 159, -2, 24, 72, 8123 }, // U+00EF
    { 15, 26, 288, 1, 26, 98, 8195 }, // U+00F0
    { 20, 24, 318, 0, 24, 120, 8293 }, // U+00F1
    { 16, 25, 287, 1, 25, 100, 8413 }, // U+00F2
    { 16, 25, 287, 1, 25, 100, 8513 }, // U+00F3
    { 16, 25, 287, 1, 25, 100, 8613 }, // U+00F4
    { 16, 24, 287, 1, 24, 96, 8713 }, // U+00F5
    { 16, 24, 287, 1, 24, 96, 8809 }, // U+00F6
    { 15, 14, 310, 2, 17, 53, 8905 }, // U+00F7
    { 18, 17, 287, 0, 17, 77, 8958 }, // U+00F8
    { 20, 25, 316, 0, 25, 125, 9035 }, // U+00F9
    { 20, 25, 316, 0, 25, 125, 9160 }, // U+00FA
    { 20, 25, 316, 0, 25, 125, 9285 }, // U+00FB
    { 20, 24, 316, 0, 24, 120, 9410 }, // U+00FC
    { 17, 32, 287, 0, 25, 136, 9530 }, // U+00FD
    { 18, 32, 302, 0, 25, 144, 9666 }, // U+00FE
    { 17, 31, 287, 0, 24, 132, 9810 }, // U+00FF
    { 23, 28, 368, 0, 28, 161, 0 }, // U+0100
    { 18, 23, 304, 1, 23, 104, 161 }, // U+0101
    { 23, 31, 368, 0, 31, 179, 265 }, // U+0102
    { 18, 26, 304, 1, 26, 117, 444 }, // U+0103
    { 23, 31, 368, 0, 24, 179, 561 }, // U+0104
    { 18, 24, 304, 1, 17, 108, 740 }, // U+0105
    { 19, 30, 330, 1, 30, 143, 848 }, // U+0106
    { 14, 25, 259, 1, 25, 88, 991 }, // U+0107
    { 19, 30, 330, 1, 30, 143, 1079 }, // U+0108
    { 14, 25, 259, 1, 25, 88, 1222 }, // U+0109
    { 19, 29, 330, 1, 29, 138, 1310 }, // U+010A
    { 14, 24, 259, 1, 24, 84, 1448 }, // U+010B
    { 19, 31, 330, 1, 31, 148, 1532 }, // U+010C
    { 14, 26, 259, 1, 26, 91, 1680 }, // U+010D
    { 22, 31, 392, 1, 31, 171, 1771 }, // U+010E
    { 21, 25, 362, 1, 25, 132, 1942 }, // U+010F
    { 22, 23, 392, 1, 23, 127, 2074 }, // U+0110
    { 18, 25, 306, 1, 25, 113, 2201 }, // U+0111
    { 18, 28, 316, 1, 28, 126, 2314 }, // U+0112
    { 14, 23, 254, 1, 23, 81, 2440 }, // U+0113
    { 18, 31, 316, 1, 31, 140, 2521 }, // U+0114
    { 14, 26, 254, 1, 26, 91, 2661 }, // U+0115
    { 18, 29, 316, 1, 29, 131, 2752 }, // U+0116
    { 14, 24, 254, 1, 24, 84, 2883 }, // U+0117
    { 18, 30, 316, 1, 23, 135, 2967 }, // U+0118
    { 14, 24, 254, 1, 17, 84, 3102 }, // U+0119
    { 18, 31, 316, 1, 31, 140, 3186 }, // U+011A
    { 14, 26, 254, 1, 26, 91, 3326 }, // U+011B
    { 20, 30, 342, 1, 30, 150, 3417 }, // U+011C
    { 15, 32, 294, 1, 25, 120, 3567 }, // U+011D
    { 20, 31, 342, 1, 31, 155, 3687 }, // U+011E
    { 15, 33, 294, 1, 26, 124, 3842 }, // U+011F
    { 20, 29, 342, 1, 29, 145, 3966 }, // U+0120
    { 15, 31, 294, 1, 24, 117, 4111 }, // U+0121
    { 20, 31, 342, 1, 24, 155, 4228 }, // U+0122
    { 15, 33, 294, 1, 26, 124, 4383 }, // U+0123
    { 24, 30, 405, 1, 30, 180, 4507 }, // U+0124
    { 21, 32, 313, -2, 32, 168, 4687 }, // U+0125
    { 25, 23, 405, 1, 23, 144, 4855 }, // U+0126
    { 19, 25, 313, 0, 25, 119, 4999 }, // U+0127
    { 12, 29, 191, 1, 29, 87, 5118 }, // U+0128
    { 12, 24, 159, -2, 24, 72, 5205 }, // U+0129
    { 11, 28, 191, 1, 28, 77, 5277 }, // U+012A
    { 11, 23, 159, -1, 23, 64, 5354 }, // U+012B
    { 12, 31, 191, 1, 31, 93, 5418 }, // U+012C
    { 11, 26, 159, -1, 26, 72, 5511 }, // U+012D
    { 11, 30, 191, 1, 23, 83, 5583 }, // U+012E
    { 10, 32, 159, 0, 25, 80, 5666 }, // U+012F
    { 11, 29, 191, 1, 29, 80, 5746 }, // U+0130
    { 10, 17, 159, 0, 17, 43, 5826 }, // U+0131
    { 22, 31, 387, 1, 23, 171, 5869 }, // U+0132
    { 18, 32, 317, 0, 25, 144, 6040 }, // U+0133
    { 12, 38, 196, 1, 30, 114, 6184 }, // U+0134
    { 12, 32, 158, -2, 25, 96, 6298 }, // U+0135
    { 22, 32, 367, 1, 23, 176, 6394 }, // U+0136
    { 18, 34, 293, 0, 25, 153, 6570 }, // U+0137
    { 19, 17, 296, 0, 17, 81, 6723 }, // U+0138
    { 18, 30, 311, 1, 30, 135, 6804 }, // U+0139
    { 10, 32, 150, 0, 32, 80, 6939 }, // U+013A
    { 18, 32, 311, 1, 23, 144, 7019 }, // U+013B
    { 10, 34, 150, 0, 25, 85, 7163 }, // U+013C
    { 18, 25, 311, 1, 25, 113, 7248 }, // U+013D
    { 13, 25, 206, 0, 25, 82, 7361 }, // U+013E
    { 18, 23, 311, 1, 23, 104, 7443 }, // U+013F
    { 14, 25, 220, 0, 25, 88, 7547 }, // U+0140
    { 18, 23, 311, 1, 23, 104, 7635 }, // U+0141
    { 11, 25, 170, 0, 25, 69, 7739 }, // U+0142
    { 24, 31, 398, 1, 30, 186, 7808 }, // U+0143
    { 20, 25, 318, 0, 25, 125, 7994 }, // U+0144
    { 24, 32, 398, 1, 23, 192, 8119 }, // U+0145
    { 20, 26, 318, 0, 17, 130, 8311 }, // U+0146
    { 24, 32, 398, 1, 31, 192, 8441 }, // U+0147
    { 20, 26, 318, 0, 26, 130, 8633 }, // U+0148
    { 24, 25, 385, 0, 25, 150, 8763 }, // U+0149
    { 24, 31, 398, 1, 23, 186, 8913 }, // U+014A
    { 17, 24, 315, 0, 17, 102, 9099 }, // U+014B
    { 22, 28, 381, 1, 28, 154, 9201 }, // U+014C
    { 16, 23, 287, 1, 23, 92, 9355 }, // U+014D
    { 22, 31, 381, 1, 31, 171, 9447 }, // U+014E
    { 16, 26, 287, 1, 26, 104, 9618 }, // U+014F
    { 22, 30, 381, 1, 30, 165, 9722 }, // U+0150
    { 16, 25, 287, 1, 25, 100, 9887 }, // U+0151
    { 31, 24, 530, 1, 24, 186, 9987 }, // U+0152
    { 25, 17, 437, 1, 17, 107, 10173 }, // U+0153
    { 22, 30, 362, 1, 30, 165, 10280 }, // U+0154
    { 15, 25, 247, 0, 25, 94, 10445 }, // U+0155
    { 22, 32, 362, 1, 23, 176, 10539 }, // U+0156
    { 15, 26, 247, 0, 17, 98, 10715 }, // U+0157
    { 22, 31, 362, 1, 31, 171, 10813 }, // U+0158
    { 15, 26, 247, 0, 26, 98, 10984 }, // U+0159
    { 15, 30, 265, 1, 30, 113, 11082 }, // U+015A
    { 13, 25, 235, 1, 25, 82, 11195 }, // U+015B
    { 15, 30, 265, 1, 30, 113, 11277 }, // U+015C
    { 13, 25, 235, 1, 25, 82, 11390 }, // U+015D
    { 15, 31, 265, 1, 24, 117, 11472 }, // U+015E
    { 13, 24, 235, 1, 17, 78, 11589 }, // U+015F
    { 15, 31, 265, 1, 31, 117, 11667 }, // U+0160
    { 13, 26, 235, 1, 26, 85, 11784 }, // U+0161
    { 20, 30, 331, 1, 23, 150, 11869 }, // U+0162
    { 12, 30, 214, 1, 23, 90, 12019 }, // U+0163
    { 20, 31, 331, 1, 31, 155, 12109 }, // U+0164
    { 13, 26, 230, 1, 26, 85, 12264 }, // U+0165
    { 20, 23, 331, 1, 23, 115, 12349 }, // U+0166
    { 13, 23, 214, 0, 23, 75, 12464 }, // U+0167
    { 22, 29, 399, 2, 29, 160, 12539 }, // U+0168
    { 20, 24, 316, 0, 24, 120, 12699 }, // U+0169
    { 22, 28, 399, 2, 28, 154, 12819 }, // U+016A
    { 20, 23, 316, 0, 23, 115, 12973 }, // U+016B
    { 22, 31, 399, 2, 31, 171, 13088 }, // U+016C
    { 20, 26, 316, 0, 26, 130, 13259 }, // U+016D
    { 22, 31, 399, 2, 31, 171, 13389 }, // U+016E
    { 20, 26, 316, 0, 26, 130, 13560 }, // U+016F
    { 22, 30, 399, 2, 30, 165, 13690 }, // U+0170
    { 20, 25, 316, 0, 25, 125, 13855 }, // U+0171
    { 22, 30, 399, 2, 23, 165, 13980 }, // U+0172
    { 20, 24, 316, 0, 17, 120, 14145 }, // U+0173
    { 34, 31, 534, 0, 30, 264, 14265 }, // U+0174
    { 28, 25, 478, 0, 25, 175, 14529 }, // U+0175
    { 23, 30, 357, 0, 30, 173, 14704 }, // U+0176
    { 17, 32, 287, 0, 25, 136, 14877 }, // U+0177
    { 23, 29, 357, 0, 29, 167, 15013 }, // U+0178
    { 19, 30, 327, 1, 30, 143, 15180 }, // U+0179
    { 14, 25, 254, 1, 25, 88, 15323 }, // U+017A
    { 19, 29, 327, 1, 29, 138, 15411 }, // U+017B
    { 14, 24, 254, 1, 24, 84, 15549 }, // U+017C
    { 19, 31, 327, 1, 31, 148, 15633 }, // U+017D
    { 14, 26, 254, 1, 26, 91, 15781 }, // U+017E
    { 26, 25, 427, 1, 25, 163, 0 }, // U+01A0
    { 19, 22, 311, 1, 22, 105, 163 }, // U+01A1
    { 26, 25, 433, 2, 25, 163, 268 }, // U+01AF
    { 22, 22, 349, 0, 22, 121, 431 }, // U+01B0
    { 42, 31, 700, 1, 31, 326, 552 }, // U+01C4
    { 38, 26, 636, 1, 26, 247, 878 }, // U+01C5
    { 33, 26, 560, 1, 26, 215, 1125 }, // U+01C6
    { 30, 31, 503, 1, 23, 233, 1340 }, // U+01C7
    { 26, 32, 469, 1, 25, 208, 1573 }, // U+01C8
    { 17, 32, 308, 0, 25, 136, 1781 }, // U+01C9
    { 35, 31, 594, 1, 23, 272, 1917 }, // U+01CA
    { 31, 32, 556, 1, 25, 248, 2189 }, // U+01CB
    { 27, 32, 473, 0, 25, 216, 2437 }, // U+01CC
    { 23, 31, 368, 0, 31, 179, 2653 }, // U+01CD
    { 18, 26, 304, 1, 26, 117, 2832 }, // U+01CE
    { 12, 31, 191, 1, 31, 93, 2949 }, // U+01CF
    { 11, 26, 159, -1, 26, 72, 3042 }, // U+01D0
    { 22, 31, 381, 1, 31, 171, 3114 }, // U+01D1
    { 16, 26, 287, 1, 26, 104, 3285 }, // U+01D2
    { 22, 31, 399, 2, 31, 171, 3389 }, // U+01D3
    { 20, 26, 316, 0, 26, 130, 3560 }, // U+01D4
    { 22, 34, 399, 2, 34, 187, 3690 }, // U+01D5
    { 20, 29, 316, 0, 29, 145, 3877 }, // U+01D6
    { 22, 36, 399, 2, 36, 198, 4022 }, // U+01D7
    { 20, 32, 316, 0, 32, 160, 4220 }, // U+01D8
    { 22, 37, 399, 2, 37, 204, 4380 }, // U+01D9
    { 20, 33, 316, 0, 33, 165, 4584 }, // U+01DA
    { 22, 37, 399, 2, 37, 204, 4749 }, // U+01DB
    { 20, 33, 316, 0, 33, 165, 4953 }, // U+01DC
    { 20, 31, 342, 1, 31, 155, 5118 }, // U+01E6
    { 15, 33, 294, 1, 26, 124, 5273 }, // U+01E7
    { 22, 31, 381, 1, 24, 171, 5397 }, // U+01EA
    { 16, 24, 287, 1, 17, 96, 5568 }, // U+01EB
    { 23, 35, 368, 0, 35, 202, 5664 }, // U+01FA
    { 18, 32, 304, 1, 32, 144, 5866 }, // U+01FB
    { 30, 30, 492, 0, 30, 225, 6010 }, // U+01FC
    { 24, 25, 412, 1, 25, 150, 6235 }, // U+01FD
    { 22, 30, 381, 1, 30, 165, 6385 }, // U+01FE
    { 18, 25, 287, 0, 25, 113, 6550 }, // U+01FF
    { 23, 31, 368, 0, 31, 179, 6663 }, // U+0200
    { 18, 26, 304, 1, 26, 117, 6842 }, // U+0201
    { 23, 30, 368, 0, 30, 173, 6959 }, // U+0202
    { 18, 25, 304, 1, 25, 113, 7132 }, // U+0203
    { 18, 31, 316, 1, 31, 140, 7245 }, // U+0204
    { 14, 26, 254, 1, 26, 91, 7385 }, // U+0205
    { 18, 30, 316, 1, 30, 135, 7476 }, // U+0206
    { 14, 25, 254, 1, 25, 88, 7611 }, // U+0207
    { 14, 31, 191, -2, 31, 109, 7699 }, // U+0208
    { 13, 26, 159, -3, 26, 85, 7808 }, // U+0209
    { 12, 30, 191, 1, 30, 90, 7893 }, // U+020A
    { 11, 25, 159, -1, 25, 69, 7983 }, // U+020B
    { 22, 31, 381, 1, 31, 171, 8052 }, // U+020C
    { 16, 26, 287, 1, 26, 104, 8223 }, // U+020D
    { 22, 31, 381, 1, 31, 171, 8327 }, // U+020E
    { 16, 25, 287, 1, 25, 100, 8498 }, // U+020F
    { 22, 31, 362, 1, 31, 171, 8598 }, // U+0210
    { 15, 26, 247, 0, 26, 98, 8769 }, // U+0211
    { 22, 31, 362, 1, 31, 171, 8867 }, // U+0212
    { 15, 25, 247, 0, 25, 94, 9038 }, // U+0213
    { 22, 31, 399, 2, 31, 171, 9132 }, // U+0214
    { 20, 26, 316, 0, 26, 130, 9303 }, // U+0215
    { 22, 31, 399, 2, 31, 171, 9433 }, // U+0216
    { 20, 25, 316, 0, 25, 125, 9604 }, // U+0217
    { 15, 33, 265, 1, 24, 124, 9729 }, // U+0218
    { 13, 26, 235, 1, 17, 85, 9853 }, // U+0219
    { 20, 32, 331, 1, 23, 160, 9938 }, // U+021A
    { 12, 32, 214, 1, 23, 96, 10098 }, // U+021B
    { 7, 7, 0, -4, 25, 13, 0 }, // U+0300
    { 7, 7, 0, -2, 25, 13, 13 }, // U+0301
    { 11, 7, 0, -5, 25, 20, 26 }, // U+0302
    { 11, 4, 0, -5, 24, 11, 46 }, // U+0303
    { 11, 2, 0, -5, 23, 6, 57 }, // U+0304
    { 11, 7, 0, -5, 26, 20, 63 }, // U+0306
    { 5, 4, 0, -2, 24, 5, 83 }, // U+0307
    { 11, 4, 0, -5, 24, 11, 88 }, // U+0308
    { 9, 8, 0, -4, 27, 18, 99 }, // U+0309
    { 7, 7, 0, -3, 26, 13, 117 }, // U+030A
    { 11, 7, 0, -3, 25, 20, 130 }, // U+030B
    { 11, 7, 0, -5, 26, 20, 150 }, // U+030C
    { 12, 7, 0, -7, 26, 21, 170 }, // U+030F
    { 11, 7, 0, -5, 25, 20, 191 }, // U+0311
    { 5, 7, 0, -2, 26, 9, 211 }, // U+0312
    { 7, 10, 0, -4, 22, 18, 220 }, // U+031B
    { 5, 4, 0, -3, -3, 5, 238 }, // U+0323
    { 11, 4, 0, -6, -3, 11, 243 }, // U+0324
    { 5, 7, 0, -3, -2, 9, 254 }, // U+0326
    { 8, 8, 0, -4, 1, 16, 263 }, // U+0327
    { 8, 8, 0, -4, 1, 16, 279 }, // U+0328
    { 11, 6, 0, -6, -1, 17, 295 }, // U+032E
    { 11, 2, 0, -6, -3, 6, 312 }, // U+0331
    { 23, 31, 368, 0, 24, 179, 0 }, // U+1EA0
    { 18, 24, 304, 1, 17, 108, 179 }, // U+1EA1
    { 23, 32, 368, 0, 32, 184, 287 }, // U+1EA2
    { 18, 27, 304, 1, 27, 122, 471 }, // U+1EA3
    { 23, 37, 368, 0, 37, 213, 593 }, // U+1EA4
    { 18, 32, 304, 1, 32, 144, 806 }, // U+1EA5
    { 23, 38, 368, 0, 38, 219, 950 }, // U+1EA6
    { 18, 33, 304, 1, 33, 149, 1169 }, // U+1EA7
    { 23, 36, 368, 0, 36, 207, 1318 }, // U+1EA8
    { 18, 31, 304, 1, 31, 140, 1525 }, // U+1EA9
    { 23, 35, 368, 0, 35, 202, 1665 }, // U+1EAA
    { 18, 30, 304, 1, 30, 135, 1867 }, // U+1EAB
    { 23, 37, 368, 0, 30, 213, 2002 }, // U+1EAC
    { 18, 32, 304, 1, 25, 144, 2215 }, // U+1EAD
    { 23, 36, 368, 0, 36, 207, 2359 }, // U+1EAE
    { 18, 32, 304, 1, 32, 144, 2566 }, // U+1EAF
    { 23, 37, 368, 0, 37, 213, 2710 }, // U+1EB0
    { 18, 33, 304, 1, 33, 149, 2923 }, // U+1EB1
    { 23, 38, 368, 0, 38, 219, 3072 }, // U+1EB2
    { 18, 33, 304, 1, 33, 149, 3291 }, // U+1EB3
    { 23, 35, 368, 0, 35, 202, 3440 }, // U+1EB4
    { 18, 30, 304, 1, 30, 135, 3642 }, // U+1EB5
    { 23, 38, 368, 0, 31, 219, 3777 }, // U+1EB6
    { 18, 33, 304, 1, 26, 149, 3996 }, // U+1EB7
    { 18, 30, 316, 1, 23, 135, 4145 }, // U+1EB8
    { 14, 24, 254, 1, 17, 84, 4280 }, // U+1EB9
    { 18, 32, 316, 1, 32, 144, 4364 }, // U+1EBA
    { 14, 27, 254, 1, 27, 95, 4508 }, // U+1EBB
    { 18, 29, 316, 1, 29, 131, 4603 }, // U+1EBC
    { 14, 24, 254, 1, 24, 84, 4734 }, // U+1EBD
    { 18, 37, 316, 1, 37, 167, 4818 }, // U+1EBE
    { 14, 32, 254, 1, 32, 112, 4985 }, // U+1EBF
    { 18, 38, 316, 1, 38, 171, 5097 }, // U+1EC0
    { 14, 33, 254, 1, 33, 116, 5268 }, // U+1EC1
    { 20, 36, 316, 1, 36, 180, 5384 }, // U+1EC2
    { 17, 32, 254, 1, 32, 136, 5564 }, // U+1EC3
    { 18, 35, 316, 1, 35, 158, 5700 }, // U+1EC4
    { 15, 30, 254, 1, 30, 113, 5858 }, // U+1EC5
    { 18, 37, 316, 1, 30, 167, 5971 }, // U+1EC6
    { 14, 32, 254, 1, 25, 112, 6138 }, // U+1EC7
    { 11, 32, 191, 1, 32, 88, 6250 }, // U+1EC8
    { 10, 27, 159, 0, 27, 68, 6338 }, // U+1EC9
    { 11, 30, 191, 1, 23, 83, 6406 }, // U+1ECA
    { 10, 32, 159, 0, 25, 80, 6489 }, // U+1ECB
    { 22, 31, 381, 1, 24, 171, 6569 }, // U+1ECC
    { 16, 24, 287, 1, 17, 96, 6740 }, // U+1ECD
    { 22, 32, 381, 1, 32, 176, 6836 }, // U+1ECE
    { 16, 27, 287, 1, 27, 108, 7012 }, // U+1ECF
    { 22, 37, 381, 1, 37, 204, 7120 }, // U+1ED0
    { 16, 32, 287, 1, 32, 128, 7324 }, // U+1ED1
    { 22, 38, 381, 1, 38, 209, 7452 }, // U+1ED2
    { 16, 33, 287, 1, 33, 132, 7661 }, // U+1ED3
    { 22, 36, 381, 1, 36, 198, 7793 }, // U+1ED4
    { 18, 32, 287, 1, 32, 144, 7991 }, // U+1ED5
    { 22, 35, 381, 1, 35, 193, 8135 }, // U+1ED6
    { 16, 30, 287, 1, 30, 120, 8328 }, // U+1ED7
    { 22, 37, 381, 1, 30, 204, 8448 }, // U+1ED8
    { 16, 32, 287, 1, 25, 128, 8652 }, // U+1ED9
    { 26, 30, 427, 1, 30, 195, 8780 }, // U+1EDA
    { 19, 25, 311, 1, 25, 119, 8975 }, // U+1EDB
    { 26, 31, 427, 1, 31, 202, 9094 }, // U+1EDC
    { 19, 25, 311, 1, 25, 119, 9296 }, // U+1EDD
    { 26, 32, 427, 1, 32, 208, 9415 }, // U+1EDE
    { 19, 27, 311, 1, 27, 129, 9623 }, // U+1EDF
    { 26, 29, 427, 1, 29, 189, 9752 }, // U+1EE0
    { 19, 24, 311, 1, 24, 114, 9941 }, // U+1EE1
    { 26, 32, 427, 1, 25, 208, 10055 }, // U+1EE2
    { 19, 29, 311, 1, 22, 138, 10263 }, // U+1EE3
    { 22, 30, 399, 2, 23, 165, 10401 }, // U+1EE4
    { 20, 24, 316, 0, 17, 120, 10566 }, // U+1EE5
    { 22, 32, 399, 2, 32, 176, 10686 }, // U+1EE6
    { 20, 27, 316, 0, 27, 135, 10862 }, // U+1EE7
    { 26, 30, 433, 2, 30, 195, 10997 }, // U+1EE8
    { 22, 25, 349, 0, 25, 138, 11192 }, // U+1EE9
    { 26, 31, 433, 2, 31, 202, 11330 }, // U+1EEA
    { 22, 25, 349, 0, 25, 138, 11532 }, // U+1EEB
    { 26, 32, 433, 2, 32, 208, 11670 }, // U+1EEC
    { 22, 27, 349, 0, 27, 149, 11878 }, // U+1EED
    { 26, 29, 433, 2, 29, 189, 12027 }, // U+1EEE
    { 22, 24, 349, 0, 24, 132, 12216 }, // U+1EEF
    { 26, 32, 433, 2, 25, 208, 12348 }, // U+1EF0
    { 22, 29, 349, 0, 22, 160, 12556 }, // U+1EF1
    { 23, 31, 357, 0, 31, 179, 12716 }, // U+1EF2
    { 17, 32, 287, 0, 25, 136, 12895 }, // U+1EF3
    { 23, 30, 357, 0, 23, 173, 13031 }, // U+1EF4
    { 17, 24, 282, 0, 17, 102, 13204 }, // U+1EF5
    { 23, 32, 357, 0, 32, 184, 13306 }, // U+1EF6
    { 17, 34, 287, 0, 27, 145, 13490 }, // U+1EF7
    { 23, 29, 357, 0, 29, 167, 13635 }, // U+1EF8
    { 17, 31, 287, 0, 24, 132, 13802 }, // U+1EF9
    { 0, 0, 310, 0, 0, 0, 0 }, // U+2007
    { 0, 0, 173, 0, 0, 0, 0 }, // U+2008
    { 0, 0, 67, 0, 0, 0, 0 }, // U+2009
    { 0, 0, 32, 0, 0, 0, 0 }, // U+200A
    { 0, 0, 0, 0, 0, 0, 0 }, // U+200B
    { 10, 3, 188, 1, 11, 8, 0 }, // U+2010
    { 17, 2, 267, 0, 10, 9, 8 }, // U+2012
    { 17, 2, 267, 0, 10, 9, 17 }, // U+2013
    { 33, 2, 534, 0, 10, 17, 26 }, // U+2014
    { 33, 2, 534, 0, 10, 17, 43 }, // U+2015
    { 6, 9, 143, 2, 26, 14, 60 }, // U+2018
    { 6, 9, 143, 2, 25, 14, 74 }, // U+2019
    { 6, 9, 150, 2, 4, 14, 88 }, // U+201A
    { 13, 9, 246, 2, 26, 30, 102 }, // U+201C
    { 12, 9, 246, 2, 25, 27, 132 }, // U+201D
    { 12, 9, 253, 2, 4, 27, 159 }, // U+201E
    { 13, 26, 278, 2, 25, 85, 186 }, // U+2020
    { 13, 27, 275, 2, 26, 88, 271 }, // U+2021
    { 8, 7, 198, 2, 14, 14, 359 }, // U+2022
    { 28, 5, 511, 2, 5, 35, 373 }, // U+2026
    { 37, 20, 630, 1, 20, 185, 408 }, // U+2030
    { 5, 8, 115, 1, 26, 10, 593 }, // U+2032
    { 10, 8, 202, 1, 26, 20, 603 }, // U+2033
    { 9, 15, 163, 1, 16, 34, 623 }, // U+2039
    { 9, 15, 166, 1, 16, 34, 657 }, // U+203A
    { 26, 26, 488, 2, 26, 169, 691 }, // U+2042
    { 16, 23, 130, -4, 23, 92, 860 }, // U+2044
    { 19, 28, 327, 1, 26, 133, 0 }, // U+20A1
    { 18, 23, 300, 1, 23, 104, 133 }, // U+20A3
    { 19, 25, 315, 0, 24, 119, 237 }, // U+20A4
    { 25, 24, 405, 1, 23, 150, 356 }, // U+20A6
    { 45, 23, 764, 1, 23, 259, 506 }, // U+20A7
    { 36, 25, 568, 0, 24, 225, 765 }, // U+20A9
    { 18, 30, 306, 1, 25, 135, 990 }, // U+20AB
    { 24, 24, 381, 0, 24, 144, 1125 }, // U+20AC
    { 24, 23, 375, 0, 23, 138, 1269 }, // U+20AD
    { 20, 23, 331, 1, 23, 115, 1407 }, // U+20AE
    { 22, 23, 354, 1, 23, 127, 1522 }, // U+20B1
    { 20, 28, 342, 1, 26, 140, 1649 }, // U+20B2
    { 20, 24, 343, 1, 24, 120, 1789 }, // U+20B4
    { 19, 30, 327, 1, 27, 143, 1909 }, // U+20B5
    { 20, 23, 333, 1, 23, 115, 2052 }, // U+20B8
    { 18, 24, 327, 2, 24, 108, 2167 }, // U+20B9
    { 17, 23, 313, 2, 23, 98, 2275 }, // U+20BA
    { 21, 23, 379, 1, 23, 121, 2373 }, // U+20BC
    { 19, 23, 313, 1, 23, 110, 2494 }, // U+20BD
    { 23, 33, 334, -2, 26, 190, 0 }, // U+FB01
    { 23, 33, 334, -2, 26, 190, 190 }, // U+FB02
};

static const EpdUnicodeInterval literata_16_italicIntervals[] = {
    { 0x20, 0x7E, 0x0 },
    { 0xA0, 0x17E, 0x5F },
    { 0x1A0, 0x1A1, 0x13E },
    { 0x1AF, 0x1B0, 0x140 },
    { 0x1C4, 0x1DC, 0x142 },
    { 0x1E6, 0x1E7, 0x15B },
    { 0x1EA, 0x1EB, 0x15D },
    { 0x1FA, 0x21B, 0x15F },
    { 0x300, 0x304, 0x181 },
    { 0x306, 0x30C, 0x186 },
    { 0x30F, 0x30F, 0x18D },
    { 0x311, 0x312, 0x18E },
    { 0x31B, 0x31B, 0x190 },
    { 0x323, 0x324, 0x191 },
    { 0x326, 0x328, 0x193 },
    { 0x32E, 0x32E, 0x196 },
    { 0x331, 0x331, 0x197 },
    { 0x1EA0, 0x1EF9, 0x198 },
    { 0x2007, 0x200B, 0x1F2 },
    { 0x2010, 0x2010, 0x1F7 },
    { 0x2012, 0x2015, 0x1F8 },
    { 0x2018, 0x201A, 0x1FC },
    { 0x201C, 0x201E, 0x1FF },
    { 0x2020, 0x2022, 0x202 },
    { 0x2026, 0x2026, 0x205 },
    { 0x2030, 0x2030, 0x206 },
    { 0x2032, 0x2033, 0x207 },
    { 0x2039, 0x203A, 0x209 },
    { 0x2042, 0x2042, 0x20B },
    { 0x2044, 0x2044, 0x20C },
    { 0x20A1, 0x20A1, 0x20D },
    { 0x20A3, 0x20A4, 0x20E },
    { 0x20A6, 0x20A7, 0x210 },
    { 0x20A9, 0x20A9, 0x212 },
    { 0x20AB, 0x20AE, 0x213 },
    { 0x20B1, 0x20B2, 0x217 },
    { 0x20B4, 0x20B5, 0x219 },
    { 0x20B8, 0x20BA, 0x21B },
    { 0x20BC, 0x20BD, 0x21E },
    { 0xFB01, 0xFB02, 0x220 },
};

static const EpdFontGroup literata_16_italicGroups[] = {
    { 0, 4332, 9212, 95, 0 },
    { 4332, 3626, 10690, 96, 95 },
    { 7958, 4624, 17012, 127, 191 },
    { 12582, 3447, 10838, 67, 318 },
    { 16029, 280, 354, 23, 385 },
    { 16309, 2425, 15029, 90, 408 },
    { 18734, 594, 1074, 27, 498 },
    { 19328, 1375, 2747, 19, 525 },
    { 20703, 164, 396, 2, 544 },
};

static const EpdKernClassEntry literata_16_italicKernLeftClasses[] = {
    { 0x0022, 1 }, // "
    { 0x0026, 2 }, // &
    { 0x0027, 1 }, // '
    { 0x0028, 3 }, // (
    { 0x002A, 4 }, // *
    { 0x002C, 5 }, // ,
    { 0x002D, 6 }, // -
    { 0x002E, 5 }, // .
    { 0x002F, 7 }, // /
    { 0x0031, 8 }, // 1
    { 0x0032, 9 }, // 2
    { 0x0033, 10 }, // 3
    { 0x0034, 11 }, // 4
    { 0x0035, 12 }, // 5
    { 0x0037, 13 }, // 7
    { 0x0038, 14 }, // 8
    { 0x0039, 15 }, // 9
    { 0x003A, 16 }, // :
    { 0x003B, 16 }, // ;
    { 0x003D, 17 }, // =
    { 0x0040, 18 }, // @
    { 0x0041, 19 }, // A
    { 0x0042, 20 }, // B
    { 0x0043, 21 }, // C
    { 0x0044, 22 }, // D
    { 0x0045, 23 }, // E
    { 0x0046, 24 }, // F
    { 0x0047, 25 }, // G
    { 0x0048, 26 }, // H
    { 0x0049, 26 }, // I
    { 0x004A, 27 }, // J
    { 0x004B, 28 }, // K
    { 0x004C, 29 }, // L
    { 0x004D, 30 }, // M
    { 0x004E, 31 }, // N
    { 0x004F, 32 }, // O
    { 0x0050, 33 }, // P
    { 0x0051, 34 }, // Q
    { 0x0052, 35 }, // R
    { 0x0053, 36 }, // S
    { 0x0054, 37 }, // T
    { 0x0055, 26 }, // U
    { 0x0056, 38 }, // V
    { 0x0057, 39 }, // W
    { 0x0058, 40 }, // X
    { 0x0059, 41 }, // Y
    { 0x005A, 42 }, // Z
    { 0x005B, 43 }, // [
    { 0x005C, 44 }, // <backslash>
    { 0x0061, 45 }, // a
    { 0x0062, 46 }, // b
    { 0x0063, 47 }, // c
    { 0x0064, 48 }, // d
    { 0x0065, 49 }, // e
    { 0x0066, 50 }, // f
    { 0x0067, 51 }, // g
    { 0x0068, 45 }, // h
    { 0x0069, 52 }, // i
    { 0x006A, 53 }, // j
    { 0x006B, 54 }, // k
    { 0x006C, 48 }, // l
    { 0x006D, 45 }, // m
    { 0x006E, 45 }, // n
    { 0x006F, 46 }, // o
    { 0x0070, 46 }, // p
    { 0x0071, 55 }, // q
    { 0x0072, 56 }, // r
    { 0x0073, 57 }, // s
    { 0x0074, 58 }, // t
    { 0x0075, 45 }, // u
    { 0x0076, 59 }, // v
    { 0x0077, 59 }, // w
    { 0x0078, 60 }, // x
    { 0x0079, 61 }, // y
    { 0x007A, 62 }, // z
    { 0x00A1, 63 }, // U+00A1
    { 0x00AB, 64 }, // U+00AB
    { 0x00AD, 6 }, // U+00AD
    { 0x00B7, 65 }, // U+00B7
    { 0x00BB, 66 }, // U+00BB
    { 0x00BF, 67 }, // U+00BF
    { 0x00C0, 19 }, // U+00C0
    { 0x00C1, 19 }, // U+00C1
    { 0x00C2, 19 }, // U+00C2
    { 0x00C3, 19 }, // U+00C3
    { 0x00C4, 19 }, // U+00C4
    { 0x00C5, 19 }, // U+00C5
    { 0x00C6, 68 }, // U+00C6
    { 0x00C7, 21 }, // U+00C7
    { 0x00C8, 23 }, // U+00C8
    { 0x00C9, 23 }, // U+00C9
    { 0x00CA, 23 }, // U+00CA
    { 0x00CB, 23 }, // U+00CB
    { 0x00CC, 26 }, // U+00CC
    { 0x00CD, 26 }, // U+00CD
    { 0x00CE, 26 }, // U+00CE
    { 0x00CF, 26 }, // U+00CF
    { 0x00D0, 69 }, // U+00D0
    { 0x00D1, 31 }, // U+00D1
    { 0x00D2, 70 }, // U+00D2
    { 0x00D3, 70 }, // U+00D3
    { 0x00D4, 70 }, // U+00D4
    { 0x00D5, 70 }, // U+00D5
    { 0x00D6, 70 }, // U+00D6
    { 0x00D7, 71 }, // U+00D7
    { 0x00D8, 70 }, // U+00D8
    { 0x00DD, 41 }, // U+00DD
    { 0x00DE, 72 }, // U+00DE
    { 0x00DF, 73 }, // U+00DF
    { 0x00E0, 74 }, // U+00E0
    { 0x00E1, 75 }, // U+00E1
    { 0x00E2, 75 }, // U+00E2
    { 0x00E3, 75 }, // U+00E3
    { 0x00E4, 75 }, // U+00E4
    { 0x00E5, 75 }, // U+00E5
    { 0x00E6, 76 }, // U+00E6
    { 0x00E7, 47 }, // U+00E7
    { 0x00E8, 77 }, // U+00E8
    { 0x00E9, 77 }, // U+00E9
    { 0x00EA, 77 }, // U+00EA
    { 0x00EB, 77 }, // U+00EB
    { 0x00EC, 52 }, // U+00EC
    { 0x00ED, 52 }, // U+00ED
    { 0x00EE, 52 }, // U+00EE
    { 0x00EF, 52 }, // U+00EF
    { 0x00F1, 45 }, // U+00F1
    { 0x00F2, 46 }, // U+00F2
    { 0x00F3, 46 }, // U+00F3
    { 0x00F4, 46 }, // U+00F4
    { 0x00F5, 46 }, // U+00F5
    { 0x00F6, 46 }, // U+00F6
    { 0x00F8, 46 }, // U+00F8
    { 0x00F9, 45 }, // U+00F9
    { 0x00FA, 45 }, // U+00FA
    { 0x00FB, 45 }, // U+00FB
    { 0x00FC, 45 }, // U+00FC
    { 0x00FD, 61 }, // U+00FD
    { 0x00FE, 46 }, // U+00FE
    { 0x00FF, 61 }, // U+00FF
    { 0x0100, 19 }, // U+0100
    { 0x0101, 75 }, // U+0101
    { 0x0102, 19 }, // U+0102
    { 0x0103, 75 }, // U+0103
    { 0x0104, 19 }, // U+0104
    { 0x0105, 75 }, // U+0105
    { 0x0106, 21 }, // U+0106
    { 0x0107, 47 }, // U+0107
    { 0x0108, 21 }, // U+0108
    { 0x0109, 47 }, // U+0109
    { 0x010A, 21 }, // U+010A
    { 0x010B, 47 }, // U+010B
    { 0x010C, 21 }, // U+010C
    { 0x010D, 47 }, // U+010D
    { 0x010E, 78 }, // U+010E
    { 0x010F, 79 }, // U+010F
    { 0x0110, 78 }, // U+0110
    { 0x0111, 48 }, // U+0111
    { 0x0112, 23 }, // U+0112
    { 0x0113, 77 }, // U+0113
    { 0x0114, 23 }, // U+0114
    { 0x0115, 77 }, // U+0115
    { 0x0116, 23 }, // U+0116
    { 0x0117, 77 }, // U+0117
    { 0x0118, 23 }, // U+0118
    { 0x0119, 77 }, // U+0119
    { 0x011A, 23 }, // U+011A
    { 0x011B, 77 }, // U+011B
    { 0x011C, 25 }, // U+011C
    { 0x011D, 51 }, // U+011D
    { 0x011E, 25 }, // U+011E
    { 0x011F, 51 }, // U+011F
    { 0x0120, 25 }, // U+0120
    { 0x0121, 51 }, // U+0121
    { 0x0122, 25 }, // U+0122
    { 0x0123, 51 }, // U+0123
    { 0x0124, 26 }, // U+0124
    { 0x0125, 45 }, // U+0125
    { 0x0126, 26 }, // U+0126
    { 0x0127, 45 }, // U+0127
    { 0x0128, 26 }, // U+0128
    { 0x0129, 52 }, // U+0129
    { 0x012A, 26 }, // U+012A
    { 0x012B, 52 }, // U+012B
    { 0x012C, 26 }, // U+012C
    { 0x012D, 52 }, // U+012D
    { 0x012E, 26 }, // U+012E
    { 0x012F, 52 }, // U+012F
    { 0x0130, 26 }, // U+0130
    { 0x0131, 52 }, // U+0131
    { 0x0132, 27 }, // U+0132
    { 0x0134, 27 }, // U+0134
    { 0x0135, 53 }, // U+0135
    { 0x0136, 28 }, // U+0136
    { 0x0137, 54 }, // U+0137
    { 0x0138, 54 }, // U+0138
    { 0x0139, 29 }, // U+0139
    { 0x013A, 48 }, // U+013A
    { 0x013B, 29 }, // U+013B
    { 0x013C, 48 }, // U+013C
    { 0x013D, 80 }, // U+013D
    { 0x013E, 81 }, // U+013E
    { 0x013F, 29 }, // U+013F
    { 0x0140, 48 }, // U+0140
    { 0x0141, 29 }, // U+0141
    { 0x0142, 82 }, // U+0142
    { 0x0143, 31 }, // U+0143
    { 0x0144, 45 }, // U+0144
    { 0x0145, 31 }, // U+0145
    { 0x0146, 45 }, // U+0146
    { 0x0147, 31 }, // U+0147
    { 0x0148, 45 }, // U+0148
    { 0x0149, 45 }, // U+0149
    { 0x014A, 27 }, // U+014A
    { 0x014B, 53 }, // U+014B
    { 0x014C, 70 }, // U+014C
    { 0x014D, 46 }, // U+014D
    { 0x014E, 70 }, // U+014E
    { 0x014F, 46 }, // U+014F
    { 0x0150, 70 }, // U+0150
    { 0x0151, 46 }, // U+0151
    { 0x0152, 23 }, // U+0152
    { 0x0153, 76 }, // U+0153
    { 0x0154, 35 }, // U+0154
    { 0x0155, 56 }, // U+0155
    { 0x0156, 35 }, // U+0156
    { 0x0157, 56 }, // U+0157
    { 0x0158, 35 }, // U+0158
    { 0x0159, 56 }, // U+0159
    { 0x015A, 36 }, // U+015A
    { 0x015B, 57 }, // U+015B
    { 0x015C, 36 }, // U+015C
    { 0x015D, 57 }, // U+015D
    { 0x015E, 36 }, // U+015E
    { 0x015F, 57 }, // U+015F
    { 0x0160, 36 }, // U+0160
    { 0x0161, 57 }, // U+0161
    { 0x0162, 37 }, // U+0162
    { 0x0163, 58 }, // U+0163
    { 0x0164, 37 }, // U+0164
    { 0x0165, 83 }, // U+0165
    { 0x0166, 37 }, // U+0166
    { 0x0169, 45 }, // U+0169
    { 0x016B, 45 }, // U+016B
    { 0x016D, 45 }, // U+016D
    { 0x016F, 45 }, // U+016F
    { 0x0171, 45 }, // U+0171
    { 0x0173, 45 }, // U+0173
    { 0x0174, 39 }, // U+0174
    { 0x0175, 59 }, // U+0175
    { 0x0176, 41 }, // U+0176
    { 0x0177, 61 }, // U+0177
    { 0x0178, 41 }, // U+0178
    { 0x0179, 42 }, // U+0179
    { 0x017A, 62 }, // U+017A
    { 0x017B, 42 }, // U+017B
    { 0x017C, 62 }, // U+017C
    { 0x017D, 42 }, // U+017D
    { 0x017E, 62 }, // U+017E
    { 0x01A0, 84 }, // U+01A0
    { 0x01A1, 85 }, // U+01A1
    { 0x01AF, 86 }, // U+01AF
    { 0x01B0, 87 }, // U+01B0
    { 0x01C6, 45 }, // U+01C6
    { 0x01C7, 27 }, // U+01C7
    { 0x01C9, 53 }, // U+01C9
    { 0x01CA, 27 }, // U+01CA
    { 0x01CC, 53 }, // U+01CC
    { 0x01CD, 19 }, // U+01CD
    { 0x01CE, 45 }, // U+01CE
    { 0x01CF, 26 }, // U+01CF
    { 0x01D0, 52 }, // U+01D0
    { 0x01D1, 70 }, // U+01D1
    { 0x01D2, 46 }, // U+01D2
    { 0x01D4, 45 }, // U+01D4
    { 0x01D6, 45 }, // U+01D6
    { 0x01D8, 45 }, // U+01D8
    { 0x01DA, 45 }, // U+01DA
    { 0x01DC, 45 }, // U+01DC
    { 0x01E6, 25 }, // U+01E6
    { 0x01E7, 51 }, // U+01E7
    { 0x01EA, 70 }, // U+01EA
    { 0x01EB, 46 }, // U+01EB
    { 0x01FA, 19 }, // U+01FA
    { 0x01FB, 45 }, // U+01FB
    { 0x01FC, 88 }, // U+01FC
    { 0x01FD, 46 }, // U+01FD
    { 0x01FE, 70 }, // U+01FE
    { 0x01FF, 46 }, // U+01FF
    { 0x0200, 19 }, // U+0200
    { 0x0201, 45 }, // U+0201
    { 0x0202, 19 }, // U+0202
    { 0x0203, 45 }, // U+0203
    { 0x0204, 23 }, // U+0204
    { 0x0205, 46 }, // U+0205
    { 0x0206, 23 }, // U+0206
    { 0x0207, 46 }, // U+0207
    { 0x0208, 26 }, // U+0208
    { 0x0209, 52 }, // U+0209
    { 0x020A, 26 }, // U+020A
    { 0x020B, 52 }, // U+020B
    { 0x020C, 70 }, // U+020C
    { 0x020D, 46 }, // U+020D
    { 0x020E, 70 }, // U+020E
    { 0x020F, 46 }, // U+020F
    { 0x0210, 35 }, // U+0210
    { 0x0211, 56 }, // U+0211
    { 0x0212, 35 }, // U+0212
    { 0x0213, 56 }, // U+0213
    { 0x0215, 45 }, // U+0215
    { 0x0217, 45 }, // U+0217
    { 0x0218, 36 }, // U+0218
    { 0x0219, 57 }, // U+0219
    { 0x021A, 37 }, // U+021A
    { 0x021B, 58 }, // U+021B
    { 0x1EA0, 19 }, // U+1EA0
    { 0x1EA1, 45 }, // U+1EA1
    { 0x1EA2, 19 }, // U+1EA2
    { 0x1EA3, 45 }, // U+1EA3
    { 0x1EA4, 19 }, // U+1EA4
    { 0x1EA5, 45 }, // U+1EA5
    { 0x1EA6, 19 }, // U+1EA6
    { 0x1EA7, 45 }, // U+1EA7
    { 0x1EA8, 19 }, // U+1EA8
    { 0x1EA9, 45 }, // U+1EA9
    { 0x1EAA, 19 }, // U+1EAA
    { 0x1EAB, 45 }, // U+1EAB
    { 0x1EAC, 19 }, // U+1EAC
    { 0x1EAD, 45 }, // U+1EAD
    { 0x1EAE, 19 }, // U+1EAE
    { 0x1EAF, 45 }, // U+1EAF
    { 0x1EB0, 19 }, // U+1EB0
    { 0x1EB1, 45 }, // U+1EB1
    { 0x1EB2, 19 }, // U+1EB2
    { 0x1EB3, 45 }, // U+1EB3
    { 0x1EB4, 19 }, // U+1EB4
    { 0x1EB5, 45 }, // U+1EB5
    { 0x1EB6, 19 }, // U+1EB6
    { 0x1EB7, 45 }, // U+1EB7
    { 0x1EB8, 23 }, // U+1EB8
    { 0x1EB9, 46 }, // U+1EB9
    { 0x1EBA, 23 }, // U+1EBA
    { 0x1EBB, 46 }, // U+1EBB
    { 0x1EBC, 23 }, // U+1EBC
    { 0x1EBD, 46 }, // U+1EBD
    { 0x1EBE, 23 }, // U+1EBE
    { 0x1EBF, 46 }, // U+1EBF
    { 0x1EC0, 23 }, // U+1EC0
    { 0x1EC1, 46 }, // U+1EC1
    { 0x1EC2, 23 }, // U+1EC2
    { 0x1EC3, 46 }, // U+1EC3
    { 0x1EC4, 23 }, // U+1EC4
    { 0x1EC5, 46 }, // U+1EC5
    { 0x1EC6, 23 }, // U+1EC6
    { 0x1EC7, 46 }, // U+1EC7
    { 0x1EC8, 26 }, // U+1EC8
    { 0x1EC9, 52 }, // U+1EC9
    { 0x1ECA, 26 }, // U+1ECA
    { 0x1ECB, 52 }, // U+1ECB
    { 0x1ECC, 70 }, // U+1ECC
    { 0x1ECD, 46 }, // U+1ECD
    { 0x1ECE, 70 }, // U+1ECE
    { 0x1ECF, 46 }, // U+1ECF
    { 0x1ED0, 70 }, // U+1ED0
    { 0x1ED1, 46 }, // U+1ED1
    { 0x1ED2, 70 }, // U+1ED2
    { 0x1ED3, 46 }, // U+1ED3
    { 0x1ED4, 70 }, // U+1ED4
    { 0x1ED5, 46 }, // U+1ED5
    { 0x1ED6, 70 }, // U+1ED6
    { 0x1ED7, 46 }, // U+1ED7
    { 0x1ED8, 70 }, // U+1ED8
    { 0x1ED9, 46 }, // U+1ED9
    { 0x1EDA, 84 }, // U+1EDA
    { 0x1EDB, 46 }, // U+1EDB
    { 0x1EDC, 84 }, // U+1EDC
    { 0x1EDD, 46 }, // U+1EDD
    { 0x1EDE, 84 }, // U+1EDE
    { 0x1EDF, 46 }, // U+1EDF
    { 0x1EE0, 84 }, // U+1EE0
    { 0x1EE1, 46 }, // U+1EE1
    { 0x1EE2, 84 }, // U+1EE2
    { 0x1EE3, 46 }, // U+1EE3
    { 0x1EE5, 45 }, // U+1EE5
    { 0x1EE7, 45 }, // U+1EE7
    { 0x1EE8, 86 }, // U+1EE8
    { 0x1EE9, 87 }, // U+1EE9
    { 0x1EEA, 86 }, // U+1EEA
    { 0x1EEB, 87 }, // U+1EEB
    { 0x1EEC, 86 }, // U+1EEC
    { 0x1EED, 87 }, // U+1EED
    { 0x1EEE, 86 }, // U+1EEE
    { 0x1EEF, 87 }, // U+1EEF
    { 0x1EF0, 86 }, // U+1EF0
    { 0x1EF1, 87 }, // U+1EF1
    { 0x1EF2, 41 }, // U+1EF2
    { 0x1EF3, 61 }, // U+1EF3
    { 0x1EF4, 41 }, // U+1EF4
    { 0x1EF5, 61 }, // U+1EF5
    { 0x1EF6, 41 }, // U+1EF6
    { 0x1EF7, 61 }, // U+1EF7
    { 0x1EF8, 41 }, // U+1EF8
    { 0x1EF9, 61 }, // U+1EF9
    { 0x2010, 6 }, // U+2010
    { 0x2012, 6 }, // U+2012
    { 0x2013, 6 }, // U+2013
    { 0x2014, 6 }, // U+2014
    { 0x2015, 6 }, // U+2015
    { 0x2018, 89 }, // U+2018
    { 0x2019, 90 }, // U+2019
    { 0x201A, 91 }, // U+201A
    { 0x201C, 89 }, // U+201C
    { 0x201D, 90 }, // U+201D
    { 0x201E, 91 }, // U+201E
    { 0x2026, 5 }, // U+2026
    { 0x2039, 64 }, // U+2039
    { 0x203A, 66 }, // U+203A
    { 0xFB01, 52 }, // U+FB01
    { 0xFB02, 48 }, // U+FB02
};

static const EpdKernClassEntry literata_16_italicKernRightClasses[] = {
    { 0x0021, 1 }, // !
    { 0x0022, 2 }, // "
    { 0x0025, 3 }, // %
    { 0x0026, 4 }, // &
    { 0x0027, 2 }, // '
    { 0x0029, 5 }, // )
    { 0x002A, 6 }, // *
    { 0x002B, 7 }, // +
    { 0x002C, 8 }, // ,
    { 0x002D, 9 }, // -
    { 0x002E, 8 }, // .
    { 0x002F, 10 }, // /
    { 0x0032, 11 }, // 2
    { 0x0033, 12 }, // 3
    { 0x0034, 13 }, // 4
    { 0x0035, 14 }, // 5
    { 0x0036, 15 }, // 6
    { 0x0037, 16 }, // 7
    { 0x0038, 17 }, // 8
    { 0x0039, 18 }, // 9
    { 0x003A, 19 }, // :
    { 0x003B, 19 }, // ;
    { 0x003D, 20 }, // =
    { 0x003F, 21 }, // ?
    { 0x0040, 22 }, // @
    { 0x0041, 23 }, // A
    { 0x0043, 24 }, // C
    { 0x0047, 24 }, // G
    { 0x0048, 25 }, // H
    { 0x0049, 25 }, // I
    { 0x004A, 26 }, // J
    { 0x004D, 27 }, // M
    { 0x004E, 28 }, // N
    { 0x004F, 24 }, // O
    { 0x0050, 25 }, // P
    { 0x0051, 24 }, // Q
    { 0x0053, 29 }, // S
    { 0x0054, 30 }, // T
    { 0x0055, 31 }, // U
    { 0x0056, 32 }, // V
    { 0x0057, 33 }, // W
    { 0x0058, 34 }, // X
    { 0x0059, 35 }, // Y
    { 0x005A, 36 }, // Z
    { 0x005C, 37 }, // <backslash>
    { 0x005D, 38 }, // ]
    { 0x0061, 39 }, // a
    { 0x0062, 40 }, // b
    { 0x0063, 41 }, // c
    { 0x0064, 42 }, // d
    { 0x0065, 42 }, // e
    { 0x0066, 43 }, // f
    { 0x0067, 44 }, // g
    { 0x0068, 45 }, // h
    { 0x0069, 46 }, // i
    { 0x006A, 47 }, // j
    { 0x006B, 45 }, // k
    { 0x006C, 45 }, // l
    { 0x006D, 48 }, // m
    { 0x006E, 48 }, // n
    { 0x006F, 49 }, // o
    { 0x0070, 50 }, // p
    { 0x0071, 51 }, // q
    { 0x0072, 52 }, // r
    { 0x0073, 53 }, // s
    { 0x0074, 54 }, // t
    { 0x0075, 55 }, // u
    { 0x0076, 56 }, // v
    { 0x0077, 57 }, // w
    { 0x0078, 58 }, // x
    { 0x0079, 59 }, // y
    { 0x007A, 60 }, // z
    { 0x00AB, 61 }, // U+00AB
    { 0x00AD, 9 }, // U+00AD
    { 0x00B0, 62 }, // U+00B0
    { 0x00B2, 63 }, // U+00B2
    { 0x00B3, 63 }, // U+00B3
    { 0x00B7, 64 }, // U+00B7
    { 0x00B9, 63 }, // U+00B9
    { 0x00BB, 65 }, // U+00BB
    { 0x00BF, 66 }, // U+00BF
    { 0x00C0, 23 }, // U+00C0
    { 0x00C1, 67 }, // U+00C1
    { 0x00C2, 23 }, // U+00C2
    { 0x00C3, 23 }, // U+00C3
    { 0x00C4, 23 }, // U+00C4
    { 0x00C5, 23 }, // U+00C5
    { 0x00C6, 23 }, // U+00C6
    { 0x00C7, 24 }, // U+00C7
    { 0x00CC, 25 }, // U+00CC
    { 0x00CD, 25 }, // U+00CD
    { 0x00CE, 25 }, // U+00CE
    { 0x00CF, 25 }, // U+00CF
    { 0x00D1, 28 }, // U+00D1
    { 0x00D2, 24 }, // U+00D2
    { 0x00D3, 24 }, // U+00D3
    { 0x00D4, 24 }, // U+00D4
    { 0x00D5, 24 }, // U+00D5
    { 0x00D6, 24 }, // U+00D6
    { 0x00D7, 68 }, // U+00D7
    { 0x00D8, 24 }, // U+00D8
    { 0x00D9, 31 }, // U+00D9
    { 0x00DA, 31 }, // U+00DA
    { 0x00DB, 31 }, // U+00DB
    { 0x00DC, 31 }, // U+00DC
    { 0x00DD, 35 }, // U+00DD
    { 0x00DE, 25 }, // U+00DE
    { 0x00DF, 69 }, // U+00DF
    { 0x00E0, 70 }, // U+00E0
    { 0x00E1, 71 }, // U+00E1
    { 0x00E2, 71 }, // U+00E2
    { 0x00E3, 72 }, // U+00E3
    { 0x00E4, 73 }, // U+00E4
    { 0x00E5, 71 }, // U+00E5
    { 0x00E6, 49 }, // U+00E6
    { 0x00E7, 49 }, // U+00E7
    { 0x00E8, 74 }, // U+00E8
    { 0x00E9, 49 }, // U+00E9
    { 0x00EA, 75 }, // U+00EA
    { 0x00EB, 76 }, // U+00EB
    { 0x00EC, 77 }, // U+00EC
    { 0x00ED, 46 }, // U+00ED
    { 0x00EE, 78 }, // U+00EE
    { 0x00EF, 79 }, // U+00EF
    { 0x00F0, 49 }, // U+00F0
    { 0x00F1, 48 }, // U+00F1
    { 0x00F2, 49 }, // U+00F2
    { 0x00F3, 49 }, // U+00F3
    { 0x00F4, 80 }, // U+00F4
    { 0x00F5, 81 }, // U+00F5
    { 0x00F6, 82 }, // U+00F6
    { 0x00F8, 49 }, // U+00F8
    { 0x00F9, 55 }, // U+00F9
    { 0x00FA, 55 }, // U+00FA
    { 0x00FB, 55 }, // U+00FB
    { 0x00FC, 55 }, // U+00FC
    { 0x00FD, 59 }, // U+00FD
    { 0x00FE, 83 }, // U+00FE
    { 0x00FF, 59 }, // U+00FF
    { 0x0100, 23 }, // U+0100
    { 0x0101, 84 }, // U+0101
    { 0x0102, 23 }, // U+0102
    { 0x0103, 85 }, // U+0103
    { 0x0104, 23 }, // U+0104
    { 0x0105, 86 }, // U+0105
    { 0x0106, 24 }, // U+0106
    { 0x0107, 49 }, // U+0107
    { 0x0108, 24 }, // U+0108
    { 0x0109, 49 }, // U+0109
    { 0x010A, 24 }, // U+010A
    { 0x010B, 49 }, // U+010B
    { 0x010C, 24 }, // U+010C
    { 0x010D, 74 }, // U+010D
    { 0x010F, 49 }, // U+010F
    { 0x0111, 49 }, // U+0111
    { 0x0113, 87 }, // U+0113
    { 0x0115, 88 }, // U+0115
    { 0x0117, 49 }, // U+0117
    { 0x0119, 49 }, // U+0119
    { 0x011B, 49 }, // U+011B
    { 0x011C, 24 }, // U+011C
    { 0x011D, 89 }, // U+011D
    { 0x011E, 24 }, // U+011E
    { 0x011F, 89 }, // U+011F
    { 0x0120, 24 }, // U+0120
    { 0x0121, 89 }, // U+0121
    { 0x0122, 24 }, // U+0122
    { 0x0123, 89 }, // U+0123
    { 0x0124, 25 }, // U+0124
    { 0x0125, 45 }, // U+0125
    { 0x0126, 25 }, // U+0126
    { 0x0127, 45 }, // U+0127
    { 0x0128, 25 }, // U+0128
    { 0x0129, 90 }, // U+0129
    { 0x012A, 25 }, // U+012A
    { 0x012B, 91 }, // U+012B
    { 0x012C, 25 }, // U+012C
    { 0x012D, 92 }, // U+012D
    { 0x012E, 25 }, // U+012E
    { 0x012F, 46 }, // U+012F
    { 0x0130, 25 }, // U+0130
    { 0x0131, 48 }, // U+0131
    { 0x0132, 25 }, // U+0132
    { 0x0134, 93 }, // U+0134
    { 0x0135, 94 }, // U+0135
    { 0x0137, 45 }, // U+0137
    { 0x0138, 48 }, // U+0138
    { 0x013A, 45 }, // U+013A
    { 0x013C, 45 }, // U+013C
    { 0x013E, 45 }, // U+013E
    { 0x0140, 45 }, // U+0140
    { 0x0142, 45 }, // U+0142
    { 0x0143, 28 }, // U+0143
    { 0x0144, 48 }, // U+0144
    { 0x0145, 28 }, // U+0145
    { 0x0146, 48 }, // U+0146
    { 0x0147, 28 }, // U+0147
    { 0x0148, 48 }, // U+0148
    { 0x0149, 48 }, // U+0149
    { 0x014A, 28 }, // U+014A
    { 0x014B, 48 }, // U+014B
    { 0x014C, 24 }, // U+014C
    { 0x014D, 95 }, // U+014D
    { 0x014E, 24 }, // U+014E
    { 0x014F, 49 }, // U+014F
    { 0x0150, 24 }, // U+0150
    { 0x0151, 49 }, // U+0151
    { 0x0152, 24 }, // U+0152
    { 0x0153, 49 }, // U+0153
    { 0x0155, 48 }, // U+0155
    { 0x0157, 48 }, // U+0157
    { 0x0159, 48 }, // U+0159
    { 0x015A, 29 }, // U+015A
    { 0x015B, 53 }, // U+015B
    { 0x015C, 29 }, // U+015C
    { 0x015D, 96 }, // U+015D
    { 0x015E, 29 }, // U+015E
    { 0x015F, 53 }, // U+015F
    { 0x0160, 29 }, // U+0160
    { 0x0161, 97 }, // U+0161
    { 0x0162, 98 }, // U+0162
    { 0x0163, 54 }, // U+0163
    { 0x0164, 98 }, // U+0164
    { 0x0165, 54 }, // U+0165
    { 0x0166, 98 }, // U+0166
    { 0x0168, 31 }, // U+0168
    { 0x0169, 55 }, // U+0169
    { 0x016A, 31 }, // U+016A
    { 0x016B, 55 }, // U+016B
    { 0x016C, 31 }, // U+016C
    { 0x016D, 55 }, // U+016D
    { 0x016E, 31 }, // U+016E
    { 0x016F, 55 }, // U+016F
    { 0x0170, 31 }, // U+0170
    { 0x0171, 55 }, // U+0171
    { 0x0172, 31 }, // U+0172
    { 0x0173, 55 }, // U+0173
    { 0x0174, 33 }, // U+0174
    { 0x0175, 56 }, // U+0175
    { 0x0176, 35 }, // U+0176
    { 0x0177, 59 }, // U+0177
    { 0x0178, 35 }, // U+0178
    { 0x0179, 36 }, // U+0179
    { 0x017A, 60 }, // U+017A
    { 0x017B, 36 }, // U+017B
    { 0x017C, 60 }, // U+017C
    { 0x017D, 36 }, // U+017D
    { 0x017E, 99 }, // U+017E
    { 0x01A0, 24 }, // U+01A0
    { 0x01A1, 49 }, // U+01A1
    { 0x01AF, 31 }, // U+01AF
    { 0x01B0, 55 }, // U+01B0
    { 0x01C6, 49 }, // U+01C6
    { 0x01C9, 45 }, // U+01C9
    { 0x01CA, 28 }, // U+01CA
    { 0x01CC, 48 }, // U+01CC
    { 0x01CD, 23 }, // U+01CD
    { 0x01CE, 49 }, // U+01CE
    { 0x01CF, 25 }, // U+01CF
    { 0x01D0, 100 }, // U+01D0
    { 0x01D1, 24 }, // U+01D1
    { 0x01D2, 49 }, // U+01D2
    { 0x01D3, 31 }, // U+01D3
    { 0x01D4, 55 }, // U+01D4
    { 0x01D5, 31 }, // U+01D5
    { 0x01D6, 55 }, // U+01D6
    { 0x01D7, 31 }, // U+01D7
    { 0x01D8, 55 }, // U+01D8
    { 0x01D9, 31 }, // U+01D9
    { 0x01DA, 55 }, // U+01DA
    { 0x01DB, 31 }, // U+01DB
    { 0x01DC, 55 }, // U+01DC
    { 0x01E6, 24 }, // U+01E6
    { 0x01E7, 89 }, // U+01E7
    { 0x01EA, 24 }, // U+01EA
    { 0x01EB, 49 }, // U+01EB
    { 0x01FA, 23 }, // U+01FA
    { 0x01FB, 49 }, // U+01FB
    { 0x01FC, 23 }, // U+01FC
    { 0x01FD, 49 }, // U+01FD
    { 0x01FE, 24 }, // U+01FE
    { 0x01FF, 49 }, // U+01FF
    { 0x0200, 23 }, // U+0200
    { 0x0201, 49 }, // U+0201
    { 0x0202, 23 }, // U+0202
    { 0x0203, 49 }, // U+0203
    { 0x0205, 101 }, // U+0205
    { 0x0207, 49 }, // U+0207
    { 0x0208, 25 }, // U+0208
    { 0x0209, 102 }, // U+0209
    { 0x020A, 25 }, // U+020A
    { 0x020B, 103 }, // U+020B
    { 0x020C, 24 }, // U+020C
    { 0x020D, 104 }, // U+020D
    { 0x020E, 24 }, // U+020E
    { 0x020F, 49 }, // U+020F
    { 0x0211, 105 }, // U+0211
    { 0x0213, 48 }, // U+0213
    { 0x0214, 31 }, // U+0214
    { 0x0215, 55 }, // U+0215
    { 0x0216, 31 }, // U+0216
    { 0x0217, 55 }, // U+0217
    { 0x0218, 29 }, // U+0218
    { 0x0219, 53 }, // U+0219
    { 0x021A, 98 }, // U+021A
    { 0x021B, 54 }, // U+021B
    { 0x1EA0, 23 }, // U+1EA0
    { 0x1EA1, 49 }, // U+1EA1
    { 0x1EA2, 23 }, // U+1EA2
    { 0x1EA3, 49 }, // U+1EA3
    { 0x1EA4, 23 }, // U+1EA4
    { 0x1EA5, 49 }, // U+1EA5
    { 0x1EA6, 23 }, // U+1EA6
    { 0x1EA7, 49 }, // U+1EA7
    { 0x1EA8, 23 }, // U+1EA8
    { 0x1EA9, 49 }, // U+1EA9
    { 0x1EAA, 23 }, // U+1EAA
    { 0x1EAB, 49 }, // U+1EAB
    { 0x1EAC, 23 }, // U+1EAC
    { 0x1EAD, 49 }, // U+1EAD
    { 0x1EAE, 23 }, // U+1EAE
    { 0x1EAF, 49 }, // U+1EAF
    { 0x1EB0, 23 }, // U+1EB0
    { 0x1EB1, 49 }, // U+1EB1
    { 0x1EB2, 23 }, // U+1EB2
    { 0x1EB3, 49 }, // U+1EB3
    { 0x1EB4, 23 }, // U+1EB4
    { 0x1EB5, 49 }, // U+1EB5
    { 0x1EB6, 23 }, // U+1EB6
    { 0x1EB7, 49 }, // U+1EB7
    { 0x1EB9, 49 }, // U+1EB9
    { 0x1EBB, 49 }, // U+1EBB
    { 0x1EBD, 49 }, // U+1EBD
    { 0x1EBF, 49 }, // U+1EBF
    { 0x1EC1, 49 }, // U+1EC1
    { 0x1EC3, 49 }, // U+1EC3
    { 0x1EC5, 49 }, // U+1EC5
    { 0x1EC7, 49 }, // U+1EC7
    { 0x1EC8, 25 }, // U+1EC8
    { 0x1EC9, 106 }, // U+1EC9
    { 0x1ECA, 25 }, // U+1ECA
    { 0x1ECB, 46 }, // U+1ECB
    { 0x1ECC, 24 }, // U+1ECC
    { 0x1ECD, 49 }, // U+1ECD
    { 0x1ECE, 24 }, // U+1ECE
    { 0x1ECF, 49 }, // U+1ECF
    { 0x1ED0, 24 }, // U+1ED0
    { 0x1ED1, 49 }, // U+1ED1
    { 0x1ED2, 24 }, // U+1ED2
    { 0x1ED3, 49 }, // U+1ED3
    { 0x1ED4, 24 }, // U+1ED4
    { 0x1ED5, 49 }, // U+1ED5
    { 0x1ED6, 24 }, // U+1ED6
    { 0x1ED7, 49 }, // U+1ED7
    { 0x1ED8, 24 }, // U+1ED8
    { 0x1ED9, 49 }, // U+1ED9
    { 0x1EDA, 24 }, // U+1EDA
    { 0x1EDB, 49 }, // U+1EDB
    { 0x1EDC, 24 }, // U+1EDC
    { 0x1EDD, 49 }, // U+1EDD
    { 0x1EDE, 24 }, // U+1EDE
    { 0x1EDF, 49 }, // U+1EDF
    { 0x1EE0, 24 }, // U+1EE0
    { 0x1EE1, 49 }, // U+1EE1
    { 0x1EE2, 24 }, // U+1EE2
    { 0x1EE3, 49 }, // U+1EE3
    { 0x1EE4, 31 }, // U+1EE4
    { 0x1EE5, 55 }, // U+1EE5
    { 0x1EE6, 31 }, // U+1EE6
    { 0x1EE7, 55 }, // U+1EE7
    { 0x1EE8, 31 }, // U+1EE8
    { 0x1EE9, 55 }, // U+1EE9
    { 0x1EEA, 31 }, // U+1EEA
    { 0x1EEB, 55 }, // U+1EEB
    { 0x1EEC, 31 }, // U+1EEC
    { 0x1EED, 55 }, // U+1EED
    { 0x1EEE, 31 }, // U+1EEE
    { 0x1EEF, 55 }, // U+1EEF
    { 0x1EF0, 31 }, // U+1EF0
    { 0x1EF1, 55 }, // U+1EF1
    { 0x1EF2, 35 }, // U+1EF2
    { 0x1EF3, 59 }, // U+1EF3
    { 0x1EF4, 35 }, // U+1EF4
    { 0x1EF5, 59 }, // U+1EF5
    { 0x1EF6, 35 }, // U+1EF6
    { 0x1EF7, 59 }, // U+1EF7
    { 0x1EF8, 35 }, // U+1EF8
    { 0x1EF9, 59 }, // U+1EF9
    { 0x2010, 9 }, // U+2010
    { 0x2012, 9 }, // U+2012
    { 0x2013, 9 }, // U+2013
    { 0x2014, 9 }, // U+2014
    { 0x2015, 9 }, // U+2015
    { 0x2018, 107 }, // U+2018
    { 0x2019, 108 }, // U+2019
    { 0x201A, 109 }, // U+201A
    { 0x201C, 107 }, // U+201C
    { 0x201D, 108 }, // U+201D
    { 0x201E, 109 }, // U+201E
    { 0x2022, 7 }, // U+2022
    { 0x2026, 8 }, // U+2026
    { 0x2039, 61 }, // U+2039
    { 0x203A, 65 }, // U+203A
    { 0xFB01, 43 }, // U+FB01
    { 0xFB02, 43 }, // U+FB02
};

static const int8_t literata_16_italicKernMatrix[] = {
       0,    0,    0,    0,    0,    0,    0,  -53,    0,    0,    0,    0,    0,    0,    0,    0,    0,    0,    0,    0,    0,    0,  -48,  -11,    0,    0,  -11,    0,    0,    0,    0,    0,    0,    0,    0,    0,    0,    0,  -16,    0,  -16,  -16,    0,  -21,    0,    0,    0,    0,  -16,    0,  -16,    0,  -32,    0,    0,    0,    0,    0,    0,    0,    0,    0,    0,    0,    0,    0,  -48,    0,    0,  -16,  -16,  -16,  -16,  -16,  -16,  -16,    0,    0,    0,  -16,  -16,  -16,    0,  -16,  -16,  -16,  -16,  -16,  -21,    0,    0,    0,    0,    0,  -16,  -32,  -32,    0,    0,    0,  -16,    0,    0,  -16,    0,    0,    0,    0,    0,
       0,    0,    0,    0,    0,    0,    0,    0,    0,    0,    0,    0,    0,    0,    0,    0,    0,    0,    0,    0,    0,    0,  -32,    0,  -11,   -5,  -11,   -8,    0,  -21,    0,  -35,  -25,  -29,  -41,  -37,    0,    0,    0,    0,    0,    0,    0,    0,    0,    0,    0,    0,    0,    0,    0,    0,    0,    0,    0,    0,    0,    0,    0,    0,    0,    0,    0,    0,    0,    0,  -32,    0,    0,    0,    0,    0,    0,    0,    0,    0,    0,    0,    0,    0,    0,    0,    0,    0,    0,    0,    0,    0,    0,    0,    0,    0,   -5,    0,    0,    0,    0,  -21,    0,    0,    0,    0,    0,    0,    0,    0,    0,    0,    0,
       0,    0,    0,    0,    0,    0,    0,    0,    0,    0,    0,    0,    0,    0,    0,    0,    0,    0,    0,    0,    0,    0,    0,    0,    0,    0,    0,    0,    0,    0,    0,    0,    0,    0,    0,    0,    0,    0,    0,    0,    0,    0,   13,    0,    0,    0,   16,    0,    0,    0,    0,    0,    0,    0,    0,    0,    0,    0,    0,    0,    0,    0,    0,    0,    0,    0,    0,    0,    0,    0,    0,    0,    0,    0,    0,    0,    0,    0,    0,    0,    0,    0,    0,    0,    0,    0,    0,    0,    0,    0,    0,    0,    0,   16,    0,    0,    0,    0,    0,    0,    0,    0,    0,    0,    0,    0,    0,    0,    0,
       0,    0,    0,    0,    0,    0,    0,    0,    0,    0,    0,    0,  -32,    0,    0,    0,    0,    0,    0,    0,    0,    0,  -53,    0,    0,  -53,    0,    0,    0,    0,    0,    0,    0,    0,    0,    0,    0,    0,  -21,    0,  -21,  -21,    0,  -32,    0,    0,    0,    0,  -21,    0,  -21,    0,  -11,    0,    0,    0,    0,    0,    0,    0,    0,    0,    0,    0,    0,    0,  -53,    0,    0,  -21,  -21,  -21,  -21,  -21,  -21,  -21,    0,    0,    0,  -21,  -21,  -21,    0,  -21,  -21,  -21,  -21,  -21,  -32,    0,    0,    0,  -53,    0,  -21,  -11,  -11,    0,    0,    0,  -21,    0,    0,  -21,    0,    0,    0,    0,    0,
       0,  -53,    0,    0,    0,    0,    0,    0,    0,    0,    0,    0,  -11,    0,    0,  -32,    0,    0,    0,    0,  -39,    0,    0,  -16,    0,    0,    0,    0,    0,  -53,  -16,  -69,  -43,    0,  -64,    0,    0,    0,   -5,    0,   -5,   -5,    0,    0,    0,    0,    0,    0,   -5,    0,   -5,    0,    0,  -21,  -21,  -48,  -48,    0,  -16,    0,    0,    0,  -53,    0,    0,    0,    0,    0,    0,   -5,   -5,   -5,   -5,   -5,   -5,   -5,    0,    0,    0,   -5,   -5,   -5,    0,   -5,   -5,   -5,   -5,   -5,    0,    0,    0,    0,    0,    0,   -5,    0,    0,  -53,    0,    0,   -5,    0,    0,   -5,    0,    0,  -53,  -53,    0,
       0,    0,    0,    0,    0,    0,    0,    0,    0,    0,  -11,  -11,    0,    0,    0,  -53,    0,    0,    0,    0,    0,    0,  -16,    0,    0,    0,    0,    0,  -16,  -48,    0,  -27,  -21,  -27,  -43,  -21,    0,    0,    0,    0,    0,    0,    0,    0,    0,    0,    0,    0,    0,    0,    0,    0,    0,    0,    0,  -11,  -11,    0,    0,    0,    0,    0,    0,    0,    0,    0,  -16,    0,    0,    0,    0,    0,    0,    0,    0,    0,    0,    0,    0,    0,    0,    0,    0,    0,    0,    0,    0,    0,    0,    0,    0,    0,    0,    0,    0,    0,    0,  -48,    0,    0,    0,    0,    0,    0,    0,    0,    0,    0,    0,
       0,    0,    0,    0,    0,    0,    0,  -75,    0, -107,    0,  -11,  -43,  -19,    0,    0,    0,  -19,    0,    0,    0,  -48,  -53,  -21,    0,  -32,    0,    0,  -17,    0,    0,    0,    0,    0,    0,    0,    0,    0,  -43,    0,  -43,  -43,    0,    0,    0,   -5,    0,    0,  -43,    0,  -43,    0,  -37,  -16,  -11,    0,    0,  -11,    0,  -16,    0,    0,    0,    0,    0,    0,  -53,    0,    0,  -43,  -43,  -43,  -43,  -43,  -43,  -43,   -5,   -5,   -5,  -43,  -43,  -43,    0,  -43,  -43,  -43,  -43,  -43,    0,   -5,   -5,   -5,  -32,    0,  -43,  -37,  -37,    0,  -16,   -5,  -43,   -5,   -5,  -43,    0,   -5,    0,    0,  -64,
       0,    0,  -24,    0,    0,  -21,    0,    0,    0,    0,    0,    0,  -11,    0,    0,  -24,    0,    0,    0,    0,    0,    0,    0,    0,    0,    0,    0,    0,    0,    0,    0,    0,    0,    0,    0,    0,  -21,    0,    0,    0,    0,    0,    0,    0,    0,    0,    0,    0,    0,    0,    0,    0,    0,    0,    0,    0,    0,    0,    0,    0,    0,  -11,    0,    0,    0,    0,    0,    0,    0,    0,    0,    0,    0,    0,    0,    0,    0,    0,    0,    0,    0,    0,    0,    0,    0,    0,    0,    0,    0,    0,    0,    0,    0,    0,    0,    0,    0,    0,    0,    0,    0,    0,    0,    0,    0,    0,    0,    0,    0,
       0,    0,    0,    0,    0,    0,    0,    0,    0,    0,    0,    0,    0,    0,    0,  -21,    0,    0,    0,    0,    0,    0,    0,    0,    0,    0,    0,    0,    0,    0,    0,    0,    0,    0,    0,    0,  -11,    0,    0,    0,    0,    0,    0,    0,    0,    0,    0,    0,    0,    0,    0,    0,    0,    0,    0,    0,    0,    0,    0,    0,    0,    0,    0,    0,    0,    0,    0,    0,    0,    0,    0,    0,    0,    0,    0,    0,    0,    0,    0,    0,    0,    0,    0,    0,    0,    0,    0,    0,    0,    0,    0,    0,    0,    0,    0,    0,    0,    0,    0,    0,    0,    0,    0,    0,    0,    0,    0,    0,    0,
       0,    0,    0,    0,    0,    0,    0,    0,    0,    0,    0,    0,    0,    0,    0,  -19,    0,   -5,    0,    0,    0,    0,    0,    0,    0,    0,    0,    0,    0,    0,    0,    0,    0,    0,    0,    0,  -11,    0,    0,    0,    0,    0,    0,    0,    0,    0,    0,    0,    0,    0,    0,    0,    0,    0,    0,    0,    0,    0,    0,    0,    0,    0,    0,    0,    0,    0,    0,    0,    0,    0,    0,    0,    0,    0,    0,    0,    0,    0,    0,    0,    0,    0,    0,    0,    0,    0,    0,    0,    0,    0,    0,    0,    0,    0,    0,    0,    0,    0,    0,    0,    0,    0,    0,    0,    0,    0,    0,    0,    0,
       0,    0,  -16,    0,    0,  -21,    0,    0,    0,    0,    0,    0,    0,    0,    0,  -32,    0,    0,    0,    0,    0,    0,    0,    0,    0,    0,    0,    0,    0,    0,    0,    0,    0,    0,    0,    0,  -21,    0,    0,    0,    0,    0,    0,    0,    0,    0,    0,    0,    0,    0,    0,    0,    0,    0,    0,    0,    0,    0,    0,    0,    0,  -19,    0,    0,    0,    0,    0,    0,    0,    0,    0,    0,    0,    0,    0,    0,    0,    0,    0,    0,    0,    0,    0,    0,    0,    0,    0,    0,    0,    0,    0,    0,    0,    0,    0,    0,    0,    0,    0,    0,    0,    0,    0,    0,    0,    0,    0,    0,    0,
       0,    0,    0,    0,    0,    0,    0,    0,    0,    0,   -5,    0,    0,    0,    0,  -19,    0,    0,    0,    0,    0,    0,    0,    0,    0,    0,    0,    0,    0,    0,    0,    0,    0,    0,    0,    0,    0,    0,    0,    0,    0,    0,    0,    0,    0,    0,    0,    0,    0,    0,    0,    0,    0,    0,    0,    0,    0,    0,    0,    0,    0,    0,    0,    0,    0,    0,    0,    0,    0,    0,    0,    0,    0,    0,    0,    0,    0,    0,    0,    0,    0,    0,    0,    0,    0,    0,    0,    0,    0,    0,    0,    0,    0,    0,    0,    0,    0,    0,    0,    0,    0,    0,    0,    0,    0,    0,    0,    0,    0,
       0,    0,  -11,    0,    0,    0,    0,  -53,  -21,  -53,    0,    0,  -32,   -8,  -19,    0,   -8,    0,  -21,  -27,    0,    0,    0,    0,    0,    0,    0,    0,    0,    0,    0,    0,    0,    0,    0,    0,    0,    0,    0,    0,    0,    0,    0,    0,    0,    0,    0,    0,    0,    0,    0,    0,    0,    0,    0,    0,    0,    0,    0,    0,    0,    0,    0,  -27,    0,    0,    0,  -27,    0,    0,    0,    0,    0,    0,    0,    0,    0,    0,    0,    0,    0,    0,    0,    0,    0,    0,    0,    0,    0,    0,    0,    0,    0,    0,    0,    0,    0,    0,    0,    0,    0,    0,    0,    0,    0,    0,    0,    0,    0,
       0,    0,    0,    0,    0,    0,    0,    0,    0,    0,    0,    0,    0,    0,    0,  -11,    0,    0,    0,    0,    0,    0,    0,    0,    0,    0,    0,    0,    0,    0,    0,    0,    0,    0,    0,    0,    0,    0,    0,    0,    0,    0,    0,    0,    0,    0,    0,    0,    0,    0,    0,    0,    0,    0,    0,    0,    0,    0,    0,    0,    0,    0,    0,    0,    0,    0,    0,    0,    0,    0,    0,    0,    0,    0,    0,    0,    0,    0,    0,    0,    0,    0,    0,    0,    0,    0,    0,    0,    0,    0,    0,    0,    0,    0,    0,    0,    0,    0,    0,    0,    0,    0,    0,    0,    0,    0,    0,    0,    0,
       0,    0,    0,    0,    0,    0,    0,    0,    0,    0,    0,    0,    0,    0,    0,   -5,    0,    0,    0,    0,    0,    0,    0,    0,    0,    0,    0,    0,    0,    0,    0,    0,    0,    0,    0,    0,    0,    0,    0,    0,    0,    0,    0,    0,    0,    0,    0,    0,    0,    0,    0,    0,    0,    0,    0,    0,    0,    0,    0,    0,    0,    0,    0,    0,    0,    0,    0,    0,    0,    0,    0,    0,    0,    0,    0,    0,    0,    0,    0,    0,    0,    0,    0,    0,    0,    0,    0,    0,    0,    0,    0,    0,    0,    0,    0,    0,    0,    0,    0,    0,    0,    0,    0,    0,    0,    0,    0,    0,    0,
       0,    0,    0,    0,    0,    0,    0,    0,    0,    0,    0,    0,   -5,    0,    0,   -8,    0,    0,    0,    0,    0,    0,    0,    0,    0,    0,    0,    0,    0,    0,    0,    0,    0,    0,    0,    0,    0,    0,    0,    0,    0,    0,    0,    0,    0,    0,    0,    0,    0,    0,    0,    0,    0,    0,    0,    0,    0,    0,    0,    0,    0,    0,    0,    0,    0,    0,    0,    0,    0,    0,    0,    0,    0,    0,    0,    0,    0,    0,    0,    0,    0,    0,    0,    0,    0,    0,    0,    0,    0,    0,    0,    0,    0,    0,    0,    0,    0,    0,    0,    0,    0,    0,    0,    0,    0,    0,    0,    0,    0,
       0,    0,    0,    0,    0,    0,    0,    0,    0,    0,    0,    0,    0,  -11,    0,  -48,    0,    0,    0,    0,    0,    0,    0,    0,    0,    0,    0,    0,    0,    0,    0,    0,    0,    0,    0,    0,    0,    0,    0,    0,    0,    0,    0,    0,    0,    0,    0,    0,    0,    0,    0,    0,    0,    0,    0,    0,    0,    0,    0,    0,    0,    0,    0,    0,    0,    0,    0,    0,    0,    0,    0,    0,    0,    0,    0,    0,    0,    0,    0,    0,    0,    0,    0,    0,    0,    0,    0,    0,    0,    0,    0,    0,    0,    0,    0,    0,    0,    0,    0,    0,    0,    0,    0,    0,    0,    0,    0,    0,    0,
       0,    0,    0,    0,    0,    0,    0,    0,    0,  -21,    0,    0,    0,    0,    0,    0,    0,    0,    0,    0,    0,    0,    0,    0,    0,    0,    0,    0,    0,  -27,  -21,  -43,  -27,  -11,  -43,  -16,  -37,    0,    0,   -5,    0,    0,    0,    0,   -5,    0,    0,    0,    0,    0,    0,    0,    0,   -5,    0,   -5,   -5,    0,  -11,  -16,    0,    0,    0,    0,    0,    0,    0,    0,    0,    0,    0,    0,    0,    0,    0,    0,    0,    0,    0,    0,    0,    0,   -5,    0,    0,    0,    0,    0,    0,    0,    0,    0,    0,    0,    0,    0,    0,  -27,  -16,    0,    0,    0,    0,    0,    0,    0,    0,    0,    0,
       0,  -53,    0,    0,    0,  -69,    0,    0,  -17,    0,    0,    0,    0,    0,    0,    0,    0,    0,    0,    0,  -32,    0,    0,  -14,    0,   -7,    0,    0,    0,  -34,  -22,  -46,  -34,    0,  -57,    0,  -53,    0,   -3,  -21,   -3,   -3,    0,    0,  -11,   -3,    0,    0,   -3,   -5,   -3,    0,    0,  -19,  -11,  -11,  -11,    0,  -21,    0,    0,    0,    0,  -21,    0,    0,    0,    0,    0,   -3,   -3,   -3,   -3,   -3,   -3,   -3,   -3,   -3,   -3,   -3,   -3,   -3,  -11,   -3,   -3,   -3,   -3,   -3,    0,   -3,   -3,   -3,   -7,    0,   -3,    0,    0,  -34,    0,   -3,   -3,   -3,   -3,   -3,    0,   -3,  -59,  -53,    0,
       0,    0,    0,    0,    0,    0,    0,    0,    0,    0,    0,    0,    0,    0,    0,    0,    0,    0,    0,    0,    0,    0,    0,    0,    0,   -3,    0,    0,    0,  -11,   -5,  -16,  -11,    0,  -16,   -5,    0,    0,    0,    0,    0,    0,    0,    0,    0,    0,    0,    0,    0,    0,    0,    0,    0,   -5,    0,    0,    0,    0,    0,    0,    0,    0,    0,    0,    0,    0,    0,    0,    0,    0,    0,    0,    0,    0,    0,    0,    0,    0,    0,    0,    0,    0,    0,    0,    0,    0,    0,    0,    0,    0,    0,    0,   -3,    0,    0,    0,    0,  -11,    0,    0,    0,    0,    0,    0,    0,    0,    0,    0,    0,
       0,    0,    0,    0,    0,    0,    0,    0,    0,    0,    0,    0,    0,    0,    0,    0,    0,    0,    0,    0,    0,    0,   -4,   -4,    0,    0,    0,    0,    0,   -5,   -4,   -7,   -5,    0,   -7,   -4,    0,    0,    0,  -11,    0,    0,    0,    0,   -5,    0,    0,    0,    0,    0,    0,    0,    0,   -5,   -8,    0,    0,    0,    0,   -5,    0,    0,    0,    0,    0,    0,   -4,    0,    0,    0,    0,    0,    0,    0,    0,    0,    0,    0,    0,    0,    0,    0,   -5,    0,    0,    0,    0,    0,    0,    0,    0,    0,    0,    0,    0,    0,    0,   -5,   -5,    0,    0,    0,    0,    0,    0,    0,    0,    0,    0,
       0,  -11,    0,    0,    0,    0,    0,  -16,    0,   -5,    0,    0,    0,    0,    0,    0,    0,    0,    0,    0,  -13,    0,  -10,    0,    0,   -5,   -8,   -5,    0,  -11,   -4,  -26,   -7,  -19,  -17,  -34,  -21,    0,    0,    0,    0,    0,    0,    0,    0,    0,    0,    0,    0,    0,    0,    0,    0,    0,    0,    0,    0,    0,    0,  -11,    0,    0,    0,    0,    0,    0,  -37,    0,    0,    0,    0,    0,    0,    0,    0,    0,    0,    0,    0,    0,    0,    0,   11,    0,    0,    0,    0,    0,    0,    0,    0,    0,    0,    0,    0,    0,    0,  -11,  -11,    0,    0,    0,    0,    0,    0,    0,  -16,  -21,    0,
       0,    0,    0,    0,    0,    0,    0,    0,    0,    0,    0,    0,    0,    0,    0,    0,    0,    0,    0,    0,    0,    0,    0,    0,    0,    0,    0,    0,    0,  -10,   -7,   -4,    0,    0,   -5,    0,    0,    0,    0,    0,    0,    0,    0,    0,    0,    0,    0,    0,    0,    0,    0,    0,    0,   -5,   -5,   -3,   -3,    0,    0,    0,    0,    0,    0,    0,    0,    0,    0,    0,    0,    0,    0,    0,    0,    0,    0,    0,    0,    0,    0,    0,    0,    0,    0,    0,    0,    0,    0,    0,    0,    0,    0,    0,    0,    0,    0,    0,    0,  -10,    0,    0,    0,    0,    0,    0,    0,    0,   -5,  -16,    0,
       0,    0,    0,    0,    0,    0,    0,  -37,  -21,  -43,    0,    0,    0,    0,    0,    0,    0,    0,    0,    0,    0,  -27,  -45,    0,    0,    0,    0,    0,   -3,    0,    0,    0,    0,    0,    0,   -5,    0,    0,  -16,    0,  -16,  -16,    0,    0,    0,    0,    0,    0,  -16,    0,  -16,    0,  -21,   -5,    0,    0,    0,    0,    0,   -8,    0,    0,    0,  -16,    0,    0,  -45,    0,    0,  -16,  -16,  -16,  -16,  -16,  -16,  -16,   21,   16,   27,  -16,  -16,  -16,    0,  -16,  -16,  -16,  -16,  -16,    0,   21,   13,   19,    0,   19,  -16,  -21,  -21,    0,   -8,    0,  -16,   32,   21,  -16,    0,   11,    0,    0,    0,
       0,  -11,    0,    0,    0,  -11,    0,    0,    0,    0,    0,    0,    0,    0,    0,    0,    0,    0,    0,    0,    0,    0,    0,    0,    0,    0,    0,    0,    8,    0,    0,   -5,   -9,    0,  -10,   -4,    0,    0,    0,    0,    0,    0,    0,    0,    0,    0,    0,    0,    0,    0,    0,    0,    0,    0,    0,    0,    0,    0,    0,    0,    0,    0,    0,    0,    0,    0,    0,    0,    0,    0,    0,    0,    0,    0,    0,    0,    0,    0,    0,    0,    0,    0,    0,    0,    0,    0,    0,    0,    0,    0,    0,    0,    0,    0,    0,    0,    0,    0,    0,    0,    0,    0,    0,    0,    0,    0,    0,   -5,    0,
       0,    0,    0,    0,    0,    0,    0,    0,    0,    0,    0,    0,    0,    0,    0,    0,    0,    0,    0,    0,    0,    0,    0,    0,    0,    0,    0,    0,    0,    0,    0,    0,    0,    0,    0,    0,    0,    0,   -3,    0,   -3,   -3,    0,    0,    0,    0,    0,    0,   -3,    0,   -3,    0,    0,  -11,  -11,   -5,   -5,    0,   -5,   -5,    0,    0,    0,    0,    0,    0,    0,    0,    0,   -3,   -3,   -3,   -3,   -3,   -3,   -3,    0,   11,   24,   -3,   -3,   -3,    0,   -3,   -3,   -3,   -3,   -3,    0,   13,    0,   11,    0,    0,   -3,    0,    0,    0,   -5,    0,   -3,    0,    0,   -3,    0,    0,    0,    0,    0,
       0,    0,    0,  -11,    0,    0,    0,  -16,    0,  -22,    0,    0,    0,    0,    0,    0,    0,    0,    0,    0,    0,    0,  -25,  -11,    0,    0,   -3,    0,  -10,    0,    0,    0,    0,    0,    0,  -13,    0,    0,  -16,    0,  -16,  -16,  -11,    0,    0,    0,    0,   -5,  -16,   -5,  -16,   -5,  -21,  -19,  -11,  -11,  -11,  -11,  -11,  -19,  -11,    0,    0,    0,    0,    0,  -25,    0,    0,  -16,  -16,  -16,  -16,  -16,  -16,  -16,    0,    0,    0,  -16,  -16,  -16,    0,  -16,  -16,  -16,  -16,  -16,    0,    0,    0,    0,    0,    0,  -16,  -21,  -21,    0,  -19,    0,  -16,    0,    0,  -16,   -5,    0,    0,    0,    0,
       0,    0,    0,   -3,    0,    0,    0,    0,  -27,    0,    0,    0,    0,    0,    0,    0,    0,    0,    0,    0,  -16,    0,    0,  -19,    0,    0,    0,    0,    0,   -3,   -5,    0,    0,    0,    0,    0,    0,    0,  -11,    0,  -11,  -11,    0,    0,    0,    0,    0,  -11,  -11,  -11,  -11,  -11,    0,  -21,  -11,  -11,  -11,    0,  -21,    0,  -11,    0,    0,  -43,    0,    0,    0,    0,    0,  -11,  -11,  -11,  -11,  -11,  -11,  -11,    0,   11,   32,  -11,  -11,  -11,    0,  -11,  -11,  -11,  -11,  -11,    0,    0,   27,    0,    0,    0,  -11,    0,    0,   -3,    0,    0,  -11,   48,    0,  -11,  -11,    0,  -16,  -11,    0,
       0,  -48,    0,    0,    0,  -53,    0,    0,    0,    0,    0,    0,    0,    0,    0,    0,    0,    0,    0,    0,  -27,    0,    0,   -5,    0,   -4,  -11,    0,   -4,  -30,  -17,  -39,  -30,    0,  -49,   -7,  -48,    0,    0,  -27,    0,    0,   -5,    0,  -11,   -5,    0,  -11,    0,  -11,    0,  -11,    0,  -16,  -11,  -11,  -11,    0,  -21,  -11,    0,    0,    0,   -8,    0,    0,    0,    0,    0,    0,    0,    0,    0,    0,    0,    0,   -5,   -5,   -5,    0,    0,    0,  -21,    0,    0,    0,    0,    0,    0,   -5,   -5,   -5,   -4,    0,    0,    0,    0,  -30,  -11,   -5,    0,   -5,   -5,    0,  -11,   -5,  -70,  -58,    0,
       0,  -11,    0,    0,    0,    0,    0,    0,    0,    0,    0,    0,    0,    0,    0,    0,    0,    0,    0,    0,  -16,    0,    0,    0,    0,    0,    0,    0,    0,  -11,  -21,  -32,  -11,    0,  -11,    0,    0,    0,   -5,    0,   -5,   -5,   -5,    0,    0,    0,  -11,    0,   -5,    0,   -5,    0,    0,  -32,  -19,  -11,  -11,    0,  -21,    0,    0,    0,    0,    0,    0,    0,    0,    0,    0,   -5,   -5,   -5,   -5,   -5,   -5,   -5,    0,    0,    0,   -5,   -5,   -5,   -5,   -5,   -5,   -5,   -5,   -5,    0,    0,    0,    0,    0,  -11,   -5,    0,    0,  -11,    0,    0,   -5,    0,    0,   -5,    0,    0,  -32,    0,    0,
       0,    0,    0,   -5,    0,    0,    0,  -11,    0,  -11,    0,    0,    0,    0,    0,    0,    0,    0,    0,    0,    0,  -22,  -12,    0,    0,    0,    0,    0,    0,    0,    0,    0,    0,    0,    0,    0,    0,    0,  -13,    0,  -13,  -13,  -11,    0,    0,    0,    0,    0,  -13,    0,  -13,    0,  -16,  -11,  -11,   -8,   -8,  -13,  -16,  -16,    0,    0,    0,    0,  -11,    0,  -12,    0,    0,  -13,  -13,  -13,  -13,  -13,  -13,  -13,    0,    0,    0,  -13,  -13,  -13,    0,  -13,  -13,  -13,  -13,  -13,    0,    0,    0,    0,    0,    0,  -13,  -16,  -16,    0,  -16,    0,  -13,    0,    0,  -13,    0,    0,    0,    0,    0,
       0,  -11,    0,    0,    0,    0,    0,  -16,    0,   -5,    0,    0,    0,    0,    0,    0,    0,    0,    0,    0,  -13,    0,  -34,    0,    0,   -5,   -8,   -5,    0,  -11,   -4,  -10,   -7,  -19,  -17,  -14,  -21,    0,    0,    0,    0,    0,    0,    0,    0,    0,    0,    0,    0,    0,    0,    0,    0,    0,    0,    0,    0,    0,    0,  -11,    0,    0,    0,    0,    0,    0,  -34,    0,    0,    0,    0,    0,    0,    0,    0,    0,    0,    0,    0,    0,    0,    0,   11,    0,    0,    0,    0,    0,    0,    0,    0,    0,    0,    0,    0,    0,    0,  -11,  -11,    0,    0,    0,    0,    0,    0,    0,  -16,  -21,    0,
       0,    0,    0,    0,    0,    0,    0,  -37,    0,  -17,    0,    0,    0,    0,    0,    0,    0,    0,    0,    0,    0,    0,  -45,    0,    0,    0,    0,    0,    0,    0,    0,    0,    0,   -5,   -4,    0,    0,    0,  -13,    0,   -8,   -8,    0,  -13,    0,    0,    0,    0,   -8,    0,   -8,    0,    0,    0,    0,    5,    5,    0,    5,   -5,    0,    0,    0,    0,    0,    0,  -45,    0,    0,   -8,   -8,   -8,  -13,   -8,   -8,   -8,    0,    0,    0,   -8,   -8,   -8,    0,  -13,  -13,  -13,   -8,   -8,  -13,    0,    0,    0,    0,    0,   -8,    0,    0,    0,   -5,    0,   -8,    0,    0,   -8,    0,    0,    0,    0,    0,
       0,  -11,    0,    0,   32,    0,    0,  -16,    0,   48,    0,    0,    0,    0,    0,    0,    0,    0,    0,    0,  -13,    0,  -10,    0,    0,   -5,   -8,   -5,    0,  -11,   -4,  -10,   -7,  -19,  -17,  -14,  -21,   32,    0,    0,    0,    0,    0,    0,    0,    0,    0,    0,    0,    0,    0,    0,    0,    0,    0,    0,    0,    0,    0,  -11,    0,    0,    0,    0,    0,    0,  -37,    0,    0,    0,    0,    0,    0,    0,    0,    0,    0,    0,    0,    0,    0,    0,   11,    0,    0,    0,    0,    0,    0,    0,    0,    0,    0,    0,    0,    0,    0,  -11,  -11,    0,    0,    0,    0,    0,    0,    0,  -16,  -21,    0,
       0,  -27,    0,    0,    0,  -33,    0,    0,  -27,    0,    0,    0,    0,    0,    0,    0,    0,    0,    0,    0,  -27,    0,    0,  -19,    0,   -7,    0,    0,   -4,  -24,  -21,  -33,  -30,    0,  -38,   -4,  -48,    0,  -13,  -27,  -13,  -13,   -8,   -5,   -5,   -8,  -16,   -5,  -13,   -5,  -13,   -5,   -5,  -21,  -19,  -19,  -19,    0,  -21,   -2,  -11,    0,    0,    0,    0,    0,    0,    0,    0,  -13,  -13,  -13,  -13,  -13,  -13,  -13,   -8,   -8,   -8,  -13,  -13,  -13,   -5,  -13,  -13,  -13,  -13,  -13,   -5,   -8,   -8,   -8,   -7,  -16,  -13,   -5,   -5,  -24,   -2,   -8,  -13,   -8,   -8,  -13,   -5,   -8,  -32,  -32,    0,
       0,    0,    0,    0,    0,    0,    0,    0,    0,    0,    0,    0,    0,    0,    0,    0,    0,    0,    0,    0,    0,    0,   -4,    0,    0,    0,   -7,    0,    0,   -4,    0,   -4,    0,    0,   -5,   -4,    0,    0,    0,    0,    0,    0,    0,    0,    0,    0,    0,    0,    0,    0,    0,    0,    0,   -5,    0,   -3,   -3,    0,   -3,    0,    0,    0,    0,    0,    0,    0,   -4,    0,    0,    0,    0,    0,    0,    0,    0,    0,    0,   16,    0,    0,    0,    0,    0,    0,    0,    0,    0,    0,    0,    0,    0,    0,    0,    0,    0,    0,    0,   -4,    0,    0,    0,    0,    0,    0,    0,    0,    0,    0,    0,
       0,    0,    0,    5,    0,    0,    0,  -53,  -37,  -43,    0,    0,    0,    0,    0,    0,    0,    0,  -11,    0,    0,  -32,  -33,   -3,    0,    0,   -8,    0,    0,    0,    0,    0,    0,    0,    0,   -4,    0,    0,  -37,   -5,  -37,  -37,  -11,  -40,   -5,    0,    0,   -8,  -37,   -8,  -37,   -8,  -27,  -11,   -5,    0,    0,   -5,    0,  -11,  -27,    0,    0,  -21,    0,    0,  -33,    0,    0,  -37,  -37,  -37,  -37,  -37,  -37,  -37,   16,   27,   43,  -37,  -37,  -37,   -5,  -37,  -37,  -37,  -37,  -37,  -40,   32,   27,   27,    0,   27,  -37,  -27,  -27,    0,  -11,   19,  -53,   37,   29,  -67,   -8,   11,    0,    0,    0,
       0,    0,    0,  -16,    0,    0,    0,  -53,  -27,  -48,    0,    0,    0,    0,    0,    0,    0,    0,  -16,    0,    0,  -48,  -59,  -10,    0,    0,  -28,    0,   -7,    0,    0,    0,    0,    0,    0,   -4,    0,    0,  -48,    0,  -48,  -48,  -32,  -53,    0,    0,    0,  -21,  -48,  -21,  -48,  -21,  -45,  -19,  -27,  -16,  -16,  -27,  -16,  -37,  -27,    0,    0,  -21,  -13,    0,  -59,    0,    0,  -48,  -48,  -80,  -75,  -48,  -48,  -75,   21,   21,   48,  -48,  -85,  -80,    0,  -85,  -48,  -48,  -91,  -48,  -53,   37,   37,   29,    0,   16,  -48,  -45,  -83,    0,  -37,   24,  -64,   11,   32,  -80,  -29,   13,    0,    0,    0,
       0,    0,    0,  -21,    0,    0,    0,  -43,  -21,  -37,    0,    0,    0,    0,    0,    0,    0,    0,   -5,    0,    0,  -37,  -46,   -7,    0,    0,    0,    0,   -7,    0,    0,    0,    0,    0,    0,    0,    0,    0,  -37,    0,  -37,  -37,  -16,  -43,    0,  -11,    0,  -21,  -37,  -21,  -37,  -21,  -32,  -16,  -16,  -13,  -13,  -16,  -11,  -27,  -21,    0,    0,  -11,  -16,    0,  -46,    0,    0,  -37,  -37,  -37,  -37,  -37,  -37,  -64,   -3,   13,   29,  -37,  -37,  -64,    0,  -37,  -37,  -37,  -37,  -37,  -43,   27,   19,   16,    0,   19,  -37,  -32,  -56,    0,  -27,    8,  -67,   21,   13,  -64,  -24,    3,    0,    0,    0,
       0,    0,    0,   -3,    0,    0,    0,    0,  -27,    0,    0,    0,    0,    0,    0,    0,    0,    0,    0,    0,    0,    0,    0,  -22,    0,    0,    0,    0,    0,    0,  -11,    0,    0,    0,    0,    0,    0,    0,  -11,    0,  -11,  -11,    0,   -3,    0,    0,    0,    0,  -11,    0,  -11,    0,    0,  -16,  -16,  -21,  -21,    0,  -32,    0,  -11,    0,    0,  -21,    0,    0,    0,    0,    0,  -11,  -11,  -11,  -11,  -11,  -11,  -11,    0,    0,    0,  -11,  -11,  -11,    0,  -11,  -11,  -11,  -11,  -11,   -3,    0,    0,    0,    0,    0,  -11,    0,    0,    0,    0,    0,  -11,    0,    0,  -11,    0,    0,    0,    0,    0,
       0,    0,    0,  -27,    0,    0,    0,  -59,  -43,  -53,    0,    0,    0,    0,    0,    0,    0,    0,  -21,    0,    0,  -48,  -51,  -13,    0,    0,  -11,    0,   -7,    0,    0,    0,    0,    0,    0,    0,    0,    0,  -51,    0,  -51,  -51,  -21,  -51,    0,  -11,   -5,  -29,  -51,  -29,  -51,  -29,  -51,  -27,  -37,  -27,  -27,  -35,  -32,  -43,  -27,    0,    0,  -27,  -27,    0,  -51,    0,    0,  -51,  -51,  -81,  -77,  -96,  -90,  -78,    5,   16,   43,  -93,  -85,  -75,    0,  -87,  -51,  -51,  -87,  -87,  -51,   32,   29,   19,    0,   21,  -85,  -83,  -83,    0,  -70,   11,  -80,   11,   21,  -80,  -37,    5,    0,    0,    0,
       0,    0,    0,    0,    0,    0,    0,    0,    0,    0,    0,    0,    0,    0,    0,    0,    0,    0,    0,    0,    0,    0,    0,    0,    0,    0,    0,    0,   -4,   -7,    0,    0,    0,    0,    0,    0,    0,    0,    0,    0,    0,    0,    0,    0,    0,    0,    0,    0,    0,    0,    0,    0,    0,  -11,   -5,  -11,  -11,    0,  -11,    0,    0,    0,    0,    0,    0,    0,    0,    0,    0,    0,    0,    0,    0,    0,    0,    0,    0,    0,    0,    0,    0,    0,    0,    0,    0,    0,    0,    0,    0,    0,    0,    0,    0,    0,    0,    0,    0,   -7,    0,    0,    0,    0,    0,    0,    0,    0,    0,    0,    0,
       0,    0,    0,    0,    0,    0,    0,    0,    0,    0,    0,    0,    0,    0,    0,    0,    0,    0,    0,    0,    0,    0,    0,    0,    0,    0,    0,    0,    0,    0,    0,    0,    0,    0,    0,    0,    0,    0,    0,    0,    0,    0,   27,    0,    0,    0,   21,    0,    0,    0,    0,    0,    0,    0,    0,    0,    0,    0,    0,    0,    0,    0,    0,    0,    0,    0,    0,    0,    0,    0,    0,    0,    0,    0,    0,    0,    0,    0,    0,    0,    0,    0,    0,    0,    0,    0,    0,    0,    0,    0,    0,    0,    0,   21,    0,    0,    0,    0,    0,    0,    0,    0,    0,    0,    0,    0,    0,    0,    0,
       0,    0,    0,    0,    0,    0,    0,    0,    0,    0,    0,    0,    0,    0,    0,  -43,    0,    0,    0,    0,    0,    0,    0,  -16,    0,    0,    0,    0,    0,  -48,  -27,  -48,  -48,    0,  -48,    0, -107,    0,    0,  -11,    0,    0,    0,    0,  -11,    0,    0,    0,    0,    0,    0,    0,    0,    0,  -16,  -21,  -21,    0,    0,    0,    0,    0,    0,    0,    0,    0,    0,    0,    0,    0,    0,    0,    0,    0,    0,    0,    0,    0,    0,    0,    0,    0,  -11,    0,    0,    0,    0,    0,    0,    0,    0,    0,    0,    0,    0,    0,    0,  -48,    0,    0,    0,    0,    0,    0,    0,    0,    0,    0,    0,
       0,  -21,    0,    0,    0,  -37,    0,    0,    0,    0,    0,    0,    0,    0,    0,    0,    0,    0,    0,    0,  -16,    0,    0,    0,    0,    0,    0,    0,    0,  -43,    0,    0,    0,    0,    0,    0,  -43,    0,    0,  -13,    0,    0,   -3,    0,   -5,    0,   -3,    0,    0,   -5,    0,    0,    0,  -13,   -3,   -3,   -3,    0,   -8,   -3,  -13,    0,    0,    0,    0,    0,    0,    0,    0,    0,    0,    0,    0,    0,    0,    0,    0,    0,    0,    0,    0,    0,   -5,    0,    0,    0,    0,    0,    0,    0,    0,    0,    0,   -3,    0,    0,    0,  -43,   -3,    0,    0,    0,    0,    0,    0,    0,  -32,  -21,    0,
       0,  -27,    0,   -5,    0,  -43,    0,   -5,    0,  -11,    0,    0,    0,    0,    0,    0,    0,    0,    0,    0,  -21,    0,    0,    0,    0,    0,    0,    0,    0,  -27,    0,    0,    0,    0,    0,    0,  -33,    0,   -8,  -24,    0,    0,    0,   -5,   -8,    0,    0,    0,    0,   -5,    0,    0,  -11,  -11,   -5,   -3,   -3,   -8,   -5,  -16,    0,    0,    0,    0,    0,    0,    0,    0,  -11,    0,    0,    0,    0,    0,    0,    0,    0,    0,    0,    0,    0,    0,   -8,    0,    0,    0,    0,    0,   -5,    0,    0,    0,    0,    0,    0,  -11,  -11,  -27,  -16,    0,    0,    0,    0,    0,    0,    0,  -45,  -27,    0,
       0,    0,    0,    0,    0,  -21,    0,    0,    0,    0,    0,    0,    0,    0,    0,    0,    0,    0,    0,    0,  -11,  -11,    0,    0,    0,    0,    0,    0,    0,    0,    0,    0,    0,    0,    0,    0,  -43,    0,  -16,  -27,   -8,   -8,    0,   -5,  -16,    0,    0,    0,   -8,    0,   -8,    0,   -8,   -8,    0,    0,    0,    0,    0,   -8,    0,    0,    0,    0,    0,    0,    0,    0,    0,  -16,  -16,  -16,  -16,   -8,   -8,   -8,    0,    0,    0,   -8,   -8,   -8,  -16,  -16,  -16,  -16,   -8,   -8,   -5,    0,    0,    0,    0,    0,   -8,   -8,   -8,    0,   -8,    0,   -8,    0,    0,   -8,    0,    0,  -16,    0,    0,
       0,  -16,    0,    0,    0,    0,  -48,  -48,  -48,    0,    0,    0,    0,    0,    0,    0,    0,    0,  -48,  -48,  -11,    0,    0,    0,    0,    0,    0,    0,    0,    0,    0,    0,    0,    0,    0,    0,    0,    0,   -5,    0,   -5,   -5,    0,    0,    0,    0,    0,    0,   -5,    0,   -5,    0,    0,   -5,   -5,   -5,   -5,    0,   -5,    0,  -11,    0,    0,  -48,    3,    0,    0,    0,    0,   -5,   -5,   -5,   -5,   -5,   -5,   -5,    0,    0,    0,   -5,   -5,   -5,    0,   -5,   -5,   -5,   -5,   -5,    0,    0,    0,    0,    0,    0,   -5,    0,    0,    0,    0,    0,   -5,    0,    0,   -5,    0,    0,  -43,  -35,    0,
       0,  -16,    0,    0,    0,  -21,    0,    0,    0,    0,    0,    0,    0,    0,    0,    0,    0,    0,    0,    0,   -8,   -8,    0,    0,    0,    0,    0,    0,    0,  -37,    0,    0,    0,    0,    0,    0,  -43,    0,  -13,   -8,  -11,  -11,   -3,   -3,   -8,    0,    0,    0,  -11,    0,  -11,    0,   -5,   -5,    0,    0,    0,    0,    0,  -11,    0,    0,    0,    0,    0,    0,    0,    0,    0,  -11,  -11,  -11,  -11,  -11,  -11,  -11,    0,    0,    0,  -11,  -11,  -11,   -8,  -11,  -11,  -11,  -11,  -11,   -3,    0,    0,    0,    0,    0,  -11,   -5,   -5,  -37,  -11,    0,  -11,    0,    0,  -11,    0,    0,  -27,  -11,    0,
      21,   37,    0,   11,   38,   48,    0,  -32,  -11,    0,    0,    0,    0,    0,    0,    0,    0,    0,    0,    0,   32,  -16,    0,    0,    0,    0,    0,    0,    0,    0,    0,    0,    0,    0,    0,    0,   48,   32,  -29,    0,  -13,  -13,    0,  -24,    0,    0,    0,    0,  -13,    0,  -13,    0,  -16,    0,    0,    0,    0,    0,    0,   -8,  -21,    0,    0,    0,    0,    0,    0,    0,    0,  -13,  -24,  -24,  -15,  -13,  -13,  -13,    0,    0,    0,  -13,  -13,  -11,    0,  -24,  -24,  -29,  -13,  -13,  -24,    0,    0,    0,    0,    0,  -13,  -16,  -16,    0,   -8,    0,  -13,    0,    0,  -13,    0,    0,   27,   43,    0,
       0,  -11,    0,    0,    0,  -27,    0,    0,    0,    0,    0,    0,    0,    0,    0,    0,    0,    0,    0,    0,  -13,    0,    0,    0,    0,    0,    0,    0,    0,    0,    0,    0,    0,    0,    0,    0,  -48,    0,  -11,  -24,  -11,  -11,   -3,    0,  -13,    0,    0,    0,  -11,    0,  -11,    0,  -11,  -11,   -5,    0,    0,   -5,    0,  -16,    0,    0,    0,    0,    0,    0,    0,    0,    0,  -11,  -11,  -11,  -11,  -11,  -11,  -11,    0,    0,    0,  -11,  -11,  -11,  -13,  -11,  -11,  -11,  -11,  -11,    0,    0,    0,    0,    0,    0,  -11,  -11,  -11,    0,  -16,    0,  -11,    0,    0,  -11,    0,    0,  -21,  -16,    0,
       0,    0,    0,    0,    0,    0,    0,    0,    0,    0,    0,    0,    0,    0,    0,    0,    0,    0,    0,    0,  -11,    0,    0,   -5,    0,  -11,    0,    0,    0,  -24,  -19,  -19,  -19,    0,  -27,    0,  -21,    0,    0,   -5,    0,    0,    0,    0,   -5,    0,    0,    0,    0,    0,    0,    0,    0,  -11,   -5,   -5,   -5,    0,    0,    0,    0,    0,    0,    0,    0,    0,    0,    0,    0,    0,    0,    0,    0,    0,    0,    0,    0,    0,    0,    0,    0,    0,   -5,    0,    0,    0,    0,    0,    0,    0,    0,    0,  -11,    0,    0,    0,    0,  -24,    0,    0,    0,    0,    0,    0,    0,    0,  -27,   -5,    0,
       0,    0,    0,  -11,    0,  -11,    0,    0,    0,    0,    0,    0,    0,    0,    0,    0,    0,    0,    0,    0,  -13,  -16,    0,    0,    0,    0,    0,    0,    0,    0,    0,    0,    0,    0,    0,    0,    0,    0,   -5,  -24,   -5,   -5,    0,   -5,  -11,   -8,    0,   -3,   -5,   -3,  -13,   -8,  -11,   -5,  -11,   -5,   -5,  -11,    0,  -19,    0,    0,    0,    0,    0,    0,    0,    0,    0,   -5,   -5,   -5,   -5,   -5,   -5,   -5,   -8,   -8,   -8,   -5,   -5,   -5,  -11,   -5,   -5,   -5,   -5,   -5,   -5,   -8,   -8,   -8,    0,    0,   -5,  -11,  -11,    0,  -19,   -8,   -5,   -8,   -8,   -5,   -3,   -8,    0,  -11,    0,
       0,  -16,    0,   -8,    0,  -21,    0,    0,  -24,    0,    0,    0,    0,    0,    0,    0,    0,    0,    0,    0,  -21,    0,    0,    0,    0,    0,    0,    0,    0,    0,    0,    0,    0,    0,    0,    0,  -16,    0,  -13,   -9,  -13,  -13,    0,   -5,   -5,   -8,    0,   -5,  -13,   -5,  -13,   -5,    0,  -13,  -13,  -16,  -16,    0,  -16,    0,  -11,    0,    0,    0,    0,    0,    0,    0,    0,  -13,  -13,  -13,  -13,  -13,  -13,  -13,   -8,   -8,   -8,  -13,  -13,  -13,   -5,  -13,  -13,  -13,  -13,  -13,   -5,   -8,   -8,   -8,    0,    0,  -13,    0,    0,    0,    0,   -8,  -13,   -8,   -8,  -13,   -5,   -8,  -32,  -27,    0,
       0,  -21,    0,    0,    0,  -11,    0,    0,    0,    0,    0,    0,    0,    0,    0,    0,    0,    0,    0,    0,   -6,    0,    0,    0,    0,    0,    0,    0,    0,    0,    0,    0,    0,    0,    0,    0,  -22,    0,   -5,  -16,   -5,   -5,    0,    0,  -12,    0,    0,    0,   -5,    0,   -5,    0,    0,    0,   -5,   -8,   -8,    0,    0,    0,    0,    0,    0,    0,    0,    0,    0,    0,    0,   -5,   -5,   -5,   -5,   -5,   -5,   -5,    0,    0,    0,   -5,   -5,   -5,  -12,   -5,   -5,   -5,   -5,   -5,    0,    0,    0,    0,    0,    0,   -5,    0,    0,    0,    0,    0,   -5,    0,    0,   -5,    0,    0,    0,  -11,    0,
       0,    0,    0,  -21,    0,    0,    0,  -61,   -8,    0,    0,    0,    0,    0,    0,    0,    0,    0,    0,    0,    0,  -32,    0,    0,    0,    0,    0,    0,    0,    0,    0,    0,    0,    0,    0,    0,  -53,  -27,  -51,  -37,  -21,  -48,   -5,  -53,  -21,    0,    0,    0,  -21,    0,  -48,    0,  -24,   -8,    0,    0,    0,    0,    0,  -19,    0,    0,    0,  -16,  -21,    0,    0,    0,  -21,  -50,  -50,  -50,  -50,  -21,  -21,  -21,    0,    0,    0,  -21,  -21,  -21,  -21,  -50,  -50,  -50,  -21,  -21,  -27,    0,    0,    0,    0,    0,  -21,  -24,  -24,    0,  -19,    0,  -21,    0,    0,  -21,    0,    0,    0,   -5,    0,
       0,  -16,    0,   -5,    0,  -11,    0,    0,    0,    0,    0,    0,    0,    0,    0,    0,    0,    0,    0,    0,  -13,   -8,    0,    0,    0,    0,    0,    0,    0,    0,    0,    0,    0,    0,    0,    0,  -48,    0,   -5,  -19,   -5,   -5,   -5,    0,   -8,    0,    0,    0,   -5,    0,   -5,    0,   -5,   -5,    0,    0,    0,   -3,    0,   -7,    0,    0,    0,    0,    0,    0,    0,    0,    0,   -5,   -5,   -5,   -5,   -5,   -5,   -5,    0,    0,    0,   -5,   -5,   -5,   -8,   -5,   -5,   -5,   -5,   -5,    0,    0,    0,    0,    0,    0,   -5,   -5,   -5,    0,   -7,    0,   -5,    0,    0,   -5,    0,    0,  -16,  -11,    0,
       0,    0,    0,    0,    0,    0,    0,    0,    0,    0,    0,    0,    0,    0,    0,    0,    0,    0,    0,    0,  -16,    0,    0,    0,    0,    0,    0,    0,    0,    0,    0,    0,    0,    0,    0,    0,    0,    0,  -14,  -19,   -9,   -9,    0,    0,  -11,    0,    0,    0,   -9,    0,   -9,    0,    0,   -5,   -5,    0,    0,    0,    0,   -5,    0,    0,    0,    0,    0,    0,    0,    0,    0,   -9,   -9,   -9,   -9,   -9,   -9,   -9,    0,    0,    0,   -9,   -9,   -9,  -11,   -9,   -9,   -9,   -9,   -9,    0,    0,    0,    0,    0,    0,   -9,    0,    0,    0,   -5,    0,   -9,    0,    0,   -9,    0,    0,  -16,  -11,    0,
       0,  -11,    0,  -16,    0,  -21,    0,  -48,  -11,  -21,    0,    0,    0,    0,    0,    0,    0,    0,    0,    0,   -8,  -11,    0,    0,    0,    0,    0,    0,    0,    0,    0,    0,    0,    0,    0,    0,  -43,    0,    0,  -19,    0,    0,    0,   -8,  -11,    0,    0,    0,    0,    0,    0,    0,   -8,   -5,    0,    0,    0,    0,    0,  -13,  -11,    0,    0,    0,  -19,    0,    0,    0,    0,    0,    0,    0,    0,    0,    0,    0,    0,    0,    0,    0,    0,    0,  -11,    0,    0,    0,    0,    0,   -8,    0,    0,    0,    0,    0,    0,   -8,   -8,    0,  -13,    0,    0,    0,    0,    0,    0,    0,  -16,    0,    0,
       0,  -11,    0,   -8,    0,   -5,    0,    0,    0,    0,    0,    0,    0,    0,    0,    0,    0,    0,    0,    0,    0,   -5,    0,    0,    0,    0,    0,    0,    0,    0,    0,    0,    0,    0,    0,    0,  -43,    0,  -11,   -5,  -11,  -11,    0,   -3,  -11,    0,    0,    0,  -11,    0,  -11,    0,    0,   -8,   -5,    0,    0,    0,    0,   -5,  -16,    0,    0,    0,    0,    0,    0,    0,    0,  -11,  -11,  -11,  -11,  -11,  -11,  -11,    0,    0,    0,  -11,  -11,  -11,  -11,  -11,  -11,  -11,  -11,  -11,   -3,    0,    0,    0,    0,    0,  -11,    0,    0,    0,   -5,    0,  -11,    0,    0,  -11,    0,    0,  -11,   -8,    0,
       0,    0,    0,  -16,  -11,   -5,    0,  -37,    0,  -21,    0,    0,    0,    0,    0,    0,    0,    0,    0,    0,    0,  -11,    0,    0,    0,    0,    0,    0,    0,    0,    0,    0,    0,    0,    0,    0,  -32,  -11,   -8,  -20,   -8,   -8,    0,  -13,  -11,    0,    0,    0,   -8,    0,  -19,    0,  -13,    0,   -5,    0,    0,    0,    0,  -19,    0,    0,    0,    0,  -16,    0,    0,    0,    0,   -8,   -8,   -8,   -8,   -8,   -8,   -8,    0,    0,    0,   -8,   -8,   -8,  -11,   -8,   -8,   -8,   -8,   -8,  -13,    0,    0,    0,    0,    0,   -8,  -13,  -13,    0,  -19,    0,   -8,    0,    0,   -8,    0,    0,  -11,    0,    0,
       0,    0,    0,    0,    0,    0,    0,    0,    0,    0,    0,    0,    0,    0,    0,    0,    0,    0,    0,    0,    0,    0,    0,    0,    0,    0,    0,    0,    0,    0,    0,    0,    0,    0,    0,    0,  -21,    0,   -3,  -11,   -3,   -3,    0,    0,   -5,    0,    0,    0,   -3,    0,   -3,    0,    0,    0,    0,    0,    0,    0,    0,    0,    0,    0,    0,    0,    0,    0,    0,    0,    0,   -3,   -3,   -3,   -3,   -3,   -3,   -3,    0,    0,    0,   -3,   -3,   -3,   -5,   -3,   -3,   -3,   -3,   -3,    0,    0,    0,    0,    0,    0,   -3,    0,    0,    0,    0,    0,   -3,    0,    0,   -3,    0,    0,   -5,    0,    0,
       0,    0,    0,    0,    0,    0,    0,    0,    0,    0,    0,    0,    0,    0,    0,    0,    0,    0,    0,    0,    0,    0,    0,  -11,    0,    0,    0,    0,    0,  -21,    0,  -32,  -32,    0,  -32,    0,    0,    0,  -13,   -3,  -13,  -13,    0,    0,   -3,    0,    0,    0,  -13,    0,  -13,    0,    0,    0,    0,    0,    0,    0,    0,    0,    0,    0,    0,    0,    0,    0,    0,    0,    0,  -13,  -13,  -13,  -13,  -13,  -13,  -13,    0,    0,    0,  -13,  -13,  -13,   -3,  -13,  -13,  -13,  -13,  -13,    0,    0,    0,    0,    0,    0,  -13,    0,    0,  -21,    0,    0,  -13,    0,    0,  -13,    0,    0,    0,    0,    0,
       0,    0,    0,    0,    0,    0,    0,    0,    0,    0,    0,    0,    0,    0,    0,    0,    0,    0,    0,    0,    0,    0,    0,    0,    0,    0,    0,    0,    0,    0,    0,  -11,   -5,    0,  -21,    0,    0,    0,    0,    0,    0,    0,    0,    0,    0,    0,    0,    0,    0,    0,    0,    0,    0,    0,    0,    0,    0,    0,    0,    0,    0,    0,    0,    0,    0,    0,    0,    0,    0,    0,    0,    0,    0,    0,    0,    0,    0,    0,    0,    0,    0,    0,    0,    0,    0,    0,    0,    0,    0,    0,    0,    0,    0,    0,    0,    0,    0,    0,    0,    0,    0,    0,    0,    0,    0,    0,    0,    0,    0,
       0,    0,    0,    0,    0,    0,    0,    0,    0,    0,  -21,  -13,    0,    0,    0,  -48,    0,    0,    0,    0,    0,    0,  -21,    0,    0,    0,    0,    0,    0,  -21,    0,  -21,  -11,  -21,  -21,    0,    0,    0,    0,    0,    0,    0,    0,    0,    0,    0,    0,    0,    0,    0,    0,    0,    0,    0,    0,    0,    0,    0,    0,    0,    0,    0,    0,    0,    0,    0,  -21,    0,    0,    0,    0,    0,    0,    0,    0,    0,    0,    0,    0,    0,    0,    0,    0,    0,    0,    0,    0,    0,    0,    0,    0,    0,    0,    0,    0,    0,    0,  -21,    0,    0,    0,    0,    0,    0,    0,    0,    0,    0,    0,
       0,    0,    0,    0,    0,    0,    0,  -32,    0,    0,    0,    0,    0,    0,    0,    0,    0,    0,    0,    0,    0,    0,    0,    0,    0,    0,    0,    0,    0,  -27,    0,  -27,  -16,  -11,  -27,    0,    0,    0,    0,    0,    0,    0,    0,    0,    0,    0,    0,    0,    0,    0,    0,    0,    0,   -5,    0,  -11,  -11,  -16,    0,    0,    0,    0,    0,    0,    0,  -21,    0,    0,    0,    0,    0,    0,    0,    0,    0,    0,    0,    0,    0,    0,    0,    0,    0,    0,    0,    0,    0,    0,    0,    0,    0,    0,    0,    0,    0,    0,    0,  -27,    0,    0,    0,    0,    0,    0,    0,    0,    0,    0,    0,
       0,    0,    0,    0,    0,    0,    0,    0,    0,    0,    0,    0,    0,    0,    0,    0,    0,    0,    0,    0,    0,    0,    0,  -21,    0,    0,    0,    0,  -11,  -32,  -21,  -53,  -48,    0,  -59,    0,    0,    0,  -13,  -13,  -13,  -13,    0,    0,  -13,    0,    0,  -11,  -13,  -11,  -13,  -11,  -11,  -19,  -13,  -11,  -11,    0,    0,    0,  -16,    0,    0,    0,  -11,    0,    0,    0,    0,  -13,  -13,  -13,  -13,  -13,  -13,  -13,    0,    0,    0,  -13,  -13,  -13,  -13,  -13,  -13,  -13,  -13,  -13,    0,    0,    0,    0,    0,    0,  -13,  -11,  -11,  -32,    0,    0,  -13,    0,    0,  -13,  -11,    0,  -51,  -43,    0,
       0,    0,    0,    0,    0,    0,    0,    0,    0,    0,    0,    0,    0,    0,    0,    0,    0,    0,    0,    0,    0,    0,    0,    0,    0,    0,    0,    0,    0,  -64,    0,  -75,  -64,    0,  -69,    0,    0,    0,    0,    0,    0,    0,    0,    0,    0,    0,    0,    0,    0,    0,    0,    0,    0,    0,    0,    0,    0,    0,    0,    0,    0,    0,    0,    0,    0,    0,    0,    0,    0,    0,    0,    0,    0,    0,    0,    0,    0,    0,    0,    0,    0,    0,    0,    0,    0,    0,    0,    0,    0,    0,    0,    0,    0,    0,    0,    0,    0,  -64,    0,    0,    0,    0,    0,    0,    0,    0,    0,    0,    0,
       0,  -11,    0,    0,    0,    0,    0,  -16,    0,   -5,    0,    0,    0,    0,    0,    0,    0,    0,    0,    0,  -13,    0,  -37,    0,    0,   -5,   -8,   -5,    0,  -27,   -4,  -26,   -7,  -19,  -17,  -14,  -21,    0,    0,    0,    0,    0,    0,    0,    0,    0,    0,    0,    0,    0,    0,    0,    0,    0,    0,    0,    0,    0,    0,  -11,    0,    0,    0,    0,    0,    0,  -37,    0,    0,    0,    0,    0,    0,    0,    0,    0,    0,    0,    0,    0,    0,    0,   11,    0,    0,    0,    0,    0,    0,    0,    0,    0,    0,    0,    0,    0,    0,  -27,  -11,    0,    0,    0,    0,    0,    0,    0,  -16,  -21,    0,
       0,  -11,    0,    0,    0,    0,    0,  -16,    0,   -5,    0,    0,    0,    0,    0,    0,    0,    0,    0,    0,  -13,    0,  -10,    0,    0,   -5,   -8,   -5,    0,  -11,   -4,  -10,   -7,  -19,  -17,  -14,  -21,    0,    0,    0,    0,    0,    0,    0,    0,    0,    0,    0,    0,    0,    0,    0,    0,    0,    0,    0,    0,    0,    0,  -11,    0,    0,    0,    0,    0,    0,  -37,    0,    0,    0,    0,    0,    0,    0,    0,    0,    0,    0,    0,    0,    0,    0,   11,    0,    0,    0,    0,    0,    0,    0,    0,    0,    0,    0,    0,    0,    0,  -11,  -11,    0,    0,    0,    0,    0,    0,    0,  -16,  -21,    0,
       0,    0,    0,    0,    0,    0,    0,    0,    0,    0,  -32,  -32,  -32,  -32,  -11,  -56,    0,  -21,    0,    0,    0,    0,    0,    0,    0,    0,    0,    0,    0,    0,    0,    0,    0,    0,    0,    0,    0,    0,    0,    0,    0,    0,    0,    0,    0,    0,    0,    0,    0,    0,    0,    0,    0,    0,    0,    0,    0,    0,    0,    0,    0,    0,    0,    0,    0,    0,    0,    0,    0,    0,    0,    0,    0,    0,    0,    0,    0,    0,    0,    0,    0,    0,    0,    0,    0,    0,    0,    0,    0,    0,    0,    0,    0,    0,    0,    0,    0,    0,    0,    0,    0,    0,    0,    0,    0,    0,    0,    0,    0,
       0,    0,    0,    0,    0,    0,    0,    0,    0,  -11,    0,    0,    0,    0,    0,    0,    0,    0,    0,    0,    0,    0,  -37,   34,    0,    0,    0,    0,    0,   -8,    0,  -35,  -21,   -8,  -53,  -16,    0,    0,    0,    0,    0,    0,    0,    0,    0,    0,    0,    0,    0,    0,    0,    0,    0,    0,    0,    0,    0,    0,    0,   -5,    0,    0,    0,    0,    0,    0,  -37,    0,    0,    0,    0,    0,    0,    0,    0,    0,    0,    0,    0,    0,    0,    0,    0,    0,    0,    0,    0,    0,    0,    0,    0,    0,    0,    0,    0,    0,    0,   -8,   -5,    0,    0,    0,    0,    0,    0,    0,    0,  -21,    0,
       0,    0,    0,    0,    0,    0,    0,    0,    0,    0,    0,    0,    0,    0,    0,    0,    0,    0,    0,    0,    0,    0,    0,    0,    0,    0,    0,    0,    0,    0,    0,    0,    0,    0,    0,    0,    0,    0,    0,    0,    0,    0,  -16,    0,    0,    0,  -11,    0,    0,    0,    0,    0,   -5,  -11,  -11,  -11,  -11,    0,  -21,  -11,    0,    0,    0,    0,    0,    0,    0,    0,    0,    0,    0,    0,    0,    0,    0,    0,    0,    0,    0,    0,    0,    0,    0,    0,    0,    0,    0,    0,    0,    0,    0,    0,    0,  -11,    0,   -5,   -5,    0,  -11,    0,    0,    0,    0,    0,    0,    0,    0,    0,    0,
       0,  -21,    0,    0,    0,  -37,    0,    0,    0,    0,    0,    0,    0,    0,    0,    0,    0,    0,    0,    0,  -16,    0,    0,    0,    0,    0,    0,    0,    0,  -43,    0,    0,    0,    0,    0,    0,  -43,    0,    0,  -13,    0,    0,  -19,    0,   -5,    0,   -3,    0,    0,   -5,    0,    0,    0,  -13,   -3,  -27,  -27,    0,   -8,   -3,  -13,    0,    0,    0,    0,    0,    0,    0,    0,    0,    0,    0,    0,    0,    0,    0,    0,    0,    0,    0,    0,    0,   -5,    0,    0,    0,    0,    0,    0,    0,    0,    0,    0,   -3,    0,    0,    0,  -43,   -3,    0,    0,    0,    0,    0,    0,    0,  -32,  -21,    0,
       0,  -21,    0,    0,    0,  -37,    0,    0,    0,    0,    0,    0,    0,    0,    0,    0,    0,    0,    0,    0,  -16,    0,    0,    0,    0,    0,    0,    0,    0,  -43,    0,    0,    0,    0,    0,    0,  -43,    0,    0,  -13,    0,    0,   -3,    0,   -5,    0,   -3,    0,    0,   -5,    0,    0,    0,  -13,   -3,  -24,  -24,    0,   -8,   -3,  -13,    0,    0,    0,    0,    0,    0,    0,    0,    0,    0,    0,    0,    0,    0,    0,    0,    0,    0,    0,    0,    0,   -5,    0,    0,    0,    0,    0,    0,    0,    0,    0,    0,   -3,    0,    0,    0,  -43,   -3,    0,    0,    0,    0,    0,    0,    0,  -32,  -21,    0,
       0,  -16,    0,    0,    0,  -21,    0,    0,    0,    0,    0,    0,    0,    0,    0,    0,    0,    0,    0,    0,   -8,   -8,    0,    0,    0,    0,    0,    0,    0,  -37,    0,    0,    0,    0,    0,    0,  -43,    0,  -13,   -8,   -5,   -5,   -3,   -3,   -8,    0,    0,    0,   -5,    0,   -5,    0,   -5,   -5,    0,    0,    0,    0,    0,  -11,    0,    0,    0,    0,    0,    0,    0,    0,    0,   -5,   -5,   -5,   -5,   -5,   -5,   -5,    0,    0,    0,   -5,   -5,   -5,   -8,   -5,   -5,   -5,   -5,   -5,   -3,    0,    0,    0,    0,    0,   -5,   -5,   -5,  -37,  -11,    0,   -5,    0,    0,   -5,    0,    0,  -27,  -11,    0,
       0,  -27,    0,   -5,    0,  -43,    0,   -5,    0,  -11,    0,    0,    0,    0,    0,    0,    0,    0,    0,    0,  -21,    0,    0,    0,    0,    0,    0,    0,    0,  -27,    0,    0,    0,    0,    0,    0,  -33,    0,   -8,  -24,   -5,   -5,    0,   -5,   -8,    0,    0,    0,   -5,   -5,   -5,    0,  -11,  -11,   -5,   -3,   -3,   -8,   -5,  -16,    0,    0,    0,    0,    0,    0,    0,    0,  -11,   -5,   -5,   -5,   -5,   -5,   -5,   -5,    0,    0,    0,   -5,   -5,   -5,   -8,   -5,   -5,   -5,   -5,   -5,   -5,    0,    0,    0,    0,    0,   -5,  -11,  -11,  -27,  -16,    0,   -5,    0,    0,   -5,    0,    0,  -45,  -27,    0,
       0,  -11,    0,    0,    0,    0,    0,  -16,    0,   -5,    0,    0,    0,    0,    0,    0,    0,    0,    0,    0,  -13,    0,  -10,    0,    0,   -5,   -8,   -5,    0,  -27,   -4,  -26,   -7,  -19,  -17,  -14,  -21,    0,    0,    0,    0,    0,    0,    0,    0,    0,    0,    0,    0,    0,    0,    0,    0,    0,    0,    0,    0,    0,    0,  -11,    0,    0,    0,    0,    0,    0,  -37,    0,    0,    0,    0,    0,    0,    0,    0,    0,    0,    0,    0,    0,    0,    0,   11,    0,    0,    0,    0,    0,    0,    0,    0,    0,    0,    0,    0,    0,    0,  -27,  -11,    0,    0,    0,    0,    0,    0,    0,  -16,  -21,    0,
       0,  -16,    0,    0,    0,    0,  -48,  -96,  -96,    0,    0,    0,    0,    0,    0,    0,    0,    0,  -96,  -48,  -11,    0,    0,    0,    0,    0,    0,    0,    0,    0,    0,    0,    0,    0,    0,    0,    0,    0,  -48,    0,  -48,  -48,    0,  -48,    0,  -15,  -12,  -21,  -48,  -69,  -96,  -48,  -48,  -16,  -32,  -27,  -27,  -48,  -27,  -48,  -59,    0,    0,  -48,  -45,    0,    0,    0,    0,  -48,  -48,  -48,  -48,  -48,  -48,  -48,  -15,  -15,  -15,  -48,  -48,  -48,    0,  -48,  -48,  -48,  -48,  -48,    0,  -15,  -15,  -15,    0,  -12,  -48,  -48,  -48,    0,  -48,  -15,  -48,  -15,  -15,  -48,  -21,  -15,  -59,  -35,    0,
       0,  -48,    0,    0,    0,  -53,    0,    0,    0,    0,    0,    0,    0,    0,    0,    0,    0,    0,    0,    0,  -27,    0,    0,   -5,    0,   -4,  -11,    0,   -4,  -52,  -17,  -61,  -41,    0,  -70,   -7,  -48,    0,    0,  -27,    0,    0,   -5,    0,  -11,   -5,    0,  -11,    0,  -11,    0,  -11,    0,  -16,  -11,  -11,  -11,    0,  -21,  -11,    0,    0,    0,   -8,    0,    0,    0,    0,    0,    0,    0,    0,    0,    0,    0,    0,   -5,   -5,   -5,    0,    0,    0,  -21,    0,    0,    0,    0,    0,    0,   -5,   -5,   -5,   -4,    0,    0,    0,    0,  -57,  -11,   -5,    0,   -5,   -5,    0,  -11,   -5, -108,  -58,    0,
       0,  -16,    0,    0,    0,    0,  -45,  -93,  -93,    0,    0,    0,    0,    0,    0,    0,    0,    0,  -93,  -45,  -11,    0,    0,    0,    0,    0,    0,    0,    0,    0,    0,    0,    0,    0,    0,    0,    0,    0,  -48,    0,  -93,  -93,    0,  -45,    0,  -18,  -15,  -21,  -48,  -67,  -93,  -45,  -48,  -16,  -32,  -69,  -72,  -45,  -77,  -45,  -56,    0,    0,  -45,  -43,    0,    0,    0,    0,  -48,  -48,  -48,  -48,  -48,  -48,  -48,  -18,  -18,  -18,  -48,  -48,  -48,    0,  -48,  -48,  -48,  -48,  -48,    0,  -18,  -18,  -18,    0,  -15,  -48,  -48,  -48,    0,  -45,  -18,  -48,  -18,  -18,  -48,  -21,  -18,  -53,  -35,    0,
       0,  -16,    0,    0,    0,    0,  -48,  -48,  -48,    0,    0,    0,    0,    0,    0,    0,    0,    0,  -48,  -48,  -11,    0,    0,    0,    0,    0,    0,    0,    0,    0,    0,    0,    0,    0,    0,    0,    0,    0,   -5,    0,   -5,   -5,    0,    0,    0,    0,    0,   13,   -5,   13,   -5,   13,    0,   -5,   -5,   -5,   -5,    0,   10,    0,  -11,    0,    0,  -48,    3,    0,    0,    0,    0,   -5,   -5,   -5,   -5,   -5,   -5,   -5,    0,    0,    0,   -5,   -5,   -5,    0,   -5,   -5,   -5,   -5,   -5,    0,    0,    0,    0,    0,    0,   -5,    0,    0,    0,    0,    0,   -5,    0,    0,   -5,   13,    0,  -43,  -35,    0,
       0,    0,    0,    0,    0,    0,    0,    0,    0,    0,    0,    0,    0,    0,    0,    0,    0,    0,    0,    0,  -16,    0,    0,    0,    0,    0,    0,    0,    0,    0,    0,    0,    0,    0,    0,    0,    0,    0,  -21,  -19,  -21,  -21,    0,    0,  -11,    0,    0,  -16,  -21,  -16,  -21,  -16,  -16,  -16,  -21,    0,    0,    0,    0,  -11,  -16,    0,    0,    0,  -13,    0,    0,    0,    0,  -21,  -21,  -21,  -21,  -21,  -21,  -21,    0,    0,    0,  -21,  -21,  -21,  -11,  -21,  -21,  -21,  -21,  -21,    0,    0,    0,    0,    0,    0,  -21,  -16,  -16,    0,  -11,    0,  -21,    0,    0,  -21,  -16,    0,  -16,  -16,    0,
       0,    0,    0,    0,    0,    0,    0,  -53,  -45,    0,    0,    0,    0,    0,    0,    0,    0,    0,    0,    0,    0,    0,  -64,  -24,    0,    0,    0,    0,   -8,    0,    0,    5,    0,    0,    5,  -16,    0,    0,  -53,    5,  -53,  -53,  -24,  -53,    5,    0,    0,  -13,  -53,  -13,  -53,  -13,  -48,  -19,  -16,   -5,   -5,  -19,  -11,  -32,  -21,    0,    0,    0,  -32,    0,  -64,    0,    0,  -53,  -53,  -53,  -53,  -53,  -53,  -53,    0,    0,    0,  -53,  -53,  -53,    5,  -53,  -53,  -53,  -53,  -53,  -53,    0,    0,    0,    0,    0,  -53,  -48,  -48,    0,  -32,    0,  -53,    0,    0,  -53,  -13,    0,    0,    0,    0,
       0,    0,    0,    0,    0,    0,    0,  -53,  -21,  -27,    0,    0,    0,    0,    0,    0,    0,    0,  -21,    0,    0,  -19,    0,    0,    0,    0,    0,    0,    0,    0,    0,    0,    0,    0,    0,    0,    0,    0,  -24,    0,  -24,  -24,    0,    0,    0,    0,    0,    0,  -24,    0,  -24,    0,  -16,    0,    0,    0,    0,    0,    0,    0,  -21,    0,    0,    0,  -11,    0,    0,    0,    0,  -24,  -24,  -24,  -24,  -24,  -24,  -24,    0,    0,    0,  -24,  -24,  -24,    0,  -24,  -24,  -24,  -24,  -24,    0,    0,    0,    0,    0,    0,  -24,  -16,  -16,    0,    0,    0,  -24,    0,    0,  -24,    0,    0,    0,    0,    0,
       0,    0,    0,    0,    0,    0,    0,  -53,  -32,  -32,    0,    0,    0,    0,    0,    0,    0,    0,  -21,    0,    0,    0,  -32,  -19,    0,    0,   -5,    0,   -5,    0,    0,    3,    0,    0,    0,   -8,    0,    0,  -43,    0,  -43,  -43,  -21,  -53,    0,    0,    0,   -8,  -43,   -8,  -43,   -8,  -40,  -19,  -21,   -8,   -8,  -16,   -5,  -32,  -43,    0,    0,    0,  -32,    0,  -32,    0,    0,  -43,  -43,  -43,  -43,  -43,  -43,  -43,    0,    0,    0,  -43,  -43,  -43,    0,  -43,  -43,  -43,  -43,  -43,  -53,    0,    0,    0,    0,    0,  -43,  -40,  -40,    0,  -32,    0,  -43,    0,    0,  -43,   -8,    0,    0,    0,    0,
       0,    0,    0,    0,    0,    0,    0,  -32,  -24,  -11,    0,    0,    0,    0,    0,    0,    0,    0,  -21,    0,    0,  -32,    0,    0,    0,    0,    0,    0,    0,    0,    0,    0,    0,    0,    0,    0,    0,    0,  -21,    0,  -21,  -21,    0,    0,    0,    0,    0,   11,  -21,   11,  -21,   11,  -11,    0,    0,    0,    0,    0,    0,  -16,  -32,    0,    0,    0,  -21,    0,    0,    0,    0,  -21,  -21,  -21,  -21,  -21,  -21,  -21,    0,    0,    0,  -21,  -21,  -21,    0,  -21,  -21,  -21,  -21,  -21,    0,    0,    0,    0,    0,    0,  -21,  -11,  -11,    0,  -16,    0,  -21,    0,    0,  -21,   11,    0,    0,    0,    0,
       0,    0,    0,    0,    0,    0,    0,    0,    0,    0,    0,    0,    0,    0,    0,    0,    0,    0,    0,    0,    0,    0,    0,    0,    0,    0,    0,    0,    0,  -32,    0,  -37,  -32,    0,  -35,    0,    0,    0,    0,    0,    0,    0,    0,    0,    0,    0,    0,    0,    0,    0,    0,    0,    0,    0,    0,    0,    0,    0,    0,    0,    0,    0,    0,    0,    0,    0,    0,    0,    0,    0,    0,    0,    0,    0,    0,    0,    0,    0,    0,    0,    0,    0,    0,    0,    0,    0,    0,    0,    0,    0,    0,    0,    0,    0,    0,    0,    0,  -32,    0,    0,    0,    0,    0,    0,    0,    0,    0,    0,    0,
       0,    0,    0,    0,    0,    0,    0,  -53,    0,    0,    0,    0,    0,    0,    0,    0,    0,    0,    0,    0,    0,    0,  -64,  -11,    0,   -9,  -21,    0,    0,    0,    0,    0,    0,    0,    0,    0,    0,    0,  -13,    5,  -13,  -13,    0,  -16,    5,   16,    0,    0,  -13,    0,  -13,    0,  -27,   -5,    0,    0,    0,    0,    0,    0,    0,    0,    0,    0,    0,  -53,  -64,    0,    0,  -13,  -13,  -13,  -13,  -13,  -13,  -13,   16,   37,   51,  -13,  -13,  -13,    5,  -13,  -13,  -13,  -13,  -13,  -16,   16,   37,   16,   -9,    0,  -13,  -27,  -27,    0,    0,   16,  -13,   69,   29,  -13,    0,   16,    0,    0,  -37,
       0,    0,    0,    0,    0,    0,    0,  -53,    0,    0,    0,    0,    0,    0,    0,    0,    0,    0,    0,    0,    0,    0,  -64,  -27,    0,    0,    0,    0,  -11,    0,    0,    0,    0,    0,    0,  -11,    0,    0,  -55,    0,  -55,  -55,  -27,  -43,    0,    8,    0,  -11,  -55,  -11,  -55,  -11,  -43,  -11,  -27,  -21,  -21,  -11,    0,  -19,    0,    0,    0,    0,    0,  -64,  -64,    0,    0,  -55,  -55,  -55,  -55,  -55,  -55,  -55,    8,   19,   29,  -55,  -55,  -55,    0,  -55,  -55,  -55,  -55,  -55,  -43,    8,   24,    8,    0,    0,  -55,  -43,  -43,    0,  -19,    8,  -87,   53,    8,  -95,  -11,    8,    0,    0,    0,
       0,    0,    0,    0,    0,    0,    0,    0,    0,    0,    0,    0,    0,    0,    0,  -43,    0,    0,    0,    0,  -32,    0,    0,  -16,    0,    0,    0,    0,    0,  -59,    0,  -53,  -48,    0,  -64,    0,    0,    0,    0,  -32,    0,    0,    0,    0,   -5,  -16,    0,   -5,    0,   -5,    0,   -5,    0,  -27,  -16,  -21,  -21,    0,    0,    0,    0,    0,    0,    0,    0,    0,    0,    0,    0,    0,    0,    0,    0,    0,    0,    0,  -16,  -16,  -16,    0,    0,    0,   -5,    0,    0,    0,    0,    0,    0,  -16,  -16,  -16,    0,    0,    0,    0,    0,  -59,    0,  -16,    0,  -16,  -16,    0,   -5,  -16,    0,    0,    0,
};

static const EpdLigaturePair literata_16_italicLigaturePairs[] = {
    { 0x00660069, 0xFB01 }, // f i -> U+FB01
    { 0x0066006C, 0xFB02 }, // f l -> U+FB02
};

static const EpdFontData literata_16_italic = {
    literata_16_italicBitmaps,
    literata_16_italicGlyphs,
    literata_16_italicIntervals,
    40,
    49,
    40,
    -11,
    true,
    literata_16_italicGroups,
    9,
    nullptr,
    literata_16_italicKernLeftClasses,
    literata_16_italicKernRightClasses,
    literata_16_italicKernMatrix,
    418,
    405,
    91,
    109,
    literata_16_italicLigaturePairs,
    2,
};
