/**
 * generated by fontconvert.py
 * name: literata_14_bolditalic
 * size: 14
 * mode: 2-bit  compressed: true
 * Command used: fontconvert.py literata_14_bolditalic 14 ..\builtinFonts\source\Literata\Literata-BoldItalic.ttf --2bit --compress --pnum
 */
#pragma once
#include "EpdFontData.h"

static const uint8_t literata_14_bolditalicBitmaps[19628] = {
    0x9D, 0x59, 0x3D, 0x8C, 0xE5, 0x56, 0x15, 0x3E, 0xB6, 0xB3, 0x7B, 0x11, 0x16, 0x78, 0x0B, 0x10,
    0x84, 0x15, 0x71, 0x93, 0x02, 0x04, 0xC4, 0x6D, 0x10, 0xBB, 0x63, 0x6F, 0x16, 0x92, 0x22, 0x45,
    0x42, 0x11, 0x28, 0x52, 0x2C, 0x05, 0x15, 0x20, 0x4D, 0x83, 0x94, 0x08, 0xCD, 0xAE, 0xBD, 0x8A,
    0x94, 0x14, 0x29, 0x98, 0x45, 0x0A, 0x0D, 0xC5, 0x52, 0xD2, 0x51, 0x10, 0x21, 0x90, 0x66, 0x63,
    0x6F, 0x46, 0x90, 0x82, 0x22, 0xE6, 0x4F, 0x5B, 0x50, 0x60, 0x89, 0x45, 0x48, 0x20, 0x91, 0x4B,
    0xC6, 0x9B, 0xF5, 0x64, 0x6D, 0x5F, 0xBE, 0xEF, 0x5C, 0xBF, 0x37, 0x6F, 0xF6, 0x4F, 0x88, 0x79,
    0xF7, 0x1E, 0xCF, 0xF8, 0xD9, 0xF7, 0x9E, 0xDF, 0xEF, 0x9C, 0x73, 0xC7, 0x74, 0xC9, 0x98, 0xF6,
    0xA9, 0xC5, 0xA7, 0x4B, 0xDA, 0xA4, 0xD1, 0x4F, 0x95, 0x14, 0xFA, 0x11, 0x91, 0xAC, 0x2A, 0xDB,
    0xB2, 0xCB, 0xAA, 0xB3, 0x69, 0xF1, 0x56, 0x56, 0x5D, 0xCB, 0x8A, 0x8B, 0x99, 0xEC, 0xA4, 0x72,
    0xE6, 0x31, 0x79, 0xF2, 0x63, 0x22, 0x49, 0xB5, 0x25, 0x92, 0x16, 0x17, 0xF1, 0x9C, 0xEC, 0x49,
    0xE2, 0x9C, 0xB3, 0x29, 0x89, 0x5C, 0x0A, 0x06, 0x91, 0x8B, 0x41, 0x2F, 0xB2, 0x17, 0x5A, 0x91,
    0x51, 0x49, 0x64, 0xA5, 0xC4, 0xB7, 0x4D, 0x0D, 0x52, 0x85, 0xD6, 0x34, 0x12, 0xDA, 0xB8, 0x91,
    0xC8, 0x26, 0x20, 0x5D, 0x52, 0x89, 0x84, 0x8D, 0x9F, 0x11, 0xE6, 0xF6, 0x2C, 0x91, 0x73, 0x6D,
    0x72, 0xFB, 0x77, 0x36, 0xDB, 0x7F, 0xA7, 0xCF, 0xF7, 0xDF, 0xB5, 0xF9, 0xFE, 0x6F, 0xDB, 0xFC,
    0x76, 0x25, 0xB9, 0xAB, 0xB0, 0x59, 0x2F, 0xC6, 0x39, 0x91, 0xDA, 0xB5, 0x12, 0x63, 0x4B, 0x53,
    0xE3, 0xC6, 0x73, 0x43, 0xFE, 0xCC, 0xB3, 0xBD, 0x7B, 0xFD, 0x39, 0xEB, 0x9E, 0xBD, 0xD0, 0xD5,
    0x3F, 0x71, 0x4D, 0xEE, 0x66, 0x39, 0xE9, 0x3A, 0xF0, 0x2A, 0x7E, 0xEA, 0x8F, 0xC1, 0xE2, 0x56,
    0x32, 0xD7, 0xC4, 0xAD, 0xE4, 0x71, 0x8B, 0xBD, 0x2F, 0x99, 0x2E, 0x17, 0xD2, 0x8B, 0x4A, 0x47,
    0x91, 0xFC, 0xC2, 0x3E, 0xB8, 0x4E, 0xDD, 0x6B, 0x2D, 0x9E, 0x9F, 0x92, 0xB7, 0xB1, 0xA9, 0x64,
    0x09, 0x97, 0xBA, 0x94, 0xBE, 0x46, 0x79, 0xF2, 0xB0, 0x87, 0x04, 0xA4, 0x78, 0x17, 0xCB, 0x25,
    0x4D, 0x7A, 0x03, 0x8B, 0x16, 0x89, 0x6B, 0xE4, 0x92, 0x84, 0xB3, 0xC8, 0x69, 0xB7, 0x0B, 0x81,
    0x9C, 0xC3, 0x6A, 0xC9, 0xFC, 0x34, 0x6E, 0x64, 0xBD, 0x80, 0xE6, 0x36, 0x9C, 0x40, 0x3B, 0x39,
    0xC5, 0xDF, 0x45, 0xB6, 0x24, 0x83, 0xBA, 0xF2, 0xCA, 0xB8, 0xE1, 0x91, 0xBC, 0xC1, 0x1F, 0x19,
    0xF4, 0xE3, 0x9E, 0xCF, 0x67, 0x49, 0x7B, 0x68, 0x96, 0x4F, 0xA6, 0x8D, 0xD4, 0xCD, 0x06, 0x6D,
    0x25, 0x6B, 0xA4, 0xEC, 0xA4, 0x2C, 0x24, 0x9F, 0x9E, 0xC1, 0x9A, 0x50, 0x3E, 0xB4, 0x1D, 0xD4,
    0x73, 0x21, 0x72, 0xF6, 0xAD, 0x6B, 0x17, 0x77, 0xCE, 0x3C, 0x29, 0x41, 0x25, 0xA6, 0x95, 0x14,
    0x0A, 0x13, 0x6C, 0x1B, 0x8C, 0x12, 0x8D, 0x62, 0x06, 0x49, 0xAC, 0xA4, 0xE0, 0xB3, 0xE3, 0xBA,
    0x79, 0x2B, 0x25, 0x86, 0xAE, 0x8B, 0x51, 0xEA, 0xC0, 0x4D, 0x0C, 0x3C, 0x80, 0xC7, 0xF0, 0xB0,
    0xE9, 0x25, 0x1A, 0xF8, 0xBA, 0x5C, 0x13, 0x2E, 0xF5, 0x71, 0x6A, 0xF0, 0x24, 0xAD, 0x2F, 0x50,
    0x9F, 0xB1, 0xFC, 0x36, 0x1C, 0xB9, 0x85, 0xC0, 0x1E, 0xAE, 0x38, 0x5A, 0xA8, 0x6C, 0x8F, 0x0F,
    0xDD, 0x03, 0x7A, 0xC4, 0x33, 0x8E, 0x0A, 0x02, 0x3F, 0x78, 0x37, 0xC6, 0x2E, 0xD8, 0x0E, 0x36,
    0x10, 0x79, 0xD9, 0xDB, 0xE7, 0x8C, 0xC8, 0x8E, 0x7C, 0x6E, 0xE7, 0x13, 0x97, 0xBE, 0x0C, 0x5D,
    0xF4, 0x78, 0x72, 0xDB, 0x55, 0xF3, 0x4B, 0xFD, 0xB7, 0xDF, 0xEC, 0x05, 0x52, 0xBE, 0x09, 0x36,
    0x8A, 0x7B, 0x26, 0x7C, 0xAB, 0x59, 0x4D, 0xB2, 0x79, 0x6C, 0x7E, 0x12, 0x96, 0x6C, 0x72, 0x5B,
    0xDA, 0xDC, 0x1A, 0x6B, 0xDA, 0xB4, 0xAA, 0x75, 0xAB, 0xD2, 0x55, 0x7E, 0xA4, 0x4D, 0x69, 0x6B,
    0x7C, 0x0D, 0x2E, 0x28, 0x11, 0x05, 0x83, 0x3D, 0xE9, 0xFF, 0xFE, 0xFD, 0x12, 0x13, 0x36, 0x13,
    0x88, 0x19, 0xC2, 0x56, 0xB0, 0x36, 0x8C, 0x2E, 0xE4, 0xDB, 0x3F, 0x56, 0xF8, 0xC7, 0x2E, 0xF9,
    0xC7, 0xA8, 0x2B, 0xB8, 0xC5, 0xD1, 0x63, 0x0D, 0xB7, 0x3F, 0x7A, 0xEC, 0x2D, 0xCA, 0x18, 0xD3,
    0xA1, 0x6A, 0x58, 0x2D, 0x9C, 0x9F, 0x9D, 0x24, 0x1E, 0x02, 0x47, 0x65, 0xBB, 0x0A, 0x7A, 0x87,
    0xDB, 0xB6, 0x50, 0x55, 0x49, 0xA2, 0x86, 0xB9, 0x97, 0x38, 0x25, 0x88, 0x4E, 0x68, 0x32, 0xEF,
    0xA0, 0xA1, 0xCC, 0x42, 0x9B, 0xC9, 0x04, 0x93, 0x85, 0x54, 0x80, 0x6C, 0x1F, 0x62, 0x8F, 0x13,
    0x45, 0x46, 0x85, 0x34, 0xDF, 0x71, 0x2B, 0x0B, 0x3B, 0x3F, 0xAA, 0x7B, 0x46, 0xB1, 0x1E, 0x27,
    0xDD, 0xAE, 0x73, 0xB3, 0x73, 0x53, 0x50, 0xDF, 0x84, 0xFF, 0x63, 0xFD, 0x1F, 0x63, 0x37, 0x78,
    0x1B, 0x7E, 0xB3, 0x75, 0x91, 0xDB, 0x47, 0xD5, 0x6B, 0xE1, 0x7D, 0x5C, 0x2A, 0xC0, 0x3B, 0x11,
    0x64, 0x4E, 0x20, 0x2F, 0x9C, 0x97, 0x2E, 0x10, 0x0D, 0x81, 0x4D, 0xDA, 0xD0, 0x96, 0x45, 0x6C,
    0x11, 0xEB, 0x5D, 0xED, 0x67, 0xBB, 0x8E, 0xE9, 0xBF, 0xD7, 0x7D, 0xDA, 0xA4, 0x03, 0x20, 0x67,
    0x04, 0xE8, 0x40, 0x9F, 0x10, 0x9C, 0x2E, 0x77, 0x92, 0xC1, 0x01, 0xBE, 0x33, 0xC7, 0xC8, 0x83,
    0x12, 0x63, 0x2C, 0x1C, 0xCF, 0x27, 0x70, 0xCD, 0x9B, 0x64, 0x2C, 0x8B, 0x6C, 0xC8, 0xAF, 0xB8,
    0x2E, 0x73, 0x64, 0xF2, 0xE6, 0x2A, 0x98, 0xE3, 0x81, 0x40, 0x45, 0x52, 0x92, 0x38, 0xDA, 0x87,
    0xC1, 0x10, 0xBF, 0x0B, 0x92, 0x3D, 0x07, 0x72, 0x89, 0xCC, 0x8D, 0x20, 0xC0, 0x1A, 0x0B, 0xDB,
    0x32, 0x02, 0x2A, 0x90, 0x9C, 0x01, 0x46, 0x4C, 0x6A, 0x15, 0x98, 0x84, 0x0E, 0x8F, 0x57, 0x40,
    0x82, 0xF2, 0x16, 0xD9, 0x80, 0x6C, 0x24, 0x81, 0x73, 0x43, 0xE8, 0x67, 0x1F, 0x42, 0xEC, 0xA8,
    0x5D, 0x26, 0xB1, 0xEA, 0x2F, 0xAE, 0x80, 0x50, 0x36, 0xBC, 0xC9, 0xDD, 0x93, 0x85, 0x69, 0xA3,
    0xF3, 0x74, 0x11, 0x8F, 0x60, 0x7C, 0xC8, 0xAB, 0xDC, 0xE6, 0x7F, 0x76, 0x4D, 0x0A, 0x30, 0x0A,
    0x89, 0x20, 0x21, 0x94, 0x91, 0x01, 0x16, 0xDC, 0x8F, 0xA6, 0x68, 0x0C, 0xA6, 0xA4, 0x0F, 0xC7,
    0x14, 0xB7, 0x33, 0xAC, 0x99, 0xBF, 0x0D, 0x6E, 0xFE, 0xEA, 0xFA, 0x72, 0x4A, 0xC6, 0xDA, 0x9A,
    0xA9, 0x6E, 0xA2, 0xF5, 0x2C, 0x9B, 0x08, 0xEB, 0x99, 0x31, 0xEB, 0x92, 0x3E, 0x19, 0xCA, 0x2E,
    0x22, 0x83, 0xDB, 0x3D, 0x00, 0xD1, 0x0D, 0x90, 0x60, 0xE4, 0x84, 0x6F, 0xF5, 0x7B, 0xC0, 0xA5,
    0x01, 0x9E, 0x77, 0x4A, 0x1D, 0x94, 0x9E, 0xC7, 0x18, 0xA9, 0x45, 0x63, 0x94, 0xD8, 0x63, 0x46,
    0x6F, 0x30, 0xCA, 0x0B, 0x14, 0x20, 0x9E, 0xD0, 0x96, 0x21, 0x6D, 0xE9, 0x16, 0xDF, 0x84, 0x6B,
    0x46, 0xF3, 0x8B, 0xA3, 0x19, 0x82, 0x29, 0xEE, 0x05, 0x3C, 0x06, 0x63, 0x3C, 0x46, 0x43, 0xE4,
    0x5E, 0xEF, 0x02, 0xEE, 0x8B, 0xA8, 0x91, 0x43, 0xD7, 0x9B, 0x2E, 0x1B, 0xD3, 0xC6, 0xCC, 0x79,
    0x13, 0xBA, 0xBC, 0x0A, 0x9C, 0x5E, 0xDB, 0x68, 0x4A, 0x0F, 0x2F, 0x0C, 0x46, 0x8D, 0x4E, 0x83,
    0x1E, 0xAA, 0x57, 0x26, 0x87, 0xDB, 0x16, 0xBC, 0x0F, 0x94, 0x81, 0xB2, 0x1C, 0xC9, 0x06, 0x03,
    0x77, 0xE5, 0x94, 0xB9, 0xDB, 0x93, 0x71, 0xAF, 0x8C, 0x9E, 0x41, 0xDA, 0x35, 0xE9, 0x4F, 0x81,
    0xC9, 0x1D, 0x78, 0x56, 0xF9, 0x63, 0x57, 0xA4, 0x6E, 0xC2, 0x3A, 0xBB, 0x12, 0x77, 0x70, 0x84,
    0x31, 0x1B, 0xE2, 0x4E, 0x36, 0x7E, 0xD2, 0x16, 0x01, 0xDE, 0xE7, 0x36, 0x6D, 0xEF, 0xFF, 0x3D,
    0x9E, 0xA8, 0x3C, 0x04, 0xC4, 0x36, 0x5E, 0x43, 0x80, 0xFF, 0xF9, 0x12, 0x4C, 0x0E, 0xC1, 0x53,
    0xE8, 0xA6, 0xEE, 0x20, 0x3E, 0xC4, 0x83, 0x7A, 0x18, 0xA1, 0xAE, 0xF5, 0xAE, 0x18, 0xF2, 0x0F,
    0xDE, 0x8C, 0x67, 0x8F, 0x03, 0xF2, 0x69, 0xEA, 0xBD, 0x59, 0xCD, 0xCD, 0x7D, 0x16, 0x18, 0xAA,
    0x38, 0xF9, 0x77, 0x02, 0xED, 0xD3, 0xBE, 0x5C, 0x3E, 0xE0, 0xA3, 0xF4, 0x56, 0xE3, 0x68, 0x93,
    0x46, 0x17, 0xE6, 0x17, 0x8E, 0xFB, 0xC2, 0x1C, 0x34, 0x0B, 0xDE, 0xFA, 0x88, 0x10, 0xCE, 0x6F,
    0xE2, 0x1E, 0xC2, 0xEE, 0x0D, 0xEC, 0x01, 0x04, 0x2D, 0x8B, 0xBC, 0x83, 0x2F, 0xB5, 0x27, 0x88,
    0xA6, 0x5C, 0xE8, 0x34, 0x03, 0xD6, 0xF3, 0xAC, 0xD8, 0x73, 0x56, 0x98, 0x4D, 0x44, 0x1E, 0x5D,
    0x18, 0xA1, 0xD9, 0xB9, 0x1F, 0x27, 0x52, 0xC5, 0xFA, 0x27, 0x73, 0x44, 0x87, 0x90, 0xC1, 0xA9,
    0xC6, 0x39, 0x0D, 0x79, 0x6A, 0x75, 0x11, 0x02, 0x39, 0x50, 0xCF, 0xD8, 0x78, 0xFE, 0x1A, 0x4A,
    0x81, 0x16, 0xF9, 0x13, 0xBA, 0x6A, 0xDC, 0xE5, 0x09, 0x86, 0xBE, 0x3C, 0xCB, 0x64, 0x6C, 0xFE,
    0xD4, 0x18, 0x22, 0x99, 0xE7, 0xD1, 0x18, 0x8D, 0xCC, 0x7C, 0x83, 0xD9, 0x8B, 0x79, 0x89, 0xF7,
    0xF0, 0xF8, 0xF9, 0xE1, 0xB3, 0x70, 0x87, 0xFC, 0xA9, 0x69, 0x67, 0x2A, 0xB1, 0x8E, 0xEB, 0xC1,
    0x5E, 0xDA, 0x64, 0x04, 0x34, 0x06, 0x39, 0x7E, 0x00, 0x53, 0xF2, 0x38, 0xF5, 0xB0, 0x7B, 0x92,
    0x7B, 0xE5, 0xAC, 0x17, 0x90, 0x4F, 0xDC, 0xBC, 0xC1, 0x9F, 0x9C, 0x78, 0x5E, 0xD9, 0xD7, 0x37,
    0x90, 0xD8, 0x97, 0xB0, 0x96, 0xE0, 0x0E, 0x5F, 0x09, 0x0F, 0x48, 0xA3, 0xBF, 0xD1, 0x10, 0xE6,
    0x6D, 0xFA, 0x6B, 0xE2, 0xE9, 0x39, 0xAA, 0x34, 0x53, 0xB3, 0xE5, 0x2A, 0xF3, 0x16, 0x15, 0x2C,
    0x8A, 0x3D, 0xA2, 0x85, 0x09, 0x4A, 0x12, 0x2C, 0x8A, 0x72, 0x04, 0x99, 0x38, 0x42, 0x82, 0x1B,
    0x88, 0xF4, 0x08, 0xDA, 0x7A, 0xC6, 0xF7, 0x8D, 0x9B, 0x03, 0x7A, 0x29, 0xA2, 0x49, 0x8B, 0x19,
    0x78, 0xF3, 0x75, 0x28, 0xA8, 0x46, 0xE2, 0xC0, 0x6A, 0xD9, 0x9A, 0x40, 0x16, 0xD8, 0x16, 0x98,
    0xF9, 0x2A, 0xCD, 0x76, 0x95, 0x8E, 0x72, 0x55, 0x51, 0x94, 0xCF, 0x15, 0xC0, 0x33, 0x90, 0x71,
    0x4D, 0x00, 0xEC, 0x45, 0xD6, 0x87, 0xEE, 0x69, 0xD7, 0x41, 0x56, 0x57, 0x80, 0xDC, 0x14, 0x5F,
    0x93, 0xB0, 0x38, 0x09, 0xDC, 0xEF, 0xCB, 0x0A, 0x70, 0x91, 0x11, 0x08, 0xB3, 0x16, 0x11, 0x99,
    0x73, 0xBF, 0x8F, 0x16, 0x8C, 0x4B, 0xDA, 0xF9, 0xFE, 0x44, 0xBF, 0xA5, 0x28, 0xF4, 0x25, 0x18,
    0x6A, 0x86, 0x7D, 0x01, 0x07, 0x64, 0x88, 0xD8, 0x77, 0x1A, 0xDA, 0x84, 0x08, 0x87, 0x5A, 0x18,
    0x60, 0x2B, 0x48, 0x52, 0xD2, 0xC6, 0x8D, 0x61, 0x8A, 0x6E, 0x02, 0xB2, 0xBB, 0xCA, 0x04, 0x35,
    0xC5, 0x21, 0x9C, 0x83, 0xE6, 0x1B, 0xD4, 0xDF, 0x61, 0x86, 0xD1, 0x94, 0x4E, 0x57, 0x23, 0x0D,
    0x89, 0x87, 0x85, 0x21, 0xE7, 0xC0, 0x63, 0x38, 0xD1, 0x37, 0xB0, 0x3E, 0x84, 0x9A, 0xD5, 0x96,
    0xBB, 0x7E, 0xC7, 0x2A, 0x51, 0x40, 0x75, 0xCD, 0x36, 0xB7, 0x48, 0x48, 0x62, 0x92, 0xB0, 0x50,
    0xEB, 0x6C, 0x12, 0x56, 0x47, 0xD4, 0x38, 0x13, 0xC9, 0x31, 0x22, 0x21, 0x0C, 0x20, 0x71, 0xC3,
    0xC4, 0x08, 0x50, 0x79, 0xA1, 0x64, 0x9C, 0x41, 0xC9, 0xEB, 0xE5, 0xD3, 0x8D, 0x3D, 0x1A, 0xDD,
    0xC3, 0x3C, 0x68, 0x8F, 0x61, 0x45, 0xE8, 0x64, 0xF7, 0x6C, 0xB4, 0x10, 0xD4, 0x5C, 0x2A, 0x83,
    0x37, 0x0C, 0xC3, 0x6F, 0xD0, 0x24, 0x00, 0x5D, 0xFD, 0x69, 0xBB, 0x8B, 0x66, 0x54, 0x2A, 0x30,
    0x69, 0xD2, 0x6B, 0x59, 0x04, 0xDD, 0x9F, 0x6C, 0xEF, 0xB5, 0xD1, 0x0B, 0xCF, 0x97, 0x6D, 0xE8,
    0x6C, 0xD9, 0x06, 0xB5, 0x65, 0xDD, 0xC6, 0xE7, 0x50, 0x5C, 0xF7, 0x20, 0x78, 0x37, 0xB5, 0x91,
    0xBB, 0x52, 0x5B, 0x7A, 0x24, 0x8A, 0x27, 0xF8, 0x41, 0xE2, 0x46, 0x8C, 0x54, 0xC7, 0xCA, 0x2E,
    0x3E, 0x19, 0x2F, 0x34, 0x38, 0xA2, 0x85, 0xD2, 0x37, 0xBE, 0xE1, 0xD4, 0x97, 0x1D, 0x78, 0xF6,
    0x14, 0x16, 0x59, 0x53, 0xB9, 0x8B, 0xAE, 0x06, 0x7C, 0x03, 0x8E, 0xD7, 0xAF, 0x47, 0xE2, 0x26,
    0x80, 0x69, 0xE0, 0xDA, 0x87, 0x94, 0x02, 0xC1, 0xD1, 0xF0, 0xAB, 0x61, 0x85, 0x11, 0x23, 0x73,
    0x73, 0xE6, 0xDF, 0xFD, 0xDF, 0x4A, 0x8A, 0xE3, 0x8B, 0xB0, 0x58, 0x00, 0xBA, 0x33, 0xFB, 0x36,
    0xC4, 0xAA, 0x47, 0xC4, 0x2B, 0xA1, 0x4B, 0x95, 0x62, 0xD9, 0x80, 0x4E, 0x5C, 0xB1, 0x76, 0x52,
    0xCF, 0x61, 0xAC, 0xD1, 0x68, 0x97, 0x35, 0xB9, 0x3F, 0x43, 0x8D, 0xBB, 0x0B, 0x6A, 0xD5, 0x72,
    0x97, 0x86, 0xDB, 0x1E, 0x49, 0xCF, 0x3B, 0x52, 0x02, 0x00, 0x76, 0xD1, 0xB2, 0x84, 0xE5, 0x66,
    0xC0, 0xE2, 0x88, 0x9B, 0x32, 0x52, 0x90, 0x3F, 0x26, 0x78, 0xCF, 0x10, 0x33, 0x10, 0x91, 0xCB,
    0xE9, 0x44, 0xA2, 0x05, 0x8E, 0x50, 0x18, 0xB9, 0xC7, 0x6B, 0x2A, 0xD9, 0x70, 0x98, 0x87, 0xB9,
    0x8E, 0x69, 0x1E, 0xE8, 0xA8, 0x2C, 0x65, 0x0C, 0x75, 0x86, 0xBA, 0xC3, 0x8D, 0x21, 0x62, 0x33,
    0xA1, 0x99, 0x07, 0x49, 0xEB, 0x2A, 0xB8, 0x3D, 0x4A, 0x56, 0x36, 0xC1, 0xC1, 0x24, 0x5B, 0x65,
    0x13, 0x1E, 0xCC, 0x72, 0x16, 0x97, 0xFF, 0x38, 0xD9, 0x43, 0x12, 0xB5, 0x0E, 0x1D, 0x46, 0x13,
    0x59, 0x57, 0xF4, 0xB8, 0x74, 0xF5, 0x65, 0xCB, 0x4B, 0xB9, 0xAF, 0x97, 0x7C, 0xBF, 0xC3, 0xA5,
    0xCD, 0xFF, 0xD1, 0xF0, 0x92, 0xDD, 0xD1, 0x4B, 0x82, 0x2D, 0x1B, 0x83, 0x4B, 0x91, 0xB7, 0x71,
    0x1B, 0x53, 0x74, 0x37, 0x9B, 0x19, 0x49, 0xD8, 0xCD, 0x11, 0xF2, 0xEA, 0xBC, 0x60, 0x6B, 0xE2,
    0xE0, 0x85, 0xF0, 0x80, 0x1E, 0x34, 0x80, 0xDB, 0x95, 0x9A, 0x43, 0xD0, 0x67, 0xDC, 0x76, 0x34,
    0xC8, 0x2D, 0xA5, 0xBD, 0x63, 0x6F, 0xD7, 0x97, 0x0D, 0x69, 0xDE, 0x6D, 0x01, 0x39, 0x53, 0x0B,
    0x6A, 0x93, 0x81, 0xD4, 0x8C, 0x67, 0x41, 0xA3, 0x89, 0x34, 0x74, 0xA4, 0xE2, 0xAE, 0x11, 0x57,
    0xEB, 0x89, 0x34, 0x9F, 0x58, 0xFF, 0x66, 0x23, 0x5B, 0xB5, 0x84, 0x14, 0x85, 0x10, 0xB7, 0x0E,
    0x0A, 0x46, 0xD9, 0x4D, 0x0F, 0xFB, 0x15, 0x54, 0x77, 0x05, 0x99, 0x0B, 0xE0, 0x07, 0x1C, 0x06,
    0xFA, 0x69, 0x80, 0xF0, 0x4F, 0x58, 0x2B, 0x52, 0xCB, 0x81, 0x22, 0xA6, 0x1E, 0x48, 0x67, 0x3E,
    0xE3, 0x9F, 0xC7, 0xFA, 0x80, 0x74, 0xD4, 0x34, 0x58, 0x24, 0xE3, 0x8B, 0x5F, 0xD7, 0xE4, 0x4D,
    0x40, 0xF4, 0x6D, 0x98, 0xA2, 0xA1, 0xC2, 0x46, 0xE0, 0x7E, 0x03, 0x6B, 0xD4, 0x0D, 0xC0, 0xAB,
    0x6E, 0x88, 0xD1, 0x47, 0xA4, 0x22, 0x78, 0x57, 0x04, 0xF9, 0x8A, 0xA8, 0x78, 0x95, 0xFE, 0x7B,
    0x75, 0x78, 0xB0, 0x03, 0xB0, 0x60, 0xF2, 0x60, 0xE1, 0x11, 0xE3, 0xE4, 0x4A, 0xB6, 0xE2, 0x48,
    0x36, 0xB2, 0xA5, 0xB2, 0x65, 0x5E, 0xB6, 0x6E, 0xE1, 0xFB, 0x21, 0x52, 0x91, 0xEA, 0x93, 0xB1,
    0xBE, 0x95, 0xA8, 0x76, 0xF8, 0xFA, 0x4C, 0x47, 0x65, 0xDC, 0x6B, 0x0E, 0x67, 0x5E, 0x64, 0xA1,
    0xC9, 0x82, 0x03, 0x12, 0xCA, 0x93, 0xF1, 0x90, 0x28, 0x8F, 0x3F, 0x6F, 0x94, 0x8B, 0x46, 0x2B,
    0x39, 0xAD, 0x4C, 0xEA, 0x8D, 0x6C, 0xC0, 0xB0, 0xB8, 0x0E, 0x10, 0xA2, 0x0A, 0x98, 0xBB, 0x50,
    0x89, 0x8B, 0x17, 0x1D, 0x34, 0xD5, 0xB2, 0x27, 0xD7, 0xE0, 0xD3, 0xCA, 0xE1, 0xEA, 0xB4, 0x5E,
    0xD1, 0xFD, 0x50, 0x43, 0xF0, 0xBC, 0xDE, 0x79, 0xCA, 0xA9, 0x36, 0x54, 0xD2, 0xC2, 0xF7, 0x01,
    0x25, 0x43, 0xAD, 0xCA, 0x0F, 0xE1, 0xF9, 0xC0, 0x33, 0x94, 0x0E, 0x63, 0x88, 0x34, 0x94, 0xB1,
    0xE6, 0x45, 0xD1, 0x7F, 0x98, 0xDA, 0xAC, 0x31, 0x70, 0x66, 0x60, 0x27, 0xFA, 0x6E, 0x6E, 0x81,
    0x0E, 0x17, 0xF1, 0x77, 0xF3, 0x78, 0x23, 0xAF, 0x45, 0x16, 0x6A, 0xC4, 0x22, 0xEE, 0xEB, 0x0A,
    0x0D, 0x44, 0x91, 0x76, 0xF5, 0x95, 0x7A, 0x69, 0xE4, 0x5B, 0xC6, 0x2B, 0x57, 0x87, 0x65, 0xB3,
    0xD6, 0x5D, 0x9F, 0x32, 0xEC, 0x7D, 0x0D, 0xC9, 0xBE, 0xDA, 0xDA, 0x12, 0x75, 0xD9, 0xFF, 0x27,
    0x7E, 0x17, 0x43, 0x96, 0x4C, 0x45, 0x35, 0x23, 0x82, 0x08, 0xD1, 0x79, 0x8A, 0x6A, 0x1E, 0x16,
    0x01, 0x62, 0xC1, 0x22, 0xF1, 0x8A, 0x1A, 0xA5, 0xB1, 0xD2, 0x64, 0x63, 0xA0, 0x50, 0x84, 0x1A,
    0x9F, 0x50, 0xBA, 0xA5, 0xF4, 0x07, 0x4A, 0x7F, 0x49, 0x1A, 0x1C, 0x90, 0x46, 0x7F, 0x64, 0x9B,
    0x96, 0xEC, 0x0F, 0x94, 0xFA, 0xFC, 0x04, 0xD8, 0x46, 0x68, 0xB2, 0x97, 0x37, 0xAC, 0x19, 0xAD,
    0x41, 0xEE, 0x70, 0x16, 0x7A, 0x60, 0x99, 0x79, 0x49, 0xAB, 0xF1, 0x3D, 0xA5, 0x9A, 0x20, 0x03,
    0xB5, 0x0E, 0x4F, 0x53, 0x1C, 0x50, 0x40, 0xF3, 0x39, 0x8B, 0xFB, 0x8E, 0x30, 0x99, 0x5B, 0x1A,
    0x3F, 0xB3, 0x19, 0x0B, 0xDD, 0x9E, 0x55, 0x60, 0x32, 0xB0, 0x1E, 0x8C, 0xC7, 0x3D, 0xFA, 0xC9,
    0x48, 0x6F, 0x89, 0xB4, 0xD6, 0xD2, 0x16, 0x64, 0xC1, 0x3C, 0xF1, 0xFE, 0xF1, 0xBC, 0x3A, 0x91,
    0xFD, 0xCC, 0x4F, 0x85, 0x5D, 0x84, 0xCD, 0x2C, 0x80, 0x21, 0x9E, 0x0B, 0xE6, 0x2D, 0xD4, 0xF2,
    0xEA, 0x81, 0x05, 0xD4, 0x40, 0x11, 0x09, 0xA7, 0xF4, 0x4B, 0x2A, 0x0E, 0x1A, 0xA0, 0xCA, 0x0B,
    0x94, 0x1F, 0x3B, 0xEA, 0x3D, 0xC0, 0x2E, 0xF5, 0x2B, 0x07, 0x7E, 0x01, 0xC0, 0x5B, 0x40, 0x2F,
    0x76, 0x76, 0x3B, 0xEE, 0x32, 0x36, 0xCE, 0xBA, 0xA1, 0xDE, 0x67, 0x19, 0x6C, 0xFB, 0x72, 0x9F,
    0x9D, 0xF3, 0xFB, 0x36, 0xBF, 0x81, 0xED, 0x93, 0x3B, 0x5D, 0xF6, 0xAF, 0x86, 0xBE, 0xDA, 0xA6,
    0xB4, 0x83, 0x61, 0x0D, 0xA6, 0xDC, 0x56, 0xCB, 0x55, 0x8B, 0x6E, 0x80, 0x76, 0xCA, 0x5A, 0x9B,
    0x14, 0x5F, 0x85, 0x87, 0xAA, 0x05, 0xED, 0x44, 0xB5, 0x07, 0xEF, 0x29, 0x79, 0x32, 0x5E, 0xA4,
    0xB4, 0x5A, 0x2D, 0x7A, 0x39, 0xC5, 0xCB, 0x49, 0x87, 0x97, 0x40, 0xEF, 0x47, 0xEF, 0xD1, 0x83,
    0x93, 0x7D, 0x8D, 0x22, 0xA6, 0x5C, 0xB9, 0xC6, 0x87, 0x82, 0x81, 0x40, 0x62, 0x80, 0x5B, 0x13,
    0xBC, 0x80, 0x3E, 0xAB, 0x94, 0x56, 0x49, 0xD8, 0x21, 0x5A, 0xEC, 0x0B, 0x3E, 0x90, 0x9E, 0xC0,
    0x10, 0x6C, 0x00, 0x7B, 0x44, 0xDA, 0x03, 0xC7, 0xAC, 0xAE, 0xDB, 0x54, 0xB5, 0xAF, 0x7A, 0xEF,
    0xF7, 0x54, 0xEF, 0x9B, 0x1A, 0xF7, 0xBA, 0xAE, 0xEE, 0xA1, 0xC5, 0x9A, 0x2A, 0x23, 0xDA, 0x15,
    0x52, 0xD4, 0x71, 0x89, 0x55, 0xAD, 0x71, 0x52, 0x94, 0x14, 0x55, 0x86, 0x1C, 0x0E, 0xAD, 0x27,
    0xD3, 0x72, 0x5E, 0xE4, 0xAB, 0x63, 0x9A, 0x4F, 0x9D, 0xD7, 0xCC, 0xE2, 0xDB, 0x4F, 0xED, 0x20,
    0xB4, 0x23, 0x40, 0x87, 0x10, 0xF0, 0xA5, 0x18, 0xED, 0x15, 0x4F, 0xA7, 0x80, 0x21, 0x88, 0xCE,
    0x17, 0xEA, 0x8A, 0x27, 0x70, 0x85, 0x92, 0x94, 0x36, 0xAB, 0xD2, 0x5B, 0x04, 0x5E, 0x74, 0x28,
    0xD9, 0x5D, 0xA3, 0x5D, 0xCE, 0x82, 0x96, 0xD1, 0xDC, 0x7F, 0x94, 0x9B, 0x03, 0x18, 0x36, 0x6B,
    0xDF, 0xC1, 0xA3, 0x13, 0xDA, 0x85, 0x2D, 0x28, 0x1B, 0x31, 0x5A, 0x2A, 0xE2, 0x19, 0xD5, 0xB0,
    0xF4, 0x4F, 0xD3, 0x72, 0x60, 0x92, 0x2F, 0x8D, 0x4A, 0xBA, 0xF1, 0x02, 0xCF, 0x60, 0xD6, 0x2F,
    0x8C, 0xCB, 0x0B, 0xD7, 0x96, 0x83, 0x98, 0x5C, 0xFC, 0xEA, 0x29, 0xDC, 0x84, 0xE3, 0x44, 0xFD,
    0x20, 0x66, 0x2A, 0x8E, 0x7A, 0x3D, 0x8A, 0x65, 0x1C, 0x1D, 0x76, 0xC8, 0xE6, 0x60, 0xB5, 0xA0,
    0x83, 0x6D, 0x82, 0x6F, 0x54, 0x24, 0xF1, 0x50, 0x4B, 0x74, 0xC8, 0xC0, 0xDB, 0x94, 0x00, 0xB8,
    0x07, 0xF8, 0x48, 0x6C, 0xD1, 0x29, 0xA1, 0xB3, 0x56, 0x59, 0x4B, 0x9E, 0x89, 0x7D, 0xF1, 0xA8,
    0x7B, 0x81, 0x6A, 0xFB, 0x5A, 0xEB, 0xF0, 0xC7, 0x84, 0xFD, 0x5A, 0x62, 0x21, 0x03, 0x5A, 0x4C,
    0xD9, 0x1E, 0xBE, 0xE7, 0xCF, 0x03, 0xE3, 0x29, 0x65, 0xB2, 0x43, 0x1C, 0x21, 0x78, 0x01, 0x38,
    0xCC, 0x3E, 0x08, 0x1B, 0x92, 0x2D, 0xE6, 0xA1, 0xAF, 0x90, 0xBC, 0x84, 0x3F, 0xAB, 0x03, 0xDE,
    0xFB, 0x1B, 0x5C, 0xF3, 0xC6, 0xFE, 0x04, 0x73, 0xBD, 0xE2, 0x5A, 0x33, 0x05, 0x73, 0x51, 0xAF,
    0x8E, 0x3A, 0xE4, 0x34, 0x89, 0xB9, 0x8B, 0x68, 0x6A, 0xE8, 0x4F, 0x83, 0xCF, 0x1E, 0xE6, 0x88,
    0x7B, 0x24, 0xF5, 0xF8, 0xFD, 0x16, 0x78, 0x7A, 0xD0, 0xA0, 0xD9, 0x3E, 0xA8, 0xCA, 0x26, 0xBE,
    0x53, 0x20, 0xFB, 0xBD, 0xC7, 0x14, 0xF8, 0x6F, 0xA2, 0xFF, 0xA4, 0x0D, 0x0B, 0x4B, 0x98, 0x91,
    0x01, 0x3F, 0xA5, 0xDA, 0x03, 0x75, 0x7A, 0x10, 0x4B, 0xC6, 0xC9, 0x77, 0x91, 0x4C, 0xDB, 0x68,
    0x81, 0xD0, 0xE6, 0xE1, 0x53, 0xA2, 0xAB, 0xAB, 0x9B, 0xA3, 0xFE, 0xB2, 0x5E, 0x66, 0xDE, 0x1A,
    0xC4, 0xE2, 0x76, 0x15, 0xB3, 0xB9, 0xA9, 0xB5, 0x4D, 0xA1, 0x22, 0xD9, 0x7E, 0x68, 0x5B, 0xEF,
    0x5B, 0xCC, 0xE3, 0x64, 0x1B, 0x7D, 0x9D, 0xEA, 0x25, 0x39, 0xD2, 0x4B, 0xAB, 0x7A, 0x49, 0x17,
    0xBD, 0x00, 0xDB, 0x8F, 0xF4, 0x32, 0x50, 0x2F, 0xC3, 0x5A, 0x2F, 0x23, 0xF4, 0x72, 0x7E, 0xD1,
    0x8B, 0x64, 0x0B, 0xA7, 0x03, 0x5E, 0x43, 0x91, 0xC4, 0x4F, 0xD9, 0x94, 0x55, 0xFD, 0x9A, 0xD3,
    0xCE, 0xC8, 0x1D, 0x1E, 0x71, 0x9B, 0xDB, 0xB8, 0x60, 0x79, 0x1F, 0xA3, 0x4A, 0x08, 0x78, 0x04,
    0xA2, 0x71, 0xA5, 0x87, 0x1B, 0x66, 0x82, 0xFB, 0x30, 0x51, 0xB1, 0x82, 0x2F, 0x96, 0x73, 0x21,
    0x3D, 0xB8, 0x71, 0xCC, 0xDC, 0xDA, 0xBC, 0x75, 0xCB, 0xBD, 0xA5, 0x17, 0x6B, 0x1F, 0x4A, 0x9A,
    0xE3, 0xA4, 0x5A, 0xDC, 0x58, 0x03, 0xE0, 0xF1, 0xBD, 0x55, 0xD4, 0x96, 0xBA, 0xA6, 0x62, 0x42,
    0x76, 0xB8, 0x43, 0x8D, 0xD0, 0x51, 0xA8, 0x0F, 0xBA, 0x09, 0xCF, 0xC0, 0x6A, 0x68, 0xA4, 0x86,
    0x2E, 0xA8, 0x0A, 0x6A, 0xA2, 0xAE, 0x7E, 0x31, 0x94, 0xD0, 0x43, 0x7E, 0xE3, 0x1D, 0xE0, 0xE2,
    0x33, 0xBD, 0x99, 0x62, 0xCB, 0xF3, 0xB4, 0xAC, 0x4A, 0xDB, 0x12, 0xF5, 0x60, 0xF9, 0x2A, 0x3D,
    0x7A, 0xF0, 0x27, 0x3A, 0x74, 0x8D, 0x7A, 0x54, 0x6C, 0xBA, 0x8F, 0xCF, 0x78, 0x12, 0x23, 0x31,
    0x0D, 0xC8, 0xD9, 0xA6, 0x47, 0x28, 0xC7, 0x7D, 0x4F, 0x62, 0xE9, 0x3D, 0x1D, 0xC8, 0x41, 0x43,
    0x72, 0x1D, 0xE4, 0xF6, 0x65, 0x78, 0xCA, 0xBF, 0xCE, 0x81, 0xBC, 0x17, 0x22, 0x2F, 0xCC, 0x24,
    0x53, 0x38, 0x9F, 0x4A, 0x50, 0xE3, 0xA2, 0x46, 0x84, 0x81, 0x10, 0xE7, 0x4C, 0x9C, 0x33, 0xA9,
    0xC6, 0xBC, 0x4A, 0xD5, 0x93, 0x81, 0x6F, 0x4E, 0xCC, 0xA3, 0x1C, 0xE3, 0x32, 0xCC, 0xE6, 0x98,
    0x5B, 0xE3, 0x5A, 0x9E, 0x9F, 0xF3, 0xE8, 0xBA, 0xD5, 0x63, 0x6E, 0x3D, 0xC6, 0xD6, 0x9F, 0xA0,
    0xAE, 0xF0, 0x6D, 0x04, 0xC7, 0x4A, 0x1F, 0x02, 0x56, 0x1E, 0x0D, 0x2A, 0x06, 0x67, 0x2E, 0x9F,
    0xB8, 0x28, 0xF9, 0xC0, 0x65, 0xB2, 0x95, 0x0E, 0xD6, 0x71, 0x13, 0xDD, 0x37, 0x78, 0x10, 0xFE,
    0xA6, 0x07, 0x27, 0xB1, 0x27, 0x81, 0xFE, 0x66, 0x19, 0x4B, 0xEC, 0xDA, 0x78, 0x34, 0xA5, 0xF8,
    0xFC, 0x3E, 0xCF, 0xDD, 0xA1, 0x1B, 0x10, 0xA0, 0x8B, 0x7A, 0x4B, 0x62, 0xB5, 0x39, 0x24, 0x2E,
    0x59, 0x48, 0x00, 0x59, 0x6B, 0x95, 0x29, 0x5A, 0x1D, 0xBE, 0x6F, 0x8E, 0xD8, 0x8F, 0xFE, 0x68,
    0x24, 0xEB, 0x31, 0x37, 0xA8, 0xDC, 0x78, 0xAC, 0xDB, 0xC5, 0x3C, 0xFF, 0x76, 0x43, 0x86, 0xEE,
    0xA8, 0xF8, 0xEE, 0x50, 0xA2, 0x6F, 0x6B, 0xCC, 0xF0, 0xE6, 0x84, 0x56, 0xC1, 0x0C, 0x76, 0x3A,
    0x83, 0xCB, 0xAD, 0x6E, 0xFA, 0x3E, 0x2E, 0x1F, 0xB4, 0xA3, 0x2D, 0x2B, 0x73, 0x70, 0x7D, 0x04,
    0x3B, 0xE6, 0xF6, 0xE5, 0xA9, 0xE3, 0xE5, 0xDC, 0xDC, 0xA0, 0xFA, 0x76, 0xE1, 0x1D, 0x7F, 0x41,
    0x55, 0x57, 0xC4, 0x13, 0x92, 0x82, 0xFB, 0x6A, 0x3C, 0xF2, 0xC2, 0x43, 0x3D, 0xD6, 0xA3, 0x59,
    0x07, 0x8E, 0xB0, 0x8D, 0x93, 0xEF, 0x0E, 0xA8, 0xD7, 0xCD, 0xF0, 0x2B, 0x12, 0x94, 0x5F, 0xE6,
    0x16, 0xC9, 0x07, 0x2D, 0xDA, 0x1C, 0x9A, 0xDF, 0xDC, 0x56, 0x02, 0xF3, 0xC7, 0x2E, 0x58, 0x11,
    0xD4, 0xA5, 0xA7, 0x62, 0x80, 0x47, 0x0F, 0xC7, 0xAA, 0x77, 0x79, 0xE4, 0x17, 0xB1, 0x49, 0x1F,
    0xCA, 0x8E, 0x47, 0x95, 0x3C, 0x02, 0x05, 0xE0, 0xC0, 0x77, 0xE3, 0xD1, 0xE9, 0xA4, 0x1F, 0xF3,
    0x1E, 0xBE, 0x6B, 0x51, 0x16, 0xDE, 0xC2, 0x37, 0x6C, 0x65, 0xEB, 0x9B, 0xB2, 0x6D, 0xA1, 0x92,
    0x1A, 0x1C, 0xC8, 0x37, 0xC7, 0x5F, 0xD7, 0x55, 0x34, 0x40, 0xAB, 0xE6, 0x10, 0x70, 0x83, 0x7D,
    0x57, 0xE4, 0x0E, 0x20, 0xD5, 0xB0, 0xBF, 0x03, 0x41, 0x05, 0x34, 0xF3, 0x70, 0x61, 0x62, 0x55,
    0x32, 0xBF, 0x38, 0xF1, 0xBC, 0x0C, 0xAA, 0xFC, 0x10, 0x31, 0xAC, 0xE7, 0x4D, 0x77, 0x13, 0x26,
    0x59, 0x25, 0x60, 0xF2, 0xE5, 0x7B, 0xB0, 0xF8, 0x38, 0xE6, 0x20, 0xCE, 0xD8, 0x0E, 0x7C, 0x65,
    0xD8, 0xC0, 0x9C, 0xF2, 0xBA, 0x62, 0xCE, 0x3B, 0x28, 0x8C, 0x10, 0x6D, 0xC0, 0x09, 0x85, 0xDA,
    0xF8, 0x2E, 0xF2, 0xA1, 0xAF, 0x62, 0xF4, 0xB0, 0x15, 0x16, 0x6C, 0xDD, 0x90, 0xF7, 0x2F, 0x0E,
    0x75, 0x6F, 0x86, 0xFF, 0x58, 0x48, 0x03, 0xB3, 0x34, 0x02, 0x31, 0x84, 0xA7, 0x31, 0x4C, 0xDC,
    0x7A, 0xCE, 0xBD, 0x1C, 0x79, 0xEA, 0xEC, 0xFD, 0xF4, 0x07, 0x80, 0xF0, 0x82, 0x3F, 0xD5, 0x45,
    0x8E, 0x4F, 0x59, 0x3D, 0xA1, 0x40, 0x91, 0xF1, 0x10, 0xD4, 0x57, 0xAB, 0xDC, 0x48, 0x3E, 0x8F,
    0x02, 0x1F, 0x0A, 0x11, 0x77, 0x0E, 0xCD, 0xC3, 0x12, 0xED, 0xB8, 0xE9, 0xFF, 0xD3, 0xC0, 0x43,
    0xC7, 0xC9, 0x9F, 0xFB, 0xE6, 0x40, 0x3A, 0x56, 0xB9, 0xEC, 0x1A, 0x98, 0xDE, 0x56, 0xD3, 0x3C,
    0x68, 0x4E, 0x29, 0x2C, 0x39, 0x6B, 0x39, 0x71, 0x1A, 0xCD, 0x22, 0xBC, 0x19, 0x7A, 0xFE, 0x14,
    0x1D, 0x27, 0x1A, 0xB1, 0xAF, 0x19, 0xE3, 0x1A, 0x24, 0x21, 0x79, 0xAC, 0x06, 0xEB, 0x5F, 0x22,
    0x39, 0x43, 0xCC, 0x78, 0x19, 0xD0, 0xD0, 0xBF, 0x09, 0x54, 0xE8, 0x2D, 0x12, 0x90, 0xEB, 0xDC,
    0xB7, 0xA0, 0x10, 0x67, 0x03, 0x30, 0xB8, 0x9B, 0x5A, 0xB4, 0xB7, 0x70, 0xBC, 0x6D, 0x4C, 0x6C,
    0xC3, 0xB9, 0xB7, 0xCC, 0x11, 0x5E, 0x08, 0x0C, 0x0A, 0xE0, 0x06, 0x21, 0xA6, 0x69, 0xD1, 0xD3,
    0x54, 0xEC, 0x0F, 0x22, 0x15, 0xB7, 0x45, 0x89, 0x15, 0xFC, 0xCC, 0x74, 0x6E, 0x8C, 0xC6, 0x64,
    0xD8, 0x26, 0xC5, 0xDB, 0xD1, 0x18, 0x2A, 0x15, 0x4F, 0x07, 0xA5, 0x50, 0x36, 0x69, 0x0C, 0xAA,
    0x2B, 0x0D, 0x51, 0x17, 0x63, 0x65, 0xD3, 0x60, 0x45, 0xAE, 0x39, 0x95, 0x53, 0xC9, 0x55, 0xFD,
    0xBA, 0x40, 0x0F, 0x00, 0x02, 0x5C, 0x60, 0x46, 0x34, 0x7C, 0x81, 0x7A, 0x44, 0x9A, 0xC0, 0x37,
    0xE5, 0xDB, 0x76, 0x69, 0xA5, 0xD2, 0x75, 0x81, 0xC5, 0x54, 0x16, 0xDE, 0x61, 0xDC, 0xFF, 0x81,
    0xFF, 0x20, 0x60, 0xF7, 0x93, 0x17, 0xF5, 0x3F, 0xE1, 0x3E, 0x70, 0xDB, 0xB4, 0x82, 0x01, 0xB3,
    0x2E, 0xEC, 0x1D, 0xD8, 0xD8, 0x1E, 0xE1, 0x20, 0x63, 0x30, 0x2D, 0xC2, 0xE1, 0x8E, 0x58, 0xB2,
    0x13, 0x8D, 0x51, 0x1B, 0x8D, 0x71, 0x13, 0x4D, 0x09, 0x1A, 0x80, 0x14, 0x7B, 0x5D, 0xF4, 0xC8,
    0xCC, 0x86, 0x4C, 0xAC, 0xFE, 0x77, 0x21, 0x43, 0x69, 0x9F, 0x5F, 0xE5, 0xFF, 0xF7, 0xFC, 0x59,
    0x3D, 0xB2, 0xB1, 0x5D, 0x66, 0x97, 0x54, 0x69, 0x95, 0xA2, 0x0E, 0x7C, 0x94, 0x75, 0x11, 0xEB,
    0x24, 0x2D, 0x80, 0x85, 0xBD, 0x82, 0x0D, 0x7A, 0xB4, 0xE7, 0x6D, 0xC4, 0xFF, 0xC4, 0xF2, 0xC0,
    0xB1, 0x4B, 0x78, 0xFA, 0xC9, 0x43, 0x29, 0x14, 0xF2, 0xC5, 0x26, 0xFC, 0xAC, 0xC1, 0x77, 0x0D,
    0x4E, 0xA9, 0xD5, 0x73, 0x1B, 0x3D, 0xAA, 0x3D, 0x06, 0x54, 0x1E, 0x93, 0xEC, 0xC6, 0xB8, 0xC5,
    0x43, 0x72, 0x14, 0x9E, 0xFA, 0xEF, 0xE2, 0x4A, 0xF9, 0x59, 0x7D, 0x8A, 0xB4, 0xC8, 0x36, 0x3F,
    0x40, 0xE0, 0xE3, 0x9F, 0x98, 0xA5, 0x85, 0x7C, 0xD4, 0x6D, 0x96, 0x63, 0xAB, 0x2A, 0x0C, 0xB9,
    0x42, 0x87, 0xFE, 0x37, 0x71, 0x97, 0x4D, 0x2F, 0xBB, 0xF1, 0x02, 0x77, 0xE0, 0xBF, 0xEB, 0x11,
    0xCC, 0xC7, 0x06, 0x01, 0x6C, 0xF4, 0x69, 0x18, 0x3E, 0xFB, 0x61, 0xD1, 0x23, 0xAB, 0xF7, 0x3C,
    0x58, 0x3E, 0x7B, 0xA2, 0xD6, 0xB4, 0xF1, 0x5F, 0xCD, 0x5A, 0xBF, 0x8F, 0x1D, 0x57, 0x15, 0x3E,
    0x33, 0x63, 0x7B, 0x44, 0x46, 0xD6, 0x75, 0x11, 0x29, 0x08, 0x13, 0x4F, 0x4A, 0x0A, 0xE2, 0xF9,
    0x03, 0xB0, 0xF7, 0x8E, 0x95, 0x22, 0x05, 0x12, 0x4A, 0x8A, 0xD0, 0x44, 0x90, 0x14, 0x29, 0x90,
    0x40, 0xDA, 0x06, 0x84, 0x85, 0xBC, 0x9E, 0x31, 0x11, 0xA4, 0xC4, 0x50, 0xD0, 0x50, 0xD0, 0x53,
    0xA5, 0xB0, 0x90, 0x8B, 0x5D, 0xCF, 0x38, 0x5B, 0xA4, 0x70, 0xC1, 0x38, 0x41, 0x72, 0x41, 0x91,
    0x21, 0x36, 0x29, 0x08, 0xC2, 0x43, 0x3C, 0x66, 0xC7, 0xDA, 0x99, 0xB9, 0x7C, 0xDF, 0xB9, 0xEF,
    0xED, 0xBE, 0x35, 0x32, 0x05, 0xF6, 0xC6, 0x7E, 0x6F, 0xEE, 0x37, 0xFB, 0xE6, 0xCD, 0xBB, 0xE7,
    0xDC, 0x73, 0xCF, 0xEF, 0xD9, 0xB0, 0x37, 0x23, 0xDF, 0x51, 0x27, 0x12, 0xB6, 0x61, 0x1B, 0x2D,
    0xDE, 0x71, 0x97, 0xE0, 0x6D, 0xF0, 0xCE, 0x3A, 0x8B, 0x77, 0x5A, 0x8B, 0xBC, 0x2D, 0x22, 0x9D,
    0x1F, 0xEB, 0x83, 0x84, 0xCE, 0xE5, 0xC6, 0xDD, 0xAD, 0xB3, 0x2F, 0x3E, 0x69, 0xEC, 0x6D, 0xD7,
    0x14, 0xDB, 0x9F, 0x94, 0xD5, 0x76, 0x29, 0xD5, 0x87, 0xB9, 0xB8, 0x1B, 0x22, 0x15, 0xC7, 0x9F,
    0x02, 0xB1, 0xFF, 0x4C, 0xCA, 0xCC, 0x55, 0x65, 0xE2, 0x66, 0x09, 0x5C, 0x2B, 0x72, 0x46, 0xFC,
    0x88, 0xDD, 0x65, 0x91, 0xC2, 0x71, 0xA6, 0xDF, 0xCC, 0x12, 0xCD, 0xE2, 0x24, 0x19, 0x03, 0x27,
    0x66, 0x0C, 0xB6, 0x00, 0xB8, 0x43, 0xA1, 0x02, 0x1D, 0x71, 0x84, 0x78, 0xC2, 0xC7, 0x88, 0xD7,
    0x82, 0x49, 0x4E, 0x88, 0xCC, 0xB2, 0x21, 0xB2, 0x26, 0x36, 0x97, 0x4C, 0x4C, 0x2D, 0xEB, 0x79,
    0x52, 0x27, 0x6E, 0x7A, 0xAB, 0xCE, 0x76, 0x71, 0xF7, 0x71, 0x39, 0xC6, 0xDB, 0x17, 0xAF, 0x53,
    0x22, 0x57, 0xB3, 0xBB, 0xBB, 0xA3, 0x71, 0xAE, 0x8B, 0xA7, 0xA2, 0xC1, 0xD2, 0x5A, 0xD3, 0xED,
    0xBD, 0xF1, 0x77, 0xDA, 0x24, 0x53, 0x51, 0xE3, 0xFB, 0xD6, 0xDE, 0xFD, 0xBC, 0x3F, 0x2D, 0x01,
    0x57, 0x0A, 0xF6, 0x3A, 0x83, 0xA5, 0xB9, 0x2E, 0x75, 0x75, 0x32, 0x93, 0x6E, 0xE4, 0x24, 0xEC,
    0xB0, 0x90, 0x3C, 0x6A, 0xC0, 0x5B, 0x0D, 0xBA, 0x62, 0x9B, 0x14, 0xB7, 0x66, 0xDD, 0x1A, 0x38,
    0x76, 0x43, 0x35, 0x00, 0x27, 0x2C, 0x0B, 0xB7, 0x72, 0x8E, 0xD0, 0x35, 0xBC, 0xEE, 0xDC, 0xB0,
    0x40, 0x11, 0x57, 0x72, 0x6E, 0xAC, 0x68, 0x89, 0x81, 0x5E, 0xC9, 0x1C, 0xD7, 0x66, 0x89, 0xA6,
    0x36, 0x25, 0xDF, 0xE9, 0xEA, 0x3B, 0x5F, 0xAE, 0x26, 0xCB, 0x33, 0xE1, 0xDB, 0x1E, 0x78, 0xCB,
    0xC9, 0x99, 0xD2, 0x6A, 0xC2, 0xE9, 0xAD, 0x2E, 0xEA, 0xE3, 0x9E, 0x5B, 0x18, 0xF7, 0xE1, 0xE5,
    0x78, 0x26, 0x2B, 0x0D, 0x88, 0x4C, 0x72, 0xC4, 0xBA, 0xE6, 0x74, 0xEC, 0x06, 0x2B, 0xC5, 0x58,
    0xD4, 0xF1, 0x64, 0x1F, 0xC8, 0x94, 0xB9, 0xE6, 0x42, 0xEC, 0xC6, 0xAF, 0xE2, 0xB7, 0xB9, 0x24,
    0x0E, 0x0B, 0x2A, 0xDA, 0x20, 0x37, 0xAD, 0xCA, 0xA8, 0x35, 0x0D, 0x54, 0xA0, 0x8E, 0x29, 0xFF,
    0x6A, 0xF0, 0xD4, 0xCF, 0x0D, 0xC5, 0xF6, 0x54, 0x6D, 0x4F, 0xF8, 0x63, 0xC1, 0x50, 0xA2, 0xCB,
    0xC2, 0x4E, 0x95, 0x12, 0x4D, 0x92, 0xF6, 0x62, 0x9A, 0xEA, 0xD2, 0x28, 0xD9, 0x2B, 0xAE, 0xBF,
    0x28, 0x67, 0xCD, 0xDF, 0x36, 0x33, 0xD9, 0x4C, 0xF3, 0x0B, 0xA6, 0x04, 0xE1, 0x77, 0x4C, 0xD9,
    0x43, 0x52, 0x49, 0xBD, 0x40, 0x30, 0x9E, 0x94, 0x43, 0x86, 0x35, 0x97, 0x9B, 0x69, 0x7D, 0xDE,
    0xE4, 0x1B, 0x89, 0xEB, 0xB0, 0x1E, 0xC8, 0x04, 0x6A, 0xD0, 0x48, 0x38, 0x48, 0x3C, 0xBF, 0xBE,
    0x0E, 0xC5, 0x51, 0x25, 0x00, 0xAD, 0x3B, 0x9E, 0x68, 0xE0, 0xB6, 0xF0, 0x01, 0xE4, 0x6E, 0x8E,
    0x62, 0xCF, 0x61, 0x84, 0x18, 0x50, 0x8F, 0x22, 0xDE, 0x14, 0x9B, 0x60, 0x7C, 0x6F, 0x2B, 0xCF,
    0xC6, 0xAA, 0x4E, 0x5A, 0x10, 0xFA, 0x8A, 0xBC, 0x24, 0xA7, 0xB1, 0xA7, 0x9B, 0x71, 0x1B, 0x0F,
    0x59, 0x9D, 0xFD, 0xCB, 0xE5, 0xC5, 0xF6, 0x2C, 0xD5, 0x36, 0x7E, 0xF3, 0x29, 0x14, 0xAF, 0x2B,
    0xCA, 0x70, 0xC4, 0x66, 0x6E, 0x44, 0x2D, 0x94, 0xA5, 0x93, 0x23, 0x7E, 0x39, 0x6E, 0x31, 0xB0,
    0x2D, 0xCB, 0x91, 0xFB, 0x21, 0xAA, 0xCC, 0x09, 0x36, 0xEB, 0x94, 0x14, 0x62, 0xBF, 0x93, 0xE5,
    0xF6, 0xB8, 0xCD, 0xED, 0xF3, 0xAE, 0xB4, 0x5F, 0x2F, 0x72, 0xFB, 0x62, 0x26, 0x2F, 0x26, 0xDF,
    0x57, 0xC1, 0x04, 0xD5, 0x65, 0xE8, 0x51, 0x53, 0xE9, 0x41, 0x61, 0x4D, 0xD8, 0xE3, 0x7C, 0x23,
    0x2D, 0x37, 0x4D, 0x79, 0x31, 0x2D, 0x2D, 0xA8, 0x43, 0x7A, 0xA6, 0x59, 0x19, 0x35, 0x74, 0xC1,
    0xB5, 0xCB, 0xC1, 0xCF, 0x92, 0xAE, 0x8C, 0xC5, 0xCB, 0x3A, 0xD7, 0x2C, 0xC7, 0x31, 0x07, 0x23,
    0xEB, 0x2E, 0xBE, 0x39, 0x6C, 0x45, 0xC3, 0xC5, 0x08, 0x22, 0xEB, 0x38, 0x93, 0x95, 0x60, 0x78,
    0x3E, 0x29, 0xCF, 0xD8, 0x3F, 0x8C, 0x30, 0x34, 0x1C, 0xFE, 0xB6, 0xB5, 0xB8, 0xB7, 0x51, 0x7F,
    0x04, 0xF7, 0xAC, 0x97, 0x82, 0xF9, 0x63, 0xD8, 0xE0, 0xB8, 0x11, 0x8E, 0x63, 0xDC, 0x57, 0xAE,
    0x4D, 0xA1, 0x2F, 0x7D, 0x38, 0x26, 0x63, 0xDA, 0xDA, 0xFC, 0x3C, 0xE8, 0x1C, 0x7D, 0x3B, 0xF8,
    0x81, 0x98, 0x3E, 0x1E, 0x25, 0xED, 0xC0, 0xEA, 0x12, 0x7A, 0xA8, 0xBC, 0x01, 0xC0, 0x78, 0x3C,
    0xD8, 0x66, 0x1F, 0x52, 0x40, 0x9D, 0x01, 0xEE, 0x57, 0x3D, 0x18, 0xDD, 0x71, 0xB5, 0xBD, 0x7B,
    0x73, 0xCE, 0x2D, 0xB9, 0xF7, 0xD0, 0xEC, 0x41, 0x4B, 0xB8, 0xBC, 0xB7, 0xAC, 0x93, 0x70, 0x26,
    0x81, 0xBB, 0x0D, 0x83, 0x73, 0xB7, 0x27, 0xD8, 0xCC, 0xC7, 0x03, 0xA4, 0x71, 0x6B, 0xC0, 0x2C,
    0x1E, 0xFA, 0x25, 0x7C, 0xB8, 0x0A, 0xA9, 0xBB, 0xD1, 0x43, 0xDC, 0x80, 0xD0, 0xDD, 0x80, 0xDD,
    0x65, 0x04, 0xEC, 0xEB, 0x12, 0xCC, 0x3E, 0x90, 0x1E, 0x45, 0xAA, 0x70, 0xC4, 0x60, 0x33, 0xCD,
    0xB5, 0xA5, 0xB7, 0x49, 0xF0, 0x65, 0xDA, 0xD8, 0xAE, 0xE8, 0xE1, 0xF3, 0x9A, 0xB0, 0x8E, 0x1A,
    0x78, 0x9D, 0x42, 0x8A, 0x6C, 0xCA, 0x7A, 0xB2, 0x09, 0xF5, 0x1A, 0x21, 0x2C, 0x3D, 0x06, 0x1E,
    0xD1, 0xDE, 0xD1, 0xF3, 0x28, 0x5C, 0x59, 0xD1, 0x84, 0x68, 0xF6, 0xC6, 0xF5, 0xE9, 0x07, 0xA3,
    0xCD, 0x27, 0x2B, 0xFE, 0x18, 0xA1, 0xA6, 0xD9, 0xAD, 0xDE, 0xB8, 0x36, 0x74, 0xF9, 0xF3, 0x52,
    0xCA, 0x59, 0xB8, 0x92, 0x34, 0x1F, 0xC1, 0x52, 0x85, 0x4D, 0xB0, 0x4D, 0xE8, 0x20, 0x50, 0x97,
    0x0C, 0x91, 0x4B, 0xFB, 0x04, 0x9F, 0x4D, 0x33, 0xC3, 0x10, 0x7A, 0xB9, 0x00, 0x67, 0x73, 0x62,
    0xDF, 0x9B, 0x81, 0x0B, 0x32, 0xCA, 0x13, 0xD4, 0x21, 0x18, 0x55, 0x23, 0xC1, 0x91, 0x60, 0x19,
    0x3C, 0x8D, 0xB2, 0xE0, 0x4F, 0x8D, 0xA7, 0xD3, 0x93, 0x69, 0xD2, 0x06, 0x5C, 0x66, 0xA5, 0xE5,
    0xC9, 0x8A, 0xAB, 0x71, 0xBA, 0x16, 0x7E, 0x52, 0x17, 0xEE, 0xD2, 0x18, 0xFF, 0xAA, 0xAE, 0xDC,
    0x76, 0x6F, 0x28, 0x90, 0xA4, 0x3D, 0xC3, 0x93, 0xA9, 0xAF, 0xF0, 0x94, 0x5D, 0x6A, 0xA9, 0x71,
    0x45, 0xE4, 0xE8, 0x96, 0xA6, 0x90, 0x27, 0x4E, 0x8C, 0x8B, 0x0C, 0x19, 0x7B, 0xDA, 0x68, 0xD5,
    0x69, 0xE9, 0x29, 0x2B, 0x3D, 0x4B, 0x9E, 0x97, 0x49, 0x4F, 0x81, 0x67, 0x29, 0xF2, 0xBC, 0x50,
    0xC8, 0xA0, 0x6E, 0xAE, 0x57, 0x2D, 0x79, 0xF9, 0xB6, 0x1B, 0x71, 0x2A, 0xD2, 0xDF, 0x4E, 0x38,
    0x8D, 0x99, 0xCC, 0x85, 0xFB, 0xF9, 0x90, 0x96, 0x13, 0x58, 0xEA, 0xF4, 0x97, 0xD0, 0xE4, 0xD8,
    0x13, 0x23, 0x3D, 0x4C, 0xBC, 0x71, 0x94, 0x6B, 0x0D, 0x5B, 0xC3, 0xAF, 0xCD, 0xDF, 0xAF, 0x51,
    0xF2, 0x19, 0xE2, 0x0B, 0xEE, 0x4A, 0xDD, 0x1C, 0x22, 0xB0, 0x80, 0x4A, 0xEA, 0x7A, 0x12, 0xA4,
    0x4B, 0xC0, 0x04, 0x19, 0xE6, 0xC6, 0xAF, 0x8F, 0xF2, 0x0A, 0x76, 0x1C, 0x8A, 0xCF, 0x3D, 0x87,
    0xF2, 0x8F, 0x1A, 0x54, 0xA2, 0x1E, 0x5A, 0x12, 0x4C, 0x71, 0x97, 0x76, 0x67, 0x83, 0xD1, 0x40,
    0x03, 0x36, 0xA2, 0x31, 0x2B, 0x77, 0xBA, 0x02, 0x01, 0x21, 0xBC, 0xD5, 0x9D, 0x9C, 0xF3, 0x29,
    0x7E, 0x0F, 0x4C, 0xE0, 0x4B, 0xF2, 0x12, 0xF5, 0x67, 0x78, 0x4A, 0xDA, 0xAB, 0xD4, 0x2E, 0x53,
    0xC3, 0x49, 0x70, 0x17, 0xF4, 0x54, 0x78, 0x35, 0x9A, 0xF4, 0x94, 0x34, 0x0C, 0x0D, 0x18, 0xBD,
    0x3F, 0xF3, 0x33, 0x5F, 0x21, 0x7C, 0x09, 0x43, 0x48, 0x44, 0x59, 0xE0, 0x7A, 0xD1, 0x41, 0x65,
    0x3A, 0x68, 0x70, 0x29, 0x29, 0xE4, 0x6B, 0xBB, 0x80, 0xA6, 0xD4, 0xD0, 0x9C, 0x6C, 0x1B, 0xB7,
    0x69, 0x6F, 0x60, 0x0F, 0x2E, 0x0F, 0xAA, 0x5E, 0x56, 0x5E, 0x3E, 0x4A, 0x45, 0x1A, 0xE9, 0x42,
    0x1F, 0x50, 0x8A, 0x56, 0x3F, 0x74, 0xFB, 0x37, 0x1D, 0x7D, 0x4D, 0x77, 0x48, 0xAF, 0xF8, 0x9F,
    0xAB, 0xBB, 0x0E, 0x76, 0xB9, 0xF4, 0xF0, 0x9E, 0x0A, 0xE0, 0xF6, 0xCC, 0x88, 0xFC, 0x81, 0xA3,
    0x1D, 0x78, 0x3C, 0xC7, 0xE9, 0x32, 0x8D, 0x55, 0xD4, 0x16, 0x46, 0xDA, 0xAA, 0x56, 0xAF, 0xD8,
    0xA8, 0x2B, 0x86, 0xB8, 0x7A, 0x4E, 0x0A, 0x4A, 0x58, 0x1B, 0x96, 0x01, 0xB6, 0xB1, 0x38, 0x58,
    0x51, 0x85, 0x50, 0xEE, 0x6A, 0x37, 0x07, 0x4E, 0x2D, 0xE1, 0x65, 0x65, 0x82, 0x73, 0x0A, 0x43,
    0x91, 0x30, 0x3E, 0xE0, 0xB5, 0xA6, 0xDC, 0x9E, 0x78, 0x06, 0x38, 0x8C, 0x55, 0x89, 0x53, 0x1F,
    0xF0, 0x95, 0xEE, 0xAC, 0xB4, 0xDA, 0x0C, 0xF3, 0xC7, 0x79, 0x9C, 0x3F, 0x6D, 0x0E, 0x03, 0x8D,
    0xB3, 0x91, 0xBB, 0x45, 0xF3, 0x7C, 0x8B, 0x33, 0x07, 0xC1, 0xF4, 0x8C, 0xEC, 0x6F, 0xD4, 0x51,
    0x4A, 0x66, 0x28, 0xE8, 0x33, 0x06, 0xCE, 0xE0, 0xE5, 0xF6, 0x6C, 0xE8, 0x9E, 0x4F, 0x58, 0x3C,
    0x75, 0xD2, 0x92, 0x61, 0x83, 0xD4, 0xFB, 0xB3, 0xFA, 0xF7, 0xD6, 0xFE, 0xF5, 0xAC, 0x7D, 0xFA,
    0xDC, 0x22, 0x8E, 0xCF, 0x9A, 0x73, 0xEA, 0xC9, 0x4D, 0x6F, 0x70, 0x76, 0x90, 0xB6, 0x9E, 0x76,
    0x46, 0xE2, 0x93, 0x7C, 0x8D, 0xD4, 0xD5, 0x8E, 0x92, 0xEB, 0x6A, 0x54, 0x26, 0x57, 0xC3, 0x4F,
    0x45, 0x5D, 0xB4, 0x05, 0xDD, 0x61, 0xC9, 0xC2, 0x82, 0x07, 0x32, 0xD1, 0xCA, 0x82, 0x8B, 0x77,
    0xC8, 0x46, 0x27, 0x23, 0xF9, 0xE8, 0x83, 0x81, 0x8C, 0x3C, 0x78, 0x73, 0x50, 0x4E, 0x5C, 0xAF,
    0xAC, 0xC0, 0x6F, 0x1E, 0xE3, 0xFD, 0x56, 0x33, 0xF6, 0x9B, 0x45, 0x89, 0x10, 0x98, 0x35, 0x06,
    0xC1, 0xA3, 0x61, 0x44, 0xAF, 0x31, 0xC9, 0x73, 0xB9, 0x46, 0xED, 0xA2, 0x79, 0x04, 0xF8, 0x98,
    0xDE, 0x49, 0xC4, 0xB5, 0x22, 0x99, 0x45, 0xA6, 0x95, 0x23, 0x84, 0x4C, 0xE4, 0x08, 0x5F, 0x1D,
    0x7B, 0x20, 0x8B, 0x5A, 0x22, 0xD0, 0x25, 0xAC, 0x93, 0x57, 0xFA, 0x76, 0xA3, 0x19, 0xDE, 0x83,
    0xE5, 0xCE, 0x19, 0xA6, 0xC5, 0x69, 0xBB, 0x0C, 0xCE, 0xA1, 0xDE, 0x9C, 0x96, 0x2B, 0x0E, 0x90,
    0x29, 0x75, 0x49, 0xA8, 0x21, 0x79, 0x4C, 0x83, 0x0F, 0x84, 0x84, 0x10, 0xE6, 0x3E, 0xD3, 0x5E,
    0x01, 0x4A, 0x88, 0x39, 0x78, 0x40, 0x3A, 0xAB, 0x00, 0x7F, 0x0C, 0x48, 0x6A, 0xD6, 0x1F, 0x75,
    0xE8, 0xDE, 0x28, 0x6A, 0xCB, 0x99, 0xAD, 0x4F, 0xFE, 0xD4, 0xCD, 0x26, 0xFD, 0x52, 0x97, 0x78,
    0x29, 0x54, 0x9B, 0xCC, 0xBF, 0x54, 0x36, 0x5E, 0x5E, 0x16, 0x0C, 0x11, 0xD5, 0xC5, 0xEC, 0x82,
    0x17, 0x26, 0xBE, 0xF2, 0x0D, 0xF9, 0xE6, 0x97, 0xC8, 0x46, 0x46, 0x92, 0x4C, 0x9E, 0x01, 0x93,
    0x96, 0x03, 0x5F, 0xFA, 0x7E, 0x48, 0x0C, 0xAD, 0x45, 0xBA, 0x37, 0x6B, 0xE5, 0x84, 0xC9, 0x75,
    0x23, 0x50, 0x76, 0xA5, 0x6E, 0x0A, 0xA0, 0xF1, 0xB8, 0xF8, 0xF0, 0x91, 0xFB, 0x23, 0xD8, 0x3F,
    0x94, 0x8A, 0xCB, 0x51, 0x6F, 0x69, 0xC9, 0x75, 0x85, 0xA5, 0x25, 0xD4, 0x0C, 0xFA, 0x3B, 0x2D,
    0x36, 0xF6, 0xB1, 0x26, 0x44, 0x4D, 0x58, 0x80, 0xFD, 0x2E, 0xDE, 0x1D, 0x4C, 0xB9, 0x75, 0x5C,
    0x8E, 0x3F, 0xE6, 0x84, 0xA6, 0xBE, 0x26, 0xF6, 0xAF, 0x4E, 0x47, 0x5A, 0x6E, 0xAD, 0x48, 0x1C,
    0x25, 0x10, 0x46, 0xA0, 0xDE, 0xA6, 0x7C, 0xC4, 0xC8, 0xF7, 0x46, 0x70, 0x60, 0x78, 0x0B, 0x64,
    0xEA, 0x40, 0x9E, 0x39, 0xB0, 0x79, 0x0F, 0xFC, 0x3E, 0xB6, 0xF8, 0xEE, 0x3A, 0xD2, 0x5D, 0xB8,
    0x92, 0x18, 0x37, 0xB9, 0x9A, 0xC2, 0xD6, 0x8D, 0xE5, 0x9C, 0x95, 0x2E, 0x02, 0xD9, 0x06, 0xD0,
    0xB6, 0xD8, 0x98, 0xDA, 0xA3, 0xBF, 0x02, 0x29, 0xB2, 0x62, 0xAC, 0x75, 0x4D, 0xC4, 0x50, 0xD7,
    0x14, 0x73, 0xC7, 0xF2, 0x8C, 0x35, 0xFF, 0x77, 0x31, 0xBF, 0xF7, 0x78, 0x40, 0xCD, 0xFE, 0xAF,
    0x51, 0xEA, 0xA1, 0xFB, 0x8C, 0x59, 0xD1, 0x5F, 0xA8, 0xE1, 0x81, 0xE6, 0x68, 0x07, 0xB4, 0xAB,
    0x8B, 0x1C, 0xF2, 0xE7, 0x1E, 0x18, 0x80, 0xD7, 0x02, 0x93, 0x4F, 0x74, 0x8C, 0x3B, 0x0E, 0x1E,
    0x4F, 0xEE, 0x2B, 0xF6, 0xAE, 0x24, 0x16, 0x35, 0xD1, 0xA2, 0xF8, 0x0B, 0xFA, 0x14, 0xB5, 0x79,
    0xD0, 0x99, 0x81, 0x18, 0x8F, 0x67, 0x81, 0xD1, 0x44, 0x0C, 0x1D, 0x51, 0x50, 0x48, 0xC2, 0x29,
    0x56, 0x13, 0xD1, 0x02, 0x91, 0x4C, 0x52, 0x16, 0xA5, 0x21, 0xE6, 0x89, 0x06, 0x88, 0x60, 0x2F,
    0xA6, 0x45, 0x9A, 0xC1, 0x25, 0xC3, 0x7E, 0x42, 0x13, 0xA8, 0xAF, 0x5D, 0xA6, 0x76, 0xFB, 0xC1,
    0x2F, 0xD4, 0x52, 0xD5, 0x52, 0x65, 0x03, 0xF7, 0xEB, 0xAA, 0x65, 0x07, 0x83, 0xFE, 0x70, 0xA0,
    0x9E, 0x21, 0xDF, 0xC0, 0x47, 0xFA, 0x48, 0x47, 0x77, 0x09, 0x84, 0xCC, 0x1E, 0x89, 0x33, 0xEF,
    0xF1, 0xF7, 0x83, 0x1F, 0x84, 0x11, 0xA8, 0x3F, 0x26, 0xC9, 0xF8, 0xC3, 0xD7, 0x75, 0x87, 0xE9,
    0x5C, 0xE5, 0xA4, 0x97, 0xA4, 0x5C, 0x55, 0xF2, 0xCA, 0xB8, 0x7A, 0x4E, 0xEF, 0x90, 0xC5, 0x27,
    0x0D, 0xAF, 0xC9, 0xD3, 0xE7, 0xD0, 0xA8, 0x94, 0xB4, 0x12, 0x14, 0x6D, 0x93, 0x44, 0x1A, 0x63,
    0x4D, 0x73, 0x11, 0x78, 0x5C, 0x9E, 0x7B, 0xEA, 0x1C, 0x86, 0xBD, 0x57, 0xB8, 0x37, 0xD9, 0x3D,
    0x2A, 0xB8, 0xCD, 0x47, 0x8E, 0x0D, 0x07, 0xB5, 0xF1, 0xA9, 0xF1, 0x96, 0xA8, 0x94, 0xB2, 0x4E,
    0xF3, 0x0E, 0x45, 0x3A, 0x87, 0x67, 0x82, 0xB7, 0x40, 0xF7, 0xF6, 0x0C, 0x76, 0x16, 0x8E, 0x7B,
    0x67, 0x92, 0x98, 0xD9, 0x0F, 0x53, 0x58, 0x0C, 0xFE, 0x9D, 0xEE, 0xC0, 0xA6, 0xAE, 0xCF, 0xF0,
    0x8E, 0x9B, 0x72, 0x44, 0xB3, 0xFF, 0xEA, 0x01, 0x22, 0x84, 0xD1, 0xDE, 0x4E, 0x71, 0x67, 0x7D,
    0xA2, 0x8F, 0x4A, 0x26, 0x12, 0x85, 0xCF, 0x61, 0xCB, 0xC1, 0xE5, 0xC6, 0x1B, 0xE3, 0x20, 0x93,
    0xAB, 0xD3, 0x3E, 0xEC, 0x89, 0x49, 0x43, 0x4C, 0x4B, 0xE2, 0x9A, 0x10, 0x47, 0xC6, 0x9A, 0xDD,
    0x2E, 0x60, 0x57, 0x12, 0x11, 0x03, 0x95, 0x54, 0x1E, 0x69, 0xBB, 0x0E, 0x96, 0x1A, 0xB9, 0x3F,
    0x17, 0x6C, 0xD6, 0x90, 0x48, 0xF6, 0xCB, 0x65, 0x03, 0x69, 0xAF, 0x4C, 0xD2, 0x9E, 0x22, 0x6E,
    0xF2, 0xF5, 0x93, 0x5A, 0xF1, 0xB1, 0xEE, 0xA0, 0x38, 0x59, 0x06, 0xBA, 0xD6, 0xE3, 0x82, 0xBD,
    0x91, 0x75, 0x57, 0xB2, 0xC4, 0x58, 0x31, 0x51, 0x34, 0x2B, 0x47, 0x3A, 0x52, 0xE6, 0xA7, 0x15,
    0xD7, 0x14, 0x7F, 0xA6, 0xF8, 0x47, 0x62, 0x70, 0x8F, 0x18, 0x7D, 0x0C, 0x9C, 0xCC, 0x36, 0x6A,
    0x75, 0xE7, 0x5E, 0x99, 0xE0, 0x2A, 0xA7, 0x18, 0xE2, 0x2A, 0xDA, 0x58, 0x73, 0x58, 0xCD, 0x55,
    0x83, 0xF9, 0xE1, 0xFA, 0xE9, 0xA2, 0xEC, 0xD7, 0x4F, 0x4F, 0x97, 0xC3, 0xA4, 0xDE, 0xCF, 0xA0,
    0x2B, 0x5F, 0x3F, 0x4D, 0xBE, 0x7E, 0x22, 0xE2, 0xFD, 0xB4, 0x39, 0xF4, 0x15, 0x89, 0xE9, 0xE9,
    0xA6, 0x3D, 0xC6, 0xAD, 0x7D, 0x66, 0xF6, 0x77, 0xA5, 0x3E, 0x8E, 0xDC, 0xFE, 0xFE, 0xDA, 0xFC,
    0xE1, 0xFD, 0x7D, 0x74, 0x2B, 0x9A, 0xCD, 0xD1, 0x9A, 0xDB, 0x50, 0x34, 0x69, 0xBE, 0x68, 0x45,
    0x63, 0xA5, 0x9B, 0xF4, 0x15, 0x63, 0x2F, 0x07, 0x5A, 0xD1, 0x7B, 0xED, 0xE7, 0x55, 0xFC, 0x5F,
    0xAD, 0x68, 0xB6, 0x34, 0x14, 0xB4, 0xB6, 0xF1, 0x75, 0x85, 0xF6, 0xB1, 0x35, 0x17, 0x73, 0xD7,
    0x2B, 0x04, 0xD0, 0x1A, 0x5E, 0x41, 0x4D, 0xF4, 0x00, 0xF0, 0x1A, 0x12, 0x66, 0xF7, 0x0B, 0x26,
    0x3C, 0x6C, 0x5E, 0x38, 0x98, 0xDE, 0x7E, 0x96, 0x67, 0xE9, 0x36, 0xAC, 0x16, 0x3B, 0x70, 0x1E,
    0x4C, 0xB3, 0x75, 0xDA, 0x78, 0x7E, 0x75, 0xD2, 0x56, 0xDD, 0xAC, 0xB9, 0x3F, 0x53, 0xCC, 0x46,
    0x1B, 0x4A, 0x0D, 0xFB, 0x24, 0xB6, 0xF1, 0x2D, 0x77, 0xAB, 0xED, 0x43, 0xAE, 0xD0, 0xDE, 0x54,
    0x5E, 0xB5, 0x26, 0xB2, 0xD7, 0xB5, 0x70, 0xA9, 0x35, 0xAD, 0xA8, 0x33, 0xA6, 0x26, 0x35, 0x57,
    0x8D, 0xEA, 0x34, 0x03, 0x7E, 0x70, 0xD9, 0x00, 0x6F, 0x74, 0x98, 0xA2, 0xB8, 0xD1, 0xAF, 0x23,
    0x4D, 0x79, 0x97, 0x77, 0x16, 0x52, 0xDD, 0xD1, 0xB6, 0x0D, 0x5E, 0x9A, 0x58, 0xBD, 0xA4, 0x0E,
    0xA1, 0xF0, 0x75, 0xA0, 0xCA, 0x6C, 0x55, 0x5D, 0x74, 0xC3, 0xF4, 0xEE, 0xA2, 0x5E, 0xD6, 0x27,
    0xBE, 0x1C, 0xB8, 0x70, 0x40, 0xA7, 0xD6, 0x87, 0x1F, 0x89, 0x36, 0xCC, 0x92, 0x29, 0xD5, 0xDE,
    0x29, 0xFC, 0x58, 0xCB, 0x0C, 0xB3, 0x66, 0xE9, 0x57, 0x67, 0x84, 0x35, 0xBA, 0xAD, 0x6F, 0x11,
    0x7E, 0x8A, 0x8F, 0xE5, 0x3D, 0x5E, 0xBB, 0x3D, 0x88, 0xBD, 0xB5, 0x3D, 0xE5, 0xA9, 0x7B, 0xD7,
    0x35, 0xF1, 0x14, 0xCC, 0x39, 0xAB, 0xBB, 0xA5, 0x4A, 0x50, 0x72, 0xA1, 0xB7, 0xAF, 0xBD, 0x38,
    0x7A, 0x18, 0x24, 0xD5, 0x35, 0x6A, 0x96, 0x93, 0xAA, 0x64, 0x2B, 0x50, 0x62, 0x87, 0x3C, 0x68,
    0xC3, 0xE6, 0x90, 0x48, 0xAA, 0x4B, 0x73, 0xF7, 0x5B, 0x09, 0x35, 0xFD, 0xCB, 0x8B, 0xFC, 0x70,
    0x08, 0x05, 0x63, 0xC2, 0xB0, 0x86, 0x28, 0x18, 0xCD, 0xD0, 0x4F, 0x2D, 0x82, 0x0F, 0x69, 0xDF,
    0x34, 0x2F, 0x1C, 0xD5, 0xA2, 0xD8, 0xF3, 0xA2, 0x75, 0x6E, 0x10, 0xD6, 0xE8, 0x1B, 0xED, 0xBC,
    0x97, 0x48, 0x1E, 0x1A, 0x71, 0x59, 0xFF, 0xEC, 0xD3, 0x99, 0x33, 0x22, 0x35, 0xC7, 0x94, 0x53,
    0xD6, 0xB2, 0x75, 0x9F, 0x76, 0x6C, 0x2C, 0xA6, 0x2D, 0x66, 0x6D, 0xB3, 0x06, 0xD3, 0xDE, 0x74,
    0x65, 0x85, 0xEA, 0x8A, 0x66, 0x6B, 0x67, 0xD6, 0x69, 0x6C, 0x23, 0x56, 0x25, 0xDD, 0x46, 0x75,
    0xFD, 0xF3, 0x21, 0xAE, 0x31, 0xB9, 0x73, 0x4D, 0xEA, 0xCE, 0xC1, 0x8E, 0xD9, 0x0F, 0xB8, 0xB3,
    0xFF, 0x10, 0x70, 0x5A, 0xAF, 0xB3, 0x8E, 0xAD, 0x4A, 0x5B, 0x17, 0x75, 0x56, 0xD2, 0x41, 0xB8,
    0xC5, 0xD0, 0x3E, 0x48, 0x1D, 0x70, 0x09, 0x65, 0xC6, 0x5F, 0xD2, 0xA3, 0x54, 0xC8, 0x13, 0x4E,
    0x2F, 0x72, 0xD2, 0xB8, 0x67, 0x2F, 0x15, 0x96, 0xDF, 0x2D, 0x3C, 0x0F, 0x5E, 0xE7, 0x17, 0x99,
    0xAA, 0xFA, 0x08, 0x3A, 0x6B, 0x6A, 0xE2, 0xFB, 0xFB, 0x22, 0xCA, 0x16, 0x74, 0x07, 0xF0, 0xDD,
    0xDA, 0x9A, 0xEF, 0xA2, 0x2E, 0xCA, 0xEA, 0x3D, 0x27, 0xEC, 0x5D, 0xB0, 0x7C, 0x59, 0xD2, 0xB6,
    0x5D, 0x92, 0x83, 0x6E, 0xC9, 0xE7, 0x44, 0x81, 0x5A, 0x32, 0x9F, 0x3C, 0xCE, 0xBE, 0x95, 0x10,
    0x0F, 0xFE, 0x11, 0xC0, 0x29, 0x79, 0x32, 0x73, 0xC7, 0x8D, 0x7F, 0xC2, 0xC0, 0x26, 0xF8, 0x0C,
    0x99, 0xF7, 0x59, 0x1E, 0xD5, 0x71, 0xFD, 0x24, 0xE6, 0x0E, 0x91, 0xEA, 0x24, 0xA3, 0x6D, 0x38,
    0xA2, 0x2E, 0x2B, 0x9F, 0x8C, 0x2C, 0xD8, 0x36, 0xA8, 0xD4, 0x8B, 0x31, 0x97, 0xEB, 0xBD, 0xE4,
    0x75, 0xD6, 0x9E, 0x6D, 0xB1, 0x17, 0x26, 0xC6, 0x3E, 0x1E, 0xE3, 0xE2, 0x88, 0x97, 0x07, 0x94,
    0x36, 0x99, 0x51, 0x15, 0x36, 0xE1, 0xAC, 0xF2, 0x2B, 0xB8, 0x5B, 0x0C, 0x94, 0xAD, 0x18, 0xF9,
    0xBF, 0x26, 0xB9, 0x2A, 0x21, 0x53, 0xBE, 0x3C, 0xBD, 0x5B, 0xAF, 0x45, 0xDD, 0x8F, 0x51, 0x8E,
    0x7B, 0xDB, 0x99, 0x68, 0x39, 0x47, 0x97, 0xC5, 0x31, 0xC3, 0xA4, 0x1E, 0xC1, 0xF2, 0x08, 0xA9,
    0xDC, 0xEF, 0x07, 0x58, 0x6B, 0x55, 0xA2, 0x2C, 0xB6, 0x1F, 0x39, 0x1C, 0x69, 0x39, 0x2E, 0xB3,
    0xE0, 0x3C, 0x41, 0xDD, 0x8A, 0x9C, 0xCE, 0xFA, 0xA3, 0x5E, 0x1C, 0xC5, 0xF2, 0xA8, 0x50, 0xC9,
    0xFE, 0x43, 0x8A, 0x89, 0x22, 0xC8, 0x25, 0x0F, 0xE7, 0x57, 0x5B, 0x3E, 0xC4, 0x61, 0x6F, 0x01,
    0x94, 0x73, 0x39, 0x4B, 0x0D, 0xA4, 0x8B, 0xC7, 0xCE, 0x56, 0xEF, 0xF5, 0xB1, 0xDB, 0x19, 0xD2,
    0x07, 0xC5, 0x68, 0xDB, 0x74, 0xA4, 0x49, 0x56, 0x3A, 0x92, 0xD1, 0xE9, 0xE0, 0x36, 0x18, 0x54,
    0x9E, 0x06, 0xE6, 0x95, 0x36, 0x19, 0xFE, 0x4A, 0x18, 0x38, 0x19, 0x5D, 0x8C, 0xB6, 0xC5, 0x26,
    0x44, 0x88, 0x9F, 0x80, 0x57, 0x39, 0x71, 0x72, 0xD5, 0xE5, 0x64, 0x2D, 0x74, 0xD1, 0x0D, 0x58,
    0xE9, 0x0F, 0x07, 0x54, 0x9C, 0xF1, 0x70, 0x95, 0x80, 0xCC, 0x3E, 0xBE, 0x4F, 0xF8, 0x77, 0x83,
    0x54, 0xF8, 0x1E, 0x32, 0xEA, 0x78, 0x47, 0xE1, 0x12, 0xB3, 0xDB, 0x60, 0x09, 0x73, 0xE0, 0x4E,
    0xF0, 0xC1, 0x79, 0x0F, 0x57, 0x51, 0xF9, 0xF2, 0x6F, 0xA1, 0xE4, 0x6A, 0x41, 0x59, 0xB3, 0xB0,
    0xA0, 0x2B, 0x2B, 0x4E, 0xE6, 0x01, 0x32, 0x02, 0x46, 0xE9, 0xA2, 0xCD, 0x5A, 0xD3, 0xDB, 0x9A,
    0xFD, 0xDB, 0x64, 0x75, 0x21, 0x5C, 0x18, 0xAE, 0xE1, 0xBB, 0x26, 0xED, 0xB2, 0xFB, 0x95, 0x2E,
    0x24, 0xE0, 0x42, 0x34, 0xFC, 0x55, 0xBE, 0x6F, 0x10, 0x2D, 0x1E, 0x5C, 0xAE, 0x5A, 0xD0, 0xE3,
    0xCC, 0xCD, 0x44, 0xC6, 0xF0, 0x41, 0x09, 0xBD, 0x44, 0x05, 0xC7, 0x9C, 0x96, 0x51, 0x13, 0xD5,
    0x4F, 0x64, 0xEE, 0x2D, 0x6C, 0xAE, 0xFB, 0xAC, 0x89, 0x7E, 0xE7, 0xCA, 0x03, 0x7D, 0x85, 0xC7,
    0x98, 0x33, 0xEC, 0x4D, 0x1D, 0x43, 0x15, 0x38, 0x68, 0xA1, 0x4F, 0x84, 0x4F, 0xA6, 0xAA, 0xCC,
    0x2B, 0x38, 0x16, 0x8D, 0x74, 0xFA, 0xEE, 0xE5, 0xD8, 0xA3, 0x71, 0x51, 0xF6, 0xDB, 0x3A, 0xFC,
    0xFB, 0xE4, 0x0C, 0xB7, 0xC0, 0x7E, 0x0A, 0x02, 0x1B, 0x6D, 0x0B, 0x4E, 0xDA, 0x74, 0x06, 0x95,
    0x56, 0x67, 0x1D, 0x32, 0xC2, 0x0A, 0x95, 0xDE, 0x17, 0xFF, 0x06, 0xEC, 0x7C, 0x84, 0x8F, 0xEE,
    0x15, 0x7C, 0x31, 0xC3, 0x2A, 0xCD, 0x48, 0x43, 0x9C, 0x32, 0x3E, 0x38, 0xC3, 0xE4, 0x76, 0x7D,
    0xAF, 0xF7, 0xEA, 0x33, 0x8E, 0x72, 0xF9, 0x94, 0x56, 0xBB, 0x9F, 0xC1, 0xB8, 0x97, 0xFF, 0xEC,
    0x3D, 0xAD, 0xED, 0xA1, 0x08, 0xD5, 0x08, 0x7F, 0xFA, 0xC2, 0x88, 0x84, 0x34, 0x1A, 0xB5, 0x6C,
    0x4B, 0x2A, 0x80, 0x21, 0x9C, 0xAA, 0xC0, 0xCB, 0xCB, 0x84, 0x33, 0xD0, 0xD5, 0xFE, 0x3C, 0xCA,
    0xC2, 0xFE, 0xCA, 0x0C, 0xE8, 0x66, 0xE8, 0x6F, 0xEB, 0xDE, 0x46, 0x12, 0xEC, 0x3A, 0x94, 0x37,
    0x05, 0x54, 0x37, 0xE1, 0x7A, 0xB3, 0x7A, 0x99, 0x59, 0x51, 0x85, 0xE9, 0x96, 0x24, 0x2E, 0x0F,
    0x8D, 0x64, 0xBF, 0x7C, 0x7E, 0x66, 0x18, 0xA0, 0xB3, 0xBB, 0xA0, 0x7B, 0x91, 0x99, 0x55, 0x27,
    0xDD, 0x21, 0x91, 0xDC, 0x8A, 0xD9, 0x58, 0x33, 0x6C, 0x7A, 0x52, 0xD7, 0xB7, 0x34, 0x8F, 0x3B,
    0x94, 0xB5, 0x99, 0xC5, 0x0E, 0xC2, 0xC7, 0xB1, 0x7E, 0x64, 0xFA, 0x9C, 0xE4, 0x2B, 0x4E, 0x07,
    0xA5, 0xF4, 0x10, 0x8F, 0xEB, 0x63, 0x3C, 0xC5, 0x63, 0x80, 0x21, 0x9B, 0x18, 0xB8, 0x22, 0x5D,
    0x34, 0x86, 0x18, 0xB0, 0xBD, 0x31, 0xA9, 0xA3, 0xC9, 0xC0, 0x72, 0xA0, 0x0E, 0x6E, 0xC3, 0x3F,
    0x2D, 0xD1, 0x27, 0xE1, 0x9D, 0x36, 0xC2, 0x32, 0x84, 0x37, 0xFB, 0xFB, 0x9C, 0x5D, 0x33, 0x35,
    0x5C, 0x7D, 0x98, 0xA2, 0xA0, 0x49, 0x0F, 0x23, 0xEC, 0x7F, 0x03, 0xFC, 0x7E, 0x3C, 0x14, 0x58,
    0xD7, 0x70, 0x1F, 0xEE, 0xF9, 0x7E, 0x0B, 0xE5, 0xFF, 0x02, 0x51, 0x2B, 0xB9, 0x47, 0xD8, 0x29,
    0x01, 0xBB, 0xD8, 0xFF, 0xE4, 0x2E, 0xA2, 0x16, 0xBC, 0x30, 0x02, 0xD6, 0xC4, 0xA2, 0x7E, 0x44,
    0x4D, 0x66, 0x98, 0x13, 0xF1, 0x7F, 0x78, 0xC4, 0xEC, 0x22, 0x4B, 0x79, 0xF8, 0x99, 0x3E, 0x21,
    0xD5, 0x76, 0x88, 0x96, 0x32, 0x63, 0xDC, 0x82, 0xEF, 0x2E, 0xC2, 0x90, 0x71, 0x3F, 0xC5, 0x3B,
    0x8C, 0x75, 0xFF, 0x07, 0xCD, 0x5B, 0x4D, 0xAC, 0xDD, 0xC6, 0x75, 0x1E, 0x92, 0xB2, 0x88, 0x98,
    0x48, 0x26, 0x0B, 0x03, 0x49, 0xA3, 0x46, 0xCC, 0xA2, 0x40, 0x63, 0x34, 0xD6, 0x6C, 0x5C, 0xA0,
    0x40, 0xEC, 0x47, 0xAA, 0x5A, 0x78, 0x69, 0x17, 0x85, 0x92, 0x45, 0x81, 0xBA, 0xCB, 0x02, 0x29,
    0xF0, 0xBC, 0x30, 0x10, 0xA1, 0xB0, 0x4D, 0x3A, 0x0E, 0x9A, 0x45, 0x16, 0x91, 0x17, 0x6D, 0x81,
    0x6E, 0x92, 0x65, 0x77, 0x09, 0x50, 0xA1, 0xD0, 0x42, 0x12, 0xE9, 0xA8, 0x40, 0xB7, 0x0C, 0x9A,
    0xC2, 0x40, 0xBB, 0x61, 0x10, 0xA1, 0x5D, 0xB4, 0x40, 0x98, 0x98, 0xB2, 0xF9, 0xFA, 0x48, 0x4E,
    0xBF, 0xEF, 0x0C, 0x79, 0x2F, 0xF9, 0x7E, 0x5A, 0x5B, 0xEF, 0xCF, 0xF7, 0x92, 0xDF, 0xBD, 0x97,
    0xF7, 0x92, 0x3C, 0xE7, 0xCC, 0xCC, 0x39, 0xDF, 0x39, 0x33, 0x57, 0x05, 0xD6, 0x2A, 0xA5, 0x96,
    0xB8, 0x7A, 0x3C, 0xF5, 0x0A, 0x31, 0x69, 0x88, 0x45, 0x4B, 0xB4, 0x1D, 0xC0, 0xDB, 0xEF, 0x81,
    0xFE, 0x07, 0xC4, 0xE0, 0x97, 0x23, 0x30, 0xFC, 0x29, 0xCF, 0xD5, 0x0E, 0xAF, 0xDB, 0x54, 0x29,
    0xA3, 0x6C, 0x8E, 0x53, 0x95, 0x2D, 0x95, 0xDA, 0x51, 0x05, 0xB0, 0xB0, 0xB6, 0xC2, 0x05, 0xAC,
    0x6D, 0x94, 0xD7, 0xF2, 0xA2, 0x7E, 0xA3, 0x4C, 0xAB, 0x82, 0x5A, 0xC5, 0x9D, 0x8A, 0x2A, 0xA5,
    0x7B, 0x55, 0x8C, 0xF8, 0xBE, 0xB4, 0xA3, 0x07, 0xE4, 0x3B, 0xB5, 0x80, 0x03, 0x8F, 0xDD, 0xEE,
    0x2F, 0x94, 0x6F, 0x6D, 0xAF, 0xA2, 0x21, 0xEE, 0x55, 0xDC, 0x44, 0xBD, 0x4A, 0x6A, 0x5C, 0x22,
    0x2B, 0x79, 0x9D, 0xD2, 0x10, 0x76, 0x7A, 0x08, 0xF1, 0x75, 0xC2, 0xB7, 0xF1, 0x31, 0xFF, 0x80,
    0xC7, 0x7E, 0xD9, 0xA9, 0xE4, 0xFD, 0x87, 0x43, 0x1A, 0xDB, 0x77, 0x6C, 0x15, 0x0E, 0xDE, 0x98,
    0x2A, 0x3F, 0xF5, 0x21, 0x70, 0x98, 0x47, 0x10, 0x38, 0xA8, 0x4D, 0xBA, 0x31, 0x85, 0xA5, 0x82,
    0xCA, 0xD4, 0x17, 0x6E, 0x8A, 0x0A, 0x4F, 0xD5, 0xF8, 0x10, 0xA4, 0x8B, 0xE4, 0x74, 0x5E, 0x8F,
    0x37, 0x88, 0xBA, 0xB3, 0x32, 0xCA, 0xF4, 0xF8, 0x3D, 0x51, 0x38, 0x5B, 0xA8, 0x2D, 0x0A, 0x7B,
    0x93, 0xC2, 0x03, 0xF1, 0xA7, 0x54, 0x3B, 0x9A, 0x15, 0x26, 0xAA, 0xAD, 0xDA, 0x4E, 0xE1, 0x4C,
    0x14, 0x86, 0xDA, 0x50, 0x41, 0x14, 0xF6, 0xA0, 0x70, 0xA3, 0x82, 0x46, 0xC5, 0xA2, 0xB6, 0x86,
    0xDA, 0x8F, 0xD4, 0xAB, 0xC3, 0x5A, 0x6D, 0x18, 0xB3, 0x92, 0x16, 0x10, 0x51, 0xDE, 0x12, 0x1C,
    0xFF, 0x5C, 0x6C, 0x2F, 0xA2, 0x24, 0xF9, 0x49, 0x55, 0xEE, 0x37, 0x2A, 0x53, 0x62, 0xF5, 0x26,
    0xDB, 0x92, 0xBA, 0x46, 0x6C, 0x73, 0xFD, 0x9F, 0xB8, 0xBE, 0xE6, 0x17, 0x81, 0x98, 0x99, 0xF7,
    0x94, 0x77, 0x31, 0x21, 0x83, 0x68, 0xDE, 0x1E, 0x8F, 0x6F, 0x8C, 0x75, 0x99, 0xEA, 0x25, 0x76,
    0x54, 0x9E, 0xFD, 0x59, 0x96, 0x87, 0x83, 0x32, 0x15, 0x14, 0x33, 0x55, 0xDC, 0xA8, 0xA4, 0x84,
    0xD2, 0x4F, 0xA7, 0x49, 0x3D, 0x9D, 0x79, 0x24, 0xC8, 0xB7, 0xEC, 0x0D, 0xCA, 0x74, 0x4A, 0x97,
    0x7A, 0x54, 0x59, 0x8A, 0xAE, 0x38, 0xB0, 0xAB, 0xE0, 0xE6, 0x57, 0xA4, 0x59, 0x5E, 0xC0, 0x8E,
    0x23, 0x01, 0x8C, 0x1E, 0xE1, 0x60, 0x0C, 0x19, 0x9F, 0x5B, 0x75, 0x01, 0x9A, 0x23, 0xD5, 0xC3,
    0x6E, 0x69, 0x1A, 0x5D, 0x25, 0x78, 0x66, 0xA5, 0x29, 0xD9, 0x08, 0x76, 0xDA, 0x8B, 0x69, 0x4F,
    0xAA, 0x10, 0xBD, 0x6E, 0x37, 0x8F, 0x28, 0x71, 0xC1, 0x7B, 0xC7, 0xD2, 0xCC, 0xB8, 0xA2, 0x4F,
    0x4D, 0xC2, 0x7D, 0xB9, 0xFE, 0x7D, 0xA5, 0x7E, 0x5B, 0x7D, 0xF9, 0x1C, 0x55, 0x0C, 0x21, 0x1B,
    0xAE, 0xA7, 0x12, 0x98, 0x79, 0x1C, 0xD0, 0x49, 0x8C, 0x0A, 0xF2, 0x30, 0x3F, 0x1D, 0x15, 0x77,
    0xA4, 0xFB, 0xF0, 0x62, 0xD2, 0xC1, 0xE4, 0x5D, 0xB2, 0x1A, 0x44, 0xE7, 0xA1, 0x22, 0x47, 0xB1,
    0x69, 0x9C, 0x3F, 0xE1, 0x6B, 0x54, 0x9E, 0x52, 0x0B, 0xF2, 0xF1, 0x65, 0xF5, 0xD9, 0xA9, 0xDD,
    0xA4, 0x05, 0x7D, 0x0E, 0x3D, 0xA7, 0xE8, 0x8B, 0xE7, 0xDA, 0x53, 0xC5, 0xA7, 0xA6, 0x41, 0x03,
    0xF3, 0x8E, 0x70, 0x17, 0x59, 0xEB, 0x7C, 0x69, 0x94, 0x9F, 0xA2, 0xAE, 0x2A, 0xC4, 0x13, 0x28,
    0x6E, 0xDB, 0x1F, 0x87, 0xAD, 0x9F, 0x4A, 0xC4, 0x75, 0xE8, 0xCD, 0xE0, 0xD4, 0xD6, 0xEE, 0x09,
    0x42, 0x75, 0xCF, 0xBE, 0x97, 0xF5, 0xBC, 0x6C, 0x68, 0x79, 0x13, 0x0F, 0xC6, 0x61, 0xC0, 0x29,
    0x69, 0xA5, 0xA2, 0x22, 0x66, 0x35, 0x31, 0x59, 0xA0, 0x3B, 0x02, 0xED, 0xE1, 0x10, 0x20, 0x0F,
    0x90, 0xBF, 0x4F, 0x7D, 0x9B, 0xC2, 0x77, 0x84, 0xB4, 0x64, 0x6A, 0xA8, 0xCD, 0x37, 0x70, 0xFD,
    0xC4, 0x42, 0x48, 0xE2, 0x6D, 0x91, 0xA4, 0xA7, 0x03, 0xCB, 0xFA, 0x0C, 0x8A, 0x87, 0x7D, 0x06,
    0x5D, 0xFC, 0x9E, 0xC3, 0xD6, 0xEF, 0x29, 0x9D, 0x2F, 0xDF, 0xFA, 0x3D, 0xC6, 0xF5, 0xEE, 0x7E,
    0xFF, 0xBC, 0x73, 0x66, 0x4A, 0xD3, 0x9B, 0x39, 0x77, 0x06, 0x4D, 0x34, 0xCD, 0x57, 0xC6, 0x22,
    0x32, 0x3C, 0x1A, 0x04, 0xD9, 0x11, 0xFC, 0xBA, 0xE0, 0xB7, 0x3B, 0x0E, 0xDA, 0x0F, 0x88, 0x74,
    0x6B, 0xCE, 0xAF, 0xA9, 0xD8, 0xDE, 0x40, 0xC3, 0x3B, 0x67, 0xFE, 0x64, 0xBA, 0x43, 0xFE, 0xD2,
    0xE1, 0x49, 0x74, 0x17, 0xD5, 0xD9, 0x44, 0x12, 0x28, 0x01, 0x21, 0xC3, 0x5E, 0x28, 0xA1, 0x80,
    0x1F, 0xA1, 0xB4, 0xD3, 0x59, 0x6F, 0x1D, 0x78, 0x25, 0x0E, 0x3C, 0x9E, 0x1C, 0xB8, 0x68, 0xBB,
    0x72, 0xE0, 0xDD, 0xCA, 0x81, 0xDF, 0x98, 0x63, 0x56, 0xCC, 0x90, 0x2C, 0x60, 0x6C, 0x77, 0x90,
    0x30, 0x50, 0xFB, 0x9C, 0x40, 0x65, 0x77, 0xA9, 0xAE, 0x26, 0x44, 0x04, 0xC4, 0x7F, 0xE7, 0x12,
    0xB6, 0xC0, 0x46, 0xB0, 0xB8, 0x8A, 0x04, 0x86, 0x25, 0x28, 0x3F, 0x07, 0x44, 0x30, 0x1C, 0x3A,
    0xBE, 0x6F, 0x6F, 0x66, 0x65, 0xC2, 0x2B, 0x0B, 0xB0, 0x2F, 0xCF, 0xFB, 0xEA, 0xE6, 0x66, 0xEA,
    0xE7, 0x1D, 0x14, 0xAA, 0x31, 0xC2, 0xF0, 0xCC, 0xCA, 0x2C, 0x2F, 0xBE, 0x67, 0x65, 0xC0, 0xB0,
    0x75, 0xE6, 0xBE, 0x9E, 0x34, 0x51, 0x6A, 0x70, 0xAD, 0x08, 0xA3, 0xC9, 0x43, 0x83, 0xA8, 0x2F,
    0xAA, 0x67, 0x38, 0x72, 0xD1, 0x3F, 0xCC, 0x75, 0xF6, 0x09, 0x0E, 0xB0, 0x88, 0xD6, 0xF3, 0xE6,
    0x9B, 0x9C, 0x8B, 0x6A, 0x78, 0x06, 0x65, 0x58, 0xFA, 0x6D, 0x8C, 0x1F, 0xA1, 0xEB, 0x14, 0x18,
    0x6B, 0x71, 0x7D, 0x3A, 0x2A, 0xBA, 0xD8, 0xEE, 0x84, 0xC8, 0xA7, 0x77, 0x53, 0xBC, 0x3F, 0xC7,
    0xD6, 0x23, 0xF3, 0x92, 0xC0, 0x63, 0x5A, 0xF7, 0x1A, 0x55, 0xA7, 0xA2, 0xDE, 0x31, 0xB2, 0x87,
    0xE5, 0xB1, 0x62, 0xAB, 0x83, 0x62, 0x3B, 0xD9, 0xC3, 0x72, 0x29, 0x7B, 0xBA, 0x90, 0x9D, 0xF6,
    0xBA, 0x45, 0x7A, 0x42, 0x89, 0x35, 0x83, 0x89, 0xF9, 0x37, 0x82, 0x30, 0xB3, 0xF6, 0x18, 0xE9,
    0x8B, 0x95, 0xF4, 0xC5, 0x21, 0xE9, 0xE9, 0x67, 0x19, 0x3F, 0xEA, 0x29, 0x5E, 0x91, 0x74, 0xFE,
    0x1D, 0xF6, 0x61, 0xE2, 0x47, 0x7C, 0x7C, 0x15, 0xDC, 0xC0, 0xF5, 0x4B, 0xBD, 0xDF, 0x90, 0x38,
    0x4B, 0x50, 0xE5, 0x37, 0x6F, 0x9C, 0x67, 0xCB, 0x51, 0xF5, 0x32, 0xCC, 0xFD, 0x16, 0x61, 0x80,
    0x41, 0x80, 0xD4, 0x21, 0x3E, 0x10, 0x57, 0x4F, 0xD4, 0x41, 0x85, 0x19, 0xD1, 0x75, 0x7B, 0x96,
    0x6A, 0xEE, 0x77, 0x34, 0xF3, 0x03, 0x85, 0x48, 0xFB, 0xB9, 0xE9, 0xF2, 0x5E, 0x21, 0x7E, 0x87,
    0xEE, 0xF4, 0xE7, 0xBB, 0x35, 0xE8, 0x59, 0xD4, 0xC0, 0x8B, 0xE9, 0x16, 0x62, 0xE8, 0x06, 0xA1,
    0xF2, 0x72, 0x75, 0x38, 0xA4, 0xDE, 0x7C, 0x25, 0xAB, 0x7C, 0xDB, 0x64, 0x95, 0x57, 0x34, 0xF8,
    0x36, 0xE6, 0xEF, 0xE2, 0x06, 0x94, 0x38, 0xE6, 0xB9, 0x71, 0x13, 0xD8, 0x77, 0x8B, 0x86, 0xB4,
    0x19, 0x7D, 0xD3, 0x3E, 0x72, 0xDC, 0x94, 0x94, 0x3F, 0xA6, 0x8A, 0x85, 0x52, 0xBD, 0x2E, 0xBD,
    0xDA, 0xDF, 0xF6, 0x52, 0xB3, 0xF7, 0x06, 0x5D, 0x29, 0xA9, 0x30, 0x1D, 0x29, 0x89, 0x70, 0x02,
    0x1E, 0x5C, 0xC0, 0x95, 0x16, 0x70, 0xA2, 0xF4, 0xA1, 0x0C, 0x17, 0x45, 0xFE, 0x0F, 0x5D, 0x06,
    0x07, 0x9A, 0xBC, 0xFF, 0xCF, 0x5D, 0x6C, 0x5F, 0x6A, 0xC3, 0x21, 0xC2, 0x85, 0x75, 0x63, 0xF2,
    0xB8, 0xCA, 0x72, 0x98, 0xE5, 0xAF, 0x2C, 0x1C, 0x38, 0x28, 0x39, 0x2D, 0xFB, 0x19, 0x3C, 0xC1,
    0xE8, 0xAF, 0x02, 0xF2, 0x37, 0xE9, 0x79, 0x7A, 0x36, 0x73, 0x3B, 0x11, 0xC5, 0xF3, 0x52, 0xDD,
    0x43, 0x0A, 0xE4, 0x35, 0x50, 0x95, 0x09, 0x10, 0xF3, 0x1F, 0xA6, 0x3F, 0x51, 0xAB, 0xCE, 0x54,
    0x75, 0x45, 0x52, 0x21, 0x1D, 0xC2, 0x91, 0x45, 0x79, 0x67, 0x56, 0x9E, 0xFD, 0x3C, 0x5A, 0x1D,
    0xF9, 0x11, 0x13, 0x24, 0x66, 0x85, 0xF2, 0x1A, 0xD4, 0x67, 0xAB, 0xF6, 0x79, 0xE8, 0xB4, 0x78,
    0xDC, 0x57, 0x32, 0xBC, 0x49, 0x54, 0xD3, 0xE9, 0x9D, 0x1C, 0x53, 0x5F, 0x51, 0x4C, 0x13, 0xC5,
    0xA7, 0x71, 0x1C, 0xEB, 0xD6, 0xED, 0x61, 0x7D, 0x86, 0x2D, 0xEE, 0x49, 0xA6, 0x2B, 0x5C, 0x45,
    0xC5, 0xA3, 0x0C, 0x7A, 0x76, 0x73, 0xAF, 0x63, 0x2C, 0xF0, 0x2A, 0xAF, 0xDA, 0x78, 0xB5, 0x1E,
    0x5B, 0x2C, 0xDB, 0xCC, 0xA2, 0x72, 0x21, 0x46, 0x13, 0x7A, 0x5B, 0x4C, 0x05, 0xFF, 0xFA, 0x1B,
    0x56, 0x52, 0x7E, 0x0B, 0x15, 0x1D, 0x82, 0x26, 0x6C, 0x50, 0x1D, 0xC0, 0x79, 0x03, 0xAB, 0x4E,
    0x13, 0xDB, 0x6E, 0xB6, 0x89, 0xC2, 0x8B, 0x91, 0x9C, 0xB3, 0xD5, 0xBF, 0xA2, 0xC8, 0x89, 0x47,
    0xC2, 0xF3, 0x3C, 0xFC, 0xB1, 0x9A, 0x34, 0x89, 0x5C, 0xD1, 0x44, 0xFA, 0xAC, 0xCA, 0xF2, 0xE3,
    0x90, 0xDA, 0x65, 0xDF, 0x21, 0x9D, 0xC8, 0x5E, 0xA2, 0x6B, 0x2B, 0x5E, 0x7E, 0x59, 0x50, 0x13,
    0xAF, 0x09, 0xBE, 0xE0, 0x90, 0xFE, 0xB4, 0xB8, 0x45, 0x1C, 0xEF, 0x08, 0x36, 0x64, 0xF3, 0xB6,
    0x16, 0xAC, 0xCC, 0x2F, 0x38, 0x48, 0x0C, 0x75, 0xCC, 0xE1, 0xA2, 0x96, 0xF6, 0xF1, 0x6C, 0x75,
    0xD9, 0x56, 0x4B, 0xFB, 0xD0, 0x69, 0xDB, 0xDE, 0xE1, 0xC2, 0x4A, 0x93, 0x7D, 0xD4, 0x27, 0xB1,
    0x4F, 0xB8, 0xB6, 0x8F, 0x44, 0x3C, 0x4A, 0x81, 0x14, 0x87, 0xCD, 0xC9, 0x8F, 0x09, 0xAF, 0x29,
    0x20, 0x1F, 0xBD, 0xD1, 0x47, 0x64, 0x1B, 0x61, 0x25, 0x6F, 0x88, 0x6D, 0xE9, 0x0F, 0x2F, 0x26,
    0x80, 0x17, 0x00, 0xFD, 0x5D, 0x42, 0x23, 0x90, 0xE1, 0x58, 0x9D, 0x95, 0xC1, 0xFF, 0x20, 0x21,
    0x09, 0xF6, 0x11, 0x2B, 0x03, 0x9B, 0x13, 0xD2, 0xE2, 0xBB, 0x81, 0x55, 0x45, 0x8F, 0x61, 0x61,
    0x1E, 0x05, 0x8F, 0xD8, 0x13, 0x5E, 0x55, 0xCF, 0x65, 0x83, 0xBA, 0x14, 0xB6, 0x0B, 0xB6, 0x32,
    0x80, 0xA7, 0x21, 0x76, 0x48, 0x99, 0x27, 0x3F, 0x66, 0x4F, 0x37, 0xBB, 0xB7, 0xDA, 0xDD, 0x20,
    0xE0, 0x68, 0x48, 0x60, 0x1E, 0xEE, 0x61, 0x7D, 0x29, 0x1E, 0xFF, 0xF4, 0xC5, 0xA2, 0xBF, 0x14,
    0x36, 0xEE, 0x0E, 0xF8, 0x16, 0x0D, 0xEC, 0x61, 0xE4, 0x25, 0x6E, 0x2B, 0xA7, 0x2D, 0x9B, 0x37,
    0x34, 0x6C, 0xF1, 0xDF, 0x0A, 0x82, 0x99, 0x1A, 0xE2, 0xB8, 0xF6, 0x58, 0x0A, 0x08, 0xF9, 0xBC,
    0xA9, 0x55, 0x0E, 0x6C, 0xA9, 0x9A, 0x7B, 0xED, 0xBC, 0x39, 0xA3, 0xC3, 0xD0, 0xBD, 0x6C, 0x8D,
    0xDB, 0x36, 0x57, 0x8B, 0x06, 0x9A, 0xFC, 0xA9, 0xF9, 0x44, 0xF6, 0x4E, 0xD9, 0xBC, 0x79, 0x83,
    0xC1, 0x7D, 0xFB, 0x13, 0x0F, 0xDD, 0xB7, 0xC8, 0x11, 0x4F, 0x62, 0x75, 0x15, 0xB1, 0x04, 0x91,
    0x24, 0x90, 0x23, 0x27, 0x94, 0xE7, 0x35, 0xF5, 0xFA, 0x2D, 0xD5, 0xEE, 0xF8, 0x10, 0xA9, 0xD2,
    0xE0, 0x14, 0xC3, 0x93, 0x48, 0x75, 0x12, 0x01, 0x30, 0x26, 0xBD, 0x96, 0x6E, 0x29, 0xFA, 0x10,
    0x8C, 0x21, 0xF7, 0xF7, 0xE0, 0x2E, 0x54, 0x30, 0x28, 0x24, 0x46, 0x40, 0x6F, 0xCE, 0x44, 0xC0,
    0x2A, 0x8B, 0x5E, 0x7D, 0x73, 0xE0, 0x41, 0x6E, 0xFD, 0xB4, 0x85, 0xB2, 0x61, 0xCC, 0x70, 0x1B,
    0x91, 0x96, 0x55, 0x6C, 0xFA, 0x37, 0xE8, 0x8A, 0xD0, 0xDA, 0xD1, 0x87, 0x65, 0xE4, 0x94, 0x32,
    0x2E, 0xF7, 0x2A, 0x89, 0x26, 0x3D, 0x79, 0x3B, 0x3A, 0x79, 0xBE, 0x70, 0x8C, 0x3C, 0x93, 0x48,
    0x4E, 0x9E, 0x91, 0x37, 0x4A, 0x38, 0x98, 0x89, 0xB8, 0x9D, 0x77, 0xF4, 0xED, 0x0E, 0x7B, 0xC0,
    0x74, 0x8D, 0xCA, 0x5B, 0xE3, 0xA1, 0x51, 0xCD, 0x23, 0xB8, 0x85, 0xC3, 0x40, 0x1C, 0x70, 0x30,
    0x6C, 0x5D, 0xB2, 0x96, 0x31, 0xE6, 0xD2, 0x8E, 0x44, 0x3C, 0x98, 0xF3, 0x87, 0x9F, 0xA7, 0x8B,
    0x86, 0x55, 0x70, 0x46, 0x56, 0xC2, 0xEE, 0x45, 0x85, 0x77, 0x45, 0x29, 0xC7, 0x16, 0xC1, 0xB2,
    0xF5, 0x8A, 0xB4, 0xE8, 0x31, 0x70, 0xBE, 0x39, 0x84, 0xF8, 0x09, 0xCB, 0x1E, 0x80, 0xA4, 0x0A,
    0xFA, 0x15, 0xE0, 0x5E, 0x49, 0x79, 0x10, 0xC6, 0x2A, 0xA1, 0x2D, 0xE0, 0x1C, 0x58, 0xEC, 0xA0,
    0xEF, 0x9C, 0x8B, 0x92, 0x5F, 0xB9, 0xA7, 0x5C, 0x75, 0x43, 0x49, 0x59, 0x22, 0x49, 0x5D, 0xD9,
    0x21, 0x61, 0x01, 0xA3, 0x01, 0x57, 0x44, 0xEC, 0xAC, 0xDE, 0x02, 0x53, 0x7C, 0xDA, 0x09, 0x01,
    0x5E, 0x6D, 0x66, 0xDF, 0x30, 0x93, 0xEE, 0xB9, 0xD8, 0xF1, 0x89, 0x7C, 0xC5, 0xEC, 0x27, 0x9C,
    0x89, 0x68, 0x20, 0x3A, 0xEA, 0xA4, 0x74, 0x45, 0xAE, 0x4B, 0xBC, 0xD9, 0x35, 0xB2, 0x34, 0xDC,
    0x29, 0xD8, 0x6F, 0x74, 0xD9, 0x5F, 0x9D, 0x2B, 0x85, 0x30, 0x43, 0x68, 0xCB, 0x00, 0xCC, 0x16,
    0xCE, 0x1B, 0x5B, 0x52, 0x1D, 0xDA, 0x66, 0x7F, 0x02, 0x2B, 0x27, 0x54, 0xF3, 0x77, 0xEE, 0x51,
    0xC5, 0xAC, 0xA6, 0x41, 0xC5, 0x99, 0xD4, 0xB1, 0x20, 0x3B, 0x03, 0xCB, 0x3E, 0x79, 0xD0, 0x28,
    0xC7, 0xED, 0x81, 0x34, 0x8D, 0x7D, 0x9B, 0x1D, 0xDF, 0xBE, 0x44, 0x93, 0xD8, 0x57, 0x85, 0xDB,
    0x67, 0xB7, 0x29, 0xF2, 0x6E, 0x4F, 0xBC, 0x21, 0xE2, 0x5F, 0x77, 0x8A, 0x40, 0x75, 0x60, 0x26,
    0x08, 0xF6, 0xC0, 0xD6, 0x6F, 0xD8, 0x19, 0xE2, 0x01, 0xFC, 0xBE, 0x43, 0xB2, 0x0B, 0xF4, 0x6D,
    0xBE, 0x4E, 0xE8, 0x5D, 0xCB, 0x26, 0xE5, 0xA2, 0xD8, 0x53, 0x6E, 0x4B, 0x3E, 0x52, 0xE7, 0x53,
    0x7F, 0xB0, 0xF9, 0x35, 0x39, 0x8D, 0x83, 0x2B, 0xDD, 0x5C, 0xC7, 0x0D, 0x0F, 0x40, 0xCB, 0x61,
    0xDC, 0xB2, 0xE7, 0x3B, 0xF0, 0xE4, 0x1D, 0xC6, 0x60, 0x9B, 0xE5, 0x8E, 0xF8, 0x0A, 0xE8, 0xDF,
    0x8C, 0x34, 0xB5, 0x25, 0xC0, 0x7B, 0x81, 0x13, 0x95, 0x00, 0x61, 0x47, 0xDA, 0x96, 0xBA, 0xF1,
    0xC7, 0xA5, 0x98, 0x92, 0x44, 0x32, 0x5E, 0x3A, 0xA0, 0x99, 0x5C, 0x59, 0x3B, 0xA6, 0x9C, 0x9F,
    0xDD, 0x68, 0x53, 0xA3, 0xB3, 0xDA, 0x16, 0x2D, 0xF9, 0xAD, 0x0E, 0xA3, 0x1D, 0x02, 0x61, 0x0C,
    0x76, 0xB8, 0x79, 0xD8, 0xE1, 0xE6, 0xA1, 0x95, 0xC2, 0x09, 0x33, 0xAF, 0xC7, 0x42, 0x7C, 0x61,
    0x37, 0x48, 0x55, 0x02, 0xD0, 0x7C, 0xE0, 0x67, 0x6D, 0xAA, 0x9B, 0x88, 0x37, 0x97, 0xDA, 0xFD,
    0x5D, 0xDE, 0x88, 0x03, 0x86, 0x94, 0xD1, 0x15, 0xEB, 0x64, 0x10, 0xBD, 0xB2, 0x48, 0xA7, 0x59,
    0x49, 0x90, 0x36, 0xA8, 0xD6, 0x09, 0xD8, 0x16, 0xD2, 0x43, 0xB0, 0xCA, 0xC7, 0x8E, 0x48, 0x49,
    0xD7, 0x49, 0x19, 0x52, 0x86, 0x02, 0x24, 0x85, 0x9C, 0x15, 0x63, 0xE2, 0x19, 0x45, 0x77, 0x53,
    0x88, 0x67, 0x99, 0x1C, 0x4D, 0xB7, 0xDA, 0x26, 0x0F, 0xD8, 0x6E, 0x37, 0xBD, 0xD9, 0x46, 0x38,
    0xC1, 0x52, 0xDC, 0xD0, 0x39, 0xC8, 0xBD, 0x60, 0xF7, 0xDD, 0x6C, 0x48, 0xE7, 0x84, 0xC4, 0x07,
    0xC9, 0x31, 0x9A, 0x34, 0x98, 0x7F, 0x7A, 0x72, 0xBD, 0xA6, 0xA0, 0xDE, 0x4E, 0x9E, 0x97, 0x37,
    0x92, 0x79, 0x91, 0x60, 0xF6, 0x5E, 0xD2, 0x59, 0xA4, 0xAF, 0x1B, 0x04, 0x39, 0xAB, 0x4B, 0x18,
    0x81, 0xE2, 0x57, 0x9A, 0xAE, 0xF6, 0x1A, 0x55, 0xFF, 0xEA, 0x69, 0x1A, 0xA1, 0xE8, 0x77, 0xA0,
    0x13, 0xDC, 0x04, 0xF6, 0xA0, 0x4F, 0xB0, 0x1B, 0xE8, 0xF2, 0x22, 0xF6, 0xBB, 0xD8, 0x5F, 0x93,
    0x01, 0xC3, 0x3D, 0x9A, 0xF7, 0x76, 0xBD, 0xEB, 0xE5, 0x3E, 0x96, 0xC2, 0x46, 0xA9, 0xE7, 0xC7,
    0x6B, 0x40, 0xC3, 0x68, 0x91, 0xB1, 0xC4, 0xC8, 0x8A, 0x24, 0xDE, 0xB1, 0xC0, 0x98, 0x7E, 0x7C,
    0xD9, 0xA5, 0x49, 0xC4, 0x90, 0xC1, 0xB4, 0xCF, 0xF2, 0xBA, 0xDD, 0xA4, 0x61, 0x57, 0x94, 0x91,
    0xEC, 0x26, 0x3D, 0x0D, 0xD9, 0x11, 0x80, 0xEC, 0x77, 0x48, 0xF6, 0x7E, 0x2C, 0x13, 0x7B, 0xB9,
    0x9B, 0x1E, 0x0C, 0xF9, 0x3B, 0x43, 0xB1, 0x13, 0xC2, 0xEF, 0xAF, 0x65, 0xF7, 0x8F, 0x90, 0x3D,
    0x19, 0x58, 0x5F, 0x09, 0x07, 0xE5, 0xCF, 0x9B, 0x44, 0xE7, 0xD7, 0x02, 0x8B, 0x14, 0xAA, 0x89,
    0xE1, 0x5A, 0x7B, 0x96, 0x53, 0xFF, 0xB8, 0xDF, 0xC6, 0x6B, 0x17, 0xB2, 0x83, 0xF1, 0x76, 0x00,
    0x6F, 0x2C, 0x85, 0xF7, 0xD8, 0xF5, 0xCA, 0x74, 0xCE, 0xA9, 0xA6, 0x69, 0x42, 0x23, 0xFD, 0xF5,
    0xD2, 0x82, 0x04, 0xE2, 0x9A, 0xAD, 0x86, 0xD3, 0xB1, 0xAD, 0x07, 0x07, 0x83, 0xA8, 0x06, 0x0F,
    0x63, 0x94, 0xFA, 0xC8, 0xD2, 0x7D, 0x3E, 0x16, 0x6C, 0x6D, 0x4E, 0xCC, 0x4A, 0x62, 0x52, 0xEF,
    0x80, 0xEA, 0xC4, 0x0D, 0xB0, 0xD1, 0x1D, 0x31, 0xEC, 0x41, 0x7E, 0x9A, 0x60, 0x20, 0xFA, 0x96,
    0xA8, 0xEC, 0x7D, 0xD6, 0x29, 0x8A, 0x81, 0x08, 0x5D, 0xD0, 0xA9, 0x0D, 0x59, 0x6C, 0xAE, 0x89,
    0x69, 0x24, 0x63, 0xC8, 0x4B, 0xA5, 0x62, 0x43, 0x21, 0xEA, 0x79, 0x8A, 0x55, 0x32, 0x12, 0x29,
    0x12, 0x57, 0x2B, 0x37, 0x5F, 0xA3, 0xCD, 0x6C, 0x07, 0x2A, 0xF7, 0xAD, 0x0E, 0xE7, 0xA3, 0x03,
    0x12, 0x1A, 0xC0, 0x63, 0xC2, 0x87, 0x15, 0xEC, 0xF9, 0x41, 0x09, 0xF8, 0x48, 0xE0, 0x6D, 0x58,
    0xD6, 0x7A, 0x33, 0x8C, 0x9E, 0xFD, 0x7C, 0x04, 0xC2, 0xD2, 0xE2, 0xB6, 0xC5, 0xED, 0x8B, 0x56,
    0x78, 0x19, 0xB7, 0xB2, 0x72, 0x8B, 0x87, 0xE3, 0xD6, 0xF3, 0x67, 0xA1, 0xFE, 0xC2, 0xA8, 0x7E,
    0x3B, 0x53, 0x2A, 0xC7, 0xAB, 0xFA, 0x39, 0xF5, 0x95, 0xC8, 0x14, 0xAC, 0x8B, 0xD7, 0xAC, 0xBC,
    0x71, 0xD2, 0xA2, 0x15, 0x39, 0x6D, 0xB1, 0xA9, 0xEB, 0x0B, 0xDF, 0x70, 0xF3, 0x75, 0x9F, 0x8E,
    0x1E, 0xE5, 0x42, 0xFE, 0x2D, 0x88, 0xC7, 0x4A, 0x99, 0xFE, 0x55, 0xC5, 0x21, 0xC8, 0x99, 0x16,
    0xF1, 0xB0, 0x77, 0xCF, 0xA8, 0x5B, 0xB9, 0x62, 0x68, 0xEC, 0xA8, 0xA9, 0x8C, 0x34, 0xA1, 0x13,
    0x53, 0x2D, 0xC1, 0x55, 0x6B, 0x62, 0x19, 0x7B, 0xD7, 0xAE, 0x74, 0x14, 0x25, 0x19, 0x98, 0xA2,
    0xFF, 0xEE, 0x18, 0x93, 0xF7, 0x8C, 0x48, 0x3F, 0x95, 0xC7, 0xFC, 0x13, 0xA3, 0xFD, 0x16, 0xB1,
    0xBF, 0x23, 0xD8, 0xC8, 0x11, 0xE4, 0xA0, 0x10, 0xBF, 0x22, 0x32, 0x0B, 0xC5, 0x80, 0x66, 0xCA,
    0xCE, 0x3C, 0xF4, 0x9F, 0x94, 0x24, 0xA2, 0x9C, 0x09, 0x66, 0x8A, 0x77, 0xBC, 0xE5, 0x0D, 0x2D,
    0x9F, 0x9A, 0x8F, 0x61, 0x79, 0x62, 0x30, 0xEE, 0xFC, 0x9F, 0x96, 0x1F, 0x0E, 0x5A, 0x3E, 0x5A,
    0x32, 0xF3, 0x66, 0xCB, 0xC9, 0xDC, 0x6A, 0x92, 0x7E, 0xE6, 0xE7, 0x93, 0xC1, 0xE3, 0x51, 0x0C,
    0xCE, 0x40, 0x42, 0x00, 0x8B, 0xA2, 0xC1, 0xD5, 0x01, 0x83, 0x47, 0x1F, 0x5D, 0x17, 0x5B, 0x8F,
    0x13, 0x8C, 0x70, 0x84, 0x51, 0xEF, 0xA0, 0x9F, 0xE9, 0x9B, 0x50, 0x29, 0x9A, 0x57, 0x0A, 0x21,
    0x81, 0x9D, 0x03, 0x36, 0xAB, 0xB6, 0x6B, 0x3C, 0xFC, 0xF0, 0xA5, 0x08, 0x95, 0xD0, 0x53, 0x7B,
    0xF6, 0x5D, 0xF0, 0x76, 0xB8, 0x5C, 0xB4, 0x1D, 0xA8, 0x8A, 0x94, 0xAB, 0xF8, 0x11, 0x14, 0x34,
    0x10, 0x3A, 0x0A, 0x44, 0x9E, 0x7D, 0x2C, 0x8E, 0xFC, 0x8D, 0xFB, 0x3D, 0x4C, 0x61, 0x5C, 0x60,
    0xEF, 0xE9, 0xD3, 0x02, 0xFB, 0x47, 0x12, 0x09, 0x44, 0x86, 0x2B, 0x56, 0xD8, 0x2F, 0xF3, 0x22,
    0xB7, 0xAF, 0x57, 0x6E, 0xEC, 0x71, 0xD1, 0x49, 0xAE, 0xBB, 0xAC, 0x46, 0x63, 0xB6, 0x49, 0x89,
    0x77, 0x65, 0xD4, 0x23, 0x40, 0xF5, 0x56, 0x76, 0x16, 0xB6, 0x78, 0x0C, 0xDF, 0x55, 0x71, 0x63,
    0x1E, 0xE3, 0x1B, 0x16, 0x49, 0x0A, 0xA8, 0xF1, 0x14, 0x9E, 0x2C, 0xD1, 0x6A, 0x71, 0x25, 0x6F,
    0xA9, 0x89, 0xA6, 0x4E, 0x55, 0xDA, 0xE5, 0xC0, 0xBF, 0x20, 0xAD, 0xFD, 0x12, 0xCF, 0x2A, 0x90,
    0xB9, 0x23, 0xB5, 0x99, 0x3B, 0x7A, 0x74, 0x3A, 0xDA, 0x2B, 0xCF, 0x11, 0xA4, 0xF2, 0x0E, 0x55,
    0x7B, 0x48, 0xC5, 0xED, 0xCB, 0x8C, 0xFA, 0x1D, 0x93, 0x82, 0x30, 0xBF, 0xFF, 0xE9, 0x68, 0x79,
    0xE5, 0xD7, 0x5F, 0x43, 0x3E, 0xFF, 0x40, 0xE9, 0x5F, 0x63, 0xBC, 0xBE, 0xD3, 0xA9, 0x1D, 0x5D,
    0xA9, 0x3B, 0x57, 0x4F, 0xC7, 0x06, 0x3E, 0x2B, 0x66, 0x6E, 0xD6, 0xD5, 0xCA, 0xA4, 0xFE, 0xBB,
    0xC5, 0xE3, 0x9B, 0x56, 0x34, 0x6B, 0x91, 0xBE, 0x39, 0xDD, 0xCC, 0xA4, 0xDD, 0x25, 0xD1, 0x6C,
    0x74, 0x59, 0x93, 0x8C, 0x1A, 0xD1, 0x08, 0xA9, 0xAA, 0x7B, 0xAD, 0x27, 0x0D, 0xD5, 0xA4, 0xA3,
    0x7B, 0x1D, 0x5C, 0x22, 0x21, 0xE1, 0x82, 0xFA, 0x76, 0x60, 0x19, 0xD4, 0xB8, 0xE1, 0xF5, 0xB9,
    0xE6, 0x06, 0xAF, 0x81, 0xFD, 0x1B, 0xFB, 0xAF, 0x37, 0x47, 0x57, 0xC0, 0xA3, 0x3C, 0x57, 0xF8,
    0x3A, 0x30, 0x2F, 0xF6, 0x0A, 0xD0, 0x13, 0xB8, 0xBD, 0x56, 0xEF, 0x65, 0xD9, 0xF7, 0x59, 0xAC,
    0x1D, 0x03, 0x29, 0xD7, 0x06, 0xA2, 0xA1, 0xA3, 0x63, 0xBB, 0x8D, 0xA5, 0x4E, 0x29, 0xF1, 0x36,
    0xF2, 0x62, 0x37, 0xED, 0xAD, 0x65, 0x0A, 0x3C, 0xB6, 0xEA, 0x8E, 0x69, 0xB3, 0x82, 0xE9, 0x60,
    0x9F, 0x58, 0x5E, 0x30, 0x1C, 0xE7, 0x55, 0x39, 0xD3, 0x02, 0x1D, 0xE7, 0x7C, 0xA5, 0x24, 0xED,
    0x56, 0xE6, 0x6C, 0x97, 0xE6, 0x2C, 0xA6, 0xC0, 0x99, 0x65, 0xBE, 0x57, 0x34, 0x32, 0x97, 0xDE,
    0x32, 0xED, 0xE6, 0x69, 0x34, 0x3C, 0x91, 0x5E, 0x1C, 0x2C, 0x4C, 0x72, 0x59, 0x49, 0xC8, 0x7F,
    0x48, 0xC5, 0xED, 0x8F, 0x25, 0xF2, 0xFD, 0x40, 0x32, 0xDA, 0x1B, 0x72, 0xE4, 0x0F, 0xAD, 0x30,
    0x55, 0x97, 0x8C, 0xCB, 0x35, 0xD3, 0x8C, 0x99, 0x6B, 0x9E, 0xEC, 0xE5, 0x52, 0x29, 0xA9, 0x58,
    0xC6, 0x20, 0x1D, 0xE3, 0x82, 0x9D, 0x71, 0xB1, 0x60, 0xA7, 0x5C, 0x2D, 0xD8, 0x31, 0x75, 0x54,
    0xD9, 0x2E, 0x69, 0xFF, 0xA4, 0x2B, 0xDA, 0xB0, 0xFB, 0x75, 0x13, 0xEE, 0x55, 0x39, 0x5C, 0xA0,
    0x0A, 0xF7, 0x99, 0xF5, 0x29, 0x16, 0x91, 0x58, 0xC9, 0x12, 0x2F, 0x7B, 0x90, 0x6C, 0x5F, 0x9C,
    0x4E, 0x87, 0xF3, 0xF0, 0x8F, 0xCF, 0x67, 0x9E, 0x5C, 0xDF, 0xCD, 0x9A, 0x8F, 0x7A, 0x22, 0xE7,
    0x9D, 0x63, 0x32, 0xFE, 0x34, 0xD3, 0xF7, 0xF4, 0x5A, 0x30, 0x59, 0x07, 0xE3, 0x16, 0xC2, 0xB8,
    0x95, 0x30, 0xD3, 0x52, 0x18, 0xC7, 0xD9, 0xB7, 0x8B, 0x61, 0x2E, 0xD4, 0x8E, 0x61, 0x1E, 0xA6,
    0x5C, 0xE1, 0x24, 0xD3, 0x96, 0x47, 0x2C, 0x91, 0x39, 0x99, 0xBD, 0x98, 0x09, 0x80, 0x0A, 0x30,
    0x0B, 0x88, 0xF6, 0x5C, 0x06, 0x30, 0xF3, 0x7F, 0xC3, 0xEA, 0x27, 0xF2, 0xC7, 0x3D, 0xF8, 0x92,
    0x32, 0xA4, 0xBF, 0x01, 0xE1, 0x88, 0x2A, 0xAA, 0x97, 0x8C, 0xCC, 0x73, 0x1E, 0x71, 0x91, 0x06,
    0x17, 0xED, 0x55, 0x88, 0x27, 0x8D, 0x13, 0x4E, 0x77, 0x09, 0xD2, 0xA5, 0x22, 0x8F, 0xC0, 0x91,
    0xE2, 0xBA, 0x78, 0xB7, 0x28, 0xB9, 0x88, 0xE8, 0xB2, 0x98, 0xB5, 0x71, 0xC3, 0x50, 0xE6, 0x27,
    0x6B, 0xB7, 0xA8, 0xEA, 0xCE, 0x72, 0xA2, 0xEC, 0x91, 0xE2, 0x94, 0xB2, 0xF9, 0x79, 0x91, 0x26,
    0x78, 0x66, 0x48, 0x5A, 0x13, 0xAA, 0x8B, 0x91, 0x2E, 0xE1, 0xAA, 0xA0, 0x32, 0x56, 0x3D, 0xAB,
    0x0A, 0x30, 0x87, 0x4C, 0xD9, 0xEB, 0xA3, 0xCA, 0xE6, 0x69, 0x19, 0x7F, 0x6A, 0x70, 0x4E, 0x3D,
    0x17, 0x05, 0xDA, 0x3C, 0x2E, 0xFD, 0xDC, 0x2F, 0xCF, 0x44, 0x8F, 0x78, 0xEA, 0xC6, 0xF0, 0x83,
    0x01, 0x3A, 0x4D, 0x54, 0xDD, 0x73, 0xB3, 0x9F, 0xA7, 0xA1, 0xC7, 0x13, 0xCA, 0x6A, 0x8E, 0x94,
    0x15, 0x41, 0xE5, 0xEA, 0x94, 0x3B, 0x71, 0xEA, 0xC1, 0xEF, 0xA4, 0xDC, 0xC8, 0x7A, 0xFA, 0x71,
    0x32, 0x26, 0x38, 0x87, 0xB3, 0x00, 0xB2, 0x7E, 0x23, 0xB2, 0xEA, 0x19, 0x48, 0x58, 0x50, 0x46,
    0xF8, 0x27, 0x38, 0x56, 0xB8, 0x6B, 0xC8, 0xF8, 0xFA, 0x34, 0x40, 0x5E, 0x85, 0x2D, 0x74, 0x25,
    0xDC, 0x2A, 0x1C, 0xB7, 0x79, 0x80, 0x64, 0x01, 0xCC, 0x01, 0x92, 0xA9, 0xDE, 0x38, 0xB3, 0xFF,
    0x53, 0xEF, 0x4F, 0x4A, 0x7D, 0x0E, 0x0A, 0xEA, 0xF2, 0x9E, 0xB4, 0x83, 0xC7, 0x29, 0x2A, 0xCE,
    0x15, 0x5C, 0x3B, 0x9D, 0x3E, 0x15, 0x73, 0xEE, 0x89, 0x30, 0x98, 0xCA, 0xBE, 0x37, 0x18, 0x8C,
    0xD3, 0xFB, 0x09, 0x97, 0x1A, 0xED, 0x28, 0x61, 0xC9, 0x4F, 0x52, 0x54, 0x9A, 0xD2, 0xED, 0xCC,
    0xDD, 0x9A, 0x91, 0xF2, 0x75, 0x59, 0xB2, 0xCA, 0x33, 0x76, 0x25, 0xD9, 0x95, 0x84, 0xA4, 0x74,
    0xA3, 0x56, 0x3D, 0x98, 0xCA, 0x72, 0xD8, 0x59, 0x42, 0x65, 0x88, 0x4D, 0x10, 0x2D, 0x79, 0x7A,
    0x38, 0x6C, 0x4B, 0x17, 0xC1, 0x54, 0xCA, 0x38, 0xB4, 0x0F, 0x57, 0x65, 0xA1, 0xB2, 0x2F, 0x0B,
    0x9E, 0x52, 0x67, 0x99, 0x64, 0xEA, 0x0D, 0x41, 0x2B, 0x2B, 0x15, 0xBC, 0x0D, 0xCD, 0x94, 0xF2,
    0xB3, 0xB0, 0x43, 0x59, 0xBC, 0x20, 0xE6, 0x74, 0xEE, 0x7A, 0x36, 0xE8, 0xF9, 0x58, 0x44, 0xE7,
    0xCE, 0x3D, 0x70, 0x47, 0xB2, 0xF9, 0x2C, 0xBA, 0xCF, 0x03, 0x44, 0x0A, 0xE8, 0xE2, 0x0D, 0x97,
    0x58, 0xEF, 0xF8, 0x64, 0x36, 0x10, 0x3B, 0xC4, 0xB0, 0xC3, 0x28, 0xD5, 0xF7, 0x23, 0x74, 0x78,
    0x70, 0xAC, 0x0E, 0xFE, 0xB4, 0x64, 0x4B, 0x98, 0x60, 0x7E, 0xD4, 0x82, 0x9B, 0x09, 0x2E, 0xDB,
    0x57, 0x26, 0xF1, 0x05, 0x9E, 0xDD, 0xB6, 0x1D, 0xDB, 0xED, 0x38, 0x99, 0xF9, 0x5B, 0xEE, 0x47,
    0xC9, 0x1C, 0x8C, 0x31, 0x6E, 0xEF, 0x64, 0x46, 0xD2, 0xE2, 0x09, 0x5B, 0xFF, 0x5B, 0x2E, 0x37,
    0xDE, 0x95, 0xBB, 0x7A, 0xFD, 0x3A, 0x94, 0x65, 0x2C, 0x81, 0xD7, 0x0E, 0xE1, 0xED, 0xC1, 0x25,
    0x58, 0xF2, 0x61, 0x3A, 0x34, 0x61, 0x28, 0x18, 0x09, 0xEA, 0xC5, 0x16, 0xF7, 0x8C, 0x92, 0xD7,
    0x04, 0x77, 0x04, 0xFF, 0x52, 0xF0, 0x1F, 0x89, 0x5C, 0xC5, 0xAD, 0xBB, 0xE0, 0x5F, 0xB8, 0xF6,
    0x4E, 0x3F, 0xEC, 0x38, 0x3E, 0x6F, 0x0C, 0xA9, 0x6F, 0x07, 0xF6, 0xD1, 0xAC, 0x26, 0x9A, 0x14,
    0xA9, 0x5B, 0xB1, 0x07, 0x47, 0xFE, 0x1F, 0xEC, 0x31, 0xA9, 0x59, 0xA6, 0x2D, 0x57, 0x90, 0x6A,
    0x22, 0x03, 0xF5, 0xAD, 0xFA, 0x42, 0x0F, 0xC2, 0x18, 0xF4, 0x18, 0x6B, 0x61, 0x1F, 0x15, 0x00,
    0x4D, 0xB8, 0x5A, 0x20, 0x1A, 0x3C, 0x47, 0x78, 0x01, 0xD9, 0x5C, 0x7B, 0xCB, 0xC2, 0x89, 0xDF,
    0x19, 0x01, 0x0D, 0xF3, 0xBA, 0xDA, 0xFE, 0x19, 0xEE, 0x60, 0x1B, 0xE4, 0x77, 0xD9, 0x6D, 0xF5,
    0xFF, 0xFC, 0x13, 0xE1, 0x42, 0x8D, 0x90, 0xC9, 0xF4, 0xB8, 0x38, 0x20, 0x5B, 0x1D, 0x94, 0xEA,
    0x34, 0x8D, 0xE0, 0xE3, 0xC9, 0xE8, 0x1F, 0xA5, 0xB2, 0xA4, 0x55, 0x4C, 0x21, 0x53, 0xD6, 0x6E,
    0xEA, 0x76, 0xB7, 0xBE, 0x70, 0x53, 0xFC, 0x04, 0x4F, 0x84, 0x75, 0xB8, 0xEF, 0xFB, 0xA1, 0x2C,
    0x21, 0x2E, 0xA7, 0x02, 0x67, 0xB8, 0x77, 0x56, 0x46, 0x99, 0x1E, 0xEE, 0xAF, 0x17, 0x62, 0x08,
    0xAF, 0xBB, 0x27, 0xE5, 0x95, 0x37, 0xE5, 0x7D, 0xBF, 0xF9, 0x33, 0x86, 0x32, 0xD5, 0x85, 0x1B,
    0xC8, 0x11, 0xD4, 0x51, 0x4D, 0xFF, 0x1C, 0x30, 0xE4, 0xC2, 0x89, 0x2C, 0x9F, 0xE3, 0x1C, 0x58,
    0xCC, 0x8E, 0x1D, 0x0E, 0x67, 0x66, 0x2A, 0x57, 0x05, 0x8B, 0x2A, 0x2E, 0xBE, 0x33, 0x3F, 0xE3,
    0x7D, 0xB2, 0xEF, 0xD1, 0x4D, 0xF5, 0x74, 0xB7, 0x7E, 0xB5, 0xF3, 0x29, 0x19, 0x50, 0xEA, 0xAE,
    0xA6, 0x50, 0x70, 0x26, 0x01, 0x57, 0x45, 0x47, 0x35, 0xAB, 0xEB, 0xEF, 0x20, 0x6C, 0x3D, 0x17,
    0x9E, 0x91, 0x7F, 0xB9, 0xC8, 0xFE, 0x20, 0x4C, 0xDC, 0xFD, 0x93, 0x25, 0x96, 0x03, 0xE6, 0xDF,
    0xD5, 0xBC, 0x38, 0x93, 0x3C, 0xFD, 0x64, 0x6A, 0xFE, 0x62, 0xA1, 0xE6, 0xE6, 0x3F, 0x1C, 0xF7,
    0xE6, 0x1A, 0x6F, 0xB0, 0xF7, 0x23, 0x3A, 0x91, 0xCA, 0xE5, 0xA0, 0x8E, 0x49, 0x6F, 0xCB, 0x75,
    0x73, 0x1D, 0x77, 0xAE, 0xEA, 0x0A, 0xB3, 0x76, 0x4C, 0xCF, 0x2F, 0x97, 0xFD, 0xA4, 0xF9, 0xD2,
    0x8F, 0x30, 0xF4, 0xF0, 0x6A, 0x1A, 0xF8, 0xA2, 0x68, 0x4C, 0xB9, 0xB2, 0x8B, 0x73, 0xE7, 0x2C,
    0x2D, 0x70, 0xD6, 0x9D, 0x96, 0xE2, 0xBC, 0x2D, 0xEB, 0x20, 0x0C, 0x9A, 0x30, 0x24, 0xC3, 0x6D,
    0xAA, 0x47, 0x2E, 0x04, 0x45, 0xEE, 0x64, 0x29, 0x53, 0xC1, 0x05, 0x42, 0x1D, 0x79, 0xC7, 0x8E,
    0x4D, 0x49, 0x48, 0xAB, 0x37, 0xEC, 0xDB, 0x5C, 0x70, 0x5B, 0x77, 0xC5, 0x43, 0x92, 0x82, 0xA6,
    0xCD, 0x1E, 0x92, 0x77, 0xFE, 0xA6, 0x49, 0xDE, 0xE7, 0x92, 0xAF, 0xFD, 0xDA, 0xFC, 0x57, 0x49,
    0xAE, 0x8A, 0xFC, 0x3F, 0x15, 0xEE, 0xA4, 0x5D, 0x80, 0xC8, 0xA7, 0x57, 0x15, 0x8D, 0xEA, 0xC0,
    0xB2, 0x2D, 0x2D, 0x47, 0x12, 0x99, 0xFE, 0xE8, 0x65, 0x01, 0x68, 0xED, 0xD5, 0xEB, 0x8C, 0xB5,
    0xF1, 0xFE, 0x3E, 0xAC, 0x6D, 0x1F, 0xF4, 0xBA, 0xDB, 0x25, 0xF6, 0x21, 0xD0, 0x17, 0x54, 0x0E,
    0x3B, 0x41, 0x64, 0x5C, 0xC4, 0x08, 0xE8, 0x37, 0x51, 0x87, 0x4F, 0x75, 0xD4, 0xE1, 0xB5, 0x8C,
    0x3A, 0xDD, 0xE9, 0x3C, 0x1C, 0xB2, 0x21, 0x83, 0x10, 0xBD, 0x50, 0x83, 0x4A, 0xBC, 0x8F, 0xA3,
    0xC3, 0xAE, 0x0E, 0x9A, 0xC9, 0x3F, 0xC4, 0xC6, 0x71, 0xF3, 0x07, 0x85, 0x20, 0xDD, 0x94, 0xD6,
    0x61, 0x4B, 0x6D, 0xAB, 0x8C, 0x73, 0x3A, 0x25, 0x74, 0x00, 0x91, 0x80, 0x32, 0x3E, 0x19, 0x5B,
    0xCA, 0x92, 0x26, 0x0E, 0xF2, 0x6F, 0x53, 0x15, 0xE7, 0xFD, 0x4C, 0xB3, 0x23, 0x2D, 0x76, 0x4F,
    0x8A, 0xAD, 0xD2, 0xAA, 0xB2, 0xF8, 0x66, 0x95, 0xCD, 0xAE, 0x30, 0xDD, 0xA0, 0x23, 0x80, 0x46,
    0xDC, 0x66, 0x62, 0xE7, 0x32, 0xBF, 0xAC, 0x15, 0x18, 0x9D, 0x91, 0xEE, 0xE3, 0x46, 0x0B, 0x03,
    0x99, 0xDA, 0x6F, 0x2D, 0xB4, 0xDF, 0xED, 0xC3, 0x21, 0xEC, 0x3D, 0xEC, 0xEA, 0x5E, 0x28, 0xF6,
    0x50, 0x0D, 0xAD, 0x10, 0xF4, 0x41, 0x15, 0xC0, 0xAC, 0xC1, 0xA0, 0xD1, 0xD1, 0xD1, 0xD9, 0xEC,
    0x9B, 0x6E, 0xB6, 0x8D, 0xF9, 0xB2, 0x72, 0xCB, 0xF5, 0x0C, 0x8C, 0x90, 0xFC, 0x30, 0x95, 0x74,
    0x4D, 0x3A, 0x1A, 0x12, 0x5C, 0x2E, 0x8A, 0xE8, 0xC8, 0x37, 0x1D, 0x3A, 0x7B, 0xAC, 0x7C, 0xD1,
    0x05, 0xD9, 0xC3, 0x4D, 0x43, 0xC5, 0xF3, 0x8A, 0x46, 0xE1, 0xAB, 0xB2, 0xC4, 0xD0, 0x5B, 0xAE,
    0x3D, 0xE7, 0x7C, 0x2B, 0xA0, 0x42, 0x12, 0x6F, 0xD2, 0x80, 0x35, 0x75, 0xCD, 0x1E, 0x6E, 0xBA,
    0x39, 0x32, 0x71, 0xA8, 0xBB, 0x73, 0xC7, 0xCD, 0xBC, 0xFB, 0xBC, 0x24, 0xC4, 0xB3, 0xA5, 0xC7,
    0x93, 0xA2, 0x12, 0xC3, 0x42, 0xB3, 0xA6, 0x60, 0xF2, 0x64, 0xEF, 0x66, 0x91, 0x17, 0x5C, 0xBA,
    0x5D, 0xB8, 0xF5, 0xDB, 0xAC, 0x09, 0x15, 0x8E, 0x70, 0x32, 0x8D, 0x66, 0xAA, 0x70, 0x75, 0xB5,
    0xFE, 0xBD, 0x99, 0xF6, 0x5A, 0xE7, 0x71, 0x1E, 0xE3, 0xE6, 0xBF, 0xC5, 0xE2, 0x3A, 0x8B, 0xE0,
    0x8C, 0x31, 0x46, 0x46, 0x7D, 0xE3, 0xB5, 0x5E, 0x13, 0x56, 0x01, 0xAC, 0x48, 0x57, 0x87, 0xDF,
    0xF2, 0x8F, 0x77, 0x6E, 0x1A, 0x7B, 0x54, 0x53, 0x91, 0x5C, 0xDE, 0x79, 0xDD, 0xC1, 0xE5, 0xF5,
    0x67, 0xAE, 0xE2, 0x5C, 0xB6, 0x61, 0x4D, 0x65, 0xB9, 0x90, 0xF3, 0xA4, 0xEA, 0xC9, 0xE3, 0x35,
    0x3C, 0xD5, 0x5B, 0xAC, 0x04, 0x19, 0x4E, 0xFB, 0xB8, 0xBF, 0xED, 0x0D, 0x1B, 0xF7, 0x7B, 0x6E,
    0xCD, 0xC8, 0xFE, 0x14, 0x94, 0x5E, 0x8B, 0x8E, 0xFA, 0xE0, 0xC1, 0xE1, 0x2C, 0xF9, 0x84, 0xBA,
    0xFE, 0x2F, 0xD5, 0x5A, 0x3D, 0xAF, 0xE6, 0xD4, 0x11, 0x1E, 0xDB, 0x70, 0xAD, 0x60, 0x05, 0x53,
    0x10, 0x91, 0x04, 0x05, 0xA7, 0x48, 0x11, 0x0A, 0xD6, 0x4D, 0xBA, 0xEC, 0xBE, 0xC7, 0xCB, 0x16,
    0x14, 0x29, 0xB2, 0x14, 0xA4, 0x21, 0x05, 0x05, 0x5D, 0x22, 0x5D, 0xBA, 0xA0, 0xE8, 0xEE, 0xDA,
    0x08, 0x89, 0x94, 0x2C, 0xBF, 0x20, 0xF9, 0x07, 0xAC, 0x94, 0x55, 0x14, 0x29, 0xDC, 0x6B, 0x2F,
    0x5B, 0xD0, 0x9A, 0x8F, 0x88, 0xD6, 0x84, 0x55, 0x9A, 0x14, 0x78, 0xB3, 0x86, 0xF5, 0xD5, 0xDA,
    0x3E, 0x79, 0x9E, 0x39, 0xF6, 0xFB, 0x71, 0x17, 0x50, 0x12, 0x58, 0xAE, 0xF0, 0x7D, 0x3D, 0x73,
    0xDE, 0xD7, 0x1F, 0xE7, 0xCC, 0x9C, 0x39, 0x33, 0xCF, 0xCC, 0xB9, 0x22, 0x38, 0x2E, 0x8B, 0x1E,
    0x36, 0x13, 0xDF, 0xDE, 0x14, 0x5B, 0x88, 0xB1, 0x36, 0x2B, 0x0B, 0xCF, 0xBE, 0x51, 0x36, 0x71,
    0x16, 0x8E, 0x92, 0x74, 0x89, 0xC4, 0xBD, 0xC4, 0xC3, 0x81, 0x24, 0xAD, 0x84, 0xB6, 0x15, 0xD3,
    0x4A, 0x60, 0x45, 0x4C, 0xA3, 0x2C, 0xAF, 0xBF, 0x9C, 0x4D, 0x7A, 0x67, 0x38, 0x08, 0x9F, 0x8B,
    0xC0, 0xD2, 0x4E, 0xE2, 0x4E, 0xF0, 0x42, 0x49, 0x1B, 0xC1, 0x6D, 0xCF, 0xA2, 0x53, 0x0C, 0xC0,
    0x8E, 0x1C, 0xC7, 0xE3, 0xF6, 0x8A, 0x1B, 0x90, 0x97, 0x81, 0xC4, 0x2D, 0x48, 0xD2, 0xB1, 0xD5,
    0x83, 0xF8, 0x9D, 0xEC, 0x1F, 0x7B, 0x6D, 0x60, 0xED, 0xAB, 0x4D, 0xDC, 0xE7, 0x9F, 0x54, 0x69,
    0x13, 0x4F, 0x62, 0x2A, 0x5C, 0xCC, 0x2B, 0xBC, 0xBA, 0x24, 0xB1, 0x8E, 0xC4, 0xFC, 0xAA, 0x17,
    0xD0, 0x99, 0xA9, 0x31, 0xF4, 0xF4, 0xD3, 0xB2, 0x92, 0xC8, 0x62, 0x58, 0x5E, 0x79, 0xD3, 0x75,
    0x22, 0x49, 0xA1, 0xCC, 0xD4, 0xB9, 0xAD, 0xCD, 0x60, 0x9A, 0xDC, 0x56, 0x66, 0x48, 0x1B, 0x8C,
    0x36, 0x18, 0xC2, 0x3A, 0xEC, 0xC9, 0xAA, 0xA8, 0xC7, 0xF0, 0xE3, 0x0C, 0x2C, 0x1A, 0x8F, 0x04,
    0x2C, 0x86, 0x12, 0xC8, 0x30, 0x62, 0xBC, 0x3C, 0xE9, 0x95, 0xA5, 0x8E, 0xAD, 0x1C, 0xBB, 0xDC,
    0xE9, 0xE8, 0xFF, 0xE6, 0xD8, 0x6D, 0x65, 0xBE, 0xB2, 0x2E, 0x78, 0xBF, 0xA5, 0xF4, 0xC9, 0x0D,
    0xB0, 0xD0, 0xDA, 0x67, 0xF0, 0xA3, 0x6F, 0xC7, 0x10, 0x33, 0x20, 0x79, 0x13, 0x91, 0x2D, 0xE2,
    0x4B, 0xD2, 0x90, 0xA6, 0xED, 0x86, 0x06, 0xED, 0xE3, 0x9D, 0x67, 0x83, 0xA6, 0x1C, 0x7C, 0x1B,
    0x55, 0x8F, 0x0D, 0x81, 0x2D, 0x33, 0x8C, 0xD1, 0x0E, 0x18, 0x62, 0x54, 0x66, 0x1C, 0x68, 0x89,
    0xD7, 0x0E, 0x4F, 0x80, 0x46, 0xFD, 0x53, 0x4A, 0xCF, 0x42, 0xE4, 0xA8, 0x7B, 0xD9, 0xB2, 0xF3,
    0x6B, 0x13, 0x69, 0x0B, 0x1A, 0xD9, 0xC6, 0xBE, 0x80, 0x01, 0x54, 0x10, 0xC6, 0x9B, 0x24, 0x9F,
    0xF5, 0xBE, 0x75, 0x04, 0x85, 0x5F, 0xCC, 0xAD, 0x2E, 0xA9, 0xE6, 0x1F, 0xA7, 0x72, 0xB9, 0x6C,
    0x86, 0xA5, 0x95, 0xB4, 0x4B, 0x2B, 0xAC, 0xB6, 0x9E, 0x8F, 0xAD, 0x3D, 0x16, 0x29, 0xAD, 0x9D,
    0xD0, 0xB2, 0x0D, 0x5B, 0xD6, 0xB3, 0xD7, 0x73, 0x4C, 0x4F, 0x06, 0xDD, 0x95, 0x55, 0x68, 0x65,
    0xA0, 0xFA, 0x6C, 0xE5, 0xD9, 0xA2, 0xA7, 0x7D, 0xD8, 0x0A, 0x9F, 0x4E, 0x59, 0x21, 0x65, 0x0D,
    0xC5, 0x14, 0x6C, 0xE5, 0x30, 0x20, 0x0C, 0x9F, 0xD6, 0xD9, 0xD0, 0x70, 0xE6, 0x16, 0x2C, 0x69,
    0xBE, 0x8A, 0x8F, 0xB6, 0x6A, 0x3E, 0x4A, 0x63, 0x2E, 0x2B, 0xDA, 0x1F, 0x5B, 0xB0, 0x87, 0x49,
    0xBE, 0x87, 0x96, 0x6F, 0xB3, 0x64, 0x90, 0x95, 0x67, 0xB3, 0x70, 0x62, 0x5F, 0x97, 0xD0, 0xC2,
    0xA4, 0xA1, 0x97, 0xD1, 0xB7, 0xBF, 0xB2, 0x8D, 0x67, 0xFF, 0xFE, 0xFC, 0x00, 0xEB, 0x9F, 0x60,
    0x93, 0xD6, 0xB2, 0x75, 0xC5, 0xB5, 0x4E, 0xEA, 0xE5, 0x9C, 0x9C, 0x5D, 0x04, 0x7F, 0xA5, 0x9F,
    0x5B, 0xD1, 0xDD, 0x66, 0x96, 0x37, 0xC0, 0x08, 0x9C, 0xBC, 0x42, 0x53, 0x53, 0x79, 0xE5, 0x12,
    0x6E, 0x51, 0x79, 0xDD, 0x62, 0xA3, 0xBC, 0x73, 0x0B, 0x1F, 0x6B, 0x9D, 0x6C, 0x65, 0xBD, 0xB4,
    0xF2, 0x86, 0xC3, 0x70, 0x52, 0xF6, 0x5E, 0xEF, 0x5A, 0x1F, 0xB5, 0x41, 0x3B, 0x5F, 0xFD, 0x53,
    0x5C, 0x2D, 0xF2, 0x1A, 0x99, 0xE5, 0x95, 0x61, 0x91, 0xD7, 0x6F, 0xB5, 0x05, 0x79, 0xA3, 0x3A,
    0xCE, 0x9C, 0xBC, 0x49, 0x96, 0x88, 0x93, 0xF7, 0xF2, 0x23, 0x46, 0x54, 0x5E, 0x61, 0x1F, 0x8B,
    0xBC, 0xDA, 0xBA, 0xB2, 0x5E, 0x86, 0x9B, 0xE3, 0x65, 0xB9, 0xA6, 0x53, 0x6D, 0xD8, 0x39, 0x44,
    0x49, 0x3E, 0xA9, 0x68, 0x5F, 0xA2, 0x86, 0xEA, 0x0F, 0xE2, 0x4F, 0xA2, 0x5C, 0xFA, 0x99, 0xCB,
    0x86, 0xEF, 0xDF, 0x1D, 0x3C, 0xBC, 0xD0, 0x87, 0x0E, 0x7D, 0x5A, 0xC1, 0x98, 0x90, 0x0F, 0x49,
    0x1B, 0x0D, 0x01, 0x84, 0x31, 0x75, 0x3C, 0x04, 0x75, 0x54, 0xE5, 0x15, 0x7E, 0x2F, 0xD2, 0xAC,
    0xAC, 0x52, 0x3C, 0x77, 0x08, 0xC1, 0x56, 0x83, 0x78, 0xB0, 0x82, 0xE2, 0xE7, 0x30, 0x6B, 0x8C,
    0xB3, 0xF8, 0x1D, 0x16, 0x5B, 0x71, 0xA6, 0x2C, 0x6E, 0xF7, 0xB2, 0x92, 0x73, 0x65, 0xF5, 0x71,
    0x2F, 0x43, 0x76, 0x68, 0x3E, 0xBC, 0x31, 0x5C, 0xE0, 0xFB, 0xEC, 0x05, 0xFB, 0x21, 0x78, 0x38,
    0x7A, 0x13, 0xBE, 0xF7, 0xD0, 0x3E, 0x45, 0xAA, 0x92, 0x99, 0x7B, 0xB6, 0x16, 0x5D, 0x9E, 0x54,
    0x7A, 0xD2, 0x9D, 0xE0, 0xED, 0x16, 0xCF, 0x36, 0x3C, 0xBD, 0x97, 0x7B, 0xF7, 0x70, 0x59, 0x78,
    0x58, 0x19, 0xE5, 0xD1, 0xCC, 0x63, 0x72, 0xDF, 0x3E, 0x97, 0x93, 0x43, 0xB3, 0xB6, 0x80, 0xB9,
    0x2E, 0x5C, 0x0F, 0x4C, 0x9D, 0x1E, 0xE5, 0xBC, 0x62, 0x66, 0xD3, 0xF0, 0x67, 0xF5, 0x87, 0xDD,
    0xCC, 0xE7, 0xDB, 0xBC, 0x65, 0x3E, 0x52, 0xE7, 0x1F, 0xE0, 0xD6, 0x68, 0x2B, 0x65, 0x9D, 0x28,
    0x9B, 0x65, 0xCC, 0x64, 0xB1, 0xAB, 0x35, 0xF3, 0x4A, 0xFD, 0x31, 0xA2, 0xA5, 0xC1, 0x3D, 0xC0,
    0xDA, 0x75, 0xF4, 0x8E, 0x99, 0x85, 0x79, 0x27, 0x18, 0x97, 0x77, 0xE5, 0xE4, 0xAA, 0x9C, 0x58,
    0x95, 0x93, 0xAA, 0x72, 0x42, 0x55, 0x4E, 0x16, 0xC7, 0xF2, 0x79, 0x48, 0x6E, 0x80, 0x2E, 0xA0,
    0xFC, 0xF8, 0x2D, 0xF7, 0x9B, 0x13, 0xA3, 0x74, 0x42, 0x1B, 0xD8, 0xE9, 0x80, 0x1B, 0x4A, 0x7A,
    0x80, 0x10, 0xB6, 0x51, 0x04, 0x6C, 0x05, 0xFC, 0x2D, 0xA4, 0xFD, 0xCC, 0x64, 0x6F, 0x02, 0x89,
    0x71, 0x4B, 0xFF, 0xB0, 0x2D, 0x22, 0x75, 0xEE, 0x20, 0x45, 0xD4, 0x49, 0x79, 0x92, 0xC0, 0xD5,
    0xC2, 0x99, 0x6C, 0xC8, 0x54, 0x59, 0xCA, 0x6A, 0x69, 0x97, 0xB4, 0x4C, 0x51, 0x7D, 0xD2, 0x1C,
    0x9F, 0xE5, 0x50, 0xB8, 0x2A, 0x9D, 0x72, 0x8E, 0xE8, 0x9F, 0x10, 0x4A, 0x3A, 0x6B, 0xDB, 0xD8,
    0x76, 0xAE, 0xE1, 0x61, 0xB1, 0xE7, 0x59, 0x84, 0x67, 0xB0, 0x0C, 0x52, 0x41, 0xF4, 0x93, 0x3B,
    0x16, 0x26, 0xC7, 0xE8, 0xF5, 0xE9, 0xD2, 0xE8, 0x60, 0x9F, 0xAE, 0x91, 0x57, 0x2B, 0x8D, 0x68,
    0x9D, 0x69, 0xB4, 0xE1, 0x75, 0x49, 0xEB, 0x1A, 0x6D, 0xDC, 0xCF, 0x8D, 0x70, 0x38, 0xE7, 0x1A,
    0xC1, 0x38, 0x37, 0x7C, 0x7B, 0x8E, 0x3E, 0xCC, 0x83, 0xB7, 0x3B, 0x64, 0x03, 0xCB, 0xB5, 0x1C,
    0xE7, 0x86, 0x19, 0x19, 0xE9, 0x10, 0xE7, 0xB0, 0x12, 0xD0, 0x30, 0xB6, 0x88, 0xE7, 0x46, 0x86,
    0x67, 0xE3, 0x6E, 0x0E, 0x0D, 0x6B, 0x87, 0x9B, 0x2E, 0x0D, 0xB3, 0x38, 0xDE, 0x32, 0xDB, 0x35,
    0x24, 0xF6, 0x33, 0x1F, 0x99, 0xEC, 0x46, 0x3D, 0x38, 0x17, 0xA7, 0x02, 0xF2, 0x4E, 0xB9, 0x53,
    0x00, 0xAE, 0xAB, 0xFC, 0x32, 0x8B, 0x2F, 0x4E, 0x7A, 0xAF, 0x2C, 0x54, 0xF8, 0x00, 0x5A, 0xA4,
    0xEC, 0x7E, 0xD9, 0x3A, 0xD1, 0x93, 0xD6, 0x49, 0x0E, 0xAE, 0x82, 0x93, 0x53, 0x6E, 0x72, 0x8A,
    0x4D, 0x4E, 0xA9, 0xD3, 0xC6, 0x09, 0x9D, 0x36, 0x4E, 0x66, 0xE5, 0x46, 0xB9, 0x4A, 0x9C, 0xD6,
    0x4E, 0x60, 0xDA, 0x15, 0xE5, 0x55, 0xA1, 0x20, 0xAE, 0x59, 0xC6, 0xEB, 0xD8, 0xA3, 0xAB, 0xDD,
    0x00, 0x64, 0xDA, 0x5D, 0xB1, 0x96, 0xA0, 0xDE, 0x6C, 0x5F, 0x9D, 0xBF, 0x2D, 0xF7, 0xAC, 0x97,
    0x53, 0x13, 0xF6, 0x90, 0xCB, 0xF6, 0xA9, 0x85, 0x58, 0xBF, 0xE9, 0x8D, 0x7D, 0xBA, 0x6C, 0xC3,
    0xFE, 0xAF, 0x30, 0x25, 0xB0, 0x16, 0x21, 0xA3, 0x0D, 0x3F, 0x75, 0xEC, 0xB3, 0xDA, 0x42, 0x92,
    0xF0, 0x76, 0xA5, 0xEC, 0x0E, 0x59, 0x13, 0xDE, 0x79, 0xC5, 0xE2, 0x1D, 0x11, 0xE2, 0xDA, 0x16,
    0x9B, 0x3C, 0xFB, 0x48, 0x5A, 0x47, 0x30, 0xF0, 0xCE, 0x28, 0x2E, 0xB9, 0x32, 0x4F, 0xCF, 0x2C,
    0x88, 0xD9, 0x16, 0x63, 0x96, 0x62, 0x1E, 0xE6, 0x66, 0x7C, 0x41, 0x16, 0x60, 0xC2, 0xC2, 0x86,
    0x0B, 0xDE, 0x9B, 0xD4, 0x96, 0xCB, 0xDE, 0x0D, 0x59, 0x83, 0xAB, 0xDE, 0xF8, 0xE0, 0xC5, 0xCD,
    0xB3, 0xA5, 0x5A, 0x87, 0xE5, 0x3D, 0xDE, 0x5D, 0xBE, 0xD4, 0xBF, 0x4D, 0x1A, 0x7C, 0xCC, 0x67,
    0xC3, 0xB7, 0xB9, 0xA6, 0x63, 0x47, 0xCF, 0xAB, 0x0B, 0xD0, 0x75, 0x60, 0x34, 0x60, 0xAE, 0xD4,
    0x0D, 0x21, 0x3E, 0xD7, 0x8C, 0x00, 0x04, 0x04, 0x1D, 0x5F, 0x8A, 0xD9, 0x41, 0x88, 0x0D, 0x1A,
    0xC6, 0xE8, 0xA8, 0xA6, 0x89, 0x96, 0x13, 0xAE, 0x57, 0x16, 0x02, 0x5A, 0x27, 0x91, 0xD7, 0xF8,
    0x78, 0x66, 0x60, 0x3C, 0xCA, 0x89, 0x0C, 0x52, 0x9A, 0x5D, 0xC4, 0x31, 0x04, 0xCD, 0x8E, 0xA2,
    0xF7, 0xFB, 0xDF, 0x0A, 0x9D, 0x3F, 0x30, 0x14, 0xA2, 0x30, 0x43, 0x00, 0xCD, 0x6F, 0xA0, 0x23,
    0x23, 0x52, 0x4B, 0x49, 0xE0, 0xF6, 0xD5, 0xE7, 0xC3, 0xE1, 0xE3, 0x6B, 0x71, 0x9B, 0xBF, 0xC1,
    0xD5, 0xC3, 0xCF, 0x8F, 0x59, 0x62, 0x5F, 0xB5, 0x35, 0x3D, 0x3C, 0xAD, 0xF8, 0xBB, 0xF2, 0x50,
    0x5C, 0x5D, 0x0E, 0xEF, 0xF6, 0x1E, 0x61, 0x45, 0x21, 0x67, 0x1C, 0xDC, 0x18, 0x13, 0x3B, 0xD2,
    0x11, 0x3A, 0xD0, 0xB0, 0xF3, 0xC9, 0xDC, 0xC7, 0xDB, 0x7C, 0xE8, 0xA6, 0x11, 0x22, 0x0D, 0x23,
    0x3D, 0xF5, 0x74, 0x4D, 0xAE, 0xAE, 0xC2, 0x06, 0xE1, 0x2D, 0x42, 0xD4, 0x80, 0x14, 0xDD, 0x12,
    0xD9, 0x61, 0x9F, 0x56, 0x1E, 0x5C, 0xDE, 0x40, 0x47, 0xAD, 0x1F, 0x6F, 0xF9, 0xC0, 0xD3, 0xF8,
    0xF6, 0x2A, 0xE6, 0x9A, 0x23, 0x71, 0xC7, 0xC3, 0xF2, 0x10, 0x07, 0x54, 0xD3, 0x25, 0x06, 0x3A,
    0x17, 0x9E, 0x6D, 0x9D, 0xDB, 0x26, 0x3D, 0xB3, 0x51, 0x0B, 0x41, 0xB7, 0x30, 0x32, 0xC0, 0x53,
    0x13, 0x72, 0xD3, 0xE7, 0x40, 0xDB, 0x0A, 0xB8, 0x15, 0x6F, 0x8F, 0x33, 0xDC, 0x76, 0x68, 0xDB,
    0xE1, 0xEA, 0xCF, 0xA7, 0x93, 0xE2, 0xEC, 0x71, 0x86, 0xD9, 0x0E, 0x65, 0x3B, 0x90, 0x3D, 0x63,
    0x6C, 0x17, 0xDB, 0xD7, 0x08, 0x3B, 0xA8, 0x82, 0x0A, 0xEB, 0x36, 0x93, 0xA3, 0x23, 0x67, 0x85,
    0x44, 0xDB, 0xDB, 0x00, 0x6E, 0xFF, 0x98, 0xE1, 0xB3, 0x00, 0xD2, 0x6E, 0x00, 0xB4, 0x3B, 0xE2,
    0x6C, 0xC2, 0x6C, 0xA2, 0x6C, 0xAB, 0x67, 0x3C, 0x94, 0xFA, 0x1B, 0xAE, 0x01, 0x60, 0x13, 0x5F,
    0x13, 0x5E, 0x6F, 0xD0, 0xB5, 0x84, 0x5B, 0x36, 0xEC, 0x4F, 0xE3, 0xC6, 0x4A, 0x8D, 0x86, 0xB5,
    0x78, 0xED, 0x91, 0x72, 0xDB, 0x18, 0xDB, 0x38, 0x0A, 0x85, 0x43, 0x16, 0x42, 0xF0, 0x91, 0x82,
    0x38, 0x1A, 0x2A, 0x8D, 0x94, 0xC6, 0x5B, 0x9F, 0x44, 0xDD, 0xE3, 0x19, 0xA5, 0x2B, 0xA5, 0xBF,
    0x57, 0xFA, 0x17, 0x52, 0xEF, 0x36, 0x69, 0xF0, 0x3E, 0xE8, 0x18, 0xDF, 0xE8, 0x89, 0xB6, 0x2F,
    0x8C, 0x99, 0x82, 0xED, 0x0A, 0x28, 0x2A, 0x9C, 0x6D, 0x58, 0x5A, 0xFC, 0xC9, 0x21, 0x43, 0x6D,
    0xFA, 0x66, 0x41, 0x43, 0x12, 0x85, 0x38, 0xDB, 0xBE, 0x53, 0x73, 0x13, 0x20, 0x6F, 0x21, 0xF0,
    0x16, 0xE2, 0x6E, 0xA6, 0x06, 0x56, 0x51, 0xB7, 0x03, 0xDD, 0x8A, 0xB9, 0x15, 0x72, 0x2B, 0xE2,
    0x56, 0xC0, 0xAD, 0x78, 0x5B, 0xE1, 0xB6, 0xA2, 0x6D, 0x05, 0xDB, 0x0E, 0x6B, 0x07, 0x0C, 0xDB,
    0x3B, 0xF4, 0xDE, 0xC3, 0xE9, 0x2D, 0xEE, 0xB8, 0x36, 0x1D, 0x0D, 0x1B, 0xB3, 0x7B, 0xCB, 0xA9,
    0xE9, 0xCD, 0xD0, 0x9E, 0xF3, 0x35, 0x39, 0x71, 0x1C, 0x02, 0xB5, 0x79, 0x16, 0xAF, 0x03, 0xE9,
    0xDC, 0xD7, 0xFB, 0xA3, 0x46, 0x91, 0x03, 0xF5, 0x42, 0xE3, 0xBC, 0x52, 0xE9, 0x81, 0xD4, 0xFA,
    0x8E, 0xB4, 0xAB, 0x47, 0xBE, 0x1D, 0xCA, 0x74, 0xAB, 0x2E, 0xE1, 0x9A, 0x00, 0x3E, 0xC3, 0x4A,
    0xC1, 0x48, 0xA3, 0x66, 0x1B, 0xF5, 0x7D, 0xE3, 0x6A, 0x75, 0x11, 0xC8, 0xCF, 0x98, 0x71, 0xA6,
    0xC5, 0x3A, 0x02, 0xE5, 0x5B, 0x11, 0x28, 0x2A, 0xBE, 0x1D, 0xCA, 0xE5, 0xF1, 0x12, 0xFE, 0xE4,
    0x88, 0x89, 0x51, 0xFA, 0x49, 0xCD, 0x15, 0x4E, 0xC1, 0xD4, 0x5C, 0xBA, 0xD3, 0xD4, 0xB0, 0xEF,
    0x72, 0x7A, 0x45, 0x00, 0x81, 0xCB, 0xFC, 0x5D, 0x5E, 0xB0, 0xD7, 0x7E, 0x8B, 0x7C, 0x81, 0x03,
    0x52, 0x6B, 0x14, 0x6A, 0xA8, 0xD2, 0x50, 0x95, 0xBB, 0x2F, 0xA7, 0xE9, 0x1A, 0x1C, 0x50, 0x80,
    0xBE, 0xAA, 0xCB, 0x0C, 0xC3, 0x3D, 0xA3, 0x30, 0x7B, 0xD3, 0x30, 0xBD, 0x8E, 0xC1, 0x1E, 0x51,
    0x55, 0xCA, 0x00, 0x6C, 0x3F, 0xD8, 0x6F, 0xA0, 0xB5, 0xA8, 0xA5, 0x5A, 0x00, 0x68, 0x11, 0x10,
    0x11, 0x4B, 0xF7, 0x6A, 0x85, 0x8E, 0x3A, 0x2F, 0x0B, 0x79, 0xEE, 0x62, 0x5E, 0xFB, 0xB6, 0xCD,
    0x6B, 0xAF, 0x6C, 0x71, 0x35, 0xE1, 0x7D, 0x49, 0x8B, 0x94, 0x32, 0x69, 0x35, 0x6C, 0x07, 0x08,
    0xE5, 0x2D, 0xF1, 0x14, 0x13, 0x2F, 0x17, 0x0D, 0xFD, 0x1A, 0x40, 0xA9, 0x07, 0x4E, 0x22, 0x4C,
    0x62, 0x9E, 0x4B, 0xE9, 0x83, 0x7A, 0x0B, 0x89, 0x1E, 0x1F, 0x10, 0x1F, 0x11, 0x1E, 0x11, 0x1D,
    0x11, 0x1C, 0x19, 0x8D, 0xB0, 0xC9, 0x50, 0x22, 0x21, 0x26, 0x30, 0x62, 0x22, 0x5C, 0x16, 0x7F,
    0x46, 0xC4, 0xFD, 0xB8, 0x37, 0x1F, 0xBE, 0xD3, 0x27, 0xF6, 0x99, 0x2E, 0x1C, 0x23, 0x96, 0x93,
    0xB0, 0x48, 0x93, 0x3A, 0x47, 0x46, 0x96, 0xBF, 0x06, 0xAC, 0x00, 0x10, 0x18, 0x31, 0xE2, 0x9F,
    0x06, 0xBA, 0x50, 0x91, 0x12, 0x15, 0xE9, 0x92, 0x2C, 0xC9, 0x17, 0xD2, 0x91, 0xAB, 0xB2, 0xE8,
    0xDF, 0xE5, 0x28, 0xFF, 0x37, 0xBA, 0x98, 0xF5, 0x96, 0x14, 0x0E, 0x48, 0xE7, 0xBF, 0xD6, 0xBA,
    0xC4, 0x5C, 0x2B, 0xD3, 0xCA, 0x8C, 0xA7, 0xBE, 0x2A, 0xDC, 0x0A, 0x07, 0x97, 0xB7, 0xC2, 0x81,
    0xF3, 0x5E, 0xA5, 0x0E, 0xAB, 0x67, 0x9A, 0xEA, 0x75, 0x1C, 0xA8, 0xA7, 0x6D, 0x87, 0x9F, 0x25,
    0x6F, 0x37, 0xED, 0x1D, 0x2C, 0x3D, 0x2A, 0x96, 0xE6, 0xFB, 0xA3, 0x2D, 0x2C, 0x9D, 0x7C, 0x31,
    0x96, 0x6E, 0xFE, 0x4B, 0x2C, 0xAD, 0x1A, 0x63, 0x26, 0xED, 0xF3, 0x85, 0xD1, 0xF1, 0x92, 0x0B,
    0x3C, 0xA0, 0xAE, 0x96, 0x9D, 0xA7, 0xEC, 0x6F, 0x05, 0xBC, 0x26, 0x97, 0x48, 0x56, 0x5C, 0x71,
    0x66, 0x5A, 0xE0, 0xF6, 0x7D, 0x42, 0xDA, 0x12, 0x65, 0xDB, 0xF9, 0xA5, 0x5B, 0xED, 0x4E, 0xB3,
    0xC0, 0xB7, 0xCA, 0x1E, 0xD8, 0xEE, 0x5C, 0xEB, 0x49, 0xF4, 0x45, 0xCA, 0xEC, 0xF8, 0x9C, 0x75,
    0x1A, 0x34, 0x4E, 0x85, 0xA9, 0xD3, 0xE1, 0x0F, 0x17, 0x25, 0x4A, 0x74, 0xDD, 0x3A, 0x24, 0xA8,
    0xDE, 0x0F, 0x7A, 0x24, 0x16, 0x37, 0x50, 0x5F, 0xBF, 0x68, 0x72, 0x56, 0xA5, 0xD3, 0xE5, 0xAC,
    0xCC, 0x17, 0xA9, 0xCD, 0x56, 0x06, 0xAA, 0xB3, 0xF3, 0x7A, 0xEA, 0xF3, 0xF8, 0xF9, 0x5E, 0x15,
    0x8A, 0x3C, 0x9E, 0x1A, 0xB5, 0xDD, 0x7A, 0xEC, 0x69, 0xB5, 0x41, 0xDE, 0x93, 0xAB, 0x66, 0xAA,
    0x10, 0x27, 0x32, 0x41, 0xD9, 0xFF, 0xE7, 0x3F, 0x88, 0xE4, 0x71, 0x54, 0xD0, 0xDC, 0x98, 0x36,
    0x50, 0x1D, 0xBC, 0x80, 0xA9, 0xE3, 0x36, 0x69, 0xA0, 0xBC, 0x26, 0xAD, 0xA1, 0xBD, 0x77, 0x6D,
    0x51, 0x16, 0x5C, 0x60, 0xB6, 0x30, 0x13, 0x4B, 0x2B, 0x2C, 0x3D, 0x22, 0x81, 0x84, 0xC1, 0x94,
    0xD7, 0xFF, 0xD5, 0x87, 0x15, 0x74, 0x88, 0x01, 0x27, 0xF6, 0xBC, 0xB5, 0x2C, 0x9F, 0x3B, 0xFB,
    0x73, 0xDE, 0xA6, 0x74, 0x7E, 0x5E, 0x96, 0x7A, 0x36, 0x0B, 0x22, 0x4C, 0x04, 0xB7, 0x06, 0x51,
    0x1E, 0xC7, 0xAE, 0x7C, 0x98, 0x49, 0x7E, 0x73, 0x9F, 0x85, 0x88, 0x6C, 0xF6, 0xE5, 0xF4, 0x84,
    0x92, 0x20, 0x2F, 0x1D, 0xB4, 0x2C, 0xD0, 0xCB, 0x68, 0xAB, 0xA4, 0xF3, 0x3B, 0xD2, 0xA8, 0x26,
    0x4D, 0x0A, 0xD2, 0x95, 0x90, 0x72, 0x6A, 0xE3, 0xBB, 0x2D, 0x32, 0x9D, 0xD8, 0x56, 0x3E, 0x6B,
    0x22, 0x19, 0x82, 0x00, 0xFA, 0x86, 0xB1, 0x04, 0xF6, 0x03, 0x0C, 0x3A, 0xD2, 0x4E, 0xD2, 0xD7,
    0x9C, 0x7F, 0x52, 0x55, 0xA9, 0xA6, 0x54, 0x51, 0xD3, 0xA2, 0xA6, 0x13, 0x5A, 0x7A, 0x7C, 0x02,
    0x18, 0xD0, 0x92, 0xE1, 0x04, 0xDB, 0x8A, 0x7A, 0x08, 0x18, 0xB7, 0xF1, 0x44, 0x0F, 0x88, 0xCC,
    0xB7, 0x2D, 0xE1, 0x49, 0xFE, 0xFD, 0x19, 0xC8, 0x9D, 0xF7, 0xF0, 0xD5, 0x5E, 0xC0, 0x85, 0x29,
    0x60, 0x6D, 0x83, 0x05, 0xC3, 0x11, 0x33, 0x96, 0xD0, 0xD6, 0xCD, 0x3E, 0xAD, 0x5B, 0xBE, 0xA3,
    0x00, 0x9B, 0x2A, 0x08, 0x06, 0x9A, 0x97, 0x6F, 0xB5, 0xDC, 0x9F, 0xBF, 0xAD, 0x45, 0xA0, 0xE6,
    0x60, 0x53, 0xB2, 0x38, 0xF5, 0x2C, 0xF7, 0x09, 0x3A, 0x1C, 0xF3, 0x0C, 0x06, 0x60, 0x6E, 0xB0,
    0xBE, 0x7F, 0x6B, 0xA4, 0xBF, 0xA0, 0xF7, 0x39, 0x1B, 0xDD, 0xB7, 0xB5, 0xE7, 0xFC, 0x94, 0x7A,
    0x55, 0xDF, 0xE5, 0x09, 0x8A, 0x01, 0xC2, 0x82, 0x73, 0x15, 0x22, 0xB7, 0x3A, 0x6D, 0xCD, 0xA8,
    0xDF, 0x31, 0x56, 0x97, 0x28, 0x1E, 0xEF, 0xA3, 0xCA, 0x95, 0x03, 0xBC, 0x42, 0x8A, 0xFB, 0xA0,
    0x8F, 0x17, 0x60, 0xA5, 0xE7, 0xE9, 0xE8, 0xDF, 0xD5, 0x3D, 0x0C, 0x04, 0x11, 0x7F, 0xE4, 0xB6,
    0x44, 0xEA, 0xD7, 0xBB, 0x9B, 0x0E, 0xB0, 0x7C, 0x2E, 0x62, 0x48, 0xB6, 0xCF, 0x7D, 0x84, 0x98,
    0x24, 0x22, 0xF1, 0xE7, 0xFA, 0xE8, 0x16, 0xA1, 0xBB, 0xB1, 0xB6, 0x77, 0x35, 0xDD, 0x6D, 0x22,
    0x7E, 0xA1, 0x85, 0x4F, 0x2D, 0x7B, 0xBA, 0xA2, 0xA7, 0x96, 0x3C, 0x49, 0xD8, 0xCF, 0x41, 0x5C,
    0x48, 0x89, 0x57, 0x97, 0xAF, 0x43, 0x49, 0xC4, 0x45, 0xED, 0xA1, 0xC8, 0xB5, 0x1F, 0x6D, 0xC5,
    0xF3, 0x9E, 0x92, 0x67, 0x71, 0x0F, 0x31, 0x1B, 0xC3, 0x92, 0x69, 0x95, 0x57, 0x79, 0x51, 0xFE,
    0xC1, 0x0A, 0xBD, 0x13, 0xB7, 0x0A, 0xA8, 0x35, 0x2A, 0xDE, 0xB4, 0x51, 0x46, 0x04, 0x12, 0x61,
    0xB2, 0x3D, 0x66, 0x00, 0xBA, 0x3D, 0x10, 0xD1, 0xA7, 0xC4, 0x74, 0x64, 0x29, 0xC5, 0x3E, 0xCB,
    0xD8, 0xF6, 0xA8, 0xFC, 0xE4, 0x1B, 0x14, 0x93, 0x35, 0xF2, 0x12, 0x43, 0x62, 0x1D, 0xBD, 0x4B,
    0xB2, 0xA0, 0x0A, 0xF1, 0x6E, 0x3F, 0xFB, 0xCA, 0xE2, 0xF9, 0x05, 0xD4, 0x57, 0x0B, 0xD7, 0x7B,
    0x7E, 0x83, 0x66, 0x71, 0x84, 0xD5, 0x14, 0x6F, 0x54, 0x07, 0x3B, 0xF4, 0x68, 0x8B, 0xC9, 0xE8,
    0x1C, 0xE5, 0xE7, 0x9E, 0xDD, 0xE6, 0x4C, 0xB6, 0xCF, 0xD6, 0x9D, 0x34, 0x5C, 0x68, 0x27, 0x98,
    0x97, 0xF0, 0x19, 0xA4, 0x58, 0xE6, 0x17, 0xAD, 0x98, 0x77, 0x00, 0x5B, 0x6E, 0x0D, 0xE2, 0x73,
    0xF5, 0x1E, 0x6C, 0xF5, 0xC9, 0xBD, 0x24, 0x62, 0x82, 0xC7, 0x46, 0x97, 0x19, 0xE8, 0x39, 0x6C,
    0xCE, 0x70, 0xEB, 0xA4, 0xE1, 0x47, 0x53, 0x05, 0x9F, 0x5C, 0xEB, 0xFE, 0x47, 0x59, 0x07, 0xB6,
    0x8B, 0xEC, 0x10, 0x17, 0x97, 0x9E, 0x90, 0x33, 0x0F, 0xA8, 0x67, 0xFB, 0x2A, 0xD5, 0x28, 0xBC,
    0x13, 0x5E, 0x1B, 0x30, 0xFE, 0x92, 0xDF, 0x5E, 0x93, 0xF6, 0x05, 0x9A, 0xFE, 0xFF, 0x5A, 0x87,
    0xFA, 0xA9, 0x56, 0x78, 0x98, 0x06, 0x47, 0x2D, 0xF1, 0x56, 0x38, 0xAA, 0x77, 0x2F, 0xE9, 0xC4,
    0x30, 0xDF, 0xDD, 0x89, 0xE0, 0x77, 0x8A, 0x75, 0xA8, 0x9D, 0xA9, 0xF9, 0x08, 0x53, 0xD3, 0x61,
    0x6A, 0x5E, 0x8E, 0xB7, 0x83, 0x0E, 0xA4, 0xB5, 0x80, 0xE6, 0x49, 0x1F, 0xF5, 0xC1, 0x18, 0xB7,
    0x68, 0xB5, 0xBE, 0x4D, 0x71, 0x1A, 0x3D, 0x03, 0xB4, 0xF9, 0x1B, 0xAE, 0x75, 0x48, 0x17, 0xC6,
    0x7D, 0xFC, 0x8A, 0x69, 0xD7, 0x30, 0xA3, 0x90, 0xDD, 0x57, 0x38, 0x10, 0x68, 0x9D, 0x2F, 0xAA,
    0x0F, 0x39, 0x3D, 0x1A, 0x92, 0x1F, 0x16, 0x76, 0xF3, 0xA0, 0x4E, 0xD8, 0xE9, 0xEA, 0x81, 0xCE,
    0x1E, 0xC3, 0xF3, 0x19, 0x5A, 0x9B, 0x14, 0xB9, 0x75, 0x94, 0xED, 0x89, 0xFF, 0x35, 0xD4, 0xE1,
    0x5E, 0xD4, 0x20, 0x3E, 0xEA, 0x66, 0xBA, 0x55, 0x28, 0x99, 0x33, 0x9D, 0xB7, 0x11, 0xF5, 0x92,
    0x9C, 0x6F, 0x77, 0xAB, 0x0C, 0x6E, 0x0B, 0xD3, 0xF9, 0x15, 0xCF, 0x5E, 0x2F, 0x89, 0x6A, 0x2A,
    0xDD, 0x66, 0xAD, 0x12, 0xDD, 0x40, 0x8B, 0x95, 0xBA, 0xCD, 0x33, 0xA3, 0x5B, 0x67, 0xBA, 0xE1,
    0xFA, 0x47, 0x76, 0x60, 0xDF, 0xA4, 0x85, 0xD9, 0xD7, 0x19, 0x16, 0x90, 0x24, 0x92, 0x3E, 0xED,
    0x36, 0x61, 0x61, 0xAE, 0xB0, 0x72, 0x7D, 0x67, 0x06, 0xE8, 0xE1, 0xE3, 0xD9, 0x63, 0xF8, 0x98,
    0x21, 0xB1, 0xB5, 0x9A, 0x7B, 0xE6, 0x3C, 0x6A, 0x26, 0x13, 0x1C, 0x7A, 0xF9, 0x4B, 0x7A, 0xD4,
    0x0E, 0x1E, 0x15, 0x80, 0xFC, 0xEA, 0x53, 0x5B, 0xA5, 0x7A, 0xC0, 0x9C, 0xDE, 0x74, 0x00, 0x7A,
    0x5D, 0xD8, 0xDF, 0x6A, 0xC3, 0xE3, 0xBA, 0x08, 0xEF, 0x60, 0x15, 0xDE, 0x2D, 0x74, 0x77, 0x38,
    0x9C, 0x5C, 0x09, 0x28, 0x5A, 0x56, 0x28, 0xCF, 0xCE, 0x9D, 0x73, 0xD2, 0x17, 0x68, 0xAD, 0x2A,
    0x56, 0x3B, 0x48, 0x8A, 0xB7, 0x14, 0x98, 0xB1, 0x83, 0xEF, 0xE3, 0xEF, 0xB4, 0x35, 0x90, 0xDC,
    0x54, 0x67, 0xCB, 0x50, 0xCF, 0x40, 0x1F, 0x56, 0x51, 0xE1, 0x8B, 0x73, 0xB6, 0x5F, 0x4D, 0xF2,
    0x1F, 0xD0, 0xAC, 0xB5, 0x58, 0x10, 0xF4, 0x8A, 0xB3, 0x26, 0x4D, 0x95, 0xF2, 0xB7, 0x15, 0xDF,
    0xD5, 0x07, 0x3B, 0x5B, 0x43, 0xA7, 0x5B, 0x45, 0x88, 0x5E, 0x61, 0xC8, 0x7B, 0x8F, 0xD9, 0xF1,
    0xAD, 0x89, 0x7E, 0x97, 0x05, 0xF4, 0x23, 0x6E, 0x2E, 0x24, 0x7E, 0x75, 0xBF, 0xEA, 0x04, 0x33,
    0xCE, 0x1A, 0xD6, 0x95, 0xD8, 0xB0, 0x4E, 0x15, 0x11, 0xB3, 0x3C, 0xBD, 0x87, 0xBF, 0xD3, 0xD6,
    0xCC, 0x1E, 0x0D, 0x29, 0x51, 0xB4, 0x46, 0x80, 0xA6, 0x25, 0x13, 0x2D, 0x59, 0x5F, 0x94, 0x8B,
    0x5F, 0xBF, 0x3E, 0x52, 0x4D, 0x82, 0xEA, 0xF8, 0x18, 0x9E, 0xA4, 0x0A, 0xE9, 0x6D, 0x5A, 0x53,
    0x45, 0x35, 0x4D, 0x9D, 0xD9, 0x66, 0x02, 0x07, 0x19, 0xEA, 0x9E, 0x33, 0xC6, 0xA2, 0x10, 0x85,
    0x7B, 0xBC, 0x71, 0x6F, 0xB2, 0xA8, 0x2B, 0x8B, 0x88, 0x5B, 0x65, 0x4D, 0xF9, 0x46, 0x89, 0xE8,
    0x35, 0xC9, 0x9E, 0xDD, 0xAE, 0x6F, 0x64, 0x2E, 0xB7, 0xE0, 0xC9, 0x19, 0xA5, 0x76, 0xB9, 0x03,
    0xF6, 0xB3, 0xA5, 0x0C, 0x73, 0x13, 0xAF, 0x9B, 0x24, 0xFD, 0xA0, 0xCC, 0x0C, 0xFE, 0xF2, 0xE2,
    0x8C, 0x56, 0x92, 0x52, 0xB8, 0xC7, 0x88, 0x93, 0x53, 0xD2, 0xD0, 0xAD, 0x3C, 0x89, 0x2C, 0x0A,
    0xFE, 0x55, 0xEC, 0x79, 0x8C, 0x76, 0xA9, 0x73, 0xAC, 0x8B, 0x4B, 0x74, 0xE0, 0xE2, 0x36, 0xE6,
    0x57, 0xAE, 0x38, 0xEC, 0xD1, 0xCA, 0xE7, 0x61, 0x24, 0x56, 0xFF, 0x5B, 0x00, 0x7E, 0x37, 0xAD,
    0xED, 0xF5, 0x31, 0xC5, 0x7A, 0x3C, 0x34, 0xFC, 0x77, 0x83, 0x15, 0x89, 0xDC, 0x83, 0x9A, 0xB2,
    0x7B, 0xC8, 0x0E, 0x74, 0x9A, 0x89, 0x26, 0xEC, 0xB9, 0x1B, 0xE2, 0xEE, 0xFF, 0x8A, 0x28, 0x08,
    0xB7, 0x0B, 0x71, 0x45, 0x88, 0x03, 0x99, 0xC7, 0xE4, 0xAD, 0x0D, 0xFA, 0xC9, 0xB9, 0x5E, 0x3D,
    0xBA, 0x42, 0x36, 0x77, 0x6E, 0x0D, 0x42, 0x03, 0x5F, 0x19, 0x7E, 0x09, 0x0A, 0xD9, 0x39, 0xC7,
    0x04, 0xC6, 0x3B, 0xAD, 0x77, 0xDA, 0xD7, 0xDB, 0x8C, 0xE5, 0x8C, 0xC1, 0x58, 0x4B, 0x48, 0xE6,
    0x92, 0xCC, 0x4B, 0xEE, 0xF2, 0x7F, 0x00, 0x2D, 0x8F, 0x2D, 0x6E, 0xC3, 0x40, 0x10, 0x46, 0xBF,
    0xAC, 0x23, 0x19, 0x18, 0xCC, 0x0D, 0x6A, 0x12, 0x58, 0x75, 0x49, 0x61, 0xE2, 0x31, 0x2F, 0x2D,
    0xEE, 0x09, 0x0A, 0x02, 0x02, 0x02, 0x92, 0xD8, 0xAC, 0xB4, 0x87, 0x09, 0x08, 0x68, 0xE5, 0x65,
    0xA5, 0x56, 0x4E, 0x60, 0xF5, 0x02, 0xDD, 0x4A, 0x0B, 0x16, 0xAC, 0x3D, 0x9D, 0xA4, 0x19, 0x7D,
    0x64, 0x7E, 0xF4, 0xF4, 0x06, 0xB8, 0x47, 0x87, 0xAE, 0xB5, 0x43, 0x16, 0xB0, 0x05, 0xB0, 0xC3,
    0x98, 0x8D, 0x45, 0x28, 0xDB, 0x95, 0x36, 0x38, 0xC1, 0x4C, 0xC8, 0xA5, 0x2E, 0x7F, 0x1C, 0x67,
    0x7E, 0x8B, 0xA3, 0xCE, 0xF2, 0x01, 0x34, 0xBD, 0xAC, 0xBA, 0x34, 0xCF, 0x3D, 0xCB, 0x2D, 0x1B,
    0x3C, 0xEE, 0x70, 0xAC, 0x8C, 0xB7, 0x32, 0x90, 0x38, 0x33, 0x82, 0x5A, 0x1E, 0xD8, 0xF3, 0x40,
    0xAE, 0x6C, 0x3F, 0xC1, 0xDF, 0x02, 0x3E, 0x0B, 0xCA, 0x76, 0xBC, 0x70, 0x15, 0x69, 0xA5, 0xAF,
    0x68, 0x60, 0xEA, 0xE7, 0xDC, 0x62, 0x02, 0x12, 0xF0, 0x7C, 0x59, 0x15, 0x09, 0x2C, 0xA8, 0x2C,
    0xF6, 0x65, 0x7D, 0xB0, 0xE0, 0x09, 0x45, 0x04, 0xFC, 0x1D, 0xB2, 0xC8, 0xC8, 0x83, 0x80, 0xCE,
    0x23, 0xAC, 0x4A, 0x2C, 0xA9, 0xC6, 0xAD, 0x54, 0x4C, 0xF5, 0x54, 0x52, 0xB9, 0x2A, 0x8C, 0x78,
    0x9D, 0x3E, 0x64, 0x0E, 0xFC, 0xE4, 0xC1, 0x5F, 0x11, 0xF4, 0x9B, 0x60, 0x14, 0x80, 0x65, 0x71,
    0xDD, 0xE9, 0x95, 0x6A, 0xAA, 0xAC, 0x2A, 0x9F, 0x10, 0xD6, 0x58, 0x1B, 0x10, 0x56, 0xF8, 0x80,
    0xD4, 0x52, 0x57, 0xFA, 0x24, 0x05, 0x8A, 0x79, 0x44, 0x30, 0xBE, 0xE8, 0x9B, 0x7A, 0x03, 0x8B,
    0xCE, 0x89, 0xEB, 0x9C, 0x2A, 0x99, 0x20, 0x6F, 0x49, 0x73, 0x30, 0xC1, 0xD6, 0x8D, 0x6B, 0x9C,
    0xFE, 0x88, 0x3D, 0x1E, 0x95, 0x9B, 0xB9, 0xFC, 0x9D, 0x12, 0x46, 0x8C, 0x9C, 0x78, 0x98, 0xF9,
    0xC2, 0x31, 0x1A, 0x74, 0xAF, 0x5D, 0xB4, 0xFD, 0x02, 0x8B, 0x1D, 0xB6, 0xD5, 0x2C, 0x58, 0xF1,
    0x24, 0xBD, 0x2A, 0x88, 0xB8, 0xFF, 0xFC, 0x01, 0xD5, 0x9B, 0xBD, 0x8F, 0xDC, 0xC6, 0x19, 0xC6,
    0x5F, 0x92, 0xA7, 0x10, 0x30, 0x91, 0x50, 0x85, 0x80, 0x14, 0x02, 0xC4, 0x36, 0x45, 0x24, 0xD6,
    0x41, 0x94, 0x23, 0x1D, 0x17, 0x2A, 0x5C, 0xC4, 0x0A, 0x12, 0xA4, 0x74, 0xFE, 0x80, 0x04, 0x57,
    0x46, 0x08, 0xAC, 0xE3, 0x02, 0x2E, 0x5C, 0xC6, 0xA9, 0x52, 0xA8, 0xD0, 0xBF, 0xE0, 0x42, 0x70,
    0x93, 0x3B, 0x91, 0xF0, 0x15, 0x6E, 0x69, 0x0B, 0x88, 0x8A, 0x34, 0x0C, 0xEC, 0xA8, 0x0D, 0x11,
    0x51, 0x01, 0x0F, 0x26, 0x77, 0xF2, 0x3C, 0xEF, 0x0C, 0xF7, 0x2B, 0x91, 0x23, 0x44, 0xBA, 0xDD,
    0xBD, 0x3D, 0xEE, 0x4B, 0x2E, 0x97, 0x3B, 0x1F, 0xBF, 0x99, 0x79, 0xE7, 0x99, 0x8F, 0x13, 0xB9,
    0xF2, 0x9E, 0xE0, 0x95, 0xB5, 0xB4, 0x65, 0x47, 0x6B, 0x7A, 0x18, 0xEF, 0x9B, 0x01, 0xD6, 0x7F,
    0x4E, 0x1B, 0x7C, 0x35, 0x87, 0x0D, 0x3F, 0x33, 0xB0, 0xB1, 0xB5, 0x6F, 0x9B, 0x5C, 0x24, 0x15,
    0x33, 0xC3, 0x4F, 0xC5, 0x54, 0x22, 0x87, 0x52, 0xC2, 0x96, 0xC6, 0xD4, 0x08, 0xC0, 0x98, 0x56,
    0xBC, 0x8E, 0x81, 0xFA, 0xAD, 0xA4, 0x9D, 0x04, 0x8D, 0x24, 0xBD, 0x44, 0xB5, 0xC4, 0x83, 0x94,
    0x73, 0x7C, 0x5F, 0x99, 0xB9, 0x67, 0xF8, 0xB3, 0xD5, 0x17, 0xA3, 0x92, 0xC0, 0x6C, 0x5A, 0x7B,
    0xFF, 0xA8, 0xFF, 0x8D, 0xF8, 0xC6, 0x0C, 0x12, 0x8D, 0xC9, 0x20, 0x49, 0x1B, 0x0D, 0x92, 0x35,
    0x08, 0xAE, 0xA8, 0x18, 0x66, 0x95, 0xD2, 0x1C, 0x0E, 0x48, 0xD0, 0x8F, 0x69, 0x7E, 0x87, 0x8F,
    0xB3, 0xE7, 0xBC, 0xF7, 0x55, 0x2F, 0xD9, 0xD3, 0xB3, 0x31, 0x4F, 0xCC, 0x87, 0xA6, 0x0E, 0x47,
    0x6F, 0x9E, 0xAF, 0xC4, 0x88, 0x14, 0x21, 0x17, 0xCC, 0x7A, 0xDA, 0x4D, 0x57, 0x7A, 0xCF, 0xBD,
    0x0A, 0xDE, 0xF5, 0xCC, 0xC8, 0xB4, 0xB4, 0x64, 0xE0, 0xB7, 0xBC, 0x96, 0x77, 0x34, 0x49, 0x91,
    0x32, 0x8B, 0x35, 0x17, 0xBB, 0xA7, 0x98, 0x32, 0x65, 0x25, 0x83, 0xED, 0x33, 0x84, 0x37, 0x64,
    0x08, 0xFA, 0x2A, 0x63, 0x0C, 0x7A, 0x4D, 0x3E, 0x53, 0xF3, 0xDE, 0x94, 0xB1, 0x37, 0x4A, 0xF3,
    0x1E, 0x43, 0xF4, 0x2D, 0x12, 0xB5, 0x59, 0x43, 0x7B, 0xAA, 0x31, 0x5D, 0x5D, 0xC1, 0x1D, 0x6A,
    0x52, 0x13, 0x85, 0x54, 0x28, 0x9E, 0xB9, 0x22, 0x69, 0x52, 0x04, 0x13, 0xE6, 0x61, 0xBE, 0x73,
    0x90, 0xB7, 0x34, 0xDA, 0xA9, 0xEA, 0xC5, 0x8C, 0x99, 0x1C, 0xE5, 0x9A, 0x66, 0x51, 0xAB, 0x07,
    0xEF, 0x25, 0x4C, 0x40, 0x56, 0xE2, 0x9B, 0x01, 0xC5, 0xEF, 0x35, 0x7E, 0xBD, 0x5A, 0x8F, 0xDF,
    0x7C, 0x55, 0xFD, 0x40, 0xAD, 0xD1, 0xCF, 0xA5, 0xC6, 0x95, 0xF4, 0x7A, 0xEB, 0x44, 0xED, 0xC1,
    0x65, 0x42, 0xAC, 0xE9, 0x63, 0x32, 0xD2, 0x7A, 0xCA, 0xC7, 0x77, 0xE6, 0x5A, 0x81, 0x79, 0xD3,
    0xDB, 0x29, 0x67, 0x49, 0xB4, 0x79, 0x17, 0x4A, 0x7A, 0x60, 0x33, 0x92, 0x13, 0x2D, 0xFF, 0xAB,
    0x66, 0x51, 0xC7, 0xC3, 0xB3, 0xF6, 0x12, 0x10, 0x96, 0x50, 0x03, 0xE3, 0x2F, 0xB3, 0xB8, 0xA1,
    0xC1, 0xD5, 0x01, 0x72, 0xE4, 0xD3, 0x8F, 0x45, 0xFD, 0xB0, 0x4D, 0xB8, 0xA7, 0x02, 0xE3, 0x9B,
    0x67, 0x88, 0x20, 0x78, 0xC0, 0xEC, 0x79, 0xF2, 0xF8, 0x12, 0x55, 0xD9, 0x34, 0x87, 0x13, 0x2B,
    0xCF, 0x3F, 0x11, 0x79, 0x66, 0x80, 0x32, 0x4F, 0x67, 0x2E, 0xE5, 0xBB, 0xA8, 0xA8, 0x97, 0xA3,
    0x81, 0xBF, 0x52, 0x97, 0xBE, 0xC3, 0x76, 0xFE, 0xAD, 0x5D, 0xFF, 0x2D, 0xEB, 0x6D, 0x97, 0xC9,
    0xD5, 0x7E, 0xC0, 0x76, 0x04, 0xB6, 0x27, 0x70, 0xC5, 0x9F, 0xFB, 0x64, 0x3E, 0x8B, 0x40, 0x2C,
    0x50, 0xFE, 0x81, 0xD1, 0xE7, 0x8D, 0x66, 0x2F, 0x6D, 0x76, 0x2F, 0x0C, 0x22, 0xA6, 0x39, 0xAB,
    0x28, 0x62, 0x10, 0x54, 0x48, 0xEF, 0x46, 0x47, 0x60, 0x7B, 0x8C, 0x1A, 0x7F, 0xD2, 0xFA, 0x48,
    0x66, 0x1F, 0x69, 0xE0, 0x8C, 0xCD, 0x4C, 0x65, 0x72, 0x91, 0xFC, 0x35, 0x7C, 0x4F, 0xBD, 0xBE,
    0x67, 0xAB, 0x8C, 0xF2, 0x17, 0xAF, 0xDF, 0xD0, 0x0C, 0x97, 0x00, 0x31, 0x5F, 0x3F, 0xD1, 0xA8,
    0xE9, 0x16, 0x8A, 0x66, 0xA1, 0x82, 0xEE, 0x4F, 0x5D, 0xF3, 0xEE, 0x38, 0x5B, 0x07, 0x61, 0xAC,
    0x72, 0xA5, 0xAC, 0xF1, 0x3B, 0x75, 0xBC, 0x3F, 0x5D, 0xD1, 0xAF, 0x5A, 0xE9, 0x2F, 0x09, 0xE7,
    0xC4, 0x6A, 0xDC, 0xDC, 0x75, 0xCE, 0xDA, 0x37, 0x6B, 0xD7, 0xAC, 0x3D, 0xF3, 0x93, 0x76, 0xFB,
    0x9C, 0x47, 0xEB, 0x25, 0x9E, 0x22, 0xBE, 0xF0, 0x7D, 0x26, 0xCC, 0xF3, 0x4E, 0x2F, 0x51, 0xED,
    0x55, 0x9F, 0x66, 0x5E, 0xE0, 0xE9, 0xA7, 0xFC, 0x61, 0x7E, 0x34, 0x55, 0x9D, 0x1D, 0xD4, 0xD9,
    0x4B, 0x52, 0x07, 0x5F, 0xA9, 0x6B, 0xDB, 0x5D, 0x93, 0xFF, 0x96, 0xAE, 0x2D, 0x46, 0x4E, 0x67,
    0x34, 0x15, 0x18, 0x1C, 0xC1, 0xCC, 0x62, 0x9A, 0x88, 0x06, 0xE8, 0x99, 0xC6, 0x55, 0x43, 0xEC,
    0x06, 0x74, 0x3D, 0xAD, 0xD6, 0x2B, 0x46, 0xFC, 0x19, 0x4C, 0x54, 0xC1, 0xC4, 0x95, 0x6F, 0x7E,
    0x59, 0x54, 0x19, 0x43, 0x56, 0xB3, 0x92, 0x0C, 0x75, 0xE6, 0xC1, 0x7C, 0x22, 0xA3, 0x57, 0x7A,
    0x2F, 0xED, 0x99, 0xE7, 0x3C, 0xEE, 0x91, 0xC1, 0x26, 0xAB, 0xF8, 0x57, 0x54, 0xC5, 0xAC, 0xFC,
    0xC8, 0x20, 0xBE, 0x4E, 0xCC, 0xB9, 0x68, 0x19, 0xB1, 0x84, 0xB2, 0x36, 0xCA, 0x53, 0x04, 0x1B,
    0x61, 0x0C, 0xEE, 0x95, 0x2B, 0xAA, 0x20, 0x15, 0xFB, 0xC0, 0xF4, 0x60, 0xBA, 0x68, 0x73, 0x4C,
    0x43, 0x8C, 0x12, 0x95, 0xE4, 0x0E, 0x4C, 0xFC, 0x11, 0x8C, 0x97, 0xD4, 0x53, 0xFF, 0x7D, 0xEC,
    0x1E, 0xDB, 0x1A, 0x8B, 0xA2, 0x57, 0x07, 0x4C, 0xF7, 0xEB, 0xB7, 0x8F, 0xAD, 0xEB, 0xA5, 0xE3,
    0x65, 0x81, 0x5C, 0x71, 0xA5, 0xF6, 0x3A, 0x40, 0xA2, 0x1A, 0x5D, 0x4C, 0x3A, 0xFF, 0xAD, 0xC8,
    0x8F, 0x4A, 0xC0, 0xBD, 0x1A, 0x35, 0x2B, 0x45, 0xB0, 0x95, 0x5C, 0x9E, 0xB2, 0x80, 0xFF, 0x52,
    0x85, 0x0F, 0xCD, 0x6C, 0xD5, 0xF9, 0xBD, 0x5E, 0x31, 0xFB, 0xCD, 0xD4, 0x41, 0x69, 0x5B, 0x67,
    0xFA, 0x02, 0x9D, 0x8C, 0x59, 0x56, 0xF4, 0x9B, 0xD3, 0x98, 0x38, 0x60, 0x30, 0xF1, 0x37, 0x78,
    0x2E, 0x7B, 0x1B, 0x39, 0xF8, 0x81, 0xFC, 0x70, 0x9B, 0x65, 0xCC, 0x64, 0xA0, 0x6A, 0x87, 0x78,
    0x27, 0x48, 0xE1, 0x61, 0x6E, 0xF5, 0x4B, 0xC8, 0x06, 0xC7, 0x24, 0x21, 0x54, 0x28, 0x74, 0xBF,
    0x4B, 0xF3, 0xA0, 0x0A, 0xAB, 0x37, 0x43, 0x47, 0xDD, 0x4D, 0x3D, 0xB9, 0x93, 0x50, 0x85, 0x14,
    0x9F, 0xD4, 0x58, 0x45, 0xF2, 0x3D, 0x43, 0x24, 0x74, 0xB8, 0x68, 0x0A, 0xB8, 0x2C, 0x5A, 0x27,
    0x8F, 0x8E, 0xAD, 0x38, 0xBA, 0x70, 0x4C, 0xF8, 0xAE, 0x61, 0xFE, 0x11, 0x7E, 0xF8, 0x05, 0x4C,
    0xF0, 0x37, 0xC6, 0x7E, 0xA7, 0x73, 0x4A, 0xF8, 0x66, 0x32, 0xDB, 0x13, 0x42, 0x6E, 0x14, 0x54,
    0xF0, 0xE3, 0x49, 0x8A, 0xC4, 0x9C, 0x72, 0x9C, 0x79, 0x15, 0xAA, 0x2D, 0xFC, 0x12, 0x81, 0xC6,
    0xFF, 0xEC, 0x2C, 0x25, 0x62, 0x52, 0x4E, 0xB2, 0x06, 0xCA, 0xB2, 0x52, 0x58, 0x42, 0x5A, 0x42,
    0x5C, 0x42, 0x5E, 0x42, 0x60, 0x42, 0x62, 0x8A, 0x4C, 0x99, 0x29, 0x34, 0x5B, 0x65, 0x88, 0x4D,
    0xC8, 0x4D, 0x08, 0xCE, 0x91, 0x0B, 0xBE, 0xD6, 0xAC, 0xBF, 0x0F, 0x40, 0x05, 0x6E, 0x1E, 0x84,
    0xDD, 0x7E, 0x55, 0xA9, 0x63, 0xD4, 0x71, 0xF3, 0xF7, 0x26, 0xF8, 0x2B, 0x62, 0xC9, 0x0B, 0x37,
    0x8F, 0x70, 0x91, 0x55, 0x69, 0x7F, 0x5A, 0xD2, 0xFF, 0xE8, 0x5C, 0xB7, 0xD0, 0xA0, 0x5E, 0xD2,
    0xF9, 0x7A, 0xA6, 0x09, 0x4D, 0x1F, 0x9D, 0x0D, 0xD1, 0x59, 0xEF, 0xC1, 0x75, 0xA7, 0x4E, 0x5E,
    0xC6, 0x66, 0x4C, 0xCC, 0xE8, 0x41, 0x6A, 0x21, 0x07, 0x9B, 0x47, 0x6E, 0x0F, 0x6F, 0x79, 0x28,
    0x03, 0x93, 0x67, 0x66, 0xC8, 0x54, 0xF8, 0x45, 0xBC, 0xAE, 0x0E, 0x93, 0xFA, 0x30, 0xAE, 0x38,
    0x81, 0x35, 0x57, 0x89, 0xF5, 0x0B, 0x15, 0x3A, 0x23, 0x2A, 0xAE, 0x5C, 0x99, 0x02, 0xE1, 0x90,
    0x5D, 0x0F, 0x6F, 0x3A, 0x7C, 0x00, 0x30, 0x9F, 0x78, 0xC8, 0x57, 0x39, 0x7B, 0xCD, 0x64, 0xD8,
    0x19, 0x6D, 0xDF, 0x90, 0x37, 0x2C, 0xAE, 0x81, 0x1B, 0xD8, 0xE1, 0x7C, 0x61, 0xBD, 0x49, 0xD6,
    0x41, 0x71, 0x95, 0x83, 0xFC, 0x6A, 0x94, 0xC0, 0x1E, 0x83, 0x3B, 0xC2, 0xD5, 0x63, 0x5E, 0x87,
    0xA6, 0xF6, 0xE7, 0x93, 0x62, 0xE9, 0xE8, 0x11, 0xA1, 0xF7, 0x60, 0x71, 0x8D, 0xD0, 0xD9, 0xF8,
    0x32, 0x96, 0xB7, 0x67, 0xFE, 0x08, 0xEF, 0x85, 0x61, 0x3B, 0xF4, 0x68, 0xDC, 0xF3, 0x99, 0xA4,
    0xE5, 0x47, 0xF4, 0x89, 0x48, 0x46, 0xD6, 0xD0, 0x16, 0xF5, 0xCB, 0xED, 0x9C, 0xCF, 0xD8, 0xE7,
    0x11, 0x38, 0xD2, 0x16, 0x77, 0x0C, 0x24, 0xE5, 0x0F, 0xEF, 0xB2, 0x3E, 0x19, 0x5D, 0xDB, 0xB8,
    0x6E, 0x3E, 0x96, 0x8D, 0xD7, 0xA9, 0xD5, 0x52, 0x4B, 0x5D, 0x6B, 0xAF, 0xED, 0xFD, 0xA3, 0x73,
    0x4A, 0xF3, 0x59, 0xDC, 0x17, 0x4D, 0xDA, 0xC4, 0x5D, 0x56, 0xE1, 0xAA, 0x8A, 0x86, 0x12, 0x6F,
    0xA3, 0xEF, 0x18, 0xD7, 0xBC, 0x87, 0xEF, 0xEA, 0xA4, 0x4D, 0x5F, 0xE0, 0x1B, 0x48, 0x79, 0xAF,
    0xFC, 0x7A, 0x19, 0x01, 0xFD, 0x2E, 0x92, 0xA8, 0x03, 0x66, 0x9E, 0x93, 0xD9, 0x9A, 0xC3, 0x46,
    0x04, 0x44, 0x1A, 0x7D, 0xA6, 0x53, 0xAE, 0x74, 0x80, 0xE2, 0xBD, 0xAB, 0xAA, 0x3F, 0xA9, 0x16,
    0x93, 0xC5, 0x93, 0xE2, 0xDB, 0x1D, 0x2F, 0xBA, 0x5C, 0xE6, 0x0C, 0xEA, 0xCE, 0xEB, 0xE0, 0xAA,
    0xEF, 0xE2, 0x6B, 0xFA, 0x4A, 0xAA, 0xB0, 0x49, 0xDD, 0xBD, 0x16, 0x2D, 0x4F, 0xF3, 0x6C, 0xDD,
    0xAF, 0xAA, 0x79, 0x29, 0x19, 0xB7, 0x6F, 0xEB, 0xDB, 0xAA, 0xEA, 0x8F, 0xF5, 0x43, 0xA6, 0x74,
    0x28, 0x7F, 0x25, 0xD0, 0x31, 0x51, 0x5C, 0xB3, 0xA7, 0xFD, 0xAE, 0xBC, 0xB5, 0x7B, 0x5E, 0xB7,
    0xED, 0x9C, 0x0F, 0xE5, 0x0A, 0xB3, 0x72, 0xEC, 0x66, 0x7A, 0x30, 0xDC, 0xE2, 0xEF, 0x04, 0x83,
    0x1D, 0x29, 0xC1, 0xB1, 0x4F, 0x66, 0x41, 0x1D, 0x2C, 0x3D, 0xD6, 0xEB, 0xD7, 0x36, 0x4F, 0xC1,
    0xF9, 0xE3, 0x62, 0x7C, 0xE0, 0xE6, 0x69, 0xB4, 0xB9, 0xAD, 0xAF, 0x51, 0xED, 0x3F, 0x45, 0x37,
    0xDD, 0xC4, 0xD9, 0x26, 0x66, 0xE2, 0xFA, 0xE0, 0x5A, 0xE5, 0xC1, 0x36, 0x48, 0xBA, 0x29, 0x25,
    0x59, 0x99, 0x52, 0xD2, 0x7A, 0x2F, 0xF2, 0x73, 0x75, 0x92, 0x21, 0x91, 0xC5, 0xEF, 0xD6, 0xFB,
    0xCF, 0x70, 0x9A, 0x74, 0x5E, 0xC8, 0xAD, 0xFB, 0x94, 0x5B, 0xD7, 0x4A, 0xA7, 0x10, 0xE3, 0x7F,
    0x39, 0x8E, 0x04, 0xA9, 0x24, 0x65, 0x0D, 0xA5, 0xA5, 0xA9, 0x38, 0x85, 0x3C, 0x85, 0x40, 0x85,
    0x44, 0x85, 0x48, 0x85, 0x4C, 0xC5, 0x58, 0xA3, 0x43, 0x79, 0xFD, 0x82, 0x8F, 0x00, 0xAC, 0x90,
    0xAC, 0x10, 0xED, 0xD4, 0xCA, 0x7B, 0x4F, 0x97, 0x6C, 0xFE, 0x84, 0xDA, 0x17, 0x1F, 0xD1, 0xD3,
    0x1E, 0xF8, 0xFD, 0x25, 0xAA, 0x94, 0x4C, 0xC7, 0xA6, 0x1C, 0xBB, 0xD0, 0xCA, 0x78, 0x29, 0x9A,
    0xE9, 0xAB, 0x75, 0xA6, 0xDB, 0x68, 0xB4, 0xFF, 0xBD, 0xB3, 0xBD, 0x27, 0xCB, 0x85, 0x7B, 0x37,
    0x67, 0xED, 0x96, 0xEE, 0xED, 0xB4, 0xA6, 0x3A, 0x46, 0x37, 0x61, 0x02, 0x79, 0x44, 0x94, 0xC8,
    0x26, 0x58, 0xE6, 0xE5, 0x4C, 0x61, 0xC6, 0x39, 0x69, 0x76, 0x89, 0xC5, 0xF9, 0x81, 0xF2, 0x44,
    0x69, 0x58, 0xA0, 0x8E, 0xA8, 0x03, 0xF8, 0xF2, 0xD3, 0x5C, 0x9F, 0x84, 0x2C, 0x72, 0x60, 0x1D,
    0x59, 0x87, 0x76, 0x62, 0xEB, 0xE0, 0x2E, 0xE8, 0xDE, 0x9C, 0x16, 0xEA, 0x3D, 0x95, 0xBF, 0xBD,
    0x87, 0x51, 0x4F, 0x0D, 0xDD, 0x7B, 0x43, 0x07, 0xE1, 0x76, 0xC5, 0x06, 0xDE, 0xFD, 0xE8, 0xDC,
    0x6B, 0x41, 0xEF, 0xC3, 0x06, 0x80, 0xFE, 0x01, 0xC1, 0x1B, 0xCF, 0xFF, 0xEF, 0x36, 0x2A, 0xCB,
    0x6A, 0xCD, 0xB6, 0xDA, 0xBB, 0x55, 0x56, 0x27, 0x59, 0x6C, 0x79, 0x85, 0x6E, 0xF2, 0x25, 0xDF,
    0x57, 0x6C, 0xAE, 0x1B, 0xD6, 0x19, 0x0B, 0xB7, 0xA1, 0x20, 0xAD, 0xC1, 0x2E, 0x6C, 0x39, 0x66,
    0x78, 0x74, 0xC1, 0xEC, 0xAC, 0xB2, 0x73, 0xD2, 0xCE, 0x69, 0x3B, 0x27, 0xEE, 0x26, 0x75, 0xE7,
    0xE4, 0x1D, 0xF5, 0xDD, 0x1E, 0x23, 0xA4, 0xEC, 0x13, 0xCD, 0x1E, 0xBB, 0x40, 0xDB, 0x03, 0xDE,
    0x1D, 0xC9, 0xB1, 0x03, 0xC7, 0xA8, 0x01, 0xC7, 0x2B, 0xF9, 0x05, 0x70, 0xF4, 0x3B, 0x4F, 0xC9,
    0x99, 0x07, 0x3C, 0x7D, 0xEF, 0x48, 0x4B, 0x71, 0xA5, 0xAB, 0xD8, 0x4F, 0x64, 0x5C, 0xFE, 0xF7,
    0xCD, 0xB3, 0x2F, 0xF2, 0xE0, 0x81, 0xF9, 0x43, 0xEB, 0xC9, 0xE3, 0x8B, 0xAC, 0x66, 0x7B, 0x5C,
    0x6B, 0x96, 0xAF, 0x13, 0x59, 0xE9, 0x05, 0xDC, 0xBA, 0x81, 0xFB, 0xE4, 0xBE, 0x73, 0x33, 0x9D,
    0xB1, 0xEE, 0x35, 0xB9, 0xE0, 0x56, 0xE9, 0xFA, 0x03, 0x76, 0x0C, 0x56, 0x17, 0xEB, 0x95, 0xF6,
    0x19, 0xA6, 0xC9, 0x4C, 0x63, 0x2D, 0x06, 0xDB, 0x1C, 0xEE, 0x0E, 0x1C, 0xD6, 0x46, 0x93, 0x0D,
    0xD5, 0x46, 0xA3, 0x1B, 0xC1, 0x2E, 0x8E, 0x64, 0x60, 0x82, 0x6F, 0xA9, 0x3D, 0x54, 0xFB, 0x7B,
    0xB5, 0x9F, 0xD2, 0x7A, 0xCF, 0x69, 0x83, 0x27, 0xB0, 0x63, 0x7C, 0xD6, 0xA3, 0x0C, 0xCC, 0x3B,
    0x63, 0xEE, 0x9B, 0x31, 0x84, 0x7C, 0x28, 0x9A, 0x70, 0x73, 0xA5, 0xE5, 0x54, 0x26, 0x3F, 0xCF,
    0x11, 0xF9, 0xE2, 0x5A, 0xEF, 0x5F, 0xEF, 0xF0, 0xA1, 0x1C, 0x00, 0xEF, 0xFB, 0x03, 0x40, 0x06,
    0x03, 0x3C, 0x72, 0x38, 0x44, 0x25, 0x4C, 0x4C, 0x73, 0xA3, 0x94, 0xA8, 0xBF, 0x49, 0x73, 0xDB,
    0x48, 0xD4, 0xDD, 0x33, 0x28, 0xAB, 0x47, 0x73, 0x98, 0x76, 0x0E, 0x14, 0x8D, 0xF9, 0x35, 0x62,
    0x33, 0x2D, 0x86, 0x25, 0xC5, 0xC7, 0xFF, 0x31, 0xBB, 0x32, 0x4E, 0x73, 0xAB, 0x7A, 0xE5, 0xF5,
    0x1B, 0xFB, 0x02, 0xFD, 0x95, 0x7D, 0x81, 0x81, 0xDB, 0x17, 0xA8, 0xCF, 0xC4, 0xCD, 0x72, 0x5F,
    0xA0, 0xDD, 0x4E, 0xB4, 0x4B, 0x8A, 0xF1, 0xA6, 0xCC, 0x85, 0xB9, 0x46, 0x8D, 0xE6, 0x8D, 0xD3,
    0x40, 0x72, 0xB1, 0x2F, 0xF0, 0xCD, 0xD2, 0x5C, 0xD3, 0x17, 0xF1, 0x4B, 0xF4, 0x85, 0x1B, 0xF7,
    0x67, 0x75, 0x61, 0xEA, 0x6C, 0xC8, 0x80, 0xA9, 0xCA, 0x86, 0xB4, 0x21, 0xA1, 0x21, 0xAC, 0xD1,
    0xCD, 0xE2, 0x54, 0x45, 0x3D, 0x53, 0x90, 0xE3, 0x14, 0x8D, 0x8F, 0x39, 0xE9, 0xCD, 0x05, 0x1E,
    0x9E, 0x46, 0xD5, 0x4E, 0xDC, 0x44, 0x86, 0x53, 0x6A, 0x4F, 0x87, 0xF6, 0x74, 0xDC, 0x69, 0xF3,
    0xF9, 0xB3, 0x3D, 0x3D, 0xD7, 0x93, 0xAF, 0xA7, 0x2E, 0x78, 0xC2, 0x95, 0xA1, 0x21, 0xE1, 0x4E,
    0x2E, 0x60, 0xBB, 0xA3, 0x93, 0x2E, 0xA3, 0xEE, 0x98, 0x2A, 0x9A, 0x48, 0xAB, 0x98, 0x6E, 0x9C,
    0xE0, 0x14, 0x16, 0xCB, 0xAF, 0xB2, 0x3D, 0x26, 0x5A, 0x64, 0x80, 0xC8, 0xD0, 0xF8, 0x67, 0x6E,
    0xBF, 0x82, 0xB5, 0x41, 0x4B, 0x6E, 0x41, 0x43, 0x70, 0x51, 0x45, 0x72, 0x65, 0x4E, 0x74, 0x83,
    0xB2, 0xCB, 0x2D, 0x3C, 0x4B, 0xCF, 0xE2, 0xB3, 0xFC, 0x2C, 0x40, 0x4B, 0xD0, 0x22, 0xB4, 0x0C,
    0x45, 0x21, 0xCA, 0x7A, 0x9D, 0x7C, 0x45, 0xD9, 0xB1, 0xA7, 0x34, 0xAD, 0x93, 0xB1, 0x49, 0x9B,
    0xD9, 0x04, 0x6A, 0x3F, 0xD6, 0x91, 0xA9, 0x37, 0x90, 0x29, 0x14, 0xDD, 0xB6, 0x99, 0x2E, 0xE4,
    0xC8, 0xAA, 0x0E, 0xD1, 0x45, 0x82, 0x69, 0x85, 0x00, 0x89, 0xAE, 0x27, 0x07, 0xB9, 0xCF, 0x68,
    0xB5, 0x8D, 0xDB, 0x46, 0x6E, 0x5B, 0xB9, 0x6D, 0xE6, 0x6C, 0xE7, 0x04, 0x3C, 0x12, 0x30, 0x5A,
    0x3A, 0xD0, 0xA2, 0xA9, 0x6F, 0x01, 0xF0, 0xBA, 0x4E, 0xB9, 0x51, 0x6C, 0xEA, 0x94, 0xFD, 0x64,
    0xA9, 0xFB, 0xFC, 0xA4, 0x3C, 0x7F, 0x04, 0x66, 0xCF, 0x4C, 0x03, 0x66, 0x79, 0x3A, 0xDB, 0x6A,
    0xA5, 0xDC, 0xE7, 0x3A, 0xB6, 0xD6, 0x37, 0xBA, 0x15, 0x87, 0x69, 0xED, 0x71, 0xFA, 0xB4, 0xEC,
    0x23, 0xED, 0x3A, 0x6D, 0xD2, 0x2C, 0xE1, 0x6D, 0xB1, 0x5D, 0x2F, 0x93, 0xA2, 0x3D, 0xB7, 0x4B,
    0xA4, 0xBD, 0x5E, 0xED, 0xC6, 0xED, 0xE4, 0x6A, 0x30, 0x2E, 0x95, 0xC5, 0x34, 0x2F, 0xD8, 0xAE,
    0xCF, 0x0B, 0x16, 0xA6, 0x8D, 0x0D, 0x0A, 0xA5, 0x4D, 0x20, 0xAE, 0xE6, 0x6C, 0x50, 0x5C, 0x05,
    0x68, 0xB9, 0x66, 0x43, 0xC7, 0x8C, 0x9B, 0x15, 0x55, 0x13, 0xB7, 0x35, 0xA7, 0x2D, 0x97, 0x3A,
    0xE3, 0xEE, 0x44, 0xC7, 0xD4, 0x9D, 0xFA, 0x97, 0x56, 0xC3, 0x57, 0x4F, 0x62, 0x67, 0x1F, 0xD7,
    0x6C, 0xBE, 0xB0, 0xBA, 0x49, 0x4F, 0x52, 0xF5, 0x47, 0xCB, 0x55, 0x87, 0x1B, 0x6E, 0xEF, 0x02,
    0x67, 0x3B, 0xB8, 0xEF, 0x53, 0x9B, 0xD1, 0xED, 0xE5, 0x58, 0xA4, 0xF1, 0x3B, 0xD3, 0x87, 0xC3,
    0xD1, 0x10, 0x8E, 0xE1, 0xE0, 0xE1, 0x2D, 0x27, 0x78, 0xE3, 0x8E, 0xB4, 0xC1, 0xE0, 0xE3, 0x1D,
    0xD4, 0xC1, 0x10, 0x55, 0xC1, 0x18, 0x43, 0x1D, 0xC0, 0x09, 0x9B, 0xFB, 0xC2, 0x35, 0x0A, 0x3B,
    0x9D, 0xDC, 0xEA, 0x42, 0x72, 0x1A, 0x56, 0x92, 0x3D, 0xCC, 0x25, 0xB3, 0x55, 0x68, 0xB7, 0xF9,
    0x7D, 0x25, 0xDD, 0xF7, 0x26, 0x72, 0xFD, 0x56, 0xF8, 0x79, 0x93, 0x3D, 0xFC, 0x59, 0x97, 0x8D,
    0x71, 0x97, 0x74, 0x61, 0xB3, 0xB1, 0x6B, 0x4E, 0xE5, 0x91, 0xFB, 0xAF, 0x8F, 0xF9, 0xE6, 0xAE,
    0xB9, 0x55, 0x75, 0xB7, 0x43, 0x56, 0x9C, 0xC3, 0xE4, 0x6E, 0x75, 0x6E, 0x87, 0x3B, 0xC1, 0x9B,
    0xCB, 0xC5, 0x14, 0x5C, 0xFC, 0x77, 0x0F, 0xA7, 0xEA, 0x2E, 0xA2, 0x7E, 0x88, 0x9C, 0x2F, 0xF7,
    0xBD, 0x45, 0x6E, 0xDF, 0xDB, 0xB8, 0x5E, 0x7A, 0x3B, 0xE3, 0xC2, 0x1D, 0x18, 0xE6, 0x45, 0xAB,
    0x3B, 0xDA, 0x96, 0x1B, 0xDA, 0x2E, 0x84, 0xC3, 0xBF, 0x01, 0x7D, 0x53, 0xBD, 0x8E, 0xD4, 0x30,
    0x10, 0xFE, 0x36, 0x81, 0x0B, 0x47, 0x24, 0x7C, 0xC5, 0x35, 0x68, 0x25, 0x4C, 0x41, 0x41, 0xC3,
    0xB9, 0xBD, 0x22, 0xBB, 0x36, 0xB4, 0x3C, 0x04, 0x3C, 0x00, 0xE2, 0x09, 0x76, 0x37, 0x11, 0xCD,
    0x95, 0xBC, 0x02, 0xC5, 0xF5, 0x48, 0xE8, 0x4A, 0x8E, 0x58, 0xF0, 0x02, 0xE9, 0x28, 0x28, 0x48,
    0x7F, 0x05, 0x3E, 0x58, 0xA4, 0x14, 0x9B, 0x35, 0x9F, 0xED, 0x9C, 0x28, 0x90, 0xB0, 0xF2, 0xED,
    0xFC, 0x78, 0x6C, 0xCF, 0x7C, 0x33, 0xDB, 0x7A, 0xD3, 0xC6, 0x0F, 0x5C, 0xB5, 0xF7, 0x43, 0x40,
    0xD0, 0xB5, 0xF7, 0xBB, 0x00, 0x4C, 0x8B, 0xFE, 0xB0, 0xEC, 0x8D, 0xFC, 0x8F, 0xFF, 0x22, 0xEF,
    0x45, 0xA3, 0xA0, 0x1B, 0xED, 0xB4, 0x13, 0x56, 0x58, 0x45, 0x39, 0x77, 0xB9, 0x2B, 0xAC, 0x32,
    0x15, 0x03, 0x84, 0xD5, 0xC9, 0xD3, 0x97, 0xF4, 0xAC, 0x70, 0x94, 0xAE, 0xBA, 0x28, 0x9B, 0xBC,
    0xD7, 0x10, 0xCD, 0x0E, 0x6A, 0xB6, 0x85, 0x7E, 0x33, 0x42, 0xFF, 0xF2, 0xD0, 0x3F, 0x3D, 0x4F,
    0x5C, 0x46, 0xA8, 0x6B, 0x6F, 0x68, 0x37, 0x73, 0x57, 0x9B, 0xDC, 0x29, 0x14, 0x76, 0x09, 0xF5,
    0x74, 0x40, 0x95, 0x77, 0xF1, 0x8A, 0x10, 0x13, 0xE2, 0x09, 0x33, 0x77, 0xAD, 0xC9, 0x7B, 0x85,
    0xD2, 0x2E, 0x62, 0xCC, 0x8A, 0x31, 0x47, 0x37, 0x69, 0xCF, 0x99, 0xA8, 0x24, 0x44, 0x43, 0x18,
    0xDC, 0x17, 0x73, 0xAB, 0x98, 0xBD, 0xFE, 0xF1, 0xDE, 0x3E, 0xA2, 0x0D, 0x49, 0xBF, 0xB6, 0x09,
    0xCA, 0x26, 0x5B, 0xA6, 0xD8, 0xBF, 0xC0, 0xBF, 0x38, 0x08, 0x94, 0x10, 0x4B, 0x62, 0x41, 0x54,
    0x19, 0x36, 0x97, 0x2D, 0x5A, 0xEF, 0xB1, 0x5F, 0xBF, 0x4E, 0xBE, 0x0D, 0xD1, 0x12, 0x7E, 0x92,
    0x9B, 0x14, 0x7B, 0x5C, 0xCD, 0x63, 0x1C, 0x59, 0xC4, 0x79, 0x75, 0x3B, 0xC5, 0x2E, 0xA7, 0x98,
    0x73, 0xA0, 0x1C, 0xD8, 0x14, 0xF2, 0xDD, 0xB4, 0xDE, 0xC6, 0xAF, 0xA1, 0x49, 0xA7, 0xB4, 0xD9,
    0x80, 0xDA, 0xD4, 0x4E, 0x8C, 0xA0, 0xDB, 0x89, 0xFD, 0xCC, 0x77, 0x93, 0xA5, 0x9A, 0x7C, 0x1B,
    0xF3, 0x99, 0x56, 0xB1, 0x47, 0xEE, 0x82, 0xA2, 0xBC, 0x2D, 0x23, 0x65, 0xBA, 0xEC, 0x02, 0x07,
    0xCC, 0xA2, 0x20, 0xF7, 0x93, 0xB2, 0xBE, 0x51, 0x52, 0xFB, 0xF5, 0x8B, 0x2F, 0xF1, 0x10, 0xA4,
    0x3F, 0x4B, 0x3C, 0x17, 0xA3, 0xF8, 0xEC, 0x1B, 0x19, 0x26, 0x45, 0x09, 0xDF, 0xD7, 0xA1, 0x94,
    0x8D, 0x3C, 0x73, 0xA3, 0xE2, 0x5D, 0x3B, 0x9D, 0xFD, 0x1E, 0x48, 0x56, 0xE6, 0x82, 0x22, 0x2C,
    0x78, 0x73, 0x7E, 0x1D, 0x3C, 0xC2, 0xCA, 0xAF, 0x6E, 0xAC, 0x0D, 0x94, 0x11, 0x1C, 0x99, 0x7D,
    0xA8, 0x3D, 0xDB, 0x43, 0x6E, 0x21, 0xC3, 0xB8, 0xB0, 0xDA, 0x05, 0x2A, 0x9C, 0x86, 0x97, 0x8A,
    0x4E, 0xBF, 0xED, 0xB5, 0xB0, 0x4B, 0xD1, 0x2C, 0x84, 0xA9, 0x04, 0x4E, 0xEF, 0xC5, 0x97, 0x0F,
    0x71, 0x82, 0x8F, 0xC5, 0xA0, 0x5C, 0x6D, 0x5B, 0xAB, 0xFB, 0xD2, 0x65, 0x3B, 0xAC, 0xF1, 0x00,
    0xB7, 0x8E, 0x23, 0x61, 0xD2, 0x40, 0xF4, 0x28, 0x06, 0x64, 0x3E, 0x10, 0x9C, 0x47, 0x86, 0x44,
    0x07, 0x96, 0xB6, 0xC2, 0xD4, 0xFE, 0x8B, 0xC4, 0x45, 0x1C, 0x73, 0x3C, 0xDC, 0xBE, 0x0C, 0x62,
    0xFC, 0xB0, 0x4D, 0xD3, 0x1C, 0x0B, 0xCD, 0xC7, 0xB8, 0x37, 0xFD, 0x2D, 0xC6, 0xAB, 0xE8, 0x7C,
    0x77, 0x1D, 0xC5, 0x2C, 0x51, 0x31, 0x89, 0xB4, 0x4E, 0xD8, 0x9D, 0x26, 0x36, 0x8B, 0xD5, 0x1E,
    0x3E, 0xB9, 0x93, 0x3D, 0x7F, 0x06, 0xFD, 0xEA, 0x52, 0x7C, 0x53, 0x46, 0xFA, 0xDD, 0x01, 0x1B,
    0x8A, 0x96, 0x45, 0x77, 0xA4, 0xBD, 0x2B, 0x3D, 0x47, 0x7B, 0xBD, 0x13, 0xDF, 0x6B, 0x3C, 0xAE,
    0x56, 0x77, 0x85, 0x8C, 0x99, 0xF1, 0x37, 0x08, 0x11, 0xAF, 0xFB, 0x44, 0x90, 0x79, 0xB6, 0x0E,
    0x05, 0x9F, 0x61, 0xFA, 0x08, 0xBC, 0x86, 0xF6, 0x30, 0xB1, 0xD9, 0xB4, 0x55, 0xF6, 0xF1, 0x39,
    0x68, 0x93, 0x46, 0x8E, 0x5B, 0x1C, 0x84, 0xD8, 0xDF, 0x70, 0x42, 0x4E, 0x5B, 0x7F, 0x00, 0x65,
    0x95, 0x3F, 0x8C, 0xDC, 0x54, 0x10, 0xC6, 0xC7, 0x76, 0xB8, 0x95, 0x62, 0x21, 0xF7, 0x9C, 0xC0,
    0x1D, 0x05, 0x10, 0xDC, 0x46, 0x62, 0x73, 0xCF, 0x11, 0x82, 0x82, 0x22, 0x82, 0x16, 0x09, 0xA5,
    0xA1, 0x41, 0x14, 0xDB, 0x20, 0xB1, 0x05, 0xC1, 0x8E, 0x10, 0x35, 0x47, 0x43, 0x7B, 0x29, 0x11,
    0x48, 0xD0, 0x50, 0x50, 0xE4, 0xB0, 0xA3, 0x08, 0x51, 0xA4, 0xC0, 0x90, 0xE2, 0xDA, 0x15, 0x04,
    0xD1, 0x9A, 0xC4, 0x02, 0x5F, 0xCE, 0xF6, 0xF0, 0x7D, 0xF3, 0xF6, 0xCF, 0x45, 0xF1, 0x49, 0xBF,
    0x1B, 0x7B, 0xDF, 0x9F, 0x79, 0x33, 0xDF, 0xCC, 0x13, 0x79, 0x58, 0x8B, 0xC8, 0x23, 0x42, 0x1B,
    0x91, 0xF4, 0x6C, 0x12, 0xA9, 0xEE, 0x6B, 0x1D, 0xE9, 0xC9, 0x51, 0x13, 0x9F, 0x9E, 0x5C, 0x5F,
    0x25, 0x0F, 0x7F, 0x59, 0x34, 0xD9, 0x1F, 0xF7, 0xDE, 0xCA, 0xDD, 0xEF, 0xF7, 0x44, 0xDC, 0x7D,
    0xA0, 0xB8, 0xFB, 0x2B, 0xF1, 0xC5, 0x13, 0xB8, 0x7F, 0xED, 0x05, 0x71, 0x7F, 0x5F, 0x2B, 0x4A,
    0xF7, 0xDF, 0x7B, 0xAE, 0x4E, 0xF5, 0x79, 0x57, 0x27, 0xFA, 0x9D, 0xE6, 0x91, 0xAA, 0x62, 0x51,
    0xED, 0x45, 0x92, 0x83, 0x1C, 0x98, 0x8B, 0x47, 0x82, 0x1F, 0x6A, 0x83, 0x54, 0xF5, 0x82, 0x88,
    0x89, 0x59, 0x03, 0x84, 0xB9, 0xA8, 0x39, 0xB5, 0x83, 0x0E, 0x04, 0x56, 0xD1, 0x52, 0x3C, 0x9C,
    0x6A, 0xE7, 0x21, 0x9A, 0x8B, 0x47, 0xC0, 0x1F, 0x32, 0xEE, 0xE8, 0x08, 0xD9, 0xD3, 0x43, 0xF8,
    0x86, 0xB9, 0x81, 0x7E, 0x35, 0x49, 0x34, 0x89, 0x4A, 0x3C, 0x04, 0x2A, 0xC9, 0x20, 0x5F, 0x13,
    0xF4, 0x0C, 0xF3, 0x0C, 0x31, 0x5F, 0x67, 0xA3, 0x6D, 0x86, 0x57, 0xF3, 0x5B, 0x46, 0xB9, 0x2C,
    0xF2, 0xA9, 0x14, 0x58, 0x50, 0x92, 0x52, 0xD2, 0x3C, 0xAE, 0x67, 0x7A, 0x7A, 0xBD, 0xCE, 0xCE,
    0x54, 0xCB, 0x67, 0x65, 0x8F, 0xC3, 0xF1, 0xC4, 0xDA, 0x85, 0x3A, 0xC4, 0x3A, 0x84, 0xDA, 0x07,
    0xD5, 0x28, 0x8B, 0x43, 0xA9, 0x26, 0x49, 0x45, 0x8E, 0x95, 0xBC, 0xAD, 0x25, 0x59, 0x35, 0x59,
    0x0E, 0xE7, 0x54, 0x47, 0x4F, 0xE9, 0x93, 0x0E, 0xDF, 0x87, 0x78, 0xC8, 0xE8, 0x2F, 0xCE, 0xE8,
    0x29, 0xBD, 0x68, 0x26, 0x60, 0xF5, 0x3D, 0xE9, 0xE0, 0x48, 0x27, 0xD9, 0x24, 0x41, 0x2F, 0x09,
    0x56, 0xD5, 0x3A, 0x9E, 0x70, 0xC8, 0x1A, 0xC7, 0xC1, 0x13, 0xE4, 0x0C, 0xE5, 0xA9, 0xC8, 0xFB,
    0xE6, 0x89, 0x45, 0x34, 0x18, 0xCC, 0x0E, 0xF4, 0x67, 0x6D, 0x43, 0x6F, 0x23, 0xAA, 0x59, 0x1F,
    0x6D, 0xED, 0x64, 0x98, 0xAD, 0x6D, 0x24, 0x61, 0x60, 0x7A, 0x16, 0xA7, 0xDE, 0x46, 0x90, 0x91,
    0xB3, 0x12, 0x21, 0x4E, 0xFA, 0x18, 0x1B, 0x76, 0xC8, 0x8D, 0x96, 0x59, 0x0B, 0x3B, 0x6D, 0x52,
    0xDA, 0x55, 0x43, 0x7B, 0x15, 0x63, 0xCC, 0x91, 0xE6, 0x49, 0x27, 0xA9, 0x05, 0xED, 0x88, 0x83,
    0xB1, 0xFF, 0xCA, 0xA7, 0x02, 0x76, 0xA4, 0xD3, 0xD6, 0x86, 0xC3, 0xE5, 0xD6, 0x0E, 0xE0, 0xE2,
    0xDA, 0xBE, 0x98, 0xBB, 0x8D, 0x7D, 0xC1, 0x95, 0x59, 0x1D, 0x9A, 0x3D, 0xDE, 0x70, 0xBF, 0x55,
    0xB9, 0xE3, 0xFC, 0x99, 0x0E, 0x19, 0x42, 0x65, 0x76, 0xA0, 0x87, 0x7B, 0x5C, 0x7F, 0xF3, 0xA4,
    0x3A, 0x5C, 0xEC, 0x91, 0x5F, 0x18, 0x3D, 0xD2, 0x07, 0x23, 0x54, 0xA6, 0x30, 0x32, 0x1F, 0x10,
    0x9F, 0x59, 0x4D, 0xAD, 0x44, 0x48, 0x78, 0xCD, 0x53, 0xD3, 0x28, 0x7D, 0xA8, 0x99, 0xDE, 0xAD,
    0x21, 0xAE, 0x8D, 0xB5, 0x3E, 0xC0, 0x8A, 0x59, 0x9B, 0x54, 0xF5, 0x15, 0x1A, 0x5D, 0x5A, 0x34,
    0xC7, 0x14, 0x8F, 0x3D, 0xD3, 0xCE, 0x80, 0x50, 0xE6, 0xC9, 0x3F, 0x1D, 0xC5, 0x32, 0xDC, 0x4E,
    0xFE, 0x6D, 0x61, 0x44, 0x63, 0x1F, 0x9F, 0xD1, 0xAF, 0x48, 0xDB, 0x19, 0x2B, 0x09, 0x7E, 0xB4,
    0x91, 0x09, 0x17, 0x85, 0xB5, 0x31, 0xFC, 0xD9, 0xB0, 0x19, 0x23, 0x5F, 0x98, 0xDA, 0x08, 0x26,
    0x68, 0xA6, 0xDA, 0x12, 0x2B, 0xFF, 0xBA, 0x38, 0x1B, 0xB0, 0x02, 0x84, 0x90, 0x8C, 0xE9, 0x20,
    0x69, 0x8B, 0xB3, 0xB9, 0x06, 0x72, 0x2D, 0x6A, 0xBC, 0x22, 0x91, 0x03, 0x0E, 0x75, 0x40, 0xBC,
    0x46, 0x7C, 0x8C, 0x6F, 0xE5, 0x23, 0xA8, 0xA5, 0xFE, 0x13, 0x62, 0x39, 0xB9, 0x3B, 0xE4, 0xA9,
    0xBE, 0xAE, 0xCD, 0x6C, 0x0C, 0xA6, 0x7C, 0x17, 0xAB, 0x80, 0xA2, 0xDE, 0x61, 0x5D, 0x1B, 0x90,
    0xFE, 0x48, 0xB7, 0xBF, 0xAC, 0x72, 0xD6, 0x83, 0xAB, 0xB1, 0x1B, 0xE9, 0x56, 0x52, 0x94, 0x52,
    0x34, 0xF2, 0x0C, 0xCB, 0xA9, 0x95, 0x35, 0x7D, 0x31, 0x3A, 0x73, 0x14, 0x6C, 0xD6, 0x8D, 0x03,
    0xCB, 0x34, 0xF2, 0x93, 0x70, 0x16, 0x96, 0x76, 0xAD, 0x60, 0x35, 0x7A, 0xCA, 0x83, 0xBD, 0x39,
    0xDA, 0xDE, 0x8C, 0xD7, 0x3E, 0xFC, 0xC1, 0x21, 0x67, 0xDA, 0x79, 0x4A, 0xB1, 0xB2, 0x59, 0x4D,
    0xD8, 0x93, 0x31, 0x56, 0x2A, 0x50, 0x22, 0x24, 0x15, 0x55, 0xDC, 0x6D, 0xC5, 0xE7, 0xA8, 0x35,
    0xAE, 0xA4, 0x3A, 0x61, 0x7D, 0x57, 0xB5, 0x5A, 0x36, 0xE1, 0x1D, 0x88, 0x3D, 0x19, 0x92, 0x96,
    0x4C, 0x3B, 0xAF, 0x61, 0x6C, 0xD8, 0xC4, 0x7A, 0x2B, 0xD1, 0x31, 0xD2, 0x0E, 0x94, 0xEA, 0x30,
    0x65, 0x61, 0xA5, 0x56, 0x7B, 0x8D, 0xDE, 0x19, 0xB3, 0x5C, 0xEB, 0x63, 0xC7, 0x30, 0x1E, 0x10,
    0xDB, 0xB6, 0x62, 0xD1, 0x41, 0xA2, 0xF4, 0x71, 0x1E, 0x3D, 0xF6, 0x6D, 0xE5, 0xDB, 0x3A, 0xF8,
    0x50, 0xD9, 0x13, 0x11, 0xAF, 0xF0, 0x1D, 0xDF, 0x65, 0x64, 0x0D, 0xCB, 0x28, 0xFB, 0x0B, 0xE2,
    0x88, 0x44, 0x59, 0x83, 0xE2, 0x26, 0x25, 0x7E, 0xFE, 0xDC, 0x2A, 0xA1, 0x2C, 0x3A, 0x2F, 0x9D,
    0xD2, 0x13, 0x01, 0x4A, 0x7B, 0x36, 0x1C, 0x24, 0xC1, 0x33, 0xD0, 0xAB, 0x88, 0x61, 0xA0, 0x0B,
    0x4B, 0xCD, 0xA2, 0x5F, 0x2F, 0xBD, 0x66, 0xF8, 0x14, 0x23, 0x73, 0xCB, 0xA9, 0x85, 0x48, 0x7D,
    0x03, 0xBA, 0xB4, 0xC5, 0xDC, 0xC6, 0xF5, 0x96, 0x30, 0x6C, 0x36, 0x2E, 0x56, 0x91, 0xCE, 0xE3,
    0x36, 0x81, 0x66, 0xBB, 0xB4, 0x9B, 0x27, 0xAD, 0x6B, 0xE7, 0x7B, 0xA5, 0x5B, 0xCD, 0x19, 0xE5,
    0x1D, 0xAE, 0x7C, 0x73, 0xAB, 0x68, 0x0E, 0xB4, 0x85, 0x55, 0xB5, 0x6E, 0xF5, 0x49, 0x8A, 0x71,
    0xCB, 0xB4, 0xCD, 0x7A, 0x20, 0x19, 0x97, 0x19, 0xD4, 0x3C, 0x31, 0x01, 0xD6, 0x28, 0xF5, 0x01,
    0x36, 0x59, 0x72, 0xB7, 0x8F, 0xAC, 0xF7, 0x95, 0x74, 0x84, 0xAD, 0xF9, 0x0D, 0x95, 0x00, 0xA5,
    0x8A, 0x7D, 0xA9, 0xA1, 0x0F, 0x08, 0x38, 0x53, 0x33, 0x7B, 0xA3, 0x41, 0x16, 0xE8, 0x54, 0xBB,
    0x57, 0x6B, 0xD7, 0x3E, 0x9A, 0xE8, 0x6B, 0x0D, 0xA6, 0x65, 0xD4, 0x0E, 0x24, 0x98, 0x3D, 0x80,
    0x36, 0x62, 0x5E, 0x0E, 0x52, 0xA0, 0x31, 0xC9, 0x2B, 0x9B, 0xB3, 0x19, 0xF6, 0xE8, 0x01, 0x3B,
    0x42, 0xA0, 0x63, 0x55, 0x46, 0xD3, 0x3C, 0x43, 0xD2, 0xE7, 0x59, 0x83, 0x03, 0xBA, 0x06, 0x07,
    0x4C, 0xF3, 0xA7, 0x0E, 0x78, 0x99, 0x58, 0x6E, 0xB0, 0x5A, 0x5E, 0x80, 0x4C, 0x97, 0x55, 0x9E,
    0x75, 0xCB, 0xAA, 0x4C, 0x87, 0xA5, 0x2B, 0x63, 0xFD, 0xB1, 0xCA, 0x43, 0x2B, 0xF0, 0x8A, 0x6A,
    0xDD, 0xB3, 0xE2, 0xF9, 0x41, 0x36, 0x58, 0xF7, 0xD6, 0xC1, 0x70, 0xBE, 0x05, 0x6D, 0x75, 0x05,
    0x59, 0x8E, 0x94, 0xD4, 0x0D, 0xD3, 0xD5, 0xAB, 0xC0, 0xA5, 0x73, 0xD7, 0xD5, 0xEE, 0x92, 0x3A,
    0x7F, 0x5D, 0xE5, 0x5B, 0x0D, 0x8D, 0x5E, 0x48, 0x8C, 0x4B, 0xEE, 0xAC, 0x29, 0x85, 0xBA, 0xBE,
    0x98, 0xCF, 0x7D, 0xB3, 0x02, 0xB4, 0x69, 0xFB, 0x23, 0x43, 0xC0, 0x92, 0xB1, 0x3A, 0x86, 0xA8,
    0x90, 0x0A, 0xAA, 0x61, 0x36, 0x99, 0x48, 0x36, 0x4A, 0x59, 0xAF, 0xF2, 0x97, 0xD5, 0x3A, 0x1B,
    0x1B, 0xC7, 0x04, 0x6F, 0x3F, 0xE1, 0xD9, 0xCE, 0xBD, 0xAB, 0x76, 0xFD, 0x89, 0xBC, 0xCC, 0x38,
    0x38, 0x7E, 0x7B, 0xD1, 0x3B, 0x8A, 0x6F, 0xFB, 0xFE, 0x5E, 0xCD, 0x9F, 0x93, 0x97, 0x98, 0xDF,
    0x70, 0x8D, 0x84, 0x88, 0x89, 0x14, 0x9D, 0xF6, 0x5D, 0x6B, 0xAB, 0xBC, 0xB4, 0x2C, 0x7E, 0xCE,
    0x5A, 0x9F, 0x71, 0x9F, 0x4B, 0x8A, 0xD5, 0xF1, 0xCC, 0x62, 0x98, 0x4C, 0xC5, 0x11, 0x2E, 0xB2,
    0xCE, 0x7D, 0x86, 0x39, 0xAD, 0xBB, 0xA9, 0x79, 0xD1, 0x14, 0x25, 0x0A, 0xA5, 0x06, 0x6B, 0xD4,
    0x77, 0x59, 0x81, 0x55, 0xC9, 0x7A, 0xA7, 0xA5, 0xF6, 0x67, 0xFF, 0x4B, 0xCF, 0xE2, 0x8E, 0xDE,
    0xE1, 0x2C, 0x56, 0x06, 0xFA, 0x00, 0x1A, 0x3E, 0xF4, 0x13, 0x8D, 0xFE, 0x42, 0x64, 0xA2, 0x4A,
    0xBB, 0x02, 0x11, 0xB4, 0xAC, 0xC3, 0x29, 0x11, 0x23, 0xDC, 0x6A, 0x83, 0x5D, 0x6D, 0x7C, 0xE5,
    0x37, 0xD7, 0x06, 0x7A, 0xD3, 0x4B, 0x94, 0x8E, 0x3F, 0xF0, 0xC1, 0x2D, 0xD8, 0xED, 0x0A, 0xBA,
    0x1A, 0x6E, 0x0B, 0xDE, 0x2C, 0xE7, 0xE3, 0x02, 0xFC, 0x0F, 0x75, 0xD0, 0xB1, 0x0D, 0xC2, 0x30,
    0x10, 0x85, 0xE1, 0x97, 0x5C, 0xE1, 0x82, 0x22, 0x03, 0x50, 0xB8, 0xA1, 0xCF, 0x08, 0x4E, 0xCF,
    0x4A, 0x08, 0x18, 0x81, 0x05, 0xD8, 0x84, 0x22, 0x23, 0x44, 0xCA, 0x02, 0x1E, 0x21, 0x85, 0x8B,
    0x20, 0xD9, 0x3E, 0xEE, 0x1C, 0x14, 0x45, 0x88, 0x14, 0xFE, 0x64, 0x9D, 0x8B, 0xFB, 0x65, 0xE0,
    0x98, 0x3B, 0x00, 0xCC, 0x13, 0x40, 0xF9, 0x1C, 0x80, 0x26, 0xD0, 0x2C, 0x4E, 0x46, 0x26, 0x56,
    0x0E, 0xD0, 0x7A, 0xA1, 0x66, 0xE6, 0x00, 0x12, 0x23, 0xE0, 0xBC, 0x49, 0x3A, 0xA7, 0xA4, 0x77,
    0x8A, 0xAB, 0xC3, 0x56, 0xF3, 0x6B, 0x7F, 0x98, 0x8B, 0xB9, 0x17, 0x0D, 0x0F, 0x70, 0xF7, 0x3A,
    0xCB, 0x44, 0x97, 0xE0, 0xAA, 0x9C, 0x2E, 0xAA, 0x0B, 0xEA, 0xCD, 0x97, 0xE5, 0x5D, 0x79, 0x85,
    0x7D, 0x0B, 0x15, 0xF3, 0x13, 0x30, 0xC9, 0x26, 0x2D, 0x6C, 0x92, 0x16, 0x2E, 0xD2, 0xD2, 0x13,
    0xB5, 0x73, 0x8C, 0xDA, 0x39, 0xAE, 0x55, 0xED, 0x6E, 0xE1, 0x4E, 0x6D, 0xFF, 0x35, 0x3F, 0x44,
    0x62, 0x2F, 0x9D, 0x95, 0x7C, 0xD3, 0xB6, 0xF3, 0xF5, 0xBF, 0xF3, 0x03,
};

static const EpdGlyph literata_14_bolditalicGlyphs[] = {
    { 0, 0, 89, 0, 0, 0, 0 }, // U+0020
    { 7, 20, 170, 2, 20, 35, 0 }, // !
    { 9, 7, 212, 3, 22, 16, 35 }, // "
    { 19, 16, 323, 1, 16, 76, 51 }, // #
    { 15, 25, 262, 1, 23, 94, 127 }, // $
    { 23, 18, 394, 1, 18, 104, 221 }, // %
    { 21, 20, 374, 2, 20, 105, 325 }, // &
    { 4, 7, 134, 3, 22, 7, 430 }, // '
    { 10, 31, 187, 2, 24, 78, 437 }, // (
    { 10, 31, 185, 0, 24, 78, 515 }, // )
    { 11, 11, 227, 2, 23, 31, 593 }, // *
    { 13, 13, 272, 2, 15, 43, 624 }, // +
    { 7, 10, 168, 2, 4, 18, 667 }, // ,
    { 9, 3, 171, 1, 9, 7, 685 }, // -
    { 7, 5, 163, 2, 5, 9, 692 }, // .
    { 14, 26, 219, 0, 23, 91, 701 }, // /
    { 18, 20, 306, 1, 20, 90, 792 }, // 0
    { 12, 21, 212, 1, 21, 63, 882 }, // 1
    { 15, 20, 262, 1, 20, 75, 945 }, // 2
    { 16, 20, 267, 0, 20, 80, 1020 }, // 3
    { 18, 21, 287, 0, 21, 95, 1100 }, // 4
    { 16, 20, 266, 0, 20, 80, 1195 }, // 5
    { 16, 20, 279, 1, 20, 80, 1275 }, // 6
    { 15, 20, 254, 1, 20, 75, 1355 }, // 7
    { 16, 20, 269, 0, 20, 80, 1430 }, // 8
    { 16, 20, 277, 1, 20, 80, 1510 }, // 9
    { 7, 16, 173, 2, 16, 28, 1590 }, // :
    { 7, 22, 172, 2, 16, 39, 1618 }, // ;
    { 13, 15, 272, 2, 16, 49, 1657 }, // <
    { 14, 9, 272, 2, 13, 32, 1706 }, // =
    { 13, 15, 272, 2, 16, 49, 1738 }, // >
    { 14, 20, 255, 1, 20, 70, 1787 }, // ?
    { 26, 24, 456, 1, 18, 156, 1857 }, // @
    { 22, 21, 342, 0, 21, 116, 2013 }, // A
    { 19, 20, 314, 0, 20, 95, 2129 }, // B
    { 18, 20, 308, 1, 20, 90, 2224 }, // C
    { 22, 20, 365, 0, 20, 110, 2314 }, // D
    { 18, 20, 293, 0, 20, 90, 2424 }, // E
    { 18, 20, 281, 0, 20, 90, 2514 }, // F
    { 19, 20, 328, 1, 20, 95, 2604 }, // G
    { 24, 20, 374, 0, 20, 120, 2699 }, // H
    { 12, 20, 188, 0, 20, 60, 2819 }, // I
    { 12, 27, 194, 0, 20, 81, 2879 }, // J
    { 22, 20, 353, 0, 20, 110, 2960 }, // K
    { 18, 20, 291, 0, 20, 90, 3070 }, // L
    { 28, 21, 471, 1, 20, 147, 3160 }, // M
    { 23, 21, 360, 0, 20, 121, 3307 }, // N
    { 21, 20, 356, 1, 20, 105, 3428 }, // O
    { 19, 20, 312, 0, 20, 95, 3533 }, // P
    { 22, 26, 352, 1, 20, 143, 3628 }, // Q
    { 22, 20, 346, 0, 20, 110, 3771 }, // R
    { 15, 20, 262, 1, 20, 75, 3881 }, // S
    { 20, 20, 317, 0, 20, 100, 3956 }, // T
    { 22, 20, 374, 1, 20, 110, 4056 }, // U
    { 23, 21, 342, 0, 20, 121, 4166 }, // V
    { 32, 20, 490, 0, 20, 160, 4287 }, // W
    { 22, 20, 350, 0, 20, 110, 4447 }, // X
    { 22, 20, 330, 0, 20, 110, 4557 }, // Y
    { 18, 20, 309, 1, 20, 90, 4667 }, // Z
    { 9, 29, 180, 2, 23, 66, 4757 }, // [
    { 14, 26, 219, 0, 23, 91, 4823 }, // <backslash>
    { 10, 29, 182, 0, 23, 73, 4914 }, // ]
    { 17, 12, 300, 1, 20, 51, 4987 }, // ^
    { 15, 3, 239, 0, 0, 12, 5038 }, // _
    { 8, 8, 233, 3, 24, 16, 5050 }, // `
    { 18, 15, 296, 1, 15, 68, 5066 }, // a
    { 17, 22, 292, 0, 22, 94, 5134 }, // b
    { 14, 15, 247, 1, 15, 53, 5228 }, // c
    { 18, 22, 296, 1, 22, 99, 5281 }, // d
    { 14, 15, 245, 1, 15, 53, 5380 }, // e
    { 17, 28, 197, -2, 22, 119, 5433 }, // f
    { 16, 21, 287, 1, 15, 84, 5552 }, // g
    { 19, 22, 296, 0, 22, 105, 5636 }, // h
    { 10, 22, 157, 0, 22, 55, 5741 }, // i
    { 10, 28, 156, -2, 22, 70, 5796 }, // j
    { 17, 22, 274, 0, 22, 94, 5866 }, // k
    { 10, 22, 148, 0, 22, 55, 5960 }, // l
    { 27, 15, 436, 0, 15, 102, 6015 }, // m
    { 19, 15, 299, 0, 15, 72, 6117 }, // n
    { 15, 15, 276, 1, 15, 57, 6189 }, // o
    { 18, 21, 299, 0, 15, 95, 6246 }, // p
    { 18, 21, 283, 1, 15, 95, 6341 }, // q
    { 15, 15, 245, 0, 15, 57, 6436 }, // r
    { 13, 15, 233, 1, 15, 49, 6493 }, // s
    { 13, 20, 200, 0, 20, 65, 6542 }, // t
    { 19, 15, 296, 0, 15, 72, 6607 }, // u
    { 16, 15, 263, 0, 15, 60, 6679 }, // v
    { 23, 15, 386, 0, 15, 87, 6739 }, // w
    { 17, 15, 269, 0, 15, 64, 6826 }, // x
    { 16, 21, 265, 0, 15, 84, 6890 }, // y
    { 15, 15, 242, 0, 15, 57, 6974 }, // z
    { 10, 30, 192, 2, 24, 75, 7031 }, // {
    { 5, 26, 212, 4, 23, 33, 7106 }, // |
    { 11, 30, 192, 0, 24, 83, 7139 }, // }
    { 15, 6, 287, 2, 12, 23, 7222 }, // ~
    { 0, 0, 89, 0, 0, 0, 0 }, // U+00A0
    { 8, 21, 165, 1, 15, 42, 0 }, // U+00A1
    { 14, 20, 247, 1, 19, 70, 42 }, // U+00A2
    { 17, 21, 304, 1, 20, 90, 112 }, // U+00A3
    { 16, 15, 277, 1, 17, 60, 202 }, // U+00A4
    { 22, 20, 330, 0, 20, 110, 262 }, // U+00A5
    { 5, 26, 212, 4, 23, 33, 372 }, // U+00A6
    { 16, 26, 316, 2, 20, 104, 405 }, // U+00A7
    { 12, 4, 234, 2, 21, 12, 509 }, // U+00A8
    { 21, 20, 398, 2, 20, 105, 521 }, // U+00A9
    { 14, 12, 225, 1, 23, 42, 626 }, // U+00AA
    { 15, 13, 266, 1, 14, 49, 668 }, // U+00AB
    { 13, 7, 272, 2, 11, 23, 717 }, // U+00AC
    { 0, 0, 0, 0, 0, 0, 740 }, // U+00AD
    { 13, 12, 235, 1, 23, 39, 740 }, // U+00AE
    { 10, 3, 234, 3, 21, 8, 779 }, // U+00AF
    { 9, 8, 167, 1, 24, 18, 787 }, // U+00B0
    { 14, 16, 272, 1, 16, 56, 805 }, // U+00B1
    { 11, 13, 198, 1, 24, 36, 861 }, // U+00B2
    { 12, 13, 202, 1, 24, 39, 897 }, // U+00B3
    { 8, 7, 234, 5, 23, 14, 936 }, // U+00B4
    { 18, 22, 288, 0, 15, 99, 950 }, // U+00B5
    { 18, 26, 309, 1, 20, 117, 1049 }, // U+00B6
    { 7, 5, 172, 2, 11, 9, 1166 }, // U+00B7
    { 8, 7, 234, 3, 0, 14, 1175 }, // U+00B8
    { 9, 14, 163, 1, 25, 32, 1189 }, // U+00B9
    { 12, 12, 211, 1, 23, 36, 1221 }, // U+00BA
    { 15, 13, 267, 1, 14, 49, 1257 }, // U+00BB
    { 28, 21, 470, 1, 21, 147, 1306 }, // U+00BC
    { 28, 21, 477, 1, 21, 147, 1453 }, // U+00BD
    { 28, 20, 478, 1, 20, 140, 1600 }, // U+00BE
    { 14, 22, 253, 1, 15, 77, 1740 }, // U+00BF
    { 22, 28, 342, 0, 28, 154, 1817 }, // U+00C0
    { 22, 27, 342, 0, 27, 149, 1971 }, // U+00C1
    { 22, 27, 342, 0, 27, 149, 2120 }, // U+00C2
    { 22, 26, 342, 0, 26, 143, 2269 }, // U+00C3
    { 22, 26, 342, 0, 26, 143, 2412 }, // U+00C4
    { 22, 29, 342, 0, 29, 160, 2555 }, // U+00C5
    { 27, 20, 449, 0, 20, 135, 2715 }, // U+00C6
    { 18, 26, 308, 1, 20, 117, 2850 }, // U+00C7
    { 18, 28, 293, 0, 28, 126, 2967 }, // U+00C8
    { 18, 27, 293, 0, 27, 122, 3093 }, // U+00C9
    { 18, 27, 293, 0, 27, 122, 3215 }, // U+00CA
    { 18, 26, 293, 0, 26, 117, 3337 }, // U+00CB
    { 12, 28, 188, 0, 28, 84, 3454 }, // U+00CC
    { 12, 27, 188, 0, 27, 81, 3538 }, // U+00CD
    { 12, 27, 188, 0, 27, 81, 3619 }, // U+00CE
    { 13, 26, 188, 0, 26, 85, 3700 }, // U+00CF
    { 22, 20, 365, 0, 20, 110, 3785 }, // U+00D0
    { 23, 27, 360, 0, 26, 156, 3895 }, // U+00D1
    { 21, 28, 356, 1, 28, 147, 4051 }, // U+00D2
    { 21, 27, 356, 1, 27, 142, 4198 }, // U+00D3
    { 21, 27, 356, 1, 27, 142, 4340 }, // U+00D4
    { 21, 26, 356, 1, 26, 137, 4482 }, // U+00D5
    { 21, 26, 356, 1, 26, 137, 4619 }, // U+00D6
    { 13, 12, 271, 2, 15, 39, 4756 }, // U+00D7
    { 22, 20, 353, 0, 20, 110, 4795 }, // U+00D8
    { 22, 28, 374, 1, 28, 154, 4905 }, // U+00D9
    { 22, 27, 374, 1, 27, 149, 5059 }, // U+00DA
    { 22, 27, 374, 1, 27, 149, 5208 }, // U+00DB
    { 22, 26, 374, 1, 26, 143, 5357 }, // U+00DC
    { 22, 27, 330, 0, 27, 149, 5500 }, // U+00DD
    { 19, 20, 316, 0, 20, 95, 5649 }, // U+00DE
    { 22, 28, 333, -2, 22, 154, 5744 }, // U+00DF
    { 18, 24, 296, 1, 24, 108, 5898 }, // U+00E0
    { 18, 23, 296, 1, 23, 104, 6006 }, // U+00E1
    { 18, 23, 296, 1, 23, 104, 6110 }, // U+00E2
    { 18, 21, 296, 1, 21, 95, 6214 }, // U+00E3
    { 18, 21, 296, 1, 21, 95, 6309 }, // U+00E4
    { 18, 25, 296, 1, 25, 113, 6404 }, // U+00E5
    { 22, 16, 385, 1, 16, 88, 6517 }, // U+00E6
    { 14, 21, 247, 1, 15, 74, 6605 }, // U+00E7
    { 14, 24, 245, 1, 24, 84, 6679 }, // U+00E8
    { 14, 23, 245, 1, 23, 81, 6763 }, // U+00E9
    { 14, 23, 245, 1, 23, 81, 6844 }, // U+00EA
    { 14, 21, 245, 1, 21, 74, 6925 }, // U+00EB
    { 10, 24, 157, 0, 24, 60, 6999 }, // U+00EC
    { 10, 23, 157, 0, 23, 58, 7059 }, // U+00ED
    { 11, 23, 157, -1, 23, 64, 7117 }, // U+00EE
    { 12, 21, 157, -2, 21, 63, 7181 }, // U+00EF
    { 15, 23, 280, 1, 23, 87, 7244 }, // U+00F0
    { 19, 21, 299, 0, 21, 100, 7331 }, // U+00F1
    { 15, 24, 276, 1, 24, 90, 7431 }, // U+00F2
    { 15, 23, 276, 1, 23, 87, 7521 }, // U+00F3
    { 15, 23, 276, 1, 23, 87, 7608 }, // U+00F4
    { 15, 21, 276, 1, 21, 79, 7695 }, // U+00F5
    { 15, 21, 276, 1, 21, 79, 7774 }, // U+00F6
    { 13, 14, 272, 2, 15, 46, 7853 }, // U+00F7
    { 17, 15, 276, 0, 15, 64, 7899 }, // U+00F8
    { 19, 24, 296, 0, 24, 114, 7963 }, // U+00F9
    { 19, 23, 296, 0, 23, 110, 8077 }, // U+00FA
    { 19, 23, 296, 0, 23, 110, 8187 }, // U+00FB
    { 19, 21, 296, 0, 21, 100, 8297 }, // U+00FC
    { 16, 29, 265, 0, 23, 116, 8397 }, // U+00FD
    { 18, 28, 295, 0, 22, 126, 8513 }, // U+00FE
    { 16, 27, 265, 0, 21, 108, 8639 }, // U+00FF
    { 22, 26, 342, 0, 26, 143, 0 }, // U+0100
    { 18, 21, 296, 1, 21, 95, 143 }, // U+0101
    { 22, 27, 342, 0, 27, 149, 238 }, // U+0102
    { 18, 23, 296, 1, 23, 104, 387 }, // U+0103
    { 22, 28, 342, 0, 22, 154, 491 }, // U+0104
    { 18, 21, 296, 1, 15, 95, 645 }, // U+0105
    { 18, 27, 308, 1, 27, 122, 740 }, // U+0106
    { 14, 23, 247, 1, 23, 81, 862 }, // U+0107
    { 18, 27, 308, 1, 27, 122, 943 }, // U+0108
    { 14, 23, 247, 1, 23, 81, 1065 }, // U+0109
    { 18, 27, 308, 1, 27, 122, 1146 }, // U+010A
    { 14, 22, 247, 1, 22, 77, 1268 }, // U+010B
    { 18, 28, 308, 1, 28, 126, 1345 }, // U+010C
    { 14, 24, 247, 1, 24, 84, 1471 }, // U+010D
    { 22, 28, 365, 0, 28, 154, 1555 }, // U+010E
    { 21, 22, 362, 1, 22, 116, 1709 }, // U+010F
    { 22, 20, 365, 0, 20, 110, 1825 }, // U+0110
    { 18, 22, 297, 1, 22, 99, 1935 }, // U+0111
    { 18, 26, 293, 0, 26, 117, 2034 }, // U+0112
    { 14, 21, 245, 1, 21, 74, 2151 }, // U+0113
    { 18, 27, 293, 0, 27, 122, 2225 }, // U+0114
    { 14, 23, 245, 1, 23, 81, 2347 }, // U+0115
    { 18, 27, 293, 0, 27, 122, 2428 }, // U+0116
    { 14, 22, 245, 1, 22, 77, 2550 }, // U+0117
    { 18, 26, 293, 0, 20, 117, 2627 }, // U+0118
    { 14, 21, 245, 1, 15, 74, 2744 }, // U+0119
    { 18, 28, 293, 0, 28, 126, 2818 }, // U+011A
    { 14, 24, 245, 1, 24, 84, 2944 }, // U+011B
    { 19, 27, 328, 1, 27, 129, 3028 }, // U+011C
    { 16, 29, 287, 1, 23, 116, 3157 }, // U+011D
    { 19, 27, 328, 1, 27, 129, 3273 }, // U+011E
    { 16, 29, 287, 1, 23, 116, 3402 }, // U+011F
    { 19, 27, 328, 1, 27, 129, 3518 }, // U+0120
    { 16, 28, 287, 1, 22, 112, 3647 }, // U+0121
    { 19, 27, 328, 1, 20, 129, 3759 }, // U+0122
    { 16, 29, 287, 1, 23, 116, 3888 }, // U+0123
    { 24, 27, 374, 0, 27, 162, 4004 }, // U+0124
    { 21, 28, 296, -2, 28, 147, 4166 }, // U+0125
    { 24, 20, 374, 0, 20, 120, 4313 }, // U+0126
    { 20, 22, 296, -1, 22, 110, 4433 }, // U+0127
    { 13, 26, 188, 0, 26, 85, 4543 }, // U+0128
    { 12, 21, 157, -2, 21, 63, 4628 }, // U+0129
    { 12, 26, 188, 0, 26, 78, 4691 }, // U+012A
    { 11, 21, 157, -1, 21, 58, 4769 }, // U+012B
    { 12, 27, 188, 0, 27, 81, 4827 }, // U+012C
    { 11, 23, 157, -1, 23, 64, 4908 }, // U+012D
    { 12, 26, 188, 0, 20, 78, 4972 }, // U+012E
    { 10, 28, 157, 0, 22, 70, 5050 }, // U+012F
    { 12, 27, 188, 0, 27, 81, 5120 }, // U+0130
    { 10, 15, 157, 0, 15, 38, 5201 }, // U+0131
    { 24, 27, 381, 0, 20, 162, 5239 }, // U+0132
    { 18, 28, 313, 0, 22, 126, 5401 }, // U+0133
    { 13, 34, 194, 0, 27, 111, 5527 }, // U+0134
    { 12, 29, 154, -2, 23, 87, 5638 }, // U+0135
    { 22, 30, 353, 0, 20, 165, 5725 }, // U+0136
    { 17, 32, 274, 0, 22, 136, 5890 }, // U+0137
    { 18, 15, 279, 0, 15, 68, 6026 }, // U+0138
    { 18, 27, 291, 0, 27, 122, 6094 }, // U+0139
    { 10, 28, 148, 0, 28, 70, 6216 }, // U+013A
    { 18, 30, 291, 0, 20, 135, 6286 }, // U+013B
    { 10, 32, 148, 0, 22, 80, 6421 }, // U+013C
    { 18, 23, 294, 0, 23, 104, 6501 }, // U+013D
    { 13, 22, 211, 0, 22, 72, 6605 }, // U+013E
    { 18, 20, 291, 0, 20, 90, 6677 }, // U+013F
    { 14, 22, 198, 0, 22, 77, 6767 }, // U+0140
    { 18, 20, 291, 0, 20, 90, 6844 }, // U+0141
    { 11, 22, 165, 0, 22, 61, 6934 }, // U+0142
    { 23, 28, 360, 0, 27, 161, 6995 }, // U+0143
    { 19, 23, 299, 0, 23, 110, 7156 }, // U+0144
    { 23, 30, 360, 0, 20, 173, 7266 }, // U+0145
    { 19, 25, 299, 0, 15, 119, 7439 }, // U+0146
    { 23, 29, 360, 0, 28, 167, 7558 }, // U+0147
    { 19, 24, 299, 0, 24, 114, 7725 }, // U+0148
    { 24, 22, 361, -1, 22, 132, 7839 }, // U+0149
    { 23, 27, 361, 0, 20, 156, 7971 }, // U+014A
    { 17, 21, 294, 0, 15, 90, 8127 }, // U+014B
    { 21, 26, 356, 1, 26, 137, 8217 }, // U+014C
    { 15, 21, 276, 1, 21, 79, 8354 }, // U+014D
    { 21, 27, 356, 1, 27, 142, 8433 }, // U+014E
    { 15, 23, 276, 1, 23, 87, 8575 }, // U+014F
    { 21, 28, 356, 1, 28, 147, 8662 }, // U+0150
    { 16, 23, 276, 1, 23, 92, 8809 }, // U+0151
    { 29, 20, 485, 1, 20, 145, 8901 }, // U+0152
    { 24, 15, 406, 1, 15, 90, 9046 }, // U+0153
    { 22, 27, 346, 0, 27, 149, 9136 }, // U+0154
    { 15, 23, 245, 0, 23, 87, 9285 }, // U+0155
    { 22, 30, 346, 0, 20, 165, 9372 }, // U+0156
    { 15, 25, 245, 0, 15, 94, 9537 }, // U+0157
    { 22, 28, 346, 0, 28, 154, 9631 }, // U+0158
    { 15, 24, 245, 0, 24, 90, 9785 }, // U+0159
    { 15, 27, 262, 1, 27, 102, 9875 }, // U+015A
    { 13, 23, 233, 1, 23, 75, 9977 }, // U+015B
    { 15, 27, 262, 1, 27, 102, 10052 }, // U+015C
    { 13, 23, 233, 1, 23, 75, 10154 }, // U+015D
    { 15, 26, 262, 1, 20, 98, 10229 }, // U+015E
    { 13, 21, 233, 1, 15, 69, 10327 }, // U+015F
    { 15, 28, 262, 1, 28, 105, 10396 }, // U+0160
    { 13, 24, 233, 1, 24, 78, 10501 }, // U+0161
    { 20, 26, 317, 0, 20, 130, 10579 }, // U+0162
    { 13, 26, 200, 0, 20, 85, 10709 }, // U+0163
    { 20, 28, 317, 0, 28, 140, 10794 }, // U+0164
    { 14, 24, 206, 0, 24, 84, 10934 }, // U+0165
    { 20, 20, 317, 0, 20, 100, 11018 }, // U+0166
    { 13, 20, 200, 0, 20, 65, 11118 }, // U+0167
    { 22, 26, 374, 1, 26, 143, 11183 }, // U+0168
    { 19, 21, 296, 0, 21, 100, 11326 }, // U+0169
    { 22, 26, 374, 1, 26, 143, 11426 }, // U+016A
    { 19, 21, 296, 0, 21, 100, 11569 }, // U+016B
    { 22, 27, 374, 1, 27, 149, 11669 }, // U+016C
    { 19, 23, 296, 0, 23, 110, 11818 }, // U+016D
    { 22, 29, 374, 1, 29, 160, 11928 }, // U+016E
    { 19, 25, 296, 0, 25, 119, 12088 }, // U+016F
    { 22, 28, 374, 1, 28, 154, 12207 }, // U+0170
    { 19, 23, 296, 0, 23, 110, 12361 }, // U+0171
    { 22, 26, 374, 1, 20, 143, 12471 }, // U+0172
    { 19, 21, 296, 0, 15, 100, 12614 }, // U+0173
    { 32, 27, 490, 0, 27, 216, 12714 }, // U+0174
    { 23, 23, 386, 0, 23, 133, 12930 }, // U+0175
    { 22, 27, 330, 0, 27, 149, 13063 }, // U+0176
    { 16, 29, 265, 0, 23, 116, 13212 }, // U+0177
    { 22, 26, 330, 0, 26, 143, 13328 }, // U+0178
    { 18, 27, 309, 1, 27, 122, 13471 }, // U+0179
    { 15, 23, 242, 0, 23, 87, 13593 }, // U+017A
    { 18, 27, 309, 1, 27, 122, 13680 }, // U+017B
    { 15, 22, 242, 0, 22, 83, 13802 }, // U+017C
    { 18, 28, 309, 1, 28, 126, 13885 }, // U+017D
    { 15, 24, 242, 0, 24, 90, 14011 }, // U+017E
    { 25, 22, 407, 1, 22, 138, 0 }, // U+01A0
    { 19, 20, 309, 1, 20, 95, 138 }, // U+01A1
    { 26, 22, 422, 1, 22, 143, 233 }, // U+01AF
    { 23, 20, 351, 0, 20, 115, 376 }, // U+01B0
    { 40, 28, 658, 0, 28, 280, 491 }, // U+01C4
    { 37, 24, 597, 0, 24, 222, 771 }, // U+01C5
    { 32, 24, 538, 1, 24, 192, 993 }, // U+01C6
    { 30, 27, 474, 0, 20, 203, 1185 }, // U+01C7
    { 26, 28, 442, 0, 22, 182, 1388 }, // U+01C8
    { 17, 28, 301, 0, 22, 119, 1570 }, // U+01C9
    { 34, 27, 554, 0, 20, 230, 1689 }, // U+01CA
    { 31, 28, 513, 0, 22, 217, 1919 }, // U+01CB
    { 27, 28, 449, 0, 22, 189, 2136 }, // U+01CC
    { 22, 28, 342, 0, 28, 154, 2325 }, // U+01CD
    { 18, 24, 296, 1, 24, 108, 2479 }, // U+01CE
    { 12, 28, 188, 0, 28, 84, 2587 }, // U+01CF
    { 11, 24, 157, -1, 24, 66, 2671 }, // U+01D0
    { 21, 28, 356, 1, 28, 147, 2737 }, // U+01D1
    { 15, 24, 276, 1, 24, 90, 2884 }, // U+01D2
    { 22, 28, 374, 1, 28, 154, 2974 }, // U+01D3
    { 19, 24, 296, 0, 24, 114, 3128 }, // U+01D4
    { 22, 32, 374, 1, 32, 176, 3242 }, // U+01D5
    { 19, 27, 296, 0, 27, 129, 3418 }, // U+01D6
    { 22, 33, 374, 1, 33, 182, 3547 }, // U+01D7
    { 19, 29, 296, 0, 29, 138, 3729 }, // U+01D8
    { 22, 34, 374, 1, 34, 187, 3867 }, // U+01D9
    { 19, 30, 296, 0, 30, 143, 4054 }, // U+01DA
    { 22, 34, 374, 1, 34, 187, 4197 }, // U+01DB
    { 19, 30, 296, 0, 30, 143, 4384 }, // U+01DC
    { 19, 28, 328, 1, 28, 133, 4527 }, // U+01E6
    { 16, 30, 287, 1, 24, 120, 4660 }, // U+01E7
    { 21, 26, 356, 1, 20, 137, 4780 }, // U+01EA
    { 15, 21, 276, 1, 15, 79, 4917 }, // U+01EB
    { 22, 31, 342, 0, 31, 171, 4996 }, // U+01FA
    { 18, 30, 296, 1, 30, 135, 5167 }, // U+01FB
    { 27, 27, 449, 0, 27, 183, 5302 }, // U+01FC
    { 22, 23, 385, 1, 23, 127, 5485 }, // U+01FD
    { 22, 27, 353, 0, 27, 149, 5612 }, // U+01FE
    { 17, 23, 276, 0, 23, 98, 5761 }, // U+01FF
    { 22, 28, 342, 0, 28, 154, 5859 }, // U+0200
    { 18, 24, 296, 1, 24, 108, 6013 }, // U+0201
    { 22, 27, 342, 0, 27, 149, 6121 }, // U+0202
    { 18, 22, 296, 1, 22, 99, 6270 }, // U+0203
    { 18, 28, 293, 0, 28, 126, 6369 }, // U+0204
    { 14, 24, 245, 1, 24, 84, 6495 }, // U+0205
    { 18, 27, 293, 0, 27, 122, 6579 }, // U+0206
    { 14, 22, 245, 1, 22, 77, 6701 }, // U+0207
    { 14, 28, 188, -2, 28, 98, 6778 }, // U+0208
    { 14, 24, 157, -4, 24, 84, 6876 }, // U+0209
    { 12, 27, 188, 0, 27, 81, 6960 }, // U+020A
    { 11, 22, 157, -1, 22, 61, 7041 }, // U+020B
    { 21, 28, 356, 1, 28, 147, 7102 }, // U+020C
    { 16, 24, 276, 0, 24, 96, 7249 }, // U+020D
    { 21, 28, 356, 1, 28, 147, 7345 }, // U+020E
    { 15, 22, 276, 1, 22, 83, 7492 }, // U+020F
    { 22, 28, 346, 0, 28, 154, 7575 }, // U+0210
    { 15, 24, 245, 0, 24, 90, 7729 }, // U+0211
    { 22, 27, 346, 0, 27, 149, 7819 }, // U+0212
    { 15, 22, 245, 0, 22, 83, 7968 }, // U+0213
    { 22, 28, 374, 1, 28, 154, 8051 }, // U+0214
    { 19, 24, 296, 0, 24, 114, 8205 }, // U+0215
    { 22, 27, 374, 1, 27, 149, 8319 }, // U+0216
    { 19, 22, 296, 0, 22, 105, 8468 }, // U+0217
    { 15, 30, 262, 1, 20, 113, 8573 }, // U+0218
    { 13, 25, 233, 1, 15, 82, 8686 }, // U+0219
    { 20, 30, 317, 0, 20, 150, 8768 }, // U+021A
    { 13, 30, 200, 0, 20, 98, 8918 }, // U+021B
    { 7, 8, 0, -4, 24, 14, 0 }, // U+0300
    { 8, 7, 0, -3, 23, 14, 14 }, // U+0301
    { 11, 7, 0, -5, 23, 20, 28 }, // U+0302
    { 12, 4, 0, -6, 21, 12, 48 }, // U+0303
    { 10, 3, 0, -5, 21, 8, 60 }, // U+0304
    { 11, 6, 0, -5, 23, 17, 68 }, // U+0306
    { 6, 5, 0, -3, 22, 8, 85 }, // U+0307
    { 13, 4, 0, -6, 21, 13, 93 }, // U+0308
    { 10, 9, 0, -5, 25, 23, 106 }, // U+0309
    { 9, 8, 0, -4, 25, 18, 129 }, // U+030A
    { 13, 7, 0, -4, 23, 23, 147 }, // U+030B
    { 11, 7, 0, -5, 24, 20, 170 }, // U+030C
    { 13, 8, 0, -8, 24, 26, 190 }, // U+030F
    { 11, 6, 0, -5, 22, 17, 216 }, // U+0311
    { 5, 7, 0, -2, 23, 9, 233 }, // U+0312
    { 7, 9, 0, -3, 19, 16, 242 }, // U+031B
    { 6, 5, 0, -3, -2, 8, 258 }, // U+0323
    { 12, 4, 0, -6, -3, 12, 266 }, // U+0324
    { 6, 8, 0, -3, -2, 12, 278 }, // U+0326
    { 8, 7, 0, -4, 0, 14, 290 }, // U+0327
    { 8, 7, 0, -4, 0, 14, 304 }, // U+0328
    { 11, 6, 0, -6, -2, 17, 318 }, // U+032E
    { 10, 3, 0, -5, -2, 8, 335 }, // U+0331
    { 22, 28, 342, 0, 21, 154, 0 }, // U+1EA0
    { 18, 22, 296, 1, 15, 99, 154 }, // U+1EA1
    { 22, 29, 342, 0, 29, 160, 253 }, // U+1EA2
    { 18, 25, 296, 1, 25, 113, 413 }, // U+1EA3
    { 22, 34, 323, 0, 34, 187, 526 }, // U+1EA4
    { 18, 29, 296, 1, 29, 131, 713 }, // U+1EA5
    { 22, 35, 342, 0, 35, 193, 844 }, // U+1EA6
    { 18, 30, 296, 1, 30, 135, 1037 }, // U+1EA7
    { 22, 34, 342, 0, 34, 187, 1172 }, // U+1EA8
    { 18, 29, 296, 1, 29, 131, 1359 }, // U+1EA9
    { 22, 32, 342, 0, 32, 176, 1490 }, // U+1EAA
    { 18, 28, 296, 1, 28, 126, 1666 }, // U+1EAB
    { 22, 34, 342, 0, 27, 187, 1792 }, // U+1EAC
    { 18, 30, 296, 1, 23, 135, 1979 }, // U+1EAD
    { 22, 34, 342, 0, 34, 187, 2114 }, // U+1EAE
    { 18, 29, 296, 1, 29, 131, 2301 }, // U+1EAF
    { 22, 35, 342, 0, 35, 193, 2432 }, // U+1EB0
    { 18, 30, 296, 1, 30, 135, 2625 }, // U+1EB1
    { 22, 35, 342, 0, 35, 193, 2760 }, // U+1EB2
    { 18, 30, 296, 1, 30, 135, 2953 }, // U+1EB3
    { 22, 32, 323, 0, 32, 176, 3088 }, // U+1EB4
    { 18, 28, 296, 1, 28, 126, 3264 }, // U+1EB5
    { 22, 34, 342, 0, 27, 187, 3390 }, // U+1EB6
    { 18, 30, 296, 1, 23, 135, 3577 }, // U+1EB7
    { 18, 27, 293, 0, 20, 122, 3712 }, // U+1EB8
    { 14, 22, 245, 1, 15, 77, 3834 }, // U+1EB9
    { 18, 29, 293, 0, 29, 131, 3911 }, // U+1EBA
    { 14, 25, 245, 1, 25, 88, 4042 }, // U+1EBB
    { 18, 26, 293, 0, 26, 117, 4130 }, // U+1EBC
    { 14, 21, 245, 1, 21, 74, 4247 }, // U+1EBD
    { 18, 34, 291, 0, 34, 153, 4321 }, // U+1EBE
    { 14, 29, 245, 1, 29, 102, 4474 }, // U+1EBF
    { 18, 35, 291, 0, 35, 158, 4576 }, // U+1EC0
    { 14, 30, 245, 1, 30, 105, 4734 }, // U+1EC1
    { 20, 34, 291, 0, 34, 170, 4839 }, // U+1EC2
    { 17, 29, 245, 1, 29, 124, 5009 }, // U+1EC3
    { 18, 32, 291, 0, 32, 144, 5133 }, // U+1EC4
    { 14, 28, 245, 1, 28, 98, 5277 }, // U+1EC5
    { 18, 34, 293, 0, 27, 153, 5375 }, // U+1EC6
    { 14, 30, 245, 1, 23, 105, 5528 }, // U+1EC7
    { 12, 29, 188, 0, 29, 87, 5633 }, // U+1EC8
    { 11, 25, 157, -1, 25, 69, 5720 }, // U+1EC9
    { 12, 27, 188, 0, 20, 81, 5789 }, // U+1ECA
    { 10, 29, 157, 0, 22, 73, 5870 }, // U+1ECB
    { 21, 27, 356, 1, 20, 142, 5943 }, // U+1ECC
    { 15, 22, 276, 1, 15, 83, 6085 }, // U+1ECD
    { 21, 29, 356, 1, 29, 153, 6168 }, // U+1ECE
    { 15, 25, 276, 1, 25, 94, 6321 }, // U+1ECF
    { 21, 34, 353, 1, 34, 179, 6415 }, // U+1ED0
    { 15, 29, 276, 1, 29, 109, 6594 }, // U+1ED1
    { 21, 35, 353, 1, 35, 184, 6703 }, // U+1ED2
    { 15, 30, 276, 1, 30, 113, 6887 }, // U+1ED3
    { 21, 34, 356, 1, 34, 179, 7000 }, // U+1ED4
    { 17, 29, 276, 1, 29, 124, 7179 }, // U+1ED5
    { 21, 32, 353, 1, 32, 168, 7303 }, // U+1ED6
    { 15, 28, 276, 1, 28, 105, 7471 }, // U+1ED7
    { 21, 34, 356, 1, 27, 179, 7576 }, // U+1ED8
    { 15, 30, 276, 1, 23, 113, 7755 }, // U+1ED9
    { 25, 27, 407, 1, 27, 169, 7868 }, // U+1EDA
    { 19, 23, 309, 1, 23, 110, 8037 }, // U+1EDB
    { 25, 28, 407, 1, 28, 175, 8147 }, // U+1EDC
    { 19, 24, 309, 1, 24, 114, 8322 }, // U+1EDD
    { 25, 29, 405, 1, 29, 182, 8436 }, // U+1EDE
    { 19, 25, 309, 1, 25, 119, 8618 }, // U+1EDF
    { 25, 26, 407, 1, 26, 163, 8737 }, // U+1EE0
    { 19, 21, 309, 1, 21, 100, 8900 }, // U+1EE1
    { 25, 29, 407, 1, 22, 182, 9000 }, // U+1EE2
    { 19, 27, 309, 1, 20, 129, 9182 }, // U+1EE3
    { 22, 27, 374, 1, 20, 149, 9311 }, // U+1EE4
    { 19, 22, 296, 0, 15, 105, 9460 }, // U+1EE5
    { 22, 29, 374, 1, 29, 160, 9565 }, // U+1EE6
    { 19, 25, 296, 0, 25, 119, 9725 }, // U+1EE7
    { 26, 27, 422, 1, 27, 176, 9844 }, // U+1EE8
    { 23, 23, 351, 0, 23, 133, 10020 }, // U+1EE9
    { 26, 28, 422, 1, 28, 182, 10153 }, // U+1EEA
    { 23, 24, 351, 0, 24, 138, 10335 }, // U+1EEB
    { 26, 29, 422, 1, 29, 189, 10473 }, // U+1EEC
    { 23, 25, 351, 0, 25, 144, 10662 }, // U+1EED
    { 26, 26, 422, 1, 26, 169, 10806 }, // U+1EEE
    { 23, 21, 351, 0, 21, 121, 10975 }, // U+1EEF
    { 26, 29, 422, 1, 22, 189, 11096 }, // U+1EF0
    { 23, 27, 351, 0, 20, 156, 11285 }, // U+1EF1
    { 22, 28, 330, 0, 28, 154, 11441 }, // U+1EF2
    { 16, 30, 265, 0, 24, 120, 11595 }, // U+1EF3
    { 22, 27, 330, 0, 20, 149, 11715 }, // U+1EF4
    { 16, 21, 263, 0, 15, 84, 11864 }, // U+1EF5
    { 22, 29, 330, 0, 29, 160, 11948 }, // U+1EF6
    { 16, 31, 265, 0, 25, 124, 12108 }, // U+1EF7
    { 22, 26, 330, 0, 26, 143, 12232 }, // U+1EF8
    { 16, 27, 265, 0, 21, 108, 12375 }, // U+1EF9
    { 0, 0, 272, 0, 0, 0, 0 }, // U+2007
    { 0, 0, 152, 0, 0, 0, 0 }, // U+2008
    { 0, 0, 58, 0, 0, 0, 0 }, // U+2009
    { 0, 0, 28, 0, 0, 0, 0 }, // U+200A
    { 0, 0, 0, 0, 0, 0, 0 }, // U+200B
    { 9, 3, 165, 1, 9, 7, 0 }, // U+2010
    { 15, 3, 239, 0, 10, 12, 7 }, // U+2012
    { 15, 3, 239, 0, 10, 12, 19 }, // U+2013
    { 30, 3, 473, 0, 10, 23, 31 }, // U+2014
    { 30, 3, 473, 0, 10, 23, 54 }, // U+2015
    { 7, 9, 130, 1, 23, 16, 77 }, // U+2018
    { 7, 9, 132, 1, 22, 16, 93 }, // U+2019
    { 7, 9, 139, 1, 4, 16, 109 }, // U+201A
    { 13, 9, 230, 1, 23, 30, 125 }, // U+201C
    { 13, 9, 234, 1, 22, 30, 155 }, // U+201D
    { 13, 9, 241, 1, 4, 30, 185 }, // U+201E
    { 14, 23, 257, 1, 22, 81, 215 }, // U+2020
    { 13, 23, 262, 2, 22, 75, 296 }, // U+2021
    { 9, 8, 212, 2, 13, 18, 371 }, // U+2022
    { 26, 5, 473, 2, 5, 33, 389 }, // U+2026
    { 33, 18, 562, 1, 18, 149, 422 }, // U+2030
    { 5, 8, 100, 1, 23, 10, 571 }, // U+2032
    { 10, 8, 181, 1, 23, 20, 581 }, // U+2033
    { 8, 13, 162, 1, 14, 26, 601 }, // U+2039
    { 9, 13, 164, 1, 14, 30, 627 }, // U+203A
    { 25, 23, 437, 1, 23, 144, 657 }, // U+2042
    { 16, 20, 142, -4, 20, 80, 801 }, // U+2044
    { 18, 25, 308, 1, 22, 113, 0 }, // U+20A1
    { 18, 20, 284, 0, 20, 90, 113 }, // U+20A3
    { 18, 21, 304, 1, 20, 95, 203 }, // U+20A4
    { 24, 21, 380, 0, 20, 126, 298 }, // U+20A6
    { 46, 20, 745, 0, 20, 230, 424 }, // U+20A7
    { 33, 21, 513, 0, 21, 174, 654 }, // U+20A9
    { 18, 27, 297, 1, 22, 122, 828 }, // U+20AB
    { 22, 20, 347, 0, 20, 110, 950 }, // U+20AC
    { 23, 20, 366, 0, 20, 115, 1060 }, // U+20AD
    { 20, 20, 317, 0, 20, 100, 1175 }, // U+20AE
    { 21, 20, 348, 1, 20, 105, 1275 }, // U+20B1
    { 19, 25, 328, 1, 23, 119, 1380 }, // U+20B2
    { 20, 20, 322, 0, 20, 100, 1499 }, // U+20B4
    { 18, 27, 306, 1, 23, 122, 1599 }, // U+20B5
    { 20, 20, 322, 0, 20, 100, 1721 }, // U+20B8
    { 17, 21, 295, 1, 20, 90, 1821 }, // U+20B9
    { 18, 20, 307, 1, 20, 90, 1911 }, // U+20BA
    { 21, 20, 373, 1, 20, 105, 2001 }, // U+20BC
    { 19, 20, 321, 1, 20, 95, 2106 }, // U+20BD
    { 22, 28, 317, -2, 22, 154, 0 }, // U+FB01
    { 22, 28, 318, -2, 22, 154, 154 }, // U+FB02
};

static const EpdUnicodeInterval literata_14_bolditalicIntervals[] = {
    { 0x20, 0x7E, 0x0 },
    { 0xA0, 0x17E, 0x5F },
    { 0x1A0, 0x1A1, 0x13E },
    { 0x1AF, 0x1B0, 0x140 },
    { 0x1C4, 0x1DC, 0x142 },
    { 0x1E6, 0x1E7, 0x15B },
    { 0x1EA, 0x1EB, 0x15D },
    { 0x1FA, 0x21B, 0x15F },
    { 0x300, 0x304, 0x181 },
    { 0x306, 0x30C, 0x186 },
    { 0x30F, 0x30F, 0x18D },
    { 0x311, 0x312, 0x18E },
    { 0x31B, 0x31B, 0x190 },
    { 0x323, 0x324, 0x191 },
    { 0x326, 0x328, 0x193 },
    { 0x32E, 0x32E, 0x196 },
    { 0x331, 0x331, 0x197 },
    { 0x1EA0, 0x1EF9, 0x198 },
    { 0x2007, 0x200B, 0x1F2 },
    { 0x2010, 0x2010, 0x1F7 },
    { 0x2012, 0x2015, 0x1F8 },
    { 0x2018, 0x201A, 0x1FC },
    { 0x201C, 0x201E, 0x1FF },
    { 0x2020, 0x2022, 0x202 },
    { 0x2026, 0x2026, 0x205 },
    { 0x2030, 0x2030, 0x206 },
    { 0x2032, 0x2033, 0x207 },
    { 0x2039, 0x203A, 0x209 },
    { 0x2042, 0x2042, 0x20B },
    { 0x2044, 0x2044, 0x20C },
    { 0x20A1, 0x20A1, 0x20D },
    { 0x20A3, 0x20A4, 0x20E },
    { 0x20A6, 0x20A7, 0x210 },
    { 0x20A9, 0x20A9, 0x212 },
    { 0x20AB, 0x20AE, 0x213 },
    { 0x20B1, 0x20B2, 0x217 },
    { 0x20B4, 0x20B5, 0x219 },
    { 0x20B8, 0x20BA, 0x21B },
    { 0x20BC, 0x20BD, 0x21E },
    { 0xFB01, 0xFB02, 0x220 },
};

static const EpdFontGroup literata_14_bolditalicGroups[] = {
    { 0, 3896, 7911, 95, 0 },
    { 3896, 3340, 9543, 96, 95 },
    { 7236, 4414, 15281, 127, 191 },
    { 11650, 3285, 9727, 67, 318 },
    { 14935, 289, 391, 23, 385 },
    { 15224, 2450, 13630, 90, 408 },
    { 17674, 565, 994, 27, 498 },
    { 18239, 1227, 2365, 19, 525 },
    { 19466, 162, 336, 2, 544 },
};

static const EpdKernClassEntry literata_14_bolditalicKernLeftClasses[] = {
    { 0x0022, 1 }, // "
    { 0x0026, 2 }, // &
    { 0x0027, 1 }, // '
    { 0x0028, 3 }, // (
    { 0x002A, 4 }, // *
    { 0x002C, 5 }, // ,
    { 0x002D, 6 }, // -
    { 0x002E, 5 }, // .
    { 0x002F, 7 }, // /
    { 0x0030, 8 }, // 0
    { 0x0031, 9 }, // 1
    { 0x0032, 10 }, // 2
    { 0x0033, 11 }, // 3
    { 0x0034, 12 }, // 4
    { 0x0035, 13 }, // 5
    { 0x0036, 14 }, // 6
    { 0x0037, 15 }, // 7
    { 0x0038, 16 }, // 8
    { 0x0039, 17 }, // 9
    { 0x003A, 18 }, // :
    { 0x003B, 18 }, // ;
    { 0x003D, 19 }, // =
    { 0x0040, 20 }, // @
    { 0x0041, 21 }, // A
    { 0x0042, 22 }, // B
    { 0x0043, 23 }, // C
    { 0x0044, 24 }, // D
    { 0x0045, 25 }, // E
    { 0x0046, 26 }, // F
    { 0x0047, 27 }, // G
    { 0x0048, 28 }, // H
    { 0x0049, 28 }, // I
    { 0x004A, 29 }, // J
    { 0x004B, 30 }, // K
    { 0x004C, 31 }, // L
    { 0x004D, 32 }, // M
    { 0x004E, 33 }, // N
    { 0x004F, 34 }, // O
    { 0x0050, 35 }, // P
    { 0x0051, 36 }, // Q
    { 0x0052, 37 }, // R
    { 0x0053, 38 }, // S
    { 0x0054, 39 }, // T
    { 0x0055, 28 }, // U
    { 0x0056, 40 }, // V
    { 0x0057, 41 }, // W
    { 0x0058, 42 }, // X
    { 0x0059, 43 }, // Y
    { 0x005A, 44 }, // Z
    { 0x005B, 45 }, // [
    { 0x005C, 46 }, // <backslash>
    { 0x0061, 47 }, // a
    { 0x0062, 48 }, // b
    { 0x0063, 49 }, // c
    { 0x0064, 50 }, // d
    { 0x0065, 51 }, // e
    { 0x0066, 52 }, // f
    { 0x0067, 53 }, // g
    { 0x0068, 47 }, // h
    { 0x0069, 54 }, // i
    { 0x006A, 55 }, // j
    { 0x006B, 56 }, // k
    { 0x006C, 50 }, // l
    { 0x006D, 47 }, // m
    { 0x006E, 47 }, // n
    { 0x006F, 48 }, // o
    { 0x0070, 48 }, // p
    { 0x0071, 57 }, // q
    { 0x0072, 58 }, // r
    { 0x0073, 59 }, // s
    { 0x0074, 60 }, // t
    { 0x0075, 47 }, // u
    { 0x0076, 61 }, // v
    { 0x0077, 61 }, // w
    { 0x0078, 62 }, // x
    { 0x0079, 63 }, // y
    { 0x007A, 64 }, // z
    { 0x00A1, 65 }, // U+00A1
    { 0x00AB, 66 }, // U+00AB
    { 0x00AD, 6 }, // U+00AD
    { 0x00B7, 67 }, // U+00B7
    { 0x00BB, 68 }, // U+00BB
    { 0x00BF, 69 }, // U+00BF
    { 0x00C0, 21 }, // U+00C0
    { 0x00C1, 21 }, // U+00C1
    { 0x00C2, 21 }, // U+00C2
    { 0x00C3, 21 }, // U+00C3
    { 0x00C4, 21 }, // U+00C4
    { 0x00C5, 21 }, // U+00C5
    { 0x00C6, 70 }, // U+00C6
    { 0x00C7, 23 }, // U+00C7
    { 0x00C8, 25 }, // U+00C8
    { 0x00C9, 25 }, // U+00C9
    { 0x00CA, 25 }, // U+00CA
    { 0x00CB, 25 }, // U+00CB
    { 0x00CC, 28 }, // U+00CC
    { 0x00CD, 28 }, // U+00CD
    { 0x00CE, 28 }, // U+00CE
    { 0x00CF, 28 }, // U+00CF
    { 0x00D0, 71 }, // U+00D0
    { 0x00D1, 33 }, // U+00D1
    { 0x00D2, 72 }, // U+00D2
    { 0x00D3, 72 }, // U+00D3
    { 0x00D4, 72 }, // U+00D4
    { 0x00D5, 72 }, // U+00D5
    { 0x00D6, 72 }, // U+00D6
    { 0x00D7, 73 }, // U+00D7
    { 0x00D8, 72 }, // U+00D8
    { 0x00DD, 43 }, // U+00DD
    { 0x00DE, 74 }, // U+00DE
    { 0x00DF, 75 }, // U+00DF
    { 0x00E0, 76 }, // U+00E0
    { 0x00E1, 77 }, // U+00E1
    { 0x00E2, 77 }, // U+00E2
    { 0x00E3, 77 }, // U+00E3
    { 0x00E4, 77 }, // U+00E4
    { 0x00E5, 77 }, // U+00E5
    { 0x00E6, 78 }, // U+00E6
    { 0x00E7, 49 }, // U+00E7
    { 0x00E8, 79 }, // U+00E8
    { 0x00E9, 79 }, // U+00E9
    { 0x00EA, 79 }, // U+00EA
    { 0x00EB, 79 }, // U+00EB
    { 0x00EC, 54 }, // U+00EC
    { 0x00ED, 54 }, // U+00ED
    { 0x00EE, 54 }, // U+00EE
    { 0x00EF, 54 }, // U+00EF
    { 0x00F1, 47 }, // U+00F1
    { 0x00F2, 48 }, // U+00F2
    { 0x00F3, 48 }, // U+00F3
    { 0x00F4, 48 }, // U+00F4
    { 0x00F5, 48 }, // U+00F5
    { 0x00F6, 48 }, // U+00F6
    { 0x00F8, 48 }, // U+00F8
    { 0x00F9, 47 }, // U+00F9
    { 0x00FA, 47 }, // U+00FA
    { 0x00FB, 47 }, // U+00FB
    { 0x00FC, 47 }, // U+00FC
    { 0x00FD, 63 }, // U+00FD
    { 0x00FE, 48 }, // U+00FE
    { 0x00FF, 63 }, // U+00FF
    { 0x0100, 21 }, // U+0100
    { 0x0101, 77 }, // U+0101
    { 0x0102, 21 }, // U+0102
    { 0x0103, 77 }, // U+0103
    { 0x0104, 21 }, // U+0104
    { 0x0105, 77 }, // U+0105
    { 0x0106, 23 }, // U+0106
    { 0x0107, 49 }, // U+0107
    { 0x0108, 23 }, // U+0108
    { 0x0109, 49 }, // U+0109
    { 0x010A, 23 }, // U+010A
    { 0x010B, 49 }, // U+010B
    { 0x010C, 23 }, // U+010C
    { 0x010D, 49 }, // U+010D
    { 0x010E, 80 }, // U+010E
    { 0x010F, 81 }, // U+010F
    { 0x0110, 80 }, // U+0110
    { 0x0111, 50 }, // U+0111
    { 0x0112, 25 }, // U+0112
    { 0x0113, 79 }, // U+0113
    { 0x0114, 25 }, // U+0114
    { 0x0115, 79 }, // U+0115
    { 0x0116, 25 }, // U+0116
    { 0x0117, 79 }, // U+0117
    { 0x0118, 25 }, // U+0118
    { 0x0119, 79 }, // U+0119
    { 0x011A, 25 }, // U+011A
    { 0x011B, 79 }, // U+011B
    { 0x011C, 27 }, // U+011C
    { 0x011D, 53 }, // U+011D
    { 0x011E, 27 }, // U+011E
    { 0x011F, 53 }, // U+011F
    { 0x0120, 27 }, // U+0120
    { 0x0121, 53 }, // U+0121
    { 0x0122, 27 }, // U+0122
    { 0x0123, 53 }, // U+0123
    { 0x0124, 28 }, // U+0124
    { 0x0125, 47 }, // U+0125
    { 0x0126, 28 }, // U+0126
    { 0x0127, 47 }, // U+0127
    { 0x0128, 28 }, // U+0128
    { 0x0129, 54 }, // U+0129
    { 0x012A, 28 }, // U+012A
    { 0x012B, 54 }, // U+012B
    { 0x012C, 28 }, // U+012C
    { 0x012D, 54 }, // U+012D
    { 0x012E, 28 }, // U+012E
    { 0x012F, 54 }, // U+012F
    { 0x0130, 28 }, // U+0130
    { 0x0131, 54 }, // U+0131
    { 0x0132, 29 }, // U+0132
    { 0x0134, 29 }, // U+0134
    { 0x0135, 55 }, // U+0135
    { 0x0136, 30 }, // U+0136
    { 0x0137, 56 }, // U+0137
    { 0x0138, 56 }, // U+0138
    { 0x0139, 82 }, // U+0139
    { 0x013A, 50 }, // U+013A
    { 0x013B, 82 }, // U+013B
    { 0x013C, 50 }, // U+013C
    { 0x013D, 83 }, // U+013D
    { 0x013E, 84 }, // U+013E
    { 0x013F, 82 }, // U+013F
    { 0x0140, 50 }, // U+0140
    { 0x0141, 82 }, // U+0141
    { 0x0142, 85 }, // U+0142
    { 0x0143, 33 }, // U+0143
    { 0x0144, 47 }, // U+0144
    { 0x0145, 33 }, // U+0145
    { 0x0146, 47 }, // U+0146
    { 0x0147, 33 }, // U+0147
    { 0x0148, 47 }, // U+0148
    { 0x0149, 47 }, // U+0149
    { 0x014A, 29 }, // U+014A
    { 0x014B, 55 }, // U+014B
    { 0x014C, 72 }, // U+014C
    { 0x014D, 48 }, // U+014D
    { 0x014E, 72 }, // U+014E
    { 0x014F, 48 }, // U+014F
    { 0x0150, 72 }, // U+0150
    { 0x0151, 48 }, // U+0151
    { 0x0152, 25 }, // U+0152
    { 0x0153, 78 }, // U+0153
    { 0x0154, 37 }, // U+0154
    { 0x0155, 58 }, // U+0155
    { 0x0156, 37 }, // U+0156
    { 0x0157, 58 }, // U+0157
    { 0x0158, 37 }, // U+0158
    { 0x0159, 58 }, // U+0159
    { 0x015A, 86 }, // U+015A
    { 0x015B, 59 }, // U+015B
    { 0x015C, 86 }, // U+015C
    { 0x015D, 59 }, // U+015D
    { 0x015E, 86 }, // U+015E
    { 0x015F, 59 }, // U+015F
    { 0x0160, 86 }, // U+0160
    { 0x0161, 59 }, // U+0161
    { 0x0162, 39 }, // U+0162
    { 0x0163, 60 }, // U+0163
    { 0x0164, 39 }, // U+0164
    { 0x0165, 87 }, // U+0165
    { 0x0166, 39 }, // U+0166
    { 0x0169, 47 }, // U+0169
    { 0x016B, 47 }, // U+016B
    { 0x016D, 47 }, // U+016D
    { 0x016F, 47 }, // U+016F
    { 0x0171, 47 }, // U+0171
    { 0x0173, 47 }, // U+0173
    { 0x0174, 41 }, // U+0174
    { 0x0175, 61 }, // U+0175
    { 0x0176, 43 }, // U+0176
    { 0x0177, 63 }, // U+0177
    { 0x0178, 43 }, // U+0178
    { 0x0179, 44 }, // U+0179
    { 0x017A, 64 }, // U+017A
    { 0x017B, 44 }, // U+017B
    { 0x017C, 64 }, // U+017C
    { 0x017D, 44 }, // U+017D
    { 0x017E, 64 }, // U+017E
    { 0x01A0, 88 }, // U+01A0
    { 0x01A1, 89 }, // U+01A1
    { 0x01AF, 90 }, // U+01AF
    { 0x01B0, 91 }, // U+01B0
    { 0x01C6, 47 }, // U+01C6
    { 0x01C7, 29 }, // U+01C7
    { 0x01C9, 55 }, // U+01C9
    { 0x01CA, 29 }, // U+01CA
    { 0x01CC, 55 }, // U+01CC
    { 0x01CD, 21 }, // U+01CD
    { 0x01CE, 47 }, // U+01CE
    { 0x01CF, 28 }, // U+01CF
    { 0x01D0, 54 }, // U+01D0
    { 0x01D1, 72 }, // U+01D1
    { 0x01D2, 48 }, // U+01D2
    { 0x01D4, 47 }, // U+01D4
    { 0x01D6, 47 }, // U+01D6
    { 0x01D8, 47 }, // U+01D8
    { 0x01DA, 47 }, // U+01DA
    { 0x01DC, 47 }, // U+01DC
    { 0x01E6, 27 }, // U+01E6
    { 0x01E7, 53 }, // U+01E7
    { 0x01EA, 72 }, // U+01EA
    { 0x01EB, 48 }, // U+01EB
    { 0x01FA, 21 }, // U+01FA
    { 0x01FB, 47 }, // U+01FB
    { 0x01FC, 92 }, // U+01FC
    { 0x01FD, 48 }, // U+01FD
    { 0x01FE, 72 }, // U+01FE
    { 0x01FF, 48 }, // U+01FF
    { 0x0200, 21 }, // U+0200
    { 0x0201, 47 }, // U+0201
    { 0x0202, 21 }, // U+0202
    { 0x0203, 47 }, // U+0203
    { 0x0204, 25 }, // U+0204
    { 0x0205, 48 }, // U+0205
    { 0x0206, 25 }, // U+0206
    { 0x0207, 48 }, // U+0207
    { 0x0208, 28 }, // U+0208
    { 0x0209, 54 }, // U+0209
    { 0x020A, 28 }, // U+020A
    { 0x020B, 54 }, // U+020B
    { 0x020C, 72 }, // U+020C
    { 0x020D, 48 }, // U+020D
    { 0x020E, 72 }, // U+020E
    { 0x020F, 48 }, // U+020F
    { 0x0210, 37 }, // U+0210
    { 0x0211, 58 }, // U+0211
    { 0x0212, 37 }, // U+0212
    { 0x0213, 58 }, // U+0213
    { 0x0215, 47 }, // U+0215
    { 0x0217, 47 }, // U+0217
    { 0x0218, 86 }, // U+0218
    { 0x0219, 59 }, // U+0219
    { 0x021A, 39 }, // U+021A
    { 0x021B, 60 }, // U+021B
    { 0x1EA0, 21 }, // U+1EA0
    { 0x1EA1, 47 }, // U+1EA1
    { 0x1EA2, 21 }, // U+1EA2
    { 0x1EA3, 47 }, // U+1EA3
    { 0x1EA4, 21 }, // U+1EA4
    { 0x1EA5, 47 }, // U+1EA5
    { 0x1EA6, 21 }, // U+1EA6
    { 0x1EA7, 47 }, // U+1EA7
    { 0x1EA8, 21 }, // U+1EA8
    { 0x1EA9, 47 }, // U+1EA9
    { 0x1EAA, 21 }, // U+1EAA
    { 0x1EAB, 47 }, // U+1EAB
    { 0x1EAC, 21 }, // U+1EAC
    { 0x1EAD, 47 }, // U+1EAD
    { 0x1EAE, 21 }, // U+1EAE
    { 0x1EAF, 47 }, // U+1EAF
    { 0x1EB0, 21 }, // U+1EB0
    { 0x1EB1, 47 }, // U+1EB1
    { 0x1EB2, 21 }, // U+1EB2
    { 0x1EB3, 47 }, // U+1EB3
    { 0x1EB4, 21 }, // U+1EB4
    { 0x1EB5, 47 }, // U+1EB5
    { 0x1EB6, 21 }, // U+1EB6
    { 0x1EB7, 47 }, // U+1EB7
    { 0x1EB8, 25 }, // U+1EB8
    { 0x1EB9, 48 }, // U+1EB9
    { 0x1EBA, 25 }, // U+1EBA
    { 0x1EBB, 48 }, // U+1EBB
    { 0x1EBC, 25 }, // U+1EBC
    { 0x1EBD, 48 }, // U+1EBD
    { 0x1EBE, 25 }, // U+1EBE
    { 0x1EBF, 48 }, // U+1EBF
    { 0x1EC0, 25 }, // U+1EC0
    { 0x1EC1, 48 }, // U+1EC1
    { 0x1EC2, 25 }, // U+1EC2
    { 0x1EC3, 48 }, // U+1EC3
    { 0x1EC4, 25 }, // U+1EC4
    { 0x1EC5, 48 }, // U+1EC5
    { 0x1EC6, 25 }, // U+1EC6
    { 0x1EC7, 48 }, // U+1EC7
    { 0x1EC8, 28 }, // U+1EC8
    { 0x1EC9, 54 }, // U+1EC9
    { 0x1ECA, 28 }, // U+1ECA
    { 0x1ECB, 54 }, // U+1ECB
    { 0x1ECC, 72 }, // U+1ECC
    { 0x1ECD, 48 }, // U+1ECD
    { 0x1ECE, 72 }, // U+1ECE
    { 0x1ECF, 48 }, // U+1ECF
    { 0x1ED0, 72 }, // U+1ED0
    { 0x1ED1, 48 }, // U+1ED1
    { 0x1ED2, 72 }, // U+1ED2
    { 0x1ED3, 48 }, // U+1ED3
    { 0x1ED4, 72 }, // U+1ED4
    { 0x1ED5, 48 }, // U+1ED5
    { 0x1ED6, 72 }, // U+1ED6
    { 0x1ED7, 48 }, // U+1ED7
    { 0x1ED8, 72 }, // U+1ED8
    { 0x1ED9, 48 }, // U+1ED9
    { 0x1EDA, 88 }, // U+1EDA
    { 0x1EDB, 48 }, // U+1EDB
    { 0x1EDC, 88 }, // U+1EDC
    { 0x1EDD, 48 }, // U+1EDD
    { 0x1EDE, 88 }, // U+1EDE
    { 0x1EDF, 48 }, // U+1EDF
    { 0x1EE0, 88 }, // U+1EE0
    { 0x1EE1, 48 }, // U+1EE1
    { 0x1EE2, 88 }, // U+1EE2
    { 0x1EE3, 48 }, // U+1EE3
    { 0x1EE5, 47 }, // U+1EE5
    { 0x1EE7, 47 }, // U+1EE7
    { 0x1EE8, 90 }, // U+1EE8
    { 0x1EE9, 91 }, // U+1EE9
    { 0x1EEA, 90 }, // U+1EEA
    { 0x1EEB, 91 }, // U+1EEB
    { 0x1EEC, 90 }, // U+1EEC
    { 0x1EED, 91 }, // U+1EED
    { 0x1EEE, 90 }, // U+1EEE
    { 0x1EEF, 91 }, // U+1EEF
    { 0x1EF0, 90 }, // U+1EF0
    { 0x1EF1, 91 }, // U+1EF1
    { 0x1EF2, 43 }, // U+1EF2
    { 0x1EF3, 63 }, // U+1EF3
    { 0x1EF4, 43 }, // U+1EF4
    { 0x1EF5, 63 }, // U+1EF5
    { 0x1EF6, 43 }, // U+1EF6
    { 0x1EF7, 63 }, // U+1EF7
    { 0x1EF8, 43 }, // U+1EF8
    { 0x1EF9, 63 }, // U+1EF9
    { 0x2010, 6 }, // U+2010
    { 0x2012, 6 }, // U+2012
    { 0x2013, 6 }, // U+2013
    { 0x2014, 6 }, // U+2014
    { 0x2015, 6 }, // U+2015
    { 0x2018, 93 }, // U+2018
    { 0x2019, 94 }, // U+2019
    { 0x201A, 95 }, // U+201A
    { 0x201C, 93 }, // U+201C
    { 0x201D, 94 }, // U+201D
    { 0x201E, 95 }, // U+201E
    { 0x2026, 5 }, // U+2026
    { 0x2039, 66 }, // U+2039
    { 0x203A, 68 }, // U+203A
    { 0xFB01, 54 }, // U+FB01
    { 0xFB02, 50 }, // U+FB02
};

static const EpdKernClassEntry literata_14_bolditalicKernRightClasses[] = {
    { 0x0020, 1 }, // U+0020
    { 0x0021, 2 }, // !
    { 0x0022, 3 }, // "
    { 0x0025, 4 }, // %
    { 0x0026, 5 }, // &
    { 0x0027, 3 }, // '
    { 0x0029, 6 }, // )
    { 0x002A, 7 }, // *
    { 0x002B, 8 }, // +
    { 0x002C, 9 }, // ,
    { 0x002D, 10 }, // -
    { 0x002E, 11 }, // .
    { 0x002F, 12 }, // /
    { 0x0030, 13 }, // 0
    { 0x0031, 14 }, // 1
    { 0x0032, 15 }, // 2
    { 0x0033, 16 }, // 3
    { 0x0034, 17 }, // 4
    { 0x0035, 18 }, // 5
    { 0x0036, 19 }, // 6
    { 0x0037, 20 }, // 7
    { 0x0038, 21 }, // 8
    { 0x0039, 22 }, // 9
    { 0x003A, 23 }, // :
    { 0x003B, 23 }, // ;
    { 0x003D, 24 }, // =
    { 0x003F, 25 }, // ?
    { 0x0040, 26 }, // @
    { 0x0041, 27 }, // A
    { 0x0043, 28 }, // C
    { 0x0047, 28 }, // G
    { 0x0048, 29 }, // H
    { 0x0049, 29 }, // I
    { 0x004A, 30 }, // J
    { 0x004D, 31 }, // M
    { 0x004E, 32 }, // N
    { 0x004F, 28 }, // O
    { 0x0050, 29 }, // P
    { 0x0051, 28 }, // Q
    { 0x0053, 33 }, // S
    { 0x0054, 34 }, // T
    { 0x0055, 35 }, // U
    { 0x0056, 36 }, // V
    { 0x0057, 37 }, // W
    { 0x0058, 38 }, // X
    { 0x0059, 39 }, // Y
    { 0x005A, 40 }, // Z
    { 0x005C, 41 }, // <backslash>
    { 0x005D, 42 }, // ]
    { 0x0061, 43 }, // a
    { 0x0062, 44 }, // b
    { 0x0063, 45 }, // c
    { 0x0064, 46 }, // d
    { 0x0065, 46 }, // e
    { 0x0066, 47 }, // f
    { 0x0067, 48 }, // g
    { 0x0068, 49 }, // h
    { 0x0069, 50 }, // i
    { 0x006A, 51 }, // j
    { 0x006B, 49 }, // k
    { 0x006C, 49 }, // l
    { 0x006D, 52 }, // m
    { 0x006E, 52 }, // n
    { 0x006F, 53 }, // o
    { 0x0070, 54 }, // p
    { 0x0071, 55 }, // q
    { 0x0072, 56 }, // r
    { 0x0073, 57 }, // s
    { 0x0074, 58 }, // t
    { 0x0075, 59 }, // u
    { 0x0076, 60 }, // v
    { 0x0077, 61 }, // w
    { 0x0078, 62 }, // x
    { 0x0079, 63 }, // y
    { 0x007A, 64 }, // z
    { 0x00AB, 65 }, // U+00AB
    { 0x00AD, 10 }, // U+00AD
    { 0x00B0, 66 }, // U+00B0
    { 0x00B2, 67 }, // U+00B2
    { 0x00B3, 67 }, // U+00B3
    { 0x00B7, 68 }, // U+00B7
    { 0x00B9, 67 }, // U+00B9
    { 0x00BB, 69 }, // U+00BB
    { 0x00BF, 70 }, // U+00BF
    { 0x00C0, 27 }, // U+00C0
    { 0x00C1, 71 }, // U+00C1
    { 0x00C2, 27 }, // U+00C2
    { 0x00C3, 27 }, // U+00C3
    { 0x00C4, 27 }, // U+00C4
    { 0x00C5, 27 }, // U+00C5
    { 0x00C6, 27 }, // U+00C6
    { 0x00C7, 28 }, // U+00C7
    { 0x00CC, 29 }, // U+00CC
    { 0x00CD, 29 }, // U+00CD
    { 0x00CE, 29 }, // U+00CE
    { 0x00CF, 29 }, // U+00CF
    { 0x00D1, 32 }, // U+00D1
    { 0x00D2, 28 }, // U+00D2
    { 0x00D3, 28 }, // U+00D3
    { 0x00D4, 28 }, // U+00D4
    { 0x00D5, 28 }, // U+00D5
    { 0x00D6, 28 }, // U+00D6
    { 0x00D7, 72 }, // U+00D7
    { 0x00D8, 28 }, // U+00D8
    { 0x00D9, 35 }, // U+00D9
    { 0x00DA, 35 }, // U+00DA
    { 0x00DB, 35 }, // U+00DB
    { 0x00DC, 35 }, // U+00DC
    { 0x00DD, 39 }, // U+00DD
    { 0x00DE, 29 }, // U+00DE
    { 0x00DF, 73 }, // U+00DF
    { 0x00E0, 74 }, // U+00E0
    { 0x00E1, 75 }, // U+00E1
    { 0x00E2, 76 }, // U+00E2
    { 0x00E3, 77 }, // U+00E3
    { 0x00E4, 78 }, // U+00E4
    { 0x00E5, 75 }, // U+00E5
    { 0x00E6, 53 }, // U+00E6
    { 0x00E7, 53 }, // U+00E7
    { 0x00E8, 79 }, // U+00E8
    { 0x00E9, 53 }, // U+00E9
    { 0x00EA, 80 }, // U+00EA
    { 0x00EB, 81 }, // U+00EB
    { 0x00EC, 82 }, // U+00EC
    { 0x00ED, 50 }, // U+00ED
    { 0x00EE, 83 }, // U+00EE
    { 0x00EF, 84 }, // U+00EF
    { 0x00F0, 85 }, // U+00F0
    { 0x00F1, 52 }, // U+00F1
    { 0x00F2, 86 }, // U+00F2
    { 0x00F3, 53 }, // U+00F3
    { 0x00F4, 87 }, // U+00F4
    { 0x00F5, 88 }, // U+00F5
    { 0x00F6, 89 }, // U+00F6
    { 0x00F8, 53 }, // U+00F8
    { 0x00F9, 59 }, // U+00F9
    { 0x00FA, 59 }, // U+00FA
    { 0x00FB, 59 }, // U+00FB
    { 0x00FC, 59 }, // U+00FC
    { 0x00FD, 63 }, // U+00FD
    { 0x00FE, 90 }, // U+00FE
    { 0x00FF, 63 }, // U+00FF
    { 0x0100, 27 }, // U+0100
    { 0x0101, 91 }, // U+0101
    { 0x0102, 27 }, // U+0102
    { 0x0103, 92 }, // U+0103
    { 0x0104, 27 }, // U+0104
    { 0x0105, 93 }, // U+0105
    { 0x0106, 28 }, // U+0106
    { 0x0107, 53 }, // U+0107
    { 0x0108, 28 }, // U+0108
    { 0x0109, 53 }, // U+0109
    { 0x010A, 28 }, // U+010A
    { 0x010B, 53 }, // U+010B
    { 0x010C, 28 }, // U+010C
    { 0x010D, 94 }, // U+010D
    { 0x010F, 53 }, // U+010F
    { 0x0111, 53 }, // U+0111
    { 0x0113, 95 }, // U+0113
    { 0x0115, 96 }, // U+0115
    { 0x0117, 53 }, // U+0117
    { 0x0119, 53 }, // U+0119
    { 0x011B, 97 }, // U+011B
    { 0x011C, 28 }, // U+011C
    { 0x011D, 98 }, // U+011D
    { 0x011E, 28 }, // U+011E
    { 0x011F, 98 }, // U+011F
    { 0x0120, 28 }, // U+0120
    { 0x0121, 98 }, // U+0121
    { 0x0122, 28 }, // U+0122
    { 0x0123, 98 }, // U+0123
    { 0x0124, 29 }, // U+0124
    { 0x0125, 49 }, // U+0125
    { 0x0126, 29 }, // U+0126
    { 0x0127, 49 }, // U+0127
    { 0x0128, 29 }, // U+0128
    { 0x0129, 99 }, // U+0129
    { 0x012A, 29 }, // U+012A
    { 0x012B, 100 }, // U+012B
    { 0x012C, 29 }, // U+012C
    { 0x012D, 101 }, // U+012D
    { 0x012E, 29 }, // U+012E
    { 0x012F, 50 }, // U+012F
    { 0x0130, 29 }, // U+0130
    { 0x0131, 52 }, // U+0131
    { 0x0132, 29 }, // U+0132
    { 0x0134, 102 }, // U+0134
    { 0x0135, 103 }, // U+0135
    { 0x0137, 49 }, // U+0137
    { 0x0138, 52 }, // U+0138
    { 0x013A, 49 }, // U+013A
    { 0x013C, 49 }, // U+013C
    { 0x013E, 49 }, // U+013E
    { 0x0140, 49 }, // U+0140
    { 0x0142, 104 }, // U+0142
    { 0x0143, 32 }, // U+0143
    { 0x0144, 52 }, // U+0144
    { 0x0145, 32 }, // U+0145
    { 0x0146, 52 }, // U+0146
    { 0x0147, 32 }, // U+0147
    { 0x0148, 52 }, // U+0148
    { 0x0149, 52 }, // U+0149
    { 0x014A, 32 }, // U+014A
    { 0x014B, 52 }, // U+014B
    { 0x014C, 28 }, // U+014C
    { 0x014D, 96 }, // U+014D
    { 0x014E, 28 }, // U+014E
    { 0x014F, 53 }, // U+014F
    { 0x0150, 28 }, // U+0150
    { 0x0151, 53 }, // U+0151
    { 0x0152, 28 }, // U+0152
    { 0x0153, 53 }, // U+0153
    { 0x0155, 52 }, // U+0155
    { 0x0157, 52 }, // U+0157
    { 0x0159, 52 }, // U+0159
    { 0x015A, 33 }, // U+015A
    { 0x015B, 57 }, // U+015B
    { 0x015C, 33 }, // U+015C
    { 0x015D, 105 }, // U+015D
    { 0x015E, 33 }, // U+015E
    { 0x015F, 57 }, // U+015F
    { 0x0160, 33 }, // U+0160
    { 0x0161, 106 }, // U+0161
    { 0x0162, 107 }, // U+0162
    { 0x0163, 58 }, // U+0163
    { 0x0164, 107 }, // U+0164
    { 0x0165, 58 }, // U+0165
    { 0x0166, 107 }, // U+0166
    { 0x0168, 35 }, // U+0168
    { 0x0169, 59 }, // U+0169
    { 0x016A, 35 }, // U+016A
    { 0x016B, 59 }, // U+016B
    { 0x016C, 35 }, // U+016C
    { 0x016D, 59 }, // U+016D
    { 0x016E, 35 }, // U+016E
    { 0x016F, 59 }, // U+016F
    { 0x0170, 35 }, // U+0170
    { 0x0171, 59 }, // U+0171
    { 0x0172, 35 }, // U+0172
    { 0x0173, 59 }, // U+0173
    { 0x0174, 37 }, // U+0174
    { 0x0175, 60 }, // U+0175
    { 0x0176, 39 }, // U+0176
    { 0x0177, 63 }, // U+0177
    { 0x0178, 39 }, // U+0178
    { 0x0179, 40 }, // U+0179
    { 0x017A, 64 }, // U+017A
    { 0x017B, 40 }, // U+017B
    { 0x017C, 64 }, // U+017C
    { 0x017D, 40 }, // U+017D
    { 0x017E, 108 }, // U+017E
    { 0x01A0, 28 }, // U+01A0
    { 0x01A1, 53 }, // U+01A1
    { 0x01AF, 35 }, // U+01AF
    { 0x01B0, 59 }, // U+01B0
    { 0x01C6, 53 }, // U+01C6
    { 0x01C9, 49 }, // U+01C9
    { 0x01CA, 32 }, // U+01CA
    { 0x01CC, 52 }, // U+01CC
    { 0x01CD, 27 }, // U+01CD
    { 0x01CE, 53 }, // U+01CE
    { 0x01CF, 29 }, // U+01CF
    { 0x01D0, 109 }, // U+01D0
    { 0x01D1, 28 }, // U+01D1
    { 0x01D2, 53 }, // U+01D2
    { 0x01D3, 35 }, // U+01D3
    { 0x01D4, 59 }, // U+01D4
    { 0x01D5, 35 }, // U+01D5
    { 0x01D6, 59 }, // U+01D6
    { 0x01D7, 35 }, // U+01D7
    { 0x01D8, 59 }, // U+01D8
    { 0x01D9, 35 }, // U+01D9
    { 0x01DA, 59 }, // U+01DA
    { 0x01DB, 35 }, // U+01DB
    { 0x01DC, 59 }, // U+01DC
    { 0x01E6, 28 }, // U+01E6
    { 0x01E7, 98 }, // U+01E7
    { 0x01EA, 28 }, // U+01EA
    { 0x01EB, 53 }, // U+01EB
    { 0x01FA, 27 }, // U+01FA
    { 0x01FB, 53 }, // U+01FB
    { 0x01FC, 27 }, // U+01FC
    { 0x01FD, 53 }, // U+01FD
    { 0x01FE, 28 }, // U+01FE
    { 0x01FF, 53 }, // U+01FF
    { 0x0200, 27 }, // U+0200
    { 0x0201, 53 }, // U+0201
    { 0x0202, 27 }, // U+0202
    { 0x0203, 53 }, // U+0203
    { 0x0205, 110 }, // U+0205
    { 0x0207, 53 }, // U+0207
    { 0x0208, 29 }, // U+0208
    { 0x0209, 111 }, // U+0209
    { 0x020A, 29 }, // U+020A
    { 0x020B, 112 }, // U+020B
    { 0x020C, 28 }, // U+020C
    { 0x020D, 113 }, // U+020D
    { 0x020E, 28 }, // U+020E
    { 0x020F, 114 }, // U+020F
    { 0x0211, 115 }, // U+0211
    { 0x0213, 52 }, // U+0213
    { 0x0214, 35 }, // U+0214
    { 0x0215, 59 }, // U+0215
    { 0x0216, 35 }, // U+0216
    { 0x0217, 59 }, // U+0217
    { 0x0218, 33 }, // U+0218
    { 0x0219, 57 }, // U+0219
    { 0x021A, 107 }, // U+021A
    { 0x021B, 58 }, // U+021B
    { 0x1EA0, 27 }, // U+1EA0
    { 0x1EA1, 53 }, // U+1EA1
    { 0x1EA2, 27 }, // U+1EA2
    { 0x1EA3, 53 }, // U+1EA3
    { 0x1EA4, 27 }, // U+1EA4
    { 0x1EA5, 79 }, // U+1EA5
    { 0x1EA6, 27 }, // U+1EA6
    { 0x1EA7, 79 }, // U+1EA7
    { 0x1EA8, 27 }, // U+1EA8
    { 0x1EA9, 79 }, // U+1EA9
    { 0x1EAA, 27 }, // U+1EAA
    { 0x1EAB, 79 }, // U+1EAB
    { 0x1EAC, 27 }, // U+1EAC
    { 0x1EAD, 79 }, // U+1EAD
    { 0x1EAE, 27 }, // U+1EAE
    { 0x1EAF, 53 }, // U+1EAF
    { 0x1EB0, 27 }, // U+1EB0
    { 0x1EB1, 53 }, // U+1EB1
    { 0x1EB2, 27 }, // U+1EB2
    { 0x1EB3, 53 }, // U+1EB3
    { 0x1EB4, 27 }, // U+1EB4
    { 0x1EB5, 53 }, // U+1EB5
    { 0x1EB6, 27 }, // U+1EB6
    { 0x1EB7, 53 }, // U+1EB7
    { 0x1EB9, 53 }, // U+1EB9
    { 0x1EBB, 53 }, // U+1EBB
    { 0x1EBD, 53 }, // U+1EBD
    { 0x1EBF, 116 }, // U+1EBF
    { 0x1EC1, 116 }, // U+1EC1
    { 0x1EC3, 116 }, // U+1EC3
    { 0x1EC5, 116 }, // U+1EC5
    { 0x1EC7, 116 }, // U+1EC7
    { 0x1EC8, 29 }, // U+1EC8
    { 0x1EC9, 117 }, // U+1EC9
    { 0x1ECA, 29 }, // U+1ECA
    { 0x1ECB, 50 }, // U+1ECB
    { 0x1ECC, 28 }, // U+1ECC
    { 0x1ECD, 53 }, // U+1ECD
    { 0x1ECE, 28 }, // U+1ECE
    { 0x1ECF, 53 }, // U+1ECF
    { 0x1ED0, 28 }, // U+1ED0
    { 0x1ED1, 118 }, // U+1ED1
    { 0x1ED2, 28 }, // U+1ED2
    { 0x1ED3, 119 }, // U+1ED3
    { 0x1ED4, 28 }, // U+1ED4
    { 0x1ED5, 118 }, // U+1ED5
    { 0x1ED6, 28 }, // U+1ED6
    { 0x1ED7, 120 }, // U+1ED7
    { 0x1ED8, 28 }, // U+1ED8
    { 0x1ED9, 118 }, // U+1ED9
    { 0x1EDA, 28 }, // U+1EDA
    { 0x1EDB, 53 }, // U+1EDB
    { 0x1EDC, 28 }, // U+1EDC
    { 0x1EDD, 53 }, // U+1EDD
    { 0x1EDE, 28 }, // U+1EDE
    { 0x1EDF, 79 }, // U+1EDF
    { 0x1EE0, 28 }, // U+1EE0
    { 0x1EE1, 118 }, // U+1EE1
    { 0x1EE2, 28 }, // U+1EE2
    { 0x1EE3, 53 }, // U+1EE3
    { 0x1EE4, 35 }, // U+1EE4
    { 0x1EE5, 59 }, // U+1EE5
    { 0x1EE6, 35 }, // U+1EE6
    { 0x1EE7, 59 }, // U+1EE7
    { 0x1EE8, 35 }, // U+1EE8
    { 0x1EE9, 59 }, // U+1EE9
    { 0x1EEA, 35 }, // U+1EEA
    { 0x1EEB, 59 }, // U+1EEB
    { 0x1EEC, 35 }, // U+1EEC
    { 0x1EED, 59 }, // U+1EED
    { 0x1EEE, 35 }, // U+1EEE
    { 0x1EEF, 59 }, // U+1EEF
    { 0x1EF0, 35 }, // U+1EF0
    { 0x1EF1, 59 }, // U+1EF1
    { 0x1EF2, 39 }, // U+1EF2
    { 0x1EF3, 63 }, // U+1EF3
    { 0x1EF4, 39 }, // U+1EF4
    { 0x1EF5, 63 }, // U+1EF5
    { 0x1EF6, 39 }, // U+1EF6
    { 0x1EF7, 63 }, // U+1EF7
    { 0x1EF8, 39 }, // U+1EF8
    { 0x1EF9, 63 }, // U+1EF9
    { 0x2010, 10 }, // U+2010
    { 0x2012, 10 }, // U+2012
    { 0x2013, 10 }, // U+2013
    { 0x2014, 10 }, // U+2014
    { 0x2015, 10 }, // U+2015
    { 0x2018, 121 }, // U+2018
    { 0x2019, 122 }, // U+2019
    { 0x201A, 123 }, // U+201A
    { 0x201C, 124 }, // U+201C
    { 0x201D, 125 }, // U+201D
    { 0x201E, 123 }, // U+201E
    { 0x2022, 8 }, // U+2022
    { 0x2026, 9 }, // U+2026
    { 0x2039, 65 }, // U+2039
    { 0x203A, 69 }, // U+203A
    { 0xFB01, 47 }, // U+FB01
    { 0xFB02, 47 }, // U+FB02
};

static const int8_t literata_14_bolditalicKernMatrix[] = {
       0,    0,    0,    0,    0,    0,    0,    0,  -47,    0,  -47,    0,    0,    0,    0,    0,    0,    0,    0,    0,    0,    0,    0,    0,    0,    0,  -44,  -14,    0,    0,   -5,    0,   -1,    0,    0,    0,    0,    0,    0,    0,    0,    0,  -22,    9,  -22,  -22,  -14,  -28,    9,    0,    0,    0,  -22,    0,  -22,    0,  -27,    0,    0,    0,    0,    0,    0,   -7,    0,    0,    0,    0,    0,    0,  -44,    0,    0,  -22,  -22,  -22,  -22,  -22,  -22,  -22,  -22,    0,    0,    0,  -22,  -22,  -22,  -22,  -22,    9,  -22,  -22,  -22,  -22,  -22,  -22,  -22,  -28,    0,    0,    0,    0,    0,    9,  -27,  -27,    0,   -7,    0,  -22,    0,    0,  -22,  -22,    0,  -22,    0,  -22,  -22,  -22,    0,    0,    0,    0,    0,
       0,    0,    0,    0,    0,    0,    0,    0,    0,    0,    0,    0,    0,    0,    0,    0,    0,    0,    0,    0,    0,    0,    0,    0,    0,    0,  -28,    0,   -5,   -7,   -8,   -3,   -2,  -15,   -1,  -29,  -21,  -27,  -32,  -27,    0,    0,   -5,    0,   -5,   -5,    0,    0,    0,    0,    0,    0,   -5,    0,   -5,    0,    0,    0,    0,    0,    0,   -5,    0,   -5,    0,    0,    0,    0,    0,    0,  -28,    0,    0,   -5,   -5,   -5,   -5,   -5,   -5,   -5,   -5,    0,    0,    0,   -5,   -5,   -5,   -5,   -5,    0,   -5,   -5,   -5,   -5,   -5,   -5,   -5,    0,    0,    0,    0,   -7,    0,    0,    0,    0,  -15,   -5,    0,   -5,    0,    0,   -5,   -5,    0,   -5,    0,   -5,   -5,   -5,    0,    0,    0,    0,    0,
       0,    0,    0,    0,    0,    0,    0,    0,    0,    0,    0,    0,    0,    0,    0,    0,   -9,    0,    0,    0,    0,    0,    0,    0,    0,    0,    0,    0,    0,    0,    0,    0,    0,    0,    0,    0,    0,    0,    0,    0,    0,    0,   -5,    0,   -5,   -5,   19,    0,    0,    0,   21,    0,   -5,    0,   -5,    0,    0,    0,    0,    0,    0,    0,    0,    0,    0,    0,    0,    0,    0,    0,    0,    0,    0,   -5,   -5,   -5,   -5,   -5,   -5,   -5,   -5,    0,    0,    0,   -5,   -5,   -5,   -5,   -5,    0,   -5,   -5,   -5,   -5,   -5,   -5,   -5,    0,    0,    0,    0,    0,   21,    0,    0,    0,    0,    0,    0,   -5,    0,    0,   -5,   -5,    0,   -5,    0,   -5,   -5,   -5,    0,    0,    0,    0,    0,
       0,    0,    0,    0,    0,    0,    0,    0,    0,    0,    0,    0,    0,    0,    0,    0,  -33,    0,   -5,    0,    0,    0,    0,    0,    0,    0,  -49,   -5,    0,  -23,    0,    0,   -1,    0,    0,    0,    0,    0,    0,    0,    0,    0,  -19,    0,  -19,  -19,    0,  -28,    0,    0,    0,    0,  -19,    0,  -19,    0,  -19,    0,    0,    0,    0,    0,    0,    0,    0,    0,    0,    0,    0,    0,  -49,    0,    0,  -19,  -19,  -19,  -19,  -19,  -19,  -19,  -19,    0,    0,    0,  -19,  -19,  -19,  -19,  -19,    0,  -19,  -19,  -19,  -19,  -19,  -19,  -19,  -28,    0,    0,    0,  -23,    0,    0,  -19,  -19,    0,    0,    0,  -19,    0,    0,  -19,  -19,    0,  -19,    0,  -19,  -19,  -19,    0,    0,    0,    0,    0,
       0,    0,  -47,    0,    0,    0,    0,    0,    0,    0,    0,    0,    0,    0,    0,    0,   -5,    0,    0,  -31,    0,    0,    0,    0,  -17,    0,    0,  -16,    0,    0,    0,    0,    0,  -37,  -12,  -49,  -29,    0,  -47,    0,    0,    0,   -5,    0,   -5,   -5,    0,    0,    0,    0,    0,    0,   -5,    0,   -5,    0,    0,  -12,   -9,  -21,  -21,    0,  -12,    0,    0,    0,  -47,    0,    0,    0,    0,    0,    0,   -5,   -5,   -5,   -5,   -5,   -5,   -5,   -5,    0,    0,    0,   -5,   -5,   -5,   -5,   -5,    0,   -5,   -5,   -5,   -5,   -5,   -5,   -5,    0,    0,    0,    0,    0,    0,    0,    0,    0,  -37,    0,    0,   -5,    0,    0,   -5,   -5,    0,   -5,    0,   -5,   -5,   -5,  -47,  -42,    0,  -47,  -42,
       0,    0,    0,    0,    0,    0,    0,    0,    0,    0,    0,    0,    0,    0,  -10,   -5,    7,    0,    0,  -42,    0,    0,    0,    0,    0,    0,  -16,    0,    0,    0,   -1,    0,   -7,  -30,    0,  -21,  -16,  -21,  -36,  -14,    0,    0,    0,    0,    0,    0,    0,    0,    0,    0,    0,    0,    0,    0,    0,    0,    0,    0,    0,   -5,   -5,   -2,    0,    0,    0,    0,    0,    0,    0,    0,  -16,    0,    0,    0,    0,    0,    0,    0,    0,    0,    0,    0,    0,    0,    0,    0,    0,    0,    0,    0,    0,    0,    0,    0,    0,    0,    0,    0,    0,    0,    0,    0,    0,    0,    0,    0,  -30,    0,    0,    0,    0,    0,    0,    0,    0,    0,    0,    0,    0,    0,    0,    0,    0,    0,    0,
       0,    0,    0,    0,    0,    0,    0,    0,  -61,    0,  -61,  -89,    0,    0,    0,   -5,  -35,   -8,   -9,    0,    0,   -8,    0,    0,    0,  -21,  -45,  -19,    0,  -14,    0,    0,   -7,    0,    0,    0,    0,    0,    0,    0,    0,    0,  -42,    9,  -42,  -42,    0,  -28,    9,   -2,    0,   -9,  -42,   -9,  -42,   -9,  -16,  -12,  -12,   -9,   -9,  -19,   -5,  -21,    0,    0,    0,    0,    0,    0,  -45,    0,    0,  -42,  -42,  -42,  -42,  -42,  -42,  -42,  -42,   -2,   -2,   -2,  -42,  -42,  -42,  -42,  -42,    9,  -42,  -42,  -42,  -42,  -42,  -42,  -42,  -28,   -2,   -2,   -2,  -14,    0,    9,  -16,  -16,    0,  -21,   -2,  -42,   -2,   -2,  -42,  -42,   -9,  -42,   -2,  -42,  -42,  -42,    0,    0,  -47,    0,    0,
       0,    0,    0,    0,    0,    0,    0,    0,    0,    0,    0,    0,    0,   -5,   -1,    0,    0,   -2,    0,   -5,   -1,    0,    0,    0,    0,    0,    0,    0,    0,    0,    0,    0,    0,    0,    0,    0,    0,    0,    0,    0,   -6,    0,    0,    0,    0,    0,    0,    0,    0,    0,    0,    0,    0,    0,    0,    0,    0,    0,    0,    0,    0,    0,    0,    0,    0,    0,    0,    0,    0,    0,    0,    0,    0,    0,    0,    0,    0,    0,    0,    0,    0,    0,    0,    0,    0,    0,    0,    0,    0,    0,    0,    0,    0,    0,    0,    0,    0,    0,    0,    0,    0,    0,    0,    0,    0,    0,    0,    0,    0,    0,    0,    0,    0,    0,    0,    0,    0,    0,    0,    0,    0,    0,    0,    0,    0,
       0,    0,   -5,  -20,    0,    0,  -23,    0,    0,    0,    0,    0,   -2,    0,    0,    1,   -5,    0,   -2,  -17,    0,    0,    0,    0,    0,    0,    0,    0,    0,    0,    0,    0,    0,    0,    0,    0,    0,    0,    0,    0,   -9,    0,    0,    0,    0,    0,    0,    0,    0,    0,    0,    0,    0,    0,    0,    0,    0,    0,    0,    0,    0,    0,    0,    0,    0,  -14,    0,    0,    0,    0,    0,    0,    0,    0,    0,    0,    0,    0,    0,    0,    0,    0,    0,    0,    0,    0,    0,    0,    0,    0,    0,    0,    0,    0,    0,    0,    0,    0,    0,    0,    0,    0,    0,    0,    0,    0,    0,    0,    0,    0,    0,    0,    0,    0,    0,    0,    0,    0,    0,    0,    0,    0,    0,    0,    0,
       0,    0,    0,    0,    0,    0,    0,    0,    0,    0,    0,    0,    0,    0,    0,    0,   -5,   -3,   -3,  -13,    0,    0,   -5,    0,    0,    0,    0,    0,    0,    0,    0,    0,    0,    0,    0,    0,    0,    0,    0,    0,  -12,    0,    0,    0,    0,    0,    0,    0,    0,    0,    0,    0,    0,    0,    0,    0,    0,    0,    0,    0,    0,    0,    0,    0,    0,    0,    0,    0,    0,    0,    0,    0,    0,    0,    0,    0,    0,    0,    0,    0,    0,    0,    0,    0,    0,    0,    0,    0,    0,    0,    0,    0,    0,    0,    0,    0,    0,    0,    0,    0,    0,    0,    0,    0,    0,    0,    0,    0,    0,    0,    0,    0,    0,    0,    0,    0,    0,    0,    0,    0,    0,    0,    0,    0,    0,
       0,    0,   -9,    0,    0,    0,    0,    0,    0,   -2,    0,   -5,    0,  -10,    0,    0,    0,   -2,   -2,  -17,    0,   -8,   -9,    0,    0,    0,    0,    0,    0,    0,    0,    0,    0,    0,    0,    0,    0,    0,    0,    0,  -14,   -5,    0,    0,    0,    0,    0,    0,    0,    0,    0,    0,    0,    0,    0,    0,    0,    0,    0,    0,    0,    0,    0,    0,    0,   -2,    0,    0,    0,    0,    0,    0,    0,    0,    0,    0,    0,    0,    0,    0,    0,    0,    0,    0,    0,    0,    0,    0,    0,    0,    0,    0,    0,    0,    0,    0,    0,    0,    0,    0,    0,    0,    0,    0,    0,    0,    0,    0,    0,    0,    0,    0,    0,    0,    0,    0,    0,    0,    0,    0,    0,    0,    0,    0,    0,
       0,    0,  -14,  -14,    0,    0,  -28,    0,    0,    0,    0,    0,    0,    0,    0,    0,    0,    0,    0,  -26,    0,   -1,    0,    0,    0,    0,    0,    0,    0,    0,    0,    0,    0,    0,    0,    0,    0,    0,    0,    0,  -21,    0,    0,    0,    0,    0,    0,    0,    0,    0,    0,    0,    0,    0,    0,    0,    0,    0,    0,    0,    0,    0,    0,    0,    0,  -22,    0,    0,    0,    0,    0,    0,    0,    0,    0,    0,    0,    0,    0,    0,    0,    0,    0,    0,    0,    0,    0,    0,    0,    0,    0,    0,    0,    0,    0,    0,    0,    0,    0,    0,    0,    0,    0,    0,    0,    0,    0,    0,    0,    0,    0,    0,    0,    0,    0,    0,    0,    0,    0,    0,    0,    0,    0,    0,    0,
       0,    0,   -9,   -7,    0,    0,    0,    0,   -6,    0,   -6,   -2,    0,   -7,   -5,    0,   -2,   -5,    0,  -21,    0,   -7,  -14,    0,    0,    0,    0,    0,    0,    0,    0,    0,    0,    0,    0,    0,    0,    0,    0,    0,   -3,    0,    0,    0,    0,    0,    0,    0,    0,    0,    0,    0,    0,    0,    0,    0,    0,    0,    0,    0,    0,    0,    0,    0,    0,    0,    0,    0,    0,    0,    0,   -6,    0,    0,    0,    0,    0,    0,    0,    0,    0,    0,    0,    0,    0,    0,    0,    0,    0,    0,    0,    0,    0,    0,    0,    0,    0,    0,    0,    0,    0,    0,    0,    0,    0,    0,    0,    0,    0,    0,    0,    0,    0,    0,    0,    0,    0,    0,    0,    0,    0,    0,    0,    0,    0,
       0,    0,    0,    0,    0,    0,   -5,    0,    0,    0,    0,    0,    0,   -2,    0,    0,    1,   -2,    0,   -5,    0,    0,    0,    0,    0,    0,    0,    0,    0,    0,    0,    0,    0,    0,    0,    0,    0,    0,    0,    0,   -2,    0,    0,    0,    0,    0,    0,    0,    0,    0,    0,    0,    0,    0,    0,    0,    0,    0,    0,    0,    0,    0,    0,    0,    0,    0,    0,    0,    0,    0,    0,    0,    0,    0,    0,    0,    0,    0,    0,    0,    0,    0,    0,    0,    0,    0,    0,    0,    0,    0,    0,    0,    0,    0,    0,    0,    0,    0,    0,    0,    0,    0,    0,    0,    0,    0,    0,    0,    0,    0,    0,    0,    0,    0,    0,    0,    0,    0,    0,    0,    0,    0,    0,    0,    0,
       0,    0,    0,   -5,    0,    0,    0,    0,  -41,  -19,  -41,  -36,   -1,    0,    4,    2,  -22,   -8,  -10,    0,   -5,    0,  -15,  -12,    0,    0,    0,    0,    0,    0,    0,    0,    0,    0,    0,    0,    0,    0,    0,    0,    0,    0,    0,    0,    0,    0,    0,    0,    0,    0,    0,    0,    0,    0,    0,    0,    0,    0,    0,    0,    0,    0,    0,    0,    0,    8,    0,  -20,    0,    0,    0,  -21,    0,    0,    0,    0,    0,    0,    0,    0,    0,    0,    0,    0,    0,    0,    0,    0,    0,    0,    0,    0,    0,    0,    0,    0,    0,    0,    0,    0,    0,    0,    0,    0,    0,    0,    0,    0,    0,    0,    0,    0,    0,    0,    0,    0,    0,    0,    0,    0,    0,    0,    0,    0,    0,
       0,    0,    0,   -2,    0,    0,    0,    0,    0,    0,    0,    0,    0,   -3,    0,    0,    0,    0,    0,  -10,    0,    0,    0,    0,    0,    0,    0,    0,    0,    0,    0,    0,    0,    0,    0,    0,    0,    0,    0,    0,   -9,    0,    0,    0,    0,    0,    0,    0,    0,    0,    0,    0,    0,    0,    0,    0,    0,    0,    0,    0,    0,    0,    0,    0,    0,    0,    0,    0,    0,    0,    0,    0,    0,    0,    0,    0,    0,    0,    0,    0,    0,    0,    0,    0,    0,    0,    0,    0,    0,    0,    0,    0,    0,    0,    0,    0,    0,    0,    0,    0,    0,    0,    0,    0,    0,    0,    0,    0,    0,    0,    0,    0,    0,    0,    0,    0,    0,    0,    0,    0,    0,    0,    0,    0,    0,
       0,    0,    0,    0,    0,    0,    0,    0,    0,    0,    0,    0,    0,   -5,   -3,   -2,    0,   -7,    0,   -7,    0,    0,   -7,    0,    0,    0,    0,    0,    0,    0,    0,    0,    0,    0,    0,    0,    0,    0,    0,    0,    0,    0,    0,    0,    0,    0,    0,    0,    0,    0,    0,    0,    0,    0,    0,    0,    0,    0,    0,    0,    0,    0,    0,    0,    0,    0,    0,    0,    0,    0,    0,    0,    0,    0,    0,    0,    0,    0,    0,    0,    0,    0,    0,    0,    0,    0,    0,    0,    0,    0,    0,    0,    0,    0,    0,    0,    0,    0,    0,    0,    0,    0,    0,    0,    0,    0,    0,    0,    0,    0,    0,    0,    0,    0,    0,    0,    0,    0,    0,    0,    0,    0,    0,    0,    0,
       0,    0,    0,    0,    0,    0,    0,    0,    0,    0,    0,    0,    0,   -1,   -6,    0,   -2,    0,    0,   -8,    0,    0,    0,    0,    0,    0,    0,    0,    0,    0,    0,    0,    0,    0,    0,    0,    0,    0,    0,    0,    0,    0,    0,    0,    0,    0,    0,    0,    0,    0,    0,    0,    0,    0,    0,    0,    0,    0,    0,    0,    0,    0,    0,    0,    0,    0,    0,    0,    0,    0,    0,    0,    0,    0,    0,    0,    0,    0,    0,    0,    0,    0,    0,    0,    0,    0,    0,    0,    0,    0,    0,    0,    0,    0,    0,    0,    0,    0,    0,    0,    0,    0,    0,    0,    0,    0,    0,    0,    0,    0,    0,    0,    0,    0,    0,    0,    0,    0,    0,    0,    0,    0,    0,    0,    0,
       0,    0,    0,    0,    0,    0,    0,    0,    0,    0,    0,    0,    0,    0,   -5,   -3,    0,   -5,    0,  -35,    0,    0,    0,    0,    0,    0,    0,    0,    0,    0,    0,    0,    0,    0,    0,    0,    0,    0,    0,    0,    0,    0,    0,    0,    0,    0,    0,    0,    0,    0,    0,    0,    0,    0,    0,    0,    0,    0,    0,    0,    0,    0,    0,    0,    0,    0,    0,    0,    0,    0,    0,    0,    0,    0,    0,    0,    0,    0,    0,    0,    0,    0,    0,    0,    0,    0,    0,    0,    0,    0,    0,    0,    0,    0,    0,    0,    0,    0,    0,    0,    0,    0,    0,    0,    0,    0,    0,    0,    0,    0,    0,    0,    0,    0,    0,    0,    0,    0,    0,    0,    0,    0,    0,    0,    0,
       0,    0,    0,    0,    0,    0,    0,    0,    0,    0,    0,   -9,    0,    0,    0,    0,    0,    0,    0,    0,    0,    0,    0,    0,    0,    0,   -9,   -2,    0,   -9,    0,    0,    0,  -12,   -9,  -42,  -30,  -14,  -42,  -16,  -16,    0,    0,   -3,    0,    0,   -8,    0,   -3,   -5,   -5,    0,    0,    0,    0,    0,    0,   -2,   -2,   -6,   -6,  -12,   -9,  -15,    0,    0,    0,    0,    0,    0,   -9,    0,    0,    0,    0,    0,    0,    0,    0,    0,    0,   -5,   -5,   -5,    0,    0,    0,    0,    0,   -3,    0,    0,    0,    0,    0,    0,    0,    0,   -5,   -5,   -5,   -9,   -5,   -3,    0,    0,  -12,  -15,   -5,    0,   -5,   -5,    0,    0,    0,    0,   -5,    0,    0,    0,    0,    0,    0,    0,    0,
       0,    0,  -56,    0,   -5,    0,  -56,    0,    0,  -16,    0,    0,    0,    0,    0,    0,    0,    0,    0,    0,    0,    0,    0,    0,  -28,    0,    0,  -15,    0,   -7,    0,    0,    0,  -36,  -20,  -48,  -43,    0,  -50,    0,  -56,    0,   -5,  -16,   -5,   -5,   -6,    0,   -8,   -5,   -8,   -1,   -5,   -4,   -5,   -1,    0,  -13,   -6,   -8,   -8,    0,  -19,    0,   -9,    0,    0,  -16,    0,    0,    0,    0,    0,   -5,   -5,   -5,   -5,   -5,   -5,   -5,   -5,   -5,   -5,   -5,   -5,   -5,   -5,   -5,   -5,   -8,   -5,   -5,   -5,   -5,   -5,   -5,   -5,    0,   -5,   -5,   -5,   -7,   -8,   -8,    0,    0,  -36,    0,   -5,   -5,   -5,   -5,   -5,   -5,   -1,   -5,   -5,   -5,   -5,   -5,  -44,  -42,    0,  -44,  -42,
       0,    0,    0,    0,    0,    0,    0,    0,    0,    0,    0,    0,    0,    0,    0,    0,    0,    0,    0,    0,    0,    0,    0,    0,    0,    0,   -3,    0,    0,   -8,    0,    0,    0,  -14,   -5,  -16,  -10,   -2,  -15,   -7,   -5,    0,    0,   -1,    0,    0,   -7,    0,   -1,    0,   -2,   -1,    0,   -1,    0,   -1,    0,   -6,   -2,   -3,   -3,   -6,    0,   -2,    0,    0,    0,    0,    0,    0,   -3,    0,    0,    0,    0,    0,    0,    0,    0,    0,    0,    0,    0,    0,    0,    0,    0,    0,    0,   -1,    0,    0,    0,    0,    0,    0,    0,    0,    0,    0,    0,   -8,   -2,    4,    0,    0,  -14,   -2,    0,    0,    0,    0,    0,    0,   -1,    0,    0,    0,    0,    0,    0,    0,    0,    0,    0,
       0,    0,    0,    0,    0,    0,    0,    0,    0,    0,    0,    0,    0,    0,    0,    0,    0,    0,    0,    0,    0,    0,    0,    0,    0,   -5,   -6,   -5,    0,   -2,   -2,    0,   -2,   -3,   -3,   -3,   -2,    0,   -5,   -5,    0,    0,   -3,   -9,   -3,   -3,   -2,    0,   -5,    0,   -1,    0,   -3,    0,   -3,    0,   -6,   -2,   -3,    0,    0,   -2,    0,   -8,    0,    0,    0,    0,    0,    0,   -6,    0,    0,   -3,   -3,   -3,   -3,   -3,   -3,   -3,   -3,    0,    0,    0,   -3,   -3,   -3,   -3,   -3,   -5,   -3,   -3,   -3,   -3,   -3,   -3,   -3,    0,    0,    0,    0,   -2,   -1,   -5,   -6,   -6,   -3,   -8,    0,   -3,    0,    0,   -3,   -3,    0,   -3,    0,   -3,   -3,   -3,    0,    0,    0,    0,    0,
       0,    0,  -19,    0,   -7,    5,   -5,    0,  -26,    0,  -26,  -16,    0,    0,    0,    0,    0,    0,    0,    0,    0,    0,    0,    0,   -6,   -9,  -18,    0,    0,  -16,  -23,   -2,   -6,   -9,   -4,  -31,  -10,  -21,  -18,  -31,  -23,    0,   -2,   -2,   -2,   -2,   -3,   -2,   -2,    0,   -2,    0,   -2,    0,   -2,    0,   -1,    0,    0,    0,    0,   -3,    0,  -10,    0,    0,    0,    0,    0,    0,  -44,    0,    0,   -2,   -2,   -2,   -2,   -2,   -2,   -2,   -2,    0,    0,    0,   -2,   -2,   -2,   -2,   -2,    0,   -2,   -2,   -2,   -2,   -2,   -2,   -2,   -2,    0,    0,    0,   -7,   -2,   -2,   -1,   -1,   -9,  -10,    0,   -2,    0,    0,   -2,   -2,    0,   -2,    0,   -2,   -2,   -2,   -9,   -9,    0,   -9,   -9,
       0,    0,    0,    0,    0,    0,    0,    0,    0,    0,    0,    0,    0,    0,    0,    0,    0,    0,    0,    0,    0,    0,    0,    0,    0,    0,    0,   -1,    0,   -5,    0,    0,    0,   -8,   -3,   -5,   -3,    0,   -3,   -5,    0,    0,   -2,    0,   -2,   -2,   -5,    0,    0,    0,   -2,    0,   -2,    0,   -2,    0,   -3,   -5,   -3,   -3,   -3,   -1,    0,   -3,    0,    0,    0,    0,    0,    0,    0,    0,    0,   -2,   -2,   -2,   -2,   -2,   -2,   -2,   -2,    0,    0,    5,   -2,   -2,   -2,   -2,   -2,    0,   -2,   -2,   -2,   -2,   -2,   -2,   -2,    0,    0,    0,    0,   -5,   -2,    0,   -3,   -3,   -8,   -3,    0,   -2,    0,    0,   -2,   -2,    0,   -2,    0,   -2,   -2,   -2,   -2,   -7,    0,   -2,   -7,
       0,    0,    0,    0,   -7,    0,    0,    0,  -38,  -19,  -38,  -33,    0,    0,    0,    0,    0,    0,    0,    0,    0,    0,  -10,    0,    0,  -12,  -44,   -5,    0,    0,   -5,    0,   -5,    0,    0,    0,    0,    0,    0,   -7,    0,    0,  -26,    0,  -26,  -26,    0,  -19,    0,    4,    0,    2,  -26,    2,  -26,    2,  -23,   -2,    2,    0,    0,    0,    0,  -12,  -16,    0,    0,  -16,   -5,    0,  -44,    0,    0,  -26,  -26,  -26,  -26,  -26,  -26,  -26,  -26,   13,   15,   27,  -26,  -26,  -26,  -26,  -26,    0,  -26,  -26,  -26,  -26,  -26,  -26,  -26,  -19,   19,   12,   16,    0,   16,    0,  -23,  -23,    0,  -12,    4,  -26,   28,   19,  -14,  -26,    2,  -26,    8,  -26,  -26,  -26,    0,    0,    0,    0,    0,
       0,    0,   -5,    0,   -2,    0,  -13,    0,    0,    0,    0,    0,    0,    0,    0,    0,    0,    0,    0,    0,    0,    0,    0,    0,    0,    0,    0,    0,    0,   -5,    0,    0,    4,   -5,   -3,   -7,   -7,   -2,  -11,   -6,   -9,    0,    0,    0,    0,    0,   -1,    0,    0,    0,    0,    0,    0,    0,    0,    0,   -1,    0,    0,    0,    0,   -2,   -1,   -1,    0,    0,    0,    0,    0,    0,    0,    0,    0,    0,    0,    0,    0,    0,    0,    0,    0,    0,    0,    0,    0,    0,    0,    0,    0,    0,    0,    0,    0,    0,    0,    0,    0,    0,    0,    0,    0,   -5,    0,    0,   -1,   -1,   -5,   -1,    0,    0,    0,    0,    0,    0,    0,    0,    0,    0,    0,    0,    0,   -3,    0,    0,   -3,
       0,    0,    0,    0,    0,    0,    0,    0,    0,    0,    0,    0,    0,    0,    0,    0,    0,    0,    0,    0,    0,    0,    0,    0,    0,    0,    0,    0,    0,    0,    0,    0,    0,    0,    0,    0,    0,    0,    0,    0,    0,    0,   -3,    5,   -3,   -3,   -2,   -1,    5,    0,   -1,    0,   -3,    0,   -3,    0,   -1,   -6,   -5,   -5,   -5,    0,   -5,   -2,    0,    0,    0,    0,    0,    0,    0,    0,    0,   -3,   -3,   -3,   -3,   -3,   -3,   -3,   -3,    0,    5,   11,   -3,   -3,   -3,   -3,   -3,    5,   -3,   -3,   -3,   -3,   -3,   -3,   -3,   -1,    6,    0,    5,    0,   -1,    5,   -1,   -1,    0,   -2,    0,   -3,    0,    0,   -3,   -3,    0,   -3,    0,   -3,   -3,   -3,    0,    0,    0,    0,    0,
       0,    0,    0,    0,  -10,    0,    0,    0,  -21,   -2,  -21,  -19,    0,    0,    0,    0,    0,    0,    0,    0,    0,    0,    0,    0,    0,  -14,  -25,  -13,    0,    0,   -3,    0,   -9,    0,    0,    0,    0,    0,    0,   -8,    0,    0,  -19,    4,  -19,  -19,  -14,  -12,    4,   -3,   -2,  -10,  -19,  -10,  -19,  -10,  -21,  -14,   -9,  -12,  -12,  -16,   -8,  -20,   -7,    0,    0,   -5,   -7,    0,  -25,    0,    0,  -19,  -19,  -19,  -19,  -19,  -19,  -19,  -19,   -3,   -3,   -3,  -19,  -19,  -19,  -19,  -19,    4,  -19,  -19,  -19,  -19,  -19,  -19,  -19,  -12,   -3,   -3,   -3,    0,   -2,    4,  -21,  -21,    0,  -20,   -3,  -19,   -3,   -3,  -19,  -19,  -10,  -19,   -3,  -19,  -19,  -19,    0,    0,    0,    0,    0,
       0,    0,    0,    0,   -6,    0,   -9,    0,    0,  -19,    0,    0,    0,    0,    0,    0,    0,    0,    0,    0,    0,    0,    0,    0,   -7,    0,    0,  -16,    0,    0,    0,    0,    0,   -7,   -6,    0,    0,    0,    0,    0,    0,    0,   -9,    0,   -9,   -9,   -7,    0,    0,   -5,   -7,   -8,   -9,   -8,   -9,   -8,    0,  -15,   -9,  -10,  -10,    0,  -17,    0,  -14,    0,    0,  -28,    0,    0,    0,    0,    0,   -9,   -9,   -9,   -9,   -9,   -9,   -9,   -9,   -5,    7,   23,   -9,   -9,   -9,   -9,   -9,    0,   -9,   -9,   -9,   -9,   -9,   -9,   -9,    0,    5,    9,    0,    0,   -1,    0,    0,    0,   -7,    0,   -5,   -9,   29,    5,   -9,   -9,   -8,   -9,    0,   -9,   -9,   -9,   -7,   -5,    0,   -7,   -5,
       0,    0,  -44,    0,    0,    0,  -47,    0,    0,    0,    0,    0,    0,    0,    0,    0,    0,    0,    0,    0,    0,    0,    0,    0,  -30,    0,    0,   -7,    0,  -11,   -5,    0,   -1,  -38,  -14,  -43,  -40,    0,  -47,   -7,  -44,    0,   -1,  -12,   -1,   -1,   -8,    0,  -12,   -6,   -6,   -7,   -1,   -7,   -1,   -7,   -2,   -9,   -7,   -8,   -8,   -1,  -16,   -6,    0,    0,    0,   -3,    0,    0,    0,    0,    0,   -1,   -1,   -1,   -1,   -1,   -1,   -1,   -1,   -6,   -6,   -6,   -1,   -1,   -1,   -1,   -1,  -12,   -1,   -1,   -1,   -1,   -1,   -1,   -1,    0,   -6,   -6,   -6,  -11,   -6,  -12,   -2,   -2,  -38,   -6,   -6,   -1,   -6,   -6,   -1,   -1,   -7,   -1,   -6,   -1,   -1,   -1,  -54,  -44,    0,  -54,  -78,
       0,    0,   -5,    0,   -3,    0,   -5,    0,    0,    0,    0,    0,    0,    0,    0,    0,    0,    0,    0,    0,    0,    0,    0,    0,   -7,    0,    0,   -6,    0,   -6,    0,    0,    0,  -21,  -23,  -23,  -14,    0,  -16,    0,    0,    0,   -7,    0,   -7,   -7,  -12,    0,    0,   -1,   -9,    0,   -7,    0,   -7,    0,    0,  -19,   -8,   -9,   -9,    0,  -19,    0,    0,    0,    0,   -2,    0,    0,    0,    0,    0,   -7,   -7,   -7,   -7,   -7,   -7,   -7,   -7,   -1,   -1,    5,   -7,   -7,   -7,   -7,   -7,   -2,   -7,   -7,   -7,   -7,   -7,   -7,   -7,    0,   -1,   -1,   -1,   -6,   -9,    0,    0,    0,  -21,    0,   -1,   -7,   -1,   -1,   -7,   -7,    0,   -7,   -1,   -7,   -7,   -7,  -14,    0,    0,  -14,    0,
       0,    0,    0,    0,   -7,    0,    0,    0,  -14,    0,  -14,   -5,    0,    0,    0,    0,    0,    0,    0,    0,    0,    0,    0,    0,    0,  -16,  -12,   -2,    0,    0,    0,    0,   -2,    0,    0,    0,    0,    0,    0,   -1,    0,    0,  -12,    6,  -12,  -12,   -8,   -7,    6,   -1,   -2,   -2,  -12,   -2,  -12,   -2,  -14,   -7,   -6,  -10,  -10,  -17,  -14,  -14,    0,    0,    0,    0,   -5,    0,  -12,    0,    0,  -12,  -12,  -12,  -12,  -12,  -12,  -12,  -12,   -1,   -1,   -1,  -12,  -12,  -12,  -12,  -12,    6,  -12,  -12,  -12,  -12,  -12,  -12,  -12,   -7,   -1,   -1,   -1,    0,   -2,    6,  -14,  -14,    0,  -14,   -1,  -12,   -1,   -1,  -12,  -12,   -2,  -12,   -1,  -12,  -12,  -12,    0,    0,    0,    0,    0,
       0,    0,  -19,    0,   -7,    5,   -5,    0,  -26,    0,  -26,  -16,    0,    0,    0,    0,    0,    0,    0,    0,    0,    0,    0,    0,   -6,   -9,  -42,    0,    0,  -16,  -23,   -2,   -6,   -9,   -4,  -14,  -10,  -21,  -18,  -14,  -23,    0,   -2,   -3,   -2,   -2,   -3,   -2,   -3,    0,   -2,    0,   -2,    0,   -2,    0,   -1,    0,    0,    0,    0,   -3,    0,  -10,    0,    0,    0,    0,    0,    0,  -42,    0,    0,   -2,   -2,   -2,   -2,   -2,   -2,   -2,   -2,    0,    0,    0,   -2,   -2,   -2,   -2,   -2,   -3,   -2,   -2,   -2,   -2,   -2,   -2,   -2,   -2,    0,    0,    0,   -7,   -2,   -3,   -1,   -1,   -9,  -10,    0,   -2,    0,    0,   -2,   -2,    0,   -2,    0,   -2,   -2,   -2,   -9,   -9,    0,   -9,   -9,
       0,    0,    0,    0,   -6,    0,    0,    0,  -37,   -3,  -37,  -26,    0,    0,    0,    0,    0,    0,    0,    0,    0,    0,    0,    0,    0,  -14,  -46,   -1,   -2,   -1,   -7,    0,   -1,    0,    0,   -3,    0,   -8,   -4,   -3,    0,    0,  -29,   -2,  -15,  -15,    0,  -16,   -2,    4,    0,    4,  -15,    4,  -15,    4,   -6,    1,    4,    4,    4,   -1,    7,   -8,   -5,    0,    0,    0,    0,    0,  -46,    0,    0,  -15,  -15,  -15,  -15,  -29,  -15,  -15,  -15,    4,    4,    4,  -15,  -15,  -15,  -15,  -15,   -2,  -29,  -29,  -29,  -15,  -15,  -15,  -15,  -16,    4,    4,    4,   -1,    0,   -2,   -6,   -6,    0,   -8,    4,  -15,    4,    4,  -15,  -15,    4,  -15,    4,  -15,  -15,  -15,    0,    0,    0,    0,    0,
       0,    0,  -19,    0,   -7,   23,   -5,    0,  -40,    0,  -55,   30,    0,    0,    0,    0,    0,    0,    0,    0,    0,    0,    0,    0,   -6,   -9,  -18,    0,    0,  -16,  -23,   -2,   -6,   -9,   -4,  -14,  -10,  -21,  -18,  -14,  -23,   14,   -2,   -2,   -2,   -2,   15,   -2,   -2,    0,   16,    0,   -2,    0,   -2,    0,   -1,    0,    0,    0,    0,   -3,    0,  -10,    0,    0,    0,    0,    0,    0,  -44,    0,    0,   -2,   -2,   -2,   -2,   -2,   -2,   -2,   -2,    0,    0,    0,   -2,   -2,   -2,   -2,   -2,    0,   -2,   -2,   -2,   -2,   -2,   -2,   -2,   -2,    0,    0,    0,   -7,   16,   -2,   -1,   -1,   -9,  -10,    0,   -2,    0,    0,   -2,   -2,    0,   -2,    0,   -2,   -2,   -2,   -9,   -9,    0,   -9,   -9,
       0,    0,  -30,    0,   -2,    0,  -29,    0,    0,  -12,    0,    0,    0,    0,    0,    0,    0,    0,    0,    0,    0,    0,    0,    0,  -12,   -9,    0,  -19,    0,  -12,    0,    0,   -1,  -26,  -21,  -30,  -28,    0,  -33,   -1,  -35,   -5,  -10,  -16,  -10,  -10,  -12,   -7,   -5,   -6,  -15,   -5,  -10,   -5,  -10,   -5,   -2,  -14,  -10,  -13,  -13,    0,  -16,   -1,  -14,    0,    0,   -9,    0,    0,    0,    0,    0,  -10,  -10,  -10,  -10,  -10,  -10,  -10,  -10,   -6,   -6,   -6,  -10,  -10,  -10,  -10,  -10,   -5,  -10,  -10,  -10,  -10,  -10,  -10,  -10,   -7,   -6,   -6,   -6,  -12,  -15,   -5,   -2,   -2,  -26,   -1,   -6,  -10,   -6,   -6,  -10,  -10,   -5,  -10,   -6,  -10,  -10,  -10,  -26,  -23,    0,  -26,  -23,
       0,    0,   -9,    0,   -5,    0,   -7,    0,   -9,    0,   -9,   -5,    0,    0,    0,    0,    0,    0,    0,    0,    0,    0,    0,    0,    0,    0,   -8,    0,   -1,   -6,  -17,    0,   -2,   -8,   -3,   -7,   -3,   -5,   -8,   -7,    0,    0,    0,   -1,    0,    0,   -8,    0,   -1,   -2,   -2,   -2,    0,   -2,    0,   -2,   -1,   -6,   -1,   -6,   -6,   -8,   -3,   -7,    0,    0,    0,    0,    0,    0,   -8,    0,    0,    0,    0,    0,    0,    0,    0,    0,    0,   -2,    2,   -2,    0,    0,    0,    0,    0,   -1,    0,    0,    0,    0,    0,    0,    0,    0,   -2,   -2,   -2,   -6,   -2,   -1,   -1,   -1,   -8,   -7,   -2,    0,   -2,   -2,    0,    0,   -2,    0,   -2,    0,    0,    0,    0,    0,    0,    0,    0,
       0,    0,    0,    0,    2,    0,    0,    0,  -41,  -26,  -41,  -33,    0,    0,    0,    0,    0,    0,    0,    0,    0,    0,   -5,    0,    0,  -28,  -35,   -6,    0,    0,  -13,    0,   -2,    0,    0,    0,    0,    0,    0,   -4,    0,    0,  -31,   -2,  -31,  -31,   -5,  -37,   -2,    6,    2,    2,  -31,    2,  -31,    2,  -23,   -3,    4,    2,    2,   -3,    5,  -10,  -23,    0,    0,  -19,   -2,    0,  -35,    0,    0,  -31,  -31,  -31,  -31,  -31,  -31,  -31,  -31,   19,   25,   41,  -31,  -31,  -31,  -31,  -31,   -2,  -31,  -31,  -31,  -31,  -31,  -31,  -31,  -37,   30,   24,   27,    0,   23,   -2,  -23,  -23,    0,  -10,   20,  -53,   32,   28,  -45,  -31,    2,  -31,   20,  -31,  -31,  -31,    0,    0,    0,    0,    0,
       0,    0,    0,    0,  -19,    0,    0,    0,  -44,  -21,  -44,  -49,    0,    0,    0,    0,    0,    0,    0,    0,    0,    0,  -16,    0,    0,  -49,  -55,  -14,    0,    0,  -12,    0,   -5,    0,    0,    0,    0,    0,    0,   -1,    0,    0,  -44,   12,  -44,  -44,  -22,  -49,   12,   -1,    0,  -17,  -44,  -17,  -44,  -17,  -43,  -16,  -20,  -19,  -19,  -27,  -14,  -35,  -28,    0,    0,  -23,  -15,    0,  -55,    0,    0,  -44,  -44,  -44,  -82,  -75,  -44,  -84,  -70,   19,   25,   46,  -85,  -44,  -84,  -77,  -72,   12,  -84,  -44,  -44,  -44,  -86,  -44,  -44,  -49,   34,   32,   27,    0,   26,   12,  -43,  -83,    0,  -35,   20,  -64,   27,   34,  -49,  -75,   -9,  -84,   22,  -84,  -84,  -84,    0,    0,    0,    0,    0,
       0,    0,    0,    0,  -15,    0,    0,    0,  -42,  -17,  -42,  -40,    0,    0,    0,    0,    0,    0,    0,    0,    0,    0,   -7,    0,    0,  -44,  -44,  -10,    0,    0,    0,    0,   -7,    0,    0,    0,    0,    0,    0,    0,    0,    0,  -36,   12,  -36,  -36,  -14,  -38,   12,   -7,   -1,  -16,  -36,  -16,  -36,  -16,  -35,   -9,  -14,  -13,  -13,  -21,  -12,  -29,  -22,    0,    0,  -19,   -7,    0,  -44,    0,    0,  -36,  -36,  -36,  -36,  -36,  -36,  -36,  -60,    6,   21,   34,  -67,  -36,  -36,  -36,  -60,   12,  -36,  -36,  -36,  -36,  -36,  -36,  -36,  -38,   28,   20,   19,    0,   23,   12,  -35,  -66,    0,  -29,    8,  -44,   26,   22,  -43,  -36,   -8,  -36,   17,  -36,  -67,  -36,    0,    0,    0,    0,    0,
       0,    0,    0,    0,  -10,    0,   -9,    0,    0,  -21,    0,    0,    0,    0,    0,    0,    0,    0,    0,    0,    0,    0,    0,    0,    0,   -5,    0,  -22,    0,    0,    0,    0,    0,   -6,   -5,    0,    0,    0,    0,    0,    0,    0,   -9,    0,   -9,   -9,    0,   -1,    0,   -5,   -7,   -1,   -9,   -1,   -9,   -1,    0,  -12,   -9,  -16,  -16,    0,  -23,    0,  -19,    0,    0,  -28,    0,    0,    0,    0,    0,   -9,   -9,   -9,   -9,   -9,   -9,   -9,   -9,   -5,   -5,   -5,   -9,   -9,   -9,   -9,   -9,    0,   -9,   -9,   -9,   -9,   -9,   -9,   -9,   -1,   -5,   -5,   -5,    0,   -7,    0,    0,    0,   -6,    0,   -5,   -9,   -5,   -5,   -9,   -9,   -1,   -9,   -5,   -9,   -9,   -9,    0,    0,    0,    0,    0,
       0,    0,    0,    0,  -21,    0,    0,    0,  -48,  -38,  -48,  -42,    0,    0,    0,    0,    0,    0,    0,    0,    0,    0,  -19,    0,    0,  -54,  -53,  -16,    0,    0,   -5,    0,   -7,    0,    0,    0,    0,    0,    0,    0,    0,    0,  -51,   11,  -51,  -51,  -17,  -54,   11,   -6,   -2,  -22,  -51,  -22,  -51,  -22,  -51,  -19,  -27,  -26,  -26,  -34,  -27,  -41,  -31,    0,    0,  -35,  -24,    0,  -53,    0,    0,  -51,  -51,  -98,  -87,  -83,  -98,  -88,  -76,   15,   25,   46,  -93, -100,  -90,  -82,  -72,   11,  -96,  -51,  -51, -100,  -97,  -96,  -51,  -54,   35,   28,   21,    0,   26,   11,  -94,  -94,    0,  -75,   13,  -64,   18,   28,  -72,  -83,  -12,  -96,   20,  -93,  -93,  -91,    0,    0,    0,    0,    0,
       0,    0,    0,    0,   -5,    0,  -14,    0,    0,    0,    0,    0,    0,    0,    0,    0,    0,    0,    0,    0,    0,    0,    0,    0,    0,    0,    0,   -6,    0,   -1,    0,    0,   -5,   -9,   -8,   -3,   -5,    0,   -5,   -3,    0,    0,   -2,    0,   -2,   -2,   -7,    0,    0,   -3,   -2,   -3,   -2,   -3,   -2,   -3,    0,   -6,   -3,   -7,   -7,   -2,   -8,    0,   -1,    0,    0,    0,    0,    0,    0,    0,    0,   -2,   -2,   -2,   -2,   -2,   -2,   -2,   -2,   -3,   -2,    3,   -2,   -2,   -2,   -2,   -2,    0,   -2,   -2,   -2,   -2,   -2,   -2,   -2,    0,   -3,   -3,   -3,   -1,   -2,    0,    0,    0,   -9,    0,   -3,   -2,   -3,   -3,   -2,   -2,   -3,   -2,   -3,   -2,   -2,   -2,    0,    0,    0,    0,    0,
       0,    0,    0,    0,    0,    0,    0,    0,    0,    0,    0,    0,    0,    0,    0,    0,    0,    0,    0,    0,    0,    0,    0,    0,    0,    0,    0,    0,    0,    0,    0,    0,    0,    0,    0,    0,    0,    0,    0,    0,    0,    0,    0,    5,    0,    0,   21,    0,    5,    0,   19,    0,    0,    0,    0,    0,    0,    0,    0,    0,    0,    0,    0,    0,    0,    0,    0,    0,    0,    0,    0,    0,    0,    0,    0,    0,    0,    0,    0,    0,    0,    0,    0,    0,    0,    0,    0,    0,    0,    5,    0,    0,    0,    0,    0,    0,    0,    0,    0,    0,    0,    0,   19,    5,    0,    0,    0,    0,    0,    0,    0,    0,    0,    0,    0,    0,    0,    0,    0,    0,    0,    0,    0,    0,    0,
       0,    0,    0,    0,    0,    0,    0,    0,    0,    0,    0,    0,   -9,    0,    0,    0,  -13,    0,   -7,  -38,    0,  -10,    0,    0,    0,    0,    0,  -21,    0,    0,    0,    0,  -14,  -44,  -26,  -49,  -47,    0,  -49,    0, -103,    0,   -5,   -9,   -5,   -5,   19,    0,   -9,    0,   14,    0,   -5,    0,   -5,    0,    0,    0,   -7,  -13,  -13,    0,    0,    0,    0,    0,    0,    0,    0,    0,    0,    0,    0,   -5,   -5,   -5,   -5,   -5,   -5,   -5,   -5,    0,    0,    0,   -5,   -5,   -5,   -5,   -5,   -9,   -5,   -5,   -5,   -5,   -5,   -5,   -5,    0,    0,    0,    0,    0,   14,   -9,    0,    0,  -44,    0,    0,   -5,    0,    0,   -5,   -5,    0,   -5,    0,   -5,   -5,   -5,    0,    0,    0,    0,    0,
       2,    0,  -28,    0,   -8,    0,  -26,    0,    0,    0,    0,    0,    0,    0,    0,    0,    0,    0,    0,    0,    0,    0,    0,    0,  -21,    0,    0,    0,    0,    0,    0,    0,    0,  -19,    0,    0,    0,    0,    0,    0,  -36,    0,   -1,   -8,   -1,   -1,   -6,    0,   -3,    0,   -6,    0,   -1,   -2,   -1,    0,    0,   -8,   -1,   -3,   -3,    0,   -6,   -1,   -6,    0,    0,    0,    0,    0,    0,    0,    0,   -1,   -1,   -1,   -1,   -1,   -1,   -1,   -1,    0,    0,    0,   -1,   -1,   -1,   -1,   -1,   -3,   -1,   -1,   -1,   -1,   -1,   -1,   -1,    0,    0,    0,    0,    0,   -6,   -6,    0,    0,  -19,   -1,    0,   -1,    0,    0,   -1,   -1,    0,   -1,    0,   -1,   -1,   -1,  -63,  -19,    0,  -33,  -19,
       0,    0,  -37,    0,  -12,   -5,  -33,    0,   -6,    0,   -6,  -19,    0,    0,    0,    0,    0,    0,    0,    0,    0,    0,    0,    0,  -19,   -5,    0,    0,    0,    0,    0,    0,    0,  -12,    0,    0,    0,    0,    0,    0,  -37,    0,   -6,  -22,   -1,   -1,   -7,   -2,   -9,   -5,   -8,   -2,   -1,   -7,   -1,   -2,   -7,   -8,   -5,   -5,   -5,  -13,   -6,  -14,    0,    0,    0,    0,    0,    0,    0,    0,   -9,   -1,   -1,   -1,   -1,   -1,   -1,   -1,   -1,   -5,   -5,   -5,   -1,   -1,   -1,   -1,   -1,   -9,   -1,   -1,   -1,   -1,   -1,   -1,   -1,   -2,   -5,   -5,   -5,    0,   -8,   -9,   -7,   -7,  -12,  -14,   -5,   -1,   -5,   -5,   -1,   -1,   -2,   -1,   -5,   -1,   -1,   -1,  -31,  -20,    0,  -31,  -20,
       0,    0,  -14,    0,   -7,    0,  -19,    0,   -3,    0,   -3,   -5,    0,    0,    0,    0,    0,    0,    0,    0,    0,    0,    0,    0,   -5,   -9,    0,    0,    0,    0,    0,    0,    0,    0,    0,    0,    0,    0,    0,    0,  -33,    0,  -19,  -26,   -9,   -9,   -2,   -9,  -14,    0,    0,    0,   -9,    0,   -9,    0,   -9,   -3,    0,   -1,   -1,   -3,    0,   -8,    0,    0,    0,    0,    0,    0,    0,    0,    0,  -19,  -19,  -19,  -19,  -19,   -9,   -9,   -9,    0,    0,    0,   -9,   -9,   -9,   -9,   -9,  -14,  -19,  -19,  -19,   -9,   -9,   -9,   -9,   -9,    0,    0,    0,    0,    0,  -14,   -9,   -9,    0,   -8,    0,   -9,    0,    0,   -9,   -9,    0,   -9,    0,   -9,   -9,   -9,  -14,   -6,    0,  -14,   -6,
       0,    0,  -16,    0,   -3,    0,   -5,  -21,  -21,  -21,  -21,    0,    0,    0,    0,    0,    0,    0,    0,    0,    0,    0,  -21,  -21,   -5,    0,    0,    0,    0,    0,    0,    0,    0,    0,    0,    0,    0,    0,    0,    0,    0,    0,   -3,   -1,   -3,   -3,   -3,    0,   -1,    0,   -3,    0,   -3,    0,   -3,    0,    0,   -5,   -2,   -6,   -6,    0,   -2,    0,   -5,    0,    0,  -21,    1,    0,    0,    0,    0,   -3,   -3,   -3,   -3,   -3,   -3,   -3,   -3,    0,    0,    0,   -3,   -3,   -3,   -3,   -3,   -1,   -3,   -3,   -3,   -3,   -3,   -3,   -3,    0,    0,    0,    0,    0,   -3,    5,    0,    0,    0,    0,    0,   -3,    0,    0,   -3,   -3,    0,   -3,    0,   -3,   -3,   -3,  -19,  -15,    0,  -19,  -15,
       0,    0,  -26,    0,   -9,    0,  -23,    0,   -5,    0,   -5,   -5,    0,    0,    0,    0,    0,    0,    0,    0,    0,    0,    0,    0,   -3,   -8,    0,    0,    0,    0,    0,    0,    0,  -16,    0,    0,    0,    0,    0,    0,  -34,    0,  -15,   -8,  -14,  -14,   -2,   -6,   -8,    0,    0,    0,  -14,    0,  -14,    0,   -3,   -2,    0,    0,    0,   -2,    0,   -8,    0,    0,    0,    0,    0,    0,    0,    0,    0,  -14,  -14,  -14,  -14,  -14,  -14,  -14,  -14,    0,    0,    0,  -14,  -14,  -14,  -14,  -14,   -8,  -14,  -14,  -14,  -14,  -14,  -14,  -14,   -6,    0,    0,    0,    0,    0,   -9,   -3,   -3,  -16,   -8,    0,  -14,    0,    0,  -14,  -14,    0,  -14,    0,  -14,  -14,  -14,  -21,  -14,    0,  -21,  -14,
       0,   15,   30,    0,    5,   26,   40,    0,  -33,   -5,  -33,  -14,    0,    0,    0,    0,    0,    0,    0,    0,    0,    0,    0,    0,   26,  -21,    0,    0,    0,    0,    0,    0,    0,    0,    0,    0,    0,    0,    0,    0,   44,   23,  -34,    0,  -16,  -16,    0,  -24,    0,    0,    0,    0,  -16,    0,  -16,    0,  -14,    0,    0,    0,    0,   -2,    0,  -12,  -19,    0,    0,   -9,   -2,    0,    0,    0,    0,  -16,  -31,  -31,  -31,  -28,  -16,  -16,  -16,    0,    0,    0,  -16,  -16,  -16,  -16,  -26,    0,  -31,  -31,  -34,  -16,  -16,  -16,  -16,  -24,    0,    0,    0,    0,    0,    0,  -14,  -14,    0,  -12,    0,  -16,    0,    0,  -16,  -16,    0,  -16,    0,  -16,  -16,  -16,   35,   43,    0,   35,   43,
       0,    0,  -23,    0,   -5,    0,  -21,    0,    0,    0,    0,    0,    0,    0,    0,    0,    0,    0,    0,    0,    0,    0,    0,    0,   -6,   -3,    0,    0,    0,    0,    0,    0,    0,    0,    0,    0,    0,    0,    0,    0,  -44,    0,   -7,  -17,   -7,   -7,   -1,    0,   -9,    0,    0,    0,   -7,    0,   -7,    0,   -7,   -5,   -2,    0,    0,   -6,    0,  -10,    0,    0,    0,    0,    0,    0,    0,    0,    0,   -7,   -7,   -7,   -7,   -7,   -7,   -7,   -7,    0,    0,    0,   -7,   -7,   -7,   -7,   -7,   -9,   -7,   -7,   -7,   -7,   -7,   -7,   -7,    0,    0,    0,    0,    0,    0,   -9,   -7,   -7,    0,  -10,    0,   -7,    0,    0,   -7,   -7,    0,   -7,    0,   -7,   -7,   -7,  -19,   -9,    0,  -19,   -9,
       0,    0,  -14,    0,    0,    0,   -9,    0,    0,    0,    0,    0,    0,    0,    0,    0,    0,    0,    0,    0,    0,    0,    0,    0,   -5,    0,    0,   -2,    0,   -5,    0,    0,    0,  -10,   -8,   -8,   -8,    0,  -12,    0,   -9,    0,   -3,   -2,   -3,   -3,   -2,    0,   -2,    0,    0,    0,   -3,    0,   -3,    0,    0,   -5,   -2,   -5,   -5,    0,   -5,    0,    0,    0,    0,    0,    0,    0,    0,    0,    0,   -3,   -3,   -3,   -3,   -3,   -3,   -3,   -3,    0,    0,    0,   -3,   -3,   -3,   -3,   -3,   -2,   -3,   -3,   -3,   -3,   -3,   -3,   -3,    0,    0,    0,    0,   -5,    0,   -2,    0,    0,  -10,    0,    0,   -3,    0,    0,   -3,   -3,    0,   -3,    0,   -3,   -3,   -3,  -14,   -2,    0,  -14,   -2,
       0,    0,    0,    0,  -14,    0,  -19,    0,    0,    0,    0,    0,    0,    0,    0,    0,    0,    0,    0,    0,    0,    0,    0,    0,   -6,   -9,    0,    0,    0,    0,    0,    0,    0,    0,    0,    0,    0,    0,    0,    0,   -9,    0,   -5,  -15,   -5,   -5,   -3,   -5,   -7,   -3,    0,   -2,   -5,   -2,  -10,   -6,   -9,   -5,   -6,   -3,   -3,   -9,   -2,  -14,    0,    0,    0,    0,    0,    0,    0,    0,   -1,   -5,   -5,   -5,   -5,   -5,   -5,   -5,   -5,   -3,   -3,   -3,   -5,   -5,   -5,   -5,   -5,   -7,   -5,   -5,   -5,   -5,   -5,   -5,   -5,   -5,   -3,   -3,   -3,    0,    0,   -7,   -9,   -9,    0,  -14,   -3,   -5,   -3,   -3,   -5,   -5,   -2,   -5,   -3,   -5,   -5,   -5,   -3,   -5,    0,   -3,   -5,
       0,    0,  -30,    0,  -10,    0,  -23,    0,    0,  -15,    0,    0,    0,    0,    0,    0,    0,    0,    0,    0,    0,    0,    0,    0,   -9,   -2,    0,    0,    0,    0,    0,    0,    0,    0,    0,    0,    0,    0,    0,    0,  -26,    0,  -10,   -8,  -10,  -10,   -6,   -3,   -5,   -3,   -5,   -2,  -10,   -2,  -10,   -2,    0,   -7,   -6,   -9,   -9,    0,   -8,    0,  -10,    0,    0,   -7,    0,    0,    0,    0,    0,  -10,  -10,  -10,  -10,  -10,  -10,  -10,  -10,   -3,   -3,   -3,  -10,  -10,  -10,  -10,  -10,   -5,  -10,  -10,  -10,  -10,  -10,  -10,  -10,   -3,   -3,   -3,   -3,    0,   -5,   -5,    0,    0,    0,    0,   -3,  -10,   -3,   -3,  -10,  -10,   -2,  -10,   -3,  -10,  -10,  -10,  -28,  -16,    0,  -28,  -16,
       0,    0,  -14,    0,   -5,   12,  -14,    0,    0,    0,    0,    0,    0,    0,    0,    0,    0,    0,    0,    0,    0,    0,    0,    0,   -2,    0,    0,    0,    0,    0,    0,    0,    0,    0,    0,    0,    0,    0,    0,    0,  -14,    7,   -5,   -8,   -5,   -5,    0,    0,   -6,    0,    0,    0,   -5,    0,   -5,    0,   -2,    0,   -2,   -5,   -5,   -2,    0,   -2,    0,    0,    0,    0,    0,    0,    0,    0,    0,   -5,   -5,   -5,   -5,   -5,   -5,   -5,   -5,    0,    0,    0,   -5,   -5,   -5,   -5,   -5,   -6,   -5,   -5,   -5,   -5,   -5,   -5,   -5,    0,    0,    0,    0,    0,    0,   -6,   -2,   -2,    0,   -2,    0,   -5,    0,    0,   -5,   -5,    0,   -5,    0,   -5,   -5,   -5,    0,   -5,    0,    0,   -5,
       0,    0,  -19,    0,  -21,   -9,    0,    0,  -50,   -8,  -50,  -26,    0,    0,    0,    0,    0,    0,    0,    0,    0,    0,   -5,    0,    0,  -33,    0,    0,    0,    0,    0,    0,    0,    0,    0,    0,    0,    0,    0,    0,  -37,  -23,  -46,  -35,  -21,  -44,   -2,  -47,  -19,    0,    0,    0,  -21,    0,  -44,    0,  -17,   -3,    0,    0,    0,   -2,    0,  -16,   -6,    0,    0,   -7,  -14,    0,    0,    0,  -20,  -45,  -45,  -45,  -45,  -45,  -21,  -21,  -21,    0,    0,    0,  -21,  -21,  -21,  -21,  -21,  -19,  -45,  -45,  -45,  -21,  -21,  -21,  -21,  -23,    0,    0,    0,    0,    0,  -28,  -17,  -17,    0,  -16,    0,  -21,    0,    0,  -21,  -21,    0,  -21,    0,  -21,  -21,  -21,   -2,   -2,    0,   -2,   -2,
       0,    0,  -24,    0,   -7,    0,  -19,    0,    0,    0,    0,    0,    0,    0,    0,    0,    0,    0,    0,    0,    0,    0,    0,    0,  -15,   -3,    0,    0,    0,    0,    0,    0,    0,    0,    0,    0,    0,    0,    0,    0,  -40,    0,   -2,  -15,   -2,   -2,   -3,    0,   -7,    0,    0,    0,   -2,    0,   -2,    0,   -2,   -2,    0,    0,    0,   -2,    0,   -7,    0,    0,    0,    0,    0,    0,    0,    0,    0,   -2,   -2,   -2,   -2,   -2,   -2,   -2,   -2,    0,    0,    0,   -2,   -2,   -2,   -2,   -2,   -7,   -2,   -2,   -2,   -2,   -2,   -2,   -2,    0,    0,    0,    0,    0,    0,  -10,   -2,   -2,    0,   -7,    0,   -2,    0,    0,   -2,   -2,    0,   -2,    0,   -2,   -2,   -2,  -16,   -5,    0,  -16,   -5,
       0,    0,    0,    0,   -9,    0,    0,    0,    0,    0,    0,    0,    0,    0,    0,    0,    0,    0,    0,    0,    0,    0,    0,    0,   -7,   -1,    0,    0,    0,    0,    0,    0,    0,    0,    0,    0,    0,    0,    0,    0,    0,    0,  -13,  -15,   -7,   -7,   -3,   -1,   -8,    0,   -1,    0,   -7,    0,   -7,    0,    0,   -6,   -2,   -1,   -1,    0,    0,   -2,    0,    0,    0,   -5,    0,    0,    0,    0,    0,   -7,   -7,   -7,   -7,   -7,   -7,   -7,   -7,    0,    0,    0,   -7,   -7,   -7,   -7,   -7,   -8,   -7,   -7,   -7,   -7,   -7,   -7,   -7,   -1,    0,    0,    0,    0,   -1,   -8,    0,    0,    0,   -2,    0,   -7,    0,    0,   -7,   -7,    0,   -7,    0,   -7,   -7,   -7,  -10,   -5,    0,  -10,   -5,
       0,    0,  -24,    0,  -16,   -5,  -19,    0,  -33,   -5,  -33,  -24,    0,    0,    0,    0,    0,    0,    0,    0,    0,    0,   -6,    0,  -13,  -16,    0,    0,    0,    0,    0,    0,    0,    0,    0,    0,    0,    0,    0,    0,  -37,   -7,   -5,  -27,   -5,   -5,   -3,   -9,  -14,    0,   -1,    0,   -5,    0,   -5,    0,   -9,   -3,    0,   -1,   -1,   -8,    0,  -16,   -5,    0,    0,    0,  -17,    0,    0,    0,   -9,   -5,   -5,   -5,   -5,   -5,   -5,   -5,   -5,    0,    0,    0,   -5,   -5,   -5,   -5,   -5,  -14,   -5,   -5,   -5,   -5,   -5,   -5,   -5,   -9,    0,    0,    0,    0,   -1,  -19,   -9,   -9,    0,  -16,    0,   -5,    0,    0,   -5,   -5,    0,   -5,    0,   -5,   -5,   -5,  -12,    0,    0,  -12,    0,
       0,    0,  -22,    0,  -13,    0,  -12,    0,    0,  -12,    0,   -1,    0,    0,    0,    0,    0,    0,    0,    0,    0,    0,    0,    0,    0,   -5,    0,    0,    0,    0,    0,    0,    0,    0,    0,    0,    0,    0,    0,    0,  -28,    0,  -10,   -6,  -10,  -10,   -1,   -6,   -8,    0,    0,    0,  -10,    0,  -10,    0,    0,   -3,   -2,    0,    0,    0,    0,   -2,  -15,    0,    0,   -5,    0,    0,    0,    0,    0,  -10,  -10,  -10,  -10,  -10,  -10,  -10,  -10,    0,    0,    0,  -10,  -10,  -10,  -10,  -10,   -8,  -10,  -10,  -10,  -10,  -10,  -10,  -10,   -6,    0,    0,    0,    0,    0,   -8,    0,    0,    0,   -2,    0,  -10,    0,    0,  -10,  -10,    0,  -10,    0,  -10,  -10,  -10,  -10,   -3,    0,  -10,   -3,
       0,    0,  -14,    0,  -21,   -5,   -7,    0,  -34,   -5,  -34,  -28,    0,    0,    0,    0,    0,    0,    0,    0,    0,    0,   -9,    0,    0,  -19,    0,    0,    0,    0,    0,    0,    0,    0,    0,    0,    0,    0,    0,    0,  -28,  -10,  -13,  -27,  -13,  -13,   -5,  -15,  -14,    0,   -1,    0,  -13,    0,  -27,    0,  -14,    0,   -2,    0,    0,   -6,    0,  -17,   -7,    0,    0,   -7,  -14,    0,    0,    0,   -9,  -13,  -13,  -13,  -13,  -13,  -13,  -13,  -13,    0,    0,    0,  -13,  -13,  -13,  -13,  -13,  -14,  -13,  -13,  -13,  -13,  -13,  -13,  -13,  -15,    0,    0,    0,    0,   -1,  -21,  -14,  -14,    0,  -17,    0,  -13,    0,    0,  -13,  -13,    0,  -13,    0,  -13,  -13,  -13,  -12,    0,    0,  -12,    0,
       0,    0,  -10,    0,  -12,    0,   -5,    0,    0,    0,    0,    0,    0,    0,    0,    0,    0,    0,    0,    0,    0,    0,    0,    0,    0,    0,    0,    0,    0,    0,    0,    0,    0,    0,    0,    0,    0,    0,    0,    0,  -28,    0,   -3,  -11,   -3,   -3,   -2,   -1,   -6,    0,    0,    0,   -3,    0,   -3,    0,   -5,    0,    0,   -1,   -1,   -1,    0,   -3,    0,    0,    0,    0,    0,    0,    0,    0,   -2,   -3,   -3,   -3,   -3,   -3,   -3,   -3,   -3,    0,    0,    0,   -3,   -3,   -3,   -3,   -3,   -6,   -3,   -3,   -3,   -3,   -3,   -3,   -3,   -1,    0,    0,    0,    0,    0,   -8,   -5,   -5,    0,   -3,    0,   -3,    0,    0,   -3,   -3,    0,   -3,    0,   -3,   -3,   -3,   -9,    0,    0,   -9,    0,
       0,    0,    0,    0,    0,    0,    0,    0,    0,    0,    0,    0,    0,    0,    0,    0,    0,    0,    0,    0,    0,    0,    0,    0,    0,    0,    0,   -5,    0,    0,    0,    0,    0,   -9,    0,  -14,  -14,    0,  -14,    0,    0,    0,   -6,   -1,   -6,   -6,    0,    0,   -1,    0,    0,    0,   -6,    0,   -6,    0,    0,    0,    0,    0,    0,    0,    0,    0,    0,    0,    0,    0,    0,    0,    0,    0,    0,   -6,   -6,   -6,   -6,   -6,   -6,   -6,   -6,    0,    0,    0,   -6,   -6,   -6,   -6,   -6,   -1,   -6,   -6,   -6,   -6,   -6,   -6,   -6,    0,    0,    0,    0,    0,    0,   -1,    0,    0,   -9,    0,    0,   -6,    0,    0,   -6,   -6,    0,   -6,    0,   -6,   -6,   -6,    0,    0,    0,    0,    0,
       0,    0,    0,    0,    0,    0,    0,    0,    0,    0,    0,    0,    0,    0,    0,    0,    0,    0,    0,    0,    0,    0,    0,    0,    0,    0,    0,    0,    0,    0,    0,    0,    0,   -5,   -5,  -14,   -2,    0,  -23,    0,    0,    0,    0,    0,    0,    0,    0,    0,    0,    0,    0,    0,    0,    0,    0,    0,    0,    0,    0,    0,    0,   -2,    0,    0,    0,    0,    0,    0,    0,    0,    0,    0,    0,    0,    0,    0,    0,    0,    0,    0,    0,    0,    0,    0,    0,    0,    0,    0,    0,    0,    0,    0,    0,    0,    0,    0,    0,    0,    0,    0,    0,    0,    0,    0,    0,    0,   -5,    0,    0,    0,    0,    0,    0,    0,    0,    0,    0,    0,    0,    0,    0,    0,    0,    0,    0,
       0,    0,    0,    0,    0,    0,    0,    0,    0,    0,    0,    0,    0,    0,  -19,  -15,   -6,  -12,    0,  -43,    0,   -9,    0,    0,    0,    0,  -19,    0,    0,    0,   -6,    0,    0,  -23,    0,  -28,  -19,  -28,  -33,  -14,    0,    0,    0,   -2,    0,    0,   -6,    0,   -2,    0,    0,    0,    0,    0,    0,    0,    0,    0,    0,    0,    0,   -9,    0,   -5,    0,    0,    0,    0,    0,    0,  -19,    0,   -9,    0,    0,    0,    0,    0,    0,    0,    0,    0,    0,    0,    0,    0,    0,    0,    0,   -2,    0,    0,    0,    0,    0,    0,    0,    0,    0,    0,    0,    0,    0,   -2,    0,    0,  -23,   -5,    0,    0,    0,    0,    0,    0,    0,    0,    0,    0,    0,    0,    0,    0,    0,    0,    0,
       0,    0,    0,    0,    0,    0,    0,    0,  -37,    0,  -37,    0,    0,    0,    0,    0,    0,    0,    0,    0,    0,    0,    0,    0,    0,    0,   -9,    0,    0,   -1,    0,    0,   -2,  -26,   -5,  -28,  -21,  -17,  -30,   -5,    0,    0,    0,    0,    0,    0,    0,    0,    0,    0,    0,    0,    0,    0,    0,    0,    0,   -2,    0,   -5,   -5,  -17,   -2,    0,    0,    0,    0,    0,    0,   -9,   -9,    0,    0,    0,    0,    0,    0,    0,    0,    0,    0,    0,    0,    0,    0,    0,    0,    0,    0,    0,    0,    0,    0,    0,    0,    0,    0,    0,    0,    0,    0,   -1,    0,    0,    0,    0,  -26,    0,    0,    0,    0,    0,    0,    0,    0,    0,    0,    0,    0,    0,    0,    0,    0,    0,    0,
       0,    0,    0,    0,    0,    0,    0,    0,    0,    0,    0,    0,    0,    0,    0,    0,    0,    0,    0,    0,    0,    0,    0,    0,    0,    0,    0,   -9,    0,    0,    0,    0,   -5,  -14,  -14,  -23,  -21,    0,  -26,    0,    0,    0,   -6,   -6,   -6,   -6,    0,    0,   -6,    0,    0,   -5,   -6,   -5,   -6,   -5,   -5,   -8,   -6,   -5,   -5,    0,    0,    0,   -7,    0,    0,    0,   -5,    0,    0,    0,    0,   -6,   -6,   -6,   -6,   -6,   -6,   -6,   -6,    0,    0,    0,   -6,   -6,   -6,   -6,   -6,   -6,   -6,   -6,   -6,   -6,   -6,   -6,   -6,    0,    0,    0,    0,    0,    0,   -6,   -5,   -5,  -14,    0,    0,   -6,    0,    0,   -6,   -6,   -5,   -6,    0,   -6,   -6,   -6,  -22,  -19,    0,  -22,  -19,
       0,    0,    0,    0,    0,    0,  -23,    0,    0,    0,    0,    0,    0,    0,    0,    0,    0,    0,    0,    0,    0,    0,    0,    0,    0,    0,    0,   -6,    0,   -8,    0,    0,    0,  -65,   -7,  -72,  -70,    0,  -67,    0,    0,    0,    0,    0,    0,    0,    0,    0,    0,    0,    0,    0,    0,    0,    0,    0,    0,    0,    0,    0,    0,    0,    0,    0,    0,    0,    0,    0,    0,    0,    0,    0,    0,    0,    0,    0,    0,    0,    0,    0,    0,    0,    0,    0,    0,    0,    0,    0,    0,    0,    0,    0,    0,    0,    0,    0,    0,    0,    0,    0,    0,   -8,    0,    0,    0,    0,  -65,    0,    0,    0,    0,    0,    0,    0,    0,    0,    0,    0,    0,    0,    0,    0,    0,    0,    0,
       0,    0,  -19,    0,   -7,    5,   -5,    0,  -26,    0,  -26,  -16,    0,    0,    0,    0,    0,    0,    0,    0,    0,    0,    0,    0,   -6,   -9,  -44,    0,    0,  -16,  -23,   -2,   -6,  -21,   -4,  -31,  -10,  -21,  -18,  -14,  -23,    0,   -2,   -2,   -2,   -2,   -3,   -2,   -2,    0,   -2,    0,   -2,    0,   -2,    0,   -1,    0,    0,    0,    0,   -3,    0,  -10,    0,    0,    0,    0,    0,    0,  -44,    0,    0,   -2,   -2,   -2,   -2,   -2,   -2,   -2,   -2,    0,    0,    0,   -2,   -2,   -2,   -2,   -2,    0,   -2,   -2,   -2,   -2,   -2,   -2,   -2,   -2,    0,    0,    0,   -7,   -2,   -2,   -1,   -1,  -21,  -10,    0,   -2,    0,    0,   -2,   -2,    0,   -2,    0,   -2,   -2,   -2,   -9,   -9,    0,   -9,   -9,
       0,    0,  -19,    0,   -7,    5,   -5,    0,  -26,    0,  -26,  -16,    0,    0,    0,    0,    0,    0,    0,    0,    0,    0,    0,    0,   -6,   -9,  -18,    0,    0,  -16,  -23,   -2,   -6,   -9,   -4,  -14,  -10,  -21,  -18,  -14,  -23,    0,   -2,   -2,   -2,   -2,   -3,   -2,   -2,    0,   -2,    0,   -2,    0,   -2,    0,   -1,    0,    0,    0,    0,   -3,    0,  -10,    0,    0,    0,    0,    0,    0,  -44,    0,    0,   -2,   -2,   -2,   -2,   -2,   -2,   -2,   -2,    0,    0,    0,   -2,   -2,   -2,   -2,   -2,    0,   -2,   -2,   -2,   -2,   -2,   -2,   -2,   -2,    0,    0,    0,   -7,   -2,   -2,   -1,   -1,   -9,  -10,    0,   -2,    0,    0,   -2,   -2,    0,   -2,    0,   -2,   -2,   -2,   -9,   -9,    0,   -9,   -9,
       0,    0,    0,    0,    0,    0,    0,    0,    0,    0,    0,    0,    0,  -12,  -27,  -28,  -23,  -23,   -5,  -42,   -2,  -14,    0,    0,    0,    0,    0,    0,    0,    0,    0,    0,    0,    0,    0,    0,    0,    0,    0,    0,    0,    0,    0,    0,    0,    0,    0,    0,    0,    0,    0,    0,    0,    0,    0,    0,    0,    0,    0,    0,    0,    0,    0,    0,    0,    0,    0,    0,    0,    0,    0,    0,    0,    0,    0,    0,    0,    0,    0,    0,    0,    0,    0,    0,    0,    0,    0,    0,    0,    0,    0,    0,    0,    0,    0,    0,    0,    0,    0,    0,    0,    0,    0,    0,    0,    0,    0,    0,    0,    0,    0,    0,    0,    0,    0,    0,    0,    0,    0,    0,    0,    0,    0,    0,    0,
       0,    0,    0,    0,    0,    0,  -14,    0,    0,    0,    0,  -20,    0,    0,    0,    0,    0,    0,    0,    0,    0,    0,    0,    0,    0,    0,  -49,   15,    0,   -9,    0,    0,    0,   -9,   -3,  -50,  -39,  -27,  -65,  -26,    0,    0,   -3,   -3,   -3,   -3,    0,   -2,   -3,    0,    0,    0,   -3,    0,   -3,    0,   -2,    0,    0,    0,    0,   -3,    0,   -6,    0,    0,    0,    0,    0,    0,  -49,    0,    0,   -3,   -3,   -3,   -3,   -3,   -3,   -3,   -3,    0,    0,    0,   -3,   -3,   -3,   -3,   -3,   -3,   -3,   -3,   -3,   -3,   -3,   -3,   -3,   -2,    0,    0,    0,   -9,    0,   -3,   -2,   -2,   -9,   -6,    0,   -3,    0,    0,   -3,   -3,    0,   -3,    0,   -3,   -3,   -3,    0,   -9,    0,    0,   -9,
       0,    0,    0,    0,    0,    0,    0,    0,    0,    0,    0,    0,    0,    0,    0,    0,    0,    0,    0,    0,    0,    0,    0,    0,    0,    0,    0,    0,    0,    0,    0,    0,    0,    0,    0,    0,    0,    0,    0,    0,    0,    0,    0,    0,    0,    0,   -7,    0,    0,    0,   -7,    0,    0,    0,    0,    0,   -2,   -7,   -5,   -8,   -8,   -2,  -14,   -9,    0,    0,    0,    0,    0,    0,    0,    0,    0,    0,    0,    0,    0,    0,    0,    0,    0,    0,    0,    0,    0,    0,    0,    0,    0,    0,    0,    0,    0,    0,    0,    0,    0,    0,    0,    0,    0,    0,   -7,    0,   -2,   -2,    0,   -9,    0,    0,    0,    0,    0,    0,    0,    0,    0,    0,    0,    0,    0,    0,    0,    0,    0,
       2,    0,  -28,    0,   -8,    0,  -26,    0,    0,    0,    0,    0,    0,    0,    0,    0,    0,    0,    0,    0,    0,    0,    0,    0,  -21,    0,    0,    0,    0,    0,    0,    0,    0,  -19,    0,    0,    0,    0,    0,    0,  -36,    0,   -1,   -8,   -1,   -1,  -17,    0,   -3,    0,   -6,    0,   -1,   -2,   -1,    0,    0,   -8,   -1,  -16,  -16,    0,   -6,   -1,   -6,    0,    0,    0,    0,    0,    0,    0,    0,   -1,   -1,   -1,   -1,   -1,   -1,   -1,   -1,    0,    0,    0,   -1,   -1,   -1,   -1,   -1,   -3,   -1,   -1,   -1,   -1,   -1,   -1,   -1,    0,    0,    0,    0,    0,   -6,   -6,    0,    0,  -19,   -1,    0,   -1,    0,    0,   -1,   -1,    0,   -1,    0,   -1,   -1,   -1,  -63,  -19,    0,  -33,  -19,
       2,    0,  -28,    0,   -8,    0,  -26,    0,    0,    0,    0,    0,    0,    0,    0,    0,    0,    0,    0,    0,    0,    0,    0,    0,  -21,    0,    0,    0,    0,    0,    0,    0,    0,  -19,    0,    0,    0,    0,    0,    0,  -36,    0,   -1,   -8,   -1,   -1,   -6,    0,   -3,    0,   -6,    0,   -1,   -2,   -1,    0,    0,   -8,   -1,  -15,  -15,    0,   -6,   -1,   -6,    0,    0,    0,    0,    0,    0,    0,    0,   -1,   -1,   -1,   -1,   -1,   -1,   -1,   -1,    0,    0,    0,   -1,   -1,   -1,   -1,   -1,   -3,   -1,   -1,   -1,   -1,   -1,   -1,   -1,    0,    0,    0,    0,    0,   -6,   -6,    0,    0,  -19,   -1,    0,   -1,    0,    0,   -1,   -1,    0,   -1,    0,   -1,   -1,   -1,  -63,  -19,    0,  -33,  -19,
       0,    0,  -26,    0,   -9,    0,  -23,    0,   -5,    0,   -5,   -5,    0,    0,    0,    0,    0,    0,    0,    0,    0,    0,    0,    0,   -3,   -8,    0,    0,    0,    0,    0,    0,    0,  -16,    0,    0,    0,    0,    0,    0,  -34,    0,  -15,   -8,   -7,   -7,   -2,   -6,   -8,    0,    0,    0,   -7,    0,   -7,    0,   -3,   -2,    0,    0,    0,   -2,    0,   -8,    0,    0,    0,    0,    0,    0,    0,    0,    0,   -7,   -7,   -7,   -7,   -7,   -7,   -7,   -7,    0,    0,    0,   -7,   -7,   -7,   -7,   -7,   -8,   -7,   -7,   -7,   -7,   -7,   -7,   -7,   -6,    0,    0,    0,    0,    0,   -9,   -3,   -3,  -16,   -8,    0,   -7,    0,    0,   -7,   -7,    0,   -7,    0,   -7,   -7,   -7,  -21,  -14,    0,  -21,  -14,
       0,    0,  -37,    0,  -12,   -5,  -33,    0,   -6,    0,   -6,  -19,    0,    0,    0,    0,    0,    0,    0,    0,    0,    0,    0,    0,  -19,   -5,    0,    0,    0,    0,    0,    0,    0,  -12,    0,    0,    0,    0,    0,    0,  -37,    0,   -6,  -22,   -4,   -4,   -7,   -2,   -9,   -5,   -8,   -2,   -4,   -7,   -4,   -2,   -7,   -8,   -5,   -5,   -5,  -13,   -6,  -14,    0,    0,    0,    0,    0,    0,    0,    0,   -9,   -4,   -4,   -4,   -4,   -4,   -4,   -4,   -4,   -5,   -5,   -5,   -4,   -4,   -4,   -4,   -4,   -9,   -4,   -4,   -4,   -4,   -4,   -4,   -4,   -2,   -5,   -5,   -5,    0,   -8,   -9,   -7,   -7,  -12,  -14,   -5,   -4,   -5,   -5,   -4,   -4,   -2,   -4,   -5,   -4,   -4,   -4,  -31,  -20,    0,  -31,  -20,
       0,    0,  -19,    0,   -7,    5,   -5,    0,  -26,    0,  -26,  -16,    0,    0,    0,    0,    0,    0,    0,    0,    0,    0,    0,    0,   -6,   -9,  -18,    0,    0,  -16,  -23,   -2,   -6,  -21,   -4,  -31,  -10,  -21,  -18,  -14,  -23,    0,   -2,   -2,   -2,   -2,   -3,   -2,   -2,    0,   -2,    0,   -2,    0,   -2,    0,   -1,    0,    0,    0,    0,   -3,    0,  -10,    0,    0,    0,    0,    0,    0,  -44,    0,    0,   -2,   -2,   -2,   -2,   -2,   -2,   -2,   -2,    0,    0,    0,   -2,   -2,   -2,   -2,   -2,    0,   -2,   -2,   -2,   -2,   -2,   -2,   -2,   -2,    0,    0,    0,   -7,   -2,   -2,   -1,   -1,  -21,  -10,    0,   -2,    0,    0,   -2,   -2,    0,   -2,    0,   -2,   -2,   -2,   -9,   -9,    0,   -9,   -9,
       0,    0,  -16,    0,   -3,    0,   -5,  -21, -123, -123, -123,  -41,    0,    0,    0,    0,    0,    0,    0,    0,    0,    0,  -93,  -21,  -19,    0,    0,    0,    0,    0,    0,    0,    0,    0,    0,    0,    0,    0,    0,    0,    0,    0,  -58,   -1,  -58,  -58,   -3, -102,   -1,  -25,  -31,  -28,  -58,  -68, -116,  -58,  -55,  -24,  -31,  -33,  -33,  -35,  -23,  -84,  -88,    0,    0,  -21,  -63,    0,    0,    0,    0,  -58,  -58,  -58,  -58,  -58,  -58,  -58,  -58,  -25,  -25,  -25,  -58,  -58,  -58,  -58,  -58,   -1,  -58,  -58,  -58, -111,  -58,  -58, -111,  -41,  -25,  -25,  -25,    0,  -31,    5,  -55, -102,    0,  -84,  -25,  -58,  -25,  -25,  -58,  -58,  -28,  -58,  -25,  -58,  -58,  -58,  -44,  -20,    0,  -44,  -20,
       0,    0,  -44,    0,    0,    0,  -47,    0,    0,    0,    0,    0,    0,    0,    0,    0,    0,    0,    0,    0,    0,    0,    0,    0,  -30,    0,    0,   -7,    0,  -11,   -5,    0,   -1,  -38,  -14,  -43,  -40,    0,  -47,   -7,  -44,    0,   -1,  -16,   -1,   -1,   -8,    0,   -7,   -6,   -6,   -7,   -1,   -7,   -1,   -7,   -2,   -9,   -7,   -8,   -8,   -1,  -16,   -6,    0,    0,    0,   -3,    0,    0,    0,    0,    0,   -1,   -1,   -1,   -1,   -1,   -1,   -1,   -1,   -6,   -6,   -6,   -1,   -1,   -1,   -1,   -1,  -14,   -1,   -1,   -1,   -1,   -1,   -1,   -1,    0,   -6,   -6,   -6,  -11,   -6,   -7,   -2,   -2,  -38,   -6,   -6,   -1,   -6,   -6,   -1,   -1,   -7,   -1,   -6,   -1,   -1,   -1,  -54,  -44,    0,  -54,  -78,
       0,    0,  -44,    0,    0,    0,  -47,    0,    0,    0,    0,    0,    0,    0,    0,    0,    0,    0,    0,    0,    0,    0,    0,    0,   -7,    0,    0,   -7,    0,  -11,   -5,    0,   -1,  -50,  -14,  -50,  -43,    0,  -54,   -7,  -44,    0,   -1,  -16,   -1,   -1,   -8,    0,   -7,   -6,   -6,   -7,   -1,   -7,   -1,   -7,   -2,   -9,   -7,   -8,   -8,   -1,  -16,   -6,    0,    0,    0,   -3,    0,    0,    0,    0,    0,   -1,   -1,   -1,   -1,   -1,   -1,   -1,   -1,   -6,   -6,   -6,   -1,   -1,   -1,   -1,   -1,  -14,   -1,   -1,   -1,   -1,   -1,   -1,   -1,    0,   -6,   -6,   -6,  -11,   -6,   -7,   -2,   -2,  -53,   -6,   -6,   -1,   -6,   -6,   -1,   -1,   -7,   -1,   -6,   -1,   -1,   -1,  -72,  -69,    0,  -70,  -69,
       0,    0,  -16,    0,   -3,    0,   -5,  -20, -122, -122, -122,  -41,    0,    0,    0,    0,    0,    0,    0,    0,    0,    0,  -92,  -20,  -19,    0,    0,    0,    0,    0,    0,    0,    0,    0,    0,    0,    0,    0,    0,    0,    0,    0,  -58,   -1, -115, -115,   -3, -101,   -1,  -27,  -32,  -28,  -58,  -66, -115,  -57,  -55,  -24,  -31,  -72,  -73,  -34,  -57,  -82,  -87,    0,    0,  -20,  -62,    0,    0,    0,    0,  -58,  -58,  -58,  -58,  -58,  -58,  -58,  -58,  -27,  -27,  -27,  -58,  -58,  -58,  -58,  -58,   -1,  -58,  -58,  -58, -111,  -58,  -58, -111,  -41,  -27,  -27,  -27,    0,  -32,    5,  -55, -102,    0,  -82,  -27,  -58,  -27,  -27,  -58,  -58,  -28,  -58,  -27,  -58,  -58,  -58,  -42,  -20,    0,  -42,  -20,
       0,    0,  -16,    0,   -3,    0,   -5,  -21,  -21,  -21,  -21,    0,    0,    0,    0,    0,    0,    0,    0,    0,    0,    0,  -21,  -21,   -5,    0,    0,    0,    0,    0,    0,    0,    0,    0,    0,    0,    0,    0,    0,    0,    0,    0,   -3,   -1,   -3,   -3,   -3,    0,   -1,    0,   -3,   14,   -3,   14,   -3,   14,    0,   -2,   -2,   -3,   -3,    0,   12,    0,   -5,    0,    0,  -21,    1,    0,    0,    0,    0,   -3,   -3,   -3,   -3,   -3,   -3,   -3,   -3,    0,    0,    0,   -3,   -3,   -3,   -3,   -3,   -1,   -3,   -3,   -3,   -3,   -3,   -3,   -3,    0,    0,    0,    0,    0,   -3,    5,    0,    0,    0,    0,    0,   -3,    0,    0,   -3,   -3,   14,   -3,    0,   -3,   -3,   -3,  -19,  -15,    0,  -19,  -15,
       0,    0,   -9,    0,   -5,    0,   -7,    0,   -9,    0,   -9,   -5,    0,    0,    0,    0,    0,    0,    0,    0,    0,    0,    0,    0,    0,    0,   -8,    0,   -1,   -6,  -17,    0,   -2,   -8,   -3,   -7,   -3,   -5,   -8,   -7,    0,    0,    0,   -2,    0,    0,   -8,    0,   -2,   -2,   -2,   -2,    0,   -2,    0,   -2,   -1,   -6,   -1,   -6,   -6,   -8,   -3,   -7,    0,    0,    0,    0,    0,    0,   -8,    0,    0,    0,    0,    0,    0,    0,    0,    0,    0,   -2,    2,   -2,    0,    0,    0,    0,    0,   -2,    0,    0,    0,    0,    0,    0,    0,    0,   -2,   -2,   -2,   -6,   -2,   -2,   -1,   -1,   -8,   -7,   -2,    0,   -2,   -2,    0,    0,   -2,    0,   -2,    0,    0,    0,    0,    0,    0,    0,    0,
       0,    0,    0,    0,   -9,    0,  -14,    0,  -14,  -27,  -14,  -27,    0,    0,    0,    0,    0,    0,    0,    0,    0,    0,    0,    0,  -30,   -1,    0,    0,    0,    0,    0,    0,    0,    0,    0,    0,    0,    0,    0,    0,    0,    0,  -12,   13,  -12,  -12,   -3,   -1,    6,    0,    0,   -6,  -12,   -6,  -12,   -6,   -8,   -8,  -10,   -1,   -1,    0,    0,   -5,  -15,    0,    0,   -5,   -2,    0,    0,    0,    0,  -12,  -12,  -12,  -12,  -12,  -12,  -12,  -12,    0,    0,    0,  -12,  -12,  -12,  -12,  -12,    6,  -12,  -12,  -12,  -21,  -12,  -12,  -12,   -1,    0,    0,    0,    0,    0,    6,   -8,  -11,    0,   -5,    0,  -12,    0,    0,  -12,  -12,   -6,  -12,    0,  -12,  -12,  -12,  -10,  -14,    0,  -10,  -14,
       0,    0,    0,    0,    0,    0,    0,    0,  -70,  -52,  -70,  -37,    0,    0,    0,    0,    0,    0,    0,    0,    0,    0,    0,    0,    0,    0,  -64,  -24,    0,    0,   -3,    0,  -13,    0,    0,    2,    0,    0,    2,  -14,    0,    0,  -51,    2,  -51,  -51,  -20,  -54,    2,    0,    0,  -14,  -51,  -14,  -51,  -14,  -50,  -14,  -15,  -10,  -10,  -22,  -10,  -31,  -43,    0,    0,    0,  -33,    0,  -64,    0,    0,  -51,  -51,  -51,  -51,  -51,  -51,  -51,  -51,    0,    0,    0,  -51,  -51,  -51,  -51,  -51,    2,  -51,  -51,  -51,  -51,  -51,  -51,  -51,  -54,    0,    0,    0,    0,    0,    2,  -50,  -50,    0,  -31,    0,  -51,    0,    0,  -51,  -51,  -14,  -51,    0,  -51,  -51,  -51,    0,    0,    0,    0,    0,
       0,    0,    0,    0,    0,    0,    0,    0,  -51,   -9,  -51,  -35,    0,    0,    0,    0,    0,    0,    0,    0,    0,    0,  -17,    0,    1,   -8,    0,    0,    0,    0,    0,    0,    0,    0,    0,    0,    0,    0,    0,    0,   -2,    0,  -27,    0,  -27,  -27,    0,  -12,    0,    4,    0,    1,  -27,    1,  -27,    1,  -17,    0,    5,    2,    2,   -1,    5,   -7,  -28,    0,    0,    0,  -10,    0,    0,    0,    0,  -27,  -27,  -27,  -27,  -27,  -27,  -27,  -27,    4,    4,    4,  -27,  -27,  -27,  -27,  -27,    0,  -27,  -27,  -27,  -27,  -27,  -27,  -27,  -12,    4,    4,    4,    0,    0,    0,  -17,  -17,    0,   -7,    4,  -27,    4,    4,  -27,  -27,    1,  -27,    4,  -27,  -27,  -27,    1,    2,    0,    1,    2,
       0,    0,    0,    0,    0,    0,    1,    0,  -65,  -51,  -65,  -42,    0,    0,    0,    0,    0,    0,    0,    0,    0,    0,  -26,    0,    2,    0,  -49,  -17,    0,    0,   -7,    0,  -10,    0,    0,    5,    0,    0,    0,   -6,    0,    0,  -50,    0,  -50,  -50,  -14,  -56,    0,    0,    0,   -3,  -50,   -3,  -50,   -3,  -42,  -10,   -9,   -3,   -3,  -14,   -2,  -27,  -47,    5,    0,    0,  -23,    0,  -49,    0,    0,  -50,  -50,  -50,  -50,  -50,  -50,  -50,  -50,    0,    0,    0,  -50,  -50,  -50,  -50,  -50,    0,  -50,  -50,  -50,  -50,  -50,  -50,  -50,  -56,    0,    0,    0,    0,    0,    0,  -42,  -42,    0,  -27,    0,  -50,    0,    0,  -50,  -50,   -3,  -50,    0,  -50,  -50,  -50,    0,    0,    0,    0,    0,
       0,    0,    0,    0,   -6,    0,    0,    0,  -47,  -37,  -47,  -28,    0,    0,    0,    0,    0,    0,    0,    0,    0,    0,  -21,    0,    1,  -47,    0,    0,    0,    0,    0,    0,    0,    0,    0,    0,    0,    0,    0,    0,    0,    0,  -28,    0,  -28,  -28,    0,  -14,    0,    0,    0,    5,  -28,    5,  -28,    5,  -19,    0,    5,    1,    1,    0,    0,  -16,  -42,    0,    0,    0,  -16,    0,    0,    0,    0,  -28,  -28,  -28,  -28,  -28,  -28,  -28,  -28,    0,    0,    0,  -28,  -28,  -28,  -28,  -28,    0,  -28,  -28,  -28,  -28,  -28,  -28,  -28,  -14,    0,    0,    0,    0,    0,    0,  -19,  -19,    0,  -16,    0,  -28,    0,    0,  -28,  -28,    5,  -28,    0,  -28,  -28,  -28,    0,    0,    0,    0,    0,
       0,    0,    0,    0,    0,    0,  -23,    0,    0,    0,    0,    0,    0,    0,    0,    0,    0,    0,    0,    0,    0,    0,    0,    0,    0,    0,    0,   -6,    0,   -8,    0,    0,    0,  -33,   -7,  -36,  -35,    0,  -34,    0,    0,    0,    0,    0,    0,    0,    0,    0,    0,    0,    0,    0,    0,    0,    0,    0,    0,    0,    0,    0,    0,    0,    0,    0,    0,    0,    0,    0,    0,    0,    0,    0,    0,    0,    0,    0,    0,    0,    0,    0,    0,    0,    0,    0,    0,    0,    0,    0,    0,    0,    0,    0,    0,    0,    0,    0,    0,    0,    0,    0,    0,   -8,    0,    0,    0,    0,  -33,    0,    0,    0,    0,    0,    0,    0,    0,    0,    0,    0,    0,    0,    0,    0,    0,    0,    0,
       0,    0,    0,    0,    0,    0,    0,    0,  -51,    0,  -51,    0,    0,    0,    0,    0,    0,    0,    0,    0,    0,    0,    0,    0,    0,    0,  -44,   -7,    0,   -4,   -9,    0,   -2,    0,    0,    0,    0,    0,    0,    0,    0,    0,  -20,   16,  -20,  -20,   -2,  -26,   16,    7,    0,    0,  -20,    0,  -20,    0,  -23,   -2,    0,    0,    0,   -2,    0,   -5,    0,    0,    0,    0,    0,  -23,  -44,    0,    0,  -20,  -20,  -20,  -20,  -20,  -20,  -20,  -20,   30,   30,   45,  -20,  -20,  -20,  -20,  -20,   16,  -20,  -20,  -20,  -20,  -20,  -20,  -20,  -26,   28,   35,   37,   -4,   14,   16,  -23,  -23,    0,   -5,   37,  -22,   69,   27,  -12,  -20,    0,  -20,   33,  -20,  -20,  -20,    0,    0,  -16,    0,    0,
       0,    0,    0,    0,    0,    0,    0,    0,  -51,    0,  -51,    0,    0,    0,    0,    0,  -23,    0,    0,    0,    0,    0,    0,    0,    0,    0,  -47,  -28,    0,    0,    0,    0,  -14,    0,    0,    0,    0,    0,    0,  -13,    0,    0,  -48,    5,  -48,  -48,  -16,  -48,    5,    4,    0,   -9,  -48,   -9,  -48,   -9,  -43,   -9,  -19,  -16,  -16,  -19,    0,  -28,    0,    0,    0,    0,    0,  -28,  -47,    0,    0,  -48,  -48,  -48,  -48,  -48,  -48,  -48,  -48,    4,   18,   36,  -48,  -48,  -48,  -48,  -48,    5,  -48,  -48,  -48,  -48,  -48,  -48,  -48,  -48,   16,   20,   16,    0,   14,    5,  -43,  -43,    0,  -28,   18,  -62,   61,   19,  -56,  -48,   -5,  -48,   17,  -48,  -48,  -48,    0,    0,    0,    0,    0,
       0,    0,    0,    0,    0,    0,    0,    0,    0,    0,    0,    0,    0,    0,    0,    0,    0,    0,    0,  -33,    0,    0,    0,    0,  -14,    0,    0,  -10,    0,    0,    0,    0,    0,  -43,   -2,  -47,  -35,    0,  -47,    0,    0,    0,   -2,  -14,   -2,   -2,    0,    0,   -2,   -7,    0,   -2,   -2,   -2,   -2,   -2,    0,  -12,   -9,  -14,  -14,    0,   -7,    0,    0,    0,    0,    0,    0,    0,    0,    0,    0,   -2,   -2,   -2,   -2,   -2,   -2,   -2,   -2,   -7,   -7,   -7,   -2,   -2,   -2,   -2,   -2,   -2,   -2,   -2,   -2,   -2,   -2,   -2,   -2,    0,   -7,   -7,   -7,    0,    0,   -2,    0,    0,  -43,    0,   -7,   -2,   -7,   -7,   -2,   -2,   -2,   -2,   -7,   -2,   -2,   -2,    0,    0,    0,    0,    0,
};

static const EpdLigaturePair literata_14_bolditalicLigaturePairs[] = {
    { 0x00660069, 0xFB01 }, // f i -> U+FB01
    { 0x0066006C, 0xFB02 }, // f l -> U+FB02
};

static const EpdFontData literata_14_bolditalic = {
    literata_14_bolditalicBitmaps,
    literata_14_bolditalicGlyphs,
    literata_14_bolditalicIntervals,
    40,
    43,
    35,
    -9,
    true,
    literata_14_bolditalicGroups,
    9,
    nullptr,
    literata_14_bolditalicKernLeftClasses,
    literata_14_bolditalicKernRightClasses,
    literata_14_bolditalicKernMatrix,
    420,
    408,
    95,
    125,
    literata_14_bolditalicLigaturePairs,
    2,
};
