/**
 * generated by fontconvert.py
 * name: sourceserif4_14_italic
 * size: 14
 * mode: 2-bit  compressed: true
 * Command used: fontconvert.py sourceserif4_14_italic 14 ..\builtinFonts\source\SourceSerif4\SourceSerif4-It.ttf --2bit --compress --pnum
 */
#pragma once
#include "EpdFontData.h"

static const uint8_t sourceserif4_14_italicBitmaps[16448] = {
    0x85, 0x59, 0xBD, 0x6F, 0x24, 0x67, 0x19, 0x7F, 0x66, 0x86, 0xF3, 0x9B, 0x64, 0xCE, 0x9E, 0x2B,
    0x22, 0x12, 0xE2, 0x8F, 0x49, 0x91, 0x22, 0x85, 0xD7, 0x73, 0x85, 0x23, 0x16, 0x69, 0x3F, 0xDE,
    0xDC, 0x49, 0xA4, 0x88, 0x10, 0x16, 0xD2, 0x55, 0x11, 0x4A, 0x8A, 0x14, 0x91, 0x10, 0xB2, 0x0B,
    0x17, 0x8E, 0x58, 0xDF, 0x4E, 0x83, 0x52, 0xD0, 0xF8, 0x1F, 0x40, 0x72, 0x4F, 0x81, 0x0B, 0x47,
    0x6C, 0xC4, 0xFA, 0x3C, 0x4A, 0x8A, 0xAB, 0x10, 0x03, 0x9C, 0x94, 0x02, 0x42, 0x26, 0xE0, 0x16,
    0x31, 0x51, 0x26, 0x64, 0x0F, 0xD6, 0x1E, 0x7E, 0xBF, 0xE7, 0x9D, 0x5D, 0xDB, 0x21, 0x09, 0xBB,
    0xFB, 0xBE, 0xBE, 0x9D, 0x9D, 0x79, 0x3E, 0x7F, 0xCF, 0xD7, 0x7B, 0xB2, 0x27, 0x53, 0x6F, 0xE2,
    0x55, 0x7E, 0xE9, 0x97, 0x41, 0x1E, 0x64, 0x78, 0x5B, 0x23, 0x46, 0x6E, 0x08, 0x5F, 0x5D, 0x39,
    0x95, 0x0B, 0x19, 0x48, 0x67, 0x6D, 0x9C, 0x8C, 0x7B, 0xA3, 0x6E, 0xD5, 0x29, 0x3B, 0x45, 0x3B,
    0xBF, 0x6D, 0x6F, 0x89, 0x67, 0x9F, 0x16, 0x09, 0x6C, 0x5B, 0x70, 0xF3, 0xA6, 0xC8, 0x53, 0xB2,
    0x23, 0xB2, 0x28, 0x87, 0x12, 0xD4, 0x75, 0x2D, 0x86, 0x9B, 0xB4, 0xFD, 0x4C, 0x64, 0x33, 0x48,
    0x45, 0x76, 0x02, 0xCB, 0x0D, 0x14, 0x0F, 0x43, 0x91, 0x7E, 0x5D, 0x57, 0xDC, 0x4A, 0xF1, 0xB3,
    0x15, 0x10, 0x49, 0x5F, 0xC4, 0x46, 0x22, 0x46, 0x6E, 0x37, 0x94, 0x44, 0x6E, 0x62, 0x3D, 0x8B,
    0x4B, 0xB5, 0x95, 0xEE, 0x4B, 0x85, 0x94, 0xB7, 0x2B, 0xAF, 0xD8, 0xA9, 0xFC, 0xFC, 0xF0, 0x0D,
    0xBF, 0xC8, 0xC5, 0x2F, 0x41, 0xFA, 0x02, 0x6B, 0x88, 0x15, 0x57, 0x78, 0xFE, 0x02, 0x6B, 0x68,
    0x25, 0x88, 0x52, 0x59, 0x08, 0xD3, 0xF5, 0x27, 0x4D, 0xDA, 0x5B, 0x0C, 0xED, 0xC6, 0xCD, 0x48,
    0xA2, 0x1F, 0x8F, 0xC5, 0xAF, 0x0F, 0x44, 0x5E, 0x00, 0x49, 0x70, 0x21, 0x13, 0x79, 0x40, 0x1E,
    0xC1, 0x87, 0x99, 0xAC, 0x48, 0x78, 0x27, 0xC7, 0xE5, 0x35, 0xAF, 0x90, 0x42, 0x5A, 0x5E, 0x01,
    0xA1, 0x3B, 0x7E, 0x6E, 0x44, 0x3A, 0x41, 0xB6, 0x88, 0xDD, 0x64, 0xED, 0x38, 0xEB, 0x84, 0xF6,
    0xE8, 0xDD, 0xB2, 0xD5, 0xF2, 0xDE, 0xCF, 0x8F, 0xC3, 0x2A, 0xB8, 0x9B, 0xED, 0x89, 0x2C, 0x85,
    0x16, 0x7B, 0x27, 0x12, 0xEC, 0x47, 0x91, 0x1C, 0x8B, 0x97, 0x45, 0x52, 0xC2, 0x26, 0x11, 0x48,
    0x2D, 0x49, 0x14, 0x64, 0xB2, 0x2E, 0xE6, 0x17, 0x16, 0xFA, 0x78, 0x53, 0x91, 0x03, 0xB9, 0x7C,
    0x79, 0x35, 0x8C, 0x12, 0xFD, 0xA8, 0xC4, 0xE3, 0x72, 0x24, 0xB2, 0xCB, 0x6B, 0xBA, 0xB5, 0xD5,
    0xE6, 0xB9, 0x0C, 0xCC, 0xC3, 0x42, 0xAA, 0x08, 0x22, 0xE6, 0x1D, 0x91, 0x0D, 0xDC, 0x16, 0xE5,
    0xE0, 0xE3, 0x95, 0x32, 0xA2, 0x0E, 0x83, 0xF9, 0xD6, 0x07, 0x6F, 0x89, 0xF3, 0x85, 0x82, 0x36,
    0x07, 0xD1, 0xED, 0x09, 0x68, 0x8E, 0xC7, 0xA3, 0xAA, 0x2C, 0x72, 0xAB, 0xBC, 0x3A, 0x02, 0x71,
    0x4C, 0x2A, 0x6B, 0xC2, 0x27, 0x60, 0xF3, 0x5C, 0x20, 0x59, 0x68, 0x05, 0xD4, 0xD7, 0x48, 0x1B,
    0x1C, 0x71, 0xD3, 0xE5, 0x07, 0x5F, 0x5B, 0xFA, 0x13, 0x6E, 0xC0, 0x6D, 0xB8, 0x99, 0x7E, 0x2C,
    0x9D, 0xDD, 0xF4, 0xB5, 0x0E, 0xE5, 0xF1, 0x9B, 0xE8, 0x6F, 0x39, 0xE9, 0xF3, 0xE7, 0x4A, 0x3F,
    0xE0, 0x3F, 0xD2, 0xDD, 0x7D, 0x2D, 0x29, 0x73, 0x30, 0x63, 0x19, 0x2B, 0x83, 0x8A, 0x0F, 0xE1,
    0x1B, 0x18, 0xBD, 0xE1, 0x08, 0xB6, 0x55, 0x4E, 0x2C, 0xD0, 0x5C, 0x19, 0x4A, 0xEF, 0x07, 0x13,
    0xE0, 0x03, 0xE2, 0xC7, 0x58, 0x2F, 0x91, 0xFA, 0x18, 0x4C, 0xD6, 0x61, 0x60, 0xDC, 0xF3, 0x2D,
    0x51, 0xEE, 0x5F, 0xB5, 0x80, 0xBA, 0x8C, 0x82, 0x7F, 0xE5, 0xEF, 0xF4, 0x77, 0x11, 0x96, 0x61,
    0xE9, 0x17, 0x92, 0x07, 0xA9, 0xBA, 0x4D, 0xFA, 0x17, 0xFD, 0x8B, 0x16, 0x40, 0x7E, 0x4A, 0x61,
    0x44, 0x56, 0x1B, 0x39, 0xE8, 0x0B, 0x68, 0xE4, 0xE5, 0xAA, 0x22, 0x65, 0xA5, 0x31, 0x68, 0x16,
    0xFD, 0x19, 0x2E, 0x03, 0x56, 0xD4, 0x2C, 0x44, 0x77, 0xD8, 0x70, 0x58, 0x6F, 0x34, 0xE1, 0x93,
    0x85, 0x7B, 0xD2, 0xA4, 0xEE, 0xC9, 0x19, 0x61, 0x09, 0x61, 0x99, 0xFD, 0x04, 0x46, 0x09, 0x53,
    0x06, 0x5B, 0x64, 0x83, 0x3C, 0x86, 0x7D, 0x5A, 0xEA, 0xE8, 0x20, 0x1F, 0x60, 0x8D, 0xF0, 0xE4,
    0x48, 0x4C, 0x36, 0x91, 0x30, 0xAD, 0x24, 0xB2, 0x13, 0x98, 0x6D, 0x04, 0xDE, 0x03, 0x48, 0xDC,
    0x01, 0xF1, 0xF8, 0x95, 0x4C, 0xCC, 0x39, 0x51, 0x74, 0x00, 0xA8, 0x78, 0xBF, 0xC2, 0x37, 0x18,
    0x37, 0x6D, 0x5C, 0x8A, 0x4F, 0xAC, 0x5E, 0x6D, 0xCD, 0xFC, 0x39, 0x50, 0x8F, 0xA8, 0x2F, 0x6E,
    0x54, 0xB0, 0x51, 0x21, 0x21, 0x82, 0xE5, 0x7B, 0xCB, 0x99, 0x20, 0xE6, 0xE1, 0x1D, 0xEC, 0xF8,
    0x29, 0xA5, 0xD8, 0xF8, 0x97, 0x8A, 0x1D, 0x59, 0x85, 0x01, 0x30, 0x4D, 0xDF, 0xA9, 0x06, 0x1D,
    0xA7, 0x18, 0xF5, 0xA5, 0xAE, 0x08, 0x5F, 0x5D, 0x92, 0x40, 0xA1, 0xB3, 0x6D, 0x3C, 0x15, 0x41,
    0x21, 0xA3, 0x6F, 0x8F, 0x02, 0xA9, 0xD1, 0x20, 0x09, 0x79, 0xF7, 0xF1, 0xD5, 0xAB, 0xC4, 0xD1,
    0x8C, 0xE5, 0x96, 0x2A, 0xC4, 0xB5, 0x01, 0x95, 0x06, 0xD2, 0x5A, 0x28, 0xC5, 0x5C, 0x10, 0xAD,
    0x34, 0x9B, 0x21, 0x43, 0xAC, 0xEF, 0xE2, 0xA1, 0x3F, 0x65, 0x12, 0xBC, 0x93, 0x32, 0xD2, 0xA4,
    0x0D, 0x21, 0x8A, 0x88, 0x7C, 0x20, 0xCE, 0x1A, 0xC4, 0x69, 0xC9, 0x90, 0x29, 0x84, 0xEA, 0xA9,
    0x2B, 0x8F, 0x9D, 0x80, 0xB3, 0x95, 0x68, 0x8E, 0x29, 0x15, 0xB4, 0x4C, 0x28, 0x87, 0x58, 0xA0,
    0x2A, 0x14, 0x05, 0x26, 0xF0, 0x0E, 0x4E, 0xC4, 0xC9, 0x17, 0xD1, 0x83, 0x94, 0x37, 0x7B, 0x1A,
    0x56, 0xEC, 0x42, 0x77, 0x2C, 0x48, 0x86, 0xFD, 0x0E, 0x90, 0x4A, 0x18, 0xCA, 0x32, 0x60, 0x7C,
    0xEE, 0x6E, 0xA5, 0x0A, 0x95, 0x33, 0x4B, 0xD8, 0x38, 0x37, 0xDE, 0xAE, 0x24, 0x39, 0xD8, 0xE7,
    0x13, 0x0C, 0x54, 0x8B, 0x95, 0x76, 0xE6, 0x74, 0x62, 0xEC, 0x5D, 0x09, 0xFF, 0x50, 0x89, 0x77,
    0x9A, 0x2A, 0x0C, 0xA3, 0xBA, 0xCE, 0x23, 0x42, 0x75, 0x8E, 0x9E, 0xD5, 0x06, 0x39, 0x47, 0x97,
    0x98, 0x23, 0xE1, 0x8D, 0xC6, 0xEE, 0xE0, 0xE7, 0xD3, 0x32, 0x8D, 0x67, 0x12, 0x71, 0x5A, 0xCB,
    0x32, 0x6C, 0xFF, 0x5E, 0x82, 0x68, 0x72, 0x60, 0x32, 0xF4, 0x40, 0xCA, 0x3D, 0x82, 0x27, 0xE1,
    0xFF, 0x8B, 0x42, 0x6D, 0xEF, 0x7F, 0x58, 0x82, 0xCB, 0x14, 0xF8, 0xEC, 0x82, 0x4B, 0x0B, 0xD6,
    0xE2, 0xEA, 0x82, 0xF4, 0x9E, 0x24, 0xDF, 0x2F, 0x65, 0x81, 0xB6, 0x67, 0x12, 0xAD, 0xEE, 0xD3,
    0xBE, 0x36, 0xB2, 0x26, 0xA3, 0xA5, 0xD7, 0x9A, 0x15, 0xEB, 0x55, 0xD0, 0xCE, 0xE3, 0xD4, 0xAB,
    0x3F, 0x6E, 0x82, 0xA1, 0xEB, 0x7C, 0x4B, 0xC1, 0x68, 0x17, 0x98, 0x33, 0x84, 0xE8, 0x6F, 0x37,
    0x29, 0x22, 0xC8, 0xC3, 0x32, 0x2A, 0x28, 0xF1, 0xE5, 0x6B, 0x1E, 0x68, 0xB3, 0xB2, 0x72, 0x35,
    0x23, 0x5A, 0x83, 0xD0, 0x34, 0xA5, 0x14, 0x5E, 0x66, 0x6C, 0x4B, 0x9E, 0x6F, 0xAE, 0xD3, 0x3A,
    0x43, 0xA8, 0x0E, 0xE9, 0x12, 0x2B, 0x3E, 0x14, 0x8E, 0x1B, 0x27, 0x24, 0xF8, 0xEB, 0x13, 0x54,
    0x7D, 0xEB, 0x7E, 0x97, 0xFB, 0xCD, 0xFD, 0x22, 0xA7, 0xB0, 0xAE, 0x26, 0x83, 0x2F, 0xBD, 0xAE,
    0x5C, 0x6F, 0xEB, 0x83, 0x60, 0xC8, 0xC7, 0xC2, 0x42, 0x15, 0x88, 0xB9, 0x9B, 0x02, 0x57, 0x40,
    0x0F, 0xEC, 0xDA, 0xEE, 0xA9, 0x04, 0xAE, 0xAB, 0x00, 0x71, 0xC0, 0x0F, 0x86, 0x69, 0x60, 0xBD,
    0xEF, 0xB8, 0x53, 0x8A, 0x73, 0x07, 0x07, 0x43, 0x39, 0x84, 0x05, 0xEC, 0xF2, 0xB5, 0xE1, 0xC4,
    0xD7, 0xA5, 0x19, 0x46, 0x16, 0x00, 0x3E, 0xB0, 0x79, 0xF9, 0xBE, 0xE2, 0x07, 0x06, 0xEA, 0x2A,
    0xEC, 0x89, 0xDA, 0x63, 0x24, 0x94, 0x07, 0x79, 0xDB, 0x58, 0xF3, 0x4A, 0xB6, 0x1E, 0xC9, 0xB3,
    0x26, 0x5B, 0x5F, 0x95, 0x1D, 0x93, 0xAE, 0x74, 0x24, 0x0F, 0xED, 0x3A, 0xCA, 0x69, 0x24, 0xEB,
    0xBB, 0x4C, 0x5D, 0xED, 0xDD, 0xD0, 0xAE, 0xC9, 0xCE, 0x51, 0x08, 0x4B, 0x15, 0x47, 0x91, 0x1D,
    0xFB, 0xD9, 0x71, 0xF8, 0xFE, 0xFE, 0x9A, 0xEC, 0x06, 0x93, 0xF8, 0xCC, 0x65, 0x1A, 0xCD, 0x56,
    0xCE, 0x55, 0x0E, 0x51, 0x78, 0xBD, 0x27, 0xDF, 0x21, 0x6C, 0xEA, 0xB3, 0x2B, 0x22, 0xBA, 0x9B,
    0xC7, 0xBA, 0x33, 0xAB, 0x88, 0xCF, 0xC8, 0x10, 0xD3, 0xE3, 0xBE, 0xD8, 0xE7, 0xBE, 0x42, 0xC4,
    0xC9, 0x26, 0xD5, 0x96, 0x23, 0xDD, 0x73, 0x9A, 0x01, 0xF2, 0xA4, 0xD2, 0xD4, 0x1D, 0xD4, 0x3B,
    0xB0, 0x58, 0xD1, 0x48, 0x6A, 0xEB, 0x7E, 0xA4, 0x78, 0xCD, 0x69, 0x1A, 0xF3, 0x48, 0xCC, 0x99,
    0x0C, 0xCF, 0x61, 0x7F, 0x26, 0xE9, 0x09, 0xA1, 0xB2, 0x6D, 0x71, 0x17, 0xEE, 0x0B, 0x01, 0x2B,
    0x00, 0x08, 0x77, 0x11, 0x76, 0x10, 0x37, 0x62, 0x99, 0x18, 0x30, 0x80, 0x61, 0xD3, 0x1E, 0x2B,
    0x67, 0x97, 0x88, 0xEF, 0x12, 0x65, 0x03, 0x52, 0x1E, 0xBB, 0x0D, 0xFC, 0x26, 0xBC, 0x86, 0x30,
    0x97, 0x85, 0x6A, 0x81, 0x15, 0x83, 0x82, 0x78, 0xA7, 0xF0, 0x4A, 0x7C, 0xB0, 0x4D, 0x95, 0x22,
    0xA2, 0x33, 0xE2, 0xED, 0x4B, 0xEA, 0x33, 0xE9, 0xC9, 0xCC, 0x0F, 0xE3, 0xF9, 0x36, 0x9D, 0x6F,
    0xFA, 0x75, 0xD0, 0xDC, 0xB7, 0x4B, 0xA6, 0xC7, 0xCC, 0x44, 0x28, 0x99, 0x8F, 0x17, 0x98, 0x51,
    0x90, 0x35, 0x21, 0xFD, 0x63, 0xA2, 0x2C, 0x7F, 0x9D, 0xF1, 0x9F, 0x11, 0x8F, 0xA0, 0x7E, 0xA2,
    0x21, 0xD0, 0xD7, 0xE8, 0x4C, 0x74, 0x8F, 0xB5, 0xD6, 0xC5, 0xFA, 0x15, 0x7B, 0x6F, 0xB6, 0xAB,
    0x22, 0xBC, 0x73, 0xA0, 0xB8, 0x1B, 0x37, 0x1F, 0x4F, 0x0B, 0x67, 0x50, 0x30, 0xD4, 0x81, 0xEF,
    0x85, 0xEA, 0xC6, 0x84, 0x29, 0x56, 0x73, 0x62, 0xCD, 0x8C, 0x6D, 0x72, 0x60, 0x24, 0xCC, 0x90,
    0x1C, 0x74, 0x8B, 0x52, 0x94, 0x42, 0xBA, 0x00, 0x64, 0x5F, 0x20, 0x1E, 0x37, 0x49, 0x7A, 0x47,
    0x34, 0xE3, 0x81, 0x4F, 0x41, 0x36, 0x05, 0xB9, 0x1C, 0xCC, 0x55, 0x45, 0xAE, 0x99, 0x10, 0xA3,
    0x28, 0x29, 0xB2, 0xF0, 0xF8, 0xDE, 0xEB, 0xB4, 0xD7, 0x85, 0x92, 0x2F, 0x49, 0xBE, 0xA4, 0x22,
    0x85, 0xDB, 0xA0, 0x4C, 0x3E, 0x23, 0xBF, 0xF9, 0x8D, 0xE4, 0xF3, 0xAB, 0x46, 0x9C, 0x88, 0xCB,
    0x55, 0x20, 0xAF, 0x15, 0x82, 0x98, 0xF3, 0x4E, 0x1F, 0xD3, 0x1D, 0x50, 0x0A, 0x6E, 0x4B, 0xA1,
    0x61, 0x68, 0xE9, 0xF4, 0x6F, 0x72, 0x47, 0x58, 0x97, 0x53, 0x5A, 0x67, 0xCC, 0xDF, 0xF6, 0xC9,
    0xA5, 0xC7, 0x0D, 0xF1, 0x38, 0xA6, 0x3B, 0x26, 0xE2, 0x9F, 0xD3, 0x5E, 0x09, 0xAD, 0x83, 0x0A,
    0x04, 0x25, 0x5E, 0x3B, 0x93, 0xD7, 0x1F, 0x69, 0x15, 0xD4, 0x0F, 0xC4, 0xE7, 0xC7, 0xCE, 0x76,
    0xE7, 0x0B, 0x35, 0x7E, 0xA2, 0x21, 0xE9, 0x34, 0xEF, 0xDD, 0xBB, 0xB7, 0xAF, 0xEC, 0x07, 0xB3,
    0xCF, 0xCC, 0x1D, 0xD4, 0x64, 0xD6, 0xC1, 0x80, 0x15, 0xD4, 0x59, 0x60, 0x31, 0xC9, 0xFA, 0x00,
    0x18, 0x38, 0x2E, 0x9F, 0x5D, 0x61, 0x34, 0xA3, 0x9F, 0xA8, 0x3A, 0xBD, 0x19, 0xC1, 0x39, 0x1D,
    0x7D, 0x9C, 0xB6, 0x08, 0x6A, 0x68, 0xB5, 0x7D, 0xE0, 0xB2, 0x47, 0xD2, 0xAC, 0x5E, 0x63, 0x80,
    0x41, 0xB3, 0xC6, 0x8D, 0x19, 0xAB, 0xA6, 0x8D, 0x68, 0x16, 0x93, 0x6C, 0x90, 0x5F, 0xB6, 0x14,
    0xC8, 0x72, 0x1B, 0xA8, 0xC2, 0x43, 0xDC, 0x9A, 0xE4, 0x8A, 0x11, 0x03, 0x0E, 0xCB, 0x67, 0xDE,
    0xE7, 0x8A, 0x4A, 0xAD, 0x66, 0xA1, 0xD6, 0x36, 0x46, 0x77, 0x64, 0x99, 0x72, 0xA2, 0xBB, 0xAC,
    0x3E, 0xF1, 0x9A, 0x66, 0x34, 0xE6, 0x23, 0xE9, 0x7F, 0xCC, 0x2B, 0x7D, 0x4D, 0xD2, 0xDD, 0x80,
    0x19, 0x68, 0xA0, 0x55, 0x7A, 0xAC, 0xEE, 0x1C, 0xD3, 0xF6, 0x10, 0x26, 0x51, 0x71, 0xD8, 0x56,
    0x3F, 0x96, 0xF8, 0x11, 0x54, 0x49, 0xEB, 0x73, 0x35, 0xBC, 0xD0, 0x10, 0xAE, 0x76, 0xBA, 0x8D,
    0xD9, 0xC0, 0xC1, 0xC6, 0x61, 0x47, 0x1A, 0x25, 0x9D, 0x9F, 0x2F, 0x9D, 0x3D, 0x70, 0xCE, 0xF6,
    0xE6, 0xA8, 0x0C, 0xE7, 0xA8, 0xDC, 0x6E, 0x7C, 0x33, 0xAC, 0x98, 0x58, 0xE4, 0x19, 0x28, 0x18,
    0x3D, 0x92, 0x80, 0x7A, 0xA2, 0xCD, 0x81, 0x58, 0x3F, 0xCB, 0xE4, 0x29, 0x18, 0x09, 0x92, 0x2F,
    0xEE, 0x8B, 0xF7, 0xFB, 0x54, 0x6E, 0xF6, 0xD0, 0xF3, 0x5B, 0x59, 0xE9, 0xCB, 0x53, 0x48, 0x75,
    0x2F, 0x26, 0xB2, 0x12, 0x33, 0x55, 0xD9, 0x4D, 0x70, 0xDE, 0x8C, 0xEC, 0x11, 0xFE, 0xEC, 0x44,
    0x69, 0x06, 0xEE, 0x47, 0xE1, 0xFB, 0x28, 0xEF, 0x52, 0x98, 0x87, 0x14, 0x23, 0x0F, 0x3E, 0x82,
    0x20, 0x5E, 0x16, 0x4C, 0xF1, 0xC7, 0xCF, 0xD0, 0xF9, 0x8C, 0xE5, 0x19, 0x44, 0xD9, 0x8D, 0x73,
    0x7B, 0x3A, 0x95, 0x2C, 0x42, 0xF6, 0x81, 0x49, 0x91, 0xB3, 0xE2, 0x42, 0xBE, 0xFD, 0x48, 0xC2,
    0x8A, 0xED, 0xDE, 0xD2, 0x94, 0x02, 0x2F, 0x9E, 0xA0, 0xC9, 0x27, 0x47, 0x0C, 0x34, 0x2B, 0x31,
    0xC6, 0x25, 0x59, 0x8F, 0x68, 0xEE, 0xB6, 0x29, 0x96, 0x38, 0xF0, 0x94, 0x8B, 0x6C, 0x39, 0x26,
    0xBA, 0x9F, 0xAC, 0x30, 0x13, 0xF6, 0x57, 0xD8, 0x30, 0xC6, 0x6F, 0x31, 0x1F, 0x46, 0x15, 0x9B,
    0x10, 0x14, 0x18, 0x84, 0x30, 0xB8, 0x22, 0x37, 0xC2, 0xD3, 0xFD, 0x0B, 0xED, 0x50, 0x3C, 0x8E,
    0x29, 0xC9, 0xCB, 0x63, 0x67, 0xF7, 0x80, 0x91, 0x18, 0x66, 0xAE, 0xE8, 0x04, 0x79, 0x42, 0x0C,
    0xF4, 0xD8, 0xC5, 0x76, 0x45, 0x5B, 0x45, 0x6C, 0x63, 0x76, 0x05, 0x63, 0xDA, 0x7F, 0x40, 0xFB,
    0x0F, 0x68, 0xF5, 0x2E, 0x6D, 0x9D, 0x68, 0xFE, 0xB3, 0x60, 0x10, 0x9C, 0xB1, 0x8B, 0xA6, 0x41,
    0xE1, 0xB4, 0x33, 0xE6, 0xAE, 0x21, 0xEF, 0x8F, 0x2E, 0x53, 0x2F, 0xD8, 0x58, 0xE6, 0x5F, 0xB6,
    0x5E, 0x31, 0xF3, 0x6A, 0x42, 0xDF, 0xF5, 0xBC, 0x31, 0x23, 0xE5, 0xE0, 0xBA, 0xD3, 0x66, 0x61,
    0x7E, 0x25, 0xD6, 0xED, 0x3C, 0xD6, 0x79, 0x73, 0x4C, 0xE9, 0x47, 0x20, 0xC1, 0xD4, 0x9B, 0x9A,
    0x6F, 0x94, 0x7E, 0x30, 0x97, 0x7E, 0x7C, 0x5D, 0xFA, 0x3E, 0x59, 0xC5, 0x16, 0xD0, 0x37, 0x05,
    0xFA, 0x54, 0x8F, 0x88, 0x6B, 0xE0, 0x95, 0xCE, 0xD0, 0xC6, 0x78, 0x60, 0x43, 0x60, 0x59, 0xD6,
    0x89, 0xF8, 0xF3, 0x26, 0x3B, 0xA3, 0xB6, 0xA4, 0x4E, 0xB7, 0x30, 0x03, 0xAA, 0xA1, 0x60, 0x49,
    0x05, 0x75, 0x2B, 0x66, 0x0A, 0x0E, 0x29, 0x34, 0xAC, 0xD1, 0x63, 0x13, 0xD7, 0x65, 0xE6, 0x1D,
    0x30, 0xD0, 0xC6, 0x54, 0x6C, 0xEA, 0x42, 0x77, 0x9F, 0x0A, 0xF6, 0x08, 0xFB, 0x64, 0x0B, 0x0A,
    0xA2, 0x73, 0x37, 0x50, 0x70, 0xFF, 0x0E, 0xBA, 0x65, 0xAF, 0xC4, 0x04, 0x83, 0x79, 0x59, 0x0A,
    0x3E, 0xC9, 0xAE, 0x59, 0x4B, 0xE7, 0x90, 0xBD, 0x01, 0x43, 0x75, 0xD2, 0x5C, 0xE8, 0x6B, 0x18,
    0xB4, 0xB5, 0x2F, 0x64, 0x51, 0x43, 0x3E, 0x43, 0x84, 0x2D, 0x23, 0x8D, 0xC4, 0x6C, 0x43, 0x5A,
    0x5E, 0x65, 0xD2, 0x8E, 0x57, 0x9A, 0xB4, 0xED, 0x97, 0xC6, 0x6E, 0x62, 0x13, 0xAD, 0x02, 0x4E,
    0x39, 0x2D, 0xDA, 0xE6, 0xFF, 0x87, 0x57, 0x7F, 0x16, 0x5E, 0xDE, 0xFD, 0x2D, 0x76, 0x97, 0x10,
    0x67, 0x58, 0xDB, 0x3E, 0xC2, 0xE7, 0x4C, 0x16, 0xCE, 0x48, 0xCB, 0xD3, 0x19, 0xC1, 0x9F, 0xED,
    0x20, 0x17, 0x68, 0x8E, 0x0C, 0x34, 0x7B, 0x19, 0x37, 0xEA, 0x29, 0xC9, 0x50, 0x69, 0x2E, 0x29,
    0xBD, 0x45, 0x75, 0xFD, 0xCA, 0x6C, 0x40, 0xD4, 0xA2, 0x48, 0x66, 0xA0, 0x1F, 0xE7, 0xDA, 0x32,
    0x6B, 0x16, 0x90, 0xD3, 0x33, 0x6D, 0xAD, 0x64, 0x38, 0x45, 0x42, 0x78, 0xE6, 0x80, 0x86, 0xA7,
    0x16, 0x8B, 0xDC, 0xD6, 0x05, 0x86, 0xDF, 0xA4, 0x89, 0xD0, 0x73, 0x97, 0x90, 0xC3, 0xAB, 0xD8,
    0xF4, 0x56, 0x6C, 0x94, 0x26, 0x1C, 0x24, 0x26, 0x9C, 0x9A, 0xC6, 0x1C, 0xCB, 0x07, 0x1C, 0xAB,
    0xF6, 0xA9, 0x78, 0x3F, 0xBD, 0xAA, 0x95, 0xCE, 0x55, 0xA7, 0x35, 0xF4, 0x3A, 0x05, 0x03, 0xEF,
    0xC4, 0x2E, 0x1F, 0x40, 0x8D, 0x29, 0x99, 0xE4, 0x68, 0x0F, 0x96, 0xF0, 0x27, 0x38, 0x81, 0x98,
    0x41, 0x6E, 0xD8, 0xDF, 0x06, 0xF9, 0x52, 0x0B, 0x81, 0x17, 0x14, 0x2B, 0x1B, 0xE0, 0x19, 0x14,
    0xED, 0x35, 0x06, 0x5A, 0xB1, 0x13, 0x83, 0xAF, 0x5F, 0x14, 0x11, 0x38, 0xFB, 0x9F, 0x66, 0x11,
    0x78, 0x7B, 0x9F, 0xA5, 0x11, 0xB4, 0xF3, 0xBE, 0x90, 0x88, 0x03, 0xC4, 0x85, 0x84, 0xC7, 0xAE,
    0x00, 0x95, 0x0A, 0x70, 0x0E, 0x22, 0xD0, 0x55, 0x1D, 0x50, 0xD0, 0x54, 0xC0, 0xD7, 0x45, 0x88,
    0xBC, 0x10, 0x3F, 0xF2, 0xDE, 0xB3, 0xFC, 0x99, 0xAE, 0x2E, 0x7D, 0x1D, 0x6E, 0xB4, 0xEF, 0x9C,
    0xAC, 0x68, 0x90, 0xE8, 0x24, 0xDF, 0xCB, 0xA5, 0x69, 0x52, 0x5D, 0xCB, 0xAA, 0x19, 0x0C, 0xAF,
    0xDF, 0xF0, 0xBA, 0xF7, 0x01, 0x59, 0x98, 0x97, 0x19, 0x40, 0x8B, 0x1A, 0x4B, 0x6D, 0x8D, 0xAD,
    0x92, 0x0A, 0xC3, 0x65, 0xC3, 0x2D, 0x19, 0x5E, 0xB0, 0x60, 0x9C, 0xD6, 0x41, 0x5D, 0xC0, 0xAA,
    0xFB, 0xF6, 0x8A, 0x19, 0x2B, 0xCE, 0xC1, 0x53, 0x0A, 0x34, 0xA6, 0x05, 0xBB, 0xE4, 0xDA, 0xA3,
    0x05, 0x13, 0xCD, 0xF3, 0xD9, 0x1C, 0x26, 0xF2, 0xD5, 0x59, 0xD8, 0xBB, 0x6F, 0x1B, 0x98, 0x68,
    0x73, 0x01, 0xDC, 0xC7, 0x19, 0xDA, 0x8B, 0x3E, 0xA1, 0x71, 0x82, 0xCD, 0xA3, 0x40, 0x66, 0x4E,
    0x4B, 0x1D, 0xC1, 0x9E, 0x50, 0x8B, 0xC3, 0x97, 0xAE, 0x8F, 0xDD, 0xF5, 0x55, 0x9A, 0xA3, 0x45,
    0x48, 0x75, 0xA4, 0x7F, 0xEF, 0xDE, 0x98, 0xB3, 0x19, 0x93, 0xF6, 0x54, 0x7A, 0x5B, 0xCD, 0x18,
    0xBA, 0x77, 0x39, 0x86, 0xF2, 0x54, 0xA0, 0x60, 0x82, 0x70, 0x67, 0x11, 0xC1, 0xFF, 0x4C, 0xB0,
    0x6B, 0x57, 0x26, 0xD8, 0xAE, 0x95, 0x21, 0x75, 0x6F, 0xE3, 0xDD, 0xC1, 0x7B, 0x1D, 0xEF, 0x15,
    0x30, 0x5C, 0x85, 0xE5, 0x96, 0xD8, 0x77, 0xB2, 0xC3, 0xC3, 0xDB, 0xA0, 0xB9, 0x09, 0x6C, 0x90,
    0xEA, 0x9B, 0x35, 0xB0, 0x3F, 0xE1, 0xBC, 0xDB, 0xB0, 0x73, 0x1C, 0x67, 0xEC, 0xC8, 0xF1, 0x0A,
    0x3B, 0xC7, 0xB1, 0x75, 0xE5, 0x24, 0x64, 0x4F, 0xE7, 0xC9, 0x4A, 0x6E, 0x94, 0x72, 0xEA, 0x66,
    0xCC, 0x5A, 0xFC, 0x3F, 0xDB, 0xE0, 0x83, 0x2C, 0xF2, 0x8A, 0x55, 0x39, 0x86, 0x20, 0xB7, 0xE4,
    0xE9, 0x7E, 0xED, 0xA6, 0xE0, 0x1A, 0x8F, 0xF4, 0x60, 0xE9, 0x10, 0xEC, 0xE1, 0x1B, 0x77, 0xEE,
    0xE2, 0x9D, 0xA3, 0x41, 0x40, 0x62, 0x6A, 0x43, 0xB1, 0x82, 0xBF, 0x44, 0x36, 0x04, 0x27, 0x76,
    0xA2, 0x2D, 0x3D, 0xD1, 0xE9, 0xAA, 0x3A, 0x1D, 0x6F, 0xFA, 0x44, 0x2F, 0x1C, 0xEF, 0xF4, 0xA7,
    0xC3, 0x3C, 0xCC, 0xD5, 0x47, 0x3A, 0xE6, 0x24, 0xD5, 0xE5, 0x2C, 0x7B, 0xBD, 0x05, 0x78, 0x20,
    0xC1, 0xC3, 0x3A, 0x35, 0xBF, 0x44, 0xCD, 0xC1, 0x80, 0xC5, 0x1C, 0x8B, 0xCC, 0x8D, 0xA1, 0x80,
    0x23, 0x41, 0x04, 0xDA, 0xAB, 0x3A, 0xE6, 0xF1, 0x60, 0xA9, 0x0B, 0xB3, 0xB2, 0xB2, 0x44, 0xF4,
    0x59, 0x92, 0x7B, 0xFF, 0x42, 0xBA, 0x39, 0x8E, 0x67, 0x87, 0x02, 0xC7, 0xB3, 0x33, 0x9A, 0x8A,
    0xA0, 0xDF, 0xBA, 0xEF, 0xA3, 0xBF, 0x61, 0x9D, 0x93, 0xAF, 0x95, 0x81, 0xE3, 0x39, 0xCF, 0x7B,
    0x6A, 0xA7, 0xD9, 0x1E, 0x34, 0xE3, 0xE8, 0x39, 0xD7, 0x8C, 0xDC, 0xDD, 0x68, 0xEE, 0xB4, 0x9B,
    0x3E, 0xD1, 0x0F, 0x07, 0xBB, 0x4E, 0x33, 0x0C, 0x5B, 0x90, 0xE0, 0x0C, 0x12, 0xEC, 0x2D, 0xD1,
    0x7E, 0xE5, 0x9E, 0xC9, 0x8E, 0x37, 0xE4, 0x3F, 0x85, 0x3C, 0x56, 0xFA, 0x13, 0x39, 0xD8, 0x77,
    0x12, 0x68, 0x69, 0x61, 0x5B, 0xE3, 0xFD, 0x8D, 0x5D, 0x40, 0xFA, 0x46, 0x83, 0xE4, 0xB5, 0xF9,
    0x50, 0xA3, 0x4D, 0x0D, 0xF1, 0xE5, 0xAA, 0x12, 0x83, 0x57, 0xC7, 0x7F, 0x2D, 0x48, 0x2A, 0xB0,
    0x6E, 0x5E, 0xD9, 0x1C, 0x29, 0x50, 0xE8, 0xAB, 0x39, 0xD5, 0x25, 0x56, 0xAD, 0x24, 0xF3, 0x38,
    0x89, 0x66, 0xE7, 0x3F, 0xBB, 0x9C, 0xFA, 0x2E, 0xCA, 0x79, 0xF0, 0xFA, 0xE7, 0x50, 0x73, 0xED,
    0xD5, 0xD7, 0x01, 0xED, 0x00, 0xA2, 0x8E, 0x98, 0xED, 0x2B, 0x7A, 0x83, 0x35, 0x00, 0x45, 0x20,
    0x63, 0x36, 0x03, 0x99, 0x81, 0x1E, 0x8B, 0x54, 0xCD, 0x31, 0x83, 0x63, 0xF6, 0xEF, 0x2D, 0x56,
    0x45, 0xA4, 0x7B, 0xEF, 0xE7, 0xBF, 0x2E, 0x30, 0x18, 0xE2, 0xD9, 0x75, 0xCA, 0xD6, 0xE1, 0x4D,
    0x5D, 0x26, 0xE1, 0xFE, 0xC1, 0x4F, 0x45, 0xEB, 0x8A, 0xC8, 0x5B, 0x6E, 0xA0, 0x7F, 0xEE, 0x6B,
    0x7B, 0xBF, 0x21, 0x1D, 0x6F, 0xCD, 0x3F, 0x60, 0xEE, 0x82, 0x53, 0x7A, 0x24, 0xEE, 0xBD, 0x86,
    0xF7, 0x0C, 0x52, 0x03, 0xEC, 0xA3, 0x17, 0x3A, 0x52, 0x1D, 0x0E, 0xA4, 0x4E, 0x47, 0x1A, 0xB7,
    0x6A, 0xA7, 0xA9, 0x33, 0x93, 0x8E, 0xA0, 0xC5, 0x50, 0x4F, 0x7A, 0x4D, 0x16, 0xA6, 0x8E, 0xCA,
    0x9A, 0x6C, 0x3C, 0xD9, 0x7B, 0xB1, 0x5F, 0x32, 0x51, 0x0D, 0xB4, 0x9B, 0xDF, 0xBB, 0x36, 0x37,
    0x7B, 0x87, 0xB2, 0x9D, 0xCB, 0x4F, 0xF2, 0xEB, 0xB1, 0x73, 0x3D, 0x5A, 0xE7, 0xB1, 0x33, 0x6A,
    0xE2, 0x3B, 0xE0, 0x34, 0xE7, 0x8E, 0x35, 0x45, 0xDE, 0x84, 0x72, 0x50, 0xEC, 0xB9, 0x2F, 0x21,
    0xDA, 0x6F, 0x9A, 0x5A, 0x88, 0x03, 0x1C, 0xC7, 0xA9, 0x49, 0x4F, 0x24, 0xBC, 0x8B, 0xCE, 0x81,
    0xC7, 0x8F, 0x87, 0xAC, 0x33, 0x20, 0x0F, 0x89, 0x5A, 0xF8, 0xDE, 0x05, 0xC3, 0x0E, 0x10, 0x3D,
    0x80, 0x35, 0xF6, 0xFC, 0xCF, 0xE1, 0xF1, 0x53, 0x2B, 0x6F, 0x2E, 0x57, 0xCF, 0xB9, 0x82, 0x5C,
    0x04, 0x5F, 0x52, 0x2A, 0x86, 0x54, 0x44, 0x62, 0xE7, 0xE6, 0x60, 0x67, 0x98, 0xF7, 0xA1, 0x44,
    0x62, 0x87, 0x32, 0xFC, 0x63, 0xFD, 0x41, 0x6D, 0x9F, 0xF9, 0xAB, 0xF9, 0x88, 0x3D, 0x81, 0x29,
    0x38, 0x75, 0x6A, 0xF4, 0xA4, 0xA1, 0x65, 0x0C, 0xD1, 0x18, 0x91, 0x1E, 0xD9, 0xB8, 0x63, 0x26,
    0x52, 0x19, 0xE8, 0x71, 0xD0, 0xE8, 0x79, 0x62, 0xBA, 0x3A, 0xEC, 0x08, 0x4D, 0xDB, 0x86, 0x66,
    0x27, 0xA4, 0x99, 0x82, 0x62, 0x06, 0x7A, 0xE8, 0x35, 0xF4, 0xF8, 0x2B, 0x25, 0xA5, 0xF0, 0x8A,
    0x73, 0x9A, 0x78, 0x7F, 0x02, 0x4F, 0xEF, 0x76, 0x64, 0x98, 0x77, 0x5C, 0x26, 0xD6, 0x74, 0xED,
    0x9D, 0x41, 0xDF, 0x34, 0x69, 0x0E, 0x89, 0x22, 0x3B, 0xC0, 0x1A, 0xE1, 0xDF, 0x98, 0x6C, 0x01,
    0xE6, 0x35, 0xAC, 0x2E, 0xFE, 0xCD, 0x43, 0xB2, 0x52, 0x92, 0xF9, 0xB9, 0xDF, 0x21, 0x86, 0x67,
    0x72, 0x15, 0xB0, 0x85, 0x4F, 0x2A, 0x8E, 0xD8, 0x19, 0xB7, 0x54, 0x8F, 0x59, 0xD5, 0xF0, 0xC6,
    0x2A, 0x7B, 0xD0, 0x58, 0x15, 0x3D, 0xEF, 0x91, 0x1E, 0x0D, 0xAE, 0xC7, 0xAA, 0xFD, 0xC9, 0xB5,
    0xA8, 0xB9, 0x1E, 0x30, 0xEE, 0x4C, 0xA5, 0xB6, 0x33, 0xD7, 0x3F, 0xC8, 0x5D, 0x1A, 0x83, 0xE5,
    0x0B, 0x30, 0xA0, 0x72, 0x10, 0xD2, 0x05, 0x7B, 0x0C, 0x83, 0xCC, 0x52, 0x19, 0x52, 0xBD, 0x19,
    0x4B, 0x7F, 0x8A, 0x19, 0x3D, 0x1F, 0x5D, 0x8E, 0x30, 0xB3, 0xD3, 0x50, 0x3D, 0xC0, 0x3A, 0xD3,
    0x3E, 0x41, 0x03, 0x72, 0x3A, 0xFC, 0x70, 0x1A, 0xFC, 0x85, 0x2D, 0x82, 0x36, 0x6A, 0x5F, 0x8D,
    0x26, 0x86, 0xE2, 0x30, 0xF7, 0x3F, 0x41, 0x94, 0x1D, 0x1B, 0x3D, 0x2D, 0xC1, 0xFD, 0x3C, 0x12,
    0x18, 0x6A, 0x0D, 0x32, 0xD9, 0xF3, 0x41, 0x36, 0x30, 0x59, 0x37, 0xD6, 0xAC, 0xB1, 0xA9, 0x68,
    0xD3, 0x64, 0x3F, 0xAC, 0xF3, 0xE0, 0x2A, 0x5A, 0xD3, 0xEB, 0xF4, 0x9F, 0x94, 0xDE, 0xBA, 0xF4,
    0x4B, 0x2D, 0xCC, 0xB7, 0x20, 0x17, 0x42, 0xF9, 0xB4, 0x00, 0x7A, 0x1A, 0x04, 0x11, 0x43, 0x66,
    0xE6, 0x45, 0x3B, 0xF3, 0xE2, 0x06, 0xDE, 0x27, 0x4F, 0x24, 0x66, 0xBF, 0x9D, 0x4C, 0xFB, 0x45,
    0x94, 0x27, 0x16, 0x92, 0x97, 0x71, 0xE9, 0x97, 0x2F, 0x61, 0x6D, 0x95, 0xD0, 0x92, 0x95, 0x99,
    0xFD, 0xCD, 0x31, 0xDA, 0x81, 0x11, 0xCA, 0xF2, 0x08, 0x22, 0x8D, 0x00, 0xE3, 0xB7, 0x33, 0x77,
    0x04, 0x34, 0x90, 0x79, 0x40, 0xE0, 0xD9, 0x43, 0x3F, 0x8F, 0x51, 0xD0, 0x4D, 0xCE, 0xE7, 0x4D,
    0xB6, 0x55, 0x06, 0xCC, 0x26, 0x55, 0x58, 0xA2, 0xB4, 0x57, 0x4B, 0x25, 0x68, 0x1C, 0xAF, 0x97,
    0xA0, 0x72, 0xBC, 0x59, 0xC2, 0x10, 0xC7, 0x45, 0x89, 0x06, 0xE9, 0xDD, 0xEC, 0x53, 0xD0, 0xFA,
    0xAD, 0xFD, 0xCC, 0x72, 0x44, 0xBE, 0x50, 0x9A, 0x13, 0x3D, 0xE2, 0x2C, 0xE6, 0xD1, 0xBA, 0x8F,
    0x7A, 0xEF, 0xD5, 0x72, 0x9A, 0x06, 0x3F, 0xBC, 0xF3, 0xD0, 0xDE, 0x30, 0xEF, 0x30, 0x15, 0xFD,
    0x4E, 0x9A, 0xBE, 0xD4, 0x9F, 0x7B, 0x5A, 0x47, 0xBE, 0x45, 0x42, 0xE0, 0xC5, 0xBD, 0x1B, 0xB2,
    0x77, 0x84, 0x46, 0xE2, 0x34, 0x4B, 0x00, 0x34, 0xCB, 0x56, 0x33, 0xB6, 0xA8, 0xA1, 0x43, 0xD8,
    0x42, 0x1E, 0x66, 0x61, 0xE6, 0xDD, 0x75, 0x6D, 0x7C, 0x2C, 0x7A, 0x5A, 0x0D, 0x07, 0x76, 0xE8,
    0xD3, 0x1D, 0x3A, 0x17, 0x9C, 0xBD, 0x4F, 0x98, 0x52, 0xFF, 0x4E, 0xD0, 0x7C, 0x31, 0x3F, 0x48,
    0x9A, 0xCC, 0xC1, 0xA5, 0xAD, 0x7A, 0xDA, 0x1C, 0x93, 0xEF, 0xD3, 0xAB, 0x7A, 0x0A, 0x76, 0x5F,
    0xC5, 0x7D, 0x41, 0x9E, 0xC6, 0xE4, 0xB0, 0x17, 0xFC, 0xF3, 0xA2, 0x08, 0xD2, 0xED, 0xCC, 0x68,
    0x2D, 0x5F, 0x77, 0x47, 0xB6, 0x7E, 0x73, 0xDC, 0xBC, 0xE9, 0xA1, 0xD4, 0xC0, 0x3D, 0x85, 0x9F,
    0x2F, 0x9D, 0xFB, 0x59, 0x27, 0xA9, 0xE5, 0x96, 0x01, 0x7D, 0xAC, 0x9E, 0x25, 0x94, 0xCB, 0xD9,
    0xE7, 0xE8, 0xCA, 0xA7, 0x20, 0x62, 0xF6, 0xF5, 0xEC, 0x85, 0xCD, 0x9F, 0x76, 0xBD, 0xB0, 0x6D,
    0xA8, 0x38, 0x58, 0x9A, 0x15, 0x7D, 0xFC, 0xEA, 0x6A, 0xCE, 0xD1, 0x37, 0xBC, 0xF8, 0x1F, 0x46,
    0xAF, 0xE9, 0xFF, 0x76, 0x5C, 0x36, 0x11, 0x29, 0x3B, 0xE7, 0x50, 0x29, 0x2D, 0xE9, 0x69, 0x1E,
    0x42, 0x27, 0x3C, 0xA0, 0xE8, 0x6D, 0x75, 0xF3, 0xAE, 0xFE, 0xA3, 0x7D, 0xD9, 0x50, 0xC0, 0xEA,
    0xB5, 0xD6, 0x94, 0xB0, 0xF0, 0x6D, 0x6B, 0x10, 0xD8, 0xCD, 0xF0, 0x55, 0xB9, 0xED, 0xAB, 0xB1,
    0xE4, 0xBF, 0xC5, 0x59, 0x3D, 0x6C, 0x1C, 0xC7, 0x15, 0x7E, 0xB3, 0x63, 0x71, 0x25, 0xAF, 0x78,
    0xAB, 0x00, 0x72, 0x24, 0x43, 0xD4, 0xAD, 0x0A, 0x01, 0x11, 0x90, 0x3B, 0x2E, 0x83, 0x5C, 0x90,
    0x2B, 0xEE, 0x67, 0x6C, 0x23, 0x30, 0x10, 0x03, 0x89, 0x8A, 0x38, 0x69, 0x0C, 0xD8, 0x45, 0x8A,
    0x54, 0x36, 0x0B, 0x06, 0xB8, 0xE2, 0xC8, 0xDB, 0x58, 0x85, 0x5B, 0x16, 0x49, 0x2F, 0x20, 0x9D,
    0x0B, 0x83, 0x01, 0x0E, 0xB0, 0x9C, 0x90, 0xBA, 0x31, 0x5C, 0xA8, 0x5D, 0x2B, 0x06, 0x52, 0xC5,
    0x5E, 0x25, 0xAC, 0x93, 0x2D, 0xCE, 0xCE, 0x11, 0x21, 0x6F, 0xF3, 0xBD, 0x37, 0x7B, 0xC7, 0x13,
    0x65, 0xC0, 0x01, 0x6D, 0x8B, 0xCB, 0x9B, 0x21, 0x79, 0x3B, 0xFB, 0xDE, 0x9B, 0x37, 0xDF, 0xFB,
    0xDE, 0x9B, 0x59, 0xEA, 0xD3, 0x94, 0x8E, 0xA8, 0x47, 0x7C, 0x19, 0x4A, 0xC9, 0x2A, 0xAB, 0xF1,
    0xE3, 0x27, 0x41, 0x12, 0x26, 0x91, 0x89, 0x4D, 0x97, 0xBA, 0xD4, 0xA1, 0xCB, 0xB8, 0xBD, 0x8D,
    0x66, 0x5D, 0xBB, 0x36, 0x26, 0xFA, 0xF3, 0x7B, 0xE4, 0x3D, 0xFC, 0x39, 0xF9, 0x77, 0x42, 0x13,
    0xEA, 0x80, 0xAA, 0x4B, 0x44, 0xF5, 0x67, 0x89, 0x5A, 0xCB, 0x68, 0x17, 0x5D, 0xEB, 0x5C, 0xBD,
    0x4C, 0xF1, 0xAF, 0x77, 0x28, 0x2C, 0x2C, 0x79, 0x53, 0x3C, 0xBA, 0x8E, 0xF6, 0x46, 0x29, 0x4A,
    0x8D, 0x12, 0x0A, 0xD2, 0x9C, 0x62, 0x9A, 0x50, 0x9B, 0x76, 0xCB, 0x9F, 0x9B, 0x68, 0x44, 0x7D,
    0xB4, 0x16, 0x5A, 0x9D, 0xC8, 0x2F, 0xA6, 0xF2, 0x9B, 0x6A, 0x68, 0x4D, 0xB4, 0x1D, 0x22, 0x0F,
    0x26, 0x04, 0xF8, 0xB3, 0x5B, 0x14, 0x76, 0x50, 0x14, 0xC9, 0x06, 0x29, 0xDB, 0x27, 0x6D, 0xAB,
    0x83, 0xCF, 0x8C, 0x7E, 0xB4, 0x4B, 0x81, 0xA9, 0x51, 0x48, 0x95, 0x79, 0x0B, 0x4C, 0x9D, 0x74,
    0xBA, 0x4B, 0xD5, 0xD1, 0xBF, 0x88, 0xC7, 0xDD, 0x20, 0x95, 0x3C, 0xFB, 0xAE, 0x7A, 0xD7, 0x44,
    0x53, 0xAF, 0x30, 0x2A, 0x67, 0x99, 0x63, 0x4C, 0x9E, 0xEE, 0xE9, 0x04, 0xCA, 0x7D, 0x72, 0xD3,
    0xA0, 0xF6, 0x2D, 0x74, 0xAB, 0x6C, 0x74, 0x94, 0xA1, 0x41, 0x1B, 0x9D, 0x7B, 0xFD, 0x55, 0x43,
    0x10, 0xCA, 0xDF, 0x39, 0x0B, 0xF0, 0x6F, 0x87, 0xFF, 0x6D, 0x73, 0xB7, 0xC9, 0xDF, 0x17, 0x39,
    0xAC, 0x5C, 0xB8, 0x78, 0xD2, 0x8F, 0xFD, 0xCF, 0xBE, 0x08, 0x5F, 0x49, 0xA8, 0xEE, 0x5B, 0x6A,
    0x29, 0x23, 0x53, 0x8D, 0xD1, 0x42, 0xCC, 0x2B, 0x1E, 0x93, 0x97, 0xDE, 0xC7, 0xF4, 0x22, 0x03,
    0xC3, 0x93, 0x2A, 0xE9, 0x24, 0x24, 0x3F, 0x09, 0x6D, 0x40, 0xFA, 0x73, 0xF8, 0x85, 0xF5, 0xC5,
    0xB0, 0x12, 0x8F, 0x62, 0x20, 0x3D, 0x83, 0xD6, 0xD6, 0x96, 0x56, 0x03, 0x78, 0xF3, 0x48, 0x96,
    0x91, 0x7A, 0x81, 0x39, 0x0C, 0x93, 0x21, 0x1B, 0xF9, 0xD6, 0x01, 0xBA, 0xE0, 0xF7, 0xD7, 0x30,
    0x18, 0x6B, 0x3C, 0x24, 0x85, 0x49, 0x5E, 0x27, 0xDF, 0x5C, 0x1B, 0x07, 0xF0, 0xCB, 0xB8, 0xA6,
    0xCD, 0x8A, 0xB6, 0x2B, 0x9E, 0xBD, 0xE5, 0x9B, 0xAB, 0x9E, 0x6D, 0xE0, 0x11, 0x65, 0x1B, 0x15,
    0xEE, 0xD7, 0x2B, 0xEC, 0x67, 0xD7, 0x6F, 0x84, 0x74, 0x49, 0x9B, 0x46, 0x60, 0xD6, 0x7D, 0x6A,
    0xE9, 0x74, 0xA7, 0x42, 0x2B, 0x34, 0x4A, 0x6B, 0xE2, 0x86, 0x21, 0xFC, 0xC9, 0x86, 0xD0, 0x07,
    0xF4, 0x26, 0xEB, 0x2A, 0x32, 0x5A, 0xB8, 0xE2, 0x54, 0xBD, 0x6D, 0x3D, 0x6D, 0x2F, 0x6A, 0x5B,
    0xD3, 0x49, 0xD3, 0x37, 0xCD, 0x80, 0xFA, 0xF1, 0xCD, 0xEE, 0xBF, 0xB3, 0x08, 0xF3, 0xE7, 0xCB,
    0x07, 0x20, 0xEA, 0x78, 0x7E, 0x18, 0x1A, 0x9D, 0xF6, 0x29, 0xF2, 0x72, 0x6A, 0x61, 0x6E, 0x6D,
    0x3F, 0xA5, 0x08, 0x2B, 0xE3, 0x63, 0x61, 0x55, 0x56, 0x25, 0xDA, 0xF0, 0x0D, 0x5D, 0x52, 0x54,
    0xF0, 0x22, 0x08, 0x00, 0x4E, 0x36, 0x2C, 0xC6, 0xB4, 0x3B, 0xA5, 0xC1, 0x36, 0xF9, 0xDB, 0x3D,
    0x5A, 0x1E, 0xFC, 0x8C, 0x1A, 0x3F, 0x7A, 0x40, 0x6B, 0x3F, 0xB8, 0x43, 0xEB, 0x03, 0x4D, 0x6F,
    0xBC, 0xAF, 0x69, 0xFD, 0x8F, 0x3F, 0xA5, 0xC6, 0xED, 0xD7, 0xA8, 0xAA, 0xB0, 0x04, 0x85, 0x53,
    0x8F, 0x27, 0xC8, 0x1F, 0xD3, 0xF5, 0x2A, 0x35, 0x34, 0xAD, 0x61, 0x92, 0x9A, 0xEA, 0xF0, 0xF7,
    0x44, 0x6E, 0x9E, 0x47, 0x5B, 0x7E, 0xB2, 0x89, 0x0D, 0xD5, 0x2F, 0xBF, 0x37, 0xBB, 0x78, 0x8C,
    0xBA, 0x4F, 0xBE, 0x6F, 0x43, 0x6D, 0x2B, 0x70, 0x91, 0x9F, 0xC0, 0xE1, 0x0C, 0xE0, 0x8C, 0xB4,
    0xA1, 0x8B, 0x0C, 0x1D, 0x1A, 0x14, 0xA4, 0xA6, 0x18, 0x93, 0x60, 0x0C, 0xD6, 0x19, 0x88, 0x52,
    0x13, 0xC1, 0x55, 0xC8, 0xCE, 0x6E, 0x86, 0xA6, 0xB9, 0x4A, 0xC1, 0x18, 0x8B, 0xA6, 0xB3, 0xC0,
    0x86, 0x58, 0xB8, 0x06, 0x5D, 0x72, 0xE2, 0xFB, 0x12, 0x32, 0x7D, 0x84, 0xCE, 0x3D, 0x20, 0x77,
    0x4C, 0x39, 0xE5, 0x8A, 0x5B, 0xA6, 0x32, 0x2F, 0xF5, 0x52, 0x6D, 0x67, 0x3F, 0xA1, 0xF5, 0xB3,
    0xBF, 0x7C, 0x18, 0x14, 0x7F, 0x3D, 0x0A, 0x3B, 0x5E, 0x5E, 0x61, 0x3C, 0x97, 0x58, 0xE5, 0xD6,
    0x9B, 0x99, 0xBB, 0xC4, 0x53, 0x1A, 0xE5, 0x9F, 0x23, 0xDC, 0xF2, 0x1C, 0xF1, 0xFA, 0x28, 0x87,
    0x7D, 0x0F, 0x33, 0x74, 0x1F, 0xA5, 0x30, 0xF3, 0x23, 0xDC, 0x74, 0xDD, 0x3B, 0xDC, 0x61, 0xE9,
    0x06, 0xC5, 0x2B, 0x86, 0xE2, 0x22, 0xE4, 0x15, 0x67, 0xD4, 0x4C, 0x39, 0x1A, 0xCE, 0xB1, 0x53,
    0x24, 0x58, 0x5D, 0x34, 0xB4, 0xE6, 0x1D, 0x07, 0x34, 0x4C, 0x25, 0x8E, 0x33, 0x5C, 0x77, 0xF1,
    0xF5, 0x74, 0xDA, 0x57, 0xA4, 0x01, 0x74, 0x60, 0x72, 0xE7, 0x3B, 0x39, 0x30, 0xFD, 0xBC, 0x3E,
    0xC2, 0xE8, 0x16, 0xAC, 0x1A, 0xF2, 0x84, 0x48, 0x26, 0x83, 0x05, 0xBA, 0x4F, 0xFA, 0x8E, 0xAD,
    0xA8, 0xB4, 0xA6, 0xD2, 0x16, 0x3E, 0x9E, 0x6D, 0x6A, 0xDB, 0xF2, 0x4D, 0xBD, 0xC2, 0x2B, 0xC7,
    0xD7, 0x05, 0x10, 0x8A, 0x0F, 0x16, 0xF0, 0x32, 0xE8, 0x9E, 0x84, 0x86, 0x3A, 0xDA, 0xA1, 0xA7,
    0xA3, 0x33, 0xFE, 0x5F, 0xA7, 0x2D, 0x0A, 0x55, 0x46, 0x4D, 0xF8, 0x18, 0x18, 0x2A, 0x2F, 0x0F,
    0xE1, 0x72, 0x91, 0x54, 0x5F, 0xA8, 0xA5, 0x25, 0xC4, 0xD2, 0x93, 0x00, 0xB9, 0xC7, 0x2B, 0x04,
    0x1B, 0xD8, 0x5B, 0xB9, 0xF0, 0x4E, 0xCE, 0xCC, 0x05, 0x01, 0x70, 0x2C, 0x9C, 0x8B, 0x60, 0xFC,
    0xFE, 0x41, 0x40, 0x3F, 0x4E, 0x9E, 0xFB, 0xC5, 0x0A, 0xFD, 0x0D, 0x43, 0x1B, 0xFA, 0x15, 0x0C,
    0xCA, 0x2E, 0x84, 0x8C, 0xC4, 0x5B, 0xEC, 0x13, 0xF8, 0x27, 0xC5, 0x7A, 0x3D, 0xF7, 0xA6, 0xC1,
    0x9A, 0xB1, 0x88, 0xAC, 0x74, 0x04, 0x2F, 0xE0, 0xF3, 0xFC, 0x5B, 0x8B, 0x76, 0xFE, 0xB2, 0x79,
    0xAC, 0x9D, 0x71, 0x3C, 0x44, 0x78, 0xB2, 0x46, 0xA7, 0xBD, 0x29, 0xFD, 0xCE, 0x5B, 0x09, 0x96,
    0xF6, 0xC3, 0x87, 0x39, 0xB4, 0xBF, 0x64, 0xF3, 0xEE, 0xB4, 0xA2, 0x93, 0x7C, 0x26, 0x77, 0x9D,
    0x23, 0x10, 0xEC, 0x05, 0xBD, 0x98, 0x5F, 0x53, 0xA8, 0x31, 0xE5, 0x9B, 0x3C, 0x8B, 0x0D, 0x21,
    0x5F, 0x78, 0xA3, 0xB0, 0xE5, 0xB4, 0xEF, 0x8B, 0x76, 0x2C, 0xE1, 0x0A, 0x05, 0x78, 0xB0, 0x41,
    0x4B, 0xE8, 0x33, 0x7E, 0x96, 0xB5, 0x47, 0x08, 0x48, 0x46, 0xE1, 0xB2, 0x50, 0x12, 0x6B, 0x0F,
    0xCC, 0x0E, 0x21, 0x6C, 0x5F, 0x00, 0x98, 0x9A, 0x91, 0x36, 0x81, 0x8D, 0x26, 0x15, 0xFA, 0x5E,
    0xC2, 0x0A, 0xDE, 0x81, 0x82, 0x1D, 0x0F, 0xEA, 0x54, 0xCA, 0x73, 0xD7, 0xE6, 0x26, 0xFA, 0x8A,
    0xCC, 0xBD, 0x26, 0x73, 0x5F, 0x17, 0x1B, 0xB7, 0x17, 0xE6, 0x2E, 0x9C, 0xD1, 0x4D, 0x5C, 0x8B,
    0x16, 0x98, 0x02, 0xBE, 0x80, 0x45, 0x8E, 0xE2, 0x87, 0x90, 0x95, 0x3B, 0x9A, 0x83, 0x97, 0x7C,
    0xE6, 0xDE, 0x92, 0x65, 0x5B, 0x58, 0x9C, 0x16, 0x30, 0x14, 0x63, 0x61, 0x7D, 0xA6, 0x42, 0xB9,
    0x2A, 0xD2, 0x87, 0x32, 0x43, 0x7E, 0x70, 0x06, 0x38, 0x7A, 0x66, 0x41, 0x81, 0x33, 0x61, 0x57,
    0x7A, 0x21, 0x4A, 0x6F, 0x4F, 0xF8, 0x47, 0xC8, 0x7B, 0xB9, 0xCB, 0xFD, 0x0A, 0x93, 0x30, 0x35,
    0xC4, 0xAC, 0x1D, 0xE9, 0x53, 0x80, 0x09, 0xAB, 0x12, 0x32, 0xE1, 0x16, 0x4C, 0x19, 0x15, 0x51,
    0x03, 0xD7, 0x59, 0x36, 0x95, 0xFB, 0x1D, 0xA1, 0xE2, 0x14, 0x09, 0x86, 0xFC, 0x4F, 0xC8, 0xDF,
    0xA7, 0xC1, 0x11, 0x42, 0x44, 0xD4, 0x0C, 0x45, 0x8D, 0x70, 0x49, 0x98, 0xCE, 0xA3, 0x82, 0x6E,
    0x9F, 0xA9, 0x55, 0xE7, 0x1C, 0x31, 0x0B, 0xFD, 0x7D, 0xC1, 0x64, 0xED, 0x27, 0x3D, 0x71, 0xD5,
    0x33, 0x67, 0x68, 0x95, 0x1A, 0x7B, 0xCC, 0x42, 0xF5, 0x25, 0x46, 0x42, 0xC8, 0x58, 0xB8, 0xAA,
    0xC7, 0x74, 0xE2, 0x7A, 0xEA, 0x56, 0xF9, 0x49, 0x4B, 0x70, 0xB5, 0x27, 0x61, 0xD0, 0x3B, 0x73,
    0x7B, 0x24, 0x0C, 0x88, 0x7E, 0x2B, 0x58, 0x4A, 0xEF, 0x72, 0x6F, 0xB9, 0x94, 0xA2, 0x47, 0x2E,
    0xFF, 0x99, 0xB3, 0xB4, 0x0D, 0x19, 0x8F, 0x15, 0x05, 0x87, 0xA2, 0xFB, 0xFA, 0x44, 0x7E, 0x35,
    0xC7, 0xF2, 0xEB, 0x4F, 0x42, 0x64, 0xEA, 0x63, 0x89, 0x4D, 0xFD, 0x76, 0xAE, 0xD9, 0xAD, 0x48,
    0x6A, 0x3C, 0x50, 0x67, 0x1C, 0xBE, 0x4D, 0x2D, 0x4F, 0xE7, 0xBE, 0xBD, 0x0E, 0x13, 0x90, 0x8D,
    0xC0, 0x05, 0xBE, 0x09, 0x93, 0xAB, 0x62, 0x44, 0x22, 0xF5, 0x5F, 0xC8, 0x84, 0xB2, 0xC1, 0xAC,
    0x81, 0xDC, 0xC0, 0x05, 0x53, 0x76, 0xE5, 0x13, 0x1A, 0xBC, 0xFA, 0xCB, 0x74, 0x74, 0xE8, 0x4B,
    0x4E, 0x56, 0x23, 0x60, 0x26, 0xDA, 0x7E, 0x8B, 0x27, 0x1E, 0x22, 0x1B, 0xA0, 0x83, 0xCD, 0x15,
    0xC7, 0x33, 0xC7, 0x45, 0xDA, 0xEE, 0xBC, 0x3B, 0x9C, 0x77, 0xBB, 0x73, 0xD2, 0xE8, 0x30, 0x69,
    0xC6, 0x1C, 0xBC, 0x88, 0xD9, 0x9C, 0xBC, 0x83, 0x25, 0xA6, 0x22, 0xAE, 0x5E, 0x89, 0xCD, 0xF0,
    0xD8, 0xC9, 0x9E, 0x14, 0x39, 0x1B, 0x54, 0xF2, 0xD5, 0xE5, 0x61, 0x59, 0x22, 0x4A, 0x21, 0x54,
    0x46, 0xFC, 0x16, 0x77, 0x41, 0xE2, 0x0A, 0xEB, 0x79, 0x51, 0x00, 0xDA, 0x4A, 0x91, 0x48, 0x02,
    0x8B, 0x44, 0x23, 0x5D, 0x98, 0x28, 0xCB, 0x33, 0xE3, 0xC5, 0xBD, 0xC9, 0x94, 0xD8, 0x60, 0xE2,
    0x5D, 0xE7, 0xFA, 0x20, 0x67, 0x63, 0x32, 0x36, 0x3A, 0x63, 0xDB, 0xB6, 0xE7, 0x96, 0x83, 0xE6,
    0x27, 0x9C, 0x25, 0xC6, 0x98, 0xE0, 0xD2, 0xC1, 0xAB, 0xAF, 0x73, 0x19, 0x2A, 0x06, 0x4A, 0x5D,
    0xCA, 0x8B, 0xAB, 0xD8, 0x99, 0xFE, 0xF6, 0x22, 0x05, 0x7E, 0xEB, 0xCA, 0x59, 0x8C, 0x04, 0x6D,
    0xC4, 0x55, 0xF0, 0x30, 0xC0, 0xFF, 0x46, 0x3D, 0x25, 0xE5, 0x43, 0x94, 0x57, 0x6A, 0xC2, 0x60,
    0xCD, 0x83, 0x85, 0x28, 0xF8, 0xB6, 0xF5, 0xE6, 0x82, 0x9E, 0xD8, 0x55, 0xE3, 0xC6, 0x29, 0xA4,
    0x6B, 0xFB, 0x8C, 0x3A, 0x7C, 0x00, 0x5B, 0xA8, 0xC1, 0x27, 0x92, 0x31, 0x1D, 0xF9, 0xB4, 0x05,
    0x66, 0xBB, 0xF2, 0x99, 0x70, 0x39, 0xB4, 0x74, 0x00, 0x61, 0x96, 0xC9, 0xC6, 0xB1, 0x32, 0xF2,
    0x33, 0x82, 0x8B, 0x8E, 0x3D, 0x47, 0x2C, 0x51, 0x82, 0x8F, 0x1B, 0xC7, 0x02, 0x1B, 0xCF, 0x2D,
    0x2A, 0xF7, 0x0D, 0x9D, 0xB2, 0xB5, 0x4B, 0x0C, 0xEF, 0x96, 0x6D, 0xE2, 0xEA, 0x2D, 0x68, 0x70,
    0x2A, 0x38, 0xF3, 0x30, 0x38, 0x83, 0xF7, 0x80, 0x5B, 0xE8, 0x33, 0x25, 0x32, 0xBF, 0x49, 0x1D,
    0x75, 0xC8, 0xED, 0x60, 0x21, 0x6A, 0x0B, 0xEB, 0xF0, 0x4D, 0xCA, 0x2F, 0x0A, 0xD9, 0xD2, 0xA4,
    0xAF, 0xA7, 0x2C, 0x4B, 0x66, 0x63, 0x69, 0x4F, 0x64, 0x76, 0xA5, 0x8F, 0x45, 0x6E, 0x24, 0x5E,
    0x47, 0x1F, 0x73, 0x1F, 0xC0, 0x02, 0xFC, 0xDD, 0x11, 0x55, 0x6D, 0x09, 0x91, 0xBE, 0x44, 0xE8,
    0x6E, 0xF9, 0x51, 0x63, 0xD6, 0x84, 0xA2, 0x02, 0xBA, 0xA2, 0x84, 0x96, 0xC6, 0xE7, 0x26, 0xAC,
    0x6F, 0x2A, 0x73, 0xD0, 0x19, 0x07, 0xD1, 0x72, 0x8F, 0xD3, 0xD2, 0xCD, 0x3A, 0x20, 0x43, 0x6B,
    0x41, 0xF6, 0x78, 0x2A, 0x80, 0x65, 0x20, 0x42, 0x50, 0xC0, 0x77, 0x3F, 0xE1, 0x8A, 0x1D, 0x95,
    0x54, 0xE5, 0x90, 0x41, 0xB3, 0xBC, 0xC7, 0x55, 0xD8, 0x4A, 0x17, 0x85, 0x2E, 0xAD, 0x44, 0x06,
    0xB5, 0x55, 0x8D, 0x77, 0x72, 0xF0, 0x3E, 0xB3, 0x5E, 0x43, 0xE7, 0xCB, 0x5C, 0xBF, 0x4D, 0xA4,
    0xDF, 0x5B, 0x61, 0x7A, 0xED, 0xAE, 0x70, 0x51, 0x17, 0xFD, 0x46, 0x2A, 0xBA, 0x31, 0xEF, 0xB6,
    0x51, 0xE4, 0x02, 0xB0, 0xD8, 0x17, 0x81, 0x70, 0x81, 0x38, 0xDE, 0xB1, 0xDC, 0x2D, 0xD3, 0xB8,
    0x10, 0x63, 0x20, 0x9C, 0x33, 0x9E, 0xB3, 0xFE, 0x3C, 0xE2, 0x55, 0x01, 0x00, 0xC7, 0x2F, 0x08,
    0xD0, 0x62, 0x9E, 0x5C, 0x98, 0xC0, 0x57, 0xD8, 0x91, 0x18, 0x20, 0x2C, 0x66, 0x98, 0x75, 0x78,
    0x72, 0x6D, 0xFE, 0xAB, 0x4F, 0xB2, 0x43, 0xC6, 0xDD, 0x5D, 0xF6, 0x68, 0x9F, 0x65, 0xF7, 0x79,
    0x75, 0xDA, 0xBC, 0x2C, 0xB1, 0x30, 0xAA, 0x81, 0x0D, 0x7A, 0x9F, 0x73, 0xD0, 0xC0, 0xE5, 0xE6,
    0xCB, 0x33, 0xE6, 0xF4, 0x98, 0x43, 0xC5, 0x27, 0xBC, 0xBB, 0xA0, 0xB5, 0xA7, 0x65, 0x81, 0x60,
    0x2C, 0x66, 0x64, 0x7F, 0x80, 0x50, 0xC4, 0xAE, 0x00, 0x40, 0x91, 0x5D, 0xDB, 0x53, 0x50, 0xAE,
    0x26, 0x28, 0x59, 0xFC, 0xE8, 0x59, 0x14, 0x2C, 0x7A, 0x72, 0xB2, 0x34, 0xF8, 0xB6, 0x95, 0x6B,
    0x5B, 0xE7, 0xA1, 0x9D, 0x59, 0x8D, 0xF2, 0x54, 0x95, 0x4B, 0xD6, 0xF3, 0xCD, 0x2A, 0x06, 0x05,
    0x18, 0xEB, 0x61, 0xB3, 0x48, 0x03, 0xEB, 0xC2, 0x78, 0x00, 0x1E, 0x7E, 0x04, 0xCA, 0xC5, 0xF7,
    0x55, 0xDC, 0xC7, 0xB8, 0xE4, 0xD2, 0x9C, 0xCB, 0xC0, 0x02, 0x47, 0x08, 0x07, 0xF5, 0xF9, 0xB5,
    0x4F, 0x39, 0x35, 0xF2, 0x66, 0x77, 0x55, 0xB6, 0xBC, 0x7D, 0xF2, 0x0F, 0x39, 0xF4, 0xAA, 0x6D,
    0xC6, 0x79, 0xAF, 0x0D, 0x93, 0x54, 0xD6, 0x21, 0x3E, 0x87, 0x6A, 0xC3, 0xB2, 0x2A, 0x8C, 0x09,
    0x6C, 0x0F, 0xC3, 0x82, 0x0F, 0x33, 0x18, 0x14, 0x3C, 0x48, 0x30, 0xD8, 0xFF, 0x94, 0xB0, 0xC5,
    0x83, 0xEF, 0x41, 0x97, 0xA8, 0xFA, 0x91, 0x6A, 0x11, 0x29, 0xC0, 0x5F, 0x75, 0xEB, 0x27, 0xB0,
    0xB2, 0xE1, 0x4F, 0x8F, 0x09, 0x48, 0x2D, 0x6C, 0x10, 0x7C, 0xB7, 0x41, 0x70, 0x4B, 0x56, 0x3D,
    0xE1, 0xB9, 0x41, 0x61, 0xB0, 0x2F, 0xBF, 0xB2, 0x4F, 0x4B, 0xFB, 0x2C, 0x56, 0xB1, 0xD7, 0x38,
    0x9A, 0x5D, 0x1F, 0xC8, 0x2E, 0x1D, 0x41, 0xA7, 0x85, 0xD6, 0x7D, 0x49, 0xB8, 0x81, 0x70, 0x58,
    0x20, 0xD3, 0xAF, 0x08, 0x87, 0x2D, 0x0B, 0xC7, 0xAC, 0x48, 0xDF, 0x2A, 0x0B, 0x0A, 0xA6, 0x1C,
    0x28, 0x8E, 0x52, 0xE1, 0xC0, 0x42, 0x2A, 0xA6, 0xD1, 0x3E, 0x1D, 0x87, 0x91, 0xCB, 0x34, 0x12,
    0x48, 0x2E, 0x92, 0xDC, 0x3E, 0x7A, 0xB6, 0xE1, 0x3F, 0x23, 0xDB, 0x7C, 0xA9, 0x5F, 0x62, 0xB1,
    0x67, 0x28, 0xC0, 0x4B, 0xEA, 0x44, 0x0B, 0x0B, 0x7A, 0x16, 0x56, 0x79, 0x5C, 0x23, 0x22, 0xAB,
    0x77, 0x67, 0x81, 0xF0, 0xE4, 0x75, 0x26, 0xEB, 0x98, 0xCF, 0xD0, 0x15, 0xD9, 0xD9, 0x69, 0x47,
    0x52, 0xDA, 0x33, 0x2A, 0x74, 0x91, 0x21, 0x05, 0x6E, 0x1A, 0x20, 0xB5, 0xC1, 0x20, 0xCF, 0x90,
    0x73, 0x60, 0x16, 0x1D, 0xF2, 0x2E, 0x7D, 0x97, 0x4B, 0xE0, 0x36, 0x6F, 0x7F, 0x3B, 0x8D, 0x99,
    0xBF, 0x05, 0xAD, 0x52, 0xA6, 0xCC, 0x4F, 0x1B, 0x25, 0xC2, 0x5C, 0x21, 0xCB, 0x9D, 0xDA, 0xE2,
    0x1C, 0xCA, 0x45, 0x8B, 0x64, 0x58, 0x49, 0xB1, 0x52, 0x89, 0x48, 0x92, 0xC5, 0x1D, 0x88, 0x09,
    0xFF, 0x70, 0x9F, 0xA5, 0x48, 0x3A, 0x84, 0xC4, 0x98, 0xBB, 0x0E, 0x77, 0x6D, 0x96, 0xDD, 0x96,
    0x4C, 0xC8, 0x11, 0x38, 0xE2, 0x72, 0xFF, 0xDE, 0x3C, 0x30, 0x78, 0xA9, 0x97, 0x0E, 0xCC, 0xAC,
    0x6E, 0x80, 0x7A, 0x09, 0xFC, 0xF1, 0x96, 0xB8, 0x3C, 0x14, 0xEA, 0x0D, 0xC5, 0x34, 0x77, 0xA4,
    0x54, 0x93, 0xCC, 0xCD, 0x27, 0x9D, 0x2D, 0x3E, 0x42, 0xA5, 0x96, 0x6C, 0xC9, 0xFB, 0x35, 0x39,
    0xF6, 0x11, 0x82, 0x1A, 0x4A, 0x3F, 0x16, 0xE3, 0xF3, 0x28, 0x91, 0x5A, 0x3F, 0x97, 0x43, 0x95,
    0x89, 0xD4, 0xD3, 0xB8, 0xED, 0x7D, 0xCC, 0xBD, 0x7E, 0x80, 0x48, 0x27, 0xFD, 0xD1, 0x43, 0x61,
    0xF4, 0x51, 0x32, 0x03, 0x61, 0x40, 0xF3, 0x0A, 0x97, 0xAE, 0x4B, 0xF9, 0x2D, 0x12, 0xA7, 0xF9,
    0xF1, 0x76, 0x56, 0xF2, 0x41, 0x78, 0x7C, 0x38, 0xEA, 0x96, 0x64, 0xED, 0x38, 0x8A, 0xD4, 0x91,
    0x95, 0xF3, 0x90, 0x26, 0xC8, 0x22, 0x0B, 0x8C, 0x4E, 0x42, 0x13, 0xC8, 0x1C, 0x22, 0x44, 0xDB,
    0x2A, 0xB4, 0xB7, 0xE5, 0x00, 0xAA, 0xA5, 0x0E, 0xCF, 0x77, 0x82, 0xDD, 0xF5, 0xEE, 0xE1, 0x20,
    0x0D, 0x52, 0x31, 0x79, 0x87, 0xA4, 0x46, 0xE0, 0x0A, 0x41, 0x97, 0xA7, 0xCF, 0x17, 0x8F, 0x73,
    0xED, 0xA9, 0xE5, 0x06, 0xA5, 0xED, 0xEF, 0x33, 0x2E, 0x91, 0xE1, 0xB9, 0x16, 0xA5, 0xAF, 0x27,
    0x53, 0x8D, 0xCF, 0x91, 0xAE, 0x5D, 0xA4, 0xF3, 0xE1, 0x65, 0x3A, 0xAF, 0x1F, 0xAF, 0x53, 0x9E,
    0x94, 0x49, 0xFF, 0x97, 0x4C, 0x8D, 0xBC, 0xE0, 0x23, 0x4B, 0x68, 0xDB, 0x7B, 0x32, 0xD9, 0x9C,
    0x76, 0xEE, 0x3C, 0x6F, 0xA4, 0x0A, 0x65, 0x51, 0xCD, 0x7C, 0x8C, 0xC5, 0x1A, 0x25, 0x5F, 0x7F,
    0xEE, 0x47, 0xD7, 0xF8, 0xF4, 0x72, 0xDC, 0x47, 0x81, 0x85, 0x62, 0x00, 0x8F, 0x02, 0x8E, 0x15,
    0xEC, 0x45, 0xA8, 0xE6, 0xA1, 0xE0, 0x6A, 0x45, 0xA6, 0x4E, 0x1D, 0xDE, 0x92, 0x6E, 0x72, 0x44,
    0x23, 0xCD, 0x41, 0x02, 0xDD, 0xE8, 0x04, 0x5D, 0x95, 0x75, 0x0F, 0xC3, 0x22, 0x09, 0x52, 0x3E,
    0x14, 0x8C, 0x53, 0xF5, 0xC5, 0xD8, 0x4F, 0x86, 0x91, 0x84, 0x7D, 0x5F, 0xCE, 0x71, 0xC6, 0xB3,
    0xCF, 0x84, 0x6E, 0x6F, 0x79, 0x16, 0xE4, 0x12, 0x48, 0x71, 0xA6, 0x0C, 0x43, 0xD8, 0x9D, 0xE1,
    0x5D, 0xEE, 0x09, 0x73, 0xEF, 0x48, 0x0C, 0xF5, 0x85, 0xC0, 0x11, 0x06, 0x7A, 0x46, 0x97, 0x10,
    0xBB, 0x0F, 0xB1, 0xBD, 0x0A, 0xC7, 0x42, 0xDE, 0xF3, 0xED, 0x70, 0x95, 0xFE, 0x9B, 0xD1, 0x81,
    0xA0, 0x74, 0x42, 0xDB, 0x9B, 0x4E, 0xEC, 0xA4, 0x84, 0x45, 0x44, 0xB3, 0x23, 0x2F, 0x11, 0x29,
    0xAF, 0x5E, 0xCC, 0xEC, 0x54, 0x9D, 0x20, 0x4A, 0x0E, 0x6E, 0x20, 0x0C, 0x23, 0x90, 0x33, 0x01,
    0x79, 0xC8, 0x63, 0x81, 0x2C, 0x51, 0x80, 0x0F, 0x99, 0x04, 0xA1, 0x7C, 0xD2, 0xEC, 0xC4, 0xCA,
    0xBB, 0x13, 0xAE, 0x98, 0xF9, 0xCC, 0x13, 0x91, 0xB4, 0xAE, 0xCD, 0xC2, 0x49, 0xFD, 0xE9, 0x64,
    0xF2, 0x61, 0xFD, 0x26, 0xF8, 0xA6, 0xE5, 0x27, 0x4F, 0x40, 0xE3, 0x94, 0x32, 0x6B, 0xCC, 0x50,
    0x28, 0x30, 0xF0, 0x95, 0xCB, 0xD8, 0xD9, 0x48, 0x4E, 0xB4, 0x7D, 0x1B, 0x00, 0x08, 0x21, 0xEE,
    0x55, 0x69, 0xF5, 0x42, 0xE7, 0x56, 0x37, 0x07, 0xAD, 0x39, 0x52, 0x47, 0xD0, 0x57, 0xC5, 0x55,
    0xB3, 0xD2, 0xD3, 0xCF, 0x68, 0x94, 0x72, 0xA8, 0x6A, 0xB9, 0x1F, 0xB8, 0xAD, 0x98, 0xF0, 0x07,
    0x06, 0xAE, 0x5E, 0xA0, 0xCE, 0x2D, 0xEA, 0xE6, 0x72, 0xA0, 0x52, 0xE3, 0x3D, 0x97, 0xF7, 0x19,
    0x05, 0x3A, 0x59, 0xA1, 0xB4, 0x04, 0xE0, 0x5D, 0x1A, 0xA4, 0xF4, 0xAB, 0xF4, 0xF8, 0xF1, 0x60,
    0xF6, 0x78, 0x24, 0x8F, 0xB7, 0x6B, 0xF2, 0x38, 0xBE, 0x7F, 0x31, 0x0D, 0xEF, 0xE4, 0x81, 0x97,
    0x2E, 0x4E, 0x7C, 0x29, 0xE3, 0xC7, 0xBF, 0x5A, 0x7B, 0xE2, 0x98, 0xA9, 0xC5, 0x19, 0x68, 0xD3,
    0x9D, 0x74, 0xD6, 0xE1, 0x91, 0xAC, 0x59, 0xBE, 0xEF, 0xC2, 0xE0, 0xF8, 0x33, 0xD4, 0xF6, 0x03,
    0x88, 0x88, 0x0C, 0x18, 0xDC, 0xB4, 0xD0, 0xFA, 0x68, 0xF7, 0x20, 0x6B, 0x2C, 0xAD, 0x8A, 0x56,
    0x07, 0x75, 0x37, 0x01, 0xB9, 0x9C, 0xE2, 0x97, 0xA1, 0x51, 0xCE, 0x61, 0x92, 0x1B, 0xF4, 0x7C,
    0x76, 0x83, 0xD6, 0x36, 0x2C, 0xDD, 0x8E, 0xCD, 0x63, 0x11, 0x7B, 0x37, 0x4E, 0x06, 0x0F, 0x0B,
    0x7B, 0xE5, 0x53, 0xDF, 0xEA, 0xDC, 0x87, 0x5F, 0xF9, 0x75, 0x5F, 0x60, 0x02, 0xF1, 0xAD, 0xF3,
    0x6F, 0x19, 0x68, 0xE7, 0x11, 0x68, 0xE0, 0xD9, 0x41, 0xDA, 0x72, 0x69, 0x67, 0xB6, 0x60, 0x6E,
    0x8F, 0x56, 0x2F, 0xCF, 0x5E, 0xFD, 0x85, 0x92, 0x00, 0xB9, 0x4B, 0xED, 0xEF, 0x41, 0x7D, 0xCC,
    0x19, 0x47, 0xD2, 0xCC, 0xCC, 0xDE, 0xC9, 0xDC, 0xDE, 0x36, 0xFE, 0xEE, 0x3D, 0x6E, 0xAF, 0x30,
    0xFB, 0x0C, 0xF3, 0xBD, 0x52, 0x91, 0x5D, 0xC0, 0xD2, 0x69, 0xE5, 0xE6, 0xEE, 0x54, 0x42, 0x30,
    0x0F, 0x63, 0xEF, 0xEA, 0xAF, 0x2F, 0x33, 0x42, 0x5E, 0xFF, 0xA1, 0xB5, 0x94, 0xFC, 0xC3, 0x50,
    0xB2, 0x75, 0x02, 0xF3, 0xA7, 0x94, 0xC9, 0xF1, 0xB3, 0x89, 0xBC, 0xDC, 0xF4, 0xCD, 0x93, 0x71,
    0x74, 0x4A, 0x99, 0x71, 0x79, 0x28, 0xC8, 0x6D, 0xA1, 0xD2, 0x1D, 0x15, 0x85, 0x75, 0xEF, 0xD1,
    0x16, 0x75, 0x7C, 0xC9, 0x58, 0x6F, 0xBA, 0x4C, 0xD5, 0x97, 0x27, 0x74, 0x4F, 0xE5, 0x2A, 0xD7,
    0xB9, 0xB6, 0xCB, 0x63, 0xDF, 0x36, 0xC6, 0xC1, 0xEF, 0xD2, 0x3C, 0x7C, 0x99, 0xF2, 0xF0, 0x35,
    0x95, 0x85, 0x3B, 0x5E, 0x1A, 0x32, 0x7E, 0x50, 0x14, 0xAC, 0xEE, 0xF7, 0x69, 0x7D, 0x50, 0x06,
    0x42, 0xAD, 0x5C, 0xCA, 0xA8, 0x4C, 0xCB, 0xDA, 0x3E, 0xB6, 0x9E, 0x4B, 0xB9, 0x97, 0x8E, 0x32,
    0x44, 0x75, 0x19, 0xD9, 0x1C, 0xDB, 0xFE, 0x0C, 0x83, 0x66, 0x86, 0xC1, 0x55, 0xFC, 0xEC, 0x9D,
    0x8F, 0xFD, 0xCD, 0x66, 0x7C, 0xD8, 0xCD, 0xC2, 0x34, 0x36, 0xEE, 0x5D, 0x9F, 0x5F, 0x1E, 0x22,
    0x54, 0x4B, 0x7E, 0x5C, 0xFB, 0x06, 0xE4, 0xB6, 0xDC, 0xBB, 0x11, 0x10, 0x01, 0x33, 0x01, 0xEC,
    0x9F, 0x47, 0xB4, 0xDA, 0x51, 0xE9, 0x20, 0xD3, 0xE9, 0x95, 0x52, 0x26, 0x6F, 0x4B, 0x20, 0xD7,
    0x80, 0x8D, 0x4A, 0x99, 0x91, 0xC8, 0xAC, 0x9E, 0x94, 0x19, 0x62, 0x7F, 0x12, 0xBD, 0x98, 0xCB,
    0xBB, 0xA7, 0x13, 0x17, 0xDB, 0xC9, 0x32, 0xF5, 0x5C, 0x66, 0x69, 0xE7, 0x57, 0xC9, 0x2C, 0x23,
    0x4D, 0x0A, 0xC3, 0x78, 0xBE, 0xE7, 0x97, 0xA3, 0xC8, 0x74, 0xF1, 0xAC, 0x31, 0x62, 0xFA, 0x1C,
    0x40, 0x32, 0x3D, 0xB0, 0x81, 0x55, 0x2F, 0xB9, 0xCD, 0x5F, 0xC4, 0xBB, 0xBD, 0x3A, 0x17, 0x47,
    0x5C, 0x6F, 0x65, 0xF2, 0x56, 0x0B, 0xB6, 0x29, 0x39, 0x40, 0xFE, 0x27, 0x3F, 0xFB, 0x9F, 0xF9,
    0x89, 0xF1, 0x64, 0x16, 0xEE, 0x22, 0xD8, 0x4B, 0xCA, 0x60, 0xDF, 0x64, 0x72, 0x92, 0xB7, 0xBC,
    0x0B, 0xC8, 0x57, 0xBC, 0x7B, 0x89, 0xE6, 0xA5, 0xA3, 0xEB, 0xF8, 0x59, 0x25, 0x9D, 0x3B, 0x1A,
    0x1D, 0x70, 0x59, 0x07, 0xD8, 0xE9, 0xBF, 0xF3, 0x6E, 0x14, 0x70, 0x42, 0x9D, 0xCA, 0x9D, 0x41,
    0x17, 0x4A, 0x45, 0xCE, 0x89, 0xAF, 0xCA, 0x5A, 0xEA, 0x8C, 0x9F, 0x36, 0x4F, 0xAB, 0xC3, 0xCC,
    0xDA, 0x2D, 0x66, 0x7B, 0xCF, 0xE1, 0xDC, 0xA8, 0x79, 0xE7, 0xA4, 0xEF, 0x4B, 0xD5, 0x2F, 0xC6,
    0xD4, 0x19, 0x6B, 0x5B, 0x5C, 0x03, 0x7F, 0x59, 0x52, 0x7A, 0x9A, 0xCE, 0xF9, 0x1F, 0xCD, 0x5B,
    0x3D, 0x6C, 0x23, 0x49, 0x76, 0x7E, 0xDD, 0x3D, 0xA3, 0x9E, 0xDD, 0x9E, 0x51, 0xCB, 0xC0, 0xD8,
    0xBB, 0x5E, 0x69, 0xD4, 0x0A, 0x36, 0x98, 0x40, 0x12, 0x37, 0x90, 0x01, 0x06, 0xFC, 0x69, 0xDF,
    0x06, 0x1B, 0x38, 0xF0, 0x00, 0xF6, 0xC0, 0x81, 0x03, 0x6D, 0x70, 0xC1, 0x01, 0x07, 0x63, 0x04,
    0x43, 0x81, 0x80, 0xA3, 0x86, 0x7D, 0x36, 0x0C, 0x07, 0x4E, 0x94, 0x38, 0xB6, 0x42, 0x27, 0x86,
    0x15, 0xD0, 0x80, 0x00, 0x53, 0xAB, 0x3E, 0x38, 0xD8, 0xC0, 0x49, 0x9F, 0x3D, 0xC6, 0x25, 0x86,
    0xAF, 0xCF, 0x2B, 0xC0, 0xC1, 0xC1, 0xB8, 0xBE, 0x3B, 0xEE, 0x0D, 0x65, 0x53, 0xE2, 0x7D, 0xDF,
    0xAB, 0xEA, 0x26, 0xA9, 0x9F, 0x5B, 0xF9, 0x56, 0xA3, 0x31, 0xC9, 0xAE, 0xA1, 0xC8, 0x66, 0xD5,
    0xFB, 0x5E, 0xBD, 0x7A, 0xEF, 0x7B, 0xAF, 0x6A, 0x44, 0xFC, 0xF1, 0x50, 0xAE, 0x7C, 0x34, 0xB4,
    0xED, 0x6B, 0x7B, 0xC6, 0xC6, 0x3D, 0x62, 0xEB, 0xB7, 0xD8, 0x3E, 0x6A, 0xB3, 0x5D, 0xAA, 0xB1,
    0xDD, 0x88, 0xD8, 0x1E, 0x68, 0x9B, 0x85, 0x31, 0x6E, 0x4C, 0xC3, 0x04, 0x37, 0x8E, 0xC7, 0x68,
    0xE7, 0x25, 0x4C, 0x71, 0xA3, 0x04, 0x68, 0xEB, 0xDA, 0x1E, 0x88, 0x8F, 0x36, 0x13, 0x2F, 0x13,
    0xFF, 0x95, 0xF8, 0x27, 0xD2, 0x3D, 0x93, 0xE3, 0x31, 0x7E, 0x35, 0x2E, 0x2E, 0xC9, 0xE0, 0x9C,
    0xA5, 0x12, 0x8E, 0x53, 0xA9, 0x07, 0x89, 0xE4, 0x41, 0xEC, 0x25, 0x61, 0x1C, 0x48, 0x88, 0x4E,
    0x23, 0x59, 0x93, 0x75, 0x88, 0xD8, 0xC4, 0x85, 0xA7, 0x33, 0x7A, 0xD0, 0x0A, 0xFA, 0x5B, 0xED,
    0x51, 0x37, 0x0B, 0xB2, 0x56, 0xF5, 0xF3, 0x39, 0x79, 0x1F, 0xAD, 0x97, 0x1C, 0xF0, 0x0F, 0x4A,
    0xF3, 0x76, 0x11, 0xDE, 0xC3, 0xF3, 0x5D, 0x59, 0x15, 0x3F, 0xE9, 0x89, 0x37, 0xCE, 0x45, 0x8E,
    0xE3, 0xAF, 0x40, 0x2B, 0x37, 0x44, 0x7B, 0xFB, 0x48, 0x36, 0x14, 0xC3, 0xBE, 0xB6, 0xA9, 0x22,
    0x39, 0x93, 0xEE, 0x40, 0xBA, 0x23, 0x19, 0x8F, 0xF9, 0x63, 0x4F, 0x45, 0x0F, 0x74, 0xC4, 0x47,
    0xDA, 0xAE, 0x4E, 0xB5, 0xCB, 0x0B, 0xFA, 0x6D, 0xFE, 0xEB, 0xCC, 0xE2, 0xB6, 0xC1, 0xD5, 0x8E,
    0x4D, 0xC7, 0x4F, 0x71, 0x6D, 0xE1, 0x2A, 0xEC, 0x75, 0x8A, 0xCF, 0xF9, 0x9D, 0x2C, 0xB3, 0xEB,
    0xCF, 0x88, 0x75, 0xC4, 0xB1, 0x32, 0x34, 0x4F, 0x2A, 0x4D, 0x1E, 0x0F, 0x44, 0xA2, 0xBD, 0x17,
    0xD4, 0x49, 0x28, 0x6E, 0x8E, 0x06, 0xA0, 0x38, 0x20, 0x1E, 0xAA, 0x94, 0x66, 0xA5, 0x30, 0x6D,
    0x46, 0x55, 0xA3, 0x7F, 0x76, 0xEC, 0x7D, 0xDB, 0x02, 0xAD, 0xF5, 0x24, 0xCC, 0x30, 0xB4, 0x7B,
    0x3A, 0x87, 0xF1, 0x6B, 0xE7, 0xFC, 0x2A, 0xC4, 0x15, 0xD9, 0xAE, 0x76, 0xAC, 0x60, 0xE9, 0x64,
    0x22, 0x6B, 0x99, 0x38, 0xBF, 0x18, 0xE8, 0x3C, 0x47, 0x76, 0x76, 0xD8, 0x63, 0x0F, 0xD7, 0x60,
    0xEA, 0x1A, 0xC9, 0x33, 0x79, 0xE9, 0xA6, 0xD2, 0x86, 0x46, 0x83, 0x81, 0x4E, 0x1B, 0x3B, 0x09,
    0xD9, 0x5B, 0x93, 0x72, 0xE4, 0xC0, 0xE8, 0xC4, 0xEE, 0x1D, 0x81, 0xC2, 0x1B, 0x0F, 0x23, 0x04,
    0xB8, 0x6F, 0x75, 0x1E, 0x73, 0xEF, 0xDD, 0x02, 0x20, 0x2F, 0x2D, 0xE7, 0xC6, 0x4F, 0x2F, 0xAF,
    0xEE, 0x37, 0x0B, 0xC8, 0x29, 0xC4, 0x2B, 0xC4, 0xC9, 0x67, 0xC6, 0xAC, 0x65, 0x00, 0x02, 0x1C,
    0x91, 0xA2, 0xE8, 0x28, 0x86, 0x41, 0xF9, 0x82, 0xFC, 0x10, 0x1F, 0xD2, 0xAB, 0xF0, 0xB1, 0xC3,
    0xA5, 0x42, 0x13, 0x6F, 0x70, 0x8E, 0x43, 0x76, 0xE4, 0xC6, 0x77, 0x08, 0x80, 0x8F, 0x8F, 0x9C,
    0x04, 0xEB, 0x06, 0x6B, 0x13, 0xD2, 0x06, 0x9C, 0xA1, 0x8C, 0x26, 0x71, 0x0B, 0x33, 0xC3, 0x8E,
    0x45, 0xD6, 0x74, 0x05, 0x07, 0x2A, 0x8D, 0x97, 0x5F, 0x98, 0x9F, 0xF1, 0xF8, 0x54, 0x67, 0x6F,
    0x13, 0x63, 0x06, 0xA9, 0x3B, 0x64, 0x2B, 0x70, 0x2C, 0xF0, 0x18, 0x70, 0x29, 0xF0, 0x1E, 0x35,
    0x6D, 0xA3, 0x98, 0x43, 0x47, 0xFA, 0x27, 0xDA, 0x56, 0xD9, 0xD6, 0x14, 0x7E, 0x5B, 0x05, 0x7A,
    0xA9, 0x88, 0xF5, 0xE5, 0x60, 0xF8, 0xA1, 0x0E, 0x36, 0x90, 0x28, 0x91, 0xB9, 0xC1, 0x7D, 0x74,
    0xDC, 0x1E, 0x9F, 0x1B, 0x50, 0x8F, 0x81, 0x60, 0x71, 0x88, 0xE6, 0x37, 0x07, 0xC4, 0x51, 0x10,
    0x48, 0x81, 0x7B, 0x9D, 0x1C, 0xF6, 0xE3, 0x12, 0x3C, 0x1C, 0x89, 0x7A, 0x13, 0xD9, 0xA1, 0x9F,
    0xCA, 0xE0, 0x53, 0xE8, 0x50, 0xD4, 0x53, 0xD2, 0x83, 0x01, 0x13, 0x5D, 0x43, 0x03, 0xFF, 0xA8,
    0x67, 0x41, 0x33, 0x7A, 0x20, 0xED, 0xA0, 0xB3, 0x2D, 0x74, 0x2C, 0x62, 0x3C, 0xCB, 0x57, 0x40,
    0x4B, 0xAE, 0x84, 0x16, 0xC0, 0xF5, 0x7D, 0x0D, 0x68, 0xBA, 0xC0, 0x19, 0x6C, 0x6B, 0x03, 0xBB,
    0xDC, 0xCC, 0x9A, 0x1B, 0x13, 0x8C, 0xAB, 0xD6, 0x75, 0x01, 0x5F, 0x02, 0xD8, 0x17, 0xF0, 0x45,
    0x97, 0xF0, 0x35, 0x9D, 0xD1, 0x43, 0x8B, 0x6F, 0x58, 0xE1, 0x43, 0xBC, 0x89, 0xE5, 0xD2, 0x74,
    0x22, 0xE6, 0xF8, 0x19, 0x16, 0x44, 0x90, 0x3A, 0x99, 0x69, 0xC2, 0xC4, 0x49, 0x09, 0x94, 0xF0,
    0x3E, 0xA4, 0x4F, 0xDB, 0x20, 0xB8, 0x2D, 0x4A, 0x5D, 0xD0, 0x34, 0x73, 0x02, 0xCD, 0x89, 0x73,
    0xAF, 0xB2, 0x63, 0x2F, 0x01, 0x48, 0x3F, 0x06, 0xC6, 0x50, 0xE6, 0x4E, 0x9F, 0x6F, 0xE2, 0xDE,
    0x31, 0xCC, 0xB5, 0x36, 0xBE, 0xCC, 0x21, 0x68, 0x9D, 0x27, 0xB4, 0xCE, 0x1D, 0x88, 0xDE, 0x83,
    0xBC, 0x85, 0xEC, 0xC0, 0x11, 0xF4, 0xD6, 0x45, 0xFE, 0x17, 0xBD, 0x9E, 0x5A, 0x35, 0x0C, 0xD1,
    0xFB, 0x6E, 0x69, 0x9D, 0x13, 0x3A, 0x92, 0x31, 0xC8, 0x6C, 0xD3, 0xCF, 0x47, 0x83, 0x3B, 0x04,
    0x12, 0xE3, 0xB9, 0x0F, 0x69, 0x76, 0x82, 0x58, 0xDA, 0x67, 0xE5, 0x7A, 0xB9, 0x05, 0x50, 0x3A,
    0xC7, 0x1E, 0xBF, 0xE3, 0x2A, 0xBE, 0x33, 0x3C, 0x74, 0x2A, 0x03, 0x7A, 0xC3, 0x0B, 0x7E, 0xF0,
    0x04, 0x7E, 0x70, 0x07, 0x08, 0x00, 0x00, 0xF2, 0x43, 0x7C, 0x48, 0x7F, 0xAA, 0xB2, 0x43, 0xF4,
    0x5D, 0xE3, 0x07, 0x87, 0x6F, 0x5E, 0x3A, 0xF5, 0x43, 0x3E, 0xEF, 0x79, 0x58, 0x11, 0x08, 0xE5,
    0x33, 0xCD, 0x05, 0xEB, 0x75, 0x6F, 0x28, 0xEB, 0x88, 0xAC, 0x05, 0xB4, 0x0B, 0x3A, 0xC7, 0x58,
    0x3E, 0xD6, 0xCD, 0xF7, 0x41, 0x3D, 0xD0, 0xC7, 0xA7, 0x2E, 0x86, 0x68, 0xD0, 0x8E, 0xC2, 0xC3,
    0x3B, 0x57, 0xBE, 0xBA, 0xDA, 0x54, 0x56, 0xE9, 0xC3, 0x57, 0x8D, 0x31, 0x5D, 0xE5, 0xC3, 0x7F,
    0x3D, 0x83, 0xD2, 0xE8, 0xAA, 0x74, 0x41, 0x9D, 0xE5, 0x05, 0xBA, 0x70, 0xCA, 0xE0, 0x04, 0x3F,
    0xD4, 0x97, 0x20, 0x81, 0x53, 0x0A, 0x62, 0xF8, 0xB8, 0xE0, 0x57, 0x05, 0xA7, 0x60, 0x5C, 0x8C,
    0xE8, 0xD0, 0xFA, 0xFC, 0x6E, 0x97, 0xF8, 0x5A, 0x6C, 0x6A, 0x31, 0xE3, 0x5B, 0x06, 0x01, 0xDC,
    0x33, 0xBA, 0xB8, 0x9A, 0x3A, 0x34, 0x8D, 0x1C, 0x35, 0x4E, 0xDE, 0x77, 0x20, 0x86, 0x93, 0xD1,
    0x95, 0xC5, 0x1B, 0x64, 0xB9, 0x95, 0xB3, 0x3B, 0x83, 0xF3, 0x5A, 0xFE, 0xBD, 0xCD, 0x44, 0x1A,
    0x1E, 0x64, 0x39, 0x74, 0x71, 0xCB, 0x80, 0x8B, 0xA0, 0xA0, 0xA3, 0x2B, 0xC8, 0x0D, 0x06, 0xD0,
    0x98, 0x74, 0xC0, 0x36, 0xA4, 0xCD, 0x55, 0x96, 0x95, 0xD3, 0xE3, 0xFD, 0xCF, 0x33, 0xBA, 0x42,
    0xB0, 0x52, 0xE7, 0x2F, 0xFE, 0x3E, 0x07, 0x6B, 0xC6, 0x6F, 0x57, 0xA9, 0x86, 0x06, 0x6F, 0x6A,
    0x52, 0xDB, 0xED, 0xBD, 0x3F, 0x21, 0x71, 0xDD, 0xAB, 0x82, 0x71, 0x4A, 0x23, 0x2A, 0xC8, 0x01,
    0x6B, 0xF9, 0x15, 0x5C, 0xE3, 0x8D, 0x6A, 0xE3, 0xBE, 0x3C, 0xA0, 0x46, 0x20, 0x22, 0x23, 0x31,
    0x72, 0x19, 0x82, 0x78, 0x39, 0x23, 0xC1, 0xDD, 0x69, 0xC3, 0x90, 0xAE, 0xFC, 0x3A, 0xD2, 0xF5,
    0x66, 0xCD, 0x22, 0x54, 0xB3, 0xA8, 0xDE, 0x5D, 0xF1, 0xB8, 0x33, 0x45, 0xBC, 0x69, 0xA8, 0xAA,
    0xCE, 0xB8, 0x92, 0x2D, 0x2B, 0x57, 0xA4, 0x97, 0x54, 0x49, 0x91, 0x79, 0xF0, 0x1E, 0x22, 0x32,
    0x1F, 0xEA, 0xF0, 0x9A, 0x8D, 0x2D, 0xBF, 0x45, 0xE5, 0xD0, 0x66, 0xF9, 0x50, 0xB6, 0x20, 0xAF,
    0x95, 0xA2, 0xC7, 0x64, 0x5B, 0xF7, 0x26, 0x2B, 0x18, 0x7C, 0x07, 0x3E, 0xEC, 0x8F, 0x4F, 0x64,
    0xF3, 0x15, 0x4D, 0x29, 0xD0, 0x17, 0xC8, 0x11, 0x5F, 0x71, 0xD9, 0x1A, 0x8A, 0xA4, 0x88, 0xF0,
    0x5A, 0x17, 0xEB, 0xF8, 0x5A, 0xCF, 0x9F, 0xEF, 0xAA, 0x82, 0x3B, 0xE5, 0xAB, 0x64, 0x49, 0xD0,
    0x22, 0x5F, 0x4A, 0xB9, 0xA1, 0xCC, 0xB9, 0x53, 0x10, 0x25, 0xFC, 0x08, 0x3E, 0x3C, 0x31, 0x42,
    0x51, 0x24, 0x08, 0x44, 0x71, 0x28, 0xCC, 0xB7, 0xC8, 0x08, 0x45, 0x3E, 0x18, 0x18, 0x3F, 0xE8,
    0xD8, 0x8B, 0x4A, 0x21, 0x6E, 0x2F, 0xED, 0x8A, 0xF7, 0xF9, 0x38, 0xF6, 0xFF, 0x1B, 0x69, 0x65,
    0x1E, 0xC6, 0x78, 0x8A, 0x79, 0x2E, 0xE3, 0x59, 0x26, 0x98, 0x1D, 0xB4, 0x87, 0x1F, 0x36, 0x64,
    0xB0, 0xDF, 0x91, 0x71, 0x72, 0x28, 0x47, 0xD3, 0x08, 0x99, 0xA1, 0x90, 0x4C, 0x1A, 0x80, 0x16,
    0x24, 0x72, 0x62, 0x3C, 0xC4, 0xD9, 0xFC, 0xEB, 0xE7, 0x9B, 0x7F, 0x28, 0x16, 0xA4, 0x05, 0xCA,
    0x8B, 0x06, 0x04, 0xA8, 0x67, 0xC6, 0x96, 0x76, 0xA5, 0x04, 0x6B, 0xA1, 0x5A, 0xA0, 0x16, 0xAC,
    0x05, 0x2C, 0x26, 0x0E, 0x13, 0xF2, 0xA9, 0x54, 0x98, 0x2F, 0x00, 0xE4, 0xD5, 0x1E, 0x8F, 0x2E,
    0x03, 0xFC, 0xBB, 0x69, 0x80, 0x11, 0xAE, 0x75, 0x00, 0x6C, 0x02, 0xE2, 0x04, 0x60, 0x07, 0x00,
    0x77, 0x00, 0xB0, 0x47, 0x80, 0x51, 0xBC, 0x22, 0x7F, 0x9A, 0xAD, 0x48, 0x5A, 0xA4, 0x92, 0xB4,
    0xE3, 0xA9, 0x90, 0x87, 0x01, 0x4F, 0xA4, 0xC4, 0x4A, 0xB0, 0x1A, 0xED, 0x78, 0x45, 0xD6, 0x36,
    0x5B, 0xF6, 0x6A, 0xDA, 0x84, 0xC2, 0x22, 0x52, 0x2C, 0x03, 0x29, 0xC5, 0x47, 0xE0, 0x5C, 0x78,
    0x78, 0xF0, 0xD1, 0x4A, 0x7D, 0x6F, 0x25, 0x9A, 0x94, 0x57, 0xFC, 0x5C, 0x8E, 0x33, 0x7A, 0x21,
    0xBC, 0x68, 0x36, 0xC6, 0x4E, 0xD4, 0x21, 0xC0, 0xE2, 0xD7, 0xDF, 0x91, 0xD6, 0x53, 0x69, 0x17,
    0xA4, 0xD2, 0xDA, 0xC7, 0x6C, 0x34, 0xBE, 0x35, 0xD1, 0x82, 0xD9, 0xAE, 0xE7, 0x6E, 0x2E, 0x14,
    0x84, 0x58, 0xCC, 0xA6, 0xAC, 0x5D, 0xEF, 0x8B, 0xCA, 0x49, 0x6F, 0x96, 0x99, 0x23, 0xC6, 0x3C,
    0xB4, 0x66, 0x3C, 0xA7, 0x33, 0x89, 0xE4, 0xD0, 0xD7, 0x35, 0xBE, 0x44, 0x92, 0xCE, 0x22, 0x48,
    0xA0, 0x24, 0x61, 0xA4, 0x35, 0x02, 0x2B, 0x45, 0x37, 0xF3, 0x52, 0x2F, 0xF5, 0xD3, 0x20, 0x31,
    0xF3, 0xB8, 0x8C, 0xB1, 0x5B, 0xAB, 0xED, 0x22, 0x4A, 0x3D, 0xFC, 0x74, 0x55, 0xEA, 0xB8, 0xB9,
    0xF9, 0x2C, 0xDA, 0xA3, 0xA1, 0x4C, 0xD3, 0x36, 0x0A, 0x75, 0x32, 0x2B, 0x54, 0x3C, 0x11, 0xAA,
    0x55, 0x5A, 0x5F, 0xB5, 0xC2, 0x74, 0x61, 0xA9, 0x7A, 0xFD, 0xFC, 0xF8, 0xAA, 0x31, 0x9F, 0x62,
    0xCC, 0xB8, 0x74, 0x4E, 0x1C, 0x65, 0x5D, 0x4B, 0x0E, 0x61, 0x99, 0xF9, 0x6A, 0x24, 0x19, 0x33,
    0x59, 0x7D, 0xB1, 0x37, 0xE3, 0xB5, 0x6A, 0xB3, 0xEE, 0xB3, 0x53, 0x35, 0xEA, 0x43, 0x95, 0x98,
    0x54, 0x09, 0x8E, 0x53, 0x35, 0x86, 0xFC, 0x66, 0x65, 0x78, 0xF2, 0x13, 0x4B, 0x21, 0xD6, 0xE9,
    0xC8, 0xBA, 0x43, 0x43, 0x83, 0x4A, 0x02, 0xF8, 0x19, 0xEE, 0xFF, 0x21, 0xBE, 0x87, 0xCB, 0x5A,
    0x82, 0xEF, 0x5A, 0x28, 0x9D, 0x2D, 0x04, 0x79, 0x81, 0xBB, 0xBE, 0x9D, 0x99, 0x5E, 0x78, 0xB1,
    0xA3, 0xA0, 0xB4, 0x12, 0x1B, 0x75, 0xE8, 0x57, 0xD7, 0xAD, 0x7C, 0x0D, 0x7B, 0x1D, 0x5A, 0xEF,
    0x91, 0x9B, 0x9F, 0xF1, 0xB6, 0xED, 0x89, 0xD5, 0xF9, 0x50, 0xD4, 0xE2, 0x89, 0xF3, 0xA5, 0x66,
    0x83, 0x6A, 0x7B, 0x94, 0x2D, 0x4C, 0xF8, 0xCB, 0x30, 0xA6, 0xE8, 0xE1, 0xC7, 0x94, 0x38, 0x52,
    0x97, 0x5D, 0xEB, 0xAA, 0xE7, 0xFC, 0x21, 0x3F, 0x69, 0x6B, 0x8C, 0x6D, 0x2A, 0xAD, 0xEF, 0x30,
    0x36, 0x40, 0x0D, 0x23, 0x6D, 0x77, 0x55, 0x1B, 0x35, 0x55, 0x07, 0x66, 0x0C, 0xD3, 0x11, 0xBD,
    0xC2, 0x8C, 0x24, 0xEA, 0x32, 0xA6, 0x1F, 0xC6, 0x3A, 0x46, 0x53, 0xEF, 0x37, 0xB4, 0x9D, 0x62,
    0x31, 0xDF, 0xC4, 0xB2, 0x40, 0xDF, 0x1F, 0x14, 0x13, 0x1F, 0x48, 0x85, 0xBA, 0x95, 0x22, 0xBC,
    0xC4, 0x4F, 0xA3, 0xC4, 0x4F, 0x8E, 0x24, 0xF8, 0x38, 0x97, 0x10, 0x62, 0x86, 0xFB, 0x10, 0x17,
    0xDF, 0x2F, 0x63, 0x6E, 0xD6, 0xF0, 0x77, 0x13, 0x1A, 0x6A, 0x40, 0xD8, 0x0E, 0x26, 0x61, 0xC7,
    0xFD, 0x12, 0x44, 0xD3, 0x96, 0x1F, 0x11, 0x35, 0x18, 0x65, 0x78, 0x71, 0x48, 0x27, 0xB5, 0x74,
    0xBC, 0x32, 0x59, 0x27, 0xED, 0x66, 0x01, 0x0C, 0xA8, 0x2D, 0xDE, 0xF7, 0x40, 0x53, 0x3F, 0x4F,
    0x24, 0xF8, 0x5B, 0x61, 0x38, 0x94, 0x10, 0x7D, 0x87, 0x5C, 0x41, 0xE8, 0x77, 0x1D, 0xFD, 0x36,
    0x1D, 0x46, 0x9B, 0xD3, 0xB8, 0x21, 0xED, 0xC4, 0xCE, 0xB1, 0x32, 0xC4, 0xF3, 0x72, 0xEE, 0xEF,
    0xCF, 0xAC, 0x74, 0x5D, 0xEA, 0xBA, 0xCE, 0x4D, 0xC3, 0xD5, 0x6E, 0x78, 0xB7, 0x21, 0xDF, 0xB3,
    0xD6, 0x76, 0xC1, 0xE4, 0x90, 0x6E, 0x57, 0xBC, 0x3B, 0xA8, 0x78, 0xF7, 0x8B, 0x92, 0x77, 0x3F,
    0xD6, 0x2F, 0x07, 0x5C, 0xD0, 0x0B, 0xFC, 0x0B, 0xEA, 0xA3, 0xF6, 0x0A, 0x5D, 0x57, 0x39, 0xA5,
    0xB9, 0xD2, 0x17, 0x44, 0x6A, 0x39, 0x9A, 0x5B, 0x4B, 0xE3, 0xA1, 0x74, 0xB6, 0x04, 0x39, 0x75,
    0xFB, 0x0E, 0xE4, 0x9D, 0x30, 0x80, 0xBC, 0xAC, 0xC5, 0xE8, 0x3B, 0xAD, 0x2B, 0x2A, 0x79, 0xD0,
    0xB0, 0xFC, 0xDB, 0x32, 0x77, 0x26, 0x73, 0xFD, 0xD2, 0x07, 0x19, 0x07, 0x74, 0x3D, 0xAE, 0xC0,
    0xE0, 0xF2, 0x24, 0x5A, 0x62, 0x12, 0x1D, 0xA6, 0x36, 0xF0, 0x1B, 0xF7, 0x81, 0x69, 0x7E, 0xB7,
    0x34, 0x36, 0x6B, 0x09, 0xEC, 0x69, 0x3C, 0x46, 0x5F, 0x8B, 0x27, 0x2E, 0x7D, 0xA0, 0x47, 0x87,
    0xE3, 0x31, 0xE4, 0x7B, 0xB7, 0x05, 0xF5, 0x71, 0x63, 0x71, 0xD0, 0xF8, 0xA0, 0xD8, 0x91, 0xA2,
    0xE7, 0x14, 0xB9, 0x9B, 0xA7, 0x13, 0x99, 0x8D, 0xC0, 0xA5, 0xBF, 0x5D, 0xAE, 0x26, 0xE2, 0x81,
    0x74, 0xB6, 0x75, 0x22, 0x62, 0x3B, 0x11, 0xC1, 0xF5, 0x13, 0xA1, 0xBF, 0x6D, 0xB3, 0x82, 0x83,
    0xA6, 0xC5, 0x7E, 0x2E, 0x49, 0xE7, 0x92, 0xCE, 0xF9, 0x57, 0x4B, 0xF7, 0xCD, 0xEB, 0x2D, 0xE5,
    0x9F, 0x93, 0xE0, 0x6F, 0xB2, 0x70, 0x33, 0x0D, 0xED, 0x20, 0x53, 0x96, 0x72, 0x49, 0xC0, 0xEB,
    0x2D, 0xE5, 0x1B, 0xF8, 0x3B, 0x22, 0x41, 0xD6, 0x32, 0x50, 0x17, 0x6F, 0x7C, 0xCE, 0xFF, 0xFC,
    0xEE, 0x0D, 0xD5, 0x77, 0x9D, 0x05, 0xFC, 0x2C, 0x71, 0xCE, 0xE9, 0xC8, 0xDB, 0x99, 0xFC, 0xC1,
    0x57, 0x59, 0x80, 0x89, 0x2A, 0xEA, 0xF5, 0xCD, 0x02, 0x55, 0xF7, 0x68, 0x62, 0x81, 0x5D, 0x9E,
    0x29, 0x77, 0x2D, 0xA2, 0x5C, 0x7E, 0xEB, 0x15, 0x73, 0x56, 0xF8, 0xC4, 0xF9, 0x11, 0x25, 0x7A,
    0x74, 0xC4, 0xD2, 0xFF, 0x12, 0x5C, 0x01, 0xC2, 0x5C, 0x14, 0xC3, 0x82, 0x56, 0x43, 0xFA, 0xCA,
    0xBA, 0x9F, 0xC3, 0x91, 0x6F, 0x78, 0xC5, 0x23, 0x96, 0xEB, 0x87, 0xDA, 0x1E, 0x2D, 0x71, 0x2F,
    0xA4, 0xBD, 0x44, 0xB7, 0x12, 0x7D, 0x8B, 0x24, 0x34, 0x1C, 0xD0, 0x9E, 0xFD, 0x01, 0x9D, 0x0C,
    0xFC, 0x8D, 0xFF, 0x8A, 0x92, 0xB7, 0xCF, 0xB9, 0xD1, 0x60, 0x68, 0xB3, 0xC6, 0xFC, 0x58, 0xD5,
    0x8A, 0x48, 0xC8, 0x9F, 0x97, 0x42, 0x39, 0xFB, 0xB5, 0xA4, 0xFB, 0x2F, 0xE3, 0xF4, 0xBD, 0xFF,
    0xF0, 0x53, 0xAF, 0xF0, 0x11, 0xCD, 0xFC, 0x24, 0x48, 0xC0, 0xE8, 0xA7, 0xE8, 0x9E, 0xDD, 0x4F,
    0x78, 0xD0, 0x94, 0xC6, 0x76, 0x03, 0xD3, 0xD1, 0x90, 0xD6, 0x5B, 0x43, 0x63, 0x1E, 0x86, 0x4A,
    0xB7, 0xA6, 0xDA, 0x27, 0x53, 0xDB, 0x24, 0x93, 0xFB, 0xBE, 0x16, 0xBA, 0x85, 0x09, 0xF9, 0xD1,
    0xAD, 0x92, 0x7D, 0x9B, 0x82, 0xE8, 0xE3, 0x5D, 0x59, 0xA1, 0x6E, 0xBF, 0x4B, 0xEF, 0xEB, 0x98,
    0xA2, 0xE0, 0xEE, 0xC5, 0xC2, 0xE0, 0x5B, 0xD1, 0xCE, 0xFB, 0xB2, 0x27, 0xF3, 0x18, 0x25, 0xD8,
    0x84, 0x78, 0x23, 0x6B, 0x93, 0xF1, 0xAD, 0x68, 0x24, 0x50, 0xF4, 0xC6, 0xD4, 0x4D, 0xAB, 0x9C,
    0xC3, 0x86, 0xB5, 0xB5, 0x19, 0xDD, 0xAF, 0xCD, 0x71, 0xCF, 0x63, 0xD4, 0x86, 0x04, 0xF7, 0x77,
    0xF3, 0xBE, 0xA6, 0xED, 0x87, 0xBA, 0x20, 0x4C, 0x0D, 0xDD, 0x44, 0x5C, 0x6D, 0x1D, 0xAD, 0x43,
    0x33, 0xE6, 0xBA, 0xB9, 0x46, 0xDD, 0xCC, 0xFB, 0x5E, 0x82, 0xAE, 0xFD, 0xBF, 0x62, 0xA6, 0xCD,
    0xFA, 0x93, 0x9F, 0xF8, 0xF9, 0x25, 0xAD, 0xBE, 0x67, 0xB4, 0x9A, 0x5C, 0xA5, 0xD5, 0xDA, 0x35,
    0x5A, 0x75, 0x8C, 0x56, 0xFB, 0x53, 0x5A, 0xAD, 0x19, 0xAD, 0x0E, 0x27, 0x5A, 0xF5, 0x54, 0xAB,
    0x8E, 0xD1, 0x6A, 0x66, 0x6A, 0x20, 0x44, 0xFF, 0xAF, 0xEA, 0x67, 0xCE, 0x2C, 0x15, 0xAF, 0x34,
    0xF9, 0x47, 0xD4, 0xE4, 0xC0, 0x68, 0xD2, 0xE8, 0x72, 0x92, 0x2A, 0x45, 0xE4, 0x84, 0xD0, 0x4C,
    0xB3, 0xDC, 0x8B, 0x53, 0xCE, 0xB4, 0x63, 0x8D, 0xAA, 0x30, 0x4C, 0x83, 0xF1, 0x7C, 0xD9, 0x6E,
    0x2E, 0x4C, 0xD8, 0xE1, 0x15, 0x0F, 0x87, 0x19, 0x66, 0xED, 0x77, 0xFB, 0x86, 0xFF, 0x20, 0x96,
    0x85, 0x49, 0x40, 0x7F, 0x84, 0x95, 0xED, 0x65, 0x35, 0x2A, 0xAE, 0xC5, 0x10, 0xD7, 0xE4, 0xBB,
    0x0E, 0x9B, 0x3E, 0x15, 0xD8, 0xE7, 0xF2, 0x27, 0xA1, 0x48, 0x3A, 0xF4, 0xAE, 0x4D, 0xAE, 0x98,
    0x9A, 0x6E, 0xAD, 0xC4, 0xB0, 0x1F, 0xEF, 0x84, 0x6C, 0xB5, 0x3B, 0xD0, 0xAC, 0xEB, 0x8A, 0x4A,
    0x73, 0x2E, 0xCE, 0x09, 0xC8, 0x4F, 0x52, 0xD3, 0xCC, 0xA8, 0x89, 0x1F, 0x75, 0x70, 0x1D, 0xE2,
    0xFD, 0x10, 0xD7, 0x00, 0x82, 0x0F, 0xF0, 0xE9, 0x10, 0x98, 0x3A, 0xC0, 0x53, 0xFB, 0x24, 0xE5,
    0x8E, 0x66, 0x09, 0x84, 0xA5, 0x47, 0x37, 0x25, 0x1F, 0x3C, 0x4E, 0xEF, 0x1A, 0x0D, 0xCB, 0xCD,
    0x39, 0xAC, 0xA3, 0x07, 0x1B, 0xD0, 0x72, 0xF3, 0xC9, 0x2D, 0x21, 0x0B, 0x38, 0x5F, 0x11, 0x23,
    0x4F, 0x8B, 0x91, 0xFA, 0x90, 0x33, 0x9A, 0xD3, 0xA1, 0x26, 0xC9, 0xDD, 0x20, 0x93, 0xE2, 0x40,
    0xDC, 0x9F, 0xC1, 0x48, 0x3F, 0x4F, 0x95, 0x25, 0x3E, 0x7D, 0xFA, 0xF5, 0x51, 0x39, 0xC7, 0x48,
    0xCA, 0x91, 0xF8, 0x40, 0x3C, 0x44, 0xB6, 0x5D, 0x0C, 0x1C, 0xD0, 0xBB, 0xB4, 0xF0, 0x0F, 0xE2,
    0x5D, 0x53, 0xE6, 0x18, 0x6A, 0x1B, 0xA2, 0x1B, 0x38, 0x1D, 0xAC, 0x14, 0x00, 0xE8, 0xBB, 0xFC,
    0x42, 0xB8, 0xCD, 0x02, 0x81, 0x07, 0x1E, 0xCB, 0x41, 0x52, 0x78, 0xE4, 0x00, 0x4E, 0xE1, 0xF1,
    0x36, 0xA5, 0xBE, 0x1D, 0x2A, 0xE0, 0x1E, 0xEB, 0x24, 0x39, 0x9C, 0x74, 0x8D, 0x71, 0x7F, 0x15,
    0x9D, 0xA1, 0xD7, 0x06, 0x12, 0xB1, 0xE0, 0xDF, 0x9E, 0xC3, 0x2B, 0xBC, 0xC0, 0xE0, 0x2C, 0xFF,
    0xE4, 0xEE, 0x19, 0xC4, 0xEF, 0xAF, 0x47, 0x00, 0xB0, 0xDE, 0x0B, 0x62, 0x40, 0xC8, 0x02, 0x82,
    0x48, 0x97, 0x85, 0x30, 0x76, 0xE0, 0x3E, 0x42, 0x9F, 0xF5, 0xA2, 0xF0, 0xC8, 0x6E, 0x06, 0xA1,
    0x6D, 0xAB, 0x9F, 0xEE, 0xC6, 0xEF, 0xE0, 0x9E, 0x1F, 0x67, 0x3B, 0x00, 0xF5, 0xE7, 0xAC, 0x3D,
    0x9F, 0x5A, 0x22, 0xAE, 0xA9, 0xC5, 0x71, 0xB9, 0x49, 0xA4, 0x8C, 0xE1, 0xDE, 0xCC, 0x56, 0x5C,
    0x90, 0xBD, 0x80, 0xBB, 0x4C, 0x7D, 0xE5, 0x65, 0x05, 0x29, 0x19, 0x9A, 0xD8, 0x34, 0x39, 0xD5,
    0x98, 0x42, 0xEC, 0x2E, 0xD7, 0x07, 0x4C, 0xA8, 0x45, 0x27, 0xD8, 0x24, 0x8F, 0xEC, 0xD0, 0xB3,
    0xF6, 0x19, 0x21, 0x46, 0x26, 0x37, 0xDC, 0xA5, 0x30, 0x2D, 0x26, 0x24, 0xB5, 0x67, 0xC8, 0x10,
    0x59, 0x4B, 0x7E, 0xA2, 0xE1, 0xA9, 0xAF, 0xAC, 0x27, 0xA3, 0x7F, 0xD2, 0x0C, 0xD0, 0xCD, 0x46,
    0xDD, 0x1F, 0x8C, 0xBC, 0x7F, 0xA7, 0x4A, 0x74, 0xD4, 0xD9, 0x9C, 0xB9, 0xCC, 0x85, 0xEB, 0x77,
    0x20, 0xA0, 0xD9, 0x1C, 0x9C, 0xCD, 0x37, 0x57, 0xAB, 0x54, 0x69, 0xA6, 0xA2, 0xDF, 0x6B, 0x4B,
    0xF4, 0x25, 0x5C, 0xC4, 0x6B, 0x13, 0x16, 0x99, 0x93, 0xB9, 0x45, 0x59, 0x4A, 0xB9, 0x3A, 0x69,
    0x9C, 0x9F, 0x0A, 0xD7, 0xB6, 0xBC, 0xA3, 0x9F, 0x3D, 0x9C, 0xCE, 0x12, 0x65, 0x8F, 0x3B, 0xE2,
    0xF5, 0xB5, 0x72, 0x3F, 0x2A, 0x48, 0x2F, 0x6D, 0x96, 0xBE, 0x39, 0x05, 0x24, 0x2E, 0x22, 0xC1,
    0x23, 0xB3, 0x15, 0x8D, 0x98, 0xA2, 0xE6, 0x31, 0x37, 0x95, 0x34, 0x64, 0x23, 0xC1, 0x54, 0x09,
    0xE6, 0x4A, 0x73, 0x07, 0x3F, 0x9B, 0x70, 0xA9, 0xEB, 0xB2, 0xE2, 0xBA, 0xF9, 0x69, 0x61, 0xF6,
    0xA4, 0xB8, 0xD1, 0x42, 0xF6, 0x4A, 0x5D, 0x5B, 0xFF, 0xC0, 0x42, 0xE1, 0xEE, 0x37, 0x10, 0xFC,
    0x1C, 0x16, 0x1F, 0x73, 0x55, 0x60, 0x6E, 0x13, 0xC5, 0x33, 0xCB, 0x5D, 0x29, 0x8B, 0x37, 0xB4,
    0x1F, 0xB4, 0x35, 0x33, 0x68, 0x60, 0xB4, 0x06, 0xFE, 0xED, 0xB0, 0x84, 0x0A, 0xED, 0x07, 0x7A,
    0xF2, 0x66, 0xBE, 0xDC, 0x2F, 0xED, 0x31, 0x98, 0xC1, 0xDF, 0x99, 0x1A, 0x43, 0x37, 0x73, 0x7F,
    0x54, 0x78, 0x69, 0x0F, 0x33, 0x82, 0x95, 0x86, 0xEE, 0x1D, 0xC4, 0x94, 0xAE, 0x86, 0x6D, 0x3F,
    0x5D, 0xF1, 0xD2, 0x8E, 0x9F, 0x36, 0x23, 0xB3, 0xDD, 0xB1, 0x66, 0x96, 0x87, 0xFB, 0x5F, 0xAC,
    0xE1, 0x16, 0xF2, 0x40, 0x89, 0xCD, 0x45, 0x29, 0x0B, 0x8F, 0x92, 0xDE, 0x40, 0xCA, 0xFA, 0x05,
    0x29, 0x17, 0x29, 0xA5, 0x93, 0x59, 0x65, 0x40, 0xCB, 0xF5, 0x27, 0xDC, 0x5D, 0x9E, 0xA8, 0xB8,
    0x9B, 0x08, 0x44, 0x85, 0xF9, 0x70, 0xA7, 0x66, 0x5B, 0x4B, 0xEB, 0x1C, 0x87, 0xF2, 0x52, 0x60,
    0x25, 0x1A, 0xF8, 0x70, 0x01, 0xF6, 0xD5, 0xA1, 0x2B, 0x8A, 0xEC, 0x2E, 0xCD, 0x6D, 0xCA, 0xF7,
    0x91, 0x4D, 0xD2, 0x0E, 0xAD, 0x7D, 0x62, 0x5A, 0xEF, 0x2F, 0x5B, 0x87, 0x71, 0x63, 0x4D, 0x3A,
    0x31, 0xA9, 0x07, 0x03, 0xFA, 0x16, 0x97, 0xCF, 0x42, 0x4F, 0xCB, 0x04, 0xE6, 0x38, 0x0F, 0x1C,
    0xF6, 0x0F, 0x52, 0x93, 0xAF, 0x3F, 0x9E, 0x40, 0xBF, 0x4D, 0x08, 0xCA, 0xBD, 0x90, 0x80, 0x6D,
    0x40, 0xFE, 0xB5, 0x1D, 0x73, 0xDA, 0x85, 0xBA, 0x74, 0xA6, 0xD6, 0x12, 0x12, 0x29, 0xA3, 0xEA,
    0x9E, 0xAE, 0xD4, 0xEB, 0x54, 0xBD, 0x72, 0x41, 0xD5, 0x11, 0xBC, 0x73, 0xBA, 0xE6, 0x0C, 0xFC,
    0xA4, 0xE1, 0x14, 0x7E, 0x52, 0x77, 0x0B, 0x3F, 0xDE, 0x40, 0x63, 0xD3, 0xE9, 0xA9, 0xE2, 0xD3,
    0x57, 0x67, 0xF0, 0xED, 0x92, 0xB1, 0x3B, 0x2F, 0x9F, 0x71, 0x3F, 0x9E, 0x50, 0x3F, 0xD4, 0xCD,
    0x3C, 0x29, 0x7D, 0x42, 0x58, 0x51, 0xCA, 0xA0, 0x3C, 0x85, 0xC4, 0xE2, 0xDF, 0x2A, 0x57, 0x57,
    0x84, 0x30, 0x51, 0x25, 0xE6, 0x39, 0x95, 0x3D, 0x93, 0xE4, 0x7E, 0x22, 0xE1, 0x39, 0xA9, 0x1C,
    0x96, 0xA9, 0xA7, 0x39, 0x38, 0x77, 0x28, 0x0F, 0xF8, 0xFA, 0x8D, 0x42, 0x13, 0xB2, 0x77, 0x38,
    0x8E, 0xFF, 0x67, 0xDC, 0x28, 0xFC, 0xC9, 0xE4, 0x68, 0x97, 0x7D, 0xBC, 0x69, 0x9C, 0xD6, 0xB9,
    0x37, 0x64, 0xA1, 0x2E, 0xDB, 0x5B, 0x72, 0xF0, 0x0C, 0x20, 0xBA, 0xE3, 0x6C, 0x06, 0xC1, 0xE5,
    0xF2, 0xE9, 0xAA, 0x96, 0x4F, 0x39, 0x4E, 0x9F, 0x9B, 0x22, 0xDE, 0xE6, 0x27, 0x78, 0xFB, 0xC0,
    0xBD, 0x92, 0x22, 0x76, 0xC7, 0x31, 0x48, 0xDC, 0x7B, 0x27, 0x32, 0x77, 0x42, 0x71, 0x1D, 0x4D,
    0x56, 0xDD, 0xB2, 0x0D, 0x74, 0x03, 0x17, 0x22, 0x7B, 0x65, 0x95, 0x22, 0x54, 0x1D, 0x47, 0xDA,
    0xD6, 0xD4, 0xF4, 0x5B, 0xAA, 0xEB, 0xA6, 0xD6, 0x5A, 0x4D, 0x14, 0xD2, 0x73, 0x34, 0xC4, 0x53,
    0xB0, 0xEE, 0xA5, 0x05, 0x64, 0x73, 0x54, 0xED, 0x58, 0x09, 0x95, 0x9F, 0x2D, 0xC8, 0xC3, 0x83,
    0x8F, 0x64, 0xA5, 0xBE, 0x27, 0xD3, 0xC5, 0x6A, 0x56, 0xB8, 0x60, 0xD5, 0xC7, 0x60, 0xF4, 0x9E,
    0x2D, 0x93, 0x7A, 0x69, 0x40, 0x82, 0x6C, 0x52, 0x8D, 0xB8, 0x4C, 0x35, 0xD6, 0xF1, 0x3C, 0x7A,
    0x50, 0xF3, 0x77, 0xEB, 0xB5, 0x51, 0x3B, 0x0F, 0x33, 0xA4, 0xF0, 0xEE, 0xA5, 0x52, 0xDE, 0xDB,
    0xC5, 0x78, 0xA1, 0xE4, 0x5D, 0x62, 0xEB, 0xFE, 0x4A, 0x6C, 0xD1, 0xD5, 0xD8, 0x4A, 0x66, 0xCC,
    0x2D, 0x2B, 0x27, 0xD3, 0xB2, 0xE4, 0x71, 0xF6, 0xFF, 0x04, 0xE7, 0x02, 0x9E, 0x75, 0x64, 0x70,
    0x4F, 0x5C, 0x1E, 0x2C, 0xC4, 0x3C, 0x4C, 0x4D, 0xC3, 0x82, 0xC4, 0x8B, 0xF0, 0x50, 0xD3, 0x98,
    0xFD, 0x9B, 0xCE, 0xA7, 0x0D, 0xE9, 0x75, 0x3D, 0x2F, 0xBA, 0xA5, 0x2B, 0xFD, 0x53, 0x6D, 0xB7,
    0xF6, 0x27, 0x95, 0x92, 0xB7, 0x84, 0x99, 0x35, 0x71, 0xEF, 0x2F, 0xD1, 0x1B, 0x5C, 0x85, 0xFF,
    0xC9, 0x0C, 0x66, 0xD7, 0xCC, 0x71, 0x76, 0x69, 0x8E, 0x93, 0xD9, 0x39, 0x5E, 0xBE, 0x84, 0xD7,
    0xFF, 0x98, 0x80, 0xA3, 0xDF, 0x67, 0xDB, 0x52, 0xA7, 0xA0, 0x59, 0x82, 0x64, 0x07, 0x6F, 0x7D,
    0x8E, 0x65, 0x15, 0x8E, 0xB4, 0x0F, 0xBF, 0x37, 0x18, 0x88, 0xF7, 0x4F, 0x18, 0x6A, 0xAA, 0x26,
    0xFD, 0xA9, 0xEC, 0xD5, 0x80, 0xF7, 0xDB, 0xC4, 0x9B, 0x11, 0x2F, 0x12, 0xDA, 0xF4, 0x5A, 0xBC,
    0x4F, 0x4B, 0xBC, 0xFF, 0x37, 0x14, 0xF1, 0xD5, 0x28, 0xE6, 0x55, 0xFE, 0x27, 0x53, 0x28, 0x76,
    0xA6, 0x50, 0xE4, 0x8A, 0x82, 0x76, 0x72, 0x6C, 0x8A, 0xBA, 0x75, 0xA9, 0xCE, 0x7A, 0xB9, 0x53,
    0x95, 0x08, 0x53, 0x9F, 0xF1, 0xBE, 0x6F, 0x8E, 0xC7, 0x6A, 0xB9, 0xC3, 0x99, 0x60, 0x4A, 0x6F,
    0x84, 0xA9, 0x00, 0x26, 0x5B, 0xAB, 0x7F, 0x68, 0x47, 0xDA, 0xB6, 0xD7, 0xEE, 0x33, 0x6B, 0xAD,
    0x61, 0xC5, 0x5D, 0x28, 0xC0, 0x7F, 0x6A, 0x71, 0x22, 0x88, 0x77, 0x64, 0x3A, 0xB7, 0xD0, 0xD3,
    0x62, 0xF0, 0xFC, 0xC7, 0xA3, 0xC5, 0x13, 0xE7, 0x28, 0x5E, 0xDC, 0x83, 0x3E, 0x46, 0xC0, 0xEC,
    0x65, 0x08, 0xB8, 0xF3, 0xAC, 0x72, 0x1C, 0x61, 0xD6, 0xA0, 0xE8, 0x26, 0xC6, 0xF0, 0xB2, 0xF9,
    0x35, 0xF0, 0x06, 0x2F, 0x5F, 0x5A, 0x07, 0x8D, 0xF3, 0xF2, 0xFA, 0x32, 0xCB, 0x3B, 0xF9, 0x56,
    0x04, 0x44, 0x6E, 0x9E, 0x87, 0x90, 0xC6, 0xFD, 0x69, 0x1A, 0x42, 0x4B, 0xCE, 0xCF, 0x93, 0x10,
    0x93, 0xED, 0xBC, 0x56, 0x36, 0x05, 0x4A, 0x11, 0xF4, 0xCC, 0x16, 0xBB, 0x39, 0xCB, 0x42, 0x86,
    0x0A, 0xBD, 0x68, 0x88, 0xCA, 0xED, 0x71, 0x62, 0x5B, 0x1C, 0xD3, 0xDD, 0x15, 0xE7, 0xC7, 0x94,
    0xD9, 0x63, 0xB5, 0x14, 0x96, 0xB3, 0x3F, 0x63, 0x8E, 0xF8, 0xED, 0xBE, 0x9B, 0x45, 0x85, 0xE4,
    0x7E, 0xF6, 0x3B, 0x05, 0x22, 0x5F, 0xFA, 0xAC, 0xF0, 0xB8, 0x37, 0x3E, 0x08, 0x98, 0xD7, 0x0D,
    0xE6, 0x0B, 0xCC, 0x58, 0x6F, 0xB5, 0xC0, 0xF0, 0xBD, 0x8D, 0x02, 0x8A, 0xE9, 0xE5, 0x48, 0x45,
    0xE5, 0x1F, 0xD2, 0x9F, 0xA2, 0xB7, 0x7F, 0x8C, 0x7F, 0x1E, 0xB3, 0xC8, 0x73, 0xAE, 0x69, 0xC4,
    0x50, 0x6B, 0x66, 0x53, 0x3B, 0x2D, 0xF7, 0xCA, 0xA8, 0xE8, 0xBC, 0xA6, 0x49, 0xC6, 0x07, 0xFC,
    0x68, 0xA1, 0x54, 0x93, 0x37, 0xCE, 0x17, 0x4F, 0x64, 0x97, 0x94, 0x7E, 0x83, 0xFC, 0x07, 0x2C,
    0x6B, 0xC0, 0xA2, 0xCB, 0x88, 0x00, 0xFA, 0xA4, 0x64, 0xCD, 0x25, 0xAE, 0xA5, 0x8D, 0xF2, 0x14,
    0x8A, 0x96, 0x9F, 0xC2, 0xEA, 0x38, 0xC4, 0x15, 0x75, 0x73, 0xE7, 0x65, 0x5C, 0x05, 0x5E, 0xAD,
    0x77, 0x2A, 0x9B, 0xE3, 0x29, 0x5C, 0x59, 0xE2, 0x6F, 0xB6, 0xBC, 0xE9, 0x93, 0x7C, 0x51, 0x0C,
    0x33, 0xEA, 0xC2, 0x40, 0xE4, 0xF3, 0x34, 0x48, 0x9D, 0x8F, 0x4D, 0xAE, 0x1E, 0x31, 0xEA, 0xAF,
    0x91, 0xD4, 0x35, 0x58, 0x9C, 0xDA, 0x62, 0x9D, 0x8A, 0x84, 0xE9, 0x47, 0x1C, 0xFD, 0x0B, 0xFE,
    0xFE, 0x75, 0x75, 0x34, 0x7C, 0x58, 0x19, 0xA4, 0x1E, 0x58, 0xB0, 0xDC, 0x5C, 0x76, 0x35, 0x8B,
    0xCB, 0xAB, 0x63, 0x2B, 0x21, 0xED, 0x3A, 0x8A, 0x47, 0x7C, 0xD7, 0x9B, 0x31, 0x95, 0x37, 0xAD,
    0x03, 0x7A, 0x20, 0xA5, 0x7A, 0x66, 0x57, 0x92, 0x1F, 0xAD, 0x4C, 0x9F, 0xD6, 0x42, 0xB2, 0x14,
    0xA5, 0x20, 0x55, 0x6D, 0xAE, 0xA8, 0x23, 0x34, 0xCE, 0xD0, 0x56, 0xBA, 0xCC, 0x48, 0x4A, 0x69,
    0xB8, 0xBF, 0xAF, 0xBB, 0x71, 0x17, 0x3E, 0xEF, 0x9B, 0xCF, 0x9F, 0xD0, 0x86, 0xD6, 0x4C, 0xAD,
    0xA0, 0xFD, 0xFC, 0x79, 0x1F, 0x1E, 0xCE, 0xFC, 0x3F, 0x88, 0x05, 0x53, 0xF2, 0xD2, 0x84, 0x51,
    0xE7, 0xDF, 0x1C, 0xDA, 0x78, 0xDF, 0x0C, 0xFF, 0xA1, 0xBC, 0xEF, 0x8C, 0xF7, 0xB6, 0xBD, 0x9F,
    0x9C, 0xE7, 0x5E, 0xF2, 0x22, 0xF5, 0x59, 0x75, 0xD0, 0x13, 0xEA, 0xFB, 0x46, 0x93, 0x04, 0xBF,
    0xE1, 0x24, 0x42, 0x57, 0x9C, 0xBB, 0xD9, 0xFC, 0x99, 0x9B, 0x36, 0x6A, 0x63, 0x59, 0xF0, 0x75,
    0x4A, 0x95, 0x79, 0x55, 0xBA, 0x90, 0xBB, 0xC2, 0x14, 0xD9, 0x03, 0x39, 0xD1, 0xE5, 0xD8, 0xFD,
    0x59, 0xDC, 0xF0, 0xC6, 0xC3, 0x03, 0xEF, 0xBB, 0xC7, 0xA9, 0x87, 0xF0, 0xE8, 0x63, 0x9D, 0xDF,
    0x67, 0x56, 0x40, 0x57, 0xF5, 0x2E, 0x0F, 0xDF, 0x5B, 0x2C, 0x99, 0xC1, 0xB2, 0xDA, 0xB6, 0x58,
    0x9C, 0xE4, 0x1D, 0x1A, 0x11, 0xD7, 0x75, 0x2B, 0xBF, 0x73, 0x40, 0xCA, 0x4B, 0x96, 0xD0, 0x27,
    0x56, 0xCB, 0x17, 0xA9, 0xF9, 0x6F, 0x14, 0xCD, 0x49, 0xC6, 0xB2, 0x20, 0x8F, 0x31, 0x49, 0x3B,
    0x98, 0xA4, 0x62, 0x32, 0x49, 0xAB, 0x48, 0x30, 0x6E, 0x32, 0x49, 0xBA, 0x0B, 0xED, 0x7C, 0xC1,
    0x53, 0x7A, 0xC8, 0x3E, 0x8C, 0xC1, 0x6A, 0xB3, 0x5E, 0x6D, 0x22, 0x35, 0xAA, 0xA6, 0x53, 0xED,
    0x9C, 0xF4, 0xA6, 0x4F, 0xF4, 0xDA, 0xAD, 0xEF, 0x6A, 0x0B, 0xCF, 0xAD, 0x08, 0xF9, 0xA4, 0xA9,
    0xF6, 0xBF, 0x4D, 0xEF, 0x74, 0x7C, 0xDB, 0xEC, 0xF3, 0xBC, 0x28, 0x89, 0xC6, 0x2F, 0x01, 0xCD,
    0x56, 0xBD, 0x6E, 0xE4, 0x54, 0x18, 0x3D, 0xB6, 0x97, 0x38, 0x8B, 0x49, 0x4C, 0x81, 0x58, 0xA4,
    0x0D, 0x63, 0x8A, 0x2D, 0x52, 0x24, 0x31, 0x45, 0x8A, 0x14, 0x93, 0xB1, 0x97, 0x86, 0x82, 0x66,
    0x3B, 0x4A, 0x5A, 0x1A, 0xA4, 0x14, 0x5B, 0xA4, 0x98, 0xEC, 0xDC, 0x86, 0x8A, 0x82, 0x3C, 0x42,
    0xDE, 0x80, 0x14, 0x20, 0x45, 0x62, 0xC2, 0xF8, 0x11, 0x2C, 0xB4, 0x12, 0x1D, 0x32, 0x68, 0x1E,
    0xC0, 0xC5, 0x14, 0x01, 0xCD, 0xAC, 0x39, 0xE7, 0xB3, 0x67, 0xB2, 0xC9, 0x52, 0xA1, 0x8D, 0x88,
    0x57, 0xF7, 0xC4, 0x3B, 0xB6, 0xEF, 0x3D, 0xDF, 0xF9, 0x7E, 0x01, 0xE0, 0x01, 0x17, 0x0E, 0x57,
    0xB0, 0x2B, 0xD8, 0x81, 0xD7, 0x9C, 0xEE, 0x23, 0x7D, 0x7A, 0x79, 0x86, 0x2B, 0xA4, 0x79, 0x50,
    0x21, 0x76, 0x51, 0x81, 0xB0, 0x88, 0x73, 0x04, 0x65, 0x0A, 0xC2, 0x80, 0x50, 0x1D, 0xEA, 0x6E,
    0x28, 0x18, 0x83, 0x4F, 0x09, 0x51, 0xC1, 0xFF, 0xC6, 0x8E, 0x90, 0x68, 0xC3, 0x01, 0xF8, 0xF2,
    0x18, 0x71, 0xEE, 0xD7, 0x08, 0xA6, 0x49, 0x0E, 0x8C, 0x66, 0x3A, 0x01, 0xCF, 0xB9, 0x2E, 0xB8,
    0x8E, 0xED, 0x3E, 0xAD, 0xCE, 0xBD, 0xE9, 0x2F, 0x45, 0xE4, 0x52, 0x7E, 0x16, 0xF3, 0xC3, 0x38,
    0x1F, 0x72, 0x5D, 0xF0, 0xFE, 0x8A, 0x6B, 0x86, 0x1E, 0xD7, 0x21, 0xEF, 0x8F, 0x31, 0x44, 0x8D,
    0xF4, 0x73, 0x72, 0x59, 0xD8, 0x3E, 0xF0, 0x4A, 0x61, 0x60, 0xE8, 0xB7, 0x58, 0x18, 0x62, 0xD4,
    0xE4, 0x59, 0x85, 0x47, 0x53, 0xAC, 0x95, 0x7A, 0xEE, 0x89, 0xBF, 0x1E, 0x0A, 0x1D, 0x89, 0x22,
    0x70, 0x64, 0x8A, 0x20, 0xE7, 0x49, 0x08, 0xC9, 0x9A, 0xEC, 0x45, 0x5B, 0x48, 0xD6, 0x9B, 0x62,
    0x8F, 0x0D, 0xD3, 0x65, 0xCB, 0xB0, 0x6F, 0xBF, 0x90, 0x79, 0x06, 0x92, 0x40, 0x52, 0x72, 0x0F,
    0x44, 0x4D, 0xA3, 0xE3, 0x26, 0xD3, 0x96, 0x4E, 0x50, 0xDC, 0x04, 0x47, 0xE8, 0x61, 0xAD, 0xF6,
    0x2B, 0x8C, 0xAA, 0x40, 0x44, 0xF8, 0x7B, 0x50, 0x84, 0x82, 0xC8, 0x21, 0x74, 0x51, 0x8E, 0xC8,
    0xF1, 0xE8, 0x38, 0x17, 0xE8, 0xF8, 0x04, 0x7B, 0xFA, 0xE6, 0x72, 0x1D, 0x69, 0x78, 0x72, 0x80,
    0x74, 0x4E, 0x2B, 0xE2, 0x32, 0xCD, 0xB5, 0x1D, 0x3E, 0x32, 0x93, 0xCF, 0x75, 0xD4, 0xCF, 0x66,
    0x67, 0x8A, 0xDB, 0x57, 0xDF, 0x70, 0x6C, 0x68, 0x22, 0xF9, 0x97, 0xC2, 0x70, 0x20, 0xDC, 0xC8,
    0x84, 0x5B, 0xF6, 0xD5, 0x7E, 0x22, 0x3C, 0x37, 0x2C, 0xA9, 0x01, 0xC5, 0xA1, 0x1E, 0x08, 0x9B,
    0xC6, 0xC9, 0xFC, 0xB8, 0x90, 0xE1, 0xB2, 0xF1, 0xC0, 0xF0, 0x5C, 0xCA, 0xC1, 0xB4, 0x0C, 0x5F,
    0x22, 0x9C, 0x62, 0xB4, 0xC0, 0xA4, 0xE9, 0xCC, 0xE6, 0x9B, 0x7E, 0x41, 0x5A, 0x7F, 0xF2, 0x95,
    0x49, 0xDE, 0x06, 0xD3, 0x07, 0xD7, 0x9C, 0xBC, 0x45, 0x81, 0xB8, 0x29, 0x70, 0x40, 0x9B, 0xAB,
    0x28, 0x0F, 0x68, 0x71, 0x44, 0x6B, 0x37, 0x69, 0xEC, 0x2E, 0xCD, 0xED, 0xF3, 0xFD, 0xBE, 0xFE,
    0x79, 0xF3, 0xF5, 0x41, 0x34, 0x3E, 0xCA, 0xE6, 0xA3, 0x32, 0x52, 0x88, 0x3D, 0x41, 0x81, 0x1E,
    0x25, 0x0A, 0x69, 0x0E, 0x43, 0x68, 0x75, 0x49, 0xF4, 0xC7, 0x53, 0x18, 0x2F, 0x2D, 0xF1, 0x96,
    0x05, 0x5A, 0x49, 0xA7, 0xCA, 0xA0, 0x5B, 0xA2, 0x32, 0xEC, 0x14, 0xD1, 0xBA, 0xE2, 0x62, 0x10,
    0xAE, 0xFD, 0x45, 0x47, 0x36, 0xA6, 0xE1, 0x7B, 0x38, 0x8A, 0xFC, 0x22, 0xF8, 0x0E, 0xFE, 0xC2,
    0x1E, 0x3D, 0xB3, 0x33, 0xDE, 0xC7, 0xE3, 0x0A, 0x93, 0x12, 0xE6, 0x30, 0xD9, 0x4E, 0xEE, 0xDC,
    0xDF, 0xDC, 0x44, 0xFF, 0x60, 0xEF, 0x21, 0x06, 0xDB, 0xC8, 0x6A, 0x28, 0xAC, 0xD1, 0x46, 0xDE,
    0x0E, 0xF1, 0x27, 0xF1, 0xCC, 0xE4, 0xF8, 0x87, 0x37, 0xFC, 0xC2, 0x9C, 0x22, 0xB1, 0xA7, 0x63,
    0x31, 0x48, 0x71, 0x07, 0x39, 0x05, 0x7C, 0xEA, 0x39, 0x4A, 0x4C, 0xE7, 0x31, 0x06, 0xA2, 0xBA,
    0x4D, 0x0B, 0x2F, 0xBF, 0xA6, 0x90, 0x56, 0xF0, 0xA6, 0x97, 0xF8, 0x2F, 0x79, 0x66, 0x71, 0xF7,
    0xB1, 0xFE, 0x1C, 0x9B, 0x1F, 0x52, 0x53, 0xEE, 0x9D, 0x5B, 0xB1, 0xA7, 0x9C, 0x6B, 0x2C, 0xE7,
    0xA6, 0x6F, 0xE4, 0x5C, 0x71, 0x57, 0x39, 0x67, 0x0E, 0x04, 0x3D, 0x88, 0xE0, 0x7B, 0x98, 0x0F,
    0xE5, 0xC4, 0xCE, 0x8B, 0x74, 0x63, 0x1E, 0xD5, 0x41, 0x39, 0xA9, 0x82, 0x42, 0xC9, 0xA7, 0xDC,
    0x0B, 0x99, 0x7A, 0xCA, 0xBC, 0x88, 0x39, 0xA7, 0xBC, 0x8B, 0x69, 0xB7, 0xB2, 0x6E, 0x8F, 0x49,
    0xA7, 0x9C, 0x53, 0xCA, 0xB5, 0x19, 0xD7, 0x34, 0xB7, 0x0C, 0x0C, 0x8A, 0x9E, 0x72, 0x49, 0xFE,
    0xEA, 0xEE, 0xDF, 0xB8, 0xFE, 0x07, 0x0D, 0x82, 0xA6, 0xBA, 0x41, 0xA1, 0xE7, 0x55, 0xC8, 0x82,
    0x1A, 0xBB, 0x6D, 0x45, 0xB4, 0xEB, 0xCC, 0x3B, 0x4D, 0x59, 0x81, 0xBE, 0x94, 0x06, 0x65, 0x28,
    0x1D, 0x1C, 0x75, 0xC8, 0x55, 0x7C, 0x5A, 0x0D, 0x12, 0xD3, 0xA0, 0xD7, 0x6A, 0xB0, 0x7D, 0xAD,
    0x41, 0xE7, 0xE4, 0xB6, 0xD0, 0xBC, 0xB0, 0x40, 0xB0, 0x78, 0xB3, 0xDA, 0x76, 0x3F, 0xF5, 0xB0,
    0xA0, 0x0F, 0x96, 0xB5, 0xA1, 0x6B, 0x6B, 0x4F, 0xDE, 0xB2, 0x2E, 0x6E, 0xCD, 0x1A, 0x99, 0x52,
    0x1E, 0x7B, 0x96, 0x13, 0x51, 0x71, 0x7F, 0x15, 0x11, 0x27, 0x96, 0x70, 0xFF, 0x37, 0x3E, 0x79,
    0x75, 0x5D, 0x9C, 0xDF, 0xAA, 0x22, 0x56, 0x69, 0xBC, 0xB6, 0x4C, 0xCF, 0x0D, 0x13, 0xDC, 0xF3,
    0x48, 0xF1, 0xBA, 0x4E, 0xAD, 0x4A, 0x69, 0x0D, 0xE6, 0xFC, 0x0E, 0x22, 0xC5, 0x4E, 0x39, 0x8F,
    0xD4, 0x8B, 0x34, 0xEF, 0xC4, 0x4A, 0x56, 0x3F, 0xBF, 0xD1, 0x1B, 0x26, 0xEC, 0x46, 0xC9, 0x69,
    0xE2, 0x58, 0xD8, 0x23, 0xC7, 0xDE, 0xC0, 0x6D, 0x69, 0x71, 0xAB, 0xDF, 0x60, 0x35, 0x9D, 0x8D,
    0x57, 0x30, 0xA7, 0x19, 0xF5, 0x5C, 0xF9, 0x38, 0xD6, 0xB3, 0x13, 0xB5, 0xB8, 0x81, 0x80, 0xE7,
    0xB1, 0x37, 0x94, 0xAC, 0xE1, 0xFE, 0x42, 0x79, 0x9A, 0xBE, 0xCA, 0x75, 0xFE, 0x03, 0x79, 0x61,
    0x5B, 0x35, 0xBC, 0x5A, 0x8E, 0x0E, 0x59, 0x3B, 0xEA, 0xBD, 0x7E, 0xF9, 0x0B, 0xF6, 0xB8, 0xDE,
    0x17, 0x5F, 0x39, 0xF4, 0x03, 0x12, 0xBA, 0x90, 0x22, 0x33, 0x8E, 0x2E, 0xA8, 0x25, 0x43, 0x2D,
    0xA1, 0x66, 0x21, 0xF7, 0x1B, 0x6E, 0xEA, 0x7B, 0x55, 0x81, 0x72, 0x39, 0x7C, 0x05, 0x7F, 0x3F,
    0x53, 0x8B, 0xE3, 0xE8, 0xE0, 0x7D, 0xFB, 0x43, 0x85, 0x77, 0xA5, 0xE6, 0x8E, 0x54, 0xEF, 0xEB,
    0xA5, 0x43, 0xB9, 0x2E, 0x3B, 0xFD, 0x46, 0xD3, 0xC5, 0x29, 0x56, 0xE1, 0x37, 0x68, 0x2B, 0x8B,
    0xB3, 0xE8, 0xAC, 0x56, 0x83, 0xE1, 0xEB, 0x17, 0x3B, 0x34, 0xE7, 0x8C, 0xA4, 0xC2, 0x87, 0x2F,
    0x11, 0xCD, 0x14, 0x07, 0x9B, 0x73, 0x6D, 0xB6, 0x71, 0xA9, 0x38, 0xD8, 0xCA, 0x38, 0x7A, 0x60,
    0x2B, 0xC9, 0x19, 0x0D, 0x3B, 0x71, 0x41, 0x89, 0x0F, 0xC2, 0x8A, 0xE4, 0xF6, 0x83, 0x9A, 0x71,
    0x70, 0x84, 0x2B, 0xC3, 0xCB, 0x2D, 0xF9, 0x35, 0x23, 0x56, 0x48, 0xBE, 0x16, 0x9F, 0x98, 0xDC,
    0x19, 0x57, 0x33, 0xC5, 0x18, 0x89, 0x72, 0x9E, 0x21, 0xD3, 0x8C, 0x79, 0x71, 0xD6, 0xCE, 0x4F,
    0x52, 0x7B, 0x0F, 0x6D, 0xED, 0x90, 0xC1, 0xBE, 0x28, 0xB6, 0x1E, 0xF3, 0xCE, 0x52, 0x37, 0xFA,
    0xB5, 0x29, 0x1E, 0xFD, 0xCE, 0x10, 0xA8, 0xD5, 0x4C, 0xD8, 0x4A, 0x96, 0xCD, 0x04, 0xCB, 0x66,
    0x62, 0x53, 0xCD, 0x3A, 0xA7, 0x9A, 0xE7, 0x7D, 0x8C, 0xCA, 0x7E, 0x67, 0xA9, 0x59, 0x7F, 0xF2,
    0x59, 0x8D, 0xDA, 0x93, 0xA2, 0x6C, 0x4B, 0xA8, 0xE8, 0xEC, 0x36, 0xF2, 0xD4, 0xB7, 0x46, 0x9A,
    0x5F, 0xF8, 0x43, 0x70, 0xD5, 0xFD, 0x90, 0x59, 0x12, 0x1D, 0x70, 0xD7, 0x3E, 0xFF, 0x0E, 0xE5,
    0x6A, 0x7A, 0xF5, 0x71, 0xE3, 0x96, 0xCD, 0xAD, 0x9D, 0x67, 0xB4, 0xF6, 0xDB, 0xE8, 0xF5, 0xDD,
    0x32, 0x9B, 0x4A, 0xFF, 0x0F, 0xBA, 0xEC, 0xC7, 0xD0, 0x29, 0x81, 0x78, 0x8C, 0xC7, 0x78, 0x19,
    0x41, 0x73, 0x5D, 0x58, 0x7C, 0x12, 0x14, 0xC3, 0xB0, 0x38, 0x4C, 0x10, 0x5D, 0x75, 0xF5, 0x32,
    0x5A, 0x66, 0x58, 0x68, 0xD9, 0xA3, 0x73, 0x9B, 0xA6, 0x29, 0x76, 0xBD, 0x59, 0xE8, 0xFA, 0x5E,
    0x1D, 0xBA, 0x03, 0xBF, 0x0E, 0xF3, 0x7D, 0x82, 0xA6, 0x94, 0x95, 0xDB, 0x15, 0x49, 0x9A, 0x0B,
    0xDB, 0xE2, 0xA7, 0x39, 0xCC, 0x86, 0xB0, 0x16, 0x92, 0x55, 0xE3, 0xC8, 0x96, 0xEE, 0xF6, 0x5E,
    0x30, 0x4E, 0xE2, 0xA6, 0xBE, 0xE1, 0xE4, 0xE3, 0x55, 0xC5, 0x18, 0xA2, 0xB3, 0x04, 0xD7, 0x1D,
    0x6D, 0xDF, 0xA2, 0xA2, 0x56, 0x65, 0x19, 0x35, 0x65, 0xB0, 0x9A, 0xC8, 0xDC, 0xBF, 0x4D, 0x64,
    0x3B, 0x36, 0x91, 0xB9, 0x6E, 0x38, 0x49, 0x97, 0x85, 0x61, 0x4B, 0x71, 0xA0, 0xEB, 0x1F, 0x3D,
    0x8E, 0x21, 0x6E, 0x03, 0x31, 0x10, 0x45, 0x9F, 0x6C, 0xB0, 0xC0, 0x4D, 0x1C, 0x50, 0x9A, 0xB8,
    0xB4, 0x52, 0x37, 0x59, 0x10, 0xB0, 0xC0, 0x92, 0xE7, 0x08, 0x3D, 0x42, 0x8F, 0x50, 0xB0, 0xA0,
    0xA4, 0xAA, 0x8F, 0x92, 0x23, 0x2C, 0x08, 0x28, 0x34, 0x2B, 0xDD, 0x23, 0x58, 0x2A, 0xAF, 0x02,
    0x02, 0x0A, 0xB6, 0x4D, 0x27, 0xA4, 0x1A, 0x32, 0x33, 0xFF, 0xCF, 0x9B, 0xDF, 0xF3, 0xCA, 0x16,
    0x4F, 0x23, 0x26, 0x23, 0x36, 0xFB, 0x12, 0x68, 0xE9, 0x39, 0x20, 0xB0, 0x87, 0x19, 0xFB, 0xC5,
    0xD2, 0xD1, 0x9B, 0xB2, 0x42, 0x5C, 0xBE, 0xBB, 0xAF, 0x4F, 0xDD, 0x50, 0x1E, 0x77, 0x2A, 0x93,
    0x7E, 0x41, 0xB7, 0x1D, 0x53, 0x6C, 0x4A, 0xB8, 0xD0, 0x7C, 0xB3, 0x4D, 0xED, 0x8B, 0x93, 0xD9,
    0xE7, 0x77, 0xAF, 0x52, 0x22, 0x64, 0x9B, 0xAD, 0xAC, 0xD5, 0x1C, 0xF2, 0x30, 0x1E, 0xF6, 0xB5,
    0x1B, 0x4F, 0xBB, 0xAC, 0x63, 0xAD, 0xF6, 0xB3, 0xBA, 0x8F, 0xE2, 0x3D, 0xF1, 0x81, 0x95, 0x62,
    0x90, 0xE7, 0xE6, 0xDA, 0x6F, 0xCE, 0xB8, 0x09, 0x2B, 0x9A, 0xC9, 0x65, 0x27, 0x8E, 0x05, 0x83,
    0x1E, 0xFC, 0x93, 0x8F, 0x9E, 0x4D, 0x0A, 0x8B, 0x1E, 0xC4, 0x5C, 0x6D, 0x23, 0xC3, 0xED, 0x31,
    0x4C, 0x86, 0x1B, 0x0D, 0x3C, 0x72, 0xD2, 0x7A, 0xD3, 0x0F, 0xCB, 0x75, 0x1B, 0x63, 0x54, 0x6A,
    0x35, 0x65, 0x70, 0x92, 0x7E, 0x70, 0x67, 0x2E, 0x33, 0xFC, 0x01, 0xCD, 0x5A, 0x3D, 0x6F, 0xDB,
    0x56, 0x14, 0xBD, 0x24, 0x65, 0xD1, 0x31, 0x13, 0xD3, 0x43, 0x80, 0x04, 0x88, 0x63, 0x66, 0xC8,
    0x90, 0xC1, 0x36, 0x83, 0xD6, 0x05, 0x3C, 0xC4, 0x16, 0x83, 0x0E, 0x41, 0x90, 0x25, 0x4B, 0xE7,
    0x2C, 0x05, 0x5A, 0xA0, 0x43, 0x5D, 0xC0, 0x43, 0x06, 0x39, 0x62, 0xD1, 0x1F, 0x50, 0x17, 0x1D,
    0xBA, 0x66, 0xEC, 0xE8, 0xC1, 0x40, 0xDD, 0x44, 0x8E, 0xB9, 0x75, 0xE8, 0x42, 0xA4, 0x19, 0x3A,
    0x32, 0x8D, 0x7E, 0x80, 0xD0, 0x0A, 0x8D, 0x92, 0xD8, 0x55, 0xCF, 0xB9, 0xFC, 0xB0, 0x64, 0x3B,
    0x69, 0x63, 0xEB, 0xC3, 0xB2, 0x74, 0x61, 0x49, 0xE4, 0x7B, 0xF7, 0x9C, 0x7B, 0xDF, 0xFD, 0x78,
    0x4F, 0x22, 0x72, 0x43, 0xF8, 0xA8, 0xAB, 0xDC, 0xA3, 0x30, 0xB7, 0x29, 0xED, 0x65, 0xCA, 0x73,
    0x15, 0xCA, 0x69, 0x9F, 0x72, 0xC1, 0xA3, 0xDC, 0x50, 0x19, 0xBB, 0x01, 0x2E, 0x8C, 0xDC, 0x10,
    0x17, 0x76, 0x3A, 0x90, 0x93, 0xE2, 0x46, 0xB8, 0x50, 0x1C, 0xC8, 0x45, 0x95, 0x1B, 0x62, 0x43,
    0xC6, 0x62, 0xC5, 0x62, 0x3F, 0x13, 0xBB, 0x21, 0xB5, 0x3D, 0xD9, 0xE9, 0x48, 0xEF, 0xA3, 0x45,
    0x61, 0xB4, 0xF5, 0xFF, 0x66, 0xFE, 0xA1, 0xB1, 0x17, 0x89, 0xDB, 0x89, 0x64, 0xD1, 0x09, 0x25,
    0x71, 0x02, 0x2B, 0x74, 0x03, 0x47, 0x5C, 0x4C, 0xE1, 0xC9, 0x9C, 0xCC, 0x43, 0xE1, 0x25, 0xBC,
    0xF0, 0x67, 0xEC, 0x8E, 0x2F, 0x3B, 0xF5, 0x95, 0xCA, 0x6E, 0x2D, 0x76, 0xE2, 0xE5, 0xFD, 0x41,
    0x89, 0x88, 0x18, 0xAA, 0x5D, 0x13, 0xCD, 0xA8, 0xF4, 0x22, 0x05, 0xA8, 0xD2, 0x0E, 0x29, 0x4B,
    0xD2, 0x7B, 0xDF, 0x50, 0x99, 0xE0, 0xE4, 0x1E, 0x6E, 0xBF, 0x84, 0xAF, 0x8D, 0x28, 0x55, 0x6C,
    0x72, 0x5F, 0x9F, 0x13, 0xF0, 0x60, 0x04, 0xAA, 0x39, 0x81, 0x8E, 0x51, 0x41, 0xF1, 0x3F, 0xE7,
    0x07, 0x6F, 0x62, 0x05, 0xBE, 0xA9, 0x73, 0x9F, 0x1F, 0x21, 0x72, 0x11, 0x2A, 0x65, 0xE1, 0xCB,
    0x12, 0xEF, 0xF7, 0x69, 0x9E, 0xC7, 0x0F, 0xA1, 0xF7, 0x53, 0x68, 0x68, 0xCB, 0x0A, 0xF5, 0x9B,
    0xEA, 0xA2, 0x41, 0x79, 0x50, 0x22, 0xC8, 0x84, 0x90, 0x0A, 0x21, 0x17, 0x4A, 0x86, 0xB2, 0xA1,
    0x74, 0x28, 0x1F, 0x4A, 0x88, 0x90, 0x11, 0x21, 0x25, 0x92, 0x71, 0x32, 0x97, 0x7A, 0xC0, 0x98,
    0xC2, 0xFB, 0x32, 0x38, 0x4D, 0x74, 0xE0, 0x46, 0x83, 0xDE, 0xDF, 0x86, 0x43, 0xCC, 0x61, 0xE0,
    0xF2, 0xE3, 0x50, 0x99, 0x20, 0x11, 0x39, 0x0F, 0x27, 0x5D, 0x14, 0xD9, 0x0A, 0xF0, 0x09, 0x7C,
    0xCC, 0xA2, 0xEF, 0xFB, 0x77, 0x94, 0x83, 0x67, 0xA7, 0xC5, 0x25, 0x14, 0xA7, 0x0E, 0xCF, 0xB1,
    0x4A, 0x36, 0x55, 0x9C, 0xA0, 0x5F, 0xFC, 0x38, 0x50, 0xBF, 0x30, 0xF6, 0xCE, 0x40, 0x96, 0x2F,
    0x69, 0x10, 0x4A, 0x57, 0x5F, 0x85, 0xF4, 0x18, 0x2F, 0x13, 0xE2, 0x0D, 0x46, 0xCF, 0xCC, 0x96,
    0x21, 0xE6, 0x9D, 0xDB, 0x62, 0x9A, 0xED, 0xD4, 0x8A, 0xB5, 0x40, 0x8C, 0x17, 0x11, 0x54, 0xDB,
    0xE8, 0x83, 0x77, 0x8C, 0xA5, 0x6E, 0xA1, 0xC1, 0xF0, 0x6F, 0x45, 0x1C, 0xDE, 0x57, 0xC4, 0xA5,
    0x91, 0x86, 0x87, 0x77, 0xA5, 0x08, 0x27, 0x53, 0xF8, 0xA7, 0x08, 0xE3, 0x37, 0xE1, 0x16, 0x0B,
    0x32, 0xA0, 0xD4, 0x91, 0x02, 0xDF, 0xA5, 0xB0, 0x74, 0x6E, 0x47, 0x79, 0x3A, 0x47, 0x6E, 0xCA,
    0x72, 0x8D, 0x1F, 0x87, 0x1B, 0xFC, 0xA4, 0x13, 0x1E, 0xD0, 0x7A, 0xF8, 0x9C, 0x99, 0x58, 0x21,
    0xF8, 0x50, 0x30, 0xC4, 0xD8, 0xE5, 0xF3, 0xF0, 0x8E, 0x15, 0xB1, 0xDE, 0xC0, 0xA0, 0x3B, 0x41,
    0x8F, 0x5E, 0x87, 0x19, 0x92, 0xFF, 0xC7, 0x90, 0x15, 0xED, 0xD3, 0x20, 0xA9, 0x39, 0xE6, 0x55,
    0xDA, 0xA7, 0x91, 0x8D, 0x66, 0xA6, 0x24, 0x0C, 0x39, 0x10, 0x36, 0xB2, 0x80, 0xA0, 0xE1, 0x54,
    0x2E, 0xA4, 0x65, 0x05, 0x51, 0x97, 0x27, 0x2F, 0x9E, 0x2A, 0x1E, 0x72, 0x33, 0xF9, 0x59, 0x79,
    0x81, 0x20, 0x59, 0x2E, 0x5D, 0x55, 0x05, 0x8D, 0x03, 0xEA, 0x1D, 0x9B, 0x8B, 0x9E, 0x08, 0xAA,
    0x8F, 0x33, 0x50, 0x0E, 0x2C, 0xE8, 0xC2, 0x34, 0x23, 0x46, 0x95, 0x83, 0xC4, 0x8F, 0x80, 0x0B,
    0xA3, 0x35, 0x2E, 0xD6, 0xCC, 0xB4, 0x94, 0xD4, 0x87, 0x4B, 0x1A, 0x37, 0xAC, 0x30, 0x39, 0x64,
    0xA6, 0xE3, 0xFB, 0x84, 0x3E, 0xCA, 0x72, 0xFA, 0x3C, 0xE0, 0xAD, 0xB1, 0x94, 0x61, 0x7E, 0x42,
    0x66, 0xB5, 0x00, 0xB0, 0x3A, 0xFD, 0x5C, 0x1F, 0x87, 0xE3, 0x69, 0xA7, 0x83, 0x09, 0xEC, 0xD8,
    0x48, 0xA0, 0xAF, 0x11, 0xA7, 0xC2, 0x0D, 0x51, 0xF7, 0x6A, 0x81, 0xEA, 0x05, 0x57, 0x99, 0xF8,
    0xE1, 0x31, 0x3E, 0xD3, 0x7C, 0xA5, 0xD3, 0x64, 0x31, 0x00, 0x8D, 0x96, 0x28, 0xAA, 0xB2, 0x9E,
    0x91, 0x56, 0x07, 0xB5, 0x58, 0xD9, 0x76, 0x00, 0x30, 0xAE, 0x94, 0x5F, 0x7D, 0x72, 0x0F, 0xD7,
    0x76, 0xFE, 0xE9, 0x56, 0xDA, 0x4C, 0xF2, 0x40, 0xC5, 0x98, 0x28, 0x7E, 0x6C, 0x34, 0x5A, 0xC8,
    0x6A, 0x93, 0xB2, 0x79, 0x43, 0x9A, 0xF7, 0xED, 0x68, 0x73, 0x5E, 0x10, 0x0A, 0x5E, 0x29, 0x05,
    0x6D, 0x59, 0x5F, 0x33, 0xA3, 0x4A, 0x47, 0x9C, 0xDC, 0x7B, 0xD1, 0x17, 0x80, 0x5B, 0x27, 0xEC,
    0x1D, 0x4D, 0xBF, 0x5D, 0xA4, 0x58, 0xC9, 0xAB, 0x57, 0x19, 0x02, 0xA6, 0x40, 0xCC, 0x96, 0x18,
    0x75, 0x9A, 0x1A, 0x56, 0x92, 0x24, 0x9B, 0xF6, 0x3D, 0x20, 0xF9, 0x72, 0x57, 0xE4, 0x87, 0x08,
    0x05, 0xE5, 0xD7, 0xCF, 0x43, 0x31, 0xA5, 0xD6, 0xCD, 0xD4, 0x80, 0xD5, 0xF7, 0x82, 0x40, 0x3E,
    0x88, 0x22, 0x09, 0xFF, 0x08, 0x24, 0x5C, 0xEE, 0x75, 0x45, 0x3F, 0x16, 0x60, 0xD0, 0x6A, 0x03,
    0x28, 0xE0, 0x28, 0x4D, 0x01, 0x0E, 0x01, 0x10, 0x22, 0x21, 0x94, 0x2C, 0x86, 0xAF, 0x0B, 0xD0,
    0x60, 0x40, 0x29, 0x4C, 0xA4, 0x25, 0xCF, 0x16, 0x5E, 0x37, 0x71, 0x85, 0xF5, 0x17, 0x2C, 0xE5,
    0x51, 0x8F, 0x4D, 0x94, 0x7D, 0x12, 0x9A, 0x43, 0xB2, 0x8C, 0xD6, 0x47, 0x70, 0xEF, 0xA0, 0x2D,
    0xE6, 0x9F, 0x18, 0xFF, 0x11, 0xCA, 0x4D, 0xB4, 0x18, 0x2B, 0x28, 0x4E, 0x02, 0xE3, 0x64, 0x10,
    0x35, 0xD3, 0x9A, 0x09, 0xF5, 0xFC, 0x8C, 0x17, 0x0C, 0x1D, 0x5D, 0x29, 0xAB, 0xC1, 0xDD, 0x10,
    0xFE, 0xF7, 0x14, 0x37, 0x7F, 0xB1, 0xD5, 0x3F, 0x74, 0xD9, 0x83, 0xA5, 0x8A, 0x98, 0xBC, 0x22,
    0xB8, 0xCE, 0xD5, 0x8A, 0x5B, 0xBC, 0xED, 0xA1, 0x5B, 0xD1, 0xC8, 0x34, 0xA1, 0x22, 0x28, 0x11,
    0xCC, 0xE6, 0x43, 0x58, 0x32, 0xEC, 0x1F, 0x56, 0x3F, 0x84, 0x77, 0x7E, 0xC7, 0xA0, 0x6A, 0x10,
    0xAF, 0xC3, 0x00, 0x3C, 0xCF, 0x60, 0xB8, 0xC9, 0x22, 0x36, 0x1F, 0x7E, 0xD0, 0x30, 0x9D, 0x70,
    0x4A, 0xAE, 0x36, 0xD7, 0xE5, 0x0A, 0xCA, 0x15, 0xCC, 0x21, 0x36, 0xD4, 0x98, 0x81, 0xEF, 0xAE,
    0xF6, 0xC5, 0x9C, 0xDA, 0xC9, 0x13, 0x98, 0xB7, 0xA6, 0xC0, 0x82, 0xE1, 0x01, 0x7B, 0x6B, 0xCC,
    0x47, 0x3A, 0x14, 0xB6, 0x4B, 0x0E, 0xB8, 0x9E, 0x85, 0x47, 0xAD, 0x58, 0x41, 0x3F, 0x22, 0x4F,
    0xBE, 0x6F, 0xC4, 0xE4, 0x5B, 0x64, 0x88, 0x44, 0x8C, 0x5D, 0x0D, 0xD0, 0xE8, 0x9B, 0xEE, 0xA6,
    0xA0, 0xE5, 0x52, 0x83, 0x49, 0x19, 0x4F, 0xA4, 0x6C, 0x40, 0xC5, 0xD3, 0x23, 0x48, 0xB6, 0xB7,
    0xCB, 0x84, 0xC7, 0x84, 0x58, 0xD7, 0x67, 0x9B, 0x59, 0xB9, 0xFC, 0x0A, 0xD3, 0x44, 0xF2, 0xA9,
    0xC8, 0x13, 0x5D, 0x79, 0xB6, 0x36, 0x7A, 0x57, 0xF3, 0x19, 0x13, 0xD9, 0x89, 0x19, 0x15, 0xF0,
    0xB4, 0x35, 0x35, 0x71, 0x48, 0xE1, 0x13, 0x57, 0xCD, 0x9F, 0x91, 0xE5, 0x6B, 0x52, 0x69, 0xEA,
    0x4E, 0xD2, 0xB1, 0xA7, 0x4E, 0xD7, 0x64, 0xC4, 0xB9, 0x18, 0x7E, 0xAA, 0x68, 0x7A, 0xEE, 0x17,
    0x15, 0x4D, 0x52, 0x8B, 0xAD, 0xC8, 0x8A, 0xEC, 0xC8, 0x41, 0x3F, 0xE5, 0x62, 0xDE, 0x19, 0xCC,
    0xBA, 0x7C, 0xAD, 0xD2, 0xF4, 0xC2, 0x74, 0x67, 0xA5, 0xC2, 0x71, 0x8D, 0x0E, 0xEC, 0xE5, 0xDF,
    0xD4, 0x81, 0x7D, 0xB1, 0x12, 0x28, 0xE0, 0x50, 0x61, 0x68, 0x60, 0xC5, 0x3E, 0xD7, 0x19, 0xE6,
    0xB7, 0x92, 0x25, 0xFE, 0x57, 0xA5, 0xA8, 0x73, 0x87, 0x0A, 0xC2, 0x89, 0xAA, 0x8C, 0x35, 0x55,
    0x42, 0x5F, 0xA2, 0x96, 0x3E, 0xD5, 0x73, 0x03, 0x2C, 0x4A, 0xAB, 0x41, 0x54, 0xB5, 0x56, 0x4F,
    0xEA, 0x70, 0x8B, 0xCA, 0x5B, 0x8B, 0x23, 0x1F, 0x06, 0x68, 0x6C, 0x83, 0x16, 0x1F, 0xEF, 0x5D,
    0x8C, 0xE0, 0x06, 0x55, 0xBC, 0xB6, 0xF0, 0x7F, 0x1B, 0xAF, 0x16, 0xB4, 0x6D, 0xE1, 0xD3, 0x36,
    0x00, 0x55, 0x61, 0x59, 0xFF, 0x16, 0x94, 0xDA, 0xEB, 0xF2, 0x9C, 0x38, 0x75, 0x1C, 0x0D, 0x48,
    0x72, 0x46, 0x27, 0x20, 0x1F, 0x65, 0x7D, 0xCF, 0xFF, 0x9C, 0xDC, 0x77, 0x86, 0x80, 0x90, 0x81,
    0x88, 0xF9, 0x9E, 0xD9, 0x5E, 0x5B, 0xAA, 0xA4, 0x2B, 0x65, 0x1E, 0x1B, 0xA8, 0xEE, 0x78, 0xB2,
    0x3E, 0x74, 0xB9, 0xEE, 0x2A, 0xBF, 0xE3, 0xDD, 0xEB, 0x84, 0x0A, 0x6E, 0xB1, 0x5E, 0x9D, 0x1E,
    0x16, 0xBC, 0xFD, 0x94, 0x69, 0x31, 0x65, 0xBE, 0x86, 0xEB, 0x00, 0xE6, 0x46, 0x77, 0x14, 0x3A,
    0x26, 0xC4, 0x52, 0xBE, 0x6D, 0x24, 0xF6, 0xB7, 0x94, 0xB5, 0x68, 0x14, 0x10, 0x7B, 0xF2, 0xE6,
    0x6F, 0xCC, 0x9B, 0xED, 0xFE, 0x41, 0xCC, 0x7C, 0x53, 0x97, 0x9C, 0x9A, 0x92, 0x46, 0xAD, 0xFC,
    0x3A, 0x1A, 0x53, 0x1E, 0xC8, 0x9B, 0x4C, 0xDF, 0xCE, 0xEB, 0xB0, 0x7F, 0x58, 0xEB, 0x28, 0x00,
    0xAC, 0x3B, 0xB7, 0x25, 0xDD, 0xF4, 0xD2, 0x1D, 0x1F, 0x6D, 0x61, 0xE5, 0x51, 0xC2, 0x15, 0xBB,
    0x39, 0x44, 0xAC, 0x4E, 0x78, 0x57, 0x3E, 0x6A, 0x46, 0x69, 0xF2, 0x8C, 0xBB, 0x92, 0xA7, 0xDB,
    0x07, 0x9C, 0x1A, 0x5A, 0x14, 0xD8, 0xCF, 0x0C, 0x41, 0xD1, 0x0D, 0x02, 0x1B, 0x1F, 0x5E, 0xB8,
    0x39, 0x32, 0xA0, 0x32, 0xFD, 0x31, 0xA1, 0x6B, 0xF2, 0x9C, 0x14, 0x79, 0x68, 0xF5, 0x23, 0x06,
    0x1D, 0x11, 0x6C, 0xD3, 0x4D, 0x14, 0x46, 0x3B, 0x93, 0x5B, 0xDF, 0x0E, 0xA1, 0xCC, 0x53, 0xE3,
    0x2B, 0xE9, 0x6E, 0xFD, 0x2C, 0x28, 0x88, 0x17, 0x40, 0xC1, 0xF6, 0x43, 0x52, 0x10, 0x1C, 0x9F,
    0x82, 0x25, 0x52, 0xB0, 0x45, 0x0A, 0x92, 0x9C, 0x82, 0x46, 0x8E, 0xDC, 0xCB, 0xB6, 0x9D, 0x99,
    0xEF, 0x9A, 0xAB, 0x62, 0x44, 0x5B, 0xD9, 0x9B, 0x55, 0xA0, 0xDD, 0x30, 0x1A, 0x4F, 0xA2, 0xF7,
    0x46, 0xAB, 0x9B, 0xAA, 0xEC, 0xD6, 0x81, 0x09, 0x51, 0xC1, 0xE0, 0x45, 0x80, 0xB4, 0x54, 0x9C,
    0x43, 0x0C, 0x1C, 0x59, 0xD7, 0xFE, 0x97, 0xCE, 0x38, 0x09, 0x34, 0x96, 0x9C, 0x1C, 0x59, 0xBA,
    0x43, 0xAE, 0x09, 0xD2, 0x8C, 0x19, 0xEF, 0xE2, 0x25, 0x96, 0x44, 0xBD, 0xC8, 0xD6, 0xFB, 0x82,
    0xEC, 0x5D, 0x59, 0x32, 0x49, 0xCB, 0x3B, 0xDD, 0x5F, 0x60, 0xA6, 0x5C, 0x5D, 0x45, 0xD3, 0x70,
    0x72, 0x74, 0x46, 0x1B, 0x71, 0xC7, 0xF6, 0x26, 0x4A, 0x72, 0xD6, 0x6A, 0x2B, 0xA6, 0x21, 0x9A,
    0xCC, 0x93, 0x50, 0x3E, 0x44, 0xB7, 0x1C, 0xB1, 0x5B, 0x7E, 0x30, 0x95, 0xF5, 0xB8, 0x39, 0xA0,
    0x95, 0xE3, 0x99, 0x2B, 0x4B, 0x8D, 0x47, 0x60, 0x19, 0xB8, 0x91, 0x8E, 0x8E, 0x2D, 0x00, 0x23,
    0xFD, 0xF0, 0xC3, 0xC3, 0xF1, 0xA4, 0xD6, 0x09, 0x50, 0xAB, 0x5F, 0x68, 0x48, 0xB9, 0xC1, 0xF7,
    0x86, 0x16, 0xCB, 0x66, 0x2E, 0x81, 0x0E, 0x4D, 0x04, 0xD6, 0xA4, 0xA5, 0x35, 0xB1, 0xAD, 0x9A,
    0x39, 0xAA, 0x95, 0xA3, 0xF5, 0xF1, 0xA4, 0x46, 0x81, 0x73, 0x4A, 0xD3, 0xB4, 0xA4, 0x87, 0x46,
    0xFC, 0x04, 0xFA, 0x56, 0x74, 0x3D, 0x79, 0x31, 0xF7, 0xD9, 0x9C, 0x8E, 0x6E, 0xAA, 0xED, 0x34,
    0x0E, 0x6E, 0xEC, 0xA5, 0xE7, 0x6B, 0x95, 0xAE, 0x8D, 0x71, 0x98, 0xD0, 0x6E, 0x9A, 0xF1, 0x4E,
    0x82, 0xE2, 0x39, 0x2B, 0xA0, 0x59, 0x42, 0xDB, 0xA1, 0x13, 0x38, 0x2C, 0xA3, 0xB3, 0x52, 0xDA,
    0xC3, 0xE5, 0xF3, 0xB2, 0x3D, 0xEE, 0xDB, 0x6B, 0x8B, 0xFE, 0x6E, 0x25, 0x71, 0x63, 0x7F, 0xBF,
    0x59, 0xA1, 0xCD, 0x1E, 0x14, 0xDB, 0x86, 0x29, 0xA3, 0xFA, 0xAD, 0x1B, 0x67, 0xCD, 0x47, 0x71,
    0xA0, 0x6D, 0x14, 0x57, 0x8C, 0x82, 0x09, 0xF4, 0x2E, 0x6C, 0x5E, 0xD4, 0xCA, 0x3C, 0xBA, 0xBB,
    0x2C, 0x45, 0x03, 0x73, 0x32, 0x1E, 0xCE, 0xEF, 0x6F, 0x98, 0x9A, 0xBB, 0x4C, 0xC0, 0x4E, 0x4C,
    0x6B, 0xCF, 0xA9, 0xED, 0xA7, 0x32, 0xEC, 0xA6, 0x62, 0x4E, 0x14, 0x73, 0x7C, 0x08, 0x73, 0x38,
    0x20, 0xCC, 0x45, 0x59, 0x9D, 0xC6, 0x7A, 0x8F, 0x9D, 0xD3, 0x2C, 0xC5, 0x75, 0xDD, 0xC2, 0xD1,
    0x53, 0xD6, 0x19, 0x29, 0x37, 0xB1, 0xCE, 0x6B, 0x89, 0x45, 0xBD, 0xB4, 0x89, 0xB3, 0x29, 0xD0,
    0xC5, 0x91, 0x00, 0x64, 0x52, 0x76, 0x72, 0x81, 0xB6, 0x73, 0x9E, 0x28, 0x09, 0xB8, 0x67, 0x7B,
    0x5C, 0x48, 0x83, 0x90, 0x07, 0x49, 0x89, 0x48, 0xCD, 0xEB, 0xA6, 0xBF, 0x5D, 0x68, 0x6A, 0x29,
    0x52, 0x57, 0xBF, 0x9F, 0xC9, 0x5A, 0xDE, 0x11, 0x32, 0x31, 0xDB, 0x73, 0x74, 0x8B, 0xAA, 0x86,
    0x38, 0x43, 0x92, 0x10, 0x51, 0x04, 0xFD, 0x65, 0x42, 0x26, 0x64, 0x7F, 0x05, 0x18, 0x89, 0xEE,
    0xAC, 0xA8, 0x4F, 0xD8, 0xE1, 0xC8, 0x99, 0x48, 0x37, 0x27, 0x75, 0x4B, 0xFF, 0x4B, 0xB5, 0x14,
    0xF1, 0x4F, 0x50, 0x2C, 0x0E, 0xC0, 0x27, 0xA4, 0xCE, 0x1F, 0x7A, 0x58, 0xF7, 0x6E, 0x01, 0xF7,
    0xB8, 0xB9, 0x9B, 0x56, 0x55, 0x7D, 0xE2, 0x60, 0xE2, 0x2D, 0x1C, 0x2C, 0xFE, 0x27, 0x07, 0x76,
    0x0C, 0x12, 0xCE, 0x6E, 0x5C, 0x47, 0x1D, 0xB7, 0xF8, 0x3D, 0x0A, 0x67, 0xEF, 0x9B, 0x28, 0xDF,
    0xD5, 0xEC, 0x86, 0xBF, 0xF3, 0x56, 0xF8, 0xC1, 0x61, 0xF8, 0xF3, 0x47, 0xC2, 0xCF, 0xB6, 0xD5,
    0xA4, 0xAF, 0xC0, 0x07, 0x95, 0x0E, 0x72, 0x0A, 0x8E, 0x24, 0xA3, 0x0F, 0xBE, 0xD0, 0x93, 0x33,
    0x34, 0x69, 0xA4, 0x59, 0x63, 0xAE, 0x38, 0xE0, 0xB7, 0x35, 0x5B, 0x6C, 0x76, 0x5F, 0xBB, 0xD3,
    0xB1, 0x3A, 0xC9, 0xA5, 0x86, 0xAC, 0x05, 0x48, 0xA3, 0x0B, 0xEC, 0xE7, 0x50, 0xE0, 0xB7, 0xF8,
    0x63, 0xA4, 0x5D, 0x6E, 0x99, 0xD5, 0x59, 0xEE, 0x2D, 0xB1, 0xD3, 0x5A, 0x5E, 0x48, 0xAB, 0xFF,
    0x2C, 0x04, 0x69, 0x12, 0x72, 0x8B, 0x15, 0xEF, 0x17, 0x01, 0x40, 0x0F, 0x04, 0x1F, 0x04, 0xFC,
    0x65, 0x46, 0xB3, 0x58, 0x0F, 0xBA, 0x7D, 0x56, 0x2D, 0x94, 0xD1, 0xFB, 0xAC, 0x9E, 0x9C, 0xE5,
    0x05, 0x30, 0x4D, 0x8D, 0xD0, 0x7F, 0x89, 0x9C, 0xC8, 0xF8, 0x38, 0x2D, 0x44, 0x3C, 0x9A, 0x76,
    0x8E, 0x96, 0xBD, 0xC1, 0xA2, 0x6F, 0x85, 0xCB, 0x1D, 0x2A, 0x18, 0xCF, 0xA9, 0xC2, 0x0B, 0xAA,
    0xF0, 0xB2, 0x38, 0x47, 0x6B, 0x17, 0x87, 0x5A, 0x71, 0x7E, 0x18, 0x4B, 0xE5, 0xD7, 0x78, 0x68,
    0xC3, 0x93, 0xAD, 0x94, 0x91, 0x81, 0xE3, 0xED, 0x39, 0x6B, 0x33, 0xF6, 0x95, 0x1A, 0x08, 0xC0,
    0x09, 0x05, 0xE8, 0x12, 0x20, 0x5C, 0xE0, 0x41, 0x5E, 0x62, 0xE5, 0x2E, 0x57, 0x09, 0x72, 0x2F,
    0x73, 0xBA, 0x7F, 0xEB, 0x36, 0x78, 0x0E, 0x78, 0xA1, 0xD1, 0x2A, 0xF2, 0xF6, 0x74, 0x91, 0x23,
    0x7A, 0x28, 0x1A, 0x96, 0xCD, 0x31, 0x0A, 0x1A, 0xB2, 0x73, 0xD5, 0xB3, 0x22, 0x17, 0x67, 0xAE,
    0x21, 0x3B, 0xDB, 0xC9, 0x30, 0x57, 0x80, 0x17, 0xDE, 0x15, 0xF9, 0x8A, 0xEA, 0x47, 0xB5, 0x83,
    0x51, 0x62, 0x68, 0x1C, 0xFC, 0x0B, 0x5D, 0x53, 0xB1, 0x72, 0xD3, 0x40, 0x14, 0xDC, 0xD3, 0x0D,
    0x1C, 0x20, 0xE2, 0x4B, 0x4F, 0x88, 0x7F, 0x00, 0xDB, 0x8D, 0x8B, 0x14, 0x32, 0x12, 0xF0, 0x03,
    0xF9, 0x93, 0xA4, 0xA0, 0x50, 0x11, 0x62, 0xCD, 0x50, 0x52, 0xC0, 0x0F, 0x30, 0x43, 0xCF, 0x0C,
    0x71, 0x61, 0x66, 0x5C, 0x90, 0xE4, 0xC8, 0x17, 0x5C, 0x47, 0x41, 0xA3, 0x96, 0x49, 0x73, 0x85,
    0x0A, 0x0F, 0xA3, 0xD8, 0xEC, 0x3B, 0xD9, 0x99, 0x10, 0xC9, 0x7B, 0x7A, 0x3E, 0xDD, 0xDD, 0x7B,
    0x6F, 0x77, 0x95, 0xAF, 0xF2, 0x78, 0x4F, 0xD7, 0xEB, 0x8A, 0x70, 0xF9, 0x7A, 0xED, 0x89, 0x9A,
    0x58, 0xAF, 0x43, 0x1C, 0x9B, 0xBB, 0x31, 0xA0, 0xEA, 0x14, 0x7B, 0xC8, 0x90, 0xF3, 0x1E, 0x22,
    0xAD, 0xAC, 0xB3, 0x4E, 0x3B, 0x5D, 0xF4, 0x50, 0x02, 0x30, 0xCE, 0x7A, 0xEB, 0x13, 0xA7, 0xAB,
    0x34, 0xFE, 0x87, 0x6C, 0x18, 0xA4, 0x98, 0xED, 0x25, 0x2E, 0xD3, 0x2E, 0xD7, 0x21, 0x37, 0x61,
    0xA8, 0x7D, 0x5A, 0x2D, 0xEC, 0xCF, 0xD6, 0xBA, 0x56, 0xBB, 0x52, 0x17, 0xE3, 0x9E, 0xF2, 0x65,
    0x5A, 0xC4, 0xFD, 0x0B, 0xEB, 0x5B, 0xFE, 0x64, 0x79, 0x35, 0x4E, 0x51, 0x97, 0xA6, 0x8A, 0xC7,
    0xD4, 0x72, 0x12, 0x90, 0x78, 0xC2, 0x11, 0x9C, 0xD5, 0x05, 0xF2, 0xEB, 0xB3, 0x90, 0x7F, 0x3D,
    0xAA, 0xF1, 0x90, 0x4B, 0x7A, 0xC4, 0x0E, 0xF1, 0x9C, 0x78, 0xB1, 0xC1, 0x01, 0x31, 0x26, 0x8E,
    0x37, 0xF8, 0x42, 0x7C, 0x22, 0xDC, 0x06, 0xF1, 0x70, 0x59, 0x24, 0xD5, 0xCE, 0x89, 0x59, 0x97,
    0x8B, 0x2F, 0xED, 0xDF, 0xEB, 0xD6, 0xFE, 0xF9, 0xBD, 0x84, 0xAA, 0x36, 0xF9, 0xBA, 0x9C, 0x30,
    0xE8, 0x90, 0x12, 0x8F, 0x81, 0xCB, 0x6F, 0x67, 0xEE, 0xE2, 0xF3, 0x99, 0xC3, 0xD3, 0x3B, 0x39,
    0xB7, 0x47, 0xEE, 0x72, 0x59, 0x3D, 0x6A, 0xF2, 0x25, 0xEF, 0x60, 0xDD, 0x10, 0xB6, 0x98, 0x62,
    0xE4, 0x04, 0x13, 0xC6, 0x03, 0x9C, 0x60, 0x71, 0x89, 0x95, 0x6A, 0xE3, 0x30, 0xC1, 0x02, 0x0D,
    0x2E, 0x3A, 0xE2, 0xA0, 0x7F, 0x39, 0x52, 0x2D, 0x89, 0x5E, 0xFB, 0xD8, 0x04, 0xF6, 0x49, 0x81,
    0x14, 0x87, 0x81, 0xAA, 0x85, 0x05, 0x20, 0x4B, 0xBC, 0x89, 0x8B, 0xC9, 0xEE, 0x4E, 0x17, 0x18,
    0x77, 0xD0, 0x77, 0xEA, 0x06, 0x59, 0x5A, 0xCC, 0xBE, 0x87, 0xF4, 0x23, 0x06, 0x03, 0x75, 0xE5,
    0xE7, 0xFB, 0xA6, 0x4A, 0x1B, 0xFD, 0xC6, 0x95, 0x99, 0x30, 0xDA, 0x4B, 0x8B, 0x32, 0x52, 0x9B,
    0x59, 0x94, 0x73, 0x09, 0x66, 0x16, 0xF3, 0x90, 0x56, 0x50, 0xCE, 0x22, 0x04, 0x2B, 0xAD, 0x5A,
    0x55, 0x4B, 0xD0, 0x83, 0xD5, 0x2E, 0x0C, 0xA4, 0x39, 0xF3, 0xA1, 0x28, 0xE7, 0xC2, 0xA4, 0x6A,
    0xD1, 0xF7, 0x1D, 0x95, 0xFF, 0x5D, 0x46, 0x0C, 0x51, 0xF5, 0x69, 0x8D, 0x8C, 0x1C, 0x1C, 0xE3,
    0x90, 0x33, 0xC1, 0x5E, 0x05, 0xFB, 0x3E, 0xF4, 0xB5, 0x1F, 0x1A, 0xC7, 0xAA, 0x0E, 0x2C, 0x8E,
    0x77, 0x70, 0xF8, 0xA8, 0xDB, 0xC0, 0x66, 0x84, 0x79, 0xED, 0xD1, 0x67, 0x35, 0xC0, 0x04, 0x12,
    0x18, 0x17, 0xE5, 0x7E, 0x1B, 0x19, 0x8C, 0x34, 0xB3, 0xC6, 0x84, 0x33, 0x4B, 0xE0, 0x65, 0x5C,
    0xF1, 0x52, 0x62, 0xEE, 0xB2, 0x91, 0xEC, 0xDD, 0xC8, 0x77, 0x86, 0x16, 0xE7, 0x6A, 0x89, 0x56,
    0x35, 0x68, 0x93, 0x80, 0x65, 0x12, 0x54, 0xA3, 0xBD, 0x0A, 0xDA, 0xA9, 0x5A, 0xBB, 0xC4, 0xEB,
    0x22, 0x71, 0x86, 0x42, 0x12, 0x78, 0x40, 0x6C, 0xAF, 0x09, 0x0B, 0xBE, 0x44, 0x5E, 0xAC, 0x30,
    0xA5, 0x22, 0x83, 0xDB, 0xF9, 0xB8, 0x42, 0x7C, 0x15, 0x85, 0x8D, 0x0E, 0x52, 0x1E, 0x9D, 0x15,
    0xEE, 0xCD, 0xE3, 0x76, 0x5E, 0x7C, 0xD1, 0x09, 0x37, 0xDE, 0x38, 0x37, 0x5A, 0x36, 0x7A, 0x26,
    0x9A, 0x33, 0xBA, 0x63, 0x73, 0x8D, 0x1A, 0xA4, 0x37, 0x50, 0xCD, 0x11, 0x4E, 0x9E, 0x55, 0xBA,
    0xB6, 0x68, 0xB4, 0xE3, 0x57, 0xF4, 0x8A, 0x25, 0x6F, 0x89, 0xC0, 0x3B, 0x46, 0x05, 0x12, 0x7E,
    0x7D, 0xE7, 0xDC, 0x50, 0xD1, 0x51, 0xC0, 0x0D, 0xF8, 0x01, 0x4A, 0xFF, 0x34, 0x0C, 0x4C, 0x11,
    0xCB, 0x32, 0x9D, 0x4F, 0x9F, 0xF0, 0x51, 0xDC, 0x17, 0x66, 0xC8, 0xBA, 0xF8, 0x6E, 0xCA, 0xA3,
    0xDC, 0xED, 0x83, 0x5C, 0xDB, 0xA2, 0x2B, 0x62, 0x28, 0x25, 0xE4, 0x52, 0xC0, 0x29, 0xD3, 0x17,
    0xE7, 0x92, 0xFC, 0x87, 0xA4, 0x6E, 0x25, 0x71, 0x23, 0x69, 0x03, 0x63, 0xD4, 0x4C, 0xA9, 0xBC,
    0x24, 0x74, 0x31, 0xDD, 0xBD, 0x64, 0x43, 0x44, 0x87, 0x47, 0x8B, 0x23, 0xAF, 0x3A, 0x31, 0x4B,
    0xF4, 0x29, 0x5B, 0x8B, 0x65, 0xBF, 0x50, 0x94, 0xC4, 0x54, 0x22, 0x8A, 0xA9, 0x28, 0x10, 0x6C,
    0x1C, 0x47, 0xD2, 0x08, 0x75, 0x63, 0xCF, 0xD6, 0xCB, 0x78, 0x2A, 0xF6, 0x53, 0x41, 0x5A, 0x12,
    0x1E, 0x4C, 0x14, 0xE2, 0xAE, 0x60, 0x5B, 0xD9, 0xA8, 0xBE, 0x08, 0xC7, 0xCE, 0x56, 0x71, 0x3C,
    0xC1, 0x3E, 0x67, 0xFE, 0x01, 0x7D, 0x54, 0x31, 0x8F, 0x1B, 0x45, 0x14, 0xFE, 0xBC, 0x63, 0x65,
    0x05, 0x63, 0xB2, 0xA1, 0x40, 0x41, 0xB9, 0xE0, 0x6D, 0x0E, 0xE9, 0x8A, 0x9C, 0x7D, 0x11, 0x57,
    0x9C, 0x84, 0xD7, 0x1E, 0x7A, 0x8A, 0x34, 0xA9, 0x90, 0xD0, 0x91, 0x16, 0x89, 0xBB, 0x82, 0xE2,
    0x0A, 0x1F, 0x1E, 0x29, 0x12, 0x11, 0x15, 0x0E, 0x15, 0xE5, 0x49, 0x29, 0x91, 0x50, 0x0A, 0x0A,
    0x4B, 0x1C, 0x78, 0x2E, 0x57, 0x9C, 0x90, 0x28, 0x46, 0xCA, 0x1F, 0x58, 0x89, 0x54, 0x54, 0x83,
    0x58, 0x89, 0x3D, 0xC9, 0x64, 0xF8, 0xDE, 0x7A, 0x75, 0x49, 0x85, 0x57, 0xEF, 0x79, 0xEC, 0x9D,
    0x79, 0xEF, 0x7D, 0xDF, 0xF7, 0xDE, 0x00, 0x0F, 0x0C, 0xF0, 0x10, 0x40, 0x04, 0xF4, 0xB7, 0x0E,
    0x3F, 0x5F, 0x2F, 0x93, 0x3F, 0x6E, 0x85, 0xF4, 0xB7, 0xF7, 0x43, 0xD6, 0xDB, 0x29, 0xF3, 0xDE,
    0x3E, 0x8A, 0xAD, 0x39, 0x46, 0x3B, 0x0E, 0xD3, 0xBB, 0x34, 0x6E, 0x5F, 0x9C, 0x03, 0x8B, 0x0B,
    0xE0, 0xF8, 0x1B, 0x60, 0xF6, 0x71, 0x17, 0x93, 0xDE, 0x10, 0xF9, 0xE6, 0x18, 0x59, 0x75, 0x8A,
    0xDE, 0xD2, 0xE3, 0xDD, 0x13, 0x60, 0xD3, 0x01, 0x3C, 0x02, 0x74, 0x96, 0x16, 0xDA, 0x07, 0x0C,
    0x51, 0xA3, 0xC0, 0x69, 0xFB, 0xEC, 0xD2, 0x80, 0x29, 0x90, 0x46, 0xE6, 0x1D, 0x70, 0xDD, 0x07,
    0xB2, 0xF8, 0x2F, 0x30, 0xE2, 0xFA, 0x4B, 0x5A, 0x09, 0x28, 0x9E, 0xCF, 0xB8, 0x9C, 0xC4, 0xE8,
    0x66, 0x31, 0xDA, 0x4E, 0x4C, 0x62, 0x89, 0x03, 0xF3, 0x85, 0xC1, 0xD0, 0xF4, 0x80, 0x0F, 0xED,
    0x6D, 0xE0, 0x03, 0xB7, 0x25, 0x6E, 0x0F, 0x78, 0xE0, 0x77, 0xA1, 0xA3, 0xC4, 0xF3, 0xE1, 0xB0,
    0x75, 0x2E, 0x9C, 0x20, 0x8F, 0x8C, 0x9B, 0xB8, 0x23, 0x8F, 0xC4, 0x8E, 0x1C, 0x94, 0xD9, 0xA6,
    0x43, 0x6E, 0x91, 0x22, 0x33, 0xD8, 0x98, 0x33, 0x45, 0xAC, 0x34, 0xF3, 0x2C, 0xA3, 0x25, 0x07,
    0x5F, 0x07, 0x3A, 0xCB, 0xF2, 0x32, 0x33, 0x92, 0xFC, 0x05, 0x14, 0x83, 0x3A, 0x16, 0xC9, 0x9F,
    0x85, 0xD4, 0x5C, 0xA0, 0x62, 0x9D, 0x09, 0x2B, 0x9C, 0x6A, 0x9E, 0x58, 0x5E, 0xF2, 0xEC, 0x82,
    0x26, 0x7F, 0x03, 0x41, 0x40, 0x8B, 0x4B, 0xC4, 0xDD, 0xE4, 0x2E, 0xCC, 0x58, 0x13, 0xB2, 0x15,
    0x26, 0x5E, 0xBF, 0x40, 0xDF, 0x10, 0x57, 0x8F, 0xE0, 0x0E, 0xC5, 0x3D, 0xDD, 0xA4, 0x0B, 0x3B,
    0x50, 0xCF, 0xC2, 0x3E, 0xD4, 0x79, 0xF0, 0x50, 0x17, 0x7F, 0x39, 0x81, 0x1C, 0x70, 0xF3, 0xF7,
    0xBF, 0xEF, 0x41, 0x7D, 0xFF, 0x0F, 0x99, 0x78, 0xCA, 0x1C, 0x69, 0x58, 0xD1, 0xF9, 0x9A, 0xCE,
    0x31, 0x53, 0x6A, 0x19, 0x3F, 0x15, 0x9E, 0x52, 0x08, 0xD1, 0xB8, 0x46, 0xCF, 0x3A, 0x1B, 0xDA,
    0x94, 0x84, 0xE0, 0x26, 0x6D, 0xC8, 0x30, 0xB0, 0x37, 0x23, 0x1F, 0x7D, 0x92, 0x30, 0x20, 0xFC,
    0x02, 0x9A, 0x50, 0xB2, 0xC6, 0x8E, 0x68, 0xB5, 0xC9, 0x1E, 0xD5, 0x2E, 0xAD, 0xBF, 0x92, 0x20,
    0x78, 0xE7, 0xFE, 0x7D, 0xB3, 0x8C, 0xC2, 0xC4, 0x41, 0x89, 0xB4, 0x9C, 0x22, 0x6F, 0x40, 0x8F,
    0x09, 0x6E, 0x4C, 0x44, 0x5D, 0xE5, 0x1B, 0x41, 0x90, 0x59, 0x61, 0x68, 0x6D, 0x31, 0xAE, 0xAE,
    0xD6, 0x64, 0xC4, 0xA6, 0x4E, 0x95, 0x49, 0xA9, 0x1D, 0x2E, 0x73, 0x83, 0xBC, 0xA6, 0xB0, 0x71,
    0xD5, 0x57, 0xE5, 0xF4, 0x8E, 0x72, 0x7B, 0x77, 0x52, 0xB7, 0x7B, 0x23, 0x75, 0x37, 0x64, 0x23,
    0xB2, 0x4F, 0x69, 0x15, 0x7B, 0x84, 0x5F, 0x3F, 0x76, 0xD1, 0x1D, 0x90, 0xF6, 0x89, 0x47, 0x4A,
    0xA0, 0x83, 0x69, 0xCB, 0x2A, 0xAD, 0x73, 0x29, 0x39, 0x9D, 0x28, 0xC4, 0x0C, 0x1B, 0x8F, 0x4A,
    0x49, 0x53, 0x4B, 0xBE, 0x29, 0x92, 0x46, 0x1C, 0x29, 0xB2, 0x71, 0xEC, 0x27, 0xEE, 0x79, 0x4D,
    0xA1, 0x8D, 0xFF, 0x53, 0x48, 0xC4, 0x49, 0xAF, 0x14, 0x22, 0x6D, 0x42, 0x23, 0x5F, 0xC6, 0x39,
    0xF2, 0xC7, 0x15, 0x61, 0x07, 0xEE, 0x0B, 0x24, 0x33, 0x34, 0xD5, 0x42, 0x72, 0xAC, 0xDB, 0xB5,
    0x68, 0x2C, 0x56, 0x23, 0x68, 0x47, 0xB3, 0x05, 0x8B, 0x19, 0x70, 0x47, 0xCE, 0x27, 0x33, 0x7D,
    0xA8, 0x72, 0x9B, 0x79, 0x45, 0x26, 0x6E, 0x7C, 0x93, 0xF6, 0x86, 0xA4, 0x7A, 0xC9, 0x43, 0xA9,
    0xC3, 0x8A, 0x89, 0xAB, 0x4E, 0x89, 0x93, 0xA4, 0xED, 0x72, 0x6D, 0x49, 0x51, 0xD5, 0x74, 0x4C,
    0x26, 0xCA, 0x35, 0x73, 0xE1, 0xB5, 0x5B, 0x53, 0x9A, 0x33, 0x40, 0x13, 0x97, 0x2A, 0x68, 0x3F,
    0x25, 0x5D, 0x73, 0x06, 0xDB, 0xA5, 0xED, 0xD0, 0x28, 0x5B, 0x4E, 0x06, 0x7E, 0x79, 0xE2, 0x93,
    0xF0, 0x9C, 0xA4, 0x3F, 0x0B, 0x99, 0x39, 0xF3, 0xC3, 0x8E, 0x45, 0x91, 0x58, 0x4C, 0x95, 0xC1,
    0x29, 0x61, 0x2D, 0x58, 0x47, 0x4D, 0x68, 0x35, 0xEB, 0x58, 0xBC, 0x45, 0x5E, 0x7A, 0x5D, 0x8C,
    0x6E, 0x4F, 0x30, 0xDC, 0x3A, 0x46, 0x56, 0xD7, 0xA4, 0x71, 0xBE, 0x0E, 0xC7, 0xA1, 0xC1, 0x89,
    0xCC, 0x62, 0xAC, 0xF1, 0xDA, 0x67, 0xC8, 0x86, 0x1C, 0x69, 0x17, 0xF6, 0xB4, 0x0D, 0x87, 0x99,
    0x29, 0xF7, 0x33, 0xCC, 0xAF, 0xC8, 0xD8, 0x6E, 0x09, 0x19, 0xAD, 0x67, 0xBA, 0xA1, 0xBA, 0x7A,
    0x25, 0x1B, 0x87, 0xD2, 0x5E, 0x5B, 0xFE, 0xC9, 0x56, 0x94, 0xCE, 0xF4, 0x2C, 0xF7, 0x25, 0x6E,
    0xFD, 0x70, 0xD9, 0x0E, 0xB8, 0x6D, 0x20, 0xCC, 0x5E, 0x00, 0x9F, 0xFB, 0x56, 0x97, 0xEA, 0x95,
    0xF4, 0x4D, 0x3C, 0x89, 0x3B, 0x16, 0x22, 0x48, 0x57, 0x87, 0xB2, 0xB1, 0xDD, 0x70, 0x70, 0x6F,
    0x2D, 0x46, 0x9F, 0xC0, 0x06, 0xC7, 0x4C, 0xC4, 0x77, 0xBF, 0x92, 0xC9, 0x55, 0x17, 0xEF, 0x1D,
    0xF1, 0xD0, 0x92, 0xBF, 0x49, 0xB7, 0x0E, 0x30, 0xE3, 0xA0, 0xFC, 0xDB, 0xA5, 0xF2, 0x89, 0x57,
    0x8E, 0x8F, 0x55, 0xEE, 0x3A, 0xD2, 0xB3, 0x9F, 0x28, 0x87, 0x11, 0xE5, 0xE7, 0xD0, 0x67, 0x35,
    0x6B, 0xE3, 0x5C, 0x58, 0x11, 0xAF, 0x35, 0xDE, 0x48, 0xD2, 0x50, 0x03, 0x56, 0xB1, 0x9D, 0x7A,
    0xCD, 0x9A, 0x9B, 0x5A, 0x5A, 0x7C, 0xB9, 0xDC, 0x33, 0xD5, 0xBA, 0x99, 0x92, 0x0A, 0x8D, 0x66,
    0xC0, 0x13, 0x06, 0x3C, 0x5F, 0x5F, 0x24, 0xFA, 0x22, 0x34, 0x4D, 0x2A, 0x3D, 0x2A, 0x37, 0x89,
    0xCC, 0x5B, 0xCE, 0x79, 0x1B, 0xF0, 0xC4, 0x98, 0x44, 0x4C, 0xA4, 0x17, 0x3E, 0xE1, 0x85, 0x4A,
    0xC4, 0x0B, 0x46, 0xAA, 0x1A, 0xBF, 0xE0, 0xDB, 0xAA, 0x13, 0x92, 0x90, 0x96, 0xB9, 0x9B, 0xC8,
    0x7D, 0xF8, 0x19, 0x39, 0xFA, 0x8E, 0x1C, 0x3D, 0x67, 0xE8, 0x8F, 0x80, 0xFF, 0x00, 0x9D, 0x92,
    0xB1, 0x4E, 0xC3, 0x40, 0x0C, 0x86, 0x9D, 0xDC, 0x70, 0x12, 0x19, 0xFA, 0x00, 0x15, 0x74, 0xEC,
    0x80, 0xCA, 0xAD, 0x0C, 0x57, 0x71, 0x8F, 0xC2, 0x43, 0x64, 0xC8, 0x50, 0x89, 0x7B, 0xA8, 0x0E,
    0x99, 0x50, 0x98, 0x58, 0xB3, 0xB1, 0x06, 0x9E, 0x20, 0x48, 0x19, 0x12, 0xA9, 0x34, 0xD8, 0x3E,
    0xBB, 0xE9, 0x0A, 0xB6, 0x74, 0xFF, 0xD0, 0xE6, 0xEE, 0xF3, 0xFF, 0x1B, 0x00, 0x5C, 0xE7, 0x5A,
    0x80, 0xAC, 0x9F, 0xBE, 0x06, 0x00, 0xD3, 0xDC, 0xC7, 0x67, 0x80, 0x55, 0x58, 0x01, 0xD6, 0x06,
    0xEE, 0x48, 0x76, 0xD8, 0x58, 0x1E, 0x1B, 0x7F, 0x9A, 0xE7, 0xF9, 0x84, 0x7A, 0xC0, 0xC6, 0xAA,
    0xA1, 0x22, 0x39, 0x62, 0x63, 0x0D, 0xD8, 0x58, 0x3D, 0xF6, 0x45, 0x32, 0x91, 0x2E, 0xEB, 0x50,
    0xF2, 0x36, 0xC7, 0xD7, 0xC0, 0x88, 0x34, 0xA6, 0x59, 0xC4, 0x46, 0x1B, 0x51, 0x8A, 0x60, 0x03,
    0x3D, 0x04, 0x05, 0xB0, 0x30, 0xCA, 0x2D, 0x36, 0x40, 0xE9, 0x4B, 0x62, 0x38, 0xF7, 0xAF, 0x74,
    0xA5, 0x8B, 0x8E, 0xFE, 0x8F, 0xB5, 0x1E, 0xE9, 0x9C, 0x5E, 0xF8, 0xAE, 0x1B, 0xFA, 0x2A, 0x24,
    0xFE, 0x84, 0x9F, 0xE8, 0x13, 0xFC, 0xC2, 0x5E, 0x21, 0x3C, 0x91, 0x0F, 0x0C, 0xDE, 0x5F, 0x80,
    0x7B, 0x24, 0x46, 0xEA, 0xBC, 0x23, 0x68, 0xD3, 0x12, 0x33, 0xE1, 0x99, 0xD6, 0xBC, 0x45, 0xBC,
    0xDE, 0xBE, 0xD3, 0x23, 0xF6, 0x44, 0xBC, 0xA6, 0x23, 0xDC, 0x84, 0xB9, 0x9C, 0x44, 0x0A, 0xE5,
    0x23, 0x30, 0x29, 0x30, 0x68, 0xC2, 0x04, 0xF7, 0x19, 0xE9, 0xEA, 0x39, 0xD2, 0x15, 0x2E, 0xA8,
    0xD1, 0x1B, 0xFE, 0x70, 0xC7, 0xBC, 0x1E, 0x1E, 0x88, 0x73, 0xDC, 0x33, 0xA7, 0x67, 0x8B, 0x3D,
    0x73, 0x56, 0xCC, 0x59, 0x33, 0xE7, 0xA0, 0xB4, 0x59, 0xA2, 0x65, 0x73, 0x93, 0xB7, 0xC8, 0xD9,
    0x34, 0x64, 0xE9, 0x47, 0xA0, 0xF3, 0x4C, 0x9C, 0xF9, 0xF0, 0x47, 0xCE, 0x6E, 0x3D, 0x51, 0x66,
    0xDF, 0xE3, 0xF4, 0xC4, 0x9E, 0x6E, 0xC5, 0xD5, 0x42, 0x7C, 0x55, 0x67, 0xD5, 0x5B, 0x75, 0x77,
    0xF1, 0xF7, 0x20, 0xCB, 0x51, 0xCB, 0x76, 0x1C, 0x65, 0x3D, 0xD4, 0x67, 0xD1, 0xE4, 0x35, 0x88,
    0xDB, 0xEA, 0xB7, 0x3A, 0x9E, 0x8B, 0xE7, 0xEA, 0x3A, 0xEA, 0x4F, 0xDA, 0x93, 0xE4, 0xBC, 0x95,
    0x99, 0x0A, 0xB8, 0x5A, 0x15, 0xD9, 0x15, 0x5D, 0x16, 0xDD, 0x96, 0xAB, 0x75, 0xA1, 0x9D, 0x4F,
    0x49, 0x8C, 0x92, 0xC5, 0x56, 0xD3, 0x90, 0x3C, 0x34, 0x11, 0xCD, 0x44, 0x52, 0xC1, 0xF1, 0xF6,
    0x32, 0x9F, 0x97, 0xF9, 0xBC, 0xCC, 0x57, 0xC9, 0x7C, 0xB5, 0xCC, 0x37, 0x2C, 0x73, 0x52, 0x46,
    0x9A, 0x92, 0xE6, 0x24, 0x49, 0x69, 0x56, 0x9A, 0x96, 0xE4, 0xA5, 0x89, 0xFD, 0x6B, 0xBE, 0x5F,
};

static const EpdGlyph sourceserif4_14_italicGlyphs[] = {
    { 0, 0, 109, 0, 0, 0, 0 }, // U+0020
    { 7, 19, 135, 1, 19, 34, 0 }, // !
    { 8, 9, 197, 4, 21, 18, 34 }, // "
    { 17, 19, 259, 0, 19, 81, 52 }, // #
    { 15, 24, 239, 0, 21, 90, 133 }, // $
    { 23, 21, 399, 1, 19, 121, 223 }, // %
    { 20, 19, 324, 1, 19, 95, 344 }, // &
    { 4, 9, 120, 4, 21, 9, 439 }, // '
    { 12, 28, 175, 1, 21, 84, 448 }, // (
    { 11, 28, 175, -2, 21, 77, 532 }, // )
    { 13, 11, 224, 2, 21, 36, 609 }, // *
    { 14, 15, 247, 1, 17, 53, 645 }, // +
    { 6, 9, 140, -1, 3, 14, 698 }, // ,
    { 8, 2, 145, 0, 8, 4, 712 }, // -
    { 5, 4, 140, 1, 4, 5, 716 }, // .
    { 16, 25, 154, -4, 20, 100, 721 }, // /
    { 14, 19, 236, 1, 19, 67, 821 }, // 0
    { 10, 19, 181, 0, 19, 48, 888 }, // 1
    { 15, 19, 242, 0, 19, 72, 936 }, // 2
    { 13, 19, 239, 1, 19, 62, 1008 }, // 3
    { 15, 19, 239, 0, 19, 72, 1070 }, // 4
    { 15, 19, 230, 0, 19, 72, 1142 }, // 5
    { 15, 19, 239, 1, 19, 72, 1214 }, // 6
    { 14, 19, 216, 1, 19, 67, 1286 }, // 7
    { 13, 19, 238, 1, 19, 62, 1353 }, // 8
    { 14, 20, 235, 1, 19, 70, 1415 }, // 9
    { 6, 14, 140, 1, 14, 21, 1485 }, // :
    { 8, 19, 140, -1, 14, 38, 1506 }, // ;
    { 13, 15, 247, 1, 17, 49, 1544 }, // <
    { 14, 8, 247, 1, 14, 28, 1593 }, // =
    { 12, 15, 247, 2, 17, 45, 1621 }, // >
    { 13, 19, 207, 1, 19, 62, 1666 }, // ?
    { 24, 24, 407, 1, 19, 144, 1728 }, // @
    { 21, 19, 316, -2, 19, 100, 1872 }, // A
    { 18, 19, 291, -1, 19, 86, 1972 }, // B
    { 17, 19, 277, 1, 19, 81, 2058 }, // C
    { 21, 19, 327, -1, 19, 100, 2139 }, // D
    { 18, 19, 274, -1, 19, 86, 2239 }, // E
    { 19, 19, 257, -1, 19, 91, 2325 }, // F
    { 18, 19, 306, 1, 19, 86, 2416 }, // G
    { 24, 19, 357, -1, 19, 114, 2502 }, // H
    { 12, 19, 167, -1, 19, 57, 2616 }, // I
    { 16, 23, 163, -4, 19, 92, 2673 }, // J
    { 22, 19, 309, -1, 19, 105, 2765 }, // K
    { 17, 19, 265, -1, 19, 81, 2870 }, // L
    { 28, 19, 433, -1, 19, 133, 2951 }, // M
    { 24, 19, 339, -1, 19, 114, 3084 }, // N
    { 18, 19, 308, 1, 19, 86, 3198 }, // O
    { 18, 19, 263, -1, 19, 86, 3284 }, // P
    { 18, 26, 308, 1, 19, 117, 3370 }, // Q
    { 20, 19, 302, -1, 19, 95, 3487 }, // R
    { 15, 19, 231, 0, 19, 72, 3582 }, // S
    { 17, 19, 266, 1, 19, 81, 3654 }, // T
    { 21, 19, 332, 2, 19, 100, 3735 }, // U
    { 20, 19, 282, 1, 19, 95, 3835 }, // V
    { 28, 19, 407, 1, 19, 133, 3930 }, // W
    { 22, 19, 309, -1, 19, 105, 4063 }, // X
    { 18, 19, 259, 1, 19, 86, 4168 }, // Y
    { 18, 19, 251, -1, 19, 86, 4254 }, // Z
    { 11, 25, 152, 0, 20, 69, 4340 }, // [
    { 5, 25, 146, 2, 20, 32, 4409 }, // <backslash>
    { 11, 25, 152, -2, 20, 69, 4441 }, // ]
    { 12, 8, 247, 2, 14, 24, 4510 }, // ^
    { 17, 2, 239, -3, 0, 9, 4534 }, // _
    { 6, 7, 187, 5, 22, 11, 4543 }, // `
    { 15, 15, 244, 0, 15, 57, 4554 }, // a
    { 13, 22, 231, 1, 22, 72, 4611 }, // b
    { 11, 14, 190, 1, 14, 39, 4683 }, // c
    { 16, 22, 245, 0, 22, 88, 4722 }, // d
    { 11, 14, 190, 1, 14, 39, 4810 }, // e
    { 19, 28, 137, -5, 21, 133, 4849 }, // f
    { 17, 21, 227, -2, 14, 90, 4982 }, // g
    { 15, 23, 254, 1, 22, 87, 5072 }, // h
    { 8, 21, 142, 1, 21, 42, 5159 }, // i
    { 12, 29, 117, -3, 21, 87, 5201 }, // j
    { 13, 22, 220, 1, 22, 72, 5288 }, // k
    { 8, 22, 130, 1, 22, 44, 5360 }, // l
    { 23, 14, 382, 1, 14, 81, 5404 }, // m
    { 16, 15, 263, 1, 14, 60, 5485 }, // n
    { 13, 14, 228, 1, 14, 46, 5545 }, // o
    { 18, 21, 239, -3, 14, 95, 5591 }, // p
    { 14, 22, 228, 0, 15, 77, 5686 }, // q
    { 12, 15, 187, 1, 15, 45, 5763 }, // r
    { 11, 14, 168, 0, 14, 39, 5808 }, // s
    { 10, 18, 154, 1, 18, 45, 5847 }, // t
    { 16, 15, 267, 1, 15, 60, 5892 }, // u
    { 15, 15, 223, 0, 14, 57, 5952 }, // v
    { 22, 15, 340, 0, 14, 83, 6009 }, // w
    { 17, 14, 242, -1, 14, 60, 6092 }, // x
    { 18, 21, 222, -3, 14, 95, 6152 }, // y
    { 15, 15, 216, -1, 15, 57, 6247 }, // z
    { 11, 26, 177, 1, 21, 72, 6304 }, // {
    { 3, 28, 136, 3, 21, 21, 6376 }, // |
    { 11, 26, 177, -1, 21, 72, 6397 }, // }
    { 13, 5, 247, 1, 12, 17, 6469 }, // ~
    { 0, 0, 109, 0, 0, 0, 0 }, // U+00A0
    { 8, 21, 135, -1, 14, 42, 0 }, // U+00A1
    { 13, 20, 239, 1, 19, 65, 42 }, // U+00A2
    { 16, 19, 239, -1, 19, 76, 107 }, // U+00A3
    { 14, 13, 239, 1, 16, 46, 183 }, // U+00A4
    { 17, 19, 239, 0, 19, 81, 229 }, // U+00A5
    { 3, 28, 136, 3, 21, 21, 310 }, // U+00A6
    { 14, 24, 217, 0, 19, 84, 331 }, // U+00A7
    { 9, 3, 187, 4, 21, 7, 415 }, // U+00A8
    { 22, 21, 362, 1, 20, 116, 422 }, // U+00A9
    { 11, 11, 172, 2, 23, 31, 538 }, // U+00AA
    { 15, 13, 258, 1, 14, 49, 569 }, // U+00AB
    { 13, 7, 247, 1, 11, 23, 618 }, // U+00AC
    { 8, 2, 145, 0, 8, 4, 641 }, // U+00AD
    { 13, 12, 216, 2, 20, 39, 645 }, // U+00AE
    { 8, 2, 187, 4, 19, 4, 684 }, // U+00AF
    { 9, 8, 153, 2, 19, 18, 688 }, // U+00B0
    { 14, 16, 247, 1, 16, 56, 706 }, // U+00B1
    { 10, 12, 162, 2, 24, 30, 762 }, // U+00B2
    { 10, 12, 162, 2, 24, 30, 792 }, // U+00B3
    { 6, 7, 187, 5, 22, 11, 822 }, // U+00B4
    { 16, 21, 247, -1, 15, 84, 833 }, // U+00B5
    { 18, 23, 279, 2, 19, 104, 917 }, // U+00B6
    { 4, 4, 140, 3, 12, 4, 1021 }, // U+00B7
    { 7, 7, 187, 0, 0, 13, 1025 }, // U+00B8
    { 8, 12, 162, 2, 24, 24, 1038 }, // U+00B9
    { 10, 10, 161, 2, 22, 25, 1062 }, // U+00BA
    { 14, 13, 258, 0, 14, 46, 1087 }, // U+00BB
    { 22, 21, 387, 1, 20, 116, 1133 }, // U+00BC
    { 23, 21, 399, 1, 20, 121, 1249 }, // U+00BD
    { 22, 21, 387, 1, 20, 116, 1370 }, // U+00BE
    { 13, 21, 207, -2, 14, 69, 1486 }, // U+00BF
    { 21, 25, 316, -2, 25, 132, 1555 }, // U+00C0
    { 21, 25, 316, -2, 25, 132, 1687 }, // U+00C1
    { 21, 25, 316, -2, 25, 132, 1819 }, // U+00C2
    { 21, 25, 316, -2, 25, 132, 1951 }, // U+00C3
    { 21, 24, 316, -2, 24, 126, 2083 }, // U+00C4
    { 21, 26, 316, -2, 26, 137, 2209 }, // U+00C5
    { 28, 19, 411, -2, 19, 133, 2346 }, // U+00C6
    { 17, 26, 277, 1, 19, 111, 2479 }, // U+00C7
    { 18, 25, 274, -1, 25, 113, 2590 }, // U+00C8
    { 18, 25, 274, -1, 25, 113, 2703 }, // U+00C9
    { 18, 25, 274, -1, 25, 113, 2816 }, // U+00CA
    { 18, 24, 274, -1, 24, 108, 2929 }, // U+00CB
    { 12, 25, 167, -1, 25, 75, 3037 }, // U+00CC
    { 13, 25, 167, -1, 25, 82, 3112 }, // U+00CD
    { 14, 25, 167, -1, 25, 88, 3194 }, // U+00CE
    { 14, 24, 167, -1, 24, 84, 3282 }, // U+00CF
    { 21, 19, 327, -1, 19, 100, 3366 }, // U+00D0
    { 24, 25, 339, -1, 25, 150, 3466 }, // U+00D1
    { 18, 26, 308, 1, 26, 117, 3616 }, // U+00D2
    { 18, 26, 308, 1, 26, 117, 3733 }, // U+00D3
    { 18, 25, 308, 1, 25, 113, 3850 }, // U+00D4
    { 18, 25, 308, 1, 25, 113, 3963 }, // U+00D5
    { 18, 25, 308, 1, 25, 113, 4076 }, // U+00D6
    { 13, 13, 247, 1, 16, 43, 4189 }, // U+00D7
    { 21, 21, 308, -1, 20, 111, 4232 }, // U+00D8
    { 21, 26, 332, 2, 26, 137, 4343 }, // U+00D9
    { 21, 26, 332, 2, 26, 137, 4480 }, // U+00DA
    { 21, 25, 332, 2, 25, 132, 4617 }, // U+00DB
    { 21, 25, 332, 2, 25, 132, 4749 }, // U+00DC
    { 18, 25, 259, 1, 25, 113, 4881 }, // U+00DD
    { 17, 19, 262, -1, 19, 81, 4994 }, // U+00DE
    { 21, 28, 236, -5, 21, 147, 5075 }, // U+00DF
    { 15, 22, 244, 0, 22, 83, 5222 }, // U+00E0
    { 15, 22, 244, 0, 22, 83, 5305 }, // U+00E1
    { 15, 21, 244, 0, 21, 79, 5388 }, // U+00E2
    { 16, 21, 244, 0, 21, 84, 5467 }, // U+00E3
    { 16, 21, 244, 0, 21, 84, 5551 }, // U+00E4
    { 15, 21, 244, 0, 21, 79, 5635 }, // U+00E5
    { 20, 14, 312, 0, 14, 70, 5714 }, // U+00E6
    { 11, 21, 190, 1, 14, 58, 5784 }, // U+00E7
    { 11, 22, 190, 1, 22, 61, 5842 }, // U+00E8
    { 13, 22, 190, 1, 22, 72, 5903 }, // U+00E9
    { 13, 21, 190, 1, 21, 69, 5975 }, // U+00EA
    { 14, 21, 190, 1, 21, 74, 6044 }, // U+00EB
    { 8, 22, 142, 1, 22, 44, 6118 }, // U+00EC
    { 10, 22, 142, 1, 22, 55, 6162 }, // U+00ED
    { 10, 21, 142, 1, 21, 53, 6217 }, // U+00EE
    { 10, 21, 142, 1, 21, 53, 6270 }, // U+00EF
    { 13, 22, 228, 1, 22, 72, 6323 }, // U+00F0
    { 16, 22, 263, 1, 21, 88, 6395 }, // U+00F1
    { 13, 22, 228, 1, 22, 72, 6483 }, // U+00F2
    { 13, 22, 228, 1, 22, 72, 6555 }, // U+00F3
    { 13, 21, 228, 1, 21, 69, 6627 }, // U+00F4
    { 14, 21, 228, 1, 21, 74, 6696 }, // U+00F5
    { 14, 21, 228, 1, 21, 74, 6770 }, // U+00F6
    { 14, 15, 247, 1, 17, 53, 6844 }, // U+00F7
    { 16, 16, 228, -1, 15, 64, 6897 }, // U+00F8
    { 16, 22, 267, 1, 22, 88, 6961 }, // U+00F9
    { 16, 22, 267, 1, 22, 88, 7049 }, // U+00FA
    { 16, 21, 267, 1, 21, 84, 7137 }, // U+00FB
    { 16, 21, 267, 1, 21, 84, 7221 }, // U+00FC
    { 18, 29, 222, -3, 22, 131, 7305 }, // U+00FD
    { 18, 29, 236, -3, 22, 131, 7436 }, // U+00FE
    { 18, 28, 222, -3, 21, 126, 7567 }, // U+00FF
    { 21, 23, 316, -2, 23, 121, 0 }, // U+0100
    { 15, 19, 244, 0, 19, 72, 121 }, // U+0101
    { 21, 25, 316, -2, 25, 132, 193 }, // U+0102
    { 16, 22, 244, 0, 22, 88, 325 }, // U+0103
    { 21, 26, 316, -2, 19, 137, 413 }, // U+0104
    { 15, 22, 244, 0, 15, 83, 550 }, // U+0105
    { 17, 25, 277, 1, 25, 107, 633 }, // U+0106
    { 13, 22, 190, 1, 22, 72, 740 }, // U+0107
    { 17, 25, 277, 1, 25, 107, 812 }, // U+0108
    { 13, 21, 190, 1, 21, 69, 919 }, // U+0109
    { 17, 25, 277, 1, 25, 107, 988 }, // U+010A
    { 11, 21, 190, 1, 21, 58, 1095 }, // U+010B
    { 17, 26, 277, 1, 26, 111, 1153 }, // U+010C
    { 13, 23, 190, 1, 23, 75, 1264 }, // U+010D
    { 21, 25, 327, -1, 25, 132, 1339 }, // U+010E
    { 20, 21, 251, 0, 21, 105, 1471 }, // U+010F
    { 21, 19, 327, -1, 19, 100, 1576 }, // U+0110
    { 17, 22, 245, 0, 22, 94, 1676 }, // U+0111
    { 18, 23, 274, -1, 23, 104, 1770 }, // U+0112
    { 13, 19, 190, 1, 19, 62, 1874 }, // U+0113
    { 18, 25, 274, -1, 25, 113, 1936 }, // U+0114
    { 14, 22, 190, 1, 22, 77, 2049 }, // U+0115
    { 18, 24, 274, -1, 24, 108, 2126 }, // U+0116
    { 11, 21, 190, 1, 21, 58, 2234 }, // U+0117
    { 18, 26, 274, -1, 19, 117, 2292 }, // U+0118
    { 11, 21, 190, 1, 14, 58, 2409 }, // U+0119
    { 18, 25, 274, -1, 25, 113, 2467 }, // U+011A
    { 14, 23, 190, 1, 23, 81, 2580 }, // U+011B
    { 18, 25, 306, 1, 25, 113, 2661 }, // U+011C
    { 17, 28, 227, -2, 21, 119, 2774 }, // U+011D
    { 18, 26, 306, 1, 26, 117, 2893 }, // U+011E
    { 17, 28, 227, -2, 21, 119, 3010 }, // U+011F
    { 18, 25, 306, 1, 25, 113, 3129 }, // U+0120
    { 17, 28, 227, -2, 21, 119, 3242 }, // U+0121
    { 18, 27, 306, 1, 19, 122, 3361 }, // U+0122
    { 17, 30, 227, -2, 23, 128, 3483 }, // U+0123
    { 24, 25, 357, -1, 25, 150, 3611 }, // U+0124
    { 15, 28, 254, 1, 27, 105, 3761 }, // U+0125
    { 25, 19, 357, -1, 19, 119, 3866 }, // U+0126
    { 15, 22, 254, 1, 22, 83, 3985 }, // U+0127
    { 15, 25, 167, -1, 25, 94, 4068 }, // U+0128
    { 11, 21, 142, 1, 21, 58, 4162 }, // U+0129
    { 14, 23, 167, -1, 23, 81, 4220 }, // U+012A
    { 10, 19, 142, 1, 19, 48, 4301 }, // U+012B
    { 12, 26, 167, -1, 19, 78, 4349 }, // U+012E
    { 8, 28, 142, 1, 21, 56, 4427 }, // U+012F
    { 12, 24, 167, -1, 24, 72, 4483 }, // U+0130
    { 8, 15, 142, 1, 15, 30, 4555 }, // U+0131
    { 17, 29, 163, -4, 25, 124, 4585 }, // U+0134
    { 14, 29, 117, -3, 21, 102, 4709 }, // U+0135
    { 22, 27, 309, -1, 19, 149, 4811 }, // U+0136
    { 13, 30, 220, 1, 22, 98, 4960 }, // U+0137
    { 14, 15, 230, 1, 15, 53, 5058 }, // U+0138
    { 17, 25, 265, -1, 25, 107, 5111 }, // U+0139
    { 12, 27, 130, 1, 27, 81, 5218 }, // U+013A
    { 17, 27, 265, -1, 19, 115, 5299 }, // U+013B
    { 9, 30, 130, 0, 22, 68, 5414 }, // U+013C
    { 19, 21, 265, -1, 21, 100, 5482 }, // U+013D
    { 12, 21, 138, 1, 21, 63, 5582 }, // U+013E
    { 17, 19, 265, -1, 19, 81, 5645 }, // U+013F
    { 10, 22, 128, 1, 22, 55, 5726 }, // U+0140
    { 17, 19, 265, -1, 19, 81, 5781 }, // U+0141
    { 9, 22, 130, 0, 22, 50, 5862 }, // U+0142
    { 24, 25, 339, -1, 25, 150, 5912 }, // U+0143
    { 16, 23, 263, 1, 22, 92, 6062 }, // U+0144
    { 24, 27, 339, -1, 19, 162, 6154 }, // U+0145
    { 16, 22, 263, 1, 14, 88, 6316 }, // U+0146
    { 24, 25, 339, -1, 25, 150, 6404 }, // U+0147
    { 16, 24, 263, 1, 23, 96, 6554 }, // U+0148
    { 21, 22, 386, 3, 21, 116, 6650 }, // U+0149
    { 24, 23, 344, -1, 19, 138, 6766 }, // U+014A
    { 14, 22, 267, 1, 14, 77, 6904 }, // U+014B
    { 18, 24, 308, 1, 24, 108, 6981 }, // U+014C
    { 13, 19, 228, 1, 19, 62, 7089 }, // U+014D
    { 18, 26, 308, 1, 26, 117, 7151 }, // U+014E
    { 13, 22, 228, 1, 22, 72, 7268 }, // U+014F
    { 18, 26, 308, 1, 26, 117, 7340 }, // U+0150
    { 15, 21, 228, 1, 21, 79, 7457 }, // U+0151
    { 25, 19, 415, 1, 19, 119, 7536 }, // U+0152
    { 21, 14, 347, 1, 14, 74, 7655 }, // U+0153
    { 20, 25, 302, -1, 25, 125, 7729 }, // U+0154
    { 12, 22, 187, 1, 22, 66, 7854 }, // U+0155
    { 20, 27, 302, -1, 19, 135, 7920 }, // U+0156
    { 13, 23, 187, 0, 15, 75, 8055 }, // U+0157
    { 20, 25, 302, -1, 25, 125, 8130 }, // U+0158
    { 13, 22, 187, 1, 22, 72, 8255 }, // U+0159
    { 15, 26, 231, 0, 26, 98, 8327 }, // U+015A
    { 12, 22, 168, 0, 22, 66, 8425 }, // U+015B
    { 15, 25, 231, 0, 25, 94, 8491 }, // U+015C
    { 13, 21, 168, 0, 21, 69, 8585 }, // U+015D
    { 15, 26, 231, 0, 19, 98, 8654 }, // U+015E
    { 11, 21, 168, 0, 14, 58, 8752 }, // U+015F
    { 15, 26, 231, 0, 26, 98, 8810 }, // U+0160
    { 13, 23, 168, 0, 23, 75, 8908 }, // U+0161
    { 17, 26, 266, 1, 19, 111, 8983 }, // U+0162
    { 11, 24, 154, 0, 17, 66, 9094 }, // U+0163
    { 17, 25, 266, 1, 25, 107, 9160 }, // U+0164
    { 12, 21, 154, 1, 21, 63, 9267 }, // U+0165
    { 21, 25, 332, 2, 25, 132, 9330 }, // U+0168
    { 16, 21, 267, 1, 21, 84, 9462 }, // U+0169
    { 21, 24, 332, 2, 24, 126, 9546 }, // U+016A
    { 16, 19, 267, 1, 19, 76, 9672 }, // U+016B
    { 21, 26, 332, 2, 26, 137, 9748 }, // U+016C
    { 16, 22, 267, 1, 22, 88, 9885 }, // U+016D
    { 21, 26, 332, 2, 26, 137, 9973 }, // U+016E
    { 16, 21, 267, 1, 21, 84, 10110 }, // U+016F
    { 21, 26, 332, 2, 26, 137, 10194 }, // U+0170
    { 16, 21, 267, 1, 21, 84, 10331 }, // U+0171
    { 21, 26, 332, 2, 19, 137, 10415 }, // U+0172
    { 16, 21, 267, 1, 14, 84, 10552 }, // U+0173
    { 28, 25, 407, 1, 25, 175, 10636 }, // U+0174
    { 22, 22, 340, 0, 21, 121, 10811 }, // U+0175
    { 18, 25, 259, 1, 25, 113, 10932 }, // U+0176
    { 18, 28, 222, -3, 21, 126, 11045 }, // U+0177
    { 18, 24, 259, 1, 24, 108, 11171 }, // U+0178
    { 18, 25, 251, -1, 25, 113, 11279 }, // U+0179
    { 15, 23, 216, -1, 23, 87, 11392 }, // U+017A
    { 18, 24, 251, -1, 24, 108, 11479 }, // U+017B
    { 15, 21, 216, -1, 21, 79, 11587 }, // U+017C
    { 18, 25, 251, -1, 25, 113, 11666 }, // U+017D
    { 16, 23, 216, -1, 23, 92, 11779 }, // U+017E
    { 19, 28, 137, -5, 21, 133, 11871 }, // U+017F
    { 20, 24, 308, 1, 24, 120, 0 }, // U+01A0
    { 15, 18, 228, 1, 18, 68, 120 }, // U+01A1
    { 22, 24, 332, 2, 24, 132, 188 }, // U+01AF
    { 18, 19, 267, 1, 19, 86, 320 }, // U+01B0
    { 21, 25, 316, -2, 25, 132, 406 }, // U+01CD
    { 16, 23, 244, 0, 23, 92, 538 }, // U+01CE
    { 14, 25, 167, -1, 25, 88, 630 }, // U+01CF
    { 11, 23, 142, 1, 23, 64, 718 }, // U+01D0
    { 18, 26, 308, 1, 26, 117, 782 }, // U+01D1
    { 13, 23, 228, 1, 23, 75, 899 }, // U+01D2
    { 21, 26, 332, 2, 26, 137, 974 }, // U+01D3
    { 16, 23, 267, 1, 23, 92, 1111 }, // U+01D4
    { 21, 28, 332, 2, 28, 147, 1203 }, // U+01D5
    { 16, 23, 267, 1, 23, 92, 1350 }, // U+01D6
    { 21, 30, 332, 2, 30, 158, 1442 }, // U+01D7
    { 16, 25, 267, 1, 25, 100, 1600 }, // U+01D8
    { 21, 29, 332, 2, 29, 153, 1700 }, // U+01D9
    { 16, 25, 267, 1, 25, 100, 1853 }, // U+01DA
    { 21, 30, 332, 2, 30, 158, 1953 }, // U+01DB
    { 16, 25, 267, 1, 25, 100, 2111 }, // U+01DC
    { 18, 26, 306, 1, 26, 117, 2211 }, // U+01E6
    { 17, 29, 227, -2, 22, 124, 2328 }, // U+01E7
    { 24, 26, 339, -1, 26, 156, 2452 }, // U+01F8
    { 16, 23, 263, 1, 22, 92, 2608 }, // U+01F9
    { 15, 27, 231, 0, 19, 102, 2700 }, // U+0218
    { 11, 22, 168, 0, 14, 61, 2802 }, // U+0219
    { 17, 27, 266, 1, 19, 115, 2863 }, // U+021A
    { 10, 26, 154, 1, 18, 65, 2978 }, // U+021B
    { 5, 7, 0, -3, 22, 9, 0 }, // U+0300
    { 5, 7, 0, 1, 22, 9, 9 }, // U+0301
    { 10, 6, 0, -3, 21, 15, 18 }, // U+0302
    { 10, 5, 0, -3, 21, 13, 33 }, // U+0303
    { 8, 2, 0, -2, 19, 4, 46 }, // U+0304
    { 10, 5, 0, -3, 22, 13, 50 }, // U+0306
    { 4, 3, 0, 0, 21, 3, 63 }, // U+0307
    { 9, 3, 0, -2, 21, 7, 66 }, // U+0308
    { 5, 7, 0, 0, 22, 9, 73 }, // U+0309
    { 7, 7, 0, -1, 22, 13, 82 }, // U+030A
    { 10, 6, 0, -2, 22, 15, 95 }, // U+030B
    { 9, 6, 0, -2, 22, 14, 110 }, // U+030C
    { 5, 7, 0, 1, 20, 9, 124 }, // U+031B
    { 4, 3, 0, -5, -2, 3, 133 }, // U+0323
    { 9, 3, 0, -7, -2, 7, 136 }, // U+0324
    { 4, 6, 0, -5, -2, 6, 143 }, // U+0326
    { 7, 7, 0, -6, 0, 13, 149 }, // U+0327
    { 6, 8, 0, -5, 0, 12, 162 }, // U+0328
    { 4, 6, 0, -5, -2, 6, 174 }, // U+0329
    { 10, 5, 0, -7, -2, 13, 180 }, // U+032E
    { 8, 2, 0, -6, -3, 4, 193 }, // U+0331
    { 21, 24, 316, -2, 19, 126, 0 }, // U+1EA0
    { 15, 20, 244, 0, 15, 75, 126 }, // U+1EA1
    { 21, 26, 316, -2, 26, 137, 201 }, // U+1EA2
    { 15, 22, 244, 0, 22, 83, 338 }, // U+1EA3
    { 21, 27, 316, -2, 27, 142, 421 }, // U+1EA4
    { 18, 23, 244, 0, 23, 104, 563 }, // U+1EA5
    { 21, 26, 316, -2, 26, 137, 667 }, // U+1EA6
    { 15, 23, 244, 0, 23, 87, 804 }, // U+1EA7
    { 21, 28, 316, -2, 28, 147, 891 }, // U+1EA8
    { 17, 24, 244, 0, 24, 102, 1038 }, // U+1EA9
    { 21, 27, 316, -2, 27, 142, 1140 }, // U+1EAA
    { 16, 23, 244, 0, 23, 92, 1282 }, // U+1EAB
    { 21, 30, 316, -2, 25, 158, 1374 }, // U+1EAC
    { 15, 26, 244, 0, 21, 98, 1532 }, // U+1EAD
    { 21, 29, 316, -2, 29, 153, 1630 }, // U+1EAE
    { 15, 24, 244, 0, 24, 90, 1783 }, // U+1EAF
    { 21, 29, 316, -2, 29, 153, 1873 }, // U+1EB0
    { 15, 24, 244, 0, 24, 90, 2026 }, // U+1EB1
    { 21, 28, 316, -2, 28, 147, 2116 }, // U+1EB2
    { 15, 25, 244, 0, 25, 94, 2263 }, // U+1EB3
    { 21, 28, 316, -2, 28, 147, 2357 }, // U+1EB4
    { 16, 24, 244, 0, 24, 96, 2504 }, // U+1EB5
    { 21, 30, 316, -2, 25, 158, 2600 }, // U+1EB6
    { 16, 27, 244, 0, 22, 108, 2758 }, // U+1EB7
    { 18, 24, 274, -1, 19, 108, 2866 }, // U+1EB8
    { 11, 19, 190, 1, 14, 53, 2974 }, // U+1EB9
    { 18, 26, 274, -1, 26, 117, 3027 }, // U+1EBA
    { 12, 22, 190, 1, 22, 66, 3144 }, // U+1EBB
    { 18, 25, 274, -1, 25, 113, 3210 }, // U+1EBC
    { 14, 21, 190, 1, 21, 74, 3323 }, // U+1EBD
    { 19, 27, 274, -1, 27, 129, 3397 }, // U+1EBE
    { 16, 23, 190, 1, 23, 92, 3526 }, // U+1EBF
    { 18, 26, 274, -1, 26, 117, 3618 }, // U+1EC0
    { 13, 23, 190, 1, 23, 75, 3735 }, // U+1EC1
    { 19, 28, 274, -1, 28, 133, 3810 }, // U+1EC2
    { 15, 24, 190, 1, 24, 90, 3943 }, // U+1EC3
    { 18, 27, 274, -1, 27, 122, 4033 }, // U+1EC4
    { 14, 23, 190, 1, 23, 81, 4155 }, // U+1EC5
    { 18, 30, 274, -1, 25, 135, 4236 }, // U+1EC6
    { 13, 26, 190, 1, 21, 85, 4371 }, // U+1EC7
    { 12, 26, 167, -1, 26, 78, 4456 }, // U+1EC8
    { 9, 22, 142, 1, 22, 50, 4534 }, // U+1EC9
    { 12, 24, 167, -1, 19, 72, 4584 }, // U+1ECA
    { 8, 26, 142, 1, 21, 52, 4656 }, // U+1ECB
    { 18, 24, 308, 1, 19, 108, 4708 }, // U+1ECC
    { 13, 19, 228, 1, 14, 62, 4816 }, // U+1ECD
    { 18, 25, 308, 1, 25, 113, 4878 }, // U+1ECE
    { 13, 22, 228, 1, 22, 72, 4991 }, // U+1ECF
    { 18, 27, 308, 1, 27, 122, 5063 }, // U+1ED0
    { 16, 23, 228, 1, 23, 92, 5185 }, // U+1ED1
    { 18, 27, 308, 1, 27, 122, 5277 }, // U+1ED2
    { 13, 23, 228, 1, 23, 75, 5399 }, // U+1ED3
    { 18, 28, 308, 1, 28, 126, 5474 }, // U+1ED4
    { 14, 24, 228, 1, 24, 84, 5600 }, // U+1ED5
    { 18, 28, 308, 1, 28, 126, 5684 }, // U+1ED6
    { 14, 23, 228, 1, 23, 81, 5810 }, // U+1ED7
    { 18, 30, 308, 1, 25, 135, 5891 }, // U+1ED8
    { 13, 26, 228, 1, 21, 85, 6026 }, // U+1ED9
    { 20, 26, 308, 1, 26, 130, 6111 }, // U+1EDA
    { 15, 22, 228, 1, 22, 83, 6241 }, // U+1EDB
    { 20, 26, 308, 1, 26, 130, 6324 }, // U+1EDC
    { 15, 22, 228, 1, 22, 83, 6454 }, // U+1EDD
    { 20, 26, 308, 1, 26, 130, 6537 }, // U+1EDE
    { 15, 23, 228, 1, 23, 87, 6667 }, // U+1EDF
    { 20, 25, 308, 1, 25, 125, 6754 }, // U+1EE0
    { 15, 21, 228, 1, 21, 79, 6879 }, // U+1EE1
    { 20, 29, 308, 1, 24, 145, 6958 }, // U+1EE2
    { 15, 23, 228, 1, 18, 87, 7103 }, // U+1EE3
    { 21, 24, 332, 2, 19, 126, 7190 }, // U+1EE4
    { 16, 20, 267, 1, 15, 80, 7316 }, // U+1EE5
    { 21, 26, 332, 2, 26, 137, 7396 }, // U+1EE6
    { 16, 22, 267, 1, 22, 88, 7533 }, // U+1EE7
    { 22, 26, 332, 2, 26, 143, 7621 }, // U+1EE8
    { 18, 22, 267, 1, 22, 99, 7764 }, // U+1EE9
    { 22, 26, 332, 2, 26, 143, 7863 }, // U+1EEA
    { 18, 22, 267, 1, 22, 99, 8006 }, // U+1EEB
    { 22, 26, 332, 2, 26, 143, 8105 }, // U+1EEC
    { 18, 22, 267, 1, 22, 99, 8248 }, // U+1EED
    { 22, 25, 332, 2, 25, 138, 8347 }, // U+1EEE
    { 18, 21, 267, 1, 21, 95, 8485 }, // U+1EEF
    { 22, 29, 332, 2, 24, 160, 8580 }, // U+1EF0
    { 18, 24, 267, 1, 19, 108, 8740 }, // U+1EF1
    { 18, 25, 259, 1, 25, 113, 8848 }, // U+1EF2
    { 18, 29, 222, -3, 22, 131, 8961 }, // U+1EF3
    { 18, 24, 259, 1, 19, 108, 9092 }, // U+1EF4
    { 18, 21, 222, -3, 14, 95, 9200 }, // U+1EF5
    { 18, 26, 259, 1, 26, 117, 9295 }, // U+1EF6
    { 18, 29, 222, -3, 22, 131, 9412 }, // U+1EF7
    { 18, 25, 259, 1, 25, 113, 9543 }, // U+1EF8
    { 18, 27, 222, -3, 20, 122, 9656 }, // U+1EF9
    { 0, 0, 233, 0, 0, 0, 0 }, // U+2002
    { 0, 0, 467, 0, 0, 0, 0 }, // U+2003
    { 0, 0, 155, 0, 0, 0, 0 }, // U+2004
    { 0, 0, 117, 0, 0, 0, 0 }, // U+2005
    { 0, 0, 78, 0, 0, 0, 0 }, // U+2006
    { 0, 0, 239, 0, 0, 0, 0 }, // U+2007
    { 0, 0, 58, 0, 0, 0, 0 }, // U+2009
    { 0, 0, 20, 0, 0, 0, 0 }, // U+200A
    { 0, 0, 0, 0, 0, 0, 0 }, // U+200B
    { 8, 2, 145, 0, 8, 4, 0 }, // U+2010
    { 8, 2, 145, 0, 8, 4, 4 }, // U+2011
    { 13, 2, 239, 1, 10, 7, 8 }, // U+2012
    { 14, 2, 239, 0, 8, 7, 15 }, // U+2013
    { 23, 2, 379, 0, 8, 12, 22 }, // U+2014
    { 23, 2, 379, 0, 8, 12, 34 }, // U+2015
    { 6, 8, 128, 3, 22, 12, 46 }, // U+2018
    { 6, 8, 128, 3, 21, 12, 58 }, // U+2019
    { 6, 8, 128, -1, 4, 12, 70 }, // U+201A
    { 12, 8, 222, 3, 22, 24, 82 }, // U+201C
    { 12, 8, 222, 3, 21, 24, 106 }, // U+201D
    { 12, 8, 222, -1, 4, 24, 130 }, // U+201E
    { 14, 23, 226, 1, 21, 81, 154 }, // U+2020
    { 15, 24, 226, 0, 21, 90, 235 }, // U+2021
    { 7, 6, 138, 1, 13, 11, 325 }, // U+2022
    { 13, 4, 280, 2, 4, 13, 336 }, // U+2025
    { 20, 4, 383, 1, 4, 20, 349 }, // U+2026
    { 0, 0, 58, 0, 0, 0, 369 }, // U+202F
    { 33, 21, 561, 1, 19, 174, 369 }, // U+2030
    { 5, 9, 116, 3, 21, 12, 543 }, // U+2032
    { 11, 9, 201, 3, 21, 25, 555 }, // U+2033
    { 9, 13, 163, 1, 14, 30, 580 }, // U+2039
    { 9, 13, 163, 0, 14, 30, 610 }, // U+203A
    { 16, 19, 271, 1, 19, 76, 640 }, // U+203C
    { 17, 21, 75, -6, 20, 90, 716 }, // U+2044
    { 26, 19, 414, 1, 19, 124, 806 }, // U+2047
    { 20, 19, 343, 1, 19, 95, 930 }, // U+2048
    { 21, 19, 343, 1, 19, 100, 1025 }, // U+2049
    { 15, 24, 239, 1, 21, 90, 0 }, // U+20A1
    { 16, 19, 239, -1, 19, 76, 90 }, // U+20A4
    { 18, 19, 239, -1, 19, 86, 166 }, // U+20A6
    { 17, 19, 239, -1, 19, 81, 252 }, // U+20A7
    { 18, 19, 239, 0, 19, 86, 333 }, // U+20A9
    { 15, 20, 239, 0, 20, 75, 419 }, // U+20AB
    { 16, 19, 239, 0, 19, 76, 494 }, // U+20AC
    { 16, 18, 239, 1, 18, 72, 570 }, // U+20AE
    { 18, 19, 239, -1, 19, 86, 642 }, // U+20B1
    { 15, 24, 239, 0, 21, 90, 728 }, // U+20B2
    { 15, 19, 239, 0, 19, 72, 818 }, // U+20B4
    { 14, 24, 239, 1, 21, 84, 890 }, // U+20B5
    { 15, 19, 239, 1, 19, 72, 974 }, // U+20B8
    { 13, 20, 239, 2, 19, 65, 1046 }, // U+20B9
    { 14, 19, 239, 0, 19, 67, 1111 }, // U+20BA
    { 16, 19, 239, -1, 19, 76, 1178 }, // U+20BD
    { 16, 25, 239, -1, 21, 100, 1254 }, // U+20BF
    { 27, 28, 266, -5, 21, 189, 0 }, // U+FB00
    { 21, 28, 260, -5, 21, 147, 189 }, // U+FB01
    { 22, 28, 261, -5, 21, 154, 336 }, // U+FB02
    { 29, 28, 389, -5, 21, 203, 490 }, // U+FB03
    { 30, 28, 390, -5, 21, 210, 693 }, // U+FB04
};

static const EpdUnicodeInterval sourceserif4_14_italicIntervals[] = {
    { 0x20, 0x7E, 0x0 },
    { 0xA0, 0x12B, 0x5F },
    { 0x12E, 0x131, 0xEB },
    { 0x134, 0x165, 0xEF },
    { 0x168, 0x17F, 0x121 },
    { 0x1A0, 0x1A1, 0x139 },
    { 0x1AF, 0x1B0, 0x13B },
    { 0x1CD, 0x1DC, 0x13D },
    { 0x1E6, 0x1E7, 0x14D },
    { 0x1F8, 0x1F9, 0x14F },
    { 0x218, 0x21B, 0x151 },
    { 0x300, 0x304, 0x155 },
    { 0x306, 0x30C, 0x15A },
    { 0x31B, 0x31B, 0x161 },
    { 0x323, 0x324, 0x162 },
    { 0x326, 0x329, 0x164 },
    { 0x32E, 0x32E, 0x168 },
    { 0x331, 0x331, 0x169 },
    { 0x1EA0, 0x1EF9, 0x16A },
    { 0x2002, 0x2007, 0x1C4 },
    { 0x2009, 0x200B, 0x1CA },
    { 0x2010, 0x2015, 0x1CD },
    { 0x2018, 0x201A, 0x1D3 },
    { 0x201C, 0x201E, 0x1D6 },
    { 0x2020, 0x2022, 0x1D9 },
    { 0x2025, 0x2026, 0x1DC },
    { 0x202F, 0x2030, 0x1DE },
    { 0x2032, 0x2033, 0x1E0 },
    { 0x2039, 0x203A, 0x1E2 },
    { 0x203C, 0x203C, 0x1E4 },
    { 0x2044, 0x2044, 0x1E5 },
    { 0x2047, 0x2049, 0x1E6 },
    { 0x20A1, 0x20A1, 0x1E9 },
    { 0x20A4, 0x20A4, 0x1EA },
    { 0x20A6, 0x20A7, 0x1EB },
    { 0x20A9, 0x20A9, 0x1ED },
    { 0x20AB, 0x20AC, 0x1EE },
    { 0x20AE, 0x20AE, 0x1F0 },
    { 0x20B1, 0x20B2, 0x1F1 },
    { 0x20B4, 0x20B5, 0x1F3 },
    { 0x20B8, 0x20BA, 0x1F5 },
    { 0x20BD, 0x20BD, 0x1F8 },
    { 0x20BF, 0x20BF, 0x1F9 },
    { 0xFB00, 0xFB04, 0x1FA },
};

static const EpdFontGroup sourceserif4_14_italicGroups[] = {
    { 0, 3618, 7050, 95, 0 },
    { 3618, 3180, 8543, 96, 95 },
    { 6798, 4113, 13211, 122, 191 },
    { 10911, 1216, 3316, 28, 313 },
    { 12127, 204, 243, 21, 341 },
    { 12331, 2139, 10729, 90, 362 },
    { 14470, 687, 1239, 37, 452 },
    { 15157, 905, 1456, 17, 489 },
    { 16062, 386, 980, 5, 506 },
};

static const EpdKernClassEntry sourceserif4_14_italicKernLeftClasses[] = {
    { 0x0022, 1 }, // "
    { 0x0023, 2 }, // #
    { 0x0026, 3 }, // &
    { 0x0027, 1 }, // '
    { 0x0028, 4 }, // (
    { 0x0029, 5 }, // )
    { 0x002A, 6 }, // *
    { 0x002B, 7 }, // +
    { 0x002C, 8 }, // ,
    { 0x002E, 8 }, // .
    { 0x002F, 9 }, // /
    { 0x0030, 10 }, // 0
    { 0x0031, 11 }, // 1
    { 0x0032, 12 }, // 2
    { 0x0033, 13 }, // 3
    { 0x0034, 14 }, // 4
    { 0x0035, 15 }, // 5
    { 0x0036, 16 }, // 6
    { 0x0037, 17 }, // 7
    { 0x0038, 13 }, // 8
    { 0x0039, 18 }, // 9
    { 0x003A, 19 }, // :
    { 0x003B, 19 }, // ;
    { 0x003D, 20 }, // =
    { 0x003E, 7 }, // >
    { 0x003F, 21 }, // ?
    { 0x0040, 22 }, // @
    { 0x0041, 23 }, // A
    { 0x0042, 24 }, // B
    { 0x0043, 25 }, // C
    { 0x0044, 26 }, // D
    { 0x0045, 27 }, // E
    { 0x0046, 28 }, // F
    { 0x0047, 29 }, // G
    { 0x0048, 30 }, // H
    { 0x0049, 30 }, // I
    { 0x004A, 31 }, // J
    { 0x004B, 32 }, // K
    { 0x004C, 33 }, // L
    { 0x004D, 30 }, // M
    { 0x004E, 34 }, // N
    { 0x004F, 35 }, // O
    { 0x0050, 36 }, // P
    { 0x0051, 35 }, // Q
    { 0x0052, 37 }, // R
    { 0x0053, 38 }, // S
    { 0x0054, 39 }, // T
    { 0x0055, 40 }, // U
    { 0x0056, 41 }, // V
    { 0x0057, 42 }, // W
    { 0x0058, 43 }, // X
    { 0x0059, 44 }, // Y
    { 0x005A, 45 }, // Z
    { 0x005B, 4 }, // [
    { 0x005C, 46 }, // <backslash>
    { 0x005D, 5 }, // ]
    { 0x005F, 47 }, // _
    { 0x0061, 48 }, // a
    { 0x0062, 49 }, // b
    { 0x0063, 50 }, // c
    { 0x0064, 51 }, // d
    { 0x0065, 52 }, // e
    { 0x0066, 53 }, // f
    { 0x0067, 54 }, // g
    { 0x0068, 55 }, // h
    { 0x0069, 56 }, // i
    { 0x006A, 57 }, // j
    { 0x006B, 58 }, // k
    { 0x006C, 51 }, // l
    { 0x006D, 55 }, // m
    { 0x006E, 55 }, // n
    { 0x006F, 59 }, // o
    { 0x0070, 49 }, // p
    { 0x0071, 60 }, // q
    { 0x0072, 61 }, // r
    { 0x0073, 62 }, // s
    { 0x0074, 63 }, // t
    { 0x0075, 64 }, // u
    { 0x0076, 65 }, // v
    { 0x0077, 65 }, // w
    { 0x0078, 66 }, // x
    { 0x0079, 65 }, // y
    { 0x007A, 67 }, // z
    { 0x007B, 4 }, // {
    { 0x007C, 68 }, // |
    { 0x007D, 5 }, // }
    { 0x007E, 7 }, // ~
    { 0x00A1, 69 }, // U+00A1
    { 0x00A2, 70 }, // U+00A2
    { 0x00A6, 68 }, // U+00A6
    { 0x00A9, 2 }, // U+00A9
    { 0x00AB, 71 }, // U+00AB
    { 0x00AC, 20 }, // U+00AC
    { 0x00AD, 72 }, // U+00AD
    { 0x00AE, 6 }, // U+00AE
    { 0x00B1, 73 }, // U+00B1
    { 0x00B5, 74 }, // U+00B5
    { 0x00B7, 75 }, // U+00B7
    { 0x00BB, 76 }, // U+00BB
    { 0x00BF, 77 }, // U+00BF
    { 0x00C0, 23 }, // U+00C0
    { 0x00C1, 23 }, // U+00C1
    { 0x00C2, 23 }, // U+00C2
    { 0x00C3, 23 }, // U+00C3
    { 0x00C4, 23 }, // U+00C4
    { 0x00C5, 23 }, // U+00C5
    { 0x00C6, 27 }, // U+00C6
    { 0x00C7, 25 }, // U+00C7
    { 0x00C8, 27 }, // U+00C8
    { 0x00C9, 27 }, // U+00C9
    { 0x00CA, 27 }, // U+00CA
    { 0x00CB, 27 }, // U+00CB
    { 0x00CC, 30 }, // U+00CC
    { 0x00CD, 30 }, // U+00CD
    { 0x00CE, 30 }, // U+00CE
    { 0x00CF, 30 }, // U+00CF
    { 0x00D0, 26 }, // U+00D0
    { 0x00D1, 34 }, // U+00D1
    { 0x00D2, 35 }, // U+00D2
    { 0x00D3, 35 }, // U+00D3
    { 0x00D4, 35 }, // U+00D4
    { 0x00D5, 35 }, // U+00D5
    { 0x00D6, 35 }, // U+00D6
    { 0x00D8, 35 }, // U+00D8
    { 0x00D9, 40 }, // U+00D9
    { 0x00DA, 40 }, // U+00DA
    { 0x00DB, 40 }, // U+00DB
    { 0x00DC, 40 }, // U+00DC
    { 0x00DD, 44 }, // U+00DD
    { 0x00DE, 78 }, // U+00DE
    { 0x00DF, 79 }, // U+00DF
    { 0x00E0, 48 }, // U+00E0
    { 0x00E1, 48 }, // U+00E1
    { 0x00E2, 48 }, // U+00E2
    { 0x00E3, 48 }, // U+00E3
    { 0x00E4, 48 }, // U+00E4
    { 0x00E5, 48 }, // U+00E5
    { 0x00E6, 52 }, // U+00E6
    { 0x00E7, 50 }, // U+00E7
    { 0x00E8, 52 }, // U+00E8
    { 0x00E9, 52 }, // U+00E9
    { 0x00EA, 52 }, // U+00EA
    { 0x00EB, 52 }, // U+00EB
    { 0x00EC, 56 }, // U+00EC
    { 0x00ED, 56 }, // U+00ED
    { 0x00EE, 80 }, // U+00EE
    { 0x00EF, 80 }, // U+00EF
    { 0x00F0, 81 }, // U+00F0
    { 0x00F1, 55 }, // U+00F1
    { 0x00F2, 59 }, // U+00F2
    { 0x00F3, 59 }, // U+00F3
    { 0x00F4, 59 }, // U+00F4
    { 0x00F5, 59 }, // U+00F5
    { 0x00F6, 59 }, // U+00F6
    { 0x00F7, 7 }, // U+00F7
    { 0x00F8, 59 }, // U+00F8
    { 0x00F9, 64 }, // U+00F9
    { 0x00FA, 64 }, // U+00FA
    { 0x00FB, 64 }, // U+00FB
    { 0x00FC, 64 }, // U+00FC
    { 0x00FD, 65 }, // U+00FD
    { 0x00FE, 49 }, // U+00FE
    { 0x00FF, 65 }, // U+00FF
    { 0x0100, 23 }, // U+0100
    { 0x0101, 48 }, // U+0101
    { 0x0102, 23 }, // U+0102
    { 0x0103, 48 }, // U+0103
    { 0x0104, 82 }, // U+0104
    { 0x0105, 83 }, // U+0105
    { 0x0106, 25 }, // U+0106
    { 0x0107, 50 }, // U+0107
    { 0x0108, 25 }, // U+0108
    { 0x0109, 50 }, // U+0109
    { 0x010A, 25 }, // U+010A
    { 0x010B, 50 }, // U+010B
    { 0x010C, 25 }, // U+010C
    { 0x010D, 50 }, // U+010D
    { 0x010E, 26 }, // U+010E
    { 0x010F, 84 }, // U+010F
    { 0x0110, 26 }, // U+0110
    { 0x0111, 51 }, // U+0111
    { 0x0112, 27 }, // U+0112
    { 0x0113, 52 }, // U+0113
    { 0x0114, 27 }, // U+0114
    { 0x0115, 52 }, // U+0115
    { 0x0116, 27 }, // U+0116
    { 0x0117, 52 }, // U+0117
    { 0x0118, 27 }, // U+0118
    { 0x0119, 52 }, // U+0119
    { 0x011A, 27 }, // U+011A
    { 0x011B, 52 }, // U+011B
    { 0x011C, 29 }, // U+011C
    { 0x011D, 54 }, // U+011D
    { 0x011E, 29 }, // U+011E
    { 0x011F, 54 }, // U+011F
    { 0x0120, 29 }, // U+0120
    { 0x0121, 54 }, // U+0121
    { 0x0122, 29 }, // U+0122
    { 0x0123, 54 }, // U+0123
    { 0x0124, 30 }, // U+0124
    { 0x0125, 55 }, // U+0125
    { 0x0126, 30 }, // U+0126
    { 0x0127, 55 }, // U+0127
    { 0x0128, 30 }, // U+0128
    { 0x0129, 80 }, // U+0129
    { 0x012A, 30 }, // U+012A
    { 0x012B, 80 }, // U+012B
    { 0x012E, 30 }, // U+012E
    { 0x012F, 85 }, // U+012F
    { 0x0130, 30 }, // U+0130
    { 0x0131, 56 }, // U+0131
    { 0x0134, 31 }, // U+0134
    { 0x0135, 57 }, // U+0135
    { 0x0136, 32 }, // U+0136
    { 0x0137, 58 }, // U+0137
    { 0x0138, 58 }, // U+0138
    { 0x0139, 33 }, // U+0139
    { 0x013A, 51 }, // U+013A
    { 0x013B, 33 }, // U+013B
    { 0x013C, 51 }, // U+013C
    { 0x013D, 86 }, // U+013D
    { 0x013E, 84 }, // U+013E
    { 0x0141, 33 }, // U+0141
    { 0x0142, 51 }, // U+0142
    { 0x0143, 34 }, // U+0143
    { 0x0144, 55 }, // U+0144
    { 0x0145, 34 }, // U+0145
    { 0x0146, 55 }, // U+0146
    { 0x0147, 34 }, // U+0147
    { 0x0148, 55 }, // U+0148
    { 0x014A, 31 }, // U+014A
    { 0x014B, 57 }, // U+014B
    { 0x014C, 35 }, // U+014C
    { 0x014D, 59 }, // U+014D
    { 0x014E, 35 }, // U+014E
    { 0x014F, 59 }, // U+014F
    { 0x0150, 35 }, // U+0150
    { 0x0151, 59 }, // U+0151
    { 0x0152, 27 }, // U+0152
    { 0x0153, 52 }, // U+0153
    { 0x0154, 37 }, // U+0154
    { 0x0155, 61 }, // U+0155
    { 0x0156, 37 }, // U+0156
    { 0x0157, 61 }, // U+0157
    { 0x0158, 37 }, // U+0158
    { 0x0159, 61 }, // U+0159
    { 0x015A, 38 }, // U+015A
    { 0x015B, 62 }, // U+015B
    { 0x015C, 38 }, // U+015C
    { 0x015D, 62 }, // U+015D
    { 0x015E, 38 }, // U+015E
    { 0x015F, 62 }, // U+015F
    { 0x0160, 38 }, // U+0160
    { 0x0161, 62 }, // U+0161
    { 0x0162, 39 }, // U+0162
    { 0x0163, 63 }, // U+0163
    { 0x0164, 39 }, // U+0164
    { 0x0165, 87 }, // U+0165
    { 0x0168, 40 }, // U+0168
    { 0x0169, 64 }, // U+0169
    { 0x016A, 40 }, // U+016A
    { 0x016B, 64 }, // U+016B
    { 0x016C, 40 }, // U+016C
    { 0x016D, 64 }, // U+016D
    { 0x016E, 40 }, // U+016E
    { 0x016F, 64 }, // U+016F
    { 0x0170, 40 }, // U+0170
    { 0x0171, 64 }, // U+0171
    { 0x0172, 40 }, // U+0172
    { 0x0173, 88 }, // U+0173
    { 0x0174, 42 }, // U+0174
    { 0x0175, 65 }, // U+0175
    { 0x0176, 44 }, // U+0176
    { 0x0177, 65 }, // U+0177
    { 0x0178, 44 }, // U+0178
    { 0x0179, 45 }, // U+0179
    { 0x017A, 67 }, // U+017A
    { 0x017B, 45 }, // U+017B
    { 0x017C, 67 }, // U+017C
    { 0x017D, 45 }, // U+017D
    { 0x017E, 67 }, // U+017E
    { 0x017F, 53 }, // U+017F
    { 0x01A0, 35 }, // U+01A0
    { 0x01AF, 89 }, // U+01AF
    { 0x01CD, 23 }, // U+01CD
    { 0x01CE, 48 }, // U+01CE
    { 0x01CF, 30 }, // U+01CF
    { 0x01D0, 80 }, // U+01D0
    { 0x01D1, 35 }, // U+01D1
    { 0x01D2, 59 }, // U+01D2
    { 0x01D3, 40 }, // U+01D3
    { 0x01D4, 64 }, // U+01D4
    { 0x01D5, 40 }, // U+01D5
    { 0x01D6, 64 }, // U+01D6
    { 0x01D7, 40 }, // U+01D7
    { 0x01D8, 64 }, // U+01D8
    { 0x01D9, 40 }, // U+01D9
    { 0x01DA, 64 }, // U+01DA
    { 0x01DB, 40 }, // U+01DB
    { 0x01DC, 64 }, // U+01DC
    { 0x01E6, 29 }, // U+01E6
    { 0x01E7, 54 }, // U+01E7
    { 0x01F8, 34 }, // U+01F8
    { 0x01F9, 55 }, // U+01F9
    { 0x0218, 38 }, // U+0218
    { 0x0219, 62 }, // U+0219
    { 0x021A, 39 }, // U+021A
    { 0x021B, 63 }, // U+021B
    { 0x1EA0, 23 }, // U+1EA0
    { 0x1EA1, 48 }, // U+1EA1
    { 0x1EA2, 23 }, // U+1EA2
    { 0x1EA3, 48 }, // U+1EA3
    { 0x1EA4, 23 }, // U+1EA4
    { 0x1EA5, 48 }, // U+1EA5
    { 0x1EA6, 23 }, // U+1EA6
    { 0x1EA7, 48 }, // U+1EA7
    { 0x1EA8, 23 }, // U+1EA8
    { 0x1EA9, 48 }, // U+1EA9
    { 0x1EAA, 23 }, // U+1EAA
    { 0x1EAB, 48 }, // U+1EAB
    { 0x1EAC, 23 }, // U+1EAC
    { 0x1EAD, 48 }, // U+1EAD
    { 0x1EAE, 23 }, // U+1EAE
    { 0x1EAF, 48 }, // U+1EAF
    { 0x1EB0, 23 }, // U+1EB0
    { 0x1EB1, 48 }, // U+1EB1
    { 0x1EB2, 23 }, // U+1EB2
    { 0x1EB3, 48 }, // U+1EB3
    { 0x1EB4, 23 }, // U+1EB4
    { 0x1EB5, 48 }, // U+1EB5
    { 0x1EB6, 23 }, // U+1EB6
    { 0x1EB7, 48 }, // U+1EB7
    { 0x1EB8, 27 }, // U+1EB8
    { 0x1EB9, 52 }, // U+1EB9
    { 0x1EBA, 27 }, // U+1EBA
    { 0x1EBB, 52 }, // U+1EBB
    { 0x1EBC, 27 }, // U+1EBC
    { 0x1EBD, 52 }, // U+1EBD
    { 0x1EBE, 27 }, // U+1EBE
    { 0x1EBF, 52 }, // U+1EBF
    { 0x1EC0, 27 }, // U+1EC0
    { 0x1EC1, 52 }, // U+1EC1
    { 0x1EC2, 27 }, // U+1EC2
    { 0x1EC3, 52 }, // U+1EC3
    { 0x1EC4, 27 }, // U+1EC4
    { 0x1EC5, 52 }, // U+1EC5
    { 0x1EC6, 27 }, // U+1EC6
    { 0x1EC7, 52 }, // U+1EC7
    { 0x1EC8, 30 }, // U+1EC8
    { 0x1EC9, 56 }, // U+1EC9
    { 0x1ECA, 30 }, // U+1ECA
    { 0x1ECB, 56 }, // U+1ECB
    { 0x1ECC, 35 }, // U+1ECC
    { 0x1ECD, 59 }, // U+1ECD
    { 0x1ECE, 35 }, // U+1ECE
    { 0x1ECF, 59 }, // U+1ECF
    { 0x1ED0, 35 }, // U+1ED0
    { 0x1ED1, 59 }, // U+1ED1
    { 0x1ED2, 35 }, // U+1ED2
    { 0x1ED3, 59 }, // U+1ED3
    { 0x1ED4, 35 }, // U+1ED4
    { 0x1ED5, 59 }, // U+1ED5
    { 0x1ED6, 35 }, // U+1ED6
    { 0x1ED7, 59 }, // U+1ED7
    { 0x1ED8, 35 }, // U+1ED8
    { 0x1ED9, 59 }, // U+1ED9
    { 0x1EDA, 35 }, // U+1EDA
    { 0x1EDC, 35 }, // U+1EDC
    { 0x1EDE, 35 }, // U+1EDE
    { 0x1EE0, 35 }, // U+1EE0
    { 0x1EE2, 35 }, // U+1EE2
    { 0x1EE4, 40 }, // U+1EE4
    { 0x1EE5, 64 }, // U+1EE5
    { 0x1EE6, 40 }, // U+1EE6
    { 0x1EE7, 64 }, // U+1EE7
    { 0x1EE8, 89 }, // U+1EE8
    { 0x1EEA, 89 }, // U+1EEA
    { 0x1EEC, 89 }, // U+1EEC
    { 0x1EEE, 89 }, // U+1EEE
    { 0x1EF0, 89 }, // U+1EF0
    { 0x1EF2, 44 }, // U+1EF2
    { 0x1EF3, 65 }, // U+1EF3
    { 0x1EF4, 44 }, // U+1EF4
    { 0x1EF5, 65 }, // U+1EF5
    { 0x1EF6, 44 }, // U+1EF6
    { 0x1EF7, 65 }, // U+1EF7
    { 0x1EF8, 44 }, // U+1EF8
    { 0x1EF9, 65 }, // U+1EF9
    { 0x2012, 72 }, // U+2012
    { 0x2013, 72 }, // U+2013
    { 0x2014, 72 }, // U+2014
    { 0x2015, 72 }, // U+2015
    { 0x2018, 90 }, // U+2018
    { 0x2019, 91 }, // U+2019
    { 0x201A, 8 }, // U+201A
    { 0x201C, 90 }, // U+201C
    { 0x201D, 91 }, // U+201D
    { 0x201E, 8 }, // U+201E
    { 0x2020, 92 }, // U+2020
    { 0x2022, 75 }, // U+2022
    { 0x2026, 8 }, // U+2026
    { 0x2039, 71 }, // U+2039
    { 0x203A, 76 }, // U+203A
    { 0xFB00, 53 }, // U+FB00
    { 0xFB01, 56 }, // U+FB01
    { 0xFB02, 51 }, // U+FB02
    { 0xFB03, 56 }, // U+FB03
    { 0xFB04, 51 }, // U+FB04
};

static const EpdKernClassEntry sourceserif4_14_italicKernRightClasses[] = {
    { 0x0021, 1 }, // !
    { 0x0022, 2 }, // "
    { 0x0023, 3 }, // #
    { 0x0025, 4 }, // %
    { 0x0027, 2 }, // '
    { 0x0028, 5 }, // (
    { 0x0029, 6 }, // )
    { 0x002A, 7 }, // *
    { 0x002B, 8 }, // +
    { 0x002C, 9 }, // ,
    { 0x002E, 9 }, // .
    { 0x002F, 10 }, // /
    { 0x0030, 11 }, // 0
    { 0x0031, 12 }, // 1
    { 0x0032, 13 }, // 2
    { 0x0033, 14 }, // 3
    { 0x0034, 15 }, // 4
    { 0x0035, 16 }, // 5
    { 0x0036, 17 }, // 6
    { 0x0037, 18 }, // 7
    { 0x0038, 19 }, // 8
    { 0x0039, 20 }, // 9
    { 0x003A, 21 }, // :
    { 0x003B, 21 }, // ;
    { 0x003C, 8 }, // <
    { 0x003D, 22 }, // =
    { 0x003F, 23 }, // ?
    { 0x0040, 24 }, // @
    { 0x0041, 25 }, // A
    { 0x0042, 26 }, // B
    { 0x0043, 27 }, // C
    { 0x0044, 26 }, // D
    { 0x0045, 26 }, // E
    { 0x0046, 26 }, // F
    { 0x0047, 27 }, // G
    { 0x0048, 26 }, // H
    { 0x0049, 26 }, // I
    { 0x004A, 28 }, // J
    { 0x004B, 26 }, // K
    { 0x004C, 26 }, // L
    { 0x004D, 29 }, // M
    { 0x004E, 29 }, // N
    { 0x004F, 27 }, // O
    { 0x0050, 26 }, // P
    { 0x0051, 27 }, // Q
    { 0x0052, 26 }, // R
    { 0x0053, 30 }, // S
    { 0x0054, 31 }, // T
    { 0x0055, 32 }, // U
    { 0x0056, 33 }, // V
    { 0x0057, 34 }, // W
    { 0x0058, 35 }, // X
    { 0x0059, 36 }, // Y
    { 0x005A, 37 }, // Z
    { 0x005B, 5 }, // [
    { 0x005C, 38 }, // <backslash>
    { 0x005D, 6 }, // ]
    { 0x005F, 39 }, // _
    { 0x0061, 40 }, // a
    { 0x0062, 41 }, // b
    { 0x0063, 42 }, // c
    { 0x0064, 40 }, // d
    { 0x0065, 42 }, // e
    { 0x0066, 43 }, // f
    { 0x0067, 44 }, // g
    { 0x0068, 41 }, // h
    { 0x0069, 45 }, // i
    { 0x006A, 46 }, // j
    { 0x006B, 41 }, // k
    { 0x006C, 41 }, // l
    { 0x006D, 47 }, // m
    { 0x006E, 47 }, // n
    { 0x006F, 42 }, // o
    { 0x0070, 48 }, // p
    { 0x0071, 40 }, // q
    { 0x0072, 47 }, // r
    { 0x0073, 49 }, // s
    { 0x0074, 50 }, // t
    { 0x0075, 51 }, // u
    { 0x0076, 52 }, // v
    { 0x0077, 52 }, // w
    { 0x0078, 53 }, // x
    { 0x0079, 54 }, // y
    { 0x007A, 55 }, // z
    { 0x007B, 5 }, // {
    { 0x007C, 56 }, // |
    { 0x007D, 6 }, // }
    { 0x007E, 8 }, // ~
    { 0x00A1, 57 }, // U+00A1
    { 0x00A2, 58 }, // U+00A2
    { 0x00A6, 56 }, // U+00A6
    { 0x00A9, 59 }, // U+00A9
    { 0x00AA, 60 }, // U+00AA
    { 0x00AB, 61 }, // U+00AB
    { 0x00AC, 8 }, // U+00AC
    { 0x00AD, 62 }, // U+00AD
    { 0x00AE, 7 }, // U+00AE
    { 0x00B0, 63 }, // U+00B0
    { 0x00B2, 64 }, // U+00B2
    { 0x00B3, 64 }, // U+00B3
    { 0x00B7, 65 }, // U+00B7
    { 0x00B9, 64 }, // U+00B9
    { 0x00BA, 60 }, // U+00BA
    { 0x00BB, 66 }, // U+00BB
    { 0x00BC, 4 }, // U+00BC
    { 0x00BD, 4 }, // U+00BD
    { 0x00BE, 4 }, // U+00BE
    { 0x00BF, 67 }, // U+00BF
    { 0x00C0, 25 }, // U+00C0
    { 0x00C1, 25 }, // U+00C1
    { 0x00C2, 25 }, // U+00C2
    { 0x00C3, 25 }, // U+00C3
    { 0x00C4, 25 }, // U+00C4
    { 0x00C5, 25 }, // U+00C5
    { 0x00C6, 68 }, // U+00C6
    { 0x00C7, 27 }, // U+00C7
    { 0x00C8, 26 }, // U+00C8
    { 0x00C9, 26 }, // U+00C9
    { 0x00CA, 26 }, // U+00CA
    { 0x00CB, 26 }, // U+00CB
    { 0x00CC, 26 }, // U+00CC
    { 0x00CD, 26 }, // U+00CD
    { 0x00CE, 26 }, // U+00CE
    { 0x00CF, 26 }, // U+00CF
    { 0x00D0, 26 }, // U+00D0
    { 0x00D1, 29 }, // U+00D1
    { 0x00D2, 27 }, // U+00D2
    { 0x00D3, 27 }, // U+00D3
    { 0x00D4, 27 }, // U+00D4
    { 0x00D5, 27 }, // U+00D5
    { 0x00D6, 27 }, // U+00D6
    { 0x00D8, 27 }, // U+00D8
    { 0x00D9, 32 }, // U+00D9
    { 0x00DA, 32 }, // U+00DA
    { 0x00DB, 32 }, // U+00DB
    { 0x00DC, 32 }, // U+00DC
    { 0x00DD, 36 }, // U+00DD
    { 0x00DE, 26 }, // U+00DE
    { 0x00DF, 69 }, // U+00DF
    { 0x00E0, 40 }, // U+00E0
    { 0x00E1, 40 }, // U+00E1
    { 0x00E2, 40 }, // U+00E2
    { 0x00E3, 40 }, // U+00E3
    { 0x00E4, 40 }, // U+00E4
    { 0x00E5, 40 }, // U+00E5
    { 0x00E6, 40 }, // U+00E6
    { 0x00E7, 42 }, // U+00E7
    { 0x00E8, 42 }, // U+00E8
    { 0x00E9, 42 }, // U+00E9
    { 0x00EA, 42 }, // U+00EA
    { 0x00EB, 42 }, // U+00EB
    { 0x00EC, 70 }, // U+00EC
    { 0x00ED, 45 }, // U+00ED
    { 0x00EE, 71 }, // U+00EE
    { 0x00EF, 71 }, // U+00EF
    { 0x00F0, 42 }, // U+00F0
    { 0x00F1, 47 }, // U+00F1
    { 0x00F2, 42 }, // U+00F2
    { 0x00F3, 42 }, // U+00F3
    { 0x00F4, 42 }, // U+00F4
    { 0x00F5, 42 }, // U+00F5
    { 0x00F6, 72 }, // U+00F6
    { 0x00F7, 8 }, // U+00F7
    { 0x00F8, 42 }, // U+00F8
    { 0x00F9, 51 }, // U+00F9
    { 0x00FA, 51 }, // U+00FA
    { 0x00FB, 51 }, // U+00FB
    { 0x00FC, 51 }, // U+00FC
    { 0x00FD, 54 }, // U+00FD
    { 0x00FE, 73 }, // U+00FE
    { 0x00FF, 54 }, // U+00FF
    { 0x0100, 25 }, // U+0100
    { 0x0101, 40 }, // U+0101
    { 0x0102, 25 }, // U+0102
    { 0x0103, 40 }, // U+0103
    { 0x0104, 25 }, // U+0104
    { 0x0105, 40 }, // U+0105
    { 0x0106, 27 }, // U+0106
    { 0x0107, 42 }, // U+0107
    { 0x0108, 27 }, // U+0108
    { 0x0109, 42 }, // U+0109
    { 0x010A, 27 }, // U+010A
    { 0x010B, 42 }, // U+010B
    { 0x010C, 27 }, // U+010C
    { 0x010D, 42 }, // U+010D
    { 0x010E, 26 }, // U+010E
    { 0x010F, 40 }, // U+010F
    { 0x0110, 26 }, // U+0110
    { 0x0111, 40 }, // U+0111
    { 0x0112, 26 }, // U+0112
    { 0x0113, 42 }, // U+0113
    { 0x0114, 26 }, // U+0114
    { 0x0115, 42 }, // U+0115
    { 0x0116, 26 }, // U+0116
    { 0x0117, 42 }, // U+0117
    { 0x0118, 26 }, // U+0118
    { 0x0119, 42 }, // U+0119
    { 0x011A, 26 }, // U+011A
    { 0x011B, 42 }, // U+011B
    { 0x011C, 27 }, // U+011C
    { 0x011D, 44 }, // U+011D
    { 0x011E, 27 }, // U+011E
    { 0x011F, 44 }, // U+011F
    { 0x0120, 27 }, // U+0120
    { 0x0121, 44 }, // U+0121
    { 0x0122, 27 }, // U+0122
    { 0x0123, 44 }, // U+0123
    { 0x0124, 26 }, // U+0124
    { 0x0125, 41 }, // U+0125
    { 0x0126, 26 }, // U+0126
    { 0x0127, 41 }, // U+0127
    { 0x0128, 26 }, // U+0128
    { 0x0129, 71 }, // U+0129
    { 0x012A, 26 }, // U+012A
    { 0x012B, 71 }, // U+012B
    { 0x012E, 26 }, // U+012E
    { 0x012F, 45 }, // U+012F
    { 0x0130, 26 }, // U+0130
    { 0x0131, 47 }, // U+0131
    { 0x0134, 28 }, // U+0134
    { 0x0135, 46 }, // U+0135
    { 0x0136, 26 }, // U+0136
    { 0x0137, 41 }, // U+0137
    { 0x0138, 47 }, // U+0138
    { 0x0139, 26 }, // U+0139
    { 0x013A, 41 }, // U+013A
    { 0x013B, 26 }, // U+013B
    { 0x013C, 41 }, // U+013C
    { 0x013D, 26 }, // U+013D
    { 0x013E, 41 }, // U+013E
    { 0x013F, 26 }, // U+013F
    { 0x0140, 41 }, // U+0140
    { 0x0141, 26 }, // U+0141
    { 0x0142, 41 }, // U+0142
    { 0x0143, 29 }, // U+0143
    { 0x0144, 47 }, // U+0144
    { 0x0145, 29 }, // U+0145
    { 0x0146, 47 }, // U+0146
    { 0x0147, 29 }, // U+0147
    { 0x0148, 47 }, // U+0148
    { 0x014A, 29 }, // U+014A
    { 0x014B, 47 }, // U+014B
    { 0x014C, 27 }, // U+014C
    { 0x014D, 42 }, // U+014D
    { 0x014E, 27 }, // U+014E
    { 0x014F, 42 }, // U+014F
    { 0x0150, 27 }, // U+0150
    { 0x0151, 42 }, // U+0151
    { 0x0152, 27 }, // U+0152
    { 0x0153, 42 }, // U+0153
    { 0x0154, 26 }, // U+0154
    { 0x0155, 47 }, // U+0155
    { 0x0156, 26 }, // U+0156
    { 0x0157, 47 }, // U+0157
    { 0x0158, 26 }, // U+0158
    { 0x0159, 47 }, // U+0159
    { 0x015A, 30 }, // U+015A
    { 0x015B, 49 }, // U+015B
    { 0x015C, 30 }, // U+015C
    { 0x015D, 49 }, // U+015D
    { 0x015E, 30 }, // U+015E
    { 0x015F, 49 }, // U+015F
    { 0x0160, 30 }, // U+0160
    { 0x0161, 74 }, // U+0161
    { 0x0162, 31 }, // U+0162
    { 0x0163, 50 }, // U+0163
    { 0x0164, 31 }, // U+0164
    { 0x0165, 50 }, // U+0165
    { 0x0168, 32 }, // U+0168
    { 0x0169, 51 }, // U+0169
    { 0x016A, 32 }, // U+016A
    { 0x016B, 51 }, // U+016B
    { 0x016C, 32 }, // U+016C
    { 0x016D, 51 }, // U+016D
    { 0x016E, 32 }, // U+016E
    { 0x016F, 51 }, // U+016F
    { 0x0170, 32 }, // U+0170
    { 0x0171, 51 }, // U+0171
    { 0x0172, 32 }, // U+0172
    { 0x0173, 51 }, // U+0173
    { 0x0174, 34 }, // U+0174
    { 0x0175, 52 }, // U+0175
    { 0x0176, 36 }, // U+0176
    { 0x0177, 54 }, // U+0177
    { 0x0178, 36 }, // U+0178
    { 0x0179, 37 }, // U+0179
    { 0x017A, 55 }, // U+017A
    { 0x017B, 37 }, // U+017B
    { 0x017C, 55 }, // U+017C
    { 0x017D, 37 }, // U+017D
    { 0x017E, 55 }, // U+017E
    { 0x017F, 69 }, // U+017F
    { 0x01A0, 27 }, // U+01A0
    { 0x01A1, 42 }, // U+01A1
    { 0x01AF, 32 }, // U+01AF
    { 0x01B0, 51 }, // U+01B0
    { 0x01CD, 25 }, // U+01CD
    { 0x01CE, 40 }, // U+01CE
    { 0x01CF, 26 }, // U+01CF
    { 0x01D0, 71 }, // U+01D0
    { 0x01D1, 27 }, // U+01D1
    { 0x01D2, 42 }, // U+01D2
    { 0x01D3, 32 }, // U+01D3
    { 0x01D4, 51 }, // U+01D4
    { 0x01D5, 32 }, // U+01D5
    { 0x01D6, 51 }, // U+01D6
    { 0x01D7, 32 }, // U+01D7
    { 0x01D8, 51 }, // U+01D8
    { 0x01D9, 32 }, // U+01D9
    { 0x01DA, 51 }, // U+01DA
    { 0x01DB, 32 }, // U+01DB
    { 0x01DC, 51 }, // U+01DC
    { 0x01E6, 27 }, // U+01E6
    { 0x01E7, 44 }, // U+01E7
    { 0x01F8, 29 }, // U+01F8
    { 0x01F9, 47 }, // U+01F9
    { 0x0218, 30 }, // U+0218
    { 0x0219, 49 }, // U+0219
    { 0x021A, 31 }, // U+021A
    { 0x021B, 50 }, // U+021B
    { 0x1EA0, 25 }, // U+1EA0
    { 0x1EA1, 40 }, // U+1EA1
    { 0x1EA2, 25 }, // U+1EA2
    { 0x1EA3, 40 }, // U+1EA3
    { 0x1EA4, 25 }, // U+1EA4
    { 0x1EA5, 40 }, // U+1EA5
    { 0x1EA6, 25 }, // U+1EA6
    { 0x1EA7, 40 }, // U+1EA7
    { 0x1EA8, 25 }, // U+1EA8
    { 0x1EA9, 40 }, // U+1EA9
    { 0x1EAA, 25 }, // U+1EAA
    { 0x1EAB, 40 }, // U+1EAB
    { 0x1EAC, 25 }, // U+1EAC
    { 0x1EAD, 40 }, // U+1EAD
    { 0x1EAE, 25 }, // U+1EAE
    { 0x1EAF, 40 }, // U+1EAF
    { 0x1EB0, 25 }, // U+1EB0
    { 0x1EB1, 40 }, // U+1EB1
    { 0x1EB2, 25 }, // U+1EB2
    { 0x1EB3, 40 }, // U+1EB3
    { 0x1EB4, 25 }, // U+1EB4
    { 0x1EB5, 40 }, // U+1EB5
    { 0x1EB6, 25 }, // U+1EB6
    { 0x1EB7, 40 }, // U+1EB7
    { 0x1EB8, 26 }, // U+1EB8
    { 0x1EB9, 42 }, // U+1EB9
    { 0x1EBA, 26 }, // U+1EBA
    { 0x1EBB, 42 }, // U+1EBB
    { 0x1EBC, 26 }, // U+1EBC
    { 0x1EBD, 42 }, // U+1EBD
    { 0x1EBE, 26 }, // U+1EBE
    { 0x1EBF, 42 }, // U+1EBF
    { 0x1EC0, 26 }, // U+1EC0
    { 0x1EC1, 42 }, // U+1EC1
    { 0x1EC2, 26 }, // U+1EC2
    { 0x1EC3, 42 }, // U+1EC3
    { 0x1EC4, 26 }, // U+1EC4
    { 0x1EC5, 42 }, // U+1EC5
    { 0x1EC6, 26 }, // U+1EC6
    { 0x1EC7, 42 }, // U+1EC7
    { 0x1EC8, 26 }, // U+1EC8
    { 0x1EC9, 45 }, // U+1EC9
    { 0x1ECA, 26 }, // U+1ECA
    { 0x1ECB, 45 }, // U+1ECB
    { 0x1ECC, 27 }, // U+1ECC
    { 0x1ECD, 42 }, // U+1ECD
    { 0x1ECE, 27 }, // U+1ECE
    { 0x1ECF, 42 }, // U+1ECF
    { 0x1ED0, 27 }, // U+1ED0
    { 0x1ED1, 42 }, // U+1ED1
    { 0x1ED2, 27 }, // U+1ED2
    { 0x1ED3, 42 }, // U+1ED3
    { 0x1ED4, 27 }, // U+1ED4
    { 0x1ED5, 42 }, // U+1ED5
    { 0x1ED6, 27 }, // U+1ED6
    { 0x1ED7, 42 }, // U+1ED7
    { 0x1ED8, 27 }, // U+1ED8
    { 0x1ED9, 42 }, // U+1ED9
    { 0x1EDA, 27 }, // U+1EDA
    { 0x1EDB, 42 }, // U+1EDB
    { 0x1EDC, 27 }, // U+1EDC
    { 0x1EDD, 42 }, // U+1EDD
    { 0x1EDE, 27 }, // U+1EDE
    { 0x1EDF, 42 }, // U+1EDF
    { 0x1EE0, 27 }, // U+1EE0
    { 0x1EE1, 42 }, // U+1EE1
    { 0x1EE2, 27 }, // U+1EE2
    { 0x1EE3, 42 }, // U+1EE3
    { 0x1EE4, 32 }, // U+1EE4
    { 0x1EE5, 51 }, // U+1EE5
    { 0x1EE6, 32 }, // U+1EE6
    { 0x1EE7, 51 }, // U+1EE7
    { 0x1EE8, 32 }, // U+1EE8
    { 0x1EE9, 51 }, // U+1EE9
    { 0x1EEA, 32 }, // U+1EEA
    { 0x1EEB, 51 }, // U+1EEB
    { 0x1EEC, 32 }, // U+1EEC
    { 0x1EED, 51 }, // U+1EED
    { 0x1EEE, 32 }, // U+1EEE
    { 0x1EEF, 51 }, // U+1EEF
    { 0x1EF0, 32 }, // U+1EF0
    { 0x1EF1, 51 }, // U+1EF1
    { 0x1EF2, 36 }, // U+1EF2
    { 0x1EF3, 54 }, // U+1EF3
    { 0x1EF4, 36 }, // U+1EF4
    { 0x1EF5, 54 }, // U+1EF5
    { 0x1EF6, 36 }, // U+1EF6
    { 0x1EF7, 54 }, // U+1EF7
    { 0x1EF8, 36 }, // U+1EF8
    { 0x1EF9, 54 }, // U+1EF9
    { 0x2012, 62 }, // U+2012
    { 0x2013, 62 }, // U+2013
    { 0x2014, 62 }, // U+2014
    { 0x2015, 62 }, // U+2015
    { 0x2018, 75 }, // U+2018
    { 0x2019, 76 }, // U+2019
    { 0x201A, 9 }, // U+201A
    { 0x201C, 75 }, // U+201C
    { 0x201D, 76 }, // U+201D
    { 0x201E, 9 }, // U+201E
    { 0x2020, 77 }, // U+2020
    { 0x2022, 65 }, // U+2022
    { 0x2026, 9 }, // U+2026
    { 0x2030, 4 }, // U+2030
    { 0x2032, 2 }, // U+2032
    { 0x2033, 2 }, // U+2033
    { 0x2039, 61 }, // U+2039
    { 0x203A, 66 }, // U+203A
    { 0xFB00, 43 }, // U+FB00
    { 0xFB01, 43 }, // U+FB01
    { 0xFB02, 43 }, // U+FB02
    { 0xFB03, 43 }, // U+FB03
    { 0xFB04, 43 }, // U+FB04
};

static const int8_t sourceserif4_14_italicKernMatrix[] = {
       0,    0,    0,    0,    0,    0,    0,    0,  -37,  -28,    0,    0,    0,    0,  -28,   -9,    0,    0,    0,    0,    0,    0,    0,    0,  -33,    0,    0,   -9,    0,    0,    9,    0,    5,    5,    0,    0,    0,    0,    0,  -14,    0,   -9,    0,  -10,    0,    0,    0,    0,   -9,    0,    0,    0,    0,    0,    0,    0,    0,    0,    0,    0,  -23,    0,    0,    0,    0,    0,  -56,  -47,    0,    0,    0,   -9,    0,   -9,    0,    0,    0,
       0,    0,    0,    0,    0,    0,    0,    0,    0,    0,    0,    0,    0,    0,    0,    0,    0,    0,    0,    0,    0,    0,    0,    0,    0,    0,   14,    0,    0,    0,    0,    0,    0,    0,    0,    0,    0,    0,    0,    0,    0,    0,    0,    0,    0,    0,    0,    0,    0,    0,    0,    0,    0,    0,    0,    0,    0,    0,    0,    0,    0,    0,    0,    0,    0,    0,    0,    0,    0,    0,    0,    0,    0,    0,    0,    0,    0,
       0,    0,    0,    0,    0,    0,    0,    0,    0,    0,    0,    0,    0,    0,    0,    0,    0,    0,    0,    0,    0,    0,    0,    0,   -9,    0,    0,    0,    0,    0,    0,   -9,   -9,    0,  -18,   -5,    0,    0,    0,  -14,   -5,   -9,    9,   -9,    0,    0,    0,    0,    0,    0,    0,    0,    0,    0,    0,    0,    0,    0,    0,    0,    0,    0,    0,    0,    0,    0,    0,   -9,    0,    0,    0,   -9,    0,    0,    0,    0,    0,
       0,    0,   -9,    0,  -28,    0,    0,    0,    0,    0,   -9,    0,   -9,   -9,  -14,   -9,    0,    0,    0,   -5,  -19,    0,    0,    0,   -9,    0,   -9,    0,    0,   -5,    0,    0,    0,    0,    0,    5,    0,    0,    0,  -14,    0,   -9,   33,    0,    0,    0,    0,    5,  -14,    0,  -14,  -18,   -9,    0,   -9,    0,    0,    0,    0,    0,  -19,  -19,    0,    0,  -28,  -19,  -10,  -19,   28,    0,    0,   -9,    0,  -14,   -9,    0,    0,
       0,    0,    0,    0,    0,  -28,    0,    0,  -19,    0,    0,    0,    0,    0,    0,    0,    0,    0,    0,    0,    0,    0,    0,    0,    0,    0,    0,    0,    0,    0,    0,    0,    0,    0,    0,    0,    0,    0,    0,    0,    0,    0,    0,    0,    0,    0,    0,    0,    0,    0,    0,    0,    0,    0,    0,    0,    0,    0,    0,    0,    0,    0,    0,    0,    0,    0,    0,    0,    0,    0,    0,    0,    0,    0,  -23,  -23,    0,
       0,    0,    0,    0,    0,    0,    0,    0,    0,    0,    0,    0,    0,    0,    0,    0,    0,    0,    0,    0,    0,    0,    0,    0,  -26,    0,    9,   -5,    0,    0,    0,    0,    9,    9,    0,    9,    0,    0,    0,    0,    0,    0,    0,    0,    0,    0,    0,    0,    0,    0,    0,    0,    0,    0,    0,    0,    0,    0,    0,    0,    0,    0,    0,    0,    0,    0,    0,  -51,    0,    0,    0,    0,    0,    0,    0,    0,    0,
       0,    0,    0,    0,    0,    0,    0,    0,    0,    0,    0,  -19,  -19,  -14,    0,   -9,    0,  -28,    0,   -5,    0,    0,    0,    0,    0,    0,    0,    0,    0,    0,    0,    0,    0,    0,    0,    0,    0,    0,    0,    0,    0,    0,    0,    0,    0,    0,    0,    0,    0,    0,    0,    0,    0,    0,    0,    0,    0,    0,    0,    0,    0,    0,    0,    0,    0,    0,    0,    0,    0,    0,    0,    0,    0,    0,    0,    0,    0,
       0,  -37,    0,    0,  -23,  -23,  -61,    0,  -19,   23,  -18,  -23,  -14,  -14,  -37,  -14,    0,  -14,    0,  -37,    0,    0,    0,    0,    0,    0,  -23,    0,    0,    0,  -28,  -33,  -37,  -37,    0,  -33,    0,  -61,    0,  -14,  -19,  -19,    9,    0,  -28,  -14,  -19,    0,  -14,  -19,  -28,  -33,   -9,  -23,   -9,    0,    0,    0,    0,  -65,  -28,  -23,    0,  -47,    0,    0,    0,    0,    0,  -28,  -28,  -19,    0,  -14,  -47,  -47,    0,
       0,    0,    0,    0,    0,    0,    0,    0,  -56,  -37,    0,    0,    0,    0,  -23,    0,    0,    9,    0,   -5,    0,    0,    0,    0,  -28,    0,    0,    0,    0,    0,    5,    0,   23,   23,    0,   18,    0,  -19,    0,  -23,    9,  -19,    0,  -19,    0,    0,  -14,   -9,  -33,    0,   -9,    0,  -23,    0,   -9,    0,    0,    0,    0,    0,  -19,  -28,    0,    0,  -14,    0,  -56,  -24,    0,    0,    0,  -19,    0,  -33,    0,    0,    0,
       0,    0,    0,    0,    0,   -9,    0,    0,  -14,    0,    0,    0,    0,   -2,    0,    0,    0,   -7,    0,   -5,    0,    0,    0,    0,    4,    0,    5,    0,    0,    0,    0,    0,    0,    0,   -5,    0,    0,    0,  -19,    0,    0,    0,    0,    0,    0,    0,    0,    0,    0,    0,    0,    0,    0,    0,    0,    0,    0,    0,    0,    0,    0,    0,    0,    0,    0,    0,    0,    0,    0,    0,    0,    0,    0,    0,    0,    9,    0,
       0,  -19,    0,  -18,    0,    0,  -23,  -14,    0,    0,    0,    0,   -5,   -9,  -14,   -7,   -9,   -5,   -7,   -7,   -9,  -14,    0,    0,    5,    0,    0,    0,    0,    0,    0,   -5,   -5,    0,    0,   -5,    0,    0,    0,    0,    0,    0,    0,    0,    0,    0,    0,    0,    0,    0,    0,    0,    0,    0,    0,    0,    0,   -9,    0,  -18,  -14,  -18,  -28,  -28,  -32,    0,    0,    0,    0,    0,    0,    0,    0,    0,  -28,  -18,    0,
       0,    0,    0,    0,    0,    0,    0,    0,   -5,    0,    0,    0,  -12,  -14,  -16,  -12,  -14,   -9,   -9,   -9,    0,    0,    0,    0,    0,    0,    0,    0,    0,    0,    0,   -5,    0,   -5,    0,   -5,    0,    0,    0,    0,    0,    0,    0,    0,    0,    0,    0,    0,    0,    0,    0,    0,    0,    0,    0,    0,    0,    0,    0,    0,   -9,  -19,    0,    0,  -19,    0,    0,    0,    0,    0,    0,    0,    0,    0,    0,    0,    0,
       0,    0,    0,    0,    0,   -9,   -5,    0,  -14,  -14,    0,   -9,   -9,  -14,    0,  -14,   -9,  -14,   -9,   -9,    0,    0,    0,    0,    0,   -7,    0,    0,    0,    0,    0,   -5,   -5,   -5,   -9,   -5,    0,   -9,  -14,    0,    0,    0,    0,    0,    0,    0,    0,    0,    0,    0,    0,    0,    0,    0,    0,    0,    0,    0,    0,   -5,    0,    0,  -14,    0,  -14,    0,    0,    0,    0,    0,    0,    0,    0,    0,   -5,   -5,    0,
       0,    0,    0,    0,    0,    0,    0,    0,    0,    0,    0,    0,    0,    0,    0,    0,    0,    0,    0,   -5,    0,    0,    0,    0,    0,    0,    0,    0,    0,    0,    0,    0,    0,    0,    0,   -5,    0,    0,  -14,    0,    0,    0,    0,    0,    0,    0,    0,    0,    0,    0,    0,    0,    0,    0,    0,    0,    0,    0,    0,    0,    0,    0,    0,  -14,    0,    0,    0,    0,    0,    0,    0,    0,    0,    0,   -9,    0,    0,
       0,    0,    0,    0,    0,    0,    0,    0,  -18,   -9,    0,    0,   -9,    0,    0,   -9,   -9,   -9,   -5,  -12,    0,    0,    0,    0,    0,    0,    0,    0,    0,    0,    0,    0,    0,    0,    0,    0,    0,    0,  -14,    0,    0,    0,    0,    0,    0,    0,    0,    0,    0,    0,    0,    0,    0,    0,    0,    0,    0,    0,    0,    0,    0,    0,    0,    0,   -5,    0,    0,   -5,    0,    0,    0,    0,    0,    0,    0,    0,    0,
       0,    0,    0,    0,    0,    0,    0,    0,    0,    0,    0,    0,   -9,   -7,    0,   -5,   -9,   -5,   -2,   -9,    0,    0,    0,    0,    0,    0,    0,    0,    0,    0,    0,    0,    0,    0,   -5,    0,    0,    0,    0,    0,    0,    0,    0,    0,    0,    0,    0,    0,    0,    0,    0,    0,    0,    0,    0,    0,    0,    0,    0,    0,    0,    0,    0,    0,    0,    0,    0,    0,    0,    0,    0,    0,    0,    0,    0,    0,    0,
       0,    0,   -9,    0,    0,    0,    0,   -9,  -61,  -33,    0,    0,   -9,   -9,  -21,  -19,  -16,    0,   -5,   -9,   -9,    0,    0,  -19,  -23,    0,    0,    0,    0,    0,    0,    0,    9,    9,   -5,    9,    0,    9,  -61,    0,    0,    0,    0,    0,    0,    0,    0,    0,    0,    0,    0,    0,    0,    0,    0,    0,    0,  -14,    0,    0,  -23,  -28,    0,    0,  -23,   -9,    0,  -24,    0,    0,    0,    0,    0,    0,    0,    9,    0,
       0,    0,    0,    0,    0,   -9,    0,    0,  -51,  -32,    0,   -5,   -9,   -5,    0,   -7,    0,   -5,    0,   -2,    0,    0,    0,    0,   -9,   -9,    5,    0,    0,    0,    0,   -2,   -5,    0,  -14,   -5,    0,    0,  -46,    0,    0,    0,    0,    0,    0,    0,    0,    0,    0,    0,    0,    0,    0,    0,    0,    0,    0,    0,    0,    0,    0,    0,    0,   -9,   -5,    0,    0,  -14,    0,    0,    0,    0,    0,    0,    0,    0,    0,
       0,    0,    0,    0,    0,    0,    0,    0,    0,    0,    0,  -14,    0,    0,    0,    0,    0,   -9,    0,    0,    0,    0,    0,    0,    0,    0,    0,    0,    0,    0,    0,    0,   -5,   -5,    0,  -23,    0,    0,    0,    0,    0,    0,    0,    0,    0,    0,    0,    0,    0,    0,    0,    0,    0,    0,    0,    0,    0,    0,    0,    0,    0,    0,    0,    0,    0,    0,    0,    0,    0,    0,    0,    0,    0,    0,    0,    0,    0,
       0,    0,    0,    0,    0,    0,    0,    0,    0,    0,    0,  -14,   -5,   -9,    5,    0,    0,  -14,    0,    0,    0,    0,    0,    0,    0,    0,    0,    0,    0,    0,    0,    0,    0,    0,    0,    0,    0,    0,    0,    0,    0,    0,    0,    0,    0,    0,    0,    0,    0,    0,    0,    0,    0,    0,    0,    0,    0,    0,    0,    0,    0,    0,    0,    0,    0,    0,    0,    0,    0,    0,    0,    0,    0,    0,    0,    0,    0,
       0,    0,    0,    0,    0,  -19,    0,    0,  -56,  -37,    0,    0,    0,    0,    0,    0,    0,    0,    0,    0,    0,    0,    0,    0,    0,    0,    0,    0,    0,    0,    0,    0,    0,    0,    0,    0,    0,    0,    0,    0,    0,    0,    0,    0,    0,    0,    0,    0,    0,    0,    0,    0,    0,    0,    0,    0,    0,    0,    0,    0,  -28,    0,    0,    0,    0,   -9,    0,    0,    0,    0,    0,    0,    0,    0,    0,    0,    0,
       0,    0,    0,    0,    0,    0,    0,    0,    0,    0,    0,    0,    0,    0,    0,    0,    0,    0,    0,    0,    0,    0,    0,    0,    0,    0,    5,    0,    0,    0,    0,    0,    0,    0,   -9,   -5,    0,    0,    0,    0,    0,    0,    0,    0,    0,    0,    0,    0,    0,    0,    0,    0,    0,    0,    0,    0,    0,    0,    0,    0,    0,    0,    0,    0,    0,    0,    0,    0,    0,    0,    0,    0,    0,    0,    0,    0,    0,
       0,  -56,    0,    0,    0,  -14,  -61,    0,    0,    0,   -9,    0,    0,  -14,  -19,   -9,  -14,  -14,  -14,   -9,    0,    0,    0,    0,    5,   -5,  -14,    0,    0,   -3,  -30,  -28,  -42,  -35,    0,  -33,   -5,  -33,   -5,    0,  -14,  -12,   -5,    0,  -19,  -14,  -12,  -14,   -9,  -19,  -19,  -33,    0,  -24,    0,    0,    0,    0,  -19,  -51,  -19,   -9,    0,  -56,  -28,   -5,    0,    0,   -9,  -19,  -19,  -12,   -9,   -9,  -56,  -51,    0,
       0,  -28,    0,    0,    0,   -9,  -19,    0,  -14,   -9,    0,   -9,   -9,   -5,    0,    0,   -7,   -9,   -5,  -14,    0,    0,    0,    0,  -14,  -14,   -5,   -7,   -9,   -7,  -14,  -23,  -26,  -19,  -16,  -23,   -5,   -9,  -19,    0,  -12,   -9,   -9,    0,   -7,   -7,  -12,   -9,  -14,  -14,  -12,  -19,   -5,  -14,  -14,    0,    0,    0,    0,    0,    0,    0,    0,   -9,    0,    0,    0,  -19,  -14,   -7,   -7,   -9,    0,  -14,  -19,  -19,    0,
       0,    0,    0,    0,    0,    0,    0,    0,    0,    0,    0,    0,    0,    0,    0,    0,    0,    0,    0,    0,   14,    0,    0,    0,    0,    0,    0,    5,    0,    0,    0,   -9,   -7,   -5,    0,   -9,    0,    0,   -9,    0,    0,    0,    0,    0,    0,    0,    0,   -5,    0,    0,   -5,   -9,    0,   -9,    0,    0,    0,    0,    0,    0,    0,    0,    0,    0,    0,    0,    0,   -5,    0,    0,    0,    0,    0,    0,    5,    9,    0,
       0,  -14,    0,    0,    0,   -9,   -9,    0,  -19,  -14,    5,   -5,   -9,   -5,   -5,    0,    0,   -5,    0,    0,    0,    0,    0,    9,  -28,   -9,    5,   -7,   -9,    0,   -9,   -9,  -19,  -14,  -19,  -19,   -5,   -9,  -42,    0,   -5,    0,    0,    0,    0,    0,    0,    0,   -7,    0,    0,    0,    0,    0,    0,    0,    0,    0,    0,    0,    0,    0,    0,    0,    0,    0,    0,  -33,    0,    0,    0,    0,   -5,   -7,   -9,    0,    0,
       0,    0,    0,    0,    0,    0,    0,    0,    0,    0,    0,    0,    0,    0,    0,    0,    0,    0,    0,    0,    0,    0,    0,    0,    0,   -5,    0,    0,   -2,    0,    0,  -12,   -7,   -7,   -5,   -7,   -5,    0,    0,    0,   -5,    0,    0,   -5,    0,    0,   -9,   -5,   -5,    0,   -5,   -9,    0,   -9,    0,    0,    0,    0,    0,    0,    0,    0,    0,    0,   -9,    0,    0,    0,   -9,    0,    0,    0,    0,   -5,    0,    0,    0,
       0,    0,    0,    0,    0,    0,   14,    0,  -42,    0,    5,    0,   -5,   -5,  -10,   -9,   -5,    5,    0,    0,    0,    0,    0,    0,  -28,   -5,   -5,    0,   -5,    0,    5,   -5,    5,    5,   -5,    5,    0,    5,  -23,  -16,    0,  -14,   -5,  -19,    0,    0,   -9,  -14,  -23,   -5,   -9,   -9,  -19,   -9,  -14,    0,    0,    0,    0,   14,  -14,    0,    0,    0,    0,   -5,    0,  -47,    0,    0,    7,  -14,    0,  -23,    9,    5,    0,
       0,    0,    0,    0,    5,   -5,   -5,    0,   -5,    0,    0,   -5,   -9,   -5,    0,    0,    0,    0,    0,    0,    0,    0,    0,    5,   -5,   -5,    5,   -5,    0,    0,  -10,  -12,  -19,  -19,  -14,  -14,   -5,    0,   -9,    0,    0,    2,    0,    0,    0,    0,    0,    0,    0,    0,    0,   -5,    0,    0,    0,    0,    0,    0,    0,    0,    9,    9,    0,    0,    0,    0,    0,   -9,    0,    0,    0,    2,    0,    0,    0,    0,    0,
       0,    0,    0,    0,    0,    0,    0,    0,    0,    0,    0,   -9,   -5,   -5,  -19,   -5,   -9,    0,   -5,   -9,    0,    0,    0,    0,    0,    0,   -7,    0,    0,   -2,    0,    0,    0,    0,    0,    0,    0,    0,    0,   -9,    0,  -14,   -9,   -9,   -5,   -5,   -9,  -14,  -16,  -14,  -19,  -14,   -5,  -19,   -5,    0,    0,    0,    0,    0,  -21,    0,    0,    0,    0,    0,    0,    0,    0,   -5,    0,  -14,    0,  -16,   -5,   -9,    0,
       0,    0,    0,    0,    0,    0,    0,    0,  -23,  -14,    0,    0,    0,   -5,   -9,    0,    0,    0,    0,    0,    0,    0,    0,    0,  -19,    0,    0,   -9,    0,    0,    0,   -5,    5,    5,   -5,    0,    0,    0,  -42,  -14,    0,  -14,    0,  -14,   -2,   -5,  -14,  -14,  -23,   -9,  -16,  -14,  -21,   -9,  -14,    0,    0,    0,    0,    0,   -9,    0,    0,    0,    0,   -9,    0,  -19,    0,   -2,    0,  -14,    0,  -23,    0,    0,    0,
       0,   -7,    0,    0,    0,    0,   -9,    0,    0,    0,    0,    0,    0,    0,  -14,    0,   -9,    0,    0,   -5,    0,    0,    0,    0,  -23,    0,  -19,    0,    4,    0,   -5,  -14,  -23,  -19,  -14,  -28,    9,    0,    9,   -5,    0,   -5,   -5,    0,   -5,   -5,   -9,   -5,   -5,   -9,   -9,  -23,    0,  -23,    0,    0,    0,    0,    0,    0,  -14,   -9,    0,    0,  -37,   -5,    0,  -28,    0,   -5,    0,   -5,    0,   -5,    0,    0,    0,
       0,  -51,    0,    0,    0,  -14,  -47,    0,    0,    0,    0,    0,    0,    0,   -9,    0,    0,    0,    0,   -5,    0,    0,    0,    0,    5,   -9,   -9,   -9,   -5,   -9,  -37,  -23,  -42,  -33,    0,  -33,   -9,  -28,    0,    0,    0,    0,    0,    0,    0,    0,    0,    0,    0,    0,   -5,  -14,    0,  -14,    0,    0,    0,    0,    0,  -42,    0,    0,    0,  -51,  -23,    0,    0,    5,    0,    0,    0,    0,    0,    0,  -37,  -42,    0,
       0,    0,    0,    0,    0,    0,    0,    0,  -16,  -14,    0,   -5,   -5,   -5,   -9,   -5,   -9,    0,    0,    0,    0,    0,    0,   -5,   -5,    0,    0,    0,    0,    0,    0,    0,    0,    0,  -14,    0,    0,    0,  -33,   -5,    0,   -9,   -5,   -9,    0,   -5,   -9,   -9,  -14,   -5,  -14,   -5,  -10,   -9,   -5,    0,    0,    0,    0,    0,   -9,    0,    0,    0,    0,   -9,    0,  -33,    0,    0,    0,   -9,    0,  -14,    0,    0,    0,
       5,  -14,    0,    0,    0,   -9,  -14,    0,   -9,    0,    5,    0,    0,   -5,    0,    0,    0,    0,    0,   -5,    0,    0,    0,    9,   -5,   -7,    5,   -5,   -5,    0,   -9,   -5,   -9,   -5,  -19,   -9,    0,    0,  -19,    5,    0,    0,    0,    0,    0,    0,    0,    0,    0,    0,    0,    0,    0,    0,    0,    0,    0,    0,    0,    0,    5,    9,    0,    0,    9,    0,    0,  -14,   -9,    0,    0,    0,    0,    0,   -5,   -9,    0,
       0,    0,    0,    0,    0,   -5,    9,    0,  -47,    0,    0,    0,   -5,    0,   -9,    0,    0,    0,    0,    0,    5,    0,    0,    0,  -26,   -7,    2,   -5,   -5,    5,    5,  -14,   -5,   -5,  -19,   -5,    5,    0,  -28,   -9,    0,    0,    5,   -5,    0,    0,    0,    0,   -5,    0,    0,    5,   -5,    5,   -5,    0,    0,    0,    0,    9,    0,    0,    0,    0,    9,    0,    0,  -38,    0,    0,    0,    0,    0,   -5,    0,    0,    0,
       0,  -28,    0,    0,    0,    0,  -23,    0,    0,    0,    0,    0,    0,    0,  -14,    0,   -5,   -5,    0,   -5,    0,    0,    0,    0,   -9,    0,   -5,  -14,    0,    0,  -12,  -23,  -28,  -19,  -23,  -23,    0,  -14,    9,    0,   -9,   -5,    0,    0,   -5,   -5,   -5,   -5,   -5,   -9,   -5,  -14,    0,  -14,    0,    0,    0,    0,    0,  -14,   -9,   -5,    0,  -19,  -19,   -5,    0,  -14,    0,   -5,   -5,   -5,    0,   -5,  -14,   -5,    0,
       0,    0,    0,    0,    0,   -5,    0,    0,    0,    0,    0,   -5,   -9,   -5,    0,    0,   -7,   -5,   -5,   -5,    0,    0,    0,    0,   -5,   -7,    0,    0,    0,   -5,   -5,   -5,   -5,    0,  -14,   -5,   -5,    0,   -5,    0,   -5,   -7,   -5,    0,   -5,   -5,   -9,   -9,   -9,  -14,   -9,  -19,   -5,  -14,   -9,    0,    0,    0,    0,    0,   -5,    0,    0,   -5,    0,    0,    0,   -9,    0,   -5,   -5,   -7,    0,   -9,    0,   -5,    0,
       0,    9,    0,    0,    0,   -5,    0,    0,  -33,  -14,    0,    0,    0,    0,  -19,    0,    0,    7,    0,    0,    0,    0,    0,   -5,  -19,    0,    0,    0,    0,    0,    5,    0,    9,    9,   -5,   14,    0,    0,  -14,  -26,    0,  -19,    0,  -23,    0,   -9,  -14,  -14,  -19,    0,  -14,  -14,  -14,  -14,  -14,    0,    0,    0,    0,    9,  -26,  -14,    0,    9,   -9,   -9,    0,  -24,    0,    0,    9,  -19,    0,  -19,    9,    0,    0,
       0,    0,    0,    0,    0,    0,    0,    0,  -26,  -14,    0,   -5,   -5,   -9,  -14,   -9,   -9,    0,    0,    0,    0,    0,    0,    0,  -10,    0,    0,    0,   -5,    0,    0,    0,   -5,   -5,  -18,    0,    0,    0,  -23,  -19,    0,  -14,   -5,  -14,   -5,   -5,  -14,  -14,  -19,  -12,  -14,   -5,  -14,  -14,   -9,    0,    0,    0,    0,    0,  -23,    0,    0,    0,    0,  -16,    0,  -37,    0,   -5,    0,  -14,    0,  -19,    0,    0,    0,
       0,    5,    0,    0,    0,    0,    0,    0,  -42,  -19,    0,    0,    0,    0,  -19,   -9,   -9,   14,    0,    0,   -5,    0,    0,   -5,  -35,    0,   -5,    0,    0,    0,    9,   -5,    0,    0,   -5,   -5,    0,    9,  -38,  -28,    9,  -17,    0,  -23,    0,    0,  -14,  -14,  -19,  -14,  -14,  -14,  -23,  -19,  -19,    0,    0,    0,    0,    5,  -23,  -14,    0,    5,   -5,  -23,    0,  -54,    0,    0,   14,  -17,    0,  -19,    9,    0,    0,
       0,    5,    0,    0,    0,    0,    0,    0,  -23,  -19,    0,    0,    0,    0,  -14,    0,   -9,    0,    0,    0,   -5,    0,    0,   -5,  -28,    0,    0,    0,    0,    0,    9,   -5,    0,    0,   -5,    0,    0,    9,  -38,  -23,    0,  -14,    0,  -14,    0,    0,   -9,  -14,  -23,   -9,  -14,   -9,  -14,   -9,   -9,    0,    0,    0,    0,    0,  -23,   -5,    0,    0,   -5,  -19,    0,  -54,    0,    0,   14,  -14,    0,  -23,    0,    9,    0,
       0,    0,    0,    0,    0,    0,   -5,    0,    0,    0,    0,    0,    0,    0,  -14,    0,   -9,    0,   -5,   -5,    0,    0,    0,    0,    0,    0,  -14,    0,    0,   -5,   -5,  -16,   -5,    0,    0,    0,    0,    0,    0,   -9,    0,  -14,    0,    0,   -9,   -9,   -9,   -9,   -9,  -14,  -14,  -23,    0,  -19,    0,    0,    0,    0,    0,    0,  -19,  -19,    0,    0,  -37,   -5,    0,    0,    0,   -9,   -5,  -14,    0,   -9,   -5,   -5,    0,
       0,    9,    0,    0,    0,    0,    0,    0,  -28,  -19,    0,    0,    0,   -5,  -23,   -5,   -9,    9,    0,    0,  -14,    0,    0,   -5,  -19,    0,   -5,    0,    0,    5,   14,    0,    0,    0,    0,    0,    0,   19,  -19,  -23,    0,  -19,    0,  -23,    0,   -2,  -14,  -14,  -23,   -9,  -23,  -19,  -14,  -19,  -19,    0,    0,    0,    0,    0,  -33,  -14,    0,    0,  -14,  -14,    0,  -37,    0,    9,    9,  -19,    0,  -23,    0,    0,    0,
       0,    0,    0,    0,    0,    0,    0,    0,    0,    0,    0,    0,    0,    0,    0,    0,    0,    0,    0,    0,    0,    0,    0,    0,    0,    0,    0,    0,    0,    0,   -5,    0,    0,    0,    0,    0,    0,    0,    0,    0,    0,    0,    0,    0,    0,    0,    0,    0,    0,    0,    0,   -9,    0,   -9,    0,    0,    0,    0,    0,   -5,    0,    0,    0,    0,   -9,    0,    0,    0,    0,    0,    5,    0,    0,    0,   -5,   -5,    0,
       0,  -33,    0,    0,    0,    0,    0,    0,    0,    0,   -9,    0,    0,    0,  -14,   -9,    0,  -19,    0,   -9,    0,    0,    0,    0,    0,    0,   -9,   23,    0,    0,  -37,  -28,  -28,  -24,    0,  -33,    0,  -28,    0,    0,    0,    0,   51,   14,    0,   28,    0,    9,    0,    0,    0,   -5,    0,   28,    0,    0,    0,    0,    0,    0,    0,   -9,    0,    0,  -19,    0,    0,    0,   47,    0,    0,    0,    9,    0,  -37,  -37,    0,
       0,    0,    0,    0,    0,    0,    0,    0,    0,    0,  -19,    0,    0,   -9,  -33,   -9,    0,   -9,    0,   -9,    0,    0,    0,    0,    0,    0,  -26,    0,    0,    0,  -24,  -37,  -38,  -42,    0,  -37,    0,    0,    0,   -9,  -19,   -9,    9,    0,  -19,    0,   -5,    0,  -19,  -14,  -19,  -42,    0,    5,    0,    0,    0,    0,    0,    0,    0,    0,    0,    0,    0,    0,    0,    0,    0,  -19,  -19,   -9,    0,  -19,    0,    0,    0,
       0,  -23,    0,    0,    0,    0,    0,    0,    0,    9,    0,    0,    0,    0,    0,    0,    0,    0,    0,    0,    0,    0,    0,    0,    0,    0,    0,    0,    0,    0,  -14,   -9,  -14,  -12,    0,  -14,    0,    0,    0,    0,    0,    0,    0,    0,    0,    0,    0,    0,   -2,   -2,    0,   -9,    0,   -9,    0,    0,    0,    0,    0,    0,    0,    0,    0,   -9,    0,    0,    0,    0,   -5,    0,    0,    0,   -5,   -2,  -28,  -23,    0,
       0,   -5,    0,    0,    0,    0,   -9,    0,    0,    0,    0,    0,    0,    0,    0,    0,    0,    0,    0,    0,    0,    0,    0,    0,    0,    0,    9,    0,    0,    0,   -9,    0,   -9,   -5,   -7,  -14,    0,    0,   -9,    0,    0,    5,    0,    0,    0,    0,    0,    0,   -5,    0,    0,    0,    0,    0,   -5,    0,    0,    0,    0,    0,    9,   14,    0,    0,    0,    0,    0,    0,   -5,    0,    0,    5,   -7,   -5,  -14,   -9,    0,
       0,    0,    0,    0,    0,    0,    0,    0,    0,    0,    0,    0,    0,    0,    0,    0,    0,    0,    0,    0,    0,    0,    0,    0,    0,   -5,    5,    0,   -5,    0,  -14,   -5,   -9,   -9,    0,  -16,    0,    0,    0,    0,   -9,   -5,    0,    0,    0,    0,    0,    0,   -5,    0,    0,    0,   -5,    0,   -5,    0,    0,    0,    0,    0,    0,    0,    0,    0,    0,    0,    0,    0,   -9,    0,    0,   -5,  -14,   -5,    0,    0,    0,
       0,   -9,    0,    0,    0,    0,    0,    0,    0,    0,    0,    0,    0,    0,    0,    0,    0,    0,    0,    0,    0,    0,    0,    0,    0,    0,    0,    0,    0,    5,   -7,   -2,    0,    0,    0,   -5,    0,    0,    0,    0,    0,    0,    0,    0,    0,    0,    0,    0,   -2,   -5,   -2,   -7,    0,   -5,    0,    0,    0,    0,    0,   -9,    0,    0,    0,    0,    0,    0,    0,    0,    0,    0,    0,    0,   -5,   -2,    0,    0,    0,
       0,    0,    0,    0,    0,    0,  -14,    0,    0,    0,    0,    0,    0,    0,    0,    0,    0,    0,    0,    0,    0,    0,    0,    0,    0,    0,    5,    0,    0,    0,  -14,    0,  -12,   -9,  -14,  -14,    0,    0,    0,   -2,   -5,    0,    0,    0,    0,    0,    0,    0,    0,    0,    0,    0,    0,    0,    0,    0,    0,    0,    0,    0,    0,    9,    0,    0,    0,    0,    0,    0,  -12,    0,    0,    0,   -9,    0,  -14,    0,    0,
      23,   33,    0,    0,    0,   37,   19,    0,  -23,    0,   18,   19,   14,   14,    0,   14,    0,   28,    9,   14,    0,    0,   19,    0,   -5,    9,   14,    9,    9,   10,   23,    9,   19,   19,    9,   14,   14,   46,  -18,   -7,    2,    0,    5,    0,   14,   12,    5,    0,    0,    0,    0,    0,    0,    5,    0,   37,    0,    0,    0,   37,    0,    9,   28,   37,    0,    0,    0,    0,    0,   14,   23,    7,    0,    0,   37,   28,   19,
       0,    0,    0,    0,    0,    0,    0,    0,    0,   23,    0,    0,    0,    0,    0,    0,    0,    0,    0,    0,    0,    0,    0,    0,    0,    0,    5,   19,    0,   -4,   -5,   -9,   -9,   -5,    0,   -9,    0,    0,    0,   -9,   -5,   -7,    9,   -2,    0,    0,    0,    0,   -5,    0,    0,    0,   -5,    0,   -5,    0,    0,    0,    0,    0,    0,    0,    0,    0,    0,    0,    0,    0,    0,    0,    0,   -7,    0,   -5,    5,    0,    0,
       0,  -28,    0,    0,    0,    0,  -28,    0,    0,    0,    0,    0,    0,    0,    0,    0,    0,    0,    0,    0,    0,    0,    0,    0,    5,    0,    0,    0,    0,    0,  -23,  -18,  -23,  -23,    0,  -19,    0,    0,    0,    0,    0,    0,   -5,    0,    0,    0,    0,    0,   -5,   -2,    0,   -7,    0,   -2,    0,    0,    0,    0,    0,  -28,    0,    0,    0,  -32,    0,    0,    0,    0,   -5,    0,    0,    0,   -5,   -5,  -37,  -28,  -14,
       0,   -9,    0,    0,    0,    0,  -19,    0,    0,    9,    0,    0,    0,    0,    0,    0,    0,    0,    0,    0,    0,    0,    0,    0,    9,    0,    5,    0,    0,    0,    0,   -5,   -5,   -5,    0,    0,    5,    0,    0,    0,    0,    0,    0,    0,    0,   -5,    0,    0,    0,    0,    0,   -5,    2,    0,    0,    9,    0,    0,    0,    0,    0,    0,    0,    0,    0,    0,    0,    0,   -9,    0,    0,    0,   -5,    0,  -12,  -14,    0,
       0,    0,    0,    0,    0,    0,    0,    0,    0,    0,    0,    0,    0,    0,    0,    0,    0,    0,    0,    0,    0,    0,    0,    0,    0,    0,   12,    9,    0,    5,    0,    0,    5,    5,    0,    5,    0,    0,    0,    0,    0,    0,    5,    0,    0,    0,    0,    0,   -2,    0,    0,    0,    0,    0,    0,    0,    0,    0,    0,    0,    0,    0,    0,    0,    0,    0,    0,    0,    0,    0,    0,    0,    0,   -2,   -5,    0,    0,
       0,   -5,    0,    0,    0,    0,    0,    0,    0,   19,    0,    0,    0,    0,    0,    0,    0,    0,    0,    0,    0,    0,    0,    0,    0,    0,    0,    0,    0,    0,   -5,   -5,   -9,    0,    0,   -9,    0,    0,    9,    0,    0,   -5,    0,    0,    0,    0,    0,    0,   -5,    0,    0,    0,    7,    0,    0,    0,    0,    0,    0,    0,    0,    0,    0,    0,    0,    0,    0,    0,    0,    0,    0,   -5,   -5,   -5,    0,   -9,    0,
       0,  -14,    0,    0,    0,    0,    0,    0,    0,    5,    0,    0,    0,    0,    0,    0,    0,    0,    0,    0,    0,    0,    0,    0,    0,    0,    0,    0,    0,    0,  -14,    0,  -19,  -14,   -9,  -23,    0,    0,    0,    0,   -7,    0,    0,    0,    0,    0,    0,    0,    0,    0,    0,    0,    0,   -5,    0,    0,    0,    0,    0,    0,    0,    9,    0,    0,    0,    0,    0,    0,  -12,    0,    0,    0,   -5,    0,  -33,  -28,    0,
       0,    0,    0,    0,    0,    0,    0,    0,    0,    0,    0,    0,    0,    0,    0,    0,    0,    0,    0,    0,    0,    0,    0,    0,    0,   -9,    0,    0,    0,    0,  -18,  -14,  -14,  -14,    0,  -19,    0,    0,    0,   -5,   -5,    0,    0,    0,    0,    5,    0,    0,   -7,    0,    0,    0,    0,    5,    0,    0,    0,    0,    0,    0,    0,    0,    0,    0,    0,    0,    0,    0,    0,    0,    0,    0,    0,   -7,    0,    0,    0,
       0,    0,    0,    0,    0,    0,    0,    0,  -33,   -5,    0,    0,    0,    0,    0,    0,    0,    0,    0,    0,    0,    0,    0,    0,  -14,   -9,    9,  -14,   -5,    0,   -9,   -9,   -9,  -14,  -23,  -14,    0,   -9,  -42,  -23,   -9,  -12,    0,   -9,    0,    0,    0,    0,  -12,    0,    0,    0,  -12,    5,   -7,    0,    0,    0,    0,    0,    0,    0,    0,    0,    0,    0,    0,    0,  -16,    0,    0,  -12,  -12,  -12,    0,    0,    0,
       0,   -5,    0,    0,    0,    0,    0,    0,    0,    9,    0,    0,    0,    0,    0,    0,    0,    0,    0,    0,    0,    0,    5,    0,    9,    0,    9,    0,    5,    5,   -9,    0,   -9,   -9,    0,   -9,    0,    0,    5,    0,   -5,    0,    0,    5,    0,    0,    0,    0,    0,    0,    0,    4,    0,    0,    0,    0,    0,    0,    0,    0,    0,    0,    0,    0,    0,    0,    0,    0,   -9,    0,    0,    0,   -5,    0,    0,    4,    0,
       5,    5,    0,    0,    0,    0,    0,    0,    0,    9,    0,    0,    0,    0,    0,    0,    0,    0,    0,    0,    0,    0,    5,    0,    0,    0,    9,    0,    0,    5,    0,    0,    0,    0,    0,    0,    0,    0,    0,    0,    0,    0,    5,    5,    0,    0,    2,    0,    0,    0,    0,    0,    0,    0,    0,    0,    0,    0,    0,    0,    0,    0,    0,    0,    0,    0,    0,    0,    0,    0,    0,    0,   -5,    0,    0,    0,    0,
       0,  -19,    0,    0,    0,    0,  -33,    0,    0,    9,    0,    0,    0,    0,    0,    0,    0,    0,    0,    0,    0,    0,    0,    0,    9,    0,    0,    0,    0,    5,  -14,   -7,  -14,  -14,    0,  -19,    0,    0,    9,    0,   -9,    0,    0,    0,    0,    0,    0,    0,   -5,    0,    0,   -9,    5,   -5,    0,    0,    0,    0,    0,  -14,    0,    0,    0,  -23,    0,    0,    0,    0,   -9,    0,    0,    0,    0,   -5,  -23,  -19,    0,
       0,    0,    0,    0,    0,    0,    0,    0,   -9,    0,    0,    0,    0,    0,    0,    0,    0,    0,    0,    0,    0,    0,    0,    0,  -14,    0,    9,    0,    0,    0,    0,    0,   -7,    0,  -14,  -14,    0,    0,  -14,   -3,    0,    0,    0,    0,    0,    0,    0,    0,   -5,    0,    0,    5,    0,    0,    0,    0,    0,    0,    0,    0,    0,    0,    0,    0,    0,    0,    0,    0,    0,    0,    0,    0,   -5,   -5,   -9,    0,    0,
       0,    0,    0,    0,    0,    0,    0,    0,    0,    9,    0,    0,    0,    0,    0,    0,    0,    0,    0,    0,    0,    0,    0,    0,    9,    0,    9,    0,    0,    0,   -5,    0,   -5,    0,    0,   -9,    5,    0,    0,    0,   -2,    0,    5,    0,    0,    0,    0,    0,    0,    0,    0,    5,    2,    5,    0,    0,    0,    0,    0,    0,    0,    0,    0,    0,    0,    0,    0,    0,    0,    0,    0,    0,   -5,    0,    0,    0,    0,
       0,    0,    0,    0,    0,    0,    0,    0,    5,    0,    0,    0,    0,    0,    0,    0,    0,    0,    0,    0,    0,    0,    0,    0,    0,    0,    0,    0,    0,    5,   -9,    0,   -9,   -5,    0,  -10,    0,    0,    0,    0,   -5,    0,    2,    0,    0,    0,    0,    0,    0,    0,    0,    0,    0,    0,    0,    0,    0,    0,    0,    0,    0,    0,    0,    0,    0,    0,    0,    0,   -9,    0,    0,    0,   -5,    0,    0,   -9,    0,
       0,    0,    0,    0,    0,    0,    0,    0,    0,    0,    0,    0,    0,    0,    0,    0,    0,    0,    0,    0,    0,    0,    0,    0,    0,    0,    0,    9,    0,    0,    0,    0,    0,    0,    0,    0,    0,    0,    0,    0,    0,    0,   33,    0,    0,    0,    0,    9,    0,    0,    0,    0,    0,    0,    0,    0,    0,    0,    0,    0,    0,    0,    0,    0,    0,    0,    0,    0,   33,    0,    0,    0,    9,    0,    0,    0,    0,
       0,    0,    0,    0,    0,    0,    0,    0,    0,    0,    0,    0,    0,    0,    0,    0,    0,    0,    0,    0,    0,    0,    0,    0,    0,    0,    0,    5,    0,    0,   -9,  -14,  -14,  -14,   -5,  -19,    0,    0,    0,   -9,    0,    0,   19,    0,    0,    0,    0,    0,    0,    0,    0,    0,    0,    0,    0,    0,    0,    0,    0,    0,    0,    0,    0,    0,    0,    0,    0,    0,    0,    0,    0,    0,    0,    0,    0,    0,    0,
       0,    0,    0,    0,    0,    0,    0,    0,    0,    0,    0,  -14,    0,   -5,    0,    0,    0,   -9,    0,    0,    0,    0,    0,    0,    0,    0,    0,    0,    0,    0,    0,    0,    0,    0,    0,    0,    0,    0,    0,    0,    0,    0,    0,    0,    0,    0,    0,    0,    0,    0,    0,    0,    0,    0,    0,    0,    0,    0,    0,    0,    0,    0,    0,    0,    0,    0,    0,    0,    0,    0,    0,    0,    0,    0,    0,    0,    0,
       0,    0,    0,    0,    0,  -19,    0,    0,   -9,    0,    0,    0,    0,    0,    0,    0,    0,    0,    0,    0,    0,    0,    0,    0,    0,    0,    0,    0,    0,    0,   -9,  -16,  -21,  -19,    0,  -19,    0,    0,    0,    0,    0,    0,    0,    0,    0,    0,    0,    0,    0,    0,    0,    0,    0,    0,    0,    0,    0,    0,    0,    0,  -37,  -19,    0,    0,    0,    0,    0,    0,    0,    0,    0,    0,    0,    0,  -18,    0,    0,
       0,    0,    0,    0,    0,  -19,    0,    0,  -14,  -14,    0,  -23,  -23,  -14,    5,  -14,    0,  -37,    0,   -9,    0,    0,    0,    0,    0,    0,    9,   -9,    0,    0,  -14,    0,  -14,   -9,  -23,  -23,    0,  -19,    0,    0,    0,    0,    0,    0,    0,    0,    0,    0,    0,    0,    0,    0,    0,    0,    0,    0,    0,    0,    0,    0,    0,    0,    0,    0,    0,  -19,  -28,   -5,    0,    0,    0,    0,    0,    0,    0,   -9,    0,
       0,    0,    0,    0,    0,    0,    0,    0,    0,    0,    0,    0,    0,    0,    0,    0,    0,  -14,    0,    0,    0,    0,    0,    0,    0,    0,    0,    0,    0,    0,    0,    0,    0,    0,    0,    0,    0,    0,    0,    0,    0,    0,    0,    0,    0,    0,    0,    0,    0,    0,    0,    0,    0,    0,    0,    0,    0,    0,    0,    0,    0,    0,    0,    0,    0,    0,    0,    0,    0,    0,    0,    0,    0,    0,    0,    0,    0,
       0,    0,    0,    0,    0,    0,    0,    0,    0,    9,    0,    0,    0,    0,    0,    0,    0,    0,    0,    0,    0,    0,    0,    0,    0,    0,    0,    0,    0,    0,    0,    0,    0,    0,    0,    0,    0,    0,    0,    0,    0,    0,    0,    0,    0,    0,    0,    0,    0,    0,    0,    0,    0,    0,    0,    9,    0,    0,    0,    0,    0,    0,    0,    0,    0,    0,    0,    0,    0,    0,    0,    0,    0,    0,   -5,    0,    0,
       0,    0,    0,    0,    0,  -28,    0,    0,    0,  -14,    0,  -37,  -32,  -28,   -9,  -18,    0,  -46,    0,   -9,    0,    0,    0,    0,  -14,    0,    9,   -9,    0,    0,   -9,    0,   -5,   -5,  -32,  -19,    0,  -18,    0,    0,    0,    0,    0,    0,    0,    0,    0,    0,    0,    0,    0,    0,    0,    0,    0,    0,    0,    0,    0,    0,    0,    0,    0,    0,    0,    0,  -47,    0,    0,    0,    0,    0,    0,    0,    0,    0,    0,
      -9,  -23,    0,    0,    0,  -19,    0,    0,  -23,  -14,    0,  -19,  -23,  -14,    0,    0,    0,  -23,    0,   -9,    0,    0,    0,    0,    0,   -9,    5,  -14,   -7,    0,  -23,  -23,  -19,  -23,  -19,  -28,    0,  -14,    0,    0,  -16,    0,    0,    0,    0,   -5,    0,    0,    0,    0,    0,    0,    0,    0,    0,    0,    0,    0,    0,    0,    0,    0,    0,    0,    0,  -37,  -28,   -9,    0,    0,    0,    0,    0,    0,  -32,  -28,    0,
       0,    0,    0,    0,    0,    0,    0,    0,    0,    0,    0,    0,    0,    0,    0,    0,    0,    0,    0,    0,    0,    0,    0,    0,    0,    0,    0,    0,    0,    0,  -14,  -23,  -19,   -9,  -14,  -19,    0,    0,    0,   -9,   -9,    0,   14,    0,    0,    0,   -9,    0,   -5,    0,   -9,    0,    0,    9,    0,    0,    0,    0,    0,    0,    0,    0,    0,    0,    0,    0,    0,  -14,    0,    0,    0,    0,    0,   -5,    0,    0,    0,
       0,  -14,    0,    0,    0,  -14,  -14,    0,  -33,  -14,    0,    0,    0,    0,    0,    0,    0,   -5,    0,    0,    0,    0,    0,    0,  -23,  -14,    5,  -14,   -9,    0,   -9,  -16,  -14,   -9,  -23,  -23,   -5,   -5,  -14,    0,   -5,    0,    0,    0,    0,    0,    0,    0,    0,    0,    0,    0,    0,    0,    0,    0,    0,    0,    0,    0,    0,    9,    0,    0,    0,    0,    0,  -33,    0,    0,    0,    0,    0,    0,  -14,    0,    0,
       0,   -5,    0,    0,    0,    0,    0,    0,    0,    0,    0,    0,    0,    0,    0,    0,    0,    0,    0,    0,    0,    0,    0,    0,    0,    0,    0,    0,    0,    0,    0,    0,    0,    0,    0,    0,    0,    0,    0,    5,    0,    0,    0,    0,    0,    0,    0,    0,    0,   -5,    0,   -9,    0,   -5,    0,    0,    0,    0,    0,    0,    0,    0,    0,    0,    0,    0,    0,    0,    0,    0,    0,    0,    0,    0,    0,    0,    0,
       0,    0,    0,    0,    0,    0,    0,    0,    0,    9,    0,    0,    0,    0,    0,    0,    0,    0,    0,    0,    0,    0,    9,    0,    0,    0,    9,    0,    0,    5,    0,    0,    0,    0,    0,    0,    5,   18,    0,    0,    5,    0,    0,    0,    0,    0,    0,    0,    0,    0,    0,    0,    0,    0,    0,    9,    0,    0,    0,    0,    0,    0,    0,    0,    0,    0,    0,    0,    0,    0,   14,    0,    0,    0,    0,    0,    0,
       0,   -9,    0,    0,    0,    0,    0,    0,    0,    0,    0,    0,    0,    0,    0,    0,    0,    0,    0,    0,    0,    0,    0,    0,    0,    0,    0,    0,    0,    0,    0,    0,    0,   -5,    0,   -9,    0,    0,    0,    0,    0,    0,    0,    0,    0,    0,    0,    0,   -2,    0,    0,    0,    0,    0,    0,    0,    0,    0,    0,    0,    0,    0,    0,    0,    0,    0,    0,    0,    0,    0,    0,    0,   -5,   -2,   -9,    0,    0,
       0,  -56,    0,    0,    0,  -14,  -61,    0,    0,    0,   -9,    0,    0,  -14,  -19,   -9,  -14,  -14,  -14,   -9,    0,    0,    0,    0,    5,   -5,  -14,    0,    0,   -3,  -30,  -28,  -42,  -35,    0,  -33,   -5,  -33,   -5,    0,  -14,  -12,   -5,    0,  -19,  -23,  -12,  -14,   -9,  -19,  -19,  -33,    0,  -24,    0,    0,    0,    0,  -19,  -51,  -19,   -9,    0,  -56,  -28,   -5,    0,    0,   -9,  -19,  -19,  -12,   -9,   -9,  -56,  -51,    0,
       0,  -23,    0,    0,    0,    0,    0,    0,    0,    9,    0,    0,    0,    0,    0,    0,    0,    0,    0,    0,    0,    0,    0,    0,    0,    0,    0,    0,    0,    0,  -14,   -9,  -14,  -12,    0,  -14,    0,    0,    0,    0,    0,    0,    0,    9,    0,    7,    0,    0,   -2,   -2,    0,   -9,    0,   -9,    0,    0,    0,    0,    0,    0,    0,    0,    0,   -9,    0,    0,    0,    0,   -5,    0,    0,    0,   -5,   -2,  -28,  -23,    0,
       5,   14,    0,    0,    0,   28,   23,    0,    0,    0,    0,    0,    0,    0,    0,    0,    0,    0,    0,    0,    0,    0,    5,    0,    0,    0,    0,    0,    0,    0,    0,    0,    0,    0,    0,    0,    0,    0,    0,    0,   28,    0,    9,    0,    9,    9,    0,    0,   -2,   -5,   -2,   -7,    0,   -5,    0,    0,    0,    0,    0,   -9,    0,    0,    0,    0,    0,    0,    0,    0,    0,    9,    0,    0,    0,    5,   14,   14,    0,
       0,   -9,    0,    0,    0,    0,  -19,    0,    0,    9,    0,    0,    0,    0,    0,    0,    0,    0,    0,    0,    0,    0,    0,    0,    9,    0,    5,    0,    0,    0,    0,   -5,   -5,   -5,    0,    0,    5,    0,    0,    0,    0,    0,    0,    9,    0,    0,    0,   12,    0,    0,    0,   -5,    2,    0,    0,    9,    0,    0,    0,    0,    0,    0,    0,    0,    0,    0,    0,    0,   -9,    0,    0,    0,   -5,    0,  -12,  -14,    0,
       0,  -79,    0,    0,    0,  -14,  -61,    0,    0,    0,    0,    0,    0,    0,   -9,    0,    0,    0,    0,   -5,    0,    0,    0,    0,    5,   -9,   -9,   -9,   -5,   -9,  -47,  -23,  -42,  -33,    0,  -32,   -9,  -33,    0,    0,    0,    0,    0,    0,    0,    0,    0,    0,    0,    0,   -5,  -14,    0,  -14,    0,    0,    0,    0,    0,  -61,    0,    0,    0,  -60,  -23,    0,    0,    5,    0,    0,    0,    0,    0,    0,  -37,  -42,    0,
       5,    5,    0,    0,    0,   19,   14,    0,    0,    9,    0,    0,    0,    0,    0,    0,    0,    0,    0,    0,    0,    0,    5,    0,    0,    0,    9,    0,    0,    5,    0,    0,    0,    0,    0,    0,    0,    0,    0,    0,   28,    0,    5,    5,    0,    0,    2,    0,    0,    0,    0,    0,    0,    0,    0,    0,    0,    0,    0,    0,    0,    0,    0,    0,    0,    0,    0,    0,    0,    0,    0,    0,   -5,    0,    9,    9,    0,
       0,  -19,    0,    0,    0,    0,  -33,    0,    0,    9,    0,    0,    0,    0,    0,    0,    0,    0,    0,    0,    0,    0,    0,    0,    9,    0,    0,    0,    0,    5,  -14,   -7,  -14,  -14,    0,  -19,    0,    0,    9,    0,   -9,    0,    0,    0,    0,    7,    0,    0,   -5,    0,    0,   -9,    5,   -5,    0,    0,    0,    0,    0,  -14,    0,    0,    0,  -23,    0,    0,    0,    0,   -9,    0,    0,    0,    0,   -5,  -23,  -19,    0,
       0,    0,    0,    0,    0,    0,    0,    0,  -26,  -14,    0,   -5,   -5,   -9,  -14,   -9,   -9,    0,    0,    0,    0,    0,    0,    0,  -10,    0,    0,    0,    0,    0,    0,    0,    5,    5,   -9,    9,    0,    0,  -23,  -19,    5,  -14,   -5,  -14,   -5,   -5,  -14,  -14,  -19,  -12,  -14,   -5,  -14,  -14,   -9,    0,    0,    0,    0,    0,  -23,    0,    0,    0,    0,  -16,    0,  -37,    0,   -5,    0,  -14,    0,  -19,    0,    0,    0,
      -9,    0,    0,    0,   -9,    0,    0,    0,  -37,  -37,    0,    0,    0,   -5,  -23,  -14,    0,    9,    0,    0,    0,    0,   -9,    0,  -28,    0,    0,   -5,    0,    0,   16,    0,    9,    9,  -14,    9,    5,    0,  -28,  -14,    9,  -19,    0,  -19,    0,    0,    0,    0,   -9,    0,    0,    0,   -5,    0,    0,    0,  -14,    0,    0,    0,  -19,  -19,    0,    0,    0,    0,  -61,  -51,   -9,    0,    9,  -19,    0,   -9,  -19,    0,    0,
       0,    0,    0,    0,  -23,    0,    0,    0,  -46,  -47,   -9,   -5,  -14,   -9,  -47,  -14,    0,    9,    0,   -9,    0,    0,   -9,    0,  -37,    0,    0,   -5,    0,    0,   28,    0,   19,   19,    0,   19,    0,    0,  -33,  -23,    9,  -28,    0,  -14,    0,    0,   -9,    0,  -14,    0,   -5,    0,   -5,    0,   -9,    0,    0,    0,    0,    0,  -28,  -28,    0,    0,  -37,  -19,  -56,  -56,    0,    0,   19,  -28,    0,  -14,    0,  -19,    0,
       0,    0,    0,    0,    0,    0,    0,    0,    0,    0,    0,    0,    0,    0,    0,    0,    0,    0,    0,    0,    0,    0,    0,    0,    0,    0,    0,    0,    0,    0,    0,    0,    0,    0,    0,    0,    0,    0,    0,  -19,    0,    0,    0,    0,    0,    0,    0,    0,    0,    0,    0,    0,    0,    0,    0,    0,    0,    0,    0,    0,    0,    0,    0,    0,    0,    0,    0,    0,    0,    0,    0,    0,    0,    0,    0,    0,    0,
};

static const EpdLigaturePair sourceserif4_14_italicLigaturePairs[] = {
    { 0x00660066, 0xFB00 }, // f f -> U+FB00
    { 0x00660069, 0xFB01 }, // f i -> U+FB01
    { 0x0066006C, 0xFB02 }, // f l -> U+FB02
    { 0xFB000069, 0xFB03 }, // U+FB00 i -> U+FB03
    { 0xFB00006C, 0xFB04 }, // U+FB00 l -> U+FB04
};

static const EpdFontData sourceserif4_14_italic = {
    sourceserif4_14_italicBitmaps,
    sourceserif4_14_italicGlyphs,
    sourceserif4_14_italicIntervals,
    44,
    40,
    31,
    -10,
    true,
    sourceserif4_14_italicGroups,
    9,
    nullptr,
    sourceserif4_14_italicKernLeftClasses,
    sourceserif4_14_italicKernRightClasses,
    sourceserif4_14_italicKernMatrix,
    408,
    433,
    92,
    77,
    sourceserif4_14_italicLigaturePairs,
    5,
};
