/**
 * generated by fontconvert.py
 * name: sourceserif4_16_regular
 * size: 16
 * mode: 2-bit  compressed: true
 * Command used: fontconvert.py sourceserif4_16_regular 16 ..\builtinFonts\source\SourceSerif4\SourceSerif4-Regular.ttf --2bit --compress --pnum
 */
#pragma once
#include "EpdFontData.h"

static const uint8_t sourceserif4_16_regularBitmaps[17246] = {
    0xAD, 0x59, 0x4F, 0x6C, 0x1C, 0x67, 0x15, 0x7F, 0x33, 0xD3, 0x78, 0xA4, 0x8E, 0x9A, 0xE9, 0xA1,
    0x48, 0x50, 0x27, 0x19, 0x0E, 0x3D, 0x20, 0x91, 0x64, 0x7A, 0xC8, 0x21, 0x07, 0x27, 0x33, 0x80,
    0x44, 0x25, 0x7A, 0x20, 0x07, 0xDC, 0x4A, 0x18, 0xD4, 0x1E, 0x40, 0x42, 0x0D, 0xD2, 0xF6, 0x10,
    0xA9, 0x3E, 0xD8, 0xBB, 0x53, 0x55, 0x88, 0x03, 0x07, 0xAC, 0xD2, 0x9E, 0x7A, 0x20, 0x87, 0x08,
    0x21, 0x07, 0x88, 0x25, 0x2C, 0x88, 0xD4, 0x78, 0x67, 0xDA, 0x1E, 0x7A, 0xE0, 0xD0, 0xA9, 0x5A,
    0xCE, 0x4C, 0x45, 0x82, 0x70, 0x23, 0xDA, 0xAF, 0xED, 0x56, 0x59, 0x3B, 0xB3, 0x3B, 0xFC, 0x7E,
    0xEF, 0x9B, 0x5D, 0xDB, 0xAA, 0x5B, 0xC7, 0xD0, 0xF5, 0x7C, 0x6F, 0xD6, 0x33, 0xDF, 0x9F, 0xF7,
    0xBD, 0x3F, 0xBF, 0xF7, 0xDE, 0xB7, 0xCB, 0x0D, 0x3E, 0xFD, 0xFE, 0xF2, 0xF2, 0x1C, 0x3E, 0x27,
    0xBF, 0x21, 0x22, 0xCB, 0x4D, 0xB3, 0xBC, 0x18, 0xA4, 0x75, 0x58, 0x4C, 0xAF, 0x1B, 0x61, 0x76,
    0x3D, 0x48, 0xF1, 0xF0, 0x8C, 0x2F, 0x8F, 0x7A, 0x22, 0x0F, 0xC9, 0x05, 0x39, 0x29, 0x46, 0xCE,
    0x4A, 0x85, 0x56, 0xCA, 0x19, 0xA7, 0x94, 0x67, 0x9D, 0x22, 0xC1, 0x54, 0x93, 0x26, 0x95, 0x97,
    0x49, 0xE9, 0xA5, 0x4E, 0xE9, 0x8B, 0x53, 0x04, 0x82, 0x47, 0xF5, 0xA4, 0x79, 0xD9, 0x03, 0xE2,
    0xA5, 0xC7, 0xC5, 0x97, 0x63, 0x12, 0x60, 0xA2, 0x40, 0xE6, 0xE4, 0x28, 0x26, 0x12, 0x4C, 0x3D,
    0x6D, 0xF9, 0x4D, 0x09, 0xEE, 0xF6, 0x25, 0x7E, 0x21, 0xCA, 0xBA, 0x1E, 0xB8, 0xD0, 0xE6, 0xA6,
    0x23, 0xBC, 0x6B, 0xD0, 0x7A, 0xEF, 0x88, 0xC4, 0x8D, 0x88, 0xDF, 0x0C, 0xD0, 0x77, 0xCC, 0x2F,
    0x85, 0x78, 0x49, 0x29, 0x5E, 0x68, 0xC4, 0xF3, 0xCD, 0xCF, 0x3C, 0xCF, 0x8C, 0x70, 0x6F, 0xBC,
    0xA0, 0xEC, 0x79, 0x51, 0x11, 0x5D, 0xED, 0x8B, 0x83, 0x39, 0xF7, 0xAC, 0xE1, 0x60, 0x18, 0x86,
    0x4B, 0x2A, 0xD1, 0x9F, 0x44, 0xDC, 0x42, 0xE6, 0x82, 0x14, 0x9C, 0xC9, 0xBA, 0x9F, 0x81, 0x21,
    0x19, 0x78, 0x05, 0xB8, 0x13, 0x83, 0xDB, 0x25, 0x7B, 0xAB, 0xF4, 0x86, 0x2F, 0x7C, 0xE7, 0x3B,
    0x63, 0xF4, 0x2C, 0x1E, 0xF0, 0x5F, 0xC9, 0x20, 0x9A, 0xB3, 0xA1, 0x5B, 0x9E, 0x8E, 0x64, 0xED,
    0x94, 0x53, 0x05, 0xB5, 0x53, 0x9E, 0x83, 0x78, 0x52, 0x2F, 0x9B, 0xC3, 0x4D, 0xF7, 0x87, 0xDB,
    0x31, 0x7B, 0x3B, 0x63, 0x6F, 0x46, 0x4E, 0xA1, 0x61, 0xCD, 0x13, 0x4E, 0xC5, 0x35, 0x43, 0xCC,
    0x8A, 0x35, 0xFD, 0xDB, 0x19, 0xD7, 0x74, 0x46, 0xEC, 0xB8, 0xFB, 0x13, 0x0D, 0x49, 0xC7, 0x39,
    0x88, 0x5B, 0x05, 0xE0, 0xC0, 0xF2, 0x31, 0xA1, 0x3E, 0x69, 0x15, 0xA6, 0x18, 0x3A, 0x38, 0xA7,
    0x3D, 0x8D, 0xD7, 0x18, 0x49, 0x32, 0xA7, 0xBB, 0xE2, 0x34, 0x25, 0xA5, 0xFC, 0xCB, 0x01, 0x64,
    0x1C, 0x3B, 0x35, 0x36, 0xD3, 0x95, 0x9E, 0xAC, 0xC9, 0x48, 0xE2, 0xA2, 0x94, 0x5A, 0x82, 0x4F,
    0x0A, 0x7C, 0x77, 0x21, 0x4D, 0x5E, 0xA9, 0xF4, 0x32, 0xC9, 0x4B, 0x89, 0x6F, 0xFA, 0x1F, 0x0E,
    0x24, 0x68, 0x9A, 0xEF, 0x60, 0x1E, 0x48, 0xAE, 0x57, 0x2D, 0xD6, 0xF8, 0xDC, 0xB8, 0xBE, 0x78,
    0xE6, 0x51, 0x4A, 0x2E, 0x10, 0xEC, 0x40, 0x6E, 0x88, 0x03, 0x79, 0x57, 0x02, 0x8E, 0xC2, 0x42,
    0xE2, 0x54, 0x12, 0xE8, 0x46, 0xA4, 0x2F, 0xB2, 0x21, 0x98, 0x14, 0xB3, 0xEF, 0x5C, 0x23, 0x7D,
    0xD8, 0x15, 0xF6, 0xC1, 0x15, 0xA5, 0x1C, 0xE2, 0x43, 0x65, 0x10, 0x07, 0xD4, 0xB0, 0x24, 0x72,
    0x02, 0x02, 0x20, 0xF3, 0x0F, 0x0A, 0x84, 0x24, 0x11, 0x16, 0xC9, 0xC4, 0x2B, 0xC5, 0x35, 0x3A,
    0x1E, 0x83, 0xCF, 0xEB, 0x48, 0x2C, 0x13, 0x65, 0x1C, 0xFC, 0xD9, 0x2B, 0x2A, 0xF8, 0xCA, 0xF2,
    0xD1, 0x25, 0x7B, 0x32, 0xE4, 0x70, 0x4C, 0x12, 0x66, 0x9C, 0xFE, 0xAC, 0x95, 0xE6, 0x11, 0xB4,
    0x70, 0xA7, 0x3D, 0x12, 0x38, 0x59, 0xEF, 0x7B, 0x51, 0x15, 0xDF, 0x6D, 0x32, 0xF2, 0x25, 0xA7,
    0x33, 0x91, 0xF5, 0x0A, 0x23, 0xAF, 0x83, 0xC1, 0x73, 0xE2, 0x65, 0xA7, 0xEC, 0x38, 0x37, 0xA3,
    0xB0, 0x3F, 0xB7, 0xD1, 0x99, 0xE6, 0x9F, 0xFC, 0xFB, 0xFC, 0x17, 0xF5, 0x09, 0xCB, 0xC4, 0x24,
    0x26, 0x32, 0xAE, 0x71, 0x4A, 0xAF, 0x08, 0xC1, 0xE2, 0x0A, 0x26, 0xE6, 0xC8, 0xD3, 0x92, 0x67,
    0x4D, 0x91, 0x67, 0xA7, 0xF1, 0xFF, 0x23, 0x22, 0x8B, 0x60, 0x81, 0x76, 0x02, 0xFB, 0x70, 0x4B,
    0x8E, 0x84, 0x47, 0xC1, 0x3E, 0x43, 0xE5, 0xF8, 0xB8, 0x4A, 0x68, 0x4E, 0x7B, 0xAD, 0xED, 0xE9,
    0xE5, 0x4F, 0x7A, 0x1D, 0x55, 0x05, 0xD9, 0x5E, 0xB4, 0x5F, 0xCC, 0xDA, 0x81, 0x2C, 0xB7, 0x6B,
    0xC8, 0x29, 0xC1, 0x2E, 0xC3, 0x2C, 0xC1, 0xB7, 0x2E, 0x36, 0xB8, 0x21, 0x7E, 0xB5, 0x01, 0x35,
    0x8C, 0xD0, 0xEA, 0x7D, 0x1A, 0x9F, 0xB3, 0x4F, 0x57, 0x82, 0x92, 0x63, 0x38, 0x96, 0x73, 0x78,
    0x98, 0x0B, 0x76, 0x21, 0x72, 0x9F, 0xCC, 0xD4, 0xD2, 0xD4, 0xF2, 0x72, 0xBD, 0x57, 0xE3, 0xF7,
    0x70, 0x2D, 0x34, 0x2F, 0x01, 0x12, 0xA4, 0x33, 0x14, 0xEF, 0x5F, 0x4D, 0x8A, 0xB9, 0x8B, 0x38,
    0x0B, 0xAA, 0x24, 0xF5, 0x4D, 0xA2, 0x86, 0xC1, 0xE6, 0x63, 0x89, 0xA0, 0x14, 0xEA, 0x57, 0x62,
    0x42, 0x94, 0x50, 0xAD, 0x34, 0x3B, 0x6A, 0x55, 0x28, 0x2F, 0x48, 0x0A, 0xDB, 0xE7, 0xCE, 0x01,
    0x0B, 0x4D, 0x9D, 0xB4, 0xCD, 0xCE, 0x9B, 0x63, 0xDE, 0xB0, 0x8C, 0x0A, 0xDF, 0x44, 0x99, 0x67,
    0x9C, 0x3D, 0xF3, 0x62, 0x4E, 0x07, 0xD6, 0x9A, 0xC0, 0x00, 0xBF, 0x92, 0x63, 0x74, 0x80, 0x67,
    0x2E, 0xFE, 0x81, 0x9F, 0x80, 0xBD, 0xAF, 0xA1, 0x25, 0xE2, 0x0C, 0x63, 0x8C, 0x0B, 0x8B, 0xA0,
    0xF4, 0x31, 0x97, 0xE4, 0xC4, 0x0C, 0xF2, 0x91, 0x88, 0xBA, 0x8C, 0x83, 0xE6, 0xC1, 0x31, 0x8F,
    0xE2, 0xFF, 0x63, 0x68, 0x67, 0xD0, 0xD6, 0x30, 0x8A, 0x12, 0x82, 0x8C, 0x03, 0xF4, 0x3B, 0x8E,
    0x36, 0x87, 0xB6, 0x0E, 0xE7, 0x20, 0x04, 0xCE, 0xCF, 0xF7, 0x7E, 0x60, 0xC7, 0xEF, 0x6D, 0x5E,
    0xD3, 0x0C, 0xA6, 0xED, 0xF3, 0x6C, 0xA8, 0x81, 0xB3, 0xBE, 0x9C, 0xE3, 0x5B, 0xC0, 0x7D, 0x4C,
    0x79, 0xB5, 0xFC, 0x3A, 0xE0, 0xD7, 0x1D, 0x26, 0xA9, 0x87, 0xBD, 0x86, 0x2D, 0xBF, 0x80, 0x3D,
    0x99, 0xC9, 0xC4, 0x19, 0xC3, 0x2E, 0x4A, 0xF5, 0x0B, 0xEE, 0xB0, 0xDD, 0x3D, 0x9D, 0x45, 0x57,
    0xEF, 0x42, 0x56, 0xF9, 0xAD, 0x3C, 0x1D, 0xC3, 0x89, 0x00, 0x0A, 0x65, 0x2D, 0xFE, 0x6E, 0xED,
    0x9B, 0xF3, 0x90, 0x0D, 0xB5, 0x1F, 0x16, 0x71, 0xEA, 0x6D, 0x8F, 0x54, 0xF3, 0xD8, 0x8B, 0x69,
    0x5B, 0x65, 0x35, 0x40, 0x0E, 0xA9, 0x05, 0x7A, 0x16, 0x15, 0x03, 0xE3, 0xA3, 0x17, 0xD2, 0xC1,
    0xE9, 0xC6, 0x1E, 0x95, 0x54, 0x58, 0xBD, 0x4D, 0x44, 0xB8, 0x61, 0xB9, 0x77, 0x87, 0x56, 0x2B,
    0x9C, 0xD7, 0xC7, 0xFC, 0xB4, 0xB0, 0x38, 0x8D, 0xD4, 0x4A, 0x13, 0x68, 0x30, 0xC9, 0xC2, 0x34,
    0x2E, 0x62, 0x09, 0xCD, 0x92, 0x78, 0x63, 0x74, 0x04, 0x48, 0x49, 0x0F, 0x5C, 0xBE, 0xDD, 0xA4,
    0x51, 0x9A, 0xC0, 0x92, 0xC3, 0x6A, 0x34, 0xE5, 0xD9, 0x37, 0x7D, 0x5A, 0x6B, 0x0A, 0xE8, 0xDF,
    0x6E, 0xA1, 0x3F, 0xB7, 0xF3, 0x46, 0x59, 0x9C, 0x72, 0xCE, 0x0D, 0xBC, 0x47, 0xBF, 0x6A, 0xB7,
    0x95, 0x77, 0xD1, 0x28, 0xBB, 0xF0, 0x66, 0xC7, 0xB8, 0xCD, 0xDD, 0x4A, 0x8E, 0xF8, 0xBB, 0x18,
    0x4E, 0xEC, 0x5E, 0x28, 0x3C, 0xE0, 0x0C, 0xE0, 0x1F, 0x2B, 0xD2, 0xF8, 0xB9, 0xD3, 0x1D, 0xD7,
    0xDD, 0xF9, 0xEC, 0x3C, 0x0D, 0xB2, 0xB8, 0x4A, 0x4C, 0x5C, 0x01, 0xCF, 0x76, 0x7D, 0x8E, 0xA4,
    0xFA, 0xD4, 0x04, 0xC6, 0xA9, 0xDC, 0xC2, 0x47, 0xBF, 0x81, 0x7D, 0x91, 0x59, 0x3B, 0x04, 0x10,
    0xFB, 0x10, 0x4A, 0x5C, 0x88, 0x0B, 0x71, 0x47, 0xE0, 0x64, 0xDC, 0x2A, 0x1A, 0x6F, 0xF4, 0x95,
    0xA8, 0xC9, 0xD2, 0x04, 0xF8, 0x26, 0x6A, 0x75, 0x60, 0x3F, 0x0A, 0x46, 0xF8, 0xC8, 0x3E, 0x9F,
    0xC9, 0xBB, 0xAF, 0x8B, 0x62, 0xB5, 0xC4, 0x18, 0xC5, 0x35, 0x10, 0x30, 0xDA, 0x89, 0x7B, 0x69,
    0x6B, 0x5F, 0x46, 0xDF, 0x2A, 0x03, 0x95, 0x2E, 0xC3, 0xE5, 0xB8, 0xEC, 0xE2, 0x64, 0x97, 0x88,
    0x18, 0x46, 0x7A, 0x23, 0xB9, 0x1F, 0xB1, 0x03, 0xEA, 0x47, 0x32, 0xA0, 0x81, 0x92, 0xFE, 0xD9,
    0x29, 0x02, 0x28, 0x67, 0x40, 0x28, 0x3F, 0xAA, 0xD7, 0x91, 0xDD, 0x21, 0x0D, 0x28, 0x5D, 0xF0,
    0x22, 0xE2, 0xCA, 0x4C, 0x43, 0x33, 0x95, 0xFC, 0x77, 0xBA, 0xA5, 0x52, 0x1D, 0xFE, 0xBC, 0x35,
    0x9C, 0x81, 0xDA, 0x11, 0x4D, 0x07, 0x13, 0x41, 0x84, 0xFD, 0x4B, 0x21, 0xEC, 0xCB, 0xBF, 0x3D,
    0xF0, 0x81, 0xCB, 0x27, 0x1C, 0xC3, 0x38, 0x3B, 0xC7, 0xC8, 0xBC, 0x28, 0x6B, 0xF8, 0xAF, 0x58,
    0x97, 0xCA, 0xAD, 0xBC, 0xC2, 0xB8, 0xA5, 0x0B, 0x88, 0xD5, 0x88, 0xDD, 0xDE, 0xFC, 0xCC, 0x30,
    0x56, 0x06, 0xEC, 0xEC, 0x67, 0x47, 0x65, 0xDD, 0x2B, 0x43, 0x0C, 0xBE, 0xEE, 0x0E, 0x9E, 0x7B,
    0xDB, 0x60, 0x8E, 0xE6, 0x79, 0x04, 0x80, 0xD3, 0x50, 0xE9, 0x43, 0x56, 0xE3, 0x62, 0xDD, 0x44,
    0x6C, 0x44, 0xE6, 0x27, 0xB9, 0x79, 0x64, 0x4D, 0xB9, 0x6D, 0x32, 0xAB, 0x42, 0x7D, 0x6A, 0xFB,
    0xD2, 0x9B, 0xAC, 0x2C, 0xD1, 0x4F, 0x87, 0x3D, 0x47, 0x7B, 0x96, 0x3F, 0xAB, 0x5A, 0xDF, 0xA3,
    0x58, 0x9D, 0x82, 0xEA, 0xF3, 0x0A, 0xCE, 0xE6, 0xA5, 0xF0, 0x44, 0x85, 0x07, 0xBA, 0x4B, 0x92,
    0x12, 0xD5, 0x61, 0x57, 0x72, 0x7A, 0xF5, 0x1A, 0x28, 0xE0, 0xAB, 0x24, 0x70, 0xFB, 0x86, 0x08,
    0x4F, 0x35, 0x54, 0x74, 0x11, 0x48, 0x17, 0xEE, 0x4E, 0x2F, 0xAB, 0xE5, 0xE2, 0xA6, 0x3C, 0xDC,
    0xAC, 0x20, 0xD9, 0x4A, 0xD4, 0x03, 0x57, 0x64, 0x61, 0xEB, 0x22, 0x2D, 0x19, 0x20, 0x03, 0x42,
    0xCC, 0xC2, 0x7C, 0x20, 0x61, 0x31, 0xF9, 0x06, 0xCF, 0x35, 0xF0, 0x7F, 0x6F, 0x30, 0x33, 0x24,
    0xD6, 0x20, 0xBA, 0x7E, 0xFA, 0xC3, 0x91, 0x4C, 0x5E, 0x84, 0x25, 0x88, 0x6F, 0x40, 0xBC, 0x29,
    0xF1, 0xAB, 0xC9, 0x8B, 0x24, 0xC3, 0xF4, 0x23, 0xD1, 0x85, 0xE0, 0x50, 0x5B, 0x50, 0xC6, 0xE6,
    0x35, 0x03, 0x93, 0xD4, 0x7E, 0xAE, 0x21, 0x92, 0x1A, 0x82, 0x89, 0xE1, 0x86, 0x88, 0x32, 0xD6,
    0xB5, 0x45, 0x25, 0x57, 0xEF, 0x25, 0xFA, 0xA2, 0x2F, 0x2D, 0x02, 0x28, 0x06, 0x71, 0x02, 0x31,
    0xDC, 0xAE, 0x81, 0xB0, 0x01, 0x16, 0x31, 0xA7, 0xE7, 0x42, 0x76, 0x49, 0x5D, 0x5D, 0x79, 0x2D,
    0x48, 0x03, 0x32, 0x48, 0x89, 0x78, 0x9A, 0x1D, 0x90, 0x6E, 0x28, 0xD5, 0xCD, 0x4B, 0x72, 0x0F,
    0xB4, 0xBB, 0x6B, 0x94, 0xCE, 0x00, 0xCF, 0xE6, 0xCC, 0x95, 0x15, 0x5F, 0xBB, 0x62, 0xA3, 0xAA,
    0xA6, 0xC7, 0x64, 0x4F, 0x6E, 0xCD, 0x3F, 0x45, 0xA9, 0x86, 0x24, 0x01, 0x89, 0x9F, 0x29, 0x64,
    0x79, 0xC6, 0x2D, 0x26, 0x84, 0x91, 0x9A, 0xE0, 0x0D, 0xF9, 0x82, 0x7C, 0xFA, 0xE4, 0xE4, 0x99,
    0x7D, 0x2B, 0xD6, 0xA5, 0x28, 0x6E, 0x97, 0xA2, 0xF5, 0x76, 0x91, 0x8B, 0xDB, 0xAB, 0x57, 0x2B,
    0x2E, 0x54, 0xED, 0x59, 0x6D, 0x67, 0x21, 0x6F, 0xB2, 0x1A, 0x73, 0x46, 0x4B, 0x5C, 0x90, 0x01,
    0x09, 0x11, 0x18, 0xAB, 0x4D, 0x9E, 0xD9, 0xB7, 0xED, 0x6A, 0xFB, 0x92, 0x6B, 0x63, 0xDD, 0x16,
    0x6D, 0xD6, 0xC9, 0xC7, 0x0C, 0x9C, 0x9B, 0xD7, 0x06, 0x84, 0x18, 0xC7, 0xCA, 0x74, 0xA8, 0xF6,
    0x7C, 0x5D, 0x75, 0x73, 0xDD, 0xAA, 0xC9, 0x2A, 0xD5, 0x2A, 0xCF, 0xAA, 0xD5, 0x6A, 0x93, 0x74,
    0x75, 0x35, 0x53, 0x61, 0x15, 0x16, 0xCE, 0xBB, 0x4A, 0x13, 0xA5, 0x10, 0xA5, 0xD4, 0x3A, 0x5B,
    0xAD, 0xF1, 0xAA, 0xD6, 0x55, 0x40, 0xE3, 0x31, 0x71, 0x59, 0x6D, 0x09, 0x03, 0xC3, 0xA6, 0xBE,
    0xB8, 0x9D, 0xCE, 0xE4, 0x57, 0xEE, 0x55, 0x7F, 0x53, 0x4A, 0x71, 0x21, 0x1B, 0x59, 0x5D, 0xCD,
    0xE5, 0xB0, 0x63, 0xED, 0x8A, 0x76, 0x75, 0x50, 0xFC, 0xAB, 0x96, 0x7F, 0xE8, 0x0B, 0x03, 0x31,
    0x9C, 0x3A, 0x77, 0xF0, 0x75, 0x9A, 0x62, 0xFC, 0xDF, 0x0D, 0x30, 0xC2, 0x10, 0x84, 0xFC, 0x3E,
    0xFE, 0x15, 0xF0, 0x12, 0xF8, 0x0B, 0x38, 0xA5, 0xB4, 0xB0, 0x63, 0x2C, 0xD4, 0xD9, 0x64, 0xB7,
    0x50, 0x3B, 0x9F, 0x53, 0xBA, 0xDE, 0xDA, 0x07, 0xAD, 0x8E, 0xD9, 0xAA, 0x09, 0x55, 0xE1, 0xE7,
    0x94, 0xB2, 0x7C, 0xF0, 0x3E, 0x02, 0x4E, 0x8B, 0x77, 0xE7, 0x29, 0xE6, 0x12, 0x63, 0x46, 0x30,
    0xAF, 0xF6, 0x35, 0x93, 0xF0, 0x6A, 0x9D, 0xC1, 0x7A, 0x59, 0xAE, 0x14, 0xF1, 0x60, 0xEA, 0x71,
    0xA1, 0xEE, 0xB2, 0xA3, 0x1B, 0xB5, 0x97, 0xF0, 0x81, 0x1C, 0x60, 0x67, 0x87, 0x20, 0x1E, 0x31,
    0xCA, 0x27, 0x09, 0x2C, 0x6E, 0xC1, 0x23, 0xAE, 0x15, 0xD4, 0x6E, 0xD1, 0xB0, 0x4B, 0x5E, 0x5F,
    0x24, 0x88, 0x36, 0x57, 0xC8, 0x29, 0xD2, 0x2E, 0x8F, 0xAC, 0x36, 0xBC, 0x98, 0x80, 0x79, 0xFF,
    0x00, 0x9A, 0x42, 0xAF, 0x6F, 0xA1, 0x36, 0xC0, 0xED, 0x6F, 0x85, 0x1C, 0xC7, 0xED, 0xCD, 0x52,
    0xE6, 0x70, 0x7B, 0x03, 0xE5, 0x2A, 0x6E, 0xAF, 0x1B, 0xA6, 0x66, 0x5E, 0x31, 0x24, 0x4A, 0x79,
    0x05, 0x2A, 0x35, 0xDE, 0x96, 0x3D, 0xE6, 0x6A, 0x45, 0xC2, 0x74, 0xCD, 0x2B, 0xE2, 0xC7, 0x69,
    0x1D, 0x45, 0xF4, 0x6B, 0xBD, 0x85, 0xFF, 0xD1, 0x5B, 0x50, 0xEB, 0xCD, 0x1B, 0xD2, 0x66, 0x6E,
    0x7A, 0x86, 0x46, 0x53, 0x3B, 0x15, 0xAD, 0x06, 0x8C, 0x36, 0x66, 0xA1, 0x96, 0x99, 0xFE, 0x8A,
    0x37, 0xD6, 0x48, 0x05, 0x01, 0x83, 0x7E, 0x58, 0x90, 0xBE, 0x55, 0x91, 0xBE, 0x31, 0x20, 0x7D,
    0xAD, 0x26, 0x2D, 0x72, 0xA5, 0x49, 0x4A, 0x1A, 0x15, 0xA4, 0x81, 0x99, 0xD3, 0xC9, 0x49, 0x65,
    0xA4, 0x34, 0x57, 0x9A, 0xDC, 0xD0, 0x9A, 0x41, 0x11, 0xDF, 0x57, 0xEA, 0x4E, 0xD0, 0x9F, 0x55,
    0xEF, 0x12, 0x2C, 0x41, 0x58, 0x30, 0xCE, 0x10, 0x21, 0x25, 0x59, 0x85, 0x40, 0xE0, 0xBE, 0x28,
    0x81, 0x10, 0xB6, 0x70, 0xC1, 0xE7, 0x80, 0x69, 0xF4, 0xE0, 0xBA, 0x4D, 0xB5, 0xBA, 0xEA, 0xC5,
    0x1A, 0xEA, 0x5B, 0x5A, 0xEF, 0xA2, 0xBB, 0x9F, 0xF7, 0xB5, 0xA7, 0x1D, 0x95, 0xA4, 0xAD, 0x07,
    0x63, 0x36, 0x3B, 0xB3, 0x5D, 0x45, 0x7A, 0x5C, 0xD1, 0xAE, 0xDE, 0x34, 0x63, 0x85, 0x4C, 0x45,
    0x8F, 0xBE, 0x1A, 0x4F, 0xBA, 0x27, 0x02, 0x85, 0xFB, 0xC4, 0x22, 0x80, 0xF5, 0xC0, 0xD7, 0x58,
    0xB4, 0x02, 0xF4, 0xBA, 0x70, 0x90, 0x8D, 0xA8, 0xB9, 0x59, 0xCC, 0x72, 0x75, 0xC7, 0x71, 0xBB,
    0x63, 0x6C, 0x11, 0xAE, 0x02, 0x4F, 0x21, 0x8F, 0x66, 0xD7, 0x8E, 0x47, 0xED, 0x8E, 0x89, 0x4A,
    0xBD, 0x7D, 0x76, 0xBC, 0x7B, 0xDF, 0xB6, 0x4F, 0x57, 0x23, 0x93, 0x1D, 0x1B, 0x4F, 0xF6, 0xED,
    0xE9, 0xBE, 0x99, 0x94, 0x59, 0x38, 0x8B, 0x6F, 0x8F, 0x94, 0x87, 0x6A, 0x1A, 0xC2, 0x5A, 0x1A,
    0xA7, 0x3B, 0x99, 0x80, 0x3F, 0x7C, 0x88, 0xE0, 0xDA, 0x0C, 0xDB, 0x92, 0xB3, 0x8D, 0xD1, 0x0B,
    0x3B, 0x31, 0x7A, 0x5F, 0xE1, 0x10, 0xE4, 0x13, 0xC6, 0xE8, 0x7A, 0x22, 0x97, 0x05, 0x16, 0xC9,
    0x8E, 0x06, 0x27, 0x1D, 0xBB, 0x2C, 0xB6, 0x4B, 0x4B, 0x54, 0x92, 0x3A, 0x0C, 0x1E, 0x33, 0x4E,
    0xC3, 0x4D, 0x48, 0x08, 0xE5, 0x7C, 0x3C, 0x16, 0x77, 0x7C, 0xAD, 0x62, 0xF0, 0xE6, 0x4B, 0xD4,
    0x05, 0xC8, 0x6D, 0x9D, 0xCB, 0x4C, 0xF1, 0x92, 0xD2, 0x9E, 0x28, 0x04, 0x98, 0xDE, 0x41, 0x3D,
    0x81, 0xA2, 0x09, 0x72, 0xA3, 0x8F, 0xF1, 0xA9, 0x7A, 0x57, 0x8D, 0x4C, 0xB7, 0x86, 0x44, 0x6A,
    0x64, 0xCF, 0xC3, 0x3E, 0xD2, 0x82, 0xDE, 0xFB, 0x79, 0xE6, 0xE6, 0x43, 0x8D, 0x84, 0xC3, 0xAD,
    0x27, 0x46, 0x4F, 0x0C, 0xC9, 0xCD, 0x0E, 0xB9, 0x7E, 0x19, 0xE4, 0x27, 0x9F, 0x89, 0xF4, 0xFF,
    0x1B, 0x79, 0x66, 0xAC, 0x16, 0x65, 0x6C, 0x5C, 0x30, 0x0B, 0x40, 0x69, 0x78, 0x97, 0x51, 0xEF,
    0xFA, 0xB2, 0xE8, 0x40, 0xE9, 0x90, 0x99, 0x2C, 0x83, 0x91, 0x61, 0x54, 0x72, 0x99, 0x76, 0xBF,
    0xCB, 0x2C, 0x2C, 0xA2, 0x67, 0xD9, 0xC2, 0xC1, 0xF2, 0xD0, 0xD9, 0xCE, 0xEE, 0xB7, 0x3C, 0x9C,
    0xD5, 0xB1, 0xEB, 0x93, 0x51, 0x35, 0x8B, 0x6F, 0x98, 0x0C, 0x53, 0xEF, 0x9E, 0x3A, 0x27, 0xCA,
    0x57, 0xDA, 0x48, 0x16, 0xA8, 0x29, 0xE8, 0x21, 0x43, 0x79, 0x5C, 0x73, 0xC9, 0x39, 0xB5, 0x64,
    0x52, 0x77, 0xB0, 0xCE, 0xF9, 0x6B, 0xCD, 0x10, 0x47, 0x6A, 0x47, 0xB9, 0xCD, 0x1C, 0x6D, 0x16,
    0xA9, 0x19, 0x65, 0x64, 0xB3, 0x4B, 0x69, 0x11, 0x1F, 0x17, 0x3C, 0x80, 0xD7, 0x66, 0x1B, 0x78,
    0x0A, 0x3A, 0x24, 0xAE, 0x0C, 0x3E, 0x10, 0x0C, 0x79, 0x28, 0x53, 0xCB, 0xD1, 0x9A, 0x23, 0x46,
    0x72, 0x7C, 0xC4, 0x8C, 0xBB, 0x2F, 0x27, 0xBB, 0x3C, 0x08, 0x48, 0x88, 0x7F, 0x73, 0xBC, 0x5F,
    0x8A, 0x81, 0x3C, 0x30, 0x9A, 0xB5, 0x28, 0xBB, 0x84, 0x25, 0xB2, 0x2A, 0x2C, 0x90, 0xD2, 0x86,
    0xAF, 0x95, 0x41, 0x09, 0x66, 0xC2, 0x77, 0x0A, 0xFF, 0x3D, 0x46, 0x9D, 0x7F, 0x66, 0xDE, 0xC7,
    0x2C, 0xE8, 0xEE, 0xA4, 0xEE, 0x1D, 0x2D, 0x3B, 0x61, 0x29, 0x60, 0xCA, 0x1D, 0xEB, 0x21, 0x91,
    0x26, 0xC4, 0x79, 0xAB, 0xAE, 0x1E, 0xEF, 0xD7, 0x6D, 0xBE, 0xCE, 0xB3, 0x86, 0x93, 0xD3, 0x08,
    0x35, 0x06, 0xAB, 0x1C, 0x42, 0x79, 0x34, 0xBA, 0x91, 0x9E, 0x9E, 0xA5, 0x24, 0x25, 0x65, 0x10,
    0x1A, 0xE6, 0xD2, 0xC1, 0x80, 0xBB, 0xF7, 0xC6, 0x9A, 0x89, 0x34, 0xEA, 0x3F, 0x96, 0xF6, 0x54,
    0x12, 0x4C, 0x83, 0xC5, 0x7D, 0x8B, 0x72, 0xF2, 0x1F, 0xA3, 0x2B, 0x85, 0x84, 0x7D, 0x6C, 0x89,
    0xFA, 0x39, 0xAB, 0xA5, 0x88, 0xA1, 0xD0, 0xA0, 0x04, 0x54, 0x28, 0x58, 0x4E, 0x23, 0xD4, 0x54,
    0x60, 0x1D, 0x4A, 0x0B, 0x22, 0x42, 0xEE, 0x84, 0x5A, 0x91, 0x3A, 0x3B, 0x4A, 0x45, 0x1F, 0x23,
    0xD7, 0x67, 0x59, 0xF0, 0x3C, 0xCB, 0x6A, 0x8E, 0xB5, 0xF0, 0xDB, 0x58, 0xCE, 0xFF, 0x24, 0xD3,
    0xAD, 0xB6, 0x15, 0xD5, 0x3D, 0x58, 0xEA, 0xC3, 0xE3, 0x97, 0x98, 0xAC, 0xD7, 0xEA, 0x17, 0x32,
    0x9A, 0x9F, 0x1F, 0x23, 0x73, 0xC2, 0x2A, 0x03, 0x1A, 0x89, 0x26, 0x93, 0x97, 0x35, 0xAB, 0x57,
    0x0C, 0xB5, 0x29, 0xAF, 0x96, 0x00, 0xAC, 0x09, 0x18, 0x76, 0x2D, 0x56, 0x28, 0x6C, 0xF4, 0x26,
    0x2F, 0xDD, 0xF6, 0xA5, 0x8F, 0x62, 0x1B, 0xA1, 0x30, 0xCE, 0xB4, 0x18, 0x06, 0x69, 0x56, 0xA7,
    0xF1, 0x70, 0x38, 0x5E, 0xA9, 0xE5, 0xB0, 0x7F, 0xCD, 0x60, 0xF5, 0xCA, 0xD3, 0x7A, 0x5A, 0xB2,
    0xA8, 0xA5, 0xF9, 0x29, 0x3D, 0x73, 0xB3, 0x47, 0x4A, 0x50, 0x11, 0xD3, 0xD4, 0x42, 0xED, 0x58,
    0x4F, 0x28, 0xF7, 0xE9, 0x87, 0xD2, 0x7E, 0xDA, 0xCF, 0xA9, 0x76, 0xF5, 0x9B, 0x6B, 0xEA, 0x67,
    0x0E, 0xCF, 0x4F, 0xDD, 0xD4, 0xAB, 0x57, 0xB4, 0xFE, 0xA3, 0xD5, 0xBF, 0x8A, 0xB0, 0x62, 0x78,
    0x58, 0xB7, 0x84, 0x9C, 0xF7, 0x9C, 0xB0, 0xC8, 0x3B, 0x87, 0x6F, 0x5F, 0x15, 0x77, 0xA7, 0x6A,
    0xB5, 0xBB, 0x5F, 0xC7, 0xD8, 0x1E, 0xC6, 0xF9, 0x3C, 0x93, 0x7D, 0x90, 0x07, 0x9C, 0xE1, 0x2B,
    0xB5, 0xC6, 0x2C, 0x22, 0xF7, 0x0D, 0xB4, 0x07, 0x15, 0x8F, 0x7B, 0x7A, 0x4A, 0xEC, 0x0F, 0x13,
    0xE8, 0x39, 0xD1, 0x77, 0x23, 0xC5, 0xFC, 0x04, 0x16, 0xD0, 0xA4, 0xC9, 0xD5, 0xCE, 0xBF, 0x83,
    0x61, 0x60, 0x8B, 0xEE, 0x19, 0x3D, 0x7A, 0x20, 0xF9, 0xE6, 0x01, 0x69, 0x4A, 0x0F, 0x68, 0x7C,
    0xE7, 0xF6, 0x90, 0xD9, 0x47, 0x9F, 0x7A, 0x4C, 0xA6, 0xD5, 0x56, 0x58, 0x7C, 0x11, 0x99, 0x00,
    0xFB, 0x08, 0x81, 0x66, 0xF6, 0xCE, 0xED, 0x81, 0xE4, 0x26, 0x27, 0x4C, 0x0C, 0xE1, 0x20, 0x9D,
    0x34, 0x28, 0x79, 0xB0, 0x12, 0x54, 0xE7, 0x11, 0xC8, 0x00, 0xBB, 0xE9, 0x68, 0x72, 0xA6, 0xD3,
    0xA6, 0xDA, 0xFD, 0xD6, 0x40, 0x20, 0xA8, 0xCB, 0xD1, 0xD0, 0x2F, 0x7C, 0xE2, 0x53, 0x6F, 0x30,
    0x29, 0xA6, 0xEF, 0x91, 0xFD, 0xFC, 0x37, 0xB0, 0xAA, 0xED, 0x57, 0xC9, 0x51, 0xD8, 0x46, 0x0F,
    0xAD, 0x82, 0x36, 0x6C, 0xE2, 0x37, 0x09, 0x30, 0x3B, 0x64, 0x63, 0xDA, 0x25, 0xB1, 0x01, 0x0B,
    0xC3, 0xFC, 0xAD, 0x57, 0xB7, 0x52, 0xC9, 0x5F, 0x44, 0xCC, 0xE8, 0x0C, 0xC4, 0xDD, 0xCE, 0xED,
    0xA9, 0x90, 0x9E, 0x10, 0xF2, 0xAC, 0x28, 0xD0, 0x33, 0x21, 0xB8, 0xC2, 0x85, 0x7D, 0x98, 0x7F,
    0x16, 0xCC, 0x97, 0x88, 0x6B, 0x29, 0xCF, 0xE6, 0x14, 0x4D, 0xA2, 0xBC, 0x90, 0x65, 0x24, 0x13,
    0xB5, 0x35, 0x7C, 0x7A, 0xC6, 0x24, 0xFD, 0x65, 0x04, 0x78, 0x72, 0xEB, 0xC2, 0xA1, 0xD3, 0x66,
    0xC4, 0x0B, 0x9B, 0x26, 0xE4, 0x2B, 0x27, 0xFD, 0xED, 0xA6, 0x86, 0xFB, 0xFC, 0x3E, 0xE6, 0xB9,
    0x4F, 0x1A, 0x15, 0xF6, 0x3C, 0x29, 0x2A, 0x78, 0xB6, 0xC4, 0x6F, 0x7E, 0x85, 0x08, 0xD7, 0xC0,
    0x5D, 0x7F, 0xA1, 0x87, 0xDA, 0x12, 0xAE, 0x30, 0x2E, 0x32, 0x82, 0x36, 0x26, 0x80, 0xED, 0x9C,
    0x6F, 0xE3, 0x20, 0xD8, 0x1B, 0x8E, 0xC4, 0x19, 0xE4, 0x48, 0x33, 0xE2, 0xCD, 0x3C, 0x6D, 0x0F,
    0x2C, 0x44, 0x66, 0xE9, 0xC0, 0x9A, 0x93, 0x74, 0x8A, 0x89, 0x3F, 0xEF, 0x4F, 0x3A, 0xC8, 0xC8,
    0xDE, 0x04, 0x54, 0x84, 0x1F, 0x7C, 0x7B, 0xC4, 0x74, 0xBA, 0xCF, 0x17, 0x3D, 0x92, 0xE4, 0x9E,
    0x49, 0xE7, 0xD6, 0x91, 0x1C, 0x35, 0x3F, 0x02, 0x92, 0x5F, 0x86, 0x26, 0x34, 0xFE, 0xE4, 0xC0,
    0x27, 0x0D, 0x8A, 0xBC, 0x40, 0xA4, 0xDA, 0xF7, 0xAF, 0x73, 0x0B, 0xE6, 0xC2, 0xF4, 0x48, 0xD3,
    0xF8, 0xE9, 0x18, 0x7B, 0xD8, 0x0E, 0xA4, 0xC9, 0xF5, 0x3A, 0x5C, 0xD1, 0x53, 0xF1, 0x48, 0xC6,
    0x2F, 0x92, 0xC7, 0xD3, 0x1E, 0x32, 0x25, 0x80, 0xC1, 0xD3, 0x14, 0x01, 0x2D, 0x4D, 0x93, 0x75,
    0xFF, 0x00, 0x37, 0x4A, 0x50, 0x2E, 0x99, 0x59, 0xD6, 0x5B, 0x5A, 0x1D, 0x87, 0x6D, 0x60, 0xF4,
    0x18, 0x13, 0xBC, 0x8F, 0x99, 0x86, 0xDC, 0x65, 0x3D, 0x52, 0x33, 0xB9, 0x1F, 0x24, 0x2C, 0xA9,
    0x22, 0xED, 0xA7, 0x07, 0x13, 0xCC, 0x85, 0x00, 0xB2, 0x0B, 0x5B, 0xD2, 0x5C, 0xE0, 0x01, 0x88,
    0xA1, 0x07, 0x34, 0xE6, 0xA2, 0xF1, 0xEE, 0xE9, 0x6F, 0x61, 0xAB, 0x69, 0x66, 0xB2, 0x3C, 0x43,
    0xC8, 0xEC, 0xBD, 0xD9, 0x98, 0x1C, 0xE1, 0xE2, 0x83, 0xC7, 0xEE, 0x96, 0x79, 0x1A, 0x1A, 0x58,
    0x64, 0x0C, 0xBB, 0xC0, 0xE4, 0x11, 0xD1, 0xF7, 0xFF, 0xB9, 0x75, 0x6E, 0xCD, 0x8C, 0x2F, 0x74,
    0x6E, 0xAA, 0xB2, 0xB8, 0x1E, 0xD4, 0xDF, 0xA3, 0xFA, 0x9B, 0x0F, 0xBE, 0xFB, 0x25, 0xA8, 0x5F,
    0x3A, 0x37, 0xC5, 0xDB, 0xA2, 0xEF, 0x05, 0xAC, 0x5E, 0x4C, 0x17, 0xDE, 0x43, 0x3B, 0x1D, 0x59,
    0x5B, 0x9D, 0x36, 0x3E, 0xEB, 0x22, 0x87, 0x63, 0x1F, 0xF6, 0xE5, 0x18, 0x8E, 0x75, 0x2B, 0xA0,
    0x4F, 0x4E, 0x1C, 0x02, 0x4B, 0xA3, 0x7D, 0x92, 0xC9, 0xCF, 0x4D, 0x4E, 0xB5, 0x4B, 0xC2, 0xD4,
    0x09, 0xC3, 0xEE, 0xBE, 0x02, 0x5D, 0x7C, 0x94, 0x67, 0xF7, 0x9E, 0xB9, 0xE7, 0x08, 0xB9, 0xFE,
    0xF6, 0x5F, 0x5A, 0x30, 0x39, 0x24, 0x06, 0xF9, 0x1C, 0x16, 0x21, 0xAE, 0x6E, 0xFF, 0x95, 0x70,
    0xF6, 0xC2, 0xC1, 0x75, 0x65, 0x67, 0xB2, 0xF2, 0xE5, 0x38, 0x9B, 0x35, 0x4D, 0xD9, 0xFB, 0xA4,
    0x29, 0x3B, 0x77, 0xC2, 0x4C, 0x8B, 0xC7, 0xE1, 0x5E, 0xBC, 0xD9, 0xAF, 0xF9, 0x5B, 0x8C, 0xEF,
    0x4C, 0x8F, 0x57, 0xE2, 0xF7, 0x21, 0xC9, 0x1B, 0xB5, 0x2C, 0x8D, 0xE4, 0x11, 0xFE, 0x50, 0x86,
    0x1A, 0xA8, 0x29, 0x5D, 0xE4, 0xF7, 0xB3, 0x3C, 0xFA, 0xA8, 0x08, 0xC7, 0xB8, 0x36, 0xC6, 0x57,
    0x07, 0xB3, 0x78, 0x7D, 0x59, 0x7F, 0x97, 0x31, 0xFA, 0xFB, 0x13, 0x13, 0x59, 0xB3, 0xF0, 0xE9,
    0x85, 0x83, 0xBD, 0x0A, 0x80, 0x3A, 0x5E, 0xD3, 0x03, 0x5E, 0x4A, 0xCD, 0xB8, 0x39, 0x50, 0x9D,
    0x35, 0xEE, 0xEE, 0x84, 0xFF, 0x40, 0x32, 0xB0, 0xEA, 0x69, 0xC4, 0x1D, 0xCD, 0x42, 0xDB, 0xCD,
    0x18, 0xEE, 0x19, 0x57, 0xB1, 0xA1, 0xE1, 0x74, 0x36, 0x67, 0xB6, 0xC2, 0x52, 0xD6, 0x20, 0xC9,
    0x0A, 0x4E, 0x54, 0xBA, 0x03, 0x17, 0xE6, 0xEA, 0x01, 0x7F, 0x7D, 0x14, 0x4A, 0x40, 0xC0, 0xE4,
    0x01, 0x04, 0xA5, 0x1F, 0x01, 0xAF, 0xFE, 0x60, 0x0F, 0x7B, 0xFD, 0xF6, 0x1C, 0xC2, 0x29, 0x85,
    0xE3, 0xDF, 0x68, 0x8A, 0xCE, 0xD6, 0xCC, 0xF8, 0x5B, 0x7D, 0x04, 0x2B, 0x61, 0x41, 0xEB, 0xF3,
    0xBC, 0xEE, 0x2C, 0xCF, 0x9D, 0xC6, 0x48, 0xFE, 0x9C, 0xA1, 0xF7, 0x5B, 0xFE, 0x24, 0x55, 0xFB,
    0x61, 0x8A, 0x41, 0x1B, 0x41, 0xF8, 0x3C, 0x7F, 0x73, 0x38, 0xEA, 0xBF, 0xCE, 0xC4, 0xF8, 0x98,
    0xF7, 0x0E, 0x43, 0xDE, 0xCF, 0x91, 0x55, 0x62, 0x81, 0x75, 0xE7, 0xAE, 0xE8, 0x31, 0xF3, 0xD8,
    0x1E, 0xB4, 0xB2, 0x00, 0x03, 0xA6, 0x2C, 0x89, 0xFE, 0x1A, 0x7B, 0x56, 0x74, 0x3D, 0xC1, 0x6A,
    0x5B, 0xD8, 0x12, 0xD3, 0x8D, 0x9A, 0xD9, 0x75, 0x8F, 0x28, 0x1D, 0xFF, 0x98, 0x88, 0x3A, 0x4D,
    0xA2, 0x34, 0x9D, 0x0A, 0x18, 0x6E, 0x4E, 0xB1, 0x7E, 0x5B, 0x9C, 0x1C, 0x28, 0xB2, 0xB4, 0x96,
    0xA7, 0xDE, 0x9D, 0xDD, 0x4A, 0xF9, 0x83, 0x50, 0xC1, 0xF9, 0x8A, 0xE8, 0x96, 0xD3, 0x45, 0xB8,
    0x55, 0xCE, 0x91, 0xBA, 0x40, 0x62, 0x3C, 0x47, 0xD4, 0xE9, 0x99, 0xFA, 0xDC, 0xE0, 0x1A, 0x5D,
    0x26, 0xAC, 0x09, 0xF3, 0xD5, 0xE8, 0xFB, 0x5C, 0xE8, 0x8F, 0x93, 0xE9, 0xF5, 0x70, 0x5C, 0x57,
    0x73, 0x34, 0x73, 0xAF, 0x2C, 0xAF, 0xC2, 0x5F, 0xE7, 0x6C, 0xFC, 0xE8, 0x9E, 0x20, 0x02, 0xB2,
    0x6F, 0x6E, 0x26, 0x89, 0x3C, 0x73, 0x96, 0xAD, 0xF9, 0x5E, 0x41, 0xBD, 0xD0, 0xC6, 0x0D, 0x7F,
    0xEC, 0x20, 0xE3, 0x93, 0x1F, 0x60, 0xEC, 0x71, 0x19, 0x79, 0x01, 0x67, 0x6E, 0x01, 0x37, 0xD3,
    0x13, 0x89, 0xFE, 0xFC, 0x02, 0x13, 0x9E, 0x82, 0xF0, 0x3A, 0x4E, 0x79, 0xAE, 0x57, 0xEC, 0x24,
    0x69, 0x3B, 0xF9, 0x97, 0x5E, 0x78, 0x82, 0xB5, 0xBA, 0x7A, 0x56, 0xB4, 0xFB, 0x55, 0xFB, 0xCB,
    0x60, 0x39, 0x19, 0x5B, 0x6A, 0x94, 0x45, 0xAD, 0x71, 0x64, 0xC5, 0x1C, 0xF4, 0x81, 0x5B, 0xCF,
    0x1A, 0x4D, 0xED, 0x97, 0x76, 0xFD, 0xE0, 0xB8, 0xBE, 0x67, 0x5D, 0x3E, 0xC1, 0xC2, 0x10, 0xE8,
    0xB9, 0xBD, 0xAF, 0x6C, 0xF6, 0x38, 0x1D, 0xB8, 0xC4, 0x3A, 0xBD, 0x57, 0xC9, 0x4F, 0x6D, 0xD8,
    0x89, 0x8D, 0xAC, 0x2D, 0x2F, 0x8B, 0x31, 0xC1, 0x8B, 0x55, 0xA5, 0x95, 0xC5, 0x7D, 0xF2, 0x5F,
    0xCD, 0x5A, 0x4F, 0x6C, 0x1C, 0x57, 0x19, 0xFF, 0x66, 0x26, 0xF1, 0xB4, 0x99, 0xD4, 0x93, 0x43,
    0x81, 0xD2, 0xA4, 0xDE, 0x1C, 0x7A, 0xA8, 0x54, 0xC7, 0x1B, 0x44, 0x24, 0x7C, 0xB0, 0x3D, 0x03,
    0x95, 0xCA, 0x01, 0x09, 0x72, 0xE8, 0x2A, 0x87, 0x1C, 0x72, 0xE1, 0x82, 0x22, 0x58, 0x57, 0x44,
    0xAA, 0x25, 0x62, 0xEF, 0x20, 0x0E, 0x95, 0xB8, 0xD4, 0x48, 0xED, 0x85, 0x1E, 0x5A, 0x21, 0x71,
    0x49, 0x84, 0x62, 0x89, 0x08, 0x05, 0xC9, 0xF6, 0x4C, 0xD4, 0x03, 0x47, 0xA6, 0x2A, 0x55, 0x0F,
    0x08, 0x31, 0xA8, 0x09, 0x22, 0x1C, 0xE0, 0x21, 0x36, 0x65, 0xED, 0xCC, 0xEE, 0xF0, 0xFB, 0x7D,
    0x6F, 0xBC, 0x5E, 0x3B, 0xCE, 0x9F, 0x36, 0x29, 0x78, 0x3C, 0xF3, 0x3D, 0xEF, 0xEC, 0xCC, 0xF7,
    0xEF, 0x7D, 0x7F, 0xDF, 0xDB, 0xC5, 0xAA, 0x5A, 0x14, 0x91, 0x17, 0xA6, 0x67, 0x70, 0x2C, 0x2E,
    0xAE, 0xAF, 0x57, 0x15, 0xEF, 0x78, 0xB8, 0xB7, 0x75, 0x35, 0x6F, 0x88, 0x5B, 0xA5, 0x12, 0xBE,
    0xD7, 0x48, 0x9A, 0x2F, 0x85, 0x59, 0xE4, 0x05, 0xF9, 0x9A, 0xE7, 0xC4, 0x7D, 0x7C, 0x57, 0xD6,
    0x57, 0xBF, 0xBE, 0x52, 0x5C, 0xD1, 0x4B, 0x92, 0x37, 0x3F, 0xF0, 0xB2, 0xB0, 0x4A, 0x63, 0xB7,
    0x2A, 0x45, 0xBE, 0x14, 0xCB, 0x0E, 0x7C, 0x8D, 0xAE, 0xC8, 0xA0, 0x2D, 0x9E, 0x09, 0xB3, 0x20,
    0x0F, 0xF2, 0x30, 0xF3, 0x8B, 0x30, 0x73, 0x31, 0x8A, 0xF0, 0x0A, 0x70, 0xF9, 0x39, 0x1E, 0x2D,
    0x44, 0xC0, 0x8B, 0xB4, 0x6E, 0xB7, 0x44, 0x8C, 0xE8, 0xE5, 0xE0, 0x9E, 0xCB, 0xEF, 0xF8, 0x2C,
    0x6E, 0x45, 0x55, 0x65, 0xAA, 0xFA, 0xBA, 0x2A, 0xB2, 0x00, 0x6A, 0xE5, 0x54, 0xFB, 0xE3, 0xC2,
    0xDF, 0x48, 0xC5, 0xCF, 0x42, 0x09, 0x62, 0x3F, 0x09, 0xF1, 0x74, 0x7D, 0x25, 0xF8, 0x14, 0x7B,
    0x37, 0x3A, 0x12, 0xA6, 0x77, 0xB2, 0x45, 0xC7, 0xE9, 0xF2, 0xF9, 0x15, 0x91, 0xE9, 0xAA, 0xF2,
    0xAA, 0xEC, 0xDC, 0x6D, 0xE7, 0xFB, 0xB1, 0x6F, 0xE4, 0x79, 0xF1, 0xBA, 0x72, 0x52, 0x9C, 0x52,
    0x96, 0x21, 0x95, 0x80, 0xD4, 0x92, 0x9B, 0x80, 0x96, 0xEA, 0xE2, 0xA7, 0x00, 0xE1, 0x9F, 0x44,
    0x0E, 0x5D, 0x19, 0x5C, 0x92, 0x90, 0xFC, 0x41, 0x10, 0xD9, 0x02, 0x90, 0x4C, 0xEF, 0x1D, 0x3C,
    0x43, 0xA6, 0xB7, 0xBF, 0x38, 0xBB, 0x71, 0x9A, 0xC2, 0x18, 0x31, 0x3B, 0x0E, 0xA1, 0x54, 0xBB,
    0x6E, 0xA5, 0x85, 0x78, 0x1B, 0x7D, 0x09, 0x12, 0x70, 0x29, 0x11, 0xB8, 0xC7, 0x1F, 0xA8, 0x87,
    0x90, 0xDC, 0xEB, 0x43, 0x33, 0x55, 0x2E, 0x53, 0xCD, 0x52, 0x16, 0xDC, 0x0A, 0x0A, 0x69, 0x66,
    0x5D, 0xE8, 0xAB, 0x84, 0x74, 0x69, 0xEC, 0x65, 0x51, 0xCF, 0x4F, 0x82, 0xEA, 0x1D, 0x4C, 0x43,
    0x0F, 0x6A, 0x84, 0x6C, 0xB2, 0x4E, 0x96, 0xE5, 0xCB, 0xC4, 0x14, 0xE3, 0xCA, 0xA6, 0xA4, 0xF1,
    0xFE, 0x2A, 0x66, 0x13, 0xC8, 0x9E, 0x16, 0x59, 0x74, 0xBA, 0x95, 0x57, 0xE2, 0xC4, 0x3F, 0x62,
    0x0F, 0xA7, 0x1A, 0xF0, 0x95, 0x9B, 0x6D, 0x3C, 0x01, 0x24, 0xAB, 0xE2, 0x41, 0xDB, 0x0D, 0xD5,
    0xB5, 0x97, 0x9D, 0x90, 0x66, 0xCF, 0x29, 0x66, 0xA4, 0xFF, 0x03, 0x31, 0x17, 0xBC, 0x7C, 0x5C,
    0x2E, 0xAC, 0xF8, 0xC9, 0x21, 0x99, 0x36, 0x21, 0x66, 0x78, 0xC6, 0xF0, 0xA1, 0x3D, 0xE0, 0x4A,
    0x90, 0x8C, 0xC9, 0xF4, 0x05, 0x2F, 0x3B, 0x24, 0x17, 0x66, 0x9C, 0xDE, 0x84, 0x98, 0x13, 0x12,
    0xF5, 0x9D, 0x22, 0x14, 0x07, 0x3C, 0x5B, 0xFC, 0x0E, 0x68, 0xAD, 0x81, 0xEE, 0x9B, 0x67, 0x39,
    0xC1, 0xCA, 0x83, 0x1E, 0x41, 0x4F, 0x66, 0xDA, 0xD2, 0x0B, 0x65, 0x05, 0x24, 0x9A, 0x71, 0xF0,
    0x4E, 0x7C, 0x31, 0x8C, 0xBB, 0x7A, 0xAE, 0xB5, 0x97, 0x9B, 0xAF, 0x17, 0xF2, 0x84, 0x1C, 0x97,
    0x19, 0x98, 0x85, 0x09, 0x32, 0x3F, 0x6F, 0x4A, 0x23, 0x2E, 0x65, 0x1D, 0x2A, 0x2F, 0x83, 0x5C,
    0x4A, 0xCC, 0x65, 0x04, 0xCC, 0x41, 0xB6, 0x24, 0x6E, 0x01, 0x04, 0xD7, 0x40, 0xEC, 0x98, 0xAC,
    0x6C, 0x21, 0x97, 0x94, 0x53, 0xF5, 0x85, 0x56, 0xEB, 0x1C, 0x3F, 0x84, 0xF7, 0x02, 0x07, 0x45,
    0xED, 0xB0, 0xB2, 0xEA, 0xC9, 0x25, 0x7C, 0x6B, 0x55, 0x26, 0x65, 0x5C, 0x5E, 0xAD, 0x5E, 0x8A,
    0x97, 0x5F, 0xBB, 0x9E, 0x64, 0x5F, 0x4D, 0xB2, 0x6C, 0x4E, 0xB2, 0xEC, 0x6B, 0x49, 0xB6, 0xFC,
    0x95, 0xEB, 0xC9, 0xFC, 0xD5, 0x8F, 0xE3, 0x69, 0x09, 0x24, 0xFC, 0x59, 0xAD, 0xE9, 0x03, 0xA2,
    0x18, 0x5A, 0xB0, 0x08, 0xF1, 0x4B, 0x99, 0x38, 0x27, 0xD3, 0x5E, 0x72, 0xD2, 0xC9, 0x70, 0x9E,
    0x72, 0xB3, 0x89, 0x20, 0x0E, 0x30, 0xAF, 0xA7, 0xAD, 0x51, 0xDF, 0xE3, 0x22, 0xFD, 0xD6, 0x99,
    0x0F, 0x5B, 0xF7, 0x7C, 0x06, 0x47, 0x0B, 0x07, 0x9F, 0x73, 0x07, 0x32, 0xD1, 0x48, 0x66, 0xFD,
    0x6C, 0x06, 0xE2, 0xE2, 0x3B, 0x3F, 0x83, 0x1B, 0xC8, 0x04, 0xAC, 0x9C, 0x2E, 0x84, 0x1B, 0x21,
    0xFD, 0xC6, 0xE0, 0x74, 0xFB, 0x12, 0x36, 0x92, 0x29, 0x2F, 0x3B, 0x66, 0x9F, 0x0C, 0x63, 0xBC,
    0x2B, 0x47, 0x33, 0x68, 0x4B, 0x1C, 0x33, 0x83, 0xD3, 0x2B, 0xA6, 0x8E, 0x66, 0x3E, 0x6E, 0x2E,
    0xC0, 0xCD, 0xBB, 0x7E, 0x1E, 0xC6, 0x93, 0x72, 0x44, 0xC6, 0x44, 0xBE, 0x2B, 0x91, 0x78, 0x3D,
    0x82, 0xEE, 0x4E, 0x60, 0xEE, 0x07, 0x38, 0x21, 0x71, 0x08, 0x90, 0x4F, 0x01, 0x54, 0x9F, 0xF4,
    0x92, 0xD9, 0xAA, 0xA8, 0xB2, 0xD9, 0x66, 0xB2, 0x2E, 0xB3, 0x94, 0x61, 0x8E, 0x60, 0x89, 0xA0,
    0x33, 0x04, 0xDF, 0x53, 0xE9, 0xC6, 0x2A, 0xA8, 0x32, 0xFD, 0x64, 0x10, 0xFB, 0x95, 0x29, 0xA5,
    0x41, 0x10, 0x11, 0x74, 0x08, 0xAA, 0x7B, 0x81, 0xCE, 0xF0, 0x39, 0x7D, 0x43, 0xDF, 0x15, 0x05,
    0x63, 0x04, 0xF0, 0xFE, 0x87, 0x06, 0x53, 0x92, 0x26, 0x55, 0x96, 0x26, 0x53, 0x98, 0xCF, 0xC3,
    0xF8, 0x0B, 0x33, 0x07, 0xEE, 0xFC, 0x45, 0x93, 0xC2, 0x39, 0x25, 0x6E, 0xE6, 0x3F, 0xCA, 0xBD,
    0xBB, 0xFE, 0xFC, 0x1B, 0x3A, 0x1D, 0x8D, 0x6F, 0xE6, 0x33, 0x62, 0xAE, 0xC9, 0xB5, 0xAE, 0x5C,
    0xB4, 0x27, 0xFE, 0xC7, 0x1D, 0xDC, 0xC7, 0xB7, 0xC7, 0x9D, 0x58, 0x2D, 0xB8, 0x21, 0xD7, 0x10,
    0xF7, 0xE6, 0xC4, 0xED, 0x22, 0x0A, 0xD2, 0x86, 0x69, 0xBB, 0x1D, 0xB7, 0x4B, 0x5B, 0xF6, 0x8A,
    0x46, 0x1C, 0x26, 0x17, 0xA1, 0x24, 0x23, 0x17, 0x5C, 0x3B, 0xDF, 0x63, 0x1C, 0x62, 0x49, 0x69,
    0x01, 0x89, 0x1A, 0x41, 0x60, 0x6D, 0xE1, 0x39, 0x3B, 0x4C, 0xDB, 0x61, 0x45, 0x07, 0xC7, 0xDA,
    0x09, 0x1E, 0xAC, 0x2D, 0x80, 0xC3, 0xA4, 0xCC, 0x70, 0x38, 0x65, 0xDD, 0xBC, 0x70, 0xA9, 0x34,
    0x37, 0xF3, 0x67, 0x68, 0xA7, 0xF1, 0x61, 0x0E, 0xE3, 0x72, 0x8A, 0xC3, 0xA4, 0xBC, 0xCB, 0x61,
    0xDE, 0xC9, 0x2E, 0x62, 0xC8, 0xBD, 0xAA, 0x22, 0x2A, 0xA7, 0xB5, 0x18, 0x93, 0x26, 0xB0, 0x90,
    0x26, 0x87, 0x69, 0x3B, 0x9C, 0x94, 0xBB, 0x8F, 0xCF, 0xC4, 0x6E, 0xBC, 0x83, 0x5D, 0x18, 0x22,
    0x86, 0x0B, 0x53, 0x6D, 0xC4, 0x0D, 0x29, 0x60, 0xE1, 0xE9, 0xC0, 0x85, 0x95, 0x67, 0xAD, 0x96,
    0x1F, 0xD3, 0xCC, 0xC1, 0x2E, 0x4D, 0x9D, 0x1C, 0x8C, 0x93, 0x5D, 0xCB, 0x4F, 0xAE, 0x99, 0x83,
    0x34, 0x13, 0xA5, 0x49, 0x6C, 0xCF, 0xA9, 0x0B, 0xF0, 0x6B, 0x0E, 0xC7, 0x47, 0xF9, 0xA4, 0xB5,
    0xC3, 0xC6, 0x1B, 0xE7, 0x12, 0xBE, 0x37, 0x05, 0xB4, 0xD0, 0xF7, 0x33, 0xF4, 0x23, 0xCB, 0x0C,
    0x31, 0x37, 0x62, 0xA8, 0x44, 0xE8, 0x2C, 0x17, 0x18, 0xDC, 0xC1, 0x0C, 0x63, 0x43, 0x41, 0xFE,
    0x9F, 0x16, 0xE3, 0x83, 0x04, 0x9C, 0xE7, 0x29, 0x44, 0xDE, 0xB9, 0x20, 0x9F, 0x96, 0x2B, 0x12,
    0x54, 0xF1, 0x8A, 0xF3, 0x06, 0x9C, 0xDC, 0xC9, 0x3D, 0x15, 0x26, 0x79, 0x8A, 0x43, 0x20, 0x2F,
    0x70, 0x38, 0x26, 0xF3, 0x0D, 0x0C, 0xA7, 0x34, 0x41, 0x80, 0x66, 0xEB, 0xDC, 0x69, 0xD2, 0x24,
    0xA3, 0xA4, 0x19, 0x5A, 0x69, 0x30, 0x1C, 0xDE, 0xA1, 0x50, 0x30, 0x11, 0x65, 0x3C, 0xF1, 0xCF,
    0xF0, 0x38, 0xA4, 0x22, 0x42, 0x09, 0xED, 0x38, 0xA8, 0x24, 0xEA, 0x31, 0x03, 0x98, 0xAD, 0x13,
    0xCC, 0xCE, 0x2D, 0x23, 0x41, 0x25, 0x2E, 0xC2, 0x58, 0x27, 0x17, 0xC7, 0x26, 0x53, 0xA1, 0x27,
    0x53, 0x00, 0x1B, 0x76, 0x9B, 0x34, 0xE8, 0xFA, 0x8B, 0xD1, 0x23, 0xD4, 0xFB, 0xA1, 0x1A, 0x5F,
    0x53, 0xBF, 0x8D, 0x28, 0xB6, 0xBC, 0xA6, 0x69, 0xEC, 0xD7, 0x9A, 0x41, 0xFE, 0x42, 0x44, 0x4E,
    0x56, 0xEA, 0x84, 0xF5, 0x09, 0xE3, 0x25, 0x15, 0x34, 0x52, 0x09, 0xA2, 0x98, 0xAA, 0x6F, 0x00,
    0xC5, 0xD4, 0xA5, 0x2B, 0x99, 0xA6, 0xEF, 0x9C, 0x6C, 0x21, 0x2E, 0x60, 0xE2, 0x99, 0x29, 0x0B,
    0x71, 0x7B, 0xE2, 0xE4, 0x4C, 0xBE, 0xD4, 0x66, 0x29, 0xE7, 0x6F, 0xC9, 0xB3, 0xD5, 0x32, 0xA2,
    0x2F, 0x27, 0x4A, 0x6C, 0x94, 0x90, 0xFE, 0x36, 0xD3, 0xA1, 0x72, 0x32, 0x2B, 0xFB, 0x91, 0xDB,
    0x30, 0x1E, 0xD2, 0x75, 0x36, 0x48, 0xCB, 0x4F, 0x38, 0xD1, 0x0E, 0x15, 0xBF, 0xAF, 0xB4, 0xAA,
    0x76, 0xDF, 0x63, 0xA5, 0x33, 0xDE, 0xA6, 0xEB, 0x1D, 0x0B, 0x3E, 0x02, 0x5B, 0xCF, 0x3B, 0x9A,
    0xF3, 0xE0, 0x0C, 0xFB, 0x89, 0xDB, 0x46, 0xCC, 0x7A, 0x35, 0xCA, 0xAA, 0x21, 0xB4, 0x77, 0x76,
    0x1C, 0x13, 0x0A, 0x23, 0x0B, 0x75, 0x16, 0x3A, 0xCA, 0xF9, 0x3F, 0x95, 0xF3, 0x3F, 0x92, 0x73,
    0xE7, 0x3D, 0xAD, 0xCE, 0x2C, 0xFC, 0x06, 0x39, 0x0F, 0x9C, 0x52, 0x39, 0x2C, 0x35, 0xF0, 0xAD,
    0x69, 0xDC, 0x63, 0x06, 0x9A, 0xBB, 0x94, 0x12, 0x41, 0x55, 0x25, 0xE4, 0x90, 0x9C, 0x17, 0x54,
    0x01, 0x38, 0x0C, 0x0A, 0x3A, 0x2A, 0x38, 0x67, 0x74, 0x31, 0xD2, 0xBE, 0x29, 0x67, 0x07, 0x31,
    0xF8, 0x64, 0x7C, 0xAC, 0x0F, 0xEB, 0x4D, 0xBF, 0x51, 0x2D, 0x65, 0x66, 0x1B, 0xFE, 0x42, 0xEF,
    0x44, 0xD9, 0x6E, 0xCE, 0x1B, 0xA3, 0x9C, 0xEB, 0xBB, 0x69, 0xB6, 0xCD, 0xF9, 0x47, 0x7C, 0xCB,
    0x1D, 0xE5, 0xFC, 0xC7, 0x3D, 0xD5, 0xAD, 0xE5, 0x7C, 0x4D, 0x39, 0xA7, 0xB6, 0x4F, 0x28, 0x0A,
    0x70, 0x1E, 0x6F, 0x71, 0x7E, 0x55, 0xA7, 0xCD, 0x08, 0x0A, 0x23, 0x24, 0x1B, 0xBF, 0xA0, 0x87,
    0x7B, 0x5A, 0x0F, 0x20, 0xC5, 0xB4, 0x6F, 0x8D, 0x72, 0xEE, 0xB3, 0x8C, 0xC0, 0x2B, 0x4E, 0x67,
    0xA3, 0xC5, 0x30, 0x28, 0x3F, 0x34, 0x76, 0xE6, 0x3F, 0xC6, 0xEB, 0x89, 0x65, 0xC0, 0x67, 0x26,
    0xF9, 0x89, 0x35, 0x9E, 0xC0, 0x33, 0x9A, 0x93, 0xC6, 0xEB, 0x71, 0xC6, 0x33, 0x5A, 0x93, 0x2C,
    0x78, 0x5D, 0x1D, 0x8D, 0x26, 0x0C, 0x06, 0xC8, 0xDB, 0x67, 0x18, 0xD8, 0x11, 0xE7, 0xF8, 0x5C,
    0xF0, 0xD6, 0x19, 0x63, 0xE3, 0x9C, 0xD6, 0xC8, 0xE0, 0x99, 0x63, 0xCC, 0xA4, 0xA4, 0x7C, 0x5D,
    0xAD, 0x47, 0x63, 0x47, 0x4F, 0xF9, 0xF5, 0x33, 0x58, 0xC3, 0xF9, 0x4D, 0x98, 0x8E, 0x72, 0x4B,
    0xC4, 0x4E, 0xBA, 0x01, 0xBD, 0xDD, 0xBA, 0x62, 0x04, 0xF9, 0xC1, 0xE0, 0x19, 0xD7, 0x70, 0x7A,
    0x4C, 0x13, 0xB2, 0x9B, 0x68, 0x58, 0x51, 0xAC, 0x0D, 0x23, 0xC7, 0xAE, 0xDC, 0xAE, 0x5F, 0xAC,
    0x0F, 0xD5, 0xAE, 0xAF, 0xA9, 0xAE, 0x68, 0x92, 0xC6, 0xE9, 0x03, 0x9F, 0x34, 0x89, 0x5E, 0x09,
    0x89, 0xAF, 0xDE, 0x42, 0xA3, 0xF2, 0x95, 0x6D, 0xA6, 0x44, 0xA6, 0x1C, 0x41, 0xFE, 0xAE, 0xFD,
    0x81, 0x25, 0xE3, 0xD4, 0x70, 0xF6, 0x43, 0x0D, 0x00, 0x1A, 0xAD, 0x9E, 0x1B, 0x9D, 0x6A, 0xD5,
    0xF2, 0x19, 0xAA, 0xD8, 0xA3, 0x7E, 0x3D, 0x2A, 0x97, 0x12, 0x26, 0x75, 0xDF, 0x00, 0xDD, 0xD4,
    0x80, 0xA9, 0x90, 0xAA, 0xB4, 0x89, 0x97, 0x4A, 0xB4, 0xF7, 0xEC, 0xB7, 0x75, 0x93, 0x11, 0x53,
    0xF2, 0x82, 0xAA, 0x1A, 0x01, 0xD0, 0xD4, 0xE5, 0x82, 0x84, 0x8A, 0xBA, 0x4E, 0xD4, 0x78, 0xA9,
    0x86, 0x55, 0xDE, 0x15, 0xE5, 0x3F, 0x07, 0x86, 0xBC, 0x9D, 0x0C, 0xF9, 0x64, 0xE8, 0xCA, 0x16,
    0x43, 0xD4, 0x97, 0xC7, 0xA4, 0x13, 0xBE, 0xCD, 0x02, 0x00, 0xF5, 0x14, 0x62, 0xCD, 0x91, 0xFF,
    0x8B, 0x72, 0xB4, 0x03, 0x42, 0x27, 0x54, 0x83, 0xED, 0x86, 0xE8, 0x61, 0x78, 0xF1, 0xB2, 0x51,
    0xB0, 0x27, 0x2F, 0xDE, 0x43, 0xF0, 0x52, 0xEB, 0x65, 0x41, 0xEB, 0xDE, 0xA6, 0xC6, 0x15, 0xD4,
    0xDD, 0x5B, 0x2C, 0x64, 0xE7, 0x37, 0x55, 0xA1, 0x9F, 0xFE, 0xC4, 0x8B, 0x64, 0x07, 0x9E, 0x0B,
    0xA4, 0x29, 0xDD, 0xDD, 0x8F, 0x87, 0x68, 0xF3, 0x47, 0x43, 0x9B, 0x63, 0x12, 0xD1, 0x89, 0x62,
    0x02, 0x51, 0x9A, 0xDA, 0xC9, 0x43, 0x90, 0x7E, 0x76, 0xB0, 0x4C, 0xF3, 0xFA, 0xF4, 0x27, 0x5E,
    0xC4, 0xEB, 0x0B, 0x7E, 0x5E, 0x86, 0x06, 0xE7, 0x82, 0x9F, 0x3F, 0x2E, 0xF1, 0xA1, 0xD9, 0x65,
    0xF6, 0xE1, 0xE7, 0xFB, 0x3A, 0x09, 0x4D, 0x9D, 0x8F, 0x40, 0x1F, 0x40, 0xB6, 0xE1, 0xB4, 0x94,
    0x0A, 0xD7, 0x14, 0x76, 0x14, 0x6A, 0x4F, 0x03, 0x58, 0x55, 0x68, 0x22, 0xE4, 0xCC, 0xED, 0x57,
    0x6C, 0x1F, 0xB3, 0x03, 0x2E, 0x8D, 0xBC, 0xA5, 0x18, 0xA0, 0x5E, 0x62, 0x2E, 0x94, 0x4A, 0x52,
    0x53, 0xB4, 0xF1, 0x74, 0x98, 0x69, 0x1D, 0xCD, 0xB4, 0xAF, 0x63, 0x16, 0x5E, 0xF0, 0x06, 0xBB,
    0x73, 0xAC, 0xCA, 0x0B, 0x3B, 0xAB, 0xCC, 0xD9, 0x52, 0xC6, 0xD6, 0x97, 0xF9, 0x04, 0x42, 0x62,
    0xA5, 0x81, 0x11, 0x69, 0x00, 0xF0, 0xF7, 0x05, 0xE1, 0x7B, 0x5D, 0xC2, 0xEB, 0xA5, 0x56, 0xF1,
    0xA9, 0xC2, 0x28, 0x26, 0x6C, 0x64, 0x84, 0x81, 0x21, 0xF4, 0x7A, 0x5A, 0xE3, 0xF7, 0x15, 0xA6,
    0x0A, 0xA3, 0x55, 0x2D, 0xAA, 0x35, 0xBB, 0xFA, 0x0A, 0xDD, 0xAD, 0x4C, 0x9B, 0x0E, 0x18, 0xCF,
    0xD8, 0xEB, 0x4E, 0xDA, 0x28, 0x86, 0xC0, 0x6A, 0x53, 0x7E, 0x51, 0xD7, 0x08, 0xC3, 0x80, 0x69,
    0x9B, 0xE3, 0xD1, 0x52, 0x66, 0x8C, 0x1A, 0x96, 0xE8, 0x52, 0x5F, 0xA3, 0x1D, 0xDE, 0xF3, 0x35,
    0xCF, 0x84, 0x9A, 0x61, 0x18, 0x55, 0x4B, 0x0D, 0xB0, 0x6B, 0x1A, 0x8E, 0x97, 0x34, 0x14, 0x47,
    0x35, 0x2C, 0x47, 0xE0, 0xE8, 0xFD, 0x75, 0x7D, 0xD2, 0xBE, 0x15, 0x29, 0x06, 0x8B, 0xCD, 0x62,
    0xB6, 0x54, 0xA4, 0x43, 0x8A, 0x35, 0x75, 0x6D, 0xA4, 0x41, 0x5F, 0xDD, 0xD7, 0x57, 0xD8, 0xC8,
    0xB7, 0x33, 0xAA, 0xF5, 0xEA, 0x78, 0x9F, 0xF1, 0xFC, 0xB4, 0x0C, 0x33, 0x90, 0xAB, 0x95, 0x43,
    0xF0, 0x81, 0xD1, 0x0C, 0x72, 0x51, 0x2D, 0xE3, 0x89, 0x7D, 0xA6, 0x61, 0x4D, 0x6C, 0x05, 0x7B,
    0xB3, 0xDF, 0xAE, 0xB3, 0xFD, 0xCB, 0x1B, 0xE5, 0x6E, 0xB5, 0xEE, 0x1B, 0x6E, 0x17, 0x85, 0xB5,
    0x21, 0x2A, 0x85, 0x21, 0xB4, 0x77, 0xF6, 0xE8, 0x4F, 0xF7, 0x87, 0x6E, 0x4F, 0xA1, 0xEE, 0x06,
    0x83, 0xAB, 0x8D, 0xD8, 0x35, 0x7E, 0x1E, 0x64, 0x4E, 0xB7, 0x09, 0x9E, 0x57, 0x61, 0xC6, 0xC6,
    0x7A, 0x21, 0x7A, 0x3A, 0x29, 0xE7, 0xB8, 0x7A, 0x9A, 0x84, 0x99, 0x57, 0x00, 0x3B, 0x3C, 0xDC,
    0xD6, 0x1F, 0xDB, 0x92, 0x3C, 0x45, 0x49, 0x06, 0xB3, 0xA4, 0xD1, 0xB4, 0xF4, 0x0C, 0x69, 0x07,
    0x2A, 0x49, 0x53, 0x25, 0xB9, 0x48, 0x49, 0x1C, 0xB3, 0xC4, 0xD8, 0x95, 0x93, 0xE3, 0x30, 0xA6,
    0x0C, 0x73, 0x2A, 0xC9, 0x35, 0xCA, 0xE0, 0x72, 0xC9, 0xA6, 0x8F, 0x06, 0x18, 0x92, 0x84, 0x94,
    0xA4, 0x33, 0xAB, 0x92, 0x74, 0x29, 0x49, 0xA3, 0xA0, 0x24, 0xA1, 0x4A, 0xD2, 0x50, 0x49, 0x2E,
    0xAA, 0x24, 0xF3, 0xA3, 0x56, 0x62, 0x4D, 0xC2, 0x53, 0xAF, 0x73, 0xFB, 0x76, 0xCD, 0xCD, 0x56,
    0x8C, 0xB6, 0xEE, 0x7D, 0x77, 0x57, 0xD4, 0xAB, 0x32, 0x46, 0xBD, 0xCD, 0x98, 0x51, 0xCF, 0x88,
    0x2D, 0x04, 0x1F, 0x0F, 0xEC, 0x2A, 0xEC, 0x31, 0xA1, 0xB2, 0xCA, 0xC7, 0xCD, 0x01, 0x57, 0xB9,
    0xA4, 0xF3, 0x07, 0xD6, 0xF3, 0x0D, 0x5D, 0xDD, 0x73, 0xD2, 0x1B, 0xCA, 0x86, 0xAE, 0xD7, 0xD9,
    0x9A, 0xD1, 0xB6, 0xC4, 0x75, 0x1C, 0xD1, 0x40, 0x38, 0x2D, 0xFB, 0x91, 0xE7, 0x31, 0x1B, 0xAA,
    0x55, 0xAB, 0x9D, 0xAE, 0x06, 0xC0, 0x45, 0xED, 0x37, 0x83, 0x7D, 0xC8, 0xAD, 0x9F, 0x73, 0xC5,
    0x22, 0x34, 0x6C, 0x7E, 0x2C, 0xB4, 0x77, 0xEE, 0x3A, 0xF6, 0x89, 0x3D, 0xB0, 0x4C, 0x75, 0xE9,
    0xDD, 0x81, 0xA9, 0xDB, 0x03, 0x5D, 0xF6, 0x19, 0x65, 0xB3, 0xAA, 0xDA, 0x9B, 0xF1, 0xF9, 0x5B,
    0x30, 0x14, 0x2F, 0x41, 0xFD, 0xE8, 0x13, 0xE9, 0x38, 0x71, 0x1E, 0x63, 0x2D, 0xC1, 0x65, 0xA6,
    0x64, 0x9E, 0xF3, 0x03, 0x0A, 0xE1, 0xFB, 0x14, 0xF8, 0xDF, 0x6C, 0x9F, 0xAA, 0xA1, 0x85, 0x3D,
    0x78, 0x05, 0xF2, 0xD9, 0xC1, 0x9B, 0x2C, 0xAD, 0x4A, 0xBB, 0x48, 0x74, 0x7E, 0x73, 0x79, 0xC7,
    0xBE, 0xC3, 0xE6, 0x2F, 0xB5, 0xAD, 0x62, 0x21, 0xE3, 0xA4, 0xBC, 0xD7, 0xC8, 0xB4, 0x08, 0x61,
    0x95, 0x6A, 0xB4, 0x0C, 0xDA, 0x02, 0xFA, 0x31, 0xCC, 0xB5, 0x04, 0xF2, 0xBA, 0x07, 0x07, 0x7C,
    0xED, 0x06, 0x4A, 0xD5, 0xD3, 0x7B, 0x6E, 0x57, 0x0C, 0x77, 0x05, 0xB8, 0xB1, 0xF1, 0xE1, 0x80,
    0x0B, 0xB4, 0x08, 0x64, 0xAB, 0xB4, 0xB4, 0x1E, 0x57, 0x40, 0x11, 0x01, 0x32, 0x0D, 0x8F, 0x78,
    0x8D, 0x31, 0x49, 0xC8, 0x81, 0x36, 0x6A, 0x41, 0xCC, 0x10, 0x25, 0x43, 0xC0, 0x06, 0x39, 0x64,
    0x51, 0xE4, 0xF5, 0xF9, 0x5C, 0x45, 0xFE, 0x9A, 0xCA, 0x50, 0x8F, 0x45, 0x53, 0xE9, 0x99, 0x79,
    0x01, 0xB8, 0xE0, 0x00, 0x2C, 0xB8, 0xDD, 0x8E, 0x59, 0xBA, 0x52, 0xA4, 0xE6, 0xC5, 0x41, 0xAC,
    0x2B, 0xDC, 0xE0, 0xC4, 0xA5, 0x59, 0xAF, 0xD6, 0x8D, 0x55, 0xB0, 0xB3, 0xF2, 0xD0, 0x65, 0xF9,
    0xB7, 0x4B, 0x0D, 0xB9, 0xEB, 0x80, 0xAB, 0xB8, 0x8E, 0x68, 0xE0, 0x65, 0x25, 0x5D, 0x81, 0x46,
    0x84, 0x19, 0x88, 0xF4, 0xBB, 0xBE, 0x06, 0xB8, 0x08, 0x73, 0x53, 0xC5, 0xD1, 0xE5, 0xF6, 0xDF,
    0x82, 0x1E, 0xA2, 0x22, 0xEB, 0x6C, 0xDA, 0x01, 0xED, 0x02, 0x0D, 0xB2, 0xAE, 0xDC, 0xCC, 0xEC,
    0x2C, 0xCB, 0x1E, 0x99, 0xC6, 0x81, 0xBA, 0xBB, 0xA7, 0xC1, 0xDF, 0x41, 0xF4, 0x2C, 0x58, 0x87,
    0x4F, 0xCA, 0x93, 0x5C, 0xB3, 0x7B, 0x4C, 0x34, 0xDC, 0xAE, 0x2B, 0xC1, 0x9A, 0x27, 0x87, 0xC3,
    0x6F, 0xCB, 0x31, 0x35, 0xD9, 0x9D, 0x75, 0xE5, 0xA3, 0xE2, 0x47, 0x42, 0x8A, 0xE1, 0xB2, 0xC8,
    0x24, 0x0A, 0xF4, 0xE3, 0x9E, 0x07, 0x3D, 0xC7, 0xFF, 0xEB, 0x80, 0x41, 0x13, 0xF6, 0x12, 0xC5,
    0x88, 0x9D, 0x11, 0x13, 0xD0, 0x01, 0xBB, 0x76, 0x84, 0xEA, 0x5B, 0x8E, 0xB2, 0x73, 0x1F, 0x10,
    0x55, 0x01, 0xD0, 0x44, 0x32, 0xE3, 0xDE, 0x40, 0x66, 0x9F, 0x03, 0x13, 0x99, 0x34, 0xFE, 0xFE,
    0xE7, 0x4D, 0x71, 0x07, 0xAE, 0xAD, 0x2E, 0x74, 0xC1, 0xF2, 0x36, 0x1C, 0x4C, 0x8B, 0xDB, 0x19,
    0x71, 0xA0, 0x3F, 0x6E, 0x96, 0xD5, 0x65, 0xEA, 0x63, 0x91, 0xCF, 0x49, 0xF3, 0x60, 0x20, 0xE1,
    0xCF, 0xCB, 0xA5, 0x2B, 0x48, 0x89, 0x1D, 0xE3, 0x22, 0x3D, 0x82, 0x91, 0xDE, 0x34, 0x3B, 0x66,
    0xB0, 0xD1, 0x89, 0xC1, 0xCC, 0x51, 0x14, 0xF3, 0xA5, 0xDB, 0x8B, 0x5A, 0xAD, 0x57, 0x1A, 0x99,
    0xC5, 0xCD, 0xE4, 0xDE, 0xD7, 0x66, 0xBF, 0xD4, 0x20, 0xDC, 0xC7, 0xBB, 0x72, 0x2C, 0x7D, 0xF9,
    0x83, 0xC1, 0xD7, 0xAF, 0x46, 0x15, 0xDA, 0x8F, 0x22, 0xE8, 0xC9, 0x51, 0xA8, 0xA3, 0xD9, 0x83,
    0x40, 0xED, 0x98, 0x9B, 0x9E, 0xCD, 0x38, 0x40, 0xF2, 0xF6, 0x0A, 0x14, 0xD3, 0x71, 0xBF, 0x76,
    0xF2, 0xB2, 0x5E, 0xA1, 0x58, 0xAF, 0xF7, 0x3E, 0x40, 0x35, 0x6F, 0x74, 0xFD, 0xC4, 0xE7, 0x8E,
    0x18, 0x75, 0xAA, 0x5B, 0xA8, 0x20, 0xE6, 0x9A, 0x7A, 0xE1, 0x61, 0xC6, 0x3A, 0x05, 0x8B, 0x03,
    0xC7, 0x16, 0xBF, 0xEC, 0xA2, 0x15, 0xD1, 0x9A, 0xEE, 0xFD, 0x89, 0x5D, 0xB1, 0xC9, 0x76, 0xD6,
    0x67, 0xED, 0xAE, 0xB8, 0x9B, 0x29, 0x34, 0x0D, 0x3E, 0x90, 0xC1, 0xD9, 0xC4, 0xAC, 0x21, 0xBC,
    0x71, 0x1B, 0xB5, 0xDF, 0x6A, 0x9D, 0xBE, 0x8B, 0x8F, 0x4C, 0xE6, 0x1B, 0x3D, 0x9F, 0x0B, 0xFF,
    0xB1, 0xB4, 0x7B, 0x75, 0x8E, 0x9C, 0xB5, 0x44, 0xB8, 0xB2, 0xC1, 0xBD, 0x5A, 0xAE, 0x08, 0x8D,
    0x0F, 0xD3, 0xE7, 0xE3, 0xA1, 0xA3, 0xEB, 0xDF, 0xE0, 0xBD, 0x09, 0xA1, 0x2E, 0xE2, 0xB3, 0x39,
    0x01, 0x51, 0x02, 0x71, 0xC5, 0x8D, 0x1F, 0x17, 0x0D, 0xE6, 0x1E, 0x66, 0x21, 0x5E, 0x7B, 0xE6,
    0xA1, 0xFB, 0xE3, 0x8F, 0xF7, 0xC0, 0xBF, 0x32, 0x8A, 0x7F, 0x41, 0x4B, 0x89, 0x48, 0xE5, 0xE0,
    0x66, 0xE7, 0xCA, 0x88, 0x53, 0xAE, 0xC8, 0x51, 0xD4, 0x58, 0x46, 0x57, 0x10, 0xEF, 0x7B, 0x1E,
    0xDD, 0x88, 0x23, 0xF8, 0xCB, 0x14, 0xCA, 0xA7, 0xBE, 0xD7, 0x0D, 0xB2, 0x89, 0x5A, 0xCB, 0x6E,
    0xD6, 0xCE, 0x2A, 0xF4, 0x7B, 0xE1, 0x1E, 0x7F, 0xED, 0x9B, 0xC8, 0x62, 0xC7, 0x69, 0x0B, 0x2E,
    0xA2, 0xFC, 0x9F, 0x93, 0xD0, 0xCB, 0x27, 0xE5, 0xEA, 0x49, 0x79, 0xA6, 0x26, 0x3E, 0x29, 0x63,
    0x25, 0xBB, 0x40, 0xE7, 0x41, 0x4D, 0xF9, 0xD8, 0xE0, 0x34, 0xD2, 0xF0, 0xA2, 0x9F, 0x57, 0xA1,
    0xC1, 0xB9, 0xE8, 0x8F, 0x2C, 0x1A, 0x1D, 0x60, 0x66, 0x8C, 0x4A, 0x79, 0xF1, 0x81, 0x48, 0xFA,
    0x2A, 0x81, 0xD8, 0x0D, 0x19, 0xD8, 0x2C, 0x92, 0xC8, 0xB7, 0x0A, 0xDD, 0xD2, 0x0E, 0xB8, 0xF9,
    0xBB, 0x24, 0xAE, 0x2D, 0x0B, 0x98, 0x1D, 0x0B, 0x69, 0x7F, 0x6C, 0xBC, 0x8D, 0xB4, 0x1B, 0x66,
    0x01, 0x5C, 0xD6, 0x2B, 0x51, 0xA9, 0x96, 0x30, 0xB5, 0x12, 0x4F, 0x97, 0x65, 0x7D, 0xF1, 0xFF,
    0x35, 0x58, 0x1F, 0xDE, 0x34, 0x74, 0x24, 0xCA, 0x8C, 0x77, 0x30, 0x61, 0x37, 0xA8, 0x6F, 0x88,
    0x79, 0x27, 0x7B, 0x5E, 0x9C, 0xEB, 0xC5, 0x49, 0x71, 0x93, 0x85, 0x15, 0xF8, 0x0D, 0xC3, 0xCE,
    0x68, 0xDA, 0x40, 0xDD, 0x94, 0xB4, 0x0B, 0xE9, 0xFC, 0x8E, 0x69, 0xF5, 0x1F, 0x2F, 0xA3, 0x04,
    0x36, 0x98, 0x46, 0x70, 0xD0, 0x91, 0x61, 0x20, 0x7A, 0x18, 0xD0, 0xBE, 0x79, 0x30, 0x5D, 0xAE,
    0x2A, 0x28, 0x89, 0x3E, 0x46, 0x07, 0x74, 0x1E, 0xE8, 0x80, 0xC8, 0xB9, 0x1B, 0x34, 0xAA, 0x20,
    0xE3, 0x3A, 0x02, 0x64, 0xE8, 0xEE, 0x96, 0xAF, 0x54, 0xF9, 0x84, 0xB2, 0x53, 0x07, 0xFC, 0xB5,
    0xC4, 0xB6, 0x7C, 0x3A, 0xFF, 0x73, 0x3B, 0x1D, 0x30, 0xD8, 0xCB, 0x01, 0x1F, 0x91, 0x0E, 0x9D,
    0x7A, 0x97, 0x03, 0x7A, 0xD6, 0x01, 0x1F, 0x1F, 0x8D, 0x9E, 0x24, 0xDE, 0x15, 0x27, 0xF1, 0xBD,
    0x8F, 0xE2, 0x27, 0x65, 0x70, 0xF7, 0x62, 0xC8, 0x23, 0xE2, 0x7F, 0xB0, 0x83, 0x3F, 0x22, 0xFF,
    0xD4, 0x4F, 0x64, 0xEC, 0x15, 0x66, 0x7B, 0x54, 0xB1, 0xDC, 0xFB, 0xD7, 0xDD, 0xFF, 0x91, 0x8D,
    0x94, 0x3D, 0xDE, 0x69, 0xDF, 0x98, 0x07, 0xCE, 0xC2, 0xF2, 0x11, 0x82, 0x8F, 0x29, 0xF0, 0xF1,
    0x6A, 0xD9, 0x77, 0xF2, 0xB2, 0xF4, 0x92, 0xB2, 0x0C, 0xC1, 0xD3, 0x24, 0xF8, 0x40, 0xA1, 0xD4,
    0xC9, 0x9D, 0x5E, 0x33, 0xB1, 0xBF, 0xA0, 0x99, 0xDB, 0x48, 0xE3, 0xF9, 0x76, 0x57, 0xB6, 0x7B,
    0x97, 0xE6, 0xB0, 0x5D, 0x61, 0x2D, 0x63, 0x93, 0x85, 0x56, 0xB1, 0x2C, 0x47, 0x77, 0x1D, 0x1D,
    0x83, 0x32, 0xB4, 0x69, 0xDC, 0xEA, 0x01, 0x5B, 0xF7, 0xBB, 0x41, 0xD7, 0xFE, 0x00, 0xA0, 0x12,
    0xA7, 0x7F, 0x14, 0x7A, 0xA8, 0x06, 0xCD, 0x42, 0x9A, 0x05, 0xCD, 0xC4, 0xD1, 0xA5, 0xF1, 0x6C,
    0x6B, 0x9F, 0x48, 0xEB, 0x65, 0xDD, 0x9F, 0x33, 0xBA, 0x2F, 0xF4, 0x3F, 0xE0, 0xE0, 0xAA, 0xD4,
    0x1E, 0xA8, 0x15, 0x76, 0xF0, 0x06, 0x34, 0x31, 0xC1, 0x95, 0xEE, 0x69, 0x1B, 0x7C, 0x8F, 0x7C,
    0x9E, 0xC4, 0xEF, 0xBB, 0x90, 0xBC, 0x8B, 0x6E, 0xFB, 0x71, 0x0A, 0xED, 0xED, 0xA1, 0x71, 0xED,
    0x04, 0xF3, 0x3D, 0x2C, 0x32, 0x44, 0xD2, 0xB8, 0xE9, 0x2C, 0xA1, 0x10, 0x41, 0x05, 0x81, 0xEC,
    0xA3, 0x5B, 0x2D, 0x5C, 0x09, 0xE5, 0x0F, 0xAC, 0x4A, 0xEA, 0x6A, 0x95, 0xF8, 0x96, 0xE8, 0xFE,
    0x11, 0x17, 0xFA, 0x1A, 0xDF, 0x21, 0xF6, 0x5F, 0x49, 0xFD, 0xBB, 0x22, 0x5D, 0x08, 0xD4, 0xBE,
    0x5E, 0xCB, 0x0D, 0xDD, 0xFF, 0xD6, 0x10, 0xE7, 0x25, 0x75, 0x75, 0xBE, 0xC4, 0x2D, 0x38, 0xFE,
    0xFA, 0x4B, 0x52, 0x33, 0xDC, 0x06, 0xD3, 0x90, 0x6B, 0xEC, 0xFA, 0x26, 0x9A, 0x98, 0xED, 0xFE,
    0x65, 0x4F, 0x90, 0x2E, 0x8B, 0xF7, 0x9F, 0xCB, 0xE8, 0x28, 0x4A, 0xE9, 0x0F, 0x75, 0xA0, 0xAD,
    0x86, 0x76, 0x37, 0x0A, 0xC2, 0x21, 0xB0, 0xF7, 0x92, 0xAD, 0x47, 0xA2, 0xFA, 0xB5, 0x3B, 0x97,
    0x51, 0x32, 0xFE, 0x2B, 0x4D, 0xEE, 0x47, 0x88, 0xBC, 0x6C, 0xC6, 0x52, 0x6F, 0xDB, 0x3D, 0xE4,
    0x0C, 0x8E, 0x28, 0xB1, 0xB0, 0x4A, 0x3C, 0x45, 0x54, 0x2B, 0x5C, 0x4E, 0xA6, 0x12, 0x9D, 0x9D,
    0x4A, 0x0C, 0x3E, 0x93, 0x12, 0xC7, 0xEF, 0x56, 0xE2, 0x7F, 0x01, 0xCD, 0x5B, 0x4D, 0x6C, 0x1C,
    0xD9, 0x71, 0xAE, 0xEE, 0x5E, 0xB1, 0x1D, 0xF7, 0x5A, 0xCD, 0xC3, 0xAE, 0x61, 0x2F, 0x25, 0xF5,
    0x1E, 0x7C, 0x58, 0x20, 0x12, 0x5B, 0x87, 0x3D, 0x08, 0x01, 0xC9, 0xEE, 0x75, 0x10, 0xEF, 0xC1,
    0x40, 0xC2, 0xC3, 0x72, 0x75, 0xE0, 0x41, 0x7B, 0xC8, 0xC9, 0x32, 0x3C, 0x3A, 0x08, 0xB0, 0x0E,
    0x14, 0xA7, 0x13, 0x23, 0xC8, 0x61, 0x2F, 0x44, 0x92, 0x43, 0x80, 0x1C, 0xCC, 0x83, 0x0F, 0x06,
    0x17, 0x06, 0x05, 0x84, 0x07, 0x01, 0x96, 0xD8, 0x6F, 0xED, 0x43, 0x0E, 0x39, 0x78, 0x76, 0x37,
    0x46, 0x0E, 0x39, 0xA4, 0x37, 0x91, 0x92, 0x70, 0x0D, 0xD8, 0xED, 0xDD, 0x16, 0xD4, 0xC3, 0xED,
    0x99, 0x76, 0x7D, 0xF5, 0x5E, 0xCF, 0x8F, 0x38, 0xFA, 0x21, 0x39, 0x8A, 0x38, 0x9C, 0xAE, 0x19,
    0x4E, 0x77, 0xBF, 0x57, 0xF5, 0x55, 0xBD, 0x7A, 0x55, 0xF5, 0x5E, 0x13, 0xC9, 0xCB, 0xAF, 0x2B,
    0xA6, 0xA7, 0x56, 0xDE, 0xA1, 0x89, 0x2F, 0x3F, 0x11, 0xAA, 0x40, 0xC3, 0x0E, 0x68, 0x94, 0x81,
    0xFE, 0x30, 0x07, 0xFD, 0xE7, 0x02, 0xF4, 0xE3, 0x92, 0x89, 0xF5, 0x21, 0xDA, 0x71, 0x92, 0x1E,
    0x68, 0xBC, 0xCB, 0xD4, 0xA3, 0x36, 0xD3, 0xD3, 0x14, 0xC5, 0x44, 0x67, 0x28, 0xE4, 0x26, 0xE6,
    0xB7, 0xB6, 0x99, 0x46, 0x75, 0xCD, 0x0D, 0x5D, 0x23, 0x9F, 0x9B, 0xD8, 0x24, 0x8F, 0xA9, 0x22,
    0xB7, 0x24, 0x4B, 0x91, 0x53, 0x71, 0x03, 0xA0, 0x57, 0xEF, 0xD3, 0x5C, 0xBD, 0x51, 0xD7, 0x7C,
    0x6D, 0xEE, 0x30, 0x83, 0xD6, 0x04, 0xF6, 0x2C, 0x6E, 0xC5, 0xFF, 0xA7, 0x8A, 0x22, 0xDA, 0xE5,
    0xBF, 0x88, 0xEE, 0xF0, 0x31, 0xCB, 0x07, 0xA1, 0xDB, 0xB0, 0xE6, 0x26, 0x23, 0x8A, 0x92, 0x48,
    0xCE, 0xF5, 0xF8, 0xC0, 0x95, 0x7D, 0xAA, 0xE3, 0xE8, 0x83, 0xD6, 0xFF, 0x79, 0xA5, 0x57, 0x90,
    0x45, 0x36, 0x5F, 0xEC, 0x32, 0x9F, 0x44, 0x76, 0x76, 0x13, 0x6D, 0xA6, 0x22, 0xCF, 0xA9, 0x23,
    0xA1, 0xF0, 0xA9, 0xA0, 0xA0, 0x04, 0x05, 0xA5, 0x51, 0x58, 0x17, 0x14, 0xC0, 0x92, 0x2F, 0x28,
    0x9C, 0xA5, 0xE0, 0x11, 0x14, 0xAE, 0x93, 0xCB, 0x4D, 0xDC, 0x22, 0x87, 0x69, 0x46, 0x36, 0xA3,
    0xD0, 0x21, 0x8B, 0x51, 0xE0, 0x0B, 0x18, 0x85, 0x3D, 0x7A, 0xAD, 0x41, 0x01, 0x3D, 0x7C, 0x8D,
    0x1B, 0xF3, 0x18, 0x50, 0xA7, 0xB3, 0xC6, 0xD2, 0x73, 0xA7, 0xED, 0xCE, 0x74, 0x11, 0x31, 0x72,
    0x06, 0x8F, 0x91, 0xF3, 0x0B, 0x91, 0xF3, 0xBF, 0x20, 0xA1, 0x6D, 0xE4, 0xEC, 0x03, 0xC1, 0xB8,
    0xAD, 0xE5, 0x8C, 0x45, 0xCE, 0xA4, 0x91, 0x73, 0x69, 0x6B, 0xBB, 0x23, 0x72, 0x72, 0x13, 0x3B,
    0x22, 0x67, 0x4E, 0x4E, 0x01, 0x09, 0x6D, 0x91, 0x90, 0xE5, 0x5C, 0xBD, 0x4F, 0x5F, 0xEF, 0x2F,
    0x6B, 0x09, 0x87, 0x72, 0x4A, 0x97, 0x96, 0x74, 0xEF, 0xA8, 0x03, 0x34, 0x8F, 0x45, 0x54, 0xE1,
    0xF4, 0x95, 0xA3, 0xCA, 0x4C, 0xD1, 0x07, 0xDB, 0xFF, 0xC8, 0x32, 0x97, 0xBA, 0x23, 0x98, 0xC0,
    0x05, 0x3E, 0x16, 0xF8, 0x58, 0x7A, 0x89, 0x6F, 0x64, 0xE9, 0xBC, 0x4C, 0x3A, 0xE0, 0xD7, 0x5D,
    0x74, 0x08, 0x8D, 0xBA, 0x45, 0x63, 0x0B, 0x8B, 0xF8, 0x7D, 0x76, 0x00, 0x7C, 0xDA, 0x65, 0xD4,
    0xF6, 0xB6, 0x73, 0xEE, 0xC2, 0xC9, 0x59, 0x97, 0x76, 0xCE, 0xB6, 0x62, 0xE5, 0x61, 0xCC, 0x04,
    0xBC, 0xD0, 0x7A, 0xD3, 0x0E, 0xA1, 0x1D, 0xAA, 0xC6, 0x89, 0x9C, 0xD8, 0x15, 0xB8, 0x05, 0x79,
    0x96, 0x10, 0x0D, 0x50, 0xCE, 0xA0, 0x59, 0x39, 0x77, 0x6D, 0xE7, 0x14, 0xA2, 0x79, 0xE9, 0x88,
    0x5E, 0xC2, 0x35, 0x5A, 0x42, 0xDC, 0xCF, 0x27, 0x05, 0x1B, 0xDF, 0x9C, 0x6A, 0x5E, 0x61, 0x49,
    0x76, 0xBF, 0x15, 0x7B, 0x1D, 0x5F, 0x85, 0xB1, 0x97, 0x2D, 0x91, 0x93, 0x71, 0x47, 0x71, 0xCF,
    0xF4, 0x5A, 0x19, 0x66, 0x76, 0x4D, 0x4B, 0x91, 0xA2, 0xCD, 0xA0, 0x74, 0x95, 0xCB, 0x8A, 0xA0,
    0x76, 0xD1, 0x8C, 0x03, 0x31, 0x86, 0x94, 0xBB, 0xB0, 0x0B, 0x80, 0x92, 0x04, 0xF8, 0xDD, 0x3E,
    0x20, 0x78, 0xFF, 0x51, 0xC1, 0xE9, 0xB8, 0x82, 0xD3, 0x01, 0xC1, 0x21, 0x24, 0xB4, 0x12, 0x30,
    0x73, 0x8B, 0x6B, 0x44, 0xC5, 0x39, 0xB2, 0x3B, 0x6E, 0x6C, 0xC7, 0x56, 0x32, 0x3D, 0xA1, 0x83,
    0x58, 0xFF, 0x6C, 0x88, 0xFC, 0xFB, 0x88, 0xE3, 0xD1, 0x42, 0xA7, 0x03, 0x6D, 0x3B, 0xE0, 0xD9,
    0x7E, 0x4E, 0xDA, 0x76, 0xD9, 0x3C, 0xE1, 0x29, 0x71, 0xB8, 0x9D, 0x83, 0x0E, 0xFA, 0x28, 0x02,
    0x17, 0xA3, 0x02, 0x93, 0x38, 0xC1, 0xAF, 0x32, 0xBC, 0x1D, 0x58, 0xF5, 0x3E, 0x7E, 0x8B, 0xD0,
    0xD1, 0x57, 0xE3, 0x09, 0x52, 0xFF, 0x3F, 0xA9, 0x5A, 0x1C, 0x80, 0x1B, 0xD3, 0xCE, 0x39, 0x56,
    0xF5, 0x1D, 0xAD, 0x72, 0x19, 0x90, 0xD3, 0xB4, 0x6F, 0x19, 0xC0, 0x17, 0xD8, 0xFB, 0x72, 0xDB,
    0x7F, 0x0B, 0x89, 0x9D, 0x3A, 0x1E, 0xB0, 0x3F, 0xF2, 0xAA, 0xEB, 0x7A, 0x83, 0x68, 0xB5, 0x7B,
    0xB5, 0x07, 0xF7, 0x83, 0x99, 0x8C, 0xA9, 0x07, 0xBD, 0xC3, 0x63, 0xC3, 0x75, 0x57, 0x42, 0xEF,
    0x0A, 0x6D, 0x0B, 0x8D, 0x9E, 0x81, 0xAE, 0x8F, 0xDC, 0x25, 0x2D, 0xD8, 0x85, 0xB4, 0x9C, 0x49,
    0x2F, 0x89, 0xE9, 0x91, 0x7B, 0xD7, 0xE6, 0xFD, 0x1E, 0x80, 0x0B, 0x05, 0xEB, 0x54, 0xA8, 0x93,
    0x2F, 0x09, 0x5D, 0x18, 0xA1, 0x6F, 0x0A, 0xA5, 0x86, 0xA6, 0x7F, 0x0F, 0xB3, 0xD9, 0xFF, 0x39,
    0x0C, 0x48, 0xF9, 0x13, 0x7B, 0xEE, 0x8D, 0x48, 0x50, 0x1D, 0x90, 0x66, 0x7D, 0x84, 0xDF, 0x40,
    0x5A, 0x70, 0xBB, 0x3F, 0x87, 0x82, 0xD2, 0xBF, 0x63, 0xB6, 0x8E, 0x88, 0x4C, 0x01, 0x5A, 0xD7,
    0xF0, 0xC5, 0x97, 0x1F, 0xBC, 0x33, 0x05, 0x64, 0xF8, 0x68, 0xE5, 0xC6, 0x4F, 0x69, 0xC1, 0xA5,
    0x8F, 0xBA, 0x56, 0xF4, 0xEA, 0xE5, 0x07, 0x71, 0xF3, 0x5B, 0xAE, 0x01, 0x71, 0x80, 0x87, 0xC0,
    0x11, 0xC5, 0xFC, 0x9B, 0xB0, 0x25, 0x7D, 0x09, 0x14, 0xD5, 0x38, 0x91, 0x13, 0xC2, 0x8F, 0xB0,
    0x26, 0x18, 0x00, 0x82, 0x98, 0xD2, 0xBF, 0xAE, 0x95, 0x36, 0x10, 0x99, 0xB7, 0x5E, 0x5D, 0x59,
    0xA6, 0x83, 0x86, 0x53, 0x27, 0x97, 0xBB, 0x2B, 0x57, 0x12, 0xBE, 0xD3, 0x07, 0xF1, 0x40, 0xDC,
    0xC4, 0xB0, 0x63, 0xAB, 0x86, 0xB0, 0x6B, 0x73, 0x0A, 0x10, 0xB0, 0xEC, 0x3C, 0xB8, 0xDC, 0xFC,
    0xA6, 0xCF, 0x1A, 0xDE, 0xC1, 0xAC, 0x9D, 0xC1, 0xE1, 0x8C, 0x90, 0xAB, 0xFB, 0x5B, 0xDB, 0x19,
    0x3A, 0xCA, 0x08, 0x86, 0xBD, 0xB2, 0x72, 0xD0, 0x45, 0xB4, 0x0A, 0xB2, 0xF7, 0x53, 0x48, 0xAC,
    0x42, 0x72, 0x33, 0x08, 0x73, 0x97, 0xB5, 0xC4, 0xF7, 0xE4, 0xBD, 0x95, 0x95, 0xE5, 0x09, 0x03,
    0xE5, 0x5A, 0x50, 0xCE, 0x74, 0x98, 0x97, 0x98, 0x5A, 0x25, 0x86, 0xC9, 0xEB, 0x44, 0x6F, 0x62,
    0x9C, 0xCC, 0x7F, 0x87, 0x87, 0x89, 0x2B, 0xA3, 0x64, 0xF6, 0x05, 0x08, 0xFA, 0x81, 0x11, 0x14,
    0x97, 0x71, 0xA4, 0xE8, 0x28, 0x37, 0xB6, 0x8A, 0x16, 0x2B, 0x95, 0x45, 0x08, 0xB2, 0x29, 0x08,
    0xED, 0x0E, 0x85, 0xB6, 0xE0, 0x21, 0x9C, 0xAA, 0x21, 0x56, 0x71, 0x18, 0x79, 0x45, 0x22, 0xB7,
    0x21, 0x85, 0x37, 0x90, 0x77, 0x75, 0x70, 0xC2, 0x39, 0x84, 0xBC, 0x4F, 0x9B, 0x03, 0x8E, 0x29,
    0xEB, 0xF1, 0xB4, 0x67, 0x1F, 0x5E, 0x7B, 0x17, 0x9B, 0x28, 0xCF, 0x56, 0x4D, 0x5C, 0xA7, 0xC9,
    0xEF, 0x63, 0x84, 0x76, 0xB1, 0x0E, 0xBC, 0x0E, 0x2F, 0x55, 0x16, 0x94, 0x9E, 0xF1, 0xEF, 0x08,
    0xC6, 0x6F, 0xE9, 0xE0, 0x0E, 0x4D, 0xCB, 0x91, 0xC5, 0xBA, 0xF1, 0x57, 0x60, 0xBD, 0x6C, 0xBF,
    0x0B, 0x16, 0xF3, 0xE0, 0x7F, 0x17, 0xA7, 0x6A, 0xA8, 0xB8, 0x7A, 0x91, 0x26, 0xCD, 0xD9, 0x88,
    0xE2, 0x30, 0x14, 0x6E, 0x7C, 0xB1, 0x84, 0x9F, 0x6F, 0xF2, 0x8D, 0xE9, 0x99, 0xB4, 0x09, 0xDB,
    0x74, 0xB3, 0x32, 0x03, 0x5A, 0x25, 0xA6, 0x65, 0x57, 0xF9, 0x31, 0xA2, 0x3A, 0x2B, 0x1E, 0x4E,
    0xF6, 0x7D, 0xFE, 0xCE, 0xD3, 0x31, 0x5F, 0xD4, 0xE7, 0xAB, 0x44, 0x84, 0x52, 0xEE, 0xBC, 0x2D,
    0x53, 0xF7, 0x6D, 0x3D, 0x8B, 0xEB, 0x39, 0x5F, 0xCF, 0xED, 0x66, 0xDA, 0xAC, 0x1A, 0xBA, 0xB5,
    0x95, 0x88, 0x8F, 0x56, 0x77, 0xE5, 0xFF, 0x75, 0xA1, 0x91, 0x50, 0xF6, 0xE0, 0x4C, 0x7D, 0x49,
    0x72, 0xE0, 0xA8, 0x2B, 0xE9, 0x85, 0x69, 0xD8, 0x4F, 0xEF, 0x99, 0x50, 0x43, 0xB8, 0x71, 0x95,
    0x36, 0xFA, 0x79, 0xE6, 0xFE, 0x06, 0x07, 0xE8, 0x99, 0xC7, 0x19, 0x96, 0x3D, 0x8C, 0xF6, 0xD2,
    0x8D, 0xF3, 0xEE, 0x7E, 0x5D, 0xF9, 0x2A, 0xFA, 0x69, 0x98, 0x84, 0x71, 0x14, 0x07, 0x2A, 0xE2,
    0x76, 0xF1, 0x19, 0xC6, 0x41, 0x82, 0x6F, 0x6E, 0xB6, 0x2B, 0xC9, 0x92, 0xF3, 0x37, 0x3A, 0xCC,
    0xF7, 0x79, 0xC2, 0xF2, 0x98, 0x2B, 0x9B, 0x51, 0xF3, 0x38, 0x3D, 0xE0, 0x29, 0xB4, 0x62, 0x0E,
    0x2B, 0xEE, 0xBD, 0xEC, 0xF1, 0x30, 0x4F, 0x79, 0x84, 0x85, 0x7B, 0x69, 0x3C, 0x53, 0x83, 0x13,
    0xCD, 0x45, 0xEC, 0x30, 0xB5, 0xEF, 0xFD, 0x40, 0xBA, 0x2C, 0x05, 0xA0, 0x83, 0x41, 0xE1, 0x8B,
    0x47, 0x0C, 0x6C, 0xB0, 0x53, 0xB4, 0x14, 0xC3, 0x56, 0x70, 0xE0, 0xDA, 0xE6, 0xEC, 0xCC, 0x2F,
    0xC7, 0xF9, 0x7C, 0xDE, 0x88, 0x99, 0x80, 0x59, 0x62, 0x67, 0x43, 0x27, 0x84, 0xD0, 0x27, 0x05,
    0xB1, 0xA7, 0x39, 0xD6, 0xB4, 0x33, 0x82, 0x56, 0xC0, 0x68, 0xF9, 0x06, 0x2D, 0x7F, 0x4A, 0xF6,
    0x75, 0x32, 0xAC, 0x06, 0x2F, 0x6F, 0xA4, 0xC4, 0xE1, 0x09, 0xB5, 0x75, 0xBE, 0x2D, 0xDA, 0x3B,
    0xF7, 0x08, 0x30, 0x1B, 0x28, 0xF5, 0x18, 0x81, 0x13, 0x7D, 0x1B, 0x0E, 0xEB, 0x88, 0x96, 0xF6,
    0x67, 0x47, 0xB1, 0x34, 0xCD, 0x71, 0x24, 0xC1, 0x6E, 0xF7, 0x8E, 0x14, 0x9F, 0xBC, 0x78, 0x8C,
    0x07, 0x6E, 0xCA, 0xAF, 0xAB, 0xAB, 0xFB, 0xF1, 0x4C, 0xFA, 0x93, 0x67, 0x0D, 0xCA, 0x07, 0x14,
    0x7E, 0x99, 0x43, 0xC5, 0xAD, 0xAD, 0x94, 0x0E, 0x7B, 0xAF, 0xEE, 0x51, 0xF7, 0xCE, 0xAE, 0x1F,
    0x86, 0x06, 0x2E, 0x43, 0x68, 0xAE, 0x64, 0xBC, 0x9C, 0xC4, 0x32, 0xAE, 0x7D, 0x0E, 0x9F, 0x12,
    0x46, 0xB6, 0x54, 0x03, 0xFF, 0x64, 0xD2, 0xCA, 0xC8, 0xFF, 0x17, 0x6E, 0xCE, 0xFF, 0xED, 0xB7,
    0x7B, 0xB0, 0xD7, 0x5D, 0x9C, 0x68, 0x83, 0x44, 0xCF, 0x4C, 0x5A, 0xF7, 0x4F, 0xA5, 0x1B, 0x75,
    0xED, 0xD7, 0xB9, 0xD4, 0xD5, 0xEA, 0xAF, 0xF7, 0x97, 0xAD, 0xD6, 0x7D, 0x98, 0x05, 0x9F, 0x1E,
    0xA1, 0xB5, 0xBC, 0xB6, 0xFA, 0x5B, 0x5B, 0xDB, 0x9F, 0x1D, 0x3C, 0x0B, 0x1A, 0x28, 0x99, 0x20,
    0x15, 0xF1, 0xC4, 0x73, 0x45, 0x4D, 0xBE, 0x66, 0x12, 0x7D, 0x8D, 0x7B, 0xDC, 0xDE, 0xD3, 0xBD,
    0x3F, 0x16, 0x00, 0x29, 0x39, 0x20, 0x3D, 0xA0, 0x2B, 0xBF, 0x7E, 0x67, 0x02, 0x00, 0xDF, 0x61,
    0x00, 0x8A, 0xA3, 0x01, 0xB0, 0x37, 0x63, 0x00, 0x10, 0x33, 0xCF, 0x1D, 0x3A, 0xBB, 0xE6, 0xD2,
    0x9B, 0xC1, 0x9F, 0xD3, 0x45, 0x89, 0xF2, 0x96, 0x07, 0x25, 0x51, 0xD6, 0x9F, 0xCE, 0x54, 0xA7,
    0x70, 0xA0, 0x2D, 0xB4, 0xE9, 0xA9, 0x53, 0xF3, 0xF9, 0xCB, 0x17, 0x17, 0x5E, 0x7E, 0xEF, 0xDC,
    0x1B, 0x1B, 0xA8, 0x7B, 0x36, 0x8E, 0xF1, 0x1B, 0x18, 0x94, 0x7E, 0x45, 0xA7, 0x2A, 0x19, 0xA3,
    0x8F, 0x7F, 0xCF, 0xF4, 0x97, 0x35, 0xEF, 0x0C, 0xFD, 0xCA, 0x4A, 0x3C, 0x6A, 0xE8, 0x6C, 0x73,
    0x52, 0x8A, 0x38, 0xF4, 0x9B, 0x6F, 0xE4, 0xDB, 0xEB, 0xBA, 0xC9, 0x1C, 0xAC, 0x24, 0x50, 0xB5,
    0xDA, 0x56, 0xFE, 0xC4, 0xBF, 0xD6, 0x7D, 0xD1, 0xFB, 0x6A, 0x37, 0x3E, 0x46, 0x57, 0x1C, 0xA9,
    0x49, 0xB9, 0x77, 0xF0, 0xFE, 0x3D, 0xBB, 0x01, 0x04, 0x65, 0xEC, 0x83, 0xD9, 0xB4, 0x91, 0x61,
    0x8D, 0x38, 0x63, 0x2B, 0x11, 0x73, 0x53, 0xB0, 0x10, 0xFF, 0x89, 0x6F, 0xB6, 0x65, 0x36, 0x2B,
    0x7E, 0xB3, 0xEB, 0x72, 0x63, 0xB8, 0x14, 0x9F, 0xDF, 0xFC, 0xE5, 0x23, 0x89, 0xF0, 0x66, 0x11,
    0xC5, 0xA3, 0xC6, 0x5C, 0x0D, 0xC3, 0xF9, 0xE3, 0x23, 0x67, 0xA9, 0x90, 0xF1, 0x0A, 0x1E, 0x8B,
    0x16, 0x39, 0x2C, 0x4B, 0xC0, 0xD3, 0xF0, 0xFA, 0x3A, 0x47, 0x80, 0x88, 0x68, 0xB4, 0xDE, 0x11,
    0x2E, 0x5A, 0xDC, 0x84, 0xF8, 0x8C, 0xA9, 0x1C, 0x99, 0x9E, 0xC4, 0xB8, 0x8B, 0xF0, 0xFD, 0x98,
    0xA2, 0xBE, 0x2E, 0x9B, 0x48, 0x77, 0xA8, 0x11, 0x7A, 0x18, 0xB7, 0x1C, 0x1C, 0x2E, 0x32, 0x22,
    0x1C, 0x9B, 0xB2, 0x02, 0x36, 0x86, 0x20, 0x73, 0xAC, 0x1C, 0xE4, 0x3A, 0x81, 0x76, 0xA7, 0xC0,
    0x07, 0x2B, 0x35, 0x7A, 0x3B, 0x91, 0x08, 0x24, 0xBC, 0x27, 0x28, 0x33, 0x10, 0x2C, 0x6C, 0x6B,
    0x0F, 0x97, 0xF8, 0x72, 0xE1, 0x05, 0xA1, 0x3B, 0xA0, 0x08, 0xC4, 0x39, 0x68, 0x4E, 0x40, 0x7D,
    0x89, 0x98, 0x17, 0x85, 0xA6, 0x92, 0x14, 0x20, 0x66, 0x77, 0x1E, 0x5E, 0x41, 0x9C, 0xDE, 0xF7,
    0x71, 0x65, 0x25, 0x2C, 0x16, 0x76, 0x45, 0x3A, 0x6B, 0x07, 0x4D, 0x85, 0x46, 0x89, 0x4E, 0xD2,
    0xA5, 0x17, 0xD1, 0x50, 0x6B, 0x60, 0x73, 0xE6, 0xA5, 0x4B, 0xA4, 0xD1, 0x08, 0x0D, 0xF4, 0xA8,
    0x17, 0x7A, 0x7E, 0x50, 0x50, 0x30, 0xAF, 0x41, 0x6D, 0x41, 0xC6, 0x9D, 0x3B, 0x2C, 0x30, 0x4C,
    0x24, 0x51, 0xAD, 0x9C, 0x7C, 0x0E, 0x06, 0x25, 0x49, 0x9E, 0x6F, 0x0A, 0x33, 0x4E, 0x0E, 0x86,
    0x3F, 0x67, 0x6D, 0x38, 0x5F, 0x82, 0xE9, 0x6A, 0x17, 0xFC, 0x47, 0xD0, 0xBD, 0xF0, 0xEA, 0xA3,
    0xB0, 0xE1, 0xA0, 0xC6, 0xC1, 0x32, 0xAD, 0x76, 0xA9, 0x46, 0x4D, 0xBC, 0x9D, 0x1B, 0x16, 0x66,
    0xC7, 0x2B, 0x69, 0x98, 0xEA, 0xE8, 0x92, 0x51, 0x1A, 0x0D, 0x6B, 0x9F, 0x32, 0xCF, 0x00, 0xE7,
    0x54, 0x31, 0xCC, 0x3C, 0xF9, 0xC0, 0x6B, 0x2E, 0x80, 0x20, 0xC2, 0xF9, 0x05, 0xA6, 0xE8, 0x7F,
    0x45, 0xC2, 0xF3, 0x3B, 0xFC, 0x5B, 0xC2, 0x1D, 0x67, 0x8B, 0x38, 0x1B, 0x4A, 0x6D, 0x28, 0x61,
    0xE2, 0xF1, 0xF0, 0x63, 0xFE, 0x79, 0x1C, 0xD9, 0x3D, 0x19, 0x49, 0x4A, 0x22, 0x70, 0xED, 0x90,
    0xDB, 0x30, 0x23, 0x44, 0x93, 0x6E, 0xF2, 0x48, 0x91, 0x83, 0x1B, 0x85, 0x1D, 0x3F, 0x09, 0x97,
    0xC3, 0x11, 0x07, 0x4C, 0xB8, 0x03, 0xE2, 0x29, 0x14, 0x39, 0x94, 0x9E, 0x70, 0x78, 0x8A, 0x67,
    0xDC, 0xFA, 0xB0, 0x32, 0x57, 0xC6, 0xD1, 0x4C, 0x0E, 0xD5, 0x6C, 0x1F, 0x69, 0x04, 0xEB, 0x37,
    0x00, 0x87, 0xDB, 0x50, 0xCF, 0x4F, 0x0E, 0x0F, 0xC4, 0x1F, 0x95, 0xE3, 0xF1, 0xAA, 0xBD, 0x01,
    0x82, 0x16, 0x46, 0x12, 0x9D, 0x99, 0xBC, 0xCE, 0xAF, 0xE6, 0xCE, 0x33, 0xFD, 0xAD, 0x76, 0x65,
    0x6E, 0x8D, 0xF1, 0xDD, 0xCA, 0x69, 0xD3, 0x56, 0x33, 0xDA, 0xD1, 0x2D, 0xD1, 0x76, 0x3F, 0x91,
    0x18, 0x65, 0x09, 0x64, 0x11, 0x64, 0x01, 0xE4, 0x12, 0xC8, 0xC5, 0xA9, 0x8A, 0xF7, 0x5E, 0xD9,
    0xCA, 0xAB, 0x3A, 0xE7, 0x91, 0x5A, 0xB0, 0xF1, 0x3B, 0x39, 0x27, 0xBC, 0x9D, 0x43, 0x29, 0x65,
    0xEE, 0xC1, 0x40, 0x29, 0x3C, 0xD9, 0x3C, 0x99, 0x91, 0x79, 0x71, 0x00, 0xC8, 0xCC, 0x31, 0xFC,
    0xF4, 0xB7, 0xF9, 0x09, 0xD7, 0x59, 0xD4, 0x64, 0xF0, 0xDE, 0x20, 0xAB, 0xF7, 0x13, 0x70, 0x9D,
    0x48, 0xBA, 0x6F, 0x6D, 0x62, 0xA8, 0xB3, 0x35, 0xB9, 0x93, 0x99, 0xBA, 0xED, 0x7C, 0xDE, 0x77,
    0xBE, 0xA8, 0x41, 0xF9, 0xFB, 0xF1, 0xAD, 0xE9, 0x8F, 0x40, 0x6E, 0xC2, 0xB9, 0x65, 0xA6, 0xF8,
    0xEC, 0x94, 0xA4, 0x73, 0x7F, 0xFA, 0x12, 0xE4, 0x47, 0xCF, 0x6C, 0x4D, 0x13, 0x0C, 0xE4, 0xA1,
    0xD3, 0xF3, 0xF2, 0x34, 0xFF, 0xE4, 0x71, 0x06, 0xB2, 0x40, 0x83, 0xA2, 0x87, 0x2C, 0x6C, 0x51,
    0x90, 0x0C, 0x3C, 0xCB, 0xE8, 0xF8, 0xE6, 0xAE, 0xEA, 0x7C, 0x95, 0x83, 0x8F, 0xDD, 0x0D, 0xA7,
    0x8F, 0xDB, 0xC0, 0x29, 0xD3, 0xDF, 0x29, 0xD0, 0x5F, 0x65, 0xA0, 0xBF, 0x2C, 0x40, 0x3F, 0xAC,
    0x40, 0x55, 0x2A, 0x34, 0x8A, 0x41, 0x03, 0x05, 0xEA, 0xE5, 0xA0, 0x4E, 0x09, 0x4A, 0x3D, 0xA1,
    0xA9, 0xD0, 0xE8, 0x0E, 0xA8, 0x2F, 0xEB, 0x81, 0xAE, 0x50, 0xBB, 0x59, 0xFD, 0x4C, 0xB9, 0xAF,
    0x35, 0xA9, 0x69, 0x9E, 0x6F, 0xEA, 0x43, 0x12, 0x09, 0x22, 0xA9, 0x21, 0x14, 0xBE, 0xA9, 0x6C,
    0x96, 0x09, 0xAD, 0xB1, 0x0C, 0x73, 0x26, 0xE1, 0x50, 0xB1, 0x8D, 0x50, 0xB1, 0x96, 0x50, 0xF1,
    0xB8, 0xB1, 0xF2, 0xC9, 0x00, 0xC0, 0xC4, 0x42, 0x23, 0x15, 0x9C, 0xD1, 0x5C, 0xCD, 0x49, 0x86,
    0x53, 0xD8, 0x1B, 0xCF, 0x0D, 0x89, 0xA7, 0xCD, 0x47, 0xE3, 0x4E, 0x4B, 0xF3, 0xEA, 0x24, 0x67,
    0xF1, 0x3D, 0x97, 0x3A, 0x44, 0x5B, 0x8A, 0xB4, 0xA1, 0x3A, 0x89, 0x16, 0xA6, 0xD3, 0x5A, 0x0E,
    0x89, 0x6E, 0x20, 0xF1, 0x0D, 0x51, 0x12, 0xF3, 0xFA, 0x4D, 0xF9, 0x97, 0x36, 0x9F, 0xA7, 0x85,
    0x99, 0x0A, 0x89, 0x2E, 0x97, 0x34, 0x1F, 0x7A, 0x15, 0xDE, 0x68, 0xD6, 0xCC, 0x75, 0x4D, 0x1E,
    0xBE, 0xD3, 0x70, 0x72, 0xD6, 0x06, 0x8B, 0x33, 0xFD, 0x10, 0x3E, 0xC0, 0xAF, 0xBB, 0x52, 0x05,
    0x6F, 0x27, 0x12, 0xA6, 0xE8, 0x6C, 0xF4, 0x98, 0x1F, 0xCC, 0xE2, 0x1C, 0xBB, 0x5F, 0x49, 0x19,
    0xD5, 0x24, 0x45, 0xD1, 0x13, 0x15, 0xD5, 0x3F, 0xA8, 0xA8, 0x4C, 0x14, 0x55, 0x88, 0x72, 0xAA,
    0x51, 0x45, 0xAD, 0x3D, 0x56, 0x51, 0x57, 0xF7, 0x60, 0x60, 0x50, 0xD4, 0x9B, 0x22, 0xF5, 0x35,
    0xE0, 0x72, 0x0F, 0xA2, 0x7A, 0xB2, 0x02, 0xC4, 0xD1, 0xCA, 0x98, 0x4E, 0xDE, 0xEA, 0x23, 0x41,
    0x3C, 0xA4, 0x3A, 0x8C, 0x4E, 0x64, 0x65, 0x4A, 0x07, 0x86, 0x8F, 0x10, 0x59, 0xF3, 0x5F, 0x80,
    0xB3, 0xDC, 0x41, 0xC7, 0xEC, 0x78, 0x04, 0xFC, 0x67, 0xD9, 0x46, 0x33, 0x83, 0x65, 0x32, 0x8A,
    0xB6, 0x7A, 0x28, 0xB9, 0xC2, 0xCF, 0xBA, 0x19, 0xDE, 0x58, 0x36, 0x2E, 0xA4, 0xCE, 0xA3, 0x2B,
    0x36, 0x77, 0xA5, 0x7A, 0xB3, 0x2E, 0x15, 0x9E, 0xC8, 0xD0, 0x6A, 0x84, 0x8E, 0xFE, 0xBE, 0x2B,
    0x57, 0xEA, 0xBB, 0xA2, 0xD8, 0xD4, 0x79, 0xB8, 0x35, 0xDD, 0xB2, 0xEE, 0x85, 0xDA, 0xE8, 0xD1,
    0xF4, 0xFE, 0xD8, 0xD5, 0xA1, 0x7B, 0xE4, 0x74, 0x51, 0x55, 0xF6, 0x14, 0x54, 0xCE, 0x49, 0x4A,
    0x81, 0x9A, 0x4B, 0x4F, 0xD7, 0x5D, 0x06, 0x07, 0x7E, 0x5B, 0xE7, 0x76, 0x23, 0x59, 0xEE, 0xE6,
    0x19, 0x88, 0xEF, 0xC1, 0xBD, 0xEC, 0x0D, 0xBE, 0x22, 0x71, 0x33, 0xC6, 0x90, 0xFF, 0x16, 0x26,
    0x12, 0xBB, 0xEE, 0x50, 0xB3, 0x77, 0xE2, 0xA4, 0xA1, 0x20, 0x8B, 0xDD, 0x4E, 0xEC, 0x24, 0x2E,
    0x5F, 0xD6, 0x62, 0x54, 0x50, 0x0D, 0xCB, 0xA6, 0x8B, 0x08, 0xBD, 0x22, 0xAE, 0xEF, 0x8E, 0xEC,
    0x14, 0xA9, 0x20, 0x98, 0x5D, 0xC8, 0x4A, 0x6D, 0xE7, 0xB6, 0x8C, 0x64, 0x8C, 0xAE, 0x19, 0x52,
    0x27, 0x0A, 0x17, 0xEF, 0x4F, 0x79, 0xEC, 0xBD, 0xDF, 0x61, 0xBF, 0xA7, 0x68, 0x31, 0xD0, 0xD5,
    0xF6, 0x9C, 0x9D, 0x7A, 0xF2, 0xFA, 0xF4, 0x70, 0xB1, 0x52, 0x8E, 0x55, 0x90, 0x11, 0xEE, 0x5D,
    0xB9, 0xBF, 0xB2, 0x8E, 0x2D, 0x35, 0xDC, 0xD9, 0x12, 0x82, 0x2D, 0xFE, 0x9C, 0x37, 0x39, 0xFC,
    0x39, 0x48, 0x2C, 0x53, 0x5B, 0x84, 0x29, 0xCE, 0x93, 0xF5, 0x0C, 0xF9, 0xEC, 0x49, 0x9E, 0xA2,
    0x3F, 0x3B, 0xBE, 0x4C, 0x3E, 0x3E, 0x8C, 0x1A, 0x9F, 0xBF, 0xBE, 0x32, 0x7E, 0x7E, 0x70, 0x5F,
    0xD3, 0x0E, 0xCF, 0x46, 0xBA, 0x5D, 0x2F, 0x31, 0xE5, 0x82, 0x44, 0xF7, 0xEB, 0x27, 0x9A, 0x0F,
    0x56, 0x56, 0xB8, 0xD7, 0xFA, 0x8C, 0x43, 0x41, 0xCD, 0x27, 0x3B, 0x16, 0xE6, 0x19, 0x7B, 0x0C,
    0xBA, 0xE9, 0xB7, 0xF7, 0xD3, 0x98, 0x9B, 0xFC, 0x0F, 0x2D, 0x38, 0x67, 0xF4, 0xD9, 0x3A, 0xC6,
    0x3E, 0x96, 0x5F, 0xF8, 0x66, 0x2F, 0xD7, 0x6B, 0xD1, 0x39, 0x33, 0x62, 0xD6, 0x61, 0xCC, 0x52,
    0x4C, 0x4F, 0xD7, 0x6C, 0xFB, 0xA2, 0x0C, 0x54, 0x38, 0xA4, 0xAE, 0xA8, 0xE8, 0x1A, 0x37, 0xF6,
    0xAB, 0xEE, 0x4C, 0xC6, 0xC8, 0xD8, 0xA6, 0xA3, 0x56, 0xB7, 0x09, 0x72, 0x82, 0x8E, 0x49, 0xB6,
    0xAC, 0x72, 0xE8, 0xFE, 0x47, 0x77, 0x22, 0xAC, 0x76, 0x57, 0x65, 0x65, 0xBA, 0xAD, 0x53, 0x5D,
    0x09, 0x05, 0xC7, 0x48, 0x90, 0xE8, 0xD5, 0xEA, 0x62, 0xA6, 0x42, 0x95, 0x61, 0x03, 0xEB, 0x8E,
    0x1D, 0x64, 0xD9, 0xC5, 0x60, 0x55, 0x7B, 0xB8, 0xA0, 0x2D, 0x24, 0x8C, 0x9B, 0xDB, 0x38, 0xAA,
    0xEC, 0xC7, 0xFE, 0x9E, 0x14, 0x61, 0xF5, 0x74, 0xD3, 0xD6, 0xB2, 0xB0, 0xF1, 0xE8, 0xE5, 0x18,
    0xFE, 0xF7, 0x2B, 0x23, 0x2C, 0x6D, 0x86, 0xC9, 0x5C, 0x5E, 0x77, 0xDA, 0x5F, 0xD4, 0x9D, 0xD6,
    0x43, 0x8E, 0xA8, 0x7B, 0x3A, 0x88, 0x45, 0xB9, 0xF9, 0x49, 0x45, 0x02, 0xB7, 0x8B, 0x65, 0x73,
    0x75, 0x5C, 0x89, 0xCA, 0x27, 0x4B, 0xA4, 0x06, 0x12, 0x75, 0x8D, 0x44, 0xC3, 0x12, 0xC0, 0xD0,
    0xB1, 0x87, 0x83, 0xD8, 0x69, 0x61, 0x2C, 0xF9, 0x3F, 0xA6, 0x68, 0x4D, 0x52, 0xDE, 0xFC, 0x6E,
    0xE5, 0x7A, 0xE9, 0x13, 0xB5, 0x5F, 0x67, 0xCC, 0xE1, 0x5C, 0x44, 0xD8, 0x71, 0x41, 0xD0, 0xDD,
    0x9E, 0x1C, 0x71, 0x4C, 0x4D, 0xF1, 0x37, 0x9F, 0x4D, 0xF1, 0xA8, 0xFB, 0x3B, 0x64, 0x63, 0x98,
    0x95, 0x6B, 0x2C, 0x4E, 0xA1, 0x17, 0xD8, 0x67, 0xE2, 0xA9, 0x29, 0x9E, 0x90, 0xC9, 0x4B, 0x30,
    0x9F, 0x6A, 0x53, 0x77, 0x47, 0xD6, 0x0F, 0xC2, 0x3E, 0xB6, 0xF6, 0x64, 0x3E, 0xA7, 0x8C, 0x41,
    0x62, 0xE7, 0x11, 0x36, 0x56, 0xF1, 0xD5, 0xD8, 0x5B, 0x18, 0x99, 0x6A, 0x9A, 0xC7, 0xE2, 0x59,
    0x75, 0x0F, 0x9B, 0xFC, 0xD8, 0xB3, 0x21, 0x36, 0xC5, 0xAF, 0x80, 0xCE, 0xAA, 0xEE, 0x18, 0x2F,
    0xB4, 0xCB, 0x0D, 0xA7, 0xEC, 0x5F, 0xDA, 0x9F, 0xA5, 0x89, 0x2D, 0x0B, 0x77, 0xB9, 0xD9, 0x46,
    0xC2, 0xA3, 0x7D, 0x11, 0xBB, 0x2F, 0xA9, 0xD9, 0xB3, 0x61, 0xD7, 0x1B, 0xE1, 0x6F, 0xD8, 0x6D,
    0xDD, 0xA9, 0x68, 0xAD, 0x47, 0x6B, 0x1C, 0x7F, 0xB6, 0xD9, 0x49, 0xD6, 0x1D, 0xBB, 0x2E, 0x69,
    0x0E, 0xE3, 0x7B, 0x13, 0xF5, 0x98, 0x76, 0x41, 0x77, 0xFB, 0x1F, 0x14, 0x73, 0x48, 0xD5, 0x8C,
    0x66, 0x39, 0x60, 0xA1, 0x25, 0xB6, 0xA0, 0x1D, 0xE6, 0x3F, 0xA1, 0x64, 0xC8, 0xFE, 0xB6, 0x61,
    0xDF, 0x61, 0xF6, 0x59, 0x84, 0xD8, 0xDA, 0x3C, 0x0A, 0xFB, 0xBB, 0xA3, 0xEC, 0x2F, 0xC0, 0xA9,
    0x59, 0x75, 0xEC, 0xFC, 0xBB, 0xF2, 0xDE, 0xCA, 0xCF, 0xD2, 0xA5, 0x6F, 0x35, 0x43, 0x11, 0xEC,
    0x7F, 0x36, 0x60, 0xFF, 0x5B, 0x07, 0xD9, 0xCF, 0xC0, 0xFB, 0x08, 0xFB, 0x63, 0x2C, 0xDA, 0x86,
    0x45, 0x3A, 0x3E, 0x8B, 0x8E, 0x89, 0x55, 0x25, 0x84, 0x5C, 0x33, 0x43, 0xEA, 0xB6, 0xCE, 0x69,
    0xAD, 0x23, 0xF0, 0x79, 0x51, 0x62, 0xBE, 0x50, 0xCC, 0xC3, 0x81, 0xF7, 0xD6, 0x85, 0x62, 0x5D,
    0x9A, 0xE3, 0x91, 0xB4, 0xC0, 0x56, 0x14, 0x70, 0x0A, 0xED, 0x62, 0xCB, 0xC6, 0x48, 0x3D, 0xF3,
    0x79, 0xA9, 0x00, 0x9B, 0x5B, 0x6F, 0x30, 0xF8, 0xCE, 0xFF, 0xB2, 0xEF, 0x8A, 0xCD, 0xBA, 0xDC,
    0x91, 0x54, 0x80, 0x39, 0xA6, 0xEC, 0xBE, 0xDB, 0x7B, 0xB7, 0xC4, 0xD0, 0x1C, 0x92, 0xDB, 0xCB,
    0x4C, 0x66, 0x0F, 0xEC, 0x9F, 0x3B, 0x34, 0x49, 0x51, 0x97, 0xAB, 0x21, 0x96, 0x10, 0x09, 0x9A,
    0x35, 0x39, 0x37, 0xC8, 0x2B, 0x64, 0xC2, 0xF1, 0x9A, 0x0D, 0x10, 0x82, 0xEB, 0x26, 0x06, 0x89,
    0x85, 0xED, 0x7D, 0xD0, 0x21, 0xDF, 0xBA, 0xFA, 0x60, 0xF9, 0xE9, 0xF5, 0x9A, 0x82, 0xD1, 0xBE,
    0xC5, 0x89, 0x07, 0x7D, 0x0D, 0xDB, 0x94, 0x65, 0xBE, 0x95, 0xFD, 0xBE, 0xDC, 0x4A, 0x5B, 0xC1,
    0xDF, 0x8A, 0xCA, 0x2E, 0x21, 0x5B, 0x0F, 0xBE, 0x9B, 0x60, 0x0F, 0xD1, 0xC4, 0x0D, 0x17, 0x13,
    0xF1, 0xD8, 0x64, 0xF2, 0x97, 0xC7, 0xC7, 0x43, 0xC8, 0xF7, 0xFA, 0x1B, 0x0D, 0x1E, 0x83, 0x65,
    0x95, 0x92, 0x36, 0x73, 0xCA, 0x73, 0x2B, 0xEF, 0x1C, 0x4E, 0x66, 0x96, 0xAE, 0x9F, 0x43, 0x66,
    0xFD, 0x62, 0x07, 0x88, 0xD5, 0xE4, 0x2B, 0x1F, 0x33, 0x9C, 0x67, 0x6C, 0xBD, 0x93, 0xF0, 0x95,
    0x47, 0xF7, 0x83, 0x29, 0xE4, 0x4F, 0xFB, 0x31, 0xF2, 0xA7, 0x9C, 0x74, 0xF1, 0x6D, 0x3A, 0xB4,
    0x10, 0x8A, 0x6D, 0x12, 0x02, 0x6B, 0x8E, 0xA8, 0xC3, 0x66, 0x03, 0x68, 0xFF, 0x1B, 0xF2, 0xC8,
    0x40, 0x0A, 0x3E, 0x56, 0x2A, 0x0B, 0xF4, 0xC9, 0x37, 0x88, 0xFE, 0x24, 0x7F, 0x83, 0x55, 0xBD,
    0xC6, 0xE6, 0xA0, 0x24, 0x65, 0x1C, 0xDB, 0xCF, 0x60, 0x2D, 0xD3, 0xAB, 0x94, 0xE6, 0x6C, 0x13,
    0x73, 0xB9, 0x95, 0x8E, 0x4F, 0x18, 0x4F, 0x25, 0x05, 0x48, 0x49, 0x35, 0x47, 0x46, 0x73, 0xEC,
    0xD9, 0xEB, 0x3E, 0x47, 0xD7, 0x61, 0x16, 0x36, 0xB5, 0x03, 0xBD, 0xEE, 0x67, 0x4D, 0x4A, 0x44,
    0x4E, 0x08, 0x3E, 0x32, 0x39, 0xBD, 0xBA, 0x72, 0x60, 0xD3, 0xC2, 0xA9, 0xF7, 0xE8, 0xDD, 0x01,
    0x2A, 0xED, 0x63, 0xA2, 0xD2, 0x8B, 0x80, 0x4A, 0x84, 0x92, 0xA4, 0x25, 0x93, 0xAD, 0x4B, 0xC3,
    0x1D, 0x26, 0xC5, 0xA4, 0x1D, 0x26, 0x27, 0x02, 0x1B, 0x93, 0x7D, 0x5F, 0x44, 0x3A, 0x8E, 0xED,
    0x80, 0x6F, 0x63, 0x3D, 0x01, 0x78, 0x8D, 0x64, 0xC2, 0xCD, 0xEB, 0x7B, 0xB9, 0xBD, 0xCD, 0x73,
    0x26, 0xC2, 0xE5, 0xA3, 0x41, 0x65, 0x4F, 0x34, 0x20, 0xB3, 0x0D, 0x78, 0x51, 0xAA, 0xE4, 0x17,
    0xCF, 0x0C, 0xE9, 0x25, 0xF9, 0xC5, 0xCF, 0xC7, 0xC1, 0x3B, 0x39, 0xB0, 0xA1, 0x48, 0x41, 0xDE,
    0x8F, 0xF1, 0x90, 0x84, 0xEC, 0xD6, 0x97, 0xDD, 0xEC, 0xEF, 0x27, 0x0D, 0x76, 0x83, 0xFD, 0x94,
    0xB3, 0xCC, 0x7D, 0x3B, 0x67, 0x07, 0xF9, 0xC7, 0xD3, 0x1C, 0x7C, 0x96, 0x2C, 0x0F, 0x05, 0x3F,
    0x02, 0x78, 0xD1, 0xDB, 0x48, 0x31, 0x6E, 0x4A, 0x7A, 0x5A, 0x9C, 0x93, 0x22, 0xAA, 0x14, 0xC0,
    0xE2, 0xD9, 0x93, 0x85, 0xDA, 0xAD, 0x05, 0xEC, 0xBB, 0x94, 0x27, 0x1C, 0x30, 0x31, 0xFF, 0x02,
    0xD1, 0x23, 0xA7, 0xA9, 0x74, 0x1A, 0x01, 0xC6, 0x4B, 0x63, 0x4F, 0xE9, 0x5C, 0xCD, 0xED, 0x74,
    0x9A, 0xC6, 0xF6, 0x42, 0x00, 0xB8, 0xA2, 0x4C, 0x46, 0xCB, 0x00, 0x94, 0xCD, 0xAA, 0xEC, 0xC4,
    0x27, 0x61, 0x3E, 0xD5, 0x8F, 0xFB, 0xC4, 0xA3, 0x86, 0x63, 0x20, 0xB0, 0x8F, 0x0F, 0x41, 0xA7,
    0x19, 0x6F, 0xAE, 0x7E, 0xEA, 0xA8, 0x49, 0x8C, 0x84, 0x2C, 0xA1, 0x3F, 0x2C, 0x15, 0x9B, 0x41,
    0x66, 0xA6, 0x3F, 0xC7, 0x8C, 0xCF, 0xC0, 0x6C, 0x9E, 0xBF, 0x69, 0x6A, 0x9A, 0x99, 0xAD, 0x26,
    0xFA, 0x79, 0x79, 0x5F, 0xDD, 0x8F, 0xF1, 0xDE, 0x33, 0x13, 0xAA, 0x42, 0x81, 0x82, 0xDF, 0x09,
    0xA7, 0x03, 0x5E, 0x89, 0xE5, 0xFB, 0x8A, 0x4E, 0x57, 0x24, 0x29, 0xFD, 0xD9, 0x1E, 0x9D, 0x46,
    0xF4, 0x7B, 0x7E, 0x1D, 0xEB, 0xC6, 0x11, 0x5D, 0x8A, 0xC0, 0x4E, 0x44, 0xD7, 0xC3, 0x78, 0x01,
    0x4F, 0x13, 0xDC, 0x0A, 0x92, 0xEB, 0x98, 0xDB, 0x32, 0x5F, 0x31, 0x68, 0xFE, 0x87, 0x1D, 0xAF,
    0x83, 0xE0, 0xFC, 0x13, 0xE5, 0x7E, 0x8A, 0x65, 0xF1, 0xFF, 0x4E, 0x9C, 0xCF, 0xB1, 0x15, 0xF4,
    0x61, 0x6C, 0x3F, 0xD4, 0xE1, 0x8E, 0x3C, 0x41, 0x84, 0xA1, 0x07, 0x14, 0xF1, 0x74, 0x4F, 0x6A,
    0x62, 0x04, 0xE4, 0xBB, 0x88, 0x58, 0x65, 0x89, 0xE1, 0x7A, 0x53, 0x1B, 0x36, 0x65, 0x10, 0x1D,
    0xB1, 0x18, 0x6F, 0xE7, 0xFE, 0xA7, 0xC8, 0xE8, 0x6B, 0xA5, 0x2C, 0x48, 0xF9, 0x9B, 0x2F, 0x7C,
    0xFD, 0xA0, 0xB8, 0x7E, 0xFD, 0xCB, 0x5A, 0xB5, 0xBA, 0x33, 0xFD, 0xB7, 0x76, 0x63, 0xF6, 0x5F,
    0xA8, 0x8D, 0xBA, 0x78, 0xE6, 0x01, 0x0B, 0x6F, 0xDC, 0xD8, 0x75, 0x8E, 0x32, 0x9D, 0x1F, 0x43,
    0xDB, 0x95, 0xEB, 0xC7, 0xCC, 0xEF, 0x5D, 0xCF, 0xFF, 0x2B, 0x66, 0x77, 0xFD, 0xB4, 0x8B, 0x65,
    0xDB, 0xE8, 0x8C, 0xF3, 0x09, 0x33, 0x1B, 0x7E, 0x9F, 0xD9, 0xE7, 0xEE, 0x76, 0xAC, 0x2F, 0x65,
    0xF3, 0x8A, 0xD4, 0x15, 0xDC, 0x4C, 0x76, 0x85, 0x39, 0x1D, 0x09, 0xB6, 0x19, 0x6C, 0x29, 0xC4,
    0xCF, 0xCB, 0x3C, 0x02, 0xBF, 0xFC, 0x3F, 0x78, 0xAA, 0x2B, 0xBE, 0x30, 0xF2, 0x64, 0x90, 0x20,
    0xDF, 0x02, 0xEC, 0x8C, 0xB5, 0x93, 0x70, 0xBC, 0xEB, 0xC2, 0x10, 0x4F, 0xC3, 0x0E, 0xCF, 0x40,
    0xFC, 0x4B, 0x48, 0xB4, 0xAE, 0xA1, 0x00, 0x0D, 0xEF, 0xFE, 0x11, 0xB7, 0xE2, 0x7E, 0x91, 0x34,
    0x7B, 0x64, 0xFB, 0xCF, 0x16, 0x67, 0xBD, 0xD6, 0xFF, 0x07, 0xCC, 0xA4, 0x83, 0x3D, 0x35, 0x83,
    0xCD, 0xD4, 0x1E, 0x12, 0xDC, 0x73, 0xC8, 0xF5, 0x2E, 0x61, 0x07, 0xF0, 0xEC, 0x18, 0x5A, 0x00,
    0x4A, 0x05, 0xF7, 0xAD, 0xF5, 0xD8, 0xEB, 0x08, 0x44, 0xB4, 0x03, 0xC3, 0xC0, 0xC3, 0x04, 0xD8,
    0x21, 0x50, 0xD9, 0x8C, 0xC9, 0x1D, 0xA0, 0xBD, 0x8E, 0x35, 0xE8, 0x08, 0x29, 0x7B, 0xF0, 0x17,
    0xD0, 0xC0, 0xCF, 0x48, 0x6F, 0x6F, 0x90, 0x34, 0x40, 0x86, 0x98, 0xCE, 0xB6, 0x47, 0x36, 0x19,
    0x27, 0xA4, 0xF7, 0x98, 0xAD, 0xC3, 0xE1, 0x09, 0x63, 0xF2, 0xB0, 0x40, 0xA8, 0x9F, 0x78, 0x8B,
    0x6F, 0xA2, 0xEE, 0x5E, 0x1B, 0x22, 0xFF, 0xD2, 0x04, 0xC0, 0x72, 0x00, 0x06, 0xCB, 0x6C, 0x00,
    0x3B, 0xDF, 0x00, 0x16, 0xDF, 0x6A, 0x00, 0xFB, 0xF8, 0xB8, 0x80, 0x49, 0x78, 0xDE, 0x6E, 0xE2,
    0x63, 0xD9, 0x09, 0x73, 0xFA, 0xC0, 0x63, 0x05, 0xA8, 0x34, 0xF5, 0x39, 0x74, 0xE5, 0x6B, 0x0A,
    0x08, 0x2C, 0x59, 0xED, 0xA6, 0x5E, 0x34, 0x40, 0xAA, 0xAC, 0x1F, 0xB5, 0xA9, 0x1A, 0x34, 0x64,
    0x41, 0x40, 0x2F, 0x9F, 0xC5, 0xA6, 0x75, 0x39, 0x69, 0x9B, 0x93, 0xAE, 0x42, 0x69, 0x4C, 0x85,
    0xD8, 0x05, 0x20, 0xF5, 0xB2, 0x7A, 0x6B, 0xB8, 0xB6, 0xB8, 0xA3, 0x17, 0xFE, 0x1D, 0xB3, 0x25,
    0x79, 0xFE, 0xE0, 0x22, 0x21, 0xAE, 0xEB, 0xAE, 0xB4, 0x15, 0x7C, 0x09, 0x36, 0x64, 0xE4, 0xB8,
    0xDE, 0x35, 0xD7, 0xA3, 0x47, 0xBD, 0x2B, 0x11, 0x4D, 0xB0, 0x6A, 0x6D, 0xC5, 0x29, 0x19, 0x2A,
    0x69, 0x6A, 0x77, 0x65, 0x55, 0x49, 0x1F, 0x22, 0xA5, 0xCC, 0xDD, 0x42, 0xC6, 0xF7, 0x62, 0x0E,
    0xE5, 0xAD, 0x20, 0x6F, 0x09, 0x91, 0x0A, 0x0C, 0x80, 0x51, 0x79, 0xD3, 0x81, 0xBC, 0xE5, 0x40,
    0xDE, 0x4E, 0xA3, 0xE0, 0x76, 0xB3, 0x6F, 0xD2, 0x2E, 0x07, 0xF2, 0x76, 0x20, 0xAF, 0x9A, 0x20,
    0x2F, 0x3C, 0x17, 0xD6, 0x60, 0x70, 0x4C, 0xD8, 0xBB, 0x8A, 0x6B, 0x7A, 0x2B, 0x2D, 0x55, 0xB2,
    0xAC, 0xC5, 0x98, 0xAC, 0x1D, 0xDD, 0x9B, 0x29, 0x98, 0x31, 0x1F, 0xB1, 0x97, 0x5B, 0x2A, 0x50,
    0xB6, 0x8A, 0x62, 0x47, 0xA5, 0x2B, 0x97, 0xB5, 0xAC, 0x92, 0x07, 0x77, 0x60, 0x8B, 0xB7, 0x61,
    0x66, 0xA1, 0x3C, 0x54, 0x98, 0xBD, 0x48, 0x05, 0x13, 0xBD, 0xCC, 0x7F, 0x5E, 0x7C, 0x83, 0x9C,
    0x8F, 0x90, 0x2F, 0x76, 0x48, 0xD2, 0x9A, 0x6F, 0x4E, 0x51, 0xC1, 0x70, 0x99, 0x01, 0x7B, 0xA4,
    0x85, 0x20, 0x21, 0xF3, 0x74, 0x85, 0x3D, 0x85, 0x3D, 0x4F, 0x73, 0x5D, 0x19, 0x9F, 0xF4, 0x07,
    0xD5, 0x57, 0x3D, 0x8C, 0xDC, 0x54, 0x10, 0x1E, 0xBF, 0x47, 0xCE, 0x12, 0x56, 0xE2, 0x6B, 0x68,
    0xB8, 0xE4, 0xDC, 0x50, 0x80, 0x74, 0x39, 0x53, 0xA4, 0x48, 0x01, 0x79, 0xAE, 0xA8, 0x69, 0x2E,
    0x4D, 0x1A, 0x8A, 0x54, 0xA4, 0xD8, 0x26, 0x12, 0x14, 0xC9, 0xAE, 0x1B, 0x7A, 0xF7, 0x34, 0x57,
    0xA2, 0x4B, 0x71, 0x48, 0xA4, 0xD8, 0x62, 0x77, 0x6D, 0x44, 0x41, 0xC9, 0x16, 0xF4, 0x31, 0x12,
    0x48, 0x5C, 0x90, 0xC0, 0x85, 0x41, 0xBE, 0x93, 0xED, 0xC7, 0x37, 0xE3, 0xF5, 0xED, 0xEE, 0xA5,
    0xE0, 0x94, 0x04, 0x8E, 0x7B, 0xF2, 0x7E, 0x77, 0x7E, 0x3F, 0xF3, 0xE6, 0xCD, 0x7C, 0xF3, 0x66,
    0x4C, 0x44, 0xF4, 0x06, 0x71, 0x0B, 0x57, 0x30, 0x10, 0xF4, 0x89, 0x36, 0x6C, 0x72, 0x8D, 0xC8,
    0x1C, 0x34, 0xD7, 0xC9, 0xA9, 0x28, 0x28, 0xC9, 0xCD, 0xF9, 0xF1, 0x33, 0x52, 0x25, 0x85, 0x11,
    0x51, 0x4D, 0x06, 0x33, 0xA7, 0x34, 0x04, 0x0E, 0xA9, 0x01, 0x9A, 0x05, 0xD6, 0x2B, 0xB8, 0xDA,
    0x3F, 0x93, 0x99, 0xDD, 0x2A, 0x23, 0x12, 0x3A, 0x69, 0x9D, 0x64, 0xDE, 0x25, 0x26, 0x1A, 0x1D,
    0xF0, 0x64, 0xEC, 0x2E, 0x8A, 0xB0, 0x82, 0x77, 0x64, 0x71, 0xA7, 0x9A, 0x4F, 0x83, 0x9F, 0xAF,
    0xEA, 0xE3, 0x74, 0xC7, 0xCF, 0xBC, 0xC2, 0x90, 0x2E, 0x86, 0x10, 0x30, 0x85, 0x28, 0x2C, 0xAA,
    0xEB, 0x95, 0x1F, 0xF7, 0x0D, 0x21, 0x93, 0xE7, 0x60, 0x6E, 0x86, 0x35, 0x84, 0xB5, 0x22, 0x94,
    0x36, 0x05, 0x27, 0x2B, 0xF8, 0x48, 0xF0, 0x03, 0xC1, 0xCF, 0xAD, 0xCD, 0x02, 0x9B, 0xDF, 0x3B,
    0x89, 0x36, 0xA6, 0x58, 0xCD, 0xDD, 0xAF, 0x0D, 0x4B, 0xC1, 0x0A, 0x9B, 0x90, 0x03, 0x35, 0xD1,
    0xD9, 0x92, 0xCA, 0x71, 0xEA, 0x1F, 0x83, 0x0C, 0x27, 0xB4, 0x16, 0xFB, 0x3B, 0xE9, 0x42, 0xCD,
    0xA7, 0x0C, 0xF5, 0xA9, 0x92, 0xA2, 0xDD, 0x2D, 0x86, 0x7C, 0x50, 0x28, 0x1B, 0x31, 0xB0, 0x5C,
    0x73, 0x7E, 0x28, 0x19, 0x2A, 0xB2, 0xA4, 0x9A, 0x2D, 0xD8, 0xC3, 0xB6, 0x61, 0x4E, 0x61, 0x1E,
    0x96, 0xE4, 0xC8, 0x86, 0x3A, 0xDE, 0xE6, 0xFD, 0xCB, 0x31, 0xBF, 0x8C, 0x0A, 0xE1, 0x43, 0x46,
    0x67, 0x9A, 0x1F, 0x0B, 0x4A, 0x7F, 0x38, 0x67, 0x34, 0x39, 0xE3, 0x67, 0x32, 0xFF, 0x9B, 0x92,
    0xF1, 0xA7, 0x8A, 0xE5, 0x64, 0xAC, 0xBB, 0xCE, 0xD8, 0x9F, 0x3A, 0x62, 0x9A, 0x78, 0xE2, 0x47,
    0x5F, 0x9C, 0x7F, 0x43, 0x44, 0xEF, 0x1E, 0x1C, 0x02, 0x8D, 0xB5, 0x10, 0xF4, 0x90, 0x5C, 0x88,
    0xF8, 0x5A, 0x4C, 0x95, 0x93, 0xAA, 0xC8, 0x99, 0xB3, 0x91, 0x74, 0xC6, 0x46, 0x78, 0x70, 0x44,
    0x6F, 0xDB, 0x04, 0xF6, 0x31, 0xB6, 0x60, 0x5A, 0xB8, 0xD1, 0x0E, 0xA9, 0x39, 0x2C, 0xF4, 0x17,
    0x5B, 0x0F, 0x53, 0x98, 0x92, 0x2B, 0xCD, 0x81, 0x44, 0xFF, 0xCB, 0x5A, 0x58, 0x37, 0x03, 0x4E,
    0xF0, 0xDB, 0x94, 0xED, 0x47, 0x98, 0x6B, 0xC9, 0x05, 0x33, 0x4C, 0x6C, 0x64, 0xAC, 0x11, 0xB6,
    0x1A, 0xB8, 0xC2, 0x46, 0xE6, 0xC9, 0xE0, 0x57, 0xAF, 0xF2, 0x70, 0x8A, 0xE8, 0xA9, 0x8E, 0x77,
    0x03, 0xF2, 0x6B, 0x51, 0x48, 0x1A, 0x88, 0xF1, 0xE0, 0x24, 0xC2, 0xEB, 0x4B, 0x3C, 0x58, 0x88,
    0xE5, 0x10, 0x92, 0x50, 0xF2, 0x50, 0x67, 0x37, 0x21, 0xB9, 0x21, 0x0F, 0x87, 0x4C, 0x7A, 0x95,
    0x3F, 0xE1, 0xF3, 0x9B, 0x82, 0xB6, 0xFE, 0x49, 0xD4, 0xD6, 0x71, 0x64, 0x6C, 0xEF, 0x97, 0xEB,
    0xF4, 0x2E, 0xDB, 0x34, 0x62, 0x1D, 0xF5, 0x6F, 0xE2, 0x0F, 0x2B, 0xA6, 0x78, 0xEF, 0xAC, 0xE3,
    0xBA, 0x98, 0x32, 0x1C, 0x5F, 0x5D, 0xAC, 0x5D, 0x44, 0x44, 0x3B, 0xA4, 0x32, 0x0F, 0xC4, 0x07,
    0x99, 0x1F, 0x83, 0x24, 0x61, 0xD1, 0x53, 0x69, 0xD9, 0x10, 0xA5, 0x1C, 0xAD, 0x1C, 0xB5, 0x2F,
    0x1D, 0xE1, 0xCC, 0x38, 0x17, 0xA8, 0xF2, 0x9B, 0xFC, 0x32, 0xAD, 0x96, 0x3C, 0x7D, 0x73, 0x9D,
    0x28, 0xEC, 0x54, 0xDF, 0x16, 0x1C, 0xED, 0xB3, 0xE4, 0xC2, 0xA2, 0x5D, 0x6E, 0xA4, 0xDB, 0xA0,
    0x3D, 0xF9, 0xCC, 0x77, 0xF7, 0x19, 0x94, 0xD4, 0xED, 0x69, 0xFC, 0xAF, 0xDB, 0xA7, 0x50, 0x29,
    0xA2, 0xF3, 0x75, 0x05, 0x7F, 0x4F, 0x6E, 0xDD, 0xA9, 0xB3, 0xB7, 0x77, 0xBA, 0x91, 0x3B, 0x0F,
    0xA0, 0x86, 0x5F, 0x98, 0xAC, 0xC7, 0xAE, 0xE7, 0x85, 0xF6, 0xBF, 0x30, 0xA1, 0x34, 0x89, 0x8B,
    0xB7, 0xF6, 0xD6, 0x94, 0x7C, 0xEC, 0x60, 0xBE, 0x65, 0x79, 0x02, 0xF2, 0xBA, 0x6C, 0x9B, 0xA0,
    0xE4, 0xA8, 0xD0, 0x16, 0x61, 0xE7, 0xA4, 0xAF, 0x60, 0x4C, 0xC3, 0xC6, 0x34, 0x6C, 0x4C, 0x61,
    0x1C, 0x02, 0x82, 0xE9, 0x57, 0x76, 0xD7, 0xEA, 0xE5, 0x33, 0xA6, 0xC3, 0xAA, 0xB9, 0x59, 0x7F,
    0xD3, 0x8B, 0xA6, 0x1F, 0xF2, 0xC0, 0xFB, 0xFF, 0xB2, 0x45, 0x53, 0x58, 0xD4, 0xB3, 0xAB, 0xF4,
    0x74, 0x24, 0x3B, 0xE9, 0xEC, 0x1A, 0x0B, 0x2F, 0x25, 0x53, 0x8B, 0x9D, 0x3B, 0xCD, 0x2E, 0x21,
    0x49, 0x6F, 0x21, 0x07, 0xD0, 0x36, 0xC7, 0xB9, 0xF7, 0x8C, 0x49, 0xC2, 0xD7, 0x23, 0xDD, 0xBF,
    0x00, 0xBA, 0xB2, 0x71, 0x45, 0xBA, 0xD3, 0xDD, 0x32, 0xC3, 0x2E, 0xEC, 0xA3, 0x4B, 0x67, 0xD6,
    0x2B, 0x42, 0x87, 0x68, 0xC9, 0x09, 0x1E, 0x29, 0xFE, 0x0B, 0xBA, 0xBE, 0x68, 0xD1, 0xF5, 0xF4,
    0xB3, 0xBB, 0x4C, 0x3F, 0xDD, 0xD8, 0xC6, 0x59, 0x23, 0x3A, 0x69, 0x8B, 0xAE, 0xF0, 0xE8, 0xB0,
    0xE4, 0xF3, 0x21, 0x67, 0xB2, 0x8E, 0x95, 0x1C, 0x64, 0x2C, 0x69, 0x79, 0x2C, 0x09, 0xB6, 0xF7,
    0x8E, 0xDC, 0x2B, 0x92, 0x7E, 0xFB, 0xDC, 0x00, 0x3C, 0x38, 0x88, 0x1B, 0x71, 0xC5, 0x54, 0xDE,
    0x87, 0xD4, 0x27, 0xF3, 0x9A, 0xC2, 0x78, 0x91, 0x96, 0x81, 0x6C, 0xD1, 0x5A, 0x76, 0x01, 0x86,
    0x2D, 0x9B, 0xCE, 0x49, 0x8F, 0x17, 0x7A, 0x64, 0x1B, 0x28, 0xBE, 0x6E, 0xC0, 0xE4, 0x88, 0xB0,
    0x80, 0xD3, 0x32, 0xAC, 0xA4, 0x56, 0x94, 0x4D, 0x93, 0x1D, 0xF7, 0xC4, 0xD6, 0x7E, 0x66, 0xBE,
    0x0A, 0xE3, 0x30, 0x32, 0x51, 0x80, 0xF4, 0x8C, 0x37, 0xFC, 0x0D, 0xA3, 0x20, 0xE6, 0xFF, 0xDC,
    0x7C, 0x86, 0xC2, 0xAB, 0x24, 0xFD, 0x05, 0xD7, 0x7A, 0x10, 0x01, 0x9E, 0x7B, 0xD0, 0x4A, 0x59,
    0x5B, 0x78, 0x28, 0xB9, 0xEE, 0x2C, 0xD2, 0x36, 0x76, 0xAF, 0x1A, 0xD4, 0x99, 0x29, 0x3C, 0x15,
    0x1E, 0xA5, 0xD1, 0x86, 0x85, 0x26, 0x5A, 0x6A, 0x17, 0x2D, 0x37, 0xA6, 0xD3, 0x9D, 0xAF, 0xAB,
    0xE9, 0xD4, 0x99, 0xFA, 0x00, 0x05, 0x20, 0x33, 0xAE, 0x26, 0x66, 0x5C, 0x2B, 0x1C, 0x41, 0xC5,
    0x03, 0xFC, 0x23, 0x63, 0xFC, 0x21, 0x67, 0xFC, 0xAE, 0x64, 0xFC, 0xB6, 0x66, 0xCC, 0x52, 0x41,
    0x13, 0x31, 0x06, 0x19, 0xA3, 0x57, 0x30, 0xEA, 0x8A, 0x91, 0x1A, 0xC1, 0x54, 0xD0, 0x4C, 0x18,
    0x7D, 0x29, 0x3B, 0x5D, 0x41, 0xD5, 0x97, 0xA0, 0x69, 0xCB, 0xDF, 0x09, 0xCC, 0xBA, 0x1D, 0xA6,
    0x24, 0xDA, 0x4C, 0xEE, 0xA2, 0x53, 0xDA, 0xA9, 0xFC, 0xB4, 0x6A, 0xDF, 0x5C, 0x2B, 0xBC, 0xE2,
    0x41, 0x4E, 0xA3, 0xEF, 0x6D, 0x4D, 0xF6, 0xF7, 0x8F, 0x1A, 0x84, 0x13, 0x16, 0x62, 0xC1, 0x88,
    0xC1, 0x9C, 0x1B, 0x06, 0xBF, 0x5C, 0x49, 0x51, 0x00, 0xE3, 0xE8, 0x70, 0x1D, 0xA9, 0xF6, 0x30,
    0xF7, 0xE7, 0xBA, 0x08, 0x62, 0x8D, 0xEF, 0x20, 0x55, 0x98, 0xC8, 0xD9, 0x37, 0x70, 0xB5, 0x81,
    0x15, 0x83, 0x8A, 0xCD, 0x9E, 0xC0, 0x15, 0x0D, 0xD7, 0xBA, 0x38, 0x02, 0xD7, 0xCC, 0xDC, 0xAB,
    0x6B, 0x8E, 0xF5, 0xC9, 0xC2, 0x0D, 0x70, 0x56, 0x35, 0x43, 0xD1, 0x39, 0x7A, 0x9E, 0xC6, 0x2A,
    0xAD, 0x3A, 0x65, 0xBD, 0xB8, 0x3B, 0x8D, 0x97, 0x91, 0x9C, 0x5B, 0xE3, 0x78, 0xDB, 0xDD, 0x90,
    0xB2, 0x49, 0xF8, 0x1C, 0x35, 0xD7, 0xA4, 0xA6, 0x47, 0x0D, 0xBD, 0x03, 0xA3, 0x8F, 0x50, 0xE1,
    0xD9, 0xB9, 0xB2, 0x15, 0x6D, 0x31, 0xFF, 0x70, 0xCA, 0x92, 0x9F, 0x69, 0xFB, 0xA4, 0xDC, 0xEA,
    0xAA, 0xD0, 0xB1, 0x30, 0x6E, 0x22, 0x5F, 0x2F, 0xB7, 0xB9, 0xAE, 0x97, 0x2B, 0xC3, 0xDA, 0xEA,
    0xF8, 0x6E, 0x73, 0xB7, 0x2A, 0x30, 0xB8, 0x84, 0xF1, 0x3E, 0xE0, 0xFE, 0x82, 0xD6, 0xAF, 0x0A,
    0x9F, 0xB6, 0x09, 0xEF, 0x54, 0x2C, 0xC3, 0x7C, 0x6D, 0x8A, 0xA4, 0x11, 0xAE, 0x9C, 0xF1, 0xC1,
    0x01, 0x9B, 0xC4, 0xFD, 0xB4, 0x7D, 0xBE, 0x37, 0x94, 0x3C, 0x88, 0x43, 0xAC, 0xBF, 0xF7, 0xE7,
    0xC7, 0xE7, 0x29, 0xEF, 0x55, 0x5B, 0xD0, 0x48, 0xA4, 0xEC, 0xCA, 0xD7, 0x6A, 0x28, 0x11, 0x70,
    0x75, 0x41, 0x94, 0xBF, 0x01, 0x65, 0x8F, 0x3D, 0x4E, 0xC3, 0x40, 0x10, 0x85, 0xBF, 0xC5, 0x48,
    0x2B, 0xE4, 0xC0, 0xBA, 0x42, 0x14, 0x51, 0xDC, 0x52, 0x38, 0x59, 0x0A, 0x8A, 0x14, 0x96, 0x30,
    0x37, 0xA0, 0x49, 0xCF, 0x11, 0x28, 0x28, 0x68, 0x2C, 0x96, 0x9A, 0x4B, 0x70, 0x03, 0x28, 0x52,
    0x98, 0x26, 0xB1, 0xC4, 0x05, 0xF6, 0x08, 0x7B, 0x84, 0x2D, 0x5C, 0x50, 0x18, 0x2D, 0x93, 0xD0,
    0x85, 0x99, 0x29, 0xE6, 0xE7, 0x8D, 0xDE, 0x7B, 0x6B, 0x46, 0x9E, 0x29, 0x1B, 0xDD, 0x13, 0x28,
    0x78, 0x62, 0xCC, 0x06, 0xED, 0x4D, 0x53, 0xC9, 0x40, 0xE4, 0xE8, 0x1B, 0xFD, 0x43, 0x69, 0xA8,
    0xB3, 0xFE, 0x43, 0x10, 0xFB, 0x30, 0xFE, 0x64, 0xDE, 0x4D, 0xAE, 0x16, 0x97, 0xF7, 0x79, 0x84,
    0x06, 0x52, 0x5A, 0xAD, 0x64, 0x7F, 0xCD, 0xB4, 0x62, 0x69, 0x6E, 0x87, 0x3C, 0x05, 0x95, 0x9A,
    0x36, 0xA5, 0xB6, 0x55, 0x43, 0xCA, 0x46, 0x29, 0x69, 0x0A, 0x36, 0x6C, 0x9D, 0xEE, 0x33, 0x97,
    0x73, 0x21, 0x70, 0x1B, 0x3E, 0xBB, 0x58, 0xC7, 0xBA, 0xEB, 0x6C, 0x50, 0xE8, 0x17, 0x6F, 0xBE,
    0x42, 0xF9, 0xEA, 0xAD, 0x71, 0xF5, 0x8C, 0x87, 0x8A, 0xBB, 0x62, 0x47, 0xF6, 0xA8, 0xFC, 0x5C,
    0x3B, 0xF3, 0xBE, 0xD3, 0x21, 0x6A, 0x66, 0x58, 0x4A, 0x0C, 0x67, 0x4C, 0x45, 0x1E, 0x1C, 0x92,
    0x2C, 0xB8, 0x11, 0x84, 0xE1, 0x54, 0xAC, 0xC0, 0x31, 0x13, 0x49, 0xD3, 0xAB, 0x48, 0x3C, 0x8F,
    0x5B, 0x07, 0x4A, 0x2E, 0x4B, 0xD6, 0xF2, 0x3B, 0xB0, 0x79, 0xB3, 0x3E, 0xEE, 0xE3, 0xBF, 0xF8,
    0x3F, 0x53, 0xBF, 0xD5, 0x5A, 0x4F, 0x6C, 0x1C, 0x67, 0x15, 0x7F, 0x33, 0xB3, 0xF6, 0xD7, 0x74,
    0xB0, 0x27, 0x07, 0x1F, 0xA0, 0x4E, 0x33, 0x97, 0x1E, 0x8A, 0x94, 0x78, 0x38, 0xF4, 0xE0, 0xA2,
    0x24, 0x33, 0x2D, 0x07, 0x8E, 0x44, 0x42, 0xA1, 0x87, 0x1C, 0xC2, 0xDD, 0x42, 0x9B, 0x43, 0x24,
    0x22, 0xE4, 0x78, 0x27, 0x02, 0x89, 0x43, 0x2F, 0x39, 0x70, 0xEB, 0xA5, 0xE7, 0x54, 0x08, 0x4B,
    0x58, 0xC8, 0x11, 0xEB, 0xDD, 0x51, 0x8B, 0xC4, 0x01, 0x21, 0x0D, 0x04, 0x29, 0x87, 0x0A, 0x31,
    0x14, 0x07, 0xB5, 0x80, 0x94, 0x41, 0x2C, 0x68, 0x6D, 0xCD, 0xEE, 0xF0, 0x7E, 0xEF, 0x9B, 0x9D,
    0x1D, 0xEF, 0x3A, 0xB1, 0x1D, 0xAF, 0xED, 0xED, 0x38, 0xFB, 0xB2, 0x3B, 0x7F, 0xBE, 0xEF, 0xBD,
    0xDF, 0xF7, 0xFE, 0xCF, 0x47, 0xE4, 0x84, 0xC4, 0x87, 0x17, 0x81, 0xFA, 0xB1, 0xD0, 0x04, 0xF4,
    0xD7, 0x29, 0xE8, 0xDF, 0x3A, 0x4C, 0x8C, 0xC7, 0x5D, 0xA6, 0xE6, 0xC7, 0x19, 0x53, 0xEB, 0x7E,
    0x8F, 0xA9, 0x0A, 0xFA, 0x4C, 0x6D, 0xCA, 0x99, 0xCE, 0x53, 0x3B, 0x20, 0x7A, 0x9D, 0x1A, 0x3C,
    0xC4, 0xB5, 0x87, 0x6D, 0xA6, 0x7E, 0x9E, 0xF3, 0x40, 0x77, 0xC8, 0xE5, 0x21, 0x52, 0x72, 0x98,
    0x26, 0xA4, 0x3A, 0x64, 0xC6, 0x64, 0x65, 0x64, 0x45, 0x64, 0x66, 0xB4, 0xF2, 0x05, 0x2D, 0xE6,
    0x0F, 0xF2, 0x9C, 0xEF, 0x95, 0x79, 0x46, 0x8F, 0x7B, 0x42, 0xF3, 0x0A, 0x95, 0x33, 0x0D, 0x66,
    0xC7, 0xFA, 0x3B, 0x9F, 0x70, 0x22, 0x2F, 0x24, 0x2F, 0x74, 0x22, 0xF2, 0xF8, 0x3B, 0xD5, 0x40,
    0x88, 0x5C, 0x26, 0x8B, 0x79, 0x44, 0xB3, 0x3D, 0x5C, 0xC0, 0xD5, 0x16, 0x2E, 0xF4, 0x40, 0x32,
    0x92, 0x9F, 0x8D, 0x98, 0xFC, 0x7F, 0x7E, 0xBA, 0x4B, 0x76, 0xCF, 0xEC, 0x55, 0x27, 0x74, 0x03,
    0x48, 0x1E, 0x0D, 0x88, 0xFC, 0xA4, 0x37, 0xE5, 0x92, 0x2F, 0xDF, 0x5D, 0x41, 0xC8, 0x12, 0x6A,
    0xCB, 0x99, 0x5A, 0xF5, 0xF1, 0xCA, 0x9D, 0xBE, 0x20, 0xDA, 0x90, 0x3B, 0x9F, 0x09, 0xA2, 0x4F,
    0x20, 0xA3, 0xF1, 0x09, 0xA8, 0xF5, 0x49, 0x57, 0x50, 0xCC, 0x04, 0x3F, 0xB0, 0xE0, 0x50, 0x5F,
    0xA3, 0xC8, 0xF4, 0xB2, 0x0C, 0x51, 0xA2, 0xC8, 0x74, 0x83, 0x9C, 0x04, 0x28, 0xDA, 0x29, 0x19,
    0x25, 0x8A, 0xDD, 0x02, 0xC5, 0x3A, 0xA3, 0xD8, 0xBF, 0x5E, 0xA0, 0x08, 0x76, 0x18, 0x14, 0xF2,
    0xF8, 0x7E, 0x03, 0x53, 0xF1, 0xFF, 0x26, 0x8F, 0xF0, 0xEA, 0x90, 0x4B, 0x83, 0xD7, 0xC5, 0xF9,
    0x20, 0x23, 0x9F, 0x81, 0x68, 0x31, 0x6D, 0xF2, 0xE7, 0x3C, 0x7F, 0x98, 0x5B, 0x7E, 0x2E, 0x27,
    0xD5, 0xF5, 0x99, 0x7B, 0x5F, 0xAE, 0xF5, 0xF8, 0x83, 0x3B, 0xFB, 0x94, 0x07, 0xFE, 0x47, 0x7F,
    0xF9, 0xDC, 0xEE, 0x59, 0xD0, 0x05, 0x5A, 0x96, 0x91, 0xC0, 0xBE, 0xF3, 0x2D, 0x28, 0x8A, 0xFF,
    0x19, 0x06, 0xDE, 0x81, 0x54, 0x2A, 0x04, 0x0C, 0x06, 0xFF, 0x95, 0x87, 0xD6, 0x2E, 0x59, 0x1C,
    0xF2, 0x2A, 0xDA, 0xF5, 0x43, 0x59, 0xF5, 0x5F, 0xCA, 0x88, 0x7F, 0xC5, 0xB3, 0x46, 0x24, 0xDA,
    0x15, 0x01, 0x11, 0x2B, 0x58, 0x13, 0x74, 0x7C, 0x41, 0xC7, 0x17, 0xED, 0x02, 0xFC, 0x4B, 0x0F,
    0x7F, 0x51, 0xD1, 0x2E, 0xC5, 0x43, 0xAC, 0x93, 0x25, 0xDA, 0x65, 0x76, 0xC9, 0x88, 0xC9, 0x10,
    0xED, 0x22, 0xD1, 0xAE, 0xD7, 0x2A, 0xDA, 0xB5, 0xCE, 0xC3, 0x43, 0x71, 0xF8, 0xBB, 0x8A, 0xC8,
    0x9D, 0x97, 0xC5, 0x31, 0xFF, 0xD7, 0xE1, 0x75, 0xBC, 0x3C, 0x01, 0x6C, 0xEA, 0x9F, 0xDB, 0x5D,
    0xBB, 0x63, 0x8A, 0x74, 0x96, 0xD6, 0xE6, 0xA6, 0x03, 0x4D, 0x78, 0x45, 0x64, 0x9D, 0x62, 0x6C,
    0x96, 0x4B, 0xC3, 0xF2, 0x4B, 0xB5, 0x36, 0x7F, 0x2B, 0xFA, 0x0F, 0x1E, 0xB6, 0xB6, 0xF8, 0x67,
    0xAC, 0x95, 0x7D, 0x70, 0xC0, 0x02, 0x15, 0x2C, 0xD0, 0x15, 0x0B, 0x0C, 0x98, 0x7D, 0x57, 0xCB,
    0x20, 0x04, 0x5A, 0xEF, 0x3D, 0x8B, 0xC8, 0xDA, 0xE1, 0x9F, 0x4E, 0x0C, 0x33, 0xC4, 0x2D, 0x3E,
    0xAE, 0xFA, 0x81, 0x58, 0x25, 0x3B, 0x19, 0xE7, 0x1F, 0x6C, 0x81, 0x66, 0xBF, 0x6A, 0x81, 0x02,
    0x98, 0xE8, 0x7A, 0xA1, 0xBD, 0x4E, 0x00, 0xEA, 0x3F, 0x8E, 0x80, 0x60, 0x47, 0x10, 0xBC, 0x2C,
    0x08, 0xD2, 0xD1, 0x10, 0xFC, 0x6C, 0x1C, 0xC1, 0xD6, 0x18, 0x82, 0xDE, 0x18, 0x82, 0xB6, 0x20,
    0xA8, 0x04, 0x41, 0x4B, 0x10, 0x7C, 0x8E, 0xEF, 0xAA, 0x15, 0xBE, 0xC1, 0xC5, 0xCC, 0xA9, 0x7C,
    0x5C, 0xD6, 0x85, 0xC6, 0xC7, 0x93, 0xD6, 0xB0, 0x81, 0x9F, 0x54, 0xFD, 0x77, 0x59, 0xEC, 0xF9,
    0x9B, 0xDA, 0x2D, 0x9E, 0x07, 0xD1, 0x26, 0xAE, 0xBD, 0x77, 0x5F, 0xB4, 0x2D, 0xF6, 0x04, 0x2B,
    0x73, 0xCA, 0x2C, 0x91, 0x99, 0xFF, 0x36, 0xCD, 0xDF, 0x82, 0xC3, 0xBB, 0x3E, 0x74, 0x9C, 0xA5,
    0x35, 0x2E, 0x4D, 0xCC, 0x1A, 0x07, 0x0A, 0xD5, 0x88, 0x69, 0x54, 0x7F, 0x6A, 0xA3, 0x98, 0x7C,
    0x49, 0x62, 0xDF, 0xCC, 0x30, 0x4C, 0x81, 0xD5, 0x5D, 0xE6, 0xCE, 0x4C, 0x56, 0x21, 0x97, 0x43,
    0x74, 0x8E, 0xCC, 0x70, 0xD4, 0x4C, 0x4F, 0x31, 0x50, 0x6A, 0x35, 0xA4, 0x4D, 0x59, 0x3A, 0x51,
    0x25, 0x4B, 0x80, 0x54, 0xF7, 0x41, 0x0C, 0x85, 0x13, 0xF1, 0x92, 0xAC, 0x2B, 0x80, 0xA4, 0x7A,
    0x32, 0x2A, 0xF4, 0x34, 0xA8, 0x27, 0xFF, 0x33, 0x53, 0xCD, 0xBA, 0x0A, 0x69, 0x66, 0x7E, 0x86,
    0xEC, 0xDA, 0x1C, 0x33, 0xBE, 0xCA, 0x6C, 0x33, 0x03, 0x8D, 0x3D, 0x08, 0x4F, 0x40, 0x45, 0xB5,
    0x09, 0x74, 0xCA, 0x80, 0x4A, 0x74, 0x55, 0x63, 0x01, 0x27, 0xA7, 0x4C, 0x7B, 0x0C, 0xB5, 0x78,
    0x0A, 0x51, 0x8B, 0x0B, 0x7F, 0x8D, 0x59, 0xAE, 0xB0, 0x96, 0xCE, 0x8D, 0xA0, 0x56, 0x7F, 0x30,
    0x61, 0xD4, 0x16, 0x2A, 0xA9, 0x96, 0x37, 0x4C, 0xCA, 0x0C, 0xF5, 0x13, 0xA0, 0x76, 0xEE, 0x75,
    0x41, 0xED, 0x2E, 0xCE, 0xB7, 0x93, 0xD2, 0x6E, 0xF6, 0x1C, 0x53, 0x90, 0xAC, 0xD1, 0x48, 0xB2,
    0xC6, 0xB7, 0xCF, 0xD8, 0xEF, 0x90, 0xE2, 0xA1, 0x81, 0x9C, 0xB0, 0x3E, 0xC2, 0xF8, 0x24, 0x92,
    0xB7, 0x7D, 0xC3, 0x87, 0x22, 0x6D, 0x9F, 0x3F, 0x10, 0xCC, 0x3A, 0xFB, 0x63, 0x36, 0x7D, 0xE1,
    0xE3, 0x55, 0xFE, 0x53, 0x3C, 0xA0, 0x15, 0x6F, 0x4E, 0x18, 0xAF, 0x42, 0xD3, 0x74, 0xA8, 0x50,
    0x74, 0x41, 0xD0, 0xD9, 0x7C, 0x91, 0x46, 0x7D, 0xA9, 0x02, 0x09, 0x8E, 0x39, 0x94, 0x06, 0x36,
    0xDC, 0x9C, 0xB5, 0x5D, 0x07, 0x56, 0x60, 0xC8, 0x4B, 0xC6, 0xC7, 0x38, 0xD5, 0x40, 0x92, 0xF3,
    0x11, 0xBE, 0xB7, 0x73, 0xE3, 0x56, 0xC8, 0xDA, 0xE0, 0x80, 0xD8, 0x20, 0x2A, 0x94, 0xB4, 0xDA,
    0x4A, 0x8D, 0xA8, 0x4A, 0x3A, 0x2C, 0x82, 0x05, 0xBB, 0xB3, 0xFE, 0xFB, 0xBD, 0x3D, 0x17, 0xD2,
    0x22, 0x11, 0x0F, 0x98, 0x98, 0x09, 0x13, 0xAB, 0x42, 0x56, 0x76, 0x1F, 0x7E, 0x94, 0x60, 0xA2,
    0x64, 0x7F, 0xBC, 0xF2, 0x92, 0xE0, 0x67, 0x9D, 0x11, 0xDF, 0x6D, 0xB3, 0x20, 0x2C, 0x3E, 0xA9,
    0x64, 0x8D, 0xC7, 0xDD, 0x62, 0xF3, 0xE6, 0xC7, 0xD3, 0xDE, 0x8D, 0x1B, 0xD7, 0xB1, 0x98, 0x10,
    0xAA, 0xA5, 0xB5, 0x0A, 0x92, 0xDC, 0x76, 0xBB, 0x2A, 0x66, 0xB6, 0x02, 0xAA, 0x77, 0x87, 0x43,
    0x2B, 0x5E, 0x4B, 0xAC, 0x21, 0x3E, 0xF8, 0x6E, 0x6C, 0x43, 0x25, 0xFA, 0xE2, 0xD5, 0x45, 0x81,
    0x40, 0x56, 0x87, 0x91, 0xF4, 0x90, 0x58, 0x00, 0x81, 0xD4, 0x02, 0x16, 0x56, 0x89, 0xC5, 0x7B,
    0xE5, 0x05, 0xF3, 0x08, 0x58, 0xD4, 0x0A, 0x2D, 0x76, 0x06, 0xD5, 0x23, 0x82, 0x21, 0x33, 0x6A,
    0x56, 0xB2, 0xFF, 0x89, 0x80, 0xE1, 0x87, 0x5F, 0x21, 0xFA, 0x55, 0xCA, 0x24, 0xBA, 0x77, 0x97,
    0x8C, 0x50, 0x2A, 0x0D, 0x23, 0x38, 0x9C, 0xD0, 0xE6, 0x0B, 0x85, 0xB6, 0x8E, 0x2A, 0x74, 0x46,
    0x91, 0xF9, 0xCC, 0x88, 0x2C, 0xEB, 0x49, 0x30, 0x2B, 0x6B, 0xBE, 0xB0, 0x57, 0x21, 0x8E, 0x2F,
    0xB0, 0x54, 0x85, 0x0E, 0x93, 0x4D, 0x2F, 0x20, 0xAB, 0xFF, 0x06, 0xFF, 0xF8, 0x80, 0xB5, 0xFD,
    0x0A, 0x20, 0x3E, 0x3F, 0x58, 0xEB, 0x53, 0x96, 0x9A, 0xE8, 0x12, 0x8A, 0x3B, 0x9D, 0x74, 0x98,
    0xEC, 0x55, 0x7E, 0xCC, 0x86, 0xCD, 0xCF, 0x3D, 0x6A, 0xB2, 0x9B, 0xB3, 0x83, 0xB2, 0x46, 0x3D,
    0xA6, 0xF4, 0x17, 0xC5, 0xC8, 0x43, 0x51, 0x7E, 0x38, 0xCF, 0xEF, 0x42, 0xDB, 0x45, 0xFA, 0xE5,
    0x33, 0x94, 0xFE, 0x0E, 0xAA, 0x73, 0xFE, 0x5C, 0x2B, 0x8C, 0xCE, 0xFA, 0x29, 0xA2, 0xF0, 0xE4,
    0xA5, 0x1F, 0x1C, 0x8F, 0x24, 0x6C, 0x40, 0xBD, 0x17, 0x59, 0xF2, 0x4D, 0x8B, 0x1D, 0x6E, 0xBE,
    0x04, 0x1C, 0x62, 0xA4, 0x4B, 0xA3, 0x38, 0x44, 0xC0, 0x21, 0x02, 0x04, 0x20, 0x0A, 0xC4, 0x8A,
    0xC6, 0x0C, 0xDE, 0x3C, 0x92, 0xC1, 0x9B, 0xCF, 0xD1, 0x02, 0xC8, 0x89, 0xA2, 0x52, 0x15, 0x99,
    0x1B, 0x7F, 0xD4, 0xFD, 0x0D, 0xF2, 0xFE, 0x1D, 0x6A, 0x2C, 0x1C, 0x3A, 0x24, 0x16, 0xC1, 0x3E,
    0x58, 0xAC, 0xEF, 0x63, 0xF8, 0xDB, 0x6F, 0x12, 0x3D, 0x6D, 0xA7, 0x83, 0x22, 0x1E, 0x2B, 0x61,
    0x8A, 0x4E, 0x3C, 0xE3, 0x25, 0xB8, 0x7A, 0xB6, 0x16, 0x41, 0x66, 0xFE, 0x6E, 0xA4, 0x6E, 0x32,
    0xBF, 0x03, 0x1F, 0x60, 0x17, 0x7A, 0xB1, 0xA5, 0xF5, 0x62, 0x72, 0x3E, 0x61, 0x55, 0x66, 0x83,
    0xDC, 0x9F, 0x46, 0xC8, 0xF8, 0xD7, 0x8F, 0x20, 0xF7, 0xE9, 0x07, 0x40, 0x74, 0x10, 0xED, 0x44,
    0x37, 0x84, 0xAE, 0x31, 0xEB, 0x9D, 0x8B, 0xEC, 0xD3, 0x14, 0x87, 0x05, 0x23, 0x98, 0x6C, 0x5C,
    0x18, 0x0F, 0x92, 0xD6, 0x03, 0xE9, 0xBC, 0x34, 0x45, 0x3B, 0x21, 0x8D, 0x46, 0x28, 0x5A, 0xD9,
    0x85, 0x5C, 0x2F, 0xF1, 0x8F, 0x1F, 0xE4, 0xC7, 0x6B, 0xEC, 0x94, 0xDC, 0x84, 0xD5, 0x2D, 0x35,
    0xE3, 0x59, 0x19, 0xD3, 0x88, 0xBC, 0x28, 0x8F, 0xDC, 0xC8, 0xD9, 0xE7, 0xAF, 0xFE, 0x54, 0xEC,
    0xF2, 0x98, 0x73, 0x0E, 0x93, 0xD2, 0x8E, 0xA4, 0x6F, 0x19, 0xBE, 0xA8, 0xD8, 0x49, 0x9D, 0x54,
    0x0D, 0x8A, 0xBA, 0xC0, 0x8E, 0xDA, 0xCC, 0x86, 0xF3, 0x5C, 0x36, 0x06, 0x20, 0x15, 0x4F, 0xCD,
    0xE6, 0xA8, 0xAC, 0xFC, 0x87, 0x0C, 0xAD, 0xD1, 0x85, 0xA3, 0x55, 0x09, 0xFE, 0x71, 0xCE, 0x65,
    0x76, 0x88, 0xA3, 0x8D, 0x24, 0xB4, 0xF0, 0xF3, 0xC8, 0xC1, 0xD7, 0x64, 0x05, 0xFC, 0x82, 0x66,
    0x15, 0x5A, 0x3D, 0xDF, 0x92, 0x3B, 0xF5, 0x53, 0xBE, 0x8C, 0xA0, 0x47, 0xD3, 0x23, 0xEB, 0x59,
    0xA8, 0x81, 0x19, 0x8B, 0xD9, 0x0F, 0x93, 0x6E, 0xD6, 0xB7, 0xC9, 0xDA, 0x81, 0x76, 0xD8, 0x91,
    0xCF, 0x88, 0xAC, 0xF1, 0x80, 0x1C, 0x7B, 0x32, 0x1E, 0x24, 0xCB, 0x2A, 0x1F, 0x9C, 0x5B, 0xE3,
    0x39, 0x70, 0x0F, 0xEE, 0xC5, 0x33, 0x78, 0xF6, 0xB9, 0x29, 0x54, 0x51, 0x3E, 0xB7, 0x84, 0xB6,
    0x25, 0x01, 0x57, 0x95, 0xEE, 0xFC, 0xD7, 0x87, 0x4F, 0x4E, 0x03, 0x52, 0xD5, 0x36, 0x61, 0x35,
    0xBF, 0x9A, 0xAD, 0xE6, 0x57, 0xC7, 0x47, 0x4A, 0x30, 0x41, 0x13, 0x83, 0x16, 0x14, 0xEC, 0xBB,
    0x85, 0x36, 0x98, 0x99, 0xFF, 0x06, 0xB0, 0x3C, 0xC6, 0xE9, 0x25, 0xF1, 0x3F, 0xE7, 0xE9, 0x95,
    0xA9, 0x42, 0x47, 0x07, 0xA0, 0xA6, 0x6E, 0x23, 0x70, 0x4A, 0x62, 0x17, 0x29, 0xC9, 0x8E, 0x38,
    0xDF, 0x4A, 0x20, 0x3A, 0x1E, 0x42, 0x33, 0x95, 0x62, 0xCD, 0x8E, 0x17, 0xA4, 0xD5, 0xDC, 0xD2,
    0xDE, 0x3F, 0x1A, 0x43, 0xA8, 0x36, 0x4D, 0x08, 0x8D, 0xA5, 0x2D, 0xEF, 0x17, 0xE1, 0x69, 0xC2,
    0x08, 0x95, 0x39, 0xB0, 0xAF, 0x2B, 0xFD, 0x44, 0x4E, 0x00, 0x96, 0x86, 0x81, 0x6A, 0x20, 0xFF,
    0x5D, 0x30, 0xE5, 0x9A, 0x24, 0xBD, 0xB3, 0xBD, 0x69, 0x8D, 0x1D, 0xEA, 0xB4, 0x66, 0xF2, 0x58,
    0x49, 0x8A, 0x9B, 0xCC, 0x32, 0x7D, 0xBB, 0x85, 0xC6, 0xD3, 0xF7, 0x6D, 0x1D, 0xCE, 0x2A, 0x6F,
    0x0F, 0x91, 0x52, 0x90, 0x42, 0x2D, 0x4F, 0xEE, 0x3B, 0xB8, 0xFA, 0x86, 0x34, 0x14, 0xA6, 0xC9,
    0xF6, 0x24, 0xF9, 0xB1, 0x6F, 0x56, 0x0A, 0x20, 0x7B, 0x54, 0xBB, 0x26, 0xE5, 0xA1, 0x16, 0x86,
    0x3E, 0xDB, 0xCC, 0x61, 0x87, 0xF6, 0x93, 0x44, 0x74, 0x69, 0x53, 0x2E, 0x4E, 0x9B, 0x57, 0x3A,
    0x38, 0xBA, 0xA1, 0x4F, 0x65, 0xC7, 0x3A, 0x3F, 0xBA, 0x8A, 0xFC, 0xE8, 0x32, 0x9F, 0xB2, 0xC9,
    0xAC, 0xBE, 0x7A, 0x39, 0xB1, 0x08, 0xA8, 0xDD, 0xBD, 0x6E, 0xB8, 0x2B, 0xA1, 0x6E, 0x5C, 0x13,
    0x2F, 0xE1, 0x49, 0x63, 0xD9, 0x13, 0x55, 0xD4, 0xED, 0x4E, 0x47, 0xA4, 0x9A, 0x17, 0x4C, 0x2F,
    0x88, 0xB4, 0x1B, 0x67, 0x82, 0x69, 0xAD, 0xF0, 0x62, 0x7A, 0x61, 0xA5, 0xD9, 0x6E, 0x87, 0x35,
    0x9A, 0x93, 0x93, 0x7E, 0xD1, 0x9D, 0x75, 0x58, 0xEE, 0x39, 0x96, 0xFF, 0x12, 0xE3, 0x90, 0xBE,
    0x14, 0x66, 0xDA, 0xD5, 0xBB, 0xE1, 0xF0, 0xAD, 0x22, 0x3B, 0x84, 0x9A, 0xF0, 0xE9, 0xC9, 0x04,
    0xFA, 0x05, 0xD9, 0x54, 0x61, 0x13, 0x14, 0xBD, 0xE0, 0xAC, 0x28, 0xCF, 0x3D, 0xD2, 0xD8, 0x18,
    0xD1, 0x64, 0xB1, 0x29, 0x8E, 0xAD, 0xA1, 0x7F, 0xE2, 0x7A, 0x13, 0xD8, 0x58, 0xA1, 0x27, 0xD3,
    0x7A, 0x95, 0x36, 0xF9, 0x38, 0x36, 0x9D, 0xB3, 0xB2, 0x45, 0xE4, 0x32, 0x2E, 0x72, 0xA6, 0x22,
    0x7F, 0xA2, 0xA4, 0xC6, 0x29, 0xDF, 0x49, 0x60, 0xE3, 0x25, 0x16, 0xCF, 0xF5, 0xA8, 0x65, 0x33,
    0x2A, 0xB1, 0x9B, 0x09, 0x1E, 0xC1, 0x8B, 0x51, 0x39, 0x13, 0x8D, 0xE9, 0x52, 0x64, 0x3D, 0x33,
    0x22, 0x65, 0x3D, 0x09, 0xCE, 0x51, 0xCE, 0xCC, 0x2E, 0x4C, 0x1C, 0x0D, 0x9D, 0x06, 0x79, 0x15,
    0x3A, 0x75, 0x7A, 0x71, 0x70, 0xC3, 0x7B, 0xE0, 0x74, 0x26, 0x6E, 0x43, 0xA3, 0x3E, 0x99, 0x6B,
    0x3D, 0x27, 0x4F, 0x6F, 0xEE, 0x06, 0xB3, 0xAD, 0x07, 0xA8, 0xC0, 0xAF, 0xD0, 0xC4, 0x68, 0x47,
    0x28, 0xBB, 0xCC, 0xBB, 0xE2, 0x21, 0xF8, 0x64, 0x1F, 0xA9, 0x32, 0x35, 0xFE, 0x24, 0x75, 0x85,
    0xD4, 0x87, 0x46, 0x7B, 0x7B, 0xEC, 0x65, 0x57, 0x30, 0x4C, 0xE7, 0x34, 0x75, 0x07, 0x25, 0xC7,
    0x4A, 0x6A, 0xB6, 0xA9, 0x91, 0x5A, 0x39, 0xA6, 0xF0, 0x0F, 0x4F, 0x3A, 0x20, 0x5D, 0x46, 0xD8,
    0xEC, 0x2D, 0x32, 0x1C, 0x79, 0x9F, 0xD3, 0x44, 0x2F, 0xF1, 0xD2, 0x03, 0x5A, 0x09, 0xB4, 0x14,
    0x0C, 0xDF, 0x1E, 0xCD, 0xEA, 0xBB, 0xD3, 0x61, 0xD9, 0x36, 0x3C, 0xA6, 0x03, 0x44, 0x68, 0x97,
    0xB8, 0x62, 0x9D, 0xAE, 0x48, 0x87, 0x7E, 0x7E, 0xAC, 0x4D, 0x7F, 0x52, 0x40, 0x6A, 0xB3, 0x5B,
    0x93, 0xF8, 0xDE, 0xC3, 0x6C, 0x1C, 0xDF, 0x9B, 0xB2, 0x76, 0x4D, 0xD9, 0x83, 0xB5, 0x5A, 0x56,
    0x4D, 0x2C, 0x0B, 0x03, 0xE6, 0xE6, 0x09, 0x00, 0xDB, 0xA2, 0xB3, 0x03, 0x4C, 0x3A, 0x42, 0xAA,
    0xDC, 0x0A, 0x04, 0x07, 0x40, 0x57, 0x69, 0x03, 0xAF, 0x45, 0x33, 0xBC, 0xD5, 0x6B, 0x96, 0x1C,
    0xBF, 0x05, 0x92, 0xD4, 0x53, 0x33, 0x0F, 0x40, 0x26, 0x83, 0x5A, 0xA7, 0x48, 0xBB, 0xF5, 0x16,
    0x2C, 0x33, 0x93, 0x35, 0x6A, 0x4B, 0xD9, 0x64, 0x47, 0xA0, 0xCC, 0xC2, 0xF4, 0xA1, 0x56, 0x2B,
    0xFD, 0xAA, 0xE4, 0x2A, 0x76, 0xA4, 0xEB, 0xF7, 0x02, 0x35, 0xBA, 0x74, 0x0A, 0xA8, 0x7D, 0x8D,
    0x86, 0x2F, 0x2F, 0x17, 0x53, 0xD1, 0xEC, 0x54, 0xF0, 0x4A, 0x04, 0xBB, 0x70, 0x0F, 0x6A, 0xCB,
    0x62, 0x9C, 0x67, 0xAE, 0x6B, 0x63, 0xC6, 0xB9, 0x01, 0xE3, 0xCC, 0x60, 0x17, 0x4D, 0x2C, 0xFC,
    0x89, 0x02, 0x26, 0x87, 0xD5, 0xC3, 0xD6, 0x07, 0xE7, 0xD6, 0x1F, 0xA3, 0xBB, 0x74, 0x81, 0x67,
    0x68, 0x4A, 0x01, 0x33, 0x0A, 0xD5, 0xD9, 0x2B, 0x98, 0x1B, 0x7E, 0x95, 0xE8, 0x9B, 0x29, 0x17,
    0xA3, 0x1F, 0xAE, 0xDE, 0xDE, 0xA0, 0xC8, 0x4D, 0x32, 0x24, 0xBE, 0xAB, 0x25, 0x9F, 0x77, 0x8C,
    0xEB, 0x34, 0x1B, 0xB7, 0xE1, 0xBD, 0x16, 0x53, 0xA3, 0xFD, 0xB2, 0x28, 0x19, 0xFB, 0xA0, 0xA4,
    0x9D, 0x64, 0xB3, 0x42, 0xA7, 0xD0, 0x6D, 0x1D, 0x2E, 0x58, 0x6E, 0x94, 0x9B, 0x74, 0x4E, 0xDE,
    0x20, 0x5F, 0x18, 0x45, 0x55, 0x58, 0x34, 0x38, 0xB0, 0x57, 0x62, 0x10, 0x22, 0x54, 0xB0, 0x37,
    0x7C, 0xE6, 0x79, 0x7D, 0x37, 0x58, 0xF9, 0x82, 0x63, 0x86, 0x15, 0x5A, 0x19, 0x29, 0x80, 0x30,
    0x0F, 0x0C, 0x2E, 0xA0, 0x05, 0xBF, 0x8C, 0xB7, 0xB0, 0xB7, 0xD1, 0x8F, 0x64, 0x44, 0x9C, 0x3F,
    0xB0, 0x9C, 0xEA, 0x3F, 0x3C, 0xAA, 0x95, 0x97, 0xEF, 0xA4, 0xB3, 0x03, 0xC9, 0x6B, 0xFD, 0x9F,
    0x61, 0x8F, 0x42, 0x86, 0x6D, 0x30, 0x03, 0x0F, 0xE6, 0x84, 0x34, 0x28, 0x4C, 0xD3, 0xE1, 0x56,
    0xE1, 0xBD, 0x91, 0xDD, 0xE1, 0x35, 0x7F, 0x6A, 0xAC, 0x05, 0x5C, 0x33, 0x5F, 0x81, 0x18, 0x1B,
    0x40, 0x23, 0x65, 0x59, 0xD8, 0xDB, 0x50, 0x86, 0x8E, 0x68, 0x13, 0x25, 0xF5, 0x1A, 0xC4, 0xF4,
    0x11, 0x73, 0xDD, 0xEF, 0x60, 0xE4, 0x9F, 0xC3, 0x37, 0x66, 0x54, 0xB4, 0x75, 0x64, 0x33, 0x8B,
    0x74, 0x51, 0xB1, 0xC9, 0x59, 0xDE, 0x51, 0xB0, 0xA0, 0xB2, 0x99, 0x82, 0x1F, 0x45, 0x90, 0x96,
    0x0D, 0x53, 0xF2, 0xAE, 0x09, 0xBB, 0x6C, 0x0A, 0x48, 0xFA, 0x80, 0xA4, 0x5B, 0x42, 0xD2, 0x03,
    0x24, 0xF9, 0x49, 0x40, 0x72, 0xF0, 0x7B, 0x15, 0x01, 0xE2, 0xD6, 0xD3, 0x99, 0x56, 0xE0, 0x8C,
    0x02, 0x01, 0x91, 0x32, 0x34, 0xDB, 0x7A, 0x02, 0x04, 0xE4, 0xF2, 0xB1, 0x41, 0xC7, 0x13, 0x20,
    0x7E, 0x0F, 0xF2, 0xAF, 0x3D, 0x40, 0x48, 0xBB, 0xD7, 0x90, 0xAD, 0xC6, 0x25, 0x10, 0x4A, 0x80,
    0x40, 0x42, 0x9A, 0x71, 0x66, 0xDA, 0x4E, 0x99, 0x78, 0xA1, 0x2C, 0xCD, 0xDB, 0xB2, 0xAB, 0x23,
    0x2C, 0x5E, 0x48, 0xEA, 0xBD, 0x53, 0x4E, 0x75, 0x3B, 0xFB, 0x29, 0xAB, 0x8F, 0x30, 0xAE, 0x77,
    0x86, 0xB4, 0x0F, 0xCA, 0xB3, 0xC6, 0xD5, 0xE7, 0x2D, 0xA0, 0xB6, 0x5E, 0x45, 0x6D, 0x6B, 0x88,
    0x9A, 0x5D, 0xAA, 0xCF, 0x9F, 0x8F, 0xA0, 0x3E, 0x17, 0xC7, 0xD5, 0xA7, 0x68, 0x8A, 0x75, 0x8C,
    0x90, 0x2E, 0xDE, 0xE3, 0xCA, 0x70, 0xD9, 0x79, 0x9F, 0xE8, 0x1B, 0x56, 0xAF, 0xC2, 0xE0, 0x29,
    0xA3, 0xE6, 0x86, 0x0B, 0x44, 0x3F, 0x4A, 0xD8, 0x03, 0x7D, 0xB8, 0xB9, 0x4E, 0xEC, 0xD5, 0xE3,
    0xD1, 0xBD, 0xD1, 0xA7, 0x67, 0x6F, 0xFB, 0x00, 0xF6, 0x7F, 0x8D, 0x54, 0xBD, 0x72, 0xD4, 0x30,
    0x10, 0xFE, 0x6C, 0x4D, 0x22, 0x26, 0xE6, 0x4E, 0x3D, 0x84, 0x98, 0x92, 0xE2, 0x7E, 0x1A, 0x8A,
    0x14, 0x17, 0x2C, 0x2A, 0xDA, 0x74, 0x14, 0x3C, 0x04, 0x29, 0x28, 0x52, 0x70, 0x58, 0x93, 0x97,
    0xA0, 0xC8, 0x3B, 0x30, 0x29, 0x28, 0x52, 0xDD, 0xE9, 0x11, 0xF4, 0x08, 0xEA, 0x28, 0xD2, 0xA8,
    0x70, 0x71, 0x99, 0xF1, 0x9D, 0xD9, 0x95, 0xED, 0xCB, 0x91, 0x0B, 0x0C, 0xB2, 0xF6, 0xF3, 0x6A,
    0x57, 0xD2, 0xB7, 0xD2, 0xAE, 0x0D, 0x34, 0xD4, 0xD0, 0x61, 0x7C, 0x07, 0x96, 0xC7, 0x7A, 0x3B,
    0xA3, 0x6F, 0xFB, 0x96, 0x44, 0x67, 0x66, 0x84, 0x0B, 0x04, 0xAC, 0xD1, 0xD0, 0x33, 0x47, 0xAE,
    0x0B, 0x5B, 0xD8, 0xDC, 0x0A, 0x2B, 0xF4, 0x10, 0xB7, 0x38, 0x7F, 0xC2, 0x02, 0x7D, 0x90, 0x99,
    0xC9, 0x18, 0x37, 0x17, 0x89, 0x0D, 0xC2, 0xAE, 0x45, 0xD5, 0x88, 0x9A, 0xFA, 0x3C, 0xA9, 0x72,
    0x3D, 0x2F, 0x6C, 0x43, 0x3D, 0xB7, 0xA5, 0xB0, 0x4A, 0xE8, 0xC1, 0x10, 0x97, 0xB7, 0xA9, 0x3F,
    0x4F, 0xF0, 0x0F, 0x17, 0x32, 0x03, 0x28, 0xDB, 0x89, 0x69, 0x25, 0xD3, 0xF8, 0xF6, 0xF1, 0xA5,
    0xE7, 0xA3, 0x2C, 0xAF, 0x3F, 0x79, 0x1E, 0xB7, 0x3E, 0xFB, 0x17, 0x31, 0x7F, 0xAC, 0x8D, 0x22,
    0xF1, 0x20, 0x02, 0x8F, 0x78, 0xEC, 0x03, 0xCF, 0x87, 0x17, 0xFF, 0xC1, 0xD3, 0xCF, 0xED, 0x62,
    0xFA, 0xDE, 0xCD, 0xCD, 0xCC, 0xFE, 0x7C, 0x3A, 0x52, 0xEE, 0xCA, 0xAA, 0xA9, 0xF9, 0x29, 0xAB,
    0xDC, 0x4D, 0x90, 0xFA, 0xA5, 0xC9, 0x56, 0x8D, 0x55, 0x35, 0xBF, 0x79, 0x3C, 0xA1, 0xA5, 0x6C,
    0x9D, 0x7A, 0xB6, 0x17, 0x81, 0x3D, 0xAC, 0xB7, 0x76, 0x59, 0x51, 0xBC, 0x9A, 0x13, 0x96, 0xFF,
    0x00, 0x52, 0xCB, 0xDA, 0x8C, 0xF8, 0x44, 0xB4, 0xFD, 0x94, 0x06, 0xC3, 0x98, 0xCE, 0x4A, 0x58,
    0x8C, 0xA2, 0x46, 0xA9, 0xC0, 0x97, 0xAD, 0xE6, 0x7B, 0x4D, 0xD8, 0x7E, 0x9E, 0x4C, 0x36, 0xC0,
    0x82, 0xD6, 0xDA, 0x81, 0xBC, 0x36, 0xE2, 0x97, 0xBD, 0xCC, 0xF4, 0xA9, 0x4A, 0x9D, 0xBC, 0x72,
    0x93, 0x1C, 0x37, 0xE3, 0xC4, 0x67, 0xEF, 0x7D, 0x56, 0x27, 0xEE, 0x0C, 0x41, 0x51, 0x4D, 0x68,
    0x61, 0x66, 0xAD, 0x86, 0x0C, 0xBD, 0x76, 0xBC, 0xD5, 0xDE, 0x6E, 0xB5, 0x80, 0x71, 0xAB, 0x51,
    0x98, 0x27, 0x71, 0x17, 0x0E, 0x53, 0x11, 0xE3, 0x95, 0xE3, 0x30, 0xE5, 0x9D, 0x49, 0xEF, 0x0C,
    0x87, 0x99, 0xAC, 0x39, 0x02, 0x5A, 0xBA, 0xD7, 0x56, 0x75, 0x5D, 0xAF, 0xAA, 0xE0, 0x9D, 0xC5,
    0x4A, 0x99, 0x5A, 0xD9, 0xB6, 0x93, 0x5E, 0x29, 0x4D, 0x9B, 0xFB, 0x21, 0xDC, 0x00, 0xF6, 0x79,
    0x9C, 0xFC, 0x8C, 0xA8, 0x2B, 0xE9, 0x72, 0xB3, 0x40, 0x4D, 0xA5, 0x5B, 0x20, 0xB3, 0x69, 0xC0,
    0x57, 0xBC, 0x02, 0x5E, 0x93, 0x2B, 0x87, 0x74, 0x69, 0x45, 0x44, 0x05, 0x4A, 0xD4, 0xC2, 0x2B,
    0x73, 0x16, 0x6F, 0x86, 0xCB, 0xBB, 0x01, 0x95, 0xE0, 0x8E, 0x2C, 0x30, 0x35, 0x2C, 0xEC, 0x63,
    0x99, 0x41, 0x61, 0x57, 0x46, 0x38, 0xC2, 0x1B, 0x92, 0xDD, 0xB6, 0xBB, 0x0F, 0xEB, 0x64, 0x4A,
    0xD1, 0x95, 0x19, 0x06, 0x0C, 0xA7, 0x0C, 0x37, 0x24, 0x89, 0xE3, 0xD2, 0x33, 0x5C, 0x7B, 0x6C,
    0x3A, 0xDE, 0x3A, 0xF9, 0xFB, 0x8C, 0x59, 0x8D, 0x09, 0x8D, 0xB9, 0x8C, 0x69, 0x8C, 0x19, 0xF4,
    0xBD, 0xF3, 0x89, 0x1D, 0xF9, 0x03, 0x04, 0x26, 0x9A, 0x0B, 0xAF, 0x0C, 0x98, 0xAE, 0x50, 0xAE,
    0x31, 0xDD, 0xE0, 0xA8, 0xD1, 0x87, 0x8D, 0x01, 0xA5, 0x3B, 0x75, 0x91, 0xD6, 0xC7, 0x1E, 0xBA,
    0x2E, 0x3C, 0xE8, 0x8A, 0x3E, 0x5B, 0x4C, 0x5D, 0xD6, 0xE8, 0xB4, 0x31, 0x79, 0x05, 0x79, 0x4F,
    0x57, 0x05, 0x69, 0x99, 0x5E, 0x98, 0x0E, 0x0F, 0x28, 0x68, 0xBD, 0x9F, 0x1F, 0x3E, 0xA6, 0x74,
    0x74, 0x60, 0xA8, 0xD0, 0x61, 0x6B, 0x99, 0x30, 0x96, 0x15, 0x19, 0x8A, 0x35, 0xC1, 0xE1, 0x52,
    0x2B, 0x2E, 0x04, 0x02, 0xF8, 0x8C, 0x03, 0x20, 0x48, 0x02, 0x4D, 0x94, 0x5E, 0xBA, 0x64, 0x49,
    0xF5, 0xA8, 0x36, 0x14, 0x65, 0xEE, 0x08, 0x4E, 0x88, 0xD1, 0x0E, 0xF9, 0xAC, 0x74, 0xC1, 0xA9,
    0x79, 0x8A, 0x31, 0x52, 0x45, 0x88, 0xC3, 0x39, 0xDE, 0x69, 0xFA, 0x51, 0x2D, 0x2B, 0x82, 0x72,
    0x43, 0x70, 0xB8, 0x34, 0xF4, 0x63, 0x4B, 0xDD, 0x82, 0xAF, 0x8D, 0x21, 0xCC, 0x3B, 0x90, 0x7E,
    0x06, 0xE2, 0xA3, 0x24, 0x6E, 0xB8, 0x26, 0x5C, 0x2C, 0x0C, 0xBA, 0x64, 0xE2, 0x7B, 0x9C, 0xD0,
    0x3E, 0xA9, 0xE0, 0x8C, 0xB6, 0x10, 0x87, 0xBF, 0x01, 0x7D, 0x54, 0x3D, 0x6F, 0xDC, 0x46, 0x10,
    0x7D, 0x3C, 0x46, 0x21, 0x20, 0x4A, 0x58, 0x15, 0x76, 0x0C, 0x58, 0x02, 0xAE, 0x15, 0x02, 0x24,
    0x54, 0xA1, 0x36, 0x21, 0x01, 0x17, 0x01, 0xD2, 0xE4, 0x0A, 0xD3, 0x57, 0xA8, 0xF0, 0x0F, 0x70,
    0x71, 0x2A, 0x53, 0xC4, 0x22, 0x01, 0xFF, 0x01, 0xFD, 0x84, 0x7C, 0x74, 0x97, 0xC2, 0x29, 0x5C,
    0xE6, 0xEE, 0x36, 0x3E, 0x20, 0x6D, 0x18, 0x04, 0x42, 0xCA, 0x1C, 0x10, 0xC8, 0x41, 0xA2, 0xC2,
    0x0B, 0x84, 0x4C, 0x78, 0x32, 0xC9, 0xCD, 0x1B, 0xF2, 0x4E, 0xB2, 0x8C, 0x24, 0x38, 0xBC, 0x39,
    0xEE, 0xCC, 0xEC, 0xEC, 0xEC, 0xCC, 0xDB, 0x81, 0x33, 0x8F, 0xE0, 0xCC, 0x81, 0xDE, 0x13, 0xC0,
    0xB3, 0x11, 0xC2, 0x0B, 0xE3, 0xD8, 0x8F, 0x2B, 0xEF, 0xCF, 0xCD, 0xA9, 0x9A, 0x6F, 0x7F, 0x18,
    0x7C, 0xB4, 0xFD, 0x56, 0xE8, 0x6D, 0xE1, 0x64, 0x73, 0x0B, 0x93, 0xCD, 0x3D, 0xD4, 0xDB, 0x7B,
    0xA8, 0xB6, 0xF7, 0x51, 0x6D, 0x09, 0x0E, 0x51, 0xEF, 0x1D, 0x62, 0xBA, 0x77, 0x80, 0x64, 0xFF,
    0x00, 0xE1, 0xFE, 0xF1, 0x4E, 0xF0, 0xEC, 0xB8, 0x54, 0xF9, 0x97, 0xA5, 0x97, 0x7F, 0xC5, 0x38,
    0x17, 0x19, 0x92, 0x06, 0x38, 0xD6, 0x1D, 0xBE, 0x20, 0x06, 0x11, 0xD0, 0xCF, 0x81, 0x66, 0x04,
    0xD7, 0x28, 0xED, 0x67, 0x2A, 0x53, 0xDA, 0x5B, 0x28, 0xED, 0xF2, 0x1F, 0x68, 0x91, 0x01, 0xD6,
    0x5A, 0x0C, 0xCF, 0x63, 0xF4, 0x16, 0x80, 0x63, 0xBA, 0xF5, 0x83, 0xA2, 0x5B, 0xBB, 0xF4, 0xF1,
    0x52, 0xFA, 0x01, 0x08, 0xAD, 0x35, 0x76, 0x85, 0x99, 0x09, 0xAD, 0x3E, 0x2A, 0xEF, 0x5E, 0x46,
    0x6E, 0x05, 0x03, 0xB7, 0x16, 0xD1, 0x88, 0xB0, 0x22, 0x7E, 0x89, 0x28, 0x7E, 0xD0, 0x06, 0x33,
    0x3A, 0xEB, 0x3B, 0x3F, 0x17, 0x45, 0xE4, 0xCE, 0x0D, 0x75, 0xCF, 0xF3, 0xB5, 0xEE, 0x6C, 0x42,
    0x9D, 0xFE, 0x80, 0x3A, 0x1D, 0x88, 0x50, 0x57, 0xC2, 0x33, 0x38, 0x3A, 0x77, 0x0D, 0xF3, 0x90,
    0x6C, 0x20, 0x09, 0x95, 0xB8, 0x53, 0xCC, 0x52, 0xD7, 0xF8, 0x99, 0x6B, 0xE4, 0xD7, 0xCB, 0x19,
    0xC3, 0x0E, 0x97, 0x0F, 0x96, 0xFC, 0x36, 0x9D, 0xCE, 0xCB, 0xDC, 0x7C, 0x14, 0xB9, 0xF4, 0x75,
    0x79, 0x67, 0xEE, 0xFF, 0x57, 0x3C, 0xBA, 0x8C, 0x18, 0x4F, 0x63, 0xFC, 0x39, 0xC6, 0xA9, 0xE5,
    0x21, 0x3A, 0x88, 0xB0, 0x8D, 0x7E, 0x34, 0xD8, 0xA2, 0x58, 0xEC, 0x41, 0xA5, 0x86, 0x42, 0x9B,
    0x7D, 0xA8, 0xEF, 0xF2, 0x43, 0xA8, 0xE7, 0x14, 0xFE, 0xBC, 0x3C, 0x80, 0xFF, 0xD3, 0xB7, 0xC7,
    0x52, 0x1B, 0x8B, 0xAF, 0x2F, 0x1E, 0x5F, 0xC2, 0xFD, 0xE3, 0xBD, 0x0C, 0xEE, 0xF2, 0x7D, 0x8D,
    0x5E, 0xD5, 0x17, 0xC1, 0x72, 0x3A, 0x95, 0x62, 0xAD, 0x4A, 0xC5, 0xBA, 0xE7, 0x3E, 0x13, 0x37,
    0x1E, 0xC5, 0x37, 0x22, 0xF0, 0x88, 0x35, 0xB4, 0xAC, 0xEF, 0x8C, 0xDF, 0x09, 0x3F, 0xAD, 0xD9,
    0x88, 0x93, 0x01, 0x8B, 0x8A, 0x5E, 0x13, 0x42, 0x5D, 0x58, 0x84, 0x51, 0x82, 0x13, 0xAE, 0x27,
    0x44, 0xF5, 0x1A, 0x6A, 0x62, 0x4A, 0x84, 0xDC, 0x17, 0xFC, 0x68, 0xC9, 0x9C, 0xD0, 0x60, 0x07,
    0x88, 0xE3, 0x78, 0x20, 0xAD, 0x40, 0xCF, 0xA6, 0xE8, 0xBF, 0x30, 0x34, 0x57, 0xFC, 0xD5, 0xBC,
    0xFD, 0x63, 0xDE, 0xF4, 0x96, 0xBF, 0xB8, 0x6E, 0xEF, 0xC3, 0xB3, 0x18, 0xEB, 0x96, 0x33, 0xD9,
    0x4E, 0xC7, 0x96, 0xFB, 0xB4, 0x7B, 0x5D, 0x65, 0x3E, 0x73, 0x64, 0xF7, 0x14, 0x25, 0x82, 0x17,
    0x12, 0x33, 0xEA, 0x2A, 0x6F, 0xED, 0xF2, 0xE1, 0xD9, 0x88, 0xEC, 0x51, 0x6B, 0x0C, 0x94, 0xDE,
    0xE8, 0x82, 0x7D, 0xBF, 0xE0, 0x45, 0x52, 0x04, 0x39, 0xBB, 0xAE, 0xE1, 0x7D, 0xA2, 0x4F, 0xA1,
    0x5E, 0x66, 0x50, 0x35, 0x1C, 0x9B, 0xC1, 0x7B, 0xA9, 0xB1, 0x71, 0xC5, 0x33, 0x16, 0x67, 0xF4,
    0x3B, 0xBB, 0x43, 0x47, 0xB4, 0x5C, 0xAA, 0x81, 0xB7, 0xEB, 0x11, 0x57, 0x15, 0x13, 0x70, 0xAA,
    0x5E, 0xD9, 0xF2, 0x22, 0xBD, 0x5D, 0xC7, 0xB4, 0x48, 0x2A, 0x6D, 0x3E, 0x2B, 0xDD, 0xB0, 0xA0,
    0x6E, 0x57, 0x2E, 0x43, 0x8A, 0xA3, 0x96, 0xDC, 0x2A, 0xFC, 0x8F, 0xB8, 0xDB, 0x9C, 0xCA, 0x19,
    0x2D, 0x7D, 0xF4, 0x35, 0x76, 0x9B, 0x08, 0xCD, 0x53, 0xE1, 0x0F, 0x2F, 0xD2, 0x33, 0xFD, 0xD4,
    0x31, 0x21, 0xBB, 0x74, 0x42, 0xEB, 0x44, 0xE2, 0xAE, 0x76, 0x77, 0x88, 0xE3, 0x8A, 0xF7, 0xAF,
    0x59, 0x9B, 0x09, 0x71, 0x42, 0x84, 0x44, 0x10, 0xC9, 0x53, 0x22, 0xDB, 0x18, 0xC5, 0x69, 0x9E,
    0x2E, 0x10, 0x2C, 0x6F, 0x9E, 0x01, 0x26, 0x47, 0x9D, 0xB3, 0x9C, 0xA5, 0x5E, 0xE6, 0xCB, 0x63,
    0x33, 0x8A, 0xCC, 0xDD, 0x68, 0xD9, 0xE7, 0x49, 0x4F, 0x34, 0xEF, 0x54, 0xC5, 0xC3, 0xE2, 0x3E,
    0x7C, 0x2D, 0x64, 0x90, 0x2A, 0x57, 0xEC, 0xD0, 0xFD, 0x3E, 0xC9, 0x13, 0x46, 0xC2, 0x09, 0xE6,
    0xC5, 0x73, 0x82, 0xD4, 0x33, 0x2A, 0xF3, 0x32, 0xAF, 0x19, 0xA5, 0x48, 0x4A, 0xB6, 0x09, 0xD7,
    0x08, 0x4A, 0x56, 0x39, 0x81, 0xF7, 0x6B, 0x3F, 0x55, 0x73, 0xA5, 0x83, 0x7B, 0xBE, 0x0E, 0x5D,
    0x07, 0x27, 0xB4, 0x4D, 0x88, 0x9A, 0xA8, 0xDE, 0x40, 0xBD, 0xB2, 0x89, 0x8F, 0xF8, 0x86, 0xAE,
    0xAF, 0x65, 0xAF, 0xCF, 0x18, 0x3D, 0x3B, 0x85, 0x74, 0xF2, 0xC6, 0x19, 0x0E, 0xB0, 0x66, 0x01,
    0xD9, 0x16, 0x03, 0xD7, 0xEB, 0x37, 0x59, 0x11, 0x29, 0xED, 0xE0, 0xB5, 0x6E, 0xFF, 0x17, 0x9C,
    0xD1, 0x79, 0xCB, 0x82, 0x77, 0xC7, 0xE3, 0xD3, 0xC4, 0xDA, 0x05, 0xFA, 0x32, 0x65, 0x78, 0xAE,
    0x53, 0x42, 0xD6, 0xAD, 0xCE, 0x29, 0x3B, 0x9D, 0x6F, 0x70, 0x3B, 0xD1, 0x48, 0x58, 0xE2, 0x77,
    0xA4, 0x39, 0x7C, 0xAA, 0x57, 0xB1, 0xA4, 0x94, 0xEB, 0x47, 0x4D, 0xF2, 0x70, 0xCA, 0xD1, 0x98,
    0x50, 0xB9, 0x81, 0xF1, 0x38, 0x6D, 0xDF, 0xF8, 0xCD, 0xB7, 0xFF, 0x29, 0xDC, 0xBF, 0x65, 0x3E,
    0x45, 0xF0, 0xE8, 0x9E, 0x98, 0x5B, 0x78, 0x65, 0x4A, 0x3C, 0x79, 0xB5, 0x90, 0xC1, 0x05, 0x4E,
    0x9E, 0x9D, 0x99, 0x41, 0xF5, 0x1B, 0x71, 0xCF, 0xA0, 0xE4, 0x9E, 0x9C, 0x90, 0xB9, 0xA2, 0xDD,
    0xBF, 0xA6, 0x7C, 0x10, 0xD9, 0xEA, 0xEE, 0x4D, 0xB4, 0x5B, 0x8C, 0x84, 0x43, 0x15, 0xED, 0x35,
    0x91, 0x10, 0xE1, 0x0A, 0x49, 0xA7, 0xA3, 0x2D, 0xEF, 0x2F, 0xC4, 0x77, 0x58, 0x44, 0xDD, 0xF9,
    0x79, 0x5B, 0x37, 0x3D, 0x2C, 0xE2, 0x68, 0x9D, 0xD3, 0x51, 0xD3, 0xCD, 0x22, 0xEC, 0x90, 0xAD,
    0x07, 0xA6, 0xC3, 0xB1, 0x0C, 0xC8, 0x06, 0x5E, 0x31, 0x92, 0x59, 0xC7, 0x1C, 0x1C, 0x39, 0x67,
    0x05, 0xA7, 0x6C, 0x67, 0x5D, 0xDE, 0x4F, 0x5D, 0x5B, 0xC1, 0x2D, 0x46, 0x69, 0x37, 0xFB, 0x44,
    0x8F, 0xEA, 0x26, 0x7A, 0xA5, 0xB0, 0x74, 0x77, 0x39, 0xD3, 0x33, 0xBB, 0xBC, 0x8E, 0xBF, 0xC2,
    0x3F, 0xB5, 0x92, 0x3D, 0x6E, 0xC2, 0x40, 0x10, 0x85, 0x9F, 0xBD, 0x42, 0x94, 0xA6, 0x49, 0x81,
    0x52, 0xEC, 0x11, 0x7C, 0x84, 0x75, 0x43, 0x45, 0x93, 0x06, 0x51, 0xB8, 0xE1, 0x20, 0x89, 0x84,
    0x94, 0x82, 0x96, 0x82, 0xEB, 0xA0, 0x85, 0x13, 0x70, 0x05, 0x17, 0x91, 0xD2, 0x6E, 0x41, 0x61,
    0x83, 0xE5, 0xC9, 0xCC, 0xAC, 0x89, 0x48, 0x4A, 0x7E, 0xB6, 0x78, 0x2B, 0xAD, 0x34, 0x6F, 0xBE,
    0x9D, 0x37, 0x48, 0x3B, 0xE4, 0x15, 0xAC, 0xDF, 0x9F, 0x5B, 0xBC, 0xDB, 0xD5, 0xBE, 0x46, 0x8B,
    0x6C, 0x89, 0xF4, 0x08, 0x5B, 0xC0, 0x1C, 0x91, 0x03, 0x26, 0xC0, 0x5D, 0x94, 0xE4, 0x60, 0xDE,
    0xCC, 0xFC, 0xEC, 0xCF, 0xFB, 0x3D, 0x5A, 0x9E, 0x26, 0x7E, 0xC3, 0xCE, 0x07, 0x6A, 0x11, 0x4F,
    0x42, 0x5F, 0x40, 0xF6, 0xDD, 0x01, 0x2E, 0x25, 0x30, 0x91, 0x47, 0x52, 0x63, 0x2C, 0x54, 0x10,
    0x28, 0xAD, 0x54, 0x19, 0xE0, 0x17, 0x28, 0xBA, 0xDD, 0x28, 0x65, 0x33, 0xF0, 0x6B, 0xA2, 0x8C,
    0xD8, 0xF7, 0xA5, 0x00, 0x86, 0x6C, 0x8A, 0x7C, 0xCA, 0xB2, 0x4D, 0xBC, 0x10, 0x38, 0x69, 0xEE,
    0xA4, 0xF9, 0x75, 0x19, 0x51, 0x70, 0xDC, 0xFC, 0xCD, 0xDD, 0xD7, 0x9C, 0x07, 0xB0, 0x96, 0xFF,
    0x07, 0x70, 0x1C, 0xAF, 0x5D, 0x01, 0x4B, 0xBB, 0xCE, 0x57, 0xF8, 0xB0, 0x9F, 0x95, 0x0D, 0x92,
    0xC8, 0x6E, 0x18, 0xD2, 0x5A, 0x22, 0xE9, 0x33, 0xE9, 0x47, 0xD7, 0x5F, 0x23, 0x8D, 0x85, 0x82,
    0xE6, 0x52, 0x86, 0xDE, 0xF9, 0xA1, 0x97, 0x32, 0x96, 0x8D, 0x52, 0xF2, 0x6C, 0x94, 0x73, 0x21,
    0x7B, 0x73, 0x62, 0x6A, 0x5E, 0x9C, 0x2A, 0x8F, 0x9C, 0x26, 0xE8, 0xEA, 0x70, 0x9D, 0x70, 0xFE,
    0x77, 0x51, 0x4C, 0x13, 0x39, 0xCD, 0xD3, 0x38, 0x37, 0x91, 0xB3, 0x25, 0xFA, 0x01,
};

static const EpdGlyph sourceserif4_16_regularGlyphs[] = {
    { 0, 0, 124, 0, 0, 0, 0 }, // U+0020
    { 4, 22, 154, 3, 22, 22, 0 }, // !
    { 9, 10, 190, 1, 24, 23, 22 }, // "
    { 16, 22, 280, 1, 22, 88, 45 }, // #
    { 14, 29, 267, 2, 25, 102, 133 }, // $
    { 27, 24, 469, 1, 22, 162, 235 }, // %
    { 22, 22, 384, 1, 22, 121, 397 }, // &
    { 4, 10, 98, 1, 24, 10, 518 }, // '
    { 9, 32, 181, 3, 25, 72, 528 }, // (
    { 10, 32, 181, 0, 25, 80, 600 }, // )
    { 14, 14, 234, 0, 25, 49, 680 }, // *
    { 16, 17, 283, 1, 19, 68, 729 }, // +
    { 6, 10, 160, 2, 4, 15, 797 }, // ,
    { 8, 3, 166, 1, 10, 6, 812 }, // -
    { 5, 5, 160, 3, 5, 7, 818 }, // .
    { 11, 29, 176, 0, 24, 80, 825 }, // /
    { 15, 22, 268, 1, 22, 83, 905 }, // 0
    { 11, 22, 227, 2, 22, 61, 988 }, // 1
    { 15, 22, 271, 1, 22, 83, 1049 }, // 2
    { 15, 22, 268, 0, 22, 83, 1132 }, // 3
    { 15, 22, 265, 1, 22, 83, 1215 }, // 4
    { 15, 22, 270, 0, 22, 83, 1298 }, // 5
    { 14, 22, 271, 2, 22, 77, 1381 }, // 6
    { 14, 21, 255, 1, 21, 74, 1458 }, // 7
    { 14, 22, 271, 2, 22, 77, 1532 }, // 8
    { 15, 23, 277, 2, 22, 87, 1609 }, // 9
    { 5, 16, 160, 3, 16, 20, 1696 }, // :
    { 6, 22, 160, 2, 16, 33, 1716 }, // ;
    { 14, 17, 283, 2, 19, 60, 1749 }, // <
    { 16, 10, 283, 1, 16, 40, 1809 }, // =
    { 14, 17, 283, 2, 19, 60, 1849 }, // >
    { 10, 23, 222, 2, 23, 58, 1909 }, // ?
    { 25, 27, 445, 1, 22, 169, 1967 }, // @
    { 22, 22, 354, 1, 22, 121, 2136 }, // A
    { 18, 22, 335, 1, 22, 99, 2257 }, // B
    { 18, 22, 336, 2, 22, 99, 2356 }, // C
    { 21, 22, 379, 1, 22, 116, 2455 }, // D
    { 18, 22, 322, 1, 22, 99, 2571 }, // E
    { 17, 22, 309, 1, 22, 94, 2670 }, // F
    { 21, 22, 364, 2, 22, 116, 2764 }, // G
    { 23, 22, 420, 1, 22, 127, 2880 }, // H
    { 9, 22, 198, 1, 22, 50, 3007 }, // I
    { 13, 26, 199, -1, 22, 85, 3057 }, // J
    { 21, 22, 356, 1, 22, 116, 3142 }, // K
    { 17, 22, 318, 1, 22, 94, 3258 }, // L
    { 27, 22, 481, 1, 22, 149, 3352 }, // M
    { 22, 22, 392, 1, 22, 121, 3501 }, // N
    { 21, 22, 377, 2, 22, 116, 3622 }, // O
    { 18, 22, 314, 1, 22, 99, 3738 }, // P
    { 21, 30, 377, 2, 22, 158, 3837 }, // Q
    { 20, 22, 347, 1, 22, 110, 3995 }, // R
    { 16, 22, 273, 1, 22, 88, 4105 }, // S
    { 19, 22, 322, 1, 22, 105, 4193 }, // T
    { 22, 22, 388, 1, 22, 121, 4298 }, // U
    { 22, 22, 359, 1, 22, 121, 4419 }, // V
    { 32, 22, 513, 1, 22, 176, 4540 }, // W
    { 21, 22, 346, 1, 22, 116, 4716 }, // X
    { 20, 22, 338, 1, 22, 110, 4832 }, // Y
    { 17, 22, 294, 1, 22, 94, 4942 }, // Z
    { 7, 29, 171, 3, 24, 51, 5036 }, // [
    { 11, 29, 176, 0, 24, 80, 5087 }, // <backslash>
    { 7, 29, 171, 1, 24, 51, 5167 }, // ]
    { 13, 9, 283, 2, 16, 30, 5218 }, // ^
    { 17, 3, 273, 0, 1, 13, 5248 }, // _
    { 7, 7, 213, 3, 25, 13, 5261 }, // `
    { 16, 16, 271, 1, 16, 64, 5274 }, // a
    { 18, 25, 308, 0, 25, 113, 5338 }, // b
    { 14, 16, 260, 1, 16, 56, 5451 }, // c
    { 17, 25, 302, 1, 25, 107, 5507 }, // d
    { 15, 16, 272, 1, 16, 60, 5614 }, // e
    { 13, 24, 189, 1, 24, 78, 5674 }, // f
    { 15, 24, 276, 1, 16, 90, 5752 }, // g
    { 18, 25, 320, 1, 25, 113, 5842 }, // h
    { 8, 24, 159, 1, 24, 48, 5955 }, // i
    { 10, 32, 148, -3, 24, 80, 6003 }, // j
    { 18, 25, 292, 1, 25, 113, 6083 }, // k
    { 8, 25, 159, 1, 25, 50, 6196 }, // l
    { 28, 16, 480, 1, 16, 112, 6246 }, // m
    { 18, 16, 323, 1, 16, 72, 6358 }, // n
    { 16, 16, 293, 1, 16, 64, 6430 }, // o
    { 17, 24, 311, 1, 16, 102, 6494 }, // p
    { 17, 24, 297, 1, 16, 102, 6596 }, // q
    { 14, 16, 226, 1, 16, 56, 6698 }, // r
    { 12, 16, 231, 2, 16, 48, 6754 }, // s
    { 11, 21, 173, 1, 21, 58, 6802 }, // t
    { 18, 17, 311, 0, 17, 77, 6860 }, // u
    { 16, 16, 269, 0, 16, 64, 6937 }, // v
    { 25, 16, 407, 0, 16, 100, 7001 }, // w
    { 17, 16, 280, 1, 16, 68, 7101 }, // x
    { 17, 24, 273, 0, 16, 102, 7169 }, // y
    { 13, 16, 243, 1, 16, 52, 7271 }, // z
    { 10, 29, 183, 1, 24, 73, 7323 }, // {
    { 2, 33, 155, 4, 25, 17, 7396 }, // |
    { 10, 29, 183, 0, 24, 73, 7413 }, // }
    { 14, 6, 283, 2, 14, 21, 7486 }, // ~
    { 0, 0, 124, 0, 0, 0, 0 }, // U+00A0
    { 4, 22, 154, 3, 16, 22, 0 }, // U+00A1
    { 14, 23, 267, 1, 22, 81, 22 }, // U+00A2
    { 15, 22, 267, 1, 22, 83, 103 }, // U+00A3
    { 15, 15, 268, 1, 18, 57, 186 }, // U+00A4
    { 17, 21, 267, 0, 21, 90, 243 }, // U+00A5
    { 2, 33, 155, 4, 25, 17, 333 }, // U+00A6
    { 14, 27, 262, 1, 22, 95, 350 }, // U+00A7
    { 11, 4, 213, 1, 24, 11, 445 }, // U+00A8
    { 23, 25, 403, 1, 24, 144, 456 }, // U+00A9
    { 11, 11, 187, 1, 25, 31, 600 }, // U+00AA
    { 15, 14, 260, 1, 15, 53, 631 }, // U+00AB
    { 17, 9, 283, 0, 14, 39, 684 }, // U+00AC
    { 8, 3, 166, 1, 10, 6, 723 }, // U+00AD
    { 13, 15, 245, 1, 24, 49, 729 }, // U+00AE
    { 8, 3, 213, 3, 22, 6, 778 }, // U+00AF
    { 9, 10, 175, 0, 23, 23, 784 }, // U+00B0
    { 16, 18, 283, 1, 18, 72, 807 }, // U+00B1
    { 10, 14, 197, 1, 28, 35, 879 }, // U+00B2
    { 10, 14, 197, 1, 28, 35, 914 }, // U+00B3
    { 7, 7, 213, 4, 25, 13, 949 }, // U+00B4
    { 18, 23, 303, 2, 17, 104, 962 }, // U+00B5
    { 18, 26, 319, 1, 22, 117, 1066 }, // U+00B6
    { 5, 5, 160, 3, 14, 7, 1183 }, // U+00B7
    { 7, 9, 213, 3, 1, 16, 1190 }, // U+00B8
    { 8, 14, 197, 2, 28, 28, 1206 }, // U+00B9
    { 11, 11, 201, 1, 25, 31, 1234 }, // U+00BA
    { 15, 14, 260, 0, 15, 53, 1265 }, // U+00BB
    { 25, 24, 453, 2, 22, 150, 1318 }, // U+00BC
    { 26, 24, 469, 2, 23, 156, 1468 }, // U+00BD
    { 26, 25, 453, 1, 23, 163, 1624 }, // U+00BE
    { 10, 23, 222, 2, 16, 58, 1787 }, // U+00BF
    { 22, 29, 354, 1, 29, 160, 1845 }, // U+00C0
    { 22, 29, 354, 1, 29, 160, 2005 }, // U+00C1
    { 22, 28, 354, 1, 28, 154, 2165 }, // U+00C2
    { 22, 29, 354, 1, 29, 160, 2319 }, // U+00C3
    { 21, 28, 354, 1, 28, 147, 2479 }, // U+00C4
    { 22, 31, 354, 1, 31, 171, 2626 }, // U+00C5
    { 29, 22, 491, 1, 22, 160, 2797 }, // U+00C6
    { 18, 30, 336, 2, 22, 135, 2957 }, // U+00C7
    { 18, 29, 322, 1, 29, 131, 3092 }, // U+00C8
    { 18, 29, 322, 1, 29, 131, 3223 }, // U+00C9
    { 18, 28, 322, 1, 28, 126, 3354 }, // U+00CA
    { 18, 28, 322, 1, 28, 126, 3480 }, // U+00CB
    { 9, 29, 198, 1, 29, 66, 3606 }, // U+00CC
    { 10, 29, 198, 1, 29, 73, 3672 }, // U+00CD
    { 11, 28, 198, 0, 28, 77, 3745 }, // U+00CE
    { 10, 28, 198, 1, 28, 70, 3822 }, // U+00CF
    { 21, 22, 379, 1, 22, 116, 3892 }, // U+00D0
    { 22, 29, 392, 1, 29, 160, 4008 }, // U+00D1
    { 21, 30, 377, 2, 30, 158, 4168 }, // U+00D2
    { 21, 30, 377, 2, 30, 158, 4326 }, // U+00D3
    { 21, 29, 377, 2, 29, 153, 4484 }, // U+00D4
    { 21, 29, 377, 2, 29, 153, 4637 }, // U+00D5
    { 21, 29, 377, 2, 29, 153, 4790 }, // U+00D6
    { 16, 16, 283, 1, 19, 64, 4943 }, // U+00D7
    { 21, 24, 377, 2, 23, 126, 5007 }, // U+00D8
    { 22, 30, 388, 1, 30, 165, 5133 }, // U+00D9
    { 22, 30, 388, 1, 30, 165, 5298 }, // U+00DA
    { 22, 29, 388, 1, 29, 160, 5463 }, // U+00DB
    { 22, 29, 388, 1, 29, 160, 5623 }, // U+00DC
    { 20, 29, 338, 1, 29, 145, 5783 }, // U+00DD
    { 18, 22, 326, 1, 22, 99, 5928 }, // U+00DE
    { 19, 26, 316, 1, 26, 124, 6027 }, // U+00DF
    { 16, 25, 271, 1, 25, 100, 6151 }, // U+00E0
    { 16, 25, 271, 1, 25, 100, 6251 }, // U+00E1
    { 16, 25, 271, 1, 25, 100, 6351 }, // U+00E2
    { 16, 24, 271, 1, 24, 96, 6451 }, // U+00E3
    { 17, 24, 271, 0, 24, 102, 6547 }, // U+00E4
    { 16, 26, 271, 1, 26, 104, 6649 }, // U+00E5
    { 24, 16, 419, 1, 16, 96, 6753 }, // U+00E6
    { 14, 24, 260, 1, 16, 84, 6849 }, // U+00E7
    { 15, 26, 272, 1, 26, 98, 6933 }, // U+00E8
    { 15, 26, 272, 1, 26, 98, 7031 }, // U+00E9
    { 15, 25, 272, 1, 25, 94, 7129 }, // U+00EA
    { 15, 24, 272, 1, 24, 90, 7223 }, // U+00EB
    { 9, 25, 159, 0, 25, 57, 7313 }, // U+00EC
    { 8, 25, 159, 1, 25, 50, 7370 }, // U+00ED
    { 12, 25, 159, -1, 25, 75, 7420 }, // U+00EE
    { 10, 23, 159, 0, 23, 58, 7495 }, // U+00EF
    { 16, 26, 291, 1, 26, 104, 7553 }, // U+00F0
    { 18, 24, 323, 1, 24, 108, 7657 }, // U+00F1
    { 16, 26, 293, 1, 26, 104, 7765 }, // U+00F2
    { 16, 26, 293, 1, 26, 104, 7869 }, // U+00F3
    { 16, 25, 293, 1, 25, 100, 7973 }, // U+00F4
    { 16, 24, 293, 1, 24, 96, 8073 }, // U+00F5
    { 16, 24, 293, 1, 24, 96, 8169 }, // U+00F6
    { 16, 17, 283, 1, 19, 68, 8265 }, // U+00F7
    { 16, 18, 293, 1, 17, 72, 8333 }, // U+00F8
    { 18, 26, 311, 0, 26, 117, 8405 }, // U+00F9
    { 18, 26, 311, 0, 26, 117, 8522 }, // U+00FA
    { 18, 25, 311, 0, 25, 113, 8639 }, // U+00FB
    { 18, 24, 311, 0, 24, 108, 8752 }, // U+00FC
    { 17, 33, 273, 0, 25, 141, 8860 }, // U+00FD
    { 17, 33, 295, 1, 25, 141, 9001 }, // U+00FE
    { 17, 32, 273, 0, 24, 136, 9142 }, // U+00FF
    { 22, 28, 354, 1, 28, 154, 0 }, // U+0100
    { 16, 22, 271, 1, 22, 88, 154 }, // U+0101
    { 22, 29, 354, 1, 29, 160, 242 }, // U+0102
    { 16, 25, 271, 1, 25, 100, 402 }, // U+0103
    { 22, 30, 354, 1, 22, 165, 502 }, // U+0104
    { 16, 23, 271, 1, 16, 92, 667 }, // U+0105
    { 18, 30, 336, 2, 30, 135, 759 }, // U+0106
    { 14, 26, 260, 1, 26, 91, 894 }, // U+0107
    { 18, 29, 336, 2, 29, 131, 985 }, // U+0108
    { 14, 25, 260, 1, 25, 88, 1116 }, // U+0109
    { 18, 29, 336, 2, 29, 131, 1204 }, // U+010A
    { 14, 24, 260, 1, 24, 84, 1335 }, // U+010B
    { 18, 30, 336, 2, 30, 135, 1419 }, // U+010C
    { 14, 25, 260, 1, 25, 88, 1554 }, // U+010D
    { 21, 29, 379, 1, 29, 153, 1642 }, // U+010E
    { 21, 25, 309, 1, 25, 132, 1795 }, // U+010F
    { 21, 22, 379, 1, 22, 116, 1927 }, // U+0110
    { 17, 25, 302, 1, 25, 107, 2043 }, // U+0111
    { 18, 28, 322, 1, 28, 126, 2150 }, // U+0112
    { 15, 22, 272, 1, 22, 83, 2276 }, // U+0113
    { 18, 29, 322, 1, 29, 131, 2359 }, // U+0114
    { 15, 25, 272, 1, 25, 94, 2490 }, // U+0115
    { 18, 28, 322, 1, 28, 126, 2584 }, // U+0116
    { 15, 24, 272, 1, 24, 90, 2710 }, // U+0117
    { 18, 30, 322, 1, 22, 135, 2800 }, // U+0118
    { 14, 23, 272, 1, 16, 81, 2935 }, // U+0119
    { 18, 29, 322, 1, 29, 131, 3016 }, // U+011A
    { 15, 25, 272, 1, 25, 94, 3147 }, // U+011B
    { 21, 29, 364, 2, 29, 153, 3241 }, // U+011C
    { 15, 33, 276, 1, 25, 124, 3394 }, // U+011D
    { 21, 29, 364, 2, 29, 153, 3518 }, // U+011E
    { 15, 33, 276, 1, 25, 124, 3671 }, // U+011F
    { 21, 29, 364, 2, 29, 153, 3795 }, // U+0120
    { 15, 32, 276, 1, 24, 120, 3948 }, // U+0121
    { 21, 30, 364, 2, 22, 158, 4068 }, // U+0122
    { 15, 34, 276, 1, 26, 128, 4226 }, // U+0123
    { 23, 28, 420, 1, 28, 161, 4354 }, // U+0124
    { 18, 30, 320, 1, 30, 135, 4515 }, // U+0125
    { 24, 22, 421, 1, 22, 132, 4650 }, // U+0126
    { 18, 25, 320, 1, 25, 113, 4782 }, // U+0127
    { 13, 29, 198, -1, 29, 95, 4895 }, // U+0128
    { 12, 24, 159, -1, 24, 72, 4990 }, // U+0129
    { 9, 28, 198, 1, 28, 63, 5062 }, // U+012A
    { 8, 22, 159, 1, 22, 44, 5125 }, // U+012B
    { 9, 30, 198, 1, 22, 68, 5169 }, // U+012E
    { 9, 32, 159, 1, 24, 72, 5237 }, // U+012F
    { 9, 28, 198, 1, 28, 63, 5309 }, // U+0130
    { 8, 16, 159, 1, 16, 32, 5372 }, // U+0131
    { 14, 32, 199, -1, 28, 112, 5404 }, // U+0134
    { 14, 33, 148, -3, 25, 116, 5516 }, // U+0135
    { 21, 31, 356, 1, 22, 163, 5632 }, // U+0136
    { 18, 34, 292, 1, 25, 153, 5795 }, // U+0137
    { 17, 17, 292, 1, 17, 73, 5948 }, // U+0138
    { 17, 29, 318, 1, 29, 124, 6021 }, // U+0139
    { 9, 30, 159, 1, 30, 68, 6145 }, // U+013A
    { 17, 31, 318, 1, 22, 132, 6213 }, // U+013B
    { 8, 34, 159, 1, 25, 68, 6345 }, // U+013C
    { 17, 22, 318, 1, 22, 94, 6413 }, // U+013D
    { 11, 24, 160, 1, 24, 66, 6507 }, // U+013E
    { 17, 22, 318, 1, 22, 94, 6573 }, // U+013F
    { 12, 25, 159, 1, 25, 75, 6667 }, // U+0140
    { 17, 22, 318, 1, 22, 94, 6742 }, // U+0141
    { 8, 25, 159, 1, 25, 50, 6836 }, // U+0142
    { 22, 29, 392, 1, 29, 160, 6886 }, // U+0143
    { 18, 25, 323, 1, 25, 113, 7046 }, // U+0144
    { 22, 31, 392, 1, 22, 171, 7159 }, // U+0145
    { 18, 25, 323, 1, 16, 113, 7330 }, // U+0146
    { 22, 29, 392, 1, 29, 160, 7443 }, // U+0147
    { 18, 25, 323, 1, 25, 113, 7603 }, // U+0148
    { 25, 24, 415, 1, 24, 150, 7716 }, // U+0149
    { 22, 26, 392, 1, 22, 143, 7866 }, // U+014A
    { 17, 24, 323, 1, 16, 102, 8009 }, // U+014B
    { 21, 28, 377, 2, 28, 147, 8111 }, // U+014C
    { 16, 22, 293, 1, 22, 88, 8258 }, // U+014D
    { 21, 29, 377, 2, 29, 153, 8346 }, // U+014E
    { 16, 25, 293, 1, 25, 100, 8499 }, // U+014F
    { 21, 30, 377, 2, 30, 158, 8599 }, // U+0150
    { 16, 25, 293, 1, 25, 100, 8757 }, // U+0151
    { 29, 22, 500, 2, 22, 160, 8857 }, // U+0152
    { 27, 16, 465, 1, 16, 108, 9017 }, // U+0153
    { 20, 29, 347, 1, 29, 145, 9125 }, // U+0154
    { 14, 25, 226, 1, 25, 88, 9270 }, // U+0155
    { 20, 31, 347, 1, 22, 155, 9358 }, // U+0156
    { 14, 25, 226, 1, 16, 88, 9513 }, // U+0157
    { 20, 30, 347, 1, 30, 150, 9601 }, // U+0158
    { 14, 25, 226, 1, 25, 88, 9751 }, // U+0159
    { 16, 29, 273, 1, 29, 116, 9839 }, // U+015A
    { 12, 25, 231, 2, 25, 75, 9955 }, // U+015B
    { 16, 29, 273, 1, 29, 116, 10030 }, // U+015C
    { 12, 25, 231, 2, 25, 75, 10146 }, // U+015D
    { 16, 30, 273, 1, 22, 120, 10221 }, // U+015E
    { 12, 24, 231, 2, 16, 72, 10341 }, // U+015F
    { 16, 30, 273, 1, 30, 120, 10413 }, // U+0160
    { 12, 25, 231, 2, 25, 75, 10533 }, // U+0161
    { 19, 30, 322, 1, 22, 143, 10608 }, // U+0162
    { 11, 29, 173, 1, 21, 80, 10751 }, // U+0163
    { 19, 29, 322, 1, 29, 138, 10831 }, // U+0164
    { 12, 25, 173, 1, 25, 75, 10969 }, // U+0165
    { 22, 29, 388, 1, 29, 160, 11044 }, // U+0168
    { 18, 24, 311, 0, 24, 108, 11204 }, // U+0169
    { 22, 28, 388, 1, 28, 154, 11312 }, // U+016A
    { 18, 22, 311, 0, 22, 99, 11466 }, // U+016B
    { 22, 29, 388, 1, 29, 160, 11565 }, // U+016C
    { 18, 25, 311, 0, 25, 113, 11725 }, // U+016D
    { 22, 31, 388, 1, 31, 171, 11838 }, // U+016E
    { 18, 26, 311, 0, 26, 117, 12009 }, // U+016F
    { 22, 30, 388, 1, 30, 165, 12126 }, // U+0170
    { 18, 25, 311, 0, 25, 113, 12291 }, // U+0171
    { 22, 29, 388, 1, 22, 160, 12404 }, // U+0172
    { 19, 24, 311, 0, 17, 114, 12564 }, // U+0173
    { 32, 29, 513, 1, 29, 232, 12678 }, // U+0174
    { 25, 25, 407, 0, 25, 157, 12910 }, // U+0175
    { 20, 28, 338, 1, 28, 140, 13067 }, // U+0176
    { 17, 33, 273, 0, 25, 141, 13207 }, // U+0177
    { 20, 28, 338, 1, 28, 140, 13348 }, // U+0178
    { 17, 29, 294, 1, 29, 124, 13488 }, // U+0179
    { 13, 25, 243, 1, 25, 82, 13612 }, // U+017A
    { 17, 28, 294, 1, 28, 119, 13694 }, // U+017B
    { 13, 24, 243, 1, 24, 78, 13813 }, // U+017C
    { 17, 29, 294, 1, 29, 124, 13891 }, // U+017D
    { 13, 25, 243, 1, 25, 82, 14015 }, // U+017E
    { 13, 24, 183, 1, 24, 78, 14097 }, // U+017F
    { 21, 27, 377, 2, 27, 142, 0 }, // U+01A0
    { 16, 21, 293, 1, 21, 84, 142 }, // U+01A1
    { 24, 28, 388, 1, 28, 168, 226 }, // U+01AF
    { 19, 22, 311, 0, 22, 105, 394 }, // U+01B0
    { 22, 29, 354, 1, 29, 160, 499 }, // U+01CD
    { 16, 25, 271, 1, 25, 100, 659 }, // U+01CE
    { 9, 29, 198, 1, 29, 66, 759 }, // U+01CF
    { 10, 25, 159, 0, 25, 63, 825 }, // U+01D0
    { 21, 30, 377, 2, 30, 158, 888 }, // U+01D1
    { 16, 25, 293, 1, 25, 100, 1046 }, // U+01D2
    { 22, 30, 388, 1, 30, 165, 1146 }, // U+01D3
    { 18, 25, 311, 0, 25, 113, 1311 }, // U+01D4
    { 22, 33, 388, 1, 33, 182, 1424 }, // U+01D5
    { 18, 27, 311, 0, 27, 122, 1606 }, // U+01D6
    { 22, 33, 388, 1, 33, 182, 1728 }, // U+01D7
    { 18, 28, 311, 0, 28, 126, 1910 }, // U+01D8
    { 22, 34, 388, 1, 34, 187, 2036 }, // U+01D9
    { 18, 29, 311, 0, 29, 131, 2223 }, // U+01DA
    { 22, 33, 388, 1, 33, 182, 2354 }, // U+01DB
    { 18, 28, 311, 0, 28, 126, 2536 }, // U+01DC
    { 21, 30, 364, 2, 30, 158, 2662 }, // U+01E6
    { 15, 33, 276, 1, 25, 124, 2820 }, // U+01E7
    { 22, 29, 392, 1, 29, 160, 2944 }, // U+01F8
    { 18, 25, 323, 1, 25, 113, 3104 }, // U+01F9
    { 16, 30, 273, 1, 22, 120, 3217 }, // U+0218
    { 12, 24, 231, 2, 16, 72, 3337 }, // U+0219
    { 19, 31, 322, 1, 22, 148, 3409 }, // U+021A
    { 11, 29, 173, 1, 21, 80, 3557 }, // U+021B
    { 7, 7, 0, -4, 25, 13, 0 }, // U+0300
    { 7, 7, 0, -3, 25, 13, 13 }, // U+0301
    { 10, 7, 0, -5, 24, 18, 26 }, // U+0302
    { 12, 6, 0, -6, 24, 18, 44 }, // U+0303
    { 8, 3, 0, -4, 22, 6, 62 }, // U+0304
    { 12, 6, 0, -6, 25, 18, 68 }, // U+0306
    { 4, 4, 0, -2, 23, 4, 86 }, // U+0307
    { 11, 4, 0, -5, 24, 11, 90 }, // U+0308
    { 5, 7, 0, -2, 25, 9, 101 }, // U+0309
    { 7, 8, 0, -3, 25, 14, 110 }, // U+030A
    { 10, 7, 0, -4, 25, 18, 124 }, // U+030B
    { 10, 6, 0, -5, 25, 15, 142 }, // U+030C
    { 5, 8, 0, 0, 23, 10, 157 }, // U+031B
    { 4, 4, 0, -2, -3, 4, 167 }, // U+0323
    { 11, 4, 0, -5, -2, 11, 171 }, // U+0324
    { 5, 7, 0, -2, -2, 9, 182 }, // U+0326
    { 7, 9, 0, -2, 1, 16, 191 }, // U+0327
    { 6, 8, 0, -3, 1, 12, 207 }, // U+0328
    { 3, 6, 0, -1, -3, 5, 219 }, // U+0329
    { 12, 6, 0, -6, -1, 18, 224 }, // U+032E
    { 8, 3, 0, -4, -3, 6, 242 }, // U+0331
    { 22, 29, 354, 1, 22, 160, 0 }, // U+1EA0
    { 17, 22, 271, 1, 16, 94, 160 }, // U+1EA1
    { 22, 29, 354, 1, 29, 160, 254 }, // U+1EA2
    { 16, 25, 271, 1, 25, 100, 414 }, // U+1EA3
    { 22, 30, 354, 1, 30, 165, 514 }, // U+1EA4
    { 16, 26, 271, 1, 26, 104, 679 }, // U+1EA5
    { 22, 30, 354, 1, 30, 165, 783 }, // U+1EA6
    { 17, 26, 271, 1, 26, 111, 948 }, // U+1EA7
    { 22, 32, 354, 1, 32, 176, 1059 }, // U+1EA8
    { 16, 27, 271, 1, 27, 108, 1235 }, // U+1EA9
    { 22, 32, 354, 1, 32, 176, 1343 }, // U+1EAA
    { 16, 27, 271, 1, 27, 108, 1519 }, // U+1EAB
    { 22, 35, 354, 1, 28, 193, 1627 }, // U+1EAC
    { 17, 31, 271, 1, 25, 132, 1820 }, // U+1EAD
    { 22, 33, 354, 1, 33, 182, 1952 }, // U+1EAE
    { 16, 28, 271, 1, 28, 112, 2134 }, // U+1EAF
    { 22, 33, 354, 1, 33, 182, 2246 }, // U+1EB0
    { 16, 28, 271, 1, 28, 112, 2428 }, // U+1EB1
    { 22, 33, 354, 1, 33, 182, 2540 }, // U+1EB2
    { 16, 29, 271, 1, 29, 116, 2722 }, // U+1EB3
    { 22, 32, 354, 1, 32, 176, 2838 }, // U+1EB4
    { 16, 28, 271, 1, 28, 112, 3014 }, // U+1EB5
    { 22, 36, 354, 1, 29, 198, 3126 }, // U+1EB6
    { 17, 31, 271, 1, 25, 132, 3324 }, // U+1EB7
    { 18, 29, 322, 1, 22, 131, 3456 }, // U+1EB8
    { 15, 22, 272, 1, 16, 83, 3587 }, // U+1EB9
    { 18, 29, 322, 1, 29, 131, 3670 }, // U+1EBA
    { 15, 25, 272, 1, 25, 94, 3801 }, // U+1EBB
    { 18, 29, 322, 1, 29, 131, 3895 }, // U+1EBC
    { 15, 24, 272, 1, 24, 90, 4026 }, // U+1EBD
    { 18, 30, 322, 1, 30, 135, 4116 }, // U+1EBE
    { 16, 26, 272, 1, 26, 104, 4251 }, // U+1EBF
    { 18, 30, 322, 1, 30, 135, 4355 }, // U+1EC0
    { 15, 26, 272, 1, 26, 98, 4490 }, // U+1EC1
    { 18, 32, 322, 1, 32, 144, 4588 }, // U+1EC2
    { 15, 27, 272, 1, 27, 102, 4732 }, // U+1EC3
    { 18, 32, 322, 1, 32, 144, 4834 }, // U+1EC4
    { 15, 27, 272, 1, 27, 102, 4978 }, // U+1EC5
    { 18, 35, 322, 1, 28, 158, 5080 }, // U+1EC6
    { 15, 31, 272, 1, 25, 117, 5238 }, // U+1EC7
    { 9, 29, 198, 1, 29, 66, 5355 }, // U+1EC8
    { 8, 25, 159, 1, 25, 50, 5421 }, // U+1EC9
    { 9, 29, 198, 1, 22, 66, 5471 }, // U+1ECA
    { 8, 31, 159, 1, 24, 62, 5537 }, // U+1ECB
    { 21, 28, 377, 2, 22, 147, 5599 }, // U+1ECC
    { 16, 22, 293, 1, 16, 88, 5746 }, // U+1ECD
    { 21, 29, 377, 2, 29, 153, 5834 }, // U+1ECE
    { 16, 25, 293, 1, 25, 100, 5987 }, // U+1ECF
    { 21, 31, 377, 2, 31, 163, 6087 }, // U+1ED0
    { 16, 26, 293, 1, 26, 104, 6250 }, // U+1ED1
    { 21, 31, 377, 2, 31, 163, 6354 }, // U+1ED2
    { 16, 26, 293, 1, 26, 104, 6517 }, // U+1ED3
    { 21, 32, 377, 2, 32, 168, 6621 }, // U+1ED4
    { 16, 27, 293, 1, 27, 108, 6789 }, // U+1ED5
    { 21, 33, 377, 2, 33, 174, 6897 }, // U+1ED6
    { 16, 27, 293, 1, 27, 108, 7071 }, // U+1ED7
    { 21, 35, 377, 2, 29, 184, 7179 }, // U+1ED8
    { 16, 31, 293, 1, 25, 124, 7363 }, // U+1ED9
    { 21, 30, 377, 2, 30, 158, 7487 }, // U+1EDA
    { 16, 26, 293, 1, 26, 104, 7645 }, // U+1EDB
    { 21, 30, 377, 2, 30, 158, 7749 }, // U+1EDC
    { 16, 26, 293, 1, 26, 104, 7907 }, // U+1EDD
    { 21, 30, 377, 2, 30, 158, 8011 }, // U+1EDE
    { 16, 26, 293, 1, 26, 104, 8169 }, // U+1EDF
    { 21, 29, 377, 2, 29, 153, 8273 }, // U+1EE0
    { 16, 24, 293, 1, 24, 96, 8426 }, // U+1EE1
    { 21, 33, 377, 2, 27, 174, 8522 }, // U+1EE2
    { 16, 27, 293, 1, 21, 108, 8696 }, // U+1EE3
    { 22, 28, 388, 1, 22, 154, 8804 }, // U+1EE4
    { 18, 23, 311, 0, 17, 104, 8958 }, // U+1EE5
    { 22, 29, 388, 1, 29, 160, 9062 }, // U+1EE6
    { 18, 25, 311, 0, 25, 113, 9222 }, // U+1EE7
    { 24, 30, 388, 1, 30, 180, 9335 }, // U+1EE8
    { 19, 26, 311, 0, 26, 124, 9515 }, // U+1EE9
    { 24, 30, 388, 1, 30, 180, 9639 }, // U+1EEA
    { 19, 26, 311, 0, 26, 124, 9819 }, // U+1EEB
    { 24, 30, 388, 1, 30, 180, 9943 }, // U+1EEC
    { 19, 25, 311, 0, 25, 119, 10123 }, // U+1EED
    { 24, 29, 388, 1, 29, 174, 10242 }, // U+1EEE
    { 19, 24, 311, 0, 24, 114, 10416 }, // U+1EEF
    { 24, 34, 388, 1, 28, 204, 10530 }, // U+1EF0
    { 19, 28, 311, 0, 22, 133, 10734 }, // U+1EF1
    { 20, 29, 338, 1, 29, 145, 10867 }, // U+1EF2
    { 17, 33, 273, 0, 25, 141, 11012 }, // U+1EF3
    { 20, 29, 338, 1, 22, 145, 11153 }, // U+1EF4
    { 17, 24, 273, 0, 16, 102, 11298 }, // U+1EF5
    { 20, 29, 338, 1, 29, 145, 11400 }, // U+1EF6
    { 17, 33, 273, 0, 25, 141, 11545 }, // U+1EF7
    { 20, 29, 338, 1, 29, 145, 11686 }, // U+1EF8
    { 17, 32, 273, 0, 24, 136, 11831 }, // U+1EF9
    { 0, 0, 267, 0, 0, 0, 0 }, // U+2002
    { 0, 0, 533, 0, 0, 0, 0 }, // U+2003
    { 0, 0, 178, 0, 0, 0, 0 }, // U+2004
    { 0, 0, 133, 0, 0, 0, 0 }, // U+2005
    { 0, 0, 89, 0, 0, 0, 0 }, // U+2006
    { 0, 0, 267, 0, 0, 0, 0 }, // U+2007
    { 0, 0, 67, 0, 0, 0, 0 }, // U+2009
    { 0, 0, 22, 0, 0, 0, 0 }, // U+200A
    { 0, 0, 0, 0, 0, 0, 0 }, // U+200B
    { 8, 3, 166, 1, 10, 6, 0 }, // U+2010
    { 8, 3, 166, 1, 10, 6, 6 }, // U+2011
    { 14, 3, 267, 1, 12, 11, 12 }, // U+2012
    { 14, 3, 273, 1, 10, 11, 23 }, // U+2013
    { 24, 3, 433, 1, 10, 18, 34 }, // U+2014
    { 24, 3, 433, 1, 10, 18, 52 }, // U+2015
    { 5, 9, 113, 1, 25, 12, 70 }, // U+2018
    { 5, 9, 113, 1, 24, 12, 82 }, // U+2019
    { 5, 9, 113, 1, 4, 12, 94 }, // U+201A
    { 12, 9, 221, 1, 25, 27, 106 }, // U+201C
    { 12, 9, 221, 1, 24, 27, 133 }, // U+201D
    { 12, 9, 221, 1, 4, 27, 160 }, // U+201E
    { 14, 26, 272, 1, 24, 91, 187 }, // U+2020
    { 14, 27, 272, 1, 24, 95, 278 }, // U+2021
    { 7, 7, 163, 1, 14, 13, 373 }, // U+2022
    { 15, 5, 320, 3, 5, 19, 386 }, // U+2025
    { 23, 5, 437, 3, 5, 29, 405 }, // U+2026
    { 0, 0, 67, 0, 0, 0, 434 }, // U+202F
    { 39, 24, 667, 1, 22, 234, 434 }, // U+2030
    { 4, 11, 133, 2, 24, 11, 668 }, // U+2032
    { 10, 11, 230, 2, 24, 28, 679 }, // U+2033
    { 8, 14, 152, 1, 15, 28, 707 }, // U+2039
    { 8, 14, 152, 1, 15, 28, 735 }, // U+203A
    { 13, 22, 298, 3, 22, 72, 763 }, // U+203C
    { 17, 23, 75, -6, 22, 98, 835 }, // U+2044
    { 22, 23, 422, 2, 23, 127, 933 }, // U+2047
    { 18, 22, 365, 2, 22, 99, 1060 }, // U+2048
    { 18, 22, 365, 3, 22, 99, 1159 }, // U+2049
    { 16, 29, 267, 1, 25, 116, 0 }, // U+20A1
    { 15, 22, 267, 1, 22, 83, 116 }, // U+20A4
    { 17, 21, 267, 0, 21, 90, 199 }, // U+20A6
    { 16, 22, 267, 1, 22, 88, 289 }, // U+20A7
    { 17, 22, 267, 0, 22, 94, 377 }, // U+20A9
    { 14, 23, 267, 1, 23, 81, 471 }, // U+20AB
    { 16, 22, 267, 1, 22, 88, 552 }, // U+20AC
    { 16, 22, 267, 1, 22, 88, 640 }, // U+20AE
    { 17, 22, 267, 0, 22, 94, 728 }, // U+20B1
    { 16, 29, 267, 1, 25, 116, 822 }, // U+20B2
    { 15, 22, 267, 1, 22, 83, 938 }, // U+20B4
    { 14, 29, 267, 2, 25, 102, 1021 }, // U+20B5
    { 16, 22, 267, 1, 22, 88, 1123 }, // U+20B8
    { 14, 23, 267, 1, 22, 81, 1211 }, // U+20B9
    { 15, 22, 267, 1, 22, 83, 1292 }, // U+20BA
    { 16, 22, 267, 1, 22, 88, 1375 }, // U+20BD
    { 16, 29, 267, 1, 25, 116, 1463 }, // U+20BF
    { 23, 24, 351, 1, 24, 138, 0 }, // U+FB00
    { 18, 26, 324, 1, 26, 117, 138 }, // U+FB01
    { 18, 25, 326, 1, 25, 113, 255 }, // U+FB02
    { 28, 24, 486, 1, 24, 168, 368 }, // U+FB03
    { 28, 24, 488, 1, 24, 168, 536 }, // U+FB04
};

static const EpdUnicodeInterval sourceserif4_16_regularIntervals[] = {
    { 0x20, 0x7E, 0x0 },
    { 0xA0, 0x12B, 0x5F },
    { 0x12E, 0x131, 0xEB },
    { 0x134, 0x165, 0xEF },
    { 0x168, 0x17F, 0x121 },
    { 0x1A0, 0x1A1, 0x139 },
    { 0x1AF, 0x1B0, 0x13B },
    { 0x1CD, 0x1DC, 0x13D },
    { 0x1E6, 0x1E7, 0x14D },
    { 0x1F8, 0x1F9, 0x14F },
    { 0x218, 0x21B, 0x151 },
    { 0x300, 0x304, 0x155 },
    { 0x306, 0x30C, 0x15A },
    { 0x31B, 0x31B, 0x161 },
    { 0x323, 0x324, 0x162 },
    { 0x326, 0x329, 0x164 },
    { 0x32E, 0x32E, 0x168 },
    { 0x331, 0x331, 0x169 },
    { 0x1EA0, 0x1EF9, 0x16A },
    { 0x2002, 0x2007, 0x1C4 },
    { 0x2009, 0x200B, 0x1CA },
    { 0x2010, 0x2015, 0x1CD },
    { 0x2018, 0x201A, 0x1D3 },
    { 0x201C, 0x201E, 0x1D6 },
    { 0x2020, 0x2022, 0x1D9 },
    { 0x2025, 0x2026, 0x1DC },
    { 0x202F, 0x2030, 0x1DE },
    { 0x2032, 0x2033, 0x1E0 },
    { 0x2039, 0x203A, 0x1E2 },
    { 0x203C, 0x203C, 0x1E4 },
    { 0x2044, 0x2044, 0x1E5 },
    { 0x2047, 0x2049, 0x1E6 },
    { 0x20A1, 0x20A1, 0x1E9 },
    { 0x20A4, 0x20A4, 0x1EA },
    { 0x20A6, 0x20A7, 0x1EB },
    { 0x20A9, 0x20A9, 0x1ED },
    { 0x20AB, 0x20AC, 0x1EE },
    { 0x20AE, 0x20AE, 0x1F0 },
    { 0x20B1, 0x20B2, 0x1F1 },
    { 0x20B4, 0x20B5, 0x1F3 },
    { 0x20B8, 0x20BA, 0x1F5 },
    { 0x20BD, 0x20BD, 0x1F8 },
    { 0x20BF, 0x20BF, 0x1F9 },
    { 0xFB00, 0xFB04, 0x1FA },
};

static const EpdFontGroup sourceserif4_16_regularGroups[] = {
    { 0, 3696, 8334, 95, 0 },
    { 3696, 3451, 10161, 96, 95 },
    { 7147, 4309, 15565, 122, 191 },
    { 11456, 1189, 3948, 28, 313 },
    { 12645, 222, 286, 21, 341 },
    { 12867, 2535, 12887, 90, 362 },
    { 15402, 639, 1384, 37, 452 },
    { 16041, 952, 1677, 17, 489 },
    { 16993, 253, 735, 5, 506 },
};

static const EpdKernClassEntry sourceserif4_16_regularKernLeftClasses[] = {
    { 0x0022, 1 }, // "
    { 0x0023, 2 }, // #
    { 0x0024, 3 }, // $
    { 0x0026, 4 }, // &
    { 0x0027, 1 }, // '
    { 0x0028, 5 }, // (
    { 0x0029, 6 }, // )
    { 0x002A, 7 }, // *
    { 0x002B, 8 }, // +
    { 0x002C, 9 }, // ,
    { 0x002E, 9 }, // .
    { 0x002F, 10 }, // /
    { 0x0030, 11 }, // 0
    { 0x0031, 12 }, // 1
    { 0x0032, 13 }, // 2
    { 0x0033, 14 }, // 3
    { 0x0034, 15 }, // 4
    { 0x0035, 16 }, // 5
    { 0x0036, 17 }, // 6
    { 0x0037, 18 }, // 7
    { 0x0038, 14 }, // 8
    { 0x0039, 19 }, // 9
    { 0x003A, 20 }, // :
    { 0x003B, 20 }, // ;
    { 0x003C, 21 }, // <
    { 0x003D, 22 }, // =
    { 0x003E, 8 }, // >
    { 0x003F, 23 }, // ?
    { 0x0040, 24 }, // @
    { 0x0041, 25 }, // A
    { 0x0042, 26 }, // B
    { 0x0043, 27 }, // C
    { 0x0044, 28 }, // D
    { 0x0045, 29 }, // E
    { 0x0046, 30 }, // F
    { 0x0047, 31 }, // G
    { 0x0048, 32 }, // H
    { 0x0049, 32 }, // I
    { 0x004A, 33 }, // J
    { 0x004B, 34 }, // K
    { 0x004C, 35 }, // L
    { 0x004D, 32 }, // M
    { 0x004E, 36 }, // N
    { 0x004F, 37 }, // O
    { 0x0050, 38 }, // P
    { 0x0051, 37 }, // Q
    { 0x0052, 39 }, // R
    { 0x0053, 40 }, // S
    { 0x0054, 41 }, // T
    { 0x0055, 42 }, // U
    { 0x0056, 43 }, // V
    { 0x0057, 44 }, // W
    { 0x0058, 45 }, // X
    { 0x0059, 46 }, // Y
    { 0x005A, 47 }, // Z
    { 0x005B, 5 }, // [
    { 0x005C, 48 }, // <backslash>
    { 0x005D, 6 }, // ]
    { 0x005F, 49 }, // _
    { 0x0061, 50 }, // a
    { 0x0062, 51 }, // b
    { 0x0063, 52 }, // c
    { 0x0064, 53 }, // d
    { 0x0065, 54 }, // e
    { 0x0066, 55 }, // f
    { 0x0067, 56 }, // g
    { 0x0068, 57 }, // h
    { 0x0069, 58 }, // i
    { 0x006A, 59 }, // j
    { 0x006B, 60 }, // k
    { 0x006C, 53 }, // l
    { 0x006D, 57 }, // m
    { 0x006E, 57 }, // n
    { 0x006F, 51 }, // o
    { 0x0070, 51 }, // p
    { 0x0071, 61 }, // q
    { 0x0072, 62 }, // r
    { 0x0073, 63 }, // s
    { 0x0074, 64 }, // t
    { 0x0075, 65 }, // u
    { 0x0076, 66 }, // v
    { 0x0077, 66 }, // w
    { 0x0078, 67 }, // x
    { 0x0079, 66 }, // y
    { 0x007A, 68 }, // z
    { 0x007B, 5 }, // {
    { 0x007D, 6 }, // }
    { 0x007E, 8 }, // ~
    { 0x00A0, 69 }, // U+00A0
    { 0x00A1, 70 }, // U+00A1
    { 0x00A2, 71 }, // U+00A2
    { 0x00A3, 72 }, // U+00A3
    { 0x00A5, 73 }, // U+00A5
    { 0x00A9, 74 }, // U+00A9
    { 0x00AB, 75 }, // U+00AB
    { 0x00AC, 22 }, // U+00AC
    { 0x00AD, 76 }, // U+00AD
    { 0x00AE, 7 }, // U+00AE
    { 0x00B1, 77 }, // U+00B1
    { 0x00B5, 78 }, // U+00B5
    { 0x00B7, 79 }, // U+00B7
    { 0x00BB, 80 }, // U+00BB
    { 0x00BF, 81 }, // U+00BF
    { 0x00C0, 25 }, // U+00C0
    { 0x00C1, 25 }, // U+00C1
    { 0x00C2, 25 }, // U+00C2
    { 0x00C3, 25 }, // U+00C3
    { 0x00C4, 25 }, // U+00C4
    { 0x00C5, 25 }, // U+00C5
    { 0x00C6, 29 }, // U+00C6
    { 0x00C7, 27 }, // U+00C7
    { 0x00C8, 29 }, // U+00C8
    { 0x00C9, 29 }, // U+00C9
    { 0x00CA, 29 }, // U+00CA
    { 0x00CB, 29 }, // U+00CB
    { 0x00CC, 32 }, // U+00CC
    { 0x00CD, 32 }, // U+00CD
    { 0x00CE, 32 }, // U+00CE
    { 0x00CF, 32 }, // U+00CF
    { 0x00D0, 28 }, // U+00D0
    { 0x00D1, 36 }, // U+00D1
    { 0x00D2, 37 }, // U+00D2
    { 0x00D3, 37 }, // U+00D3
    { 0x00D4, 37 }, // U+00D4
    { 0x00D5, 37 }, // U+00D5
    { 0x00D6, 37 }, // U+00D6
    { 0x00D7, 21 }, // U+00D7
    { 0x00D8, 37 }, // U+00D8
    { 0x00D9, 42 }, // U+00D9
    { 0x00DA, 42 }, // U+00DA
    { 0x00DB, 42 }, // U+00DB
    { 0x00DC, 42 }, // U+00DC
    { 0x00DD, 46 }, // U+00DD
    { 0x00DE, 82 }, // U+00DE
    { 0x00DF, 83 }, // U+00DF
    { 0x00E0, 50 }, // U+00E0
    { 0x00E1, 50 }, // U+00E1
    { 0x00E2, 50 }, // U+00E2
    { 0x00E3, 50 }, // U+00E3
    { 0x00E4, 50 }, // U+00E4
    { 0x00E5, 50 }, // U+00E5
    { 0x00E6, 54 }, // U+00E6
    { 0x00E7, 52 }, // U+00E7
    { 0x00E8, 54 }, // U+00E8
    { 0x00E9, 54 }, // U+00E9
    { 0x00EA, 54 }, // U+00EA
    { 0x00EB, 54 }, // U+00EB
    { 0x00EC, 58 }, // U+00EC
    { 0x00ED, 58 }, // U+00ED
    { 0x00EE, 84 }, // U+00EE
    { 0x00EF, 84 }, // U+00EF
    { 0x00F0, 85 }, // U+00F0
    { 0x00F1, 57 }, // U+00F1
    { 0x00F2, 51 }, // U+00F2
    { 0x00F3, 51 }, // U+00F3
    { 0x00F4, 51 }, // U+00F4
    { 0x00F5, 51 }, // U+00F5
    { 0x00F6, 51 }, // U+00F6
    { 0x00F7, 8 }, // U+00F7
    { 0x00F8, 51 }, // U+00F8
    { 0x00F9, 65 }, // U+00F9
    { 0x00FA, 65 }, // U+00FA
    { 0x00FB, 65 }, // U+00FB
    { 0x00FC, 65 }, // U+00FC
    { 0x00FD, 66 }, // U+00FD
    { 0x00FE, 51 }, // U+00FE
    { 0x00FF, 66 }, // U+00FF
    { 0x0100, 25 }, // U+0100
    { 0x0101, 50 }, // U+0101
    { 0x0102, 25 }, // U+0102
    { 0x0103, 50 }, // U+0103
    { 0x0104, 25 }, // U+0104
    { 0x0105, 50 }, // U+0105
    { 0x0106, 27 }, // U+0106
    { 0x0107, 52 }, // U+0107
    { 0x0108, 27 }, // U+0108
    { 0x0109, 52 }, // U+0109
    { 0x010A, 27 }, // U+010A
    { 0x010B, 52 }, // U+010B
    { 0x010C, 27 }, // U+010C
    { 0x010D, 52 }, // U+010D
    { 0x010E, 28 }, // U+010E
    { 0x010F, 86 }, // U+010F
    { 0x0110, 28 }, // U+0110
    { 0x0111, 53 }, // U+0111
    { 0x0112, 29 }, // U+0112
    { 0x0113, 54 }, // U+0113
    { 0x0114, 29 }, // U+0114
    { 0x0115, 54 }, // U+0115
    { 0x0116, 29 }, // U+0116
    { 0x0117, 54 }, // U+0117
    { 0x0118, 29 }, // U+0118
    { 0x0119, 54 }, // U+0119
    { 0x011A, 29 }, // U+011A
    { 0x011B, 54 }, // U+011B
    { 0x011C, 31 }, // U+011C
    { 0x011D, 56 }, // U+011D
    { 0x011E, 31 }, // U+011E
    { 0x011F, 56 }, // U+011F
    { 0x0120, 31 }, // U+0120
    { 0x0121, 56 }, // U+0121
    { 0x0122, 31 }, // U+0122
    { 0x0123, 56 }, // U+0123
    { 0x0124, 32 }, // U+0124
    { 0x0125, 57 }, // U+0125
    { 0x0126, 32 }, // U+0126
    { 0x0127, 57 }, // U+0127
    { 0x0128, 32 }, // U+0128
    { 0x0129, 84 }, // U+0129
    { 0x012A, 32 }, // U+012A
    { 0x012B, 84 }, // U+012B
    { 0x012E, 32 }, // U+012E
    { 0x012F, 58 }, // U+012F
    { 0x0130, 32 }, // U+0130
    { 0x0131, 58 }, // U+0131
    { 0x0134, 33 }, // U+0134
    { 0x0135, 59 }, // U+0135
    { 0x0136, 34 }, // U+0136
    { 0x0137, 60 }, // U+0137
    { 0x0138, 60 }, // U+0138
    { 0x0139, 35 }, // U+0139
    { 0x013A, 53 }, // U+013A
    { 0x013B, 35 }, // U+013B
    { 0x013C, 53 }, // U+013C
    { 0x013D, 87 }, // U+013D
    { 0x013E, 86 }, // U+013E
    { 0x0141, 35 }, // U+0141
    { 0x0142, 53 }, // U+0142
    { 0x0143, 36 }, // U+0143
    { 0x0144, 57 }, // U+0144
    { 0x0145, 36 }, // U+0145
    { 0x0146, 57 }, // U+0146
    { 0x0147, 36 }, // U+0147
    { 0x0148, 57 }, // U+0148
    { 0x014A, 33 }, // U+014A
    { 0x014B, 59 }, // U+014B
    { 0x014C, 37 }, // U+014C
    { 0x014D, 51 }, // U+014D
    { 0x014E, 37 }, // U+014E
    { 0x014F, 51 }, // U+014F
    { 0x0150, 37 }, // U+0150
    { 0x0151, 51 }, // U+0151
    { 0x0152, 29 }, // U+0152
    { 0x0153, 54 }, // U+0153
    { 0x0154, 39 }, // U+0154
    { 0x0155, 62 }, // U+0155
    { 0x0156, 39 }, // U+0156
    { 0x0157, 62 }, // U+0157
    { 0x0158, 39 }, // U+0158
    { 0x0159, 62 }, // U+0159
    { 0x015A, 40 }, // U+015A
    { 0x015B, 63 }, // U+015B
    { 0x015C, 40 }, // U+015C
    { 0x015D, 63 }, // U+015D
    { 0x015E, 40 }, // U+015E
    { 0x015F, 63 }, // U+015F
    { 0x0160, 40 }, // U+0160
    { 0x0161, 63 }, // U+0161
    { 0x0162, 41 }, // U+0162
    { 0x0163, 64 }, // U+0163
    { 0x0164, 41 }, // U+0164
    { 0x0165, 88 }, // U+0165
    { 0x0168, 42 }, // U+0168
    { 0x0169, 65 }, // U+0169
    { 0x016A, 42 }, // U+016A
    { 0x016B, 65 }, // U+016B
    { 0x016C, 42 }, // U+016C
    { 0x016D, 65 }, // U+016D
    { 0x016E, 42 }, // U+016E
    { 0x016F, 65 }, // U+016F
    { 0x0170, 42 }, // U+0170
    { 0x0171, 65 }, // U+0171
    { 0x0172, 42 }, // U+0172
    { 0x0173, 65 }, // U+0173
    { 0x0174, 44 }, // U+0174
    { 0x0175, 66 }, // U+0175
    { 0x0176, 46 }, // U+0176
    { 0x0177, 66 }, // U+0177
    { 0x0178, 46 }, // U+0178
    { 0x0179, 47 }, // U+0179
    { 0x017A, 68 }, // U+017A
    { 0x017B, 47 }, // U+017B
    { 0x017C, 68 }, // U+017C
    { 0x017D, 47 }, // U+017D
    { 0x017E, 68 }, // U+017E
    { 0x017F, 55 }, // U+017F
    { 0x01A0, 37 }, // U+01A0
    { 0x01AF, 89 }, // U+01AF
    { 0x01CD, 25 }, // U+01CD
    { 0x01CE, 50 }, // U+01CE
    { 0x01CF, 32 }, // U+01CF
    { 0x01D0, 84 }, // U+01D0
    { 0x01D1, 37 }, // U+01D1
    { 0x01D2, 51 }, // U+01D2
    { 0x01D3, 42 }, // U+01D3
    { 0x01D4, 65 }, // U+01D4
    { 0x01D5, 42 }, // U+01D5
    { 0x01D6, 65 }, // U+01D6
    { 0x01D7, 42 }, // U+01D7
    { 0x01D8, 65 }, // U+01D8
    { 0x01D9, 42 }, // U+01D9
    { 0x01DA, 65 }, // U+01DA
    { 0x01DB, 42 }, // U+01DB
    { 0x01DC, 65 }, // U+01DC
    { 0x01E6, 31 }, // U+01E6
    { 0x01E7, 56 }, // U+01E7
    { 0x01F8, 36 }, // U+01F8
    { 0x01F9, 57 }, // U+01F9
    { 0x0218, 40 }, // U+0218
    { 0x0219, 63 }, // U+0219
    { 0x021A, 41 }, // U+021A
    { 0x021B, 64 }, // U+021B
    { 0x1EA0, 25 }, // U+1EA0
    { 0x1EA1, 50 }, // U+1EA1
    { 0x1EA2, 25 }, // U+1EA2
    { 0x1EA3, 50 }, // U+1EA3
    { 0x1EA4, 25 }, // U+1EA4
    { 0x1EA5, 50 }, // U+1EA5
    { 0x1EA6, 25 }, // U+1EA6
    { 0x1EA7, 50 }, // U+1EA7
    { 0x1EA8, 25 }, // U+1EA8
    { 0x1EA9, 50 }, // U+1EA9
    { 0x1EAA, 25 }, // U+1EAA
    { 0x1EAB, 50 }, // U+1EAB
    { 0x1EAC, 25 }, // U+1EAC
    { 0x1EAD, 50 }, // U+1EAD
    { 0x1EAE, 25 }, // U+1EAE
    { 0x1EAF, 50 }, // U+1EAF
    { 0x1EB0, 25 }, // U+1EB0
    { 0x1EB1, 50 }, // U+1EB1
    { 0x1EB2, 25 }, // U+1EB2
    { 0x1EB3, 50 }, // U+1EB3
    { 0x1EB4, 25 }, // U+1EB4
    { 0x1EB5, 50 }, // U+1EB5
    { 0x1EB6, 25 }, // U+1EB6
    { 0x1EB7, 50 }, // U+1EB7
    { 0x1EB8, 29 }, // U+1EB8
    { 0x1EB9, 54 }, // U+1EB9
    { 0x1EBA, 29 }, // U+1EBA
    { 0x1EBB, 54 }, // U+1EBB
    { 0x1EBC, 29 }, // U+1EBC
    { 0x1EBD, 54 }, // U+1EBD
    { 0x1EBE, 29 }, // U+1EBE
    { 0x1EBF, 54 }, // U+1EBF
    { 0x1EC0, 29 }, // U+1EC0
    { 0x1EC1, 54 }, // U+1EC1
    { 0x1EC2, 29 }, // U+1EC2
    { 0x1EC3, 54 }, // U+1EC3
    { 0x1EC4, 29 }, // U+1EC4
    { 0x1EC5, 54 }, // U+1EC5
    { 0x1EC6, 29 }, // U+1EC6
    { 0x1EC7, 54 }, // U+1EC7
    { 0x1EC8, 32 }, // U+1EC8
    { 0x1EC9, 58 }, // U+1EC9
    { 0x1ECA, 32 }, // U+1ECA
    { 0x1ECB, 58 }, // U+1ECB
    { 0x1ECC, 37 }, // U+1ECC
    { 0x1ECD, 51 }, // U+1ECD
    { 0x1ECE, 37 }, // U+1ECE
    { 0x1ECF, 51 }, // U+1ECF
    { 0x1ED0, 37 }, // U+1ED0
    { 0x1ED1, 51 }, // U+1ED1
    { 0x1ED2, 37 }, // U+1ED2
    { 0x1ED3, 51 }, // U+1ED3
    { 0x1ED4, 37 }, // U+1ED4
    { 0x1ED5, 51 }, // U+1ED5
    { 0x1ED6, 37 }, // U+1ED6
    { 0x1ED7, 51 }, // U+1ED7
    { 0x1ED8, 37 }, // U+1ED8
    { 0x1ED9, 51 }, // U+1ED9
    { 0x1EDA, 37 }, // U+1EDA
    { 0x1EDC, 37 }, // U+1EDC
    { 0x1EDE, 37 }, // U+1EDE
    { 0x1EE0, 37 }, // U+1EE0
    { 0x1EE2, 37 }, // U+1EE2
    { 0x1EE4, 42 }, // U+1EE4
    { 0x1EE5, 65 }, // U+1EE5
    { 0x1EE6, 42 }, // U+1EE6
    { 0x1EE7, 65 }, // U+1EE7
    { 0x1EE8, 89 }, // U+1EE8
    { 0x1EEA, 89 }, // U+1EEA
    { 0x1EEC, 89 }, // U+1EEC
    { 0x1EEE, 89 }, // U+1EEE
    { 0x1EF0, 89 }, // U+1EF0
    { 0x1EF2, 46 }, // U+1EF2
    { 0x1EF3, 66 }, // U+1EF3
    { 0x1EF4, 46 }, // U+1EF4
    { 0x1EF5, 66 }, // U+1EF5
    { 0x1EF6, 46 }, // U+1EF6
    { 0x1EF7, 66 }, // U+1EF7
    { 0x1EF8, 46 }, // U+1EF8
    { 0x1EF9, 66 }, // U+1EF9
    { 0x2012, 76 }, // U+2012
    { 0x2013, 76 }, // U+2013
    { 0x2014, 76 }, // U+2014
    { 0x2015, 76 }, // U+2015
    { 0x2018, 90 }, // U+2018
    { 0x2019, 91 }, // U+2019
    { 0x201A, 92 }, // U+201A
    { 0x201C, 90 }, // U+201C
    { 0x201D, 91 }, // U+201D
    { 0x201E, 92 }, // U+201E
    { 0x2022, 93 }, // U+2022
    { 0x2026, 9 }, // U+2026
    { 0x2039, 75 }, // U+2039
    { 0x203A, 80 }, // U+203A
    { 0x20B9, 94 }, // U+20B9
    { 0x20BA, 95 }, // U+20BA
    { 0xFB00, 55 }, // U+FB00
    { 0xFB01, 58 }, // U+FB01
    { 0xFB02, 53 }, // U+FB02
    { 0xFB03, 58 }, // U+FB03
    { 0xFB04, 53 }, // U+FB04
};

static const EpdKernClassEntry sourceserif4_16_regularKernRightClasses[] = {
    { 0x0021, 1 }, // !
    { 0x0022, 2 }, // "
    { 0x0023, 3 }, // #
    { 0x0024, 4 }, // $
    { 0x0025, 5 }, // %
    { 0x0026, 6 }, // &
    { 0x0027, 2 }, // '
    { 0x0028, 7 }, // (
    { 0x0029, 8 }, // )
    { 0x002A, 9 }, // *
    { 0x002B, 10 }, // +
    { 0x002C, 11 }, // ,
    { 0x002E, 11 }, // .
    { 0x002F, 12 }, // /
    { 0x0030, 13 }, // 0
    { 0x0031, 14 }, // 1
    { 0x0032, 15 }, // 2
    { 0x0033, 16 }, // 3
    { 0x0034, 17 }, // 4
    { 0x0035, 18 }, // 5
    { 0x0036, 19 }, // 6
    { 0x0037, 20 }, // 7
    { 0x0038, 21 }, // 8
    { 0x0039, 22 }, // 9
    { 0x003A, 23 }, // :
    { 0x003B, 23 }, // ;
    { 0x003C, 10 }, // <
    { 0x003D, 24 }, // =
    { 0x003E, 25 }, // >
    { 0x003F, 26 }, // ?
    { 0x0040, 27 }, // @
    { 0x0041, 28 }, // A
    { 0x0042, 29 }, // B
    { 0x0043, 30 }, // C
    { 0x0044, 29 }, // D
    { 0x0045, 29 }, // E
    { 0x0046, 29 }, // F
    { 0x0047, 30 }, // G
    { 0x0048, 29 }, // H
    { 0x0049, 29 }, // I
    { 0x004A, 31 }, // J
    { 0x004B, 29 }, // K
    { 0x004C, 29 }, // L
    { 0x004D, 32 }, // M
    { 0x004E, 32 }, // N
    { 0x004F, 30 }, // O
    { 0x0050, 29 }, // P
    { 0x0051, 30 }, // Q
    { 0x0052, 29 }, // R
    { 0x0053, 33 }, // S
    { 0x0054, 34 }, // T
    { 0x0055, 35 }, // U
    { 0x0056, 36 }, // V
    { 0x0057, 37 }, // W
    { 0x0058, 38 }, // X
    { 0x0059, 39 }, // Y
    { 0x005A, 40 }, // Z
    { 0x005B, 7 }, // [
    { 0x005C, 41 }, // <backslash>
    { 0x005D, 8 }, // ]
    { 0x005F, 42 }, // _
    { 0x0061, 43 }, // a
    { 0x0062, 44 }, // b
    { 0x0063, 45 }, // c
    { 0x0064, 45 }, // d
    { 0x0065, 45 }, // e
    { 0x0066, 46 }, // f
    { 0x0067, 47 }, // g
    { 0x0068, 44 }, // h
    { 0x0069, 48 }, // i
    { 0x006A, 49 }, // j
    { 0x006B, 44 }, // k
    { 0x006C, 44 }, // l
    { 0x006D, 50 }, // m
    { 0x006E, 50 }, // n
    { 0x006F, 45 }, // o
    { 0x0070, 51 }, // p
    { 0x0071, 45 }, // q
    { 0x0072, 50 }, // r
    { 0x0073, 52 }, // s
    { 0x0074, 53 }, // t
    { 0x0075, 54 }, // u
    { 0x0076, 55 }, // v
    { 0x0077, 55 }, // w
    { 0x0078, 56 }, // x
    { 0x0079, 57 }, // y
    { 0x007A, 58 }, // z
    { 0x007B, 7 }, // {
    { 0x007D, 8 }, // }
    { 0x007E, 10 }, // ~
    { 0x00A0, 59 }, // U+00A0
    { 0x00A1, 60 }, // U+00A1
    { 0x00A2, 61 }, // U+00A2
    { 0x00A3, 62 }, // U+00A3
    { 0x00A5, 63 }, // U+00A5
    { 0x00A9, 64 }, // U+00A9
    { 0x00AA, 65 }, // U+00AA
    { 0x00AB, 66 }, // U+00AB
    { 0x00AC, 10 }, // U+00AC
    { 0x00AD, 67 }, // U+00AD
    { 0x00AE, 9 }, // U+00AE
    { 0x00B0, 68 }, // U+00B0
    { 0x00B1, 62 }, // U+00B1
    { 0x00B2, 69 }, // U+00B2
    { 0x00B3, 69 }, // U+00B3
    { 0x00B7, 70 }, // U+00B7
    { 0x00B9, 69 }, // U+00B9
    { 0x00BA, 65 }, // U+00BA
    { 0x00BB, 71 }, // U+00BB
    { 0x00BC, 5 }, // U+00BC
    { 0x00BD, 5 }, // U+00BD
    { 0x00BE, 5 }, // U+00BE
    { 0x00BF, 72 }, // U+00BF
    { 0x00C0, 28 }, // U+00C0
    { 0x00C1, 28 }, // U+00C1
    { 0x00C2, 28 }, // U+00C2
    { 0x00C3, 28 }, // U+00C3
    { 0x00C4, 28 }, // U+00C4
    { 0x00C5, 28 }, // U+00C5
    { 0x00C6, 73 }, // U+00C6
    { 0x00C7, 30 }, // U+00C7
    { 0x00C8, 29 }, // U+00C8
    { 0x00C9, 29 }, // U+00C9
    { 0x00CA, 29 }, // U+00CA
    { 0x00CB, 29 }, // U+00CB
    { 0x00CC, 29 }, // U+00CC
    { 0x00CD, 29 }, // U+00CD
    { 0x00CE, 29 }, // U+00CE
    { 0x00CF, 29 }, // U+00CF
    { 0x00D0, 29 }, // U+00D0
    { 0x00D1, 32 }, // U+00D1
    { 0x00D2, 30 }, // U+00D2
    { 0x00D3, 30 }, // U+00D3
    { 0x00D4, 30 }, // U+00D4
    { 0x00D5, 30 }, // U+00D5
    { 0x00D6, 30 }, // U+00D6
    { 0x00D7, 25 }, // U+00D7
    { 0x00D8, 30 }, // U+00D8
    { 0x00D9, 35 }, // U+00D9
    { 0x00DA, 35 }, // U+00DA
    { 0x00DB, 35 }, // U+00DB
    { 0x00DC, 35 }, // U+00DC
    { 0x00DD, 39 }, // U+00DD
    { 0x00DE, 29 }, // U+00DE
    { 0x00DF, 46 }, // U+00DF
    { 0x00E0, 43 }, // U+00E0
    { 0x00E1, 43 }, // U+00E1
    { 0x00E2, 43 }, // U+00E2
    { 0x00E3, 74 }, // U+00E3
    { 0x00E4, 75 }, // U+00E4
    { 0x00E5, 43 }, // U+00E5
    { 0x00E6, 43 }, // U+00E6
    { 0x00E7, 45 }, // U+00E7
    { 0x00E8, 45 }, // U+00E8
    { 0x00E9, 45 }, // U+00E9
    { 0x00EA, 45 }, // U+00EA
    { 0x00EB, 45 }, // U+00EB
    { 0x00EC, 76 }, // U+00EC
    { 0x00ED, 48 }, // U+00ED
    { 0x00EE, 77 }, // U+00EE
    { 0x00EF, 78 }, // U+00EF
    { 0x00F0, 45 }, // U+00F0
    { 0x00F1, 50 }, // U+00F1
    { 0x00F2, 45 }, // U+00F2
    { 0x00F3, 45 }, // U+00F3
    { 0x00F4, 45 }, // U+00F4
    { 0x00F5, 45 }, // U+00F5
    { 0x00F6, 45 }, // U+00F6
    { 0x00F7, 10 }, // U+00F7
    { 0x00F8, 45 }, // U+00F8
    { 0x00F9, 54 }, // U+00F9
    { 0x00FA, 54 }, // U+00FA
    { 0x00FB, 54 }, // U+00FB
    { 0x00FC, 54 }, // U+00FC
    { 0x00FD, 57 }, // U+00FD
    { 0x00FE, 79 }, // U+00FE
    { 0x00FF, 57 }, // U+00FF
    { 0x0100, 28 }, // U+0100
    { 0x0101, 43 }, // U+0101
    { 0x0102, 28 }, // U+0102
    { 0x0103, 43 }, // U+0103
    { 0x0104, 28 }, // U+0104
    { 0x0105, 43 }, // U+0105
    { 0x0106, 30 }, // U+0106
    { 0x0107, 45 }, // U+0107
    { 0x0108, 30 }, // U+0108
    { 0x0109, 45 }, // U+0109
    { 0x010A, 30 }, // U+010A
    { 0x010B, 45 }, // U+010B
    { 0x010C, 30 }, // U+010C
    { 0x010D, 45 }, // U+010D
    { 0x010E, 29 }, // U+010E
    { 0x010F, 45 }, // U+010F
    { 0x0110, 29 }, // U+0110
    { 0x0111, 45 }, // U+0111
    { 0x0112, 29 }, // U+0112
    { 0x0113, 45 }, // U+0113
    { 0x0114, 29 }, // U+0114
    { 0x0115, 45 }, // U+0115
    { 0x0116, 29 }, // U+0116
    { 0x0117, 45 }, // U+0117
    { 0x0118, 29 }, // U+0118
    { 0x0119, 45 }, // U+0119
    { 0x011A, 29 }, // U+011A
    { 0x011B, 45 }, // U+011B
    { 0x011C, 30 }, // U+011C
    { 0x011D, 47 }, // U+011D
    { 0x011E, 30 }, // U+011E
    { 0x011F, 47 }, // U+011F
    { 0x0120, 30 }, // U+0120
    { 0x0121, 47 }, // U+0121
    { 0x0122, 30 }, // U+0122
    { 0x0123, 47 }, // U+0123
    { 0x0124, 29 }, // U+0124
    { 0x0125, 44 }, // U+0125
    { 0x0126, 29 }, // U+0126
    { 0x0127, 44 }, // U+0127
    { 0x0128, 29 }, // U+0128
    { 0x0129, 80 }, // U+0129
    { 0x012A, 29 }, // U+012A
    { 0x012B, 80 }, // U+012B
    { 0x012E, 29 }, // U+012E
    { 0x012F, 48 }, // U+012F
    { 0x0130, 29 }, // U+0130
    { 0x0131, 50 }, // U+0131
    { 0x0134, 31 }, // U+0134
    { 0x0135, 49 }, // U+0135
    { 0x0136, 29 }, // U+0136
    { 0x0137, 44 }, // U+0137
    { 0x0138, 50 }, // U+0138
    { 0x0139, 29 }, // U+0139
    { 0x013A, 44 }, // U+013A
    { 0x013B, 29 }, // U+013B
    { 0x013C, 44 }, // U+013C
    { 0x013D, 29 }, // U+013D
    { 0x013E, 44 }, // U+013E
    { 0x013F, 29 }, // U+013F
    { 0x0140, 44 }, // U+0140
    { 0x0141, 29 }, // U+0141
    { 0x0142, 44 }, // U+0142
    { 0x0143, 32 }, // U+0143
    { 0x0144, 50 }, // U+0144
    { 0x0145, 32 }, // U+0145
    { 0x0146, 50 }, // U+0146
    { 0x0147, 32 }, // U+0147
    { 0x0148, 50 }, // U+0148
    { 0x014A, 32 }, // U+014A
    { 0x014B, 50 }, // U+014B
    { 0x014C, 30 }, // U+014C
    { 0x014D, 45 }, // U+014D
    { 0x014E, 30 }, // U+014E
    { 0x014F, 45 }, // U+014F
    { 0x0150, 30 }, // U+0150
    { 0x0151, 45 }, // U+0151
    { 0x0152, 30 }, // U+0152
    { 0x0153, 45 }, // U+0153
    { 0x0154, 29 }, // U+0154
    { 0x0155, 50 }, // U+0155
    { 0x0156, 29 }, // U+0156
    { 0x0157, 50 }, // U+0157
    { 0x0158, 29 }, // U+0158
    { 0x0159, 50 }, // U+0159
    { 0x015A, 33 }, // U+015A
    { 0x015B, 52 }, // U+015B
    { 0x015C, 33 }, // U+015C
    { 0x015D, 52 }, // U+015D
    { 0x015E, 33 }, // U+015E
    { 0x015F, 52 }, // U+015F
    { 0x0160, 33 }, // U+0160
    { 0x0161, 81 }, // U+0161
    { 0x0162, 34 }, // U+0162
    { 0x0163, 53 }, // U+0163
    { 0x0164, 34 }, // U+0164
    { 0x0165, 53 }, // U+0165
    { 0x0168, 35 }, // U+0168
    { 0x0169, 54 }, // U+0169
    { 0x016A, 35 }, // U+016A
    { 0x016B, 54 }, // U+016B
    { 0x016C, 35 }, // U+016C
    { 0x016D, 54 }, // U+016D
    { 0x016E, 35 }, // U+016E
    { 0x016F, 54 }, // U+016F
    { 0x0170, 35 }, // U+0170
    { 0x0171, 54 }, // U+0171
    { 0x0172, 35 }, // U+0172
    { 0x0173, 54 }, // U+0173
    { 0x0174, 37 }, // U+0174
    { 0x0175, 55 }, // U+0175
    { 0x0176, 39 }, // U+0176
    { 0x0177, 57 }, // U+0177
    { 0x0178, 39 }, // U+0178
    { 0x0179, 40 }, // U+0179
    { 0x017A, 58 }, // U+017A
    { 0x017B, 40 }, // U+017B
    { 0x017C, 58 }, // U+017C
    { 0x017D, 40 }, // U+017D
    { 0x017E, 58 }, // U+017E
    { 0x017F, 46 }, // U+017F
    { 0x01A0, 30 }, // U+01A0
    { 0x01A1, 45 }, // U+01A1
    { 0x01AF, 35 }, // U+01AF
    { 0x01B0, 54 }, // U+01B0
    { 0x01CD, 28 }, // U+01CD
    { 0x01CE, 43 }, // U+01CE
    { 0x01CF, 29 }, // U+01CF
    { 0x01D0, 80 }, // U+01D0
    { 0x01D1, 30 }, // U+01D1
    { 0x01D2, 45 }, // U+01D2
    { 0x01D3, 35 }, // U+01D3
    { 0x01D4, 54 }, // U+01D4
    { 0x01D5, 35 }, // U+01D5
    { 0x01D6, 54 }, // U+01D6
    { 0x01D7, 35 }, // U+01D7
    { 0x01D8, 54 }, // U+01D8
    { 0x01D9, 35 }, // U+01D9
    { 0x01DA, 54 }, // U+01DA
    { 0x01DB, 35 }, // U+01DB
    { 0x01DC, 54 }, // U+01DC
    { 0x01E6, 30 }, // U+01E6
    { 0x01E7, 47 }, // U+01E7
    { 0x01F8, 32 }, // U+01F8
    { 0x01F9, 50 }, // U+01F9
    { 0x0218, 33 }, // U+0218
    { 0x0219, 52 }, // U+0219
    { 0x021A, 34 }, // U+021A
    { 0x021B, 53 }, // U+021B
    { 0x1EA0, 28 }, // U+1EA0
    { 0x1EA1, 43 }, // U+1EA1
    { 0x1EA2, 28 }, // U+1EA2
    { 0x1EA3, 43 }, // U+1EA3
    { 0x1EA4, 28 }, // U+1EA4
    { 0x1EA5, 43 }, // U+1EA5
    { 0x1EA6, 28 }, // U+1EA6
    { 0x1EA7, 43 }, // U+1EA7
    { 0x1EA8, 28 }, // U+1EA8
    { 0x1EA9, 43 }, // U+1EA9
    { 0x1EAA, 28 }, // U+1EAA
    { 0x1EAB, 43 }, // U+1EAB
    { 0x1EAC, 28 }, // U+1EAC
    { 0x1EAD, 43 }, // U+1EAD
    { 0x1EAE, 28 }, // U+1EAE
    { 0x1EAF, 43 }, // U+1EAF
    { 0x1EB0, 28 }, // U+1EB0
    { 0x1EB1, 43 }, // U+1EB1
    { 0x1EB2, 28 }, // U+1EB2
    { 0x1EB3, 43 }, // U+1EB3
    { 0x1EB4, 28 }, // U+1EB4
    { 0x1EB5, 43 }, // U+1EB5
    { 0x1EB6, 28 }, // U+1EB6
    { 0x1EB7, 43 }, // U+1EB7
    { 0x1EB8, 29 }, // U+1EB8
    { 0x1EB9, 45 }, // U+1EB9
    { 0x1EBA, 29 }, // U+1EBA
    { 0x1EBB, 45 }, // U+1EBB
    { 0x1EBC, 29 }, // U+1EBC
    { 0x1EBD, 45 }, // U+1EBD
    { 0x1EBE, 29 }, // U+1EBE
    { 0x1EBF, 45 }, // U+1EBF
    { 0x1EC0, 29 }, // U+1EC0
    { 0x1EC1, 45 }, // U+1EC1
    { 0x1EC2, 29 }, // U+1EC2
    { 0x1EC3, 45 }, // U+1EC3
    { 0x1EC4, 29 }, // U+1EC4
    { 0x1EC5, 45 }, // U+1EC5
    { 0x1EC6, 29 }, // U+1EC6
    { 0x1EC7, 45 }, // U+1EC7
    { 0x1EC8, 29 }, // U+1EC8
    { 0x1EC9, 48 }, // U+1EC9
    { 0x1ECA, 29 }, // U+1ECA
    { 0x1ECB, 48 }, // U+1ECB
    { 0x1ECC, 30 }, // U+1ECC
    { 0x1ECD, 45 }, // U+1ECD
    { 0x1ECE, 30 }, // U+1ECE
    { 0x1ECF, 45 }, // U+1ECF
    { 0x1ED0, 30 }, // U+1ED0
    { 0x1ED1, 45 }, // U+1ED1
    { 0x1ED2, 30 }, // U+1ED2
    { 0x1ED3, 45 }, // U+1ED3
    { 0x1ED4, 30 }, // U+1ED4
    { 0x1ED5, 45 }, // U+1ED5
    { 0x1ED6, 30 }, // U+1ED6
    { 0x1ED7, 45 }, // U+1ED7
    { 0x1ED8, 30 }, // U+1ED8
    { 0x1ED9, 45 }, // U+1ED9
    { 0x1EDA, 30 }, // U+1EDA
    { 0x1EDB, 45 }, // U+1EDB
    { 0x1EDC, 30 }, // U+1EDC
    { 0x1EDD, 45 }, // U+1EDD
    { 0x1EDE, 30 }, // U+1EDE
    { 0x1EDF, 45 }, // U+1EDF
    { 0x1EE0, 30 }, // U+1EE0
    { 0x1EE1, 45 }, // U+1EE1
    { 0x1EE2, 30 }, // U+1EE2
    { 0x1EE3, 45 }, // U+1EE3
    { 0x1EE4, 35 }, // U+1EE4
    { 0x1EE5, 54 }, // U+1EE5
    { 0x1EE6, 35 }, // U+1EE6
    { 0x1EE7, 54 }, // U+1EE7
    { 0x1EE8, 35 }, // U+1EE8
    { 0x1EE9, 54 }, // U+1EE9
    { 0x1EEA, 35 }, // U+1EEA
    { 0x1EEB, 54 }, // U+1EEB
    { 0x1EEC, 35 }, // U+1EEC
    { 0x1EED, 54 }, // U+1EED
    { 0x1EEE, 35 }, // U+1EEE
    { 0x1EEF, 54 }, // U+1EEF
    { 0x1EF0, 35 }, // U+1EF0
    { 0x1EF1, 54 }, // U+1EF1
    { 0x1EF2, 39 }, // U+1EF2
    { 0x1EF3, 57 }, // U+1EF3
    { 0x1EF4, 39 }, // U+1EF4
    { 0x1EF5, 57 }, // U+1EF5
    { 0x1EF6, 39 }, // U+1EF6
    { 0x1EF7, 57 }, // U+1EF7
    { 0x1EF8, 39 }, // U+1EF8
    { 0x1EF9, 57 }, // U+1EF9
    { 0x2012, 67 }, // U+2012
    { 0x2013, 67 }, // U+2013
    { 0x2014, 67 }, // U+2014
    { 0x2015, 67 }, // U+2015
    { 0x2018, 82 }, // U+2018
    { 0x2019, 83 }, // U+2019
    { 0x201A, 84 }, // U+201A
    { 0x201C, 82 }, // U+201C
    { 0x201D, 83 }, // U+201D
    { 0x201E, 84 }, // U+201E
    { 0x2022, 85 }, // U+2022
    { 0x2026, 11 }, // U+2026
    { 0x2030, 5 }, // U+2030
    { 0x2032, 2 }, // U+2032
    { 0x2033, 2 }, // U+2033
    { 0x2039, 66 }, // U+2039
    { 0x203A, 71 }, // U+203A
    { 0x20AC, 86 }, // U+20AC
    { 0x20B9, 87 }, // U+20B9
    { 0xFB00, 46 }, // U+FB00
    { 0xFB01, 46 }, // U+FB01
    { 0xFB02, 46 }, // U+FB02
    { 0xFB03, 46 }, // U+FB03
    { 0xFB04, 46 }, // U+FB04
};

static const int8_t sourceserif4_16_regularKernMatrix[] = {
       0,    0,    0,    0,    0,    0,    0,    0,    0,    0,  -54,  -43,    0,    0,    0,    0,  -32,  -11,  -15,    0,    0,    0,    0,    0,    0,    0,    0,  -45,    0,  -15,   -5,    0,   -5,   15,   -3,    0,    0,    0,    0,    0,    0,    0,  -17,    0,  -21,    0,  -27,    5,    0,   -5,  -11,  -17,    0,    0,    0,    0,    0,   -5,    0,    0,    0,    0,    0,    0,    0,  -26,    0,    0,    0,    0,    0,  -64,  -59,  -17,  -17,    5,   27,   27,   10,   27,  -17,    0,    0,    0,    0,    0,    0,
       0,    0,    0,    0,    0,    0,    0,    0,    0,    0,    0,  -20,    0,  -10,    0,    0,  -10,    0,    0,    0,    0,    0,    0,    0,    0,    0,    0,  -21,    0,    5,    0,    0,    0,    0,    0,  -10,  -10,    0,    0,    0,    0,    0,    0,    0,    0,    0,   -5,    0,    0,    0,    0,    0,    5,    0,    0,    0,    0,    0,    0,    0,    0,    0,    0,    0,    0,    0,    0,    0,    0,    0,    0,    0,  -22,    0,    0,    0,    0,    0,    0,    0,    0,    0,    0,    0,    0,    0,    0,
       0,    0,    0,    0,    0,    0,    0,    0,    0,    0,    0,    0,    0,   -5,    0,    0,    0,    0,    0,   -6,    0,   -5,    0,    0,    0,    0,    0,    0,    0,    0,    0,    0,    0,    0,    0,    0,    0,    0,    0,    0,    0,    0,    0,    0,    0,    0,    0,    0,    0,    0,    0,    0,    0,    0,    0,    0,    0,    0,    0,    0,    0,    0,    0,    0,    0,    0,    0,    0,    0,    0,    0,    0,    0,    0,    0,    0,    0,    0,    0,    0,    0,    0,    0,    0,    0,    0,    0,
       0,    0,    0,    0,    0,    0,    0,  -11,    0,    0,   -5,    0,    0,    0,    0,    0,  -15,   -5,  -10,  -11,    0,    0,    0,    0,    0,    0,    0,    0,    0,    0,   -5,    0,    0,  -32,  -16,  -37,  -33,    0,  -43,    0,    0,    0,    0,    0,   -5,    0,    0,    0,    0,    0,    0,    0,    0,    0,    0,    0,    0,    0,    0,    0,    0,    0,    0,    0,    0,  -11,  -16,    0,    0,    0,    0,    0,    0,    0,    0,    0,    0,    0,    0,    0,    0,    0,    0,    0,    0,    0,    0,
       0,    0,  -10,    0,    0,  -11,  -27,    0,    0,    0,    0,    0,  -11,    0,  -11,  -11,  -17,  -11,  -11,    0,  -11,   -5,  -21,    0,    0,    0,    0,  -16,    0,  -11,    0,    0,   -5,    0,   -5,    0,    0,    0,    0,    0,    0,    0,    0,    0,  -16,    0,    0,    0,   54,  -11,    0,  -11,   -5,  -11,  -11,   -5,    5,   -5,    0,    0,    0,    0,    0,    0,    0,  -22,  -21,    0,    0,  -32,  -22,  -12,  -21,    0,    0,    0,   15,   15,   10,   15,  -11,  -10,    0,    0,  -22,    0,    0,
       0,    0,    0,    0,    0,    0,    0,  -27,    0,    0,  -21,    0,    0,    0,    0,    0,    0,    0,    0,    0,    0,    0,    0,    0,    0,    0,    0,    0,    0,    0,    0,    0,    0,    0,    0,    0,    0,    0,    0,    0,    0,    0,    0,    0,    0,    0,    0,    0,    0,    0,    0,    0,    0,    0,    0,    0,    0,    0,    0,    0,    0,    0,    0,    0,    0,    0,    0,    0,    0,    0,    0,    0,    0,    0,    0,    0,    0,    0,    0,    0,    0,    0,    0,    0,    0,    0,    0,
       0,    0,    0,    0,    0,    0,    0,    0,    0,    0,  -53,    0,    0,    0,    0,    0,    0,    0,    0,    0,    0,    0,    0,    0,    0,    0,    0,  -65,    0,   -5,  -11,    0,    0,   11,    0,    0,    0,   -5,    0,    0,    0,    0,  -21,    0,  -11,    0,  -21,    0,    0,   -5,   -5,  -11,    0,    0,    0,    0,    0,   -5,    0,    0,    0,    0,    0,    0,    0,    0,    0,    0,    0,    0,    0,    0,  -91,  -21,  -21,    0,   10,   10,    0,   10,  -11,    0,    0,    0,    0,    0,    0,
       0,    0,    0,    0,    0,    0,    0,    0,    0,    0,    0,    0,    0,  -21,  -21,  -17,    0,  -11,    0,  -32,  -15,   -5,    0,    0,    0,    0,    0,    0,    0,    0,    0,    0,    0,    0,    0,    0,    0,    0,    0,    0,    0,    0,    0,    0,    0,    0,    0,    0,    0,    0,    0,    0,    0,    0,    0,    0,    0,    0,    0,    0,    0,    0,    0,    0,    0,    0,    0,    0,    0,    0,    0,    0,    0,    0,    0,    0,    0,    0,    0,    0,    0,    0,    0,    0,    0,    0,    0,
       0,  -43,    0,    0,    0,    0,    0,  -26,  -69,    0,  -21,    0,  -20,  -26,  -15,  -15,  -42,  -15,  -31,  -21,  -15,  -42,    0,    0,    0,    0,    0,    0,    0,  -31,    0,    0,    0,  -43,  -32,  -69,  -64,    0,  -53,    0,  -69,    0,  -11,    0,  -16,    0,  -10,    0,    6,    0,  -16,  -10,  -21,  -21,  -48,    0,  -21,  -10,    0,    0,    0,    0,    0,    0,  -74,  -31,  -21,    0,    0,    0,    0,    0,    0,  -11,  -11,    0,    0,    0,  -11,    0,  -10,  -53,  -53,    0,    0,    0,    0,
       0,    0,  -11,    0,    0,    0,    0,    0,    0,    0,  -74,  -44,    0,    0,    0,    0,  -27,    0,  -16,   10,   -5,   -5,    0,    0,    0,    0,    0,  -38,    0,    0,    0,    0,    0,    0,    0,    5,    5,    0,    0,    0,    0,    0,  -17,    0,  -16,    0,  -17,    0,    0,  -11,  -11,  -11,    0,   -6,    0,   -6,    0,  -11,    0,  -21,    0,    0,    0,    0,    0,  -22,  -32,    0,    0,  -17,    0,  -64,  -38,  -17,  -17,    0,   16,   16,    5,   16,  -11,    0,    0,  -43,    0,    0,    0,
       0,    0,    0,    0,    0,    0,    0,  -11,    0,    0,  -26,    0,    0,    0,    0,    0,    0,    0,    0,    0,    0,    0,    0,    0,    0,    0,    0,  -11,   -5,    0,    0,    0,    0,    0,  -11,  -11,  -11,   -5,  -16,    0,    0,  -21,    0,    0,    5,    0,    0,   11,   11,   11,    0,    0,    5,    0,    5,    0,    5,    0,    0,    0,    0,    0,    0,    0,    0,    0,    0,    0,    0,    0,    0,    0,  -11,    0,    0,   11,   11,   11,    0,   11,    0,    0,   10,    0,    0,    0,    0,
       0,  -21,    0,  -10,  -20,    0,    0,    0,  -26,  -15,    0,    0,    0,    0,    0,    0,  -11,   -5,   -5,  -11,   -5,  -11,  -10,  -15,  -21,    0,    0,    0,    0,   -5,    0,    0,    0,  -11,  -16,  -21,  -21,    0,  -21,    0,    0,    0,   -5,    0,  -11,    0,    0,    0,    0,    0,  -11,    0,   -5,  -11,  -16,    0,  -16,    0,    0,    0,  -11,    0,   -5,    0,  -20,  -16,  -21,  -31,  -31,  -36,    0,    0,    0,   -5,   -5,    0,    0,    0,    0,    0,    0,  -31,  -20,    0,  -15,   -5,  -26,
       0,    0,    0,    0,   -5,    0,    0,    0,    0,    0,   -5,    0,    0,    0,    0,    0,  -11,    0,    0,    0,    0,    0,    0,    0,    0,    0,    0,    0,    0,    0,    0,    0,    0,    0,  -11,  -11,  -11,    0,  -16,    0,    0,    0,    0,    0,   -5,    0,    0,    0,    0,    0,  -11,    0,    0,    0,    0,    0,    0,    0,    0,    0,    0,    0,    0,    0,    0,  -11,  -21,    0,    0,  -21,    0,    0,    0,    0,    0,    0,    0,    0,    0,    0,    0,    0,    0,    0,  -10,    0,    0,
       0,    0,    0,  -10,  -15,    0,    0,  -11,   -5,  -15,  -15,  -16,    0,    0,    0,    0,    0,  -11,    0,  -16,   -5,    0,    0,    0,  -10,    0,    0,    0,   -5,    0,  -11,   -5,    0,  -11,  -21,  -27,  -27,  -11,  -21,    0,  -10,  -16,    0,    0,    0,   -5,   -5,    0,    0,    0,  -11,    0,    0,    0,   -5,    0,   -5,    0,    0,    0,   -5,    0,    0,    0,   -5,    0,    0,  -15,  -10,  -15,    0,    0,  -16,    0,    0,    0,    0,    0,    0,    0,    0,   -5,   -5,    0,   -5,    0,   -5,
       0,  -11,    0,    0,    0,   11,   10,   10,    0,    0,  -10,    0,    5,    0,    0,    0,    5,    0,    0,    0,    0,    0,    0,   10,    0,    0,   10,    0,    0,    0,    0,    0,    0,    0,    0,  -17,  -17,    0,  -17,    5,    0,  -15,    0,    0,    5,    0,    0,    0,    0,    0,   -5,    0,    5,    0,   -5,    0,    0,    0,    0,    0,    0,    0,    0,    0,    0,   10,   10,  -11,  -16,    0,    0,    0,   -6,    0,    0,    0,    0,    0,    0,    0,    0,  -11,    0,    0,    0,    0,    0,
       0,    0,    0,   -5,    0,    5,    0,    0,    0,    0,  -20,  -11,    0,    0,    0,    0,    0,   -5,   -5,   -6,    0,  -11,    0,    0,   -5,    0,    0,  -11,    0,    0,    0,    0,    0,    0,   -5,   -5,   -5,    0,   -5,    0,    0,  -16,    0,    0,    0,   -5,    0,    0,    0,    0,   -5,    0,    0,    0,   -5,    0,   -5,    0,    0,    0,    0,    0,    0,    0,    0,    0,    0,    0,   -5,   -5,    0,    0,   -6,    0,    0,    0,    0,    0,    0,    0,    0,    0,    0,    0,    0,    0,    0,
       0,    0,    0,   -5,    0,    0,    0,    0,    0,    0,  -10,  -10,    0,   -5,   -5,    0,    0,   -5,    0,  -11,    0,  -11,    0,    0,  -10,    0,    0,   -5,    0,    0,   -6,    0,    0,    0,   -6,   -6,   -6,    0,   -6,    0,    0,  -15,    0,    0,    0,    0,    0,    0,    0,    0,   -5,    0,    0,    0,   -6,    0,   -6,    0,    0,    0,    0,    0,    0,    0,   -5,    0,    0,  -10,  -21,  -10,    0,    0,    0,    0,    0,    0,    0,    0,   -5,    0,    0,  -10,    0,    0,    0,    0,   -5,
       0,    0,  -11,  -11,   -5,  -17,    0,    0,    0,  -11,  -59,  -37,    0,    0,  -11,  -11,  -28,  -22,  -21,    0,  -13,  -11,  -11,    0,    0,    0,  -22,  -38,    0,   -5,    0,    0,    0,    0,   -5,    0,    0,    0,    0,    0,   10,  -69,  -17,    0,  -21,   -5,  -21,    0,    0,  -16,  -16,  -17,    0,  -11,   -5,  -11,   -5,  -11,    0,    0,  -16,  -11,    6,    0,    0,  -27,  -32,    0,    0,  -26,  -11,    0,  -43,  -17,  -17,    0,   11,   11,    0,   11,  -17,    0,   11,    0,  -16,  -16,    0,
       0,    0,    0,   -5,    0,    0,    0,  -11,    0,    0,  -57,  -37,    0,    0,    0,    0,    0,  -16,  -10,  -11,  -11,    0,    0,    0,  -11,    0,    0,  -33,  -16,    0,  -11,   -5,    0,    0,  -16,  -21,  -21,  -16,  -26,    0,    0,  -53,   -5,   -5,    0,    0,   -5,    0,    0,   -5,   -5,    0,    5,    0,    5,    0,    5,    0,    0,    0,    0,    0,    0,    0,    0,    0,    0,    0,  -10,   -5,    0,    0,  -33,   -5,   -5,    0,    0,    0,    0,    0,    0,    0,    0,    0,    0,    0,    0,
       0,    0,    0,    0,    0,    0,    0,    0,    0,    0,    0,    0,    0,  -15,    0,    0,    0,    0,    0,  -11,    0,    0,    0,    0,    0,    0,    0,    0,    0,    0,    0,    0,    0,    0,   -5,  -16,  -16,   -5,  -26,    0,    0,    0,    0,    0,    0,    0,    0,    0,    0,    0,    0,    0,    0,    0,    0,    0,    0,    0,    0,    0,    0,    0,    0,    0,    0,    0,    0,    0,    0,    0,    0,    0,    0,    0,    0,    0,    0,    0,    0,    0,    0,    0,    0,    0,    0,    0,    0,
       0,    0,    0,    0,    0,    0,    0,    0,    0,    0,    0,    0,    0,  -10,  -11,   -5,    0,   -5,  -10,    0,  -10,  -10,    0,    0,    0,    0,    0,    0,    0,    0,    0,    0,    0,    0,    0,    0,    0,    0,    0,    0,    0,    0,    0,    0,    0,    0,    0,    0,    0,    0,    0,    0,    0,    0,    0,    0,    0,    0,    0,    0,    0,    0,    0,    0,    0,    0,    0,    0,    0,    0,    0,    0,    0,    0,    0,    0,    0,    0,    0,    0,    0,    0,    0,    0,    0,    0,    0,
       0,    0,    0,    0,    0,    0,    0,    0,    0,    0,    0,    0,    0,  -15,   -5,  -11,    5,    0,    0,  -16,    0,    0,    0,    0,    0,    0,    0,    0,    0,    0,    0,    0,    0,    0,    0,    0,    0,    0,    0,    0,    0,    0,    0,    0,    0,    0,    0,    0,    0,    0,    0,    0,    0,    0,    0,    0,    0,    0,    0,    0,    0,    0,    0,    0,    0,    0,    0,    0,    0,    0,    0,    0,    0,    0,    0,    0,    0,    0,    0,    0,    0,    0,    0,    0,    0,    0,    0,
       0,    0,    0,    0,    0,    0,    0,  -22,    0,    0,  -63,  -43,    0,    0,    0,    0,    0,    0,    0,    0,    0,    0,    0,    0,    0,    0,    0,    0,    0,    0,    0,    0,    0,    0,    0,    0,    0,    0,    0,    0,    0,    0,    0,    0,    0,    0,    0,    0,    0,    0,    0,    0,    0,    0,    0,    0,    0,    0,    0,    0,    0,    0,    0,    0,    0,  -31,    0,    0,    0,    0,  -11,    0,    0,    0,    0,    0,    0,    0,    0,    0,    0,    0,    0,    0,    0,    0,    0,
       0,    0,    0,    0,    0,    0,    0,    0,    0,    0,    0,    0,    0,    0,    0,    0,    0,   -5,    0,    0,    0,    0,    0,    0,    0,    0,    0,    0,    0,    0,    0,    0,    0,    0,    0,    0,    0,    0,    0,    0,    0,  -43,    0,   -5,    0,    0,   -5,    0,    0,    0,   -5,    0,    0,    0,    0,    0,    0,    0,    0,    0,    0,    0,    0,    0,    0,    0,    0,    0,    0,    0,    0,    0,    0,    0,    0,    0,    0,    0,    0,    0,    0,    0,    0,    0,    0,    0,    0,
       0,  -32,    0,    0,    0,    0,    0,  -16,  -59,    0,    0,    0,   -6,    0,    0,   -5,  -21,    0,  -11,  -17,    0,  -11,    0,    0,    0,    0,    0,    5,   -5,  -21,   -8,   -5,    0,  -33,  -37,  -63,  -53,    0,  -48,    0,  -32,    0,   -3,    0,  -11,    0,    0,    0,   -5,    0,  -16,    0,  -11,  -11,  -32,    0,  -27,    0,    0,    0,    0,    0,    0,   -6,  -59,  -16,  -16,    0,  -75,  -32,    0,    0,    0,   -3,   -3,    0,    0,    0,  -11,    0,    0,  -48,  -43,    0,  -17,    0,    0,
       0,   -5,    0,    0,    0,    0,    0,  -11,   -5,    0,  -15,  -11,    0,   -5,  -11,   -5,    0,    0,    0,   -6,    0,   -5,    0,    0,    0,    0,    0,  -16,  -13,   -5,   -8,  -11,    0,  -11,  -16,  -27,  -21,  -16,  -27,   -5,  -11,  -12,    0,   -5,    0,  -11,    0,    0,    0,    0,   -5,    0,    0,  -11,  -10,   -5,   -5,    0,    0,    0,    0,    0,    0,    0,    0,    0,    0,    0,  -15,   -5,    0,    0,  -27,    0,    0,    0,    0,    0,   -5,    0,    0,   -5,    0,    0,    0,    0,    0,
       0,   11,    0,    0,    0,    0,    0,    0,    0,    0,    0,    0,    0,    0,    0,    0,    0,    0,    0,    0,    0,    0,    0,    0,    0,    0,    0,    0,    0,    0,    0,    0,    0,    0,   -5,   -5,   -5,    0,  -10,    0,    0,   -5,    0,    0,    0,    0,    0,    0,    0,    0,   -5,    0,    0,   -5,    0,    0,    0,    0,    0,    0,    0,    0,    0,    0,    5,    0,    0,    0,    0,  -11,    0,    0,  -10,    0,    0,    0,    0,    0,    0,    0,    0,    6,   11,    0,    0,    0,    0,
       0,    0,    0,    0,    0,    0,    0,  -11,    0,    0,  -21,  -16,    0,   -5,  -11,   -5,   -5,    0,    0,   -6,    0,    0,    0,    0,    0,    0,   10,  -32,  -16,    5,   -5,  -11,    0,  -11,  -11,  -26,  -26,  -21,  -31,   -5,  -11,  -38,    0,   -5,    0,    0,   -5,    0,    0,    0,   -5,   -5,    0,    0,    0,   -5,    0,    0,    0,    0,    0,    0,    0,    5,    0,    0,    0,    0,  -11,    0,    0,    0,  -43,    0,    0,    0,    0,    0,    0,    0,   -5,  -10,    0,    0,    0,    0,    0,
       0,    0,    0,    0,    0,    0,    0,    0,    0,    0,    0,    0,    0,    0,    0,   -5,    0,    0,    0,    0,    0,    0,    0,    0,    0,    0,    0,    0,    0,    0,    0,    0,    0,    0,   -8,   -8,   -8,    0,   -8,    0,    0,    0,    0,    0,    0,    0,   -5,    0,    0,    0,  -11,    0,    0,   -5,  -11,    0,  -11,    0,    0,    0,    0,    0,    0,    0,    0,    0,    0,    0,    0,  -11,    0,    0,    0,    0,    0,    0,    0,    0,    0,    0,    0,    0,    0,    0,   -6,    0,    0,
       0,    5,    0,    0,    0,   -6,    0,    0,    5,    0,  -48,  -33,    0,    0,   -5,   -6,  -17,  -11,  -11,    5,    0,    0,    0,    0,    0,    0,  -12,  -38,   -5,   -5,    0,    0,    0,    5,    0,    0,    0,    0,    0,    0,    5,  -65,  -22,    0,  -22,  -16,  -32,   -6,    0,  -11,  -21,  -24,    0,  -11,  -11,  -17,  -11,  -16,    0,    0,    0,    0,    0,    0,    0,  -17,  -11,    0,    0,  -16,   -6,    0,  -69,  -22,  -22,   -6,   11,   11,    5,   11,  -24,   11,    5,    0,  -11,    0,    0,
       0,    0,    0,    0,    0,    0,    0,   -5,    0,    0,   -5,  -11,    0,   -5,  -11,   -5,    0,    0,    0,    0,    0,    0,    0,    0,    0,    0,    5,   -6,   -5,    5,    0,    0,    0,   -6,   -9,  -21,  -21,  -11,  -26,   -6,    0,  -21,    0,    0,    0,    0,    0,    0,    0,    0,   -5,    0,    0,    0,    0,    0,    0,    0,    0,    0,    0,    0,    0,    0,    0,   11,   10,    0,  -16,    0,    0,    0,  -21,    0,    0,    0,    0,    0,    0,    0,    0,    0,    0,    0,    0,    0,    0,
       0,    0,    0,    0,    0,    0,    0,    0,    0,    0,    0,    0,   -5,  -11,   -5,   -5,  -21,   -6,  -11,    0,   -5,  -11,    0,    0,    0,    0,    0,    0,    0,  -13,    0,    0,    0,    0,    0,    0,    0,    0,    0,    0,    0,    0,  -11,    0,  -11,  -10,  -11,    0,    0,    0,  -16,  -11,   -5,  -11,  -21,    0,  -16,    0,    0,    0,    0,    0,    0,    0,    0,  -11,    0,    0,    0,    0,    0,    0,    0,  -11,  -11,    0,    5,    5,    0,    5,  -11,    0,    0,    0,    0,    0,    0,
       0,    0,    0,    0,    0,    0,    0,    0,    0,    0,  -27,  -17,    0,  -11,   -6,  -11,  -21,   -6,  -11,    0,    0,  -11,  -11,    0,    0,    0,   -6,  -22,    0,   -5,   -5,    0,   -5,    0,    0,    0,    0,    0,    0,    0,    0,  -38,  -14,    0,  -11,  -21,  -16,   -5,   -5,  -16,  -21,  -16,  -11,  -16,  -16,  -11,  -16,  -11,    0,    0,    0,    0,    0,    0,    0,  -11,   -5,    0,    0,  -11,  -11,    0,  -27,  -14,  -14,   -5,    8,    8,    0,    8,  -16,    0,    0,    0,    0,    0,    0,
       0,    0,    0,    0,    0,    0,    0,    0,    0,    0,    0,    0,   -6,    0,    0,    0,    0,    0,  -11,    0,   -5,  -11,    0,    0,    0,    0,    0,    5,    0,  -16,  -11,    0,    0,    0,   -6,   -5,   -5,    0,   -5,    5,    0,    0,   -5,    0,  -11,    0,   -5,    0,    0,    0,  -16,    0,  -11,  -11,  -32,    0,  -27,    0,    0,    0,    0,    0,    0,  -12,    0,  -16,  -16,    0,    0,  -43,    0,    0,    0,   -5,   -5,    0,   10,   10,    0,   10,    0,    0,    0,    0,  -27,    0,    0,
       0,  -59,    0,    0,    0,    0,    0,  -15,  -53,    0,    0,    0,    0,  -10,  -11,    0,  -10,    0,    0,  -17,    0,  -17,    0,    0,    0,    0,    0,    0,  -10,  -11,  -11,   -5,  -10,  -43,  -27,  -63,  -53,  -10,  -58,  -10,  -31,    0,    0,    0,    0,   -5,    0,    0,    0,    0,  -11,    0,   -5,  -13,  -22,    0,  -17,    0,    0,    0,    0,    0,    0,    0,  -63,    0,    0,    0,  -79,  -31,    0,    0,   -5,    0,    0,    0,    0,    0,  -16,    0,    0,  -44,  -38,    0,  -15,    0,    0,
       0,    0,    0,    0,    0,    0,    0,    0,    0,    0,  -17,  -17,    0,  -16,  -11,  -11,  -17,  -11,  -11,    0,   -6,  -11,   -5,    0,    0,    0,    0,  -22,   -5,  -11,    0,    0,   -5,    0,   -5,    0,    0,   -5,    0,    0,    0,  -32,   -6,    0,   -6,  -11,  -11,    0,    0,   -6,  -12,   -6,   -6,  -11,  -11,  -11,  -11,  -11,    0,    0,    0,    0,    0,    0,    0,  -11,    0,    0,    0,   -5,   -6,    0,  -37,   -6,   -6,    0,    5,    5,    0,    5,   -6,    0,    0,    0,    0,    0,    0,
       0,  -15,    0,    0,    0,    0,    0,  -11,   -5,    0,  -21,  -10,    0,   -5,    0,   -5,    0,    0,    0,    0,    0,    0,    0,    0,    0,    0,   11,  -21,  -13,    5,   -5,  -11,    0,   -5,  -11,  -21,  -16,  -16,  -21,    0,   -5,  -27,    0,    0,    0,    0,    0,    0,    0,    0,    0,    0,    0,    0,    0,    0,    0,    0,    0,    0,    0,    0,    0,    5,    5,   11,    5,    0,   -6,    0,    0,    0,  -32,    0,    0,    0,    0,    0,   -5,    0,    0,    0,    0,    0,    0,    0,    0,
       0,    5,    0,    0,    0,    0,    0,   -5,   11,    0,  -54,  -27,    0,    0,    0,    0,  -11,    0,    0,    0,    0,    0,    5,    0,    0,    0,    0,  -33,   -5,    0,   -5,    0,    5,    5,  -11,   -5,   -5,  -11,  -11,    5,    5,  -76,    0,    0,  -11,    0,  -11,    5,    0,   -5,    0,    0,   10,    0,    5,    0,   11,    0,    0,    0,    0,    0,    0,    5,   11,    0,    0,    0,    0,    0,    0,    0,  -59,    0,    0,    5,    5,    5,    0,    5,    0,   16,   11,    0,    0,    0,    0,
       0,  -21,    0,    0,    0,    0,    0,    0,   -6,    0,    0,    0,   -5,   -5,    0,    0,  -16,    0,   -6,  -11,    0,  -11,    0,    0,    0,    0,    0,    5,    0,  -11,   -5,    0,    0,  -17,  -17,  -32,  -27,    5,  -27,    5,  -11,   11,    0,    0,   -5,    0,    0,    0,    0,    0,   -5,    0,   -5,   -6,  -11,    0,  -11,    0,    0,    0,    0,    0,    0,   -5,  -11,  -11,   -5,    0,  -22,  -21,   -5,    0,    5,    0,    0,    0,    0,    0,   -5,    0,    0,  -16,   -6,    0,  -16,    0,    0,
       0,    0,    0,    0,    0,    0,    0,   -5,    0,    0,  -11,  -11,    0,  -11,  -11,    0,    0,    0,    0,   -6,    0,   -5,    0,    0,    0,    0,    0,  -11,   -5,    0,   -5,   -5,   -5,   -5,  -16,  -16,  -16,   -5,  -16,    0,    0,  -22,    0,   -5,    0,  -10,   -5,    0,    0,    0,   -5,    0,   -5,   -5,  -11,   -5,  -11,    0,    0,    0,    0,    0,    0,    0,    0,    0,    0,    0,  -11,    0,    0,    0,  -21,    0,    0,    0,    0,    0,   -5,    0,    0,   -5,    0,    0,    0,    0,    0,
       0,   15,    0,    0,    0,    0,    0,    0,   11,    0,  -43,  -22,    0,    0,    0,    0,  -27,    0,  -12,    5,    0,    0,    0,    0,    0,    0,  -11,  -37,    0,   -5,    0,    0,    0,    5,   -5,    0,    0,    0,    0,    5,   11,  -44,  -22,    0,  -37,   -6,  -22,    0,    0,  -16,  -37,  -27,    0,  -12,  -21,  -17,  -21,  -32,  -10,    0,    0,    0,    0,    0,   11,  -27,  -22,    0,   10,  -21,    0,    0,  -43,  -22,  -22,    0,   16,   16,    0,   16,  -27,   11,   16,    0,  -11,    0,    0,
       0,    0,    0,    0,    0,   -6,    0,   -5,    0,    0,  -43,  -33,   -5,  -11,  -16,  -16,  -21,  -16,  -21,    0,  -16,  -11,   -6,    0,    0,    0,    0,  -43,  -11,  -16,   -8,   -5,  -11,   -5,  -11,  -11,   -5,   -5,    0,   -5,    0,  -43,  -22,    0,  -17,  -11,  -22,  -11,  -11,  -16,  -21,  -21,  -11,  -17,  -11,  -17,  -16,  -17,    0,    0,    0,    0,    0,    0,    0,  -21,   -5,    0,   -5,  -11,  -11,    0,  -43,  -22,  -22,  -11,    5,    5,    0,    5,  -21,    0,    0,    0,   -5,    0,    0,
       0,    0,    0,    0,    0,  -22,    0,    0,    0,    0,  -75,  -48,  -21,  -11,  -16,  -11,  -43,  -17,  -37,    5,  -21,  -11,  -21,    0,    0,    0,  -28,  -64,    0,  -27,    0,    0,  -11,    0,   -5,    0,    0,    0,    0,   -5,    5,  -86,  -43,    0,  -38,  -26,  -43,  -16,  -11,  -32,  -37,  -48,  -17,  -32,  -22,  -37,  -32,  -32,  -21,    0,    0,    0,    0,  -16,    0,  -42,  -37,    0,    0,  -37,  -27,    0,  -74,  -69,  -75,  -16,    5,   21,    0,    5,  -48,    0,    0,    0,  -22,    0,    0,
       0,    0,    0,    0,    0,  -18,    0,    0,    0,    0,  -65,  -48,  -21,  -11,  -21,  -11,  -38,  -17,  -27,    0,  -16,  -16,  -21,    0,    0,    0,  -28,  -59,    0,  -21,    0,   -5,  -11,    0,   -5,    0,    0,    0,    0,   -5,    5,  -70,  -37,    0,  -38,  -21,  -43,  -11,  -11,  -27,  -37,  -37,  -13,  -27,  -21,  -27,  -21,  -32,  -21,    0,    0,    0,    0,  -16,    0,  -37,  -32,    0,    0,  -32,  -27,    0,  -69,  -64,  -37,  -11,    0,   21,    0,    0,  -37,    0,   11,    0,  -22,    0,    0,
       0,    0,    0,    0,    0,    0,    0,    0,    0,    0,    0,    0,    0,    0,    0,  -11,  -21,    0,  -11,    0,   -5,  -11,   -5,    0,    0,    0,    0,    0,    0,  -16,    0,    0,    0,   -5,   -5,    0,    0,    0,    0,    5,    0,    0,    0,    0,  -16,    0,    0,    0,  -10,    0,  -16,   -5,  -16,  -21,  -37,    0,  -27,    0,    0,    0,    0,    0,    0,  -11,    0,  -21,  -21,    0,    0,  -37,    0,    0,    0,    0,    0,    0,    0,    0,    0,    0,   -5,    0,    0,    0,  -21,    0,    0,
       0,    0,    0,    0,    0,  -21,    0,    0,    0,    0,  -53,  -48,  -17,  -15,  -16,  -16,  -43,  -21,  -37,    0,  -21,  -21,  -31,    0,    0,    0,  -27,  -48,    0,  -27,    0,    0,  -21,    0,    0,    0,    0,    0,    0,    0,    6,  -59,  -43,    0,  -48,  -31,  -50,  -21,  -11,  -37,  -47,  -43,  -32,  -42,  -37,  -33,  -37,  -43,  -15,    0,    0,    0,    0,  -21,    0,  -43,  -42,    0,    0,  -47,  -32,    0,  -48,  -75,  -43,  -32,    5,   16,    0,   16,  -43,    0,    0,    0,  -27,    0,    0,
       0,    0,    0,    0,    0,    0,    0,    0,    0,    0,    0,    0,    0,    0,    0,    0,    0,    0,    0,    0,    0,   -5,    0,    0,    0,    0,    0,    0,    0,   -5,    0,    0,    0,   -5,  -11,   -5,   -5,    0,   -5,    0,    0,    0,    0,    0,    0,    0,    0,    0,    0,    0,   -5,    0,    0,   -5,  -16,    0,  -16,    0,    0,    0,    0,    0,    0,    0,    0,    0,    0,    0,    0,  -11,    0,    0,    0,    0,    0,    0,   10,   10,    0,   10,    0,   -5,    0,    0,  -11,    0,    0,
       0,  -43,    0,    0,    0,    0,    0,    0,    0,    0,   10,    0,  -11,    0,    0,    0,  -16,  -11,  -10,  -21,    0,  -11,    0,    0,    0,    0,    0,    0,    0,  -16,   38,    0,    0,  -33,  -27,  -53,  -48,    0,  -42,    0,  -44,    0,    0,    0,    0,    0,    0,    0,   49,    0,    0,    0,   -6,    0,  -11,    0,   15,    0,    0,    0,    0,    0,    0,    0,    0,  -17,  -11,    0,    0,  -21,    0,    0,    0,    0,    0,    0,    0,    0,    0,    0,    0,  -43,  -43,   10,    0,    0,    0,
       0,    0,    0,    0,    0,    0,    0,    0,    0,    0,    0,    0,  -21,    0,    0,  -11,  -37,  -11,  -16,  -11,  -16,  -11,    0,    0,    0,    0,    0,    0,    0,  -27,   18,    0,  -11,  -44,  -53,  -81,  -75,    0,  -59,    0,    0,    0,   -6,    0,  -27,    0,    0,    0,    0,    0,  -11,  -11,  -27,  -21,  -38,    0,  -31,    0,    0,    0,    0,    0,    0,    0,    0,    0,    0,    0,    0,    0,    0,    0,    0,   -6,   -6,    0,    0,    0,  -11,    0,  -11,    0,    0,    0,    0,    0,    0,
       0,  -32,    0,    0,    0,    0,    0,    0,  -21,    0,    0,    0,    0,  -10,    0,    0,   -5,    0,   -5,  -11,    0,  -16,    0,    0,    0,    0,    0,    5,    0,   -5,  -11,    0,    0,  -27,  -26,  -53,  -47,    0,  -43,    0,  -21,    0,    0,    0,    0,    0,   -5,    0,    0,   -3,  -11,    0,    0,    0,  -11,    0,   -5,    0,    0,    0,    0,    0,    0,    0,  -21,    0,   -5,    0,  -32,    0,    0,    0,    0,    0,    0,    0,    0,    0,  -11,    0,    0,  -27,  -16,    0,   -5,    0,    0,
       0,  -22,    0,    0,    0,    0,    0,   -6,  -11,    0,  -11,  -11,    0,  -15,   -6,   -5,    0,   -5,    0,  -22,    0,    0,    0,    0,    0,    0,    0,  -21,  -11,    0,   -5,   -5,   -5,  -32,  -21,  -43,  -37,  -11,  -43,    0,  -11,  -27,    0,   -5,    0,    0,    0,    0,    0,    0,   -5,    0,   -5,   -5,    0,  -11,   -5,    0,    0,    0,    0,    0,    0,    0,  -15,    0,    5,    0,  -27,    0,    0,    0,  -11,    0,    0,    0,    0,    0,   -5,    0,    0,  -27,  -11,    0,    0,    0,    0,
       0,    0,    0,    0,    0,    0,    0,    0,    0,    0,    0,    0,    0,  -11,    0,    0,  -11,    0,    0,   -6,    0,    0,    0,    0,    0,    0,    0,   -6,   -6,    0,  -11,    0,    0,  -21,  -16,  -37,  -32,  -11,  -32,    0,    0,  -11,    0,   -6,    0,    0,    0,    0,    0,    0,   -5,    0,    0,    0,    0,    0,    0,    0,    0,    0,    0,    0,    0,    0,    0,    0,    0,    0,  -11,    0,    0,    0,    0,    0,    0,    0,    0,    0,    0,    0,    0,   -5,    0,    0,    0,    0,    0,
       0,  -11,    0,    0,    0,   -5,    0,    0,  -11,    0,    0,    0,    0,    0,    0,    0,   -5,    0,    0,   -6,    0,   -5,    0,    0,    0,    0,    0,    0,    0,    0,    0,    0,    0,  -11,  -11,  -21,  -16,    0,  -21,    0,    0,    0,   -5,    0,    0,    0,   -5,    0,    0,    0,  -11,    0,    0,   -5,   -5,    0,   -5,    0,    0,    0,    0,    0,    0,    0,    0,  -11,    0,    0,  -11,    0,    0,    0,    0,   -5,   -5,    0,    0,    0,    0,    0,    0,  -16,  -11,    0,   -6,    0,    0,
       0,  -11,    0,    0,    0,    0,    0,   -5,  -11,    0,  -11,   -5,    0,  -11,   -5,    0,    0,    0,    0,  -16,    0,    0,    0,    0,    0,    0,    0,  -11,   -5,    0,  -11,    0,    0,  -27,  -16,  -37,  -32,  -11,  -37,    0,  -11,  -21,   -5,   -5,    0,   -5,    0,    0,    0,    0,   -5,    0,    0,    0,   -5,    0,   -5,    0,    0,    0,    0,    0,    0,    0,  -11,    5,    5,    0,  -16,    0,    0,    0,  -11,   -5,   -5,    0,    0,    0,   -5,    0,    0,  -16,   -5,    0,    0,    0,    0,
      22,   37,    0,    0,    0,    0,    0,   48,   28,    0,  -16,  -10,   16,   12,   11,   16,    0,   11,    0,   38,   11,   17,    0,    0,    0,   22,    0,    0,   12,    0,   18,   28,   16,   33,   28,   38,   38,   33,   38,   28,   54,  -10,    0,   -5,   -8,    0,    0,   16,   17,    0,    0,    0,    0,   -5,    5,    0,    5,    0,    0,    0,    0,    0,    0,    0,   43,  -16,    0,    0,   38,    0,    0,    0,    0,    0,    0,   48,   32,   75,   -5,   32,    0,   38,   32,    0,    0,    0,    0,
       0,    0,    0,    0,    0,  -11,    0,    0,    0,    0,    0,    6,    5,  -10,    0,   -5,  -11,   -6,    0,  -21,    0,    0,    0,    0,    0,    0,    0,    0,    0,    0,   28,    0,    0,  -11,  -16,  -21,  -21,    0,  -37,    0,   -6,    0,  -11,   -5,   -5,    0,   -5,    0,   12,    0,    0,    0,    0,    0,    3,    0,    5,    0,    0,    0,    0,    0,    0,    0,    0,   -6,    0,    0,    0,    0,    0,    0,    0,  -11,  -11,    0,    0,    0,    0,    0,    0,    0,    5,    0,    0,    0,    0,
       0,  -27,    0,    0,    0,    0,    0,   -6,  -37,    0,    0,    0,   -5,    0,   -5,   -5,  -15,    0,    0,  -21,    0,  -16,    0,    0,    0,    0,    0,    0,    0,    0,  -11,    0,    0,  -32,  -16,  -48,  -43,    0,  -37,    0,  -27,    0,    0,    0,    0,    0,    0,    0,    0,    0,   -8,    0,   -3,   -3,  -16,    0,  -16,    0,    0,    0,    0,    0,    0,    0,  -31,   -5,    0,    0,  -37,    0,    0,    0,    0,    0,    0,    0,    0,    0,   -6,    0,    0,  -37,  -21,    0,   -5,    0,    0,
       0,    0,    0,    0,    0,    0,    0,    0,    0,    0,    0,    0,    0,    0,    0,    0,    0,    0,    0,    0,    0,    0,    0,    0,    0,    0,    0,    0,    0,    0,    0,    0,    0,  -11,  -11,  -11,  -11,    0,  -11,    0,    0,    0,    0,    0,    0,    0,    0,    0,    0,    0,   -5,    0,    0,    0,   -8,    0,   -8,    0,    0,    0,    0,    0,    0,    0,    0,   -5,    0,    0,  -11,    0,    0,    0,    0,    0,    0,    0,    0,    0,    0,    0,    0,    0,    0,    0,    0,    0,    0,
       0,    0,    0,    0,    0,    0,    0,    0,    0,    0,   -6,   -5,    0,    0,    0,    0,   -5,    0,    0,    0,    0,    0,   -5,    0,    0,    0,    0,   -5,    0,    0,    0,    0,    0,    0,  -11,   -6,   -6,   -5,   -5,    0,    0,  -17,    0,    0,    0,    0,   -5,    0,    0,    0,    0,    0,    0,    0,    0,    0,    0,    0,    0,    0,    0,    0,    0,    0,    0,  -11,    0,    0,    0,    0,    0,    0,   -5,    0,    0,    0,    0,    0,    0,    0,    0,    0,    0,    0,    0,    0,    0,
       0,    0,    0,    0,    0,    0,    0,   -6,    0,    0,    0,    0,    0,    0,    0,    0,  -16,    0,    0,  -11,    0,    0,    0,    0,    0,    0,    0,   11,    0,    0,  -11,    0,    0,  -22,  -21,  -37,  -27,    5,  -37,    5,    0,    0,    0,    0,  -11,    0,    0,    0,    0,    0,   -5,   -5,    0,    0,    0,    0,    0,    0,    0,    0,    0,    0,    0,    0,    0,  -16,  -11,    0,    0,    0,    0,    0,    5,    0,    0,    0,    0,    0,   -6,    0,   -5,    0,    0,    0,    0,    0,    0,
       0,  -11,    0,    0,    0,    0,    0,    5,  -11,    0,    0,    0,    0,   -5,   -5,   -6,    0,    0,    0,  -11,    0,    0,    0,    0,    0,    0,    0,   -5,  -11,    0,    0,  -11,    0,  -27,  -21,  -42,  -37,    0,  -42,    0,   -6,    0,   -5,   -5,    0,    0,    0,    0,   18,    0,    0,    0,    0,    0,    0,    0,   10,    0,    0,    0,    0,    0,    0,    0,    0,   -5,    0,    0,  -16,    0,    0,    0,    0,   -5,   -5,    0,    0,    0,    0,    0,    0,  -11,    0,    0,    0,    0,    0,
       0,    0,    0,    0,    0,   -6,    0,  -11,   10,    0,  -49,  -27,    0,   -5,    0,  -11,  -12,   -6,    0,  -16,   -5,    5,   -5,    0,    0,    0,   -8,  -33,  -11,    0,  -16,  -11,    0,    0,  -16,  -27,  -21,  -32,  -27,    0,    0,  -33,   -6,   -6,   -5,    0,   -5,    0,    0,    0,    0,   -5,   10,    0,    5,    0,    5,    0,    0,    0,    0,    0,    0,    0,   15,  -11,  -16,    0,    0,    0,    0,    0,  -43,   -6,   -6,    0,    0,    0,   -6,    0,   -5,    5,   11,    0,    0,    0,    0,
       0,  -11,    0,    0,    0,    0,    0,   -6,   -5,    0,  -11,    0,    0,   -5,   -5,   -5,    0,    0,    0,  -16,    0,   -5,    0,    0,    0,    0,    0,   -5,  -11,    0,  -16,   -5,    0,  -16,  -11,  -37,  -32,    0,  -47,    0,  -11,  -21,    0,   -5,    0,   -3,    0,    0,    0,    0,   -5,    0,    0,    0,    0,    0,    0,    0,    0,    0,    0,    0,    0,    0,  -11,    0,    0,    0,  -16,    0,    0,    0,    0,    0,    0,    0,    0,    0,   -6,    0,    0,   -6,    0,    0,    0,    0,    0,
       0,    5,    0,    0,    0,    0,    0,    0,    0,    0,    0,    0,    5,    0,    0,    0,   -5,    0,    5,    0,   11,    5,    0,    0,    0,    0,    0,   10,    0,    0,   -5,    0,    0,    0,   -6,  -21,  -16,    0,  -21,    5,    0,    5,    0,    0,    0,    0,    0,    0,    0,    0,    0,    0,    5,    0,    5,    0,    0,    0,    0,    0,    0,    0,    0,    0,   15,  -11,    0,    0,    0,    0,    0,    0,    0,    0,    0,    0,    0,    0,    0,    0,    0,    5,   16,    0,    0,    0,    0,
       0,  -16,    0,    0,    0,    0,    0,  -10,  -16,    0,    0,    0,    0,    0,    0,   -5,   -5,    0,    0,  -11,    0,   -5,   -5,    0,    0,    0,    0,    0,    0,    0,  -16,    0,    0,  -17,  -21,  -42,  -37,    0,  -37,    0,  -11,    0,    0,    0,   -5,    0,   -5,    0,   -3,    0,   -5,    0,    0,    0,  -11,    0,  -11,    0,    0,    0,    0,    0,    0,    0,  -11,  -10,    0,    0,  -21,    0,    0,    0,    0,    0,    0,    0,    0,    0,   -5,    0,    0,  -16,   -5,    0,    0,    0,    0,
       0,    0,    0,    0,    0,   -6,    0,  -19,    0,    0,  -49,  -22,    5,  -11,    0,   -6,   -6,   -6,    4,  -16,    0,    5,    0,    0,    0,    0,   -6,  -38,  -11,    0,  -21,  -11,    0,    0,  -11,  -27,  -21,  -27,  -27,    0,    0,  -38,   -9,  -11,  -11,    0,  -11,    0,    0,    0,    0,   -5,    5,    0,    5,    0,    5,    0,    0,    0,    0,    0,    0,    0,   10,  -11,   -6,    0,    0,    0,    0,    0,  -48,   -9,   -9,    0,    0,    0,    0,    0,   -5,   11,   11,    0,    0,    0,    0,
       0,    0,    0,    0,    0,    0,    0,   -5,    0,    0,    0,    0,    0,    0,    0,    0,   -6,    0,    0,  -11,    0,    0,    0,    0,    0,    0,    0,    5,    0,   -5,  -11,    0,    0,  -11,  -17,  -37,  -27,    0,  -32,    0,    0,    0,   -7,    0,  -11,    0,   -5,    0,    0,    0,  -11,    0,    0,    0,    0,    3,    0,    0,    0,    0,    0,    0,    0,    0,   10,  -16,  -11,    0,    0,    0,    0,    0,    0,   -7,   -7,    0,    0,    0,   -6,    0,    0,    0,    5,    0,    0,    0,    0,
       0,    0,    0,    0,    0,    0,    0,   -5,    0,    0,    0,    0,    0,    0,    0,    0,    0,    0,    0,  -11,    0,    0,    0,    0,    0,    0,    0,    0,    0,    0,    0,    0,    0,    0,  -11,  -32,  -27,    0,  -27,    0,    0,    0,    0,    0,    0,    0,    0,    0,    0,    0,   -5,    0,    0,    0,    0,    0,    0,    0,    0,    0,    0,    0,    0,    0,    0,    0,    0,    0,    0,    0,    0,    0,    0,    0,    0,    0,    0,    0,   -3,    0,    0,    0,    5,    0,    0,    0,    0,
       0,    0,    0,    0,    0,    0,    0,    0,    0,    0,    0,    0,    0,    0,    0,    0,    0,    0,    0,    0,    0,    0,    0,    0,    0,    0,    0,    0,    0,    0,    0,    0,    0,  -11,    0,  -16,  -16,    0,  -16,    0,    0,    0,    0,    0,    0,    0,    0,    0,    0,    0,    0,    0,    0,    0,    0,    0,    0,    0,    0,    0,    0,    0,    0,    0,    0,    0,    0,    0,    0,    0,    0,    0,    0,    0,    0,    0,    0,    0,    0,    0,    0,    0,    0,    0,    0,    0,    0,
       0,    0,    0,    0,    0,    0,    0,    0,    0,    0,    0,    0,    0,    0,    0,    0,    0,    0,    0,    0,    0,    0,    0,    0,    0,    0,    0,    0,    0,    0,   12,    0,    0,   -6,  -11,  -27,  -22,    0,  -32,    0,    0,    0,   -5,   -5,   -5,   -5,    0,    0,   17,    0,    0,    0,    0,   -6,   -5,    0,    0,    0,    0,    0,    0,    0,    0,    0,    0,    0,    0,    0,    0,    0,    0,    0,    0,   -5,   -5,    0,    0,    0,    0,    0,    0,    0,    0,    0,    0,    0,    0,
       0,    0,    0,    0,    0,    0,    0,    0,    0,    0,    0,    0,    0,  -15,    0,   -5,    0,    0,    0,  -10,   -5,  -10,    0,    0,    0,    0,    0,    0,    0,    0,    0,    0,    0,    0,    0,    0,    0,    0,    0,    0,    0,    0,    0,    0,    0,    0,    0,    0,    0,    0,    0,    0,    0,    0,    0,    0,    0,    0,    0,    0,    0,    0,    0,    0,    0,    0,    0,    0,    0,    0,    0,    0,    0,    0,    0,    0,    0,    0,    0,    0,    0,    0,    0,    0,    0,    0,    0,
       0,    0,    0,    0,    0,    0,    0,    0,    0,    0,    0,    0,    0,    0,    0,   -5,  -15,    0,   -5,   -5,   -5,   -5,    0,    0,    0,    0,    0,    0,    0,    0,    0,    0,    0,    0,    0,    0,    0,    0,    0,    0,    0,    0,    0,    0,    0,    0,    0,    0,    0,    0,    0,    0,    0,    0,    0,    0,    0,    0,    0,    0,    0,    0,    0,    0,    0,    0,    0,    0,    0,    0,    0,    0,    0,    0,    0,    0,    0,    0,    0,    0,    0,    0,    0,    0,    0,    0,    0,
       0,    0,    0,    0,    0,    0,    0,    0,    0,    0,    0,    0,    0,    0,    0,    0,    0,    0,    0,   10,    0,    0,    0,    0,    0,    0,    0,    0,    0,    0,    0,    0,    0,    0,    0,    0,    0,    0,    0,    0,    0,    0,    0,    0,    0,    0,    0,    0,    0,    0,    0,    0,    0,    0,    0,    0,    0,    0,    0,    0,    0,    0,    0,    0,    0,    0,    0,    0,    0,    0,    0,    0,    0,    0,    0,    0,    0,    0,    0,    0,    0,    0,    0,    0,    0,    0,    0,
       0,    0,    0,    0,    0,    0,    0,    0,    0,    0,    0,    0,    0,    0,    0,    0,    0,    0,    0,    0,    0,    0,    0,    0,    0,    0,    0,  -11,    0,    5,    0,    0,    0,    0,    0,  -11,  -11,  -11,  -21,    0,    0,    0,    0,    0,    0,    0,    0,    0,    0,    0,    0,    0,    0,    0,    0,    0,    0,    0,    0,    0,    0,    0,    0,    0,    0,    0,    0,    0,    0,    0,    0,    0,    0,    0,    0,    0,    0,    0,    0,    0,    0,    0,    0,    0,    0,    0,    0,
       0,    0,    0,    0,    0,    0,    0,  -21,    0,    0,  -10,    0,    0,    0,    0,    0,    0,    0,    0,    0,    0,    0,    0,    0,    0,    0,    0,    0,    0,    0,  -10,    0,    0,    0,  -11,  -37,  -27,    0,  -32,    0,    0,    0,    0,    0,    0,    0,   -5,    5,    5,    0,    0,    0,    0,    0,    5,    0,    0,    5,    0,    0,    0,    0,    0,    0,    0,  -22,  -22,    0,    0,    0,    0,    0,    0,    0,    0,    5,    0,    0,   -5,    0,    0,    0,    0,    0,    0,    0,    0,
       0,    0,    0,    0,    0,    0,    0,  -21,    0,    0,  -26,  -16,    0,  -26,  -26,  -15,    5,  -15,    0,  -42,    0,  -11,    0,    0,    0,    0,    0,  -16,    0,    5,  -11,   -5,    0,  -22,   -5,  -42,  -36,  -21,  -37,   -5,  -21,    0,    0,    0,    5,   -5,    0,    0,    0,    0,    0,    0,    0,    0,   -5,  -11,   -5,    0,    0,    0,    0,    0,    0,    0,    0,    0,    0,    0,    0,    0,  -22,  -31,  -17,    0,    0,    0,    0,    0,   -5,    0,    0,  -20,  -10,    0,    0,    0,    0,
       0,    0,    0,    0,    0,    0,    0,    0,    0,    0,    0,    0,    0,    0,    0,    0,    0,    0,    0,  -16,    0,   -5,    0,    0,    0,    0,    0,    0,    0,    0,    0,    0,    0,    0,    0,    0,    0,    0,    0,    0,    0,    0,    0,    0,    0,    0,    0,    0,    0,    0,    0,    0,    0,    0,    0,    0,    0,    0,    0,    0,    0,    0,    0,    0,    0,    0,    0,    0,    0,    0,    0,    0,    0,    0,    0,    0,    0,    0,    0,    0,    0,    0,    0,    0,    0,    0,    0,
       0,    0,    0,    0,    0,    0,    0,   11,   11,    0,    0,    0,    0,    0,    0,    0,   -5,    0,    0,    0,    0,    0,    0,    0,    0,    0,    0,    0,    0,    0,    0,    0,    0,    0,    0,    0,    0,    0,    0,    0,   11,    0,    0,    0,    0,    0,    0,    0,    0,    0,    0,    0,    0,    0,    0,    0,    0,    0,    0,    0,    0,    0,    0,    0,   11,    0,    0,    0,   11,    0,    0,    0,    0,    0,    0,    0,    0,    0,    0,    0,    0,    5,    5,    0,    0,    0,    0,
       0,    0,    0,    0,    0,    0,    0,  -32,    0,    0,    0,  -17,    0,  -41,  -36,  -31,  -10,  -21,  -10,  -52,  -15,  -10,    0,    0,    0,    0,    0,  -27,    0,    0,    0,   -5,    0,  -21,   -5,  -31,  -27,  -37,  -42,  -11,  -20,    0,    0,   -5,    0,    0,   -5,    0,    0,    0,   -5,    0,    0,    0,    0,   -6,    0,    0,    0,    0,    0,    0,    0,    0,    0,    0,    0,    0,    0,    0,    0,  -53,    0,    0,    0,    0,    0,    0,    0,    0,    0,    0,    0,    0,    0,    0,    0,
     -11,  -26,    0,    0,    0,    0,    0,  -22,    0,    0,  -26,  -15,    0,  -21,  -26,  -15,    0,    0,    0,  -27,    0,  -10,    0,    0,    0,    0,    0,  -11,  -11,   11,  -16,  -11,   -5,  -27,  -16,  -47,  -37,  -21,  -43,    0,  -17,    0,    0,  -11,    0,   -5,    0,    0,   -5,    0,  -11,   -5,   -5,   -5,  -11,  -11,   -6,    0,    0,    0,    0,    0,    0,    0,    0,    0,    0,    0,    0,    0,  -22,  -32,  -22,    0,    0,    0,    0,    0,  -11,    0,   -5,  -21,    0,    0,    0,    0,    0,
       0,    0,    0,    0,    0,    0,    0,    0,    0,    0,    0,    0,    0,    0,    0,    0,    0,    0,    0,    0,    0,    0,    0,    0,    0,    0,    0,  -11,    0,    0,   12,    0,    0,  -16,  -21,  -32,  -22,  -11,  -31,    0,    0,    0,  -11,   -5,  -11,   -6,   -5,    0,   22,    0,   -5,   -5,   -5,  -11,   -5,   -5,    0,   -5,    0,    0,    0,    0,    0,    0,    0,    0,    0,    0,    0,    0,    0,    0,  -17,  -11,  -11,    0,    0,    0,    0,    0,   -5,    0,    0,    0,    0,    0,    0,
       0,    0,    0,    0,    0,    0,    0,  -16,    0,    0,  -43,  -17,    0,  -10,   -6,  -11,    0,    0,    0,  -17,    0,    0,    0,    0,    0,    0,    0,  -28,  -16,    5,   -6,  -11,    0,   -6,  -11,  -32,  -32,  -32,  -32,    0,  -11,  -75,    0,   -5,    0,    0,    0,    0,    0,    0,    0,    0,    0,    0,    0,    0,    0,    0,    0,    0,    0,    0,    0,    5,    0,    0,    5,    0,  -11,    0,    0,    0,  -43,    0,    0,    0,    0,    0,  -11,    0,    0,    0,    0,    0,    0,    0,    0,
       0,  -11,    0,    0,    0,    0,    0,   -6,  -16,    0,    0,    0,    0,   -5,    0,    0,    0,    0,    0,    0,    0,    0,    0,    0,    0,    0,    0,    0,    0,    0,  -11,    0,    0,  -11,  -16,  -21,  -21,    0,  -21,    0,    0,  -11,    0,   -5,    0,  -11,    0,    0,    0,    0,  -15,    0,  -10,  -10,  -20,    0,  -15,    0,    0,    0,    0,    0,    0,    0,  -11,    0,    0,    0,  -16,    0,    0,    0,    0,    0,    0,    0,    0,    0,    0,    0,    0,  -11,   -6,    0,    0,    0,    0,
       0,   21,    0,    0,    0,    0,    0,   11,   11,    0,    0,    0,    0,    0,    0,    0,    0,    0,    0,   11,    0,    0,    0,    0,    0,    0,    0,    0,    0,    0,    0,    0,    0,   11,    0,    0,    0,    5,    0,   16,   11,    0,    0,    0,    0,    0,    0,    0,    0,    0,   -5,    0,    0,    0,    0,    0,    0,    0,    0,    0,    0,    0,    0,    0,   11,    0,    0,    0,   16,    0,    0,    0,    0,    0,    0,    0,   21,   21,    0,   21,    0,   16,    6,    0,    0,    0,    0,
       0,    0,    0,    0,    0,    0,    0,   -5,    0,    0,  -16,  -17,    0,   -5,  -11,   -5,    0,    0,    0,    0,    0,    0,    0,    0,    0,    0,    0,  -17,  -11,    0,   -6,    0,    0,  -16,  -16,  -21,  -17,  -17,  -17,    0,    0,  -37,    0,    0,    0,    0,   -5,    5,    5,    0,   -5,    0,    0,    0,    3,    0,    3,    0,    0,    0,    0,    0,    0,    0,    0,    0,    5,    0,  -11,    0,    0,    0,  -21,    0,    0,    5,    0,    0,  -10,    0,    0,    0,    0,    0,    0,    0,    0,
      21,   43,    0,    0,    0,    0,    0,   43,   43,    0,    0,    0,    0,    0,    0,    0,   -5,    0,    0,   -6,    0,   -5,    0,    0,    0,   21,    0,    0,    0,    0,    0,    0,    0,    0,    0,    0,    0,    0,    0,    0,    0,    0,   -5,   43,    0,   11,   -5,   16,   11,    0,  -11,    0,    5,   -5,   -5,    0,   -5,    0,    0,    0,    0,    0,    0,    0,    0,  -11,    0,    0,  -11,    0,    0,    0,    0,   -5,   -5,   16,    0,    0,    0,    0,    5,   32,   43,    0,   -6,    0,    0,
       0,  -95,    0,    0,    0,    0,    0,  -15,  -84,    0,    0,    0,    0,  -10,  -11,    0,  -10,    0,    0,  -17,    0,  -17,    0,    0,    0,    0,    0,    0,  -10,  -11,  -11,   -5,  -10,  -68,  -27,  -94,  -84,  -10,  -88,  -10,  -31,    0,    0,    0,    0,   -5,    0,    0,    0,    0,  -11,    0,   -5,  -13,  -22,    0,  -17,    0,    0,    0,    0,    0,    0,    0,  -93,    0,    0,    0, -115,  -31,    0,    0,   -5,    0,    0,    0,    0,    0,  -16,    0,    0,  -44,  -38,    0,  -15,    0,    0,
       0,   26,    0,    0,    0,    0,    0,   21,   16,    0,    0,    0,    5,    0,    0,    0,   -5,    0,    5,    0,   11,    5,    0,    0,    0,    0,    0,   10,    0,    0,   -5,    0,    0,    0,   -6,  -21,  -16,    0,  -21,    5,   21,    5,    0,   11,    0,    0,    0,    0,    0,    0,    0,    0,    5,    0,    5,    0,    0,    0,    0,    0,    0,    0,    0,    0,   15,  -11,    0,    0,    0,    0,    0,    0,    0,    0,    0,    0,    0,    0,    0,    0,    0,   21,   16,    0,    0,    0,    0,
       0,    0,    0,    0,    0,   -6,    0,   11,    0,    0,  -43,  -33,   -5,  -11,  -16,  -16,  -21,  -16,  -21,    0,  -16,  -11,   -6,    0,    0,    0,    0,  -43,   -5,  -16,   -8,    0,  -11,    0,   -5,    0,    0,    0,    0,    0,    0,  -43,  -22,    0,  -17,  -11,  -22,  -11,   -6,  -16,  -21,  -21,  -11,  -17,  -11,  -17,  -17,  -17,    0,    0,    0,    0,    0,    0,    0,  -21,   -5,    0,    0,  -11,  -11,    0,  -43,  -22,  -22,  -11,   11,   11,    0,   11,  -21,    0,    0,    0,   -5,    0,    0,
     -11,    0,  -15,    0,    0,  -16,  -20,    0,    0,    0,  -42,  -43,    0,    0,    0,   -5,  -27,  -16,  -15,   11,   -5,    0,    0,    0,    0,  -11,  -16,  -43,   -5,  -11,    0,    0,    0,   16,    0,    0,    0,    0,    0,   11,    0,  -32,  -21,    0,  -31,    0,  -32,    0,    0,    0,  -11,  -21,    5,    0,   11,    5,   11,    0,    0,  -16,    0,    0,    0,    0,    0,  -22,  -21,    0,    0,    0,  -10,  -69,  -59,  -21,  -21,    0,   11,   11,   11,   11,  -21,   -5,    0,    0,  -11,    0,    0,
       0,    0,    0,    0,    0,  -21,  -26,    0,    0,    0,  -52,  -53,  -11,   -5,  -15,  -11,  -54,  -17,  -27,   10,  -15,  -11,    0,    0,    0,  -11,  -53,  -48,    0,  -21,    0,    0,    0,   11,    0,    0,    5,    0,    0,    0,    0,  -37,  -37,    0,  -47,  -21,  -37,    0,   -5,  -21,  -22,  -43,  -16,  -21,    0,  -11,  -10,  -21,    0,    0,    0,    0,    0,    0,    0,  -42,  -32,    0,    0,  -42,  -21,  -64,  -69,  -37,  -37,    0,   11,   11,   10,   11,  -43,    0,    0,    0,  -21,    0,    0,
       0,    0,    0,    0,    0,    0,    0,    0,    0,    0,    0,    0,    0,    0,    0,    5,  -11,    0,    0,    0,    0,  -16,    0,    0,    0,    0,    0,   11,    0,  -11,   17,    0,    0,  -33,  -22,  -59,  -59,   11,  -48,   11,    0,    0,    0,    0,   -5,    0,    0,    0,   12,    0,  -11,    0,  -11,  -11,  -38,    0,  -16,    0,    0,    0,    0,    0,    0,    0,    0,    0,    0,    0,    0,    0,    0,    0,   11,    0,    0,    0,    0,    0,  -11,    0,    0,  -27,    0,    0,    0,    0,    0,
       0,    0,    0,    0,    0,    0,    0,  -22,    0,    0,    0,    0,    0,  -21,  -31,  -26,   -5,  -15,    0,  -37,   -5,  -10,    0,    0,    0,    0,    0,  -17,    0,    0,  -10,    0,    0,  -11,    0,  -17,  -17,  -21,  -21,    0,    0,    0,    0,    0,    0,    0,    0,    0,    0,    0,    0,    0,    0,    0,    0,    0,    0,    0,    0,    0,    0,    0,    0,    0,    0,    0,    0,    0,    0,    0,    0,  -42,    0,    0,    0,    0,    0,    0,    0,    0,    0,    0,    0,    0,    0,    0,    0,
       0,    0,    0,    0,    0,    0,    0,    0,    0,    0,    0,    0,    0,    0,   -5,  -11,  -27,  -11,  -11,    0,   -5,  -11,    0,    0,    0,    0,    0,    0,    0,    0,    0,    0,    0,    0,    0,    0,    0,    0,    0,    0,    0,    0,    0,    0,    0,    0,    0,    0,    0,    0,    0,    0,    0,    0,    0,    0,    0,    0,    0,    0,    0,    0,    0,    0,    0,    0,    0,    0,    0,    0,    0,    0,    0,    0,    0,    0,    0,    0,    0,    0,    0,    0,    0,    0,    0,    0,    0,
       0,    0,    0,    0,    0,    0,    0,    0,    0,    0,    0,    0,    0,  -11,  -10,    0,    0,    0,    0,  -17,    0,  -11,    0,    0,    0,    0,    0,    0,    0,    0,    0,    0,    0,    0,    0,    0,    0,    0,    0,    0,    0,    0,    0,    0,    0,    0,    0,    0,    0,    0,    0,    0,    0,    0,    0,    0,    0,    0,    0,    0,    0,    0,    0,    0,    0,    0,    0,    0,    0,    0,    0,    0,    0,    0,    0,    0,    0,    0,    0,    0,    0,    0,    0,    0,    0,    0,    0,
};

static const EpdLigaturePair sourceserif4_16_regularLigaturePairs[] = {
    { 0x00660066, 0xFB00 }, // f f -> U+FB00
    { 0x00660069, 0xFB01 }, // f i -> U+FB01
    { 0x0066006C, 0xFB02 }, // f l -> U+FB02
    { 0xFB000069, 0xFB03 }, // U+FB00 i -> U+FB03
    { 0xFB00006C, 0xFB04 }, // U+FB00 l -> U+FB04
};

static const EpdFontData sourceserif4_16_regular = {
    sourceserif4_16_regularBitmaps,
    sourceserif4_16_regularGlyphs,
    sourceserif4_16_regularIntervals,
    44,
    46,
    35,
    -12,
    true,
    sourceserif4_16_regularGroups,
    9,
    nullptr,
    sourceserif4_16_regularKernLeftClasses,
    sourceserif4_16_regularKernRightClasses,
    sourceserif4_16_regularKernMatrix,
    413,
    440,
    95,
    87,
    sourceserif4_16_regularLigaturePairs,
    5,
};
