/**
 * generated by fontconvert.py
 * name: sourceserif4_12_regular
 * size: 12
 * mode: 2-bit  compressed: true
 * Command used: fontconvert.py sourceserif4_12_regular 12 ..\builtinFonts\source\SourceSerif4\SourceSerif4-Regular.ttf --2bit --compress --pnum
 */
#pragma once
#include "EpdFontData.h"

static const uint8_t sourceserif4_12_regularBitmaps[11591] = {
    0x8D, 0x57, 0x4D, 0x68, 0x1C, 0xC9, 0x15, 0x7E, 0x55, 0xBD, 0xA8, 0xB3, 0xAA, 0x91, 0xDA, 0x87,
    0x25, 0x2C, 0x91, 0xAC, 0xBE, 0xE4, 0x20, 0x82, 0x34, 0x33, 0xBB, 0x28, 0xEC, 0x40, 0x7A, 0x34,
    0x65, 0xEF, 0xC1, 0x04, 0x1F, 0x92, 0x43, 0x20, 0x39, 0x04, 0xD6, 0xE7, 0x40, 0xD0, 0x2C, 0x71,
    0x40, 0x87, 0x91, 0xD4, 0x38, 0x87, 0x5C, 0x05, 0x39, 0xE4, 0x92, 0x83, 0x72, 0x0A, 0xEC, 0x25,
    0x73, 0x30, 0x61, 0x92, 0x9D, 0xB5, 0xCA, 0x31, 0x64, 0x21, 0x4B, 0x70, 0xEF, 0x69, 0x8F, 0xA9,
    0x10, 0x1D, 0x42, 0x08, 0xD9, 0x5A, 0xDC, 0x0B, 0x6D, 0x32, 0x33, 0x95, 0xEF, 0x55, 0x8F, 0x64,
    0xD9, 0x96, 0xB4, 0x9E, 0xAE, 0xD7, 0xD3, 0x5D, 0x5D, 0xF5, 0xEA, 0xD5, 0xF7, 0x7E, 0x6B, 0x34,
    0x99, 0x4C, 0x46, 0xA3, 0xBB, 0x77, 0xDB, 0xED, 0x36, 0xD1, 0x68, 0x32, 0x1A, 0x76, 0xCA, 0x41,
    0x39, 0x70, 0xD9, 0xB0, 0x33, 0xEC, 0xF4, 0xB7, 0xEE, 0x7C, 0x93, 0x4C, 0x3B, 0xB4, 0xBE, 0xC8,
    0xEF, 0xF4, 0xBC, 0x47, 0x8B, 0x74, 0x11, 0x91, 0xE1, 0x26, 0x8C, 0xF7, 0x13, 0xB4, 0xD7, 0xA5,
    0x5E, 0x8A, 0x74, 0x23, 0x22, 0x34, 0xBA, 0x46, 0xD4, 0xE6, 0x16, 0xCF, 0x68, 0xFB, 0x67, 0x66,
    0xF4, 0xB6, 0x2D, 0xDF, 0xB2, 0x55, 0x9B, 0x26, 0x6D, 0x3A, 0x18, 0x52, 0x3A, 0x25, 0xE1, 0x0D,
    0x7D, 0xC7, 0xD2, 0xDB, 0x8E, 0xDA, 0x65, 0xD9, 0x2E, 0x27, 0x6F, 0xB9, 0xEC, 0x1D, 0xA3, 0x66,
    0xF3, 0x59, 0x98, 0xAE, 0x0A, 0x12, 0x94, 0x8D, 0x28, 0xA6, 0x51, 0x46, 0x4B, 0x54, 0x76, 0x69,
    0x9D, 0x6F, 0x7D, 0xBE, 0x19, 0xF4, 0x45, 0xB7, 0x6C, 0x36, 0x5A, 0x58, 0xCB, 0x52, 0xDB, 0xC8,
    0x9A, 0x44, 0x5B, 0x59, 0x4A, 0x74, 0x34, 0x48, 0x49, 0x18, 0xDC, 0x22, 0xC2, 0xEB, 0xEB, 0x84,
    0x0F, 0xAB, 0xB4, 0x96, 0xB1, 0x18, 0x8E, 0x0A, 0x9A, 0xFF, 0x84, 0xD7, 0x94, 0xDC, 0xB3, 0x94,
    0x92, 0x0B, 0x94, 0xFC, 0xC2, 0x50, 0xF4, 0xDF, 0xC8, 0x8B, 0x8A, 0xEE, 0xAA, 0x3D, 0xEA, 0x63,
    0xEA, 0xE1, 0x48, 0x19, 0x53, 0xCA, 0x2F, 0xF2, 0x92, 0xFE, 0x47, 0x15, 0x6D, 0xD3, 0x80, 0x52,
    0xDD, 0xBA, 0xF1, 0x61, 0xB1, 0x30, 0xBB, 0xE1, 0x87, 0x65, 0xE9, 0x86, 0xC3, 0xFE, 0x1D, 0xB0,
    0xEA, 0x8B, 0x22, 0xCA, 0x13, 0x5A, 0xA3, 0x2E, 0x46, 0x8C, 0x30, 0xB2, 0x9C, 0x5F, 0x15, 0xDE,
    0x06, 0x94, 0x51, 0x93, 0x12, 0x8A, 0x73, 0x69, 0x68, 0xC8, 0x88, 0x1C, 0x51, 0x07, 0x63, 0xD1,
    0x63, 0x22, 0x23, 0xAD, 0x70, 0x58, 0xFC, 0x74, 0x82, 0x13, 0x4E, 0xDA, 0xA8, 0x88, 0x8C, 0xD2,
    0xCB, 0x98, 0xD7, 0x27, 0x4D, 0xF8, 0x03, 0x5F, 0xDC, 0xBB, 0x1B, 0x83, 0xD6, 0xE7, 0x15, 0x3F,
    0xFF, 0x8E, 0xE4, 0x9F, 0x4D, 0x9C, 0x5B, 0x81, 0xCF, 0x9D, 0x30, 0xE0, 0x5C, 0xF3, 0xDE, 0xBF,
    0xD0, 0x03, 0xC8, 0x54, 0x9E, 0x18, 0x65, 0xA4, 0x91, 0xB9, 0xE2, 0x0E, 0xF2, 0x8E, 0x68, 0xCF,
    0xEF, 0x01, 0x56, 0x5A, 0x24, 0xE0, 0x0A, 0x80, 0x68, 0x03, 0xF0, 0x61, 0x2F, 0x04, 0x21, 0xC9,
    0x12, 0x80, 0x82, 0xBC, 0x51, 0x4E, 0x91, 0xE6, 0x51, 0xCB, 0x17, 0x8D, 0xFA, 0x3E, 0x91, 0x9C,
    0x52, 0x72, 0x5B, 0x77, 0x23, 0x33, 0x90, 0x76, 0x24, 0x1C, 0x76, 0x80, 0x6D, 0x9C, 0x6B, 0x0E,
    0x9D, 0x03, 0x61, 0xB3, 0xC8, 0x24, 0xB7, 0x73, 0x0C, 0x26, 0x5A, 0x28, 0x7C, 0x11, 0x5D, 0x72,
    0xC5, 0xD6, 0x7B, 0xE9, 0x75, 0x12, 0xDB, 0x6D, 0xE1, 0xBA, 0x54, 0xBE, 0x01, 0x48, 0x80, 0x8E,
    0x74, 0x14, 0x19, 0x52, 0x9A, 0xAE, 0x13, 0xED, 0xB2, 0x64, 0x90, 0x09, 0xD2, 0xF4, 0xFC, 0x04,
    0x4D, 0xCE, 0x74, 0x1A, 0xDB, 0xAE, 0x70, 0x1B, 0xF5, 0x60, 0xE0, 0x19, 0x1B, 0x01, 0x13, 0x8A,
    0xA1, 0x6A, 0xF4, 0x8C, 0x89, 0x06, 0x03, 0x1A, 0x67, 0x54, 0x36, 0x63, 0x0B, 0x3B, 0x0C, 0xAC,
    0x0C, 0xA5, 0x86, 0xDE, 0x31, 0xF4, 0x99, 0x91, 0xBF, 0x34, 0x71, 0x6C, 0x1A, 0xB1, 0xE9, 0xC4,
    0xA6, 0x1F, 0x1B, 0x46, 0x2F, 0x36, 0xCF, 0x35, 0xA2, 0xC4, 0x57, 0x68, 0x0D, 0xA2, 0xB3, 0x96,
    0xCC, 0xF4, 0x6B, 0x2B, 0xF6, 0x8C, 0xFF, 0x35, 0x5E, 0x02, 0x06, 0xEA, 0x9A, 0x71, 0xC1, 0x4B,
    0xE0, 0xB7, 0x72, 0x08, 0xED, 0x63, 0xA9, 0x84, 0x68, 0x33, 0x28, 0xE1, 0x8F, 0x0F, 0x68, 0x16,
    0x17, 0xA5, 0x9C, 0x63, 0x04, 0x23, 0x19, 0x90, 0xCB, 0xA4, 0x4D, 0x6F, 0x1B, 0xE0, 0xE2, 0xBD,
    0xF3, 0xAC, 0x14, 0x0B, 0xCB, 0x9D, 0xA3, 0xAE, 0x02, 0xEA, 0x1B, 0x61, 0xF2, 0xFD, 0x00, 0x83,
    0x65, 0x86, 0x90, 0x28, 0xD1, 0x24, 0x67, 0x94, 0xDE, 0x32, 0x99, 0x04, 0xB8, 0xDC, 0x7A, 0x91,
    0x49, 0x3F, 0xD1, 0xF1, 0x84, 0x80, 0xDE, 0x9A, 0xB2, 0xBB, 0x72, 0xAE, 0x86, 0xB1, 0x70, 0xDB,
    0xB7, 0x58, 0xA4, 0x85, 0x29, 0xB5, 0x54, 0x3E, 0x88, 0x8A, 0x33, 0x25, 0x41, 0x80, 0x31, 0x95,
    0xDB, 0xD2, 0xA9, 0x19, 0x40, 0x03, 0xEB, 0x02, 0x26, 0xCA, 0xE2, 0x0E, 0x18, 0xB9, 0x6E, 0xD8,
    0xC4, 0x9E, 0x87, 0x8D, 0xD4, 0x0F, 0x7B, 0xB1, 0x4E, 0x4C, 0x62, 0x62, 0x4D, 0x67, 0xBF, 0x17,
    0x8D, 0x2A, 0xFC, 0x86, 0x14, 0x5B, 0x78, 0x8A, 0x2C, 0xA9, 0xA5, 0x19, 0x9E, 0x8A, 0x28, 0xCD,
    0x49, 0xE0, 0x09, 0xEF, 0x91, 0x0B, 0xA6, 0x13, 0x6C, 0xF4, 0xDC, 0xEF, 0xEC, 0xB5, 0x13, 0x46,
    0x41, 0xDD, 0xB4, 0x4F, 0xCC, 0x07, 0xB2, 0x00, 0x5F, 0xC4, 0x80, 0x3D, 0x7E, 0xEB, 0x05, 0xD3,
    0x0B, 0xBF, 0x6D, 0x3A, 0xB0, 0xDF, 0xA8, 0xE0, 0xDB, 0x31, 0xAE, 0xB5, 0x78, 0xD2, 0x3A, 0x5C,
    0x85, 0x5A, 0x5E, 0x0B, 0xDF, 0x9A, 0x18, 0x88, 0x50, 0x20, 0x8E, 0x4F, 0xC0, 0xED, 0x70, 0x87,
    0x95, 0x24, 0xE1, 0x69, 0x10, 0x2D, 0xA1, 0xD6, 0x70, 0x6B, 0x53, 0xFC, 0xC3, 0xBD, 0xD9, 0x89,
    0xB5, 0x5B, 0xBD, 0xBB, 0x4C, 0xB6, 0xE1, 0x56, 0xA9, 0x68, 0xB8, 0x4C, 0x98, 0x55, 0x28, 0xC3,
    0xAC, 0x3B, 0x58, 0x6A, 0xDB, 0x6D, 0xAA, 0x87, 0xC5, 0xFD, 0xC4, 0xCE, 0xEA, 0x6D, 0x35, 0xF9,
    0x96, 0xE4, 0xB8, 0xC9, 0x8A, 0x6D, 0xBE, 0xE5, 0xF3, 0xB9, 0x18, 0xCC, 0x95, 0x49, 0x41, 0xD4,
    0x25, 0x48, 0xDD, 0xC0, 0x36, 0xD7, 0x61, 0xA1, 0x6D, 0xCC, 0xEB, 0x03, 0xC2, 0xC3, 0x94, 0x37,
    0x07, 0x95, 0x26, 0x79, 0xA4, 0xE1, 0xEE, 0x00, 0x59, 0x51, 0x64, 0xD7, 0xF4, 0x42, 0xE9, 0x5D,
    0xCF, 0x1F, 0x78, 0x98, 0x48, 0xD1, 0xD2, 0x30, 0x7C, 0x33, 0x77, 0x01, 0x53, 0x3F, 0x23, 0x76,
    0x85, 0x6F, 0x3B, 0xBA, 0xEE, 0x97, 0x2E, 0x2A, 0x84, 0xAB, 0xFF, 0xF9, 0x4A, 0x73, 0x9E, 0x4B,
    0xE9, 0x4C, 0xCB, 0xA7, 0x71, 0xA1, 0x72, 0x61, 0x9B, 0xD0, 0x21, 0x56, 0xD5, 0x23, 0x0A, 0x98,
    0x33, 0xF4, 0x81, 0xF8, 0x99, 0xFB, 0x80, 0xA4, 0xC6, 0x46, 0x2C, 0xF6, 0x61, 0x65, 0x09, 0x0D,
    0xB7, 0x66, 0xFA, 0xC0, 0x3F, 0xC5, 0x1A, 0x2B, 0xA6, 0xE6, 0x4D, 0x63, 0x50, 0x17, 0xD4, 0x04,
    0xA5, 0x2F, 0x50, 0x73, 0xFE, 0x6D, 0x54, 0x8F, 0xAD, 0xD7, 0x3F, 0xF0, 0x1E, 0x73, 0x25, 0xCF,
    0x07, 0x11, 0x64, 0x5D, 0x07, 0xBF, 0x4E, 0x4D, 0x41, 0x7E, 0x7E, 0xE6, 0x3E, 0x62, 0x3A, 0x04,
    0xD9, 0x40, 0x56, 0xD8, 0x63, 0xEF, 0xE1, 0xEC, 0x3E, 0x8F, 0x11, 0xC8, 0xB0, 0x63, 0x90, 0x80,
    0x69, 0x23, 0x44, 0x9B, 0x7E, 0x4D, 0x9E, 0xFD, 0x78, 0x38, 0x7F, 0xA7, 0xE7, 0x68, 0x05, 0xFC,
    0xFC, 0x04, 0x9B, 0xC2, 0x1E, 0xB0, 0x97, 0xB0, 0x27, 0xDE, 0xDB, 0xCB, 0xFB, 0xFF, 0xD6, 0x07,
    0x15, 0x7D, 0xFD, 0xCB, 0x11, 0x82, 0x42, 0x06, 0x02, 0x46, 0x2E, 0xC9, 0x11, 0x62, 0x9F, 0xFE,
    0xD0, 0x61, 0x2E, 0x78, 0x24, 0xDE, 0x80, 0xE1, 0x80, 0x2E, 0xBF, 0x21, 0xA3, 0xD1, 0xD5, 0x43,
    0x10, 0x4C, 0xC6, 0x35, 0x2B, 0x3F, 0x51, 0x60, 0x77, 0xF1, 0xA5, 0x4C, 0x18, 0x12, 0xC2, 0xC5,
    0x2B, 0xB7, 0x5D, 0xF6, 0xA7, 0x7D, 0x58, 0xBE, 0xC6, 0x02, 0xBD, 0x49, 0x92, 0x2B, 0x9D, 0x20,
    0x31, 0x24, 0xBA, 0x03, 0x42, 0xCA, 0xBA, 0x89, 0x58, 0x70, 0x1B, 0x4E, 0xFB, 0x1E, 0xFE, 0xFF,
    0x80, 0xF7, 0xA2, 0x84, 0x9D, 0x0E, 0xF0, 0xAD, 0x0B, 0x4A, 0x41, 0xB8, 0x80, 0x2C, 0xCF, 0x65,
    0xBC, 0xD4, 0x0B, 0x38, 0x5E, 0x4E, 0x42, 0xD7, 0x3A, 0x89, 0x73, 0x65, 0x54, 0xCE, 0x7A, 0x82,
    0xE8, 0x91, 0x47, 0xD0, 0x8C, 0x5D, 0x62, 0x49, 0xB9, 0x65, 0x47, 0xCB, 0x0E, 0xE6, 0xBE, 0xE9,
    0x1A, 0x63, 0xFA, 0xB6, 0x6B, 0x74, 0xE9, 0x7D, 0xD7, 0xD8, 0xA6, 0xDF, 0xBA, 0x46, 0x4A, 0x0F,
    0x5D, 0x23, 0xB9, 0x87, 0x5B, 0xFC, 0xE8, 0x86, 0x6B, 0x44, 0x9F, 0x09, 0xD7, 0x90, 0xFF, 0xC6,
    0x8D, 0x26, 0x02, 0xCE, 0x36, 0x96, 0xCE, 0xBB, 0x2D, 0x54, 0x0E, 0x3A, 0x61, 0x76, 0xFD, 0x04,
    0xA9, 0x7F, 0xA9, 0xA2, 0x76, 0xE3, 0x23, 0x50, 0x0F, 0x94, 0x98, 0x76, 0x23, 0xB6, 0xED, 0x86,
    0x2C, 0xDB, 0x98, 0x02, 0xEA, 0x81, 0x52, 0x4C, 0x8F, 0x41, 0xD2, 0x5D, 0xD7, 0x04, 0x06, 0xC8,
    0xE5, 0x3B, 0x27, 0xF0, 0xA4, 0x16, 0xF6, 0x18, 0x99, 0x4D, 0xE8, 0x15, 0x68, 0x95, 0xD0, 0xFD,
    0x08, 0x7A, 0x1F, 0x9C, 0x27, 0xEE, 0xE3, 0x6F, 0x5D, 0xF8, 0x07, 0x8F, 0xE5, 0x39, 0x3C, 0xD7,
    0xFB, 0x13, 0xE0, 0xB1, 0x8F, 0xBD, 0x26, 0x9A, 0xB5, 0x73, 0xAA, 0xA5, 0xFA, 0x7D, 0x1B, 0x8A,
    0x3F, 0xB9, 0x10, 0x1B, 0x75, 0x66, 0x7B, 0x27, 0x24, 0x4F, 0x90, 0xD8, 0x31, 0xBA, 0x89, 0xD0,
    0x0C, 0xDB, 0x63, 0x19, 0x2A, 0xD8, 0xDE, 0xF8, 0xFC, 0xFA, 0xFC, 0x7E, 0x4E, 0x06, 0x97, 0x50,
    0xF0, 0x5F, 0x4D, 0xC7, 0xD3, 0x9A, 0x61, 0x88, 0x21, 0x88, 0x1F, 0x1C, 0x22, 0xE9, 0xC0, 0xD5,
    0xF1, 0x90, 0x65, 0xDB, 0x61, 0xD9, 0xF2, 0x67, 0x16, 0xC4, 0xCF, 0xCD, 0x5A, 0xAE, 0x87, 0xF7,
    0xF1, 0x2D, 0xA3, 0xF0, 0x6E, 0x52, 0x1E, 0x17, 0xF6, 0xA1, 0x82, 0x95, 0xC9, 0xC9, 0xC2, 0x4C,
    0x6F, 0xC7, 0xC5, 0x48, 0x16, 0xA5, 0x28, 0xB0, 0x3E, 0xA4, 0x3D, 0xC8, 0xB9, 0xDA, 0x92, 0x50,
    0x62, 0x6A, 0x01, 0x22, 0x22, 0xB3, 0x25, 0x87, 0x62, 0xA3, 0x54, 0x66, 0x85, 0x93, 0x8F, 0xB7,
    0x2E, 0x25, 0x6B, 0x41, 0x08, 0x3D, 0x47, 0xA8, 0x87, 0xE8, 0x95, 0x08, 0x50, 0x46, 0x00, 0x83,
    0x2D, 0x1B, 0x39, 0xA9, 0x0F, 0x6A, 0x7F, 0x05, 0xF5, 0xE1, 0xAB, 0x47, 0xB0, 0xC3, 0x22, 0x2A,
    0x23, 0x23, 0x38, 0xEE, 0xB7, 0xAA, 0x7A, 0x7E, 0x4E, 0x2E, 0xF4, 0x73, 0x2C, 0xB1, 0x11, 0xBC,
    0x14, 0x29, 0xB0, 0x44, 0xE5, 0x31, 0x42, 0x12, 0xCC, 0x90, 0xED, 0xBB, 0x28, 0x3E, 0xD6, 0x90,
    0x20, 0x12, 0xD4, 0x85, 0xCA, 0xD5, 0xE9, 0x81, 0xB1, 0x43, 0xBE, 0xE4, 0x3A, 0x00, 0x1C, 0x50,
    0x4C, 0x91, 0x83, 0xDD, 0x3A, 0xE6, 0x12, 0x39, 0xE6, 0xB3, 0x58, 0x21, 0x3D, 0xB9, 0xA5, 0x01,
    0x32, 0xAA, 0x5B, 0xCD, 0x50, 0x90, 0x96, 0xEB, 0x4D, 0xE6, 0xB9, 0x95, 0x82, 0xEB, 0xA0, 0x9F,
    0x30, 0xDF, 0x23, 0xF5, 0x1B, 0xC4, 0xF8, 0x22, 0xFE, 0x17, 0xF6, 0x64, 0xA2, 0x92, 0x43, 0x3D,
    0x67, 0x20, 0x94, 0x1B, 0xBC, 0x0A, 0xA7, 0x64, 0xF6, 0x1F, 0x05, 0x99, 0x22, 0xB7, 0x08, 0x35,
    0x41, 0x8E, 0xF1, 0x16, 0xCF, 0xE3, 0xF1, 0x61, 0x5C, 0xD0, 0xE3, 0x32, 0xE4, 0xD9, 0xC2, 0xEC,
    0x3E, 0x34, 0x6D, 0xBA, 0xC4, 0x05, 0xA1, 0xD2, 0xF0, 0x1D, 0x87, 0xAA, 0x18, 0xF3, 0x53, 0x1D,
    0xE5, 0x2A, 0x47, 0x06, 0x30, 0x8B, 0xB0, 0x96, 0x06, 0x4B, 0x02, 0x3E, 0xED, 0x9A, 0x4F, 0xCB,
    0xD4, 0x09, 0x06, 0x00, 0x3D, 0x4F, 0x79, 0x8D, 0x2F, 0x70, 0x72, 0xC8, 0x79, 0x0E, 0xD1, 0x83,
    0xEB, 0xC5, 0x10, 0x50, 0xD9, 0x99, 0x59, 0x07, 0xDD, 0x3A, 0xC0, 0x9F, 0x75, 0xE7, 0x02, 0x9E,
    0x1F, 0x41, 0x82, 0xD8, 0x20, 0x75, 0x72, 0x41, 0x63, 0xBC, 0x79, 0x56, 0x92, 0x5E, 0x75, 0xCD,
    0xF2, 0x0F, 0x72, 0x1B, 0x32, 0xF4, 0x56, 0xC8, 0xC5, 0x1B, 0xA1, 0xD6, 0x01, 0x52, 0x2A, 0x00,
    0x01, 0x85, 0xA0, 0x24, 0x04, 0xDE, 0x5C, 0x44, 0xBF, 0x30, 0x6E, 0xE9, 0x74, 0x9C, 0x24, 0x5F,
    0xC4, 0x97, 0x16, 0x78, 0xE7, 0xAF, 0x9D, 0xE2, 0x27, 0xD0, 0x32, 0x01, 0x71, 0xB5, 0x41, 0xD7,
    0x97, 0x09, 0x39, 0x79, 0x28, 0xCD, 0x35, 0xD2, 0x2C, 0x32, 0xBB, 0x81, 0x23, 0xAE, 0x76, 0x15,
    0x49, 0x1D, 0x4F, 0x69, 0x13, 0x81, 0x2D, 0x32, 0xBB, 0xD8, 0x22, 0xDA, 0x4E, 0x91, 0xFE, 0xAA,
    0x40, 0x31, 0x53, 0x86, 0xF6, 0x51, 0x6A, 0x5B, 0x9F, 0xB2, 0x4B, 0xA2, 0x3A, 0x87, 0xF3, 0xE8,
    0x0B, 0x70, 0xBC, 0x8D, 0xC0, 0x58, 0xEE, 0x03, 0xCF, 0x04, 0xEF, 0xA8, 0x5B, 0xE0, 0x2A, 0xEC,
    0xB8, 0xCF, 0x08, 0x7D, 0xFC, 0xCD, 0xEE, 0x91, 0x87, 0x87, 0x88, 0x99, 0x4E, 0xEE, 0x15, 0x5D,
    0x8E, 0x2A, 0xAE, 0x0A, 0xB9, 0xA4, 0xAE, 0x64, 0xC6, 0x0C, 0xF7, 0xB5, 0x34, 0x3F, 0x92, 0xBE,
    0xAE, 0x83, 0x04, 0x7A, 0xE2, 0x49, 0x9D, 0x5E, 0xCF, 0x91, 0x9C, 0xE2, 0xA4, 0x70, 0x73, 0x12,
    0xCE, 0x03, 0x63, 0x50, 0x05, 0x2A, 0xCF, 0x51, 0x7D, 0x2A, 0x18, 0x87, 0x31, 0x0B, 0xD3, 0x9E,
    0x46, 0x35, 0x97, 0xA0, 0x9A, 0x13, 0x6E, 0x17, 0xA5, 0x99, 0x28, 0xBD, 0x2F, 0xCB, 0xD3, 0xDA,
    0xB2, 0x4B, 0x6F, 0xA4, 0xF9, 0x70, 0xBE, 0xDE, 0x81, 0x11, 0x9F, 0xE0, 0xA8, 0x01, 0x25, 0xB3,
    0xD9, 0x61, 0x67, 0x30, 0x8C, 0x44, 0x5F, 0xDE, 0x72, 0x2E, 0xF4, 0xE3, 0xE9, 0xF5, 0xD6, 0xAD,
    0x69, 0x57, 0x16, 0x75, 0xA9, 0xD8, 0x95, 0x2E, 0x45, 0x95, 0xEA, 0xB9, 0x98, 0xCF, 0xB8, 0x88,
    0xB6, 0xA9, 0xAF, 0x56, 0x39, 0x48, 0x75, 0x4B, 0xCA, 0x2A, 0xDA, 0xDD, 0x5F, 0xB0, 0x2B, 0xB3,
    0xB0, 0x5C, 0x8B, 0x63, 0xD1, 0x45, 0xAE, 0x1F, 0x57, 0x94, 0xF6, 0xA6, 0x94, 0x16, 0x3D, 0xBC,
    0x5F, 0x7D, 0xC1, 0xFE, 0xDD, 0xBC, 0x22, 0x63, 0xBC, 0xC0, 0xD3, 0x83, 0x5E, 0x1E, 0x05, 0x4C,
    0x26, 0xA1, 0x50, 0x21, 0x94, 0x71, 0x63, 0x60, 0xCA, 0xB8, 0x5D, 0x74, 0xED, 0xD2, 0x70, 0x6A,
    0x0F, 0xB4, 0xC0, 0xC0, 0x63, 0x48, 0xF9, 0xFB, 0x8B, 0xD4, 0xFD, 0x3D, 0xC0, 0x72, 0xB3, 0xA0,
    0xE4, 0x5D, 0x60, 0xF0, 0x5D, 0xBC, 0xFF, 0x18, 0xF4, 0x00, 0xF4, 0x98, 0x18, 0x67, 0xF4, 0x17,
    0x75, 0xFE, 0xD4, 0x48, 0xDC, 0xAE, 0x97, 0xB3, 0xE1, 0x78, 0x9D, 0x5C, 0x79, 0x79, 0xB7, 0xA8,
    0x6C, 0xAB, 0xA0, 0xE3, 0x83, 0x09, 0x84, 0x3D, 0x28, 0x8E, 0x35, 0x30, 0x80, 0x76, 0x46, 0xE7,
    0xEE, 0xE3, 0xAF, 0xB8, 0xFB, 0x27, 0xFE, 0x91, 0xCF, 0x17, 0x55, 0x09, 0x2E, 0x53, 0xF0, 0x78,
    0x05, 0xF4, 0x9E, 0x78, 0xC3, 0xC6, 0x71, 0xB3, 0xC8, 0x38, 0xBD, 0x21, 0xA3, 0x64, 0x25, 0xEB,
    0x89, 0x55, 0x85, 0x57, 0x74, 0xA6, 0x37, 0x2D, 0x4E, 0x40, 0x2B, 0x30, 0x5A, 0x6F, 0xB1, 0x4E,
    0xBE, 0x7D, 0x9A, 0xF9, 0xE9, 0x9C, 0xF4, 0xF3, 0x3E, 0x7C, 0xC3, 0x98, 0xE4, 0x3D, 0x7B, 0x51,
    0xA0, 0x09, 0x67, 0x42, 0x39, 0x6D, 0xCC, 0x0D, 0x77, 0xFC, 0x0A, 0x86, 0x3B, 0x78, 0xC9, 0xF0,
    0x83, 0xC9, 0x46, 0xDE, 0x2C, 0x2A, 0x73, 0xDC, 0x2B, 0x8E, 0x7F, 0x9D, 0xA3, 0xF6, 0x4F, 0xE9,
    0x82, 0x86, 0xC5, 0xD4, 0x53, 0xDA, 0x4B, 0xA9, 0x54, 0x54, 0x09, 0x7A, 0xA0, 0xA9, 0x57, 0xD1,
    0x02, 0xA7, 0x83, 0xFC, 0x50, 0x19, 0x1B, 0x9B, 0x32, 0xA5, 0x9D, 0x0A, 0xD1, 0x84, 0x70, 0xE2,
    0x50, 0xA1, 0x5D, 0x6D, 0xEB, 0xEA, 0x2F, 0x14, 0x8E, 0x97, 0x6C, 0x15, 0x3C, 0xB0, 0x35, 0xDF,
    0xF3, 0x05, 0x94, 0x83, 0xCC, 0x31, 0x32, 0xE9, 0xDF, 0xB5, 0x98, 0x26, 0x16, 0x16, 0x6A, 0x5A,
    0xC4, 0x55, 0xD5, 0x2A, 0x1C, 0x6B, 0x3D, 0x54, 0xA1, 0x91, 0xED, 0x23, 0xA2, 0x22, 0xCC, 0x7D,
    0x89, 0x48, 0xF4, 0x27, 0x80, 0x83, 0xB3, 0x47, 0x20, 0x9C, 0x40, 0xA1, 0x93, 0xC7, 0x93, 0x94,
    0xF6, 0xB8, 0x9E, 0xD8, 0x13, 0x28, 0x8F, 0x3E, 0xE7, 0xE3, 0xC5, 0xE3, 0x48, 0x47, 0x9F, 0x7E,
    0x7C, 0x8B, 0xC4, 0x3F, 0xDF, 0xFD, 0x2B, 0xD1, 0x13, 0xF9, 0x37, 0xCC, 0x13, 0xFF, 0xC1, 0xC9,
    0x89, 0xE3, 0x46, 0xC6, 0x07, 0xB8, 0x37, 0x51, 0xB4, 0x60, 0x2E, 0xD6, 0xE7, 0xEC, 0x8D, 0x34,
    0xFC, 0x05, 0xF8, 0xF2, 0x61, 0x31, 0x0B, 0x07, 0x1A, 0xA2, 0x0F, 0x11, 0x5F, 0x3F, 0x46, 0x85,
    0x85, 0x04, 0xB6, 0x26, 0x90, 0x15, 0x1F, 0x21, 0x72, 0x43, 0xB6, 0xF4, 0x54, 0x36, 0x83, 0x4A,
    0xDA, 0x6C, 0x21, 0x7B, 0xB0, 0x6C, 0x7C, 0xF8, 0x64, 0xD9, 0x40, 0xA8, 0x0E, 0x83, 0xAB, 0xAE,
    0x51, 0x88, 0xD7, 0xEC, 0xD8, 0x1C, 0x98, 0x77, 0x71, 0x42, 0xE7, 0x40, 0xBA, 0x1F, 0x2A, 0x0A,
    0x63, 0x55, 0x8E, 0xDC, 0x8E, 0xBC, 0x40, 0x5C, 0x0E, 0x87, 0x53, 0x30, 0xEB, 0x06, 0x47, 0x1F,
    0x3E, 0xA3, 0xE3, 0xF0, 0x29, 0x26, 0xAA, 0xA8, 0xED, 0x45, 0x21, 0xDA, 0x47, 0xA0, 0x65, 0xC8,
    0xFE, 0xD3, 0xF9, 0xB3, 0xA2, 0xE4, 0xB4, 0x9E, 0xAC, 0xE8, 0x47, 0xD7, 0xDA, 0x97, 0xFC, 0x1E,
    0x40, 0xCC, 0xF9, 0x41, 0xC6, 0x00, 0x11, 0x4C, 0x45, 0xCA, 0xD8, 0x13, 0x27, 0xF5, 0x33, 0x52,
    0x68, 0xF8, 0x1A, 0x9B, 0x9D, 0xFC, 0x07, 0x38, 0xEA, 0x7D, 0xED, 0xE7, 0x76, 0xD5, 0x76, 0x3A,
    0x05, 0xE7, 0x73, 0xFA, 0x3F, 0xAD, 0x58, 0xCF, 0x6B, 0xDC, 0xD8, 0x1D, 0xFF, 0x48, 0x2F, 0xB1,
    0x92, 0xC8, 0xB6, 0xE6, 0x10, 0x58, 0xC3, 0x4E, 0x2C, 0x1F, 0x7C, 0x70, 0x5B, 0xDB, 0xA3, 0xB2,
    0x3E, 0x4C, 0xE9, 0xC8, 0xA3, 0x38, 0x87, 0x1C, 0x7A, 0xF1, 0x7F, 0xB0, 0xA1, 0xA7, 0x42, 0x0B,
    0x9E, 0x52, 0x1F, 0x4C, 0x99, 0x75, 0x94, 0xDD, 0x5B, 0x0B, 0xC5, 0xB0, 0x7F, 0x40, 0x07, 0x7A,
    0x29, 0x94, 0xC2, 0x1C, 0x4C, 0x3B, 0x29, 0x93, 0xF8, 0x95, 0x9C, 0xCA, 0xEE, 0xE1, 0x25, 0x7B,
    0xD8, 0x4B, 0x61, 0x55, 0xF0, 0xA9, 0x27, 0x41, 0x55, 0x98, 0x85, 0xB1, 0xD5, 0xCF, 0x57, 0x92,
    0x9D, 0x99, 0xC4, 0x89, 0xBD, 0x4D, 0x46, 0xFA, 0x3E, 0xCB, 0xD2, 0xFB, 0x7E, 0xF4, 0xFD, 0xF5,
    0xBE, 0xDF, 0xEF, 0xD3, 0x60, 0x3C, 0x00, 0x82, 0x20, 0xD8, 0xDD, 0x1D, 0x0C, 0x46, 0xE3, 0x31,
    0xFF, 0x0B, 0x20, 0xE7, 0x63, 0xB8, 0x7F, 0xD5, 0x6B, 0x1F, 0x25, 0xDD, 0x1F, 0xA6, 0x83, 0x20,
    0xCA, 0x02, 0x94, 0xE7, 0x28, 0xC0, 0x30, 0xA8, 0x6D, 0x06, 0x3D, 0x3F, 0xD7, 0xF6, 0x63, 0x54,
    0x93, 0x6B, 0xC0, 0x51, 0xA4, 0x9E, 0xA7, 0x5E, 0x94, 0x79, 0x18, 0xF8, 0xA8, 0xF9, 0x80, 0x07,
    0xB8, 0x40, 0x9E, 0x6B, 0x07, 0x50, 0x00, 0xC7, 0x39, 0x60, 0x95, 0x13, 0xF3, 0x71, 0x9E, 0x8F,
    0x13, 0xD4, 0x33, 0xB4, 0xD6, 0x4E, 0x3B, 0xEE, 0xA7, 0x66, 0x0E, 0xBD, 0x59, 0x74, 0x78, 0xCE,
    0xA1, 0xEF, 0xDE, 0x35, 0xEB, 0xF9, 0x61, 0x8A, 0x7A, 0x9E, 0xE6, 0xDA, 0x8B, 0xEB, 0x70, 0xF5,
    0x0A, 0x94, 0x09, 0x60, 0xA7, 0x0F, 0x80, 0x4C, 0x03, 0x83, 0x18, 0xD8, 0x24, 0x7C, 0x9E, 0x03,
    0x0D, 0x00, 0x7E, 0x75, 0xED, 0x97, 0xD7, 0x68, 0x44, 0x50, 0x79, 0x2A, 0x2A, 0x9D, 0xFD, 0x80,
    0xC9, 0xFF, 0x66, 0x4E, 0xE1, 0xDF, 0xD7, 0xA1, 0x4A, 0x36, 0x11, 0x73, 0xAE, 0x9B, 0xC1, 0xCF,
    0xB1, 0xD7, 0x30, 0x99, 0x4A, 0x47, 0xC8, 0x9E, 0x22, 0x6D, 0xBF, 0x48, 0xDC, 0xD3, 0x08, 0x47,
    0xC4, 0x8D, 0x6B, 0xAE, 0xEE, 0x3A, 0x3A, 0xF4, 0x22, 0xF7, 0x84, 0x28, 0x78, 0x70, 0x33, 0xF3,
    0xFB, 0xF3, 0x90, 0xC7, 0x78, 0x7C, 0x3D, 0x83, 0xD2, 0x58, 0x84, 0x6B, 0x9D, 0xDE, 0x8B, 0xEA,
    0xDE, 0xA7, 0x5A, 0xAF, 0xAC, 0x5B, 0x3A, 0x09, 0x42, 0xA0, 0x13, 0x74, 0xAB, 0x21, 0x08, 0x5A,
    0x72, 0xC5, 0x77, 0x75, 0x56, 0xBC, 0xBB, 0x3A, 0xA9, 0xDB, 0xF9, 0x5D, 0x4D, 0xBB, 0xA8, 0xA8,
    0xE0, 0xC5, 0x63, 0x2B, 0xA3, 0x9D, 0xF2, 0x08, 0x1F, 0x26, 0x68, 0xEE, 0xA1, 0xD3, 0x84, 0x35,
    0x44, 0xB3, 0x85, 0x94, 0x67, 0x17, 0xFB, 0xEB, 0xF2, 0x56, 0x1C, 0xAC, 0x28, 0x9D, 0x7A, 0x4A,
    0x77, 0x7D, 0x64, 0x21, 0x46, 0x9B, 0x58, 0x73, 0x23, 0x77, 0xCB, 0x58, 0xBA, 0x83, 0xED, 0xDB,
    0x0F, 0x69, 0x62, 0x88, 0x24, 0x53, 0x64, 0xC7, 0xB4, 0x01, 0x66, 0xBE, 0xC5, 0x9A, 0x13, 0xFF,
    0x2A, 0x33, 0xE6, 0x9F, 0x1D, 0xFD, 0x65, 0xA0, 0xB3, 0xC0, 0x7C, 0xD9, 0xF9, 0xE5, 0x3F, 0x0C,
    0x6F, 0x96, 0x0A, 0xC9, 0xA4, 0x46, 0xDC, 0x4F, 0x74, 0xA0, 0x83, 0x5E, 0xAF, 0x41, 0xD3, 0xA2,
    0x35, 0x75, 0xE6, 0x34, 0xED, 0xF4, 0x9D, 0xF2, 0xC7, 0xFB, 0x6E, 0xD2, 0x6C, 0x6E, 0xB4, 0x78,
    0x67, 0x03, 0x46, 0x45, 0x37, 0xD1, 0xCE, 0xDB, 0xB9, 0x9F, 0x6C, 0xEC, 0x2D, 0x35, 0xB1, 0xEB,
    0x26, 0xD8, 0x43, 0xAB, 0xDF, 0xEA, 0xEC, 0xF9, 0x89, 0xD2, 0xAE, 0xF6, 0xD1, 0xC4, 0x83, 0x82,
    0xB1, 0x85, 0x51, 0x45, 0xD9, 0x04, 0xA5, 0xE7, 0x14, 0x5A, 0x29, 0xDA, 0x2A, 0x43, 0xFB, 0xE4,
    0x28, 0xFA, 0x11, 0x55, 0x6D, 0x95, 0x22, 0xA1, 0x5B, 0x51, 0x4D, 0x40, 0x76, 0x18, 0x55, 0xE3,
    0x2E, 0x1A, 0xA4, 0x36, 0xE9, 0x88, 0x94, 0x4F, 0xD0, 0x51, 0x75, 0x5F, 0x9E, 0xCB, 0x3C, 0xFC,
    0xAC, 0x3B, 0x81, 0xF0, 0x2A, 0xAD, 0xE0, 0x93, 0x3C, 0xFF, 0xA4, 0x86, 0x65, 0xFA, 0x43, 0xC5,
    0x4E, 0xFC, 0x94, 0xF7, 0x3E, 0xD4, 0x1F, 0x68, 0x35, 0x75, 0xB4, 0xC7, 0xD4, 0x77, 0xB5, 0x3F,
    0x9F, 0x7A, 0xA9, 0xD7, 0x9F, 0x6F, 0xAE, 0x52, 0x43, 0xA0, 0xB7, 0x80, 0x96, 0x07, 0x7A, 0x46,
    0x99, 0xCC, 0x4A, 0xBB, 0x76, 0x3A, 0x74, 0x1E, 0x25, 0x8B, 0x4E, 0xBC, 0x31, 0x47, 0xC7, 0xC0,
    0x3A, 0x80, 0x85, 0xB6, 0x61, 0xE8, 0x2B, 0x83, 0x59, 0x19, 0x96, 0x65, 0xE8, 0xC8, 0xA0, 0x39,
    0x28, 0x46, 0xAA, 0xB9, 0x85, 0x54, 0x99, 0xBA, 0x9D, 0x36, 0x46, 0xC1, 0x75, 0x3A, 0xA3, 0x77,
    0x23, 0x85, 0xA5, 0x97, 0x52, 0x2E, 0x99, 0x07, 0x29, 0x57, 0x4C, 0x3E, 0xA6, 0x7C, 0x34, 0x4B,
    0x20, 0x83, 0x91, 0x81, 0xA1, 0x07, 0x4B, 0x86, 0x29, 0xE4, 0x95, 0x0B, 0x90, 0x9D, 0x91, 0x32,
    0xB3, 0xAB, 0xFB, 0xCE, 0xF1, 0x46, 0xD3, 0xFF, 0xFE, 0x1F, 0x7B, 0x4B, 0x3E, 0x91, 0xB1, 0x26,
    0x8B, 0x71, 0x0F, 0x37, 0x81, 0x04, 0x0B, 0xD4, 0x97, 0xC8, 0xF3, 0x20, 0x72, 0x3B, 0x2F, 0x90,
    0xA9, 0x96, 0x85, 0xE6, 0x90, 0xC8, 0xBB, 0x21, 0x91, 0x0B, 0xEF, 0x62, 0x40, 0xDF, 0xF1, 0x01,
    0xC3, 0x6A, 0x48, 0xE4, 0xED, 0x90, 0x32, 0xF7, 0xBB, 0x75, 0x2B, 0x6D, 0x64, 0x85, 0xCC, 0x07,
    0x2F, 0x65, 0xDE, 0x9E, 0x94, 0xB9, 0x23, 0x83, 0x96, 0xA1, 0xF8, 0x0D, 0x30, 0x26, 0xA1, 0xF0,
    0x61, 0x80, 0x0D, 0x7B, 0xE4, 0x27, 0x21, 0x2F, 0x02, 0x5A, 0xC5, 0x3B, 0x76, 0x4E, 0xF1, 0x84,
    0x4F, 0xAE, 0x91, 0xD6, 0x50, 0x24, 0x0F, 0xD8, 0x64, 0x2D, 0x64, 0xC2, 0xCB, 0xB0, 0x16, 0xAB,
    0xCF, 0x11, 0x6F, 0x96, 0xAB, 0x66, 0x65, 0x8F, 0xCB, 0x4B, 0x56, 0x17, 0x17, 0x5C, 0xCF, 0x97,
    0x90, 0xA4, 0x14, 0x5E, 0xAC, 0x22, 0x47, 0x2B, 0xAA, 0xEF, 0x42, 0x25, 0x8B, 0xD1, 0x4C, 0x96,
    0xA7, 0x54, 0xAD, 0x00, 0x16, 0x67, 0x67, 0x25, 0x8E, 0x85, 0xAB, 0xE1, 0x1E, 0x5C, 0x82, 0x2B,
    0xBC, 0x1E, 0xF9, 0x56, 0x39, 0x7F, 0xE9, 0xFA, 0xFB, 0xC1, 0x5C, 0xB7, 0x81, 0xCF, 0x9F, 0x01,
    0xFA, 0x09, 0xCE, 0x7F, 0xEF, 0x8A, 0xC9, 0xA4, 0x45, 0xDD, 0xFD, 0x22, 0x85, 0x61, 0xF2, 0xC7,
    0x80, 0x61, 0x6E, 0x96, 0x58, 0x76, 0xC5, 0x4D, 0x73, 0xC4, 0xC5, 0xC2, 0x98, 0xC3, 0x86, 0x58,
    0x8B, 0x79, 0x8B, 0xF8, 0xC2, 0x66, 0xBC, 0x48, 0xDE, 0x10, 0xD3, 0x2B, 0xAE, 0x96, 0xEC, 0x65,
    0xE8, 0x6D, 0x95, 0xE2, 0x16, 0x13, 0x33, 0x16, 0x23, 0x7B, 0xC4, 0x54, 0xE2, 0xF3, 0xB1, 0x43,
    0xBC, 0x39, 0x3A, 0x7E, 0x96, 0x01, 0x2B, 0xD7, 0x67, 0x3F, 0xBB, 0x52, 0xC0, 0x79, 0x93, 0x02,
    0x8D, 0x09, 0x05, 0x5C, 0x2A, 0xE0, 0x18, 0xA7, 0x50, 0xC0, 0xA9, 0x1C, 0xC8, 0x84, 0x43, 0xD6,
    0x1F, 0x18, 0x8B, 0xE3, 0x47, 0x86, 0xC1, 0x8B, 0x3F, 0x18, 0x46, 0x87, 0xF5, 0xCC, 0xD4, 0x89,
    0xFC, 0x99, 0x8C, 0x8E, 0x32, 0xAC, 0x2F, 0xF3, 0x8A, 0xF1, 0x87, 0x7A, 0x71, 0xDD, 0xCE, 0xE5,
    0x7E, 0xBF, 0x50, 0x32, 0x91, 0x05, 0x62, 0x73, 0xA5, 0xA2, 0xEF, 0x88, 0xF8, 0x7D, 0x8F, 0xF8,
    0x48, 0x05, 0x9D, 0x59, 0xD0, 0x3F, 0x8D, 0xEC, 0xCC, 0x31, 0x6E, 0x6C, 0x27, 0xEB, 0xB0, 0x12,
    0x4A, 0x15, 0x49, 0xAC, 0x8E, 0xCA, 0x90, 0x29, 0x68, 0x54, 0xC4, 0x70, 0x11, 0x46, 0x11, 0xF3,
    0x72, 0xE2, 0xC5, 0x56, 0x22, 0x3C, 0x68, 0xB0, 0x1C, 0x58, 0x4C, 0x9D, 0xB6, 0xA9, 0x66, 0x54,
    0xF9, 0x4A, 0x74, 0xAD, 0x55, 0x71, 0xD7, 0xA8, 0x9C, 0x58, 0x05, 0xB4, 0x24, 0x6D, 0x65, 0x44,
    0x1A, 0x4B, 0x24, 0xA2, 0x3C, 0xB2, 0x80, 0x9B, 0x25, 0xE5, 0xA3, 0xEA, 0xBA, 0x58, 0xD4, 0x42,
    0x07, 0xA4, 0xA4, 0xA0, 0xC4, 0x4A, 0x8E, 0x0A, 0x4B, 0xDC, 0x26, 0xCA, 0x90, 0x81, 0x4C, 0xC9,
    0x9C, 0xB8, 0x8C, 0xEF, 0xF7, 0x81, 0xCB, 0x84, 0x00, 0x9F, 0xF0, 0x7B, 0x62, 0x81, 0x6B, 0xEF,
    0x07, 0x53, 0x82, 0x4F, 0x62, 0x6F, 0x22, 0xF4, 0x5E, 0xC7, 0x94, 0x2C, 0x56, 0x2F, 0x89, 0xFE,
    0x13, 0xEF, 0x95, 0xFF, 0x5F, 0x8C, 0x59, 0xA3, 0xEE, 0x0D, 0x38, 0x5A, 0xCC, 0x99, 0x8F, 0x5D,
    0xED, 0xBC, 0xE1, 0x70, 0x35, 0xC1, 0x6A, 0x18, 0xD8, 0xA9, 0x13, 0x8B, 0x36, 0x97, 0xCE, 0x4D,
    0xE0, 0x8C, 0xB0, 0x38, 0x8F, 0x25, 0x5B, 0xC4, 0x64, 0xE0, 0x31, 0xBC, 0xAD, 0x2B, 0x9C, 0x9C,
    0xC6, 0xC9, 0x87, 0xAB, 0xA3, 0xB0, 0xB3, 0x52, 0xD4, 0xC7, 0x93, 0xB7, 0xBE, 0xE8, 0x24, 0xCF,
    0x8F, 0xD9, 0xDA, 0x34, 0x64, 0xAD, 0x1A, 0xAA, 0x91, 0x92, 0x06, 0x24, 0x36, 0x1B, 0x08, 0x69,
    0x9B, 0x50, 0xFE, 0x56, 0xD4, 0xAD, 0x9E, 0xA5, 0x32, 0xD7, 0xD5, 0x3B, 0x10, 0x5E, 0xEC, 0xB3,
    0x06, 0x7C, 0xFD, 0x8C, 0x71, 0xF7, 0xF4, 0xDC, 0xA8, 0x79, 0xE4, 0xE5, 0xBE, 0x46, 0x87, 0x09,
    0x29, 0x98, 0x1B, 0x21, 0x98, 0x7D, 0x42, 0x6A, 0x93, 0x3C, 0x1D, 0xCC, 0x3A, 0x49, 0x30, 0x6B,
    0x67, 0xC1, 0x2C, 0xC6, 0xA4, 0x36, 0xC9, 0x4F, 0x67, 0xE1, 0x90, 0xEC, 0xF4, 0x4E, 0x24, 0xCB,
    0x80, 0x89, 0xB8, 0x5F, 0xC6, 0x54, 0x11, 0xAC, 0x12, 0x54, 0x88, 0x4B, 0xE0, 0x9D, 0x63, 0x2E,
    0x95, 0x06, 0x3C, 0xF6, 0x2C, 0x6B, 0x54, 0x96, 0xF1, 0x9C, 0x31, 0xCC, 0x07, 0x0C, 0xBD, 0xEE,
    0x24, 0xC9, 0x3D, 0x79, 0x16, 0x72, 0x01, 0xC9, 0x5C, 0xE1, 0x11, 0x5E, 0xB0, 0xF8, 0x17, 0xCB,
    0x87, 0xF9, 0x02, 0x2E, 0x3D, 0x76, 0x03, 0xEF, 0x07, 0x57, 0xB2, 0xB8, 0xC7, 0x45, 0xD5, 0x20,
    0xEE, 0x21, 0x93, 0x49, 0x7C, 0xE3, 0xFD, 0xE0, 0x0E, 0x6D, 0xD8, 0xBF, 0xBD, 0x0F, 0x65, 0x8D,
    0x5F, 0x26, 0xB0, 0x77, 0xC5, 0x3C, 0x58, 0x20, 0x17, 0x13, 0x5D, 0xB2, 0x3A, 0x95, 0x7F, 0xDF,
    0xDD, 0xB6, 0xD7, 0xFA, 0x68, 0x85, 0x48, 0xBD, 0x7B, 0x5A, 0x7D, 0x03, 0x96, 0x58, 0x9C, 0x40,
    0x7D, 0x11, 0x79, 0xB6, 0x69, 0xE1, 0xB0, 0x8F, 0xF3, 0xB7, 0x35, 0x46, 0xAB, 0xF6, 0xB1, 0x7F,
    0x48, 0x5E, 0x26, 0x38, 0x87, 0xED, 0xE5, 0xFC, 0x60, 0x80, 0x26, 0xB1, 0xD3, 0x30, 0x53, 0x3A,
    0x64, 0xDF, 0x1E, 0x8E, 0x56, 0xD1, 0x1A, 0xF4, 0xD1, 0xDD, 0x37, 0x18, 0xB4, 0x19, 0x13, 0x3E,
    0x97, 0xE5, 0x8F, 0x8F, 0xFD, 0xA8, 0xB7, 0x93, 0x95, 0x18, 0xF5, 0xAA, 0xC5, 0x76, 0x25, 0x91,
    0x25, 0x67, 0xCD, 0x18, 0x17, 0x95, 0x97, 0xB3, 0x3C, 0x74, 0x48, 0xC1, 0x25, 0xD4, 0xF1, 0x62,
    0xF4, 0xC8, 0x6E, 0x14, 0x5F, 0x6A, 0x15, 0x2D, 0xBC, 0xA4, 0xD5, 0x3B, 0xA4, 0xF0, 0xB5, 0xEA,
    0xFC, 0xEE, 0xB8, 0x51, 0x19, 0x73, 0x1E, 0x83, 0x9A, 0x7D, 0x1A, 0x6A, 0xD6, 0xFB, 0xC1, 0x5D,
    0x9E, 0xA1, 0x47, 0xF8, 0xB4, 0xE9, 0x4E, 0xB9, 0xF2, 0xDD, 0xE5, 0x9D, 0xEC, 0x52, 0xE2, 0x09,
    0x3B, 0xB4, 0xC7, 0xF4, 0x45, 0xEC, 0xC6, 0x2C, 0xB9, 0x9A, 0x15, 0x37, 0x61, 0x63, 0x96, 0x31,
    0xCD, 0x0C, 0x59, 0x64, 0xC3, 0x1E, 0x79, 0xA5, 0x0B, 0xE1, 0x7C, 0xA9, 0xD1, 0x53, 0x14, 0x17,
    0xC9, 0x54, 0xEA, 0xA1, 0xA3, 0x2B, 0x62, 0xEE, 0x70, 0x98, 0x43, 0x24, 0x0B, 0x31, 0x9F, 0xE8,
    0x32, 0xFF, 0x08, 0xC9, 0xFF, 0x4C, 0xA9, 0x4C, 0xE8, 0x67, 0x73, 0xC5, 0xCD, 0xC2, 0x0B, 0xE7,
    0x5B, 0xBE, 0xC7, 0x8F, 0x59, 0x38, 0xB5, 0xC5, 0x34, 0x6C, 0x1B, 0x69, 0x78, 0x29, 0x8D, 0x69,
    0x30, 0x39, 0x0F, 0x48, 0x6C, 0xFD, 0x9E, 0x0B, 0x49, 0x31, 0x60, 0x53, 0x64, 0x1A, 0x86, 0x88,
    0x19, 0x13, 0xF6, 0x58, 0xBD, 0x40, 0x57, 0x7D, 0x85, 0xE1, 0x07, 0x5F, 0x3D, 0xCA, 0xDA, 0x2F,
    0xF2, 0x03, 0x5A, 0xCC, 0x8D, 0x0B, 0x27, 0xD3, 0x2F, 0x1B, 0x95, 0xE1, 0x9C, 0x13, 0xAC, 0x79,
    0x71, 0x57, 0xE9, 0x3D, 0x69, 0x2B, 0x0C, 0x76, 0x8C, 0xFF, 0xB9, 0xE9, 0xB2, 0xA7, 0x2E, 0xCE,
    0x27, 0x7E, 0xD2, 0x78, 0x3E, 0x96, 0x0D, 0xA4, 0x57, 0x44, 0xC9, 0xAE, 0xB4, 0xAB, 0xDF, 0x81,
    0xB1, 0x0F, 0xAE, 0x63, 0xF5, 0x3B, 0xCC, 0x29, 0x96, 0x80, 0xE8, 0x8A, 0x5C, 0xAE, 0xDE, 0x5E,
    0xE8, 0xEB, 0xA5, 0x46, 0x7C, 0xEE, 0xDD, 0xAB, 0x70, 0xA9, 0x98, 0xF5, 0xE3, 0xEF, 0xAC, 0x06,
    0xD1, 0xC1, 0x54, 0x64, 0xD8, 0xEC, 0x10, 0x3C, 0x76, 0x0A, 0xEB, 0x2C, 0x13, 0x2D, 0x56, 0x0B,
    0xA9, 0x18, 0x92, 0xB5, 0x9C, 0x7F, 0xB1, 0xF3, 0xB0, 0xCA, 0x4D, 0x8F, 0x50, 0xE3, 0x27, 0x19,
    0x37, 0xA4, 0x4F, 0xA5, 0x8B, 0xB0, 0x7F, 0x03, 0x45, 0x77, 0xDF, 0x2F, 0x96, 0xF4, 0x95, 0x05,
    0x98, 0x39, 0x61, 0xF9, 0x5A, 0xF3, 0xFE, 0xEC, 0xD3, 0xEA, 0x99, 0xC3, 0x99, 0x29, 0x4D, 0xAD,
    0x12, 0xBE, 0x9A, 0x55, 0xD3, 0xF8, 0x9F, 0xD1, 0x70, 0x5D, 0x76, 0x3D, 0xC8, 0x28, 0x08, 0x87,
    0x0C, 0xDB, 0x4F, 0xEE, 0xEC, 0xDB, 0xDA, 0x4F, 0xB8, 0x1D, 0xB4, 0x58, 0x3F, 0xB6, 0x92, 0x50,
    0x72, 0x50, 0x3F, 0x2B, 0x62, 0x30, 0x2B, 0xB2, 0x36, 0x17, 0x4F, 0x1B, 0xCB, 0xFE, 0xBF, 0x13,
    0x9B, 0xDB, 0xD4, 0x65, 0xE0, 0x7B, 0x45, 0x12, 0x27, 0x2E, 0x4B, 0xC4, 0x53, 0xA8, 0xE2, 0x52,
    0xBA, 0x32, 0x76, 0x7D, 0x0B, 0xE7, 0xFA, 0xC2, 0xBB, 0xAF, 0xA9, 0xE9, 0x1E, 0xD2, 0xCC, 0xCA,
    0xF2, 0x3C, 0x2B, 0xD1, 0x86, 0xE2, 0xC0, 0xDB, 0x7E, 0xDC, 0x17, 0x28, 0x72, 0x32, 0x48, 0x17,
    0x8B, 0xEA, 0xD0, 0xFB, 0x2E, 0x8C, 0x1B, 0x62, 0x13, 0xFB, 0x0B, 0x38, 0xB6, 0x2E, 0x1D, 0x7A,
    0x15, 0x2E, 0xD7, 0xD6, 0xDE, 0x3D, 0x33, 0x63, 0xC5, 0x13, 0x4E, 0x79, 0x0B, 0x57, 0xCD, 0x7F,
    0x24, 0x5C, 0x35, 0x2E, 0xC7, 0x4D, 0xB8, 0xE5, 0x5E, 0x84, 0xDD, 0x69, 0x83, 0xC7, 0xAB, 0xE5,
    0xBC, 0x3D, 0xC6, 0xB6, 0xC5, 0x4D, 0x9C, 0x17, 0x95, 0xC9, 0xD6, 0xC1, 0x11, 0x0F, 0xFF, 0x95,
    0x23, 0x4F, 0x55, 0xEC, 0x99, 0xB5, 0xC3, 0x4E, 0x3D, 0xE2, 0x3E, 0xC1, 0x8A, 0x2F, 0x46, 0x2A,
    0x1A, 0x88, 0xD2, 0x8A, 0x6C, 0x0D, 0xDA, 0xDA, 0xBD, 0x60, 0x8E, 0x2D, 0x9D, 0xE6, 0x2A, 0x7E,
    0xCD, 0x3D, 0x1B, 0xEC, 0xAF, 0xE3, 0xEB, 0xD2, 0x76, 0xA6, 0xF6, 0xE9, 0xC8, 0xDF, 0x1A, 0xB7,
    0x30, 0x1C, 0x48, 0xBD, 0x08, 0x8B, 0xB3, 0xC5, 0x73, 0x20, 0x9D, 0x5C, 0xEA, 0x6F, 0x19, 0x6A,
    0x6B, 0xA5, 0x37, 0xA0, 0x7E, 0x31, 0x8B, 0x99, 0x5B, 0xCB, 0xB8, 0xAE, 0xD2, 0x73, 0x43, 0xDC,
    0x72, 0x33, 0x1C, 0x3D, 0x3C, 0xC1, 0x43, 0xD3, 0x7E, 0x4D, 0xEC, 0xD7, 0xD4, 0xF8, 0x0F, 0x1B,
    0xB7, 0x73, 0x97, 0xEF, 0x96, 0x35, 0xE1, 0xCC, 0x9A, 0x5B, 0xAC, 0x39, 0x59, 0x21, 0x40, 0xEB,
    0x5C, 0x06, 0xFE, 0xCB, 0x9B, 0xFE, 0x56, 0x22, 0x6B, 0x40, 0x5C, 0x1E, 0x5F, 0xE0, 0xF2, 0x4B,
    0x19, 0x9B, 0x52, 0xD6, 0x5E, 0x75, 0xF9, 0x65, 0x5C, 0x8E, 0x59, 0x9A, 0xDB, 0x3D, 0xB8, 0xE1,
    0x4D, 0xBB, 0xFC, 0x32, 0xAE, 0x8B, 0x03, 0xE5, 0x52, 0x09, 0x07, 0xC5, 0x42, 0x1D, 0x4C, 0x54,
    0x03, 0xC9, 0xEA, 0x67, 0xBF, 0x89, 0xA7, 0xF6, 0xE9, 0x8A, 0xB7, 0x95, 0xB6, 0xAC, 0x6C, 0xA0,
    0x86, 0xD9, 0x5C, 0x2B, 0x5B, 0x09, 0xB3, 0x4E, 0xF8, 0x5F, 0xDD, 0x3A, 0x42, 0x37, 0x44, 0xD6,
    0xDE, 0x4A, 0x7E, 0x7A, 0x5A, 0xEC, 0x11, 0x92, 0x6A, 0xDB, 0x21, 0x9B, 0x09, 0xD9, 0xBD, 0xD9,
    0x2F, 0xD1, 0x8E, 0xA2, 0x1C, 0x7E, 0x24, 0x4D, 0x83, 0x7F, 0x31, 0xC5, 0x24, 0x7D, 0xC4, 0x64,
    0xFE, 0x4D, 0x64, 0x9D, 0x78, 0x49, 0x01, 0x66, 0x27, 0x65, 0x53, 0x27, 0x58, 0x0B, 0xFF, 0x0F,
    0xD6, 0xEF, 0x4B, 0xAC, 0xF9, 0xF2, 0x1B, 0x1B, 0xFE, 0x62, 0x20, 0x1F, 0xA0, 0xAC, 0xAA, 0x09,
    0xF8, 0x79, 0xF4, 0x27, 0xEC, 0x44, 0x0F, 0xDF, 0x8C, 0x13, 0x4D, 0xCB, 0x64, 0xEB, 0x3E, 0x93,
    0x58, 0xC6, 0x95, 0xF0, 0xE0, 0x5C, 0x16, 0x8B, 0x87, 0xC8, 0xF3, 0x56, 0x8C, 0x57, 0xE5, 0x91,
    0xAE, 0x55, 0xD2, 0x69, 0xB1, 0x3D, 0xC6, 0xCB, 0xE6, 0xB2, 0xF8, 0xBA, 0x95, 0x6B, 0x9F, 0x02,
    0x7B, 0x51, 0xF5, 0x1D, 0x51, 0x6F, 0xD0, 0x0C, 0x94, 0x39, 0x4D, 0xCA, 0x6F, 0x89, 0x7F, 0x23,
    0xB1, 0xD3, 0x29, 0x1A, 0x5E, 0x46, 0xA5, 0x7C, 0xF0, 0x28, 0x02, 0x9A, 0x19, 0x66, 0x8F, 0xB0,
    0xF2, 0x61, 0x6D, 0xBF, 0xC2, 0xF2, 0x65, 0xA7, 0x11, 0x5D, 0x50, 0x63, 0x3F, 0x4E, 0xE0, 0x25,
    0x43, 0xCA, 0xB5, 0x59, 0xC9, 0xE8, 0x09, 0x9D, 0x1D, 0xD5, 0xBD, 0xCD, 0x72, 0xCE, 0xC7, 0xE6,
    0xA2, 0x1A, 0x5D, 0x7C, 0x85, 0xB3, 0x13, 0xEE, 0xA2, 0x98, 0x7A, 0x2D, 0xB3, 0x3C, 0xDD, 0x54,
    0x5C, 0xA0, 0x83, 0xBA, 0x48, 0x87, 0xF6, 0x84, 0x0E, 0xAB, 0xAF, 0xEB, 0xF0, 0x3F, 0xAD, 0x59,
    0xBF, 0x6B, 0x24, 0xC9, 0x15, 0x7E, 0xD5, 0xBD, 0x3B, 0xAD, 0x55, 0x4B, 0x6A, 0x05, 0x6B, 0x23,
    0xD0, 0x8F, 0xDE, 0xC0, 0x06, 0x61, 0x4B, 0x9A, 0x09, 0x14, 0x08, 0x33, 0xA3, 0xA9, 0x95, 0x83,
    0x05, 0xFF, 0x38, 0x6D, 0xE6, 0xC4, 0xF8, 0x0E, 0xFF, 0x03, 0x92, 0x41, 0x81, 0xC0, 0xB3, 0x3B,
    0x85, 0x13, 0x07, 0x4E, 0x64, 0x1C, 0x38, 0x31, 0x58, 0x1C, 0x8E, 0x9C, 0x58, 0xC1, 0x62, 0x86,
    0x43, 0x7B, 0xAA, 0xB3, 0xC1, 0x0B, 0x3E, 0xCC, 0xB6, 0x70, 0x70, 0xC1, 0x05, 0xD7, 0xD8, 0x67,
    0xCE, 0x81, 0xE1, 0x0A, 0xB6, 0x17, 0x66, 0xB9, 0x19, 0x95, 0xBF, 0x57, 0xDD, 0x23, 0x8D, 0xA4,
    0x91, 0x34, 0x5A, 0x69, 0xBA, 0xDF, 0x4C, 0x4F, 0x57, 0x57, 0xBD, 0xAF, 0x5E, 0x55, 0xBD, 0xF7,
    0xBD, 0x6A, 0xAA, 0x5B, 0x3A, 0xF5, 0xF1, 0x75, 0x2E, 0x61, 0x4A, 0x34, 0x6E, 0x88, 0xC6, 0x9E,
    0x11, 0xCD, 0x6F, 0x13, 0x55, 0xAA, 0x44, 0x9B, 0x8B, 0x44, 0xBB, 0x31, 0x91, 0xB5, 0x24, 0x74,
    0xA8, 0x7C, 0xE5, 0x6B, 0x9F, 0xBC, 0x24, 0x24, 0x91, 0xC6, 0x52, 0x64, 0xD6, 0xD4, 0x6D, 0xD4,
    0xD7, 0x5C, 0xD0, 0xA5, 0xC5, 0x48, 0x35, 0x7C, 0xBD, 0xED, 0x27, 0x84, 0x73, 0x23, 0x89, 0x7F,
    0x93, 0x34, 0xFC, 0x24, 0x73, 0xE7, 0xF3, 0x38, 0x2D, 0x1F, 0x76, 0xE8, 0xC1, 0x1D, 0xB4, 0x3F,
    0x03, 0x7D, 0xE6, 0x12, 0x0C, 0x59, 0x1F, 0x86, 0x1A, 0xD1, 0x4E, 0x0F, 0x43, 0xA4, 0x7C, 0x19,
    0x00, 0x83, 0x0F, 0x0C, 0x7E, 0x3A, 0x27, 0x4B, 0x0E, 0x03, 0x5A, 0x98, 0x22, 0x3D, 0xE1, 0x2B,
    0xEF, 0xE8, 0x9A, 0x60, 0xFA, 0x15, 0x4F, 0x40, 0xF1, 0x0C, 0x2B, 0xDE, 0x27, 0x5A, 0x66, 0xC5,
    0xAB, 0x44, 0xA6, 0x4C, 0x94, 0xC4, 0xD2, 0xB3, 0x16, 0x5D, 0x0F, 0x74, 0x20, 0x59, 0xB1, 0x30,
    0x07, 0xE9, 0xB7, 0x8F, 0x0A, 0xC5, 0x09, 0x91, 0xA7, 0x4F, 0x7A, 0x00, 0x45, 0x44, 0xED, 0xAB,
    0x75, 0xA7, 0x5D, 0x28, 0xE1, 0xDA, 0xA8, 0xC4, 0xE7, 0x7F, 0x50, 0x8B, 0x68, 0x16, 0x95, 0x9F,
    0x90, 0xBB, 0xE4, 0xC6, 0xBC, 0xA2, 0x2B, 0xF1, 0x91, 0xF4, 0xB2, 0x20, 0x09, 0x95, 0x97, 0x2E,
    0xC1, 0xF4, 0xC0, 0x26, 0x5B, 0xF9, 0x53, 0x94, 0x15, 0xC2, 0xD7, 0x7C, 0xAF, 0x81, 0xB2, 0x25,
    0xA2, 0x34, 0x52, 0x22, 0xE5, 0x3A, 0x54, 0x3E, 0x92, 0x0C, 0x30, 0xD4, 0x14, 0x11, 0x71, 0xAF,
    0x8A, 0x36, 0xC5, 0x91, 0x8C, 0x7E, 0x91, 0xD4, 0x84, 0x69, 0x90, 0x69, 0xBB, 0x36, 0x32, 0xD7,
    0x0A, 0x3A, 0x5F, 0xA3, 0xC9, 0x58, 0xED, 0x7A, 0x56, 0xA2, 0x2D, 0x00, 0x81, 0x69, 0x22, 0x14,
    0x54, 0xE7, 0x88, 0xDE, 0xF3, 0x4E, 0x00, 0xBD, 0x61, 0x40, 0xE2, 0x1A, 0x80, 0xE8, 0x04, 0x10,
    0x2A, 0x7C, 0x48, 0xE2, 0x13, 0x19, 0x08, 0x7D, 0x87, 0x26, 0x87, 0x45, 0xE3, 0x01, 0x89, 0x8F,
    0x41, 0xE2, 0xDF, 0xFE, 0xCF, 0x31, 0x1A, 0xEF, 0xED, 0xD0, 0xA0, 0xA0, 0x93, 0x17, 0x0F, 0x67,
    0x9B, 0x87, 0xBA, 0x84, 0x79, 0xF6, 0xA0, 0x84, 0xF1, 0x5A, 0xC0, 0xD4, 0x41, 0x99, 0xD8, 0x19,
    0x80, 0xE6, 0xED, 0x6C, 0x23, 0x48, 0xFA, 0x0F, 0xB5, 0xF8, 0x54, 0xC2, 0x42, 0x74, 0xFF, 0x5A,
    0x83, 0x85, 0xCF, 0x32, 0x66, 0xD0, 0x04, 0x16, 0x70, 0x70, 0x62, 0xA2, 0xA6, 0x7D, 0x83, 0x29,
    0x38, 0xAD, 0xFD, 0x44, 0x18, 0x4C, 0xC5, 0x7D, 0x48, 0x0D, 0xB2, 0x04, 0x89, 0xCF, 0xC8, 0x52,
    0x51, 0xD6, 0xCA, 0x9F, 0x8D, 0x55, 0xD3, 0x32, 0xD4, 0xA9, 0x2A, 0x05, 0x1D, 0xF4, 0x63, 0x7F,
    0x05, 0x90, 0x2B, 0x85, 0x38, 0xF8, 0x5E, 0xB7, 0x41, 0xF1, 0x5A, 0x07, 0x20, 0x1A, 0xC0, 0xD2,
    0x00, 0xA4, 0x06, 0x90, 0x9D, 0x48, 0x0B, 0x52, 0x45, 0x09, 0x3F, 0x53, 0xEA, 0xD6, 0x95, 0xB5,
    0x9F, 0x63, 0x26, 0x96, 0x79, 0x09, 0x27, 0x81, 0x26, 0x03, 0x69, 0x41, 0x1A, 0x90, 0x9A, 0xB5,
    0xBA, 0xC6, 0xBF, 0x85, 0x34, 0x8A, 0x32, 0xC3, 0xCF, 0x86, 0x7A, 0x83, 0xB8, 0xAE, 0xB3, 0x88,
    0x87, 0xC1, 0xF2, 0xF6, 0x73, 0xF3, 0xA1, 0xD2, 0x79, 0x2C, 0x8C, 0xE4, 0x4A, 0x2C, 0x9A, 0x6C,
    0xE7, 0xD4, 0x2C, 0x6A, 0xA2, 0x2D, 0x3F, 0x81, 0x83, 0x4B, 0x3C, 0x08, 0x46, 0x21, 0x59, 0xA6,
    0x63, 0xB1, 0xD9, 0xC9, 0x75, 0xE2, 0x56, 0xF9, 0x0E, 0x24, 0x85, 0x9D, 0x52, 0x3F, 0xF5, 0xD2,
    0x03, 0x6B, 0x53, 0x9F, 0xA1, 0x14, 0x1F, 0xF8, 0xA1, 0xE8, 0x91, 0xAE, 0x0A, 0xB3, 0x8D, 0xF1,
    0x82, 0x9F, 0xB4, 0x59, 0xDF, 0x78, 0xDD, 0x29, 0xC6, 0x4B, 0x8D, 0x60, 0x35, 0xC2, 0x11, 0xC6,
    0xE6, 0x0C, 0x06, 0xD6, 0x2F, 0x0A, 0x0C, 0xF3, 0xD0, 0xB5, 0x92, 0x0B, 0xC6, 0x22, 0xBF, 0x9E,
    0x3F, 0x83, 0x01, 0x92, 0x0A, 0x87, 0x01, 0x4D, 0x8C, 0x51, 0x12, 0x78, 0x5A, 0xF4, 0x39, 0xC2,
    0x7E, 0x30, 0x59, 0x0F, 0x4C, 0x56, 0x80, 0xB9, 0x1F, 0xAB, 0x3D, 0x06, 0x13, 0x2A, 0xAC, 0x72,
    0x76, 0x84, 0xEA, 0x12, 0x30, 0xAC, 0x7C, 0x3B, 0x17, 0x07, 0x66, 0xBB, 0x00, 0x74, 0x01, 0x98,
    0x73, 0xEB, 0x6A, 0x18, 0x24, 0xE7, 0xB5, 0xCE, 0xA0, 0xF5, 0x85, 0x42, 0xAA, 0xD0, 0xDC, 0x29,
    0xAE, 0x2F, 0x32, 0x01, 0xD6, 0x25, 0xC1, 0xAC, 0xEC, 0x64, 0x9C, 0xD4, 0xB0, 0x34, 0x62, 0x95,
    0xEB, 0xAE, 0x89, 0xD4, 0x2D, 0xA1, 0xEC, 0x58, 0x7D, 0x8B, 0x1F, 0xC2, 0x9A, 0x86, 0xEE, 0x84,
    0x42, 0x49, 0x13, 0x44, 0x0B, 0xAE, 0xDE, 0x62, 0x6E, 0x10, 0x7C, 0xB6, 0x70, 0x63, 0x0E, 0x83,
    0x14, 0xEA, 0x5B, 0x1C, 0x28, 0xE9, 0x23, 0x5C, 0x7D, 0xE6, 0x2C, 0xF4, 0x8D, 0xEB, 0x0C, 0x14,
    0xBB, 0x64, 0x8F, 0xC1, 0xA0, 0xE2, 0x22, 0x5C, 0xF2, 0x83, 0xC2, 0x25, 0x97, 0x5D, 0x8C, 0x70,
    0xAE, 0x84, 0x5D, 0xCA, 0x79, 0xB7, 0xF3, 0xAD, 0x3F, 0xB6, 0xE9, 0xEB, 0xAF, 0x5B, 0x88, 0x5E,
    0x55, 0x08, 0x5C, 0x93, 0x41, 0x8C, 0x30, 0xDE, 0x9B, 0x1F, 0x19, 0xD4, 0x75, 0x9D, 0x76, 0x2E,
    0xD9, 0x97, 0x89, 0x70, 0x2E, 0x39, 0xE8, 0xCE, 0x96, 0x1F, 0x75, 0x6B, 0x5E, 0xD2, 0x80, 0xDB,
    0x11, 0xA6, 0xE6, 0x99, 0x38, 0x48, 0x02, 0xCB, 0xA6, 0x45, 0xE3, 0x75, 0x9B, 0xC6, 0xB6, 0x3D,
    0x43, 0xFB, 0x2D, 0xAA, 0x65, 0x54, 0x6D, 0xD3, 0xF6, 0xD3, 0x52, 0x3A, 0x0D, 0x67, 0xCA, 0x78,
    0xE6, 0x43, 0xE0, 0x6B, 0x9F, 0x76, 0xD2, 0x37, 0xC5, 0xC7, 0xE3, 0x6A, 0xFC, 0xB5, 0x84, 0x0A,
    0x4F, 0xF7, 0xB6, 0xF8, 0x2E, 0x0A, 0x22, 0x37, 0xC5, 0x77, 0x6E, 0xB2, 0x0F, 0xC2, 0xA7, 0x83,
    0xA3, 0xAB, 0xF0, 0xDD, 0xDC, 0x4E, 0xF8, 0xA0, 0x6F, 0x82, 0xBD, 0xCA, 0x1E, 0x04, 0xA1, 0xC9,
    0x83, 0xC9, 0x46, 0x1C, 0xDF, 0xD8, 0x72, 0xDE, 0x72, 0x85, 0x6E, 0x64, 0x42, 0xC1, 0x1C, 0x27,
    0x60, 0x44, 0xE3, 0x98, 0x80, 0x34, 0xD9, 0xA3, 0x29, 0xB6, 0x13, 0x59, 0xCD, 0xAE, 0x9B, 0x2E,
    0xFE, 0xB2, 0x58, 0xBE, 0x97, 0x3F, 0x82, 0x55, 0xB6, 0x9F, 0x37, 0x45, 0x30, 0x00, 0x7D, 0xA5,
    0xC8, 0x57, 0xF9, 0x58, 0xC5, 0xAC, 0xA3, 0xF8, 0x3D, 0x25, 0xC0, 0x12, 0xD7, 0xBB, 0x14, 0x27,
    0x75, 0xFC, 0xBF, 0xFC, 0xB0, 0x06, 0x47, 0xC7, 0xB7, 0x1C, 0x7A, 0x6A, 0xE4, 0xBE, 0x2C, 0x3E,
    0x7D, 0x7F, 0xF3, 0x2F, 0x6B, 0xBB, 0x74, 0xF6, 0xDE, 0xE9, 0xAF, 0x30, 0xA1, 0xA7, 0xE4, 0x9A,
    0x2A, 0x15, 0xB8, 0x36, 0x7A, 0x18, 0x01, 0x3D, 0xC7, 0x95, 0xF5, 0xE1, 0x2A, 0x5F, 0x88, 0xA9,
    0x8C, 0x83, 0x71, 0x95, 0x49, 0xFD, 0xF4, 0x50, 0xE9, 0x66, 0x61, 0x4E, 0xD0, 0x4B, 0x2C, 0x74,
    0x31, 0xC4, 0x89, 0xC7, 0xF0, 0x70, 0x24, 0xD5, 0x37, 0xB5, 0xAE, 0xFC, 0x4C, 0x3D, 0x28, 0xF7,
    0xE6, 0xE0, 0x7B, 0x14, 0x18, 0x26, 0xDA, 0x17, 0x55, 0x04, 0x79, 0xEF, 0x45, 0x41, 0xDB, 0x09,
    0x99, 0xE0, 0x0E, 0x3C, 0x42, 0x6D, 0x3B, 0xB6, 0x88, 0x52, 0xD3, 0xE8, 0xEA, 0xC6, 0x20, 0xB3,
    0x76, 0x02, 0x0E, 0x9E, 0x03, 0x0F, 0xD4, 0xEE, 0x08, 0x05, 0xD6, 0xCE, 0x87, 0x12, 0xD9, 0x12,
    0xD5, 0xDD, 0xD8, 0x62, 0x96, 0xA2, 0x2D, 0x3B, 0x70, 0x90, 0xC6, 0x31, 0x0B, 0x17, 0x30, 0x0D,
    0x97, 0x26, 0xC3, 0x34, 0x54, 0x91, 0xCE, 0x03, 0xD3, 0x55, 0x28, 0x43, 0x3A, 0x18, 0x88, 0x8E,
    0x3D, 0x5A, 0x97, 0xFC, 0x4F, 0xE5, 0x3D, 0xE2, 0x76, 0x78, 0x72, 0xED, 0xBB, 0xA5, 0x30, 0xE4,
    0xB9, 0xCD, 0x6B, 0xE9, 0x69, 0x4A, 0x75, 0xE9, 0x3C, 0x25, 0x86, 0xE8, 0x0B, 0x64, 0x43, 0xF0,
    0x94, 0x0F, 0x18, 0xD5, 0x08, 0x89, 0x2E, 0xF8, 0x07, 0xBB, 0xE9, 0xCB, 0xCE, 0xAA, 0x3B, 0x57,
    0xE8, 0xE9, 0x1E, 0xD5, 0x15, 0xBA, 0x52, 0xEF, 0x44, 0x2A, 0x94, 0x91, 0x9C, 0xC0, 0xD0, 0xAD,
    0x40, 0x30, 0x1E, 0x6B, 0xA0, 0xE9, 0xDF, 0x57, 0x14, 0xBD, 0x8B, 0xDF, 0x3F, 0xE3, 0x7F, 0x92,
    0x11, 0xF2, 0x08, 0x94, 0xD5, 0x20, 0x31, 0x04, 0x87, 0x0A, 0x34, 0xD7, 0xCD, 0x13, 0x27, 0xF4,
    0x26, 0xD0, 0x79, 0x0A, 0xC2, 0xAB, 0xFC, 0x1E, 0x9B, 0x94, 0xE8, 0x00, 0x97, 0x7F, 0x82, 0x44,
    0x67, 0x65, 0x1D, 0xD3, 0xE4, 0x61, 0x0A, 0x3D, 0x92, 0xA2, 0xEF, 0xE1, 0xFF, 0x8F, 0x21, 0xE0,
    0x99, 0xD1, 0x4B, 0xC9, 0xA1, 0x07, 0xF7, 0xD3, 0x1C, 0x87, 0xC4, 0x12, 0x34, 0xF5, 0x9C, 0x0B,
    0x4C, 0x14, 0xD3, 0x3A, 0xE2, 0x05, 0x4F, 0xC7, 0xA4, 0x34, 0xE6, 0xC9, 0xE3, 0x81, 0xB3, 0xFA,
    0x92, 0x62, 0xDC, 0x8F, 0x61, 0x97, 0x18, 0x6D, 0xC5, 0x1F, 0x43, 0x90, 0xBD, 0xC4, 0x28, 0x8B,
    0xC9, 0x40, 0x8A, 0xB6, 0x26, 0x73, 0xD6, 0xCB, 0x8E, 0x29, 0x40, 0xCB, 0x77, 0x8E, 0xBD, 0x46,
    0x1E, 0x59, 0x83, 0xA1, 0x44, 0x30, 0x77, 0x84, 0x05, 0x02, 0x15, 0x62, 0x4A, 0x60, 0xE5, 0x72,
    0xBB, 0x99, 0x9F, 0x32, 0xC8, 0x69, 0x69, 0x65, 0x74, 0xE9, 0xC1, 0xD3, 0xF4, 0x86, 0xDA, 0xF8,
    0x13, 0x52, 0x6E, 0xCE, 0x40, 0xE6, 0xD7, 0x23, 0xCE, 0x1E, 0x43, 0x68, 0xE7, 0xC7, 0x23, 0x84,
    0xD8, 0x12, 0xAA, 0xD8, 0x4E, 0x0C, 0x1F, 0x12, 0x43, 0xCB, 0x1C, 0x64, 0x06, 0x32, 0x75, 0x19,
    0x12, 0xCA, 0x91, 0xF8, 0xC7, 0x48, 0x4A, 0xEB, 0x64, 0xD7, 0x65, 0xB4, 0x4E, 0xD1, 0x3B, 0x14,
    0xFD, 0x80, 0xF1, 0x5C, 0x79, 0x02, 0x40, 0xEE, 0x7E, 0xFB, 0xCE, 0xD9, 0x40, 0xD7, 0xDD, 0x39,
    0xDB, 0xBB, 0x23, 0xD0, 0x5F, 0xAC, 0xA6, 0x50, 0x47, 0x50, 0xC3, 0x6E, 0x4D, 0xF2, 0x7C, 0x3A,
    0xDB, 0xDA, 0xBB, 0x32, 0x6A, 0x6A, 0x3E, 0x71, 0x71, 0x81, 0xA2, 0x01, 0x86, 0x56, 0x14, 0x7C,
    0xAC, 0x5C, 0xEC, 0xE0, 0xB2, 0x03, 0xC8, 0x2F, 0x4F, 0x19, 0xDA, 0xEF, 0x33, 0xF4, 0x29, 0x83,
    0x3E, 0x8E, 0x4C, 0xAC, 0xAC, 0x5C, 0x3F, 0x67, 0x50, 0xCC, 0x3A, 0x5E, 0xCA, 0x3C, 0xAB, 0xFC,
    0x13, 0xEE, 0x8A, 0x9A, 0x36, 0xD6, 0xB4, 0x19, 0x19, 0xAA, 0x8C, 0xB7, 0xA9, 0x32, 0xF6, 0x1C,
    0x52, 0x87, 0x44, 0xBA, 0x32, 0x16, 0xA4, 0x95, 0x31, 0x2F, 0xAB, 0x8C, 0x51, 0x07, 0x52, 0x87,
    0xC4, 0x66, 0x0C, 0x8E, 0x72, 0x0C, 0x7E, 0x74, 0x56, 0x12, 0x7C, 0x0F, 0x21, 0xC1, 0x79, 0x5C,
    0xB4, 0x89, 0x58, 0x07, 0x56, 0xE8, 0x08, 0x65, 0xF1, 0x19, 0x45, 0xC6, 0x77, 0xD0, 0xEC, 0x52,
    0x73, 0x98, 0x70, 0xF3, 0xCA, 0xEA, 0x9B, 0x63, 0xA1, 0x62, 0x8F, 0x01, 0x58, 0x38, 0xF6, 0x8A,
    0x7C, 0x6B, 0xE0, 0xBA, 0x38, 0x4E, 0x2D, 0xE6, 0xB0, 0x58, 0xCC, 0x3D, 0xEE, 0xB9, 0x3C, 0x53,
    0x24, 0x8E, 0xC9, 0x2D, 0xDA, 0x90, 0x7D, 0x12, 0x7E, 0x0E, 0xD1, 0x66, 0x53, 0xE6, 0xBB, 0x1B,
    0x6F, 0x69, 0x43, 0x17, 0x2D, 0xEA, 0x3D, 0x12, 0x40, 0xA3, 0xE4, 0x32, 0x1D, 0x72, 0x84, 0x86,
    0xD5, 0x7C, 0x04, 0xE6, 0x53, 0x7E, 0x09, 0x6A, 0x38, 0xDD, 0x06, 0x69, 0x77, 0xC9, 0xE5, 0x10,
    0x5F, 0x75, 0xB8, 0xD1, 0x8B, 0x7B, 0xA9, 0xCE, 0xF4, 0x72, 0x95, 0x7B, 0xB9, 0x37, 0x86, 0x78,
    0x3A, 0x06, 0x06, 0x89, 0xCE, 0x70, 0x2F, 0x77, 0xF3, 0x2D, 0xA0, 0x37, 0xB0, 0xEE, 0x51, 0xAF,
    0x67, 0xE8, 0x18, 0xFA, 0x05, 0xE8, 0x03, 0x4F, 0x6B, 0x62, 0xD7, 0x0B, 0x9C, 0x73, 0x3C, 0x7D,
    0xEB, 0x5B, 0x54, 0x3E, 0x97, 0x8C, 0xD2, 0xC6, 0xE7, 0xE4, 0xA7, 0x65, 0x76, 0x16, 0x7A, 0x91,
    0x38, 0xEF, 0xA7, 0x0C, 0xBE, 0xB3, 0x05, 0x0A, 0xD8, 0xE8, 0x17, 0xBE, 0xC7, 0x65, 0x35, 0x12,
    0x29, 0x3F, 0xCB, 0x75, 0x5C, 0xDD, 0x33, 0xC9, 0xE8, 0x1A, 0x32, 0x27, 0x34, 0x80, 0x3A, 0xD5,
    0x8C, 0xD9, 0x1C, 0x13, 0x3A, 0xFC, 0xC5, 0xCD, 0x78, 0x2D, 0xF5, 0x8E, 0xF2, 0x64, 0x74, 0x17,
    0x6B, 0xA9, 0x9C, 0xDE, 0x2A, 0x0E, 0x37, 0x4C, 0x3B, 0x03, 0x12, 0xD2, 0x2B, 0x01, 0x05, 0x01,
    0x7C, 0x2C, 0x42, 0xCE, 0x1C, 0x86, 0x7E, 0x05, 0x84, 0xB5, 0x52, 0xB9, 0x1D, 0x40, 0x5B, 0x7B,
    0xF4, 0xDA, 0xD0, 0xBF, 0x12, 0xEF, 0xAF, 0xCA, 0x7F, 0x74, 0x1D, 0x40, 0x65, 0x78, 0x25, 0x0D,
    0x6A, 0x0E, 0x3E, 0x13, 0xC1, 0x5B, 0x79, 0x98, 0x93, 0x98, 0x42, 0x92, 0x59, 0x6B, 0x05, 0x71,
    0x2D, 0xD0, 0x9B, 0x20, 0xE9, 0xFC, 0x9D, 0x81, 0x3D, 0x1A, 0xFE, 0xCE, 0xAF, 0x8B, 0x52, 0xCA,
    0xF9, 0xED, 0x8E, 0xAB, 0x95, 0x72, 0x0B, 0x6E, 0x83, 0x4E, 0x23, 0x0F, 0xE1, 0x96, 0xA1, 0x82,
    0x9A, 0x2A, 0x5A, 0xFB, 0xE7, 0x21, 0x68, 0xBD, 0x95, 0x8D, 0x6D, 0x70, 0x0C, 0x00, 0x59, 0xA5,
    0x27, 0x19, 0xB8, 0x5D, 0x37, 0x63, 0xFE, 0xC0, 0x7F, 0xD1, 0x56, 0x93, 0x69, 0x84, 0x95, 0x77,
    0xA3, 0xB5, 0x2F, 0xD2, 0x05, 0x20, 0x3B, 0x48, 0x1C, 0xD1, 0xE7, 0xA4, 0x90, 0xD5, 0xF4, 0xAD,
    0xB2, 0x7C, 0xBB, 0x65, 0x03, 0xB7, 0x99, 0x34, 0xF4, 0x0E, 0xBE, 0x06, 0x0A, 0x94, 0x05, 0x1F,
    0x3D, 0x43, 0x59, 0x95, 0xDC, 0x7F, 0xCD, 0xA1, 0x28, 0x62, 0x91, 0xA1, 0xE3, 0x52, 0x5E, 0x87,
    0xEE, 0xBA, 0xA8, 0x0F, 0xD5, 0xCF, 0xDC, 0x2C, 0x2F, 0x26, 0xB8, 0x3E, 0xA8, 0x27, 0x07, 0xBF,
    0x55, 0xB1, 0xA2, 0xE3, 0x99, 0xDC, 0x7F, 0xB2, 0xF3, 0xBF, 0xA9, 0xE2, 0xB3, 0xDC, 0x06, 0x1C,
    0x83, 0xC1, 0x0C, 0xA3, 0x3B, 0x77, 0x72, 0xB8, 0x0E, 0x1C, 0x1D, 0xEA, 0x6D, 0xA1, 0x25, 0x9B,
    0x44, 0xDF, 0xD1, 0x1C, 0x55, 0x6E, 0xCF, 0x3C, 0x08, 0x0B, 0x9E, 0x0C, 0x23, 0xF2, 0x3B, 0x79,
    0x72, 0x36, 0xAC, 0x79, 0x98, 0x38, 0x20, 0x4A, 0xAE, 0x3A, 0xBB, 0xBA, 0xA0, 0x55, 0x3A, 0x92,
    0xAB, 0x7E, 0xD2, 0x12, 0x49, 0xBE, 0x4F, 0x84, 0xF6, 0x9A, 0xA8, 0x0E, 0x52, 0xC9, 0xA9, 0x44,
    0x8A, 0xB1, 0x4D, 0x28, 0x33, 0x64, 0x8C, 0x30, 0xED, 0x50, 0x4F, 0x77, 0x9D, 0xEF, 0xAE, 0x39,
    0x3A, 0x85, 0xC2, 0x5E, 0xD8, 0x0B, 0xDF, 0xD0, 0x93, 0x88, 0xB2, 0x90, 0x5B, 0xF8, 0x50, 0x52,
    0xBD, 0x4D, 0x25, 0xC4, 0xEF, 0xB2, 0xDA, 0x09, 0x75, 0x1A, 0xE8, 0x2C, 0xA6, 0x0D, 0x14, 0x4C,
    0x72, 0xB8, 0xC4, 0x6A, 0x0C, 0x1E, 0xA9, 0x9C, 0x0B, 0xB3, 0xEA, 0x20, 0x69, 0x79, 0x49, 0x26,
    0x92, 0x81, 0xAA, 0x25, 0x65, 0xA9, 0x53, 0x9D, 0x39, 0xD5, 0x88, 0x40, 0xC8, 0x9F, 0xA3, 0x05,
    0xCE, 0xF2, 0x27, 0x45, 0x4F, 0x6F, 0xEC, 0xF4, 0x8A, 0x0B, 0xF5, 0xB2, 0x96, 0xB5, 0xBC, 0x83,
    0x43, 0x69, 0xE1, 0xB4, 0xF5, 0x0F, 0xF9, 0x26, 0x0C, 0xFB, 0x49, 0xAF, 0x3D, 0x94, 0x16, 0x81,
    0xFC, 0x3E, 0x71, 0x56, 0xAD, 0x32, 0x67, 0x0F, 0x52, 0xBA, 0x8B, 0xBC, 0xE3, 0x57, 0xCC, 0xFD,
    0x8F, 0x23, 0xDD, 0x75, 0xFB, 0x8B, 0x3E, 0xCE, 0x80, 0xA1, 0x37, 0xB8, 0xD7, 0xC7, 0xFB, 0xBC,
    0xC3, 0x80, 0xE1, 0x55, 0x9D, 0xC6, 0xE4, 0x04, 0x3C, 0x6F, 0xE7, 0x7C, 0xDE, 0x3A, 0x58, 0xDC,
    0x0E, 0x17, 0xC7, 0x83, 0x7B, 0x45, 0xA4, 0x73, 0xF9, 0x76, 0xB1, 0x65, 0x51, 0x56, 0x1C, 0xFA,
    0x31, 0x7F, 0x40, 0x4A, 0xAC, 0xBD, 0x8C, 0xEC, 0x85, 0x7F, 0x73, 0x29, 0xC9, 0xE3, 0xB3, 0x76,
    0x74, 0x69, 0x57, 0x82, 0xB8, 0xF9, 0x73, 0x34, 0x5B, 0xEE, 0x5F, 0x0D, 0x36, 0x35, 0x27, 0x70,
    0x77, 0x87, 0x85, 0x8B, 0xE4, 0x35, 0x87, 0x1B, 0x39, 0x52, 0x8C, 0xD5, 0xF0, 0x0E, 0x05, 0x3F,
    0x64, 0x7C, 0xC3, 0x42, 0x44, 0xDE, 0x4B, 0xEF, 0x1F, 0x2A, 0x3A, 0xCE, 0x7C, 0xF3, 0xAD, 0x04,
    0x3C, 0xB0, 0x09, 0xA9, 0x5C, 0x21, 0x9B, 0x91, 0xA2, 0x5D, 0xB0, 0xC9, 0xC4, 0xCF, 0x7C, 0x2D,
    0x98, 0xB1, 0x96, 0xD1, 0xC9, 0xF6, 0x08, 0xF9, 0x3F, 0x99, 0x22, 0xCF, 0x3F, 0xD9, 0x5C, 0xBD,
    0x4B, 0x5F, 0x03, 0x91, 0xB5, 0x45, 0x22, 0x75, 0x81, 0x28, 0x84, 0x16, 0x7D, 0x80, 0xE5, 0xFF,
    0x7B, 0x29, 0xBA, 0x51, 0x4A, 0x67, 0xDE, 0x96, 0xDD, 0x18, 0x97, 0x35, 0xA7, 0xDA, 0x63, 0x3C,
    0xB1, 0x2C, 0x5F, 0x82, 0x27, 0x2E, 0xF0, 0xBC, 0xCC, 0xF1, 0xB8, 0xED, 0xB5, 0xD1, 0x73, 0xDB,
    0x6B, 0x37, 0xC6, 0xE5, 0xB8, 0xDA, 0x3C, 0x26, 0x06, 0xDC, 0x64, 0x53, 0xDF, 0xCC, 0x66, 0x3C,
    0x4F, 0x47, 0xE7, 0x11, 0xF9, 0xC1, 0xD0, 0xC6, 0x67, 0xF2, 0xED, 0xB6, 0xDB, 0xC2, 0xC9, 0x44,
    0xF0, 0x7D, 0xB8, 0x2D, 0x0D, 0x8C, 0x87, 0xBA, 0xE0, 0x84, 0xD7, 0xB5, 0xE5, 0x67, 0x39, 0x4E,
    0xF1, 0x17, 0xF0, 0xC0, 0x17, 0x48, 0x79, 0xD6, 0x11, 0x32, 0x10, 0x36, 0x47, 0xEE, 0xDF, 0x0E,
    0xC6, 0x71, 0xF0, 0xA8, 0x45, 0x4E, 0xF6, 0xE1, 0x87, 0x36, 0x61, 0x8B, 0x5F, 0xAB, 0xB7, 0xC6,
    0x78, 0x4D, 0x2C, 0x7B, 0xC0, 0x92, 0x02, 0x4B, 0x22, 0xDC, 0x1E, 0x14, 0x6F, 0x95, 0x2E, 0x16,
    0x24, 0xD9, 0x14, 0xF2, 0x1A, 0xF2, 0xF4, 0x18, 0x4B, 0x74, 0x1D, 0x7B, 0x71, 0x44, 0x75, 0x49,
    0xC3, 0x42, 0xB1, 0xB3, 0xBE, 0x84, 0x60, 0x12, 0x15, 0x49, 0x49, 0x6F, 0x4A, 0xF2, 0x9E, 0xF4,
    0xC9, 0xAE, 0x34, 0x5B, 0x93, 0xDF, 0x11, 0x47, 0xCC, 0x73, 0xF8, 0x55, 0x8E, 0x81, 0xAD, 0x12,
    0xDF, 0x08, 0x10, 0xB2, 0xD1, 0xB6, 0xA7, 0x3D, 0x33, 0xDE, 0x40, 0x9C, 0x37, 0x33, 0x55, 0x1F,
    0x21, 0x74, 0x7E, 0x09, 0x1A, 0x5A, 0xCB, 0x31, 0xE2, 0x77, 0x63, 0x33, 0xE2, 0x10, 0xB7, 0x1B,
    0xFE, 0x0E, 0x6A, 0x92, 0xE0, 0xBF, 0x70, 0x35, 0xDA, 0x47, 0x70, 0x8C, 0x94, 0xDB, 0xFC, 0x96,
    0xDC, 0x97, 0xC0, 0x6D, 0x74, 0x3A, 0x24, 0xFC, 0xB2, 0x8C, 0xC4, 0x27, 0xCC, 0x18, 0x28, 0xE9,
    0x5F, 0x17, 0xAF, 0xEC, 0x4B, 0xE4, 0xD9, 0x4F, 0x98, 0x04, 0x3E, 0xE1, 0x57, 0xD8, 0x5F, 0x7A,
    0xE0, 0x6F, 0x2F, 0x7D, 0xE9, 0x1F, 0xBE, 0x78, 0x44, 0xE2, 0xDF, 0xDF, 0xFD, 0x3B, 0xD1, 0x2B,
    0xEF, 0x1F, 0x44, 0x1F, 0x88, 0xFF, 0xF1, 0xAB, 0x57, 0x7E, 0xCF, 0xC9, 0xE1, 0x63, 0x8A, 0xD3,
    0x17, 0x7E, 0x05, 0xCB, 0x2F, 0x67, 0xB6, 0xD1, 0x5F, 0x75, 0xB7, 0xD7, 0x9B, 0x4E, 0x2C, 0x91,
    0xA5, 0xF2, 0x6E, 0x96, 0x1E, 0xC5, 0x54, 0x1F, 0x63, 0xDC, 0x88, 0xA9, 0x15, 0x46, 0x4B, 0x4C,
    0xE5, 0x81, 0x71, 0xC0, 0xCE, 0x8B, 0xCA, 0x9D, 0x24, 0xE7, 0x5D, 0xFC, 0xCC, 0x16, 0xA6, 0x9F,
    0x5E, 0x39, 0xC1, 0x69, 0x2C, 0x08, 0x06, 0x6F, 0x04, 0xCD, 0x80, 0x92, 0xCC, 0xA3, 0xED, 0x65,
    0xB4, 0xBD, 0x09, 0x82, 0x8B, 0x1E, 0x66, 0x78, 0xFE, 0x03, 0x9E, 0xEB, 0xD2, 0x39, 0x5B, 0x4E,
    0x1B, 0x5C, 0xF2, 0xC3, 0x39, 0xE9, 0x32, 0xE0, 0x81, 0xFC, 0x31, 0xDD, 0x77, 0xA3, 0xDA, 0xC2,
    0x02, 0xE9, 0x60, 0x51, 0x6C, 0xCD, 0xF6, 0xAD, 0x39, 0x60, 0xD6, 0x02, 0x99, 0xB5, 0x07, 0xEA,
    0x5C, 0x42, 0x84, 0x43, 0xE5, 0xF6, 0xD4, 0x50, 0x98, 0xD9, 0x81, 0x73, 0x54, 0x75, 0x44, 0x8C,
    0xA9, 0xD3, 0x36, 0xB9, 0x37, 0x10, 0x45, 0xC0, 0xC0, 0x28, 0xAC, 0x42, 0xF6, 0x29, 0x3D, 0xCE,
    0x95, 0x75, 0x1E, 0x14, 0x6A, 0x27, 0x9B, 0x3D, 0xEE, 0xB6, 0x12, 0x98, 0x51, 0xBE, 0xE6, 0xBD,
    0xD3, 0x7D, 0x3C, 0xC4, 0x5C, 0x9A, 0x77, 0x80, 0x6A, 0xAE, 0xC5, 0xD4, 0xED, 0x5D, 0x15, 0x8D,
    0xEA, 0x34, 0x54, 0x88, 0x3F, 0xDA, 0xD1, 0x1B, 0xD4, 0xC7, 0x28, 0x84, 0x4C, 0xA5, 0x4C, 0x55,
    0x98, 0x96, 0x30, 0x16, 0x1E, 0x74, 0xA9, 0x48, 0x06, 0x97, 0xFA, 0xA9, 0xAE, 0x75, 0xFC, 0xD8,
    0x80, 0x66, 0x1B, 0x9E, 0x1C, 0xFC, 0xDA, 0x9A, 0x41, 0x73, 0x47, 0x56, 0xF3, 0x3D, 0x02, 0xE6,
    0x68, 0x7C, 0x3B, 0xD4, 0x42, 0x72, 0x4E, 0x50, 0xC7, 0x03, 0xCF, 0x7B, 0x60, 0xCE, 0xED, 0xDF,
    0xE3, 0x66, 0xE6, 0x2B, 0x13, 0x52, 0x3A, 0xEB, 0xE6, 0x98, 0x61, 0xBF, 0x86, 0x16, 0x23, 0xB9,
    0x57, 0x27, 0xF3, 0x9C, 0x1C, 0x12, 0xDE, 0x08, 0x7F, 0xA8, 0x49, 0x7C, 0x89, 0x8B, 0xE7, 0xA7,
    0xD1, 0xDC, 0xC8, 0x34, 0xA0, 0x2B, 0x25, 0x9A, 0x98, 0xA1, 0x20, 0x73, 0xBC, 0x7E, 0x78, 0xD3,
    0xF0, 0xBB, 0x29, 0x2D, 0x5E, 0x24, 0x58, 0x54, 0x81, 0xE2, 0x75, 0x32, 0xE4, 0xBE, 0xD0, 0xFF,
    0x01, 0xB5, 0x55, 0xBB, 0x8E, 0x23, 0x45, 0x14, 0x3D, 0x55, 0x0D, 0x6E, 0x96, 0xB6, 0xA7, 0x09,
    0x10, 0x12, 0x9A, 0x47, 0x13, 0x0C, 0xD2, 0x0A, 0xB1, 0x63, 0x07, 0x1B, 0x38, 0xB0, 0xB7, 0x4B,
    0x93, 0xF0, 0x09, 0xA4, 0x9B, 0x13, 0xCC, 0x04, 0x08, 0x4D, 0x60, 0x70, 0x7F, 0xC2, 0x48, 0x48,
    0x84, 0x88, 0x98, 0x4D, 0x1C, 0x10, 0x38, 0x60, 0x99, 0x92, 0x56, 0x22, 0xA5, 0xF8, 0x82, 0x29,
    0x24, 0x3E, 0xA0, 0x24, 0x1A, 0xA9, 0x57, 0xB2, 0x5D, 0x9C, 0xDB, 0xB6, 0xD6, 0xCB, 0xAE, 0xBC,
    0xB3, 0x62, 0x99, 0xEE, 0x3A, 0xA5, 0x7E, 0xDC, 0xBA, 0x75, 0x1F, 0xA7, 0xEE, 0x05, 0x30, 0x04,
    0x30, 0x21, 0x46, 0x2D, 0xCE, 0xFE, 0xBC, 0x9F, 0xF8, 0xFE, 0x2C, 0x37, 0x89, 0xBD, 0x07, 0x15,
    0xF8, 0xA3, 0x9E, 0x03, 0xF3, 0x9A, 0x32, 0xCF, 0x43, 0xBE, 0xC9, 0xBF, 0x31, 0x94, 0x17, 0x59,
    0xAE, 0x01, 0xD7, 0x52, 0xC5, 0x1E, 0x50, 0x00, 0xB9, 0x5E, 0xED, 0xE5, 0xA7, 0xCD, 0x48, 0x56,
    0x73, 0xC1, 0xA8, 0xC6, 0xB8, 0x1D, 0x23, 0xBE, 0xF2, 0x63, 0x71, 0xEA, 0xF5, 0xCA, 0x50, 0x1A,
    0x32, 0x69, 0xCF, 0x49, 0x05, 0x79, 0x95, 0x27, 0xB8, 0xB8, 0xC8, 0x22, 0x72, 0x83, 0x73, 0x99,
    0x06, 0xAF, 0x39, 0x51, 0xB8, 0xC2, 0x0F, 0xC8, 0x2C, 0x1C, 0x92, 0x3A, 0xB1, 0x50, 0x31, 0x52,
    0x59, 0xBF, 0xC1, 0x46, 0x71, 0xBB, 0x83, 0xC0, 0x7D, 0x61, 0x1E, 0x99, 0x33, 0x33, 0xE5, 0xAA,
    0x62, 0x37, 0xEC, 0x15, 0xD2, 0x78, 0x6D, 0xD4, 0x32, 0x6F, 0x8D, 0xC2, 0xF0, 0x80, 0xCE, 0xCD,
    0x00, 0x6A, 0x7E, 0x76, 0xC9, 0xB3, 0x20, 0xA3, 0x48, 0x8F, 0xAA, 0xBB, 0x8C, 0xCD, 0xDD, 0x0B,
    0x60, 0xC0, 0x60, 0x9E, 0x8F, 0x81, 0x4B, 0x86, 0x82, 0x56, 0x28, 0x9B, 0x57, 0x89, 0x49, 0x6D,
    0x82, 0xC4, 0x65, 0x48, 0xFC, 0x91, 0xE9, 0xD4, 0x31, 0x94, 0xF1, 0x2D, 0x98, 0xBD, 0xC4, 0x24,
    0xDF, 0x43, 0x2D, 0x80, 0x87, 0x1B, 0x9D, 0xE9, 0x12, 0xF7, 0xF2, 0x6A, 0x92, 0xD8, 0x8B, 0x84,
    0x8E, 0x38, 0x9C, 0xB9, 0xE2, 0x5B, 0x37, 0x49, 0x5C, 0xDD, 0x8E, 0xC7, 0x85, 0xEF, 0xFF, 0x4E,
    0xE9, 0xD9, 0xDD, 0x93, 0x90, 0xB5, 0x96, 0x30, 0x58, 0x36, 0xDD, 0x71, 0x67, 0x36, 0x8A, 0xE6,
    0xDE, 0x70, 0x58, 0x6C, 0xA4, 0x95, 0xED, 0xDB, 0xFD, 0x97, 0xE4, 0xCA, 0x05, 0xAA, 0x77, 0x80,
    0x8B, 0x9F, 0x98, 0x3C, 0x07, 0x74, 0xCC, 0xD6, 0x45, 0x26, 0x55, 0x92, 0xFB, 0x5F, 0x09, 0x41,
    0x17, 0x53, 0x5D, 0xE9, 0x6B, 0x60, 0x09, 0x1C, 0x6F, 0x74, 0xEA, 0x15, 0xF2, 0x53, 0x77, 0x03,
    0x39, 0x8E, 0x3B, 0x8C, 0xF7, 0xA7, 0x8C, 0x07, 0xD5, 0xAB, 0xCB, 0x67, 0xF6, 0xC4, 0x45, 0x1E,
    0x25, 0xDB, 0x92, 0xF6, 0x1B, 0x70, 0x2E, 0x84, 0x10, 0x3E, 0x08, 0x1D, 0x5A, 0x36, 0xB4, 0x64,
    0x78, 0x8F, 0x0C, 0x60, 0x1E, 0xBF, 0x62, 0x3C, 0xFA, 0x74, 0xF4, 0xCE, 0xD6, 0xD7, 0x2B, 0x23,
    0xB4, 0xEB, 0xEF, 0xE6, 0x44, 0xF5, 0x02, 0x2F, 0xCA, 0xB8, 0x5E, 0x28, 0xB6, 0x4E, 0xB8, 0xE3,
    0x30, 0xC3, 0xF3, 0xD7, 0x1B, 0xDB, 0x1A, 0xC3, 0xBF, 0xF4, 0x69, 0x3B, 0x23, 0x23, 0x6A, 0xE8,
    0xEA, 0xE1, 0x0B, 0x36, 0xDF, 0xC4, 0xE3, 0xDF, 0x36, 0x3C, 0x3E, 0xD8, 0x1C, 0x76, 0x7F, 0x7B,
    0x36, 0x8B, 0x6E, 0x4D, 0xBB, 0x49, 0x5D, 0x64, 0x8C, 0x6F, 0xEF, 0x55, 0x76, 0xE7, 0xBB, 0x61,
    0xA7, 0x6B, 0xBB, 0x57, 0xB4, 0xFB, 0xF8, 0xED, 0x2D, 0x17, 0x3E, 0xFE, 0xEE, 0x56, 0xEC, 0x56,
    0xD5, 0x47, 0xC0, 0x1F, 0xB4, 0xB9, 0xAC, 0x80, 0x0F, 0xDF, 0x34, 0xDE, 0xD7, 0x46, 0x4B, 0xBC,
    0x8F, 0xB8, 0x80, 0x1B, 0x42, 0xBB, 0xDB, 0x8B, 0x37, 0xA9, 0x0C, 0x9E, 0x5B, 0xB0, 0xEC, 0xB4,
    0xE9, 0xBD, 0xF3, 0x3F, 0xD8, 0x7D, 0xAC, 0x81, 0xA3, 0xC3, 0x97, 0xCE, 0x1E, 0xFA, 0x2B, 0xA3,
    0xEB, 0xD4, 0xD3, 0x0E, 0x7F, 0xC2, 0x44, 0xB3, 0xCA, 0x19, 0x1E, 0x7C, 0x48, 0xD6, 0xEB, 0x16,
    0x9F, 0xFC, 0xD8, 0xE0, 0x83, 0xBF, 0xE7, 0x2C, 0x14, 0x23, 0xE2, 0x84, 0xC8, 0x2B, 0x15, 0xF4,
    0xD3, 0xCF, 0x03, 0xD7, 0xB6, 0x15, 0x13, 0x95, 0x7A, 0x62, 0xB0, 0x5A, 0xF7, 0x9B, 0x75, 0xBD,
    0x3B, 0xEC, 0x7F, 0xB6, 0x1C, 0x6B, 0x37, 0x61, 0x75, 0x51, 0x61, 0xAC, 0x43, 0x91, 0xBA, 0x34,
    0x8A, 0x2F, 0x14, 0x29, 0xA3, 0x2F, 0x62, 0x73, 0x80, 0x9F, 0xE7, 0x6D, 0x85, 0x68, 0x70, 0xF1,
    0x4D, 0xC7, 0xEF, 0xB3, 0x3C, 0x48, 0xDB, 0x7A, 0x20, 0xE1, 0x65, 0xBA, 0x94, 0xDB, 0x86, 0xD3,
    0xE4, 0xB1, 0xB0, 0x0C, 0x55, 0xC0, 0xA0, 0xD7, 0x60, 0xD0, 0x7D, 0x4C, 0x94, 0x44, 0x6E, 0x07,
    0xDD, 0xD4, 0x0F, 0xBA, 0xBA, 0x1E, 0x74, 0xB1, 0x20, 0x4A, 0xA2, 0x08, 0x5D, 0xA4, 0x84, 0x0E,
    0x87, 0x06, 0x81, 0xA7, 0x6D, 0x80, 0x4D, 0xB6, 0xDA, 0x46, 0x21, 0x7B, 0xF4, 0xB6, 0xDE, 0xBF,
    0x9B, 0xD5, 0xB8, 0x9A, 0x2E, 0x31, 0x75, 0x25, 0x7B, 0xDC, 0xAB, 0xEF, 0xF8, 0x57, 0xB4, 0x9D,
    0x95, 0x79, 0x90, 0xBA, 0xB9, 0x76, 0xB5, 0x72, 0x0C, 0x11, 0x2B, 0xF1, 0xB4, 0x42, 0xB1, 0x84,
    0x8E, 0x16, 0x85, 0xE7, 0xA6, 0x06, 0xB5, 0x47, 0x08, 0x2A, 0xD4, 0x99, 0xDD, 0x5F, 0x6E, 0xFA,
    0x94, 0xB4, 0x29, 0xE6, 0xF4, 0x12, 0xCA, 0x20, 0x7B, 0x8A, 0xAF, 0x0B, 0xD4, 0x19, 0x1A, 0x85,
    0x5F, 0x0C, 0xCA, 0x06, 0x1D, 0xC9, 0x7A, 0x75, 0x99, 0x59, 0x9F, 0xDA, 0xBA, 0xC0, 0x59, 0xB3,
    0xE6, 0xA9, 0x9C, 0x36, 0x46, 0x41, 0x59, 0x68, 0xE9, 0x38, 0xD1, 0x87, 0x02, 0xDE, 0x13, 0xAE,
    0x60, 0x4F, 0x64, 0x17, 0x7A, 0x2D, 0xB0, 0x64, 0x27, 0xD2, 0x30, 0xB0, 0xEE, 0xE3, 0xED, 0xB7,
    0x6C, 0x4D, 0x29, 0xBC, 0x0F, 0x51, 0x9D, 0x1A, 0x19, 0x3C, 0xD6, 0xB1, 0x6D, 0xD0, 0xBB, 0x46,
    0xF6, 0x2B, 0xF4, 0xDA, 0x9F, 0x59, 0xCB, 0x8C, 0x2F, 0xE5, 0x41, 0x55, 0xF8, 0x07, 0xFB, 0xC0,
    0xF0, 0x83, 0xC1, 0x96, 0x81, 0x9B, 0x81, 0xC9, 0x81, 0xF9, 0x00, 0xF7, 0x01, 0x79, 0x06, 0x0B,
    0x86, 0x04, 0x06, 0x20, 0xEB, 0x81, 0xDC, 0x16, 0x13, 0x99, 0x00, 0x56, 0xEE, 0x86, 0x06, 0x95,
    0x87, 0x0D, 0x06, 0xF6, 0x0C, 0x40, 0xF0, 0xFF, 0x03, 0x88, 0x9C, 0xC0, 0x66, 0x22, 0x23, 0xFF,
    0x85, 0x81, 0x61, 0xC7, 0x9F, 0x1D, 0x09, 0x9C, 0x5F, 0xE4, 0x37, 0xF0, 0x31, 0xD8, 0x4A, 0x33,
    0x73, 0x32, 0xE8, 0x31, 0x2C, 0x6A, 0x38, 0x70, 0xE0, 0xE2, 0x01, 0x90, 0x4A, 0x3E, 0x19, 0x3D,
    0x1B, 0x9B, 0x8A, 0x82, 0x07, 0x13, 0x0E, 0x80, 0x34, 0x18, 0xF0, 0xE8, 0x58, 0xF0, 0x7F, 0x60,
    0xBF, 0x20, 0x2B, 0xCF, 0xC7, 0xAB, 0x81, 0xD0, 0xA6, 0x63, 0x2B, 0x2B, 0xA3, 0x20, 0xC0, 0xA0,
    0xC2, 0x20, 0xC7, 0xC0, 0xDC, 0xC0, 0xDE, 0xB0, 0x0F, 0xA8, 0x52, 0x82, 0xA1, 0x80, 0xE1, 0x03,
    0x10, 0xEE, 0x77, 0x60, 0x60, 0xF8, 0x00, 0x02, 0x08, 0xDB, 0x40, 0x76, 0x03, 0x00, 0xB5, 0x98,
    0xBF, 0x4F, 0x1C, 0x47, 0x14, 0xC7, 0xDF, 0xEE, 0x60, 0x2F, 0x78, 0x81, 0xA5, 0x88, 0x12, 0x0A,
    0xCC, 0x52, 0x50, 0x10, 0xC9, 0xF6, 0x5D, 0x24, 0x8A, 0x2B, 0xC0, 0x8C, 0x49, 0x81, 0x52, 0x25,
    0x7F, 0x41, 0xE4, 0xDE, 0x91, 0xA0, 0xA0, 0xB8, 0x02, 0x9B, 0xB1, 0x1C, 0xC5, 0x45, 0x8A, 0x10,
    0xE5, 0x0F, 0xC8, 0x29, 0x6D, 0x1A, 0x0A, 0x0A, 0x14, 0xD9, 0x61, 0x94, 0x22, 0x96, 0xE2, 0x22,
    0x6B, 0xE5, 0x0F, 0xC8, 0x14, 0x56, 0xCA, 0xF8, 0x22, 0xAD, 0xA2, 0x93, 0x72, 0xB0, 0xF9, 0xBE,
    0xD9, 0xB9, 0x5F, 0xE6, 0x8E, 0xBB, 0x83, 0xF5, 0x1E, 0x8F, 0xBB, 0xDB, 0xDB, 0x7D, 0xF3, 0x99,
    0x37, 0xEF, 0xBD, 0x79, 0x6F, 0x49, 0x68, 0xA2, 0x00, 0x12, 0x1A, 0xA2, 0x99, 0x3A, 0xD1, 0x7C,
    0x4A, 0xB4, 0x7C, 0x4C, 0x54, 0x5E, 0x23, 0xDA, 0x59, 0x27, 0x4A, 0x62, 0xA2, 0x2C, 0x23, 0x5F,
    0x47, 0x4A, 0xC8, 0x40, 0x0B, 0x12, 0x49, 0x48, 0xC2, 0x2C, 0xCA, 0xEB, 0x69, 0x56, 0xDF, 0xC8,
    0xA8, 0x75, 0x84, 0x8A, 0x28, 0xD2, 0xF6, 0xDD, 0xCB, 0x24, 0x85, 0x1F, 0x1B, 0x8A, 0xA9, 0x4E,
    0x8B, 0x04, 0x7D, 0x2C, 0xDB, 0x29, 0x85, 0x49, 0x4A, 0x0F, 0xF1, 0xB9, 0x01, 0xE1, 0xD7, 0xF3,
    0xB0, 0x41, 0x71, 0xBA, 0xDF, 0x56, 0x41, 0x18, 0x96, 0x9A, 0xEE, 0x9D, 0x0F, 0x66, 0xF3, 0xC1,
    0x44, 0x65, 0x88, 0xCE, 0xCF, 0xF9, 0x78, 0x17, 0x60, 0x0D, 0x70, 0x7E, 0x0A, 0x32, 0x5D, 0x05,
    0x33, 0x58, 0x57, 0xC1, 0x5A, 0x5E, 0x24, 0xAA, 0x45, 0xCC, 0x2B, 0x3D, 0x1D, 0x2A, 0x5F, 0x0A,
    0xCB, 0x1B, 0x90, 0xDF, 0xC3, 0x0B, 0x9A, 0x3D, 0xDC, 0x88, 0x79, 0xBA, 0x71, 0x82, 0x53, 0xBA,
    0x1D, 0xA9, 0x3D, 0xA1, 0xAB, 0x22, 0xC1, 0xF5, 0xB4, 0x9D, 0xC4, 0xDF, 0x25, 0x7B, 0x22, 0x49,
    0xED, 0xDF, 0xF3, 0xD8, 0x94, 0x5E, 0x31, 0x96, 0xC4, 0xE8, 0x86, 0xC4, 0x0B, 0x45, 0x11, 0x06,
    0xBE, 0x85, 0x41, 0xE7, 0xAE, 0x75, 0x40, 0x45, 0x97, 0x11, 0xA7, 0x31, 0xC4, 0x4A, 0xB5, 0x63,
    0xC4, 0x83, 0xDC, 0x88, 0xDE, 0x40, 0x23, 0x4E, 0x10, 0xE1, 0x52, 0xDC, 0x61, 0x28, 0x55, 0xC1,
    0xDF, 0x34, 0xE3, 0xA9, 0xD1, 0xB8, 0x1A, 0x9E, 0xB3, 0xBD, 0xFF, 0x07, 0x8F, 0xEF, 0xB8, 0x96,
    0x26, 0x46, 0xE3, 0xAA, 0x5D, 0xCC, 0xB5, 0x4B, 0xD6, 0x52, 0x58, 0x44, 0xE8, 0xC7, 0xE5, 0xDE,
    0x7F, 0x8A, 0x84, 0xBC, 0x6F, 0x55, 0x77, 0x2F, 0xF2, 0xCD, 0xD6, 0x22, 0x97, 0x52, 0x0A, 0x4C,
    0x8A, 0x73, 0x29, 0xAD, 0x3B, 0x29, 0x6D, 0x35, 0x28, 0x6C, 0x2F, 0x72, 0x04, 0x1B, 0x5E, 0xD7,
    0x60, 0xD2, 0x14, 0xFD, 0x5B, 0xB0, 0x0D, 0xC1, 0x98, 0xE0, 0x52, 0xCC, 0x9E, 0xD2, 0xCF, 0xC6,
    0xB1, 0x21, 0x20, 0x37, 0x89, 0xBE, 0x3D, 0x75, 0x1C, 0x50, 0xB2, 0x78, 0x04, 0x2D, 0x53, 0x85,
    0x70, 0x85, 0xC9, 0xC1, 0xF2, 0xBE, 0x72, 0xD3, 0x87, 0x79, 0xC6, 0xE0, 0x6A, 0x92, 0xE0, 0xA0,
    0x32, 0x6E, 0x4D, 0x27, 0x3B, 0x3C, 0x05, 0x07, 0x2C, 0xF1, 0x42, 0x63, 0xFA, 0xE2, 0xA5, 0xA4,
    0x59, 0xCF, 0xC0, 0x1B, 0xE7, 0xCE, 0xAD, 0xF1, 0xE5, 0x03, 0x99, 0x75, 0xF1, 0x00, 0x60, 0xF5,
    0x30, 0xDE, 0x47, 0xB0, 0x6B, 0xE5, 0x16, 0xC6, 0x86, 0x2E, 0x4F, 0x16, 0xB3, 0xF6, 0xB3, 0xD6,
    0x47, 0x2B, 0x34, 0xB9, 0xA4, 0x67, 0xB7, 0x94, 0x38, 0x23, 0x37, 0x81, 0x11, 0xCD, 0xCC, 0xD1,
    0x32, 0xC3, 0x26, 0x61, 0x14, 0x20, 0x95, 0x3F, 0x19, 0x1F, 0x71, 0x48, 0x28, 0x41, 0x2D, 0xDF,
    0x9D, 0x5C, 0x16, 0xD1, 0x97, 0x79, 0xDA, 0xE3, 0x54, 0xB8, 0xF4, 0x0A, 0x43, 0x83, 0x37, 0x4C,
    0x3B, 0x16, 0x2F, 0x26, 0x2D, 0x7E, 0x41, 0xB4, 0x00, 0x42, 0x35, 0x2B, 0x94, 0x7F, 0xD6, 0x51,
    0x3E, 0x12, 0x61, 0x77, 0x0C, 0x95, 0xE1, 0xAB, 0x2B, 0x0B, 0x79, 0x3E, 0x22, 0x2A, 0x30, 0x8E,
    0x26, 0x48, 0xCE, 0xF8, 0xD6, 0x7A, 0x63, 0xB1, 0x71, 0x3E, 0xEC, 0xC7, 0x53, 0x74, 0x1C, 0xE1,
    0x98, 0xC7, 0x0A, 0x71, 0x0C, 0xF9, 0x99, 0xA4, 0xEE, 0xA3, 0x88, 0x58, 0xDA, 0xCF, 0x32, 0x2D,
    0x12, 0x1F, 0xE2, 0x41, 0x48, 0x8A, 0xA4, 0x02, 0xAA, 0x6A, 0x2E, 0x59, 0xC3, 0x7D, 0xAE, 0xD8,
    0x14, 0x06, 0x39, 0x80, 0x18, 0x2B, 0xC6, 0x33, 0x27, 0x59, 0x66, 0xFA, 0x31, 0x63, 0x9D, 0xA3,
    0x2D, 0xBD, 0xE6, 0xD5, 0xAB, 0x54, 0x6F, 0x78, 0x69, 0x96, 0xA5, 0xA9, 0x45, 0x7B, 0x46, 0x48,
    0xDF, 0xEF, 0xC5, 0xEA, 0xB0, 0x33, 0x91, 0x63, 0x0B, 0xE2, 0x36, 0xE7, 0x20, 0x71, 0x7B, 0x33,
    0x12, 0xAE, 0x97, 0x4F, 0xFD, 0x3C, 0xDE, 0x3C, 0xB5, 0xC5, 0xE2, 0xAD, 0xB8, 0xEF, 0x83, 0xF1,
    0x8E, 0xAC, 0x13, 0x62, 0x6F, 0x5E, 0x71, 0x01, 0xD2, 0xCD, 0x97, 0x0E, 0xE2, 0x7B, 0xE8, 0x13,
    0xBD, 0x78, 0x8A, 0x20, 0x69, 0xB6, 0xA7, 0x78, 0x1E, 0x66, 0xC5, 0xD9, 0xA6, 0xE2, 0x60, 0x2A,
    0x0E, 0xA8, 0x3F, 0x8C, 0x48, 0x96, 0x66, 0x76, 0x0F, 0x26, 0x23, 0xD5, 0x09, 0xB1, 0x51, 0x48,
    0xF2, 0x2A, 0x01, 0x9E, 0xF8, 0x54, 0x52, 0x8C, 0x19, 0x55, 0xE1, 0x4D, 0x72, 0xA2, 0x10, 0x22,
    0x5B, 0x25, 0xDC, 0xB6, 0x85, 0xC2, 0x21, 0x55, 0x95, 0xFF, 0x86, 0x6E, 0x70, 0x3E, 0x1D, 0x89,
    0x8B, 0x09, 0x22, 0x5E, 0xB5, 0x27, 0x98, 0x4F, 0xC1, 0x5C, 0x73, 0xCC, 0xC3, 0xB5, 0x0B, 0x02,
    0xEC, 0x5A, 0x95, 0xC6, 0xE2, 0xEA, 0x54, 0x05, 0x08, 0x45, 0xF1, 0x58, 0x53, 0xFC, 0xD7, 0x10,
    0xB6, 0x65, 0x30, 0xAC, 0xE6, 0x92, 0xA5, 0x9D, 0xCF, 0x03, 0x6D, 0x26, 0xC9, 0x4B, 0x9D, 0x4F,
    0x55, 0x77, 0xFD, 0x37, 0xF2, 0x02, 0xB6, 0x86, 0x63, 0x9B, 0x88, 0x55, 0x8D, 0xD9, 0x1E, 0xC1,
    0xAB, 0x7E, 0x75, 0x1E, 0x15, 0xE2, 0xAE, 0xBB, 0x70, 0xCE, 0x83, 0xC9, 0x42, 0x6C, 0x16, 0x98,
    0xFB, 0xD3, 0x25, 0x57, 0xD1, 0xD2, 0xB8, 0x36, 0x0B, 0x64, 0xBE, 0x86, 0xBB, 0xD5, 0x0B, 0xEC,
    0x74, 0xF5, 0xCC, 0x40, 0xAB, 0x1C, 0xEF, 0xFE, 0x4B, 0x0A, 0x7C, 0x3D, 0xC1, 0x6E, 0x7D, 0xB9,
    0x5C, 0x11, 0x48, 0x14, 0x7C, 0x1A, 0xA6, 0xA4, 0xAC, 0x19, 0xEA, 0x60, 0xC0, 0x2B, 0xD4, 0x19,
    0xAE, 0x2F, 0xD1, 0x07, 0xB8, 0x36, 0xB0, 0x93, 0x0A, 0xE9, 0x84, 0xB6, 0x91, 0x2E, 0x7B, 0x5F,
    0x59, 0x7D, 0xB8, 0x16, 0xA6, 0x8F, 0xB0, 0xD1, 0xDD, 0xA1, 0x0D, 0xBA, 0x93, 0x27, 0x5F, 0x68,
    0xCE, 0x20, 0xE7, 0xB5, 0xF1, 0xAF, 0xEE, 0xBA, 0xED, 0xD7, 0x48, 0xEF, 0x25, 0x38, 0xA3, 0xD0,
    0xB7, 0xC9, 0xAB, 0xA3, 0xF0, 0x4D, 0xC1, 0x7F, 0xCC, 0xDD, 0x42, 0xB7, 0xF0, 0x39, 0xFE, 0x6D,
    0x9D, 0x3C, 0xC3, 0xD7, 0xF2, 0x3D, 0x7C, 0xEF, 0xA0, 0xE4, 0xBA, 0x99, 0xAC, 0xB1, 0x22, 0xDC,
    0xBB, 0x86, 0x8A, 0xD8, 0xFE, 0xAD, 0xE1, 0x2B, 0x4E, 0xC6, 0x9B, 0xC6, 0x3F, 0x3B, 0x67, 0xB0,
    0x1B, 0x94, 0xDF, 0xCE, 0x0D, 0x8F, 0x70, 0xBF, 0x16, 0x80, 0x96, 0xF6, 0x4B, 0xAC, 0xC3, 0xD9,
    0xE0, 0x95, 0x1E, 0x76, 0xCA, 0xE8, 0x37, 0x2C, 0x0E, 0x8C, 0x75, 0x04, 0x97, 0x53, 0x93, 0x05,
    0x41, 0xB5, 0xD3, 0xD9, 0xCE, 0xDB, 0xE9, 0x6C, 0x18, 0x17, 0x32, 0x0D, 0xC5, 0xE8, 0x7C, 0xFC,
    0x4F, 0xB5, 0xE3, 0xAA, 0x14, 0xC6, 0x75, 0x51, 0x3A, 0x1B, 0x6E, 0x2F, 0x6E, 0x1A, 0xB0, 0x67,
    0x78, 0xB8, 0x25, 0xFC, 0x45, 0x51, 0x09, 0x4D, 0xCE, 0x11, 0x66, 0xA8, 0xA6, 0x0A, 0xB2, 0x99,
    0xEC, 0xAC, 0x64, 0x75, 0xB5, 0x27, 0x9D, 0x0D, 0x65, 0xFB, 0xF9, 0x3A, 0xF9, 0x5F, 0xB9, 0x74,
    0xD6, 0x4A, 0x21, 0xC7, 0x18, 0x49, 0x2D, 0x14, 0xC2, 0xC6, 0x29, 0x6D, 0x7B, 0x40, 0x4A, 0x1B,
    0xCA, 0xE6, 0x39, 0xA7, 0x2F, 0x99, 0x82, 0x7D, 0xAC, 0x7F, 0xB3, 0x83, 0xB4, 0xF6, 0x3B, 0x85,
    0xDD, 0x69, 0x6D, 0xDC, 0x28, 0x45, 0xB3, 0x61, 0x37, 0x0C, 0x61, 0x2A, 0xA0, 0xDB, 0x83, 0x2F,
    0x63, 0x95, 0x21, 0xDB, 0x66, 0x55, 0x98, 0x3B, 0x3B, 0x0C, 0xB1, 0x7E, 0x19, 0x60, 0x44, 0x3C,
    0xDC, 0x27, 0xB6, 0xFA, 0x6B, 0x68, 0x6B, 0xF0, 0x29, 0xF2, 0xCF, 0x66, 0xA3, 0xCD, 0xC6, 0x10,
    0x3E, 0xF8, 0x2C, 0xE7, 0x61, 0x24, 0xB9, 0x0A, 0xF6, 0x52, 0xE8, 0x96, 0x85, 0x00, 0xE5, 0x7D,
    0x8B, 0x67, 0xAC, 0xD9, 0x16, 0xC6, 0x01, 0xE2, 0x63, 0xD6, 0xED, 0x9C, 0xA4, 0x2B, 0xE4, 0xAB,
    0x3D, 0x2C, 0xB3, 0x83, 0x7A, 0x0D, 0xA8, 0xD2, 0xE1, 0xA5, 0x97, 0xB5, 0x2B, 0x0A, 0x68, 0x79,
    0x1C, 0xA8, 0x67, 0x3E, 0xF9, 0x5F, 0x6F, 0xCD, 0x09, 0xAF, 0xB9, 0xE7, 0x9E, 0x6D, 0xB0, 0x85,
    0x2A, 0x57, 0xB1, 0x50, 0x90, 0xCC, 0x71, 0xA1, 0x18, 0x7F, 0x99, 0x63, 0x58, 0x92, 0x99, 0x51,
    0xCC, 0x53, 0x69, 0x13, 0x14, 0x61, 0x92, 0xBE, 0xED, 0xC8, 0xB8, 0xEB, 0xD5, 0x71, 0xF0, 0xAC,
    0x19, 0x65, 0x28, 0xCB, 0x60, 0x15, 0x2A, 0x0F, 0x91, 0x1D, 0x38, 0x6C, 0x0D, 0xAB, 0x9C, 0x88,
    0x54, 0x68, 0x0F, 0x2D, 0x13, 0x95, 0x1A, 0x5D, 0x8D, 0x29, 0x5C, 0x47, 0xD4, 0xF3, 0x77, 0x1C,
    0x27, 0x32, 0x43, 0xBC, 0x70, 0x44, 0xC7, 0xFD, 0x45, 0x41, 0xF4, 0x09, 0x05, 0xD9, 0x9F, 0xD2,
    0x3B, 0x8D, 0xCC, 0xA0, 0x36, 0xCB, 0x56, 0x32, 0xDE, 0xA1, 0x7B, 0x36, 0x98, 0x9F, 0xBB, 0x32,
    0xF3, 0xBC, 0x2D, 0x06, 0x90, 0x1D, 0x59, 0x3F, 0x59, 0xEF, 0x6A, 0x1D, 0x27, 0x9B, 0xE3, 0x72,
    0xB3, 0xEF, 0xD3, 0x5D, 0x76, 0xD5, 0x06, 0x3F, 0x35, 0x54, 0x9E, 0xAD, 0x35, 0xEC, 0x84, 0x12,
    0xD4, 0x30, 0xAC, 0x0E, 0x1B, 0x1F, 0xF3, 0x8C, 0xF8, 0x6F, 0x87, 0x33, 0x43, 0x8D, 0xE3, 0x09,
    0xED, 0x45, 0xCA, 0x51, 0xC9, 0xDC, 0xCE, 0xD8, 0xC6, 0x59, 0x5A, 0xB3, 0x0B, 0x1A, 0x5A, 0xB0,
    0xA3, 0xB1, 0x24, 0x0F, 0xE4, 0x8F, 0x72, 0x5B, 0xEE, 0x0F, 0x26, 0x97, 0x2D, 0xF2, 0xEF, 0x73,
    0xF2, 0x9B, 0xAC, 0x2F, 0x96, 0x20, 0x0F, 0x34, 0xEB, 0x3C, 0x7C, 0xA7, 0xE4, 0xC6, 0x71, 0x72,
    0x24, 0xDC, 0xC4, 0xB7, 0xE0, 0x32, 0xE4, 0xDD, 0xBE, 0xE2, 0xDB, 0x4D, 0xA7, 0xCE, 0x86, 0x2F,
    0x33, 0x7E, 0xAD, 0x17, 0x3F, 0x2A, 0xD8, 0xF0, 0x64, 0x8B, 0x18, 0x0E, 0x33, 0xB8, 0x8C, 0xC1,
    0x9E, 0x57, 0xC7, 0x5E, 0x90, 0xE3, 0xDF, 0x03, 0xFE, 0xBD, 0x93, 0xD1, 0xF1, 0x4B, 0xEC, 0xC7,
    0x3F, 0xBC, 0x7A, 0x6C, 0x48, 0xEF, 0xE7, 0xD0, 0xF5, 0xB6, 0xCD, 0x65, 0x91, 0xD0, 0x8D, 0x49,
    0x12, 0x9F, 0xCF, 0x93, 0x2F, 0xFE, 0x69, 0x59, 0xDF, 0x5C, 0xA3, 0xF7, 0x75, 0x1E, 0x9B, 0x17,
    0xC0, 0xAA, 0x52, 0xAF, 0xA7, 0xE4, 0xF5, 0x48, 0x1E, 0xDA, 0xEF, 0xD6, 0xBD, 0x7B, 0xD2, 0x89,
    0xCD, 0x27, 0xAD, 0x84, 0x62, 0xDC, 0xD0, 0xCE, 0x63, 0x1E, 0x5C, 0xC2, 0x63, 0xDE, 0xCA, 0x2E,
    0x73, 0xCE, 0x1B, 0x4B, 0x94, 0x3F, 0x20, 0x22, 0xE9, 0xB2, 0xCB, 0x46, 0x33, 0x96, 0x42, 0x85,
    0x4A, 0x20, 0xCC, 0x6E, 0x60, 0x7C, 0xA4, 0x87, 0x14, 0xD5, 0xF4, 0x33, 0x64, 0xA0, 0xF5, 0x1A,
    0xAE, 0xD7, 0xB6, 0xF4, 0xB3, 0xDD, 0x6C, 0x8F, 0x28, 0xB4, 0x60, 0xCD, 0x9C, 0x90, 0x27, 0xB3,
    0xEE, 0x7A, 0x71, 0xBF, 0xF3, 0x80, 0x08, 0x5D, 0x8D, 0x8E, 0x91, 0x31, 0x22, 0x54, 0xB6, 0xA1,
    0x46, 0xDB, 0xA8, 0x57, 0xA1, 0x7F, 0x07, 0x33, 0x03, 0x62, 0x0A, 0xBD, 0x3F, 0x41, 0x36, 0x64,
    0xCE, 0xB4, 0xE8, 0x32, 0x13, 0x97, 0x6D, 0x68, 0xD1, 0xAA, 0x48, 0x82, 0x19, 0x7E, 0x7E, 0xD4,
    0x62, 0x54, 0x60, 0xB4, 0x8F, 0xAB, 0xC0, 0x58, 0x1F, 0x93, 0xB1, 0x8F, 0x3D, 0xF6, 0xD3, 0x4C,
    0x47, 0x6A, 0x16, 0x5C, 0xD3, 0xE0, 0x5A, 0x40, 0xC5, 0xB3, 0x0C, 0x2E, 0xE8, 0x4B, 0xEF, 0x63,
    0xA3, 0x38, 0xC0, 0xDE, 0xC5, 0x6C, 0x2A, 0x0F, 0x01, 0x9E, 0xD7, 0x94, 0xE3, 0x43, 0x36, 0xFD,
    0xB0, 0x7C, 0x4C, 0x27, 0x49, 0x93, 0x4A, 0xF2, 0xB8, 0x93, 0xB5, 0xDF, 0x7A, 0x6A, 0x74, 0x65,
    0xBB, 0xF2, 0x78, 0xB1, 0xCA, 0x1F, 0x2E, 0x73, 0xD3, 0x14, 0x50, 0xE1, 0x76, 0xA5, 0xE7, 0x9E,
    0xF4, 0x9E, 0x3E, 0x21, 0xE1, 0x9D, 0x76, 0x74, 0x5F, 0x95, 0xFB, 0x78, 0x92, 0xFC, 0x6F, 0x60,
    0x53, 0x3F, 0xED, 0xF1, 0xF0, 0xA2, 0x98, 0xFF, 0x07, 0x6D, 0x51, 0x3D, 0x6E, 0xDB, 0x30, 0x14,
    0xFE, 0x28, 0x16, 0x21, 0x52, 0xD9, 0x50, 0xE7, 0xC0, 0xB1, 0xD7, 0x2E, 0x95, 0x34, 0x78, 0xE8,
    0xA0, 0x5A, 0xDA, 0xBA, 0xF6, 0x08, 0x39, 0x41, 0xE1, 0x41, 0x43, 0x06, 0x1B, 0xD1, 0xDE, 0xC5,
    0x47, 0xE8, 0x11, 0x3C, 0x0A, 0x29, 0x50, 0xF3, 0x08, 0x3A, 0x02, 0x87, 0x1C, 0x80, 0x83, 0x06,
    0x0D, 0x6C, 0xD8, 0xF7, 0x48, 0x1B, 0x81, 0x8B, 0x12, 0xEF, 0xF1, 0x7B, 0x7A, 0xFF, 0x9F, 0xE8,
    0x2D, 0xE0, 0x59, 0xBD, 0xC3, 0xDB, 0xED, 0xD9, 0x75, 0x65, 0xE1, 0x7E, 0x6B, 0x26, 0xD7, 0xE7,
    0x75, 0x91, 0xCE, 0x5B, 0x9C, 0x81, 0xDD, 0xAA, 0xD9, 0x2E, 0x60, 0x3E, 0x63, 0xDA, 0xC0, 0xD5,
    0xE8, 0x73, 0xE4, 0x69, 0x57, 0x67, 0xBA, 0x48, 0x75, 0x9A, 0xE8, 0xB9, 0x6C, 0xDA, 0x7B, 0x4E,
    0xFB, 0xAF, 0x13, 0x47, 0x60, 0x04, 0x6C, 0x30, 0x8E, 0xF0, 0xBF, 0xDC, 0xEB, 0xF3, 0xC4, 0xB6,
    0x0D, 0xFE, 0xF1, 0x12, 0xBD, 0x24, 0xB0, 0x3C, 0x04, 0xF9, 0xF0, 0x6F, 0xED, 0x2B, 0xD7, 0xBA,
    0xAB, 0xDA, 0x10, 0xFA, 0xFD, 0x3C, 0x51, 0xE8, 0x5C, 0x1B, 0x43, 0x47, 0x14, 0xDD, 0xC9, 0x78,
    0xEB, 0xED, 0xC9, 0x14, 0xDD, 0x5E, 0x8C, 0x5E, 0x3A, 0xBA, 0xF7, 0x6A, 0xD8, 0xFB, 0xCC, 0x7A,
    0xC6, 0x74, 0x80, 0xE0, 0xFD, 0xAA, 0x1E, 0x8A, 0xB1, 0xAF, 0x30, 0x67, 0x1C, 0xBF, 0xE0, 0xE3,
    0x19, 0xB7, 0x67, 0xD4, 0x31, 0x2E, 0xBF, 0x1A, 0xF1, 0x87, 0xF2, 0x6F, 0x96, 0x95, 0xFA, 0xD1,
    0xAC, 0xCC, 0xAC, 0xCA, 0x33, 0x49, 0xB1, 0x75, 0xB5, 0x0A, 0xF8, 0x73, 0xB7, 0x5A, 0x49, 0xEA,
    0xAA, 0x23, 0x4A, 0x44, 0xFF, 0x2D, 0x62, 0xDE, 0x02, 0xA1, 0x0E, 0x25, 0x94, 0xA5, 0x3E, 0x18,
    0x70, 0x75, 0xEC, 0x68, 0xAD, 0x19, 0x74, 0x63, 0x1F, 0xC7, 0x9D, 0xDD, 0xD9, 0x47, 0xD3, 0x0E,
    0x5B, 0xFD, 0xD0, 0x70, 0xE8, 0x20, 0x75, 0x86, 0x1D, 0xF1, 0x9A, 0xF0, 0x09, 0x69, 0x23, 0x34,
    0xBE, 0xD1, 0x34, 0x54, 0xC8, 0x20, 0x07, 0x61, 0x13, 0xAB, 0xBA, 0x25, 0xD6, 0xE4, 0xEC, 0x13,
    0xE3, 0xA4, 0x8D, 0x42, 0x36, 0x49, 0x2B, 0x06, 0x92, 0x12, 0x3A, 0x4A, 0x1C, 0x15, 0xD3, 0xE8,
    0x8E, 0x9F, 0x49, 0x07, 0x5A, 0x16, 0x81, 0x3E, 0x53, 0x67, 0xDA, 0x94, 0x99, 0xD0, 0x6C, 0xFE,
    0x33, 0x33, 0xD2, 0x35, 0x78, 0x20, 0x51, 0x8B, 0x99, 0xEF, 0x49, 0x17, 0xA4, 0x25, 0xC2, 0x33,
    0xC5, 0xB3, 0x41, 0x76, 0xC0, 0x93, 0xC9, 0x26, 0xDC, 0x4D, 0x37, 0x27, 0x10, 0x6F, 0xEA, 0xA0,
    0xB8, 0x26, 0x5C, 0x4B, 0xA8, 0x4E, 0x39, 0xE1, 0x51, 0x1C, 0xD4, 0x0B, 0x55, 0x2B, 0xEE, 0x4C,
    0xCD, 0xDE, 0xC5, 0x67, 0xB8, 0x9C, 0x1C, 0x69, 0x87, 0x1A, 0x99, 0x8E, 0xD6, 0x06, 0x89, 0x79,
    0x32, 0xD2, 0xDE, 0xD1, 0xC2, 0xB8, 0x25, 0x95, 0xB4, 0xB5, 0x22, 0xFD, 0x2E, 0x86, 0x6C, 0x12,
    0x43, 0xDE, 0x40, 0xD3, 0x26, 0x7A, 0x86, 0x0B, 0x39, 0x6E, 0x91, 0x98, 0x1A, 0xD2, 0x32, 0xF6,
    0xF4, 0x10, 0x4E, 0x39, 0x38, 0x71, 0x82, 0x23, 0xA6, 0x3D, 0xE5, 0xF5, 0xB4, 0x4E, 0x4B, 0xCD,
    0x5B, 0x78, 0x94, 0xC9, 0x0B, 0x4A, 0xDA, 0xAE, 0x7C, 0x2B, 0xE7, 0xDF, 0x03, 0x1E, 0xC7, 0xF8,
    0x17, 0x6D, 0x53, 0x31, 0x6B, 0x14, 0x41, 0x14, 0xFE, 0x76, 0x2F, 0x66, 0x4C, 0x76, 0xC9, 0x4B,
    0x21, 0x12, 0x30, 0xB0, 0x8D, 0x45, 0x8A, 0x64, 0x77, 0x3D, 0x2C, 0x6F, 0x2F, 0xC3, 0x29, 0x51,
    0x50, 0xF0, 0x07, 0x58, 0xDA, 0xD9, 0xC4, 0x22, 0x45, 0x8A, 0x85, 0xDC, 0x4F, 0x08, 0xD8, 0x8B,
    0x62, 0x97, 0x22, 0x1C, 0x78, 0xC5, 0x15, 0x27, 0x37, 0x5A, 0x1C, 0x0A, 0x16, 0x9B, 0x5E, 0x70,
    0x4D, 0x6B, 0xE1, 0x14, 0x23, 0x9E, 0x70, 0xEC, 0xF8, 0x66, 0xEE, 0x8A, 0x80, 0x2E, 0xDF, 0x1B,
    0xDE, 0xBC, 0x79, 0x6F, 0xDE, 0xBC, 0xEF, 0xBD, 0xC5, 0xF5, 0x3E, 0xB6, 0x14, 0x76, 0x54, 0x60,
    0x4D, 0xF4, 0x6B, 0x9E, 0xBC, 0x39, 0xEF, 0xDE, 0x79, 0x55, 0xB6, 0xE5, 0xB8, 0x2D, 0x67, 0xCF,
    0x60, 0x18, 0x2F, 0x1D, 0x46, 0x53, 0x94, 0x53, 0x14, 0x9F, 0x77, 0x92, 0x4F, 0xA5, 0xF8, 0x6A,
    0x02, 0xDB, 0x0F, 0x1F, 0x23, 0x7C, 0x88, 0x60, 0x05, 0x98, 0x48, 0x71, 0xA1, 0x49, 0x9A, 0x04,
    0xA3, 0x04, 0x20, 0xC0, 0x5A, 0x25, 0x24, 0x5A, 0x7D, 0xA7, 0xF0, 0x2A, 0xBC, 0x71, 0x97, 0x1D,
    0xED, 0xDC, 0x32, 0xEE, 0x59, 0x95, 0xA8, 0x23, 0x50, 0x95, 0x83, 0x74, 0x8E, 0x0D, 0x93, 0x23,
    0x9E, 0xE7, 0xEC, 0x6C, 0xD5, 0x76, 0xF7, 0x05, 0xE2, 0x34, 0x67, 0x4F, 0xD6, 0xA3, 0x01, 0xE2,
    0x96, 0x46, 0x1C, 0xB2, 0x04, 0x1A, 0xDB, 0xD0, 0xB0, 0x7A, 0x00, 0xDB, 0xC8, 0x68, 0x5A, 0x0B,
    0x35, 0x14, 0xAA, 0xE4, 0x18, 0x5E, 0x85, 0x3A, 0x16, 0x4A, 0x8B, 0x8F, 0x95, 0x68, 0xA4, 0x50,
    0xB8, 0x0A, 0x3B, 0x87, 0x55, 0xFB, 0xAA, 0x8B, 0x75, 0xA4, 0x6B, 0x6B, 0xC8, 0xD6, 0x63, 0x24,
    0x1B, 0x2C, 0x14, 0x83, 0x68, 0x0B, 0xF4, 0xF4, 0xB6, 0xCB, 0x8B, 0xE8, 0xED, 0x11, 0xC4, 0xE5,
    0x00, 0xAD, 0xCB, 0x1A, 0xAD, 0xEF, 0x2C, 0x55, 0x85, 0x50, 0x29, 0x04, 0x2C, 0xB8, 0xD9, 0xC7,
    0x89, 0xBB, 0x6C, 0xDF, 0x6A, 0x5E, 0xA3, 0x1F, 0xAA, 0x9B, 0xA8, 0xB1, 0x50, 0x33, 0xA1, 0x8C,
    0xC7, 0x48, 0xA8, 0x82, 0x54, 0xF2, 0x5B, 0xC3, 0x7F, 0x5C, 0x22, 0x0E, 0xEB, 0xD0, 0x94, 0x11,
    0x9B, 0xB1, 0x92, 0x7A, 0x3E, 0x0A, 0x60, 0x01, 0xD6, 0xD9, 0xE2, 0x78, 0x92, 0x7B, 0x1C, 0x17,
    0x9A, 0x63, 0x1C, 0x56, 0x27, 0xD6, 0xCA, 0x61, 0x22, 0xFA, 0x83, 0xA4, 0xE5, 0xC5, 0x9D, 0x23,
    0xB9, 0xC1, 0x62, 0x1C, 0xBD, 0x10, 0x3F, 0xDD, 0x7E, 0x08, 0x64, 0xA7, 0x68, 0x59, 0x60, 0xD5,
    0x9F, 0xB3, 0x64, 0xE0, 0x3D, 0xD3, 0xD2, 0xF0, 0x7D, 0x0F, 0x6A, 0xBE, 0xD3, 0xF8, 0x72, 0x48,
    0x96, 0x5E, 0x16, 0xBA, 0x01, 0xF5, 0x2A, 0x90, 0xF3, 0x91, 0xFF, 0x0A, 0xBF, 0x16, 0xE0, 0x2E,
    0xC6, 0x1E, 0x93, 0x4A, 0x54, 0xDC, 0xC8, 0x61, 0x81, 0xA3, 0x12, 0x9B, 0x23, 0xC0, 0x2C, 0xB0,
    0x7E, 0x66, 0xAE, 0xFD, 0x99, 0xC1, 0x94, 0x30, 0x1D, 0x98, 0x0C, 0x26, 0xBA, 0x70, 0x43, 0xB0,
    0x8C, 0x5A, 0x41, 0x60, 0x25, 0x89, 0x3A, 0x0D, 0xF4, 0x9E, 0x73, 0xD7, 0x08, 0x6B, 0x47, 0x43,
    0xE1, 0x54, 0x56, 0xB8, 0xE2, 0x0E, 0x50, 0xBA, 0x6B, 0x75, 0xD6, 0xAB, 0x57, 0x1B, 0x89, 0x4D,
    0x20, 0x77, 0x08, 0x1A, 0xD0, 0x3B, 0x95, 0xB6, 0x75, 0x27, 0xAF, 0x8F, 0x73, 0x8C, 0x72, 0x98,
    0x2B, 0x98, 0x79, 0x0B, 0x1F, 0xA5, 0xED, 0x9A, 0xDD, 0xC2, 0x66, 0x19, 0xC5, 0xE1, 0xAE, 0xB6,
    0x25, 0xDF, 0xB6, 0x2E, 0x93, 0xAA, 0x24, 0x55, 0x12, 0xE7, 0xF8, 0x2F, 0xC8, 0x2A, 0xEF, 0xA9,
    0x31, 0x06, 0xBA, 0x38, 0x9B, 0xBC, 0x66, 0x20, 0x75, 0x47, 0xCF, 0x0D, 0x26, 0xDC, 0x68, 0xED,
    0xEB, 0x2C, 0xFD, 0x43, 0x0B, 0x4F, 0x2C, 0xB9, 0x7E, 0x72, 0x11, 0xD4, 0x77, 0x3C, 0x51, 0x0F,
    0x74, 0x08, 0x32, 0xC8, 0x78, 0xAC, 0x1F, 0xE1, 0xC9, 0x7B, 0x9E, 0x5F, 0x9C, 0xC8, 0xDD, 0x6F,
    0xB2, 0x20, 0xD9, 0x21, 0x79, 0x97, 0x0E, 0xAA, 0xA8, 0xE1, 0x14, 0xA7, 0xD1, 0x07, 0x9E, 0x8C,
    0x42, 0xA8, 0x4C, 0xA8, 0xC4, 0xAF, 0xAC, 0xCF, 0xD8, 0xBE, 0x1C, 0x48, 0xAB, 0x17, 0xCA, 0xAD,
    0xCA, 0x53, 0x7F, 0x1F, 0xF8, 0xE2, 0xC0, 0x53, 0x4D, 0x07, 0xFC, 0x17, 0xCD, 0xB8, 0x6F, 0x1E,
    0x43, 0xEA, 0xD5, 0xC4, 0xAC, 0x1E, 0xD4, 0x24, 0x47, 0x3E, 0xC5, 0x22, 0xD1, 0x98, 0xDD, 0xD8,
    0x79, 0x11, 0xC5, 0xF8, 0x0B, 0x9D, 0x90, 0xB1, 0x0D, 0xC2, 0x30, 0x10, 0x45, 0xBF, 0x63, 0x41,
    0x8A, 0x14, 0x1E, 0xC1, 0x23, 0x30, 0x81, 0x63, 0x8F, 0xC0, 0x06, 0x6C, 0x41, 0x43, 0x11, 0x0F,
    0x45, 0x41, 0x87, 0x3B, 0x0A, 0x1A, 0x2B, 0x13, 0x78, 0x04, 0x4B, 0x50, 0x50, 0x24, 0x3A, 0xCE,
    0x8E, 0x44, 0x1B, 0xE0, 0xA4, 0xFB, 0xE7, 0xC6, 0xBA, 0x77, 0x0F, 0x28, 0x35, 0xC4, 0x21, 0x88,
    0xDB, 0x78, 0x8F, 0xD2, 0xB7, 0x0E, 0xAD, 0x57, 0x40, 0xE7, 0x38, 0x54, 0x09, 0x22, 0x9A, 0xF8,
    0xA5, 0xF1, 0x7D, 0xF8, 0x1D, 0x7F, 0xCB, 0x94, 0x81, 0xED, 0x0C, 0xF4, 0x07, 0x8F, 0x73, 0x17,
    0x90, 0x1B, 0xD7, 0x24, 0x40, 0xC6, 0xA5, 0x2D, 0x51, 0x90, 0xB1, 0x5D, 0xEF, 0xD4, 0x05, 0x3B,
    0xD9, 0x09, 0x9B, 0x3D, 0x70, 0x22, 0x88, 0x78, 0x85, 0x0C, 0x9A, 0x31, 0x35, 0x53, 0xEA, 0xBA,
    0x92, 0x68, 0x99, 0xAB, 0xCD, 0x64, 0x0B, 0x58, 0x2D, 0xFD, 0xD4, 0xCC, 0x77, 0x7C, 0x5D, 0x2C,
    0x90, 0x45, 0x52, 0x10, 0xA9, 0x90, 0x35, 0x51, 0x86, 0xC2, 0x58, 0x92, 0x29, 0x89, 0x5C, 0xE1,
    0x50, 0xBF, 0x27, 0x93, 0x2B, 0x5F, 0xD8, 0x3F, 0x1B, 0xD9, 0xF4, 0x0C, 0x56, 0x3D, 0xCE, 0x60,
    0xD7, 0xDE, 0x54, 0xD9, 0xA6, 0xDA, 0x36, 0x55, 0xB7, 0xA9, 0xBE, 0x4D, 0xA5, 0xFD, 0x23, 0xF9,
    0xBE, 0xBE, 0x5C, 0xF8, 0xA0, 0xF0, 0x06,
};

static const EpdGlyph sourceserif4_12_regularGlyphs[] = {
    { 0, 0, 93, 0, 0, 0, 0 }, // U+0020
    { 3, 16, 116, 2, 16, 12, 0 }, // !
    { 7, 8, 142, 1, 18, 14, 12 }, // "
    { 12, 16, 210, 1, 16, 48, 26 }, // #
    { 11, 22, 200, 1, 19, 61, 74 }, // $
    { 20, 18, 352, 1, 16, 90, 135 }, // %
    { 16, 16, 288, 1, 16, 64, 225 }, // &
    { 3, 8, 73, 1, 18, 6, 289 }, // '
    { 7, 24, 136, 2, 19, 42, 295 }, // (
    { 7, 24, 136, 0, 19, 42, 337 }, // )
    { 12, 10, 176, 0, 18, 30, 379 }, // *
    { 12, 13, 212, 1, 15, 39, 409 }, // +
    { 5, 8, 120, 0, 3, 10, 448 }, // ,
    { 6, 2, 125, 1, 7, 3, 458 }, // -
    { 4, 3, 120, 2, 3, 3, 461 }, // .
    { 9, 22, 132, 0, 18, 50, 464 }, // /
    { 11, 16, 201, 1, 16, 44, 514 }, // 0
    { 8, 17, 170, 2, 17, 34, 558 }, // 1
    { 11, 16, 203, 0, 16, 44, 592 }, // 2
    { 11, 16, 201, 1, 16, 44, 636 }, // 3
    { 12, 16, 199, 1, 16, 48, 680 }, // 4
    { 11, 17, 203, 1, 17, 47, 728 }, // 5
    { 11, 17, 204, 1, 17, 47, 775 }, // 6
    { 10, 16, 192, 1, 16, 40, 822 }, // 7
    { 11, 16, 204, 1, 16, 44, 862 }, // 8
    { 11, 18, 208, 1, 16, 50, 906 }, // 9
    { 4, 12, 120, 2, 12, 12, 956 }, // :
    { 5, 17, 120, 0, 12, 22, 968 }, // ;
    { 11, 14, 212, 1, 15, 39, 990 }, // <
    { 12, 7, 212, 1, 12, 21, 1029 }, // =
    { 11, 14, 212, 1, 15, 39, 1050 }, // >
    { 8, 18, 166, 1, 18, 36, 1089 }, // ?
    { 19, 20, 334, 1, 16, 95, 1125 }, // @
    { 16, 16, 266, 1, 16, 64, 1220 }, // A
    { 14, 16, 252, 1, 16, 56, 1284 }, // B
    { 14, 16, 252, 1, 16, 56, 1340 }, // C
    { 16, 16, 284, 1, 16, 64, 1396 }, // D
    { 14, 16, 241, 1, 16, 56, 1460 }, // E
    { 13, 16, 232, 1, 16, 52, 1516 }, // F
    { 16, 16, 273, 1, 16, 64, 1568 }, // G
    { 17, 16, 315, 1, 16, 68, 1632 }, // H
    { 7, 16, 148, 1, 16, 28, 1700 }, // I
    { 9, 20, 150, -1, 16, 45, 1728 }, // J
    { 15, 16, 267, 1, 16, 60, 1773 }, // K
    { 13, 16, 238, 1, 16, 52, 1833 }, // L
    { 20, 16, 361, 1, 16, 80, 1885 }, // M
    { 16, 16, 294, 1, 16, 64, 1965 }, // N
    { 15, 16, 283, 1, 16, 60, 2029 }, // O
    { 13, 16, 236, 1, 16, 52, 2089 }, // P
    { 15, 23, 283, 1, 16, 87, 2141 }, // Q
    { 15, 16, 260, 1, 16, 60, 2228 }, // R
    { 11, 16, 205, 1, 16, 44, 2288 }, // S
    { 14, 16, 242, 1, 16, 56, 2332 }, // T
    { 16, 16, 291, 1, 16, 64, 2388 }, // U
    { 16, 16, 270, 1, 16, 64, 2452 }, // V
    { 24, 16, 385, 1, 16, 96, 2516 }, // W
    { 15, 16, 259, 1, 16, 60, 2612 }, // X
    { 15, 16, 253, 1, 16, 60, 2672 }, // Y
    { 13, 16, 220, 1, 16, 52, 2732 }, // Z
    { 6, 22, 128, 3, 18, 33, 2784 }, // [
    { 9, 22, 132, 0, 18, 50, 2817 }, // <backslash>
    { 6, 22, 128, 1, 18, 33, 2867 }, // ]
    { 10, 7, 212, 2, 12, 18, 2900 }, // ^
    { 13, 2, 205, 0, 0, 7, 2918 }, // _
    { 5, 5, 160, 2, 19, 7, 2925 }, // `
    { 12, 12, 204, 1, 12, 36, 2932 }, // a
    { 13, 19, 231, 1, 19, 62, 2968 }, // b
    { 11, 12, 195, 1, 12, 33, 3030 }, // c
    { 13, 19, 227, 1, 19, 62, 3063 }, // d
    { 11, 12, 204, 1, 12, 33, 3125 }, // e
    { 10, 19, 142, 1, 19, 48, 3158 }, // f
    { 12, 18, 207, 1, 12, 54, 3206 }, // g
    { 14, 19, 240, 1, 19, 67, 3260 }, // h
    { 6, 18, 119, 1, 18, 27, 3327 }, // i
    { 7, 24, 111, -2, 18, 42, 3354 }, // j
    { 13, 19, 219, 1, 19, 62, 3396 }, // k
    { 6, 19, 119, 1, 19, 29, 3458 }, // l
    { 21, 12, 360, 1, 12, 63, 3487 }, // m
    { 13, 12, 242, 1, 12, 39, 3550 }, // n
    { 12, 12, 220, 1, 12, 36, 3589 }, // o
    { 13, 18, 233, 1, 12, 59, 3625 }, // p
    { 13, 18, 223, 1, 12, 59, 3684 }, // q
    { 10, 12, 169, 1, 12, 30, 3743 }, // r
    { 9, 12, 174, 1, 12, 27, 3773 }, // s
    { 9, 16, 130, 1, 16, 36, 3800 }, // t
    { 14, 13, 233, 0, 13, 46, 3836 }, // u
    { 13, 12, 202, 0, 12, 39, 3882 }, // v
    { 19, 12, 306, 0, 12, 57, 3921 }, // w
    { 13, 12, 210, 1, 12, 39, 3978 }, // x
    { 13, 18, 205, 0, 12, 59, 4017 }, // y
    { 10, 12, 182, 1, 12, 30, 4076 }, // z
    { 7, 22, 138, 1, 18, 39, 4106 }, // {
    { 2, 25, 116, 2, 19, 13, 4145 }, // |
    { 8, 22, 138, 0, 18, 44, 4158 }, // }
    { 11, 5, 212, 1, 11, 14, 4202 }, // ~
    { 0, 0, 93, 0, 0, 0, 0 }, // U+00A0
    { 3, 17, 116, 2, 12, 13, 0 }, // U+00A1
    { 11, 18, 200, 1, 16, 50, 13 }, // U+00A2
    { 11, 16, 200, 1, 16, 44, 63 }, // U+00A3
    { 11, 11, 201, 1, 14, 31, 107 }, // U+00A4
    { 13, 16, 200, 0, 16, 52, 138 }, // U+00A5
    { 2, 25, 116, 2, 19, 13, 190 }, // U+00A6
    { 11, 20, 196, 1, 16, 55, 203 }, // U+00A7
    { 8, 3, 160, 1, 18, 6, 258 }, // U+00A8
    { 18, 17, 302, 0, 17, 77, 264 }, // U+00A9
    { 9, 8, 140, 1, 19, 18, 341 }, // U+00AA
    { 11, 11, 195, 1, 12, 31, 359 }, // U+00AB
    { 13, 6, 212, 0, 10, 20, 390 }, // U+00AC
    { 6, 2, 125, 1, 7, 3, 410 }, // U+00AD
    { 10, 11, 184, 1, 18, 28, 413 }, // U+00AE
    { 6, 2, 160, 2, 16, 3, 441 }, // U+00AF
    { 6, 7, 131, 1, 17, 11, 444 }, // U+00B0
    { 12, 14, 212, 1, 14, 42, 455 }, // U+00B1
    { 8, 10, 148, 0, 21, 20, 497 }, // U+00B2
    { 7, 10, 148, 1, 21, 18, 517 }, // U+00B3
    { 5, 5, 160, 3, 19, 7, 535 }, // U+00B4
    { 13, 18, 228, 1, 13, 59, 542 }, // U+00B5
    { 13, 20, 239, 1, 16, 65, 601 }, // U+00B6
    { 4, 4, 120, 2, 10, 4, 666 }, // U+00B7
    { 5, 6, 160, 2, 1, 8, 670 }, // U+00B8
    { 7, 11, 148, 1, 22, 20, 678 }, // U+00B9
    { 8, 8, 151, 1, 19, 16, 698 }, // U+00BA
    { 11, 11, 195, 0, 12, 31, 714 }, // U+00BB
    { 19, 18, 340, 1, 17, 86, 745 }, // U+00BC
    { 20, 18, 352, 1, 17, 90, 831 }, // U+00BD
    { 19, 18, 340, 1, 17, 86, 921 }, // U+00BE
    { 8, 18, 166, 1, 12, 36, 1007 }, // U+00BF
    { 16, 22, 266, 1, 22, 88, 1043 }, // U+00C0
    { 16, 22, 266, 1, 22, 88, 1131 }, // U+00C1
    { 16, 21, 266, 1, 21, 84, 1219 }, // U+00C2
    { 16, 21, 266, 1, 21, 84, 1303 }, // U+00C3
    { 17, 21, 266, 1, 21, 90, 1387 }, // U+00C4
    { 16, 22, 266, 1, 22, 88, 1477 }, // U+00C5
    { 22, 16, 368, 1, 16, 88, 1565 }, // U+00C6
    { 14, 22, 252, 1, 16, 77, 1653 }, // U+00C7
    { 14, 22, 241, 1, 22, 77, 1730 }, // U+00C8
    { 14, 22, 241, 1, 22, 77, 1807 }, // U+00C9
    { 14, 21, 241, 1, 21, 74, 1884 }, // U+00CA
    { 14, 21, 241, 1, 21, 74, 1958 }, // U+00CB
    { 7, 22, 148, 1, 22, 39, 2032 }, // U+00CC
    { 7, 22, 148, 1, 22, 39, 2071 }, // U+00CD
    { 9, 21, 148, 0, 21, 48, 2110 }, // U+00CE
    { 8, 21, 148, 1, 21, 42, 2158 }, // U+00CF
    { 16, 16, 284, 1, 16, 64, 2200 }, // U+00D0
    { 16, 21, 294, 1, 21, 84, 2264 }, // U+00D1
    { 15, 22, 283, 1, 22, 83, 2348 }, // U+00D2
    { 15, 22, 283, 1, 22, 83, 2431 }, // U+00D3
    { 15, 22, 283, 1, 22, 83, 2514 }, // U+00D4
    { 15, 21, 283, 1, 21, 79, 2597 }, // U+00D5
    { 15, 22, 283, 1, 22, 83, 2676 }, // U+00D6
    { 12, 12, 212, 1, 14, 36, 2759 }, // U+00D7
    { 16, 18, 283, 1, 17, 72, 2795 }, // U+00D8
    { 16, 22, 291, 1, 22, 88, 2867 }, // U+00D9
    { 16, 22, 291, 1, 22, 88, 2955 }, // U+00DA
    { 16, 22, 291, 1, 22, 88, 3043 }, // U+00DB
    { 16, 22, 291, 1, 22, 88, 3131 }, // U+00DC
    { 15, 22, 253, 1, 22, 83, 3219 }, // U+00DD
    { 14, 16, 244, 1, 16, 56, 3302 }, // U+00DE
    { 15, 19, 237, 0, 19, 72, 3358 }, // U+00DF
    { 12, 19, 204, 1, 19, 57, 3430 }, // U+00E0
    { 12, 19, 204, 1, 19, 57, 3487 }, // U+00E1
    { 12, 18, 204, 1, 18, 54, 3544 }, // U+00E2
    { 12, 18, 204, 1, 18, 54, 3598 }, // U+00E3
    { 13, 18, 204, 0, 18, 59, 3652 }, // U+00E4
    { 12, 19, 204, 1, 19, 57, 3711 }, // U+00E5
    { 18, 12, 314, 1, 12, 54, 3768 }, // U+00E6
    { 11, 18, 195, 1, 12, 50, 3822 }, // U+00E7
    { 11, 19, 204, 1, 19, 53, 3872 }, // U+00E8
    { 11, 19, 204, 1, 19, 53, 3925 }, // U+00E9
    { 11, 18, 204, 1, 18, 50, 3978 }, // U+00EA
    { 11, 18, 204, 1, 18, 50, 4028 }, // U+00EB
    { 7, 19, 119, 0, 19, 34, 4078 }, // U+00EC
    { 6, 19, 119, 1, 19, 29, 4112 }, // U+00ED
    { 8, 18, 119, 0, 18, 36, 4141 }, // U+00EE
    { 8, 18, 119, 0, 18, 36, 4177 }, // U+00EF
    { 12, 19, 218, 1, 19, 57, 4213 }, // U+00F0
    { 13, 18, 242, 1, 18, 59, 4270 }, // U+00F1
    { 12, 19, 220, 1, 19, 57, 4329 }, // U+00F2
    { 12, 19, 220, 1, 19, 57, 4386 }, // U+00F3
    { 12, 18, 220, 1, 18, 54, 4443 }, // U+00F4
    { 12, 18, 220, 1, 18, 54, 4497 }, // U+00F5
    { 12, 18, 220, 1, 18, 54, 4551 }, // U+00F6
    { 12, 13, 212, 1, 15, 39, 4605 }, // U+00F7
    { 12, 14, 220, 1, 13, 42, 4644 }, // U+00F8
    { 14, 19, 233, 0, 19, 67, 4686 }, // U+00F9
    { 14, 19, 233, 0, 19, 67, 4753 }, // U+00FA
    { 14, 18, 233, 0, 18, 63, 4820 }, // U+00FB
    { 14, 18, 233, 0, 18, 63, 4883 }, // U+00FC
    { 13, 25, 205, 0, 19, 82, 4946 }, // U+00FD
    { 13, 25, 222, 1, 19, 82, 5028 }, // U+00FE
    { 13, 24, 205, 0, 18, 78, 5110 }, // U+00FF
    { 16, 20, 266, 1, 20, 80, 0 }, // U+0100
    { 12, 16, 204, 1, 16, 48, 80 }, // U+0101
    { 16, 21, 266, 1, 21, 84, 128 }, // U+0102
    { 12, 19, 204, 1, 19, 57, 212 }, // U+0103
    { 16, 22, 266, 1, 16, 88, 269 }, // U+0104
    { 12, 18, 204, 1, 12, 54, 357 }, // U+0105
    { 14, 22, 252, 1, 22, 77, 411 }, // U+0106
    { 11, 19, 195, 1, 19, 53, 488 }, // U+0107
    { 14, 22, 252, 1, 22, 77, 541 }, // U+0108
    { 11, 18, 195, 1, 18, 50, 618 }, // U+0109
    { 14, 22, 252, 1, 22, 77, 668 }, // U+010A
    { 11, 18, 195, 1, 18, 50, 745 }, // U+010B
    { 14, 22, 252, 1, 22, 77, 795 }, // U+010C
    { 11, 19, 195, 1, 19, 53, 872 }, // U+010D
    { 16, 22, 284, 1, 22, 88, 925 }, // U+010E
    { 15, 19, 232, 1, 19, 72, 1013 }, // U+010F
    { 16, 16, 284, 1, 16, 64, 1085 }, // U+0110
    { 13, 19, 227, 1, 19, 62, 1149 }, // U+0111
    { 14, 20, 241, 1, 20, 70, 1211 }, // U+0112
    { 11, 16, 204, 1, 16, 44, 1281 }, // U+0113
    { 14, 21, 241, 1, 21, 74, 1325 }, // U+0114
    { 11, 19, 204, 1, 19, 53, 1399 }, // U+0115
    { 14, 21, 241, 1, 21, 74, 1452 }, // U+0116
    { 11, 18, 204, 1, 18, 50, 1526 }, // U+0117
    { 14, 22, 241, 1, 16, 77, 1576 }, // U+0118
    { 11, 18, 204, 1, 12, 50, 1653 }, // U+0119
    { 14, 22, 241, 1, 22, 77, 1703 }, // U+011A
    { 11, 19, 204, 1, 19, 53, 1780 }, // U+011B
    { 16, 22, 273, 1, 22, 88, 1833 }, // U+011C
    { 12, 24, 207, 1, 18, 72, 1921 }, // U+011D
    { 16, 22, 273, 1, 22, 88, 1993 }, // U+011E
    { 12, 24, 207, 1, 18, 72, 2081 }, // U+011F
    { 16, 22, 273, 1, 22, 88, 2153 }, // U+0120
    { 12, 24, 207, 1, 18, 72, 2241 }, // U+0121
    { 16, 22, 273, 1, 16, 88, 2313 }, // U+0122
    { 12, 25, 207, 1, 19, 75, 2401 }, // U+0123
    { 17, 21, 315, 1, 21, 90, 2476 }, // U+0124
    { 14, 22, 240, 1, 22, 77, 2566 }, // U+0125
    { 18, 16, 316, 1, 16, 72, 2643 }, // U+0126
    { 14, 18, 240, 1, 18, 63, 2715 }, // U+0127
    { 9, 21, 148, 0, 21, 48, 2778 }, // U+0128
    { 10, 18, 119, -1, 18, 45, 2826 }, // U+0129
    { 7, 20, 148, 1, 20, 35, 2871 }, // U+012A
    { 6, 16, 119, 1, 16, 24, 2906 }, // U+012B
    { 7, 22, 148, 1, 16, 39, 2930 }, // U+012E
    { 7, 24, 119, 1, 18, 42, 2969 }, // U+012F
    { 7, 21, 148, 1, 21, 37, 3011 }, // U+0130
    { 6, 12, 119, 1, 12, 18, 3048 }, // U+0131
    { 10, 25, 150, -1, 21, 63, 3066 }, // U+0134
    { 11, 24, 111, -2, 18, 66, 3129 }, // U+0135
    { 15, 22, 267, 1, 16, 83, 3195 }, // U+0136
    { 13, 25, 219, 1, 19, 82, 3278 }, // U+0137
    { 13, 13, 219, 1, 13, 43, 3360 }, // U+0138
    { 13, 22, 238, 1, 22, 72, 3403 }, // U+0139
    { 7, 23, 119, 1, 23, 41, 3475 }, // U+013A
    { 13, 22, 238, 1, 16, 72, 3516 }, // U+013B
    { 6, 25, 119, 1, 19, 38, 3588 }, // U+013C
    { 13, 16, 238, 1, 16, 52, 3626 }, // U+013D
    { 9, 18, 120, 1, 18, 41, 3678 }, // U+013E
    { 12, 16, 238, 1, 16, 48, 3719 }, // U+013F
    { 9, 19, 119, 1, 19, 43, 3767 }, // U+0140
    { 13, 16, 238, 1, 16, 52, 3810 }, // U+0141
    { 6, 19, 119, 1, 19, 29, 3862 }, // U+0142
    { 16, 22, 294, 1, 22, 88, 3891 }, // U+0143
    { 13, 19, 242, 1, 19, 62, 3979 }, // U+0144
    { 16, 22, 294, 1, 16, 88, 4041 }, // U+0145
    { 13, 18, 242, 1, 12, 59, 4129 }, // U+0146
    { 16, 22, 294, 1, 22, 88, 4188 }, // U+0147
    { 13, 19, 242, 1, 19, 62, 4276 }, // U+0148
    { 19, 18, 311, 0, 18, 86, 4338 }, // U+0149
    { 16, 20, 294, 1, 16, 80, 4424 }, // U+014A
    { 12, 18, 242, 1, 12, 54, 4504 }, // U+014B
    { 15, 20, 283, 1, 20, 75, 4558 }, // U+014C
    { 12, 16, 220, 1, 16, 48, 4633 }, // U+014D
    { 15, 22, 283, 1, 22, 83, 4681 }, // U+014E
    { 12, 19, 220, 1, 19, 57, 4764 }, // U+014F
    { 15, 22, 283, 1, 22, 83, 4821 }, // U+0150
    { 12, 19, 220, 1, 19, 57, 4904 }, // U+0151
    { 22, 16, 375, 1, 16, 88, 4961 }, // U+0152
    { 20, 12, 349, 1, 12, 60, 5049 }, // U+0153
    { 15, 22, 260, 1, 22, 83, 5109 }, // U+0154
    { 10, 19, 169, 1, 19, 48, 5192 }, // U+0155
    { 15, 22, 260, 1, 16, 83, 5240 }, // U+0156
    { 10, 18, 169, 1, 12, 45, 5323 }, // U+0157
    { 15, 22, 260, 1, 22, 83, 5368 }, // U+0158
    { 10, 19, 169, 1, 19, 48, 5451 }, // U+0159
    { 11, 22, 205, 1, 22, 61, 5499 }, // U+015A
    { 9, 19, 174, 1, 19, 43, 5560 }, // U+015B
    { 11, 22, 205, 1, 22, 61, 5603 }, // U+015C
    { 9, 18, 174, 1, 18, 41, 5664 }, // U+015D
    { 11, 22, 205, 1, 16, 61, 5705 }, // U+015E
    { 9, 18, 174, 1, 12, 41, 5766 }, // U+015F
    { 11, 22, 205, 1, 22, 61, 5807 }, // U+0160
    { 9, 19, 174, 1, 19, 43, 5868 }, // U+0161
    { 14, 22, 242, 1, 16, 77, 5911 }, // U+0162
    { 9, 21, 130, 1, 15, 48, 5988 }, // U+0163
    { 14, 22, 242, 1, 22, 77, 6036 }, // U+0164
    { 9, 19, 130, 1, 19, 43, 6113 }, // U+0165
    { 16, 21, 291, 1, 21, 84, 6156 }, // U+0168
    { 14, 18, 233, 0, 18, 63, 6240 }, // U+0169
    { 16, 20, 291, 1, 20, 80, 6303 }, // U+016A
    { 14, 16, 233, 0, 16, 56, 6383 }, // U+016B
    { 16, 22, 291, 1, 22, 88, 6439 }, // U+016C
    { 14, 19, 233, 0, 19, 67, 6527 }, // U+016D
    { 16, 23, 291, 1, 23, 92, 6594 }, // U+016E
    { 14, 19, 233, 0, 19, 67, 6686 }, // U+016F
    { 16, 22, 291, 1, 22, 88, 6753 }, // U+0170
    { 14, 19, 233, 0, 19, 67, 6841 }, // U+0171
    { 16, 22, 291, 1, 16, 88, 6908 }, // U+0172
    { 14, 19, 233, 0, 13, 67, 6996 }, // U+0173
    { 24, 21, 385, 1, 21, 126, 7063 }, // U+0174
    { 19, 18, 306, 0, 18, 86, 7189 }, // U+0175
    { 15, 21, 253, 1, 21, 79, 7275 }, // U+0176
    { 13, 24, 205, 0, 18, 78, 7354 }, // U+0177
    { 15, 21, 253, 1, 21, 79, 7432 }, // U+0178
    { 13, 22, 220, 1, 22, 72, 7511 }, // U+0179
    { 10, 19, 182, 1, 19, 48, 7583 }, // U+017A
    { 13, 21, 220, 1, 21, 69, 7631 }, // U+017B
    { 10, 18, 182, 1, 18, 45, 7700 }, // U+017C
    { 13, 22, 220, 1, 22, 72, 7745 }, // U+017D
    { 10, 19, 182, 1, 19, 48, 7817 }, // U+017E
    { 10, 19, 138, 1, 19, 48, 7865 }, // U+017F
    { 15, 20, 283, 1, 20, 75, 0 }, // U+01A0
    { 12, 15, 220, 1, 15, 45, 75 }, // U+01A1
    { 18, 21, 291, 1, 21, 95, 120 }, // U+01AF
    { 14, 16, 233, 0, 16, 56, 215 }, // U+01B0
    { 16, 22, 266, 1, 22, 88, 271 }, // U+01CD
    { 12, 19, 204, 1, 19, 57, 359 }, // U+01CE
    { 7, 22, 148, 1, 22, 39, 416 }, // U+01CF
    { 8, 19, 119, 0, 19, 38, 455 }, // U+01D0
    { 15, 22, 283, 1, 22, 83, 493 }, // U+01D1
    { 12, 19, 220, 1, 19, 57, 576 }, // U+01D2
    { 16, 22, 291, 1, 22, 88, 633 }, // U+01D3
    { 14, 19, 233, 0, 19, 67, 721 }, // U+01D4
    { 16, 24, 291, 1, 24, 96, 788 }, // U+01D5
    { 14, 20, 233, 0, 20, 70, 884 }, // U+01D6
    { 16, 25, 291, 1, 25, 100, 954 }, // U+01D7
    { 14, 21, 233, 0, 21, 74, 1054 }, // U+01D8
    { 16, 25, 291, 1, 25, 100, 1128 }, // U+01D9
    { 14, 21, 233, 0, 21, 74, 1228 }, // U+01DA
    { 16, 25, 291, 1, 25, 100, 1302 }, // U+01DB
    { 14, 21, 233, 0, 21, 74, 1402 }, // U+01DC
    { 16, 22, 273, 1, 22, 88, 1476 }, // U+01E6
    { 12, 25, 207, 1, 19, 75, 1564 }, // U+01E7
    { 16, 22, 294, 1, 22, 88, 1639 }, // U+01F8
    { 13, 19, 242, 1, 19, 62, 1727 }, // U+01F9
    { 11, 22, 205, 1, 16, 61, 1789 }, // U+0218
    { 9, 18, 174, 1, 12, 41, 1850 }, // U+0219
    { 14, 22, 242, 1, 16, 77, 1891 }, // U+021A
    { 9, 22, 130, 1, 16, 50, 1968 }, // U+021B
    { 5, 5, 0, -3, 19, 7, 0 }, // U+0300
    { 5, 5, 0, -2, 19, 7, 7 }, // U+0301
    { 8, 5, 0, -4, 18, 10, 14 }, // U+0302
    { 10, 4, 0, -5, 17, 10, 24 }, // U+0303
    { 6, 2, 0, -3, 16, 3, 34 }, // U+0304
    { 8, 5, 0, -4, 19, 10, 37 }, // U+0306
    { 3, 3, 0, -2, 17, 3, 47 }, // U+0307
    { 8, 3, 0, -4, 18, 6, 50 }, // U+0308
    { 4, 6, 0, -2, 19, 6, 56 }, // U+0309
    { 5, 6, 0, -3, 19, 8, 62 }, // U+030A
    { 8, 6, 0, -3, 19, 12, 70 }, // U+030B
    { 8, 5, 0, -4, 19, 10, 82 }, // U+030C
    { 4, 6, 0, 0, 17, 6, 92 }, // U+031B
    { 3, 3, 0, -2, -2, 3, 98 }, // U+0323
    { 8, 3, 0, -4, -2, 6, 101 }, // U+0324
    { 4, 5, 0, -2, -1, 5, 107 }, // U+0326
    { 5, 6, 0, -2, 1, 8, 112 }, // U+0327
    { 5, 7, 0, -2, 1, 9, 120 }, // U+0328
    { 2, 5, 0, -1, -2, 3, 129 }, // U+0329
    { 8, 5, 0, -4, -1, 10, 132 }, // U+032E
    { 6, 2, 0, -3, -3, 3, 142 }, // U+0331
    { 16, 21, 266, 1, 16, 84, 0 }, // U+1EA0
    { 13, 17, 204, 1, 12, 56, 84 }, // U+1EA1
    { 16, 22, 266, 1, 22, 88, 140 }, // U+1EA2
    { 12, 19, 204, 1, 19, 57, 228 }, // U+1EA3
    { 16, 23, 266, 1, 23, 92, 285 }, // U+1EA4
    { 12, 20, 204, 1, 20, 60, 377 }, // U+1EA5
    { 16, 23, 266, 1, 23, 92, 437 }, // U+1EA6
    { 13, 19, 204, 0, 19, 62, 529 }, // U+1EA7
    { 16, 24, 266, 1, 24, 96, 591 }, // U+1EA8
    { 11, 20, 204, 1, 20, 55, 687 }, // U+1EA9
    { 16, 23, 266, 1, 23, 92, 742 }, // U+1EAA
    { 12, 20, 204, 1, 20, 60, 834 }, // U+1EAB
    { 16, 26, 266, 1, 21, 104, 894 }, // U+1EAC
    { 13, 23, 204, 1, 18, 75, 998 }, // U+1EAD
    { 16, 25, 266, 1, 25, 100, 1073 }, // U+1EAE
    { 12, 21, 204, 1, 21, 63, 1173 }, // U+1EAF
    { 16, 25, 266, 1, 25, 100, 1236 }, // U+1EB0
    { 12, 21, 204, 1, 21, 63, 1336 }, // U+1EB1
    { 16, 24, 266, 1, 24, 96, 1399 }, // U+1EB2
    { 12, 22, 204, 1, 22, 66, 1495 }, // U+1EB3
    { 16, 24, 266, 1, 24, 96, 1561 }, // U+1EB4
    { 12, 20, 204, 1, 20, 60, 1657 }, // U+1EB5
    { 16, 26, 266, 1, 21, 104, 1717 }, // U+1EB6
    { 13, 24, 204, 1, 19, 78, 1821 }, // U+1EB7
    { 14, 21, 241, 1, 16, 74, 1899 }, // U+1EB8
    { 11, 17, 204, 1, 12, 47, 1973 }, // U+1EB9
    { 14, 22, 241, 1, 22, 77, 2020 }, // U+1EBA
    { 11, 19, 204, 1, 19, 53, 2097 }, // U+1EBB
    { 14, 21, 241, 1, 21, 74, 2150 }, // U+1EBC
    { 11, 18, 204, 1, 18, 50, 2224 }, // U+1EBD
    { 14, 23, 241, 1, 23, 81, 2274 }, // U+1EBE
    { 12, 20, 204, 1, 20, 60, 2355 }, // U+1EBF
    { 14, 23, 241, 1, 23, 81, 2415 }, // U+1EC0
    { 11, 20, 204, 1, 20, 55, 2496 }, // U+1EC1
    { 14, 24, 241, 1, 24, 84, 2551 }, // U+1EC2
    { 11, 20, 204, 1, 20, 55, 2635 }, // U+1EC3
    { 14, 23, 241, 1, 23, 81, 2690 }, // U+1EC4
    { 11, 20, 204, 1, 20, 55, 2771 }, // U+1EC5
    { 14, 26, 241, 1, 21, 91, 2826 }, // U+1EC6
    { 11, 23, 204, 1, 18, 64, 2917 }, // U+1EC7
    { 7, 22, 148, 1, 22, 39, 2981 }, // U+1EC8
    { 6, 19, 119, 1, 19, 29, 3020 }, // U+1EC9
    { 7, 21, 148, 1, 16, 37, 3049 }, // U+1ECA
    { 6, 23, 119, 1, 18, 35, 3086 }, // U+1ECB
    { 15, 21, 283, 1, 16, 79, 3121 }, // U+1ECC
    { 12, 17, 220, 1, 12, 51, 3200 }, // U+1ECD
    { 15, 21, 283, 1, 21, 79, 3251 }, // U+1ECE
    { 12, 19, 220, 1, 19, 57, 3330 }, // U+1ECF
    { 15, 23, 283, 1, 23, 87, 3387 }, // U+1ED0
    { 12, 20, 220, 1, 20, 60, 3474 }, // U+1ED1
    { 15, 23, 283, 1, 23, 87, 3534 }, // U+1ED2
    { 12, 20, 220, 1, 20, 60, 3621 }, // U+1ED3
    { 15, 24, 283, 1, 24, 90, 3681 }, // U+1ED4
    { 12, 20, 220, 1, 20, 60, 3771 }, // U+1ED5
    { 15, 24, 283, 1, 24, 90, 3831 }, // U+1ED6
    { 12, 20, 220, 1, 20, 60, 3921 }, // U+1ED7
    { 15, 27, 283, 1, 22, 102, 3981 }, // U+1ED8
    { 12, 23, 220, 1, 18, 69, 4083 }, // U+1ED9
    { 15, 22, 283, 1, 22, 83, 4152 }, // U+1EDA
    { 12, 19, 220, 1, 19, 57, 4235 }, // U+1EDB
    { 15, 22, 283, 1, 22, 83, 4292 }, // U+1EDC
    { 12, 19, 220, 1, 19, 57, 4375 }, // U+1EDD
    { 15, 23, 283, 1, 23, 87, 4432 }, // U+1EDE
    { 12, 19, 220, 1, 19, 57, 4519 }, // U+1EDF
    { 15, 21, 283, 1, 21, 79, 4576 }, // U+1EE0
    { 12, 18, 220, 1, 18, 54, 4655 }, // U+1EE1
    { 15, 25, 283, 1, 20, 94, 4709 }, // U+1EE2
    { 12, 20, 220, 1, 15, 60, 4803 }, // U+1EE3
    { 16, 21, 291, 1, 16, 84, 4863 }, // U+1EE4
    { 14, 18, 233, 0, 13, 63, 4947 }, // U+1EE5
    { 16, 22, 291, 1, 22, 88, 5010 }, // U+1EE6
    { 14, 19, 233, 0, 19, 67, 5098 }, // U+1EE7
    { 18, 22, 291, 1, 22, 99, 5165 }, // U+1EE8
    { 14, 19, 233, 0, 19, 67, 5264 }, // U+1EE9
    { 18, 22, 291, 1, 22, 99, 5331 }, // U+1EEA
    { 14, 19, 233, 0, 19, 67, 5430 }, // U+1EEB
    { 18, 23, 291, 1, 23, 104, 5497 }, // U+1EEC
    { 14, 19, 233, 0, 19, 67, 5601 }, // U+1EED
    { 18, 21, 291, 1, 21, 95, 5668 }, // U+1EEE
    { 14, 18, 233, 0, 18, 63, 5763 }, // U+1EEF
    { 18, 26, 291, 1, 21, 117, 5826 }, // U+1EF0
    { 14, 21, 233, 0, 16, 74, 5943 }, // U+1EF1
    { 15, 22, 253, 1, 22, 83, 6017 }, // U+1EF2
    { 13, 25, 205, 0, 19, 82, 6100 }, // U+1EF3
    { 15, 21, 253, 1, 16, 79, 6182 }, // U+1EF4
    { 13, 18, 205, 0, 12, 59, 6261 }, // U+1EF5
    { 15, 22, 253, 1, 22, 83, 6320 }, // U+1EF6
    { 13, 25, 205, 0, 19, 82, 6403 }, // U+1EF7
    { 15, 21, 253, 1, 21, 79, 6485 }, // U+1EF8
    { 13, 24, 205, 0, 18, 78, 6564 }, // U+1EF9
    { 0, 0, 200, 0, 0, 0, 0 }, // U+2002
    { 0, 0, 400, 0, 0, 0, 0 }, // U+2003
    { 0, 0, 133, 0, 0, 0, 0 }, // U+2004
    { 0, 0, 100, 0, 0, 0, 0 }, // U+2005
    { 0, 0, 67, 0, 0, 0, 0 }, // U+2006
    { 0, 0, 200, 0, 0, 0, 0 }, // U+2007
    { 0, 0, 50, 0, 0, 0, 0 }, // U+2009
    { 0, 0, 17, 0, 0, 0, 0 }, // U+200A
    { 0, 0, 0, 0, 0, 0, 0 }, // U+200B
    { 6, 2, 125, 1, 7, 3, 0 }, // U+2010
    { 6, 2, 125, 1, 7, 3, 3 }, // U+2011
    { 11, 2, 200, 1, 8, 6, 6 }, // U+2012
    { 11, 2, 205, 1, 7, 6, 12 }, // U+2013
    { 18, 2, 325, 1, 7, 9, 18 }, // U+2014
    { 18, 2, 325, 1, 7, 9, 27 }, // U+2015
    { 4, 7, 85, 1, 19, 7, 36 }, // U+2018
    { 4, 7, 85, 0, 18, 7, 43 }, // U+2019
    { 4, 7, 85, 0, 3, 7, 50 }, // U+201A
    { 9, 7, 166, 1, 19, 16, 57 }, // U+201C
    { 9, 7, 166, 0, 18, 16, 73 }, // U+201D
    { 9, 7, 166, 0, 3, 16, 89 }, // U+201E
    { 11, 20, 204, 1, 18, 55, 105 }, // U+2020
    { 11, 20, 204, 1, 18, 55, 160 }, // U+2021
    { 6, 6, 122, 1, 11, 9, 215 }, // U+2022
    { 11, 3, 240, 2, 3, 9, 224 }, // U+2025
    { 16, 3, 328, 2, 3, 12, 233 }, // U+2026
    { 0, 0, 50, 0, 0, 0, 245 }, // U+202F
    { 30, 18, 500, 1, 16, 135, 245 }, // U+2030
    { 3, 8, 100, 2, 18, 6, 380 }, // U+2032
    { 7, 8, 173, 2, 18, 14, 386 }, // U+2033
    { 6, 11, 114, 1, 12, 17, 400 }, // U+2039
    { 6, 11, 114, 0, 12, 17, 417 }, // U+203A
    { 10, 16, 223, 2, 16, 40, 434 }, // U+203C
    { 13, 18, 56, -5, 17, 59, 474 }, // U+2044
    { 17, 18, 316, 1, 18, 77, 533 }, // U+2047
    { 14, 16, 274, 1, 16, 56, 610 }, // U+2048
    { 13, 16, 274, 2, 16, 52, 666 }, // U+2049
    { 12, 22, 200, 1, 19, 66, 0 }, // U+20A1
    { 11, 16, 200, 1, 16, 44, 66 }, // U+20A4
    { 13, 16, 200, 0, 16, 52, 110 }, // U+20A6
    { 12, 16, 200, 1, 16, 48, 162 }, // U+20A7
    { 13, 16, 200, 0, 16, 52, 210 }, // U+20A9
    { 11, 17, 200, 1, 17, 47, 262 }, // U+20AB
    { 12, 16, 200, 1, 16, 48, 309 }, // U+20AC
    { 13, 16, 200, 0, 16, 52, 357 }, // U+20AE
    { 13, 16, 200, 1, 16, 52, 409 }, // U+20B1
    { 12, 22, 200, 1, 19, 66, 461 }, // U+20B2
    { 11, 16, 200, 1, 16, 44, 527 }, // U+20B4
    { 10, 22, 200, 1, 19, 55, 571 }, // U+20B5
    { 12, 16, 200, 1, 16, 48, 626 }, // U+20B8
    { 11, 18, 200, 1, 17, 50, 674 }, // U+20B9
    { 12, 16, 200, 1, 16, 48, 724 }, // U+20BA
    { 12, 16, 200, 1, 16, 48, 772 }, // U+20BD
    { 12, 22, 200, 1, 19, 66, 820 }, // U+20BF
    { 18, 19, 263, 1, 19, 86, 0 }, // U+FB00
    { 15, 19, 243, 0, 19, 72, 86 }, // U+FB01
    { 14, 19, 245, 1, 19, 67, 158 }, // U+FB02
    { 22, 19, 364, 0, 19, 105, 225 }, // U+FB03
    { 21, 19, 366, 1, 19, 100, 330 }, // U+FB04
};

static const EpdUnicodeInterval sourceserif4_12_regularIntervals[] = {
    { 0x20, 0x7E, 0x0 },
    { 0xA0, 0x12B, 0x5F },
    { 0x12E, 0x131, 0xEB },
    { 0x134, 0x165, 0xEF },
    { 0x168, 0x17F, 0x121 },
    { 0x1A0, 0x1A1, 0x139 },
    { 0x1AF, 0x1B0, 0x13B },
    { 0x1CD, 0x1DC, 0x13D },
    { 0x1E6, 0x1E7, 0x14D },
    { 0x1F8, 0x1F9, 0x14F },
    { 0x218, 0x21B, 0x151 },
    { 0x300, 0x304, 0x155 },
    { 0x306, 0x30C, 0x15A },
    { 0x31B, 0x31B, 0x161 },
    { 0x323, 0x324, 0x162 },
    { 0x326, 0x329, 0x164 },
    { 0x32E, 0x32E, 0x168 },
    { 0x331, 0x331, 0x169 },
    { 0x1EA0, 0x1EF9, 0x16A },
    { 0x2002, 0x2007, 0x1C4 },
    { 0x2009, 0x200B, 0x1CA },
    { 0x2010, 0x2015, 0x1CD },
    { 0x2018, 0x201A, 0x1D3 },
    { 0x201C, 0x201E, 0x1D6 },
    { 0x2020, 0x2022, 0x1D9 },
    { 0x2025, 0x2026, 0x1DC },
    { 0x202F, 0x2030, 0x1DE },
    { 0x2032, 0x2033, 0x1E0 },
    { 0x2039, 0x203A, 0x1E2 },
    { 0x203C, 0x203C, 0x1E4 },
    { 0x2044, 0x2044, 0x1E5 },
    { 0x2047, 0x2049, 0x1E6 },
    { 0x20A1, 0x20A1, 0x1E9 },
    { 0x20A4, 0x20A4, 0x1EA },
    { 0x20A6, 0x20A7, 0x1EB },
    { 0x20A9, 0x20A9, 0x1ED },
    { 0x20AB, 0x20AC, 0x1EE },
    { 0x20AE, 0x20AE, 0x1F0 },
    { 0x20B1, 0x20B2, 0x1F1 },
    { 0x20B4, 0x20B5, 0x1F3 },
    { 0x20B8, 0x20BA, 0x1F5 },
    { 0x20BD, 0x20BD, 0x1F8 },
    { 0x20BF, 0x20BF, 0x1F9 },
    { 0xFB00, 0xFB04, 0x1FA },
};

static const EpdFontGroup sourceserif4_12_regularGroups[] = {
    { 0, 2421, 4733, 95, 0 },
    { 2421, 2313, 5608, 96, 95 },
    { 4734, 2915, 8727, 122, 191 },
    { 7649, 829, 2159, 28, 313 },
    { 8478, 144, 170, 21, 341 },
    { 8622, 1707, 7130, 90, 362 },
    { 10329, 456, 827, 37, 452 },
    { 10785, 612, 961, 17, 489 },
    { 11397, 194, 475, 5, 506 },
};

static const EpdKernClassEntry sourceserif4_12_regularKernLeftClasses[] = {
    { 0x0022, 1 }, // "
    { 0x0023, 2 }, // #
    { 0x0024, 3 }, // $
    { 0x0026, 4 }, // &
    { 0x0027, 1 }, // '
    { 0x0028, 5 }, // (
    { 0x0029, 6 }, // )
    { 0x002A, 7 }, // *
    { 0x002B, 8 }, // +
    { 0x002C, 9 }, // ,
    { 0x002E, 9 }, // .
    { 0x002F, 10 }, // /
    { 0x0030, 11 }, // 0
    { 0x0031, 12 }, // 1
    { 0x0032, 13 }, // 2
    { 0x0033, 14 }, // 3
    { 0x0034, 15 }, // 4
    { 0x0035, 16 }, // 5
    { 0x0036, 17 }, // 6
    { 0x0037, 18 }, // 7
    { 0x0038, 14 }, // 8
    { 0x0039, 19 }, // 9
    { 0x003A, 20 }, // :
    { 0x003B, 20 }, // ;
    { 0x003C, 21 }, // <
    { 0x003D, 22 }, // =
    { 0x003E, 8 }, // >
    { 0x003F, 23 }, // ?
    { 0x0040, 24 }, // @
    { 0x0041, 25 }, // A
    { 0x0042, 26 }, // B
    { 0x0043, 27 }, // C
    { 0x0044, 28 }, // D
    { 0x0045, 29 }, // E
    { 0x0046, 30 }, // F
    { 0x0047, 31 }, // G
    { 0x0048, 32 }, // H
    { 0x0049, 32 }, // I
    { 0x004A, 33 }, // J
    { 0x004B, 34 }, // K
    { 0x004C, 35 }, // L
    { 0x004D, 32 }, // M
    { 0x004E, 36 }, // N
    { 0x004F, 37 }, // O
    { 0x0050, 38 }, // P
    { 0x0051, 37 }, // Q
    { 0x0052, 39 }, // R
    { 0x0053, 40 }, // S
    { 0x0054, 41 }, // T
    { 0x0055, 42 }, // U
    { 0x0056, 43 }, // V
    { 0x0057, 44 }, // W
    { 0x0058, 45 }, // X
    { 0x0059, 46 }, // Y
    { 0x005A, 47 }, // Z
    { 0x005B, 5 }, // [
    { 0x005C, 48 }, // <backslash>
    { 0x005D, 6 }, // ]
    { 0x005F, 49 }, // _
    { 0x0061, 50 }, // a
    { 0x0062, 51 }, // b
    { 0x0063, 52 }, // c
    { 0x0064, 53 }, // d
    { 0x0065, 54 }, // e
    { 0x0066, 55 }, // f
    { 0x0067, 56 }, // g
    { 0x0068, 57 }, // h
    { 0x0069, 58 }, // i
    { 0x006A, 59 }, // j
    { 0x006B, 60 }, // k
    { 0x006C, 53 }, // l
    { 0x006D, 57 }, // m
    { 0x006E, 57 }, // n
    { 0x006F, 51 }, // o
    { 0x0070, 51 }, // p
    { 0x0071, 61 }, // q
    { 0x0072, 62 }, // r
    { 0x0073, 63 }, // s
    { 0x0074, 64 }, // t
    { 0x0075, 65 }, // u
    { 0x0076, 66 }, // v
    { 0x0077, 66 }, // w
    { 0x0078, 67 }, // x
    { 0x0079, 66 }, // y
    { 0x007A, 68 }, // z
    { 0x007B, 5 }, // {
    { 0x007D, 6 }, // }
    { 0x007E, 8 }, // ~
    { 0x00A0, 69 }, // U+00A0
    { 0x00A1, 70 }, // U+00A1
    { 0x00A2, 71 }, // U+00A2
    { 0x00A3, 72 }, // U+00A3
    { 0x00A5, 73 }, // U+00A5
    { 0x00A9, 74 }, // U+00A9
    { 0x00AB, 75 }, // U+00AB
    { 0x00AC, 22 }, // U+00AC
    { 0x00AD, 76 }, // U+00AD
    { 0x00AE, 7 }, // U+00AE
    { 0x00B1, 77 }, // U+00B1
    { 0x00B5, 78 }, // U+00B5
    { 0x00B7, 79 }, // U+00B7
    { 0x00BB, 80 }, // U+00BB
    { 0x00BF, 81 }, // U+00BF
    { 0x00C0, 25 }, // U+00C0
    { 0x00C1, 25 }, // U+00C1
    { 0x00C2, 25 }, // U+00C2
    { 0x00C3, 25 }, // U+00C3
    { 0x00C4, 25 }, // U+00C4
    { 0x00C5, 25 }, // U+00C5
    { 0x00C6, 29 }, // U+00C6
    { 0x00C7, 27 }, // U+00C7
    { 0x00C8, 29 }, // U+00C8
    { 0x00C9, 29 }, // U+00C9
    { 0x00CA, 29 }, // U+00CA
    { 0x00CB, 29 }, // U+00CB
    { 0x00CC, 32 }, // U+00CC
    { 0x00CD, 32 }, // U+00CD
    { 0x00CE, 32 }, // U+00CE
    { 0x00CF, 32 }, // U+00CF
    { 0x00D0, 28 }, // U+00D0
    { 0x00D1, 36 }, // U+00D1
    { 0x00D2, 37 }, // U+00D2
    { 0x00D3, 37 }, // U+00D3
    { 0x00D4, 37 }, // U+00D4
    { 0x00D5, 37 }, // U+00D5
    { 0x00D6, 37 }, // U+00D6
    { 0x00D7, 21 }, // U+00D7
    { 0x00D8, 37 }, // U+00D8
    { 0x00D9, 42 }, // U+00D9
    { 0x00DA, 42 }, // U+00DA
    { 0x00DB, 42 }, // U+00DB
    { 0x00DC, 42 }, // U+00DC
    { 0x00DD, 46 }, // U+00DD
    { 0x00DE, 82 }, // U+00DE
    { 0x00DF, 83 }, // U+00DF
    { 0x00E0, 50 }, // U+00E0
    { 0x00E1, 50 }, // U+00E1
    { 0x00E2, 50 }, // U+00E2
    { 0x00E3, 50 }, // U+00E3
    { 0x00E4, 50 }, // U+00E4
    { 0x00E5, 50 }, // U+00E5
    { 0x00E6, 54 }, // U+00E6
    { 0x00E7, 52 }, // U+00E7
    { 0x00E8, 54 }, // U+00E8
    { 0x00E9, 54 }, // U+00E9
    { 0x00EA, 54 }, // U+00EA
    { 0x00EB, 54 }, // U+00EB
    { 0x00EC, 58 }, // U+00EC
    { 0x00ED, 58 }, // U+00ED
    { 0x00EE, 84 }, // U+00EE
    { 0x00EF, 84 }, // U+00EF
    { 0x00F0, 85 }, // U+00F0
    { 0x00F1, 57 }, // U+00F1
    { 0x00F2, 51 }, // U+00F2
    { 0x00F3, 51 }, // U+00F3
    { 0x00F4, 51 }, // U+00F4
    { 0x00F5, 51 }, // U+00F5
    { 0x00F6, 51 }, // U+00F6
    { 0x00F7, 8 }, // U+00F7
    { 0x00F8, 51 }, // U+00F8
    { 0x00F9, 65 }, // U+00F9
    { 0x00FA, 65 }, // U+00FA
    { 0x00FB, 65 }, // U+00FB
    { 0x00FC, 65 }, // U+00FC
    { 0x00FD, 66 }, // U+00FD
    { 0x00FE, 51 }, // U+00FE
    { 0x00FF, 66 }, // U+00FF
    { 0x0100, 25 }, // U+0100
    { 0x0101, 50 }, // U+0101
    { 0x0102, 25 }, // U+0102
    { 0x0103, 50 }, // U+0103
    { 0x0104, 25 }, // U+0104
    { 0x0105, 50 }, // U+0105
    { 0x0106, 27 }, // U+0106
    { 0x0107, 52 }, // U+0107
    { 0x0108, 27 }, // U+0108
    { 0x0109, 52 }, // U+0109
    { 0x010A, 27 }, // U+010A
    { 0x010B, 52 }, // U+010B
    { 0x010C, 27 }, // U+010C
    { 0x010D, 52 }, // U+010D
    { 0x010E, 28 }, // U+010E
    { 0x010F, 86 }, // U+010F
    { 0x0110, 28 }, // U+0110
    { 0x0111, 53 }, // U+0111
    { 0x0112, 29 }, // U+0112
    { 0x0113, 54 }, // U+0113
    { 0x0114, 29 }, // U+0114
    { 0x0115, 54 }, // U+0115
    { 0x0116, 29 }, // U+0116
    { 0x0117, 54 }, // U+0117
    { 0x0118, 29 }, // U+0118
    { 0x0119, 54 }, // U+0119
    { 0x011A, 29 }, // U+011A
    { 0x011B, 54 }, // U+011B
    { 0x011C, 31 }, // U+011C
    { 0x011D, 56 }, // U+011D
    { 0x011E, 31 }, // U+011E
    { 0x011F, 56 }, // U+011F
    { 0x0120, 31 }, // U+0120
    { 0x0121, 56 }, // U+0121
    { 0x0122, 31 }, // U+0122
    { 0x0123, 56 }, // U+0123
    { 0x0124, 32 }, // U+0124
    { 0x0125, 57 }, // U+0125
    { 0x0126, 32 }, // U+0126
    { 0x0127, 57 }, // U+0127
    { 0x0128, 32 }, // U+0128
    { 0x0129, 84 }, // U+0129
    { 0x012A, 32 }, // U+012A
    { 0x012B, 84 }, // U+012B
    { 0x012E, 32 }, // U+012E
    { 0x012F, 58 }, // U+012F
    { 0x0130, 32 }, // U+0130
    { 0x0131, 58 }, // U+0131
    { 0x0134, 33 }, // U+0134
    { 0x0135, 59 }, // U+0135
    { 0x0136, 34 }, // U+0136
    { 0x0137, 60 }, // U+0137
    { 0x0138, 60 }, // U+0138
    { 0x0139, 35 }, // U+0139
    { 0x013A, 53 }, // U+013A
    { 0x013B, 35 }, // U+013B
    { 0x013C, 53 }, // U+013C
    { 0x013D, 87 }, // U+013D
    { 0x013E, 86 }, // U+013E
    { 0x0141, 35 }, // U+0141
    { 0x0142, 53 }, // U+0142
    { 0x0143, 36 }, // U+0143
    { 0x0144, 57 }, // U+0144
    { 0x0145, 36 }, // U+0145
    { 0x0146, 57 }, // U+0146
    { 0x0147, 36 }, // U+0147
    { 0x0148, 57 }, // U+0148
    { 0x014A, 33 }, // U+014A
    { 0x014B, 59 }, // U+014B
    { 0x014C, 37 }, // U+014C
    { 0x014D, 51 }, // U+014D
    { 0x014E, 37 }, // U+014E
    { 0x014F, 51 }, // U+014F
    { 0x0150, 37 }, // U+0150
    { 0x0151, 51 }, // U+0151
    { 0x0152, 29 }, // U+0152
    { 0x0153, 54 }, // U+0153
    { 0x0154, 39 }, // U+0154
    { 0x0155, 62 }, // U+0155
    { 0x0156, 39 }, // U+0156
    { 0x0157, 62 }, // U+0157
    { 0x0158, 39 }, // U+0158
    { 0x0159, 62 }, // U+0159
    { 0x015A, 40 }, // U+015A
    { 0x015B, 63 }, // U+015B
    { 0x015C, 40 }, // U+015C
    { 0x015D, 63 }, // U+015D
    { 0x015E, 40 }, // U+015E
    { 0x015F, 63 }, // U+015F
    { 0x0160, 40 }, // U+0160
    { 0x0161, 63 }, // U+0161
    { 0x0162, 41 }, // U+0162
    { 0x0163, 64 }, // U+0163
    { 0x0164, 41 }, // U+0164
    { 0x0165, 88 }, // U+0165
    { 0x0168, 42 }, // U+0168
    { 0x0169, 65 }, // U+0169
    { 0x016A, 42 }, // U+016A
    { 0x016B, 65 }, // U+016B
    { 0x016C, 42 }, // U+016C
    { 0x016D, 65 }, // U+016D
    { 0x016E, 42 }, // U+016E
    { 0x016F, 65 }, // U+016F
    { 0x0170, 42 }, // U+0170
    { 0x0171, 65 }, // U+0171
    { 0x0172, 42 }, // U+0172
    { 0x0173, 65 }, // U+0173
    { 0x0174, 44 }, // U+0174
    { 0x0175, 66 }, // U+0175
    { 0x0176, 46 }, // U+0176
    { 0x0177, 66 }, // U+0177
    { 0x0178, 46 }, // U+0178
    { 0x0179, 47 }, // U+0179
    { 0x017A, 68 }, // U+017A
    { 0x017B, 47 }, // U+017B
    { 0x017C, 68 }, // U+017C
    { 0x017D, 47 }, // U+017D
    { 0x017E, 68 }, // U+017E
    { 0x017F, 55 }, // U+017F
    { 0x01A0, 37 }, // U+01A0
    { 0x01AF, 89 }, // U+01AF
    { 0x01CD, 25 }, // U+01CD
    { 0x01CE, 50 }, // U+01CE
    { 0x01CF, 32 }, // U+01CF
    { 0x01D0, 84 }, // U+01D0
    { 0x01D1, 37 }, // U+01D1
    { 0x01D2, 51 }, // U+01D2
    { 0x01D3, 42 }, // U+01D3
    { 0x01D4, 65 }, // U+01D4
    { 0x01D5, 42 }, // U+01D5
    { 0x01D6, 65 }, // U+01D6
    { 0x01D7, 42 }, // U+01D7
    { 0x01D8, 65 }, // U+01D8
    { 0x01D9, 42 }, // U+01D9
    { 0x01DA, 65 }, // U+01DA
    { 0x01DB, 42 }, // U+01DB
    { 0x01DC, 65 }, // U+01DC
    { 0x01E6, 31 }, // U+01E6
    { 0x01E7, 56 }, // U+01E7
    { 0x01F8, 36 }, // U+01F8
    { 0x01F9, 57 }, // U+01F9
    { 0x0218, 40 }, // U+0218
    { 0x0219, 63 }, // U+0219
    { 0x021A, 41 }, // U+021A
    { 0x021B, 64 }, // U+021B
    { 0x1EA0, 25 }, // U+1EA0
    { 0x1EA1, 50 }, // U+1EA1
    { 0x1EA2, 25 }, // U+1EA2
    { 0x1EA3, 50 }, // U+1EA3
    { 0x1EA4, 25 }, // U+1EA4
    { 0x1EA5, 50 }, // U+1EA5
    { 0x1EA6, 25 }, // U+1EA6
    { 0x1EA7, 50 }, // U+1EA7
    { 0x1EA8, 25 }, // U+1EA8
    { 0x1EA9, 50 }, // U+1EA9
    { 0x1EAA, 25 }, // U+1EAA
    { 0x1EAB, 50 }, // U+1EAB
    { 0x1EAC, 25 }, // U+1EAC
    { 0x1EAD, 50 }, // U+1EAD
    { 0x1EAE, 25 }, // U+1EAE
    { 0x1EAF, 50 }, // U+1EAF
    { 0x1EB0, 25 }, // U+1EB0
    { 0x1EB1, 50 }, // U+1EB1
    { 0x1EB2, 25 }, // U+1EB2
    { 0x1EB3, 50 }, // U+1EB3
    { 0x1EB4, 25 }, // U+1EB4
    { 0x1EB5, 50 }, // U+1EB5
    { 0x1EB6, 25 }, // U+1EB6
    { 0x1EB7, 50 }, // U+1EB7
    { 0x1EB8, 29 }, // U+1EB8
    { 0x1EB9, 54 }, // U+1EB9
    { 0x1EBA, 29 }, // U+1EBA
    { 0x1EBB, 54 }, // U+1EBB
    { 0x1EBC, 29 }, // U+1EBC
    { 0x1EBD, 54 }, // U+1EBD
    { 0x1EBE, 29 }, // U+1EBE
    { 0x1EBF, 54 }, // U+1EBF
    { 0x1EC0, 29 }, // U+1EC0
    { 0x1EC1, 54 }, // U+1EC1
    { 0x1EC2, 29 }, // U+1EC2
    { 0x1EC3, 54 }, // U+1EC3
    { 0x1EC4, 29 }, // U+1EC4
    { 0x1EC5, 54 }, // U+1EC5
    { 0x1EC6, 29 }, // U+1EC6
    { 0x1EC7, 54 }, // U+1EC7
    { 0x1EC8, 32 }, // U+1EC8
    { 0x1EC9, 58 }, // U+1EC9
    { 0x1ECA, 32 }, // U+1ECA
    { 0x1ECB, 58 }, // U+1ECB
    { 0x1ECC, 37 }, // U+1ECC
    { 0x1ECD, 51 }, // U+1ECD
    { 0x1ECE, 37 }, // U+1ECE
    { 0x1ECF, 51 }, // U+1ECF
    { 0x1ED0, 37 }, // U+1ED0
    { 0x1ED1, 51 }, // U+1ED1
    { 0x1ED2, 37 }, // U+1ED2
    { 0x1ED3, 51 }, // U+1ED3
    { 0x1ED4, 37 }, // U+1ED4
    { 0x1ED5, 51 }, // U+1ED5
    { 0x1ED6, 37 }, // U+1ED6
    { 0x1ED7, 51 }, // U+1ED7
    { 0x1ED8, 37 }, // U+1ED8
    { 0x1ED9, 51 }, // U+1ED9
    { 0x1EDA, 37 }, // U+1EDA
    { 0x1EDC, 37 }, // U+1EDC
    { 0x1EDE, 37 }, // U+1EDE
    { 0x1EE0, 37 }, // U+1EE0
    { 0x1EE2, 37 }, // U+1EE2
    { 0x1EE4, 42 }, // U+1EE4
    { 0x1EE5, 65 }, // U+1EE5
    { 0x1EE6, 42 }, // U+1EE6
    { 0x1EE7, 65 }, // U+1EE7
    { 0x1EE8, 89 }, // U+1EE8
    { 0x1EEA, 89 }, // U+1EEA
    { 0x1EEC, 89 }, // U+1EEC
    { 0x1EEE, 89 }, // U+1EEE
    { 0x1EF0, 89 }, // U+1EF0
    { 0x1EF2, 46 }, // U+1EF2
    { 0x1EF3, 66 }, // U+1EF3
    { 0x1EF4, 46 }, // U+1EF4
    { 0x1EF5, 66 }, // U+1EF5
    { 0x1EF6, 46 }, // U+1EF6
    { 0x1EF7, 66 }, // U+1EF7
    { 0x1EF8, 46 }, // U+1EF8
    { 0x1EF9, 66 }, // U+1EF9
    { 0x2012, 76 }, // U+2012
    { 0x2013, 76 }, // U+2013
    { 0x2014, 76 }, // U+2014
    { 0x2015, 76 }, // U+2015
    { 0x2018, 90 }, // U+2018
    { 0x2019, 91 }, // U+2019
    { 0x201A, 92 }, // U+201A
    { 0x201C, 90 }, // U+201C
    { 0x201D, 91 }, // U+201D
    { 0x201E, 92 }, // U+201E
    { 0x2022, 93 }, // U+2022
    { 0x2026, 9 }, // U+2026
    { 0x2039, 75 }, // U+2039
    { 0x203A, 80 }, // U+203A
    { 0x20B9, 94 }, // U+20B9
    { 0x20BA, 95 }, // U+20BA
    { 0xFB00, 55 }, // U+FB00
    { 0xFB01, 58 }, // U+FB01
    { 0xFB02, 53 }, // U+FB02
    { 0xFB03, 58 }, // U+FB03
    { 0xFB04, 53 }, // U+FB04
};

static const EpdKernClassEntry sourceserif4_12_regularKernRightClasses[] = {
    { 0x0021, 1 }, // !
    { 0x0022, 2 }, // "
    { 0x0023, 3 }, // #
    { 0x0024, 4 }, // $
    { 0x0025, 5 }, // %
    { 0x0026, 6 }, // &
    { 0x0027, 2 }, // '
    { 0x0028, 7 }, // (
    { 0x0029, 8 }, // )
    { 0x002A, 9 }, // *
    { 0x002B, 10 }, // +
    { 0x002C, 11 }, // ,
    { 0x002E, 11 }, // .
    { 0x002F, 12 }, // /
    { 0x0030, 13 }, // 0
    { 0x0031, 14 }, // 1
    { 0x0032, 15 }, // 2
    { 0x0033, 16 }, // 3
    { 0x0034, 17 }, // 4
    { 0x0035, 18 }, // 5
    { 0x0036, 19 }, // 6
    { 0x0037, 20 }, // 7
    { 0x0038, 21 }, // 8
    { 0x0039, 22 }, // 9
    { 0x003A, 23 }, // :
    { 0x003B, 23 }, // ;
    { 0x003C, 10 }, // <
    { 0x003D, 24 }, // =
    { 0x003E, 25 }, // >
    { 0x003F, 26 }, // ?
    { 0x0040, 27 }, // @
    { 0x0041, 28 }, // A
    { 0x0042, 29 }, // B
    { 0x0043, 30 }, // C
    { 0x0044, 29 }, // D
    { 0x0045, 29 }, // E
    { 0x0046, 29 }, // F
    { 0x0047, 30 }, // G
    { 0x0048, 29 }, // H
    { 0x0049, 29 }, // I
    { 0x004A, 31 }, // J
    { 0x004B, 29 }, // K
    { 0x004C, 29 }, // L
    { 0x004D, 32 }, // M
    { 0x004E, 32 }, // N
    { 0x004F, 30 }, // O
    { 0x0050, 29 }, // P
    { 0x0051, 30 }, // Q
    { 0x0052, 29 }, // R
    { 0x0053, 33 }, // S
    { 0x0054, 34 }, // T
    { 0x0055, 35 }, // U
    { 0x0056, 36 }, // V
    { 0x0057, 37 }, // W
    { 0x0058, 38 }, // X
    { 0x0059, 39 }, // Y
    { 0x005A, 40 }, // Z
    { 0x005B, 7 }, // [
    { 0x005C, 41 }, // <backslash>
    { 0x005D, 8 }, // ]
    { 0x005F, 42 }, // _
    { 0x0061, 43 }, // a
    { 0x0062, 44 }, // b
    { 0x0063, 45 }, // c
    { 0x0064, 45 }, // d
    { 0x0065, 45 }, // e
    { 0x0066, 46 }, // f
    { 0x0067, 47 }, // g
    { 0x0068, 44 }, // h
    { 0x0069, 48 }, // i
    { 0x006A, 49 }, // j
    { 0x006B, 44 }, // k
    { 0x006C, 44 }, // l
    { 0x006D, 50 }, // m
    { 0x006E, 50 }, // n
    { 0x006F, 45 }, // o
    { 0x0070, 51 }, // p
    { 0x0071, 45 }, // q
    { 0x0072, 50 }, // r
    { 0x0073, 52 }, // s
    { 0x0074, 53 }, // t
    { 0x0075, 54 }, // u
    { 0x0076, 55 }, // v
    { 0x0077, 55 }, // w
    { 0x0078, 56 }, // x
    { 0x0079, 57 }, // y
    { 0x007A, 58 }, // z
    { 0x007B, 7 }, // {
    { 0x007D, 8 }, // }
    { 0x007E, 10 }, // ~
    { 0x00A0, 59 }, // U+00A0
    { 0x00A1, 60 }, // U+00A1
    { 0x00A2, 61 }, // U+00A2
    { 0x00A3, 62 }, // U+00A3
    { 0x00A5, 63 }, // U+00A5
    { 0x00A9, 64 }, // U+00A9
    { 0x00AA, 65 }, // U+00AA
    { 0x00AB, 66 }, // U+00AB
    { 0x00AC, 10 }, // U+00AC
    { 0x00AD, 67 }, // U+00AD
    { 0x00AE, 9 }, // U+00AE
    { 0x00B0, 68 }, // U+00B0
    { 0x00B1, 62 }, // U+00B1
    { 0x00B2, 69 }, // U+00B2
    { 0x00B3, 69 }, // U+00B3
    { 0x00B7, 70 }, // U+00B7
    { 0x00B9, 69 }, // U+00B9
    { 0x00BA, 65 }, // U+00BA
    { 0x00BB, 71 }, // U+00BB
    { 0x00BC, 5 }, // U+00BC
    { 0x00BD, 5 }, // U+00BD
    { 0x00BE, 5 }, // U+00BE
    { 0x00BF, 72 }, // U+00BF
    { 0x00C0, 28 }, // U+00C0
    { 0x00C1, 28 }, // U+00C1
    { 0x00C2, 28 }, // U+00C2
    { 0x00C3, 28 }, // U+00C3
    { 0x00C4, 28 }, // U+00C4
    { 0x00C5, 28 }, // U+00C5
    { 0x00C6, 73 }, // U+00C6
    { 0x00C7, 30 }, // U+00C7
    { 0x00C8, 29 }, // U+00C8
    { 0x00C9, 29 }, // U+00C9
    { 0x00CA, 29 }, // U+00CA
    { 0x00CB, 29 }, // U+00CB
    { 0x00CC, 29 }, // U+00CC
    { 0x00CD, 29 }, // U+00CD
    { 0x00CE, 29 }, // U+00CE
    { 0x00CF, 29 }, // U+00CF
    { 0x00D0, 29 }, // U+00D0
    { 0x00D1, 32 }, // U+00D1
    { 0x00D2, 30 }, // U+00D2
    { 0x00D3, 30 }, // U+00D3
    { 0x00D4, 30 }, // U+00D4
    { 0x00D5, 30 }, // U+00D5
    { 0x00D6, 30 }, // U+00D6
    { 0x00D7, 25 }, // U+00D7
    { 0x00D8, 30 }, // U+00D8
    { 0x00D9, 35 }, // U+00D9
    { 0x00DA, 35 }, // U+00DA
    { 0x00DB, 35 }, // U+00DB
    { 0x00DC, 35 }, // U+00DC
    { 0x00DD, 39 }, // U+00DD
    { 0x00DE, 29 }, // U+00DE
    { 0x00DF, 46 }, // U+00DF
    { 0x00E0, 43 }, // U+00E0
    { 0x00E1, 43 }, // U+00E1
    { 0x00E2, 43 }, // U+00E2
    { 0x00E3, 74 }, // U+00E3
    { 0x00E4, 75 }, // U+00E4
    { 0x00E5, 43 }, // U+00E5
    { 0x00E6, 43 }, // U+00E6
    { 0x00E7, 45 }, // U+00E7
    { 0x00E8, 45 }, // U+00E8
    { 0x00E9, 45 }, // U+00E9
    { 0x00EA, 45 }, // U+00EA
    { 0x00EB, 45 }, // U+00EB
    { 0x00EC, 76 }, // U+00EC
    { 0x00ED, 48 }, // U+00ED
    { 0x00EE, 77 }, // U+00EE
    { 0x00EF, 78 }, // U+00EF
    { 0x00F0, 45 }, // U+00F0
    { 0x00F1, 50 }, // U+00F1
    { 0x00F2, 45 }, // U+00F2
    { 0x00F3, 45 }, // U+00F3
    { 0x00F4, 45 }, // U+00F4
    { 0x00F5, 45 }, // U+00F5
    { 0x00F6, 45 }, // U+00F6
    { 0x00F7, 10 }, // U+00F7
    { 0x00F8, 45 }, // U+00F8
    { 0x00F9, 54 }, // U+00F9
    { 0x00FA, 54 }, // U+00FA
    { 0x00FB, 54 }, // U+00FB
    { 0x00FC, 54 }, // U+00FC
    { 0x00FD, 57 }, // U+00FD
    { 0x00FE, 79 }, // U+00FE
    { 0x00FF, 57 }, // U+00FF
    { 0x0100, 28 }, // U+0100
    { 0x0101, 43 }, // U+0101
    { 0x0102, 28 }, // U+0102
    { 0x0103, 43 }, // U+0103
    { 0x0104, 28 }, // U+0104
    { 0x0105, 43 }, // U+0105
    { 0x0106, 30 }, // U+0106
    { 0x0107, 45 }, // U+0107
    { 0x0108, 30 }, // U+0108
    { 0x0109, 45 }, // U+0109
    { 0x010A, 30 }, // U+010A
    { 0x010B, 45 }, // U+010B
    { 0x010C, 30 }, // U+010C
    { 0x010D, 45 }, // U+010D
    { 0x010E, 29 }, // U+010E
    { 0x010F, 45 }, // U+010F
    { 0x0110, 29 }, // U+0110
    { 0x0111, 45 }, // U+0111
    { 0x0112, 29 }, // U+0112
    { 0x0113, 45 }, // U+0113
    { 0x0114, 29 }, // U+0114
    { 0x0115, 45 }, // U+0115
    { 0x0116, 29 }, // U+0116
    { 0x0117, 45 }, // U+0117
    { 0x0118, 29 }, // U+0118
    { 0x0119, 45 }, // U+0119
    { 0x011A, 29 }, // U+011A
    { 0x011B, 45 }, // U+011B
    { 0x011C, 30 }, // U+011C
    { 0x011D, 47 }, // U+011D
    { 0x011E, 30 }, // U+011E
    { 0x011F, 47 }, // U+011F
    { 0x0120, 30 }, // U+0120
    { 0x0121, 47 }, // U+0121
    { 0x0122, 30 }, // U+0122
    { 0x0123, 47 }, // U+0123
    { 0x0124, 29 }, // U+0124
    { 0x0125, 44 }, // U+0125
    { 0x0126, 29 }, // U+0126
    { 0x0127, 44 }, // U+0127
    { 0x0128, 29 }, // U+0128
    { 0x0129, 80 }, // U+0129
    { 0x012A, 29 }, // U+012A
    { 0x012B, 80 }, // U+012B
    { 0x012E, 29 }, // U+012E
    { 0x012F, 48 }, // U+012F
    { 0x0130, 29 }, // U+0130
    { 0x0131, 50 }, // U+0131
    { 0x0134, 31 }, // U+0134
    { 0x0135, 49 }, // U+0135
    { 0x0136, 29 }, // U+0136
    { 0x0137, 44 }, // U+0137
    { 0x0138, 50 }, // U+0138
    { 0x0139, 29 }, // U+0139
    { 0x013A, 44 }, // U+013A
    { 0x013B, 29 }, // U+013B
    { 0x013C, 44 }, // U+013C
    { 0x013D, 29 }, // U+013D
    { 0x013E, 44 }, // U+013E
    { 0x013F, 29 }, // U+013F
    { 0x0140, 44 }, // U+0140
    { 0x0141, 29 }, // U+0141
    { 0x0142, 44 }, // U+0142
    { 0x0143, 32 }, // U+0143
    { 0x0144, 50 }, // U+0144
    { 0x0145, 32 }, // U+0145
    { 0x0146, 50 }, // U+0146
    { 0x0147, 32 }, // U+0147
    { 0x0148, 50 }, // U+0148
    { 0x014A, 32 }, // U+014A
    { 0x014B, 50 }, // U+014B
    { 0x014C, 30 }, // U+014C
    { 0x014D, 45 }, // U+014D
    { 0x014E, 30 }, // U+014E
    { 0x014F, 45 }, // U+014F
    { 0x0150, 30 }, // U+0150
    { 0x0151, 45 }, // U+0151
    { 0x0152, 30 }, // U+0152
    { 0x0153, 45 }, // U+0153
    { 0x0154, 29 }, // U+0154
    { 0x0155, 50 }, // U+0155
    { 0x0156, 29 }, // U+0156
    { 0x0157, 50 }, // U+0157
    { 0x0158, 29 }, // U+0158
    { 0x0159, 50 }, // U+0159
    { 0x015A, 33 }, // U+015A
    { 0x015B, 52 }, // U+015B
    { 0x015C, 33 }, // U+015C
    { 0x015D, 52 }, // U+015D
    { 0x015E, 33 }, // U+015E
    { 0x015F, 52 }, // U+015F
    { 0x0160, 33 }, // U+0160
    { 0x0161, 81 }, // U+0161
    { 0x0162, 34 }, // U+0162
    { 0x0163, 53 }, // U+0163
    { 0x0164, 34 }, // U+0164
    { 0x0165, 53 }, // U+0165
    { 0x0168, 35 }, // U+0168
    { 0x0169, 54 }, // U+0169
    { 0x016A, 35 }, // U+016A
    { 0x016B, 54 }, // U+016B
    { 0x016C, 35 }, // U+016C
    { 0x016D, 54 }, // U+016D
    { 0x016E, 35 }, // U+016E
    { 0x016F, 54 }, // U+016F
    { 0x0170, 35 }, // U+0170
    { 0x0171, 54 }, // U+0171
    { 0x0172, 35 }, // U+0172
    { 0x0173, 54 }, // U+0173
    { 0x0174, 37 }, // U+0174
    { 0x0175, 55 }, // U+0175
    { 0x0176, 39 }, // U+0176
    { 0x0177, 57 }, // U+0177
    { 0x0178, 39 }, // U+0178
    { 0x0179, 40 }, // U+0179
    { 0x017A, 58 }, // U+017A
    { 0x017B, 40 }, // U+017B
    { 0x017C, 58 }, // U+017C
    { 0x017D, 40 }, // U+017D
    { 0x017E, 58 }, // U+017E
    { 0x017F, 46 }, // U+017F
    { 0x01A0, 30 }, // U+01A0
    { 0x01A1, 45 }, // U+01A1
    { 0x01AF, 35 }, // U+01AF
    { 0x01B0, 54 }, // U+01B0
    { 0x01CD, 28 }, // U+01CD
    { 0x01CE, 43 }, // U+01CE
    { 0x01CF, 29 }, // U+01CF
    { 0x01D0, 80 }, // U+01D0
    { 0x01D1, 30 }, // U+01D1
    { 0x01D2, 45 }, // U+01D2
    { 0x01D3, 35 }, // U+01D3
    { 0x01D4, 54 }, // U+01D4
    { 0x01D5, 35 }, // U+01D5
    { 0x01D6, 54 }, // U+01D6
    { 0x01D7, 35 }, // U+01D7
    { 0x01D8, 54 }, // U+01D8
    { 0x01D9, 35 }, // U+01D9
    { 0x01DA, 54 }, // U+01DA
    { 0x01DB, 35 }, // U+01DB
    { 0x01DC, 54 }, // U+01DC
    { 0x01E6, 30 }, // U+01E6
    { 0x01E7, 47 }, // U+01E7
    { 0x01F8, 32 }, // U+01F8
    { 0x01F9, 50 }, // U+01F9
    { 0x0218, 33 }, // U+0218
    { 0x0219, 52 }, // U+0219
    { 0x021A, 34 }, // U+021A
    { 0x021B, 53 }, // U+021B
    { 0x1EA0, 28 }, // U+1EA0
    { 0x1EA1, 43 }, // U+1EA1
    { 0x1EA2, 28 }, // U+1EA2
    { 0x1EA3, 43 }, // U+1EA3
    { 0x1EA4, 28 }, // U+1EA4
    { 0x1EA5, 43 }, // U+1EA5
    { 0x1EA6, 28 }, // U+1EA6
    { 0x1EA7, 43 }, // U+1EA7
    { 0x1EA8, 28 }, // U+1EA8
    { 0x1EA9, 43 }, // U+1EA9
    { 0x1EAA, 28 }, // U+1EAA
    { 0x1EAB, 43 }, // U+1EAB
    { 0x1EAC, 28 }, // U+1EAC
    { 0x1EAD, 43 }, // U+1EAD
    { 0x1EAE, 28 }, // U+1EAE
    { 0x1EAF, 43 }, // U+1EAF
    { 0x1EB0, 28 }, // U+1EB0
    { 0x1EB1, 43 }, // U+1EB1
    { 0x1EB2, 28 }, // U+1EB2
    { 0x1EB3, 43 }, // U+1EB3
    { 0x1EB4, 28 }, // U+1EB4
    { 0x1EB5, 43 }, // U+1EB5
    { 0x1EB6, 28 }, // U+1EB6
    { 0x1EB7, 43 }, // U+1EB7
    { 0x1EB8, 29 }, // U+1EB8
    { 0x1EB9, 45 }, // U+1EB9
    { 0x1EBA, 29 }, // U+1EBA
    { 0x1EBB, 45 }, // U+1EBB
    { 0x1EBC, 29 }, // U+1EBC
    { 0x1EBD, 45 }, // U+1EBD
    { 0x1EBE, 29 }, // U+1EBE
    { 0x1EBF, 45 }, // U+1EBF
    { 0x1EC0, 29 }, // U+1EC0
    { 0x1EC1, 45 }, // U+1EC1
    { 0x1EC2, 29 }, // U+1EC2
    { 0x1EC3, 45 }, // U+1EC3
    { 0x1EC4, 29 }, // U+1EC4
    { 0x1EC5, 45 }, // U+1EC5
    { 0x1EC6, 29 }, // U+1EC6
    { 0x1EC7, 45 }, // U+1EC7
    { 0x1EC8, 29 }, // U+1EC8
    { 0x1EC9, 48 }, // U+1EC9
    { 0x1ECA, 29 }, // U+1ECA
    { 0x1ECB, 48 }, // U+1ECB
    { 0x1ECC, 30 }, // U+1ECC
    { 0x1ECD, 45 }, // U+1ECD
    { 0x1ECE, 30 }, // U+1ECE
    { 0x1ECF, 45 }, // U+1ECF
    { 0x1ED0, 30 }, // U+1ED0
    { 0x1ED1, 45 }, // U+1ED1
    { 0x1ED2, 30 }, // U+1ED2
    { 0x1ED3, 45 }, // U+1ED3
    { 0x1ED4, 30 }, // U+1ED4
    { 0x1ED5, 45 }, // U+1ED5
    { 0x1ED6, 30 }, // U+1ED6
    { 0x1ED7, 45 }, // U+1ED7
    { 0x1ED8, 30 }, // U+1ED8
    { 0x1ED9, 45 }, // U+1ED9
    { 0x1EDA, 30 }, // U+1EDA
    { 0x1EDB, 45 }, // U+1EDB
    { 0x1EDC, 30 }, // U+1EDC
    { 0x1EDD, 45 }, // U+1EDD
    { 0x1EDE, 30 }, // U+1EDE
    { 0x1EDF, 45 }, // U+1EDF
    { 0x1EE0, 30 }, // U+1EE0
    { 0x1EE1, 45 }, // U+1EE1
    { 0x1EE2, 30 }, // U+1EE2
    { 0x1EE3, 45 }, // U+1EE3
    { 0x1EE4, 35 }, // U+1EE4
    { 0x1EE5, 54 }, // U+1EE5
    { 0x1EE6, 35 }, // U+1EE6
    { 0x1EE7, 54 }, // U+1EE7
    { 0x1EE8, 35 }, // U+1EE8
    { 0x1EE9, 54 }, // U+1EE9
    { 0x1EEA, 35 }, // U+1EEA
    { 0x1EEB, 54 }, // U+1EEB
    { 0x1EEC, 35 }, // U+1EEC
    { 0x1EED, 54 }, // U+1EED
    { 0x1EEE, 35 }, // U+1EEE
    { 0x1EEF, 54 }, // U+1EEF
    { 0x1EF0, 35 }, // U+1EF0
    { 0x1EF1, 54 }, // U+1EF1
    { 0x1EF2, 39 }, // U+1EF2
    { 0x1EF3, 57 }, // U+1EF3
    { 0x1EF4, 39 }, // U+1EF4
    { 0x1EF5, 57 }, // U+1EF5
    { 0x1EF6, 39 }, // U+1EF6
    { 0x1EF7, 57 }, // U+1EF7
    { 0x1EF8, 39 }, // U+1EF8
    { 0x1EF9, 57 }, // U+1EF9
    { 0x2012, 67 }, // U+2012
    { 0x2013, 67 }, // U+2013
    { 0x2014, 67 }, // U+2014
    { 0x2015, 67 }, // U+2015
    { 0x2018, 82 }, // U+2018
    { 0x2019, 83 }, // U+2019
    { 0x201A, 84 }, // U+201A
    { 0x201C, 82 }, // U+201C
    { 0x201D, 83 }, // U+201D
    { 0x201E, 84 }, // U+201E
    { 0x2022, 85 }, // U+2022
    { 0x2026, 11 }, // U+2026
    { 0x2030, 5 }, // U+2030
    { 0x2032, 2 }, // U+2032
    { 0x2033, 2 }, // U+2033
    { 0x2039, 66 }, // U+2039
    { 0x203A, 71 }, // U+203A
    { 0x20AC, 86 }, // U+20AC
    { 0x20B9, 87 }, // U+20B9
    { 0xFB00, 46 }, // U+FB00
    { 0xFB01, 46 }, // U+FB01
    { 0xFB02, 46 }, // U+FB02
    { 0xFB03, 46 }, // U+FB03
    { 0xFB04, 46 }, // U+FB04
};

static const int8_t sourceserif4_12_regularKernMatrix[] = {
       0,    0,    0,    0,    0,    0,    0,    0,    0,    0,  -41,  -32,    0,    0,    0,    0,  -24,   -8,  -12,    0,    0,    0,    0,    0,    0,    0,    0,  -34,    0,  -12,   -4,    0,   -4,   12,   -2,    0,    0,    0,    0,    0,    0,    0,  -12,    0,  -16,    0,  -20,    4,    0,   -4,   -8,  -12,    0,    0,    0,    0,    0,   -4,    0,    0,    0,    0,    0,    0,    0,  -20,    0,    0,    0,    0,    0,  -48,  -44,  -12,  -12,    4,   20,   20,    8,   20,  -12,    0,    0,    0,    0,    0,    0,
       0,    0,    0,    0,    0,    0,    0,    0,    0,    0,    0,  -15,    0,   -8,    0,    0,   -8,    0,    0,    0,    0,    0,    0,    0,    0,    0,    0,  -16,    0,    4,    0,    0,    0,    0,    0,   -8,   -8,    0,    0,    0,    0,    0,    0,    0,    0,    0,   -4,    0,    0,    0,    0,    0,    4,    0,    0,    0,    0,    0,    0,    0,    0,    0,    0,    0,    0,    0,    0,    0,    0,    0,    0,    0,  -16,    0,    0,    0,    0,    0,    0,    0,    0,    0,    0,    0,    0,    0,    0,
       0,    0,    0,    0,    0,    0,    0,    0,    0,    0,    0,    0,    0,   -4,    0,    0,    0,    0,    0,   -4,    0,   -4,    0,    0,    0,    0,    0,    0,    0,    0,    0,    0,    0,    0,    0,    0,    0,    0,    0,    0,    0,    0,    0,    0,    0,    0,    0,    0,    0,    0,    0,    0,    0,    0,    0,    0,    0,    0,    0,    0,    0,    0,    0,    0,    0,    0,    0,    0,    0,    0,    0,    0,    0,    0,    0,    0,    0,    0,    0,    0,    0,    0,    0,    0,    0,    0,    0,
       0,    0,    0,    0,    0,    0,    0,   -8,    0,    0,   -4,    0,    0,    0,    0,    0,  -12,   -4,   -8,   -8,    0,    0,    0,    0,    0,    0,    0,    0,    0,    0,   -4,    0,    0,  -24,  -12,  -28,  -24,    0,  -32,    0,    0,    0,    0,    0,   -4,    0,    0,    0,    0,    0,    0,    0,    0,    0,    0,    0,    0,    0,    0,    0,    0,    0,    0,    0,    0,   -8,  -12,    0,    0,    0,    0,    0,    0,    0,    0,    0,    0,    0,    0,    0,    0,    0,    0,    0,    0,    0,    0,
       0,    0,   -8,    0,    0,   -8,  -20,    0,    0,    0,    0,    0,   -8,    0,   -8,   -8,  -12,   -8,   -8,    0,   -8,   -4,  -16,    0,    0,    0,    0,  -12,    0,   -8,    0,    0,   -4,    0,   -4,    0,    0,    0,    0,    0,    0,    0,    0,    0,  -12,    0,    0,    0,   41,   -8,    0,   -8,   -4,   -8,   -8,   -4,    4,   -4,    0,    0,    0,    0,    0,    0,    0,  -17,  -16,    0,    0,  -24,  -16,   -9,  -16,    0,    0,    0,   12,   12,    8,   12,   -8,   -8,    0,    0,  -16,    0,    0,
       0,    0,    0,    0,    0,    0,    0,  -20,    0,    0,  -16,    0,    0,    0,    0,    0,    0,    0,    0,    0,    0,    0,    0,    0,    0,    0,    0,    0,    0,    0,    0,    0,    0,    0,    0,    0,    0,    0,    0,    0,    0,    0,    0,    0,    0,    0,    0,    0,    0,    0,    0,    0,    0,    0,    0,    0,    0,    0,    0,    0,    0,    0,    0,    0,    0,    0,    0,    0,    0,    0,    0,    0,    0,    0,    0,    0,    0,    0,    0,    0,    0,    0,    0,    0,    0,    0,    0,
       0,    0,    0,    0,    0,    0,    0,    0,    0,    0,  -40,    0,    0,    0,    0,    0,    0,    0,    0,    0,    0,    0,    0,    0,    0,    0,    0,  -48,    0,   -4,   -8,    0,    0,    8,    0,    0,    0,   -4,    0,    0,    0,    0,  -16,    0,   -8,    0,  -16,    0,    0,   -4,   -4,   -8,    0,    0,    0,    0,    0,   -4,    0,    0,    0,    0,    0,    0,    0,    0,    0,    0,    0,    0,    0,    0,  -68,  -16,  -16,    0,    8,    8,    0,    8,   -8,    0,    0,    0,    0,    0,    0,
       0,    0,    0,    0,    0,    0,    0,    0,    0,    0,    0,    0,    0,  -16,  -16,  -12,    0,   -8,    0,  -24,  -12,   -4,    0,    0,    0,    0,    0,    0,    0,    0,    0,    0,    0,    0,    0,    0,    0,    0,    0,    0,    0,    0,    0,    0,    0,    0,    0,    0,    0,    0,    0,    0,    0,    0,    0,    0,    0,    0,    0,    0,    0,    0,    0,    0,    0,    0,    0,    0,    0,    0,    0,    0,    0,    0,    0,    0,    0,    0,    0,    0,    0,    0,    0,    0,    0,    0,    0,
       0,  -32,    0,    0,    0,    0,    0,  -20,  -52,    0,  -16,    0,  -15,  -19,  -12,  -12,  -31,  -12,  -23,  -16,  -12,  -31,    0,    0,    0,    0,    0,    0,    0,  -24,    0,    0,    0,  -32,  -24,  -52,  -48,    0,  -40,    0,  -52,    0,   -8,    0,  -12,    0,   -8,    0,    5,    0,  -12,   -8,  -16,  -16,  -36,    0,  -16,   -8,    0,    0,    0,    0,    0,    0,  -56,  -23,  -16,    0,    0,    0,    0,    0,    0,   -8,   -8,    0,    0,    0,   -8,    0,   -8,  -40,  -40,    0,    0,    0,    0,
       0,    0,   -8,    0,    0,    0,    0,    0,    0,    0,  -56,  -33,    0,    0,    0,    0,  -20,    0,  -12,    8,   -4,   -4,    0,    0,    0,    0,    0,  -28,    0,    0,    0,    0,    0,    0,    0,    4,    4,    0,    0,    0,    0,    0,  -12,    0,  -12,    0,  -12,    0,    0,   -8,   -8,   -8,    0,   -4,    0,   -4,    0,   -8,    0,  -16,    0,    0,    0,    0,    0,  -17,  -24,    0,    0,  -12,    0,  -48,  -28,  -12,  -12,    0,   12,   12,    4,   12,   -8,    0,    0,  -32,    0,    0,    0,
       0,    0,    0,    0,    0,    0,    0,   -8,    0,    0,  -19,    0,    0,    0,    0,    0,    0,    0,    0,    0,    0,    0,    0,    0,    0,    0,    0,   -8,   -4,    0,    0,    0,    0,    0,   -8,   -8,   -8,   -4,  -12,    0,    0,  -16,    0,    0,    4,    0,    0,    8,    8,    8,    0,    0,    4,    0,    4,    0,    4,    0,    0,    0,    0,    0,    0,    0,    0,    0,    0,    0,    0,    0,    0,    0,   -8,    0,    0,    8,    8,    8,    0,    8,    0,    0,    8,    0,    0,    0,    0,
       0,  -16,    0,   -8,  -15,    0,    0,    0,  -19,  -12,    0,    0,    0,    0,    0,    0,   -8,   -4,   -4,   -8,   -4,   -8,   -8,  -12,  -16,    0,    0,    0,    0,   -4,    0,    0,    0,   -8,  -12,  -16,  -16,    0,  -16,    0,    0,    0,   -4,    0,   -8,    0,    0,    0,    0,    0,   -8,    0,   -4,   -8,  -12,    0,  -12,    0,    0,    0,   -8,    0,   -4,    0,  -15,  -12,  -16,  -23,  -23,  -27,    0,    0,    0,   -4,   -4,    0,    0,    0,    0,    0,    0,  -23,  -15,    0,  -12,   -4,  -19,
       0,    0,    0,    0,   -4,    0,    0,    0,    0,    0,   -4,    0,    0,    0,    0,    0,   -8,    0,    0,    0,    0,    0,    0,    0,    0,    0,    0,    0,    0,    0,    0,    0,    0,    0,   -8,   -8,   -8,    0,  -12,    0,    0,    0,    0,    0,   -4,    0,    0,    0,    0,    0,   -8,    0,    0,    0,    0,    0,    0,    0,    0,    0,    0,    0,    0,    0,    0,   -8,  -16,    0,    0,  -16,    0,    0,    0,    0,    0,    0,    0,    0,    0,    0,    0,    0,    0,    0,   -8,    0,    0,
       0,    0,    0,   -8,  -12,    0,    0,   -8,   -4,  -12,  -12,  -12,    0,    0,    0,    0,    0,   -8,    0,  -12,   -4,    0,    0,    0,   -8,    0,    0,    0,   -4,    0,   -8,   -4,    0,   -8,  -16,  -20,  -20,   -8,  -16,    0,   -8,  -12,    0,    0,    0,   -4,   -4,    0,    0,    0,   -8,    0,    0,    0,   -4,    0,   -4,    0,    0,    0,   -4,    0,    0,    0,   -4,    0,    0,  -12,   -8,  -12,    0,    0,  -12,    0,    0,    0,    0,    0,    0,    0,    0,   -4,   -4,    0,   -4,    0,   -4,
       0,   -8,    0,    0,    0,    8,    7,    7,    0,    0,   -8,    0,    4,    0,    0,    0,    4,    0,    0,    0,    0,    0,    0,    8,    0,    0,    8,    0,    0,    0,    0,    0,    0,    0,    0,  -12,  -12,    0,  -12,    4,    0,  -12,    0,    0,    4,    0,    0,    0,    0,    0,   -4,    0,    4,    0,   -4,    0,    0,    0,    0,    0,    0,    0,    0,    0,    0,    8,    8,   -8,  -12,    0,    0,    0,   -4,    0,    0,    0,    0,    0,    0,    0,    0,   -8,    0,    0,    0,    0,    0,
       0,    0,    0,   -4,    0,    4,    0,    0,    0,    0,  -15,   -8,    0,    0,    0,    0,    0,   -4,   -4,   -4,    0,   -8,    0,    0,   -4,    0,    0,   -8,    0,    0,    0,    0,    0,    0,   -4,   -4,   -4,    0,   -4,    0,    0,  -12,    0,    0,    0,   -4,    0,    0,    0,    0,   -4,    0,    0,    0,   -4,    0,   -4,    0,    0,    0,    0,    0,    0,    0,    0,    0,    0,    0,   -4,   -4,    0,    0,   -4,    0,    0,    0,    0,    0,    0,    0,    0,    0,    0,    0,    0,    0,    0,
       0,    0,    0,   -4,    0,    0,    0,    0,    0,    0,   -8,   -8,    0,   -4,   -4,    0,    0,   -4,    0,   -8,    0,   -8,    0,    0,   -8,    0,    0,   -4,    0,    0,   -4,    0,    0,    0,   -4,   -4,   -4,    0,   -4,    0,    0,  -12,    0,    0,    0,    0,    0,    0,    0,    0,   -4,    0,    0,    0,   -4,    0,   -4,    0,    0,    0,    0,    0,    0,    0,   -4,    0,    0,   -8,  -16,   -8,    0,    0,    0,    0,    0,    0,    0,    0,   -4,    0,    0,   -8,    0,    0,    0,    0,   -4,
       0,    0,   -8,   -8,   -4,  -13,    0,    0,    0,   -8,  -44,  -28,    0,    0,   -8,   -8,  -21,  -16,  -16,    0,  -10,   -8,   -8,    0,    0,    0,  -16,  -29,    0,   -4,    0,    0,    0,    0,   -4,    0,    0,    0,    0,    0,    8,  -52,  -12,    0,  -16,   -4,  -16,    0,    0,  -12,  -12,  -12,    0,   -8,   -4,   -8,   -4,   -8,    0,    0,  -12,   -8,    4,    0,    0,  -20,  -24,    0,    0,  -20,   -8,    0,  -32,  -12,  -12,    0,    8,    8,    0,    8,  -12,    0,    8,    0,  -12,  -12,    0,
       0,    0,    0,   -4,    0,    0,    0,   -8,    0,    0,  -43,  -28,    0,    0,    0,    0,    0,  -12,   -8,   -8,   -8,    0,    0,    0,   -8,    0,    0,  -24,  -12,    0,   -8,   -4,    0,    0,  -12,  -16,  -16,  -12,  -20,    0,    0,  -40,   -4,   -4,    0,    0,   -4,    0,    0,   -4,   -4,    0,    4,    0,    4,    0,    4,    0,    0,    0,    0,    0,    0,    0,    0,    0,    0,    0,   -7,   -4,    0,    0,  -24,   -4,   -4,    0,    0,    0,    0,    0,    0,    0,    0,    0,    0,    0,    0,
       0,    0,    0,    0,    0,    0,    0,    0,    0,    0,    0,    0,    0,  -12,    0,    0,    0,    0,    0,   -8,    0,    0,    0,    0,    0,    0,    0,    0,    0,    0,    0,    0,    0,    0,   -4,  -12,  -12,   -4,  -20,    0,    0,    0,    0,    0,    0,    0,    0,    0,    0,    0,    0,    0,    0,    0,    0,    0,    0,    0,    0,    0,    0,    0,    0,    0,    0,    0,    0,    0,    0,    0,    0,    0,    0,    0,    0,    0,    0,    0,    0,    0,    0,    0,    0,    0,    0,    0,    0,
       0,    0,    0,    0,    0,    0,    0,    0,    0,    0,    0,    0,    0,   -8,   -8,   -4,    0,   -4,   -8,    0,   -8,   -8,    0,    0,    0,    0,    0,    0,    0,    0,    0,    0,    0,    0,    0,    0,    0,    0,    0,    0,    0,    0,    0,    0,    0,    0,    0,    0,    0,    0,    0,    0,    0,    0,    0,    0,    0,    0,    0,    0,    0,    0,    0,    0,    0,    0,    0,    0,    0,    0,    0,    0,    0,    0,    0,    0,    0,    0,    0,    0,    0,    0,    0,    0,    0,    0,    0,
       0,    0,    0,    0,    0,    0,    0,    0,    0,    0,    0,    0,    0,  -12,   -4,   -8,    4,    0,    0,  -12,    0,    0,    0,    0,    0,    0,    0,    0,    0,    0,    0,    0,    0,    0,    0,    0,    0,    0,    0,    0,    0,    0,    0,    0,    0,    0,    0,    0,    0,    0,    0,    0,    0,    0,    0,    0,    0,    0,    0,    0,    0,    0,    0,    0,    0,    0,    0,    0,    0,    0,    0,    0,    0,    0,    0,    0,    0,    0,    0,    0,    0,    0,    0,    0,    0,    0,    0,
       0,    0,    0,    0,    0,    0,    0,  -16,    0,    0,  -48,  -32,    0,    0,    0,    0,    0,    0,    0,    0,    0,    0,    0,    0,    0,    0,    0,    0,    0,    0,    0,    0,    0,    0,    0,    0,    0,    0,    0,    0,    0,    0,    0,    0,    0,    0,    0,    0,    0,    0,    0,    0,    0,    0,    0,    0,    0,    0,    0,    0,    0,    0,    0,    0,    0,  -24,    0,    0,    0,    0,   -8,    0,    0,    0,    0,    0,    0,    0,    0,    0,    0,    0,    0,    0,    0,    0,    0,
       0,    0,    0,    0,    0,    0,    0,    0,    0,    0,    0,    0,    0,    0,    0,    0,    0,   -4,    0,    0,    0,    0,    0,    0,    0,    0,    0,    0,    0,    0,    0,    0,    0,    0,    0,    0,    0,    0,    0,    0,    0,  -32,    0,   -4,    0,    0,   -4,    0,    0,    0,   -4,    0,    0,    0,    0,    0,    0,    0,    0,    0,    0,    0,    0,    0,    0,    0,    0,    0,    0,    0,    0,    0,    0,    0,    0,    0,    0,    0,    0,    0,    0,    0,    0,    0,    0,    0,    0,
       0,  -24,    0,    0,    0,    0,    0,  -12,  -44,    0,    0,    0,   -4,    0,    0,   -4,  -16,    0,   -8,  -12,    0,   -8,    0,    0,    0,    0,    0,    4,   -4,  -16,   -6,   -4,    0,  -24,  -28,  -48,  -40,    0,  -36,    0,  -24,    0,   -2,    0,   -8,    0,    0,    0,   -4,    0,  -12,    0,   -8,   -8,  -24,    0,  -20,    0,    0,    0,    0,    0,    0,   -4,  -44,  -12,  -12,    0,  -56,  -24,    0,    0,    0,   -2,   -2,    0,    0,    0,   -8,    0,    0,  -36,  -32,    0,  -12,    0,    0,
       0,   -4,    0,    0,    0,    0,    0,   -8,   -4,    0,  -12,   -8,    0,   -4,   -8,   -4,    0,    0,    0,   -4,    0,   -4,    0,    0,    0,    0,    0,  -12,  -10,   -4,   -6,   -8,    0,   -8,  -12,  -20,  -16,  -12,  -20,   -4,   -8,   -9,    0,   -4,    0,   -8,    0,    0,    0,    0,   -4,    0,    0,   -8,   -8,   -4,   -4,    0,    0,    0,    0,    0,    0,    0,    0,    0,    0,    0,  -12,   -4,    0,    0,  -20,    0,    0,    0,    0,    0,   -4,    0,    0,   -4,    0,    0,    0,    0,    0,
       0,    8,    0,    0,    0,    0,    0,    0,    0,    0,    0,    0,    0,    0,    0,    0,    0,    0,    0,    0,    0,    0,    0,    0,    0,    0,    0,    0,    0,    0,    0,    0,    0,    0,   -4,   -4,   -4,    0,   -8,    0,    0,   -4,    0,    0,    0,    0,    0,    0,    0,    0,   -4,    0,    0,   -4,    0,    0,    0,    0,    0,    0,    0,    0,    0,    0,    4,    0,    0,    0,    0,   -8,    0,    0,   -8,    0,    0,    0,    0,    0,    0,    0,    0,    4,    8,    0,    0,    0,    0,
       0,    0,    0,    0,    0,    0,    0,   -8,    0,    0,  -16,  -12,    0,   -4,   -8,   -4,   -4,    0,    0,   -4,    0,    0,    0,    0,    0,    0,    8,  -24,  -12,    4,   -4,   -8,    0,   -8,   -8,  -20,  -20,  -16,  -24,   -4,   -8,  -28,    0,   -4,    0,    0,   -4,    0,    0,    0,   -4,   -4,    0,    0,    0,   -4,    0,    0,    0,    0,    0,    0,    0,    4,    0,    0,    0,    0,   -8,    0,    0,    0,  -32,    0,    0,    0,    0,    0,    0,    0,   -4,   -8,    0,    0,    0,    0,    0,
       0,    0,    0,    0,    0,    0,    0,    0,    0,    0,    0,    0,    0,    0,    0,   -4,    0,    0,    0,    0,    0,    0,    0,    0,    0,    0,    0,    0,    0,    0,    0,    0,    0,    0,   -6,   -6,   -6,    0,   -6,    0,    0,    0,    0,    0,    0,    0,   -4,    0,    0,    0,   -8,    0,    0,   -4,   -8,    0,   -8,    0,    0,    0,    0,    0,    0,    0,    0,    0,    0,    0,    0,   -8,    0,    0,    0,    0,    0,    0,    0,    0,    0,    0,    0,    0,    0,    0,   -4,    0,    0,
       0,    4,    0,    0,    0,   -5,    0,    0,    4,    0,  -36,  -24,    0,    0,   -4,   -4,  -13,   -8,   -8,    4,    0,    0,    0,    0,    0,    0,   -9,  -29,   -4,   -4,    0,    0,    0,    4,    0,    0,    0,    0,    0,    0,    4,  -48,  -16,    0,  -16,  -12,  -24,   -4,    0,   -8,  -16,  -18,    0,   -8,   -8,  -12,   -8,  -12,    0,    0,    0,    0,    0,    0,    0,  -12,   -8,    0,    0,  -12,   -4,    0,  -52,  -16,  -16,   -4,    8,    8,    4,    8,  -18,    8,    4,    0,   -8,    0,    0,
       0,    0,    0,    0,    0,    0,    0,   -4,    0,    0,   -4,   -8,    0,   -4,   -8,   -4,    0,    0,    0,    0,    0,    0,    0,    0,    0,    0,    4,   -4,   -4,    4,    0,    0,    0,   -4,   -6,  -16,  -16,   -8,  -20,   -4,    0,  -16,    0,    0,    0,    0,    0,    0,    0,    0,   -4,    0,    0,    0,    0,    0,    0,    0,    0,    0,    0,    0,    0,    0,    0,    8,    8,    0,  -12,    0,    0,    0,  -16,    0,    0,    0,    0,    0,    0,    0,    0,    0,    0,    0,    0,    0,    0,
       0,    0,    0,    0,    0,    0,    0,    0,    0,    0,    0,    0,   -4,   -8,   -4,   -4,  -16,   -4,   -8,    0,   -4,   -8,    0,    0,    0,    0,    0,    0,    0,  -10,    0,    0,    0,    0,    0,    0,    0,    0,    0,    0,    0,    0,   -8,    0,   -8,   -8,   -8,    0,    0,    0,  -12,   -8,   -4,   -8,  -16,    0,  -12,    0,    0,    0,    0,    0,    0,    0,    0,   -8,    0,    0,    0,    0,    0,    0,    0,   -8,   -8,    0,    4,    4,    0,    4,   -8,    0,    0,    0,    0,    0,    0,
       0,    0,    0,    0,    0,    0,    0,    0,    0,    0,  -20,  -13,    0,   -8,   -4,   -8,  -16,   -4,   -8,    0,    0,   -8,   -8,    0,    0,    0,   -4,  -16,    0,   -4,   -4,    0,   -4,    0,    0,    0,    0,    0,    0,    0,    0,  -28,  -10,    0,   -8,  -16,  -12,   -4,   -4,  -12,  -16,  -12,   -8,  -12,  -12,   -8,  -12,   -8,    0,    0,    0,    0,    0,    0,    0,   -8,   -4,    0,    0,   -8,   -8,    0,  -20,  -10,  -10,   -4,    6,    6,    0,    6,  -12,    0,    0,    0,    0,    0,    0,
       0,    0,    0,    0,    0,    0,    0,    0,    0,    0,    0,    0,   -4,    0,    0,    0,    0,    0,   -8,    0,   -4,   -8,    0,    0,    0,    0,    0,    4,    0,  -12,   -8,    0,    0,    0,   -4,   -4,   -4,    0,   -4,    4,    0,    0,   -4,    0,   -8,    0,   -4,    0,    0,    0,  -12,    0,   -8,   -8,  -24,    0,  -20,    0,    0,    0,    0,    0,    0,   -9,    0,  -12,  -12,    0,    0,  -32,    0,    0,    0,   -4,   -4,    0,    8,    8,    0,    8,    0,    0,    0,    0,  -20,    0,    0,
       0,  -44,    0,    0,    0,    0,    0,  -12,  -40,    0,    0,    0,    0,   -8,   -8,    0,   -8,    0,    0,  -12,    0,  -12,    0,    0,    0,    0,    0,    0,   -8,   -8,   -8,   -4,   -8,  -32,  -20,  -48,  -40,   -8,  -43,   -8,  -24,    0,    0,    0,    0,   -4,    0,    0,    0,    0,   -8,    0,   -4,  -10,  -16,    0,  -12,    0,    0,    0,    0,    0,    0,    0,  -47,    0,    0,    0,  -60,  -23,    0,    0,   -4,    0,    0,    0,    0,    0,  -12,    0,    0,  -33,  -28,    0,  -12,    0,    0,
       0,    0,    0,    0,    0,    0,    0,    0,    0,    0,  -12,  -13,    0,  -12,   -8,   -8,  -12,   -8,   -8,    0,   -4,   -8,   -4,    0,    0,    0,    0,  -16,   -4,   -8,    0,    0,   -4,    0,   -4,    0,    0,   -4,    0,    0,    0,  -24,   -5,    0,   -5,   -8,   -8,    0,    0,   -4,   -9,   -5,   -4,   -8,   -8,   -8,   -8,   -8,    0,    0,    0,    0,    0,    0,    0,   -8,    0,    0,    0,   -4,   -4,    0,  -28,   -5,   -5,    0,    4,    4,    0,    4,   -5,    0,    0,    0,    0,    0,    0,
       0,  -12,    0,    0,    0,    0,    0,   -8,   -4,    0,  -16,   -8,    0,   -4,    0,   -4,    0,    0,    0,    0,    0,    0,    0,    0,    0,    0,    8,  -16,  -10,    4,   -4,   -8,    0,   -4,   -8,  -16,  -12,  -12,  -16,    0,   -4,  -20,    0,    0,    0,    0,    0,    0,    0,    0,    0,    0,    0,    0,    0,    0,    0,    0,    0,    0,    0,    0,    0,    4,    4,    8,    4,    0,   -4,    0,    0,    0,  -24,    0,    0,    0,    0,    0,   -4,    0,    0,    0,    0,    0,    0,    0,    0,
       0,    4,    0,    0,    0,    0,    0,   -4,    8,    0,  -40,  -20,    0,    0,    0,    0,   -8,    0,    0,    0,    0,    0,    4,    0,    0,    0,    0,  -25,   -4,    0,   -4,    0,    4,    4,   -8,   -4,   -4,   -8,   -8,    4,    4,  -57,    0,    0,   -8,    0,   -8,    4,    0,   -4,    0,    0,    8,    0,    4,    0,    8,    0,    0,    0,    0,    0,    0,    4,    8,    0,    0,    0,    0,    0,    0,    0,  -44,    0,    0,    4,    4,    4,    0,    4,    0,   12,    8,    0,    0,    0,    0,
       0,  -16,    0,    0,    0,    0,    0,    0,   -4,    0,    0,    0,   -4,   -4,    0,    0,  -12,    0,   -4,   -8,    0,   -8,    0,    0,    0,    0,    0,    4,    0,   -8,   -4,    0,    0,  -12,  -12,  -24,  -20,    4,  -20,    4,   -8,    8,    0,    0,   -4,    0,    0,    0,    0,    0,   -4,    0,   -4,   -4,   -8,    0,   -8,    0,    0,    0,    0,    0,    0,   -4,   -8,   -8,   -4,    0,  -16,  -16,   -4,    0,    4,    0,    0,    0,    0,    0,   -4,    0,    0,  -12,   -5,    0,  -12,    0,    0,
       0,    0,    0,    0,    0,    0,    0,   -4,    0,    0,   -8,   -8,    0,   -8,   -8,    0,    0,    0,    0,   -4,    0,   -4,    0,    0,    0,    0,    0,   -8,   -4,    0,   -4,   -4,   -4,   -4,  -12,  -12,  -12,   -4,  -12,    0,    0,  -16,    0,   -4,    0,   -8,   -4,    0,    0,    0,   -4,    0,   -4,   -4,   -8,   -4,   -8,    0,    0,    0,    0,    0,    0,    0,    0,    0,    0,    0,   -8,    0,    0,    0,  -16,    0,    0,    0,    0,    0,   -4,    0,    0,   -4,    0,    0,    0,    0,    0,
       0,   12,    0,    0,    0,    0,    0,    0,    8,    0,  -32,  -17,    0,    0,    0,    0,  -20,    0,   -9,    4,    0,    0,    0,    0,    0,    0,   -8,  -28,    0,   -4,    0,    0,    0,    4,   -4,    0,    0,    0,    0,    4,    8,  -33,  -16,    0,  -28,   -4,  -16,    0,    0,  -12,  -28,  -20,    0,   -9,  -16,  -13,  -16,  -24,   -8,    0,    0,    0,    0,    0,    8,  -20,  -17,    0,    8,  -16,    0,    0,  -32,  -16,  -16,    0,   12,   12,    0,   12,  -20,    8,   12,    0,   -8,    0,    0,
       0,    0,    0,    0,    0,   -5,    0,   -4,    0,    0,  -32,  -25,   -4,   -8,  -12,  -12,  -16,  -12,  -16,    0,  -12,   -8,   -4,    0,    0,    0,    0,  -32,   -8,  -12,   -6,   -4,   -8,   -4,   -8,   -8,   -4,   -4,    0,   -4,    0,  -32,  -16,    0,  -12,   -8,  -16,   -8,   -8,  -12,  -16,  -16,   -8,  -12,   -8,  -12,  -12,  -12,    0,    0,    0,    0,    0,    0,    0,  -16,   -4,    0,   -4,   -8,   -8,    0,  -32,  -16,  -16,   -8,    4,    4,    0,    4,  -16,    0,    0,    0,   -4,    0,    0,
       0,    0,    0,    0,    0,  -17,    0,    0,    0,    0,  -56,  -36,  -16,   -8,  -12,   -8,  -32,  -12,  -28,    4,  -16,   -8,  -16,    0,    0,    0,  -21,  -48,    0,  -20,    0,    0,   -8,    0,   -4,    0,    0,    0,    0,   -4,    4,  -64,  -32,    0,  -28,  -20,  -32,  -12,   -8,  -24,  -28,  -36,  -12,  -24,  -16,  -28,  -24,  -24,  -16,    0,    0,    0,    0,  -12,    0,  -32,  -28,    0,    0,  -28,  -20,    0,  -56,  -52,  -56,  -12,    4,   16,    0,    4,  -36,    0,    0,    0,  -16,    0,    0,
       0,    0,    0,    0,    0,  -13,    0,    0,    0,    0,  -48,  -36,  -16,   -8,  -16,   -8,  -28,  -12,  -20,    0,  -12,  -12,  -16,    0,    0,    0,  -21,  -44,    0,  -16,    0,   -4,   -8,    0,   -4,    0,    0,    0,    0,   -4,    4,  -53,  -28,    0,  -28,  -16,  -32,   -8,   -8,  -20,  -28,  -28,  -10,  -20,  -16,  -20,  -16,  -24,  -16,    0,    0,    0,    0,  -12,    0,  -28,  -24,    0,    0,  -24,  -20,    0,  -52,  -48,  -28,   -8,    0,   16,    0,    0,  -28,    0,    8,    0,  -16,    0,    0,
       0,    0,    0,    0,    0,    0,    0,    0,    0,    0,    0,    0,    0,    0,    0,   -8,  -16,    0,   -8,    0,   -4,   -8,   -4,    0,    0,    0,    0,    0,    0,  -12,    0,    0,    0,   -4,   -4,    0,    0,    0,    0,    4,    0,    0,    0,    0,  -12,    0,    0,    0,   -8,    0,  -12,   -4,  -12,  -16,  -28,    0,  -20,    0,    0,    0,    0,    0,    0,   -8,    0,  -16,  -16,    0,    0,  -28,    0,    0,    0,    0,    0,    0,    0,    0,    0,    0,   -4,    0,    0,    0,  -16,    0,    0,
       0,    0,    0,    0,    0,  -16,    0,    0,    0,    0,  -40,  -36,  -12,  -12,  -12,  -12,  -32,  -16,  -28,    0,  -16,  -16,  -24,    0,    0,    0,  -20,  -36,    0,  -20,    0,    0,  -16,    0,    0,    0,    0,    0,    0,    0,    4,  -44,  -32,    0,  -36,  -24,  -38,  -16,   -8,  -28,  -36,  -32,  -24,  -32,  -28,  -24,  -28,  -32,  -12,    0,    0,    0,    0,  -16,    0,  -32,  -32,    0,    0,  -35,  -24,    0,  -36,  -56,  -32,  -24,    4,   12,    0,   12,  -32,    0,    0,    0,  -20,    0,    0,
       0,    0,    0,    0,    0,    0,    0,    0,    0,    0,    0,    0,    0,    0,    0,    0,    0,    0,    0,    0,    0,   -4,    0,    0,    0,    0,    0,    0,    0,   -4,    0,    0,    0,   -4,   -8,   -4,   -4,    0,   -4,    0,    0,    0,    0,    0,    0,    0,    0,    0,    0,    0,   -4,    0,    0,   -4,  -12,    0,  -12,    0,    0,    0,    0,    0,    0,    0,    0,    0,    0,    0,    0,   -8,    0,    0,    0,    0,    0,    0,    8,    8,    0,    8,    0,   -4,    0,    0,   -8,    0,    0,
       0,  -32,    0,    0,    0,    0,    0,    0,    0,    0,    8,    0,   -8,    0,    0,    0,  -12,   -8,   -8,  -16,    0,   -8,    0,    0,    0,    0,    0,    0,    0,  -12,   28,    0,    0,  -24,  -20,  -40,  -36,    0,  -32,    0,  -33,    0,    0,    0,    0,    0,    0,    0,   37,    0,    0,    0,   -4,    0,   -8,    0,   12,    0,    0,    0,    0,    0,    0,    0,    0,  -12,   -8,    0,    0,  -16,    0,    0,    0,    0,    0,    0,    0,    0,    0,    0,    0,  -32,  -32,    8,    0,    0,    0,
       0,    0,    0,    0,    0,    0,    0,    0,    0,    0,    0,    0,  -16,    0,    0,   -8,  -28,   -8,  -12,   -8,  -12,   -8,    0,    0,    0,    0,    0,    0,    0,  -20,   13,    0,   -8,  -33,  -40,  -60,  -56,    0,  -44,    0,    0,    0,   -4,    0,  -20,    0,    0,    0,    0,    0,   -8,   -8,  -20,  -16,  -28,    0,  -23,    0,    0,    0,    0,    0,    0,    0,    0,    0,    0,    0,    0,    0,    0,    0,    0,   -4,   -4,    0,    0,    0,   -8,    0,   -8,    0,    0,    0,    0,    0,    0,
       0,  -24,    0,    0,    0,    0,    0,    0,  -16,    0,    0,    0,    0,   -8,    0,    0,   -4,    0,   -4,   -8,    0,  -12,    0,    0,    0,    0,    0,    4,    0,   -4,   -8,    0,    0,  -20,  -20,  -40,  -36,    0,  -32,    0,  -16,    0,    0,    0,    0,    0,   -4,    0,    0,   -2,   -8,    0,    0,    0,   -8,    0,   -4,    0,    0,    0,    0,    0,    0,    0,  -16,    0,   -4,    0,  -24,    0,    0,    0,    0,    0,    0,    0,    0,    0,   -8,    0,    0,  -20,  -12,    0,   -4,    0,    0,
       0,  -16,    0,    0,    0,    0,    0,   -4,   -8,    0,   -8,   -8,    0,  -12,   -4,   -4,    0,   -4,    0,  -16,    0,    0,    0,    0,    0,    0,    0,  -16,   -8,    0,   -4,   -4,   -4,  -24,  -16,  -32,  -28,   -8,  -32,    0,   -8,  -20,    0,   -4,    0,    0,    0,    0,    0,    0,   -4,    0,   -4,   -4,    0,   -8,   -4,    0,    0,    0,    0,    0,    0,    0,  -12,    0,    4,    0,  -20,    0,    0,    0,   -8,    0,    0,    0,    0,    0,   -4,    0,    0,  -20,   -8,    0,    0,    0,    0,
       0,    0,    0,    0,    0,    0,    0,    0,    0,    0,    0,    0,    0,   -8,    0,    0,   -8,    0,    0,   -5,    0,    0,    0,    0,    0,    0,    0,   -4,   -4,    0,   -8,    0,    0,  -16,  -12,  -28,  -24,   -8,  -24,    0,    0,   -8,    0,   -4,    0,    0,    0,    0,    0,    0,   -4,    0,    0,    0,    0,    0,    0,    0,    0,    0,    0,    0,    0,    0,    0,    0,    0,    0,   -8,    0,    0,    0,    0,    0,    0,    0,    0,    0,    0,    0,    0,   -4,    0,    0,    0,    0,    0,
       0,   -8,    0,    0,    0,   -4,    0,    0,   -8,    0,    0,    0,    0,    0,    0,    0,   -4,    0,    0,   -4,    0,   -4,    0,    0,    0,    0,    0,    0,    0,    0,    0,    0,    0,   -8,   -8,  -16,  -12,    0,  -16,    0,    0,    0,   -4,    0,    0,    0,   -4,    0,    0,    0,   -8,    0,    0,   -4,   -4,    0,   -4,    0,    0,    0,    0,    0,    0,    0,    0,   -8,    0,    0,   -8,    0,    0,    0,    0,   -4,   -4,    0,    0,    0,    0,    0,    0,  -12,   -8,    0,   -4,    0,    0,
       0,   -8,    0,    0,    0,    0,    0,   -4,   -8,    0,   -8,   -4,    0,   -8,   -4,    0,    0,    0,    0,  -12,    0,    0,    0,    0,    0,    0,    0,   -8,   -4,    0,   -8,    0,    0,  -20,  -12,  -28,  -24,   -8,  -28,    0,   -8,  -16,   -4,   -4,    0,   -4,    0,    0,    0,    0,   -4,    0,    0,    0,   -4,    0,   -4,    0,    0,    0,    0,    0,    0,    0,   -8,    4,    4,    0,  -12,    0,    0,    0,   -8,   -4,   -4,    0,    0,    0,   -4,    0,    0,  -12,   -4,    0,    0,    0,    0,
      16,   28,    0,    0,    0,    0,    0,   36,   21,    0,  -12,   -8,   12,    9,    8,   12,    0,    8,    0,   28,    8,   12,    0,    0,    0,   16,    0,    0,    9,    0,   13,   21,   12,   25,   21,   29,   29,   25,   29,   21,   40,   -8,    0,   -4,   -6,    0,    0,   12,   12,    0,    0,    0,    0,   -4,    4,    0,    4,    0,    0,    0,    0,    0,    0,    0,   32,  -12,    0,    0,   29,    0,    0,    0,    0,    0,    0,   36,   24,   56,   -4,   24,    0,   29,   24,    0,    0,    0,    0,
       0,    0,    0,    0,    0,   -8,    0,    0,    0,    0,    0,    4,    4,   -8,    0,   -4,   -8,   -4,    0,  -16,    0,    0,    0,    0,    0,    0,    0,    0,    0,    0,   21,    0,    0,   -8,  -12,  -16,  -16,    0,  -28,    0,   -4,    0,   -8,   -4,   -4,    0,   -4,    0,    9,    0,    0,    0,    0,    0,    2,    0,    4,    0,    0,    0,    0,    0,    0,    0,    0,   -4,    0,    0,    0,    0,    0,    0,    0,   -8,   -8,    0,    0,    0,    0,    0,    0,    0,    4,    0,    0,    0,    0,
       0,  -20,    0,    0,    0,    0,    0,   -4,  -28,    0,    0,    0,   -4,    0,   -4,   -4,  -12,    0,    0,  -16,    0,  -12,    0,    0,    0,    0,    0,    0,    0,    0,   -8,    0,    0,  -24,  -12,  -36,  -32,    0,  -28,    0,  -20,    0,    0,    0,    0,    0,    0,    0,    0,    0,   -6,    0,   -2,   -2,  -12,    0,  -12,    0,    0,    0,    0,    0,    0,    0,  -24,   -4,    0,    0,  -28,    0,    0,    0,    0,    0,    0,    0,    0,    0,   -4,    0,    0,  -28,  -16,    0,   -4,    0,    0,
       0,    0,    0,    0,    0,    0,    0,    0,    0,    0,    0,    0,    0,    0,    0,    0,    0,    0,    0,    0,    0,    0,    0,    0,    0,    0,    0,    0,    0,    0,    0,    0,    0,   -8,   -8,   -8,   -8,    0,   -8,    0,    0,    0,    0,    0,    0,    0,    0,    0,    0,    0,   -4,    0,    0,    0,   -6,    0,   -6,    0,    0,    0,    0,    0,    0,    0,    0,   -4,    0,    0,   -8,    0,    0,    0,    0,    0,    0,    0,    0,    0,    0,    0,    0,    0,    0,    0,    0,    0,    0,
       0,    0,    0,    0,    0,    0,    0,    0,    0,    0,   -4,   -4,    0,    0,    0,    0,   -4,    0,    0,    0,    0,    0,   -4,    0,    0,    0,    0,   -4,    0,    0,    0,    0,    0,    0,   -8,   -4,   -4,   -4,   -4,    0,    0,  -12,    0,    0,    0,    0,   -4,    0,    0,    0,    0,    0,    0,    0,    0,    0,    0,    0,    0,    0,    0,    0,    0,    0,    0,   -8,    0,    0,    0,    0,    0,    0,   -4,    0,    0,    0,    0,    0,    0,    0,    0,    0,    0,    0,    0,    0,    0,
       0,    0,    0,    0,    0,    0,    0,   -4,    0,    0,    0,    0,    0,    0,    0,    0,  -12,    0,    0,   -8,    0,    0,    0,    0,    0,    0,    0,    8,    0,    0,   -8,    0,    0,  -16,  -16,  -28,  -20,    4,  -28,    4,    0,    0,    0,    0,   -8,    0,    0,    0,    0,    0,   -4,   -4,    0,    0,    0,    0,    0,    0,    0,    0,    0,    0,    0,    0,    0,  -12,   -8,    0,    0,    0,    0,    0,    4,    0,    0,    0,    0,    0,   -4,    0,   -4,    0,    0,    0,    0,    0,    0,
       0,   -8,    0,    0,    0,    0,    0,    4,   -8,    0,    0,    0,    0,   -4,   -4,   -4,    0,    0,    0,   -8,    0,    0,    0,    0,    0,    0,    0,   -4,   -8,    0,    0,   -8,    0,  -20,  -16,  -32,  -28,    0,  -32,    0,   -4,    0,   -4,   -4,    0,    0,    0,    0,   13,    0,    0,    0,    0,    0,    0,    0,    8,    0,    0,    0,    0,    0,    0,    0,    0,   -4,    0,    0,  -12,    0,    0,    0,    0,   -4,   -4,    0,    0,    0,    0,    0,    0,   -8,    0,    0,    0,    0,    0,
       0,    0,    0,    0,    0,   -5,    0,   -8,    8,    0,  -36,  -20,    0,   -4,    0,   -8,   -9,   -4,    0,  -12,   -4,    4,   -4,    0,    0,    0,   -6,  -24,   -8,    0,  -12,   -8,    0,    0,  -12,  -20,  -16,  -24,  -20,    0,    0,  -25,   -4,   -4,   -4,    0,   -4,    0,    0,    0,    0,   -4,    8,    0,    4,    0,    4,    0,    0,    0,    0,    0,    0,    0,   12,   -8,  -12,    0,    0,    0,    0,    0,  -32,   -4,   -4,    0,    0,    0,   -4,    0,   -4,    4,    8,    0,    0,    0,    0,
       0,   -8,    0,    0,    0,    0,    0,   -4,   -4,    0,   -8,    0,    0,   -4,   -4,   -4,    0,    0,    0,  -12,    0,   -4,    0,    0,    0,    0,    0,   -4,   -8,    0,  -12,   -4,    0,  -12,   -8,  -28,  -24,    0,  -36,    0,   -8,  -16,    0,   -4,    0,   -2,    0,    0,    0,    0,   -4,    0,    0,    0,    0,    0,    0,    0,    0,    0,    0,    0,    0,    0,   -8,    0,    0,    0,  -12,    0,    0,    0,    0,    0,    0,    0,    0,    0,   -4,    0,    0,   -4,    0,    0,    0,    0,    0,
       0,    4,    0,    0,    0,    0,    0,    0,    0,    0,    0,    0,    4,    0,    0,    0,   -4,    0,    4,    0,    8,    4,    0,    0,    0,    0,    0,    8,    0,    0,   -4,    0,    0,    0,   -4,  -16,  -12,    0,  -16,    4,    0,    4,    0,    0,    0,    0,    0,    0,    0,    0,    0,    0,    4,    0,    4,    0,    0,    0,    0,    0,    0,    0,    0,    0,   12,   -8,    0,    0,    0,    0,    0,    0,    0,    0,    0,    0,    0,    0,    0,    0,    0,    4,   12,    0,    0,    0,    0,
       0,  -12,    0,    0,    0,    0,    0,   -8,  -12,    0,    0,    0,    0,    0,    0,   -4,   -4,    0,    0,   -8,    0,   -4,   -4,    0,    0,    0,    0,    0,    0,    0,  -12,    0,    0,  -12,  -16,  -32,  -28,    0,  -28,    0,   -8,    0,    0,    0,   -4,    0,   -4,    0,   -2,    0,   -4,    0,    0,    0,   -8,    0,   -8,    0,    0,    0,    0,    0,    0,    0,   -8,   -8,    0,    0,  -16,    0,    0,    0,    0,    0,    0,    0,    0,    0,   -4,    0,    0,  -12,   -4,    0,    0,    0,    0,
       0,    0,    0,    0,    0,   -5,    0,  -14,    0,    0,  -36,  -16,    4,   -8,    0,   -4,   -5,   -4,    3,  -12,    0,    4,    0,    0,    0,    0,   -4,  -28,   -8,    0,  -16,   -8,    0,    0,   -8,  -20,  -16,  -20,  -20,    0,    0,  -29,   -6,   -8,   -8,    0,   -8,    0,    0,    0,    0,   -4,    4,    0,    4,    0,    4,    0,    0,    0,    0,    0,    0,    0,    8,   -8,   -4,    0,    0,    0,    0,    0,  -36,   -6,   -6,    0,    0,    0,    0,    0,   -4,    8,    8,    0,    0,    0,    0,
       0,    0,    0,    0,    0,    0,    0,   -4,    0,    0,    0,    0,    0,    0,    0,    0,   -4,    0,    0,   -8,    0,    0,    0,    0,    0,    0,    0,    4,    0,   -4,   -8,    0,    0,   -8,  -12,  -28,  -20,    0,  -24,    0,    0,    0,   -6,    0,   -8,    0,   -4,    0,    0,    0,   -8,    0,    0,    0,    0,    2,    0,    0,    0,    0,    0,    0,    0,    0,    8,  -12,   -8,    0,    0,    0,    0,    0,    0,   -6,   -6,    0,    0,    0,   -4,    0,    0,    0,    4,    0,    0,    0,    0,
       0,    0,    0,    0,    0,    0,    0,   -4,    0,    0,    0,    0,    0,    0,    0,    0,    0,    0,    0,   -8,    0,    0,    0,    0,    0,    0,    0,    0,    0,    0,    0,    0,    0,    0,   -8,  -24,  -20,    0,  -20,    0,    0,    0,    0,    0,    0,    0,    0,    0,    0,    0,   -4,    0,    0,    0,    0,    0,    0,    0,    0,    0,    0,    0,    0,    0,    0,    0,    0,    0,    0,    0,    0,    0,    0,    0,    0,    0,    0,    0,   -2,    0,    0,    0,    4,    0,    0,    0,    0,
       0,    0,    0,    0,    0,    0,    0,    0,    0,    0,    0,    0,    0,    0,    0,    0,    0,    0,    0,    0,    0,    0,    0,    0,    0,    0,    0,    0,    0,    0,    0,    0,    0,   -8,    0,  -12,  -12,    0,  -12,    0,    0,    0,    0,    0,    0,    0,    0,    0,    0,    0,    0,    0,    0,    0,    0,    0,    0,    0,    0,    0,    0,    0,    0,    0,    0,    0,    0,    0,    0,    0,    0,    0,    0,    0,    0,    0,    0,    0,    0,    0,    0,    0,    0,    0,    0,    0,    0,
       0,    0,    0,    0,    0,    0,    0,    0,    0,    0,    0,    0,    0,    0,    0,    0,    0,    0,    0,    0,    0,    0,    0,    0,    0,    0,    0,    0,    0,    0,    9,    0,    0,   -4,   -8,  -20,  -16,    0,  -24,    0,    0,    0,   -4,   -4,   -4,   -4,    0,    0,   13,    0,    0,    0,    0,   -4,   -4,    0,    0,    0,    0,    0,    0,    0,    0,    0,    0,    0,    0,    0,    0,    0,    0,    0,    0,   -4,   -4,    0,    0,    0,    0,    0,    0,    0,    0,    0,    0,    0,    0,
       0,    0,    0,    0,    0,    0,    0,    0,    0,    0,    0,    0,    0,  -12,    0,   -4,    0,    0,    0,   -8,   -4,   -8,    0,    0,    0,    0,    0,    0,    0,    0,    0,    0,    0,    0,    0,    0,    0,    0,    0,    0,    0,    0,    0,    0,    0,    0,    0,    0,    0,    0,    0,    0,    0,    0,    0,    0,    0,    0,    0,    0,    0,    0,    0,    0,    0,    0,    0,    0,    0,    0,    0,    0,    0,    0,    0,    0,    0,    0,    0,    0,    0,    0,    0,    0,    0,    0,    0,
       0,    0,    0,    0,    0,    0,    0,    0,    0,    0,    0,    0,    0,    0,    0,   -4,  -12,    0,   -4,   -4,   -4,   -4,    0,    0,    0,    0,    0,    0,    0,    0,    0,    0,    0,    0,    0,    0,    0,    0,    0,    0,    0,    0,    0,    0,    0,    0,    0,    0,    0,    0,    0,    0,    0,    0,    0,    0,    0,    0,    0,    0,    0,    0,    0,    0,    0,    0,    0,    0,    0,    0,    0,    0,    0,    0,    0,    0,    0,    0,    0,    0,    0,    0,    0,    0,    0,    0,    0,
       0,    0,    0,    0,    0,    0,    0,    0,    0,    0,    0,    0,    0,    0,    0,    0,    0,    0,    0,    8,    0,    0,    0,    0,    0,    0,    0,    0,    0,    0,    0,    0,    0,    0,    0,    0,    0,    0,    0,    0,    0,    0,    0,    0,    0,    0,    0,    0,    0,    0,    0,    0,    0,    0,    0,    0,    0,    0,    0,    0,    0,    0,    0,    0,    0,    0,    0,    0,    0,    0,    0,    0,    0,    0,    0,    0,    0,    0,    0,    0,    0,    0,    0,    0,    0,    0,    0,
       0,    0,    0,    0,    0,    0,    0,    0,    0,    0,    0,    0,    0,    0,    0,    0,    0,    0,    0,    0,    0,    0,    0,    0,    0,    0,    0,   -8,    0,    4,    0,    0,    0,    0,    0,   -8,   -8,   -8,  -16,    0,    0,    0,    0,    0,    0,    0,    0,    0,    0,    0,    0,    0,    0,    0,    0,    0,    0,    0,    0,    0,    0,    0,    0,    0,    0,    0,    0,    0,    0,    0,    0,    0,    0,    0,    0,    0,    0,    0,    0,    0,    0,    0,    0,    0,    0,    0,    0,
       0,    0,    0,    0,    0,    0,    0,  -16,    0,    0,   -8,    0,    0,    0,    0,    0,    0,    0,    0,    0,    0,    0,    0,    0,    0,    0,    0,    0,    0,    0,   -8,    0,    0,    0,   -8,  -28,  -20,    0,  -24,    0,    0,    0,    0,    0,    0,    0,   -4,    4,    4,    0,    0,    0,    0,    0,    4,    0,    0,    4,    0,    0,    0,    0,    0,    0,    0,  -17,  -17,    0,    0,    0,    0,    0,    0,    0,    0,    4,    0,    0,   -4,    0,    0,    0,    0,    0,    0,    0,    0,
       0,    0,    0,    0,    0,    0,    0,  -16,    0,    0,  -19,  -12,    0,  -20,  -19,  -12,    4,  -12,    0,  -32,    0,   -8,    0,    0,    0,    0,    0,  -12,    0,    4,   -8,   -4,    0,  -17,   -4,  -31,  -27,  -16,  -28,   -4,  -16,    0,    0,    0,    4,   -4,    0,    0,    0,    0,    0,    0,    0,    0,   -4,   -8,   -4,    0,    0,    0,    0,    0,    0,    0,    0,    0,    0,    0,    0,    0,  -17,  -23,  -12,    0,    0,    0,    0,    0,   -4,    0,    0,  -15,   -7,    0,    0,    0,    0,
       0,    0,    0,    0,    0,    0,    0,    0,    0,    0,    0,    0,    0,    0,    0,    0,    0,    0,    0,  -12,    0,   -4,    0,    0,    0,    0,    0,    0,    0,    0,    0,    0,    0,    0,    0,    0,    0,    0,    0,    0,    0,    0,    0,    0,    0,    0,    0,    0,    0,    0,    0,    0,    0,    0,    0,    0,    0,    0,    0,    0,    0,    0,    0,    0,    0,    0,    0,    0,    0,    0,    0,    0,    0,    0,    0,    0,    0,    0,    0,    0,    0,    0,    0,    0,    0,    0,    0,
       0,    0,    0,    0,    0,    0,    0,    8,    8,    0,    0,    0,    0,    0,    0,    0,   -4,    0,    0,    0,    0,    0,    0,    0,    0,    0,    0,    0,    0,    0,    0,    0,    0,    0,    0,    0,    0,    0,    0,    0,    8,    0,    0,    0,    0,    0,    0,    0,    0,    0,    0,    0,    0,    0,    0,    0,    0,    0,    0,    0,    0,    0,    0,    0,    8,    0,    0,    0,    8,    0,    0,    0,    0,    0,    0,    0,    0,    0,    0,    0,    0,    4,    4,    0,    0,    0,    0,
       0,    0,    0,    0,    0,    0,    0,  -24,    0,    0,    0,  -12,    0,  -31,  -27,  -23,   -8,  -16,   -8,  -39,  -12,   -8,    0,    0,    0,    0,    0,  -20,    0,    0,    0,   -4,    0,  -16,   -4,  -24,  -20,  -28,  -31,   -8,  -15,    0,    0,   -4,    0,    0,   -4,    0,    0,    0,   -4,    0,    0,    0,    0,   -4,    0,    0,    0,    0,    0,    0,    0,    0,    0,    0,    0,    0,    0,    0,    0,  -40,    0,    0,    0,    0,    0,    0,    0,    0,    0,    0,    0,    0,    0,    0,    0,
      -8,  -20,    0,    0,    0,    0,    0,  -17,    0,    0,  -20,  -12,    0,  -16,  -20,  -12,    0,    0,    0,  -20,    0,   -8,    0,    0,    0,    0,    0,   -8,   -8,    8,  -12,   -8,   -4,  -20,  -12,  -35,  -28,  -16,  -32,    0,  -12,    0,    0,   -8,    0,   -4,    0,    0,   -4,    0,   -8,   -4,   -4,   -4,   -8,   -8,   -4,    0,    0,    0,    0,    0,    0,    0,    0,    0,    0,    0,    0,    0,  -17,  -24,  -16,    0,    0,    0,    0,    0,   -8,    0,   -4,  -16,    0,    0,    0,    0,    0,
       0,    0,    0,    0,    0,    0,    0,    0,    0,    0,    0,    0,    0,    0,    0,    0,    0,    0,    0,    0,    0,    0,    0,    0,    0,    0,    0,   -8,    0,    0,    9,    0,    0,  -12,  -16,  -24,  -16,   -8,  -24,    0,    0,    0,   -8,   -4,   -8,   -4,   -4,    0,   16,    0,   -4,   -4,   -4,   -8,   -4,   -4,    0,   -4,    0,    0,    0,    0,    0,    0,    0,    0,    0,    0,    0,    0,    0,    0,  -13,   -8,   -8,    0,    0,    0,    0,    0,   -4,    0,    0,    0,    0,    0,    0,
       0,    0,    0,    0,    0,    0,    0,  -12,    0,    0,  -32,  -12,    0,   -8,   -4,   -8,    0,    0,    0,  -12,    0,    0,    0,    0,    0,    0,    0,  -21,  -12,    4,   -4,   -8,    0,   -4,   -8,  -24,  -24,  -24,  -24,    0,   -8,  -56,    0,   -4,    0,    0,    0,    0,    0,    0,    0,    0,    0,    0,    0,    0,    0,    0,    0,    0,    0,    0,    0,    4,    0,    0,    4,    0,   -8,    0,    0,    0,  -32,    0,    0,    0,    0,    0,   -8,    0,    0,    0,    0,    0,    0,    0,    0,
       0,   -8,    0,    0,    0,    0,    0,   -4,  -12,    0,    0,    0,    0,   -4,    0,    0,    0,    0,    0,    0,    0,    0,    0,    0,    0,    0,    0,    0,    0,    0,   -8,    0,    0,   -8,  -12,  -16,  -16,    0,  -16,    0,    0,   -8,    0,   -4,    0,   -8,    0,    0,    0,    0,  -12,    0,   -7,   -7,  -15,    0,  -11,    0,    0,    0,    0,    0,    0,    0,   -8,    0,    0,    0,  -12,    0,    0,    0,    0,    0,    0,    0,    0,    0,    0,    0,    0,   -8,   -4,    0,    0,    0,    0,
       0,   16,    0,    0,    0,    0,    0,    8,    8,    0,    0,    0,    0,    0,    0,    0,    0,    0,    0,    8,    0,    0,    0,    0,    0,    0,    0,    0,    0,    0,    0,    0,    0,    8,    0,    0,    0,    4,    0,   12,    8,    0,    0,    0,    0,    0,    0,    0,    0,    0,   -4,    0,    0,    0,    0,    0,    0,    0,    0,    0,    0,    0,    0,    0,    8,    0,    0,    0,   12,    0,    0,    0,    0,    0,    0,    0,   16,   16,    0,   16,    0,   12,    5,    0,    0,    0,    0,
       0,    0,    0,    0,    0,    0,    0,   -4,    0,    0,  -12,  -12,    0,   -4,   -8,   -4,    0,    0,    0,    0,    0,    0,    0,    0,    0,    0,    0,  -12,   -8,    0,   -4,    0,    0,  -12,  -12,  -16,  -12,  -12,  -12,    0,    0,  -28,    0,    0,    0,    0,   -4,    4,    4,    0,   -4,    0,    0,    0,    2,    0,    2,    0,    0,    0,    0,    0,    0,    0,    0,    0,    4,    0,   -8,    0,    0,    0,  -16,    0,    0,    4,    0,    0,   -8,    0,    0,    0,    0,    0,    0,    0,    0,
      16,   32,    0,    0,    0,    0,    0,   32,   32,    0,    0,    0,    0,    0,    0,    0,   -4,    0,    0,   -4,    0,   -4,    0,    0,    0,   16,    0,    0,    0,    0,    0,    0,    0,    0,    0,    0,    0,    0,    0,    0,    0,    0,   -4,   32,    0,    8,   -4,   12,    8,    0,   -8,    0,    4,   -4,   -4,    0,   -4,    0,    0,    0,    0,    0,    0,    0,    0,   -8,    0,    0,   -8,    0,    0,    0,    0,   -4,   -4,   12,    0,    0,    0,    0,    4,   24,   32,    0,   -4,    0,    0,
       0,  -71,    0,    0,    0,    0,    0,  -12,  -63,    0,    0,    0,    0,   -8,   -8,    0,   -8,    0,    0,  -12,    0,  -12,    0,    0,    0,    0,    0,    0,   -8,   -8,   -8,   -4,   -8,  -51,  -20,  -70,  -63,   -8,  -66,   -8,  -24,    0,    0,    0,    0,   -4,    0,    0,    0,    0,   -8,    0,   -4,  -10,  -16,    0,  -12,    0,    0,    0,    0,    0,    0,    0,  -70,    0,    0,    0,  -86,  -23,    0,    0,   -4,    0,    0,    0,    0,    0,  -12,    0,    0,  -33,  -28,    0,  -12,    0,    0,
       0,   20,    0,    0,    0,    0,    0,   16,   12,    0,    0,    0,    4,    0,    0,    0,   -4,    0,    4,    0,    8,    4,    0,    0,    0,    0,    0,    8,    0,    0,   -4,    0,    0,    0,   -4,  -16,  -12,    0,  -16,    4,   16,    4,    0,    8,    0,    0,    0,    0,    0,    0,    0,    0,    4,    0,    4,    0,    0,    0,    0,    0,    0,    0,    0,    0,   12,   -8,    0,    0,    0,    0,    0,    0,    0,    0,    0,    0,    0,    0,    0,    0,    0,   16,   12,    0,    0,    0,    0,
       0,    0,    0,    0,    0,   -5,    0,    8,    0,    0,  -32,  -25,   -4,   -8,  -12,  -12,  -16,  -12,  -16,    0,  -12,   -8,   -4,    0,    0,    0,    0,  -32,   -4,  -12,   -6,    0,   -8,    0,   -4,    0,    0,    0,    0,    0,    0,  -32,  -16,    0,  -12,   -8,  -16,   -8,   -4,  -12,  -16,  -16,   -8,  -12,   -8,  -12,  -12,  -12,    0,    0,    0,    0,    0,    0,    0,  -16,   -4,    0,    0,   -8,   -8,    0,  -32,  -16,  -16,   -8,    8,    8,    0,    8,  -16,    0,    0,    0,   -4,    0,    0,
      -8,    0,  -12,    0,    0,  -12,  -15,    0,    0,    0,  -31,  -32,    0,    0,    0,   -4,  -20,  -12,  -12,    8,   -4,    0,    0,    0,    0,   -8,  -12,  -32,   -4,   -8,    0,    0,    0,   12,    0,    0,    0,    0,    0,    8,    0,  -24,  -16,    0,  -24,    0,  -24,    0,    0,    0,   -8,  -16,    4,    0,    8,    4,    8,    0,    0,  -12,    0,    0,    0,    0,    0,  -16,  -16,    0,    0,    0,   -8,  -52,  -44,  -16,  -16,    0,    8,    8,    8,    8,  -16,   -4,    0,    0,   -8,    0,    0,
       0,    0,    0,    0,    0,  -16,  -20,    0,    0,    0,  -39,  -40,   -8,   -4,  -12,   -8,  -40,  -12,  -20,    8,  -12,   -8,    0,    0,    0,   -8,  -40,  -36,    0,  -16,    0,    0,    0,    8,    0,    0,    4,    0,    0,    0,    0,  -28,  -28,    0,  -36,  -16,  -28,    0,   -4,  -16,  -16,  -32,  -12,  -16,    0,   -8,   -8,  -16,    0,    0,    0,    0,    0,    0,    0,  -32,  -24,    0,    0,  -31,  -16,  -48,  -52,  -28,  -28,    0,    8,    8,    8,    8,  -32,    0,    0,    0,  -16,    0,    0,
       0,    0,    0,    0,    0,    0,    0,    0,    0,    0,    0,    0,    0,    0,    0,    4,   -8,    0,    0,    0,    0,  -12,    0,    0,    0,    0,    0,    8,    0,   -8,   13,    0,    0,  -24,  -16,  -44,  -44,    8,  -36,    8,    0,    0,    0,    0,   -4,    0,    0,    0,    9,    0,   -8,    0,   -8,   -8,  -28,    0,  -12,    0,    0,    0,    0,    0,    0,    0,    0,    0,    0,    0,    0,    0,    0,    0,    8,    0,    0,    0,    0,    0,   -8,    0,    0,  -20,    0,    0,    0,    0,    0,
       0,    0,    0,    0,    0,    0,    0,  -16,    0,    0,    0,    0,    0,  -16,  -23,  -20,   -4,  -12,    0,  -28,   -4,   -8,    0,    0,    0,    0,    0,  -13,    0,    0,   -8,    0,    0,   -8,    0,  -12,  -12,  -16,  -16,    0,    0,    0,    0,    0,    0,    0,    0,    0,    0,    0,    0,    0,    0,    0,    0,    0,    0,    0,    0,    0,    0,    0,    0,    0,    0,    0,    0,    0,    0,    0,    0,  -32,    0,    0,    0,    0,    0,    0,    0,    0,    0,    0,    0,    0,    0,    0,    0,
       0,    0,    0,    0,    0,    0,    0,    0,    0,    0,    0,    0,    0,    0,   -4,   -8,  -20,   -8,   -8,    0,   -4,   -8,    0,    0,    0,    0,    0,    0,    0,    0,    0,    0,    0,    0,    0,    0,    0,    0,    0,    0,    0,    0,    0,    0,    0,    0,    0,    0,    0,    0,    0,    0,    0,    0,    0,    0,    0,    0,    0,    0,    0,    0,    0,    0,    0,    0,    0,    0,    0,    0,    0,    0,    0,    0,    0,    0,    0,    0,    0,    0,    0,    0,    0,    0,    0,    0,    0,
       0,    0,    0,    0,    0,    0,    0,    0,    0,    0,    0,    0,    0,   -8,   -8,    0,    0,    0,    0,  -12,    0,   -8,    0,    0,    0,    0,    0,    0,    0,    0,    0,    0,    0,    0,    0,    0,    0,    0,    0,    0,    0,    0,    0,    0,    0,    0,    0,    0,    0,    0,    0,    0,    0,    0,    0,    0,    0,    0,    0,    0,    0,    0,    0,    0,    0,    0,    0,    0,    0,    0,    0,    0,    0,    0,    0,    0,    0,    0,    0,    0,    0,    0,    0,    0,    0,    0,    0,
};

static const EpdLigaturePair sourceserif4_12_regularLigaturePairs[] = {
    { 0x00660066, 0xFB00 }, // f f -> U+FB00
    { 0x00660069, 0xFB01 }, // f i -> U+FB01
    { 0x0066006C, 0xFB02 }, // f l -> U+FB02
    { 0xFB000069, 0xFB03 }, // U+FB00 i -> U+FB03
    { 0xFB00006C, 0xFB04 }, // U+FB00 l -> U+FB04
};

static const EpdFontData sourceserif4_12_regular = {
    sourceserif4_12_regularBitmaps,
    sourceserif4_12_regularGlyphs,
    sourceserif4_12_regularIntervals,
    44,
    34,
    26,
    -9,
    true,
    sourceserif4_12_regularGroups,
    9,
    nullptr,
    sourceserif4_12_regularKernLeftClasses,
    sourceserif4_12_regularKernRightClasses,
    sourceserif4_12_regularKernMatrix,
    413,
    440,
    95,
    87,
    sourceserif4_12_regularLigaturePairs,
    5,
};
