/**
 * generated by fontconvert.py
 * name: sourceserif4_18_regular
 * size: 18
 * mode: 2-bit  compressed: true
 * Command used: fontconvert.py sourceserif4_18_regular 18 ..\builtinFonts\source\SourceSerif4\SourceSerif4-Regular.ttf --2bit --compress --pnum
 */
#pragma once
#include "EpdFontData.h"

static const uint8_t sourceserif4_18_regularBitmaps[19804] = {
    0xB5, 0x5A, 0x3D, 0x8C, 0xDD, 0xD6, 0x95, 0x3E, 0x24, 0xAD, 0x21, 0x20, 0x02, 0x62, 0x0A, 0x07,
    0x59, 0x67, 0x20, 0xB3, 0x49, 0x11, 0x44, 0xF2, 0xB0, 0x49, 0xE1, 0xE2, 0x69, 0x48, 0xAF, 0x8B,
    0x14, 0x29, 0xAC, 0xC2, 0x49, 0xE3, 0x62, 0x53, 0x6C, 0x11, 0x40, 0xC5, 0x6B, 0xA6, 0x10, 0x16,
    0x23, 0x93, 0x48, 0x93, 0x56, 0x69, 0xD3, 0xEC, 0x14, 0x2E, 0x16, 0x4F, 0xC0, 0x8E, 0xB0, 0x18,
    0x60, 0x55, 0x4C, 0x86, 0xB4, 0xA7, 0x48, 0xA1, 0xC2, 0xCC, 0x26, 0xBD, 0x89, 0x64, 0x0A, 0x21,
    0x06, 0x22, 0x62, 0x4D, 0x6F, 0x38, 0x23, 0x92, 0x77, 0xBF, 0xEF, 0x5C, 0xBE, 0xF7, 0x46, 0xE3,
    0x28, 0x9A, 0xC8, 0xC9, 0x7B, 0xE4, 0xB9, 0x9C, 0xC7, 0x7B, 0xCF, 0x3D, 0xF7, 0xDC, 0xF3, 0x7F,
    0xE7, 0x75, 0x39, 0x12, 0x33, 0x7D, 0x8F, 0xF4, 0x7B, 0x0F, 0xDF, 0xD9, 0xEA, 0xFB, 0x5D, 0x79,
    0x5D, 0xEC, 0x67, 0x4B, 0x8A, 0xDC, 0x94, 0x45, 0xBE, 0x25, 0xBB, 0x5E, 0x35, 0xF8, 0xCD, 0x18,
    0x34, 0x80, 0xB8, 0x0E, 0xBD, 0x1A, 0x17, 0x7E, 0x9C, 0x79, 0xE5, 0xDB, 0x6E, 0xF9, 0x7D, 0xA7,
    0x94, 0x10, 0x5F, 0xB9, 0x86, 0xAF, 0x5C, 0xC7, 0x57, 0xDE, 0x92, 0x9B, 0x82, 0x6B, 0x26, 0x8A,
    0x32, 0x31, 0xC6, 0x34, 0x6B, 0x20, 0x07, 0xF2, 0x50, 0x70, 0x35, 0x82, 0x4B, 0x41, 0x2D, 0xB8,
    0x6A, 0xC1, 0x4B, 0x53, 0xAE, 0x81, 0x87, 0xAF, 0x58, 0x90, 0x7B, 0xB9, 0xF8, 0xB9, 0x0F, 0x90,
    0xFA, 0xA9, 0x04, 0xF8, 0xE2, 0xC2, 0x8C, 0x78, 0xBD, 0xBE, 0x8B, 0x53, 0xF1, 0x8D, 0xC9, 0xA3,
    0xDF, 0xFE, 0xBA, 0x4E, 0xDE, 0x3D, 0x6E, 0x0B, 0xEF, 0xB8, 0x1B, 0xBD, 0x8F, 0x71, 0x97, 0xB7,
    0x0D, 0xDE, 0x9B, 0x77, 0x4B, 0xC9, 0x7E, 0x5B, 0x82, 0x1A, 0x90, 0x6B, 0x5A, 0x71, 0x8D, 0x49,
    0x25, 0x36, 0xB5, 0x78, 0xF8, 0xC3, 0x7B, 0xDC, 0x8B, 0x77, 0x3C, 0x88, 0xF7, 0xF1, 0xF8, 0xBA,
    0x57, 0x8E, 0x83, 0x57, 0x0E, 0x18, 0xD3, 0x17, 0xDE, 0x27, 0x5D, 0xE2, 0x3D, 0x6E, 0xC2, 0xCF,
    0x4D, 0xE9, 0x00, 0xFF, 0x73, 0xF3, 0xF1, 0x7E, 0xDF, 0xB2, 0xCA, 0x07, 0x2A, 0xD9, 0x10, 0x89,
    0x7E, 0x58, 0x91, 0x0D, 0xB2, 0xED, 0x36, 0x5C, 0xBA, 0xEC, 0x3A, 0xAD, 0xC8, 0x8E, 0xC8, 0xA1,
    0x74, 0x5C, 0xA2, 0xF4, 0x68, 0x39, 0xAC, 0xC7, 0x17, 0x6B, 0xD0, 0xF6, 0xBA, 0xD8, 0xDF, 0x67,
    0x53, 0xFB, 0xD0, 0xBD, 0x8F, 0xFE, 0xAD, 0x53, 0xC5, 0x03, 0xC6, 0x37, 0x5E, 0x7E, 0x2F, 0x4A,
    0xB7, 0xDC, 0x3A, 0x94, 0x2E, 0x28, 0xC3, 0x1F, 0x94, 0x6F, 0xB9, 0x8D, 0x5F, 0xB9, 0x83, 0xDC,
    0xF5, 0x1A, 0x0F, 0x18, 0xA5, 0xB1, 0xAD, 0x5B, 0xA2, 0xC5, 0xA4, 0x7E, 0x6A, 0xDB, 0x6B, 0x62,
    0x7F, 0x9F, 0x4D, 0xED, 0x81, 0xB8, 0x8D, 0x57, 0x29, 0x11, 0x8D, 0x5F, 0x2A, 0x11, 0x8F, 0x82,
    0x5C, 0x89, 0xB8, 0x15, 0x89, 0x12, 0x11, 0x80, 0xD6, 0xD7, 0xA6, 0xBD, 0x77, 0x74, 0x61, 0x31,
    0x58, 0x25, 0x32, 0xFE, 0x00, 0xF8, 0x9C, 0x8E, 0x4B, 0x00, 0xE6, 0x5D, 0x85, 0xB3, 0xD5, 0x73,
    0x0B, 0xD4, 0xE2, 0xF4, 0x5C, 0xB0, 0x8C, 0x01, 0xFB, 0x67, 0x10, 0x30, 0x23, 0x51, 0x23, 0xFB,
    0x67, 0x92, 0x81, 0xB5, 0xA5, 0xFB, 0xBF, 0x3D, 0xE8, 0x0A, 0x4B, 0x83, 0xE9, 0x92, 0x34, 0xC9,
    0xAF, 0x49, 0x26, 0x61, 0x75, 0x1D, 0xA2, 0xE7, 0xB7, 0x33, 0x19, 0x31, 0xFA, 0x21, 0xA0, 0x64,
    0x90, 0x00, 0xCC, 0x59, 0x42, 0xEC, 0x24, 0x68, 0x24, 0xA9, 0x24, 0xEA, 0x25, 0x1A, 0xAE, 0x0C,
    0x86, 0xFB, 0x5A, 0x67, 0x46, 0xE6, 0xA7, 0x12, 0x8C, 0xBB, 0xC3, 0x38, 0x0C, 0x87, 0x87, 0xBB,
    0xB3, 0xB7, 0xBF, 0x2F, 0x92, 0x72, 0x25, 0x61, 0x2E, 0x31, 0x79, 0x0C, 0x1A, 0x41, 0x94, 0x5F,
    0x03, 0xB9, 0x44, 0xD8, 0xE8, 0x1C, 0xB3, 0x61, 0x2A, 0x29, 0x84, 0xE8, 0xBF, 0x7A, 0xE1, 0x77,
    0xBC, 0x4D, 0x84, 0xDD, 0xE2, 0x5C, 0xC2, 0x52, 0x82, 0x8A, 0x18, 0xDC, 0x96, 0x3B, 0x21, 0xDB,
    0xD8, 0x4F, 0x30, 0xB4, 0x14, 0x87, 0xAB, 0xFA, 0x06, 0x79, 0x28, 0xB7, 0xF0, 0x1B, 0x04, 0xB0,
    0x3C, 0xD7, 0xED, 0xC8, 0x62, 0x51, 0x14, 0x98, 0x15, 0x17, 0xA6, 0x9F, 0xAE, 0x5A, 0xAF, 0x6A,
    0x22, 0x08, 0x57, 0x6C, 0xC9, 0xD2, 0xB9, 0x87, 0x25, 0xC1, 0xD5, 0xB4, 0x02, 0xB0, 0xF3, 0x27,
    0x96, 0xFD, 0x6E, 0x25, 0xCA, 0x60, 0x00, 0xEE, 0xB1, 0x0B, 0xF0, 0x86, 0x5B, 0xBD, 0x21, 0xC9,
    0x6F, 0x3E, 0x36, 0x12, 0x8F, 0x9F, 0x81, 0xF8, 0x0F, 0x4E, 0xD3, 0xA9, 0x4B, 0x48, 0xC9, 0xD9,
    0x05, 0xA9, 0xD2, 0x85, 0x24, 0x0C, 0x0C, 0x70, 0x6A, 0xB7, 0x9C, 0x76, 0x92, 0x1A, 0x76, 0x09,
    0xB0, 0x58, 0x9C, 0x2D, 0xF6, 0x8C, 0xAA, 0xE7, 0x25, 0x47, 0x88, 0xEC, 0x91, 0x80, 0xB0, 0x0F,
    0xFB, 0xA0, 0x77, 0x7B, 0xB9, 0x2B, 0x07, 0x0E, 0x44, 0x2B, 0x96, 0xB7, 0xED, 0xBC, 0xAA, 0xC6,
    0xE5, 0xDA, 0x88, 0x88, 0x2A, 0x6C, 0xA4, 0x86, 0x45, 0x95, 0x83, 0xEB, 0x95, 0x47, 0xB8, 0xC1,
    0x47, 0xA7, 0xB1, 0xAB, 0xA4, 0x88, 0x52, 0x36, 0x21, 0x9A, 0x12, 0xA6, 0xEB, 0x21, 0xB7, 0x2E,
    0x0C, 0x69, 0x9E, 0x1F, 0xE2, 0x5F, 0x18, 0xB2, 0x75, 0x61, 0x48, 0x4B, 0x82, 0xA2, 0x4E, 0x1C,
    0xE8, 0xBC, 0xDF, 0x84, 0x55, 0x08, 0x6D, 0x89, 0x73, 0xB7, 0x4B, 0x52, 0xA7, 0xC7, 0xE6, 0x0D,
    0x94, 0x10, 0xEC, 0xE3, 0x48, 0xA1, 0x78, 0xD1, 0x8D, 0xF7, 0x47, 0xEC, 0xC7, 0xFE, 0x1C, 0xC7,
    0xF1, 0xC4, 0x43, 0x7C, 0xCE, 0x58, 0xA4, 0xC4, 0xCF, 0xCF, 0x5C, 0xE6, 0x86, 0x0A, 0xC0, 0x2D,
    0x7E, 0xA5, 0x6B, 0x6E, 0x4E, 0xB1, 0x0F, 0xD8, 0x66, 0x71, 0xCF, 0x4C, 0x1D, 0x54, 0x61, 0x1B,
    0x95, 0x5E, 0x9F, 0x94, 0xCE, 0x00, 0xD1, 0x19, 0x62, 0x15, 0x5D, 0x08, 0x8F, 0xDE, 0x4E, 0xAF,
    0x2A, 0x28, 0x3E, 0x98, 0x81, 0xCD, 0x97, 0x18, 0x0C, 0xF8, 0x90, 0x92, 0x60, 0x25, 0x07, 0x72,
    0x45, 0x31, 0xD6, 0x3F, 0x2B, 0xCB, 0x1E, 0x9A, 0xE0, 0xE5, 0x4D, 0x85, 0xF2, 0xCE, 0x4C, 0x15,
    0x56, 0x41, 0x1B, 0x97, 0x2E, 0xE6, 0x90, 0x01, 0xE2, 0x7D, 0x0E, 0x3F, 0xF6, 0x55, 0x71, 0xCF,
    0x21, 0xB7, 0xF8, 0xF3, 0x7B, 0x06, 0x08, 0x83, 0xC6, 0xFE, 0xAE, 0xFD, 0x0A, 0xDE, 0xAF, 0x5B,
    0xF6, 0x14, 0x85, 0xB2, 0xC6, 0x05, 0x6B, 0x82, 0x26, 0x38, 0x43, 0xDF, 0x82, 0x2C, 0xF1, 0x29,
    0xC2, 0x21, 0x41, 0x4C, 0x90, 0x11, 0x3C, 0xA5, 0xC9, 0xFA, 0x14, 0xC0, 0x7F, 0x0F, 0xE0, 0x1A,
    0xDF, 0xDE, 0x24, 0xD8, 0x21, 0xA8, 0x01, 0xBC, 0x12, 0x00, 0x46, 0xA3, 0x86, 0x25, 0x03, 0x98,
    0x11, 0x3C, 0x22, 0x58, 0xFB, 0x87, 0x09, 0xE9, 0x0B, 0xC1, 0xD5, 0xFB, 0x30, 0xED, 0x58, 0xE4,
    0x39, 0x50, 0x4E, 0x2E, 0xE3, 0x2F, 0x83, 0xA7, 0x58, 0x10, 0xD8, 0xC1, 0xB1, 0x3E, 0xD7, 0xE7,
    0x70, 0x81, 0xBA, 0x42, 0xC9, 0xC0, 0x39, 0xEA, 0x38, 0x40, 0xFE, 0x1A, 0x9F, 0x12, 0x6A, 0x3D,
    0xF6, 0xA3, 0x10, 0x6E, 0x0C, 0x78, 0xEF, 0xB7, 0xE2, 0x9F, 0x91, 0xA8, 0xEC, 0x54, 0xC5, 0xE0,
    0x27, 0xBA, 0x5C, 0x18, 0x6A, 0x89, 0x2A, 0x45, 0xB2, 0x64, 0x25, 0x6C, 0x01, 0xCD, 0x80, 0x62,
    0xCB, 0x82, 0x11, 0x9C, 0x2B, 0x2A, 0x03, 0x86, 0x8D, 0xE2, 0x75, 0xB4, 0x85, 0x98, 0x74, 0x98,
    0xEE, 0x91, 0x0C, 0xCD, 0xF0, 0x1B, 0x99, 0x0A, 0x21, 0x68, 0x03, 0xB0, 0xC6, 0xA5, 0xAC, 0xC5,
    0x1D, 0x19, 0xD1, 0x4F, 0x37, 0xB9, 0x7C, 0x60, 0xB5, 0x42, 0x35, 0x82, 0xDA, 0x50, 0xDA, 0xED,
    0xA6, 0xF2, 0x6C, 0x4F, 0x5A, 0x00, 0x02, 0xE8, 0x8F, 0xD4, 0x4D, 0xA0, 0x5B, 0x50, 0x4D, 0x32,
    0x93, 0xAB, 0x11, 0xA4, 0x21, 0x5B, 0x6E, 0xB9, 0x47, 0x8C, 0xB0, 0xDD, 0xFE, 0x08, 0x43, 0x0E,
    0x6D, 0x49, 0x52, 0xBF, 0xCE, 0x30, 0x90, 0x77, 0xC1, 0x36, 0xF7, 0xEA, 0xA4, 0x0C, 0xCA, 0xB8,
    0x09, 0xD3, 0x60, 0xBC, 0x07, 0x5F, 0x0A, 0x9C, 0x14, 0x90, 0x67, 0x58, 0x49, 0x95, 0x41, 0xB7,
    0xC2, 0x0E, 0x7D, 0xB1, 0x16, 0x47, 0xD7, 0xC1, 0xF5, 0x18, 0xAC, 0x23, 0xC3, 0x3A, 0x92, 0x0A,
    0xC2, 0x31, 0xC2, 0xC6, 0xD3, 0x9F, 0x52, 0x00, 0xF1, 0x1C, 0x62, 0x5D, 0x49, 0xEE, 0xB5, 0x5C,
    0x6B, 0x31, 0xAD, 0x1D, 0xB7, 0x19, 0xAD, 0x50, 0x15, 0x34, 0xE2, 0x10, 0xCE, 0x22, 0x6C, 0xFD,
    0xD1, 0x35, 0x78, 0xF5, 0xED, 0xFB, 0x83, 0x5D, 0x90, 0x3B, 0x2D, 0x48, 0xB9, 0x9A, 0xEB, 0x22,
    0xB0, 0x13, 0x92, 0xC1, 0x96, 0x9F, 0x5A, 0x0E, 0x3C, 0x1F, 0xCA, 0x5C, 0xFC, 0xAC, 0xDF, 0xB8,
    0x75, 0xD0, 0xC1, 0x94, 0x75, 0xE4, 0xE0, 0xF9, 0x8F, 0x73, 0x9B, 0xBF, 0x87, 0xBD, 0x4F, 0x67,
    0x7D, 0x57, 0x1A, 0xB7, 0x0A, 0xF3, 0x5B, 0x74, 0x07, 0xF6, 0x83, 0x40, 0x47, 0x37, 0xB9, 0x85,
    0x71, 0x81, 0x67, 0x00, 0xE3, 0xB0, 0x34, 0xBF, 0x53, 0x12, 0x54, 0x8B, 0xC6, 0x49, 0xF0, 0xD9,
    0x4B, 0x32, 0x1A, 0x2B, 0x3E, 0x14, 0x54, 0x24, 0xF4, 0x72, 0xF8, 0xC7, 0x3F, 0x59, 0x7B, 0x09,
    0xE3, 0xBB, 0xC0, 0x67, 0x4F, 0x5E, 0xF4, 0xD1, 0xB7, 0x93, 0x91, 0x16, 0xB5, 0xB3, 0x59, 0xAE,
    0x53, 0xEB, 0xDC, 0x76, 0x16, 0x9D, 0x8E, 0x56, 0x54, 0xA7, 0xB3, 0xF2, 0xCB, 0x89, 0xD0, 0x93,
    0x13, 0x83, 0x00, 0x76, 0x61, 0x57, 0xCA, 0xF4, 0x77, 0x96, 0x6C, 0x48, 0xB9, 0xDD, 0xD9, 0xA8,
    0x2E, 0xFF, 0x8E, 0xC6, 0x0B, 0x58, 0xAB, 0x0D, 0xE0, 0xB0, 0xEC, 0xCD, 0xD6, 0x35, 0x75, 0x68,
    0xD2, 0xE8, 0x84, 0x2C, 0xC5, 0x15, 0xA4, 0xE2, 0x9E, 0x23, 0x0C, 0xB6, 0x17, 0x18, 0x93, 0x86,
    0x90, 0x76, 0x18, 0x1B, 0x3B, 0x6A, 0x13, 0x8D, 0xFB, 0xC3, 0xA4, 0x49, 0x24, 0x35, 0xA8, 0xAD,
    0xE8, 0xC5, 0x62, 0x8D, 0x12, 0x4D, 0x39, 0x66, 0xD0, 0xE0, 0x01, 0x3F, 0xC2, 0x8C, 0x6F, 0x7E,
    0x59, 0x86, 0x9C, 0xE0, 0xA8, 0x28, 0x83, 0x34, 0x82, 0x11, 0x83, 0x66, 0x81, 0xDD, 0x61, 0x8E,
    0xB6, 0x9C, 0x61, 0xBB, 0xC2, 0xDC, 0x2B, 0xEF, 0x42, 0x9C, 0xC3, 0xD4, 0x2B, 0x0F, 0x80, 0x03,
    0x7D, 0xCA, 0x16, 0x06, 0x9E, 0xA3, 0x1B, 0x20, 0x42, 0x9B, 0xB3, 0xDD, 0x06, 0x8D, 0x8C, 0x84,
    0x30, 0x56, 0x5A, 0x8D, 0x55, 0xDE, 0x92, 0x16, 0xD2, 0x82, 0xC8, 0x49, 0x0E, 0x9D, 0x21, 0xC8,
    0xB0, 0xCF, 0xBB, 0x52, 0xF4, 0x11, 0x38, 0xB7, 0x2D, 0x57, 0x73, 0xF7, 0x23, 0xAB, 0x2C, 0xFC,
    0x84, 0x93, 0xF3, 0x54, 0xF7, 0x2A, 0x93, 0x35, 0xE4, 0x27, 0x81, 0x6B, 0x4D, 0x35, 0xDE, 0xFB,
    0xA3, 0x51, 0xD1, 0xDA, 0x34, 0x1F, 0xD9, 0x9E, 0xF5, 0xBA, 0x7F, 0xA0, 0xDE, 0x26, 0x54, 0x6F,
    0x10, 0xF5, 0x2A, 0x23, 0x3A, 0x7E, 0x46, 0x05, 0x93, 0x1D, 0xEE, 0x89, 0x3C, 0x54, 0x5B, 0xD2,
    0xC0, 0x80, 0xC0, 0x57, 0x23, 0x2E, 0x40, 0xFC, 0x16, 0xAA, 0xEB, 0xA3, 0xE5, 0xF2, 0x73, 0x9A,
    0xD8, 0x50, 0x0D, 0x7B, 0xB8, 0x78, 0xD0, 0x31, 0x10, 0x33, 0x3D, 0x19, 0x45, 0x69, 0x99, 0xA9,
    0x48, 0x1D, 0xE8, 0xC6, 0x36, 0xDC, 0x45, 0xA7, 0xA6, 0x55, 0x72, 0xD5, 0xAC, 0xEC, 0x8F, 0xF9,
    0x55, 0x73, 0x06, 0xE3, 0x18, 0x1A, 0x53, 0x18, 0x03, 0x15, 0xB8, 0x63, 0x16, 0xB4, 0x4A, 0xA3,
    0x9A, 0x6D, 0xD8, 0x98, 0x9E, 0x90, 0x78, 0x46, 0x5D, 0xD6, 0x2A, 0x18, 0xD2, 0x67, 0x47, 0xDF,
    0x72, 0xDE, 0x51, 0xCD, 0x96, 0x79, 0x30, 0xAA, 0x64, 0x9E, 0xA9, 0x1C, 0xCF, 0x15, 0x83, 0xDB,
    0x2F, 0x83, 0xA7, 0x51, 0x65, 0x68, 0x54, 0x53, 0x46, 0x98, 0xAF, 0x9F, 0xF5, 0xAD, 0xA3, 0x98,
    0x21, 0x7C, 0x37, 0x40, 0x43, 0x25, 0x96, 0x1E, 0x91, 0x2B, 0x3F, 0xA2, 0x44, 0xA8, 0xD5, 0x8A,
    0xBE, 0xDC, 0xA0, 0xA3, 0x4C, 0x61, 0x7F, 0x88, 0x36, 0x51, 0x03, 0x19, 0x5B, 0x65, 0x56, 0x75,
    0xBE, 0x6A, 0x8D, 0xAE, 0x0A, 0xF2, 0x64, 0x8A, 0x55, 0xA1, 0x5E, 0x0C, 0x6D, 0x1F, 0xDB, 0xDF,
    0x8E, 0x55, 0x3C, 0x29, 0xF7, 0x34, 0x54, 0xC6, 0x46, 0x39, 0xCD, 0x5B, 0x44, 0xDB, 0xAD, 0x31,
    0xDB, 0xC9, 0x06, 0xF6, 0xD2, 0xB5, 0xC4, 0x91, 0x36, 0x4B, 0x27, 0x69, 0xAE, 0x89, 0xD4, 0x1F,
    0xCE, 0xAD, 0x14, 0x4C, 0x19, 0xD5, 0x03, 0x8E, 0xEA, 0x77, 0x47, 0x35, 0x97, 0xA3, 0xFA, 0xE1,
    0x51, 0x95, 0xD9, 0xFA, 0xCE, 0x51, 0xC9, 0xB9, 0x08, 0x87, 0x75, 0x1F, 0xDB, 0x1F, 0x74, 0xAC,
    0xF0, 0x58, 0x9C, 0x10, 0x85, 0x51, 0xA9, 0x1F, 0xE9, 0x82, 0xCE, 0xF3, 0x0D, 0xD0, 0x8C, 0xDF,
    0x36, 0x8B, 0x85, 0xE2, 0xDA, 0x7E, 0x1E, 0x6C, 0x11, 0xBC, 0x61, 0x39, 0x30, 0xCA, 0x9B, 0x04,
    0x5B, 0x13, 0x30, 0x8B, 0x23, 0xEE, 0xE0, 0x78, 0xFE, 0xB7, 0xA9, 0xCB, 0x9B, 0xB2, 0x1C, 0x21,
    0x57, 0x08, 0xC2, 0x15, 0x88, 0x14, 0xDC, 0xA1, 0xA9, 0xE1, 0xBC, 0xFA, 0xE9, 0xEF, 0x8C, 0x8B,
    0x05, 0x03, 0x3D, 0x59, 0x83, 0x43, 0x82, 0x5D, 0x82, 0xEF, 0x6A, 0x44, 0x00, 0x70, 0x73, 0x05,
    0xA0, 0xD7, 0xE3, 0xE2, 0x90, 0x9C, 0xED, 0xA7, 0x3F, 0x27, 0xB0, 0xEE, 0x22, 0x2F, 0x06, 0xFB,
    0xE6, 0x09, 0xE9, 0xEE, 0xCF, 0x4B, 0xCC, 0x29, 0x25, 0xE6, 0x0A, 0x76, 0x8B, 0x1E, 0x30, 0x65,
    0xB7, 0x28, 0x55, 0x55, 0x49, 0x43, 0x8D, 0x6E, 0xB8, 0xD3, 0x1B, 0x97, 0x95, 0x98, 0xC4, 0xD0,
    0xD5, 0x7E, 0xCF, 0x3C, 0x61, 0x9F, 0xB8, 0xCC, 0x14, 0x72, 0x6C, 0x5C, 0xD2, 0x3D, 0xC7, 0xA5,
    0x75, 0xD4, 0xC4, 0xCF, 0xD8, 0xC8, 0x66, 0x26, 0x29, 0x61, 0x74, 0xF6, 0x63, 0xC4, 0x36, 0x58,
    0x17, 0x15, 0xFD, 0xCA, 0xFB, 0x4A, 0x26, 0xE2, 0x8B, 0x06, 0x24, 0xBB, 0x85, 0xD9, 0x9B, 0x1C,
    0xE8, 0x2B, 0x37, 0x60, 0x33, 0x74, 0xDE, 0x35, 0xEA, 0xD8, 0xBF, 0x2E, 0x32, 0xDB, 0x4C, 0x94,
    0x4D, 0x74, 0xA2, 0xE1, 0x0F, 0xBA, 0x2B, 0xAF, 0x7C, 0x01, 0xC3, 0x84, 0x8E, 0x98, 0x35, 0x62,
    0xF8, 0xBB, 0xDC, 0xED, 0xB9, 0xBB, 0x99, 0xEE, 0x5A, 0xE2, 0x9F, 0x57, 0x92, 0x81, 0xE9, 0xC9,
    0x68, 0xFD, 0x1D, 0xA6, 0x0E, 0x75, 0x15, 0x81, 0x2E, 0x04, 0x8E, 0x04, 0x10, 0x19, 0x01, 0x20,
    0xA2, 0x1F, 0xC0, 0x50, 0xAC, 0xB8, 0x11, 0x1E, 0x10, 0xD2, 0x3E, 0xBA, 0xBD, 0x9F, 0x13, 0xD2,
    0x16, 0x20, 0x10, 0xA1, 0xBB, 0xEC, 0xCF, 0x18, 0x34, 0x8D, 0x35, 0xA6, 0x76, 0x4D, 0x79, 0x48,
    0xC8, 0x60, 0x08, 0xA3, 0x10, 0x4A, 0x13, 0x8F, 0x62, 0x43, 0xA8, 0x44, 0xCC, 0x8A, 0xDF, 0xB5,
    0x5C, 0x55, 0x26, 0x20, 0xDC, 0x00, 0x0D, 0x37, 0x94, 0x15, 0x09, 0x43, 0xB1, 0x7E, 0x12, 0xDC,
    0xBF, 0x2E, 0xDB, 0xAF, 0x06, 0x66, 0x2B, 0x65, 0x3B, 0x5C, 0x6B, 0xE1, 0xFE, 0x14, 0x02, 0x62,
    0x7E, 0xF6, 0xF3, 0x4C, 0x1F, 0x0F, 0xEA, 0xA0, 0x9E, 0x78, 0x94, 0xF4, 0x10, 0x54, 0x9B, 0x65,
    0x8B, 0xB5, 0xC7, 0x68, 0x3F, 0xC3, 0xEA, 0xB7, 0xD1, 0x7E, 0x0A, 0x8E, 0xFC, 0x1B, 0xDA, 0xC7,
    0xE0, 0xC0, 0x7F, 0xB1, 0xFC, 0x01, 0xBE, 0x22, 0x53, 0xF7, 0x3E, 0x41, 0x9E, 0xF4, 0x3F, 0x68,
    0x3F, 0xE6, 0x33, 0xF9, 0x09, 0x8F, 0xF0, 0x33, 0xB6, 0x99, 0x04, 0xFF, 0xCC, 0x36, 0x49, 0x43,
    0xE5, 0x73, 0x5C, 0xBE, 0xA9, 0x6D, 0x58, 0xDD, 0xB4, 0x6D, 0x3D, 0xD3, 0xD6, 0x6F, 0x76, 0xB4,
    0xF5, 0xBA, 0x46, 0x5B, 0xB7, 0xAF, 0xED, 0xBE, 0x98, 0x6A, 0x6A, 0x4B, 0xDB, 0x66, 0x39, 0x5A,
    0x24, 0x57, 0x49, 0x1A, 0x93, 0x85, 0xB0, 0xF9, 0x64, 0x62, 0xA7, 0xB9, 0xE3, 0x83, 0x81, 0x79,
    0x57, 0x4E, 0xEA, 0x59, 0x01, 0x02, 0xF1, 0xDA, 0x54, 0xDA, 0x7C, 0xDA, 0x68, 0xF3, 0x6B, 0xC5,
    0xE2, 0x7D, 0x32, 0x68, 0x53, 0x1A, 0xDB, 0x64, 0xB6, 0x6E, 0x14, 0xD7, 0xDA, 0x84, 0x8D, 0xAD,
    0x22, 0xF5, 0xDA, 0x38, 0xA3, 0x36, 0x52, 0xBC, 0xAB, 0x4D, 0x72, 0xAC, 0x4D, 0xF4, 0x07, 0x6D,
    0x82, 0x3F, 0x97, 0x76, 0x12, 0x5B, 0x1F, 0x99, 0x9A, 0xCC, 0x36, 0x89, 0x6D, 0x20, 0x0F, 0xF0,
    0xB1, 0x8C, 0x54, 0x98, 0x81, 0x68, 0x96, 0xFD, 0x4D, 0xDA, 0x9B, 0x0D, 0xA3, 0x81, 0xD7, 0xEF,
    0xE6, 0x15, 0xED, 0x3C, 0x64, 0x84, 0x02, 0x7C, 0xA4, 0x01, 0x4F, 0x92, 0xD2, 0xC1, 0x47, 0x25,
    0x9D, 0x7D, 0x58, 0xD1, 0xC2, 0x04, 0x0D, 0xAD, 0x8D, 0xDF, 0xD0, 0xF2, 0xF8, 0x2D, 0x07, 0x7A,
    0xE7, 0x61, 0x77, 0xFE, 0x17, 0xDB, 0x47, 0x61, 0x63, 0xC7, 0x5A, 0x3C, 0x16, 0x67, 0xA8, 0xF8,
    0xED, 0x5C, 0x76, 0x5E, 0x49, 0x94, 0x06, 0x5F, 0xE9, 0x51, 0xDA, 0x20, 0x1C, 0x27, 0x20, 0xFA,
    0x81, 0xA1, 0xC5, 0x8C, 0xB9, 0x15, 0x7E, 0xAB, 0x3A, 0x4C, 0x95, 0x19, 0x28, 0x45, 0x0A, 0xC6,
    0xE5, 0x93, 0xD3, 0x2F, 0xDF, 0x6A, 0xBF, 0xB8, 0x72, 0x31, 0x96, 0xF6, 0x68, 0xEF, 0xD2, 0xE2,
    0x7A, 0xDE, 0x78, 0x2B, 0x7B, 0xDC, 0xBF, 0xC6, 0x9E, 0x50, 0x97, 0x12, 0xAF, 0xD9, 0x53, 0x5F,
    0x82, 0x3D, 0x13, 0x93, 0xCC, 0x9A, 0x49, 0xCA, 0xD4, 0x89, 0x3D, 0x75, 0x7C, 0x8E, 0x3D, 0x4C,
    0x08, 0x0A, 0x3A, 0x5E, 0xD2, 0x96, 0xDD, 0x8F, 0x20, 0xEF, 0x81, 0xD1, 0xF8, 0x2D, 0x3B, 0xD1,
    0x20, 0xAD, 0x5C, 0x43, 0xCD, 0x1C, 0x35, 0x56, 0x9A, 0x42, 0x68, 0x0C, 0xFD, 0x9C, 0x6F, 0x36,
    0xC7, 0x14, 0x8C, 0xC4, 0xB2, 0xF6, 0xC7, 0x05, 0xAD, 0x3F, 0x4C, 0x83, 0x35, 0x37, 0x6A, 0x08,
    0x26, 0xE4, 0xC3, 0x14, 0x1D, 0xAD, 0x9E, 0x1D, 0x7D, 0x6B, 0x0D, 0x71, 0x84, 0x74, 0x90, 0xBB,
    0x30, 0x79, 0x0E, 0xB7, 0x77, 0x6C, 0xF8, 0x90, 0x28, 0xB6, 0xC8, 0x9A, 0xAD, 0x6A, 0x8D, 0x39,
    0x50, 0x08, 0xE2, 0x57, 0x18, 0xBC, 0xA5, 0xF1, 0x2D, 0x40, 0x88, 0xA9, 0xC9, 0xE0, 0xAC, 0x11,
    0x87, 0xDE, 0x31, 0x63, 0x45, 0x73, 0xD8, 0x18, 0xC9, 0xD2, 0x23, 0x22, 0xFB, 0x90, 0xB1, 0xCD,
    0x87, 0x44, 0xBE, 0x4D, 0xA0, 0x02, 0x8C, 0x1D, 0xE0, 0xC2, 0x22, 0xAE, 0x2B, 0x60, 0x74, 0x63,
    0xB7, 0x25, 0xE3, 0x63, 0xA0, 0xBB, 0x95, 0x99, 0x65, 0x35, 0x53, 0x33, 0x14, 0x0C, 0xFA, 0x29,
    0x1D, 0xDF, 0xAF, 0x08, 0x8E, 0x18, 0x2E, 0x15, 0x8C, 0xD2, 0x34, 0xBA, 0xCB, 0x7E, 0xB7, 0xD9,
    0x92, 0x8F, 0xE8, 0xF6, 0xCD, 0xF7, 0x6D, 0x7C, 0x62, 0xCA, 0xA3, 0x45, 0xF1, 0xC7, 0x7D, 0x98,
    0xD1, 0x04, 0xF1, 0x3A, 0x61, 0x50, 0x3E, 0x02, 0xF4, 0x27, 0xF8, 0x0D, 0x40, 0xC6, 0xCF, 0x4A,
    0xCF, 0x3F, 0x0E, 0xDE, 0xD0, 0x78, 0x35, 0x61, 0x0D, 0x86, 0x2C, 0x02, 0x59, 0x94, 0x47, 0x1A,
    0x93, 0xCE, 0x1A, 0x93, 0x7F, 0x7C, 0xD3, 0xCB, 0xE4, 0x87, 0x98, 0x0E, 0x31, 0xF3, 0x63, 0x26,
    0x6A, 0x6C, 0x86, 0x51, 0x94, 0x5A, 0xA2, 0x49, 0x4E, 0x3F, 0x20, 0xC7, 0x43, 0x9B, 0xCD, 0xB9,
    0xCA, 0x48, 0x84, 0x13, 0xB7, 0x35, 0xE0, 0x6E, 0x2C, 0xD5, 0xF5, 0x8A, 0xEA, 0xCA, 0xBA, 0x72,
    0x9B, 0x53, 0xD2, 0x8B, 0x19, 0x8B, 0x33, 0xB3, 0x05, 0x2F, 0xA8, 0xCD, 0x96, 0x06, 0x30, 0x5A,
    0xF2, 0xC2, 0xF6, 0xEF, 0x5A, 0x59, 0x3E, 0xB0, 0xC2, 0xAC, 0x95, 0xC4, 0xD6, 0xD1, 0xA6, 0x63,
    0x25, 0x08, 0x82, 0xA9, 0x35, 0x0F, 0x19, 0x6C, 0xBA, 0x56, 0xD8, 0x4C, 0x39, 0x0B, 0x6D, 0xDC,
    0xFC, 0x9F, 0xDA, 0xC4, 0xBD, 0xCD, 0x86, 0xA6, 0xC6, 0x96, 0xB7, 0xAC, 0x6A, 0x2C, 0x53, 0x23,
    0xC5, 0xA5, 0x85, 0x7D, 0xEB, 0x8F, 0xF7, 0xE0, 0x0B, 0xAF, 0xC2, 0xF7, 0x60, 0xC8, 0xAF, 0x18,
    0x96, 0x32, 0xA1, 0x30, 0x5A, 0x8B, 0x1B, 0xF4, 0x41, 0x93, 0x17, 0x26, 0xAB, 0x77, 0xA9, 0x92,
    0xDE, 0xD3, 0x9C, 0x14, 0x66, 0xE2, 0xFD, 0x7B, 0x49, 0x1A, 0xA1, 0xAA, 0xEF, 0x55, 0xA4, 0x12,
    0xE2, 0x13, 0xD4, 0x4C, 0xC4, 0xA3, 0xF2, 0x9A, 0xAF, 0x75, 0xEB, 0xB0, 0xBC, 0xEE, 0xB5, 0x6A,
    0x80, 0xAB, 0x99, 0xDB, 0xF9, 0x9A, 0x4B, 0xCE, 0x9C, 0x1E, 0x79, 0x28, 0x14, 0x7F, 0x47, 0x06,
    0x3D, 0x0C, 0x68, 0x1A, 0x39, 0x8A, 0x74, 0xA9, 0x8D, 0x64, 0xE4, 0x87, 0x33, 0x20, 0x2B, 0x9D,
    0x69, 0x76, 0x5D, 0x4A, 0x7C, 0x38, 0x3D, 0xD8, 0x42, 0x1D, 0xE4, 0x3B, 0x6C, 0xA7, 0xDA, 0x8E,
    0x5D, 0x54, 0x62, 0x0B, 0x34, 0x5A, 0x30, 0xB1, 0x09, 0xDD, 0x75, 0x51, 0x13, 0xBF, 0x8A, 0x36,
    0xAE, 0x52, 0xEF, 0x74, 0x15, 0xD8, 0x44, 0x24, 0xAF, 0x49, 0x45, 0xB2, 0xD5, 0xC5, 0x20, 0xCF,
    0x21, 0x55, 0x5E, 0x1F, 0x6A, 0xBE, 0x7B, 0x53, 0xA7, 0xB8, 0xAB, 0x68, 0x15, 0x27, 0xD3, 0x29,
    0x76, 0x5D, 0xB3, 0xD2, 0xB2, 0xF7, 0xAE, 0xD1, 0x7A, 0x2A, 0x93, 0x71, 0xB7, 0xA2, 0x8E, 0xFA,
    0x79, 0xC4, 0xCA, 0x9D, 0xA6, 0x91, 0x6F, 0xA9, 0x24, 0xED, 0x6A, 0xCA, 0xDE, 0x90, 0x81, 0xF0,
    0x3D, 0x37, 0x34, 0xBF, 0x4B, 0xB4, 0x0C, 0x60, 0x79, 0x8E, 0x18, 0x88, 0x32, 0x72, 0xA8, 0x22,
    0xD2, 0x29, 0x87, 0x1B, 0x65, 0xAF, 0x26, 0xF9, 0xBE, 0x3A, 0x2F, 0x56, 0x02, 0xA3, 0x2A, 0x54,
    0x12, 0xB6, 0xD4, 0xAE, 0x92, 0x2D, 0x5E, 0x7F, 0xA0, 0x5C, 0x52, 0xAA, 0x8C, 0x52, 0x98, 0x95,
    0x5F, 0x57, 0xE3, 0x40, 0x17, 0x42, 0xD8, 0xA2, 0xD1, 0x90, 0x99, 0x16, 0x37, 0xA5, 0x47, 0x17,
    0xB5, 0x63, 0xB7, 0x6D, 0x69, 0x49, 0xD9, 0xA0, 0x06, 0x57, 0x87, 0x17, 0x32, 0x15, 0x42, 0xF4,
    0xA5, 0x6E, 0x86, 0xB2, 0x6B, 0xF5, 0x52, 0x96, 0x2F, 0x7F, 0xCA, 0x0D, 0x3A, 0x64, 0x64, 0xDE,
    0xD3, 0xC2, 0xB3, 0x78, 0xEB, 0xD8, 0xF0, 0xC7, 0x82, 0xDE, 0x3C, 0xE9, 0xE5, 0xD5, 0xBE, 0x88,
    0x40, 0xFA, 0x76, 0xAA, 0x94, 0xCD, 0xA6, 0xFA, 0xF1, 0xB2, 0x6A, 0x4D, 0xED, 0xA0, 0xA2, 0x90,
    0x97, 0x94, 0x46, 0x8A, 0xA6, 0x6A, 0x53, 0x33, 0xD5, 0xA3, 0xCF, 0x0F, 0x8A, 0x2E, 0x0C, 0xF2,
    0x2E, 0x0E, 0x6A, 0x2F, 0x0C, 0xDA, 0x5A, 0x0D, 0x2A, 0xCC, 0x1D, 0x86, 0x9F, 0xAF, 0xF4, 0xBD,
    0x83, 0x54, 0xCD, 0xD6, 0xF2, 0x78, 0x16, 0x06, 0xB7, 0xD0, 0xB4, 0x90, 0x80, 0x43, 0x09, 0xCA,
    0x6D, 0xA4, 0x49, 0x51, 0xBA, 0x8D, 0xA7, 0x5D, 0x10, 0xF2, 0x1D, 0x71, 0xF2, 0x55, 0xE1, 0xC6,
    0xAC, 0x3E, 0x8F, 0xC0, 0xE3, 0x02, 0xE3, 0x03, 0x2A, 0x20, 0xE5, 0x36, 0x03, 0xBB, 0xFD, 0x33,
    0xA8, 0x6A, 0x94, 0xF3, 0xD4, 0x82, 0xA5, 0xD8, 0x8C, 0x7B, 0x73, 0xCB, 0x6E, 0x90, 0x02, 0x56,
    0x04, 0xE2, 0xA7, 0x0D, 0x72, 0x64, 0xFC, 0xA9, 0xB9, 0x52, 0x66, 0x13, 0xD9, 0x25, 0xD0, 0x73,
    0xA0, 0xE2, 0x17, 0xCF, 0x1A, 0x08, 0xC7, 0xF1, 0x58, 0x21, 0x97, 0x2E, 0x6C, 0x49, 0x6E, 0x83,
    0x3B, 0x6D, 0x56, 0xC0, 0x7B, 0x09, 0x80, 0xCA, 0x7A, 0xA7, 0x67, 0x2C, 0xE3, 0xA6, 0x31, 0x62,
    0x39, 0x98, 0x36, 0xBC, 0x80, 0x65, 0xE8, 0x68, 0xCF, 0x00, 0x7A, 0x75, 0x90, 0x5F, 0x05, 0xF6,
    0x6D, 0x6B, 0x3B, 0xD3, 0xBD, 0x02, 0x41, 0x52, 0xCE, 0xFF, 0xEF, 0xD9, 0x28, 0xA6, 0x99, 0x9F,
    0xD0, 0xAD, 0x83, 0x82, 0xFD, 0x0A, 0x91, 0x4E, 0x17, 0x96, 0x2C, 0xB4, 0xB2, 0xE0, 0x2A, 0x87,
    0xC5, 0x94, 0x29, 0x9E, 0xBF, 0xCD, 0x24, 0x8C, 0xE4, 0x6F, 0x5C, 0xCB, 0xF5, 0x70, 0x7C, 0xA7,
    0x83, 0xD9, 0xAE, 0x59, 0xA9, 0x5F, 0x7E, 0xE6, 0xDC, 0x4A, 0xB3, 0x04, 0x56, 0x76, 0x5F, 0x00,
    0xE6, 0x27, 0x05, 0xAC, 0x7E, 0x51, 0x80, 0x4D, 0x08, 0x72, 0xA1, 0x0C, 0x86, 0x56, 0xBC, 0xB0,
    0x07, 0x56, 0x7A, 0x10, 0x30, 0xFE, 0x05, 0xA0, 0xE7, 0x0A, 0xDA, 0x45, 0x3B, 0xC7, 0x1C, 0x16,
    0x12, 0x81, 0x67, 0x8E, 0xB2, 0x8F, 0x80, 0x14, 0x69, 0xC0, 0xA6, 0x52, 0x5B, 0xD4, 0x58, 0x33,
    0x22, 0x2D, 0x44, 0x57, 0x3D, 0x3B, 0x1F, 0xD9, 0x61, 0xAC, 0x06, 0xE8, 0xB6, 0x8B, 0x59, 0x2C,
    0x16, 0xAB, 0x02, 0x80, 0x5D, 0xDE, 0x54, 0xE7, 0x2E, 0xC5, 0xD1, 0x4A, 0x9E, 0x04, 0xE3, 0x3B,
    0x87, 0x4C, 0xBC, 0x1B, 0x8D, 0x7F, 0x48, 0x77, 0x85, 0xE8, 0xA0, 0x91, 0xE8, 0x5F, 0x5A, 0xD9,
    0x86, 0x79, 0x99, 0x8A, 0xB0, 0xB4, 0xF2, 0x0C, 0x3D, 0xDD, 0x29, 0x89, 0xA3, 0xD7, 0x7D, 0x30,
    0xFE, 0xC7, 0x2B, 0x27, 0x81, 0x73, 0x73, 0x5F, 0x7D, 0xA0, 0x14, 0x27, 0x6E, 0xE9, 0x8F, 0xA6,
    0x28, 0xA3, 0x2A, 0x82, 0xCD, 0xCB, 0x11, 0xDC, 0x64, 0xA9, 0x47, 0x29, 0x43, 0xFC, 0x58, 0xB0,
    0xAF, 0x3E, 0xC1, 0x6F, 0x50, 0xFC, 0x60, 0x55, 0xC2, 0x1A, 0xC4, 0x6B, 0x54, 0xE3, 0xFD, 0xF2,
    0xBE, 0x55, 0x43, 0x5B, 0x6C, 0x54, 0x53, 0x12, 0x33, 0x12, 0x0E, 0xB9, 0x76, 0x66, 0xD7, 0x39,
    0x14, 0x34, 0x29, 0x13, 0xFA, 0x96, 0x23, 0x02, 0x16, 0x3F, 0x72, 0x9E, 0x40, 0xB2, 0x54, 0x79,
    0x88, 0x5D, 0xDD, 0x47, 0xC0, 0x66, 0x4B, 0x56, 0x14, 0x58, 0xCA, 0xBB, 0x59, 0x81, 0xE0, 0x25,
    0x20, 0xE8, 0x00, 0x0A, 0x93, 0x06, 0x5F, 0xC0, 0x58, 0x07, 0x14, 0xBA, 0x00, 0x31, 0x5E, 0x15,
    0x90, 0xC4, 0xBF, 0x1D, 0xCC, 0xCF, 0xDE, 0xD9, 0x3F, 0x35, 0xE6, 0xD8, 0x18, 0x30, 0x1D, 0xFE,
    0xD8, 0x5E, 0xAB, 0xF2, 0xE4, 0x54, 0xA8, 0x6E, 0x18, 0xDE, 0x81, 0x3A, 0x68, 0x65, 0x70, 0x89,
    0x6B, 0xCE, 0x88, 0x56, 0x4F, 0x32, 0x5F, 0x88, 0xB1, 0xD3, 0x83, 0x86, 0x4E, 0xBE, 0x45, 0x4D,
    0xBA, 0xDC, 0xD5, 0x2E, 0xAF, 0x46, 0xAF, 0xFA, 0x43, 0xBF, 0x32, 0x9F, 0xE5, 0x48, 0xF2, 0x58,
    0x72, 0xFE, 0x57, 0x6E, 0xC2, 0x4A, 0xE9, 0x3F, 0xB8, 0x8C, 0xE6, 0xC3, 0xC5, 0x79, 0x9D, 0xF5,
    0x70, 0x87, 0xF8, 0x13, 0x8B, 0xF4, 0x3A, 0x1E, 0x60, 0x77, 0x11, 0xDF, 0xDE, 0x22, 0x60, 0x8A,
    0xF8, 0x0C, 0x86, 0xCA, 0x33, 0x4C, 0xD2, 0x7A, 0x9E, 0x1E, 0x75, 0xF0, 0x9E, 0xD0, 0x7D, 0x0D,
    0x9C, 0x07, 0x02, 0x15, 0x96, 0x24, 0xC7, 0x9A, 0xA3, 0x27, 0xDC, 0x91, 0xD1, 0xDA, 0x20, 0xA3,
    0x97, 0xF7, 0xB5, 0x2F, 0xCB, 0x4B, 0xA7, 0xC2, 0xB6, 0x47, 0x2D, 0x22, 0xFD, 0xC2, 0x38, 0x10,
    0x42, 0xF3, 0x07, 0x63, 0x1E, 0x23, 0xD3, 0xC0, 0x95, 0xFC, 0x09, 0x21, 0x83, 0x7D, 0x9B, 0x94,
    0xBA, 0xA7, 0xD6, 0x5E, 0xA2, 0x8D, 0xFE, 0x6E, 0xAD, 0x8A, 0x89, 0x53, 0x74, 0x2A, 0x29, 0xC8,
    0x00, 0x2D, 0x3D, 0x20, 0x46, 0x29, 0x29, 0x8D, 0x8A, 0x61, 0x37, 0x89, 0x61, 0xF5, 0x75, 0xC4,
    0x50, 0xA2, 0x53, 0x56, 0xE4, 0x60, 0x0E, 0x02, 0x1A, 0x61, 0x58, 0xAF, 0xC1, 0x1E, 0xB6, 0xEB,
    0x51, 0x38, 0x93, 0x84, 0x9C, 0xA7, 0x0C, 0xE5, 0x05, 0xA0, 0x2F, 0xB4, 0x8B, 0x76, 0xD6, 0x61,
    0x01, 0x4D, 0xB9, 0xA2, 0xB2, 0x48, 0x1F, 0xC6, 0xAD, 0xCC, 0xBF, 0x3C, 0xA3, 0x91, 0x02, 0xB9,
    0xDF, 0x7A, 0xCE, 0xD6, 0xB7, 0x97, 0xB6, 0xF5, 0x1D, 0x87, 0xC1, 0xA2, 0x96, 0xDE, 0xB3, 0x67,
    0x3C, 0x59, 0x83, 0xAD, 0xF7, 0x5E, 0x2E, 0x6E, 0x08, 0xA6, 0x6C, 0xF4, 0x4D, 0x31, 0x75, 0x53,
    0x98, 0xE7, 0xF7, 0xF2, 0xA0, 0x75, 0x4D, 0x1E, 0xB1, 0x58, 0xC1, 0x93, 0x7B, 0xA5, 0x3E, 0x5F,
    0x2E, 0xF0, 0x2B, 0xC0, 0x2C, 0x17, 0x98, 0x63, 0x81, 0x49, 0xAE, 0xFF, 0xCC, 0x10, 0x36, 0x40,
    0xE0, 0x99, 0x7D, 0x0C, 0x9F, 0xB7, 0x36, 0x15, 0x7B, 0x29, 0xD8, 0xA4, 0x82, 0x20, 0xA8, 0x96,
    0x1D, 0x9A, 0x92, 0xA4, 0xCF, 0x3A, 0xD3, 0xDF, 0x19, 0x3E, 0x01, 0x26, 0xA6, 0x8F, 0xF6, 0x30,
    0x89, 0xD1, 0xDE, 0xCB, 0xEE, 0x4D, 0x58, 0xD2, 0x04, 0xEB, 0x71, 0xE0, 0xA6, 0xA2, 0x67, 0xAC,
    0xB4, 0x6C, 0xC3, 0x03, 0x6C, 0x6B, 0x19, 0xD8, 0x4C, 0x31, 0x9F, 0xD6, 0xD4, 0xB4, 0xCF, 0xC0,
    0x01, 0x29, 0x83, 0xDB, 0xDB, 0xE0, 0x5C, 0x8B, 0x0D, 0xA3, 0xCE, 0xF4, 0x74, 0x3B, 0x4F, 0x91,
    0x8F, 0x02, 0x17, 0xC3, 0x4B, 0xBD, 0x60, 0x1A, 0x5C, 0x9E, 0x41, 0xF6, 0xB0, 0xF3, 0x97, 0xD4,
    0x11, 0xB7, 0x7F, 0xCD, 0x31, 0x87, 0xB4, 0x03, 0xB7, 0xC5, 0x49, 0xB3, 0x0E, 0x34, 0xC1, 0x16,
    0x14, 0xB5, 0xDD, 0xAB, 0xBF, 0x1D, 0xC0, 0xAB, 0xD5, 0xEE, 0x08, 0x2C, 0x70, 0x50, 0x9F, 0x22,
    0x53, 0x32, 0x01, 0xC4, 0xF2, 0x24, 0xD0, 0xF3, 0xE1, 0x1E, 0x81, 0xF2, 0x7E, 0x07, 0xA1, 0xF5,
    0x72, 0x24, 0xD0, 0x41, 0x4A, 0xDF, 0x4F, 0x37, 0xA5, 0x25, 0xEF, 0x9B, 0xF4, 0x83, 0x33, 0x4A,
    0xE1, 0x0E, 0x9D, 0x1D, 0x8F, 0x04, 0x4A, 0x86, 0xDC, 0xBF, 0x67, 0x14, 0xFF, 0x05, 0xA3, 0xB5,
    0x67, 0xA9, 0x16, 0x02, 0x97, 0x47, 0xC0, 0x5A, 0x07, 0xD8, 0xA5, 0x64, 0x1C, 0xB3, 0xCE, 0xB7,
    0x3F, 0xFE, 0xAC, 0x78, 0x72, 0x63, 0xA4, 0xCF, 0xC9, 0x9D, 0x86, 0xFE, 0xA7, 0x74, 0x59, 0xD9,
    0x82, 0xB0, 0x21, 0x84, 0x90, 0xFF, 0xAE, 0x91, 0x08, 0x0C, 0xF2, 0x45, 0x13, 0xD0, 0x43, 0xFF,
    0xBE, 0x85, 0x13, 0x4A, 0xDC, 0xB2, 0xBB, 0x06, 0x99, 0x7A, 0xB7, 0xEC, 0x91, 0x52, 0x44, 0xC7,
    0xE9, 0x3D, 0x4C, 0x1F, 0x3E, 0x96, 0xED, 0xB7, 0x31, 0xE3, 0x53, 0x49, 0x76, 0xB4, 0xD8, 0xC0,
    0xC2, 0x84, 0xC6, 0x36, 0x6A, 0x79, 0x79, 0x3C, 0x8B, 0x50, 0x91, 0x21, 0xA7, 0x3C, 0xC4, 0x3A,
    0x30, 0xBB, 0x67, 0x9A, 0xFD, 0xD1, 0x35, 0x5C, 0xFA, 0x2D, 0x2E, 0xE4, 0x11, 0x1D, 0x36, 0x43,
    0xB0, 0x63, 0x26, 0x46, 0x9F, 0xA7, 0xD3, 0xD9, 0xA2, 0x96, 0x60, 0x6C, 0xC8, 0xCC, 0x35, 0x04,
    0x0C, 0x58, 0x6E, 0x32, 0xA0, 0xBE, 0xCB, 0xB8, 0x9B, 0x71, 0x90, 0x57, 0x61, 0x61, 0xF3, 0xD3,
    0x0D, 0x73, 0x62, 0x4C, 0xC8, 0xD8, 0x19, 0x1C, 0x9B, 0x9F, 0xA5, 0x77, 0x4E, 0x94, 0x63, 0x58,
    0x91, 0xBF, 0xE2, 0xD8, 0xB5, 0xAF, 0x72, 0x2C, 0x7F, 0xB8, 0xE4, 0xD8, 0x6F, 0xAA, 0x25, 0xC7,
    0xFE, 0x9C, 0x4F, 0xB3, 0x39, 0x66, 0xC5, 0x31, 0xCD, 0xB7, 0x34, 0x05, 0xDA, 0x59, 0xFE, 0xCF,
    0x88, 0x53, 0x4D, 0xA7, 0xED, 0xD9, 0x0F, 0x99, 0x10, 0xFF, 0x89, 0x21, 0x45, 0x37, 0x9D, 0x58,
    0x8A, 0xCD, 0x1C, 0xF6, 0x1B, 0xDA, 0x13, 0x30, 0x35, 0x47, 0xE4, 0x28, 0xF5, 0xF2, 0x3F, 0x1C,
    0x82, 0xDA, 0x66, 0x0C, 0x2C, 0x10, 0x8D, 0xD3, 0x3F, 0x3E, 0x34, 0x9A, 0x0A, 0xF4, 0x51, 0x2E,
    0x7D, 0xC2, 0x3C, 0x60, 0xB1, 0xD0, 0x13, 0x71, 0xD9, 0x84, 0x64, 0xEE, 0xB9, 0xDD, 0xD2, 0x07,
    0x35, 0x3C, 0x60, 0x64, 0xE4, 0xDD, 0x6A, 0xDC, 0xBD, 0xBB, 0x3C, 0xD7, 0x7C, 0xC4, 0xDF, 0x91,
    0x76, 0xE3, 0xA2, 0x77, 0x7F, 0xB4, 0xFC, 0x7D, 0x57, 0x9F, 0x5B, 0xAD, 0x27, 0x37, 0xE7, 0x90,
    0x30, 0xB2, 0xD9, 0x03, 0xF2, 0xE6, 0x32, 0x1F, 0x28, 0xCB, 0x7E, 0xA7, 0x8C, 0xD8, 0xB6, 0xFF,
    0x63, 0xA4, 0x0F, 0xF7, 0x96, 0xD8, 0x9B, 0xE5, 0x75, 0xA0, 0xBF, 0xC3, 0x5D, 0xE1, 0xDA, 0xD6,
    0x3F, 0x57, 0xAF, 0x2C, 0xAD, 0xF7, 0x9E, 0xC7, 0x30, 0x10, 0x2D, 0x90, 0x6F, 0xDC, 0x97, 0x2B,
    0xF1, 0x20, 0xE1, 0x6E, 0x94, 0x87, 0xAD, 0x57, 0x6F, 0x21, 0xF5, 0xED, 0xF7, 0x60, 0xEC, 0xFF,
    0x1F, 0xDD, 0x5A, 0xBD, 0x8F, 0xDD, 0x56, 0x76, 0x3F, 0x24, 0x35, 0xC3, 0x8D, 0xB8, 0x12, 0x55,
    0xD8, 0xF9, 0x58, 0x7D, 0xD0, 0x45, 0x02, 0x68, 0x63, 0x79, 0xE8, 0x42, 0x40, 0x54, 0xBC, 0x19,
    0x72, 0xB1, 0x08, 0xB6, 0x48, 0x11, 0x37, 0xF1, 0x16, 0x2E, 0xEC, 0x22, 0x45, 0x10, 0x15, 0x23,
    0x20, 0x2E, 0xA6, 0x18, 0xCF, 0xE3, 0xAE, 0xFF, 0x01, 0x05, 0x08, 0xD2, 0x6C, 0xA3, 0x42, 0x4D,
    0x9E, 0x8A, 0x99, 0x42, 0x85, 0x8B, 0xD9, 0x47, 0x26, 0x2A, 0xB6, 0x5C, 0x2E, 0xE2, 0x2E, 0x45,
    0x98, 0xEC, 0x00, 0x31, 0xBC, 0x40, 0x44, 0x64, 0x5F, 0x62, 0x6A, 0xC4, 0xC7, 0x9B, 0xDF, 0xEF,
    0x5C, 0xBE, 0x8F, 0xF9, 0x90, 0x2D, 0x19, 0xD6, 0xC0, 0x5A, 0xCE, 0xE3, 0xB9, 0x6F, 0xF8, 0x2E,
    0xEF, 0xFD, 0x9D, 0x73, 0xEF, 0x3D, 0x5F, 0xF7, 0xAE, 0x49, 0x9E, 0x99, 0x22, 0xCF, 0xD6, 0x64,
    0x76, 0x5D, 0x97, 0xC1, 0xFC, 0xEF, 0x23, 0xFD, 0x1B, 0xE3, 0xCF, 0xCC, 0xFF, 0x3E, 0x12, 0xF1,
    0x8A, 0xC5, 0xED, 0x7F, 0x2A, 0x92, 0x9B, 0xCC, 0xFB, 0xE2, 0x17, 0x55, 0xF8, 0xE8, 0x51, 0x13,
    0x7F, 0xFC, 0xA8, 0x4D, 0xBC, 0x7F, 0x6E, 0x87, 0x5E, 0xF1, 0xD7, 0x1D, 0x7E, 0x3F, 0x7E, 0xE7,
    0xB8, 0xF1, 0x9B, 0x24, 0x1F, 0x17, 0x57, 0xE2, 0x7F, 0x2D, 0xB6, 0xC2, 0xA7, 0xFF, 0x56, 0x7B,
    0xC6, 0x14, 0xB2, 0x39, 0x3D, 0xDA, 0x2E, 0xEF, 0xA0, 0x13, 0x19, 0x3E, 0x2E, 0x9D, 0xA9, 0x37,
    0xF1, 0x26, 0x6E, 0xEB, 0xD7, 0xCE, 0x34, 0xAC, 0x84, 0xF7, 0x36, 0x6E, 0x99, 0xDD, 0x01, 0x6E,
    0xAF, 0xB6, 0xB7, 0x41, 0x5B, 0xA3, 0xC3, 0x51, 0x26, 0xF8, 0x3E, 0xBB, 0x1D, 0xFE, 0x5E, 0x02,
    0x6A, 0x86, 0xFA, 0x78, 0x34, 0x34, 0x8B, 0xEB, 0x21, 0x5E, 0xCF, 0x5A, 0x91, 0xA4, 0x48, 0xE2,
    0x66, 0x2C, 0x7E, 0x97, 0x57, 0xE2, 0x55, 0x41, 0x21, 0x41, 0xE1, 0x56, 0x12, 0xA6, 0x78, 0x3F,
    0x94, 0x39, 0x49, 0x9D, 0x5A, 0xFC, 0x02, 0x6D, 0x79, 0x93, 0x08, 0x55, 0x72, 0x33, 0x91, 0x9D,
    0xD5, 0x7B, 0x43, 0x41, 0x03, 0x71, 0xA1, 0x4D, 0xA1, 0x7B, 0xD3, 0xEE, 0x1E, 0x66, 0xBB, 0x9F,
    0xF9, 0xA8, 0x2A, 0x5E, 0x23, 0x17, 0xC5, 0x69, 0xE5, 0xAA, 0x48, 0x27, 0x37, 0xD0, 0xB5, 0xDC,
    0x44, 0x5F, 0xD9, 0x1E, 0xEB, 0x13, 0xFD, 0x7F, 0x90, 0xCB, 0xFF, 0x01, 0x2E, 0xEF, 0x29, 0xFE,
    0x23, 0x78, 0x25, 0xAC, 0x2D, 0x0B, 0xA2, 0xCF, 0xCE, 0x8F, 0x0C, 0xD8, 0x3A, 0xFA, 0x83, 0xDC,
    0x36, 0xF7, 0xC9, 0x73, 0x2B, 0xF5, 0xB1, 0x8B, 0x15, 0xEA, 0x13, 0x0F, 0x57, 0xDE, 0xC1, 0x60,
    0x75, 0x40, 0x1F, 0x17, 0x41, 0x19, 0x56, 0x61, 0x11, 0xD4, 0x61, 0xE1, 0x55, 0x21, 0x84, 0x13,
    0x4C, 0x00, 0x82, 0x4D, 0x9A, 0x4A, 0x02, 0xD3, 0x49, 0xE2, 0x9B, 0x62, 0x5B, 0x86, 0x75, 0x2B,
    0x41, 0xD3, 0x8A, 0xDB, 0x62, 0x78, 0xDA, 0x3C, 0x93, 0x36, 0x99, 0x48, 0x13, 0x99, 0x1F, 0x56,
    0xAE, 0x31, 0xA9, 0x24, 0x60, 0xDC, 0x35, 0x14, 0x29, 0x90, 0x45, 0xC5, 0xEF, 0x49, 0x58, 0x24,
    0x29, 0xEE, 0x22, 0xCC, 0xA2, 0x32, 0x4E, 0x83, 0xA7, 0x78, 0x0B, 0x02, 0xC5, 0x24, 0xC2, 0xCC,
    0xC1, 0x87, 0xB3, 0x49, 0x56, 0xFF, 0x89, 0xE0, 0xF0, 0x7E, 0x83, 0x22, 0x3E, 0x70, 0xF8, 0x2E,
    0xEA, 0x41, 0x5E, 0x1E, 0x44, 0x22, 0xFB, 0x90, 0x22, 0x8A, 0x35, 0x89, 0x64, 0xD5, 0x64, 0x61,
    0x3A, 0x90, 0xE4, 0x37, 0xB5, 0x57, 0x0C, 0x50, 0xA7, 0x76, 0x8B, 0x87, 0x6E, 0x2D, 0xB5, 0x53,
    0xED, 0xA1, 0xEA, 0x3D, 0xA9, 0x6A, 0x0C, 0x14, 0xF9, 0xEC, 0x8B, 0xF0, 0xC8, 0x7F, 0xB6, 0x78,
    0xE8, 0x57, 0xF2, 0x81, 0x54, 0x5B, 0x98, 0x1C, 0x7B, 0x6E, 0xA9, 0xAD, 0x78, 0xC5, 0x5B, 0x6C,
    0xD3, 0xCF, 0x42, 0xF4, 0x90, 0x86, 0x18, 0x51, 0x54, 0x5C, 0x17, 0x17, 0x12, 0x10, 0x60, 0xDA,
    0x81, 0x30, 0x20, 0x90, 0xF0, 0xC9, 0xBB, 0xE4, 0xCC, 0xC9, 0xCD, 0x81, 0xAE, 0x0B, 0x88, 0x4E,
    0x56, 0x3B, 0x59, 0x7B, 0xBF, 0xD8, 0xF6, 0xCA, 0x7D, 0xAF, 0xBA, 0xE4, 0x55, 0x4E, 0x5E, 0x45,
    0x1F, 0x57, 0xDB, 0x5E, 0xD5, 0x78, 0x55, 0xEB, 0x57, 0xE3, 0xDB, 0xFF, 0x17, 0x97, 0x90, 0x95,
    0x38, 0x9C, 0x67, 0x11, 0xDB, 0xDC, 0x17, 0xA7, 0x01, 0x62, 0x1F, 0xA2, 0xC6, 0x88, 0x27, 0xA9,
    0xE4, 0x0E, 0x05, 0xE9, 0xA2, 0x9B, 0xCE, 0xE1, 0xB4, 0x4B, 0x73, 0xD4, 0x2D, 0x31, 0x99, 0xDC,
    0x9A, 0xDC, 0x6F, 0x13, 0x40, 0x04, 0xE6, 0xC5, 0x93, 0xF3, 0x76, 0x3D, 0xFE, 0xED, 0x68, 0x34,
    0xBA, 0x97, 0x63, 0x06, 0xD8, 0x31, 0xFD, 0x4A, 0xC2, 0x19, 0x88, 0x19, 0x14, 0x3D, 0x11, 0xE7,
    0xC0, 0x2F, 0xFC, 0x54, 0xEE, 0x5C, 0x10, 0xB9, 0x72, 0x3D, 0x99, 0x5C, 0xB8, 0x19, 0x0E, 0xFC,
    0xB7, 0xC3, 0x5B, 0xB8, 0x2B, 0xEF, 0xED, 0xF0, 0xBA, 0x7F, 0x33, 0xBC, 0xB2, 0x7A, 0x3D, 0xBA,
    0x70, 0xE1, 0xC2, 0xEB, 0x7F, 0x7E, 0x83, 0xF5, 0x58, 0x9F, 0xEF, 0xCD, 0x1B, 0x71, 0xEE, 0x4B,
    0x64, 0x64, 0x3D, 0x80, 0xD4, 0x2B, 0x88, 0x9D, 0x1F, 0x07, 0xEC, 0x96, 0x71, 0x9E, 0xF9, 0xD3,
    0xE7, 0x02, 0x23, 0x76, 0x49, 0x9A, 0x7A, 0x84, 0x45, 0x79, 0xEF, 0xB9, 0xDE, 0x98, 0x5D, 0x23,
    0xF2, 0xAD, 0xEF, 0x3A, 0x98, 0x06, 0xEF, 0x55, 0x89, 0x3B, 0xD9, 0x90, 0xE6, 0x06, 0x05, 0x34,
    0x11, 0xAC, 0x43, 0xAC, 0x42, 0x4C, 0x14, 0x48, 0x6A, 0x8B, 0x0B, 0x1C, 0x6B, 0x3B, 0x36, 0x6D,
    0xA2, 0x1F, 0xC7, 0xA4, 0xC1, 0xCF, 0xEA, 0xC8, 0x99, 0xC4, 0xD2, 0x9C, 0x43, 0x7D, 0x2E, 0xDA,
    0x52, 0x30, 0x5D, 0x7F, 0x5C, 0xE9, 0x00, 0xB7, 0xD7, 0x65, 0x7F, 0x5D, 0xDA, 0x35, 0xA7, 0x09,
    0xDF, 0xAB, 0x5D, 0x3C, 0xFF, 0xC4, 0x69, 0xBD, 0x26, 0xA8, 0xA2, 0x6C, 0x5D, 0x1E, 0x72, 0xC8,
    0x45, 0x56, 0x30, 0x32, 0xD0, 0x75, 0x27, 0x49, 0x37, 0x27, 0xD3, 0x2F, 0x23, 0x2E, 0x48, 0xE1,
    0x81, 0xD4, 0xE1, 0x58, 0x12, 0x33, 0x1D, 0x36, 0x1B, 0x79, 0x93, 0x4C, 0x36, 0xA2, 0x32, 0x2A,
    0x37, 0xC8, 0xDD, 0xF0, 0x34, 0x92, 0x82, 0x5C, 0x52, 0xE6, 0x31, 0xEB, 0x8C, 0xC4, 0x5D, 0x7E,
    0xE8, 0x80, 0xA3, 0x2C, 0x20, 0x89, 0x48, 0xC8, 0x60, 0x36, 0x24, 0x31, 0xCF, 0x22, 0xF9, 0xBC,
    0x8A, 0x56, 0x0E, 0x49, 0x7C, 0x12, 0x51, 0x72, 0x99, 0x44, 0xCE, 0x91, 0xC8, 0x0B, 0x91, 0x3F,
    0x4D, 0xD7, 0x96, 0x6C, 0x85, 0x8F, 0xBF, 0xA0, 0x74, 0x1A, 0x9A, 0x89, 0x3F, 0x69, 0x93, 0x4A,
    0x51, 0xAF, 0xD6, 0x50, 0x18, 0xF2, 0x6E, 0x8D, 0xC9, 0xFC, 0x65, 0x9F, 0xCB, 0x4F, 0x38, 0xBF,
    0x30, 0x4A, 0xE1, 0x3F, 0xD6, 0x1B, 0xB2, 0xBF, 0x2D, 0xEB, 0x8D, 0xC4, 0xF3, 0x0F, 0xFE, 0xC5,
    0x43, 0xFC, 0x84, 0x0A, 0x6F, 0x70, 0xD5, 0x6D, 0x73, 0x50, 0x22, 0xD9, 0xE0, 0xB2, 0x0C, 0x33,
    0x2C, 0x53, 0xEA, 0x79, 0xBB, 0x7A, 0x32, 0x88, 0x2C, 0x2C, 0xE2, 0xAC, 0x5F, 0x5B, 0x18, 0x18,
    0xA7, 0xF1, 0x26, 0x58, 0x6E, 0x58, 0xFB, 0x61, 0x1A, 0x73, 0x05, 0x6E, 0x8B, 0xDC, 0x81, 0xAA,
    0x38, 0x72, 0xAD, 0x72, 0xA2, 0x9D, 0x93, 0x9C, 0xC5, 0x40, 0xFE, 0x80, 0xC5, 0x43, 0xB5, 0x1E,
    0x52, 0x59, 0x43, 0x52, 0x68, 0x11, 0x58, 0x93, 0x72, 0xD5, 0x16, 0x03, 0x5B, 0xEC, 0x69, 0xE1,
    0x94, 0x5A, 0x78, 0x99, 0x5B, 0x78, 0x34, 0x0E, 0x3E, 0x8B, 0x1B, 0xC0, 0xF2, 0xDE, 0x93, 0x74,
    0x4B, 0xFE, 0x8C, 0x8B, 0xA7, 0x96, 0xBF, 0x83, 0x5E, 0x71, 0x0B, 0x79, 0x44, 0x2B, 0x99, 0x7A,
    0x1F, 0xA3, 0xB8, 0x28, 0x01, 0xED, 0xDA, 0x40, 0x2E, 0xB0, 0x78, 0x28, 0x1B, 0x0F, 0x3E, 0x67,
    0x9F, 0x09, 0x06, 0xBB, 0xB7, 0x79, 0xE8, 0x93, 0xC5, 0x55, 0x5B, 0x0C, 0x6C, 0x61, 0xE7, 0xC4,
    0xCA, 0x9E, 0xA2, 0xA6, 0x88, 0x85, 0xB6, 0xE4, 0xC7, 0x2C, 0x3F, 0x94, 0x19, 0xF0, 0x19, 0x72,
    0x0B, 0x3D, 0xB5, 0xE5, 0x45, 0x99, 0x83, 0x9F, 0xA1, 0x9F, 0xC1, 0xB7, 0xF8, 0xE3, 0x03, 0x96,
    0x81, 0x3C, 0x6D, 0x59, 0x5E, 0xF5, 0x2A, 0xD8, 0xC0, 0x89, 0xDC, 0xF2, 0x8A, 0x84, 0x63, 0x54,
    0xBB, 0x59, 0x22, 0xCA, 0x04, 0xC5, 0xAF, 0x06, 0x14, 0xF2, 0x54, 0x23, 0x3A, 0xB1, 0x20, 0xDC,
    0xD2, 0x82, 0x60, 0x87, 0x04, 0xF1, 0x96, 0x45, 0xAC, 0xEB, 0x08, 0xCF, 0x5C, 0xAA, 0x22, 0x80,
    0x50, 0x13, 0x3F, 0xE8, 0xCB, 0x37, 0xEC, 0x28, 0x60, 0x59, 0x6B, 0x19, 0x3C, 0xB6, 0xC0, 0x23,
    0x6A, 0x45, 0xBC, 0x13, 0xD1, 0x9C, 0x5E, 0x13, 0xAB, 0x8C, 0x09, 0xDC, 0xED, 0x81, 0xEF, 0x96,
    0x16, 0x38, 0xDE, 0xF3, 0xF8, 0x2A, 0x80, 0x86, 0xDA, 0x42, 0xAB, 0xDD, 0xB2, 0xBC, 0xA5, 0x6E,
    0x0B, 0xCC, 0x21, 0x34, 0xEF, 0x3A, 0x54, 0x6F, 0x81, 0x69, 0x72, 0xCD, 0xAF, 0xFD, 0xD4, 0xDF,
    0x06, 0x16, 0xE8, 0xFA, 0x8B, 0x6C, 0x10, 0xC0, 0x07, 0x5A, 0x7E, 0x28, 0x7B, 0x5A, 0x56, 0x4E,
    0x69, 0x45, 0xED, 0x65, 0x03, 0x05, 0x1E, 0x8E, 0xC6, 0x19, 0x41, 0x84, 0x6A, 0x8C, 0x07, 0x62,
    0xEF, 0x3D, 0x5B, 0x2A, 0x08, 0x32, 0x93, 0xF5, 0xE5, 0xD1, 0xD9, 0x45, 0xB5, 0x14, 0x63, 0x50,
    0x6B, 0xD2, 0x20, 0x5B, 0x3C, 0x77, 0x55, 0x82, 0xD0, 0xB1, 0xF8, 0x6C, 0x96, 0xB0, 0xAF, 0x71,
    0x27, 0xC3, 0xBB, 0xE4, 0xB6, 0xD6, 0xCF, 0x43, 0xEA, 0x32, 0x89, 0xEF, 0xA3, 0x57, 0x98, 0xD7,
    0x89, 0x0C, 0x27, 0xB2, 0x5A, 0x59, 0xC3, 0x43, 0xDE, 0x54, 0x2F, 0x2B, 0x4D, 0x68, 0xB0, 0x68,
    0x30, 0x2D, 0x0F, 0xC7, 0x2E, 0xB5, 0xA2, 0x76, 0x56, 0xA8, 0x55, 0xC7, 0x78, 0xD1, 0xD2, 0x4A,
    0xA4, 0x4D, 0xDC, 0xA0, 0xE2, 0x96, 0xC1, 0x58, 0x5F, 0x55, 0xB5, 0xB3, 0x97, 0x70, 0xEC, 0x6A,
    0x2E, 0x72, 0xA7, 0x8A, 0x74, 0xCE, 0xD2, 0x21, 0xF0, 0x0A, 0xFA, 0x56, 0x7E, 0x16, 0xD4, 0x1C,
    0x70, 0xAC, 0x2A, 0x09, 0x47, 0x0F, 0xD0, 0x50, 0x4C, 0x77, 0x03, 0x6C, 0xD3, 0x90, 0x0D, 0xD4,
    0x0B, 0x01, 0xEE, 0x5C, 0x19, 0x18, 0xA6, 0x74, 0xB5, 0x92, 0x8C, 0x93, 0x22, 0x2E, 0x76, 0xBB,
    0xEC, 0xBC, 0x39, 0xB4, 0x2E, 0x8D, 0xD5, 0xAA, 0x04, 0xA1, 0xF2, 0xA0, 0xC9, 0xD7, 0x06, 0x66,
    0x68, 0xC3, 0xF4, 0xD5, 0xE0, 0xC2, 0x49, 0x17, 0x92, 0x8F, 0x15, 0xC9, 0xCF, 0xE3, 0x94, 0xAB,
    0x40, 0xD7, 0x81, 0x48, 0xFA, 0x2D, 0xC7, 0xFF, 0x37, 0x54, 0x20, 0x9E, 0x49, 0xAF, 0x03, 0xD4,
    0x8F, 0xAA, 0x3B, 0x50, 0x10, 0x4E, 0x87, 0xCA, 0xDF, 0x95, 0x38, 0x7B, 0x15, 0xE4, 0xEF, 0x97,
    0x3E, 0x3D, 0xB3, 0x3A, 0xAC, 0x67, 0xD4, 0x3E, 0x39, 0xE5, 0xB2, 0xF8, 0x03, 0xC5, 0x1F, 0xD6,
    0x0B, 0xFC, 0x76, 0xD4, 0xD6, 0x15, 0xFF, 0x2D, 0xF5, 0xA3, 0x1F, 0xE6, 0xEA, 0x7B, 0xD0, 0xFA,
    0x3A, 0x15, 0xF1, 0xBB, 0x65, 0xAC, 0xCA, 0x38, 0x62, 0xCC, 0xA0, 0xF8, 0x83, 0xD4, 0xE2, 0x87,
    0xC6, 0x91, 0x68, 0xB4, 0x7B, 0x0C, 0xFF, 0xD6, 0x0C, 0xBF, 0x39, 0x81, 0x3F, 0x39, 0x3E, 0x7F,
    0xEE, 0x2A, 0x12, 0xC5, 0x70, 0x5D, 0x63, 0xAE, 0xB7, 0xC3, 0x05, 0xB5, 0x4F, 0xEC, 0xAF, 0xB6,
    0xA6, 0xBD, 0xFC, 0x13, 0xBC, 0x44, 0xCB, 0xBC, 0x28, 0xDD, 0x52, 0x5E, 0xF6, 0x9E, 0xC5, 0x4B,
    0x78, 0x82, 0x17, 0x4F, 0x79, 0x59, 0x1E, 0x0B, 0x7A, 0xE1, 0xDB, 0x33, 0x5E, 0x86, 0xCA, 0x4B,
    0xB2, 0xC4, 0x4B, 0x74, 0x7C, 0x45, 0x6B, 0x00, 0xC5, 0xFE, 0x36, 0xCD, 0xE7, 0x23, 0xED, 0x38,
    0x40, 0x97, 0x34, 0x18, 0x72, 0x11, 0x5F, 0x62, 0x9D, 0x28, 0xF8, 0x12, 0x29, 0xBE, 0xD9, 0x17,
    0x4E, 0x11, 0xBA, 0xB6, 0x16, 0x9F, 0x6A, 0x5D, 0x78, 0x38, 0xCA, 0x66, 0x06, 0x77, 0x45, 0x79,
    0x94, 0xFE, 0xCB, 0x9A, 0x24, 0x9F, 0xEF, 0xEA, 0x4C, 0x53, 0x1B, 0x89, 0xEB, 0x93, 0xD9, 0x4F,
    0xE8, 0x5A, 0xBF, 0xB8, 0x87, 0xA3, 0x5C, 0xBF, 0x40, 0xA9, 0xDA, 0x76, 0xE0, 0x23, 0xD8, 0x96,
    0x23, 0xF5, 0x5C, 0xB0, 0x64, 0x37, 0xF4, 0x0B, 0x2A, 0x6C, 0xEB, 0x17, 0x38, 0x07, 0x13, 0xFD,
    0x12, 0x16, 0x34, 0x2D, 0xFA, 0x45, 0x59, 0x33, 0xD6, 0xED, 0x0D, 0x8D, 0x8D, 0xC1, 0x56, 0xFE,
    0x4A, 0xAD, 0x14, 0xE3, 0x94, 0xE8, 0xC9, 0x2A, 0xBA, 0xCF, 0x11, 0xF1, 0x20, 0x14, 0x82, 0xC4,
    0x54, 0x05, 0x44, 0x42, 0xA9, 0x46, 0x42, 0x09, 0x9F, 0x17, 0x9D, 0xFF, 0xD6, 0x91, 0x13, 0x15,
    0x86, 0x8D, 0xD2, 0x9E, 0x49, 0x6D, 0x1D, 0x5B, 0xDF, 0xBE, 0xCB, 0x35, 0xB8, 0x9A, 0x32, 0x88,
    0x09, 0xED, 0x7A, 0xC9, 0xBC, 0x46, 0x35, 0x66, 0xAE, 0xBF, 0x45, 0x07, 0x2B, 0x46, 0x2D, 0x2A,
    0x3D, 0xF4, 0x95, 0xFF, 0xD5, 0x17, 0xAD, 0xDF, 0x35, 0xB5, 0xAA, 0xD5, 0xEA, 0xA6, 0x62, 0x4E,
    0x57, 0x73, 0x3E, 0x51, 0x4F, 0x5D, 0xF5, 0x96, 0xAA, 0x2D, 0xAF, 0x9D, 0xDB, 0x11, 0xAE, 0x52,
    0x0D, 0x8E, 0xE7, 0x17, 0xC3, 0x8C, 0xEE, 0x7B, 0x66, 0x34, 0xEA, 0x08, 0x72, 0xE3, 0x28, 0x59,
    0x23, 0xF9, 0xA3, 0x59, 0xEC, 0x79, 0x8D, 0x64, 0xAD, 0x27, 0x66, 0x34, 0xE6, 0x88, 0x74, 0xCB,
    0xCF, 0xFA, 0x2A, 0xD7, 0x16, 0xD1, 0xEA, 0x8A, 0xC6, 0xB2, 0x73, 0x12, 0x29, 0xB9, 0x4D, 0x61,
    0xE7, 0xFD, 0x4C, 0x3A, 0x37, 0x13, 0x89, 0xD3, 0x59, 0xFB, 0xDE, 0x1B, 0x8C, 0x5B, 0xF2, 0x4C,
    0x90, 0x3B, 0xA7, 0x20, 0xFD, 0xA6, 0x41, 0xC6, 0xCB, 0x20, 0x57, 0x74, 0xA8, 0xD4, 0x0F, 0x61,
    0xC8, 0x5C, 0xED, 0xD0, 0x7A, 0xF9, 0xD9, 0xB7, 0x45, 0x88, 0x51, 0x8A, 0x79, 0x90, 0x20, 0x04,
    0xB7, 0x44, 0xFF, 0x3D, 0x7A, 0x1D, 0xC5, 0xB7, 0x20, 0xE3, 0xB9, 0x38, 0xBF, 0x3F, 0xEB, 0x6D,
    0xB0, 0x4C, 0xCC, 0x68, 0xDF, 0xE6, 0x1A, 0x8E, 0xFF, 0xA0, 0x99, 0x8D, 0x23, 0xF8, 0x62, 0x92,
    0x64, 0x41, 0x16, 0xF8, 0x5E, 0xD3, 0xF1, 0x05, 0x30, 0xE8, 0x31, 0xBA, 0xF0, 0x57, 0x7B, 0x50,
    0x68, 0x77, 0xD7, 0x7C, 0xE6, 0x32, 0xD3, 0xF0, 0xF5, 0x3F, 0x68, 0x41, 0xF1, 0xBD, 0x43, 0xE5,
    0x16, 0x21, 0x18, 0xC9, 0x10, 0xA0, 0x78, 0xD9, 0x4B, 0xE8, 0xE2, 0x35, 0x51, 0x6D, 0xE0, 0x9A,
    0x4A, 0xC2, 0x9F, 0xB4, 0x08, 0x33, 0xA2, 0xB9, 0x78, 0xA9, 0xA8, 0xDE, 0x34, 0x87, 0x76, 0x81,
    0x7F, 0xC3, 0x37, 0xDB, 0x65, 0xFB, 0x1F, 0x39, 0x13, 0xE3, 0xB5, 0xF8, 0xE0, 0xCB, 0xBC, 0x63,
    0xCB, 0x9F, 0x1D, 0xCE, 0xAF, 0xFD, 0xB1, 0xFC, 0x19, 0x55, 0x32, 0xBB, 0xDD, 0x03, 0x53, 0x92,
    0xE9, 0xA0, 0x51, 0xAD, 0x67, 0x94, 0xC2, 0x18, 0xB4, 0xCC, 0x59, 0x90, 0x06, 0x35, 0xA9, 0xAF,
    0xD4, 0x6B, 0x16, 0xD4, 0x6D, 0x1F, 0x74, 0x23, 0xD4, 0xA3, 0x1E, 0x75, 0x5B, 0xFB, 0x64, 0x41,
    0xFB, 0x9A, 0x93, 0xC5, 0xBB, 0x41, 0x45, 0x1A, 0x15, 0x8B, 0xF6, 0x3B, 0xED, 0x77, 0x22, 0xB7,
    0x81, 0x21, 0xA3, 0xB2, 0x3F, 0xB0, 0x1E, 0xE3, 0x77, 0xA8, 0x17, 0x1E, 0x17, 0xD7, 0x69, 0x63,
    0xBC, 0x09, 0x1C, 0x18, 0xF8, 0x2E, 0x79, 0xA5, 0xAA, 0xE3, 0x7B, 0x27, 0x7C, 0x48, 0x6A, 0x6E,
    0x20, 0x78, 0xC0, 0x2C, 0x54, 0x97, 0x79, 0xC6, 0x46, 0x76, 0x0C, 0x1F, 0x58, 0x94, 0x5A, 0xFC,
    0xB2, 0xD6, 0xE2, 0x17, 0xAD, 0x16, 0xFF, 0x32, 0xD5, 0xA2, 0x30, 0xB6, 0x18, 0x16, 0x5A, 0xC4,
    0x95, 0x16, 0x61, 0xAD, 0x85, 0xD7, 0x6A, 0xE1, 0x74, 0x5A, 0x48, 0xFE, 0x43, 0x2D, 0x92, 0x47,
    0x5A, 0x44, 0xBF, 0xD6, 0x22, 0xF8, 0xA2, 0xB0, 0x9D, 0x68, 0x21, 0x7D, 0x31, 0xB4, 0x45, 0x62,
    0x0B, 0x28, 0x7A, 0x58, 0x1D, 0xAA, 0x6A, 0x5A, 0x1B, 0xC6, 0x58, 0xD6, 0xBB, 0xB4, 0x76, 0xDE,
    0xB7, 0x5E, 0x80, 0x75, 0xF8, 0x55, 0x53, 0x1F, 0x51, 0xD5, 0xAF, 0xB3, 0xEA, 0x2A, 0x95, 0x85,
    0xC4, 0x9F, 0x6E, 0x96, 0xB4, 0x01, 0x08, 0x9F, 0x68, 0xD3, 0xC7, 0x9A, 0x0F, 0x4D, 0x52, 0xBE,
    0x13, 0x15, 0xB4, 0x84, 0x61, 0x49, 0xFB, 0x12, 0xD4, 0x43, 0xB5, 0x01, 0xB9, 0x6A, 0x56, 0xBE,
    0xE8, 0x2D, 0xD3, 0x66, 0xF9, 0x89, 0xAD, 0xA3, 0xB4, 0xB6, 0xEF, 0xDA, 0x76, 0x6C, 0x9B, 0xA1,
    0xB6, 0x6F, 0xFB, 0xB2, 0xFD, 0x4A, 0xA2, 0x18, 0x7C, 0xC5, 0x63, 0xB1, 0xF5, 0x8A, 0xD2, 0x1A,
    0x38, 0xCB, 0x86, 0xDF, 0x2C, 0x22, 0x80, 0x65, 0x8D, 0xFE, 0xED, 0xE7, 0xC5, 0xB2, 0xA2, 0x4A,
    0x5F, 0x27, 0x15, 0x3C, 0xB2, 0x1D, 0xF5, 0x53, 0xAC, 0xB5, 0x7D, 0x35, 0xB8, 0x70, 0xEF, 0x32,
    0x91, 0x10, 0x4D, 0x05, 0xAB, 0x66, 0x10, 0x67, 0x98, 0x65, 0x77, 0xFC, 0xA7, 0x78, 0xFD, 0x03,
    0xC9, 0xD3, 0x57, 0x87, 0x8B, 0x28, 0xF5, 0xD5, 0xAF, 0xA6, 0x1F, 0x6C, 0xA9, 0x7D, 0x72, 0xE4,
    0x7A, 0x05, 0x56, 0x87, 0x66, 0x4F, 0x3C, 0xA6, 0x57, 0xC2, 0x02, 0x9A, 0x20, 0x61, 0xA8, 0x85,
    0x25, 0xDF, 0x32, 0xE2, 0x4A, 0xD4, 0x07, 0x34, 0x33, 0x6F, 0x4D, 0x55, 0x41, 0xA4, 0x69, 0x76,
    0xFC, 0xE0, 0xB0, 0x0A, 0x22, 0x82, 0x29, 0x57, 0x52, 0x92, 0x6E, 0xB0, 0x81, 0x3F, 0xC4, 0xE8,
    0xCE, 0x9A, 0x7D, 0xFD, 0x1D, 0x0C, 0x33, 0xB3, 0xF3, 0x13, 0xF0, 0xFE, 0xFE, 0x17, 0xAC, 0xE8,
    0x98, 0x82, 0x78, 0x86, 0x29, 0x79, 0x1F, 0xB2, 0x3B, 0x31, 0x25, 0x3C, 0x4A, 0xEF, 0x37, 0xC4,
    0x1F, 0x3E, 0x9A, 0x80, 0xF7, 0xD8, 0x6B, 0xC0, 0xD1, 0xBE, 0xD7, 0x76, 0xE2, 0x40, 0x33, 0x77,
    0xF0, 0x6C, 0x48, 0xC3, 0x8C, 0x94, 0x5E, 0x6F, 0x27, 0xFB, 0xA0, 0x86, 0x99, 0xD7, 0x26, 0xF7,
    0xB9, 0x05, 0x32, 0xFC, 0x4B, 0x34, 0x51, 0x27, 0x63, 0xEA, 0x6F, 0x86, 0x85, 0xA1, 0x0E, 0x47,
    0x9C, 0x31, 0x5C, 0x1C, 0x4A, 0x38, 0xA5, 0x81, 0xDF, 0x18, 0x7E, 0xFA, 0x7E, 0x25, 0xFB, 0xCA,
    0xFB, 0x25, 0x62, 0xC3, 0xF5, 0x9A, 0x05, 0x3A, 0xB6, 0xC5, 0xD0, 0x2E, 0xA1, 0xC8, 0x66, 0x33,
    0x1C, 0x9B, 0xE7, 0xB0, 0xF9, 0x9F, 0xA3, 0xCA, 0x1C, 0x66, 0x17, 0x8A, 0x92, 0x26, 0x8E, 0xCA,
    0xBC, 0xB1, 0xCA, 0xFC, 0xE5, 0x17, 0xAD, 0x16, 0x6A, 0xA5, 0x32, 0x71, 0xA7, 0x36, 0x57, 0x61,
    0x34, 0xBA, 0x90, 0xBC, 0xE0, 0x6E, 0x81, 0x24, 0x4F, 0xDE, 0x23, 0xEC, 0xD0, 0xE6, 0xE8, 0x21,
    0x7B, 0x55, 0x71, 0x2B, 0xEF, 0xF4, 0xC8, 0xD3, 0xA5, 0x20, 0x4E, 0x22, 0x3B, 0x57, 0x35, 0xD7,
    0x2B, 0x4E, 0x63, 0x23, 0xA0, 0xEC, 0x77, 0x87, 0xDB, 0x0F, 0x6C, 0xAA, 0xCB, 0x0E, 0x63, 0x68,
    0x94, 0xCD, 0x1D, 0x5D, 0xA0, 0x30, 0x5F, 0x7B, 0xBF, 0x23, 0x6C, 0x3A, 0x13, 0xF5, 0xBB, 0xE0,
    0x09, 0xB4, 0x8B, 0xA2, 0x7F, 0x78, 0xDA, 0xF5, 0xCA, 0x8E, 0xE6, 0x39, 0xEB, 0xD2, 0x2E, 0xC2,
    0x56, 0x4F, 0x67, 0x6C, 0xA8, 0x95, 0xAE, 0x9E, 0xE0, 0xB2, 0x0E, 0xE9, 0x83, 0xDE, 0x0B, 0xCC,
    0x67, 0xAC, 0xB7, 0xAF, 0x3D, 0x73, 0xAB, 0x8B, 0x5B, 0x30, 0xF0, 0x5F, 0x99, 0x93, 0x19, 0xA6,
    0xBE, 0xBA, 0x40, 0x6C, 0x22, 0x2A, 0x43, 0xCD, 0x68, 0xE8, 0x86, 0xC2, 0x44, 0x33, 0xB0, 0xAD,
    0x6E, 0xC0, 0x4C, 0x55, 0x19, 0x98, 0x72, 0xA1, 0x1F, 0x6C, 0x44, 0xFF, 0xDC, 0x54, 0x1D, 0x70,
    0x9B, 0x33, 0xD0, 0x88, 0x20, 0xA7, 0xD5, 0xD6, 0x49, 0xB9, 0x44, 0xBA, 0xD1, 0x3F, 0x90, 0x61,
    0x43, 0x87, 0x73, 0x93, 0x7E, 0xA8, 0xA7, 0xEE, 0xE9, 0x54, 0x7D, 0x5D, 0x92, 0x7C, 0x4E, 0xF4,
    0xDF, 0x6E, 0x56, 0x25, 0x9A, 0xE0, 0x5D, 0xBC, 0x46, 0xAF, 0xF4, 0x78, 0xA3, 0xAD, 0xF4, 0xBD,
    0x69, 0xBF, 0x22, 0x9B, 0x8C, 0xD6, 0xBD, 0x43, 0x8A, 0x35, 0xCA, 0xA2, 0x8A, 0x61, 0x20, 0xE3,
    0xDA, 0x7D, 0x95, 0x64, 0x4B, 0x9B, 0xE4, 0xA8, 0x65, 0x82, 0x9D, 0xE0, 0x0E, 0x68, 0x43, 0xB7,
    0x10, 0x34, 0x51, 0x51, 0x73, 0x18, 0x1B, 0x4A, 0xCD, 0x6B, 0x28, 0x35, 0xAF, 0x09, 0x94, 0x86,
    0xF6, 0x7B, 0xAD, 0xCF, 0xA7, 0xEA, 0x50, 0xD3, 0xA9, 0x6D, 0x24, 0x9F, 0x68, 0x0B, 0x53, 0x52,
    0xD7, 0x68, 0x17, 0x79, 0xEA, 0x35, 0x97, 0x20, 0x14, 0xAF, 0xB9, 0x45, 0xB3, 0xD4, 0x0C, 0x94,
    0xAE, 0x73, 0x2B, 0xBF, 0x49, 0x1E, 0x63, 0x5A, 0x36, 0x97, 0xCD, 0x5D, 0xAB, 0xA3, 0xDC, 0x7A,
    0xBE, 0x72, 0xA7, 0xF3, 0x61, 0xD7, 0xA1, 0xF6, 0x8A, 0x45, 0xB2, 0xE1, 0xC8, 0x35, 0x44, 0x0F,
    0xFE, 0x21, 0x56, 0x79, 0x94, 0xC5, 0x30, 0x62, 0x29, 0x8C, 0xDF, 0x90, 0x0E, 0xEC, 0xBA, 0xF5,
    0x62, 0x95, 0x6C, 0xD2, 0x28, 0x3C, 0x86, 0xCD, 0x9A, 0xE2, 0xDF, 0xB8, 0x00, 0xD1, 0x2A, 0xDD,
    0x9C, 0x18, 0x2A, 0xFF, 0xFC, 0xEF, 0x9F, 0xD6, 0x18, 0xB0, 0x47, 0x5D, 0x09, 0x8E, 0xE8, 0x90,
    0xD8, 0x38, 0x3B, 0x9D, 0xE9, 0x4A, 0x33, 0x33, 0x0E, 0x9A, 0xD8, 0xD3, 0xB4, 0xFA, 0x45, 0x39,
    0x4B, 0x40, 0x2A, 0x03, 0x1A, 0x77, 0x89, 0xB9, 0xCC, 0x77, 0x88, 0xA5, 0x81, 0x88, 0xDC, 0x0A,
    0x60, 0xFC, 0xD4, 0x2D, 0x99, 0xE1, 0x4E, 0xCF, 0x04, 0x0B, 0xE4, 0xF0, 0xB6, 0x78, 0x8F, 0xD3,
    0x3B, 0x12, 0xF8, 0x65, 0x25, 0x17, 0x1C, 0xB8, 0x71, 0xDF, 0xED, 0x93, 0x48, 0x67, 0x28, 0x12,
    0xCD, 0xBD, 0x6A, 0x1A, 0x56, 0xC9, 0x33, 0x53, 0xB1, 0xDF, 0x30, 0x82, 0x14, 0x08, 0x4C, 0x01,
    0x04, 0x63, 0x7B, 0xF4, 0x43, 0x36, 0x38, 0x14, 0x13, 0x7A, 0x0C, 0x75, 0x38, 0x23, 0x9F, 0x70,
    0x47, 0x28, 0xA1, 0xB2, 0x5A, 0xBD, 0x7B, 0x46, 0x13, 0x64, 0xB3, 0x91, 0x61, 0xC5, 0xB6, 0x7F,
    0xF4, 0xB4, 0x83, 0x1F, 0x18, 0xFD, 0x7B, 0x1A, 0x67, 0x68, 0x7F, 0x0A, 0xCF, 0x70, 0xC8, 0x10,
    0x3A, 0xA8, 0xBE, 0xCF, 0x88, 0x96, 0x3D, 0x04, 0x14, 0x19, 0x1C, 0x54, 0xDD, 0xD5, 0xCF, 0x7F,
    0x76, 0x38, 0x1A, 0xDD, 0xF3, 0x27, 0xDA, 0x75, 0x9C, 0x69, 0x96, 0x2E, 0xB7, 0xC9, 0xAF, 0xCE,
    0xEA, 0x5B, 0x14, 0x58, 0x90, 0x97, 0xD0, 0x2B, 0x70, 0xEF, 0xE5, 0xBF, 0xFA, 0x24, 0x39, 0xB8,
    0x5C, 0xC4, 0xA6, 0xD4, 0x94, 0x38, 0x94, 0x2B, 0x96, 0xBD, 0x5C, 0x86, 0x7A, 0x36, 0xBB, 0x95,
    0x3F, 0x71, 0xA1, 0x1E, 0x9C, 0x96, 0xFB, 0xD0, 0xF0, 0xEA, 0xF6, 0xF3, 0x5E, 0x71, 0x2F, 0xDF,
    0xC6, 0x26, 0x2F, 0x18, 0x87, 0xAE, 0xC4, 0xB5, 0x5C, 0x0D, 0xBB, 0x77, 0xA1, 0x40, 0x4C, 0x25,
    0x71, 0xD7, 0x6F, 0x72, 0xD5, 0x7D, 0xCA, 0x81, 0xCB, 0x4C, 0x0F, 0xE2, 0x14, 0xF0, 0x5E, 0xB1,
    0xFE, 0xEE, 0xF7, 0xFB, 0xD3, 0xED, 0xDC, 0x7F, 0xD3, 0x49, 0xA7, 0xE1, 0xA9, 0x1D, 0xFC, 0xFA,
    0x78, 0x70, 0xD7, 0x5F, 0x97, 0xB5, 0x63, 0x44, 0xEA, 0x08, 0xF8, 0x55, 0xC7, 0xB5, 0x7C, 0x75,
    0xCC, 0xF0, 0x30, 0x67, 0x4B, 0x46, 0xB3, 0xC9, 0x62, 0x46, 0xA3, 0xD1, 0xD2, 0x11, 0x17, 0x33,
    0x77, 0x95, 0x80, 0xD5, 0xD1, 0xFD, 0x34, 0x09, 0xBA, 0x1F, 0xEC, 0x33, 0x2B, 0x5B, 0xB3, 0xD1,
    0x74, 0x96, 0xDB, 0xD4, 0xC3, 0x1E, 0x8A, 0x43, 0xF5, 0xFF, 0xB8, 0xDF, 0x3E, 0xD4, 0x73, 0x3F,
    0x58, 0x9D, 0x67, 0x09, 0x48, 0xC3, 0x74, 0xFA, 0xDB, 0x12, 0xA8, 0xE3, 0x4E, 0x41, 0xAE, 0x53,
    0x8D, 0x4E, 0x3C, 0xDD, 0xC0, 0xDC, 0xA3, 0x9A, 0xB8, 0x74, 0x26, 0x58, 0xD4, 0x25, 0x51, 0xF7,
    0x44, 0xC9, 0x97, 0x78, 0x28, 0xDF, 0x24, 0x8C, 0xF0, 0x38, 0x8C, 0x81, 0x4D, 0xFA, 0x65, 0x6A,
    0xDB, 0x6A, 0xDD, 0x3B, 0xBE, 0xB1, 0xD4, 0xEF, 0x0D, 0x46, 0x38, 0x49, 0x2B, 0x6F, 0x3E, 0x5F,
    0x0A, 0x0E, 0xF6, 0x2A, 0x41, 0xCB, 0xDC, 0x65, 0x2D, 0xB8, 0x93, 0xC8, 0xF3, 0x4C, 0x0C, 0xC4,
    0xC3, 0x65, 0x5E, 0xF6, 0xB8, 0x42, 0x51, 0x6B, 0xB7, 0xE6, 0x62, 0xFB, 0xCA, 0xCF, 0x66, 0x97,
    0x32, 0x09, 0xC3, 0xC8, 0x84, 0x4E, 0x11, 0x96, 0x19, 0xF3, 0x43, 0xC1, 0x23, 0xEE, 0xED, 0xEF,
    0x03, 0xFF, 0x35, 0x79, 0x83, 0xDB, 0xB7, 0xF3, 0x1D, 0x5E, 0x9B, 0xD2, 0x60, 0x88, 0x76, 0xDE,
    0xBC, 0x78, 0x1A, 0x6F, 0x15, 0x7E, 0x03, 0x3C, 0xA5, 0xD3, 0xD3, 0x78, 0xD6, 0xB3, 0x5A, 0x45,
    0xD0, 0xD5, 0xC9, 0x9B, 0xCF, 0x97, 0xB4, 0xEB, 0x25, 0xA2, 0x97, 0x1E, 0x75, 0xD8, 0xA1, 0x74,
    0xC2, 0x62, 0x4C, 0x87, 0xAE, 0xEC, 0xC7, 0x28, 0x78, 0x8C, 0x31, 0xFA, 0x39, 0x77, 0x2C, 0x2A,
    0xDD, 0xD5, 0x73, 0x9B, 0xDE, 0xD0, 0xF3, 0xDC, 0x9B, 0x63, 0xF2, 0x1C, 0x0A, 0xCA, 0x33, 0x0C,
    0x8C, 0x0D, 0xD4, 0x16, 0xDC, 0x2E, 0xCD, 0xD3, 0x72, 0xEB, 0xA1, 0xE8, 0x4E, 0x92, 0x2C, 0xE7,
    0xDA, 0x67, 0x15, 0xCE, 0x91, 0x1D, 0x2E, 0xBD, 0x96, 0x0D, 0x4C, 0xD8, 0x14, 0x37, 0xEE, 0x9E,
    0x68, 0xAA, 0xC7, 0x43, 0x85, 0xDA, 0xC7, 0x70, 0x6C, 0x9D, 0x17, 0x29, 0xD7, 0xAE, 0x88, 0x14,
    0xD0, 0x84, 0x92, 0x3A, 0x77, 0x8F, 0x4F, 0x3E, 0xA7, 0xC4, 0x0F, 0x51, 0x95, 0x63, 0x7E, 0xFD,
    0x5A, 0xB7, 0x61, 0xD2, 0x84, 0x55, 0xA3, 0x92, 0xBA, 0x52, 0x49, 0xF5, 0x42, 0x64, 0xF3, 0xF0,
    0x07, 0xBB, 0x4F, 0x0C, 0x2C, 0x85, 0x59, 0x52, 0x59, 0xDD, 0x3C, 0x23, 0xA5, 0x59, 0x28, 0x1B,
    0x96, 0xD4, 0xA7, 0xEE, 0xA2, 0x8B, 0x9E, 0x84, 0x52, 0x66, 0x82, 0x1A, 0x5A, 0x18, 0x0C, 0xEA,
    0xE9, 0x9E, 0xA1, 0x4E, 0x65, 0x1E, 0xDB, 0x4A, 0xB2, 0x53, 0xE4, 0x52, 0xE8, 0x0F, 0x5A, 0x45,
    0x2B, 0xEB, 0x6B, 0x90, 0x4B, 0xD3, 0xCB, 0xC5, 0x1E, 0xAF, 0xD2, 0xBD, 0x70, 0x3D, 0xAD, 0x16,
    0x17, 0x33, 0x25, 0xAA, 0xDB, 0x34, 0x93, 0xB9, 0xCA, 0x92, 0xB3, 0x04, 0x34, 0x3B, 0x0F, 0xD2,
    0x6F, 0x3E, 0xC6, 0x54, 0x9F, 0x1F, 0x71, 0xE3, 0x60, 0xE2, 0x69, 0x66, 0xB2, 0x22, 0xE2, 0x4B,
    0x67, 0x83, 0x65, 0x2C, 0x7F, 0xCC, 0xA3, 0x21, 0x37, 0xC5, 0xFB, 0x69, 0x75, 0x47, 0x3C, 0x19,
    0x97, 0xB2, 0x7A, 0x72, 0x7B, 0xFA, 0x65, 0xC3, 0x78, 0x31, 0xCD, 0xF9, 0xF2, 0xA4, 0xB1, 0x18,
    0x14, 0x4B, 0x9A, 0xF9, 0xD6, 0xB6, 0x9C, 0x7E, 0x58, 0xEE, 0xF4, 0xCD, 0xF0, 0x63, 0xAD, 0xB4,
    0x47, 0x5A, 0xB9, 0xDC, 0xF9, 0x99, 0x63, 0x76, 0x1F, 0x03, 0x3D, 0x3C, 0x4B, 0x2A, 0x00, 0x9E,
    0x60, 0x33, 0x58, 0xDD, 0xFE, 0x26, 0x40, 0x5E, 0x0B, 0x01, 0x77, 0x10, 0x96, 0x1D, 0x3C, 0xAB,
    0xAA, 0xE3, 0x86, 0x7E, 0x17, 0xA4, 0x61, 0x99, 0xBF, 0x45, 0xC7, 0x66, 0x8B, 0x59, 0xB4, 0x0A,
    0x7C, 0xE0, 0xB5, 0x21, 0x9C, 0x1A, 0x34, 0xB0, 0x0E, 0x37, 0x44, 0x3E, 0xBC, 0xDC, 0xCD, 0x9A,
    0x5F, 0x99, 0xAF, 0x37, 0x9D, 0xF1, 0xEA, 0xE6, 0xE8, 0x59, 0x4B, 0x3D, 0x4B, 0x64, 0x33, 0x3D,
    0xAB, 0x47, 0xE0, 0x62, 0xA6, 0xA5, 0xC3, 0xC6, 0x31, 0x15, 0x5C, 0xAA, 0x9C, 0x02, 0x09, 0xBF,
    0x0E, 0x81, 0x4D, 0xA9, 0xDC, 0x0E, 0xAD, 0xC0, 0x10, 0xFD, 0xB2, 0x42, 0x50, 0x16, 0xC0, 0x81,
    0x3A, 0x08, 0x4C, 0x7F, 0x96, 0x53, 0xA3, 0x1D, 0x2B, 0x98, 0x72, 0x06, 0x70, 0x5D, 0xCF, 0x03,
    0x90, 0xDC, 0x3D, 0x53, 0x40, 0x83, 0xD9, 0x86, 0xB0, 0x9E, 0x89, 0xF2, 0xFE, 0x8B, 0x87, 0x1C,
    0x7E, 0x52, 0x73, 0xB7, 0x70, 0x4B, 0xE4, 0xA6, 0x5C, 0x39, 0x43, 0x2C, 0x7A, 0x44, 0x97, 0xE7,
    0xBC, 0x2D, 0xD1, 0x7F, 0x4F, 0xB9, 0x5E, 0xBF, 0x2F, 0xBF, 0x7F, 0x37, 0x6F, 0xC4, 0x54, 0x97,
    0x1B, 0xD9, 0x7C, 0x19, 0x63, 0xB4, 0x35, 0x0F, 0xF8, 0x38, 0xE7, 0xD5, 0xD1, 0xD7, 0xAD, 0x4C,
    0x1D, 0xA3, 0x3B, 0xA7, 0xA4, 0x58, 0x0A, 0xD3, 0x6E, 0x1E, 0xA6, 0xB7, 0x0F, 0x02, 0x9E, 0x6B,
    0xA3, 0x4B, 0x90, 0xA2, 0xF9, 0x90, 0x6D, 0x5C, 0xEC, 0xF7, 0x28, 0x73, 0x0A, 0x3A, 0x49, 0x3F,
    0xEC, 0x8F, 0x60, 0x47, 0x7A, 0x04, 0xFB, 0x57, 0x3C, 0xFC, 0xFC, 0x5B, 0x46, 0xD4, 0x5F, 0x50,
    0xF6, 0x66, 0xBE, 0x5D, 0xA1, 0x31, 0xF0, 0xBE, 0xF4, 0x50, 0xAC, 0x85, 0xA8, 0xE7, 0xCA, 0x92,
    0xDB, 0x39, 0x7F, 0xC1, 0x6C, 0xCA, 0x7F, 0x73, 0xE8, 0x9A, 0xF9, 0xF6, 0x80, 0xCE, 0xE6, 0x66,
    0xB6, 0x4F, 0xA0, 0xC4, 0xFB, 0x0A, 0x82, 0x78, 0xD2, 0x3B, 0x3C, 0x34, 0x3C, 0x97, 0x93, 0x14,
    0xC4, 0x4C, 0xE1, 0xF8, 0xD4, 0x24, 0x08, 0xFE, 0x1B, 0x2A, 0x20, 0xEE, 0xBF, 0x9D, 0x24, 0xF6,
    0xD7, 0x89, 0xAD, 0x8C, 0xD7, 0x4A, 0x80, 0x47, 0x03, 0x87, 0x4F, 0x19, 0x36, 0x6C, 0x1E, 0x7C,
    0x65, 0xBF, 0x3C, 0x52, 0x67, 0xEE, 0x69, 0xDE, 0x46, 0xA3, 0x7D, 0x88, 0xD7, 0x70, 0xCF, 0x58,
    0x49, 0x22, 0x51, 0x7A, 0x7A, 0x2A, 0x6B, 0x49, 0xCE, 0x6E, 0xC6, 0x43, 0x84, 0x29, 0x9A, 0x0A,
    0x7A, 0x39, 0x4F, 0x39, 0x59, 0xC7, 0x14, 0x76, 0x62, 0x8F, 0xBA, 0xDF, 0x39, 0x22, 0xE7, 0xFF,
    0xA4, 0x9C, 0x7F, 0xFB, 0x82, 0x72, 0xDE, 0xD1, 0xAC, 0x55, 0x77, 0x44, 0xCE, 0xFF, 0x0F, 0xD5,
    0x5C, 0x31, 0x8C, 0xDC, 0x48, 0x76, 0xFD, 0x24, 0x35, 0xC3, 0x3B, 0xD1, 0x27, 0x2A, 0xD8, 0xB3,
    0x7D, 0xD2, 0x49, 0xBC, 0x70, 0x61, 0x49, 0xC3, 0x0D, 0x14, 0x6C, 0x30, 0x1A, 0x52, 0x16, 0x60,
    0x07, 0x17, 0x58, 0xC1, 0xD9, 0xC9, 0x06, 0xEB, 0xE0, 0x82, 0x35, 0x04, 0xDC, 0x6C, 0xA0, 0x60,
    0x0D, 0x8C, 0xD4, 0xC4, 0x6E, 0xE0, 0x54, 0x97, 0x5E, 0x62, 0x05, 0x1B, 0x2C, 0x5A, 0x41, 0x2B,
    0x10, 0x60, 0x05, 0xBD, 0x43, 0xDE, 0x29, 0x70, 0xE0, 0xE0, 0x78, 0xC0, 0x02, 0x0E, 0x1C, 0x98,
    0xF6, 0xE9, 0x00, 0xE1, 0xCE, 0xB0, 0x88, 0xDD, 0x36, 0x8E, 0x33, 0x62, 0xB3, 0xFC, 0xDF, 0xAF,
    0x22, 0x9B, 0xDD, 0x3D, 0x1A, 0x8D, 0xA4, 0x19, 0xAD, 0xA6, 0x35, 0xFD, 0xAB, 0xD5, 0x2C, 0x56,
    0xFD, 0x7A, 0xF5, 0xEB, 0xD7, 0xFF, 0xBF, 0x3E, 0x9B, 0x48, 0x5E, 0x8E, 0x52, 0x65, 0x4B, 0xF7,
    0x78, 0x39, 0x85, 0x50, 0xB9, 0xE8, 0x4D, 0x40, 0xFD, 0x0A, 0x34, 0xA8, 0x41, 0x2F, 0x4E, 0x41,
    0xD7, 0xB7, 0x41, 0x6F, 0x0E, 0x40, 0xEF, 0x47, 0x31, 0xD3, 0x32, 0x4C, 0x88, 0xAC, 0x3C, 0xC8,
    0x88, 0xEC, 0xCC, 0xCF, 0xB9, 0x81, 0xC4, 0xE3, 0x86, 0xDC, 0xD8, 0xE5, 0x86, 0x7C, 0x72, 0xB8,
    0x21, 0x7F, 0x78, 0x8F, 0x1B, 0x0A, 0x95, 0xE2, 0x86, 0xD6, 0x89, 0xB8, 0xA1, 0xF7, 0x89, 0xB8,
    0xA1, 0xFB, 0x44, 0x11, 0x37, 0xC0, 0x97, 0x62, 0x8B, 0x6F, 0x0C, 0x12, 0x9B, 0x1B, 0xF1, 0xB3,
    0x51, 0x93, 0x9C, 0x54, 0xBB, 0x4A, 0x65, 0xBE, 0x52, 0xCC, 0xAC, 0x70, 0x4C, 0xFB, 0xBC, 0x06,
    0xDC, 0xB8, 0xBB, 0xAB, 0x62, 0x6E, 0x20, 0xCC, 0x28, 0x8A, 0xFD, 0x82, 0x06, 0xE4, 0x95, 0x74,
    0x05, 0x84, 0x34, 0xD9, 0x44, 0x2F, 0x4F, 0x4B, 0x72, 0xA7, 0xFC, 0xDF, 0x30, 0x63, 0x22, 0x55,
    0x9A, 0x8E, 0x28, 0x0A, 0x4A, 0x4A, 0x7F, 0xFE, 0xAC, 0xA4, 0x48, 0x3D, 0x6A, 0x72, 0x77, 0x4A,
    0x69, 0x4C, 0x56, 0x4C, 0x18, 0x5C, 0x66, 0x31, 0x5F, 0x34, 0xF1, 0xF8, 0x33, 0x45, 0x0D, 0xBA,
    0x5C, 0xBD, 0x7B, 0x48, 0xE0, 0x45, 0x68, 0xBF, 0xE8, 0x81, 0x97, 0xF9, 0x00, 0x2F, 0xF1, 0x9E,
    0x03, 0x9E, 0x35, 0x15, 0x08, 0x99, 0x89, 0x07, 0x44, 0xA9, 0x80, 0x37, 0x88, 0x2D, 0xBE, 0x25,
    0x4A, 0x6C, 0xBE, 0x3D, 0x9C, 0x03, 0x4F, 0x18, 0xF3, 0x88, 0x0A, 0x6E, 0x90, 0xAF, 0x3A, 0xD2,
    0x8F, 0x7C, 0x1D, 0x56, 0x6F, 0x1C, 0xCB, 0xD7, 0x12, 0x2F, 0xE1, 0xDC, 0x31, 0x08, 0x41, 0xBC,
    0xBC, 0x64, 0x4E, 0xBC, 0xEA, 0x79, 0xF1, 0xDA, 0xE2, 0x81, 0x08, 0x42, 0x9D, 0x78, 0xF1, 0x2D,
    0x41, 0xE6, 0x82, 0xE6, 0x1A, 0x9B, 0x19, 0x42, 0xAE, 0x0C, 0xFC, 0x7B, 0x42, 0x2F, 0x0A, 0x5D,
    0xEF, 0xD1, 0x0D, 0xA1, 0xE1, 0x58, 0xB8, 0x2E, 0xAC, 0xF4, 0x31, 0x17, 0x7F, 0xE0, 0xFB, 0xA2,
    0x98, 0xA7, 0x2E, 0xE5, 0x46, 0x79, 0xC8, 0xCC, 0xD6, 0x16, 0x61, 0xDE, 0x34, 0x19, 0x30, 0xD9,
    0x7C, 0xCA, 0xA0, 0xEF, 0xF0, 0x7F, 0xC3, 0x4C, 0x20, 0x64, 0xD2, 0x74, 0x44, 0x51, 0x58, 0x30,
    0x3E, 0xAA, 0x8C, 0x23, 0xF5, 0x99, 0xCA, 0xDC, 0xA9, 0x25, 0x42, 0xF5, 0x2E, 0x61, 0x21, 0x01,
    0xA3, 0x44, 0xCF, 0x1B, 0xB7, 0x07, 0x08, 0xFC, 0x9C, 0xA9, 0xA7, 0xF8, 0x4B, 0x5B, 0xEA, 0x59,
    0xB1, 0x5C, 0x42, 0x4D, 0x8A, 0x20, 0x99, 0x24, 0x5F, 0xBB, 0x82, 0xEC, 0xA9, 0xDE, 0x64, 0xAE,
    0xFC, 0x2D, 0x6A, 0x2B, 0xC5, 0x30, 0x07, 0x3B, 0xAB, 0xCC, 0x34, 0x4F, 0x43, 0x44, 0x36, 0xC0,
    0x92, 0xDA, 0xA1, 0x34, 0x12, 0x10, 0x20, 0x3E, 0x49, 0x02, 0x37, 0x09, 0xF4, 0x90, 0xAC, 0xB6,
    0xD9, 0xE7, 0x52, 0x5D, 0x47, 0xD7, 0xD7, 0xF7, 0x4A, 0x3B, 0xB1, 0x8F, 0x45, 0xAC, 0x05, 0x38,
    0x71, 0xD0, 0x35, 0x70, 0xC2, 0xB5, 0xE0, 0xF1, 0x2A, 0x0B, 0x96, 0xAD, 0xD4, 0x4E, 0xCB, 0x9B,
    0x0C, 0xC5, 0xCB, 0xF5, 0x60, 0x30, 0x14, 0xB4, 0xC6, 0xB7, 0xD8, 0x85, 0x01, 0xA1, 0xF7, 0x3A,
    0xCB, 0xBD, 0xAA, 0x51, 0xEE, 0x4E, 0xEC, 0xCA, 0xCF, 0xAC, 0x9A, 0x7B, 0x9C, 0x72, 0xED, 0x71,
    0x6A, 0xF8, 0xE9, 0xBF, 0x95, 0xE1, 0x0E, 0x2D, 0x32, 0xD2, 0xE7, 0xFC, 0xE6, 0x6A, 0xC5, 0xDD,
    0xF2, 0x64, 0xE0, 0xAA, 0x25, 0x0D, 0xBB, 0x22, 0x81, 0xF2, 0x05, 0x4D, 0x45, 0xBA, 0x72, 0xAB,
    0xDC, 0x13, 0xB9, 0xFF, 0x9B, 0x43, 0x2E, 0xEA, 0x21, 0x17, 0x1E, 0x19, 0x72, 0xC1, 0x0B, 0x91,
    0xE3, 0x4A, 0x36, 0xD6, 0x2A, 0x4B, 0xBB, 0x3F, 0x62, 0x31, 0xF5, 0x32, 0x7A, 0x68, 0x17, 0x2C,
    0xE7, 0x0F, 0x28, 0xA6, 0xD3, 0x87, 0x8F, 0x9A, 0x5E, 0xB7, 0x7E, 0xBD, 0x48, 0x9D, 0x92, 0xDE,
    0x32, 0xD4, 0xC2, 0xE7, 0xA3, 0x06, 0x66, 0xC1, 0x76, 0xFB, 0x76, 0xF6, 0xD8, 0x08, 0x5F, 0x0D,
    0xB1, 0x13, 0x8C, 0xD8, 0x45, 0x7F, 0xFA, 0x57, 0x25, 0x77, 0x97, 0x51, 0x38, 0x6D, 0x5B, 0xE3,
    0x1D, 0x0D, 0x2A, 0x61, 0xE2, 0x62, 0x9D, 0xDE, 0x0E, 0x45, 0xDF, 0x4D, 0x67, 0xF2, 0x77, 0x4C,
    0xA4, 0x0D, 0x12, 0x55, 0xF2, 0xBF, 0x75, 0x87, 0xC7, 0xF6, 0x61, 0x4C, 0x3E, 0xB7, 0xEC, 0x30,
    0x7B, 0xD6, 0xE7, 0x47, 0xB4, 0x46, 0xE5, 0xE5, 0xC6, 0xB0, 0x07, 0x78, 0xD7, 0x02, 0xD3, 0xF5,
    0x97, 0xC2, 0xBF, 0xDE, 0x37, 0x8A, 0xF9, 0x6E, 0x53, 0x61, 0xF5, 0x82, 0x1A, 0xF2, 0xED, 0xDC,
    0x38, 0xD6, 0x44, 0x83, 0x7D, 0x11, 0x34, 0xC8, 0x41, 0x65, 0x67, 0xC2, 0x66, 0xC1, 0x94, 0x71,
    0x65, 0x6A, 0x69, 0x3A, 0x15, 0x66, 0xA6, 0x86, 0xAD, 0x45, 0x3A, 0x9D, 0xD5, 0xD1, 0xF5, 0x19,
    0xA7, 0xAE, 0x1D, 0xDD, 0xA6, 0x6C, 0x00, 0x40, 0x97, 0xFB, 0xAD, 0x85, 0x87, 0xDC, 0xF0, 0x03,
    0x33, 0xC1, 0x66, 0x7E, 0x57, 0x95, 0xA0, 0xAB, 0x1C, 0xFD, 0x19, 0x22, 0x97, 0xCA, 0x5E, 0x98,
    0x3A, 0xB9, 0xD0, 0x4C, 0x68, 0xD2, 0x4D, 0x15, 0xE8, 0xE6, 0x63, 0xA6, 0xB6, 0x4A, 0x53, 0xF4,
    0xE3, 0x28, 0xE9, 0x47, 0x76, 0x1D, 0x5C, 0x1D, 0x48, 0x1D, 0xFD, 0xD7, 0x3C, 0x87, 0x2A, 0x9A,
    0xD5, 0xD4, 0x77, 0x85, 0xD2, 0x82, 0x2F, 0xAD, 0x39, 0x6A, 0x7B, 0xF0, 0x39, 0x7A, 0x89, 0x2A,
    0x36, 0x08, 0xC0, 0xED, 0xA8, 0xB9, 0xC7, 0x9C, 0x33, 0x36, 0x5E, 0x25, 0x92, 0xA7, 0xB4, 0xFC,
    0x25, 0xA0, 0x7E, 0x0E, 0xEA, 0x95, 0xA0, 0xAE, 0x50, 0xA7, 0x9A, 0x51, 0xBB, 0xBE, 0xD7, 0x0C,
    0xB9, 0x1E, 0xB6, 0x54, 0xBB, 0xD6, 0xDF, 0xCC, 0xA8, 0xA9, 0x39, 0x99, 0xDD, 0xEB, 0x15, 0xA0,
    0x41, 0x36, 0x6B, 0xBF, 0x91, 0x7E, 0x27, 0x74, 0x83, 0x79, 0x48, 0xC0, 0xCF, 0x63, 0xBD, 0x2C,
    0x64, 0x55, 0x60, 0xC5, 0x80, 0x9C, 0x54, 0x9D, 0x30, 0x33, 0xF1, 0xB1, 0xDB, 0x9F, 0x1C, 0xAA,
    0x2F, 0x7A, 0xDF, 0x85, 0x8C, 0x99, 0x40, 0xE6, 0x95, 0xAE, 0xD2, 0x80, 0xC9, 0xC8, 0x05, 0x04,
    0x41, 0xAB, 0x79, 0x1E, 0x91, 0xAB, 0x52, 0x59, 0x50, 0x12, 0x90, 0x34, 0x46, 0x0C, 0x51, 0xAD,
    0xA5, 0xCC, 0xC7, 0xCA, 0x16, 0xB2, 0x24, 0x7D, 0xAA, 0x39, 0xA3, 0x86, 0xC3, 0x6D, 0xB4, 0xB5,
    0xD1, 0x91, 0x35, 0x90, 0xF3, 0x20, 0xDF, 0xD5, 0x2B, 0x91, 0xF7, 0x7E, 0x90, 0xC0, 0x10, 0x35,
    0xC4, 0x34, 0xC1, 0x06, 0x69, 0x78, 0x6D, 0xF7, 0x2E, 0x98, 0x7A, 0x7A, 0xA1, 0x58, 0x20, 0xFE,
    0x3C, 0x09, 0x6E, 0xC0, 0x7E, 0x41, 0xBF, 0x8A, 0x84, 0x9F, 0x65, 0xA6, 0x16, 0x57, 0x25, 0xA9,
    0xB4, 0x00, 0xFE, 0x15, 0xDB, 0xD7, 0x54, 0x63, 0xA8, 0xDB, 0x1A, 0x97, 0x6D, 0x4C, 0xB5, 0x6E,
    0x69, 0x38, 0x1C, 0x76, 0xDD, 0xEA, 0x05, 0x8A, 0x35, 0x24, 0x4B, 0xD4, 0xC2, 0x1A, 0xF5, 0xC9,
    0x6B, 0xAE, 0x8E, 0xA1, 0xA8, 0x4A, 0x34, 0xCA, 0x97, 0xBE, 0x83, 0x0D, 0xDC, 0x67, 0xEB, 0x92,
    0xDC, 0x3C, 0xC4, 0x64, 0x01, 0xAA, 0x33, 0x77, 0xF6, 0x02, 0xA7, 0x99, 0x07, 0x67, 0x86, 0xD0,
    0x0F, 0xDA, 0x3E, 0xCF, 0x83, 0xAC, 0x19, 0xA2, 0x86, 0x60, 0x4C, 0x35, 0xFD, 0xEF, 0x4C, 0x95,
    0xF3, 0x33, 0x70, 0x56, 0x16, 0x70, 0x59, 0x04, 0x87, 0x58, 0x6F, 0xB1, 0x0E, 0xB9, 0x09, 0xB3,
    0x8A, 0x79, 0xAE, 0x60, 0x00, 0x46, 0xC0, 0xCA, 0x6B, 0x8E, 0x18, 0x2B, 0x6F, 0x09, 0x2B, 0x34,
    0xC6, 0xD7, 0xCB, 0x39, 0xE2, 0x67, 0xAF, 0x86, 0xD5, 0xA9, 0x3E, 0x60, 0x4B, 0x58, 0xCD, 0x60,
    0x3A, 0x75, 0x70, 0xAC, 0x44, 0x31, 0xC9, 0x9E, 0x3E, 0x23, 0x4E, 0xF9, 0xA6, 0x61, 0xDA, 0x77,
    0x31, 0xCD, 0x63, 0x30, 0x5B, 0x4C, 0xE1, 0x41, 0x17, 0xD3, 0xCA, 0x0B, 0x16, 0x13, 0x7C, 0x3D,
    0x98, 0xDE, 0x60, 0x31, 0x90, 0x9D, 0x52, 0x36, 0x9D, 0x6E, 0xE7, 0x0C, 0xFF, 0x17, 0x57, 0x2B,
    0xBD, 0xCF, 0xA5, 0x05, 0x06, 0x8F, 0xB1, 0x63, 0xE8, 0x18, 0xB9, 0x4C, 0x03, 0x5E, 0x43, 0xCC,
    0x61, 0x6F, 0x9F, 0x8B, 0x65, 0xC4, 0x2B, 0x3C, 0xE0, 0xF3, 0xBC, 0xCF, 0xD5, 0x7A, 0x9F, 0xE3,
    0x3D, 0x96, 0x2E, 0x91, 0xF8, 0xC2, 0xF0, 0x84, 0x21, 0xA0, 0xF2, 0x06, 0xF0, 0x03, 0xDE, 0x2B,
    0xCE, 0x18, 0x03, 0xF8, 0x24, 0x6F, 0x84, 0x66, 0x7D, 0x55, 0x72, 0x0D, 0x95, 0xC2, 0xEC, 0xAD,
    0x59, 0x64, 0x31, 0x5D, 0x67, 0xC6, 0xE1, 0x61, 0x6D, 0xC1, 0xCA, 0x09, 0x81, 0x99, 0x0F, 0x1B,
    0xC7, 0x85, 0x7B, 0x67, 0xDD, 0x7D, 0xA3, 0x8B, 0x8C, 0xF6, 0x30, 0xEE, 0x73, 0x31, 0xEE, 0x27,
    0x4B, 0xE6, 0xD6, 0x0E, 0xCC, 0xAD, 0x15, 0x9E, 0x06, 0x9E, 0x9F, 0x30, 0x96, 0x4D, 0x29, 0x16,
    0xB7, 0x25, 0x86, 0xB9, 0xE5, 0xC7, 0x30, 0x93, 0x56, 0x0F, 0x6A, 0x6E, 0x45, 0xAA, 0x66, 0xFA,
    0x17, 0xEA, 0x49, 0x2A, 0xB3, 0x33, 0x10, 0x8A, 0x7B, 0xC3, 0x0C, 0x73, 0x15, 0x8A, 0xEF, 0x2A,
    0xCE, 0x32, 0x53, 0x71, 0xC1, 0x32, 0xE9, 0x37, 0xA3, 0x60, 0xF7, 0xEF, 0x78, 0xD7, 0x63, 0x99,
    0x00, 0x87, 0x2B, 0x3F, 0x69, 0x07, 0x61, 0x63, 0x9A, 0x5D, 0x59, 0x8A, 0xE8, 0x64, 0x0D, 0x56,
    0xD0, 0x27, 0x6E, 0x0E, 0x6F, 0xBE, 0x84, 0x45, 0xF6, 0xA3, 0xB9, 0x3D, 0xE8, 0xB1, 0x9D, 0xB9,
    0x8D, 0x4A, 0xB3, 0x20, 0x0F, 0x54, 0x16, 0x21, 0x02, 0x33, 0x88, 0x1D, 0x38, 0xE6, 0x6C, 0x75,
    0xA4, 0x30, 0x5B, 0xE4, 0x53, 0x84, 0xA0, 0x0C, 0xB3, 0x52, 0xB2, 0x09, 0xC5, 0x20, 0xDA, 0x98,
    0x7A, 0xE7, 0x17, 0x77, 0x30, 0xB3, 0x9D, 0xB0, 0xA3, 0xEF, 0x10, 0x5B, 0x30, 0x9C, 0x64, 0xB0,
    0xA5, 0x12, 0xF6, 0x42, 0xA3, 0x2C, 0x82, 0xB6, 0xDA, 0x06, 0x81, 0x24, 0x24, 0x0A, 0xF5, 0x07,
    0x09, 0x8D, 0x19, 0xE6, 0x51, 0xC1, 0xF5, 0x60, 0xF1, 0xD8, 0xC2, 0x16, 0x6B, 0xDC, 0xFB, 0x62,
    0xF3, 0xC2, 0xBC, 0x89, 0x20, 0xE6, 0xB4, 0xFA, 0x39, 0x1D, 0x1B, 0xF8, 0xAD, 0xB8, 0xDB, 0x35,
    0x04, 0xEA, 0xE9, 0x59, 0xD9, 0x35, 0x12, 0xED, 0x6C, 0x2D, 0xBE, 0xDE, 0x12, 0xE4, 0x5F, 0xCA,
    0x3F, 0x7B, 0x6B, 0x05, 0xFF, 0xA5, 0xF6, 0xA0, 0xB7, 0x05, 0xF9, 0xB7, 0x5F, 0x9D, 0x98, 0x97,
    0x68, 0x40, 0x5B, 0xA4, 0xC2, 0xD2, 0x36, 0xAD, 0xA6, 0x9F, 0xC8, 0x37, 0x02, 0xF3, 0x62, 0xD0,
    0x85, 0x17, 0x01, 0xDF, 0x22, 0x31, 0x29, 0xF0, 0x2D, 0x2B, 0x5A, 0x62, 0x80, 0x12, 0x6C, 0x12,
    0xFF, 0xE5, 0x2D, 0x9D, 0x15, 0x6C, 0x4A, 0xA4, 0x63, 0x24, 0x62, 0xBB, 0x4B, 0x71, 0xDB, 0x13,
    0x8E, 0x0B, 0xD1, 0x4F, 0x73, 0x2F, 0x76, 0x27, 0x10, 0x17, 0x1F, 0xA9, 0x27, 0x76, 0xAA, 0xEE,
    0x6A, 0xC7, 0x85, 0x5E, 0xB9, 0x68, 0x86, 0x08, 0xDA, 0x82, 0x63, 0xF5, 0x1A, 0xAD, 0xCC, 0x15,
    0x86, 0x33, 0xC3, 0x27, 0xD1, 0x43, 0xE0, 0x0F, 0x71, 0x09, 0x9E, 0x32, 0x4E, 0xB7, 0xB0, 0x5B,
    0x14, 0x74, 0x59, 0x0F, 0x66, 0x55, 0x7C, 0x4C, 0x10, 0xD5, 0x05, 0x6D, 0xF7, 0x21, 0x6C, 0xD0,
    0x78, 0x65, 0xAA, 0x62, 0xEF, 0x1B, 0xF6, 0x23, 0x3C, 0x15, 0x47, 0x99, 0x57, 0xB3, 0xDF, 0xEC,
    0x61, 0x6E, 0x5E, 0x9E, 0x6C, 0xEE, 0x5E, 0x1D, 0xED, 0x28, 0xF5, 0x08, 0x83, 0xAF, 0x81, 0x2B,
    0x73, 0x0E, 0xEE, 0x8D, 0xEB, 0xBD, 0x67, 0xA1, 0xAD, 0xA6, 0x7A, 0xC8, 0x3B, 0xFE, 0xBD, 0xE6,
    0x8B, 0xFD, 0x6A, 0xC2, 0x28, 0x40, 0xB4, 0x57, 0xB7, 0xBE, 0x6F, 0xCD, 0x17, 0x17, 0x86, 0x33,
    0xC3, 0xA7, 0x44, 0xCD, 0xBC, 0x0E, 0xB5, 0x74, 0x1E, 0xA6, 0xD1, 0xEE, 0x50, 0x5C, 0xD3, 0x6C,
    0x19, 0xBA, 0x81, 0xA2, 0x3D, 0xA0, 0x7B, 0x05, 0xFC, 0x36, 0x9B, 0xAB, 0xA9, 0x86, 0x8E, 0xAD,
    0xA6, 0xD3, 0xBC, 0xED, 0xBF, 0x77, 0x29, 0xC8, 0xEE, 0x5F, 0x76, 0x9E, 0xE5, 0xEF, 0x89, 0x0D,
    0x39, 0xF3, 0x43, 0x4F, 0xAA, 0x26, 0x21, 0xAD, 0x08, 0x0E, 0xF5, 0x8D, 0x76, 0xD1, 0xBE, 0x97,
    0x5B, 0xF1, 0xDA, 0xC4, 0x8E, 0x2F, 0x5F, 0x71, 0xE8, 0x63, 0xFF, 0xC7, 0x74, 0x87, 0xB7, 0xBE,
    0x98, 0x16, 0x4C, 0xB9, 0xB3, 0xDA, 0x3D, 0xC7, 0xDA, 0x3A, 0xD9, 0x86, 0x73, 0x5E, 0xE2, 0xBD,
    0x2A, 0x2B, 0xBB, 0x36, 0xAB, 0x4F, 0xA9, 0xBA, 0xBF, 0x18, 0x21, 0xEE, 0x35, 0xBD, 0xCE, 0x9F,
    0x9E, 0x58, 0x1E, 0xCB, 0xA2, 0x73, 0xFC, 0xF7, 0x50, 0x5E, 0x3C, 0xBB, 0x3C, 0xCB, 0xDE, 0xC1,
    0xFE, 0x36, 0x9B, 0x58, 0xDA, 0x79, 0x6D, 0xAE, 0xA6, 0xED, 0x48, 0x2F, 0xC3, 0xD4, 0x67, 0xA7,
    0xD4, 0xC9, 0xA0, 0x44, 0x59, 0x3D, 0xDA, 0x0D, 0xAB, 0xC8, 0xC4, 0x29, 0xB0, 0xE7, 0xE9, 0xBF,
    0x85, 0x7D, 0x8F, 0xF5, 0xF3, 0xA6, 0xF0, 0xFC, 0x41, 0x89, 0x4B, 0xFB, 0xFF, 0xF1, 0x00, 0xCD,
    0xC0, 0x3F, 0x86, 0x5A, 0x60, 0x63, 0xC6, 0xD1, 0x7F, 0xFC, 0xB9, 0x91, 0x8D, 0x82, 0xDB, 0x57,
    0xE6, 0x8F, 0xEA, 0xC3, 0x87, 0x9D, 0x15, 0x6C, 0x20, 0xDC, 0x8E, 0x5E, 0x06, 0x61, 0xB1, 0x79,
    0x3D, 0x84, 0x85, 0x58, 0x3C, 0x2A, 0x2F, 0xE7, 0x8D, 0xA7, 0x53, 0xD4, 0xD0, 0x7A, 0x50, 0x80,
    0xD0, 0x85, 0x87, 0xF3, 0x9E, 0xF4, 0xDE, 0xA5, 0x79, 0xB3, 0x5B, 0xF6, 0x4F, 0x39, 0x0D, 0x78,
    0x03, 0xC5, 0x39, 0x5F, 0x30, 0x31, 0x1B, 0x09, 0xC2, 0x78, 0x30, 0xC5, 0x21, 0xEA, 0x1B, 0x7E,
    0x42, 0x0F, 0x9D, 0x82, 0x27, 0x6F, 0x3E, 0xD2, 0x6E, 0xB1, 0x46, 0x0E, 0xB8, 0x5D, 0x44, 0x71,
    0x3F, 0x38, 0x5C, 0x9E, 0x6E, 0xF3, 0xBE, 0xAB, 0xFE, 0x33, 0xA1, 0xB4, 0x91, 0x58, 0x29, 0x26,
    0xCA, 0x97, 0xB9, 0xF2, 0x64, 0xBA, 0x78, 0x2F, 0x60, 0xCA, 0x02, 0xC2, 0x94, 0x27, 0x99, 0xA9,
    0x2F, 0xEA, 0x6D, 0x5D, 0xE8, 0x03, 0x89, 0xC4, 0xE5, 0xA0, 0x2E, 0x8E, 0x90, 0x6A, 0xC4, 0x1C,
    0xEC, 0x3A, 0x2A, 0x40, 0x77, 0x71, 0x8C, 0xD0, 0x14, 0x38, 0x72, 0x51, 0xD9, 0x18, 0x14, 0xDE,
    0x2E, 0xDF, 0x15, 0xC6, 0xD2, 0x8E, 0xB4, 0xE6, 0x49, 0x5C, 0xD0, 0x91, 0xF6, 0x6D, 0xBD, 0x21,
    0xC9, 0x54, 0xB3, 0xAB, 0xC6, 0x3C, 0x5C, 0x90, 0x09, 0x8F, 0x7A, 0xCB, 0x57, 0x07, 0x6F, 0xB3,
    0xD9, 0x21, 0x95, 0x8E, 0xD7, 0x6A, 0x6B, 0x41, 0x1C, 0x6C, 0x44, 0x8C, 0xF8, 0x75, 0x6E, 0x56,
    0xFD, 0xA7, 0xED, 0xA1, 0x24, 0xE0, 0x13, 0xFC, 0x04, 0x90, 0xFD, 0x08, 0x43, 0xE0, 0x54, 0x8C,
    0x00, 0xFF, 0xB7, 0xE2, 0xFF, 0x32, 0x4E, 0xFC, 0xDF, 0x84, 0xC9, 0x1A, 0xAE, 0x6E, 0x31, 0xD9,
    0x81, 0x51, 0xF1, 0x4C, 0xC2, 0x9D, 0x6C, 0x63, 0x38, 0x35, 0x7B, 0x82, 0x5C, 0xA5, 0x44, 0x65,
    0xDC, 0x61, 0x4D, 0xD1, 0x94, 0x02, 0x89, 0x12, 0x96, 0xC0, 0xF0, 0x09, 0x0E, 0x05, 0xE7, 0x22,
    0x43, 0x57, 0x3A, 0x33, 0x6D, 0xD0, 0xD9, 0x25, 0xA7, 0xBA, 0x83, 0xC2, 0x2E, 0x0C, 0x7D, 0x5A,
    0xFC, 0x35, 0x66, 0x68, 0x50, 0x32, 0x43, 0x2C, 0xF6, 0x63, 0x16, 0x7F, 0x1B, 0x92, 0xED, 0x61,
    0xBF, 0x08, 0xB1, 0x55, 0x30, 0xBA, 0xDE, 0xD7, 0xCC, 0x8B, 0xF7, 0x8C, 0x4D, 0x44, 0xAF, 0x61,
    0x65, 0xEB, 0x55, 0x0C, 0x8C, 0x57, 0xBA, 0xA8, 0xE7, 0xD4, 0x58, 0x06, 0x53, 0x10, 0xC4, 0x2F,
    0x35, 0x43, 0x01, 0x18, 0x42, 0xA8, 0x0A, 0xB6, 0x0C, 0x64, 0x82, 0xFC, 0xD2, 0x18, 0x46, 0x56,
    0xB5, 0x6C, 0xAD, 0x89, 0x0A, 0xC5, 0x9E, 0xA6, 0x8D, 0xBC, 0x43, 0x26, 0xEB, 0x20, 0x5B, 0x20,
    0x63, 0x91, 0x00, 0x21, 0x23, 0x25, 0x0A, 0x0D, 0x3D, 0xDB, 0x05, 0xB8, 0x8B, 0x10, 0x6E, 0x87,
    0x9A, 0xD1, 0x86, 0x48, 0x85, 0xF9, 0x4C, 0x01, 0xF6, 0xEB, 0xFE, 0x75, 0x3A, 0xF8, 0x5B, 0x1C,
    0x62, 0xEF, 0x15, 0x74, 0x31, 0x21, 0x31, 0x53, 0xE5, 0x9C, 0x56, 0x0E, 0x92, 0xCF, 0x83, 0x3C,
    0x98, 0x55, 0xD4, 0x10, 0xA8, 0xC3, 0x83, 0xC0, 0x68, 0x9B, 0x02, 0x02, 0x81, 0x95, 0xC0, 0x62,
    0xF1, 0x1E, 0xFE, 0xEB, 0xB6, 0x06, 0x82, 0x5B, 0x30, 0xAF, 0x1E, 0x9B, 0xB2, 0x5F, 0x48, 0xC4,
    0x5E, 0xC2, 0xED, 0x5E, 0xD6, 0x11, 0x78, 0x26, 0xDE, 0x51, 0xA2, 0xF4, 0x4E, 0x90, 0x9C, 0xAD,
    0xC2, 0x4C, 0xF1, 0xFB, 0x83, 0x2A, 0x4C, 0x9C, 0x2A, 0x24, 0xFD, 0xBE, 0xC4, 0xEF, 0x8B, 0x87,
    0xA6, 0xBF, 0x19, 0x0D, 0x89, 0x7B, 0xCB, 0xC4, 0xA4, 0x50, 0x1B, 0x07, 0xE3, 0xDF, 0x16, 0x3C,
    0x70, 0x2A, 0xE1, 0xD7, 0xED, 0x27, 0xF9, 0x6E, 0xCF, 0x3B, 0x3E, 0x11, 0xFD, 0xDA, 0x11, 0x39,
    0xCC, 0xA8, 0x30, 0xD8, 0x4A, 0x1B, 0xF7, 0x98, 0x0A, 0x64, 0x62, 0x18, 0xC5, 0xEF, 0xBE, 0x90,
    0xF1, 0x35, 0x7E, 0xA7, 0x0C, 0x8A, 0xCA, 0x74, 0xB9, 0xF6, 0xF2, 0x83, 0x3D, 0x90, 0xFC, 0x5B,
    0x50, 0xDD, 0x1E, 0xC8, 0x36, 0xD4, 0x3A, 0xF4, 0x3C, 0x22, 0x31, 0x12, 0x50, 0x0A, 0x41, 0x76,
    0x41, 0x3E, 0x9D, 0xBB, 0x6D, 0x71, 0x52, 0x97, 0xE5, 0xFF, 0x05, 0xD2, 0xBC, 0x9B, 0x39, 0x2A,
    0x71, 0xA6, 0xD0, 0xE4, 0xCF, 0x2A, 0xFA, 0xEC, 0x60, 0xD2, 0xAC, 0xD3, 0x19, 0xDA, 0x50, 0xB8,
    0x4E, 0x68, 0x30, 0x8E, 0xB0, 0xAB, 0x35, 0xEC, 0xA9, 0x65, 0x37, 0x13, 0x60, 0xF3, 0xED, 0xF7,
    0xA6, 0x8C, 0x7D, 0x93, 0xC8, 0x91, 0x16, 0x6B, 0x78, 0xDE, 0xB7, 0xA5, 0xD0, 0x86, 0xD5, 0xAF,
    0x4B, 0x29, 0xFE, 0x55, 0x76, 0x45, 0xE7, 0x57, 0x53, 0x6D, 0x04, 0x29, 0x5D, 0x0C, 0x32, 0x29,
    0xC2, 0x42, 0x0A, 0xBF, 0x94, 0xC2, 0xA9, 0xA5, 0xB0, 0x1A, 0x6D, 0x2E, 0xA5, 0xD7, 0xA4, 0x88,
    0x1E, 0x49, 0x11, 0xFC, 0x56, 0x0A, 0xEF, 0x8F, 0xDA, 0x94, 0x52, 0x52, 0x90, 0x29, 0x06, 0xBA,
    0x88, 0x74, 0xC1, 0x63, 0x19, 0xB1, 0x81, 0xEE, 0x66, 0x32, 0x69, 0x76, 0x66, 0x0E, 0xEC, 0xC5,
    0x8E, 0xD0, 0xAE, 0xB3, 0x8C, 0x36, 0xEC, 0xD2, 0x4C, 0x96, 0xFC, 0x51, 0x36, 0x0E, 0xD9, 0xB7,
    0x08, 0x8A, 0x54, 0x91, 0xFA, 0xAD, 0x28, 0x3E, 0xF8, 0x16, 0xD5, 0x6B, 0xF8, 0x16, 0x33, 0xB7,
    0xEC, 0xD8, 0x41, 0x67, 0x5E, 0xDA, 0xA3, 0x77, 0x74, 0x20, 0xD7, 0xA9, 0xFA, 0xFE, 0x7D, 0xAB,
    0x71, 0xCB, 0x9E, 0xED, 0x41, 0xAB, 0x47, 0x8B, 0xE3, 0x81, 0xEC, 0x84, 0xF5, 0x39, 0x3B, 0x61,
    0x96, 0x14, 0x20, 0xB6, 0x90, 0xCE, 0x0A, 0xA0, 0x28, 0xA4, 0x59, 0x5E, 0x80, 0x8E, 0x9A, 0x1F,
    0x77, 0x61, 0xE7, 0xD7, 0x65, 0xD8, 0x48, 0x97, 0x30, 0x31, 0xFE, 0xA7, 0x48, 0xE7, 0x79, 0x9A,
    0x99, 0xD3, 0x5C, 0xBA, 0xF5, 0x06, 0x85, 0xBD, 0xD5, 0x2A, 0x65, 0xBF, 0x08, 0x8C, 0x98, 0x94,
    0xED, 0x56, 0x2A, 0x02, 0x95, 0xCD, 0x36, 0x76, 0x49, 0x42, 0x6A, 0xE7, 0xEA, 0x2C, 0x04, 0x6E,
    0xF3, 0x97, 0x12, 0xA1, 0x52, 0xFF, 0xC1, 0xBC, 0x71, 0xD1, 0x50, 0xCA, 0xDB, 0xBE, 0x3F, 0x11,
    0x75, 0x25, 0x59, 0x5E, 0x87, 0x54, 0x58, 0xA3, 0x9D, 0xD5, 0xF4, 0x31, 0xBC, 0x1D, 0xB6, 0x26,
    0x5F, 0x66, 0xDE, 0xAB, 0xBD, 0xE6, 0x3D, 0xD2, 0xF3, 0x1E, 0xE4, 0x52, 0x78, 0x7B, 0xCF, 0xBB,
    0xD3, 0x9F, 0x77, 0x5F, 0xCF, 0xBB, 0xAB, 0xE7, 0xDD, 0x9E, 0x9F, 0x77, 0x33, 0xE1, 0x81, 0x2E,
    0x3C, 0x3D, 0xEF, 0x4E, 0x22, 0xF3, 0x6E, 0x6C, 0x51, 0xC7, 0xC4, 0xD9, 0xB4, 0xDC, 0xFE, 0x8F,
    0x2E, 0xF4, 0x8A, 0x1D, 0x24, 0x2F, 0x98, 0xE8, 0x57, 0x0A, 0x36, 0xC5, 0x7E, 0x01, 0xAB, 0x3D,
    0x6F, 0x9D, 0x0D, 0x4D, 0xB2, 0x8E, 0x24, 0x6C, 0x2A, 0x07, 0x98, 0xB9, 0x5B, 0xD8, 0x01, 0xC1,
    0x49, 0x9A, 0xF4, 0x23, 0x29, 0xB4, 0xD7, 0x91, 0xFE, 0xF7, 0xE5, 0xCC, 0x02, 0x33, 0x4E, 0xE1,
    0x57, 0x9B, 0x39, 0x12, 0x41, 0x58, 0xD1, 0x40, 0xF3, 0x6C, 0x13, 0xB2, 0x0F, 0xA3, 0x38, 0x10,
    0x1C, 0x60, 0xFB, 0xF9, 0x39, 0xCC, 0x40, 0xAF, 0x1C, 0x88, 0x44, 0xA5, 0x72, 0xFA, 0x24, 0x09,
    0x53, 0x7D, 0x5A, 0xF5, 0xBF, 0xD1, 0x75, 0x84, 0x96, 0xFA, 0x5E, 0xDD, 0x8E, 0x6E, 0xD3, 0x97,
    0xF6, 0x75, 0x5F, 0xBA, 0x5F, 0x8A, 0x84, 0x07, 0x57, 0xF8, 0xD1, 0xBC, 0x1D, 0xE0, 0xD4, 0x3F,
    0xD8, 0xC1, 0x7A, 0x4B, 0x73, 0x38, 0x17, 0x15, 0xE6, 0x6C, 0x0A, 0x7B, 0x75, 0x00, 0x05, 0x15,
    0xC5, 0x48, 0x0A, 0x49, 0xE0, 0x4D, 0x66, 0x0B, 0x44, 0x2E, 0x48, 0x15, 0xA9, 0x2C, 0xB7, 0x79,
    0x05, 0x37, 0x20, 0x4D, 0x49, 0xA3, 0x38, 0xF5, 0x4F, 0xA0, 0xDE, 0x30, 0xE5, 0x6E, 0x1E, 0x50,
    0x7B, 0xF0, 0x3F, 0x77, 0xF2, 0xFF, 0xD6, 0x43, 0x68, 0xC2, 0xDD, 0xF7, 0x11, 0xDE, 0x2E, 0x8C,
    0x2E, 0x1E, 0xC0, 0x44, 0x0A, 0xA6, 0x6F, 0x1C, 0x51, 0xF6, 0x1F, 0xC4, 0xB1, 0xBB, 0x06, 0xF9,
    0x1C, 0x88, 0x5E, 0x12, 0x37, 0xDD, 0x2A, 0x03, 0xD1, 0x4C, 0xEB, 0xC7, 0x09, 0xD7, 0xF8, 0x34,
    0x82, 0x16, 0x48, 0xF4, 0xF9, 0x2F, 0x84, 0x4C, 0x1E, 0x71, 0xF5, 0xE0, 0x1A, 0xDF, 0xB9, 0xC6,
    0x0A, 0x83, 0xD6, 0x11, 0xDF, 0xFF, 0x18, 0xC9, 0xB6, 0xA7, 0x4F, 0xBC, 0x29, 0x70, 0x75, 0xC2,
    0xA4, 0x0E, 0xC7, 0xB3, 0xA0, 0x06, 0xBF, 0xB3, 0xD4, 0x70, 0x58, 0x93, 0xE4, 0x0A, 0xD0, 0x18,
    0x86, 0x04, 0x4A, 0x44, 0x74, 0xB9, 0xDC, 0xC2, 0x50, 0xB9, 0x5C, 0xC7, 0xC0, 0xB9, 0x7C, 0x17,
    0x30, 0x34, 0x66, 0x77, 0x6F, 0x78, 0x3F, 0x6F, 0xCB, 0xA6, 0x57, 0xAA, 0xE1, 0x58, 0x97, 0xAA,
    0x9E, 0xFB, 0xBE, 0x5F, 0x5F, 0x97, 0x17, 0xA9, 0x6D, 0xCF, 0xB4, 0xBF, 0x62, 0xFA, 0x0B, 0x4C,
    0xFF, 0xA1, 0xE1, 0x27, 0x32, 0xFC, 0x45, 0xCC, 0xEF, 0x8A, 0x6A, 0x0F, 0x40, 0x24, 0x49, 0xC1,
    0x8C, 0xE7, 0xEC, 0x0E, 0x8F, 0xF2, 0x8E, 0x8C, 0x34, 0xF8, 0x43, 0xCD, 0x13, 0xE6, 0x54, 0xDB,
    0x1A, 0x83, 0x66, 0x02, 0x01, 0x88, 0x91, 0x29, 0xE0, 0xE3, 0xE8, 0x88, 0x9D, 0x72, 0x3F, 0x4F,
    0x45, 0x7F, 0x87, 0x45, 0x23, 0x87, 0x2A, 0x4A, 0xCA, 0xDF, 0x0F, 0x87, 0x77, 0x1A, 0x93, 0x4C,
    0xD0, 0x96, 0xA9, 0xD4, 0x17, 0x43, 0x46, 0xE7, 0xA9, 0xC4, 0x92, 0x8D, 0x70, 0x1A, 0xF9, 0x54,
    0x53, 0x28, 0xF0, 0xD2, 0x9E, 0xA8, 0xFC, 0xC3, 0x04, 0xFD, 0x86, 0x98, 0x77, 0xE6, 0xC3, 0x56,
    0xB2, 0x87, 0x6E, 0xC9, 0x76, 0x3A, 0x9D, 0x59, 0x31, 0x81, 0x98, 0x39, 0xB7, 0x85, 0xDD, 0xBB,
    0x4B, 0x27, 0x2E, 0x70, 0x63, 0x46, 0xCD, 0x10, 0xA7, 0x55, 0x35, 0x62, 0x07, 0x08, 0x32, 0x49,
    0x60, 0x89, 0x9B, 0x80, 0xEB, 0x31, 0xA5, 0x2E, 0x39, 0x4C, 0x7F, 0xB6, 0xE4, 0xAA, 0x3E, 0x13,
    0x09, 0x10, 0xCA, 0xBC, 0xA7, 0xF3, 0x14, 0x27, 0xE2, 0xF0, 0xE8, 0x98, 0x7E, 0x24, 0xAD, 0x05,
    0x3A, 0x0C, 0x96, 0xCF, 0x5A, 0xF6, 0x84, 0xBA, 0x93, 0x59, 0x0B, 0x4E, 0x1B, 0xB2, 0x4C, 0x99,
    0x11, 0x05, 0xA7, 0x59, 0x52, 0x2B, 0x10, 0x9A, 0xC2, 0x9C, 0x60, 0x7E, 0xB6, 0xB5, 0x25, 0xE0,
    0xC8, 0xF3, 0x0C, 0x0B, 0x07, 0x63, 0x08, 0xFE, 0x47, 0xF5, 0xA0, 0x52, 0xF5, 0x8D, 0xE9, 0xAF,
    0x4A, 0x5B, 0x38, 0x21, 0x84, 0x78, 0x49, 0x27, 0xBF, 0xED, 0xFF, 0x3E, 0xCB, 0x33, 0x17, 0xA9,
    0xF2, 0x35, 0x50, 0x98, 0x2C, 0xA2, 0x50, 0x0A, 0x0A, 0xBA, 0xFF, 0x28, 0x5E, 0x42, 0xA1, 0xE8,
    0xA1, 0x50, 0xCE, 0x5A, 0xD0, 0x58, 0x2C, 0xA1, 0x60, 0xEC, 0xB2, 0x78, 0x31, 0x88, 0xE7, 0x15,
    0xD4, 0x66, 0xA9, 0x1B, 0x53, 0x4F, 0x1B, 0x4C, 0x7F, 0x7E, 0x88, 0x98, 0x74, 0xAF, 0x2D, 0x49,
    0xC1, 0xD4, 0xCB, 0x05, 0x16, 0xF6, 0x0F, 0xF5, 0x81, 0xA4, 0xDD, 0x1E, 0x3B, 0x9E, 0xA0, 0x13,
    0x12, 0x71, 0x41, 0x16, 0x8D, 0x97, 0xE3, 0x44, 0xCC, 0x7E, 0x26, 0xB7, 0xA7, 0xC2, 0xD9, 0x99,
    0x63, 0x22, 0x71, 0x26, 0x4B, 0x18, 0xD6, 0xD9, 0x2D, 0x3F, 0xA6, 0x70, 0xDB, 0x24, 0x27, 0x4F,
    0x8E, 0x44, 0xE2, 0xCC, 0x51, 0xAF, 0x1C, 0x60, 0x85, 0xB9, 0x41, 0xB8, 0x83, 0x94, 0x2C, 0x28,
    0x97, 0x01, 0x0F, 0xD0, 0x9E, 0xAE, 0x36, 0x98, 0xEE, 0x6D, 0x0C, 0x6D, 0x1B, 0x79, 0xC1, 0xB7,
    0x31, 0xD4, 0x0D, 0x43, 0xC4, 0x7F, 0x2D, 0x5B, 0xB7, 0xC5, 0x83, 0x02, 0x90, 0x43, 0x5C, 0xBE,
    0x17, 0x8F, 0x67, 0x88, 0x41, 0x30, 0x80, 0xB9, 0xEF, 0x4A, 0x02, 0x88, 0x18, 0x5D, 0x51, 0xF6,
    0x0E, 0x94, 0xCC, 0x97, 0x20, 0xDB, 0x48, 0x35, 0x86, 0xAE, 0xD1, 0x29, 0xAB, 0x83, 0x9C, 0xCD,
    0x6C, 0x4F, 0x21, 0xCB, 0xE2, 0xFB, 0x3F, 0x31, 0x87, 0xD2, 0x96, 0x3E, 0xF9, 0x14, 0x99, 0x63,
    0x3B, 0x0E, 0xD9, 0x49, 0x72, 0x1E, 0xDD, 0x77, 0x1C, 0xB8, 0xB3, 0xE0, 0x59, 0xC3, 0xF2, 0xBE,
    0xC1, 0x3C, 0x6E, 0x48, 0x0A, 0x13, 0x3A, 0x55, 0xB9, 0x7E, 0x52, 0x27, 0xE0, 0x01, 0x5B, 0xAC,
    0xB6, 0x78, 0xF4, 0x31, 0xC4, 0xE2, 0x3A, 0xF3, 0x30, 0xE1, 0xDE, 0x11, 0xF1, 0xE5, 0x69, 0x20,
    0xF5, 0x94, 0xE7, 0x49, 0xC1, 0x6C, 0xF9, 0x51, 0xAB, 0xBA, 0x5C, 0xF0, 0x10, 0xFE, 0x75, 0x09,
    0x16, 0xB6, 0xF6, 0x05, 0xE5, 0xF6, 0x3C, 0x28, 0xF4, 0xAA, 0xA0, 0x7C, 0xF4, 0x5C, 0x50, 0xBE,
    0x9A, 0x07, 0xE5, 0x9C, 0x49, 0x46, 0x63, 0xF1, 0xB6, 0x9E, 0x15, 0xE4, 0xE4, 0x13, 0x36, 0x1C,
    0xD6, 0x59, 0xFC, 0x7D, 0x5E, 0x08, 0xD6, 0xE1, 0x83, 0xF2, 0xED, 0x0F, 0xFB, 0xCF, 0xBE, 0x6A,
    0xF5, 0x8C, 0x84, 0x4E, 0xB4, 0xEB, 0xE8, 0xB7, 0x6A, 0xE7, 0x14, 0xFA, 0x60, 0x27, 0xAC, 0x37,
    0xE2, 0x88, 0x79, 0x8C, 0x24, 0x07, 0xF0, 0x95, 0x46, 0xFC, 0x43, 0x13, 0xDA, 0x97, 0x07, 0xB2,
    0x0A, 0xF3, 0x98, 0x45, 0x29, 0x0E, 0x10, 0xFD, 0x03, 0x75, 0x9E, 0xED, 0x65, 0x16, 0x46, 0xAC,
    0x22, 0xFF, 0xDF, 0x90, 0xA0, 0x2E, 0x4E, 0xED, 0x94, 0xDE, 0x2A, 0x59, 0x81, 0x6A, 0x3C, 0xC5,
    0x92, 0xE1, 0x26, 0x0F, 0xC9, 0xFE, 0xDA, 0x8C, 0x00, 0xC9, 0x73, 0x3F, 0x38, 0x9A, 0x05, 0x24,
    0xA9, 0x80, 0xD9, 0xF6, 0x30, 0xFD, 0xFD, 0x28, 0x1B, 0xF3, 0x35, 0x5F, 0xA8, 0x97, 0x3D, 0x64,
    0xEA, 0x1A, 0x7A, 0x9A, 0x29, 0x76, 0x14, 0x19, 0xFF, 0x51, 0xD0, 0x3F, 0x4D, 0x7F, 0x27, 0x19,
    0x67, 0xAA, 0xA3, 0x5A, 0x56, 0x4C, 0x00, 0x51, 0x27, 0x7F, 0x98, 0x50, 0x91, 0x36, 0xA9, 0xE5,
    0xB1, 0xAE, 0x1B, 0x22, 0x5A, 0x83, 0x5C, 0x6F, 0xF6, 0xF2, 0x67, 0x55, 0xB0, 0x6E, 0x59, 0x41,
    0xDF, 0x6B, 0xBE, 0x38, 0x60, 0x74, 0xDE, 0xAE, 0x4F, 0x90, 0x1A, 0xE3, 0x7C, 0xCE, 0x11, 0x6B,
    0x01, 0x56, 0xFC, 0x96, 0xF4, 0x33, 0xC6, 0x63, 0x0B, 0x67, 0x5A, 0xFB, 0xE1, 0x7B, 0xF2, 0xA8,
    0x99, 0x97, 0x40, 0xB7, 0x38, 0x5F, 0x8B, 0xFA, 0x57, 0xF9, 0x6C, 0x20, 0xF3, 0x59, 0x9D, 0xDF,
    0x3A, 0xA4, 0x9A, 0x5E, 0x50, 0xBB, 0x33, 0x48, 0x83, 0xA4, 0x97, 0x32, 0x10, 0x4B, 0xB0, 0x0B,
    0x47, 0x6E, 0x15, 0xAF, 0x9B, 0xEA, 0x5D, 0x39, 0x98, 0xB2, 0x2B, 0x6D, 0x0A, 0x23, 0x97, 0xE3,
    0x55, 0x42, 0xFB, 0x80, 0x92, 0xD4, 0x97, 0xFA, 0xB0, 0x93, 0xD7, 0xDD, 0x09, 0xB1, 0xDE, 0xB3,
    0x3F, 0x01, 0x62, 0x9F, 0x95, 0x17, 0xE5, 0xE1, 0xB8, 0x6D, 0x4C, 0xDA, 0x77, 0x8D, 0x85, 0xB9,
    0x78, 0x0A, 0xC6, 0xB8, 0x21, 0x48, 0x8E, 0xA0, 0x49, 0xA5, 0x83, 0x26, 0x47, 0x5F, 0xD4, 0x64,
    0x0E, 0x5F, 0x79, 0x6E, 0x65, 0x53, 0xC6, 0x99, 0x90, 0xD2, 0x8A, 0x2A, 0xCD, 0xC4, 0x08, 0x8E,
    0x76, 0x3E, 0xA8, 0x75, 0xD8, 0xA1, 0xD4, 0xFE, 0x88, 0x20, 0xBC, 0x72, 0x5D, 0x0B, 0x27, 0x8B,
    0xCD, 0xC6, 0xC4, 0x23, 0x7A, 0xEF, 0x0A, 0x0B, 0xC8, 0x5D, 0x9F, 0x45, 0xF3, 0xCE, 0x72, 0xEE,
    0x9B, 0x75, 0x9D, 0x56, 0xE2, 0xB4, 0xE2, 0x65, 0x1B, 0x56, 0x34, 0x82, 0xA7, 0xE3, 0xBF, 0x0A,
    0x61, 0xAB, 0xA5, 0xB0, 0x1B, 0x6E, 0xC5, 0x52, 0xEA, 0xD7, 0x05, 0x8B, 0x9A, 0xA7, 0x28, 0x78,
    0xEC, 0xA9, 0xFE, 0x69, 0x3B, 0xED, 0xF3, 0xA8, 0xF0, 0xB1, 0x85, 0x59, 0x12, 0x4E, 0xFC, 0xC5,
    0xC3, 0xEA, 0x16, 0xDC, 0x9F, 0xD2, 0xCA, 0x1D, 0x01, 0xF7, 0x42, 0x45, 0x9B, 0x87, 0x02, 0xEE,
    0xBF, 0x03, 0xDC, 0x6B, 0x0C, 0xEE, 0x04, 0xDB, 0x44, 0xA2, 0xB3, 0x76, 0x0B, 0xA4, 0x65, 0x10,
    0xFD, 0xA3, 0xB6, 0xBA, 0x42, 0xCD, 0xDF, 0xE2, 0xB3, 0x54, 0xC7, 0x17, 0xE3, 0xD3, 0x58, 0xB0,
    0x97, 0xA1, 0xE6, 0xD6, 0xA1, 0xFE, 0x82, 0xAB, 0xB0, 0xE1, 0x50, 0xCF, 0x52, 0xC9, 0xD2, 0x18,
    0x4F, 0x13, 0xC5, 0x03, 0x40, 0xBE, 0x59, 0x51, 0x7A, 0x04, 0xF2, 0x6C, 0x60, 0x35, 0x09, 0x80,
    0x6B, 0xF2, 0x0C, 0xB7, 0x3C, 0xC7, 0x36, 0x2B, 0xCC, 0x97, 0xE6, 0xE4, 0xBF, 0x3F, 0x0F, 0xC7,
    0x74, 0x02, 0xC4, 0x54, 0x41, 0xEC, 0x96, 0x5C, 0x84, 0xDE, 0x7D, 0x2A, 0x0D, 0xF1, 0xAE, 0x22,
    0xA1, 0xE4, 0x19, 0xC4, 0x6E, 0x7B, 0x6E, 0x16, 0xAE, 0xB3, 0xAB, 0x37, 0xE0, 0x0D, 0x0F, 0x5A,
    0xE5, 0x28, 0x66, 0x81, 0x26, 0xE7, 0xF4, 0xA1, 0xCD, 0x86, 0x0E, 0xBC, 0x8F, 0xF5, 0x89, 0x9F,
    0x6C, 0xBC, 0x81, 0x0E, 0xC0, 0xAF, 0x2F, 0xE5, 0x9E, 0x1E, 0x5B, 0xF8, 0xDF, 0xC1, 0x93, 0x6B,
    0x5B, 0x48, 0xD8, 0xC7, 0xA3, 0x21, 0x56, 0x35, 0x80, 0x11, 0x29, 0x8D, 0x22, 0xBE, 0xF0, 0x97,
    0x0C, 0xFF, 0x49, 0x3B, 0x79, 0x73, 0x8B, 0xA0, 0x07, 0xE3, 0xE8, 0x0D, 0xC3, 0xE8, 0x76, 0x30,
    0x5A, 0x07, 0x80, 0xD1, 0x32, 0x11, 0xED, 0x95, 0x9F, 0x51, 0xCF, 0x46, 0x6B, 0x7D, 0xBE, 0x72,
    0xAE, 0x30, 0x07, 0x34, 0xA9, 0xB6, 0xE6, 0xC4, 0x91, 0x85, 0x10, 0x93, 0x48, 0x31, 0x89, 0x18,
    0x93, 0xC0, 0xF2, 0x7A, 0x14, 0x98, 0x92, 0x80, 0x4A, 0x1A, 0x55, 0x0D, 0xEB, 0x6C, 0xB3, 0xCC,
    0x67, 0x67, 0x47, 0x3A, 0x44, 0xA4, 0x2D, 0x4E, 0x5F, 0x7F, 0xFE, 0x25, 0x75, 0x06, 0xBC, 0xD1,
    0x2B, 0xEB, 0x9D, 0xE1, 0x6D, 0x0C, 0x42, 0x57, 0x19, 0x13, 0x26, 0xBC, 0x6A, 0xC6, 0xF4, 0xBE,
    0xF9, 0x19, 0x82, 0xE5, 0xE5, 0x50, 0x46, 0x26, 0xF3, 0xEB, 0xEE, 0x05, 0xF5, 0xE4, 0xA4, 0x7A,
    0x02, 0x88, 0xBF, 0x84, 0x63, 0x6C, 0xC9, 0x13, 0x9B, 0x08, 0x92, 0x4C, 0xE5, 0x83, 0xFC, 0x44,
    0x04, 0xBA, 0xF8, 0x04, 0x01, 0x3D, 0xE7, 0x69, 0x02, 0xAB, 0x77, 0x40, 0xCE, 0x3F, 0x67, 0xC0,
    0x2F, 0x8A, 0xDD, 0xBF, 0x91, 0xA7, 0xDD, 0xD9, 0xA8, 0xF4, 0x0A, 0x5B, 0x7E, 0x1B, 0xE1, 0x94,
    0x5B, 0x22, 0x41, 0xCB, 0xCF, 0xCE, 0x39, 0x13, 0x39, 0xD5, 0xCB, 0xD7, 0xED, 0x0A, 0xB1, 0x30,
    0xAF, 0x58, 0xB7, 0x6A, 0x3C, 0x11, 0xE5, 0x96, 0x37, 0x69, 0xEA, 0x4B, 0x46, 0x7E, 0x49, 0xDB,
    0x12, 0x98, 0x9E, 0x94, 0x34, 0x58, 0x13, 0xC7, 0xB9, 0xA0, 0x48, 0x46, 0x86, 0x87, 0x9F, 0xC7,
    0xE6, 0x43, 0x20, 0xE3, 0x61, 0xC7, 0xC5, 0x9F, 0x98, 0x47, 0x77, 0x24, 0xE8, 0x00, 0x17, 0x56,
    0x1F, 0xBD, 0x6D, 0xB4, 0x3F, 0x0A, 0x71, 0xAE, 0x0D, 0x26, 0xC9, 0x33, 0x9F, 0xD0, 0x09, 0x71,
    0x3F, 0x19, 0x40, 0x1B, 0x21, 0x76, 0x59, 0xE9, 0xD4, 0xB1, 0x4B, 0xDA, 0xA4, 0xF7, 0x74, 0x08,
    0xC8, 0x5A, 0x86, 0xE9, 0x11, 0xF2, 0xD1, 0x46, 0xCD, 0xA7, 0xE9, 0x93, 0x0B, 0x0D, 0xD2, 0xCC,
    0x13, 0xAB, 0x44, 0xCA, 0x79, 0x66, 0xE3, 0x39, 0x56, 0x9C, 0x89, 0x31, 0x5C, 0xFF, 0x52, 0xF0,
    0xE0, 0xA6, 0xF4, 0x4D, 0xE9, 0xE1, 0xA9, 0xCF, 0xFF, 0x9E, 0xF0, 0xC0, 0x22, 0x3B, 0xAB, 0xD8,
    0x53, 0x08, 0xAF, 0x65, 0x35, 0x33, 0x14, 0x3C, 0x8A, 0x6F, 0xAD, 0xC3, 0xC5, 0xA3, 0x8D, 0xF7,
    0x19, 0x85, 0xA7, 0x14, 0xB1, 0x1C, 0x3A, 0x53, 0x39, 0x3C, 0x74, 0x24, 0x9E, 0x06, 0x5B, 0x57,
    0x7C, 0x8A, 0x89, 0x3E, 0x71, 0xBE, 0xAF, 0x0F, 0xC1, 0x4C, 0xD0, 0xAC, 0x68, 0x7F, 0x4E, 0x83,
    0x5D, 0xD7, 0x48, 0x2C, 0x7E, 0x37, 0x5B, 0x9C, 0x4E, 0x3D, 0x97, 0x3A, 0x87, 0x8D, 0xDD, 0x04,
    0x49, 0x2E, 0x91, 0x99, 0x2B, 0x65, 0xDA, 0x0A, 0x80, 0xE6, 0xCA, 0xC1, 0x1B, 0xE2, 0x1F, 0x41,
    0xEE, 0x4B, 0x0A, 0xD8, 0x9A, 0x04, 0xE9, 0x01, 0xB7, 0x53, 0x3F, 0x10, 0xF4, 0x7B, 0x5E, 0xC4,
    0x20, 0x7B, 0x5D, 0xFB, 0xFE, 0x3B, 0xDD, 0x33, 0x6F, 0x08, 0xA3, 0x21, 0xD0, 0x40, 0xEE, 0x6F,
    0xF0, 0x33, 0x1B, 0xF1, 0x3A, 0x04, 0x4B, 0xE4, 0xDB, 0x9A, 0x1B, 0x47, 0xA6, 0xEA, 0xCD, 0xDD,
    0xF8, 0xC6, 0x63, 0xA4, 0xD6, 0x25, 0x8C, 0xB4, 0x1B, 0x03, 0x20, 0x08, 0xE5, 0x29, 0x1D, 0xF3,
    0xE6, 0xC1, 0xAC, 0x43, 0xEC, 0x6E, 0xA2, 0xBF, 0xFB, 0x10, 0x37, 0x6C, 0x4B, 0xBF, 0x61, 0x86,
    0xBD, 0x6F, 0xE0, 0x41, 0xFF, 0x31, 0x31, 0x6E, 0xB4, 0x35, 0xF3, 0xA5, 0xC7, 0xDD, 0xA3, 0x09,
    0x37, 0xDB, 0x65, 0xAF, 0x7F, 0x1C, 0x03, 0x8E, 0xEC, 0x8F, 0xA1, 0x49, 0xF0, 0x30, 0x1E, 0x12,
    0x6F, 0xF4, 0xEA, 0x27, 0x37, 0x97, 0xC7, 0xFB, 0x4B, 0x79, 0xB8, 0x5F, 0xA8, 0xFE, 0x66, 0xAF,
    0x75, 0x34, 0x03, 0x5E, 0x7E, 0x33, 0x04, 0xBF, 0xAB, 0xF1, 0x50, 0x16, 0x0E, 0x80, 0x8F, 0xB1,
    0x22, 0xE4, 0xC8, 0x9C, 0x81, 0x87, 0x6D, 0x10, 0x14, 0x6F, 0x04, 0x78, 0x11, 0x1C, 0x09, 0xB0,
    0x4A, 0x00, 0x5E, 0xB5, 0xC9, 0x0E, 0x5E, 0xBC, 0x10, 0xC5, 0x54, 0x65, 0x33, 0x1C, 0xA6, 0xA5,
    0x3C, 0xF5, 0x51, 0x43, 0x46, 0xE0, 0x6F, 0x91, 0x04, 0x1A, 0xAF, 0xEB, 0xC8, 0xBB, 0xDF, 0x3D,
    0x23, 0x28, 0xDD, 0xA8, 0x36, 0xB8, 0x25, 0x59, 0x13, 0xB2, 0x0A, 0xC5, 0x71, 0x8A, 0xBA, 0x87,
    0xCE, 0xDB, 0x8B, 0x1F, 0x61, 0x65, 0x8E, 0x11, 0xF1, 0xAD, 0x71, 0x7B, 0x3D, 0x40, 0x18, 0x4E,
    0xF5, 0x52, 0x80, 0xAE, 0x50, 0x97, 0x44, 0x2F, 0x70, 0x67, 0x3A, 0x2E, 0xF7, 0xFE, 0x52, 0xA8,
    0x95, 0x79, 0x1C, 0x95, 0x38, 0xC9, 0xE1, 0x95, 0x97, 0x20, 0xAB, 0xB1, 0xB0, 0x4C, 0x50, 0xD3,
    0x2B, 0x4C, 0x84, 0x5D, 0x9F, 0x84, 0x58, 0xBA, 0x29, 0x74, 0x5A, 0xB3, 0x6F, 0x59, 0x47, 0xE8,
    0x71, 0x38, 0xAC, 0x75, 0x7F, 0xF2, 0x08, 0x90, 0x9A, 0x23, 0x54, 0x2F, 0xE1, 0xC1, 0xF5, 0x47,
    0xE5, 0x14, 0xCD, 0xCA, 0x43, 0xE5, 0xC8, 0x08, 0x83, 0x17, 0x3F, 0x65, 0x3C, 0x66, 0x43, 0xF6,
    0xBB, 0x21, 0x0F, 0xBA, 0x21, 0xD7, 0x5D, 0x42, 0x4E, 0xD1, 0x22, 0x26, 0x8F, 0x18, 0x36, 0x26,
    0x25, 0xEA, 0x23, 0x3C, 0x4A, 0x38, 0x06, 0x9C, 0x63, 0xC1, 0x03, 0xB7, 0xF7, 0xF1, 0xC0, 0xF8,
    0x71, 0x4C, 0xD2, 0xBE, 0xFD, 0x6C, 0x0F, 0x71, 0xD3, 0x58, 0xA0, 0x72, 0xC5, 0xCA, 0x68, 0xC2,
    0xDD, 0x97, 0x64, 0x62, 0x9B, 0xAE, 0xB9, 0x07, 0x58, 0xA4, 0x06, 0x8B, 0x09, 0x6D, 0x31, 0x44,
    0xE3, 0x40, 0x3F, 0x59, 0xDA, 0xC3, 0x42, 0xEF, 0x37, 0xBC, 0x7E, 0x1E, 0x42, 0x55, 0x47, 0x50,
    0x92, 0x7E, 0x33, 0xCB, 0x85, 0x39, 0xA0, 0x80, 0x38, 0x9D, 0x80, 0x04, 0x59, 0x5F, 0x06, 0x0E,
    0x49, 0x40, 0xA0, 0x9A, 0x5D, 0xD6, 0xD2, 0x6B, 0x64, 0x17, 0xBC, 0x86, 0x9B, 0x52, 0x87, 0x56,
    0xC2, 0xEC, 0x88, 0x04, 0x24, 0xBD, 0xC3, 0x5B, 0x68, 0x49, 0xC1, 0x87, 0x13, 0xDA, 0x70, 0x0B,
    0x51, 0x1B, 0xB5, 0xBE, 0xC7, 0x3E, 0xAC, 0x4C, 0x71, 0x49, 0xC0, 0xBB, 0x03, 0xBD, 0x41, 0xFF,
    0x0F, 0xE5, 0x58, 0xBF, 0x8F, 0xD5, 0x46, 0x10, 0x1E, 0xDB, 0xDC, 0x59, 0x8A, 0xA5, 0x98, 0x02,
    0x24, 0x24, 0x12, 0x5C, 0x87, 0x10, 0xDC, 0x52, 0xE4, 0x9E, 0x8D, 0xF8, 0x07, 0x28, 0x92, 0x34,
    0x29, 0xD2, 0x26, 0x15, 0x29, 0x52, 0x50, 0x00, 0xCF, 0xCA, 0x3F, 0x00, 0x69, 0x53, 0xA5, 0x8C,
    0xB8, 0xE2, 0xAE, 0xA0, 0xB8, 0xE2, 0x72, 0x5E, 0x85, 0x22, 0x25, 0x56, 0x84, 0x44, 0x6B, 0x09,
    0x0A, 0x94, 0x06, 0x17, 0x2F, 0xCA, 0xBB, 0xE3, 0x3D, 0x4F, 0xBE, 0x6F, 0xD6, 0xEF, 0x7E, 0x17,
    0x24, 0x90, 0x00, 0x62, 0xDF, 0xE9, 0x1B, 0xFF, 0x58, 0xEF, 0xCE, 0xEE, 0x7C, 0x33, 0x3B, 0x73,
    0x22, 0x68, 0x57, 0x09, 0xC1, 0xC4, 0x70, 0x4A, 0x14, 0xE0, 0xE9, 0x52, 0xEE, 0xC9, 0xB2, 0xF6,
    0xB2, 0x2E, 0xF9, 0xC3, 0x6B, 0x4D, 0x2B, 0x73, 0x09, 0xB5, 0x8A, 0xD0, 0x6B, 0x4B, 0x92, 0x56,
    0xA4, 0x28, 0x33, 0x27, 0x92, 0xB9, 0xA2, 0x12, 0x49, 0x9B, 0xA2, 0x14, 0x49, 0xBA, 0x31, 0x3E,
    0x8D, 0xBB, 0x9A, 0x38, 0xE9, 0x81, 0xD1, 0x7E, 0x9C, 0xEE, 0x7F, 0xE2, 0xFB, 0x18, 0x76, 0xFE,
    0x5B, 0x3F, 0x8E, 0x1F, 0x33, 0xB5, 0xF1, 0xFD, 0x5C, 0x9C, 0x17, 0xEA, 0x14, 0xD0, 0x01, 0x9D,
    0x95, 0x9F, 0x53, 0x37, 0xB6, 0xB0, 0xE1, 0x58, 0xDD, 0x02, 0x02, 0x82, 0x74, 0x92, 0x6D, 0x07,
    0x4D, 0xA0, 0xF5, 0xEF, 0x2E, 0xE9, 0x22, 0xC5, 0x68, 0x18, 0x01, 0x53, 0x8C, 0xF1, 0x83, 0xC4,
    0x94, 0x45, 0x85, 0x41, 0x72, 0x77, 0x08, 0xEC, 0x85, 0x75, 0xB1, 0xCE, 0xF6, 0x59, 0xD2, 0x46,
    0x53, 0xC1, 0x50, 0x98, 0x27, 0xDB, 0x16, 0xD9, 0x9B, 0x74, 0x98, 0x11, 0x77, 0x5E, 0x04, 0x83,
    0x68, 0x54, 0x67, 0x81, 0x6A, 0xB5, 0xA6, 0x4F, 0xA5, 0x7E, 0x8A, 0x35, 0xA3, 0xA3, 0xFB, 0x3F,
    0xC4, 0xCC, 0x44, 0x08, 0x91, 0x54, 0x12, 0xCE, 0xB1, 0x95, 0xD8, 0x22, 0x85, 0xDA, 0xD0, 0xAA,
    0x76, 0x72, 0x0B, 0xA2, 0xD8, 0xFE, 0x12, 0xAF, 0x25, 0x55, 0xA5, 0xB2, 0x21, 0xB4, 0xA4, 0xCA,
    0x4B, 0x57, 0x87, 0x75, 0x5D, 0x34, 0x2C, 0x0C, 0x73, 0xC3, 0x74, 0x1F, 0x7E, 0x68, 0x2C, 0xB9,
    0x2E, 0xE3, 0x69, 0xA0, 0xAD, 0xE4, 0x53, 0xA9, 0x5B, 0xCE, 0x9D, 0xBE, 0x24, 0xCE, 0xA4, 0x68,
    0x25, 0xEC, 0x39, 0x26, 0xB6, 0xED, 0x01, 0xCC, 0x5E, 0x6B, 0x02, 0x73, 0x64, 0x4F, 0x92, 0x7E,
    0xD0, 0x4B, 0x02, 0x17, 0x80, 0x14, 0x32, 0x49, 0xA8, 0xEF, 0x68, 0xC4, 0x47, 0x19, 0x17, 0x02,
    0xE6, 0xC8, 0xA1, 0x16, 0xB5, 0x7B, 0xA6, 0x49, 0x8C, 0xCF, 0xE9, 0x74, 0xAF, 0xFF, 0x85, 0x39,
    0xF1, 0xD3, 0x2D, 0xE2, 0x77, 0xA4, 0xAA, 0xAC, 0x93, 0x7A, 0x62, 0xD4, 0x0B, 0x5A, 0x52, 0x2F,
    0x74, 0x69, 0xC3, 0x9D, 0x24, 0x01, 0xE3, 0x2A, 0xE9, 0xB8, 0x7C, 0xD2, 0x30, 0xBD, 0xBB, 0x8A,
    0x81, 0x72, 0x58, 0x17, 0x03, 0x48, 0x30, 0x27, 0x0A, 0x34, 0xBC, 0x07, 0x85, 0x49, 0x39, 0x19,
    0x97, 0x01, 0x39, 0x5B, 0x91, 0x1D, 0xB9, 0x5B, 0xEB, 0xAB, 0xF7, 0x74, 0x47, 0xD5, 0x61, 0xB3,
    0x03, 0x91, 0x12, 0x23, 0xC2, 0x3A, 0x41, 0x47, 0x6B, 0x6C, 0xDE, 0xE4, 0x36, 0x53, 0xAD, 0x94,
    0x7A, 0x2E, 0x57, 0x72, 0xA4, 0x8D, 0xF1, 0x36, 0xDE, 0xD1, 0x52, 0xB2, 0x2A, 0x77, 0x20, 0x24,
    0xB4, 0x19, 0xC3, 0x43, 0x64, 0x85, 0x20, 0x1E, 0xAE, 0x01, 0xF2, 0x67, 0x9D, 0xC4, 0x73, 0xDC,
    0xE6, 0xA0, 0xBA, 0xEF, 0xD2, 0xEF, 0x02, 0x98, 0xDF, 0x49, 0xFD, 0xC3, 0xF3, 0x4E, 0x0A, 0xBD,
    0xDF, 0x37, 0xF1, 0x5C, 0x6A, 0x2E, 0xF6, 0x27, 0xB9, 0xB4, 0x12, 0x76, 0xD9, 0x6D, 0x17, 0xAB,
    0xD1, 0xC5, 0x1A, 0xD6, 0x05, 0xC6, 0xE2, 0xF6, 0x65, 0xFE, 0x30, 0x82, 0xED, 0x0F, 0xA7, 0xB8,
    0x1E, 0x74, 0x79, 0xDC, 0xA4, 0xCF, 0xCA, 0xB8, 0x37, 0x6E, 0xEE, 0xB6, 0x0B, 0xB2, 0x0C, 0x9B,
    0xCF, 0x24, 0x7F, 0xB1, 0x31, 0xCF, 0xEA, 0x9D, 0x42, 0x17, 0x66, 0x7E, 0x5F, 0x22, 0xAC, 0x20,
    0x6E, 0x32, 0x8B, 0x53, 0x36, 0x6A, 0x6D, 0xEF, 0xF2, 0x66, 0x6F, 0x02, 0x0B, 0x0D, 0xCB, 0x16,
    0x26, 0x72, 0x0B, 0x19, 0x16, 0x3E, 0xDE, 0xA0, 0xB0, 0x55, 0xE2, 0x17, 0xB4, 0xE4, 0xC9, 0x06,
    0x19, 0x3D, 0xA2, 0xAF, 0xA5, 0x64, 0x66, 0x42, 0x4E, 0x04, 0x77, 0x8E, 0xD2, 0x81, 0xA1, 0xC7,
    0x82, 0x10, 0xE2, 0xD9, 0xF4, 0x95, 0xC7, 0x33, 0xB6, 0x56, 0xBE, 0xA5, 0xB8, 0x19, 0x9A, 0xFF,
    0x64, 0xB7, 0x8D, 0x93, 0x20, 0x88, 0xB9, 0xDF, 0xEC, 0x88, 0x42, 0x34, 0x33, 0xC8, 0x6D, 0x41,
    0xAE, 0xAF, 0xDE, 0x9A, 0x20, 0x77, 0x52, 0x4E, 0x88, 0x7C, 0x82, 0x20, 0x26, 0xE9, 0x65, 0xBC,
    0x8D, 0x1E, 0x35, 0xEC, 0xC1, 0x0E, 0xB6, 0xD2, 0x8F, 0x8E, 0xF1, 0x43, 0x04, 0x26, 0x38, 0xA3,
    0xB6, 0x16, 0xAE, 0xFE, 0x05, 0x80, 0xE8, 0xAD, 0x85, 0x37, 0x1F, 0xDD, 0x10, 0xDC, 0x94, 0xB1,
    0x4D, 0x25, 0xF2, 0x0A, 0x0E, 0xE2, 0x60, 0x0B, 0x26, 0x76, 0x16, 0x47, 0x33, 0xF3, 0x9C, 0x41,
    0x0C, 0x0F, 0x8F, 0x6B, 0x6F, 0xA9, 0x39, 0x52, 0x06, 0x0B, 0x83, 0x43, 0xED, 0x26, 0x7E, 0x18,
    0x47, 0x07, 0xB0, 0xDB, 0x83, 0xED, 0xFC, 0x44, 0x56, 0x1B, 0x33, 0x4C, 0xFC, 0x0A, 0x0C, 0xF3,
    0x88, 0x86, 0xB9, 0x02, 0xC3, 0x4C, 0x22, 0x12, 0x21, 0xF2, 0xD1, 0x24, 0xF5, 0xA2, 0x70, 0x26,
    0xB6, 0x16, 0x8E, 0xF2, 0xEE, 0xD8, 0x47, 0x78, 0xA2, 0xF9, 0xC3, 0x94, 0x81, 0x53, 0xD2, 0x6A,
    0x91, 0x25, 0x5C, 0x7A, 0x0D, 0x46, 0x3A, 0xE0, 0x3D, 0x87, 0xE2, 0xD6, 0xA6, 0x37, 0x59, 0xFE,
    0x95, 0x69, 0x3F, 0x64, 0x0E, 0xFE, 0xD8, 0x79, 0x47, 0x6C, 0x75, 0x52, 0x4E, 0x09, 0xD2, 0x83,
    0x1B, 0x78, 0xFD, 0x7D, 0xC7, 0xD0, 0xCD, 0x5C, 0x46, 0x79, 0xDC, 0x7C, 0xF3, 0xBA, 0xBC, 0xEA,
    0xA0, 0xC1, 0x56, 0x86, 0x88, 0x2A, 0xFB, 0x9D, 0x2A, 0x6E, 0xFD, 0xED, 0xFA, 0x3B, 0x64, 0xA9,
    0x98, 0xD7, 0x49, 0xB3, 0x48, 0x5F, 0x7D, 0xFD, 0xB0, 0x41, 0xF8, 0xE0, 0xCD, 0xF0, 0xAA, 0xD0,
    0x99, 0x3D, 0x26, 0x31, 0x75, 0x1C, 0xE5, 0xE4, 0x50, 0x66, 0x89, 0x73, 0xBC, 0xCF, 0x12, 0x4B,
    0x9F, 0xD3, 0x38, 0xAA, 0x48, 0x22, 0xB2, 0x3F, 0x97, 0x40, 0x34, 0xE4, 0x96, 0x79, 0xC9, 0x4D,
    0xC9, 0x4A, 0xCB, 0x9A, 0x4B, 0x86, 0xCF, 0xB4, 0xCC, 0xB1, 0xDA, 0x65, 0xB1, 0x2C, 0x7B, 0xB0,
    0x7D, 0x6D, 0xD8, 0x1F, 0x87, 0x85, 0xCE, 0x80, 0xE7, 0xF5, 0x29, 0xFB, 0xE4, 0x6E, 0x6C, 0xC8,
    0x6F, 0x73, 0x87, 0x34, 0x18, 0x98, 0x5A, 0x72, 0xCD, 0xF1, 0x73, 0xC7, 0xB9, 0xF0, 0x94, 0xF3,
    0x3A, 0xC9, 0x76, 0xBE, 0xC0, 0x1E, 0x63, 0xA3, 0xA9, 0xE2, 0xD2, 0x67, 0x0B, 0x2D, 0x1B, 0xC6,
    0xEB, 0x7B, 0xB0, 0x96, 0xAC, 0xD0, 0x48, 0x19, 0x83, 0x78, 0x62, 0xEC, 0x3A, 0x86, 0x54, 0xF5,
    0x93, 0xD0, 0xC5, 0xBD, 0xD6, 0x2E, 0x6B, 0x32, 0x45, 0x7A, 0x88, 0x98, 0x37, 0x2E, 0x23, 0xA6,
    0xD5, 0xE8, 0x5D, 0xD3, 0xFC, 0x76, 0x55, 0x94, 0x31, 0xF3, 0x6D, 0xE4, 0xEE, 0x69, 0x0B, 0x1A,
    0x87, 0xCC, 0xEC, 0xA2, 0x1F, 0xEF, 0x0C, 0x75, 0x92, 0x15, 0x4E, 0x4C, 0x09, 0x59, 0x2B, 0x3C,
    0x21, 0x03, 0x94, 0x6A, 0x69, 0x85, 0xF9, 0x0B, 0x87, 0xE2, 0x2A, 0x75, 0x5B, 0x84, 0x9E, 0xE1,
    0x54, 0xD9, 0x7F, 0x5C, 0xC9, 0xA6, 0xE4, 0xFD, 0x1A, 0xCA, 0x20, 0xDD, 0xDE, 0x2D, 0xC6, 0x77,
    0xB3, 0x2E, 0xF5, 0x95, 0xEE, 0x90, 0xE1, 0x86, 0x93, 0x45, 0x16, 0x7D, 0xC4, 0x1B, 0xA6, 0xF4,
    0x08, 0xB7, 0x0A, 0x4B, 0xD1, 0x1B, 0xD4, 0x73, 0x15, 0x9B, 0x62, 0xA2, 0x31, 0xF1, 0xA0, 0x33,
    0xF1, 0xDB, 0xCC, 0xC4, 0xAF, 0x73, 0x13, 0x4E, 0xBD, 0x18, 0x3B, 0x13, 0x79, 0x6B, 0x22, 0xED,
    0x4C, 0xC0, 0x0B, 0x29, 0x82, 0xDE, 0x84, 0xD4, 0x57, 0x4C, 0x14, 0xF7, 0x4D, 0x64, 0x8F, 0x4D,
    0x24, 0x7F, 0x39, 0x3F, 0x89, 0x09, 0x19, 0xC4, 0xD8, 0x8B, 0xC2, 0x8B, 0xD4, 0x09, 0x4A, 0x22,
    0x89, 0x1D, 0x75, 0x24, 0xC3, 0xE4, 0x9C, 0x6D, 0x94, 0x91, 0xCB, 0x2D, 0x0E, 0x18, 0xEF, 0xEA,
    0x37, 0x08, 0xE7, 0x8E, 0x26, 0x45, 0x0D, 0xF2, 0xE3, 0xAC, 0xAD, 0xE1, 0x17, 0x8F, 0x31, 0x88,
    0x6A, 0x59, 0x38, 0x3E, 0x69, 0x40, 0x87, 0xD4, 0xA0, 0xFD, 0x47, 0x70, 0x6D, 0xE7, 0xF2, 0xDA,
    0xB6, 0xEA, 0x7D, 0x18, 0x28, 0x20, 0x99, 0xC7, 0xE0, 0x4E, 0x38, 0x5F, 0xEE, 0xA9, 0xCA, 0x16,
    0x95, 0xBA, 0x25, 0x20, 0xEF, 0x2D, 0x1A, 0x73, 0xE4, 0x2D, 0x6A, 0x41, 0x2B, 0xEF, 0x16, 0xFE,
    0x90, 0xA0, 0x66, 0xF5, 0xE6, 0xC7, 0xB7, 0x2D, 0xEF, 0x67, 0x76, 0x69, 0x99, 0x33, 0x17, 0x56,
    0xFB, 0x8F, 0xBE, 0x26, 0x4F, 0x7F, 0x21, 0xC0, 0xF2, 0x79, 0xC5, 0xB4, 0x9C, 0x4E, 0xD0, 0xCB,
    0xF8, 0xE1, 0xD9, 0x09, 0xBE, 0x62, 0x70, 0x38, 0xBD, 0x4B, 0x59, 0x3B, 0xC9, 0xAC, 0xC0, 0xDB,
    0x17, 0x1E, 0xEC, 0x1C, 0x76, 0x56, 0x01, 0x2D, 0x76, 0x03, 0x33, 0x66, 0xCF, 0x7B, 0xEC, 0xE0,
    0x08, 0xDA, 0x8E, 0x30, 0xDA, 0x45, 0x4B, 0x62, 0x61, 0x69, 0x29, 0x58, 0x3F, 0x23, 0xF2, 0x04,
    0x0A, 0x35, 0xCF, 0x52, 0x95, 0xDA, 0x5D, 0x85, 0x22, 0x13, 0xA8, 0x30, 0xC5, 0x52, 0x66, 0x98,
    0x5E, 0x9F, 0xCD, 0x30, 0xF5, 0x50, 0x6B, 0x9C, 0x1A, 0x9C, 0xB3, 0x1E, 0xEA, 0xFF, 0xCC, 0xD7,
    0xFB, 0x2C, 0x6E, 0xA5, 0x62, 0x45, 0x8E, 0xE6, 0xB6, 0xEE, 0xD6, 0x7F, 0xAC, 0xB9, 0x4D, 0x7C,
    0x9F, 0x1A, 0x26, 0x6E, 0x03, 0x18, 0x0F, 0x78, 0x12, 0x18, 0x94, 0x03, 0xF5, 0xFF, 0x3B, 0xFC,
    0x58, 0x77, 0x78, 0xA9, 0x7A, 0xA4, 0x44, 0x92, 0x5D, 0x3E, 0x0D, 0xFD, 0x53, 0xBB, 0x8E, 0x64,
    0x8F, 0x4D, 0x97, 0xF6, 0xBA, 0x6F, 0xD8, 0x7F, 0xB8, 0xA6, 0xFC, 0x6F, 0x17, 0x8A, 0x34, 0x9C,
    0x24, 0xAB, 0xFD, 0xCF, 0x70, 0xF0, 0x17, 0xF9, 0x0B, 0x67, 0x27, 0x02, 0x85, 0xC7, 0xFA, 0x4C,
    0xB0, 0x64, 0x9A, 0x88, 0xB2, 0x0F, 0xA4, 0x09, 0xCD, 0xC9, 0xA0, 0xC8, 0x19, 0xF9, 0x1B, 0x6D,
    0x8F, 0x31, 0x4E, 0x03, 0x31, 0x10, 0x45, 0xBF, 0x71, 0x88, 0x0B, 0x4B, 0x99, 0x14, 0x94, 0x90,
    0xAD, 0xD2, 0x85, 0x2C, 0x45, 0x0A, 0x8A, 0x5D, 0x79, 0x23, 0x2E, 0x44, 0x91, 0x82, 0x82, 0x44,
    0x16, 0x27, 0xE0, 0x30, 0x29, 0xB6, 0x81, 0x58, 0x9C, 0x60, 0x8F, 0xE0, 0x3E, 0x05, 0x53, 0xA4,
    0x70, 0xB1, 0x91, 0x99, 0x05, 0x89, 0x06, 0xE6, 0xBB, 0x18, 0x7B, 0x46, 0xFF, 0xFB, 0xB5, 0x38,
    0xE3, 0x80, 0xD2, 0xDB, 0x4E, 0x31, 0x9E, 0x00, 0xB4, 0xAA, 0xD7, 0xC9, 0xC6, 0xC2, 0xD7, 0xD8,
    0xCB, 0x15, 0x15, 0x90, 0x71, 0x91, 0xBD, 0x39, 0x76, 0xB4, 0xE6, 0x1A, 0xCF, 0x1B, 0xDC, 0xC8,
    0xB3, 0x61, 0x04, 0x7A, 0x53, 0x61, 0x51, 0x3C, 0xF8, 0x95, 0xF9, 0xC4, 0x9D, 0xF8, 0x48, 0xE5,
    0x1C, 0xE4, 0x4C, 0x31, 0x7A, 0xC4, 0xA4, 0x42, 0x55, 0xAE, 0x13, 0x65, 0x56, 0xB9, 0x71, 0x90,
    0x81, 0xC8, 0x61, 0x8B, 0x6D, 0x96, 0x35, 0x64, 0x69, 0xAE, 0xE0, 0xBC, 0xEB, 0xC6, 0x0C, 0x56,
    0xD1, 0x86, 0x4B, 0x8C, 0x5F, 0x5D, 0x6A, 0x6F, 0x99, 0x98, 0x4E, 0xCB, 0x5D, 0x6F, 0xA3, 0x8A,
    0x95, 0xE6, 0xB3, 0x8D, 0x3D, 0x7D, 0x9C, 0x0A, 0x1D, 0x6B, 0xE3, 0xEF, 0x09, 0xD3, 0xD1, 0x10,
    0xB4, 0xC2, 0xF5, 0x12, 0x2D, 0xBD, 0xB0, 0x3E, 0x06, 0xF1, 0xC7, 0x3B, 0x8C, 0xA7, 0x60, 0x83,
    0x1E, 0xD4, 0xD0, 0x37, 0xCA, 0xFF, 0xA1, 0x33, 0xB8, 0xC6, 0xF9, 0xA2, 0x31, 0x98, 0x61, 0x33,
    0x58, 0xC1, 0x88, 0x84, 0x3F, 0x09, 0x6B, 0x35, 0xEF, 0x5D, 0x04, 0x14, 0x26, 0x58, 0xC8, 0x54,
    0x7E, 0x86, 0x84, 0xC3, 0xBE, 0xEC, 0xF8, 0xA7, 0xFE, 0x92, 0xFD, 0x42, 0x7F, 0x01, 0xDD, 0x5B,
    0xB1, 0x72, 0xDC, 0xC8, 0x11, 0xED, 0x01, 0x44, 0xA2, 0xEE, 0x60, 0x0B, 0x0C, 0x7C, 0x55, 0xF6,
    0xA9, 0x4E, 0x70, 0x70, 0x81, 0x7C, 0xA6, 0x89, 0x0B, 0x14, 0x30, 0xA0, 0xB8, 0xD0, 0x39, 0xBC,
    0x84, 0xB9, 0x03, 0x3B, 0xBD, 0xBA, 0x72, 0x51, 0x81, 0x02, 0x05, 0x14, 0x17, 0xB2, 0x7F, 0x80,
    0xFE, 0x03, 0x05, 0x0A, 0x6C, 0x3A, 0x10, 0x03, 0x06, 0x17, 0xAC, 0x16, 0xD0, 0xF9, 0x03, 0x0C,
    0xA9, 0xFC, 0x01, 0xA8, 0x32, 0x03, 0x45, 0x3E, 0x94, 0xBD, 0x55, 0x5E, 0x52, 0xE0, 0x8E, 0xFB,
    0xF5, 0x00, 0x58, 0x60, 0xB5, 0xA2, 0x29, 0x91, 0x5C, 0x72, 0xB5, 0xB5, 0xD5, 0x4B, 0x62, 0x81,
    0x99, 0x9E, 0xD7, 0x3D, 0xDD, 0x6F, 0x7A, 0x66, 0x89, 0xEC, 0x8C, 0xF8, 0xE5, 0xE4, 0x90, 0xDE,
    0x40, 0xE4, 0x10, 0x32, 0x28, 0x20, 0xEF, 0x1C, 0x43, 0xAE, 0x8E, 0x20, 0xF7, 0x63, 0xC8, 0xBC,
    0x1B, 0xB2, 0xCC, 0x3A, 0x11, 0x91, 0x95, 0x06, 0x09, 0x91, 0x9D, 0xF8, 0x29, 0x37, 0x90, 0x78,
    0xDC, 0x90, 0x1B, 0xB9, 0xDC, 0x90, 0x47, 0x0E, 0x37, 0xE4, 0xEF, 0xFE, 0x95, 0x1B, 0x0A, 0xB4,
    0xE6, 0x86, 0xD6, 0x48, 0x71, 0x43, 0x5B, 0x44, 0xDC, 0xD0, 0x3E, 0x11, 0x37, 0xC4, 0xB7, 0x75,
    0x43, 0xC5, 0x8F, 0x74, 0x22, 0x8B, 0x1F, 0x0F, 0x92, 0xA7, 0xA3, 0xE8, 0x63, 0x7D, 0xA4, 0x75,
    0xE2, 0x69, 0x4D, 0x53, 0x5E, 0x5E, 0x02, 0xD9, 0xC9, 0x27, 0xA5, 0x5C, 0xEF, 0x72, 0x4F, 0xCE,
    0x91, 0x0E, 0xC9, 0x8F, 0x58, 0xA5, 0x4E, 0xC8, 0xBA, 0x74, 0x89, 0x55, 0xB9, 0x03, 0x41, 0x46,
    0x6C, 0xB2, 0x08, 0x7E, 0xC8, 0xC9, 0x39, 0xE6, 0x7F, 0x83, 0x84, 0x85, 0xDC, 0x32, 0xAA, 0x85,
    0x26, 0x3F, 0xA7, 0xF8, 0x4F, 0xAF, 0x73, 0xEA, 0xE8, 0xBF, 0x8D, 0x52, 0xE7, 0x98, 0xE2, 0x70,
    0x52, 0x01, 0xE9, 0x73, 0x2C, 0x8C, 0x52, 0x56, 0x38, 0x86, 0xD0, 0x15, 0xD8, 0x30, 0x54, 0xC2,
    0xB0, 0xF9, 0xA5, 0xF2, 0xC9, 0xA1, 0x18, 0xC8, 0x6D, 0x73, 0x7F, 0x03, 0x72, 0x5F, 0x9E, 0x5D,
    0x16, 0xC8, 0xD7, 0xFA, 0x90, 0x0F, 0xBA, 0x90, 0x7B, 0x1D, 0x74, 0x90, 0x07, 0x0C, 0xB9, 0xCA,
    0x7C, 0xEE, 0xD2, 0x4A, 0xBC, 0x14, 0xC0, 0x03, 0x72, 0x27, 0x72, 0x04, 0x72, 0x9B, 0x1B, 0xF2,
    0x5A, 0x90, 0xD3, 0xB1, 0x48, 0x03, 0x79, 0x57, 0x20, 0xEF, 0x34, 0x20, 0xF7, 0xDB, 0x90, 0x2F,
    0x88, 0x1E, 0x59, 0xE5, 0x05, 0xAA, 0x57, 0x0F, 0xE0, 0x01, 0x86, 0x88, 0x2F, 0x54, 0xD8, 0x1A,
    0xC6, 0xB9, 0x83, 0xFE, 0x92, 0x41, 0x1F, 0x95, 0xA0, 0xBB, 0x22, 0x65, 0xC8, 0x61, 0x57, 0xD0,
    0x1D, 0xD4, 0x4E, 0xF9, 0x2C, 0x08, 0xE1, 0x7C, 0x18, 0x04, 0xBF, 0xC2, 0xF7, 0xC0, 0xF5, 0x7E,
    0x13, 0xD7, 0xCE, 0x5B, 0x70, 0x75, 0xDF, 0x82, 0xAB, 0x6A, 0xE2, 0x7A, 0x0A, 0x57, 0x56, 0xA2,
    0x03, 0xBA, 0x92, 0xFE, 0xB6, 0xF1, 0x2F, 0xA0, 0x7B, 0xCE, 0x8F, 0x04, 0x03, 0xBE, 0xD4, 0xE7,
    0x06, 0xAD, 0xDC, 0x8F, 0xC8, 0x09, 0x55, 0x7A, 0x71, 0x08, 0x87, 0xEC, 0xD6, 0x3A, 0x61, 0xB7,
    0xEE, 0x93, 0x12, 0xA4, 0x2C, 0x41, 0x87, 0x46, 0x62, 0x57, 0x5F, 0xFC, 0x57, 0xCD, 0x1F, 0xC2,
    0xE2, 0xA3, 0x02, 0xAA, 0x74, 0xE6, 0x62, 0x4A, 0x5A, 0x2F, 0xA0, 0xE2, 0xD7, 0xD0, 0x27, 0x80,
    0x3F, 0xF5, 0x9C, 0x8C, 0x18, 0xDA, 0xFB, 0x4D, 0x70, 0x7D, 0x6E, 0x5E, 0x8D, 0xE2, 0x94, 0x9C,
    0x8C, 0xF5, 0xF0, 0x52, 0x7B, 0xC8, 0x53, 0xC2, 0x2A, 0xC8, 0x0B, 0x2D, 0x8C, 0x46, 0xC4, 0x0D,
    0x16, 0xEE, 0xEB, 0x82, 0x94, 0xFE, 0xAA, 0x60, 0x2C, 0xF9, 0x9A, 0xDC, 0xC2, 0x6A, 0x54, 0x22,
    0x71, 0x0A, 0x0A, 0x0E, 0xB6, 0xF9, 0x31, 0x9D, 0xEB, 0x7D, 0xA5, 0xC3, 0x60, 0x6C, 0x41, 0xCB,
    0xA0, 0x2C, 0xA8, 0xA8, 0x58, 0x26, 0x90, 0x27, 0xAE, 0xBC, 0x22, 0xAE, 0xBC, 0x3F, 0x7F, 0xAE,
    0x5C, 0x8F, 0xCA, 0x86, 0x1E, 0x4A, 0x14, 0xC0, 0x90, 0xE8, 0x3A, 0x32, 0xC0, 0x32, 0xFC, 0x79,
    0xFF, 0x32, 0xFC, 0x99, 0x95, 0x0F, 0xBF, 0x64, 0xAD, 0x7E, 0x38, 0x62, 0xE5, 0x16, 0x29, 0x8E,
    0x26, 0x80, 0xF4, 0x05, 0xBC, 0x7E, 0x57, 0xD4, 0x77, 0x52, 0x99, 0x93, 0x57, 0x1C, 0xEC, 0x3F,
    0xD3, 0xCF, 0xC9, 0xD1, 0xE9, 0x1E, 0x5D, 0x5F, 0xD4, 0x29, 0x5D, 0xA3, 0x2F, 0x2A, 0x6D, 0x1D,
    0x38, 0x78, 0x00, 0x35, 0x67, 0x84, 0x73, 0x2B, 0x1D, 0x9A, 0x1C, 0x20, 0x2D, 0x94, 0xD1, 0xB8,
    0x77, 0xA2, 0x0B, 0xCF, 0x39, 0xB1, 0x70, 0xE0, 0x49, 0x30, 0xAE, 0xB9, 0xB8, 0x0D, 0xDD, 0x07,
    0xEB, 0xAC, 0x5B, 0xEA, 0x01, 0x76, 0xEE, 0xA1, 0xE5, 0x49, 0x97, 0x4E, 0x45, 0x30, 0x11, 0x71,
    0x85, 0xEA, 0xA0, 0x48, 0xC3, 0x9A, 0x84, 0x58, 0x8F, 0x12, 0xB8, 0x7E, 0x6A, 0xE1, 0xD6, 0xC3,
    0xDF, 0x62, 0x68, 0x5D, 0x81, 0xC4, 0x1D, 0xBE, 0x3F, 0x45, 0x99, 0x65, 0xFC, 0xB9, 0x86, 0xAE,
    0xD6, 0x25, 0x41, 0x55, 0x23, 0x43, 0x34, 0x5A, 0xB4, 0xA3, 0x88, 0xEC, 0x47, 0x3C, 0x2C, 0x3B,
    0xBB, 0xC1, 0x7D, 0x8B, 0x9D, 0x83, 0x21, 0x4D, 0x7F, 0x5D, 0xA0, 0x81, 0x24, 0x15, 0x71, 0x43,
    0x63, 0x13, 0x78, 0x62, 0x36, 0x3B, 0xA9, 0xD1, 0xB7, 0xE6, 0x16, 0xFD, 0xA5, 0xDA, 0x99, 0x7A,
    0xB5, 0x19, 0x10, 0xFB, 0x2D, 0x41, 0x3F, 0xBA, 0x7C, 0xF4, 0xCB, 0xF0, 0x98, 0x8E, 0x31, 0x35,
    0x24, 0x56, 0xCC, 0xA2, 0xEE, 0xEE, 0xEF, 0xB0, 0x7C, 0xFE, 0x08, 0x5F, 0x0F, 0x5C, 0xA0, 0xDF,
    0x91, 0xE0, 0xB3, 0xF8, 0x64, 0x2E, 0xE8, 0xF9, 0x47, 0xA2, 0x47, 0x5E, 0x2B, 0xB3, 0x55, 0x32,
    0x73, 0x65, 0x67, 0x21, 0xD9, 0x88, 0xFF, 0x76, 0x8A, 0xCC, 0x30, 0x8A, 0x67, 0x8A, 0xFE, 0x98,
    0xB2, 0x7F, 0x03, 0x07, 0xB1, 0x74, 0x74, 0x8F, 0x47, 0xFE, 0xD5, 0x51, 0x8A, 0x34, 0xDC, 0xAD,
    0xD3, 0xB0, 0x95, 0x28, 0x78, 0xFD, 0xC0, 0x39, 0x1F, 0xDC, 0x67, 0x9A, 0x86, 0x97, 0x38, 0x0D,
    0xEF, 0x34, 0xD3, 0xB0, 0x45, 0xC4, 0x0E, 0x1F, 0xC2, 0xE1, 0x53, 0x0C, 0xC8, 0x40, 0x3E, 0x98,
    0xB9, 0xC3, 0x73, 0x2A, 0xC6, 0xD0, 0x13, 0x09, 0x28, 0x2D, 0x97, 0x7E, 0x3C, 0x1D, 0xDA, 0x39,
    0xCF, 0xC5, 0xE2, 0x17, 0xAC, 0x15, 0xDB, 0x96, 0x5B, 0xB3, 0xC5, 0xE4, 0x97, 0x1C, 0x6C, 0x4E,
    0xC8, 0xC5, 0xB1, 0xD6, 0x7A, 0xF4, 0xA9, 0xDE, 0xDD, 0x1D, 0x01, 0x8F, 0xF5, 0xB6, 0x58, 0x81,
    0xF8, 0x19, 0x09, 0xE2, 0x23, 0xBA, 0x59, 0x0B, 0x5E, 0x18, 0xE8, 0xDD, 0x3E, 0x86, 0x35, 0x2A,
    0xFF, 0x2D, 0xC5, 0xF8, 0x16, 0x79, 0x82, 0x57, 0xEB, 0x23, 0x98, 0xA0, 0x12, 0xBE, 0x88, 0x6F,
    0xB9, 0x4B, 0x8D, 0x7E, 0xF5, 0x74, 0x60, 0xA7, 0x68, 0x79, 0x03, 0x0D, 0xEA, 0x98, 0x31, 0xCD,
    0x79, 0x35, 0xC8, 0x57, 0x0A, 0xAC, 0xA2, 0xFA, 0x88, 0x47, 0x31, 0x78, 0xB5, 0x26, 0x69, 0x8E,
    0x87, 0xB1, 0x5B, 0xF7, 0x8D, 0xAB, 0x00, 0x57, 0x56, 0xB4, 0x09, 0x13, 0xA0, 0x20, 0x63, 0xBB,
    0xB8, 0xA3, 0xBB, 0x3D, 0x5E, 0x27, 0xE9, 0x1C, 0x8D, 0xB6, 0x18, 0x91, 0xCC, 0x68, 0xAF, 0x68,
    0x09, 0x33, 0xCB, 0x7F, 0x21, 0x16, 0x46, 0x44, 0x0E, 0xE4, 0x7F, 0x59, 0x81, 0xC2, 0x55, 0xDD,
    0xA8, 0xF1, 0xFC, 0xBB, 0x22, 0x29, 0x80, 0xAD, 0xB7, 0x91, 0x5C, 0x9F, 0x02, 0xE7, 0xE9, 0x90,
    0x94, 0xD5, 0xBB, 0x93, 0xD5, 0x39, 0x65, 0x5C, 0x17, 0x59, 0xAD, 0x8B, 0x3B, 0xED, 0xBA, 0xC8,
    0xC5, 0x61, 0x6A, 0x3D, 0xE6, 0x68, 0xE4, 0x1D, 0xD3, 0x3D, 0x5A, 0xF3, 0xA3, 0x8C, 0xBE, 0x74,
    0x5E, 0x27, 0xF4, 0x3B, 0x8A, 0xCF, 0x8A, 0xD5, 0xB9, 0x79, 0xDD, 0x36, 0xFD, 0x94, 0x5B, 0x49,
    0x6E, 0x91, 0xF5, 0x3C, 0xBF, 0x4D, 0x36, 0x6D, 0xE7, 0x1C, 0x2C, 0xFD, 0x64, 0xFA, 0xE4, 0xBC,
    0x50, 0xD7, 0xBB, 0x59, 0x52, 0xB0, 0x05, 0x64, 0xD9, 0xE0, 0x25, 0x9B, 0x4F, 0x0F, 0xE0, 0x75,
    0xDB, 0xA0, 0x64, 0x4E, 0x74, 0x55, 0x00, 0x2B, 0xD7, 0x53, 0xC2, 0x59, 0x64, 0x95, 0x01, 0x12,
    0x01, 0x67, 0x55, 0xF9, 0x7E, 0x59, 0x4B, 0x94, 0xFA, 0xC5, 0x90, 0xEF, 0xE0, 0x14, 0xBF, 0x77,
    0x81, 0xF8, 0x59, 0x35, 0x7E, 0x02, 0x8F, 0x9B, 0xCA, 0x2C, 0x45, 0x55, 0x70, 0x4B, 0x4A, 0x1A,
    0x82, 0x5F, 0x76, 0xB5, 0xF0, 0x5B, 0xAA, 0x99, 0x90, 0x10, 0x82, 0x60, 0xB2, 0xFE, 0x33, 0x4B,
    0xFC, 0xDE, 0x0C, 0x7D, 0x12, 0xC4, 0x24, 0xDB, 0x2E, 0x16, 0x18, 0xCA, 0x1A, 0x32, 0x20, 0x9B,
    0x55, 0xFF, 0x7B, 0x87, 0x91, 0x7C, 0x86, 0x31, 0xB9, 0x61, 0x1B, 0xC9, 0x02, 0x48, 0x16, 0xE8,
    0xA9, 0x57, 0x8B, 0x2D, 0x88, 0x35, 0x88, 0x5B, 0x95, 0x1E, 0xCB, 0x10, 0x6B, 0xA5, 0xD0, 0xBB,
    0x3D, 0x20, 0x59, 0x34, 0xAF, 0x95, 0x62, 0x79, 0x02, 0x49, 0xC1, 0x2F, 0x80, 0xE8, 0x88, 0x78,
    0x33, 0x61, 0x0C, 0xEB, 0x31, 0x6E, 0x46, 0xD5, 0xC2, 0xC5, 0x8E, 0xD8, 0x1D, 0x7D, 0xB8, 0xE3,
    0x2A, 0xE0, 0xC4, 0x5D, 0xEE, 0x59, 0xE0, 0xFC, 0xCB, 0x89, 0x70, 0x7A, 0x93, 0xEE, 0x48, 0xCE,
    0x21, 0xED, 0x90, 0x1F, 0x73, 0xAC, 0xFB, 0xDC, 0x1A, 0xD5, 0x09, 0x0D, 0xEA, 0xC5, 0xF0, 0xC9,
    0x43, 0x78, 0x47, 0xC8, 0x60, 0x5F, 0xBB, 0x1A, 0x73, 0xFA, 0x0B, 0x56, 0x44, 0xE9, 0x6C, 0x95,
    0x57, 0xA4, 0x3C, 0x04, 0x45, 0x9F, 0x56, 0x36, 0x96, 0x5C, 0xE1, 0x5E, 0x96, 0x4F, 0x2E, 0xCA,
    0x0C, 0x49, 0x2B, 0xD4, 0x06, 0x67, 0x9E, 0xC9, 0x97, 0x43, 0x58, 0x84, 0x1E, 0x80, 0xD4, 0x1B,
    0x24, 0x7D, 0xB8, 0xE3, 0x1D, 0x38, 0xC3, 0xC0, 0xAE, 0xE0, 0x0C, 0xCD, 0x52, 0x75, 0x66, 0xF3,
    0xFC, 0x04, 0x8A, 0xA3, 0x76, 0x50, 0xFE, 0xB5, 0xB4, 0xAC, 0x94, 0x19, 0x8D, 0xEF, 0xCA, 0xFB,
    0x79, 0xBA, 0x3E, 0xD5, 0xAF, 0xAC, 0x82, 0xCE, 0xF2, 0xE6, 0x16, 0xB8, 0x9D, 0x05, 0xD9, 0xB5,
    0x01, 0x9D, 0xEF, 0x09, 0x2F, 0x59, 0x25, 0x2B, 0x6F, 0xEC, 0xD4, 0xEC, 0x81, 0xBD, 0xB2, 0xC6,
    0x4F, 0x73, 0x70, 0xD9, 0xFF, 0xFB, 0xDE, 0x1C, 0x85, 0xCC, 0xCE, 0xCF, 0x51, 0xBD, 0x31, 0x46,
    0x05, 0xD9, 0xBA, 0x7C, 0xE3, 0xEF, 0x0C, 0x28, 0x99, 0xB7, 0xDD, 0xDE, 0x21, 0xE3, 0x79, 0x12,
    0x88, 0xCE, 0x9B, 0xEF, 0xA2, 0x73, 0xD3, 0x16, 0xED, 0x96, 0x3F, 0x11, 0xF7, 0x87, 0x83, 0x52,
    0xF0, 0x8F, 0xCD, 0x14, 0x0B, 0x6F, 0x76, 0x04, 0xF8, 0x50, 0x9F, 0x5C, 0x2C, 0x4E, 0x42, 0x50,
    0x14, 0x3F, 0xC1, 0x6A, 0xC7, 0x4B, 0xB1, 0xA8, 0x74, 0x73, 0xB3, 0xE5, 0x04, 0xE7, 0x72, 0x06,
    0x23, 0xF1, 0xB8, 0x86, 0x1C, 0x36, 0xAF, 0x98, 0x7B, 0x44, 0xE6, 0xE6, 0x59, 0xD3, 0x8E, 0x69,
    0xD3, 0x93, 0xF6, 0x4D, 0x5F, 0xA6, 0x5F, 0xEA, 0x88, 0x0E, 0x8E, 0xE8, 0x63, 0x74, 0x3B, 0xFD,
    0x12, 0xC8, 0x3F, 0x64, 0x78, 0x74, 0x9C, 0x72, 0x2F, 0xB2, 0x5D, 0xC1, 0x4D, 0x72, 0x9F, 0x5D,
    0xF8, 0x72, 0x27, 0x8C, 0xB1, 0xCE, 0x42, 0x80, 0x4F, 0x26, 0x84, 0x7C, 0x21, 0xB7, 0xC8, 0xCD,
    0xF2, 0x98, 0x9B, 0x71, 0x03, 0xD2, 0x94, 0x34, 0x7A, 0x7A, 0xBA, 0x8E, 0xF9, 0x50, 0x13, 0x76,
    0x61, 0xEC, 0xE5, 0x6E, 0x52, 0x93, 0xB3, 0x5F, 0x79, 0xC8, 0x85, 0xD5, 0xBB, 0x27, 0xB2, 0xFA,
    0x89, 0xDD, 0xCE, 0x0B, 0x85, 0xDE, 0xAB, 0x4B, 0x86, 0x42, 0x58, 0x29, 0x78, 0x01, 0xD5, 0xF4,
    0x50, 0x86, 0xB8, 0x2D, 0x75, 0x44, 0x14, 0x77, 0xAE, 0xCD, 0x09, 0xBA, 0x15, 0xBE, 0xE2, 0xB2,
    0x49, 0xB5, 0x33, 0xF7, 0x10, 0xD5, 0xDA, 0xBD, 0x32, 0x70, 0x77, 0x0C, 0x8F, 0x48, 0xC8, 0x4A,
    0x28, 0x9B, 0x09, 0xCE, 0x8E, 0xD9, 0xB9, 0x48, 0xA9, 0x26, 0xB6, 0xD4, 0x33, 0x9B, 0x75, 0x06,
    0xE7, 0x4C, 0x70, 0x36, 0xDB, 0x2B, 0xF3, 0x81, 0xF3, 0x52, 0xED, 0xB9, 0xDB, 0x75, 0xC5, 0x59,
    0x66, 0xA1, 0xF5, 0x7D, 0x56, 0xD1, 0xDF, 0xD9, 0xE3, 0x3C, 0x59, 0xCF, 0x93, 0x14, 0x60, 0xF5,
    0x85, 0x82, 0x78, 0xC2, 0x41, 0x7E, 0x0F, 0xB6, 0x31, 0xCC, 0x00, 0x42, 0x77, 0x0E, 0x7D, 0x7B,
    0x1A, 0x51, 0x76, 0x4A, 0xA2, 0x6C, 0x65, 0x15, 0x51, 0x6E, 0x02, 0x9F, 0xCF, 0x06, 0x78, 0x21,
    0xCA, 0x4C, 0x2E, 0x99, 0x29, 0xD3, 0xED, 0x31, 0x55, 0x2E, 0xC9, 0xB2, 0xF0, 0x3E, 0x43, 0x97,
    0xF9, 0x82, 0x6B, 0x20, 0x0F, 0xE7, 0x01, 0x72, 0x94, 0x96, 0x2D, 0x9D, 0xDD, 0x27, 0xFB, 0xAE,
    0xCE, 0x9A, 0x8C, 0x5A, 0xB6, 0xA2, 0xDD, 0xCB, 0x72, 0x73, 0xCB, 0x74, 0x20, 0x21, 0x24, 0x1E,
    0x52, 0xDB, 0x9D, 0x69, 0xBE, 0xDC, 0xF9, 0x14, 0xDC, 0x43, 0xA5, 0x2D, 0x72, 0x10, 0x60, 0x46,
    0x3F, 0xC4, 0xB1, 0x96, 0x81, 0x5D, 0xC2, 0xAE, 0xA8, 0xCD, 0xBC, 0x2F, 0x97, 0xAD, 0x98, 0x13,
    0x4D, 0x26, 0x2A, 0x2A, 0x99, 0xA9, 0xCE, 0x90, 0x36, 0xB8, 0x81, 0x48, 0x0D, 0x90, 0xE6, 0xD5,
    0xB0, 0x9A, 0xC8, 0x9F, 0x6C, 0xD0, 0x3E, 0x3B, 0xD8, 0x88, 0xC9, 0x32, 0x1B, 0x29, 0x4B, 0x01,
    0x96, 0x16, 0xE0, 0x62, 0x63, 0xA4, 0xC8, 0x1B, 0x1B, 0x29, 0x3B, 0xB3, 0x91, 0xB2, 0xE9, 0x46,
    0x7A, 0x76, 0x82, 0x91, 0x54, 0x6D, 0x85, 0x20, 0xA9, 0xD6, 0x25, 0xE0, 0x09, 0x56, 0x2E, 0x8B,
    0x74, 0x2B, 0x25, 0xC7, 0x8C, 0x5A, 0x84, 0x2A, 0x8B, 0xA9, 0xFE, 0xA1, 0x4A, 0x19, 0xB4, 0x97,
    0x09, 0xE3, 0xAF, 0xCF, 0x15, 0xFF, 0xF2, 0x14, 0x80, 0xD9, 0x55, 0x28, 0x2A, 0x84, 0x01, 0x6E,
    0x02, 0x70, 0x55, 0x36, 0x47, 0xE0, 0x2E, 0x99, 0xC5, 0x49, 0xB5, 0xF0, 0x93, 0x4A, 0x92, 0x90,
    0x16, 0xB3, 0x93, 0x98, 0x63, 0xE7, 0xE2, 0xF6, 0x2C, 0xC1, 0xE5, 0x75, 0xF6, 0x98, 0x67, 0x9B,
    0x09, 0xC8, 0x9D, 0x6E, 0x60, 0x43, 0x06, 0xE0, 0xBA, 0x51, 0x03, 0xDC, 0x90, 0xC1, 0x5D, 0xAC,
    0xC0, 0x4D, 0x33, 0x01, 0x37, 0xBA, 0x6A, 0xE1, 0x45, 0x80, 0x74, 0xAB, 0x42, 0x58, 0xC9, 0xB3,
    0x45, 0xEC, 0x33, 0xB8, 0x56, 0x3A, 0x4B, 0x70, 0xAD, 0x1D, 0x18, 0xDC, 0x47, 0x0D, 0x9D, 0xD6,
    0x82, 0x28, 0xDF, 0xA0, 0x7B, 0xCE, 0xEB, 0xE7, 0x03, 0x94, 0xD1, 0xEF, 0xCE, 0x8F, 0xCF, 0xF6,
    0xE9, 0x16, 0x0F, 0x2A, 0x59, 0x25, 0xFB, 0x0F, 0x48, 0x8B, 0xD4, 0xCF, 0x99, 0x5C, 0xF9, 0xDF,
    0xD7, 0x11, 0x7A, 0x56, 0x9E, 0x4A, 0x32, 0xE9, 0xB9, 0x2B, 0xD9, 0x53, 0x9C, 0x37, 0xBF, 0x3C,
    0xE5, 0xAE, 0xA3, 0x75, 0x19, 0xB0, 0x9E, 0x9C, 0xDD, 0x50, 0x58, 0xD1, 0x3A, 0x79, 0xAA, 0x5F,
    0x51, 0x3C, 0x8A, 0xF8, 0x69, 0x54, 0x6A, 0x67, 0xF0, 0x51, 0xC8, 0x07, 0x8E, 0x46, 0xF2, 0x3A,
    0x03, 0x07, 0x1B, 0x71, 0xBE, 0x45, 0xA3, 0x9C, 0xC7, 0x53, 0x23, 0x91, 0x65, 0x48, 0xE7, 0xF0,
    0x37, 0xA2, 0xAA, 0x94, 0xC9, 0x50, 0xC6, 0x15, 0xEE, 0xB9, 0xB0, 0x31, 0x65, 0x07, 0xA8, 0xCC,
    0xD3, 0x5E, 0x31, 0xE5, 0xC3, 0x7C, 0xB7, 0x81, 0xD3, 0xBF, 0x43, 0xE6, 0x7E, 0xC1, 0x50, 0xC5,
    0x40, 0xC9, 0x7B, 0x1F, 0x51, 0x50, 0x27, 0xB3, 0x46, 0x4A, 0x67, 0x4A, 0xEB, 0xBF, 0x67, 0x14,
    0x6B, 0x97, 0xED, 0x75, 0xE0, 0xB6, 0x8A, 0x8E, 0x42, 0x13, 0xA4, 0x8A, 0x34, 0x16, 0x86, 0x3A,
    0xEC, 0x18, 0x27, 0x30, 0x6A, 0x55, 0xAC, 0xDA, 0xA7, 0xF1, 0x36, 0xD3, 0xB8, 0xAC, 0x37, 0x7E,
    0xCD, 0xB5, 0x81, 0xE4, 0x70, 0x95, 0x0E, 0x27, 0x37, 0x01, 0xCA, 0x51, 0xDF, 0x6A, 0x0D, 0xD4,
    0x58, 0x88, 0x60, 0x21, 0xBA, 0x18, 0x0B, 0x99, 0xE9, 0xEA, 0x64, 0x0D, 0xB6, 0xCD, 0x04, 0x08,
    0x93, 0x92, 0xE3, 0x0D, 0xDC, 0x04, 0xCB, 0xAE, 0x9C, 0x1A, 0x47, 0xED, 0x55, 0xCA, 0xF0, 0x73,
    0x4B, 0x91, 0xC0, 0xFF, 0x8A, 0xE6, 0x08, 0x7E, 0xF9, 0x30, 0xA3, 0x31, 0x33, 0x40, 0x76, 0x05,
    0xC9, 0x0F, 0x57, 0xE4, 0x60, 0x19, 0x3C, 0x72, 0x9F, 0x02, 0xB9, 0xD1, 0x6B, 0x54, 0x8E, 0x3E,
    0x93, 0x27, 0x1F, 0x50, 0x77, 0xC8, 0x18, 0x92, 0x98, 0x82, 0x04, 0xD9, 0xB3, 0x49, 0x98, 0x85,
    0xC4, 0x2E, 0x64, 0x0C, 0x03, 0xCB, 0xA0, 0x70, 0x7F, 0x00, 0x49, 0x3F, 0x31, 0x3A, 0xF7, 0xCB,
    0xC3, 0x16, 0xA6, 0xFE, 0xE7, 0x67, 0x12, 0x30, 0x2D, 0x63, 0x1B, 0xFA, 0xD5, 0x87, 0x62, 0x1B,
    0xB3, 0x9A, 0xF0, 0xA3, 0x71, 0x62, 0x30, 0x87, 0x60, 0xAD, 0x01, 0x36, 0x3C, 0x68, 0x4B, 0x6C,
    0x73, 0x53, 0x6C, 0xB3, 0x70, 0x05, 0x6C, 0x53, 0x4E, 0x9B, 0xF2, 0x88, 0xBF, 0x5D, 0x86, 0xAD,
    0xC0, 0x24, 0xB3, 0xEB, 0xC6, 0x36, 0xBD, 0x0F, 0x67, 0xDE, 0x8C, 0xE3, 0x96, 0x09, 0x5C, 0x26,
    0x72, 0x71, 0xA3, 0x2B, 0x12, 0xBB, 0x3A, 0x12, 0xBC, 0x02, 0x89, 0x5E, 0xD3, 0x6D, 0x43, 0x33,
    0xB4, 0xCD, 0x37, 0x52, 0xEC, 0x62, 0x42, 0xF4, 0x23, 0xB6, 0x92, 0xFD, 0xC7, 0x7C, 0xD9, 0xC6,
    0xEE, 0x52, 0x7F, 0xC0, 0x46, 0xF9, 0x88, 0x23, 0xDC, 0x49, 0x46, 0x39, 0x98, 0x1F, 0xA3, 0xB8,
    0x29, 0xB6, 0x1C, 0xD7, 0x07, 0x1F, 0xB3, 0xBC, 0xB7, 0xF6, 0x63, 0x36, 0xC4, 0x63, 0xBF, 0xC7,
    0x86, 0xD8, 0xB1, 0xF3, 0xA0, 0x61, 0x82, 0xCA, 0x10, 0x6A, 0x83, 0x16, 0xBE, 0xA3, 0xB8, 0x9A,
    0x24, 0x4F, 0x67, 0x32, 0x49, 0x4A, 0x72, 0x57, 0x53, 0x91, 0x0F, 0x6B, 0x3E, 0x9C, 0x9E, 0x67,
    0x11, 0x49, 0x10, 0xAB, 0x4E, 0x2D, 0x4F, 0xB3, 0x0F, 0x32, 0x3D, 0x26, 0x8A, 0x25, 0xF6, 0x51,
    0xF1, 0x8C, 0xEC, 0xD3, 0x26, 0x68, 0x86, 0x97, 0xB5, 0x64, 0x67, 0xFC, 0xB3, 0x03, 0x7B, 0xD8,
    0xA0, 0x68, 0x26, 0x1D, 0x99, 0x23, 0x8F, 0xED, 0x1F, 0xFE, 0x80, 0x9D, 0xE5, 0x1E, 0xB6, 0x38,
    0x1F, 0xBB, 0xFA, 0x95, 0x2D, 0x3B, 0xA7, 0x80, 0x7A, 0x88, 0x0A, 0x00, 0x4C, 0x1F, 0x4B, 0xE9,
    0xBA, 0x2B, 0x75, 0xBC, 0x4E, 0x82, 0xE2, 0xA9, 0x9F, 0x7A, 0x72, 0xFC, 0x76, 0x45, 0x56, 0x1E,
    0x6B, 0x52, 0xD6, 0xC6, 0xCF, 0x77, 0xD4, 0xB1, 0xB4, 0xAF, 0xC5, 0x89, 0xBA, 0x46, 0x9F, 0xE8,
    0x9D, 0xE4, 0x2F, 0xF5, 0x11, 0xFE, 0x94, 0x1D, 0x70, 0x39, 0x2C, 0x2E, 0x09, 0x5F, 0x52, 0x8B,
    0xA1, 0x9C, 0x0F, 0x6B, 0xBA, 0x69, 0x87, 0x6F, 0xB2, 0xCC, 0x44, 0x17, 0x9B, 0x47, 0xE1, 0xB7,
    0x07, 0xFC, 0x80, 0x8D, 0xF5, 0x95, 0x13, 0x32, 0xA6, 0x1E, 0xA9, 0x02, 0x3F, 0x04, 0x90, 0x03,
    0x20, 0x31, 0x56, 0xDA, 0x9D, 0xF0, 0x3E, 0xFA, 0xDB, 0xC3, 0xFA, 0x88, 0x87, 0xE6, 0xBD, 0xE0,
    0x4E, 0xDC, 0xFF, 0xE0, 0x5C, 0xE7, 0x7F, 0x59, 0x09, 0x5B, 0xD7, 0x25, 0xB2, 0xE3, 0x7A, 0x4B,
    0xE1, 0x41, 0x8D, 0x5B, 0x5E, 0x17, 0xFF, 0xF8, 0x81, 0xEE, 0xD7, 0xF0, 0xC4, 0x7F, 0x55, 0x25,
    0x4F, 0x73, 0x34, 0xA8, 0x09, 0x67, 0x21, 0x70, 0x1E, 0x0B, 0x9C, 0xBA, 0x09, 0x67, 0xD4, 0x80,
    0x33, 0x9B, 0x05, 0x9C, 0xEF, 0x78, 0xBE, 0xF4, 0x4D, 0x30, 0xDD, 0x1A, 0xCC, 0x9B, 0x53, 0xC0,
    0xCC, 0x2B, 0x30, 0x5F, 0xB6, 0xC0, 0xB4, 0xA6, 0x81, 0xB9, 0x2A, 0xC5, 0x8E, 0x09, 0x30, 0x0B,
    0x06, 0xF3, 0xD7, 0x9A, 0xC1, 0x64, 0xFC, 0xE3, 0x21, 0x0B, 0x06, 0x13, 0x26, 0xBF, 0x1E, 0xD6,
    0x67, 0xBD, 0xAB, 0xDF, 0x06, 0x6C, 0x8D, 0xBD, 0xD8, 0x4E, 0xE7, 0xC2, 0x97, 0xCD, 0x4B, 0x9C,
    0x48, 0x8E, 0xCB, 0x6E, 0x26, 0xF5, 0x4A, 0x22, 0xA9, 0x7E, 0xDE, 0xF9, 0x19, 0xBD, 0xCD, 0xA1,
    0x37, 0x61, 0x03, 0x07, 0x36, 0xF0, 0x42, 0x84, 0x0A, 0xD8, 0x60, 0x05, 0x80, 0xAE, 0x55, 0x36,
    0x00, 0x9A, 0x9D, 0x10, 0x36, 0xC0, 0xCF, 0x28, 0x3D, 0x94, 0x3E, 0xDC, 0x7F, 0x9E, 0x97, 0x43,
    0x93, 0x7A, 0x82, 0x2A, 0x11, 0xC7, 0xA0, 0xDB, 0xAC, 0xA5, 0x97, 0xF0, 0x03, 0xB7, 0xAC, 0xD7,
    0xFC, 0xCD, 0xE7, 0xA6, 0xF4, 0x7A, 0xE5, 0xD1, 0x77, 0x33, 0x15, 0xD2, 0x4A, 0xC1, 0x11, 0xE3,
    0x76, 0xE0, 0x72, 0xFA, 0x75, 0x19, 0x86, 0x25, 0xF5, 0x64, 0xEA, 0x9C, 0xB8, 0x22, 0x41, 0xE4,
    0x7F, 0x8D, 0x54, 0xB1, 0x6E, 0xDB, 0x30, 0x10, 0x7D, 0x22, 0x9B, 0x68, 0x10, 0x10, 0x75, 0xC8,
    0x56, 0xA4, 0xCE, 0x98, 0x02, 0xAD, 0xBD, 0x76, 0x70, 0x22, 0x6E, 0x1D, 0xBA, 0x78, 0xE8, 0x5F,
    0x74, 0x68, 0x87, 0x0C, 0x19, 0x6C, 0x58, 0x9F, 0x50, 0x64, 0xE8, 0xDC, 0x4F, 0xE8, 0x90, 0xC1,
    0x83, 0x61, 0x73, 0xEA, 0xAC, 0x2C, 0x9D, 0x39, 0xE4, 0x03, 0x38, 0x68, 0x50, 0x01, 0x49, 0xEC,
    0x1D, 0x29, 0xC9, 0x4E, 0xE0, 0x16, 0x11, 0xC4, 0xE3, 0x23, 0xC5, 0x7B, 0xF7, 0x78, 0x3C, 0x0A,
    0x80, 0x73, 0x9A, 0x5E, 0xEC, 0x01, 0x42, 0xE1, 0x79, 0x8A, 0x87, 0x61, 0xDD, 0x75, 0x87, 0x27,
    0x67, 0xD2, 0x8C, 0x30, 0xC5, 0x1D, 0x1A, 0xB8, 0x9C, 0x48, 0x75, 0x86, 0x54, 0x67, 0x36, 0xB3,
    0x13, 0x1B, 0xDB, 0xC8, 0x48, 0x3D, 0x52, 0x6B, 0xCC, 0x0E, 0xCE, 0xD1, 0x4B, 0xDE, 0xE4, 0xAF,
    0x98, 0x81, 0x39, 0x98, 0xC5, 0xF3, 0x78, 0xA6, 0xC0, 0xC6, 0x7C, 0xC1, 0x3B, 0x30, 0x30, 0x07,
    0xB3, 0x30, 0x0F, 0x33, 0x31, 0x17, 0xB3, 0xCD, 0x9E, 0xBD, 0x0E, 0xD2, 0x00, 0x89, 0x0D, 0x2D,
    0xB6, 0x61, 0x2C, 0x0B, 0x6A, 0x1A, 0xDB, 0xEF, 0xBF, 0x5A, 0xDE, 0x18, 0xF7, 0x61, 0xCE, 0x84,
    0x35, 0xB1, 0x7D, 0xEC, 0x33, 0x34, 0xB3, 0xE7, 0x5F, 0x0C, 0x3C, 0x10, 0x7B, 0x2D, 0xD2, 0xFF,
    0x8F, 0x79, 0xDB, 0xC7, 0xFC, 0xBD, 0x17, 0xD3, 0x1C, 0x88, 0xB9, 0x8B, 0x35, 0xF8, 0xDC, 0xB2,
    0x4E, 0x8D, 0x47, 0x5A, 0x7B, 0x1F, 0x1A, 0x27, 0x26, 0xAB, 0xB7, 0x61, 0x65, 0x9B, 0xD5, 0x89,
    0x19, 0x03, 0xAB, 0x6D, 0x2E, 0x5A, 0xA7, 0xA5, 0xE3, 0x9E, 0xC7, 0x63, 0x08, 0x83, 0x31, 0xB6,
    0x79, 0x52, 0x91, 0x71, 0x3A, 0xAD, 0xE1, 0x74, 0x37, 0xEA, 0xBE, 0xE1, 0x13, 0xFA, 0x27, 0x76,
    0x0A, 0x38, 0xF6, 0x70, 0xF4, 0x91, 0x82, 0x9E, 0x78, 0x78, 0x25, 0x28, 0xDE, 0xD4, 0xC3, 0x79,
    0x54, 0x02, 0xD7, 0x1E, 0xAE, 0x51, 0x01, 0xC6, 0xC3, 0x9A, 0xA0, 0xD4, 0x1D, 0xAC, 0x91, 0x60,
    0x80, 0x67, 0x18, 0x16, 0x4C, 0x77, 0xF0, 0xA7, 0xF8, 0x06, 0xBC, 0x21, 0x86, 0x32, 0x2A, 0x26,
    0x0D, 0x84, 0x2B, 0xE6, 0x91, 0x95, 0xF9, 0x62, 0xA4, 0xE2, 0xFB, 0x72, 0x2C, 0x4C, 0x8A, 0x2A,
    0xD1, 0x69, 0xBE, 0x4E, 0x3F, 0xE8, 0x77, 0xC2, 0xC6, 0xC5, 0x04, 0x0B, 0xD1, 0xE0, 0x46, 0x5A,
    0x69, 0x32, 0x5C, 0x11, 0x89, 0x1D, 0xA0, 0xD0, 0x04, 0x2D, 0x57, 0x12, 0x62, 0x35, 0xC0, 0x13,
    0x0C, 0x0B, 0xA6, 0x3B, 0x78, 0x07, 0x61, 0x25, 0x91, 0x5D, 0x7A, 0xDD, 0x36, 0xD6, 0x29, 0xE6,
    0x5E, 0xF7, 0x2A, 0xC9, 0x93, 0x7C, 0xE5, 0x75, 0x5F, 0x8E, 0x20, 0xEF, 0xAD, 0xD7, 0x9D, 0xD0,
    0x56, 0xB7, 0x0A, 0x2F, 0x86, 0xEC, 0xAC, 0x9B, 0xA6, 0xA9, 0xEB, 0xCA, 0x5A, 0x53, 0xA8, 0xB5,
    0xB0, 0x8D, 0x2C, 0xC3, 0x5B, 0x4B, 0x4B, 0x6F, 0x25, 0x8D, 0x95, 0x9A, 0x5E, 0x23, 0xF3, 0x42,
    0x2A, 0x15, 0x91, 0x38, 0x20, 0x55, 0x14, 0x2E, 0xAA, 0xF8, 0x78, 0x27, 0x54, 0x0D, 0xBC, 0x7F,
    0xB4, 0x40, 0x96, 0x23, 0x29, 0x20, 0x28, 0xC2, 0x9C, 0x52, 0x4D, 0xA7, 0x49, 0x79, 0xC7, 0x79,
    0x3F, 0xEA, 0x3E, 0x85, 0x75, 0xA9, 0x0E, 0x9E, 0x81, 0xC4, 0xF3, 0xE1, 0xAB, 0xD7, 0x73, 0x4A,
    0xB7, 0x6C, 0x03, 0x51, 0x39, 0xC8, 0x7A, 0xBF, 0xF1, 0x5C, 0xDF, 0x16, 0x88, 0x4A, 0x6E, 0x94,
    0x7D, 0xFB, 0xB4, 0x5D, 0x00, 0x3F, 0x98, 0x03, 0x7B, 0x0F, 0xD7, 0x04, 0x97, 0x07, 0x57, 0x0A,
    0xF7, 0xBE, 0x46, 0xE8, 0x79, 0xC9, 0xE6, 0x3D, 0x1B, 0xAA, 0x05, 0x44, 0x54, 0x1B, 0x90, 0x39,
    0x99, 0x94, 0xA7, 0xDE, 0xB2, 0xB9, 0xEE, 0x3F, 0xF2, 0xAD, 0xA0, 0xC3, 0x40, 0x57, 0x3E, 0xFE,
    0xDC, 0xEF, 0xD8, 0x89, 0x89, 0x7C, 0x99, 0xF8, 0x02, 0x39, 0x7B, 0x1E, 0xE3, 0xB9, 0x57, 0xA5,
    0x20, 0x1E, 0x80, 0x65, 0x89, 0x84, 0x2A, 0x74, 0xD9, 0x52, 0x47, 0xF9, 0x74, 0x5A, 0xF0, 0x9F,
    0xEB, 0xB3, 0xC1, 0xF1, 0x26, 0xC4, 0xA0, 0xEC, 0xE0, 0x86, 0x82, 0xE7, 0x3E, 0x2C, 0xC7, 0xEA,
    0x3A, 0x5A, 0x46, 0x79, 0x7C, 0x55, 0x22, 0xDA, 0x2A, 0xC1, 0xBE, 0x2D, 0x52, 0x62, 0x72, 0x25,
    0x46, 0x0F, 0x88, 0x5A, 0xE5, 0x3D, 0x4B, 0xF4, 0x5D, 0xA2, 0x3C, 0x9D, 0xE8, 0xE3, 0x1F, 0x78,
    0x12, 0x8A, 0xB1, 0x02, 0x26, 0x06, 0x82, 0xCF, 0xC9, 0x42, 0xBA, 0x61, 0xD4, 0x7D, 0x3B, 0xF2,
    0x67, 0x94, 0xD1, 0xB6, 0x37, 0x58, 0x36, 0xF4, 0x77, 0x45, 0xE6, 0x72, 0xB2, 0x47, 0xDB, 0x02,
    0xCE, 0xEF, 0x9B, 0xED, 0x0D, 0x36, 0x3E, 0x4B, 0x3B, 0xBB, 0xC6, 0x82, 0xF6, 0x50, 0x91, 0x8D,
    0x9C, 0xA5, 0xB9, 0x94, 0xBC, 0xA6, 0x2C, 0x94, 0xB1, 0xDA, 0x59, 0x56, 0x79, 0xE1, 0x45, 0x9E,
    0xFE, 0x43, 0xE0, 0x98, 0x15, 0xD1, 0x4D, 0x27, 0x79, 0x74, 0xED, 0x03, 0x0E, 0xF3, 0xA7, 0x88,
    0x14, 0xEB, 0x1A, 0x55, 0xAC, 0x6B, 0xC2, 0xB9, 0xA0, 0x38, 0x86, 0x6C, 0xF4, 0xA5, 0xF2, 0xBA,
    0x82, 0x96, 0xD7, 0xDE, 0xA6, 0x9D, 0x25, 0x5D, 0x98, 0xB0, 0x8D, 0x5A, 0xCE, 0xEC, 0xB2, 0xE6,
    0xEB, 0x45, 0x5E, 0x53, 0xC4, 0x7F, 0xFC, 0x55, 0x2B, 0x7A, 0x4B, 0xBA, 0x0A, 0xAF, 0x2B, 0x3F,
    0x94, 0xBC, 0x50, 0x55, 0xFE, 0x37, 0x04, 0xFF, 0x4F, 0xEA, 0x70, 0x98, 0xFF, 0x0B, 0x95, 0x95,
    0x31, 0x6F, 0xDD, 0x54, 0x14, 0xC7, 0x8F, 0x7D, 0xD5, 0x5A, 0x8A, 0xA1, 0x9E, 0x90, 0xA8, 0x54,
    0xE4, 0xA5, 0x03, 0xA2, 0xAD, 0xDC, 0xA1, 0x03, 0x43, 0x1B, 0x5B, 0xCA, 0xC0, 0x08, 0x03, 0x99,
    0x59, 0xBA, 0xD0, 0x0C, 0x2F, 0x1F, 0x00, 0xB0, 0x45, 0x66, 0x44, 0x07, 0x3E, 0xC0, 0x1B, 0x32,
    0x04, 0x67, 0x78, 0x1D, 0x3B, 0xC0, 0xB3, 0x69, 0x87, 0x4C, 0xF0, 0x1C, 0xBE, 0x40, 0x2C, 0x91,
    0x05, 0x2A, 0x94, 0x0B, 0x7A, 0x12, 0x4E, 0xB1, 0xEF, 0xE5, 0xFF, 0xBF, 0xC9, 0xCB, 0x4B, 0xD3,
    0x56, 0x15, 0x96, 0xEE, 0x4F, 0xF6, 0x3D, 0xF7, 0x9C, 0x7B, 0xEE, 0x39, 0xE7, 0x1E, 0x8B, 0x6C,
    0x3E, 0x12, 0x91, 0xCD, 0x31, 0xF0, 0xA8, 0x05, 0x2A, 0x20, 0x34, 0x83, 0x48, 0xBE, 0x7F, 0x50,
    0x78, 0xC3, 0xFE, 0xAC, 0x51, 0xFA, 0xC9, 0xAC, 0x8D, 0xF6, 0x9F, 0xEC, 0x35, 0xF1, 0x4F, 0x4F,
    0x0B, 0x49, 0xBF, 0x06, 0x72, 0x7F, 0x2B, 0x93, 0x4A, 0x39, 0xAC, 0x89, 0x18, 0xF5, 0x11, 0x11,
    0x00, 0x41, 0x48, 0xAC, 0x00, 0xE1, 0x15, 0x58, 0x5B, 0x79, 0x1B, 0x96, 0xAE, 0x00, 0xE9, 0x37,
    0x6F, 0x01, 0x3F, 0x5F, 0x8B, 0xB3, 0xB8, 0xBF, 0x96, 0x16, 0x61, 0x7F, 0x33, 0xCF, 0x94, 0x79,
    0x7F, 0x8A, 0x35, 0xA6, 0x13, 0x49, 0xEC, 0x43, 0x91, 0x0F, 0xEF, 0xC0, 0x81, 0x3B, 0xB7, 0x89,
    0x4D, 0xE0, 0x36, 0x11, 0x1A, 0x18, 0x38, 0x6A, 0xBC, 0x41, 0xCD, 0xD5, 0xDC, 0xEF, 0x03, 0xED,
    0x0D, 0x51, 0x2B, 0x1C, 0x5F, 0x60, 0x08, 0x47, 0x88, 0x31, 0x79, 0x5E, 0x16, 0xD6, 0xDA, 0xDA,
    0xD7, 0xD0, 0x99, 0x9F, 0x0C, 0x7E, 0x97, 0xA6, 0x2C, 0x04, 0x73, 0x1E, 0x86, 0xC2, 0xBA, 0xA0,
    0x86, 0x0E, 0xC4, 0xB9, 0x5D, 0x3E, 0x55, 0x17, 0xD9, 0x7E, 0xD4, 0xAF, 0xD8, 0x4E, 0x0D, 0x10,
    0x2A, 0xBB, 0x44, 0x01, 0x1C, 0xD4, 0xC0, 0xAC, 0x01, 0xF6, 0x74, 0x24, 0x15, 0x14, 0xFA, 0x8D,
    0x67, 0x66, 0xB2, 0xA3, 0xEA, 0x1E, 0x73, 0xB5, 0x89, 0x64, 0xE3, 0x0F, 0x3B, 0xD9, 0x71, 0x02,
    0x55, 0xC7, 0xDF, 0x62, 0x2E, 0x9A, 0x01, 0xC1, 0x11, 0x00, 0x3B, 0xAA, 0xF6, 0x09, 0x71, 0xA8,
    0x64, 0x62, 0x8A, 0x14, 0xAE, 0xD5, 0x09, 0x70, 0x2C, 0xB2, 0x6B, 0x10, 0x71, 0xBF, 0x57, 0x1D,
    0x20, 0x03, 0x91, 0x13, 0x5C, 0x62, 0xAD, 0xDE, 0x35, 0x65, 0x35, 0x76, 0x9F, 0x0B, 0xC1, 0x8F,
    0x80, 0xC7, 0xC5, 0xA1, 0x16, 0xDF, 0xDA, 0x4C, 0x7C, 0xF3, 0x9D, 0x50, 0xF0, 0x26, 0xEC, 0xDA,
    0x31, 0x43, 0x82, 0x38, 0xD8, 0x5E, 0x22, 0x3B, 0x3A, 0x94, 0xCB, 0xC7, 0x51, 0x83, 0xAC, 0x47,
    0xCD, 0x7B, 0x32, 0x0E, 0xDB, 0x5B, 0xD2, 0x06, 0xED, 0xAA, 0x34, 0x81, 0x4E, 0xBD, 0x5A, 0xE9,
    0xD4, 0x07, 0x72, 0x1C, 0x40, 0x57, 0x6B, 0x85, 0x3F, 0x9F, 0x6C, 0x65, 0x29, 0x0F, 0x98, 0x9A,
    0xA3, 0xA3, 0x5E, 0x8E, 0xF7, 0x66, 0x48, 0xF0, 0xD3, 0x5F, 0x80, 0xAD, 0x3F, 0x91, 0xC1, 0x35,
    0x6C, 0x50, 0x71, 0x97, 0xDC, 0x23, 0x04, 0x09, 0x5D, 0x65, 0x06, 0xEE, 0x31, 0xF4, 0x77, 0x05,
    0x15, 0x76, 0x93, 0xE0, 0xE3, 0x8D, 0x5A, 0xC4, 0x15, 0x99, 0xF8, 0xCC, 0x65, 0x2F, 0x82, 0xCD,
    0x95, 0x72, 0xD2, 0xF1, 0xDD, 0xAB, 0x3E, 0x6E, 0x43, 0x63, 0xDB, 0xA4, 0x49, 0xDA, 0x34, 0x8B,
    0xDA, 0x1C, 0x73, 0xE6, 0x15, 0xA3, 0xC2, 0x48, 0x8B, 0xA8, 0x8D, 0xDB, 0xBC, 0x0D, 0xEC, 0x81,
    0x95, 0xCF, 0x2F, 0xAD, 0xD3, 0x74, 0x89, 0x87, 0x51, 0x13, 0x19, 0x61, 0xEF, 0xC0, 0x54, 0x22,
    0x71, 0x13, 0xD7, 0x42, 0x3B, 0x08, 0x6D, 0xA8, 0xE1, 0xA1, 0x6A, 0x15, 0xAB, 0x23, 0x60, 0x99,
    0x84, 0x04, 0xA3, 0xCC, 0xEA, 0x19, 0xBB, 0x52, 0x3A, 0x07, 0x37, 0xE7, 0xA4, 0x6E, 0x9D, 0xD3,
    0x70, 0xBA, 0xB0, 0x12, 0x34, 0xB0, 0x87, 0x55, 0xB0, 0xDC, 0x48, 0xC2, 0x3D, 0x02, 0x33, 0xE5,
    0xE5, 0x39, 0x94, 0x07, 0x70, 0x62, 0x9B, 0xB5, 0xD0, 0xFD, 0xC0, 0x44, 0x01, 0x72, 0x82, 0xC7,
    0xC0, 0xE3, 0xFB, 0xC0, 0xFD, 0x45, 0x52, 0xAE, 0x02, 0xBC, 0x69, 0x3E, 0xC3, 0x11, 0xE3, 0xC5,
    0x43, 0x66, 0xC4, 0xFF, 0xF5, 0xF5, 0x82, 0x57, 0x65, 0x75, 0x87, 0x67, 0x40, 0x85, 0x58, 0x93,
    0xC9, 0x0D, 0x5B, 0xC1, 0x43, 0xE3, 0x43, 0xC5, 0xA0, 0xD4, 0x1E, 0xD8, 0xB2, 0x3A, 0x74, 0xBE,
    0xE0, 0x33, 0xA9, 0x97, 0x70, 0x73, 0x94, 0x6E, 0xE3, 0x73, 0xCA, 0x0B, 0xDB, 0xD1, 0x0A, 0xAA,
    0xC1, 0x6E, 0x0B, 0x75, 0xDF, 0x84, 0x1B, 0xDC, 0x36, 0xA5, 0x57, 0xCC, 0xEF, 0x79, 0x5C, 0xA6,
    0xCF, 0xF9, 0xB3, 0x41, 0xBC, 0x01, 0x96, 0x11, 0xB5, 0xAF, 0x18, 0xA3, 0x55, 0x41, 0x8C, 0x56,
    0x25, 0xCD, 0xE4, 0x16, 0x82, 0xC6, 0x48, 0x9D, 0xE1, 0x25, 0xEB, 0xA9, 0xD5, 0x06, 0x1B, 0x8C,
    0xCD, 0xC9, 0x21, 0x80, 0xDC, 0x4D, 0x67, 0x74, 0xBD, 0x00, 0x60, 0xCF, 0x30, 0x29, 0x46, 0x70,
    0x5F, 0xB1, 0xAA, 0xC2, 0xF9, 0x24, 0xB4, 0xC5, 0x4B, 0xBE, 0x38, 0x84, 0x88, 0x8B, 0x4C, 0x2B,
    0x2D, 0x4A, 0xAB, 0xFE, 0x44, 0x0D, 0x99, 0x43, 0x0D, 0xF1, 0x32, 0x7A, 0xE7, 0x9C, 0x40, 0xE9,
    0x96, 0xE5, 0xAE, 0x61, 0x1B, 0xB1, 0xE8, 0x12, 0xC3, 0x22, 0xE9, 0xF0, 0xDC, 0x5D, 0xC6, 0x1A,
    0x15, 0x51, 0x16, 0xBC, 0x32, 0x0C, 0x23, 0x8E, 0x5F, 0xC8, 0xBB, 0x44, 0x2E, 0x29, 0x2F, 0x77,
    0x42, 0xAF, 0xA2, 0xB9, 0xA0, 0xC6, 0xEC, 0x04, 0x7A, 0x23, 0xEE, 0xCB, 0xFA, 0x5F, 0x0C, 0x7A,
    0x58, 0xFD, 0x8B, 0x22, 0xFC, 0x0B, 0x5D, 0x4C, 0x9B, 0xA8, 0xD6, 0x36, 0x29, 0xF4, 0x97, 0x69,
    0xA6, 0x61, 0x42, 0xC3, 0x0F, 0xBA, 0xF6, 0xFA, 0x41, 0x39, 0xD7, 0x71, 0x3D, 0xF5, 0xA0, 0x6F,
    0x42, 0xAD, 0x07, 0xD5, 0xFF, 0xDD, 0xD3, 0x2E, 0xEC, 0x67, 0x2F, 0xEC, 0x87, 0xE1, 0x7A, 0x08,
    0xAF, 0xC5, 0x58, 0xCE, 0x1E, 0xF7, 0xE9, 0x04, 0x73, 0xD5, 0x29, 0xAD, 0x4F, 0xE1, 0x13, 0x9E,
    0x7E, 0x88, 0x46, 0x34, 0x16, 0x40, 0xFE, 0x3F, 0xFC, 0x89, 0x81, 0x2A, 0x6F, 0xCC, 0x3B, 0xEB,
    0xEB, 0x9F, 0xA2, 0x5D, 0x0C, 0x1F, 0x54, 0xE6, 0x7B, 0x61, 0x35, 0xBA, 0x28, 0x23, 0x50, 0x98,
    0xE3, 0x10, 0x57, 0x04, 0x98, 0x43, 0x91, 0x08, 0x6A, 0x2F, 0x45, 0xD1, 0xA4, 0xCC, 0x41, 0x8E,
    0x24, 0x32, 0xC2, 0x0C, 0x3C, 0x2F, 0x1B, 0x6B, 0x9C, 0x2D, 0x45, 0x96, 0x36, 0x10, 0xF8, 0xDF,
    0x91, 0x14, 0xAC, 0xF6, 0x3E, 0x71, 0x07, 0x73, 0x3D, 0x2D, 0xB8, 0xE8, 0x8E, 0x4F, 0x24, 0xC0,
    0x73, 0xA8, 0xBA, 0x86, 0xA3, 0xB8, 0x41, 0xDC, 0x21, 0xE5, 0xB6, 0x8B, 0x45, 0x7E, 0xEB, 0xA6,
    0x14, 0xCC, 0x09, 0x04, 0x2E, 0xEC, 0xE4, 0x92, 0xE4, 0x1D, 0xB2, 0xFD, 0x4F, 0x87, 0xFC, 0x6E,
    0x11, 0x30, 0x15, 0x67, 0x04, 0x8D, 0xDE, 0xA3, 0xD1, 0x39, 0xAC, 0x54, 0x05, 0x2E, 0xE6, 0xA1,
    0xAB, 0x89, 0x02, 0xDD, 0x7C, 0xC2, 0x66, 0xEC, 0x59, 0xD7, 0xB4, 0x0B, 0x20, 0xAE, 0x81, 0xA8,
    0x21, 0xDA, 0xB3, 0x37, 0x22, 0xA9, 0x4F, 0x97, 0x78, 0x86, 0x5D, 0x7F, 0x0E, 0x03, 0x28, 0x91,
    0x8B, 0xF7, 0xD9, 0x94, 0x3B, 0xB4, 0xDC, 0x5F, 0x14, 0x6C, 0xF0, 0x07, 0xE9, 0x8E, 0x2A, 0xD7,
    0xAF, 0xB3, 0xB4, 0xEF, 0x9E, 0x87, 0x33, 0x35, 0x32, 0xAC, 0xF2, 0x2E, 0x40, 0x05, 0x76, 0x08,
    0x2C, 0x7C, 0xB6, 0x44, 0xF5, 0x22, 0x28, 0x60, 0x23, 0xEC, 0x42, 0x36, 0x62, 0xC3, 0xB8, 0xE0,
    0x0F, 0xB4, 0xD0, 0xC8, 0x89, 0xB4, 0x50, 0xA7, 0xC7, 0x5F, 0xC2, 0xCD, 0x51, 0x8A, 0x74, 0x8E,
    0xCE, 0xBC, 0xBF, 0xE0, 0x86, 0xC3, 0x7F, 0xC5, 0x52, 0x3B, 0x6E, 0x02, 0x31, 0x14, 0x1C, 0xB3,
    0x8A, 0x28, 0x5C, 0xD0, 0xA7, 0xE1, 0x08, 0x3E, 0xC2, 0x5A, 0x69, 0xD3, 0x70, 0x83, 0x1C, 0x61,
    0x4F, 0x10, 0x20, 0x37, 0x08, 0x77, 0x48, 0x81, 0xA0, 0xE0, 0x04, 0x91, 0x57, 0xCA, 0x05, 0x90,
    0x72, 0x01, 0x1F, 0xC1, 0x12, 0x29, 0x08, 0x5A, 0xF6, 0x65, 0x9E, 0xBD, 0x41, 0xE9, 0xF3, 0x73,
    0x31, 0x23, 0xD9, 0xD2, 0xF3, 0x7C, 0x1E, 0x10, 0x96, 0x46, 0x96, 0xB0, 0x92, 0xA6, 0x12, 0xE1,
    0xEE, 0xD2, 0xFD, 0x22, 0x61, 0x5E, 0xC5, 0xA3, 0xDD, 0xE3, 0x8C, 0x51, 0x02, 0xD0, 0xA1, 0x22,
    0x99, 0x0E, 0x63, 0xD2, 0xE8, 0x08, 0x1B, 0x81, 0xEA, 0x42, 0x13, 0x92, 0xE8, 0xE9, 0xB0, 0xED,
    0x37, 0xBB, 0xD3, 0xFA, 0xF3, 0xF2, 0x17, 0xA9, 0x91, 0x55, 0xE8, 0x3D, 0xBF, 0x3D, 0x88, 0xB4,
    0x54, 0x78, 0xFD, 0x44, 0x61, 0x22, 0x9E, 0x8F, 0xB2, 0x47, 0x8D, 0x3A, 0xE1, 0x19, 0xD3, 0x48,
    0xE5, 0xC6, 0x53, 0x77, 0x56, 0x3D, 0x00, 0x27, 0xC0, 0xAB, 0xDC, 0xA8, 0x6A, 0x63, 0x1E, 0xF8,
    0x6D, 0x68, 0xFA, 0x87, 0x70, 0x12, 0x79, 0x11, 0x01, 0xAE, 0x66, 0xFC, 0xC5, 0x88, 0x30, 0x2B,
    0xFB, 0xAA, 0xE8, 0x3C, 0x13, 0xC5, 0x1C, 0x36, 0x69, 0x94, 0x44, 0x53, 0xF0, 0xA8, 0x38, 0xCA,
    0x58, 0x65, 0x64, 0x84, 0xC4, 0x6D, 0xBF, 0xBE, 0xDC, 0xFC, 0x2C, 0x36, 0xF2, 0xB8, 0xEB, 0xE9,
    0x3D, 0xE5, 0xD0, 0xC2, 0x12, 0xE1, 0x0D, 0x5A, 0xBC, 0x55, 0xD9, 0x6C, 0xBE, 0xF6, 0xBC, 0x9F,
    0x8F, 0x63, 0x87, 0x5A, 0xBB, 0xA7, 0xC0, 0x69, 0x5B, 0xCA, 0x37, 0xAA, 0x59, 0x97, 0x40, 0xF5,
    0x8E, 0x23, 0x2E, 0xFD, 0x0F, 0x6C, 0x72, 0xA2, 0x3C, 0x6D, 0x5E, 0x81, 0x4D, 0x68, 0x4B, 0x51,
    0xEE, 0xCF, 0x98, 0xDE, 0x42, 0x7F, 0x13, 0xDE, 0xB3, 0xBB, 0xDC, 0x03, 0xF7, 0x3A, 0x44, 0xAF,
    0xFE, 0x26, 0xEA, 0x97, 0xFE, 0x16, 0xB7, 0xEA, 0xAF, 0x8A, 0x9D, 0x21, 0x9F, 0xD5, 0x8A, 0x1B,
    0xFC, 0xB9, 0xB6, 0x6C, 0xB7, 0x6B, 0xCB, 0x7A, 0xE7, 0xB9, 0xF6, 0xEB, 0xFC, 0xB2, 0xE1, 0xAE,
    0xF8, 0x5B, 0xBB, 0x7F, 0xF0, 0xB7, 0x1A, 0xFC, 0x1D, 0xB2, 0xBF, 0x0F,
};

static const EpdGlyph sourceserif4_18_regularGlyphs[] = {
    { 0, 0, 140, 0, 0, 0, 0 }, // U+0020
    { 5, 26, 173, 3, 26, 33, 0 }, // !
    { 10, 11, 214, 1, 27, 28, 33 }, // "
    { 18, 24, 316, 1, 24, 108, 61 }, // #
    { 16, 32, 300, 2, 28, 128, 169 }, // $
    { 30, 27, 528, 2, 26, 203, 297 }, // %
    { 24, 26, 432, 1, 26, 156, 500 }, // &
    { 4, 11, 110, 1, 27, 11, 656 }, // '
    { 10, 36, 203, 3, 28, 90, 667 }, // (
    { 10, 36, 203, 1, 28, 90, 757 }, // )
    { 17, 15, 263, 0, 27, 64, 847 }, // *
    { 18, 19, 318, 1, 21, 86, 911 }, // +
    { 7, 12, 180, 1, 5, 21, 997 }, // ,
    { 9, 3, 187, 1, 11, 7, 1018 }, // -
    { 5, 5, 180, 3, 5, 7, 1025 }, // .
    { 13, 32, 198, 0, 26, 104, 1032 }, // /
    { 16, 25, 301, 1, 25, 100, 1136 }, // 0
    { 12, 25, 256, 2, 25, 75, 1236 }, // 1
    { 16, 25, 305, 1, 25, 100, 1311 }, // 2
    { 16, 25, 302, 1, 25, 100, 1411 }, // 3
    { 17, 25, 298, 1, 24, 107, 1511 }, // 4
    { 17, 24, 304, 1, 24, 102, 1618 }, // 5
    { 16, 25, 305, 2, 25, 100, 1720 }, // 6
    { 15, 24, 287, 1, 24, 90, 1820 }, // 7
    { 16, 25, 305, 2, 25, 100, 1910 }, // 8
    { 16, 26, 312, 2, 25, 104, 2010 }, // 9
    { 5, 18, 180, 3, 18, 23, 2114 }, // :
    { 7, 24, 180, 1, 18, 42, 2137 }, // ;
    { 16, 20, 318, 2, 22, 80, 2179 }, // <
    { 18, 9, 318, 1, 16, 41, 2259 }, // =
    { 16, 20, 318, 2, 22, 80, 2300 }, // >
    { 11, 26, 250, 2, 26, 72, 2380 }, // ?
    { 29, 30, 501, 1, 25, 218, 2452 }, // @
    { 24, 25, 398, 1, 25, 150, 2670 }, // A
    { 21, 25, 377, 1, 25, 132, 2820 }, // B
    { 21, 27, 379, 2, 26, 142, 2952 }, // C
    { 24, 25, 426, 1, 25, 150, 3094 }, // D
    { 20, 25, 362, 1, 25, 125, 3244 }, // E
    { 19, 25, 347, 2, 25, 119, 3369 }, // F
    { 23, 27, 409, 2, 26, 156, 3488 }, // G
    { 26, 25, 473, 2, 25, 163, 3644 }, // H
    { 11, 25, 223, 2, 25, 69, 3807 }, // I
    { 14, 30, 224, -1, 25, 105, 3876 }, // J
    { 23, 25, 400, 2, 25, 144, 3981 }, // K
    { 19, 25, 358, 2, 25, 119, 4125 }, // L
    { 31, 25, 541, 1, 25, 194, 4244 }, // M
    { 25, 25, 441, 1, 25, 157, 4438 }, // N
    { 23, 27, 424, 2, 26, 156, 4595 }, // O
    { 20, 25, 353, 2, 25, 125, 4751 }, // P
    { 23, 34, 424, 2, 26, 196, 4876 }, // Q
    { 22, 25, 391, 2, 25, 138, 5072 }, // R
    { 17, 27, 307, 1, 26, 115, 5210 }, // S
    { 21, 25, 362, 0, 25, 132, 5325 }, // T
    { 25, 26, 436, 1, 25, 163, 5457 }, // U
    { 25, 25, 404, 1, 25, 157, 5620 }, // V
    { 35, 25, 577, 1, 25, 219, 5777 }, // W
    { 24, 25, 389, 1, 25, 150, 5996 }, // X
    { 23, 25, 380, 1, 25, 144, 6146 }, // Y
    { 19, 25, 331, 1, 25, 119, 6290 }, // Z
    { 7, 32, 192, 4, 27, 56, 6409 }, // [
    { 13, 32, 198, 0, 26, 104, 6465 }, // <backslash>
    { 8, 32, 192, 1, 27, 64, 6569 }, // ]
    { 14, 11, 319, 3, 18, 39, 6633 }, // ^
    { 20, 3, 307, 0, 0, 15, 6672 }, // _
    { 7, 8, 240, 3, 28, 14, 6687 }, // `
    { 18, 18, 305, 2, 18, 81, 6701 }, // a
    { 19, 28, 346, 1, 28, 133, 6782 }, // b
    { 16, 18, 293, 2, 18, 72, 6915 }, // c
    { 19, 28, 340, 2, 28, 133, 6987 }, // d
    { 17, 18, 306, 2, 18, 77, 7120 }, // e
    { 15, 28, 212, 1, 28, 105, 7197 }, // f
    { 17, 27, 311, 1, 18, 115, 7302 }, // g
    { 20, 28, 361, 1, 28, 140, 7417 }, // h
    { 9, 27, 179, 1, 27, 61, 7557 }, // i
    { 11, 36, 166, -3, 27, 99, 7618 }, // j
    { 20, 28, 328, 1, 28, 140, 7717 }, // k
    { 9, 28, 179, 1, 28, 63, 7857 }, // l
    { 32, 18, 541, 1, 18, 144, 7920 }, // m
    { 20, 18, 364, 1, 18, 90, 8064 }, // n
    { 17, 18, 329, 2, 18, 77, 8154 }, // o
    { 19, 27, 350, 1, 18, 129, 8231 }, // p
    { 19, 27, 334, 2, 18, 129, 8360 }, // q
    { 15, 18, 254, 1, 18, 68, 8489 }, // r
    { 13, 18, 260, 2, 18, 59, 8557 }, // s
    { 12, 23, 195, 1, 23, 69, 8616 }, // t
    { 20, 19, 350, 0, 19, 95, 8685 }, // u
    { 19, 18, 303, 0, 18, 86, 8780 }, // v
    { 28, 18, 458, 0, 18, 126, 8866 }, // w
    { 19, 18, 316, 1, 18, 86, 8992 }, // x
    { 19, 27, 307, 0, 18, 129, 9078 }, // y
    { 15, 18, 274, 1, 18, 68, 9207 }, // z
    { 11, 32, 206, 1, 27, 88, 9275 }, // {
    { 3, 37, 175, 4, 28, 28, 9363 }, // |
    { 11, 32, 206, 1, 27, 88, 9391 }, // }
    { 16, 6, 318, 2, 16, 24, 9479 }, // ~
    { 0, 0, 140, 0, 0, 0, 0 }, // U+00A0
    { 5, 26, 173, 3, 18, 33, 0 }, // U+00A1
    { 16, 26, 300, 2, 25, 104, 33 }, // U+00A2
    { 16, 25, 300, 1, 25, 100, 137 }, // U+00A3
    { 17, 16, 301, 1, 20, 68, 237 }, // U+00A4
    { 19, 24, 300, 0, 24, 114, 305 }, // U+00A5
    { 3, 37, 175, 4, 28, 28, 419 }, // U+00A6
    { 15, 30, 295, 2, 26, 113, 447 }, // U+00A7
    { 12, 4, 240, 1, 26, 12, 560 }, // U+00A8
    { 26, 27, 453, 1, 26, 176, 572 }, // U+00A9
    { 12, 12, 211, 1, 28, 36, 748 }, // U+00AA
    { 17, 16, 292, 1, 17, 68, 784 }, // U+00AB
    { 19, 9, 318, 1, 15, 43, 852 }, // U+00AC
    { 9, 3, 187, 1, 11, 7, 895 }, // U+00AD
    { 16, 15, 275, 0, 27, 60, 902 }, // U+00AE
    { 9, 3, 240, 3, 25, 7, 962 }, // U+00AF
    { 10, 10, 197, 1, 26, 25, 969 }, // U+00B0
    { 18, 21, 318, 1, 21, 95, 994 }, // U+00B1
    { 11, 16, 222, 1, 32, 44, 1089 }, // U+00B2
    { 11, 16, 222, 1, 32, 44, 1133 }, // U+00B3
    { 7, 8, 240, 5, 28, 14, 1177 }, // U+00B4
    { 19, 26, 341, 2, 19, 124, 1191 }, // U+00B5
    { 20, 30, 359, 1, 25, 150, 1315 }, // U+00B6
    { 5, 5, 180, 3, 15, 7, 1465 }, // U+00B7
    { 8, 10, 240, 3, 1, 20, 1472 }, // U+00B8
    { 9, 16, 222, 2, 32, 36, 1492 }, // U+00B9
    { 12, 12, 226, 1, 28, 36, 1528 }, // U+00BA
    { 17, 16, 292, 1, 17, 68, 1564 }, // U+00BB
    { 28, 27, 510, 2, 26, 189, 1632 }, // U+00BC
    { 29, 26, 528, 2, 25, 189, 1821 }, // U+00BD
    { 29, 27, 510, 1, 25, 196, 2010 }, // U+00BE
    { 11, 26, 250, 2, 18, 72, 2206 }, // U+00BF
    { 24, 33, 398, 1, 33, 198, 2278 }, // U+00C0
    { 24, 33, 398, 1, 33, 198, 2476 }, // U+00C1
    { 24, 32, 398, 1, 32, 192, 2674 }, // U+00C2
    { 24, 32, 398, 1, 32, 192, 2866 }, // U+00C3
    { 24, 32, 398, 1, 32, 192, 3058 }, // U+00C4
    { 24, 34, 398, 1, 34, 204, 3250 }, // U+00C5
    { 33, 25, 552, 1, 25, 207, 3454 }, // U+00C6
    { 21, 34, 379, 2, 26, 179, 3661 }, // U+00C7
    { 20, 33, 362, 1, 33, 165, 3840 }, // U+00C8
    { 20, 33, 362, 1, 33, 165, 4005 }, // U+00C9
    { 20, 32, 362, 1, 32, 160, 4170 }, // U+00CA
    { 20, 32, 362, 1, 32, 160, 4330 }, // U+00CB
    { 11, 33, 223, 2, 33, 91, 4490 }, // U+00CC
    { 11, 33, 223, 2, 33, 91, 4581 }, // U+00CD
    { 13, 32, 223, 1, 32, 104, 4672 }, // U+00CE
    { 11, 32, 223, 1, 32, 88, 4776 }, // U+00CF
    { 23, 25, 426, 2, 25, 144, 4864 }, // U+00D0
    { 25, 32, 441, 1, 32, 200, 5008 }, // U+00D1
    { 23, 34, 424, 2, 33, 196, 5208 }, // U+00D2
    { 23, 34, 424, 2, 33, 196, 5404 }, // U+00D3
    { 23, 33, 424, 2, 32, 190, 5600 }, // U+00D4
    { 23, 33, 424, 2, 32, 190, 5790 }, // U+00D5
    { 23, 33, 424, 2, 32, 190, 5980 }, // U+00D6
    { 18, 18, 318, 1, 21, 81, 6170 }, // U+00D7
    { 23, 27, 424, 2, 26, 156, 6251 }, // U+00D8
    { 25, 34, 436, 1, 33, 213, 6407 }, // U+00D9
    { 25, 34, 436, 1, 33, 213, 6620 }, // U+00DA
    { 25, 33, 436, 1, 32, 207, 6833 }, // U+00DB
    { 25, 33, 436, 1, 32, 207, 7040 }, // U+00DC
    { 23, 33, 380, 1, 33, 190, 7247 }, // U+00DD
    { 20, 25, 367, 2, 25, 125, 7437 }, // U+00DE
    { 21, 28, 355, 1, 28, 147, 7562 }, // U+00DF
    { 18, 29, 305, 2, 29, 131, 7709 }, // U+00E0
    { 18, 29, 305, 2, 29, 131, 7840 }, // U+00E1
    { 18, 28, 305, 2, 28, 126, 7971 }, // U+00E2
    { 18, 27, 305, 2, 27, 122, 8097 }, // U+00E3
    { 18, 26, 305, 2, 26, 117, 8219 }, // U+00E4
    { 18, 28, 305, 2, 28, 126, 8336 }, // U+00E5
    { 27, 18, 472, 2, 18, 122, 8462 }, // U+00E6
    { 16, 26, 293, 2, 18, 104, 8584 }, // U+00E7
    { 17, 29, 306, 2, 29, 124, 8688 }, // U+00E8
    { 17, 29, 306, 2, 29, 124, 8812 }, // U+00E9
    { 17, 28, 306, 2, 28, 119, 8936 }, // U+00EA
    { 17, 27, 306, 2, 27, 115, 9055 }, // U+00EB
    { 10, 28, 179, 0, 28, 70, 9170 }, // U+00EC
    { 9, 28, 179, 1, 28, 63, 9240 }, // U+00ED
    { 13, 28, 179, -1, 28, 91, 9303 }, // U+00EE
    { 11, 26, 179, 0, 26, 72, 9394 }, // U+00EF
    { 17, 29, 328, 2, 29, 124, 9466 }, // U+00F0
    { 20, 27, 364, 1, 27, 135, 9590 }, // U+00F1
    { 17, 29, 329, 2, 29, 124, 9725 }, // U+00F2
    { 17, 29, 329, 2, 29, 124, 9849 }, // U+00F3
    { 17, 28, 329, 2, 28, 119, 9973 }, // U+00F4
    { 17, 27, 329, 2, 27, 115, 10092 }, // U+00F5
    { 17, 27, 329, 2, 27, 115, 10207 }, // U+00F6
    { 18, 19, 318, 1, 22, 86, 10322 }, // U+00F7
    { 18, 20, 329, 2, 19, 90, 10408 }, // U+00F8
    { 20, 29, 350, 0, 29, 145, 10498 }, // U+00F9
    { 20, 29, 350, 0, 29, 145, 10643 }, // U+00FA
    { 20, 28, 350, 0, 28, 140, 10788 }, // U+00FB
    { 20, 27, 350, 0, 27, 135, 10928 }, // U+00FC
    { 19, 37, 307, 0, 28, 176, 11063 }, // U+00FD
    { 19, 37, 332, 1, 28, 176, 11239 }, // U+00FE
    { 19, 35, 307, 0, 26, 167, 11415 }, // U+00FF
    { 24, 31, 398, 1, 31, 186, 0 }, // U+0100
    { 18, 25, 305, 2, 25, 113, 186 }, // U+0101
    { 24, 32, 398, 1, 32, 192, 299 }, // U+0102
    { 18, 28, 305, 2, 28, 126, 491 }, // U+0103
    { 24, 33, 398, 1, 25, 198, 617 }, // U+0104
    { 18, 26, 305, 2, 18, 117, 815 }, // U+0105
    { 21, 34, 379, 2, 33, 179, 932 }, // U+0106
    { 16, 29, 293, 2, 29, 116, 1111 }, // U+0107
    { 21, 33, 379, 2, 32, 174, 1227 }, // U+0108
    { 16, 28, 293, 2, 28, 112, 1401 }, // U+0109
    { 21, 33, 379, 2, 32, 174, 1513 }, // U+010A
    { 16, 27, 293, 2, 27, 108, 1687 }, // U+010B
    { 21, 34, 379, 2, 33, 179, 1795 }, // U+010C
    { 16, 28, 293, 2, 28, 112, 1974 }, // U+010D
    { 24, 33, 426, 1, 33, 198, 2086 }, // U+010E
    { 23, 28, 347, 2, 28, 161, 2284 }, // U+010F
    { 23, 25, 426, 2, 25, 144, 2445 }, // U+0110
    { 19, 28, 340, 2, 28, 133, 2589 }, // U+0111
    { 20, 31, 362, 1, 31, 155, 2722 }, // U+0112
    { 17, 25, 306, 2, 25, 107, 2877 }, // U+0113
    { 20, 32, 362, 1, 32, 160, 2984 }, // U+0114
    { 17, 28, 306, 2, 28, 119, 3144 }, // U+0115
    { 20, 32, 362, 1, 32, 160, 3263 }, // U+0116
    { 17, 27, 306, 2, 27, 115, 3423 }, // U+0117
    { 20, 33, 362, 1, 25, 165, 3538 }, // U+0118
    { 16, 26, 306, 2, 18, 104, 3703 }, // U+0119
    { 20, 33, 362, 1, 33, 165, 3807 }, // U+011A
    { 17, 28, 306, 2, 28, 119, 3972 }, // U+011B
    { 23, 33, 409, 2, 32, 190, 4091 }, // U+011C
    { 17, 37, 311, 1, 28, 158, 4281 }, // U+011D
    { 23, 33, 409, 2, 32, 190, 4439 }, // U+011E
    { 17, 36, 311, 1, 27, 153, 4629 }, // U+011F
    { 23, 33, 409, 2, 32, 190, 4782 }, // U+0120
    { 17, 36, 311, 1, 27, 153, 4972 }, // U+0121
    { 23, 36, 409, 2, 26, 207, 5125 }, // U+0122
    { 17, 38, 311, 1, 29, 162, 5332 }, // U+0123
    { 26, 32, 473, 2, 32, 208, 5494 }, // U+0124
    { 20, 33, 361, 1, 33, 165, 5702 }, // U+0125
    { 27, 25, 473, 1, 25, 169, 5867 }, // U+0126
    { 20, 28, 361, 1, 28, 140, 6036 }, // U+0127
    { 15, 32, 223, 0, 32, 120, 6176 }, // U+0128
    { 13, 27, 179, -1, 27, 88, 6296 }, // U+0129
    { 11, 31, 223, 2, 31, 86, 6384 }, // U+012A
    { 9, 25, 179, 1, 25, 57, 6470 }, // U+012B
    { 11, 33, 223, 2, 25, 91, 6527 }, // U+012E
    { 10, 35, 179, 1, 27, 88, 6618 }, // U+012F
    { 11, 32, 223, 2, 32, 88, 6706 }, // U+0130
    { 9, 18, 179, 1, 18, 41, 6794 }, // U+0131
    { 15, 37, 224, -1, 32, 139, 6835 }, // U+0134
    { 15, 37, 166, -3, 28, 139, 6974 }, // U+0135
    { 23, 35, 400, 2, 25, 202, 7113 }, // U+0136
    { 20, 38, 328, 1, 28, 190, 7315 }, // U+0137
    { 20, 19, 328, 1, 19, 95, 7505 }, // U+0138
    { 19, 33, 358, 2, 33, 157, 7600 }, // U+0139
    { 10, 34, 179, 1, 34, 85, 7757 }, // U+013A
    { 19, 35, 358, 2, 25, 167, 7842 }, // U+013B
    { 9, 38, 179, 1, 28, 86, 8009 }, // U+013C
    { 19, 26, 358, 2, 26, 124, 8095 }, // U+013D
    { 13, 28, 180, 1, 28, 91, 8219 }, // U+013E
    { 19, 25, 358, 2, 25, 119, 8310 }, // U+013F
    { 13, 28, 179, 1, 28, 91, 8429 }, // U+0140
    { 19, 25, 358, 2, 25, 119, 8520 }, // U+0141
    { 9, 28, 179, 1, 28, 63, 8639 }, // U+0142
    { 25, 33, 441, 1, 33, 207, 8702 }, // U+0143
    { 20, 28, 364, 1, 28, 140, 8909 }, // U+0144
    { 25, 34, 441, 1, 25, 213, 9049 }, // U+0145
    { 20, 28, 364, 1, 18, 140, 9262 }, // U+0146
    { 25, 33, 441, 1, 33, 207, 9402 }, // U+0147
    { 20, 28, 364, 1, 28, 140, 9609 }, // U+0148
    { 27, 27, 467, 1, 27, 183, 9749 }, // U+0149
    { 25, 30, 441, 1, 25, 188, 9932 }, // U+014A
    { 18, 27, 364, 1, 18, 122, 10120 }, // U+014B
    { 23, 32, 424, 2, 31, 184, 10242 }, // U+014C
    { 17, 25, 329, 2, 25, 107, 10426 }, // U+014D
    { 23, 33, 424, 2, 32, 190, 10533 }, // U+014E
    { 17, 28, 329, 2, 28, 119, 10723 }, // U+014F
    { 23, 34, 424, 2, 33, 196, 10842 }, // U+0150
    { 17, 29, 329, 2, 29, 124, 11038 }, // U+0151
    { 32, 27, 563, 2, 26, 216, 11162 }, // U+0152
    { 30, 18, 523, 2, 18, 135, 11378 }, // U+0153
    { 22, 33, 391, 2, 33, 182, 11513 }, // U+0154
    { 15, 28, 254, 1, 28, 105, 11695 }, // U+0155
    { 22, 34, 391, 2, 25, 187, 11800 }, // U+0156
    { 15, 28, 254, 1, 18, 105, 11987 }, // U+0157
    { 22, 33, 391, 2, 33, 182, 12092 }, // U+0158
    { 15, 28, 254, 1, 28, 105, 12274 }, // U+0159
    { 17, 33, 307, 1, 32, 141, 12379 }, // U+015A
    { 13, 28, 260, 2, 28, 91, 12520 }, // U+015B
    { 17, 33, 307, 1, 32, 141, 12611 }, // U+015C
    { 13, 28, 260, 2, 28, 91, 12752 }, // U+015D
    { 17, 34, 307, 1, 26, 145, 12843 }, // U+015E
    { 13, 26, 260, 2, 18, 85, 12988 }, // U+015F
    { 17, 34, 307, 1, 33, 145, 13073 }, // U+0160
    { 13, 28, 260, 2, 28, 91, 13218 }, // U+0161
    { 21, 33, 362, 0, 25, 174, 13309 }, // U+0162
    { 12, 31, 195, 1, 23, 93, 13483 }, // U+0163
    { 21, 33, 362, 0, 33, 174, 13576 }, // U+0164
    { 13, 28, 195, 1, 28, 91, 13750 }, // U+0165
    { 25, 33, 436, 1, 32, 207, 13841 }, // U+0168
    { 20, 27, 350, 0, 27, 135, 14048 }, // U+0169
    { 25, 32, 436, 1, 31, 200, 14183 }, // U+016A
    { 20, 25, 350, 0, 25, 125, 14383 }, // U+016B
    { 25, 33, 436, 1, 32, 207, 14508 }, // U+016C
    { 20, 28, 350, 0, 28, 140, 14715 }, // U+016D
    { 25, 35, 436, 1, 34, 219, 14855 }, // U+016E
    { 20, 29, 350, 0, 29, 145, 15074 }, // U+016F
    { 25, 34, 436, 1, 33, 213, 15219 }, // U+0170
    { 20, 29, 350, 0, 29, 145, 15432 }, // U+0171
    { 25, 33, 436, 1, 25, 207, 15577 }, // U+0172
    { 21, 27, 350, 0, 19, 142, 15784 }, // U+0173
    { 35, 32, 577, 1, 32, 280, 15926 }, // U+0174
    { 28, 28, 458, 0, 28, 196, 16206 }, // U+0175
    { 23, 32, 380, 1, 32, 184, 16402 }, // U+0176
    { 19, 37, 307, 0, 28, 176, 16586 }, // U+0177
    { 23, 32, 380, 1, 32, 184, 16762 }, // U+0178
    { 19, 33, 331, 1, 33, 157, 16946 }, // U+0179
    { 15, 28, 274, 1, 28, 105, 17103 }, // U+017A
    { 19, 32, 331, 1, 32, 152, 17208 }, // U+017B
    { 15, 27, 274, 1, 27, 102, 17360 }, // U+017C
    { 19, 33, 331, 1, 33, 157, 17462 }, // U+017D
    { 15, 28, 274, 1, 28, 105, 17619 }, // U+017E
    { 15, 28, 206, 1, 28, 105, 17724 }, // U+017F
    { 23, 31, 424, 2, 30, 179, 0 }, // U+01A0
    { 18, 23, 329, 2, 23, 104, 179 }, // U+01A1
    { 26, 31, 436, 1, 30, 202, 283 }, // U+01AF
    { 21, 25, 350, 0, 25, 132, 485 }, // U+01B0
    { 24, 33, 398, 1, 33, 198, 617 }, // U+01CD
    { 18, 28, 305, 2, 28, 126, 815 }, // U+01CE
    { 11, 33, 223, 2, 33, 91, 941 }, // U+01CF
    { 11, 28, 179, 0, 28, 77, 1032 }, // U+01D0
    { 23, 34, 424, 2, 33, 196, 1109 }, // U+01D1
    { 17, 28, 329, 2, 28, 119, 1305 }, // U+01D2
    { 25, 34, 436, 1, 33, 213, 1424 }, // U+01D3
    { 20, 28, 350, 0, 28, 140, 1637 }, // U+01D4
    { 25, 37, 436, 1, 36, 232, 1777 }, // U+01D5
    { 20, 30, 350, 0, 30, 150, 2009 }, // U+01D6
    { 25, 38, 436, 1, 37, 238, 2159 }, // U+01D7
    { 20, 31, 350, 0, 31, 155, 2397 }, // U+01D8
    { 25, 39, 436, 1, 38, 244, 2552 }, // U+01D9
    { 20, 32, 350, 0, 32, 160, 2796 }, // U+01DA
    { 25, 38, 436, 1, 37, 238, 2956 }, // U+01DB
    { 20, 31, 350, 0, 31, 155, 3194 }, // U+01DC
    { 23, 34, 409, 2, 33, 196, 3349 }, // U+01E6
    { 17, 37, 311, 1, 28, 158, 3545 }, // U+01E7
    { 25, 33, 441, 1, 33, 207, 3703 }, // U+01F8
    { 20, 28, 364, 1, 28, 140, 3910 }, // U+01F9
    { 17, 36, 307, 1, 26, 153, 4050 }, // U+0218
    { 13, 27, 260, 2, 18, 88, 4203 }, // U+0219
    { 21, 35, 362, 0, 25, 184, 4291 }, // U+021A
    { 12, 32, 195, 1, 23, 96, 4475 }, // U+021B
    { 7, 8, 0, -5, 28, 14, 0 }, // U+0300
    { 7, 8, 0, -2, 28, 14, 14 }, // U+0301
    { 12, 8, 0, -6, 27, 24, 28 }, // U+0302
    { 14, 5, 0, -7, 26, 18, 52 }, // U+0303
    { 9, 3, 0, -4, 25, 7, 70 }, // U+0304
    { 12, 6, 0, -6, 27, 18, 77 }, // U+0306
    { 5, 5, 0, -2, 27, 7, 95 }, // U+0307
    { 12, 4, 0, -6, 26, 12, 102 }, // U+0308
    { 6, 8, 0, -3, 28, 12, 114 }, // U+0309
    { 8, 8, 0, -4, 28, 16, 126 }, // U+030A
    { 12, 8, 0, -5, 28, 24, 142 }, // U+030B
    { 12, 7, 0, -6, 28, 21, 166 }, // U+030C
    { 6, 9, 0, 0, 26, 14, 187 }, // U+031B
    { 5, 5, 0, -2, -2, 7, 201 }, // U+0323
    { 12, 4, 0, -6, -3, 12, 208 }, // U+0324
    { 5, 8, 0, -2, -2, 10, 220 }, // U+0326
    { 8, 10, 0, -3, 1, 20, 230 }, // U+0327
    { 7, 9, 0, -4, 1, 16, 250 }, // U+0328
    { 3, 7, 0, -1, -3, 6, 266 }, // U+0329
    { 12, 6, 0, -6, -2, 18, 272 }, // U+032E
    { 9, 3, 0, -4, -3, 7, 290 }, // U+0331
    { 24, 33, 398, 1, 25, 198, 0 }, // U+1EA0
    { 18, 25, 305, 2, 18, 113, 198 }, // U+1EA1
    { 24, 33, 398, 1, 33, 198, 311 }, // U+1EA2
    { 18, 28, 305, 2, 28, 126, 509 }, // U+1EA3
    { 24, 34, 398, 1, 34, 204, 635 }, // U+1EA4
    { 18, 30, 305, 2, 30, 135, 839 }, // U+1EA5
    { 24, 34, 398, 1, 34, 204, 974 }, // U+1EA6
    { 19, 29, 305, 1, 29, 138, 1178 }, // U+1EA7
    { 24, 36, 398, 1, 36, 216, 1316 }, // U+1EA8
    { 18, 31, 305, 2, 31, 140, 1532 }, // U+1EA9
    { 24, 35, 398, 1, 35, 210, 1672 }, // U+1EAA
    { 18, 30, 305, 2, 30, 135, 1882 }, // U+1EAB
    { 24, 40, 398, 1, 32, 240, 2017 }, // U+1EAC
    { 18, 35, 305, 2, 28, 158, 2257 }, // U+1EAD
    { 24, 37, 398, 1, 37, 222, 2415 }, // U+1EAE
    { 18, 32, 305, 2, 32, 144, 2637 }, // U+1EAF
    { 24, 37, 398, 1, 37, 222, 2781 }, // U+1EB0
    { 18, 32, 305, 2, 32, 144, 3003 }, // U+1EB1
    { 24, 37, 398, 1, 37, 222, 3147 }, // U+1EB2
    { 18, 32, 305, 2, 32, 144, 3369 }, // U+1EB3
    { 24, 36, 398, 1, 36, 216, 3513 }, // U+1EB4
    { 18, 31, 305, 2, 31, 140, 3729 }, // U+1EB5
    { 24, 40, 398, 1, 32, 240, 3869 }, // U+1EB6
    { 18, 35, 305, 2, 28, 158, 4109 }, // U+1EB7
    { 20, 33, 362, 1, 25, 165, 4267 }, // U+1EB8
    { 17, 25, 306, 2, 18, 107, 4432 }, // U+1EB9
    { 20, 33, 362, 1, 33, 165, 4539 }, // U+1EBA
    { 17, 28, 306, 2, 28, 119, 4704 }, // U+1EBB
    { 20, 32, 362, 1, 32, 160, 4823 }, // U+1EBC
    { 17, 27, 306, 2, 27, 115, 4983 }, // U+1EBD
    { 20, 34, 362, 1, 34, 170, 5098 }, // U+1EBE
    { 18, 30, 306, 2, 30, 135, 5268 }, // U+1EBF
    { 20, 34, 362, 1, 34, 170, 5403 }, // U+1EC0
    { 17, 30, 306, 2, 30, 128, 5573 }, // U+1EC1
    { 20, 36, 362, 1, 36, 180, 5701 }, // U+1EC2
    { 17, 31, 306, 2, 31, 132, 5881 }, // U+1EC3
    { 20, 35, 362, 1, 35, 175, 6013 }, // U+1EC4
    { 17, 30, 306, 2, 30, 128, 6188 }, // U+1EC5
    { 20, 40, 362, 1, 32, 200, 6316 }, // U+1EC6
    { 17, 35, 306, 2, 28, 149, 6516 }, // U+1EC7
    { 11, 33, 223, 2, 33, 91, 6665 }, // U+1EC8
    { 9, 28, 179, 1, 28, 63, 6756 }, // U+1EC9
    { 11, 33, 223, 2, 25, 91, 6819 }, // U+1ECA
    { 9, 35, 179, 1, 27, 79, 6910 }, // U+1ECB
    { 23, 34, 424, 2, 26, 196, 6989 }, // U+1ECC
    { 17, 25, 329, 2, 18, 107, 7185 }, // U+1ECD
    { 23, 34, 424, 2, 33, 196, 7292 }, // U+1ECE
    { 17, 28, 329, 2, 28, 119, 7488 }, // U+1ECF
    { 23, 35, 424, 2, 34, 202, 7607 }, // U+1ED0
    { 17, 30, 329, 2, 30, 128, 7809 }, // U+1ED1
    { 23, 35, 424, 2, 34, 202, 7937 }, // U+1ED2
    { 17, 30, 329, 2, 30, 128, 8139 }, // U+1ED3
    { 23, 37, 424, 2, 36, 213, 8267 }, // U+1ED4
    { 17, 31, 329, 2, 31, 132, 8480 }, // U+1ED5
    { 23, 36, 424, 2, 35, 207, 8612 }, // U+1ED6
    { 17, 30, 329, 2, 30, 128, 8819 }, // U+1ED7
    { 23, 40, 424, 2, 32, 230, 8947 }, // U+1ED8
    { 17, 35, 329, 2, 28, 149, 9177 }, // U+1ED9
    { 23, 34, 424, 2, 33, 196, 9326 }, // U+1EDA
    { 18, 29, 329, 2, 29, 131, 9522 }, // U+1EDB
    { 23, 34, 424, 2, 33, 196, 9653 }, // U+1EDC
    { 18, 29, 329, 2, 29, 131, 9849 }, // U+1EDD
    { 23, 34, 424, 2, 33, 196, 9980 }, // U+1EDE
    { 18, 29, 329, 2, 29, 131, 10176 }, // U+1EDF
    { 23, 33, 424, 2, 32, 190, 10307 }, // U+1EE0
    { 18, 27, 329, 2, 27, 122, 10497 }, // U+1EE1
    { 23, 38, 424, 2, 30, 219, 10619 }, // U+1EE2
    { 18, 30, 329, 2, 23, 135, 10838 }, // U+1EE3
    { 25, 33, 436, 1, 25, 207, 10973 }, // U+1EE4
    { 20, 26, 350, 0, 19, 130, 11180 }, // U+1EE5
    { 25, 34, 436, 1, 33, 213, 11310 }, // U+1EE6
    { 20, 29, 350, 0, 29, 145, 11523 }, // U+1EE7
    { 26, 34, 436, 1, 33, 221, 11668 }, // U+1EE8
    { 21, 29, 350, 0, 29, 153, 11889 }, // U+1EE9
    { 26, 34, 436, 1, 33, 221, 12042 }, // U+1EEA
    { 21, 29, 350, 0, 29, 153, 12263 }, // U+1EEB
    { 26, 34, 436, 1, 33, 221, 12416 }, // U+1EEC
    { 21, 29, 350, 0, 29, 153, 12637 }, // U+1EED
    { 26, 33, 436, 1, 32, 215, 12790 }, // U+1EEE
    { 21, 27, 350, 0, 27, 142, 13005 }, // U+1EEF
    { 26, 38, 436, 1, 30, 247, 13147 }, // U+1EF0
    { 21, 32, 350, 0, 25, 168, 13394 }, // U+1EF1
    { 23, 33, 380, 1, 33, 190, 13562 }, // U+1EF2
    { 19, 37, 307, 0, 28, 176, 13752 }, // U+1EF3
    { 23, 33, 380, 1, 25, 190, 13928 }, // U+1EF4
    { 19, 27, 307, 0, 18, 129, 14118 }, // U+1EF5
    { 23, 33, 380, 1, 33, 190, 14247 }, // U+1EF6
    { 19, 38, 307, 0, 29, 181, 14437 }, // U+1EF7
    { 23, 32, 380, 1, 32, 184, 14618 }, // U+1EF8
    { 19, 36, 307, 0, 27, 171, 14802 }, // U+1EF9
    { 0, 0, 300, 0, 0, 0, 0 }, // U+2002
    { 0, 0, 600, 0, 0, 0, 0 }, // U+2003
    { 0, 0, 200, 0, 0, 0, 0 }, // U+2004
    { 0, 0, 150, 0, 0, 0, 0 }, // U+2005
    { 0, 0, 100, 0, 0, 0, 0 }, // U+2006
    { 0, 0, 300, 0, 0, 0, 0 }, // U+2007
    { 0, 0, 75, 0, 0, 0, 0 }, // U+2009
    { 0, 0, 25, 0, 0, 0, 0 }, // U+200A
    { 0, 0, 0, 0, 0, 0, 0 }, // U+200B
    { 9, 3, 187, 1, 11, 7, 0 }, // U+2010
    { 9, 3, 187, 1, 11, 7, 7 }, // U+2011
    { 16, 3, 300, 1, 13, 12, 14 }, // U+2012
    { 16, 3, 307, 1, 11, 12, 26 }, // U+2013
    { 27, 3, 487, 1, 11, 21, 38 }, // U+2014
    { 27, 3, 487, 1, 11, 21, 59 }, // U+2015
    { 6, 10, 127, 1, 27, 15, 80 }, // U+2018
    { 6, 10, 127, 1, 27, 15, 95 }, // U+2019
    { 6, 10, 127, 1, 5, 15, 110 }, // U+201A
    { 14, 10, 249, 1, 27, 35, 125 }, // U+201C
    { 14, 10, 249, 1, 27, 35, 160 }, // U+201D
    { 14, 10, 249, 1, 5, 35, 195 }, // U+201E
    { 16, 29, 307, 1, 27, 116, 230 }, // U+2020
    { 16, 30, 307, 1, 27, 120, 346 }, // U+2021
    { 8, 8, 183, 2, 16, 16, 466 }, // U+2022
    { 16, 5, 360, 3, 5, 20, 482 }, // U+2025
    { 25, 5, 492, 3, 5, 32, 502 }, // U+2026
    { 0, 0, 75, 0, 0, 0, 534 }, // U+202F
    { 44, 27, 750, 2, 26, 297, 534 }, // U+2030
    { 4, 12, 149, 3, 27, 12, 831 }, // U+2032
    { 11, 12, 259, 3, 27, 33, 843 }, // U+2033
    { 9, 16, 171, 1, 17, 36, 876 }, // U+2039
    { 9, 16, 171, 1, 17, 36, 912 }, // U+203A
    { 15, 26, 335, 3, 26, 98, 948 }, // U+203C
    { 19, 26, 84, -7, 25, 124, 1046 }, // U+2044
    { 25, 26, 475, 2, 26, 163, 1170 }, // U+2047
    { 21, 26, 410, 2, 26, 137, 1333 }, // U+2048
    { 21, 26, 410, 3, 26, 137, 1470 }, // U+2049
    { 18, 32, 300, 1, 28, 144, 0 }, // U+20A1
    { 16, 25, 300, 1, 25, 100, 144 }, // U+20A4
    { 19, 24, 300, 0, 24, 114, 244 }, // U+20A6
    { 18, 24, 300, 1, 24, 108, 358 }, // U+20A7
    { 20, 24, 300, 0, 24, 120, 466 }, // U+20A9
    { 16, 26, 300, 1, 26, 104, 586 }, // U+20AB
    { 18, 25, 300, 1, 25, 113, 690 }, // U+20AC
    { 19, 24, 300, 0, 24, 114, 803 }, // U+20AE
    { 19, 24, 300, 0, 24, 114, 917 }, // U+20B1
    { 18, 32, 300, 1, 28, 144, 1031 }, // U+20B2
    { 17, 25, 300, 1, 25, 107, 1175 }, // U+20B4
    { 16, 32, 300, 2, 28, 128, 1282 }, // U+20B5
    { 18, 24, 300, 1, 24, 108, 1410 }, // U+20B8
    { 16, 26, 300, 1, 25, 104, 1518 }, // U+20B9
    { 17, 25, 300, 1, 25, 107, 1622 }, // U+20BA
    { 18, 24, 300, 1, 24, 108, 1729 }, // U+20BD
    { 17, 32, 300, 1, 28, 136, 1837 }, // U+20BF
    { 26, 28, 395, 1, 28, 182, 0 }, // U+FB00
    { 20, 28, 364, 1, 28, 140, 182 }, // U+FB01
    { 21, 28, 367, 1, 28, 147, 322 }, // U+FB02
    { 32, 28, 547, 1, 28, 224, 469 }, // U+FB03
    { 32, 28, 550, 1, 28, 224, 693 }, // U+FB04
};

static const EpdUnicodeInterval sourceserif4_18_regularIntervals[] = {
    { 0x20, 0x7E, 0x0 },
    { 0xA0, 0x12B, 0x5F },
    { 0x12E, 0x131, 0xEB },
    { 0x134, 0x165, 0xEF },
    { 0x168, 0x17F, 0x121 },
    { 0x1A0, 0x1A1, 0x139 },
    { 0x1AF, 0x1B0, 0x13B },
    { 0x1CD, 0x1DC, 0x13D },
    { 0x1E6, 0x1E7, 0x14D },
    { 0x1F8, 0x1F9, 0x14F },
    { 0x218, 0x21B, 0x151 },
    { 0x300, 0x304, 0x155 },
    { 0x306, 0x30C, 0x15A },
    { 0x31B, 0x31B, 0x161 },
    { 0x323, 0x324, 0x162 },
    { 0x326, 0x329, 0x164 },
    { 0x32E, 0x32E, 0x168 },
    { 0x331, 0x331, 0x169 },
    { 0x1EA0, 0x1EF9, 0x16A },
    { 0x2002, 0x2007, 0x1C4 },
    { 0x2009, 0x200B, 0x1CA },
    { 0x2010, 0x2015, 0x1CD },
    { 0x2018, 0x201A, 0x1D3 },
    { 0x201C, 0x201E, 0x1D6 },
    { 0x2020, 0x2022, 0x1D9 },
    { 0x2025, 0x2026, 0x1DC },
    { 0x202F, 0x2030, 0x1DE },
    { 0x2032, 0x2033, 0x1E0 },
    { 0x2039, 0x203A, 0x1E2 },
    { 0x203C, 0x203C, 0x1E4 },
    { 0x2044, 0x2044, 0x1E5 },
    { 0x2047, 0x2049, 0x1E6 },
    { 0x20A1, 0x20A1, 0x1E9 },
    { 0x20A4, 0x20A4, 0x1EA },
    { 0x20A6, 0x20A7, 0x1EB },
    { 0x20A9, 0x20A9, 0x1ED },
    { 0x20AB, 0x20AC, 0x1EE },
    { 0x20AE, 0x20AE, 0x1F0 },
    { 0x20B1, 0x20B2, 0x1F1 },
    { 0x20B4, 0x20B5, 0x1F3 },
    { 0x20B8, 0x20BA, 0x1F5 },
    { 0x20BD, 0x20BD, 0x1F8 },
    { 0x20BF, 0x20BF, 0x1F9 },
    { 0xFB00, 0xFB04, 0x1FA },
};

static const EpdFontGroup sourceserif4_18_regularGroups[] = {
    { 0, 4289, 10208, 95, 0 },
    { 4289, 3982, 12472, 96, 95 },
    { 8271, 4994, 19274, 122, 191 },
    { 13265, 1406, 4949, 28, 313 },
    { 14671, 239, 330, 21, 341 },
    { 14910, 2771, 16010, 90, 362 },
    { 17681, 749, 1740, 37, 452 },
    { 18430, 1065, 2131, 17, 489 },
    { 19495, 309, 952, 5, 506 },
};

static const EpdKernClassEntry sourceserif4_18_regularKernLeftClasses[] = {
    { 0x0022, 1 }, // "
    { 0x0023, 2 }, // #
    { 0x0024, 3 }, // $
    { 0x0026, 4 }, // &
    { 0x0027, 1 }, // '
    { 0x0028, 5 }, // (
    { 0x0029, 6 }, // )
    { 0x002A, 7 }, // *
    { 0x002B, 8 }, // +
    { 0x002C, 9 }, // ,
    { 0x002E, 9 }, // .
    { 0x002F, 10 }, // /
    { 0x0030, 11 }, // 0
    { 0x0031, 12 }, // 1
    { 0x0032, 13 }, // 2
    { 0x0033, 14 }, // 3
    { 0x0034, 15 }, // 4
    { 0x0035, 16 }, // 5
    { 0x0036, 17 }, // 6
    { 0x0037, 18 }, // 7
    { 0x0038, 14 }, // 8
    { 0x0039, 19 }, // 9
    { 0x003A, 20 }, // :
    { 0x003B, 20 }, // ;
    { 0x003C, 21 }, // <
    { 0x003D, 22 }, // =
    { 0x003E, 8 }, // >
    { 0x003F, 23 }, // ?
    { 0x0040, 24 }, // @
    { 0x0041, 25 }, // A
    { 0x0042, 26 }, // B
    { 0x0043, 27 }, // C
    { 0x0044, 28 }, // D
    { 0x0045, 29 }, // E
    { 0x0046, 30 }, // F
    { 0x0047, 31 }, // G
    { 0x0048, 32 }, // H
    { 0x0049, 32 }, // I
    { 0x004A, 33 }, // J
    { 0x004B, 34 }, // K
    { 0x004C, 35 }, // L
    { 0x004D, 32 }, // M
    { 0x004E, 36 }, // N
    { 0x004F, 37 }, // O
    { 0x0050, 38 }, // P
    { 0x0051, 37 }, // Q
    { 0x0052, 39 }, // R
    { 0x0053, 40 }, // S
    { 0x0054, 41 }, // T
    { 0x0055, 42 }, // U
    { 0x0056, 43 }, // V
    { 0x0057, 44 }, // W
    { 0x0058, 45 }, // X
    { 0x0059, 46 }, // Y
    { 0x005A, 47 }, // Z
    { 0x005B, 5 }, // [
    { 0x005C, 48 }, // <backslash>
    { 0x005D, 6 }, // ]
    { 0x005F, 49 }, // _
    { 0x0061, 50 }, // a
    { 0x0062, 51 }, // b
    { 0x0063, 52 }, // c
    { 0x0064, 53 }, // d
    { 0x0065, 54 }, // e
    { 0x0066, 55 }, // f
    { 0x0067, 56 }, // g
    { 0x0068, 57 }, // h
    { 0x0069, 58 }, // i
    { 0x006A, 59 }, // j
    { 0x006B, 60 }, // k
    { 0x006C, 53 }, // l
    { 0x006D, 57 }, // m
    { 0x006E, 57 }, // n
    { 0x006F, 51 }, // o
    { 0x0070, 51 }, // p
    { 0x0071, 61 }, // q
    { 0x0072, 62 }, // r
    { 0x0073, 63 }, // s
    { 0x0074, 64 }, // t
    { 0x0075, 65 }, // u
    { 0x0076, 66 }, // v
    { 0x0077, 66 }, // w
    { 0x0078, 67 }, // x
    { 0x0079, 66 }, // y
    { 0x007A, 68 }, // z
    { 0x007B, 5 }, // {
    { 0x007D, 6 }, // }
    { 0x007E, 8 }, // ~
    { 0x00A0, 69 }, // U+00A0
    { 0x00A1, 70 }, // U+00A1
    { 0x00A2, 71 }, // U+00A2
    { 0x00A3, 72 }, // U+00A3
    { 0x00A5, 73 }, // U+00A5
    { 0x00A9, 74 }, // U+00A9
    { 0x00AB, 75 }, // U+00AB
    { 0x00AC, 22 }, // U+00AC
    { 0x00AD, 76 }, // U+00AD
    { 0x00AE, 7 }, // U+00AE
    { 0x00B1, 77 }, // U+00B1
    { 0x00B5, 78 }, // U+00B5
    { 0x00B7, 79 }, // U+00B7
    { 0x00BB, 80 }, // U+00BB
    { 0x00BF, 81 }, // U+00BF
    { 0x00C0, 25 }, // U+00C0
    { 0x00C1, 25 }, // U+00C1
    { 0x00C2, 25 }, // U+00C2
    { 0x00C3, 25 }, // U+00C3
    { 0x00C4, 25 }, // U+00C4
    { 0x00C5, 25 }, // U+00C5
    { 0x00C6, 29 }, // U+00C6
    { 0x00C7, 27 }, // U+00C7
    { 0x00C8, 29 }, // U+00C8
    { 0x00C9, 29 }, // U+00C9
    { 0x00CA, 29 }, // U+00CA
    { 0x00CB, 29 }, // U+00CB
    { 0x00CC, 32 }, // U+00CC
    { 0x00CD, 32 }, // U+00CD
    { 0x00CE, 32 }, // U+00CE
    { 0x00CF, 32 }, // U+00CF
    { 0x00D0, 28 }, // U+00D0
    { 0x00D1, 36 }, // U+00D1
    { 0x00D2, 37 }, // U+00D2
    { 0x00D3, 37 }, // U+00D3
    { 0x00D4, 37 }, // U+00D4
    { 0x00D5, 37 }, // U+00D5
    { 0x00D6, 37 }, // U+00D6
    { 0x00D7, 21 }, // U+00D7
    { 0x00D8, 37 }, // U+00D8
    { 0x00D9, 42 }, // U+00D9
    { 0x00DA, 42 }, // U+00DA
    { 0x00DB, 42 }, // U+00DB
    { 0x00DC, 42 }, // U+00DC
    { 0x00DD, 46 }, // U+00DD
    { 0x00DE, 82 }, // U+00DE
    { 0x00DF, 83 }, // U+00DF
    { 0x00E0, 50 }, // U+00E0
    { 0x00E1, 50 }, // U+00E1
    { 0x00E2, 50 }, // U+00E2
    { 0x00E3, 50 }, // U+00E3
    { 0x00E4, 50 }, // U+00E4
    { 0x00E5, 50 }, // U+00E5
    { 0x00E6, 54 }, // U+00E6
    { 0x00E7, 52 }, // U+00E7
    { 0x00E8, 54 }, // U+00E8
    { 0x00E9, 54 }, // U+00E9
    { 0x00EA, 54 }, // U+00EA
    { 0x00EB, 54 }, // U+00EB
    { 0x00EC, 58 }, // U+00EC
    { 0x00ED, 58 }, // U+00ED
    { 0x00EE, 84 }, // U+00EE
    { 0x00EF, 84 }, // U+00EF
    { 0x00F0, 85 }, // U+00F0
    { 0x00F1, 57 }, // U+00F1
    { 0x00F2, 51 }, // U+00F2
    { 0x00F3, 51 }, // U+00F3
    { 0x00F4, 51 }, // U+00F4
    { 0x00F5, 51 }, // U+00F5
    { 0x00F6, 51 }, // U+00F6
    { 0x00F7, 8 }, // U+00F7
    { 0x00F8, 51 }, // U+00F8
    { 0x00F9, 65 }, // U+00F9
    { 0x00FA, 65 }, // U+00FA
    { 0x00FB, 65 }, // U+00FB
    { 0x00FC, 65 }, // U+00FC
    { 0x00FD, 66 }, // U+00FD
    { 0x00FE, 51 }, // U+00FE
    { 0x00FF, 66 }, // U+00FF
    { 0x0100, 25 }, // U+0100
    { 0x0101, 50 }, // U+0101
    { 0x0102, 25 }, // U+0102
    { 0x0103, 50 }, // U+0103
    { 0x0104, 25 }, // U+0104
    { 0x0105, 50 }, // U+0105
    { 0x0106, 27 }, // U+0106
    { 0x0107, 52 }, // U+0107
    { 0x0108, 27 }, // U+0108
    { 0x0109, 52 }, // U+0109
    { 0x010A, 27 }, // U+010A
    { 0x010B, 52 }, // U+010B
    { 0x010C, 27 }, // U+010C
    { 0x010D, 52 }, // U+010D
    { 0x010E, 28 }, // U+010E
    { 0x010F, 86 }, // U+010F
    { 0x0110, 28 }, // U+0110
    { 0x0111, 53 }, // U+0111
    { 0x0112, 29 }, // U+0112
    { 0x0113, 54 }, // U+0113
    { 0x0114, 29 }, // U+0114
    { 0x0115, 54 }, // U+0115
    { 0x0116, 29 }, // U+0116
    { 0x0117, 54 }, // U+0117
    { 0x0118, 29 }, // U+0118
    { 0x0119, 54 }, // U+0119
    { 0x011A, 29 }, // U+011A
    { 0x011B, 54 }, // U+011B
    { 0x011C, 31 }, // U+011C
    { 0x011D, 56 }, // U+011D
    { 0x011E, 31 }, // U+011E
    { 0x011F, 56 }, // U+011F
    { 0x0120, 31 }, // U+0120
    { 0x0121, 56 }, // U+0121
    { 0x0122, 31 }, // U+0122
    { 0x0123, 56 }, // U+0123
    { 0x0124, 32 }, // U+0124
    { 0x0125, 57 }, // U+0125
    { 0x0126, 32 }, // U+0126
    { 0x0127, 57 }, // U+0127
    { 0x0128, 32 }, // U+0128
    { 0x0129, 84 }, // U+0129
    { 0x012A, 32 }, // U+012A
    { 0x012B, 84 }, // U+012B
    { 0x012E, 32 }, // U+012E
    { 0x012F, 58 }, // U+012F
    { 0x0130, 32 }, // U+0130
    { 0x0131, 58 }, // U+0131
    { 0x0134, 33 }, // U+0134
    { 0x0135, 59 }, // U+0135
    { 0x0136, 34 }, // U+0136
    { 0x0137, 60 }, // U+0137
    { 0x0138, 60 }, // U+0138
    { 0x0139, 35 }, // U+0139
    { 0x013A, 53 }, // U+013A
    { 0x013B, 35 }, // U+013B
    { 0x013C, 53 }, // U+013C
    { 0x013D, 87 }, // U+013D
    { 0x013E, 86 }, // U+013E
    { 0x0141, 35 }, // U+0141
    { 0x0142, 53 }, // U+0142
    { 0x0143, 36 }, // U+0143
    { 0x0144, 57 }, // U+0144
    { 0x0145, 36 }, // U+0145
    { 0x0146, 57 }, // U+0146
    { 0x0147, 36 }, // U+0147
    { 0x0148, 57 }, // U+0148
    { 0x014A, 33 }, // U+014A
    { 0x014B, 59 }, // U+014B
    { 0x014C, 37 }, // U+014C
    { 0x014D, 51 }, // U+014D
    { 0x014E, 37 }, // U+014E
    { 0x014F, 51 }, // U+014F
    { 0x0150, 37 }, // U+0150
    { 0x0151, 51 }, // U+0151
    { 0x0152, 29 }, // U+0152
    { 0x0153, 54 }, // U+0153
    { 0x0154, 39 }, // U+0154
    { 0x0155, 62 }, // U+0155
    { 0x0156, 39 }, // U+0156
    { 0x0157, 62 }, // U+0157
    { 0x0158, 39 }, // U+0158
    { 0x0159, 62 }, // U+0159
    { 0x015A, 40 }, // U+015A
    { 0x015B, 63 }, // U+015B
    { 0x015C, 40 }, // U+015C
    { 0x015D, 63 }, // U+015D
    { 0x015E, 40 }, // U+015E
    { 0x015F, 63 }, // U+015F
    { 0x0160, 40 }, // U+0160
    { 0x0161, 63 }, // U+0161
    { 0x0162, 41 }, // U+0162
    { 0x0163, 64 }, // U+0163
    { 0x0164, 41 }, // U+0164
    { 0x0165, 88 }, // U+0165
    { 0x0168, 42 }, // U+0168
    { 0x0169, 65 }, // U+0169
    { 0x016A, 42 }, // U+016A
    { 0x016B, 65 }, // U+016B
    { 0x016C, 42 }, // U+016C
    { 0x016D, 65 }, // U+016D
    { 0x016E, 42 }, // U+016E
    { 0x016F, 65 }, // U+016F
    { 0x0170, 42 }, // U+0170
    { 0x0171, 65 }, // U+0171
    { 0x0172, 42 }, // U+0172
    { 0x0173, 65 }, // U+0173
    { 0x0174, 44 }, // U+0174
    { 0x0175, 66 }, // U+0175
    { 0x0176, 46 }, // U+0176
    { 0x0177, 66 }, // U+0177
    { 0x0178, 46 }, // U+0178
    { 0x0179, 47 }, // U+0179
    { 0x017A, 68 }, // U+017A
    { 0x017B, 47 }, // U+017B
    { 0x017C, 68 }, // U+017C
    { 0x017D, 47 }, // U+017D
    { 0x017E, 68 }, // U+017E
    { 0x017F, 55 }, // U+017F
    { 0x01A0, 37 }, // U+01A0
    { 0x01AF, 89 }, // U+01AF
    { 0x01CD, 25 }, // U+01CD
    { 0x01CE, 50 }, // U+01CE
    { 0x01CF, 32 }, // U+01CF
    { 0x01D0, 84 }, // U+01D0
    { 0x01D1, 37 }, // U+01D1
    { 0x01D2, 51 }, // U+01D2
    { 0x01D3, 42 }, // U+01D3
    { 0x01D4, 65 }, // U+01D4
    { 0x01D5, 42 }, // U+01D5
    { 0x01D6, 65 }, // U+01D6
    { 0x01D7, 42 }, // U+01D7
    { 0x01D8, 65 }, // U+01D8
    { 0x01D9, 42 }, // U+01D9
    { 0x01DA, 65 }, // U+01DA
    { 0x01DB, 42 }, // U+01DB
    { 0x01DC, 65 }, // U+01DC
    { 0x01E6, 31 }, // U+01E6
    { 0x01E7, 56 }, // U+01E7
    { 0x01F8, 36 }, // U+01F8
    { 0x01F9, 57 }, // U+01F9
    { 0x0218, 40 }, // U+0218
    { 0x0219, 63 }, // U+0219
    { 0x021A, 41 }, // U+021A
    { 0x021B, 64 }, // U+021B
    { 0x1EA0, 25 }, // U+1EA0
    { 0x1EA1, 50 }, // U+1EA1
    { 0x1EA2, 25 }, // U+1EA2
    { 0x1EA3, 50 }, // U+1EA3
    { 0x1EA4, 25 }, // U+1EA4
    { 0x1EA5, 50 }, // U+1EA5
    { 0x1EA6, 25 }, // U+1EA6
    { 0x1EA7, 50 }, // U+1EA7
    { 0x1EA8, 25 }, // U+1EA8
    { 0x1EA9, 50 }, // U+1EA9
    { 0x1EAA, 25 }, // U+1EAA
    { 0x1EAB, 50 }, // U+1EAB
    { 0x1EAC, 25 }, // U+1EAC
    { 0x1EAD, 50 }, // U+1EAD
    { 0x1EAE, 25 }, // U+1EAE
    { 0x1EAF, 50 }, // U+1EAF
    { 0x1EB0, 25 }, // U+1EB0
    { 0x1EB1, 50 }, // U+1EB1
    { 0x1EB2, 25 }, // U+1EB2
    { 0x1EB3, 50 }, // U+1EB3
    { 0x1EB4, 25 }, // U+1EB4
    { 0x1EB5, 50 }, // U+1EB5
    { 0x1EB6, 25 }, // U+1EB6
    { 0x1EB7, 50 }, // U+1EB7
    { 0x1EB8, 29 }, // U+1EB8
    { 0x1EB9, 54 }, // U+1EB9
    { 0x1EBA, 29 }, // U+1EBA
    { 0x1EBB, 54 }, // U+1EBB
    { 0x1EBC, 29 }, // U+1EBC
    { 0x1EBD, 54 }, // U+1EBD
    { 0x1EBE, 29 }, // U+1EBE
    { 0x1EBF, 54 }, // U+1EBF
    { 0x1EC0, 29 }, // U+1EC0
    { 0x1EC1, 54 }, // U+1EC1
    { 0x1EC2, 29 }, // U+1EC2
    { 0x1EC3, 54 }, // U+1EC3
    { 0x1EC4, 29 }, // U+1EC4
    { 0x1EC5, 54 }, // U+1EC5
    { 0x1EC6, 29 }, // U+1EC6
    { 0x1EC7, 54 }, // U+1EC7
    { 0x1EC8, 32 }, // U+1EC8
    { 0x1EC9, 58 }, // U+1EC9
    { 0x1ECA, 32 }, // U+1ECA
    { 0x1ECB, 58 }, // U+1ECB
    { 0x1ECC, 37 }, // U+1ECC
    { 0x1ECD, 51 }, // U+1ECD
    { 0x1ECE, 37 }, // U+1ECE
    { 0x1ECF, 51 }, // U+1ECF
    { 0x1ED0, 37 }, // U+1ED0
    { 0x1ED1, 51 }, // U+1ED1
    { 0x1ED2, 37 }, // U+1ED2
    { 0x1ED3, 51 }, // U+1ED3
    { 0x1ED4, 37 }, // U+1ED4
    { 0x1ED5, 51 }, // U+1ED5
    { 0x1ED6, 37 }, // U+1ED6
    { 0x1ED7, 51 }, // U+1ED7
    { 0x1ED8, 37 }, // U+1ED8
    { 0x1ED9, 51 }, // U+1ED9
    { 0x1EDA, 37 }, // U+1EDA
    { 0x1EDC, 37 }, // U+1EDC
    { 0x1EDE, 37 }, // U+1EDE
    { 0x1EE0, 37 }, // U+1EE0
    { 0x1EE2, 37 }, // U+1EE2
    { 0x1EE4, 42 }, // U+1EE4
    { 0x1EE5, 65 }, // U+1EE5
    { 0x1EE6, 42 }, // U+1EE6
    { 0x1EE7, 65 }, // U+1EE7
    { 0x1EE8, 89 }, // U+1EE8
    { 0x1EEA, 89 }, // U+1EEA
    { 0x1EEC, 89 }, // U+1EEC
    { 0x1EEE, 89 }, // U+1EEE
    { 0x1EF0, 89 }, // U+1EF0
    { 0x1EF2, 46 }, // U+1EF2
    { 0x1EF3, 66 }, // U+1EF3
    { 0x1EF4, 46 }, // U+1EF4
    { 0x1EF5, 66 }, // U+1EF5
    { 0x1EF6, 46 }, // U+1EF6
    { 0x1EF7, 66 }, // U+1EF7
    { 0x1EF8, 46 }, // U+1EF8
    { 0x1EF9, 66 }, // U+1EF9
    { 0x2012, 76 }, // U+2012
    { 0x2013, 76 }, // U+2013
    { 0x2014, 76 }, // U+2014
    { 0x2015, 76 }, // U+2015
    { 0x2018, 90 }, // U+2018
    { 0x2019, 91 }, // U+2019
    { 0x201A, 92 }, // U+201A
    { 0x201C, 90 }, // U+201C
    { 0x201D, 91 }, // U+201D
    { 0x201E, 92 }, // U+201E
    { 0x2022, 93 }, // U+2022
    { 0x2026, 9 }, // U+2026
    { 0x2039, 75 }, // U+2039
    { 0x203A, 80 }, // U+203A
    { 0x20B9, 94 }, // U+20B9
    { 0x20BA, 95 }, // U+20BA
    { 0xFB00, 55 }, // U+FB00
    { 0xFB01, 58 }, // U+FB01
    { 0xFB02, 53 }, // U+FB02
    { 0xFB03, 58 }, // U+FB03
    { 0xFB04, 53 }, // U+FB04
};

static const EpdKernClassEntry sourceserif4_18_regularKernRightClasses[] = {
    { 0x0021, 1 }, // !
    { 0x0022, 2 }, // "
    { 0x0023, 3 }, // #
    { 0x0024, 4 }, // $
    { 0x0025, 5 }, // %
    { 0x0026, 6 }, // &
    { 0x0027, 2 }, // '
    { 0x0028, 7 }, // (
    { 0x0029, 8 }, // )
    { 0x002A, 9 }, // *
    { 0x002B, 10 }, // +
    { 0x002C, 11 }, // ,
    { 0x002E, 11 }, // .
    { 0x002F, 12 }, // /
    { 0x0030, 13 }, // 0
    { 0x0031, 14 }, // 1
    { 0x0032, 15 }, // 2
    { 0x0033, 16 }, // 3
    { 0x0034, 17 }, // 4
    { 0x0035, 18 }, // 5
    { 0x0036, 19 }, // 6
    { 0x0037, 20 }, // 7
    { 0x0038, 21 }, // 8
    { 0x0039, 22 }, // 9
    { 0x003A, 23 }, // :
    { 0x003B, 23 }, // ;
    { 0x003C, 10 }, // <
    { 0x003D, 24 }, // =
    { 0x003E, 25 }, // >
    { 0x003F, 26 }, // ?
    { 0x0040, 27 }, // @
    { 0x0041, 28 }, // A
    { 0x0042, 29 }, // B
    { 0x0043, 30 }, // C
    { 0x0044, 29 }, // D
    { 0x0045, 29 }, // E
    { 0x0046, 29 }, // F
    { 0x0047, 30 }, // G
    { 0x0048, 29 }, // H
    { 0x0049, 29 }, // I
    { 0x004A, 31 }, // J
    { 0x004B, 29 }, // K
    { 0x004C, 29 }, // L
    { 0x004D, 32 }, // M
    { 0x004E, 32 }, // N
    { 0x004F, 30 }, // O
    { 0x0050, 29 }, // P
    { 0x0051, 30 }, // Q
    { 0x0052, 29 }, // R
    { 0x0053, 33 }, // S
    { 0x0054, 34 }, // T
    { 0x0055, 35 }, // U
    { 0x0056, 36 }, // V
    { 0x0057, 37 }, // W
    { 0x0058, 38 }, // X
    { 0x0059, 39 }, // Y
    { 0x005A, 40 }, // Z
    { 0x005B, 7 }, // [
    { 0x005C, 41 }, // <backslash>
    { 0x005D, 8 }, // ]
    { 0x005F, 42 }, // _
    { 0x0061, 43 }, // a
    { 0x0062, 44 }, // b
    { 0x0063, 45 }, // c
    { 0x0064, 45 }, // d
    { 0x0065, 45 }, // e
    { 0x0066, 46 }, // f
    { 0x0067, 47 }, // g
    { 0x0068, 44 }, // h
    { 0x0069, 48 }, // i
    { 0x006A, 49 }, // j
    { 0x006B, 44 }, // k
    { 0x006C, 44 }, // l
    { 0x006D, 50 }, // m
    { 0x006E, 50 }, // n
    { 0x006F, 45 }, // o
    { 0x0070, 51 }, // p
    { 0x0071, 45 }, // q
    { 0x0072, 50 }, // r
    { 0x0073, 52 }, // s
    { 0x0074, 53 }, // t
    { 0x0075, 54 }, // u
    { 0x0076, 55 }, // v
    { 0x0077, 55 }, // w
    { 0x0078, 56 }, // x
    { 0x0079, 57 }, // y
    { 0x007A, 58 }, // z
    { 0x007B, 7 }, // {
    { 0x007D, 8 }, // }
    { 0x007E, 10 }, // ~
    { 0x00A0, 59 }, // U+00A0
    { 0x00A1, 60 }, // U+00A1
    { 0x00A2, 61 }, // U+00A2
    { 0x00A3, 62 }, // U+00A3
    { 0x00A5, 63 }, // U+00A5
    { 0x00A9, 64 }, // U+00A9
    { 0x00AA, 65 }, // U+00AA
    { 0x00AB, 66 }, // U+00AB
    { 0x00AC, 10 }, // U+00AC
    { 0x00AD, 67 }, // U+00AD
    { 0x00AE, 9 }, // U+00AE
    { 0x00B0, 68 }, // U+00B0
    { 0x00B1, 62 }, // U+00B1
    { 0x00B2, 69 }, // U+00B2
    { 0x00B3, 69 }, // U+00B3
    { 0x00B7, 70 }, // U+00B7
    { 0x00B9, 69 }, // U+00B9
    { 0x00BA, 65 }, // U+00BA
    { 0x00BB, 71 }, // U+00BB
    { 0x00BC, 5 }, // U+00BC
    { 0x00BD, 5 }, // U+00BD
    { 0x00BE, 5 }, // U+00BE
    { 0x00BF, 72 }, // U+00BF
    { 0x00C0, 28 }, // U+00C0
    { 0x00C1, 28 }, // U+00C1
    { 0x00C2, 28 }, // U+00C2
    { 0x00C3, 28 }, // U+00C3
    { 0x00C4, 28 }, // U+00C4
    { 0x00C5, 28 }, // U+00C5
    { 0x00C6, 73 }, // U+00C6
    { 0x00C7, 30 }, // U+00C7
    { 0x00C8, 29 }, // U+00C8
    { 0x00C9, 29 }, // U+00C9
    { 0x00CA, 29 }, // U+00CA
    { 0x00CB, 29 }, // U+00CB
    { 0x00CC, 29 }, // U+00CC
    { 0x00CD, 29 }, // U+00CD
    { 0x00CE, 29 }, // U+00CE
    { 0x00CF, 29 }, // U+00CF
    { 0x00D0, 29 }, // U+00D0
    { 0x00D1, 32 }, // U+00D1
    { 0x00D2, 30 }, // U+00D2
    { 0x00D3, 30 }, // U+00D3
    { 0x00D4, 30 }, // U+00D4
    { 0x00D5, 30 }, // U+00D5
    { 0x00D6, 30 }, // U+00D6
    { 0x00D7, 25 }, // U+00D7
    { 0x00D8, 30 }, // U+00D8
    { 0x00D9, 35 }, // U+00D9
    { 0x00DA, 35 }, // U+00DA
    { 0x00DB, 35 }, // U+00DB
    { 0x00DC, 35 }, // U+00DC
    { 0x00DD, 39 }, // U+00DD
    { 0x00DE, 29 }, // U+00DE
    { 0x00DF, 46 }, // U+00DF
    { 0x00E0, 43 }, // U+00E0
    { 0x00E1, 43 }, // U+00E1
    { 0x00E2, 43 }, // U+00E2
    { 0x00E3, 74 }, // U+00E3
    { 0x00E4, 75 }, // U+00E4
    { 0x00E5, 43 }, // U+00E5
    { 0x00E6, 43 }, // U+00E6
    { 0x00E7, 45 }, // U+00E7
    { 0x00E8, 45 }, // U+00E8
    { 0x00E9, 45 }, // U+00E9
    { 0x00EA, 45 }, // U+00EA
    { 0x00EB, 45 }, // U+00EB
    { 0x00EC, 76 }, // U+00EC
    { 0x00ED, 48 }, // U+00ED
    { 0x00EE, 77 }, // U+00EE
    { 0x00EF, 78 }, // U+00EF
    { 0x00F0, 45 }, // U+00F0
    { 0x00F1, 50 }, // U+00F1
    { 0x00F2, 45 }, // U+00F2
    { 0x00F3, 45 }, // U+00F3
    { 0x00F4, 45 }, // U+00F4
    { 0x00F5, 45 }, // U+00F5
    { 0x00F6, 45 }, // U+00F6
    { 0x00F7, 10 }, // U+00F7
    { 0x00F8, 45 }, // U+00F8
    { 0x00F9, 54 }, // U+00F9
    { 0x00FA, 54 }, // U+00FA
    { 0x00FB, 54 }, // U+00FB
    { 0x00FC, 54 }, // U+00FC
    { 0x00FD, 57 }, // U+00FD
    { 0x00FE, 79 }, // U+00FE
    { 0x00FF, 57 }, // U+00FF
    { 0x0100, 28 }, // U+0100
    { 0x0101, 43 }, // U+0101
    { 0x0102, 28 }, // U+0102
    { 0x0103, 43 }, // U+0103
    { 0x0104, 28 }, // U+0104
    { 0x0105, 43 }, // U+0105
    { 0x0106, 30 }, // U+0106
    { 0x0107, 45 }, // U+0107
    { 0x0108, 30 }, // U+0108
    { 0x0109, 45 }, // U+0109
    { 0x010A, 30 }, // U+010A
    { 0x010B, 45 }, // U+010B
    { 0x010C, 30 }, // U+010C
    { 0x010D, 45 }, // U+010D
    { 0x010E, 29 }, // U+010E
    { 0x010F, 45 }, // U+010F
    { 0x0110, 29 }, // U+0110
    { 0x0111, 45 }, // U+0111
    { 0x0112, 29 }, // U+0112
    { 0x0113, 45 }, // U+0113
    { 0x0114, 29 }, // U+0114
    { 0x0115, 45 }, // U+0115
    { 0x0116, 29 }, // U+0116
    { 0x0117, 45 }, // U+0117
    { 0x0118, 29 }, // U+0118
    { 0x0119, 45 }, // U+0119
    { 0x011A, 29 }, // U+011A
    { 0x011B, 45 }, // U+011B
    { 0x011C, 30 }, // U+011C
    { 0x011D, 47 }, // U+011D
    { 0x011E, 30 }, // U+011E
    { 0x011F, 47 }, // U+011F
    { 0x0120, 30 }, // U+0120
    { 0x0121, 47 }, // U+0121
    { 0x0122, 30 }, // U+0122
    { 0x0123, 47 }, // U+0123
    { 0x0124, 29 }, // U+0124
    { 0x0125, 44 }, // U+0125
    { 0x0126, 29 }, // U+0126
    { 0x0127, 44 }, // U+0127
    { 0x0128, 29 }, // U+0128
    { 0x0129, 80 }, // U+0129
    { 0x012A, 29 }, // U+012A
    { 0x012B, 80 }, // U+012B
    { 0x012E, 29 }, // U+012E
    { 0x012F, 48 }, // U+012F
    { 0x0130, 29 }, // U+0130
    { 0x0131, 50 }, // U+0131
    { 0x0134, 31 }, // U+0134
    { 0x0135, 49 }, // U+0135
    { 0x0136, 29 }, // U+0136
    { 0x0137, 44 }, // U+0137
    { 0x0138, 50 }, // U+0138
    { 0x0139, 29 }, // U+0139
    { 0x013A, 44 }, // U+013A
    { 0x013B, 29 }, // U+013B
    { 0x013C, 44 }, // U+013C
    { 0x013D, 29 }, // U+013D
    { 0x013E, 44 }, // U+013E
    { 0x013F, 29 }, // U+013F
    { 0x0140, 44 }, // U+0140
    { 0x0141, 29 }, // U+0141
    { 0x0142, 44 }, // U+0142
    { 0x0143, 32 }, // U+0143
    { 0x0144, 50 }, // U+0144
    { 0x0145, 32 }, // U+0145
    { 0x0146, 50 }, // U+0146
    { 0x0147, 32 }, // U+0147
    { 0x0148, 50 }, // U+0148
    { 0x014A, 32 }, // U+014A
    { 0x014B, 50 }, // U+014B
    { 0x014C, 30 }, // U+014C
    { 0x014D, 45 }, // U+014D
    { 0x014E, 30 }, // U+014E
    { 0x014F, 45 }, // U+014F
    { 0x0150, 30 }, // U+0150
    { 0x0151, 45 }, // U+0151
    { 0x0152, 30 }, // U+0152
    { 0x0153, 45 }, // U+0153
    { 0x0154, 29 }, // U+0154
    { 0x0155, 50 }, // U+0155
    { 0x0156, 29 }, // U+0156
    { 0x0157, 50 }, // U+0157
    { 0x0158, 29 }, // U+0158
    { 0x0159, 50 }, // U+0159
    { 0x015A, 33 }, // U+015A
    { 0x015B, 52 }, // U+015B
    { 0x015C, 33 }, // U+015C
    { 0x015D, 52 }, // U+015D
    { 0x015E, 33 }, // U+015E
    { 0x015F, 52 }, // U+015F
    { 0x0160, 33 }, // U+0160
    { 0x0161, 81 }, // U+0161
    { 0x0162, 34 }, // U+0162
    { 0x0163, 53 }, // U+0163
    { 0x0164, 34 }, // U+0164
    { 0x0165, 53 }, // U+0165
    { 0x0168, 35 }, // U+0168
    { 0x0169, 54 }, // U+0169
    { 0x016A, 35 }, // U+016A
    { 0x016B, 54 }, // U+016B
    { 0x016C, 35 }, // U+016C
    { 0x016D, 54 }, // U+016D
    { 0x016E, 35 }, // U+016E
    { 0x016F, 54 }, // U+016F
    { 0x0170, 35 }, // U+0170
    { 0x0171, 54 }, // U+0171
    { 0x0172, 35 }, // U+0172
    { 0x0173, 54 }, // U+0173
    { 0x0174, 37 }, // U+0174
    { 0x0175, 55 }, // U+0175
    { 0x0176, 39 }, // U+0176
    { 0x0177, 57 }, // U+0177
    { 0x0178, 39 }, // U+0178
    { 0x0179, 40 }, // U+0179
    { 0x017A, 58 }, // U+017A
    { 0x017B, 40 }, // U+017B
    { 0x017C, 58 }, // U+017C
    { 0x017D, 40 }, // U+017D
    { 0x017E, 58 }, // U+017E
    { 0x017F, 46 }, // U+017F
    { 0x01A0, 30 }, // U+01A0
    { 0x01A1, 45 }, // U+01A1
    { 0x01AF, 35 }, // U+01AF
    { 0x01B0, 54 }, // U+01B0
    { 0x01CD, 28 }, // U+01CD
    { 0x01CE, 43 }, // U+01CE
    { 0x01CF, 29 }, // U+01CF
    { 0x01D0, 80 }, // U+01D0
    { 0x01D1, 30 }, // U+01D1
    { 0x01D2, 45 }, // U+01D2
    { 0x01D3, 35 }, // U+01D3
    { 0x01D4, 54 }, // U+01D4
    { 0x01D5, 35 }, // U+01D5
    { 0x01D6, 54 }, // U+01D6
    { 0x01D7, 35 }, // U+01D7
    { 0x01D8, 54 }, // U+01D8
    { 0x01D9, 35 }, // U+01D9
    { 0x01DA, 54 }, // U+01DA
    { 0x01DB, 35 }, // U+01DB
    { 0x01DC, 54 }, // U+01DC
    { 0x01E6, 30 }, // U+01E6
    { 0x01E7, 47 }, // U+01E7
    { 0x01F8, 32 }, // U+01F8
    { 0x01F9, 50 }, // U+01F9
    { 0x0218, 33 }, // U+0218
    { 0x0219, 52 }, // U+0219
    { 0x021A, 34 }, // U+021A
    { 0x021B, 53 }, // U+021B
    { 0x1EA0, 28 }, // U+1EA0
    { 0x1EA1, 43 }, // U+1EA1
    { 0x1EA2, 28 }, // U+1EA2
    { 0x1EA3, 43 }, // U+1EA3
    { 0x1EA4, 28 }, // U+1EA4
    { 0x1EA5, 43 }, // U+1EA5
    { 0x1EA6, 28 }, // U+1EA6
    { 0x1EA7, 43 }, // U+1EA7
    { 0x1EA8, 28 }, // U+1EA8
    { 0x1EA9, 43 }, // U+1EA9
    { 0x1EAA, 28 }, // U+1EAA
    { 0x1EAB, 43 }, // U+1EAB
    { 0x1EAC, 28 }, // U+1EAC
    { 0x1EAD, 43 }, // U+1EAD
    { 0x1EAE, 28 }, // U+1EAE
    { 0x1EAF, 43 }, // U+1EAF
    { 0x1EB0, 28 }, // U+1EB0
    { 0x1EB1, 43 }, // U+1EB1
    { 0x1EB2, 28 }, // U+1EB2
    { 0x1EB3, 43 }, // U+1EB3
    { 0x1EB4, 28 }, // U+1EB4
    { 0x1EB5, 43 }, // U+1EB5
    { 0x1EB6, 28 }, // U+1EB6
    { 0x1EB7, 43 }, // U+1EB7
    { 0x1EB8, 29 }, // U+1EB8
    { 0x1EB9, 45 }, // U+1EB9
    { 0x1EBA, 29 }, // U+1EBA
    { 0x1EBB, 45 }, // U+1EBB
    { 0x1EBC, 29 }, // U+1EBC
    { 0x1EBD, 45 }, // U+1EBD
    { 0x1EBE, 29 }, // U+1EBE
    { 0x1EBF, 45 }, // U+1EBF
    { 0x1EC0, 29 }, // U+1EC0
    { 0x1EC1, 45 }, // U+1EC1
    { 0x1EC2, 29 }, // U+1EC2
    { 0x1EC3, 45 }, // U+1EC3
    { 0x1EC4, 29 }, // U+1EC4
    { 0x1EC5, 45 }, // U+1EC5
    { 0x1EC6, 29 }, // U+1EC6
    { 0x1EC7, 45 }, // U+1EC7
    { 0x1EC8, 29 }, // U+1EC8
    { 0x1EC9, 48 }, // U+1EC9
    { 0x1ECA, 29 }, // U+1ECA
    { 0x1ECB, 48 }, // U+1ECB
    { 0x1ECC, 30 }, // U+1ECC
    { 0x1ECD, 45 }, // U+1ECD
    { 0x1ECE, 30 }, // U+1ECE
    { 0x1ECF, 45 }, // U+1ECF
    { 0x1ED0, 30 }, // U+1ED0
    { 0x1ED1, 45 }, // U+1ED1
    { 0x1ED2, 30 }, // U+1ED2
    { 0x1ED3, 45 }, // U+1ED3
    { 0x1ED4, 30 }, // U+1ED4
    { 0x1ED5, 45 }, // U+1ED5
    { 0x1ED6, 30 }, // U+1ED6
    { 0x1ED7, 45 }, // U+1ED7
    { 0x1ED8, 30 }, // U+1ED8
    { 0x1ED9, 45 }, // U+1ED9
    { 0x1EDA, 30 }, // U+1EDA
    { 0x1EDB, 45 }, // U+1EDB
    { 0x1EDC, 30 }, // U+1EDC
    { 0x1EDD, 45 }, // U+1EDD
    { 0x1EDE, 30 }, // U+1EDE
    { 0x1EDF, 45 }, // U+1EDF
    { 0x1EE0, 30 }, // U+1EE0
    { 0x1EE1, 45 }, // U+1EE1
    { 0x1EE2, 30 }, // U+1EE2
    { 0x1EE3, 45 }, // U+1EE3
    { 0x1EE4, 35 }, // U+1EE4
    { 0x1EE5, 54 }, // U+1EE5
    { 0x1EE6, 35 }, // U+1EE6
    { 0x1EE7, 54 }, // U+1EE7
    { 0x1EE8, 35 }, // U+1EE8
    { 0x1EE9, 54 }, // U+1EE9
    { 0x1EEA, 35 }, // U+1EEA
    { 0x1EEB, 54 }, // U+1EEB
    { 0x1EEC, 35 }, // U+1EEC
    { 0x1EED, 54 }, // U+1EED
    { 0x1EEE, 35 }, // U+1EEE
    { 0x1EEF, 54 }, // U+1EEF
    { 0x1EF0, 35 }, // U+1EF0
    { 0x1EF1, 54 }, // U+1EF1
    { 0x1EF2, 39 }, // U+1EF2
    { 0x1EF3, 57 }, // U+1EF3
    { 0x1EF4, 39 }, // U+1EF4
    { 0x1EF5, 57 }, // U+1EF5
    { 0x1EF6, 39 }, // U+1EF6
    { 0x1EF7, 57 }, // U+1EF7
    { 0x1EF8, 39 }, // U+1EF8
    { 0x1EF9, 57 }, // U+1EF9
    { 0x2012, 67 }, // U+2012
    { 0x2013, 67 }, // U+2013
    { 0x2014, 67 }, // U+2014
    { 0x2015, 67 }, // U+2015
    { 0x2018, 82 }, // U+2018
    { 0x2019, 83 }, // U+2019
    { 0x201A, 84 }, // U+201A
    { 0x201C, 82 }, // U+201C
    { 0x201D, 83 }, // U+201D
    { 0x201E, 84 }, // U+201E
    { 0x2022, 85 }, // U+2022
    { 0x2026, 11 }, // U+2026
    { 0x2030, 5 }, // U+2030
    { 0x2032, 2 }, // U+2032
    { 0x2033, 2 }, // U+2033
    { 0x2039, 66 }, // U+2039
    { 0x203A, 71 }, // U+203A
    { 0x20AC, 86 }, // U+20AC
    { 0x20B9, 87 }, // U+20B9
    { 0xFB00, 46 }, // U+FB00
    { 0xFB01, 46 }, // U+FB01
    { 0xFB02, 46 }, // U+FB02
    { 0xFB03, 46 }, // U+FB03
    { 0xFB04, 46 }, // U+FB04
};

static const int8_t sourceserif4_18_regularKernMatrix[] = {
       0,    0,    0,    0,    0,    0,    0,    0,    0,    0,  -61,  -48,    0,    0,    0,    0,  -36,  -12,  -17,    0,    0,    0,    0,    0,    0,    0,    0,  -51,    0,  -17,   -6,    0,   -6,   17,   -3,    0,    0,    0,    0,    0,    0,    0,  -19,    0,  -24,    0,  -30,    6,    0,   -6,  -12,  -19,    0,    0,    0,    0,    0,   -6,    0,    0,    0,    0,    0,    0,    0,  -29,    0,    0,    0,    0,    0,  -72,  -66,  -19,  -19,    6,   30,   30,   11,   30,  -19,    0,    0,    0,    0,    0,    0,
       0,    0,    0,    0,    0,    0,    0,    0,    0,    0,    0,  -23,    0,  -11,    0,    0,  -11,    0,    0,    0,    0,    0,    0,    0,    0,    0,    0,  -24,    0,    6,    0,    0,    0,    0,    0,  -11,  -11,    0,    0,    0,    0,    0,    0,    0,    0,    0,   -6,    0,    0,    0,    0,    0,    6,    0,    0,    0,    0,    0,    0,    0,    0,    0,    0,    0,    0,    0,    0,    0,    0,    0,    0,    0,  -25,    0,    0,    0,    0,    0,    0,    0,    0,    0,    0,    0,    0,    0,    0,
       0,    0,    0,    0,    0,    0,    0,    0,    0,    0,    0,    0,    0,   -6,    0,    0,    0,    0,    0,   -7,    0,   -6,    0,    0,    0,    0,    0,    0,    0,    0,    0,    0,    0,    0,    0,    0,    0,    0,    0,    0,    0,    0,    0,    0,    0,    0,    0,    0,    0,    0,    0,    0,    0,    0,    0,    0,    0,    0,    0,    0,    0,    0,    0,    0,    0,    0,    0,    0,    0,    0,    0,    0,    0,    0,    0,    0,    0,    0,    0,    0,    0,    0,    0,    0,    0,    0,    0,
       0,    0,    0,    0,    0,    0,    0,  -13,    0,    0,   -6,    0,    0,    0,    0,    0,  -17,   -6,  -11,  -12,    0,    0,    0,    0,    0,    0,    0,    0,    0,    0,   -6,    0,    0,  -36,  -18,  -42,  -37,    0,  -48,    0,    0,    0,    0,    0,   -6,    0,    0,    0,    0,    0,    0,    0,    0,    0,    0,    0,    0,    0,    0,    0,    0,    0,    0,    0,    0,  -13,  -18,    0,    0,    0,    0,    0,    0,    0,    0,    0,    0,    0,    0,    0,    0,    0,    0,    0,    0,    0,    0,
       0,    0,  -11,    0,    0,  -13,  -31,    0,    0,    0,    0,    0,  -12,    0,  -12,  -12,  -19,  -12,  -12,    0,  -12,   -6,  -23,    0,    0,    0,    0,  -18,    0,  -12,    0,    0,   -6,    0,   -6,    0,    0,    0,    0,    0,    0,    0,    0,    0,  -18,    0,    0,    0,   61,  -12,    0,  -12,   -6,  -12,  -12,   -6,    6,   -6,    0,    0,    0,    0,    0,    0,    0,  -25,  -24,    0,    0,  -36,  -25,  -13,  -24,    0,    0,    0,   17,   17,   11,   17,  -12,  -11,    0,    0,  -25,    0,    0,
       0,    0,    0,    0,    0,    0,    0,  -31,    0,    0,  -24,    0,    0,    0,    0,    0,    0,    0,    0,    0,    0,    0,    0,    0,    0,    0,    0,    0,    0,    0,    0,    0,    0,    0,    0,    0,    0,    0,    0,    0,    0,    0,    0,    0,    0,    0,    0,    0,    0,    0,    0,    0,    0,    0,    0,    0,    0,    0,    0,    0,    0,    0,    0,    0,    0,    0,    0,    0,    0,    0,    0,    0,    0,    0,    0,    0,    0,    0,    0,    0,    0,    0,    0,    0,    0,    0,    0,
       0,    0,    0,    0,    0,    0,    0,    0,    0,    0,  -60,    0,    0,    0,    0,    0,    0,    0,    0,    0,    0,    0,    0,    0,    0,    0,    0,  -73,    0,   -6,  -12,    0,    0,   12,    0,    0,    0,   -6,    0,    0,    0,    0,  -24,    0,  -13,    0,  -24,    0,    0,   -6,   -6,  -12,    0,    0,    0,    0,    0,   -6,    0,    0,    0,    0,    0,    0,    0,    0,    0,    0,    0,    0,    0,    0, -102,  -24,  -24,    0,   11,   11,    0,   11,  -12,    0,    0,    0,    0,    0,    0,
       0,    0,    0,    0,    0,    0,    0,    0,    0,    0,    0,    0,    0,  -23,  -23,  -19,    0,  -12,    0,  -36,  -17,   -6,    0,    0,    0,    0,    0,    0,    0,    0,    0,    0,    0,    0,    0,    0,    0,    0,    0,    0,    0,    0,    0,    0,    0,    0,    0,    0,    0,    0,    0,    0,    0,    0,    0,    0,    0,    0,    0,    0,    0,    0,    0,    0,    0,    0,    0,    0,    0,    0,    0,    0,    0,    0,    0,    0,    0,    0,    0,    0,    0,    0,    0,    0,    0,    0,    0,
       0,  -48,    0,    0,    0,    0,    0,  -29,  -77,    0,  -24,    0,  -23,  -29,  -17,  -17,  -47,  -17,  -35,  -24,  -17,  -47,    0,    0,    0,    0,    0,    0,    0,  -35,    0,    0,    0,  -48,  -36,  -78,  -72,    0,  -60,    0,  -77,    0,  -12,    0,  -18,    0,  -11,    0,    7,    0,  -18,  -11,  -24,  -24,  -54,    0,  -24,  -11,    0,    0,    0,    0,    0,    0,  -83,  -35,  -23,    0,    0,    0,    0,    0,    0,  -12,  -12,    0,    0,    0,  -12,    0,  -11,  -60,  -60,    0,    0,    0,    0,
       0,    0,  -12,    0,    0,    0,    0,    0,    0,    0,  -83,  -49,    0,    0,    0,    0,  -30,    0,  -18,   11,   -6,   -6,    0,    0,    0,    0,    0,  -43,    0,    0,    0,    0,    0,    0,    0,    6,    6,    0,    0,    0,    0,    0,  -19,    0,  -18,    0,  -19,    0,    0,  -12,  -12,  -13,    0,   -7,    0,   -7,    0,  -13,    0,  -24,    0,    0,    0,    0,    0,  -25,  -36,    0,    0,  -19,    0,  -72,  -43,  -19,  -19,    0,   18,   18,    6,   18,  -13,    0,    0,  -48,    0,    0,    0,
       0,    0,    0,    0,    0,    0,    0,  -12,    0,    0,  -29,    0,    0,    0,    0,    0,    0,    0,    0,    0,    0,    0,    0,    0,    0,    0,    0,  -12,   -6,    0,    0,    0,    0,    0,  -12,  -12,  -12,   -6,  -18,    0,    0,  -24,    0,    0,    6,    0,    0,   12,   12,   12,    0,    0,    6,    0,    6,    0,    6,    0,    0,    0,    0,    0,    0,    0,    0,    0,    0,    0,    0,    0,    0,    0,  -13,    0,    0,   12,   12,   12,    0,   12,    0,    0,   11,    0,    0,    0,    0,
       0,  -23,    0,  -11,  -23,    0,    0,    0,  -29,  -17,    0,    0,    0,    0,    0,    0,  -12,   -6,   -6,  -12,   -6,  -12,  -11,  -17,  -23,    0,    0,    0,    0,   -6,    0,    0,    0,  -12,  -18,  -24,  -24,    0,  -24,    0,    0,    0,   -6,    0,  -12,    0,    0,    0,    0,    0,  -12,    0,   -6,  -12,  -18,    0,  -18,    0,    0,    0,  -12,    0,   -6,    0,  -23,  -18,  -23,  -35,  -35,  -41,    0,    0,    0,   -6,   -6,    0,    0,    0,    0,    0,    0,  -35,  -23,    0,  -17,   -6,  -29,
       0,    0,    0,    0,   -6,    0,    0,    0,    0,    0,   -6,    0,    0,    0,    0,    0,  -12,    0,    0,    0,    0,    0,    0,    0,    0,    0,    0,    0,    0,    0,    0,    0,    0,    0,  -13,  -13,  -13,    0,  -18,    0,    0,    0,    0,    0,   -6,    0,    0,    0,    0,    0,  -12,    0,    0,    0,    0,    0,    0,    0,    0,    0,    0,    0,    0,    0,    0,  -12,  -23,    0,    0,  -23,    0,    0,    0,    0,    0,    0,    0,    0,    0,    0,    0,    0,    0,    0,  -11,    0,    0,
       0,    0,    0,  -11,  -17,    0,    0,  -12,   -6,  -17,  -17,  -18,    0,    0,    0,    0,    0,  -12,    0,  -18,   -6,    0,    0,    0,  -11,    0,    0,    0,   -6,    0,  -12,   -6,    0,  -12,  -24,  -30,  -30,  -12,  -24,    0,  -11,  -18,    0,    0,    0,   -6,   -6,    0,    0,    0,  -12,    0,    0,    0,   -6,    0,   -6,    0,    0,    0,   -6,    0,    0,    0,   -6,    0,    0,  -17,  -11,  -17,    0,    0,  -18,    0,    0,    0,    0,    0,    0,    0,    0,   -6,   -6,    0,   -6,    0,   -6,
       0,  -12,    0,    0,    0,   12,   11,   11,    0,    0,  -11,    0,    5,    0,    0,    0,    6,    0,    0,    0,    0,    0,    0,   11,    0,    0,   11,    0,    0,    0,    0,    0,    0,    0,    0,  -19,  -19,    0,  -19,    6,    0,  -17,    0,    0,    6,    0,    0,    0,    0,    0,   -6,    0,    6,    0,   -6,    0,    0,    0,    0,    0,    0,    0,    0,    0,    0,   11,   11,  -12,  -18,    0,    0,    0,   -7,    0,    0,    0,    0,    0,    0,    0,    0,  -13,    0,    0,    0,    0,    0,
       0,    0,    0,   -6,    0,    6,    0,    0,    0,    0,  -23,  -12,    0,    0,    0,    0,    0,   -6,   -6,   -7,    0,  -12,    0,    0,   -6,    0,    0,  -12,    0,    0,    0,    0,    0,    0,   -6,   -6,   -6,    0,   -6,    0,    0,  -18,    0,    0,    0,   -6,    0,    0,    0,    0,   -6,    0,    0,    0,   -6,    0,   -6,    0,    0,    0,    0,    0,    0,    0,    0,    0,    0,    0,   -6,   -6,    0,    0,   -7,    0,    0,    0,    0,    0,    0,    0,    0,    0,    0,    0,    0,    0,    0,
       0,    0,    0,   -6,    0,    0,    0,    0,    0,    0,  -11,  -11,    0,   -6,   -6,    0,    0,   -6,    0,  -13,    0,  -12,    0,    0,  -11,    0,    0,   -6,    0,    0,   -7,    0,    0,    0,   -7,   -7,   -7,    0,   -7,    0,    0,  -17,    0,    0,    0,    0,    0,    0,    0,    0,   -6,    0,    0,    0,   -7,    0,   -7,    0,    0,    0,    0,    0,    0,    0,   -6,    0,    0,  -11,  -24,  -11,    0,    0,    0,    0,    0,    0,    0,    0,   -6,    0,    0,  -11,    0,    0,    0,    0,   -6,
       0,    0,  -12,  -12,   -6,  -19,    0,    0,    0,  -13,  -66,  -42,    0,    0,  -13,  -13,  -31,  -25,  -24,    0,  -15,  -12,  -12,    0,    0,    0,  -25,  -43,    0,   -6,    0,    0,    0,    0,   -6,    0,    0,    0,    0,    0,   11,  -78,  -19,    0,  -24,   -6,  -24,    0,    0,  -18,  -18,  -19,    0,  -13,   -6,  -12,   -6,  -12,    0,    0,  -18,  -12,    7,    0,    0,  -30,  -36,    0,    0,  -29,  -12,    0,  -49,  -19,  -19,    0,   12,   12,    0,   12,  -19,    0,   12,    0,  -18,  -18,    0,
       0,    0,    0,   -6,    0,    0,    0,  -12,    0,    0,  -64,  -41,    0,    0,    0,    0,    0,  -18,  -11,  -12,  -12,    0,    0,    0,  -12,    0,    0,  -37,  -18,    0,  -13,   -6,    0,    0,  -18,  -24,  -24,  -18,  -29,    0,    0,  -59,   -6,   -6,    0,    0,   -6,    0,    0,   -5,   -6,    0,    6,    0,    6,    0,    6,    0,    0,    0,    0,    0,    0,    0,    0,    0,    0,    0,  -11,   -6,    0,    0,  -37,   -6,   -6,    0,    0,    0,    0,    0,    0,    0,    0,    0,    0,    0,    0,
       0,    0,    0,    0,    0,    0,    0,    0,    0,    0,    0,    0,    0,  -17,    0,    0,    0,    0,    0,  -12,    0,    0,    0,    0,    0,    0,    0,    0,    0,    0,    0,    0,    0,    0,   -6,  -18,  -18,   -6,  -29,    0,    0,    0,    0,    0,    0,    0,    0,    0,    0,    0,    0,    0,    0,    0,    0,    0,    0,    0,    0,    0,    0,    0,    0,    0,    0,    0,    0,    0,    0,    0,    0,    0,    0,    0,    0,    0,    0,    0,    0,    0,    0,    0,    0,    0,    0,    0,    0,
       0,    0,    0,    0,    0,    0,    0,    0,    0,    0,    0,    0,    0,  -11,  -12,   -6,    0,   -6,  -11,    0,  -11,  -11,    0,    0,    0,    0,    0,    0,    0,    0,    0,    0,    0,    0,    0,    0,    0,    0,    0,    0,    0,    0,    0,    0,    0,    0,    0,    0,    0,    0,    0,    0,    0,    0,    0,    0,    0,    0,    0,    0,    0,    0,    0,    0,    0,    0,    0,    0,    0,    0,    0,    0,    0,    0,    0,    0,    0,    0,    0,    0,    0,    0,    0,    0,    0,    0,    0,
       0,    0,    0,    0,    0,    0,    0,    0,    0,    0,    0,    0,    0,  -17,   -6,  -12,    6,    0,    0,  -18,    0,    0,    0,    0,    0,    0,    0,    0,    0,    0,    0,    0,    0,    0,    0,    0,    0,    0,    0,    0,    0,    0,    0,    0,    0,    0,    0,    0,    0,    0,    0,    0,    0,    0,    0,    0,    0,    0,    0,    0,    0,    0,    0,    0,    0,    0,    0,    0,    0,    0,    0,    0,    0,    0,    0,    0,    0,    0,    0,    0,    0,    0,    0,    0,    0,    0,    0,
       0,    0,    0,    0,    0,    0,    0,  -25,    0,    0,  -71,  -48,    0,    0,    0,    0,    0,    0,    0,    0,    0,    0,    0,    0,    0,    0,    0,    0,    0,    0,    0,    0,    0,    0,    0,    0,    0,    0,    0,    0,    0,    0,    0,    0,    0,    0,    0,    0,    0,    0,    0,    0,    0,    0,    0,    0,    0,    0,    0,    0,    0,    0,    0,    0,    0,  -35,    0,    0,    0,    0,  -12,    0,    0,    0,    0,    0,    0,    0,    0,    0,    0,    0,    0,    0,    0,    0,    0,
       0,    0,    0,    0,    0,    0,    0,    0,    0,    0,    0,    0,    0,    0,    0,    0,    0,   -6,    0,    0,    0,    0,    0,    0,    0,    0,    0,    0,    0,    0,    0,    0,    0,    0,    0,    0,    0,    0,    0,    0,    0,  -48,    0,   -6,    0,    0,   -6,    0,    0,    0,   -6,    0,    0,    0,    0,    0,    0,    0,    0,    0,    0,    0,    0,    0,    0,    0,    0,    0,    0,    0,    0,    0,    0,    0,    0,    0,    0,    0,    0,    0,    0,    0,    0,    0,    0,    0,    0,
       0,  -36,    0,    0,    0,    0,    0,  -18,  -66,    0,    0,    0,   -7,    0,    0,   -6,  -23,    0,  -12,  -19,    0,  -13,    0,    0,    0,    0,    0,    6,   -6,  -23,   -9,   -6,    0,  -37,  -41,  -71,  -59,    0,  -54,    0,  -36,    0,   -3,    0,  -12,    0,    0,    0,   -6,    0,  -18,    0,  -12,  -13,  -36,    0,  -30,    0,    0,    0,    0,    0,    0,   -7,  -66,  -18,  -18,    0,  -84,  -36,    0,    0,    0,   -3,   -3,    0,    0,    0,  -12,    0,    0,  -54,  -48,    0,  -19,    0,    0,
       0,   -6,    0,    0,    0,    0,    0,  -12,   -6,    0,  -17,  -13,    0,   -6,  -12,   -6,    0,    0,    0,   -7,    0,   -6,    0,    0,    0,    0,    0,  -18,  -14,   -6,   -9,  -12,    0,  -12,  -18,  -30,  -24,  -18,  -30,   -6,  -12,  -13,    0,   -6,    0,  -12,    0,    0,    0,    0,   -6,    0,    0,  -12,  -11,   -6,   -6,    0,    0,    0,    0,    0,    0,    0,    0,    0,    0,    0,  -17,   -6,    0,    0,  -30,    0,    0,    0,    0,    0,   -6,    0,    0,   -6,    0,    0,    0,    0,    0,
       0,   12,    0,    0,    0,    0,    0,    0,    0,    0,    0,    0,    0,    0,    0,    0,    0,    0,    0,    0,    0,    0,    0,    0,    0,    0,    0,    0,    0,    0,    0,    0,    0,    0,   -6,   -6,   -6,    0,  -11,    0,    0,   -6,    0,    0,    0,    0,    0,    0,    0,    0,   -6,    0,    0,   -6,    0,    0,    0,    0,    0,    0,    0,    0,    0,    0,    6,    0,    0,    0,    0,  -12,    0,    0,  -11,    0,    0,    0,    0,    0,    0,    0,    0,    7,   12,    0,    0,    0,    0,
       0,    0,    0,    0,    0,    0,    0,  -12,    0,    0,  -24,  -18,    0,   -6,  -12,   -6,   -6,    0,    0,   -7,    0,    0,    0,    0,    0,    0,   11,  -36,  -18,    6,   -6,  -12,    0,  -12,  -12,  -29,  -29,  -24,  -35,   -6,  -12,  -43,    0,   -6,    0,    0,   -6,    0,    0,    0,   -6,   -6,    0,    0,    0,   -6,    0,    0,    0,    0,    0,    0,    0,    6,    0,    0,    0,    0,  -12,    0,    0,    0,  -48,    0,    0,    0,    0,    0,    0,    0,   -6,  -11,    0,    0,    0,    0,    0,
       0,    0,    0,    0,    0,    0,    0,    0,    0,    0,    0,    0,    0,    0,    0,   -6,    0,    0,    0,    0,    0,    0,    0,    0,    0,    0,    0,    0,    0,    0,    0,    0,    0,    0,   -9,   -9,   -9,    0,   -9,    0,    0,    0,    0,    0,    0,    0,   -6,    0,    0,    0,  -12,    0,    0,   -6,  -13,    0,  -12,    0,    0,    0,    0,    0,    0,    0,    0,    0,    0,    0,    0,  -13,    0,    0,    0,    0,    0,    0,    0,    0,    0,    0,    0,    0,    0,    0,   -7,    0,    0,
       0,    6,    0,    0,    0,   -7,    0,    0,    6,    0,  -54,  -37,    0,    0,   -6,   -7,  -19,  -13,  -13,    6,    0,    0,    0,    0,    0,    0,  -13,  -43,   -6,   -6,    0,    0,    0,    6,    0,    0,    0,    0,    0,    0,    6,  -73,  -25,    0,  -25,  -18,  -36,   -7,    0,  -13,  -24,  -27,    0,  -13,  -13,  -19,  -13,  -18,    0,    0,    0,    0,    0,    0,    0,  -19,  -12,    0,    0,  -18,   -7,    0,  -78,  -25,  -25,   -7,   12,   12,    5,   12,  -27,   12,    6,    0,  -12,    0,    0,
       0,    0,    0,    0,    0,    0,    0,   -6,    0,    0,   -6,  -12,    0,   -6,  -12,   -6,    0,    0,    0,    0,    0,    0,    0,    0,    0,    0,    6,   -7,   -6,    6,    0,    0,    0,   -7,  -10,  -24,  -24,  -12,  -29,   -7,    0,  -24,    0,    0,    0,    0,    0,    0,    0,    0,   -6,    0,    0,    0,    0,    0,    0,    0,    0,    0,    0,    0,    0,    0,    0,   12,   11,    0,  -18,    0,    0,    0,  -24,    0,    0,    0,    0,    0,    0,    0,    0,    0,    0,    0,    0,    0,    0,
       0,    0,    0,    0,    0,    0,    0,    0,    0,    0,    0,    0,   -6,  -12,   -6,   -6,  -24,   -7,  -12,    0,   -6,  -12,    0,    0,    0,    0,    0,    0,    0,  -14,    0,    0,    0,    0,    0,    0,    0,    0,    0,    0,    0,    0,  -12,    0,  -12,  -11,  -12,    0,    0,    0,  -18,  -12,   -6,  -13,  -24,    0,  -18,    0,    0,    0,    0,    0,    0,    0,    0,  -12,    0,    0,    0,    0,    0,    0,    0,  -12,  -12,    0,    6,    6,    0,    6,  -12,    0,    0,    0,    0,    0,    0,
       0,    0,    0,    0,    0,    0,    0,    0,    0,    0,  -31,  -19,    0,  -12,   -7,  -12,  -24,   -7,  -12,    0,    0,  -12,  -12,    0,    0,    0,   -7,  -25,    0,   -6,   -6,    0,   -6,    0,    0,    0,    0,    0,    0,    0,    0,  -43,  -16,    0,  -12,  -24,  -18,   -6,   -6,  -18,  -24,  -18,  -12,  -18,  -18,  -13,  -18,  -13,    0,    0,    0,    0,    0,    0,    0,  -13,   -6,    0,    0,  -12,  -12,    0,  -31,  -16,  -16,   -6,    9,    9,    0,    9,  -18,    0,    0,    0,    0,    0,    0,
       0,    0,    0,    0,    0,    0,    0,    0,    0,    0,    0,    0,   -7,    0,    0,    0,    0,    0,  -12,    0,   -6,  -13,    0,    0,    0,    0,    0,    6,    0,  -18,  -12,    0,    0,    0,   -7,   -6,   -6,    0,   -6,    6,    0,    0,   -6,    0,  -12,    0,   -6,    0,    0,    0,  -18,    0,  -13,  -13,  -36,    0,  -30,    0,    0,    0,    0,    0,    0,  -13,    0,  -18,  -18,    0,    0,  -48,    0,    0,    0,   -6,   -6,    0,   11,   11,    0,   11,    0,    0,    0,    0,  -30,    0,    0,
       0,  -66,    0,    0,    0,    0,    0,  -17,  -60,    0,    0,    0,    0,  -11,  -12,    0,  -11,    0,    0,  -19,    0,  -19,    0,    0,    0,    0,    0,    0,  -11,  -12,  -12,   -6,  -11,  -48,  -30,  -71,  -60,  -11,  -65,  -11,  -35,    0,    0,    0,    0,   -6,    0,    0,    0,    0,  -12,    0,   -6,  -14,  -25,    0,  -19,    0,    0,    0,    0,    0,    0,    0,  -71,    0,    0,    0,  -89,  -35,    0,    0,   -6,    0,    0,    0,    0,    0,  -18,    0,    0,  -49,  -43,    0,  -17,    0,    0,
       0,    0,    0,    0,    0,    0,    0,    0,    0,    0,  -19,  -19,    0,  -18,  -13,  -13,  -19,  -13,  -13,    0,   -7,  -12,   -6,    0,    0,    0,    0,  -25,   -6,  -12,    0,    0,   -6,    0,   -6,    0,    0,   -6,    0,    0,    0,  -36,   -7,    0,   -7,  -12,  -13,    0,    0,   -7,  -13,   -7,   -7,  -13,  -13,  -13,  -13,  -13,    0,    0,    0,    0,    0,    0,    0,  -12,    0,    0,    0,   -6,   -7,    0,  -42,   -7,   -7,    0,    6,    6,    0,    6,   -7,    0,    0,    0,    0,    0,    0,
       0,  -17,    0,    0,    0,    0,    0,  -12,   -6,    0,  -24,  -11,    0,   -6,    0,   -6,    0,    0,    0,    0,    0,    0,    0,    0,    0,    0,   12,  -24,  -14,    6,   -6,  -12,    0,   -6,  -12,  -24,  -18,  -18,  -23,    0,   -6,  -30,    0,    0,    0,    0,    0,    0,    0,    0,    0,    0,    0,    0,    0,    0,    0,    0,    0,    0,    0,    0,    0,    6,    6,   12,    6,    0,   -7,    0,    0,    0,  -36,    0,    0,    0,    0,    0,   -6,    0,    0,    0,    0,    0,    0,    0,    0,
       0,    6,    0,    0,    0,    0,    0,   -6,   12,    0,  -61,  -31,    0,    0,    0,    0,  -13,    0,    0,    0,    0,    0,    6,    0,    0,    0,    0,  -37,   -6,    0,   -6,    0,    6,    6,  -12,   -6,   -6,  -12,  -12,    5,    6,  -85,    0,    0,  -12,    0,  -12,    6,    0,   -6,    0,    0,   11,    0,    6,    0,   12,    0,    0,    0,    0,    0,    0,    6,   12,    0,    0,    0,    0,    0,    0,    0,  -66,    0,    0,    6,    6,    6,    0,    6,    0,   18,   12,    0,    0,    0,    0,
       0,  -24,    0,    0,    0,    0,    0,    0,   -7,    0,    0,    0,   -6,   -5,    0,    0,  -18,    0,   -7,  -13,    0,  -12,    0,    0,    0,    0,    0,    6,    0,  -12,   -6,    0,    0,  -19,  -19,  -36,  -30,    6,  -30,    6,  -13,   12,    0,    0,   -6,    0,    0,    0,    0,    0,   -6,    0,   -6,   -7,  -12,    0,  -12,    0,    0,    0,    0,    0,    0,   -6,  -13,  -12,   -6,    0,  -25,  -24,   -6,    0,    6,    0,    0,    0,    0,    0,   -6,    0,    0,  -18,   -7,    0,  -18,    0,    0,
       0,    0,    0,    0,    0,    0,    0,   -6,    0,    0,  -12,  -12,    0,  -12,  -12,    0,    0,    0,    0,   -7,    0,   -6,    0,    0,    0,    0,    0,  -12,   -6,    0,   -6,   -6,   -6,   -6,  -18,  -18,  -18,   -6,  -18,    0,    0,  -25,    0,   -6,    0,  -11,   -6,    0,    0,    0,   -6,    0,   -6,   -6,  -12,   -6,  -12,    0,    0,    0,    0,    0,    0,    0,    0,    0,    0,    0,  -12,    0,    0,    0,  -24,    0,    0,    0,    0,    0,   -6,    0,    0,   -6,    0,    0,    0,    0,    0,
       0,   17,    0,    0,    0,    0,    0,    0,   12,    0,  -48,  -25,    0,    0,    0,    0,  -31,    0,  -13,    6,    0,    0,    0,    0,    0,    0,  -12,  -42,    0,   -6,    0,    0,    0,    6,   -6,    0,    0,    0,    0,    5,   12,  -49,  -25,    0,  -42,   -7,  -25,    0,    0,  -18,  -41,  -30,    0,  -13,  -24,  -19,  -24,  -36,  -11,    0,    0,    0,    0,    0,   12,  -30,  -25,    0,   11,  -24,    0,    0,  -48,  -25,  -25,    0,   18,   18,    0,   18,  -30,   12,   18,    0,  -12,    0,    0,
       0,    0,    0,    0,    0,   -7,    0,   -6,    0,    0,  -48,  -37,   -6,  -12,  -18,  -18,  -24,  -18,  -24,    0,  -18,  -12,   -7,    0,    0,    0,    0,  -48,  -12,  -18,   -9,   -6,  -12,   -6,  -12,  -12,   -6,   -6,    0,   -6,    0,  -48,  -25,    0,  -19,  -13,  -25,  -13,  -12,  -18,  -24,  -24,  -13,  -19,  -13,  -19,  -18,  -19,    0,    0,    0,    0,    0,    0,    0,  -24,   -6,    0,   -6,  -12,  -13,    0,  -49,  -25,  -25,  -13,    6,    6,    0,    6,  -24,    0,    0,    0,   -6,    0,    0,
       0,    0,    0,    0,    0,  -25,    0,    0,    0,    0,  -84,  -54,  -24,  -12,  -18,  -13,  -49,  -19,  -42,    6,  -24,  -12,  -24,    0,    0,    0,  -31,  -72,    0,  -30,    0,    0,  -12,    0,   -6,    0,    0,    0,    0,   -6,    6,  -97,  -48,    0,  -43,  -29,  -48,  -18,  -13,  -36,  -42,  -54,  -19,  -36,  -25,  -42,  -36,  -36,  -23,    0,    0,    0,    0,  -18,    0,  -47,  -41,    0,    0,  -41,  -30,    0,  -83,  -78,  -84,  -18,    6,   24,    0,    6,  -54,    0,    0,    0,  -25,    0,    0,
       0,    0,    0,    0,    0,  -20,    0,    0,    0,    0,  -73,  -54,  -24,  -12,  -24,  -13,  -43,  -19,  -31,    0,  -18,  -18,  -24,    0,    0,    0,  -31,  -66,    0,  -24,    0,   -6,  -12,    0,   -6,    0,    0,    0,    0,   -6,    6,  -79,  -42,    0,  -43,  -24,  -49,  -13,  -12,  -30,  -41,  -42,  -15,  -30,  -24,  -31,  -24,  -36,  -23,    0,    0,    0,    0,  -18,    0,  -42,  -36,    0,    0,  -36,  -30,    0,  -78,  -72,  -42,  -13,    0,   24,    0,    0,  -42,    0,   12,    0,  -25,    0,    0,
       0,    0,    0,    0,    0,    0,    0,    0,    0,    0,    0,    0,    0,    0,    0,  -12,  -24,    0,  -12,    0,   -6,  -12,   -6,    0,    0,    0,    0,    0,    0,  -18,    0,    0,    0,   -6,   -6,    0,    0,    0,    0,    6,    0,    0,    0,    0,  -18,    0,    0,    0,  -11,    0,  -18,   -6,  -18,  -24,  -42,    0,  -30,    0,    0,    0,    0,    0,    0,  -12,    0,  -24,  -24,    0,    0,  -42,    0,    0,    0,    0,    0,    0,    0,    0,    0,    0,   -6,    0,    0,    0,  -24,    0,    0,
       0,    0,    0,    0,    0,  -24,    0,    0,    0,    0,  -60,  -54,  -19,  -17,  -18,  -18,  -49,  -24,  -42,    0,  -24,  -23,  -35,    0,    0,    0,  -31,  -54,    0,  -30,    0,    0,  -23,    0,    0,    0,    0,    0,    0,    0,    7,  -66,  -48,    0,  -54,  -35,  -56,  -24,  -12,  -41,  -53,  -48,  -36,  -47,  -41,  -37,  -41,  -48,  -17,    0,    0,    0,    0,  -23,    0,  -48,  -47,    0,    0,  -53,  -36,    0,  -54,  -84,  -48,  -36,    6,   18,    0,   18,  -48,    0,    0,    0,  -30,    0,    0,
       0,    0,    0,    0,    0,    0,    0,    0,    0,    0,    0,    0,    0,    0,    0,    0,    0,    0,    0,    0,    0,   -6,    0,    0,    0,    0,    0,    0,    0,   -6,    0,    0,    0,   -6,  -12,   -6,   -6,    0,   -6,    0,    0,    0,    0,    0,    0,    0,    0,    0,    0,    0,   -6,    0,    0,   -6,  -18,    0,  -18,    0,    0,    0,    0,    0,    0,    0,    0,    0,    0,    0,    0,  -13,    0,    0,    0,    0,    0,    0,   11,   11,    0,   11,    0,   -6,    0,    0,  -12,    0,    0,
       0,  -48,    0,    0,    0,    0,    0,    0,    0,    0,   11,    0,  -12,    0,    0,    0,  -18,  -12,  -11,  -24,    0,  -12,    0,    0,    0,    0,    0,    0,    0,  -18,   43,    0,    0,  -37,  -31,  -60,  -54,    0,  -47,    0,  -49,    0,    0,    0,    0,    0,    0,    0,   55,    0,    0,    0,   -7,    0,  -13,    0,   17,    0,    0,    0,    0,    0,    0,    0,    0,  -19,  -13,    0,    0,  -24,    0,    0,    0,    0,    0,    0,    0,    0,    0,    0,    0,  -48,  -48,   11,    0,    0,    0,
       0,    0,    0,    0,    0,    0,    0,    0,    0,    0,    0,    0,  -24,    0,    0,  -13,  -42,  -12,  -18,  -12,  -18,  -13,    0,    0,    0,    0,    0,    0,    0,  -31,   20,    0,  -12,  -49,  -60,  -91,  -85,    0,  -66,    0,    0,    0,   -7,    0,  -30,    0,    0,    0,    0,    0,  -12,  -12,  -31,  -24,  -43,    0,  -35,    0,    0,    0,    0,    0,    0,    0,    0,    0,    0,    0,    0,    0,    0,    0,    0,   -7,   -7,    0,    0,    0,  -12,    0,  -12,    0,    0,    0,    0,    0,    0,
       0,  -36,    0,    0,    0,    0,    0,    0,  -24,    0,    0,    0,    0,  -11,    0,    0,   -6,    0,   -6,  -13,    0,  -18,    0,    0,    0,    0,    0,    6,    0,   -6,  -12,    0,    0,  -30,  -29,  -59,  -53,    0,  -48,    0,  -24,    0,    0,    0,    0,    0,   -6,    0,    0,   -3,  -12,    0,    0,    0,  -12,    0,   -6,    0,    0,    0,    0,    0,    0,    0,  -24,    0,   -6,    0,  -36,    0,    0,    0,    0,    0,    0,    0,    0,    0,  -12,    0,    0,  -30,  -18,    0,   -6,    0,    0,
       0,  -25,    0,    0,    0,    0,    0,   -7,  -13,    0,  -12,  -12,    0,  -17,   -7,   -6,    0,   -6,    0,  -25,    0,    0,    0,    0,    0,    0,    0,  -24,  -12,    0,   -6,   -6,   -6,  -36,  -24,  -48,  -42,  -13,  -48,    0,  -13,  -30,    0,   -6,    0,    0,    0,    0,    0,    0,   -6,    0,   -6,   -6,    0,  -12,   -6,    0,    0,    0,    0,    0,    0,    0,  -17,    0,    6,    0,  -30,    0,    0,    0,  -12,    0,    0,    0,    0,    0,   -6,    0,    0,  -30,  -12,    0,    0,    0,    0,
       0,    0,    0,    0,    0,    0,    0,    0,    0,    0,    0,    0,    0,  -12,    0,    0,  -12,    0,    0,   -7,    0,    0,    0,    0,    0,    0,    0,   -7,   -7,    0,  -13,    0,    0,  -24,  -18,  -42,  -36,  -12,  -36,    0,    0,  -13,    0,   -7,    0,    0,    0,    0,    0,    0,   -6,    0,    0,    0,    0,    0,    0,    0,    0,    0,    0,    0,    0,    0,    0,    0,    0,    0,  -13,    0,    0,    0,    0,    0,    0,    0,    0,    0,    0,    0,    0,   -6,    0,    0,    0,    0,    0,
       0,  -12,    0,    0,    0,   -6,    0,    0,  -12,    0,    0,    0,    0,    0,    0,    0,   -6,    0,    0,   -7,    0,   -6,    0,    0,    0,    0,    0,    0,    0,    0,    0,    0,    0,  -12,  -12,  -23,  -18,    0,  -24,    0,    0,    0,   -6,    0,    0,    0,   -6,    0,    0,    0,  -12,    0,    0,   -6,   -6,    0,   -6,    0,    0,    0,    0,    0,    0,    0,    0,  -12,    0,    0,  -12,    0,    0,    0,    0,   -6,   -6,    0,    0,    0,    0,    0,    0,  -18,  -12,    0,   -7,    0,    0,
       0,  -12,    0,    0,    0,    0,    0,   -6,  -12,    0,  -12,   -6,    0,  -12,   -6,    0,    0,    0,    0,  -18,    0,    0,    0,    0,    0,    0,    0,  -12,   -6,    0,  -12,    0,    0,  -30,  -18,  -42,  -36,  -12,  -42,    0,  -13,  -24,   -6,   -6,    0,   -6,    0,    0,    0,    0,   -6,    0,    0,    0,   -6,    0,   -6,    0,    0,    0,    0,    0,    0,    0,  -12,    6,    6,    0,  -18,    0,    0,    0,  -12,   -6,   -6,    0,    0,    0,   -6,    0,    0,  -18,   -6,    0,    0,    0,    0,
      25,   42,    0,    0,    0,    0,    0,   54,   31,    0,  -18,  -11,   18,   13,   13,   18,    0,   12,    0,   43,   13,   19,    0,    0,    0,   25,    0,    0,   14,    0,   20,   31,   18,   37,   31,   43,   43,   37,   43,   31,   61,  -11,    0,   -6,   -9,    0,    0,   18,   19,    0,    0,    0,    0,   -6,    6,    0,    6,    0,    0,    0,    0,    0,    0,    0,   49,  -18,    0,    0,   43,    0,    0,    0,    0,    0,    0,   54,   36,   84,   -6,   36,    0,   43,   36,    0,    0,    0,    0,
       0,    0,    0,    0,    0,  -12,    0,    0,    0,    0,    0,    7,    6,  -11,    0,   -6,  -13,   -7,    0,  -23,    0,    0,    0,    0,    0,    0,    0,    0,    0,    0,   31,    0,    0,  -12,  -18,  -24,  -24,    0,  -41,    0,   -7,    0,  -12,   -6,   -6,    0,   -6,    0,   14,    0,    0,    0,    0,    0,    3,    0,    6,    0,    0,    0,    0,    0,    0,    0,    0,   -7,    0,    0,    0,    0,    0,    0,    0,  -12,  -12,    0,    0,    0,    0,    0,    0,    0,    6,    0,    0,    0,    0,
       0,  -30,    0,    0,    0,    0,    0,   -7,  -41,    0,    0,    0,   -6,    0,   -6,   -6,  -17,    0,    0,  -24,    0,  -18,    0,    0,    0,    0,    0,    0,    0,    0,  -12,    0,    0,  -36,  -18,  -54,  -48,    0,  -42,    0,  -30,    0,    0,    0,    0,    0,    0,    0,    0,    0,   -9,    0,   -3,   -3,  -18,    0,  -18,    0,    0,    0,    0,    0,    0,    0,  -35,   -6,    0,    0,  -42,    0,    0,    0,    0,    0,    0,    0,    0,    0,   -7,    0,    0,  -42,  -24,    0,   -6,    0,    0,
       0,    0,    0,    0,    0,    0,    0,    0,    0,    0,    0,    0,    0,    0,    0,    0,    0,    0,    0,    0,    0,    0,    0,    0,    0,    0,    0,    0,    0,    0,    0,    0,    0,  -12,  -12,  -13,  -12,    0,  -12,    0,    0,    0,    0,    0,    0,    0,    0,    0,    0,    0,   -6,    0,    0,    0,   -9,    0,   -9,    0,    0,    0,    0,    0,    0,    0,    0,   -6,    0,    0,  -12,    0,    0,    0,    0,    0,    0,    0,    0,    0,    0,    0,    0,    0,    0,    0,    0,    0,    0,
       0,    0,    0,    0,    0,    0,    0,    0,    0,    0,   -7,   -6,    0,    0,    0,    0,   -6,    0,    0,    0,    0,    0,   -6,    0,    0,    0,    0,   -6,    0,    0,    0,    0,    0,    0,  -12,   -7,   -7,   -6,   -6,    0,    0,  -19,    0,    0,    0,    0,   -6,    0,    0,    0,    0,    0,    0,    0,    0,    0,    0,    0,    0,    0,    0,    0,    0,    0,    0,  -12,    0,    0,    0,    0,    0,    0,   -6,    0,    0,    0,    0,    0,    0,    0,    0,    0,    0,    0,    0,    0,    0,
       0,    0,    0,    0,    0,    0,    0,   -7,    0,    0,    0,    0,    0,    0,    0,    0,  -18,    0,    0,  -12,    0,    0,    0,    0,    0,    0,    0,   12,    0,    0,  -13,    0,    0,  -25,  -24,  -42,  -30,    6,  -42,    6,    0,    0,    0,    0,  -12,    0,    0,    0,    0,    0,   -6,   -6,    0,    0,    0,    0,    0,    0,    0,    0,    0,    0,    0,    0,    0,  -18,  -13,    0,    0,    0,    0,    0,    6,    0,    0,    0,    0,    0,   -7,    0,   -6,    0,    0,    0,    0,    0,    0,
       0,  -12,    0,    0,    0,    0,    0,    6,  -12,    0,    0,    0,    0,   -6,   -6,   -7,    0,    0,    0,  -13,    0,    0,    0,    0,    0,    0,    0,   -6,  -12,    0,    0,  -12,    0,  -30,  -24,  -47,  -41,    0,  -47,    0,   -7,    0,   -6,   -6,    0,    0,    0,    0,   20,    0,    0,    0,    0,    0,    0,    0,   11,    0,    0,    0,    0,    0,    0,    0,    0,   -6,    0,    0,  -18,    0,    0,    0,    0,   -6,   -6,    0,    0,    0,    0,    0,    0,  -12,    0,    0,    0,    0,    0,
       0,    0,    0,    0,    0,   -7,    0,  -13,   11,    0,  -55,  -30,    0,   -6,    0,  -12,  -13,   -7,    0,  -18,   -6,    6,   -6,    0,    0,    0,   -9,  -37,  -12,    0,  -18,  -12,    0,    0,  -18,  -30,  -24,  -36,  -30,    0,    0,  -37,   -7,   -7,   -6,    0,   -6,    0,    0,    0,    0,   -6,   11,    0,    6,    0,    6,    0,    0,    0,    0,    0,    0,    0,   17,  -12,  -18,    0,    0,    0,    0,    0,  -49,   -7,   -7,    0,    0,    0,   -7,    0,   -6,    6,   12,    0,    0,    0,    0,
       0,  -13,    0,    0,    0,    0,    0,   -7,   -6,    0,  -12,    0,    0,   -6,   -6,   -6,    0,    0,    0,  -18,    0,   -6,    0,    0,    0,    0,    0,   -6,  -12,    0,  -18,   -6,    0,  -18,  -12,  -42,  -36,    0,  -53,    0,  -13,  -24,    0,   -6,    0,   -3,    0,    0,    0,    0,   -6,    0,    0,    0,    0,    0,    0,    0,    0,    0,    0,    0,    0,    0,  -12,    0,    0,    0,  -18,    0,    0,    0,    0,    0,    0,    0,    0,    0,   -7,    0,    0,   -7,    0,    0,    0,    0,    0,
       0,    5,    0,    0,    0,    0,    0,    0,    0,    0,    0,    0,    6,    0,    0,    0,   -6,    0,    6,    0,   12,    6,    0,    0,    0,    0,    0,   11,    0,    0,   -6,    0,    0,    0,   -7,  -24,  -18,    0,  -24,    6,    0,    5,    0,    0,    0,    0,    0,    0,    0,    0,    0,    0,    5,    0,    6,    0,    0,    0,    0,    0,    0,    0,    0,    0,   17,  -12,    0,    0,    0,    0,    0,    0,    0,    0,    0,    0,    0,    0,    0,    0,    0,    6,   18,    0,    0,    0,    0,
       0,  -18,    0,    0,    0,    0,    0,  -11,  -18,    0,    0,    0,    0,    0,    0,   -6,   -6,    0,    0,  -12,    0,   -6,   -6,    0,    0,    0,    0,    0,    0,    0,  -18,    0,    0,  -19,  -23,  -47,  -41,    0,  -42,    0,  -12,    0,    0,    0,   -6,    0,   -5,    0,   -3,    0,   -6,    0,    0,    0,  -12,    0,  -12,    0,    0,    0,    0,    0,    0,    0,  -12,  -11,    0,    0,  -24,    0,    0,    0,    0,    0,    0,    0,    0,    0,   -6,    0,    0,  -18,   -6,    0,    0,    0,    0,
       0,    0,    0,    0,    0,   -7,    0,  -22,    0,    0,  -55,  -25,    6,  -12,    0,   -7,   -7,   -7,    5,  -18,    0,    6,    0,    0,    0,    0,   -7,  -43,  -13,    0,  -24,  -13,    0,    0,  -13,  -30,  -24,  -30,  -30,    0,    0,  -43,  -10,  -12,  -12,    0,  -12,    0,    0,    0,    0,   -6,    6,    0,    6,    0,    5,    0,    0,    0,    0,    0,    0,    0,   11,  -13,   -7,    0,    0,    0,    0,    0,  -54,  -10,  -10,    0,    0,    0,    0,    0,   -6,   12,   12,    0,    0,    0,    0,
       0,    0,    0,    0,    0,    0,    0,   -6,    0,    0,    0,    0,    0,    0,    0,    0,   -7,    0,    0,  -13,    0,    0,    0,    0,    0,    0,    0,    6,    0,   -6,  -12,    0,    0,  -12,  -19,  -42,  -31,    0,  -36,    0,    0,    0,   -8,    0,  -12,    0,   -6,    0,    0,    0,  -12,    0,    0,    0,    0,    3,    0,    0,    0,    0,    0,    0,    0,    0,   11,  -18,  -13,    0,    0,    0,    0,    0,    0,   -8,   -8,    0,    0,    0,   -7,    0,    0,    0,    5,    0,    0,    0,    0,
       0,    0,    0,    0,    0,    0,    0,   -6,    0,    0,    0,    0,    0,    0,    0,    0,    0,    0,    0,  -12,    0,    0,    0,    0,    0,    0,    0,    0,    0,    0,    0,    0,    0,    0,  -12,  -36,  -30,    0,  -31,    0,    0,    0,    0,    0,    0,    0,    0,    0,    0,    0,   -6,    0,    0,    0,    0,    0,    0,    0,    0,    0,    0,    0,    0,    0,    0,    0,    0,    0,    0,    0,    0,    0,    0,    0,    0,    0,    0,    0,   -3,    0,    0,    0,    6,    0,    0,    0,    0,
       0,    0,    0,    0,    0,    0,    0,    0,    0,    0,    0,    0,    0,    0,    0,    0,    0,    0,    0,    0,    0,    0,    0,    0,    0,    0,    0,    0,    0,    0,    0,    0,    0,  -12,    0,  -18,  -18,    0,  -18,    0,    0,    0,    0,    0,    0,    0,    0,    0,    0,    0,    0,    0,    0,    0,    0,    0,    0,    0,    0,    0,    0,    0,    0,    0,    0,    0,    0,    0,    0,    0,    0,    0,    0,    0,    0,    0,    0,    0,    0,    0,    0,    0,    0,    0,    0,    0,    0,
       0,    0,    0,    0,    0,    0,    0,    0,    0,    0,    0,    0,    0,    0,    0,    0,    0,    0,    0,    0,    0,    0,    0,    0,    0,    0,    0,    0,    0,    0,   13,    0,    0,   -7,  -12,  -31,  -25,    0,  -36,    0,    0,    0,   -6,   -6,   -6,   -6,    0,    0,   19,    0,    0,    0,    0,   -7,   -6,    0,    0,    0,    0,    0,    0,    0,    0,    0,    0,    0,    0,    0,    0,    0,    0,    0,    0,   -6,   -6,    0,    0,    0,    0,    0,    0,    0,    0,    0,    0,    0,    0,
       0,    0,    0,    0,    0,    0,    0,    0,    0,    0,    0,    0,    0,  -17,    0,   -6,    0,    0,    0,  -11,   -6,  -11,    0,    0,    0,    0,    0,    0,    0,    0,    0,    0,    0,    0,    0,    0,    0,    0,    0,    0,    0,    0,    0,    0,    0,    0,    0,    0,    0,    0,    0,    0,    0,    0,    0,    0,    0,    0,    0,    0,    0,    0,    0,    0,    0,    0,    0,    0,    0,    0,    0,    0,    0,    0,    0,    0,    0,    0,    0,    0,    0,    0,    0,    0,    0,    0,    0,
       0,    0,    0,    0,    0,    0,    0,    0,    0,    0,    0,    0,    0,    0,    0,   -6,  -17,    0,   -6,   -6,   -6,   -6,    0,    0,    0,    0,    0,    0,    0,    0,    0,    0,    0,    0,    0,    0,    0,    0,    0,    0,    0,    0,    0,    0,    0,    0,    0,    0,    0,    0,    0,    0,    0,    0,    0,    0,    0,    0,    0,    0,    0,    0,    0,    0,    0,    0,    0,    0,    0,    0,    0,    0,    0,    0,    0,    0,    0,    0,    0,    0,    0,    0,    0,    0,    0,    0,    0,
       0,    0,    0,    0,    0,    0,    0,    0,    0,    0,    0,    0,    0,    0,    0,    0,    0,    0,    0,   11,    0,    0,    0,    0,    0,    0,    0,    0,    0,    0,    0,    0,    0,    0,    0,    0,    0,    0,    0,    0,    0,    0,    0,    0,    0,    0,    0,    0,    0,    0,    0,    0,    0,    0,    0,    0,    0,    0,    0,    0,    0,    0,    0,    0,    0,    0,    0,    0,    0,    0,    0,    0,    0,    0,    0,    0,    0,    0,    0,    0,    0,    0,    0,    0,    0,    0,    0,
       0,    0,    0,    0,    0,    0,    0,    0,    0,    0,    0,    0,    0,    0,    0,    0,    0,    0,    0,    0,    0,    0,    0,    0,    0,    0,    0,  -13,    0,    6,    0,    0,    0,    0,    0,  -12,  -12,  -12,  -23,    0,    0,    0,    0,    0,    0,    0,    0,    0,    0,    0,    0,    0,    0,    0,    0,    0,    0,    0,    0,    0,    0,    0,    0,    0,    0,    0,    0,    0,    0,    0,    0,    0,    0,    0,    0,    0,    0,    0,    0,    0,    0,    0,    0,    0,    0,    0,    0,
       0,    0,    0,    0,    0,    0,    0,  -24,    0,    0,  -11,    0,    0,    0,    0,    0,    0,    0,    0,    0,    0,    0,    0,    0,    0,    0,    0,    0,    0,    0,  -11,    0,    0,    0,  -12,  -41,  -30,    0,  -36,    0,    0,    0,    0,    0,    0,    0,   -6,    6,    6,    0,    0,    0,    0,    0,    5,    0,    0,    6,    0,    0,    0,    0,    0,    0,    0,  -25,  -25,    0,    0,    0,    0,    0,    0,    0,    0,    6,    0,    0,   -6,    0,    0,    0,    0,    0,    0,    0,    0,
       0,    0,    0,    0,    0,    0,    0,  -24,    0,    0,  -29,  -18,    0,  -29,  -29,  -17,    5,  -17,    0,  -47,    0,  -12,    0,    0,    0,    0,    0,  -18,    0,    6,  -12,   -6,    0,  -25,   -6,  -47,  -41,  -24,  -41,   -6,  -23,    0,    0,    0,    6,   -6,    0,    0,    0,    0,    0,    0,    0,    0,   -6,  -12,   -6,    0,    0,    0,    0,    0,    0,    0,    0,    0,    0,    0,    0,    0,  -25,  -35,  -19,    0,    0,    0,    0,    0,   -6,    0,    0,  -22,  -11,    0,    0,    0,    0,
       0,    0,    0,    0,    0,    0,    0,    0,    0,    0,    0,    0,    0,    0,    0,    0,    0,    0,    0,  -18,    0,   -6,    0,    0,    0,    0,    0,    0,    0,    0,    0,    0,    0,    0,    0,    0,    0,    0,    0,    0,    0,    0,    0,    0,    0,    0,    0,    0,    0,    0,    0,    0,    0,    0,    0,    0,    0,    0,    0,    0,    0,    0,    0,    0,    0,    0,    0,    0,    0,    0,    0,    0,    0,    0,    0,    0,    0,    0,    0,    0,    0,    0,    0,    0,    0,    0,    0,
       0,    0,    0,    0,    0,    0,    0,   12,   13,    0,    0,    0,    0,    0,    0,    0,   -6,    0,    0,    0,    0,    0,    0,    0,    0,    0,    0,    0,    0,    0,    0,    0,    0,    0,    0,    0,    0,    0,    0,    0,   13,    0,    0,    0,    0,    0,    0,    0,    0,    0,    0,    0,    0,    0,    0,    0,    0,    0,    0,    0,    0,    0,    0,    0,   13,    0,    0,    0,   13,    0,    0,    0,    0,    0,    0,    0,    0,    0,    0,    0,    0,    6,    6,    0,    0,    0,    0,
       0,    0,    0,    0,    0,    0,    0,  -36,    0,    0,    0,  -19,    0,  -46,  -41,  -35,  -11,  -23,  -11,  -59,  -17,  -11,    0,    0,    0,    0,    0,  -31,    0,    0,    0,   -6,    0,  -24,   -6,  -35,  -30,  -41,  -47,  -12,  -23,    0,    0,   -6,    0,    0,   -6,    0,    0,    0,   -6,    0,    0,    0,    0,   -7,    0,    0,    0,    0,    0,    0,    0,    0,    0,    0,    0,    0,    0,    0,    0,  -60,    0,    0,    0,    0,    0,    0,    0,    0,    0,    0,    0,    0,    0,    0,    0,
     -13,  -29,    0,    0,    0,    0,    0,  -25,    0,    0,  -29,  -17,    0,  -23,  -29,  -17,    0,    0,    0,  -30,    0,  -11,    0,    0,    0,    0,    0,  -12,  -12,   12,  -18,  -12,   -6,  -30,  -18,  -53,  -41,  -24,  -48,    0,  -19,    0,    0,  -12,    0,   -6,    0,    0,   -5,    0,  -12,   -6,   -6,   -6,  -12,  -12,   -7,    0,    0,    0,    0,    0,    0,    0,    0,    0,    0,    0,    0,    0,  -25,  -36,  -25,    0,    0,    0,    0,    0,  -12,    0,   -6,  -24,    0,    0,    0,    0,    0,
       0,    0,    0,    0,    0,    0,    0,    0,    0,    0,    0,    0,    0,    0,    0,    0,    0,    0,    0,    0,    0,    0,    0,    0,    0,    0,    0,  -12,    0,    0,   13,    0,    0,  -18,  -24,  -36,  -25,  -12,  -35,    0,    0,    0,  -12,   -6,  -12,   -7,   -6,    0,   25,    0,   -6,   -6,   -6,  -12,   -6,   -6,    0,   -6,    0,    0,    0,    0,    0,    0,    0,    0,    0,    0,    0,    0,    0,    0,  -19,  -12,  -12,    0,    0,    0,    0,    0,   -6,    0,    0,    0,    0,    0,    0,
       0,    0,    0,    0,    0,    0,    0,  -18,    0,    0,  -48,  -19,    0,  -11,   -7,  -12,    0,    0,    0,  -19,    0,    0,    0,    0,    0,    0,    0,  -31,  -18,    6,   -7,  -12,    0,   -7,  -12,  -36,  -36,  -36,  -36,    0,  -13,  -85,    0,   -6,    0,    0,    0,    0,    0,    0,    0,    0,    0,    0,    0,    0,    0,    0,    0,    0,    0,    0,    0,    6,    0,    0,    6,    0,  -12,    0,    0,    0,  -48,    0,    0,    0,    0,    0,  -12,    0,    0,    0,    0,    0,    0,    0,    0,
       0,  -13,    0,    0,    0,    0,    0,   -7,  -18,    0,    0,    0,    0,   -6,    0,    0,    0,    0,    0,    0,    0,    0,    0,    0,    0,    0,    0,    0,    0,    0,  -12,    0,    0,  -13,  -18,  -24,  -24,    0,  -24,    0,    0,  -12,    0,   -6,    0,  -12,    0,    0,    0,    0,  -17,    0,  -11,  -11,  -23,    0,  -17,    0,    0,    0,    0,    0,    0,    0,  -12,    0,    0,    0,  -18,    0,    0,    0,    0,    0,    0,    0,    0,    0,    0,    0,    0,  -12,   -7,    0,    0,    0,    0,
       0,   24,    0,    0,    0,    0,    0,   12,   13,    0,    0,    0,    0,    0,    0,    0,    0,    0,    0,   12,    0,    0,    0,    0,    0,    0,    0,    0,    0,    0,    0,    0,    0,   12,    0,    0,    0,    6,    0,   18,   13,    0,    0,    0,    0,    0,    0,    0,    0,    0,   -6,    0,    0,    0,    0,    0,    0,    0,    0,    0,    0,    0,    0,    0,   13,    0,    0,    0,   18,    0,    0,    0,    0,    0,    0,    0,   24,   24,    0,   24,    0,   18,    7,    0,    0,    0,    0,
       0,    0,    0,    0,    0,    0,    0,   -6,    0,    0,  -18,  -19,    0,   -6,  -12,   -6,    0,    0,    0,    0,    0,    0,    0,    0,    0,    0,    0,  -19,  -12,    0,   -7,    0,    0,  -18,  -18,  -24,  -19,  -19,  -19,    0,    0,  -42,    0,    0,    0,    0,   -5,    5,    5,    0,   -5,    0,    0,    0,    3,    0,    3,    0,    0,    0,    0,    0,    0,    0,    0,    0,    6,    0,  -12,    0,    0,    0,  -24,    0,    0,    5,    0,    0,  -11,    0,    0,    0,    0,    0,    0,    0,    0,
      24,   48,    0,    0,    0,    0,    0,   48,   48,    0,    0,    0,    0,    0,    0,    0,   -6,    0,    0,   -7,    0,   -6,    0,    0,    0,   24,    0,    0,    0,    0,    0,    0,    0,    0,    0,    0,    0,    0,    0,    0,    0,    0,   -6,   48,    0,   12,   -6,   18,   12,    0,  -12,    0,    6,   -6,   -6,    0,   -6,    0,    0,    0,    0,    0,    0,    0,    0,  -12,    0,    0,  -12,    0,    0,    0,    0,   -6,   -6,   18,    0,    0,    0,    0,    6,   36,   48,    0,   -7,    0,    0,
       0, -107,    0,    0,    0,    0,    0,  -17,  -95,    0,    0,    0,    0,  -11,  -12,    0,  -11,    0,    0,  -19,    0,  -19,    0,    0,    0,    0,    0,    0,  -11,  -12,  -12,   -6,  -11,  -77,  -30, -106,  -94,  -11,  -99,  -11,  -35,    0,    0,    0,    0,   -6,    0,    0,    0,    0,  -12,    0,   -6,  -14,  -25,    0,  -19,    0,    0,    0,    0,    0,    0,    0, -105,    0,    0,    0, -128,  -35,    0,    0,   -6,    0,    0,    0,    0,    0,  -18,    0,    0,  -49,  -43,    0,  -17,    0,    0,
       0,   29,    0,    0,    0,    0,    0,   24,   18,    0,    0,    0,    6,    0,    0,    0,   -6,    0,    6,    0,   12,    6,    0,    0,    0,    0,    0,   11,    0,    0,   -6,    0,    0,    0,   -7,  -24,  -18,    0,  -24,    6,   24,    5,    0,   12,    0,    0,    0,    0,    0,    0,    0,    0,    5,    0,    6,    0,    0,    0,    0,    0,    0,    0,    0,    0,   17,  -12,    0,    0,    0,    0,    0,    0,    0,    0,    0,    0,    0,    0,    0,    0,    0,   24,   18,    0,    0,    0,    0,
       0,    0,    0,    0,    0,   -7,    0,   12,    0,    0,  -48,  -37,   -6,  -12,  -18,  -18,  -24,  -18,  -24,    0,  -18,  -12,   -7,    0,    0,    0,    0,  -48,   -6,  -18,   -9,    0,  -12,    0,   -6,    0,    0,    0,    0,    0,    0,  -48,  -25,    0,  -19,  -13,  -25,  -13,   -7,  -18,  -24,  -24,  -13,  -19,  -13,  -19,  -19,  -19,    0,    0,    0,    0,    0,    0,    0,  -24,   -6,    0,    0,  -12,  -13,    0,  -49,  -25,  -25,  -13,   12,   12,    0,   12,  -24,    0,    0,    0,   -6,    0,    0,
     -12,    0,  -17,    0,    0,  -18,  -23,    0,    0,    0,  -47,  -48,    0,    0,    0,   -6,  -31,  -18,  -17,   12,   -6,    0,    0,    0,    0,  -12,  -18,  -48,   -6,  -12,    0,    0,    0,   18,    0,    0,    0,    0,    0,   12,    0,  -36,  -24,    0,  -35,    0,  -36,    0,    0,    0,  -12,  -24,    6,    0,   13,    6,   12,    0,    0,  -18,    0,    0,    0,    0,    0,  -25,  -24,    0,    0,    0,  -11,  -78,  -66,  -24,  -24,    0,   12,   12,   12,   12,  -24,   -6,    0,    0,  -12,    0,    0,
       0,    0,    0,    0,    0,  -24,  -29,    0,    0,    0,  -59,  -60,  -12,   -6,  -17,  -12,  -61,  -19,  -30,   11,  -17,  -12,    0,    0,    0,  -12,  -60,  -54,    0,  -24,    0,    0,    0,   12,    0,    0,    6,    0,    0,    0,    0,  -41,  -42,    0,  -53,  -24,  -42,    0,   -6,  -24,  -25,  -48,  -18,  -24,    0,  -12,  -11,  -24,    0,    0,    0,    0,    0,    0,    0,  -47,  -36,    0,    0,  -47,  -24,  -72,  -78,  -42,  -42,    0,   12,   12,   11,   12,  -48,    0,    0,    0,  -24,    0,    0,
       0,    0,    0,    0,    0,    0,    0,    0,    0,    0,    0,    0,    0,    0,    0,    6,  -12,    0,    0,    0,    0,  -18,    0,    0,    0,    0,    0,   12,    0,  -13,   19,    0,    0,  -37,  -25,  -66,  -66,   12,  -54,   12,    0,    0,    0,    0,   -6,    0,    0,    0,   13,    0,  -12,    0,  -12,  -13,  -43,    0,  -18,    0,    0,    0,    0,    0,    0,    0,    0,    0,    0,    0,    0,    0,    0,    0,   12,    0,    0,    0,    0,    0,  -12,    0,    0,  -30,    0,    0,    0,    0,    0,
       0,    0,    0,    0,    0,    0,    0,  -25,    0,    0,    0,    0,    0,  -23,  -35,  -29,   -6,  -17,    0,  -41,   -6,  -11,    0,    0,    0,    0,    0,  -19,    0,    0,  -11,    0,    0,  -12,    0,  -19,  -19,  -24,  -24,    0,    0,    0,    0,    0,    0,    0,    0,    0,    0,    0,    0,    0,    0,    0,    0,    0,    0,    0,    0,    0,    0,    0,    0,    0,    0,    0,    0,    0,    0,    0,    0,  -47,    0,    0,    0,    0,    0,    0,    0,    0,    0,    0,    0,    0,    0,    0,    0,
       0,    0,    0,    0,    0,    0,    0,    0,    0,    0,    0,    0,    0,    0,   -6,  -12,  -30,  -13,  -13,    0,   -6,  -12,    0,    0,    0,    0,    0,    0,    0,    0,    0,    0,    0,    0,    0,    0,    0,    0,    0,    0,    0,    0,    0,    0,    0,    0,    0,    0,    0,    0,    0,    0,    0,    0,    0,    0,    0,    0,    0,    0,    0,    0,    0,    0,    0,    0,    0,    0,    0,    0,    0,    0,    0,    0,    0,    0,    0,    0,    0,    0,    0,    0,    0,    0,    0,    0,    0,
       0,    0,    0,    0,    0,    0,    0,    0,    0,    0,    0,    0,    0,  -12,  -11,    0,    0,    0,    0,  -19,    0,  -12,    0,    0,    0,    0,    0,    0,    0,    0,    0,    0,    0,    0,    0,    0,    0,    0,    0,    0,    0,    0,    0,    0,    0,    0,    0,    0,    0,    0,    0,    0,    0,    0,    0,    0,    0,    0,    0,    0,    0,    0,    0,    0,    0,    0,    0,    0,    0,    0,    0,    0,    0,    0,    0,    0,    0,    0,    0,    0,    0,    0,    0,    0,    0,    0,    0,
};

static const EpdLigaturePair sourceserif4_18_regularLigaturePairs[] = {
    { 0x00660066, 0xFB00 }, // f f -> U+FB00
    { 0x00660069, 0xFB01 }, // f i -> U+FB01
    { 0x0066006C, 0xFB02 }, // f l -> U+FB02
    { 0xFB000069, 0xFB03 }, // U+FB00 i -> U+FB03
    { 0xFB00006C, 0xFB04 }, // U+FB00 l -> U+FB04
};

static const EpdFontData sourceserif4_18_regular = {
    sourceserif4_18_regularBitmaps,
    sourceserif4_18_regularGlyphs,
    sourceserif4_18_regularIntervals,
    44,
    51,
    39,
    -13,
    true,
    sourceserif4_18_regularGroups,
    9,
    nullptr,
    sourceserif4_18_regularKernLeftClasses,
    sourceserif4_18_regularKernRightClasses,
    sourceserif4_18_regularKernMatrix,
    413,
    440,
    95,
    87,
    sourceserif4_18_regularLigaturePairs,
    5,
};
