/**
 * generated by fontconvert.py
 * name: sourceserif4_18_bold
 * size: 18
 * mode: 2-bit  compressed: true
 * Command used: fontconvert.py sourceserif4_18_bold 18 ..\builtinFonts\source\SourceSerif4\SourceSerif4-Bold.ttf --2bit --compress --pnum
 */
#pragma once
#include "EpdFontData.h"

static const uint8_t sourceserif4_18_boldBitmaps[21820] = {
    0xB5, 0x5A, 0xBF, 0x8F, 0xDD, 0x56, 0x76, 0x3E, 0x24, 0x77, 0x86, 0xD8, 0x10, 0x08, 0x5D, 0x58,
    0x31, 0x60, 0x05, 0xCB, 0x3A, 0x9B, 0xC4, 0x6C, 0xB7, 0x90, 0x44, 0xCA, 0x2E, 0x5C, 0xAE, 0x0A,
    0x0B, 0x08, 0x90, 0xC2, 0x29, 0x13, 0xA4, 0x98, 0x94, 0x29, 0xEC, 0x25, 0xB1, 0x5B, 0xA4, 0x48,
    0x61, 0x15, 0x5B, 0xE6, 0x0F, 0x08, 0xB4, 0x85, 0x52, 0x6C, 0x61, 0x60, 0xE5, 0xE1, 0xF5, 0x4E,
    0xA1, 0xC2, 0xC5, 0xD2, 0xB0, 0x03, 0x17, 0x29, 0x96, 0x49, 0x64, 0x04, 0x90, 0x81, 0x1D, 0x5A,
    0x7A, 0xB6, 0x28, 0x89, 0xE4, 0xC9, 0xF7, 0x9D, 0xCB, 0xF7, 0x63, 0x9E, 0xE4, 0xB5, 0x2C, 0xC9,
    0x6F, 0x1E, 0xCF, 0x79, 0xC3, 0x77, 0xEF, 0xE1, 0xB9, 0xE7, 0x9E, 0xDF, 0xF7, 0x1D, 0x94, 0x45,
    0xDF, 0x0C, 0x3A, 0xFA, 0xBF, 0x66, 0xA8, 0x56, 0x45, 0x5F, 0xF4, 0x79, 0x97, 0xB5, 0xA9, 0x4B,
    0x5D, 0xE2, 0x0E, 0x4B, 0xC1, 0xEB, 0x60, 0x33, 0xAA, 0x19, 0x8A, 0xFE, 0xA0, 0xCC, 0xEB, 0xBC,
    0x6E, 0x7A, 0xED, 0xB4, 0xC7, 0xDF, 0x57, 0x06, 0xFB, 0xC6, 0x5F, 0x5D, 0xD5, 0x35, 0x6D, 0xD1,
    0x56, 0xAE, 0xC0, 0x5F, 0xEE, 0x8A, 0x3A, 0xAB, 0xF3, 0x32, 0x2D, 0x33, 0x91, 0xC3, 0x3A, 0xBC,
    0x26, 0xA9, 0x8B, 0x3B, 0x80, 0xA4, 0x93, 0xCC, 0x25, 0xAD, 0x64, 0x75, 0xDA, 0x4A, 0x5E, 0xA7,
    0x4E, 0x30, 0xC8, 0x15, 0x8A, 0xD7, 0x1E, 0x90, 0x63, 0x29, 0x44, 0x3E, 0x20, 0x98, 0xA4, 0x12,
    0x19, 0xE5, 0x67, 0xC2, 0xFB, 0xE3, 0x1E, 0x88, 0x56, 0xC1, 0x28, 0x51, 0x6F, 0x20, 0x1C, 0x24,
    0xEE, 0xC3, 0x95, 0xC4, 0x5D, 0xB4, 0x92, 0xA4, 0x8B, 0x7A, 0x11, 0x5E, 0x3B, 0xA0, 0xD2, 0x5A,
    0x62, 0xD5, 0x95, 0x64, 0xF7, 0xEF, 0x8D, 0x52, 0x7C, 0x72, 0x4F, 0xA5, 0x3A, 0xB9, 0xAB, 0xA2,
    0x27, 0x5F, 0x12, 0xF4, 0xC7, 0xA2, 0x9F, 0x60, 0x9C, 0xDE, 0x07, 0x68, 0xB4, 0xE7, 0x84, 0x49,
    0x24, 0x57, 0x6D, 0x25, 0x51, 0x1D, 0x24, 0x50, 0x9D, 0xED, 0x7F, 0xD0, 0x53, 0xD0, 0x8A, 0xEE,
    0xAB, 0x93, 0xE8, 0xAE, 0xBA, 0xD7, 0xA2, 0x5E, 0x9D, 0xBE, 0x41, 0xF0, 0x8B, 0x5E, 0x6B, 0xA3,
    0x57, 0x9D, 0xDC, 0x9B, 0x24, 0xFF, 0x02, 0x4F, 0x8B, 0x39, 0x56, 0x5E, 0x59, 0xC9, 0x63, 0x0C,
    0x41, 0x34, 0x22, 0x57, 0xC5, 0x5E, 0x31, 0x68, 0x49, 0x22, 0x92, 0x9D, 0xE0, 0x9B, 0xAC, 0x94,
    0xE2, 0xF2, 0x28, 0x72, 0x09, 0x3C, 0x40, 0x02, 0x72, 0x13, 0x0C, 0xC9, 0x2C, 0x01, 0x68, 0x80,
    0x53, 0x89, 0x3A, 0x8F, 0x13, 0xE7, 0x31, 0x86, 0x1B, 0xC6, 0x70, 0xC3, 0x18, 0xCE, 0xF1, 0xC1,
    0x2A, 0x7E, 0x20, 0xD5, 0xE5, 0x31, 0xEA, 0xF2, 0xB7, 0xEB, 0xFC, 0xE7, 0x43, 0xE2, 0x8E, 0x93,
    0x2E, 0x3D, 0xE9, 0x33, 0x99, 0x20, 0x29, 0xAD, 0x2F, 0x85, 0x63, 0x34, 0x60, 0xE8, 0xCD, 0x68,
    0x8C, 0xF0, 0xB0, 0xA0, 0xF7, 0x38, 0xEA, 0x3C, 0x4E, 0x9C, 0xC7, 0x99, 0x78, 0x7C, 0x49, 0xFC,
    0xF8, 0x9B, 0x12, 0x40, 0xF0, 0x18, 0x2E, 0xA4, 0x63, 0xCC, 0x54, 0xD8, 0x50, 0x32, 0x93, 0x51,
    0x34, 0xA0, 0x18, 0xBC, 0x25, 0xDB, 0xD7, 0xB9, 0xD2, 0xAF, 0x8F, 0x8F, 0x92, 0xFC, 0x8E, 0x12,
    0x55, 0x75, 0x55, 0x1B, 0x93, 0x85, 0x33, 0x9E, 0xCF, 0xA0, 0xBA, 0xE1, 0x0C, 0x6D, 0x67, 0x8E,
    0x6C, 0xEE, 0x0D, 0x3F, 0xBE, 0x5E, 0x63, 0x2B, 0xA0, 0x28, 0x4E, 0x0A, 0x95, 0xF3, 0x73, 0x89,
    0x3D, 0xA8, 0xF9, 0x78, 0xEC, 0x4C, 0xD8, 0x4B, 0xFC, 0xB5, 0xAE, 0x22, 0x68, 0x55, 0x07, 0x7D,
    0xC0, 0x88, 0xB6, 0xD0, 0xA4, 0x96, 0xC6, 0x65, 0xFA, 0x3B, 0x8C, 0x70, 0x31, 0xF7, 0x4C, 0x5D,
    0xA8, 0x23, 0x49, 0x0A, 0x77, 0xB4, 0xE9, 0x41, 0xA7, 0x94, 0x6A, 0x04, 0xBF, 0x2D, 0x3E, 0xDE,
    0x81, 0x2A, 0xD5, 0xA9, 0x42, 0xA7, 0x39, 0x4E, 0x6B, 0x50, 0x97, 0x83, 0x2B, 0x5C, 0x84, 0x29,
    0x7C, 0xAF, 0x2B, 0x2A, 0x79, 0xD3, 0x57, 0x1D, 0x88, 0x43, 0xBD, 0xA1, 0xBF, 0xB6, 0x24, 0x3C,
    0x34, 0xED, 0xC8, 0x73, 0x23, 0xC1, 0x04, 0x21, 0x49, 0xB2, 0x92, 0xB4, 0x97, 0xBC, 0xE5, 0xBD,
    0x02, 0x3C, 0x97, 0x82, 0x95, 0xA8, 0x3C, 0xE1, 0x8D, 0xFB, 0x10, 0x00, 0x87, 0x39, 0xC9, 0x5A,
    0xCE, 0xC2, 0x5C, 0x50, 0x08, 0x66, 0x0A, 0x45, 0x72, 0x47, 0xCA, 0x91, 0xF3, 0x02, 0x7C, 0xC7,
    0xEE, 0x15, 0x76, 0x2F, 0xDE, 0x0C, 0x53, 0x59, 0x48, 0x60, 0x70, 0xCE, 0xE5, 0x93, 0xCA, 0xE3,
    0x6F, 0xDC, 0x5F, 0x18, 0x72, 0x64, 0x48, 0x39, 0x77, 0x61, 0xB5, 0x23, 0x93, 0xA0, 0x7C, 0x61,
    0xD1, 0xC0, 0x56, 0x38, 0x61, 0x7D, 0xFD, 0x45, 0xD2, 0xFD, 0x7D, 0x75, 0xEB, 0x64, 0x6A, 0xEE,
    0xFF, 0x7E, 0x86, 0x51, 0x8E, 0xC1, 0xDF, 0x7E, 0x7E, 0x45, 0x72, 0x6C, 0xE2, 0xF1, 0x31, 0x08,
    0x54, 0x75, 0x3C, 0x16, 0x6D, 0xBC, 0xCA, 0xDA, 0xB0, 0x4B, 0x6A, 0x4F, 0x60, 0x7C, 0x2A, 0x40,
    0xC3, 0xED, 0xB7, 0xE0, 0x69, 0xA7, 0xC5, 0x5D, 0x36, 0x16, 0x63, 0x31, 0xE5, 0x53, 0x3A, 0x86,
    0xA3, 0xDC, 0x84, 0x72, 0x77, 0xB9, 0xBB, 0x24, 0x2F, 0x89, 0x51, 0xE2, 0xFB, 0x00, 0x9B, 0xEF,
    0xF7, 0xAB, 0xE9, 0x8B, 0xF6, 0x40, 0x96, 0xA5, 0x40, 0x3F, 0x21, 0x62, 0x8A, 0xC9, 0xF4, 0x8B,
    0x8A, 0xD7, 0x98, 0xB6, 0x09, 0x4C, 0x4A, 0x42, 0x28, 0x84, 0x69, 0x3D, 0x56, 0x06, 0xE1, 0x6E,
    0x24, 0xF0, 0xD8, 0x94, 0x72, 0x33, 0x25, 0xD8, 0x9B, 0x92, 0xAC, 0xA7, 0x74, 0xDB, 0x29, 0xC5,
    0x32, 0x45, 0x12, 0x6A, 0x71, 0xA3, 0xD8, 0x4D, 0x4D, 0x21, 0xF6, 0x31, 0x9A, 0x25, 0x1D, 0x22,
    0x85, 0x24, 0x61, 0x81, 0xC5, 0x2A, 0x50, 0x57, 0xF5, 0x50, 0x4C, 0xE8, 0x24, 0x3D, 0xAB, 0xD0,
    0xA9, 0xFE, 0x31, 0x60, 0xE3, 0x0C, 0x54, 0x98, 0xDB, 0x1A, 0x01, 0x23, 0x95, 0x8E, 0x20, 0x1A,
    0x4F, 0xF1, 0x04, 0x37, 0x75, 0x63, 0x45, 0x37, 0x55, 0xAF, 0xED, 0xF0, 0x25, 0x91, 0xA3, 0x5E,
    0x8E, 0x38, 0x1F, 0xD7, 0x1D, 0x5C, 0xC1, 0x0B, 0xB8, 0x0E, 0xE1, 0xDA, 0xB0, 0x81, 0x8E, 0x97,
    0x1C, 0xC1, 0x28, 0x63, 0x52, 0xCF, 0xDA, 0x06, 0xAE, 0xD5, 0x15, 0xB3, 0x59, 0x20, 0x0C, 0x2F,
    0x05, 0x80, 0x71, 0x95, 0x97, 0x04, 0x00, 0x72, 0xA2, 0x0C, 0x33, 0xCA, 0xA4, 0xE0, 0xCE, 0x56,
    0xF4, 0x8A, 0x10, 0x8E, 0x84, 0x64, 0xD7, 0x64, 0x95, 0xF1, 0x56, 0x05, 0x11, 0x52, 0xC9, 0xE1,
    0xD2, 0xB9, 0x8D, 0x54, 0xB0, 0x62, 0x79, 0xD8, 0x63, 0x00, 0x1E, 0xA1, 0xA6, 0x6F, 0x86, 0xFF,
    0x5F, 0xE5, 0x8A, 0x9D, 0x48, 0xB4, 0xCE, 0xFA, 0x08, 0x72, 0x01, 0x68, 0x33, 0x07, 0x40, 0x87,
    0xED, 0xE8, 0x83, 0xEA, 0x85, 0x83, 0x6A, 0xA0, 0xB3, 0xAA, 0x29, 0xA6, 0xDB, 0xF4, 0x4A, 0xBA,
    0xF6, 0xC0, 0x36, 0x38, 0xD4, 0xFE, 0x47, 0x5C, 0x63, 0xE5, 0x00, 0x1A, 0x82, 0xAA, 0x0D, 0x15,
    0xD6, 0x4F, 0xA2, 0x1D, 0xD6, 0x91, 0x7C, 0xDD, 0x50, 0xCE, 0x64, 0xFC, 0xC0, 0x44, 0x1C, 0x73,
    0x31, 0x29, 0x41, 0x6E, 0xCB, 0x22, 0xA0, 0xC7, 0x31, 0xB7, 0x13, 0xFF, 0x1E, 0x20, 0x7D, 0x0F,
    0x20, 0xE7, 0x90, 0x8B, 0x04, 0x03, 0x40, 0xD8, 0x03, 0x44, 0x2D, 0x40, 0x8A, 0xED, 0x93, 0x9C,
    0x04, 0x2E, 0x12, 0xEC, 0x99, 0xC8, 0x62, 0x27, 0xE9, 0xE6, 0x19, 0x67, 0x40, 0x44, 0x19, 0x3C,
    0x11, 0xD0, 0x7D, 0xEC, 0x83, 0x53, 0xC8, 0x2A, 0xA2, 0xAC, 0x38, 0x84, 0xD2, 0xF6, 0x72, 0x31,
    0x09, 0xD9, 0x36, 0xC0, 0x8A, 0xB0, 0xDE, 0xC2, 0xAD, 0x97, 0xCF, 0x95, 0xB7, 0x45, 0xB7, 0xAC,
    0x5C, 0x92, 0x87, 0xD8, 0xDF, 0x80, 0x21, 0x71, 0x59, 0x39, 0xD2, 0x04, 0x44, 0x79, 0x8A, 0xB2,
    0x9A, 0x49, 0x09, 0x21, 0x2D, 0x9F, 0xC4, 0x9C, 0x2C, 0xA8, 0x19, 0xF1, 0xF5, 0xB6, 0xDB, 0xFD,
    0x62, 0x6C, 0x56, 0xF0, 0xE6, 0x78, 0x78, 0x33, 0x25, 0xD8, 0xC1, 0x15, 0x04, 0xAB, 0xD0, 0xE2,
    0x9E, 0xEA, 0x64, 0x60, 0x65, 0xA0, 0xE1, 0xBF, 0xD8, 0x26, 0xF0, 0x32, 0x06, 0x0A, 0xE3, 0x07,
    0xB1, 0x64, 0x8E, 0xB4, 0x0C, 0xF5, 0xC6, 0xC4, 0xD0, 0x0C, 0x6E, 0x83, 0xAB, 0xDE, 0x9D, 0x3C,
    0x49, 0x2D, 0x68, 0x7B, 0x05, 0xF9, 0x3B, 0x66, 0x3C, 0xA2, 0xAC, 0x2C, 0xD6, 0x25, 0xAB, 0xC5,
    0x2D, 0xD0, 0x2B, 0x7A, 0x3D, 0x13, 0xB3, 0x14, 0x32, 0x18, 0x51, 0xE3, 0x12, 0x72, 0x99, 0x71,
    0x42, 0x61, 0x9A, 0xD8, 0x6F, 0x34, 0xD4, 0xD4, 0x83, 0x6A, 0x6A, 0xC4, 0xA1, 0xF2, 0x90, 0x61,
    0x97, 0xAE, 0xE0, 0x97, 0xDA, 0x64, 0x6E, 0x28, 0x74, 0x5E, 0x50, 0x12, 0xED, 0xE3, 0x59, 0x87,
    0x64, 0xAC, 0xF4, 0xED, 0x0E, 0x6A, 0x5B, 0xA6, 0x88, 0x41, 0xFC, 0x96, 0x59, 0x05, 0x02, 0xCC,
    0x98, 0x7E, 0xA9, 0x53, 0xD1, 0xE6, 0x98, 0x83, 0xA8, 0x83, 0x08, 0xA5, 0x7E, 0xEE, 0xDC, 0xB4,
    0xF1, 0x54, 0xF5, 0xE9, 0x80, 0x6F, 0xBA, 0x98, 0x4B, 0x38, 0x77, 0x45, 0x2C, 0xDE, 0x05, 0xCC,
    0x5A, 0x12, 0x85, 0x7D, 0xE4, 0x30, 0xF3, 0xB2, 0x80, 0xC1, 0xBB, 0x06, 0x42, 0xEB, 0x36, 0x42,
    0x5B, 0xC0, 0x40, 0xC9, 0x11, 0xC0, 0xBA, 0x74, 0x95, 0xE9, 0x65, 0xB0, 0x62, 0xDA, 0x53, 0x7D,
    0xBD, 0xBF, 0x06, 0xAE, 0x72, 0x5A, 0x56, 0x19, 0x70, 0x3F, 0x79, 0x2B, 0xC0, 0x64, 0x6F, 0xA8,
    0x49, 0xBB, 0x8E, 0xDF, 0x8F, 0xBB, 0xD5, 0x27, 0xDF, 0x0F, 0xCA, 0x74, 0x95, 0x7B, 0x1F, 0x3D,
    0xA6, 0xAB, 0xA0, 0xDC, 0x66, 0x00, 0xF8, 0x66, 0xC0, 0x37, 0x53, 0x31, 0x65, 0x53, 0x32, 0xC2,
    0x9B, 0x0F, 0x50, 0xFD, 0xB6, 0x2A, 0x7F, 0xE2, 0xBF, 0x3E, 0xB4, 0x8C, 0xA0, 0x5C, 0x2C, 0x90,
    0x8E, 0x2B, 0x64, 0xB2, 0x70, 0xE6, 0x83, 0x58, 0xFA, 0xA0, 0xB6, 0x5D, 0xB6, 0x2D, 0x6A, 0xE3,
    0x37, 0x1F, 0x13, 0xFB, 0xD8, 0xF8, 0x8F, 0x1C, 0xD5, 0xD0, 0x67, 0x24, 0xFE, 0x01, 0x8F, 0x99,
    0xD2, 0x37, 0xBC, 0xF6, 0xC6, 0xFD, 0x90, 0xF7, 0x18, 0x07, 0xBC, 0xAF, 0x32, 0x36, 0x8C, 0xA1,
    0x27, 0x7C, 0x24, 0xD1, 0xA2, 0x17, 0xF3, 0x8C, 0x96, 0x56, 0x04, 0xCC, 0x34, 0xFC, 0x87, 0x99,
    0x1F, 0x20, 0xFD, 0x82, 0xEA, 0x95, 0xE3, 0x83, 0xFC, 0xE9, 0x99, 0xC7, 0x26, 0xB0, 0x99, 0xC2,
    0x74, 0x1A, 0x21, 0x5A, 0x99, 0x9C, 0x8C, 0x72, 0xD8, 0x70, 0x83, 0x8E, 0x68, 0x3A, 0xCC, 0xAB,
    0x1C, 0x4C, 0x0C, 0xD6, 0xA8, 0x35, 0x12, 0x51, 0xEC, 0xCF, 0x84, 0x45, 0x76, 0x92, 0x0C, 0x62,
    0xD9, 0x57, 0xD4, 0xEE, 0x88, 0xFA, 0x8A, 0xF7, 0x0C, 0xF9, 0x4C, 0x8F, 0xE9, 0x2F, 0x7E, 0xE6,
    0x3D, 0x7E, 0x47, 0xA2, 0xB4, 0x51, 0xE8, 0x95, 0x65, 0xB3, 0x10, 0xD4, 0xB5, 0xA0, 0x01, 0x81,
    0x78, 0xF0, 0x57, 0x46, 0xE1, 0x91, 0x19, 0xF1, 0x06, 0x64, 0xF1, 0x37, 0xAB, 0x91, 0xAF, 0x66,
    0xAB, 0x97, 0x52, 0xA6, 0xEF, 0x3A, 0x0F, 0x31, 0x0A, 0x05, 0x7A, 0x11, 0x64, 0x96, 0x65, 0x8A,
    0xCD, 0x8E, 0xFA, 0x42, 0xF2, 0x9E, 0xF8, 0x92, 0x54, 0x2D, 0x9C, 0x6F, 0xFF, 0x2E, 0xF6, 0x8A,
    0xF8, 0x66, 0xA0, 0x25, 0xFC, 0x70, 0x0F, 0xF3, 0x15, 0x78, 0x91, 0x8E, 0x51, 0x0A, 0x79, 0x43,
    0xEB, 0x71, 0xE2, 0x88, 0x2B, 0x14, 0x1D, 0x54, 0xEB, 0xCA, 0x65, 0x02, 0xEC, 0x14, 0x61, 0xFD,
    0x03, 0x2C, 0xB6, 0xF9, 0x78, 0x00, 0x1B, 0xCD, 0x4C, 0xE1, 0x15, 0x65, 0x76, 0x3B, 0x9C, 0x7D,
    0x7C, 0xE5, 0x8B, 0x51, 0xDD, 0x1C, 0xEF, 0xE0, 0x71, 0xA8, 0x8B, 0x00, 0x9A, 0xAF, 0xE4, 0xBC,
    0xB1, 0xBC, 0xF8, 0x80, 0xA0, 0x31, 0xCD, 0xF0, 0xCE, 0xC2, 0xA4, 0x3D, 0x7A, 0x02, 0x0B, 0x32,
    0x19, 0xF8, 0x00, 0xE0, 0xA5, 0x65, 0xC8, 0x32, 0x9A, 0xDF, 0x98, 0x22, 0xC9, 0x3D, 0x35, 0xF9,
    0xFE, 0x0F, 0xB7, 0x50, 0xC2, 0x8F, 0x6D, 0xAB, 0x23, 0x67, 0x54, 0x23, 0xD7, 0x98, 0x53, 0x29,
    0xCD, 0xE1, 0xA7, 0xB6, 0x8B, 0x40, 0x14, 0xB8, 0xBC, 0xE6, 0x89, 0x16, 0x9E, 0x0F, 0x8B, 0x5E,
    0x22, 0xBF, 0xF6, 0x3A, 0xDE, 0x5B, 0x9C, 0x09, 0x88, 0x7A, 0x09, 0x5B, 0xD3, 0x1A, 0x94, 0x48,
    0x01, 0xED, 0x57, 0x39, 0xD6, 0x6D, 0x90, 0xC2, 0xFC, 0xA9, 0x8D, 0xF4, 0xD8, 0x6D, 0xA5, 0x84,
    0xB0, 0x4F, 0xC0, 0x84, 0x5E, 0xA3, 0x8D, 0xCF, 0xC0, 0xDA, 0xEE, 0xF3, 0xDB, 0x74, 0xB2, 0xF1,
    0x7C, 0x02, 0xB7, 0x99, 0xDE, 0xFE, 0x36, 0xEF, 0xE4, 0x46, 0x21, 0xB2, 0xF1, 0x78, 0x2A, 0xD9,
    0x58, 0xE0, 0x6A, 0x07, 0xF2, 0x0E, 0xFC, 0xF2, 0x66, 0x64, 0xAE, 0xA5, 0xE7, 0xC1, 0xF3, 0x03,
    0xDB, 0xA7, 0x30, 0x2D, 0xE6, 0x42, 0xD0, 0xD7, 0xB1, 0x40, 0x3A, 0xF5, 0x9A, 0xEE, 0xA5, 0xA8,
    0xE9, 0x1E, 0x8B, 0x9A, 0x82, 0x45, 0xC5, 0x48, 0x23, 0xA8, 0xCD, 0x7C, 0x2C, 0xE6, 0x62, 0x7F,
    0x0C, 0xFA, 0x3D, 0xF9, 0x46, 0xB8, 0x33, 0xD2, 0x24, 0x6B, 0x06, 0x98, 0x3A, 0xE6, 0x0D, 0x99,
    0xA3, 0x7B, 0xCA, 0x1D, 0x03, 0x3A, 0x12, 0x2D, 0x4C, 0x60, 0x0A, 0x0C, 0x1E, 0x1C, 0x74, 0x40,
    0x1F, 0x2C, 0xBC, 0xA9, 0x7D, 0x24, 0xCF, 0x4C, 0xBC, 0xDA, 0x23, 0xFA, 0xDF, 0x45, 0x3E, 0x81,
    0xAD, 0x6B, 0x59, 0x69, 0x35, 0x12, 0x16, 0x06, 0xF3, 0x79, 0x0B, 0x33, 0xFD, 0x63, 0x70, 0x19,
    0x39, 0x6D, 0xE7, 0x56, 0xC3, 0x46, 0x6E, 0x01, 0x85, 0xB6, 0x3C, 0xEB, 0x68, 0x5A, 0x78, 0xD8,
    0xF2, 0x33, 0x1B, 0xE0, 0x38, 0x23, 0xB2, 0x07, 0xFE, 0x61, 0x49, 0x56, 0xDA, 0x6C, 0x03, 0x72,
    0x1F, 0xAA, 0x17, 0x60, 0xFF, 0xEE, 0x7C, 0x2B, 0x5B, 0xF0, 0x63, 0x63, 0x67, 0x03, 0x2A, 0x46,
    0xF5, 0x46, 0xCF, 0xBC, 0x36, 0x0F, 0xDF, 0x7F, 0xEE, 0xF1, 0x99, 0x87, 0xA7, 0x1B, 0x90, 0x9D,
    0x7D, 0x78, 0x76, 0xF6, 0xDB, 0x74, 0x8F, 0x83, 0x7D, 0x60, 0x3A, 0xEF, 0x15, 0x7F, 0xA3, 0x31,
    0x0F, 0xBC, 0xC6, 0xD4, 0xDC, 0xB9, 0xAA, 0x8E, 0x76, 0x34, 0x26, 0x33, 0x8D, 0x29, 0x9E, 0x4E,
    0x63, 0xAE, 0x5E, 0x7D, 0xCB, 0xF2, 0xCF, 0x11, 0xB0, 0xD1, 0xC1, 0x9B, 0x47, 0xE3, 0x8D, 0x84,
    0x39, 0x51, 0x5B, 0x98, 0x01, 0x64, 0x3B, 0x06, 0xE3, 0x55, 0x19, 0xCA, 0x65, 0x9B, 0xA7, 0xA7,
    0x16, 0x5E, 0x4C, 0xD5, 0x16, 0x8D, 0x49, 0xBD, 0xE3, 0x27, 0x62, 0x0C, 0x81, 0xBB, 0xA6, 0xB1,
    0x82, 0xD0, 0x33, 0x20, 0xBC, 0x76, 0xD0, 0x7F, 0x5E, 0xAD, 0xA6, 0x67, 0x26, 0x96, 0x70, 0x33,
    0xE7, 0x3D, 0x06, 0xFD, 0x7E, 0xC6, 0x8B, 0x8D, 0x3E, 0xCB, 0x1B, 0x73, 0x3D, 0x11, 0x59, 0x5F,
    0xCC, 0xE8, 0x83, 0x17, 0x54, 0x1D, 0xF8, 0xAB, 0x5B, 0x2E, 0x7A, 0x38, 0x97, 0x7D, 0x8C, 0x82,
    0xE7, 0x81, 0x5A, 0x78, 0x2B, 0xE8, 0xF0, 0xBC, 0x67, 0x8B, 0xFC, 0xD3, 0x89, 0x6C, 0xA5, 0xD7,
    0x6C, 0xDD, 0xEF, 0xFA, 0x6C, 0x60, 0x30, 0xC4, 0x20, 0x07, 0x94, 0x58, 0x36, 0xE9, 0x72, 0x9F,
    0xAB, 0xBF, 0xEB, 0x91, 0x15, 0x09, 0x7A, 0xE2, 0x13, 0xF8, 0x8F, 0xE8, 0xB8, 0x63, 0x6C, 0xAD,
    0x8D, 0x7C, 0xA4, 0x36, 0xEF, 0x2E, 0x95, 0x06, 0xC6, 0x60, 0xA9, 0x38, 0xF2, 0xA6, 0xC9, 0x10,
    0x5D, 0x3D, 0x50, 0xA6, 0x2C, 0x5C, 0xE0, 0x53, 0x1C, 0x11, 0x4D, 0xC6, 0x7C, 0x69, 0x4F, 0x5E,
    0xBC, 0x3B, 0x1E, 0x53, 0xF3, 0xC3, 0x0B, 0x52, 0xD3, 0x14, 0x4E, 0xED, 0xE4, 0x5B, 0xB4, 0xFF,
    0xBB, 0x80, 0x97, 0x37, 0x46, 0xB8, 0x63, 0x98, 0x31, 0x9D, 0xC4, 0xD6, 0x6C, 0x0B, 0xAE, 0x23,
    0x65, 0x87, 0xCC, 0xBC, 0xAE, 0x06, 0x5C, 0x50, 0xBE, 0xF4, 0x34, 0x0A, 0xB3, 0x34, 0x9F, 0x43,
    0x10, 0x37, 0xC0, 0x8F, 0x20, 0x8D, 0x47, 0xC0, 0xF7, 0x91, 0x3A, 0xB0, 0x55, 0x85, 0x40, 0x16,
    0xFE, 0x1F, 0xF0, 0x5D, 0x68, 0xCD, 0x67, 0xC0, 0xC8, 0xDD, 0xE2, 0x5B, 0x86, 0x57, 0xC9, 0xBF,
    0x10, 0x57, 0x63, 0xFA, 0x26, 0x71, 0x31, 0x66, 0x14, 0x7E, 0x9F, 0xCF, 0x97, 0x0C, 0x67, 0x7A,
    0xD1, 0x70, 0xAA, 0xA3, 0xE1, 0x44, 0x07, 0xC3, 0xC8, 0xBF, 0x0C, 0x47, 0xCC, 0x32, 0x81, 0x11,
    0x32, 0x0C, 0x5B, 0xDB, 0xC5, 0x1D, 0x7E, 0x05, 0x0C, 0x31, 0x42, 0x6E, 0x55, 0x6D, 0x9A, 0xE6,
    0x0A, 0x0A, 0xAF, 0xF1, 0xE9, 0x6E, 0x43, 0x6F, 0xC9, 0x81, 0x83, 0xFC, 0xD9, 0x57, 0x10, 0xC2,
    0xE4, 0xC3, 0xA2, 0x2E, 0x88, 0x64, 0xA2, 0x53, 0xAC, 0x0E, 0xE8, 0x23, 0xEC, 0x07, 0xD0, 0x09,
    0x16, 0x0C, 0xF4, 0x21, 0x02, 0x5A, 0xCF, 0xD0, 0xAB, 0x25, 0x11, 0x56, 0x4E, 0x94, 0x6A, 0x4F,
    0x04, 0x72, 0x44, 0xA1, 0x4E, 0x44, 0x56, 0xF0, 0xB2, 0x29, 0xE4, 0x51, 0xE6, 0x51, 0xE2, 0x51,
    0xE4, 0x51, 0xE0, 0x11, 0x0B, 0x96, 0xF3, 0x9F, 0x97, 0x4C, 0xE2, 0x38, 0x29, 0xF5, 0xC8, 0xCA,
    0x4F, 0x66, 0xE1, 0x30, 0x0E, 0x86, 0xF1, 0xFC, 0x61, 0xC3, 0x1E, 0x9C, 0x4B, 0xE8, 0x5D, 0xF0,
    0x2E, 0x11, 0xE6, 0xA8, 0xDA, 0x13, 0x6B, 0x04, 0x3A, 0x2D, 0xA4, 0xC2, 0x23, 0x1D, 0x17, 0x9D,
    0x56, 0xC5, 0x52, 0x07, 0x01, 0x42, 0xB7, 0x70, 0x7A, 0x0C, 0x2E, 0xDF, 0xFA, 0xF1, 0x7E, 0xAE,
    0xA7, 0xE3, 0x69, 0x7A, 0xFA, 0xFE, 0x59, 0xFE, 0xB9, 0x52, 0x18, 0x0F, 0xB1, 0x4F, 0x6F, 0xC8,
    0xDB, 0x5E, 0xB0, 0xAB, 0x26, 0xEF, 0xF3, 0x64, 0x93, 0x24, 0x44, 0x0B, 0xDC, 0x7D, 0x6F, 0xD3,
    0x86, 0xC4, 0x42, 0x95, 0xF7, 0x94, 0x95, 0xAF, 0x27, 0x49, 0x87, 0x34, 0x4D, 0x3F, 0x9F, 0x0A,
    0xBE, 0xA2, 0x9F, 0xCB, 0xE2, 0xF0, 0xD7, 0x1E, 0xDF, 0xCB, 0x2D, 0xFC, 0x6E, 0x72, 0xAB, 0x9E,
    0x49, 0x6E, 0xD5, 0x56, 0x6E, 0x2B, 0x16, 0xE0, 0xDA, 0x1B, 0x7D, 0x2C, 0x90, 0x85, 0x7F, 0x40,
    0x35, 0xC4, 0x80, 0x07, 0x1C, 0x9C, 0x58, 0xED, 0x2A, 0xF4, 0x02, 0x4B, 0x5E, 0xEF, 0xB3, 0xB6,
    0x25, 0x05, 0x84, 0x23, 0xB0, 0xC2, 0xC2, 0xCA, 0x4B, 0x5F, 0x2B, 0xA0, 0x00, 0xDB, 0x4D, 0xC3,
    0x20, 0x34, 0xA4, 0x61, 0xE6, 0x33, 0x6A, 0x73, 0x19, 0x2E, 0xDE, 0xCF, 0xC4, 0xFC, 0xCD, 0xDA,
    0xC6, 0xD8, 0x78, 0xCE, 0x52, 0xDF, 0x22, 0xB1, 0x1E, 0x34, 0x8A, 0x37, 0xF3, 0x41, 0xA3, 0xB9,
    0xA0, 0x59, 0x36, 0x23, 0x11, 0xA9, 0x76, 0x20, 0x29, 0x24, 0xEB, 0x47, 0x9C, 0xD7, 0x4F, 0x23,
    0xFD, 0xD4, 0x7B, 0x4A, 0xEF, 0xB1, 0xAD, 0x08, 0xFB, 0xA5, 0xC8, 0x55, 0x0A, 0x18, 0xE4, 0x03,
    0xBD, 0x43, 0x03, 0x44, 0x89, 0x81, 0xEC, 0x2F, 0xEF, 0x20, 0x88, 0x8C, 0xB2, 0x05, 0x98, 0xE4,
    0x4F, 0xAE, 0x15, 0x3E, 0x1B, 0x6D, 0x6D, 0xAC, 0x39, 0x92, 0x8E, 0xFC, 0x58, 0x1F, 0x03, 0x4C,
    0x15, 0xCB, 0xFF, 0xD6, 0xF6, 0x36, 0xB7, 0xEB, 0x7B, 0x18, 0x55, 0xCD, 0xFD, 0xA8, 0x29, 0x6A,
    0xD8, 0xD1, 0x0A, 0xA0, 0xEA, 0x51, 0x2F, 0x40, 0x55, 0xE6, 0x5F, 0x69, 0x99, 0xB0, 0x30, 0xB5,
    0xF8, 0x69, 0x99, 0xC6, 0xB0, 0x40, 0x66, 0x57, 0x67, 0xE0, 0x31, 0x60, 0x38, 0xA0, 0x28, 0x58,
    0x59, 0x0F, 0x7B, 0xF5, 0x14, 0x39, 0xE0, 0xB3, 0xC0, 0xC0, 0x12, 0xC0, 0xC2, 0x56, 0x61, 0xD0,
    0x0B, 0xCA, 0x2D, 0x88, 0xF1, 0xE5, 0x60, 0xB5, 0x4E, 0xC1, 0xBF, 0x47, 0xC4, 0xB4, 0x26, 0x58,
    0x92, 0xFC, 0xCE, 0x3A, 0x2B, 0x11, 0x43, 0x20, 0x1E, 0x4D, 0xF3, 0x98, 0xAC, 0x61, 0x5F, 0xE9,
    0x9D, 0xD9, 0xD7, 0x29, 0x83, 0x37, 0x13, 0xAB, 0x32, 0xAC, 0xA9, 0xB2, 0x04, 0x64, 0x83, 0x16,
    0x99, 0x6E, 0x93, 0x6E, 0xEC, 0x48, 0x28, 0xAD, 0x59, 0x6C, 0xA6, 0x25, 0xDD, 0x56, 0x66, 0xCB,
    0xBE, 0x04, 0xE1, 0xB3, 0x71, 0xC4, 0x54, 0xF9, 0x1D, 0xD3, 0xE6, 0xF7, 0x4D, 0x9B, 0xD9, 0x32,
    0xD2, 0xC0, 0xE0, 0xEB, 0x1D, 0x15, 0xFF, 0x17, 0x56, 0xFC, 0xDF, 0x32, 0xF8, 0x5F, 0xD6, 0xF3,
    0x38, 0xF5, 0x55, 0xAF, 0xC1, 0xF9, 0x6C, 0xB6, 0x2D, 0xD6, 0xEB, 0x05, 0x7F, 0x56, 0x2E, 0xA7,
    0xD6, 0x6D, 0xA7, 0xEA, 0xF9, 0xCC, 0xC3, 0x7F, 0x48, 0x2C, 0x0B, 0x96, 0xE4, 0xB6, 0x65, 0x54,
    0x23, 0x4F, 0x0C, 0x58, 0xAA, 0x4D, 0x0B, 0x93, 0x48, 0x5A, 0x3C, 0x9F, 0xA8, 0x65, 0x3D, 0xAB,
    0x78, 0x54, 0x6E, 0xDC, 0x3E, 0xD2, 0xD2, 0x18, 0x0E, 0xEE, 0x69, 0x7D, 0x81, 0x3C, 0x87, 0x9F,
    0xA8, 0x23, 0xF3, 0x73, 0xF4, 0x5B, 0x75, 0xC6, 0x7F, 0xFC, 0xA1, 0xB6, 0x16, 0xF0, 0x92, 0x5A,
    0x3B, 0x5B, 0xC5, 0x4F, 0xCB, 0xE6, 0xCB, 0x9E, 0x0B, 0x79, 0x4F, 0xAA, 0xBB, 0x2C, 0x59, 0xF5,
    0x0F, 0x52, 0xDC, 0xB7, 0xE5, 0x4C, 0x16, 0x00, 0xAD, 0xDD, 0x96, 0xF9, 0x76, 0xCE, 0xE8, 0xDB,
    0x18, 0x7C, 0x6A, 0xEA, 0x17, 0xD8, 0xFB, 0xA6, 0x07, 0x3B, 0x3A, 0xB1, 0x2D, 0xB6, 0xE8, 0xAC,
    0x8D, 0x8B, 0x0F, 0xAD, 0x84, 0xE3, 0xB2, 0xC0, 0xD1, 0xC3, 0x98, 0x75, 0x78, 0x19, 0x62, 0xF6,
    0xBB, 0xD6, 0xC9, 0xA3, 0x9B, 0x99, 0x43, 0x53, 0x2B, 0x96, 0xDB, 0x99, 0xBE, 0x67, 0x4D, 0x94,
    0x53, 0xF1, 0x4F, 0x5F, 0x3A, 0x7D, 0xBE, 0xE9, 0xE7, 0x5B, 0x61, 0xEB, 0x6A, 0xB2, 0xF1, 0xFC,
    0x58, 0xA4, 0xFF, 0x5F, 0x2A, 0x66, 0xF2, 0x21, 0x75, 0x35, 0x2B, 0xD5, 0xCE, 0x54, 0x38, 0xF4,
    0x26, 0xB7, 0x2B, 0x20, 0xA3, 0x35, 0x02, 0x4E, 0xCA, 0x90, 0xB9, 0xD9, 0x7F, 0xDD, 0xE5, 0x2A,
    0x65, 0x09, 0x72, 0x85, 0xB9, 0xC7, 0x6B, 0x16, 0xBE, 0x2E, 0x08, 0x39, 0x7C, 0xDF, 0x1E, 0xCB,
    0x43, 0xAB, 0x29, 0xB0, 0x36, 0x43, 0x64, 0x6D, 0x94, 0xD8, 0x9A, 0x9D, 0xEF, 0x99, 0x53, 0xFB,
    0x83, 0xAC, 0x2D, 0x3A, 0x32, 0x75, 0x0B, 0x5E, 0x80, 0x61, 0xAD, 0x0F, 0xE2, 0xC8, 0x03, 0xEB,
    0xAB, 0xDE, 0x52, 0x55, 0xCA, 0xBD, 0x1E, 0xFD, 0xDA, 0x4D, 0x0C, 0x7C, 0xAA, 0x3D, 0x2E, 0xB2,
    0xC5, 0x53, 0x0E, 0xA9, 0xEF, 0xBC, 0xCA, 0xD2, 0x12, 0x69, 0xCE, 0x8C, 0x60, 0x0E, 0x36, 0x72,
    0xC4, 0xC8, 0xD3, 0xA4, 0x11, 0x23, 0x82, 0x11, 0x23, 0xC2, 0x33, 0x67, 0x7F, 0x35, 0xDF, 0x9F,
    0xB2, 0x1F, 0xF4, 0xE2, 0xDF, 0x74, 0xF7, 0xF5, 0xF5, 0xEB, 0x25, 0xDB, 0xF7, 0xEC, 0xFC, 0xB3,
    0x9D, 0xCF, 0xB6, 0x03, 0xDB, 0xFB, 0xB4, 0x03, 0xB6, 0xFB, 0xD9, 0xF6, 0x67, 0x3F, 0x91, 0xFA,
    0xC3, 0x13, 0x04, 0x99, 0x97, 0x13, 0x85, 0xC7, 0x26, 0xED, 0x1C, 0xAA, 0xEC, 0x4F, 0x0A, 0x36,
    0x93, 0x64, 0x3B, 0xA9, 0x58, 0x4F, 0xB2, 0xA7, 0x99, 0xEF, 0x72, 0x07, 0xDF, 0xCB, 0x3A, 0xDD,
    0x0D, 0x23, 0x7E, 0xFD, 0x7A, 0x6D, 0x4B, 0x92, 0x6C, 0x58, 0xC7, 0x42, 0xEB, 0x3D, 0xCD, 0xE0,
    0x28, 0x1A, 0xF3, 0x56, 0x92, 0x95, 0x9D, 0x24, 0xC5, 0x03, 0x78, 0x83, 0x99, 0xD8, 0x21, 0x52,
    0xC3, 0x06, 0xD1, 0x9F, 0x8B, 0xFC, 0x64, 0xDB, 0x38, 0xF3, 0x6D, 0xD7, 0x35, 0x84, 0xAB, 0x2F,
    0x11, 0xF8, 0xBA, 0x7C, 0x15, 0x8F, 0x32, 0x41, 0x5D, 0x7F, 0xE0, 0x1B, 0x30, 0x3C, 0x09, 0x89,
    0xD9, 0x43, 0xCE, 0x90, 0x5D, 0x22, 0xD9, 0x82, 0x6D, 0x1A, 0xC8, 0x59, 0xA4, 0x1D, 0x98, 0xCD,
    0x06, 0xEC, 0xE2, 0x55, 0xA7, 0x88, 0x81, 0x33, 0xFE, 0xCD, 0x07, 0x80, 0x0A, 0x43, 0x4A, 0xDD,
    0x82, 0x15, 0x00, 0x43, 0xCD, 0xBF, 0x55, 0xFA, 0x99, 0x0E, 0x99, 0xBE, 0xAE, 0x5D, 0xF0, 0x96,
    0x9C, 0x5B, 0x37, 0xC1, 0xFE, 0xB1, 0xB5, 0x36, 0x97, 0xC5, 0xF9, 0x25, 0x3B, 0xF9, 0x96, 0x0C,
    0xE6, 0x5C, 0x09, 0xF8, 0x09, 0x74, 0x30, 0x42, 0xF1, 0x40, 0x65, 0x9E, 0x1B, 0xD6, 0x8C, 0x5D,
    0xBA, 0x93, 0x39, 0xF9, 0x86, 0x48, 0xB8, 0x14, 0xF9, 0x4F, 0x86, 0xE1, 0x99, 0x82, 0xCC, 0x19,
    0x85, 0xDA, 0xA8, 0xC1, 0x22, 0x4E, 0xAD, 0xF0, 0xF9, 0x57, 0xEB, 0x23, 0xD9, 0xB1, 0xAF, 0x49,
    0x24, 0xC7, 0xFF, 0xA1, 0x3E, 0xA4, 0xF1, 0x5C, 0xD6, 0x12, 0xC9, 0x80, 0xE5, 0x05, 0x96, 0x34,
    0x34, 0xCC, 0x13, 0x5E, 0xF5, 0x16, 0xB8, 0x03, 0x86, 0xB5, 0x9F, 0x69, 0x66, 0xDF, 0xAC, 0x8A,
    0x5C, 0xAE, 0x0F, 0xAD, 0x99, 0x4C, 0x63, 0xD4, 0xDD, 0xF6, 0xF8, 0xE6, 0x75, 0x38, 0x5A, 0x12,
    0x6B, 0x7D, 0x2A, 0x83, 0x41, 0x33, 0x6E, 0x3D, 0xFE, 0x3E, 0x3C, 0xB8, 0x62, 0x29, 0xD5, 0xBC,
    0xE4, 0x83, 0x34, 0xEA, 0x3B, 0x80, 0xB0, 0x59, 0xDC, 0x81, 0x8E, 0x00, 0xFA, 0x37, 0x52, 0xAA,
    0x6A, 0xB4, 0x5A, 0xFE, 0x89, 0xD0, 0xBE, 0x6D, 0xC6, 0xED, 0xF8, 0xC2, 0x28, 0xA4, 0xFA, 0x85,
    0x32, 0xF7, 0x41, 0x2D, 0x80, 0x00, 0x31, 0xB1, 0xDF, 0x76, 0x50, 0xCA, 0x56, 0x22, 0xB7, 0xB1,
    0x8C, 0x1B, 0xB3, 0x24, 0x53, 0x08, 0x89, 0x50, 0x18, 0xC5, 0x60, 0x27, 0x5E, 0x3C, 0x00, 0x5B,
    0x85, 0x67, 0xCE, 0x46, 0x9E, 0x2C, 0x91, 0xA0, 0x83, 0x44, 0x6E, 0x74, 0x89, 0xFA, 0x23, 0x5D,
    0x36, 0x41, 0x39, 0xD2, 0x4B, 0xE4, 0xC8, 0x5C, 0x0D, 0xEE, 0x65, 0xA7, 0x6C, 0x3C, 0x9C, 0x58,
    0x66, 0xFD, 0x01, 0x5C, 0x90, 0x75, 0x72, 0x4B, 0xB1, 0x5C, 0xDB, 0x03, 0x3B, 0xBC, 0xD8, 0x56,
    0x7D, 0xCB, 0x11, 0xD6, 0xF3, 0x00, 0xB6, 0xB2, 0xED, 0x2C, 0xDA, 0xF8, 0x45, 0xB8, 0xFF, 0x01,
    0x3E, 0xD6, 0x3F, 0x8B, 0xB5, 0x79, 0x34, 0xA7, 0x43, 0xA2, 0x13, 0x2C, 0x86, 0x86, 0xC1, 0xFE,
    0xE8, 0x06, 0xF0, 0x24, 0x4B, 0xB2, 0x15, 0xB2, 0xE7, 0x64, 0x82, 0x3C, 0x42, 0xCB, 0xD0, 0x4F,
    0x91, 0x50, 0xB2, 0x39, 0xEC, 0x4F, 0x32, 0x0A, 0x26, 0xEC, 0xEC, 0x32, 0xB6, 0x39, 0xE5, 0x42,
    0x5D, 0x18, 0x6C, 0xEB, 0x32, 0x26, 0x70, 0x15, 0x8F, 0x34, 0xB8, 0x80, 0x41, 0xCD, 0xAD, 0xD4,
    0x98, 0x54, 0x75, 0xEC, 0xCD, 0x32, 0xFD, 0x80, 0xFA, 0x95, 0xCF, 0x69, 0x3B, 0x1F, 0x9B, 0xED,
    0x7C, 0xA6, 0xE3, 0xAE, 0x05, 0xD1, 0xA1, 0xEF, 0x76, 0x60, 0x9E, 0x19, 0x16, 0xF4, 0xF9, 0xBD,
    0x87, 0x72, 0xCC, 0x13, 0x0C, 0x33, 0x2E, 0xC7, 0xA3, 0x8C, 0xE3, 0x1D, 0x25, 0x3F, 0xEF, 0x0E,
    0x99, 0x9D, 0xF3, 0x1D, 0x3F, 0xDD, 0x1B, 0x34, 0xD9, 0x8F, 0x20, 0x15, 0x76, 0x2F, 0xA3, 0xE5,
    0xB2, 0x83, 0x92, 0xE3, 0xBD, 0xE3, 0x81, 0xB8, 0xB5, 0x56, 0x46, 0xB1, 0x5C, 0xD1, 0x73, 0x5D,
    0x6E, 0xE7, 0xAA, 0x33, 0xE8, 0x60, 0x71, 0x6F, 0x96, 0xEA, 0x11, 0x2D, 0xA4, 0xF3, 0x07, 0xA1,
    0xBE, 0x6B, 0x6D, 0x87, 0xC8, 0x8D, 0x4F, 0x65, 0x0C, 0x66, 0x06, 0xD3, 0x6F, 0x81, 0x6F, 0xD8,
    0x39, 0xC1, 0xEB, 0xD8, 0x09, 0xFA, 0xD0, 0x92, 0xF0, 0x1D, 0xDE, 0xBF, 0x6C, 0x99, 0xD4, 0x9B,
    0x0C, 0x2E, 0xFA, 0xB6, 0x7D, 0xF6, 0x27, 0x3E, 0x94, 0x41, 0xAA, 0xA7, 0x56, 0x18, 0xFC, 0xD4,
    0x34, 0xFD, 0x4D, 0xC8, 0x96, 0x74, 0x9C, 0xD1, 0x61, 0x5A, 0x52, 0x5A, 0x2E, 0x55, 0x36, 0x3C,
    0xA0, 0xEC, 0x2B, 0x66, 0x29, 0x3D, 0x99, 0x3D, 0x94, 0x57, 0xD9, 0x1E, 0x2E, 0xED, 0xA0, 0xEB,
    0x79, 0xDF, 0xFE, 0x24, 0x5F, 0xA4, 0x84, 0x56, 0x99, 0x2F, 0xF8, 0x90, 0xBD, 0x05, 0x76, 0x65,
    0x6E, 0xE9, 0x48, 0x1B, 0xAE, 0xA8, 0x5E, 0x0D, 0xD8, 0xAD, 0x88, 0x1E, 0x9A, 0xC2, 0x75, 0xC8,
    0xF9, 0x7C, 0xD7, 0x8F, 0xBA, 0x32, 0x7D, 0x8F, 0x1F, 0x4C, 0x05, 0xEF, 0xA9, 0xE9, 0x8D, 0xFF,
    0xE0, 0x59, 0x95, 0x23, 0x26, 0x75, 0xE7, 0xF5, 0x23, 0xF0, 0xC3, 0xC0, 0x34, 0xCB, 0x5F, 0xEA,
    0x50, 0xE8, 0xB6, 0x10, 0x7F, 0x91, 0x06, 0xB0, 0x09, 0x1B, 0x01, 0x8F, 0x42, 0x93, 0x39, 0x84,
    0x02, 0x61, 0x4F, 0x5A, 0x86, 0x0D, 0x1E, 0x99, 0x36, 0x3C, 0x3C, 0xAD, 0x06, 0x73, 0xC1, 0x7B,
    0xC0, 0xBE, 0xB0, 0x21, 0x36, 0xD8, 0xA6, 0x19, 0x81, 0x50, 0x7F, 0x35, 0x33, 0x6C, 0xAC, 0x9D,
    0x64, 0x50, 0x32, 0x9A, 0x1E, 0xDD, 0xE2, 0xAF, 0xA5, 0x20, 0xF1, 0x09, 0xAB, 0x62, 0x48, 0x7C,
    0x65, 0x1B, 0x12, 0x3D, 0x7C, 0xAE, 0x90, 0xE8, 0x43, 0x0B, 0x8A, 0x11, 0xDF, 0xB8, 0xB8, 0xFA,
    0xED, 0xAD, 0x86, 0xCE, 0x7B, 0xBA, 0x0D, 0xE4, 0x99, 0xD6, 0xCB, 0x60, 0x3B, 0x18, 0xE1, 0x13,
    0x4F, 0x47, 0x8B, 0x52, 0x16, 0xA4, 0x2C, 0x46, 0x59, 0xC8, 0xB1, 0x08, 0xF5, 0x24, 0x59, 0x58,
    0x70, 0xB2, 0xD8, 0x64, 0xE3, 0x2C, 0x32, 0x65, 0x0C, 0x4C, 0xAC, 0xD2, 0x47, 0x84, 0x25, 0xDC,
    0x3E, 0xF0, 0x27, 0x3B, 0xDF, 0x08, 0x1A, 0x33, 0x1B, 0xF5, 0x20, 0x10, 0x14, 0x6F, 0x0D, 0x3D,
    0x35, 0xAA, 0xB6, 0x9A, 0x8D, 0x3A, 0xD7, 0xE8, 0x6F, 0x58, 0xC8, 0xFF, 0x37, 0x75, 0xDB, 0xBD,
    0xCC, 0xEE, 0xC2, 0xB3, 0xC7, 0x8A, 0x73, 0x57, 0xE8, 0xF8, 0xEB, 0xF4, 0xE1, 0x8D, 0xBE, 0x68,
    0xD3, 0xBE, 0x71, 0x49, 0xAF, 0x6D, 0xCC, 0x33, 0x5F, 0x61, 0x3C, 0x80, 0xDA, 0x95, 0x2C, 0xE2,
    0x51, 0x50, 0xAE, 0xAC, 0xAF, 0x7D, 0x5E, 0x47, 0x78, 0x93, 0x11, 0xD5, 0x18, 0xAF, 0x61, 0x46,
    0x14, 0x81, 0x78, 0x5C, 0xC6, 0x4A, 0x8F, 0x2D, 0x03, 0xF5, 0x17, 0x82, 0x80, 0x45, 0xBD, 0xC8,
    0x3A, 0xA1, 0xE5, 0xA6, 0x1B, 0x4C, 0x1E, 0xBE, 0xDB, 0x85, 0x3C, 0x52, 0xBF, 0xC0, 0xD6, 0x32,
    0xA6, 0x8F, 0xFE, 0x77, 0x5F, 0xAF, 0x8A, 0xFC, 0x0D, 0x38, 0xBB, 0xDC, 0xF0, 0x20, 0xE4, 0x0D,
    0x56, 0xBE, 0x48, 0xE6, 0x26, 0xF1, 0xC6, 0xF4, 0xAC, 0xB0, 0xAE, 0x98, 0x2C, 0xFD, 0x76, 0x69,
    0xB0, 0xD3, 0x3A, 0xD5, 0xDA, 0x9F, 0x03, 0xE1, 0x81, 0xF7, 0x94, 0xD8, 0xCE, 0x46, 0x87, 0x7C,
    0xA6, 0xAE, 0xB1, 0x29, 0x19, 0x59, 0xCB, 0x1B, 0xB9, 0x40, 0x9F, 0xD6, 0x6C, 0x0F, 0xF1, 0x58,
    0x21, 0xE3, 0x26, 0x5E, 0x64, 0xCE, 0x7B, 0x81, 0xBF, 0x49, 0x79, 0x9F, 0x22, 0xB7, 0x12, 0xA5,
    0xDF, 0xFC, 0x0E, 0x64, 0xFD, 0xF3, 0x00, 0x13, 0x16, 0xCF, 0x44, 0xCD, 0x3F, 0x9D, 0x68, 0x8B,
    0x3C, 0xB6, 0xD1, 0x9F, 0x5B, 0xDB, 0x26, 0x1D, 0x51, 0x87, 0x25, 0x48, 0x54, 0x26, 0x14, 0x72,
    0x31, 0x7F, 0x3E, 0x26, 0x8C, 0x85, 0xEC, 0x30, 0xF7, 0x24, 0x51, 0x99, 0xD3, 0xD5, 0xEE, 0x6B,
    0x3D, 0xE1, 0x99, 0x48, 0xDF, 0xEB, 0x09, 0x7F, 0x53, 0x74, 0xB7, 0xD3, 0xCF, 0x98, 0xEF, 0x3F,
    0x6A, 0x9B, 0x47, 0xD6, 0xC0, 0xB1, 0x96, 0x34, 0xCB, 0x57, 0xC3, 0x20, 0x6C, 0xC7, 0xF3, 0x89,
    0xFA, 0xA3, 0xCA, 0x68, 0x5A, 0xF0, 0x68, 0x75, 0x04, 0x0B, 0xD6, 0xC8, 0x8A, 0x72, 0x68, 0x2F,
    0x56, 0x5A, 0x20, 0x75, 0x70, 0x29, 0x84, 0xDF, 0xE7, 0x3C, 0x46, 0xBC, 0xC0, 0x62, 0xF0, 0xD7,
    0x62, 0xC1, 0xC4, 0xFF, 0xC6, 0x23, 0xF5, 0x47, 0xFF, 0xDD, 0x72, 0x54, 0x9E, 0x71, 0x87, 0x2E,
    0xB2, 0x40, 0x7B, 0x3F, 0xC7, 0x7E, 0x21, 0x5F, 0x70, 0x31, 0xCD, 0x99, 0x82, 0x53, 0x0F, 0x76,
    0x65, 0x18, 0x76, 0xEC, 0x24, 0x5A, 0x6B, 0x0B, 0x32, 0xEC, 0x92, 0xD2, 0xCB, 0x50, 0x57, 0x3F,
    0x62, 0xE3, 0xED, 0xAF, 0xD9, 0x32, 0xA0, 0x0C, 0xA7, 0x7F, 0xE6, 0x89, 0xEA, 0x7F, 0x88, 0x1D,
    0x4F, 0xCB, 0xF6, 0x87, 0x37, 0x81, 0x97, 0xA1, 0xC8, 0x72, 0xAE, 0x7C, 0x91, 0xE0, 0xAF, 0x08,
    0xAC, 0x80, 0xF8, 0x27, 0xE6, 0x30, 0x98, 0xD0, 0xDC, 0x77, 0x4B, 0x94, 0x6B, 0x36, 0xBF, 0x04,
    0x2A, 0x96, 0xDF, 0x84, 0x16, 0x75, 0x3E, 0x15, 0xB0, 0xC6, 0x82, 0x3F, 0x6E, 0x08, 0xAD, 0x57,
    0xE5, 0x4C, 0xEF, 0x58, 0x47, 0x56, 0x93, 0x25, 0x81, 0x6C, 0x3A, 0x20, 0x58, 0xE4, 0x58, 0x4C,
    0x81, 0xDB, 0x05, 0x96, 0x57, 0xAD, 0x8F, 0xBE, 0x50, 0x70, 0x04, 0x0C, 0x25, 0x65, 0x6A, 0x82,
    0xF4, 0x6F, 0xB6, 0x23, 0x67, 0xBE, 0x83, 0xCD, 0x2F, 0xF3, 0xEC, 0xD7, 0x71, 0xC8, 0x10, 0x79,
    0x42, 0x65, 0x47, 0xEC, 0xFC, 0xB5, 0xD7, 0xFA, 0xDB, 0x50, 0x39, 0x38, 0x9E, 0x78, 0x88, 0xBC,
    0x25, 0x32, 0x9B, 0x5C, 0x9B, 0x5E, 0x0E, 0xFE, 0x4E, 0x9F, 0xEA, 0xD5, 0x5C, 0x63, 0xFF, 0x31,
    0xA6, 0x9D, 0x6C, 0xAB, 0xB1, 0x80, 0x4E, 0xD8, 0x9E, 0x60, 0xBF, 0x25, 0x8C, 0x46, 0xDF, 0x93,
    0xC0, 0xE2, 0x8C, 0x8D, 0x7C, 0x85, 0xDA, 0x32, 0x58, 0x7F, 0xC5, 0xF7, 0xCC, 0xC1, 0xB4, 0x5E,
    0xB2, 0xBA, 0x10, 0x81, 0x27, 0x3F, 0x52, 0x26, 0xE5, 0xF0, 0xA5, 0xF1, 0x03, 0x39, 0xE4, 0x6F,
    0x19, 0x93, 0xB6, 0xC2, 0x66, 0xB5, 0x0D, 0x52, 0x47, 0x37, 0xF2, 0x37, 0x04, 0x8C, 0x9D, 0xF2,
    0xEF, 0x24, 0xFA, 0xFF, 0xD5, 0x5B, 0x3F, 0xAC, 0xDD, 0xE6, 0x75, 0x3F, 0x24, 0xFD, 0xC4, 0xC6,
    0x74, 0x42, 0x0F, 0x71, 0xD0, 0x56, 0xB1, 0x99, 0xA1, 0x43, 0x9A, 0x26, 0x62, 0x87, 0x0E, 0x01,
    0xFA, 0x24, 0x52, 0x16, 0x0A, 0x8D, 0xD6, 0xA0, 0xA0, 0x45, 0x3B, 0x78, 0xE9, 0x10, 0xA3, 0xC3,
    0x2B, 0x50, 0x0F, 0x1A, 0x24, 0x91, 0x49, 0x87, 0x8E, 0xD5, 0x9E, 0x02, 0xC9, 0x1C, 0x17, 0x90,
    0x07, 0xA1, 0x10, 0x10, 0x49, 0x64, 0xEC, 0x31, 0x0B, 0x0D, 0x17, 0xC8, 0x90, 0x21, 0x44, 0xAB,
    0xA4, 0x40, 0x0B, 0xD4, 0x0C, 0x42, 0xD7, 0xB4, 0x44, 0xF2, 0xEB, 0xEF, 0x77, 0x0E, 0xEF, 0x9F,
    0xF7, 0xDE, 0xD5, 0x8B, 0xED, 0xD8, 0xAF, 0xD5, 0xD5, 0x7D, 0xE7, 0xDC, 0x7B, 0xF9, 0xF1, 0xF0,
    0xFC, 0xFB, 0xCE, 0x77, 0xCE, 0xF9, 0x3E, 0xED, 0xE5, 0x59, 0x57, 0x0D, 0x6E, 0x74, 0x63, 0x35,
    0x64, 0xDD, 0x5E, 0x2E, 0xFA, 0x8A, 0xCA, 0xB8, 0x8E, 0xEB, 0xA4, 0x49, 0xDB, 0xAC, 0xCB, 0xBA,
    0xA2, 0xAF, 0x06, 0x1B, 0xC3, 0x7F, 0x45, 0x9F, 0x34, 0x22, 0xFB, 0x1C, 0xB6, 0x06, 0xDE, 0x03,
    0xDC, 0x98, 0xBA, 0x41, 0x7C, 0x37, 0x39, 0x89, 0xDC, 0xBE, 0x2B, 0x93, 0x71, 0xBF, 0xAA, 0xB3,
    0x71, 0xBF, 0x68, 0x8A, 0x61, 0x3F, 0xAB, 0xAB, 0x7E, 0xFF, 0x59, 0x71, 0x3D, 0x06, 0x1F, 0x05,
    0x03, 0x40, 0x35, 0x02, 0x64, 0xD3, 0xBE, 0x94, 0xA9, 0xDB, 0x0F, 0x9B, 0xD8, 0x4D, 0x55, 0x1D,
    0x38, 0xE7, 0x70, 0x05, 0x44, 0xE5, 0x0C, 0xC9, 0x1F, 0x79, 0xA4, 0x7C, 0x95, 0x7C, 0xBA, 0xD2,
    0x86, 0x04, 0xEE, 0xD2, 0x2C, 0xF1, 0x18, 0xB8, 0x3C, 0xE9, 0x7D, 0x57, 0x66, 0x9D, 0xE7, 0xEA,
    0xAC, 0x13, 0x05, 0x99, 0x00, 0x80, 0xBD, 0x1E, 0x20, 0x19, 0x01, 0x62, 0x82, 0x60, 0x06, 0xC8,
    0x9C, 0xEB, 0x0C, 0x88, 0x23, 0x4D, 0xFE, 0xE6, 0x4D, 0xBC, 0x3A, 0x90, 0x7A, 0xC3, 0xDB, 0xC0,
    0x46, 0xED, 0x76, 0x80, 0xEB, 0xB8, 0xD8, 0xE3, 0xAE, 0x60, 0xAC, 0xCA, 0xAB, 0xD1, 0x90, 0xFE,
    0xCC, 0x7D, 0xBF, 0xF5, 0x9D, 0x03, 0x09, 0xF7, 0xBD, 0x51, 0xBC, 0x51, 0x26, 0x09, 0x7A, 0xB9,
    0x29, 0x01, 0x39, 0xD8, 0x00, 0x7F, 0x90, 0x07, 0x78, 0x90, 0x0F, 0x1E, 0x9C, 0x1B, 0x21, 0x81,
    0x03, 0xBB, 0x6F, 0xCD, 0x71, 0x07, 0x51, 0xA2, 0x51, 0xE9, 0x19, 0x65, 0x37, 0xC6, 0x7C, 0x12,
    0x61, 0x3C, 0x93, 0xAB, 0xC8, 0x89, 0xD7, 0x43, 0xD2, 0x12, 0x74, 0x02, 0x57, 0x87, 0x8D, 0x78,
    0xAE, 0x8D, 0x6B, 0xD0, 0xE9, 0x12, 0xA8, 0xA1, 0x18, 0x32, 0x4A, 0x34, 0xDE, 0x24, 0xD3, 0x33,
    0x45, 0x4C, 0x40, 0x5F, 0x62, 0x47, 0xF1, 0x0C, 0x4A, 0xE8, 0x30, 0x7C, 0x1B, 0x9E, 0x7C, 0x55,
    0x28, 0xE7, 0x02, 0xDD, 0x91, 0x97, 0xFA, 0x89, 0x3B, 0xF6, 0xAB, 0xF7, 0x2D, 0xFC, 0x5C, 0xB8,
    0x46, 0xFC, 0xF9, 0xFB, 0x83, 0x84, 0x7D, 0x38, 0x49, 0xDC, 0x41, 0xD7, 0x71, 0xE7, 0xD3, 0x40,
    0x72, 0x0D, 0x62, 0xE4, 0x24, 0x0F, 0x6B, 0x78, 0x0E, 0x1F, 0x7D, 0x3E, 0x3A, 0xF9, 0x99, 0x9B,
    0x24, 0xCB, 0x2B, 0x27, 0x15, 0x6D, 0x0A, 0xE2, 0x10, 0xBD, 0x94, 0xA2, 0xA6, 0x79, 0xEA, 0x62,
    0xC6, 0xB5, 0xD4, 0xF5, 0x33, 0xB5, 0x35, 0xF0, 0xB6, 0x9A, 0xC2, 0x75, 0xA4, 0x30, 0x98, 0x51,
    0x93, 0x26, 0x1C, 0x25, 0xED, 0x02, 0x80, 0x1E, 0xB6, 0x8B, 0x87, 0xA4, 0xC3, 0x33, 0xC0, 0x86,
    0x14, 0x1F, 0x42, 0x1D, 0x65, 0x52, 0x56, 0x5D, 0xD5, 0xB9, 0xE5, 0x1F, 0x3F, 0xA7, 0x65, 0x0A,
    0xA5, 0x9D, 0xA5, 0x03, 0x71, 0x24, 0x8D, 0x9E, 0x3E, 0xF4, 0x2A, 0x7C, 0xC5, 0xC7, 0xB0, 0xA3,
    0xB1, 0x44, 0x46, 0x89, 0x6B, 0xBA, 0x93, 0x24, 0xF0, 0x83, 0x2E, 0xCE, 0xCF, 0x8B, 0x2B, 0xFB,
    0xB0, 0xBE, 0x1E, 0x4C, 0xD2, 0x07, 0xCD, 0xDD, 0x70, 0x90, 0x3B, 0x7E, 0xDB, 0x47, 0x94, 0xA5,
    0xEB, 0xE2, 0x6E, 0x8D, 0xE4, 0x10, 0xF2, 0xBA, 0x65, 0x08, 0x6F, 0x78, 0xDD, 0x6F, 0x79, 0xFB,
    0x9D, 0xA0, 0x59, 0x88, 0x25, 0x70, 0x40, 0x90, 0x8E, 0xEA, 0x33, 0x2E, 0xBF, 0xB0, 0x7A, 0xEC,
    0xC2, 0xC4, 0x8A, 0xA5, 0x85, 0x41, 0x30, 0x81, 0x2F, 0x67, 0x00, 0xD2, 0x57, 0xA1, 0x18, 0x08,
    0x7A, 0x13, 0x12, 0x7F, 0x11, 0x7F, 0x52, 0x40, 0x07, 0xEF, 0x8E, 0x52, 0x5C, 0x1A, 0xC5, 0x05,
    0xF6, 0x57, 0x7D, 0x6F, 0x2A, 0xD3, 0xD6, 0x0C, 0x85, 0x57, 0x2D, 0x8D, 0x84, 0x2D, 0xE8, 0x27,
    0x75, 0x52, 0x43, 0xCF, 0x55, 0x1E, 0x4C, 0x3E, 0xAC, 0x33, 0xC4, 0x83, 0x14, 0x6D, 0xC1, 0xC9,
    0x42, 0x33, 0xE7, 0xA0, 0xAE, 0x9F, 0x38, 0xF3, 0x25, 0x1A, 0xA2, 0x51, 0xFC, 0x09, 0xB6, 0x93,
    0x22, 0x2F, 0x72, 0xDC, 0x1B, 0x37, 0x12, 0x90, 0x8A, 0x94, 0x52, 0x56, 0xF4, 0x9B, 0x0D, 0xE0,
    0xBC, 0x39, 0x11, 0xF8, 0x3F, 0xC0, 0x28, 0x7B, 0xCB, 0xC1, 0x43, 0x38, 0xB1, 0x93, 0xB8, 0x49,
    0xEA, 0x0B, 0xE2, 0x77, 0xD7, 0x5D, 0xDB, 0xDF, 0xD9, 0xBF, 0x73, 0xAD, 0xDB, 0xBF, 0xB6, 0xDF,
    0xED, 0xBF, 0xB9, 0xDF, 0x65, 0x0D, 0x70, 0xBF, 0x7F, 0x67, 0xFF, 0xEE, 0xB5, 0xEB, 0xD5, 0xF9,
    0x9E, 0x63, 0x38, 0x96, 0xF7, 0xF0, 0xDE, 0x35, 0xA1, 0x33, 0x1F, 0x52, 0x2B, 0x37, 0xC2, 0xA6,
    0x87, 0xEE, 0x85, 0x6F, 0x7C, 0xC0, 0x57, 0xFC, 0x18, 0x4E, 0xA6, 0xCB, 0x93, 0x01, 0xDD, 0xB6,
    0xDB, 0x80, 0x8F, 0x70, 0xC7, 0xE6, 0x75, 0xEC, 0x5E, 0x1A, 0x27, 0x7B, 0xB5, 0x7B, 0x10, 0x0E,
    0x53, 0x30, 0xDE, 0x83, 0x11, 0x60, 0xA3, 0x08, 0x2A, 0x6F, 0xE0, 0xC1, 0xB8, 0x35, 0x6C, 0x25,
    0xC9, 0x31, 0x3D, 0x46, 0xA7, 0x6F, 0x75, 0xBD, 0x12, 0xB6, 0xCC, 0x82, 0xF1, 0xBC, 0x0D, 0x4E,
    0x10, 0x43, 0x72, 0x79, 0xB5, 0x15, 0xB8, 0x4A, 0x30, 0x8E, 0xFA, 0xBE, 0x1F, 0x0E, 0x17, 0x0E,
    0xDA, 0x68, 0xCE, 0xE5, 0x86, 0xE7, 0x02, 0x17, 0x4D, 0xF1, 0x90, 0x35, 0x85, 0xDC, 0x95, 0xE7,
    0x8D, 0x8B, 0xB3, 0x83, 0x1C, 0xD4, 0xD9, 0xE0, 0xBB, 0x4F, 0x0C, 0x10, 0x38, 0xEB, 0x6C, 0x8E,
    0x00, 0x20, 0xC6, 0x2F, 0x32, 0x04, 0x71, 0x97, 0x21, 0xD2, 0x4F, 0xD9, 0x07, 0x6D, 0x42, 0xD7,
    0x80, 0xF5, 0x37, 0x80, 0x71, 0xB4, 0x5A, 0x83, 0xD7, 0x94, 0x05, 0xEF, 0x36, 0xC5, 0x67, 0xAC,
    0x44, 0xE4, 0x1D, 0x63, 0xC6, 0x35, 0xC2, 0x44, 0x61, 0xA6, 0xB0, 0x50, 0x58, 0x29, 0x74, 0x27,
    0xC2, 0x6A, 0x6B, 0xBC, 0xDD, 0x1B, 0x2B, 0x0C, 0x15, 0x8A, 0xC1, 0x44, 0xA1, 0x7C, 0x5B, 0xA1,
    0x7C, 0x5C, 0xB8, 0x77, 0x55, 0x92, 0xB2, 0x68, 0x61, 0xB7, 0xDE, 0x75, 0x45, 0x9B, 0x94, 0x41,
    0x2D, 0x7C, 0x3F, 0xC4, 0x43, 0x20, 0x58, 0x89, 0xA8, 0x83, 0xE8, 0x93, 0x39, 0x49, 0x07, 0x15,
    0xEF, 0x1E, 0x27, 0xD8, 0x8F, 0x60, 0xA1, 0x13, 0xDF, 0x7F, 0x35, 0x5F, 0xA1, 0x02, 0xAA, 0x5B,
    0x12, 0xFF, 0x72, 0x90, 0xAC, 0xAC, 0xA4, 0xC0, 0xB4, 0x71, 0xF8, 0x84, 0xBF, 0x7A, 0xF9, 0x2B,
    0xF9, 0x1B, 0xAF, 0xC5, 0xBF, 0xC4, 0x32, 0xE1, 0x6E, 0x99, 0x0D, 0xBF, 0x2C, 0xCF, 0x21, 0x78,
    0x4B, 0x9A, 0x63, 0x46, 0x60, 0x8A, 0x85, 0x03, 0x7C, 0xC1, 0x9B, 0x3D, 0x32, 0x53, 0x57, 0x98,
    0x8C, 0x3D, 0x96, 0xAF, 0x58, 0x15, 0x3B, 0x22, 0xD2, 0xE9, 0x27, 0x9D, 0xA0, 0xAE, 0xAC, 0x4A,
    0x7F, 0xF6, 0x66, 0x86, 0xDA, 0xDE, 0xA6, 0x27, 0xA8, 0x88, 0xFC, 0x0E, 0xFE, 0x89, 0x3C, 0xB3,
    0x38, 0xC8, 0x68, 0xEB, 0x65, 0x45, 0x7C, 0x43, 0xE4, 0xCF, 0x89, 0x07, 0x2E, 0x35, 0x98, 0x93,
    0x9D, 0x61, 0x2C, 0x27, 0x8A, 0xE3, 0xD2, 0x70, 0x2A, 0x86, 0x6F, 0x2C, 0x78, 0x30, 0xEC, 0x77,
    0x86, 0xC3, 0xC6, 0x57, 0x91, 0xE3, 0xD2, 0x44, 0x4F, 0xA9, 0xD8, 0xDB, 0xEE, 0x07, 0x37, 0x24,
    0xA5, 0x19, 0xBB, 0x41, 0xFE, 0x8E, 0x0F, 0xC1, 0xF0, 0x77, 0xD5, 0xCD, 0x9B, 0xE0, 0x6D, 0x5D,
    0x7A, 0xCB, 0x88, 0xC4, 0x30, 0xFC, 0xC5, 0xC0, 0x98, 0xC9, 0x34, 0x9A, 0x0F, 0x86, 0xFD, 0xCE,
    0xF0, 0x93, 0x98, 0x79, 0x4E, 0x76, 0xBE, 0x60, 0x1E, 0x91, 0xAF, 0x2C, 0xF2, 0x61, 0xF5, 0x7C,
    0x83, 0xB8, 0xB7, 0x5B, 0x82, 0x95, 0x7C, 0xF5, 0x42, 0x32, 0x37, 0x9C, 0x2D, 0x24, 0xAF, 0x2F,
    0xB8, 0x37, 0x1C, 0xAC, 0xE4, 0xAB, 0x0F, 0x06, 0x95, 0xEF, 0xD2, 0xAF, 0x1C, 0x71, 0x16, 0xB5,
    0x45, 0x79, 0xE0, 0x6E, 0x5D, 0x8F, 0x1B, 0x58, 0xD1, 0x75, 0x7D, 0x58, 0x66, 0xB5, 0x51, 0xCF,
    0x4A, 0xA3, 0x5E, 0x89, 0x52, 0xD7, 0xFC, 0x01, 0xD4, 0x83, 0xDE, 0x98, 0x49, 0x6A, 0x63, 0xE6,
    0xA6, 0x45, 0x41, 0x8F, 0x3F, 0x63, 0x78, 0x48, 0x39, 0x31, 0x3C, 0x26, 0xCE, 0xC4, 0xF0, 0xD7,
    0x0F, 0xCB, 0xC5, 0x48, 0x2F, 0x7B, 0xA2, 0xD1, 0x9E, 0x63, 0xB3, 0x45, 0x17, 0xE7, 0xD7, 0x86,
    0x19, 0xCC, 0x30, 0x58, 0x65, 0x68, 0x18, 0x86, 0x0E, 0xAA, 0xCE, 0xC7, 0xC2, 0x47, 0xD5, 0x49,
    0xD2, 0xAB, 0xEA, 0x04, 0x2E, 0xC3, 0xE1, 0x77, 0x71, 0xDF, 0x00, 0x3E, 0x11, 0x53, 0x30, 0xDC,
    0xC9, 0x18, 0x0E, 0x30, 0x8C, 0x93, 0x1B, 0x49, 0x07, 0xC3, 0x30, 0x71, 0x2B, 0x53, 0xF9, 0xB2,
    0xAE, 0x18, 0x37, 0xE4, 0x4F, 0x14, 0x0F, 0xD2, 0x39, 0xB5, 0xA3, 0x5F, 0x3B, 0xB5, 0x63, 0x98,
    0x3B, 0xB5, 0x63, 0xAC, 0xF1, 0x2E, 0x15, 0xC3, 0xD7, 0x17, 0x4C, 0x66, 0x9C, 0x39, 0x15, 0x71,
    0x58, 0x1B, 0x8E, 0xCA, 0xC5, 0x50, 0x2B, 0x83, 0x5D, 0xA1, 0xBB, 0xA4, 0x58, 0xD7, 0x1D, 0xDF,
    0xA9, 0xA6, 0x06, 0xF8, 0x71, 0xB9, 0xAA, 0xD2, 0x44, 0x88, 0x4C, 0x03, 0x02, 0x48, 0xE1, 0x86,
    0xCA, 0xB5, 0xEE, 0x21, 0x97, 0x44, 0x8A, 0x0D, 0x35, 0xB8, 0x5B, 0x89, 0x9B, 0xA0, 0x40, 0x38,
    0x1A, 0xEF, 0xF5, 0x7B, 0xBD, 0xCD, 0x6E, 0x0F, 0x26, 0x43, 0x2E, 0x37, 0xD4, 0xE8, 0xD7, 0xCA,
    0x86, 0x44, 0x76, 0x91, 0x19, 0x98, 0x6C, 0xA6, 0xC7, 0x92, 0xF3, 0x5A, 0x64, 0x8F, 0x17, 0x34,
    0x8B, 0x2D, 0xB8, 0x8A, 0xB2, 0x15, 0x52, 0x39, 0x7E, 0xA4, 0xB9, 0x91, 0xFC, 0xDA, 0x68, 0xFF,
    0x9B, 0x6B, 0xA9, 0xA0, 0x77, 0x6C, 0xFD, 0xAB, 0x9D, 0x3A, 0x52, 0x5D, 0x69, 0x02, 0x99, 0x17,
    0xEA, 0xF4, 0x48, 0x6D, 0x15, 0xA5, 0x24, 0x7A, 0xCE, 0x88, 0x32, 0xD2, 0xE6, 0x86, 0x40, 0xED,
    0x8E, 0x25, 0x5C, 0x9D, 0x32, 0xEC, 0x11, 0x41, 0x07, 0x4C, 0xF0, 0x3A, 0xAE, 0x19, 0x4C, 0x73,
    0x9C, 0xD3, 0xA9, 0xB1, 0x20, 0x6A, 0xC9, 0x72, 0x75, 0xCD, 0x33, 0x40, 0xC7, 0x04, 0x54, 0x26,
    0x96, 0xE4, 0x4D, 0x92, 0x0F, 0x4D, 0x86, 0xF2, 0xB8, 0xB0, 0x4F, 0x9B, 0xB4, 0xDE, 0xAD, 0x6D,
    0xAE, 0x17, 0x3E, 0x2B, 0xE5, 0xCC, 0x77, 0x15, 0x59, 0x0A, 0x87, 0x48, 0x67, 0x42, 0x23, 0xF7,
    0x81, 0x3E, 0x27, 0xF2, 0xBB, 0x4F, 0xB1, 0x6D, 0x17, 0x2F, 0xCD, 0x5F, 0x54, 0x17, 0x6E, 0xCF,
    0x6B, 0xA9, 0xA3, 0xF9, 0x42, 0xBC, 0xA0, 0x97, 0x95, 0xA5, 0xCF, 0x49, 0x5A, 0x1F, 0x0F, 0x87,
    0x4F, 0x97, 0xB4, 0x51, 0xEB, 0xF3, 0x09, 0xE9, 0x10, 0x69, 0x45, 0x86, 0x7A, 0x67, 0xF3, 0x6D,
    0xB9, 0x76, 0xE4, 0x15, 0x98, 0xAF, 0x87, 0xC3, 0x21, 0x31, 0xA7, 0x1D, 0x62, 0xFE, 0xA9, 0x89,
    0xF9, 0x2F, 0x26, 0xE6, 0xAF, 0x54, 0x4C, 0xAF, 0x35, 0x31, 0x9B, 0x45, 0x4C, 0x0D, 0x0D, 0x61,
    0x59, 0xA8, 0x98, 0x78, 0xFE, 0x46, 0xCC, 0x97, 0x8C, 0x5A, 0x6A, 0xD5, 0x0E, 0xE5, 0x03, 0xB5,
    0xD7, 0x61, 0x02, 0x95, 0x2F, 0x22, 0x35, 0xCA, 0x07, 0xA9, 0x1A, 0x15, 0x13, 0xA1, 0xD7, 0x87,
    0xD2, 0x8E, 0x5A, 0x33, 0x6A, 0x95, 0x97, 0xC2, 0x18, 0x1C, 0x12, 0x45, 0x7D, 0xBC, 0xFD, 0x6D,
    0xB9, 0x76, 0xF6, 0xE1, 0x8E, 0xC5, 0x2D, 0x3E, 0x24, 0x66, 0x62, 0x23, 0xB3, 0x79, 0x5B, 0xCC,
    0xC2, 0x82, 0xDD, 0x63, 0x93, 0xF6, 0xD7, 0x16, 0x1E, 0xDE, 0x55, 0x69, 0x83, 0xB7, 0x56, 0xD6,
    0xEC, 0x54, 0x4C, 0x67, 0xD6, 0xAC, 0x16, 0x31, 0x47, 0x15, 0x33, 0x3B, 0x6E, 0xCD, 0xC2, 0xA4,
    0xBD, 0x03, 0x31, 0x55, 0xDA, 0xF0, 0x90, 0x35, 0x03, 0xB3, 0xA6, 0xBF, 0xC3, 0x77, 0x79, 0x23,
    0x8B, 0xE0, 0x15, 0x06, 0x57, 0x0D, 0xD2, 0x13, 0xF1, 0xE8, 0x64, 0xC0, 0xC1, 0xBF, 0x1B, 0x0E,
    0xDF, 0x36, 0x1C, 0xFF, 0x3D, 0x30, 0x92, 0xC8, 0x64, 0x09, 0xD5, 0x17, 0x80, 0xA9, 0x9B, 0xEB,
    0xC0, 0x89, 0xAE, 0x59, 0xAE, 0xE1, 0x1A, 0xD6, 0x5B, 0x3F, 0xC0, 0xEF, 0x0C, 0x07, 0x8D, 0xFD,
    0xCE, 0xFA, 0x99, 0xE3, 0x58, 0xC2, 0xF2, 0xBE, 0x74, 0x09, 0xF9, 0xE7, 0x17, 0x7C, 0x4F, 0xF1,
    0xD7, 0xA4, 0x57, 0x9C, 0xF9, 0xE6, 0x97, 0x59, 0xD0, 0x2A, 0x2E, 0xA2, 0x87, 0x2A, 0x59, 0xA5,
    0x6B, 0x89, 0x55, 0xB0, 0x4B, 0x75, 0xBB, 0xC7, 0x42, 0xD6, 0x63, 0xBD, 0x89, 0x2C, 0xF6, 0x87,
    0x50, 0x49, 0xC5, 0x8C, 0x8E, 0x2B, 0x6B, 0x5A, 0xB2, 0x84, 0x4D, 0x4A, 0x3A, 0x6A, 0x5C, 0xA6,
    0x13, 0xA1, 0x2A, 0x52, 0xD4, 0x87, 0x44, 0x27, 0x8C, 0xE8, 0xEC, 0x79, 0x32, 0xDC, 0x1A, 0xA9,
    0x33, 0x4B, 0x3D, 0x2E, 0xAA, 0x13, 0x6A, 0xA4, 0x8E, 0x41, 0x3F, 0x46, 0xA9, 0x53, 0x33, 0x79,
    0xC0, 0x0D, 0x98, 0xE4, 0x29, 0x78, 0xA8, 0x59, 0x2C, 0x33, 0xA6, 0xEF, 0xBD, 0xAF, 0x66, 0xD7,
    0x58, 0xEF, 0x99, 0x27, 0x54, 0xAA, 0xBC, 0xA4, 0xDB, 0x2C, 0x09, 0x69, 0xA7, 0x2D, 0x00, 0xFA,
    0x42, 0x32, 0xAF, 0xD6, 0x0B, 0xBD, 0x64, 0x4D, 0x10, 0xA7, 0xB1, 0x85, 0x97, 0x0F, 0xB4, 0x36,
    0x53, 0xBE, 0x9E, 0xDF, 0xD4, 0x35, 0xB3, 0x82, 0x80, 0xD6, 0xA3, 0xAA, 0x8E, 0x80, 0xD7, 0x54,
    0xBD, 0x6A, 0xA3, 0x15, 0xA0, 0xEA, 0xA1, 0xB9, 0x05, 0xE8, 0xD7, 0xAD, 0xAB, 0xB2, 0x01, 0x5F,
    0x33, 0x13, 0xAC, 0x40, 0xB1, 0x58, 0x60, 0xAB, 0xB3, 0xB0, 0xA7, 0x7A, 0x29, 0x69, 0x80, 0x5A,
    0x6B, 0x24, 0xB1, 0x88, 0xA3, 0x91, 0x7E, 0xDA, 0x62, 0xF4, 0x64, 0x4E, 0x1F, 0x7C, 0xE6, 0x9C,
    0x3E, 0x4B, 0xA5, 0x66, 0xED, 0x62, 0xD7, 0x80, 0x55, 0x7A, 0x34, 0xC3, 0x7A, 0x69, 0x9B, 0x35,
    0xC8, 0xF8, 0x50, 0xC2, 0xFF, 0xC1, 0x2A, 0x31, 0xF9, 0xBF, 0xD5, 0x29, 0x9C, 0xB6, 0x85, 0xFA,
    0x50, 0xCE, 0xB8, 0x0E, 0xCE, 0xAA, 0x9F, 0xF4, 0xB7, 0x43, 0xB5, 0xEC, 0x8A, 0xBF, 0x4E, 0x8E,
    0x80, 0x07, 0x04, 0xAF, 0x11, 0x70, 0xEE, 0xF3, 0xE1, 0x5D, 0xBA, 0x02, 0x1B, 0xFE, 0x36, 0xBF,
    0xD9, 0x10, 0xD9, 0x80, 0xDF, 0x27, 0xC8, 0x36, 0x20, 0x04, 0x28, 0x36, 0xFC, 0xED, 0x69, 0x1A,
    0x5D, 0x75, 0x8C, 0x48, 0x89, 0x53, 0xB3, 0x47, 0xB0, 0x7C, 0xBE, 0xEE, 0x31, 0x85, 0xAE, 0x85,
    0x5C, 0x9F, 0xEC, 0x8D, 0x7B, 0x57, 0xF6, 0x7A, 0x5E, 0xFC, 0x09, 0x16, 0x12, 0xCC, 0xDA, 0xAA,
    0x47, 0xBA, 0xCC, 0xA5, 0x24, 0x97, 0x4F, 0xF9, 0x29, 0x74, 0x0A, 0x98, 0x9F, 0x2E, 0x11, 0x60,
    0xB5, 0x8E, 0x67, 0xC4, 0xC6, 0xA6, 0xA8, 0x1F, 0x20, 0x64, 0x7E, 0x85, 0x7D, 0x13, 0x8B, 0xB2,
    0xAC, 0xB5, 0x6B, 0x6D, 0x60, 0xD1, 0x75, 0x3E, 0xA5, 0x3F, 0xD2, 0x5B, 0xD1, 0xCE, 0xE4, 0x9E,
    0x7B, 0xDB, 0xD9, 0xFB, 0x9C, 0xDC, 0x15, 0xF9, 0x94, 0xE5, 0x74, 0x1A, 0x8C, 0x88, 0x34, 0x98,
    0x1E, 0xCC, 0xA2, 0x57, 0x4B, 0xBA, 0xB7, 0xD2, 0x07, 0x43, 0xEA, 0x8B, 0xA3, 0xBA, 0xA5, 0xC2,
    0x74, 0xDE, 0xC0, 0x44, 0x7B, 0x26, 0x2B, 0x68, 0xBF, 0x6C, 0xE0, 0x32, 0x72, 0xDA, 0xDC, 0x5B,
    0x0C, 0x4A, 0xB3, 0x53, 0xFA, 0xCD, 0xFA, 0x59, 0x07, 0xD3, 0xC2, 0x83, 0xF1, 0xB3, 0xC9, 0x9E,
    0xE4, 0x1B, 0x96, 0x3D, 0xDD, 0xD8, 0x4A, 0x9B, 0x9C, 0x35, 0x0C, 0x2D, 0x7B, 0xFA, 0xBC, 0x1C,
    0x94, 0x47, 0x57, 0x5B, 0xE4, 0x94, 0x70, 0xE6, 0xBA, 0xE2, 0x63, 0x5C, 0x1D, 0x62, 0xF8, 0x97,
    0xDE, 0xB7, 0x79, 0xDD, 0x69, 0xBF, 0xCA, 0x50, 0x4D, 0xF4, 0x1E, 0xB8, 0x01, 0xFA, 0x09, 0x68,
    0x01, 0xBD, 0x8D, 0x07, 0x00, 0xFD, 0x18, 0x6B, 0x5E, 0xC7, 0xAC, 0xC2, 0xE5, 0x44, 0x99, 0xAB,
    0x89, 0x62, 0xD7, 0x11, 0x81, 0x1C, 0x91, 0xEF, 0x26, 0x22, 0x96, 0xC9, 0x44, 0x99, 0xA1, 0xC4,
    0x50, 0x64, 0x28, 0x30, 0xE4, 0x19, 0xE2, 0xCC, 0x38, 0xFB, 0x8B, 0x9C, 0x8D, 0x6C, 0xED, 0xD7,
    0x1A, 0x62, 0x83, 0xD0, 0xAA, 0x80, 0xA8, 0xDF, 0xA4, 0x40, 0xDA, 0x5F, 0xD5, 0x12, 0x70, 0xD5,
    0xF4, 0x16, 0xDF, 0x72, 0x07, 0x8D, 0x99, 0x2F, 0x5C, 0xD1, 0xC2, 0x92, 0x83, 0xD2, 0x47, 0xCC,
    0x7D, 0x5C, 0x83, 0xAA, 0x08, 0xE5, 0x12, 0xDE, 0xB1, 0xCE, 0x3C, 0xA6, 0x18, 0xAE, 0xE5, 0x8A,
    0x56, 0x31, 0x54, 0x40, 0xEF, 0x95, 0x36, 0x18, 0xB9, 0x5A, 0x65, 0xA3, 0xDB, 0xC0, 0xE9, 0x18,
    0x5C, 0xAE, 0xDA, 0x78, 0xBB, 0xD7, 0xE8, 0x18, 0x4D, 0xA3, 0x6F, 0xCF, 0x12, 0x57, 0xB3, 0x1A,
    0xCB, 0x94, 0x87, 0x50, 0xF9, 0x31, 0xDE, 0x96, 0xE8, 0xCF, 0x0E, 0x0C, 0xFD, 0xB5, 0x59, 0x2F,
    0x53, 0xBA, 0x62, 0x2D, 0x85, 0x8E, 0x6E, 0x08, 0xB0, 0xE4, 0xDF, 0x29, 0x51, 0xAD, 0x12, 0x51,
    0x28, 0x76, 0xCE, 0x77, 0x4A, 0x34, 0xA8, 0x44, 0xBD, 0xF2, 0xBC, 0x81, 0xD3, 0x31, 0xB8, 0x5C,
    0xB5, 0xF1, 0x3B, 0x24, 0x9A, 0x4D, 0x22, 0x39, 0x51, 0xA2, 0x33, 0xF9, 0x7A, 0x41, 0xB6, 0xD5,
    0xDE, 0xD3, 0xCC, 0x28, 0xD4, 0x14, 0x2B, 0xEE, 0xD3, 0x96, 0xD1, 0x2F, 0xEC, 0xB5, 0x47, 0xF3,
    0xB7, 0x4F, 0x85, 0x44, 0xFA, 0x42, 0x28, 0x7D, 0x9D, 0x66, 0xA9, 0x7B, 0x26, 0x1A, 0x9C, 0x52,
    0x19, 0xE7, 0xA1, 0x9C, 0xD7, 0x9C, 0xF1, 0xAB, 0xAB, 0x2A, 0xFB, 0xA9, 0xB0, 0x51, 0x5A, 0xB2,
    0xD2, 0xA8, 0x5A, 0x96, 0x1D, 0xAE, 0xA3, 0xAB, 0xD9, 0x67, 0xFB, 0xFD, 0x69, 0x91, 0x42, 0x34,
    0xAA, 0x49, 0x90, 0x67, 0xEC, 0x23, 0x62, 0x0D, 0xCA, 0xDA, 0x04, 0x05, 0x49, 0x19, 0x4E, 0x01,
    0x6F, 0x7F, 0x85, 0xB4, 0x69, 0xA1, 0xC4, 0xE9, 0xA6, 0x82, 0x4E, 0x2A, 0x2D, 0xDD, 0xB8, 0x5A,
    0xFD, 0x9C, 0xCB, 0x15, 0xF7, 0x6B, 0x46, 0xCF, 0xE5, 0x88, 0x34, 0x45, 0x83, 0x29, 0x98, 0xB6,
    0x09, 0xDB, 0x37, 0xCF, 0x6C, 0x7A, 0x37, 0x98, 0x9F, 0x57, 0xE0, 0xA5, 0x48, 0x45, 0x6F, 0xB1,
    0x85, 0xC3, 0xDD, 0x37, 0x86, 0x62, 0xC4, 0xCB, 0x1C, 0x0C, 0x9A, 0xFE, 0x94, 0xE5, 0x1E, 0xEC,
    0x63, 0xFD, 0xCB, 0xB4, 0x7D, 0x8B, 0xD4, 0x38, 0x7D, 0x6F, 0x82, 0x70, 0x45, 0x3A, 0x43, 0xD0,
    0x09, 0xFE, 0xD2, 0x07, 0x3D, 0x61, 0xDC, 0x12, 0xA6, 0x35, 0x61, 0x41, 0x3F, 0x7A, 0x7F, 0x22,
    0xD9, 0xC7, 0x48, 0x7B, 0x27, 0x32, 0x9B, 0x8D, 0x19, 0x3B, 0x64, 0x23, 0xD2, 0x02, 0x29, 0x7A,
    0x56, 0xB3, 0x55, 0x1B, 0xEA, 0xB3, 0x62, 0x3E, 0x17, 0x99, 0xF1, 0x7C, 0x7B, 0x60, 0x42, 0x01,
    0x99, 0x9E, 0xDB, 0x76, 0xCF, 0x25, 0x8E, 0x68, 0x7F, 0x6E, 0xD5, 0xBC, 0x16, 0x2B, 0x79, 0x56,
    0xC1, 0xC4, 0xF2, 0x4B, 0x56, 0x5E, 0x4B, 0x19, 0x9D, 0x6F, 0xA7, 0x43, 0x62, 0x5B, 0x7D, 0x44,
    0x2C, 0xF6, 0xF6, 0xFA, 0x55, 0x69, 0xFB, 0x19, 0x22, 0x86, 0x3A, 0x6F, 0x29, 0x9E, 0x5B, 0x2D,
    0x2E, 0x03, 0x16, 0xCF, 0xBD, 0xB6, 0xD2, 0xB0, 0x0C, 0x25, 0x5A, 0x9B, 0xFD, 0xE7, 0xAC, 0xB9,
    0xBD, 0x2E, 0x66, 0xBE, 0xB3, 0x50, 0xBF, 0x77, 0x75, 0xE1, 0xFC, 0x8B, 0x8B, 0x64, 0x56, 0x24,
    0x1B, 0x4A, 0x97, 0x2A, 0x41, 0x7D, 0xD9, 0xB7, 0x3A, 0x71, 0x29, 0xA3, 0x8F, 0xEC, 0x67, 0x3C,
    0x9D, 0x42, 0xFF, 0xE1, 0xC2, 0xFF, 0x76, 0xD3, 0x2F, 0xB6, 0x52, 0x2B, 0xB3, 0xAD, 0xB3, 0xEA,
    0x22, 0x2F, 0x7A, 0x83, 0xF5, 0x63, 0xCB, 0x55, 0xFB, 0xEC, 0x29, 0x16, 0xFA, 0x9E, 0xA6, 0xC8,
    0x88, 0x08, 0x59, 0x77, 0x14, 0x2D, 0xD7, 0x8E, 0xD9, 0x36, 0xD3, 0x8D, 0x2A, 0x22, 0x8A, 0xE9,
    0x3D, 0x25, 0x0E, 0xAD, 0x53, 0x3A, 0x18, 0x37, 0x29, 0x8E, 0xCD, 0x61, 0x6D, 0xE3, 0x84, 0xEA,
    0xD8, 0x56, 0xC7, 0x78, 0xDB, 0xB2, 0x06, 0xDC, 0x61, 0x23, 0x8C, 0x99, 0x52, 0x5E, 0x41, 0xD6,
    0x2A, 0xE7, 0x34, 0xAB, 0xDA, 0xD7, 0x26, 0xCD, 0x5D, 0xEE, 0x23, 0xB1, 0x82, 0xAE, 0x26, 0x8F,
    0xCB, 0xEF, 0xCC, 0x2C, 0x2B, 0x75, 0x21, 0x17, 0x64, 0xF7, 0x8F, 0xEA, 0x3D, 0xFF, 0xAD, 0xD3,
    0x47, 0xCF, 0x0A, 0x28, 0x5F, 0xDE, 0x6F, 0x28, 0xE9, 0x8F, 0x42, 0x4F, 0xD3, 0xD1, 0x6C, 0xB5,
    0x30, 0x76, 0x62, 0xB5, 0xAD, 0xC1, 0xB3, 0xEE, 0x5F, 0xE5, 0xE8, 0x8E, 0xBB, 0x9B, 0x73, 0x42,
    0xA7, 0xBA, 0xAB, 0x26, 0x42, 0x04, 0xBD, 0x90, 0x81, 0xAE, 0x0C, 0xE9, 0x99, 0x48, 0x20, 0x77,
    0xBC, 0x23, 0xBD, 0x8A, 0x40, 0x0E, 0x98, 0xEA, 0xF8, 0x6A, 0x54, 0x3A, 0x2D, 0xE1, 0x87, 0x4F,
    0xD8, 0xD7, 0x5F, 0x43, 0xD4, 0xFF, 0xB3, 0x6D, 0x31, 0x0F, 0xAB, 0xBE, 0x5B, 0xC5, 0x4D, 0x48,
    0x8F, 0xD5, 0x89, 0x36, 0x21, 0xF8, 0x14, 0x6E, 0x0A, 0x33, 0xB3, 0x74, 0x25, 0x1E, 0xE4, 0x3B,
    0xAE, 0x1B, 0xDC, 0x87, 0x72, 0x79, 0xD2, 0x10, 0x16, 0x54, 0xD8, 0x45, 0x3D, 0x6E, 0x70, 0x69,
    0x52, 0xC8, 0x16, 0x86, 0xBB, 0x0C, 0x1E, 0xF8, 0x79, 0x56, 0xA8, 0x4C, 0x3A, 0xAE, 0xAE, 0x79,
    0x86, 0xB8, 0x4F, 0x86, 0x47, 0xAE, 0x3F, 0x15, 0xE0, 0x9F, 0xE5, 0x09, 0xE0, 0x2B, 0x4D, 0x6C,
    0x70, 0x00, 0x6C, 0x13, 0x38, 0xEB, 0x2B, 0xFF, 0xC3, 0x99, 0x79, 0x59, 0xF3, 0x25, 0x0D, 0xEE,
    0xCF, 0xAF, 0x36, 0x61, 0x7D, 0xA7, 0x3A, 0xD6, 0x12, 0x91, 0x32, 0xB1, 0xE2, 0xE2, 0x5E, 0xAB,
    0x88, 0xAD, 0xD8, 0xAF, 0x1F, 0xDE, 0x22, 0xFA, 0x96, 0x26, 0xF7, 0x50, 0xC9, 0x23, 0x68, 0x27,
    0xE9, 0xB8, 0xF7, 0xC0, 0x65, 0x5E, 0x41, 0xDA, 0x80, 0x8D, 0x3D, 0x5D, 0x0B, 0x3D, 0x24, 0xEE,
    0x52, 0xBC, 0x07, 0xDE, 0x66, 0x7C, 0x4D, 0x07, 0xCA, 0x46, 0x86, 0xDD, 0x06, 0x90, 0x73, 0x96,
    0xD6, 0xFF, 0x54, 0xB8, 0x9F, 0x72, 0x87, 0xE2, 0x65, 0xD7, 0x7A, 0x57, 0xE5, 0x85, 0x75, 0x8B,
    0x85, 0xBE, 0x98, 0xAD, 0xB7, 0x4B, 0xC9, 0x1B, 0xF7, 0x65, 0xCC, 0x81, 0xD5, 0x51, 0xA3, 0xFC,
    0xD4, 0x59, 0xD3, 0xFE, 0xB9, 0x06, 0x7C, 0xED, 0x23, 0x2E, 0x9D, 0x3E, 0x98, 0x7D, 0x4E, 0x5A,
    0xE8, 0x0B, 0x57, 0x82, 0x96, 0x9B, 0x37, 0xF9, 0xBA, 0xB1, 0x72, 0x2A, 0x0A, 0xD3, 0xC9, 0x9C,
    0x7F, 0x9D, 0x73, 0x99, 0xD3, 0x72, 0x66, 0xC2, 0xC0, 0xD3, 0x3C, 0xEF, 0x30, 0x3E, 0x94, 0x59,
    0x8B, 0x29, 0xBD, 0x97, 0x9F, 0xB2, 0xAE, 0xA2, 0x16, 0x8B, 0x04, 0xE6, 0x81, 0xB3, 0x5E, 0xB4,
    0x02, 0xFD, 0xBA, 0xB3, 0x19, 0x7D, 0x1A, 0x6A, 0xD2, 0x8D, 0x0D, 0x6D, 0xF5, 0xDE, 0xE7, 0x41,
    0x9F, 0x9E, 0x91, 0xB3, 0x63, 0xBC, 0xD2, 0x4F, 0xFA, 0x9B, 0x5E, 0x8D, 0x86, 0xD3, 0x62, 0xED,
    0xE2, 0x8A, 0x35, 0xC4, 0x68, 0x64, 0x83, 0x24, 0xF1, 0x1D, 0x46, 0xAF, 0xE8, 0x51, 0xF5, 0xF8,
    0x11, 0x9E, 0x88, 0x87, 0xB9, 0x06, 0xB5, 0x27, 0x1F, 0x55, 0xEB, 0x56, 0x35, 0x42, 0x18, 0x52,
    0xB7, 0x84, 0x11, 0x80, 0x55, 0x20, 0x62, 0x7D, 0x4E, 0x27, 0x3C, 0xB3, 0xF4, 0x65, 0xAA, 0x9F,
    0x2B, 0x8E, 0x26, 0xCD, 0x47, 0x25, 0x03, 0x13, 0xCC, 0x51, 0xAA, 0x2E, 0xB2, 0x78, 0xD5, 0x85,
    0x1A, 0xED, 0x99, 0x65, 0x0E, 0xF2, 0x92, 0x90, 0x21, 0xF7, 0xC3, 0x49, 0xAA, 0xF9, 0x7E, 0xC5,
    0xCA, 0x1E, 0xE1, 0x44, 0x0B, 0x90, 0xC4, 0xA1, 0xB8, 0xA6, 0x48, 0x57, 0x97, 0x84, 0x58, 0x75,
    0x90, 0x3A, 0xB6, 0xAA, 0x1F, 0xF1, 0x04, 0x15, 0x92, 0x80, 0x64, 0xE6, 0xB1, 0xB0, 0x11, 0x00,
    0x39, 0x69, 0xC5, 0xF6, 0xFF, 0x39, 0x8B, 0xD7, 0x5B, 0x40, 0xB7, 0x31, 0x39, 0x51, 0xAA, 0xC9,
    0x54, 0xEF, 0x83, 0xDB, 0x86, 0x2D, 0x5F, 0x30, 0xE9, 0x6B, 0x2F, 0x41, 0xF3, 0x68, 0xEF, 0xFD,
    0x75, 0x1F, 0x56, 0x03, 0x54, 0x55, 0xAF, 0x7A, 0xAC, 0xD6, 0x68, 0xED, 0xC4, 0xFA, 0xE7, 0xBA,
    0x4A, 0x69, 0x5E, 0x56, 0xE9, 0xF2, 0x50, 0xAE, 0x2A, 0x5B, 0x0D, 0x11, 0x49, 0xBF, 0x5E, 0xDF,
    0xB4, 0x64, 0x3A, 0x77, 0xDC, 0x8C, 0xA9, 0x7B, 0x88, 0xE7, 0xDE, 0x9E, 0xA1, 0x21, 0x04, 0x93,
    0x84, 0xDC, 0x67, 0xC8, 0xBB, 0xDB, 0x02, 0xD9, 0x7D, 0xC7, 0x4E, 0xD6, 0xD6, 0x29, 0x94, 0xA3,
    0x22, 0xD8, 0x41, 0xB7, 0xD2, 0x6B, 0x53, 0xF7, 0xE8, 0x76, 0xCB, 0x86, 0x39, 0x95, 0xE4, 0x48,
    0xB4, 0x5F, 0xC8, 0xDB, 0x1A, 0xAB, 0x1B, 0x2A, 0x16, 0x1F, 0x86, 0x55, 0x0C, 0xD3, 0xCD, 0xB7,
    0x79, 0x75, 0x22, 0x2E, 0x68, 0x4E, 0x9F, 0xB5, 0xBF, 0x5E, 0x9F, 0xC9, 0xB3, 0x7A, 0xA5, 0x36,
    0x83, 0x4A, 0x71, 0x19, 0x43, 0x26, 0x6F, 0x64, 0x76, 0x71, 0x81, 0x91, 0xEB, 0x99, 0xD3, 0xE3,
    0x0A, 0x81, 0xE0, 0x26, 0x2C, 0xEB, 0x73, 0x45, 0x0B, 0x16, 0xA0, 0x5F, 0xED, 0x74, 0xDF, 0xAE,
    0x18, 0xF1, 0x69, 0x30, 0xD4, 0x3D, 0x91, 0x21, 0xEB, 0x9F, 0x16, 0x0D, 0x8D, 0x06, 0xE3, 0x85,
    0xA3, 0xE6, 0xFF, 0x69, 0x2E, 0xCF, 0xAE, 0xCF, 0x12, 0xD4, 0x5E, 0xD5, 0xC0, 0x89, 0x0B, 0x16,
    0x4D, 0x1F, 0xA9, 0xD1, 0x97, 0xA1, 0x76, 0xE3, 0xF3, 0xAF, 0xE8, 0x21, 0x26, 0x1E, 0x3A, 0x21,
    0xF5, 0xA2, 0x86, 0xAB, 0x33, 0x10, 0xDE, 0x3A, 0x4A, 0xB9, 0xFA, 0xB8, 0x94, 0x9F, 0x5D, 0xBA,
    0x3C, 0x55, 0xAB, 0x29, 0x19, 0x73, 0xAD, 0xB8, 0xAD, 0x20, 0x48, 0x5A, 0x9E, 0x97, 0x70, 0xAB,
    0x35, 0xF7, 0x26, 0x72, 0x94, 0x1E, 0xFA, 0xEE, 0x55, 0xE0, 0xBD, 0x4F, 0xD0, 0x17, 0x8D, 0x79,
    0xD4, 0x0C, 0x7F, 0xE7, 0xE4, 0x6E, 0xF5, 0xDD, 0xD9, 0x7A, 0xA2, 0xF8, 0xB0, 0x6E, 0x8B, 0xAA,
    0x1C, 0x0D, 0xE4, 0xC8, 0x54, 0x43, 0xC1, 0xC7, 0x92, 0x03, 0x11, 0x2B, 0x87, 0x87, 0x86, 0x6C,
    0x4B, 0x16, 0x2D, 0x0B, 0x52, 0xED, 0x3B, 0x8A, 0x6E, 0x11, 0x22, 0x34, 0x62, 0x71, 0x9D, 0x90,
    0xB8, 0x7A, 0x4D, 0x64, 0x7B, 0x2E, 0x25, 0xB2, 0x3F, 0x76, 0x32, 0x1D, 0xC3, 0xDA, 0x65, 0x44,
    0xD8, 0xC9, 0xD3, 0x62, 0xD9, 0x0D, 0x8C, 0x48, 0xEC, 0x00, 0x14, 0x6C, 0x06, 0x1C, 0x05, 0x03,
    0x42, 0x55, 0xD1, 0x73, 0x08, 0x5B, 0x0B, 0xAE, 0x55, 0x1F, 0x8A, 0xE6, 0x80, 0xF9, 0xD8, 0x7B,
    0x98, 0x20, 0x07, 0x1A, 0x91, 0xAE, 0x6E, 0x04, 0xBA, 0xCF, 0x66, 0x12, 0x1E, 0xA7, 0x47, 0x3B,
    0x1F, 0x6B, 0x2C, 0x62, 0x2E, 0x1A, 0x5F, 0x66, 0xE8, 0x89, 0x2D, 0x0A, 0xAD, 0x97, 0xE1, 0xF5,
    0x2B, 0x7F, 0x01, 0xF2, 0x1C, 0xFC, 0x18, 0x4F, 0x3C, 0xEB, 0x7E, 0xE2, 0x46, 0xDD, 0x45, 0x98,
    0xE5, 0x8F, 0xDC, 0x90, 0xE9, 0x16, 0x44, 0xBC, 0xC0, 0xFC, 0xB7, 0x81, 0x19, 0x93, 0xF3, 0xCE,
    0xE0, 0xCE, 0xB8, 0xA8, 0xB1, 0x27, 0xFE, 0x28, 0x71, 0x91, 0x7B, 0xCA, 0xB7, 0xD9, 0xD3, 0xF7,
    0x79, 0xE6, 0x18, 0x77, 0x53, 0x37, 0x1D, 0xB5, 0xD4, 0x53, 0x5F, 0xC3, 0x0E, 0x45, 0x8E, 0x7A,
    0x41, 0x87, 0xE8, 0x60, 0xBD, 0x4D, 0x09, 0xF8, 0xEE, 0x0D, 0xDD, 0xBA, 0xDC, 0xC4, 0x45, 0xAE,
    0x46, 0x61, 0xBF, 0xDA, 0x86, 0xD5, 0x76, 0xAA, 0xF2, 0x56, 0x1D, 0x8A, 0x8B, 0x7E, 0x73, 0xFA,
    0xAC, 0x3D, 0x29, 0x2E, 0x66, 0xFF, 0xD0, 0xAD, 0xE3, 0xE2, 0xF9, 0x1D, 0x71, 0xF1, 0x33, 0x56,
    0x98, 0xF6, 0xD2, 0xBE, 0xC0, 0x13, 0x37, 0x09, 0x6C, 0x39, 0x3F, 0xE0, 0x1E, 0xEA, 0x24, 0x7E,
    0x0B, 0x4F, 0x0A, 0x6A, 0xB6, 0x40, 0x73, 0x2F, 0x3F, 0x65, 0x5D, 0x69, 0x50, 0x8E, 0x10, 0xA3,
    0xCB, 0xED, 0x68, 0x8D, 0xAF, 0x27, 0x45, 0xEB, 0xCF, 0x54, 0x4D, 0x9A, 0x48, 0xEA, 0x09, 0x07,
    0xED, 0x43, 0xE9, 0xA7, 0x1D, 0xC9, 0xE5, 0xF1, 0xE3, 0xA5, 0x87, 0x5E, 0x27, 0x53, 0xC1, 0x83,
    0x1A, 0xC8, 0xF1, 0x1F, 0x9D, 0xE7, 0xFE, 0x4B, 0xFB, 0x72, 0xA8, 0x26, 0xB9, 0xF1, 0xB7, 0xC8,
    0x81, 0x44, 0xAA, 0xEA, 0x23, 0xCC, 0xC0, 0x3E, 0x61, 0xEB, 0xF1, 0x06, 0xBB, 0x90, 0x3D, 0xC0,
    0x07, 0x18, 0x50, 0x31, 0x41, 0x2A, 0x1C, 0xFB, 0x90, 0x13, 0x42, 0x0E, 0xE5, 0xE8, 0xA2, 0x49,
    0x3B, 0x6E, 0x6F, 0x20, 0x75, 0x3C, 0x80, 0x1C, 0x9F, 0xDF, 0x98, 0xDB, 0xDA, 0x6C, 0xDA, 0x56,
    0x59, 0x7A, 0xDC, 0xB6, 0xEB, 0x60, 0x27, 0x16, 0x82, 0xA5, 0xF3, 0x64, 0x83, 0xAC, 0xF1, 0x74,
    0x54, 0x90, 0xBF, 0x14, 0xF9, 0x36, 0xE2, 0xCC, 0xC5, 0x8A, 0x5B, 0x39, 0x97, 0xD8, 0x14, 0x40,
    0x0A, 0x3A, 0x31, 0x39, 0xCD, 0x3E, 0x39, 0x2C, 0x0B, 0x26, 0x7C, 0x6F, 0xB9, 0x49, 0x6B, 0x61,
    0xB6, 0x69, 0x1D, 0x1B, 0x89, 0x8C, 0x63, 0xF5, 0xBA, 0xAA, 0xB0, 0x5E, 0xD9, 0xB4, 0x61, 0x54,
    0xCF, 0x0C, 0x2F, 0x67, 0x2E, 0xD2, 0x76, 0xD3, 0x3E, 0xB4, 0x63, 0x17, 0x7F, 0xFC, 0xFF, 0x86,
    0xF3, 0xDF, 0x5B, 0x6A, 0x27, 0x59, 0x95, 0xBF, 0xBE, 0x1D, 0xF0, 0x78, 0xAC, 0x39, 0xDC, 0x3B,
    0x9A, 0xB6, 0xE6, 0x99, 0xFE, 0x5F, 0x89, 0xE8, 0x08, 0xCF, 0x5F, 0x12, 0xF9, 0x0B, 0xB9, 0x7D,
    0xFA, 0x3C, 0x3F, 0xE0, 0x49, 0x34, 0xCC, 0x3A, 0xED, 0x4B, 0xF0, 0x3C, 0x4A, 0xB0, 0x40, 0xFE,
    0x62, 0x57, 0x77, 0x1C, 0xED, 0xFC, 0x1B, 0xF1, 0xFE, 0x19, 0x7C, 0xBE, 0xEC, 0x56, 0xDC, 0xFE,
    0x76, 0x7C, 0x2E, 0xDC, 0x56, 0xE4, 0xF6, 0xA7, 0xC6, 0x6D, 0xC5, 0x8D, 0xCB, 0x59, 0xB9, 0xED,
    0xB7, 0x7D, 0x63, 0x6F, 0xAD, 0xE1, 0x4A, 0x4F, 0x22, 0x94, 0x4B, 0xA8, 0x0D, 0xC7, 0x55, 0x7E,
    0xAF, 0x1C, 0xBF, 0xB8, 0x63, 0xDA, 0x22, 0x2D, 0xA8, 0xDC, 0x90, 0xA2, 0x9E, 0x2A, 0x7D, 0xE4,
    0x6B, 0x75, 0xC0, 0x3E, 0x4A, 0x88, 0xA4, 0xAD, 0x45, 0xED, 0x8F, 0x05, 0x9F, 0x39, 0xC9, 0x4B,
    0xEC, 0xF0, 0x7F, 0x83, 0xCD, 0xAC, 0x7D, 0x1E, 0xEB, 0xB9, 0xC6, 0x93, 0x5A, 0x6F, 0x72, 0x8D,
    0x6E, 0xD7, 0xDB, 0xFA, 0xF5, 0xF2, 0x58, 0xFB, 0xCF, 0x29, 0x85, 0xE8, 0xB9, 0x16, 0xBC, 0xF4,
    0x98, 0xE8, 0x37, 0x09, 0xB0, 0xC0, 0xA7, 0x0D, 0x6E, 0xA8, 0x3E, 0xD0, 0xFF, 0xA7, 0x91, 0x2F,
    0xC9, 0x62, 0xB2, 0xD5, 0xDA, 0x3D, 0x50, 0x09, 0xAC, 0x4F, 0xA2, 0xF0, 0x55, 0x85, 0xF1, 0x93,
    0xE1, 0x55, 0xC2, 0x57, 0x78, 0x86, 0xD4, 0x55, 0x9A, 0x3B, 0x3D, 0x52, 0xB5, 0x97, 0x99, 0xB6,
    0x7D, 0x56, 0x6F, 0x36, 0x82, 0xA2, 0x55, 0xDF, 0x69, 0x27, 0x8C, 0x74, 0xCC, 0xEA, 0xAD, 0x14,
    0x66, 0xA5, 0x36, 0xAE, 0xFF, 0xDF, 0xC9, 0xAB, 0x10, 0x2F, 0x76, 0x17, 0xAF, 0x9E, 0xC8, 0x8F,
    0xC2, 0xD2, 0x14, 0xBB, 0x86, 0x50, 0x7E, 0xD8, 0x22, 0x15, 0xE2, 0x71, 0x63, 0xCD, 0x87, 0xF4,
    0x58, 0x03, 0xBF, 0x1E, 0x3E, 0xD6, 0xB0, 0xDB, 0x2C, 0xE2, 0xC1, 0x2C, 0xA5, 0x9A, 0x85, 0xFB,
    0xB1, 0x4D, 0x98, 0x7B, 0x66, 0x96, 0xEE, 0x0B, 0xDB, 0x66, 0x49, 0xD7, 0x66, 0x89, 0x69, 0x96,
    0x70, 0x6D, 0x16, 0x7F, 0x63, 0x96, 0xCA, 0x8E, 0xCB, 0xAE, 0xFE, 0x5B, 0xD2, 0x37, 0x97, 0x84,
    0x35, 0xFD, 0xCE, 0x13, 0xCC, 0xF2, 0xBF, 0xDD, 0x5C, 0xBF, 0x93, 0xDD, 0xC6, 0x7D, 0x5F, 0x3C,
    0x88, 0xF7, 0x14, 0x61, 0xC6, 0x60, 0x41, 0xC9, 0x89, 0x2E, 0x36, 0x54, 0xB8, 0x89, 0x63, 0x09,
    0xAD, 0x0B, 0x5A, 0x80, 0x78, 0x85, 0x0B, 0x15, 0x62, 0x21, 0xCE, 0x78, 0xEC, 0x42, 0x29, 0x5C,
    0xD8, 0x49, 0x41, 0x17, 0x2E, 0x52, 0x90, 0x04, 0x46, 0xFA, 0x03, 0xC2, 0xCC, 0xB8, 0x70, 0x66,
    0x52, 0xA8, 0xF0, 0x64, 0x32, 0x56, 0x66, 0xA8, 0xC2, 0x85, 0x66, 0x4C, 0x12, 0x90, 0x58, 0xBA,
    0x10, 0x38, 0xB6, 0xAC, 0x22, 0x85, 0x90, 0x98, 0x9E, 0x4C, 0xA4, 0x19, 0x1F, 0x22, 0x3F, 0xC5,
    0x10, 0x09, 0x60, 0xF3, 0xFD, 0x7C, 0xBE, 0x8B, 0xF7, 0xF0, 0xEE, 0x07, 0xEF, 0x74, 0x3A, 0x52,
    0xC7, 0xBC, 0xB9, 0xF7, 0x5D, 0x1C, 0x1E, 0xB0, 0xD8, 0xFD, 0xEC, 0xEE, 0xF7, 0xF7, 0xC2, 0xF8,
    0xD6, 0x36, 0xC6, 0x98, 0xF5, 0x62, 0xEF, 0x4F, 0xD0, 0xB1, 0x08, 0x5D, 0xD1, 0xB3, 0x88, 0x2D,
    0x8B, 0x64, 0x2C, 0x72, 0x14, 0xBF, 0xB4, 0x25, 0x8A, 0x3F, 0x6A, 0xF1, 0x9F, 0xB6, 0x16, 0x3A,
    0xBB, 0xAD, 0x4F, 0x28, 0xED, 0x82, 0x45, 0xD1, 0xA2, 0xCA, 0x34, 0x43, 0x6D, 0xA1, 0x49, 0x7A,
    0x16, 0xF1, 0x20, 0xC5, 0x73, 0x5A, 0x69, 0x62, 0xAD, 0x4D, 0xB5, 0x90, 0x6A, 0xDE, 0x32, 0x01,
    0x8A, 0x46, 0x9A, 0x58, 0x19, 0x0F, 0x45, 0x63, 0x66, 0xB5, 0x99, 0x49, 0x31, 0xAF, 0x8D, 0x67,
    0x5B, 0x63, 0x2D, 0xAE, 0x2D, 0x5D, 0x61, 0xD8, 0x93, 0x15, 0xD9, 0xEB, 0xE3, 0x5D, 0x10, 0x52,
    0x48, 0xEB, 0xE6, 0x77, 0x8B, 0xCE, 0x44, 0x8D, 0x3C, 0x3D, 0x69, 0x42, 0xAB, 0x24, 0xAE, 0x42,
    0x9B, 0x9E, 0x32, 0x42, 0x8C, 0x57, 0x08, 0xC9, 0xB6, 0x6D, 0x3A, 0x1F, 0xE4, 0xDF, 0xB8, 0x15,
    0x92, 0xC9, 0x25, 0xA9, 0x5D, 0x91, 0x85, 0x90, 0x42, 0x5A, 0xFA, 0xCF, 0x99, 0x7D, 0xDF, 0xB6,
    0x91, 0x7D, 0xC1, 0xD6, 0xDE, 0xCB, 0xE6, 0x49, 0xE9, 0xB6, 0x31, 0xCF, 0xA0, 0xA3, 0xA5, 0xB9,
    0x8E, 0x6E, 0x2F, 0xE6, 0xE8, 0xFD, 0xCC, 0x35, 0xC9, 0x2A, 0x40, 0x9B, 0xFD, 0xC1, 0x68, 0x0F,
    0x87, 0x40, 0xBB, 0x3A, 0x36, 0xB4, 0x7F, 0x61, 0xE6, 0xBB, 0xD1, 0x96, 0xA3, 0x7D, 0xD1, 0x36,
    0x7C, 0x8A, 0xB9, 0x64, 0xFC, 0xC6, 0xB4, 0xC6, 0xEB, 0xD1, 0x4D, 0x76, 0x32, 0xC1, 0x8F, 0x41,
    0xFF, 0x50, 0xC1, 0x3F, 0x37, 0x82, 0x7F, 0x00, 0x88, 0xE9, 0x7E, 0x20, 0x7A, 0x1F, 0xEF, 0x01,
    0xE2, 0xBC, 0x2C, 0xBA, 0x35, 0x10, 0x51, 0x5B, 0xA4, 0x63, 0xF1, 0x9C, 0x89, 0x46, 0x10, 0xA5,
    0xB6, 0x6C, 0x35, 0x65, 0x2B, 0x05, 0xB1, 0x06, 0x88, 0xB3, 0x11, 0xC4, 0x85, 0xF9, 0xBB, 0xFF,
    0x36, 0x4F, 0xD9, 0x3E, 0xDD, 0x0D, 0xE2, 0x73, 0x0A, 0xCE, 0x0D, 0x85, 0x48, 0x9B, 0xED, 0xBB,
    0x42, 0x41, 0xF4, 0xED, 0x77, 0x0C, 0xA7, 0x90, 0x9E, 0x75, 0x45, 0x56, 0x1D, 0x06, 0xD1, 0x8D,
    0x74, 0x85, 0xA8, 0x5D, 0x43, 0x74, 0xB1, 0x07, 0xA2, 0x43, 0x61, 0x7F, 0x9A, 0xD9, 0x7F, 0xB7,
    0x5D, 0x64, 0x7D, 0x22, 0x7A, 0x11, 0x80, 0xE9, 0x34, 0x06, 0x10, 0xC0, 0x26, 0x24, 0xE9, 0x5F,
    0x16, 0x82, 0x96, 0xCC, 0x65, 0x66, 0x48, 0xFD, 0x44, 0xF4, 0x3C, 0xC8, 0x1C, 0xF3, 0xCE, 0x44,
    0x6C, 0x64, 0xD6, 0xB2, 0xDD, 0x40, 0x36, 0xE0, 0x48, 0x84, 0x38, 0x34, 0xA7, 0xD8, 0x81, 0x53,
    0x68, 0xBC, 0x67, 0x71, 0x7F, 0x64, 0x7F, 0x2E, 0x0D, 0x2C, 0x16, 0x26, 0xC9, 0x67, 0x82, 0x4A,
    0x92, 0x07, 0xF2, 0x6F, 0x9C, 0x4B, 0x27, 0x4C, 0x94, 0xC7, 0x82, 0x42, 0x98, 0x27, 0xAB, 0x0A,
    0x0D, 0xA7, 0xB6, 0xE1, 0x10, 0xED, 0x4F, 0x27, 0x57, 0x72, 0xF8, 0xB8, 0x04, 0xC2, 0x32, 0x1A,
    0x40, 0x01, 0x4A, 0x54, 0xFA, 0xF2, 0xAC, 0xB8, 0xC4, 0x0D, 0x89, 0x1C, 0x48, 0x1B, 0x4A, 0xAC,
    0xD3, 0x4F, 0xC7, 0xB6, 0x61, 0x04, 0xA5, 0x3F, 0xDD, 0x38, 0x9D, 0x22, 0x54, 0x96, 0xE0, 0x5C,
    0x81, 0x91, 0x43, 0x87, 0x66, 0x38, 0xE5, 0x55, 0xBB, 0xA7, 0x79, 0x2C, 0x95, 0xCE, 0xEC, 0xDD,
    0x41, 0x26, 0xC4, 0x0B, 0x36, 0x95, 0x87, 0xDA, 0x52, 0x7A, 0x60, 0x4B, 0xE9, 0x40, 0x9C, 0x16,
    0x8B, 0xB1, 0x99, 0x13, 0xD2, 0x8E, 0x43, 0x5B, 0x0C, 0x3A, 0x47, 0xE7, 0x65, 0x6C, 0xEF, 0x16,
    0x02, 0x82, 0x4C, 0x16, 0x69, 0x56, 0x87, 0x59, 0x56, 0xBB, 0xEA, 0x8D, 0xF9, 0xD9, 0x6A, 0x82,
    0x84, 0x56, 0x67, 0x75, 0x69, 0xDC, 0x0A, 0xF4, 0x07, 0x34, 0x3A, 0xA8, 0xCD, 0x4D, 0x39, 0x4E,
    0xCD, 0x57, 0xF6, 0x01, 0x3B, 0x9B, 0x80, 0x9D, 0xE4, 0x58, 0x2A, 0x31, 0xC1, 0x8E, 0x8E, 0x03,
    0xEC, 0x6E, 0x04, 0x3B, 0x22, 0xD8, 0x31, 0xC1, 0x4E, 0xEE, 0x03, 0xF6, 0x0F, 0x58, 0x11, 0xE7,
    0x4B, 0x6A, 0x94, 0x19, 0x85, 0x64, 0x27, 0xB7, 0xA4, 0xDA, 0x9B, 0x46, 0xDA, 0xD5, 0x62, 0xAD,
    0x9C, 0x36, 0x8F, 0xAD, 0xE3, 0x0C, 0x89, 0x70, 0xB7, 0xDF, 0x03, 0xE7, 0xA2, 0x94, 0x3E, 0x3E,
    0x7D, 0x30, 0xCE, 0x3E, 0x71, 0x2E, 0x47, 0x9C, 0xFB, 0x35, 0x9C, 0x39, 0xC0, 0x52, 0xF9, 0x0A,
    0x67, 0xA5, 0x7A, 0x46, 0x7F, 0x35, 0xFB, 0x4E, 0xE7, 0x93, 0x85, 0xF0, 0x0D, 0xF2, 0x92, 0x1C,
    0xA4, 0x5C, 0x12, 0x2C, 0xDC, 0x9B, 0xFB, 0xF0, 0xEA, 0x63, 0x00, 0xF7, 0x7E, 0x93, 0xD8, 0x4B,
    0xCD, 0x9F, 0x4B, 0x13, 0x6A, 0x34, 0x4C, 0xE4, 0x07, 0xEE, 0x2D, 0xB6, 0x6B, 0x3E, 0xB7, 0x5C,
    0x02, 0xED, 0x58, 0xE1, 0x23, 0x02, 0x31, 0x3E, 0x6F, 0x62, 0xC1, 0xF5, 0xE6, 0x8A, 0xDC, 0x7F,
    0x4E, 0x2A, 0x88, 0x3F, 0x5A, 0xA0, 0x2F, 0xB5, 0x43, 0xDC, 0x63, 0xAF, 0x7E, 0xF8, 0x40, 0xC0,
    0xBE, 0xDF, 0x4C, 0x3E, 0x63, 0x3C, 0x19, 0xEA, 0xE7, 0x4D, 0x20, 0xCC, 0x2A, 0xAA, 0x32, 0x39,
    0x0E, 0xEE, 0x0E, 0x2B, 0xA9, 0xA2, 0xDA, 0x49, 0x52, 0xAE, 0xCF, 0x02, 0xCB, 0xBE, 0x09, 0x95,
    0x6A, 0x44, 0x2F, 0xB8, 0x38, 0x80, 0xCE, 0xE5, 0x41, 0xB6, 0xF2, 0x6C, 0x0D, 0x4D, 0xC1, 0x2E,
    0x40, 0xB3, 0x0E, 0x34, 0x21, 0x8D, 0x87, 0x15, 0x85, 0x18, 0xD9, 0x9F, 0xBA, 0x2B, 0xFB, 0xD5,
    0xBD, 0x59, 0xCB, 0x3A, 0x1B, 0xD6, 0x5F, 0x2D, 0x9F, 0x75, 0xB1, 0x77, 0x6D, 0xD0, 0xF6, 0xA8,
    0x48, 0xC7, 0xC4, 0xF5, 0xFE, 0x0D, 0x2D, 0xF6, 0x8A, 0x2E, 0x21, 0xB7, 0xE8, 0x12, 0x39, 0xB9,
    0x21, 0x45, 0xCA, 0x21, 0x4C, 0x74, 0x24, 0x9F, 0xD7, 0xE2, 0x5B, 0x5A, 0x9C, 0x5D, 0x0E, 0xEF,
    0xA9, 0xF3, 0x2C, 0xB2, 0x01, 0x85, 0xA8, 0xC1, 0x00, 0x22, 0xB4, 0x1F, 0xA2, 0x10, 0x7D, 0x01,
    0x27, 0x45, 0x62, 0xA0, 0x90, 0x2F, 0x0A, 0x99, 0x19, 0x28, 0x04, 0xFB, 0xFD, 0x0B, 0xBD, 0xA4,
    0xE8, 0xA6, 0xF7, 0x25, 0x5A, 0x59, 0x68, 0x3F, 0x52, 0x79, 0x69, 0x21, 0x8C, 0x3D, 0xDB, 0x53,
    0x0D, 0x39, 0x95, 0x1E, 0x0F, 0xCE, 0xF2, 0x69, 0x46, 0x7A, 0xAC, 0x38, 0xE3, 0xB3, 0x01, 0x9C,
    0x36, 0x38, 0x51, 0x02, 0x9D, 0x2E, 0x45, 0x37, 0xC2, 0xE8, 0x53, 0xF3, 0x51, 0x3A, 0xAE, 0x1B,
    0xD0, 0xA8, 0x15, 0x2A, 0x6B, 0x55, 0xAE, 0x9C, 0x13, 0xDB, 0xD0, 0xE6, 0x72, 0x2C, 0x2A, 0x94,
    0xC2, 0x22, 0x7F, 0x0A, 0xA8, 0x42, 0xB7, 0x07, 0xE5, 0xAF, 0x45, 0xB7, 0xBA, 0x5E, 0x81, 0x8C,
    0x88, 0x23, 0x61, 0xCC, 0x1D, 0x8A, 0x0A, 0x62, 0x88, 0x26, 0xAC, 0xC8, 0xAE, 0x99, 0x6C, 0x07,
    0x12, 0xF4, 0x7C, 0x45, 0x6E, 0x2E, 0xC9, 0x5F, 0x81, 0x00, 0xF7, 0x10, 0x24, 0x1A, 0x89, 0x2C,
    0x25, 0x47, 0x56, 0xE7, 0xF4, 0x12, 0xB3, 0x22, 0x4F, 0x13, 0xDA, 0x15, 0x99, 0x03, 0x63, 0xBB,
    0xFC, 0x1C, 0xDA, 0x32, 0x89, 0xED, 0x1D, 0x59, 0x90, 0xD7, 0x44, 0x6B, 0xE8, 0x45, 0x0A, 0x46,
    0x58, 0xFE, 0x89, 0x28, 0xDE, 0x75, 0xB6, 0x90, 0xC1, 0x2A, 0x16, 0xA2, 0x4E, 0x72, 0x88, 0x95,
    0xEC, 0xCD, 0x03, 0x66, 0xB5, 0xF0, 0x80, 0x6B, 0x75, 0x80, 0x01, 0x99, 0xE1, 0xD9, 0x54, 0x45,
    0xB4, 0xFA, 0xC7, 0xC1, 0x72, 0x9F, 0x37, 0xBE, 0x4C, 0x8C, 0x2A, 0x22, 0x4C, 0xA9, 0x34, 0x1F,
    0x37, 0x66, 0x77, 0xF6, 0xC3, 0xCA, 0xDB, 0x01, 0x18, 0xC9, 0x0F, 0xC7, 0x9E, 0xAF, 0x20, 0x89,
    0xD7, 0xB1, 0x8A, 0xD7, 0x7F, 0x9D, 0x60, 0xF5, 0xF5, 0x75, 0xAC, 0x32, 0x60, 0x55, 0x4C, 0xB0,
    0xA2, 0x5C, 0xAD, 0x4D, 0x6C, 0xBC, 0x05, 0x78, 0xE8, 0xE0, 0xF5, 0x50, 0x71, 0x5B, 0xF4, 0xA3,
    0xC1, 0x2C, 0x4C, 0x1F, 0x18, 0x74, 0xDE, 0x7D, 0xA0, 0x53, 0x7E, 0x53, 0x34, 0x23, 0xAB, 0x24,
    0xE1, 0xBF, 0xFC, 0xE1, 0xA8, 0xD0, 0xC5, 0xFB, 0x41, 0x17, 0x1F, 0x05, 0x3A, 0x40, 0x25, 0x17,
    0x72, 0x99, 0xE6, 0x8E, 0xF0, 0x5F, 0xAF, 0x37, 0x5F, 0x04, 0x6A, 0x07, 0xA3, 0xC1, 0x95, 0x77,
    0x66, 0xF7, 0xCA, 0xDB, 0x77, 0x36, 0xED, 0x5C, 0x79, 0xF7, 0x9D, 0x48, 0x73, 0x70, 0x81, 0x08,
    0x13, 0x86, 0xA2, 0xA0, 0x18, 0x35, 0x4C, 0x63, 0xDF, 0xE3, 0x58, 0x91, 0xFB, 0xE3, 0x92, 0x3B,
    0x53, 0x11, 0x7C, 0x4D, 0x44, 0xF0, 0x30, 0xB3, 0x66, 0x89, 0x46, 0x05, 0x34, 0xEA, 0x02, 0x90,
    0xD8, 0xFD, 0x20, 0x21, 0x43, 0x84, 0x61, 0x98, 0xC7, 0xC2, 0x4D, 0xA7, 0x68, 0x64, 0x34, 0x90,
    0x5E, 0xA9, 0xC7, 0xA9, 0x92, 0xED, 0x68, 0xCA, 0x6F, 0x97, 0x4D, 0x01, 0x89, 0xA4, 0x46, 0x51,
    0x8A, 0x72, 0x69, 0xB1, 0xE8, 0xEF, 0x61, 0x2D, 0x82, 0x6D, 0x3E, 0x58, 0xA8, 0x0D, 0xDD, 0x38,
    0xE1, 0x92, 0xEA, 0x44, 0xAD, 0x55, 0x53, 0x9B, 0x67, 0x8D, 0xD7, 0x42, 0x89, 0x2C, 0xA0, 0xAC,
    0x25, 0x1F, 0x34, 0x50, 0xCF, 0xAA, 0xE9, 0xFC, 0x33, 0xFF, 0xFA, 0xF0, 0x17, 0xAC, 0x79, 0x7D,
    0xA5, 0x3E, 0x1E, 0x64, 0x21, 0xFD, 0xE5, 0x44, 0xB9, 0xFC, 0x54, 0x95, 0xCB, 0x9C, 0x62, 0x28,
    0xF7, 0x27, 0xCA, 0x65, 0x44, 0xE5, 0x32, 0x39, 0x9C, 0x72, 0x79, 0xE1, 0xC2, 0xCB, 0x42, 0x45,
    0xF0, 0x09, 0x15, 0xF6, 0x25, 0x8D, 0x17, 0x04, 0x0B, 0x52, 0x11, 0x62, 0x42, 0xA5, 0x1E, 0x20,
    0xCE, 0x11, 0x10, 0xE5, 0xD2, 0x87, 0x1C, 0x2E, 0x29, 0x96, 0x29, 0x9C, 0x63, 0xBB, 0x2D, 0x6D,
    0x98, 0x51, 0xD9, 0x75, 0xCA, 0xE5, 0xF7, 0xC1, 0x19, 0xF1, 0xDC, 0xB9, 0x65, 0x9F, 0x52, 0xA7,
    0x29, 0x67, 0x2F, 0x4A, 0x8F, 0x7A, 0xB1, 0x45, 0x84, 0x63, 0x5E, 0x32, 0x26, 0x15, 0x1B, 0xC9,
    0xE9, 0xCB, 0x2F, 0x8B, 0xB1, 0x64, 0x6D, 0x7E, 0x65, 0x6E, 0x8B, 0x7B, 0x43, 0xD8, 0x06, 0xB6,
    0x8F, 0x17, 0x73, 0xF8, 0x08, 0x7C, 0x3B, 0x21, 0x31, 0x48, 0xB4, 0x08, 0x64, 0xDE, 0xF7, 0x32,
    0x0E, 0x33, 0x6A, 0x21, 0xDB, 0x43, 0x2A, 0xBA, 0x2F, 0xC6, 0xA9, 0x52, 0x37, 0xC7, 0xA7, 0xF4,
    0x75, 0x54, 0x31, 0xC6, 0x03, 0x1A, 0x66, 0x4B, 0x95, 0x29, 0xCA, 0x45, 0x26, 0x67, 0xB0, 0xF7,
    0xA5, 0x4D, 0x61, 0x0B, 0xD2, 0x48, 0xBB, 0xE3, 0x2A, 0xAB, 0x3D, 0x9B, 0xC6, 0x68, 0xBE, 0x28,
    0xB5, 0xD2, 0x52, 0xD1, 0x3E, 0xBF, 0x66, 0x20, 0x7A, 0x2E, 0xC1, 0x6C, 0xA2, 0xE1, 0xA4, 0xB2,
    0x30, 0xA1, 0xFF, 0x45, 0xDD, 0x03, 0xEB, 0x6A, 0xFE, 0xC9, 0x1D, 0x09, 0xB4, 0xAF, 0x36, 0xA2,
    0x4A, 0x2E, 0xE0, 0x1C, 0x19, 0xD0, 0x9B, 0x0C, 0x9D, 0x89, 0xD1, 0x97, 0x8D, 0x61, 0x37, 0xB3,
    0x3D, 0x49, 0x23, 0x71, 0x04, 0x9B, 0x76, 0x3A, 0x12, 0xC9, 0x49, 0x1A, 0x09, 0x36, 0x36, 0xB0,
    0x63, 0x17, 0x42, 0x3B, 0xFE, 0x3B, 0xED, 0xC5, 0x89, 0x1C, 0x84, 0x13, 0x0F, 0xED, 0xF8, 0xE9,
    0xCC, 0xA8, 0x54, 0xAC, 0x51, 0x95, 0x5E, 0xE6, 0x32, 0xA7, 0x0C, 0x5B, 0x31, 0xCB, 0x77, 0xE0,
    0xFD, 0x04, 0xC8, 0x95, 0xD1, 0x8F, 0x46, 0x4E, 0xEC, 0x0F, 0x63, 0x05, 0x3C, 0x32, 0xDD, 0xC9,
    0x1D, 0x20, 0xF3, 0x37, 0x53, 0x57, 0x6C, 0x38, 0x7A, 0x90, 0x4B, 0xB3, 0xE4, 0x5C, 0x7E, 0x4F,
    0xDF, 0xA0, 0x4A, 0x11, 0xB8, 0xFD, 0x1F, 0x9F, 0x8A, 0xE5, 0x50, 0x85, 0x17, 0x0A, 0xC4, 0x31,
    0xC4, 0xF0, 0x81, 0x4F, 0x4B, 0x86, 0xE1, 0x08, 0x85, 0x85, 0x31, 0xBF, 0x2C, 0xDE, 0xBB, 0x90,
    0xF5, 0x47, 0xAE, 0x0C, 0x0E, 0x6A, 0x51, 0x7A, 0xD6, 0x1B, 0x28, 0x4C, 0x4B, 0x8D, 0x6A, 0xF6,
    0x8E, 0x5A, 0x86, 0xFA, 0x05, 0x82, 0x81, 0x4A, 0x49, 0x9D, 0xC9, 0x0F, 0x49, 0x3A, 0x97, 0x1F,
    0x84, 0x89, 0x5F, 0x35, 0x10, 0x32, 0xB0, 0xBB, 0x2B, 0xAA, 0x2D, 0x2B, 0x3A, 0x27, 0xF5, 0xF7,
    0xA7, 0x4F, 0xC2, 0xE0, 0xB8, 0x2D, 0x73, 0xD4, 0xB7, 0xEF, 0x5B, 0xCC, 0xCB, 0x6D, 0x0B, 0x5B,
    0x77, 0x28, 0x30, 0x2F, 0x9B, 0xE9, 0xEC, 0x3C, 0x32, 0x4D, 0x64, 0x0D, 0xD8, 0x46, 0xA9, 0x74,
    0xCF, 0xC7, 0x9A, 0xD0, 0x62, 0x2E, 0xF3, 0x24, 0xE6, 0x65, 0x46, 0x9F, 0x34, 0x29, 0x54, 0xA1,
    0xE9, 0x5C, 0xB1, 0xE7, 0x25, 0xCB, 0xC2, 0x8E, 0xCA, 0x93, 0xDD, 0xF7, 0x92, 0x03, 0x8B, 0x2F,
    0x8B, 0xF6, 0x73, 0xD1, 0x9E, 0x5F, 0x6F, 0xA0, 0xF1, 0x68, 0x6D, 0xD3, 0xC4, 0xB1, 0x13, 0x1A,
    0x4E, 0xA8, 0x75, 0x66, 0x24, 0x68, 0xB8, 0xF6, 0xEB, 0x0B, 0x45, 0x2E, 0xF4, 0x45, 0x01, 0x37,
    0xB4, 0x19, 0x0D, 0x6E, 0xD1, 0x0A, 0x85, 0x2E, 0x44, 0x2D, 0x15, 0xE3, 0x3B, 0x06, 0x4D, 0xA3,
    0xA3, 0x52, 0xA2, 0xE9, 0xFE, 0x9C, 0x9B, 0x5F, 0xB8, 0xC9, 0xB9, 0x5A, 0x16, 0x59, 0x25, 0xA6,
    0x6E, 0x79, 0x3D, 0xB2, 0xE9, 0x8F, 0x26, 0x76, 0x06, 0xC2, 0x1B, 0xF8, 0x22, 0x72, 0x44, 0x36,
    0x75, 0x4C, 0x5F, 0xD4, 0x37, 0xD6, 0xCD, 0xF5, 0xB9, 0xF0, 0xCA, 0x70, 0xF0, 0x65, 0x9D, 0x6F,
    0xF3, 0xDC, 0x65, 0x69, 0xC7, 0x8F, 0x85, 0x67, 0x9C, 0x36, 0x2F, 0x4F, 0x38, 0x8B, 0xAC, 0xE5,
    0x78, 0x21, 0x73, 0x7F, 0x41, 0x0D, 0xF1, 0xD4, 0x11, 0x9E, 0x2B, 0x68, 0xF2, 0x2B, 0xCF, 0xD0,
    0xBF, 0x35, 0x15, 0xDC, 0xDA, 0x39, 0xFD, 0x34, 0x47, 0xFB, 0x93, 0x7B, 0x47, 0x95, 0x7A, 0x82,
    0xB0, 0xD3, 0x33, 0x64, 0x6D, 0x09, 0xFE, 0xA9, 0x45, 0xC0, 0x0B, 0xC1, 0x9C, 0xC3, 0xFC, 0x8D,
    0xF5, 0x58, 0x4E, 0xAC, 0xEA, 0xC8, 0x7F, 0xD7, 0xEC, 0x5D, 0xA7, 0xE9, 0x07, 0xB0, 0x48, 0x60,
    0xBB, 0x58, 0xFD, 0x7B, 0x0F, 0x4A, 0xB8, 0xB0, 0xA1, 0x08, 0xCC, 0xCF, 0x87, 0xF7, 0xA8, 0xE4,
    0x5F, 0xBE, 0xE6, 0x4C, 0xDE, 0x2C, 0x85, 0xEB, 0x64, 0xFC, 0x9B, 0x1F, 0xE2, 0x2F, 0xB2, 0x77,
    0x64, 0xDD, 0xCA, 0x9F, 0x58, 0xFF, 0xE6, 0x06, 0x82, 0x61, 0xC2, 0x7D, 0x7D, 0x08, 0xAE, 0xEF,
    0xCC, 0x84, 0xF3, 0xC9, 0xF9, 0x0C, 0x8F, 0x9B, 0xB9, 0x67, 0x95, 0xF0, 0xFC, 0xDE, 0x3C, 0xFE,
    0x51, 0x30, 0x1B, 0xA5, 0xB0, 0x36, 0xE1, 0x68, 0x05, 0x4E, 0x1E, 0xEA, 0x5E, 0xD7, 0x6C, 0xF3,
    0x17, 0x6C, 0x4A, 0xEE, 0x38, 0x5E, 0x88, 0xB9, 0x13, 0xDF, 0x83, 0x47, 0x30, 0xB7, 0xB0, 0x91,
    0xC4, 0x16, 0xBD, 0x0A, 0x41, 0x31, 0xB6, 0xD8, 0x91, 0x0D, 0x5A, 0x2D, 0x18, 0xF5, 0x07, 0x49,
    0xEA, 0x25, 0x41, 0xE4, 0x50, 0xA0, 0x8B, 0x6E, 0x4B, 0x4B, 0x93, 0x4F, 0x2D, 0x16, 0x2B, 0xFD,
    0x94, 0x72, 0xD9, 0x7C, 0x48, 0xD7, 0x82, 0x31, 0xBE, 0x3A, 0x12, 0xE0, 0x34, 0x66, 0x30, 0xE6,
    0xB5, 0x0E, 0xBE, 0xED, 0x9B, 0xD0, 0x7C, 0xA3, 0x75, 0x9B, 0x2E, 0x77, 0x31, 0x49, 0xEA, 0xC0,
    0x05, 0xC8, 0xE6, 0x9A, 0x2D, 0xF9, 0x39, 0x49, 0xB9, 0x33, 0x6C, 0x11, 0xBF, 0x86, 0x00, 0xC0,
    0xEF, 0x44, 0x8D, 0xB0, 0xF7, 0x5A, 0xE7, 0xE9, 0xDE, 0x1C, 0x14, 0x57, 0x9F, 0x3E, 0x37, 0x16,
    0x94, 0x77, 0xE7, 0x29, 0xFD, 0x2E, 0x33, 0xAC, 0x24, 0xC3, 0x80, 0xC2, 0xAF, 0x59, 0x40, 0x65,
    0x90, 0x22, 0xA6, 0xF0, 0x2A, 0x2F, 0x69, 0x31, 0xB0, 0xB8, 0x45, 0x17, 0x82, 0x7D, 0x17, 0x08,
    0xCC, 0x45, 0x50, 0xF1, 0xCA, 0x7B, 0x96, 0xF7, 0x7D, 0x4C, 0xAC, 0x6C, 0x65, 0xB5, 0xB2, 0xA2,
    0x67, 0x01, 0xFB, 0x1F, 0x95, 0x49, 0xC3, 0x50, 0xB5, 0xDC, 0x21, 0x05, 0x1A, 0x80, 0xE7, 0xC9,
    0x1D, 0x72, 0x38, 0x63, 0x20, 0xBD, 0x0B, 0x19, 0x03, 0xEE, 0xF6, 0x70, 0x54, 0x22, 0x9C, 0x3E,
    0x0D, 0x60, 0x77, 0xD3, 0xD4, 0x80, 0x99, 0xD3, 0x97, 0x16, 0x7A, 0x52, 0x1D, 0x01, 0x5F, 0xDA,
    0xED, 0xDA, 0x29, 0x52, 0xC6, 0x85, 0x57, 0x12, 0x24, 0xDA, 0x25, 0x47, 0xF6, 0xA2, 0x5B, 0xE4,
    0x71, 0xE7, 0x28, 0x35, 0xD2, 0x38, 0x05, 0xBD, 0x4E, 0xC9, 0x42, 0x59, 0xF3, 0x6D, 0xCE, 0xE8,
    0x57, 0x78, 0x5C, 0x30, 0xA6, 0xA1, 0x1E, 0xF3, 0x6D, 0x44, 0x54, 0xED, 0x4B, 0x50, 0xA5, 0x44,
    0xFA, 0xE4, 0xAC, 0xA7, 0x64, 0x3D, 0x35, 0xEE, 0x25, 0xEF, 0x4C, 0xE5, 0x52, 0xE1, 0x48, 0xB2,
    0xA6, 0x28, 0x9B, 0xEB, 0xF5, 0xF6, 0xC6, 0x9C, 0x73, 0x99, 0x2A, 0x1F, 0xE5, 0xEA, 0x58, 0xD5,
    0x91, 0x30, 0x1D, 0xF5, 0x48, 0x63, 0x7E, 0x3C, 0xB9, 0x8B, 0xEA, 0xE6, 0x45, 0xA9, 0xB0, 0xDC,
    0xC4, 0x52, 0xCD, 0x65, 0xCE, 0xC9, 0x68, 0x6E, 0xC2, 0x9F, 0x81, 0x49, 0x73, 0x1D, 0xF4, 0xF6,
    0x02, 0xF4, 0x7D, 0xFA, 0xA9, 0xB7, 0x7B, 0xF5, 0x56, 0x83, 0xFE, 0x89, 0x9E, 0xCF, 0x5F, 0xD3,
    0x73, 0x7D, 0x5B, 0x9D, 0xEE, 0xB6, 0x59, 0xA9, 0xCC, 0x89, 0xAA, 0xCC, 0xE0, 0xF6, 0x5D, 0x04,
    0x01, 0x2A, 0x23, 0xD5, 0x1A, 0xDA, 0xD5, 0x14, 0x71, 0xF3, 0x61, 0x0C, 0x71, 0x67, 0x5C, 0xB9,
    0xE9, 0xA8, 0x03, 0xA7, 0x66, 0xD7, 0xE2, 0x9E, 0x6B, 0xE8, 0xE7, 0xB8, 0x96, 0xC2, 0x99, 0xA5,
    0xDB, 0x6C, 0xE2, 0xE7, 0x99, 0xC3, 0xF7, 0xB3, 0x72, 0x05, 0x81, 0x79, 0xFA, 0x18, 0x4A, 0x28,
    0x7C, 0xC2, 0x11, 0x7B, 0x24, 0x21, 0x98, 0x4D, 0xF3, 0xBD, 0xCF, 0x28, 0x46, 0x0E, 0x23, 0x61,
    0x1E, 0x60, 0x2F, 0xAF, 0xAC, 0x3B, 0xE8, 0xD1, 0x4B, 0xB3, 0xD6, 0xCB, 0xD5, 0x87, 0xFE, 0x3D,
    0x75, 0xEF, 0x2C, 0x49, 0xB2, 0xF4, 0xFE, 0xDD, 0x50, 0x37, 0xD5, 0x18, 0xCD, 0x30, 0x4F, 0x13,
    0x07, 0x7B, 0x7C, 0x38, 0x2C, 0x4D, 0x25, 0xDF, 0xBA, 0x3F, 0x30, 0xCF, 0xCB, 0x98, 0x14, 0xFE,
    0xD2, 0x2A, 0xBA, 0x39, 0x8A, 0x29, 0x25, 0x03, 0x20, 0x63, 0x4C, 0x86, 0xEA, 0x26, 0xAD, 0x30,
    0x06, 0x79, 0x9A, 0xA3, 0x41, 0xF6, 0xE4, 0x0E, 0x5F, 0xDD, 0xDE, 0x0E, 0x3B, 0xB1, 0x8B, 0x37,
    0xFD, 0xEE, 0xA2, 0xDD, 0x12, 0x9D, 0x73, 0xAB, 0xBD, 0x66, 0xB7, 0x16, 0xB2, 0x5C, 0xC5, 0x3E,
    0xDA, 0xAA, 0xE5, 0x2B, 0xEA, 0xF3, 0x16, 0x03, 0x9D, 0xC7, 0xF1, 0x05, 0x2C, 0xFA, 0x3D, 0xF4,
    0x1C, 0x99, 0xA1, 0xFF, 0x41, 0x4F, 0x3D, 0x9E, 0xC6, 0xEA, 0x78, 0xC4, 0x73, 0xFC, 0x75, 0xE7,
    0x1C, 0xB9, 0x0C, 0x72, 0x03, 0x84, 0x50, 0xF6, 0x58, 0x09, 0x3D, 0x0D, 0x25, 0xB5, 0x96, 0x44,
    0x7D, 0xDA, 0x28, 0x52, 0x72, 0x41, 0x7B, 0x60, 0xA3, 0xBF, 0x2D, 0x20, 0xBC, 0xD2, 0x8A, 0xF6,
    0x2C, 0xCB, 0x3D, 0xEB, 0xB5, 0xC4, 0xFF, 0x38, 0x7F, 0x9C, 0x9D, 0x3D, 0x0D, 0xAE, 0x03, 0x76,
    0xB3, 0x0D, 0x22, 0x27, 0x7D, 0x4B, 0xDE, 0x54, 0x3B, 0xC7, 0xA9, 0x5D, 0x92, 0xDF, 0x1D, 0xB4,
    0x20, 0xD6, 0x96, 0xFD, 0x01, 0x33, 0xFB, 0x07, 0xC2, 0xC4, 0x42, 0x24, 0xFA, 0x40, 0x42, 0xE9,
    0x65, 0x1F, 0x1C, 0x62, 0x66, 0x7B, 0xCA, 0xD4, 0x42, 0x9D, 0xE5, 0x89, 0x16, 0xCE, 0x08, 0xD0,
    0x4C, 0xAA, 0x48, 0x9D, 0x2D, 0x91, 0x4E, 0xF5, 0xC7, 0x26, 0xEB, 0xB2, 0x80, 0xE0, 0x13, 0xF9,
    0x88, 0x50, 0x23, 0x54, 0xBC, 0xD6, 0x3C, 0xF5, 0x89, 0xF6, 0x96, 0x3D, 0x77, 0x45, 0x89, 0x62,
    0x1B, 0x53, 0xDF, 0xF8, 0xBF, 0x92, 0x9A, 0xA5, 0xB8, 0x25, 0x02, 0x43, 0x8A, 0xB7, 0xA5, 0x57,
    0x0D, 0x92, 0xD9, 0x6C, 0x8A, 0x42, 0xCC, 0x6F, 0x14, 0xA1, 0x6D, 0x50, 0x48, 0x75, 0x28, 0x44,
    0x35, 0x44, 0x41, 0xFC, 0xA5, 0x48, 0xB4, 0x88, 0xB4, 0x08, 0xB4, 0xF0, 0xB5, 0xF0, 0xB4, 0x80,
    0x85, 0xBB, 0xF9, 0xFB, 0x14, 0x7D, 0xC1, 0x4D, 0xA1, 0x16, 0xF3, 0x66, 0x95, 0x9B, 0xA4, 0x41,
    0x1D, 0x95, 0x42, 0x64, 0x26, 0xE4, 0xF1, 0x2E, 0xDF, 0x26, 0x20, 0xAB, 0x0F, 0x55, 0x38, 0xED,
    0x12, 0xBE, 0xA9, 0xD8, 0xB8, 0xE6, 0xE2, 0xDB, 0x22, 0xF6, 0x36, 0xED, 0xAF, 0xA4, 0x17, 0x05,
    0x87, 0xE6, 0xAF, 0x6D, 0x9B, 0x38, 0xEB, 0xF6, 0x98, 0x6D, 0xDC, 0x13, 0x06, 0xB1, 0x71, 0x45,
    0xA6, 0x10, 0xC7, 0x7B, 0x40, 0xBC, 0xFE, 0x71, 0xA9, 0x6E, 0x76, 0x8F, 0xC2, 0xF9, 0x98, 0xD4,
    0xC9, 0xE4, 0x24, 0xEC, 0x84, 0xA1, 0x7E, 0x11, 0x68, 0xEF, 0xC8, 0xD8, 0xA4, 0x06, 0x16, 0xF1,
    0x6C, 0xDC, 0xAC, 0x8E, 0x99, 0x28, 0x07, 0x67, 0xF7, 0x72, 0x55, 0x7C, 0x65, 0xE2, 0xE5, 0xD2,
    0xFC, 0xD0, 0xB0, 0x64, 0xB2, 0xDF, 0xBC, 0xE5, 0xC2, 0xF2, 0xAC, 0x53, 0x7C, 0x34, 0xBE, 0x19,
    0xAB, 0x21, 0xAD, 0x33, 0x6D, 0xED, 0xF3, 0xE8, 0xAD, 0x28, 0x32, 0x8A, 0x14, 0x49, 0x72, 0x41,
    0x15, 0x80, 0x29, 0x2E, 0xA8, 0xD7, 0xD1, 0xB3, 0x04, 0x13, 0xD2, 0x25, 0xDA, 0x8C, 0x1C, 0x66,
    0xE3, 0xEA, 0x17, 0xBD, 0xA2, 0x02, 0xA7, 0x2A, 0x38, 0xB6, 0xE6, 0x5A, 0xB7, 0x2A, 0xDD, 0xE0,
    0x8C, 0xBA, 0xF9, 0x52, 0x2B, 0x37, 0xEE, 0xFA, 0x59, 0xB3, 0x9C, 0x1D, 0x8F, 0xC1, 0x0B, 0x91,
    0xC8, 0x15, 0x91, 0x70, 0xCA, 0x6F, 0x9A, 0xA2, 0x2B, 0x54, 0x2C, 0xC8, 0x07, 0x8A, 0x63, 0x61,
    0xFF, 0x91, 0x0E, 0x57, 0x51, 0xD3, 0x34, 0x80, 0xA8, 0x09, 0x27, 0xC7, 0x5D, 0xCE, 0xAC, 0x18,
    0x33, 0x9A, 0xAA, 0x74, 0x8B, 0x73, 0xE7, 0x33, 0x4C, 0xA1, 0x1A, 0xC5, 0xBB, 0x9F, 0x77, 0x0A,
    0x65, 0x5A, 0xC4, 0x5A, 0x84, 0xFB, 0x4D, 0xA1, 0x2F, 0xFF, 0x5E, 0xDA, 0x5C, 0xEB, 0x14, 0xD2,
    0x62, 0xAE, 0x36, 0x0E, 0x23, 0xB9, 0xF3, 0x3A, 0xCC, 0x09, 0x7B, 0xCC, 0xD1, 0xB1, 0xD7, 0xD5,
    0x31, 0xDB, 0x98, 0x31, 0x69, 0xF0, 0xA1, 0x4D, 0x95, 0x25, 0xDD, 0x11, 0x41, 0x71, 0x14, 0xAA,
    0xE9, 0x15, 0x66, 0xCB, 0xDB, 0x77, 0x19, 0xE8, 0xDA, 0x66, 0xCA, 0x00, 0x85, 0x65, 0xDC, 0x8E,
    0xA9, 0x2A, 0x6B, 0x74, 0xED, 0xF3, 0xE4, 0x79, 0xBA, 0x01, 0x19, 0xE0, 0xBB, 0x0B, 0x53, 0x4B,
    0xAC, 0xC8, 0x5E, 0x15, 0xCB, 0x54, 0x2A, 0x17, 0xDB, 0x3D, 0x92, 0xCA, 0x6D, 0x8D, 0x09, 0x59,
    0x34, 0xA0, 0x59, 0x8B, 0xA8, 0x40, 0xD6, 0xE1, 0xE2, 0x04, 0x31, 0x80, 0x91, 0xF6, 0xBB, 0xA8,
    0xFB, 0x55, 0xAF, 0xD7, 0x7B, 0xB5, 0x1E, 0xAD, 0x53, 0xEB, 0xD7, 0x67, 0xE9, 0x73, 0x4D, 0xC2,
    0x36, 0xCC, 0xD5, 0x92, 0x64, 0xDB, 0x9C, 0xBF, 0x60, 0x24, 0xF7, 0xC9, 0x67, 0x41, 0xEA, 0xB8,
    0x0B, 0xA8, 0xE7, 0x88, 0xF1, 0xC2, 0xB4, 0x12, 0x3B, 0xB0, 0x35, 0xC5, 0x02, 0xC9, 0x7B, 0x2D,
    0x73, 0x7D, 0x76, 0x10, 0xFE, 0xC0, 0x4B, 0x78, 0x31, 0x6F, 0x63, 0x05, 0x33, 0xFB, 0xC6, 0x00,
    0x16, 0x39, 0xC6, 0x78, 0x4F, 0xD1, 0x08, 0x8C, 0x90, 0x2E, 0x62, 0xC2, 0x2A, 0x62, 0xC8, 0x19,
    0x60, 0xCE, 0xD4, 0x3B, 0x77, 0x71, 0xF1, 0x08, 0x41, 0xEA, 0x62, 0x8A, 0xCF, 0x22, 0x88, 0x7B,
    0x19, 0x31, 0xC5, 0xCE, 0xF5, 0x14, 0x18, 0x9A, 0x8D, 0x21, 0xFD, 0x42, 0x10, 0x16, 0x88, 0xD1,
    0xB8, 0xF8, 0x55, 0xCC, 0xDA, 0xEC, 0x35, 0x66, 0x3A, 0xBC, 0x08, 0x58, 0x07, 0x64, 0x72, 0x7B,
    0x5D, 0x04, 0x67, 0x4C, 0x93, 0x30, 0x65, 0xFE, 0x2C, 0x75, 0xC5, 0x33, 0x8F, 0x06, 0xDA, 0xD7,
    0x85, 0x95, 0x78, 0xBD, 0x98, 0x88, 0x3E, 0x49, 0x57, 0xE4, 0x66, 0xBE, 0xB0, 0x08, 0xE6, 0xC0,
    0xA7, 0xF1, 0x8E, 0x5C, 0x1E, 0x6D, 0x49, 0x0F, 0xBF, 0xEA, 0x97, 0x0F, 0x1D, 0x72, 0xEF, 0x42,
    0xEA, 0xBC, 0x38, 0xCE, 0x66, 0x8B, 0xEC, 0xBF, 0xE8, 0x41, 0xB1, 0x00, 0xAF, 0x2C, 0xE0, 0x03,
    0xD3, 0x83, 0xC0, 0xA6, 0x38, 0xC8, 0x10, 0x51, 0xC0, 0x41, 0x02, 0x8E, 0x8F, 0x83, 0xAF, 0x43,
    0x58, 0x79, 0x9A, 0xA4, 0xC4, 0x83, 0x20, 0x47, 0xDC, 0x50, 0x0E, 0xC2, 0x5C, 0xBD, 0xE8, 0xCB,
    0x03, 0x6B, 0x77, 0x1E, 0xAC, 0x5D, 0xA3, 0x77, 0xE1, 0xF6, 0xB1, 0xC2, 0x65, 0xCD, 0xEE, 0x59,
    0x4F, 0x20, 0x59, 0x15, 0x07, 0x51, 0xEE, 0xDA, 0x13, 0xE7, 0xAE, 0x85, 0x49, 0xEE, 0xDA, 0x2C,
    0x07, 0xAE, 0x17, 0x39, 0x9F, 0xA4, 0xBB, 0x26, 0x96, 0x3D, 0x15, 0x21, 0xE9, 0x90, 0x0D, 0xF8,
    0xE0, 0x6B, 0x5D, 0xF2, 0xD1, 0x40, 0x7C, 0xAD, 0x83, 0xB8, 0x77, 0xE9, 0x21, 0x1D, 0x32, 0x44,
    0x5A, 0x34, 0x06, 0x49, 0x22, 0x82, 0xEB, 0x8C, 0xD9, 0x21, 0x99, 0xCB, 0x12, 0x59, 0x96, 0x9D,
    0x59, 0x26, 0x65, 0x32, 0x4B, 0x78, 0xD0, 0xF0, 0x69, 0x61, 0xB5, 0x03, 0x62, 0x5C, 0x79, 0x35,
    0xEA, 0xB5, 0xC3, 0xB5, 0x9A, 0xCF, 0x61, 0x0A, 0xC9, 0x1B, 0x6D, 0xA6, 0x29, 0x3B, 0x55, 0xC0,
    0xAC, 0x1D, 0xB4, 0x8B, 0x4D, 0x3C, 0x63, 0x96, 0x59, 0x3B, 0xFE, 0x84, 0xEB, 0xAB, 0x46, 0x60,
    0xAF, 0xAE, 0x84, 0x7F, 0x3A, 0x0D, 0x0B, 0x0C, 0x29, 0x4D, 0xFD, 0xD6, 0xD0, 0x0B, 0xAE, 0x3E,
    0xC1, 0x7C, 0xE9, 0xED, 0xA6, 0xCB, 0x79, 0x49, 0xF5, 0x64, 0xCE, 0x6B, 0x78, 0x3D, 0xEE, 0x42,
    0x0D, 0x73, 0x62, 0x05, 0x27, 0xE3, 0x82, 0x3E, 0x46, 0xE4, 0x3E, 0x22, 0x27, 0x79, 0x79, 0xA5,
    0x88, 0xA1, 0x09, 0xCD, 0xE9, 0x72, 0x74, 0x8F, 0xD8, 0xB4, 0xBF, 0xF1, 0xED, 0x6F, 0xD4, 0x13,
    0xAA, 0x8E, 0x07, 0xAE, 0xE9, 0x9F, 0xB8, 0xBD, 0x1A, 0xDC, 0x99, 0x44, 0x2D, 0x26, 0x5E, 0xDB,
    0xDA, 0xE0, 0x31, 0x4A, 0xCB, 0xBD, 0x1B, 0x3B, 0xB6, 0x36, 0x40, 0x9D, 0x29, 0x10, 0x7D, 0xB5,
    0xF2, 0x24, 0x84, 0x41, 0x44, 0x09, 0xF8, 0x25, 0x1E, 0xFB, 0x1F, 0xB0, 0x19, 0xCB, 0x33, 0x26,
    0x54, 0x91, 0x96, 0x1E, 0x92, 0xE4, 0xC0, 0xA9, 0x5B, 0x92, 0x63, 0x40, 0x8C, 0x58, 0x8D, 0x88,
    0xB1, 0x1E, 0x8D, 0x7D, 0x46, 0x76, 0x37, 0x62, 0xF9, 0x3E, 0x88, 0xDD, 0xD9, 0x13, 0xB1, 0x89,
    0x77, 0x56, 0x35, 0xBF, 0x29, 0xD5, 0x30, 0xB1, 0xB7, 0x58, 0x59, 0x05, 0x5F, 0xDA, 0x01, 0x5B,
    0xF6, 0xA0, 0x60, 0x9B, 0x7C, 0x6E, 0x18, 0x97, 0x60, 0x4E, 0x75, 0x48, 0x6D, 0x56, 0x4E, 0x5A,
    0xE4, 0x40, 0x7B, 0x3B, 0xF6, 0xAA, 0x7C, 0xCD, 0xCC, 0x52, 0xF8, 0x55, 0x61, 0xC8, 0xC6, 0x55,
    0x26, 0xC7, 0xC1, 0x3D, 0x4D, 0x20, 0x6C, 0xEF, 0x9B, 0x11, 0x7E, 0x92, 0x67, 0x35, 0xFD, 0x7C,
    0xDF, 0x40, 0x57, 0x91, 0x35, 0x8A, 0x29, 0xEC, 0xD2, 0xD1, 0xB0, 0x25, 0x0D, 0x70, 0x68, 0xDA,
    0xC1, 0xCF, 0x1E, 0xE2, 0xAC, 0x76, 0xF6, 0xAB, 0x67, 0xC7, 0xC4, 0xAD, 0xC8, 0xF1, 0x22, 0x39,
    0x95, 0x8F, 0x89, 0x2A, 0xB4, 0x11, 0x2F, 0x30, 0xA1, 0x6B, 0x10, 0x16, 0xFA, 0xA1, 0xAD, 0xE5,
    0xD2, 0xB8, 0x16, 0x1D, 0x32, 0xAE, 0xE3, 0xCE, 0x44, 0x90, 0x94, 0x61, 0xCD, 0x4D, 0x7C, 0x89,
    0x1D, 0x93, 0xA6, 0x62, 0x4B, 0xCF, 0x3B, 0xB6, 0x7F, 0xD1, 0xD5, 0x45, 0x48, 0x13, 0xF7, 0x7F,
    0xE3, 0x32, 0x0F, 0xE7, 0x6C, 0x83, 0x85, 0x80, 0x13, 0x21, 0x54, 0x42, 0x70, 0x0A, 0x59, 0x08,
    0xC9, 0x9A, 0xA2, 0x42, 0x72, 0xE3, 0xF0, 0x86, 0x4D, 0x03, 0xDA, 0x23, 0x9A, 0xF7, 0x01, 0x97,
    0x29, 0x3C, 0x1F, 0x34, 0x18, 0x72, 0x22, 0x16, 0x42, 0x1E, 0x22, 0x06, 0xB4, 0xAE, 0xA4, 0x0A,
    0xDB, 0xCC, 0xC3, 0xBB, 0xD7, 0x9A, 0xA4, 0x0A, 0x9B, 0xA2, 0x0C, 0x1A, 0x19, 0xF4, 0x86, 0xE1,
    0x5E, 0x69, 0x82, 0x08, 0xAF, 0x14, 0x6D, 0x89, 0x2C, 0x72, 0x26, 0xE5, 0xEC, 0xA6, 0xED, 0x3A,
    0x79, 0x7A, 0x2F, 0x0B, 0x46, 0xBE, 0xED, 0x20, 0x06, 0xB3, 0xF4, 0x53, 0xD6, 0xE5, 0xE0, 0x98,
    0x2C, 0x63, 0x67, 0xD8, 0x48, 0xC6, 0x0D, 0x63, 0x81, 0xEE, 0xF2, 0x80, 0x68, 0x2C, 0x45, 0xAA,
    0xF4, 0x78, 0xFE, 0xEB, 0x66, 0x56, 0x1E, 0x08, 0x53, 0x04, 0x98, 0x9E, 0xB8, 0x7A, 0x44, 0x98,
    0x32, 0xC2, 0x94, 0x1F, 0x0C, 0x13, 0xB2, 0x5D, 0x60, 0xB0, 0x82, 0x73, 0xC2, 0x88, 0x45, 0x2E,
    0x40, 0x97, 0xE4, 0x41, 0x1D, 0x56, 0x61, 0x3E, 0x6B, 0xBC, 0x51, 0x14, 0x1C, 0x3B, 0x4C, 0xAB,
    0xEE, 0xDF, 0x2D, 0xA4, 0xFB, 0x69, 0xD4, 0x48, 0xF7, 0xC3, 0x46, 0xBA, 0x1F, 0x42, 0x93, 0x12,
    0xD2, 0x8B, 0x0D, 0xFD, 0x20, 0xBB, 0xFF, 0x09, 0xFA, 0x45, 0xEE, 0xC0, 0xC5, 0xC4, 0x2C, 0x90,
    0x70, 0xB9, 0x35, 0x30, 0x66, 0x80, 0xA8, 0x74, 0x29, 0x7D, 0x6B, 0xDD, 0x0F, 0xA4, 0xFB, 0xD2,
    0xF5, 0xCA, 0x3F, 0x5A, 0xF7, 0x5F, 0x49, 0xD5, 0xDF, 0x16, 0xD5, 0x1A, 0x10, 0xE3, 0x92, 0x82,
    0x4F, 0xDB, 0x6A, 0x5E, 0x28, 0xA6, 0xCD, 0x33, 0x08, 0xAF, 0xCA, 0x64, 0x41, 0x1A, 0x95, 0x70,
    0xBE, 0xF0, 0x1E, 0xB7, 0x5C, 0x2C, 0x5C, 0xD4, 0xD3, 0x64, 0x4B, 0xE7, 0xD1, 0xC9, 0x98, 0x45,
    0x90, 0x16, 0xC2, 0x93, 0xC3, 0x6A, 0x5E, 0xC3, 0x2D, 0xE2, 0x0D, 0xF0, 0x55, 0x0F, 0xAA, 0x58,
    0x20, 0x15, 0x78, 0xEA, 0x0C, 0x39, 0xE6, 0x99, 0x44, 0xED, 0xB2, 0x75, 0x14, 0xFB, 0x4B, 0xD6,
    0xE8, 0x4D, 0xA1, 0xB3, 0xF6, 0xB2, 0x50, 0x6F, 0x71, 0xE0, 0xC6, 0xA9, 0xA3, 0xD3, 0xC4, 0xED,
    0x18, 0x5E, 0x51, 0xE7, 0x51, 0x75, 0xB4, 0x5A, 0x49, 0x58, 0x6F, 0x92, 0x76, 0xA6, 0xC7, 0x6E,
    0x2B, 0x0A, 0xBC, 0x35, 0x7F, 0x8B, 0x7F, 0x53, 0x4A, 0xBC, 0x19, 0x43, 0x7B, 0x90, 0x30, 0x94,
    0x53, 0x25, 0xBE, 0x9F, 0x3D, 0x7E, 0x01, 0x3F, 0xD7, 0xBD, 0x9A, 0x6E, 0x10, 0x0E, 0x7C, 0xC5,
    0x0D, 0xDD, 0x26, 0x68, 0x5D, 0x7E, 0x21, 0x13, 0xA2, 0x4A, 0xAA, 0x4B, 0xD0, 0x29, 0x61, 0x8C,
    0x3C, 0x4E, 0x36, 0x9E, 0xD0, 0xEB, 0xC5, 0xC4, 0x6D, 0xCD, 0xDC, 0x76, 0xA9, 0xDB, 0x9A, 0x55,
    0xB5, 0x9E, 0xBC, 0x4D, 0x77, 0xDE, 0x09, 0x18, 0x05, 0x8F, 0xBB, 0x7D, 0xD6, 0x46, 0x01, 0xCE,
    0x56, 0xE8, 0x34, 0xFC, 0xB6, 0xD4, 0x7B, 0x7E, 0xBE, 0xD5, 0x18, 0xBB, 0x55, 0x79, 0x76, 0x4B,
    0x34, 0xE5, 0xAD, 0x74, 0x82, 0x31, 0xBF, 0x9F, 0x1D, 0xE3, 0x5C, 0xA0, 0xFC, 0x08, 0xAE, 0x28,
    0x59, 0x84, 0x3D, 0xF6, 0x63, 0x4D, 0x1C, 0xAB, 0x35, 0xB3, 0x09, 0x93, 0x61, 0xAE, 0x29, 0xDB,
    0x2E, 0x73, 0x9B, 0x5A, 0x4D, 0x43, 0x65, 0xDE, 0x54, 0x1B, 0xBB, 0x52, 0x3C, 0xB5, 0x29, 0xA5,
    0x2B, 0x10, 0x78, 0x3F, 0xB5, 0x18, 0xB7, 0xB5, 0x3F, 0xC0, 0x02, 0x29, 0x09, 0x9E, 0xDB, 0x38,
    0x5F, 0x33, 0x8C, 0xE3, 0xEB, 0x9E, 0x6F, 0x34, 0x5E, 0x7A, 0x46, 0x81, 0x6A, 0x3F, 0x64, 0xCC,
    0x58, 0x13, 0x2C, 0x67, 0x56, 0x77, 0xEE, 0x9F, 0x9A, 0xE4, 0x28, 0x09, 0x07, 0x80, 0x33, 0xA3,
    0xC7, 0x4D, 0x89, 0xBD, 0x96, 0x73, 0x28, 0xE4, 0xCE, 0x4B, 0xDC, 0xBC, 0xFE, 0x0B, 0xA6, 0x1A,
    0x9E, 0x36, 0xE7, 0x77, 0x74, 0xF9, 0x29, 0x6C, 0x17, 0xB8, 0x66, 0x5F, 0x28, 0xB0, 0x75, 0x6B,
    0x0B, 0x0F, 0xB3, 0xA9, 0x88, 0x23, 0x38, 0xA8, 0x8E, 0x4E, 0xF3, 0x02, 0x79, 0x82, 0xBF, 0xD5,
    0x9C, 0xC3, 0x82, 0x09, 0x7A, 0x48, 0x7C, 0x44, 0x20, 0xBC, 0x74, 0x9B, 0xAD, 0x8C, 0xCB, 0x80,
    0x5A, 0x2F, 0xF6, 0xF8, 0x3C, 0xA2, 0x63, 0x12, 0x5A, 0xBB, 0x83, 0xEE, 0xE1, 0xE2, 0x42, 0xAC,
    0xEB, 0xBB, 0x36, 0xFD, 0xDE, 0x88, 0x7D, 0xC1, 0x71, 0xF8, 0x7C, 0xD8, 0x4F, 0x47, 0xE0, 0xBF,
    0xEE, 0x3B, 0x02, 0xCF, 0x68, 0xAC, 0xAA, 0xD5, 0x04, 0x89, 0x2B, 0x69, 0xA6, 0x03, 0xA1, 0xFB,
    0xEC, 0x55, 0x87, 0xF7, 0xEC, 0xD5, 0xFF, 0x57, 0x6B, 0xE4, 0x2C, 0xFB, 0xFA, 0x3C, 0xAF, 0x8E,
    0x21, 0xDF, 0xA5, 0xA3, 0xCC, 0xC7, 0x70, 0x7B, 0x77, 0xAB, 0xBD, 0x86, 0xE9, 0xA9, 0x22, 0x7D,
    0x6A, 0x35, 0x42, 0xE7, 0xEC, 0xC3, 0x1B, 0x21, 0x97, 0x9C, 0xE6, 0xAB, 0x83, 0x37, 0x78, 0xB5,
    0x56, 0xC9, 0xD6, 0x4C, 0x0B, 0x3D, 0xE9, 0x2E, 0xD9, 0x63, 0x27, 0xF6, 0xA3, 0x3A, 0x5E, 0x7C,
    0x23, 0x84, 0x4F, 0x59, 0x12, 0xDC, 0xA6, 0xCF, 0x3B, 0xBD, 0xC4, 0x6E, 0x9F, 0x5D, 0x1E, 0xEB,
    0x79, 0xBD, 0x46, 0xAF, 0x9F, 0x7E, 0xBE, 0x8B, 0x2C, 0x34, 0x59, 0x51, 0x70, 0xFD, 0x70, 0xD4,
    0xA2, 0x63, 0x1B, 0xB5, 0xFB, 0x73, 0x36, 0x73, 0xDA, 0xD3, 0x57, 0x71, 0xC0, 0xB9, 0x09, 0xA5,
    0x9E, 0xB9, 0xCB, 0x2D, 0x83, 0xC1, 0xA2, 0xC1, 0x6A, 0xEC, 0x97, 0x22, 0x3D, 0x3A, 0x47, 0x19,
    0xFA, 0x9C, 0x06, 0xFA, 0x1E, 0x5B, 0x77, 0xFE, 0x3C, 0x92, 0xA3, 0x16, 0x21, 0x2D, 0xCE, 0x24,
    0x2F, 0x61, 0x48, 0x32, 0xC6, 0x32, 0x2D, 0xBB, 0xCF, 0x9D, 0xD5, 0x5E, 0x9B, 0x31, 0xBA, 0xC5,
    0x44, 0xFE, 0x8A, 0x6F, 0xB5, 0xC9, 0x5F, 0xDF, 0x67, 0xD4, 0x8E, 0x57, 0x1E, 0x65, 0x18, 0xB5,
    0x77, 0x5C, 0x0E, 0x3C, 0x1C, 0xC9, 0x96, 0xA3, 0xD6, 0x2E, 0x47, 0x6D, 0x37, 0xDE, 0xDE, 0x89,
    0xC0, 0x9B, 0xAF, 0x86, 0xF9, 0xD0, 0x2A, 0xDE, 0x9D, 0xE2, 0xAD, 0xAF, 0x40, 0xC9, 0xD2, 0x49,
    0x68, 0xDB, 0x5B, 0x4B, 0xEF, 0x5B, 0xBE, 0xF6, 0xE5, 0x9F, 0xB4, 0xD0, 0x4C, 0x27, 0xEB, 0xDE,
    0xBE, 0x54, 0xEF, 0xE4, 0x6B, 0xE7, 0x54, 0xF2, 0x1C, 0x0B, 0x5F, 0x0B, 0x6C, 0x4E, 0x94, 0x3F,
    0x1A, 0x51, 0xCE, 0x97, 0x28, 0x3F, 0x3D, 0x89, 0x69, 0x87, 0x93, 0xF4, 0x3C, 0xF5, 0x10, 0x25,
    0x9F, 0xA4, 0xCB, 0xED, 0x11, 0x9A, 0x6C, 0xA8, 0xEF, 0x81, 0x31, 0xB3, 0x51, 0x02, 0x85, 0x63,
    0x34, 0x66, 0x0C, 0xA3, 0x9A, 0x51, 0xAC, 0xFA, 0x2E, 0xF6, 0x2D, 0xDA, 0xB5, 0x86, 0xCF, 0x05,
    0x37, 0x4F, 0xEF, 0xFE, 0x33, 0x8D, 0x95, 0x4F, 0x96, 0x95, 0x3F, 0x26, 0x36, 0xEB, 0x41, 0xC0,
    0x9D, 0xED, 0x26, 0xB8, 0xC3, 0x4D, 0x2C, 0x9D, 0x28, 0xE9, 0x18, 0x05, 0xF4, 0x27, 0xC7, 0xCB,
    0x77, 0x44, 0x55, 0x0C, 0xE9, 0x92, 0x16, 0x25, 0x3D, 0xA2, 0xB6, 0x2B, 0x0F, 0x8D, 0xE9, 0x14,
    0xBF, 0x67, 0xD3, 0x6F, 0x21, 0x82, 0xE0, 0xFD, 0xD1, 0xE6, 0x67, 0xE1, 0xCC, 0x9E, 0xFD, 0x9A,
    0x09, 0xA0, 0xC9, 0xE0, 0xBF, 0x63, 0xCB, 0xB7, 0x60, 0xF1, 0xCD, 0xDF, 0xB6, 0x15, 0x13, 0x1D,
    0x83, 0xDC, 0xD6, 0x34, 0x6B, 0x5F, 0x4A, 0x8B, 0xFF, 0x69, 0x60, 0x02, 0xFC, 0x83, 0xC9, 0x3E,
    0xAE, 0x20, 0x78, 0xFE, 0x60, 0x92, 0x3F, 0x31, 0x23, 0xB5, 0xD7, 0xDE, 0x63, 0xDF, 0x44, 0x44,
    0xE7, 0x36, 0x53, 0xF0, 0x53, 0xE3, 0xB2, 0xC7, 0x9D, 0x4B, 0x4D, 0xF7, 0x58, 0x65, 0x8D, 0xA6,
    0x10, 0x22, 0xD8, 0xA9, 0x9E, 0x43, 0x59, 0x65, 0x6E, 0xF4, 0x3D, 0x07, 0x98, 0xEF, 0xD4, 0x5B,
    0xF7, 0xD6, 0xAD, 0xF1, 0x1D, 0x46, 0x32, 0x9F, 0x94, 0x53, 0x0E, 0x51, 0xA5, 0xF9, 0xEF, 0xFE,
    0x38, 0x30, 0x23, 0xC0, 0xA7, 0xF7, 0xD2, 0xC2, 0x1A, 0xC4, 0x7E, 0xAB, 0xC2, 0xD6, 0x85, 0x7D,
    0x95, 0x3E, 0x36, 0xB1, 0xAA, 0xCE, 0xC2, 0x27, 0x16, 0xF5, 0xE6, 0x3A, 0x12, 0x79, 0xA4, 0x7E,
    0x6C, 0xCB, 0x40, 0x12, 0x2B, 0x5E, 0x5C, 0x54, 0x66, 0x4C, 0xFB, 0xB4, 0xF5, 0xFF, 0xDA, 0x5B,
    0xC8, 0x46, 0x6A, 0x1A, 0x7B, 0x0B, 0x69, 0x1D, 0x1F, 0xD7, 0xF6, 0x7D, 0x68, 0xA8, 0xF7, 0xAA,
    0xE2, 0x9E, 0x6E, 0x40, 0x4C, 0x74, 0x7A, 0xE7, 0x89, 0xDB, 0x81, 0x85, 0x30, 0x0C, 0xFA, 0x49,
    0xB3, 0xCD, 0xEF, 0x5D, 0xD9, 0xA9, 0xB7, 0x59, 0x3A, 0xE9, 0x12, 0x5C, 0xBF, 0xCF, 0xD9, 0x31,
    0x98, 0x71, 0xB7, 0xB2, 0x06, 0xBA, 0x4C, 0xB1, 0xDD, 0xE2, 0x34, 0x7E, 0x90, 0x0B, 0xE3, 0x14,
    0x4E, 0xCA, 0x8D, 0xE9, 0xF0, 0xEB, 0x66, 0x89, 0x2E, 0xC4, 0x3E, 0x8A, 0xF3, 0xC8, 0xB2, 0x7A,
    0x8E, 0x22, 0xE4, 0xAC, 0xB4, 0x79, 0x61, 0xDE, 0xA2, 0x55, 0x28, 0x0F, 0x28, 0x7A, 0x59, 0x90,
    0x18, 0xCB, 0x92, 0x03, 0x09, 0x67, 0x8D, 0x8C, 0x19, 0xE8, 0x1F, 0xCC, 0x68, 0xA7, 0xAB, 0xA3,
    0xD3, 0xFB, 0xFC, 0xC6, 0xD2, 0x46, 0x3A, 0xBE, 0xDA, 0x28, 0x59, 0xB8, 0xBD, 0xC0, 0x1E, 0x56,
    0xAD, 0xDF, 0x26, 0x62, 0xE7, 0xD4, 0xB2, 0x5A, 0xC2, 0x54, 0x17, 0x4E, 0x3A, 0x1D, 0x92, 0x2E,
    0xB1, 0x85, 0x6D, 0xE3, 0x21, 0xC4, 0xAE, 0xFD, 0xC0, 0x96, 0x3E, 0x1D, 0xA6, 0x62, 0x5C, 0xD5,
    0x81, 0x98, 0x55, 0x4D, 0x88, 0x07, 0x7E, 0x15, 0xAE, 0xC2, 0x67, 0xB1, 0x68, 0xCE, 0xC2, 0x38,
    0xF8, 0x7B, 0x44, 0x97, 0xDF, 0x04, 0x62, 0xF5, 0x34, 0x33, 0x9A, 0x9E, 0x44, 0x35, 0x8D, 0xA9,
    0x05, 0xF2, 0x5D, 0x17, 0xDF, 0x00, 0xF9, 0x26, 0xC8, 0x8F, 0xE0, 0xE0, 0x95, 0x1B, 0x0A, 0xCC,
    0x54, 0x1A, 0x15, 0xDC, 0x41, 0x1B, 0x2D, 0xDC, 0x7E, 0xBF, 0x9B, 0x46, 0x63, 0x59, 0x06, 0xC9,
    0x76, 0xA5, 0x3B, 0xD6, 0xF3, 0x3B, 0x17, 0xDF, 0x67, 0x42, 0xDF, 0x3E, 0x14, 0xF4, 0x69, 0x13,
    0x71, 0x15, 0x69, 0x46, 0x6E, 0xE7, 0xF2, 0xDC, 0xB9, 0xC2, 0xE8, 0x8B, 0xF7, 0xA6, 0x5B, 0x35,
    0x3A, 0x25, 0x68, 0x30, 0xE4, 0x7F, 0xC3, 0x2D, 0x51, 0x7C, 0x3D, 0x45, 0xA7, 0xBE, 0x55, 0x9A,
    0x97, 0xB6, 0x73, 0x6D, 0xA3, 0x7A, 0x12, 0x68, 0x36, 0x7F, 0xEE, 0x56, 0x21, 0xDF, 0x03, 0x56,
    0xAC, 0x5D, 0x81, 0x44, 0xCB, 0x0E, 0x57, 0x74, 0x78, 0x2D, 0x58, 0x27, 0x57, 0x78, 0x9D, 0x5C,
    0x31, 0xEB, 0x56, 0x8F, 0xD4, 0x76, 0xC0, 0x93, 0x90, 0xD4, 0xAA, 0xAB, 0xD2, 0xC3, 0xAA, 0x2B,
    0x9D, 0x0E, 0x86, 0xF5, 0x18, 0x2F, 0xB6, 0xAF, 0xF1, 0x9B, 0xC7, 0x7D, 0x92, 0xE2, 0x75, 0x26,
    0xA2, 0xA6, 0xCC, 0xE8, 0x70, 0x2A, 0xC9, 0x59, 0xD0, 0x16, 0xBA, 0x1E, 0x5B, 0x7D, 0x29, 0x9E,
    0xAD, 0xE2, 0x50, 0x96, 0xA3, 0x9C, 0x4E, 0xA4, 0x0F, 0xD9, 0x2A, 0xE9, 0xF3, 0xE6, 0x7E, 0x2F,
    0xFE, 0xB9, 0xB1, 0xF3, 0x15, 0x19, 0x23, 0x38, 0xD2, 0x31, 0xEE, 0xC8, 0x82, 0x43, 0xBE, 0x82,
    0x70, 0x10, 0x85, 0x27, 0xE6, 0xDB, 0xE2, 0xC6, 0xAE, 0x73, 0x3B, 0xF6, 0xB2, 0xEB, 0xEA, 0xF1,
    0x8B, 0xF4, 0x7D, 0x72, 0xB8, 0xA2, 0x77, 0x57, 0xCC, 0xF4, 0x8A, 0xDA, 0x5C, 0xC7, 0x15, 0x4C,
    0x83, 0xE9, 0x70, 0x45, 0x57, 0x00, 0xA1, 0x09, 0x38, 0x48, 0xBA, 0x89, 0x3B, 0x95, 0x0E, 0xF8,
    0xC6, 0xBA, 0x3F, 0x7B, 0xE7, 0x67, 0x09, 0x8A, 0x30, 0xEC, 0x44, 0x1A, 0x92, 0x08, 0x73, 0x7F,
    0x1E, 0x2C, 0x3F, 0x70, 0xA0, 0xA0, 0x81, 0xEE, 0x8D, 0x2C, 0xBE, 0x62, 0x95, 0x40, 0xB4, 0xE1,
    0x8D, 0x2E, 0x78, 0xA9, 0xC8, 0x12, 0x94, 0xDC, 0x3C, 0x8E, 0x97, 0x9A, 0x65, 0x63, 0xA8, 0x7D,
    0x7B, 0xDC, 0xB5, 0x3E, 0x67, 0x36, 0xF7, 0xB0, 0x1F, 0x32, 0x5F, 0xC0, 0xB4, 0x31, 0x70, 0x7B,
    0xBF, 0xE9, 0x37, 0x7E, 0xE3, 0x75, 0xC2, 0x65, 0x8A, 0xAC, 0xE4, 0x13, 0x11, 0x47, 0xA0, 0x1B,
    0xF4, 0xF5, 0x07, 0x34, 0x6D, 0x2E, 0xDE, 0x91, 0x1E, 0xF4, 0x26, 0xFE, 0xC0, 0x9A, 0xE2, 0x96,
    0x15, 0x1E, 0xD3, 0x8D, 0x3E, 0x9F, 0xE0, 0x98, 0x72, 0x84, 0xD1, 0x73, 0xCB, 0xAD, 0x01, 0x9D,
    0xF9, 0x3F, 0xE5, 0x58, 0x3D, 0x8F, 0xDC, 0x64, 0x10, 0x1E, 0xAF, 0x73, 0x18, 0xE1, 0xC2, 0x29,
    0x08, 0x45, 0x22, 0xE4, 0x86, 0x0E, 0x84, 0xDB, 0x34, 0xC8, 0x0E, 0xF9, 0x01, 0xA4, 0xB8, 0x6B,
    0xA8, 0x28, 0x91, 0x40, 0x4A, 0x43, 0x4B, 0xEC, 0x9F, 0x90, 0x1F, 0x40, 0x41, 0x89, 0xA0, 0x08,
    0x05, 0x1D, 0x24, 0x76, 0xA0, 0x4C, 0x63, 0xAA, 0x94, 0xAC, 0x90, 0x68, 0x92, 0xE2, 0x2C, 0x61,
    0x14, 0xE7, 0xB2, 0xF6, 0xF0, 0x3C, 0x33, 0xDE, 0xDB, 0xDD, 0x3B, 0x52, 0x04, 0x2E, 0x12, 0x07,
    0x3E, 0x79, 0x66, 0x6F, 0xFD, 0xEE, 0xBC, 0xF3, 0xF9, 0xBC, 0x33, 0x16, 0xC1, 0x75, 0x83, 0x64,
    0x31, 0x90, 0x86, 0xAB, 0x0D, 0x0D, 0x40, 0x2F, 0xDD, 0x90, 0x95, 0xBC, 0xA2, 0x5A, 0xF4, 0x92,
    0x1D, 0xD5, 0x7D, 0x27, 0xDA, 0xC4, 0xDA, 0x84, 0x2A, 0xA1, 0x56, 0xC9, 0x24, 0x81, 0x36, 0xE9,
    0x28, 0xA2, 0xCB, 0x1C, 0x6B, 0xEB, 0x8E, 0xB4, 0x1C, 0x6A, 0x48, 0x2A, 0x57, 0x75, 0x2F, 0x92,
    0xAF, 0x74, 0x43, 0xC7, 0x53, 0x74, 0x7E, 0xEA, 0xEB, 0xFD, 0xB7, 0x2E, 0xC7, 0x65, 0xBA, 0x7C,
    0xDB, 0xAB, 0xE0, 0xBE, 0xF8, 0x32, 0x3F, 0xA2, 0xD8, 0x08, 0xFA, 0x88, 0xE9, 0x66, 0x6A, 0xF6,
    0x6B, 0x8D, 0x8D, 0x2C, 0x4C, 0xF7, 0x95, 0x04, 0x07, 0x32, 0x48, 0xA6, 0xCB, 0x3E, 0xD0, 0x3B,
    0x53, 0x17, 0x4F, 0x0B, 0xA8, 0xBA, 0x12, 0x6D, 0xB1, 0x83, 0x76, 0xE5, 0x20, 0x75, 0x0F, 0x51,
    0xE5, 0x00, 0x15, 0xCA, 0xD5, 0x09, 0x62, 0x0F, 0x6C, 0x89, 0x2D, 0xB6, 0x9F, 0x51, 0x40, 0xB5,
    0xD0, 0x6F, 0x26, 0x68, 0x49, 0xB5, 0x21, 0x7E, 0xBE, 0x5C, 0x0B, 0x77, 0xDF, 0xEC, 0xB9, 0x35,
    0x0B, 0x9C, 0x89, 0x3F, 0x0B, 0x3A, 0x55, 0x95, 0x5A, 0x5B, 0x63, 0x93, 0xC4, 0xDA, 0xE2, 0x3B,
    0x58, 0xD3, 0x88, 0xBC, 0x54, 0x16, 0x82, 0x05, 0x64, 0xD8, 0x6F, 0x09, 0x86, 0x1B, 0x9F, 0x60,
    0x45, 0x84, 0xC7, 0x3A, 0x4A, 0x5A, 0xD0, 0xA8, 0x47, 0x30, 0x4D, 0x52, 0x55, 0x2A, 0xBB, 0x50,
    0xAC, 0xC5, 0xB5, 0xB7, 0xBF, 0x63, 0xE5, 0x5F, 0xE7, 0xC8, 0xB1, 0x81, 0xBD, 0x7D, 0xB3, 0x0C,
    0x3E, 0x91, 0xE0, 0x66, 0xA1, 0xFA, 0x3E, 0x44, 0x3B, 0x4D, 0xB4, 0xC8, 0xFF, 0x29, 0xAD, 0xCA,
    0x11, 0x1E, 0xFB, 0x11, 0xD2, 0x10, 0x7E, 0xD0, 0x50, 0x35, 0x87, 0x25, 0x3A, 0x90, 0xEE, 0x15,
    0xA6, 0x9E, 0xC8, 0x5B, 0x60, 0x71, 0x6B, 0x5A, 0x85, 0x43, 0x6C, 0x0A, 0x69, 0x6D, 0xA6, 0x94,
    0x96, 0x33, 0x92, 0x4E, 0xA6, 0x6A, 0x3C, 0xC8, 0xE9, 0x2B, 0x76, 0x63, 0x92, 0x99, 0xF9, 0xCA,
    0x4C, 0x8D, 0xE5, 0x6B, 0x56, 0x91, 0x7D, 0x4F, 0xC7, 0x8A, 0xFC, 0xEE, 0x5E, 0xFA, 0x15, 0x1A,
    0x60, 0xF7, 0x9F, 0xB5, 0xE3, 0xB6, 0x8D, 0x5A, 0x42, 0x36, 0x4C, 0x6B, 0x89, 0x8B, 0x92, 0xD2,
    0x12, 0xA4, 0xBC, 0xB1, 0x8C, 0x42, 0xDF, 0x75, 0xA1, 0xB9, 0x5A, 0x1E, 0x93, 0x41, 0xDA, 0x77,
    0x9B, 0x68, 0xB5, 0x1E, 0xAD, 0x4E, 0x16, 0x0C, 0x13, 0xC2, 0xB8, 0x04, 0x1B, 0xE0, 0x4B, 0xAE,
    0x6D, 0x66, 0xE6, 0x59, 0xD7, 0xC8, 0x67, 0x12, 0x76, 0x8C, 0xCB, 0x98, 0x60, 0xF7, 0xBA, 0x6C,
    0x28, 0xB0, 0x98, 0xB5, 0x37, 0x83, 0x82, 0x2F, 0x77, 0x8C, 0xB4, 0xC4, 0xAD, 0xA1, 0x71, 0x74,
    0x54, 0xAF, 0x24, 0xED, 0xA0, 0x51, 0xDE, 0x25, 0xEA, 0x24, 0x6B, 0xE1, 0xEE, 0x3D, 0xFA, 0x5C,
    0x82, 0x1A, 0xA4, 0x3C, 0xD4, 0x22, 0x9A, 0xF0, 0x6F, 0x36, 0x80, 0x94, 0x58, 0x52, 0xE8, 0x86,
    0xF4, 0x20, 0x35, 0xB4, 0xFF, 0xA2, 0xD4, 0x87, 0x3A, 0xA4, 0x08, 0xF5, 0x32, 0xD8, 0x97, 0x4B,
    0xF2, 0xBA, 0x04, 0x45, 0x2E, 0x71, 0x93, 0xB6, 0x65, 0x15, 0x4F, 0x13, 0xB2, 0xC9, 0xAA, 0x1A,
    0x9A, 0x35, 0xC7, 0x6A, 0xD0, 0x04, 0xDE, 0x34, 0x4C, 0xE8, 0xB1, 0x33, 0xBA, 0x29, 0x6F, 0x2D,
    0x9B, 0xFB, 0xBC, 0x23, 0x61, 0x91, 0x17, 0x69, 0x95, 0x2E, 0x4B, 0x89, 0x8F, 0x98, 0x36, 0xDC,
    0x0F, 0xBA, 0x94, 0x08, 0xDD, 0xE5, 0x62, 0xCB, 0x2F, 0xDF, 0x8A, 0xDC, 0xEC, 0xE5, 0x0A, 0x64,
    0x64, 0x26, 0xE7, 0xC5, 0xF7, 0x4E, 0x10, 0x1A, 0xDE, 0xF2, 0xAA, 0xC8, 0x6D, 0x64, 0x4E, 0x11,
    0x62, 0x9F, 0xA4, 0xCB, 0xA0, 0x48, 0x38, 0x59, 0xFA, 0xE9, 0x68, 0xA9, 0x68, 0xC9, 0x97, 0x2E,
    0x37, 0x9B, 0x1B, 0x94, 0xBD, 0x62, 0xE9, 0x90, 0x19, 0xC4, 0x19, 0xDC, 0x39, 0xF4, 0xFD, 0x4B,
    0x60, 0x16, 0xD7, 0x12, 0xDE, 0x04, 0xB2, 0xF2, 0xB7, 0x21, 0x84, 0xE5, 0xBF, 0xD0, 0x3C, 0xBA,
    0x39, 0xE2, 0xC2, 0xD0, 0x2A, 0xE4, 0xAB, 0xD3, 0xC9, 0x06, 0x10, 0xC6, 0x0E, 0x77, 0x50, 0xBE,
    0xC4, 0xD0, 0xB3, 0x07, 0xE1, 0x1B, 0x2C, 0x7C, 0x2A, 0x96, 0xB1, 0x36, 0xCB, 0x6B, 0xA6, 0x47,
    0xFA, 0xD8, 0xAA, 0x38, 0xB6, 0x9A, 0x34, 0x04, 0x34, 0x2C, 0x38, 0x55, 0xF3, 0xC4, 0x62, 0x2B,
    0x2A, 0x63, 0x84, 0xE4, 0xBD, 0xFE, 0x9C, 0x40, 0x32, 0x93, 0x3B, 0x66, 0x29, 0xE1, 0x0F, 0xCB,
    0x1A, 0xAB, 0xF8, 0x27, 0x06, 0x7D, 0x6E, 0xB5, 0xFF, 0xA0, 0x36, 0xC4, 0xBA, 0x7C, 0xD2, 0xF0,
    0x0F, 0x45, 0x3E, 0x06, 0x0E, 0x5C, 0xAB, 0x09, 0xD2, 0xD7, 0xB9, 0x25, 0x0A, 0xFC, 0xA5, 0x80,
    0x74, 0x63, 0x20, 0xDD, 0xCC, 0x20, 0x8D, 0xEA, 0x1C, 0x4F, 0xB3, 0xDD, 0x0B, 0x07, 0xB7, 0x27,
    0x14, 0xE1, 0x0C, 0x8C, 0x08, 0x3E, 0xFF, 0x37, 0x3F, 0x3B, 0x15, 0xC3, 0xF5, 0xB1, 0x8A, 0x24,
    0xA1, 0x4F, 0xCF, 0x43, 0x0C, 0x0D, 0x2A, 0x76, 0xE8, 0xF6, 0x75, 0x8F, 0xE9, 0x8C, 0x74, 0xAF,
    0x29, 0xBA, 0xE1, 0x61, 0x60, 0x9F, 0xFD, 0xFB, 0x9D, 0x1A, 0xC3, 0x71, 0xFB, 0xA9, 0xAC, 0x8F,
    0xDB, 0xEB, 0x67, 0x75, 0xDC, 0xD6, 0x8C, 0xE4, 0x43, 0x8F, 0x24, 0x9A, 0x95, 0x50, 0x27, 0x8B,
    0x64, 0xBF, 0x15, 0x49, 0x01, 0xD2, 0xDB, 0xE5, 0x27, 0xA5, 0x03, 0x00, 0xAA, 0xDC, 0x58, 0xEA,
    0x27, 0x6C, 0x6E, 0x06, 0xCB, 0x7B, 0x46, 0x7F, 0xC0, 0xA1, 0x60, 0xEB, 0xF2, 0xEE, 0x24, 0x9B,
    0x9F, 0x9D, 0x8A, 0x6B, 0xAE, 0xDD, 0xCC, 0xCE, 0x4D, 0x5C, 0x45, 0x2E, 0x6E, 0x5A, 0xA3, 0xD0,
    0xD2, 0x3B, 0xB2, 0xCF, 0x89, 0xF5, 0x23, 0xA9, 0x2D, 0xF5, 0x24, 0x7E, 0xF3, 0x9C, 0x44, 0xFA,
    0xA2, 0x04, 0x0E, 0xB1, 0x09, 0x63, 0x54, 0x56, 0x35, 0xBF, 0x4E, 0x9F, 0x8C, 0x0E, 0xB1, 0xDE,
    0x15, 0x3A, 0xE6, 0x88, 0x23, 0xED, 0x20, 0x49, 0xF5, 0xBC, 0x48, 0xFB, 0xB3, 0xFF, 0x42, 0xA4,
    0x3F, 0x92, 0x05, 0x56, 0x60, 0x5D, 0xB3, 0x76, 0x4A, 0xFA, 0x8C, 0x3E, 0x89, 0xAC, 0x05, 0x0C,
    0xB6, 0xF1, 0xF7, 0xBC, 0xD4, 0xF4, 0x9E, 0x2B, 0x90, 0x79, 0x2D, 0xE6, 0x1E, 0xD3, 0x7C, 0xD8,
    0xAE, 0xEC, 0xC0, 0x3B, 0x69, 0x49, 0xE5, 0xFF, 0x13, 0xE9, 0xC0, 0x47, 0x02, 0xFB, 0x26, 0xE9,
    0x36, 0xC5, 0xEC, 0x85, 0x1D, 0xF8, 0x19, 0x76, 0x4B, 0xCE, 0x51, 0x4D, 0x07, 0x05, 0xD1, 0x3B,
    0x5C, 0xCA, 0x5D, 0xEA, 0x1F, 0xD1, 0xE4, 0xFA, 0x70, 0x69, 0xED, 0x5A, 0x65, 0x55, 0xBD, 0x35,
    0xC7, 0x7A, 0x66, 0x1C, 0x58, 0xEC, 0xF5, 0x29, 0x5D, 0xF4, 0x35, 0x16, 0xB1, 0x4D, 0xAB, 0xE8,
    0xD8, 0xBC, 0x8A, 0x91, 0x12, 0x79, 0xC5, 0xD9, 0x2A, 0xAB, 0x38, 0xE9, 0xA4, 0x55, 0xBE, 0xDA,
    0x74, 0xBA, 0x36, 0x09, 0x59, 0x93, 0xBC, 0x45, 0x0F, 0x0E, 0xF6, 0x41, 0x55, 0xD9, 0xED, 0xD5,
    0x3A, 0xC0, 0xE7, 0x08, 0x4E, 0x6D, 0x14, 0x23, 0x13, 0x68, 0xCE, 0xF6, 0xA1, 0x4D, 0xD9, 0x97,
    0x72, 0x2A, 0x01, 0x0D, 0xD9, 0xA6, 0xB6, 0xE8, 0x26, 0x48, 0x33, 0x3D, 0x54, 0xBA, 0xD8, 0x82,
    0x65, 0xBA, 0x15, 0x84, 0xA9, 0x0E, 0x07, 0x89, 0x8C, 0x0B, 0xEC, 0x52, 0x7E, 0xD0, 0xD1, 0x98,
    0x86, 0x87, 0x6B, 0xC5, 0x9A, 0x3C, 0x7E, 0x39, 0xB0, 0x31, 0x69, 0x5F, 0x2E, 0x40, 0x85, 0xEA,
    0x56, 0xA4, 0xF5, 0xB3, 0x29, 0x19, 0x62, 0x1D, 0xB3, 0x3E, 0xE2, 0x40, 0x64, 0x19, 0xBC, 0x26,
    0x19, 0x49, 0xDA, 0xA3, 0x33, 0x8E, 0x47, 0xF4, 0xA1, 0xD8, 0x13, 0x51, 0x3D, 0x9C, 0x0A, 0x47,
    0xC3, 0xAC, 0xF5, 0x71, 0xE6, 0xA9, 0x4D, 0x72, 0x6D, 0x06, 0x82, 0xE9, 0x48, 0xA9, 0x25, 0xAC,
    0x4B, 0x2B, 0xF4, 0xB2, 0x25, 0x3C, 0xB2, 0xC2, 0xFE, 0xC9, 0x40, 0xD2, 0x41, 0x9D, 0xAC, 0x2D,
    0x97, 0xA8, 0xA3, 0x8C, 0xEA, 0x2F, 0xF4, 0xA8, 0x38, 0x7E, 0x8F, 0x30, 0x7B, 0x3C, 0x52, 0xD9,
    0xE9, 0x5B, 0xBD, 0x0E, 0xD3, 0x59, 0xFD, 0xBB, 0xCE, 0x2E, 0x6C, 0x2C, 0xA9, 0xE9, 0x1A, 0x6D,
    0x6A, 0xED, 0xC8, 0x22, 0x48, 0x7D, 0xE3, 0x0F, 0xFC, 0x7A, 0xF4, 0xDC, 0xD7, 0x99, 0x35, 0x64,
    0x87, 0x70, 0x1E, 0xD8, 0x03, 0xC8, 0x04, 0xFB, 0x09, 0xB3, 0x19, 0xD8, 0x7D, 0x9D, 0xC8, 0x20,
    0xA0, 0x20, 0x43, 0x9A, 0x90, 0x25, 0xDA, 0x91, 0x41, 0x1C, 0xD9, 0x42, 0x47, 0x32, 0x38, 0xCC,
    0x58, 0xEE, 0x2C, 0x75, 0x16, 0x3B, 0x0B, 0x9D, 0x05, 0xCE, 0x38, 0xF4, 0x5D, 0xF9, 0xAD, 0x20,
    0x18, 0xF0, 0x47, 0x89, 0xB3, 0xA8, 0x5B, 0x5B, 0x1B, 0xF6, 0x5B, 0xEF, 0x13, 0x0C, 0x5C, 0x16,
    0x6E, 0xB7, 0x63, 0xA6, 0x79, 0xD6, 0x97, 0xB3, 0x6A, 0x4F, 0x5C, 0xC5, 0x25, 0x78, 0xED, 0xE6,
    0x7D, 0xE5, 0xCC, 0xF6, 0x00, 0x56, 0x70, 0x12, 0x9D, 0xE4, 0x6D, 0xF6, 0x9A, 0x9E, 0x32, 0x9B,
    0xC4, 0xF9, 0xDB, 0x34, 0x47, 0x7A, 0x6A, 0xE7, 0x54, 0xE4, 0x80, 0xE3, 0x99, 0x4E, 0x45, 0xA0,
    0x8F, 0x74, 0x89, 0x08, 0x65, 0xCB, 0x64, 0x04, 0xC9, 0x30, 0x46, 0x73, 0x32, 0x03, 0x19, 0xE5,
    0xB5, 0xDB, 0xB9, 0xCF, 0xF6, 0xAD, 0xAD, 0xB5, 0xCE, 0x6E, 0xC9, 0x2A, 0x1C, 0x59, 0x3B, 0x88,
    0x7C, 0x3E, 0xFF, 0xCF, 0x11, 0x94, 0xB9, 0x1B, 0x71, 0x38, 0x16, 0x65, 0x8E, 0x60, 0xE8, 0x29,
    0x38, 0xA8, 0x81, 0xF4, 0xF0, 0x40, 0xD9, 0xD5, 0x70, 0x76, 0x5B, 0x1E, 0xDD, 0xD1, 0x22, 0x56,
    0x16, 0xCE, 0xDE, 0xF1, 0x4B, 0x27, 0x4E, 0x96, 0xFE, 0xA2, 0xC2, 0x48, 0xBC, 0x79, 0xF3, 0x45,
    0x97, 0xC6, 0x74, 0x56, 0x54, 0x6C, 0x4D, 0x97, 0xC8, 0xD9, 0x2A, 0x39, 0xBA, 0xD3, 0xE5, 0x6D,
    0x02, 0xA9, 0x71, 0xA7, 0x6D, 0xD4, 0xD9, 0x24, 0x0C, 0x65, 0xE0, 0xB8, 0x82, 0x5A, 0x01, 0xF8,
    0x7A, 0xAB, 0xA7, 0x2B, 0xBA, 0x1A, 0xA1, 0xC7, 0x04, 0xD9, 0x6A, 0x39, 0x9B, 0x75, 0xB0, 0xB8,
    0x49, 0x69, 0xCE, 0xC1, 0x2C, 0x95, 0xA9, 0x4F, 0x8C, 0x5F, 0xDF, 0x09, 0xB6, 0x8C, 0x5A, 0xEF,
    0x6B, 0xAE, 0xAE, 0x73, 0x92, 0x55, 0x30, 0x53, 0x94, 0x7C, 0xB8, 0x43, 0xEF, 0x81, 0x2E, 0x86,
    0xCF, 0x41, 0x83, 0xFE, 0x14, 0x38, 0x9C, 0x1D, 0x0D, 0x88, 0x57, 0x74, 0x7A, 0xB7, 0xA6, 0x3B,
    0x97, 0x55, 0xF0, 0x7C, 0xCC, 0x6D, 0x53, 0xC7, 0xF8, 0x68, 0xAB, 0x55, 0xBB, 0xBA, 0x75, 0x86,
    0x15, 0x76, 0xF3, 0x1C, 0x5C, 0xE0, 0xE6, 0xDC, 0xCC, 0x09, 0xD8, 0x67, 0x48, 0xB5, 0xB7, 0x27,
    0x2F, 0x76, 0x57, 0x28, 0x9F, 0xC7, 0x80, 0x52, 0x45, 0x6A, 0xF1, 0xA5, 0xEB, 0xF3, 0x7C, 0xCC,
    0xA3, 0x75, 0xD7, 0xC7, 0x7F, 0x02, 0x7D, 0x50, 0x31, 0x4E, 0xC5, 0x30, 0x0C, 0x7D, 0xFD, 0xFD,
    0xA2, 0x88, 0x0E, 0x66, 0x64, 0xCB, 0xCC, 0x00, 0x59, 0x18, 0x18, 0xD0, 0x4F, 0x24, 0x06, 0x4E,
    0x55, 0x25, 0xC7, 0x62, 0x41, 0xB5, 0xC4, 0x05, 0xC2, 0x0D, 0x8A, 0xC4, 0x01, 0x32, 0x04, 0xA9,
    0x43, 0x8A, 0x71, 0x5B, 0xC1, 0x06, 0x8E, 0x65, 0xD9, 0xCF, 0xCE, 0xD3, 0xD3, 0x1B, 0x20, 0x5E,
    0x38, 0x4C, 0xB6, 0x74, 0x15, 0x0B, 0x6E, 0x71, 0xC4, 0xD0, 0x48, 0x2B, 0xFD, 0x42, 0xB3, 0x4B,
    0x01, 0xCF, 0xB8, 0x04, 0x6C, 0x04, 0x42, 0x02, 0x24, 0xA3, 0x95, 0x8A, 0xFE, 0x73, 0x01, 0xE9,
    0xCE, 0x81, 0xF8, 0x1C, 0x07, 0xAC, 0xD1, 0xCE, 0x0D, 0x93, 0x3C, 0xB1, 0x15, 0x61, 0x27, 0x12,
    0x07, 0x23, 0xB8, 0x6B, 0x2A, 0x44, 0xF2, 0x9E, 0xEB, 0xD1, 0x03, 0x5A, 0x5E, 0x3F, 0x99, 0x14,
    0x3C, 0x89, 0x6C, 0x64, 0x18, 0x27, 0xE5, 0x1F, 0xB3, 0x1E, 0xE5, 0x31, 0xDB, 0x68, 0xA3, 0xD1,
    0x69, 0x9F, 0x77, 0x6C, 0x47, 0xAF, 0xE1, 0x92, 0x2B, 0x6E, 0x3E, 0xAB, 0xA8, 0x87, 0x42, 0xD3,
    0x05, 0xFA, 0x19, 0x4E, 0xF0, 0x62, 0x62, 0xE9, 0x38, 0xB7, 0xAC, 0x55, 0x7B, 0x45, 0x14, 0x47,
    0x31, 0x68, 0x6B, 0xF0, 0x5D, 0x1D, 0x7D, 0x5F, 0x04, 0xF4, 0x5E, 0x61, 0x5E, 0x0B, 0xEC, 0xE3,
    0x84, 0x53, 0xC7, 0xB8, 0x52, 0xD1, 0x47, 0x34, 0x38, 0xA1, 0x67, 0xC3, 0xCE, 0xF7, 0xF9, 0x6B,
    0x13, 0xD3, 0x48, 0xD9, 0x04, 0xC1, 0x31, 0x8C, 0x77, 0xEC, 0xD8, 0x32, 0x31, 0x45, 0xC2, 0x0D,
    0x74, 0xF3, 0xB7, 0xD0, 0x22, 0xE5, 0x47, 0x28, 0xB1, 0xCB, 0xEB, 0xA3, 0xDC, 0x25, 0xEB, 0xEF,
    0x57, 0x6F, 0x78, 0xCB, 0x0F, 0x74, 0xA2, 0xEC, 0x71, 0x25, 0x0F, 0x6A, 0x12, 0xEC, 0x8C, 0x26,
    0x81, 0x14, 0x50, 0x58, 0xDD, 0xD5, 0x7C, 0x53, 0xC3, 0x10, 0x04, 0xA6, 0x68, 0xB3, 0xC7, 0x7F,
    0xC6, 0xFD, 0xBA, 0xFB, 0x0D, 0xDD, 0x5B, 0xBF, 0x8F, 0xDD, 0xC6, 0x11, 0x5E, 0x92, 0xBE, 0xA3,
    0x23, 0x02, 0xA6, 0x0B, 0xD9, 0x71, 0xA2, 0xD8, 0x54, 0xA1, 0x22, 0x70, 0x22, 0xB1, 0x71, 0x11,
    0x03, 0x92, 0x48, 0xC9, 0x65, 0x9A, 0x2B, 0x6C, 0x20, 0x81, 0x8B, 0xA4, 0x70, 0x11, 0xC3, 0x85,
    0x5C, 0xA4, 0x50, 0x00, 0x25, 0xA4, 0xE3, 0x3F, 0x20, 0x07, 0xA4, 0x4D, 0xA1, 0x74, 0x01, 0x5C,
    0xD8, 0x85, 0x0B, 0x01, 0x71, 0x6E, 0x69, 0x1B, 0x48, 0x8A, 0x34, 0x0C, 0x02, 0x24, 0x5D, 0x42,
    0x04, 0xAA, 0x2C, 0x20, 0xA6, 0x6D, 0x22, 0xA6, 0x0C, 0x92, 0x9B, 0xF9, 0x66, 0x48, 0x3E, 0xBE,
    0x7B, 0xEF, 0x9D, 0x9E, 0x2C, 0xDD, 0xF3, 0x3B, 0x3F, 0x1C, 0x66, 0x25, 0xFE, 0xDC, 0xF9, 0xBE,
    0xD9, 0xD9, 0x99, 0xDD, 0xA1, 0x52, 0x5E, 0xA3, 0xF0, 0xF3, 0xFB, 0xA6, 0xE3, 0x26, 0x34, 0xDC,
    0x44, 0x43, 0x93, 0xA2, 0xF9, 0xA3, 0xC9, 0xD0, 0x7C, 0x66, 0x72, 0x34, 0x9F, 0x9A, 0x82, 0xA4,
    0xFD, 0x37, 0x53, 0x52, 0xE3, 0x64, 0xA6, 0xE2, 0x46, 0xD7, 0xD4, 0x78, 0x69, 0x82, 0xA7, 0xF9,
    0x71, 0xD4, 0xA2, 0x51, 0x11, 0x1E, 0x7A, 0x41, 0x05, 0x86, 0x9F, 0x65, 0x4C, 0x2C, 0x0D, 0x3D,
    0xED, 0x96, 0xF2, 0xD0, 0x54, 0xCA, 0xC1, 0x43, 0x4B, 0x6A, 0x4A, 0x65, 0x17, 0xCA, 0xA6, 0xC6,
    0x2D, 0x94, 0x65, 0x6A, 0x65, 0x0C, 0xAE, 0xCD, 0xFA, 0x46, 0x2D, 0xFF, 0x85, 0xDC, 0x3F, 0xC5,
    0x3D, 0xA2, 0xA6, 0x9C, 0x6B, 0x8A, 0xC9, 0x25, 0xD6, 0x4B, 0x24, 0x34, 0x1D, 0x72, 0xBF, 0xD0,
    0x8D, 0x0A, 0xCA, 0xB0, 0x53, 0x51, 0xE9, 0x1B, 0x11, 0x61, 0xEE, 0x9B, 0x78, 0x47, 0x91, 0x50,
    0x96, 0x26, 0x91, 0x7C, 0x6C, 0x62, 0xB7, 0xA3, 0xFF, 0x86, 0x35, 0x89, 0x84, 0x2E, 0x89, 0xCD,
    0x4C, 0x54, 0x24, 0x34, 0x69, 0xF1, 0xBB, 0xC4, 0xFC, 0xD3, 0xD4, 0x81, 0xB9, 0x62, 0x0A, 0xEB,
    0x45, 0xF5, 0xC4, 0xB4, 0x5B, 0x76, 0x3D, 0x20, 0xEA, 0x9B, 0x51, 0x74, 0xC3, 0x09, 0xB5, 0x23,
    0x57, 0xF9, 0xC5, 0x12, 0x02, 0x76, 0x05, 0x79, 0x15, 0xC9, 0x83, 0xE4, 0x9C, 0x53, 0x2C, 0xD1,
    0xFD, 0x10, 0x7F, 0xED, 0x1A, 0xFC, 0x71, 0xF3, 0x9F, 0x23, 0xF8, 0x8B, 0x85, 0x3F, 0xD5, 0xF3,
    0x17, 0x0A, 0x7F, 0xE1, 0x22, 0x7F, 0xEF, 0x2A, 0x17, 0x4D, 0xC9, 0xFC, 0x59, 0x3D, 0x7F, 0xF9,
    0xBD, 0xF8, 0xF3, 0x8A, 0xA1, 0xDF, 0xAC, 0xAD, 0xE8, 0xCA, 0x9A, 0xFE, 0x6A, 0x50, 0xD6, 0x29,
    0xE7, 0x94, 0x3C, 0x46, 0xDE, 0xAE, 0x4E, 0x79, 0x3B, 0x2D, 0x6F, 0x43, 0xAF, 0xAC, 0x7D, 0xA7,
    0xE3, 0x6E, 0x7A, 0x2D, 0x03, 0xEA, 0x97, 0xDC, 0x85, 0x3F, 0xA3, 0x87, 0x46, 0x43, 0x03, 0xB7,
    0xF6, 0x98, 0xE0, 0x5C, 0xFD, 0x89, 0x9A, 0x6F, 0x28, 0xF5, 0xD4, 0x6A, 0x5A, 0xD6, 0x1E, 0x56,
    0xC7, 0x49, 0x8B, 0x75, 0x04, 0x2D, 0x16, 0xBF, 0xA8, 0x91, 0x9E, 0x3B, 0x95, 0x5F, 0x51, 0xD7,
    0xC3, 0x9C, 0x1E, 0xFE, 0x18, 0xB4, 0xCE, 0xE8, 0xA6, 0x84, 0x6E, 0xAE, 0xDD, 0x86, 0x46, 0x37,
    0xD1, 0x64, 0x29, 0xF5, 0xE8, 0xE6, 0xB8, 0xB1, 0xFA, 0x91, 0xC2, 0x08, 0xD1, 0x2B, 0xAC, 0x7D,
    0x86, 0x96, 0x31, 0xB6, 0x1B, 0x41, 0xF5, 0x9C, 0x66, 0x3D, 0x36, 0xCE, 0x4D, 0xFA, 0x10, 0xB9,
    0xC9, 0x97, 0x70, 0x73, 0x81, 0xFB, 0x93, 0x70, 0x3F, 0x12, 0xEE, 0x46, 0x54, 0x46, 0xF4, 0x38,
    0xAF, 0xE2, 0xBE, 0x7D, 0xCA, 0x9D, 0xF1, 0x0C, 0xDE, 0x1E, 0x7C, 0x8E, 0xD7, 0x25, 0x69, 0xC2,
    0x9E, 0x95, 0x98, 0x56, 0x8F, 0x2B, 0x95, 0x8E, 0x6A, 0x3F, 0xB1, 0x47, 0xE2, 0x8C, 0x41, 0xCF,
    0xF4, 0x5B, 0x4C, 0xA9, 0x4D, 0x0A, 0x39, 0x06, 0x9E, 0x92, 0x6C, 0x9D, 0xA4, 0x45, 0x2F, 0x87,
    0x52, 0x16, 0x24, 0xF1, 0x45, 0x32, 0xB8, 0x0B, 0x69, 0x72, 0x03, 0x1F, 0x9D, 0x92, 0xF4, 0x0C,
    0xAE, 0xF1, 0xE7, 0xA4, 0x1C, 0x37, 0xE6, 0x6E, 0xE6, 0x98, 0x36, 0x31, 0x29, 0xDD, 0x0F, 0x00,
    0x9E, 0x88, 0xAD, 0x3D, 0x7E, 0xF3, 0x2F, 0xA4, 0x03, 0x5A, 0xC6, 0xBF, 0x16, 0x37, 0xA6, 0x4B,
    0x1E, 0x65, 0x2E, 0xF7, 0xBF, 0x46, 0x6F, 0x09, 0xB5, 0x30, 0x63, 0x63, 0xFA, 0xB1, 0x30, 0x99,
    0x0B, 0x93, 0x25, 0x33, 0x69, 0x35, 0xC2, 0xE4, 0xB9, 0x29, 0x93, 0xF5, 0x32, 0xE7, 0xD7, 0xCD,
    0x33, 0x19, 0xDF, 0xDB, 0xF9, 0x95, 0xAB, 0x47, 0x59, 0xB4, 0x9C, 0xC9, 0x14, 0x4C, 0x7A, 0xC2,
    0xA4, 0xBB, 0xCC, 0xF9, 0xD9, 0x2B, 0x27, 0xAF, 0x00, 0x94, 0x84, 0x78, 0x65, 0x88, 0x17, 0x9E,
    0xE1, 0xCE, 0x63, 0xD0, 0x91, 0xF0, 0x1B, 0xB7, 0xA2, 0x77, 0xD1, 0xFD, 0xDA, 0xBC, 0xBF, 0xD9,
    0x41, 0xF7, 0x07, 0x0C, 0xBA, 0x0A, 0x83, 0x2E, 0x9F, 0x9F, 0xC8, 0x0E, 0xD4, 0xD3, 0x80, 0xC7,
    0x14, 0x37, 0xD8, 0xD2, 0xD8, 0xD4, 0xFC, 0xAB, 0x6C, 0x28, 0x8F, 0xD1, 0xBB, 0x26, 0x74, 0xB8,
    0xF5, 0x74, 0x28, 0x89, 0xCA, 0x8E, 0x49, 0x70, 0xA5, 0x7F, 0xDB, 0x06, 0x9E, 0xA7, 0x94, 0xFA,
    0xFE, 0x09, 0xF6, 0x92, 0x18, 0x5E, 0xFB, 0xE7, 0x89, 0x5B, 0x02, 0xC1, 0x35, 0x74, 0x85, 0x9B,
    0x5E, 0x1B, 0x00, 0x70, 0xD1, 0x89, 0xA0, 0x1B, 0xBA, 0x6C, 0x30, 0xAA, 0xE0, 0xA2, 0xBC, 0x9C,
    0x10, 0xDC, 0xAC, 0xBF, 0xEC, 0x3B, 0x43, 0xDD, 0x69, 0xA7, 0x63, 0xC0, 0x30, 0x78, 0x4E, 0x1B,
    0xB0, 0x6B, 0x2C, 0xAC, 0x9E, 0x90, 0xEF, 0x3C, 0x04, 0x42, 0x4E, 0x64, 0x34, 0xC8, 0x41, 0x06,
    0x6B, 0x3C, 0xA3, 0x4D, 0x93, 0x41, 0x5B, 0x35, 0x39, 0x25, 0x0A, 0xB6, 0x1A, 0x65, 0xC5, 0xEA,
    0xEC, 0xF1, 0xD3, 0x76, 0xFF, 0xA1, 0x23, 0xA6, 0x0A, 0x99, 0x0A, 0x85, 0x92, 0x72, 0xE2, 0x5F,
    0x2D, 0xA1, 0xC9, 0xE1, 0x0B, 0x6D, 0x27, 0x87, 0xBF, 0xF4, 0x32, 0xF5, 0x1E, 0x8E, 0x55, 0x6C,
    0x17, 0xB6, 0x11, 0x34, 0x64, 0xC6, 0x54, 0x67, 0xDA, 0x7B, 0x87, 0x95, 0xDB, 0x3E, 0x32, 0x39,
    0x42, 0x08, 0xD0, 0x91, 0x08, 0xEF, 0xE7, 0x99, 0x83, 0x8F, 0x9B, 0x1E, 0x0A, 0xEB, 0xCD, 0xE2,
    0x9C, 0x72, 0xF2, 0xF8, 0x3D, 0x42, 0x70, 0xB7, 0x96, 0xE1, 0xA9, 0x12, 0xF4, 0xD9, 0xEB, 0x36,
    0x1F, 0x6A, 0x0A, 0x89, 0xB6, 0xBC, 0xD9, 0x96, 0xD1, 0xA9, 0x7A, 0x83, 0x8E, 0xC4, 0x44, 0x79,
    0x5E, 0x54, 0xB6, 0x2A, 0xB7, 0x80, 0xBF, 0xE3, 0x8E, 0x71, 0x24, 0xEE, 0x3E, 0x60, 0x10, 0x80,
    0x85, 0x46, 0xC7, 0x22, 0x74, 0x2B, 0x28, 0x7A, 0x28, 0xAC, 0x37, 0xCA, 0x2D, 0xE2, 0xEF, 0x94,
    0x30, 0xE6, 0x57, 0xD3, 0xB8, 0xC3, 0x17, 0x58, 0x2D, 0x2D, 0x1D, 0xB9, 0x2C, 0xE3, 0xAF, 0x81,
    0x03, 0xF1, 0x3E, 0xD8, 0x5F, 0xC2, 0x9F, 0x59, 0x9F, 0xBF, 0x2D, 0x4F, 0xEB, 0x38, 0x95, 0xF5,
    0xAA, 0xB9, 0xB4, 0x6E, 0xC7, 0x0C, 0x28, 0x20, 0x72, 0xB3, 0xAE, 0x16, 0x67, 0x89, 0x3F, 0x05,
    0xFE, 0xDC, 0x19, 0x7F, 0xD9, 0x57, 0xC3, 0x5F, 0xFF, 0xD3, 0x34, 0x97, 0x23, 0x42, 0x91, 0x90,
    0x06, 0xF3, 0x39, 0x35, 0x96, 0x9E, 0x84, 0x34, 0x76, 0xAC, 0x9E, 0x93, 0xF1, 0xD7, 0x7C, 0xAD,
    0xFD, 0x27, 0x47, 0x36, 0xF1, 0xD3, 0x88, 0xFC, 0x2F, 0x09, 0x20, 0xEE, 0xFB, 0xF4, 0x6E, 0x57,
    0x05, 0x3D, 0x18, 0x76, 0x4A, 0x40, 0xD0, 0x9C, 0xB8, 0x15, 0xFC, 0xD9, 0x8A, 0xA7, 0xE5, 0xE5,
    0x5E, 0xD1, 0x1C, 0x03, 0x2B, 0x27, 0x32, 0xBC, 0xE1, 0x28, 0x20, 0x53, 0x37, 0x40, 0x5B, 0x4D,
    0x79, 0x32, 0x50, 0x9A, 0xD0, 0xB6, 0x04, 0x9F, 0x2D, 0x8A, 0x71, 0xE8, 0x56, 0xD3, 0xB1, 0x20,
    0xB4, 0x2C, 0x08, 0x75, 0x48, 0x1C, 0x40, 0x9C, 0x66, 0x2C, 0x49, 0x04, 0xA3, 0x08, 0x61, 0xBF,
    0x66, 0x10, 0xFC, 0xDF, 0xC9, 0x59, 0x35, 0x13, 0xD1, 0x28, 0x12, 0x64, 0x70, 0xE8, 0x6D, 0xFF,
    0x5B, 0x8E, 0x39, 0x27, 0xAC, 0x66, 0x14, 0xFC, 0x5F, 0x9C, 0x60, 0xD4, 0x42, 0x03, 0x26, 0xDF,
    0x6E, 0x69, 0x38, 0xD8, 0x46, 0x05, 0x0D, 0xCD, 0xE6, 0x11, 0x11, 0x9A, 0x53, 0xF2, 0x63, 0x0A,
    0x4D, 0xA2, 0x34, 0x15, 0x31, 0x8D, 0xA7, 0xF7, 0x02, 0x36, 0xC4, 0x1E, 0x47, 0xB7, 0x12, 0xA2,
    0x5B, 0x45, 0x68, 0xBE, 0x78, 0xBB, 0x40, 0x22, 0x9D, 0xD9, 0xDC, 0x8B, 0x90, 0xF3, 0xF0, 0x97,
    0xE6, 0xFB, 0x72, 0xC0, 0xB6, 0x9E, 0x41, 0x87, 0x41, 0xF0, 0x7F, 0x65, 0xFE, 0xE4, 0x99, 0x94,
    0xA7, 0x4E, 0x0E, 0x0A, 0x13, 0xBC, 0xE0, 0x9B, 0x6C, 0xEE, 0x6C, 0xAC, 0x9C, 0x4A, 0xC7, 0x93,
    0xA7, 0xCD, 0xE1, 0xBC, 0x14, 0xE2, 0x57, 0x07, 0xC0, 0xFC, 0x51, 0x04, 0xF3, 0x10, 0x07, 0xF3,
    0x67, 0x27, 0x10, 0x3F, 0xBB, 0x0E, 0xCE, 0x1C, 0xA9, 0x3A, 0x1C, 0xA8, 0x61, 0xEC, 0x89, 0x32,
    0x7E, 0x36, 0x64, 0xCA, 0x5A, 0xD2, 0xE3, 0x05, 0x3B, 0x0D, 0xCD, 0x6D, 0x20, 0xDE, 0x91, 0x25,
    0x53, 0x04, 0x35, 0x22, 0x5E, 0x00, 0xF1, 0x52, 0xAF, 0x02, 0x9B, 0x5D, 0xBD, 0xEE, 0xC3, 0xFD,
    0x7B, 0x22, 0x4E, 0x96, 0x78, 0x93, 0x0C, 0xF3, 0xD7, 0x25, 0x9D, 0x20, 0xD2, 0x23, 0x64, 0x50,
    0xBF, 0x0C, 0xA8, 0x97, 0xCF, 0x59, 0x07, 0xAB, 0x40, 0x5C, 0x6A, 0xAC, 0xAF, 0x3E, 0x80, 0x9D,
    0xAE, 0x05, 0x62, 0x98, 0x52, 0x26, 0xA7, 0x2B, 0x9F, 0x3A, 0xD3, 0x69, 0xF8, 0xC2, 0x8E, 0x86,
    0x3D, 0x29, 0xEB, 0x64, 0x21, 0x69, 0x14, 0x5B, 0xF1, 0x57, 0x80, 0x9F, 0xBC, 0x14, 0x0B, 0xA7,
    0xA7, 0x62, 0xAC, 0x77, 0x44, 0x05, 0x62, 0x5B, 0x53, 0xE9, 0x98, 0xF4, 0x6A, 0xCF, 0x61, 0xEA,
    0x80, 0x7B, 0x0C, 0x8B, 0x28, 0xC7, 0xD2, 0x2F, 0xC2, 0x3C, 0x72, 0xEB, 0x7B, 0x53, 0x50, 0x7B,
    0xC9, 0xB0, 0x32, 0x18, 0x8B, 0xF2, 0x55, 0x41, 0x4A, 0x90, 0x9B, 0xC9, 0x50, 0x09, 0xB4, 0xA3,
    0x94, 0x23, 0x73, 0xD7, 0xA8, 0xA9, 0x7C, 0x56, 0x9C, 0xC2, 0x44, 0x26, 0xBC, 0xB2, 0xA3, 0x95,
    0xC0, 0x3C, 0x03, 0xFB, 0x3A, 0x74, 0x6B, 0x39, 0x95, 0xA6, 0xD6, 0x21, 0x90, 0xCD, 0x0F, 0x0B,
    0x32, 0x93, 0x0F, 0x63, 0x02, 0x85, 0x94, 0x30, 0xFF, 0xA6, 0x43, 0x2D, 0xA5, 0x1E, 0xE4, 0x78,
    0xC3, 0xD4, 0xE2, 0xF9, 0xEA, 0x18, 0x70, 0xCF, 0x97, 0xE1, 0xCE, 0xE3, 0x3F, 0x91, 0x6C, 0x90,
    0xA2, 0xD4, 0x04, 0x90, 0xFB, 0xFC, 0x9C, 0xDF, 0x9A, 0xB6, 0x47, 0x9C, 0x01, 0x67, 0xBC, 0xCF,
    0x0D, 0x70, 0x7F, 0xA5, 0x16, 0x7C, 0x41, 0xA2, 0x8F, 0x61, 0x99, 0x33, 0xCA, 0xE9, 0xDF, 0xD4,
    0x67, 0x0A, 0x58, 0xFE, 0x0E, 0x38, 0x7D, 0xE8, 0x1E, 0x61, 0x6D, 0x93, 0xA6, 0x99, 0x8C, 0xFC,
    0x98, 0x57, 0xA8, 0x78, 0xB6, 0xB0, 0xF9, 0x12, 0x16, 0x43, 0xCD, 0x5D, 0x52, 0xF8, 0x8E, 0x49,
    0x09, 0x51, 0x9D, 0xBB, 0x3C, 0x63, 0xD1, 0xDC, 0x55, 0x07, 0xAD, 0x8A, 0x9A, 0xB0, 0x55, 0xBA,
    0xC1, 0x1C, 0xDC, 0x0B, 0x76, 0xB7, 0xDD, 0x30, 0xE3, 0x87, 0xF0, 0x39, 0x3E, 0x79, 0xEF, 0xEB,
    0x9E, 0xE9, 0xDE, 0xAA, 0x01, 0x67, 0x89, 0xCE, 0x65, 0xF4, 0xD0, 0xB6, 0x7F, 0x3C, 0x31, 0x78,
    0x7B, 0x96, 0xB0, 0xB1, 0x97, 0x12, 0xC7, 0x7B, 0x2A, 0x46, 0xCE, 0x19, 0xE5, 0x70, 0x54, 0x64,
    0xD7, 0x38, 0xDA, 0xBE, 0xC2, 0x28, 0xE3, 0xC9, 0x39, 0xD4, 0x19, 0xED, 0x3A, 0x9D, 0xD8, 0x75,
    0xD3, 0x4B, 0x80, 0xCD, 0x52, 0x2D, 0xCA, 0x9F, 0x1D, 0xB6, 0xEB, 0xF0, 0x48, 0xBB, 0x0E, 0xD7,
    0xB1, 0xEB, 0x84, 0xA5, 0x5E, 0x61, 0xD7, 0xE3, 0xDE, 0x0C, 0xC7, 0x47, 0x9C, 0x73, 0x9C, 0xEA,
    0x64, 0x6F, 0x86, 0xCC, 0xFD, 0x32, 0xDD, 0x6B, 0xB7, 0x30, 0xF3, 0x8A, 0x90, 0xFB, 0x24, 0x26,
    0x33, 0xAF, 0x61, 0xE6, 0x1D, 0x9B, 0x39, 0x32, 0xF0, 0x9D, 0x2F, 0x69, 0xE6, 0xC5, 0x0A, 0x33,
    0x77, 0x60, 0xE6, 0x3A, 0x5F, 0xED, 0x9E, 0x69, 0xE6, 0xC0, 0xB8, 0xBB, 0x5A, 0xC0, 0x3D, 0xE7,
    0xEA, 0x12, 0xE2, 0xAB, 0xE7, 0xD4, 0xE8, 0x99, 0x79, 0x6D, 0x12, 0x77, 0x38, 0x58, 0xF4, 0x0E,
    0xEE, 0xD2, 0xD9, 0x24, 0x0D, 0xD8, 0xEA, 0xF7, 0xB7, 0xC6, 0x6F, 0xDF, 0xF6, 0x62, 0xAB, 0x7F,
    0x5E, 0x4B, 0xDE, 0xFA, 0x5A, 0x35, 0x80, 0xD8, 0xF2, 0x6A, 0x6B, 0x2A, 0xA1, 0x05, 0xDD, 0x48,
    0x21, 0x1C, 0x42, 0x0B, 0x80, 0x1D, 0x1F, 0x9B, 0x4F, 0x59, 0xE1, 0xCB, 0x65, 0x59, 0xBE, 0xC4,
    0xE4, 0xDC, 0xF0, 0x1A, 0x30, 0xBC, 0x36, 0x59, 0x77, 0x12, 0x7B, 0xF7, 0x05, 0xE7, 0xD6, 0xC4,
    0x6C, 0xBC, 0x2D, 0x64, 0xE3, 0x26, 0xCE, 0x94, 0x30, 0xFE, 0x55, 0xF4, 0x57, 0xD2, 0xB7, 0xA3,
    0xF1, 0x68, 0x55, 0xD8, 0x8D, 0x4C, 0xE7, 0x57, 0x6C, 0xB7, 0x24, 0xC0, 0x23, 0x77, 0xDD, 0x51,
    0xAE, 0x90, 0x5A, 0x74, 0xE4, 0x5A, 0x8E, 0x14, 0x28, 0x4A, 0xD5, 0x0F, 0x26, 0xAE, 0xC5, 0x18,
    0xD7, 0x14, 0x04, 0xD0, 0x97, 0xFB, 0xA3, 0x7B, 0xE5, 0x21, 0xD6, 0x4D, 0x6C, 0x83, 0xDA, 0xF0,
    0xA8, 0x19, 0x92, 0x40, 0x2F, 0xC7, 0xF2, 0x1A, 0x79, 0xB8, 0x57, 0x86, 0x6E, 0xEE, 0x66, 0x94,
    0x29, 0x27, 0x26, 0xD7, 0xB8, 0x6B, 0xAD, 0x87, 0x47, 0xF0, 0xC0, 0xCD, 0x43, 0xEC, 0xE4, 0x14,
    0x33, 0xEA, 0xA7, 0xC3, 0x7F, 0xE8, 0xF0, 0x01, 0x8E, 0x90, 0x9F, 0x76, 0xFA, 0x83, 0xA9, 0x9A,
    0x86, 0x6B, 0x67, 0xB2, 0x5D, 0x93, 0x25, 0xFC, 0xE7, 0xAE, 0xF7, 0x27, 0x3D, 0x9F, 0xBE, 0x6E,
    0xE1, 0xE1, 0xBC, 0xBB, 0xB6, 0xCB, 0xF9, 0x5E, 0xF8, 0x85, 0x46, 0xAA, 0x95, 0x51, 0x8A, 0xE5,
    0xC0, 0x9E, 0x63, 0x1F, 0x94, 0x65, 0x58, 0x8C, 0x37, 0x45, 0xD4, 0xC0, 0x0C, 0x21, 0x93, 0x1A,
    0x09, 0x64, 0xD2, 0xE0, 0xE2, 0xA8, 0x31, 0x33, 0xD9, 0x2E, 0xC8, 0xFE, 0xAC, 0x5C, 0x2F, 0xF7,
    0xCA, 0x73, 0xE4, 0x99, 0xF2, 0x7C, 0x79, 0x97, 0xBC, 0x57, 0x45, 0xDC, 0x07, 0x97, 0xFB, 0x23,
    0x7D, 0x9B, 0x4F, 0x84, 0x39, 0x51, 0x8C, 0x78, 0x1D, 0x32, 0x6A, 0x26, 0xB2, 0x1E, 0xCF, 0x8E,
    0x56, 0x6F, 0x0D, 0x56, 0x9F, 0xC2, 0xEA, 0x73, 0xBA, 0xD0, 0x94, 0x94, 0x57, 0xE8, 0x8A, 0xDE,
    0x90, 0xD4, 0xD4, 0xB3, 0xA4, 0x39, 0x24, 0xF8, 0x04, 0x5F, 0xC2, 0x17, 0xF3, 0x6D, 0xFC, 0x00,
    0xDB, 0xBC, 0xD5, 0x21, 0xFF, 0xBC, 0xEF, 0xB4, 0x66, 0x9A, 0xFA, 0xCA, 0x6A, 0xB7, 0xF4, 0xF7,
    0x7B, 0x42, 0x0A, 0xCB, 0x5D, 0x76, 0x9D, 0xDE, 0x64, 0xF5, 0xE6, 0x64, 0x70, 0x72, 0x38, 0xFF,
    0xD1, 0xEB, 0xE6, 0x3F, 0xC7, 0x4D, 0x8D, 0xCD, 0x46, 0x82, 0x9C, 0x71, 0x37, 0x46, 0x14, 0x1F,
    0x96, 0x88, 0xE2, 0x49, 0xD9, 0x94, 0x5E, 0xDC, 0x3D, 0xC5, 0xAA, 0x20, 0x78, 0xAA, 0x42, 0x78,
    0xCF, 0x18, 0xEB, 0x0B, 0x74, 0xF0, 0xF5, 0x13, 0x02, 0xFC, 0xAD, 0x49, 0x14, 0xAF, 0x1A, 0x17,
    0x41, 0x97, 0x8F, 0x68, 0xE2, 0x2F, 0x7D, 0x14, 0xAF, 0x29, 0xBC, 0xB1, 0x8F, 0x08, 0x6F, 0x8E,
    0x13, 0xFD, 0x40, 0x8D, 0x69, 0x3C, 0x45, 0x97, 0xBB, 0xF1, 0x80, 0xBD, 0x57, 0xF1, 0x62, 0xD3,
    0xEF, 0x79, 0x13, 0x7F, 0x0E, 0xFD, 0x14, 0xE8, 0x7F, 0x57, 0xA9, 0x9F, 0x9E, 0x00, 0xF4, 0x25,
    0xDE, 0x4F, 0xC7, 0x78, 0xBF, 0x88, 0x60, 0x65, 0xA8, 0x48, 0x98, 0xC5, 0xFB, 0xE1, 0xE7, 0xA4,
    0xA2, 0x8E, 0xE9, 0xAA, 0x1A, 0x93, 0x5C, 0xAC, 0xC6, 0x0C, 0x56, 0xE2, 0x7D, 0xBC, 0xFE, 0x8E,
    0x89, 0x09, 0x3A, 0x5D, 0x20, 0xDE, 0xAF, 0xB0, 0x4C, 0xD5, 0x04, 0x9D, 0x0A, 0x5B, 0x8A, 0xF7,
    0x83, 0x8E, 0xA2, 0xFC, 0xC0, 0x1C, 0x12, 0x7C, 0x82, 0x2F, 0xE1, 0x8B, 0xF9, 0x36, 0x7E, 0x80,
    0xD2, 0x1F, 0x11, 0x94, 0xC1, 0x24, 0xDE, 0xEF, 0x77, 0x68, 0x64, 0x2D, 0x50, 0xD6, 0x00, 0x0D,
    0x8F, 0x03, 0x97, 0xC7, 0x01, 0xAA, 0x15, 0x48, 0x7B, 0xD4, 0x50, 0x98, 0xE7, 0x59, 0xB7, 0x6C,
    0x32, 0x0E, 0xEA, 0x13, 0x35, 0x0E, 0x0E, 0x45, 0xFD, 0x73, 0x15, 0x59, 0x2D, 0xE7, 0x0D, 0x73,
    0x51, 0xBF, 0xA6, 0xE4, 0x76, 0x6E, 0x58, 0x58, 0x9B, 0x75, 0x4A, 0xB2, 0x2A, 0xF3, 0x3A, 0xCC,
    0xE4, 0x0D, 0xE2, 0x22, 0x30, 0x08, 0xDD, 0x2E, 0xF3, 0xCA, 0xEA, 0x45, 0xA5, 0x67, 0x2A, 0xF1,
    0xCE, 0x91, 0xAC, 0x7F, 0xD9, 0x1C, 0x29, 0x50, 0x52, 0x26, 0xB9, 0x1A, 0xDD, 0x75, 0x5E, 0xA9,
    0x77, 0x4E, 0x0C, 0x3D, 0xE1, 0x6D, 0xAC, 0xEA, 0x98, 0x4E, 0xCA, 0x0E, 0x9C, 0xFC, 0x5A, 0x31,
    0x4D, 0x11, 0x5C, 0x5C, 0x1D, 0xC0, 0x44, 0x13, 0x49, 0x11, 0x98, 0x99, 0x68, 0xC3, 0x0E, 0x6B,
    0x28, 0x63, 0x94, 0xF8, 0x81, 0x07, 0x92, 0xC3, 0x7A, 0xF8, 0x35, 0x8A, 0x96, 0x46, 0xF7, 0xF4,
    0xCE, 0xD7, 0x31, 0x52, 0xE2, 0x64, 0xC2, 0x5A, 0x92, 0x4C, 0x1C, 0x48, 0x32, 0x71, 0x59, 0x91,
    0xFF, 0x7A, 0x74, 0xE3, 0xC3, 0x64, 0x9D, 0xB0, 0x6A, 0x67, 0x32, 0xD1, 0xF4, 0x2B, 0x06, 0xD9,
    0x1E, 0x54, 0xC0, 0x1A, 0x7C, 0x54, 0xA1, 0x20, 0xF0, 0x20, 0x86, 0x3C, 0xCB, 0xBB, 0x78, 0x04,
    0x4F, 0x03, 0x33, 0x4C, 0x2B, 0x50, 0x57, 0x97, 0x80, 0xB0, 0x87, 0x33, 0x65, 0x68, 0x73, 0x86,
    0x99, 0x49, 0xE3, 0x5E, 0x6E, 0x9E, 0xBA, 0x78, 0xA8, 0x7E, 0xF1, 0x41, 0x10, 0x16, 0x3F, 0x25,
    0x60, 0x84, 0x2B, 0xB7, 0x3A, 0x62, 0xC3, 0x81, 0x56, 0x76, 0xE6, 0x34, 0x63, 0x61, 0x6D, 0x03,
    0xD4, 0x6A, 0x90, 0x52, 0x11, 0x29, 0x5D, 0x09, 0x4C, 0xB3, 0x87, 0x4E, 0x8A, 0x4C, 0x60, 0xBC,
    0x49, 0xDA, 0xEF, 0xE7, 0x7A, 0xD4, 0xEF, 0x3D, 0x82, 0x33, 0x07, 0xD8, 0x21, 0x83, 0x6D, 0x37,
    0xDC, 0xAF, 0xC7, 0x97, 0x83, 0x9D, 0x33, 0xD8, 0x31, 0xC0, 0x36, 0x2B, 0xC0, 0x6E, 0x18, 0xEC,
    0x9A, 0xE1, 0x9C, 0xC9, 0x76, 0x41, 0xF6, 0x67, 0xE5, 0xFA, 0x25, 0x60, 0x1B, 0x01, 0x3B, 0x3E,
    0x0A, 0x6C, 0x5E, 0x6B, 0xD4, 0xE3, 0x3C, 0xC9, 0xF6, 0xC3, 0x58, 0x33, 0xF4, 0x76, 0x83, 0x9A,
    0xD2, 0x03, 0xE8, 0xF3, 0xF4, 0xC6, 0xC1, 0x56, 0xDF, 0x12, 0xC3, 0x96, 0x82, 0xC9, 0x6A, 0x36,
    0x6C, 0x77, 0x1B, 0x5E, 0xF1, 0x6C, 0x00, 0xB9, 0xC7, 0x90, 0x7B, 0x29, 0xF7, 0x6E, 0x66, 0xDF,
    0x70, 0x4D, 0x0C, 0x79, 0xB5, 0x68, 0xDF, 0x5B, 0xE1, 0x9A, 0x38, 0x2E, 0xE7, 0xEA, 0x64, 0x5C,
    0xDA, 0xAF, 0x47, 0x06, 0x63, 0xD6, 0x90, 0x5C, 0xC1, 0x3A, 0x06, 0x94, 0xBA, 0xB9, 0x79, 0xDC,
    0xA5, 0x83, 0xAD, 0xFA, 0x39, 0x9C, 0x48, 0x56, 0xF1, 0x04, 0xFD, 0x09, 0x42, 0x07, 0xF3, 0x59,
    0x83, 0x05, 0xBA, 0x0F, 0x1B, 0x9A, 0x06, 0xF4, 0x1C, 0xE2, 0xF5, 0x96, 0x7B, 0x14, 0x4E, 0x3C,
    0x51, 0x06, 0x5D, 0x05, 0xD8, 0x5D, 0x39, 0x40, 0xD0, 0xD7, 0x12, 0x09, 0xA6, 0xB9, 0xE9, 0x64,
    0xE1, 0x67, 0xB5, 0x8A, 0xAD, 0x17, 0x9A, 0xA1, 0x7A, 0xDA, 0xDA, 0x18, 0xCE, 0x5C, 0xB1, 0x2D,
    0x2F, 0xED, 0xA5, 0x3D, 0xB5, 0xE0, 0x7A, 0x62, 0xC1, 0xF9, 0xB6, 0x59, 0xF0, 0xFD, 0x4C, 0xAE,
    0xB2, 0x45, 0xC1, 0x9B, 0xC5, 0xCE, 0x21, 0x98, 0x9B, 0xCD, 0x98, 0xF3, 0x38, 0x91, 0xF2, 0x48,
    0x73, 0x26, 0xB3, 0x69, 0x2A, 0x27, 0xB0, 0x14, 0xA5, 0xB1, 0x6F, 0xCF, 0x8D, 0x87, 0x9D, 0x8B,
    0x6A, 0x28, 0xC1, 0x38, 0xC6, 0x06, 0x9D, 0xB0, 0xFA, 0x22, 0x0F, 0x14, 0x72, 0x17, 0x28, 0xB0,
    0x41, 0xED, 0xB6, 0x9B, 0x71, 0x0C, 0x16, 0xC4, 0xD0, 0xE5, 0x23, 0x38, 0x8A, 0x40, 0x8A, 0x5B,
    0x6C, 0x29, 0x01, 0x55, 0x3B, 0x2F, 0x2E, 0x29, 0x2C, 0xE8, 0x4B, 0x0B, 0x3D, 0x33, 0xAD, 0x66,
    0xEA, 0x9B, 0xFE, 0x60, 0x7F, 0x09, 0x7E, 0x4F, 0xEA, 0xF8, 0xC9, 0x96, 0x34, 0x7F, 0x81, 0x5E,
    0xA4, 0xCD, 0x15, 0x83, 0x1C, 0x01, 0x35, 0x10, 0x0F, 0x22, 0x3D, 0x93, 0xD2, 0x73, 0x5C, 0x73,
    0x07, 0x4B, 0xE1, 0xC6, 0xA0, 0x14, 0xC3, 0xD4, 0x11, 0xEA, 0x8B, 0xE2, 0x15, 0x65, 0x10, 0x52,
    0xF0, 0xD0, 0x17, 0x7E, 0x94, 0xB3, 0x23, 0x7D, 0x05, 0x84, 0x18, 0x5C, 0x5F, 0x11, 0x69, 0x99,
    0xBE, 0x3E, 0x52, 0xCC, 0xEA, 0x27, 0xE5, 0xF4, 0xA3, 0x9A, 0x50, 0xCA, 0x2D, 0x2E, 0x2D, 0xBC,
    0x47, 0xB6, 0x48, 0xB2, 0xBE, 0x01, 0xB7, 0x3B, 0x27, 0x82, 0xDB, 0x57, 0xD4, 0xB8, 0xAB, 0x26,
    0xE5, 0x90, 0xB2, 0xF8, 0xAD, 0xCE, 0x94, 0x63, 0xE9, 0xEB, 0x30, 0xFC, 0xB2, 0xD9, 0x84, 0x39,
    0xF9, 0x7D, 0x5B, 0xA9, 0x1F, 0x81, 0x59, 0x0D, 0x96, 0xAF, 0xE2, 0x95, 0x26, 0x4E, 0x1E, 0x94,
    0xE5, 0x34, 0x01, 0xCB, 0x1F, 0x30, 0xCB, 0x66, 0x60, 0x39, 0x23, 0x96, 0xC3, 0x29, 0xCB, 0xA7,
    0xA7, 0xB4, 0x51, 0x9A, 0xBE, 0xC7, 0x55, 0xFD, 0x6C, 0x7C, 0xBA, 0xE6, 0x30, 0xC9, 0xF0, 0xA4,
    0xED, 0x54, 0x3C, 0x87, 0xCC, 0xF2, 0x75, 0xAB, 0x94, 0x31, 0x98, 0x73, 0xD3, 0x29, 0x4F, 0xEA,
    0x9F, 0x4E, 0xC2, 0x50, 0x14, 0x9D, 0xFB, 0x0D, 0x46, 0xD6, 0xBB, 0x83, 0xDE, 0x3E, 0x47, 0x2A,
    0x61, 0x01, 0x75, 0x13, 0x8E, 0xC4, 0x1B, 0xD6, 0xF9, 0xEC, 0xA0, 0x32, 0xCF, 0x02, 0x56, 0x61,
    0xBD, 0xA6, 0xAC, 0x6B, 0xB1, 0x10, 0x25, 0xF2, 0xC1, 0x87, 0xE3, 0x0A, 0xBA, 0x0A, 0x1E, 0x94,
    0xC5, 0x40, 0x57, 0x9F, 0x65, 0x8A, 0x15, 0xA9, 0xA4, 0xE4, 0x51, 0x47, 0x7E, 0x95, 0x23, 0x2C,
    0x23, 0xEE, 0x5A, 0x4B, 0xB8, 0xED, 0xC9, 0x47, 0x1C, 0x14, 0xA3, 0x9F, 0x70, 0xBA, 0x44, 0x67,
    0x0E, 0xB9, 0xE4, 0x4B, 0x0E, 0x15, 0x54, 0xD0, 0xDB, 0x63, 0xB5, 0x91, 0x82, 0x8F, 0x74, 0xF9,
    0x29, 0x74, 0xB6, 0xB7, 0x86, 0xAE, 0x7E, 0xAF, 0xCE, 0x92, 0xA2, 0x63, 0x4B, 0xB4, 0x82, 0x4F,
    0xC4, 0x20, 0x7B, 0xB9, 0x94, 0x79, 0x96, 0xCD, 0x8D, 0x28, 0xE5, 0xE6, 0xF9, 0xA5, 0x83, 0x2C,
    0x11, 0xD6, 0x92, 0x13, 0x35, 0xC8, 0x26, 0x5F, 0x23, 0x71, 0x8D, 0x71, 0xFF, 0x2D, 0x12, 0x79,
    0xC6, 0x3D, 0x94, 0x19, 0x43, 0x79, 0xA7, 0x84, 0xD2, 0x01, 0x23, 0x10, 0x32, 0x77, 0xA7, 0x57,
    0x70, 0x77, 0x65, 0x33, 0xDC, 0x85, 0x13, 0xEE, 0x86, 0xA8, 0xC9, 0xE6, 0x02, 0xE9, 0xCE, 0xCD,
    0x0A, 0x9E, 0xA0, 0x3E, 0x94, 0x82, 0x39, 0x8A, 0x42, 0xAD, 0x32, 0xE1, 0xC8, 0x3F, 0xDF, 0xAD,
    0xBF, 0x36, 0x9E, 0x51, 0xAA, 0xE1, 0xA1, 0x72, 0xD0, 0x3A, 0xD9, 0x1E, 0xE5, 0x12, 0x1F, 0x7F,
    0x50, 0x23, 0xA3, 0x78, 0xB3, 0x51, 0x37, 0x42, 0x68, 0xFD, 0xAE, 0x8B, 0x6D, 0xDB, 0xC7, 0xD5,
    0x5E, 0xBF, 0x4F, 0x22, 0x7B, 0xE8, 0x85, 0x7A, 0x92, 0xA6, 0xBB, 0xF4, 0xED, 0x7E, 0x0A, 0x7B,
    0xE1, 0x61, 0x4D, 0x61, 0x1A, 0x44, 0xFD, 0x43, 0x88, 0xD2, 0xA8, 0x41, 0xEA, 0x98, 0xA8, 0x2A,
    0x9A, 0x23, 0x4A, 0xC2, 0xF3, 0x3E, 0x32, 0x1F, 0x1A, 0x7B, 0x9E, 0x93, 0xEA, 0x44, 0x73, 0xF2,
    0xA5, 0x02, 0xC7, 0xE5, 0x59, 0xCB, 0xB8, 0xC3, 0x25, 0x97, 0x95, 0x58, 0xBD, 0x74, 0xB3, 0x97,
    0x4D, 0xFC, 0x5A, 0xD7, 0x33, 0x77, 0x8D, 0x59, 0x3C, 0x86, 0x10, 0x73, 0xFF, 0x90, 0x7B, 0xBC,
    0xCF, 0x10, 0x53, 0xA6, 0x6D, 0x1D, 0xCF, 0xF6, 0x09, 0x34, 0x6B, 0x18, 0xB6, 0x93, 0x4F, 0x3B,
    0x02, 0xF9, 0xF8, 0x7C, 0x12, 0x52, 0x3A, 0xBC, 0x0F, 0x4E, 0x12, 0x8B, 0x85, 0xC1, 0x9E, 0x4B,
    0xF2, 0x02, 0x17, 0x04, 0x5F, 0xE4, 0x42, 0xE0, 0x5B, 0x5C, 0x9C, 0x81, 0xCD, 0xB6, 0xD6, 0xC2,
    0x62, 0xA2, 0x71, 0x32, 0x50, 0xE1, 0x72, 0xA9, 0xD2, 0x6F, 0x38, 0x28, 0xFA, 0x2F, 0x07, 0x0A,
    0x9C, 0x0B, 0x19, 0x59, 0x74, 0xAD, 0x66, 0x6F, 0x5F, 0x43, 0x5A, 0x28, 0x99, 0xC2, 0x28, 0x2A,
    0x07, 0xC9, 0x0B, 0x54, 0xFC, 0xD9, 0x09, 0xEF, 0x04, 0x78, 0xDD, 0x18, 0x8A, 0x70, 0x9E, 0xC3,
    0xD5, 0x34, 0x7C, 0xDA, 0x2A, 0x16, 0x83, 0xE4, 0x26, 0x32, 0x9A, 0x7C, 0x55, 0x47, 0xE3, 0xC3,
    0x2E, 0x90, 0xC1, 0x63, 0x6F, 0xDC, 0xCD, 0x6C, 0x53, 0x78, 0x94, 0x0B, 0x96, 0x58, 0xC1, 0xAE,
    0x9E, 0x41, 0xC2, 0x78, 0x1E, 0xC1, 0xC1, 0x45, 0x8C, 0xE5, 0xEB, 0xD8, 0x6D, 0x78, 0x07, 0x26,
    0x52, 0x8C, 0x15, 0x1E, 0xFC, 0xC9, 0x0E, 0x2F, 0x26, 0x8D, 0x75, 0x6C, 0x1C, 0x92, 0xF3, 0x47,
    0x83, 0x5C, 0xE6, 0xF0, 0x3A, 0x7A, 0x82, 0x82, 0x98, 0xCF, 0x61, 0xAB, 0xC0, 0x97, 0x2B, 0x58,
    0x82, 0x6A, 0x01, 0xD8, 0xFC, 0x10, 0xB0, 0x36, 0x21, 0x34, 0x02, 0xAB, 0x05, 0xD8, 0x0E, 0xC0,
    0x86, 0x13, 0x60, 0x7D, 0x06, 0xD6, 0x65, 0x60, 0x1D, 0x06, 0xD6, 0x12, 0x60, 0xD7, 0x96, 0x8B,
    0xC0, 0xAE, 0x2C, 0xE2, 0xD6, 0xE5, 0x61, 0xD3, 0x92, 0x23, 0x61, 0x7A, 0x08, 0x52, 0x67, 0x1E,
    0x52, 0x7F, 0x80, 0xB4, 0xBC, 0x00, 0x48, 0x2F, 0x01, 0xD2, 0x1B, 0x84, 0x41, 0x73, 0x0B, 0x90,
    0x96, 0x53, 0x48, 0xED, 0x75, 0x20, 0x0D, 0x63, 0x82, 0xD4, 0x14, 0xFA, 0x7F, 0x19, 0x6A, 0x57,
    0x62, 0x53, 0x12, 0xA4, 0xA6, 0x20, 0x48, 0xB9, 0xBC, 0x99, 0x4D, 0xD8, 0x69, 0xD5, 0xB0, 0xDE,
    0xD4, 0xE7, 0xBD, 0x96, 0x7C, 0x93, 0xEC, 0xA7, 0xE3, 0x2A, 0x20, 0x6F, 0xA9, 0xCE, 0xA7, 0x4E,
    0xF7, 0x49, 0x87, 0x59, 0xA4, 0xE3, 0x5F, 0x0F, 0x9F, 0x8E, 0x47, 0x8E, 0xF8, 0x0A, 0x57, 0xE1,
    0x23, 0xE8, 0xBE, 0x50, 0xDA, 0x4B, 0x8F, 0xB4, 0xF3, 0x95, 0xA4, 0x3C, 0x33, 0x92, 0x72, 0x71,
    0x39, 0x29, 0x0F, 0x6A, 0xE7, 0xA3, 0x15, 0xED, 0xBB, 0x31, 0x6A, 0x8C, 0xC8, 0x5F, 0xDB, 0x43,
    0x4D, 0x60, 0x87, 0x8F, 0x03, 0xB1, 0xAC, 0x6B, 0xC7, 0x5E, 0xF1, 0x80, 0x74, 0x6C, 0x6E, 0x74,
    0x58, 0x28, 0xB4, 0x76, 0x4D, 0x5C, 0xD2, 0x2B, 0xEE, 0x14, 0x98, 0x75, 0xA8, 0x7F, 0xD8, 0xD4,
    0x3B, 0x8F, 0x40, 0xF5, 0x91, 0xDE, 0xCD, 0x6E, 0x9F, 0xC7, 0xF9, 0x3F, 0xB5, 0x54, 0x4D, 0x8E,
    0xDD, 0x44, 0x10, 0xFE, 0x6C, 0xC3, 0x18, 0xE1, 0x45, 0xCF, 0x82, 0x6C, 0x48, 0x24, 0x1F, 0xC1,
    0x5B, 0x36, 0xBC, 0x76, 0x6E, 0x90, 0x05, 0xAC, 0xD9, 0xB2, 0x0B, 0x17, 0x00, 0x5B, 0xE1, 0x02,
    0x23, 0xE5, 0x20, 0x6C, 0xB2, 0x9C, 0x8C, 0x5B, 0xCA, 0x05, 0x7C, 0x04, 0xDF, 0x80, 0x46, 0x32,
    0x92, 0x91, 0xDA, 0xAF, 0xF8, 0xAA, 0xEC, 0x37, 0x6F, 0xF2, 0xC2, 0x8C, 0x60, 0x41, 0xDB, 0x2A,
    0x97, 0xEB, 0xE7, 0xEB, 0xEA, 0xFA, 0x69, 0x91, 0x28, 0x97, 0xAF, 0x48, 0x78, 0x92, 0xFC, 0xBB,
    0x85, 0xEB, 0x6C, 0x29, 0x63, 0xDD, 0x1E, 0xF0, 0x1E, 0xF4, 0x8B, 0x32, 0xCB, 0xDC, 0xC5, 0xBA,
    0xAF, 0xA6, 0x66, 0xF1, 0xC9, 0xAF, 0xCD, 0x5A, 0x25, 0x24, 0xCC, 0xC5, 0xD4, 0x84, 0x03, 0xAE,
    0xF1, 0x98, 0x9C, 0xEF, 0x75, 0x36, 0x13, 0x6B, 0x2A, 0xA7, 0xBA, 0x55, 0x3C, 0x45, 0x34, 0x4C,
    0x45, 0x35, 0xDC, 0x0D, 0x5B, 0xD1, 0x15, 0x5F, 0x91, 0x0C, 0x8B, 0x68, 0x8A, 0xA7, 0x88, 0x86,
    0x49, 0x54, 0xC5, 0x55, 0x64, 0xC5, 0x56, 0x74, 0xDD, 0xF7, 0xBF, 0xD9, 0xA3, 0x88, 0x00, 0x5C,
    0xFA, 0x88, 0x54, 0x0B, 0x36, 0x45, 0xF3, 0xF6, 0x8F, 0x01, 0x72, 0xFC, 0xFD, 0x94, 0x2E, 0xE5,
    0x9A, 0x37, 0xD3, 0xDD, 0xEE, 0x56, 0xCE, 0x27, 0xE3, 0x0B, 0x80, 0x7F, 0xC2, 0x33, 0x63, 0x23,
    0xE6, 0x7B, 0x26, 0xF9, 0x44, 0x92, 0x8D, 0x27, 0x82, 0x1E, 0x4F, 0x44, 0x55, 0x52, 0xE1, 0x7F,
    0xFD, 0x34, 0x2A, 0xCA, 0x4E, 0x51, 0x3D, 0x1A, 0xD0, 0xF9, 0x58, 0x6A, 0x7C, 0x09, 0xF0, 0x36,
    0x3E, 0x05, 0x60, 0x81, 0x67, 0xAF, 0xC8, 0xAC, 0x68, 0xA4, 0xEF, 0x64, 0x7C, 0xD8, 0x65, 0xFC,
    0xA5, 0xB0, 0xFC, 0x0B, 0x9F, 0x83, 0xAF, 0x1F, 0xD1, 0x85, 0x21, 0x42, 0x26, 0x89, 0x99, 0x96,
    0x94, 0xC4, 0x7E, 0x4D, 0x61, 0x26, 0x24, 0x5F, 0x11, 0xCE, 0x8F, 0x99, 0x70, 0xBB, 0x21, 0x16,
    0xD2, 0xD7, 0xAB, 0xC4, 0x92, 0xE9, 0x3D, 0xCA, 0x6C, 0x9F, 0x5D, 0xB8, 0x9B, 0xEC, 0x0E, 0xF8,
    0x1E, 0xF7, 0x8B, 0x56, 0x8C, 0x75, 0xE3, 0xEB, 0x0F, 0x0C, 0xBC, 0x6E, 0x8D, 0xF7, 0x2F, 0x19,
    0xF0, 0x61, 0x93, 0x77, 0x58, 0x81, 0xDB, 0x8D, 0x1F, 0x70, 0x44, 0x36, 0x6F, 0xBC, 0xF0, 0x29,
    0xA6, 0x33, 0x5F, 0x85, 0x33, 0xBF, 0xC3, 0x18, 0xBF, 0xC3, 0x18, 0xBF, 0xC3, 0x28, 0x4E, 0x36,
    0xF3, 0xAC, 0xE8, 0x6E, 0xD0, 0xBD, 0x4C, 0xEC, 0xA7, 0x1F, 0xFA, 0xFC, 0xCF, 0x05, 0xCD, 0x9B,
    0xA5, 0x0A, 0x77, 0xDA, 0x80, 0x77, 0x70, 0x1F, 0x62, 0x8D, 0xB5, 0x8C, 0x6E, 0xEC, 0x90, 0x4B,
    0x7F, 0xC8, 0x53, 0xB1, 0x34, 0xC1, 0x6B, 0x69, 0x6F, 0x8B, 0x54, 0x24, 0x1F, 0x3C, 0x77, 0xCC,
    0xE2, 0x99, 0x67, 0x63, 0xDE, 0xF3, 0x55, 0x38, 0xF3, 0x35, 0xCE, 0xFC, 0x01, 0x67, 0x9C, 0x5B,
    0x64, 0xA9, 0x98, 0xEB, 0xE0, 0x5B, 0xC2, 0xE0, 0xB4, 0x97, 0x1D, 0xAA, 0x73, 0x63, 0x19, 0x57,
    0xD8, 0xA1, 0x6A, 0x01, 0xB3, 0x4F, 0xB9, 0x96, 0xEF, 0x3B, 0xE0, 0x59, 0x8B, 0x87, 0xAB, 0xEB,
    0xB5, 0x48, 0x7C, 0x26, 0x16, 0x34, 0x48, 0x2F, 0xCC, 0xD1, 0xCA, 0x49, 0x79, 0x47, 0x8D, 0xE9,
    0x36, 0xED, 0x66, 0xA1, 0x36, 0xA3, 0x0D, 0x6A, 0xAF, 0x96, 0x6A, 0xAB, 0xD6, 0xAB, 0xCD, 0xD6,
    0x3B, 0x3E, 0xB6, 0x46, 0x6D, 0xA2, 0x3A, 0x60, 0x68, 0xF3, 0x15, 0x6E, 0x41, 0xC7, 0xCA, 0x07,
    0x48, 0xAF, 0xD4, 0x47, 0x70, 0x14, 0xF3, 0x23, 0x37, 0x6E, 0xE1, 0xCC, 0xD2, 0xDA, 0xFD, 0x05,
    0xAB, 0x06, 0x15, 0x94, 0x0B, 0x32, 0x6A, 0x07, 0x9A, 0xCE, 0xDA, 0x78, 0xB4, 0x26, 0xA5, 0x9B,
    0xF4, 0xF4, 0x62, 0x13, 0x12, 0x98, 0x96, 0x5F, 0xB0, 0x87, 0x5A, 0xBE, 0x54, 0xF8, 0x38, 0x2C,
    0x18, 0x16, 0x49, 0x90, 0x74, 0x41, 0x4C, 0xD1, 0xCD, 0xE8, 0x66, 0xB3, 0x33, 0xD2, 0x4C, 0x68,
    0xA6, 0x7A, 0x44, 0x3D, 0xBA, 0x00, 0x17, 0x8C, 0x30, 0x4F, 0x55, 0xB8, 0x6A, 0x71, 0xF5, 0x20,
    0x37, 0x8F, 0xC2, 0xDB, 0xAF, 0x29, 0xCC, 0xE4, 0xDE, 0xE1, 0x27, 0x25, 0x3A, 0x38, 0xB9, 0xDD,
    0x0C, 0x3A, 0xC9, 0x4E, 0x8F, 0xD6, 0xA8, 0xFC, 0xE7, 0xFF, 0x51, 0xF9, 0x0D, 0x2E, 0x56, 0x75,
    0x43, 0x75, 0x0B, 0xCF, 0x0E, 0x10, 0xA6, 0x5F, 0x93, 0x2F, 0xFC, 0x30, 0x87, 0x32, 0x7A, 0x9E,
    0x61, 0x90, 0x78, 0x35, 0x08, 0xBE, 0x24, 0x8B, 0xD7, 0xEC, 0x9E, 0xF7, 0x84, 0x0C, 0x56, 0x00,
    0x26, 0x97, 0x13, 0x73, 0x45, 0x8F, 0xE7, 0x92, 0x09, 0x07, 0x5A, 0x8E, 0x15, 0x7D, 0x1B, 0x49,
    0x4E, 0x56, 0x78, 0x99, 0x2B, 0x99, 0x74, 0xFA, 0xF5, 0x82, 0x60, 0x22, 0xB5, 0xD7, 0x18, 0x4C,
    0xC1, 0xA0, 0x5C, 0x7B, 0x11, 0x84, 0x5E, 0x15, 0xCC, 0x8E, 0xDE, 0x1D, 0x4C, 0x56, 0xA3, 0x35,
    0x5D, 0x88, 0xC0, 0x90, 0xD2, 0xE9, 0xB3, 0x0B, 0x77, 0x93, 0xDD, 0x41, 0x6B, 0xC0, 0x7B, 0x61,
    0xD1, 0x6B, 0xA7, 0x63, 0xD3, 0x34, 0x47, 0x8D, 0xDC, 0x8B, 0x37, 0xBF, 0x4A, 0x8E, 0xEA, 0x9D,
    0xFD, 0xD6, 0x2A, 0x86, 0xEB, 0x15, 0xC2, 0x85, 0x7A, 0x45, 0x36, 0x04, 0xA7, 0x27, 0xEB, 0x5D,
    0x2A, 0x45, 0x5A, 0xB7, 0x38, 0xD1, 0x76, 0xA9, 0x64, 0x66, 0x8F, 0x55, 0xAB, 0x5E, 0x6C, 0xE5,
    0xA4, 0x49, 0xD4, 0x60, 0xB3, 0x1B, 0xB4, 0x1F, 0x47, 0x9A, 0xBD, 0xD2, 0x28, 0x5C, 0x52, 0xBC,
    0xE6, 0xA8, 0xD8, 0xBA, 0xA3, 0xD2, 0x4D, 0xB2, 0x69, 0x37, 0x4B, 0x06, 0xF9, 0xA3, 0x46, 0x9C,
    0xCB, 0xC8, 0xF0, 0x0B, 0xA6, 0x58, 0x52, 0xC1, 0x2C, 0x19, 0x0D, 0x0C, 0xB3, 0xE3, 0xA0, 0xD0,
    0xFE, 0xEB, 0x79, 0xD0, 0xBA, 0x69, 0x03, 0x02, 0x89, 0x27, 0xC4, 0x73, 0xA5, 0x95, 0x2C, 0x4C,
    0x5D, 0x27, 0x33, 0x9B, 0x50, 0x64, 0x62, 0xE6, 0x07, 0xC6, 0x4B, 0x3A, 0xEA, 0xBC, 0xFE, 0x02,
    0xCD, 0xC0, 0xB7, 0x16, 0xD8, 0x67, 0x0F, 0x7A, 0xF1, 0x99, 0xE5, 0x88, 0x85, 0x19, 0x96, 0x9C,
    0x35, 0xD0, 0xBD, 0xE2, 0x4E, 0x37, 0xC9, 0xA6, 0xDD, 0x2C, 0xFF, 0x06, 0xA5, 0x95, 0xB1, 0x8F,
    0xDC, 0x54, 0x10, 0xC6, 0x67, 0xF7, 0x71, 0x58, 0xCA, 0x0A, 0x4C, 0x93, 0x2A, 0x8A, 0xDC, 0x22,
    0x14, 0xB1, 0x2D, 0x85, 0x25, 0x1B, 0x5D, 0x41, 0x91, 0x26, 0xC5, 0x1D, 0x94, 0x50, 0x82, 0x28,
    0xD2, 0x50, 0x20, 0x91, 0xC8, 0x96, 0x52, 0x50, 0x72, 0x0D, 0xFF, 0x03, 0x1C, 0x05, 0xE9, 0x52,
    0x40, 0xF2, 0xDE, 0xDD, 0x15, 0x29, 0x28, 0xE2, 0xDC, 0x21, 0xA5, 0xA0, 0x88, 0x03, 0x69, 0x48,
    0x83, 0xC5, 0x59, 0x8A, 0xA3, 0xD8, 0x1E, 0xBE, 0xEF, 0xBD, 0xDD, 0xBD, 0xDB, 0xE4, 0x00, 0x21,
    0x56, 0xDA, 0xDF, 0xDD, 0xCE, 0x7B, 0x33, 0x9E, 0x37, 0x6F, 0xBE, 0xB1, 0xC8, 0xA5, 0x54, 0x24,
    0x20, 0x7D, 0x07, 0xC8, 0x06, 0x91, 0x48, 0xB5, 0x92, 0xAC, 0xFB, 0xA1, 0x15, 0x6D, 0x6F, 0xF5,
    0x66, 0xB8, 0x79, 0x3C, 0xC4, 0xDD, 0xCD, 0x3F, 0x87, 0xA4, 0x69, 0x9A, 0x6F, 0xB2, 0xA6, 0xA9,
    0x25, 0xAB, 0x1F, 0xD5, 0x62, 0xAB, 0x47, 0x95, 0xD8, 0xBD, 0xC3, 0x4A, 0x74, 0xEF, 0xD0, 0x89,
    0xEE, 0xEF, 0x13, 0x07, 0xC0, 0x41, 0x40, 0x29, 0xF6, 0xE8, 0x46, 0x29, 0xC5, 0x6F, 0x5F, 0xE6,
    0x92, 0x3D, 0x7D, 0xEF, 0xDD, 0x32, 0xD3, 0xCB, 0x71, 0x93, 0xE8, 0xE5, 0xA4, 0x99, 0x69, 0x3C,
    0xAF, 0xA7, 0x7A, 0x2F, 0x73, 0x62, 0x55, 0x45, 0x62, 0x7D, 0x2C, 0xF2, 0xFA, 0x45, 0x24, 0xF0,
    0x1A, 0x71, 0xF1, 0xD2, 0x12, 0x33, 0x2D, 0x05, 0x5B, 0x3A, 0x31, 0xBA, 0x39, 0x4A, 0xDC, 0x1B,
    0xCD, 0xE7, 0xED, 0x54, 0xCB, 0xAC, 0x99, 0xA8, 0xCB, 0x1A, 0xE1, 0x7F, 0xF2, 0xB6, 0x00, 0x22,
    0xF3, 0x16, 0x50, 0xD5, 0x26, 0x20, 0xEA, 0xF1, 0xD3, 0xAC, 0x70, 0xB2, 0x60, 0x3A, 0xFC, 0x8C,
    0xE8, 0x11, 0x97, 0x3C, 0x32, 0x8C, 0x4E, 0xCF, 0x80, 0xD5, 0x4A, 0xD5, 0x6A, 0xA3, 0x1A, 0x69,
    0x73, 0xE1, 0x67, 0xA3, 0xAD, 0x71, 0x46, 0xFB, 0x25, 0x1E, 0x8E, 0xC0, 0x3D, 0x05, 0x7E, 0x02,
    0x74, 0xF5, 0x31, 0xFB, 0x7A, 0xE0, 0xCC, 0x9E, 0x1E, 0x9D, 0xB6, 0xB9, 0xEC, 0xD8, 0x01, 0x4F,
    0x81, 0xE4, 0x39, 0x10, 0xEB, 0x12, 0x91, 0xBA, 0x08, 0xB1, 0xB1, 0xF9, 0x80, 0xD8, 0xC3, 0xB1,
    0x94, 0xD5, 0x60, 0x5A, 0xB9, 0x4C, 0xB4, 0xB1, 0x15, 0x39, 0x6F, 0xC8, 0xA4, 0x23, 0xE3, 0x7E,
    0xC1, 0x62, 0x91, 0x27, 0x79, 0xDA, 0xCE, 0xFD, 0xAD, 0xF7, 0xAD, 0xC1, 0x10, 0x87, 0x31, 0x61,
    0x91, 0x7F, 0x67, 0x1B, 0x8A, 0xE2, 0x96, 0x04, 0x8C, 0x56, 0x56, 0xCB, 0xA9, 0x3A, 0x04, 0x97,
    0x14, 0xF7, 0x30, 0xAB, 0x52, 0x99, 0xF5, 0x31, 0x18, 0xF5, 0x71, 0xFD, 0xB9, 0x44, 0x43, 0xDC,
    0x7C, 0x26, 0x06, 0x3D, 0x72, 0x13, 0x9C, 0x37, 0xA8, 0xF2, 0x98, 0xB5, 0x8D, 0x3F, 0x85, 0x82,
    0x76, 0x54, 0x44, 0xFE, 0xE2, 0x19, 0xCF, 0x72, 0x6B, 0x64, 0xD0, 0x63, 0x3D, 0xE1, 0xAF, 0xBC,
    0x65, 0xBD, 0x8F, 0x3C, 0xD1, 0x50, 0x64, 0xE1, 0xD0, 0x14, 0x52, 0x94, 0x64, 0x16, 0x98, 0xDF,
    0x21, 0xE5, 0xBA, 0x2C, 0x3F, 0x9F, 0xFA, 0x5B, 0x25, 0x3E, 0x24, 0x90, 0x99, 0xE1, 0xF5, 0x7A,
    0xF8, 0x9F, 0x01, 0xF6, 0xAB, 0x9E, 0x1D, 0xDD, 0x4B, 0x42, 0x64, 0x43, 0x82, 0xB2, 0x75, 0x58,
    0xF0, 0x85, 0x7A, 0x11, 0x2D, 0x60, 0xB9, 0x9A, 0x8D, 0x57, 0xBD, 0x87, 0x96, 0x91, 0x3E, 0x44,
    0x8E, 0x9F, 0x4C, 0xB6, 0x73, 0xFF, 0xD4, 0x93, 0xF6, 0x10, 0x49, 0x46, 0x91, 0xA9, 0x6A, 0x2D,
    0x49, 0x17, 0x77, 0x10, 0x05, 0x23, 0xB8, 0x78, 0x98, 0x68, 0x1E, 0x0D, 0x46, 0x65, 0xDA, 0x47,
    0x23, 0x5B, 0x78, 0x08, 0x6E, 0x7D, 0xC0, 0x2A, 0xB1, 0x80, 0x93, 0x05, 0xBF, 0xCF, 0x7B, 0xC0,
    0x77, 0xD2, 0x4D, 0x15, 0x85, 0x9C, 0x68, 0x09, 0xB3, 0xAD, 0xE2, 0x41, 0x32, 0xE6, 0x36, 0xD3,
    0xEF, 0xD9, 0x07, 0x2C, 0xD7, 0xC6, 0x56, 0xB8, 0x7E, 0x7F, 0xFB, 0x16, 0x17, 0xE4, 0x61, 0xEF,
    0x00, 0xC5, 0x6D, 0x20, 0xFB, 0x18, 0x78, 0x0B, 0xB1, 0x2A, 0x06, 0xFC, 0xA5, 0x64, 0x75, 0x72,
    0x00, 0x4F, 0xB9, 0x40, 0x1B, 0x45, 0x3E, 0x79, 0xAE, 0x0F, 0x4A, 0xD9, 0x64, 0x3C, 0xA3, 0x23,
    0xD5, 0x56, 0x53, 0x6D, 0x7E, 0x01, 0xB8, 0x11, 0x7C, 0x3D, 0x6A, 0x9F, 0x6A, 0xC0, 0xDF, 0x35,
    0x68, 0x68, 0xC4, 0xE2, 0xAC, 0x76, 0x64, 0x5D, 0xD7, 0x57, 0xB3, 0x66, 0xE5, 0xCB, 0xB8, 0xFF,
    0xA7, 0x41, 0x51, 0xCA, 0x35, 0x4C, 0x2C, 0x14, 0x9E, 0xF0, 0x54, 0xB6, 0xCA, 0xD0, 0xBB, 0x32,
    0x77, 0x33, 0xDC, 0xA6, 0x8B, 0x5B, 0x89, 0x1D, 0xF2, 0x8C, 0x5D, 0x56, 0xCB, 0x46, 0x5E, 0xE0,
    0x60, 0x62, 0xE9, 0xAF, 0xA7, 0x70, 0x7E, 0x7B, 0x8B, 0x12, 0xEC, 0xD5, 0xCD, 0xB5, 0x83, 0x0D,
    0xFA, 0xAA, 0x96, 0x80, 0x5B, 0x98, 0x3A, 0x2E, 0x69, 0xC5, 0x8B, 0x81, 0xD2, 0xA0, 0xA7, 0x3E,
    0x01, 0x12, 0x16, 0x57, 0xAE, 0xE6, 0x2F, 0x25, 0x24, 0xE7, 0x84, 0x55, 0xDF, 0xE1, 0x29, 0x3B,
    0x28, 0x66, 0xA6, 0xB8, 0x7C, 0x4C, 0x31, 0xC8, 0x79, 0x11, 0x6A, 0x56, 0xF9, 0xE7, 0x4F, 0x78,
    0xB3, 0x98, 0x71, 0x2C, 0x52, 0xE3, 0x81, 0x06, 0xAB, 0x39, 0x1F, 0xF3, 0x30, 0x9B, 0x4F, 0x16,
    0x12, 0xAA, 0x62, 0xCE, 0x07, 0x66, 0x68, 0x57, 0xA2, 0x70, 0x80, 0x2D, 0x61, 0xD3, 0x3C, 0x46,
    0x56, 0x68, 0xFB, 0x27, 0x14, 0x00, 0x03, 0x6C, 0x6C, 0x33, 0x8D, 0x74, 0x1D, 0xD7, 0x73, 0x96,
    0x09, 0xB5, 0xA2, 0x3A, 0xCD, 0x98, 0xA2, 0xD9, 0xFA, 0x14, 0x09, 0x35, 0xA9, 0xC5, 0x29, 0xD3,
    0x2C, 0xCF, 0xAA, 0xF4, 0x15, 0x29, 0x20, 0x72, 0x94, 0x29, 0x65, 0x71, 0xFE, 0x09, 0x7E, 0x8B,
    0xE5, 0xE6, 0xA2, 0x4E, 0x37, 0x30, 0x92, 0xD3, 0x79, 0x99, 0xB4, 0x69, 0x81, 0x32, 0x21, 0x9E,
    0xD1, 0x6B, 0xB6, 0x14, 0x1D, 0x74, 0xF1, 0x48, 0xB9, 0x9D, 0xBF, 0x9C, 0xD0, 0x9B, 0xE1, 0x80,
    0xBD, 0xC7, 0x4A, 0xE8, 0xA7, 0x6C, 0x98, 0xC4, 0x2E, 0x60, 0x5C, 0xE2, 0xC7, 0x01, 0xB8, 0x86,
    0xB3, 0x3A, 0xF9, 0x6F, 0x98, 0x85, 0xD9, 0xB6, 0xE8, 0xE9, 0xDD, 0xDD, 0xDD, 0x6F, 0xF1, 0x77,
    0x7C, 0x5F, 0x87, 0x6D, 0x2F, 0xEC, 0x08, 0xB6, 0xEF, 0xF4, 0x77, 0xDA, 0xB6, 0x3F, 0xD0, 0xAF,
    0x79, 0x2B, 0xB4, 0x09, 0xA4, 0x88, 0x01, 0x02, 0x9F, 0x1D, 0xFF, 0xF5, 0xDD, 0x88, 0xBA, 0x7B,
    0x9F, 0x58, 0xC3, 0x77, 0xE6, 0xF7, 0x52, 0x54, 0x0E, 0xF7, 0x37, 0xB2, 0xC0, 0x22, 0xAF, 0x5E,
    0x59, 0x3D, 0x6C, 0x29, 0xAA, 0x80, 0x37, 0x80, 0xC3, 0x1A, 0xF8, 0xA3, 0x5E, 0x8A, 0xB4, 0x5D,
    0xAC, 0xCE, 0xB5, 0xFA, 0x08, 0x1E, 0x0F, 0x6A, 0x39, 0xA6, 0x5E, 0x37, 0xD1, 0x60, 0x57, 0xA0,
    0xC5, 0x69, 0x37, 0xD3, 0xCA, 0xF4, 0x05, 0x01, 0xBB, 0xE9, 0x8E, 0xB4, 0x9A, 0xB6, 0xF0, 0x98,
    0x62, 0xFC, 0x55, 0x11, 0xC7, 0xF5, 0x3C, 0x37, 0xBC, 0x7D, 0xC3, 0xF1, 0x24, 0xE7, 0xB7, 0x24,
    0x88, 0xD6, 0x6B, 0xD6, 0x60, 0xD2, 0x56, 0x9C, 0x10, 0xDC, 0x9C, 0x74, 0x00, 0xDF, 0xAB, 0x2F,
    0xC2, 0x2F, 0x70, 0xCB, 0x7D, 0xBE, 0x06, 0xD5, 0xF7, 0xE4, 0xE3, 0xF5, 0xC4, 0xC3, 0xCD, 0x04,
    0x98, 0xF5, 0x59, 0xE1, 0x85, 0x19, 0xD4, 0x19, 0x53, 0x01, 0xEB, 0xB0, 0x0C, 0x55, 0x04, 0xB7,
    0xBB, 0x94, 0xD0, 0x9E, 0xD6, 0x7C, 0x05, 0x36, 0xEB, 0xA8, 0xB9, 0x80, 0xD5, 0x83, 0x91, 0xE7,
    0xD8, 0x21, 0x9E, 0x01, 0xFB, 0xB4, 0x39, 0xCB, 0x2D, 0x05, 0x92, 0x44, 0xD7, 0x13, 0xC3, 0x0A,
    0xFC, 0x59, 0x10, 0x78, 0x61, 0xE3, 0xA5, 0x5A, 0xF1, 0x41, 0xB9, 0x65, 0x80, 0xB3, 0x72, 0x91,
    0x73, 0x10, 0xE7, 0x5F, 0xBD, 0x93, 0x31, 0x6E, 0x83, 0x40, 0x10, 0x45, 0x3F, 0x46, 0x31, 0x05,
    0x05, 0x07, 0x48, 0xC1, 0x11, 0x7C, 0x83, 0x2C, 0x37, 0xC8, 0x51, 0x38, 0x02, 0xF4, 0x69, 0x72,
    0x88, 0x1C, 0x23, 0x16, 0x48, 0xBE, 0x80, 0x95, 0x13, 0x50, 0xA4, 0x37, 0x45, 0xA4, 0x20, 0x05,
    0xFC, 0xF3, 0x77, 0x27, 0xAC, 0x9C, 0x2E, 0x85, 0x1D, 0x34, 0xFC, 0x19, 0xAD, 0x56, 0xEC, 0xCE,
    0x7F, 0x0C, 0x50, 0xBF, 0xA3, 0x1E, 0x90, 0x72, 0xC9, 0xB8, 0xA0, 0xFC, 0xE2, 0xEE, 0x44, 0xB8,
    0x03, 0xBB, 0x03, 0xC1, 0x7E, 0xCF, 0x7E, 0x4E, 0xD8, 0xA6, 0x6C, 0xB5, 0xA3, 0x52, 0xF8, 0x94,
    0x29, 0xE9, 0xCD, 0x2D, 0x15, 0x4A, 0x0C, 0xCF, 0x9A, 0x0A, 0x5B, 0xBC, 0x4D, 0x6A, 0x15, 0x3A,
    0x68, 0x56, 0xAC, 0x09, 0xBA, 0xC6, 0xB3, 0xB4, 0xF3, 0x75, 0xC6, 0x47, 0x02, 0xC5, 0x9C, 0x4B,
    0xDD, 0x94, 0x4A, 0xBB, 0x11, 0xAF, 0x00, 0x07, 0xED, 0x48, 0x82, 0x6E, 0x78, 0x94, 0xA6, 0xD2,
    0xBB, 0xAA, 0xF1, 0x37, 0xEE, 0x4D, 0xB5, 0x92, 0x5D, 0x5B, 0x1D, 0xE7, 0x18, 0x40, 0x3D, 0x6D,
    0xFD, 0xC1, 0xEC, 0x2A, 0x94, 0x9F, 0x54, 0x3F, 0xEE, 0xCD, 0x2B, 0xFB, 0x8E, 0x55, 0xE2, 0x5B,
    0x93, 0xC5, 0xA6, 0xBE, 0xDB, 0xEC, 0x42, 0x75, 0xBF, 0xA8, 0xD7, 0x8E, 0x36, 0x7C, 0x59, 0x56,
    0x8E, 0xA6, 0x40, 0x39, 0xE1, 0x5E, 0x36, 0xCB, 0x29, 0x26, 0xE4, 0x07, 0x90, 0x9F, 0xF9, 0x74,
    0x76, 0xEA, 0x60, 0x37, 0xB2, 0x9E, 0xCA, 0x05, 0x68, 0xC6, 0x87, 0x66, 0xCC, 0xE7, 0x60, 0x2C,
    0x87, 0xE4, 0x45, 0xDE, 0x1E, 0x93, 0x60, 0xAC, 0xEC, 0x4D, 0xD9, 0x9B, 0xC3, 0xBF, 0x8A, 0x2D,
    0x1A, 0xFB, 0x43, 0x58, 0xC5, 0xC2, 0x5C, 0x2A, 0xFE, 0xBB, 0x18, 0xAC, 0x70, 0xA4, 0x0B, 0x2D,
    0xC7, 0x02, 0x61, 0x1E, 0x0C, 0x93, 0x26, 0xC2, 0xD3, 0xF1, 0x33, 0x61, 0xB0, 0x0E, 0x6C, 0x7E,
    0x78, 0xED, 0x57, 0x64, 0x9B, 0x95, 0x57, 0x04, 0x17, 0xA9, 0xE5, 0x17, 0xF8, 0x8C, 0x5D, 0x84,
    0x78, 0x1B, 0x8E, 0x7F, 0xC7, 0x1D, 0x89, 0x47, 0xE8, 0xBE, 0xF8, 0x06,
};

static const EpdGlyph sourceserif4_18_boldGlyphs[] = {
    { 0, 0, 128, 0, 0, 0, 0 }, // U+0020
    { 7, 27, 208, 3, 26, 48, 0 }, // !
    { 14, 13, 268, 1, 28, 46, 48 }, // "
    { 20, 25, 340, 1, 25, 125, 94 }, // #
    { 17, 33, 325, 2, 28, 141, 219 }, // $
    { 31, 28, 532, 1, 26, 217, 360 }, // %
    { 25, 27, 433, 1, 26, 169, 577 }, // &
    { 7, 13, 141, 1, 28, 23, 746 }, // '
    { 10, 35, 226, 3, 28, 88, 769 }, // (
    { 10, 35, 226, 1, 28, 88, 857 }, // )
    { 16, 16, 259, 0, 28, 64, 945 }, // *
    { 18, 19, 326, 1, 22, 86, 1009 }, // +
    { 8, 13, 180, 1, 6, 26, 1095 }, // ,
    { 10, 3, 203, 1, 11, 8, 1121 }, // -
    { 7, 8, 180, 2, 7, 14, 1129 }, // .
    { 15, 33, 232, 0, 27, 124, 1143 }, // /
    { 18, 26, 326, 1, 25, 117, 1267 }, // 0
    { 13, 25, 241, 1, 25, 82, 1384 }, // 1
    { 17, 25, 327, 2, 25, 107, 1466 }, // 2
    { 18, 26, 326, 1, 25, 117, 1573 }, // 3
    { 18, 25, 325, 1, 25, 113, 1690 }, // 4
    { 18, 25, 327, 1, 24, 113, 1803 }, // 5
    { 19, 26, 327, 1, 25, 124, 1916 }, // 6
    { 17, 24, 322, 2, 24, 102, 2040 }, // 7
    { 16, 26, 327, 2, 25, 104, 2142 }, // 8
    { 19, 26, 329, 1, 25, 124, 2246 }, // 9
    { 7, 20, 180, 2, 19, 35, 2370 }, // :
    { 8, 27, 180, 1, 19, 54, 2405 }, // ;
    { 18, 20, 326, 1, 22, 90, 2459 }, // <
    { 18, 11, 326, 1, 18, 50, 2549 }, // =
    { 18, 20, 326, 1, 22, 90, 2599 }, // >
    { 13, 28, 269, 2, 27, 91, 2689 }, // ?
    { 30, 32, 534, 2, 25, 240, 2780 }, // @
    { 25, 25, 405, 1, 25, 157, 3020 }, // A
    { 23, 25, 391, 1, 25, 144, 3177 }, // B
    { 21, 27, 373, 1, 26, 142, 3321 }, // C
    { 24, 25, 423, 1, 25, 150, 3463 }, // D
    { 20, 25, 357, 1, 25, 125, 3613 }, // E
    { 20, 25, 348, 1, 25, 125, 3738 }, // F
    { 23, 27, 405, 1, 26, 156, 3863 }, // G
    { 26, 25, 459, 1, 25, 163, 4019 }, // H
    { 12, 25, 233, 1, 25, 75, 4182 }, // I
    { 16, 31, 237, -3, 25, 124, 4257 }, // J
    { 25, 25, 418, 1, 25, 157, 4381 }, // K
    { 20, 25, 348, 1, 25, 125, 4538 }, // L
    { 32, 25, 538, 1, 25, 200, 4663 }, // M
    { 25, 25, 437, 1, 25, 157, 4863 }, // N
    { 24, 27, 421, 1, 26, 162, 5020 }, // O
    { 22, 25, 367, 1, 25, 138, 5182 }, // P
    { 24, 34, 421, 1, 26, 204, 5320 }, // Q
    { 24, 26, 410, 1, 25, 156, 5524 }, // R
    { 19, 27, 325, 1, 26, 129, 5680 }, // S
    { 23, 25, 380, 0, 25, 144, 5809 }, // T
    { 25, 26, 439, 1, 25, 163, 5953 }, // U
    { 24, 25, 397, 1, 25, 150, 6116 }, // V
    { 36, 25, 589, 1, 25, 225, 6266 }, // W
    { 24, 25, 392, 1, 25, 150, 6491 }, // X
    { 23, 25, 375, 1, 25, 144, 6641 }, // Y
    { 19, 25, 338, 1, 25, 119, 6785 }, // Z
    { 9, 34, 209, 4, 28, 77, 6904 }, // [
    { 15, 33, 232, 0, 27, 124, 6981 }, // <backslash>
    { 9, 34, 209, 1, 28, 77, 7105 }, // ]
    { 17, 13, 326, 2, 19, 56, 7182 }, // ^
    { 21, 3, 323, 0, 0, 16, 7238 }, // _
    { 8, 9, 240, 3, 30, 18, 7254 }, // `
    { 20, 20, 319, 1, 19, 100, 7272 }, // a
    { 22, 29, 366, 0, 28, 160, 7372 }, // b
    { 18, 20, 308, 1, 19, 90, 7532 }, // c
    { 21, 29, 356, 1, 28, 153, 7622 }, // d
    { 19, 20, 313, 1, 19, 95, 7775 }, // e
    { 17, 28, 217, 1, 28, 119, 7870 }, // f
    { 20, 28, 326, 1, 19, 140, 7989 }, // g
    { 22, 28, 370, 0, 28, 154, 8129 }, // h
    { 11, 28, 190, 0, 28, 77, 8283 }, // i
    { 14, 37, 184, -4, 28, 130, 8360 }, // j
    { 22, 28, 359, 1, 28, 154, 8490 }, // k
    { 10, 28, 194, 1, 28, 70, 8644 }, // l
    { 33, 19, 544, 0, 19, 157, 8714 }, // m
    { 22, 19, 370, 0, 19, 105, 8871 }, // n
    { 19, 20, 339, 1, 19, 95, 8976 }, // o
    { 22, 28, 367, 0, 19, 154, 9071 }, // p
    { 20, 28, 350, 1, 19, 140, 9225 }, // q
    { 17, 19, 279, 1, 19, 81, 9365 }, // r
    { 15, 20, 273, 1, 19, 75, 9446 }, // s
    { 13, 25, 215, 1, 24, 82, 9521 }, // t
    { 21, 20, 364, 1, 19, 105, 9603 }, // u
    { 20, 18, 316, 0, 18, 90, 9708 }, // v
    { 30, 18, 473, 0, 18, 135, 9798 }, // w
    { 20, 18, 331, 1, 18, 90, 9933 }, // x
    { 20, 27, 320, 1, 18, 135, 10023 }, // y
    { 16, 18, 278, 1, 18, 72, 10158 }, // z
    { 10, 34, 202, 1, 28, 85, 10230 }, // {
    { 4, 38, 187, 4, 28, 38, 10315 }, // |
    { 11, 34, 202, 1, 28, 94, 10353 }, // }
    { 18, 7, 326, 2, 16, 32, 10447 }, // ~
    { 0, 0, 128, 0, 0, 0, 0 }, // U+00A0
    { 7, 27, 208, 3, 19, 48, 0 }, // U+00A1
    { 18, 27, 325, 1, 25, 122, 48 }, // U+00A2
    { 17, 25, 325, 2, 25, 107, 170 }, // U+00A3
    { 19, 19, 326, 1, 21, 91, 277 }, // U+00A4
    { 21, 24, 325, 0, 24, 126, 368 }, // U+00A5
    { 4, 38, 187, 4, 28, 38, 494 }, // U+00A6
    { 17, 30, 319, 2, 26, 128, 532 }, // U+00A7
    { 15, 6, 240, 1, 28, 23, 660 }, // U+00A8
    { 26, 26, 446, 1, 25, 169, 683 }, // U+00A9
    { 13, 12, 213, 1, 28, 39, 852 }, // U+00AA
    { 19, 18, 331, 1, 19, 86, 891 }, // U+00AB
    { 18, 10, 326, 1, 15, 45, 977 }, // U+00AC
    { 10, 3, 203, 1, 11, 8, 1022 }, // U+00AD
    { 15, 16, 282, 1, 28, 60, 1030 }, // U+00AE
    { 10, 3, 240, 2, 25, 8, 1090 }, // U+00AF
    { 10, 10, 197, 1, 25, 25, 1098 }, // U+00B0
    { 18, 22, 326, 1, 22, 99, 1123 }, // U+00B1
    { 11, 16, 224, 2, 32, 44, 1222 }, // U+00B2
    { 11, 16, 224, 1, 32, 44, 1266 }, // U+00B3
    { 8, 9, 240, 4, 30, 18, 1310 }, // U+00B4
    { 20, 27, 353, 2, 19, 135, 1328 }, // U+00B5
    { 22, 30, 382, 1, 25, 165, 1463 }, // U+00B6
    { 7, 7, 180, 2, 16, 13, 1628 }, // U+00B7
    { 9, 9, 240, 2, 0, 21, 1641 }, // U+00B8
    { 10, 16, 224, 2, 32, 40, 1662 }, // U+00B9
    { 13, 12, 228, 1, 28, 39, 1702 }, // U+00BA
    { 19, 18, 331, 1, 19, 86, 1741 }, // U+00BB
    { 29, 28, 514, 2, 26, 203, 1827 }, // U+00BC
    { 29, 28, 532, 2, 26, 203, 2030 }, // U+00BD
    { 30, 27, 514, 1, 25, 203, 2233 }, // U+00BE
    { 12, 28, 269, 2, 19, 84, 2436 }, // U+00BF
    { 25, 34, 405, 1, 34, 213, 2520 }, // U+00C0
    { 25, 34, 405, 1, 34, 213, 2733 }, // U+00C1
    { 25, 34, 405, 1, 34, 213, 2946 }, // U+00C2
    { 25, 34, 405, 1, 34, 213, 3159 }, // U+00C3
    { 25, 32, 405, 1, 32, 200, 3372 }, // U+00C4
    { 25, 34, 405, 1, 34, 213, 3572 }, // U+00C5
    { 32, 25, 535, 1, 25, 200, 3785 }, // U+00C6
    { 21, 35, 373, 1, 26, 184, 3985 }, // U+00C7
    { 20, 34, 357, 1, 34, 170, 4169 }, // U+00C8
    { 20, 34, 357, 1, 34, 170, 4339 }, // U+00C9
    { 20, 34, 357, 1, 34, 170, 4509 }, // U+00CA
    { 20, 32, 357, 1, 32, 160, 4679 }, // U+00CB
    { 12, 34, 233, 1, 34, 102, 4839 }, // U+00CC
    { 12, 34, 233, 1, 34, 102, 4941 }, // U+00CD
    { 14, 34, 233, 0, 34, 119, 5043 }, // U+00CE
    { 12, 32, 233, 1, 32, 96, 5162 }, // U+00CF
    { 24, 25, 423, 1, 25, 150, 5258 }, // U+00D0
    { 25, 34, 437, 1, 34, 213, 5408 }, // U+00D1
    { 24, 35, 421, 1, 34, 210, 5621 }, // U+00D2
    { 24, 35, 421, 1, 34, 210, 5831 }, // U+00D3
    { 24, 35, 421, 1, 34, 210, 6041 }, // U+00D4
    { 24, 35, 421, 1, 34, 210, 6251 }, // U+00D5
    { 24, 33, 421, 1, 32, 198, 6461 }, // U+00D6
    { 18, 19, 326, 1, 22, 86, 6659 }, // U+00D7
    { 24, 29, 421, 1, 27, 174, 6745 }, // U+00D8
    { 25, 35, 439, 1, 34, 219, 6919 }, // U+00D9
    { 25, 35, 439, 1, 34, 219, 7138 }, // U+00DA
    { 25, 35, 439, 1, 34, 219, 7357 }, // U+00DB
    { 26, 33, 439, 1, 32, 215, 7576 }, // U+00DC
    { 23, 34, 375, 1, 34, 196, 7791 }, // U+00DD
    { 21, 25, 373, 1, 25, 132, 7987 }, // U+00DE
    { 23, 29, 395, 1, 28, 167, 8119 }, // U+00DF
    { 20, 31, 319, 1, 30, 155, 8286 }, // U+00E0
    { 20, 31, 319, 1, 30, 155, 8441 }, // U+00E1
    { 20, 30, 319, 1, 29, 150, 8596 }, // U+00E2
    { 20, 30, 319, 1, 29, 150, 8746 }, // U+00E3
    { 20, 29, 319, 1, 28, 145, 8896 }, // U+00E4
    { 20, 31, 319, 1, 30, 155, 9041 }, // U+00E5
    { 29, 20, 474, 1, 19, 145, 9196 }, // U+00E6
    { 18, 28, 308, 1, 19, 126, 9341 }, // U+00E7
    { 19, 31, 313, 1, 30, 148, 9467 }, // U+00E8
    { 19, 31, 313, 1, 30, 148, 9615 }, // U+00E9
    { 19, 30, 313, 1, 29, 143, 9763 }, // U+00EA
    { 19, 29, 313, 1, 28, 138, 9906 }, // U+00EB
    { 11, 30, 190, 0, 30, 83, 10044 }, // U+00EC
    { 11, 30, 190, 0, 30, 83, 10127 }, // U+00ED
    { 14, 29, 190, -1, 29, 102, 10210 }, // U+00EE
    { 12, 28, 190, 0, 28, 84, 10312 }, // U+00EF
    { 19, 29, 332, 1, 28, 138, 10396 }, // U+00F0
    { 22, 29, 370, 0, 29, 160, 10534 }, // U+00F1
    { 19, 31, 339, 1, 30, 148, 10694 }, // U+00F2
    { 19, 31, 339, 1, 30, 148, 10842 }, // U+00F3
    { 19, 30, 339, 1, 29, 143, 10990 }, // U+00F4
    { 19, 30, 339, 1, 29, 143, 11133 }, // U+00F5
    { 19, 29, 339, 1, 28, 138, 11276 }, // U+00F6
    { 18, 19, 326, 1, 22, 86, 11414 }, // U+00F7
    { 20, 22, 339, 1, 20, 110, 11500 }, // U+00F8
    { 21, 31, 364, 1, 30, 163, 11610 }, // U+00F9
    { 21, 31, 364, 1, 30, 163, 11773 }, // U+00FA
    { 21, 30, 364, 1, 29, 158, 11936 }, // U+00FB
    { 21, 29, 364, 1, 28, 153, 12094 }, // U+00FC
    { 20, 39, 320, 1, 30, 195, 12247 }, // U+00FD
    { 21, 37, 362, 1, 28, 195, 12442 }, // U+00FE
    { 20, 37, 320, 1, 28, 185, 12637 }, // U+00FF
    { 25, 31, 405, 1, 31, 194, 0 }, // U+0100
    { 20, 27, 319, 1, 26, 135, 194 }, // U+0101
    { 25, 33, 405, 1, 33, 207, 329 }, // U+0102
    { 20, 30, 319, 1, 29, 150, 536 }, // U+0103
    { 25, 34, 405, 1, 25, 213, 686 }, // U+0104
    { 20, 28, 319, 1, 19, 140, 899 }, // U+0105
    { 21, 35, 373, 1, 34, 184, 1039 }, // U+0106
    { 18, 31, 308, 1, 30, 140, 1223 }, // U+0107
    { 21, 35, 373, 1, 34, 184, 1363 }, // U+0108
    { 18, 30, 308, 1, 29, 135, 1547 }, // U+0109
    { 21, 34, 373, 1, 33, 179, 1682 }, // U+010A
    { 18, 29, 308, 1, 28, 131, 1861 }, // U+010B
    { 21, 35, 373, 1, 34, 184, 1992 }, // U+010C
    { 18, 31, 308, 1, 30, 140, 2176 }, // U+010D
    { 24, 34, 423, 1, 34, 204, 2316 }, // U+010E
    { 25, 30, 365, 1, 29, 188, 2520 }, // U+010F
    { 24, 25, 423, 1, 25, 150, 2708 }, // U+0110
    { 21, 29, 356, 1, 28, 153, 2858 }, // U+0111
    { 20, 31, 357, 1, 31, 155, 3011 }, // U+0112
    { 19, 27, 313, 1, 26, 129, 3166 }, // U+0113
    { 20, 33, 357, 1, 33, 165, 3295 }, // U+0114
    { 19, 30, 313, 1, 29, 143, 3460 }, // U+0115
    { 20, 33, 357, 1, 33, 165, 3603 }, // U+0116
    { 19, 29, 313, 1, 28, 138, 3768 }, // U+0117
    { 20, 34, 357, 1, 25, 170, 3906 }, // U+0118
    { 18, 28, 313, 1, 19, 126, 4076 }, // U+0119
    { 20, 34, 357, 1, 34, 170, 4202 }, // U+011A
    { 19, 31, 313, 1, 30, 148, 4372 }, // U+011B
    { 23, 35, 405, 1, 34, 202, 4520 }, // U+011C
    { 20, 38, 326, 1, 29, 190, 4722 }, // U+011D
    { 23, 34, 405, 1, 33, 196, 4912 }, // U+011E
    { 20, 38, 326, 1, 29, 190, 5108 }, // U+011F
    { 23, 34, 405, 1, 33, 196, 5298 }, // U+0120
    { 20, 37, 326, 1, 28, 185, 5494 }, // U+0121
    { 23, 37, 405, 1, 26, 213, 5679 }, // U+0122
    { 20, 39, 326, 1, 30, 195, 5892 }, // U+0123
    { 26, 34, 459, 1, 34, 221, 6087 }, // U+0124
    { 22, 36, 370, 0, 36, 198, 6308 }, // U+0125
    { 27, 25, 460, 1, 25, 169, 6506 }, // U+0126
    { 22, 28, 370, 1, 28, 154, 6675 }, // U+0127
    { 14, 34, 233, 0, 34, 119, 6829 }, // U+0128
    { 14, 29, 190, -1, 29, 102, 6948 }, // U+0129
    { 12, 31, 233, 1, 31, 93, 7050 }, // U+012A
    { 10, 26, 190, 1, 26, 65, 7143 }, // U+012B
    { 12, 34, 233, 1, 25, 102, 7208 }, // U+012E
    { 12, 37, 190, 0, 28, 111, 7310 }, // U+012F
    { 12, 33, 233, 1, 33, 99, 7421 }, // U+0130
    { 11, 19, 190, 0, 19, 53, 7520 }, // U+0131
    { 17, 40, 237, -3, 34, 170, 7573 }, // U+0134
    { 17, 38, 184, -4, 29, 162, 7743 }, // U+0135
    { 25, 36, 418, 1, 25, 225, 7905 }, // U+0136
    { 22, 39, 359, 1, 28, 215, 8130 }, // U+0137
    { 23, 19, 357, 0, 19, 110, 8345 }, // U+0138
    { 20, 34, 348, 1, 34, 170, 8455 }, // U+0139
    { 12, 35, 194, 1, 35, 105, 8625 }, // U+013A
    { 20, 36, 348, 1, 25, 180, 8730 }, // U+013B
    { 10, 39, 194, 1, 28, 98, 8910 }, // U+013C
    { 20, 27, 348, 1, 27, 135, 9008 }, // U+013D
    { 15, 29, 197, 1, 29, 109, 9143 }, // U+013E
    { 20, 25, 348, 1, 25, 125, 9252 }, // U+013F
    { 16, 28, 233, 1, 28, 112, 9377 }, // U+0140
    { 20, 25, 348, 1, 25, 125, 9489 }, // U+0141
    { 11, 28, 194, 1, 28, 77, 9614 }, // U+0142
    { 25, 34, 437, 1, 34, 213, 9691 }, // U+0143
    { 22, 30, 370, 0, 30, 165, 9904 }, // U+0144
    { 25, 36, 437, 1, 25, 225, 10069 }, // U+0145
    { 22, 30, 370, 0, 19, 165, 10294 }, // U+0146
    { 25, 34, 437, 1, 34, 213, 10459 }, // U+0147
    { 22, 30, 370, 0, 30, 165, 10672 }, // U+0148
    { 29, 28, 471, 0, 28, 203, 10837 }, // U+0149
    { 25, 31, 437, 1, 25, 194, 11040 }, // U+014A
    { 21, 28, 370, 0, 19, 147, 11234 }, // U+014B
    { 24, 32, 421, 1, 31, 192, 11381 }, // U+014C
    { 19, 27, 339, 1, 26, 129, 11573 }, // U+014D
    { 24, 34, 421, 1, 33, 204, 11702 }, // U+014E
    { 19, 30, 339, 1, 29, 143, 11906 }, // U+014F
    { 24, 36, 421, 1, 35, 216, 12049 }, // U+0150
    { 19, 31, 339, 1, 30, 148, 12265 }, // U+0151
    { 33, 27, 558, 1, 26, 223, 12413 }, // U+0152
    { 31, 20, 515, 1, 19, 155, 12636 }, // U+0153
    { 24, 35, 410, 1, 34, 210, 12791 }, // U+0154
    { 17, 30, 279, 1, 30, 128, 13001 }, // U+0155
    { 24, 36, 410, 1, 25, 216, 13129 }, // U+0156
    { 17, 30, 279, 1, 19, 128, 13345 }, // U+0157
    { 24, 35, 410, 1, 34, 210, 13473 }, // U+0158
    { 17, 30, 279, 1, 30, 128, 13683 }, // U+0159
    { 19, 35, 325, 1, 34, 167, 13811 }, // U+015A
    { 15, 30, 273, 1, 29, 113, 13978 }, // U+015B
    { 19, 35, 325, 1, 34, 167, 14091 }, // U+015C
    { 15, 30, 273, 1, 29, 113, 14258 }, // U+015D
    { 19, 35, 325, 1, 26, 167, 14371 }, // U+015E
    { 15, 28, 273, 1, 19, 105, 14538 }, // U+015F
    { 19, 35, 325, 1, 34, 167, 14643 }, // U+0160
    { 15, 31, 273, 1, 30, 117, 14810 }, // U+0161
    { 23, 34, 380, 0, 25, 196, 14927 }, // U+0162
    { 14, 33, 215, 1, 24, 116, 15123 }, // U+0163
    { 23, 34, 380, 0, 34, 196, 15239 }, // U+0164
    { 15, 30, 215, 1, 29, 113, 15435 }, // U+0165
    { 25, 35, 439, 1, 34, 219, 15548 }, // U+0168
    { 21, 30, 364, 1, 29, 158, 15767 }, // U+0169
    { 25, 32, 439, 1, 31, 200, 15925 }, // U+016A
    { 21, 27, 364, 1, 26, 142, 16125 }, // U+016B
    { 25, 34, 439, 1, 33, 213, 16267 }, // U+016C
    { 21, 30, 364, 1, 29, 158, 16480 }, // U+016D
    { 25, 36, 439, 1, 35, 225, 16638 }, // U+016E
    { 21, 31, 364, 1, 30, 163, 16863 }, // U+016F
    { 25, 36, 439, 1, 35, 225, 17026 }, // U+0170
    { 21, 31, 364, 1, 30, 163, 17251 }, // U+0171
    { 25, 34, 439, 1, 25, 213, 17414 }, // U+0172
    { 21, 28, 364, 1, 19, 147, 17627 }, // U+0173
    { 36, 34, 589, 1, 34, 306, 17774 }, // U+0174
    { 30, 29, 473, 0, 29, 218, 18080 }, // U+0175
    { 23, 34, 375, 1, 34, 196, 18298 }, // U+0176
    { 20, 38, 320, 1, 29, 190, 18494 }, // U+0177
    { 23, 32, 375, 1, 32, 184, 18684 }, // U+0178
    { 19, 34, 338, 1, 34, 162, 18868 }, // U+0179
    { 16, 30, 278, 1, 30, 120, 19030 }, // U+017A
    { 19, 33, 338, 1, 33, 157, 19150 }, // U+017B
    { 16, 28, 278, 1, 28, 112, 19307 }, // U+017C
    { 19, 34, 338, 1, 34, 162, 19419 }, // U+017D
    { 16, 30, 278, 1, 30, 120, 19581 }, // U+017E
    { 16, 28, 215, 1, 28, 112, 19701 }, // U+017F
    { 24, 32, 421, 1, 31, 192, 0 }, // U+01A0
    { 19, 25, 339, 1, 24, 119, 192 }, // U+01A1
    { 27, 33, 439, 1, 32, 223, 311 }, // U+01AF
    { 23, 28, 364, 1, 27, 161, 534 }, // U+01B0
    { 25, 34, 405, 1, 34, 213, 695 }, // U+01CD
    { 20, 31, 319, 1, 30, 155, 908 }, // U+01CE
    { 14, 34, 233, 0, 34, 119, 1063 }, // U+01CF
    { 14, 30, 190, -1, 30, 105, 1182 }, // U+01D0
    { 24, 35, 421, 1, 34, 210, 1287 }, // U+01D1
    { 19, 31, 339, 1, 30, 148, 1497 }, // U+01D2
    { 25, 35, 439, 1, 34, 219, 1645 }, // U+01D3
    { 21, 31, 364, 1, 30, 163, 1864 }, // U+01D4
    { 26, 38, 439, 1, 37, 247, 2027 }, // U+01D5
    { 21, 32, 364, 1, 31, 168, 2274 }, // U+01D6
    { 26, 40, 439, 1, 39, 260, 2442 }, // U+01D7
    { 21, 35, 364, 1, 34, 184, 2702 }, // U+01D8
    { 26, 40, 439, 1, 39, 260, 2886 }, // U+01D9
    { 21, 35, 364, 1, 34, 184, 3146 }, // U+01DA
    { 26, 40, 439, 1, 39, 260, 3330 }, // U+01DB
    { 21, 35, 364, 1, 34, 184, 3590 }, // U+01DC
    { 23, 35, 405, 1, 34, 202, 3774 }, // U+01E6
    { 20, 38, 326, 1, 29, 190, 3976 }, // U+01E7
    { 25, 34, 437, 1, 34, 213, 4166 }, // U+01F8
    { 22, 30, 370, 0, 30, 165, 4379 }, // U+01F9
    { 19, 37, 325, 1, 26, 176, 4544 }, // U+0218
    { 15, 30, 273, 1, 19, 113, 4720 }, // U+0219
    { 23, 36, 380, 0, 25, 207, 4833 }, // U+021A
    { 13, 35, 215, 1, 24, 114, 5040 }, // U+021B
    { 8, 9, 0, -6, 30, 18, 0 }, // U+0300
    { 8, 9, 0, -3, 30, 18, 18 }, // U+0301
    { 14, 8, 0, -7, 29, 28, 36 }, // U+0302
    { 14, 7, 0, -7, 29, 25, 64 }, // U+0303
    { 10, 3, 0, -5, 25, 8, 89 }, // U+0304
    { 14, 7, 0, -7, 29, 25, 97 }, // U+0306
    { 7, 6, 0, -3, 28, 11, 122 }, // U+0307
    { 15, 6, 0, -7, 28, 23, 133 }, // U+0308
    { 7, 9, 0, -3, 30, 16, 156 }, // U+0309
    { 9, 9, 0, -4, 30, 21, 172 }, // U+030A
    { 13, 9, 0, -5, 30, 30, 193 }, // U+030B
    { 14, 8, 0, -7, 30, 28, 223 }, // U+030C
    { 5, 10, 0, 0, 28, 13, 251 }, // U+031B
    { 7, 6, 0, -3, -3, 11, 264 }, // U+0323
    { 15, 6, 0, -7, -2, 23, 275 }, // U+0324
    { 6, 9, 0, -3, -2, 14, 298 }, // U+0326
    { 9, 9, 0, -4, 0, 21, 312 }, // U+0327
    { 9, 9, 0, -5, 0, 21, 333 }, // U+0328
    { 4, 8, 0, -2, -2, 8, 354 }, // U+0329
    { 14, 7, 0, -7, -2, 25, 362 }, // U+032E
    { 10, 3, 0, -5, -4, 8, 387 }, // U+0331
    { 25, 34, 405, 1, 25, 213, 0 }, // U+1EA0
    { 20, 28, 319, 1, 19, 140, 213 }, // U+1EA1
    { 25, 35, 405, 1, 35, 219, 353 }, // U+1EA2
    { 20, 31, 319, 1, 30, 155, 572 }, // U+1EA3
    { 25, 36, 405, 1, 36, 225, 727 }, // U+1EA4
    { 20, 32, 319, 1, 31, 160, 952 }, // U+1EA5
    { 25, 36, 405, 1, 36, 225, 1112 }, // U+1EA6
    { 22, 32, 319, -1, 31, 176, 1337 }, // U+1EA7
    { 25, 38, 405, 1, 38, 238, 1513 }, // U+1EA8
    { 19, 35, 319, 1, 34, 167, 1751 }, // U+1EA9
    { 25, 39, 405, 1, 39, 244, 1918 }, // U+1EAA
    { 20, 34, 319, 1, 33, 170, 2162 }, // U+1EAB
    { 25, 42, 405, 1, 33, 263, 2332 }, // U+1EAC
    { 20, 37, 319, 1, 28, 185, 2595 }, // U+1EAD
    { 25, 39, 405, 1, 39, 244, 2780 }, // U+1EAE
    { 20, 35, 319, 1, 34, 175, 3024 }, // U+1EAF
    { 25, 39, 405, 1, 39, 244, 3199 }, // U+1EB0
    { 20, 35, 319, 1, 34, 175, 3443 }, // U+1EB1
    { 25, 39, 405, 1, 39, 244, 3618 }, // U+1EB2
    { 20, 35, 319, 1, 34, 175, 3862 }, // U+1EB3
    { 25, 39, 405, 1, 39, 244, 4037 }, // U+1EB4
    { 20, 35, 319, 1, 34, 175, 4281 }, // U+1EB5
    { 25, 42, 405, 1, 33, 263, 4456 }, // U+1EB6
    { 20, 38, 319, 1, 29, 190, 4719 }, // U+1EB7
    { 20, 34, 357, 1, 25, 170, 4909 }, // U+1EB8
    { 19, 28, 313, 1, 19, 133, 5079 }, // U+1EB9
    { 20, 35, 357, 1, 35, 175, 5212 }, // U+1EBA
    { 19, 31, 313, 1, 30, 148, 5387 }, // U+1EBB
    { 20, 34, 357, 1, 34, 170, 5535 }, // U+1EBC
    { 19, 30, 313, 1, 29, 143, 5705 }, // U+1EBD
    { 22, 36, 357, 1, 36, 198, 5848 }, // U+1EBE
    { 20, 32, 313, 1, 31, 160, 6046 }, // U+1EBF
    { 20, 36, 357, 1, 36, 180, 6206 }, // U+1EC0
    { 20, 32, 313, 0, 31, 160, 6386 }, // U+1EC1
    { 21, 38, 357, 1, 38, 200, 6546 }, // U+1EC2
    { 20, 35, 313, 1, 34, 175, 6746 }, // U+1EC3
    { 20, 39, 357, 1, 39, 195, 6921 }, // U+1EC4
    { 19, 34, 313, 1, 33, 162, 7116 }, // U+1EC5
    { 20, 42, 357, 1, 33, 210, 7278 }, // U+1EC6
    { 19, 37, 313, 1, 28, 176, 7488 }, // U+1EC7
    { 12, 35, 233, 1, 35, 105, 7664 }, // U+1EC8
    { 11, 30, 190, 0, 30, 83, 7769 }, // U+1EC9
    { 12, 34, 233, 1, 25, 102, 7852 }, // U+1ECA
    { 11, 37, 190, 0, 28, 102, 7954 }, // U+1ECB
    { 24, 35, 421, 1, 26, 210, 8056 }, // U+1ECC
    { 19, 28, 339, 1, 19, 133, 8266 }, // U+1ECD
    { 24, 36, 421, 1, 35, 216, 8399 }, // U+1ECE
    { 19, 31, 339, 1, 30, 148, 8615 }, // U+1ECF
    { 24, 37, 421, 1, 36, 222, 8763 }, // U+1ED0
    { 20, 32, 339, 1, 31, 160, 8985 }, // U+1ED1
    { 24, 37, 421, 1, 36, 222, 9145 }, // U+1ED2
    { 20, 32, 339, 0, 31, 160, 9367 }, // U+1ED3
    { 24, 39, 421, 1, 38, 234, 9527 }, // U+1ED4
    { 20, 35, 339, 1, 34, 175, 9761 }, // U+1ED5
    { 24, 40, 421, 1, 39, 240, 9936 }, // U+1ED6
    { 19, 34, 339, 1, 33, 162, 10176 }, // U+1ED7
    { 24, 42, 421, 1, 33, 252, 10338 }, // U+1ED8
    { 19, 37, 339, 1, 28, 176, 10590 }, // U+1ED9
    { 24, 35, 421, 1, 34, 210, 10766 }, // U+1EDA
    { 19, 31, 339, 1, 30, 148, 10976 }, // U+1EDB
    { 24, 35, 421, 1, 34, 210, 11124 }, // U+1EDC
    { 19, 31, 339, 1, 30, 148, 11334 }, // U+1EDD
    { 24, 36, 421, 1, 35, 216, 11482 }, // U+1EDE
    { 19, 32, 339, 1, 31, 152, 11698 }, // U+1EDF
    { 24, 35, 421, 1, 34, 210, 11850 }, // U+1EE0
    { 19, 30, 339, 1, 29, 143, 12060 }, // U+1EE1
    { 24, 39, 421, 1, 30, 234, 12203 }, // U+1EE2
    { 19, 33, 339, 1, 24, 157, 12437 }, // U+1EE3
    { 25, 34, 439, 1, 25, 213, 12594 }, // U+1EE4
    { 21, 28, 364, 1, 19, 147, 12807 }, // U+1EE5
    { 25, 36, 439, 1, 35, 225, 12954 }, // U+1EE6
    { 21, 31, 364, 1, 30, 163, 13179 }, // U+1EE7
    { 27, 35, 439, 1, 34, 237, 13342 }, // U+1EE8
    { 23, 31, 364, 1, 30, 179, 13579 }, // U+1EE9
    { 27, 35, 439, 1, 34, 237, 13758 }, // U+1EEA
    { 23, 31, 364, 1, 30, 179, 13995 }, // U+1EEB
    { 27, 36, 439, 1, 35, 243, 14174 }, // U+1EEC
    { 23, 32, 364, 1, 31, 184, 14417 }, // U+1EED
    { 27, 35, 439, 1, 34, 237, 14601 }, // U+1EEE
    { 23, 30, 364, 1, 29, 173, 14838 }, // U+1EEF
    { 27, 40, 439, 1, 31, 270, 15011 }, // U+1EF0
    { 23, 35, 364, 1, 26, 202, 15281 }, // U+1EF1
    { 23, 34, 375, 1, 34, 196, 15483 }, // U+1EF2
    { 20, 39, 320, 1, 30, 195, 15679 }, // U+1EF3
    { 23, 34, 375, 1, 25, 196, 15874 }, // U+1EF4
    { 20, 27, 320, 1, 18, 135, 16070 }, // U+1EF5
    { 23, 35, 375, 1, 35, 202, 16205 }, // U+1EF6
    { 20, 39, 320, 1, 30, 195, 16407 }, // U+1EF7
    { 23, 34, 375, 1, 34, 196, 16602 }, // U+1EF8
    { 20, 38, 320, 1, 29, 190, 16798 }, // U+1EF9
    { 0, 0, 300, 0, 0, 0, 0 }, // U+2002
    { 0, 0, 600, 0, 0, 0, 0 }, // U+2003
    { 0, 0, 200, 0, 0, 0, 0 }, // U+2004
    { 0, 0, 150, 0, 0, 0, 0 }, // U+2005
    { 0, 0, 100, 0, 0, 0, 0 }, // U+2006
    { 0, 0, 325, 0, 0, 0, 0 }, // U+2007
    { 0, 0, 75, 0, 0, 0, 0 }, // U+2009
    { 0, 0, 25, 0, 0, 0, 0 }, // U+200A
    { 0, 0, 0, 0, 0, 0, 0 }, // U+200B
    { 10, 3, 203, 1, 11, 8, 0 }, // U+2010
    { 10, 3, 203, 1, 11, 8, 8 }, // U+2011
    { 17, 3, 325, 1, 13, 13, 16 }, // U+2012
    { 17, 3, 323, 1, 11, 13, 29 }, // U+2013
    { 28, 3, 503, 1, 11, 21, 42 }, // U+2014
    { 28, 3, 503, 1, 11, 21, 63 }, // U+2015
    { 7, 12, 134, 1, 28, 21, 84 }, // U+2018
    { 8, 12, 134, 0, 28, 24, 105 }, // U+2019
    { 8, 12, 134, 0, 6, 24, 129 }, // U+201A
    { 15, 12, 264, 1, 28, 45, 153 }, // U+201C
    { 16, 12, 262, 0, 28, 48, 198 }, // U+201D
    { 16, 12, 262, 0, 6, 48, 246 }, // U+201E
    { 17, 30, 319, 1, 28, 128, 294 }, // U+2020
    { 17, 31, 319, 1, 28, 132, 422 }, // U+2021
    { 10, 10, 198, 1, 17, 25, 554 }, // U+2022
    { 18, 8, 360, 2, 7, 36, 579 }, // U+2025
    { 28, 8, 509, 2, 7, 56, 615 }, // U+2026
    { 0, 0, 75, 0, 0, 0, 671 }, // U+202F
    { 45, 28, 755, 1, 26, 315, 671 }, // U+2030
    { 6, 13, 154, 2, 28, 20, 986 }, // U+2032
    { 14, 13, 284, 2, 28, 46, 1006 }, // U+2033
    { 11, 18, 200, 1, 19, 50, 1052 }, // U+2039
    { 11, 18, 200, 1, 19, 50, 1102 }, // U+203A
    { 19, 27, 395, 3, 26, 129, 1152 }, // U+203C
    { 19, 28, 84, -7, 26, 133, 1281 }, // U+2044
    { 28, 28, 506, 2, 27, 196, 1414 }, // U+2047
    { 24, 27, 456, 2, 26, 162, 1610 }, // U+2048
    { 23, 27, 448, 3, 26, 156, 1772 }, // U+2049
    { 20, 32, 325, 1, 28, 160, 0 }, // U+20A1
    { 17, 25, 325, 2, 25, 107, 160 }, // U+20A4
    { 20, 24, 325, 1, 24, 120, 267 }, // U+20A6
    { 21, 24, 325, 0, 24, 126, 387 }, // U+20A7
    { 22, 24, 325, 0, 24, 132, 513 }, // U+20A9
    { 18, 27, 325, 2, 27, 122, 645 }, // U+20AB
    { 20, 26, 325, 1, 25, 130, 767 }, // U+20AC
    { 20, 24, 325, 0, 24, 120, 897 }, // U+20AE
    { 21, 24, 325, 0, 24, 126, 1017 }, // U+20B1
    { 19, 33, 325, 1, 28, 157, 1143 }, // U+20B2
    { 18, 26, 325, 1, 25, 117, 1300 }, // U+20B4
    { 17, 33, 325, 2, 28, 141, 1417 }, // U+20B5
    { 19, 24, 325, 1, 24, 114, 1558 }, // U+20B8
    { 16, 25, 325, 2, 24, 100, 1672 }, // U+20B9
    { 19, 25, 325, 1, 24, 119, 1772 }, // U+20BA
    { 19, 24, 325, 1, 24, 114, 1891 }, // U+20BD
    { 20, 33, 325, 0, 28, 165, 2005 }, // U+20BF
    { 28, 28, 406, 1, 28, 196, 0 }, // U+FB00
    { 23, 28, 376, 0, 28, 161, 196 }, // U+FB01
    { 22, 28, 385, 1, 28, 154, 357 }, // U+FB02
    { 34, 28, 565, 0, 28, 238, 511 }, // U+FB03
    { 34, 28, 574, 1, 28, 238, 749 }, // U+FB04
};

static const EpdUnicodeInterval sourceserif4_18_boldIntervals[] = {
    { 0x20, 0x7E, 0x0 },
    { 0xA0, 0x12B, 0x5F },
    { 0x12E, 0x131, 0xEB },
    { 0x134, 0x165, 0xEF },
    { 0x168, 0x17F, 0x121 },
    { 0x1A0, 0x1A1, 0x139 },
    { 0x1AF, 0x1B0, 0x13B },
    { 0x1CD, 0x1DC, 0x13D },
    { 0x1E6, 0x1E7, 0x14D },
    { 0x1F8, 0x1F9, 0x14F },
    { 0x218, 0x21B, 0x151 },
    { 0x300, 0x304, 0x155 },
    { 0x306, 0x30C, 0x15A },
    { 0x31B, 0x31B, 0x161 },
    { 0x323, 0x324, 0x162 },
    { 0x326, 0x329, 0x164 },
    { 0x32E, 0x32E, 0x168 },
    { 0x331, 0x331, 0x169 },
    { 0x1EA0, 0x1EF9, 0x16A },
    { 0x2002, 0x2007, 0x1C4 },
    { 0x2009, 0x200B, 0x1CA },
    { 0x2010, 0x2015, 0x1CD },
    { 0x2018, 0x201A, 0x1D3 },
    { 0x201C, 0x201E, 0x1D6 },
    { 0x2020, 0x2022, 0x1D9 },
    { 0x2025, 0x2026, 0x1DC },
    { 0x202F, 0x2030, 0x1DE },
    { 0x2032, 0x2033, 0x1E0 },
    { 0x2039, 0x203A, 0x1E2 },
    { 0x203C, 0x203C, 0x1E4 },
    { 0x2044, 0x2044, 0x1E5 },
    { 0x2047, 0x2049, 0x1E6 },
    { 0x20A1, 0x20A1, 0x1E9 },
    { 0x20A4, 0x20A4, 0x1EA },
    { 0x20A6, 0x20A7, 0x1EB },
    { 0x20A9, 0x20A9, 0x1ED },
    { 0x20AB, 0x20AC, 0x1EE },
    { 0x20AE, 0x20AE, 0x1F0 },
    { 0x20B1, 0x20B2, 0x1F1 },
    { 0x20B4, 0x20B5, 0x1F3 },
    { 0x20B8, 0x20BA, 0x1F5 },
    { 0x20BD, 0x20BD, 0x1F8 },
    { 0x20BF, 0x20BF, 0x1F9 },
    { 0xFB00, 0xFB04, 0x1FA },
};

static const EpdFontGroup sourceserif4_18_boldGroups[] = {
    { 0, 4468, 11273, 95, 0 },
    { 4468, 4323, 13682, 96, 95 },
    { 8791, 5435, 21144, 122, 191 },
    { 14226, 1556, 5568, 28, 313 },
    { 15782, 271, 455, 21, 341 },
    { 16053, 3559, 17728, 90, 362 },
    { 19612, 848, 2054, 37, 452 },
    { 20460, 1064, 2312, 17, 489 },
    { 21524, 296, 1036, 5, 506 },
};

static const EpdKernClassEntry sourceserif4_18_boldKernLeftClasses[] = {
    { 0x0022, 1 }, // "
    { 0x0023, 2 }, // #
    { 0x0024, 3 }, // $
    { 0x0026, 4 }, // &
    { 0x0027, 1 }, // '
    { 0x0028, 5 }, // (
    { 0x0029, 6 }, // )
    { 0x002A, 7 }, // *
    { 0x002B, 8 }, // +
    { 0x002C, 9 }, // ,
    { 0x002E, 9 }, // .
    { 0x002F, 10 }, // /
    { 0x0030, 11 }, // 0
    { 0x0031, 12 }, // 1
    { 0x0032, 13 }, // 2
    { 0x0033, 14 }, // 3
    { 0x0034, 15 }, // 4
    { 0x0035, 16 }, // 5
    { 0x0036, 17 }, // 6
    { 0x0037, 18 }, // 7
    { 0x0038, 14 }, // 8
    { 0x0039, 19 }, // 9
    { 0x003A, 20 }, // :
    { 0x003B, 20 }, // ;
    { 0x003C, 21 }, // <
    { 0x003D, 22 }, // =
    { 0x003E, 8 }, // >
    { 0x003F, 23 }, // ?
    { 0x0040, 24 }, // @
    { 0x0041, 25 }, // A
    { 0x0042, 26 }, // B
    { 0x0043, 27 }, // C
    { 0x0044, 28 }, // D
    { 0x0045, 29 }, // E
    { 0x0046, 30 }, // F
    { 0x0047, 31 }, // G
    { 0x0048, 32 }, // H
    { 0x0049, 32 }, // I
    { 0x004A, 33 }, // J
    { 0x004B, 34 }, // K
    { 0x004C, 35 }, // L
    { 0x004D, 32 }, // M
    { 0x004E, 36 }, // N
    { 0x004F, 37 }, // O
    { 0x0050, 38 }, // P
    { 0x0051, 37 }, // Q
    { 0x0052, 39 }, // R
    { 0x0053, 40 }, // S
    { 0x0054, 41 }, // T
    { 0x0055, 42 }, // U
    { 0x0056, 43 }, // V
    { 0x0057, 44 }, // W
    { 0x0058, 45 }, // X
    { 0x0059, 46 }, // Y
    { 0x005A, 47 }, // Z
    { 0x005B, 5 }, // [
    { 0x005C, 48 }, // <backslash>
    { 0x005D, 6 }, // ]
    { 0x005F, 49 }, // _
    { 0x0061, 50 }, // a
    { 0x0062, 51 }, // b
    { 0x0063, 52 }, // c
    { 0x0064, 53 }, // d
    { 0x0065, 54 }, // e
    { 0x0066, 55 }, // f
    { 0x0067, 56 }, // g
    { 0x0068, 57 }, // h
    { 0x0069, 58 }, // i
    { 0x006A, 59 }, // j
    { 0x006B, 60 }, // k
    { 0x006C, 53 }, // l
    { 0x006D, 57 }, // m
    { 0x006E, 57 }, // n
    { 0x006F, 51 }, // o
    { 0x0070, 51 }, // p
    { 0x0071, 61 }, // q
    { 0x0072, 62 }, // r
    { 0x0073, 63 }, // s
    { 0x0074, 64 }, // t
    { 0x0075, 65 }, // u
    { 0x0076, 66 }, // v
    { 0x0077, 66 }, // w
    { 0x0078, 67 }, // x
    { 0x0079, 66 }, // y
    { 0x007A, 68 }, // z
    { 0x007B, 5 }, // {
    { 0x007C, 69 }, // |
    { 0x007D, 6 }, // }
    { 0x007E, 8 }, // ~
    { 0x00A0, 70 }, // U+00A0
    { 0x00A1, 71 }, // U+00A1
    { 0x00A2, 72 }, // U+00A2
    { 0x00A3, 73 }, // U+00A3
    { 0x00A5, 74 }, // U+00A5
    { 0x00A6, 69 }, // U+00A6
    { 0x00A9, 75 }, // U+00A9
    { 0x00AB, 76 }, // U+00AB
    { 0x00AC, 22 }, // U+00AC
    { 0x00AD, 77 }, // U+00AD
    { 0x00AE, 7 }, // U+00AE
    { 0x00B1, 78 }, // U+00B1
    { 0x00B5, 79 }, // U+00B5
    { 0x00B7, 80 }, // U+00B7
    { 0x00BB, 81 }, // U+00BB
    { 0x00BF, 82 }, // U+00BF
    { 0x00C0, 25 }, // U+00C0
    { 0x00C1, 25 }, // U+00C1
    { 0x00C2, 25 }, // U+00C2
    { 0x00C3, 25 }, // U+00C3
    { 0x00C4, 25 }, // U+00C4
    { 0x00C5, 25 }, // U+00C5
    { 0x00C6, 29 }, // U+00C6
    { 0x00C7, 27 }, // U+00C7
    { 0x00C8, 29 }, // U+00C8
    { 0x00C9, 29 }, // U+00C9
    { 0x00CA, 29 }, // U+00CA
    { 0x00CB, 29 }, // U+00CB
    { 0x00CC, 32 }, // U+00CC
    { 0x00CD, 32 }, // U+00CD
    { 0x00CE, 32 }, // U+00CE
    { 0x00CF, 32 }, // U+00CF
    { 0x00D0, 28 }, // U+00D0
    { 0x00D1, 36 }, // U+00D1
    { 0x00D2, 37 }, // U+00D2
    { 0x00D3, 37 }, // U+00D3
    { 0x00D4, 37 }, // U+00D4
    { 0x00D5, 37 }, // U+00D5
    { 0x00D6, 37 }, // U+00D6
    { 0x00D7, 21 }, // U+00D7
    { 0x00D8, 37 }, // U+00D8
    { 0x00D9, 42 }, // U+00D9
    { 0x00DA, 42 }, // U+00DA
    { 0x00DB, 42 }, // U+00DB
    { 0x00DC, 42 }, // U+00DC
    { 0x00DD, 46 }, // U+00DD
    { 0x00DE, 83 }, // U+00DE
    { 0x00DF, 84 }, // U+00DF
    { 0x00E0, 50 }, // U+00E0
    { 0x00E1, 50 }, // U+00E1
    { 0x00E2, 50 }, // U+00E2
    { 0x00E3, 50 }, // U+00E3
    { 0x00E4, 50 }, // U+00E4
    { 0x00E5, 50 }, // U+00E5
    { 0x00E6, 54 }, // U+00E6
    { 0x00E7, 52 }, // U+00E7
    { 0x00E8, 54 }, // U+00E8
    { 0x00E9, 54 }, // U+00E9
    { 0x00EA, 54 }, // U+00EA
    { 0x00EB, 54 }, // U+00EB
    { 0x00EC, 58 }, // U+00EC
    { 0x00ED, 58 }, // U+00ED
    { 0x00EE, 85 }, // U+00EE
    { 0x00EF, 85 }, // U+00EF
    { 0x00F0, 86 }, // U+00F0
    { 0x00F1, 57 }, // U+00F1
    { 0x00F2, 51 }, // U+00F2
    { 0x00F3, 51 }, // U+00F3
    { 0x00F4, 51 }, // U+00F4
    { 0x00F5, 51 }, // U+00F5
    { 0x00F6, 51 }, // U+00F6
    { 0x00F7, 8 }, // U+00F7
    { 0x00F8, 51 }, // U+00F8
    { 0x00F9, 65 }, // U+00F9
    { 0x00FA, 65 }, // U+00FA
    { 0x00FB, 65 }, // U+00FB
    { 0x00FC, 65 }, // U+00FC
    { 0x00FD, 66 }, // U+00FD
    { 0x00FE, 51 }, // U+00FE
    { 0x00FF, 66 }, // U+00FF
    { 0x0100, 25 }, // U+0100
    { 0x0101, 50 }, // U+0101
    { 0x0102, 25 }, // U+0102
    { 0x0103, 50 }, // U+0103
    { 0x0104, 87 }, // U+0104
    { 0x0105, 88 }, // U+0105
    { 0x0106, 27 }, // U+0106
    { 0x0107, 52 }, // U+0107
    { 0x0108, 27 }, // U+0108
    { 0x0109, 52 }, // U+0109
    { 0x010A, 27 }, // U+010A
    { 0x010B, 52 }, // U+010B
    { 0x010C, 27 }, // U+010C
    { 0x010D, 52 }, // U+010D
    { 0x010E, 28 }, // U+010E
    { 0x010F, 89 }, // U+010F
    { 0x0110, 28 }, // U+0110
    { 0x0111, 53 }, // U+0111
    { 0x0112, 29 }, // U+0112
    { 0x0113, 54 }, // U+0113
    { 0x0114, 29 }, // U+0114
    { 0x0115, 54 }, // U+0115
    { 0x0116, 29 }, // U+0116
    { 0x0117, 54 }, // U+0117
    { 0x0118, 90 }, // U+0118
    { 0x0119, 54 }, // U+0119
    { 0x011A, 29 }, // U+011A
    { 0x011B, 54 }, // U+011B
    { 0x011C, 31 }, // U+011C
    { 0x011D, 56 }, // U+011D
    { 0x011E, 31 }, // U+011E
    { 0x011F, 56 }, // U+011F
    { 0x0120, 31 }, // U+0120
    { 0x0121, 56 }, // U+0121
    { 0x0122, 31 }, // U+0122
    { 0x0123, 56 }, // U+0123
    { 0x0124, 32 }, // U+0124
    { 0x0125, 57 }, // U+0125
    { 0x0126, 32 }, // U+0126
    { 0x0127, 57 }, // U+0127
    { 0x0128, 32 }, // U+0128
    { 0x0129, 85 }, // U+0129
    { 0x012A, 32 }, // U+012A
    { 0x012B, 85 }, // U+012B
    { 0x012E, 91 }, // U+012E
    { 0x012F, 92 }, // U+012F
    { 0x0130, 32 }, // U+0130
    { 0x0131, 58 }, // U+0131
    { 0x0134, 33 }, // U+0134
    { 0x0135, 59 }, // U+0135
    { 0x0136, 34 }, // U+0136
    { 0x0137, 60 }, // U+0137
    { 0x0138, 60 }, // U+0138
    { 0x0139, 35 }, // U+0139
    { 0x013A, 53 }, // U+013A
    { 0x013B, 35 }, // U+013B
    { 0x013C, 53 }, // U+013C
    { 0x013D, 93 }, // U+013D
    { 0x013E, 89 }, // U+013E
    { 0x0141, 35 }, // U+0141
    { 0x0142, 94 }, // U+0142
    { 0x0143, 36 }, // U+0143
    { 0x0144, 57 }, // U+0144
    { 0x0145, 36 }, // U+0145
    { 0x0146, 57 }, // U+0146
    { 0x0147, 36 }, // U+0147
    { 0x0148, 57 }, // U+0148
    { 0x014A, 33 }, // U+014A
    { 0x014B, 59 }, // U+014B
    { 0x014C, 37 }, // U+014C
    { 0x014D, 51 }, // U+014D
    { 0x014E, 37 }, // U+014E
    { 0x014F, 51 }, // U+014F
    { 0x0150, 37 }, // U+0150
    { 0x0151, 51 }, // U+0151
    { 0x0152, 29 }, // U+0152
    { 0x0153, 54 }, // U+0153
    { 0x0154, 39 }, // U+0154
    { 0x0155, 62 }, // U+0155
    { 0x0156, 39 }, // U+0156
    { 0x0157, 62 }, // U+0157
    { 0x0158, 39 }, // U+0158
    { 0x0159, 62 }, // U+0159
    { 0x015A, 40 }, // U+015A
    { 0x015B, 63 }, // U+015B
    { 0x015C, 40 }, // U+015C
    { 0x015D, 63 }, // U+015D
    { 0x015E, 40 }, // U+015E
    { 0x015F, 63 }, // U+015F
    { 0x0160, 40 }, // U+0160
    { 0x0161, 63 }, // U+0161
    { 0x0162, 41 }, // U+0162
    { 0x0163, 64 }, // U+0163
    { 0x0164, 41 }, // U+0164
    { 0x0165, 95 }, // U+0165
    { 0x0168, 42 }, // U+0168
    { 0x0169, 65 }, // U+0169
    { 0x016A, 42 }, // U+016A
    { 0x016B, 65 }, // U+016B
    { 0x016C, 42 }, // U+016C
    { 0x016D, 65 }, // U+016D
    { 0x016E, 42 }, // U+016E
    { 0x016F, 65 }, // U+016F
    { 0x0170, 42 }, // U+0170
    { 0x0171, 65 }, // U+0171
    { 0x0172, 42 }, // U+0172
    { 0x0173, 96 }, // U+0173
    { 0x0174, 44 }, // U+0174
    { 0x0175, 66 }, // U+0175
    { 0x0176, 46 }, // U+0176
    { 0x0177, 66 }, // U+0177
    { 0x0178, 46 }, // U+0178
    { 0x0179, 47 }, // U+0179
    { 0x017A, 68 }, // U+017A
    { 0x017B, 47 }, // U+017B
    { 0x017C, 68 }, // U+017C
    { 0x017D, 47 }, // U+017D
    { 0x017E, 68 }, // U+017E
    { 0x017F, 55 }, // U+017F
    { 0x01A0, 37 }, // U+01A0
    { 0x01AF, 97 }, // U+01AF
    { 0x01B0, 98 }, // U+01B0
    { 0x01CD, 25 }, // U+01CD
    { 0x01CE, 50 }, // U+01CE
    { 0x01CF, 32 }, // U+01CF
    { 0x01D0, 85 }, // U+01D0
    { 0x01D1, 37 }, // U+01D1
    { 0x01D2, 51 }, // U+01D2
    { 0x01D3, 42 }, // U+01D3
    { 0x01D4, 65 }, // U+01D4
    { 0x01D5, 42 }, // U+01D5
    { 0x01D6, 65 }, // U+01D6
    { 0x01D7, 42 }, // U+01D7
    { 0x01D8, 65 }, // U+01D8
    { 0x01D9, 42 }, // U+01D9
    { 0x01DA, 65 }, // U+01DA
    { 0x01DB, 42 }, // U+01DB
    { 0x01DC, 65 }, // U+01DC
    { 0x01E6, 31 }, // U+01E6
    { 0x01E7, 56 }, // U+01E7
    { 0x01F8, 36 }, // U+01F8
    { 0x01F9, 57 }, // U+01F9
    { 0x0218, 40 }, // U+0218
    { 0x0219, 63 }, // U+0219
    { 0x021A, 41 }, // U+021A
    { 0x021B, 64 }, // U+021B
    { 0x1EA0, 25 }, // U+1EA0
    { 0x1EA1, 50 }, // U+1EA1
    { 0x1EA2, 25 }, // U+1EA2
    { 0x1EA3, 50 }, // U+1EA3
    { 0x1EA4, 25 }, // U+1EA4
    { 0x1EA5, 50 }, // U+1EA5
    { 0x1EA6, 25 }, // U+1EA6
    { 0x1EA7, 50 }, // U+1EA7
    { 0x1EA8, 25 }, // U+1EA8
    { 0x1EA9, 50 }, // U+1EA9
    { 0x1EAA, 25 }, // U+1EAA
    { 0x1EAB, 50 }, // U+1EAB
    { 0x1EAC, 25 }, // U+1EAC
    { 0x1EAD, 50 }, // U+1EAD
    { 0x1EAE, 25 }, // U+1EAE
    { 0x1EAF, 50 }, // U+1EAF
    { 0x1EB0, 25 }, // U+1EB0
    { 0x1EB1, 50 }, // U+1EB1
    { 0x1EB2, 25 }, // U+1EB2
    { 0x1EB3, 50 }, // U+1EB3
    { 0x1EB4, 25 }, // U+1EB4
    { 0x1EB5, 50 }, // U+1EB5
    { 0x1EB6, 25 }, // U+1EB6
    { 0x1EB7, 50 }, // U+1EB7
    { 0x1EB8, 29 }, // U+1EB8
    { 0x1EB9, 54 }, // U+1EB9
    { 0x1EBA, 29 }, // U+1EBA
    { 0x1EBB, 54 }, // U+1EBB
    { 0x1EBC, 29 }, // U+1EBC
    { 0x1EBD, 54 }, // U+1EBD
    { 0x1EBE, 29 }, // U+1EBE
    { 0x1EBF, 54 }, // U+1EBF
    { 0x1EC0, 29 }, // U+1EC0
    { 0x1EC1, 54 }, // U+1EC1
    { 0x1EC2, 29 }, // U+1EC2
    { 0x1EC3, 54 }, // U+1EC3
    { 0x1EC4, 29 }, // U+1EC4
    { 0x1EC5, 54 }, // U+1EC5
    { 0x1EC6, 29 }, // U+1EC6
    { 0x1EC7, 54 }, // U+1EC7
    { 0x1EC8, 32 }, // U+1EC8
    { 0x1EC9, 58 }, // U+1EC9
    { 0x1ECA, 32 }, // U+1ECA
    { 0x1ECB, 58 }, // U+1ECB
    { 0x1ECC, 37 }, // U+1ECC
    { 0x1ECD, 51 }, // U+1ECD
    { 0x1ECE, 37 }, // U+1ECE
    { 0x1ECF, 51 }, // U+1ECF
    { 0x1ED0, 37 }, // U+1ED0
    { 0x1ED1, 51 }, // U+1ED1
    { 0x1ED2, 37 }, // U+1ED2
    { 0x1ED3, 51 }, // U+1ED3
    { 0x1ED4, 37 }, // U+1ED4
    { 0x1ED5, 51 }, // U+1ED5
    { 0x1ED6, 37 }, // U+1ED6
    { 0x1ED7, 51 }, // U+1ED7
    { 0x1ED8, 37 }, // U+1ED8
    { 0x1ED9, 51 }, // U+1ED9
    { 0x1EDA, 37 }, // U+1EDA
    { 0x1EDC, 37 }, // U+1EDC
    { 0x1EDE, 37 }, // U+1EDE
    { 0x1EE0, 37 }, // U+1EE0
    { 0x1EE2, 37 }, // U+1EE2
    { 0x1EE4, 42 }, // U+1EE4
    { 0x1EE5, 65 }, // U+1EE5
    { 0x1EE6, 42 }, // U+1EE6
    { 0x1EE7, 65 }, // U+1EE7
    { 0x1EE8, 97 }, // U+1EE8
    { 0x1EE9, 98 }, // U+1EE9
    { 0x1EEA, 97 }, // U+1EEA
    { 0x1EEB, 98 }, // U+1EEB
    { 0x1EEC, 97 }, // U+1EEC
    { 0x1EED, 98 }, // U+1EED
    { 0x1EEE, 97 }, // U+1EEE
    { 0x1EEF, 98 }, // U+1EEF
    { 0x1EF0, 97 }, // U+1EF0
    { 0x1EF1, 98 }, // U+1EF1
    { 0x1EF2, 46 }, // U+1EF2
    { 0x1EF3, 66 }, // U+1EF3
    { 0x1EF4, 46 }, // U+1EF4
    { 0x1EF5, 66 }, // U+1EF5
    { 0x1EF6, 46 }, // U+1EF6
    { 0x1EF7, 66 }, // U+1EF7
    { 0x1EF8, 46 }, // U+1EF8
    { 0x1EF9, 66 }, // U+1EF9
    { 0x2012, 77 }, // U+2012
    { 0x2013, 77 }, // U+2013
    { 0x2014, 77 }, // U+2014
    { 0x2015, 77 }, // U+2015
    { 0x2018, 99 }, // U+2018
    { 0x2019, 100 }, // U+2019
    { 0x201A, 101 }, // U+201A
    { 0x201C, 99 }, // U+201C
    { 0x201D, 100 }, // U+201D
    { 0x201E, 101 }, // U+201E
    { 0x2022, 102 }, // U+2022
    { 0x2026, 9 }, // U+2026
    { 0x2039, 76 }, // U+2039
    { 0x203A, 81 }, // U+203A
    { 0x20B9, 103 }, // U+20B9
    { 0x20BA, 104 }, // U+20BA
    { 0xFB00, 55 }, // U+FB00
    { 0xFB01, 58 }, // U+FB01
    { 0xFB02, 53 }, // U+FB02
    { 0xFB03, 58 }, // U+FB03
    { 0xFB04, 53 }, // U+FB04
};

static const EpdKernClassEntry sourceserif4_18_boldKernRightClasses[] = {
    { 0x0021, 1 }, // !
    { 0x0022, 2 }, // "
    { 0x0023, 3 }, // #
    { 0x0024, 4 }, // $
    { 0x0025, 5 }, // %
    { 0x0026, 6 }, // &
    { 0x0027, 2 }, // '
    { 0x0028, 7 }, // (
    { 0x0029, 8 }, // )
    { 0x002A, 9 }, // *
    { 0x002B, 10 }, // +
    { 0x002C, 11 }, // ,
    { 0x002E, 11 }, // .
    { 0x002F, 12 }, // /
    { 0x0030, 13 }, // 0
    { 0x0031, 14 }, // 1
    { 0x0032, 15 }, // 2
    { 0x0033, 16 }, // 3
    { 0x0034, 17 }, // 4
    { 0x0035, 18 }, // 5
    { 0x0036, 19 }, // 6
    { 0x0037, 20 }, // 7
    { 0x0038, 21 }, // 8
    { 0x0039, 22 }, // 9
    { 0x003A, 23 }, // :
    { 0x003B, 23 }, // ;
    { 0x003C, 10 }, // <
    { 0x003D, 24 }, // =
    { 0x003E, 25 }, // >
    { 0x003F, 26 }, // ?
    { 0x0040, 27 }, // @
    { 0x0041, 28 }, // A
    { 0x0042, 29 }, // B
    { 0x0043, 30 }, // C
    { 0x0044, 29 }, // D
    { 0x0045, 29 }, // E
    { 0x0046, 29 }, // F
    { 0x0047, 30 }, // G
    { 0x0048, 29 }, // H
    { 0x0049, 29 }, // I
    { 0x004A, 31 }, // J
    { 0x004B, 29 }, // K
    { 0x004C, 29 }, // L
    { 0x004D, 32 }, // M
    { 0x004E, 32 }, // N
    { 0x004F, 30 }, // O
    { 0x0050, 29 }, // P
    { 0x0051, 30 }, // Q
    { 0x0052, 29 }, // R
    { 0x0053, 33 }, // S
    { 0x0054, 34 }, // T
    { 0x0055, 35 }, // U
    { 0x0056, 36 }, // V
    { 0x0057, 37 }, // W
    { 0x0058, 38 }, // X
    { 0x0059, 39 }, // Y
    { 0x005A, 40 }, // Z
    { 0x005B, 7 }, // [
    { 0x005C, 41 }, // <backslash>
    { 0x005D, 8 }, // ]
    { 0x005F, 42 }, // _
    { 0x0061, 43 }, // a
    { 0x0062, 44 }, // b
    { 0x0063, 45 }, // c
    { 0x0064, 45 }, // d
    { 0x0065, 45 }, // e
    { 0x0066, 46 }, // f
    { 0x0067, 47 }, // g
    { 0x0068, 44 }, // h
    { 0x0069, 48 }, // i
    { 0x006A, 49 }, // j
    { 0x006B, 44 }, // k
    { 0x006C, 44 }, // l
    { 0x006D, 50 }, // m
    { 0x006E, 50 }, // n
    { 0x006F, 45 }, // o
    { 0x0070, 51 }, // p
    { 0x0071, 45 }, // q
    { 0x0072, 50 }, // r
    { 0x0073, 52 }, // s
    { 0x0074, 53 }, // t
    { 0x0075, 54 }, // u
    { 0x0076, 55 }, // v
    { 0x0077, 55 }, // w
    { 0x0078, 56 }, // x
    { 0x0079, 57 }, // y
    { 0x007A, 58 }, // z
    { 0x007B, 7 }, // {
    { 0x007C, 59 }, // |
    { 0x007D, 8 }, // }
    { 0x007E, 10 }, // ~
    { 0x00A0, 60 }, // U+00A0
    { 0x00A1, 61 }, // U+00A1
    { 0x00A2, 62 }, // U+00A2
    { 0x00A3, 63 }, // U+00A3
    { 0x00A5, 64 }, // U+00A5
    { 0x00A6, 59 }, // U+00A6
    { 0x00A9, 65 }, // U+00A9
    { 0x00AA, 66 }, // U+00AA
    { 0x00AB, 67 }, // U+00AB
    { 0x00AC, 10 }, // U+00AC
    { 0x00AD, 68 }, // U+00AD
    { 0x00AE, 9 }, // U+00AE
    { 0x00B0, 69 }, // U+00B0
    { 0x00B1, 70 }, // U+00B1
    { 0x00B2, 71 }, // U+00B2
    { 0x00B3, 71 }, // U+00B3
    { 0x00B7, 72 }, // U+00B7
    { 0x00B9, 71 }, // U+00B9
    { 0x00BA, 66 }, // U+00BA
    { 0x00BB, 73 }, // U+00BB
    { 0x00BC, 5 }, // U+00BC
    { 0x00BD, 5 }, // U+00BD
    { 0x00BE, 5 }, // U+00BE
    { 0x00BF, 74 }, // U+00BF
    { 0x00C0, 28 }, // U+00C0
    { 0x00C1, 28 }, // U+00C1
    { 0x00C2, 28 }, // U+00C2
    { 0x00C3, 28 }, // U+00C3
    { 0x00C4, 28 }, // U+00C4
    { 0x00C5, 28 }, // U+00C5
    { 0x00C6, 75 }, // U+00C6
    { 0x00C7, 30 }, // U+00C7
    { 0x00C8, 29 }, // U+00C8
    { 0x00C9, 29 }, // U+00C9
    { 0x00CA, 29 }, // U+00CA
    { 0x00CB, 29 }, // U+00CB
    { 0x00CC, 29 }, // U+00CC
    { 0x00CD, 29 }, // U+00CD
    { 0x00CE, 29 }, // U+00CE
    { 0x00CF, 29 }, // U+00CF
    { 0x00D0, 29 }, // U+00D0
    { 0x00D1, 32 }, // U+00D1
    { 0x00D2, 30 }, // U+00D2
    { 0x00D3, 30 }, // U+00D3
    { 0x00D4, 30 }, // U+00D4
    { 0x00D5, 30 }, // U+00D5
    { 0x00D6, 30 }, // U+00D6
    { 0x00D7, 25 }, // U+00D7
    { 0x00D8, 30 }, // U+00D8
    { 0x00D9, 35 }, // U+00D9
    { 0x00DA, 35 }, // U+00DA
    { 0x00DB, 35 }, // U+00DB
    { 0x00DC, 35 }, // U+00DC
    { 0x00DD, 39 }, // U+00DD
    { 0x00DE, 29 }, // U+00DE
    { 0x00DF, 46 }, // U+00DF
    { 0x00E0, 43 }, // U+00E0
    { 0x00E1, 43 }, // U+00E1
    { 0x00E2, 43 }, // U+00E2
    { 0x00E3, 76 }, // U+00E3
    { 0x00E4, 77 }, // U+00E4
    { 0x00E5, 43 }, // U+00E5
    { 0x00E6, 43 }, // U+00E6
    { 0x00E7, 45 }, // U+00E7
    { 0x00E8, 45 }, // U+00E8
    { 0x00E9, 45 }, // U+00E9
    { 0x00EA, 45 }, // U+00EA
    { 0x00EB, 78 }, // U+00EB
    { 0x00EC, 79 }, // U+00EC
    { 0x00ED, 48 }, // U+00ED
    { 0x00EE, 80 }, // U+00EE
    { 0x00EF, 81 }, // U+00EF
    { 0x00F0, 82 }, // U+00F0
    { 0x00F1, 50 }, // U+00F1
    { 0x00F2, 45 }, // U+00F2
    { 0x00F3, 45 }, // U+00F3
    { 0x00F4, 45 }, // U+00F4
    { 0x00F5, 45 }, // U+00F5
    { 0x00F6, 83 }, // U+00F6
    { 0x00F7, 10 }, // U+00F7
    { 0x00F8, 45 }, // U+00F8
    { 0x00F9, 54 }, // U+00F9
    { 0x00FA, 54 }, // U+00FA
    { 0x00FB, 54 }, // U+00FB
    { 0x00FC, 54 }, // U+00FC
    { 0x00FD, 57 }, // U+00FD
    { 0x00FE, 84 }, // U+00FE
    { 0x00FF, 57 }, // U+00FF
    { 0x0100, 28 }, // U+0100
    { 0x0101, 43 }, // U+0101
    { 0x0102, 28 }, // U+0102
    { 0x0103, 43 }, // U+0103
    { 0x0104, 28 }, // U+0104
    { 0x0105, 43 }, // U+0105
    { 0x0106, 30 }, // U+0106
    { 0x0107, 45 }, // U+0107
    { 0x0108, 30 }, // U+0108
    { 0x0109, 45 }, // U+0109
    { 0x010A, 30 }, // U+010A
    { 0x010B, 45 }, // U+010B
    { 0x010C, 30 }, // U+010C
    { 0x010D, 45 }, // U+010D
    { 0x010E, 29 }, // U+010E
    { 0x010F, 45 }, // U+010F
    { 0x0110, 29 }, // U+0110
    { 0x0111, 45 }, // U+0111
    { 0x0112, 29 }, // U+0112
    { 0x0113, 45 }, // U+0113
    { 0x0114, 29 }, // U+0114
    { 0x0115, 45 }, // U+0115
    { 0x0116, 29 }, // U+0116
    { 0x0117, 45 }, // U+0117
    { 0x0118, 29 }, // U+0118
    { 0x0119, 45 }, // U+0119
    { 0x011A, 29 }, // U+011A
    { 0x011B, 45 }, // U+011B
    { 0x011C, 30 }, // U+011C
    { 0x011D, 47 }, // U+011D
    { 0x011E, 30 }, // U+011E
    { 0x011F, 47 }, // U+011F
    { 0x0120, 30 }, // U+0120
    { 0x0121, 47 }, // U+0121
    { 0x0122, 30 }, // U+0122
    { 0x0123, 47 }, // U+0123
    { 0x0124, 29 }, // U+0124
    { 0x0125, 44 }, // U+0125
    { 0x0126, 29 }, // U+0126
    { 0x0127, 44 }, // U+0127
    { 0x0128, 29 }, // U+0128
    { 0x0129, 85 }, // U+0129
    { 0x012A, 29 }, // U+012A
    { 0x012B, 86 }, // U+012B
    { 0x012E, 29 }, // U+012E
    { 0x012F, 48 }, // U+012F
    { 0x0130, 29 }, // U+0130
    { 0x0131, 50 }, // U+0131
    { 0x0134, 31 }, // U+0134
    { 0x0135, 49 }, // U+0135
    { 0x0136, 29 }, // U+0136
    { 0x0137, 44 }, // U+0137
    { 0x0138, 50 }, // U+0138
    { 0x0139, 29 }, // U+0139
    { 0x013A, 44 }, // U+013A
    { 0x013B, 29 }, // U+013B
    { 0x013C, 44 }, // U+013C
    { 0x013D, 29 }, // U+013D
    { 0x013E, 44 }, // U+013E
    { 0x013F, 29 }, // U+013F
    { 0x0140, 44 }, // U+0140
    { 0x0141, 29 }, // U+0141
    { 0x0142, 44 }, // U+0142
    { 0x0143, 32 }, // U+0143
    { 0x0144, 50 }, // U+0144
    { 0x0145, 32 }, // U+0145
    { 0x0146, 50 }, // U+0146
    { 0x0147, 32 }, // U+0147
    { 0x0148, 50 }, // U+0148
    { 0x014A, 32 }, // U+014A
    { 0x014B, 50 }, // U+014B
    { 0x014C, 30 }, // U+014C
    { 0x014D, 45 }, // U+014D
    { 0x014E, 30 }, // U+014E
    { 0x014F, 45 }, // U+014F
    { 0x0150, 30 }, // U+0150
    { 0x0151, 45 }, // U+0151
    { 0x0152, 30 }, // U+0152
    { 0x0153, 45 }, // U+0153
    { 0x0154, 29 }, // U+0154
    { 0x0155, 50 }, // U+0155
    { 0x0156, 29 }, // U+0156
    { 0x0157, 50 }, // U+0157
    { 0x0158, 29 }, // U+0158
    { 0x0159, 50 }, // U+0159
    { 0x015A, 33 }, // U+015A
    { 0x015B, 52 }, // U+015B
    { 0x015C, 33 }, // U+015C
    { 0x015D, 52 }, // U+015D
    { 0x015E, 33 }, // U+015E
    { 0x015F, 52 }, // U+015F
    { 0x0160, 33 }, // U+0160
    { 0x0161, 87 }, // U+0161
    { 0x0162, 34 }, // U+0162
    { 0x0163, 53 }, // U+0163
    { 0x0164, 34 }, // U+0164
    { 0x0165, 53 }, // U+0165
    { 0x0168, 35 }, // U+0168
    { 0x0169, 54 }, // U+0169
    { 0x016A, 35 }, // U+016A
    { 0x016B, 54 }, // U+016B
    { 0x016C, 35 }, // U+016C
    { 0x016D, 54 }, // U+016D
    { 0x016E, 35 }, // U+016E
    { 0x016F, 54 }, // U+016F
    { 0x0170, 35 }, // U+0170
    { 0x0171, 54 }, // U+0171
    { 0x0172, 35 }, // U+0172
    { 0x0173, 54 }, // U+0173
    { 0x0174, 37 }, // U+0174
    { 0x0175, 55 }, // U+0175
    { 0x0176, 39 }, // U+0176
    { 0x0177, 57 }, // U+0177
    { 0x0178, 39 }, // U+0178
    { 0x0179, 40 }, // U+0179
    { 0x017A, 58 }, // U+017A
    { 0x017B, 40 }, // U+017B
    { 0x017C, 58 }, // U+017C
    { 0x017D, 40 }, // U+017D
    { 0x017E, 58 }, // U+017E
    { 0x017F, 46 }, // U+017F
    { 0x01A0, 30 }, // U+01A0
    { 0x01A1, 45 }, // U+01A1
    { 0x01AF, 35 }, // U+01AF
    { 0x01B0, 54 }, // U+01B0
    { 0x01CD, 28 }, // U+01CD
    { 0x01CE, 43 }, // U+01CE
    { 0x01CF, 29 }, // U+01CF
    { 0x01D0, 86 }, // U+01D0
    { 0x01D1, 30 }, // U+01D1
    { 0x01D2, 45 }, // U+01D2
    { 0x01D3, 35 }, // U+01D3
    { 0x01D4, 54 }, // U+01D4
    { 0x01D5, 35 }, // U+01D5
    { 0x01D6, 54 }, // U+01D6
    { 0x01D7, 35 }, // U+01D7
    { 0x01D8, 54 }, // U+01D8
    { 0x01D9, 35 }, // U+01D9
    { 0x01DA, 54 }, // U+01DA
    { 0x01DB, 35 }, // U+01DB
    { 0x01DC, 54 }, // U+01DC
    { 0x01E6, 30 }, // U+01E6
    { 0x01E7, 47 }, // U+01E7
    { 0x01F8, 32 }, // U+01F8
    { 0x01F9, 50 }, // U+01F9
    { 0x0218, 33 }, // U+0218
    { 0x0219, 52 }, // U+0219
    { 0x021A, 34 }, // U+021A
    { 0x021B, 53 }, // U+021B
    { 0x1EA0, 28 }, // U+1EA0
    { 0x1EA1, 43 }, // U+1EA1
    { 0x1EA2, 28 }, // U+1EA2
    { 0x1EA3, 43 }, // U+1EA3
    { 0x1EA4, 28 }, // U+1EA4
    { 0x1EA5, 43 }, // U+1EA5
    { 0x1EA6, 28 }, // U+1EA6
    { 0x1EA7, 43 }, // U+1EA7
    { 0x1EA8, 28 }, // U+1EA8
    { 0x1EA9, 43 }, // U+1EA9
    { 0x1EAA, 28 }, // U+1EAA
    { 0x1EAB, 43 }, // U+1EAB
    { 0x1EAC, 28 }, // U+1EAC
    { 0x1EAD, 43 }, // U+1EAD
    { 0x1EAE, 28 }, // U+1EAE
    { 0x1EAF, 43 }, // U+1EAF
    { 0x1EB0, 28 }, // U+1EB0
    { 0x1EB1, 43 }, // U+1EB1
    { 0x1EB2, 28 }, // U+1EB2
    { 0x1EB3, 43 }, // U+1EB3
    { 0x1EB4, 28 }, // U+1EB4
    { 0x1EB5, 43 }, // U+1EB5
    { 0x1EB6, 28 }, // U+1EB6
    { 0x1EB7, 43 }, // U+1EB7
    { 0x1EB8, 29 }, // U+1EB8
    { 0x1EB9, 45 }, // U+1EB9
    { 0x1EBA, 29 }, // U+1EBA
    { 0x1EBB, 45 }, // U+1EBB
    { 0x1EBC, 29 }, // U+1EBC
    { 0x1EBD, 45 }, // U+1EBD
    { 0x1EBE, 29 }, // U+1EBE
    { 0x1EBF, 45 }, // U+1EBF
    { 0x1EC0, 29 }, // U+1EC0
    { 0x1EC1, 45 }, // U+1EC1
    { 0x1EC2, 29 }, // U+1EC2
    { 0x1EC3, 45 }, // U+1EC3
    { 0x1EC4, 29 }, // U+1EC4
    { 0x1EC5, 45 }, // U+1EC5
    { 0x1EC6, 29 }, // U+1EC6
    { 0x1EC7, 45 }, // U+1EC7
    { 0x1EC8, 29 }, // U+1EC8
    { 0x1EC9, 48 }, // U+1EC9
    { 0x1ECA, 29 }, // U+1ECA
    { 0x1ECB, 48 }, // U+1ECB
    { 0x1ECC, 30 }, // U+1ECC
    { 0x1ECD, 45 }, // U+1ECD
    { 0x1ECE, 30 }, // U+1ECE
    { 0x1ECF, 45 }, // U+1ECF
    { 0x1ED0, 30 }, // U+1ED0
    { 0x1ED1, 45 }, // U+1ED1
    { 0x1ED2, 30 }, // U+1ED2
    { 0x1ED3, 45 }, // U+1ED3
    { 0x1ED4, 30 }, // U+1ED4
    { 0x1ED5, 45 }, // U+1ED5
    { 0x1ED6, 30 }, // U+1ED6
    { 0x1ED7, 45 }, // U+1ED7
    { 0x1ED8, 30 }, // U+1ED8
    { 0x1ED9, 45 }, // U+1ED9
    { 0x1EDA, 30 }, // U+1EDA
    { 0x1EDB, 45 }, // U+1EDB
    { 0x1EDC, 30 }, // U+1EDC
    { 0x1EDD, 45 }, // U+1EDD
    { 0x1EDE, 30 }, // U+1EDE
    { 0x1EDF, 45 }, // U+1EDF
    { 0x1EE0, 30 }, // U+1EE0
    { 0x1EE1, 45 }, // U+1EE1
    { 0x1EE2, 30 }, // U+1EE2
    { 0x1EE3, 45 }, // U+1EE3
    { 0x1EE4, 35 }, // U+1EE4
    { 0x1EE5, 54 }, // U+1EE5
    { 0x1EE6, 35 }, // U+1EE6
    { 0x1EE7, 54 }, // U+1EE7
    { 0x1EE8, 35 }, // U+1EE8
    { 0x1EE9, 54 }, // U+1EE9
    { 0x1EEA, 35 }, // U+1EEA
    { 0x1EEB, 54 }, // U+1EEB
    { 0x1EEC, 35 }, // U+1EEC
    { 0x1EED, 54 }, // U+1EED
    { 0x1EEE, 35 }, // U+1EEE
    { 0x1EEF, 54 }, // U+1EEF
    { 0x1EF0, 35 }, // U+1EF0
    { 0x1EF1, 54 }, // U+1EF1
    { 0x1EF2, 39 }, // U+1EF2
    { 0x1EF3, 57 }, // U+1EF3
    { 0x1EF4, 39 }, // U+1EF4
    { 0x1EF5, 57 }, // U+1EF5
    { 0x1EF6, 39 }, // U+1EF6
    { 0x1EF7, 57 }, // U+1EF7
    { 0x1EF8, 39 }, // U+1EF8
    { 0x1EF9, 57 }, // U+1EF9
    { 0x2012, 68 }, // U+2012
    { 0x2013, 68 }, // U+2013
    { 0x2014, 68 }, // U+2014
    { 0x2015, 68 }, // U+2015
    { 0x2018, 88 }, // U+2018
    { 0x2019, 89 }, // U+2019
    { 0x201A, 90 }, // U+201A
    { 0x201C, 88 }, // U+201C
    { 0x201D, 89 }, // U+201D
    { 0x201E, 90 }, // U+201E
    { 0x2022, 91 }, // U+2022
    { 0x2026, 11 }, // U+2026
    { 0x2030, 5 }, // U+2030
    { 0x2032, 2 }, // U+2032
    { 0x2033, 2 }, // U+2033
    { 0x2039, 67 }, // U+2039
    { 0x203A, 73 }, // U+203A
    { 0x20AC, 92 }, // U+20AC
    { 0x20B9, 93 }, // U+20B9
    { 0x20BA, 94 }, // U+20BA
    { 0xFB00, 46 }, // U+FB00
    { 0xFB01, 46 }, // U+FB01
    { 0xFB02, 46 }, // U+FB02
    { 0xFB03, 46 }, // U+FB03
    { 0xFB04, 46 }, // U+FB04
};

static const int8_t sourceserif4_18_boldKernMatrix[] = {
       0,    0,    0,    0,    0,    0,  -13,    0,    0,    0,  -77,  -48,    0,    0,    0,    0,  -36,  -12,   -5,    0,    0,    0,    0,    0,    0,    0,    0,  -66,    0,  -10,   -6,    0,  -10,   10,   -7,    0,    0,   -4,    0,    0,    0,    0,  -26,    0,  -28,  -17,  -26,   -2,    0,  -10,  -16,  -26,   -8,   -8,    0,   -8,    0,  -10,    0,    0,    0,    0,    0,    0,    0,    0,  -22,    0,    0,    0,    0,    0,    0,  -72,  -70,  -26,  -26,  -28,   -2,   13,   13,  -28,  -28,    4,   13,   13,  -26,    0,    0,    0,    0,    0,    0,    0,
       0,    0,    0,    0,    0,    0,    0,    0,    0,    0,    0,   -7,    0,   -4,    0,    0,   -4,    0,    0,    0,    0,    4,    0,    0,    0,    0,    0,  -24,    0,   10,    0,    0,    8,    0,    0,   -4,   -4,   -8,   -8,    0,    0,    0,    0,    0,    0,    0,   -2,    0,    0,    0,    0,    0,    2,    0,   13,    0,   13,    0,    0,    0,    0,    0,    0,    0,    0,    0,    0,    0,    0,    0,    0,    0,    0,    0,  -32,    0,    0,    0,    0,    0,    0,    0,    0,    0,    0,    0,    0,    0,    0,    0,    0,    0,    0,    0,
       0,    0,    0,    0,    0,    0,    0,    0,    0,    0,    0,    0,    0,   -2,   -8,    0,    0,    0,    0,  -14,    0,   -6,    0,    0,    0,    0,    0,    0,    0,    0,    0,    0,    0,    0,    0,    0,    0,    0,    0,    0,    0,    0,    0,    0,    0,    0,    0,    0,    0,    0,    0,    0,    0,    0,    0,    0,    0,    0,    0,    0,    0,    0,    0,    0,    0,    0,    0,    0,    0,    0,    0,    0,    0,    0,    0,    0,    0,    0,    0,    0,    0,    0,    0,    0,    0,    0,    0,    0,    0,    0,    0,    0,    0,    0,
       0,    0,    0,    0,    0,    0,    0,  -25,    0,    0,   -2,    0,    0,    0,    0,    0,   -5,   -2,   -4,  -16,    0,    0,    0,    0,    0,    0,    0,    0,    0,    0,  -10,    0,    0,  -36,  -22,  -44,  -43,    0,  -44,    0,    0,    0,    0,    0,   -6,    0,    0,    0,    0,    0,    0,    0,    0,    0,    0,    0,    0,    0,    0,    0,    0,    0,    0,    0,    0,    0,  -20,  -14,    0,    0,    0,    0,    0,    0,    0,    0,    0,   -6,    0,    0,    0,   -6,   -6,    0,    0,    0,    0,    0,    0,    0,    0,    0,    0,    0,
       0,    0,   -4,    0,    0,  -20,  -43,    0,    0,    0,    0,    0,  -12,    0,  -16,  -16,  -26,  -16,  -12,    0,  -12,   -6,  -16,    0,    0,    0,    0,  -14,    0,  -12,   21,    0,  -10,    0,   -2,    0,    0,    0,   -4,    0,    0,    0,  -13,    0,  -18,   -8,    0,    0,   77,   -8,    0,  -12,   -6,  -12,  -12,  -10,    2,  -10,    0,    0,    0,    0,    0,    0,    0,    0,  -41,  -24,    0,    0,    0,  -36,  -32,  -29,  -24,  -13,  -13,  -18,    0,    5,    5,  -18,  -18,    4,    5,    5,  -12,   -4,    0,    0,  -32,    0,    0,    0,
       0,    0,    0,    0,    0,    0,    0,  -43,    0,    0,  -24,  -17,    0,    0,    0,    0,    0,    0,    0,    0,    0,    0,    0,    0,    0,    0,    0,    0,    0,    0,    0,    0,    0,    0,    0,    0,    0,    0,    0,    0,    0,    0,    0,    0,    0,    0,    0,    0,    0,    0,    0,    0,    0,    0,    0,    0,    0,    0,    0,    0,    0,    0,    0,    0,    0,    0,    0,    0,    0,    0,    0,    0,    0,    0,    0,    0,    0,    0,    0,    0,    0,    0,    0,    0,    0,    0,    0,    0,    0,    0,    0,    0,    0,    0,
       0,    0,    0,    0,    0,    0,    0,    0,    0,    0,  -60,    0,    0,    0,    0,    0,    0,    0,    0,    0,    0,    0,    0,    0,    0,    0,    0,  -80,    0,  -10,   -8,    0,    0,    8,    0,    0,    0,   -2,    0,    0,    0,    0,  -24,    0,  -25,  -13,  -28,    0,    0,   -2,   -2,  -16,    0,   -8,    0,  -11,    0,  -10,    0,    0,    0,    0,    0,    0,    0,    0,    0,    0,    0,    0,    0,    0,    0,    0, -102,  -24,  -24,  -25,    0,    4,    4,  -25,  -25,    0,    4,    4,  -16,    0,    0,    0,    0,    0,    0,    0,
       0,    0,    0,    0,    0,    0,    0,    0,    0,    0,    0,    0,    0,  -16,  -16,  -31,    0,  -12,    0,  -36,   -5,   -2,    0,    0,    0,    0,    0,    0,    0,    0,    0,    0,    0,    0,    0,    0,    0,    0,    0,    0,    0,    0,    0,    0,    0,    0,    0,    0,    0,    0,    0,    0,    0,    0,    0,    0,    0,    0,    0,    0,    0,    0,    0,    0,    0,    0,    0,    0,    0,    0,    0,    0,    0,    0,    0,    0,    0,    0,    0,    0,    0,    0,    0,    0,    0,    0,    0,    0,    0,    0,    0,    0,    0,    0,
       0,  -48,    0,    0,    0,    0,    0,  -22,  -70,    0,  -16,    0,   -7,   -4,   -5,   -5,  -22,   -5,  -14,  -24,   -5,  -31,    0,    0,    0,    0,    0,    0,    0,  -23,    8,    0,    0,  -56,  -40,  -74,  -76,    0,  -56,    0,  -70,    0,  -10,   -4,  -14,   -8,   -4,    0,   23,    0,  -18,   -4,  -20,  -24,  -50,    0,  -24,   -4,    0,    0,    0,    0,    0,    0,    0,  -76,  -19,  -16,    0,    0,    0,    0,    0,    0,    0,  -10,  -10,  -14,    0,    0,    0,  -14,  -14,  -16,    0,    0,   -4,  -56,  -60,    0,    0,    0,    0,    0,
       0,    0,  -12,    0,    0,  -32,  -32,    0,    0,    0,  -76,  -74,    0,    0,   -8,   -8,  -30,  -13,  -18,    4,   -2,   -2,  -21,    0,    0,    0,  -30,  -50,    0,    0,    0,    0,    0,    0,    0,    2,    2,    0,    0,    0,    0,    0,  -31,    0,  -22,   -4,  -26,    0,    0,  -16,  -12,  -20,    0,  -14,    0,  -14,    0,  -20,    0,    0,  -24,    0,    0,    0,    0,    0,  -41,  -36,    0,    0,    0,  -26,  -30,  -72,  -50,  -31,  -31,  -22,    0,   14,   14,  -22,  -22,    2,   14,   14,  -20,    0,    0,  -48,    0,    0,    0,    0,
       0,    0,    0,    0,    0,    0,    0,  -12,    0,    0,   -8,   -8,    0,    0,   -8,   -4,    0,   -7,    0,  -13,    0,    0,    0,    0,    0,    0,    0,  -16,   -6,    4,   -4,   -4,    0,   -4,  -10,  -16,  -16,  -14,  -22,    0,    0,  -24,    0,   -4,    6,    0,    0,    4,    8,    4,    0,    0,    2,    0,    2,    0,    2,    0,    0,    0,    0,    0,    0,    0,    0,    0,    0,    0,    0,    0,    0,    4,    0,    0,  -20,    0,    0,    6,    4,    8,    8,    6,    6,   -4,    8,    8,    0,    0,    4,   -8,    8,    0,    0,    0,
       0,  -16,    0,   -4,   -7,    0,    0,    0,   -8,  -10,    4,    0,    0,    4,   -2,   -4,  -12,   -6,   -6,  -12,   -6,   -8,   -4,  -10,  -16,    0,    0,    4,    0,   -6,   -4,    4,    0,  -12,  -18,  -24,  -24,    8,  -20,    8,    0,    0,   -2,    0,   -8,    0,    4,    0,    0,    0,  -12,    0,   -6,   -8,  -14,    4,  -14,    4,    0,    0,    0,  -12,    0,   -2,    0,   -7,  -14,  -11,  -10,    0,  -19,  -25,    0,    0,    8,   -2,   -2,   -8,    0,    0,    0,   -8,   -8,   -4,    0,    0,    0,  -19,   -7,    0,  -10,   -2,  -13,    0,
       0,    0,    0,    0,   -2,    0,    0,   -8,    0,   -8,   -2,    0,   -7,    0,  -13,  -11,  -12,   -8,  -13,  -17,   -8,   -4,    0,    0,   -8,    0,   -4,    0,   -4,   -4,   -8,    0,   -4,   -8,  -20,  -20,  -20,    0,  -18,    0,   -4,    0,   -4,    0,  -10,    0,   -4,    0,    0,    0,  -16,    0,   -4,   -8,    0,    0,    0,    0,    0,    0,    0,    0,    0,    0,    0,    0,   -8,  -16,    0,    0,    0,  -16,    0,    0,    0,   -4,   -4,  -10,    0,    0,    0,  -10,  -10,   -8,    0,    0,    0,    0,    0,    0,   -4,    0,    0,    0,
       0,    0,    0,   -4,   -5,    0,    0,  -12,   -2,   -5,   -5,  -14,   -2,   -4,  -13,  -13,    0,   -8,   -4,  -22,  -10,   -8,    0,    0,   -4,    0,    0,  -13,   -6,   -4,  -12,   -8,   -4,  -12,  -20,  -26,  -26,  -14,  -24,   -4,   -4,  -14,    0,   -4,    0,   -2,   -2,    0,    0,    0,  -12,    0,   -4,   -7,   -2,   -8,   -2,    0,    0,    0,    0,   -2,   -4,    0,    0,   -2,    0,    0,   -5,    0,   -4,   -5,    0,    0,  -18,    0,    0,    0,    0,    0,    0,    0,    0,   -8,    0,    0,    0,   -2,   -6,    0,   -2,    0,   -6,    0,
       0,   -8,   17,    0,    0,   12,   -5,   -5,   -8,    0,   -4,    0,   -2,    0,   -8,   -4,    2,    0,    0,  -25,   -4,  -13,    0,    4,   -8,    0,    4,   -8,   -4,    0,   -8,   -4,    0,  -17,  -13,  -26,  -26,   -8,  -26,    2,   -4,  -10,    0,    0,    6,    0,    0,    0,    0,    0,   -6,    4,    2,    0,  -10,   -4,   -8,    0,    0,    0,    0,    0,    0,    0,    0,   -8,    4,    4,  -12,    0,  -18,    0,    0,    0,  -14,    0,    0,    6,    0,    0,    0,    6,    6,   -4,    0,    0,    4,  -20,   -4,    0,    0,    4,   -8,    4,
       0,    0,    0,   -2,    0,    2,    0,    0,    0,    0,   -7,   -8,    0,    0,  -13,   -8,    0,   -6,   -2,  -19,   -7,  -12,    0,    0,   -6,    0,    0,  -12,    0,    0,   -8,    0,    0,    0,   -8,  -10,  -10,  -11,  -10,   -4,    0,  -22,    0,   -4,    0,   -2,    0,   -4,   -4,   -4,  -10,    0,   -4,   -4,  -10,   -8,  -10,    0,    0,    0,    0,    0,    0,    0,    0,    0,    0,    0,    0,    0,   -2,   -2,    0,    0,  -14,    0,    0,    0,   -4,   -4,   -4,    0,    0,   -4,   -4,   -4,    0,    0,    0,    0,    0,    0,   -8,    0,
       0,    0,    0,   -2,    0,    0,    0,    0,    0,    0,   -4,   -4,    0,   -2,  -10,   -4,    0,   -2,    0,  -25,    0,  -12,    0,    0,   -4,    0,    0,  -10,   -8,    0,  -14,    0,    0,  -17,  -14,  -19,  -19,  -13,  -14,    0,    0,  -10,    0,   -4,    4,    0,    0,    0,    0,    0,   -6,    0,   -4,   -4,  -14,   -8,  -14,    0,    0,    0,    0,    0,    0,    0,    0,   -2,    4,    0,   -4,    0,  -20,   -4,    0,    0,  -17,    0,    0,    4,    0,    0,    0,    4,    4,   -8,    0,    0,    0,   -4,    0,    0,    0,    0,   -6,    0,
       0,    0,  -12,  -16,   -2,  -35,    0,   -8,    0,  -20,  -74,  -42,  -13,    0,  -20,  -25,  -47,  -37,  -28,  -13,  -17,  -12,  -16,   -8,  -17,    0,  -32,  -68,   -4,  -10,   -8,   -4,   -8,    0,   -2,    0,    0,   -4,    0,   -8,    4,  -78,  -26,    0,  -28,  -10,  -28,   -8,   -8,  -14,  -22,  -26,   -4,  -20,   -2,  -12,   -2,  -16,    0,    0,    0,  -18,  -16,   14,    0,    4,  -30,  -32,   17,  -16,    0,  -22,  -12,    0,  -61,  -26,  -26,  -28,   -8,    4,    4,  -28,  -28,   -8,    4,    4,  -26,    0,    8,    0,  -18,  -14,   -8,    0,
       0,    0,    0,   -2,    0,    0,    0,  -12,    0,    0,  -36,  -29,    0,    0,   -8,  -11,   -8,  -18,   -4,  -16,   -8,    0,    0,    0,   -8,    0,    0,  -44,  -14,    4,  -20,  -10,    0,    0,  -14,  -20,  -20,  -22,  -22,    0,    0,  -47,   -6,   -6,    0,    0,   -2,    0,    0,    2,   -2,    0,    6,    0,   10,    0,   10,    0,    0,    0,    0,    0,    0,    0,    0,    4,    0,    0,    0,    0,    5,   -2,    0,    0,  -44,   -6,   -6,    0,    0,    0,    0,    0,    0,   -4,    0,    0,    0,    0,    0,    0,    4,    0,    0,    0,
       0,    0,    0,    0,    0,    0,    0,    0,    0,    0,    0,    0,    0,   -5,    0,    0,    0,    0,    0,  -12,    0,    0,    0,    0,    0,    0,    0,    0,    0,    0,   13,    0,    0,    0,  -10,  -18,  -18,   -2,  -22,    0,    0,    0,    0,    0,   -4,    0,    0,    0,    0,    0,   -4,    0,    0,    0,    0,    0,    0,    0,    0,    0,    0,    0,    0,    0,    0,    0,    0,    0,    0,    0,    0,    0,    0,    0,    0,    0,    0,   -4,    0,    0,    0,   -4,   -4,   -8,    0,    0,    0,    0,    0,    0,    0,    0,    0,    0,
       0,    0,    0,    0,    0,    0,    0,    0,    0,    0,    0,    0,    0,   -4,   -8,   -6,    0,  -10,   -4,  -13,   -4,   -4,    0,    0,    0,    0,    0,    0,    0,    0,    0,    0,    0,    0,    0,    0,    0,    0,    0,    0,    0,    0,    0,    0,    0,    0,    0,    0,    0,    0,    0,    0,    0,    0,    0,    0,    0,    0,    0,    0,    0,    0,    0,    0,    0,    0,    0,    0,    0,    0,    0,    0,    0,    0,    0,    0,    0,    0,    0,    0,    0,    0,    0,    0,    0,    0,    0,    0,    0,    0,    0,    0,    0,    0,
       0,    0,    0,    0,    0,    0,    0,    0,    0,    0,    0,    0,    0,  -10,   -2,   -8,    2,    0,    0,  -18,    0,    0,    0,    0,    0,    0,    0,    0,    0,    0,    0,    0,    0,    0,    0,    0,    0,    0,    0,    0,    0,    0,    0,    0,    0,    0,    0,    0,    0,    0,    0,    0,    0,    0,    0,    0,    0,    0,    0,    0,    0,    0,    0,    0,    0,    0,    0,    0,    0,    0,    0,    0,    0,    0,    0,    0,    0,    0,    0,    0,    0,    0,    0,    0,    0,    0,    0,    0,    0,    0,    0,    0,    0,    0,
       0,    0,    0,    0,    0,    0,    0,  -37,    0,    0,  -59,  -44,    0,    0,    0,    0,    0,    0,    0,    0,    0,    0,    0,    0,    0,    0,    0,    0,    0,    0,    0,    0,    0,    0,    0,    0,    0,    0,    0,    0,    0,    0,    0,    0,    0,    0,    0,    0,    0,    0,    0,    0,    0,    0,    0,    0,    0,    0,    0,    0,    0,    0,    0,    0,    0,    0,  -28,    0,    0,    0,    0,    0,  -12,    0,    0,    0,    0,    0,    0,    0,    0,    0,    0,    0,    0,    0,    0,    0,    0,    0,    0,    0,    0,    0,
       0,    0,    0,    0,    0,    0,    0,    0,    0,    0,  -17,    0,    0,    0,    0,    0,    0,   -2,    0,   -8,    0,    0,    0,    0,    0,    0,    0,  -30,   -8,    8,  -15,  -13,    0,   -8,   -8,  -21,  -21,  -21,  -17,    0,    0,  -48,    0,   -6,    0,   -4,   -2,    0,    0,    0,   -6,    0,    0,    0,    0,   -4,    0,    0,    0,    0,    0,    0,    0,    0,    0,    0,    0,    0,    0,    0,    0,    0,    0,    0,  -49,    0,    0,    0,    0,    0,    0,    0,    0,   -8,    0,    0,    0,    0,    0,    0,    0,    0,    0,    0,
       0,  -53,    0,    0,    0,    0,    0,  -14,  -70,    0,    0,    0,  -14,    0,   -4,  -10,  -16,   -4,  -16,  -26,   -4,  -20,    0,    0,    0,   -4,    0,    2,   -2,  -16,  -11,   -2,    0,  -44,  -34,  -64,  -52,    0,  -54,    0,  -36,    0,   -5,    0,  -12,    0,   -4,   -4,  -10,    0,  -18,    0,  -16,  -20,  -36,    0,  -34,    0,    0,    0,    0,    0,    0,    0,  -14,  -66,  -22,  -14,    0,    0,  -84,  -32,    0,    0,    0,   -5,   -5,  -12,   -4,   -4,   -4,  -12,  -12,  -16,   -4,   -4,    0,  -54,  -48,    0,  -31,    0,    0,    0,
       0,  -14,    0,    0,    0,    0,    0,  -12,  -10,    0,  -10,  -20,    0,   -2,  -12,   -2,    0,    0,    0,  -10,    0,   -6,    0,    0,    0,    0,    8,  -22,   -8,   -2,   -7,   -8,    0,  -12,  -14,  -26,  -20,  -18,  -26,   -2,  -12,  -29,    0,   -6,    4,   -8,   -4,    0,    0,    0,   -6,    0,   -2,   -8,   -4,  -10,   -6,    0,    0,    0,    0,    0,    0,    0,    8,    0,    4,    8,    0,    0,   -5,   -2,    0,    0,  -26,    0,    0,    4,    0,    0,    0,    4,    4,   -6,    0,    0,    0,  -10,   -8,    0,    0,    0,    0,    0,
       0,   12,    0,    0,    0,    0,    0,    4,    4,    0,    0,    0,    0,    4,    0,    0,    0,    0,    0,    0,    0,    0,    4,    0,    0,    0,    0,   -4,    0,   -4,    0,    0,    0,    0,  -10,   -2,   -2,    0,   -4,    0,    0,   -2,    0,    0,    0,    0,    0,    0,    0,    0,   -6,    0,    0,  -10,  -13,   -4,  -13,    0,    0,    0,    0,    0,    0,    0,    0,   10,    0,    0,    0,    0,    0,  -12,    0,    0,   -4,    0,    0,    0,    0,    0,    0,    0,    0,    0,    0,    0,    0,   14,   16,    0,    0,    0,    0,    0,
       0,   -8,    0,    0,    0,   -8,    0,  -12,   -4,    0,  -24,  -22,    0,   -2,  -16,  -10,   -6,   -8,    0,  -14,    0,    4,    0,    0,    0,    0,    4,  -40,  -14,   10,  -10,  -10,    0,  -12,  -14,  -23,  -23,  -26,  -25,   -6,  -12,  -55,   -8,   -6,    0,    0,   -6,    0,    0,    0,   -6,   -6,    0,    0,    0,   -6,    0,   -4,    0,    0,    0,    0,    0,    0,    6,    0,    0,    4,    0,    0,   -8,    0,   -4,    0,  -44,   -8,   -8,    0,    0,    0,    0,    0,    0,   -8,    0,    0,   -6,   -4,   -4,    0,    8,    0,    0,    0,
       0,    0,    0,    0,    0,    0,    0,    0,    0,    0,    0,    0,   -4,    0,    0,   -2,    0,    0,   -4,   -4,    0,   -4,    0,    0,    0,    0,    0,    0,    0,   -8,   -4,    0,    0,    0,  -13,   -5,   -5,   -4,   -7,    0,    0,    0,    0,    0,   -4,    0,   -2,    0,    0,    0,  -12,    0,   -8,  -10,  -20,    0,  -16,    0,    0,    0,    0,    0,    0,    0,    0,    4,    0,    0,    0,    0,    0,  -20,    0,    0,    0,    0,    0,   -4,    0,    0,    0,   -4,   -4,    0,    0,    0,    0,    0,    0,    0,  -14,    0,    0,    0,
       0,    6,    0,    0,    0,  -28,    0,   -4,    4,    0,  -58,  -49,   -8,    0,  -10,  -14,  -35,  -23,  -25,    2,   -8,    0,   -8,    0,    0,    0,  -29,  -59,   -4,   -6,   -4,   -4,    0,    6,   -4,    0,    0,   -4,    0,   -4,   10,  -80,  -32,   -4,  -32,  -22,  -32,  -14,  -13,  -20,  -28,  -31,   -8,  -20,  -20,  -26,  -20,  -22,    0,    0,    0,    0,    0,    0,   -8,    4,  -26,  -16,    0,    0,    0,  -22,  -14,    0,  -74,  -32,  -32,  -32,  -14,   -1,    4,  -32,  -32,   -2,    4,    4,  -31,   12,   10,    0,  -16,    0,    0,    0,
       0,   -8,    0,    0,    0,    0,    0,   -2,   -8,    0,  -10,  -16,    0,   -6,  -12,   -8,    0,   -4,    0,  -17,    0,    0,    0,    0,    0,    0,    2,  -19,   -6,    6,   -8,   -8,    0,  -19,  -16,  -24,  -24,  -12,  -22,  -14,   -8,  -24,   -4,   -4,    0,    0,    0,    0,    0,    0,   -6,    0,    0,   -4,  -13,  -17,  -13,    0,    0,    0,    0,    0,    0,    0,    0,  -13,    8,    4,    0,    0,  -18,    0,    0,    0,  -20,   -4,   -4,    0,    0,    0,    0,    0,    0,   -4,    0,    0,    0,   -8,   -8,    0,    0,    0,    0,    0,
       0,    0,    0,    0,    0,    0,    0,    0,    0,    0,    0,    0,   -6,   -4,   -6,  -10,  -20,  -14,  -12,    0,   -6,   -8,    0,    0,    0,    0,    0,    0,    0,   -8,    0,    0,    0,    0,    0,    0,    0,    0,    0,    0,    0,    0,  -12,    0,  -16,   -4,   -8,    0,   -4,    0,  -18,   -8,  -10,  -20,  -20,    0,  -18,    0,    0,    0,    0,    0,    0,    0,    0,    4,  -12,    0,    0,    0,    0,    0,    0,    0,    0,  -12,  -12,  -16,    0,    2,    2,  -16,  -16,    0,    2,    2,   -8,    0,    0,    0,    0,    0,    0,    0,
       0,    0,    0,    0,    0,  -21,    0,    0,    0,    0,  -38,  -35,   -8,   -8,  -14,  -16,  -24,  -19,  -16,    0,   -8,  -12,  -12,    0,    0,    0,  -19,  -32,   -4,  -10,   -6,   -4,  -10,    0,   -8,    0,    0,   -8,    0,   -8,    0,  -50,  -26,    0,  -16,  -20,  -22,  -10,  -10,  -14,  -24,  -18,  -16,  -22,  -22,  -20,  -18,  -20,    0,    0,    0,    0,    0,    0,   -8,    0,  -20,   -6,    0,    0,    0,  -12,  -12,    0,  -38,  -26,  -26,  -16,  -10,   -2,   -2,  -16,  -16,    0,   -2,   -2,  -18,    0,    0,    0,   -4,    0,    0,    0,
       0,   -8,    0,    0,    0,    0,    0,   -4,  -13,    0,    0,    0,  -14,    0,   -4,   -8,  -17,   -8,  -16,  -13,  -10,  -19,    0,    0,    0,   -4,    0,    6,    0,  -18,   -8,    4,    0,   -8,  -14,   -6,   -6,    0,   -6,    6,    0,    0,   -6,    0,  -16,    0,   -2,    0,   -8,    0,  -18,    0,  -20,  -20,  -32,    0,  -30,    0,    0,    0,    0,    0,    0,    0,  -29,  -13,  -22,  -18,    0,    0,  -17,  -44,    0,    0,    8,   -6,   -6,  -16,    0,    4,    4,  -16,  -16,   -8,    4,    4,    0,   -8,   -8,    0,  -30,    0,    0,    0,
       0,  -74,    0,    0,    0,    0,    0,  -10,  -60,    0,    0,    0,    0,   -4,   -8,    0,    0,    0,    0,  -26,    0,  -26,    0,    0,    0,    0,    0,    0,   -4,   -8,   -8,   -2,   -4,  -48,  -30,  -64,  -56,   -4,  -49,    0,  -28,    0,    0,    0,    0,   -2,    0,    0,    0,    0,   -8,    0,   -6,   -8,  -32,    0,  -26,    0,    0,    0,    0,    0,    0,    0,    0,  -50,    0,    0,    0,    0,  -82,  -14,    0,    0,   -2,    0,    0,    0,    0,    0,    0,    0,    0,  -14,    0,    0,    0,  -65,  -55,    0,  -10,    0,    0,    0,
       0,    0,    0,    0,    0,  -17,    0,    0,    0,    0,  -31,  -35,  -11,  -14,  -20,  -20,  -26,  -25,  -20,    0,  -19,  -16,  -10,    0,    0,    0,  -13,  -32,   -6,  -12,   -4,    0,   -6,    0,   -6,    0,    0,  -10,    0,   -8,    0,  -40,  -23,    0,  -23,  -16,  -20,  -17,  -17,  -19,  -29,  -23,  -19,  -20,  -20,  -25,  -20,  -20,    0,    0,    0,    0,    0,    0,    0,    0,  -16,   -8,    0,    0,    0,  -10,  -14,    0,  -38,  -23,  -23,  -23,  -17,    4,   10,  -23,  -23,    0,   10,   10,  -23,    0,    0,    0,   -4,    0,    0,    0,
       0,  -10,    0,    0,    0,    0,    0,  -12,  -10,    0,  -20,   -4,    4,   -6,   -4,   -6,    0,   -4,    0,   -8,    0,    0,    0,    0,    0,    0,   12,  -24,   -8,   10,  -10,  -12,    0,  -10,  -12,  -20,  -14,  -18,  -16,    0,   -2,  -34,    0,   -4,    0,   -4,    0,    0,    0,    0,    0,    0,    0,    0,    0,    0,    0,    0,    0,    0,    0,    0,    0,    0,    6,    2,    4,    6,    0,    0,  -14,    0,   -4,    0,  -32,    0,    0,    0,    0,    0,    0,    0,    0,   -6,    0,    0,    0,   -4,    0,    0,    8,    0,    0,    0,
       0,    6,    0,    0,    0,  -17,    0,  -10,   10,    0,  -73,  -43,    0,    0,   -4,   -4,  -20,  -13,   -8,    0,    0,    4,    6,    0,    0,   -4,   -8,  -53,   -6,    4,   -6,   -4,    2,    2,   -8,   -6,   -6,  -16,   -8,   -2,    2, -101,   -8,   -8,  -12,    0,   -8,    2,    0,   -2,    0,   -8,    4,    0,    8,    0,   10,    0,    0,    0,    0,    0,    0,    0,    6,    8,   -4,    0,    0,    0,    0,    0,    0,    0,  -62,   -8,   -8,  -12,    2,    2,    2,  -12,  -12,   -8,    2,    2,   -8,   14,   12,    0,    4,    0,    0,    0,
       0,  -28,    0,    0,    0,    0,    0,   -8,  -19,    0,    0,    0,  -10,    2,    0,   -4,  -14,   -8,  -14,  -20,   -4,  -12,    0,    0,    0,   -4,    0,    6,    0,  -12,  -10,    4,   -2,  -26,  -31,  -36,  -30,    2,  -30,    2,  -20,    8,   -4,    0,  -10,    0,   -4,    0,    0,    0,  -10,    0,  -10,  -14,  -16,    0,  -16,    0,    0,    0,    0,    0,    0,    0,   -6,  -20,  -16,  -10,    0,    0,  -32,  -22,   -2,    0,    6,   -4,   -4,  -10,    0,    0,    0,  -10,  -10,  -10,    0,    0,    0,  -22,  -23,    0,  -14,    0,    0,    0,
       0,   -8,    0,    0,    0,    0,    0,  -10,    0,    0,   -8,   -8,    0,   -8,  -12,    0,    0,    0,    0,  -14,    0,   -2,    0,    0,    0,    0,    0,  -16,   -2,    0,   -6,   -2,   -4,  -10,  -14,  -14,  -14,  -10,  -14,   -8,    0,  -32,    0,   -2,    0,   -4,   -2,    0,    0,    0,   -6,    0,   -6,   -6,  -12,  -10,  -12,    0,    0,    0,    0,    0,    0,    0,    0,   -4,    0,    0,    0,    0,  -12,    0,   -4,    0,  -20,    0,    0,    0,    0,    0,    0,    0,    0,   -6,    0,    0,    0,   -6,    0,    0,    0,    0,    0,    0,
       0,   10,    0,    0,    0,  -25,    0,    0,    8,    0,  -56,  -46,   -4,    0,    0,   -8,  -38,  -13,  -29,    2,   -8,    0,    0,    0,    0,    0,  -25,  -46,    0,  -10,   -4,   -4,   -4,    2,   -6,    0,    0,   -4,    0,   -2,   12,  -65,  -37,    0,  -46,  -14,  -35,   -8,   -8,  -22,  -34,  -30,   -8,  -29,  -28,  -35,  -28,  -36,    0,   -4,    0,    0,    0,    0,   -8,    8,  -30,  -46,    0,    0,    4,  -24,   -8,    0,  -52,  -37,  -37,  -46,   -8,    7,    5,  -46,  -46,    0,    5,    5,  -30,   16,   18,    0,  -12,    0,    0,    0,
       0,   -4,    0,    0,    0,  -32,    0,   -6,    0,    0,  -52,  -53,  -14,  -16,  -22,  -22,  -32,  -22,  -28,   -4,  -18,  -12,  -14,    0,    0,   -4,  -17,  -52,  -10,  -18,   -9,   -8,  -12,   -6,   -8,   -4,   -2,   -6,    0,   -6,    0,  -61,  -32,    0,  -31,  -20,  -32,  -20,  -16,  -18,  -28,  -24,  -20,  -31,  -20,  -31,  -26,  -26,    0,    0,    0,    0,    0,    0,   -8,    0,  -24,  -10,    0,    0,   -2,  -12,  -20,    0,  -56,  -32,  -32,  -31,  -20,   -1,    2,  -31,  -31,    0,    2,    2,  -24,    0,    0,    0,   -6,    0,    0,    0,
       0,    0,    0,    0,    0,  -48,    0,    0,    0,    0,  -80,  -58,  -24,   -8,  -18,  -20,  -61,  -26,  -42,    2,  -20,  -12,  -24,    0,    0,    0,  -47,  -72,    0,  -26,    0,    0,  -12,    0,   -2,    4,    4,    0,    4,   -6,    6, -104,  -48,    0,  -50,  -22,  -52,  -22,  -20,  -40,  -38,  -50,  -26,  -40,  -32,  -42,  -32,  -40,    0,  -16,    0,    0,    0,    0,  -18,    4,  -40,  -34,    0,    0,    0,  -34,  -30,    0,  -76,  -91,  -80,  -50,  -22,    4,   16,  -50,  -50,    0,    6,    6,  -50,   13,    8,    0,  -32,    0,    0,    0,
       0,    0,    0,    0,    0,  -46,    0,    0,    0,    0,  -80,  -50,  -24,  -12,  -20,  -20,  -55,  -26,  -43,    0,  -18,  -14,  -24,    0,    0,    0,  -52,  -66,    0,  -22,    0,   -2,  -12,    0,   -2,    4,    4,    0,    4,   -6,    6,  -95,  -50,    0,  -50,  -24,  -56,  -20,  -16,  -30,  -34,  -42,  -19,  -34,  -28,  -38,  -28,  -40,    0,  -16,    0,    0,    0,    0,  -18,    0,  -42,  -32,    0,    0,    0,  -32,  -30,    0,  -78,  -97,  -88,  -50,  -20,    4,   20,  -50,  -50,    0,   13,    4,  -42,    8,   12,    0,  -32,    0,    0,    0,
       0,   -4,    0,    0,    0,   -4,    0,    0,    0,    0,    0,    0,  -13,    0,    0,  -12,  -24,   -8,  -16,   -8,  -10,  -16,   -2,    0,    0,    0,    0,    0,    0,  -18,   -4,    0,   -7,   -6,   -6,    0,    0,    0,    0,    2,    0,    0,   -8,    0,  -18,    0,    0,   -4,   -4,    0,  -18,   -2,  -18,  -24,  -42,    0,  -34,    0,    0,    0,    0,    0,    0,    0,  -20,    0,  -20,  -28,    0,    0,    0,  -34,   -8,    0,    0,   -8,   -8,  -18,   -4,   -4,   -4,  -18,  -18,    0,   -4,   -4,   -2,    0,    0,    0,  -24,    0,    0,    0,
       0,    0,    0,    0,    0,  -37,    0,   -4,    0,    0,  -56,  -50,  -26,  -10,  -18,  -22,  -56,  -28,  -42,    0,  -20,  -16,  -28,    0,    0,    0,  -43,  -58,    0,  -26,    0,    0,  -16,    4,    0,    4,    4,    0,    4,    0,   14,  -62,  -48,    0,  -50,  -28,  -46,  -20,  -16,  -34,  -41,  -48,  -32,  -40,  -34,  -44,  -34,  -48,    0,  -10,    0,    0,    0,    0,  -16,    8,  -40,  -40,    0,    0,    0,  -37,  -28,    0,  -58,  -92,  -83,  -50,  -36,   19,   14,  -50,  -50,    0,   14,   14,  -48,    8,    8,    0,  -34,    0,    0,    0,
       0,    0,    0,    0,    0,    0,    0,    0,    0,    0,    0,    0,    0,    0,   -4,    0,    0,    0,    0,   -4,    0,   -6,    0,    0,    0,    0,    0,   -2,    0,   -2,    0,    0,   -4,   -6,   -8,   -2,   -2,    0,   -2,    0,    0,    0,    0,    0,   -4,    0,    0,    0,    0,    0,   -6,    0,   -4,  -10,  -14,    0,  -14,    0,    0,    0,    0,    0,    0,    0,    0,    0,    0,    0,    0,    0,    0,  -20,    0,    0,    0,    0,    0,   -4,    0,    4,    4,   -4,   -4,    0,    4,    4,    0,   -2,    0,    0,   -8,    0,    0,    0,
       0,  -48,    0,    0,    0,    0,    0,    0,    0,    0,    4,    0,  -12,    0,    0,    0,  -14,  -12,   -4,  -24,    0,  -12,    0,    0,    0,    0,    0,    0,    0,  -14,   55,   -8,   -8,  -44,  -43,  -56,  -50,   -8,  -40,   -8,  -74,    0,   -8,    0,   -8,   -8,    8,    0,   76,    0,    0,   -8,  -14,  -13,  -25,    0,   10,    0,    0,    0,    0,    0,    0,    0,    0,    0,  -26,  -20,    0,    0,    0,  -24,    0,    0,  -17,   -8,   -8,   -8,    0,    0,    0,   -8,   -8,    0,    0,    0,   -8,  -48,  -48,    4,    0,    0,    0,    0,
       0,    0,    0,    0,    0,    0,    0,    0,    0,    0,    0,    0,  -24,    0,    0,  -20,  -38,  -12,  -22,  -12,  -14,  -20,    0,    0,    0,    0,   -8,    0,    0,  -38,   48,    0,  -12,  -65,  -60,  -98,  -92,    0,  -66,    0,    0,    0,  -19,    0,  -34,    0,    0,    0,   43,    0,  -12,  -16,  -38,  -28,  -55,    0,  -19,    0,    0,    0,    0,    0,    0,    0,    0,    0,    0,    0,    0,    0,    0,    0,    0,    0,    0,  -19,  -19,  -34,    0,    0,    0,  -34,  -34,  -12,    0,    0,  -16,    0,    0,    0,    0,    0,    0,    0,
      -4,  -36,    0,    0,    0,    0,    0,  -13,  -24,    0,    0,    0,    0,    0,    0,    0,   -2,   -4,   -2,  -20,    0,  -14,    0,    0,    0,   -4,    0,    2,    0,  -10,  -12,    0,    0,  -34,  -22,  -47,  -46,    0,  -44,    0,  -28,    0,    0,    0,    0,    0,   -4,    0,    0,    0,  -12,    0,    0,   -7,  -12,    0,  -10,    0,    0,    0,    0,    0,    0,    0,    0,  -24,   -8,   -2,    0,    0,  -36,   -8,    0,    0,    0,    0,    0,    0,    0,    0,    0,    0,    0,  -12,    0,    0,    0,  -34,  -22,    0,  -10,    0,    0,    0,
      -4,  -32,    0,    0,    0,    0,    0,  -14,  -25,    0,  -12,  -12,    0,  -10,  -14,   -6,    0,   -6,    4,  -32,    0,    0,   -4,    0,    0,   -8,    2,  -28,  -12,    0,  -10,  -14,   -2,  -36,  -24,  -48,  -46,  -20,  -48,   -4,  -20,  -34,   -4,   -2,    4,    0,    0,    0,    0,    0,   -6,    0,   -2,   -2,   -4,  -12,   -6,    0,    0,    0,    0,    0,    0,    0,    0,  -10,    4,    6,    0,    0,  -34,    0,   -4,    0,  -20,   -4,   -4,    4,    0,    0,    0,    4,    4,   -8,    0,    0,    0,  -30,  -16,    0,    0,    0,    0,    0,
       0,   -4,    0,    0,    0,    0,    0,  -17,   -4,    0,   -8,   -8,    0,   -8,   -8,   -4,   -8,   -8,    0,  -23,   -4,    0,    0,    0,    0,   -4,   -4,  -14,  -14,    0,  -20,   -8,   -4,  -28,  -22,  -42,  -40,  -16,  -40,   -4,  -17,  -20,   -4,  -14,   -4,    0,   -2,    0,    0,    0,   -6,    0,   -4,   -4,   -8,  -13,   -4,    0,    0,    0,    0,    0,    0,    0,    0,    0,   -4,    0,    0,    0,  -20,   -4,    0,    0,   -8,   -4,   -4,   -4,    0,    0,    0,   -4,   -4,  -17,    0,    0,    0,  -10,   -4,    0,    0,    0,    0,    0,
       0,  -12,    0,    0,    0,   -6,    0,   -4,  -12,    0,   -4,    0,   -4,    0,   -4,   -8,   -6,   -7,   -4,  -14,   -4,   -6,    0,    0,    0,  -13,   -4,    0,    0,   -4,   -4,    0,    0,  -12,  -12,  -16,  -18,    0,  -24,    0,    0,    0,   -6,    0,    0,    0,   -6,    0,    0,    0,   -8,    0,    0,   -2,   -6,    0,   -6,    0,    0,    0,    0,    0,    0,    0,    0,    0,  -12,   -4,    0,    0,  -12,   -8,    0,    0,    0,   -6,   -6,    0,    0,    0,    0,    0,    0,   -4,    0,    0,    0,  -14,  -12,    0,  -13,    0,    0,    0,
       0,  -16,    0,    0,    0,    0,    0,  -14,  -12,    0,   -4,   -6,    4,   -8,  -10,   -4,    4,   -4,    8,  -22,    0,    0,    0,    0,    0,   -4,    0,  -12,   -6,    0,  -12,   -8,    0,  -34,  -18,  -42,  -36,  -12,  -40,   -4,  -20,  -24,   -2,  -10,    0,   -2,    0,    0,    0,    0,   -6,    0,    0,    0,   -2,   -4,   -4,    0,    0,    0,    0,    0,    0,    0,    0,   -4,    6,    6,    0,    0,  -31,    0,    0,    0,  -12,   -2,   -2,    0,    0,    0,    0,    0,    0,   -6,    0,    0,    0,  -18,  -10,    0,    0,    0,    0,    0,
      32,   50,    0,    0,    0,    0,    0,   58,   47,    0,  -14,   -4,   18,   29,   20,   18,   -8,   16,    0,   50,   20,   26,    4,    0,    0,   32,   -4,   -4,   47,    4,   48,   47,   18,   53,   52,   64,   64,   53,   64,   47,   68,   -4,    0,   -6,   -7,    0,    0,   25,   26,    0,    0,    0,    0,   -4,    8,    0,    8,    4,    8,    0,    0,    0,    0,    0,    0,   61,  -14,  -13,   34,    0,   64,   -4,    0,    0,    0,    0,   21,    8,   65,   55,   59,   -5,    4,   -6,   28,   28,    0,   59,   53,    0,   -4,    0,    0,    0,
      -4,    0,    0,    0,    0,  -16,    0,   -4,   -4,    0,    0,   14,    2,    0,    0,  -10,  -20,  -14,   -4,  -16,    0,    8,    0,    0,    0,    0,   -4,    0,   -7,    0,   52,    0,    0,   -8,  -18,  -24,  -28,    0,  -29,    0,  -14,    0,  -10,   -2,  -10,    0,   -6,    0,   47,    0,   -4,    0,    0,    0,    7,    0,    8,    0,    0,    0,    0,    0,    0,    0,    0,    0,  -17,  -13,    0,    0,    0,   -8,    0,    0,    0,  -10,  -10,  -10,    0,    0,    0,  -10,  -10,   -8,    0,    0,    0,    4,    6,    0,   -4,    0,    0,    0,
      -4,  -34,    0,    0,    0,   -4,    0,  -14,  -29,    0,    0,    0,   -6,    0,   -6,   -8,  -10,   -8,   -4,  -28,   -4,  -14,    0,    0,    0,   -4,    0,    0,    0,   -4,  -12,    0,    0,  -40,  -22,  -54,  -48,    0,  -46,    0,  -30,    0,   -4,    0,    0,    0,    0,    0,    0,    0,   -9,    0,   -3,   -3,  -18,    0,  -18,    0,    0,    0,    0,    0,    0,    0,    0,  -23,   -2,    0,    0,    0,  -42,   -8,    0,    0,    0,   -4,   -4,    0,    0,    0,    0,    0,    0,  -13,    0,    0,    0,  -38,  -28,    0,   -6,    0,    0,    0,
       0,    0,    0,    0,    0,   -4,    0,    0,    0,    0,    0,    0,    0,    4,    0,   -4,    0,   -4,    0,   -8,    0,   -4,    0,    0,    0,    0,    0,    0,    0,    0,    0,    0,    0,   -8,  -16,  -19,  -16,    0,  -12,    0,    0,    0,    0,    0,    0,    0,    0,    0,    0,    0,   -2,    0,    0,    0,   -5,    0,   -5,    0,    0,    0,    0,    0,    0,    0,    0,    0,   -2,    0,    0,    0,   -4,   -8,    0,    0,    0,    0,    0,    0,    0,    0,    0,    0,    0,    0,    0,    0,    0,    0,    0,    0,   -4,    0,    0,    0,
       0,   -4,    0,    0,    0,   -8,    0,    8,   -4,    0,  -14,   -2,    0,    0,   -8,   -8,  -10,   -8,    0,  -13,   -2,   -4,  -10,    0,    0,   -4,    0,  -10,   -4,   -4,   21,   -8,    0,   -8,  -12,  -14,  -13,   -6,  -10,    0,    0,  -26,   -4,   -4,    0,    0,   -4,    0,   17,    0,   -4,    0,    0,    0,    0,   -4,    0,   -4,    0,    0,    0,    0,    0,    0,    0,    0,   -8,   -4,    0,    0,    0,   -8,    0,    0,   -2,   -4,   -4,    0,    0,    0,    0,    0,    0,   -8,    0,    0,    0,   -8,    0,    0,   -7,    0,    0,    0,
      -8,  -17,    0,    0,    0,   -8,    0,  -19,  -13,    0,   -4,    0,   -4,    4,    0,   -4,  -18,   -4,   -8,  -16,    0,   -4,   -8,    0,    0,   -8,    0,    8,    0,   -4,  -20,    4,    0,  -37,  -24,  -38,  -30,    2,  -38,    6,  -17,    0,   -2,    0,  -12,    0,    0,    0,    0,    0,  -10,   -2,   -4,   -8,    0,    2,    0,    4,    0,    0,    0,    0,    0,    0,    0,    0,  -22,  -25,    0,    0,    0,  -17,    0,    0,    6,   -2,   -2,  -12,    0,    0,    0,  -12,  -12,  -14,    0,    0,   -2,   -4,   -8,    0,  -13,    0,    0,    0,
       0,  -16,    0,    0,    0,   -8,    0,    2,   -8,    0,   -4,    8,    0,   -2,  -10,  -14,   -8,   -8,    0,  -20,   -4,   -4,   -4,    0,    0,   -4,    0,  -10,  -12,   -4,    0,  -12,    0,  -30,  -24,  -40,  -34,   -8,  -40,   -4,  -14,   -8,   -8,   -2,   -4,   -2,    0,    0,   48,   -4,    0,   -2,    0,   -2,    0,   -4,    4,   -4,    0,    0,    0,    0,    0,    0,    0,    0,   -6,   -4,    0,    0,  -18,   -8,    0,    0,   -8,   -8,   -8,   -4,    0,    0,    0,   -4,   -4,    0,    0,    0,   -2,  -12,   -8,    0,   -7,    0,    0,    0,
      -4,    0,    0,    0,    0,  -32,    0,  -20,   -3,    0,  -62,  -34,    0,  -10,   -4,  -16,  -29,  -14,    0,  -18,   -2,   10,   -6,    0,    0,   -8,  -11,  -44,  -16,    0,  -18,  -16,    0,   -4,  -18,  -26,  -24,  -36,  -34,   -8,  -11,  -62,  -14,  -14,  -10,    0,  -10,    0,    0,    0,    0,   -6,    4,    0,   10,    0,   10,    0,    0,    0,    0,    0,    0,    0,    0,    5,  -12,  -14,    0,    0,    0,   -4,   -4,    0,  -56,  -14,  -14,  -10,    0,    0,    0,  -10,  -10,  -19,    0,    0,   -6,    2,    8,    0,    0,    0,    0,    0,
      -4,  -25,    0,    0,    0,    0,    0,  -19,  -10,    0,   -8,   -8,    0,   -2,   -6,   -6,    0,    0,    4,  -22,    0,   -2,    0,    0,    0,   -8,    0,  -10,   -8,    0,  -18,  -10,    0,  -22,  -16,  -38,  -32,   -4,  -46,   -4,  -25,  -28,   -4,  -10,    0,    0,   -4,   -2,    0,    0,   -6,    0,    0,   -4,   -4,   -4,   -4,    0,    0,    0,    0,    0,    0,    0,    0,  -12,    0,    0,    0,    0,  -18,   -8,   -2,    0,   -8,   -4,   -4,    0,   -2,   -2,   -2,    0,    0,  -14,   -2,   -2,    0,  -14,   -8,    0,   -4,    0,    0,    0,
       0,   -7,    0,    0,    0,    0,    0,    0,    0,    0,    0,    0,    2,    8,    4,    0,   -2,    0,    2,  -13,    8,    2,    0,    0,    0,   -8,    0,    4,   -4,    0,  -10,    0,    0,  -13,  -14,  -20,  -18,    0,  -20,    2,   -8,   -2,    0,    0,   -2,    0,    0,    0,    0,    0,   -4,    4,   -2,   -4,    4,    0,    2,    4,    0,    0,    0,    0,    0,    0,    0,    5,  -16,  -13,    0,    0,    0,   -8,    0,    0,    0,    0,    0,   -2,    0,    0,    0,   -2,   -2,   -7,    0,    0,    4,    2,    5,    0,   -8,    0,    0,    0,
       0,  -18,    0,    0,    0,   -4,    0,    0,  -14,    0,    0,    0,    0,    8,    0,   -6,   -2,   -4,    0,  -16,    0,   -6,   -2,    0,    0,   -8,    0,    0,    0,    0,  -10,    0,    0,  -18,  -16,  -35,  -29,    0,  -31,    0,  -16,    0,    0,    0,   -2,    0,    2,    0,    0,    0,   -4,    2,    0,    0,   -8,    0,   -4,    0,    0,    0,    0,    0,    0,    0,    0,   -8,   -4,    0,    0,    0,  -24,   -4,    0,    0,    0,    0,    0,   -2,    0,    0,    0,   -2,   -2,   -6,    0,    0,    2,  -14,  -10,    0,   -4,    0,    0,    0,
      -4,   -4,    0,    0,    0,  -32,    0,  -28,   -4,    0,  -62,  -37,    2,   -4,   -4,  -14,  -28,  -19,  -11,  -18,   -4,    6,   -8,    0,    0,  -17,  -19,  -55,  -20,    0,  -28,  -20,   -4,  -30,  -23,  -30,  -24,  -34,  -34,  -21,    0,  -68,  -16,  -14,  -16,    0,  -16,    0,    0,    0,    0,  -10,    2,    0,    2,    0,   -2,    0,    0,    0,    0,    0,    0,    0,    0,    4,  -20,  -19,    0,    0,    0,   -8,   -4,    0,  -54,  -16,  -16,  -16,    0,    0,    0,  -16,  -16,  -17,    0,    0,  -10,   16,    8,    0,  -13,    0,    0,    0,
      -4,   -8,    0,    0,    0,   -8,    0,  -10,  -17,    0,    0,    0,   -4,    4,   -4,   -8,  -14,   -8,   -8,  -25,   -4,   -4,    0,    0,    0,   -8,   -4,    2,    0,   -6,  -16,    0,    0,  -16,  -26,  -38,  -38,    0,  -36,    0,   -8,    0,   -2,    0,  -12,    0,   -6,    0,   -7,    0,  -12,    0,   -4,   -8,    0,    0,    0,    0,    0,    0,    0,    0,    0,    0,    0,    0,  -22,  -25,    0,    0,   -8,  -25,    0,    0,    0,   -2,   -2,  -12,    0,    0,    0,  -12,  -12,  -14,    0,    0,    0,   -4,   -2,    0,  -13,    0,    0,    0,
       0,   -4,    0,    0,    0,    0,    0,  -10,   -4,    0,    0,    0,    0,    8,    0,    0,    0,    0,    0,  -12,    0,    4,    0,    0,    0,    0,    0,    0,    0,    0,   -8,    0,    0,  -25,  -16,  -36,  -30,    0,  -38,    0,   -8,    0,    0,    0,    0,    0,    0,    0,    0,    0,   -6,    0,    0,    0,    4,    0,    4,    0,    0,    0,    0,    0,    0,    0,    0,    0,    0,    0,    0,    0,    0,   -4,    0,    0,    0,    0,    0,    0,    0,    0,    0,    0,    0,   -5,    0,    0,    0,    0,    2,    0,   -4,    0,    0,    0,
       0,    0,    0,    0,    0,    0,    0,    0,    0,    0,    0,    0,    0,    0,    0,    0,    0,    0,    0,    0,    0,    0,    0,    0,    0,    0,    0,    0,    0,    0,    0,    0,    0,    0,    0,    0,    0,    0,    0,    0,    0,    0,    0,    0,    0,    0,    0,    0,    8,    0,    0,    0,    0,    0,    0,    0,    0,    0,    0,    0,    0,    0,    0,    0,    0,    0,    0,    0,    0,    0,    0,    0,    0,    0,    0,    0,    0,    0,    0,    0,    0,    0,    0,    0,    0,    0,    0,    0,    0,    0,    0,    0,    0,    0,
       0,    0,    0,    0,    0,    0,    0,    0,    0,    0,    0,    0,    0,    0,    0,    0,    0,    0,    0,    0,    0,    0,    0,    0,    0,    0,    0,    0,    0,    0,    0,    0,    0,   -4,    0,  -14,  -14,    0,  -14,    0,    0,    0,    0,    0,    0,    0,    0,    0,    0,    0,    0,    0,    0,    0,    0,    0,    0,    0,    0,    0,    0,    0,    0,    0,    0,    0,    0,    0,    0,    0,    0,    0,    0,    0,    0,    0,    0,    0,    0,    0,    0,    0,    0,    0,    0,    0,    0,    0,    0,    0,    0,    0,    0,    0,
       0,    0,    0,    0,    0,    0,    0,    0,    0,    0,    0,    0,    0,    0,    0,    0,    0,    0,    0,    0,    0,    0,    0,    0,    0,    0,    0,    0,    0,    0,   34,    0,    0,  -14,  -16,  -38,  -37,   -8,  -40,    0,    0,    0,   -6,   -2,   -6,   -2,    0,    0,   35,    0,    0,    0,    0,  -14,   -6,    0,    0,    0,    0,    0,    0,    0,    0,    0,    0,    0,    0,    0,    0,    0,    0,    0,    0,    0,  -17,   -6,   -6,   -6,    0,    0,    0,   -6,   -6,    0,    0,    0,    0,    0,    0,    0,    0,    0,    0,    0,
       0,    0,    0,    0,    0,    0,    0,    0,    0,    0,    0,    0,    0,   -5,    0,   -2,    0,    0,    0,   -4,   -2,    0,    0,    0,    0,    0,    0,    0,    0,    0,    0,    0,    0,    0,    0,    0,    0,    0,    0,    0,    0,    0,    0,    0,    0,    0,    0,    0,    0,    0,    0,    0,    0,    0,    0,    0,    0,    0,    0,    0,    0,    0,    0,    0,    0,    0,    0,    0,    0,    0,    0,    0,    0,    0,    0,    0,    0,    0,    0,    0,    0,    0,    0,    0,    0,    0,    0,    0,    0,    0,    0,    0,    0,    0,
       0,    0,    0,    0,    0,    0,    0,    0,    0,    0,    0,    0,   -4,    0,    0,   -2,   -5,    0,   -6,   -2,   -2,  -10,    0,    0,    0,    0,    0,    0,    0,    0,    0,    0,    0,    0,    0,    0,    0,    0,    0,    0,    0,    0,    0,    0,    0,    0,    0,    0,    0,    0,    0,    0,    0,    0,    0,    0,    0,    0,    0,    0,    0,    0,    0,    0,    0,    0,    0,    0,    0,    0,    0,    0,    0,    0,    0,    0,    0,    0,    0,    0,    0,    0,    0,    0,    0,    0,    0,    0,    0,    0,    0,    0,    0,    0,
       0,    0,    0,    0,    0,    0,    0,    0,    0,    0,    0,    0,    0,    4,    0,    0,    0,    0,    0,    4,    0,    8,    0,    0,    0,    0,    0,    0,    0,    0,    0,    0,    0,    0,    0,    0,    0,    0,    0,    0,    0,    0,    0,    0,    0,    0,    0,    0,    0,    0,    0,    0,    0,    0,    0,    0,    0,    0,    0,    0,    0,    0,    0,    0,    0,    0,    0,    0,    0,    0,    0,    0,    0,    0,    0,    0,    0,    0,    0,    0,    0,    0,    0,    0,    0,    0,    0,    0,    0,    0,    0,    0,    0,    0,
       0,    0,    0,    0,    0,    0,    0,    0,    0,    0,    0,    0,    0,    0,    0,    0,    0,    0,    0,   -8,    0,    0,    0,    0,    0,    0,    0,  -20,    0,   10,    0,    0,    0,   -8,   -8,  -12,  -12,  -16,  -16,    0,    0,    0,    0,    0,    0,    0,    0,    0,    0,    0,    0,    0,    0,    0,    0,    0,    0,    0,    0,    0,    0,    0,    0,    0,    0,    0,    0,    0,    0,    0,    0,    0,    0,    0,  -40,    0,    0,    0,    0,    0,    0,    0,    0,    0,    0,    0,    0,    0,    0,    0,    0,    0,    0,    0,
       0,    0,    0,    0,    0,    0,    0,  -24,    0,    0,   -4,    0,    0,    0,    0,   -4,    0,    0,    0,   -4,    0,    0,    0,    0,    0,  -13,    0,    0,    0,   -4,   -4,    0,    0,   -8,  -16,  -29,  -26,   -8,  -23,    0,    0,    0,    0,    0,   -4,    0,   -6,    2,    2,    0,    0,    0,    0,   -4,   -2,    0,    0,    2,    0,    0,    0,    0,    0,    0,    0,    0,  -41,  -41,    0,    0,    0,    0,    0,    0,    0,    0,    0,   -4,    2,    0,    0,   -4,   -4,  -10,    0,    0,    0,    0,    0,    0,    0,    0,    0,    0,
       0,    0,    0,    0,    0,    0,    0,  -24,    0,    0,  -13,  -18,    0,  -17,  -13,  -10,   -2,  -10,    0,  -35,    0,  -12,    0,    0,    0,    0,    0,  -14,    0,    6,  -12,   -8,   -4,  -46,   -6,  -26,  -25,  -28,  -34,   -2,  -16,    0,    0,   -4,    6,   -2,    0,    0,    0,    0,    0,    0,    0,    0,   -2,  -12,   -6,    0,    0,    0,    0,    0,    0,    0,    0,    0,    0,    0,    0,    0,    0,    0,  -41,  -10,  -26,    0,    0,    6,    0,    0,    0,    6,    6,  -10,    0,    0,    0,    6,    5,    0,    0,    0,    0,    0,
       0,    0,    0,    0,    0,    0,    0,    0,    0,    0,    0,    0,    0,    0,    0,    0,    0,    0,    0,  -14,    0,   -2,    0,    0,    0,    0,    0,    0,    0,    0,    0,    0,    0,    0,    0,    0,    0,    0,    0,    0,    0,    0,    0,    0,    0,    0,    0,    0,    0,    0,    0,    0,    0,    0,    0,    0,    0,    0,    0,    0,    0,    0,    0,    0,    0,    0,    0,    0,    0,    0,    0,    0,    0,    0,    0,    0,    0,    0,    0,    0,    0,    0,    0,    0,    0,    0,    0,    0,    0,    0,    0,    0,    0,    0,
       0,    0,    0,    0,    0,    0,    0,   12,   20,    0,    0,    0,    0,    8,    0,    0,   -6,    0,    0,   13,    0,    0,    0,    0,    0,    0,    0,    0,    0,    0,    0,    0,    0,    0,    0,    0,    0,    0,    0,    0,   25,    0,    0,    0,    0,    0,    0,    0,    0,    0,    0,    0,    0,    0,    0,    0,    0,    0,    0,    0,    0,    0,    0,    0,    0,   20,    0,    0,    0,    0,   20,   -8,    0,    0,    0,    0,    0,    0,    0,    0,    0,    0,    0,    0,    0,    0,    0,    2,    6,    0,   -4,    0,    0,    0,
       0,    0,    0,    0,    0,    0,    0,  -36,    0,    0,    0,  -26,    4,  -18,  -25,  -19,   -4,  -11,   -4,  -34,   -5,   -4,    0,    0,    0,    0,    0,  -38,    0,    0,    0,   -8,    0,  -24,   -6,  -28,  -26,  -34,  -31,  -16,   -7,    0,    0,   -6,    0,    0,   -6,    0,    0,    0,   -6,    0,    0,    0,    0,  -14,    0,    0,    0,    0,    0,    0,    0,    0,    0,    0,    0,    0,    0,    0,    0,    0,    0,  -60,    0,    0,    0,    0,    0,    0,    0,    0,    0,  -13,    0,    0,    0,    0,    0,    0,    0,    0,    0,    0,
     -20,  -22,    0,    0,    0,    0,    0,  -41,    0,    0,  -17,   -5,    0,  -16,  -17,  -10,    0,    0,    0,  -30,    0,   -4,    0,    0,    0,    0,    0,  -20,  -12,    4,  -18,  -12,   -6,  -30,  -18,  -37,  -34,  -20,  -35,   -8,  -26,    0,    0,  -12,    4,  -10,    0,    0,    2,    0,   -8,   -2,   -6,   -6,   -8,  -16,  -14,    0,    0,    0,    0,    0,    0,    0,    0,    0,    0,    0,    0,    0,    0,    0,  -41,  -32,  -32,    0,    0,    4,    0,    0,    0,    4,    4,  -16,    0,    0,   -2,  -24,    0,    0,    0,    0,    0,    0,
       0,    0,    0,    0,    0,    0,    0,    0,    0,    0,    0,    0,    0,    0,    0,    0,    0,    0,   -4,  -13,    0,    0,    0,    0,    0,    0,    0,  -16,   -4,   -4,   29,  -13,    0,  -18,  -24,  -40,  -37,  -16,  -28,    0,    0,    0,  -12,  -10,  -12,  -14,   -2,    0,   37,    0,   -6,   -6,   -6,  -12,   -6,   -6,    0,   -6,    0,    0,    0,    0,    0,    0,    0,    0,    0,    0,    0,    0,    0,    0,    0,    0,  -44,  -12,  -12,  -12,    0,    0,    0,  -12,  -12,    0,    0,    0,   -6,    0,    0,    0,    0,    0,    0,    0,
      -4,  -17,    0,    0,    0,    0,    0,  -18,   -8,    0,  -48,  -26,    0,   -4,  -14,  -16,    0,  -13,    0,  -26,    0,    0,    0,    0,    0,    0,    0,  -47,  -14,    6,  -14,  -16,    0,  -19,  -16,  -32,  -32,  -36,  -36,   -4,  -20,  -92,   -4,  -10,    4,   -4,    0,    0,    0,    0,    0,    0,    0,    0,    0,    0,    0,    0,    0,    0,    0,    0,    0,    0,    6,    0,    8,    6,    0,    0,  -16,    4,   -4,    0,  -52,   -4,   -4,    4,    0,    0,    0,    4,    4,  -16,    0,    0,    0,   -8,    0,    0,    8,    0,    0,    0,
      -8,  -20,    0,    0,    0,    0,    0,  -14,  -18,    0,    0,   -8,    0,   -2,   -8,    0,    0,    0,    0,  -21,    0,  -17,   -4,    0,    0,   -8,    0,   -8,   -8,    0,  -16,   -8,    0,  -20,  -22,  -20,  -20,   -8,  -24,   -4,   -8,  -16,    0,  -10,    0,   -8,    0,   -7,   -4,    0,  -10,    0,    5,    5,    2,    0,    0,    0,    0,    0,    0,    0,    0,    0,    0,  -12,    0,    0,    0,    0,  -22,  -13,   -4,    0,    0,    0,    0,    0,   -7,   -7,   -7,    0,    0,    0,   -7,   -7,    0,  -16,  -14,    0,   -8,    0,    0,    0,
       0,   20,    0,    0,    0,   -4,    0,   12,   20,    0,    0,    0,    0,   13,    0,    0,    0,    0,    0,   16,    0,    0,    0,    0,    0,    0,    0,    0,    8,    0,    8,    4,    0,   16,    4,   17,   17,   10,   17,   14,   25,    0,    0,    4,    0,    0,    0,    0,    0,    0,   -2,    0,    0,    0,   -2,    0,   -2,    0,    0,    0,    0,    0,    0,    0,    0,   20,    0,    0,    0,    0,   22,   -8,    0,    0,    0,    0,    0,    0,    0,   31,   31,    0,    0,    4,   31,   31,    0,   22,   23,    0,   -4,    0,    0,    0,
       0,   -8,    0,    0,    0,   -4,    0,   -6,   -8,    0,  -22,  -26,    0,   -2,  -12,  -10,    0,   -8,    0,  -17,    0,    0,   -8,    0,    0,   -4,    0,  -26,  -12,    4,  -14,   -8,    0,  -22,  -18,  -28,  -26,  -26,  -31,   -4,   -8,  -42,    0,    0,    0,    0,    2,   -2,   -2,    0,    2,    0,    0,    0,    0,    0,    0,    0,    0,    0,    0,    0,    0,    0,    0,    0,    0,    2,    0,    0,  -12,    0,   -4,    0,  -24,    0,    0,    0,   -2,    0,    0,    0,    0,   -4,    0,    0,    0,   -4,   -4,    0,    0,    0,    0,    0,
       0,  -53,    0,    0,    0,    0,    0,  -14,  -70,    0,    0,    0,  -14,    0,   -4,  -10,  -16,   -4,  -16,  -26,   -4,  -20,    0,    0,    0,   -4,    0,    2,   -2,  -16,  -11,   -2,    0,  -44,  -34,  -64,  -52,    0,  -54,    0,  -36,    0,   -5,    0,  -12,    0,   -4,   -4,  -12,    0,  -18,    0,  -16,  -20,  -36,    0,  -34,    0,    0,    0,    0,    0,    0,    0,  -14,  -66,  -22,  -14,    0,    0,  -84,  -32,    0,    0,    0,   -5,   -5,  -12,   -4,   -4,   -4,  -12,  -12,  -16,   -4,   -4,    0,  -54,  -48,    0,  -31,    0,    0,    0,
      -4,  -36,    0,    0,    0,    0,    0,  -13,  -24,    0,    0,    0,    0,    0,    0,    0,   -2,   -4,   -2,  -20,    0,  -14,    0,    0,    0,   -4,    0,    2,    0,  -10,  -12,    0,    0,  -34,  -22,  -47,  -46,    0,  -44,    0,  -28,    0,    0,    0,    0,    0,   -4,    0,   17,    0,  -12,    0,    0,   -7,  -12,    0,  -10,    0,    0,    0,    0,    0,    0,    0,    0,  -24,   -8,   -2,    0,    0,  -36,   -8,    0,    0,    0,    0,    0,    0,    0,    0,    0,    0,    0,  -12,    0,    0,    0,  -34,  -22,    0,  -10,    0,    0,    0,
      24,   48,    0,    0,    0,   -4,    0,   52,   52,    0,   -4,    0,   -4,    0,   -4,   -8,   -6,   -7,   -4,  -14,   -4,   -6,    0,    0,    0,   20,   -4,    0,    0,    0,    0,    0,    0,    0,    0,    0,    0,    0,    0,    0,    0,    0,   -6,   56,    0,   12,   -6,   26,   25,    0,   -8,    0,   14,   -2,   -2,    0,   -2,    0,    0,    0,    0,    0,    0,    0,    0,    0,  -12,   -4,    0,    0,  -12,   -8,    0,    0,    0,   -6,   -6,    0,   26,   17,   17,    0,    0,    0,   17,   17,   14,   44,   56,    0,  -13,    0,    0,    0,
       0,    0,    0,    0,    0,    0,    0,    0,    0,    0,    0,    0,   -4,    0,    0,   -2,    0,    0,   -4,   -4,    0,   -4,    0,    0,    0,    0,    0,    0,    0,   -8,    0,    0,    0,    0,  -13,   -5,   -5,   -4,   -7,    0,    0,    0,    0,    0,   -4,    0,   -2,    0,    8,    0,  -12,    0,   -8,  -10,  -20,    0,  -26,    0,    0,    0,    0,    0,    0,    0,    0,    4,    0,    0,    0,    0,    0,  -20,    0,    0,    0,    0,    0,   -4,    0,    0,    0,   -4,   -4,    0,    0,    0,    0,    0,    0,    0,  -14,    0,    0,    0,
       0,    0,    0,    0,    0,    0,    0,    0,    0,    0,    0,    0,   -6,   -4,   -6,  -10,  -20,  -14,  -12,    0,   -6,   -8,    0,    0,    0,    0,    0,    0,    0,   -8,    8,    0,    0,    0,    0,    0,    0,    0,    0,    0,    0,    0,  -12,    0,  -16,   -4,   -8,    0,    0,    0,  -18,   -8,  -10,  -20,  -20,    0,  -34,    0,    0,    0,    0,    0,    0,    0,    0,    4,  -12,    0,    0,    0,    0,    0,    0,    0,    0,  -12,  -12,  -16,    0,    2,    2,  -16,  -16,    0,    2,    2,   -8,    0,    0,    0,    0,    0,    0,    0,
       0,    0,    0,    0,    0,   -4,    0,    0,    0,    0,    0,    0,    0,    4,    0,   -4,    0,   -4,    0,   -8,    0,   -4,    0,    0,    0,    0,    0,    0,    0,    0,    0,    0,    0,   -8,  -16,  -19,  -16,    0,  -12,    0,    0,    0,    0,    0,    0,    0,    0,    0,   13,    0,   -2,    0,    0,    0,   -5,    0,   -5,    0,    0,    0,    0,    0,    0,    0,    0,    0,   -2,    0,    0,    0,   -4,   -8,    0,    0,    0,    0,    0,    0,    0,    0,    0,    0,    0,    0,    0,    0,    0,    0,    0,    0,   -4,    0,    0,    0,
       0,  -91,    0,    0,    0,    0,    0,  -10,  -70,    0,    0,    0,    0,   -4,   -8,    0,    0,    0,    0,  -26,    0,  -26,    0,    0,    0,    0,    0,    0,   -4,   -8,   -8,   -2,   -4,  -54,  -39,  -65,  -57,   -4,  -50,    0,  -38,    0,    0,    0,    0,   -2,    0,    0,    0,    0,   -8,    0,   -6,   -8,  -32,    0,  -26,    0,    0,    0,    0,    0,    0,    0,    0,  -54,    0,    0,    0,    0,  -94,  -14,    0,    0,   -2,    0,    0,    0,    0,    0,    0,    0,    0,  -14,    0,    0,    0,  -76,  -59,    0,  -10,    0,    0,    0,
       0,  -12,    0,    0,    0,   -6,    0,   -4,  -12,    0,   -4,    0,   -4,    0,   -4,   -8,   -6,   -7,   -4,  -14,   -4,   -6,    0,    0,    0,  -13,   -4,    0,    0,   -4,   -4,    0,    0,  -12,  -12,  -16,  -18,    0,  -24,    0,    0,    0,   -6,    0,    0,    0,   -6,    0,    0,    0,   -8,    0,    0,   -2,    1,    0,   -4,    0,    0,    0,    0,    0,    0,    0,    0,    0,  -12,   -4,    0,    0,  -12,   -8,    0,    0,    0,   -6,   -6,    0,    0,    0,    0,    0,    0,   -4,    0,    0,    0,  -14,  -12,    0,  -13,    0,    0,    0,
       0,   21,    0,    0,    0,    0,    0,   28,   26,    0,    0,    0,    2,    8,    4,    0,   -2,    0,    2,  -13,    8,    2,    0,    0,    0,   -8,    0,    4,   13,    0,    3,   17,    0,    8,    5,    3,    7,   25,    3,   20,   24,   -2,    0,   27,   -2,    0,    0,    0,    0,    0,   -4,    4,   -2,   -4,    4,    0,    2,    4,    0,    0,    0,    0,    0,    0,    0,    5,  -16,  -13,    0,    0,    0,   -8,    0,    0,    0,    0,    0,   -2,    0,    0,    0,   -2,   -2,   -7,    0,    0,    4,   28,   40,    0,   -8,    0,    0,    0,
       0,  -18,    0,    0,    0,   -4,    0,    0,  -14,    0,    0,    0,    0,    8,    0,   -6,   -2,   -4,    0,  -16,    0,   -6,   -2,    0,    0,   -8,    0,    0,    0,    0,  -10,    0,    0,  -18,  -16,  -35,  -29,    0,  -31,    0,  -16,    0,    0,    0,   -2,    0,    2,    0,    5,    0,   -4,    2,    0,    0,   -8,    0,   -4,    0,    0,    0,    0,    0,    0,    0,    0,   -8,   -4,    0,    0,    0,  -24,   -4,    0,    0,    0,    0,    0,   -2,    0,    0,    0,   -2,   -2,   -6,    0,    0,    2,  -14,  -10,    0,   -4,    0,    0,    0,
       0,    8,    0,    0,    0,  -32,    0,   16,    0,    0,  -52,  -53,  -14,  -12,  -22,  -22,  -32,  -22,  -28,    0,  -18,  -12,  -14,    0,    0,    0,  -17,  -52,   -2,  -18,   -2,    0,  -12,    0,   -2,    0,    0,    0,    0,    0,    0,  -61,  -32,    4,  -31,  -20,  -32,  -12,  -14,  -18,  -28,  -24,  -20,  -31,  -20,  -31,  -26,  -26,    0,    0,    0,    0,    0,    0,   -8,   21,  -24,  -10,    0,    0,    8,  -12,  -20,    0,  -56,  -32,  -32,  -31,  -12,    4,    4,  -31,  -31,    0,    4,    4,  -24,    8,    8,    0,   -6,    0,    0,    0,
       0,   17,    0,    0,    0,    0,    0,    0,   21,    0,    0,    0,    0,    0,    0,    0,    0,    0,    0,    0,    0,    0,    0,    0,    0,    0,    0,    0,   17,    0,   17,   17,    0,   17,   17,    0,    0,    0,    0,   17,    0,    0,    0,   17,    0,    0,    0,    0,    0,    0,    0,    0,    0,    0,    0,    0,    0,    0,    0,    0,    0,    0,    0,    0,    0,   17,    0,    0,    0,    0,   17,    0,    0,    0,    0,    0,    0,    0,    0,    0,    0,    0,    0,    0,    0,    0,    0,   17,   21,    0,    0,    0,    0,    0,
     -12,    0,   -5,    0,    0,  -18,   -7,    0,    0,    0,  -31,  -48,   -4,    4,    0,   -2,  -38,  -14,  -10,    8,   -2,    8,    0,    0,    0,  -12,  -22,  -61,   -2,   -8,   -4,    0,   -4,   18,   -4,    0,    4,    0,    0,    8,    0,  -36,  -24,    0,  -28,   -8,  -36,    4,    0,   -8,  -12,  -24,    6,   -4,   20,    6,   16,   -4,    0,    0,  -18,    0,    0,    0,    0,    0,  -32,  -24,    0,    0,    0,    0,   -4,  -74,  -70,  -24,  -24,  -28,    4,   12,   12,  -28,  -28,    8,   12,   12,  -24,   -2,    0,  -21,  -12,    0,    0,    0,
       0,    0,    0,    0,    0,  -24,  -22,    0,    0,    0,  -43,  -60,  -12,   -2,  -10,  -16,  -68,  -26,  -34,    4,  -10,   -8,   -8,    0,    0,  -12,  -60,  -67,    0,  -24,    0,    0,  -13,    8,    0,    4,    6,    0,    4,    0,    0,  -34,  -46,    0,  -41,  -20,  -38,   -4,  -10,  -28,  -32,  -44,  -14,  -20,    0,  -16,   -4,  -20,    0,    0,  -17,    0,    0,    0,    0,    0,  -35,  -36,    0,    0,    0,  -22,  -24,  -72,  -78,  -46,  -46,  -41,   -4,   16,   16,  -41,  -41,    4,   16,   16,  -44,    0,    0,  -32,  -24,    0,    0,    0,
       0,    0,    0,    0,    0,    0,    0,    0,    0,    0,    0,    0,   -8,    8,    0,    2,  -12,    0,    0,  -17,    0,  -22,    0,    0,    0,    0,    0,   12,    0,  -20,   44,    0,    0,  -44,  -32,  -70,  -70,   12,  -50,   12,    0,    0,    4,    0,   -6,    0,    4,    0,   38,    0,  -12,    0,  -16,  -20,  -55,    4,  -18,    4,    0,    0,    0,    0,    0,    0,    0,    0,    0,    0,    0,    0,    0,    0,    0,    0,   12,    4,    4,   -6,    0,    0,    0,   -6,   -6,   -8,    0,    0,    0,  -30,  -13,    0,    0,    0,    0,    0,
       0,    0,    0,    0,    0,    0,    0,  -32,    0,    0,    0,    0,    8,  -16,  -10,  -22,   -2,  -10,    4,  -34,   -2,   -4,    0,    0,    0,    0,    0,  -40,    0,    8,   -4,   -7,    0,  -12,    0,  -26,  -26,  -24,  -24,    0,    0,    0,    0,   -8,    0,    0,    0,    0,    0,    0,    0,    0,    0,    0,    0,    0,    0,    0,    0,    0,    0,    0,    0,    0,    0,    0,    0,    0,    0,    0,    0,    0,    0,  -40,    0,    0,    0,    0,    0,    0,    0,    0,    0,  -13,    0,    0,    0,    0,    0,    0,    0,    0,    0,    0,
       0,    0,    0,    0,    0,    0,    0,    0,    0,    0,    0,    0,   -8,   -4,  -10,  -16,  -30,  -20,  -20,    0,  -10,  -12,    0,    0,    0,    0,    0,    0,    0,    0,    0,    0,    0,    0,    0,    0,    0,    0,    0,    0,    0,    0,    0,    0,    0,    0,    0,    0,    0,    0,    0,    0,    0,    0,    0,    0,    0,    0,    0,    0,    0,    0,    0,    0,    0,    0,    0,    0,    0,    0,    0,    0,    0,    0,    0,    0,    0,    0,    0,    0,    0,    0,    0,    0,    0,    0,    0,    0,    0,    0,    0,    0,    0,    0,
       0,    0,    0,    0,    0,    0,    0,    0,    0,    0,    0,    0,    0,   -8,   -4,    0,    4,    0,    0,  -26,    0,  -12,    0,    0,    0,    0,    0,    0,    0,    0,    0,    0,    0,    0,    0,    0,    0,    0,    0,    0,    0,    0,    0,    0,    0,    0,    0,    0,    0,    0,    0,    0,    0,    0,    0,    0,    0,    0,    0,    0,    0,    0,    0,    0,    0,    0,    0,    0,    0,    0,    0,    0,    0,    0,    0,    0,    0,    0,    0,    0,    0,    0,    0,    0,    0,    0,    0,    0,    0,    0,    0,    0,    0,    0,
};

static const EpdLigaturePair sourceserif4_18_boldLigaturePairs[] = {
    { 0x00660066, 0xFB00 }, // f f -> U+FB00
    { 0x00660069, 0xFB01 }, // f i -> U+FB01
    { 0x0066006C, 0xFB02 }, // f l -> U+FB02
    { 0xFB000069, 0xFB03 }, // U+FB00 i -> U+FB03
    { 0xFB00006C, 0xFB04 }, // U+FB00 l -> U+FB04
};

static const EpdFontData sourceserif4_18_bold = {
    sourceserif4_18_boldBitmaps,
    sourceserif4_18_boldGlyphs,
    sourceserif4_18_boldIntervals,
    44,
    51,
    39,
    -13,
    true,
    sourceserif4_18_boldGroups,
    9,
    nullptr,
    sourceserif4_18_boldKernLeftClasses,
    sourceserif4_18_boldKernRightClasses,
    sourceserif4_18_boldKernMatrix,
    421,
    443,
    104,
    94,
    sourceserif4_18_boldLigaturePairs,
    5,
};
