/**
 * generated by fontconvert.py
 * name: sourceserif4_10_bold
 * size: 10
 * mode: 2-bit  compressed: true
 * Command used: fontconvert.py sourceserif4_10_bold 10 ..\builtinFonts\source\SourceSerif4\SourceSerif4-Bold.ttf --2bit --compress --pnum
 */
#pragma once
#include "EpdFontData.h"

static const uint8_t sourceserif4_10_boldBitmaps[14896] = {
    0x85, 0x57, 0xBD, 0x6F, 0x15, 0xCB, 0x15, 0x3F, 0x7B, 0x87, 0xC7, 0x2A, 0xAC, 0xF1, 0x50, 0x20,
    0xBD, 0x44, 0x18, 0x0F, 0x25, 0x4A, 0x8C, 0x97, 0x82, 0x48, 0x8E, 0x64, 0x7B, 0x26, 0x42, 0x4A,
    0x0A, 0x14, 0x91, 0x22, 0x29, 0x23, 0xE7, 0x3F, 0xC0, 0x05, 0x91, 0x50, 0x74, 0x61, 0xE7, 0x3D,
    0x17, 0x14, 0x14, 0xF8, 0x1F, 0x78, 0x0A, 0x52, 0xBA, 0x44, 0x51, 0x5C, 0x50, 0x50, 0xD8, 0x77,
    0xC7, 0xB8, 0xA0, 0xA0, 0x60, 0x10, 0x2F, 0x15, 0x91, 0x58, 0x07, 0x94, 0x14, 0x4F, 0x51, 0x06,
    0xDE, 0x46, 0x2C, 0x61, 0x77, 0xE7, 0xFD, 0x66, 0xEE, 0xC5, 0xCF, 0xCF, 0x18, 0x72, 0xE7, 0x9C,
    0xF1, 0xEE, 0xEC, 0x7C, 0x9C, 0x8F, 0xDF, 0x9C, 0x73, 0x3C, 0xEC, 0xBA, 0x6E, 0x73, 0x73, 0xB8,
    0x70, 0x81, 0x86, 0x5D, 0x37, 0x1C, 0x2E, 0x75, 0x45, 0x57, 0x6C, 0x15, 0xC3, 0xE5, 0xC5, 0xA5,
    0x85, 0x99, 0x81, 0xB1, 0x83, 0x6D, 0xC3, 0x3E, 0x37, 0xD2, 0xB7, 0xA0, 0xF4, 0xA2, 0x4E, 0x99,
    0x02, 0x79, 0xEF, 0x40, 0xD3, 0x19, 0x4D, 0x73, 0x3A, 0x3E, 0x4D, 0xA7, 0xA7, 0x89, 0x4C, 0xA0,
    0xAC, 0xA3, 0xE5, 0x67, 0x66, 0xF3, 0x91, 0x6D, 0x1F, 0x98, 0xCE, 0x50, 0x69, 0x49, 0xF6, 0x94,
    0x79, 0x93, 0xF8, 0x8A, 0x1E, 0xBA, 0x8D, 0x1D, 0xD7, 0xEC, 0xD8, 0xAD, 0x67, 0x5A, 0xBC, 0x99,
    0xCC, 0xCF, 0x35, 0x9D, 0xA0, 0xDF, 0x5B, 0xAA, 0xC8, 0xB9, 0x81, 0x41, 0xC7, 0x14, 0x3A, 0xEC,
    0xE6, 0xDC, 0xCC, 0x75, 0xFA, 0x5D, 0xF5, 0xE3, 0xAF, 0x54, 0xAE, 0xFF, 0xB8, 0xA3, 0x29, 0xD9,
    0xD9, 0x31, 0xC4, 0x2E, 0xA2, 0xCB, 0x18, 0xBA, 0x19, 0x86, 0xB1, 0x85, 0xE4, 0x2B, 0x45, 0x1B,
    0xB4, 0x15, 0xF7, 0x22, 0x52, 0xE0, 0xA4, 0x27, 0xCA, 0x6E, 0x1A, 0xE2, 0x0C, 0x7C, 0x4B, 0x43,
    0x1E, 0xE9, 0x58, 0x93, 0x2A, 0xDE, 0xA5, 0xB4, 0x58, 0x4E, 0xD3, 0xA6, 0xFC, 0x3B, 0xB5, 0xBC,
    0xA6, 0x36, 0x6D, 0xA8, 0x64, 0x3D, 0x49, 0x68, 0x91, 0x35, 0xA2, 0x82, 0xE6, 0x5B, 0xC3, 0xC5,
    0x05, 0xD2, 0xCC, 0x64, 0x4A, 0xD0, 0x12, 0x0D, 0xE9, 0x1E, 0xD5, 0xE4, 0x26, 0xED, 0x2E, 0xDE,
    0x16, 0x31, 0xCA, 0x29, 0xD3, 0x10, 0x53, 0x9D, 0xC1, 0x5B, 0x78, 0x66, 0x66, 0x60, 0x93, 0x6A,
    0x6F, 0x9A, 0x4B, 0x5C, 0x52, 0x31, 0x1B, 0xF6, 0x98, 0xC5, 0x8C, 0x13, 0x04, 0xE9, 0x30, 0x7C,
    0xD2, 0xA9, 0xE5, 0x3F, 0x9B, 0xDC, 0xEB, 0xA4, 0xA6, 0xF4, 0x2F, 0xC4, 0x57, 0xE8, 0xE8, 0xB1,
    0x30, 0xBE, 0x47, 0x63, 0x6B, 0xEE, 0x1F, 0x01, 0x09, 0x92, 0x4A, 0x2A, 0xAE, 0x52, 0x9A, 0xA6,
    0x05, 0xA8, 0xE6, 0x8D, 0x37, 0xD7, 0xE0, 0x20, 0x9A, 0xA5, 0x73, 0xD8, 0x7C, 0x22, 0x60, 0x52,
    0x0D, 0x70, 0x5E, 0x6A, 0x32, 0xCD, 0x21, 0xD1, 0x2C, 0x64, 0x5C, 0xA4, 0x6B, 0x90, 0x77, 0xD0,
    0x90, 0x58, 0x51, 0x92, 0x9B, 0x1B, 0x99, 0x1D, 0x65, 0x55, 0x9F, 0xB9, 0x3D, 0xC2, 0x2B, 0x06,
    0xF1, 0x09, 0x13, 0x30, 0x8D, 0xE8, 0x54, 0xE5, 0xAB, 0xCB, 0x15, 0x7F, 0xAF, 0x89, 0xCA, 0xB7,
    0xD9, 0x1B, 0x5A, 0x2C, 0x54, 0x9B, 0x9B, 0x3A, 0x37, 0x27, 0x72, 0x43, 0x52, 0x53, 0x41, 0xD4,
    0x12, 0xAB, 0xA0, 0x3E, 0xCD, 0x11, 0x95, 0x90, 0x2B, 0xD2, 0xC0, 0x2B, 0xFE, 0x07, 0x27, 0x58,
    0x3D, 0xCD, 0x6A, 0x62, 0x8E, 0xB8, 0x25, 0x4F, 0x24, 0x2C, 0xA5, 0xEE, 0x24, 0xAB, 0x97, 0x58,
    0xBD, 0x9C, 0xBA, 0x59, 0x61, 0x53, 0x78, 0x08, 0x5E, 0xC7, 0x3E, 0xB0, 0x47, 0xA9, 0x99, 0xD4,
    0xC7, 0xA4, 0x9E, 0x91, 0xFA, 0x82, 0xD4, 0x1B, 0x52, 0x4F, 0x2C, 0x21, 0xF5, 0x98, 0xB8, 0xAF,
    0x22, 0xD9, 0x29, 0x22, 0x10, 0xEF, 0xE9, 0x08, 0x64, 0xE0, 0x38, 0xDB, 0x5D, 0xCD, 0xDC, 0x66,
    0xE6, 0x86, 0xDC, 0x2E, 0x15, 0x1A, 0x42, 0x52, 0xA2, 0xB0, 0x2D, 0xD4, 0xC9, 0x6C, 0xDC, 0x1E,
    0x82, 0x95, 0xCA, 0xAF, 0xD8, 0xFE, 0x9D, 0xEE, 0xA3, 0xCC, 0x49, 0x6E, 0xF3, 0x15, 0x9D, 0x76,
    0xE4, 0x27, 0x32, 0x6B, 0x4A, 0x15, 0xAC, 0x06, 0xB3, 0xC1, 0x6A, 0xB4, 0x49, 0x30, 0xE8, 0xC0,
    0x45, 0xD5, 0x70, 0x08, 0xC0, 0xA9, 0x22, 0x9E, 0x73, 0xB5, 0xC9, 0x4D, 0xCB, 0xCD, 0x88, 0xAB,
    0xA2, 0xA3, 0xBC, 0x05, 0x9E, 0xD5, 0xB9, 0xD2, 0x6C, 0x8A, 0xAA, 0xE5, 0x20, 0x7B, 0x23, 0xD7,
    0xA7, 0x3A, 0xC2, 0xB6, 0xD8, 0xBC, 0xE0, 0x66, 0xEF, 0xC4, 0x32, 0x73, 0xC5, 0x25, 0x27, 0x80,
    0x7C, 0x98, 0x42, 0xC0, 0x74, 0x94, 0xB4, 0xB0, 0x35, 0xFD, 0x24, 0x80, 0x95, 0xA2, 0x2B, 0xC7,
    0x7F, 0x66, 0xA3, 0xA7, 0x05, 0x8D, 0x7F, 0x9F, 0xC4, 0xB7, 0x5C, 0xA5, 0x2A, 0x83, 0x7D, 0xCF,
    0x44, 0x60, 0x43, 0xA9, 0x22, 0x08, 0x2E, 0x2D, 0x75, 0x44, 0xC1, 0x82, 0x15, 0x0D, 0xC2, 0x1F,
    0x4B, 0x2C, 0x60, 0x7F, 0x62, 0xB6, 0x77, 0xBF, 0xF1, 0x2B, 0xE0, 0x77, 0x23, 0x4E, 0xC1, 0x42,
    0x2A, 0x0C, 0xFC, 0x00, 0xB3, 0x51, 0xA9, 0xB3, 0x06, 0x9B, 0x05, 0x85, 0xF1, 0x3B, 0x41, 0x23,
    0x00, 0xAB, 0x70, 0xC0, 0xCC, 0xF0, 0x54, 0x53, 0xD4, 0x85, 0xBE, 0x10, 0x60, 0x0B, 0x74, 0x75,
    0x68, 0x10, 0xF0, 0x54, 0xAF, 0xE8, 0xCD, 0x27, 0x15, 0x4E, 0x39, 0xCB, 0x07, 0xFF, 0xFB, 0xC5,
    0x1C, 0x5F, 0xF9, 0xD9, 0xC2, 0x32, 0x4F, 0x37, 0x86, 0x82, 0xB9, 0x4D, 0x91, 0xBA, 0x76, 0xFE,
    0x28, 0xF8, 0xB8, 0xEB, 0x47, 0x67, 0xEF, 0xCA, 0xCB, 0x55, 0x50, 0x69, 0x1E, 0x9C, 0xBD, 0x38,
    0x49, 0x89, 0x07, 0xB8, 0x12, 0xBC, 0xE4, 0x60, 0x89, 0xDB, 0x09, 0x97, 0x52, 0x09, 0x71, 0x9F,
    0x81, 0x1F, 0x55, 0x94, 0xFC, 0x1C, 0xB6, 0x66, 0x81, 0x71, 0x2D, 0x7C, 0x4B, 0xDF, 0x83, 0x79,
    0xA6, 0x70, 0xEA, 0x0C, 0x95, 0xE4, 0x99, 0x37, 0xA5, 0x7F, 0x41, 0x7C, 0xB7, 0x83, 0xBB, 0xCB,
    0x09, 0x8F, 0xF0, 0xDE, 0x10, 0x0F, 0x16, 0xDD, 0xED, 0xF1, 0x0E, 0x80, 0x54, 0xB9, 0x19, 0x33,
    0x9E, 0x77, 0x3D, 0x85, 0x35, 0x54, 0xBE, 0x48, 0xEB, 0x65, 0x61, 0x66, 0x25, 0x4D, 0x97, 0xD1,
    0x5A, 0x7B, 0x84, 0x57, 0x0C, 0xE6, 0x66, 0x36, 0xAB, 0xE7, 0x31, 0xAD, 0xF4, 0x76, 0x72, 0x82,
    0xA4, 0xF1, 0x2E, 0x02, 0xCC, 0xED, 0x77, 0x39, 0x8C, 0xE5, 0x3A, 0xCE, 0xD9, 0x6D, 0x71, 0xC2,
    0x3A, 0x18, 0x9E, 0x5F, 0x8C, 0x74, 0x84, 0x57, 0x86, 0xEF, 0x1A, 0xEE, 0x63, 0x8F, 0x67, 0xC8,
    0x56, 0xFD, 0x80, 0x57, 0xF3, 0xA2, 0x5A, 0x2E, 0x7D, 0xEF, 0x3D, 0xAE, 0xCE, 0x62, 0xA4, 0x23,
    0xF9, 0xB6, 0x09, 0xE4, 0x4D, 0x7E, 0x3F, 0x3E, 0x00, 0x60, 0x91, 0xAE, 0x7C, 0x49, 0xD0, 0x9E,
    0x0A, 0x58, 0xA1, 0x5E, 0x06, 0x50, 0x66, 0x83, 0x8C, 0x41, 0xD4, 0x20, 0xF1, 0x98, 0x61, 0x8D,
    0x1E, 0x23, 0xA1, 0x49, 0x55, 0x62, 0x51, 0x49, 0xD9, 0x7F, 0xCB, 0xA0, 0x29, 0x96, 0x86, 0x23,
    0x0E, 0x69, 0x40, 0xF8, 0xA1, 0xE3, 0x36, 0xB7, 0x61, 0x0D, 0x56, 0xD9, 0xC3, 0xBF, 0x43, 0x39,
    0x04, 0xEC, 0xFE, 0xBB, 0x96, 0x3B, 0x40, 0xDD, 0x3B, 0x6A, 0x69, 0x88, 0x48, 0x5A, 0xD1, 0xBC,
    0x22, 0x80, 0x0E, 0xEB, 0x97, 0x20, 0xDD, 0x2A, 0x18, 0xAA, 0xED, 0xE0, 0x4A, 0x3E, 0x04, 0xC3,
    0xDF, 0x39, 0x7C, 0x96, 0x3F, 0x74, 0x18, 0x6B, 0x29, 0xBF, 0x8F, 0xAB, 0x62, 0x7C, 0x60, 0x8D,
    0x35, 0x0E, 0xCA, 0x03, 0xA4, 0x7B, 0xE6, 0x78, 0x8F, 0xE6, 0x82, 0xF9, 0xFE, 0x36, 0x84, 0x29,
    0xB1, 0x89, 0x37, 0xC2, 0x25, 0x9E, 0x78, 0xCD, 0xD0, 0x35, 0xA9, 0xA7, 0xE9, 0x36, 0x2B, 0x69,
    0xAA, 0x85, 0xA7, 0xA7, 0xFA, 0x19, 0x74, 0xC5, 0x22, 0x3A, 0x79, 0x15, 0x5D, 0xEE, 0xD0, 0x09,
    0x00, 0x67, 0x8A, 0xC3, 0x5E, 0xA7, 0xB3, 0x6D, 0xC0, 0xEA, 0xC1, 0x65, 0xDC, 0xFB, 0x4A, 0x3A,
    0xE1, 0x90, 0x13, 0x5A, 0x86, 0x88, 0xC2, 0x68, 0xCA, 0x83, 0x8B, 0x1D, 0xAC, 0x7A, 0x82, 0xA9,
    0xAF, 0x69, 0x0A, 0xBB, 0x4E, 0x0D, 0xC0, 0x14, 0xB8, 0xA0, 0xDF, 0xA8, 0x1C, 0xBA, 0x71, 0x4A,
    0xCA, 0x75, 0xCA, 0x1E, 0x37, 0x08, 0x0B, 0x37, 0xE0, 0x21, 0x89, 0x9B, 0x93, 0xEB, 0x1E, 0xF2,
    0xED, 0xE7, 0x30, 0x16, 0xBE, 0x85, 0x39, 0x61, 0x6E, 0x58, 0xE3, 0xFD, 0x7A, 0xFE, 0x00, 0x3E,
    0xEA, 0xE1, 0xB6, 0x48, 0x7D, 0x7E, 0xBF, 0x85, 0x41, 0xF6, 0x6B, 0x39, 0xC1, 0x40, 0xA9, 0xE3,
    0x2A, 0x31, 0x39, 0x01, 0xDE, 0x7E, 0xEF, 0x84, 0xC0, 0x05, 0xC6, 0xC3, 0x77, 0xA1, 0x47, 0x94,
    0xFE, 0x13, 0xB7, 0x0C, 0x79, 0x36, 0xDE, 0x2E, 0xEC, 0x44, 0xFC, 0x2D, 0x85, 0xD8, 0xE0, 0x83,
    0xC5, 0xA3, 0xA5, 0xCB, 0x09, 0x43, 0xB6, 0x6D, 0x48, 0x0F, 0xCC, 0xE7, 0x0F, 0x6A, 0x3C, 0xC3,
    0xEC, 0xA6, 0x9B, 0xEC, 0xE8, 0x21, 0x01, 0xE2, 0x65, 0x9B, 0x57, 0x59, 0xAF, 0xE4, 0x25, 0x3B,
    0x62, 0xB6, 0x67, 0xC6, 0x2B, 0x2A, 0x6B, 0xE4, 0xC8, 0x98, 0xC1, 0xE1, 0x64, 0xE1, 0x5C, 0xE6,
    0xEA, 0xAC, 0x6A, 0x84, 0xC9, 0x3B, 0xDC, 0x02, 0xAF, 0xEF, 0xC9, 0x5B, 0xFA, 0xAE, 0xBC, 0xA9,
    0x57, 0xE5, 0x9A, 0x8A, 0x12, 0x7C, 0x8C, 0x11, 0x75, 0x18, 0xA2, 0x14, 0x2A, 0x09, 0x97, 0x9B,
    0x14, 0xA7, 0xB2, 0x0F, 0xB2, 0xC0, 0x77, 0x61, 0x8F, 0xC1, 0xCF, 0x73, 0x88, 0x0D, 0x41, 0xC3,
    0xF5, 0xF1, 0x3A, 0x9B, 0x69, 0x51, 0x65, 0xC4, 0x51, 0x23, 0x64, 0xEE, 0x38, 0x31, 0x7C, 0x67,
    0xED, 0x02, 0x22, 0xEB, 0x79, 0xC0, 0x11, 0xD9, 0x76, 0x64, 0x63, 0xAC, 0x23, 0x09, 0x46, 0xFC,
    0x0E, 0xD1, 0x3D, 0x62, 0x0C, 0x06, 0xD3, 0x0B, 0xC2, 0x48, 0x7D, 0x9E, 0x1B, 0x69, 0x56, 0xB9,
    0x2D, 0xCD, 0x9D, 0xAC, 0x7A, 0x66, 0x4D, 0xEA, 0x1E, 0x3A, 0xC3, 0x5E, 0x3E, 0x78, 0xA9, 0xD9,
    0xEB, 0x8B, 0xAF, 0xD5, 0xC0, 0x0F, 0xDE, 0x22, 0x72, 0x01, 0x62, 0x80, 0x79, 0x1F, 0xF0, 0xDD,
    0x86, 0x68, 0xB8, 0x19, 0xEE, 0x19, 0x60, 0xBA, 0x80, 0xDB, 0xBD, 0x4A, 0x59, 0x8D, 0xB8, 0xDB,
    0xA3, 0x28, 0xF1, 0x21, 0xD8, 0x52, 0xF4, 0x1B, 0x90, 0x49, 0x83, 0xDB, 0x88, 0x66, 0x59, 0x4D,
    0xD3, 0xAC, 0xA5, 0xB9, 0xE0, 0x03, 0x5C, 0x24, 0x48, 0x6D, 0xA4, 0x3D, 0x4D, 0xA2, 0x9A, 0x83,
    0xD4, 0x17, 0x28, 0x6D, 0x56, 0x21, 0xB1, 0x45, 0xA5, 0xA2, 0x27, 0x6B, 0x0F, 0xB2, 0x1A, 0x5B,
    0xC9, 0x3B, 0xC7, 0x2B, 0x18, 0x0A, 0x91, 0x8D, 0x62, 0x18, 0x1B, 0x20, 0xEB, 0xD6, 0x21, 0x84,
    0xF3, 0x70, 0x5B, 0x56, 0xA5, 0xDA, 0x28, 0x7F, 0x1D, 0xE2, 0xBC, 0x37, 0x9D, 0x6A, 0xE9, 0xE3,
    0xCD, 0x9B, 0x3F, 0xE9, 0xBB, 0x08, 0xF2, 0xA1, 0x88, 0x99, 0x27, 0x1E, 0x8B, 0x97, 0xD4, 0x30,
    0xC3, 0xC6, 0xE5, 0x4B, 0x8D, 0x62, 0x62, 0x88, 0x8F, 0xE7, 0x68, 0xB6, 0x70, 0x9F, 0x3A, 0xF6,
    0x7F, 0x9A, 0x74, 0x3F, 0x5C, 0x4F, 0x5C, 0x94, 0x66, 0x93, 0x04, 0x4A, 0x1D, 0xAE, 0xEE, 0xA5,
    0x66, 0x75, 0xA0, 0x63, 0xEE, 0x69, 0x41, 0x1B, 0x38, 0xF3, 0x3A, 0x4E, 0x19, 0x84, 0x0C, 0x3A,
    0x8C, 0x05, 0xC4, 0xBD, 0x88, 0x74, 0x20, 0xE9, 0x46, 0x6E, 0xDA, 0x48, 0x5B, 0xF2, 0xCB, 0xFC,
    0x56, 0x15, 0xD2, 0xD0, 0xD1, 0x80, 0x5F, 0x3C, 0xF1, 0xFD, 0xFC, 0xAF, 0x1A, 0xA1, 0x3E, 0x04,
    0x67, 0xDC, 0xF4, 0xAA, 0x50, 0x08, 0xC0, 0xFB, 0xB8, 0x88, 0xE3, 0x02, 0x97, 0x46, 0x3E, 0x8C,
    0xB9, 0x50, 0x3C, 0x35, 0x32, 0x8D, 0xB8, 0xDD, 0x17, 0xEC, 0x8B, 0xC7, 0x16, 0xF1, 0xF6, 0x68,
    0x1F, 0x73, 0x5D, 0x72, 0x97, 0x44, 0x43, 0x6C, 0x42, 0xE9, 0xEB, 0x26, 0xF7, 0x4D, 0x71, 0xB1,
    0x29, 0x59, 0xD3, 0xBF, 0x23, 0xCF, 0xC2, 0x08, 0x0A, 0xDD, 0xEC, 0x79, 0x1F, 0xF6, 0x5C, 0x31,
    0xCB, 0x59, 0x85, 0xCA, 0x01, 0x56, 0xEE, 0xA3, 0xB7, 0xC2, 0x9E, 0x76, 0x43, 0x8C, 0xF7, 0x2C,
    0x15, 0xFB, 0x8F, 0x41, 0x95, 0x29, 0x74, 0x28, 0x39, 0x82, 0x28, 0xFA, 0x83, 0x34, 0xCE, 0xCE,
    0x69, 0xF7, 0x7D, 0x71, 0xA5, 0x45, 0xE9, 0x85, 0x52, 0x24, 0x54, 0x23, 0x48, 0x2D, 0x7D, 0x28,
    0xA2, 0x90, 0x8C, 0xA5, 0xB7, 0xD2, 0xD7, 0x50, 0xE8, 0x6A, 0xD2, 0xC0, 0x21, 0x5D, 0x6A, 0x71,
    0xC5, 0x42, 0x71, 0x86, 0xC0, 0xBA, 0x7F, 0xAB, 0x5B, 0x95, 0x2C, 0x6B, 0xF9, 0xA4, 0x95, 0x9F,
    0x1F, 0x42, 0x7E, 0xC7, 0x87, 0xB2, 0x71, 0x5C, 0x4A, 0x08, 0xED, 0xB5, 0x3C, 0xD0, 0x20, 0xC6,
    0x70, 0x9C, 0xD8, 0xF1, 0x1B, 0xA5, 0x3D, 0x1D, 0x6C, 0x21, 0xED, 0xB7, 0xC3, 0xD6, 0xBB, 0x22,
    0x38, 0xF3, 0x8A, 0x0E, 0xD0, 0xFE, 0xF6, 0xF0, 0xDB, 0xAD, 0x5C, 0xB3, 0xF2, 0x26, 0xC9, 0x2F,
    0x48, 0x22, 0x38, 0x79, 0x25, 0x6F, 0x1B, 0x79, 0xDB, 0x06, 0xA1, 0xD6, 0x6A, 0xFF, 0x75, 0x1F,
    0xC4, 0x7D, 0xFF, 0xD0, 0xFD, 0xC7, 0xA7, 0x97, 0x10, 0x90, 0xCB, 0xF2, 0x2D, 0x8A, 0x8E, 0x27,
    0x7D, 0x6E, 0x21, 0x33, 0xFF, 0x78, 0x57, 0xF9, 0x47, 0x6D, 0x5E, 0xA7, 0x97, 0x6C, 0x59, 0xD6,
    0xC5, 0x87, 0xD4, 0x7E, 0xE4, 0x07, 0x1D, 0x89, 0xCB, 0x40, 0x40, 0x35, 0x62, 0xAE, 0x67, 0xF5,
    0x98, 0xF0, 0x2C, 0x53, 0x87, 0x71, 0x78, 0x2B, 0x5D, 0xB1, 0xA5, 0xAF, 0x8B, 0xB5, 0x56, 0x7E,
    0xD6, 0x49, 0xFD, 0x8E, 0x3E, 0x83, 0x42, 0xF8, 0xC7, 0xC6, 0xC9, 0xBF, 0xEA, 0x03, 0xDE, 0x4A,
    0xEB, 0xAB, 0xC0, 0x87, 0x3C, 0x1C, 0x1F, 0x4D, 0xF6, 0xFC, 0x5B, 0x24, 0xE1, 0x4A, 0x03, 0xA8,
    0xD9, 0x65, 0xE5, 0x0B, 0x23, 0x9F, 0x6A, 0x69, 0x0E, 0x77, 0xBF, 0x68, 0xAE, 0x2F, 0xB5, 0xE7,
    0x10, 0x14, 0xEA, 0xA2, 0xCB, 0xFC, 0x9D, 0xC2, 0xC9, 0xFA, 0x7A, 0x5E, 0xA5, 0x86, 0xA3, 0x1D,
    0x4C, 0xE1, 0xC0, 0x45, 0x97, 0xD6, 0xC1, 0x47, 0x3F, 0x7A, 0xBC, 0x45, 0xF9, 0x3F, 0x42, 0xB1,
    0xF3, 0x01, 0x7E, 0x85, 0xFF, 0xAF, 0x7A, 0x04, 0x87, 0x06, 0xC9, 0xF4, 0x15, 0x62, 0xCD, 0x86,
    0x30, 0xEB, 0xDC, 0x9A, 0xEC, 0xA5, 0x4E, 0x5F, 0x29, 0xF6, 0x36, 0x96, 0x89, 0x5D, 0x2C, 0x6E,
    0xAF, 0x11, 0xE0, 0x11, 0x12, 0x47, 0x7B, 0x9C, 0xE4, 0x4F, 0xBB, 0x19, 0x12, 0x6B, 0xFD, 0x59,
    0xE2, 0x3B, 0xC5, 0x05, 0xE2, 0x4F, 0xE5, 0x79, 0xCA, 0xFE, 0x2D, 0x70, 0xA7, 0x61, 0x71, 0xE8,
    0x84, 0xEA, 0x77, 0xE0, 0x50, 0x05, 0x27, 0x8E, 0x41, 0xF8, 0xAF, 0x1B, 0xB9, 0x6D, 0xC5, 0x73,
    0x8D, 0xD4, 0xC2, 0x3A, 0x82, 0xA9, 0x91, 0x7C, 0xD3, 0x42, 0x1F, 0x47, 0x6E, 0x16, 0x55, 0x2F,
    0xDB, 0x78, 0xF0, 0x6F, 0x0F, 0x1C, 0x9C, 0xC4, 0xE8, 0x19, 0x0E, 0xBE, 0x4A, 0x84, 0xE8, 0x7C,
    0x86, 0x86, 0xA1, 0xE6, 0x0F, 0x35, 0x29, 0x4A, 0x93, 0x5A, 0x6A, 0x57, 0xD0, 0x9D, 0x18, 0xD5,
    0xA0, 0x29, 0x87, 0x7D, 0xB6, 0x8D, 0x5C, 0x33, 0x25, 0x0B, 0xA5, 0x79, 0x5A, 0x4D, 0xD2, 0x28,
    0xFE, 0x0B, 0x0A, 0xC1, 0x6A, 0x9E, 0x1A, 0x6C, 0xC4, 0x63, 0xCB, 0x63, 0x6A, 0x44, 0xF2, 0xB3,
    0xC9, 0x2F, 0xDD, 0xA1, 0x3F, 0x58, 0x4C, 0x07, 0xAB, 0x72, 0xCD, 0xD5, 0x38, 0xD4, 0x0D, 0x1C,
    0xAB, 0xC6, 0xAB, 0xF9, 0xF8, 0x8B, 0x29, 0xD4, 0xAF, 0x82, 0x79, 0x73, 0x65, 0xCB, 0x5D, 0xFB,
    0xD2, 0x9B, 0xF5, 0x5C, 0x7D, 0x03, 0xA5, 0x58, 0x3D, 0x6C, 0x1C, 0xC7, 0x15, 0xFE, 0x76, 0x57,
    0xE1, 0x4A, 0xDE, 0x23, 0x87, 0x45, 0x0A, 0x06, 0xA2, 0xB4, 0x2A, 0x05, 0x88, 0xE2, 0x32, 0x30,
    0xE1, 0x30, 0xC1, 0x91, 0x3B, 0x89, 0x0A, 0x17, 0x29, 0xA4, 0x3E, 0x08, 0xA2, 0x22, 0x48, 0x17,
    0xE8, 0x02, 0x0B, 0x81, 0x02, 0x9C, 0x74, 0x6B, 0xA9, 0x50, 0xA1, 0x22, 0x04, 0x52, 0xA6, 0x30,
    0xA1, 0x26, 0x40, 0x52, 0x98, 0x01, 0x58, 0x08, 0x30, 0xC5, 0x1D, 0x87, 0x40, 0x5C, 0xB8, 0xF0,
    0x2A, 0x4C, 0xE7, 0x22, 0x23, 0xC9, 0x80, 0x8B, 0x14, 0x19, 0x4A, 0x0B, 0xEB, 0x00, 0xED, 0xDD,
    0xE4, 0x9B, 0xBD, 0x1F, 0x9D, 0x64, 0xC9, 0xA2, 0xC4, 0xBD, 0x79, 0xB3, 0x83, 0xD9, 0x79, 0xDF,
    0xBC, 0x37, 0xEF, 0xCD, 0x7B, 0x33, 0xD7, 0xEE, 0xF5, 0xDA, 0xC0, 0xF2, 0x4A, 0x7B, 0x7B, 0xBB,
    0xE7, 0x9A, 0x4B, 0x60, 0x99, 0xEA, 0x23, 0xFE, 0x44, 0xA5, 0x3F, 0x2A, 0x76, 0xDE, 0x2D, 0xFA,
    0x4B, 0x18, 0x14, 0xBB, 0x84, 0x4E, 0x6B, 0x3D, 0x7D, 0xAA, 0x22, 0x0B, 0xB4, 0xDC, 0x30, 0xCC,
    0x22, 0xEC, 0x21, 0xF9, 0x52, 0xA6, 0x91, 0xEA, 0x84, 0xAA, 0x03, 0xA4, 0x40, 0x02, 0xD8, 0x0A,
    0x42, 0x42, 0x00, 0x67, 0x81, 0x6B, 0x7F, 0xCD, 0xAC, 0x55, 0x2C, 0x1A, 0x9B, 0x25, 0xCC, 0x62,
    0x5F, 0x89, 0xF3, 0x72, 0x21, 0x50, 0xCD, 0x40, 0xB1, 0x8E, 0x23, 0x99, 0xD8, 0x8C, 0xFD, 0xFC,
    0x6A, 0xF7, 0xBB, 0x69, 0xB6, 0x11, 0xAB, 0x42, 0x14, 0x2A, 0x7A, 0x90, 0x05, 0x8F, 0xA5, 0x6F,
    0x91, 0x5A, 0x83, 0x3E, 0x58, 0xC6, 0x0D, 0x61, 0x95, 0x19, 0x3D, 0x00, 0xC6, 0x6D, 0x13, 0x76,
    0x71, 0x32, 0x46, 0x53, 0xC8, 0xB5, 0x29, 0x24, 0x05, 0x44, 0x85, 0x9F, 0x58, 0x69, 0x12, 0x55,
    0x86, 0xAA, 0x1F, 0xA8, 0xCE, 0x7F, 0xA5, 0xE8, 0xC1, 0xEB, 0x63, 0x36, 0x41, 0x5B, 0x60, 0xF5,
    0x24, 0xE2, 0x2E, 0xD9, 0xD1, 0x5E, 0xED, 0x75, 0xB6, 0x57, 0x91, 0x94, 0xF0, 0xBE, 0x8A, 0x11,
    0x4A, 0x4F, 0x4D, 0x47, 0x65, 0xEB, 0xF4, 0xDA, 0xC2, 0xF2, 0xF2, 0x9D, 0xB9, 0xB9, 0xA5, 0x12,
    0xF3, 0x4B, 0x06, 0x8D, 0xFA, 0x7D, 0xE7, 0xC8, 0xFC, 0xE9, 0xD5, 0xF9, 0xE5, 0x86, 0x28, 0x5B,
    0x11, 0xBC, 0xC2, 0xD7, 0x91, 0x44, 0x52, 0x83, 0xE0, 0x8C, 0xFA, 0xBB, 0xB9, 0x60, 0x4E, 0x9A,
    0x2D, 0xCA, 0x71, 0xF5, 0x0E, 0x3B, 0xBC, 0x62, 0x33, 0xBC, 0xA1, 0x12, 0x21, 0xB7, 0xD7, 0xD0,
    0xDD, 0x06, 0xEB, 0x58, 0xC8, 0xF0, 0x7A, 0x81, 0x62, 0x93, 0x5F, 0xAD, 0x35, 0x2C, 0x14, 0x7E,
    0x5C, 0xB8, 0x44, 0x2A, 0x2C, 0xB1, 0x1A, 0xE3, 0x6F, 0x0F, 0xB2, 0xDD, 0x96, 0xDA, 0xD5, 0x8A,
    0xF5, 0x5F, 0x7E, 0x93, 0xAD, 0x44, 0x88, 0xEA, 0x39, 0xC8, 0x62, 0x16, 0x71, 0x3B, 0x53, 0x7C,
    0x6E, 0x67, 0xA9, 0xEB, 0x9A, 0x40, 0x18, 0x22, 0x4E, 0x62, 0x8E, 0xA6, 0x39, 0xA3, 0xF6, 0x8D,
    0x36, 0x9E, 0x0E, 0x54, 0x84, 0xD3, 0xC8, 0x8D, 0xEB, 0x69, 0x99, 0x8B, 0xEC, 0x11, 0xCA, 0x33,
    0xEB, 0x66, 0xDF, 0x9C, 0xC9, 0x82, 0x4C, 0xA8, 0x58, 0x36, 0x71, 0xCA, 0xB1, 0x1D, 0xF7, 0x37,
    0xD3, 0xC0, 0xBC, 0xA4, 0xDC, 0x32, 0xA9, 0xED, 0xAD, 0x95, 0xDD, 0xB4, 0x36, 0x34, 0xCD, 0xFD,
    0x07, 0x2A, 0x9A, 0x5B, 0x61, 0xAA, 0xD4, 0x54, 0xB9, 0xA9, 0xEC, 0x44, 0xC9, 0xEB, 0x4E, 0x7E,
    0xF2, 0x4C, 0x05, 0xBC, 0x50, 0x70, 0x85, 0xAE, 0xD6, 0xC0, 0x0C, 0x42, 0x45, 0xCB, 0x48, 0xA2,
    0x10, 0x4D, 0x4C, 0xFC, 0x3A, 0x3A, 0x2E, 0xAE, 0x6C, 0x99, 0xB6, 0x69, 0x9A, 0xE6, 0x95, 0xAD,
    0xB8, 0x20, 0xCB, 0xE5, 0x15, 0x9C, 0xE5, 0xA7, 0x9B, 0x2A, 0x78, 0x60, 0x7C, 0xD3, 0x65, 0x2D,
    0xDE, 0x57, 0xAB, 0x33, 0x68, 0xAD, 0x60, 0xF8, 0x1C, 0x07, 0xB2, 0x4B, 0xF0, 0x95, 0x40, 0x48,
    0x88, 0x19, 0xD2, 0x02, 0x69, 0x89, 0xA4, 0x9B, 0xC2, 0x53, 0xDB, 0x9D, 0xBD, 0x9F, 0x56, 0x98,
    0x09, 0x9A, 0x98, 0x3F, 0xD6, 0xC4, 0xF2, 0x5C, 0x13, 0x1B, 0xA9, 0xF5, 0x14, 0x9A, 0x81, 0x44,
    0x73, 0xC8, 0x3F, 0xEB, 0xB4, 0xD2, 0xE4, 0x60, 0xBF, 0x40, 0x20, 0x6B, 0x1C, 0x56, 0xF3, 0xAE,
    0x5A, 0xDE, 0x61, 0x75, 0xFB, 0x73, 0x75, 0xE9, 0xDE, 0xEE, 0xAE, 0xE2, 0xC7, 0x30, 0x43, 0xE4,
    0xBC, 0x7C, 0x9E, 0xF3, 0x60, 0x05, 0x1B, 0xC0, 0xA6, 0x6F, 0x15, 0x8A, 0x80, 0x15, 0x75, 0x42,
    0x92, 0xF1, 0xF5, 0x7B, 0x43, 0xA8, 0x8B, 0x86, 0x50, 0x9E, 0x8E, 0x88, 0x92, 0x35, 0x00, 0xDF,
    0x50, 0x66, 0x6D, 0x36, 0x9B, 0xD8, 0x37, 0x45, 0x1B, 0xE9, 0x5E, 0xB6, 0x0D, 0x84, 0x1E, 0x85,
    0x98, 0xF6, 0x59, 0x9D, 0xA6, 0x78, 0x68, 0x09, 0x07, 0x45, 0xC1, 0x7C, 0x35, 0x90, 0x8E, 0x8B,
    0xA4, 0x83, 0x32, 0x28, 0x3D, 0xCD, 0xA6, 0x84, 0x3E, 0x6E, 0x3A, 0xC6, 0x66, 0x06, 0x5B, 0x48,
    0x75, 0x5C, 0x06, 0xA6, 0xEE, 0x85, 0x5F, 0x72, 0x9C, 0x5B, 0x61, 0xEA, 0x41, 0x6F, 0x1E, 0x30,
    0x72, 0x4B, 0x22, 0x65, 0x3B, 0xCD, 0x80, 0x5C, 0x01, 0xFF, 0x21, 0x7D, 0xA1, 0xE1, 0xBD, 0x6F,
    0x10, 0x04, 0x8E, 0x4A, 0x84, 0xDC, 0xB3, 0xC7, 0xC8, 0xD8, 0x40, 0x8F, 0xFA, 0xE4, 0xB0, 0x4E,
    0x09, 0x07, 0x18, 0x70, 0x3A, 0xC1, 0xF5, 0x4F, 0xD8, 0x5E, 0xC6, 0xE1, 0xF0, 0x8E, 0xA1, 0x76,
    0x1C, 0xC7, 0xE3, 0x7D, 0xA3, 0x11, 0x64, 0xAD, 0x43, 0xCA, 0xC7, 0xA7, 0xBB, 0x84, 0x80, 0x8E,
    0x1F, 0xFC, 0xA2, 0xC0, 0xF8, 0x79, 0x4B, 0xBC, 0x80, 0xB6, 0x08, 0x4D, 0x0F, 0xEE, 0x3D, 0x7E,
    0x68, 0x5F, 0xC4, 0xC4, 0x49, 0xD5, 0x80, 0xFE, 0xCC, 0x79, 0x3E, 0xE3, 0x9A, 0xDC, 0x30, 0xF0,
    0xCF, 0x95, 0xF0, 0xFD, 0x2E, 0xE7, 0x27, 0x16, 0x1C, 0xD6, 0x5D, 0xCC, 0x71, 0xE1, 0x6B, 0xD9,
    0x1C, 0xDF, 0x7B, 0x1C, 0xBF, 0x44, 0xFA, 0x21, 0x29, 0x96, 0xCF, 0xF0, 0x92, 0xA1, 0x6C, 0x0E,
    0xEF, 0x23, 0xE2, 0x7D, 0x4E, 0xBC, 0x9B, 0x0E, 0x8F, 0xB2, 0x8D, 0xF0, 0x5E, 0xD4, 0x35, 0xB7,
    0x56, 0x23, 0xB2, 0xBE, 0xC6, 0x4C, 0x4E, 0x17, 0x98, 0xCF, 0x69, 0x9C, 0x95, 0x9C, 0x2B, 0xDA,
    0xCA, 0xE9, 0xA1, 0x3A, 0x67, 0x6C, 0x54, 0x6C, 0xF9, 0xD6, 0xBE, 0x83, 0x80, 0x4C, 0x94, 0x28,
    0xC7, 0x46, 0x83, 0x95, 0xF9, 0xAD, 0x97, 0x7B, 0xC6, 0x86, 0x2E, 0x3E, 0xE4, 0x5F, 0x85, 0xE5,
    0x62, 0xAC, 0x4E, 0xA6, 0x44, 0xC1, 0x20, 0x9E, 0x0E, 0x4B, 0xEE, 0x4C, 0x33, 0x93, 0xA8, 0x99,
    0xA8, 0x5C, 0xE4, 0x30, 0x6E, 0x21, 0x84, 0x85, 0x8B, 0x23, 0x9E, 0x71, 0xFA, 0x4B, 0xF7, 0x76,
    0x8E, 0x45, 0xBF, 0x0A, 0x9D, 0x1E, 0xB9, 0xAD, 0x04, 0xB7, 0x95, 0x2B, 0x47, 0x84, 0x56, 0xE2,
    0xBE, 0xA2, 0xC3, 0xBA, 0x9A, 0x6D, 0x6E, 0x20, 0xFD, 0x03, 0xA1, 0x17, 0x63, 0xBD, 0x96, 0xDB,
    0xBE, 0x73, 0xA3, 0x80, 0xF1, 0x58, 0x39, 0x9B, 0x2C, 0xBF, 0x21, 0xEF, 0xD1, 0xDA, 0x63, 0x72,
    0xE5, 0x3F, 0xD1, 0x81, 0x6C, 0xBD, 0x11, 0x6F, 0x50, 0x94, 0xE1, 0x7E, 0xC5, 0x7A, 0xB0, 0xF0,
    0x8E, 0xD1, 0x34, 0x85, 0x59, 0x10, 0xE6, 0x88, 0x30, 0x85, 0xD8, 0x2F, 0x84, 0xAD, 0x6B, 0xB6,
    0x0D, 0x84, 0x39, 0x26, 0xCC, 0x4C, 0x6C, 0x16, 0xC9, 0x38, 0x8B, 0x2E, 0x76, 0xB8, 0x7B, 0xB9,
    0xF3, 0x18, 0x75, 0x13, 0xF5, 0xF2, 0x1F, 0x57, 0xF3, 0x82, 0x67, 0x42, 0x2D, 0xB2, 0x39, 0x7C,
    0xF7, 0x38, 0x4F, 0xD2, 0xAD, 0x5C, 0x3E, 0x5A, 0xBB, 0x86, 0xCB, 0xF5, 0x9E, 0x4C, 0x2D, 0xA2,
    0x12, 0x91, 0xF9, 0xCE, 0x52, 0xBA, 0x61, 0x57, 0x4B, 0x5B, 0x5D, 0xAD, 0x35, 0xB0, 0x55, 0x52,
    0xBC, 0x74, 0x86, 0xC2, 0x56, 0xD6, 0xAE, 0x23, 0xF9, 0x67, 0x17, 0x89, 0xA2, 0xDC, 0x2A, 0x75,
    0x94, 0xD5, 0x73, 0xDB, 0xC9, 0x91, 0xAE, 0x2F, 0x1D, 0x8C, 0xE1, 0x58, 0x6B, 0xB3, 0xC1, 0xC2,
    0xDC, 0x9D, 0x83, 0x67, 0xE9, 0xC9, 0xB7, 0xF4, 0xD8, 0xE9, 0xAD, 0x4E, 0x4D, 0x6C, 0x42, 0x29,
    0xAA, 0x00, 0xA2, 0x1F, 0xA0, 0x61, 0x49, 0x9D, 0x5D, 0x34, 0xD2, 0x3D, 0x34, 0xC4, 0x13, 0x34,
    0x42, 0x8B, 0x06, 0xB3, 0x73, 0x03, 0x8E, 0x3A, 0xF8, 0xA5, 0x4C, 0xB8, 0x02, 0x8C, 0x9A, 0xC5,
    0x0B, 0x11, 0x28, 0x1A, 0x46, 0xAE, 0x7C, 0x1D, 0xD1, 0x3D, 0xCA, 0x27, 0xAF, 0xD1, 0x9C, 0x69,
    0xBD, 0xBA, 0x7D, 0x4A, 0x32, 0x49, 0xAE, 0xCF, 0x7D, 0x73, 0x63, 0xDC, 0x58, 0xC7, 0x53, 0x03,
    0x86, 0xC3, 0x08, 0xE4, 0x76, 0xF4, 0xCA, 0x21, 0xF1, 0x8E, 0x8E, 0x22, 0x50, 0x06, 0xEF, 0x69,
    0x81, 0x40, 0xD1, 0xA9, 0x19, 0xF4, 0xDF, 0x1A, 0xCF, 0xC9, 0x32, 0x8A, 0x40, 0xD1, 0xB3, 0x08,
    0xF4, 0xB6, 0x78, 0xCE, 0x59, 0xE9, 0xB3, 0x18, 0x3B, 0xED, 0x61, 0x74, 0x05, 0xD3, 0xD2, 0x66,
    0xEA, 0x19, 0x71, 0x93, 0x19, 0x49, 0xA2, 0x3E, 0xFC, 0x04, 0xFF, 0xCB, 0xC4, 0x8D, 0x62, 0xCD,
    0x2B, 0xE7, 0x70, 0x71, 0x8C, 0xFF, 0x27, 0x19, 0xDD, 0xB3, 0x43, 0xFC, 0x1C, 0x3B, 0x9E, 0xCD,
    0xFA, 0xE1, 0xC7, 0xAA, 0x2F, 0x88, 0xDD, 0x24, 0x6D, 0x26, 0x2A, 0x2F, 0x92, 0xAC, 0x93, 0x0D,
    0xF0, 0x53, 0xE2, 0xFF, 0x6E, 0xA8, 0x7B, 0x9D, 0x99, 0xDC, 0x7A, 0xBA, 0x68, 0xE6, 0xC2, 0x05,
    0x06, 0xFD, 0x96, 0xB9, 0x3F, 0x51, 0x21, 0x25, 0x0B, 0x5E, 0x49, 0x31, 0xBF, 0xC7, 0xC5, 0x3B,
    0x10, 0xE5, 0x02, 0xA3, 0x31, 0x8F, 0x38, 0x35, 0xA6, 0x33, 0x70, 0x35, 0x70, 0x22, 0x87, 0x37,
    0x85, 0xC3, 0xE1, 0x71, 0xEB, 0xD5, 0x38, 0x31, 0xD3, 0xE3, 0x2A, 0xA3, 0xFA, 0xC6, 0xF4, 0xE1,
    0xF0, 0xCA, 0x98, 0xBE, 0x4D, 0x47, 0xE4, 0x7B, 0xBC, 0x57, 0xDE, 0x5A, 0xD7, 0x59, 0x97, 0xBE,
    0xA8, 0x2B, 0xC9, 0xF9, 0xCE, 0xCC, 0x18, 0x4F, 0xA5, 0xC5, 0x09, 0xC4, 0x9A, 0xA7, 0x17, 0xB3,
    0x8C, 0xB0, 0xDB, 0x42, 0x50, 0x15, 0xB4, 0x1E, 0xD7, 0xD8, 0xA2, 0x8E, 0xD4, 0xCF, 0x93, 0xAC,
    0xFD, 0x8F, 0x49, 0x23, 0x51, 0x48, 0x6C, 0x91, 0x7C, 0x56, 0xD1, 0x6A, 0x34, 0xDA, 0xA8, 0xF4,
    0x93, 0x7F, 0x54, 0xAE, 0x5F, 0xB9, 0x01, 0x1C, 0xE6, 0x0E, 0xAD, 0x1E, 0x0F, 0x71, 0x81, 0x11,
    0x59, 0xC4, 0x43, 0xA0, 0xD0, 0x42, 0x0A, 0xBD, 0xCA, 0xE0, 0xC9, 0x28, 0xF5, 0x90, 0x41, 0xF4,
    0x61, 0x97, 0x64, 0xA5, 0xB8, 0xCF, 0x00, 0xA9, 0x13, 0x2D, 0xEE, 0x87, 0x46, 0x7C, 0x7D, 0x4E,
    0xC7, 0x5F, 0xDF, 0x52, 0xE9, 0xC3, 0x3E, 0x8E, 0x70, 0x3D, 0xEB, 0xA4, 0x18, 0x32, 0x8F, 0xEB,
    0x81, 0x1E, 0x88, 0x7A, 0x68, 0x77, 0x24, 0x67, 0xBE, 0x53, 0xCF, 0x13, 0x59, 0x75, 0x2D, 0x51,
    0x55, 0x5D, 0xEE, 0xA6, 0xFF, 0x4E, 0x18, 0x5C, 0xC8, 0xB6, 0xC6, 0x68, 0xE3, 0x74, 0xF6, 0xA9,
    0x0E, 0x0E, 0xC4, 0x45, 0x7C, 0x66, 0xEB, 0x68, 0x1B, 0x27, 0x62, 0x7C, 0xDF, 0x3F, 0xD8, 0x44,
    0x1C, 0xF3, 0x33, 0x99, 0xEC, 0xC9, 0x1F, 0x5B, 0x2C, 0xAD, 0x1E, 0x88, 0x65, 0x55, 0xC8, 0x4E,
    0xAC, 0x58, 0xE3, 0x60, 0x52, 0xF1, 0x50, 0x34, 0x73, 0x1A, 0x8D, 0x06, 0xA6, 0x17, 0x5C, 0x68,
    0x3F, 0x20, 0xD7, 0xF1, 0x6E, 0xA7, 0x68, 0x77, 0x1E, 0x74, 0x5D, 0xDF, 0xAF, 0x13, 0xD5, 0x63,
    0xAE, 0xEE, 0x25, 0xB1, 0xC2, 0x36, 0x89, 0x49, 0x0D, 0xBD, 0xB8, 0x7B, 0x22, 0x7F, 0x62, 0xBB,
    0xDC, 0x6B, 0x85, 0xCF, 0x1B, 0xD8, 0x97, 0x2A, 0x0D, 0x8B, 0x9D, 0xA0, 0x98, 0xCC, 0xD1, 0x9D,
    0x62, 0x3D, 0xB1, 0x8A, 0xF7, 0x33, 0x77, 0xFD, 0xBA, 0x5A, 0x1F, 0x27, 0x9C, 0x4B, 0xBA, 0xE5,
    0x14, 0x3C, 0x8E, 0xAA, 0xFA, 0xBC, 0xB6, 0x39, 0xB4, 0x89, 0x03, 0xF9, 0x95, 0x5A, 0x8B, 0xF4,
    0x4E, 0xE4, 0x2E, 0x02, 0xFD, 0xDA, 0x7F, 0x6A, 0x90, 0xCD, 0x78, 0x00, 0xF2, 0xBD, 0xDA, 0x94,
    0xDC, 0xC1, 0xDB, 0xF5, 0x95, 0x21, 0x3B, 0x18, 0x57, 0x7D, 0x12, 0x08, 0x78, 0x15, 0x8B, 0xE4,
    0x51, 0xB7, 0xC3, 0x5E, 0xCF, 0x12, 0x87, 0x2A, 0x3D, 0x5F, 0x24, 0xE1, 0xE0, 0xCC, 0xF6, 0xFA,
    0xF1, 0x2B, 0xD4, 0x2D, 0x41, 0x94, 0x79, 0x94, 0xC8, 0x5B, 0x4F, 0x74, 0xAC, 0xC5, 0x73, 0xBF,
    0xB4, 0xE2, 0x61, 0xD8, 0x88, 0x82, 0x4E, 0x41, 0xB8, 0x29, 0x99, 0xBB, 0xF0, 0xF4, 0xDC, 0xCF,
    0x1A, 0x5F, 0x46, 0x2A, 0x36, 0xCD, 0xF6, 0xC5, 0xE9, 0x57, 0x61, 0x6C, 0x6D, 0x55, 0xA4, 0xDA,
    0x76, 0xBC, 0x7E, 0x7D, 0x3B, 0x71, 0xD3, 0x63, 0xC5, 0x75, 0xED, 0x5B, 0xE9, 0xF7, 0x20, 0x2E,
    0xC9, 0x23, 0x42, 0x4D, 0x59, 0x1D, 0xFF, 0xD1, 0x74, 0xC2, 0x72, 0x27, 0x28, 0xFB, 0xA3, 0xB2,
    0xC3, 0xAB, 0x51, 0xA8, 0xE3, 0xF3, 0xD9, 0x54, 0xAF, 0x0E, 0xA8, 0xE6, 0x54, 0x50, 0x6D, 0x04,
    0x97, 0x8A, 0xA9, 0xC8, 0xA9, 0x1B, 0xFE, 0xBC, 0xC8, 0xF3, 0xB2, 0xB3, 0x57, 0xA5, 0xD7, 0x5F,
    0x52, 0xEC, 0x17, 0x96, 0xA6, 0x8B, 0x32, 0x17, 0x01, 0x7C, 0x5A, 0x60, 0x6B, 0x64, 0xBA, 0x1E,
    0xE2, 0xF3, 0xB4, 0xBF, 0x26, 0xF8, 0xF3, 0x13, 0x19, 0xF6, 0x3F, 0x67, 0xBA, 0xF6, 0x84, 0xE9,
    0x5E, 0xCB, 0xB5, 0x35, 0x34, 0x5D, 0x14, 0xE1, 0xA8, 0x2F, 0x0F, 0xC4, 0xC2, 0x3B, 0x80, 0xCA,
    0xC4, 0xA3, 0x6C, 0x3A, 0x97, 0x8D, 0xE4, 0x40, 0xB3, 0x0C, 0xAC, 0x1D, 0x8F, 0xAD, 0xFD, 0xDA,
    0x29, 0xCA, 0xFA, 0xC4, 0x50, 0x62, 0xE2, 0x6A, 0x5C, 0x3F, 0x13, 0xFD, 0x53, 0x3D, 0x1D, 0x33,
    0xFC, 0x04, 0x7A, 0x47, 0x98, 0xFE, 0x99, 0xB2, 0xFF, 0x41, 0xD9, 0xDF, 0x2D, 0xF3, 0x73, 0x66,
    0x2D, 0x34, 0xC9, 0x79, 0xF5, 0x5E, 0x2D, 0x27, 0x2E, 0x0C, 0x2E, 0xC5, 0x2E, 0xAA, 0x62, 0x75,
    0x78, 0xD8, 0x1E, 0xDD, 0x09, 0x1E, 0x30, 0x49, 0xDE, 0xA7, 0xCF, 0xEA, 0x57, 0xD0, 0x23, 0x2E,
    0x4A, 0xBF, 0xCF, 0x68, 0xEC, 0xCE, 0x45, 0xEE, 0xE2, 0xE3, 0x8E, 0x1E, 0xD4, 0xC0, 0x05, 0x85,
    0xB3, 0x6F, 0x89, 0x33, 0x33, 0xBC, 0x88, 0x7C, 0x42, 0x9C, 0x82, 0x1B, 0x53, 0xCE, 0xBE, 0x31,
    0xC6, 0xB3, 0x23, 0x41, 0xF7, 0x99, 0x0C, 0xF7, 0x0F, 0xC2, 0x6F, 0xC7, 0xBA, 0x50, 0x15, 0xBA,
    0x62, 0x8C, 0xD1, 0x45, 0x12, 0xF6, 0x11, 0x93, 0xCC, 0xC5, 0x58, 0xAD, 0xBB, 0xBF, 0x5A, 0xF6,
    0xB3, 0xF0, 0x91, 0x0C, 0x9E, 0xBA, 0xE3, 0x81, 0x4B, 0xBD, 0x8C, 0x04, 0x97, 0xEB, 0xE8, 0x72,
    0x0A, 0xED, 0x0C, 0x04, 0xB8, 0x36, 0xB8, 0x5C, 0x4B, 0xD7, 0x4E, 0xC7, 0xE5, 0xA3, 0x22, 0xB5,
    0x65, 0x7A, 0xA3, 0x4A, 0x3F, 0xEC, 0xA5, 0xD9, 0xA8, 0x7C, 0x58, 0xB9, 0x1E, 0x6B, 0xD2, 0x8F,
    0xB3, 0x74, 0x62, 0x30, 0xED, 0x19, 0x7E, 0x6A, 0xC4, 0x5E, 0x19, 0x7D, 0x3A, 0xB4, 0xAC, 0x7D,
    0xDC, 0x4D, 0xE5, 0x7A, 0x92, 0x29, 0x41, 0xD7, 0xFA, 0x17, 0xC2, 0xC7, 0x08, 0xBE, 0x81, 0x5F,
    0x8D, 0xCC, 0xBD, 0x59, 0x0B, 0x70, 0x01, 0x77, 0x98, 0xAF, 0xA4, 0x13, 0xE0, 0xFF, 0xA5, 0x59,
    0xCF, 0x73, 0x14, 0xC7, 0x15, 0x7E, 0x33, 0xA3, 0x68, 0x20, 0x23, 0x68, 0xE5, 0x86, 0xCB, 0xA0,
    0xF1, 0xC1, 0x07, 0x57, 0x45, 0xD2, 0xA8, 0x52, 0x1C, 0x38, 0xC8, 0xF4, 0x24, 0x1C, 0x48, 0x8A,
    0x4A, 0xC1, 0x25, 0xC7, 0x54, 0xF4, 0x0F, 0x24, 0x90, 0x2A, 0x0E, 0x1C, 0x84, 0x76, 0x82, 0x0E,
    0x1C, 0x48, 0x2C, 0x55, 0xEE, 0x09, 0x54, 0xF2, 0x07, 0x58, 0x07, 0x0E, 0x3A, 0x18, 0x4D, 0x83,
    0x2A, 0xE1, 0xE0, 0x54, 0x3C, 0x04, 0xBB, 0x7C, 0xE0, 0x40, 0x63, 0xBB, 0x2A, 0xB9, 0xA4, 0x18,
    0xF0, 0xD8, 0x4C, 0x8A, 0xD9, 0xE9, 0x7C, 0xAF, 0x67, 0x56, 0xBB, 0x5A, 0x76, 0x25, 0x19, 0x76,
    0xFB, 0xCD, 0xEE, 0xCE, 0x76, 0xF7, 0xF7, 0xFA, 0xF5, 0xFB, 0xD9, 0x43, 0x26, 0x27, 0x62, 0xEA,
    0xBD, 0x22, 0x90, 0x8C, 0x41, 0x09, 0x51, 0xAA, 0x88, 0x1E, 0x67, 0x44, 0x9F, 0x68, 0x72, 0xAE,
    0xE7, 0xE4, 0x9D, 0x01, 0x79, 0x25, 0xF9, 0xA6, 0xA2, 0xC0, 0xA9, 0xE8, 0x08, 0xDD, 0xA1, 0xE3,
    0x94, 0x92, 0xF1, 0x8C, 0x12, 0x86, 0xD0, 0xF0, 0x0A, 0xBA, 0xB4, 0xDC, 0x89, 0xAB, 0x48, 0x6D,
    0x46, 0x8A, 0x22, 0x15, 0x18, 0xB5, 0x12, 0xA9, 0xCA, 0xB6, 0x3B, 0xF2, 0xD3, 0xE8, 0x86, 0x76,
    0x68, 0x9A, 0x3C, 0x75, 0x8B, 0x1C, 0x83, 0x99, 0x7F, 0x13, 0x8F, 0x41, 0x55, 0x0D, 0xEA, 0x59,
    0x46, 0x64, 0x2A, 0x2C, 0xEA, 0x61, 0xA0, 0x4E, 0x51, 0x77, 0x07, 0xF5, 0x5D, 0x8F, 0xE6, 0x04,
    0x89, 0x2E, 0xB9, 0x5F, 0x1D, 0x08, 0x7B, 0xDC, 0xEA, 0xDC, 0xB3, 0x2D, 0x06, 0x56, 0x17, 0x00,
    0xE7, 0x88, 0xC3, 0x18, 0x5B, 0x16, 0x83, 0x89, 0xE8, 0x32, 0x06, 0xB2, 0x94, 0x0A, 0x10, 0xAF,
    0xF3, 0x2A, 0x05, 0x35, 0x2D, 0x4B, 0x55, 0x85, 0x6A, 0x53, 0x64, 0x74, 0x31, 0x0B, 0x6E, 0x66,
    0x57, 0x45, 0x56, 0xD9, 0x96, 0x7E, 0x58, 0x46, 0xE7, 0x72, 0x72, 0x13, 0x12, 0x44, 0x22, 0x26,
    0x51, 0x91, 0xAF, 0x89, 0x36, 0xC8, 0x01, 0x44, 0x4E, 0xE8, 0x3F, 0x63, 0x57, 0x9D, 0x7E, 0xE5,
    0x17, 0xA7, 0x43, 0x35, 0x23, 0xE9, 0x68, 0x4A, 0x54, 0x0F, 0x34, 0xFC, 0xC4, 0xCD, 0x48, 0xCD,
    0x04, 0xC5, 0x3C, 0xBA, 0x51, 0x40, 0x14, 0xC6, 0x74, 0x9A, 0x68, 0x93, 0x68, 0x9D, 0x87, 0xBA,
    0x35, 0x85, 0x8F, 0x94, 0xF4, 0xB3, 0x2D, 0x4F, 0x0D, 0x8E, 0xEA, 0x3C, 0xD0, 0x91, 0x51, 0x93,
    0xF8, 0x31, 0x09, 0x68, 0x45, 0x52, 0xD3, 0x56, 0xE1, 0xE8, 0x45, 0x8A, 0x27, 0xBE, 0x03, 0xDC,
    0x6D, 0xA2, 0x8A, 0xBC, 0xA7, 0x14, 0x9C, 0x8D, 0x0F, 0x3B, 0xF1, 0x6E, 0xB8, 0x6C, 0x37, 0x5C,
    0xD6, 0xC2, 0x61, 0x99, 0xA1, 0xE2, 0x26, 0xDA, 0x2D, 0xB5, 0x70, 0x2B, 0xA1, 0x9A, 0x97, 0x34,
    0x33, 0x1E, 0x6E, 0x85, 0xE1, 0x0A, 0xC2, 0xBE, 0x5A, 0xD1, 0xD2, 0x9E, 0x58, 0x2A, 0x32, 0xC9,
    0x64, 0x97, 0x28, 0x39, 0x46, 0x9B, 0x05, 0xC9, 0x8C, 0x44, 0x32, 0x80, 0x75, 0xB0, 0xA5, 0x41,
    0x4B, 0xBC, 0xC4, 0x7B, 0x4C, 0xD8, 0x61, 0x2A, 0xF7, 0x45, 0xEC, 0xAD, 0x0E, 0x2F, 0x4F, 0x61,
    0x0B, 0x5F, 0x42, 0x15, 0x3A, 0xF8, 0xF1, 0x56, 0x0B, 0x0B, 0x1D, 0x16, 0x4F, 0xBA, 0x24, 0xB4,
    0x04, 0x45, 0x4A, 0xE8, 0x10, 0x24, 0xB2, 0xDD, 0xC4, 0xF7, 0xA2, 0xC4, 0xF6, 0x79, 0x52, 0x61,
    0x0C, 0x6F, 0xE0, 0x74, 0x4E, 0x41, 0xC9, 0xA4, 0xC9, 0x2B, 0x33, 0x90, 0x22, 0xB6, 0xAC, 0x17,
    0x25, 0x45, 0xA6, 0xA4, 0xCE, 0x99, 0x92, 0x52, 0xFC, 0xAE, 0x07, 0xC8, 0x78, 0xCD, 0x7D, 0xC9,
    0xD6, 0xF7, 0x65, 0x4D, 0x06, 0xF3, 0x44, 0x7F, 0x47, 0x7F, 0xB5, 0x05, 0x92, 0x4C, 0x49, 0xA4,
    0x22, 0x65, 0x0C, 0x5F, 0x7B, 0x6F, 0xBE, 0x27, 0x9B, 0x3E, 0xE8, 0x6B, 0x0C, 0x04, 0xE6, 0xDC,
    0x26, 0x51, 0x32, 0x9A, 0x31, 0xB8, 0x02, 0x12, 0x88, 0x98, 0x18, 0x78, 0xF5, 0x40, 0xEB, 0x78,
    0xA5, 0xBC, 0x5E, 0x06, 0x2F, 0x0C, 0x7B, 0x87, 0x9E, 0x83, 0x48, 0x4D, 0x25, 0xF4, 0xAC, 0xD0,
    0xC7, 0x85, 0x9E, 0x10, 0x5A, 0x73, 0x33, 0xBA, 0xFD, 0xA2, 0x21, 0x81, 0xC3, 0x42, 0x1F, 0x0D,
    0xF5, 0x4C, 0x6A, 0xEA, 0x1D, 0x7F, 0xC0, 0xB2, 0xFD, 0x95, 0x3A, 0x1D, 0xE8, 0xAD, 0x20, 0x37,
    0x26, 0xEF, 0xCB, 0x36, 0xDB, 0x08, 0xAD, 0x6C, 0xE1, 0x0F, 0x5C, 0x88, 0x16, 0x46, 0x36, 0xBF,
    0x03, 0xB1, 0x68, 0x1B, 0x20, 0x94, 0x78, 0x02, 0xD7, 0x62, 0xAF, 0xF8, 0xCE, 0x10, 0x6F, 0x09,
    0x3D, 0x1F, 0xEA, 0xD3, 0x80, 0x98, 0x72, 0x13, 0xE1, 0x27, 0xBE, 0x21, 0x67, 0x73, 0x34, 0x90,
    0xD9, 0x0D, 0x44, 0xA1, 0xB5, 0x7D, 0xB4, 0x70, 0x14, 0x90, 0xB6, 0x40, 0x7A, 0x04, 0x50, 0xAB,
    0x9F, 0x83, 0xDA, 0xB2, 0x27, 0xD0, 0xE8, 0x99, 0xFB, 0x4B, 0x80, 0x94, 0x66, 0x42, 0x3D, 0xCF,
    0x33, 0xD3, 0x2D, 0x72, 0xB1, 0xF3, 0x50, 0x80, 0x2E, 0x39, 0xA5, 0xDB, 0xE5, 0x99, 0x65, 0x90,
    0x61, 0xE6, 0xBA, 0x37, 0x39, 0xCF, 0x9C, 0xDC, 0x82, 0x1E, 0x62, 0xA5, 0x74, 0x8A, 0xBD, 0x08,
    0x5B, 0x0A, 0xC4, 0x25, 0xAD, 0x61, 0xAA, 0x9C, 0x95, 0x52, 0xB6, 0x2A, 0x79, 0x70, 0xE9, 0xA1,
    0xF3, 0x51, 0x48, 0xEF, 0x26, 0xB9, 0x43, 0xA6, 0xB7, 0xB7, 0x0C, 0x5D, 0xB2, 0x6E, 0x85, 0x22,
    0x18, 0xC3, 0x16, 0xE4, 0x02, 0xCF, 0xC2, 0xAE, 0x85, 0x3A, 0xF0, 0x6C, 0xC5, 0x69, 0xD8, 0xFF,
    0x0C, 0x9B, 0x1B, 0x8F, 0xE1, 0x7D, 0x6E, 0x08, 0x0E, 0x14, 0x42, 0xB1, 0x6F, 0x19, 0xA7, 0x50,
    0xC6, 0x94, 0x82, 0x6F, 0x52, 0xB2, 0xD6, 0x38, 0xCD, 0x72, 0xC5, 0xE2, 0x83, 0xF3, 0x74, 0xD8,
    0x65, 0x6B, 0xF6, 0xBB, 0xC7, 0xC2, 0x8B, 0x95, 0x14, 0x4A, 0x8A, 0x0C, 0x2D, 0x82, 0xF1, 0xD4,
    0x34, 0x4B, 0x04, 0x1C, 0x69, 0x32, 0x69, 0x8A, 0xD0, 0x54, 0x97, 0x1D, 0x98, 0x4E, 0xD1, 0xF5,
    0xB3, 0xA8, 0xDB, 0xF0, 0xAD, 0x21, 0x97, 0x0E, 0x74, 0x34, 0xCC, 0xFA, 0x81, 0xEC, 0x35, 0x39,
    0x02, 0x17, 0xC1, 0xD9, 0xC4, 0x33, 0xD6, 0xD5, 0xBE, 0x06, 0x3B, 0xEC, 0xFE, 0xE0, 0x05, 0x2D,
    0xED, 0xB8, 0xC2, 0x61, 0x76, 0x66, 0x0E, 0x2E, 0x20, 0xEB, 0x8A, 0x1B, 0x5E, 0x5E, 0x87, 0x1D,
    0x0B, 0x3B, 0xFF, 0xDD, 0xF7, 0xC5, 0x82, 0x25, 0xCD, 0x5E, 0xFB, 0x4C, 0x58, 0xCA, 0x44, 0x73,
    0xFB, 0x14, 0x6B, 0x2D, 0x5B, 0x43, 0x69, 0xB7, 0xEF, 0x35, 0x98, 0x72, 0x5A, 0x25, 0x42, 0x70,
    0xA2, 0xFF, 0x41, 0x89, 0xB2, 0x59, 0x3B, 0xB1, 0xA9, 0x4C, 0x35, 0xE8, 0xBB, 0x76, 0xDE, 0xC6,
    0xA8, 0x91, 0xF7, 0xB3, 0x28, 0xE3, 0x31, 0xF4, 0x1E, 0xEB, 0xA9, 0x67, 0x12, 0x71, 0x26, 0x9B,
    0xA0, 0xF8, 0xED, 0x98, 0xE0, 0xE6, 0xE4, 0x4E, 0xBB, 0xA1, 0x65, 0x5A, 0xC8, 0x87, 0x95, 0xBC,
    0x36, 0xA2, 0x99, 0x6D, 0x33, 0x08, 0x6B, 0xCC, 0x10, 0x0B, 0xA3, 0xA1, 0x1B, 0x58, 0xA2, 0x8B,
    0x49, 0x0B, 0x65, 0xBA, 0x0D, 0x54, 0xB6, 0x37, 0x14, 0x86, 0x84, 0xAB, 0xB1, 0x34, 0xF4, 0xDB,
    0x56, 0x71, 0x21, 0x20, 0x0A, 0x0A, 0x0A, 0xF2, 0x3D, 0x5B, 0xC1, 0xDD, 0x88, 0xE6, 0x27, 0x3B,
    0x1F, 0xFC, 0xB5, 0xAB, 0xAC, 0x1F, 0xF2, 0xB5, 0x84, 0xCB, 0x1D, 0x7C, 0xCB, 0xCA, 0xE4, 0x8D,
    0x9F, 0xC6, 0x12, 0xB2, 0x68, 0x1C, 0xDB, 0x6D, 0x9F, 0xB7, 0x13, 0x93, 0xC8, 0x5D, 0x6F, 0xFC,
    0x33, 0x5A, 0xFA, 0x8A, 0x17, 0xEB, 0xC7, 0xC8, 0xB3, 0x62, 0x51, 0x7A, 0x79, 0x08, 0x65, 0x61,
    0x07, 0xEA, 0x60, 0xF5, 0x23, 0xE6, 0xC8, 0x4F, 0x60, 0xDF, 0xDF, 0x27, 0x99, 0x23, 0xF2, 0xC5,
    0xA1, 0x82, 0x2E, 0xC4, 0x7B, 0x73, 0xE4, 0xC7, 0x69, 0xD2, 0x79, 0x65, 0x1E, 0x68, 0x3C, 0x9C,
    0x91, 0xFF, 0x34, 0x3E, 0x0A, 0xFF, 0x08, 0x6D, 0x31, 0xCA, 0xA9, 0x77, 0x07, 0xF6, 0xA1, 0xD6,
    0xED, 0xB5, 0x8A, 0x96, 0x11, 0x3C, 0x35, 0xCD, 0x03, 0xF7, 0x0A, 0xDF, 0xE1, 0x3C, 0xE6, 0x8C,
    0x82, 0x62, 0xF0, 0xBA, 0x57, 0xC8, 0xDF, 0x77, 0x12, 0xCC, 0x50, 0x71, 0xC8, 0xEB, 0x60, 0x5F,
    0x73, 0xDE, 0xFF, 0x39, 0xD8, 0xC6, 0x02, 0x28, 0xA3, 0xE8, 0x5E, 0x42, 0xD1, 0xC7, 0x20, 0x24,
    0xA8, 0x11, 0xBA, 0x44, 0x9F, 0x17, 0x14, 0x6D, 0x57, 0xF8, 0xAF, 0x6B, 0xED, 0x27, 0x52, 0x9D,
    0xA4, 0x27, 0x62, 0x0A, 0x5A, 0xFB, 0xE1, 0x4F, 0x24, 0x70, 0xAD, 0xFD, 0x40, 0x67, 0xD2, 0x41,
    0xF5, 0x5C, 0xAB, 0xE4, 0xEF, 0x32, 0xB9, 0x9A, 0xC8, 0x35, 0x92, 0x29, 0x74, 0x43, 0xC9, 0x35,
    0xC5, 0x3A, 0xBB, 0x9A, 0xCB, 0x6B, 0xA5, 0xF5, 0xC1, 0xC4, 0x91, 0x51, 0xDA, 0x2B, 0x0C, 0xE5,
    0x1D, 0xBB, 0x7D, 0x6B, 0x95, 0x59, 0x45, 0x37, 0x92, 0x7F, 0xC2, 0x28, 0x56, 0x0F, 0xF9, 0x61,
    0x22, 0x6F, 0x62, 0xAC, 0x96, 0xD7, 0x0B, 0xB3, 0x5D, 0xB7, 0x8E, 0xB5, 0xE0, 0x64, 0xF3, 0x44,
    0x6B, 0x5D, 0x14, 0x61, 0x01, 0x6A, 0x5C, 0x9B, 0x8D, 0xD4, 0x62, 0xF4, 0xD9, 0x32, 0x0C, 0x80,
    0x36, 0xBC, 0x42, 0x64, 0x27, 0xE8, 0xED, 0x78, 0x78, 0x7F, 0x87, 0xF5, 0xE5, 0xC0, 0x33, 0x92,
    0xDD, 0x0B, 0x7C, 0x2E, 0xDB, 0x54, 0x9A, 0xB7, 0x62, 0xBF, 0xD9, 0x89, 0xD8, 0x65, 0x85, 0xE0,
    0x9E, 0x9D, 0x0C, 0x7C, 0xC9, 0xA2, 0xA9, 0x4E, 0x45, 0xEA, 0x24, 0xB6, 0x62, 0x14, 0xD8, 0xB1,
    0x5D, 0x78, 0x22, 0x5D, 0x4B, 0x3F, 0x90, 0x7F, 0x90, 0xBF, 0xDF, 0x8B, 0xF7, 0xFE, 0xE0, 0xDB,
    0xD1, 0xDD, 0x8A, 0x9B, 0x2A, 0xEC, 0xCF, 0xE9, 0x48, 0x9D, 0xE2, 0xF6, 0xD9, 0x15, 0x63, 0x4A,
    0xCB, 0xEA, 0x6E, 0x8F, 0x82, 0xF6, 0x67, 0xBB, 0x59, 0x68, 0x37, 0x77, 0xDF, 0x4F, 0x6C, 0xBA,
    0x34, 0x28, 0x98, 0xBF, 0x11, 0x5C, 0x1E, 0xC2, 0xA5, 0x54, 0x1C, 0xB4, 0x2F, 0xF2, 0xCD, 0xC5,
    0x01, 0xC1, 0x0C, 0x88, 0x61, 0x5D, 0xE6, 0x32, 0x4B, 0x77, 0x19, 0x15, 0x8B, 0x01, 0xCB, 0x77,
    0xF0, 0x81, 0x32, 0xC8, 0xE6, 0xBB, 0x47, 0x1A, 0xC7, 0x61, 0xB4, 0xCC, 0xC3, 0x1C, 0x66, 0x59,
    0x79, 0x24, 0x6A, 0x8F, 0xA6, 0x0C, 0xA8, 0xB3, 0x4D, 0x53, 0xF2, 0x21, 0x4D, 0x89, 0x17, 0x34,
    0x85, 0x74, 0x61, 0xCA, 0x05, 0x11, 0x53, 0x87, 0x7E, 0x19, 0x47, 0x60, 0x4D, 0x58, 0x6F, 0x2E,
    0x6C, 0xF2, 0x80, 0xAD, 0xB8, 0x60, 0x5D, 0xC9, 0xB9, 0x2C, 0x4D, 0x8B, 0xCE, 0x38, 0xAF, 0xF5,
    0x89, 0x79, 0x6D, 0xA8, 0x41, 0x23, 0xE0, 0x60, 0xE2, 0x37, 0x46, 0xB0, 0x2F, 0x60, 0x1B, 0x65,
    0x96, 0xED, 0xB6, 0x9F, 0x6C, 0xA3, 0x0C, 0x72, 0x0D, 0x68, 0xCE, 0x8A, 0x6E, 0x42, 0xEB, 0xE4,
    0x9B, 0x49, 0xC1, 0xA5, 0x75, 0x6F, 0x5B, 0x39, 0x26, 0x46, 0x91, 0x47, 0xEF, 0x1E, 0x48, 0x0A,
    0xB6, 0x64, 0xB3, 0x39, 0x57, 0xC4, 0x97, 0xC0, 0x5E, 0xF8, 0xDE, 0xA2, 0x7B, 0x3F, 0xA7, 0xE9,
    0xE8, 0x29, 0x36, 0x33, 0x42, 0x2D, 0x60, 0x7D, 0x01, 0x2E, 0xF5, 0x1E, 0x17, 0xF9, 0x35, 0xEA,
    0x4A, 0x66, 0xBD, 0x18, 0x62, 0x3D, 0x1D, 0xCF, 0xFA, 0x09, 0xCB, 0xFA, 0x51, 0x80, 0xFE, 0x14,
    0x12, 0xFD, 0x0F, 0x3E, 0x35, 0x98, 0xD6, 0x7B, 0x31, 0x7D, 0xAF, 0xE2, 0xEC, 0xCE, 0x2D, 0xE9,
    0xDB, 0xC2, 0x31, 0x9A, 0xD2, 0x98, 0x86, 0xAA, 0x7D, 0x27, 0x5D, 0xA7, 0xE0, 0x09, 0xD7, 0x10,
    0x2B, 0x58, 0x9A, 0x44, 0x22, 0x10, 0x25, 0x06, 0xBF, 0x06, 0x89, 0xEF, 0xF1, 0x7F, 0xDC, 0x87,
    0xFB, 0xF2, 0x98, 0x7E, 0x76, 0x8F, 0x8C, 0xF5, 0x3C, 0x2A, 0x27, 0xBD, 0xE5, 0xE5, 0xB5, 0x57,
    0x34, 0x0D, 0xDF, 0xA5, 0x9F, 0xE3, 0x7E, 0xAF, 0x72, 0x4A, 0x36, 0x9A, 0x6A, 0xBF, 0x13, 0xEF,
    0x46, 0x7E, 0x00, 0xE4, 0x18, 0xC8, 0x78, 0xA3, 0x3E, 0x49, 0x6A, 0x2B, 0x9C, 0x3E, 0xF1, 0x3D,
    0xFE, 0x8F, 0xFB, 0x70, 0x5F, 0x1E, 0x33, 0xE5, 0xC6, 0xC2, 0x8F, 0xFB, 0x49, 0xFF, 0xBE, 0xF8,
    0xB3, 0x97, 0xB0, 0x43, 0xC8, 0x6F, 0x37, 0xB1, 0xEA, 0x67, 0xE0, 0x61, 0x3B, 0x79, 0x23, 0x7C,
    0x9A, 0x8E, 0xE9, 0x45, 0x46, 0x5F, 0x2B, 0xE7, 0xF3, 0xD8, 0x5B, 0x23, 0xF7, 0xD0, 0xC1, 0xB8,
    0xE8, 0xC0, 0x88, 0xFC, 0x22, 0x25, 0xCD, 0xF2, 0xD4, 0x2C, 0x68, 0x4E, 0xBB, 0x7C, 0xE2, 0x62,
    0x81, 0x2F, 0x01, 0x5F, 0xFC, 0xE6, 0x92, 0x36, 0x35, 0x6B, 0x4A, 0x4B, 0xDC, 0x79, 0x83, 0x87,
    0xE5, 0xE8, 0x66, 0x72, 0xB7, 0x1B, 0x94, 0x00, 0xBA, 0xD3, 0x21, 0xE9, 0x97, 0x51, 0xB2, 0xE5,
    0x95, 0xE0, 0xD3, 0x43, 0x86, 0xC2, 0xE5, 0x21, 0xD2, 0x39, 0x28, 0xE0, 0x16, 0x5F, 0xA4, 0x6F,
    0x7E, 0xA2, 0xC2, 0xF3, 0x98, 0x79, 0x92, 0x47, 0x10, 0x57, 0xF0, 0x7E, 0x9B, 0x92, 0xAE, 0x90,
    0xCD, 0xDE, 0xAC, 0xED, 0x40, 0x25, 0xA2, 0x7B, 0xBD, 0xB8, 0x95, 0x36, 0x0B, 0xBE, 0xCB, 0x05,
    0x28, 0x7C, 0xD7, 0x7D, 0xC4, 0xB5, 0xBB, 0xBD, 0xB8, 0x56, 0x5B, 0x55, 0xB8, 0xF8, 0x69, 0x1A,
    0x23, 0x90, 0x6B, 0xA4, 0x91, 0x1C, 0x8D, 0x96, 0xED, 0x81, 0x88, 0x95, 0x66, 0x70, 0x3E, 0x36,
    0x1D, 0x25, 0x1F, 0x25, 0xF0, 0x71, 0x43, 0xDE, 0xB0, 0x75, 0x88, 0x63, 0xA1, 0xD4, 0x08, 0xA8,
    0xBA, 0x0F, 0xC5, 0x2F, 0x36, 0x3C, 0xC9, 0x39, 0x40, 0x5B, 0x77, 0x4F, 0x37, 0x80, 0xE9, 0x5E,
    0x80, 0x4D, 0xF7, 0x30, 0xE6, 0x14, 0x3C, 0xB0, 0x4E, 0x07, 0x16, 0x4F, 0xDE, 0x43, 0x48, 0x00,
    0x36, 0xCF, 0x07, 0x29, 0xBD, 0xD7, 0xEB, 0x4A, 0xE1, 0x90, 0x4B, 0x42, 0x10, 0xC4, 0xED, 0x94,
    0xAD, 0x1F, 0xDD, 0x57, 0x0A, 0xED, 0x29, 0x8E, 0xE4, 0x40, 0xE8, 0xD8, 0xB5, 0x05, 0x75, 0x2C,
    0xCF, 0xB6, 0xA7, 0x0E, 0xE0, 0x2B, 0xB5, 0x89, 0x5E, 0x80, 0x5C, 0x27, 0xD5, 0x17, 0xC2, 0xBC,
    0x08, 0xD0, 0x74, 0x19, 0x2A, 0xCE, 0x99, 0x4F, 0xD1, 0x47, 0x4E, 0xE1, 0x29, 0xAE, 0xBF, 0xC2,
    0xF2, 0xEA, 0xFB, 0xD5, 0x5C, 0x4D, 0xA6, 0xE8, 0x74, 0x03, 0x73, 0xAB, 0x93, 0xCB, 0xE2, 0x2A,
    0x64, 0x75, 0xA1, 0x57, 0x4A, 0x3D, 0x45, 0x65, 0xC7, 0xF9, 0x0E, 0xCF, 0x7E, 0xCE, 0xCE, 0xEE,
    0xA9, 0xA1, 0xD9, 0x29, 0xCC, 0xF3, 0x81, 0xD9, 0x5D, 0xE5, 0xE7, 0xA2, 0x98, 0x9B, 0x7D, 0xE7,
    0xD0, 0xB8, 0xD9, 0xFB, 0x9C, 0xBA, 0xFB, 0xCC, 0x45, 0xCA, 0xD6, 0x93, 0x8B, 0xE4, 0x2C, 0x73,
    0xCC, 0x0A, 0x8B, 0x51, 0xD3, 0x79, 0x5C, 0xF3, 0xE6, 0x4E, 0x2E, 0xD4, 0x21, 0xD4, 0x5B, 0x6B,
    0x6C, 0x41, 0x3B, 0x45, 0xE8, 0xC1, 0xD9, 0x86, 0x75, 0x1F, 0x17, 0x57, 0x82, 0xDC, 0xB3, 0x65,
    0xDF, 0x68, 0xC6, 0x61, 0x38, 0xC9, 0xA6, 0xBC, 0x91, 0xDC, 0x96, 0xD7, 0x93, 0x25, 0x79, 0x2D,
    0xB6, 0x47, 0x7F, 0xE3, 0x08, 0x19, 0x9F, 0x87, 0x8D, 0x62, 0x82, 0xCF, 0x25, 0xD6, 0x74, 0xF2,
    0xDA, 0x0A, 0x08, 0xAE, 0x1F, 0xAC, 0x2A, 0xA1, 0x86, 0xD3, 0x64, 0xA4, 0xB8, 0x5D, 0xBF, 0xC0,
    0xB2, 0x0B, 0x2C, 0x7A, 0xD9, 0xB3, 0xCA, 0xE7, 0x66, 0x1B, 0xCD, 0x61, 0x11, 0x07, 0x8C, 0xC3,
    0xBD, 0xC3, 0x93, 0x3E, 0x27, 0x97, 0xE4, 0xEA, 0xDE, 0x9C, 0x0C, 0x70, 0x63, 0x0F, 0x11, 0xB9,
    0xF9, 0xFF, 0x24, 0xF1, 0x0F, 0x0E, 0xA6, 0xBB, 0x93, 0x97, 0x7E, 0xE3, 0xD3, 0xB7, 0x0A, 0xF5,
    0x5E, 0x5B, 0x5A, 0xFC, 0x0C, 0x98, 0x70, 0x07, 0x7F, 0x2C, 0xFA, 0xCA, 0x5E, 0xC9, 0x3C, 0x52,
    0x3E, 0xFA, 0x7A, 0x63, 0x29, 0xC4, 0xFF, 0x61, 0xF6, 0x7D, 0x12, 0xC5, 0x2C, 0xF9, 0x9C, 0xFE,
    0xA4, 0xEB, 0xCD, 0xE0, 0xDB, 0x0B, 0xC8, 0x8E, 0x2F, 0x91, 0xF3, 0x58, 0x93, 0x7B, 0x46, 0xED,
    0xCC, 0x29, 0xBF, 0xA8, 0x29, 0x7C, 0x52, 0x93, 0xD0, 0x23, 0x08, 0xF7, 0x83, 0xBA, 0x46, 0x08,
    0xE2, 0xFC, 0x89, 0x5D, 0x53, 0xF5, 0xE6, 0xBC, 0x0C, 0xC5, 0xB0, 0xE8, 0x8B, 0xAD, 0x83, 0xE1,
    0xF3, 0xEB, 0xF2, 0x71, 0xF0, 0x50, 0xDA, 0xD8, 0xF9, 0xA6, 0x7C, 0x38, 0xC9, 0x12, 0x91, 0xC6,
    0x3C, 0x1C, 0xD9, 0xE6, 0x9B, 0xC8, 0xE6, 0xAC, 0xBF, 0x45, 0xF2, 0xCB, 0x31, 0xBC, 0x30, 0x3D,
    0x1F, 0xE0, 0x87, 0x15, 0xEB, 0x08, 0xA2, 0xD3, 0xD4, 0x42, 0xF3, 0xE9, 0x67, 0x6F, 0x26, 0x17,
    0x3E, 0x3E, 0xFB, 0x0B, 0x96, 0xA9, 0x30, 0xEF, 0xBF, 0x54, 0xE3, 0x33, 0x99, 0xA7, 0x78, 0x82,
    0x24, 0x0A, 0x82, 0xF0, 0x2E, 0xF0, 0xD5, 0x18, 0xFA, 0x37, 0xF3, 0x65, 0xC8, 0x2D, 0x98, 0xAF,
    0x9F, 0x43, 0x3E, 0xBF, 0x86, 0xC2, 0x21, 0xF9, 0x3A, 0x8E, 0x94, 0xEB, 0xD8, 0xD2, 0x9B, 0xF1,
    0x35, 0x01, 0x87, 0x7D, 0x14, 0xD1, 0x62, 0x8E, 0xBD, 0x02, 0xE4, 0xF5, 0x23, 0xF0, 0xF6, 0x83,
    0x86, 0xB7, 0x1F, 0x3E, 0xB8, 0x83, 0xFD, 0x3B, 0x98, 0xBC, 0xBE, 0x1B, 0xFE, 0x1C, 0x4C, 0x87,
    0xF1, 0x35, 0xA7, 0x1F, 0x4D, 0xA2, 0xC6, 0x85, 0xA8, 0xC0, 0x3D, 0x4F, 0xB7, 0xD8, 0x5B, 0x07,
    0xC6, 0xB6, 0x59, 0x28, 0x9F, 0xBC, 0xD9, 0x67, 0x00, 0x1C, 0x41, 0x38, 0x8E, 0x7E, 0x8F, 0x7A,
    0xC9, 0x20, 0x3F, 0x4A, 0x70, 0xBE, 0xE5, 0x24, 0x3D, 0xB9, 0xDC, 0x6A, 0x15, 0x8A, 0x40, 0xC3,
    0x19, 0xFC, 0xA9, 0x50, 0xC9, 0x64, 0x41, 0x28, 0xA9, 0x2E, 0x89, 0x2C, 0x55, 0xB7, 0x02, 0xFD,
    0x38, 0x83, 0xB7, 0xFD, 0x38, 0x57, 0xDE, 0xB3, 0xFB, 0xCF, 0x12, 0xEF, 0xC5, 0x99, 0x17, 0xB1,
    0x6B, 0xDC, 0x97, 0xC8, 0x90, 0x1C, 0xC3, 0x45, 0x68, 0xCD, 0xE1, 0xC1, 0x56, 0x4A, 0x1F, 0x51,
    0x5B, 0xED, 0xB1, 0xD1, 0x78, 0x9C, 0x4B, 0x89, 0xEB, 0xEC, 0x4E, 0x9C, 0x36, 0x8D, 0x32, 0xDB,
    0x8C, 0x40, 0xD5, 0x11, 0x92, 0x3F, 0xEE, 0x1E, 0xA7, 0x70, 0xB5, 0x7E, 0x8F, 0xC4, 0x76, 0xE7,
    0x24, 0x89, 0x47, 0x72, 0x81, 0x82, 0xFF, 0x86, 0xF0, 0x64, 0x95, 0xE0, 0x03, 0x66, 0xF8, 0x0C,
    0x37, 0x0F, 0x14, 0xEA, 0x08, 0x16, 0x06, 0x8F, 0x0F, 0xA0, 0x6C, 0x11, 0x18, 0xBE, 0x0A, 0x90,
    0xAC, 0x57, 0x20, 0x4A, 0x25, 0xF1, 0x3D, 0xD4, 0xB3, 0x24, 0xF2, 0x93, 0xE4, 0x97, 0x97, 0x30,
    0x3E, 0x23, 0xA7, 0x4E, 0x9A, 0x67, 0x1E, 0xE9, 0x30, 0xC5, 0x8D, 0x7F, 0x9A, 0xB7, 0x99, 0xDD,
    0x4B, 0xE5, 0x66, 0xF6, 0xE1, 0x0E, 0x3A, 0x3F, 0xC7, 0x54, 0x4B, 0xA1, 0x5A, 0x17, 0x99, 0x0A,
    0x9E, 0x25, 0xFE, 0xF3, 0xD8, 0xC3, 0xFA, 0xEC, 0xC2, 0x78, 0x51, 0x10, 0xD1, 0x02, 0xAF, 0x6C,
    0xD9, 0x9E, 0x9E, 0xB0, 0x24, 0x8B, 0xF7, 0xC9, 0xA9, 0x3A, 0xF6, 0xB3, 0x6F, 0x96, 0x28, 0xAE,
    0x2C, 0x37, 0x58, 0x54, 0xBE, 0x00, 0x6E, 0x96, 0xC0, 0x8D, 0xDA, 0x9F, 0x9B, 0x09, 0xFB, 0x34,
    0x69, 0x85, 0xE3, 0xB2, 0x3D, 0x50, 0x44, 0x84, 0xCF, 0x73, 0xA1, 0xA1, 0x3B, 0x1A, 0x4E, 0xD5,
    0x3E, 0x1D, 0x40, 0x52, 0xEC, 0xD9, 0x43, 0x17, 0xC1, 0x55, 0xDA, 0x25, 0x19, 0x6F, 0xA4, 0xBF,
    0xE0, 0xF3, 0x4E, 0x9A, 0xE3, 0x07, 0x3B, 0x88, 0xA2, 0x6E, 0xB6, 0x93, 0x1D, 0xA8, 0x42, 0x26,
    0x79, 0x87, 0x6E, 0xD9, 0x51, 0x70, 0xAD, 0x02, 0x21, 0xED, 0xAE, 0x92, 0xAB, 0x2A, 0x45, 0x74,
    0x32, 0xAA, 0x39, 0x1B, 0xDE, 0x79, 0x7C, 0xD1, 0x62, 0x85, 0x16, 0xAB, 0xC3, 0x58, 0xF8, 0x8B,
    0x1F, 0x2A, 0xBD, 0x82, 0x85, 0x92, 0x0E, 0x3C, 0x38, 0x79, 0x1F, 0xA8, 0x1C, 0x00, 0xF2, 0x1A,
    0xA0, 0x07, 0x4A, 0x6E, 0xF7, 0x80, 0x60, 0x44, 0x01, 0xF9, 0x5D, 0x4E, 0xE7, 0x9B, 0x7C, 0xE3,
    0xE0, 0xEB, 0x3A, 0x36, 0x49, 0x33, 0x33, 0x14, 0xD8, 0x7F, 0x9B, 0xC7, 0x47, 0xFB, 0xAF, 0x2B,
    0x8D, 0xBD, 0xA7, 0x4A, 0xDC, 0x48, 0xA2, 0x64, 0x44, 0x32, 0xF3, 0x6A, 0x6E, 0xF3, 0x7F, 0xAD,
    0x55, 0xB1, 0x6E, 0xD5, 0x30, 0x14, 0x3D, 0x4E, 0x04, 0xEE, 0x23, 0x4F, 0x98, 0x81, 0xA1, 0x42,
    0x80, 0x17, 0x36, 0x40, 0x66, 0x60, 0x60, 0x68, 0xB1, 0x37, 0x06, 0x86, 0xF2, 0x03, 0x48, 0xFD,
    0x01, 0x04, 0x03, 0x03, 0x43, 0x4B, 0x22, 0x18, 0x18, 0xBA, 0x20, 0xF1, 0x23, 0x0C, 0x95, 0xE8,
    0x00, 0x8D, 0x25, 0x3E, 0x80, 0x54, 0xB0, 0x37, 0xAD, 0xF8, 0x80, 0x80, 0x82, 0x78, 0x12, 0x49,
    0xCC, 0xBD, 0x49, 0x80, 0x22, 0xD1, 0x27, 0xD1, 0xD6, 0xBE, 0x47, 0xAD, 0x13, 0xFB, 0xE6, 0xF8,
    0x9E, 0x7B, 0xEF, 0x03, 0x64, 0x06, 0x28, 0x0F, 0x24, 0x84, 0xD8, 0x8B, 0xFC, 0x95, 0x4B, 0x76,
    0x3A, 0x18, 0xF7, 0x14, 0x96, 0xE6, 0x36, 0x4C, 0x46, 0x2B, 0x7F, 0x10, 0xFC, 0x8C, 0xDF, 0xF1,
    0x9E, 0x64, 0x67, 0x06, 0x91, 0xBF, 0x04, 0xF0, 0x08, 0xD8, 0x04, 0x6E, 0x46, 0xED, 0x0D, 0xBD,
    0x52, 0x5A, 0x59, 0x6E, 0xC7, 0x55, 0x17, 0xD7, 0x83, 0xD1, 0xFF, 0x56, 0x56, 0x7A, 0xC5, 0x9F,
    0xEE, 0x68, 0x27, 0xCE, 0x13, 0x96, 0x46, 0x5C, 0x23, 0x5C, 0x09, 0x8D, 0x2D, 0x8C, 0x97, 0xE4,
    0x3B, 0x3E, 0x14, 0x9A, 0xDE, 0xEB, 0xE2, 0x0C, 0x54, 0x7D, 0x0D, 0x32, 0xCC, 0x80, 0xFE, 0xAB,
    0xB1, 0x1F, 0x20, 0x08, 0x51, 0x76, 0x75, 0x6F, 0x1B, 0x7A, 0xAF, 0x83, 0x2A, 0xFF, 0x01, 0x7A,
    0x9E, 0x74, 0x1D, 0xA2, 0x59, 0x70, 0x4C, 0x22, 0x2A, 0x5E, 0x03, 0x3F, 0xE8, 0x98, 0xA5, 0xE5,
    0x04, 0xC3, 0x30, 0x18, 0xD6, 0x96, 0x82, 0x92, 0xD3, 0xBB, 0x5D, 0xC2, 0x87, 0x12, 0xE2, 0x4E,
    0x85, 0x38, 0x66, 0xD4, 0xF4, 0xED, 0x06, 0x13, 0xD1, 0x60, 0x8A, 0x16, 0x17, 0x91, 0x23, 0xC4,
    0xC1, 0xF3, 0x3D, 0x12, 0xA8, 0x75, 0xC8, 0x19, 0xA2, 0x6A, 0xF4, 0x95, 0xB4, 0x58, 0x4B, 0x5D,
    0x63, 0xFC, 0x96, 0xF1, 0x74, 0x83, 0x24, 0xF8, 0xA7, 0xC6, 0x37, 0xBD, 0xBD, 0xB3, 0x9F, 0xCC,
    0x06, 0xB9, 0xC5, 0x2D, 0x0D, 0xF5, 0x16, 0xB2, 0x82, 0xC8, 0xF8, 0x88, 0x0D, 0x48, 0x6A, 0x24,
    0xD5, 0x5C, 0xAB, 0x79, 0xDB, 0xEA, 0xE4, 0xD6, 0x9A, 0xA9, 0x54, 0x11, 0x11, 0x59, 0x51, 0x98,
    0x52, 0x97, 0xEA, 0xAF, 0x69, 0x9B, 0xC8, 0xAD, 0x42, 0xEC, 0x17, 0x74, 0x0F, 0x72, 0x6D, 0xF1,
    0x7B, 0xB0, 0x5A, 0xAC, 0xDA, 0xFF, 0x2B, 0x8C, 0xB3, 0xD2, 0xC9, 0x5D, 0x44, 0x0D, 0x50, 0x8F,
    0xCE, 0xA2, 0x16, 0xA4, 0xEA, 0x3C, 0xB5, 0x57, 0x17, 0x80, 0xE5, 0x27, 0x94, 0x62, 0xD5, 0x20,
    0xD4, 0x38, 0x48, 0xF1, 0xEA, 0x68, 0x8A, 0xF3, 0x7D, 0xC9, 0xD7, 0x9B, 0x51, 0x39, 0x3D, 0x3A,
    0x64, 0xD1, 0xF6, 0xBB, 0xC3, 0xD5, 0x67, 0x7C, 0xFD, 0x9D, 0x01, 0x19, 0x2C, 0xDD, 0x82, 0xC1,
    0xA3, 0x36, 0x10, 0x0D, 0x39, 0xAB, 0xCD, 0xF1, 0xF9, 0x85, 0x6A, 0xC0, 0x81, 0x11, 0x17, 0x94,
    0x35, 0x5F, 0x9A, 0xFE, 0x2F, 0x8F, 0x0B, 0x3B, 0x0F, 0x60, 0xF6, 0xE7, 0x64, 0x69, 0x18, 0x39,
    0xE2, 0x1C, 0xED, 0xDE, 0x42, 0x1F, 0xEE, 0x88, 0x96, 0xB5, 0x1E, 0x79, 0xEA, 0x13, 0x88, 0xA3,
    0xE3, 0x12, 0x60, 0x72, 0x80, 0xA4, 0x58, 0x2A, 0xF4, 0x55, 0x70, 0x64, 0xAE, 0xF7, 0xE8, 0xF0,
    0x12, 0x15, 0xB4, 0xA6, 0xBB, 0xCB, 0xE2, 0x44, 0x63, 0x1A, 0xB9, 0x2B, 0x10, 0x7B, 0xE4, 0x37,
    0xF5, 0x43, 0x85, 0x1E, 0x37, 0xAE, 0xDC, 0x7F, 0x96, 0xC7, 0x6A, 0xEF, 0xE3, 0x7A, 0x82, 0xFA,
    0xB3, 0x64, 0x2C, 0x3F, 0x2D, 0xB1, 0x36, 0xF6, 0xB7, 0x85, 0x63, 0x70, 0x2D, 0x16, 0x29, 0x05,
    0xA8, 0xB1, 0x1A, 0x8A, 0x69, 0x92, 0xFD, 0xB9, 0x7C, 0x4A, 0xFE, 0xEA, 0xDB, 0xC4, 0xE1, 0x32,
    0xD5, 0xE9, 0x59, 0xEA, 0x43, 0x40, 0xF7, 0x0B, 0xD4, 0x91, 0x3A, 0x7A, 0xC2, 0xD3, 0xBA, 0x9C,
    0xB8, 0xE6, 0x48, 0xBE, 0xD1, 0x8E, 0xFC, 0x33, 0x26, 0x91, 0x4B, 0x56, 0x5C, 0xDC, 0xF6, 0x04,
    0xEF, 0xB1, 0x23, 0xD9, 0x2E, 0xEA, 0x87, 0x8D, 0x55, 0xDE, 0xAA, 0x82, 0xCC, 0x68, 0xAF, 0x3A,
    0x66, 0xBD, 0xC4, 0xED, 0xA8, 0xB0, 0xA1, 0xD6, 0xA1, 0x79, 0x2C, 0x66, 0x15, 0xEA, 0x56, 0x16,
    0xA6, 0x1D, 0x4E, 0x71, 0xE1, 0x04, 0x8E, 0x60, 0x36, 0xB4, 0x5E, 0x5E, 0x96, 0xB6, 0xD2, 0x95,
    0x74, 0xAA, 0x89, 0xA1, 0xBA, 0x18, 0xD3, 0x40, 0x48, 0xDF, 0x63, 0x6A, 0x3F, 0x62, 0xAA, 0xBE,
    0x63, 0x2A, 0x03, 0xA6, 0x11, 0x01, 0x8C, 0x14, 0xF7, 0x9D, 0xA1, 0x42, 0x51, 0x88, 0x3C, 0xA8,
    0xB3, 0x72, 0x8A, 0x2F, 0xF5, 0x91, 0x22, 0x46, 0x77, 0x8B, 0x3C, 0xAF, 0xD3, 0x8F, 0x8D, 0x7D,
    0xF6, 0x0F, 0x0B, 0x1F, 0x42, 0xD2, 0x39, 0x7B, 0xB7, 0xD8, 0x8E, 0x8B, 0x2E, 0xF6, 0xD4, 0xCC,
    0xF3, 0xBE, 0x23, 0x52, 0x7F, 0x15, 0x79, 0x49, 0xF9, 0x57, 0x25, 0x64, 0xE5, 0x4C, 0x7B, 0x26,
    0x4B, 0xF4, 0x4A, 0xF6, 0x2F, 0xC8, 0x0A, 0x08, 0x07, 0x3D, 0x5B, 0x5F, 0x6E, 0xAE, 0x77, 0x08,
    0x75, 0xDA, 0x26, 0xE1, 0x65, 0x5A, 0xDA, 0x7A, 0xDD, 0x94, 0xF4, 0xD1, 0x4C, 0x79, 0xE9, 0xA5,
    0x3B, 0x85, 0x3C, 0x84, 0x6C, 0xCB, 0x6E, 0x64, 0x9B, 0xF6, 0x45, 0xF6, 0xC8, 0x3E, 0x77, 0xFD,
    0x8F, 0xC1, 0x3C, 0xA4, 0x19, 0xE2, 0x5F, 0x25, 0x7F, 0x19, 0x43, 0xB3, 0xE5, 0x0A, 0xBD, 0x84,
    0x3E, 0x1D, 0x12, 0xAF, 0xBC, 0xF6, 0x81, 0xDA, 0xFE, 0xC1, 0x49, 0x61, 0x6E, 0x25, 0xD7, 0x75,
    0x19, 0x57, 0xA2, 0x14, 0x5E, 0xE0, 0x27, 0xDB, 0xC0, 0xF0, 0x87, 0xA1, 0x96, 0x81, 0x9F, 0x81,
    0x89, 0x81, 0xB9, 0x81, 0xFF, 0x80, 0xBC, 0x83, 0x0D, 0x83, 0x02, 0x03, 0xF3, 0x01, 0xEE, 0x07,
    0x72, 0x5B, 0x2C, 0x74, 0x04, 0x58, 0x18, 0x18, 0xF4, 0x7B, 0xEB, 0xFF, 0x24, 0xFE, 0xF8, 0xFF,
    0xE1, 0xFF, 0x07, 0x05, 0x0E, 0x0B, 0x19, 0xFD, 0x1F, 0xDC, 0x0F, 0x6A, 0xFE, 0xFE, 0xAD, 0xA9,
    0xB1, 0xFD, 0x5B, 0xBF, 0xC7, 0x8E, 0x61, 0xC7, 0x3E, 0x7E, 0x5D, 0x15, 0xFE, 0x06, 0x8B, 0x05,
    0x06, 0x06, 0x26, 0x1B, 0xE4, 0x0F, 0x30, 0x30, 0xF0, 0xEB, 0xC8, 0xD7, 0xE8, 0x6E, 0xB1, 0x78,
    0x60, 0x00, 0x64, 0x33, 0x30, 0x58, 0xE8, 0xE8, 0xED, 0xE0, 0xFF, 0xC0, 0x7C, 0x40, 0xC7, 0x46,
    0x47, 0xC6, 0x80, 0x01, 0xA1, 0x4F, 0xCF, 0x5E, 0x4E, 0x46, 0x80, 0x87, 0x81, 0x8F, 0x81, 0xFD,
    0x00, 0xF3, 0x81, 0x7A, 0x07, 0x06, 0x06, 0x09, 0x86, 0x0D, 0x0C, 0x5F, 0x18, 0xFE, 0x3B, 0xD4,
    0x31, 0x7C, 0x00, 0x01, 0x98, 0x4D, 0x20, 0x5B, 0x01, 0xB5, 0x59, 0xCD, 0x6F, 0xDD, 0xC6, 0x11,
    0x9F, 0xF7, 0xD6, 0x31, 0xE3, 0x52, 0x16, 0x7D, 0x48, 0x01, 0xB7, 0x96, 0xCD, 0x1C, 0x72, 0xC8,
    0x41, 0x16, 0x8D, 0x34, 0x40, 0x0D, 0x54, 0xD6, 0x32, 0xF1, 0x21, 0x87, 0x1C, 0xDC, 0xFF, 0xC0,
    0x46, 0x90, 0x5B, 0x91, 0x5A, 0x08, 0x7C, 0xF0, 0x41, 0x31, 0x69, 0xEB, 0xE0, 0x02, 0x42, 0x21,
    0x21, 0x05, 0x7A, 0x2A, 0x10, 0xFF, 0x07, 0x79, 0x05, 0x74, 0x50, 0x01, 0xF7, 0x71, 0x25, 0x1D,
    0x74, 0x08, 0x0A, 0xD3, 0x49, 0xDA, 0x1E, 0x52, 0x20, 0xB4, 0xEB, 0x9B, 0x51, 0x64, 0x6D, 0x33,
    0x30, 0x0D, 0x93, 0xDC, 0xFE, 0x66, 0xC9, 0xA7, 0xF7, 0xF4, 0x61, 0xC9, 0x51, 0x10, 0xBD, 0x9D,
    0x11, 0x3F, 0xF6, 0x73, 0x76, 0xE6, 0xB7, 0x33, 0x43, 0x0A, 0xA9, 0xA3, 0xA9, 0x53, 0x12, 0x45,
    0x44, 0x0E, 0xE1, 0x2F, 0x31, 0xA5, 0x97, 0x4D, 0xDB, 0x72, 0xC8, 0xCB, 0x94, 0x77, 0x4F, 0x79,
    0xC6, 0x72, 0x5C, 0x67, 0xE4, 0x65, 0xBF, 0xF0, 0xB2, 0x29, 0x3F, 0x9B, 0x49, 0x4C, 0x2D, 0xD2,
    0xDC, 0x79, 0x54, 0x82, 0x13, 0x0D, 0x1A, 0xEA, 0x69, 0x4F, 0x4F, 0x7A, 0xFA, 0x90, 0xA7, 0x53,
    0xEF, 0x51, 0xEA, 0x19, 0xCB, 0x71, 0xAD, 0xC9, 0xD3, 0x47, 0x3C, 0x3D, 0xEE, 0xEB, 0x29, 0x34,
    0x34, 0xC6, 0x84, 0xBA, 0xF6, 0x40, 0x6E, 0xB8, 0x54, 0x77, 0x88, 0x6A, 0x34, 0xC7, 0x33, 0xAA,
    0xFD, 0x8C, 0x6A, 0x47, 0x53, 0x2D, 0xF2, 0x51, 0xEA, 0xD4, 0xAE, 0xF6, 0x6A, 0x2F, 0xC5, 0x24,
    0x43, 0xA2, 0xD7, 0x50, 0x39, 0x24, 0x27, 0x25, 0x4F, 0x91, 0x24, 0xBA, 0x42, 0xB6, 0x71, 0x11,
    0xA8, 0xAB, 0x81, 0x3A, 0x6B, 0x0B, 0xED, 0x5E, 0x52, 0x32, 0x58, 0x67, 0xF2, 0xC0, 0xCD, 0xAE,
    0x05, 0xE1, 0x29, 0x49, 0x47, 0xFA, 0x22, 0xAE, 0x45, 0x6C, 0x0C, 0x73, 0x94, 0x3E, 0xA1, 0xBF,
    0x71, 0xBC, 0x72, 0x1F, 0xFC, 0x9E, 0xAB, 0xD5, 0xA1, 0x7C, 0x3F, 0xED, 0x8B, 0xB4, 0x16, 0x0A,
    0x73, 0x4B, 0x72, 0x92, 0x86, 0x5C, 0xA3, 0x3A, 0x49, 0x46, 0xBE, 0xD6, 0xAE, 0xCE, 0xDD, 0xAC,
    0xF0, 0x55, 0x50, 0xA1, 0xDB, 0x20, 0x0D, 0xD4, 0x2E, 0xBF, 0xD4, 0x94, 0x9F, 0xE4, 0x4C, 0x76,
    0x8E, 0x7B, 0xD4, 0x82, 0x88, 0x3B, 0xB5, 0x95, 0xC3, 0x8B, 0x4A, 0x35, 0x28, 0x25, 0xCD, 0x15,
    0x84, 0x29, 0x4C, 0x85, 0xBC, 0x6C, 0x2C, 0x68, 0x0C, 0x6B, 0xDB, 0xCE, 0x26, 0x02, 0x13, 0xD3,
    0xF1, 0x60, 0x23, 0xA7, 0x37, 0x82, 0xD5, 0x92, 0xDE, 0x0E, 0x54, 0x45, 0x67, 0x98, 0xF5, 0xC0,
    0x66, 0x52, 0x3C, 0x8B, 0x14, 0xDE, 0x4A, 0xF4, 0x10, 0x1B, 0x8D, 0x5E, 0x02, 0x25, 0xE3, 0xDD,
    0x19, 0x36, 0x2B, 0x0D, 0xFE, 0x19, 0xDD, 0x2C, 0xF8, 0xB6, 0xDA, 0xC2, 0xAE, 0x97, 0x60, 0x37,
    0x73, 0x74, 0x60, 0xE2, 0xC4, 0x18, 0xB5, 0x22, 0x6F, 0x82, 0xE6, 0xD5, 0x87, 0xF2, 0x7A, 0x48,
    0x68, 0x0B, 0x81, 0xA5, 0x84, 0x0A, 0x24, 0x6F, 0x94, 0xDB, 0xA9, 0x13, 0xFD, 0xB9, 0x12, 0xE8,
    0x9B, 0xF7, 0x92, 0x55, 0x90, 0x04, 0x08, 0x3B, 0x4A, 0xA7, 0x1A, 0x6D, 0x82, 0x4C, 0xE2, 0x20,
    0x95, 0x90, 0x4F, 0x14, 0x06, 0x2A, 0xC3, 0x64, 0xB0, 0x83, 0xEB, 0x3C, 0x9F, 0x90, 0x82, 0x0D,
    0x4D, 0xBC, 0x2C, 0x5E, 0x50, 0xA0, 0x6A, 0x50, 0x82, 0xDD, 0x8D, 0x42, 0x48, 0x38, 0xA3, 0x63,
    0x68, 0x7C, 0x9B, 0xAC, 0x3E, 0x93, 0x8F, 0x39, 0x74, 0x54, 0xDB, 0x1F, 0xCB, 0xDF, 0xCF, 0x02,
    0x68, 0x31, 0x66, 0x0D, 0x4A, 0x40, 0xDF, 0x66, 0xC1, 0xFA, 0x62, 0x16, 0x7C, 0x81, 0x67, 0xFF,
    0x01, 0xE5, 0x20, 0xED, 0x35, 0x75, 0x50, 0x97, 0xDB, 0xD0, 0xCA, 0x14, 0x64, 0x0E, 0x3D, 0x5B,
    0xC6, 0xC4, 0x82, 0xA2, 0xED, 0x0B, 0xF3, 0xCA, 0xDC, 0xD0, 0xCF, 0x8E, 0x42, 0xAF, 0xC7, 0xC8,
    0xC9, 0xDF, 0x24, 0x51, 0x9C, 0x81, 0x19, 0xBD, 0x8E, 0x2D, 0x5A, 0x22, 0xEA, 0x63, 0x4C, 0x5E,
    0x7F, 0x40, 0xCD, 0x7A, 0x8E, 0x62, 0x69, 0x7F, 0xC0, 0x74, 0xB0, 0x44, 0x17, 0x5A, 0x6C, 0x9E,
    0x18, 0x8D, 0x75, 0xC5, 0x2C, 0xC7, 0x97, 0x25, 0x88, 0x4A, 0xDB, 0xBE, 0x98, 0xC6, 0x9B, 0x3E,
    0x2D, 0xF1, 0x18, 0x32, 0x6C, 0xC6, 0x4B, 0x30, 0xEE, 0xB7, 0xA0, 0x3B, 0x19, 0x75, 0xDE, 0xD3,
    0x24, 0x04, 0x53, 0x4E, 0x0E, 0x96, 0x71, 0x04, 0x36, 0x3E, 0x06, 0xFD, 0x99, 0xA0, 0x84, 0x8C,
    0x30, 0x0A, 0xD6, 0x0A, 0x63, 0x9E, 0x06, 0x4D, 0x82, 0x8E, 0x83, 0x30, 0x47, 0x03, 0x03, 0xBF,
    0x57, 0xE1, 0x3A, 0x02, 0xC9, 0x70, 0x48, 0xB8, 0xBF, 0x5F, 0xC1, 0xC2, 0x33, 0xD0, 0x83, 0xB6,
    0x4E, 0xD2, 0x52, 0x1F, 0xF7, 0x45, 0xDB, 0xB6, 0xE6, 0x76, 0x71, 0x2B, 0x41, 0x65, 0xAF, 0xEF,
    0x19, 0xDB, 0xC6, 0x5A, 0xE8, 0xCA, 0xC0, 0x48, 0xF7, 0xB2, 0x50, 0xC1, 0x2B, 0xBD, 0x82, 0xE5,
    0xCC, 0x8E, 0x50, 0x0F, 0x84, 0xDE, 0x28, 0x95, 0x71, 0x07, 0xD2, 0xE8, 0xC6, 0x32, 0x16, 0x58,
    0xF2, 0x38, 0xE8, 0x34, 0x35, 0xD2, 0x81, 0x70, 0x7B, 0xA0, 0xD9, 0xAC, 0xA1, 0x33, 0x2F, 0x0F,
    0x64, 0x53, 0x90, 0xC7, 0x1C, 0x7A, 0x49, 0xC2, 0x8A, 0x7C, 0x95, 0x74, 0x61, 0x54, 0x69, 0x22,
    0x20, 0xD7, 0xD9, 0xE4, 0x30, 0xF8, 0xD9, 0x64, 0x82, 0x75, 0xC9, 0xB0, 0x15, 0x57, 0x89, 0x1F,
    0x42, 0x55, 0x13, 0x6C, 0xA3, 0xA3, 0x13, 0x27, 0x23, 0x37, 0x4B, 0x20, 0x65, 0x0F, 0xF5, 0x73,
    0x6E, 0xFB, 0xEE, 0x33, 0x4A, 0xCE, 0x43, 0xBA, 0x74, 0xC2, 0x84, 0xE7, 0x7C, 0x3D, 0x8D, 0xA7,
    0x28, 0x6E, 0xDA, 0x85, 0x09, 0xFB, 0xDC, 0x06, 0xB7, 0xCB, 0x22, 0x2F, 0x44, 0x5E, 0xBA, 0x7A,
    0x3A, 0x50, 0x6E, 0x7D, 0x70, 0xCD, 0x0C, 0x5F, 0xC1, 0x4C, 0xFC, 0xB0, 0xAB, 0x3D, 0xEC, 0x7C,
    0x45, 0x83, 0x3F, 0xBC, 0xAB, 0x83, 0xD4, 0x45, 0x5D, 0x26, 0xBF, 0xED, 0xF3, 0x69, 0x16, 0xAC,
    0x6D, 0x64, 0xC1, 0xC6, 0x7B, 0x59, 0xF0, 0x0F, 0x27, 0x0B, 0x0A, 0x90, 0x06, 0x29, 0x50, 0x7A,
    0x82, 0xFB, 0xAB, 0x4D, 0xE9, 0xC6, 0x0D, 0x42, 0x49, 0x58, 0x5C, 0x0F, 0x1B, 0x92, 0xC2, 0xE2,
    0x54, 0x6B, 0x71, 0xF9, 0x8B, 0x2D, 0x8E, 0x51, 0x88, 0x51, 0x67, 0x94, 0x26, 0x40, 0xC7, 0x41,
    0x6F, 0x80, 0x80, 0x3E, 0x34, 0x0B, 0x02, 0xF6, 0x00, 0x7A, 0x14, 0x90, 0x27, 0x95, 0x3C, 0x4B,
    0xB4, 0x54, 0xBE, 0xEE, 0x18, 0xF2, 0x72, 0x01, 0x56, 0x38, 0x86, 0xC6, 0x4B, 0x37, 0xA1, 0xB1,
    0x72, 0x1C, 0xAC, 0x9E, 0x00, 0x8B, 0xA6, 0xC1, 0xE4, 0x15, 0xB0, 0x40, 0x83, 0xF9, 0x50, 0xB8,
    0x31, 0x0F, 0x63, 0x9F, 0x74, 0x57, 0xA1, 0xC6, 0x1B, 0x17, 0x8C, 0xB2, 0xD2, 0xDB, 0x0D, 0x55,
    0x81, 0x47, 0xBB, 0xA3, 0x2D, 0xE3, 0xAD, 0x29, 0x3B, 0xC9, 0x12, 0xB9, 0x77, 0x0B, 0x0A, 0xC2,
    0x6B, 0x40, 0x7D, 0x49, 0x7D, 0x0A, 0xE2, 0xBA, 0x5D, 0xDB, 0x80, 0xF8, 0x19, 0xBF, 0xE3, 0x3A,
    0x5C, 0x97, 0xDB, 0x40, 0xD3, 0x76, 0x1F, 0xEF, 0x45, 0xBF, 0x76, 0x3C, 0x63, 0x96, 0x82, 0x0D,
    0xB4, 0xAC, 0x21, 0x3A, 0x5B, 0xEA, 0x60, 0xAD, 0x0C, 0x4C, 0x36, 0xAA, 0xFF, 0x97, 0xBF, 0x6E,
    0x4F, 0x28, 0x27, 0x9F, 0xF1, 0x15, 0x4E, 0x28, 0xC8, 0x61, 0xCB, 0x21, 0x90, 0x34, 0x27, 0x94,
    0x3A, 0xE5, 0xE6, 0x53, 0xA8, 0x06, 0xCC, 0x8D, 0x57, 0xE4, 0x42, 0xBC, 0x2C, 0x6F, 0xC6, 0xB3,
    0x72, 0xBE, 0xC5, 0xDC, 0x3D, 0x28, 0x8A, 0x61, 0x5D, 0xBA, 0xC5, 0xAF, 0x53, 0xB0, 0xEB, 0x31,
    0xE0, 0xD7, 0x04, 0xF0, 0xEB, 0x8D, 0x16, 0xBF, 0x2E, 0x41, 0xC3, 0x51, 0xAF, 0x1F, 0x37, 0x98,
    0x12, 0xB4, 0x58, 0x33, 0x36, 0x82, 0x5F, 0x0C, 0xA7, 0x51, 0x06, 0x4C, 0xA9, 0xC3, 0xE0, 0xF3,
    0x6F, 0xB3, 0x28, 0x58, 0xCF, 0x79, 0x29, 0xA3, 0x94, 0xE0, 0x99, 0xFC, 0xFC, 0x8E, 0x76, 0x31,
    0x3F, 0x36, 0x6A, 0xBA, 0xCC, 0xA0, 0xC7, 0xE3, 0x1A, 0xDC, 0x9E, 0x85, 0xED, 0xCD, 0x92, 0x9B,
    0xA7, 0x24, 0xEA, 0x98, 0xB0, 0xFD, 0x78, 0xC7, 0xEE, 0x03, 0xC6, 0x34, 0x8A, 0xBA, 0x8B, 0x30,
    0x11, 0x37, 0xA7, 0x71, 0x51, 0xD2, 0x24, 0xAC, 0xC6, 0xC0, 0x68, 0x0F, 0x88, 0x97, 0x65, 0x7B,
    0x12, 0xCC, 0xB5, 0x34, 0xDD, 0xF4, 0x33, 0xAC, 0xE3, 0xB7, 0xC4, 0x38, 0xE5, 0xF0, 0x5C, 0x7F,
    0xBE, 0x43, 0x60, 0x4B, 0x2C, 0x30, 0xB4, 0x5B, 0x67, 0x6D, 0x4A, 0xBA, 0xAC, 0xFD, 0x8C, 0x0F,
    0x3F, 0x86, 0x1B, 0xFE, 0x53, 0x3F, 0x45, 0x9F, 0x6C, 0xFD, 0x62, 0x84, 0x77, 0x2D, 0xEF, 0x28,
    0x7E, 0xA5, 0xA1, 0x3E, 0x4C, 0x4B, 0xEC, 0x6B, 0x59, 0x7F, 0x8B, 0x55, 0x0A, 0x90, 0xB4, 0xC3,
    0xDF, 0x72, 0x71, 0x0F, 0xFC, 0x30, 0x8C, 0x4C, 0xEC, 0xB4, 0xB0, 0x6A, 0x6E, 0x67, 0x50, 0x66,
    0x15, 0xFC, 0x3B, 0x07, 0x5B, 0xB5, 0xD6, 0x50, 0x6D, 0x61, 0xF6, 0xD9, 0x06, 0xDE, 0xB2, 0x77,
    0x51, 0x5A, 0xEF, 0x62, 0xA4, 0x40, 0xE7, 0xB7, 0x18, 0x42, 0xC2, 0x8D, 0x36, 0x0A, 0x18, 0xC8,
    0x89, 0x8A, 0xAE, 0xFA, 0xE9, 0xB2, 0xD0, 0x97, 0x3A, 0x65, 0x37, 0x46, 0xA9, 0xBA, 0xA6, 0xEA,
    0xAA, 0x0A, 0x17, 0x38, 0x83, 0x7B, 0x9D, 0x12, 0xAF, 0x56, 0xFC, 0x14, 0xD5, 0x8C, 0xEE, 0xD6,
    0x61, 0x94, 0xF9, 0x37, 0x59, 0x2F, 0x3A, 0x05, 0xC3, 0x52, 0xC5, 0xF8, 0xD4, 0x67, 0x96, 0x04,
    0x86, 0xD9, 0x1A, 0x33, 0x7B, 0xAB, 0xF8, 0x85, 0xAD, 0xC2, 0x95, 0x13, 0x6E, 0x66, 0x3B, 0xC0,
    0xC1, 0xA4, 0x9D, 0xA2, 0xD9, 0xFF, 0x01, 0x89, 0x1C, 0xFB, 0x1E, 0x41, 0x17, 0x2A, 0x9C, 0x32,
    0x78, 0x27, 0x34, 0x74, 0x03, 0xE4, 0xE2, 0xE4, 0xF1, 0x57, 0xA3, 0x25, 0xA0, 0xBB, 0x76, 0x2B,
    0x9A, 0x8B, 0xC2, 0xD2, 0x9E, 0x67, 0x58, 0x12, 0x7C, 0xC2, 0x6B, 0x18, 0xC3, 0x96, 0xBF, 0xCB,
    0xAF, 0x83, 0x85, 0x8C, 0x9D, 0xD4, 0x57, 0x96, 0xBB, 0x26, 0xF7, 0x8C, 0x96, 0x75, 0x3C, 0x03,
    0xEF, 0x81, 0xE8, 0x51, 0x4D, 0x0F, 0x17, 0xD3, 0xEF, 0x1C, 0x0D, 0x29, 0x37, 0xA5, 0x2F, 0xF2,
    0x6B, 0xE8, 0xDF, 0xC9, 0xFC, 0x45, 0xC5, 0xAA, 0x6E, 0x62, 0xB9, 0x98, 0xC9, 0x05, 0xCD, 0x65,
    0x31, 0x95, 0x26, 0x94, 0x0B, 0x99, 0x9C, 0xCF, 0xB9, 0x2C, 0xB0, 0x8F, 0xC5, 0x15, 0x6E, 0xC6,
    0x72, 0xDE, 0x96, 0xEB, 0xAC, 0xA0, 0xA3, 0x05, 0x06, 0xE6, 0x19, 0xD3, 0x5D, 0x2F, 0x3A, 0xEB,
    0x05, 0xB8, 0x98, 0x2F, 0xC4, 0xF9, 0xC2, 0x11, 0x85, 0x2B, 0x8A, 0x71, 0x51, 0x9C, 0x16, 0x85,
    0x75, 0x21, 0x5C, 0x5B, 0x70, 0x70, 0x09, 0x8C, 0xE8, 0x5F, 0x54, 0x33, 0x6E, 0xD6, 0x77, 0xD1,
    0x39, 0xEB, 0x86, 0xB1, 0x08, 0x13, 0xA5, 0x3D, 0xDF, 0xA8, 0xC3, 0x75, 0x73, 0x9A, 0x4C, 0x79,
    0xC6, 0x8D, 0xE5, 0x79, 0x76, 0x74, 0xE7, 0x21, 0x0E, 0x5A, 0x07, 0x4E, 0xD0, 0x9F, 0x8A, 0x5B,
    0xA8, 0x07, 0xE7, 0x4E, 0x7C, 0x55, 0xDC, 0x26, 0x6F, 0xBD, 0x90, 0xE4, 0xE1, 0x2D, 0xF9, 0xE7,
    0x8B, 0x20, 0xEC, 0x7B, 0xC6, 0xCB, 0xB0, 0x47, 0xD3, 0x41, 0x3C, 0x0D, 0x87, 0x0E, 0x07, 0x14,
    0x76, 0x2F, 0x88, 0x71, 0x46, 0x5E, 0xF5, 0xD2, 0x39, 0x2F, 0x3D, 0x17, 0xC5, 0xEE, 0x33, 0xF6,
    0x81, 0x64, 0x5C, 0xCB, 0xEB, 0xB5, 0x9C, 0xAF, 0xE5, 0x1F, 0x6B, 0xF9, 0x97, 0x5A, 0xF6, 0x6A,
    0x99, 0xD6, 0xFC, 0x30, 0xAE, 0xF1, 0xB6, 0x43, 0xA1, 0xBB, 0xA6, 0x51, 0x9C, 0xD5, 0xAC, 0x83,
    0xFD, 0xA0, 0xFD, 0x9B, 0x70, 0x1D, 0xBD, 0x02, 0xB7, 0x54, 0xDE, 0x28, 0xE4, 0x3C, 0xC9, 0x05,
    0x92, 0x15, 0xB8, 0x92, 0xF3, 0x10, 0xA3, 0x96, 0x37, 0xE0, 0xA9, 0xB2, 0xCF, 0x49, 0x1F, 0x97,
    0xF4, 0x96, 0x2D, 0xB8, 0xF8, 0xA0, 0xA4, 0x4F, 0x4B, 0x5A, 0x2B, 0xE5, 0x5A, 0x19, 0xBD, 0x5B,
    0xCE, 0x40, 0x82, 0x4A, 0xEA, 0x48, 0x45, 0xD9, 0x6F, 0xD2, 0xEF, 0xB2, 0x5F, 0xEB, 0x3B, 0xD9,
    0xAF, 0x1E, 0x2F, 0x66, 0x6F, 0x3D, 0xBF, 0x90, 0x9D, 0xC1, 0xAA, 0xCE, 0xF4, 0x41, 0x73, 0x80,
    0xAF, 0xB3, 0x7E, 0x86, 0xFD, 0x82, 0xD8, 0x4C, 0x74, 0xA3, 0x82, 0x37, 0xDB, 0x16, 0x53, 0x0E,
    0xAF, 0x6F, 0x00, 0xF2, 0x0D, 0x96, 0xEE, 0x5F, 0x50, 0xD8, 0xE1, 0xBE, 0x18, 0xDD, 0x76, 0xEC,
    0xB9, 0xC6, 0xF3, 0xC3, 0xBC, 0xE7, 0x66, 0xB4, 0xC9, 0xB6, 0x82, 0xB7, 0xCE, 0xC5, 0x34, 0x31,
    0x79, 0x34, 0x5F, 0xCA, 0xEB, 0xD0, 0xC8, 0x41, 0xC1, 0x12, 0xF1, 0x04, 0xCA, 0xF5, 0x79, 0xBC,
    0x4D, 0x05, 0x78, 0x57, 0xBF, 0xC1, 0x88, 0x36, 0x70, 0x19, 0x39, 0x37, 0xA2, 0xBB, 0x69, 0x60,
    0x77, 0x15, 0x6E, 0xD1, 0x72, 0x3D, 0xD9, 0xAB, 0x27, 0x7A, 0xF5, 0xD8, 0xCE, 0x38, 0x03, 0x9E,
    0x90, 0x79, 0x8C, 0xE3, 0xE1, 0x92, 0xAF, 0x96, 0xBC, 0x54, 0xB9, 0x8F, 0x62, 0xE7, 0x71, 0x28,
    0x9E, 0x13, 0x47, 0x27, 0xA5, 0x85, 0x53, 0xC4, 0x5B, 0xD0, 0x80, 0xD7, 0x69, 0x0E, 0xC3, 0xC5,
    0x74, 0x8D, 0x01, 0x06, 0x1E, 0xAF, 0x64, 0xF7, 0x71, 0x48, 0xEE, 0x77, 0x08, 0x1A, 0x16, 0xEF,
    0x17, 0x91, 0x97, 0x55, 0x90, 0x59, 0xBF, 0x86, 0xAB, 0x38, 0x20, 0xBE, 0xE7, 0xE7, 0x12, 0xEF,
    0xB9, 0xDE, 0x68, 0x3B, 0x4B, 0x12, 0xB0, 0xF3, 0xA4, 0x90, 0xAB, 0xA9, 0xFF, 0xDF, 0xD8, 0x7B,
    0x4E, 0xA2, 0x22, 0x88, 0x11, 0x1E, 0x82, 0x13, 0xC5, 0x47, 0x03, 0x35, 0x09, 0xD1, 0xCB, 0x92,
    0x77, 0x7B, 0x97, 0xA8, 0x62, 0x07, 0x35, 0xB0, 0xE8, 0xA8, 0x06, 0x12, 0x99, 0xBA, 0xCA, 0xDC,
    0x81, 0xF4, 0x8A, 0xCD, 0x12, 0x3C, 0x2C, 0xDC, 0xE7, 0x05, 0x0E, 0xC0, 0xB6, 0x78, 0xA5, 0xB9,
    0x53, 0xB3, 0xED, 0xC1, 0x24, 0xC0, 0xAA, 0xFD, 0x99, 0xDD, 0x46, 0x13, 0xA2, 0x5F, 0x28, 0xCF,
    0x02, 0x1C, 0x95, 0x97, 0x65, 0x03, 0xD4, 0x6E, 0x62, 0x94, 0x21, 0x43, 0x34, 0x15, 0xD3, 0x32,
    0x44, 0xDE, 0x6B, 0x89, 0x0C, 0x6C, 0xA8, 0x46, 0xF4, 0x0B, 0xD4, 0x1C, 0x50, 0x07, 0xF7, 0x8E,
    0x81, 0x25, 0x69, 0x0F, 0x76, 0x21, 0x8A, 0x4D, 0x32, 0xE7, 0x0B, 0xF9, 0xD9, 0x57, 0x85, 0x5C,
    0x78, 0x32, 0x24, 0xDC, 0x9B, 0xFA, 0x02, 0x03, 0xC0, 0x50, 0x5F, 0x80, 0x26, 0x00, 0x9A, 0x06,
    0x5F, 0x50, 0x16, 0xA1, 0xCE, 0x21, 0x22, 0x9C, 0xDB, 0x11, 0xAD, 0xF8, 0xEA, 0x18, 0x4C, 0xD7,
    0xC3, 0x29, 0x80, 0xED, 0x49, 0x5F, 0xF7, 0x14, 0xEC, 0x7F, 0x2E, 0x22, 0xBF, 0xC0, 0x68, 0xD1,
    0x52, 0xF4, 0xE9, 0xF7, 0x85, 0xBC, 0xA9, 0xB1, 0x83, 0x59, 0x5F, 0x9A, 0x2C, 0xC1, 0xFF, 0x86,
    0x16, 0x70, 0x3F, 0xAF, 0xAB, 0xE4, 0xEE, 0xF7, 0x05, 0xEA, 0xA5, 0x1D, 0x63, 0xDC, 0xE7, 0xDA,
    0x7B, 0xC8, 0x45, 0x3C, 0xD4, 0x14, 0xE9, 0xCE, 0x37, 0x5A, 0x7C, 0xA1, 0x9D, 0x05, 0xED, 0xBD,
    0x9F, 0xC3, 0xD6, 0x10, 0xFA, 0x7B, 0x31, 0xBB, 0x14, 0x02, 0xDB, 0xDE, 0x23, 0x1B, 0xBB, 0xD1,
    0xBE, 0xB8, 0xE4, 0x3B, 0x4A, 0x5E, 0x48, 0x03, 0xA7, 0x09, 0xEC, 0xE8, 0x65, 0x70, 0xEC, 0xB2,
    0x55, 0x56, 0xB6, 0x10, 0x63, 0x97, 0xFE, 0x19, 0xD0, 0x35, 0x97, 0x5F, 0x42, 0x5E, 0xE5, 0xD6,
    0x52, 0xC8, 0xEB, 0xB9, 0x59, 0xD3, 0x1C, 0x8D, 0x8A, 0x94, 0x67, 0x76, 0x38, 0xA4, 0xD3, 0x44,
    0xE7, 0x88, 0xE0, 0xFE, 0xA5, 0x03, 0x0F, 0x7B, 0x3F, 0x1C, 0x3E, 0x0C, 0x41, 0xCE, 0xAB, 0xA8,
    0x0B, 0x0F, 0x92, 0x47, 0x6C, 0x8C, 0x0B, 0xB3, 0x8A, 0x56, 0x61, 0x84, 0xB1, 0x03, 0x50, 0x28,
    0x3E, 0x39, 0x57, 0x9E, 0x86, 0xDE, 0xE4, 0x51, 0xE5, 0x9A, 0x5B, 0x91, 0x96, 0xF9, 0x27, 0x41,
    0xE6, 0xC3, 0xE9, 0x92, 0xA1, 0xCF, 0x0A, 0x81, 0x19, 0x63, 0x90, 0x2D, 0x3F, 0xA3, 0x97, 0x97,
    0xCB, 0x72, 0x79, 0x99, 0x67, 0xE0, 0xAA, 0x9D, 0xDE, 0x2D, 0xC6, 0x9D, 0x43, 0x80, 0x57, 0x59,
    0x5F, 0x07, 0x3E, 0x9C, 0x53, 0xD3, 0xF6, 0x1F, 0xBF, 0x2D, 0xE7, 0x4A, 0xEC, 0x4D, 0xCC, 0x38,
    0x48, 0x0C, 0x80, 0xC4, 0x40, 0xD8, 0xB2, 0x8F, 0x0D, 0x02, 0xDC, 0x0F, 0x4A, 0x08, 0xEF, 0xD3,
    0x12, 0xFE, 0x1F, 0x50, 0x31, 0x94, 0xCC, 0x80, 0x8C, 0x09, 0xCD, 0x38, 0x78, 0x6B, 0x23, 0x76,
    0x84, 0xEE, 0x64, 0xAD, 0x6B, 0x94, 0x19, 0x38, 0x0C, 0x8C, 0x5A, 0x31, 0x18, 0x9C, 0xAB, 0x96,
    0x45, 0xEC, 0x88, 0x3D, 0xDB, 0xBA, 0x05, 0x95, 0x15, 0xD4, 0x42, 0x2A, 0x93, 0x5C, 0x7E, 0xF5,
    0x02, 0xE0, 0x5B, 0x37, 0xD4, 0x09, 0xD9, 0x6E, 0xF9, 0x04, 0x41, 0x08, 0x36, 0x90, 0xBC, 0xBE,
    0x3D, 0x80, 0xF7, 0x70, 0x57, 0x78, 0xC7, 0x1E, 0x71, 0x32, 0x01, 0x38, 0x75, 0x72, 0xD0, 0xE4,
    0x65, 0x0E, 0x9A, 0x55, 0x8D, 0xE2, 0xC4, 0x83, 0x83, 0x06, 0x08, 0x18, 0xC2, 0x33, 0x4F, 0x3D,
    0xA5, 0xBC, 0xFB, 0xB1, 0xF3, 0x24, 0x14, 0x4F, 0x59, 0xCD, 0x38, 0x4D, 0x56, 0xDA, 0xB3, 0x1C,
    0x08, 0x78, 0x89, 0xAE, 0xAA, 0x16, 0x01, 0x79, 0x88, 0x3D, 0x41, 0x9C, 0xF5, 0x07, 0x5A, 0x34,
    0x49, 0xF4, 0xAA, 0x75, 0xC0, 0x29, 0x09, 0xAD, 0x8A, 0xDA, 0xA4, 0x49, 0x22, 0xD4, 0x32, 0xA8,
    0x97, 0x74, 0x62, 0x7E, 0x46, 0x6C, 0xFB, 0xC9, 0x09, 0x4D, 0x09, 0xB0, 0x88, 0x7D, 0x3B, 0x4B,
    0x7C, 0xED, 0x6B, 0x01, 0xA7, 0xDB, 0xBA, 0x74, 0xD0, 0x2B, 0xD1, 0x3A, 0x72, 0x09, 0xE4, 0xD9,
    0xAB, 0x4F, 0x82, 0x8E, 0xD2, 0x6F, 0xF7, 0x81, 0x0A, 0x0E, 0x60, 0xBC, 0xBB, 0xF0, 0xC7, 0x68,
    0x86, 0x22, 0x28, 0xDB, 0x20, 0xE8, 0x61, 0x18, 0x1A, 0x0D, 0x7A, 0xF8, 0x5D, 0x10, 0x46, 0x08,
    0x7A, 0x4A, 0xDB, 0x86, 0x8D, 0xEE, 0x82, 0x8A, 0x1C, 0xDD, 0x1C, 0x63, 0xC6, 0xB4, 0xC7, 0x18,
    0xBC, 0x97, 0xA0, 0x39, 0xC6, 0x4A, 0x91, 0x45, 0xA9, 0xA7, 0xFD, 0xD4, 0x03, 0x7F, 0x13, 0x2E,
    0xC6, 0xDB, 0x88, 0x2A, 0xCE, 0x00, 0x4E, 0x67, 0xA9, 0x5B, 0xC2, 0x59, 0xA8, 0x52, 0xEB, 0xDD,
    0x5B, 0x2F, 0xDF, 0x66, 0x2B, 0x38, 0xA2, 0xE6, 0xA5, 0x1C, 0xC2, 0x21, 0x26, 0x55, 0xE2, 0xAB,
    0xFF, 0xF1, 0x71, 0xD3, 0x08, 0xFB, 0x39, 0x0B, 0x9B, 0x73, 0x5D, 0xD8, 0xC6, 0xAB, 0xA8, 0x73,
    0x1C, 0xBE, 0x7B, 0x53, 0x4C, 0xEB, 0x8F, 0xEE, 0x59, 0x9A, 0x3C, 0x5F, 0x97, 0x04, 0x82, 0x14,
    0x23, 0x63, 0xB9, 0xC3, 0x8E, 0x76, 0x66, 0x0B, 0xB1, 0x45, 0xDB, 0x7A, 0x69, 0x62, 0x31, 0xB6,
    0xF4, 0x05, 0x5B, 0xD8, 0xDE, 0xC3, 0x2D, 0xF0, 0x69, 0x2D, 0xFD, 0x20, 0xA9, 0x03, 0xB5, 0x23,
    0x75, 0xA0, 0x6D, 0xEA, 0xA0, 0xB0, 0xA9, 0x03, 0xAB, 0x81, 0xE4, 0x5A, 0xEE, 0x8C, 0x70, 0x11,
    0xFF, 0x00, 0x7F, 0x6C, 0x66, 0xE8, 0x8F, 0x91, 0xF5, 0xC7, 0xB8, 0xE9, 0x90, 0xDD, 0x72, 0x4D,
    0x38, 0xE5, 0x67, 0xA7, 0x9D, 0x7C, 0x92, 0x13, 0x14, 0x3C, 0x09, 0x3E, 0xE0, 0x7D, 0x84, 0x75,
    0xFA, 0x98, 0xC8, 0xE7, 0x50, 0x1C, 0x7D, 0xCE, 0x4F, 0x5D, 0x3C, 0x7C, 0xB3, 0x49, 0x5F, 0xF1,
    0x76, 0x41, 0xFF, 0xF1, 0x24, 0x70, 0xD3, 0x29, 0xA1, 0x4F, 0x02, 0xB2, 0x5D, 0x48, 0x3A, 0xC4,
    0x32, 0x5E, 0x13, 0xF9, 0x8C, 0xC8, 0x03, 0x5F, 0x3B, 0x50, 0xCF, 0xAD, 0xF5, 0x0F, 0x98, 0x54,
    0x80, 0x89, 0xD0, 0x28, 0xF5, 0x5E, 0xEC, 0xDA, 0x69, 0x6B, 0xFB, 0x38, 0x6F, 0x8C, 0x1D, 0x95,
    0x0B, 0xDC, 0xFA, 0x29, 0x5A, 0x49, 0x60, 0x4D, 0xCB, 0x09, 0xD4, 0x68, 0x39, 0xE1, 0x40, 0x28,
    0x11, 0x6C, 0x73, 0x2E, 0xB5, 0xB9, 0x92, 0x04, 0xA1, 0x0F, 0x25, 0x0E, 0xDB, 0x22, 0x44, 0x00,
    0xC6, 0x81, 0x77, 0x97, 0xD5, 0xFD, 0x1D, 0x76, 0x36, 0x74, 0x12, 0x37, 0x39, 0xED, 0xB5, 0xAC,
    0x87, 0x08, 0xA9, 0x57, 0xBB, 0x19, 0xFB, 0x4B, 0x54, 0xC3, 0x86, 0x79, 0x37, 0x6B, 0x84, 0xC6,
    0x35, 0xCE, 0xAE, 0x1A, 0xF8, 0x54, 0x7B, 0xA9, 0x30, 0xEB, 0xF9, 0x41, 0x33, 0x11, 0x64, 0x55,
    0x7B, 0x93, 0x26, 0xF7, 0x75, 0x2A, 0x6D, 0xA2, 0x5E, 0xD8, 0xD2, 0xA1, 0xE8, 0x81, 0x93, 0x4F,
    0xF9, 0x6A, 0x5C, 0x86, 0xBB, 0x24, 0x0B, 0x22, 0x1A, 0x97, 0x6A, 0xDC, 0xCB, 0xA7, 0x10, 0x8A,
    0x70, 0xE2, 0xD0, 0x09, 0xD9, 0x05, 0x02, 0xAA, 0xD6, 0xBB, 0xFB, 0x89, 0x8C, 0xED, 0x77, 0x15,
    0x1C, 0x03, 0x44, 0x38, 0x74, 0xCB, 0xC2, 0xEE, 0x34, 0xC7, 0xCE, 0xA2, 0xC9, 0x19, 0xC8, 0xF4,
    0x24, 0x74, 0x64, 0x92, 0x3C, 0xB6, 0x6E, 0x58, 0xB6, 0x28, 0x81, 0xB6, 0x75, 0xDC, 0xC6, 0xEF,
    0xDB, 0x29, 0x6C, 0x72, 0x0D, 0xEC, 0x4D, 0xCE, 0x06, 0x9B, 0x0E, 0xE5, 0x3D, 0xE5, 0x3C, 0x8E,
    0xC5, 0xD3, 0xB0, 0xDB, 0xF8, 0x94, 0x3B, 0xBD, 0x4F, 0x3B, 0xCE, 0xA9, 0xE1, 0x38, 0xF9, 0x60,
    0x1C, 0xEC, 0x21, 0x94, 0xC6, 0xB3, 0x19, 0x92, 0xAD, 0x63, 0xBD, 0x78, 0x9C, 0x27, 0x76, 0x1C,
    0x9C, 0xF9, 0xA8, 0xB1, 0x7D, 0x9C, 0x97, 0xC9, 0x45, 0x20, 0x4C, 0x42, 0xB4, 0x84, 0xF0, 0x89,
    0x26, 0xE1, 0x83, 0x72, 0x2E, 0x62, 0xE8, 0x48, 0xB6, 0xCE, 0xE4, 0xEE, 0x9E, 0x6A, 0xB8, 0xE9,
    0xA9, 0x5A, 0x11, 0x42, 0x6B, 0x00, 0x04, 0xAF, 0x1E, 0x20, 0x01, 0xD1, 0x64, 0x6C, 0x1A, 0x0B,
    0x98, 0x6D, 0xE9, 0xCC, 0x7E, 0x1E, 0x6C, 0x63, 0x0A, 0xAE, 0x55, 0x94, 0x2E, 0x0B, 0x8C, 0xBF,
    0x09, 0x6C, 0x21, 0x1C, 0xE5, 0xC1, 0xBF, 0xD8, 0xE4, 0x22, 0x6A, 0x4C, 0xD3, 0x92, 0x9D, 0xD4,
    0xE5, 0xAF, 0xA3, 0x25, 0x48, 0x87, 0x07, 0x3D, 0x11, 0xB6, 0x67, 0x76, 0x5B, 0x10, 0x8E, 0xEE,
    0x79, 0x66, 0xEF, 0xF5, 0x89, 0x03, 0xBA, 0xCA, 0x67, 0x97, 0xB7, 0xCE, 0x1D, 0xBB, 0xEF, 0x30,
    0x0E, 0x75, 0x1B, 0xAC, 0x1B, 0xFE, 0xFD, 0x14, 0x89, 0x58, 0x3A, 0x04, 0x2F, 0x93, 0x66, 0x38,
    0x6F, 0x65, 0xD9, 0x24, 0xC3, 0xA9, 0x5B, 0xD3, 0x68, 0x78, 0x2B, 0xF6, 0x82, 0x53, 0x77, 0x97,
    0xF0, 0x16, 0x87, 0x56, 0xFC, 0xE2, 0x1F, 0x64, 0x17, 0x1E, 0xC3, 0xE4, 0x4A, 0xEA, 0xA6, 0x2B,
    0xC4, 0x1F, 0x6B, 0x36, 0xFF, 0x3C, 0x5E, 0x40, 0x68, 0xE3, 0x61, 0x92, 0x98, 0xCD, 0xEF, 0x40,
    0x1B, 0x78, 0x0F, 0xA9, 0x74, 0xCE, 0x23, 0x7A, 0x63, 0x38, 0x86, 0xAC, 0x0E, 0x03, 0x3A, 0x8F,
    0x02, 0xBA, 0x4E, 0xB6, 0xD9, 0xFA, 0x43, 0xAF, 0x90, 0xF4, 0xD5, 0x69, 0x2F, 0xDE, 0x9C, 0xF8,
    0x3E, 0x39, 0x88, 0xF7, 0x39, 0x53, 0x6F, 0x20, 0x15, 0xD3, 0xCD, 0x68, 0x3C, 0xE9, 0x64, 0x34,
    0x91, 0x40, 0xFE, 0x67, 0x93, 0x23, 0x2C, 0xCC, 0x71, 0x9C, 0x03, 0x09, 0x7A, 0x52, 0xB8, 0xEA,
    0x1A, 0xF3, 0x33, 0x40, 0x09, 0x04, 0x75, 0x04, 0xEC, 0xD6, 0x18, 0x98, 0xFE, 0xA8, 0x93, 0x74,
    0xB4, 0x81, 0x46, 0xEA, 0x13, 0x45, 0x94, 0xCE, 0x45, 0xF7, 0x0B, 0xEE, 0xF9, 0x43, 0x00, 0x35,
    0x6A, 0x57, 0x81, 0xAF, 0xE8, 0x36, 0xA8, 0xC4, 0xB1, 0x52, 0xF9, 0xC5, 0xC9, 0xE4, 0x29, 0xCE,
    0xD3, 0x18, 0xEE, 0x3E, 0x21, 0x68, 0x00, 0xDE, 0xAF, 0x74, 0x4D, 0x36, 0xFC, 0x24, 0xC8, 0xF9,
    0xF7, 0x49, 0x9B, 0x82, 0x4F, 0xB9, 0x98, 0xD4, 0xBB, 0x67, 0x2F, 0x38, 0x05, 0x7F, 0xC4, 0xCB,
    0x4E, 0xF9, 0x19, 0x7F, 0x12, 0xC4, 0x26, 0x05, 0x9E, 0x9A, 0x72, 0x87, 0x0B, 0x3C, 0x0C, 0x15,
    0xB8, 0x18, 0xCF, 0x78, 0x29, 0xE2, 0x45, 0xAC, 0x64, 0x67, 0x20, 0xEB, 0x00, 0x0D, 0xCE, 0x01,
    0xC0, 0xA7, 0xE1, 0x93, 0x4D, 0xDB, 0x40, 0x54, 0xDA, 0x4F, 0x21, 0x1C, 0x8A, 0xC1, 0x15, 0x1D,
    0x10, 0xF5, 0xD9, 0xD5, 0x41, 0x1D, 0xFF, 0xCB, 0xDC, 0x6A, 0x1C, 0xDC, 0x6F, 0x20, 0xDC, 0x15,
    0x69, 0x03, 0x4F, 0x1B, 0x32, 0x18, 0x57, 0x03, 0xDF, 0xFB, 0x5E, 0x2A, 0x2F, 0x72, 0x6A, 0x82,
    0xCF, 0x75, 0x4B, 0xC3, 0x84, 0xFA, 0x81, 0x12, 0xF4, 0xD8, 0x37, 0x61, 0xC3, 0xBB, 0x7D, 0x5D,
    0x50, 0xFE, 0x86, 0xEA, 0x3C, 0x2A, 0x69, 0xF3, 0x5B, 0x2A, 0xFB, 0x78, 0x07, 0x4C, 0x50, 0x37,
    0xD1, 0x91, 0xBF, 0x19, 0x1D, 0xED, 0x97, 0x81, 0xF8, 0xC9, 0x7C, 0x42, 0x8E, 0xE3, 0x2D, 0x6D,
    0x8A, 0x11, 0xC8, 0x9E, 0xFD, 0x32, 0xF4, 0xB3, 0x57, 0xDB, 0xAF, 0x66, 0xAF, 0xD9, 0xAC, 0x73,
    0xD7, 0x7E, 0x35, 0xDB, 0x96, 0x75, 0x3E, 0xB5, 0x35, 0xEB, 0xCC, 0x1F, 0x06, 0x87, 0xE2, 0x64,
    0xF7, 0xFC, 0x56, 0x10, 0x5B, 0xF7, 0xFC, 0x9E, 0x4D, 0x50, 0x58, 0xF7, 0x9C, 0x1A, 0xF7, 0xFC,
    0x4A, 0xEB, 0x9E, 0xFF, 0x4D, 0x6D, 0x26, 0x28, 0x0E, 0x01, 0x09, 0x3F, 0x82, 0xCD, 0x00, 0x89,
    0x8F, 0x02, 0x40, 0x27, 0x96, 0x46, 0x3E, 0xE3, 0xFD, 0x88, 0x34, 0xF8, 0xA1, 0x63, 0x34, 0x75,
    0x95, 0xCE, 0x69, 0xBA, 0x9A, 0xD1, 0x5F, 0x95, 0x85, 0x37, 0xFA, 0xA1, 0xD9, 0x93, 0xFF, 0x03,
    0xAD, 0x98, 0xBF, 0x73, 0xDC, 0x44, 0x14, 0xC7, 0xBF, 0x92, 0x2E, 0x91, 0x1D, 0xC5, 0xC8, 0x85,
    0x0B, 0x33, 0x93, 0xA0, 0x14, 0x14, 0x0C, 0x98, 0x93, 0x0B, 0x17, 0x29, 0x6C, 0x6B, 0x67, 0x52,
    0x30, 0x40, 0x11, 0x7A, 0x0A, 0xF8, 0x0B, 0xC0, 0x05, 0x45, 0x8A, 0x10, 0xEF, 0x04, 0x66, 0x52,
    0x50, 0x90, 0x81, 0x86, 0x2E, 0xFE, 0x13, 0x5C, 0xA4, 0x48, 0x91, 0x58, 0x1B, 0xA0, 0xA3, 0x40,
    0x26, 0x19, 0x28, 0x28, 0x22, 0x03, 0x33, 0x14, 0x34, 0xC2, 0x1C, 0x70, 0x33, 0xD1, 0x9D, 0xF8,
    0xBE, 0x95, 0x2E, 0xB9, 0x04, 0x3B, 0x91, 0xEF, 0x2C, 0xEB, 0xD9, 0xB2, 0x4E, 0xB7, 0xEF, 0xB3,
    0x6F, 0xDF, 0xAF, 0x15, 0x62, 0x00, 0x89, 0xA2, 0x68, 0x20, 0x35, 0xC0, 0x03, 0xCA, 0xF7, 0x39,
    0x9C, 0x6B, 0x05, 0xBC, 0x0B, 0x14, 0xAF, 0x07, 0xBF, 0x2A, 0x71, 0xCA, 0x29, 0x71, 0x1A, 0x03,
    0x9C, 0x41, 0x8A, 0xCA, 0xAB, 0xF8, 0x10, 0x8F, 0xCB, 0x94, 0x41, 0x23, 0xBC, 0x0E, 0x06, 0xB8,
    0xBC, 0xA9, 0xCA, 0xD8, 0xDC, 0x8A, 0x0D, 0x62, 0x13, 0x54, 0xE6, 0x4A, 0x6C, 0x4A, 0x7B, 0xDE,
    0x49, 0xEE, 0xC7, 0x9F, 0xE5, 0x7C, 0xCC, 0xE1, 0x90, 0x3D, 0x39, 0x79, 0x81, 0x05, 0xD1, 0x4D,
    0x89, 0xA9, 0xDF, 0xA7, 0xCC, 0xA1, 0x3E, 0x0E, 0x63, 0x7A, 0x43, 0x78, 0x1E, 0x33, 0xCD, 0xFE,
    0x9F, 0xC9, 0xCD, 0xE1, 0xF5, 0x2D, 0xCC, 0x4D, 0xE0, 0xBA, 0x8C, 0xD5, 0x02, 0xCA, 0x01, 0x66,
    0x43, 0x85, 0x24, 0xA2, 0xB6, 0x6F, 0xE1, 0xFC, 0xC3, 0x31, 0xF4, 0xC6, 0x94, 0x24, 0xFC, 0x7E,
    0xCF, 0xDD, 0xCF, 0x83, 0x81, 0x8A, 0x3F, 0xC4, 0x8A, 0xA7, 0x9E, 0x47, 0x92, 0x91, 0x64, 0x9E,
    0x0F, 0xAD, 0xCE, 0x02, 0x5D, 0xDA, 0xA4, 0x43, 0x6D, 0xC7, 0x41, 0xB2, 0x0D, 0x88, 0x3D, 0x6E,
    0xE3, 0x64, 0x85, 0xE0, 0x67, 0x33, 0x87, 0x4C, 0xAC, 0x54, 0xA9, 0x28, 0xCA, 0x92, 0xA0, 0xE8,
    0x06, 0x05, 0xA2, 0xC2, 0xFF, 0xA3, 0x88, 0xDE, 0x2E, 0xF8, 0x2F, 0xCF, 0xF8, 0xF3, 0xBF, 0x83,
    0x5F, 0xFA, 0xB5, 0xCA, 0xF3, 0x94, 0x75, 0xB1, 0x0D, 0xB5, 0xBE, 0x44, 0xAD, 0xF7, 0x8F, 0xC9,
    0x36, 0x76, 0x99, 0x5C, 0xC1, 0x72, 0x8B, 0x4B, 0x41, 0x99, 0xB5, 0xB3, 0x10, 0xD7, 0xAA, 0xB0,
    0x7A, 0xFB, 0xCB, 0xF0, 0x2A, 0x8E, 0xEF, 0x73, 0xA8, 0xD9, 0x86, 0xA1, 0xCA, 0xE0, 0x65, 0xDB,
    0xD3, 0x72, 0x85, 0x57, 0x55, 0x52, 0x61, 0xF9, 0x63, 0xB8, 0x05, 0x82, 0x12, 0xE4, 0x7A, 0xD9,
    0x55, 0xAD, 0x7C, 0x68, 0xB6, 0xF1, 0xE4, 0xB6, 0xAB, 0x36, 0x41, 0x74, 0x41, 0xC3, 0xB3, 0x58,
    0x2F, 0x74, 0xB1, 0xE8, 0xB7, 0x74, 0xED, 0x27, 0xE3, 0x0D, 0x24, 0xF1, 0xE8, 0x00, 0x62, 0x39,
    0x3A, 0xBC, 0x73, 0x7A, 0x1E, 0xAE, 0xC9, 0xAD, 0xF5, 0xF0, 0xEA, 0x94, 0xB1, 0xD7, 0x01, 0xD6,
    0x80, 0xDB, 0x74, 0x7B, 0xCC, 0xEF, 0x62, 0x29, 0x40, 0x38, 0x84, 0xDB, 0x6B, 0x87, 0xF9, 0x0E,
    0xE4, 0x6B, 0x40, 0x49, 0x79, 0x9D, 0xCC, 0x6F, 0xCD, 0xC3, 0xC9, 0x9E, 0xE2, 0x8A, 0xC6, 0xB8,
    0x36, 0xC9, 0x74, 0x83, 0xF2, 0x5D, 0x6D, 0x49, 0xF7, 0x30, 0x4B, 0x5E, 0xA8, 0xCC, 0x09, 0x3B,
    0xD3, 0xD0, 0xC0, 0x33, 0x47, 0xE7, 0x42, 0xCD, 0x63, 0xF5, 0x32, 0x3F, 0x39, 0xE1, 0x3C, 0xBC,
    0x6F, 0xB7, 0xE0, 0x08, 0xD7, 0x07, 0x6A, 0x2A, 0x7B, 0x39, 0x4A, 0x56, 0x53, 0x40, 0x3E, 0x9A,
    0x8C, 0x6B, 0x2C, 0x0A, 0x1C, 0xC8, 0x3A, 0x6E, 0xD5, 0xF6, 0xEA, 0xAA, 0x69, 0xA3, 0x20, 0xAA,
    0x54, 0x32, 0x94, 0x21, 0x56, 0x3C, 0xBC, 0x1E, 0x22, 0x1C, 0xC0, 0xFD, 0xAD, 0x15, 0x97, 0x70,
    0x78, 0xA6, 0xA5, 0x7D, 0x26, 0x88, 0x80, 0x45, 0x0F, 0x67, 0x6B, 0x9E, 0xDE, 0x24, 0xEE, 0x9F,
    0x56, 0x65, 0x98, 0xAF, 0xDA, 0xB3, 0x13, 0xE6, 0x46, 0xCE, 0xCA, 0x34, 0x17, 0x39, 0xC2, 0xFC,
    0xC5, 0x30, 0xEF, 0x46, 0xF9, 0x7A, 0x5A, 0x0D, 0x1B, 0x7F, 0x23, 0x36, 0xCF, 0x08, 0xEE, 0x00,
    0xD1, 0x7B, 0x26, 0x09, 0xB2, 0x9D, 0xA0, 0x18, 0x06, 0x45, 0x55, 0x15, 0x7C, 0x22, 0xA5, 0x1B,
    0x66, 0x5B, 0x51, 0x95, 0x9D, 0xB4, 0x8F, 0xB3, 0xDE, 0x70, 0x06, 0x3C, 0xA5, 0xF0, 0x2C, 0xD8,
    0x64, 0xC0, 0xAA, 0x46, 0xA7, 0x91, 0xCC, 0x70, 0x88, 0xEA, 0xBD, 0x43, 0x54, 0x17, 0x36, 0x12,
    0x56, 0x81, 0x4B, 0xB0, 0xA1, 0x01, 0x77, 0x28, 0x00, 0xEB, 0x41, 0xBE, 0x33, 0xD2, 0x5E, 0x35,
    0x00, 0xDB, 0x51, 0x65, 0x1A, 0x80, 0xFE, 0x32, 0xFD, 0xC1, 0x7B, 0x37, 0xAB, 0xCD, 0xFE, 0xB4,
    0xC6, 0xBD, 0x67, 0x69, 0xF4, 0x8C, 0x09, 0xF7, 0xCD, 0x5C, 0xAA, 0x17, 0xE3, 0x96, 0xEA, 0x58,
    0x32, 0x67, 0xA4, 0x64, 0xC6, 0xB6, 0x2C, 0xB8, 0xBF, 0x33, 0xE5, 0xA9, 0x8D, 0x91, 0x62, 0x0E,
    0xBF, 0xDA, 0x48, 0x87, 0x62, 0x40, 0xBD, 0xA0, 0xFA, 0xFA, 0xAF, 0xFC, 0xCF, 0xA5, 0x21, 0x02,
    0xA5, 0x0B, 0x42, 0xA0, 0xA6, 0x38, 0x2F, 0xE9, 0xA3, 0xD7, 0xF3, 0x06, 0x2A, 0xBC, 0xA1, 0xCE,
    0x38, 0xA6, 0x0D, 0x09, 0x4B, 0xE6, 0xE5, 0x19, 0xAC, 0x27, 0x52, 0x2F, 0xDD, 0x7F, 0xF2, 0x1A,
    0xA2, 0xFD, 0xDC, 0xCF, 0x5B, 0xBF, 0xEA, 0xAE, 0xE1, 0x44, 0xA5, 0xBC, 0xDF, 0x33, 0x1F, 0x76,
    0x0E, 0xA9, 0xF6, 0x7F, 0x2A, 0xC2, 0xAB, 0xFD, 0xF8, 0x6A, 0x99, 0x54, 0x25, 0x1D, 0x37, 0x11,
    0xFF, 0x42, 0xD4, 0x5B, 0xF2, 0xAB, 0xC2, 0x49, 0xB5, 0x9D, 0x27, 0xD7, 0x66, 0x13, 0x33, 0x91,
    0x54, 0xC6, 0xF4, 0x3E, 0x0D, 0x70, 0x54, 0xD5, 0x32, 0x86, 0xC3, 0x38, 0xB0, 0xDD, 0x4A, 0xEF,
    0x92, 0x57, 0x6E, 0x85, 0x37, 0x70, 0xC6, 0xD5, 0x07, 0xCE, 0xBA, 0xF1, 0xB7, 0xDD, 0xE2, 0xF1,
    0x72, 0xDF, 0x5A, 0x76, 0xB9, 0xDC, 0x8C, 0x7E, 0x3A, 0xD8, 0xA6, 0x62, 0xC8, 0x79, 0x7A, 0xFB,
    0xA8, 0x00, 0x7E, 0x26, 0x9F, 0x2E, 0x76, 0x25, 0xFB, 0x7A, 0x03, 0x84, 0x37, 0xF4, 0x62, 0x3B,
    0xB3, 0x8B, 0xD2, 0x44, 0xE2, 0x99, 0xC5, 0xAE, 0xAE, 0x75, 0x13, 0x07, 0x97, 0x78, 0x78, 0x5F,
    0xB4, 0x07, 0x17, 0x71, 0xDA, 0x56, 0xDB, 0xA3, 0x86, 0x1B, 0x7D, 0x4C, 0x85, 0xC6, 0x35, 0x27,
    0x79, 0xBB, 0x2A, 0xE3, 0x2C, 0x36, 0x07, 0xFC, 0x64, 0x74, 0x4B, 0x74, 0xA9, 0x32, 0x50, 0x21,
    0x66, 0x64, 0xEE, 0x2A, 0xD5, 0x9B, 0x3A, 0x79, 0xE2, 0xA7, 0x2A, 0x9E, 0xFD, 0xFD, 0x50, 0x45,
    0x26, 0x32, 0xFC, 0xCD, 0x71, 0xA2, 0xBA, 0x2A, 0xE9, 0xEA, 0xA9, 0x31, 0x64, 0x14, 0x99, 0x60,
    0xA2, 0xE4, 0x19, 0x27, 0xBD, 0x8E, 0x60, 0xB7, 0xCF, 0x5C, 0x70, 0x85, 0x06, 0x4B, 0xB0, 0x83,
    0x58, 0x0F, 0xE9, 0x4C, 0xE3, 0x22, 0xF7, 0xE4, 0x33, 0x79, 0x46, 0x9E, 0x95, 0xEF, 0x3C, 0x59,
    0xF2, 0x94, 0xBD, 0x16, 0xBB, 0x5C, 0x34, 0x89, 0x9F, 0xEF, 0x78, 0xC5, 0xD0, 0xEB, 0xD5, 0x27,
    0xAF, 0x13, 0xBF, 0xE0, 0xFD, 0x03, 0xD2, 0x90, 0x1C, 0x6B, 0x4D, 0x63, 0x12, 0x70, 0x8C, 0x17,
    0xEA, 0x5B, 0xD3, 0x30, 0xFD, 0x3F, 0x35, 0x3D, 0x1F, 0xCA, 0x6F, 0x72, 0x85, 0xB4, 0xD7, 0x9F,
    0xC2, 0x79, 0xC8, 0x56, 0x4D, 0x17, 0xB6, 0x68, 0x4D, 0x4E, 0xF2, 0x38, 0x57, 0x04, 0xCC, 0x15,
    0xAE, 0x69, 0x43, 0xB2, 0x02, 0x9B, 0x2C, 0xB0, 0x66, 0xDB, 0x6B, 0x5D, 0x93, 0xB0, 0x41, 0x9E,
    0x86, 0x64, 0x3C, 0x81, 0xB8, 0x92, 0x40, 0x6C, 0x0F, 0x9A, 0x2A, 0xFF, 0x5E, 0x11, 0xDE, 0xED,
    0xC7, 0x9A, 0xD9, 0x63, 0x50, 0x9F, 0xBC, 0x0E, 0xEF, 0x96, 0xBC, 0x3F, 0x4A, 0x20, 0xA3, 0xF6,
    0x7A, 0x46, 0xDA, 0x6B, 0x2E, 0x4D, 0xFA, 0xD5, 0x31, 0xD9, 0x86, 0xC7, 0x58, 0x5E, 0x19, 0x6C,
    0x05, 0x8F, 0xF2, 0x4A, 0x1B, 0x07, 0x72, 0xA4, 0xA9, 0x90, 0x02, 0xDE, 0x19, 0xB5, 0xB4, 0xFA,
    0x11, 0x17, 0xA6, 0xE3, 0xF2, 0x77, 0x99, 0x14, 0xF4, 0xCC, 0xE3, 0x74, 0xA3, 0x66, 0x9C, 0x76,
    0x5C, 0x27, 0x9A, 0x46, 0x42, 0xDA, 0xEB, 0x87, 0xF9, 0xD4, 0xAB, 0x76, 0x50, 0x74, 0x8D, 0xE7,
    0xA1, 0xD9, 0x47, 0x79, 0xE8, 0x48, 0xF1, 0xE6, 0x48, 0x6B, 0x2D, 0xA5, 0xED, 0x1E, 0x4B, 0xC6,
    0x05, 0x83, 0xF3, 0xEC, 0x39, 0xD9, 0x98, 0x21, 0xFD, 0x41, 0x07, 0xBB, 0x15, 0x09, 0x36, 0x85,
    0x52, 0xB5, 0xA6, 0x3C, 0x51, 0x27, 0x4A, 0xEB, 0x62, 0xC5, 0x06, 0x14, 0x55, 0xAC, 0xB8, 0x83,
    0xE5, 0xE8, 0x62, 0xFE, 0x0C, 0x28, 0x81, 0x90, 0xFE, 0xC8, 0x29, 0x3D, 0x8D, 0x4D, 0x12, 0x04,
    0xD3, 0x51, 0xB0, 0xD2, 0x07, 0x1A, 0x41, 0x26, 0x7B, 0x22, 0xDC, 0xDC, 0xC0, 0x7C, 0x2B, 0x0A,
    0x29, 0xCC, 0xE2, 0xDC, 0xD6, 0x83, 0xFC, 0x37, 0x34, 0x42, 0xB6, 0xE0, 0x9D, 0xC0, 0x48, 0xAF,
    0xE1, 0xA4, 0x5F, 0xAA, 0x60, 0x77, 0x78, 0xF4, 0x55, 0x53, 0x76, 0x97, 0x50, 0xE7, 0x9F, 0x5B,
    0x1B, 0x78, 0xA7, 0x1D, 0x89, 0xF8, 0x74, 0x7F, 0x85, 0x3E, 0xFD, 0x97, 0xF6, 0x82, 0x7B, 0x96,
    0x60, 0xAA, 0x55, 0x91, 0x01, 0x74, 0xB8, 0xAF, 0xE7, 0xD2, 0xAD, 0xD3, 0x31, 0x11, 0x3E, 0x6A,
    0x81, 0xE0, 0xC8, 0xE6, 0x92, 0x6A, 0xC5, 0x00, 0xBE, 0x18, 0xA0, 0x51, 0x7D, 0x0C, 0x6E, 0x2B,
    0x2D, 0x4B, 0x6B, 0x43, 0x8C, 0x79, 0x2B, 0x1B, 0x9B, 0x22, 0x36, 0x3E, 0x55, 0x79, 0x87, 0x4A,
    0xC4, 0xCF, 0xA3, 0xEC, 0x14, 0xC2, 0xDE, 0x12, 0x9B, 0x74, 0x66, 0x94, 0x11, 0x44, 0x28, 0xCA,
    0x4D, 0x2D, 0x61, 0xDD, 0xE8, 0xBF, 0xB6, 0x7B, 0x07, 0xF1, 0x2F, 0x43, 0x96, 0xFA, 0x43, 0x64,
    0x7F, 0x88, 0x60, 0xC8, 0x3D, 0x4E, 0xBF, 0xD2, 0x07, 0x4E, 0xC4, 0x41, 0xBD, 0x34, 0x5E, 0x6E,
    0x13, 0x18, 0xDC, 0xFA, 0xB1, 0x89, 0x39, 0x3B, 0x8D, 0x8E, 0x48, 0xD7, 0xE3, 0x0A, 0x67, 0x07,
    0x13, 0xB0, 0x4A, 0x9E, 0x2E, 0x17, 0x18, 0x54, 0xAB, 0x6C, 0x98, 0x56, 0x71, 0x12, 0x4B, 0xBC,
    0xF1, 0x32, 0xB9, 0xB2, 0xC9, 0xEC, 0xD7, 0x6C, 0xC2, 0x45, 0xC4, 0x1F, 0x42, 0xC2, 0x2D, 0x51,
    0x3A, 0xD2, 0x7A, 0xB9, 0xFA, 0xB5, 0xBD, 0x1D, 0x44, 0x7B, 0x87, 0x70, 0xED, 0x3D, 0xE2, 0x52,
    0x12, 0x04, 0xF4, 0x8F, 0x05, 0xFA, 0x49, 0xCD, 0x85, 0xEB, 0xD3, 0x71, 0xA9, 0xBA, 0xBC, 0xCB,
    0xEB, 0x22, 0xD9, 0xC6, 0x63, 0x8D, 0x4C, 0xC2, 0xE6, 0x1C, 0x91, 0x0B, 0xCD, 0x3A, 0xFA, 0x39,
    0xB7, 0x41, 0xDC, 0x04, 0x38, 0xC2, 0x36, 0xAD, 0xCD, 0x78, 0xBC, 0xD4, 0xAC, 0xA5, 0xFF, 0x0D,
    0x73, 0xDA, 0x27, 0xEC, 0x7B, 0x27, 0xE0, 0x4A, 0xDE, 0x9C, 0x47, 0x5A, 0xAE, 0xE2, 0x8B, 0xDE,
    0xF1, 0x30, 0xDD, 0x3C, 0xC7, 0xCD, 0xE9, 0x06, 0x9C, 0x07, 0x7F, 0x19, 0xF7, 0x82, 0xE4, 0x16,
    0xCB, 0xA4, 0x12, 0xFA, 0x56, 0x4B, 0x26, 0x71, 0xAE, 0xD5, 0x46, 0x5E, 0x21, 0x4B, 0x7E, 0x7C,
    0x31, 0xE9, 0x35, 0xB9, 0x6E, 0x02, 0x3B, 0x3D, 0x1D, 0x9B, 0x92, 0xCD, 0x3F, 0x6E, 0xEE, 0x05,
    0xB2, 0xC3, 0xDC, 0x1A, 0xC5, 0xA6, 0x49, 0xB2, 0xB3, 0xDC, 0xC3, 0x2D, 0x21, 0x2C, 0x56, 0xE0,
    0xF7, 0x37, 0xE0, 0x95, 0x19, 0x9C, 0xA1, 0xB6, 0x5B, 0x06, 0xE9, 0xDA, 0x9F, 0x14, 0x65, 0x5F,
    0x5A, 0xD0, 0xD7, 0x58, 0x4D, 0xA4, 0x45, 0xE1, 0xA0, 0x61, 0xF3, 0x82, 0xA7, 0xDA, 0xE7, 0x68,
    0xEF, 0x47, 0xE6, 0x7A, 0x98, 0x99, 0xE0, 0x4F, 0xED, 0xEF, 0x2B, 0xEF, 0x21, 0x47, 0xB2, 0x09,
    0xFF, 0xB6, 0xBC, 0x26, 0xC1, 0x32, 0x70, 0x0E, 0x97, 0x35, 0x18, 0x94, 0x57, 0xA6, 0x50, 0x3E,
    0x6A, 0x8B, 0x37, 0x1B, 0x59, 0x6B, 0x74, 0x6F, 0x37, 0xBA, 0xF7, 0xAC, 0xEE, 0x7F, 0x65, 0x17,
    0x24, 0xBA, 0xCB, 0x31, 0xDD, 0x9F, 0x64, 0xD5, 0xB5, 0xE2, 0x0A, 0x23, 0x57, 0x92, 0x95, 0x4D,
    0xE6, 0x92, 0xAC, 0xA4, 0xE2, 0xAA, 0xE9, 0x0C, 0xB2, 0x60, 0x31, 0x62, 0x6B, 0x8D, 0xB3, 0x63,
    0x06, 0xD1, 0x79, 0x64, 0xB2, 0xF0, 0x6B, 0x13, 0xDC, 0xD3, 0xFE, 0xAF, 0xCF, 0x31, 0x88, 0x3D,
    0xD6, 0xE7, 0x84, 0x02, 0xF8, 0xB1, 0x87, 0xD1, 0x31, 0x8D, 0xA1, 0x7A, 0xE7, 0xDC, 0x72, 0xC3,
    0x7B, 0x2F, 0xB7, 0x2F, 0x5B, 0x8F, 0xBC, 0x44, 0xFF, 0x01, 0x6D, 0x52, 0x31, 0x6E, 0xDB, 0x30,
    0x14, 0x7D, 0x12, 0x1B, 0x68, 0x50, 0x62, 0x7B, 0xE8, 0xD6, 0xC0, 0xCE, 0x90, 0x21, 0x43, 0x1C,
    0x2D, 0x2E, 0xA0, 0x25, 0x10, 0x8B, 0x0E, 0x5D, 0x73, 0x83, 0x5C, 0xC1, 0x43, 0x03, 0x08, 0x05,
    0x13, 0x11, 0xE8, 0x51, 0x7A, 0x81, 0x8C, 0x0D, 0x20, 0x57, 0x04, 0x7C, 0x01, 0x1D, 0x41, 0x5B,
    0x86, 0x2C, 0x1C, 0x34, 0x68, 0x08, 0xA1, 0x3E, 0xD2, 0xAD, 0xE1, 0x00, 0xF9, 0x7C, 0x9F, 0x9F,
    0x7A, 0x9F, 0xFC, 0xFC, 0x4F, 0xD2, 0x68, 0xC6, 0xDD, 0x18, 0xED, 0x01, 0xDE, 0xDA, 0xD1, 0x72,
    0xDD, 0x3B, 0xA7, 0xE6, 0x28, 0x64, 0x21, 0x53, 0x99, 0xE2, 0x12, 0x67, 0x78, 0xFB, 0x74, 0x14,
    0x63, 0x39, 0xC1, 0x3A, 0x47, 0x5F, 0xC2, 0x55, 0x1E, 0x6A, 0x89, 0xF9, 0x54, 0x16, 0xB7, 0x86,
    0x48, 0xBF, 0x99, 0x54, 0xC8, 0xCB, 0x39, 0xCE, 0x3E, 0xBE, 0x4F, 0x46, 0x16, 0xA2, 0xF7, 0x88,
    0x2D, 0x36, 0xCF, 0x1D, 0x7B, 0xE0, 0xBC, 0x27, 0xF7, 0x29, 0x32, 0xE8, 0x02, 0xDA, 0x77, 0x8E,
    0x3C, 0x3D, 0x77, 0xF1, 0x01, 0xF9, 0xF4, 0xBF, 0xCE, 0x9E, 0xC4, 0x0D, 0xAE, 0xD0, 0x68, 0x2F,
    0xB7, 0xD1, 0x57, 0x28, 0xE3, 0xD6, 0x25, 0x96, 0x50, 0xA2, 0x2D, 0x13, 0x5D, 0xBA, 0x69, 0xEB,
    0xBC, 0xAB, 0xC4, 0xA8, 0x4C, 0x63, 0x06, 0xE0, 0x47, 0xEB, 0x2F, 0x83, 0xB5, 0xB1, 0x09, 0x41,
    0xC8, 0x10, 0x26, 0x08, 0xE1, 0xF4, 0x1E, 0xF7, 0xB8, 0xEB, 0x3E, 0xBF, 0x7C, 0x79, 0x91, 0x99,
    0xFE, 0xB5, 0xFD, 0xB9, 0xD5, 0x88, 0xB6, 0x34, 0x03, 0xF1, 0x35, 0x84, 0x54, 0x84, 0x70, 0x2A,
    0x42, 0x2E, 0x8F, 0xFC, 0x4E, 0x3C, 0x62, 0xC3, 0x01, 0x5F, 0x91, 0x26, 0xC3, 0x5C, 0x3B, 0xF7,
    0x3A, 0xD8, 0x4E, 0xD6, 0x0F, 0xAE, 0x71, 0xCD, 0xEB, 0x66, 0xA8, 0xED, 0xEF, 0xEE, 0x51, 0xB2,
    0x87, 0xA8, 0x4D, 0x74, 0x86, 0x1A, 0x03, 0x7D, 0x81, 0x44, 0x53, 0x3A, 0xED, 0x3B, 0x96, 0x98,
    0x6A, 0x41, 0x6D, 0xA2, 0x9B, 0xCA, 0x6B, 0xAC, 0xC9, 0x51, 0xC6, 0x4E, 0x0F, 0x51, 0x8B, 0x8E,
    0x20, 0x93, 0xC7, 0x66, 0x15, 0xF9, 0xAB, 0xD4, 0x81, 0xDA, 0x70, 0xE5, 0x0A, 0xEC, 0x84, 0x29,
    0x6A, 0x4A, 0x81, 0x63, 0x20, 0xF7, 0x04, 0xCB, 0x0B, 0x8D, 0x04, 0x38, 0x01, 0x2E, 0xE0, 0xEB,
    0xCE, 0x02, 0xF0, 0x07, 0x05, 0x46, 0x53, 0xB5, 0x95, 0xCD, 0x2C, 0x4A, 0x0E, 0x05, 0xF5, 0x69,
    0x48, 0x87, 0xAA, 0x2F, 0xFA, 0x4A, 0x17, 0x7A, 0xC5, 0xFF, 0x60, 0x86, 0x0F, 0xA1, 0xB4, 0x62,
    0x77, 0x0E, 0x55, 0x70, 0x85, 0x6B, 0x9C, 0x93, 0x1B, 0xD9, 0xFD, 0xD8, 0x16, 0x32, 0xB3, 0x85,
    0x44, 0x4E, 0xAF, 0x33, 0x64, 0x43, 0x86, 0xCA, 0x2E, 0xF0, 0x20, 0x27, 0x6C, 0xE7, 0xE4, 0xDF,
    0xD9, 0x05, 0xCF, 0x15, 0xD2, 0xBB, 0x5F, 0x23, 0x92, 0x50, 0x49, 0x0F, 0x97, 0x38, 0xB8, 0xA8,
    0x61, 0x4E, 0xE8, 0x1A, 0xA9, 0xA9, 0xA3, 0x51, 0x2B, 0x31, 0x22, 0xE7, 0x87, 0x5D, 0xC5, 0xBB,
    0x97, 0x49, 0x8D, 0xDC, 0x67, 0x83, 0xFB, 0xF5, 0x5F, 0x65, 0x90, 0x31, 0x4E, 0xC3, 0x40, 0x10,
    0x45, 0xBF, 0xE3, 0xC2, 0x85, 0x15, 0x99, 0x0E, 0x0A, 0x88, 0x0B, 0xCA, 0x98, 0x2C, 0x05, 0x1D,
    0x46, 0xF6, 0x11, 0x22, 0x71, 0x10, 0x1A, 0x2C, 0x21, 0x51, 0x64, 0x8E, 0xC0, 0x51, 0x52, 0x18,
    0x29, 0x05, 0xC4, 0x7B, 0x84, 0x3D, 0xC2, 0x1E, 0xE1, 0x5B, 0x4A, 0x24, 0xA4, 0x44, 0x32, 0x63,
    0x07, 0x12, 0x24, 0xFE, 0x68, 0xB5, 0xC5, 0xDF, 0xD9, 0xF9, 0x6F, 0x52, 0xA9, 0x5C, 0xCD, 0x83,
    0x6A, 0x56, 0x2E, 0x95, 0x2C, 0xC7, 0xC5, 0x47, 0xAE, 0x5A, 0x07, 0x12, 0xDA, 0xD8, 0x5E, 0xDB,
    0x47, 0xDB, 0xED, 0xBB, 0x7D, 0x68, 0x43, 0x5B, 0xF8, 0x82, 0xB7, 0x28, 0x24, 0x20, 0xE8, 0xD9,
    0x7A, 0x23, 0x23, 0x97, 0x96, 0x39, 0x56, 0xD8, 0xB9, 0xFE, 0x87, 0x67, 0xA6, 0xD2, 0xB1, 0x23,
    0xDC, 0xC8, 0x86, 0x65, 0x82, 0x09, 0x72, 0x18, 0xFB, 0xCE, 0x2D, 0x1B, 0x31, 0xF6, 0xD5, 0xB7,
    0xDC, 0xFA, 0x42, 0x8C, 0xD4, 0x9E, 0xDC, 0x70, 0xC6, 0xC0, 0x87, 0x76, 0x86, 0x33, 0x04, 0x88,
    0x91, 0xE1, 0x05, 0x35, 0x36, 0xA0, 0x9E, 0x95, 0xF6, 0x5D, 0x21, 0x02, 0xD4, 0xCB, 0x90, 0x20,
    0x2E, 0xFB, 0xE9, 0x7D, 0x45, 0x12, 0xAB, 0x73, 0xA7, 0xCE, 0x67, 0xFD, 0x90, 0xFF, 0x6A, 0xDD,
    0x18, 0xE5, 0xF8, 0xC1, 0x60, 0xA5, 0xB9, 0x80, 0x27, 0xED, 0x3B, 0xD5, 0xC2, 0x4D, 0x6D, 0xCB,
    0x39, 0x03, 0x17, 0x95, 0x97, 0x68, 0x34, 0xE3, 0xD4, 0x2D, 0x95, 0x22, 0xB1, 0x01, 0xDF, 0xD8,
    0xF2, 0x7E, 0x60, 0x3D, 0xFF, 0xCB, 0xCA, 0xC2, 0x1F, 0x58, 0xE7, 0xEA, 0x17, 0x4A, 0x3A, 0xD1,
    0x84, 0x3B, 0x39, 0x6C, 0xCA, 0xFC, 0xE7, 0xD4, 0xF9, 0x5F, 0x7E, 0x21, 0xC6, 0xB5, 0xFA, 0x42,
    0x6F, 0x59, 0x1E, 0x29, 0x23, 0xB9, 0x41, 0xAF, 0x48, 0xB3, 0xE7, 0x4A, 0xC9, 0xA1, 0xEA, 0x23,
    0x25, 0x94, 0x68, 0xAC, 0x3B, 0x88, 0xE4, 0x44, 0x39, 0x1E, 0x28, 0xBF, 0x01, 0x55, 0x92, 0x3D,
    0x6F, 0x13, 0x41, 0x10, 0x86, 0xE7, 0xCE, 0xC8, 0x57, 0x9C, 0xD1, 0xFA, 0x07, 0x40, 0x4E, 0x42,
    0x29, 0x28, 0x82, 0xD6, 0x4A, 0x5A, 0xCB, 0xBB, 0x52, 0xF8, 0x0B, 0xA6, 0xA6, 0xA2, 0x0D, 0x12,
    0x2D, 0xE1, 0x56, 0x4A, 0x45, 0x97, 0x16, 0x1A, 0x22, 0xFE, 0x40, 0x1A, 0x0A, 0x0A, 0xE4, 0x1B,
    0x42, 0x61, 0x24, 0x5B, 0xE2, 0x10, 0x25, 0x12, 0x3A, 0x9C, 0xC2, 0x05, 0x12, 0x8C, 0xCC, 0x01,
    0x2E, 0xD6, 0xB7, 0xCC, 0xD8, 0x09, 0x1F, 0xD2, 0xA3, 0xD5, 0x7B, 0xBB, 0xEF, 0xCE, 0xC7, 0xCE,
    0xC1, 0x0D, 0x0B, 0x7B, 0x00, 0x85, 0x4B, 0xBF, 0x53, 0xF6, 0xFC, 0xC5, 0xE0, 0xDE, 0xFD, 0xC3,
    0x3B, 0xE0, 0x9F, 0xAC, 0x79, 0x0B, 0x7E, 0x2A, 0x3C, 0x9A, 0x5A, 0xF3, 0x98, 0xB2, 0xA7, 0x55,
    0x12, 0x5C, 0xFC, 0x12, 0xE2, 0x6D, 0x88, 0xBB, 0x90, 0xAC, 0x40, 0x4F, 0x6C, 0x9E, 0x60, 0xDE,
    0x72, 0x39, 0x40, 0x08, 0xA0, 0x1D, 0x28, 0x27, 0x22, 0xB3, 0x70, 0x8B, 0x43, 0x06, 0x0C, 0x1B,
    0xDE, 0xF9, 0xEC, 0x7D, 0xA9, 0x2A, 0x54, 0x84, 0x57, 0x89, 0x77, 0xFC, 0xB5, 0x15, 0x76, 0x5E,
    0xAD, 0xC5, 0x00, 0x3B, 0x06, 0x3B, 0x1A, 0xAF, 0x67, 0x6C, 0xC3, 0xD0, 0x58, 0x3D, 0x2E, 0xF5,
    0x19, 0xF1, 0x11, 0xAF, 0xC2, 0x9B, 0x4A, 0x4F, 0x50, 0x37, 0xA0, 0xF1, 0x2F, 0xC1, 0x43, 0xC0,
    0xC2, 0xC0, 0x8E, 0xD9, 0xBA, 0x69, 0xB6, 0xB6, 0x8D, 0xEE, 0x69, 0xD3, 0x93, 0x2B, 0xF9, 0x49,
    0xF6, 0xAD, 0x52, 0x1F, 0x4B, 0x35, 0x46, 0x26, 0x3D, 0xC2, 0x64, 0xDF, 0x41, 0x64, 0xA1, 0x40,
    0xC8, 0xD0, 0x04, 0xB9, 0xAC, 0x02, 0x9A, 0x03, 0x1C, 0x69, 0x6C, 0x2E, 0x29, 0xB4, 0x1C, 0x65,
    0xCF, 0x70, 0x38, 0xB4, 0x5C, 0x2D, 0x14, 0xC7, 0xC9, 0x4F, 0x52, 0x58, 0x4B, 0xA2, 0x00, 0xC6,
    0x5D, 0x20, 0x5A, 0xC2, 0xDC, 0x55, 0x65, 0x9D, 0xFC, 0x20, 0x7E, 0x31, 0xCE, 0xB8, 0xF0, 0x0F,
    0x17, 0xBE, 0x3F, 0xF3, 0x3B, 0xB1, 0xB7, 0x71, 0xC0, 0x78, 0x05, 0xCA, 0xDB, 0xF6, 0x85, 0x80,
    0xB6, 0x07, 0x11, 0x9C, 0x31, 0x58, 0x7E, 0xDE, 0x94, 0x6A, 0x13, 0x42, 0x4A, 0x7E, 0xBD, 0xD6,
    0xE9, 0x82, 0xD2, 0xE0, 0x52, 0x82, 0x3F, 0x98, 0x00, 0xD0, 0x11, 0xA2, 0xE2, 0x38, 0xFD, 0x4C,
    0xDA, 0x91, 0x01, 0x2A, 0x00, 0x9A, 0x0D, 0xC6, 0x37, 0x2D, 0x1A, 0xB5, 0x28, 0x6F, 0x91, 0xD9,
    0x27, 0xF5, 0x81, 0xA2, 0xE0, 0x36, 0xFE, 0xA4, 0x81, 0x41, 0x56, 0x1E, 0xA6, 0xD4, 0xE7, 0x28,
    0xAA, 0x0A, 0x81, 0xA2, 0x06, 0x5A, 0x35, 0xD7, 0x4C, 0xB9, 0x85, 0x3C, 0xAA, 0xE4, 0xCA, 0x51,
    0xC9, 0x36, 0xE8, 0x09, 0x71, 0x03, 0xEA, 0x17, 0x9A, 0xBD, 0x32, 0xDF, 0x75, 0xA3, 0x1E, 0x34,
    0xFF, 0xC0, 0x9F, 0xF9, 0x2E, 0x9A, 0x07, 0x25, 0x1B, 0xE2, 0x4B, 0x3F, 0x74, 0x39, 0x94, 0x07,
    0x99, 0x32, 0xB7, 0xDC, 0xDF, 0x10, 0x73, 0x77, 0xFF, 0xD3, 0x5E, 0x37, 0xBB, 0xB6, 0x21, 0x67,
    0x1F, 0xAE, 0x6C, 0xC1, 0x15, 0xF2, 0x51, 0x0D, 0xA7, 0x25, 0x1C, 0x54, 0x52, 0x12, 0xDB, 0x22,
    0x8E, 0xB4, 0x02, 0x19, 0xCA, 0x15, 0x19, 0xA5, 0xCC, 0xF4, 0x35, 0xE8, 0xAF, 0xA0, 0x6B, 0x79,
    0xE1, 0xF0, 0x89, 0x45, 0x57, 0x23, 0x05, 0xA4, 0x53, 0x3C, 0xD1, 0x88, 0x7A, 0x6C, 0xB3, 0x25,
    0xC7, 0x74, 0x7A, 0xC2, 0xFF, 0xC3, 0x52, 0x9F, 0x79, 0x81, 0xC5, 0x98, 0x64, 0x73, 0xF3, 0x4B,
    0x04, 0x14, 0x51, 0x4A, 0x40, 0x98, 0x0A, 0x79, 0x70, 0xEA, 0x0B, 0xA9, 0xF3, 0x7A, 0x0D, 0xA9,
    0x79, 0xA9, 0xB8, 0xEB, 0x79, 0xA5, 0x66, 0x4B, 0x35, 0xF3, 0xC2, 0xF9, 0x52, 0xCD, 0x29, 0x6F,
    0xEC, 0xC6, 0x0F, 0xB7, 0xE1, 0x37, 0x4D, 0x8E, 0x31, 0x6E, 0xC2, 0x40, 0x10, 0x45, 0xBF, 0xBC,
    0xA0, 0x14, 0x96, 0x3C, 0x1C, 0xC0, 0x0A, 0x17, 0xB0, 0x44, 0xE3, 0xC2, 0x48, 0x10, 0xFB, 0x08,
    0x29, 0x52, 0x71, 0x06, 0x8A, 0x94, 0x29, 0x12, 0xC1, 0x65, 0xA8, 0xA1, 0xA4, 0x40, 0x62, 0x4F,
    0x80, 0x38, 0x41, 0xC4, 0x11, 0xB6, 0xA0, 0xA0, 0xB0, 0x98, 0xFC, 0xB1, 0x21, 0xDA, 0x95, 0x66,
    0x35, 0xB3, 0xFB, 0xFE, 0xFF, 0x83, 0x01, 0x80, 0x82, 0xB5, 0x03, 0x92, 0x33, 0x20, 0x0D, 0x30,
    0xE7, 0x78, 0x3F, 0xAA, 0x57, 0x55, 0xFF, 0x83, 0x61, 0x23, 0x9C, 0x9D, 0xE7, 0x15, 0x1E, 0xAC,
    0x69, 0xEC, 0x8C, 0x09, 0xAF, 0xF8, 0xA1, 0x01, 0xEE, 0xF4, 0x0D, 0xC9, 0x04, 0x33, 0x71, 0xEB,
    0x4F, 0xC1, 0x19, 0x26, 0x7A, 0xD6, 0x38, 0x2A, 0xD3, 0x66, 0xB1, 0xE1, 0xAC, 0x33, 0x52, 0xDD,
    0x76, 0x79, 0x1F, 0xFF, 0x1B, 0x84, 0x9E, 0x49, 0xE3, 0xBC, 0xA8, 0x22, 0x7F, 0xCB, 0x2B, 0xE4,
    0xA5, 0x49, 0xB3, 0x57, 0xB8, 0xDF, 0xAF, 0x6E, 0x1F, 0xD4, 0xBE, 0xE7, 0xD8, 0xE9, 0xB5, 0xDE,
    0xBC, 0xD7, 0x6B, 0x4C, 0x2F, 0xA8, 0xF6, 0x28, 0x27, 0x28, 0xC5, 0x97, 0x2E, 0x94, 0x68, 0x47,
    0xA8, 0x1E, 0xCE, 0xDA, 0x0E, 0x17, 0x2D, 0x92, 0x16, 0xE9, 0x12, 0x6F, 0x05, 0x6E, 0xB9, 0x0B,
    0xB9, 0xF8, 0xBC, 0x46, 0x5E, 0x3C, 0xE3, 0xD9, 0x70, 0xE4, 0x23, 0xBF, 0x08, 0x18, 0x46, 0x38,
    0x31, 0x21, 0xE5, 0x3D, 0x43, 0x43, 0xDA, 0x9A, 0x39, 0x23, 0x26, 0xA8, 0x0E, 0x16, 0xCA, 0x68,
    0x5B, 0x40, 0xAF, 0x04, 0xFE, 0x00, 0x95, 0x51, 0x31, 0x4E, 0xC3, 0x30, 0x14, 0x7D, 0x89, 0x01,
    0x4B, 0xA4, 0xC8, 0x1C, 0xA0, 0x6A, 0x96, 0x0E, 0x0C, 0xA0, 0x74, 0xC8, 0x90, 0x21, 0xAD, 0x73,
    0x83, 0x72, 0x11, 0xA4, 0x8E, 0x1D, 0x2A, 0x9A, 0x23, 0x70, 0x04, 0x8E, 0xC0, 0xD0, 0xA1, 0x03,
    0x60, 0x1F, 0x21, 0x47, 0xC8, 0x11, 0x0C, 0x2A, 0xC2, 0x83, 0x83, 0xF9, 0x4E, 0x5B, 0xA9, 0x12,
    0x13, 0xC9, 0x7B, 0xCA, 0xF7, 0xD7, 0xB7, 0xDE, 0x7F, 0x2F, 0x00, 0x62, 0x5F, 0x47, 0xDC, 0x20,
    0xB2, 0x80, 0x8B, 0x94, 0x4B, 0xBE, 0x5C, 0xAA, 0x9D, 0xAC, 0x9C, 0x8C, 0xAC, 0x8C, 0x8D, 0x64,
    0x6D, 0x3A, 0xAF, 0x79, 0x87, 0xF0, 0x6C, 0x69, 0x04, 0x51, 0x07, 0xA6, 0xC0, 0x24, 0x2E, 0x65,
    0x3D, 0x48, 0xF5, 0x50, 0x34, 0x63, 0xD1, 0x4E, 0xB8, 0x59, 0xB0, 0xDD, 0x33, 0xB3, 0xDE, 0x3B,
    0x82, 0x22, 0x8A, 0xB6, 0x7F, 0x9B, 0x7F, 0xB2, 0x55, 0x4E, 0xB9, 0x20, 0xA6, 0xBC, 0x95, 0xD8,
    0x66, 0xD5, 0x52, 0xE8, 0x82, 0xB7, 0x60, 0xB4, 0x22, 0xF5, 0x5F, 0x01, 0x2A, 0xE8, 0xA8, 0x91,
    0x54, 0xB7, 0x23, 0x94, 0x25, 0x4A, 0x15, 0x04, 0xC3, 0x1D, 0xE9, 0x9D, 0xEC, 0x0B, 0x20, 0x07,
    0x5E, 0x10, 0x69, 0xB0, 0x0A, 0x09, 0x30, 0x00, 0x8A, 0xD0, 0x40, 0x03, 0x56, 0x83, 0x03, 0x57,
    0xC0, 0x0D, 0xB0, 0x00, 0xAE, 0xA9, 0x50, 0x6A, 0x0A, 0x9C, 0xD3, 0x25, 0x41, 0x1C, 0x11, 0xEF,
    0x88, 0xE5, 0x09, 0x97, 0xC4, 0x0D, 0xD6, 0xDA, 0x60, 0xDD, 0x18, 0xB0, 0xB6, 0x45, 0xF4, 0xD1,
    0x00, 0x9F, 0x1A, 0xF8, 0x26, 0xAE, 0x6B, 0x92, 0xAE, 0x88, 0x34, 0x96, 0xF6, 0xEA, 0xE0, 0x36,
    0xDE, 0x09, 0x3F, 0xEF, 0x66, 0xDE, 0x8A, 0x3C, 0x35, 0x7C, 0x92, 0x58, 0x96, 0xF3, 0x9F, 0x64,
    0xF6, 0xE0, 0x3B, 0x61, 0xA5, 0x8D, 0xEB, 0x8B, 0xA7, 0x10, 0xB9, 0xE8, 0x30, 0x2D, 0xB1, 0xEA,
    0x7D, 0xB9, 0x13, 0xBC, 0xF5, 0x78, 0x3C, 0x62, 0x76, 0xC4, 0x14, 0xC5, 0x0A, 0xEF, 0x06, 0x59,
    0x1D, 0x54, 0x44, 0x93, 0x4B, 0xBB, 0x29, 0xA4, 0x19, 0x27, 0xFA, 0xCF, 0xF1, 0x3E, 0xB8, 0x8D,
    0xEB, 0x43, 0x26, 0xC3, 0x10, 0xC9, 0xBE, 0xDE, 0x27, 0x10, 0xFC, 0x52, 0x00, 0x7C, 0x47, 0xEB,
    0x27, 0x36, 0xEC, 0x9F, 0xD1, 0x38, 0xFD, 0xE7, 0x8C, 0xDC, 0x19, 0x0A, 0x66, 0x3F, 0x4C, 0x41,
    0xA5, 0x87, 0x3E, 0x7D, 0x2C, 0x19, 0x83, 0x0A, 0xF3, 0x69, 0x85, 0xB3, 0x63, 0xE0, 0xBF, 0x8D,
    0x90, 0xBB, 0x0D, 0xC2, 0x40, 0x10, 0x44, 0x07, 0x5D, 0xE0, 0x80, 0xE0, 0x4A, 0x70, 0x03, 0x48,
    0x6E, 0x00, 0xE9, 0x02, 0x9A, 0xA0, 0x19, 0x84, 0xB9, 0x0A, 0x68, 0x08, 0x9F, 0x33, 0x02, 0x02,
    0x87, 0x04, 0x24, 0xDB, 0x81, 0x2D, 0x4C, 0x60, 0xC4, 0x9A, 0x65, 0x20, 0x07, 0x2C, 0xED, 0x6C,
    0x36, 0x1F, 0x3D, 0x54, 0xD9, 0xE0, 0xDA, 0x74, 0xF0, 0xA7, 0x71, 0x99, 0x97, 0x8A, 0x62, 0xA7,
    0x30, 0xB3, 0x3A, 0x44, 0xC5, 0x6F, 0x8D, 0xB0, 0xDE, 0x6A, 0xE4, 0x37, 0x40, 0x37, 0x70, 0xDD,
    0x02, 0x99, 0x00, 0x73, 0x2A, 0x98, 0xC1, 0x4B, 0xFA, 0xAB, 0xA0, 0xF4, 0xA7, 0xB5, 0x6B, 0xD5,
    0x1F, 0x35, 0x8F, 0x5A, 0x44, 0xB5, 0xA7, 0x32, 0xFD, 0xDB, 0x71, 0x18, 0x07, 0xA6, 0x72, 0xF6,
    0xB8, 0x9C, 0x3B, 0x77, 0x6D, 0x63, 0x97, 0x49, 0x78, 0x77, 0x6E, 0x3F, 0xA5, 0x36, 0x30, 0xD5,
    0x4D, 0x7C, 0xAB, 0x81, 0x8E, 0x46, 0x51, 0x65, 0xF7, 0x3D, 0x01, 0x24, 0x21, 0x81, 0x42, 0x88,
    0xC0, 0x0B, 0x19, 0x78, 0x61, 0x5C, 0x23, 0xEC, 0xF4, 0xD3, 0xDE, 0x48, 0x47, 0x6F, 0xA6, 0x2F,
};

static const EpdGlyph sourceserif4_10_boldGlyphs[] = {
    { 0, 0, 71, 0, 0, 0, 0 }, // U+0020
    { 4, 14, 115, 2, 14, 14, 0 }, // !
    { 8, 7, 149, 1, 16, 14, 14 }, // "
    { 11, 14, 189, 1, 14, 39, 28 }, // #
    { 10, 18, 181, 1, 16, 45, 67 }, // $
    { 17, 16, 295, 1, 14, 68, 112 }, // %
    { 14, 14, 240, 1, 14, 49, 180 }, // &
    { 4, 7, 78, 1, 16, 7, 229 }, // '
    { 6, 20, 126, 2, 16, 30, 236 }, // (
    { 7, 20, 126, 0, 16, 35, 266 }, // )
    { 10, 9, 144, -1, 16, 23, 301 }, // *
    { 10, 11, 181, 1, 13, 28, 324 }, // +
    { 5, 8, 100, 0, 4, 10, 352 }, // ,
    { 5, 2, 113, 1, 7, 3, 362 }, // -
    { 4, 4, 100, 1, 4, 4, 365 }, // .
    { 8, 19, 129, 0, 16, 38, 369 }, // /
    { 10, 14, 181, 1, 14, 35, 407 }, // 0
    { 7, 15, 134, 1, 15, 27, 442 }, // 1
    { 9, 14, 182, 1, 14, 32, 469 }, // 2
    { 11, 14, 181, 0, 14, 39, 501 }, // 3
    { 10, 14, 181, 1, 14, 35, 540 }, // 4
    { 10, 14, 182, 0, 14, 35, 575 }, // 5
    { 10, 15, 182, 1, 15, 38, 610 }, // 6
    { 9, 14, 179, 1, 14, 32, 648 }, // 7
    { 10, 14, 182, 1, 14, 35, 680 }, // 8
    { 10, 16, 183, 1, 14, 40, 715 }, // 9
    { 4, 11, 100, 1, 11, 11, 755 }, // :
    { 5, 15, 100, 0, 11, 19, 766 }, // ;
    { 10, 12, 181, 1, 13, 30, 785 }, // <
    { 10, 7, 181, 1, 11, 18, 815 }, // =
    { 10, 12, 181, 1, 13, 30, 833 }, // >
    { 7, 16, 150, 2, 16, 28, 863 }, // ?
    { 16, 17, 297, 1, 14, 68, 891 }, // @
    { 13, 14, 225, 1, 14, 46, 959 }, // A
    { 13, 14, 217, 0, 14, 46, 1005 }, // B
    { 12, 14, 207, 1, 14, 42, 1051 }, // C
    { 14, 14, 235, 0, 14, 49, 1093 }, // D
    { 12, 14, 198, 0, 14, 42, 1142 }, // E
    { 11, 14, 193, 1, 14, 39, 1184 }, // F
    { 13, 14, 225, 1, 14, 46, 1223 }, // G
    { 15, 14, 255, 1, 14, 53, 1269 }, // H
    { 7, 14, 129, 1, 14, 25, 1322 }, // I
    { 9, 18, 132, -1, 14, 41, 1347 }, // J
    { 14, 14, 232, 1, 14, 49, 1388 }, // K
    { 11, 14, 193, 1, 14, 39, 1437 }, // L
    { 17, 14, 299, 1, 14, 60, 1476 }, // M
    { 14, 14, 243, 1, 14, 49, 1536 }, // N
    { 13, 14, 234, 1, 14, 46, 1585 }, // O
    { 12, 14, 204, 1, 14, 42, 1631 }, // P
    { 13, 19, 234, 1, 14, 62, 1673 }, // Q
    { 14, 14, 228, 1, 14, 49, 1735 }, // R
    { 10, 14, 180, 1, 14, 35, 1784 }, // S
    { 13, 14, 211, 0, 14, 46, 1819 }, // T
    { 14, 14, 244, 1, 14, 49, 1865 }, // U
    { 14, 14, 220, 1, 14, 49, 1914 }, // V
    { 20, 14, 327, 1, 14, 70, 1963 }, // W
    { 13, 14, 218, 1, 14, 46, 2033 }, // X
    { 13, 14, 208, 1, 14, 46, 2079 }, // Y
    { 10, 14, 188, 1, 14, 35, 2125 }, // Z
    { 6, 20, 116, 2, 16, 30, 2160 }, // [
    { 8, 19, 129, 0, 16, 38, 2190 }, // <backslash>
    { 6, 20, 116, 0, 16, 30, 2228 }, // ]
    { 10, 8, 181, 1, 11, 20, 2258 }, // ^
    { 11, 2, 180, 0, 0, 6, 2278 }, // _
    { 5, 5, 133, 2, 17, 7, 2284 }, // `
    { 11, 11, 177, 1, 11, 31, 2291 }, // a
    { 13, 17, 203, 0, 17, 56, 2322 }, // b
    { 10, 11, 171, 1, 11, 28, 2378 }, // c
    { 12, 17, 198, 1, 17, 51, 2406 }, // d
    { 11, 11, 174, 1, 11, 31, 2457 }, // e
    { 9, 16, 121, 1, 16, 36, 2488 }, // f
    { 11, 17, 181, 1, 12, 47, 2524 }, // g
    { 12, 17, 206, 1, 17, 51, 2571 }, // h
    { 6, 16, 105, 1, 16, 24, 2622 }, // i
    { 8, 21, 102, -2, 16, 42, 2646 }, // j
    { 12, 17, 199, 1, 17, 51, 2688 }, // k
    { 6, 17, 108, 1, 17, 26, 2739 }, // l
    { 19, 11, 302, 1, 11, 53, 2765 }, // m
    { 12, 11, 205, 1, 11, 33, 2818 }, // n
    { 11, 11, 188, 1, 11, 31, 2851 }, // o
    { 12, 16, 204, 1, 11, 48, 2882 }, // p
    { 12, 16, 194, 1, 11, 48, 2930 }, // q
    { 9, 11, 155, 1, 11, 25, 2978 }, // r
    { 8, 11, 152, 1, 11, 22, 3003 }, // s
    { 8, 14, 119, 1, 14, 28, 3025 }, // t
    { 13, 12, 202, 0, 12, 39, 3053 }, // u
    { 11, 11, 176, 0, 11, 31, 3092 }, // v
    { 17, 11, 263, 0, 11, 47, 3123 }, // w
    { 11, 11, 184, 1, 11, 31, 3170 }, // x
    { 11, 16, 178, 1, 11, 44, 3201 }, // y
    { 9, 11, 155, 1, 11, 25, 3245 }, // z
    { 6, 20, 112, 1, 16, 30, 3270 }, // {
    { 3, 22, 104, 2, 16, 17, 3300 }, // |
    { 6, 20, 112, 0, 16, 30, 3317 }, // }
    { 10, 5, 181, 1, 10, 13, 3347 }, // ~
    { 0, 0, 71, 0, 0, 0, 0 }, // U+00A0
    { 4, 15, 115, 2, 11, 15, 0 }, // U+00A1
    { 10, 16, 181, 1, 14, 40, 15 }, // U+00A2
    { 9, 14, 181, 1, 14, 32, 55 }, // U+00A3
    { 10, 11, 181, 1, 13, 28, 87 }, // U+00A4
    { 11, 14, 181, 0, 14, 39, 115 }, // U+00A5
    { 3, 22, 104, 2, 16, 17, 154 }, // U+00A6
    { 10, 18, 177, 1, 14, 45, 171 }, // U+00A7
    { 8, 3, 133, 1, 16, 6, 216 }, // U+00A8
    { 15, 16, 248, 0, 15, 60, 222 }, // U+00A9
    { 8, 7, 118, 1, 16, 14, 282 }, // U+00AA
    { 11, 11, 184, 1, 11, 31, 296 }, // U+00AB
    { 10, 6, 181, 1, 9, 15, 327 }, // U+00AC
    { 5, 2, 113, 1, 7, 3, 342 }, // U+00AD
    { 9, 10, 157, 1, 16, 23, 345 }, // U+00AE
    { 6, 2, 133, 1, 15, 3, 368 }, // U+00AF
    { 5, 7, 109, 1, 15, 9, 371 }, // U+00B0
    { 10, 13, 181, 1, 13, 33, 380 }, // U+00B1
    { 6, 9, 124, 1, 18, 14, 413 }, // U+00B2
    { 7, 9, 124, 1, 18, 16, 427 }, // U+00B3
    { 5, 5, 133, 2, 17, 7, 443 }, // U+00B4
    { 12, 16, 196, 1, 12, 48, 450 }, // U+00B5
    { 12, 18, 212, 1, 14, 54, 498 }, // U+00B6
    { 4, 4, 100, 1, 9, 4, 552 }, // U+00B7
    { 6, 6, 133, 1, 0, 9, 556 }, // U+00B8
    { 6, 9, 124, 1, 18, 14, 565 }, // U+00B9
    { 7, 7, 127, 1, 16, 13, 579 }, // U+00BA
    { 11, 11, 184, 0, 11, 31, 592 }, // U+00BB
    { 16, 17, 285, 1, 16, 68, 623 }, // U+00BC
    { 17, 16, 295, 1, 15, 68, 691 }, // U+00BD
    { 17, 16, 285, 1, 15, 68, 759 }, // U+00BE
    { 7, 16, 150, 1, 11, 28, 827 }, // U+00BF
    { 13, 20, 225, 1, 20, 65, 855 }, // U+00C0
    { 13, 20, 225, 1, 20, 65, 920 }, // U+00C1
    { 13, 20, 225, 1, 20, 65, 985 }, // U+00C2
    { 13, 20, 225, 1, 20, 65, 1050 }, // U+00C3
    { 13, 19, 225, 1, 19, 62, 1115 }, // U+00C4
    { 13, 20, 225, 1, 20, 65, 1177 }, // U+00C5
    { 18, 14, 297, 1, 14, 63, 1242 }, // U+00C6
    { 12, 19, 207, 1, 14, 57, 1305 }, // U+00C7
    { 12, 20, 198, 0, 20, 60, 1362 }, // U+00C8
    { 12, 20, 198, 0, 20, 60, 1422 }, // U+00C9
    { 12, 20, 198, 0, 20, 60, 1482 }, // U+00CA
    { 12, 19, 198, 0, 19, 57, 1542 }, // U+00CB
    { 6, 20, 129, 1, 20, 30, 1599 }, // U+00CC
    { 6, 20, 129, 1, 20, 30, 1629 }, // U+00CD
    { 9, 20, 129, 0, 20, 45, 1659 }, // U+00CE
    { 7, 19, 129, 1, 19, 34, 1704 }, // U+00CF
    { 13, 14, 235, 1, 14, 46, 1738 }, // U+00D0
    { 14, 20, 243, 1, 20, 70, 1784 }, // U+00D1
    { 13, 20, 234, 1, 20, 65, 1854 }, // U+00D2
    { 13, 20, 234, 1, 20, 65, 1919 }, // U+00D3
    { 13, 20, 234, 1, 20, 65, 1984 }, // U+00D4
    { 13, 20, 234, 1, 20, 65, 2049 }, // U+00D5
    { 13, 19, 234, 1, 19, 62, 2114 }, // U+00D6
    { 11, 12, 181, 0, 13, 33, 2176 }, // U+00D7
    { 13, 16, 234, 1, 15, 52, 2209 }, // U+00D8
    { 14, 20, 244, 1, 20, 70, 2261 }, // U+00D9
    { 14, 20, 244, 1, 20, 70, 2331 }, // U+00DA
    { 14, 20, 244, 1, 20, 70, 2401 }, // U+00DB
    { 14, 19, 244, 1, 19, 67, 2471 }, // U+00DC
    { 13, 20, 208, 1, 20, 65, 2538 }, // U+00DD
    { 12, 14, 207, 1, 14, 42, 2603 }, // U+00DE
    { 14, 16, 220, 0, 16, 56, 2645 }, // U+00DF
    { 11, 18, 177, 1, 18, 50, 2701 }, // U+00E0
    { 11, 18, 177, 1, 18, 50, 2751 }, // U+00E1
    { 11, 17, 177, 1, 17, 47, 2801 }, // U+00E2
    { 11, 17, 177, 1, 17, 47, 2848 }, // U+00E3
    { 11, 16, 177, 1, 16, 44, 2895 }, // U+00E4
    { 11, 18, 177, 1, 18, 50, 2939 }, // U+00E5
    { 16, 11, 263, 1, 11, 44, 2989 }, // U+00E6
    { 10, 16, 171, 1, 11, 40, 3033 }, // U+00E7
    { 11, 18, 174, 1, 18, 50, 3073 }, // U+00E8
    { 11, 18, 174, 1, 18, 50, 3123 }, // U+00E9
    { 11, 17, 174, 1, 17, 47, 3173 }, // U+00EA
    { 11, 16, 174, 1, 16, 44, 3220 }, // U+00EB
    { 7, 17, 105, 0, 17, 30, 3264 }, // U+00EC
    { 6, 17, 105, 1, 17, 26, 3294 }, // U+00ED
    { 8, 17, 105, 0, 17, 34, 3320 }, // U+00EE
    { 7, 16, 105, 0, 16, 28, 3354 }, // U+00EF
    { 11, 17, 185, 1, 17, 47, 3382 }, // U+00F0
    { 12, 17, 205, 1, 17, 51, 3429 }, // U+00F1
    { 11, 18, 188, 1, 18, 50, 3480 }, // U+00F2
    { 11, 18, 188, 1, 18, 50, 3530 }, // U+00F3
    { 11, 17, 188, 1, 17, 47, 3580 }, // U+00F4
    { 11, 17, 188, 1, 17, 47, 3627 }, // U+00F5
    { 11, 16, 188, 1, 16, 44, 3674 }, // U+00F6
    { 10, 11, 181, 1, 12, 28, 3718 }, // U+00F7
    { 11, 13, 188, 1, 12, 36, 3746 }, // U+00F8
    { 13, 18, 202, 0, 18, 59, 3782 }, // U+00F9
    { 13, 18, 202, 0, 18, 59, 3841 }, // U+00FA
    { 13, 17, 202, 0, 17, 56, 3900 }, // U+00FB
    { 13, 16, 202, 0, 16, 52, 3956 }, // U+00FC
    { 11, 23, 178, 1, 18, 64, 4008 }, // U+00FD
    { 12, 22, 201, 1, 17, 66, 4072 }, // U+00FE
    { 11, 21, 178, 1, 16, 58, 4138 }, // U+00FF
    { 13, 18, 225, 1, 18, 59, 0 }, // U+0100
    { 11, 14, 177, 1, 14, 39, 59 }, // U+0101
    { 13, 19, 225, 1, 19, 62, 98 }, // U+0102
    { 11, 16, 177, 1, 16, 44, 160 }, // U+0103
    { 13, 19, 225, 1, 14, 62, 204 }, // U+0104
    { 12, 16, 177, 1, 11, 48, 266 }, // U+0105
    { 12, 20, 207, 1, 20, 60, 314 }, // U+0106
    { 10, 17, 171, 1, 17, 43, 374 }, // U+0107
    { 12, 20, 207, 1, 20, 60, 417 }, // U+0108
    { 10, 17, 171, 1, 17, 43, 477 }, // U+0109
    { 12, 20, 207, 1, 20, 60, 520 }, // U+010A
    { 10, 16, 171, 1, 16, 40, 580 }, // U+010B
    { 12, 20, 207, 1, 20, 60, 620 }, // U+010C
    { 10, 18, 171, 1, 18, 45, 680 }, // U+010D
    { 14, 20, 235, 0, 20, 70, 725 }, // U+010E
    { 14, 17, 203, 1, 17, 60, 795 }, // U+010F
    { 13, 14, 235, 1, 14, 46, 855 }, // U+0110
    { 12, 16, 198, 1, 16, 48, 901 }, // U+0111
    { 12, 18, 198, 0, 18, 54, 949 }, // U+0112
    { 11, 14, 174, 1, 14, 39, 1003 }, // U+0113
    { 12, 19, 198, 0, 19, 57, 1042 }, // U+0114
    { 11, 16, 174, 1, 16, 44, 1099 }, // U+0115
    { 12, 19, 198, 0, 19, 57, 1143 }, // U+0116
    { 11, 16, 174, 1, 16, 44, 1200 }, // U+0117
    { 12, 19, 198, 0, 14, 57, 1244 }, // U+0118
    { 10, 16, 174, 1, 11, 40, 1301 }, // U+0119
    { 12, 20, 198, 0, 20, 60, 1341 }, // U+011A
    { 11, 18, 174, 1, 18, 50, 1401 }, // U+011B
    { 13, 20, 225, 1, 20, 65, 1451 }, // U+011C
    { 11, 22, 181, 1, 17, 61, 1516 }, // U+011D
    { 13, 20, 225, 1, 20, 65, 1577 }, // U+011E
    { 11, 21, 181, 1, 16, 58, 1642 }, // U+011F
    { 13, 20, 225, 1, 20, 65, 1700 }, // U+0120
    { 11, 21, 181, 1, 16, 58, 1765 }, // U+0121
    { 13, 20, 225, 1, 14, 65, 1823 }, // U+0122
    { 11, 23, 181, 1, 18, 64, 1888 }, // U+0123
    { 15, 20, 255, 1, 20, 75, 1952 }, // U+0124
    { 12, 21, 206, 1, 21, 63, 2027 }, // U+0125
    { 15, 14, 255, 1, 14, 53, 2090 }, // U+0126
    { 12, 17, 206, 1, 17, 51, 2143 }, // U+0127
    { 9, 20, 129, 0, 20, 45, 2194 }, // U+0128
    { 8, 17, 105, 0, 17, 34, 2239 }, // U+0129
    { 7, 18, 129, 1, 18, 32, 2273 }, // U+012A
    { 6, 14, 105, 1, 14, 21, 2305 }, // U+012B
    { 7, 19, 129, 1, 14, 34, 2326 }, // U+012E
    { 7, 21, 105, 1, 16, 37, 2360 }, // U+012F
    { 7, 19, 129, 1, 19, 34, 2397 }, // U+0130
    { 6, 11, 105, 1, 11, 17, 2431 }, // U+0131
    { 10, 23, 132, -1, 19, 58, 2448 }, // U+0134
    { 10, 22, 102, -2, 17, 55, 2506 }, // U+0135
    { 14, 20, 232, 1, 14, 70, 2561 }, // U+0136
    { 12, 23, 199, 1, 17, 69, 2631 }, // U+0137
    { 12, 12, 198, 1, 12, 36, 2700 }, // U+0138
    { 11, 20, 193, 1, 20, 55, 2736 }, // U+0139
    { 7, 20, 108, 1, 20, 35, 2791 }, // U+013A
    { 11, 20, 193, 1, 14, 55, 2826 }, // U+013B
    { 6, 23, 108, 1, 17, 35, 2881 }, // U+013C
    { 11, 16, 193, 1, 16, 44, 2916 }, // U+013D
    { 8, 17, 109, 1, 17, 34, 2960 }, // U+013E
    { 11, 14, 193, 1, 14, 39, 2994 }, // U+013F
    { 9, 17, 130, 1, 17, 39, 3033 }, // U+0140
    { 11, 14, 193, 1, 14, 39, 3072 }, // U+0141
    { 6, 17, 108, 1, 17, 26, 3111 }, // U+0142
    { 14, 20, 243, 1, 20, 70, 3137 }, // U+0143
    { 12, 17, 205, 1, 17, 51, 3207 }, // U+0144
    { 14, 20, 243, 1, 14, 70, 3258 }, // U+0145
    { 12, 17, 205, 1, 11, 51, 3328 }, // U+0146
    { 14, 20, 243, 1, 20, 70, 3379 }, // U+0147
    { 12, 17, 205, 1, 17, 51, 3449 }, // U+0148
    { 17, 16, 262, 0, 16, 68, 3500 }, // U+0149
    { 14, 17, 243, 1, 14, 60, 3568 }, // U+014A
    { 11, 16, 205, 1, 11, 44, 3628 }, // U+014B
    { 13, 18, 234, 1, 18, 59, 3672 }, // U+014C
    { 11, 14, 188, 1, 14, 39, 3731 }, // U+014D
    { 13, 20, 234, 1, 20, 65, 3770 }, // U+014E
    { 11, 16, 188, 1, 16, 44, 3835 }, // U+014F
    { 13, 20, 234, 1, 20, 65, 3879 }, // U+0150
    { 11, 18, 188, 1, 18, 50, 3944 }, // U+0151
    { 18, 14, 310, 1, 14, 63, 3994 }, // U+0152
    { 18, 11, 286, 1, 11, 50, 4057 }, // U+0153
    { 14, 20, 228, 1, 20, 70, 4107 }, // U+0154
    { 9, 17, 155, 1, 17, 39, 4177 }, // U+0155
    { 14, 20, 228, 1, 14, 70, 4216 }, // U+0156
    { 9, 17, 155, 1, 11, 39, 4286 }, // U+0157
    { 14, 20, 228, 1, 20, 70, 4325 }, // U+0158
    { 9, 17, 155, 1, 17, 39, 4395 }, // U+0159
    { 10, 20, 180, 1, 20, 50, 4434 }, // U+015A
    { 8, 17, 152, 1, 17, 34, 4484 }, // U+015B
    { 10, 20, 180, 1, 20, 50, 4518 }, // U+015C
    { 8, 17, 152, 1, 17, 34, 4568 }, // U+015D
    { 10, 19, 180, 1, 14, 48, 4602 }, // U+015E
    { 8, 16, 152, 1, 11, 32, 4650 }, // U+015F
    { 10, 20, 180, 1, 20, 50, 4682 }, // U+0160
    { 8, 18, 152, 1, 18, 36, 4732 }, // U+0161
    { 13, 19, 211, 0, 14, 62, 4768 }, // U+0162
    { 8, 19, 119, 1, 14, 38, 4830 }, // U+0163
    { 13, 20, 211, 0, 20, 65, 4868 }, // U+0164
    { 9, 17, 119, 1, 17, 39, 4933 }, // U+0165
    { 14, 20, 244, 1, 20, 70, 4972 }, // U+0168
    { 13, 17, 202, 0, 17, 56, 5042 }, // U+0169
    { 14, 18, 244, 1, 18, 63, 5098 }, // U+016A
    { 13, 14, 202, 0, 14, 46, 5161 }, // U+016B
    { 14, 20, 244, 1, 20, 70, 5207 }, // U+016C
    { 13, 16, 202, 0, 16, 52, 5277 }, // U+016D
    { 14, 20, 244, 1, 20, 70, 5329 }, // U+016E
    { 13, 18, 202, 0, 18, 59, 5399 }, // U+016F
    { 14, 20, 244, 1, 20, 70, 5458 }, // U+0170
    { 13, 18, 202, 0, 18, 59, 5528 }, // U+0171
    { 14, 19, 244, 1, 14, 67, 5587 }, // U+0172
    { 13, 17, 202, 0, 12, 56, 5654 }, // U+0173
    { 20, 20, 327, 1, 20, 100, 5710 }, // U+0174
    { 17, 17, 263, 0, 17, 73, 5810 }, // U+0175
    { 13, 20, 208, 1, 20, 65, 5883 }, // U+0176
    { 11, 22, 178, 1, 17, 61, 5948 }, // U+0177
    { 13, 19, 208, 1, 19, 62, 6009 }, // U+0178
    { 10, 20, 188, 1, 20, 50, 6071 }, // U+0179
    { 9, 17, 155, 1, 17, 39, 6121 }, // U+017A
    { 10, 19, 188, 1, 19, 48, 6160 }, // U+017B
    { 9, 16, 155, 1, 16, 36, 6208 }, // U+017C
    { 10, 20, 188, 1, 20, 50, 6244 }, // U+017D
    { 9, 17, 155, 1, 17, 39, 6294 }, // U+017E
    { 9, 16, 120, 1, 16, 36, 6333 }, // U+017F
    { 13, 18, 234, 1, 18, 59, 0 }, // U+01A0
    { 11, 14, 188, 1, 14, 39, 59 }, // U+01A1
    { 15, 19, 244, 1, 19, 72, 98 }, // U+01AF
    { 14, 14, 202, 0, 14, 49, 170 }, // U+01B0
    { 13, 20, 225, 1, 20, 65, 219 }, // U+01CD
    { 11, 18, 177, 1, 18, 50, 284 }, // U+01CE
    { 9, 20, 129, 0, 20, 45, 334 }, // U+01CF
    { 8, 17, 105, 0, 17, 34, 379 }, // U+01D0
    { 13, 20, 234, 1, 20, 65, 413 }, // U+01D1
    { 11, 18, 188, 1, 18, 50, 478 }, // U+01D2
    { 14, 20, 244, 1, 20, 70, 528 }, // U+01D3
    { 13, 18, 202, 0, 18, 59, 598 }, // U+01D4
    { 14, 22, 244, 1, 22, 77, 657 }, // U+01D5
    { 13, 19, 202, 0, 19, 62, 734 }, // U+01D6
    { 14, 23, 244, 1, 23, 81, 796 }, // U+01D7
    { 13, 20, 202, 0, 20, 65, 877 }, // U+01D8
    { 14, 23, 244, 1, 23, 81, 942 }, // U+01D9
    { 13, 20, 202, 0, 20, 65, 1023 }, // U+01DA
    { 14, 23, 244, 1, 23, 81, 1088 }, // U+01DB
    { 13, 20, 202, 0, 20, 65, 1169 }, // U+01DC
    { 13, 20, 225, 1, 20, 65, 1234 }, // U+01E6
    { 11, 22, 181, 1, 17, 61, 1299 }, // U+01E7
    { 14, 20, 243, 1, 20, 70, 1360 }, // U+01F8
    { 12, 17, 205, 1, 17, 51, 1430 }, // U+01F9
    { 10, 20, 180, 1, 14, 50, 1481 }, // U+0218
    { 8, 17, 152, 1, 11, 34, 1531 }, // U+0219
    { 13, 20, 211, 0, 14, 65, 1565 }, // U+021A
    { 8, 20, 119, 1, 14, 40, 1630 }, // U+021B
    { 5, 5, 0, -3, 17, 7, 0 }, // U+0300
    { 5, 5, 0, -2, 17, 7, 7 }, // U+0301
    { 8, 5, 0, -4, 17, 10, 14 }, // U+0302
    { 8, 4, 0, -4, 17, 8, 24 }, // U+0303
    { 6, 2, 0, -3, 15, 3, 32 }, // U+0304
    { 8, 4, 0, -4, 17, 8, 35 }, // U+0306
    { 4, 4, 0, -2, 17, 4, 43 }, // U+0307
    { 8, 3, 0, -4, 16, 6, 47 }, // U+0308
    { 4, 6, 0, -1, 18, 6, 53 }, // U+0309
    { 6, 6, 0, -3, 17, 9, 59 }, // U+030A
    { 7, 6, 0, -3, 17, 11, 68 }, // U+030B
    { 8, 5, 0, -4, 17, 10, 79 }, // U+030C
    { 4, 6, 0, 0, 16, 6, 89 }, // U+031B
    { 4, 4, 0, -2, -1, 4, 95 }, // U+0323
    { 8, 3, 0, -4, -2, 6, 99 }, // U+0324
    { 4, 5, 0, -2, -1, 5, 105 }, // U+0326
    { 6, 6, 0, -2, 0, 9, 110 }, // U+0327
    { 5, 5, 0, -3, 0, 7, 119 }, // U+0328
    { 3, 5, 0, -1, -1, 4, 126 }, // U+0329
    { 8, 4, 0, -4, -1, 8, 130 }, // U+032E
    { 6, 2, 0, -3, -2, 3, 138 }, // U+0331
    { 12, 20, 198, 0, 20, 60, 0 }, // U+0400
    { 12, 19, 198, 0, 19, 57, 60 }, // U+0401
    { 15, 16, 243, 1, 14, 60, 117 }, // U+0402
    { 11, 20, 191, 1, 20, 55, 177 }, // U+0403
    { 12, 14, 203, 1, 14, 42, 232 }, // U+0404
    { 10, 14, 180, 1, 14, 35, 274 }, // U+0405
    { 7, 14, 129, 1, 14, 25, 309 }, // U+0406
    { 7, 19, 129, 1, 19, 34, 334 }, // U+0407
    { 9, 18, 132, -1, 14, 41, 368 }, // U+0408
    { 20, 14, 310, 0, 14, 70, 409 }, // U+0409
    { 20, 14, 332, 1, 14, 70, 479 }, // U+040A
    { 16, 14, 260, 0, 14, 56, 549 }, // U+040B
    { 14, 20, 232, 1, 20, 70, 605 }, // U+040C
    { 15, 20, 260, 1, 20, 75, 675 }, // U+040D
    { 14, 21, 221, 1, 19, 74, 750 }, // U+040E
    { 14, 19, 250, 1, 14, 67, 824 }, // U+040F
    { 13, 14, 225, 1, 14, 46, 891 }, // U+0410
    { 13, 14, 208, 0, 14, 46, 937 }, // U+0411
    { 13, 14, 217, 0, 14, 46, 983 }, // U+0412
    { 11, 14, 191, 1, 14, 39, 1029 }, // U+0413
    { 14, 18, 238, 1, 14, 63, 1068 }, // U+0414
    { 12, 14, 198, 0, 14, 42, 1131 }, // U+0415
    { 21, 14, 325, 0, 14, 74, 1173 }, // U+0416
    { 11, 14, 187, 1, 14, 39, 1247 }, // U+0417
    { 15, 14, 260, 1, 14, 53, 1286 }, // U+0418
    { 16, 20, 260, 1, 20, 80, 1339 }, // U+0419
    { 14, 14, 232, 1, 14, 49, 1419 }, // U+041A
    { 15, 14, 236, 0, 14, 53, 1468 }, // U+041B
    { 17, 14, 299, 1, 14, 60, 1521 }, // U+041C
    { 15, 14, 255, 1, 14, 53, 1581 }, // U+041D
    { 13, 14, 234, 1, 14, 46, 1634 }, // U+041E
    { 15, 14, 251, 1, 14, 53, 1680 }, // U+041F
    { 12, 14, 204, 1, 14, 42, 1733 }, // U+0420
    { 12, 14, 207, 1, 14, 42, 1775 }, // U+0421
    { 13, 14, 211, 0, 14, 46, 1817 }, // U+0422
    { 13, 16, 221, 1, 14, 52, 1863 }, // U+0423
    { 15, 14, 255, 1, 14, 53, 1915 }, // U+0424
    { 13, 14, 218, 1, 14, 46, 1968 }, // U+0425
    { 15, 18, 254, 1, 14, 68, 2014 }, // U+0426
    { 14, 14, 239, 1, 14, 49, 2082 }, // U+0427
    { 21, 14, 354, 1, 14, 74, 2131 }, // U+0428
    { 21, 18, 358, 1, 14, 95, 2205 }, // U+0429
    { 15, 14, 243, 1, 14, 53, 2300 }, // U+042A
    { 19, 14, 321, 1, 14, 67, 2353 }, // U+042B
    { 12, 14, 208, 1, 14, 42, 2420 }, // U+042C
    { 12, 14, 202, 0, 14, 42, 2462 }, // U+042D
    { 20, 14, 339, 1, 14, 70, 2504 }, // U+042E
    { 14, 14, 224, 0, 14, 49, 2574 }, // U+042F
    { 11, 11, 177, 1, 11, 31, 2623 }, // U+0430
    { 11, 18, 191, 1, 18, 50, 2654 }, // U+0431
    { 11, 11, 182, 1, 11, 31, 2704 }, // U+0432
    { 9, 11, 153, 1, 11, 25, 2735 }, // U+0433
    { 12, 15, 207, 1, 11, 45, 2760 }, // U+0434
    { 11, 11, 174, 1, 11, 31, 2805 }, // U+0435
    { 18, 12, 277, 0, 12, 54, 2836 }, // U+0436
    { 10, 11, 157, 0, 11, 28, 2890 }, // U+0437
    { 12, 11, 219, 1, 11, 33, 2918 }, // U+0438
    { 12, 17, 219, 1, 17, 51, 2951 }, // U+0439
    { 12, 12, 195, 1, 12, 36, 3002 }, // U+043A
    { 12, 11, 201, 0, 11, 33, 3038 }, // U+043B
    { 14, 11, 247, 1, 11, 39, 3071 }, // U+043C
    { 12, 11, 215, 1, 11, 33, 3110 }, // U+043D
    { 11, 11, 188, 1, 11, 31, 3143 }, // U+043E
    { 12, 11, 211, 1, 11, 33, 3174 }, // U+043F
    { 12, 16, 204, 1, 11, 48, 3207 }, // U+0440
    { 10, 11, 171, 1, 11, 28, 3255 }, // U+0441
    { 11, 11, 186, 0, 11, 31, 3283 }, // U+0442
    { 11, 16, 178, 1, 11, 44, 3314 }, // U+0443
    { 16, 21, 270, 1, 16, 84, 3358 }, // U+0444
    { 11, 11, 184, 1, 11, 31, 3442 }, // U+0445
    { 13, 15, 220, 1, 11, 49, 3473 }, // U+0446
    { 11, 11, 195, 1, 11, 31, 3522 }, // U+0447
    { 17, 11, 288, 1, 11, 47, 3553 }, // U+0448
    { 17, 15, 299, 1, 11, 64, 3600 }, // U+0449
    { 13, 11, 216, 0, 11, 36, 3664 }, // U+044A
    { 16, 11, 270, 1, 11, 44, 3700 }, // U+044B
    { 11, 11, 177, 1, 11, 31, 3744 }, // U+044C
    { 10, 11, 166, 1, 11, 28, 3775 }, // U+044D
    { 16, 11, 276, 1, 11, 44, 3803 }, // U+044E
    { 12, 11, 191, -1, 11, 33, 3847 }, // U+044F
    { 11, 18, 174, 1, 18, 50, 3880 }, // U+0450
    { 11, 16, 174, 1, 16, 44, 3930 }, // U+0451
    { 11, 21, 195, 1, 17, 58, 3974 }, // U+0452
    { 9, 17, 153, 1, 17, 39, 4032 }, // U+0453
    { 10, 11, 171, 1, 11, 28, 4071 }, // U+0454
    { 8, 11, 152, 1, 11, 22, 4099 }, // U+0455
    { 6, 16, 105, 1, 16, 24, 4121 }, // U+0456
    { 7, 16, 105, 0, 16, 28, 4145 }, // U+0457
    { 8, 22, 102, -2, 17, 44, 4173 }, // U+0458
    { 17, 11, 263, 0, 11, 47, 4217 }, // U+0459
    { 17, 11, 281, 1, 11, 47, 4264 }, // U+045A
    { 12, 17, 206, 1, 17, 51, 4311 }, // U+045B
    { 12, 18, 195, 1, 18, 54, 4362 }, // U+045C
    { 12, 17, 219, 1, 17, 51, 4416 }, // U+045D
    { 11, 22, 178, 1, 17, 61, 4467 }, // U+045E
    { 12, 15, 211, 1, 11, 45, 4528 }, // U+045F
    { 15, 16, 250, 0, 16, 60, 4573 }, // U+0462
    { 13, 15, 211, 0, 15, 49, 4633 }, // U+0463
    { 13, 14, 234, 1, 14, 46, 4682 }, // U+0472
    { 11, 11, 188, 1, 11, 31, 4728 }, // U+0473
    { 14, 14, 230, 1, 14, 49, 4759 }, // U+0474
    { 12, 12, 189, 0, 12, 36, 4808 }, // U+0475
    { 11, 18, 191, 1, 18, 50, 4844 }, // U+0490
    { 8, 14, 154, 1, 14, 28, 4894 }, // U+0491
    { 11, 14, 191, 1, 14, 39, 4922 }, // U+0492
    { 9, 11, 153, 1, 11, 25, 4961 }, // U+0493
    { 21, 18, 325, 0, 14, 95, 4986 }, // U+0496
    { 18, 15, 277, 0, 12, 68, 5081 }, // U+0497
    { 11, 19, 187, 0, 14, 53, 5149 }, // U+0498
    { 11, 16, 157, 0, 11, 44, 5202 }, // U+0499
    { 14, 18, 232, 1, 14, 63, 5246 }, // U+049A
    { 12, 15, 195, 1, 12, 45, 5309 }, // U+049B
    { 17, 14, 269, 0, 14, 60, 5354 }, // U+04A0
    { 15, 12, 237, 0, 12, 45, 5414 }, // U+04A1
    { 15, 18, 259, 1, 14, 68, 5459 }, // U+04A2
    { 12, 15, 225, 1, 11, 45, 5527 }, // U+04A3
    { 12, 19, 207, 1, 14, 57, 5572 }, // U+04AA
    { 10, 16, 171, 1, 11, 40, 5629 }, // U+04AB
    { 13, 14, 208, 1, 14, 46, 5669 }, // U+04AE
    { 11, 16, 177, 0, 11, 44, 5715 }, // U+04AF
    { 13, 14, 208, 1, 14, 46, 5759 }, // U+04B0
    { 11, 16, 177, 0, 11, 44, 5805 }, // U+04B1
    { 13, 18, 218, 1, 14, 59, 5849 }, // U+04B2
    { 11, 15, 184, 1, 11, 42, 5908 }, // U+04B3
    { 14, 18, 242, 1, 14, 63, 5950 }, // U+04B6
    { 12, 15, 205, 1, 11, 45, 6013 }, // U+04B7
    { 14, 14, 239, 1, 14, 49, 6058 }, // U+04BA
    { 12, 17, 206, 1, 17, 51, 6107 }, // U+04BB
    { 7, 14, 129, 1, 14, 25, 6158 }, // U+04C0
    { 21, 20, 325, 0, 20, 105, 6183 }, // U+04C1
    { 18, 17, 277, 0, 17, 77, 6288 }, // U+04C2
    { 6, 16, 108, 1, 16, 24, 6365 }, // U+04CF
    { 13, 20, 225, 1, 20, 65, 6389 }, // U+04D0
    { 11, 17, 177, 1, 17, 47, 6454 }, // U+04D1
    { 18, 14, 297, 1, 14, 63, 6501 }, // U+04D4
    { 16, 11, 263, 1, 11, 44, 6564 }, // U+04D5
    { 12, 20, 198, 0, 20, 60, 6608 }, // U+04D6
    { 10, 17, 174, 1, 17, 43, 6668 }, // U+04D7
    { 13, 14, 220, 1, 14, 46, 6711 }, // U+04D8
    { 10, 11, 176, 1, 11, 28, 6757 }, // U+04D9
    { 15, 18, 260, 1, 18, 68, 6785 }, // U+04E2
    { 12, 14, 219, 1, 14, 42, 6853 }, // U+04E3
    { 13, 19, 234, 1, 19, 62, 6895 }, // U+04E6
    { 11, 16, 188, 1, 16, 44, 6957 }, // U+04E7
    { 13, 14, 234, 1, 14, 46, 7001 }, // U+04E8
    { 11, 11, 188, 1, 11, 31, 7047 }, // U+04E9
    { 13, 20, 221, 1, 18, 65, 7078 }, // U+04EE
    { 11, 19, 178, 1, 14, 53, 7143 }, // U+04EF
    { 13, 22, 221, 1, 20, 72, 7196 }, // U+04F2
    { 11, 23, 178, 1, 18, 64, 7268 }, // U+04F3
    { 13, 19, 225, 1, 14, 62, 0 }, // U+1EA0
    { 11, 16, 177, 1, 11, 44, 62 }, // U+1EA1
    { 13, 20, 225, 1, 20, 65, 106 }, // U+1EA2
    { 11, 18, 177, 1, 18, 50, 171 }, // U+1EA3
    { 13, 21, 225, 1, 21, 69, 221 }, // U+1EA4
    { 11, 18, 177, 1, 18, 50, 290 }, // U+1EA5
    { 13, 21, 225, 1, 21, 69, 340 }, // U+1EA6
    { 12, 18, 177, 0, 18, 54, 409 }, // U+1EA7
    { 13, 23, 225, 1, 23, 75, 463 }, // U+1EA8
    { 11, 20, 177, 1, 20, 55, 538 }, // U+1EA9
    { 13, 23, 225, 1, 23, 75, 593 }, // U+1EAA
    { 11, 20, 177, 1, 20, 55, 668 }, // U+1EAB
    { 13, 25, 225, 1, 20, 82, 723 }, // U+1EAC
    { 11, 22, 177, 1, 17, 61, 805 }, // U+1EAD
    { 13, 23, 225, 1, 23, 75, 866 }, // U+1EAE
    { 11, 20, 177, 1, 20, 55, 941 }, // U+1EAF
    { 13, 23, 225, 1, 23, 75, 996 }, // U+1EB0
    { 11, 20, 177, 1, 20, 55, 1071 }, // U+1EB1
    { 13, 23, 225, 1, 23, 75, 1126 }, // U+1EB2
    { 11, 20, 177, 1, 20, 55, 1201 }, // U+1EB3
    { 13, 23, 225, 1, 23, 75, 1256 }, // U+1EB4
    { 11, 20, 177, 1, 20, 55, 1331 }, // U+1EB5
    { 13, 24, 225, 1, 19, 78, 1386 }, // U+1EB6
    { 11, 21, 177, 1, 16, 58, 1464 }, // U+1EB7
    { 12, 19, 198, 0, 14, 57, 1522 }, // U+1EB8
    { 11, 16, 174, 1, 11, 44, 1579 }, // U+1EB9
    { 12, 20, 198, 0, 20, 60, 1623 }, // U+1EBA
    { 11, 18, 174, 1, 18, 50, 1683 }, // U+1EBB
    { 12, 20, 198, 0, 20, 60, 1733 }, // U+1EBC
    { 11, 17, 174, 1, 17, 47, 1793 }, // U+1EBD
    { 13, 21, 198, 0, 21, 69, 1840 }, // U+1EBE
    { 11, 18, 174, 1, 18, 50, 1909 }, // U+1EBF
    { 12, 21, 198, 0, 21, 63, 1959 }, // U+1EC0
    { 12, 18, 174, 0, 18, 54, 2022 }, // U+1EC1
    { 12, 23, 198, 0, 23, 69, 2076 }, // U+1EC2
    { 11, 20, 174, 1, 20, 55, 2145 }, // U+1EC3
    { 12, 23, 198, 0, 23, 69, 2200 }, // U+1EC4
    { 11, 20, 174, 1, 20, 55, 2269 }, // U+1EC5
    { 12, 25, 198, 0, 20, 75, 2324 }, // U+1EC6
    { 11, 22, 174, 1, 17, 61, 2399 }, // U+1EC7
    { 7, 20, 129, 1, 20, 35, 2460 }, // U+1EC8
    { 6, 18, 105, 1, 18, 27, 2495 }, // U+1EC9
    { 7, 19, 129, 1, 14, 34, 2522 }, // U+1ECA
    { 6, 21, 105, 1, 16, 32, 2556 }, // U+1ECB
    { 13, 19, 234, 1, 14, 62, 2588 }, // U+1ECC
    { 11, 16, 188, 1, 11, 44, 2650 }, // U+1ECD
    { 13, 20, 234, 1, 20, 65, 2694 }, // U+1ECE
    { 11, 18, 188, 1, 18, 50, 2759 }, // U+1ECF
    { 13, 21, 234, 1, 21, 69, 2809 }, // U+1ED0
    { 11, 18, 188, 1, 18, 50, 2878 }, // U+1ED1
    { 13, 21, 234, 1, 21, 69, 2928 }, // U+1ED2
    { 12, 18, 188, 0, 18, 54, 2997 }, // U+1ED3
    { 13, 23, 234, 1, 23, 75, 3051 }, // U+1ED4
    { 11, 20, 188, 1, 20, 55, 3126 }, // U+1ED5
    { 13, 23, 234, 1, 23, 75, 3181 }, // U+1ED6
    { 11, 20, 188, 1, 20, 55, 3256 }, // U+1ED7
    { 13, 25, 234, 1, 20, 82, 3311 }, // U+1ED8
    { 11, 22, 188, 1, 17, 61, 3393 }, // U+1ED9
    { 13, 20, 234, 1, 20, 65, 3454 }, // U+1EDA
    { 11, 18, 188, 1, 18, 50, 3519 }, // U+1EDB
    { 13, 20, 234, 1, 20, 65, 3569 }, // U+1EDC
    { 11, 18, 188, 1, 18, 50, 3634 }, // U+1EDD
    { 13, 21, 234, 1, 21, 69, 3684 }, // U+1EDE
    { 11, 18, 188, 1, 18, 50, 3753 }, // U+1EDF
    { 13, 20, 234, 1, 20, 65, 3803 }, // U+1EE0
    { 11, 17, 188, 1, 17, 47, 3868 }, // U+1EE1
    { 13, 23, 234, 1, 18, 75, 3915 }, // U+1EE2
    { 11, 19, 188, 1, 14, 53, 3990 }, // U+1EE3
    { 14, 19, 244, 1, 14, 67, 4043 }, // U+1EE4
    { 13, 17, 202, 0, 12, 56, 4110 }, // U+1EE5
    { 14, 20, 244, 1, 20, 70, 4166 }, // U+1EE6
    { 13, 18, 202, 0, 18, 59, 4236 }, // U+1EE7
    { 15, 20, 244, 1, 20, 75, 4295 }, // U+1EE8
    { 14, 18, 202, 0, 18, 63, 4370 }, // U+1EE9
    { 15, 20, 244, 1, 20, 75, 4433 }, // U+1EEA
    { 14, 18, 202, 0, 18, 63, 4508 }, // U+1EEB
    { 15, 21, 244, 1, 21, 79, 4571 }, // U+1EEC
    { 14, 17, 202, 0, 17, 60, 4650 }, // U+1EED
    { 15, 20, 244, 1, 20, 75, 4710 }, // U+1EEE
    { 14, 17, 202, 0, 17, 60, 4785 }, // U+1EEF
    { 15, 23, 244, 1, 18, 87, 4845 }, // U+1EF0
    { 14, 19, 202, 0, 14, 67, 4932 }, // U+1EF1
    { 13, 20, 208, 1, 20, 65, 4999 }, // U+1EF2
    { 11, 23, 178, 1, 18, 64, 5064 }, // U+1EF3
    { 13, 19, 208, 1, 14, 62, 5128 }, // U+1EF4
    { 11, 16, 178, 1, 11, 44, 5190 }, // U+1EF5
    { 13, 20, 208, 1, 20, 65, 5234 }, // U+1EF6
    { 11, 23, 178, 1, 18, 64, 5299 }, // U+1EF7
    { 13, 20, 208, 1, 20, 65, 5363 }, // U+1EF8
    { 11, 22, 178, 1, 17, 61, 5428 }, // U+1EF9
    { 0, 0, 167, 0, 0, 0, 0 }, // U+2002
    { 0, 0, 333, 0, 0, 0, 0 }, // U+2003
    { 0, 0, 111, 0, 0, 0, 0 }, // U+2004
    { 0, 0, 83, 0, 0, 0, 0 }, // U+2005
    { 0, 0, 56, 0, 0, 0, 0 }, // U+2006
    { 0, 0, 181, 0, 0, 0, 0 }, // U+2007
    { 0, 0, 42, 0, 0, 0, 0 }, // U+2009
    { 0, 0, 14, 0, 0, 0, 0 }, // U+200A
    { 0, 0, 0, 0, 0, 0, 0 }, // U+200B
    { 5, 2, 113, 1, 7, 3, 0 }, // U+2010
    { 5, 2, 113, 1, 7, 3, 3 }, // U+2011
    { 10, 2, 181, 1, 8, 5, 6 }, // U+2012
    { 10, 2, 180, 1, 7, 5, 11 }, // U+2013
    { 16, 2, 280, 1, 7, 8, 16 }, // U+2014
    { 16, 2, 280, 1, 7, 8, 24 }, // U+2015
    { 4, 7, 74, 1, 16, 7, 32 }, // U+2018
    { 5, 7, 74, 0, 16, 9, 39 }, // U+2019
    { 5, 7, 74, 0, 4, 9, 48 }, // U+201A
    { 9, 7, 147, 1, 16, 16, 57 }, // U+201C
    { 9, 7, 146, 0, 16, 16, 73 }, // U+201D
    { 9, 7, 146, 0, 4, 16, 89 }, // U+201E
    { 10, 17, 177, 1, 16, 43, 105 }, // U+2020
    { 10, 18, 177, 1, 16, 45, 148 }, // U+2021
    { 5, 6, 110, 1, 10, 8, 193 }, // U+2022
    { 10, 4, 200, 1, 4, 10, 201 }, // U+2025
    { 16, 4, 283, 1, 4, 16, 211 }, // U+2026
    { 0, 0, 42, 0, 0, 0, 227 }, // U+202F
    { 25, 16, 419, 1, 14, 100, 227 }, // U+2030
    { 4, 8, 85, 1, 16, 8, 327 }, // U+2032
    { 8, 8, 158, 1, 16, 16, 335 }, // U+2033
    { 6, 11, 111, 1, 11, 17, 351 }, // U+2039
    { 6, 11, 111, 0, 11, 17, 368 }, // U+203A
    { 10, 14, 220, 2, 14, 35, 385 }, // U+203C
    { 11, 16, 47, -4, 15, 44, 420 }, // U+2044
    { 15, 16, 281, 2, 16, 60, 464 }, // U+2047
    { 13, 15, 253, 2, 15, 49, 524 }, // U+2048
    { 13, 15, 249, 2, 15, 49, 573 }, // U+2049
    { 7, 9, 124, 1, 18, 16, 0 }, // U+2070
    { 4, 10, 69, 0, 19, 10, 16 }, // U+2071
    { 7, 9, 124, 1, 18, 16, 26 }, // U+2074
    { 7, 9, 124, 1, 18, 16, 42 }, // U+2075
    { 7, 9, 124, 1, 18, 16, 58 }, // U+2076
    { 6, 8, 124, 1, 17, 12, 74 }, // U+2077
    { 6, 9, 124, 1, 18, 14, 86 }, // U+2078
    { 7, 9, 124, 1, 18, 16, 100 }, // U+2079
    { 5, 13, 93, 1, 19, 17, 116 }, // U+207D
    { 6, 13, 93, 0, 19, 20, 133 }, // U+207E
    { 8, 7, 138, 0, 16, 14, 153 }, // U+207F
    { 7, 8, 124, 1, 4, 14, 167 }, // U+2080
    { 6, 9, 124, 1, 5, 14, 181 }, // U+2081
    { 6, 8, 124, 1, 4, 12, 195 }, // U+2082
    { 7, 8, 124, 1, 4, 14, 207 }, // U+2083
    { 7, 8, 124, 1, 4, 14, 221 }, // U+2084
    { 7, 8, 124, 1, 4, 14, 235 }, // U+2085
    { 7, 8, 124, 1, 4, 14, 249 }, // U+2086
    { 6, 8, 124, 1, 4, 12, 263 }, // U+2087
    { 6, 8, 124, 1, 4, 12, 275 }, // U+2088
    { 7, 9, 124, 1, 4, 16, 287 }, // U+2089
    { 5, 13, 93, 1, 6, 17, 303 }, // U+208D
    { 6, 13, 93, 0, 6, 20, 320 }, // U+208E
    { 11, 19, 181, 1, 16, 53, 0 }, // U+20A1
    { 9, 14, 181, 1, 14, 32, 53 }, // U+20A4
    { 11, 14, 181, 1, 14, 39, 85 }, // U+20A6
    { 11, 14, 181, 1, 14, 39, 124 }, // U+20A7
    { 12, 14, 181, 0, 14, 42, 163 }, // U+20A9
    { 9, 16, 181, 1, 16, 36, 205 }, // U+20AB
    { 11, 14, 181, 1, 14, 39, 241 }, // U+20AC
    { 11, 14, 181, 1, 14, 39, 280 }, // U+20AE
    { 12, 14, 181, 0, 14, 42, 319 }, // U+20B1
    { 11, 18, 181, 1, 16, 50, 361 }, // U+20B2
    { 10, 14, 181, 1, 14, 35, 411 }, // U+20B4
    { 10, 19, 181, 1, 16, 48, 446 }, // U+20B5
    { 11, 14, 181, 1, 14, 39, 494 }, // U+20B8
    { 9, 15, 181, 1, 14, 34, 533 }, // U+20B9
    { 11, 14, 181, 1, 14, 39, 567 }, // U+20BA
    { 11, 14, 181, 1, 14, 39, 606 }, // U+20BD
    { 11, 19, 181, 0, 16, 53, 645 }, // U+20BF
    { 14, 14, 220, 0, 13, 49, 0 }, // U+2190
    { 14, 14, 220, 0, 13, 49, 49 }, // U+2191
    { 14, 14, 220, 0, 13, 49, 98 }, // U+2192
    { 14, 14, 220, 0, 13, 49, 147 }, // U+2193
    { 12, 12, 220, 1, 12, 36, 196 }, // U+2196
    { 12, 12, 220, 1, 12, 36, 232 }, // U+2197
    { 12, 12, 220, 1, 12, 36, 268 }, // U+2198
    { 12, 12, 220, 1, 12, 36, 304 }, // U+2199
    { 12, 15, 188, 0, 14, 45, 0 }, // U+2202
    { 11, 14, 205, 1, 14, 39, 45 }, // U+2206
    { 15, 17, 253, 0, 14, 64, 84 }, // U+220F
    { 12, 17, 192, 0, 14, 51, 148 }, // U+2211
    { 11, 2, 181, 0, 8, 6, 199 }, // U+2212
    { 11, 16, 47, -4, 15, 44, 205 }, // U+2215
    { 4, 4, 100, 1, 9, 4, 249 }, // U+2219
    { 13, 20, 191, 0, 17, 65, 253 }, // U+221A
    { 16, 9, 263, 0, 11, 36, 318 }, // U+221E
    { 12, 21, 125, -2, 16, 63, 354 }, // U+222B
    { 11, 10, 181, 0, 12, 28, 417 }, // U+2248
    { 11, 12, 181, 0, 13, 33, 445 }, // U+2260
    { 11, 12, 181, 0, 12, 33, 478 }, // U+2264
    { 11, 12, 181, 0, 12, 33, 511 }, // U+2265
    { 16, 16, 226, 1, 16, 64, 0 }, // U+FB00
    { 13, 16, 209, 0, 16, 52, 64 }, // U+FB01
    { 12, 16, 214, 1, 16, 48, 116 }, // U+FB02
    { 19, 16, 314, 0, 16, 76, 164 }, // U+FB03
    { 19, 16, 319, 1, 16, 76, 240 }, // U+FB04
};

static const EpdUnicodeInterval sourceserif4_10_boldIntervals[] = {
    { 0x20, 0x7E, 0x0 },
    { 0xA0, 0x12B, 0x5F },
    { 0x12E, 0x131, 0xEB },
    { 0x134, 0x165, 0xEF },
    { 0x168, 0x17F, 0x121 },
    { 0x1A0, 0x1A1, 0x139 },
    { 0x1AF, 0x1B0, 0x13B },
    { 0x1CD, 0x1DC, 0x13D },
    { 0x1E6, 0x1E7, 0x14D },
    { 0x1F8, 0x1F9, 0x14F },
    { 0x218, 0x21B, 0x151 },
    { 0x300, 0x304, 0x155 },
    { 0x306, 0x30C, 0x15A },
    { 0x31B, 0x31B, 0x161 },
    { 0x323, 0x324, 0x162 },
    { 0x326, 0x329, 0x164 },
    { 0x32E, 0x32E, 0x168 },
    { 0x331, 0x331, 0x169 },
    { 0x400, 0x45F, 0x16A },
    { 0x462, 0x463, 0x1CA },
    { 0x472, 0x475, 0x1CC },
    { 0x490, 0x493, 0x1D0 },
    { 0x496, 0x49B, 0x1D4 },
    { 0x4A0, 0x4A3, 0x1DA },
    { 0x4AA, 0x4AB, 0x1DE },
    { 0x4AE, 0x4B3, 0x1E0 },
    { 0x4B6, 0x4B7, 0x1E6 },
    { 0x4BA, 0x4BB, 0x1E8 },
    { 0x4C0, 0x4C2, 0x1EA },
    { 0x4CF, 0x4D1, 0x1ED },
    { 0x4D4, 0x4D9, 0x1F0 },
    { 0x4E2, 0x4E3, 0x1F6 },
    { 0x4E6, 0x4E9, 0x1F8 },
    { 0x4EE, 0x4EF, 0x1FC },
    { 0x4F2, 0x4F3, 0x1FE },
    { 0x1EA0, 0x1EF9, 0x200 },
    { 0x2002, 0x2007, 0x25A },
    { 0x2009, 0x200B, 0x260 },
    { 0x2010, 0x2015, 0x263 },
    { 0x2018, 0x201A, 0x269 },
    { 0x201C, 0x201E, 0x26C },
    { 0x2020, 0x2022, 0x26F },
    { 0x2025, 0x2026, 0x272 },
    { 0x202F, 0x2030, 0x274 },
    { 0x2032, 0x2033, 0x276 },
    { 0x2039, 0x203A, 0x278 },
    { 0x203C, 0x203C, 0x27A },
    { 0x2044, 0x2044, 0x27B },
    { 0x2047, 0x2049, 0x27C },
    { 0x2070, 0x2071, 0x27F },
    { 0x2074, 0x2079, 0x281 },
    { 0x207D, 0x2089, 0x287 },
    { 0x208D, 0x208E, 0x294 },
    { 0x20A1, 0x20A1, 0x296 },
    { 0x20A4, 0x20A4, 0x297 },
    { 0x20A6, 0x20A7, 0x298 },
    { 0x20A9, 0x20A9, 0x29A },
    { 0x20AB, 0x20AC, 0x29B },
    { 0x20AE, 0x20AE, 0x29D },
    { 0x20B1, 0x20B2, 0x29E },
    { 0x20B4, 0x20B5, 0x2A0 },
    { 0x20B8, 0x20BA, 0x2A2 },
    { 0x20BD, 0x20BD, 0x2A5 },
    { 0x20BF, 0x20BF, 0x2A6 },
    { 0x2190, 0x2193, 0x2A7 },
    { 0x2196, 0x2199, 0x2AB },
    { 0x2202, 0x2202, 0x2AF },
    { 0x2206, 0x2206, 0x2B0 },
    { 0x220F, 0x220F, 0x2B1 },
    { 0x2211, 0x2212, 0x2B2 },
    { 0x2215, 0x2215, 0x2B4 },
    { 0x2219, 0x221A, 0x2B5 },
    { 0x221E, 0x221E, 0x2B7 },
    { 0x222B, 0x222B, 0x2B8 },
    { 0x2248, 0x2248, 0x2B9 },
    { 0x2260, 0x2260, 0x2BA },
    { 0x2264, 0x2265, 0x2BB },
    { 0xFB00, 0xFB04, 0x2BD },
};

static const EpdFontGroup sourceserif4_10_boldGroups[] = {
    { 0, 2118, 3848, 95, 0 },
    { 2118, 2072, 4774, 96, 95 },
    { 4190, 2721, 7240, 122, 191 },
    { 6911, 760, 1931, 28, 313 },
    { 7671, 146, 160, 21, 341 },
    { 7817, 3431, 8065, 150, 362 },
    { 11248, 1690, 6237, 90, 512 },
    { 12938, 431, 733, 37, 602 },
    { 13369, 276, 416, 23, 639 },
    { 13645, 521, 780, 17, 662 },
    { 14166, 224, 368, 8, 679 },
    { 14390, 345, 581, 14, 687 },
    { 14735, 161, 336, 5, 701 },
};

static const EpdKernClassEntry sourceserif4_10_boldKernLeftClasses[] = {
    { 0x0022, 1 }, // "
    { 0x0023, 2 }, // #
    { 0x0024, 3 }, // $
    { 0x0026, 4 }, // &
    { 0x0027, 1 }, // '
    { 0x0028, 5 }, // (
    { 0x0029, 6 }, // )
    { 0x002A, 7 }, // *
    { 0x002B, 8 }, // +
    { 0x002C, 9 }, // ,
    { 0x002E, 9 }, // .
    { 0x002F, 10 }, // /
    { 0x0030, 11 }, // 0
    { 0x0031, 12 }, // 1
    { 0x0032, 13 }, // 2
    { 0x0033, 14 }, // 3
    { 0x0034, 15 }, // 4
    { 0x0035, 16 }, // 5
    { 0x0036, 17 }, // 6
    { 0x0037, 18 }, // 7
    { 0x0038, 14 }, // 8
    { 0x0039, 19 }, // 9
    { 0x003A, 20 }, // :
    { 0x003B, 20 }, // ;
    { 0x003C, 21 }, // <
    { 0x003D, 22 }, // =
    { 0x003E, 8 }, // >
    { 0x003F, 23 }, // ?
    { 0x0040, 24 }, // @
    { 0x0041, 25 }, // A
    { 0x0042, 26 }, // B
    { 0x0043, 27 }, // C
    { 0x0044, 28 }, // D
    { 0x0045, 29 }, // E
    { 0x0046, 30 }, // F
    { 0x0047, 31 }, // G
    { 0x0048, 32 }, // H
    { 0x0049, 32 }, // I
    { 0x004A, 33 }, // J
    { 0x004B, 34 }, // K
    { 0x004C, 35 }, // L
    { 0x004D, 32 }, // M
    { 0x004E, 36 }, // N
    { 0x004F, 37 }, // O
    { 0x0050, 38 }, // P
    { 0x0051, 37 }, // Q
    { 0x0052, 39 }, // R
    { 0x0053, 40 }, // S
    { 0x0054, 41 }, // T
    { 0x0055, 42 }, // U
    { 0x0056, 43 }, // V
    { 0x0057, 44 }, // W
    { 0x0058, 45 }, // X
    { 0x0059, 46 }, // Y
    { 0x005A, 47 }, // Z
    { 0x005B, 5 }, // [
    { 0x005C, 48 }, // <backslash>
    { 0x005D, 6 }, // ]
    { 0x005F, 49 }, // _
    { 0x0061, 50 }, // a
    { 0x0062, 51 }, // b
    { 0x0063, 52 }, // c
    { 0x0064, 53 }, // d
    { 0x0065, 54 }, // e
    { 0x0066, 55 }, // f
    { 0x0067, 56 }, // g
    { 0x0068, 57 }, // h
    { 0x0069, 58 }, // i
    { 0x006A, 59 }, // j
    { 0x006B, 60 }, // k
    { 0x006C, 53 }, // l
    { 0x006D, 57 }, // m
    { 0x006E, 57 }, // n
    { 0x006F, 51 }, // o
    { 0x0070, 51 }, // p
    { 0x0071, 61 }, // q
    { 0x0072, 62 }, // r
    { 0x0073, 63 }, // s
    { 0x0074, 64 }, // t
    { 0x0075, 65 }, // u
    { 0x0076, 66 }, // v
    { 0x0077, 66 }, // w
    { 0x0078, 67 }, // x
    { 0x0079, 66 }, // y
    { 0x007A, 68 }, // z
    { 0x007B, 5 }, // {
    { 0x007C, 69 }, // |
    { 0x007D, 6 }, // }
    { 0x007E, 8 }, // ~
    { 0x00A0, 70 }, // U+00A0
    { 0x00A1, 71 }, // U+00A1
    { 0x00A2, 72 }, // U+00A2
    { 0x00A3, 73 }, // U+00A3
    { 0x00A5, 74 }, // U+00A5
    { 0x00A6, 69 }, // U+00A6
    { 0x00A9, 75 }, // U+00A9
    { 0x00AA, 76 }, // U+00AA
    { 0x00AB, 77 }, // U+00AB
    { 0x00AC, 22 }, // U+00AC
    { 0x00AD, 78 }, // U+00AD
    { 0x00AE, 7 }, // U+00AE
    { 0x00B1, 79 }, // U+00B1
    { 0x00B5, 80 }, // U+00B5
    { 0x00B7, 81 }, // U+00B7
    { 0x00BB, 82 }, // U+00BB
    { 0x00BF, 83 }, // U+00BF
    { 0x00C0, 25 }, // U+00C0
    { 0x00C1, 25 }, // U+00C1
    { 0x00C2, 25 }, // U+00C2
    { 0x00C3, 25 }, // U+00C3
    { 0x00C4, 25 }, // U+00C4
    { 0x00C5, 25 }, // U+00C5
    { 0x00C6, 29 }, // U+00C6
    { 0x00C7, 27 }, // U+00C7
    { 0x00C8, 29 }, // U+00C8
    { 0x00C9, 29 }, // U+00C9
    { 0x00CA, 29 }, // U+00CA
    { 0x00CB, 29 }, // U+00CB
    { 0x00CC, 32 }, // U+00CC
    { 0x00CD, 32 }, // U+00CD
    { 0x00CE, 32 }, // U+00CE
    { 0x00CF, 32 }, // U+00CF
    { 0x00D0, 28 }, // U+00D0
    { 0x00D1, 36 }, // U+00D1
    { 0x00D2, 37 }, // U+00D2
    { 0x00D3, 37 }, // U+00D3
    { 0x00D4, 37 }, // U+00D4
    { 0x00D5, 37 }, // U+00D5
    { 0x00D6, 37 }, // U+00D6
    { 0x00D7, 21 }, // U+00D7
    { 0x00D8, 37 }, // U+00D8
    { 0x00D9, 42 }, // U+00D9
    { 0x00DA, 42 }, // U+00DA
    { 0x00DB, 42 }, // U+00DB
    { 0x00DC, 42 }, // U+00DC
    { 0x00DD, 46 }, // U+00DD
    { 0x00DE, 84 }, // U+00DE
    { 0x00DF, 85 }, // U+00DF
    { 0x00E0, 50 }, // U+00E0
    { 0x00E1, 50 }, // U+00E1
    { 0x00E2, 50 }, // U+00E2
    { 0x00E3, 50 }, // U+00E3
    { 0x00E4, 50 }, // U+00E4
    { 0x00E5, 50 }, // U+00E5
    { 0x00E6, 54 }, // U+00E6
    { 0x00E7, 52 }, // U+00E7
    { 0x00E8, 54 }, // U+00E8
    { 0x00E9, 54 }, // U+00E9
    { 0x00EA, 54 }, // U+00EA
    { 0x00EB, 54 }, // U+00EB
    { 0x00EC, 58 }, // U+00EC
    { 0x00ED, 58 }, // U+00ED
    { 0x00EE, 86 }, // U+00EE
    { 0x00EF, 86 }, // U+00EF
    { 0x00F0, 87 }, // U+00F0
    { 0x00F1, 57 }, // U+00F1
    { 0x00F2, 51 }, // U+00F2
    { 0x00F3, 51 }, // U+00F3
    { 0x00F4, 51 }, // U+00F4
    { 0x00F5, 51 }, // U+00F5
    { 0x00F6, 51 }, // U+00F6
    { 0x00F7, 8 }, // U+00F7
    { 0x00F8, 51 }, // U+00F8
    { 0x00F9, 65 }, // U+00F9
    { 0x00FA, 65 }, // U+00FA
    { 0x00FB, 65 }, // U+00FB
    { 0x00FC, 65 }, // U+00FC
    { 0x00FD, 66 }, // U+00FD
    { 0x00FE, 51 }, // U+00FE
    { 0x00FF, 66 }, // U+00FF
    { 0x0100, 25 }, // U+0100
    { 0x0101, 50 }, // U+0101
    { 0x0102, 25 }, // U+0102
    { 0x0103, 50 }, // U+0103
    { 0x0104, 88 }, // U+0104
    { 0x0105, 89 }, // U+0105
    { 0x0106, 27 }, // U+0106
    { 0x0107, 52 }, // U+0107
    { 0x0108, 27 }, // U+0108
    { 0x0109, 52 }, // U+0109
    { 0x010A, 27 }, // U+010A
    { 0x010B, 52 }, // U+010B
    { 0x010C, 27 }, // U+010C
    { 0x010D, 52 }, // U+010D
    { 0x010E, 28 }, // U+010E
    { 0x010F, 90 }, // U+010F
    { 0x0110, 28 }, // U+0110
    { 0x0111, 53 }, // U+0111
    { 0x0112, 29 }, // U+0112
    { 0x0113, 54 }, // U+0113
    { 0x0114, 29 }, // U+0114
    { 0x0115, 54 }, // U+0115
    { 0x0116, 29 }, // U+0116
    { 0x0117, 54 }, // U+0117
    { 0x0118, 91 }, // U+0118
    { 0x0119, 54 }, // U+0119
    { 0x011A, 29 }, // U+011A
    { 0x011B, 54 }, // U+011B
    { 0x011C, 31 }, // U+011C
    { 0x011D, 56 }, // U+011D
    { 0x011E, 31 }, // U+011E
    { 0x011F, 56 }, // U+011F
    { 0x0120, 31 }, // U+0120
    { 0x0121, 56 }, // U+0121
    { 0x0122, 31 }, // U+0122
    { 0x0123, 56 }, // U+0123
    { 0x0124, 32 }, // U+0124
    { 0x0125, 57 }, // U+0125
    { 0x0126, 32 }, // U+0126
    { 0x0127, 57 }, // U+0127
    { 0x0128, 32 }, // U+0128
    { 0x0129, 86 }, // U+0129
    { 0x012A, 32 }, // U+012A
    { 0x012B, 86 }, // U+012B
    { 0x012E, 92 }, // U+012E
    { 0x012F, 93 }, // U+012F
    { 0x0130, 32 }, // U+0130
    { 0x0131, 58 }, // U+0131
    { 0x0134, 33 }, // U+0134
    { 0x0135, 59 }, // U+0135
    { 0x0136, 34 }, // U+0136
    { 0x0137, 60 }, // U+0137
    { 0x0138, 60 }, // U+0138
    { 0x0139, 35 }, // U+0139
    { 0x013A, 53 }, // U+013A
    { 0x013B, 35 }, // U+013B
    { 0x013C, 53 }, // U+013C
    { 0x013D, 94 }, // U+013D
    { 0x013E, 90 }, // U+013E
    { 0x0141, 35 }, // U+0141
    { 0x0142, 95 }, // U+0142
    { 0x0143, 36 }, // U+0143
    { 0x0144, 57 }, // U+0144
    { 0x0145, 36 }, // U+0145
    { 0x0146, 57 }, // U+0146
    { 0x0147, 36 }, // U+0147
    { 0x0148, 57 }, // U+0148
    { 0x014A, 33 }, // U+014A
    { 0x014B, 59 }, // U+014B
    { 0x014C, 37 }, // U+014C
    { 0x014D, 51 }, // U+014D
    { 0x014E, 37 }, // U+014E
    { 0x014F, 51 }, // U+014F
    { 0x0150, 37 }, // U+0150
    { 0x0151, 51 }, // U+0151
    { 0x0152, 29 }, // U+0152
    { 0x0153, 54 }, // U+0153
    { 0x0154, 39 }, // U+0154
    { 0x0155, 62 }, // U+0155
    { 0x0156, 39 }, // U+0156
    { 0x0157, 62 }, // U+0157
    { 0x0158, 39 }, // U+0158
    { 0x0159, 62 }, // U+0159
    { 0x015A, 40 }, // U+015A
    { 0x015B, 63 }, // U+015B
    { 0x015C, 40 }, // U+015C
    { 0x015D, 63 }, // U+015D
    { 0x015E, 40 }, // U+015E
    { 0x015F, 63 }, // U+015F
    { 0x0160, 40 }, // U+0160
    { 0x0161, 63 }, // U+0161
    { 0x0162, 41 }, // U+0162
    { 0x0163, 64 }, // U+0163
    { 0x0164, 41 }, // U+0164
    { 0x0165, 96 }, // U+0165
    { 0x0168, 42 }, // U+0168
    { 0x0169, 65 }, // U+0169
    { 0x016A, 42 }, // U+016A
    { 0x016B, 65 }, // U+016B
    { 0x016C, 42 }, // U+016C
    { 0x016D, 65 }, // U+016D
    { 0x016E, 42 }, // U+016E
    { 0x016F, 65 }, // U+016F
    { 0x0170, 42 }, // U+0170
    { 0x0171, 65 }, // U+0171
    { 0x0172, 42 }, // U+0172
    { 0x0173, 97 }, // U+0173
    { 0x0174, 44 }, // U+0174
    { 0x0175, 66 }, // U+0175
    { 0x0176, 46 }, // U+0176
    { 0x0177, 66 }, // U+0177
    { 0x0178, 46 }, // U+0178
    { 0x0179, 47 }, // U+0179
    { 0x017A, 68 }, // U+017A
    { 0x017B, 47 }, // U+017B
    { 0x017C, 68 }, // U+017C
    { 0x017D, 47 }, // U+017D
    { 0x017E, 68 }, // U+017E
    { 0x017F, 55 }, // U+017F
    { 0x01A0, 37 }, // U+01A0
    { 0x01AF, 98 }, // U+01AF
    { 0x01B0, 99 }, // U+01B0
    { 0x01CD, 25 }, // U+01CD
    { 0x01CE, 50 }, // U+01CE
    { 0x01CF, 32 }, // U+01CF
    { 0x01D0, 86 }, // U+01D0
    { 0x01D1, 37 }, // U+01D1
    { 0x01D2, 51 }, // U+01D2
    { 0x01D3, 42 }, // U+01D3
    { 0x01D4, 65 }, // U+01D4
    { 0x01D5, 42 }, // U+01D5
    { 0x01D6, 65 }, // U+01D6
    { 0x01D7, 42 }, // U+01D7
    { 0x01D8, 65 }, // U+01D8
    { 0x01D9, 42 }, // U+01D9
    { 0x01DA, 65 }, // U+01DA
    { 0x01DB, 42 }, // U+01DB
    { 0x01DC, 65 }, // U+01DC
    { 0x01E6, 31 }, // U+01E6
    { 0x01E7, 56 }, // U+01E7
    { 0x01F8, 36 }, // U+01F8
    { 0x01F9, 57 }, // U+01F9
    { 0x0218, 40 }, // U+0218
    { 0x0219, 63 }, // U+0219
    { 0x021A, 41 }, // U+021A
    { 0x021B, 64 }, // U+021B
    { 0x0400, 100 }, // U+0400
    { 0x0401, 100 }, // U+0401
    { 0x0402, 101 }, // U+0402
    { 0x0403, 102 }, // U+0403
    { 0x0404, 103 }, // U+0404
    { 0x0405, 104 }, // U+0405
    { 0x0406, 105 }, // U+0406
    { 0x0407, 105 }, // U+0407
    { 0x0408, 106 }, // U+0408
    { 0x0409, 107 }, // U+0409
    { 0x040A, 107 }, // U+040A
    { 0x040B, 108 }, // U+040B
    { 0x040C, 109 }, // U+040C
    { 0x040D, 105 }, // U+040D
    { 0x040E, 110 }, // U+040E
    { 0x040F, 105 }, // U+040F
    { 0x0410, 111 }, // U+0410
    { 0x0411, 112 }, // U+0411
    { 0x0412, 112 }, // U+0412
    { 0x0413, 102 }, // U+0413
    { 0x0414, 113 }, // U+0414
    { 0x0415, 100 }, // U+0415
    { 0x0416, 109 }, // U+0416
    { 0x0417, 112 }, // U+0417
    { 0x0418, 105 }, // U+0418
    { 0x0419, 105 }, // U+0419
    { 0x041A, 109 }, // U+041A
    { 0x041B, 105 }, // U+041B
    { 0x041C, 105 }, // U+041C
    { 0x041D, 105 }, // U+041D
    { 0x041E, 114 }, // U+041E
    { 0x041F, 105 }, // U+041F
    { 0x0420, 115 }, // U+0420
    { 0x0421, 103 }, // U+0421
    { 0x0422, 116 }, // U+0422
    { 0x0423, 110 }, // U+0423
    { 0x0424, 117 }, // U+0424
    { 0x0425, 109 }, // U+0425
    { 0x0426, 113 }, // U+0426
    { 0x0427, 105 }, // U+0427
    { 0x0428, 105 }, // U+0428
    { 0x0429, 113 }, // U+0429
    { 0x042A, 107 }, // U+042A
    { 0x042B, 105 }, // U+042B
    { 0x042C, 107 }, // U+042C
    { 0x042D, 114 }, // U+042D
    { 0x042E, 114 }, // U+042E
    { 0x042F, 105 }, // U+042F
    { 0x0430, 118 }, // U+0430
    { 0x0431, 119 }, // U+0431
    { 0x0432, 120 }, // U+0432
    { 0x0433, 121 }, // U+0433
    { 0x0434, 122 }, // U+0434
    { 0x0435, 123 }, // U+0435
    { 0x0436, 124 }, // U+0436
    { 0x0437, 120 }, // U+0437
    { 0x0438, 125 }, // U+0438
    { 0x0439, 125 }, // U+0439
    { 0x043A, 124 }, // U+043A
    { 0x043B, 125 }, // U+043B
    { 0x043C, 125 }, // U+043C
    { 0x043D, 125 }, // U+043D
    { 0x043E, 126 }, // U+043E
    { 0x043F, 125 }, // U+043F
    { 0x0440, 126 }, // U+0440
    { 0x0441, 127 }, // U+0441
    { 0x0442, 121 }, // U+0442
    { 0x0443, 128 }, // U+0443
    { 0x0444, 126 }, // U+0444
    { 0x0445, 124 }, // U+0445
    { 0x0446, 122 }, // U+0446
    { 0x0447, 125 }, // U+0447
    { 0x0448, 125 }, // U+0448
    { 0x0449, 122 }, // U+0449
    { 0x044A, 129 }, // U+044A
    { 0x044B, 125 }, // U+044B
    { 0x044C, 129 }, // U+044C
    { 0x044D, 126 }, // U+044D
    { 0x044E, 126 }, // U+044E
    { 0x044F, 125 }, // U+044F
    { 0x0450, 123 }, // U+0450
    { 0x0451, 123 }, // U+0451
    { 0x0452, 130 }, // U+0452
    { 0x0453, 121 }, // U+0453
    { 0x0454, 127 }, // U+0454
    { 0x0455, 131 }, // U+0455
    { 0x0456, 132 }, // U+0456
    { 0x0457, 133 }, // U+0457
    { 0x0458, 134 }, // U+0458
    { 0x0459, 129 }, // U+0459
    { 0x045A, 129 }, // U+045A
    { 0x045B, 135 }, // U+045B
    { 0x045C, 124 }, // U+045C
    { 0x045D, 125 }, // U+045D
    { 0x045E, 128 }, // U+045E
    { 0x045F, 125 }, // U+045F
    { 0x0462, 136 }, // U+0462
    { 0x0463, 137 }, // U+0463
    { 0x0472, 114 }, // U+0472
    { 0x0473, 126 }, // U+0473
    { 0x0474, 110 }, // U+0474
    { 0x0475, 138 }, // U+0475
    { 0x0490, 139 }, // U+0490
    { 0x0491, 140 }, // U+0491
    { 0x0492, 102 }, // U+0492
    { 0x0493, 121 }, // U+0493
    { 0x0496, 141 }, // U+0496
    { 0x0497, 142 }, // U+0497
    { 0x0498, 112 }, // U+0498
    { 0x0499, 120 }, // U+0499
    { 0x049A, 141 }, // U+049A
    { 0x049B, 142 }, // U+049B
    { 0x04A0, 109 }, // U+04A0
    { 0x04A1, 124 }, // U+04A1
    { 0x04A2, 113 }, // U+04A2
    { 0x04A3, 122 }, // U+04A3
    { 0x04AA, 103 }, // U+04AA
    { 0x04AB, 127 }, // U+04AB
    { 0x04AE, 143 }, // U+04AE
    { 0x04AF, 144 }, // U+04AF
    { 0x04B0, 143 }, // U+04B0
    { 0x04B1, 144 }, // U+04B1
    { 0x04B2, 141 }, // U+04B2
    { 0x04B3, 142 }, // U+04B3
    { 0x04B6, 113 }, // U+04B6
    { 0x04B7, 122 }, // U+04B7
    { 0x04BA, 145 }, // U+04BA
    { 0x04BB, 135 }, // U+04BB
    { 0x04C0, 105 }, // U+04C0
    { 0x04C1, 109 }, // U+04C1
    { 0x04C2, 124 }, // U+04C2
    { 0x04CF, 146 }, // U+04CF
    { 0x04D0, 111 }, // U+04D0
    { 0x04D1, 118 }, // U+04D1
    { 0x04D4, 100 }, // U+04D4
    { 0x04D5, 123 }, // U+04D5
    { 0x04D6, 100 }, // U+04D6
    { 0x04D7, 123 }, // U+04D7
    { 0x04D8, 114 }, // U+04D8
    { 0x04D9, 126 }, // U+04D9
    { 0x04E2, 105 }, // U+04E2
    { 0x04E3, 125 }, // U+04E3
    { 0x04E6, 114 }, // U+04E6
    { 0x04E7, 126 }, // U+04E7
    { 0x04E8, 114 }, // U+04E8
    { 0x04E9, 126 }, // U+04E9
    { 0x04EE, 110 }, // U+04EE
    { 0x04EF, 128 }, // U+04EF
    { 0x04F2, 110 }, // U+04F2
    { 0x04F3, 128 }, // U+04F3
    { 0x1EA0, 25 }, // U+1EA0
    { 0x1EA1, 50 }, // U+1EA1
    { 0x1EA2, 25 }, // U+1EA2
    { 0x1EA3, 50 }, // U+1EA3
    { 0x1EA4, 25 }, // U+1EA4
    { 0x1EA5, 50 }, // U+1EA5
    { 0x1EA6, 25 }, // U+1EA6
    { 0x1EA7, 50 }, // U+1EA7
    { 0x1EA8, 25 }, // U+1EA8
    { 0x1EA9, 50 }, // U+1EA9
    { 0x1EAA, 25 }, // U+1EAA
    { 0x1EAB, 50 }, // U+1EAB
    { 0x1EAC, 25 }, // U+1EAC
    { 0x1EAD, 50 }, // U+1EAD
    { 0x1EAE, 25 }, // U+1EAE
    { 0x1EAF, 50 }, // U+1EAF
    { 0x1EB0, 25 }, // U+1EB0
    { 0x1EB1, 50 }, // U+1EB1
    { 0x1EB2, 25 }, // U+1EB2
    { 0x1EB3, 50 }, // U+1EB3
    { 0x1EB4, 25 }, // U+1EB4
    { 0x1EB5, 50 }, // U+1EB5
    { 0x1EB6, 25 }, // U+1EB6
    { 0x1EB7, 50 }, // U+1EB7
    { 0x1EB8, 29 }, // U+1EB8
    { 0x1EB9, 54 }, // U+1EB9
    { 0x1EBA, 29 }, // U+1EBA
    { 0x1EBB, 54 }, // U+1EBB
    { 0x1EBC, 29 }, // U+1EBC
    { 0x1EBD, 54 }, // U+1EBD
    { 0x1EBE, 29 }, // U+1EBE
    { 0x1EBF, 54 }, // U+1EBF
    { 0x1EC0, 29 }, // U+1EC0
    { 0x1EC1, 54 }, // U+1EC1
    { 0x1EC2, 29 }, // U+1EC2
    { 0x1EC3, 54 }, // U+1EC3
    { 0x1EC4, 29 }, // U+1EC4
    { 0x1EC5, 54 }, // U+1EC5
    { 0x1EC6, 29 }, // U+1EC6
    { 0x1EC7, 54 }, // U+1EC7
    { 0x1EC8, 32 }, // U+1EC8
    { 0x1EC9, 58 }, // U+1EC9
    { 0x1ECA, 32 }, // U+1ECA
    { 0x1ECB, 58 }, // U+1ECB
    { 0x1ECC, 37 }, // U+1ECC
    { 0x1ECD, 51 }, // U+1ECD
    { 0x1ECE, 37 }, // U+1ECE
    { 0x1ECF, 51 }, // U+1ECF
    { 0x1ED0, 37 }, // U+1ED0
    { 0x1ED1, 51 }, // U+1ED1
    { 0x1ED2, 37 }, // U+1ED2
    { 0x1ED3, 51 }, // U+1ED3
    { 0x1ED4, 37 }, // U+1ED4
    { 0x1ED5, 51 }, // U+1ED5
    { 0x1ED6, 37 }, // U+1ED6
    { 0x1ED7, 51 }, // U+1ED7
    { 0x1ED8, 37 }, // U+1ED8
    { 0x1ED9, 51 }, // U+1ED9
    { 0x1EDA, 37 }, // U+1EDA
    { 0x1EDC, 37 }, // U+1EDC
    { 0x1EDE, 37 }, // U+1EDE
    { 0x1EE0, 37 }, // U+1EE0
    { 0x1EE2, 37 }, // U+1EE2
    { 0x1EE4, 42 }, // U+1EE4
    { 0x1EE5, 65 }, // U+1EE5
    { 0x1EE6, 42 }, // U+1EE6
    { 0x1EE7, 65 }, // U+1EE7
    { 0x1EE8, 98 }, // U+1EE8
    { 0x1EE9, 99 }, // U+1EE9
    { 0x1EEA, 98 }, // U+1EEA
    { 0x1EEB, 99 }, // U+1EEB
    { 0x1EEC, 98 }, // U+1EEC
    { 0x1EED, 99 }, // U+1EED
    { 0x1EEE, 98 }, // U+1EEE
    { 0x1EEF, 99 }, // U+1EEF
    { 0x1EF0, 98 }, // U+1EF0
    { 0x1EF1, 99 }, // U+1EF1
    { 0x1EF2, 46 }, // U+1EF2
    { 0x1EF3, 66 }, // U+1EF3
    { 0x1EF4, 46 }, // U+1EF4
    { 0x1EF5, 66 }, // U+1EF5
    { 0x1EF6, 46 }, // U+1EF6
    { 0x1EF7, 66 }, // U+1EF7
    { 0x1EF8, 46 }, // U+1EF8
    { 0x1EF9, 66 }, // U+1EF9
    { 0x2012, 78 }, // U+2012
    { 0x2013, 78 }, // U+2013
    { 0x2014, 78 }, // U+2014
    { 0x2015, 78 }, // U+2015
    { 0x2018, 147 }, // U+2018
    { 0x2019, 148 }, // U+2019
    { 0x201A, 149 }, // U+201A
    { 0x201C, 147 }, // U+201C
    { 0x201D, 148 }, // U+201D
    { 0x201E, 149 }, // U+201E
    { 0x2022, 150 }, // U+2022
    { 0x2026, 9 }, // U+2026
    { 0x2039, 77 }, // U+2039
    { 0x203A, 82 }, // U+203A
    { 0x2071, 76 }, // U+2071
    { 0x207F, 76 }, // U+207F
    { 0x20B9, 151 }, // U+20B9
    { 0x20BA, 152 }, // U+20BA
    { 0x2206, 153 }, // U+2206
    { 0x2212, 8 }, // U+2212
    { 0x2219, 81 }, // U+2219
    { 0x221A, 154 }, // U+221A
    { 0x2248, 22 }, // U+2248
    { 0x2260, 22 }, // U+2260
    { 0x2264, 155 }, // U+2264
    { 0x2265, 156 }, // U+2265
    { 0xFB00, 55 }, // U+FB00
    { 0xFB01, 58 }, // U+FB01
    { 0xFB02, 53 }, // U+FB02
    { 0xFB03, 58 }, // U+FB03
    { 0xFB04, 53 }, // U+FB04
};

static const EpdKernClassEntry sourceserif4_10_boldKernRightClasses[] = {
    { 0x0021, 1 }, // !
    { 0x0022, 2 }, // "
    { 0x0023, 3 }, // #
    { 0x0024, 4 }, // $
    { 0x0025, 5 }, // %
    { 0x0026, 6 }, // &
    { 0x0027, 2 }, // '
    { 0x0028, 7 }, // (
    { 0x0029, 8 }, // )
    { 0x002A, 9 }, // *
    { 0x002B, 10 }, // +
    { 0x002C, 11 }, // ,
    { 0x002E, 11 }, // .
    { 0x002F, 12 }, // /
    { 0x0030, 13 }, // 0
    { 0x0031, 14 }, // 1
    { 0x0032, 15 }, // 2
    { 0x0033, 16 }, // 3
    { 0x0034, 17 }, // 4
    { 0x0035, 18 }, // 5
    { 0x0036, 19 }, // 6
    { 0x0037, 20 }, // 7
    { 0x0038, 21 }, // 8
    { 0x0039, 22 }, // 9
    { 0x003A, 23 }, // :
    { 0x003B, 23 }, // ;
    { 0x003C, 10 }, // <
    { 0x003D, 24 }, // =
    { 0x003E, 25 }, // >
    { 0x003F, 26 }, // ?
    { 0x0040, 27 }, // @
    { 0x0041, 28 }, // A
    { 0x0042, 29 }, // B
    { 0x0043, 30 }, // C
    { 0x0044, 29 }, // D
    { 0x0045, 29 }, // E
    { 0x0046, 29 }, // F
    { 0x0047, 30 }, // G
    { 0x0048, 29 }, // H
    { 0x0049, 29 }, // I
    { 0x004A, 31 }, // J
    { 0x004B, 29 }, // K
    { 0x004C, 29 }, // L
    { 0x004D, 32 }, // M
    { 0x004E, 32 }, // N
    { 0x004F, 30 }, // O
    { 0x0050, 29 }, // P
    { 0x0051, 30 }, // Q
    { 0x0052, 29 }, // R
    { 0x0053, 33 }, // S
    { 0x0054, 34 }, // T
    { 0x0055, 35 }, // U
    { 0x0056, 36 }, // V
    { 0x0057, 37 }, // W
    { 0x0058, 38 }, // X
    { 0x0059, 39 }, // Y
    { 0x005A, 40 }, // Z
    { 0x005B, 7 }, // [
    { 0x005C, 41 }, // <backslash>
    { 0x005D, 8 }, // ]
    { 0x005F, 42 }, // _
    { 0x0061, 43 }, // a
    { 0x0062, 44 }, // b
    { 0x0063, 45 }, // c
    { 0x0064, 45 }, // d
    { 0x0065, 45 }, // e
    { 0x0066, 46 }, // f
    { 0x0067, 47 }, // g
    { 0x0068, 44 }, // h
    { 0x0069, 48 }, // i
    { 0x006A, 49 }, // j
    { 0x006B, 44 }, // k
    { 0x006C, 44 }, // l
    { 0x006D, 50 }, // m
    { 0x006E, 50 }, // n
    { 0x006F, 45 }, // o
    { 0x0070, 51 }, // p
    { 0x0071, 45 }, // q
    { 0x0072, 50 }, // r
    { 0x0073, 52 }, // s
    { 0x0074, 53 }, // t
    { 0x0075, 54 }, // u
    { 0x0076, 55 }, // v
    { 0x0077, 55 }, // w
    { 0x0078, 56 }, // x
    { 0x0079, 57 }, // y
    { 0x007A, 58 }, // z
    { 0x007B, 7 }, // {
    { 0x007C, 59 }, // |
    { 0x007D, 8 }, // }
    { 0x007E, 10 }, // ~
    { 0x00A0, 60 }, // U+00A0
    { 0x00A1, 61 }, // U+00A1
    { 0x00A2, 62 }, // U+00A2
    { 0x00A3, 63 }, // U+00A3
    { 0x00A5, 64 }, // U+00A5
    { 0x00A6, 59 }, // U+00A6
    { 0x00A9, 65 }, // U+00A9
    { 0x00AA, 66 }, // U+00AA
    { 0x00AB, 67 }, // U+00AB
    { 0x00AC, 10 }, // U+00AC
    { 0x00AD, 68 }, // U+00AD
    { 0x00AE, 9 }, // U+00AE
    { 0x00B0, 69 }, // U+00B0
    { 0x00B1, 70 }, // U+00B1
    { 0x00B2, 71 }, // U+00B2
    { 0x00B3, 71 }, // U+00B3
    { 0x00B5, 72 }, // U+00B5
    { 0x00B7, 73 }, // U+00B7
    { 0x00B9, 71 }, // U+00B9
    { 0x00BA, 66 }, // U+00BA
    { 0x00BB, 74 }, // U+00BB
    { 0x00BC, 5 }, // U+00BC
    { 0x00BD, 5 }, // U+00BD
    { 0x00BE, 5 }, // U+00BE
    { 0x00BF, 75 }, // U+00BF
    { 0x00C0, 28 }, // U+00C0
    { 0x00C1, 28 }, // U+00C1
    { 0x00C2, 28 }, // U+00C2
    { 0x00C3, 28 }, // U+00C3
    { 0x00C4, 28 }, // U+00C4
    { 0x00C5, 28 }, // U+00C5
    { 0x00C6, 76 }, // U+00C6
    { 0x00C7, 30 }, // U+00C7
    { 0x00C8, 29 }, // U+00C8
    { 0x00C9, 29 }, // U+00C9
    { 0x00CA, 29 }, // U+00CA
    { 0x00CB, 29 }, // U+00CB
    { 0x00CC, 29 }, // U+00CC
    { 0x00CD, 29 }, // U+00CD
    { 0x00CE, 29 }, // U+00CE
    { 0x00CF, 29 }, // U+00CF
    { 0x00D0, 29 }, // U+00D0
    { 0x00D1, 32 }, // U+00D1
    { 0x00D2, 30 }, // U+00D2
    { 0x00D3, 30 }, // U+00D3
    { 0x00D4, 30 }, // U+00D4
    { 0x00D5, 30 }, // U+00D5
    { 0x00D6, 30 }, // U+00D6
    { 0x00D7, 25 }, // U+00D7
    { 0x00D8, 30 }, // U+00D8
    { 0x00D9, 35 }, // U+00D9
    { 0x00DA, 35 }, // U+00DA
    { 0x00DB, 35 }, // U+00DB
    { 0x00DC, 35 }, // U+00DC
    { 0x00DD, 39 }, // U+00DD
    { 0x00DE, 29 }, // U+00DE
    { 0x00DF, 46 }, // U+00DF
    { 0x00E0, 43 }, // U+00E0
    { 0x00E1, 43 }, // U+00E1
    { 0x00E2, 43 }, // U+00E2
    { 0x00E3, 77 }, // U+00E3
    { 0x00E4, 78 }, // U+00E4
    { 0x00E5, 43 }, // U+00E5
    { 0x00E6, 43 }, // U+00E6
    { 0x00E7, 45 }, // U+00E7
    { 0x00E8, 45 }, // U+00E8
    { 0x00E9, 45 }, // U+00E9
    { 0x00EA, 45 }, // U+00EA
    { 0x00EB, 79 }, // U+00EB
    { 0x00EC, 80 }, // U+00EC
    { 0x00ED, 48 }, // U+00ED
    { 0x00EE, 81 }, // U+00EE
    { 0x00EF, 82 }, // U+00EF
    { 0x00F0, 83 }, // U+00F0
    { 0x00F1, 50 }, // U+00F1
    { 0x00F2, 45 }, // U+00F2
    { 0x00F3, 45 }, // U+00F3
    { 0x00F4, 45 }, // U+00F4
    { 0x00F5, 45 }, // U+00F5
    { 0x00F6, 84 }, // U+00F6
    { 0x00F7, 10 }, // U+00F7
    { 0x00F8, 45 }, // U+00F8
    { 0x00F9, 54 }, // U+00F9
    { 0x00FA, 54 }, // U+00FA
    { 0x00FB, 54 }, // U+00FB
    { 0x00FC, 54 }, // U+00FC
    { 0x00FD, 57 }, // U+00FD
    { 0x00FE, 85 }, // U+00FE
    { 0x00FF, 57 }, // U+00FF
    { 0x0100, 28 }, // U+0100
    { 0x0101, 43 }, // U+0101
    { 0x0102, 28 }, // U+0102
    { 0x0103, 43 }, // U+0103
    { 0x0104, 28 }, // U+0104
    { 0x0105, 43 }, // U+0105
    { 0x0106, 30 }, // U+0106
    { 0x0107, 45 }, // U+0107
    { 0x0108, 30 }, // U+0108
    { 0x0109, 45 }, // U+0109
    { 0x010A, 30 }, // U+010A
    { 0x010B, 45 }, // U+010B
    { 0x010C, 30 }, // U+010C
    { 0x010D, 45 }, // U+010D
    { 0x010E, 29 }, // U+010E
    { 0x010F, 45 }, // U+010F
    { 0x0110, 29 }, // U+0110
    { 0x0111, 45 }, // U+0111
    { 0x0112, 29 }, // U+0112
    { 0x0113, 45 }, // U+0113
    { 0x0114, 29 }, // U+0114
    { 0x0115, 45 }, // U+0115
    { 0x0116, 29 }, // U+0116
    { 0x0117, 45 }, // U+0117
    { 0x0118, 29 }, // U+0118
    { 0x0119, 45 }, // U+0119
    { 0x011A, 29 }, // U+011A
    { 0x011B, 45 }, // U+011B
    { 0x011C, 30 }, // U+011C
    { 0x011D, 47 }, // U+011D
    { 0x011E, 30 }, // U+011E
    { 0x011F, 47 }, // U+011F
    { 0x0120, 30 }, // U+0120
    { 0x0121, 47 }, // U+0121
    { 0x0122, 30 }, // U+0122
    { 0x0123, 47 }, // U+0123
    { 0x0124, 29 }, // U+0124
    { 0x0125, 44 }, // U+0125
    { 0x0126, 29 }, // U+0126
    { 0x0127, 44 }, // U+0127
    { 0x0128, 29 }, // U+0128
    { 0x0129, 86 }, // U+0129
    { 0x012A, 29 }, // U+012A
    { 0x012B, 87 }, // U+012B
    { 0x012E, 29 }, // U+012E
    { 0x012F, 48 }, // U+012F
    { 0x0130, 29 }, // U+0130
    { 0x0131, 50 }, // U+0131
    { 0x0134, 31 }, // U+0134
    { 0x0135, 49 }, // U+0135
    { 0x0136, 29 }, // U+0136
    { 0x0137, 44 }, // U+0137
    { 0x0138, 50 }, // U+0138
    { 0x0139, 29 }, // U+0139
    { 0x013A, 44 }, // U+013A
    { 0x013B, 29 }, // U+013B
    { 0x013C, 44 }, // U+013C
    { 0x013D, 29 }, // U+013D
    { 0x013E, 44 }, // U+013E
    { 0x013F, 29 }, // U+013F
    { 0x0140, 44 }, // U+0140
    { 0x0141, 29 }, // U+0141
    { 0x0142, 44 }, // U+0142
    { 0x0143, 32 }, // U+0143
    { 0x0144, 50 }, // U+0144
    { 0x0145, 32 }, // U+0145
    { 0x0146, 50 }, // U+0146
    { 0x0147, 32 }, // U+0147
    { 0x0148, 50 }, // U+0148
    { 0x014A, 32 }, // U+014A
    { 0x014B, 50 }, // U+014B
    { 0x014C, 30 }, // U+014C
    { 0x014D, 45 }, // U+014D
    { 0x014E, 30 }, // U+014E
    { 0x014F, 45 }, // U+014F
    { 0x0150, 30 }, // U+0150
    { 0x0151, 45 }, // U+0151
    { 0x0152, 30 }, // U+0152
    { 0x0153, 45 }, // U+0153
    { 0x0154, 29 }, // U+0154
    { 0x0155, 50 }, // U+0155
    { 0x0156, 29 }, // U+0156
    { 0x0157, 50 }, // U+0157
    { 0x0158, 29 }, // U+0158
    { 0x0159, 50 }, // U+0159
    { 0x015A, 33 }, // U+015A
    { 0x015B, 52 }, // U+015B
    { 0x015C, 33 }, // U+015C
    { 0x015D, 52 }, // U+015D
    { 0x015E, 33 }, // U+015E
    { 0x015F, 52 }, // U+015F
    { 0x0160, 33 }, // U+0160
    { 0x0161, 88 }, // U+0161
    { 0x0162, 34 }, // U+0162
    { 0x0163, 53 }, // U+0163
    { 0x0164, 34 }, // U+0164
    { 0x0165, 53 }, // U+0165
    { 0x0168, 35 }, // U+0168
    { 0x0169, 54 }, // U+0169
    { 0x016A, 35 }, // U+016A
    { 0x016B, 54 }, // U+016B
    { 0x016C, 35 }, // U+016C
    { 0x016D, 54 }, // U+016D
    { 0x016E, 35 }, // U+016E
    { 0x016F, 54 }, // U+016F
    { 0x0170, 35 }, // U+0170
    { 0x0171, 54 }, // U+0171
    { 0x0172, 35 }, // U+0172
    { 0x0173, 54 }, // U+0173
    { 0x0174, 37 }, // U+0174
    { 0x0175, 55 }, // U+0175
    { 0x0176, 39 }, // U+0176
    { 0x0177, 57 }, // U+0177
    { 0x0178, 39 }, // U+0178
    { 0x0179, 40 }, // U+0179
    { 0x017A, 58 }, // U+017A
    { 0x017B, 40 }, // U+017B
    { 0x017C, 58 }, // U+017C
    { 0x017D, 40 }, // U+017D
    { 0x017E, 58 }, // U+017E
    { 0x017F, 46 }, // U+017F
    { 0x01A0, 30 }, // U+01A0
    { 0x01A1, 45 }, // U+01A1
    { 0x01AF, 35 }, // U+01AF
    { 0x01B0, 54 }, // U+01B0
    { 0x01CD, 28 }, // U+01CD
    { 0x01CE, 43 }, // U+01CE
    { 0x01CF, 29 }, // U+01CF
    { 0x01D0, 87 }, // U+01D0
    { 0x01D1, 30 }, // U+01D1
    { 0x01D2, 45 }, // U+01D2
    { 0x01D3, 35 }, // U+01D3
    { 0x01D4, 54 }, // U+01D4
    { 0x01D5, 35 }, // U+01D5
    { 0x01D6, 54 }, // U+01D6
    { 0x01D7, 35 }, // U+01D7
    { 0x01D8, 54 }, // U+01D8
    { 0x01D9, 35 }, // U+01D9
    { 0x01DA, 54 }, // U+01DA
    { 0x01DB, 35 }, // U+01DB
    { 0x01DC, 54 }, // U+01DC
    { 0x01E6, 30 }, // U+01E6
    { 0x01E7, 47 }, // U+01E7
    { 0x01F8, 32 }, // U+01F8
    { 0x01F9, 50 }, // U+01F9
    { 0x0218, 33 }, // U+0218
    { 0x0219, 52 }, // U+0219
    { 0x021A, 34 }, // U+021A
    { 0x021B, 53 }, // U+021B
    { 0x0400, 89 }, // U+0400
    { 0x0401, 89 }, // U+0401
    { 0x0402, 90 }, // U+0402
    { 0x0403, 89 }, // U+0403
    { 0x0404, 91 }, // U+0404
    { 0x0405, 92 }, // U+0405
    { 0x0406, 89 }, // U+0406
    { 0x0407, 89 }, // U+0407
    { 0x0408, 93 }, // U+0408
    { 0x0409, 94 }, // U+0409
    { 0x040A, 89 }, // U+040A
    { 0x040B, 90 }, // U+040B
    { 0x040C, 89 }, // U+040C
    { 0x040D, 89 }, // U+040D
    { 0x040E, 95 }, // U+040E
    { 0x040F, 89 }, // U+040F
    { 0x0410, 96 }, // U+0410
    { 0x0411, 89 }, // U+0411
    { 0x0412, 89 }, // U+0412
    { 0x0413, 89 }, // U+0413
    { 0x0414, 97 }, // U+0414
    { 0x0415, 89 }, // U+0415
    { 0x0416, 98 }, // U+0416
    { 0x0417, 99 }, // U+0417
    { 0x0418, 89 }, // U+0418
    { 0x0419, 89 }, // U+0419
    { 0x041A, 89 }, // U+041A
    { 0x041B, 94 }, // U+041B
    { 0x041C, 100 }, // U+041C
    { 0x041D, 89 }, // U+041D
    { 0x041E, 91 }, // U+041E
    { 0x041F, 89 }, // U+041F
    { 0x0420, 89 }, // U+0420
    { 0x0421, 91 }, // U+0421
    { 0x0422, 90 }, // U+0422
    { 0x0423, 95 }, // U+0423
    { 0x0424, 101 }, // U+0424
    { 0x0425, 98 }, // U+0425
    { 0x0426, 89 }, // U+0426
    { 0x0427, 102 }, // U+0427
    { 0x0428, 89 }, // U+0428
    { 0x0429, 89 }, // U+0429
    { 0x042A, 90 }, // U+042A
    { 0x042B, 89 }, // U+042B
    { 0x042C, 89 }, // U+042C
    { 0x042D, 99 }, // U+042D
    { 0x042E, 89 }, // U+042E
    { 0x042F, 103 }, // U+042F
    { 0x0430, 104 }, // U+0430
    { 0x0431, 105 }, // U+0431
    { 0x0432, 106 }, // U+0432
    { 0x0433, 106 }, // U+0433
    { 0x0434, 107 }, // U+0434
    { 0x0435, 108 }, // U+0435
    { 0x0436, 109 }, // U+0436
    { 0x0437, 110 }, // U+0437
    { 0x0438, 106 }, // U+0438
    { 0x0439, 106 }, // U+0439
    { 0x043A, 106 }, // U+043A
    { 0x043B, 111 }, // U+043B
    { 0x043C, 106 }, // U+043C
    { 0x043D, 106 }, // U+043D
    { 0x043E, 108 }, // U+043E
    { 0x043F, 106 }, // U+043F
    { 0x0440, 112 }, // U+0440
    { 0x0441, 108 }, // U+0441
    { 0x0442, 113 }, // U+0442
    { 0x0443, 114 }, // U+0443
    { 0x0444, 108 }, // U+0444
    { 0x0445, 109 }, // U+0445
    { 0x0446, 106 }, // U+0446
    { 0x0447, 115 }, // U+0447
    { 0x0448, 106 }, // U+0448
    { 0x0449, 106 }, // U+0449
    { 0x044A, 113 }, // U+044A
    { 0x044B, 106 }, // U+044B
    { 0x044C, 106 }, // U+044C
    { 0x044D, 110 }, // U+044D
    { 0x044E, 106 }, // U+044E
    { 0x044F, 116 }, // U+044F
    { 0x0450, 108 }, // U+0450
    { 0x0451, 108 }, // U+0451
    { 0x0452, 117 }, // U+0452
    { 0x0453, 106 }, // U+0453
    { 0x0454, 108 }, // U+0454
    { 0x0455, 118 }, // U+0455
    { 0x0456, 119 }, // U+0456
    { 0x0457, 120 }, // U+0457
    { 0x0458, 121 }, // U+0458
    { 0x0459, 111 }, // U+0459
    { 0x045A, 106 }, // U+045A
    { 0x045B, 117 }, // U+045B
    { 0x045C, 106 }, // U+045C
    { 0x045D, 106 }, // U+045D
    { 0x045E, 114 }, // U+045E
    { 0x045F, 106 }, // U+045F
    { 0x0462, 122 }, // U+0462
    { 0x0463, 123 }, // U+0463
    { 0x0472, 91 }, // U+0472
    { 0x0473, 108 }, // U+0473
    { 0x0474, 124 }, // U+0474
    { 0x0475, 125 }, // U+0475
    { 0x0490, 89 }, // U+0490
    { 0x0491, 106 }, // U+0491
    { 0x0492, 89 }, // U+0492
    { 0x0493, 106 }, // U+0493
    { 0x0496, 98 }, // U+0496
    { 0x0497, 109 }, // U+0497
    { 0x0498, 99 }, // U+0498
    { 0x0499, 110 }, // U+0499
    { 0x049A, 89 }, // U+049A
    { 0x049B, 106 }, // U+049B
    { 0x04A0, 90 }, // U+04A0
    { 0x04A1, 113 }, // U+04A1
    { 0x04A2, 89 }, // U+04A2
    { 0x04A3, 106 }, // U+04A3
    { 0x04AA, 91 }, // U+04AA
    { 0x04AB, 108 }, // U+04AB
    { 0x04AE, 126 }, // U+04AE
    { 0x04AF, 125 }, // U+04AF
    { 0x04B0, 126 }, // U+04B0
    { 0x04B1, 125 }, // U+04B1
    { 0x04B2, 98 }, // U+04B2
    { 0x04B3, 109 }, // U+04B3
    { 0x04B6, 102 }, // U+04B6
    { 0x04B7, 115 }, // U+04B7
    { 0x04BA, 89 }, // U+04BA
    { 0x04BB, 117 }, // U+04BB
    { 0x04C0, 89 }, // U+04C0
    { 0x04C1, 98 }, // U+04C1
    { 0x04C2, 109 }, // U+04C2
    { 0x04CF, 117 }, // U+04CF
    { 0x04D0, 96 }, // U+04D0
    { 0x04D1, 127 }, // U+04D1
    { 0x04D4, 128 }, // U+04D4
    { 0x04D5, 104 }, // U+04D5
    { 0x04D6, 89 }, // U+04D6
    { 0x04D7, 108 }, // U+04D7
    { 0x04D8, 91 }, // U+04D8
    { 0x04D9, 108 }, // U+04D9
    { 0x04E2, 89 }, // U+04E2
    { 0x04E3, 106 }, // U+04E3
    { 0x04E6, 91 }, // U+04E6
    { 0x04E7, 108 }, // U+04E7
    { 0x04E8, 91 }, // U+04E8
    { 0x04E9, 108 }, // U+04E9
    { 0x04EE, 95 }, // U+04EE
    { 0x04EF, 114 }, // U+04EF
    { 0x04F2, 95 }, // U+04F2
    { 0x04F3, 114 }, // U+04F3
    { 0x1EA0, 28 }, // U+1EA0
    { 0x1EA1, 43 }, // U+1EA1
    { 0x1EA2, 28 }, // U+1EA2
    { 0x1EA3, 43 }, // U+1EA3
    { 0x1EA4, 28 }, // U+1EA4
    { 0x1EA5, 43 }, // U+1EA5
    { 0x1EA6, 28 }, // U+1EA6
    { 0x1EA7, 43 }, // U+1EA7
    { 0x1EA8, 28 }, // U+1EA8
    { 0x1EA9, 43 }, // U+1EA9
    { 0x1EAA, 28 }, // U+1EAA
    { 0x1EAB, 43 }, // U+1EAB
    { 0x1EAC, 28 }, // U+1EAC
    { 0x1EAD, 43 }, // U+1EAD
    { 0x1EAE, 28 }, // U+1EAE
    { 0x1EAF, 43 }, // U+1EAF
    { 0x1EB0, 28 }, // U+1EB0
    { 0x1EB1, 43 }, // U+1EB1
    { 0x1EB2, 28 }, // U+1EB2
    { 0x1EB3, 43 }, // U+1EB3
    { 0x1EB4, 28 }, // U+1EB4
    { 0x1EB5, 43 }, // U+1EB5
    { 0x1EB6, 28 }, // U+1EB6
    { 0x1EB7, 43 }, // U+1EB7
    { 0x1EB8, 29 }, // U+1EB8
    { 0x1EB9, 45 }, // U+1EB9
    { 0x1EBA, 29 }, // U+1EBA
    { 0x1EBB, 45 }, // U+1EBB
    { 0x1EBC, 29 }, // U+1EBC
    { 0x1EBD, 45 }, // U+1EBD
    { 0x1EBE, 29 }, // U+1EBE
    { 0x1EBF, 45 }, // U+1EBF
    { 0x1EC0, 29 }, // U+1EC0
    { 0x1EC1, 45 }, // U+1EC1
    { 0x1EC2, 29 }, // U+1EC2
    { 0x1EC3, 45 }, // U+1EC3
    { 0x1EC4, 29 }, // U+1EC4
    { 0x1EC5, 45 }, // U+1EC5
    { 0x1EC6, 29 }, // U+1EC6
    { 0x1EC7, 45 }, // U+1EC7
    { 0x1EC8, 29 }, // U+1EC8
    { 0x1EC9, 48 }, // U+1EC9
    { 0x1ECA, 29 }, // U+1ECA
    { 0x1ECB, 48 }, // U+1ECB
    { 0x1ECC, 30 }, // U+1ECC
    { 0x1ECD, 45 }, // U+1ECD
    { 0x1ECE, 30 }, // U+1ECE
    { 0x1ECF, 45 }, // U+1ECF
    { 0x1ED0, 30 }, // U+1ED0
    { 0x1ED1, 45 }, // U+1ED1
    { 0x1ED2, 30 }, // U+1ED2
    { 0x1ED3, 45 }, // U+1ED3
    { 0x1ED4, 30 }, // U+1ED4
    { 0x1ED5, 45 }, // U+1ED5
    { 0x1ED6, 30 }, // U+1ED6
    { 0x1ED7, 45 }, // U+1ED7
    { 0x1ED8, 30 }, // U+1ED8
    { 0x1ED9, 45 }, // U+1ED9
    { 0x1EDA, 30 }, // U+1EDA
    { 0x1EDB, 45 }, // U+1EDB
    { 0x1EDC, 30 }, // U+1EDC
    { 0x1EDD, 45 }, // U+1EDD
    { 0x1EDE, 30 }, // U+1EDE
    { 0x1EDF, 45 }, // U+1EDF
    { 0x1EE0, 30 }, // U+1EE0
    { 0x1EE1, 45 }, // U+1EE1
    { 0x1EE2, 30 }, // U+1EE2
    { 0x1EE3, 45 }, // U+1EE3
    { 0x1EE4, 35 }, // U+1EE4
    { 0x1EE5, 54 }, // U+1EE5
    { 0x1EE6, 35 }, // U+1EE6
    { 0x1EE7, 54 }, // U+1EE7
    { 0x1EE8, 35 }, // U+1EE8
    { 0x1EE9, 54 }, // U+1EE9
    { 0x1EEA, 35 }, // U+1EEA
    { 0x1EEB, 54 }, // U+1EEB
    { 0x1EEC, 35 }, // U+1EEC
    { 0x1EED, 54 }, // U+1EED
    { 0x1EEE, 35 }, // U+1EEE
    { 0x1EEF, 54 }, // U+1EEF
    { 0x1EF0, 35 }, // U+1EF0
    { 0x1EF1, 54 }, // U+1EF1
    { 0x1EF2, 39 }, // U+1EF2
    { 0x1EF3, 57 }, // U+1EF3
    { 0x1EF4, 39 }, // U+1EF4
    { 0x1EF5, 57 }, // U+1EF5
    { 0x1EF6, 39 }, // U+1EF6
    { 0x1EF7, 57 }, // U+1EF7
    { 0x1EF8, 39 }, // U+1EF8
    { 0x1EF9, 57 }, // U+1EF9
    { 0x2012, 68 }, // U+2012
    { 0x2013, 68 }, // U+2013
    { 0x2014, 68 }, // U+2014
    { 0x2015, 68 }, // U+2015
    { 0x2018, 129 }, // U+2018
    { 0x2019, 130 }, // U+2019
    { 0x201A, 131 }, // U+201A
    { 0x201C, 129 }, // U+201C
    { 0x201D, 130 }, // U+201D
    { 0x201E, 131 }, // U+201E
    { 0x2022, 132 }, // U+2022
    { 0x2026, 11 }, // U+2026
    { 0x2030, 5 }, // U+2030
    { 0x2032, 2 }, // U+2032
    { 0x2033, 2 }, // U+2033
    { 0x2039, 67 }, // U+2039
    { 0x203A, 74 }, // U+203A
    { 0x2070, 71 }, // U+2070
    { 0x2071, 133 }, // U+2071
    { 0x2074, 71 }, // U+2074
    { 0x2075, 71 }, // U+2075
    { 0x2076, 71 }, // U+2076
    { 0x2077, 71 }, // U+2077
    { 0x2078, 71 }, // U+2078
    { 0x2079, 71 }, // U+2079
    { 0x207D, 134 }, // U+207D
    { 0x207E, 134 }, // U+207E
    { 0x207F, 133 }, // U+207F
    { 0x2080, 135 }, // U+2080
    { 0x2081, 135 }, // U+2081
    { 0x2082, 135 }, // U+2082
    { 0x2083, 135 }, // U+2083
    { 0x2084, 135 }, // U+2084
    { 0x2085, 135 }, // U+2085
    { 0x2086, 135 }, // U+2086
    { 0x2087, 135 }, // U+2087
    { 0x2088, 135 }, // U+2088
    { 0x2089, 135 }, // U+2089
    { 0x20AC, 136 }, // U+20AC
    { 0x20B9, 137 }, // U+20B9
    { 0x20BA, 138 }, // U+20BA
    { 0x2206, 139 }, // U+2206
    { 0x2212, 10 }, // U+2212
    { 0x2219, 73 }, // U+2219
    { 0x2248, 24 }, // U+2248
    { 0x2260, 24 }, // U+2260
    { 0x2264, 140 }, // U+2264
    { 0x2265, 141 }, // U+2265
    { 0xFB00, 46 }, // U+FB00
    { 0xFB01, 46 }, // U+FB01
    { 0xFB02, 46 }, // U+FB02
    { 0xFB03, 46 }, // U+FB03
    { 0xFB04, 46 }, // U+FB04
};

static const int8_t sourceserif4_10_boldKernMatrix[] = {
       0,    0,    0,    0,    0,    0,   -7,    0,    0,    0,  -43,  -27,    0,    0,    0,    0,  -20,   -7,   -3,    0,    0,    0,    0,    0,    0,    0,    0,  -37,    0,   -5,   -3,    0,   -6,    5,   -4,    0,    0,   -2,    0,    0,    0,    0,  -15,    0,  -16,   -9,  -14,   -1,    0,   -6,   -9,  -15,   -5,   -5,    0,   -5,    0,   -6,    0,    0,    0,    0,    0,    0,    0,    0,  -12,    0,    0,    0,    0,    0,    0,    0,  -40,  -39,  -15,  -15,  -16,   -1,    7,    7,  -16,  -16,    2,    7,    7,  -15,    0,    5,   -5,   -6,   -3,  -34,    0,  -37,  -34,   -2,    0,    0,   -5,    0,  -17,  -15,   -5,   -6,  -28,  -16,   -5,   -5,  -33,   -9,    0,    0,    0,  -17,    0,  -15,   -1,    7,    0,    0,   -2,    0,    0,    0,  -15,  -39,    0,    0,    0,    0,    0,    0,    0,    0,    0,    0,  -37,    0,    0,
       0,    0,    0,    0,    0,    0,    0,    0,    0,    0,    0,   -4,    0,   -2,    0,    0,   -2,    0,    0,    0,    0,    2,    0,    0,    0,    0,    0,  -13,    0,    6,    0,    0,    5,    0,    0,   -2,   -2,   -5,   -5,    0,    0,    0,    0,    0,    0,    0,   -1,    0,    0,    0,    0,    0,    1,    0,    7,    0,    7,    0,    0,    0,    0,    0,    0,    0,    0,    0,    0,    0,    0,    0,    0,    0,    0,    0,    0,  -18,    0,    0,    0,    0,    0,    0,    0,    0,    0,    0,    0,    0,    0,    0,    6,    5,    0,    0,    0,  -13,    0,   -5,    0,    0,    0,    0,    0,    0,    0,    0,    0,    0,    0,    0,    0,    0,    0,    7,    0,    0,    0,    0,    0,    0,    0,    0,    0,   -2,    7,   -5,    0,  -18,    0,    0,    0,    0,    0,    0,    0,    0,    0,    0,  -13,    0,    0,
       0,    0,    0,    0,    0,    0,    0,    0,    0,    0,    0,    0,    0,   -1,   -5,    0,    0,    0,    0,   -8,    0,   -3,    0,    0,    0,    0,    0,    0,    0,    0,    0,    0,    0,    0,    0,    0,    0,    0,    0,    0,    0,    0,    0,    0,    0,    0,    0,    0,    0,    0,    0,    0,    0,    0,    0,    0,    0,    0,    0,    0,    0,    0,    0,    0,    0,    0,    0,    0,    0,    0,    0,    0,    0,    0,    0,    0,    0,    0,    0,    0,    0,    0,    0,    0,    0,    0,    0,    0,    0,    0,    0,    0,    0,    0,    0,    0,    0,    0,    0,    0,    0,    0,    0,    0,    0,    0,    0,    0,    0,    0,    0,    0,    0,    0,    0,    0,    0,    0,    0,    0,    0,    0,    0,    0,    0,    0,    0,    0,    0,    0,    0,    0,    0,    0,    0,    0,    0,    0,    0,    0,    0,
       0,    0,    0,    0,    0,    0,    0,  -14,    0,    0,   -1,    0,    0,    0,    0,    0,   -3,   -1,   -2,   -9,    0,    0,    0,    0,    0,    0,    0,    0,    0,    0,   -6,    0,    0,  -20,  -12,  -25,  -24,    0,  -24,    0,    0,    0,    0,    0,   -3,    0,    0,    0,    0,    0,    0,    0,    0,    0,    0,    0,    0,    0,    0,    0,    0,    0,    0,    0,    0,    0,  -11,   -8,    0,    0,    0,    0,    0,    0,    0,    0,    0,    0,   -3,    0,    0,    0,   -3,   -3,    0,    0,    0,    0,    0,  -20,    0,    0,   -6,    0,    0,    0,    0,    0,    0,    0,    0,    0,    0,    0,    0,    0,    0,   -3,    0,    0,    0,    0,    0,    0,    0,    0,    0,    0,    0,    0,    0,    0,    0,  -25,    0,  -24,    0,    0,    0,    0,    0,    0,    0,    0,    0,    0,    0,    0,    0,    0,    0,
       0,    0,   -2,    0,    0,  -11,  -24,    0,    0,    0,    0,    0,   -7,    0,   -9,   -9,  -15,   -9,   -7,    0,   -7,   -3,   -9,    0,    0,    0,    0,   -8,    0,   -7,   12,    0,   -6,    0,   -1,    0,    0,    0,   -2,    0,    0,    0,   -7,    0,  -10,   -5,    0,    0,   43,   -4,    0,   -7,   -3,   -7,   -7,   -6,    1,   -6,    0,    0,    0,    0,    0,    0,    0,    0,  -23,  -13,    0,    0,    0,    0,  -20,  -18,  -16,  -13,   -7,   -7,  -10,    0,    3,    3,  -10,  -10,    2,    3,    3,   -7,    0,    0,   -7,   -6,   12,    0,    0,   -8,    0,    0,    0,    0,    0,    0,    0,   -7,    0,   -4,    0,  -10,   -6,    0,    0,    0,    0,    1,    0,    0,    0,   -7,    0,    3,   43,    0,    0,    0,   -7,   -2,   -7,  -13,   -2,    0,    0,  -18,    0,    0,    0,    0,    0,    0,   -8,    0,    0,
       0,    0,    0,    0,    0,    0,    0,  -24,    0,    0,  -13,   -9,    0,    0,    0,    0,    0,    0,    0,    0,    0,    0,    0,    0,    0,    0,    0,    0,    0,    0,    0,    0,    0,    0,    0,    0,    0,    0,    0,    0,    0,    0,    0,    0,    0,    0,    0,    0,    0,    0,    0,    0,    0,    0,    0,    0,    0,    0,    0,    0,    0,    0,    0,    0,    0,    0,    0,    0,    0,    0,    0,    0,    0,    0,    0,    0,    0,    0,    0,    0,    0,    0,    0,    0,    0,    0,    0,    0,    0,    0,    0,    0,    0,    0,    0,    0,    0,    0,    0,    0,    0,    0,    0,    0,    0,    0,    0,    0,    0,    0,    0,    0,    0,    0,    0,    0,    0,    0,    0,    0,    0,    0,    0,    0,    0,    0,    0,    0,    0,    0,    0,    0,    0,    0,    0,    0,    0,    0,    0,    0,    0,
       0,    0,    0,    0,    0,    0,    0,    0,    0,    0,  -33,    0,    0,    0,    0,    0,    0,    0,    0,    0,    0,    0,    0,    0,    0,    0,    0,  -45,    0,   -6,   -4,    0,    0,    4,    0,    0,    0,   -1,    0,    0,    0,    0,  -13,    0,  -14,   -7,  -16,    0,    0,   -1,   -1,   -9,    0,   -5,    0,   -6,    0,   -6,    0,    0,    0,    0,    0,    0,    0,    0,    0,    0,    0,    0,    0,    0,    0,    0,    0,  -57,  -13,  -13,  -14,    0,    2,    2,  -14,  -14,    0,    2,    2,   -9,    0,    4,   -6,    0,   -4,    0,    0,  -45,    0,   -1,    0,    0,    0,    0,    0,  -13,    0,   -1,    0,  -14,   -6,    0,    0,   -1,    0,    0,    0,    0,    0,   -9,    0,    2,    0,    0,    0,    0,    0,    0,  -13,  -57,    0,    0,    0,    0,    0,    0,    0,    0,    0,    0,  -45,    0,    0,
       0,    0,    0,    0,    0,    0,    0,    0,    0,    0,    0,    0,    0,   -9,   -9,  -17,    0,   -7,    0,  -20,   -3,   -1,    0,    0,    0,    0,    0,    0,    0,    0,    0,    0,    0,    0,    0,    0,    0,    0,    0,    0,    0,    0,    0,    0,    0,    0,    0,    0,    0,    0,    0,    0,    0,    0,    0,    0,    0,    0,    0,    0,    0,    0,    0,    0,    0,    0,    0,    0,    0,    0,    0,    0,    0,    0,    0,    0,    0,    0,    0,    0,    0,    0,    0,    0,    0,    0,    0,    0,    0,    0,    0,    0,    0,    0,    0,    0,    0,    0,    0,    0,    0,    0,    0,    0,    0,    0,    0,    0,    0,    0,    0,    0,    0,    0,    0,    0,    0,    0,    0,    0,    0,    0,    0,    0,    0,    0,    0,    0,    0,    0,    0,    0,    0,    0,    0,    0,    0,    0,    0,    0,    0,
       0,  -27,    0,    0,    0,    0,    0,  -12,  -39,    0,   -9,    0,   -4,   -2,   -3,   -3,  -12,   -3,   -8,  -13,   -3,  -17,    0,    0,    0,    0,    0,    0,    0,  -13,    5,    0,    0,  -31,  -22,  -41,  -42,    0,  -31,    0,  -39,    0,   -5,   -2,   -8,   -5,   -2,    0,   13,    0,  -10,   -2,  -11,  -13,  -28,    0,  -13,   -2,    0,    0,    0,    0,    0,    0,    0,  -42,  -10,   -9,    0,    0,    0,    0,    0,    0,    0,    0,   -5,   -5,   -8,    0,    0,    0,   -8,   -8,   -9,    0,    0,   -2,    0,  -31,  -13,    0,    5,    0,    0,    0,    0,    0,    0,    0,    0,    0,    0,   -5,    0,    0,    0,   -8,    0,    0,    0,  -10,   -5,  -13,  -17,    0,   -2,   -2,    0,    0,   13,    0,    0,  -44,  -28,  -31,   -5,    0,  -31,  -33,    0,    0,  -42,    0,    0,    0,    0,    0,    0,    0,    0,
       0,    0,   -7,    0,    0,  -18,  -18,    0,    0,    0,  -42,  -41,    0,    0,   -5,   -5,  -17,   -7,  -10,    2,   -1,   -1,  -12,    0,    0,    0,  -17,  -28,    0,    0,    0,    0,    0,    0,    0,    1,    1,    0,    0,    0,    0,    0,  -17,    0,  -12,   -2,  -15,    0,    0,   -9,   -7,  -11,    0,   -8,    0,   -8,    0,  -11,    0,    0,  -13,    0,    0,    0,    0,    0,  -23,  -20,    0,    0,    0,    0,  -15,  -17,  -40,  -28,  -17,  -17,  -12,    0,    8,    8,  -12,  -12,    1,    8,    8,  -11,    0,    0,    0,    0,    0,    0,    0,  -28,    0,    0,    0,    0,    0,    0,    0,  -17,    0,   -9,    0,  -12,   -8,    0,    0,   -7,    0,    0,    0,    0,    0,  -11,    0,    8,    0,    0,    0,    1,    0,    0,  -17,  -28,    0,    0,  -27,    0,    0,    0,    0,    0,    0,    0,  -28,    0,    0,
       0,    0,    0,    0,    0,    0,    0,   -7,    0,    0,   -5,   -5,    0,    0,   -5,   -2,    0,   -4,    0,   -7,    0,    0,    0,    0,    0,    0,    0,   -9,   -3,    2,   -2,   -2,    0,   -2,   -5,   -9,   -9,   -8,  -12,    0,    0,  -13,    0,   -2,    3,    0,    0,    2,    4,    2,    0,    0,    1,    0,    1,    0,    1,    0,    0,    0,    0,    0,    0,    0,    0,    0,    0,    0,    0,    0,    0,    0,    2,    0,    0,  -11,    0,    0,    3,    2,    4,    4,    3,    3,   -2,    4,    4,    0,   -3,   -2,    2,    0,   -2,    0,    0,   -9,    0,   -8,    0,   -2,    0,    0,    0,    0,    0,    2,    0,    3,    0,    0,    0,    0,    0,    1,    0,    0,   -2,    0,    2,    4,    4,    0,    0,   -9,    3,  -12,    0,  -11,    0,    2,   -5,    5,    0,    0,   -7,    0,    0,    0,   -9,    0,    0,
       0,   -9,    0,   -2,   -4,    0,    0,    0,   -5,   -5,    2,    0,    0,    2,   -1,   -2,   -7,   -3,   -3,   -7,   -3,   -4,   -2,   -5,   -9,    0,    0,    2,    0,   -3,   -2,    2,    0,   -7,  -10,  -13,  -13,    5,  -11,    5,    0,    0,   -1,    0,   -4,    0,    2,    0,    0,    0,   -7,    0,   -3,   -4,   -8,    2,   -8,    2,    0,    0,    0,   -7,    0,   -1,    0,   -4,   -8,   -6,   -6,    0,  -10,    0,  -14,    0,    0,    5,   -1,   -1,   -4,    0,    0,    0,   -4,   -4,   -2,    0,    0,    0,    0,   -7,   -3,    0,   -2,    5,    0,    2,    5,    5,    0,    2,    0,    0,    5,   -1,    0,    0,    0,   -4,    2,    0,    0,   -7,    0,   -8,    0,    5,    0,    0,    0,    0,    0,    0,    0,  -13,   -8,  -11,   -1,    5,  -10,   -4,    0,   -5,   -6,    0,    5,   -1,   -7,    0,    2,    0,    0,
       0,    0,    0,    0,   -1,    0,    0,   -5,    0,   -5,   -1,    0,   -4,    0,   -7,   -6,   -7,   -5,   -7,   -9,   -5,   -2,    0,    0,   -5,    0,   -2,    0,   -2,   -2,   -5,    0,   -2,   -5,  -11,  -11,  -11,    0,  -10,    0,   -2,    0,   -2,    0,   -6,    0,   -2,    0,    0,    0,   -9,    0,   -2,   -5,    0,    0,    0,    0,    0,    0,    0,    0,    0,    0,    0,    0,   -4,   -9,    0,    0,    0,    0,   -9,    0,    0,    0,   -2,   -2,   -6,    0,    0,    0,   -6,   -6,   -5,    0,    0,    0,   -2,   -5,   -2,   -2,   -5,    0,    0,    0,    0,    0,    0,    0,    0,    0,    0,   -2,    0,    0,    0,   -6,    0,    0,    0,   -9,    0,    0,    0,    0,    0,    0,    0,    0,    0,    0,    0,  -11,    0,  -10,   -2,    0,    0,    0,    0,   -2,    0,    0,    0,    0,    0,    0,    0,    0,    0,
       0,    0,    0,   -2,   -3,    0,    0,   -7,   -1,   -3,   -3,   -8,   -1,   -2,   -7,   -7,    0,   -4,   -2,  -12,   -6,   -5,    0,    0,   -2,    0,    0,   -7,   -3,   -2,   -7,   -5,   -2,   -7,  -11,  -14,  -14,   -8,  -13,   -2,   -2,   -8,    0,   -2,    0,   -1,   -1,    0,    0,    0,   -7,    0,   -2,   -4,   -1,   -5,   -1,    0,    0,    0,    0,   -1,   -2,    0,    0,   -1,    0,    0,   -3,    0,   -2,    0,   -3,    0,    0,  -10,    0,    0,    0,    0,    0,    0,    0,    0,   -5,    0,    0,    0,   -3,   -7,   -2,   -2,   -7,    0,    0,   -7,    0,   -8,    0,   -5,    0,    0,    0,    0,    0,    0,    0,    0,   -5,    0,    0,   -7,    0,   -1,    0,   -2,   -2,    0,    0,    0,    0,    0,    0,  -14,   -3,  -13,    0,  -10,   -1,   -3,    0,   -1,   -1,    0,   -5,    0,   -3,    0,   -7,    0,    0,
       0,   -4,    9,    0,    0,    7,   -3,   -3,   -5,    0,   -2,    0,   -1,    0,   -5,   -2,    1,    0,    0,  -14,   -2,   -7,    0,    2,   -5,    0,    2,   -5,   -2,    0,   -5,   -2,    0,   -9,   -7,  -15,  -15,   -5,  -15,    1,   -2,   -5,    0,    0,    3,    0,    0,    0,    0,    0,   -3,    2,    1,    0,   -6,   -2,   -5,    0,    0,    0,    0,    0,    0,    0,    0,   -5,    2,    2,   -7,    0,  -10,    0,    0,    0,    0,   -8,    0,    0,    3,    0,    0,    0,    3,    3,   -2,    0,    0,    2,   -2,   -9,    0,    0,   -5,    0,    0,   -5,    0,   -5,    0,   -2,    0,    0,    0,    0,    0,    0,    0,    3,   -2,    0,    0,   -3,    0,   -5,    0,    0,    0,    2,    0,    0,    0,    0,    0,  -15,   -6,  -15,    0,   -8,  -11,   -2,    0,    0,   -5,    0,    0,    2,   -5,    2,   -5,    0,    0,
       0,    0,    0,   -1,    0,    1,    0,    0,    0,    0,   -4,   -4,    0,    0,   -7,   -5,    0,   -3,   -1,  -11,   -4,   -7,    0,    0,   -3,    0,    0,   -7,    0,    0,   -5,    0,    0,    0,   -5,   -6,   -6,   -6,   -6,   -2,    0,  -12,    0,   -2,    0,   -1,    0,   -2,   -2,   -2,   -6,    0,   -2,   -2,   -6,   -5,   -6,    0,    0,    0,    0,    0,    0,    0,    0,    0,    0,    0,    0,    0,   -1,    0,   -1,    0,    0,   -8,    0,    0,    0,   -2,   -2,   -2,    0,    0,   -2,   -2,   -2,    0,    0,    0,    0,    0,   -5,    0,    0,   -7,    0,   -6,    0,    0,    0,    0,    0,    0,    0,   -2,    0,    0,   -5,    0,    0,   -6,    0,   -6,    0,    0,   -2,    0,   -2,   -2,   -2,    0,    0,   -6,   -6,   -6,    0,   -8,    0,    0,    0,    0,    0,    0,   -6,    0,   -5,    0,   -7,    0,    0,
       0,    0,    0,   -1,    0,    0,    0,    0,    0,    0,   -2,   -2,    0,   -1,   -6,   -2,    0,   -1,    0,  -14,    0,   -7,    0,    0,   -2,    0,    0,   -6,   -5,    0,   -8,    0,    0,   -9,   -8,  -11,  -11,   -7,   -8,    0,    0,   -5,    0,   -2,    2,    0,    0,    0,    0,    0,   -3,    0,   -2,   -2,   -8,   -5,   -8,    0,    0,    0,    0,    0,    0,    0,    0,   -1,    2,    0,   -2,    0,  -11,    0,   -2,    0,    0,   -9,    0,    0,    2,    0,    0,    0,    2,    2,   -5,    0,    0,    0,   -5,   -9,    0,    0,   -8,    0,    0,   -6,    0,   -7,    0,    0,    0,    0,    0,    0,    0,    0,    0,    2,   -5,    0,    0,   -3,    0,   -8,    0,    0,   -2,    0,    0,    0,    0,    0,    0,  -11,   -8,   -8,    0,   -9,   -2,    0,    0,    0,   -3,    0,   -1,    0,   -3,    0,   -6,    0,    0,
       0,    0,   -7,   -9,   -1,  -20,    0,   -5,    0,  -11,  -41,  -23,   -7,    0,  -11,  -14,  -26,  -21,  -16,   -7,  -10,   -7,   -9,   -5,   -9,    0,  -18,  -38,   -2,   -6,   -5,   -2,   -5,    0,   -1,    0,    0,   -2,    0,   -5,    2,  -43,  -15,    0,  -16,   -6,  -16,   -5,   -5,   -8,  -12,  -15,   -2,  -11,   -1,   -7,   -1,   -9,    0,    0,    0,  -10,   -9,    8,    0,    2,  -17,  -18,    9,   -9,    0,    0,  -12,   -7,    0,  -34,  -15,  -15,  -16,   -5,    2,    2,  -16,  -16,   -5,    2,    2,  -15,   -2,    0,   -6,   -5,   -5,  -25,    0,  -38,  -25,   -2,    0,   -2,   -2,    0,  -11,  -15,    0,   -8,  -21,  -16,   -7,    0,  -21,  -12,    0,   -1,    0,  -21,    0,  -15,   -5,    2,   -5,    0,    0,    0,   -3,    0,  -15,  -34,    0,    4,    0,  -10,    0,    0,  -38,   -8,   -5,    0,  -38,  -16,  -11,
       0,    0,    0,   -1,    0,    0,    0,   -7,    0,    0,  -20,  -16,    0,    0,   -5,   -6,   -5,  -10,   -2,   -9,   -4,    0,    0,    0,   -4,    0,    0,  -25,   -8,    2,  -11,   -6,    0,    0,   -8,  -11,  -11,  -12,  -12,    0,    0,  -26,   -3,   -3,    0,    0,   -1,    0,    0,    1,   -1,    0,    3,    0,    6,    0,    6,    0,    0,    0,    0,    0,    0,    0,    0,    2,    0,    0,    0,    0,    3,    0,   -1,    0,    0,  -25,   -3,   -3,    0,    0,    0,    0,    0,    0,   -2,    0,    0,    0,   -8,    0,    2,    0,  -11,  -12,    0,  -25,  -12,  -12,    0,   -6,    2,    0,    0,   -3,    0,    1,   -7,    0,    0,    0,   -7,   -1,    0,    6,    0,    0,   -3,    0,    0,    0,    0,    0,    0,  -11,    6,  -12,   -3,  -25,    0,    0,    0,    2,    0,    0,  -20,    0,    0,    0,  -25,    0,    0,
       0,    0,    0,    0,    0,    0,    0,    0,    0,    0,    0,    0,    0,   -3,    0,    0,    0,    0,    0,   -7,    0,    0,    0,    0,    0,    0,    0,    0,    0,    0,    7,    0,    0,    0,   -6,  -10,  -10,   -1,  -12,    0,    0,    0,    0,    0,   -2,    0,    0,    0,    0,    0,   -2,    0,    0,    0,    0,    0,    0,    0,    0,    0,    0,    0,    0,    0,    0,    0,    0,    0,    0,    0,    0,    0,    0,    0,    0,    0,    0,    0,   -2,    0,    0,    0,   -2,   -2,   -5,    0,    0,    0,    0,    0,    0,    0,    7,    0,    0,    0,    0,   -1,    0,    0,    0,    0,    0,    0,    0,    0,    0,   -2,    0,    0,    0,   -2,    0,    0,    0,    0,    0,    0,    0,    0,    0,    0,    0,  -10,    0,  -12,    0,    0,    0,    0,    0,    0,    0,    0,    0,    0,    0,    0,    0,    0,    0,
       0,    0,    0,    0,    0,    0,    0,    0,    0,    0,    0,    0,    0,   -2,   -4,   -3,    0,   -6,   -2,   -7,   -2,   -2,    0,    0,    0,    0,    0,    0,    0,    0,    0,    0,    0,    0,    0,    0,    0,    0,    0,    0,    0,    0,    0,    0,    0,    0,    0,    0,    0,    0,    0,    0,    0,    0,    0,    0,    0,    0,    0,    0,    0,    0,    0,    0,    0,    0,    0,    0,    0,    0,    0,    0,    0,    0,    0,    0,    0,    0,    0,    0,    0,    0,    0,    0,    0,    0,    0,    0,    0,    0,    0,    0,    0,    0,    0,    0,    0,    0,    0,    0,    0,    0,    0,    0,    0,    0,    0,    0,    0,    0,    0,    0,    0,    0,    0,    0,    0,    0,    0,    0,    0,    0,    0,    0,    0,    0,    0,    0,    0,    0,    0,    0,    0,    0,    0,    0,    0,    0,    0,    0,    0,
       0,    0,    0,    0,    0,    0,    0,    0,    0,    0,    0,    0,    0,   -5,   -1,   -4,    1,    0,    0,  -10,    0,    0,    0,    0,    0,    0,    0,    0,    0,    0,    0,    0,    0,    0,    0,    0,    0,    0,    0,    0,    0,    0,    0,    0,    0,    0,    0,    0,    0,    0,    0,    0,    0,    0,    0,    0,    0,    0,    0,    0,    0,    0,    0,    0,    0,    0,    0,    0,    0,    0,    0,    0,    0,    0,    0,    0,    0,    0,    0,    0,    0,    0,    0,    0,    0,    0,    0,    0,    0,    0,    0,    0,    0,    0,    0,    0,    0,    0,    0,    0,    0,    0,    0,    0,    0,    0,    0,    0,    0,    0,    0,    0,    0,    0,    0,    0,    0,    0,    0,    0,    0,    0,    0,    0,    0,    0,    0,    0,    0,    0,    0,    0,    0,    0,    0,    0,    0,    0,    0,    0,    0,
       0,    0,    0,    0,    0,    0,    0,  -21,    0,    0,  -33,  -24,    0,    0,    0,    0,    0,    0,    0,    0,    0,    0,    0,    0,    0,    0,    0,    0,    0,    0,    0,    0,    0,    0,    0,    0,    0,    0,    0,    0,    0,    0,    0,    0,    0,    0,    0,    0,    0,    0,    0,    0,    0,    0,    0,    0,    0,    0,    0,    0,    0,    0,    0,    0,    0,    0,  -15,    0,    0,    0,    0,    0,    0,   -7,    0,    0,    0,    0,    0,    0,    0,    0,    0,    0,    0,    0,    0,    0,    0,    0,    0,    0,    0,    0,    0,    0,    0,    0,    0,    0,    0,    0,    0,    0,    0,    0,    0,    0,    0,    0,    0,    0,    0,    0,    0,    0,    0,    0,    0,    0,    0,    0,    0,    0,    0,    0,    0,    0,    0,    0,    0,    0,    0,    0,    0,    0,    0,    0,    0,    0,    0,
       0,    0,    0,    0,    0,    0,    0,    0,    0,    0,   -9,    0,    0,    0,    0,    0,    0,   -1,    0,   -5,    0,    0,    0,    0,    0,    0,    0,  -17,   -5,    5,   -8,   -7,    0,   -5,   -5,  -12,  -12,  -12,   -9,    0,    0,  -27,    0,   -3,    0,   -2,   -1,    0,    0,    0,   -3,    0,    0,    0,    0,   -2,    0,    0,    0,    0,    0,    0,    0,    0,    0,    0,    0,    0,    0,    0,    0,    0,    0,    0,    0,  -27,    0,    0,    0,    0,    0,    0,    0,    0,   -5,    0,    0,    0,   -5,   -5,    5,    0,   -8,    0,    0,  -17,    0,  -12,    0,   -7,    0,    0,    0,    0,    0,    0,    0,    0,   -2,    0,    0,   -3,    0,    0,    0,    0,   -3,    0,    0,    0,    0,    0,    0,  -12,    0,   -9,    0,  -27,    0,    0,    0,    0,    0,    0,    0,    0,    0,    0,  -17,    0,    0,
       0,  -29,    0,    0,    0,    0,    0,   -8,  -39,    0,    0,    0,   -8,    0,   -2,   -6,   -9,   -2,   -9,  -15,   -2,  -11,    0,    0,    0,   -2,    0,    1,   -1,   -9,   -6,   -1,    0,  -25,  -19,  -35,  -29,    0,  -30,    0,  -20,    0,   -3,    0,   -7,    0,   -2,   -2,   -6,    0,  -10,    0,   -9,  -11,  -20,    0,  -19,    0,    0,    0,    0,    0,    0,    0,   -8,  -37,  -12,   -8,    0,    0,  -47,    0,  -18,    0,    0,    0,   -3,   -3,   -7,   -2,   -2,   -2,   -7,   -7,   -9,   -2,   -2,    0,    0,    0,    0,    0,    0,    0,    0,    0,    0,    0,    0,    0,    0,    0,    0,    0,    0,    0,    0,    0,    0,    0,    0,    0,    0,    0,    0,    0,    0,    0,    0,    0,    0,    0,    0,    0,    0,    0,    0,    0,  -30,  -27,    0,  -17,  -33,    0,    0,    0,    0,    0,    0,    0,    0,
       0,   -8,    0,    0,    0,    0,    0,   -7,   -6,    0,   -5,  -11,    0,   -1,   -7,   -1,    0,    0,    0,   -6,    0,   -3,    0,    0,    0,    0,    5,  -12,   -5,   -1,   -4,   -4,    0,   -7,   -8,  -14,  -11,  -10,  -14,   -1,   -7,  -16,    0,   -3,    2,   -4,   -2,    0,    0,    0,   -3,    0,   -1,   -4,   -2,   -6,   -3,    0,    0,    0,    0,    0,    0,    0,    5,    0,    2,    5,    0,    0,   -3,    0,   -1,    0,    0,  -14,    0,    0,    2,    0,    0,    0,    2,    2,   -3,    0,    0,    0,    0,    0,    0,    0,    0,    0,    0,    0,    0,    0,    0,    0,    0,    0,    0,    0,    0,    0,    0,    0,    0,    0,    0,    0,    0,    0,    0,    0,    0,    0,    0,    0,    0,    0,    0,    0,    0,    0,    0,    0,   -6,   -5,    0,    0,    0,    0,   -7,    0,    0,    0,    0,    0,    0,
       0,    7,    0,    0,    0,    0,    0,    2,    2,    0,    0,    0,    0,    2,    0,    0,    0,    0,    0,    0,    0,    0,    2,    0,    0,    0,    0,   -2,    0,   -2,    0,    0,    0,    0,   -6,   -1,   -1,    0,   -2,    0,    0,   -1,    0,    0,    0,    0,    0,    0,    0,    0,   -3,    0,    0,   -6,   -7,   -2,   -7,    0,    0,    0,    0,    0,    0,    0,    0,    6,    0,    0,    0,    0,    0,    0,   -7,    0,    0,   -2,    0,    0,    0,    0,    0,    0,    0,    0,    0,    0,    0,    0,    0,    0,    0,    0,    0,    0,    0,    0,    0,    0,    0,    0,    0,    0,    0,    0,    0,    0,    0,    0,    0,    0,    0,    0,    0,    0,    0,    0,    0,    0,    0,    0,    0,    0,    0,    0,    0,    0,    0,    0,    8,    9,    0,    0,    0,    0,    0,    0,    0,    0,    0,    0,    0,
       0,   -5,    0,    0,    0,   -5,    0,   -7,   -2,    0,  -13,  -12,    0,   -1,   -9,   -6,   -3,   -5,    0,   -8,    0,    2,    0,    0,    0,    0,    2,  -22,   -8,    6,   -6,   -5,    0,   -7,   -8,  -13,  -13,  -15,  -14,   -3,   -7,  -31,   -5,   -3,    0,    0,   -3,    0,    0,    0,   -3,   -3,    0,    0,    0,   -3,    0,   -2,    0,    0,    0,    0,    0,    0,    3,    0,    0,    2,    0,    0,   -4,    0,    0,   -2,    0,  -24,   -5,   -5,    0,    0,    0,    0,    0,    0,   -5,    0,    0,   -3,    0,    0,    0,    0,    0,    0,    0,    0,    0,    0,    0,    0,    0,    0,    0,    0,    0,    0,    0,    0,    0,    0,    0,    0,    0,    0,    0,    0,    0,    0,    0,    0,    0,    0,    0,    0,    0,    0,    0,    0,   -2,   -2,    0,    5,    0,    0,  -19,    0,    0,    0,    0,    0,    0,
       0,    0,    0,    0,    0,    0,    0,    0,    0,    0,    0,    0,   -2,    0,    0,   -1,    0,    0,   -2,   -2,    0,   -2,    0,    0,    0,    0,    0,    0,    0,   -5,   -2,    0,    0,    0,   -7,   -3,   -3,   -2,   -4,    0,    0,    0,    0,    0,   -2,    0,   -1,    0,    0,    0,   -7,    0,   -5,   -6,  -11,    0,   -9,    0,    0,    0,    0,    0,    0,    0,    0,    2,    0,    0,    0,    0,    0,    0,  -11,    0,    0,    0,    0,    0,   -2,    0,    0,    0,   -2,   -2,    0,    0,    0,    0,    0,    0,    0,    0,    0,    0,    0,    0,    0,    0,    0,    0,    0,    0,    0,    0,    0,    0,    0,    0,    0,    0,    0,    0,    0,    0,    0,    0,    0,    0,    0,    0,    0,    0,    0,    0,    0,    0,    0,    0,    0,    0,    0,   -8,    0,    0,    0,    0,    0,    0,    0,    0,    0,
       0,    3,    0,    0,    0,  -15,    0,   -2,    2,    0,  -32,  -27,   -5,    0,   -6,   -8,  -20,  -13,  -14,    1,   -5,    0,   -5,    0,    0,    0,  -16,  -33,   -2,   -3,   -2,   -2,    0,    3,   -2,    0,    0,   -2,    0,   -2,    6,  -45,  -18,   -2,  -18,  -12,  -18,   -8,   -7,  -11,  -16,  -17,   -5,  -11,  -11,  -15,  -11,  -12,    0,    0,    0,    0,    0,    0,   -5,    2,  -15,   -9,    0,    0,    0,    0,  -12,   -8,    0,  -41,  -18,  -18,  -18,   -8,   -1,    2,  -18,  -18,   -1,    2,    2,  -17,    0,    0,    0,    0,    0,    0,    0,    0,    0,    0,    0,    0,    0,    0,    0,    0,    0,    0,    0,    0,    0,    0,    0,    0,    0,    0,    0,    0,    0,    0,    0,    0,    0,    0,    0,    0,    0,    0,    0,    0,    7,    6,    0,   -9,    0,    0,  -40,    0,    0,    0,    0,    0,    0,
       0,   -5,    0,    0,    0,    0,    0,   -1,   -5,    0,   -6,   -9,    0,   -3,   -7,   -5,    0,   -2,    0,   -9,    0,    0,    0,    0,    0,    0,    1,  -11,   -3,    3,   -5,   -5,    0,  -11,   -9,  -13,  -13,   -7,  -12,   -8,   -5,  -13,   -2,   -2,    0,    0,    0,    0,    0,    0,   -3,    0,    0,   -2,   -7,   -9,   -7,    0,    0,    0,    0,    0,    0,    0,    0,   -7,    4,    2,    0,    0,  -10,    0,    0,    0,    0,  -11,   -2,   -2,    0,    0,    0,    0,    0,    0,   -2,    0,    0,    0,    0,    0,    0,    0,    0,    0,    0,    0,    0,    0,    0,    0,    0,    0,    0,    0,    0,    0,    0,    0,    0,    0,    0,    0,    0,    0,    0,    0,    0,    0,    0,    0,    0,    0,    0,    0,    0,    0,    0,    0,   -5,   -5,    0,    0,   -2,    0,   -7,    0,    0,    0,    0,    0,    0,
       0,    0,    0,    0,    0,    0,    0,    0,    0,    0,    0,    0,   -3,   -2,   -3,   -6,  -11,   -8,   -7,    0,   -3,   -4,    0,    0,    0,    0,    0,    0,    0,   -5,    0,    0,    0,    0,    0,    0,    0,    0,    0,    0,    0,    0,   -7,    0,   -9,   -2,   -4,    0,   -2,    0,  -10,   -4,   -6,  -11,  -11,    0,  -10,    0,    0,    0,    0,    0,    0,    0,    0,    2,   -7,    0,    0,    0,    0,    0,    0,    0,    0,    0,   -7,   -7,   -9,    0,    1,    1,   -9,   -9,    0,    1,    1,   -4,    0,    0,    0,    0,    0,    0,    0,    0,    0,    0,    0,    0,    0,    0,    0,    0,    0,    0,    0,    0,    0,    0,    0,    0,    0,    0,    0,    0,    0,    0,    0,    0,    0,    0,    0,    0,    0,    0,    0,    0,    0,    0,    0,    0,    0,    0,    0,    0,    0,    0,    0,    0,    0,
       0,    0,    0,    0,    0,  -12,    0,    0,    0,    0,  -21,  -20,   -5,   -4,   -8,   -9,  -13,  -11,   -9,    0,   -5,   -7,   -7,    0,    0,    0,  -11,  -18,   -2,   -6,   -3,   -2,   -6,    0,   -5,    0,    0,   -5,    0,   -5,    0,  -28,  -14,    0,   -9,  -11,  -12,   -6,   -6,   -8,  -13,  -10,   -9,  -12,  -12,  -11,  -10,  -11,    0,    0,    0,    0,    0,    0,   -5,    0,  -11,   -3,    0,    0,    0,    0,   -7,   -7,    0,  -21,  -14,  -14,   -9,   -6,   -1,   -1,   -9,   -9,    0,   -1,   -1,  -10,    0,    0,    0,    0,    0,    0,    0,    0,    0,    0,    0,    0,    0,    0,    0,    0,    0,    0,    0,    0,    0,    0,    0,    0,    0,    0,    0,    0,    0,    0,    0,    0,    0,    0,    0,    0,    0,    0,    0,    0,    0,    0,    0,   -2,    0,    0,  -19,    0,    0,    0,    0,    0,    0,
       0,   -5,    0,    0,    0,    0,    0,   -2,   -7,    0,    0,    0,   -8,    0,   -2,   -5,   -9,   -5,   -9,   -7,   -6,  -10,    0,    0,    0,   -2,    0,    3,    0,  -10,   -4,    2,    0,   -5,   -8,   -3,   -3,    0,   -3,    3,    0,    0,   -3,    0,   -9,    0,   -1,    0,   -5,    0,  -10,    0,  -11,  -11,  -18,    0,  -17,    0,    0,    0,    0,    0,    0,    0,  -16,   -7,  -12,  -10,    0,    0,   -9,    0,  -24,    0,    0,    5,   -3,   -3,   -9,    0,    2,    2,   -9,   -9,   -5,    2,    2,    0,    0,    0,    0,    0,    0,    0,    0,    0,    0,    0,    0,    0,    0,    0,    0,    0,    0,    0,    0,    0,    0,    0,    0,    0,    0,    0,    0,    0,    0,    0,    0,    0,    0,    0,    0,    0,    0,    0,    0,    0,   -5,   -5,    0,  -17,   -9,    0,    0,    0,    0,    0,    0,    0,    0,
       0,  -41,    0,    0,    0,    0,    0,   -5,  -33,    0,    0,    0,    0,   -2,   -4,    0,    0,    0,    0,  -15,    0,  -15,    0,    0,    0,    0,    0,    0,   -2,   -4,   -4,   -1,   -2,  -27,  -17,  -35,  -31,   -2,  -27,    0,  -15,    0,    0,    0,    0,   -1,    0,    0,    0,    0,   -4,    0,   -3,   -5,  -18,    0,  -15,    0,    0,    0,    0,    0,    0,    0,    0,  -28,    0,    0,    0,    0,  -45,    0,   -8,    0,    0,   -1,    0,    0,    0,    0,    0,    0,    0,    0,   -8,    0,    0,    0,    0,    0,    0,    0,    0,    0,    0,    0,    0,    0,    0,    0,    0,    0,    0,    0,    0,    0,    0,    0,    0,    0,    0,    0,    0,    0,    0,    0,    0,    0,    0,    0,    0,    0,    0,    0,    0,    0,    0,    0,  -36,  -31,    0,   -5,  -33,    0,    0,    0,    0,    0,    0,    0,    0,
       0,    0,    0,    0,    0,   -9,    0,    0,    0,    0,  -17,  -20,   -6,   -8,  -11,  -11,  -15,  -14,  -11,    0,  -11,   -9,   -6,    0,    0,    0,   -7,  -18,   -3,   -7,   -2,    0,   -3,    0,   -3,    0,    0,   -6,    0,   -5,    0,  -22,  -13,    0,  -13,   -9,  -11,   -9,   -9,  -11,  -16,  -13,  -11,  -11,  -11,  -14,  -11,  -11,    0,    0,    0,    0,    0,    0,    0,    0,   -9,   -5,    0,    0,    0,    0,   -6,   -8,    0,  -21,  -13,  -13,  -13,   -9,    2,    6,  -13,  -13,    0,    6,    6,  -13,    0,    0,    0,    0,    0,    0,    0,    0,    0,    0,    0,    0,    0,    0,    0,    0,    0,    0,    0,    0,    0,    0,    0,    0,    0,    0,    0,    0,    0,    0,    0,    0,    0,    0,    0,    0,    0,    0,    0,    0,    0,    0,    0,   -2,    0,    0,  -23,    0,    0,    0,    0,    0,    0,
       0,   -5,    0,    0,    0,    0,    0,   -7,   -6,    0,  -11,   -2,    2,   -3,   -2,   -3,    0,   -2,    0,   -5,    0,    0,    0,    0,    0,    0,    7,  -13,   -5,    6,   -6,   -7,    0,   -6,   -7,  -11,   -8,  -10,   -9,    0,   -1,  -19,    0,   -2,    0,   -2,    0,    0,    0,    0,    0,    0,    0,    0,    0,    0,    0,    0,    0,    0,    0,    0,    0,    0,    3,    1,    2,    3,    0,    0,   -8,    0,    0,   -2,    0,  -18,    0,    0,    0,    0,    0,    0,    0,    0,   -3,    0,    0,    0,    0,    0,    0,    0,    0,    0,    0,    0,    0,    0,    0,    0,    0,    0,    0,    0,    0,    0,    0,    0,    0,    0,    0,    0,    0,    0,    0,    0,    0,    0,    0,    0,    0,    0,    0,    0,    0,    0,    0,    0,   -2,    0,    0,    5,    0,    0,  -16,    0,    0,    0,    0,    0,    0,
       0,    3,    0,    0,    0,   -9,    0,   -6,    5,    0,  -41,  -24,    0,    0,   -2,   -2,  -11,   -7,   -5,    0,    0,    2,    3,    0,    0,   -2,   -5,  -30,   -3,    2,   -3,   -2,    1,    1,   -4,   -3,   -3,   -9,   -4,   -1,    1,  -56,   -5,   -5,   -7,    0,   -4,    1,    0,   -1,    0,   -5,    2,    0,    5,    0,    5,    0,    0,    0,    0,    0,    0,    0,    3,    4,   -2,    0,    0,    0,    0,    0,    0,    0,    0,  -34,   -5,   -5,   -7,    1,    1,    1,   -7,   -7,   -5,    1,    1,   -5,    0,    0,    0,    0,    0,    0,    0,    0,    0,    0,    0,    0,    0,    0,    0,    0,    0,    0,    0,    0,    0,    0,    0,    0,    0,    0,    0,    0,    0,    0,    0,    0,    0,    0,    0,    0,    0,    0,    0,    0,    8,    7,    0,    2,    0,    0,  -42,    0,    0,    0,    0,    0,    0,
       0,  -16,    0,    0,    0,    0,    0,   -5,  -11,    0,    0,    0,   -6,    1,    0,   -2,   -8,   -5,   -8,  -11,   -2,   -7,    0,    0,    0,   -2,    0,    3,    0,   -7,   -6,    2,   -1,  -15,  -17,  -20,  -17,    1,  -17,    1,  -11,    4,   -2,    0,   -6,    0,   -2,    0,    0,    0,   -6,    0,   -6,   -8,   -9,    0,   -9,    0,    0,    0,    0,    0,    0,    0,   -3,  -11,   -9,   -6,    0,    0,  -18,    0,  -12,   -1,    0,    3,   -2,   -2,   -6,    0,    0,    0,   -6,   -6,   -6,    0,    0,    0,    0,    0,    0,    0,    0,    0,    0,    0,    0,    0,    0,    0,    0,    0,    0,    0,    0,    0,    0,    0,    0,    0,    0,    0,    0,    0,    0,    0,    0,    0,    0,    0,    0,    0,    0,    0,    0,    0,    0,    0,  -12,  -13,    0,   -8,  -15,    0,    0,    0,    0,    0,    0,    0,    0,
       0,   -5,    0,    0,    0,    0,    0,   -6,    0,    0,   -4,   -4,    0,   -4,   -7,    0,    0,    0,    0,   -8,    0,   -1,    0,    0,    0,    0,    0,   -9,   -1,    0,   -3,   -1,   -2,   -6,   -8,   -8,   -8,   -6,   -8,   -5,    0,  -18,    0,   -1,    0,   -2,   -1,    0,    0,    0,   -3,    0,   -3,   -3,   -7,   -6,   -7,    0,    0,    0,    0,    0,    0,    0,    0,   -2,    0,    0,    0,    0,   -7,    0,    0,   -2,    0,  -11,    0,    0,    0,    0,    0,    0,    0,    0,   -3,    0,    0,    0,    0,    0,    0,    0,    0,    0,    0,    0,    0,    0,    0,    0,    0,    0,    0,    0,    0,    0,    0,    0,    0,    0,    0,    0,    0,    0,    0,    0,    0,    0,    0,    0,    0,    0,    0,    0,    0,    0,    0,    0,   -3,    0,    0,    0,   -5,    0,   -6,    0,    0,    0,    0,    0,    0,
       0,    5,    0,    0,    0,  -14,    0,    0,    4,    0,  -31,  -25,   -2,    0,    0,   -5,  -21,   -7,  -16,    1,   -5,    0,    0,    0,    0,    0,  -14,  -26,    0,   -6,   -2,   -2,   -2,    1,   -3,    0,    0,   -2,    0,   -1,    7,  -36,  -21,    0,  -26,   -8,  -19,   -5,   -5,  -12,  -19,  -17,   -5,  -16,  -16,  -20,  -16,  -20,    0,   -2,    0,    0,    0,    0,   -5,    4,  -17,  -25,    0,    0,    2,    0,  -13,   -5,    0,  -29,  -21,  -21,  -26,   -5,    4,    3,  -26,  -26,    0,    3,    3,  -17,    0,    0,    0,    0,    0,    0,    0,    0,    0,    0,    0,    0,    0,    0,    0,    0,    0,    0,    0,    0,    0,    0,    0,    0,    0,    0,    0,    0,    0,    0,    0,    0,    0,    0,    0,    0,    0,    0,    0,    0,    9,   10,    0,   -7,    1,    0,  -31,    0,    0,    0,    0,    0,    0,
       0,   -2,    0,    0,    0,  -18,    0,   -3,    0,    0,  -29,  -30,   -8,   -9,  -12,  -12,  -18,  -12,  -16,   -2,  -10,   -7,   -8,    0,    0,   -2,   -9,  -29,   -5,  -10,   -5,   -5,   -7,   -3,   -4,   -2,   -1,   -3,    0,   -3,    0,  -34,  -18,    0,  -17,  -11,  -18,  -11,   -9,  -10,  -16,  -13,  -11,  -17,  -11,  -17,  -15,  -15,    0,    0,    0,    0,    0,    0,   -5,    0,  -13,   -6,    0,    0,   -1,    0,   -7,  -11,    0,  -31,  -18,  -18,  -17,  -11,    0,    1,  -17,  -17,    0,    1,    1,  -13,    0,    0,    0,    0,    0,    0,    0,    0,    0,    0,    0,    0,    0,    0,    0,    0,    0,    0,    0,    0,    0,    0,    0,    0,    0,    0,    0,    0,    0,    0,    0,    0,    0,    0,    0,    0,    0,    0,    0,    0,    0,    0,    0,   -3,    0,    0,  -35,    0,    0,    0,    0,    0,    0,
       0,    0,    0,    0,    0,  -27,    0,    0,    0,    0,  -44,  -32,  -13,   -4,  -10,  -11,  -34,  -15,  -23,    1,  -11,   -7,  -13,    0,    0,    0,  -26,  -40,    0,  -14,    0,    0,   -7,    0,   -1,    2,    2,    0,    2,   -3,    3,  -58,  -27,    0,  -28,  -12,  -29,  -12,  -11,  -22,  -21,  -28,  -15,  -22,  -18,  -23,  -18,  -22,    0,   -9,    0,    0,    0,    0,  -10,    2,  -22,  -19,    0,    0,    0,    0,  -19,  -17,    0,  -42,  -50,  -44,  -28,  -12,    2,    9,  -28,  -28,    0,    3,    3,  -28,    0,    0,    0,    0,    0,    0,    0,    0,    0,    0,    0,    0,    0,    0,    0,    0,    0,    0,    0,    0,    0,    0,    0,    0,    0,    0,    0,    0,    0,    0,    0,    0,    0,    0,    0,    0,    0,    0,    0,    0,    7,    5,    0,  -18,    0,    0,  -50,    0,    0,    0,    0,    0,    0,
       0,    0,    0,    0,    0,  -26,    0,    0,    0,    0,  -45,  -28,  -13,   -7,  -11,  -11,  -31,  -15,  -24,    0,  -10,   -8,  -13,    0,    0,    0,  -29,  -37,    0,  -12,    0,   -1,   -7,    0,   -1,    2,    2,    0,    2,   -3,    3,  -53,  -28,    0,  -28,  -13,  -31,  -11,   -9,  -17,  -19,  -23,  -11,  -19,  -16,  -21,  -16,  -22,    0,   -9,    0,    0,    0,    0,  -10,    0,  -23,  -18,    0,    0,    0,    0,  -18,  -17,    0,  -43,  -54,  -49,  -28,  -11,    2,   11,  -28,  -28,    0,    7,    2,  -23,    0,    0,    0,    0,    0,    0,    0,    0,    0,    0,    0,    0,    0,    0,    0,    0,    0,    0,    0,    0,    0,    0,    0,    0,    0,    0,    0,    0,    0,    0,    0,    0,    0,    0,    0,    0,    0,    0,    0,    0,    5,    7,    0,  -18,    0,    0,  -49,    0,    0,    0,    0,    0,    0,
       0,   -2,    0,    0,    0,   -2,    0,    0,    0,    0,    0,    0,   -7,    0,    0,   -7,  -13,   -5,   -9,   -5,   -6,   -9,   -1,    0,    0,    0,    0,    0,    0,  -10,   -2,    0,   -4,   -3,   -3,    0,    0,    0,    0,    1,    0,    0,   -5,    0,  -10,    0,    0,   -2,   -2,    0,  -10,   -1,  -10,  -13,  -23,    0,  -19,    0,    0,    0,    0,    0,    0,    0,  -11,    0,  -11,  -16,    0,    0,    0,    0,  -19,   -5,    0,    0,   -5,   -5,  -10,   -2,   -2,   -2,  -10,  -10,    0,   -2,   -2,   -1,    0,    0,    0,    0,    0,    0,    0,    0,    0,    0,    0,    0,    0,    0,    0,    0,    0,    0,    0,    0,    0,    0,    0,    0,    0,    0,    0,    0,    0,    0,    0,    0,    0,    0,    0,    0,    0,    0,    0,    0,    0,    0,    0,  -13,   -5,    0,    0,    0,    0,    0,    0,    0,    0,
       0,    0,    0,    0,    0,  -20,    0,   -2,    0,    0,  -31,  -28,  -15,   -5,  -10,  -12,  -31,  -16,  -23,    0,  -11,   -9,  -15,    0,    0,    0,  -24,  -32,    0,  -14,    0,    0,   -9,    2,    0,    2,    2,    0,    2,    0,    8,  -34,  -27,    0,  -28,  -15,  -26,  -11,   -9,  -19,  -23,  -27,  -18,  -22,  -19,  -25,  -19,  -27,    0,   -5,    0,    0,    0,    0,   -9,    5,  -22,  -22,    0,    0,    0,    0,  -20,  -15,    0,  -32,  -51,  -46,  -28,  -20,   10,    8,  -28,  -28,    0,    8,    8,  -27,    0,    0,    0,    0,    0,    0,    0,    0,    0,    0,    0,    0,    0,    0,    0,    0,    0,    0,    0,    0,    0,    0,    0,    0,    0,    0,    0,    0,    0,    0,    0,    0,    0,    0,    0,    0,    0,    0,    0,    0,    5,    5,    0,  -19,    0,    0,  -36,    0,    0,    0,    0,    0,    0,
       0,    0,    0,    0,    0,    0,    0,    0,    0,    0,    0,    0,    0,    0,   -2,    0,    0,    0,    0,   -2,    0,   -3,    0,    0,    0,    0,    0,   -1,    0,   -1,    0,    0,   -2,   -3,   -4,   -1,   -1,    0,   -1,    0,    0,    0,    0,    0,   -2,    0,    0,    0,    0,    0,   -3,    0,   -2,   -6,   -8,    0,   -8,    0,    0,    0,    0,    0,    0,    0,    0,    0,    0,    0,    0,    0,    0,    0,  -11,    0,    0,    0,    0,    0,   -2,    0,    2,    2,   -2,   -2,    0,    2,    2,    0,    0,    0,    0,    0,    0,    0,    0,    0,    0,    0,    0,    0,    0,    0,    0,    0,    0,    0,    0,    0,    0,    0,    0,    0,    0,    0,    0,    0,    0,    0,    0,    0,    0,    0,    0,    0,    0,    0,    0,    0,   -1,    0,    0,   -4,    0,    0,    0,    0,    0,    0,    0,    0,    0,
       0,  -27,    0,    0,    0,    0,    0,    0,    0,    0,    2,    0,   -7,    0,    0,    0,   -8,   -7,   -2,  -13,    0,   -7,    0,    0,    0,    0,    0,    0,    0,   -8,   31,   -5,   -5,  -25,  -24,  -31,  -28,   -5,  -22,   -5,  -41,    0,   -5,    0,   -5,   -5,    5,    0,   42,    0,    0,   -5,   -8,   -7,  -14,    0,    5,    0,    0,    0,    0,    0,    0,    0,    0,    0,  -15,  -11,    0,    0,    0,    0,  -13,    0,    0,   -9,   -5,   -5,   -5,    0,    0,    0,   -5,   -5,    0,    0,    0,   -5,    0,  -25,   -8,   -5,   31,    0,    0,    0,    0,   -5,    0,   -5,    0,    0,    0,   -5,    0,    0,    0,   -5,    0,    0,    0,    0,    0,    5,    0,    0,    0,   -5,    0,    0,   42,    0,    0,  -31,  -14,  -22,   -5,   -9,  -27,  -27,    2,    0,    0,    0,    0,    0,    0,    0,    0,    0,    0,
       0,    0,    0,    0,    0,    0,    0,    0,    0,    0,    0,    0,  -13,    0,    0,  -11,  -21,   -7,  -12,   -7,   -8,  -11,    0,    0,    0,    0,   -5,    0,    0,  -21,   27,    0,   -7,  -36,  -33,  -55,  -51,    0,  -37,    0,    0,    0,  -11,    0,  -19,    0,    0,    0,   24,    0,   -7,   -9,  -21,  -16,  -31,    0,  -10,    0,    0,    0,    0,    0,    0,    0,    0,    0,    0,    0,    0,    0,    0,    0,    0,    0,    0,    0,  -11,  -11,  -19,    0,    0,    0,  -19,  -19,   -7,    0,    0,   -9,    0,  -36,  -21,   -7,   27,    0,    0,    0,    0,    0,    0,    0,    0,    0,    0,  -11,    0,    0,    0,  -19,    0,    0,    0,   -7,    0,  -10,    0,    0,    0,   -9,    0,    0,   24,    0,    0,  -55,  -31,  -37,  -11,    0,    0,    0,    0,    0,    0,    0,    0,    0,    0,    0,    0,    0,    0,
      -2,  -20,    0,    0,    0,    0,    0,   -7,  -13,    0,    0,    0,    0,    0,    0,    0,   -1,   -2,   -1,  -11,    0,   -8,    0,    0,    0,   -2,    0,    1,    0,   -6,   -7,    0,    0,  -19,  -12,  -26,  -25,    0,  -24,    0,  -16,    0,    0,    0,    0,    0,   -2,    0,    0,    0,   -7,    0,    0,   -4,   -7,    0,   -6,    0,    0,    0,    0,    0,    0,    0,    0,  -13,   -5,   -1,    0,    0,  -20,    0,   -5,    0,    0,    0,    0,    0,    0,    0,    0,    0,    0,    0,   -7,    0,    0,    0,    0,    0,    0,    0,    0,    0,    0,    0,    0,    0,    0,    0,    0,    0,    0,    0,    0,    0,    0,    0,    0,    0,    0,    0,    0,    0,    0,    0,    0,    0,    0,    0,    0,    0,    0,    0,    0,    0,    0,    0,  -19,  -12,    0,   -6,  -11,    0,    0,    0,    0,    0,    0,    0,    0,
      -2,  -18,    0,    0,    0,    0,    0,   -8,  -14,    0,   -7,   -7,    0,   -5,   -8,   -3,    0,   -3,    2,  -18,    0,    0,   -2,    0,    0,   -5,    1,  -16,   -7,    0,   -6,   -8,   -1,  -20,  -13,  -27,  -26,  -11,  -27,   -2,  -11,  -19,   -2,   -1,    2,    0,    0,    0,    0,    0,   -3,    0,   -1,   -1,   -2,   -7,   -3,    0,    0,    0,    0,    0,    0,    0,    0,   -5,    2,    3,    0,    0,  -19,    0,    0,   -2,    0,  -11,   -2,   -2,    2,    0,    0,    0,    2,    2,   -5,    0,    0,    0,    0,    0,    0,    0,    0,    0,    0,    0,    0,    0,    0,    0,    0,    0,    0,    0,    0,    0,    0,    0,    0,    0,    0,    0,    0,    0,    0,    0,    0,    0,    0,    0,    0,    0,    0,    0,    0,    0,    0,    0,  -17,   -9,    0,    0,   -2,    0,  -10,    0,    0,    0,    0,    0,    0,
       0,   -2,    0,    0,    0,    0,    0,   -9,   -2,    0,   -5,   -5,    0,   -4,   -5,   -2,   -4,   -5,    0,  -13,   -2,    0,    0,    0,    0,   -2,   -2,   -8,   -8,    0,  -11,   -5,   -2,  -16,  -12,  -23,  -22,   -9,  -22,   -2,   -9,  -11,   -2,   -8,   -2,    0,   -1,    0,    0,    0,   -3,    0,   -2,   -2,   -5,   -7,   -2,    0,    0,    0,    0,    0,    0,    0,    0,    0,   -2,    0,    0,    0,  -11,    0,   -2,    0,    0,   -5,   -2,   -2,   -2,    0,    0,    0,   -2,   -2,   -9,    0,    0,    0,    0,    0,    0,    0,    0,    0,    0,    0,    0,    0,    0,    0,    0,    0,    0,    0,    0,    0,    0,    0,    0,    0,    0,    0,    0,    0,    0,    0,    0,    0,    0,    0,    0,    0,    0,    0,    0,    0,    0,    0,   -6,   -2,    0,    0,    0,    0,   -5,    0,    0,    0,    0,    0,    0,
       0,   -7,    0,    0,    0,   -3,    0,   -2,   -7,    0,   -2,    0,   -2,    0,   -2,   -5,   -3,   -4,   -2,   -8,   -2,   -3,    0,    0,    0,   -7,   -2,    0,    0,   -2,   -2,    0,    0,   -7,   -7,   -9,  -10,    0,  -13,    0,    0,    0,   -3,    0,    0,    0,   -3,    0,    0,    0,   -4,    0,    0,   -1,   -3,    0,   -3,    0,    0,    0,    0,    0,    0,    0,    0,    0,   -7,   -2,    0,    0,   -7,    0,   -5,    0,    0,    0,   -3,   -3,    0,    0,    0,    0,    0,    0,   -2,    0,    0,    0,    0,    0,    0,    0,    0,    0,    0,    0,    0,    0,    0,    0,    0,    0,    0,    0,    0,    0,    0,    0,    0,    0,    0,    0,    0,    0,    0,    0,    0,    0,    0,    0,    0,    0,    0,    0,    0,    0,    0,    0,   -8,   -7,    0,   -7,    0,    0,    0,    0,    0,    0,    0,    0,    0,
       0,   -9,    0,    0,    0,    0,    0,   -8,   -7,    0,   -2,   -3,    2,   -4,   -6,   -2,    2,   -2,    5,  -12,    0,    0,    0,    0,    0,   -2,    0,   -7,   -3,    0,   -7,   -5,    0,  -19,  -10,  -23,  -20,   -7,  -22,   -2,  -11,  -13,   -1,   -6,    0,   -1,    0,    0,    0,    0,   -3,    0,    0,    0,   -1,   -2,   -2,    0,    0,    0,    0,    0,    0,    0,    0,   -2,    3,    3,    0,    0,  -17,    0,    0,    0,    0,   -7,   -1,   -1,    0,    0,    0,    0,    0,    0,   -3,    0,    0,    0,    0,    0,    0,    0,    0,    0,    0,    0,    0,    0,    0,    0,    0,    0,    0,    0,    0,    0,    0,    0,    0,    0,    0,    0,    0,    0,    0,    0,    0,    0,    0,    0,    0,    0,    0,    0,    0,    0,    0,    0,  -10,   -6,    0,    0,   -2,    0,    0,    0,    0,    0,    0,    0,    0,
      18,   28,    0,    0,    0,    0,    0,   32,   26,    0,   -8,   -2,   10,   16,   11,   10,   -5,    9,    0,   28,   11,   15,    2,    0,    0,   18,   -2,   -2,   26,    2,   27,   26,   10,   30,   29,   35,   35,   30,   35,   26,   38,   -2,    0,   -3,   -4,    0,    0,   14,   15,    0,    0,    0,    0,   -2,    5,    0,    5,    2,    5,    0,    0,    0,    0,    0,    0,   34,   -8,   -7,   19,    0,   35,    0,   -2,    0,    0,    0,    0,   12,    4,   36,   31,   33,   -3,    2,   -3,   15,   15,    0,    0,    0,    0,    0,    0,    0,    0,    0,    0,    0,    0,    0,    0,    0,    0,    0,    0,    0,    0,    0,    0,    0,    0,    0,    0,    0,    0,    0,    0,    0,    0,    0,    0,    0,    0,    0,    0,    0,    0,    0,   33,   29,    0,   -2,   37,   23,   -7,    0,    0,    0,    0,    0,    0,
      -2,    0,    0,    0,    0,   -9,    0,   -2,   -2,    0,    0,    8,    1,    0,    0,   -6,  -11,   -8,   -2,   -9,    0,    5,    0,    0,    0,    0,   -2,    0,   -4,    0,   29,    0,    0,   -4,  -10,  -13,  -16,    0,  -16,    0,   -8,    0,   -5,   -1,   -6,    0,   -3,    0,   26,    0,   -2,    0,    0,    0,    4,    0,    5,    0,    0,    0,    0,    0,    0,    0,    0,    0,   -9,   -7,    0,    0,    0,    0,   -5,    0,    0,    0,   -5,   -5,   -6,    0,    0,    0,   -6,   -6,   -5,    0,    0,    0,    0,    0,    0,    0,    0,    0,    0,    0,    0,    0,    0,    0,    0,    0,    0,    0,    0,    0,    0,    0,    0,    0,    0,    0,    0,    0,    0,    0,    0,    0,    0,    0,    0,    0,    0,    0,    0,    0,    0,    0,    2,    3,    0,   -2,    0,    0,    0,    0,    0,    0,    0,    0,    0,
      -2,  -19,    0,    0,    0,   -2,    0,   -8,  -16,    0,    0,    0,   -3,    0,   -3,   -5,   -5,   -5,   -2,  -16,   -2,   -8,    0,    0,    0,   -2,    0,    0,    0,   -2,   -7,    0,    0,  -22,  -12,  -30,  -27,    0,  -26,    0,  -17,    0,   -2,    0,    0,    0,    0,    0,    0,    0,   -5,    0,   -2,   -2,  -10,    0,  -10,    0,    0,    0,    0,    0,    0,    0,    0,  -13,   -1,    0,    0,    0,  -23,    0,   -5,    0,    0,    0,   -2,   -2,    0,    0,    0,    0,    0,    0,   -7,    0,    0,    0,    0,    0,    0,    0,    0,    0,    0,    0,    0,    0,    0,    0,    0,    0,    0,    0,    0,    0,    0,    0,    0,    0,    0,    0,    0,    0,    0,    0,    0,    0,    0,    0,    0,    0,    0,    0,    0,    0,    0,    0,  -21,  -16,    0,   -3,  -12,    0,    0,    0,    0,    0,    0,    0,    0,
       0,    0,    0,    0,    0,   -2,    0,    0,    0,    0,    0,    0,    0,    2,    0,   -2,    0,   -2,    0,   -5,    0,   -2,    0,    0,    0,    0,    0,    0,    0,    0,    0,    0,    0,   -4,   -9,  -10,   -9,    0,   -7,    0,    0,    0,    0,    0,    0,    0,    0,    0,    0,    0,   -1,    0,    0,    0,   -3,    0,   -3,    0,    0,    0,    0,    0,    0,    0,    0,    0,   -1,    0,    0,    0,   -2,    0,   -5,    0,    0,    0,    0,    0,    0,    0,    0,    0,    0,    0,    0,    0,    0,    0,    0,    0,    0,    0,    0,    0,    0,    0,    0,    0,    0,    0,    0,    0,    0,    0,    0,    0,    0,    0,    0,    0,    0,    0,    0,    0,    0,    0,    0,    0,    0,    0,    0,    0,    0,    0,    0,    0,    0,    0,    0,    0,    0,   -2,   -1,    0,    0,    0,    0,    0,    0,    0,    0,
       0,   -2,    0,    0,    0,   -5,    0,    5,   -2,    0,   -8,   -1,    0,    0,   -5,   -5,   -6,   -5,    0,   -7,   -1,   -2,   -6,    0,    0,   -2,    0,   -6,   -2,   -2,   12,   -5,    0,   -5,   -7,   -8,   -7,   -3,   -6,    0,    0,  -15,   -2,   -2,    0,    0,   -2,    0,    9,    0,   -2,    0,    0,    0,    0,   -2,    0,   -2,    0,    0,    0,    0,    0,    0,    0,    0,   -4,   -2,    0,    0,    0,    0,   -5,    0,    0,   -1,   -2,   -2,    0,    0,    0,    0,    0,    0,   -5,    0,    0,    0,    0,    0,    0,    0,    0,    0,    0,    0,    0,    0,    0,    0,    0,    0,    0,    0,    0,    0,    0,    0,    0,    0,    0,    0,    0,    0,    0,    0,    0,    0,    0,    0,    0,    0,    0,    0,    0,    0,    0,    0,   -5,    0,    0,   -4,    0,    0,   -3,    0,    0,    0,    0,    0,    0,
      -5,   -9,    0,    0,    0,   -5,    0,  -11,   -7,    0,   -2,    0,   -2,    2,    0,   -2,  -10,   -2,   -5,   -9,    0,   -2,   -5,    0,    0,   -5,    0,    4,    0,   -2,  -11,    2,    0,  -21,  -13,  -21,  -17,    1,  -21,    3,   -9,    0,   -1,    0,   -7,    0,    0,    0,    0,    0,   -6,   -1,   -2,   -5,    0,    1,    0,    2,    0,    0,    0,    0,    0,    0,    0,    0,  -12,  -14,    0,    0,    0,    0,   -9,    0,    0,    3,   -1,   -1,   -7,    0,    0,    0,   -7,   -7,   -8,    0,    0,   -1,    0,    0,    0,    0,    0,    0,    0,    0,    0,    0,    0,    0,    0,    0,    0,    0,    0,    0,    0,    0,    0,    0,    0,    0,    0,    0,    0,    0,    0,    0,    0,    0,    0,    0,    0,    0,    0,    0,    0,    0,   -2,   -5,    0,   -7,    0,    0,    0,    0,    0,    0,    0,    0,    0,
       0,   -9,    0,    0,    0,   -5,    0,    1,   -4,    0,   -2,    5,    0,   -1,   -6,   -8,   -5,   -5,    0,  -11,   -2,   -2,   -2,    0,    0,   -2,    0,   -6,   -7,   -2,    0,   -7,    0,  -17,  -13,  -22,  -19,   -5,  -22,   -2,   -8,   -5,   -5,   -1,   -2,   -1,    0,    0,   27,   -2,    0,   -1,    0,   -1,    0,   -2,    2,   -2,    0,    0,    0,    0,    0,    0,    0,    0,   -3,   -2,    0,    0,  -10,    0,   -5,    0,    0,   -5,   -5,   -5,   -2,    0,    0,    0,   -2,   -2,    0,    0,    0,   -1,    0,    0,    0,    0,    0,    0,    0,    0,    0,    0,    0,    0,    0,    0,    0,    0,    0,    0,    0,    0,    0,    0,    0,    0,    0,    0,    0,    0,    0,    0,    0,    0,    0,    0,    0,    0,    0,    0,    0,    0,   -7,   -5,    0,   -4,   -2,    0,    0,    0,    0,    0,    0,    0,    0,
      -2,    0,    0,    0,    0,  -18,    0,  -11,   -2,    0,  -35,  -19,    0,   -6,   -2,   -9,  -16,   -8,    0,  -10,   -1,    6,   -3,    0,    0,   -5,   -6,  -25,   -9,    0,  -10,   -9,    0,   -2,  -10,  -14,  -13,  -20,  -19,   -5,   -6,  -34,   -8,   -8,   -6,    0,   -6,    0,    0,    0,    0,   -3,    2,    0,    6,    0,    6,    0,    0,    0,    0,    0,    0,    0,    0,    3,   -7,   -8,    0,    0,    0,    0,   -2,   -2,    0,  -31,   -8,   -8,   -6,    0,    0,    0,   -6,   -6,  -11,    0,    0,   -3,    0,    0,    0,    0,    0,    0,    0,    0,    0,    0,    0,    0,    0,    0,    0,    0,    0,    0,    0,    0,    0,    0,    0,    0,    0,    0,    0,    0,    0,    0,    0,    0,    0,    0,    0,    0,    0,    0,    0,    0,    1,    4,    0,    0,    7,    0,  -33,    0,    0,    0,    0,    0,    0,
      -2,  -14,    0,    0,    0,    0,    0,  -11,   -6,    0,   -4,   -5,    0,   -1,   -3,   -3,    0,    0,    2,  -12,    0,   -1,    0,    0,    0,   -5,    0,   -6,   -4,    0,  -10,   -6,    0,  -12,   -9,  -21,  -18,   -2,  -25,   -2,  -14,  -16,   -2,   -6,    0,    0,   -2,   -1,    0,    0,   -3,    0,    0,   -2,   -2,   -2,   -2,    0,    0,    0,    0,    0,    0,    0,    0,   -7,    0,    0,    0,    0,  -10,    0,   -5,   -1,    0,   -5,   -2,   -2,    0,   -1,   -1,   -1,    0,    0,   -8,   -1,   -1,    0,    0,    0,    0,    0,    0,    0,    0,    0,    0,    0,    0,    0,    0,    0,    0,    0,    0,    0,    0,    0,    0,    0,    0,    0,    0,    0,    0,    0,    0,    0,    0,    0,    0,    0,    0,    0,    0,    0,    0,    0,   -8,   -5,    0,   -2,    0,    0,   -2,    0,    0,    0,    0,    0,    0,
       0,   -4,    0,    0,    0,    0,    0,    0,    0,    0,    0,    0,    1,    5,    2,    0,   -1,    0,    1,   -7,    4,    1,    0,    0,    0,   -5,    0,    2,   -2,    0,   -6,    0,    0,   -7,   -8,  -11,  -10,    0,  -11,    1,   -5,   -1,    0,    0,   -1,    0,    0,    0,    0,    0,   -2,    2,   -1,   -2,    2,    0,    1,    2,    0,    0,    0,    0,    0,    0,    0,    3,   -9,   -7,    0,    0,    0,    0,   -5,    0,    0,    0,    0,    0,   -1,    0,    0,    0,   -1,   -1,   -4,    0,    0,    2,    0,    0,    0,    0,    0,    0,    0,    0,    0,    0,    0,    0,    0,    0,    0,    0,    0,    0,    0,    0,    0,    0,    0,    0,    0,    0,    0,    0,    0,    0,    0,    0,    0,    0,    0,    0,    0,    0,    0,    0,    1,    3,    0,   -5,    2,    0,    0,    0,    0,    0,    0,    0,    0,
       0,  -10,    0,    0,    0,   -2,    0,    0,   -8,    0,    0,    0,    0,    5,    0,   -3,   -1,   -2,    0,   -9,    0,   -3,   -1,    0,    0,   -5,    0,    0,    0,    0,   -5,    0,    0,  -10,   -9,  -19,  -16,    0,  -17,    0,   -9,    0,    0,    0,   -1,    0,    1,    0,    0,    0,   -2,    1,    0,    0,   -4,    0,   -2,    0,    0,    0,    0,    0,    0,    0,    0,   -4,   -2,    0,    0,    0,  -13,    0,   -2,    0,    0,    0,    0,    0,   -1,    0,    0,    0,   -1,   -1,   -3,    0,    0,    1,    0,    0,    0,    0,    0,    0,    0,    0,    0,    0,    0,    0,    0,    0,    0,    0,    0,    0,    0,    0,    0,    0,    0,    0,    0,    0,    0,    0,    0,    0,    0,    0,    0,    0,    0,    0,    0,    0,    0,    0,   -8,   -6,    0,   -2,   -7,    0,    0,    0,    0,    0,    0,    0,    0,
      -2,   -2,    0,    0,    0,  -18,    0,  -15,   -2,    0,  -35,  -21,    1,   -2,   -2,   -8,  -15,  -11,   -6,  -10,   -2,    3,   -5,    0,    0,   -9,  -11,  -31,  -11,    0,  -16,  -11,   -2,  -17,  -13,  -17,  -13,  -19,  -19,  -12,    0,  -38,   -9,   -8,   -9,    0,   -9,    0,    0,    0,    0,   -6,    1,    0,    1,    0,   -1,    0,    0,    0,    0,    0,    0,    0,    0,    2,  -11,  -11,    0,    0,    0,    0,   -5,   -2,    0,  -30,   -9,   -9,   -9,    0,    0,    0,   -9,   -9,   -9,    0,    0,   -6,    0,    0,    0,    0,    0,    0,    0,    0,    0,    0,    0,    0,    0,    0,    0,    0,    0,    0,    0,    0,    0,    0,    0,    0,    0,    0,    0,    0,    0,    0,    0,    0,    0,    0,    0,    0,    0,    0,    0,    0,    9,    4,    0,   -7,    3,    0,  -39,    0,    0,    0,    0,    0,    0,
      -2,   -5,    0,    0,    0,   -5,    0,   -6,   -9,    0,    0,    0,   -2,    2,   -2,   -5,   -8,   -5,   -5,  -14,   -2,   -2,    0,    0,    0,   -5,   -2,    1,    0,   -3,   -9,    0,    0,   -9,  -15,  -21,  -21,    0,  -20,    0,   -5,    0,   -1,    0,   -7,    0,   -3,    0,   -4,    0,   -7,    0,   -2,   -5,    0,    0,    0,    0,    0,    0,    0,    0,    0,    0,    0,    0,  -12,  -14,    0,    0,   -5,    0,  -14,    0,    0,    0,   -1,   -1,   -7,    0,    0,    0,   -7,   -7,   -8,    0,    0,    0,    0,    0,    0,    0,    0,    0,    0,    0,    0,    0,    0,    0,    0,    0,    0,    0,    0,    0,    0,    0,    0,    0,    0,    0,    0,    0,    0,    0,    0,    0,    0,    0,    0,    0,    0,    0,    0,    0,    0,    0,   -2,   -1,    0,   -7,   -5,    0,    0,    0,    0,    0,    0,    0,    0,
       0,   -2,    0,    0,    0,    0,    0,   -6,   -2,    0,    0,    0,    0,    5,    0,    0,    0,    0,    0,   -7,    0,    2,    0,    0,    0,    0,    0,    0,    0,    0,   -5,    0,    0,  -14,   -9,  -20,  -17,    0,  -21,    0,   -5,    0,    0,    0,    0,    0,    0,    0,    0,    0,   -3,    0,    0,    0,    2,    0,    2,    0,    0,    0,    0,    0,    0,    0,    0,    0,    0,    0,    0,    0,    0,    0,   -2,    0,    0,    0,    0,    0,    0,    0,    0,    0,    0,    0,   -3,    0,    0,    0,    0,    0,    0,    0,    0,    0,    0,    0,    0,    0,    0,    0,    0,    0,    0,    0,    0,    0,    0,    0,    0,    0,    0,    0,    0,    0,    0,    0,    0,    0,    0,    0,    0,    0,    0,    0,    0,    0,    0,    0,    0,    1,    0,   -2,    0,    0,    0,    0,    0,    0,    0,    0,    0,
       0,    0,    0,    0,    0,    0,    0,    0,    0,    0,    0,    0,    0,    0,    0,    0,    0,    0,    0,    0,    0,    0,    0,    0,    0,    0,    0,    0,    0,    0,    0,    0,    0,    0,    0,    0,    0,    0,    0,    0,    0,    0,    0,    0,    0,    0,    0,    0,    5,    0,    0,    0,    0,    0,    0,    0,    0,    0,    0,    0,    0,    0,    0,    0,    0,    0,    0,    0,    0,    0,    0,    0,    0,    0,    0,    0,    0,    0,    0,    0,    0,    0,    0,    0,    0,    0,    0,    0,    0,    0,    0,    0,    0,    0,    0,    0,    0,    0,    0,    0,    0,    0,    0,    0,    0,    0,    0,    0,    0,    0,    0,    0,    0,    0,    0,    0,    0,    0,    0,    0,    5,    0,    0,    0,    0,    0,    0,    0,    0,    0,    0,    0,    0,    0,    0,    0,    0,    0,    0,    0,    0,
       0,    0,    0,    0,    0,    0,    0,    0,    0,    0,    0,    0,    0,    0,    0,    0,    0,    0,    0,    0,    0,    0,    0,    0,    0,    0,    0,    0,    0,    0,    0,    0,    0,   -2,    0,   -8,   -8,    0,   -8,    0,    0,    0,    0,    0,    0,    0,    0,    0,    0,    0,    0,    0,    0,    0,    0,    0,    0,    0,    0,    0,    0,    0,    0,    0,    0,    0,    0,    0,    0,    0,    0,    0,    0,    0,    0,    0,    0,    0,    0,    0,    0,    0,    0,    0,    0,    0,    0,    0,    0,   -2,    0,    0,    0,    0,    0,    0,    0,    0,    0,    0,    0,    0,    0,    0,    0,    0,    0,    0,    0,    0,    0,    0,    0,    0,    0,    0,    0,    0,    0,    0,    0,    0,    0,   -8,    0,   -8,    0,    0,    0,    0,    0,    0,    0,    0,    0,    0,    0,    0,    0,    0,    0,
       0,    0,    0,    0,    0,    0,    0,    0,    0,    0,    0,    0,    0,    0,    0,    0,    0,    0,    0,    0,    0,    0,    0,    0,    0,    0,    0,    0,    0,    0,   19,    0,    0,   -8,   -9,  -21,  -21,   -5,  -22,    0,    0,    0,   -3,   -1,   -3,   -1,    0,    0,   20,    0,    0,    0,    0,   -8,   -3,    0,    0,    0,    0,    0,    0,    0,    0,    0,    0,    0,    0,    0,    0,    0,    0,    0,    0,    0,    0,   -9,   -3,   -3,   -3,    0,    0,    0,   -3,   -3,    0,    0,    0,    0,    0,    0,    0,    0,    0,    0,    0,    0,    0,    0,    0,    0,    0,    0,    0,    0,    0,    0,    0,    0,    0,    0,    0,    0,    0,    0,    0,    0,    0,    0,    0,    0,    0,    0,    0,    0,    0,    0,    0,    0,    0,    0,    0,    0,    0,    0,    0,    0,    0,    0,    0,    0,    0,
       0,    0,    0,    0,    0,    0,    0,    0,    0,    0,    0,    0,    0,   -3,    0,   -1,    0,    0,    0,   -2,   -1,    0,    0,    0,    0,    0,    0,    0,    0,    0,    0,    0,    0,    0,    0,    0,    0,    0,    0,    0,    0,    0,    0,    0,    0,    0,    0,    0,    0,    0,    0,    0,    0,    0,    0,    0,    0,    0,    0,    0,    0,    0,    0,    0,    0,    0,    0,    0,    0,    0,    0,    0,    0,    0,    0,    0,    0,    0,    0,    0,    0,    0,    0,    0,    0,    0,    0,    0,    0,    0,    0,    0,    0,    0,    0,    0,    0,    0,    0,    0,    0,    0,    0,    0,    0,    0,    0,    0,    0,    0,    0,    0,    0,    0,    0,    0,    0,    0,    0,    0,    0,    0,    0,    0,    0,    0,    0,    0,    0,    0,    0,    0,    0,    0,    0,    0,    0,    0,    0,    0,    0,
       0,    0,    0,    0,    0,    0,    0,    0,    0,    0,    0,    0,   -2,    0,    0,   -1,   -3,    0,   -3,   -1,   -1,   -6,    0,    0,    0,    0,    0,    0,    0,    0,    0,    0,    0,    0,    0,    0,    0,    0,    0,    0,    0,    0,    0,    0,    0,    0,    0,    0,    0,    0,    0,    0,    0,    0,    0,    0,    0,    0,    0,    0,    0,    0,    0,    0,    0,    0,    0,    0,    0,    0,    0,    0,    0,    0,    0,    0,    0,    0,    0,    0,    0,    0,    0,    0,    0,    0,    0,    0,    0,    0,    0,    0,    0,    0,    0,    0,    0,    0,    0,    0,    0,    0,    0,    0,    0,    0,    0,    0,    0,    0,    0,    0,    0,    0,    0,    0,    0,    0,    0,    0,    0,    0,    0,    0,    0,    0,    0,    0,    0,    0,    0,    0,    0,    0,    0,    0,    0,    0,    0,    0,    0,
       0,    0,    0,    0,    0,    0,    0,    0,    0,    0,    0,    0,    0,    2,    0,    0,    0,    0,    0,    2,    0,    5,    0,    0,    0,    0,    0,    0,    0,    0,    0,    0,    0,    0,    0,    0,    0,    0,    0,    0,    0,    0,    0,    0,    0,    0,    0,    0,    0,    0,    0,    0,    0,    0,    0,    0,    0,    0,    0,    0,    0,    0,    0,    0,    0,    0,    0,    0,    0,    0,    0,    0,    0,    0,    0,    0,    0,    0,    0,    0,    0,    0,    0,    0,    0,    0,    0,    0,    0,    0,    0,    0,    0,    0,    0,    0,    0,    0,    0,    0,    0,    0,    0,    0,    0,    0,    0,    0,    0,    0,    0,    0,    0,    0,    0,    0,    0,    0,    0,    0,    0,    0,    0,    0,    0,    0,    0,    0,    0,    0,    0,    0,    0,    0,    0,    0,    0,    0,    0,    0,    0,
       0,    0,    0,    0,    0,    0,    0,    0,    0,    0,    0,    0,    0,    0,    0,    0,    0,    0,    0,   -5,    0,    0,    0,    0,    0,    0,    0,  -11,    0,    6,    0,    0,    0,   -5,   -5,   -7,   -7,   -9,   -9,    0,    0,    0,    0,    0,    0,    0,    0,    0,    0,    0,    0,    0,    0,    0,    0,    0,    0,    0,    0,    0,    0,    0,    0,    0,    0,    0,    0,    0,    0,    0,    0,    0,    0,    0,    0,  -22,    0,    0,    0,    0,    0,    0,    0,    0,    0,    0,    0,    0,    0,   -5,    6,    0,    0,    0,    0,  -11,    0,   -9,    0,    0,    0,    0,    0,    0,    0,    0,    0,    0,    0,    0,    0,    0,    0,    0,    0,    0,    0,    0,    0,    0,    0,    0,    0,   -7,    0,   -9,    0,  -22,    0,    0,    0,    0,    0,    0,    0,    0,    0,    0,  -11,    0,    0,
       0,    0,    0,    0,    0,    0,    0,    0,    0,    0,    0,    0,    0,    0,    0,    0,    0,    0,    0,    0,    0,    0,    0,    0,    0,    0,    0,    0,    0,    0,    0,    0,    0,    0,    0,    0,    0,    0,    0,    0,    0,    0,    0,    0,    0,    0,    0,    0,    0,    0,    0,    0,    0,    0,    0,    0,    0,    0,    0,    0,    0,    0,    0,    0,    0,    0,    0,    0,    0,    0,    0,    0,    0,    0,    0,    0,    0,    0,    0,    0,    0,    0,    0,    0,    0,    0,    0,    0,    0,    0,    0,    0,    0,    0,    0,    0,    0,    0,    0,    0,    0,    0,    0,    0,    0,    0,    0,    0,    0,    0,    0,    0,    0,    0,    0,    0,    0,    0,    0,    0,    0,    0,    0,    0,    0,    0,    0,    0,    0,    0,    0,    0,    0,    4,    0,    0,    0,    0,    0,    0,    0,
       0,    0,    0,    0,    0,    0,    0,  -13,    0,    0,   -2,    0,    0,    0,    0,   -2,    0,    0,    0,   -2,    0,    0,    0,    0,    0,   -7,    0,    0,    0,   -2,   -2,    0,    0,   -5,   -9,  -16,  -14,   -5,  -13,    0,    0,    0,    0,    0,   -2,    0,   -3,    1,    1,    0,    0,    0,    0,   -2,   -1,    0,    0,    1,    0,    0,    0,    0,    0,    0,    0,    0,  -23,  -23,    0,    0,    0,    0,    0,    0,    0,    0,    0,    0,   -2,    1,    0,    0,   -2,   -2,   -6,    0,    0,    0,    0,   -5,   -2,    0,   -2,    0,  -15,    0,    0,   -5,    0,    0,    0,   -7,    0,    0,    0,    0,   -3,   -2,    0,   -2,    0,    0,    0,    0,    0,    0,    0,    0,    1,    0,    1,    0,    0,  -16,   -1,  -13,    0,    0,    0,    0,    0,    0,    0,    0,    0,    0,    0,    0,    0,    0,    0,
       0,    0,    0,    0,    0,    0,    0,  -13,    0,    0,   -7,  -10,    0,   -9,   -7,   -5,   -1,   -5,    0,  -19,    0,   -7,    0,    0,    0,    0,    0,   -8,    0,    3,   -7,   -5,   -2,  -25,   -3,  -15,  -14,  -16,  -19,   -1,   -9,    0,    0,   -2,    3,   -1,    0,    0,    0,    0,    0,    0,    0,    0,   -1,   -7,   -3,    0,    0,    0,    0,    0,    0,    0,    0,    0,    0,    0,    0,    0,    0,    0,    0,  -23,   -6,  -15,    0,    0,    3,    0,    0,    0,    3,    3,   -6,    0,    0,    0,    0,  -25,    3,   -2,   -7,    0,    0,   -8,    0,  -16,    0,   -5,    0,    0,    0,    0,    0,    0,    0,    3,   -7,    0,    0,    0,    0,   -3,    0,    0,   -2,    0,    0,    0,    0,    0,    0,  -15,   -1,  -19,    0,  -15,    3,    3,    0,    0,    0,    0,    0,    0,    0,    0,   -8,    0,    0,
       0,    0,    0,    0,    0,    0,    0,    0,    0,    0,    0,    0,    0,    0,    0,    0,    0,    0,    0,   -8,    0,   -1,    0,    0,    0,    0,    0,    0,    0,    0,    0,    0,    0,    0,    0,    0,    0,    0,    0,    0,    0,    0,    0,    0,    0,    0,    0,    0,    0,    0,    0,    0,    0,    0,    0,    0,    0,    0,    0,    0,    0,    0,    0,    0,    0,    0,    0,    0,    0,    0,    0,    0,    0,    0,    0,    0,    0,    0,    0,    0,    0,    0,    0,    0,    0,    0,    0,    0,    0,    0,    0,    0,    0,    0,    0,    0,    0,    0,    0,    0,    0,    0,    0,    0,    0,    0,    0,    0,    0,    0,    0,    0,    0,    0,    0,    0,    0,    0,    0,    0,    0,    0,    0,    0,    0,    0,    0,    0,    0,    0,    0,    0,    0,    0,    0,    0,    0,    0,    0,    0,    0,
       0,    0,    0,    0,    0,    0,    0,    7,   11,    0,    0,    0,    0,    5,    0,    0,   -3,    0,    0,    7,    0,    0,    0,    0,    0,    0,    0,    0,    0,    0,    0,    0,    0,    0,    0,    0,    0,    0,    0,    0,   14,    0,    0,    0,    0,    0,    0,    0,    0,    0,    0,    0,    0,    0,    0,    0,    0,    0,    0,    0,    0,    0,    0,    0,    0,   11,    0,    0,    0,    0,   11,    0,   -5,    0,    0,    0,    0,    0,    0,    0,    0,    0,    0,    0,    0,    0,    0,    0,    0,    0,    0,    0,    0,    0,    0,    0,    0,    0,    0,    0,    0,    0,    0,    0,    0,    0,    0,    0,    0,    0,    0,    0,    0,    0,    0,    0,    0,    0,    0,    0,    0,    0,    0,    0,    0,    0,    0,    0,    1,    3,    0,   -2,   11,    0,    0,    0,    0,    0,    0,    0,    0,
       0,    0,    0,    0,    0,    0,    0,  -20,    0,    0,    0,  -15,    2,  -10,  -14,  -10,   -2,   -6,   -2,  -19,   -3,   -2,    0,    0,    0,    0,    0,  -21,    0,    0,    0,   -5,    0,  -13,   -3,  -15,  -14,  -19,  -17,   -9,   -4,    0,    0,   -3,    0,    0,   -3,    0,    0,    0,   -3,    0,    0,    0,    0,   -8,    0,    0,    0,    0,    0,    0,    0,    0,    0,    0,    0,    0,    0,    0,    0,    0,    0,    0,  -33,    0,    0,    0,    0,    0,    0,    0,    0,    0,   -7,    0,    0,    0,    0,  -13,    0,    0,    0,    0,    0,  -21,    0,  -19,    0,   -5,    0,    0,    0,    0,    0,    0,    0,    0,   -8,    0,    0,   -3,    0,    0,    0,    0,   -3,    0,    0,    0,    0,    0,    0,  -15,    0,  -17,    0,    0,    0,    0,    0,    0,    0,    0,    0,    0,    0,    0,  -21,    0,    0,
     -11,  -12,    0,    0,    0,    0,    0,  -23,    0,    0,   -9,   -3,    0,   -9,   -9,   -5,    0,    0,    0,  -17,    0,   -2,    0,    0,    0,    0,    0,  -11,   -7,    2,  -10,   -7,   -3,  -17,  -10,  -20,  -19,  -11,  -20,   -5,  -15,    0,    0,   -7,    2,   -6,    0,    0,    1,    0,   -4,   -1,   -3,   -3,   -4,   -9,   -8,    0,    0,    0,    0,    0,    0,    0,    0,    0,    0,    0,    0,    0,    0,    0,    0,  -23,  -18,  -18,    0,    0,    2,    0,    0,    0,    2,    2,   -9,    0,    0,   -1,   -7,  -17,    2,   -3,  -10,    0,    0,  -11,    0,  -11,    0,   -7,    0,    0,    0,    0,    0,    0,    0,    2,   -9,    0,    0,   -4,    0,   -8,    0,    0,   -7,   -1,    0,    0,    1,    0,    0,  -20,   -4,  -20,    0,  -18,  -13,    0,    0,    0,    0,    0,    0,    0,    0,    0,  -11,    0,    0,
       0,    0,    0,    0,    0,    0,    0,    0,    0,    0,    0,    0,    0,    0,    0,    0,    0,    0,   -2,   -7,    0,    0,    0,    0,    0,    0,    0,   -9,   -2,   -2,   16,   -7,    0,  -10,  -13,  -22,  -21,   -9,  -15,    0,    0,    0,   -7,   -6,   -7,   -8,   -1,    0,   21,    0,   -3,   -3,   -3,   -7,   -3,   -3,    0,   -3,    0,    0,    0,    0,    0,    0,    0,    0,    0,    0,    0,    0,    0,    0,    0,    0,    0,  -24,   -7,   -7,   -7,    0,    0,    0,   -7,   -7,    0,    0,    0,   -3,    0,    0,    0,    0,    0,    0,    0,    0,    0,    0,    0,    0,    0,    0,    0,    0,    0,    0,    0,    0,    0,    0,    0,    0,    0,    0,    0,    0,    0,    0,    0,    0,    0,    0,    0,    0,    0,    0,    0,    0,    0,    0,    0,    0,    0,    0,    0,    0,    0,    0,    0,    0,    0,
      -2,   -9,    0,    0,    0,    0,    0,  -10,   -5,    0,  -27,  -15,    0,   -2,   -8,   -9,    0,   -7,    0,  -15,    0,    0,    0,    0,    0,    0,    0,  -26,   -8,    3,   -8,   -9,    0,  -11,   -9,  -18,  -18,  -20,  -20,   -2,  -11,  -51,   -2,   -6,    2,   -2,    0,    0,    0,    0,    0,    0,    0,    0,    0,    0,    0,    0,    0,    0,    0,    0,    0,    0,    3,    0,    5,    3,    0,    0,   -9,    0,    2,   -2,    0,  -29,   -2,   -2,    2,    0,    0,    0,    2,    2,   -9,    0,    0,    0,    0,    0,    0,    0,    0,    0,    0,    0,    0,    0,    0,    0,    0,    0,    0,    0,    0,    0,    0,    0,    0,    0,    0,    0,    0,    0,    0,    0,    0,    0,    0,    0,    0,    0,    0,    0,    0,    0,    0,    0,   -5,    0,    0,    5,    0,    0,  -29,    0,    0,    0,    0,    0,    0,
      -5,  -11,    0,    0,    0,    0,    0,   -8,  -10,    0,    0,   -5,    0,   -1,   -5,    0,    0,    0,    0,  -12,    0,   -9,   -2,    0,    0,   -5,    0,   -5,   -5,    0,   -9,   -5,    0,  -11,  -12,  -11,  -11,   -5,  -13,   -2,   -5,   -9,    0,   -6,    0,   -4,    0,   -4,   -2,    0,   -5,    0,    3,    3,    1,    0,    0,    0,    0,    0,    0,    0,    0,    0,    0,   -7,    0,    0,    0,    0,  -12,    0,   -7,   -2,    0,    0,    0,    0,    0,   -4,   -4,   -4,    0,    0,    0,   -4,   -4,    0,    0,    0,    0,    0,    0,    0,    0,    0,    0,    0,    0,    0,    0,    0,    0,    0,    0,    0,    0,    0,    0,    0,    0,    0,    0,    0,    0,    0,    0,    0,    0,    0,    0,    0,    0,    0,    0,    0,    0,    0,   -9,   -8,    0,   -5,   -8,    0,    0,    0,    0,    0,    0,    0,    0,
       0,   11,    0,    0,    0,   -2,    0,    7,   11,    0,    0,    0,    0,    7,    0,    0,    0,    0,    0,    9,    0,    0,    0,    0,    0,    0,    0,    0,    5,    0,    5,    2,    0,    9,    2,    9,    9,    6,    9,    8,   14,    0,    0,    2,    0,    0,    0,    0,    0,    0,   -1,    0,    0,    0,   -1,    0,   -1,    0,    0,    0,    0,    0,    0,    0,    0,   11,    0,    0,    0,    0,   12,    0,   -5,    0,    0,    0,    0,    0,    0,    0,   17,   17,    0,    0,    2,   17,   17,    0,    0,    0,    0,    0,    0,    0,    0,    0,    0,    0,    0,    0,    0,    0,    0,    0,    0,    0,    0,    0,    0,    0,    0,    0,    0,    0,    0,    0,    0,    0,    0,    0,    0,    0,    0,    0,    0,    0,    0,    0,   12,   13,    0,   -2,   11,    0,    0,    0,    0,    0,    0,    0,    0,
       0,   -5,    0,    0,    0,   -2,    0,   -3,   -5,    0,  -12,  -15,    0,   -1,   -7,   -6,    0,   -5,    0,   -9,    0,    0,   -5,    0,    0,   -2,    0,  -15,   -7,    2,   -8,   -5,    0,  -12,  -10,  -16,  -15,  -15,  -17,   -2,   -5,  -23,    0,    0,    0,    0,    1,   -1,   -1,    0,    1,    0,    0,    0,    0,    0,    0,    0,    0,    0,    0,    0,    0,    0,    0,    0,    0,    1,    0,    0,   -7,    0,    0,   -2,    0,  -13,    0,    0,    0,   -1,    0,    0,    0,    0,   -2,    0,    0,    0,    0,    0,    0,    0,    0,    0,    0,    0,    0,    0,    0,    0,    0,    0,    0,    0,    0,    0,    0,    0,    0,    0,    0,    0,    0,    0,    0,    0,    0,    0,    0,    0,    0,    0,    0,    0,    0,    0,    0,    0,   -2,   -2,    0,    0,    0,    0,   -9,    0,    0,    0,    0,    0,    0,
       0,  -29,    0,    0,    0,    0,    0,   -8,  -39,    0,    0,    0,   -8,    0,   -2,   -6,   -9,   -2,   -9,  -15,   -2,  -11,    0,    0,    0,   -2,    0,    1,   -1,   -9,   -6,   -1,    0,  -25,  -19,  -35,  -29,    0,  -30,    0,  -20,    0,   -3,    0,   -7,    0,   -2,   -2,   -7,    0,  -10,    0,   -9,  -11,  -20,    0,  -19,    0,    0,    0,    0,    0,    0,    0,   -8,  -37,  -12,   -8,    0,    0,  -47,    0,  -18,    0,    0,    0,   -3,   -3,   -7,   -2,   -2,   -2,   -7,   -7,   -9,   -2,   -2,    0,    0,    0,    0,    0,    0,    0,    0,    0,    0,    0,    0,    0,    0,    0,    0,    0,    0,    0,    0,    0,    0,    0,    0,    0,    0,    0,    0,    0,    0,    0,    0,    0,    0,    0,    0,    0,    0,    0,    0,    0,  -30,  -27,    0,  -17,  -33,    0,    0,    0,    0,    0,    0,    0,    0,
      -2,  -20,    0,    0,    0,    0,    0,   -7,  -13,    0,    0,    0,    0,    0,    0,    0,   -1,   -2,   -1,  -11,    0,   -8,    0,    0,    0,   -2,    0,    1,    0,   -6,   -7,    0,    0,  -19,  -12,  -26,  -25,    0,  -24,    0,  -16,    0,    0,    0,    0,    0,   -2,    0,    9,    0,   -7,    0,    0,   -4,   -7,    0,   -6,    0,    0,    0,    0,    0,    0,    0,    0,  -13,   -5,   -1,    0,    0,  -20,    0,   -5,    0,    0,    0,    0,    0,    0,    0,    0,    0,    0,    0,   -7,    0,    0,    0,    0,    0,    0,    0,    0,    0,    0,    0,    0,    0,    0,    0,    0,    0,    0,    0,    0,    0,    0,    0,    0,    0,    0,    0,    0,    0,    0,    0,    0,    0,    0,    0,    0,    0,    0,    0,    0,    0,    0,    0,  -19,  -12,    0,   -6,  -11,    0,    0,    0,    0,    0,    0,    0,    0,
      13,   27,    0,    0,    0,   -2,    0,   29,   29,    0,   -2,    0,   -2,    0,   -2,   -5,   -3,   -4,   -2,   -8,   -2,   -3,    0,    0,    0,   11,   -2,    0,    0,    0,    0,    0,    0,    0,    0,    0,    0,    0,    0,    0,    0,    0,   -3,   31,    0,    7,   -3,   15,   14,    0,   -4,    0,    8,   -1,   -1,    0,   -1,    0,    0,    0,    0,    0,    0,    0,    0,    0,   -7,   -2,    0,    0,   -7,    0,   -5,    0,    0,    0,   -3,   -3,    0,   15,    9,    9,    0,    0,    0,    9,    9,    8,    0,    0,    0,    0,    0,    0,    0,    0,    0,    0,    0,    0,    0,    0,    0,    0,    0,    0,    0,    0,    0,    0,    0,    0,    0,    0,    0,    0,    0,    0,    0,    0,    0,    0,    0,    0,    0,    0,    0,    0,   25,   31,    0,   -7,    0,    0,    0,    0,    0,    0,    0,    0,    0,
       0,    0,    0,    0,    0,    0,    0,    0,    0,    0,    0,    0,   -2,    0,    0,   -1,    0,    0,   -2,   -2,    0,   -2,    0,    0,    0,    0,    0,    0,    0,   -5,    0,    0,    0,    0,   -7,   -3,   -3,   -2,   -4,    0,    0,    0,    0,    0,   -2,    0,   -1,    0,    5,    0,   -7,    0,   -5,   -6,  -11,    0,  -14,    0,    0,    0,    0,    0,    0,    0,    0,    2,    0,    0,    0,    0,    0,    0,  -11,    0,    0,    0,    0,    0,   -2,    0,    0,    0,   -2,   -2,    0,    0,    0,    0,    0,    0,    0,    0,    0,    0,    0,    0,    0,    0,    0,    0,    0,    0,    0,    0,    0,    0,    0,    0,    0,    0,    0,    0,    0,    0,    0,    0,    0,    0,    0,    0,    0,    0,    0,    0,    0,    0,    0,    0,    0,    0,    0,   -8,    0,    0,    0,    0,    0,    0,    0,    0,    0,
       0,    0,    0,    0,    0,    0,    0,    0,    0,    0,    0,    0,   -3,   -2,   -3,   -6,  -11,   -8,   -7,    0,   -3,   -4,    0,    0,    0,    0,    0,    0,    0,   -5,    5,    0,    0,    0,    0,    0,    0,    0,    0,    0,    0,    0,   -7,    0,   -9,   -2,   -4,    0,    0,    0,  -10,   -4,   -6,  -11,  -11,    0,  -19,    0,    0,    0,    0,    0,    0,    0,    0,    2,   -7,    0,    0,    0,    0,    0,    0,    0,    0,    0,   -7,   -7,   -9,    0,    1,    1,   -9,   -9,    0,    1,    1,   -4,    0,    0,    0,    0,    0,    0,    0,    0,    0,    0,    0,    0,    0,    0,    0,    0,    0,    0,    0,    0,    0,    0,    0,    0,    0,    0,    0,    0,    0,    0,    0,    0,    0,    0,    0,    0,    0,    0,    0,    0,    0,    0,    0,    0,    0,    0,    0,    0,    0,    0,    0,    0,    0,
       0,    0,    0,    0,    0,   -2,    0,    0,    0,    0,    0,    0,    0,    2,    0,   -2,    0,   -2,    0,   -5,    0,   -2,    0,    0,    0,    0,    0,    0,    0,    0,    0,    0,    0,   -4,   -9,  -10,   -9,    0,   -7,    0,    0,    0,    0,    0,    0,    0,    0,    0,    7,    0,   -1,    0,    0,    0,   -3,    0,   -3,    0,    0,    0,    0,    0,    0,    0,    0,    0,   -1,    0,    0,    0,   -2,    0,   -5,    0,    0,    0,    0,    0,    0,    0,    0,    0,    0,    0,    0,    0,    0,    0,    0,    0,    0,    0,    0,    0,    0,    0,    0,    0,    0,    0,    0,    0,    0,    0,    0,    0,    0,    0,    0,    0,    0,    0,    0,    0,    0,    0,    0,    0,    0,    0,    0,    0,    0,    0,    0,    0,    0,    0,    0,    0,    0,   -2,   -1,    0,    0,    0,    0,    0,    0,    0,    0,
       0,  -50,    0,    0,    0,    0,    0,   -5,  -39,    0,    0,    0,    0,   -2,   -4,    0,    0,    0,    0,  -15,    0,  -15,    0,    0,    0,    0,    0,    0,   -2,   -4,   -4,   -1,   -2,  -30,  -22,  -36,  -32,   -2,  -28,    0,  -21,    0,    0,    0,    0,   -1,    0,    0,    0,    0,   -4,    0,   -3,   -5,  -18,    0,  -15,    0,    0,    0,    0,    0,    0,    0,    0,  -30,    0,    0,    0,    0,  -52,    0,   -8,    0,    0,   -1,    0,    0,    0,    0,    0,    0,    0,    0,   -8,    0,    0,    0,    0,    0,    0,    0,    0,    0,    0,    0,    0,    0,    0,    0,    0,    0,    0,    0,    0,    0,    0,    0,    0,    0,    0,    0,    0,    0,    0,    0,    0,    0,    0,    0,    0,    0,    0,    0,    0,    0,    0,    0,  -42,  -33,    0,   -5,  -39,    0,    0,    0,    0,    0,    0,    0,    0,
       0,   -7,    0,    0,    0,   -3,    0,   -2,   -7,    0,   -2,    0,   -2,    0,   -2,   -5,   -3,   -4,   -2,   -8,   -2,   -3,    0,    0,    0,   -7,   -2,    0,    0,   -2,   -2,    0,    0,   -7,   -7,   -9,  -10,    0,  -13,    0,    0,    0,   -3,    0,    0,    0,   -3,    0,    0,    0,   -4,    0,    0,   -1,    0,    0,   -2,    0,    0,    0,    0,    0,    0,    0,    0,    0,   -7,   -2,    0,    0,   -7,    0,   -5,    0,    0,    0,   -3,   -3,    0,    0,    0,    0,    0,    0,   -2,    0,    0,    0,    0,    0,    0,    0,    0,    0,    0,    0,    0,    0,    0,    0,    0,    0,    0,    0,    0,    0,    0,    0,    0,    0,    0,    0,    0,    0,    0,    0,    0,    0,    0,    0,    0,    0,    0,    0,    0,    0,    0,    0,   -8,   -7,    0,   -7,    0,    0,    0,    0,    0,    0,    0,    0,    0,
       0,   12,    0,    0,    0,    0,    0,   16,   15,    0,    0,    0,    1,    5,    2,    0,   -1,    0,    1,   -7,    4,    1,    0,    0,    0,   -5,    0,    2,    7,    0,    2,    9,    0,    5,    3,    2,    4,   14,    2,   11,   13,   -1,    0,   15,   -1,    0,    0,    0,    0,    0,   -2,    2,   -1,   -2,    2,    0,    1,    2,    0,    0,    0,    0,    0,    0,    0,    3,   -9,   -7,    0,    0,    0,    0,   -5,    0,    0,    0,    0,    0,   -1,    0,    0,    0,   -1,   -1,   -4,    0,    0,    2,    0,    0,    0,    0,    0,    0,    0,    0,    0,    0,    0,    0,    0,    0,    0,    0,    0,    0,    0,    0,    0,    0,    0,    0,    0,    0,    0,    0,    0,    0,    0,    0,    0,    0,    0,    0,    0,    0,    0,    0,   16,   22,    0,   -5,    2,    0,    0,    0,    0,    0,    0,    0,    0,
       0,  -10,    0,    0,    0,   -2,    0,    0,   -8,    0,    0,    0,    0,    5,    0,   -3,   -1,   -2,    0,   -9,    0,   -3,   -1,    0,    0,   -5,    0,    0,    0,    0,   -5,    0,    0,  -10,   -9,  -19,  -16,    0,  -17,    0,   -9,    0,    0,    0,   -1,    0,    1,    0,    3,    0,   -2,    1,    0,    0,   -4,    0,   -2,    0,    0,    0,    0,    0,    0,    0,    0,   -4,   -2,    0,    0,    0,  -13,    0,   -2,    0,    0,    0,    0,    0,   -1,    0,    0,    0,   -1,   -1,   -3,    0,    0,    1,    0,    0,    0,    0,    0,    0,    0,    0,    0,    0,    0,    0,    0,    0,    0,    0,    0,    0,    0,    0,    0,    0,    0,    0,    0,    0,    0,    0,    0,    0,    0,    0,    0,    0,    0,    0,    0,    0,    0,    0,   -8,   -6,    0,   -2,   -7,    0,    0,    0,    0,    0,    0,    0,    0,
       0,    5,    0,    0,    0,  -18,    0,    9,    0,    0,  -29,  -30,   -8,   -7,  -12,  -12,  -18,  -12,  -16,    0,  -10,   -7,   -8,    0,    0,    0,   -9,  -29,   -1,  -10,   -1,    0,   -7,    0,   -1,    0,    0,    0,    0,    0,    0,  -34,  -18,    2,  -17,  -11,  -18,   -7,   -8,  -10,  -16,  -13,  -11,  -17,  -11,  -17,  -15,  -15,    0,    0,    0,    0,    0,    0,   -5,   12,  -13,   -6,    0,    0,    5,    0,   -7,  -11,    0,  -31,  -18,  -18,  -17,   -7,    2,    2,  -17,  -17,    0,    2,    2,  -13,    0,    0,    0,    0,    0,    0,    0,    0,    0,    0,    0,    0,    0,    0,    0,    0,    0,    0,    0,    0,    0,    0,    0,    0,    0,    0,    0,    0,    0,    0,    0,    0,    0,    0,    0,    0,    0,    0,    0,    0,    5,    5,    0,   -3,    9,    0,  -35,    0,    0,    0,    0,    0,    0,
       0,    9,    0,    0,    0,    0,    0,    0,   12,    0,    0,    0,    0,    0,    0,    0,    0,    0,    0,    0,    0,    0,    0,    0,    0,    0,    0,    0,    9,    0,    9,    9,    0,    9,    9,    0,    0,    0,    0,    9,    0,    0,    0,    9,    0,    0,    0,    0,    0,    0,    0,    0,    0,    0,    0,    0,    0,    0,    0,    0,    0,    0,    0,    0,    0,    9,    0,    0,    0,    0,    9,    0,    0,    0,    0,    0,    0,    0,    0,    0,    0,    0,    0,    0,    0,    0,    0,    0,    0,    0,    0,    0,    0,    0,    0,    0,    0,    0,    0,    0,    0,    0,    0,    0,    0,    0,    0,    0,    0,    0,    0,    0,    0,    0,    0,    0,    0,    0,    0,    0,    0,    0,    0,    0,    0,    0,    0,    0,    9,   12,    0,    0,    9,    0,    0,    0,    0,    0,    0,    0,    0,
       0,    0,    0,    0,    0,    0,    0,    0,    0,    0,    0,    0,   -2,    0,    0,   -1,    0,    0,   -2,   -2,    0,   -2,    0,    0,    0,    0,    0,    0,    0,    0,    0,    0,    0,    0,    0,    0,    0,    0,    0,    0,    0,    0,    0,    0,    0,    0,    0,    0,    0,    0,    0,    0,    0,    0,    0,    0,    0,    0,    0,    0,    0,    0,    0,    0,    0,    2,    0,    0,    0,    0,    0,    0,  -11,    0,    0,    0,    0,    0,    0,    0,    0,    0,    0,    0,    0,    0,    0,    0,    0,    0,   -5,    0,   -2,    0,    0,    0,    0,   -2,    0,    0,   -5,   -2,    0,    0,   -5,    0,    0,   -2,    0,   -2,    0,   -7,   -9,   -9,   -9,    0,    0,    0,    0,    0,    0,   -2,   -7,   -3,  -11,   -4,    0,    0,    0,    0,    0,   -8,    0,    0,    0,    0,    0,    0,    0,    0,    0,
       0,  -11,    0,    0,    0,    0,    0,    0,    0,    0,    0,    0,    0,    0,    0,    0,    0,    0,    0,   -9,    0,    0,    0,    0,    0,    0,    0,    0,    0,    0,    0,    0,    0,    0,    0,    0,    0,    0,    0,    0,    0,    0,    0,    0,    0,    0,    0,    0,    0,    0,    0,    0,    0,    0,    0,    0,    0,    0,    0,    0,    0,    0,    0,    0,    0,    0,    0,    0,    0,    0,    0,    0,    0,    0,    0,    0,    0,    0,    0,    0,    0,    0,    0,    0,    0,    0,    0,    0,    0,   -7,    0,    0,    0,    0,  -11,    0,    0,    0,    0,    0,    0,  -14,    0,    0,    0,    0,    0,    0,   -2,   -2,    0,    0,   -5,  -11,   -6,    0,    0,    0,    0,    0,    0,  -14,   -7,  -25,   -9,  -13,    0,    0,   -9,    0,    0,    0,    0,    0,    0,    0,    0,    0,    0,    0,    0,
       0,    5,    0,    0,    0,  -14,    0,    0,    4,    0,  -31,  -25,   -2,    0,    0,   -5,  -21,   -7,  -16,    1,   -5,    0,    0,    0,    0,    0,  -14,    0,    0,    0,    0,    0,    0,    0,    0,    0,    0,    0,    0,    0,    7,  -36,    0,    0,    0,    0,    0,    0,    0,    0,    0,    0,    0,    0,    0,    0,    0,    0,    0,   -2,    0,    0,    0,    0,   -5,    4,  -17,  -25,    0,    0,    2,    0,  -13,   -5,    0,    0,    0,    0,    0,    0,    0,    0,    0,    0,    0,    0,    0,    0,    0,    1,   -6,   -2,   -2,  -28,    0,  -29,  -28,   -2,    0,    0,   -3,    0,  -14,  -21,   -5,  -20,  -29,  -26,  -24,  -21,  -37,  -16,  -22,  -18,  -20,  -27,    0,  -20,    0,    0,   -7,    0,  -17,    0,  -16,    0,  -21,  -41,    9,   10,    0,   -7,    1,    0,  -31,    0,    0,    0,    0,    0,    0,
       0,    7,    0,    0,    0,    0,    0,    2,    2,    0,    0,    0,    0,    2,    0,    0,    0,    0,    0,    0,    0,    0,    2,    0,    0,    0,    0,    0,    0,    0,    0,    0,    0,    0,    0,    0,    0,    0,    0,    0,    0,   -1,    0,    0,    0,    0,    0,    0,    0,    0,    0,    0,    0,    0,    0,    0,    0,    0,    0,    0,    0,    0,    0,    0,    0,    6,    0,    0,    0,    0,    0,    0,   -7,    0,    0,    0,    0,    0,    0,    0,    0,    0,    0,    0,    0,    0,    0,    0,    0,    0,   -2,    0,    0,    0,    0,   -2,    0,    0,    0,    0,   -3,   -3,    0,    0,    0,    0,    0,    0,   -2,   -2,    0,   -3,  -18,   -7,  -18,   -2,    0,    0,    0,    0,    0,    0,   -5,   -1,   -9,   -2,    0,   -2,    8,    9,    0,    0,    0,    0,    0,    0,    0,    0,    0,    0,    0,
       0,   -5,    0,    0,    0,    0,    0,   -6,    0,    0,   -4,   -4,    0,   -4,   -7,    0,    0,    0,    0,   -8,    0,   -1,    0,    0,    0,    0,    0,    0,    0,    0,    0,    0,    0,    0,    0,    0,    0,    0,    0,    0,    0,  -18,    0,    0,    0,    0,    0,    0,    0,    0,    0,    0,    0,    0,    0,    0,    0,    0,    0,    0,    0,    0,    0,    0,    0,   -2,    0,    0,    0,    0,   -7,    0,    0,   -2,    0,    0,    0,    0,    0,    0,    0,    0,    0,    0,    0,    0,    0,    0,   -1,   -6,    0,   -2,   -3,   -3,   -7,   -9,   -3,   -6,    0,   -1,    0,   -2,   -2,    0,   -2,    0,   -2,    0,   -6,   -5,    0,   -3,   -6,   -7,  -12,   -6,   -1,    0,    0,    0,    0,   -7,   -7,   -8,   -7,   -8,    0,  -11,   -3,    0,    0,    0,   -5,    0,   -6,    0,    0,    0,    0,    0,    0,
       0,    0,    0,    0,    0,    0,    0,    0,    0,    0,    0,    0,   -3,   -2,   -3,   -6,  -11,   -8,   -7,    0,   -3,   -4,    0,    0,    0,    0,    0,    0,    0,    0,    0,    0,    0,    0,    0,    0,    0,    0,    0,    0,    0,    0,    0,    0,    0,    0,    0,    0,    0,    0,    0,    0,    0,    0,    0,    0,    0,    0,    0,    0,    0,    0,    0,    0,    0,    2,   -7,    0,    0,    0,    0,    0,    0,    0,    0,    0,    0,    0,    0,    0,    0,    0,    0,    0,    0,    0,    0,    0,    0,    0,   -5,    0,    0,    0,    0,    0,    0,    0,    0,    0,   -9,   -1,    0,   -7,   -3,    0,    0,   -9,    0,   -8,   -2,  -10,  -12,  -10,  -13,    0,    0,   -4,    0,    1,   -2,   -5,  -13,   -1,  -11,    0,   -7,    0,    0,    0,    0,    0,    0,    0,    0,    0,    0,    0,    0,    0,    0,
       0,    0,    0,    0,    0,  -12,    0,    0,    0,    0,  -21,  -20,   -5,   -4,   -8,   -9,  -13,  -11,   -9,    0,   -5,   -7,   -7,    0,    0,    0,  -11,    0,    0,    0,    0,    0,    0,    0,    0,    0,    0,    0,    0,    0,    0,  -28,    0,    0,    0,    0,    0,    0,    0,    0,    0,    0,    0,    0,    0,    0,    0,    0,    0,    0,    0,    0,    0,    0,   -5,    0,  -11,   -3,    0,    0,    0,    0,   -7,   -7,    0,    0,    0,    0,    0,    0,    0,    0,    0,    0,    0,    0,    0,    0,   -2,    0,   -6,   -6,   -3,   -8,    0,  -18,   -8,   -5,    0,   -2,   -6,    0,   -9,  -14,   -8,   -8,  -12,   -9,  -11,  -11,  -16,  -13,  -16,  -10,  -15,  -17,    0,  -10,   -6,   -1,   -6,    0,  -11,    0,  -12,    0,  -14,  -21,    0,    0,    0,   -2,    0,    0,  -19,    0,    0,    0,    0,    0,    0,
       0,  -17,    0,    0,    0,    0,    0,    0,    0,    0,   -3,    0,    0,    0,    0,    0,    0,    0,    0,   -9,    0,    0,    0,    0,    0,    0,    0,    0,    0,    0,    0,    0,    0,    0,    0,    0,    0,    0,    0,    0,    0,    0,    0,    0,    0,    0,    0,    0,    0,    0,    0,    0,    0,    0,    0,    0,    0,    0,    0,    0,    0,    0,    0,    0,    0,    0,    0,    0,    0,    0,    0,    0,    0,    0,    0,    0,    0,    0,    0,    0,    0,    0,    0,    0,    0,    0,    0,    0,    0,  -20,    0,    0,   -2,   -5,  -17,   -7,   -5,   -7,    0,    0,    2,  -21,    0,    0,    0,    0,   -5,    0,   -7,   -2,   -5,   -2,   -5,  -11,   -5,    0,   -2,    0,    0,    0,    0,  -14,    0,  -28,  -10,  -27,    0,    0,  -21,    0,    0,    0,    0,    0,    0,    0,    0,    0,    0,    0,    0,
       0,  -26,    0,    0,    0,    0,    0,    0,    0,    0,    0,    0,    0,    0,    0,    0,    0,    0,    0,   -9,    0,    0,    0,    0,    0,    0,    0,    0,    0,    0,    0,    0,    0,    0,    0,    0,    0,    0,    0,    0,    0,    0,    0,    0,    0,    0,    0,    0,    0,    0,    0,    0,    0,    0,    0,    0,    0,    0,    0,    0,    0,    0,    0,    0,    0,    0,    0,    0,    0,    0,    0,    0,    0,    0,    0,    0,    0,    0,    0,    0,    0,    0,    0,    0,    0,    0,    0,    0,    0,  -15,   -6,    0,    0,    0,  -13,    0,    0,    0,    0,    0,   -5,  -28,    0,    0,   -5,    0,    0,    0,    0,   -2,    0,   -9,  -11,  -17,  -15,    0,   -2,    0,    0,    0,   -2,  -20,  -14,  -31,  -20,  -20,    0,    0,  -12,    0,    0,    0,    0,    0,    0,    0,    0,    0,    0,    0,    0,
       0,   -2,    0,    0,    0,   -2,    0,    0,    0,    0,    0,    0,   -7,    0,    0,   -7,  -13,   -5,   -9,   -5,   -6,   -9,   -1,    0,    0,    0,    0,    0,    0,    0,    0,    0,    0,    0,    0,    0,    0,    0,    0,    0,    0,    0,    0,    0,    0,    0,    0,    0,    0,    0,    0,    0,    0,    0,    0,    0,    0,    0,    0,    0,    0,    0,    0,    0,  -11,    0,  -11,  -16,    0,    0,    0,    0,  -19,   -5,    0,    0,    0,    0,    0,    0,    0,    0,    0,    0,    0,    0,    0,    0,    0,   -3,  -10,   -4,   -2,    5,   -2,    0,    5,    0,    0,    0,  -16,   -5,    2,   -5,  -12,    0,    2,  -10,    0,    0,    1,  -10,  -20,  -19,  -28,    0,    0,   -1,   -2,   -2,   -2,  -10,  -20,   -6,  -25,    0,   -5,    0,    0,    0,    0,  -13,   -5,    0,    0,    0,    0,    0,    0,    0,    0,
       0,   10,    0,    0,    0,  -27,    0,    0,    0,    0,  -46,  -32,  -13,    3,   -8,   -9,  -34,  -15,  -23,    3,  -11,   -7,  -13,    0,    0,    0,  -26,    0,    0,    0,    0,    0,    0,    0,    0,    0,    0,    0,    0,    0,    3,  -58,    0,    0,    0,    0,    0,    0,    0,    0,    0,    0,    0,    0,    0,    0,    0,    0,    0,   -9,    0,    0,    0,    0,  -10,    2,  -22,  -23,    0,    0,    0,    0,  -19,  -20,    0,    0,    0,    0,    0,    0,    0,    0,    0,    0,    0,    0,    0,    0,    0,    7,  -13,   -7,    0,  -36,    7,  -45,  -36,    7,    6,    0,  -12,    6,  -10,  -27,   -5,  -22,  -36,  -28,  -23,  -26,  -38,  -23,  -17,  -18,  -22,  -40,    0,  -30,   -4,    0,  -11,    2,  -13,    4,  -18,    8,  -27,  -45,   12,    5,    0,  -18,    0,    0,  -50,    0,    0,    0,    0,    0,    0,
       0,  -29,    0,    0,    0,    0,    0,   -8,  -39,    0,    0,    0,   -8,    0,   -2,   -6,   -9,   -2,   -9,  -15,   -2,  -11,    0,    0,    0,   -2,    0,    0,    0,    0,    0,    0,    0,    0,    0,    0,    0,    0,    0,    0,  -20,    0,    0,    0,    0,    0,    0,    0,    0,    0,    0,    0,    0,    0,    0,    0,    0,    0,    0,    0,    0,    0,    0,    0,   -8,  -37,  -12,   -8,    0,    0,  -47,    0,  -18,    0,    0,    0,    0,    0,    0,    0,    0,    0,    0,    0,    0,    0,    0,    0,   -1,  -25,   -9,    0,   -6,    0,  -17,    1,    0,    0,    0,   -1,  -16,  -37,    0,   -3,  -16,    0,    0,   -7,    0,   -5,    0,  -10,  -19,  -19,  -25,    0,    0,    0,   -2,   -2,   -6,  -26,  -23,  -33,  -20,  -30,   -3,    0,  -30,  -27,    0,  -17,  -33,    0,    0,    0,    0,    0,    0,    0,    0,
       0,   -8,    0,    0,    0,    0,    0,   -7,   -6,    0,   -5,  -11,    0,   -1,   -7,   -1,    0,    0,    0,   -6,    0,   -3,    0,    0,    0,    0,    5,    0,    0,    0,    0,    0,    0,    0,    0,    0,    0,    0,    0,    0,   -7,  -16,    0,    0,    0,    0,    0,    0,    0,    0,    0,    0,    0,    0,    0,    0,    0,    0,    0,    0,    0,    0,    0,    0,    5,    0,    2,    5,    0,    0,   -3,    0,   -1,    0,    0,    0,    0,    0,    0,    0,    0,    0,    0,    0,    0,    0,    0,    0,   -5,   -7,   -1,    0,   -4,    0,  -11,  -12,    0,  -10,    0,   -4,    0,   -9,   -2,    0,    0,    0,   -7,    2,   -6,   -2,   -3,   -3,   -2,   -3,   -3,   -5,   -3,    0,    0,    0,    0,   -5,   -6,  -12,  -11,  -14,    0,  -14,   -6,   -5,    0,    0,    0,    0,   -7,    0,    0,    0,    0,    0,    0,
       0,    0,    0,    0,    0,    0,    0,    0,    0,    0,    2,    0,    0,    2,    0,    0,    0,    0,    0,    0,    0,    0,    0,    0,    0,    0,    0,    0,    0,    0,    0,    0,    0,    0,    0,    0,    0,    0,    0,    0,    0,    0,    0,    0,    0,    0,    0,    0,    0,    0,    0,    0,    0,    0,    0,    0,    0,    0,    0,    0,    0,    0,    0,    0,    0,    0,    0,    0,    0,    0,    0,    0,    0,    0,    0,    0,    0,    0,    0,    0,    0,    0,    0,    0,    0,    0,    0,    0,    0,   -6,   -7,    0,   17,   -1,   -2,    0,    5,    0,    0,    0,   -9,   -4,    2,   -4,   -6,    0,    5,   -6,    0,   -6,   -1,   -1,  -15,    0,  -16,    2,    0,   -4,    0,    0,   32,  -10,  -16,   -4,  -12,   -3,   -4,    0,    0,    0,    0,    0,    0,    0,    0,    0,    0,    0,    0,    0,    0,
       0,   -5,    0,    0,    0,    0,    0,   -7,   -6,    0,  -11,   -2,    2,   -3,   -2,   -3,    0,   -2,    0,   -5,    0,    0,    0,    0,    0,    0,    7,    0,    0,    0,    0,    0,    0,    0,    0,    0,    0,    0,    0,    0,   -1,  -19,    0,    0,    0,    0,    0,    0,    0,    0,    0,    0,    0,    0,    0,    0,    0,    0,    0,    0,    0,    0,    0,    0,    3,    1,    2,    3,    0,    0,   -8,    0,    0,   -2,    0,    0,    0,    0,    0,    0,    0,    0,    0,    0,    0,    0,    0,    0,   -5,   -6,    6,    0,   -6,  -11,  -15,  -13,  -11,  -10,    0,   -7,    0,   -5,   -6,    0,    0,    0,  -10,    0,    0,   -1,  -12,    0,    0,    0,    1,   -8,   -2,    0,    0,    0,    0,    0,    0,  -11,    0,   -9,    0,  -18,   -2,    0,    0,    5,    0,    0,  -16,    0,    0,    0,    0,    0,    0,
       0,    3,    0,    0,    0,   -9,    0,   -6,    5,    0,  -41,  -24,    0,    0,   -2,   -2,  -11,   -7,   -5,    0,    0,    2,    3,    0,    0,   -2,   -5,    0,    0,    0,    0,    0,    0,    0,    0,    0,    0,    0,    0,    0,    1,  -56,    0,    0,    0,    0,    0,    0,    0,    0,    0,    0,    0,    0,    0,    0,    0,    0,    0,    0,    0,    0,    0,    0,    3,    4,   -2,    0,    0,    0,    0,    0,    0,    0,    0,    0,    0,    0,    0,    0,    0,    0,    0,    0,    0,    0,    0,    0,   -3,    1,    2,    1,   -3,  -29,   -5,  -30,  -29,   -9,    0,   -2,    0,    0,   -7,   -5,    0,   -1,  -22,   -7,    0,   -2,  -25,    0,    0,    5,    1,  -11,   -5,   -5,    1,    1,    0,    0,    0,   -3,    5,   -4,   -5,  -34,    8,    7,    0,    2,    0,    0,  -42,    0,    0,    0,    0,    0,    0,
       0,    5,    0,    0,    0,  -14,    0,    0,    4,    0,  -31,  -25,   -2,    0,    0,   -5,  -21,   -7,  -16,    1,   -5,    0,    0,    0,    0,    0,  -14,    0,    0,    0,    0,    0,    0,    0,    0,    0,    0,    0,    0,    0,    7,  -36,    0,    0,    0,    0,    0,    0,    0,    0,    0,    0,    0,    0,    0,    0,    0,    0,    0,   -2,    0,    0,    0,    0,   -5,    4,  -17,  -25,    0,    0,    2,    0,  -13,   -5,    0,    0,    0,    0,    0,    0,    0,    0,    0,    0,    0,    0,    0,    0,    0,    1,   -6,   -2,   -2,  -21,    0,  -26,  -21,   -2,    0,   -2,   -3,    0,  -11,  -21,    0,  -12,  -27,  -26,  -20,  -17,  -34,  -19,  -22,  -16,  -14,  -25,    0,  -17,   -5,    3,   -5,    0,  -14,    0,  -16,    0,  -21,  -29,    9,   10,    0,   -7,    1,    0,  -31,    0,    0,    0,    0,    0,    0,
      -2,   -9,    0,    0,    0,    0,    0,  -10,   -5,    0,  -26,  -15,    0,   -7,   -8,   -9,    0,   -7,    2,  -15,    0,    0,    0,    0,    0,    0,    0,    0,    0,    0,    0,    0,    0,    0,    0,    0,    0,    0,    0,    0,  -11,  -51,    0,    0,    0,    0,    0,    0,    0,    0,    0,    0,    0,    0,    0,    0,    0,    0,    0,    0,    0,    0,    0,    0,    3,    0,    5,    3,    0,    0,   -9,    0,    2,   -2,    0,    0,    0,    0,    0,    0,    0,    0,    0,    0,    0,    0,    0,    0,   -7,  -11,    3,    0,   -8,  -16,  -18,  -26,  -16,  -17,    0,   -7,    2,   -3,   -8,   -2,    0,    0,  -15,    2,    0,   -2,  -17,    0,    0,    0,    0,   -5,   -6,    0,    0,    0,    0,    0,    0,  -18,    0,  -19,   -2,  -18,   -5,    0,    0,    5,    0,    0,  -29,    0,    0,    0,    0,    0,    0,
      -2,  -20,    0,    0,    0,    0,    0,   -7,  -13,    0,    0,    0,    0,    0,    0,    0,   -1,   -2,   -1,  -11,    0,   -8,    0,    0,    0,   -2,    0,    0,    0,    0,    0,    0,    0,    0,    0,    0,    0,    0,    0,    0,  -16,    0,    0,    0,    0,    0,    0,    0,    0,    0,    0,    0,    0,    0,    0,    0,    0,    0,    0,    0,    0,    0,    0,    0,    0,  -13,   -5,   -1,    0,    0,  -20,    0,   -5,    0,    0,    0,    0,    0,    0,    0,    0,    0,    0,    0,    0,    0,    0,    0,    0,  -19,   -6,    0,   -7,    0,    0,    1,    0,    0,    0,    0,    0,    0,    0,    0,   -2,    0,    2,    0,    0,    0,    2,   -7,   -9,   -6,  -10,    0,    0,    0,    0,    0,    0,    0,   -7,  -26,   -7,  -24,    0,    0,  -19,  -12,    0,   -6,  -11,    0,    0,    0,    0,    0,    0,    0,    0,
       0,    0,    0,    0,    0,    0,    0,    0,    0,    0,   -7,    0,    0,    0,    0,    0,    0,    0,    0,   -7,    0,    0,    0,    0,    0,    0,    0,    0,    0,    0,    0,    0,    0,    0,    0,    0,    0,    0,    0,    0,    0,    0,    0,    0,    0,    0,    0,    0,    0,    0,    0,    0,    0,    0,    0,    0,    0,    0,    0,    0,    0,    0,    0,    0,    0,    0,    0,    0,    0,    0,    0,    0,    0,    0,    0,    0,    0,    0,    0,    0,    0,    0,    0,    0,    0,    0,    0,    0,    0,    0,    0,    0,    0,    0,    0,   -2,    0,    0,    0,    0,    0,    0,    0,   -2,    0,    0,   -7,    0,   -5,   -2,   -7,    0,    0,   -5,   -3,   -2,    0,    0,    0,    0,    0,    0,    0,    0,   -5,    0,   -2,    0,   -2,    0,    0,    0,    0,    0,    0,    0,    0,    0,    0,    0,    0,
       0,   -9,    0,    0,    0,    0,    0,    0,    0,    0,    0,    0,    0,    0,    0,    0,    0,    0,    0,   -7,    0,    0,    0,    0,    0,    0,    0,    0,    0,    0,    0,    0,    0,    0,    0,    0,    0,    0,    0,    0,    0,    0,    0,    0,    0,    0,    0,    0,    0,    0,    0,    0,    0,    0,    0,    0,    0,    0,    0,    0,    0,    0,    0,    0,    0,    0,    0,    0,    0,    0,    0,    0,    0,    0,    0,    0,    0,    0,    0,    0,    0,    0,    0,    0,    0,    0,    0,    0,   -1,    0,    0,    0,    0,    0,    0,    0,    0,    0,    0,   -1,    0,    0,    0,    0,    0,    0,    0,    0,   -1,    0,    0,    0,    0,    0,    0,    0,    0,    0,    0,    0,    0,    0,    0,    0,    0,    0,    0,    0,    0,    0,    0,    0,    0,    0,    0,    0,    0,    0,    0,    0,    0,
       0,    0,    0,    0,    0,    0,    0,    0,    0,    0,  -17,    0,    0,    0,    0,    0,    0,    0,    0,   -5,    0,    0,    0,    0,    0,    0,    0,    0,    0,    0,    0,    0,    0,    0,    0,    0,    0,    0,    0,    0,    0,    0,    0,    0,    0,    0,    0,    0,    0,    0,    0,    0,    0,    0,    0,    0,    0,    0,    0,    0,    0,    0,    0,    0,    0,    0,    0,    0,    0,    0,    0,    0,    0,    0,    0,    0,    0,    0,    0,    0,    0,    0,    0,    0,    0,    0,    0,    0,    0,    0,    0,    0,    0,    0,    0,   -3,    0,    0,    0,    0,    2,    0,    0,   -5,    0,    0,  -10,    0,    0,    0,  -17,    0,    0,    3,    0,   -9,   -3,    0,    0,    0,    0,    0,    0,    0,    0,    0,   -5,    0,    0,    0,    0,    0,    0,    0,    0,    0,    0,    0,    0,    0,    0,
       0,    0,    0,    0,    0,    0,    0,    0,    0,    0,    0,    0,    0,    0,    0,    0,    0,    0,    0,    0,    0,    0,    0,    0,    0,    0,    0,    0,    0,    0,    0,    0,    0,    0,    0,    0,    0,    0,    0,    0,    0,    0,    0,    0,    0,    0,    0,    0,    0,    0,    0,    0,    0,    0,    0,    0,    0,    0,    0,    0,    0,    0,    0,    0,    0,    0,    0,    0,    0,    0,    0,    0,    0,    0,    0,    0,    0,    0,    0,    0,    0,    0,    0,    0,    0,    0,    0,    0,    0,  -20,    0,    0,   17,    0,  -13,    0,    0,    0,    0,    0,    0,   -5,    0,   -2,   -1,    0,    2,   -2,    0,    0,   -3,   -1,   -3,    0,    0,    0,    0,    1,    0,    0,   26,   -5,   -3,  -22,   -1,  -20,   -2,    0,    0,    0,    0,    0,    0,    0,    0,    0,    0,    0,    0,    0,    0,
       0,   -9,    0,    0,    0,    0,    0,   -8,   -7,    0,   -2,   -3,    2,   -4,   -6,   -2,    2,   -2,    5,  -12,    0,    0,    0,    0,    0,   -2,    0,    0,    0,    0,    0,    0,    0,    0,    0,    0,    0,    0,    0,    0,  -11,  -13,    0,    0,    0,    0,    0,    0,    0,    0,    0,    0,    0,    0,    0,    0,    0,    0,    0,    0,    0,    0,    0,    0,    0,   -2,    3,    3,    0,    0,  -17,    0,    0,    0,    0,    0,    0,    0,    0,    0,    0,    0,    0,    0,    0,    0,    0,    0,   -3,  -19,    0,    0,   -7,    0,   -4,   -7,    0,   -7,    0,   -5,    0,   -3,    0,   -1,    0,    0,   -7,    0,   -2,   -2,   -7,   -3,    0,   -2,   -3,   -2,   -6,    0,    0,    0,    0,    0,    0,  -19,   -2,  -22,   -1,   -7,  -10,   -6,    0,    0,   -2,    0,    0,    0,    0,    0,    0,    0,    0,
      -2,   -5,    0,    0,    0,   -5,    0,   -6,   -9,    0,    0,    0,   -2,    2,   -2,   -5,   -8,   -5,   -5,  -14,   -2,   -2,    0,    0,    0,   -5,   -2,    0,    0,    0,    0,    0,    0,    0,    0,    0,    0,    0,    0,    0,   -5,    0,    0,    0,    0,    0,    0,    0,    0,    0,    0,    0,    0,    0,    0,    0,    0,    0,    0,    0,    0,    0,    0,    0,    0,    0,  -12,  -14,    0,    0,   -5,    0,  -14,    0,    0,    0,    0,    0,    0,    0,    0,    0,    0,    0,    0,    0,    0,    0,    0,   -9,   -3,    0,   -9,    0,   -3,    1,    0,    0,    0,    0,    0,   -8,    0,   -1,   -2,    0,    0,   -7,    0,   -5,    0,   -7,   -6,    0,   -2,    0,    0,    0,    0,    0,   -4,    0,    0,  -19,    0,  -20,   -1,    0,   -2,   -1,    0,   -7,   -5,    0,    0,    0,    0,    0,    0,    0,    0,
       0,  -10,    0,    0,    0,   -2,    0,    0,   -8,    0,    0,    0,    0,    5,    0,   -3,   -1,   -2,    0,   -9,    0,   -3,   -1,    0,    0,   -5,    0,    0,    0,    0,    0,    0,    0,    0,    0,    0,    0,    0,    0,    0,   -9,    0,    0,    0,    0,    0,    0,    0,    0,    0,    0,    0,    0,    0,    0,    0,    0,    0,    0,    0,    0,    0,    0,    0,    0,   -4,   -2,    0,    0,    0,  -13,    0,   -2,    0,    0,    0,    0,    0,    0,    0,    0,    0,    0,    0,    0,    0,    0,    0,    0,  -10,    0,    0,   -5,    0,  -14,    0,    0,    0,    0,    0,    0,   -5,    0,    0,   -1,    0,    1,   -1,    0,    0,   -3,   -2,   -3,   -2,    0,    0,    0,    1,    0,    0,    0,    0,   -1,  -20,   -1,  -17,    0,    0,   -8,   -6,    0,   -2,   -7,    0,    0,    0,    0,    0,    0,    0,    0,
      -2,  -18,    0,    0,    0,    0,    0,   -8,  -14,    0,   -7,   -7,    0,   -5,   -8,   -3,    0,   -3,    2,  -18,    0,    0,   -2,    0,    0,   -5,    1,    0,    0,    0,    0,    0,    0,    0,    0,    0,    0,    0,    0,    0,  -11,  -19,    0,    0,    0,    0,    0,    0,    0,    0,    0,    0,    0,    0,    0,    0,    0,    0,    0,    0,    0,    0,    0,    0,    0,   -5,    2,    3,    0,    0,  -19,    0,    0,   -2,    0,    0,    0,    0,    0,    0,    0,    0,    0,    0,    0,    0,    0,    0,   -7,  -20,    0,   -1,   -6,    0,   -4,  -16,    0,  -11,    0,   -8,    0,   -3,    0,   -2,    0,    0,   -7,    2,   -7,   -2,   -7,   -3,    0,   -3,   -3,   -2,   -1,    0,    0,    0,    0,    0,    0,  -19,   -2,  -27,   -2,  -11,  -17,   -9,    0,    0,   -2,    0,  -10,    0,    0,    0,    0,    0,    0,
       0,   -2,    0,    0,    0,    0,    0,   -9,   -2,    0,   -5,   -5,    0,   -4,   -5,   -2,   -4,   -5,    0,  -13,   -2,    0,    0,    0,    0,   -2,   -2,    0,    0,    0,    0,    0,    0,    0,    0,    0,    0,    0,    0,    0,   -9,  -11,    0,    0,    0,    0,    0,    0,    0,    0,    0,    0,    0,    0,    0,    0,    0,    0,    0,    0,    0,    0,    0,    0,    0,    0,   -2,    0,    0,    0,  -11,    0,   -2,    0,    0,    0,    0,    0,    0,    0,    0,    0,    0,    0,    0,    0,    0,    0,   -8,  -16,    0,   -2,  -11,    0,    0,   -8,    0,   -9,    0,   -5,    0,    0,    0,   -2,   -1,    0,   -6,   -2,   -7,    0,   -5,   -3,   -5,   -2,   -2,   -5,   -8,    0,    0,    0,    0,    0,    0,  -23,   -5,  -22,   -2,   -5,   -6,   -2,    0,    0,    0,    0,   -5,    0,    0,    0,    0,    0,    0,
      -2,   -2,    0,    0,    0,  -18,    0,  -15,   -2,    0,  -35,  -21,    1,   -2,   -2,   -8,  -15,  -11,   -6,  -10,   -2,    3,   -5,    0,    0,   -9,  -11,    0,    0,    0,    0,    0,    0,    0,    0,    0,    0,    0,    0,    0,    0,  -38,    0,    0,    0,    0,    0,    0,    0,    0,    0,    0,    0,    0,    0,    0,    0,    0,    0,    0,    0,    0,    0,    0,    0,    2,  -11,  -11,    0,    0,    0,    0,   -5,   -2,    0,    0,    0,    0,    0,    0,    0,    0,    0,    0,    0,    0,    0,    0,  -11,  -17,    0,   -2,  -16,    0,    0,  -31,    0,  -19,    0,  -11,    0,    0,    0,   -9,    0,    0,  -20,   -9,    0,   -4,  -24,    0,    0,   -1,    3,  -14,   -8,   -6,    0,    0,    0,    0,    0,  -17,    3,  -19,   -9,  -30,    9,    4,    0,   -7,    3,    0,  -39,    0,    0,    0,    0,    0,    0,
       0,  -22,    0,    0,    0,    0,    0,    0,    0,    0,    0,    0,    0,    0,    0,    0,    0,    0,    0,  -13,    0,    0,    0,    0,    0,    0,    0,    0,    0,    0,    0,    0,    0,    0,    0,    0,    0,    0,    0,    0,    0,    0,    0,    0,    0,    0,    0,    0,    0,    0,    0,    0,    0,    0,    0,    0,    0,    0,    0,    0,    0,    0,    0,    0,    0,    0,    0,    0,    0,    0,    0,    0,    0,    0,    0,    0,    0,    0,    0,    0,    0,    0,    0,    0,    0,    0,    0,    0,    0,   -4,    0,    0,    0,    0,   -5,    0,    0,    0,    0,    0,    0,   -7,    0,    0,   -5,    0,    0,    0,   -2,    0,    2,   -7,  -13,  -16,  -13,   -1,   -7,    0,    0,    0,    0,   -6,  -17,   -7,  -18,   -6,    0,    0,  -18,  -12,    0,    0,    0,    0,    0,    0,    0,    0,    0,    0,    0,
       0,  -14,    0,    0,    0,    0,    0,    0,    0,    0,    0,    0,    0,    0,    0,    0,    0,    0,    0,   -7,    0,    0,    0,    0,    0,    0,    0,    0,    0,    0,    0,    0,    0,    0,    0,    0,    0,    0,    0,    0,    0,    0,    0,    0,    0,    0,    0,    0,    0,    0,    0,    0,    0,    0,    0,    0,    0,    0,    0,    0,    0,    0,    0,    0,    0,    0,    0,    0,    0,    0,    0,    0,    0,    0,    0,    0,    0,    0,    0,    0,    0,    0,    0,    0,    0,    0,    0,    0,    0,    0,    0,    0,    0,    0,    0,    0,    0,    0,    0,    0,    0,    0,    0,   -2,   -2,    0,    0,    0,    0,    0,    0,    0,   -5,   -5,   -5,   -2,   -2,    0,    0,    0,    1,    0,    0,    0,   -3,    0,   -2,    0,   -7,    0,    0,    0,    0,    0,    0,    0,    0,    0,    0,    0,    0,
      -2,  -14,    0,    0,    0,    0,    0,  -11,   -6,    0,   -4,   -5,    0,   -1,   -3,   -3,    0,    0,    2,  -12,    0,   -1,    0,    0,    0,   -5,    0,    0,    0,    0,    0,    0,    0,    0,    0,    0,    0,    0,    0,    0,  -14,  -16,    0,    0,    0,    0,    0,    0,    0,    0,    0,    0,    0,    0,    0,    0,    0,    0,    0,    0,    0,    0,    0,    0,    0,   -7,    0,    0,    0,    0,  -10,    0,   -5,   -1,    0,    0,    0,    0,    0,    0,    0,    0,    0,    0,    0,    0,    0,    0,   -4,  -12,    0,    0,  -10,    0,    0,   -6,    0,   -2,    0,   -6,    0,    0,    0,   -2,    0,    0,   -3,    0,   -2,    0,   -3,   -3,    0,   -2,   -2,   -5,   -6,    0,   -1,   -1,    0,    0,   -5,  -21,   -2,  -25,   -2,   -5,   -8,   -5,    0,   -2,    0,    0,   -2,    0,    0,    0,    0,    0,    0,
       0,    0,    0,    0,    0,   -2,    0,    0,    0,    0,    0,    0,    0,    2,    0,   -2,    0,   -2,    0,   -5,    0,   -2,    0,    0,    0,    0,    0,    0,    0,    0,    0,    0,    0,    0,    0,    0,    0,    0,    0,    0,    0,    0,    0,    0,    0,    0,    0,    0,    0,    0,    0,    0,    0,    0,    0,    0,    0,    0,    0,    0,    0,    0,    0,    0,    0,    0,   -1,    0,    0,    0,   -2,    0,   -5,    0,    0,    0,    0,    0,    0,    0,    0,    0,    0,    0,    0,    0,    0,    0,    0,   -4,    0,    0,    0,    0,    0,    0,    0,    0,    0,    0,    0,    0,    0,    0,    0,    0,    0,    0,    0,    0,    0,   -1,   -6,   -3,   -7,    0,    0,    0,    0,    0,    0,    0,   -9,    8,   -3,   -7,    0,    0,    0,    0,    0,   -2,   -1,    0,    0,    0,    0,    0,    0,    0,    0,
       0,   11,    0,    0,    0,   -2,    0,    7,   11,    0,    0,    0,    0,    7,    0,    0,    0,    0,    0,    9,    0,    0,    0,    0,    0,    0,    0,    0,    0,    0,    0,    0,    0,    0,    0,    0,    0,    0,    0,    0,   14,    0,    0,    0,    0,    0,    0,    0,    0,    0,    0,    0,    0,    0,    0,    0,    0,    0,    0,    0,    0,    0,    0,    0,    0,   11,    0,    0,    0,    0,   12,    0,   -5,    0,    0,    0,    0,    0,    0,    0,    0,    0,    0,    0,    0,    0,    0,    0,    5,    9,    0,    0,    5,    0,    0,    0,    0,    6,    0,    2,    0,    0,    0,    0,    0,    0,    0,    0,    0,    0,    0,   -1,   -6,   -1,   -7,    0,    2,    0,    0,   17,    0,    0,   -9,    8,   -3,    9,    0,    0,   12,   13,    0,   -2,   11,    0,    0,    0,    0,    0,    0,    0,    0,
       0,   -2,    0,    0,    0,   -5,    0,    5,   -2,    0,   -8,   -1,    0,    0,   -5,   -5,   -6,   -5,    0,   -7,   -1,   -2,   -6,    0,    0,   -2,    0,    0,    0,    0,    0,    0,    0,    0,    0,    0,    0,    0,    0,    0,    0,  -15,    0,    0,    0,    0,    0,    0,    0,    0,    0,    0,    0,    0,    0,    0,    0,    0,    0,    0,    0,    0,    0,    0,    0,    0,   -4,   -2,    0,    0,    0,    0,   -5,    0,    0,    0,    0,    0,    0,    0,    0,    0,    0,    0,    0,    0,    0,    0,   -2,   -5,   -2,    0,   12,    0,   -8,   -6,    0,   -3,    0,   -5,    0,   -4,    0,   -2,    0,    0,   -1,    0,   -2,   -2,   -3,   -2,   -2,    0,    0,   -3,   -2,    0,    0,    0,    9,   -2,   -4,  -15,    0,   -6,   -2,   -1,   -5,    0,    0,   -4,    0,    0,   -3,    0,    0,    0,    0,    0,    0,
      -2,  -19,    0,    0,    0,   -2,    0,   -8,  -16,    0,    0,    0,   -3,    0,   -3,   -5,   -5,   -5,   -2,  -16,   -2,   -8,    0,    0,    0,   -2,    0,    0,    0,    0,    0,    0,    0,    0,    0,    0,    0,    0,    0,    0,  -17,    0,    0,    0,    0,    0,    0,    0,    0,    0,    0,    0,    0,    0,    0,    0,    0,    0,    0,    0,    0,    0,    0,    0,    0,  -13,   -1,    0,    0,    0,  -23,    0,   -5,    0,    0,    0,    0,    0,    0,    0,    0,    0,    0,    0,    0,    0,    0,    0,    0,  -22,   -2,    0,   -7,    0,   -4,    0,    0,    0,    0,    0,    0,   -5,    0,   -2,   -3,    0,    0,    0,    0,   -5,    0,   -5,   -9,  -10,   -9,    0,    0,    0,    0,    0,    0,   -2,   -7,  -30,  -10,  -26,   -2,    0,  -21,  -16,    0,   -3,  -12,    0,    0,    0,    0,    0,    0,    0,    0,
       0,  -12,    0,    0,    0,    0,    0,    0,    0,    0,    0,    0,    0,    0,    0,    0,    0,    0,    0,   -5,    0,    0,    0,    0,    0,    0,    0,    0,    0,    0,    0,    0,    0,    0,    0,    0,    0,    0,    0,    0,    0,    0,    0,    0,    0,    0,    0,    0,    0,    0,    0,    0,    0,    0,    0,    0,    0,    0,    0,    0,    0,    0,    0,    0,    0,    0,    0,    0,    0,    0,    0,    0,    0,    0,    0,    0,    0,    0,    0,    0,    0,    0,    0,    0,    0,    0,    0,    0,   -3,  -17,    3,    0,   -5,    0,   -7,   -5,    0,   -5,    0,   -3,    0,  -16,   -2,    0,    0,    0,   -2,    0,   -5,    0,    0,    0,   -5,   -7,   -7,   -5,    0,    0,    0,    0,    0,  -13,   -5,  -21,   -5,  -15,    0,   -5,   -5,    0,    0,    0,    0,    0,    0,    0,    0,    0,    0,    0,    0,
       0,  -18,    0,    0,    0,    0,    0,    0,    0,    0,   -3,    0,    0,    0,    0,    0,    0,    0,    0,    0,    0,    0,    0,    0,    0,    0,    0,    0,    0,    0,    0,    0,    0,    0,    0,    0,    0,    0,    0,    0,    0,    0,    0,    0,    0,    0,    0,    0,    0,    0,    0,    0,    0,    0,    0,    0,    0,    0,    0,    0,    0,    0,    0,    0,    0,    0,    0,    0,    0,    0,    0,    0,    0,    0,    0,    0,    0,    0,    0,    0,    0,    0,    0,    0,    0,    0,    0,    0,    0,    0,    0,    0,    0,    0,    0,    0,    0,    0,    0,    0,    0,    0,    0,    0,    0,    0,    0,    0,    0,    0,    0,   -6,   -7,   -8,   -6,   -2,   -3,    0,    0,    0,    0,    0,  -11,    0,   -9,    0,    0,    0,   -9,    0,    0,    0,    0,    0,    0,    0,    0,    0,    0,    0,    0,
      -2,    0,    0,    0,    0,  -18,    0,  -11,   -2,    0,  -35,  -19,    0,   -6,   -2,   -9,  -16,   -8,    0,  -10,   -3,    6,   -3,    0,    0,   -5,   -6,    0,    0,    0,    0,    0,    0,    0,    0,    0,    0,    0,    0,    0,   -6,  -34,    0,    0,    0,    0,    0,    0,    0,    0,    0,    0,    0,    0,    0,    0,    0,    0,    0,    0,    0,    0,    0,    0,    0,    3,   -7,   -9,    0,    0,    0,    0,   -2,   -2,    0,    0,    0,    0,    0,    0,    0,    0,    0,    0,    0,    0,    0,    0,   -9,   -2,    0,    0,   -1,    0,    0,  -25,    0,  -20,    0,   -9,    0,    0,    0,   -8,    0,    0,  -21,   -6,    3,   -2,  -23,    0,    0,    7,    7,  -11,   -8,   -3,    7,    7,    7,    0,    0,    0,    8,  -19,   -8,    0,    6,    4,    0,    0,    7,    0,  -33,    0,    0,    0,    0,    0,    0,
       0,    0,    0,    0,    0,    0,    0,    0,    0,    0,    0,    0,    0,    0,    0,    0,    0,    0,    0,    0,    0,    0,    0,    0,    0,    0,    0,    0,    0,    0,    0,    0,    0,    0,    0,    0,    0,    0,    0,    0,    0,    0,    0,    0,    0,    0,    0,    0,    0,    0,    0,    0,    0,    0,    0,    0,    0,    0,    0,    0,    0,    0,    0,    0,    0,    0,    0,    0,    0,    0,    0,    0,    0,    0,    0,    0,    0,    0,    0,    0,    0,    0,    0,    0,    0,    0,    0,    0,    0,    0,  -15,  -11,   -2,  -34,    0,  -41,  -34,   -2,    0,    0,  -21,    0,  -25,  -34,  -18,  -32,  -37,  -39,  -36,  -41,  -49,  -34,  -37,  -34,  -38,  -39,    0,  -38,   -5,   -5,  -12,    0,  -27,    0,  -32,    0,  -56,  -48,    0,    0,    0,    0,    0,    0,    0,    0,    0,    0,    0,    0,    0,
       0,    0,    0,    0,    0,    0,    0,    0,    0,    0,  -17,    0,    0,    0,    0,    0,    0,    0,    0,   -5,    0,    0,    0,    0,    0,    0,    0,    0,    0,    0,    0,    0,    0,    0,    0,    0,    0,    0,    0,    0,    0,    0,    0,    0,    0,    0,    0,    0,    0,    0,    0,    0,    0,    0,    0,    0,    0,    0,    0,    0,    0,    0,    0,    0,    0,    0,    0,    0,    0,    0,    0,    0,    0,    0,    0,    0,    0,    0,    0,    0,    0,    0,    0,    0,    0,    0,    0,    0,    0,    0,    0,    0,    0,    0,    0,   -3,    0,    0,    0,    0,    2,    0,    0,   -5,    0,    0,  -21,  -12,    0,   -2,  -26,    0,    0,    3,    0,  -17,   -3,  -10,    0,    0,    0,    0,    0,    0,    0,    0,   -5,    0,    0,    0,    0,    0,    0,    0,    0,    0,    0,    0,    0,    0,    0,
       0,   -2,    0,    0,    0,    0,    0,    5,   -5,    0,    0,    0,   -6,    5,    0,   -5,   -9,   -5,   -9,   -5,   -3,   -8,    0,    0,    0,   -2,    0,    0,    0,    0,    0,    0,    0,    0,    0,    0,    0,    0,    0,    0,    0,    0,    0,    0,    0,    0,    0,    0,    0,    0,    0,    0,    0,    0,    0,    0,    0,    0,    0,    0,    0,    0,    0,    0,    0,    0,  -17,  -10,    0,    0,    0,    0,  -24,    0,    0,    0,    0,    0,    0,    0,    0,    0,    0,    0,    0,    0,    0,    0,    0,   -5,  -10,    0,   25,    5,   -2,    9,   20,    0,    0,    0,  -16,   -5,    7,   -1,  -12,    0,   11,   -9,    0,    0,    5,    2,  -20,    8,  -28,    0,    0,    0,    0,    0,   39,  -10,  -20,   -6,  -25,   -3,   -1,    5,   -2,   -5,    0,  -17,   -5,    0,    0,    0,    0,    0,    0,    0,    0,
      -5,   -7,    0,    0,    0,   -5,    0,  -11,   -9,    0,   -2,    0,   -2,    2,   -2,   -2,   -8,   -5,   -5,  -14,   -2,   -2,   -5,    0,    0,   -5,   -2,    0,    0,    0,    0,    0,    0,    0,    0,    0,    0,    0,    0,    0,   -9,    0,    0,    0,    0,    0,    0,    0,    0,    0,    0,    0,    0,    0,    0,    0,    0,    0,    0,    0,    0,    0,    0,    0,    0,    0,  -12,  -14,    0,    0,   -5,    0,  -14,    0,    0,    0,    0,    0,    0,    0,    0,    0,    0,    0,    0,    0,    0,    0,    0,  -15,   -1,    0,    3,    0,   -3,    1,    0,    1,    0,    0,    0,   -8,    0,   -2,   -2,    0,   10,   -4,    2,   -5,    2,   -4,   -6,    0,   -2,    0,   -1,   -3,    0,    0,   -2,    0,    0,  -19,    0,  -21,   -2,    0,   -2,   -1,    0,   -7,   -5,    0,    0,    0,    0,    0,    0,    0,    0,
       0,    0,    0,    0,    0,  -20,    0,   -2,    0,    0,  -31,  -28,  -15,   -5,  -10,  -12,  -31,  -16,  -23,    0,  -11,   -9,  -15,    0,    0,    0,  -24,    0,    0,    0,    0,    0,    0,    0,    0,    0,    0,    0,    0,    0,    8,  -34,    0,    0,    0,    0,    0,    0,    0,    0,    0,    0,    0,    0,    0,    0,    0,    0,    0,   -5,    0,    0,    0,    0,   -9,    5,  -22,  -22,    0,    0,    0,    0,  -20,  -15,    0,    0,    0,    0,    0,    0,    0,    0,    0,    0,    0,    0,    0,    0,    0,    2,  -14,   -9,    0,  -20,    5,  -32,  -20,    0,    0,    0,  -19,    0,  -16,  -27,  -17,  -19,  -32,  -28,  -25,  -31,  -35,  -23,  -30,  -19,  -29,  -33,    0,  -27,  -11,    8,   -9,    0,  -21,    2,  -19,    2,  -27,  -32,    5,    5,    0,  -19,    0,    0,  -36,    0,    0,    0,    0,    0,    0,
       0,    0,    0,    0,    0,    0,    0,    0,    0,    0,  -20,    0,    0,    0,    0,    0,    0,    0,    0,    0,    0,    0,    0,    0,    0,    0,    0,    0,    0,    0,    0,    0,    0,    0,    0,    0,    0,    0,    0,    0,    0,    0,    0,    0,    0,    0,    0,    0,    0,    0,    0,    0,    0,    0,    0,    0,    0,    0,    0,    0,    0,    0,    0,    0,    0,    0,    0,   -3,    0,    0,    0,    0,    0,    0,    0,    0,    0,    0,    0,    0,    0,    0,    0,    0,    0,    0,    0,    0,    0,    0,    0,    0,    0,    0,    0,   -5,    0,    0,    0,    0,    0,    0,    0,   -8,   -2,    0,  -16,   -7,    0,   -5,  -21,    0,    0,    3,    0,  -13,   -4,   -5,    0,    0,    2,    0,    0,    0,    3,    0,   -8,    0,    0,    0,    0,    0,    0,    0,    0,    0,    0,    0,    0,    0,    0,
       0,  -41,    0,    0,    0,    0,    0,    0,    0,    0,    0,    0,    0,    2,    0,    0,    0,    0,    0,  -13,    0,    0,    0,    0,    0,    0,    0,    0,    0,    0,    0,    0,    0,    0,    0,    0,    0,    0,    0,    0,    0,    0,    0,    0,    0,    0,    0,    0,    0,    0,    0,    0,    0,    0,    0,    0,    0,    0,    0,    0,    0,    0,    0,    0,    0,    0,    0,    0,    0,    0,    0,    0,    0,    0,    0,    0,    0,    0,    0,    0,    0,    0,    0,    0,    0,    0,    0,    0,    0,  -29,  -10,   -2,   -2,    0,  -23,    0,    0,    0,    0,    0,  -10,  -41,    2,    0,  -11,    0,    0,   -2,    0,   -2,    0,   -9,  -18,  -25,  -21,    0,    0,    0,    0,    0,   -2,  -28,  -20,  -45,  -21,  -35,    0,    0,  -28,    0,    0,    0,    0,    0,    0,    0,    0,    0,    0,    0,    0,
       0,    0,    0,    0,    0,    0,    0,    0,    0,    0,    0,    0,    0,    0,    0,    0,    0,    0,    0,    0,    0,    0,    0,    0,    0,    0,    0,    0,    0,    0,    0,    0,    0,    0,    0,    0,    0,    0,    0,    0,    0,    0,    0,    0,    0,    0,    0,    0,    0,    0,    0,    0,    0,    0,    0,    0,    0,    0,    0,    0,    0,    0,    0,    0,    0,    0,    0,    0,    0,    0,    0,    0,    0,    0,    0,    0,    0,    0,    0,    0,    0,    0,    0,    0,    0,    0,    0,    0,    0,    0,    0,    0,    0,    0,    0,    0,    0,    0,    0,    0,    0,    0,    0,    0,   -5,    0,    0,    0,    0,   -2,    0,   -5,   -8,   -3,   -7,    0,    0,    0,    0,    0,    0,    0,   -5,    0,   -7,    0,    0,    0,    0,    0,    0,    0,    0,    0,    0,    0,    0,    0,    0,    0,    0,
      -7,    0,   -3,    0,    0,  -10,   -4,    0,    0,    0,  -17,  -27,   -2,    2,    0,   -1,  -21,   -8,   -5,    4,   -1,    5,    0,    0,    0,   -7,  -12,  -34,   -1,   -4,   -2,    0,   -2,   10,   -2,    0,    2,    0,    0,    4,    0,  -20,  -13,    0,  -15,   -5,  -20,    2,    0,   -5,   -7,  -13,    3,   -2,   11,    3,    9,   -2,    0,    0,  -10,    0,    0,    0,    0,    0,  -18,  -13,    0,    0,    0,    0,    0,   -2,  -41,  -39,  -13,  -13,  -15,    2,    7,    7,  -15,  -15,    4,    7,    7,  -13,   -1,   10,   -4,   -2,   -2,    0,    0,  -34,    0,    0,    0,    0,    0,    0,    0,  -13,    0,   -5,    0,  -15,    3,    0,    0,   -7,    0,    9,    0,    0,    0,  -13,    2,    7,    0,    0,    0,    0,   11,    0,  -13,  -39,   -1,    0,  -12,   -7,    0,    0,    0,    0,    0,    0,  -34,    0,    0,
       0,    0,    0,    0,    0,  -13,  -12,    0,    0,    0,  -24,  -33,   -7,   -1,   -5,   -9,  -38,  -15,  -19,    2,   -5,   -4,   -5,    0,    0,   -7,  -33,  -37,    0,  -13,    0,    0,   -7,    4,    0,    2,    3,    0,    2,    0,    0,  -19,  -26,    0,  -23,  -11,  -21,   -2,   -6,  -16,  -18,  -24,   -8,  -11,    0,   -9,   -2,  -11,    0,    0,   -9,    0,    0,    0,    0,    0,  -19,  -20,    0,    0,    0,    0,  -12,  -13,  -40,  -43,  -26,  -26,  -23,   -2,    9,    9,  -23,  -23,    2,    9,    9,  -24,    0,    4,  -13,   -7,    0,    0,    0,  -37,    0,    0,    0,    0,    0,    0,    0,  -26,    0,  -16,    0,  -23,   -9,    0,    0,  -18,    0,   -2,    0,    0,    0,  -24,   -2,    9,   -6,    0,    0,    2,    0,    2,  -26,  -43,    0,    0,  -18,  -13,    0,    0,    0,    0,    0,    0,  -37,    0,    0,
       0,    0,    0,    0,    0,    0,    0,    0,    0,    0,    0,    0,   -5,    5,    0,    1,   -7,    0,    0,   -9,    0,  -12,    0,    0,    0,    0,    0,    7,    0,  -11,   24,    0,    0,  -25,  -18,  -39,  -39,    7,  -28,    7,    0,    0,    2,    0,   -3,    0,    2,    0,   21,    0,   -7,    0,   -9,  -11,  -31,    2,  -10,    2,    0,    0,    0,    0,    0,    0,    0,    0,    0,    0,    0,    0,    0,    0,    0,    0,    0,    7,    2,    2,   -3,    0,    0,    0,   -3,   -3,   -4,    0,    0,    0,    0,  -25,  -11,    0,   24,    7,  -17,    7,    7,    7,    0,    0,  -10,  -47,    3,    2,   -9,    0,    0,   -3,    2,    0,    0,   -7,  -17,  -10,  -27,    2,    0,    0,    0,    0,   21,  -30,  -26,  -39,  -31,  -28,    2,    7,  -17,   -7,    0,    0,    0,    0,    0,    0,    0,    0,    7,    0,    0,
       0,    0,    0,    0,    0,    0,    0,  -18,    0,    0,    0,    0,    5,   -9,   -6,  -12,   -1,   -5,    2,  -19,   -1,   -2,    0,    0,    0,    0,    0,  -22,    0,    5,   -2,   -4,    0,   -7,    0,  -15,  -15,  -13,  -13,    0,    0,    0,    0,   -5,    0,    0,    0,    0,    0,    0,    0,    0,    0,    0,    0,    0,    0,    0,    0,    0,    0,    0,    0,    0,    0,    0,    0,    0,    0,    0,    0,    0,    0,    0,  -22,    0,    0,    0,    0,    0,    0,    0,    0,    0,   -7,    0,    0,    0,    0,   -7,    5,    0,   -2,    0,    0,  -22,    0,  -13,    0,   -4,    0,    0,    0,    0,    0,    0,    0,    0,    0,    0,    0,    0,    0,    0,    0,    0,   -5,    0,    0,    0,    0,    0,    0,  -15,    0,  -13,    0,    0,    0,    0,    0,    0,    0,    0,    0,    0,    0,    0,  -22,    0,    0,
       0,    0,    0,    0,    0,    0,    0,    0,    0,    0,    0,    0,   -5,   -2,   -6,   -9,  -17,  -11,  -11,    0,   -6,   -7,    0,    0,    0,    0,    0,    0,    0,    0,    0,    0,    0,    0,    0,    0,    0,    0,    0,    0,    0,    0,    0,    0,    0,    0,    0,    0,    0,    0,    0,    0,    0,    0,    0,    0,    0,    0,    0,    0,    0,    0,    0,    0,    0,    0,    0,    0,    0,    0,    0,    0,    0,    0,    0,    0,    0,    0,    0,    0,    0,    0,    0,    0,    0,    0,    0,    0,    0,    0,    0,    0,    0,    0,    0,    0,    0,    0,    0,    0,    0,    0,    0,    0,    0,    0,    0,    0,    0,    0,    0,    0,    0,    0,    0,    0,    0,    0,    0,    0,    0,    0,    0,    0,    0,    0,    0,    0,    0,    0,    0,    0,    0,    0,    0,    0,    0,    0,    0,    0,    0,
       0,    0,    0,    0,    0,    0,    0,    0,    0,    0,    0,    0,    0,   -4,   -2,    0,    2,    0,    0,  -15,    0,   -7,    0,    0,    0,    0,    0,    0,    0,    0,    0,    0,    0,    0,    0,    0,    0,    0,    0,    0,    0,    0,    0,    0,    0,    0,    0,    0,    0,    0,    0,    0,    0,    0,    0,    0,    0,    0,    0,    0,    0,    0,    0,    0,    0,    0,    0,    0,    0,    0,    0,    0,    0,    0,    0,    0,    0,    0,    0,    0,    0,    0,    0,    0,    0,    0,    0,    0,    0,    0,    0,    0,    0,    0,    0,    0,    0,    0,    0,    0,    0,    0,    0,    0,    0,    0,    0,    0,    0,    0,    0,    0,    0,    0,    0,    0,    0,    0,    0,    0,    0,    0,    0,    0,    0,    0,    0,    0,    0,    0,    0,    0,    0,    0,    0,    0,    0,    0,    0,    0,    0,
       0,  -29,    0,    0,    0,    0,    0,   -8,  -39,    0,    0,    0,   -8,    0,   -2,   -6,   -9,   -2,   -9,  -15,   -2,  -11,    0,    0,    0,   -2,    0,    0,    0,    0,    0,    0,    0,    0,    0,    0,    0,    0,    0,    0,  -20,    0,    0,    0,    0,    0,    0,    0,    0,    0,    0,    0,    0,    0,    0,    0,    0,    0,    0,    0,    0,    0,    0,    0,   -8,  -37,  -12,   -8,    0,    0,  -47,   -9,  -18,    0,    0,    0,    0,    0,    0,    0,    0,    0,    0,    0,    0,    0,    0,    0,    0,    0,    0,    0,    0,    0,    0,    0,    0,    0,    0,    0,    0,    0,    0,    0,    0,    0,    0,    0,    0,    0,    0,    0,    0,    0,    0,    0,    0,    0,    0,    0,    0,    0,    0,    0,    0,    0,    0,    0,  -30,  -27,    0,  -17,  -33,    0,    0,    0,    0,    0,    1,    0,    0,
       0,    0,    0,    0,    0,    0,    0,    0,    0,    0,    0,    0,    0,    0,    0,    0,  -13,    0,    0,    0,    0,    0,    0,    0,    0,    0,    0,    0,    0,    0,    0,    0,    0,    0,    0,    0,    0,    0,    0,    0,    0,    0,    0,    0,    0,    0,    0,    0,    0,    0,    0,    0,    0,    0,    0,    0,    0,    0,    0,    0,    0,    0,    0,    0,    0,    0,    0,    0,    0,    0,    0,    0,    0,    0,    0,    0,    0,    0,    0,    0,    0,    0,    0,    0,    0,    0,    0,    0,    0,    0,    0,    0,    0,    0,    0,    0,    0,    0,    0,    0,    0,    0,    0,    0,    0,    0,    0,    0,    0,    0,    0,    0,    0,    0,    0,    0,    0,    0,    0,    0,    0,    0,    0,    0,    0,    0,    0,    0,    0,    0,    0,    0,    0,    0,    0,    0,    0,    0,    0,    0,    0,
       0,    0,    0,    0,    0,    0,    0,    0,    0,    0,    0,    0,    0,    0,    0,    0,   -2,    0,    0,    0,    0,    0,    0,    0,    0,    0,    0,    0,    0,    0,    0,    0,    0,    0,    0,    0,    0,    0,    0,    0,    0,    0,    0,    0,    0,    0,    0,    0,    0,    0,    0,    0,    0,    0,    0,    0,    0,    0,    0,    0,    0,    0,    0,    0,    0,    0,    0,    0,    0,    0,    0,    0,    0,    0,    0,    0,    0,    0,    0,    0,    0,    0,    0,    0,    0,    0,    0,    0,    0,    0,    0,    0,    0,    0,    0,    0,    0,    0,    0,    0,    0,    0,    0,    0,    0,    0,    0,    0,    0,    0,    0,    0,    0,    0,    0,    0,    0,    0,    0,    0,    0,    0,    0,    0,    0,    0,    0,    0,    0,    0,    0,    0,    0,    0,    0,    0,    0,    0,    0,    0,    0,
       0,    0,    0,    0,    0,    0,    0,    0,    0,    0,    0,    0,    0,    0,    0,    0,    0,    0,    0,  -12,    0,    0,    0,    0,    0,    0,    0,    0,    0,    0,    0,    0,    0,    0,    0,    0,    0,    0,    0,    0,    0,    0,    0,    0,    0,    0,    0,    0,    0,    0,    0,    0,    0,    0,    0,    0,    0,    0,    0,    0,    0,    0,    0,    0,    0,    0,    0,    0,    0,    0,    0,    0,    0,    0,    0,    0,    0,    0,    0,    0,    0,    0,    0,    0,    0,    0,    0,    0,    0,    0,    0,    0,    0,    0,    0,    0,    0,    0,    0,    0,    0,    0,    0,    0,    0,    0,    0,    0,    0,    0,    0,    0,    0,    0,    0,    0,    0,    0,    0,    0,    0,    0,    0,    0,    0,    0,    0,    0,    0,    0,    0,    0,    0,    0,    0,    0,    0,    0,    0,    0,    0,
};

static const EpdLigaturePair sourceserif4_10_boldLigaturePairs[] = {
    { 0x00660066, 0xFB00 }, // f f -> U+FB00
    { 0x00660069, 0xFB01 }, // f i -> U+FB01
    { 0x0066006C, 0xFB02 }, // f l -> U+FB02
    { 0xFB000069, 0xFB03 }, // U+FB00 i -> U+FB03
    { 0xFB00006C, 0xFB04 }, // U+FB00 l -> U+FB04
};

static const EpdFontData sourceserif4_10_bold = {
    sourceserif4_10_boldBitmaps,
    sourceserif4_10_boldGlyphs,
    sourceserif4_10_boldIntervals,
    78,
    29,
    22,
    -7,
    true,
    sourceserif4_10_boldGroups,
    13,
    nullptr,
    sourceserif4_10_boldKernLeftClasses,
    sourceserif4_10_boldKernRightClasses,
    sourceserif4_10_boldKernMatrix,
    582,
    622,
    156,
    141,
    sourceserif4_10_boldLigaturePairs,
    5,
};
