/**
 * generated by fontconvert.py
 * name: sourceserif4_10_regular
 * size: 10
 * mode: 2-bit  compressed: true
 * Command used: fontconvert.py sourceserif4_10_regular 10 ..\builtinFonts\source\SourceSerif4\SourceSerif4-Regular.ttf --2bit --compress --pnum
 */
#pragma once
#include "EpdFontData.h"

static const uint8_t sourceserif4_10_regularBitmaps[13119] = {
    0x85, 0x57, 0xCF, 0x6F, 0x1C, 0x49, 0x15, 0xFE, 0xBA, 0x0B, 0x4D, 0xAF, 0xDD, 0x63, 0x97, 0x4F,
    0x60, 0x6D, 0xEC, 0x99, 0x3D, 0xF8, 0xE0, 0x83, 0x67, 0x7A, 0x24, 0x2C, 0xE1, 0x43, 0xDB, 0xD3,
    0x0A, 0x27, 0x4E, 0xEB, 0xFF, 0x00, 0xDF, 0x41, 0x38, 0x87, 0x59, 0xC9, 0x87, 0x64, 0xA7, 0x42,
    0x0E, 0x1C, 0x82, 0xB4, 0x86, 0x3D, 0x22, 0x21, 0x8B, 0x13, 0x02, 0x21, 0xCD, 0x61, 0x04, 0x73,
    0x70, 0x76, 0x2A, 0xB1, 0x44, 0x84, 0xF6, 0x90, 0xCE, 0x72, 0x00, 0x24, 0x90, 0x5A, 0x8A, 0xB9,
    0x21, 0xD1, 0x81, 0x91, 0x76, 0xA2, 0x1D, 0xBB, 0xF9, 0x5E, 0x4D, 0xFB, 0xB7, 0xBD, 0x4C, 0xBF,
    0xAA, 0x94, 0xAB, 0x5E, 0x55, 0xBD, 0x1F, 0xDF, 0x7B, 0xAF, 0x32, 0x98, 0x4C, 0xC6, 0x83, 0x7E,
    0xE7, 0x41, 0xAB, 0x85, 0xCE, 0xA4, 0x9F, 0xBB, 0xDF, 0x41, 0x76, 0x70, 0xB0, 0xBD, 0xED, 0xDF,
    0x4F, 0xFC, 0xFB, 0x50, 0x4A, 0xA8, 0x5D, 0xE4, 0xA4, 0x4A, 0x05, 0x33, 0x33, 0x28, 0x0A, 0x4B,
    0xAA, 0x56, 0x41, 0x7A, 0xEF, 0x3D, 0x2C, 0x2E, 0x02, 0x16, 0xE1, 0x18, 0xF1, 0x2B, 0xF4, 0x3E,
    0x4F, 0xF2, 0x17, 0x18, 0x59, 0x3C, 0xB3, 0x88, 0x8E, 0x51, 0x39, 0x05, 0xFE, 0x9D, 0xE0, 0xA5,
    0xDD, 0x3E, 0xB2, 0xF9, 0x91, 0xE9, 0xBC, 0x42, 0x7D, 0x2C, 0xCC, 0xA4, 0x7A, 0x82, 0x04, 0x1F,
    0xA5, 0x1C, 0xF5, 0x32, 0x05, 0xE4, 0xF9, 0x8C, 0x74, 0x8B, 0xD2, 0xB5, 0x26, 0x9C, 0xFB, 0xF4,
    0x29, 0x3E, 0x7A, 0xFD, 0x54, 0x99, 0xFA, 0x77, 0xB5, 0xB2, 0xA8, 0x4A, 0xB7, 0x22, 0xDD, 0x4E,
    0xA8, 0x0C, 0xAC, 0x7A, 0x0A, 0x3F, 0xF1, 0x4E, 0xE0, 0x81, 0xBF, 0x80, 0xB7, 0x34, 0x43, 0x83,
    0x98, 0xCB, 0x31, 0x57, 0xEB, 0x1A, 0x08, 0x47, 0x3A, 0x0F, 0x33, 0xCF, 0xC4, 0x03, 0x3F, 0xE9,
    0x37, 0x15, 0xF2, 0xF0, 0x4F, 0xC8, 0xFD, 0x09, 0xFA, 0x38, 0xC4, 0xA6, 0x57, 0x20, 0x3C, 0x0D,
    0x9C, 0xA2, 0x07, 0xDB, 0x80, 0x67, 0x55, 0x32, 0x8F, 0x35, 0xC4, 0xE8, 0xA0, 0x87, 0xFC, 0xFC,
    0xEB, 0x63, 0x8F, 0x73, 0xCB, 0x08, 0xC1, 0x43, 0x0D, 0xD0, 0xC2, 0x12, 0x34, 0xC7, 0xCA, 0xFA,
    0xA9, 0x97, 0x5D, 0x30, 0x7A, 0x99, 0x6F, 0x95, 0x0D, 0xDC, 0x19, 0x1F, 0x50, 0x01, 0xA1, 0x85,
    0x83, 0x64, 0xEB, 0xB7, 0xD6, 0x1B, 0xC1, 0xFF, 0x35, 0xC2, 0x79, 0xCC, 0x05, 0x90, 0xA5, 0xD6,
    0x05, 0x15, 0x45, 0x7E, 0xF9, 0x4F, 0x2C, 0xA0, 0xD1, 0xAE, 0xCF, 0x2E, 0x1D, 0xA0, 0xB0, 0x9D,
    0xC9, 0x00, 0xAB, 0x58, 0xE7, 0xEC, 0x0E, 0x68, 0x20, 0xCF, 0xFA, 0x46, 0x21, 0xC0, 0x2C, 0xE6,
    0x28, 0xC0, 0xC5, 0x42, 0x30, 0xC2, 0xF2, 0x32, 0x36, 0x42, 0xF4, 0x03, 0x93, 0x2B, 0x7B, 0x8D,
    0x38, 0xC9, 0xA5, 0x46, 0x4D, 0xD8, 0x90, 0x44, 0xF6, 0x5B, 0x14, 0xF1, 0xE6, 0xD7, 0x3D, 0xA9,
    0x9C, 0x60, 0x59, 0x27, 0x34, 0xDD, 0x2A, 0xAD, 0x47, 0x0A, 0x0C, 0x75, 0xE4, 0x3D, 0xB4, 0x05,
    0xEF, 0x50, 0x09, 0x2F, 0x2D, 0x9D, 0x1F, 0xBC, 0x43, 0xC3, 0x71, 0x96, 0x6C, 0x35, 0x28, 0x3A,
    0xB3, 0x0E, 0x19, 0x2B, 0xBB, 0x33, 0xBD, 0xB2, 0x2E, 0x40, 0x90, 0x13, 0x38, 0xDF, 0x06, 0x5E,
    0xC1, 0xFF, 0x10, 0x15, 0x4D, 0xFF, 0x61, 0x5D, 0xE3, 0x40, 0x3B, 0xB5, 0x35, 0xCE, 0x49, 0x17,
    0x86, 0x54, 0x05, 0xCE, 0x49, 0x97, 0x67, 0xCA, 0x2D, 0x0B, 0xEE, 0xCC, 0xBD, 0x3A, 0xEA, 0x23,
    0xF1, 0x33, 0x7E, 0x04, 0x3F, 0x95, 0x7D, 0x6B, 0xA0, 0x67, 0xF0, 0xFB, 0x77, 0x18, 0x6B, 0xE4,
    0xAA, 0x54, 0xBE, 0x13, 0x98, 0x35, 0x8D, 0x60, 0x5C, 0xC2, 0x53, 0x44, 0xA7, 0xD1, 0x67, 0xDD,
    0xA1, 0xDC, 0xB0, 0x0E, 0xFA, 0x16, 0x19, 0x7C, 0x27, 0x7E, 0x98, 0xC0, 0x81, 0x04, 0x7B, 0x0D,
    0xE4, 0x5A, 0x68, 0x54, 0xC3, 0xA3, 0x0D, 0xD4, 0x33, 0xCC, 0x4E, 0xB0, 0x51, 0x4F, 0x7A, 0x41,
    0x69, 0xC7, 0x87, 0x5A, 0x34, 0x12, 0x74, 0xD7, 0xD1, 0x0F, 0x93, 0xD2, 0xB8, 0xCA, 0x6E, 0x06,
    0x36, 0xFC, 0xCA, 0x20, 0x48, 0x4A, 0x81, 0x7A, 0x20, 0x02, 0x57, 0x80, 0xC1, 0xA4, 0x23, 0xA2,
    0xD2, 0x87, 0x8D, 0xF6, 0xB2, 0x8C, 0x9A, 0xED, 0xFA, 0x0C, 0xDD, 0x0A, 0x1F, 0x82, 0xF9, 0x91,
    0xB0, 0x0D, 0x1C, 0x48, 0x9A, 0x9C, 0xCB, 0x80, 0x47, 0x90, 0x43, 0xE0, 0x2C, 0x73, 0xF6, 0xE3,
    0xF8, 0x83, 0xE9, 0x0A, 0x63, 0x85, 0xDC, 0xA1, 0x58, 0x98, 0x1B, 0xC8, 0xCF, 0x33, 0x3A, 0x25,
    0xD7, 0xC7, 0xE8, 0x1A, 0x6F, 0x9F, 0x68, 0x68, 0x79, 0x79, 0xDD, 0x36, 0xE8, 0xB4, 0x6F, 0x70,
    0x76, 0x99, 0x76, 0x6F, 0xF0, 0xE8, 0x82, 0x88, 0x6D, 0xD0, 0x4E, 0x5E, 0x4A, 0x23, 0xD0, 0x18,
    0x8A, 0x9E, 0xFC, 0xEC, 0xB9, 0x59, 0x52, 0x47, 0xD6, 0xAE, 0x84, 0xBE, 0xB1, 0xAD, 0x65, 0x95,
    0xD8, 0xD6, 0x9A, 0x74, 0xB1, 0xF2, 0x4C, 0x2B, 0x0E, 0x14, 0xD6, 0x1B, 0xF7, 0x66, 0xB1, 0x1A,
    0x7E, 0x31, 0x12, 0xB7, 0x97, 0x82, 0x79, 0xC7, 0x1E, 0xFF, 0xB9, 0xC7, 0x20, 0x13, 0x55, 0x5D,
    0x8B, 0x38, 0xF1, 0x1D, 0x8A, 0xF6, 0x6D, 0xB6, 0x9F, 0xA7, 0xC0, 0xF3, 0x9C, 0x41, 0x94, 0x33,
    0x24, 0xFB, 0x50, 0xC5, 0x84, 0x76, 0x8F, 0x31, 0x43, 0x71, 0xAB, 0x64, 0x1E, 0x9A, 0x22, 0x2D,
    0xE8, 0x65, 0x6F, 0xA4, 0x11, 0x3B, 0xDA, 0xD3, 0x5E, 0x2E, 0x7E, 0x67, 0xCF, 0xF1, 0xA5, 0xC9,
    0xA2, 0x48, 0x30, 0x3C, 0x0E, 0x4C, 0x5C, 0xC3, 0x5A, 0x8C, 0xA5, 0x7E, 0x19, 0x4A, 0x25, 0xF1,
    0xCF, 0x0D, 0x54, 0xA9, 0x65, 0x68, 0xD6, 0xC8, 0x56, 0x14, 0xFB, 0x3C, 0x7D, 0xC0, 0x56, 0x63,
    0x0B, 0xD9, 0x02, 0xC3, 0xE0, 0xB4, 0x57, 0x9B, 0xCC, 0x85, 0x25, 0xCF, 0x80, 0x66, 0x35, 0x6C,
    0x04, 0xCD, 0x86, 0xC6, 0xAA, 0xE0, 0xCF, 0x37, 0x42, 0x4A, 0x30, 0x28, 0x03, 0x51, 0x8E, 0x48,
    0x5D, 0x22, 0x15, 0xC5, 0xE4, 0x8C, 0x73, 0xE3, 0x82, 0xD3, 0xBF, 0xCC, 0x59, 0x92, 0xB8, 0xAD,
    0x3B, 0x46, 0xB0, 0x5F, 0xE3, 0x2D, 0xF3, 0xD4, 0xBC, 0x22, 0xA2, 0x8A, 0xC4, 0xD3, 0xE6, 0xFD,
    0xC6, 0x08, 0xE4, 0xFB, 0x6C, 0x71, 0x29, 0x49, 0x90, 0x12, 0xE1, 0xDD, 0x63, 0x6E, 0x6D, 0x4F,
    0x6E, 0xCA, 0xCC, 0x46, 0xFC, 0xDE, 0x3A, 0xCF, 0x26, 0x7B, 0x0A, 0x5A, 0xEE, 0xF6, 0x8F, 0x2B,
    0xC5, 0xA5, 0x0C, 0x76, 0xF5, 0xCB, 0x3E, 0xB6, 0x5D, 0x72, 0x50, 0x03, 0x46, 0x03, 0xA3, 0x51,
    0xB4, 0x82, 0x66, 0x90, 0x68, 0x3A, 0x5B, 0x33, 0x5A, 0xF5, 0x2F, 0x88, 0xE6, 0x27, 0x96, 0xF3,
    0x12, 0x66, 0x22, 0xF5, 0x9E, 0x93, 0xBA, 0x78, 0xCB, 0x90, 0xBA, 0x12, 0xB7, 0x37, 0x69, 0x65,
    0x6A, 0x2B, 0x1A, 0x6D, 0x48, 0xDD, 0xAC, 0x4E, 0x30, 0x81, 0xB6, 0xEC, 0xE6, 0x53, 0xFF, 0x10,
    0xD5, 0x4C, 0xC5, 0xA8, 0xE6, 0x01, 0xBB, 0xCE, 0x0C, 0xBB, 0xB8, 0xCA, 0xAE, 0xB1, 0xC8, 0x6E,
    0x7E, 0x9D, 0x9D, 0x6E, 0xB1, 0x0B, 0x32, 0x76, 0xCA, 0xF2, 0xBA, 0x1F, 0xBF, 0x28, 0xEC, 0x10,
    0xDD, 0x4C, 0x33, 0xEF, 0xE9, 0x54, 0x71, 0x23, 0xDB, 0x21, 0xDB, 0x96, 0x92, 0x4A, 0x40, 0xD6,
    0x23, 0x54, 0xFD, 0x37, 0xC4, 0xD7, 0x97, 0x6C, 0x5D, 0xB6, 0xC8, 0xA5, 0xE6, 0xC2, 0xB2, 0x92,
    0x0C, 0x0D, 0xA3, 0x7B, 0x8F, 0xD0, 0xAF, 0x11, 0x2F, 0x4C, 0x8E, 0xC4, 0x40, 0x4E, 0xBB, 0x5D,
    0x6E, 0x32, 0x27, 0x6B, 0xC2, 0x23, 0xBC, 0xB2, 0x87, 0xE0, 0x73, 0x88, 0x1C, 0x9C, 0x21, 0x92,
    0xD4, 0xD7, 0x5E, 0xA6, 0x4F, 0x93, 0xEB, 0xDE, 0x26, 0x77, 0x60, 0x3A, 0x0C, 0xB4, 0x65, 0xE7,
    0xD1, 0xCE, 0x2D, 0x37, 0xB0, 0x19, 0xDE, 0x92, 0xC8, 0x7A, 0x93, 0xE9, 0x21, 0xFC, 0x59, 0x0F,
    0xDE, 0x67, 0x8C, 0x9A, 0x18, 0x12, 0x95, 0x3C, 0x8A, 0x63, 0xFF, 0xD4, 0x21, 0x92, 0xB9, 0xA7,
    0xC4, 0x46, 0x3C, 0xB5, 0xB8, 0x47, 0x53, 0x33, 0x14, 0xA4, 0xDA, 0x51, 0x80, 0xD2, 0x13, 0x67,
    0x18, 0x7A, 0x48, 0x11, 0xA2, 0x24, 0x3C, 0x41, 0x1C, 0x22, 0x0F, 0x58, 0xD3, 0xB8, 0x9B, 0x99,
    0x00, 0xD1, 0xC8, 0x55, 0xDB, 0x88, 0xB2, 0xD9, 0x54, 0xD9, 0x8C, 0x69, 0x51, 0x23, 0x92, 0x6C,
    0x58, 0x64, 0x71, 0x98, 0xC6, 0x0C, 0x2B, 0x5F, 0x6E, 0xBF, 0x83, 0x14, 0x2D, 0x9E, 0xB7, 0x33,
    0x22, 0x0C, 0xFF, 0xBF, 0x55, 0xA8, 0xF1, 0x1C, 0x73, 0xF1, 0x2A, 0x3D, 0x9D, 0x62, 0xBA, 0x2F,
    0xA0, 0x25, 0x99, 0x67, 0x6C, 0x95, 0x6D, 0x09, 0x5E, 0xC6, 0xB5, 0x9C, 0x65, 0xAD, 0xF7, 0x80,
    0xB9, 0x7A, 0x9F, 0x37, 0x30, 0x53, 0x34, 0xED, 0x54, 0x6F, 0xC9, 0x20, 0x44, 0xDD, 0xF0, 0x6D,
    0xF1, 0xE7, 0x42, 0xD3, 0x88, 0xAD, 0x30, 0x69, 0x62, 0x47, 0x99, 0x36, 0xF6, 0x95, 0xFD, 0x41,
    0xC2, 0xEA, 0xFA, 0xA9, 0xB1, 0x5E, 0x76, 0xF4, 0xDC, 0xE0, 0xED, 0xE3, 0x2F, 0x12, 0xFC, 0x27,
    0x79, 0x03, 0xFC, 0x81, 0xBE, 0x66, 0x66, 0xA3, 0xA6, 0x9B, 0xFC, 0x5C, 0xB5, 0xA6, 0xCF, 0x17,
    0x79, 0x7B, 0x61, 0x43, 0xB3, 0x08, 0x95, 0xB6, 0xE0, 0xE5, 0xBC, 0xA9, 0x6F, 0x5D, 0xE5, 0x21,
    0x24, 0x5C, 0xC2, 0x75, 0x79, 0xEA, 0x57, 0xCC, 0x51, 0xE2, 0x93, 0x64, 0xC0, 0x5C, 0xB8, 0x89,
    0xE1, 0x8B, 0x22, 0x6D, 0x8F, 0xBB, 0x69, 0x60, 0xE7, 0x9C, 0xC4, 0x5E, 0xB6, 0x32, 0x95, 0x76,
    0x50, 0x4A, 0x1A, 0x25, 0x17, 0xB9, 0xEE, 0x72, 0xA3, 0xF7, 0x99, 0x9A, 0x33, 0x3F, 0xE5, 0x56,
    0x49, 0x02, 0x4D, 0x67, 0x3D, 0x26, 0xBF, 0xAC, 0x2C, 0x2A, 0x35, 0xAC, 0xC6, 0x88, 0xFB, 0x78,
    0x28, 0xF9, 0x23, 0xC9, 0xF1, 0xF5, 0x5F, 0x91, 0xA4, 0xAC, 0xE4, 0x2D, 0x46, 0xE3, 0x2A, 0x75,
    0x99, 0xA3, 0x6C, 0x01, 0xED, 0xEB, 0x1B, 0xCF, 0xF2, 0x59, 0x74, 0xBE, 0xD4, 0xBD, 0xB5, 0x72,
    0x5F, 0xA9, 0xE2, 0x56, 0x04, 0xE8, 0x61, 0x76, 0x0D, 0x4B, 0x73, 0x58, 0x0F, 0xB0, 0xE0, 0x51,
    0xCE, 0x49, 0xD6, 0x5F, 0xAB, 0xB8, 0xCA, 0xD5, 0x44, 0x47, 0x63, 0x41, 0xC3, 0x1B, 0xA2, 0xF9,
    0x21, 0x51, 0xED, 0xEA, 0x5D, 0x84, 0xE8, 0x27, 0xE9, 0xD4, 0x4E, 0xBB, 0x97, 0x23, 0x39, 0x32,
    0xDA, 0x5C, 0x8B, 0x03, 0x52, 0x47, 0x3F, 0xCE, 0xBB, 0x5D, 0x53, 0x19, 0xA3, 0x11, 0x62, 0x2F,
    0x30, 0x3D, 0xEF, 0x22, 0x33, 0xB3, 0x40, 0x6D, 0xFA, 0x49, 0xF8, 0xCE, 0x15, 0xA5, 0xD0, 0xE2,
    0x9E, 0x2B, 0xB1, 0x8E, 0xC2, 0x2F, 0xED, 0x66, 0x68, 0x3B, 0xD7, 0x9E, 0x26, 0x4A, 0x26, 0xC3,
    0xFF, 0x8E, 0x03, 0x77, 0x5A, 0x47, 0x99, 0x9E, 0x92, 0x92, 0x3D, 0x3D, 0x8D, 0xE1, 0xB8, 0xE5,
    0x99, 0xE0, 0x04, 0x78, 0xA6, 0x7E, 0x79, 0x9E, 0xD5, 0xAE, 0xE7, 0xB9, 0xB4, 0xFE, 0xCF, 0xDE,
    0x5E, 0x74, 0x30, 0xAD, 0xDD, 0x52, 0x48, 0x1A, 0xA8, 0x1F, 0x83, 0x60, 0x63, 0x34, 0x74, 0x0B,
    0xB3, 0xEE, 0x67, 0x34, 0x30, 0x53, 0xDE, 0x20, 0xB0, 0xD1, 0x09, 0x6E, 0x53, 0xD3, 0xEA, 0xC7,
    0xD9, 0xD9, 0xEE, 0x2B, 0xD4, 0x7D, 0x79, 0x12, 0x1A, 0x6D, 0x5D, 0xED, 0x43, 0xC5, 0xB6, 0xAF,
    0x19, 0xBB, 0x2D, 0x0F, 0xC3, 0x49, 0x59, 0x84, 0x7B, 0xEA, 0x8E, 0x54, 0xFB, 0xC8, 0x6E, 0xC9,
    0xE3, 0xB4, 0xEB, 0x1E, 0x33, 0x17, 0xB7, 0xEA, 0xB1, 0x54, 0x9B, 0x59, 0xE8, 0x35, 0xE8, 0x43,
    0xE8, 0x4F, 0xA0, 0xC3, 0x84, 0x71, 0xCE, 0x30, 0x1F, 0x66, 0x27, 0x22, 0xE4, 0x2E, 0xEE, 0x4A,
    0xED, 0xC3, 0xAC, 0x19, 0xBD, 0x18, 0x63, 0xF7, 0xF1, 0x58, 0x4A, 0x88, 0xB3, 0xC8, 0xD7, 0x75,
    0xDD, 0xBF, 0x9C, 0x74, 0xD3, 0x66, 0x64, 0x76, 0xEF, 0xD6, 0x52, 0x1E, 0x74, 0x7C, 0x5E, 0xF9,
    0xA9, 0x33, 0x55, 0x49, 0x1D, 0x3F, 0xE5, 0x24, 0xCD, 0xFF, 0x7E, 0x64, 0xBA, 0x8F, 0x73, 0x49,
    0x82, 0x37, 0x80, 0xA0, 0xBB, 0x57, 0x2A, 0x60, 0x37, 0xE3, 0x4B, 0xEA, 0x6E, 0x3F, 0xBF, 0xB9,
    0x80, 0x83, 0x50, 0x34, 0x7E, 0xBF, 0x8E, 0xE1, 0x6E, 0xA2, 0xCD, 0x2D, 0x75, 0x84, 0x47, 0x45,
    0x59, 0xBF, 0x93, 0xB7, 0xC6, 0x7C, 0xDB, 0xF0, 0x79, 0x76, 0x98, 0xC6, 0xD9, 0x1E, 0x03, 0xD5,
    0x15, 0xF1, 0x9B, 0x30, 0x08, 0xB2, 0x6F, 0x7A, 0x3B, 0x91, 0x7F, 0x8B, 0x7A, 0xE1, 0xFD, 0xDC,
    0x1F, 0x8F, 0x8B, 0xCF, 0x47, 0x0D, 0xD8, 0x9A, 0xC7, 0x1A, 0x9F, 0x04, 0x4F, 0xA0, 0xFE, 0x08,
    0xFF, 0xEF, 0xA0, 0xF3, 0xA4, 0x42, 0x3F, 0x40, 0xF1, 0xC9, 0xF8, 0xB4, 0xE1, 0xA7, 0x2B, 0x35,
    0x95, 0xB5, 0x74, 0xA5, 0xB7, 0x13, 0x7E, 0xAF, 0xB3, 0xAF, 0x7E, 0x1A, 0x5B, 0xF5, 0xD7, 0x86,
    0x61, 0x29, 0x48, 0xE4, 0x20, 0xEC, 0x57, 0x30, 0x7C, 0x39, 0xD2, 0xFC, 0x3F, 0xC2, 0x13, 0xF8,
    0xFF, 0x00, 0xF8, 0x3C, 0x3D, 0x84, 0xF7, 0x3B, 0x04, 0x5A, 0x8A, 0xD5, 0xF0, 0xFB, 0xE3, 0xE1,
    0xCB, 0x71, 0x03, 0xA9, 0x86, 0x0D, 0x89, 0x5A, 0xDE, 0x71, 0x04, 0xFF, 0x6F, 0xC0, 0xBF, 0x1C,
    0x67, 0xC7, 0x3D, 0xED, 0xB7, 0xE5, 0xFF, 0x3B, 0x5F, 0x25, 0x78, 0x26, 0x0F, 0xBB, 0x6C, 0x39,
    0x8D, 0x99, 0xB5, 0x53, 0xBE, 0x4C, 0xBC, 0x86, 0xDA, 0x53, 0x45, 0xE1, 0xE7, 0xC4, 0x80, 0x7B,
    0xC3, 0x48, 0xF4, 0x07, 0xF8, 0x21, 0xBF, 0xE9, 0x28, 0x9C, 0xAA, 0x99, 0xF8, 0x79, 0xEB, 0x96,
    0xDF, 0x16, 0xB3, 0xB0, 0x83, 0xA4, 0x51, 0x89, 0x92, 0x17, 0xDE, 0x31, 0x8E, 0xA7, 0x23, 0xE5,
    0xE6, 0x03, 0xB3, 0x85, 0x2D, 0xD8, 0xD7, 0xAF, 0xAD, 0x8D, 0xF0, 0x3F, 0xA5, 0x57, 0xCF, 0x6F,
    0x23, 0x49, 0x15, 0xFE, 0xBA, 0x3B, 0x93, 0x4E, 0xD2, 0x8E, 0x2B, 0x87, 0x15, 0x8A, 0x58, 0x4F,
    0x6C, 0x89, 0x1C, 0x22, 0x70, 0xEC, 0x46, 0x84, 0xC5, 0x07, 0x67, 0xDC, 0x0C, 0x87, 0xBD, 0x20,
    0x76, 0xEE, 0x5C, 0xC2, 0x5F, 0x10, 0x23, 0xF9, 0x10, 0x89, 0x5D, 0x5C, 0xB3, 0x7B, 0x40, 0x82,
    0x03, 0xD6, 0x20, 0x71, 0xE2, 0x30, 0xCB, 0x1E, 0x90, 0xB8, 0xE0, 0x43, 0x84, 0x2C, 0x60, 0xD7,
    0x35, 0x9B, 0x43, 0x0E, 0x1C, 0xB6, 0x67, 0x38, 0x20, 0x2E, 0xA8, 0x25, 0xB8, 0x81, 0x44, 0x49,
    0x13, 0x69, 0xBD, 0x8B, 0xB3, 0xCD, 0xF7, 0xAA, 0xED, 0x8C, 0xC9, 0x66, 0x66, 0x02, 0x69, 0xBF,
    0xD7, 0xDD, 0xAE, 0x7E, 0xF5, 0x55, 0xD5, 0xAB, 0xF7, 0xAB, 0x8E, 0xA7, 0x3D, 0x20, 0x8E, 0xBB,
    0xBD, 0xE3, 0xD1, 0x64, 0x32, 0x1D, 0xC1, 0x80, 0x14, 0x4D, 0x50, 0xFF, 0x08, 0xBD, 0x3F, 0xC2,
    0x3E, 0x82, 0x35, 0x33, 0x1A, 0x19, 0xEC, 0x9F, 0xA2, 0x3A, 0x45, 0x21, 0x83, 0x04, 0xFE, 0x04,
    0x2A, 0x42, 0x3D, 0xD2, 0xED, 0x20, 0x69, 0x03, 0xA4, 0x0A, 0x90, 0x4F, 0x51, 0x82, 0xD0, 0x26,
    0x71, 0x81, 0x71, 0x6E, 0xF2, 0xDC, 0xA4, 0x9E, 0xF9, 0xC1, 0xBF, 0x93, 0x7A, 0x19, 0x71, 0xE0,
    0x28, 0x04, 0xDF, 0xD9, 0xC2, 0xF6, 0xCE, 0xE3, 0xA9, 0xC2, 0x41, 0xA8, 0x75, 0x60, 0x8C, 0xFF,
    0x24, 0xC1, 0x53, 0xE0, 0x77, 0x50, 0xB9, 0x85, 0x43, 0xBC, 0x78, 0x09, 0x72, 0x13, 0xCF, 0x2F,
    0x99, 0xF0, 0xEC, 0xE2, 0x4C, 0x77, 0x15, 0xDA, 0x61, 0xB2, 0x0F, 0xA8, 0x14, 0x8D, 0x73, 0x0C,
    0x9B, 0x89, 0x0D, 0xCD, 0x24, 0x30, 0xFD, 0xD7, 0x93, 0x88, 0x93, 0x7D, 0x1F, 0xA8, 0xA2, 0x47,
    0x99, 0x06, 0xA2, 0x33, 0x00, 0xB6, 0x9D, 0xD5, 0xD1, 0x4F, 0x11, 0xEA, 0x5D, 0x4E, 0x37, 0x48,
    0xE2, 0x66, 0x6A, 0x0E, 0xCE, 0x0E, 0x06, 0x1F, 0xA6, 0xB5, 0xF8, 0xC4, 0xE0, 0x82, 0x9F, 0xA4,
    0xB5, 0xAE, 0xB4, 0xCB, 0x77, 0x91, 0x13, 0x79, 0x1C, 0x0E, 0xB0, 0x96, 0xB6, 0xBA, 0x1B, 0xDD,
    0xB5, 0xE1, 0x5E, 0xB7, 0x3B, 0x6C, 0x70, 0x6A, 0x08, 0xEE, 0xEA, 0x72, 0x19, 0xAD, 0x36, 0xAC,
    0x85, 0x3D, 0x43, 0xBD, 0x8E, 0x28, 0x84, 0xF7, 0x4D, 0x3D, 0xE6, 0xD4, 0x45, 0x03, 0x33, 0xCA,
    0x4D, 0x94, 0x75, 0xA6, 0x3F, 0x7B, 0xED, 0xE4, 0x4F, 0x27, 0x5F, 0x7A, 0xF0, 0xE5, 0xBD, 0x4A,
    0x94, 0xE5, 0xA6, 0x81, 0xC7, 0xC6, 0x98, 0xC7, 0x7C, 0x2E, 0x08, 0x22, 0x67, 0xC7, 0x85, 0xBF,
    0xBC, 0xD8, 0x12, 0xA5, 0x7B, 0xC3, 0x5A, 0x17, 0x43, 0x98, 0x00, 0x2B, 0xE8, 0x4C, 0x3B, 0xD3,
    0x28, 0x6D, 0x0D, 0x37, 0xD8, 0x12, 0x1A, 0xF0, 0x19, 0x0F, 0x5F, 0x35, 0xD1, 0x56, 0x6B, 0x80,
    0x25, 0x24, 0xED, 0xC0, 0x7C, 0x9E, 0xF6, 0x95, 0xE9, 0x7C, 0x3A, 0x79, 0x2D, 0xB3, 0x2D, 0xA0,
    0xE5, 0x36, 0x6B, 0x1B, 0xF0, 0xC6, 0x53, 0xF5, 0xD4, 0x74, 0x9E, 0x9A, 0xF1, 0x53, 0x93, 0xCF,
    0x69, 0xEC, 0x5A, 0xD8, 0xEE, 0xBD, 0x67, 0x10, 0xFC, 0x37, 0x79, 0x49, 0x6F, 0x3A, 0xDA, 0xD8,
    0x5E, 0x0B, 0xDF, 0xF2, 0xD0, 0x41, 0xB8, 0xF0, 0x6B, 0x66, 0x51, 0xB6, 0xD3, 0x8A, 0x2B, 0xDD,
    0x4A, 0x5C, 0xD9, 0x69, 0x45, 0x19, 0xA7, 0x7D, 0xD0, 0x15, 0x6D, 0xD0, 0x44, 0x82, 0x13, 0x43,
    0xA2, 0x96, 0xF6, 0x5A, 0xB8, 0x77, 0x0F, 0xCB, 0xFC, 0x76, 0x08, 0x4F, 0x2B, 0x04, 0x50, 0x58,
    0x25, 0x6F, 0x92, 0x63, 0xB2, 0x89, 0x95, 0x9F, 0x0C, 0x7F, 0xFD, 0x9E, 0xD7, 0x45, 0xC9, 0x8F,
    0xB1, 0xBD, 0x12, 0xE3, 0x40, 0xE5, 0xB4, 0xB6, 0xD8, 0x4F, 0x10, 0x7B, 0xEC, 0x77, 0x8B, 0xDC,
    0x87, 0x9F, 0x28, 0xA2, 0x28, 0x9A, 0x99, 0xE2, 0x32, 0x68, 0x3F, 0xE4, 0x0F, 0x27, 0x2A, 0x28,
    0x6F, 0x1D, 0xFE, 0x7C, 0x5D, 0x71, 0x5F, 0x05, 0xAE, 0x8E, 0x01, 0x7A, 0x9E, 0x46, 0x1A, 0x70,
    0xFB, 0x6E, 0xD1, 0x94, 0x9A, 0x1A, 0x1B, 0xDF, 0xB7, 0x18, 0xDC, 0xB3, 0x9E, 0xF6, 0xD8, 0xAA,
    0xF4, 0x2A, 0xBC, 0x6C, 0x13, 0xDA, 0xC6, 0x95, 0x77, 0xAD, 0x69, 0x37, 0xDF, 0x4E, 0x7E, 0x81,
    0xC0, 0xFF, 0x36, 0x4A, 0xCB, 0x25, 0x6C, 0x73, 0xDC, 0x03, 0x0E, 0x60, 0xC4, 0x96, 0x01, 0x3F,
    0x0D, 0xAC, 0x97, 0xCA, 0x1B, 0x5B, 0xD2, 0x6A, 0xFA, 0x01, 0x52, 0xBE, 0x0C, 0xD0, 0x19, 0x44,
    0x16, 0xF7, 0x44, 0xA3, 0x34, 0x33, 0x8A, 0x69, 0x27, 0x82, 0x80, 0x4F, 0x6E, 0x0C, 0x14, 0x79,
    0x9D, 0xBA, 0xD8, 0x14, 0x5B, 0x10, 0x1E, 0x01, 0x0F, 0xA9, 0x7B, 0x43, 0xCE, 0x3F, 0xA3, 0xB8,
    0xD3, 0x41, 0x12, 0xD0, 0x1C, 0x3B, 0x59, 0x87, 0xF6, 0x39, 0x64, 0x5F, 0x0E, 0xB3, 0x56, 0xC0,
    0x50, 0xAF, 0xC4, 0xD0, 0x05, 0xCE, 0xAB, 0xE4, 0xAF, 0x66, 0x05, 0xCE, 0x01, 0x45, 0xD3, 0x91,
    0xC3, 0xF1, 0xF3, 0x73, 0xAE, 0xAF, 0xE1, 0x74, 0xB9, 0x46, 0xAC, 0x7E, 0xDA, 0xB7, 0x4E, 0x4D,
    0xCD, 0x84, 0x63, 0x3D, 0x2C, 0x70, 0xD4, 0x8C, 0xA5, 0xED, 0x1B, 0xC4, 0xF9, 0x1A, 0xF9, 0x01,
    0xC7, 0x79, 0x64, 0xE1, 0x19, 0x4B, 0x7D, 0x1E, 0xD3, 0xC3, 0xA6, 0x1C, 0xAE, 0xCD, 0xFD, 0x68,
    0x38, 0xBD, 0x8E, 0x75, 0x9E, 0x62, 0xB4, 0x04, 0xFF, 0x3B, 0xDB, 0xF0, 0xFD, 0xEC, 0x66, 0x38,
    0x70, 0x9E, 0x07, 0x64, 0xAD, 0xD9, 0xBA, 0x66, 0x6B, 0xA2, 0xCF, 0xE2, 0x8B, 0xC4, 0xFE, 0xFA,
    0x4C, 0x3F, 0x07, 0x5C, 0x53, 0x5A, 0xE8, 0xC7, 0xA3, 0x7E, 0x82, 0xA4, 0xB0, 0x91, 0x65, 0x44,
    0x49, 0xC7, 0x74, 0x2C, 0xAA, 0x1C, 0x37, 0x36, 0x05, 0xCB, 0xBB, 0x5C, 0xD1, 0x6C, 0x4E, 0x55,
    0xFD, 0x6C, 0x4E, 0xDF, 0x23, 0x66, 0x4A, 0x3C, 0xCE, 0xC9, 0xD3, 0x23, 0x37, 0xA7, 0x00, 0xFB,
    0xD4, 0xCF, 0x56, 0x31, 0x27, 0x93, 0x67, 0x54, 0x5C, 0x3E, 0x01, 0x7E, 0x23, 0x7B, 0xF7, 0x11,
    0x76, 0xE0, 0xFF, 0x54, 0xF6, 0x4D, 0x71, 0x07, 0xD7, 0xE4, 0x56, 0x92, 0x5B, 0x4B, 0xE5, 0x1A,
    0xFD, 0x9C, 0x6F, 0x29, 0x47, 0xF0, 0x0C, 0x2D, 0x4E, 0xA6, 0x54, 0x09, 0x89, 0x51, 0xEF, 0xA7,
    0x39, 0x61, 0xC7, 0x7F, 0x0F, 0x75, 0x7B, 0x0B, 0xF5, 0x36, 0x2A, 0xC7, 0x5C, 0xE3, 0x02, 0x1D,
    0x8B, 0xA3, 0x95, 0x18, 0x65, 0x22, 0x5D, 0xA7, 0x18, 0x15, 0xC2, 0x55, 0x10, 0x44, 0xA8, 0x9A,
    0x88, 0x31, 0x51, 0x62, 0xB5, 0xF0, 0xEF, 0x89, 0xE2, 0x58, 0xD8, 0xE1, 0x20, 0x1C, 0x56, 0x28,
    0xD0, 0x1C, 0x5A, 0x5E, 0x64, 0x6D, 0x25, 0x0E, 0x49, 0x92, 0xE1, 0xC2, 0x84, 0x4B, 0x40, 0x6D,
    0xB1, 0x17, 0x69, 0xE3, 0xAA, 0x5E, 0xEC, 0x52, 0x27, 0x49, 0xAF, 0x57, 0x80, 0x0F, 0xE0, 0xDF,
    0x37, 0xFF, 0xDB, 0x58, 0x70, 0x8E, 0xFB, 0x8E, 0x9E, 0xF7, 0x3A, 0x72, 0xB4, 0xA1, 0xB8, 0x23,
    0x05, 0xE5, 0xEE, 0x2E, 0xBD, 0x38, 0x50, 0x9B, 0xC4, 0x5E, 0x3D, 0xEC, 0xC2, 0x67, 0x8F, 0xB1,
    0x55, 0xB8, 0xFA, 0x37, 0xA6, 0x23, 0x85, 0x7A, 0x45, 0x50, 0xB3, 0xE7, 0xC9, 0xE4, 0x99, 0x97,
    0x30, 0x9E, 0xEC, 0x80, 0xA1, 0x2E, 0x30, 0x57, 0xFF, 0x3A, 0x9C, 0xA1, 0xE5, 0x45, 0x9C, 0xE7,
    0x8E, 0x95, 0xDB, 0x3C, 0x1F, 0xF0, 0x39, 0x22, 0x6F, 0x91, 0x23, 0x72, 0x28, 0x4E, 0x67, 0xF2,
    0xF3, 0xC0, 0xC8, 0xB3, 0x60, 0x69, 0x8B, 0x66, 0x32, 0x23, 0xAE, 0x96, 0x6B, 0x1E, 0xAD, 0xC0,
    0xFB, 0xF1, 0x33, 0xD3, 0x1F, 0xA3, 0x9F, 0x29, 0xCD, 0xE5, 0x32, 0x70, 0x94, 0x2C, 0xF9, 0x0F,
    0xE4, 0x3B, 0x64, 0xAA, 0xA0, 0x14, 0x9E, 0x30, 0x5E, 0xFD, 0x8D, 0xA6, 0xF5, 0x31, 0xB9, 0x4F,
    0x6E, 0xBA, 0x18, 0x94, 0x33, 0x58, 0x33, 0x4F, 0xC2, 0xE3, 0x1C, 0xF1, 0xE6, 0xCC, 0x54, 0x1D,
    0x98, 0xA6, 0x29, 0x1C, 0x51, 0x53, 0x5B, 0x34, 0x91, 0x88, 0x76, 0x10, 0x6A, 0xCB, 0x79, 0x2C,
    0xB2, 0xB4, 0xC9, 0x37, 0x91, 0x11, 0x59, 0xE9, 0xE3, 0xC0, 0x24, 0x3C, 0x28, 0x3E, 0x77, 0x6E,
    0x88, 0x75, 0x9B, 0x7D, 0x7F, 0xAF, 0x19, 0x82, 0x1E, 0xDE, 0x08, 0xC7, 0xB3, 0x0C, 0x11, 0xB7,
    0x6B, 0x58, 0x0A, 0xB2, 0x1B, 0xE1, 0xF8, 0x26, 0x73, 0x5F, 0x2F, 0xAE, 0xFF, 0x5B, 0x47, 0x14,
    0xEF, 0x96, 0x7D, 0x13, 0xFC, 0x04, 0xA0, 0x85, 0x8C, 0xE0, 0xFF, 0x15, 0x51, 0x40, 0x17, 0xCC,
    0x6A, 0x85, 0xDF, 0x60, 0xFC, 0x20, 0x09, 0x93, 0x3E, 0x15, 0xD0, 0xA0, 0x68, 0x9F, 0xC8, 0x7F,
    0xD6, 0x36, 0xF8, 0x96, 0xB1, 0x65, 0xA2, 0xB6, 0xC8, 0xC3, 0xC0, 0xFC, 0xD6, 0x84, 0xBA, 0xEF,
    0x90, 0x6F, 0xA3, 0x43, 0xE4, 0x77, 0xC7, 0xB3, 0xC0, 0xBE, 0x01, 0x97, 0x3B, 0x5D, 0xC0, 0xF1,
    0x8A, 0x00, 0x34, 0xB6, 0x9D, 0xAC, 0x08, 0x53, 0x2F, 0xE3, 0x65, 0xCE, 0x77, 0x9D, 0xA9, 0x84,
    0x5B, 0xD7, 0x4F, 0x0B, 0x30, 0x31, 0x0D, 0x49, 0x16, 0xAB, 0xB8, 0x19, 0x16, 0x23, 0x0B, 0x1A,
    0x7C, 0x1E, 0xD4, 0x6E, 0x86, 0x33, 0x6C, 0x15, 0x81, 0x7A, 0xBE, 0x09, 0xB6, 0x79, 0x3D, 0x9C,
    0x44, 0x70, 0x56, 0xE1, 0x67, 0xF3, 0xB5, 0x0D, 0x25, 0x67, 0x5E, 0x24, 0xB2, 0xCE, 0xA4, 0x6F,
    0x42, 0x53, 0xE2, 0x9E, 0x6D, 0x32, 0xE5, 0xEE, 0x71, 0x0C, 0x16, 0x36, 0xA3, 0x01, 0x75, 0x69,
    0x8A, 0x64, 0xA2, 0xF0, 0x79, 0x66, 0x1D, 0x44, 0x72, 0xF1, 0x05, 0x12, 0xA1, 0x3C, 0xEB, 0x02,
    0x50, 0xDB, 0xD1, 0x91, 0xFC, 0xFD, 0x2C, 0x29, 0xBE, 0x4A, 0xA9, 0xD5, 0x4F, 0x7D, 0x33, 0x0A,
    0x93, 0x76, 0x24, 0x5F, 0x8F, 0x95, 0x6F, 0x58, 0x78, 0x28, 0xC6, 0x00, 0xC5, 0x00, 0x77, 0xA6,
    0xF0, 0xBE, 0x42, 0x55, 0x6D, 0x2B, 0xB5, 0xB3, 0x35, 0xAE, 0x4E, 0x96, 0x5C, 0xAF, 0xD0, 0x45,
    0xE3, 0x59, 0x12, 0x99, 0x48, 0x85, 0xD8, 0x93, 0xF0, 0xC6, 0xAA, 0x08, 0x8D, 0x37, 0x08, 0x01,
    0x8E, 0x77, 0xD6, 0x44, 0xF3, 0x47, 0x29, 0xAB, 0x2A, 0xD9, 0xF5, 0x63, 0x17, 0xBD, 0xAF, 0x21,
    0xCF, 0xE0, 0x1E, 0x58, 0xAC, 0x57, 0xF0, 0xCA, 0xAD, 0x97, 0x0B, 0xAB, 0xBB, 0xA8, 0x3D, 0x41,
    0xAD, 0x7D, 0xAD, 0x99, 0xAC, 0x95, 0x65, 0x51, 0x17, 0xD7, 0xA2, 0x30, 0x4D, 0x39, 0x7A, 0xC3,
    0x95, 0xC3, 0x0A, 0xFB, 0x4D, 0xA8, 0xD3, 0x94, 0x05, 0xDB, 0x3A, 0x2B, 0xA9, 0x58, 0xEE, 0x81,
    0x79, 0x39, 0x78, 0x74, 0xD6, 0xD4, 0xED, 0x46, 0x3A, 0x3C, 0x56, 0x49, 0x8B, 0x0A, 0x6A, 0x7B,
    0xFF, 0xCA, 0xA7, 0x0D, 0x02, 0x53, 0x06, 0x36, 0xD2, 0x38, 0xFE, 0x4A, 0xB6, 0xD9, 0xD4, 0xE3,
    0x74, 0x99, 0x55, 0x77, 0x84, 0xA3, 0x50, 0x0F, 0xBD, 0x67, 0xE9, 0x8E, 0x99, 0xBB, 0xF3, 0x5D,
    0x19, 0x80, 0xE5, 0x90, 0xEC, 0x7E, 0x45, 0xC8, 0x3B, 0x93, 0x98, 0x17, 0x8A, 0x7B, 0xB3, 0x18,
    0x29, 0xDC, 0x07, 0xA1, 0xEB, 0xDE, 0x0B, 0x34, 0x1D, 0x8D, 0x87, 0x83, 0xA2, 0x3B, 0xBD, 0xF7,
    0x8E, 0xA7, 0xC3, 0x73, 0xD6, 0x4B, 0x4E, 0xD7, 0x3C, 0x96, 0xA4, 0xF3, 0x22, 0xE8, 0xC5, 0xF2,
    0xCC, 0xE4, 0x67, 0x08, 0xD7, 0xB1, 0xE2, 0xBF, 0x5C, 0xF8, 0x92, 0xFA, 0x9E, 0x27, 0xBC, 0xEF,
    0x8B, 0x70, 0x02, 0x39, 0x7C, 0x94, 0xDD, 0x8E, 0x47, 0xC8, 0x2F, 0xA7, 0xB1, 0x14, 0x89, 0x9F,
    0x8A, 0xF3, 0x2C, 0xB9, 0xEF, 0xE3, 0x4B, 0xDF, 0xFB, 0x69, 0xA0, 0xA3, 0xB4, 0xB2, 0x57, 0x63,
    0xA6, 0xF3, 0x74, 0xF5, 0x52, 0xF2, 0xAA, 0x9E, 0xD9, 0xA1, 0x75, 0xD1, 0xCE, 0x63, 0xB2, 0x38,
    0xBC, 0xDC, 0xD7, 0x10, 0x33, 0x7C, 0x5D, 0x63, 0x02, 0x7F, 0x84, 0xD5, 0xDB, 0x62, 0xAE, 0xD1,
    0x3F, 0x92, 0xB6, 0xD2, 0xBD, 0xD0, 0xD8, 0xE0, 0x82, 0xF8, 0x37, 0x69, 0x97, 0xE5, 0x60, 0xE3,
    0x65, 0xDA, 0xDF, 0x31, 0x5E, 0x34, 0xAB, 0x89, 0x1A, 0x4D, 0x7D, 0x78, 0x3F, 0x73, 0x5B, 0x7B,
    0x99, 0xFA, 0xA7, 0xE7, 0xDC, 0x12, 0xEE, 0xA6, 0xB8, 0x67, 0x77, 0xAE, 0x88, 0x4F, 0xB0, 0x1B,
    0xEA, 0x23, 0x9F, 0x35, 0x93, 0xBD, 0xA0, 0x9E, 0x9F, 0xB2, 0x51, 0x54, 0x5C, 0x06, 0x23, 0xA1,
    0x28, 0x26, 0xBD, 0x9E, 0xBC, 0x95, 0xB3, 0x61, 0x54, 0x9E, 0x6F, 0xC9, 0x0B, 0x85, 0x23, 0x9D,
    0x6C, 0xFE, 0x12, 0x1B, 0x8D, 0x6B, 0x21, 0x5F, 0xDE, 0xBF, 0xAB, 0x84, 0x8F, 0xE6, 0xC2, 0x85,
    0x17, 0x7A, 0xB3, 0xBC, 0xE4, 0xCE, 0x55, 0xEE, 0x5A, 0x6C, 0x0F, 0x3F, 0x19, 0xEC, 0x86, 0xE6,
    0x28, 0x4A, 0xED, 0xA6, 0xB5, 0x5D, 0x6B, 0x8D, 0xFD, 0x18, 0xF6, 0x2D, 0x3F, 0xDD, 0x0F, 0xF5,
    0xAF, 0xCE, 0x9D, 0xB0, 0x11, 0x0B, 0x13, 0x45, 0x6D, 0xCE, 0x70, 0xFA, 0x81, 0xAD, 0x5E, 0xA5,
    0xD8, 0xE8, 0xAE, 0xF5, 0x27, 0x13, 0x29, 0xD9, 0x95, 0xB3, 0xFE, 0xF8, 0x7A, 0xF2, 0x2D, 0x39,
    0xA3, 0x7A, 0xA7, 0xF0, 0x3D, 0x49, 0x31, 0x5F, 0xF0, 0x0E, 0x9A, 0xFE, 0x73, 0x85, 0x83, 0xB7,
    0xE5, 0x20, 0x75, 0xB1, 0x7C, 0x22, 0xAB, 0x17, 0x20, 0x7B, 0x2E, 0x2D, 0xB0, 0x5C, 0xDC, 0x9B,
    0x47, 0xF3, 0xD3, 0xC9, 0x2E, 0x06, 0x3C, 0x66, 0x45, 0x74, 0x86, 0x77, 0x58, 0xDD, 0xC1, 0xFF,
    0x0B, 0xF0, 0x4F, 0xD0, 0xCC, 0xC4, 0xDF, 0x62, 0xE7, 0xBA, 0x06, 0x79, 0x22, 0xA7, 0x66, 0xA9,
    0xF2, 0xE5, 0x9C, 0x36, 0x0F, 0xC0, 0xA4, 0xA6, 0x56, 0xF7, 0x89, 0x3F, 0x9A, 0xC7, 0xE0, 0x82,
    0x7A, 0xD2, 0xD8, 0xD7, 0x6A, 0x41, 0x72, 0xCC, 0x5C, 0x2E, 0x3E, 0xF5, 0x2C, 0x9D, 0xF7, 0x1F,
    0x9D, 0xF3, 0x4C, 0xB6, 0x78, 0xD2, 0xF7, 0x78, 0xD2, 0xFF, 0xD4, 0x9D, 0xCF, 0xDF, 0x74, 0x33,
    0xEC, 0x8A, 0x9E, 0x7F, 0x68, 0x70, 0x07, 0xF8, 0x0F, 0xA5, 0x58, 0xCF, 0x6F, 0x23, 0x49, 0x15,
    0xFE, 0xBA, 0x3B, 0x49, 0x67, 0xA7, 0xED, 0x54, 0x0E, 0x11, 0x5A, 0xCD, 0x38, 0xF1, 0x08, 0x05,
    0x69, 0x0E, 0x71, 0x1C, 0x89, 0x20, 0x72, 0xE8, 0x8C, 0x7B, 0xB9, 0x71, 0xDA, 0xF9, 0x13, 0x46,
    0x5C, 0x41, 0x9A, 0x08, 0xF9, 0x60, 0xA4, 0xEC, 0xBA, 0x96, 0x11, 0xDA, 0x95, 0x16, 0x69, 0x2D,
    0xF8, 0x07, 0x8C, 0x38, 0x20, 0x21, 0x10, 0x39, 0x58, 0x22, 0x48, 0xC3, 0xBA, 0x56, 0x91, 0xC8,
    0x81, 0x03, 0x0D, 0x1C, 0x16, 0x04, 0x87, 0x16, 0x3B, 0x68, 0x2F, 0x48, 0xF4, 0x82, 0xA5, 0xF5,
    0x8A, 0x64, 0x9A, 0xEF, 0x55, 0x77, 0x26, 0x76, 0xEC, 0x38, 0xC9, 0xC4, 0xA9, 0xD7, 0x72, 0xDA,
    0x55, 0xEF, 0x7B, 0xF5, 0xEA, 0xFD, 0x2C, 0x64, 0x29, 0x5E, 0x7E, 0x54, 0x41, 0x55, 0x0D, 0x7C,
    0xDD, 0x00, 0x5F, 0x8D, 0x81, 0x9F, 0x24, 0x80, 0xE1, 0x1C, 0x33, 0x80, 0xAB, 0x0F, 0xE1, 0x65,
    0x27, 0xF0, 0xB1, 0x8B, 0xD7, 0xB0, 0x86, 0x12, 0x27, 0xF7, 0x4D, 0x3F, 0x51, 0x27, 0xE7, 0x2C,
    0x82, 0x21, 0xC2, 0x4D, 0x34, 0x15, 0x96, 0x15, 0x9C, 0x3E, 0x36, 0xDF, 0x44, 0x4F, 0x21, 0x55,
    0x18, 0xD4, 0x51, 0x7F, 0x37, 0x46, 0xB4, 0x0C, 0x74, 0xBA, 0x40, 0x5D, 0x8F, 0x23, 0xD6, 0xA3,
    0x02, 0x91, 0xF4, 0x23, 0xA2, 0x7E, 0x94, 0xC2, 0x21, 0xAA, 0x1B, 0xF5, 0x0A, 0xC4, 0x90, 0x88,
    0x9B, 0x39, 0xA2, 0xCE, 0xE2, 0x65, 0x17, 0x95, 0x32, 0xFC, 0xC1, 0xF5, 0x40, 0x7D, 0x32, 0x0F,
    0xC8, 0x58, 0x91, 0xEE, 0x92, 0xF9, 0x57, 0xB8, 0x9D, 0x2D, 0xD2, 0x5E, 0x0F, 0x88, 0xF7, 0xB9,
    0xB5, 0x10, 0x4E, 0xF6, 0x02, 0x5E, 0x54, 0x85, 0x47, 0x80, 0x6A, 0x54, 0xED, 0xB4, 0x93, 0x36,
    0x27, 0xCC, 0x93, 0x77, 0xA9, 0xA0, 0xB2, 0xE0, 0x98, 0x60, 0x80, 0x9D, 0x1A, 0x7A, 0x4B, 0xD3,
    0x90, 0xDE, 0x8F, 0x29, 0x2F, 0xC5, 0x94, 0xE9, 0x9C, 0x1D, 0x10, 0x29, 0x82, 0x1B, 0x23, 0xD0,
    0x78, 0xDD, 0x8A, 0xD9, 0x7F, 0xEE, 0xEB, 0x70, 0x0D, 0x1B, 0x21, 0x2A, 0x44, 0x4E, 0x47, 0x06,
    0xFF, 0xDD, 0x41, 0xA9, 0x86, 0x4A, 0xA0, 0x37, 0x38, 0x4D, 0x96, 0x87, 0x40, 0x93, 0xE2, 0x15,
    0x3B, 0x5C, 0x18, 0xA2, 0x16, 0xA0, 0xE5, 0xEB, 0x03, 0xE7, 0x7C, 0xD5, 0x21, 0xB0, 0xEB, 0x46,
    0xC1, 0x17, 0xC0, 0x12, 0xD0, 0xD0, 0x88, 0xBB, 0x37, 0x43, 0xE9, 0xC2, 0x1D, 0xC2, 0x2F, 0x63,
    0xD1, 0xBD, 0x06, 0x44, 0x10, 0x89, 0xFE, 0x44, 0x95, 0x16, 0xA2, 0xB3, 0xB1, 0x86, 0x4A, 0x88,
    0xD2, 0x24, 0x44, 0x88, 0xC5, 0x1A, 0x4A, 0x81, 0xAE, 0x70, 0x9A, 0x93, 0xC0, 0xE3, 0x49, 0x5E,
    0xBD, 0x0B, 0x39, 0x42, 0xF9, 0x74, 0x63, 0xD9, 0xC8, 0xFC, 0x0D, 0xD5, 0x05, 0xDC, 0xB9, 0x03,
    0xEF, 0x17, 0xF6, 0xB7, 0x6B, 0xA8, 0xCB, 0x89, 0x68, 0x7D, 0x9F, 0x92, 0x1E, 0xE6, 0xB3, 0xB3,
    0xAC, 0xC3, 0x63, 0x3F, 0x24, 0xAD, 0x91, 0x02, 0x92, 0xAF, 0x15, 0x3C, 0x33, 0x4E, 0xF2, 0x2E,
    0x28, 0xE6, 0x1C, 0x72, 0x0D, 0xD7, 0x2F, 0x1C, 0x19, 0x54, 0x49, 0xDE, 0x51, 0x44, 0x02, 0xA7,
    0x21, 0xF8, 0xDC, 0x60, 0x97, 0xC6, 0xD6, 0xE4, 0xF7, 0xF4, 0x02, 0xF5, 0xBC, 0xFC, 0xB7, 0xE0,
    0xBF, 0xC3, 0x4B, 0x31, 0xB3, 0xD3, 0x2B, 0x30, 0xAD, 0x19, 0xE2, 0x1E, 0x41, 0x8D, 0x9B, 0x0D,
    0xF9, 0x24, 0x22, 0x99, 0xB6, 0x3C, 0x93, 0x8E, 0x0C, 0x42, 0xF1, 0x25, 0x81, 0xBC, 0xCC, 0x9C,
    0x6D, 0x72, 0xA8, 0xB0, 0xA3, 0xF0, 0x80, 0xEE, 0xA6, 0xDC, 0x48, 0x79, 0x76, 0x64, 0xF6, 0x29,
    0x3E, 0x58, 0x52, 0xA8, 0x28, 0x6C, 0x64, 0xD9, 0xC9, 0xA8, 0x3B, 0xFB, 0x56, 0x91, 0x4D, 0x4F,
    0x1F, 0x50, 0xB4, 0xCC, 0xE4, 0x8A, 0x6C, 0x51, 0x91, 0x8E, 0xF6, 0x4F, 0xE1, 0x20, 0x72, 0xDF,
    0x30, 0xF8, 0x70, 0x92, 0xBF, 0x96, 0xE1, 0x69, 0x95, 0xD9, 0x2F, 0xE7, 0xFC, 0x2B, 0xE4, 0x4F,
    0x73, 0x2B, 0xDF, 0x11, 0xD3, 0x9B, 0x0D, 0xF1, 0xD0, 0x42, 0x60, 0x95, 0xA6, 0x0D, 0xD4, 0x26,
    0x20, 0x1C, 0x5D, 0x8C, 0xCC, 0x3E, 0xC7, 0x21, 0x2E, 0xD8, 0xDD, 0x6C, 0x08, 0xCB, 0x96, 0x3C,
    0x5F, 0xB7, 0x6C, 0x8D, 0x72, 0xED, 0xC8, 0xEC, 0xB3, 0x60, 0x5B, 0xCA, 0xD9, 0x32, 0x76, 0x31,
    0x2C, 0xC9, 0x31, 0x73, 0x38, 0x83, 0x9C, 0x6D, 0xCB, 0xD3, 0x03, 0xEA, 0xDC, 0x2F, 0x38, 0x37,
    0x73, 0xE5, 0x64, 0x40, 0x05, 0xD8, 0x66, 0xA0, 0xB1, 0xA3, 0x0E, 0x17, 0x1A, 0x9F, 0x46, 0x8C,
    0x9C, 0x37, 0xD2, 0x95, 0x98, 0xF6, 0x6B, 0xF0, 0x0E, 0xCF, 0x4D, 0xFB, 0x0A, 0x75, 0xD1, 0x4D,
    0xB1, 0xC9, 0x7D, 0x27, 0xDB, 0xF9, 0xF4, 0x36, 0x3D, 0xBC, 0xB3, 0x46, 0x03, 0x5A, 0xA2, 0x63,
    0x2E, 0x88, 0xE7, 0x58, 0x4E, 0x96, 0x9C, 0x9F, 0xEB, 0x94, 0x68, 0x3D, 0x52, 0x58, 0x18, 0x99,
    0x1F, 0x57, 0xB9, 0xE6, 0xB9, 0x04, 0x1E, 0x77, 0x80, 0x85, 0x0A, 0xE6, 0x6C, 0x6C, 0xA8, 0xFE,
    0xF3, 0xA0, 0x55, 0xEF, 0xA6, 0x36, 0xD4, 0x71, 0xB4, 0x6A, 0xA8, 0x3E, 0xC7, 0x1E, 0xC0, 0x00,
    0xDC, 0xCE, 0xF4, 0xB6, 0x9B, 0xA4, 0x48, 0x53, 0x24, 0x87, 0xBE, 0xA9, 0x9F, 0x4A, 0xD4, 0xA3,
    0x23, 0xCB, 0xA6, 0xE3, 0x5B, 0xC9, 0xB0, 0x32, 0x6E, 0x27, 0x37, 0x93, 0x41, 0xF4, 0x20, 0xF1,
    0x3E, 0x0F, 0x58, 0xB3, 0x65, 0xC0, 0xE5, 0x32, 0x5C, 0x30, 0xA4, 0x9B, 0xC9, 0x30, 0x0B, 0xD3,
    0x9D, 0xA1, 0xFB, 0xF9, 0x22, 0x29, 0xFA, 0x24, 0xA6, 0x13, 0xCC, 0x91, 0x98, 0x37, 0x1F, 0xD9,
    0x74, 0x90, 0xDA, 0x2F, 0x37, 0x15, 0xC5, 0x91, 0x15, 0x5C, 0xFD, 0x78, 0x3D, 0x0F, 0x06, 0x69,
    0xE3, 0x64, 0x32, 0xC2, 0x91, 0x68, 0x51, 0x53, 0xDF, 0x4B, 0x64, 0xE2, 0x1A, 0x11, 0xE3, 0x19,
    0xBC, 0x77, 0x85, 0x5F, 0x1D, 0x78, 0x62, 0xE5, 0x2C, 0x46, 0xDD, 0xA8, 0x77, 0x92, 0x33, 0x71,
    0xC6, 0x46, 0xFB, 0xF8, 0x94, 0x70, 0x99, 0x38, 0x4D, 0x9A, 0x3F, 0x1A, 0x59, 0x36, 0xFA, 0x6F,
    0xFE, 0xC8, 0xB2, 0x74, 0xE2, 0xDD, 0xF9, 0x0A, 0x61, 0x80, 0x11, 0xD4, 0xFE, 0xA9, 0x45, 0xAD,
    0xEA, 0xCB, 0x50, 0xFB, 0xC7, 0xA7, 0x9B, 0xEE, 0xB7, 0x7E, 0xC0, 0x9A, 0x85, 0x8B, 0x3D, 0x33,
    0xFD, 0xAF, 0x71, 0xB2, 0x39, 0xF7, 0xE5, 0xF7, 0xA2, 0x9E, 0xF5, 0x2C, 0x53, 0xBF, 0xF0, 0x6B,
    0x75, 0xD0, 0xB0, 0xB1, 0x70, 0xD6, 0xFA, 0x3C, 0xBE, 0x2E, 0xA0, 0x4F, 0xB9, 0xD4, 0xD8, 0x5F,
    0x9F, 0x2A, 0x53, 0x98, 0xF6, 0xF7, 0xAB, 0x6E, 0x96, 0xCE, 0xB3, 0x4C, 0x28, 0x31, 0xD1, 0xFB,
    0x26, 0xD0, 0xCA, 0xE4, 0x66, 0x1A, 0x5C, 0x90, 0xE0, 0x5E, 0xD2, 0x48, 0x9D, 0xC8, 0x63, 0x55,
    0xE2, 0x45, 0x4E, 0xEA, 0x47, 0xCA, 0x88, 0x59, 0xF7, 0x07, 0xD3, 0xB9, 0x12, 0x71, 0x10, 0x50,
    0x8E, 0xF1, 0x77, 0xED, 0x58, 0x54, 0xF8, 0x0C, 0x8B, 0x0B, 0xB6, 0xDE, 0xCA, 0xC6, 0x33, 0xE9,
    0x65, 0x23, 0xC1, 0xDB, 0x06, 0x6D, 0x2E, 0x38, 0x18, 0xAB, 0x11, 0xF0, 0x18, 0xFE, 0x35, 0xD6,
    0xFE, 0xC6, 0xE6, 0x84, 0x6C, 0x20, 0xC6, 0xB4, 0x43, 0x19, 0xBA, 0x12, 0x57, 0xA1, 0x68, 0xCF,
    0x8A, 0x95, 0x8A, 0x62, 0x3C, 0x57, 0x3F, 0xD3, 0x50, 0x4F, 0xF9, 0x8E, 0x0E, 0xA6, 0x08, 0x92,
    0x7B, 0x41, 0xCD, 0xAE, 0xB1, 0x40, 0x4B, 0x85, 0x0F, 0x88, 0xD4, 0x8B, 0xB9, 0xF3, 0xD1, 0xE6,
    0x28, 0x51, 0x75, 0xD4, 0xE6, 0xAA, 0x03, 0xC5, 0x8A, 0x8D, 0x55, 0xE1, 0x36, 0xD4, 0x33, 0xA8,
    0x5F, 0x42, 0x71, 0xCB, 0x4C, 0x9A, 0x6E, 0xDC, 0x8F, 0xED, 0xC9, 0x85, 0x76, 0xB0, 0xFC, 0xBA,
    0x7F, 0xE6, 0xC1, 0xEA, 0xA4, 0xCF, 0x58, 0x7B, 0x07, 0x6A, 0xC3, 0x2E, 0xF9, 0x00, 0x2A, 0x60,
    0x0E, 0x34, 0x14, 0xA4, 0x1D, 0x9F, 0x52, 0x12, 0x2F, 0xB6, 0xA5, 0x9E, 0xF8, 0xC8, 0x08, 0xD0,
    0x94, 0xB1, 0x6E, 0x43, 0xF8, 0x0E, 0x63, 0x39, 0x0E, 0xBC, 0x58, 0xE4, 0x7D, 0x32, 0x61, 0x02,
    0x23, 0x47, 0x93, 0xDC, 0x80, 0x1F, 0xA4, 0xBE, 0x19, 0x17, 0xBC, 0x3E, 0x8B, 0xB7, 0x11, 0x7D,
    0x29, 0xA6, 0x98, 0x45, 0x2B, 0x77, 0xEE, 0x00, 0xB1, 0x82, 0x99, 0x8D, 0x73, 0x57, 0xB5, 0x95,
    0x2A, 0xAB, 0xD2, 0x35, 0xE5, 0x65, 0xA5, 0x7B, 0x62, 0x9F, 0xF9, 0xBF, 0x4C, 0x97, 0x1B, 0x3C,
    0x36, 0x9B, 0xA4, 0xC6, 0xA4, 0xAB, 0xA9, 0x86, 0x5A, 0x1D, 0xE1, 0x94, 0x5E, 0xE4, 0xB4, 0x0A,
    0x95, 0xC8, 0x39, 0xFE, 0x1B, 0x78, 0xF3, 0xE2, 0xCE, 0x47, 0x38, 0x2D, 0xAB, 0xB8, 0xC1, 0x09,
    0xA3, 0x32, 0xD9, 0x08, 0xE8, 0x9B, 0x3C, 0x2C, 0x4A, 0x89, 0x88, 0x46, 0xA2, 0x34, 0x4D, 0x20,
    0xF6, 0x50, 0x4A, 0x49, 0xCF, 0x48, 0x0F, 0x49, 0x34, 0x8B, 0x92, 0x7F, 0x84, 0x92, 0xFB, 0x09,
    0x9D, 0xEC, 0x73, 0x52, 0x9B, 0x54, 0x67, 0x4A, 0x56, 0xC8, 0x8C, 0x67, 0x6D, 0x29, 0xB0, 0x55,
    0xFA, 0xB6, 0x0D, 0xAD, 0xCC, 0x99, 0x75, 0xFD, 0xE4, 0xF2, 0xF0, 0xD5, 0x47, 0xFB, 0xD5, 0x70,
    0x46, 0x7B, 0x9C, 0x11, 0x53, 0x9E, 0x8D, 0x36, 0xC5, 0x70, 0x35, 0x85, 0xFC, 0x9A, 0xC9, 0xF9,
    0xD8, 0x7D, 0xBF, 0x9A, 0x3C, 0x8E, 0x13, 0xE1, 0x18, 0x78, 0x0B, 0x58, 0xB9, 0x5A, 0x0C, 0xA9,
    0xB9, 0x1A, 0x85, 0x2B, 0x4A, 0x07, 0x64, 0x25, 0x59, 0x63, 0xE7, 0xC6, 0x35, 0xE4, 0x97, 0x5E,
    0x4A, 0x17, 0x14, 0x56, 0x16, 0x01, 0x0F, 0x49, 0xBB, 0x85, 0x80, 0x01, 0x05, 0xF4, 0xC6, 0x05,
    0x2C, 0x59, 0x01, 0x45, 0x43, 0x4C, 0x7E, 0xDE, 0xDF, 0x49, 0xC9, 0x4C, 0xE9, 0xCC, 0x48, 0xB4,
    0xF9, 0x9E, 0x61, 0x21, 0xFF, 0xB2, 0xCE, 0xB5, 0xEA, 0xD1, 0xCC, 0xFF, 0x2D, 0x86, 0x93, 0x35,
    0xFA, 0x51, 0xC0, 0x24, 0xEB, 0x6B, 0x49, 0x23, 0xA3, 0x24, 0xEF, 0xE4, 0x37, 0x99, 0x23, 0x73,
    0x65, 0xCD, 0x58, 0xE1, 0xFB, 0x05, 0x6A, 0xBE, 0x6E, 0xB9, 0xB1, 0x4D, 0xA3, 0xC5, 0x68, 0xBA,
    0x31, 0x5F, 0xDA, 0xC2, 0x77, 0x19, 0x8E, 0xEE, 0x30, 0x20, 0x45, 0xB7, 0x42, 0x9C, 0x73, 0x50,
    0xF6, 0x47, 0x4A, 0xE1, 0x99, 0xA0, 0x98, 0xA3, 0x11, 0x84, 0xAC, 0x2F, 0x9B, 0xF4, 0x83, 0x3F,
    0x9A, 0x5B, 0x01, 0xE3, 0x1F, 0xDA, 0xF9, 0x58, 0x7B, 0xBF, 0x87, 0x57, 0xCA, 0xEB, 0x8B, 0xAB,
    0xB0, 0xFB, 0x59, 0x96, 0xB0, 0x1D, 0x43, 0xB2, 0x4A, 0xBB, 0x4C, 0x42, 0x3E, 0x98, 0x34, 0xC3,
    0x12, 0x4F, 0xC0, 0x3E, 0x98, 0x27, 0xD3, 0x97, 0xFF, 0xF6, 0xC4, 0x74, 0x77, 0xF8, 0x78, 0x24,
    0x93, 0xBB, 0xB2, 0xAC, 0x9B, 0x33, 0x18, 0xDC, 0x4B, 0xB0, 0xB1, 0xD4, 0xDC, 0x40, 0xD3, 0x67,
    0x78, 0x4A, 0xA5, 0xB0, 0x48, 0x99, 0xF7, 0x6D, 0x77, 0x94, 0x3F, 0x9A, 0x3E, 0x37, 0x17, 0xAA,
    0xE1, 0x02, 0x3B, 0xC2, 0xFA, 0x20, 0xAF, 0xDF, 0xD6, 0x6C, 0xE2, 0x29, 0xBA, 0x18, 0x1E, 0x13,
    0x6B, 0x9C, 0x3C, 0x5F, 0x08, 0xB5, 0x98, 0x43, 0x68, 0x76, 0x19, 0xDB, 0x53, 0xEF, 0x2C, 0x9F,
    0x9C, 0x99, 0xA2, 0x54, 0x57, 0xFB, 0x0C, 0x88, 0xF5, 0x48, 0xF6, 0x58, 0xB3, 0x51, 0x35, 0xC9,
    0xEB, 0x53, 0xDC, 0xAD, 0xA2, 0xFF, 0x24, 0x52, 0x7A, 0x4A, 0x2C, 0x6E, 0x27, 0x37, 0xC0, 0x19,
    0x14, 0x6D, 0x1C, 0x71, 0x06, 0xF5, 0xE8, 0xB2, 0xDC, 0x35, 0x0B, 0x2D, 0x2E, 0xD6, 0xF0, 0xBB,
    0x7B, 0xB6, 0x40, 0xBA, 0x05, 0xE7, 0x6F, 0xFC, 0xB2, 0x7F, 0xBB, 0x7D, 0x33, 0x6D, 0xFB, 0x15,
    0x29, 0xE5, 0xF3, 0xA2, 0x71, 0xF6, 0xA6, 0xA5, 0xD7, 0xDA, 0x2F, 0x8A, 0xDD, 0xE0, 0x14, 0x61,
    0x80, 0xD4, 0x97, 0xC1, 0xD5, 0x6F, 0x33, 0x32, 0xB3, 0x1F, 0x78, 0x61, 0x6F, 0x6E, 0x7C, 0xD3,
    0xF1, 0x4C, 0xE2, 0x69, 0x7A, 0x62, 0x9D, 0xA6, 0xDB, 0x45, 0xE2, 0x1A, 0x3F, 0xCF, 0x52, 0x49,
    0x6F, 0x3B, 0xC5, 0x10, 0x6D, 0x1D, 0x0C, 0xA2, 0x67, 0x71, 0x98, 0xB4, 0xB8, 0x3B, 0x96, 0xD0,
    0x43, 0xA9, 0xE4, 0xC7, 0xB8, 0xBA, 0x53, 0xB8, 0xC6, 0x23, 0x5C, 0x19, 0x3A, 0xCC, 0x83, 0xEE,
    0xFD, 0x15, 0xCB, 0xB3, 0x99, 0x6E, 0xE5, 0x3C, 0x51, 0xF0, 0xBC, 0x3E, 0x1F, 0x06, 0x3C, 0xD9,
    0xD0, 0x9E, 0x0C, 0x3F, 0x46, 0x35, 0xE9, 0xB5, 0xD2, 0x9D, 0x71, 0x66, 0x2E, 0x5C, 0xC3, 0x5F,
    0xF7, 0xE4, 0xC2, 0x06, 0x77, 0xCA, 0xF0, 0xCE, 0xB4, 0x75, 0x7D, 0x14, 0x60, 0x7D, 0x6F, 0xC9,
    0xF8, 0xBA, 0xD0, 0xC1, 0x84, 0xBC, 0x2C, 0x77, 0x93, 0x30, 0x88, 0x43, 0x3F, 0x0A, 0x9D, 0x22,
    0xB4, 0x4F, 0x0C, 0x37, 0xD3, 0x12, 0xC4, 0x56, 0x6C, 0xD4, 0xF7, 0xED, 0x78, 0x8B, 0x8F, 0x00,
    0x93, 0x55, 0x24, 0x7D, 0x24, 0x62, 0x26, 0xA4, 0xCC, 0x5E, 0x2C, 0x96, 0xF2, 0x71, 0x61, 0x27,
    0x2F, 0x61, 0x74, 0xE8, 0x5E, 0x06, 0xC3, 0x21, 0x30, 0xF4, 0x60, 0x67, 0x3B, 0xD8, 0x52, 0xD3,
    0xB9, 0xEF, 0xD3, 0x0A, 0x8F, 0x49, 0x6F, 0xE4, 0x5D, 0x67, 0x3F, 0x65, 0x9A, 0xB5, 0x77, 0x63,
    0x57, 0xD1, 0x02, 0x63, 0x4D, 0x19, 0x6E, 0xFC, 0xC0, 0xDA, 0xB5, 0x93, 0x68, 0x77, 0xDD, 0x38,
    0xC1, 0x59, 0x0F, 0xE6, 0xA5, 0xD5, 0x69, 0xD1, 0x3C, 0xF8, 0x46, 0xEA, 0x0E, 0x87, 0x18, 0xB9,
    0x89, 0xEC, 0x27, 0xED, 0x57, 0x02, 0xF4, 0xB2, 0x82, 0xC1, 0x3C, 0x1E, 0x11, 0x4D, 0xCD, 0x40,
    0x93, 0xCF, 0x7D, 0x36, 0xA9, 0x55, 0x73, 0xAB, 0x2D, 0x52, 0xFD, 0xEE, 0xF7, 0xA3, 0xFC, 0x0A,
    0xE4, 0xEA, 0x2D, 0x4A, 0x47, 0xBA, 0xBD, 0x97, 0x93, 0x2A, 0x80, 0x93, 0xFA, 0x2B, 0x01, 0xCB,
    0x51, 0xF2, 0xDC, 0x8F, 0xEC, 0x33, 0xB4, 0xCE, 0xED, 0x74, 0xEB, 0xEE, 0xE5, 0xD8, 0x0E, 0x43,
    0x20, 0x8B, 0x5E, 0xAC, 0xB2, 0xE4, 0x59, 0xEF, 0xDC, 0x6A, 0xD3, 0xD8, 0x8E, 0xF1, 0x5D, 0x83,
    0x9F, 0x46, 0xF8, 0xDD, 0xF9, 0xBE, 0x67, 0x28, 0xBB, 0x9F, 0x5E, 0xF7, 0x38, 0x7D, 0xE2, 0x2C,
    0xB1, 0x06, 0xA7, 0x9C, 0x6D, 0xBA, 0x1C, 0xBB, 0x06, 0xB6, 0x3E, 0x24, 0xE4, 0xE4, 0xA6, 0xF8,
    0x92, 0xF3, 0x78, 0xD6, 0x2E, 0xA5, 0x4A, 0x31, 0x76, 0x50, 0xCC, 0xDF, 0x16, 0xB9, 0x4D, 0xAA,
    0x18, 0x27, 0xEE, 0x14, 0xB6, 0xF5, 0x59, 0xF6, 0xE7, 0x4C, 0x31, 0xD6, 0x6D, 0x05, 0xD1, 0x26,
    0x1E, 0x7B, 0xBA, 0x01, 0x86, 0xB3, 0x6F, 0x47, 0xC6, 0x8D, 0x7F, 0xAC, 0x8D, 0x93, 0x1C, 0x7D,
    0xA4, 0xF1, 0xD9, 0x3B, 0x7F, 0x8A, 0xF0, 0x9F, 0xE8, 0x13, 0xE0, 0xD7, 0x2C, 0x52, 0xB8, 0x9E,
    0xBE, 0xBF, 0x2B, 0x77, 0x37, 0x1B, 0xA2, 0xEA, 0x8A, 0x78, 0xA8, 0x88, 0x26, 0xBD, 0x50, 0xB9,
    0xC2, 0x0A, 0x72, 0x2E, 0x0F, 0xD2, 0x1F, 0x0C, 0x5F, 0xD4, 0xDC, 0x78, 0x7D, 0xCD, 0x4B, 0xB6,
    0xD4, 0xC2, 0xC1, 0xE3, 0xE0, 0x9B, 0xCD, 0x8E, 0xF7, 0xC3, 0xD0, 0x78, 0x7F, 0xA9, 0x69, 0x27,
    0x55, 0x91, 0xC8, 0x89, 0xCE, 0x42, 0xDE, 0x8D, 0x2B, 0x51, 0x63, 0xDE, 0x8D, 0x37, 0x86, 0xED,
    0xD8, 0x37, 0x0C, 0x3C, 0xA6, 0x44, 0x97, 0xE1, 0xBB, 0x94, 0x76, 0x79, 0x48, 0x71, 0x43, 0x93,
    0xDF, 0x8C, 0x2B, 0x4C, 0x92, 0x78, 0x0B, 0xD3, 0xD9, 0x87, 0x70, 0x9F, 0x46, 0x8E, 0x4D, 0x69,
    0xFD, 0xE3, 0x61, 0xCD, 0x56, 0xFD, 0x81, 0xA3, 0xFD, 0xA7, 0x72, 0x21, 0xE9, 0xFE, 0x15, 0xF8,
    0x17, 0x18, 0x8F, 0xE5, 0x56, 0x6A, 0xCB, 0x46, 0x35, 0x83, 0xFF, 0x45, 0xA2, 0x17, 0xFB, 0x49,
    0xB9, 0x99, 0x74, 0x27, 0x97, 0x21, 0x6D, 0x98, 0x09, 0x19, 0x7A, 0xD7, 0x90, 0x61, 0x55, 0x6E,
    0x9F, 0x1C, 0x9D, 0x87, 0x9F, 0x34, 0x71, 0x63, 0x6E, 0x45, 0x6E, 0xB1, 0x36, 0xAD, 0x55, 0xA6,
    0xF6, 0x06, 0xC5, 0xC8, 0x75, 0xCC, 0x1A, 0x1E, 0x30, 0xE8, 0xF4, 0xB0, 0x2F, 0x1D, 0xC3, 0x32,
    0x17, 0x25, 0x6E, 0xB1, 0x2A, 0x59, 0x8D, 0x43, 0xC6, 0xD8, 0x98, 0x8D, 0x9B, 0x53, 0xF3, 0x5A,
    0x52, 0x10, 0x50, 0xDE, 0x13, 0x7B, 0xCF, 0x6B, 0xB9, 0xA6, 0x4E, 0x9C, 0x78, 0xA6, 0x13, 0xD8,
    0x52, 0x20, 0x94, 0xF7, 0x8E, 0xBD, 0x16, 0x08, 0x24, 0x91, 0x3D, 0xD8, 0x45, 0x78, 0x68, 0xFB,
    0x10, 0x37, 0xF6, 0xD2, 0x3C, 0x7B, 0x71, 0x4D, 0x99, 0x45, 0xCA, 0x81, 0x13, 0x4B, 0x67, 0x97,
    0xF3, 0x5C, 0x9C, 0x87, 0xFF, 0x1D, 0x59, 0x78, 0x23, 0x49, 0x57, 0x16, 0xCB, 0xDB, 0x7E, 0xC2,
    0x2C, 0x32, 0x5D, 0xCE, 0x36, 0xDC, 0x3F, 0x44, 0xAC, 0x51, 0x02, 0xCC, 0x6E, 0xEE, 0xA4, 0x77,
    0xF9, 0x3F, 0xAD, 0x55, 0xBD, 0x6E, 0xD3, 0x50, 0x18, 0x3D, 0xBE, 0x17, 0xE5, 0xA6, 0x71, 0xA8,
    0x3B, 0x30, 0x80, 0x54, 0x35, 0x19, 0x19, 0x48, 0x8C, 0x44, 0x81, 0x0C, 0x06, 0x2C, 0x5E, 0x00,
    0x1E, 0x81, 0x37, 0x20, 0x43, 0x86, 0x4C, 0xF8, 0x42, 0x07, 0xD6, 0x8A, 0x27, 0xE8, 0x8C, 0x18,
    0x32, 0x64, 0xE8, 0x50, 0x35, 0x17, 0x65, 0x60, 0x35, 0x6F, 0x60, 0x89, 0xB2, 0xA2, 0x3B, 0x44,
    0x22, 0x91, 0x08, 0xE6, 0x5C, 0xC7, 0x2D, 0x50, 0x85, 0x40, 0x22, 0xEC, 0xFB, 0x29, 0xCA, 0xF5,
    0x77, 0xBF, 0x73, 0x7C, 0xBE, 0x1F, 0x03, 0x1E, 0x00, 0x65, 0x00, 0x69, 0x30, 0x3A, 0xD0, 0x7E,
    0x9C, 0xA0, 0x85, 0x3D, 0x74, 0xE0, 0x63, 0x08, 0xA5, 0x2D, 0xF7, 0x7F, 0x35, 0xB7, 0xE7, 0x9E,
    0x39, 0x1F, 0x3F, 0xEE, 0x03, 0x23, 0xCD, 0xF3, 0x3B, 0xC0, 0x00, 0xE8, 0xAA, 0xD9, 0xB3, 0x96,
    0x32, 0x7D, 0x91, 0x5A, 0xD8, 0x8B, 0xD5, 0x13, 0x69, 0x4B, 0x69, 0x35, 0xA7, 0x1B, 0x6E, 0xD2,
    0x76, 0x69, 0xD7, 0x47, 0xF6, 0x51, 0x16, 0x40, 0xE2, 0xEF, 0x56, 0x21, 0xE0, 0x55, 0x88, 0x94,
    0x47, 0x93, 0x94, 0x47, 0x6B, 0x64, 0x4B, 0xB2, 0x40, 0x35, 0x91, 0x36, 0xC0, 0x92, 0xE5, 0x3F,
    0xB6, 0x62, 0x3A, 0x83, 0x7E, 0x0A, 0xDC, 0xE3, 0x7B, 0x35, 0xB0, 0xB8, 0x82, 0xD2, 0xC2, 0x18,
    0xB8, 0xCF, 0xFD, 0x3B, 0xB4, 0x37, 0x8C, 0xF8, 0xDE, 0xC2, 0xE3, 0xAB, 0x89, 0x78, 0x08, 0x99,
    0x7F, 0x63, 0xF0, 0x08, 0x5B, 0x68, 0xA3, 0x4E, 0xE7, 0x91, 0xCE, 0x1D, 0x64, 0xBD, 0x0E, 0x35,
    0x84, 0xC8, 0xCA, 0x40, 0xFE, 0x14, 0x51, 0x1B, 0xBD, 0x00, 0x3B, 0x01, 0xBC, 0x11, 0xDA, 0x4F,
    0x30, 0x2C, 0x80, 0x27, 0x21, 0xC2, 0xD7, 0xA9, 0x6E, 0xDE, 0x35, 0x0E, 0x26, 0xE7, 0xCE, 0xF2,
    0x3B, 0xB7, 0xCD, 0xEA, 0x6E, 0xD7, 0x4F, 0x3D, 0x12, 0xF1, 0x74, 0xC3, 0xC8, 0xDF, 0xEE, 0xC6,
    0xC4, 0x61, 0x78, 0x1F, 0x09, 0x9C, 0xD0, 0xE1, 0x46, 0x09, 0x4A, 0x99, 0x9D, 0xDC, 0xEB, 0xA7,
    0x06, 0xB5, 0x1A, 0xE4, 0x3B, 0xC0, 0x96, 0x81, 0xD4, 0x0C, 0x4C, 0xC7, 0x8A, 0x1C, 0x01, 0xFB,
    0x5D, 0xAA, 0x46, 0x75, 0x2A, 0x25, 0xF4, 0xC6, 0xB9, 0x82, 0x77, 0x00, 0x7C, 0x01, 0x15, 0x5D,
    0x5C, 0x2B, 0x33, 0x36, 0xA5, 0x30, 0x0B, 0xB7, 0x41, 0x87, 0x74, 0xCF, 0xCF, 0xAC, 0x81, 0x1F,
    0x3B, 0xFC, 0x2D, 0x26, 0x6A, 0x81, 0x2F, 0x73, 0x77, 0x5A, 0xBE, 0x32, 0x72, 0x6C, 0x4A, 0x7C,
    0x61, 0x1B, 0x2B, 0xF0, 0x5D, 0x19, 0x7B, 0xE4, 0x20, 0xA9, 0xFB, 0xD1, 0x65, 0x0E, 0xE1, 0x46,
    0x1C, 0x5C, 0x77, 0xF9, 0xC0, 0x36, 0x4B, 0xFE, 0xDF, 0x99, 0x1C, 0xA3, 0x49, 0x26, 0x2D, 0xD6,
    0x5B, 0x60, 0x96, 0xA8, 0xB1, 0x21, 0x13, 0x72, 0x19, 0xC7, 0x38, 0x05, 0xAE, 0xAD, 0xA3, 0x09,
    0x89, 0xE0, 0x81, 0x2B, 0x9B, 0xFF, 0xA8, 0x09, 0x43, 0x65, 0xC5, 0xC0, 0x58, 0x8B, 0x89, 0xBB,
    0xBA, 0xAC, 0xCC, 0xF0, 0x67, 0x65, 0x22, 0x99, 0x42, 0x1D, 0xEE, 0xB1, 0xDE, 0xB7, 0x59, 0x63,
    0x15, 0x76, 0xC5, 0xA2, 0xCE, 0x0B, 0xF3, 0xDE, 0xB2, 0x43, 0x02, 0xEE, 0x05, 0x7C, 0x16, 0xD0,
    0x27, 0x80, 0x4A, 0x39, 0x0C, 0x92, 0x33, 0x54, 0x49, 0xE8, 0x16, 0x04, 0xDD, 0x0E, 0x5D, 0x94,
    0xC6, 0xE7, 0x41, 0x3F, 0x3C, 0xBA, 0x00, 0xEC, 0xB7, 0xD0, 0x38, 0x03, 0x91, 0xD8, 0x89, 0x49,
    0xAE, 0xF7, 0x45, 0x56, 0x34, 0x49, 0x76, 0xAC, 0x4C, 0xC8, 0x0E, 0xE9, 0x9E, 0x2B, 0x52, 0xAA,
    0x80, 0x24, 0x0B, 0x34, 0xDF, 0x32, 0x95, 0xA8, 0x5B, 0xDA, 0x09, 0xED, 0x21, 0x2D, 0xA0, 0xA9,
    0x31, 0xEA, 0xE2, 0x13, 0x67, 0xC9, 0x57, 0x5A, 0x42, 0x0B, 0x39, 0xFE, 0x38, 0x01, 0x8C, 0x74,
    0x2A, 0x78, 0x69, 0xA1, 0x02, 0x55, 0xB9, 0xE2, 0x22, 0xB5, 0x43, 0xFD, 0xFC, 0x65, 0xB6, 0xB4,
    0x41, 0x92, 0x0F, 0x73, 0x7F, 0x8E, 0xC8, 0x87, 0x55, 0xB0, 0xC2, 0x11, 0x7B, 0x41, 0x21, 0x26,
    0xA8, 0x7C, 0xE7, 0x8F, 0xE6, 0xF8, 0x4E, 0xA5, 0xC9, 0xA4, 0xA6, 0x6B, 0x38, 0x05, 0xE7, 0x0A,
    0x67, 0xB9, 0x67, 0x38, 0xD2, 0x5C, 0xF9, 0x85, 0xD9, 0xB0, 0x67, 0x6F, 0x4F, 0x91, 0x68, 0x7F,
    0x82, 0x93, 0x34, 0xCA, 0xFA, 0x2E, 0x07, 0x52, 0x4B, 0xE3, 0x69, 0xE1, 0x06, 0x55, 0x9E, 0x67,
    0x91, 0x9F, 0x46, 0x4A, 0x47, 0xC2, 0x75, 0xEA, 0x1F, 0x96, 0xCC, 0x8B, 0x34, 0x75, 0x8A, 0xBF,
    0x55, 0xA0, 0x59, 0x8C, 0xC2, 0x72, 0xA0, 0x5D, 0x1E, 0x71, 0x2A, 0x73, 0xDF, 0x13, 0xB2, 0x28,
    0x10, 0x7E, 0x00, 0x7B, 0xB0, 0x45, 0x87, 0x8D, 0x81, 0x5B, 0xCE, 0x62, 0x02, 0x03, 0x53, 0x03,
    0xF7, 0x03, 0x19, 0x13, 0x05, 0x0E, 0x06, 0x06, 0x39, 0x56, 0xA5, 0x8E, 0x80, 0x2D, 0xFF, 0x0F,
    0x28, 0x70, 0xA8, 0x48, 0x70, 0x3F, 0x28, 0xF9, 0xB3, 0x85, 0x81, 0xE1, 0x83, 0xCD, 0x03, 0x1D,
    0x86, 0x2D, 0x32, 0x32, 0x0A, 0xB5, 0x87, 0x0F, 0xD7, 0xF2, 0x9A, 0xC8, 0x96, 0x58, 0x3C, 0x30,
    0x38, 0xC0, 0x00, 0x04, 0x0B, 0x16, 0x58, 0x1D, 0xE0, 0x67, 0x90, 0x91, 0xE1, 0x51, 0x71, 0x80,
    0x2B, 0xB4, 0xB0, 0x91, 0x50, 0x60, 0x10, 0x50, 0xE1, 0x62, 0xAF, 0x65, 0x61, 0x50, 0x61, 0x30,
    0x00, 0x42, 0x7B, 0xA0, 0xCA, 0x0F, 0x40, 0x00, 0x31, 0xF1, 0xFF, 0x01, 0x00, 0xB5, 0x59, 0xBF,
    0x6F, 0x23, 0xC7, 0x15, 0x7E, 0xBB, 0x6B, 0xDF, 0x42, 0x5A, 0x9E, 0xE6, 0x0A, 0x17, 0x07, 0x47,
    0x16, 0x5D, 0x5C, 0x10, 0x01, 0x21, 0x45, 0x01, 0x3E, 0x20, 0x2C, 0x56, 0xC7, 0x09, 0xFC, 0x07,
    0x38, 0x40, 0xFE, 0x80, 0xB0, 0x4F, 0x11, 0x15, 0x0C, 0xC0, 0x00, 0x3A, 0xEF, 0xD8, 0x2A, 0x52,
    0xA4, 0x88, 0x90, 0xBF, 0xE0, 0x90, 0x2E, 0x45, 0x10, 0x02, 0x66, 0x71, 0x08, 0xCE, 0xD9, 0xF1,
    0xB1, 0xB8, 0x22, 0x45, 0xC6, 0x4E, 0x71, 0x48, 0xE1, 0x60, 0x71, 0xB9, 0xC2, 0x45, 0x02, 0x0F,
    0x12, 0x02, 0xE1, 0x25, 0xA4, 0x26, 0xDF, 0x9B, 0x5D, 0x8A, 0x14, 0x8F, 0xBC, 0x1F, 0x4A, 0x42,
    0xCD, 0x1B, 0x51, 0xBB, 0xF3, 0xF3, 0xCD, 0x7B, 0xDF, 0xFB, 0xDE, 0x28, 0x30, 0x44, 0x43, 0xA2,
    0x2D, 0xC2, 0xC7, 0xB9, 0x89, 0xA0, 0xB6, 0xA0, 0x7D, 0x41, 0x24, 0x42, 0xC5, 0x25, 0x52, 0xC2,
    0xF9, 0x2F, 0x78, 0x42, 0x35, 0x41, 0xBB, 0x28, 0xCE, 0x4D, 0xD1, 0x38, 0x1A, 0xE9, 0xE8, 0x54,
    0xCD, 0x7B, 0xF5, 0x7D, 0xB9, 0x21, 0x22, 0xAA, 0x8A, 0xF3, 0x35, 0xF7, 0x6A, 0x08, 0x4A, 0x51,
    0xD0, 0x8B, 0x3B, 0x1A, 0xDB, 0x80, 0xEC, 0x92, 0xB6, 0x37, 0x89, 0x2C, 0x95, 0xE2, 0x26, 0xF8,
    0x8D, 0xC6, 0x36, 0x52, 0x10, 0xBD, 0x90, 0x44, 0x0A, 0x5B, 0x47, 0x83, 0x31, 0x51, 0x2C, 0x69,
    0x8F, 0xA8, 0x5B, 0xAE, 0x13, 0x8D, 0x8F, 0x7D, 0x39, 0xF4, 0x53, 0xAC, 0x2F, 0x0E, 0x43, 0xE7,
    0x45, 0x22, 0xDB, 0x0D, 0x6A, 0xDF, 0xA6, 0x1B, 0x83, 0x08, 0x63, 0xA2, 0x2F, 0xD7, 0x28, 0x03,
    0xA2, 0x36, 0xDD, 0x6C, 0xD0, 0x7E, 0x22, 0xFB, 0x41, 0x6E, 0x92, 0x19, 0xA5, 0x09, 0xD9, 0x98,
    0x6C, 0xC8, 0xB3, 0x7D, 0x48, 0xD4, 0x1A, 0xD3, 0xB5, 0x73, 0xFC, 0x52, 0x14, 0x6B, 0x13, 0xE9,
    0x22, 0x52, 0x98, 0xB5, 0x35, 0x21, 0x9E, 0x7C, 0xFD, 0x0F, 0x4F, 0x68, 0xF1, 0xA1, 0x17, 0xB6,
    0x81, 0x6A, 0xEC, 0x86, 0x9F, 0xE2, 0x43, 0x9D, 0x51, 0xE8, 0x5C, 0x41, 0x7E, 0x63, 0x6B, 0xAB,
    0xAE, 0xC0, 0xA2, 0xEE, 0x09, 0x68, 0xE7, 0x4C, 0x04, 0x05, 0x69, 0x41, 0x36, 0xE0, 0x2A, 0x94,
    0xF8, 0x33, 0x27, 0x11, 0xEB, 0x13, 0x72, 0x33, 0xCC, 0xE3, 0xC6, 0x7E, 0xC2, 0xF5, 0x95, 0x73,
    0xCE, 0xF0, 0xB7, 0x13, 0xAE, 0xF6, 0xFC, 0xD2, 0x2E, 0x2A, 0xFF, 0xE7, 0x89, 0x2B, 0x72, 0x77,
    0x96, 0x43, 0x5D, 0x83, 0x34, 0xF6, 0xD2, 0x4D, 0x23, 0xA2, 0x94, 0x4A, 0xE9, 0x38, 0x49, 0x69,
    0x68, 0xF0, 0xDD, 0xAE, 0x4A, 0xE4, 0x7E, 0x3F, 0xA3, 0x50, 0x13, 0x25, 0x92, 0x68, 0x9F, 0xFC,
    0xC7, 0xD9, 0x3D, 0x8C, 0x99, 0x41, 0x0C, 0x89, 0x40, 0xB1, 0x6D, 0x90, 0xD8, 0x86, 0xC0, 0x92,
    0x04, 0x4E, 0x96, 0xB7, 0x23, 0x02, 0xBC, 0xA3, 0x02, 0x62, 0x21, 0x43, 0xF4, 0xE9, 0x48, 0x1C,
    0x11, 0xF1, 0xB1, 0x53, 0xA8, 0xAA, 0x71, 0x3A, 0x53, 0x41, 0x11, 0xF6, 0x1B, 0x43, 0xEA, 0x90,
    0xF7, 0x20, 0x7F, 0xD4, 0x22, 0x7C, 0x5F, 0x8B, 0x6D, 0x3C, 0xDF, 0x85, 0x1C, 0x42, 0x34, 0x44,
    0x72, 0xBB, 0x48, 0x73, 0x1F, 0xB2, 0x58, 0x74, 0x01, 0x69, 0x15, 0xE5, 0x38, 0xA6, 0x55, 0xD4,
    0x29, 0xC6, 0x3C, 0x5B, 0x14, 0xAB, 0x1A, 0x5A, 0xDD, 0xA2, 0xD0, 0x1C, 0xE2, 0xF8, 0x60, 0x60,
    0x03, 0xAC, 0xFD, 0x27, 0x98, 0xAF, 0x53, 0xCD, 0x7D, 0x1D, 0x02, 0x63, 0x15, 0xB0, 0x98, 0x04,
    0xDE, 0x02, 0xC5, 0x6C, 0x3C, 0xDD, 0x4D, 0x3F, 0x39, 0x9F, 0x29, 0x9F, 0xDE, 0x26, 0x69, 0x41,
    0x57, 0xDF, 0xC1, 0xBC, 0xEF, 0x41, 0x7E, 0x81, 0x49, 0x3E, 0xB3, 0x14, 0x68, 0x4B, 0xA1, 0x1C,
    0x52, 0x04, 0xAF, 0x89, 0xA1, 0xD8, 0x2D, 0x3A, 0xA0, 0x1A, 0x8F, 0xA5, 0x9C, 0x59, 0xF2, 0x80,
    0x77, 0x2B, 0x7B, 0x87, 0x9B, 0x06, 0xD6, 0x7B, 0x61, 0xEA, 0x4B, 0x1F, 0x7F, 0x3A, 0xA7, 0x1C,
    0x3F, 0x1F, 0x2F, 0x3F, 0xDC, 0xD0, 0x52, 0xFA, 0x31, 0x07, 0xAF, 0xE2, 0x55, 0xB0, 0x50, 0x45,
    0x87, 0xD0, 0x26, 0xCB, 0x31, 0xA4, 0x0B, 0xB9, 0x07, 0x31, 0x10, 0x9D, 0x62, 0xE5, 0x29, 0x45,
    0x32, 0xF5, 0xAB, 0xDE, 0x81, 0x34, 0x20, 0x30, 0x38, 0x5D, 0xC0, 0x2C, 0x0A, 0xBC, 0x35, 0x95,
    0xBC, 0x1E, 0xE6, 0x34, 0x23, 0xA7, 0xFB, 0x1D, 0x99, 0x06, 0x53, 0x8C, 0x1F, 0x49, 0x4C, 0x16,
    0xF3, 0xEC, 0x38, 0x9D, 0xFD, 0x74, 0x9F, 0x15, 0x00, 0xBF, 0xEB, 0xA7, 0x4D, 0x9C, 0x21, 0xF6,
    0x14, 0x14, 0x69, 0x22, 0x43, 0x9D, 0xC6, 0x2A, 0x42, 0x63, 0x1D, 0x2B, 0x18, 0x6B, 0x8E, 0x01,
    0xCE, 0x93, 0x73, 0x6A, 0x46, 0xA6, 0x41, 0xF6, 0x0D, 0x46, 0x9E, 0x02, 0xA7, 0x4F, 0xF0, 0x27,
    0x98, 0x1F, 0xBE, 0x93, 0xBD, 0x45, 0xB6, 0x1D, 0x14, 0x8D, 0x58, 0xC7, 0xE7, 0x57, 0xB7, 0xB5,
    0x41, 0x9B, 0xBC, 0xBD, 0xCD, 0x6D, 0xED, 0x8A, 0xE3, 0x38, 0x20, 0x9F, 0x80, 0x11, 0x96, 0x3E,
    0x03, 0xFF, 0xC0, 0x9E, 0x2F, 0xF9, 0x4C, 0x38, 0xF7, 0x19, 0xBB, 0xEC, 0x33, 0xCA, 0xE3, 0x07,
    0x9F, 0xE0, 0xAA, 0x74, 0x05, 0x03, 0x07, 0x01, 0x37, 0x88, 0x61, 0x83, 0x51, 0x03, 0xA0, 0x41,
    0x39, 0x7B, 0x3B, 0x7A, 0xE6, 0x44, 0x19, 0x16, 0x40, 0x53, 0x12, 0x1A, 0xD5, 0x8E, 0x09, 0x1F,
    0x50, 0xAD, 0x88, 0x52, 0xAA, 0xD9, 0x18, 0x55, 0x6F, 0x0B, 0x55, 0x5A, 0x43, 0xD5, 0xBC, 0x89,
    0x6A, 0xE7, 0x36, 0x2A, 0x01, 0x03, 0xA8, 0xC5, 0xF0, 0xAB, 0x1A, 0xB4, 0x4C, 0xEE, 0xE3, 0x87,
    0x4E, 0x2F, 0x76, 0xBB, 0x22, 0x38, 0xFF, 0xB5, 0xCF, 0xE7, 0x5A, 0xCB, 0x15, 0x00, 0xA3, 0x4F,
    0x4D, 0xB8, 0x5C, 0x9B, 0x12, 0xEC, 0x25, 0x56, 0x16, 0xEF, 0x96, 0x85, 0x9F, 0xF1, 0x3B, 0x6E,
    0xC3, 0x6D, 0xB9, 0x8F, 0x73, 0xEE, 0xB5, 0xBD, 0x91, 0x3D, 0x18, 0x06, 0xEF, 0xBD, 0xE0, 0xFE,
    0xDC, 0x0B, 0x50, 0x86, 0x40, 0x50, 0x71, 0x2E, 0x9F, 0x8B, 0x21, 0x4F, 0x61, 0x3E, 0x7B, 0xD4,
    0x48, 0x69, 0x77, 0xE8, 0xE3, 0xD5, 0x45, 0x19, 0x72, 0x0C, 0xA9, 0x35, 0x69, 0x37, 0x51, 0x0D,
    0x34, 0xC3, 0x5A, 0x60, 0x76, 0xB0, 0x4B, 0x58, 0x1B, 0xA3, 0xE4, 0x86, 0x02, 0x33, 0xCC, 0x8B,
    0x4E, 0x01, 0x7B, 0xC0, 0x2E, 0xB6, 0xB0, 0x2F, 0xC6, 0x9F, 0x7D, 0x98, 0x6C, 0x85, 0x3F, 0x43,
    0x18, 0x63, 0x1B, 0xF8, 0xD3, 0x82, 0xF1, 0xD4, 0x2B, 0xFC, 0xA9, 0x01, 0x7B, 0x38, 0x08, 0x1A,
    0x2A, 0xD7, 0x84, 0xA5, 0x85, 0x88, 0x9A, 0x07, 0x22, 0x51, 0x7D, 0x11, 0x1A, 0x6C, 0xC4, 0xCE,
    0x85, 0x77, 0x71, 0x22, 0x22, 0xC3, 0xEF, 0xB8, 0x8D, 0xC7, 0x97, 0xBC, 0x20, 0xEC, 0x59, 0x27,
    0xEA, 0x26, 0x45, 0xC0, 0xB9, 0xC0, 0x9E, 0x95, 0xF3, 0x30, 0xC6, 0xF9, 0x79, 0x2A, 0xFC, 0xF9,
    0x25, 0x26, 0x60, 0x5D, 0xCB, 0xFB, 0xB4, 0x4D, 0x47, 0x94, 0x3F, 0x04, 0xD6, 0x20, 0x92, 0x5C,
    0x01, 0xEF, 0xB0, 0x5A, 0xEA, 0x57, 0xC2, 0x28, 0xDE, 0xCE, 0x9F, 0xB0, 0x05, 0xA4, 0xB4, 0x2A,
    0x89, 0x4A, 0xB1, 0x97, 0x29, 0x2D, 0x82, 0xCB, 0x92, 0x84, 0xB0, 0xA8, 0x27, 0xEE, 0x67, 0x8E,
    0x1B, 0xDA, 0x2B, 0x56, 0xCE, 0x7F, 0xFE, 0x27, 0xA3, 0xB0, 0x3F, 0x27, 0x5C, 0xC5, 0x8B, 0x2A,
    0x07, 0x18, 0x0E, 0xB0, 0xD4, 0x41, 0x05, 0x84, 0x8B, 0x18, 0x39, 0xC3, 0xEF, 0x58, 0x53, 0x8A,
    0x30, 0x7D, 0x11, 0x1F, 0xF9, 0x7B, 0xAC, 0x23, 0x1F, 0xA1, 0x43, 0x56, 0x88, 0xD7, 0xC2, 0x9A,
    0xEA, 0x1C, 0x00, 0x0A, 0x0B, 0xE5, 0x3F, 0xFB, 0x5E, 0x51, 0x17, 0x55, 0xBF, 0x7A, 0xE1, 0xDC,
    0xC7, 0xEC, 0x6F, 0xCF, 0x61, 0xF4, 0x06, 0x7C, 0x6F, 0x3D, 0xA3, 0x61, 0xAC, 0x06, 0x54, 0xDC,
    0xA0, 0x1E, 0xE9, 0x36, 0x03, 0x35, 0xB4, 0x8E, 0x1A, 0x85, 0xFA, 0x03, 0x1A, 0xE2, 0xD5, 0x30,
    0xD6, 0xF5, 0x67, 0x58, 0x59, 0x3C, 0xC3, 0x48, 0x47, 0x8C, 0x57, 0x20, 0x25, 0x4C, 0x33, 0x86,
    0x30, 0x28, 0x0C, 0x04, 0x9C, 0x4C, 0x85, 0xE3, 0x2A, 0xBA, 0xA8, 0x42, 0x7E, 0xE1, 0x9B, 0x80,
    0x53, 0xC1, 0xAA, 0x9B, 0xB1, 0xF6, 0x03, 0xC0, 0x08, 0x74, 0x84, 0x88, 0x90, 0xC8, 0xA5, 0xB3,
    0xC6, 0x77, 0x7E, 0x46, 0xD9, 0xD4, 0xC7, 0xE3, 0x90, 0x23, 0x85, 0x5A, 0xB4, 0xF9, 0x14, 0xBE,
    0x91, 0x4C, 0x28, 0x3D, 0xA0, 0x1E, 0xB3, 0x49, 0x0A, 0x72, 0x3A, 0xF8, 0x80, 0x47, 0xC6, 0x7E,
    0xC6, 0x2D, 0x6A, 0xFD, 0x14, 0xE6, 0xA9, 0xE8, 0x87, 0x32, 0x71, 0x74, 0x47, 0xD2, 0x31, 0xF0,
    0x8C, 0xE8, 0x8B, 0x09, 0x7D, 0x89, 0xB7, 0x80, 0x0B, 0xA0, 0x84, 0x2F, 0x83, 0x48, 0xF7, 0x62,
    0xD9, 0xD8, 0x61, 0x97, 0xC9, 0xCE, 0x99, 0x12, 0x61, 0xA5, 0x80, 0x4C, 0x30, 0x27, 0x80, 0xA6,
    0x1F, 0xCC, 0x8A, 0xB0, 0xC8, 0x9C, 0xCC, 0x9C, 0x0F, 0x37, 0x88, 0x35, 0x81, 0x5C, 0x51, 0x63,
    0x86, 0x80, 0xED, 0x26, 0xE1, 0xA9, 0x06, 0x4C, 0x47, 0x28, 0x08, 0x22, 0x91, 0xDE, 0x82, 0xB3,
    0xC2, 0x57, 0x01, 0x59, 0x6E, 0x6A, 0xA8, 0x61, 0x68, 0x57, 0xD3, 0x2E, 0x1B, 0xC1, 0x84, 0x9A,
    0x09, 0xF5, 0x22, 0x35, 0xE0, 0x57, 0xBA, 0x44, 0x07, 0x58, 0xFE, 0x9D, 0x40, 0xB1, 0x26, 0xF0,
    0x39, 0xA9, 0x8F, 0x8F, 0xBE, 0x1D, 0xE9, 0xAF, 0xC2, 0xF7, 0x3F, 0x53, 0x34, 0x1A, 0x41, 0x3B,
    0xE7, 0x14, 0x9D, 0x3E, 0xE4, 0x41, 0x0D, 0x56, 0x67, 0x77, 0xB0, 0xEC, 0x07, 0xAD, 0xF1, 0x9D,
    0xD6, 0xE4, 0x78, 0x0F, 0x11, 0xB8, 0x19, 0x8D, 0x01, 0x73, 0xC2, 0x8A, 0x41, 0xB3, 0xF5, 0x34,
    0xFB, 0x1C, 0x60, 0xE5, 0x35, 0x08, 0x6C, 0x0E, 0x4F, 0x48, 0x00, 0x8A, 0xC5, 0x3E, 0x04, 0xE6,
    0x26, 0x74, 0xA9, 0x39, 0x6E, 0xC3, 0xD1, 0x95, 0x91, 0x32, 0x54, 0x50, 0x4B, 0x2E, 0xFD, 0xBC,
    0x99, 0x7E, 0x85, 0xBE, 0x68, 0xC3, 0x4D, 0xCD, 0x58, 0x84, 0xF7, 0x98, 0xB6, 0x6F, 0x91, 0x98,
    0x90, 0x48, 0x38, 0xE4, 0xB0, 0xE6, 0x02, 0x9D, 0x99, 0x49, 0x08, 0x93, 0x3D, 0xB4, 0x55, 0xE9,
    0xFA, 0x62, 0x2C, 0xB0, 0xA2, 0x23, 0xED, 0x41, 0x3C, 0xCB, 0x64, 0x32, 0x16, 0x3A, 0xD1, 0xD7,
    0xCD, 0xB7, 0x74, 0xAD, 0x78, 0x4F, 0xD7, 0x06, 0xDF, 0xD7, 0xB5, 0xF6, 0x48, 0xD7, 0x9A, 0xA7,
    0xBA, 0x86, 0x31, 0x58, 0x32, 0x59, 0x1F, 0x67, 0xA3, 0x59, 0xA5, 0x7F, 0x14, 0x67, 0x17, 0xDF,
    0xC9, 0xE2, 0x55, 0xFC, 0x0C, 0xD6, 0xA3, 0xFA, 0xC0, 0x33, 0x40, 0xD9, 0xBC, 0xF4, 0x42, 0x83,
    0x87, 0x50, 0x63, 0xE6, 0x66, 0xCB, 0xED, 0x57, 0xFA, 0xBE, 0xDD, 0x52, 0xD9, 0x47, 0x96, 0x41,
    0x7C, 0x01, 0xE8, 0x28, 0x3D, 0x81, 0x87, 0x99, 0x5A, 0x39, 0xD9, 0x6B, 0xFE, 0xBC, 0xFA, 0x70,
    0x87, 0x60, 0x81, 0xE6, 0xF7, 0x89, 0x8E, 0x42, 0x99, 0x3C, 0xE3, 0xFC, 0xC2, 0xD8, 0x63, 0x6D,
    0x0F, 0xA5, 0xBD, 0x71, 0x09, 0xEF, 0x2D, 0x81, 0x3E, 0xE4, 0x8F, 0x26, 0x4D, 0x02, 0x79, 0xD6,
    0x09, 0x0E, 0xF7, 0x14, 0x79, 0x10, 0x85, 0x7F, 0x22, 0xFA, 0x2B, 0x11, 0xA0, 0xB6, 0x87, 0x48,
    0x4B, 0xF4, 0x3D, 0x60, 0x28, 0xFD, 0x5B, 0xD2, 0xA7, 0x50, 0xEA, 0x35, 0x06, 0xDF, 0xCB, 0x64,
    0x2F, 0xF9, 0xFA, 0x9C, 0x8E, 0x60, 0x94, 0x3D, 0x78, 0xCD, 0x32, 0x70, 0x57, 0xE0, 0x6D, 0xF8,
    0x5D, 0xE2, 0x7E, 0xF7, 0x3C, 0x49, 0x44, 0x5C, 0xCF, 0x1F, 0x8D, 0x71, 0x1C, 0xD1, 0x29, 0x85,
    0x5F, 0xFA, 0x09, 0x1F, 0x50, 0xF0, 0x6B, 0x8A, 0x05, 0x07, 0xE0, 0xFC, 0x07, 0x93, 0x6C, 0x74,
    0xBE, 0x51, 0x43, 0x0C, 0x5E, 0x89, 0xC7, 0xAC, 0xB8, 0xF3, 0x78, 0x49, 0x91, 0x12, 0x84, 0x7D,
    0x69, 0x83, 0x38, 0xCA, 0xC7, 0xB3, 0xCC, 0xF8, 0x97, 0xAF, 0x50, 0x65, 0x9C, 0x48, 0x64, 0x8F,
    0xA7, 0xF0, 0x23, 0xF2, 0x58, 0xF5, 0xD2, 0x8A, 0x7B, 0x30, 0xF3, 0xE3, 0x0C, 0xA1, 0xE4, 0x80,
    0x81, 0x86, 0x69, 0x79, 0x5B, 0x22, 0xC5, 0xB9, 0xD3, 0x53, 0xB2, 0xCD, 0xF9, 0xF2, 0x9A, 0x89,
    0x1B, 0x67, 0xBA, 0x35, 0xBE, 0x44, 0x19, 0xCE, 0x21, 0xC9, 0x29, 0x9C, 0x7A, 0x54, 0x4A, 0xF2,
    0xBE, 0xCE, 0x66, 0xAD, 0x71, 0x66, 0x96, 0x1C, 0x18, 0x61, 0x3C, 0x34, 0x73, 0x57, 0x37, 0x70,
    0xF5, 0xFA, 0x98, 0x31, 0xE5, 0x10, 0xC4, 0x29, 0x02, 0xFC, 0x6A, 0xA6, 0x7C, 0x1E, 0x26, 0xDA,
    0x75, 0xC2, 0xAB, 0xCC, 0xE4, 0x6C, 0xEA, 0x85, 0x48, 0x64, 0x4F, 0xB0, 0xE1, 0x38, 0x88, 0xA8,
    0x24, 0xC6, 0xB3, 0x50, 0x5B, 0x6E, 0x13, 0xBA, 0x31, 0x66, 0x63, 0xA7, 0x00, 0x1E, 0x9C, 0x6A,
    0xCA, 0x75, 0x30, 0x62, 0x78, 0x80, 0x1B, 0x1F, 0x89, 0x31, 0xEB, 0x57, 0xF9, 0x9D, 0xC1, 0x01,
    0x6F, 0xD0, 0x4B, 0x81, 0x61, 0x7B, 0x87, 0x33, 0xAE, 0x8B, 0xCF, 0xA6, 0xC6, 0x47, 0x61, 0x85,
    0x22, 0x88, 0xD4, 0x3F, 0xF2, 0xDB, 0xCB, 0x67, 0x7E, 0x93, 0x2D, 0x25, 0x3E, 0x2E, 0x9E, 0x3B,
    0x6B, 0x00, 0xB6, 0xC9, 0x1E, 0x62, 0x7B, 0x8A, 0x22, 0x6F, 0x80, 0x6F, 0x10, 0xBD, 0xE3, 0x83,
    0xB0, 0xA9, 0x26, 0x7A, 0x11, 0xEC, 0x19, 0x42, 0x2A, 0x7C, 0x84, 0x94, 0x2F, 0xE4, 0xD9, 0xC1,
    0x1F, 0xE6, 0x54, 0x47, 0xE2, 0x21, 0xB0, 0xB9, 0x55, 0x0C, 0x7B, 0xF6, 0x70, 0x42, 0x99, 0x02,
    0xBA, 0x3E, 0x30, 0x69, 0xD1, 0xCF, 0x0C, 0xA0, 0x15, 0xD4, 0x82, 0xFC, 0xA9, 0x76, 0x40, 0x63,
    0x97, 0x7F, 0x3A, 0x65, 0x52, 0x3C, 0x20, 0xEF, 0x0C, 0xD9, 0x0A, 0x51, 0xE8, 0x68, 0x8C, 0x3C,
    0x65, 0xBF, 0xC1, 0x67, 0x10, 0x6D, 0x48, 0x8B, 0xEF, 0xEA, 0x3B, 0x60, 0x02, 0xE0, 0xE9, 0x80,
    0x9E, 0x0B, 0xE9, 0xC2, 0x50, 0xBA, 0xB0, 0x94, 0x33, 0x6C, 0x59, 0x5B, 0x01, 0x1C, 0x6A, 0xDE,
    0x89, 0x1C, 0x23, 0xCC, 0x12, 0x25, 0xB6, 0x9C, 0xEA, 0xC2, 0x7A, 0xEC, 0x01, 0xAB, 0xA6, 0x92,
    0x66, 0x36, 0xF2, 0xF4, 0x64, 0x55, 0x9D, 0x75, 0x25, 0x3E, 0x2A, 0xD6, 0x7A, 0x4F, 0xFE, 0x68,
    0x46, 0x81, 0xCF, 0x68, 0x77, 0x88, 0x6E, 0xCF, 0xB5, 0xC8, 0x78, 0x59, 0x30, 0x5E, 0x6E, 0x33,
    0x29, 0xF7, 0x78, 0xA9, 0x2E, 0xF0, 0x92, 0x64, 0x75, 0xB9, 0xD1, 0xAE, 0x28, 0xDC, 0xBC, 0xD7,
    0xAB, 0x82, 0xB9, 0x2A, 0x80, 0xE5, 0x0C, 0xE5, 0x1E, 0xC9, 0xB3, 0xCF, 0xE1, 0xB3, 0x87, 0x89,
    0xEC, 0xC6, 0x0A, 0x4A, 0xD5, 0xE1, 0x17, 0x92, 0xFE, 0x41, 0xF4, 0x2F, 0xA2, 0xBB, 0x9E, 0x6C,
    0xDC, 0xF6, 0xC0, 0x73, 0x8F, 0x3E, 0xD4, 0x74, 0x07, 0x8D, 0x47, 0x9B, 0x91, 0x12, 0x6A, 0x6C,
    0xF8, 0xBC, 0xFC, 0x26, 0x1B, 0x06, 0x7B, 0xC2, 0x9C, 0xB0, 0x64, 0x17, 0xC9, 0x7E, 0xF4, 0x4A,
    0x04, 0x86, 0x0F, 0xD4, 0x72, 0xC1, 0x63, 0x30, 0x5F, 0x63, 0xBB, 0x1A, 0xF4, 0xD5, 0x7A, 0x9C,
    0xB2, 0xF7, 0xD9, 0xD7, 0xB9, 0xF4, 0x13, 0x67, 0x82, 0xFC, 0xCC, 0x13, 0xF6, 0x06, 0xD4, 0xD7,
    0xA3, 0x58, 0x0E, 0x60, 0x9B, 0x4C, 0xE8, 0x9D, 0xB7, 0xF2, 0x05, 0xB9, 0xEF, 0xA3, 0x15, 0xB7,
    0xE1, 0xB6, 0xDC, 0x07, 0xF1, 0xA0, 0x11, 0xAB, 0xE3, 0x80, 0xE3, 0x01, 0x40, 0xB9, 0x8A, 0x07,
    0x41, 0x15, 0x0F, 0x72, 0x1B, 0x02, 0xBE, 0x62, 0x9B, 0xC8, 0x5A, 0x45, 0xA2, 0xDF, 0xAA, 0x92,
    0xF8, 0x8A, 0x48, 0xF7, 0x61, 0x92, 0x29, 0xF6, 0x77, 0xA0, 0x4A, 0x82, 0xCB, 0xAE, 0x86, 0x04,
    0xAA, 0x63, 0x77, 0x84, 0xEC, 0xC4, 0xAA, 0xCB, 0x7A, 0x34, 0x9A, 0xFE, 0x2E, 0xE9, 0x13, 0x62,
    0xB5, 0x1D, 0x91, 0x0F, 0xE6, 0xE8, 0x0D, 0x66, 0x31, 0xF0, 0x89, 0x05, 0xBD, 0xB4, 0x30, 0x78,
    0xE2, 0xAC, 0x43, 0x38, 0x9B, 0xCA, 0x9C, 0xDC, 0xD4, 0x0C, 0x7E, 0xF5, 0x7C, 0x82, 0x0D, 0xEF,
    0x5A, 0x3B, 0xE0, 0xC2, 0x3F, 0xD1, 0xD1, 0xAE, 0xD2, 0x92, 0x8B, 0x44, 0x78, 0x32, 0x4F, 0x84,
    0xAF, 0x71, 0x22, 0x5C, 0xBB, 0x9C, 0x08, 0x37, 0x16, 0x89, 0x30, 0xAD, 0x49, 0x84, 0xFD, 0xF1,
    0xED, 0x5C, 0xAE, 0xDE, 0xAC, 0x88, 0xCA, 0x09, 0x88, 0xCA, 0x53, 0x10, 0x15, 0x59, 0x12, 0x95,
    0x19, 0x88, 0xCA, 0x48, 0xC5, 0xD1, 0x67, 0x0C, 0x7A, 0xA6, 0x22, 0x2A, 0x77, 0xAB, 0x4E, 0xDB,
    0x2C, 0x88, 0x8A, 0xC8, 0x99, 0x1B, 0x41, 0xB1, 0x5F, 0xA2, 0x05, 0xB2, 0x52, 0xE0, 0xE0, 0xAC,
    0xCC, 0xAB, 0xF9, 0x49, 0x1F, 0x7C, 0x15, 0x41, 0x0D, 0x1E, 0xFC, 0xAE, 0x37, 0xBC, 0x1A, 0x6B,
    0x3A, 0x18, 0x03, 0x79, 0x6F, 0x1F, 0x1C, 0x8A, 0x77, 0x4B, 0xBE, 0xB3, 0xD7, 0x15, 0xBD, 0x03,
    0x60, 0xB1, 0xA2, 0x2E, 0xCE, 0xE0, 0x38, 0x36, 0x65, 0x66, 0xC7, 0x19, 0xF0, 0x19, 0x04, 0xD9,
    0x6E, 0xB8, 0x2E, 0x03, 0x2E, 0x96, 0xDC, 0xBD, 0x0F, 0xED, 0xB5, 0x74, 0x19, 0x5C, 0x58, 0x7C,
    0x7C, 0x51, 0x2F, 0xE3, 0x36, 0x53, 0x7F, 0xEE, 0x28, 0x35, 0x70, 0xF9, 0x13, 0xF0, 0xF8, 0x29,
    0x5C, 0x40, 0x76, 0xF9, 0x7E, 0x81, 0xAF, 0x17, 0x58, 0xA9, 0x8C, 0x62, 0x29, 0x40, 0x14, 0xCA,
    0x84, 0xF9, 0x4B, 0x4A, 0x99, 0xFA, 0xB2, 0x84, 0x86, 0x6F, 0x15, 0x7C, 0x9E, 0x3F, 0x4B, 0x94,
    0xB1, 0x7B, 0x52, 0x7B, 0xF3, 0x43, 0x00, 0x60, 0xD7, 0xB2, 0xB0, 0x24, 0xCB, 0xF7, 0x01, 0x7C,
    0x1C, 0xEF, 0x20, 0xBA, 0x26, 0x9C, 0xED, 0x4E, 0xAE, 0x94, 0x21, 0x13, 0x3B, 0xAE, 0xB7, 0x50,
    0x2F, 0x97, 0x82, 0xFD, 0x2A, 0x95, 0x5A, 0x04, 0xFB, 0xE5, 0xF4, 0xB5, 0xF7, 0x5C, 0xFA, 0xDA,
    0xA7, 0xDA, 0x11, 0xED, 0x0A, 0xD5, 0x08, 0x81, 0xA6, 0xBB, 0xFE, 0x38, 0x23, 0xDF, 0xEF, 0x2E,
    0x73, 0xA4, 0x77, 0x12, 0x6A, 0xAF, 0xE1, 0x48, 0x54, 0x9F, 0x78, 0xCD, 0xDE, 0xAB, 0x7C, 0x05,
    0x59, 0x69, 0x67, 0x82, 0x28, 0xA0, 0xAF, 0x7B, 0x3F, 0x0C, 0x8A, 0x5B, 0xA5, 0x0F, 0xDE, 0x3F,
    0x2B, 0xFD, 0xAF, 0x25, 0xD7, 0x5F, 0x7A, 0xB1, 0xA5, 0x2F, 0x60, 0xED, 0x8C, 0xDD, 0xF1, 0x73,
    0xC5, 0xB0, 0xF6, 0xCF, 0x39, 0xAC, 0x2D, 0x95, 0xD0, 0xA9, 0xB5, 0x93, 0xF4, 0x17, 0x93, 0xC4,
    0x0C, 0x4A, 0x1B, 0x27, 0x11, 0xCB, 0x93, 0xFC, 0xA5, 0x9A, 0xA4, 0xEE, 0xEC, 0x9A, 0x49, 0x22,
    0x4C, 0x12, 0xF0, 0x05, 0xF5, 0x18, 0x13, 0xA4, 0x67, 0xFE, 0x12, 0x98, 0x04, 0x76, 0x91, 0x60,
    0xA2, 0x6F, 0x98, 0x32, 0xFE, 0x9C, 0xDD, 0x2F, 0x2F, 0xBA, 0x90, 0xA3, 0x77, 0x8C, 0x47, 0x81,
    0x41, 0x25, 0xC7, 0x2C, 0x59, 0xC9, 0xD4, 0x46, 0x14, 0xFC, 0x6D, 0xCE, 0xD4, 0xFE, 0x4C, 0x91,
    0xA0, 0xEB, 0x60, 0x6A, 0x1F, 0x2C, 0x59, 0xDC, 0x13, 0xBE, 0x88, 0x7D, 0xED, 0xAC, 0x18, 0x6B,
    0x80, 0xE1, 0x7B, 0x21, 0x2F, 0x9D, 0xC7, 0xD3, 0x17, 0x70, 0x3A, 0xEF, 0xAB, 0x38, 0xDB, 0x6B,
    0x7C, 0xB5, 0xBC, 0xF6, 0x0E, 0x32, 0x67, 0xF2, 0x34, 0xA6, 0x75, 0x4B, 0x41, 0xEA, 0xAC, 0x96,
    0xA3, 0x65, 0x55, 0x5A, 0x7A, 0x53, 0xB4, 0xCC, 0x1E, 0xCD, 0x5E, 0x78, 0x49, 0x1E, 0x7F, 0x17,
    0xCB, 0xF7, 0x55, 0xE0, 0xCA, 0x2C, 0x85, 0x8E, 0x3C, 0xA6, 0x61, 0xB2, 0xD7, 0xB9, 0xDC, 0x8B,
    0x56, 0x2F, 0xF7, 0xA8, 0xC1, 0x90, 0xD4, 0xE6, 0x0C, 0x1D, 0x4C, 0x65, 0xE9, 0x73, 0x20, 0xA6,
    0x77, 0xE8, 0xED, 0x48, 0xFF, 0x8A, 0xE8, 0x54, 0xE3, 0x0C, 0x4F, 0x1F, 0xF2, 0xFD, 0x2E, 0x9C,
    0x24, 0x18, 0x3D, 0x34, 0x04, 0xFE, 0x86, 0x08, 0x04, 0x5C, 0xA3, 0x24, 0xD2, 0x7D, 0x70, 0xF3,
    0x69, 0x8B, 0xF2, 0xE2, 0x05, 0xB7, 0x1B, 0xC5, 0xEA, 0x7D, 0x32, 0xFF, 0x77, 0xC2, 0x1B, 0x87,
    0x80, 0xBC, 0x8D, 0x8D, 0x7D, 0x73, 0x4E, 0x52, 0xE0, 0x63, 0x67, 0x27, 0xE5, 0xAD, 0x28, 0x22,
    0x6F, 0x24, 0xEB, 0xC4, 0xFF, 0x16, 0xB9, 0x86, 0xF3, 0xCD, 0x4C, 0x66, 0xB1, 0xDE, 0xB6, 0x58,
    0xAC, 0x95, 0x53, 0xDF, 0x3D, 0xA6, 0xA9, 0xDC, 0xE4, 0x6B, 0x2C, 0xA4, 0xD2, 0xE8, 0xB0, 0x4C,
    0x7D, 0x43, 0xC7, 0xD7, 0x39, 0xBF, 0x61, 0x46, 0xF1, 0x07, 0x44, 0xF0, 0xF0, 0xE7, 0xFC, 0x6F,
    0x18, 0x44, 0x09, 0xDA, 0xE6, 0xAA, 0xC6, 0x55, 0x1B, 0xD9, 0x3F, 0xC2, 0x07, 0xBE, 0xC1, 0xAA,
    0xFC, 0x15, 0x5F, 0x0D, 0x38, 0x47, 0xBB, 0x7C, 0xD5, 0xDD, 0xC8, 0x0C, 0xD2, 0xD6, 0x64, 0xDC,
    0x52, 0xE9, 0x81, 0x19, 0x0C, 0x85, 0x6C, 0xF3, 0xF1, 0x06, 0x5F, 0xBB, 0x29, 0xC8, 0x11, 0xE7,
    0x4D, 0x64, 0x41, 0xE2, 0x86, 0xDF, 0x2E, 0x6E, 0xB6, 0x54, 0x6E, 0x70, 0x3E, 0x28, 0xE5, 0x01,
    0xAD, 0x5E, 0xD2, 0x46, 0x1B, 0x2F, 0x69, 0xDF, 0x7C, 0x93, 0x19, 0xED, 0xD6, 0x36, 0x85, 0x93,
    0x57, 0x22, 0xB5, 0xC9, 0xB9, 0x6C, 0xF3, 0xC5, 0x57, 0xFB, 0x10, 0xE9, 0x2E, 0x1B, 0x29, 0xFF,
    0x67, 0x02, 0x48, 0xEE, 0xCB, 0xCE, 0x90, 0x51, 0xAB, 0x5D, 0x97, 0x45, 0xE8, 0x24, 0x74, 0x73,
    0x5C, 0xF7, 0x14, 0xAC, 0x1C, 0xC7, 0x67, 0xFA, 0xC3, 0x58, 0x42, 0x61, 0x7C, 0x33, 0xE6, 0x1D,
    0xB0, 0xFA, 0x67, 0x83, 0xC9, 0x5E, 0xFF, 0xC2, 0x15, 0x7D, 0x3C, 0x60, 0xD3, 0x15, 0x98, 0x5A,
    0x95, 0x76, 0x5F, 0x7C, 0xAE, 0x78, 0x95, 0xB9, 0x9A, 0x0D, 0xAC, 0x4B, 0x86, 0xFB, 0xF3, 0x64,
    0xF8, 0xFF, 0x43, 0xA9, 0xC8, 0x87, 0x99, 0x6A, 0xFB, 0xB6, 0x0E, 0x6A, 0x15, 0x49, 0x30, 0x07,
    0x8C, 0xB5, 0x05, 0xAF, 0x43, 0xD4, 0xB6, 0x70, 0xC6, 0x21, 0x40, 0xB1, 0x0D, 0x7A, 0xD5, 0x80,
    0xBA, 0xEA, 0xAA, 0xC4, 0x0F, 0xBE, 0x0A, 0xDB, 0xC2, 0xAF, 0xAF, 0x60, 0x91, 0xEC, 0x12, 0x4B,
    0xAA, 0xCC, 0x9E, 0x4C, 0x3D, 0xC4, 0xDF, 0x03, 0xF4, 0xA2, 0x04, 0x4F, 0x3C, 0x73, 0xFD, 0xED,
    0x1C, 0x74, 0xDF, 0xAA, 0x52, 0xE6, 0x92, 0xB9, 0x52, 0x80, 0x64, 0x25, 0x41, 0xA0, 0xBD, 0x0E,
    0x23, 0xBF, 0xD5, 0x2D, 0xD5, 0xF9, 0xDF, 0x5C, 0x96, 0xDE, 0x90, 0xF4, 0x63, 0x43, 0x9F, 0x68,
    0x1A, 0xCD, 0x0F, 0xE7, 0x75, 0xD2, 0xF7, 0xFF, 0x00, 0xAD, 0x58, 0xBB, 0x6E, 0x1B, 0x47, 0x14,
    0x3D, 0xBB, 0x4B, 0x71, 0x69, 0x2D, 0xE9, 0x65, 0x21, 0x04, 0x44, 0xAC, 0x57, 0x00, 0x07, 0x50,
    0x21, 0x5A, 0x34, 0x22, 0x20, 0x2A, 0x28, 0x73, 0xEC, 0x20, 0x30, 0x02, 0x04, 0x88, 0x3E, 0x41,
    0x1F, 0x10, 0x04, 0x2A, 0x54, 0x08, 0x89, 0x61, 0x8E, 0xE3, 0x22, 0xAD, 0x92, 0x2F, 0x10, 0x52,
    0x27, 0x80, 0x81, 0xA8, 0x10, 0xE2, 0x07, 0xC7, 0x71, 0x61, 0x20, 0xD5, 0xDA, 0x9D, 0x3B, 0x5A,
    0x45, 0xAA, 0x20, 0xD8, 0x24, 0x2C, 0x68, 0xC4, 0xD6, 0xE6, 0xDC, 0x59, 0xEA, 0x41, 0x59, 0x26,
    0x57, 0xA2, 0xA8, 0x19, 0x81, 0x8F, 0x99, 0x39, 0xE7, 0xDE, 0x39, 0xF7, 0xCE, 0x9D, 0x85, 0xA7,
    0x01, 0xDF, 0x00, 0x41, 0x04, 0x94, 0xDA, 0x40, 0x25, 0x06, 0x16, 0xB7, 0x81, 0xDA, 0x06, 0xB0,
    0x5A, 0x07, 0xA2, 0x65, 0x20, 0xD9, 0x83, 0xA3, 0x43, 0x78, 0x2A, 0x50, 0x1E, 0x7C, 0xDD, 0x68,
    0x37, 0x3A, 0x90, 0x97, 0xAF, 0x80, 0x50, 0xE6, 0x2A, 0x04, 0x5D, 0xD4, 0xAF, 0x60, 0x3D, 0x44,
    0x39, 0x84, 0xD3, 0xC2, 0x95, 0x2F, 0xB0, 0x1D, 0x22, 0x0E, 0xD1, 0x59, 0xC0, 0xC2, 0x77, 0x5C,
    0x1A, 0x4E, 0x04, 0x2F, 0x86, 0x1B, 0xD9, 0x89, 0x32, 0x03, 0x0E, 0x67, 0xBA, 0x0A, 0x07, 0x2B,
    0x05, 0x3A, 0x5D, 0xED, 0x7D, 0x8E, 0xF9, 0x90, 0x4C, 0x6A, 0x64, 0xB2, 0x4A, 0x26, 0x9B, 0x64,
    0x62, 0xEA, 0x70, 0x92, 0x37, 0x1C, 0x3E, 0x0D, 0x0F, 0x21, 0xF2, 0x5C, 0xA0, 0x11, 0x35, 0x39,
    0xC0, 0xAE, 0xB8, 0x66, 0x9B, 0xB6, 0x0B, 0x0F, 0xE1, 0x91, 0x03, 0xC6, 0xA6, 0x80, 0x85, 0x15,
    0xA0, 0xBD, 0x95, 0x62, 0x87, 0xBD, 0xBE, 0x40, 0x0E, 0x1F, 0x13, 0xFF, 0x23, 0xF6, 0x1F, 0x38,
    0xF4, 0x71, 0x4C, 0x8A, 0xA4, 0xAC, 0xB6, 0xE1, 0x25, 0xAF, 0xE1, 0xA3, 0x8E, 0x0B, 0xB8, 0x82,
    0x22, 0x07, 0xB7, 0x74, 0xC2, 0x01, 0x4A, 0x4C, 0xF0, 0xB4, 0xF3, 0x0C, 0xC1, 0x0E, 0x2A, 0x17,
    0x86, 0xC3, 0xE7, 0x64, 0xC4, 0x58, 0x0F, 0x6A, 0x6B, 0x34, 0xF8, 0x45, 0x60, 0x9E, 0xB6, 0xAC,
    0xC3, 0xFD, 0x0B, 0x79, 0xEB, 0x46, 0x77, 0x0F, 0xA1, 0xAF, 0xA7, 0x3C, 0x72, 0x32, 0xCE, 0x7D,
    0x13, 0x7E, 0x62, 0xEA, 0x9E, 0xB4, 0x6A, 0x60, 0x82, 0x97, 0xE9, 0x86, 0x71, 0x3E, 0x1C, 0x8F,
    0x78, 0x2F, 0xB8, 0xC9, 0xEB, 0xE9, 0x57, 0x9E, 0xB8, 0xDE, 0xA4, 0xAE, 0xBF, 0x48, 0xDC, 0xCB,
    0x71, 0xEA, 0xFA, 0x1A, 0x5D, 0xBF, 0x75, 0xAB, 0xE7, 0xFA, 0x3D, 0xF2, 0x98, 0xD9, 0x77, 0xBD,
    0xB6, 0xAE, 0xCF, 0xA7, 0xBA, 0x31, 0xCE, 0x73, 0x95, 0xD1, 0x7C, 0xEC, 0xCC, 0xC2, 0xB9, 0xC9,
    0x9D, 0xB5, 0x2E, 0xD0, 0x23, 0xEF, 0xC0, 0xCC, 0xB7, 0x98, 0x7D, 0x28, 0xC2, 0xCA, 0x8A, 0xEF,
    0x08, 0x0E, 0xD7, 0x5D, 0x9C, 0xEB, 0x99, 0x7E, 0x3E, 0xDA, 0x4F, 0xA5, 0x5D, 0x9A, 0xC4, 0xC4,
    0x58, 0x16, 0x09, 0x1E, 0x0D, 0x05, 0x2E, 0xE2, 0x9A, 0x74, 0x0F, 0x3E, 0x2D, 0x13, 0x90, 0x0E,
    0x69, 0xE8, 0xD1, 0x64, 0xC9, 0x65, 0xA8, 0x8D, 0x7B, 0x28, 0x3F, 0xC6, 0x64, 0x49, 0xC8, 0xF4,
    0x22, 0x6E, 0x30, 0x2B, 0xCE, 0x92, 0x69, 0xA2, 0x29, 0x7C, 0xC6, 0x0F, 0x9B, 0xE7, 0xC0, 0x84,
    0xA0, 0xD6, 0x34, 0x32, 0x29, 0x96, 0xE0, 0x67, 0x64, 0x22, 0xA9, 0x21, 0x4F, 0x04, 0x87, 0xE8,
    0x57, 0x6B, 0xC0, 0x4C, 0x34, 0x72, 0x8A, 0x68, 0xDB, 0xFC, 0xF0, 0xBD, 0x65, 0xD1, 0xC9, 0xC6,
    0x62, 0x5F, 0xAA, 0x4A, 0x7C, 0xB1, 0x99, 0xCA, 0x75, 0x64, 0xA9, 0x96, 0x9D, 0xD3, 0x50, 0x90,
    0x5C, 0xB5, 0x78, 0x39, 0x55, 0xE7, 0x39, 0xAA, 0xB5, 0xEC, 0x8A, 0x2E, 0x32, 0x93, 0x38, 0x54,
    0x6B, 0x92, 0x74, 0x43, 0x2C, 0x85, 0x98, 0xA3, 0xFD, 0x21, 0x51, 0xD8, 0x5C, 0x1D, 0x26, 0xF6,
    0x8D, 0x38, 0xA5, 0x18, 0x62, 0x92, 0x2D, 0xA1, 0xF9, 0x7C, 0x31, 0xC9, 0x36, 0x80, 0xAA, 0x6C,
    0x7B, 0x35, 0xC0, 0xBA, 0xA7, 0xEF, 0x79, 0x26, 0x49, 0xE8, 0x22, 0xB0, 0x91, 0xF1, 0x35, 0x47,
    0xFB, 0x6F, 0x70, 0xB0, 0xBE, 0xD3, 0xB6, 0x6C, 0xAE, 0x91, 0x2A, 0x60, 0x63, 0xF9, 0x04, 0x38,
    0xE7, 0x9D, 0x70, 0x4E, 0x7A, 0x0A, 0xD4, 0x7A, 0xA7, 0xC0, 0x60, 0x50, 0xB7, 0x3D, 0x9B, 0x9F,
    0x5F, 0x29, 0x88, 0x98, 0xFA, 0x51, 0x5C, 0x6B, 0x91, 0x67, 0x51, 0xDC, 0xE3, 0x28, 0xC1, 0x1D,
    0x55, 0xF8, 0x11, 0xE5, 0x6A, 0xCF, 0x6F, 0xC3, 0xEC, 0xCA, 0x61, 0x62, 0x09, 0x8F, 0x94, 0x7B,
    0xC7, 0x9C, 0x0A, 0xC5, 0xA6, 0x84, 0xB6, 0x24, 0x85, 0x5D, 0x78, 0x0F, 0x50, 0xC8, 0x0F, 0xC7,
    0xA2, 0x42, 0xE7, 0x27, 0xE0, 0x3C, 0xC2, 0x69, 0xB1, 0xCA, 0x92, 0x26, 0xB0, 0x04, 0x14, 0xDA,
    0x59, 0xB1, 0x84, 0x1E, 0xC3, 0xA9, 0x5C, 0xC3, 0xC3, 0x4D, 0xF7, 0x86, 0xB2, 0x70, 0x14, 0xCB,
    0x5A, 0x88, 0x9A, 0x28, 0x88, 0x81, 0x97, 0xB6, 0xC4, 0xFE, 0x17, 0xB8, 0xF9, 0x10, 0x75, 0x36,
    0x31, 0xCD, 0xA5, 0x86, 0xE5, 0xC4, 0xC0, 0xAE, 0xF6, 0x76, 0x50, 0x18, 0x1B, 0x04, 0xB7, 0xEC,
    0xDA, 0x9D, 0xEA, 0xAC, 0x38, 0x97, 0x34, 0x26, 0x80, 0xD3, 0x5B, 0x17, 0x3C, 0x57, 0x13, 0x5F,
    0x89, 0x2F, 0xB3, 0x9A, 0xC6, 0x70, 0x6B, 0x9E, 0x84, 0x92, 0x59, 0xEA, 0xA0, 0x92, 0x3B, 0x18,
    0x9F, 0x42, 0xC1, 0xCD, 0xE2, 0xC9, 0x43, 0xE5, 0xE7, 0x10, 0x6A, 0xC7, 0xC8, 0x21, 0x9E, 0x74,
    0x42, 0x9C, 0xFC, 0x97, 0x30, 0x60, 0xA7, 0x19, 0x1C, 0x1E, 0x6C, 0x15, 0x81, 0xD6, 0xB1, 0xDF,
    0x9B, 0xA6, 0xF5, 0xCE, 0xB9, 0xAD, 0x8E, 0x64, 0x80, 0xD0, 0x04, 0x2A, 0xD0, 0xA1, 0xF1, 0x6D,
    0xCD, 0x95, 0x37, 0x0D, 0xE3, 0xF5, 0xFD, 0x35, 0xE2, 0xDE, 0x28, 0xCD, 0x94, 0xC5, 0x4C, 0xB1,
    0x41, 0x93, 0xA6, 0x29, 0x8F, 0x00, 0xDB, 0x4C, 0x25, 0x31, 0xF7, 0xEE, 0x68, 0x97, 0xEF, 0xE4,
    0x37, 0x19, 0x23, 0x63, 0x65, 0x0E, 0x7A, 0xDE, 0x10, 0x77, 0x88, 0x3F, 0xFC, 0x57, 0xA8, 0xFA,
    0x7A, 0xC3, 0x8D, 0x62, 0xC4, 0x07, 0x6D, 0xDD, 0x8D, 0xF8, 0xE5, 0x09, 0xB1, 0x2F, 0x33, 0x70,
    0x89, 0x7D, 0xBC, 0x17, 0x62, 0x67, 0x67, 0x71, 0x3C, 0x1D, 0x0C, 0xE1, 0x51, 0x22, 0x6B, 0x86,
    0xC1, 0x7D, 0x0D, 0x57, 0x6F, 0x8D, 0x88, 0x5D, 0x96, 0x6D, 0x66, 0x5D, 0xF8, 0x0F, 0xBC, 0x9F,
    0xF6, 0x85, 0x30, 0x10, 0x5E, 0x4E, 0xDC, 0x71, 0x71, 0xDA, 0xB9, 0xC0, 0xEF, 0x47, 0x74, 0x9C,
    0x15, 0x9E, 0x45, 0x1E, 0xFB, 0x97, 0xF4, 0xFE, 0x24, 0x29, 0xAC, 0x92, 0x42, 0x34, 0x1A, 0x85,
    0x83, 0x28, 0xFF, 0x5B, 0x67, 0xA4, 0xE0, 0x74, 0x67, 0xE1, 0x06, 0xE9, 0x81, 0x87, 0x06, 0xEB,
    0xA9, 0x67, 0xA3, 0x51, 0x08, 0x9E, 0xD9, 0xC8, 0xE7, 0xCF, 0x3F, 0x67, 0x73, 0x81, 0xF5, 0xBE,
    0x3A, 0x0F, 0xEF, 0xF7, 0xC9, 0xFF, 0x78, 0x3E, 0x38, 0x45, 0x34, 0x30, 0x44, 0x3D, 0x3A, 0x21,
    0x54, 0x0A, 0x73, 0x52, 0x20, 0x52, 0x50, 0xAD, 0x4D, 0xED, 0xAB, 0xAF, 0xB9, 0xFE, 0x8C, 0x90,
    0x52, 0x99, 0x49, 0x5D, 0xB4, 0x5C, 0xF8, 0x21, 0x2A, 0x43, 0x51, 0x1D, 0x6B, 0xFE, 0xAB, 0xD5,
    0xAA, 0x6F, 0xDE, 0xC9, 0x43, 0x6E, 0x66, 0x52, 0x35, 0xDD, 0xE2, 0xBB, 0x60, 0x34, 0xEC, 0xC0,
    0x56, 0x6C, 0xB2, 0xC6, 0xBD, 0x32, 0xCA, 0x19, 0xB0, 0xE5, 0xB5, 0x2C, 0xAE, 0x62, 0xA5, 0x3E,
    0x2E, 0xB5, 0x0E, 0x95, 0xD4, 0xBA, 0xAB, 0x03, 0xD5, 0x3C, 0x53, 0x16, 0x48, 0xEB, 0xBE, 0xB5,
    0x4C, 0x76, 0x3B, 0x71, 0x0E, 0xEE, 0xD4, 0x07, 0x2A, 0xE7, 0xED, 0x8E, 0x66, 0xB3, 0x56, 0x15,
    0x29, 0x13, 0xD2, 0xC3, 0x75, 0xA8, 0xC1, 0x72, 0x25, 0x19, 0xD9, 0xD0, 0x7E, 0xD5, 0x21, 0x23,
    0xF4, 0xA1, 0xDE, 0x5A, 0x9D, 0x46, 0x3B, 0xB4, 0x55, 0xF3, 0xB0, 0x9E, 0x27, 0x81, 0x12, 0x8B,
    0x41, 0x5E, 0xA0, 0x9A, 0x47, 0xEA, 0xF2, 0x5E, 0x69, 0xF9, 0x9E, 0xB3, 0xBA, 0xE0, 0xC6, 0xB6,
    0x7C, 0xEC, 0x6B, 0xC1, 0x8D, 0xD8, 0xED, 0x76, 0xFB, 0x8E, 0x4A, 0x5B, 0x7A, 0xEA, 0xBE, 0x87,
    0x00, 0xAD, 0xF8, 0xEC, 0x2C, 0xD2, 0xDB, 0x70, 0x91, 0xB7, 0x57, 0xF9, 0x24, 0x3C, 0xF2, 0x03,
    0x78, 0xC8, 0x65, 0x27, 0x96, 0x82, 0x7A, 0x8E, 0xA5, 0x26, 0xD3, 0x1E, 0x2A, 0x67, 0xC6, 0xF6,
    0xED, 0x75, 0x60, 0x72, 0x1C, 0x35, 0xBE, 0xE3, 0xCD, 0xBA, 0xD0, 0xF4, 0x4E, 0x00, 0xDE, 0xC7,
    0x7E, 0x65, 0xA1, 0x59, 0xAB, 0x53, 0x54, 0x73, 0xAC, 0xD4, 0x47, 0xC2, 0x16, 0xD7, 0x89, 0xC2,
    0xC7, 0x51, 0xC9, 0x86, 0x7D, 0xE8, 0xF3, 0x39, 0xFA, 0x7C, 0x34, 0xBB, 0x67, 0xAD, 0x19, 0xC5,
    0x23, 0xD8, 0xFE, 0x40, 0xEC, 0x5B, 0x05, 0xE0, 0x69, 0x61, 0x1E, 0xD7, 0xE3, 0xD1, 0x6C, 0x6E,
    0x6B, 0xF7, 0xF2, 0xEF, 0x4E, 0x70, 0xD3, 0x82, 0x8E, 0xD1, 0xE0, 0x99, 0x81, 0x06, 0xCB, 0x45,
    0x3F, 0x05, 0x3C, 0x27, 0x89, 0xDB, 0xEA, 0x24, 0xB3, 0xBB, 0x0F, 0xE4, 0xBE, 0x64, 0xB7, 0x3C,
    0xBD, 0xD4, 0x4A, 0xA8, 0x76, 0x9B, 0x91, 0x6F, 0x4A, 0xCC, 0xF1, 0x45, 0x9A, 0x44, 0xCD, 0xC6,
    0x2C, 0x55, 0x36, 0x78, 0xCD, 0xAC, 0x9B, 0xF4, 0x6A, 0x19, 0xE2, 0xED, 0x9E, 0xC4, 0xF6, 0x91,
    0x53, 0xDB, 0x46, 0xF7, 0xE4, 0x7E, 0x8D, 0xF4, 0xA4, 0x3B, 0x8D, 0xAD, 0x10, 0x26, 0xB8, 0x6E,
    0xBC, 0xDF, 0x94, 0xF7, 0x04, 0xCE, 0x1F, 0x00, 0x35, 0xFE, 0xC0, 0x06, 0x45, 0xCD, 0xEE, 0x94,
    0xC6, 0x9E, 0xC2, 0x43, 0x0E, 0x6E, 0xB3, 0x84, 0x45, 0x85, 0xD5, 0x66, 0x8D, 0x49, 0x67, 0x95,
    0xF0, 0x06, 0xCE, 0x4B, 0x52, 0xFA, 0x97, 0x2B, 0xDD, 0xEE, 0x29, 0xF3, 0x58, 0x77, 0x93, 0xE8,
    0xAD, 0x14, 0xD3, 0x78, 0xF9, 0x26, 0x50, 0x35, 0x5F, 0xAF, 0x79, 0x66, 0xD3, 0x89, 0xE4, 0xA4,
    0xC7, 0x2F, 0x0A, 0xDF, 0xD8, 0xEB, 0x1B, 0x89, 0x55, 0x6C, 0x18, 0x5E, 0x8D, 0xAE, 0x3D, 0x89,
    0x17, 0x6E, 0x44, 0x27, 0x85, 0x3A, 0xED, 0x37, 0xD6, 0x7E, 0x33, 0x79, 0x68, 0xFF, 0x4E, 0x06,
    0xFB, 0x27, 0xEC, 0x23, 0x2C, 0xCF, 0xEE, 0x82, 0x54, 0x0B, 0x68, 0xEE, 0xBE, 0xE6, 0xDD, 0x23,
    0x50, 0x5B, 0x9E, 0x36, 0xDE, 0x63, 0xED, 0x3C, 0x57, 0x62, 0xCC, 0xAF, 0x96, 0x7A, 0xDD, 0xF2,
    0xE0, 0xCA, 0x2B, 0xB8, 0x6D, 0x84, 0x1B, 0x96, 0x39, 0xE7, 0xE9, 0xE7, 0x74, 0x48, 0xA7, 0x7F,
    0x1B, 0x4C, 0xF1, 0x54, 0x34, 0xDC, 0xB6, 0x72, 0xE7, 0x74, 0x2E, 0xE8, 0x3D, 0xBC, 0x6C, 0x3D,
    0xED, 0x56, 0x11, 0xC9, 0x1E, 0xB0, 0xB2, 0xBF, 0x0B, 0xEE, 0x81, 0xFB, 0x02, 0xF8, 0xD3, 0x6E,
    0xC3, 0x7A, 0x8F, 0x00, 0xEB, 0xA1, 0xFF, 0xEC, 0x1E, 0xFC, 0x0F, 0x7D, 0x50, 0x31, 0x6E, 0xC2,
    0x40, 0x10, 0x9C, 0xC3, 0x28, 0x16, 0xB1, 0x63, 0xB7, 0x29, 0x30, 0x6E, 0x28, 0x28, 0xB0, 0x71,
    0x41, 0x99, 0xE4, 0x4E, 0xCA, 0x07, 0xF8, 0x40, 0x24, 0x9E, 0x40, 0x61, 0xA4, 0x54, 0xC1, 0x3D,
    0x0D, 0x52, 0x3E, 0x40, 0x4F, 0x43, 0xE1, 0xC2, 0xA9, 0x72, 0x3F, 0x88, 0xF3, 0x83, 0x7B, 0xC2,
    0x15, 0x14, 0x14, 0x97, 0x38, 0x7B, 0x0E, 0x48, 0x14, 0x51, 0x76, 0xF6, 0x56, 0x7B, 0x73, 0xA3,
    0xBD, 0xD1, 0x36, 0xB2, 0x91, 0xCD, 0x29, 0x1B, 0x63, 0x0F, 0x46, 0x5B, 0x7D, 0x2C, 0x13, 0x1E,
    0xF4, 0xA6, 0xF8, 0xAD, 0xC0, 0xA8, 0xBF, 0x9D, 0xEB, 0xFD, 0xD1, 0x94, 0xCF, 0xC9, 0x80, 0xF3,
    0x20, 0xEC, 0x5D, 0x4F, 0x47, 0xC0, 0x65, 0x0F, 0x7D, 0xCE, 0x2D, 0xBE, 0x77, 0xF2, 0x6D, 0x57,
    0x40, 0x5D, 0x90, 0x94, 0xCA, 0x3E, 0xD9, 0xDC, 0x00, 0xB3, 0xBF, 0xF4, 0xDB, 0x7F, 0xC9, 0x19,
    0x52, 0x90, 0x49, 0xF9, 0x5E, 0xA4, 0xC8, 0x5D, 0x61, 0x42, 0x59, 0x79, 0x45, 0x1E, 0xB9, 0x85,
    0xE1, 0xD4, 0xA6, 0x6E, 0x11, 0x0B, 0x08, 0x60, 0x59, 0x43, 0x02, 0x7B, 0xE5, 0x58, 0x4B, 0xBA,
    0xD7, 0xD6, 0xDB, 0xB6, 0x66, 0x86, 0x1D, 0xF6, 0xEA, 0x75, 0xED, 0x3E, 0x2D, 0x3F, 0xD7, 0xCE,
    0x3A, 0x88, 0x1F, 0x43, 0xE7, 0x23, 0x84, 0xDF, 0xD6, 0x61, 0x5B, 0xE7, 0x1E, 0xF1, 0x90, 0x0E,
    0x69, 0x3A, 0x82, 0x7D, 0xB1, 0x03, 0x83, 0x0D, 0xA5, 0x55, 0x2D, 0x25, 0x94, 0xD2, 0x5A, 0xA9,
    0x9A, 0x5A, 0xBA, 0x50, 0x74, 0x44, 0x80, 0x3B, 0xB2, 0xA6, 0x31, 0x86, 0x0B, 0x46, 0x9F, 0xCF,
    0xA9, 0x0B, 0xE1, 0x48, 0x47, 0x06, 0x98, 0x92, 0xE3, 0x2A, 0x35, 0xDC, 0xF0, 0xE3, 0xA4, 0x4A,
    0xCB, 0x41, 0x1E, 0x2D, 0x6E, 0x32, 0x3F, 0xF3, 0x81, 0x3C, 0x32, 0xBC, 0x1C, 0x00, 0x5D, 0x20,
    0xB3, 0xDB, 0x60, 0x05, 0xC8, 0x2D, 0x59, 0xBD, 0x6D, 0x09, 0x49, 0x83, 0x2D, 0x41, 0xCA, 0xA1,
    0x1D, 0x79, 0x8E, 0x17, 0xC2, 0xAA, 0x58, 0x15, 0x6C, 0xC3, 0x36, 0xA4, 0x6B, 0xC1, 0x34, 0xD3,
    0xB1, 0x8C, 0x65, 0x82, 0x04, 0x7D, 0x42, 0xD7, 0x0E, 0xA5, 0x88, 0x08, 0x9C, 0x60, 0xF9, 0x7B,
    0xA4, 0x5C, 0xF0, 0xAB, 0x9A, 0x23, 0x7B, 0x40, 0x96, 0x62, 0x9F, 0x78, 0x75, 0x34, 0x11, 0xFD,
    0x3E, 0x7C, 0xDF, 0x7E, 0x62, 0xC5, 0xA4, 0x25, 0x69, 0x15, 0x0A, 0x13, 0xD7, 0x86, 0x95, 0x47,
    0xF8, 0x15, 0xFC, 0x12, 0xE3, 0xBC, 0x73, 0x58, 0x78, 0x75, 0xE6, 0x22, 0xB3, 0xFB, 0x3C, 0xED,
    0xBD, 0xF4, 0xC4, 0x0F, 0x4D, 0x50, 0x41, 0x6E, 0xC2, 0x30, 0x10, 0x9C, 0x24, 0x52, 0x29, 0x21,
    0x10, 0x0E, 0xDC, 0x1A, 0x30, 0xAA, 0x7A, 0x88, 0x04, 0x6D, 0xA8, 0xE4, 0x03, 0x15, 0xB4, 0xE4,
    0x0D, 0x7D, 0x41, 0x9F, 0xB0, 0x07, 0xCE, 0x65, 0x9F, 0xD0, 0xFE, 0x20, 0x4F, 0xF0, 0xA1, 0xF7,
    0xEE, 0x13, 0xFC, 0x04, 0x3F, 0xC1, 0x0F, 0xA8, 0x44, 0x17, 0x38, 0xB4, 0x1E, 0xDB, 0x5A, 0xEF,
    0xEE, 0xD8, 0x33, 0x1E, 0x70, 0xDD, 0x59, 0x5A, 0x11, 0xE9, 0xB2, 0x54, 0x77, 0x03, 0x2E, 0x0A,
    0x5C, 0x6F, 0x2B, 0x1D, 0x2F, 0x89, 0x64, 0x92, 0x4B, 0x5F, 0x1E, 0xE5, 0x53, 0x8E, 0x31, 0x91,
    0x44, 0x9A, 0x38, 0xC7, 0x1C, 0x1B, 0x46, 0x00, 0xBD, 0x11, 0x85, 0x86, 0x53, 0x5F, 0x62, 0x09,
    0x8B, 0x8D, 0xDF, 0xBB, 0x15, 0xAD, 0x5D, 0xA9, 0x9D, 0xE8, 0xE0, 0x95, 0xDB, 0xF6, 0x30, 0x42,
    0x85, 0x2D, 0x8C, 0xB7, 0xB4, 0xA7, 0x67, 0x5F, 0xCA, 0x53, 0x24, 0xB2, 0xCE, 0x88, 0x61, 0xDB,
    0x69, 0x44, 0xB3, 0x88, 0x90, 0xC8, 0x0D, 0xC6, 0x48, 0x90, 0xA3, 0x40, 0xAD, 0x37, 0xAD, 0x40,
    0xBA, 0x5B, 0x65, 0x0E, 0x91, 0x01, 0x5A, 0xB3, 0x5A, 0x19, 0x61, 0x80, 0xDE, 0x19, 0xB9, 0xE6,
    0x6B, 0x55, 0x01, 0xDC, 0x7F, 0x61, 0x5A, 0xA1, 0xFA, 0x37, 0x77, 0x3B, 0x18, 0x26, 0x1F, 0xDC,
    0x05, 0xE4, 0x0D, 0x03, 0xEF, 0x4A, 0xFE, 0xC3, 0xB7, 0xE4, 0x61, 0xBD, 0x1F, 0x5B, 0x7D, 0x45,
    0x32, 0x4C, 0xB1, 0xFB, 0x59, 0x70, 0xE7, 0xE1, 0x4B, 0x35, 0xD5, 0xBA, 0x10, 0x17, 0x7C, 0xB1,
    0x7D, 0x2B, 0xAF, 0x6A, 0x25, 0x95, 0x54, 0x4C, 0x9C, 0x60, 0x02, 0xF3, 0x01, 0x1A, 0x5B, 0x4B,
    0xC6, 0x5F, 0xF1, 0x52, 0xC9, 0x47, 0x0E, 0x31, 0x38, 0xD7, 0x35, 0x7C, 0x36, 0x2C, 0x29, 0x67,
    0x2A, 0x71, 0xA8, 0x9F, 0xD1, 0x70, 0xF0, 0xD1, 0x1F, 0xDA, 0x8D, 0x04, 0x1F, 0xFC, 0x81, 0x1B,
    0x76, 0x41, 0x3B, 0xDD, 0x83, 0x9A, 0x4D, 0x65, 0xA6, 0xC2, 0xD1, 0xAF, 0x57, 0x9A, 0x53, 0x81,
    0x75, 0xA1, 0xA7, 0x3B, 0xF5, 0x77, 0x72, 0x97, 0xB5, 0x27, 0xF4, 0x34, 0x2E, 0x34, 0x07, 0xFC,
    0x02, 0x5D, 0x51, 0xB1, 0x6E, 0x13, 0x41, 0x10, 0x7D, 0xB7, 0x8B, 0x72, 0x85, 0x2F, 0xDE, 0x14,
    0x14, 0x14, 0x9C, 0xCF, 0x8A, 0xA8, 0x10, 0x89, 0xFC, 0x01, 0x27, 0x79, 0xF9, 0x02, 0x28, 0x92,
    0x6F, 0xA0, 0x8D, 0x44, 0x0A, 0x0B, 0xA1, 0xB0, 0x74, 0x20, 0xF1, 0x11, 0xD4, 0xD0, 0xB8, 0x70,
    0xBF, 0xE3, 0xD0, 0x50, 0x20, 0x62, 0x84, 0x44, 0xCB, 0xFD, 0x41, 0x16, 0xC9, 0x42, 0x76, 0x94,
    0x64, 0x79, 0x7B, 0xB1, 0x13, 0x99, 0xD5, 0xD3, 0x68, 0x76, 0xE6, 0xCD, 0x68, 0xDE, 0x0C, 0x76,
    0x81, 0x13, 0xA8, 0x5F, 0xB2, 0xFD, 0x3E, 0xD4, 0x5F, 0xED, 0xF1, 0x37, 0x8C, 0x3F, 0x20, 0xBC,
    0xC3, 0x1F, 0xE2, 0x00, 0x7F, 0x0F, 0xF0, 0xAA, 0x6F, 0x87, 0xBB, 0x52, 0xBD, 0x74, 0x7A, 0x09,
    0xD5, 0xC7, 0x56, 0x1F, 0x6A, 0x01, 0x63, 0xB0, 0xD7, 0xB1, 0xB5, 0xB6, 0x35, 0x40, 0xC4, 0x4B,
    0x6C, 0xAF, 0x6D, 0x01, 0x3C, 0x02, 0x7C, 0x94, 0x18, 0xC5, 0x9B, 0x85, 0x79, 0x2A, 0xC6, 0x89,
    0x11, 0xE9, 0xCE, 0xA4, 0x68, 0xC4, 0xC7, 0x79, 0x31, 0x6A, 0x6D, 0x29, 0x85, 0x91, 0x22, 0x97,
    0x42, 0x8B, 0x9F, 0x8A, 0x67, 0xCF, 0x0E, 0x8C, 0x76, 0x46, 0xB1, 0x30, 0xD0, 0x26, 0x9F, 0x11,
    0xC6, 0x71, 0x07, 0xDF, 0xE0, 0x8D, 0x3D, 0xE9, 0xE1, 0x41, 0xB7, 0xB8, 0x4F, 0x98, 0xB2, 0x6F,
    0xF6, 0x07, 0x9D, 0xFD, 0xC1, 0x30, 0x5E, 0xE6, 0x2F, 0x9E, 0xEB, 0x9F, 0x33, 0xFD, 0x45, 0xF4,
    0xA9, 0xA8, 0x53, 0xA7, 0xDE, 0x3A, 0xF0, 0xF9, 0x54, 0x66, 0xA2, 0xD0, 0x56, 0xE7, 0xA8, 0x2B,
    0x4C, 0x0C, 0xC2, 0x1A, 0xAF, 0x2B, 0x54, 0xBF, 0x85, 0x2C, 0x8E, 0x0A, 0xEF, 0xF4, 0x8F, 0x86,
    0xE1, 0x1E, 0x76, 0xF6, 0x52, 0x04, 0x2B, 0x69, 0x11, 0xFC, 0x32, 0xC8, 0x14, 0x09, 0xF0, 0x96,
    0xE3, 0xCD, 0xC2, 0x91, 0x84, 0x81, 0x0B, 0x7D, 0x04, 0x32, 0xEC, 0xD6, 0x1C, 0x65, 0xB0, 0x6B,
    0x07, 0x68, 0x61, 0x22, 0x7C, 0xBB, 0x28, 0x0A, 0xB9, 0x51, 0x94, 0x2C, 0x45, 0x31, 0x32, 0xDF,
    0x14, 0x45, 0xFE, 0x00, 0x2A, 0x5A, 0xA3, 0xA5, 0x56, 0x32, 0xCA, 0x64, 0xB2, 0xEA, 0x81, 0xF0,
    0xF8, 0x63, 0xC8, 0x65, 0xAC, 0x65, 0xC4, 0x94, 0x96, 0x4A, 0x8B, 0xBA, 0x4E, 0xE4, 0xC4, 0xBF,
    0x42, 0xB7, 0xE3, 0x4A, 0x2D, 0xF7, 0xB4, 0x20, 0xB7, 0x49, 0xC2, 0x11, 0xB2, 0x59, 0xD2, 0xC2,
    0x81, 0xEB, 0x8C, 0xD7, 0x91, 0x9E, 0x76, 0xF9, 0x15, 0xC0, 0xFC, 0x02, 0xE5, 0x19, 0xEA, 0x33,
    0x1C, 0x4F, 0x31, 0x16, 0x84, 0x4D, 0x4C, 0xA6, 0x29, 0x55, 0x7E, 0x4F, 0x34, 0x92, 0x09, 0x8E,
    0x8A, 0xF6, 0xFD, 0x2F, 0x76, 0x13, 0xD4, 0x78, 0x78, 0x88, 0xCF, 0x17, 0xC9, 0xFF, 0x74, 0x91,
    0x40, 0x47, 0x71, 0x06, 0x20, 0x77, 0x50, 0x82, 0xAC, 0x69, 0x99, 0xD4, 0x33, 0x6C, 0xBB, 0x85,
    0xB5, 0xEA, 0x27, 0x30, 0x0D, 0x2A, 0x8B, 0xF3, 0x87, 0x69, 0x1B, 0x74, 0x22, 0xC2, 0xB3, 0x74,
    0x93, 0x99, 0xC9, 0x1D, 0x8F, 0xEE, 0xAF, 0x61, 0x72, 0x31, 0x59, 0x73, 0x77, 0x2E, 0x95, 0x52,
    0x71, 0x99, 0xCA, 0x79, 0x94, 0xDB, 0xD5, 0xE9, 0xC1, 0xED, 0x9E, 0x65, 0x85, 0xBC, 0x5D, 0xF2,
    0xB2, 0xED, 0x80, 0x9B, 0x0E, 0x0D, 0x7D, 0xF6, 0x24, 0x99, 0xC8, 0x76, 0xF0, 0x0F, 0x6D, 0x8E,
    0xB1, 0x0D, 0xC2, 0x30, 0x10, 0x45, 0x7F, 0x12, 0x84, 0x25, 0x12, 0xA2, 0x0C, 0x00, 0x51, 0x0A,
    0x8A, 0x14, 0x08, 0x4E, 0x82, 0x22, 0x45, 0x24, 0x3C, 0x02, 0x0D, 0x3D, 0x23, 0xA4, 0x48, 0x41,
    0x99, 0x01, 0x18, 0x82, 0x11, 0x28, 0x18, 0x20, 0x23, 0x78, 0x84, 0x2C, 0x00, 0x62, 0x03, 0xF3,
    0xED, 0x50, 0xC6, 0xD2, 0xB3, 0xEE, 0x7C, 0xFF, 0xFE, 0x37, 0x66, 0x00, 0x4A, 0xF2, 0x00, 0xA2,
    0x0E, 0x48, 0x59, 0x56, 0xC4, 0x5A, 0xDB, 0x57, 0xB8, 0xE8, 0x25, 0xEB, 0x48, 0xF3, 0x32, 0xE4,
    0x48, 0x9C, 0x3E, 0x21, 0x27, 0xF2, 0xE9, 0x11, 0xDD, 0x1B, 0x2C, 0x92, 0x15, 0xCA, 0x44, 0xE1,
    0x9A, 0x04, 0xDA, 0xCF, 0x96, 0x13, 0xB8, 0xBD, 0x39, 0x09, 0x7A, 0x5E, 0x4F, 0xB2, 0x25, 0xB1,
    0xCF, 0xB9, 0x68, 0xC5, 0x84, 0x15, 0xFB, 0x66, 0x9C, 0xAB, 0xBF, 0x7E, 0xCA, 0x87, 0xFE, 0x67,
    0xE6, 0x6C, 0x98, 0x97, 0x32, 0xD7, 0xE5, 0xE3, 0xDD, 0x8F, 0xFF, 0x71, 0x73, 0x56, 0x76, 0xA8,
    0x81, 0x83, 0x86, 0x18, 0x48, 0x0B, 0xC9, 0x21, 0xAA, 0x93, 0x70, 0x28, 0xF0, 0x02, 0x32, 0x0A,
    0xF6, 0xF6, 0x0B, 0x7C, 0xA1, 0x04, 0x6B, 0x41, 0x2B, 0xA1, 0x91, 0xB8, 0x93, 0x1D, 0xE4, 0x86,
    0x22, 0xF3, 0x0A, 0x16, 0x6C, 0xF9, 0x18, 0x18, 0x27, 0x70, 0xB2, 0x48, 0xB8, 0xE2, 0x17, 0x79,
    0x32, 0x5A, 0xD1, 0xD0, 0xD9, 0xE6, 0x3E, 0xC2, 0xB8, 0xB8, 0xDA, 0x47, 0x73, 0xFC, 0x03, 0x95,
    0x91, 0x3D, 0x4E, 0x03, 0x31, 0x10, 0x85, 0xBF, 0xB5, 0x23, 0xAC, 0x90, 0xC0, 0x52, 0xA4, 0x40,
    0x40, 0x08, 0x05, 0x05, 0x42, 0x51, 0x48, 0x41, 0xB1, 0x05, 0x3F, 0x7B, 0x94, 0x1C, 0x21, 0x45,
    0x8A, 0x6D, 0x10, 0xCB, 0x0D, 0x72, 0x04, 0x0A, 0x0A, 0x1A, 0xA4, 0x48, 0xAC, 0x50, 0x0A, 0x90,
    0xCC, 0x0D, 0x0C, 0x27, 0x48, 0xC1, 0x01, 0x56, 0x22, 0x12, 0x29, 0x16, 0x19, 0xDB, 0x2B, 0x24,
    0x5A, 0xAC, 0x67, 0x7B, 0x3C, 0x7E, 0x9E, 0x99, 0x37, 0x6E, 0x2D, 0x69, 0x0C, 0xA0, 0x95, 0x22,
    0x73, 0xA4, 0x56, 0x5F, 0x7A, 0xA0, 0x74, 0x26, 0x75, 0x21, 0xF3, 0x52, 0xA5, 0x65, 0xCC, 0xAC,
    0x4B, 0x96, 0xD1, 0x33, 0x30, 0x81, 0x39, 0x54, 0x44, 0x0F, 0xC8, 0xD8, 0xA3, 0xA9, 0xF2, 0xB6,
    0xD4, 0xDB, 0xC2, 0x1C, 0x46, 0x8B, 0x21, 0xE5, 0x88, 0xC2, 0xDA, 0xCA, 0xE1, 0xD2, 0xDA, 0x6F,
    0xA5, 0x85, 0xF1, 0x53, 0xFE, 0x63, 0x7A, 0xFE, 0xAE, 0x51, 0x1F, 0xC7, 0x77, 0x3B, 0xF7, 0xD6,
    0x96, 0x73, 0x66, 0x67, 0x8C, 0xF7, 0x39, 0xF0, 0xC5, 0x69, 0xA2, 0x05, 0x94, 0x30, 0x06, 0x83,
    0xD0, 0x28, 0xD8, 0xA4, 0xD3, 0x27, 0x19, 0x93, 0x58, 0xBB, 0xB2, 0x76, 0x09, 0xB8, 0x57, 0xD0,
    0x80, 0x21, 0x4C, 0x89, 0x9C, 0x20, 0x68, 0xC2, 0x76, 0x70, 0x68, 0x44, 0xEA, 0x1D, 0x6D, 0x38,
    0x84, 0x11, 0x7E, 0xCC, 0xAB, 0x02, 0xBA, 0xB0, 0x07, 0x7D, 0x48, 0xE0, 0x34, 0x24, 0x70, 0xB8,
    0x75, 0x69, 0x2E, 0x53, 0x2D, 0x6F, 0xB4, 0x78, 0xCD, 0xA3, 0xF7, 0x94, 0x4F, 0x78, 0x84, 0x0B,
    0x38, 0x0F, 0xF4, 0x06, 0xD1, 0x34, 0xBA, 0x8D, 0xBF, 0xE3, 0xE7, 0xA3, 0xDE, 0x64, 0x7D, 0xA8,
    0x16, 0x72, 0x28, 0x96, 0x32, 0x51, 0x2F, 0xEB, 0xF1, 0x73, 0xAF, 0x12, 0x53, 0x31, 0xF5, 0xF1,
    0x55, 0x49, 0xBF, 0xF0, 0x41, 0x67, 0x01, 0xE5, 0x2F, 0x9C, 0x5D, 0x04, 0xB8, 0x9E, 0x66, 0x01,
    0xC9, 0x2F, 0x26, 0xFE, 0x36, 0x33, 0x5C, 0xA7, 0x3E, 0xC0, 0x09, 0xFA, 0xE9, 0x4D, 0x9B, 0xFA,
    0x00, 0xAE, 0xA2, 0xBF, 0x47, 0x04, 0xAC, 0xC1, 0x46, 0xD0, 0x5D, 0x6B, 0xD6, 0xDE, 0x5E, 0x0B,
    0x2A, 0x3B, 0x9E, 0x91, 0xD2, 0xD2, 0x5C, 0xA1, 0x8C, 0x5B, 0xFC, 0xF7, 0xF5, 0x72, 0xA2, 0x55,
    0xBD, 0xE5, 0x75, 0xC3, 0xB6, 0x82, 0x24, 0x47, 0xF0, 0x0C, 0xE5, 0xBA, 0x64, 0x18, 0x20, 0x16,
    0x2E, 0xB5, 0xEF, 0x53, 0xCD, 0xF9, 0x01, 0x63, 0xD8, 0xC7, 0xFE, 0x85, 0x79, 0xBE, 0xCE, 0x0E,
    0x6E, 0x87, 0x12, 0x06, 0x7E, 0x86, 0x0D, 0x40, 0xFC, 0x81, 0xE1, 0xFF, 0xFF, 0xFF, 0x07, 0x40,
    0x34, 0x3E, 0xFC, 0xFF, 0xF9, 0x7F, 0x06, 0x86, 0xFA, 0x06, 0xE6, 0x4B, 0x1F, 0xD8, 0x1D, 0x02,
    0xF8, 0x19, 0x80, 0x62, 0x0C, 0xFB, 0xFF, 0x7F, 0x00, 0xCA, 0x60, 0x45, 0xFB, 0xAF, 0xFF, 0x61,
    0xD8, 0xBF, 0x80, 0xF9, 0xD8, 0x07, 0x6E, 0x07, 0xA8, 0xC8, 0xFF, 0x0F, 0x38, 0x15, 0xFF, 0xBF,
    0xFF, 0x8F, 0x61, 0x1F, 0xFB, 0x0F, 0x06, 0xE6, 0xFB, 0xBA, 0xFA, 0x0C, 0xEC, 0x0E, 0x25, 0x5C,
    0x60, 0x87, 0x81, 0x6D, 0x05, 0xDA, 0xF1, 0xFF, 0x3F, 0x03, 0x58, 0x19, 0x11, 0xC4, 0xFE, 0xE7,
    0x7F, 0xEB, 0x0F, 0x00, 0x8D, 0xFA, 0xC5, 0xC0, 0x3C, 0x5F, 0xD7, 0x9E, 0x01, 0xE8, 0x45, 0x90,
    0xC4, 0x06, 0xA8, 0x2C, 0xD0, 0xA4, 0xF3, 0x44, 0x1B, 0x05, 0xF4, 0xAE, 0xFD, 0x03, 0x00,
};

static const EpdGlyph sourceserif4_10_regularGlyphs[] = {
    { 0, 0, 78, 0, 0, 0, 0 }, // U+0020
    { 3, 14, 96, 2, 14, 11, 0 }, // !
    { 6, 6, 119, 1, 15, 9, 11 }, // "
    { 10, 14, 175, 1, 14, 35, 20 }, // #
    { 9, 17, 167, 1, 15, 39, 55 }, // $
    { 17, 15, 293, 1, 14, 64, 94 }, // %
    { 15, 14, 240, 1, 14, 53, 158 }, // &
    { 2, 6, 61, 1, 15, 3, 211 }, // '
    { 6, 20, 113, 2, 16, 30, 214 }, // (
    { 6, 20, 113, 0, 16, 30, 244 }, // )
    { 10, 8, 146, 0, 15, 20, 274 }, // *
    { 10, 11, 177, 1, 12, 28, 294 }, // +
    { 4, 7, 100, 1, 3, 7, 322 }, // ,
    { 5, 1, 104, 1, 6, 2, 329 }, // -
    { 3, 3, 100, 2, 3, 3, 331 }, // .
    { 7, 18, 110, 0, 15, 32, 334 }, // /
    { 9, 14, 167, 1, 14, 32, 366 }, // 0
    { 8, 14, 142, 1, 14, 28, 398 }, // 1
    { 10, 14, 169, 0, 14, 35, 426 }, // 2
    { 9, 14, 168, 0, 14, 32, 461 }, // 3
    { 10, 14, 166, 1, 14, 35, 493 }, // 4
    { 9, 14, 169, 0, 14, 32, 528 }, // 5
    { 9, 14, 170, 1, 14, 32, 560 }, // 6
    { 9, 14, 160, 1, 14, 32, 592 }, // 7
    { 9, 14, 170, 1, 14, 32, 624 }, // 8
    { 9, 14, 173, 1, 14, 32, 656 }, // 9
    { 3, 10, 100, 2, 10, 8, 688 }, // :
    { 4, 14, 100, 1, 10, 14, 696 }, // ;
    { 9, 11, 177, 1, 12, 25, 710 }, // <
    { 10, 5, 177, 1, 10, 13, 735 }, // =
    { 9, 11, 177, 1, 12, 25, 748 }, // >
    { 6, 15, 139, 1, 15, 23, 773 }, // ?
    { 17, 17, 278, 0, 14, 73, 796 }, // @
    { 14, 14, 221, 0, 14, 49, 869 }, // A
    { 11, 14, 210, 1, 14, 39, 918 }, // B
    { 11, 14, 210, 1, 14, 39, 957 }, // C
    { 13, 14, 237, 1, 14, 46, 996 }, // D
    { 11, 14, 201, 1, 14, 39, 1042 }, // E
    { 11, 14, 193, 1, 14, 39, 1081 }, // F
    { 14, 14, 227, 1, 14, 49, 1120 }, // G
    { 15, 14, 263, 1, 14, 53, 1169 }, // H
    { 6, 14, 124, 1, 14, 21, 1222 }, // I
    { 8, 16, 125, -1, 14, 32, 1243 }, // J
    { 13, 14, 222, 1, 14, 46, 1275 }, // K
    { 11, 14, 199, 1, 14, 39, 1321 }, // L
    { 17, 14, 301, 1, 14, 60, 1360 }, // M
    { 14, 14, 245, 1, 14, 49, 1420 }, // N
    { 13, 14, 236, 1, 14, 46, 1469 }, // O
    { 11, 14, 196, 1, 14, 39, 1515 }, // P
    { 13, 19, 236, 1, 14, 62, 1554 }, // Q
    { 13, 14, 217, 1, 14, 46, 1616 }, // R
    { 9, 14, 171, 1, 14, 32, 1662 }, // S
    { 12, 14, 201, 1, 14, 42, 1694 }, // T
    { 14, 14, 242, 1, 14, 49, 1736 }, // U
    { 14, 14, 225, 0, 14, 49, 1785 }, // V
    { 20, 14, 321, 0, 14, 70, 1834 }, // W
    { 14, 14, 216, 0, 14, 49, 1904 }, // X
    { 14, 14, 211, 0, 14, 49, 1953 }, // Y
    { 11, 14, 184, 1, 14, 39, 2002 }, // Z
    { 5, 18, 107, 2, 15, 23, 2041 }, // [
    { 7, 18, 110, 0, 15, 32, 2064 }, // <backslash>
    { 5, 18, 107, 0, 15, 23, 2096 }, // ]
    { 9, 6, 177, 1, 10, 14, 2119 }, // ^
    { 11, 1, 171, 0, 0, 3, 2133 }, // _
    { 4, 5, 133, 2, 16, 5, 2136 }, // `
    { 10, 10, 170, 1, 10, 25, 2141 }, // a
    { 11, 16, 192, 0, 16, 44, 2166 }, // b
    { 9, 10, 163, 1, 10, 23, 2210 }, // c
    { 11, 16, 189, 1, 16, 44, 2233 }, // d
    { 10, 10, 170, 1, 10, 25, 2277 }, // e
    { 8, 15, 118, 1, 15, 30, 2302 }, // f
    { 10, 15, 173, 1, 10, 38, 2332 }, // g
    { 12, 16, 200, 0, 16, 48, 2370 }, // h
    { 7, 15, 99, 0, 15, 27, 2418 }, // i
    { 7, 20, 92, -2, 15, 35, 2445 }, // j
    { 12, 16, 182, 0, 16, 48, 2480 }, // k
    { 6, 16, 99, 0, 16, 24, 2528 }, // l
    { 18, 10, 300, 0, 10, 45, 2552 }, // m
    { 12, 10, 202, 0, 10, 30, 2597 }, // n
    { 10, 10, 183, 1, 10, 25, 2627 }, // o
    { 11, 15, 194, 0, 10, 42, 2652 }, // p
    { 11, 15, 186, 1, 10, 42, 2694 }, // q
    { 9, 10, 141, 0, 10, 23, 2736 }, // r
    { 7, 10, 145, 1, 10, 18, 2759 }, // s
    { 7, 13, 108, 1, 13, 23, 2777 }, // t
    { 12, 10, 194, 0, 10, 30, 2800 }, // u
    { 11, 10, 168, 0, 10, 28, 2830 }, // v
    { 16, 10, 255, 0, 10, 40, 2858 }, // w
    { 11, 10, 175, 0, 10, 28, 2898 }, // x
    { 11, 15, 171, 0, 10, 42, 2926 }, // y
    { 8, 10, 152, 1, 10, 20, 2968 }, // z
    { 7, 18, 115, 0, 15, 32, 2988 }, // {
    { 2, 20, 97, 2, 15, 10, 3020 }, // |
    { 7, 18, 115, 0, 15, 32, 3030 }, // }
    { 9, 3, 177, 1, 9, 7, 3062 }, // ~
    { 0, 0, 78, 0, 0, 0, 0 }, // U+00A0
    { 3, 15, 96, 2, 10, 12, 0 }, // U+00A1
    { 9, 15, 167, 1, 14, 34, 12 }, // U+00A2
    { 9, 14, 167, 1, 14, 32, 46 }, // U+00A3
    { 9, 9, 167, 1, 11, 21, 78 }, // U+00A4
    { 12, 14, 167, -1, 14, 42, 99 }, // U+00A5
    { 2, 20, 97, 2, 15, 10, 141 }, // U+00A6
    { 9, 16, 164, 1, 14, 36, 151 }, // U+00A7
    { 7, 3, 133, 1, 15, 6, 187 }, // U+00A8
    { 14, 15, 252, 1, 15, 53, 193 }, // U+00A9
    { 8, 7, 117, 0, 16, 14, 246 }, // U+00AA
    { 9, 9, 162, 1, 10, 21, 260 }, // U+00AB
    { 10, 5, 177, 0, 8, 13, 281 }, // U+00AC
    { 5, 1, 104, 1, 6, 2, 294 }, // U+00AD
    { 8, 8, 153, 1, 14, 16, 296 }, // U+00AE
    { 5, 1, 133, 2, 13, 2, 312 }, // U+00AF
    { 5, 5, 109, 1, 14, 7, 314 }, // U+00B0
    { 10, 11, 177, 1, 11, 28, 321 }, // U+00B1
    { 7, 9, 123, 0, 18, 16, 349 }, // U+00B2
    { 7, 9, 123, 0, 18, 16, 365 }, // U+00B3
    { 4, 5, 133, 3, 16, 5, 381 }, // U+00B4
    { 11, 15, 190, 1, 11, 42, 386 }, // U+00B5
    { 11, 17, 199, 1, 14, 47, 428 }, // U+00B6
    { 3, 3, 100, 2, 8, 3, 475 }, // U+00B7
    { 4, 5, 133, 2, 0, 5, 478 }, // U+00B8
    { 6, 9, 123, 1, 18, 14, 483 }, // U+00B9
    { 8, 7, 126, 0, 16, 14, 497 }, // U+00BA
    { 9, 9, 162, 0, 10, 21, 511 }, // U+00BB
    { 16, 15, 283, 1, 14, 60, 532 }, // U+00BC
    { 16, 15, 293, 1, 15, 60, 592 }, // U+00BD
    { 16, 15, 283, 1, 14, 60, 652 }, // U+00BE
    { 6, 15, 139, 1, 10, 23, 712 }, // U+00BF
    { 15, 18, 221, -1, 18, 68, 735 }, // U+00C0
    { 15, 18, 221, 0, 18, 68, 803 }, // U+00C1
    { 14, 18, 221, 0, 18, 63, 871 }, // U+00C2
    { 14, 18, 221, 0, 18, 63, 934 }, // U+00C3
    { 15, 18, 221, -1, 18, 68, 997 }, // U+00C4
    { 14, 19, 221, 0, 19, 67, 1065 }, // U+00C5
    { 19, 14, 307, 0, 14, 67, 1132 }, // U+00C6
    { 11, 19, 210, 1, 14, 53, 1199 }, // U+00C7
    { 11, 18, 201, 1, 18, 50, 1252 }, // U+00C8
    { 11, 18, 201, 1, 18, 50, 1302 }, // U+00C9
    { 11, 18, 201, 1, 18, 50, 1352 }, // U+00CA
    { 11, 18, 201, 1, 18, 50, 1402 }, // U+00CB
    { 6, 18, 124, 1, 18, 27, 1452 }, // U+00CC
    { 6, 18, 124, 1, 18, 27, 1479 }, // U+00CD
    { 8, 18, 124, 0, 18, 36, 1506 }, // U+00CE
    { 6, 18, 124, 1, 18, 27, 1542 }, // U+00CF
    { 13, 14, 237, 1, 14, 46, 1569 }, // U+00D0
    { 14, 18, 245, 1, 18, 63, 1615 }, // U+00D1
    { 13, 19, 236, 1, 19, 62, 1678 }, // U+00D2
    { 13, 19, 236, 1, 19, 62, 1740 }, // U+00D3
    { 13, 18, 236, 1, 18, 59, 1802 }, // U+00D4
    { 13, 18, 236, 1, 18, 59, 1861 }, // U+00D5
    { 13, 18, 236, 1, 18, 59, 1920 }, // U+00D6
    { 11, 10, 177, 0, 12, 28, 1979 }, // U+00D7
    { 13, 16, 236, 1, 15, 52, 2007 }, // U+00D8
    { 14, 19, 242, 1, 19, 67, 2059 }, // U+00D9
    { 14, 19, 242, 1, 19, 67, 2126 }, // U+00DA
    { 14, 18, 242, 1, 18, 63, 2193 }, // U+00DB
    { 14, 18, 242, 1, 18, 63, 2256 }, // U+00DC
    { 14, 18, 211, 0, 18, 63, 2319 }, // U+00DD
    { 11, 14, 204, 1, 14, 39, 2382 }, // U+00DE
    { 12, 15, 197, 0, 15, 45, 2421 }, // U+00DF
    { 10, 16, 170, 1, 16, 40, 2466 }, // U+00E0
    { 10, 16, 170, 1, 16, 40, 2506 }, // U+00E1
    { 10, 15, 170, 1, 15, 38, 2546 }, // U+00E2
    { 10, 15, 170, 1, 15, 38, 2584 }, // U+00E3
    { 10, 15, 170, 0, 15, 38, 2622 }, // U+00E4
    { 10, 16, 170, 1, 16, 40, 2660 }, // U+00E5
    { 16, 10, 262, 1, 10, 40, 2700 }, // U+00E6
    { 9, 15, 163, 1, 10, 34, 2740 }, // U+00E7
    { 10, 16, 170, 1, 16, 40, 2774 }, // U+00E8
    { 10, 16, 170, 1, 16, 40, 2814 }, // U+00E9
    { 10, 15, 170, 1, 15, 38, 2854 }, // U+00EA
    { 10, 15, 170, 1, 15, 38, 2892 }, // U+00EB
    { 6, 16, 99, 1, 16, 24, 2930 }, // U+00EC
    { 6, 16, 99, 0, 16, 24, 2954 }, // U+00ED
    { 8, 15, 99, -1, 15, 30, 2978 }, // U+00EE
    { 6, 15, 99, 0, 15, 23, 3008 }, // U+00EF
    { 9, 16, 182, 1, 16, 36, 3031 }, // U+00F0
    { 12, 15, 202, 0, 15, 45, 3067 }, // U+00F1
    { 10, 16, 183, 1, 16, 40, 3112 }, // U+00F2
    { 10, 16, 183, 1, 16, 40, 3152 }, // U+00F3
    { 10, 15, 183, 1, 15, 38, 3192 }, // U+00F4
    { 10, 15, 183, 1, 15, 38, 3230 }, // U+00F5
    { 10, 15, 183, 1, 15, 38, 3268 }, // U+00F6
    { 10, 11, 177, 1, 12, 28, 3306 }, // U+00F7
    { 10, 12, 183, 1, 11, 30, 3334 }, // U+00F8
    { 12, 16, 194, 0, 16, 48, 3364 }, // U+00F9
    { 12, 16, 194, 0, 16, 48, 3412 }, // U+00FA
    { 12, 15, 194, 0, 15, 45, 3460 }, // U+00FB
    { 12, 15, 194, 0, 15, 45, 3505 }, // U+00FC
    { 11, 21, 171, 0, 16, 58, 3550 }, // U+00FD
    { 11, 21, 185, 0, 16, 58, 3608 }, // U+00FE
    { 12, 20, 171, 0, 15, 60, 3666 }, // U+00FF
    { 14, 17, 221, 0, 17, 60, 0 }, // U+0100
    { 10, 14, 170, 1, 14, 35, 60 }, // U+0101
    { 14, 18, 221, 0, 18, 63, 95 }, // U+0102
    { 10, 15, 170, 1, 15, 38, 158 }, // U+0103
    { 15, 19, 221, -1, 14, 72, 196 }, // U+0104
    { 10, 15, 170, 1, 10, 38, 268 }, // U+0105
    { 11, 19, 210, 1, 19, 53, 306 }, // U+0106
    { 9, 16, 163, 1, 16, 36, 359 }, // U+0107
    { 11, 18, 210, 1, 18, 50, 395 }, // U+0108
    { 9, 15, 163, 1, 15, 34, 445 }, // U+0109
    { 11, 18, 210, 1, 18, 50, 479 }, // U+010A
    { 9, 15, 163, 1, 15, 34, 529 }, // U+010B
    { 11, 19, 210, 1, 19, 53, 563 }, // U+010C
    { 9, 16, 163, 1, 16, 36, 616 }, // U+010D
    { 13, 18, 237, 1, 18, 59, 652 }, // U+010E
    { 13, 15, 193, 1, 15, 49, 711 }, // U+010F
    { 13, 14, 237, 1, 14, 46, 760 }, // U+0110
    { 11, 16, 189, 1, 16, 44, 806 }, // U+0111
    { 11, 17, 201, 1, 17, 47, 850 }, // U+0112
    { 10, 14, 170, 1, 14, 35, 897 }, // U+0113
    { 11, 18, 201, 1, 18, 50, 932 }, // U+0114
    { 10, 15, 170, 1, 15, 38, 982 }, // U+0115
    { 11, 18, 201, 1, 18, 50, 1020 }, // U+0116
    { 10, 15, 170, 1, 15, 38, 1070 }, // U+0117
    { 11, 19, 201, 1, 14, 53, 1108 }, // U+0118
    { 9, 15, 170, 1, 10, 34, 1161 }, // U+0119
    { 11, 18, 201, 1, 18, 50, 1195 }, // U+011A
    { 10, 16, 170, 1, 16, 40, 1245 }, // U+011B
    { 14, 18, 227, 1, 18, 63, 1285 }, // U+011C
    { 10, 20, 173, 1, 15, 50, 1348 }, // U+011D
    { 14, 18, 227, 1, 18, 63, 1398 }, // U+011E
    { 10, 20, 173, 1, 15, 50, 1461 }, // U+011F
    { 14, 18, 227, 1, 18, 63, 1511 }, // U+0120
    { 10, 20, 173, 1, 15, 50, 1574 }, // U+0121
    { 14, 19, 227, 1, 14, 67, 1624 }, // U+0122
    { 10, 21, 173, 1, 16, 53, 1691 }, // U+0123
    { 15, 18, 263, 1, 18, 68, 1744 }, // U+0124
    { 12, 19, 200, 0, 19, 57, 1812 }, // U+0125
    { 17, 14, 263, 0, 14, 60, 1869 }, // U+0126
    { 12, 16, 200, 0, 16, 48, 1929 }, // U+0127
    { 8, 18, 124, 0, 18, 36, 1977 }, // U+0128
    { 8, 15, 99, -1, 15, 30, 2013 }, // U+0129
    { 8, 17, 124, 0, 17, 34, 2043 }, // U+012A
    { 5, 14, 99, 1, 14, 18, 2077 }, // U+012B
    { 6, 19, 124, 1, 14, 29, 2095 }, // U+012E
    { 7, 20, 99, 0, 15, 35, 2124 }, // U+012F
    { 7, 18, 124, 0, 18, 32, 2159 }, // U+0130
    { 6, 10, 99, 0, 10, 15, 2191 }, // U+0131
    { 9, 20, 125, -1, 18, 45, 2206 }, // U+0134
    { 9, 20, 92, -2, 15, 45, 2251 }, // U+0135
    { 14, 20, 222, 1, 14, 70, 2296 }, // U+0136
    { 11, 22, 182, 0, 16, 61, 2366 }, // U+0137
    { 12, 11, 182, 0, 11, 33, 2427 }, // U+0138
    { 11, 18, 199, 1, 18, 50, 2460 }, // U+0139
    { 6, 19, 99, 0, 19, 29, 2510 }, // U+013A
    { 11, 20, 199, 1, 14, 55, 2539 }, // U+013B
    { 6, 22, 99, 0, 16, 33, 2594 }, // U+013C
    { 11, 14, 199, 1, 14, 39, 2627 }, // U+013D
    { 8, 15, 100, 0, 15, 30, 2666 }, // U+013E
    { 11, 14, 199, 1, 14, 39, 2696 }, // U+013F
    { 8, 16, 99, 0, 16, 32, 2735 }, // U+0140
    { 11, 14, 199, 1, 14, 39, 2767 }, // U+0141
    { 6, 16, 99, 0, 16, 24, 2806 }, // U+0142
    { 14, 18, 245, 1, 18, 63, 2830 }, // U+0143
    { 12, 16, 202, 0, 16, 48, 2893 }, // U+0144
    { 14, 20, 245, 1, 14, 70, 2941 }, // U+0145
    { 12, 16, 202, 0, 10, 48, 3011 }, // U+0146
    { 14, 18, 245, 1, 18, 63, 3059 }, // U+0147
    { 12, 15, 202, 0, 15, 45, 3122 }, // U+0148
    { 16, 15, 259, 0, 15, 60, 3167 }, // U+0149
    { 14, 17, 245, 1, 14, 60, 3227 }, // U+014A
    { 10, 15, 202, 0, 10, 38, 3287 }, // U+014B
    { 13, 17, 236, 1, 17, 56, 3325 }, // U+014C
    { 10, 14, 183, 1, 14, 35, 3381 }, // U+014D
    { 13, 18, 236, 1, 18, 59, 3416 }, // U+014E
    { 10, 15, 183, 1, 15, 38, 3475 }, // U+014F
    { 13, 19, 236, 1, 19, 62, 3513 }, // U+0150
    { 10, 16, 183, 1, 16, 40, 3575 }, // U+0151
    { 18, 14, 313, 1, 14, 63, 3615 }, // U+0152
    { 17, 10, 291, 1, 10, 43, 3678 }, // U+0153
    { 13, 18, 217, 1, 18, 59, 3721 }, // U+0154
    { 9, 16, 141, 0, 16, 36, 3780 }, // U+0155
    { 13, 20, 217, 1, 14, 65, 3816 }, // U+0156
    { 9, 16, 141, 0, 10, 36, 3881 }, // U+0157
    { 13, 18, 217, 1, 18, 59, 3917 }, // U+0158
    { 9, 15, 141, 0, 15, 34, 3976 }, // U+0159
    { 9, 18, 171, 1, 18, 41, 4010 }, // U+015A
    { 7, 16, 145, 1, 16, 28, 4051 }, // U+015B
    { 9, 18, 171, 1, 18, 41, 4079 }, // U+015C
    { 7, 15, 145, 1, 15, 27, 4120 }, // U+015D
    { 9, 19, 171, 1, 14, 43, 4147 }, // U+015E
    { 7, 15, 145, 1, 10, 27, 4190 }, // U+015F
    { 9, 19, 171, 1, 19, 43, 4217 }, // U+0160
    { 7, 16, 145, 1, 16, 28, 4260 }, // U+0161
    { 12, 19, 201, 1, 14, 57, 4288 }, // U+0162
    { 7, 17, 108, 1, 12, 30, 4345 }, // U+0163
    { 12, 18, 201, 1, 18, 54, 4375 }, // U+0164
    { 7, 15, 108, 1, 15, 27, 4429 }, // U+0165
    { 14, 18, 242, 1, 18, 63, 4456 }, // U+0168
    { 12, 15, 194, 0, 15, 45, 4519 }, // U+0169
    { 14, 17, 242, 1, 17, 60, 4564 }, // U+016A
    { 12, 14, 194, 0, 14, 42, 4624 }, // U+016B
    { 14, 18, 242, 1, 18, 63, 4666 }, // U+016C
    { 12, 15, 194, 0, 15, 45, 4729 }, // U+016D
    { 14, 19, 242, 1, 19, 67, 4774 }, // U+016E
    { 12, 16, 194, 0, 16, 48, 4841 }, // U+016F
    { 14, 19, 242, 1, 19, 67, 4889 }, // U+0170
    { 12, 16, 194, 0, 16, 48, 4956 }, // U+0171
    { 14, 19, 242, 1, 14, 67, 5004 }, // U+0172
    { 12, 15, 194, 0, 10, 45, 5071 }, // U+0173
    { 20, 18, 321, 0, 18, 90, 5116 }, // U+0174
    { 16, 15, 255, 0, 15, 60, 5206 }, // U+0175
    { 14, 18, 211, 0, 18, 63, 5266 }, // U+0176
    { 11, 20, 171, 0, 15, 55, 5329 }, // U+0177
    { 14, 18, 211, 0, 18, 63, 5384 }, // U+0178
    { 11, 18, 184, 1, 18, 50, 5447 }, // U+0179
    { 8, 16, 152, 1, 16, 32, 5497 }, // U+017A
    { 11, 18, 184, 1, 18, 50, 5529 }, // U+017B
    { 8, 15, 152, 1, 15, 30, 5579 }, // U+017C
    { 11, 18, 184, 1, 18, 50, 5609 }, // U+017D
    { 8, 15, 152, 1, 15, 30, 5659 }, // U+017E
    { 9, 15, 115, 0, 15, 34, 5689 }, // U+017F
    { 13, 17, 236, 1, 17, 56, 0 }, // U+01A0
    { 10, 13, 183, 1, 13, 33, 56 }, // U+01A1
    { 15, 17, 242, 1, 17, 64, 89 }, // U+01AF
    { 12, 14, 194, 0, 14, 42, 153 }, // U+01B0
    { 14, 18, 221, 0, 18, 63, 195 }, // U+01CD
    { 10, 16, 170, 1, 16, 40, 258 }, // U+01CE
    { 6, 18, 124, 1, 18, 27, 298 }, // U+01CF
    { 7, 15, 99, -1, 15, 27, 325 }, // U+01D0
    { 13, 19, 236, 1, 19, 62, 352 }, // U+01D1
    { 10, 16, 183, 1, 16, 40, 414 }, // U+01D2
    { 14, 19, 242, 1, 19, 67, 454 }, // U+01D3
    { 12, 16, 194, 0, 16, 48, 521 }, // U+01D4
    { 14, 20, 242, 1, 20, 70, 569 }, // U+01D5
    { 12, 16, 194, 0, 16, 48, 639 }, // U+01D6
    { 14, 21, 242, 1, 21, 74, 687 }, // U+01D7
    { 12, 18, 194, 0, 18, 54, 761 }, // U+01D8
    { 14, 21, 242, 1, 21, 74, 815 }, // U+01D9
    { 12, 18, 194, 0, 18, 54, 889 }, // U+01DA
    { 14, 21, 242, 1, 21, 74, 943 }, // U+01DB
    { 12, 18, 194, 0, 18, 54, 1017 }, // U+01DC
    { 14, 19, 227, 1, 19, 67, 1071 }, // U+01E6
    { 10, 20, 173, 1, 15, 50, 1138 }, // U+01E7
    { 14, 18, 245, 1, 18, 63, 1188 }, // U+01F8
    { 12, 16, 202, 0, 16, 48, 1251 }, // U+01F9
    { 9, 19, 171, 1, 14, 43, 1299 }, // U+0218
    { 7, 16, 145, 1, 10, 28, 1342 }, // U+0219
    { 12, 20, 201, 1, 14, 60, 1370 }, // U+021A
    { 7, 19, 108, 1, 13, 34, 1430 }, // U+021B
    { 4, 5, 0, -3, 16, 5, 0 }, // U+0300
    { 4, 5, 0, -1, 16, 5, 5 }, // U+0301
    { 8, 5, 0, -4, 15, 10, 10 }, // U+0302
    { 8, 3, 0, -4, 15, 6, 20 }, // U+0303
    { 5, 1, 0, -2, 13, 2, 26 }, // U+0304
    { 8, 3, 0, -4, 15, 6, 28 }, // U+0306
    { 3, 3, 0, -1, 15, 3, 34 }, // U+0307
    { 7, 3, 0, -3, 15, 6, 37 }, // U+0308
    { 3, 5, 0, -1, 16, 4, 43 }, // U+0309
    { 4, 4, 0, -2, 15, 4, 47 }, // U+030A
    { 7, 5, 0, -3, 15, 9, 51 }, // U+030B
    { 6, 4, 0, -3, 16, 6, 60 }, // U+030C
    { 3, 5, 0, 0, 14, 4, 66 }, // U+031B
    { 3, 3, 0, -1, -1, 3, 70 }, // U+0323
    { 7, 3, 0, -3, -1, 6, 73 }, // U+0324
    { 3, 5, 0, -2, -1, 4, 79 }, // U+0326
    { 4, 5, 0, -2, 0, 5, 83 }, // U+0327
    { 5, 6, 0, -3, 1, 8, 88 }, // U+0328
    { 2, 4, 0, -1, -1, 2, 96 }, // U+0329
    { 8, 3, 0, -4, -1, 6, 98 }, // U+032E
    { 5, 1, 0, -2, -2, 2, 104 }, // U+0331
    { 11, 18, 201, 1, 18, 50, 0 }, // U+0400
    { 11, 18, 201, 1, 18, 50, 50 }, // U+0401
    { 13, 15, 234, 1, 14, 49, 100 }, // U+0402
    { 10, 18, 187, 1, 18, 45, 149 }, // U+0403
    { 11, 14, 205, 1, 14, 39, 194 }, // U+0404
    { 9, 14, 171, 1, 14, 32, 233 }, // U+0405
    { 6, 14, 124, 1, 14, 21, 265 }, // U+0406
    { 6, 18, 124, 1, 18, 27, 286 }, // U+0407
    { 8, 16, 125, -1, 14, 32, 313 }, // U+0408
    { 18, 14, 298, 0, 14, 63, 345 }, // U+0409
    { 20, 14, 334, 1, 14, 70, 408 }, // U+040A
    { 16, 14, 252, 0, 14, 56, 478 }, // U+040B
    { 13, 18, 218, 1, 18, 59, 534 }, // U+040C
    { 15, 18, 266, 1, 18, 68, 593 }, // U+040D
    { 14, 19, 223, 0, 18, 67, 661 }, // U+040E
    { 14, 19, 256, 1, 14, 67, 728 }, // U+040F
    { 14, 14, 221, 0, 14, 49, 795 }, // U+0410
    { 11, 14, 206, 1, 14, 39, 844 }, // U+0411
    { 11, 14, 210, 1, 14, 39, 883 }, // U+0412
    { 10, 14, 187, 1, 14, 35, 922 }, // U+0413
    { 13, 19, 230, 1, 14, 62, 957 }, // U+0414
    { 11, 14, 201, 1, 14, 39, 1019 }, // U+0415
    { 20, 14, 306, 0, 14, 70, 1058 }, // U+0416
    { 10, 14, 183, 0, 14, 35, 1128 }, // U+0417
    { 15, 14, 266, 1, 14, 53, 1163 }, // U+0418
    { 15, 18, 266, 1, 18, 68, 1216 }, // U+0419
    { 13, 14, 218, 1, 14, 46, 1284 }, // U+041A
    { 14, 14, 231, 0, 14, 49, 1330 }, // U+041B
    { 17, 14, 301, 1, 14, 60, 1379 }, // U+041C
    { 15, 14, 263, 1, 14, 53, 1439 }, // U+041D
    { 13, 14, 236, 1, 14, 46, 1492 }, // U+041E
    { 14, 14, 258, 1, 14, 49, 1538 }, // U+041F
    { 11, 14, 196, 1, 14, 39, 1587 }, // U+0420
    { 11, 14, 210, 1, 14, 39, 1626 }, // U+0421
    { 12, 14, 201, 1, 14, 42, 1665 }, // U+0422
    { 14, 15, 223, 0, 14, 53, 1707 }, // U+0423
    { 14, 14, 240, 1, 14, 49, 1760 }, // U+0424
    { 14, 14, 216, 0, 14, 49, 1809 }, // U+0425
    { 15, 18, 256, 1, 14, 68, 1858 }, // U+0426
    { 13, 14, 234, 0, 14, 46, 1926 }, // U+0427
    { 20, 14, 348, 1, 14, 70, 1972 }, // U+0428
    { 20, 18, 348, 1, 14, 90, 2042 }, // U+0429
    { 14, 14, 232, 0, 14, 49, 2132 }, // U+042A
    { 17, 14, 305, 1, 14, 60, 2181 }, // U+042B
    { 11, 14, 203, 1, 14, 39, 2241 }, // U+042C
    { 11, 14, 204, 0, 14, 39, 2280 }, // U+042D
    { 19, 14, 332, 1, 14, 67, 2319 }, // U+042E
    { 13, 14, 214, 0, 14, 46, 2386 }, // U+042F
    { 10, 10, 170, 1, 10, 25, 2432 }, // U+0430
    { 9, 16, 181, 1, 16, 36, 2457 }, // U+0431
    { 10, 10, 172, 0, 10, 25, 2493 }, // U+0432
    { 9, 10, 149, 0, 10, 23, 2518 }, // U+0433
    { 11, 14, 189, 1, 10, 39, 2541 }, // U+0434
    { 10, 10, 170, 1, 10, 25, 2580 }, // U+0435
    { 16, 11, 253, 0, 11, 44, 2605 }, // U+0436
    { 8, 10, 143, 1, 10, 20, 2649 }, // U+0437
    { 13, 10, 215, 0, 10, 33, 2669 }, // U+0438
    { 13, 15, 215, 0, 15, 49, 2702 }, // U+0439
    { 11, 11, 184, 0, 11, 31, 2751 }, // U+043A
    { 12, 10, 192, -1, 10, 30, 2782 }, // U+043B
    { 15, 10, 247, 0, 10, 38, 2812 }, // U+043C
    { 12, 10, 211, 0, 10, 30, 2850 }, // U+043D
    { 10, 10, 183, 1, 10, 25, 2880 }, // U+043E
    { 12, 10, 209, 0, 10, 30, 2905 }, // U+043F
    { 11, 15, 194, 0, 10, 42, 2935 }, // U+0440
    { 9, 10, 163, 1, 10, 23, 2977 }, // U+0441
    { 10, 10, 176, 1, 10, 25, 3000 }, // U+0442
    { 11, 15, 171, 0, 10, 42, 3025 }, // U+0443
    { 14, 20, 245, 1, 15, 70, 3067 }, // U+0444
    { 11, 10, 175, 0, 10, 28, 3137 }, // U+0445
    { 12, 13, 207, 0, 10, 39, 3165 }, // U+0446
    { 12, 10, 185, -1, 10, 30, 3204 }, // U+0447
    { 18, 10, 285, 0, 10, 45, 3234 }, // U+0448
    { 17, 13, 286, 0, 10, 56, 3279 }, // U+0449
    { 12, 10, 205, 1, 10, 30, 3335 }, // U+044A
    { 15, 10, 250, 0, 10, 38, 3365 }, // U+044B
    { 10, 10, 168, 0, 10, 25, 3403 }, // U+044C
    { 9, 10, 160, 0, 10, 23, 3428 }, // U+044D
    { 15, 10, 267, 0, 10, 38, 3451 }, // U+044E
    { 11, 10, 177, -1, 10, 28, 3489 }, // U+044F
    { 10, 16, 170, 1, 16, 40, 3517 }, // U+0450
    { 10, 15, 170, 1, 15, 38, 3557 }, // U+0451
    { 10, 19, 178, 0, 16, 48, 3595 }, // U+0452
    { 9, 16, 149, 0, 16, 36, 3643 }, // U+0453
    { 9, 10, 163, 1, 10, 23, 3679 }, // U+0454
    { 7, 10, 145, 1, 10, 18, 3702 }, // U+0455
    { 7, 15, 99, 0, 15, 27, 3720 }, // U+0456
    { 6, 15, 99, 0, 15, 23, 3747 }, // U+0457
    { 7, 20, 92, -2, 15, 35, 3770 }, // U+0458
    { 16, 10, 251, -1, 10, 40, 3805 }, // U+0459
    { 16, 10, 273, 0, 10, 40, 3845 }, // U+045A
    { 12, 16, 200, 0, 16, 48, 3885 }, // U+045B
    { 11, 16, 184, 0, 16, 44, 3933 }, // U+045C
    { 13, 16, 215, 0, 16, 52, 3977 }, // U+045D
    { 12, 20, 171, 0, 15, 60, 4029 }, // U+045E
    { 12, 14, 211, 0, 10, 42, 4089 }, // U+045F
    { 14, 15, 234, 0, 15, 53, 4131 }, // U+0462
    { 11, 14, 202, 1, 14, 39, 4184 }, // U+0463
    { 13, 14, 236, 1, 14, 46, 4223 }, // U+0472
    { 10, 10, 183, 1, 10, 25, 4269 }, // U+0473
    { 15, 14, 227, 0, 14, 53, 4294 }, // U+0474
    { 12, 10, 177, -1, 10, 30, 4347 }, // U+0475
    { 10, 17, 187, 1, 17, 43, 4377 }, // U+0490
    { 9, 13, 151, 0, 13, 30, 4420 }, // U+0491
    { 10, 14, 187, 1, 14, 35, 4450 }, // U+0492
    { 9, 10, 149, 0, 10, 23, 4485 }, // U+0493
    { 20, 18, 306, 0, 14, 90, 4508 }, // U+0496
    { 16, 14, 253, 0, 11, 56, 4598 }, // U+0497
    { 10, 19, 183, 0, 14, 48, 4654 }, // U+0498
    { 8, 15, 143, 0, 10, 30, 4702 }, // U+0499
    { 13, 18, 218, 1, 14, 59, 4732 }, // U+049A
    { 11, 14, 184, 0, 11, 39, 4791 }, // U+049B
    { 16, 14, 250, 0, 14, 56, 4830 }, // U+04A0
    { 13, 11, 216, 1, 11, 36, 4886 }, // U+04A1
    { 15, 18, 263, 1, 14, 68, 4922 }, // U+04A2
    { 12, 13, 212, 0, 10, 39, 4990 }, // U+04A3
    { 11, 19, 210, 1, 14, 53, 5029 }, // U+04AA
    { 9, 15, 163, 1, 10, 34, 5082 }, // U+04AB
    { 14, 14, 211, 0, 14, 49, 5116 }, // U+04AE
    { 12, 15, 172, -1, 10, 45, 5165 }, // U+04AF
    { 14, 14, 211, 0, 14, 49, 5210 }, // U+04B0
    { 12, 15, 172, -1, 10, 45, 5259 }, // U+04B1
    { 14, 18, 216, -1, 14, 63, 5304 }, // U+04B2
    { 11, 13, 175, 0, 10, 36, 5367 }, // U+04B3
    { 14, 18, 234, 0, 14, 63, 5403 }, // U+04B6
    { 12, 13, 185, -1, 10, 39, 5466 }, // U+04B7
    { 13, 14, 235, 1, 14, 46, 5505 }, // U+04BA
    { 12, 16, 200, 0, 16, 48, 5551 }, // U+04BB
    { 6, 14, 124, 1, 14, 21, 5599 }, // U+04C0
    { 20, 18, 306, 0, 18, 90, 5620 }, // U+04C1
    { 17, 15, 253, -1, 15, 64, 5710 }, // U+04C2
    { 6, 15, 99, 0, 15, 23, 5774 }, // U+04CF
    { 15, 18, 221, -1, 18, 68, 5797 }, // U+04D0
    { 10, 15, 170, 1, 15, 38, 5865 }, // U+04D1
    { 19, 14, 307, 0, 14, 67, 5903 }, // U+04D4
    { 16, 10, 262, 1, 10, 40, 5970 }, // U+04D5
    { 11, 18, 201, 1, 18, 50, 6010 }, // U+04D6
    { 10, 16, 170, 1, 16, 40, 6060 }, // U+04D7
    { 12, 14, 219, 1, 14, 42, 6100 }, // U+04D8
    { 9, 10, 173, 1, 10, 23, 6142 }, // U+04D9
    { 15, 17, 266, 1, 17, 64, 6165 }, // U+04E2
    { 13, 14, 215, 0, 14, 46, 6229 }, // U+04E3
    { 13, 18, 236, 1, 18, 59, 6275 }, // U+04E6
    { 10, 15, 183, 1, 15, 38, 6334 }, // U+04E7
    { 13, 14, 236, 1, 14, 46, 6372 }, // U+04E8
    { 10, 10, 183, 1, 10, 25, 6418 }, // U+04E9
    { 15, 18, 223, 0, 17, 68, 6443 }, // U+04EE
    { 12, 19, 171, 0, 14, 57, 6511 }, // U+04EF
    { 14, 20, 223, 0, 19, 70, 6568 }, // U+04F2
    { 11, 21, 171, 0, 16, 58, 6638 }, // U+04F3
    { 15, 18, 221, -1, 14, 68, 0 }, // U+1EA0
    { 10, 14, 170, 1, 10, 35, 68 }, // U+1EA1
    { 15, 19, 221, -1, 19, 72, 103 }, // U+1EA2
    { 10, 16, 170, 1, 16, 40, 175 }, // U+1EA3
    { 14, 19, 221, 0, 19, 67, 215 }, // U+1EA4
    { 10, 17, 170, 1, 17, 43, 282 }, // U+1EA5
    { 14, 19, 221, 0, 19, 67, 325 }, // U+1EA6
    { 11, 16, 170, 0, 16, 44, 392 }, // U+1EA7
    { 15, 20, 221, -1, 20, 75, 436 }, // U+1EA8
    { 10, 17, 170, 1, 17, 43, 511 }, // U+1EA9
    { 14, 20, 221, 0, 20, 70, 554 }, // U+1EAA
    { 10, 16, 170, 1, 16, 40, 624 }, // U+1EAB
    { 15, 22, 221, -1, 18, 83, 664 }, // U+1EAC
    { 10, 19, 170, 1, 15, 48, 747 }, // U+1EAD
    { 14, 21, 221, 0, 21, 74, 795 }, // U+1EAE
    { 10, 18, 170, 1, 18, 45, 869 }, // U+1EAF
    { 14, 21, 221, 0, 21, 74, 914 }, // U+1EB0
    { 10, 18, 170, 1, 18, 45, 988 }, // U+1EB1
    { 15, 20, 221, -1, 20, 75, 1033 }, // U+1EB2
    { 10, 18, 170, 1, 18, 45, 1108 }, // U+1EB3
    { 14, 20, 221, 0, 20, 70, 1153 }, // U+1EB4
    { 10, 17, 170, 1, 17, 43, 1223 }, // U+1EB5
    { 15, 22, 221, -1, 18, 83, 1266 }, // U+1EB6
    { 10, 19, 170, 1, 15, 48, 1349 }, // U+1EB7
    { 11, 18, 201, 1, 14, 50, 1397 }, // U+1EB8
    { 10, 14, 170, 1, 10, 35, 1447 }, // U+1EB9
    { 11, 19, 201, 1, 19, 53, 1482 }, // U+1EBA
    { 10, 16, 170, 1, 16, 40, 1535 }, // U+1EBB
    { 11, 18, 201, 1, 18, 50, 1575 }, // U+1EBC
    { 10, 15, 170, 1, 15, 38, 1625 }, // U+1EBD
    { 12, 19, 201, 1, 19, 57, 1663 }, // U+1EBE
    { 10, 17, 170, 1, 17, 43, 1720 }, // U+1EBF
    { 11, 19, 201, 1, 19, 53, 1763 }, // U+1EC0
    { 10, 17, 170, 1, 17, 43, 1816 }, // U+1EC1
    { 11, 20, 201, 1, 20, 55, 1859 }, // U+1EC2
    { 9, 17, 170, 1, 17, 39, 1914 }, // U+1EC3
    { 11, 20, 201, 1, 20, 55, 1953 }, // U+1EC4
    { 10, 16, 170, 1, 16, 40, 2008 }, // U+1EC5
    { 11, 22, 201, 1, 18, 61, 2048 }, // U+1EC6
    { 10, 19, 170, 1, 15, 48, 2109 }, // U+1EC7
    { 7, 19, 124, 1, 19, 34, 2157 }, // U+1EC8
    { 5, 16, 99, 0, 16, 20, 2191 }, // U+1EC9
    { 7, 18, 124, 0, 14, 32, 2211 }, // U+1ECA
    { 7, 19, 99, 0, 15, 34, 2243 }, // U+1ECB
    { 13, 18, 236, 1, 14, 59, 2277 }, // U+1ECC
    { 10, 14, 183, 1, 10, 35, 2336 }, // U+1ECD
    { 13, 19, 236, 1, 19, 62, 2371 }, // U+1ECE
    { 10, 16, 183, 1, 16, 40, 2433 }, // U+1ECF
    { 13, 19, 236, 1, 19, 62, 2473 }, // U+1ED0
    { 10, 17, 183, 1, 17, 43, 2535 }, // U+1ED1
    { 13, 19, 236, 1, 19, 62, 2578 }, // U+1ED2
    { 10, 17, 183, 1, 17, 43, 2640 }, // U+1ED3
    { 13, 20, 236, 1, 20, 65, 2683 }, // U+1ED4
    { 10, 17, 183, 1, 17, 43, 2748 }, // U+1ED5
    { 13, 20, 236, 1, 20, 65, 2791 }, // U+1ED6
    { 10, 16, 183, 1, 16, 40, 2856 }, // U+1ED7
    { 13, 22, 236, 1, 18, 72, 2896 }, // U+1ED8
    { 10, 19, 183, 1, 15, 48, 2968 }, // U+1ED9
    { 13, 19, 236, 1, 19, 62, 3016 }, // U+1EDA
    { 10, 16, 183, 1, 16, 40, 3078 }, // U+1EDB
    { 13, 19, 236, 1, 19, 62, 3118 }, // U+1EDC
    { 10, 16, 183, 1, 16, 40, 3180 }, // U+1EDD
    { 13, 19, 236, 1, 19, 62, 3220 }, // U+1EDE
    { 10, 16, 183, 1, 16, 40, 3282 }, // U+1EDF
    { 13, 18, 236, 1, 18, 59, 3322 }, // U+1EE0
    { 10, 15, 183, 1, 15, 38, 3381 }, // U+1EE1
    { 13, 21, 236, 1, 17, 69, 3419 }, // U+1EE2
    { 10, 17, 183, 1, 13, 43, 3488 }, // U+1EE3
    { 14, 18, 242, 1, 14, 63, 3531 }, // U+1EE4
    { 12, 14, 194, 0, 10, 42, 3594 }, // U+1EE5
    { 14, 19, 242, 1, 19, 67, 3636 }, // U+1EE6
    { 12, 16, 194, 0, 16, 48, 3703 }, // U+1EE7
    { 15, 19, 242, 1, 19, 72, 3751 }, // U+1EE8
    { 12, 16, 194, 0, 16, 48, 3823 }, // U+1EE9
    { 15, 19, 242, 1, 19, 72, 3871 }, // U+1EEA
    { 12, 16, 194, 0, 16, 48, 3943 }, // U+1EEB
    { 15, 19, 242, 1, 19, 72, 3991 }, // U+1EEC
    { 12, 16, 194, 0, 16, 48, 4063 }, // U+1EED
    { 15, 18, 242, 1, 18, 68, 4111 }, // U+1EEE
    { 12, 15, 194, 0, 15, 45, 4179 }, // U+1EEF
    { 15, 21, 242, 1, 17, 79, 4224 }, // U+1EF0
    { 12, 18, 194, 0, 14, 54, 4303 }, // U+1EF1
    { 14, 18, 211, 0, 18, 63, 4357 }, // U+1EF2
    { 11, 21, 171, 0, 16, 58, 4420 }, // U+1EF3
    { 13, 18, 211, 0, 14, 59, 4478 }, // U+1EF4
    { 12, 15, 171, -1, 10, 45, 4537 }, // U+1EF5
    { 14, 19, 211, 0, 19, 67, 4582 }, // U+1EF6
    { 12, 21, 171, 0, 16, 63, 4649 }, // U+1EF7
    { 14, 18, 211, 0, 18, 63, 4712 }, // U+1EF8
    { 11, 20, 171, 0, 15, 55, 4775 }, // U+1EF9
    { 0, 0, 167, 0, 0, 0, 0 }, // U+2002
    { 0, 0, 333, 0, 0, 0, 0 }, // U+2003
    { 0, 0, 111, 0, 0, 0, 0 }, // U+2004
    { 0, 0, 83, 0, 0, 0, 0 }, // U+2005
    { 0, 0, 56, 0, 0, 0, 0 }, // U+2006
    { 0, 0, 167, 0, 0, 0, 0 }, // U+2007
    { 0, 0, 42, 0, 0, 0, 0 }, // U+2009
    { 0, 0, 14, 0, 0, 0, 0 }, // U+200A
    { 0, 0, 0, 0, 0, 0, 0 }, // U+200B
    { 5, 1, 104, 1, 6, 2, 0 }, // U+2010
    { 5, 1, 104, 1, 6, 2, 2 }, // U+2011
    { 9, 1, 167, 1, 7, 3, 4 }, // U+2012
    { 9, 1, 171, 1, 6, 3, 7 }, // U+2013
    { 15, 1, 271, 1, 6, 4, 10 }, // U+2014
    { 15, 1, 271, 1, 6, 4, 14 }, // U+2015
    { 4, 6, 71, 1, 16, 6, 18 }, // U+2018
    { 4, 6, 71, 0, 15, 6, 24 }, // U+2019
    { 4, 6, 71, 0, 3, 6, 30 }, // U+201A
    { 8, 6, 138, 1, 16, 12, 36 }, // U+201C
    { 8, 6, 138, 0, 15, 12, 48 }, // U+201D
    { 8, 6, 138, 0, 3, 12, 60 }, // U+201E
    { 9, 16, 170, 1, 15, 36, 72 }, // U+2020
    { 9, 17, 170, 1, 15, 39, 108 }, // U+2021
    { 5, 5, 102, 1, 9, 7, 147 }, // U+2022
    { 9, 3, 200, 2, 3, 7, 154 }, // U+2025
    { 14, 3, 273, 2, 3, 11, 161 }, // U+2026
    { 0, 0, 42, 0, 0, 0, 172 }, // U+202F
    { 24, 15, 417, 1, 14, 90, 172 }, // U+2030
    { 2, 7, 83, 2, 15, 4, 262 }, // U+2032
    { 6, 7, 144, 2, 15, 11, 266 }, // U+2033
    { 5, 9, 95, 1, 10, 12, 277 }, // U+2039
    { 5, 9, 95, 0, 10, 12, 289 }, // U+203A
    { 8, 14, 186, 2, 14, 28, 301 }, // U+203C
    { 11, 15, 47, -4, 14, 42, 329 }, // U+2044
    { 14, 15, 264, 1, 15, 53, 371 }, // U+2047
    { 12, 14, 228, 1, 14, 42, 424 }, // U+2048
    { 11, 14, 228, 2, 14, 39, 466 }, // U+2049
    { 7, 9, 123, 0, 18, 16, 0 }, // U+2070
    { 4, 10, 68, 0, 19, 10, 16 }, // U+2071
    { 6, 9, 123, 1, 18, 14, 26 }, // U+2074
    { 7, 9, 123, 1, 18, 16, 40 }, // U+2075
    { 7, 9, 123, 0, 18, 16, 56 }, // U+2076
    { 6, 9, 123, 1, 18, 14, 72 }, // U+2077
    { 7, 9, 123, 0, 18, 16, 86 }, // U+2078
    { 7, 9, 123, 0, 18, 16, 102 }, // U+2079
    { 5, 13, 84, 0, 19, 17, 118 }, // U+207D
    { 5, 13, 84, 0, 19, 17, 135 }, // U+207E
    { 9, 7, 139, 0, 16, 16, 152 }, // U+207F
    { 6, 8, 123, 1, 4, 12, 168 }, // U+2080
    { 6, 9, 123, 1, 5, 14, 180 }, // U+2081
    { 7, 8, 123, 0, 4, 14, 194 }, // U+2082
    { 6, 8, 123, 1, 4, 12, 208 }, // U+2083
    { 6, 8, 123, 1, 4, 12, 220 }, // U+2084
    { 7, 8, 123, 0, 4, 14, 232 }, // U+2085
    { 6, 8, 123, 1, 4, 12, 246 }, // U+2086
    { 6, 8, 123, 1, 4, 12, 258 }, // U+2087
    { 6, 8, 123, 1, 4, 12, 270 }, // U+2088
    { 6, 9, 123, 1, 4, 14, 282 }, // U+2089
    { 4, 13, 84, 1, 6, 13, 296 }, // U+208D
    { 5, 13, 84, 0, 6, 17, 309 }, // U+208E
    { 10, 17, 167, 1, 15, 43, 0 }, // U+20A1
    { 9, 14, 167, 1, 14, 32, 43 }, // U+20A4
    { 11, 14, 167, 0, 14, 39, 75 }, // U+20A6
    { 10, 14, 167, 1, 14, 35, 114 }, // U+20A7
    { 12, 14, 167, 0, 14, 42, 149 }, // U+20A9
    { 9, 15, 167, 1, 15, 34, 191 }, // U+20AB
    { 11, 14, 167, 1, 14, 39, 225 }, // U+20AC
    { 10, 14, 167, 1, 14, 35, 264 }, // U+20AE
    { 11, 14, 167, 1, 14, 39, 299 }, // U+20B1
    { 11, 17, 167, 1, 15, 47, 338 }, // U+20B2
    { 9, 14, 167, 1, 14, 32, 385 }, // U+20B4
    { 9, 17, 167, 1, 15, 39, 417 }, // U+20B5
    { 10, 14, 167, 1, 14, 35, 456 }, // U+20B8
    { 9, 15, 167, 1, 14, 34, 491 }, // U+20B9
    { 10, 14, 167, 1, 14, 35, 525 }, // U+20BA
    { 10, 14, 167, 1, 14, 35, 560 }, // U+20BD
    { 10, 18, 167, 0, 15, 45, 595 }, // U+20BF
    { 13, 13, 220, 0, 13, 43, 0 }, // U+2190
    { 13, 13, 220, 0, 13, 43, 43 }, // U+2191
    { 13, 13, 220, 0, 13, 43, 86 }, // U+2192
    { 13, 13, 220, 0, 13, 43, 129 }, // U+2193
    { 11, 11, 220, 1, 12, 31, 172 }, // U+2196
    { 11, 11, 220, 1, 12, 31, 203 }, // U+2197
    { 11, 11, 220, 1, 11, 31, 234 }, // U+2198
    { 11, 11, 220, 1, 11, 31, 265 }, // U+2199
    { 9, 14, 177, 1, 14, 32, 0 }, // U+2202
    { 11, 14, 197, 1, 14, 39, 32 }, // U+2206
    { 16, 17, 258, 0, 14, 68, 71 }, // U+220F
    { 11, 17, 187, 1, 14, 47, 139 }, // U+2211
    { 10, 2, 177, 1, 8, 5, 186 }, // U+2212
    { 11, 15, 47, -4, 14, 42, 191 }, // U+2215
    { 3, 3, 100, 2, 8, 3, 233 }, // U+2219
    { 12, 19, 186, 0, 16, 57, 236 }, // U+221A
    { 16, 8, 262, 0, 11, 32, 293 }, // U+221E
    { 11, 23, 120, -2, 17, 64, 325 }, // U+222B
    { 10, 9, 177, 1, 11, 23, 389 }, // U+2248
    { 10, 12, 177, 1, 13, 30, 412 }, // U+2260
    { 10, 12, 177, 1, 12, 30, 442 }, // U+2264
    { 10, 12, 177, 1, 12, 30, 472 }, // U+2265
    { 15, 15, 219, 1, 15, 57, 0 }, // U+FB00
    { 12, 15, 202, 0, 15, 45, 57 }, // U+FB01
    { 12, 15, 204, 1, 15, 45, 102 }, // U+FB02
    { 18, 15, 304, 0, 15, 68, 147 }, // U+FB03
    { 18, 15, 305, 1, 15, 68, 215 }, // U+FB04
};

static const EpdUnicodeInterval sourceserif4_10_regularIntervals[] = {
    { 0x20, 0x7E, 0x0 },
    { 0xA0, 0x12B, 0x5F },
    { 0x12E, 0x131, 0xEB },
    { 0x134, 0x165, 0xEF },
    { 0x168, 0x17F, 0x121 },
    { 0x1A0, 0x1A1, 0x139 },
    { 0x1AF, 0x1B0, 0x13B },
    { 0x1CD, 0x1DC, 0x13D },
    { 0x1E6, 0x1E7, 0x14D },
    { 0x1F8, 0x1F9, 0x14F },
    { 0x218, 0x21B, 0x151 },
    { 0x300, 0x304, 0x155 },
    { 0x306, 0x30C, 0x15A },
    { 0x31B, 0x31B, 0x161 },
    { 0x323, 0x324, 0x162 },
    { 0x326, 0x329, 0x164 },
    { 0x32E, 0x32E, 0x168 },
    { 0x331, 0x331, 0x169 },
    { 0x400, 0x45F, 0x16A },
    { 0x462, 0x463, 0x1CA },
    { 0x472, 0x475, 0x1CC },
    { 0x490, 0x493, 0x1D0 },
    { 0x496, 0x49B, 0x1D4 },
    { 0x4A0, 0x4A3, 0x1DA },
    { 0x4AA, 0x4AB, 0x1DE },
    { 0x4AE, 0x4B3, 0x1E0 },
    { 0x4B6, 0x4B7, 0x1E6 },
    { 0x4BA, 0x4BB, 0x1E8 },
    { 0x4C0, 0x4C2, 0x1EA },
    { 0x4CF, 0x4D1, 0x1ED },
    { 0x4D4, 0x4D9, 0x1F0 },
    { 0x4E2, 0x4E3, 0x1F6 },
    { 0x4E6, 0x4E9, 0x1F8 },
    { 0x4EE, 0x4EF, 0x1FC },
    { 0x4F2, 0x4F3, 0x1FE },
    { 0x1EA0, 0x1EF9, 0x200 },
    { 0x2002, 0x2007, 0x25A },
    { 0x2009, 0x200B, 0x260 },
    { 0x2010, 0x2015, 0x263 },
    { 0x2018, 0x201A, 0x269 },
    { 0x201C, 0x201E, 0x26C },
    { 0x2020, 0x2022, 0x26F },
    { 0x2025, 0x2026, 0x272 },
    { 0x202F, 0x2030, 0x274 },
    { 0x2032, 0x2033, 0x276 },
    { 0x2039, 0x203A, 0x278 },
    { 0x203C, 0x203C, 0x27A },
    { 0x2044, 0x2044, 0x27B },
    { 0x2047, 0x2049, 0x27C },
    { 0x2070, 0x2071, 0x27F },
    { 0x2074, 0x2079, 0x281 },
    { 0x207D, 0x2089, 0x287 },
    { 0x208D, 0x208E, 0x294 },
    { 0x20A1, 0x20A1, 0x296 },
    { 0x20A4, 0x20A4, 0x297 },
    { 0x20A6, 0x20A7, 0x298 },
    { 0x20A9, 0x20A9, 0x29A },
    { 0x20AB, 0x20AC, 0x29B },
    { 0x20AE, 0x20AE, 0x29D },
    { 0x20B1, 0x20B2, 0x29E },
    { 0x20B4, 0x20B5, 0x2A0 },
    { 0x20B8, 0x20BA, 0x2A2 },
    { 0x20BD, 0x20BD, 0x2A5 },
    { 0x20BF, 0x20BF, 0x2A6 },
    { 0x2190, 0x2193, 0x2A7 },
    { 0x2196, 0x2199, 0x2AB },
    { 0x2202, 0x2202, 0x2AF },
    { 0x2206, 0x2206, 0x2B0 },
    { 0x220F, 0x220F, 0x2B1 },
    { 0x2211, 0x2212, 0x2B2 },
    { 0x2215, 0x2215, 0x2B4 },
    { 0x2219, 0x221A, 0x2B5 },
    { 0x221E, 0x221E, 0x2B7 },
    { 0x222B, 0x222B, 0x2B8 },
    { 0x2248, 0x2248, 0x2B9 },
    { 0x2260, 0x2260, 0x2BA },
    { 0x2264, 0x2265, 0x2BB },
    { 0xFB00, 0xFB04, 0x2BD },
};

static const EpdFontGroup sourceserif4_10_regularGroups[] = {
    { 0, 1868, 3558, 95, 0 },
    { 1868, 1885, 4245, 96, 95 },
    { 3753, 2281, 6507, 122, 191 },
    { 6034, 641, 1636, 28, 313 },
    { 6675, 106, 118, 21, 341 },
    { 6781, 3036, 7454, 150, 362 },
    { 9817, 1490, 5489, 90, 512 },
    { 11307, 361, 566, 37, 602 },
    { 11668, 301, 412, 23, 639 },
    { 11969, 461, 759, 17, 662 },
    { 12430, 209, 340, 8, 679 },
    { 12639, 344, 550, 14, 687 },
    { 12983, 136, 300, 5, 701 },
};

static const EpdKernClassEntry sourceserif4_10_regularKernLeftClasses[] = {
    { 0x0022, 1 }, // "
    { 0x0023, 2 }, // #
    { 0x0024, 3 }, // $
    { 0x0026, 4 }, // &
    { 0x0027, 1 }, // '
    { 0x0028, 5 }, // (
    { 0x0029, 6 }, // )
    { 0x002A, 7 }, // *
    { 0x002B, 8 }, // +
    { 0x002C, 9 }, // ,
    { 0x002E, 9 }, // .
    { 0x002F, 10 }, // /
    { 0x0030, 11 }, // 0
    { 0x0031, 12 }, // 1
    { 0x0032, 13 }, // 2
    { 0x0033, 14 }, // 3
    { 0x0034, 15 }, // 4
    { 0x0035, 16 }, // 5
    { 0x0036, 17 }, // 6
    { 0x0037, 18 }, // 7
    { 0x0038, 14 }, // 8
    { 0x0039, 19 }, // 9
    { 0x003A, 20 }, // :
    { 0x003B, 20 }, // ;
    { 0x003C, 21 }, // <
    { 0x003D, 22 }, // =
    { 0x003E, 8 }, // >
    { 0x003F, 23 }, // ?
    { 0x0040, 24 }, // @
    { 0x0041, 25 }, // A
    { 0x0042, 26 }, // B
    { 0x0043, 27 }, // C
    { 0x0044, 28 }, // D
    { 0x0045, 29 }, // E
    { 0x0046, 30 }, // F
    { 0x0047, 31 }, // G
    { 0x0048, 32 }, // H
    { 0x0049, 32 }, // I
    { 0x004A, 33 }, // J
    { 0x004B, 34 }, // K
    { 0x004C, 35 }, // L
    { 0x004D, 32 }, // M
    { 0x004E, 36 }, // N
    { 0x004F, 37 }, // O
    { 0x0050, 38 }, // P
    { 0x0051, 37 }, // Q
    { 0x0052, 39 }, // R
    { 0x0053, 40 }, // S
    { 0x0054, 41 }, // T
    { 0x0055, 42 }, // U
    { 0x0056, 43 }, // V
    { 0x0057, 44 }, // W
    { 0x0058, 45 }, // X
    { 0x0059, 46 }, // Y
    { 0x005A, 47 }, // Z
    { 0x005B, 5 }, // [
    { 0x005C, 48 }, // <backslash>
    { 0x005D, 6 }, // ]
    { 0x005F, 49 }, // _
    { 0x0061, 50 }, // a
    { 0x0062, 51 }, // b
    { 0x0063, 52 }, // c
    { 0x0064, 53 }, // d
    { 0x0065, 54 }, // e
    { 0x0066, 55 }, // f
    { 0x0067, 56 }, // g
    { 0x0068, 57 }, // h
    { 0x0069, 58 }, // i
    { 0x006A, 59 }, // j
    { 0x006B, 60 }, // k
    { 0x006C, 53 }, // l
    { 0x006D, 57 }, // m
    { 0x006E, 57 }, // n
    { 0x006F, 51 }, // o
    { 0x0070, 51 }, // p
    { 0x0071, 61 }, // q
    { 0x0072, 62 }, // r
    { 0x0073, 63 }, // s
    { 0x0074, 64 }, // t
    { 0x0075, 65 }, // u
    { 0x0076, 66 }, // v
    { 0x0077, 66 }, // w
    { 0x0078, 67 }, // x
    { 0x0079, 66 }, // y
    { 0x007A, 68 }, // z
    { 0x007B, 5 }, // {
    { 0x007D, 6 }, // }
    { 0x007E, 8 }, // ~
    { 0x00A0, 69 }, // U+00A0
    { 0x00A1, 70 }, // U+00A1
    { 0x00A2, 71 }, // U+00A2
    { 0x00A3, 72 }, // U+00A3
    { 0x00A5, 73 }, // U+00A5
    { 0x00A9, 74 }, // U+00A9
    { 0x00AA, 75 }, // U+00AA
    { 0x00AB, 76 }, // U+00AB
    { 0x00AC, 22 }, // U+00AC
    { 0x00AD, 77 }, // U+00AD
    { 0x00AE, 7 }, // U+00AE
    { 0x00B1, 78 }, // U+00B1
    { 0x00B5, 79 }, // U+00B5
    { 0x00B7, 80 }, // U+00B7
    { 0x00BB, 81 }, // U+00BB
    { 0x00BF, 82 }, // U+00BF
    { 0x00C0, 25 }, // U+00C0
    { 0x00C1, 25 }, // U+00C1
    { 0x00C2, 25 }, // U+00C2
    { 0x00C3, 25 }, // U+00C3
    { 0x00C4, 25 }, // U+00C4
    { 0x00C5, 25 }, // U+00C5
    { 0x00C6, 29 }, // U+00C6
    { 0x00C7, 27 }, // U+00C7
    { 0x00C8, 29 }, // U+00C8
    { 0x00C9, 29 }, // U+00C9
    { 0x00CA, 29 }, // U+00CA
    { 0x00CB, 29 }, // U+00CB
    { 0x00CC, 32 }, // U+00CC
    { 0x00CD, 32 }, // U+00CD
    { 0x00CE, 32 }, // U+00CE
    { 0x00CF, 32 }, // U+00CF
    { 0x00D0, 28 }, // U+00D0
    { 0x00D1, 36 }, // U+00D1
    { 0x00D2, 37 }, // U+00D2
    { 0x00D3, 37 }, // U+00D3
    { 0x00D4, 37 }, // U+00D4
    { 0x00D5, 37 }, // U+00D5
    { 0x00D6, 37 }, // U+00D6
    { 0x00D7, 21 }, // U+00D7
    { 0x00D8, 37 }, // U+00D8
    { 0x00D9, 42 }, // U+00D9
    { 0x00DA, 42 }, // U+00DA
    { 0x00DB, 42 }, // U+00DB
    { 0x00DC, 42 }, // U+00DC
    { 0x00DD, 46 }, // U+00DD
    { 0x00DE, 83 }, // U+00DE
    { 0x00DF, 84 }, // U+00DF
    { 0x00E0, 50 }, // U+00E0
    { 0x00E1, 50 }, // U+00E1
    { 0x00E2, 50 }, // U+00E2
    { 0x00E3, 50 }, // U+00E3
    { 0x00E4, 50 }, // U+00E4
    { 0x00E5, 50 }, // U+00E5
    { 0x00E6, 54 }, // U+00E6
    { 0x00E7, 52 }, // U+00E7
    { 0x00E8, 54 }, // U+00E8
    { 0x00E9, 54 }, // U+00E9
    { 0x00EA, 54 }, // U+00EA
    { 0x00EB, 54 }, // U+00EB
    { 0x00EC, 58 }, // U+00EC
    { 0x00ED, 58 }, // U+00ED
    { 0x00EE, 85 }, // U+00EE
    { 0x00EF, 85 }, // U+00EF
    { 0x00F0, 86 }, // U+00F0
    { 0x00F1, 57 }, // U+00F1
    { 0x00F2, 51 }, // U+00F2
    { 0x00F3, 51 }, // U+00F3
    { 0x00F4, 51 }, // U+00F4
    { 0x00F5, 51 }, // U+00F5
    { 0x00F6, 51 }, // U+00F6
    { 0x00F7, 8 }, // U+00F7
    { 0x00F8, 51 }, // U+00F8
    { 0x00F9, 65 }, // U+00F9
    { 0x00FA, 65 }, // U+00FA
    { 0x00FB, 65 }, // U+00FB
    { 0x00FC, 65 }, // U+00FC
    { 0x00FD, 66 }, // U+00FD
    { 0x00FE, 51 }, // U+00FE
    { 0x00FF, 66 }, // U+00FF
    { 0x0100, 25 }, // U+0100
    { 0x0101, 50 }, // U+0101
    { 0x0102, 25 }, // U+0102
    { 0x0103, 50 }, // U+0103
    { 0x0104, 25 }, // U+0104
    { 0x0105, 50 }, // U+0105
    { 0x0106, 27 }, // U+0106
    { 0x0107, 52 }, // U+0107
    { 0x0108, 27 }, // U+0108
    { 0x0109, 52 }, // U+0109
    { 0x010A, 27 }, // U+010A
    { 0x010B, 52 }, // U+010B
    { 0x010C, 27 }, // U+010C
    { 0x010D, 52 }, // U+010D
    { 0x010E, 28 }, // U+010E
    { 0x010F, 87 }, // U+010F
    { 0x0110, 28 }, // U+0110
    { 0x0111, 53 }, // U+0111
    { 0x0112, 29 }, // U+0112
    { 0x0113, 54 }, // U+0113
    { 0x0114, 29 }, // U+0114
    { 0x0115, 54 }, // U+0115
    { 0x0116, 29 }, // U+0116
    { 0x0117, 54 }, // U+0117
    { 0x0118, 29 }, // U+0118
    { 0x0119, 54 }, // U+0119
    { 0x011A, 29 }, // U+011A
    { 0x011B, 54 }, // U+011B
    { 0x011C, 31 }, // U+011C
    { 0x011D, 56 }, // U+011D
    { 0x011E, 31 }, // U+011E
    { 0x011F, 56 }, // U+011F
    { 0x0120, 31 }, // U+0120
    { 0x0121, 56 }, // U+0121
    { 0x0122, 31 }, // U+0122
    { 0x0123, 56 }, // U+0123
    { 0x0124, 32 }, // U+0124
    { 0x0125, 57 }, // U+0125
    { 0x0126, 32 }, // U+0126
    { 0x0127, 57 }, // U+0127
    { 0x0128, 32 }, // U+0128
    { 0x0129, 85 }, // U+0129
    { 0x012A, 32 }, // U+012A
    { 0x012B, 85 }, // U+012B
    { 0x012E, 32 }, // U+012E
    { 0x012F, 58 }, // U+012F
    { 0x0130, 32 }, // U+0130
    { 0x0131, 58 }, // U+0131
    { 0x0134, 33 }, // U+0134
    { 0x0135, 59 }, // U+0135
    { 0x0136, 34 }, // U+0136
    { 0x0137, 60 }, // U+0137
    { 0x0138, 60 }, // U+0138
    { 0x0139, 35 }, // U+0139
    { 0x013A, 53 }, // U+013A
    { 0x013B, 35 }, // U+013B
    { 0x013C, 53 }, // U+013C
    { 0x013D, 88 }, // U+013D
    { 0x013E, 87 }, // U+013E
    { 0x0141, 35 }, // U+0141
    { 0x0142, 53 }, // U+0142
    { 0x0143, 36 }, // U+0143
    { 0x0144, 57 }, // U+0144
    { 0x0145, 36 }, // U+0145
    { 0x0146, 57 }, // U+0146
    { 0x0147, 36 }, // U+0147
    { 0x0148, 57 }, // U+0148
    { 0x014A, 33 }, // U+014A
    { 0x014B, 59 }, // U+014B
    { 0x014C, 37 }, // U+014C
    { 0x014D, 51 }, // U+014D
    { 0x014E, 37 }, // U+014E
    { 0x014F, 51 }, // U+014F
    { 0x0150, 37 }, // U+0150
    { 0x0151, 51 }, // U+0151
    { 0x0152, 29 }, // U+0152
    { 0x0153, 54 }, // U+0153
    { 0x0154, 39 }, // U+0154
    { 0x0155, 62 }, // U+0155
    { 0x0156, 39 }, // U+0156
    { 0x0157, 62 }, // U+0157
    { 0x0158, 39 }, // U+0158
    { 0x0159, 62 }, // U+0159
    { 0x015A, 40 }, // U+015A
    { 0x015B, 63 }, // U+015B
    { 0x015C, 40 }, // U+015C
    { 0x015D, 63 }, // U+015D
    { 0x015E, 40 }, // U+015E
    { 0x015F, 63 }, // U+015F
    { 0x0160, 40 }, // U+0160
    { 0x0161, 63 }, // U+0161
    { 0x0162, 41 }, // U+0162
    { 0x0163, 64 }, // U+0163
    { 0x0164, 41 }, // U+0164
    { 0x0165, 89 }, // U+0165
    { 0x0168, 42 }, // U+0168
    { 0x0169, 65 }, // U+0169
    { 0x016A, 42 }, // U+016A
    { 0x016B, 65 }, // U+016B
    { 0x016C, 42 }, // U+016C
    { 0x016D, 65 }, // U+016D
    { 0x016E, 42 }, // U+016E
    { 0x016F, 65 }, // U+016F
    { 0x0170, 42 }, // U+0170
    { 0x0171, 65 }, // U+0171
    { 0x0172, 42 }, // U+0172
    { 0x0173, 65 }, // U+0173
    { 0x0174, 44 }, // U+0174
    { 0x0175, 66 }, // U+0175
    { 0x0176, 46 }, // U+0176
    { 0x0177, 66 }, // U+0177
    { 0x0178, 46 }, // U+0178
    { 0x0179, 47 }, // U+0179
    { 0x017A, 68 }, // U+017A
    { 0x017B, 47 }, // U+017B
    { 0x017C, 68 }, // U+017C
    { 0x017D, 47 }, // U+017D
    { 0x017E, 68 }, // U+017E
    { 0x017F, 55 }, // U+017F
    { 0x01A0, 37 }, // U+01A0
    { 0x01AF, 90 }, // U+01AF
    { 0x01CD, 25 }, // U+01CD
    { 0x01CE, 50 }, // U+01CE
    { 0x01CF, 32 }, // U+01CF
    { 0x01D0, 85 }, // U+01D0
    { 0x01D1, 37 }, // U+01D1
    { 0x01D2, 51 }, // U+01D2
    { 0x01D3, 42 }, // U+01D3
    { 0x01D4, 65 }, // U+01D4
    { 0x01D5, 42 }, // U+01D5
    { 0x01D6, 65 }, // U+01D6
    { 0x01D7, 42 }, // U+01D7
    { 0x01D8, 65 }, // U+01D8
    { 0x01D9, 42 }, // U+01D9
    { 0x01DA, 65 }, // U+01DA
    { 0x01DB, 42 }, // U+01DB
    { 0x01DC, 65 }, // U+01DC
    { 0x01E6, 31 }, // U+01E6
    { 0x01E7, 56 }, // U+01E7
    { 0x01F8, 36 }, // U+01F8
    { 0x01F9, 57 }, // U+01F9
    { 0x0218, 40 }, // U+0218
    { 0x0219, 63 }, // U+0219
    { 0x021A, 41 }, // U+021A
    { 0x021B, 64 }, // U+021B
    { 0x0400, 91 }, // U+0400
    { 0x0401, 91 }, // U+0401
    { 0x0402, 92 }, // U+0402
    { 0x0403, 93 }, // U+0403
    { 0x0404, 94 }, // U+0404
    { 0x0405, 95 }, // U+0405
    { 0x0406, 96 }, // U+0406
    { 0x0407, 96 }, // U+0407
    { 0x0408, 97 }, // U+0408
    { 0x0409, 98 }, // U+0409
    { 0x040A, 98 }, // U+040A
    { 0x040B, 99 }, // U+040B
    { 0x040C, 100 }, // U+040C
    { 0x040D, 96 }, // U+040D
    { 0x040E, 101 }, // U+040E
    { 0x040F, 96 }, // U+040F
    { 0x0410, 102 }, // U+0410
    { 0x0411, 103 }, // U+0411
    { 0x0412, 103 }, // U+0412
    { 0x0413, 93 }, // U+0413
    { 0x0414, 104 }, // U+0414
    { 0x0415, 91 }, // U+0415
    { 0x0416, 100 }, // U+0416
    { 0x0417, 103 }, // U+0417
    { 0x0418, 96 }, // U+0418
    { 0x0419, 96 }, // U+0419
    { 0x041A, 100 }, // U+041A
    { 0x041B, 96 }, // U+041B
    { 0x041C, 96 }, // U+041C
    { 0x041D, 96 }, // U+041D
    { 0x041E, 105 }, // U+041E
    { 0x041F, 96 }, // U+041F
    { 0x0420, 106 }, // U+0420
    { 0x0421, 94 }, // U+0421
    { 0x0422, 107 }, // U+0422
    { 0x0423, 101 }, // U+0423
    { 0x0424, 108 }, // U+0424
    { 0x0425, 100 }, // U+0425
    { 0x0426, 104 }, // U+0426
    { 0x0427, 96 }, // U+0427
    { 0x0428, 96 }, // U+0428
    { 0x0429, 104 }, // U+0429
    { 0x042A, 98 }, // U+042A
    { 0x042B, 96 }, // U+042B
    { 0x042C, 98 }, // U+042C
    { 0x042D, 105 }, // U+042D
    { 0x042E, 105 }, // U+042E
    { 0x042F, 96 }, // U+042F
    { 0x0430, 109 }, // U+0430
    { 0x0431, 110 }, // U+0431
    { 0x0432, 111 }, // U+0432
    { 0x0433, 112 }, // U+0433
    { 0x0434, 113 }, // U+0434
    { 0x0435, 114 }, // U+0435
    { 0x0436, 115 }, // U+0436
    { 0x0437, 111 }, // U+0437
    { 0x0438, 116 }, // U+0438
    { 0x0439, 116 }, // U+0439
    { 0x043A, 115 }, // U+043A
    { 0x043B, 116 }, // U+043B
    { 0x043C, 116 }, // U+043C
    { 0x043D, 116 }, // U+043D
    { 0x043E, 117 }, // U+043E
    { 0x043F, 116 }, // U+043F
    { 0x0440, 117 }, // U+0440
    { 0x0441, 118 }, // U+0441
    { 0x0442, 112 }, // U+0442
    { 0x0443, 119 }, // U+0443
    { 0x0444, 117 }, // U+0444
    { 0x0445, 115 }, // U+0445
    { 0x0446, 113 }, // U+0446
    { 0x0447, 116 }, // U+0447
    { 0x0448, 116 }, // U+0448
    { 0x0449, 113 }, // U+0449
    { 0x044A, 120 }, // U+044A
    { 0x044B, 116 }, // U+044B
    { 0x044C, 120 }, // U+044C
    { 0x044D, 117 }, // U+044D
    { 0x044E, 117 }, // U+044E
    { 0x044F, 116 }, // U+044F
    { 0x0450, 114 }, // U+0450
    { 0x0451, 114 }, // U+0451
    { 0x0452, 121 }, // U+0452
    { 0x0453, 112 }, // U+0453
    { 0x0454, 118 }, // U+0454
    { 0x0455, 122 }, // U+0455
    { 0x0456, 123 }, // U+0456
    { 0x0457, 124 }, // U+0457
    { 0x0458, 125 }, // U+0458
    { 0x0459, 120 }, // U+0459
    { 0x045A, 120 }, // U+045A
    { 0x045B, 126 }, // U+045B
    { 0x045C, 115 }, // U+045C
    { 0x045D, 116 }, // U+045D
    { 0x045E, 119 }, // U+045E
    { 0x045F, 116 }, // U+045F
    { 0x0462, 127 }, // U+0462
    { 0x0463, 128 }, // U+0463
    { 0x0472, 105 }, // U+0472
    { 0x0473, 117 }, // U+0473
    { 0x0474, 101 }, // U+0474
    { 0x0475, 129 }, // U+0475
    { 0x0490, 130 }, // U+0490
    { 0x0491, 131 }, // U+0491
    { 0x0492, 93 }, // U+0492
    { 0x0493, 112 }, // U+0493
    { 0x0496, 132 }, // U+0496
    { 0x0497, 133 }, // U+0497
    { 0x0498, 103 }, // U+0498
    { 0x0499, 111 }, // U+0499
    { 0x049A, 132 }, // U+049A
    { 0x049B, 133 }, // U+049B
    { 0x04A0, 100 }, // U+04A0
    { 0x04A1, 115 }, // U+04A1
    { 0x04A2, 104 }, // U+04A2
    { 0x04A3, 113 }, // U+04A3
    { 0x04AA, 94 }, // U+04AA
    { 0x04AB, 118 }, // U+04AB
    { 0x04AE, 134 }, // U+04AE
    { 0x04AF, 135 }, // U+04AF
    { 0x04B0, 134 }, // U+04B0
    { 0x04B1, 135 }, // U+04B1
    { 0x04B2, 132 }, // U+04B2
    { 0x04B3, 133 }, // U+04B3
    { 0x04B6, 104 }, // U+04B6
    { 0x04B7, 113 }, // U+04B7
    { 0x04BA, 136 }, // U+04BA
    { 0x04BB, 126 }, // U+04BB
    { 0x04C0, 96 }, // U+04C0
    { 0x04C1, 100 }, // U+04C1
    { 0x04C2, 115 }, // U+04C2
    { 0x04CF, 137 }, // U+04CF
    { 0x04D0, 102 }, // U+04D0
    { 0x04D1, 109 }, // U+04D1
    { 0x04D4, 91 }, // U+04D4
    { 0x04D5, 114 }, // U+04D5
    { 0x04D6, 91 }, // U+04D6
    { 0x04D7, 114 }, // U+04D7
    { 0x04D8, 105 }, // U+04D8
    { 0x04D9, 117 }, // U+04D9
    { 0x04E2, 96 }, // U+04E2
    { 0x04E3, 116 }, // U+04E3
    { 0x04E6, 105 }, // U+04E6
    { 0x04E7, 117 }, // U+04E7
    { 0x04E8, 105 }, // U+04E8
    { 0x04E9, 117 }, // U+04E9
    { 0x04EE, 101 }, // U+04EE
    { 0x04EF, 119 }, // U+04EF
    { 0x04F2, 101 }, // U+04F2
    { 0x04F3, 119 }, // U+04F3
    { 0x1EA0, 25 }, // U+1EA0
    { 0x1EA1, 50 }, // U+1EA1
    { 0x1EA2, 25 }, // U+1EA2
    { 0x1EA3, 50 }, // U+1EA3
    { 0x1EA4, 25 }, // U+1EA4
    { 0x1EA5, 50 }, // U+1EA5
    { 0x1EA6, 25 }, // U+1EA6
    { 0x1EA7, 50 }, // U+1EA7
    { 0x1EA8, 25 }, // U+1EA8
    { 0x1EA9, 50 }, // U+1EA9
    { 0x1EAA, 25 }, // U+1EAA
    { 0x1EAB, 50 }, // U+1EAB
    { 0x1EAC, 25 }, // U+1EAC
    { 0x1EAD, 50 }, // U+1EAD
    { 0x1EAE, 25 }, // U+1EAE
    { 0x1EAF, 50 }, // U+1EAF
    { 0x1EB0, 25 }, // U+1EB0
    { 0x1EB1, 50 }, // U+1EB1
    { 0x1EB2, 25 }, // U+1EB2
    { 0x1EB3, 50 }, // U+1EB3
    { 0x1EB4, 25 }, // U+1EB4
    { 0x1EB5, 50 }, // U+1EB5
    { 0x1EB6, 25 }, // U+1EB6
    { 0x1EB7, 50 }, // U+1EB7
    { 0x1EB8, 29 }, // U+1EB8
    { 0x1EB9, 54 }, // U+1EB9
    { 0x1EBA, 29 }, // U+1EBA
    { 0x1EBB, 54 }, // U+1EBB
    { 0x1EBC, 29 }, // U+1EBC
    { 0x1EBD, 54 }, // U+1EBD
    { 0x1EBE, 29 }, // U+1EBE
    { 0x1EBF, 54 }, // U+1EBF
    { 0x1EC0, 29 }, // U+1EC0
    { 0x1EC1, 54 }, // U+1EC1
    { 0x1EC2, 29 }, // U+1EC2
    { 0x1EC3, 54 }, // U+1EC3
    { 0x1EC4, 29 }, // U+1EC4
    { 0x1EC5, 54 }, // U+1EC5
    { 0x1EC6, 29 }, // U+1EC6
    { 0x1EC7, 54 }, // U+1EC7
    { 0x1EC8, 32 }, // U+1EC8
    { 0x1EC9, 58 }, // U+1EC9
    { 0x1ECA, 32 }, // U+1ECA
    { 0x1ECB, 58 }, // U+1ECB
    { 0x1ECC, 37 }, // U+1ECC
    { 0x1ECD, 51 }, // U+1ECD
    { 0x1ECE, 37 }, // U+1ECE
    { 0x1ECF, 51 }, // U+1ECF
    { 0x1ED0, 37 }, // U+1ED0
    { 0x1ED1, 51 }, // U+1ED1
    { 0x1ED2, 37 }, // U+1ED2
    { 0x1ED3, 51 }, // U+1ED3
    { 0x1ED4, 37 }, // U+1ED4
    { 0x1ED5, 51 }, // U+1ED5
    { 0x1ED6, 37 }, // U+1ED6
    { 0x1ED7, 51 }, // U+1ED7
    { 0x1ED8, 37 }, // U+1ED8
    { 0x1ED9, 51 }, // U+1ED9
    { 0x1EDA, 37 }, // U+1EDA
    { 0x1EDC, 37 }, // U+1EDC
    { 0x1EDE, 37 }, // U+1EDE
    { 0x1EE0, 37 }, // U+1EE0
    { 0x1EE2, 37 }, // U+1EE2
    { 0x1EE4, 42 }, // U+1EE4
    { 0x1EE5, 65 }, // U+1EE5
    { 0x1EE6, 42 }, // U+1EE6
    { 0x1EE7, 65 }, // U+1EE7
    { 0x1EE8, 90 }, // U+1EE8
    { 0x1EEA, 90 }, // U+1EEA
    { 0x1EEC, 90 }, // U+1EEC
    { 0x1EEE, 90 }, // U+1EEE
    { 0x1EF0, 90 }, // U+1EF0
    { 0x1EF2, 46 }, // U+1EF2
    { 0x1EF3, 66 }, // U+1EF3
    { 0x1EF4, 46 }, // U+1EF4
    { 0x1EF5, 66 }, // U+1EF5
    { 0x1EF6, 46 }, // U+1EF6
    { 0x1EF7, 66 }, // U+1EF7
    { 0x1EF8, 46 }, // U+1EF8
    { 0x1EF9, 66 }, // U+1EF9
    { 0x2012, 77 }, // U+2012
    { 0x2013, 77 }, // U+2013
    { 0x2014, 77 }, // U+2014
    { 0x2015, 77 }, // U+2015
    { 0x2018, 138 }, // U+2018
    { 0x2019, 139 }, // U+2019
    { 0x201A, 140 }, // U+201A
    { 0x201C, 138 }, // U+201C
    { 0x201D, 139 }, // U+201D
    { 0x201E, 140 }, // U+201E
    { 0x2022, 141 }, // U+2022
    { 0x2026, 9 }, // U+2026
    { 0x2039, 76 }, // U+2039
    { 0x203A, 81 }, // U+203A
    { 0x2071, 75 }, // U+2071
    { 0x207F, 75 }, // U+207F
    { 0x20B9, 142 }, // U+20B9
    { 0x20BA, 143 }, // U+20BA
    { 0x2206, 144 }, // U+2206
    { 0x2212, 8 }, // U+2212
    { 0x2219, 80 }, // U+2219
    { 0x221A, 145 }, // U+221A
    { 0x2248, 22 }, // U+2248
    { 0x2260, 22 }, // U+2260
    { 0x2264, 146 }, // U+2264
    { 0x2265, 147 }, // U+2265
    { 0xFB00, 55 }, // U+FB00
    { 0xFB01, 58 }, // U+FB01
    { 0xFB02, 53 }, // U+FB02
    { 0xFB03, 58 }, // U+FB03
    { 0xFB04, 53 }, // U+FB04
};

static const EpdKernClassEntry sourceserif4_10_regularKernRightClasses[] = {
    { 0x0021, 1 }, // !
    { 0x0022, 2 }, // "
    { 0x0023, 3 }, // #
    { 0x0024, 4 }, // $
    { 0x0025, 5 }, // %
    { 0x0026, 6 }, // &
    { 0x0027, 2 }, // '
    { 0x0028, 7 }, // (
    { 0x0029, 8 }, // )
    { 0x002A, 9 }, // *
    { 0x002B, 10 }, // +
    { 0x002C, 11 }, // ,
    { 0x002E, 11 }, // .
    { 0x002F, 12 }, // /
    { 0x0030, 13 }, // 0
    { 0x0031, 14 }, // 1
    { 0x0032, 15 }, // 2
    { 0x0033, 16 }, // 3
    { 0x0034, 17 }, // 4
    { 0x0035, 18 }, // 5
    { 0x0036, 19 }, // 6
    { 0x0037, 20 }, // 7
    { 0x0038, 21 }, // 8
    { 0x0039, 22 }, // 9
    { 0x003A, 23 }, // :
    { 0x003B, 23 }, // ;
    { 0x003C, 10 }, // <
    { 0x003D, 24 }, // =
    { 0x003E, 25 }, // >
    { 0x003F, 26 }, // ?
    { 0x0040, 27 }, // @
    { 0x0041, 28 }, // A
    { 0x0042, 29 }, // B
    { 0x0043, 30 }, // C
    { 0x0044, 29 }, // D
    { 0x0045, 29 }, // E
    { 0x0046, 29 }, // F
    { 0x0047, 30 }, // G
    { 0x0048, 29 }, // H
    { 0x0049, 29 }, // I
    { 0x004A, 31 }, // J
    { 0x004B, 29 }, // K
    { 0x004C, 29 }, // L
    { 0x004D, 32 }, // M
    { 0x004E, 32 }, // N
    { 0x004F, 30 }, // O
    { 0x0050, 29 }, // P
    { 0x0051, 30 }, // Q
    { 0x0052, 29 }, // R
    { 0x0053, 33 }, // S
    { 0x0054, 34 }, // T
    { 0x0055, 35 }, // U
    { 0x0056, 36 }, // V
    { 0x0057, 37 }, // W
    { 0x0058, 38 }, // X
    { 0x0059, 39 }, // Y
    { 0x005A, 40 }, // Z
    { 0x005B, 7 }, // [
    { 0x005C, 41 }, // <backslash>
    { 0x005D, 8 }, // ]
    { 0x005F, 42 }, // _
    { 0x0061, 43 }, // a
    { 0x0062, 44 }, // b
    { 0x0063, 45 }, // c
    { 0x0064, 45 }, // d
    { 0x0065, 45 }, // e
    { 0x0066, 46 }, // f
    { 0x0067, 47 }, // g
    { 0x0068, 44 }, // h
    { 0x0069, 48 }, // i
    { 0x006A, 49 }, // j
    { 0x006B, 44 }, // k
    { 0x006C, 44 }, // l
    { 0x006D, 50 }, // m
    { 0x006E, 50 }, // n
    { 0x006F, 45 }, // o
    { 0x0070, 51 }, // p
    { 0x0071, 45 }, // q
    { 0x0072, 50 }, // r
    { 0x0073, 52 }, // s
    { 0x0074, 53 }, // t
    { 0x0075, 54 }, // u
    { 0x0076, 55 }, // v
    { 0x0077, 55 }, // w
    { 0x0078, 56 }, // x
    { 0x0079, 57 }, // y
    { 0x007A, 58 }, // z
    { 0x007B, 7 }, // {
    { 0x007D, 8 }, // }
    { 0x007E, 10 }, // ~
    { 0x00A0, 59 }, // U+00A0
    { 0x00A1, 60 }, // U+00A1
    { 0x00A2, 61 }, // U+00A2
    { 0x00A3, 62 }, // U+00A3
    { 0x00A5, 63 }, // U+00A5
    { 0x00A9, 64 }, // U+00A9
    { 0x00AA, 65 }, // U+00AA
    { 0x00AB, 66 }, // U+00AB
    { 0x00AC, 10 }, // U+00AC
    { 0x00AD, 67 }, // U+00AD
    { 0x00AE, 9 }, // U+00AE
    { 0x00B0, 68 }, // U+00B0
    { 0x00B1, 62 }, // U+00B1
    { 0x00B2, 69 }, // U+00B2
    { 0x00B3, 69 }, // U+00B3
    { 0x00B5, 70 }, // U+00B5
    { 0x00B7, 71 }, // U+00B7
    { 0x00B9, 69 }, // U+00B9
    { 0x00BA, 65 }, // U+00BA
    { 0x00BB, 72 }, // U+00BB
    { 0x00BC, 5 }, // U+00BC
    { 0x00BD, 5 }, // U+00BD
    { 0x00BE, 5 }, // U+00BE
    { 0x00BF, 73 }, // U+00BF
    { 0x00C0, 28 }, // U+00C0
    { 0x00C1, 28 }, // U+00C1
    { 0x00C2, 28 }, // U+00C2
    { 0x00C3, 28 }, // U+00C3
    { 0x00C4, 28 }, // U+00C4
    { 0x00C5, 28 }, // U+00C5
    { 0x00C6, 74 }, // U+00C6
    { 0x00C7, 30 }, // U+00C7
    { 0x00C8, 29 }, // U+00C8
    { 0x00C9, 29 }, // U+00C9
    { 0x00CA, 29 }, // U+00CA
    { 0x00CB, 29 }, // U+00CB
    { 0x00CC, 29 }, // U+00CC
    { 0x00CD, 29 }, // U+00CD
    { 0x00CE, 29 }, // U+00CE
    { 0x00CF, 29 }, // U+00CF
    { 0x00D0, 29 }, // U+00D0
    { 0x00D1, 32 }, // U+00D1
    { 0x00D2, 30 }, // U+00D2
    { 0x00D3, 30 }, // U+00D3
    { 0x00D4, 30 }, // U+00D4
    { 0x00D5, 30 }, // U+00D5
    { 0x00D6, 30 }, // U+00D6
    { 0x00D7, 25 }, // U+00D7
    { 0x00D8, 30 }, // U+00D8
    { 0x00D9, 35 }, // U+00D9
    { 0x00DA, 35 }, // U+00DA
    { 0x00DB, 35 }, // U+00DB
    { 0x00DC, 35 }, // U+00DC
    { 0x00DD, 39 }, // U+00DD
    { 0x00DE, 29 }, // U+00DE
    { 0x00DF, 46 }, // U+00DF
    { 0x00E0, 43 }, // U+00E0
    { 0x00E1, 43 }, // U+00E1
    { 0x00E2, 43 }, // U+00E2
    { 0x00E3, 75 }, // U+00E3
    { 0x00E4, 76 }, // U+00E4
    { 0x00E5, 43 }, // U+00E5
    { 0x00E6, 43 }, // U+00E6
    { 0x00E7, 45 }, // U+00E7
    { 0x00E8, 45 }, // U+00E8
    { 0x00E9, 45 }, // U+00E9
    { 0x00EA, 45 }, // U+00EA
    { 0x00EB, 45 }, // U+00EB
    { 0x00EC, 77 }, // U+00EC
    { 0x00ED, 48 }, // U+00ED
    { 0x00EE, 78 }, // U+00EE
    { 0x00EF, 79 }, // U+00EF
    { 0x00F0, 45 }, // U+00F0
    { 0x00F1, 50 }, // U+00F1
    { 0x00F2, 45 }, // U+00F2
    { 0x00F3, 45 }, // U+00F3
    { 0x00F4, 45 }, // U+00F4
    { 0x00F5, 45 }, // U+00F5
    { 0x00F6, 45 }, // U+00F6
    { 0x00F7, 10 }, // U+00F7
    { 0x00F8, 45 }, // U+00F8
    { 0x00F9, 54 }, // U+00F9
    { 0x00FA, 54 }, // U+00FA
    { 0x00FB, 54 }, // U+00FB
    { 0x00FC, 54 }, // U+00FC
    { 0x00FD, 57 }, // U+00FD
    { 0x00FE, 80 }, // U+00FE
    { 0x00FF, 57 }, // U+00FF
    { 0x0100, 28 }, // U+0100
    { 0x0101, 43 }, // U+0101
    { 0x0102, 28 }, // U+0102
    { 0x0103, 43 }, // U+0103
    { 0x0104, 28 }, // U+0104
    { 0x0105, 43 }, // U+0105
    { 0x0106, 30 }, // U+0106
    { 0x0107, 45 }, // U+0107
    { 0x0108, 30 }, // U+0108
    { 0x0109, 45 }, // U+0109
    { 0x010A, 30 }, // U+010A
    { 0x010B, 45 }, // U+010B
    { 0x010C, 30 }, // U+010C
    { 0x010D, 45 }, // U+010D
    { 0x010E, 29 }, // U+010E
    { 0x010F, 45 }, // U+010F
    { 0x0110, 29 }, // U+0110
    { 0x0111, 45 }, // U+0111
    { 0x0112, 29 }, // U+0112
    { 0x0113, 45 }, // U+0113
    { 0x0114, 29 }, // U+0114
    { 0x0115, 45 }, // U+0115
    { 0x0116, 29 }, // U+0116
    { 0x0117, 45 }, // U+0117
    { 0x0118, 29 }, // U+0118
    { 0x0119, 45 }, // U+0119
    { 0x011A, 29 }, // U+011A
    { 0x011B, 45 }, // U+011B
    { 0x011C, 30 }, // U+011C
    { 0x011D, 47 }, // U+011D
    { 0x011E, 30 }, // U+011E
    { 0x011F, 47 }, // U+011F
    { 0x0120, 30 }, // U+0120
    { 0x0121, 47 }, // U+0121
    { 0x0122, 30 }, // U+0122
    { 0x0123, 47 }, // U+0123
    { 0x0124, 29 }, // U+0124
    { 0x0125, 44 }, // U+0125
    { 0x0126, 29 }, // U+0126
    { 0x0127, 44 }, // U+0127
    { 0x0128, 29 }, // U+0128
    { 0x0129, 81 }, // U+0129
    { 0x012A, 29 }, // U+012A
    { 0x012B, 81 }, // U+012B
    { 0x012E, 29 }, // U+012E
    { 0x012F, 48 }, // U+012F
    { 0x0130, 29 }, // U+0130
    { 0x0131, 50 }, // U+0131
    { 0x0134, 31 }, // U+0134
    { 0x0135, 49 }, // U+0135
    { 0x0136, 29 }, // U+0136
    { 0x0137, 44 }, // U+0137
    { 0x0138, 50 }, // U+0138
    { 0x0139, 29 }, // U+0139
    { 0x013A, 44 }, // U+013A
    { 0x013B, 29 }, // U+013B
    { 0x013C, 44 }, // U+013C
    { 0x013D, 29 }, // U+013D
    { 0x013E, 44 }, // U+013E
    { 0x013F, 29 }, // U+013F
    { 0x0140, 44 }, // U+0140
    { 0x0141, 29 }, // U+0141
    { 0x0142, 44 }, // U+0142
    { 0x0143, 32 }, // U+0143
    { 0x0144, 50 }, // U+0144
    { 0x0145, 32 }, // U+0145
    { 0x0146, 50 }, // U+0146
    { 0x0147, 32 }, // U+0147
    { 0x0148, 50 }, // U+0148
    { 0x014A, 32 }, // U+014A
    { 0x014B, 50 }, // U+014B
    { 0x014C, 30 }, // U+014C
    { 0x014D, 45 }, // U+014D
    { 0x014E, 30 }, // U+014E
    { 0x014F, 45 }, // U+014F
    { 0x0150, 30 }, // U+0150
    { 0x0151, 45 }, // U+0151
    { 0x0152, 30 }, // U+0152
    { 0x0153, 45 }, // U+0153
    { 0x0154, 29 }, // U+0154
    { 0x0155, 50 }, // U+0155
    { 0x0156, 29 }, // U+0156
    { 0x0157, 50 }, // U+0157
    { 0x0158, 29 }, // U+0158
    { 0x0159, 50 }, // U+0159
    { 0x015A, 33 }, // U+015A
    { 0x015B, 52 }, // U+015B
    { 0x015C, 33 }, // U+015C
    { 0x015D, 52 }, // U+015D
    { 0x015E, 33 }, // U+015E
    { 0x015F, 52 }, // U+015F
    { 0x0160, 33 }, // U+0160
    { 0x0161, 82 }, // U+0161
    { 0x0162, 34 }, // U+0162
    { 0x0163, 53 }, // U+0163
    { 0x0164, 34 }, // U+0164
    { 0x0165, 53 }, // U+0165
    { 0x0168, 35 }, // U+0168
    { 0x0169, 54 }, // U+0169
    { 0x016A, 35 }, // U+016A
    { 0x016B, 54 }, // U+016B
    { 0x016C, 35 }, // U+016C
    { 0x016D, 54 }, // U+016D
    { 0x016E, 35 }, // U+016E
    { 0x016F, 54 }, // U+016F
    { 0x0170, 35 }, // U+0170
    { 0x0171, 54 }, // U+0171
    { 0x0172, 35 }, // U+0172
    { 0x0173, 54 }, // U+0173
    { 0x0174, 37 }, // U+0174
    { 0x0175, 55 }, // U+0175
    { 0x0176, 39 }, // U+0176
    { 0x0177, 57 }, // U+0177
    { 0x0178, 39 }, // U+0178
    { 0x0179, 40 }, // U+0179
    { 0x017A, 58 }, // U+017A
    { 0x017B, 40 }, // U+017B
    { 0x017C, 58 }, // U+017C
    { 0x017D, 40 }, // U+017D
    { 0x017E, 58 }, // U+017E
    { 0x017F, 46 }, // U+017F
    { 0x01A0, 30 }, // U+01A0
    { 0x01A1, 45 }, // U+01A1
    { 0x01AF, 35 }, // U+01AF
    { 0x01B0, 54 }, // U+01B0
    { 0x01CD, 28 }, // U+01CD
    { 0x01CE, 43 }, // U+01CE
    { 0x01CF, 29 }, // U+01CF
    { 0x01D0, 81 }, // U+01D0
    { 0x01D1, 30 }, // U+01D1
    { 0x01D2, 45 }, // U+01D2
    { 0x01D3, 35 }, // U+01D3
    { 0x01D4, 54 }, // U+01D4
    { 0x01D5, 35 }, // U+01D5
    { 0x01D6, 54 }, // U+01D6
    { 0x01D7, 35 }, // U+01D7
    { 0x01D8, 54 }, // U+01D8
    { 0x01D9, 35 }, // U+01D9
    { 0x01DA, 54 }, // U+01DA
    { 0x01DB, 35 }, // U+01DB
    { 0x01DC, 54 }, // U+01DC
    { 0x01E6, 30 }, // U+01E6
    { 0x01E7, 47 }, // U+01E7
    { 0x01F8, 32 }, // U+01F8
    { 0x01F9, 50 }, // U+01F9
    { 0x0218, 33 }, // U+0218
    { 0x0219, 52 }, // U+0219
    { 0x021A, 34 }, // U+021A
    { 0x021B, 53 }, // U+021B
    { 0x0400, 83 }, // U+0400
    { 0x0401, 83 }, // U+0401
    { 0x0402, 84 }, // U+0402
    { 0x0403, 83 }, // U+0403
    { 0x0404, 85 }, // U+0404
    { 0x0405, 86 }, // U+0405
    { 0x0406, 83 }, // U+0406
    { 0x0407, 83 }, // U+0407
    { 0x0408, 87 }, // U+0408
    { 0x0409, 88 }, // U+0409
    { 0x040A, 83 }, // U+040A
    { 0x040B, 84 }, // U+040B
    { 0x040C, 83 }, // U+040C
    { 0x040D, 83 }, // U+040D
    { 0x040E, 89 }, // U+040E
    { 0x040F, 83 }, // U+040F
    { 0x0410, 90 }, // U+0410
    { 0x0411, 83 }, // U+0411
    { 0x0412, 83 }, // U+0412
    { 0x0413, 83 }, // U+0413
    { 0x0414, 91 }, // U+0414
    { 0x0415, 83 }, // U+0415
    { 0x0416, 92 }, // U+0416
    { 0x0417, 93 }, // U+0417
    { 0x0418, 83 }, // U+0418
    { 0x0419, 83 }, // U+0419
    { 0x041A, 83 }, // U+041A
    { 0x041B, 88 }, // U+041B
    { 0x041C, 94 }, // U+041C
    { 0x041D, 83 }, // U+041D
    { 0x041E, 85 }, // U+041E
    { 0x041F, 83 }, // U+041F
    { 0x0420, 83 }, // U+0420
    { 0x0421, 85 }, // U+0421
    { 0x0422, 84 }, // U+0422
    { 0x0423, 89 }, // U+0423
    { 0x0424, 95 }, // U+0424
    { 0x0425, 92 }, // U+0425
    { 0x0426, 83 }, // U+0426
    { 0x0427, 96 }, // U+0427
    { 0x0428, 83 }, // U+0428
    { 0x0429, 83 }, // U+0429
    { 0x042A, 84 }, // U+042A
    { 0x042B, 83 }, // U+042B
    { 0x042C, 83 }, // U+042C
    { 0x042D, 93 }, // U+042D
    { 0x042E, 83 }, // U+042E
    { 0x042F, 97 }, // U+042F
    { 0x0430, 98 }, // U+0430
    { 0x0431, 99 }, // U+0431
    { 0x0432, 100 }, // U+0432
    { 0x0433, 100 }, // U+0433
    { 0x0434, 101 }, // U+0434
    { 0x0435, 102 }, // U+0435
    { 0x0436, 103 }, // U+0436
    { 0x0437, 104 }, // U+0437
    { 0x0438, 100 }, // U+0438
    { 0x0439, 100 }, // U+0439
    { 0x043A, 100 }, // U+043A
    { 0x043B, 105 }, // U+043B
    { 0x043C, 100 }, // U+043C
    { 0x043D, 100 }, // U+043D
    { 0x043E, 102 }, // U+043E
    { 0x043F, 100 }, // U+043F
    { 0x0440, 106 }, // U+0440
    { 0x0441, 102 }, // U+0441
    { 0x0442, 107 }, // U+0442
    { 0x0443, 108 }, // U+0443
    { 0x0444, 102 }, // U+0444
    { 0x0445, 103 }, // U+0445
    { 0x0446, 100 }, // U+0446
    { 0x0447, 109 }, // U+0447
    { 0x0448, 100 }, // U+0448
    { 0x0449, 100 }, // U+0449
    { 0x044A, 107 }, // U+044A
    { 0x044B, 100 }, // U+044B
    { 0x044C, 100 }, // U+044C
    { 0x044D, 104 }, // U+044D
    { 0x044E, 100 }, // U+044E
    { 0x044F, 110 }, // U+044F
    { 0x0450, 102 }, // U+0450
    { 0x0451, 102 }, // U+0451
    { 0x0452, 111 }, // U+0452
    { 0x0453, 100 }, // U+0453
    { 0x0454, 102 }, // U+0454
    { 0x0455, 112 }, // U+0455
    { 0x0456, 113 }, // U+0456
    { 0x0457, 114 }, // U+0457
    { 0x0458, 115 }, // U+0458
    { 0x0459, 105 }, // U+0459
    { 0x045A, 100 }, // U+045A
    { 0x045B, 111 }, // U+045B
    { 0x045C, 100 }, // U+045C
    { 0x045D, 100 }, // U+045D
    { 0x045E, 108 }, // U+045E
    { 0x045F, 100 }, // U+045F
    { 0x0462, 116 }, // U+0462
    { 0x0463, 117 }, // U+0463
    { 0x0472, 85 }, // U+0472
    { 0x0473, 102 }, // U+0473
    { 0x0474, 118 }, // U+0474
    { 0x0475, 119 }, // U+0475
    { 0x0490, 83 }, // U+0490
    { 0x0491, 100 }, // U+0491
    { 0x0492, 83 }, // U+0492
    { 0x0493, 100 }, // U+0493
    { 0x0496, 92 }, // U+0496
    { 0x0497, 103 }, // U+0497
    { 0x0498, 93 }, // U+0498
    { 0x0499, 104 }, // U+0499
    { 0x049A, 83 }, // U+049A
    { 0x049B, 100 }, // U+049B
    { 0x04A0, 84 }, // U+04A0
    { 0x04A1, 107 }, // U+04A1
    { 0x04A2, 83 }, // U+04A2
    { 0x04A3, 100 }, // U+04A3
    { 0x04AA, 85 }, // U+04AA
    { 0x04AB, 102 }, // U+04AB
    { 0x04AE, 120 }, // U+04AE
    { 0x04AF, 119 }, // U+04AF
    { 0x04B0, 120 }, // U+04B0
    { 0x04B1, 119 }, // U+04B1
    { 0x04B2, 92 }, // U+04B2
    { 0x04B3, 103 }, // U+04B3
    { 0x04B6, 96 }, // U+04B6
    { 0x04B7, 109 }, // U+04B7
    { 0x04BA, 83 }, // U+04BA
    { 0x04BB, 111 }, // U+04BB
    { 0x04C0, 83 }, // U+04C0
    { 0x04C1, 92 }, // U+04C1
    { 0x04C2, 103 }, // U+04C2
    { 0x04CF, 111 }, // U+04CF
    { 0x04D0, 90 }, // U+04D0
    { 0x04D1, 98 }, // U+04D1
    { 0x04D4, 121 }, // U+04D4
    { 0x04D5, 98 }, // U+04D5
    { 0x04D6, 83 }, // U+04D6
    { 0x04D7, 102 }, // U+04D7
    { 0x04D8, 85 }, // U+04D8
    { 0x04D9, 102 }, // U+04D9
    { 0x04E2, 83 }, // U+04E2
    { 0x04E3, 100 }, // U+04E3
    { 0x04E6, 85 }, // U+04E6
    { 0x04E7, 102 }, // U+04E7
    { 0x04E8, 85 }, // U+04E8
    { 0x04E9, 102 }, // U+04E9
    { 0x04EE, 89 }, // U+04EE
    { 0x04EF, 108 }, // U+04EF
    { 0x04F2, 89 }, // U+04F2
    { 0x04F3, 108 }, // U+04F3
    { 0x1EA0, 28 }, // U+1EA0
    { 0x1EA1, 43 }, // U+1EA1
    { 0x1EA2, 28 }, // U+1EA2
    { 0x1EA3, 43 }, // U+1EA3
    { 0x1EA4, 28 }, // U+1EA4
    { 0x1EA5, 43 }, // U+1EA5
    { 0x1EA6, 28 }, // U+1EA6
    { 0x1EA7, 43 }, // U+1EA7
    { 0x1EA8, 28 }, // U+1EA8
    { 0x1EA9, 43 }, // U+1EA9
    { 0x1EAA, 28 }, // U+1EAA
    { 0x1EAB, 43 }, // U+1EAB
    { 0x1EAC, 28 }, // U+1EAC
    { 0x1EAD, 43 }, // U+1EAD
    { 0x1EAE, 28 }, // U+1EAE
    { 0x1EAF, 43 }, // U+1EAF
    { 0x1EB0, 28 }, // U+1EB0
    { 0x1EB1, 43 }, // U+1EB1
    { 0x1EB2, 28 }, // U+1EB2
    { 0x1EB3, 43 }, // U+1EB3
    { 0x1EB4, 28 }, // U+1EB4
    { 0x1EB5, 43 }, // U+1EB5
    { 0x1EB6, 28 }, // U+1EB6
    { 0x1EB7, 43 }, // U+1EB7
    { 0x1EB8, 29 }, // U+1EB8
    { 0x1EB9, 45 }, // U+1EB9
    { 0x1EBA, 29 }, // U+1EBA
    { 0x1EBB, 45 }, // U+1EBB
    { 0x1EBC, 29 }, // U+1EBC
    { 0x1EBD, 45 }, // U+1EBD
    { 0x1EBE, 29 }, // U+1EBE
    { 0x1EBF, 45 }, // U+1EBF
    { 0x1EC0, 29 }, // U+1EC0
    { 0x1EC1, 45 }, // U+1EC1
    { 0x1EC2, 29 }, // U+1EC2
    { 0x1EC3, 45 }, // U+1EC3
    { 0x1EC4, 29 }, // U+1EC4
    { 0x1EC5, 45 }, // U+1EC5
    { 0x1EC6, 29 }, // U+1EC6
    { 0x1EC7, 45 }, // U+1EC7
    { 0x1EC8, 29 }, // U+1EC8
    { 0x1EC9, 48 }, // U+1EC9
    { 0x1ECA, 29 }, // U+1ECA
    { 0x1ECB, 48 }, // U+1ECB
    { 0x1ECC, 30 }, // U+1ECC
    { 0x1ECD, 45 }, // U+1ECD
    { 0x1ECE, 30 }, // U+1ECE
    { 0x1ECF, 45 }, // U+1ECF
    { 0x1ED0, 30 }, // U+1ED0
    { 0x1ED1, 45 }, // U+1ED1
    { 0x1ED2, 30 }, // U+1ED2
    { 0x1ED3, 45 }, // U+1ED3
    { 0x1ED4, 30 }, // U+1ED4
    { 0x1ED5, 45 }, // U+1ED5
    { 0x1ED6, 30 }, // U+1ED6
    { 0x1ED7, 45 }, // U+1ED7
    { 0x1ED8, 30 }, // U+1ED8
    { 0x1ED9, 45 }, // U+1ED9
    { 0x1EDA, 30 }, // U+1EDA
    { 0x1EDB, 45 }, // U+1EDB
    { 0x1EDC, 30 }, // U+1EDC
    { 0x1EDD, 45 }, // U+1EDD
    { 0x1EDE, 30 }, // U+1EDE
    { 0x1EDF, 45 }, // U+1EDF
    { 0x1EE0, 30 }, // U+1EE0
    { 0x1EE1, 45 }, // U+1EE1
    { 0x1EE2, 30 }, // U+1EE2
    { 0x1EE3, 45 }, // U+1EE3
    { 0x1EE4, 35 }, // U+1EE4
    { 0x1EE5, 54 }, // U+1EE5
    { 0x1EE6, 35 }, // U+1EE6
    { 0x1EE7, 54 }, // U+1EE7
    { 0x1EE8, 35 }, // U+1EE8
    { 0x1EE9, 54 }, // U+1EE9
    { 0x1EEA, 35 }, // U+1EEA
    { 0x1EEB, 54 }, // U+1EEB
    { 0x1EEC, 35 }, // U+1EEC
    { 0x1EED, 54 }, // U+1EED
    { 0x1EEE, 35 }, // U+1EEE
    { 0x1EEF, 54 }, // U+1EEF
    { 0x1EF0, 35 }, // U+1EF0
    { 0x1EF1, 54 }, // U+1EF1
    { 0x1EF2, 39 }, // U+1EF2
    { 0x1EF3, 57 }, // U+1EF3
    { 0x1EF4, 39 }, // U+1EF4
    { 0x1EF5, 57 }, // U+1EF5
    { 0x1EF6, 39 }, // U+1EF6
    { 0x1EF7, 57 }, // U+1EF7
    { 0x1EF8, 39 }, // U+1EF8
    { 0x1EF9, 57 }, // U+1EF9
    { 0x2012, 67 }, // U+2012
    { 0x2013, 67 }, // U+2013
    { 0x2014, 67 }, // U+2014
    { 0x2015, 67 }, // U+2015
    { 0x2018, 122 }, // U+2018
    { 0x2019, 123 }, // U+2019
    { 0x201A, 124 }, // U+201A
    { 0x201C, 122 }, // U+201C
    { 0x201D, 123 }, // U+201D
    { 0x201E, 124 }, // U+201E
    { 0x2022, 125 }, // U+2022
    { 0x2026, 11 }, // U+2026
    { 0x2030, 5 }, // U+2030
    { 0x2032, 2 }, // U+2032
    { 0x2033, 2 }, // U+2033
    { 0x2039, 66 }, // U+2039
    { 0x203A, 72 }, // U+203A
    { 0x2070, 69 }, // U+2070
    { 0x2071, 126 }, // U+2071
    { 0x2074, 69 }, // U+2074
    { 0x2075, 69 }, // U+2075
    { 0x2076, 69 }, // U+2076
    { 0x2077, 69 }, // U+2077
    { 0x2078, 69 }, // U+2078
    { 0x2079, 69 }, // U+2079
    { 0x207D, 127 }, // U+207D
    { 0x207E, 127 }, // U+207E
    { 0x207F, 126 }, // U+207F
    { 0x2080, 128 }, // U+2080
    { 0x2081, 128 }, // U+2081
    { 0x2082, 128 }, // U+2082
    { 0x2083, 128 }, // U+2083
    { 0x2084, 128 }, // U+2084
    { 0x2085, 128 }, // U+2085
    { 0x2086, 128 }, // U+2086
    { 0x2087, 128 }, // U+2087
    { 0x2088, 128 }, // U+2088
    { 0x2089, 128 }, // U+2089
    { 0x20AC, 129 }, // U+20AC
    { 0x20B9, 130 }, // U+20B9
    { 0x2206, 131 }, // U+2206
    { 0x2212, 10 }, // U+2212
    { 0x2219, 71 }, // U+2219
    { 0x2248, 24 }, // U+2248
    { 0x2260, 24 }, // U+2260
    { 0x2264, 132 }, // U+2264
    { 0x2265, 62 }, // U+2265
    { 0xFB00, 46 }, // U+FB00
    { 0xFB01, 46 }, // U+FB01
    { 0xFB02, 46 }, // U+FB02
    { 0xFB03, 46 }, // U+FB03
    { 0xFB04, 46 }, // U+FB04
};

static const int8_t sourceserif4_10_regularKernMatrix[] = {
       0,    0,    0,    0,    0,    0,    0,    0,    0,    0,  -34,  -27,    0,    0,    0,    0,  -20,   -7,  -10,    0,    0,    0,    0,    0,    0,    0,    0,  -28,    0,  -10,   -3,    0,   -3,   10,   -2,    0,    0,    0,    0,    0,    0,    0,  -10,    0,  -13,    0,  -17,    3,    0,   -3,   -7,  -10,    0,    0,    0,    0,    0,   -3,    0,    0,    0,    0,    0,    0,    0,  -16,    0,    0,    0,    0,    0,    0,  -40,  -37,  -10,  -10,    3,   17,   17,    6,   17,  -10,    0,   10,  -10,   -3,   -3,  -27,    0,  -28,  -27,    0,    0,    0,    0,    0,  -10,  -10,    0,   -3,  -24,  -13,    0,    0,  -24,   -7,    0,    0,    0,  -17,    0,  -10,    3,   17,    0,    0,    0,    0,    0,    0,  -37,    0,    0,    0,    0,    0,    0,    0,    0,    0,  -28,    0,
       0,    0,    0,    0,    0,    0,    0,    0,    0,    0,    0,  -13,    0,   -6,    0,    0,   -6,    0,    0,    0,    0,    0,    0,    0,    0,    0,    0,  -13,    0,    3,    0,    0,    0,    0,    0,   -6,   -6,    0,    0,    0,    0,    0,    0,    0,    0,    0,   -3,    0,    0,    0,    0,    0,    3,    0,    0,    0,    0,    0,    0,    0,    0,    0,    0,    0,    0,    0,    0,    0,    0,    0,    0,    0,    0,  -14,    0,    0,    0,    0,    0,    0,    0,    0,    0,    0,    3,    0,    0,    0,    0,  -13,    0,    0,    0,    0,    0,    0,    0,    0,    0,    0,    0,    0,    0,    0,    0,    0,    0,    0,    0,    0,    0,    0,    0,    0,    0,    0,    0,   -6,    0,    0,  -14,    0,    0,    0,    0,    0,    0,    0,    0,    0,  -13,    0,
       0,    0,    0,    0,    0,    0,    0,    0,    0,    0,    0,    0,    0,   -3,    0,    0,    0,    0,    0,   -4,    0,   -3,    0,    0,    0,    0,    0,    0,    0,    0,    0,    0,    0,    0,    0,    0,    0,    0,    0,    0,    0,    0,    0,    0,    0,    0,    0,    0,    0,    0,    0,    0,    0,    0,    0,    0,    0,    0,    0,    0,    0,    0,    0,    0,    0,    0,    0,    0,    0,    0,    0,    0,    0,    0,    0,    0,    0,    0,    0,    0,    0,    0,    0,    0,    0,    0,    0,    0,    0,    0,    0,    0,    0,    0,    0,    0,    0,    0,    0,    0,    0,    0,    0,    0,    0,    0,    0,    0,    0,    0,    0,    0,    0,    0,    0,    0,    0,    0,    0,    0,    0,    0,    0,    0,    0,    0,    0,    0,    0,    0,    0,    0,
       0,    0,    0,    0,    0,    0,    0,   -7,    0,    0,   -3,    0,    0,    0,    0,    0,  -10,   -3,   -6,   -7,    0,    0,    0,    0,    0,    0,    0,    0,    0,    0,   -3,    0,    0,  -20,  -10,  -23,  -20,    0,  -27,    0,    0,    0,    0,    0,   -3,    0,    0,    0,    0,    0,    0,    0,    0,    0,    0,    0,    0,    0,    0,    0,    0,    0,    0,    0,    0,   -7,  -10,    0,    0,    0,    0,    0,    0,    0,    0,    0,    0,    0,    0,    0,    0,    0,    0,  -20,    0,    0,   -3,    0,    0,    0,    0,    0,    0,    0,    0,    0,    0,    0,    0,    0,    0,   -3,    0,    0,    0,    0,    0,    0,    0,    0,    0,    0,    0,    0,    0,    0,    0,  -23,    0,  -27,    0,    0,    0,    0,    0,    0,    0,    0,    0,    0,    0,    0,
       0,    0,   -6,    0,    0,   -7,  -17,    0,    0,    0,    0,    0,   -7,    0,   -7,   -7,  -10,   -7,   -7,    0,   -7,   -3,  -13,    0,    0,    0,    0,  -10,    0,   -7,    0,    0,   -3,    0,   -3,    0,    0,    0,    0,    0,    0,    0,    0,    0,  -10,    0,    0,    0,   34,   -7,    0,   -7,   -3,   -7,   -7,   -3,    3,   -3,    0,    0,    0,    0,    0,    0,    0,  -14,  -13,    0,    0,    0,  -20,  -14,   -7,  -13,    0,    0,    0,   10,   10,    6,   10,   -7,    0,    0,   -7,   -3,    0,    0,    0,  -10,    0,    0,    0,    0,    0,    0,    0,    0,    0,   -7,    0,  -10,   -3,    0,    0,    0,    0,    3,    0,    0,    0,   -7,    0,   10,   34,    0,    0,    0,   -7,    0,  -13,   -6,    0,    0,  -14,    0,    0,    0,    0,    0,  -10,    0,
       0,    0,    0,    0,    0,    0,    0,  -17,    0,    0,  -13,    0,    0,    0,    0,    0,    0,    0,    0,    0,    0,    0,    0,    0,    0,    0,    0,    0,    0,    0,    0,    0,    0,    0,    0,    0,    0,    0,    0,    0,    0,    0,    0,    0,    0,    0,    0,    0,    0,    0,    0,    0,    0,    0,    0,    0,    0,    0,    0,    0,    0,    0,    0,    0,    0,    0,    0,    0,    0,    0,    0,    0,    0,    0,    0,    0,    0,    0,    0,    0,    0,    0,    0,    0,    0,    0,    0,    0,    0,    0,    0,    0,    0,    0,    0,    0,    0,    0,    0,    0,    0,    0,    0,    0,    0,    0,    0,    0,    0,    0,    0,    0,    0,    0,    0,    0,    0,    0,    0,    0,    0,    0,    0,    0,    0,    0,    0,    0,    0,    0,    0,    0,
       0,    0,    0,    0,    0,    0,    0,    0,    0,    0,  -33,    0,    0,    0,    0,    0,    0,    0,    0,    0,    0,    0,    0,    0,    0,    0,    0,  -40,    0,   -3,   -7,    0,    0,    7,    0,    0,    0,   -3,    0,    0,    0,    0,  -13,    0,   -7,    0,  -13,    0,    0,   -3,   -3,   -7,    0,    0,    0,    0,    0,   -3,    0,    0,    0,    0,    0,    0,    0,    0,    0,    0,    0,    0,    0,    0,    0,  -57,  -13,  -13,    0,    6,    6,    0,    6,   -7,    0,    7,   -3,    0,   -7,    0,    0,  -40,    0,   -3,    0,    0,    0,    0,    0,  -13,    0,   -3,    0,   -7,    0,    0,    0,   -3,    0,    0,    0,    0,    0,   -7,    0,    6,    0,    0,    0,    0,    0,    0,  -57,    0,    0,    0,    0,    0,    0,    0,    0,    0,  -40,    0,
       0,    0,    0,    0,    0,    0,    0,    0,    0,    0,    0,    0,    0,  -13,  -13,  -10,    0,   -7,    0,  -20,  -10,   -3,    0,    0,    0,    0,    0,    0,    0,    0,    0,    0,    0,    0,    0,    0,    0,    0,    0,    0,    0,    0,    0,    0,    0,    0,    0,    0,    0,    0,    0,    0,    0,    0,    0,    0,    0,    0,    0,    0,    0,    0,    0,    0,    0,    0,    0,    0,    0,    0,    0,    0,    0,    0,    0,    0,    0,    0,    0,    0,    0,    0,    0,    0,    0,    0,    0,    0,    0,    0,    0,    0,    0,    0,    0,    0,    0,    0,    0,    0,    0,    0,    0,    0,    0,    0,    0,    0,    0,    0,    0,    0,    0,    0,    0,    0,    0,    0,    0,    0,    0,    0,    0,    0,    0,    0,    0,    0,    0,    0,    0,    0,
       0,  -27,    0,    0,    0,    0,    0,  -16,  -43,    0,  -13,    0,  -13,  -16,  -10,  -10,  -26,  -10,  -19,  -13,  -10,  -26,    0,    0,    0,    0,    0,    0,    0,  -20,    0,    0,    0,  -27,  -20,  -43,  -40,    0,  -33,    0,  -43,    0,   -7,    0,  -10,    0,   -6,    0,    4,    0,  -10,   -6,  -13,  -13,  -30,    0,  -13,   -6,    0,    0,    0,    0,    0,    0,  -46,  -19,  -13,    0,    0,    0,    0,    0,    0,    0,   -7,   -7,    0,    0,    0,   -7,    0,   -6,    0,  -27,  -20,    0,    0,    0,    0,    0,    0,    0,    0,    0,    0,    0,    0,   -7,    0,    0,    0,  -10,    0,    0,    0,  -10,  -16,  -13,  -17,    0,    0,   -6,    0,    0,    4,    0,    0,  -47,  -30,  -33,    0,  -33,  -33,    0,    0,  -46,    0,    0,    0,    0,    0,    0,
       0,    0,   -7,    0,    0,    0,    0,    0,    0,    0,  -46,  -27,    0,    0,    0,    0,  -17,    0,  -10,    6,   -3,   -3,    0,    0,    0,    0,    0,  -24,    0,    0,    0,    0,    0,    0,    0,    3,    3,    0,    0,    0,    0,    0,  -10,    0,  -10,    0,  -10,    0,    0,   -7,   -7,   -7,    0,   -4,    0,   -4,    0,   -7,    0,  -13,    0,    0,    0,    0,    0,  -14,  -20,    0,    0,    0,  -10,    0,  -40,  -24,  -10,  -10,    0,   10,   10,    3,   10,   -7,    0,    0,    0,    0,    0,    0,    0,  -24,    0,    0,    0,    0,    0,    0,    0,  -10,    0,   -7,    0,  -10,   -4,    0,    0,   -7,    0,    0,    0,    0,    0,   -7,    0,   10,    0,    0,    0,    3,    0,    0,  -24,    0,    0,  -27,    0,    0,    0,    0,    0,    0,  -24,    0,
       0,    0,    0,    0,    0,    0,    0,   -7,    0,    0,  -16,    0,    0,    0,    0,    0,    0,    0,    0,    0,    0,    0,    0,    0,    0,    0,    0,   -7,   -3,    0,    0,    0,    0,    0,   -7,   -7,   -7,   -3,  -10,    0,    0,  -13,    0,    0,    3,    0,    0,    7,    7,    7,    0,    0,    3,    0,    3,    0,    3,    0,    0,    0,    0,    0,    0,    0,    0,    0,    0,    0,    0,    0,    0,    0,    0,   -7,    0,    0,    7,    7,    7,    0,    7,    0,   -3,    0,    0,    0,    0,    0,    0,   -7,    0,   -3,    0,    0,    0,    0,    0,    0,    0,    7,    0,    3,    0,    0,    0,    0,    0,    3,    0,    0,    0,    0,    7,    7,    7,    0,    0,   -7,    3,  -10,   -7,    0,    6,    0,    0,    0,    0,    0,    0,    0,   -7,    0,
       0,  -13,    0,   -6,  -13,    0,    0,    0,  -16,  -10,    0,    0,    0,    0,    0,    0,   -7,   -3,   -3,   -7,   -3,   -7,   -6,  -10,  -13,    0,    0,    0,    0,   -3,    0,    0,    0,   -7,  -10,  -13,  -13,    0,  -13,    0,    0,    0,   -3,    0,   -7,    0,    0,    0,    0,    0,   -7,    0,   -3,   -7,  -10,    0,  -10,    0,    0,    0,   -7,    0,   -3,    0,  -13,  -10,  -13,  -19,  -19,    0,  -23,    0,    0,    0,   -3,   -3,    0,    0,    0,    0,    0,    0,    0,   -7,   -3,    0,    0,    0,    0,    0,    0,    0,    0,    0,    0,    0,    0,   -3,    0,    0,    0,   -7,    0,    0,    0,   -7,    0,  -10,    0,    0,    0,    0,    0,    0,    0,    0,    0,  -13,  -10,  -13,    0,  -19,  -13,    0,  -10,  -13,    0,    0,   -3,  -16,    0,    0,
       0,    0,    0,    0,   -3,    0,    0,    0,    0,    0,   -3,    0,    0,    0,    0,    0,   -7,    0,    0,    0,    0,    0,    0,    0,    0,    0,    0,    0,    0,    0,    0,    0,    0,    0,   -7,   -7,   -7,    0,  -10,    0,    0,    0,    0,    0,   -3,    0,    0,    0,    0,    0,   -7,    0,    0,    0,    0,    0,    0,    0,    0,    0,    0,    0,    0,    0,    0,   -7,  -13,    0,    0,    0,  -13,    0,    0,    0,    0,    0,    0,    0,    0,    0,    0,    0,    0,    0,    0,    0,    0,    0,    0,    0,    0,    0,    0,    0,    0,    0,    0,    0,    0,    0,    0,   -3,    0,    0,    0,   -7,    0,    0,    0,    0,    0,    0,    0,    0,    0,    0,    0,   -7,    0,  -10,    0,    0,    0,    0,   -6,    0,    0,    0,    0,    0,    0,    0,
       0,    0,    0,   -6,  -10,    0,    0,   -7,   -3,  -10,  -10,  -10,    0,    0,    0,    0,    0,   -7,    0,  -10,   -3,    0,    0,    0,   -6,    0,    0,    0,   -3,    0,   -7,   -3,    0,   -7,  -13,  -17,  -17,   -7,  -13,    0,   -6,  -10,    0,    0,    0,   -3,   -3,    0,    0,    0,   -7,    0,    0,    0,   -3,    0,   -3,    0,    0,    0,   -3,    0,    0,    0,   -3,    0,    0,  -10,   -6,    0,  -10,    0,    0,  -10,    0,    0,    0,    0,    0,    0,    0,    0,   -3,   -7,    0,    0,   -7,    0,    0,    0,    0,   -7,    0,   -3,    0,    0,    0,    0,    0,    0,    0,    0,    0,    0,    0,   -7,    0,   -3,    0,    0,    0,    0,    0,    0,    0,    0,    0,  -17,   -3,  -13,  -10,   -3,   -3,    0,   -3,   -3,    0,    0,    0,   -3,    0,    0,
       0,   -7,    0,    0,    0,    7,    6,    6,    0,    0,   -6,    0,    3,    0,    0,    0,    3,    0,    0,    0,    0,    0,    0,    6,    0,    0,    6,    0,    0,    0,    0,    0,    0,    0,    0,  -10,  -10,    0,  -10,    3,    0,  -10,    0,    0,    3,    0,    0,    0,    0,    0,   -3,    0,    3,    0,   -3,    0,    0,    0,    0,    0,    0,    0,    0,    0,    0,    6,    6,   -7,  -10,    0,    0,    0,    0,   -4,    0,    0,    0,    0,    0,    0,    0,    0,    0,    0,    0,    0,    0,    0,    0,    0,    0,    0,    0,    0,    0,    0,    0,    0,    0,    0,    0,    3,    0,    0,    0,   -3,    0,    0,    0,    0,    0,    0,    0,    0,    0,    0,    0,  -10,   -3,  -10,   -4,   -7,    0,    0,    0,    0,    0,    0,    0,    0,    0,    0,
       0,    0,    0,   -3,    0,    3,    0,    0,    0,    0,  -13,   -7,    0,    0,    0,    0,    0,   -3,   -3,   -4,    0,   -7,    0,    0,   -3,    0,    0,   -7,    0,    0,    0,    0,    0,    0,   -3,   -3,   -3,    0,   -3,    0,    0,  -10,    0,    0,    0,   -3,    0,    0,    0,    0,   -3,    0,    0,    0,   -3,    0,   -3,    0,    0,    0,    0,    0,    0,    0,    0,    0,    0,    0,   -3,    0,   -3,    0,    0,   -4,    0,    0,    0,    0,    0,    0,    0,    0,    0,    0,    0,    0,    0,    0,    0,   -7,    0,    0,    0,    0,    0,    0,    0,    0,    0,    0,    0,    0,    0,    0,    0,   -3,    0,   -3,    0,    0,    0,    0,    0,    0,    0,    0,    0,   -3,   -3,   -3,   -4,    0,    0,    0,    0,    0,    0,   -3,    0,    0,   -7,    0,
       0,    0,    0,   -3,    0,    0,    0,    0,    0,    0,   -6,   -6,    0,   -3,   -3,    0,    0,   -3,    0,   -7,    0,   -7,    0,    0,   -6,    0,    0,   -3,    0,    0,   -4,    0,    0,    0,   -4,   -4,   -4,    0,   -4,    0,    0,  -10,    0,    0,    0,    0,    0,    0,    0,    0,   -3,    0,    0,    0,   -4,    0,   -4,    0,    0,    0,    0,    0,    0,    0,   -3,    0,    0,   -6,  -13,    0,   -6,    0,    0,    0,    0,    0,    0,    0,    0,   -3,    0,    0,    0,    0,    0,    0,   -4,    0,    0,   -3,    0,    0,    0,    0,    0,    0,    0,    0,    0,    0,    0,    0,    0,    0,    0,   -3,    0,   -4,    0,    0,    0,    0,    0,    0,    0,    0,    0,   -4,   -4,   -4,    0,   -6,    0,    0,    0,   -3,    0,   -3,    0,   -3,   -3,    0,
       0,    0,   -7,   -7,   -3,  -11,    0,    0,    0,   -7,  -37,  -23,    0,    0,   -7,   -7,  -17,  -14,  -13,    0,   -8,   -7,   -7,    0,    0,    0,  -14,  -24,    0,   -3,    0,    0,    0,    0,   -3,    0,    0,    0,    0,    0,    6,  -43,  -10,    0,  -13,   -3,  -13,    0,    0,  -10,  -10,  -10,    0,   -7,   -3,   -7,   -3,   -7,    0,    0,  -10,   -7,    4,    0,    0,  -17,  -20,    0,    0,    0,  -16,   -7,    0,  -27,  -10,  -10,    0,    7,    7,    0,    7,  -10,    0,    0,   -3,    0,    0,  -14,    0,  -24,  -14,    0,    0,    0,    0,    0,   -7,  -10,    0,  -10,  -17,  -13,   -7,    0,  -17,  -10,    0,   -3,    0,  -14,    0,  -10,    0,    7,    0,    0,    0,    0,   -3,    0,  -27,    0,    7,    0,  -10,    0,    0,  -34,  -10,    0,  -24,  -13,
       0,    0,    0,   -3,    0,    0,    0,   -7,    0,    0,  -36,  -23,    0,    0,    0,    0,    0,  -10,   -6,   -7,   -7,    0,    0,    0,   -7,    0,    0,  -20,  -10,    0,   -7,   -3,    0,    0,  -10,  -13,  -13,  -10,  -16,    0,    0,  -33,   -3,   -3,    0,    0,   -3,    0,    0,   -3,   -3,    0,    3,    0,    3,    0,    3,    0,    0,    0,    0,    0,    0,    0,    0,    0,    0,    0,   -6,    0,   -3,    0,    0,  -20,   -3,   -3,    0,    0,    0,    0,    0,    0,  -10,    0,    0,    0,   -7,    0,    0,  -20,    0,  -10,    0,   -3,    0,    0,    0,   -3,    0,   -3,   -7,    0,    0,    0,   -7,   -3,    0,    3,    0,    0,   -3,    0,    0,    0,    0,    0,    0,  -13,    3,  -16,  -20,    0,    0,    0,    0,    0,    0,  -20,    0,    0,  -20,    0,
       0,    0,    0,    0,    0,    0,    0,    0,    0,    0,    0,    0,    0,  -10,    0,    0,    0,    0,    0,   -7,    0,    0,    0,    0,    0,    0,    0,    0,    0,    0,    0,    0,    0,    0,   -3,  -10,  -10,   -3,  -16,    0,    0,    0,    0,    0,    0,    0,    0,    0,    0,    0,    0,    0,    0,    0,    0,    0,    0,    0,    0,    0,    0,    0,    0,    0,    0,    0,    0,    0,    0,    0,    0,    0,    0,    0,    0,    0,    0,    0,    0,    0,    0,    0,    0,    0,    0,    0,    0,    0,    0,    0,    0,   -3,    0,    0,    0,    0,    0,    0,    0,    0,    0,    0,    0,    0,    0,    0,    0,    0,    0,    0,    0,    0,    0,    0,    0,    0,    0,  -10,    0,  -16,    0,    0,    0,    0,    0,    0,    0,    0,    0,    0,    0,    0,
       0,    0,    0,    0,    0,    0,    0,    0,    0,    0,    0,    0,    0,   -6,   -7,   -3,    0,   -3,   -6,    0,   -6,   -6,    0,    0,    0,    0,    0,    0,    0,    0,    0,    0,    0,    0,    0,    0,    0,    0,    0,    0,    0,    0,    0,    0,    0,    0,    0,    0,    0,    0,    0,    0,    0,    0,    0,    0,    0,    0,    0,    0,    0,    0,    0,    0,    0,    0,    0,    0,    0,    0,    0,    0,    0,    0,    0,    0,    0,    0,    0,    0,    0,    0,    0,    0,    0,    0,    0,    0,    0,    0,    0,    0,    0,    0,    0,    0,    0,    0,    0,    0,    0,    0,    0,    0,    0,    0,    0,    0,    0,    0,    0,    0,    0,    0,    0,    0,    0,    0,    0,    0,    0,    0,    0,    0,    0,    0,    0,    0,    0,    0,    0,    0,
       0,    0,    0,    0,    0,    0,    0,    0,    0,    0,    0,    0,    0,  -10,   -3,   -7,    3,    0,    0,  -10,    0,    0,    0,    0,    0,    0,    0,    0,    0,    0,    0,    0,    0,    0,    0,    0,    0,    0,    0,    0,    0,    0,    0,    0,    0,    0,    0,    0,    0,    0,    0,    0,    0,    0,    0,    0,    0,    0,    0,    0,    0,    0,    0,    0,    0,    0,    0,    0,    0,    0,    0,    0,    0,    0,    0,    0,    0,    0,    0,    0,    0,    0,    0,    0,    0,    0,    0,    0,    0,    0,    0,    0,    0,    0,    0,    0,    0,    0,    0,    0,    0,    0,    0,    0,    0,    0,    0,    0,    0,    0,    0,    0,    0,    0,    0,    0,    0,    0,    0,    0,    0,    0,    0,    0,    0,    0,    0,    0,    0,    0,    0,    0,
       0,    0,    0,    0,    0,    0,    0,  -14,    0,    0,  -40,  -27,    0,    0,    0,    0,    0,    0,    0,    0,    0,    0,    0,    0,    0,    0,    0,    0,    0,    0,    0,    0,    0,    0,    0,    0,    0,    0,    0,    0,    0,    0,    0,    0,    0,    0,    0,    0,    0,    0,    0,    0,    0,    0,    0,    0,    0,    0,    0,    0,    0,    0,    0,    0,    0,  -20,    0,    0,    0,    0,    0,   -7,    0,    0,    0,    0,    0,    0,    0,    0,    0,    0,    0,    0,    0,    0,    0,    0,    0,    0,    0,    0,    0,    0,    0,    0,    0,    0,    0,    0,    0,    0,    0,    0,    0,    0,    0,    0,    0,    0,    0,    0,    0,    0,    0,    0,    0,    0,    0,    0,    0,    0,    0,    0,    0,    0,    0,    0,    0,    0,    0,    0,
       0,    0,    0,    0,    0,    0,    0,    0,    0,    0,    0,    0,    0,    0,    0,    0,    0,   -3,    0,    0,    0,    0,    0,    0,    0,    0,    0,    0,    0,    0,    0,    0,    0,    0,    0,    0,    0,    0,    0,    0,    0,  -27,    0,   -3,    0,    0,   -3,    0,    0,    0,   -3,    0,    0,    0,    0,    0,    0,    0,    0,    0,    0,    0,    0,    0,    0,    0,    0,    0,    0,    0,    0,    0,    0,    0,    0,    0,    0,    0,    0,    0,    0,    0,    0,    0,    0,    0,    0,    0,    0,    0,    0,    0,    0,    0,    0,    0,    0,    0,    0,    0,    0,    0,    0,    0,    0,   -3,    0,    0,    0,    0,   -3,    0,    0,    0,    0,    0,    0,    0,    0,    0,    0,    0,    0,    0,    0,    0,    0,    0,    0,    0,    0,    0,
       0,  -20,    0,    0,    0,    0,    0,  -10,  -37,    0,    0,    0,   -4,    0,    0,   -3,  -13,    0,   -7,  -10,    0,   -7,    0,    0,    0,    0,    0,    3,   -3,  -13,   -5,   -3,    0,  -20,  -23,  -40,  -33,    0,  -30,    0,  -20,    0,   -2,    0,   -7,    0,    0,    0,   -3,    0,  -10,    0,   -7,   -7,  -20,    0,  -17,    0,    0,    0,    0,    0,    0,   -4,  -37,  -10,  -10,    0,  -47,    0,  -20,    0,    0,    0,   -2,   -2,    0,    0,    0,   -7,    0,    0,    0,    0,    0,    0,    0,    0,    0,    0,    0,    0,    0,    0,    0,    0,    0,    0,    0,    0,    0,    0,    0,    0,    0,    0,    0,    0,    0,    0,    0,    0,    0,    0,    0,    0,    0,    0,    0,    0,    0,  -30,  -27,    0,  -10,  -33,    0,    0,    0,    0,    0,    0,
       0,   -3,    0,    0,    0,    0,    0,   -7,   -3,    0,  -10,   -7,    0,   -3,   -7,   -3,    0,    0,    0,   -4,    0,   -3,    0,    0,    0,    0,    0,  -10,   -8,   -3,   -5,   -7,    0,   -7,  -10,  -17,  -13,  -10,  -17,   -3,   -7,   -7,    0,   -3,    0,   -7,    0,    0,    0,    0,   -3,    0,    0,   -7,   -6,   -3,   -3,    0,    0,    0,    0,    0,    0,    0,    0,    0,    0,    0,  -10,    0,   -3,    0,    0,  -17,    0,    0,    0,    0,    0,   -3,    0,    0,    0,    0,    0,    0,    0,    0,    0,    0,    0,    0,    0,    0,    0,    0,    0,    0,    0,    0,    0,    0,    0,    0,    0,    0,    0,    0,    0,    0,    0,    0,    0,    0,    0,    0,    0,    0,    0,    0,    0,   -3,    0,    0,    0,    0,    0,   -7,    0,    0,    0,    0,
       0,    7,    0,    0,    0,    0,    0,    0,    0,    0,    0,    0,    0,    0,    0,    0,    0,    0,    0,    0,    0,    0,    0,    0,    0,    0,    0,    0,    0,    0,    0,    0,    0,    0,   -3,   -3,   -3,    0,   -6,    0,    0,   -3,    0,    0,    0,    0,    0,    0,    0,    0,   -3,    0,    0,   -3,    0,    0,    0,    0,    0,    0,    0,    0,    0,    0,    3,    0,    0,    0,    0,    0,   -7,    0,    0,   -6,    0,    0,    0,    0,    0,    0,    0,    0,    0,    0,    0,    0,    0,    0,    0,    0,    0,    0,    0,    0,    0,    0,    0,    0,    0,    0,    0,    0,    0,    0,    0,    0,    0,    0,    0,    0,    0,    0,    0,    0,    0,    0,    0,    0,    0,    0,    0,    4,    7,    0,    0,    0,    0,    0,    0,    0,    0,    0,
       0,    0,    0,    0,    0,    0,    0,   -7,    0,    0,  -13,  -10,    0,   -3,   -7,   -3,   -3,    0,    0,   -4,    0,    0,    0,    0,    0,    0,    6,  -20,  -10,    3,   -3,   -7,    0,   -7,   -7,  -16,  -16,  -13,  -20,   -3,   -7,  -24,    0,   -3,    0,    0,   -3,    0,    0,    0,   -3,   -3,    0,    0,    0,   -3,    0,    0,    0,    0,    0,    0,    0,    3,    0,    0,    0,    0,   -7,    0,    0,    0,    0,  -27,    0,    0,    0,    0,    0,    0,    0,   -3,    0,    0,    0,    0,    0,    0,    0,    0,    0,    0,    0,    0,    0,    0,    0,    0,    0,    0,    0,    0,    0,    0,    0,    0,    0,    0,    0,    0,    0,    0,    0,    0,    0,    0,    0,    0,    0,    0,    0,   -6,    0,    0,    0,    0,    0,  -17,    0,    0,    0,    0,
       0,    0,    0,    0,    0,    0,    0,    0,    0,    0,    0,    0,    0,    0,    0,   -3,    0,    0,    0,    0,    0,    0,    0,    0,    0,    0,    0,    0,    0,    0,    0,    0,    0,    0,   -5,   -5,   -5,    0,   -5,    0,    0,    0,    0,    0,    0,    0,   -3,    0,    0,    0,   -7,    0,    0,   -3,   -7,    0,   -7,    0,    0,    0,    0,    0,    0,    0,    0,    0,    0,    0,    0,    0,   -7,    0,    0,    0,    0,    0,    0,    0,    0,    0,    0,    0,    0,    0,    0,    0,    0,    0,    0,    0,    0,    0,    0,    0,    0,    0,    0,    0,    0,    0,    0,    0,    0,    0,    0,    0,    0,    0,    0,    0,    0,    0,    0,    0,    0,    0,    0,    0,    0,    0,    0,    0,    0,    0,   -4,    0,    0,    0,    0,    0,    0,    0,
       0,    3,    0,    0,    0,   -4,    0,    0,    3,    0,  -30,  -20,    0,    0,   -3,   -4,  -11,   -7,   -7,    3,    0,    0,    0,    0,    0,    0,   -7,  -24,   -3,   -3,    0,    0,    0,    3,    0,    0,    0,    0,    0,    0,    3,  -40,  -14,    0,  -14,  -10,  -20,   -4,    0,   -7,  -13,  -15,    0,   -7,   -7,  -10,   -7,  -10,    0,    0,    0,    0,    0,    0,    0,  -10,   -7,    0,    0,    0,  -10,   -4,    0,  -43,  -14,  -14,   -4,    7,    7,    3,    7,  -15,    0,    0,    0,    0,    0,    0,    0,    0,    0,    0,    0,    0,    0,    0,    0,    0,    0,    0,    0,    0,    0,    0,    0,    0,    0,    0,    0,    0,    0,    0,    0,    0,    0,    0,    0,    0,    0,    0,    0,    7,    3,    0,   -7,    0,    0,  -40,    0,    0,    0,    0,
       0,    0,    0,    0,    0,    0,    0,   -3,    0,    0,   -3,   -7,    0,   -3,   -7,   -3,    0,    0,    0,    0,    0,    0,    0,    0,    0,    0,    3,   -4,   -3,    3,    0,    0,    0,   -4,   -5,  -13,  -13,   -7,  -16,   -4,    0,  -13,    0,    0,    0,    0,    0,    0,    0,    0,   -3,    0,    0,    0,    0,    0,    0,    0,    0,    0,    0,    0,    0,    0,    0,    7,    6,    0,  -10,    0,    0,    0,    0,  -13,    0,    0,    0,    0,    0,    0,    0,    0,    0,    0,    0,    0,    0,    0,    0,    0,    0,    0,    0,    0,    0,    0,    0,    0,    0,    0,    0,    0,    0,    0,    0,    0,    0,    0,    0,    0,    0,    0,    0,    0,    0,    0,    0,    0,    0,    0,    0,    0,    0,    0,    0,    0,    0,   -7,    0,    0,    0,    0,
       0,    0,    0,    0,    0,    0,    0,    0,    0,    0,    0,    0,   -3,   -7,   -3,   -3,  -13,   -4,   -7,    0,   -3,   -7,    0,    0,    0,    0,    0,    0,    0,   -8,    0,    0,    0,    0,    0,    0,    0,    0,    0,    0,    0,    0,   -7,    0,   -7,   -6,   -7,    0,    0,    0,  -10,   -7,   -3,   -7,  -13,    0,  -10,    0,    0,    0,    0,    0,    0,    0,    0,   -7,    0,    0,    0,    0,    0,    0,    0,    0,   -7,   -7,    0,    3,    3,    0,    3,   -7,    0,    0,    0,    0,    0,    0,    0,    0,    0,    0,    0,    0,    0,    0,    0,    0,    0,    0,    0,    0,    0,    0,    0,    0,    0,    0,    0,    0,    0,    0,    0,    0,    0,    0,    0,    0,    0,    0,    0,    0,    0,    0,    0,    0,    0,    0,    0,    0,    0,    0,
       0,    0,    0,    0,    0,    0,    0,    0,    0,    0,  -17,  -11,    0,   -7,   -4,   -7,  -13,   -4,   -7,    0,    0,   -7,   -7,    0,    0,    0,   -4,  -14,    0,   -3,   -3,    0,   -3,    0,    0,    0,    0,    0,    0,    0,    0,  -24,   -9,    0,   -7,  -13,  -10,   -3,   -3,  -10,  -13,  -10,   -7,  -10,  -10,   -7,  -10,   -7,    0,    0,    0,    0,    0,    0,    0,   -7,   -3,    0,    0,    0,   -7,   -7,    0,  -17,   -9,   -9,   -3,    5,    5,    0,    5,  -10,    0,    0,    0,    0,    0,    0,    0,    0,    0,    0,    0,    0,    0,    0,    0,    0,    0,    0,    0,    0,    0,    0,    0,    0,    0,    0,    0,    0,    0,    0,    0,    0,    0,    0,    0,    0,    0,    0,    0,    0,    0,    0,    0,    0,    0,  -17,    0,    0,    0,    0,
       0,    0,    0,    0,    0,    0,    0,    0,    0,    0,    0,    0,   -4,    0,    0,    0,    0,    0,   -7,    0,   -3,   -7,    0,    0,    0,    0,    0,    3,    0,  -10,   -7,    0,    0,    0,   -4,   -3,   -3,    0,   -3,    3,    0,    0,   -3,    0,   -7,    0,   -3,    0,    0,    0,  -10,    0,   -7,   -7,  -20,    0,  -17,    0,    0,    0,    0,    0,    0,   -7,    0,  -10,  -10,    0,    0,    0,  -27,    0,    0,    0,   -3,   -3,    0,    6,    6,    0,    6,    0,    0,    0,    0,    0,    0,    0,    0,    0,    0,    0,    0,    0,    0,    0,    0,    0,    0,    0,    0,    0,    0,    0,    0,    0,    0,    0,    0,    0,    0,    0,    0,    0,    0,    0,    0,    0,    0,    0,    0,    0,    0,    0,  -17,    0,    0,    0,    0,    0,    0,    0,
       0,  -37,    0,    0,    0,    0,    0,  -10,  -33,    0,    0,    0,    0,   -6,   -7,    0,   -6,    0,    0,  -10,    0,  -10,    0,    0,    0,    0,    0,    0,   -6,   -7,   -7,   -3,   -6,  -27,  -17,  -40,  -33,   -6,  -36,   -6,  -20,    0,    0,    0,    0,   -3,    0,    0,    0,    0,   -7,    0,   -3,   -8,  -14,    0,  -10,    0,    0,    0,    0,    0,    0,    0,  -39,    0,    0,    0,  -50,    0,  -19,    0,    0,   -3,    0,    0,    0,    0,    0,  -10,    0,    0,    0,    0,    0,    0,    0,    0,    0,    0,    0,    0,    0,    0,    0,    0,    0,    0,    0,    0,    0,    0,    0,    0,    0,    0,    0,    0,    0,    0,    0,    0,    0,    0,    0,    0,    0,    0,    0,    0,    0,  -27,  -24,    0,  -10,  -33,    0,    0,    0,    0,    0,    0,
       0,    0,    0,    0,    0,    0,    0,    0,    0,    0,  -10,  -11,    0,  -10,   -7,   -7,  -10,   -7,   -7,    0,   -4,   -7,   -3,    0,    0,    0,    0,  -14,   -3,   -7,    0,    0,   -3,    0,   -3,    0,    0,   -3,    0,    0,    0,  -20,   -4,    0,   -4,   -7,   -7,    0,    0,   -4,   -7,   -4,   -4,   -7,   -7,   -7,   -7,   -7,    0,    0,    0,    0,    0,    0,    0,   -7,    0,    0,    0,    0,   -3,   -4,    0,  -23,   -4,   -4,    0,    3,    3,    0,    3,   -4,    0,    0,    0,    0,    0,    0,    0,    0,    0,    0,    0,    0,    0,    0,    0,    0,    0,    0,    0,    0,    0,    0,    0,    0,    0,    0,    0,    0,    0,    0,    0,    0,    0,    0,    0,    0,    0,    0,    0,    0,    0,    0,    0,    0,    0,  -14,    0,    0,    0,    0,
       0,  -10,    0,    0,    0,    0,    0,   -7,   -3,    0,  -13,   -6,    0,   -3,    0,   -3,    0,    0,    0,    0,    0,    0,    0,    0,    0,    0,    7,  -13,   -8,    3,   -3,   -7,    0,   -3,   -7,  -13,  -10,  -10,  -13,    0,   -3,  -17,    0,    0,    0,    0,    0,    0,    0,    0,    0,    0,    0,    0,    0,    0,    0,    0,    0,    0,    0,    0,    0,    3,    3,    7,    3,    0,   -4,    0,    0,    0,    0,  -20,    0,    0,    0,    0,    0,   -3,    0,    0,    0,    0,    0,    0,    0,    0,    0,    0,    0,    0,    0,    0,    0,    0,    0,    0,    0,    0,    0,    0,    0,    0,    0,    0,    0,    0,    0,    0,    0,    0,    0,    0,    0,    0,    0,    0,    0,    0,    0,    0,    0,    0,    0,    0,    0,  -13,    0,    0,    0,    0,
       0,    3,    0,    0,    0,    0,    0,   -3,    7,    0,  -34,  -17,    0,    0,    0,    0,   -7,    0,    0,    0,    0,    0,    3,    0,    0,    0,    0,  -21,   -3,    0,   -3,    0,    3,    3,   -7,   -3,   -3,   -7,   -7,    3,    3,  -47,    0,    0,   -7,    0,   -7,    3,    0,   -3,    0,    0,    6,    0,    3,    0,    7,    0,    0,    0,    0,    0,    0,    3,    7,    0,    0,    0,    0,    0,    0,    0,    0,  -37,    0,    0,    3,    3,    3,    0,    3,    0,    0,    0,    0,    0,    0,    0,    0,    0,    0,    0,    0,    0,    0,    0,    0,    0,    0,    0,    0,    0,    0,    0,    0,    0,    0,    0,    0,    0,    0,    0,    0,    0,    0,    0,    0,    0,    0,    0,    0,   10,    7,    0,    0,    0,    0,  -40,    0,    0,    0,    0,
       0,  -13,    0,    0,    0,    0,    0,    0,   -4,    0,    0,    0,   -3,   -3,    0,    0,  -10,    0,   -4,   -7,    0,   -7,    0,    0,    0,    0,    0,    3,    0,   -7,   -3,    0,    0,  -10,  -10,  -20,  -17,    3,  -17,    3,   -7,    7,    0,    0,   -3,    0,    0,    0,    0,    0,   -3,    0,   -3,   -4,   -7,    0,   -7,    0,    0,    0,    0,    0,    0,   -3,   -7,   -7,   -3,    0,  -14,    0,  -13,   -3,    0,    3,    0,    0,    0,    0,    0,   -3,    0,    0,    0,    0,    0,    0,    0,    0,    0,    0,    0,    0,    0,    0,    0,    0,    0,    0,    0,    0,    0,    0,    0,    0,    0,    0,    0,    0,    0,    0,    0,    0,    0,    0,    0,    0,    0,    0,    0,    0,    0,  -10,   -4,    0,  -10,  -10,    0,    0,    0,    0,    0,    0,
       0,    0,    0,    0,    0,    0,    0,   -3,    0,    0,   -7,   -7,    0,   -7,   -7,    0,    0,    0,    0,   -4,    0,   -3,    0,    0,    0,    0,    0,   -7,   -3,    0,   -3,   -3,   -3,   -3,  -10,  -10,  -10,   -3,  -10,    0,    0,  -14,    0,   -3,    0,   -6,   -3,    0,    0,    0,   -3,    0,   -3,   -3,   -7,   -3,   -7,    0,    0,    0,    0,    0,    0,    0,    0,    0,    0,    0,   -7,    0,    0,    0,    0,  -13,    0,    0,    0,    0,    0,   -3,    0,    0,    0,    0,    0,    0,    0,    0,    0,    0,    0,    0,    0,    0,    0,    0,    0,    0,    0,    0,    0,    0,    0,    0,    0,    0,    0,    0,    0,    0,    0,    0,    0,    0,    0,    0,    0,    0,    0,    0,    0,   -3,    0,    0,    0,    0,    0,   -3,    0,    0,    0,    0,
       0,   10,    0,    0,    0,    0,    0,    0,    7,    0,  -27,  -14,    0,    0,    0,    0,  -17,    0,   -7,    3,    0,    0,    0,    0,    0,    0,   -7,  -23,    0,   -3,    0,    0,    0,    3,   -3,    0,    0,    0,    0,    3,    7,  -27,  -14,    0,  -23,   -4,  -14,    0,    0,  -10,  -23,  -17,    0,   -7,  -13,  -11,  -13,  -20,   -6,    0,    0,    0,    0,    0,    7,  -17,  -14,    0,    6,    0,  -13,    0,    0,  -27,  -14,  -14,    0,   10,   10,    0,   10,  -17,    0,    0,    0,    0,    0,    0,    0,    0,    0,    0,    0,    0,    0,    0,    0,    0,    0,    0,    0,    0,    0,    0,    0,    0,    0,    0,    0,    0,    0,    0,    0,    0,    0,    0,    0,    0,    0,    0,    0,    7,   10,    0,   -7,    3,    0,  -27,    0,    0,    0,    0,
       0,    0,    0,    0,    0,   -4,    0,   -3,    0,    0,  -27,  -21,   -3,   -7,  -10,  -10,  -13,  -10,  -13,    0,  -10,   -7,   -4,    0,    0,    0,    0,  -27,   -7,  -10,   -5,   -3,   -7,   -3,   -7,   -7,   -3,   -3,    0,   -3,    0,  -27,  -14,    0,  -10,   -7,  -14,   -7,   -7,  -10,  -13,  -13,   -7,  -10,   -7,  -10,  -10,  -10,    0,    0,    0,    0,    0,    0,    0,  -13,   -3,    0,   -3,    0,   -7,   -7,    0,  -27,  -14,  -14,   -7,    3,    3,    0,    3,  -13,    0,    0,    0,    0,    0,    0,    0,    0,    0,    0,    0,    0,    0,    0,    0,    0,    0,    0,    0,    0,    0,    0,    0,    0,    0,    0,    0,    0,    0,    0,    0,    0,    0,    0,    0,    0,    0,    0,    0,    0,    0,    0,   -3,    0,    0,  -30,    0,    0,    0,    0,
       0,    0,    0,    0,    0,  -14,    0,    0,    0,    0,  -47,  -30,  -13,   -7,  -10,   -7,  -27,  -10,  -23,    3,  -13,   -7,  -13,    0,    0,    0,  -17,  -40,    0,  -17,    0,    0,   -7,    0,   -3,    0,    0,    0,    0,   -3,    3,  -54,  -27,    0,  -24,  -16,  -27,  -10,   -7,  -20,  -23,  -30,  -10,  -20,  -14,  -23,  -20,  -20,  -13,    0,    0,    0,    0,  -10,    0,  -26,  -23,    0,    0,    0,  -23,  -17,    0,  -46,  -43,  -47,  -10,    3,   13,    0,    3,  -30,    0,    0,    0,    0,    0,    0,    0,    0,    0,    0,    0,    0,    0,    0,    0,    0,    0,    0,    0,    0,    0,    0,    0,    0,    0,    0,    0,    0,    0,    0,    0,    0,    0,    0,    0,    0,    0,    0,    0,    0,    0,    0,  -14,    0,    0,  -50,    0,    0,    0,    0,
       0,    0,    0,    0,    0,  -11,    0,    0,    0,    0,  -40,  -30,  -13,   -7,  -13,   -7,  -24,  -10,  -17,    0,  -10,  -10,  -13,    0,    0,    0,  -17,  -37,    0,  -13,    0,   -3,   -7,    0,   -3,    0,    0,    0,    0,   -3,    3,  -44,  -23,    0,  -24,  -13,  -27,   -7,   -7,  -17,  -23,  -23,   -8,  -17,  -13,  -17,  -13,  -20,  -13,    0,    0,    0,    0,  -10,    0,  -23,  -20,    0,    0,    0,  -20,  -17,    0,  -43,  -40,  -23,   -7,    0,   13,    0,    0,  -23,    0,    0,    0,    0,    0,    0,    0,    0,    0,    0,    0,    0,    0,    0,    0,    0,    0,    0,    0,    0,    0,    0,    0,    0,    0,    0,    0,    0,    0,    0,    0,    0,    0,    0,    0,    0,    0,    0,    0,    0,    7,    0,  -14,    0,    0,  -47,    0,    0,    0,    0,
       0,    0,    0,    0,    0,    0,    0,    0,    0,    0,    0,    0,    0,    0,    0,   -7,  -13,    0,   -7,    0,   -3,   -7,   -3,    0,    0,    0,    0,    0,    0,  -10,    0,    0,    0,   -3,   -3,    0,    0,    0,    0,    3,    0,    0,    0,    0,  -10,    0,    0,    0,   -6,    0,  -10,   -3,  -10,  -13,  -23,    0,  -17,    0,    0,    0,    0,    0,    0,   -7,    0,  -13,  -13,    0,    0,    0,  -23,    0,    0,    0,    0,    0,    0,    0,    0,    0,    0,   -3,    0,    0,    0,    0,    0,    0,    0,    0,    0,    0,    0,    0,    0,    0,    0,    0,    0,    0,    0,    0,    0,    0,    0,    0,    0,    0,    0,    0,    0,    0,    0,    0,    0,    0,    0,    0,    0,    0,    0,    0,    0,    0,  -13,    0,    0,    0,    0,    0,    0,    0,
       0,    0,    0,    0,    0,  -13,    0,    0,    0,    0,  -33,  -30,  -10,  -10,  -10,  -10,  -27,  -13,  -23,    0,  -13,  -13,  -20,    0,    0,    0,  -17,  -30,    0,  -17,    0,    0,  -13,    0,    0,    0,    0,    0,    0,    0,    4,  -37,  -27,    0,  -30,  -20,  -31,  -13,   -7,  -23,  -30,  -27,  -20,  -26,  -23,  -20,  -23,  -27,  -10,    0,    0,    0,    0,  -13,    0,  -27,  -26,    0,    0,    0,  -29,  -20,    0,  -30,  -47,  -27,  -20,    3,   10,    0,   10,  -27,    0,    0,    0,    0,    0,    0,    0,    0,    0,    0,    0,    0,    0,    0,    0,    0,    0,    0,    0,    0,    0,    0,    0,    0,    0,    0,    0,    0,    0,    0,    0,    0,    0,    0,    0,    0,    0,    0,    0,    0,    0,    0,  -17,    0,    0,  -33,    0,    0,    0,    0,
       0,    0,    0,    0,    0,    0,    0,    0,    0,    0,    0,    0,    0,    0,    0,    0,    0,    0,    0,    0,    0,   -3,    0,    0,    0,    0,    0,    0,    0,   -3,    0,    0,    0,   -3,   -7,   -3,   -3,    0,   -3,    0,    0,    0,    0,    0,    0,    0,    0,    0,    0,    0,   -3,    0,    0,   -3,  -10,    0,  -10,    0,    0,    0,    0,    0,    0,    0,    0,    0,    0,    0,    0,    0,   -7,    0,    0,    0,    0,    0,    0,    6,    6,    0,    6,    0,    0,    0,    0,    0,    0,    0,    0,    0,    0,    0,    0,    0,    0,    0,    0,    0,    0,    0,    0,    0,    0,    0,    0,    0,    0,    0,    0,    0,    0,    0,    0,    0,    0,    0,    0,    0,    0,    0,    0,   -3,    0,    0,   -7,    0,    0,    0,    0,    0,    0,    0,
       0,  -27,    0,    0,    0,    0,    0,    0,    0,    0,    6,    0,   -7,    0,    0,    0,  -10,   -7,   -6,  -13,    0,   -7,    0,    0,    0,    0,    0,    0,    0,  -10,   24,    0,    0,  -20,  -17,  -33,  -30,    0,  -26,    0,  -27,    0,    0,    0,    0,    0,    0,    0,   31,    0,    0,    0,   -4,    0,   -7,    0,   10,    0,    0,    0,    0,    0,    0,    0,    0,  -10,   -7,    0,    0,    0,  -13,    0,    0,    0,    0,    0,    0,    0,    0,    0,    0,    0,    0,  -20,  -10,    0,   24,    0,    0,    0,    0,    0,    0,    0,    0,    0,    0,    0,    0,    0,    0,    0,    0,    0,    0,    0,    0,   10,    0,    0,    0,    0,    0,    0,   31,    0,    0,  -33,   -7,  -26,    0,  -27,  -27,    6,    0,    0,    0,    0,    0,    0,    0,    0,
       0,    0,    0,    0,    0,    0,    0,    0,    0,    0,    0,    0,  -13,    0,    0,   -7,  -23,   -7,  -10,   -7,  -10,   -7,    0,    0,    0,    0,    0,    0,    0,  -17,   11,    0,   -7,  -27,  -33,  -50,  -47,    0,  -37,    0,    0,    0,   -4,    0,  -17,    0,    0,    0,    0,    0,   -7,   -7,  -17,  -13,  -24,    0,  -19,    0,    0,    0,    0,    0,    0,    0,    0,    0,    0,    0,    0,    0,    0,    0,    0,    0,   -4,   -4,    0,    0,    0,   -7,    0,   -7,    0,  -27,  -17,   -7,   11,    0,    0,    0,    0,    0,    0,    0,    0,    0,    0,   -4,    0,    0,    0,  -17,    0,    0,    0,   -7,    0,  -19,    0,    0,    0,   -7,    0,    0,    0,    0,    0,  -50,  -24,  -37,    0,    0,    0,    0,    0,    0,    0,    0,    0,    0,    0,    0,
       0,  -20,    0,    0,    0,    0,    0,    0,  -13,    0,    0,    0,    0,   -6,    0,    0,   -3,    0,   -3,   -7,    0,  -10,    0,    0,    0,    0,    0,    3,    0,   -3,   -7,    0,    0,  -17,  -16,  -33,  -30,    0,  -27,    0,  -13,    0,    0,    0,    0,    0,   -3,    0,    0,   -2,   -7,    0,    0,    0,   -7,    0,   -3,    0,    0,    0,    0,    0,    0,    0,  -13,    0,   -3,    0,  -20,    0,    0,    0,    0,    0,    0,    0,    0,    0,    0,   -7,    0,    0,    0,    0,    0,    0,    0,    0,    0,    0,    0,    0,    0,    0,    0,    0,    0,    0,    0,    0,    0,    0,    0,    0,    0,    0,    0,    0,    0,    0,    0,    0,    0,    0,    0,    0,    0,    0,    0,    0,    0,  -17,  -10,    0,   -3,  -13,    0,    0,    0,    0,    0,    0,
       0,  -14,    0,    0,    0,    0,    0,   -4,   -7,    0,   -7,   -7,    0,  -10,   -4,   -3,    0,   -3,    0,  -14,    0,    0,    0,    0,    0,    0,    0,  -13,   -7,    0,   -3,   -3,   -3,  -20,  -13,  -27,  -23,   -7,  -27,    0,   -7,  -17,    0,   -3,    0,    0,    0,    0,    0,    0,   -3,    0,   -3,   -3,    0,   -7,   -3,    0,    0,    0,    0,    0,    0,    0,  -10,    0,    3,    0,  -17,    0,    0,    0,    0,   -7,    0,    0,    0,    0,    0,   -3,    0,    0,    0,    0,    0,    0,    0,    0,    0,    0,    0,    0,    0,    0,    0,    0,    0,    0,    0,    0,    0,    0,    0,    0,    0,    0,    0,    0,    0,    0,    0,    0,    0,    0,    0,    0,    0,    0,    0,    0,    0,  -17,   -7,    0,    0,   -6,    0,  -10,    0,    0,    0,    0,
       0,    0,    0,    0,    0,    0,    0,    0,    0,    0,    0,    0,    0,   -7,    0,    0,   -7,    0,    0,   -4,    0,    0,    0,    0,    0,    0,    0,   -4,   -4,    0,   -7,    0,    0,  -13,  -10,  -23,  -20,   -7,  -20,    0,    0,   -7,    0,   -4,    0,    0,    0,    0,    0,    0,   -3,    0,    0,    0,    0,    0,    0,    0,    0,    0,    0,    0,    0,    0,    0,    0,    0,    0,   -7,    0,    0,    0,    0,    0,    0,    0,    0,    0,    0,    0,    0,    0,    0,    0,    0,    0,    0,    0,    0,    0,    0,    0,    0,    0,    0,    0,    0,    0,    0,    0,    0,    0,    0,    0,    0,    0,    0,    0,    0,    0,    0,    0,    0,    0,    0,    0,    0,    0,    0,    0,    0,   -3,    0,    0,    0,    0,    0,    0,    0,    0,    0,    0,
       0,   -7,    0,    0,    0,   -3,    0,    0,   -7,    0,    0,    0,    0,    0,    0,    0,   -3,    0,    0,   -4,    0,   -3,    0,    0,    0,    0,    0,    0,    0,    0,    0,    0,    0,   -7,   -7,  -13,  -10,    0,  -13,    0,    0,    0,   -3,    0,    0,    0,   -3,    0,    0,    0,   -7,    0,    0,   -3,   -3,    0,   -3,    0,    0,    0,    0,    0,    0,    0,    0,   -7,    0,    0,   -7,    0,    0,    0,    0,    0,   -3,   -3,    0,    0,    0,    0,    0,    0,    0,    0,    0,    0,    0,    0,    0,    0,    0,    0,    0,    0,    0,    0,    0,    0,    0,    0,    0,    0,    0,    0,    0,    0,    0,    0,    0,    0,    0,    0,    0,    0,    0,    0,    0,    0,    0,    0,    0,  -10,   -7,    0,   -4,    0,    0,    0,    0,    0,    0,    0,
       0,   -7,    0,    0,    0,    0,    0,   -3,   -7,    0,   -7,   -3,    0,   -7,   -3,    0,    0,    0,    0,  -10,    0,    0,    0,    0,    0,    0,    0,   -7,   -3,    0,   -7,    0,    0,  -17,  -10,  -23,  -20,   -7,  -23,    0,   -7,  -13,   -3,   -3,    0,   -3,    0,    0,    0,    0,   -3,    0,    0,    0,   -3,    0,   -3,    0,    0,    0,    0,    0,    0,    0,   -7,    3,    3,    0,  -10,    0,    0,    0,    0,   -7,   -3,   -3,    0,    0,    0,   -3,    0,    0,    0,    0,    0,    0,    0,    0,    0,    0,    0,    0,    0,    0,    0,    0,    0,    0,    0,    0,    0,    0,    0,    0,    0,    0,    0,    0,    0,    0,    0,    0,    0,    0,    0,    0,    0,    0,    0,    0,    0,  -10,   -3,    0,    0,   -6,    0,    0,    0,    0,    0,    0,
      14,   23,    0,    0,    0,    0,    0,   30,   17,    0,  -10,   -6,   10,    7,    7,   10,    0,    7,    0,   24,    7,   10,    0,    0,    0,   14,    0,    0,    8,    0,   11,   17,   10,   21,   17,   24,   24,   21,   24,   17,   34,   -6,    0,   -3,   -5,    0,    0,   10,   10,    0,    0,    0,    0,   -3,    3,    0,    3,    0,    0,    0,    0,    0,    0,    0,   27,  -10,    0,    0,   24,    0,    0,    0,    0,    0,    0,    0,   30,   20,   47,   -3,   20,    0,    0,    0,    0,    0,    0,    0,    0,    0,    0,    0,    0,    0,    0,    0,    0,    0,    0,    0,    0,    0,    0,    0,    0,    0,    0,    0,    0,    0,    0,    0,    0,    0,    0,    0,    0,    0,    0,    0,    0,   24,   20,    0,    0,   30,   13,   -7,    0,    0,    0,    0,
       0,    0,    0,    0,    0,   -7,    0,    0,    0,    0,    0,    4,    3,   -6,    0,   -3,   -7,   -4,    0,  -13,    0,    0,    0,    0,    0,    0,    0,    0,    0,    0,   17,    0,    0,   -7,  -10,  -13,  -13,    0,  -23,    0,   -4,    0,   -7,   -3,   -3,    0,   -3,    0,    8,    0,    0,    0,    0,    0,    2,    0,    3,    0,    0,    0,    0,    0,    0,    0,    0,   -4,    0,    0,    0,    0,    0,    0,    0,    0,   -7,   -7,    0,    0,    0,    0,    0,    0,    0,    0,    0,    0,    0,    0,    0,    0,    0,    0,    0,    0,    0,    0,    0,    0,    0,    0,    0,    0,    0,    0,    0,    0,    0,    0,    0,    0,    0,    0,    0,    0,    0,    0,    0,    0,    0,    0,    0,    0,    3,    0,    0,    0,    0,    0,    0,    0,    0,    0,
       0,  -17,    0,    0,    0,    0,    0,   -4,  -23,    0,    0,    0,   -3,    0,   -3,   -3,  -10,    0,    0,  -13,    0,  -10,    0,    0,    0,    0,    0,    0,    0,    0,   -7,    0,    0,  -20,  -10,  -30,  -27,    0,  -23,    0,  -17,    0,    0,    0,    0,    0,    0,    0,    0,    0,   -5,    0,   -2,   -2,  -10,    0,  -10,    0,    0,    0,    0,    0,    0,    0,  -20,   -3,    0,    0,  -23,    0,    0,    0,    0,    0,    0,    0,    0,    0,    0,   -4,    0,    0,    0,    0,    0,    0,    0,    0,    0,    0,    0,    0,    0,    0,    0,    0,    0,    0,    0,    0,    0,    0,    0,    0,    0,    0,    0,    0,    0,    0,    0,    0,    0,    0,    0,    0,    0,    0,    0,    0,    0,  -23,  -13,    0,   -3,  -16,    0,    0,    0,    0,    0,    0,
       0,    0,    0,    0,    0,    0,    0,    0,    0,    0,    0,    0,    0,    0,    0,    0,    0,    0,    0,    0,    0,    0,    0,    0,    0,    0,    0,    0,    0,    0,    0,    0,    0,   -7,   -7,   -7,   -7,    0,   -7,    0,    0,    0,    0,    0,    0,    0,    0,    0,    0,    0,   -3,    0,    0,    0,   -5,    0,   -5,    0,    0,    0,    0,    0,    0,    0,    0,   -3,    0,    0,   -7,    0,    0,    0,    0,    0,    0,    0,    0,    0,    0,    0,    0,    0,    0,    0,    0,    0,    0,    0,    0,    0,    0,    0,    0,    0,    0,    0,    0,    0,    0,    0,    0,    0,    0,    0,    0,    0,    0,    0,    0,    0,    0,    0,    0,    0,    0,    0,    0,    0,    0,    0,    0,    0,    0,    0,    0,   -3,    0,    0,    0,    0,    0,    0,
       0,    0,    0,    0,    0,    0,    0,    0,    0,    0,   -4,   -3,    0,    0,    0,    0,   -3,    0,    0,    0,    0,    0,   -3,    0,    0,    0,    0,   -3,    0,    0,    0,    0,    0,    0,   -7,   -4,   -4,   -3,   -3,    0,    0,  -10,    0,    0,    0,    0,   -3,    0,    0,    0,    0,    0,    0,    0,    0,    0,    0,    0,    0,    0,    0,    0,    0,    0,    0,   -7,    0,    0,    0,    0,    0,    0,    0,   -3,    0,    0,    0,    0,    0,    0,    0,    0,    0,    0,    0,    0,    0,    0,    0,    0,    0,    0,    0,    0,    0,    0,    0,    0,    0,    0,    0,    0,    0,    0,    0,    0,    0,    0,    0,    0,    0,    0,    0,    0,    0,    0,    0,    0,    0,    0,    0,    0,    0,    0,    0,    0,    0,   -3,    0,    0,    0,    0,
       0,    0,    0,    0,    0,    0,    0,   -4,    0,    0,    0,    0,    0,    0,    0,    0,  -10,    0,    0,   -7,    0,    0,    0,    0,    0,    0,    0,    7,    0,    0,   -7,    0,    0,  -14,  -13,  -23,  -17,    3,  -23,    3,    0,    0,    0,    0,   -7,    0,    0,    0,    0,    0,   -3,   -3,    0,    0,    0,    0,    0,    0,    0,    0,    0,    0,    0,    0,    0,  -10,   -7,    0,    0,    0,    0,    0,    0,    3,    0,    0,    0,    0,    0,   -4,    0,   -3,    0,    0,    0,    0,    0,    0,    0,    0,    0,    0,    0,    0,    0,    0,    0,    0,    0,    0,    0,    0,    0,    0,    0,    0,    0,    0,    0,    0,    0,    0,    0,    0,    0,    0,    0,    0,    0,    0,    0,    0,    0,    0,    0,    0,    0,    0,    0,    0,    0,    0,
       0,   -7,    0,    0,    0,    0,    0,    3,   -7,    0,    0,    0,    0,   -3,   -3,   -4,    0,    0,    0,   -7,    0,    0,    0,    0,    0,    0,    0,   -3,   -7,    0,    0,   -7,    0,  -17,  -13,  -26,  -23,    0,  -26,    0,   -4,    0,   -3,   -3,    0,    0,    0,    0,   11,    0,    0,    0,    0,    0,    0,    0,    6,    0,    0,    0,    0,    0,    0,    0,    0,   -3,    0,    0,  -10,    0,    0,    0,    0,    0,   -3,   -3,    0,    0,    0,    0,    0,    0,    0,    0,    0,    0,    0,    0,    0,    0,    0,    0,    0,    0,    0,    0,    0,    0,    0,    0,    0,    0,    0,    0,    0,    0,    0,    0,    0,    0,    0,    0,    0,    0,    0,    0,    0,    0,    0,    0,    0,   -7,    0,    0,    0,    0,    0,    0,    0,    0,    0,    0,
       0,    0,    0,    0,    0,   -4,    0,   -7,    6,    0,  -30,  -17,    0,   -3,    0,   -7,   -7,   -4,    0,  -10,   -3,    3,   -3,    0,    0,    0,   -5,  -20,   -7,    0,  -10,   -7,    0,    0,  -10,  -17,  -13,  -20,  -17,    0,    0,  -21,   -4,   -4,   -3,    0,   -3,    0,    0,    0,    0,   -3,    6,    0,    3,    0,    3,    0,    0,    0,    0,    0,    0,    0,   10,   -7,  -10,    0,    0,    0,    0,    0,    0,  -27,   -4,   -4,    0,    0,    0,   -4,    0,   -3,    0,    0,    0,    0,    0,    0,    0,    0,    0,    0,    0,    0,    0,    0,    0,    0,    0,    0,    0,    0,    0,    0,    0,    0,    0,    0,    0,    0,    0,    0,    0,    0,    0,    0,    0,    0,    0,    0,    0,    3,    7,    0,    0,    7,    0,  -24,    0,    0,    0,    0,
       0,   -7,    0,    0,    0,    0,    0,   -4,   -3,    0,   -7,    0,    0,   -3,   -3,   -3,    0,    0,    0,  -10,    0,   -3,    0,    0,    0,    0,    0,   -3,   -7,    0,  -10,   -3,    0,  -10,   -7,  -23,  -20,    0,  -30,    0,   -7,  -13,    0,   -3,    0,   -2,    0,    0,    0,    0,   -3,    0,    0,    0,    0,    0,    0,    0,    0,    0,    0,    0,    0,    0,   -7,    0,    0,    0,  -10,    0,    0,    0,    0,    0,    0,    0,    0,    0,    0,   -4,    0,    0,    0,    0,    0,    0,    0,    0,    0,    0,    0,    0,    0,    0,    0,    0,    0,    0,    0,    0,    0,    0,    0,    0,    0,    0,    0,    0,    0,    0,    0,    0,    0,    0,    0,    0,    0,    0,    0,    0,    0,   -4,    0,    0,    0,    0,    0,    0,    0,    0,    0,    0,
       0,    3,    0,    0,    0,    0,    0,    0,    0,    0,    0,    0,    3,    0,    0,    0,   -3,    0,    3,    0,    7,    3,    0,    0,    0,    0,    0,    6,    0,    0,   -3,    0,    0,    0,   -4,  -13,  -10,    0,  -13,    3,    0,    3,    0,    0,    0,    0,    0,    0,    0,    0,    0,    0,    3,    0,    3,    0,    0,    0,    0,    0,    0,    0,    0,    0,   10,   -7,    0,    0,    0,    0,    0,    0,    0,    0,    0,    0,    0,    0,    0,    0,    0,    0,    0,    0,    0,    0,    0,    0,    0,    0,    0,    0,    0,    0,    0,    0,    0,    0,    0,    0,    0,    0,    0,    0,    0,    0,    0,    0,    0,    0,    0,    0,    0,    0,    0,    0,    0,    0,    0,    0,    0,    3,   10,    0,    0,    6,    0,    0,    0,    0,    0,    0,
       0,  -10,    0,    0,    0,    0,    0,   -6,  -10,    0,    0,    0,    0,    0,    0,   -3,   -3,    0,    0,   -7,    0,   -3,   -3,    0,    0,    0,    0,    0,    0,    0,  -10,    0,    0,  -10,  -13,  -26,  -23,    0,  -23,    0,   -7,    0,    0,    0,   -3,    0,   -3,    0,   -2,    0,   -3,    0,    0,    0,   -7,    0,   -7,    0,    0,    0,    0,    0,    0,    0,   -7,   -6,    0,    0,  -13,    0,    0,    0,    0,    0,    0,    0,    0,    0,    0,   -3,    0,    0,    0,    0,    0,    0,    0,    0,    0,    0,    0,    0,    0,    0,    0,    0,    0,    0,    0,    0,    0,    0,    0,    0,    0,    0,    0,    0,    0,    0,    0,    0,    0,    0,    0,    0,    0,    0,    0,    0,    0,  -10,   -3,    0,    0,   -7,    0,    0,    0,    0,    0,    0,
       0,    0,    0,    0,    0,   -4,    0,  -12,    0,    0,  -30,  -14,    3,   -7,    0,   -4,   -4,   -4,    3,  -10,    0,    3,    0,    0,    0,    0,   -4,  -24,   -7,    0,  -13,   -7,    0,    0,   -7,  -17,  -13,  -17,  -17,    0,    0,  -24,   -5,   -7,   -7,    0,   -7,    0,    0,    0,    0,   -3,    3,    0,    3,    0,    3,    0,    0,    0,    0,    0,    0,    0,    6,   -7,   -4,    0,    0,    0,    0,    0,    0,  -30,   -5,   -5,    0,    0,    0,    0,    0,   -3,    0,    0,    0,    0,    0,    0,    0,    0,    0,    0,    0,    0,    0,    0,    0,    0,    0,    0,    0,    0,    0,    0,    0,    0,    0,    0,    0,    0,    0,    0,    0,    0,    0,    0,    0,    0,    0,    0,    0,    7,    7,    0,    0,    3,    0,  -27,    0,    0,    0,    0,
       0,    0,    0,    0,    0,    0,    0,   -3,    0,    0,    0,    0,    0,    0,    0,    0,   -4,    0,    0,   -7,    0,    0,    0,    0,    0,    0,    0,    3,    0,   -3,   -7,    0,    0,   -7,  -10,  -23,  -17,    0,  -20,    0,    0,    0,   -5,    0,   -7,    0,   -3,    0,    0,    0,   -7,    0,    0,    0,    0,    2,    0,    0,    0,    0,    0,    0,    0,    0,    6,  -10,   -7,    0,    0,    0,    0,    0,    0,    0,   -5,   -5,    0,    0,    0,   -4,    0,    0,    0,    0,    0,    0,    0,    0,    0,    0,    0,    0,    0,    0,    0,    0,    0,    0,    0,    0,    0,    0,    0,    0,    0,    0,    0,    0,    0,    0,    0,    0,    0,    0,    0,    0,    0,    0,    0,    0,    0,    0,    3,    0,    0,    0,    0,    0,    0,    0,    0,    0,
       0,    0,    0,    0,    0,    0,    0,   -3,    0,    0,    0,    0,    0,    0,    0,    0,    0,    0,    0,   -7,    0,    0,    0,    0,    0,    0,    0,    0,    0,    0,    0,    0,    0,    0,   -7,  -20,  -17,    0,  -17,    0,    0,    0,    0,    0,    0,    0,    0,    0,    0,    0,   -3,    0,    0,    0,    0,    0,    0,    0,    0,    0,    0,    0,    0,    0,    0,    0,    0,    0,    0,    0,    0,    0,    0,    0,    0,    0,    0,    0,    0,   -2,    0,    0,    0,    0,    0,    0,    0,    0,    0,    0,    0,    0,    0,    0,    0,    0,    0,    0,    0,    0,    0,    0,    0,    0,    0,    0,    0,    0,    0,    0,    0,    0,    0,    0,    0,    0,    0,    0,    0,    0,    0,    0,    3,    0,    0,    0,    0,    0,    0,    0,    0,    0,
       0,    0,    0,    0,    0,    0,    0,    0,    0,    0,    0,    0,    0,    0,    0,    0,    0,    0,    0,    0,    0,    0,    0,    0,    0,    0,    0,    0,    0,    0,    0,    0,    0,   -7,    0,  -10,  -10,    0,  -10,    0,    0,    0,    0,    0,    0,    0,    0,    0,    0,    0,    0,    0,    0,    0,    0,    0,    0,    0,    0,    0,    0,    0,    0,    0,    0,    0,    0,    0,    0,    0,    0,    0,    0,    0,    0,    0,    0,    0,    0,    0,    0,    0,    0,   -7,    0,    0,    0,    0,    0,    0,    0,    0,    0,    0,    0,    0,    0,    0,    0,    0,    0,    0,    0,    0,    0,    0,    0,    0,    0,    0,    0,    0,    0,    0,    0,    0,    0,  -10,    0,  -10,    0,    0,    0,    0,    0,    0,    0,    0,    0,    0,    0,    0,
       0,    0,    0,    0,    0,    0,    0,    0,    0,    0,    0,    0,    0,    0,    0,    0,    0,    0,    0,    0,    0,    0,    0,    0,    0,    0,    0,    0,    0,    0,    7,    0,    0,   -4,   -7,  -17,  -14,    0,  -20,    0,    0,    0,   -3,   -3,   -3,   -3,    0,    0,   11,    0,    0,    0,    0,   -4,   -3,    0,    0,    0,    0,    0,    0,    0,    0,    0,    0,    0,    0,    0,    0,    0,    0,    0,    0,    0,   -3,   -3,    0,    0,    0,    0,    0,    0,    0,    0,    0,    0,    0,    0,    0,    0,    0,    0,    0,    0,    0,    0,    0,    0,    0,    0,    0,    0,    0,    0,    0,    0,    0,    0,    0,    0,    0,    0,    0,    0,    0,    0,    0,    0,    0,    0,    0,    0,    0,    0,    0,    0,    0,    0,    0,    0,    0,    0,
       0,    0,    0,    0,    0,    0,    0,    0,    0,    0,    0,    0,    0,  -10,    0,   -3,    0,    0,    0,   -6,   -3,   -6,    0,    0,    0,    0,    0,    0,    0,    0,    0,    0,    0,    0,    0,    0,    0,    0,    0,    0,    0,    0,    0,    0,    0,    0,    0,    0,    0,    0,    0,    0,    0,    0,    0,    0,    0,    0,    0,    0,    0,    0,    0,    0,    0,    0,    0,    0,    0,    0,    0,    0,    0,    0,    0,    0,    0,    0,    0,    0,    0,    0,    0,    0,    0,    0,    0,    0,    0,    0,    0,    0,    0,    0,    0,    0,    0,    0,    0,    0,    0,    0,    0,    0,    0,    0,    0,    0,    0,    0,    0,    0,    0,    0,    0,    0,    0,    0,    0,    0,    0,    0,    0,    0,    0,    0,    0,    0,    0,    0,    0,    0,
       0,    0,    0,    0,    0,    0,    0,    0,    0,    0,    0,    0,    0,    0,    0,   -3,  -10,    0,   -3,   -3,   -3,   -3,    0,    0,    0,    0,    0,    0,    0,    0,    0,    0,    0,    0,    0,    0,    0,    0,    0,    0,    0,    0,    0,    0,    0,    0,    0,    0,    0,    0,    0,    0,    0,    0,    0,    0,    0,    0,    0,    0,    0,    0,    0,    0,    0,    0,    0,    0,    0,    0,    0,    0,    0,    0,    0,    0,    0,    0,    0,    0,    0,    0,    0,    0,    0,    0,    0,    0,    0,    0,    0,    0,    0,    0,    0,    0,    0,    0,    0,    0,    0,    0,    0,    0,    0,    0,    0,    0,    0,    0,    0,    0,    0,    0,    0,    0,    0,    0,    0,    0,    0,    0,    0,    0,    0,    0,    0,    0,    0,    0,    0,    0,
       0,    0,    0,    0,    0,    0,    0,    0,    0,    0,    0,    0,    0,    0,    0,    0,    0,    0,    0,    6,    0,    0,    0,    0,    0,    0,    0,    0,    0,    0,    0,    0,    0,    0,    0,    0,    0,    0,    0,    0,    0,    0,    0,    0,    0,    0,    0,    0,    0,    0,    0,    0,    0,    0,    0,    0,    0,    0,    0,    0,    0,    0,    0,    0,    0,    0,    0,    0,    0,    0,    0,    0,    0,    0,    0,    0,    0,    0,    0,    0,    0,    0,    0,    0,    0,    0,    0,    0,    0,    0,    0,    0,    0,    0,    0,    0,    0,    0,    0,    0,    0,    0,    0,    0,    0,    0,    0,    0,    0,    0,    0,    0,    0,    0,    0,    0,    0,    0,    0,    0,    0,    0,    0,    0,    0,    0,    0,    0,    0,    0,    0,    0,
       0,    0,    0,    0,    0,    0,    0,    0,    0,    0,    0,    0,    0,    0,    0,    0,    0,    0,    0,    0,    0,    0,    0,    0,    0,    0,    0,   -7,    0,    3,    0,    0,    0,    0,    0,   -7,   -7,   -7,  -13,    0,    0,    0,    0,    0,    0,    0,    0,    0,    0,    0,    0,    0,    0,    0,    0,    0,    0,    0,    0,    0,    0,    0,    0,    0,    0,    0,    0,    0,    0,    0,    0,    0,    0,    0,    0,    0,    0,    0,    0,    0,    0,    0,    0,    0,    3,    0,    0,    0,    0,   -7,    0,   -7,    0,    0,    0,    0,    0,    0,    0,    0,    0,    0,    0,    0,    0,    0,    0,    0,    0,    0,    0,    0,    0,    0,    0,    0,    0,   -7,    0,  -13,    0,    0,    0,    0,    0,    0,    0,    0,    0,    0,   -7,    0,
       0,    0,    0,    0,    0,    0,    0,    0,    0,    0,    0,    0,    0,    0,    0,    0,    0,    0,    0,    0,    0,    0,    0,    0,    0,    0,    0,    0,    0,    0,    0,    0,    0,    0,    0,    0,    0,    0,    0,    0,    0,    0,    0,    0,    0,    0,    0,    0,    0,    0,    0,    0,    0,    0,    0,    0,    0,    0,    0,    0,    0,    0,    0,    0,    0,    0,    0,    0,    0,    0,    0,    0,    0,    0,    0,    0,    0,    0,    0,    0,    0,    0,    0,    0,    0,    0,    0,    0,    0,    0,    0,    0,    0,    0,    0,    0,    0,    0,    0,    0,    0,    0,    0,    0,    0,    0,    0,    0,    0,    0,    0,    0,    0,    0,    0,    0,    0,    0,    0,    0,    0,    0,    0,    0,    0,    0,   13,    0,    0,    0,    0,    0,
       0,    0,    0,    0,    0,    0,    0,  -13,    0,    0,   -6,    0,    0,    0,    0,    0,    0,    0,    0,    0,    0,    0,    0,    0,    0,    0,    0,    0,    0,    0,   -6,    0,    0,    0,   -7,  -23,  -17,    0,  -20,    0,    0,    0,    0,    0,    0,    0,   -3,    3,    3,    0,    0,    0,    0,    0,    3,    0,    0,    3,    0,    0,    0,    0,    0,    0,    0,  -14,  -14,    0,    0,    0,    0,    0,    0,    0,    0,    0,    3,    0,    0,   -3,    0,    0,    0,    0,    0,    0,   -6,    0,  -10,    0,    0,    0,    0,    0,    0,   -7,    0,    0,    0,    0,   -3,    0,    0,    0,    0,    0,    0,    0,    0,    0,    0,    0,    3,    0,    3,    0,    0,  -23,    3,  -20,    0,    0,    0,    0,    0,    0,    0,    0,    0,    0,    0,    0,
       0,    0,    0,    0,    0,    0,    0,  -13,    0,    0,  -16,  -10,    0,  -16,  -16,  -10,    3,  -10,    0,  -26,    0,   -7,    0,    0,    0,    0,    0,  -10,    0,    3,   -7,   -3,    0,  -14,   -3,  -26,  -23,  -13,  -23,   -3,  -13,    0,    0,    0,    3,   -3,    0,    0,    0,    0,    0,    0,    0,    0,   -3,   -7,   -3,    0,    0,    0,    0,    0,    0,    0,    0,    0,    0,    0,    0,    0,    0,  -14,  -19,  -10,    0,    0,    0,    0,    0,   -3,    0,    0,    0,  -14,    3,    0,   -7,    0,    0,  -10,    0,  -13,    0,   -3,    0,    0,    0,    0,    0,    0,    0,    3,   -7,    0,    0,    0,    0,   -3,    0,    0,    0,    0,    0,    0,    0,    0,    0,  -26,   -3,  -23,  -10,  -12,   -6,    0,    0,    0,    0,    0,    0,    0,  -10,    0,
       0,    0,    0,    0,    0,    0,    0,    0,    0,    0,    0,    0,    0,    0,    0,    0,    0,    0,    0,  -10,    0,   -3,    0,    0,    0,    0,    0,    0,    0,    0,    0,    0,    0,    0,    0,    0,    0,    0,    0,    0,    0,    0,    0,    0,    0,    0,    0,    0,    0,    0,    0,    0,    0,    0,    0,    0,    0,    0,    0,    0,    0,    0,    0,    0,    0,    0,    0,    0,    0,    0,    0,    0,    0,    0,    0,    0,    0,    0,    0,    0,    0,    0,    0,    0,    0,    0,    0,    0,    0,    0,    0,    0,    0,    0,    0,    0,    0,    0,    0,    0,    0,    0,    0,    0,    0,    0,    0,    0,    0,    0,    0,    0,    0,    0,    0,    0,    0,    0,    0,    0,    0,    0,    0,    0,    0,    0,    0,    0,    0,    0,    0,    0,
       0,    0,    0,    0,    0,    0,    0,    7,    7,    0,    0,    0,    0,    0,    0,    0,   -3,    0,    0,    0,    0,    0,    0,    0,    0,    0,    0,    0,    0,    0,    0,    0,    0,    0,    0,    0,    0,    0,    0,    0,    7,    0,    0,    0,    0,    0,    0,    0,    0,    0,    0,    0,    0,    0,    0,    0,    0,    0,    0,    0,    0,    0,    0,    0,    7,    0,    0,    0,    7,    0,    0,    0,    0,    0,    0,    0,    0,    0,    0,    0,    0,    0,    0,    0,    0,    0,    0,    0,    0,    0,    0,    0,    0,    0,    0,    0,    0,    0,    0,    0,    0,    0,    0,    0,    0,    0,    0,    0,    0,    0,    0,    0,    0,    0,    0,    0,    0,    0,    0,    0,    0,    3,    3,    0,    0,    7,    0,    0,    0,    0,    0,    0,
       0,    0,    0,    0,    0,    0,    0,  -20,    0,    0,    0,  -10,    0,  -26,  -23,  -19,   -6,  -13,   -6,  -33,  -10,   -6,    0,    0,    0,    0,    0,  -17,    0,    0,    0,   -3,    0,  -13,   -3,  -20,  -17,  -23,  -26,   -7,  -13,    0,    0,   -3,    0,    0,   -3,    0,    0,    0,   -3,    0,    0,    0,    0,   -4,    0,    0,    0,    0,    0,    0,    0,    0,    0,    0,    0,    0,    0,    0,    0,    0,  -33,    0,    0,    0,    0,    0,    0,    0,    0,    0,    0,  -13,    0,    0,    0,    0,    0,  -17,    0,  -23,    0,   -3,    0,    0,    0,    0,    0,    0,    0,    0,   -4,    0,    0,   -3,    0,    0,    0,    0,   -3,    0,    0,    0,    0,    0,    0,  -20,    0,  -26,    0,    0,    0,    0,    0,    0,    0,    0,    0,    0,  -17,    0,
      -7,  -16,    0,    0,    0,    0,    0,  -14,    0,    0,  -16,  -10,    0,  -13,  -16,  -10,    0,    0,    0,  -17,    0,   -6,    0,    0,    0,    0,    0,   -7,   -7,    7,  -10,   -7,   -3,  -17,  -10,  -29,  -23,  -13,  -27,    0,  -10,    0,    0,   -7,    0,   -3,    0,    0,   -3,    0,   -7,   -3,   -3,   -3,   -7,   -7,   -4,    0,    0,    0,    0,    0,    0,    0,    0,    0,    0,    0,    0,    0,    0,  -14,  -20,  -14,    0,    0,    0,    0,    0,   -7,    0,   -3,   -7,  -17,    7,   -3,  -10,    0,    0,   -7,    0,  -13,    0,   -7,    0,    0,    0,    0,    0,    0,    0,    0,   -7,    0,    0,   -7,    0,   -4,    0,    0,   -7,   -3,    0,    0,   -3,    0,    0,  -29,   -7,  -27,  -14,  -13,    0,    0,    0,    0,    0,    0,    0,    0,   -7,    0,
       0,    0,    0,    0,    0,    0,    0,    0,    0,    0,    0,    0,    0,    0,    0,    0,    0,    0,    0,    0,    0,    0,    0,    0,    0,    0,    0,   -7,    0,    0,    7,    0,    0,  -10,  -13,  -20,  -14,   -7,  -20,    0,    0,    0,   -7,   -3,   -7,   -4,   -3,    0,   14,    0,   -3,   -3,   -3,   -7,   -3,   -3,    0,   -3,    0,    0,    0,    0,    0,    0,    0,    0,    0,    0,    0,    0,    0,    0,    0,  -11,   -7,   -7,    0,    0,    0,    0,    0,   -3,    0,    0,    0,    0,    0,    0,    0,    0,    0,    0,    0,    0,    0,    0,    0,    0,    0,    0,    0,    0,    0,    0,    0,    0,    0,    0,    0,    0,    0,    0,    0,    0,    0,    0,    0,    0,    0,    0,    0,    0,    0,    0,    0,    0,    0,    0,    0,    0,    0,    0,
       0,    0,    0,    0,    0,    0,    0,  -10,    0,    0,  -27,  -10,    0,   -6,   -4,   -7,    0,    0,    0,  -10,    0,    0,    0,    0,    0,    0,    0,  -17,  -10,    3,   -4,   -7,    0,   -4,   -7,  -20,  -20,  -20,  -20,    0,   -7,  -47,    0,   -3,    0,    0,    0,    0,    0,    0,    0,    0,    0,    0,    0,    0,    0,    0,    0,    0,    0,    0,    0,    3,    0,    0,    3,    0,   -7,    0,    0,    0,    0,  -27,    0,    0,    0,    0,    0,   -7,    0,    0,    0,    0,    0,    0,    0,    0,    0,    0,    0,    0,    0,    0,    0,    0,    0,    0,    0,    0,    0,    0,    0,    0,    0,    0,    0,    0,    0,    0,    0,    0,    0,    0,    0,    0,    0,    0,    0,    0,    0,    0,    0,    0,    0,    0,    0,  -17,    0,    0,    0,    0,
       0,   -7,    0,    0,    0,    0,    0,   -4,  -10,    0,    0,    0,    0,   -3,    0,    0,    0,    0,    0,    0,    0,    0,    0,    0,    0,    0,    0,    0,    0,    0,   -7,    0,    0,   -7,  -10,  -13,  -13,    0,  -13,    0,    0,   -7,    0,   -3,    0,   -7,    0,    0,    0,    0,  -10,    0,   -6,   -6,  -13,    0,   -9,    0,    0,    0,    0,    0,    0,    0,   -7,    0,    0,    0,  -10,    0,    0,    0,    0,    0,    0,    0,    0,    0,    0,    0,    0,    0,    0,    0,    0,    0,    0,    0,    0,    0,    0,    0,    0,    0,    0,    0,    0,    0,    0,    0,    0,    0,    0,    0,    0,    0,    0,    0,    0,    0,    0,    0,    0,    0,    0,    0,    0,    0,    0,    0,    0,   -7,   -4,    0,    0,   -4,    0,    0,    0,    0,    0,    0,
       0,   13,    0,    0,    0,    0,    0,    7,    7,    0,    0,    0,    0,    0,    0,    0,    0,    0,    0,    7,    0,    0,    0,    0,    0,    0,    0,    0,    0,    0,    0,    0,    0,    7,    0,    0,    0,    3,    0,   10,    7,    0,    0,    0,    0,    0,    0,    0,    0,    0,   -3,    0,    0,    0,    0,    0,    0,    0,    0,    0,    0,    0,    0,    0,    7,    0,    0,    0,   10,    0,    0,    0,    0,    0,    0,    0,    0,   13,   13,    0,   13,    0,    0,    0,    0,    0,    0,    0,    0,    0,    0,    0,    0,    0,    0,    0,    0,    0,    0,    0,    0,    0,    0,    0,    0,    0,    0,    0,    0,    0,    0,    0,    0,    0,    0,    0,    0,    0,    0,    0,    0,   10,    4,    0,    0,    7,    0,    0,    0,    0,    0,    0,
       0,    0,    0,    0,    0,    0,    0,   -3,    0,    0,  -10,  -10,    0,   -3,   -7,   -3,    0,    0,    0,    0,    0,    0,    0,    0,    0,    0,    0,  -10,   -7,    0,   -4,    0,    0,  -10,  -10,  -13,  -10,  -10,  -10,    0,    0,  -23,    0,    0,    0,    0,   -3,    3,    3,    0,   -3,    0,    0,    0,    2,    0,    2,    0,    0,    0,    0,    0,    0,    0,    0,    0,    3,    0,   -7,    0,    0,    0,    0,  -13,    0,    0,    3,    0,    0,   -6,    0,    0,    0,    0,    0,    0,    0,    0,    0,    0,    0,    0,    0,    0,    0,    0,    0,    0,    0,    0,    0,    0,    0,    0,    0,    0,    0,    0,    0,    0,    0,    0,    0,    0,    0,    0,    0,    0,    0,    0,    0,    0,    0,    0,    0,    0,    0,   -7,    0,    0,    0,    0,
      13,   27,    0,    0,    0,    0,    0,   27,   27,    0,    0,    0,    0,    0,    0,    0,   -3,    0,    0,   -4,    0,   -3,    0,    0,    0,   13,    0,    0,    0,    0,    0,    0,    0,    0,    0,    0,    0,    0,    0,    0,    0,    0,   -3,   27,    0,    7,   -3,   10,    7,    0,   -7,    0,    3,   -3,   -3,    0,   -3,    0,    0,    0,    0,    0,    0,    0,    0,   -7,    0,    0,   -7,    0,    0,    0,    0,    0,   -3,   -3,   10,    0,    0,    0,    0,    3,    0,    0,    0,    0,    0,    0,    0,    0,    0,    0,    0,    0,    0,    0,    0,    0,    0,    0,    0,    0,    0,    0,    0,    0,    0,    0,    0,    0,    0,    0,    0,    0,    0,    0,    0,    0,    0,    0,    0,   20,   27,    0,   -4,    0,    0,    0,    0,    0,    0,    0,
       0,  -59,    0,    0,    0,    0,    0,  -10,  -53,    0,    0,    0,    0,   -6,   -7,    0,   -6,    0,    0,  -10,    0,  -10,    0,    0,    0,    0,    0,    0,   -6,   -7,   -7,   -3,   -6,  -43,  -17,  -59,  -52,   -6,  -55,   -6,  -20,    0,    0,    0,    0,   -3,    0,    0,    0,    0,   -7,    0,   -3,   -8,  -14,    0,  -10,    0,    0,    0,    0,    0,    0,    0,  -58,    0,    0,    0,  -72,    0,  -19,    0,    0,   -3,    0,    0,    0,    0,    0,  -10,    0,    0,    0,    0,    0,    0,    0,    0,    0,    0,    0,    0,    0,    0,    0,    0,    0,    0,    0,    0,    0,    0,    0,    0,    0,    0,    0,    0,    0,    0,    0,    0,    0,    0,    0,    0,    0,    0,    0,    0,    0,  -27,  -24,    0,  -10,  -53,    0,    0,    0,    0,    0,    0,
       0,   16,    0,    0,    0,    0,    0,   13,   10,    0,    0,    0,    3,    0,    0,    0,   -3,    0,    3,    0,    7,    3,    0,    0,    0,    0,    0,    6,    0,    0,   -3,    0,    0,    0,   -4,  -13,  -10,    0,  -13,    3,   13,    3,    0,    7,    0,    0,    0,    0,    0,    0,    0,    0,    3,    0,    3,    0,    0,    0,    0,    0,    0,    0,    0,    0,   10,   -7,    0,    0,    0,    0,    0,    0,    0,    0,    0,    0,    0,    0,    0,    0,    0,    0,    0,    0,    0,    0,    0,    0,    0,    0,    0,    0,    0,    0,    0,    0,    0,    0,    0,    0,    0,    0,    0,    0,    0,    0,    0,    0,    0,    0,    0,    0,    0,    0,    0,    0,    0,    0,    0,    0,    0,   13,   10,    0,    0,    6,    0,    0,    0,    0,    0,    0,
       0,    0,    0,    0,    0,   -4,    0,    7,    0,    0,  -27,  -21,   -3,   -7,  -10,  -10,  -13,  -10,  -13,    0,  -10,   -7,   -4,    0,    0,    0,    0,  -27,   -3,  -10,   -5,    0,   -7,    0,   -3,    0,    0,    0,    0,    0,    0,  -27,  -14,    0,  -10,   -7,  -14,   -7,   -4,  -10,  -13,  -13,   -7,  -10,   -7,  -10,  -10,  -10,    0,    0,    0,    0,    0,    0,    0,  -13,   -3,    0,    0,    0,   -7,   -7,    0,  -27,  -14,  -14,   -7,    7,    7,    0,    7,  -13,    0,    0,    0,    0,    0,    0,    0,    0,    0,    0,    0,    0,    0,    0,    0,    0,    0,    0,    0,    0,    0,    0,    0,    0,    0,    0,    0,    0,    0,    0,    0,    0,    0,    0,    0,    0,    0,    0,    0,    0,    0,    0,   -3,    0,    0,  -30,    0,    0,    0,    0,
       0,    0,    0,    0,    0,    0,    0,    0,    0,    0,    0,    0,    0,    0,    0,   -3,    0,    0,    0,    0,    0,    0,    0,    0,    0,    0,    0,    0,    0,    0,    0,    0,    0,    0,    0,    0,    0,    0,    0,    0,    0,    0,    0,    0,    0,    0,    0,    0,    0,    0,    0,    0,    0,    0,    0,    0,    0,    0,    0,    0,    0,    0,    0,    0,    0,    0,    0,    0,    0,    0,   -7,    0,    0,    0,    0,    0,    0,    0,    0,    0,    0,    0,    0,    0,    0,    0,    0,    0,    0,    0,    0,    0,    0,    0,    0,    0,    0,    0,    0,    0,    0,    0,    0,    0,    0,   -7,   -7,   -7,   -7,    0,    0,    0,    0,    0,    0,    0,    0,   -5,   -7,   -5,    0,    0,    0,    0,   -4,    0,    0,    0,    0,    0,    0,    0,
       0,   -4,    0,    0,    0,    0,    0,    0,    0,    0,    0,    0,    0,    0,    0,    0,    0,    0,    0,    0,    0,    0,    0,    0,    0,    0,    0,    0,    0,    0,    0,    0,    0,    0,    0,    0,    0,    0,    0,    0,    0,    0,    0,    0,    0,    0,    0,    0,    0,    0,    0,    0,    0,    0,    0,    0,    0,    0,    0,    0,    0,    0,    0,    0,    0,    0,    0,    0,    0,    0,    0,    0,    0,    0,    0,    0,    0,    0,    0,    0,    0,    0,    0,    0,    0,    0,    0,    0,   -4,    0,    0,    0,    0,    0,    0,   -7,    0,    0,    0,    0,    0,    0,    0,    0,    0,    0,    0,   -4,   -3,    0,    0,    0,    0,    0,    0,   -7,    0,  -20,    0,  -13,    0,    0,    0,    0,    0,    0,    0,    0,    0,    0,    0,    0,
       0,   10,    0,    0,    0,    0,    0,    0,    7,    0,  -27,  -14,    0,    0,    0,    0,  -17,    0,   -7,    3,    0,    0,    0,    0,    0,    0,   -7,    0,    0,    0,    0,    0,    0,    0,    0,    0,    0,    0,    0,    0,    7,  -27,    0,    0,    0,    0,    0,    0,    0,    0,    0,    0,    0,    0,    0,    0,    0,    0,   -6,    0,    0,    0,    0,    0,    7,  -17,  -14,    0,    6,    0,  -13,    0,    0,    0,    0,    0,    0,    0,    0,    0,    0,    0,    0,    3,   -3,    0,    0,  -24,    0,  -27,  -24,    0,    0,    0,   -3,    0,   -7,  -14,    0,  -11,  -27,  -23,  -17,  -17,  -30,  -13,  -20,  -14,  -20,  -27,    0,  -20,    0,    0,    0,    0,  -10,    0,  -13,    0,  -43,    7,   10,    0,   -7,    3,    0,  -27,    0,    0,    0,    0,
       0,    7,    0,    0,    0,    0,    0,    0,    0,    0,    0,    0,    0,    0,    0,    0,    0,    0,    0,    0,    0,    0,    0,    0,    0,    0,    0,    0,    0,    0,    0,    0,    0,    0,    0,    0,    0,    0,    0,    0,    0,   -3,    0,    0,    0,    0,    0,    0,    0,    0,    0,    0,    0,    0,    0,    0,    0,    0,    0,    0,    0,    0,    0,    0,    3,    0,    0,    0,    0,    0,   -7,    0,    0,    0,    0,    0,    0,    0,    0,    0,    0,    0,    0,    0,    0,    0,    0,    0,    0,    0,    0,    0,    0,    0,   -3,   -3,    0,    0,    0,    0,    0,    0,    0,    0,    0,   -3,  -14,    0,  -14,    0,    0,    0,    0,    0,    0,    0,    0,   -3,   -7,   -6,   -6,    4,    7,    0,    0,    0,    0,    0,    0,    0,    0,    0,
       0,    0,    0,    0,    0,    0,    0,   -3,    0,    0,   -7,   -7,    0,   -7,   -7,    0,    0,    0,    0,   -4,    0,   -3,    0,    0,    0,    0,    0,    0,    0,    0,    0,    0,    0,    0,    0,    0,    0,    0,    0,    0,    0,  -14,    0,    0,    0,    0,    0,    0,    0,    0,    0,    0,    0,    0,    0,    0,    0,    0,    0,    0,    0,    0,    0,    0,    0,    0,    0,    0,   -7,    0,    0,    0,    0,    0,    0,    0,    0,    0,    0,    0,    0,    0,   -3,   -3,    0,   -3,   -3,   -3,   -7,   -7,   -3,   -3,    0,   -3,    0,    0,    0,    0,    0,    0,    0,    0,   -3,    0,    0,   -3,   -3,   -7,  -10,   -3,   -3,    0,    0,    0,    0,   -7,    0,  -10,   -7,  -10,  -13,   -3,    0,    0,    0,    0,    0,   -3,    0,    0,    0,    0,
       0,    0,    0,    0,    0,    0,    0,    0,    0,    0,    0,    0,   -3,   -7,   -3,   -3,  -13,   -4,   -7,    0,   -3,   -7,    0,    0,    0,    0,    0,    0,    0,    0,    0,    0,    0,    0,    0,    0,    0,    0,    0,    0,    0,    0,    0,    0,    0,    0,    0,    0,    0,    0,    0,    0,    0,    0,    0,    0,    0,    0,    0,    0,    0,    0,    0,    0,    0,   -7,    0,    0,    0,    0,    0,    0,    0,    0,    0,    0,    0,    0,    0,    0,    0,    0,    0,    0,   -8,    0,    0,    0,    0,    0,    0,    0,    0,    0,   -7,   -3,    0,   -7,   -3,    0,    0,   -7,    0,   -3,    0,  -10,  -10,  -10,  -13,    0,    0,   -7,    0,    3,    0,  -10,  -13,   -3,  -13,    0,    0,    0,    0,    0,    0,    0,    0,    0,    0,    0,    0,    0,
       0,    0,    0,    0,    0,    0,    0,    0,    0,    0,  -17,  -11,    0,   -7,   -4,   -7,  -13,   -4,   -7,    0,    0,   -7,   -7,    0,    0,    0,   -4,    0,    0,    0,    0,    0,    0,    0,    0,    0,    0,    0,    0,    0,    0,  -24,    0,    0,    0,    0,    0,    0,    0,    0,    0,    0,    0,    0,    0,    0,    0,    0,    0,    0,    0,    0,    0,    0,    0,   -7,   -3,    0,    0,    0,   -7,   -7,    0,    0,    0,    0,    0,    0,    0,    0,    0,    0,    0,    0,   -3,   -3,   -3,   -4,    0,  -14,   -4,    0,    0,    0,   -3,    0,   -7,   -9,   -4,  -10,  -10,   -7,   -7,   -7,  -10,  -13,  -13,  -10,  -10,  -10,    0,  -10,   -3,    5,   -3,    0,   -7,    0,  -10,    0,  -17,    0,    0,    0,    0,    0,    0,  -17,    0,    0,    0,    0,
       0,  -17,    0,    0,    0,    0,    0,    0,    0,    0,   -3,    0,    0,    0,    0,    0,    0,    0,    0,   -7,    0,    0,    0,    0,    0,    0,    0,    0,    0,    0,    0,    0,    0,    0,    0,    0,    0,    0,    0,    0,    0,    0,    0,    0,    0,    0,    0,    0,    0,    0,    0,    0,    0,    0,    0,    0,    0,    0,    0,    0,    0,    0,    0,    0,    0,    0,    0,    0,    0,    0,    0,    0,    0,    0,    0,    0,    0,    0,    0,    0,    0,    0,    0,  -11,    0,    0,    0,    0,  -10,    0,    0,    0,    0,    0,    0,  -17,    0,    0,    0,    0,    0,    0,    0,    0,    0,    0,    0,   -4,    0,    0,    0,    0,    0,    0,    0,    0,    0,  -24,   -5,  -20,    0,  -17,    0,    0,    0,    0,    0,    0,    0,    0,    0,    0,
       0,  -17,    0,    0,    0,    0,    0,    0,    0,    0,    0,    0,    0,    0,    0,    0,    0,    0,    0,    0,    0,    0,    0,    0,    0,    0,    0,    0,    0,    0,    0,    0,    0,    0,    0,    0,    0,    0,    0,    0,    0,    0,    0,    0,    0,    0,    0,    0,    0,    0,    0,    0,    0,    0,    0,    0,    0,    0,    0,    0,    0,    0,    0,    0,    0,    0,    0,    0,    0,    0,    0,    0,    0,    0,    0,    0,    0,    0,    0,    0,    0,    0,    0,  -10,   -3,    0,    0,    0,  -13,    0,    0,    0,    0,    0,    0,  -24,    0,    0,    0,    0,    0,    0,    0,    0,    0,   -7,   -4,  -10,  -10,    0,    0,    0,    0,    0,    0,  -20,   -7,  -27,  -11,  -20,    0,  -10,    0,    0,    0,    0,    0,    0,    0,    0,    0,    0,
       0,    0,    0,    0,    0,    0,    0,    0,    0,    0,    0,    0,    0,    0,    0,   -7,  -13,    0,   -7,    0,   -3,   -7,   -3,    0,    0,    0,    0,    0,    0,    0,    0,    0,    0,    0,    0,    0,    0,    0,    0,    0,    0,    0,    0,    0,    0,    0,    0,    0,    0,    0,    0,    0,    0,    0,    0,    0,    0,    0,    0,    0,    0,    0,    0,   -7,    0,  -13,  -13,    0,    0,    0,  -23,    0,    0,    0,    0,    0,    0,    0,    0,    0,    0,    0,    0,   -3,  -10,    0,    0,    0,    0,    0,    0,    0,    0,    0,  -13,    0,    0,    0,  -10,    0,    0,  -10,    0,    0,    0,  -10,  -20,  -17,  -23,    0,    0,   -3,    0,    0,   -6,  -10,  -13,   -3,  -20,    0,    0,    0,    0,    0,  -13,    0,    0,    0,    0,    0,    0,    0,
       0,   10,    0,    0,    0,  -14,    0,    0,    0,    0,  -53,  -30,  -13,   -6,  -10,   -7,  -27,  -10,  -23,    3,  -13,   -7,  -13,    0,    0,    0,  -17,    0,    0,    0,    0,    0,    0,    0,    0,    0,    0,    0,    0,    0,    3,  -54,    0,    0,    0,    0,    0,    0,    0,    0,    0,    0,    0,    0,    0,    0,    0,    0,  -13,    0,    0,    0,    0,  -10,    0,  -26,  -23,    0,    0,    0,  -23,  -20,    0,    0,    0,    0,    0,    0,    0,    0,    0,    0,    0,    7,  -13,   -7,    0,  -27,    7,  -42,  -27,    7,    3,    0,  -10,    3,  -10,  -27,    0,  -20,  -33,  -24,  -23,  -23,  -34,  -23,  -17,  -20,  -20,  -31,    0,  -30,    3,   10,   -7,    0,  -13,    7,  -14,   10,  -50,   10,    0,    0,  -14,    0,    0,  -50,    0,    0,    0,    0,
       0,  -20,    0,    0,    0,    0,    0,  -10,  -37,    0,    0,    0,   -4,    0,    0,   -3,  -13,    0,   -7,  -10,    0,   -7,    0,    0,    0,    0,    0,    0,    0,    0,    0,    0,    0,    0,    0,    0,    0,    0,    0,    0,  -20,    0,    0,    0,    0,    0,    0,    0,    0,    0,    0,    0,    0,    0,    0,    0,    0,    0,    0,    0,    0,    0,    0,   -4,  -37,  -10,  -10,    0,  -47,    0,  -20,    0,    0,    0,    0,    0,    0,    0,    0,    0,    0,    0,   -3,  -20,  -13,    0,   -5,    0,  -17,    3,    0,    0,    0,   -3,   -7,  -30,    0,   -2,   -7,    0,    0,   -7,    0,    0,    0,  -10,   -7,  -17,  -14,    0,    0,    0,    0,    0,   -3,  -17,  -14,  -33,  -20,  -30,    0,  -30,  -27,    0,  -10,  -33,    0,    0,    0,    0,    0,    0,
       0,   -3,    0,    0,    0,    0,    0,   -7,   -3,    0,  -10,   -7,    0,   -3,   -7,   -3,    0,    0,    0,   -4,    0,   -3,    0,    0,    0,    0,    0,    0,    0,    0,    0,    0,    0,    0,    0,    0,    0,    0,    0,    0,   -7,   -7,    0,    0,    0,    0,    0,    0,    0,    0,    0,    0,    0,    0,    0,    0,    0,    0,    0,    0,    0,    0,    0,    0,    0,    0,    0,    0,  -10,    0,   -3,    0,    0,    0,    0,    0,    0,    0,    0,    0,    0,    0,   -8,   -7,   -3,    0,   -5,    0,   -4,  -10,    0,  -10,    0,   -7,    0,   -7,    0,    0,    0,    0,   -7,    0,   -3,    0,   -3,   -3,    0,   -3,   -3,    0,   -3,    0,    0,    0,    0,    0,   -3,  -10,   -7,  -17,  -17,   -3,    0,    0,    0,    0,    0,   -7,    0,    0,    0,    0,
       0,    0,    0,    0,    0,    0,    0,    0,    0,    0,    0,    0,    0,    0,    0,    0,    0,    0,    0,    0,    0,    0,    0,    0,    0,    0,    0,    0,    0,    0,    0,    0,    0,    0,    0,    0,    0,    0,    0,    0,    0,    0,    0,    0,    0,    0,    0,    0,    0,    0,    0,    0,    0,    0,    0,    0,    0,    0,    0,    0,    0,    0,    0,    0,    0,    0,    0,    0,    0,    0,    0,    0,    0,    0,    0,    0,    0,    0,    0,    0,    0,    0,    0,   -3,   -8,    0,    3,   -3,    0,    0,    0,    0,    0,    0,   -7,   -7,    0,   -7,   -3,    0,    0,   -3,    0,   -3,   -3,   -3,  -10,    0,  -13,    0,    0,   -7,    0,    0,   20,  -10,  -13,   -7,  -10,   -3,    0,    0,    0,    0,    0,    0,    0,    0,    0,    0,    0,    0,
       0,  -10,    0,    0,    0,    0,    0,   -7,   -3,    0,  -13,   -6,    0,   -3,    0,   -3,    0,    0,    0,    0,    0,    0,    0,    0,    0,    0,    7,    0,    0,    0,    0,    0,    0,    0,    0,    0,    0,    0,    0,    0,   -3,  -17,    0,    0,    0,    0,    0,    0,    0,    0,    0,    0,    0,    0,    0,    0,    0,    0,    0,    0,    0,    0,    0,    3,    3,    7,    3,    0,   -4,    0,    0,    0,    0,    0,    0,    0,    0,    0,    0,    0,    0,    0,   -8,   -3,    3,    0,   -3,   -7,  -10,  -13,   -7,  -10,    0,   -7,    0,    0,   -3,    0,    0,    0,  -10,    0,    0,    3,  -10,    0,    0,    0,    3,   -4,    0,    0,    0,    0,    0,    0,    0,  -13,    0,  -13,  -20,    0,    0,    0,    0,    0,    0,  -13,    0,    0,    0,    0,
       0,    3,    0,    0,    0,    0,    0,   -3,    7,    0,  -34,  -17,    0,    0,    0,    0,   -7,    0,    0,    0,    0,    0,    3,    0,    0,    0,    0,    0,    0,    0,    0,    0,    0,    0,    0,    0,    0,    0,    0,    0,    3,  -47,    0,    0,    0,    0,    0,    0,    0,    0,    0,    0,    0,    0,    0,    0,    0,    0,    0,    0,    0,    0,    0,    3,    7,    0,    0,    0,    0,    0,    0,    0,    0,    0,    0,    0,    0,    0,    0,    0,    0,    0,   -3,    3,    0,    3,   -3,  -27,    0,  -21,  -27,   -7,    0,    0,    0,    0,   -7,    0,    0,   -3,  -20,   -7,    0,    0,  -20,    0,    0,    7,    3,   -4,    0,    0,    3,    3,    0,    0,    0,   -3,    3,   -7,  -37,   10,    7,    0,    0,    0,    0,  -40,    0,    0,    0,    0,
       0,   10,    0,    0,    0,    0,    0,    0,    7,    0,  -27,  -14,    0,    0,    0,    0,  -17,    0,   -7,    3,    0,    0,    0,    0,    0,    0,   -7,    0,    0,    0,    0,    0,    0,    0,    0,    0,    0,    0,    0,    0,    7,  -27,    0,    0,    0,    0,    0,    0,    0,    0,    0,    0,    0,    0,    0,    0,    0,    0,   -6,    0,    0,    0,    0,    0,    7,  -17,  -14,    0,    6,    0,  -13,    0,    0,    0,    0,    0,    0,    0,    0,    0,    0,    0,    0,    3,   -3,    0,    0,  -14,    0,  -23,  -14,    0,    0,    0,   -3,    0,   -7,  -14,    0,  -10,  -20,  -23,  -11,    0,  -27,  -23,  -20,  -13,    0,  -20,    0,  -17,    0,   10,    0,    0,    0,    0,  -13,    0,  -27,    7,   10,    0,   -7,    3,    0,  -27,    0,    0,    0,    0,
       0,    0,    0,    0,    0,    0,    0,  -10,    0,    0,  -23,  -10,    0,   -7,   -4,   -7,    0,    0,    0,  -10,    0,    0,    0,    0,    0,    0,    0,    0,    0,    0,    0,    0,    0,    0,    0,    0,    0,    0,    0,    0,   -7,  -47,    0,    0,    0,    0,    0,    0,    0,    0,    0,    0,    0,    0,    0,    0,    0,    0,    0,    0,    0,    0,    0,    3,    0,    0,    3,    0,   -7,    0,    0,    0,    0,    0,    0,    0,    0,    0,    0,    0,    0,    0,   -7,   -4,    3,    0,   -4,  -13,  -14,  -17,  -13,  -17,    0,   -7,    0,   -3,   -4,    0,    0,    0,  -10,    0,    0,    0,  -10,    0,    0,    0,    0,    0,   -3,    0,    0,    0,    0,    0,    0,  -14,    0,  -17,  -14,    0,    0,    0,    0,    0,    0,  -17,    0,    0,    0,    0,
       0,  -20,    0,    0,    0,    0,    0,    0,  -13,    0,    0,    0,    0,   -6,    0,    0,   -3,    0,   -3,   -7,    0,  -10,    0,    0,    0,    0,    0,    0,    0,    0,    0,    0,    0,    0,    0,    0,    0,    0,    0,    0,  -13,    0,    0,    0,    0,    0,    0,    0,    0,    0,    0,    0,    0,    0,    0,    0,    0,    0,    0,    0,    0,    0,    0,    0,  -13,    0,   -3,    0,  -20,    0,    0,    0,    0,    0,    0,    0,    0,    0,    0,    0,    0,    0,    0,  -17,   -3,    0,   -7,    0,    0,    3,    0,    0,    0,    0,    0,    0,    0,    0,    0,   -2,    0,    0,    0,    0,    0,   -7,   -7,   -3,  -10,    0,    0,    0,    0,    0,    0,    0,   -7,  -33,   -7,  -27,    0,  -17,  -10,    0,   -3,  -13,    0,    0,    0,    0,    0,    0,
       0,    0,    0,    0,    0,    0,    0,    0,    0,    0,   -7,    0,    0,    0,    0,    0,    0,    0,    0,    0,    0,    0,    0,    0,    0,    0,    0,    0,    0,    0,    0,    0,    0,    0,    0,    0,    0,    0,    0,    0,    0,    0,    0,    0,    0,    0,    0,    0,    0,    0,    0,    0,    0,    0,    0,    0,    0,    0,    0,    0,    0,    0,    0,    0,    0,    0,    0,    0,    0,    0,    0,    0,    0,    0,    0,    0,    0,    0,    0,    0,    0,    0,    0,    0,    0,    0,    0,    0,    0,   -6,    0,    0,    0,    0,    0,    0,    0,    0,    0,    0,   -7,    0,    0,    0,   -7,    0,    0,    0,   -3,    0,    0,    0,    0,    0,    0,    0,    0,    0,    0,    0,    0,    0,    0,    0,    0,    0,    0,    0,    0,    0,    0,    0,
       0,    0,    0,    0,    0,    0,    0,    0,    0,    0,    0,    0,    0,    0,    0,    0,    0,    0,    0,    0,    0,    0,    0,    0,    0,    0,    0,    0,    0,    0,    0,    0,    0,    0,    0,    0,    0,    0,    0,    0,    0,    0,    0,    0,    0,    0,    0,    0,    0,    0,    0,    0,    0,    0,    0,    0,    0,    0,    0,    0,    0,    0,    0,    0,    0,    0,    0,    0,    0,    0,    0,    0,    0,    0,    0,    0,    0,    0,    0,    0,    0,    0,   -3,    0,    0,    0,    0,    0,    0,    0,    0,    0,    0,   -3,    0,    0,    0,    0,    0,    0,    0,    0,    0,    0,    0,    0,    0,    0,    0,    0,    0,    0,    0,    0,    0,    0,    0,    0,    0,    0,    0,    0,    0,    0,    0,    0,    0,    0,    0,    0,    0,    0,
       0,    0,    0,    0,    0,    0,    0,    0,    0,    0,  -17,    0,    0,    0,    0,    0,    0,    0,    0,    0,    0,    0,    0,    0,    0,    0,    0,    0,    0,    0,    0,    0,    0,    0,    0,    0,    0,    0,    0,    0,    0,    0,    0,    0,    0,    0,    0,    0,    0,    0,    0,    0,    0,    0,    0,    0,    0,    0,    0,    0,    0,    0,    0,    0,    0,    0,    0,    0,    0,    0,    0,    0,    0,    0,    0,    0,    0,    0,    0,    0,    0,    0,    0,    0,    0,    0,    0,    0,    0,  -10,    0,    0,    0,    0,    6,    0,    0,    0,    0,    0,  -10,    0,    0,    0,  -10,    0,    0,    3,    0,   -4,   -3,    0,    0,    0,    0,    0,    0,    0,    0,    0,    0,    0,    0,    0,    0,    0,    0,    0,    0,    0,    0,    0,
       0,    0,    0,    0,    0,    0,    0,    0,    0,    0,    0,    0,    0,    0,    0,    0,    0,    0,    0,    0,    0,    0,    0,    0,    0,    0,    0,    0,    0,    0,    0,    0,    0,    0,    0,    0,    0,    0,    0,    0,    0,    0,    0,    0,    0,    0,    0,    0,    0,    0,    0,    0,    0,    0,    0,    0,    0,    0,    0,    0,    0,    0,    0,    0,    0,    0,    0,    0,    0,    0,    0,    0,    0,    0,    0,    0,    0,    0,    0,    0,    0,    0,    0,  -10,    0,    0,   10,    0,  -13,    0,    0,    0,    0,    0,    0,  -16,    0,    0,   -3,    0,    0,    0,    0,    0,   -3,   -3,   -3,    0,    0,    0,    0,    0,    0,    0,   15,    0,   -3,  -27,   -3,  -23,    0,    0,    0,    0,    0,    0,    0,    0,    0,    0,    0,    0,
       0,   -7,    0,    0,    0,    0,    0,   -3,   -7,    0,   -7,   -3,    0,   -7,   -3,    0,    0,    0,    0,  -10,    0,    0,    0,    0,    0,    0,    0,    0,    0,    0,    0,    0,    0,    0,    0,    0,    0,    0,    0,    0,   -7,  -13,    0,    0,    0,    0,    0,    0,    0,    0,    0,    0,    0,    0,    0,    0,    0,    0,    0,    0,    0,    0,    0,    0,   -7,    3,    3,    0,  -10,    0,    0,    0,    0,    0,    0,    0,    0,    0,    0,    0,    0,    0,   -3,  -17,    0,    0,   -7,    0,  -13,   -7,    0,   -7,    0,    0,    0,  -10,    0,   -3,    0,    0,   -7,    0,    0,    0,   -7,   -3,    0,   -3,   -3,    0,   -3,    0,    0,    0,    0,    0,    0,  -23,    0,  -23,   -7,  -10,   -3,    0,    0,   -6,    0,    0,    0,    0,    0,    0,
       0,    0,    0,    0,    0,    0,    0,   -3,    0,    0,    0,    0,    0,    0,    0,    0,   -4,    0,    0,   -7,    0,    0,    0,    0,    0,    0,    0,    0,    0,    0,    0,    0,    0,    0,    0,    0,    0,    0,    0,    0,    0,    0,    0,    0,    0,    0,    0,    0,    0,    0,    0,    0,    0,    0,    0,    0,    0,    0,    0,    0,    0,    0,    0,    0,    6,  -10,   -7,    0,    0,    0,    0,    0,    0,    0,    0,    0,    0,    0,    0,    0,    0,    0,    0,   -7,   -3,    0,   -7,    0,  -10,    3,    0,    0,    0,    0,    0,  -10,    0,   -5,    0,    0,    0,   -7,    2,    0,    0,   -7,   -3,    0,    0,    0,    0,    0,    0,    0,    0,    0,    0,  -23,    0,  -20,    0,    0,    3,    0,    0,    0,    0,    0,    0,    0,    0,    0,
       0,  -10,    0,    0,    0,    0,    0,   -6,  -10,    0,    0,    0,    0,    0,    0,   -3,   -3,    0,    0,   -7,    0,   -3,   -3,    0,    0,    0,    0,    0,    0,    0,    0,    0,    0,    0,    0,    0,    0,    0,    0,    0,   -7,    0,    0,    0,    0,    0,    0,    0,    0,    0,    0,    0,    0,    0,    0,    0,    0,    0,    0,    0,    0,    0,    0,    0,   -7,   -6,    0,    0,  -13,    0,    0,    0,    0,    0,    0,    0,    0,    0,    0,    0,    0,    0,    0,  -10,    0,    0,  -10,    0,  -17,    0,    0,    0,    0,    0,    0,  -16,    0,    0,   -3,    0,   -3,   -3,    0,    0,   -3,   -3,   -3,   -7,    0,    0,    0,    0,    0,    0,   -2,    0,   -3,  -27,   -3,  -23,    0,  -10,   -3,    0,    0,   -7,    0,    0,    0,    0,    0,    0,
       0,  -14,    0,    0,    0,    0,    0,   -4,   -7,    0,   -7,   -7,    0,  -10,   -4,   -3,    0,   -3,    0,  -14,    0,    0,    0,    0,    0,    0,    0,    0,    0,    0,    0,    0,    0,    0,    0,    0,    0,    0,    0,    0,   -7,  -17,    0,    0,    0,    0,    0,    0,    0,    0,    0,    0,    0,    0,    0,    0,    0,    0,    0,    0,    0,    0,    0,    0,  -10,    0,    3,    0,  -17,    0,    0,    0,    0,    0,    0,    0,    0,    0,    0,    0,    0,    0,   -7,  -20,    0,   -3,   -3,    0,  -13,  -13,    0,   -7,    0,   -3,    0,  -10,    0,    0,    0,    0,   -7,    0,   -7,    0,   -7,   -3,    0,   -3,   -3,    0,   -3,    0,    0,    0,    0,    0,    0,  -23,    0,  -27,   -7,  -17,   -7,    0,    0,   -6,    0,  -10,    0,    0,    0,    0,
       0,    0,    0,    0,    0,    0,    0,    0,    0,    0,    0,    0,    0,   -7,    0,    0,   -7,    0,    0,   -4,    0,    0,    0,    0,    0,    0,    0,    0,    0,    0,    0,    0,    0,    0,    0,    0,    0,    0,    0,    0,    0,   -7,    0,    0,    0,    0,    0,    0,    0,    0,    0,    0,    0,    0,    0,    0,    0,    0,    0,    0,    0,    0,    0,    0,    0,    0,    0,    0,   -7,    0,    0,    0,    0,    0,    0,    0,    0,    0,    0,    0,    0,    0,   -4,  -13,    0,    0,   -7,    0,    0,   -4,    0,   -7,    0,    0,    0,    0,    0,    0,    0,    0,   -3,    0,    0,    0,   -3,   -3,    0,    0,    0,    0,   -4,    0,    0,    0,    0,    0,    0,  -23,    0,  -20,    0,   -3,    0,    0,    0,    0,    0,    0,    0,    0,    0,    0,
       0,    0,    0,    0,    0,   -4,    0,  -12,    0,    0,  -30,  -14,    3,   -7,    0,   -4,   -4,   -4,    3,  -10,    0,    3,    0,    0,    0,    0,   -4,    0,    0,    0,    0,    0,    0,    0,    0,    0,    0,    0,    0,    0,    0,  -24,    0,    0,    0,    0,    0,    0,    0,    0,    0,    0,    0,    0,    0,    0,    0,    0,    0,    0,    0,    0,    0,    0,    6,   -7,   -4,    0,    0,    0,    0,    0,    0,    0,    0,    0,    0,    0,    0,    0,    0,    0,   -7,    0,    0,    0,  -13,    0,    0,  -24,    0,  -17,    0,   -7,    0,    0,    0,   -5,    0,    0,  -17,   -7,    0,    0,  -17,    0,    0,    3,    3,   -7,   -7,   -3,    0,    0,    0,    0,    0,  -17,    3,  -17,  -30,    7,    7,    0,    0,    3,    0,  -27,    0,    0,    0,    0,
       0,  -20,    0,    0,    0,    0,    0,    0,    0,    0,    0,    0,    0,    0,    0,    0,    0,    0,    0,  -13,    0,    0,    0,    0,    0,    0,    0,    0,    0,    0,    0,    0,    0,    0,    0,    0,    0,    0,    0,    0,    0,    0,    0,    0,    0,    0,    0,    0,    0,    0,    0,    0,    0,    0,    0,    0,    0,    0,    0,    0,    0,    0,    0,    0,    0,    0,    0,    0,    0,    0,    0,    0,    0,    0,    0,    0,    0,    0,    0,    0,    0,    0,    0,  -13,    0,    0,    0,    0,  -16,    0,    0,    0,    0,    0,    0,  -22,    0,    0,   -3,    0,    0,    0,    0,    0,    0,   -7,  -13,  -13,  -13,    0,   -7,    0,    0,    0,    0,  -19,  -10,  -26,  -14,  -19,    0,  -14,  -10,    0,    0,    0,    0,    0,    0,    0,    0,    0,
       0,   -7,    0,    0,    0,    0,    0,    0,    0,    0,    0,    0,    0,    0,    0,    0,    0,    0,    0,   -7,    0,    0,    0,    0,    0,    0,    0,    0,    0,    0,    0,    0,    0,    0,    0,    0,    0,    0,    0,    0,    0,    0,    0,    0,    0,    0,    0,    0,    0,    0,    0,    0,    0,    0,    0,    0,    0,    0,    0,    0,    0,    0,    0,    0,    0,    0,    0,    0,    0,    0,    0,    0,    0,    0,    0,    0,    0,    0,    0,    0,    0,    0,    0,    0,    0,    0,    0,    0,    0,    0,    0,    0,    0,    0,    0,    0,    0,    0,    0,    0,    0,    0,    0,    0,    0,    0,    0,    0,    0,    0,    0,    0,    0,    0,    3,    0,    0,    0,   -3,    0,    0,    0,    0,    0,    0,    0,    0,    0,    0,    0,    0,    0,
       0,   -7,    0,    0,    0,    0,    0,   -4,   -3,    0,   -7,    0,    0,   -3,   -3,   -3,    0,    0,    0,  -10,    0,   -3,    0,    0,    0,    0,    0,    0,    0,    0,    0,    0,    0,    0,    0,    0,    0,    0,    0,    0,   -7,  -13,    0,    0,    0,    0,    0,    0,    0,    0,    0,    0,    0,    0,    0,    0,    0,    0,    0,    0,    0,    0,    0,    0,   -7,    0,    0,    0,  -10,    0,    0,    0,    0,    0,    0,    0,    0,    0,    0,    0,    0,    0,   -7,  -10,    0,    0,  -10,    0,    0,   -3,    0,    0,    0,   -3,    0,    0,    0,    0,    0,    0,   -3,    0,    0,    0,   -3,   -3,    0,    0,    0,    0,   -3,    0,    0,    0,    0,    0,    0,  -23,    0,  -30,    0,   -4,    0,    0,    0,    0,    0,    0,    0,    0,    0,    0,
       0,    0,    0,    0,    0,    0,    0,    0,    0,    0,    0,    0,    0,    0,    0,    0,    0,    0,    0,    0,    0,    0,    0,    0,    0,    0,    0,    0,    0,    0,    0,    0,    0,    0,    0,    0,    0,    0,    0,    0,    0,    0,    0,    0,    0,    0,    0,    0,    0,    0,    0,    0,    0,    0,    0,    0,    0,    0,    0,    0,    0,    0,    0,    0,    0,   -3,    0,    0,   -7,    0,    0,    0,    0,    0,    0,    0,    0,    0,    0,    0,    0,    0,    0,   -7,    0,    0,    0,    0,    0,    0,    0,    0,    0,    0,    0,    0,    0,    0,    0,    0,    0,    0,    0,    0,    0,   -3,   -3,   -5,   -4,    0,    0,    0,    0,    0,    0,    0,   -7,   -6,   -5,   -7,    0,    0,    0,    0,    0,   -3,    0,    0,    0,    0,    0,    0,
       0,   13,    0,    0,    0,    0,    0,    7,    7,    0,    0,    0,    0,    0,    0,    0,    0,    0,    0,    7,    0,    0,    0,    0,    0,    0,    0,    0,    0,    0,    0,    0,    0,    0,    0,    0,    0,    0,    0,    0,    7,    0,    0,    0,    0,    0,    0,    0,    0,    0,    0,    0,    0,    0,    0,    0,    0,    0,    0,    0,    0,    0,    0,    0,    7,    0,    0,    0,   10,    0,    0,    0,    0,    0,    0,    0,    0,    0,    0,    0,    0,    0,    0,    7,    0,    0,    0,    0,    0,    0,    0,    3,    0,    0,    0,    0,    0,    0,    0,    0,    0,    0,    0,    0,    0,   -3,   -3,    0,   -4,    0,    0,    0,    0,   13,    0,    0,   -7,   -6,   -5,    0,    0,   10,    4,    0,    0,    7,    0,    0,    0,    0,    0,    0,
       0,    0,    0,    0,    0,    0,    0,    0,    0,    0,   -4,   -3,    0,    0,    0,    0,   -3,    0,    0,    0,    0,    0,   -3,    0,    0,    0,    0,    0,    0,    0,    0,    0,    0,    0,    0,    0,    0,    0,    0,    0,    0,  -10,    0,    0,    0,    0,    0,    0,    0,    0,    0,    0,    0,    0,    0,    0,    0,    0,    0,    0,    0,    0,    0,    0,    0,   -7,    0,    0,    0,    0,    0,    0,    0,    0,    0,    0,    0,    0,    0,    0,    0,    0,    0,    0,    0,    0,    0,    0,  -10,   -3,    0,   -3,    0,    0,    0,  -13,    0,    0,    0,    0,   -3,    0,    0,    0,   -3,    0,   -6,    0,    0,   -3,    0,    0,    0,    0,    0,   -6,   -7,  -26,    0,   -3,   -3,    0,    0,    0,    0,    0,    0,   -3,    0,    0,    0,    0,
       0,  -17,    0,    0,    0,    0,    0,   -4,  -23,    0,    0,    0,   -3,    0,   -3,   -3,  -10,    0,    0,  -13,    0,  -10,    0,    0,    0,    0,    0,    0,    0,    0,    0,    0,    0,    0,    0,    0,    0,    0,    0,    0,  -17,    0,    0,    0,    0,    0,    0,    0,    0,    0,    0,    0,    0,    0,    0,    0,    0,    0,    0,    0,    0,    0,    0,    0,  -20,   -3,    0,    0,  -23,    0,    0,    0,    0,    0,    0,    0,    0,    0,    0,    0,    0,    0,    0,  -20,    0,    0,   -7,    0,  -13,    0,    0,    0,    0,    0,    0,  -16,    0,    0,   -3,    0,    0,    0,    0,    0,    0,   -5,   -7,  -10,   -7,    0,    0,    0,    0,    0,    0,   -6,   -7,  -30,  -10,  -23,    0,  -23,  -13,    0,   -3,  -16,    0,    0,    0,    0,    0,    0,
       0,    0,    0,    0,    0,    0,    0,    0,    0,    0,    0,    0,    0,    0,    0,    0,    0,    0,    0,    0,    0,    0,    0,    0,    0,    0,    0,    0,    0,    0,    0,    0,    0,    0,    0,    0,    0,    0,    0,    0,    0,    0,    0,    0,    0,    0,    0,    0,    0,    0,    0,    0,    0,    0,    0,    0,    0,    0,    0,    0,    0,    0,    0,    0,    0,    0,    0,    0,    0,    0,    0,    0,    0,    0,    0,    0,    0,    0,    0,    0,    0,    0,   -3,  -10,    3,    0,    0,    0,   -7,    0,    0,    0,    0,   -3,    0,   -7,    0,    0,    0,    0,    0,    0,    0,    0,    0,    0,    0,    0,    0,    0,    0,    0,    0,    0,    0,   -4,    0,  -14,    0,  -10,    0,    0,    0,    0,    0,    0,    0,    0,    0,    0,    0,    0,
       0,  -14,    0,    0,    0,    0,    0,    0,    0,    0,   -3,    0,    0,    0,    0,    0,    0,    0,    0,    0,    0,    0,    0,    0,    0,    0,    0,    0,    0,    0,    0,    0,    0,    0,    0,    0,    0,    0,    0,    0,    0,    0,    0,    0,    0,    0,    0,    0,    0,    0,    0,    0,    0,    0,    0,    0,    0,    0,    0,    0,    0,    0,    0,    0,    0,    0,    0,    0,    0,    0,    0,    0,    0,    0,    0,    0,    0,    0,    0,    0,    0,    0,    0,    0,    0,    0,    0,    0,    0,    0,    0,    0,    0,    0,    0,    0,    0,    0,    0,    0,    0,    0,    0,    0,    0,   -3,   -7,   -4,   -3,    0,   -3,    0,    0,    0,    0,    0,   -7,    0,   -7,    0,    0,   -7,    0,    0,    0,    0,    0,    0,    0,    0,    0,    0,
       0,    0,    0,    0,    0,   -4,    0,   -7,    6,    0,  -30,  -17,    0,   -3,    0,   -7,   -7,   -4,    0,  -10,   -3,    3,   -3,    0,    0,    0,   -5,    0,    0,    0,    0,    0,    0,    0,    0,    0,    0,    0,    0,    0,    0,  -21,    0,    0,    0,    0,    0,    0,    0,    0,    0,    0,    0,    0,    0,    0,    0,    0,    0,    0,    0,    0,    0,    0,   10,   -7,  -13,    0,    0,    0,    0,    0,    0,    0,    0,    0,    0,    0,    0,    0,    0,    0,   -7,    0,    0,    0,   -3,    0,    0,  -20,    0,  -20,    0,   -7,    0,    0,    0,   -4,    0,    0,  -14,   -3,    3,    0,  -14,    0,    0,    7,    7,   -7,   -4,   -3,    7,    7,    7,    0,    0,    0,   10,  -17,    0,    3,    7,    0,    0,    7,    0,  -24,    0,    0,    0,    0,
       0,    0,    0,    0,    0,    0,    0,    0,    0,    0,    0,    0,    0,    0,    0,    0,    0,    0,    0,    0,    0,    0,    0,    0,    0,    0,    0,    0,    0,    0,    0,    0,    0,    0,    0,    0,    0,    0,    0,    0,    0,    0,    0,    0,    0,    0,    0,    0,    0,    0,    0,    0,    0,    0,    0,    0,    0,    0,    0,    0,    0,    0,    0,    0,    0,    0,    0,    0,    0,    0,    0,    0,    0,    0,    0,    0,    0,    0,    0,    0,    0,    0,    0,    0,  -10,   -7,   -7,  -27,    0,  -34,  -27,    0,    0,    0,  -17,    0,  -20,  -27,  -14,  -30,  -37,  -43,  -43,  -34,  -37,  -37,  -45,  -27,  -34,  -37,    0,  -49,    0,    0,    0,    0,  -20,    0,  -30,    0,  -50,    0,    0,    0,    0,    0,    0,    0,    0,    0,    0,    0,
       0,    0,    0,    0,    0,    0,    0,    0,    0,    0,  -17,    0,    0,    0,    0,    0,    0,    0,    0,    0,    0,    0,    0,    0,    0,    0,    0,    0,    0,    0,    0,    0,    0,    0,    0,    0,    0,    0,    0,    0,    0,    0,    0,    0,    0,    0,    0,    0,    0,    0,    0,    0,    0,    0,    0,    0,    0,    0,    0,    0,    0,    0,    0,    0,    0,    0,    0,    0,    0,    0,    0,    0,    0,    0,    0,    0,    0,    0,    0,    0,    0,    0,    0,    0,    0,    0,    0,    0,    0,  -10,    0,    0,    0,    0,    6,    0,    0,    0,    0,    0,  -23,  -10,    0,   -6,  -23,    0,    0,    3,    0,  -14,   -3,  -10,    0,    0,    0,    0,    0,    0,    0,    0,    0,    0,    0,    0,    0,    0,    0,    0,    0,    0,    0,    0,
       0,    0,    0,    0,    0,    0,    0,    0,    0,    0,    0,    0,   -4,    0,    0,    0,    0,    0,   -7,    0,   -3,   -7,    0,    0,    0,    0,    0,    0,    0,    0,    0,    0,    0,    0,    0,    0,    0,    0,    0,    0,    0,    0,    0,    0,    0,    0,    0,    0,    0,    0,    0,    0,    0,    0,    0,    0,    0,    0,    0,    0,    0,    0,    0,    0,    0,  -10,  -10,    0,    0,    0,  -27,    0,    0,    0,    0,    0,    0,    0,    0,    0,    0,    0,    0,    0,  -10,    0,   13,    2,    0,    7,   15,    0,    0,    0,  -13,    0,    0,   -3,  -10,    0,    7,   -7,    0,    0,    0,    0,  -20,    3,  -23,    0,    0,    0,    0,    0,   30,  -10,  -13,   -3,  -20,   -3,    0,    0,    0,    0,  -17,    0,    0,    0,    0,    0,    0,    0,
       0,    0,    0,    0,    0,    0,    0,   -4,    0,    0,    0,    0,    0,    0,    0,    0,   -4,    0,    0,   -7,    0,    0,    0,    0,    0,    0,    0,    0,    0,    0,    0,    0,    0,    0,    0,    0,    0,    0,    0,    0,    0,    0,    0,    0,    0,    0,    0,    0,    0,    0,    0,    0,    0,    0,    0,    0,    0,    0,    0,    0,    0,    0,    0,    0,    6,  -10,   -7,    0,    0,    0,    0,    0,    0,    0,    0,    0,    0,    0,    0,    0,    0,    0,    0,  -10,   -3,    0,   10,    0,  -10,    3,    0,    3,    0,    0,    0,  -10,    0,   -3,    0,    0,    3,   -7,    2,    0,    0,   -7,   -3,    0,    0,    0,   -3,   -3,    0,    0,    0,    0,    0,  -23,    0,  -23,    0,    0,    3,    0,    0,    0,    0,    0,    0,    0,    0,    0,
       0,    0,    0,    0,    0,  -13,    0,    0,    0,    0,  -33,  -30,  -10,  -10,  -10,  -10,  -27,  -13,  -23,    0,  -13,  -13,  -20,    0,    0,    0,  -17,    0,    0,    0,    0,    0,    0,    0,    0,    0,    0,    0,    0,    0,    4,  -37,    0,    0,    0,    0,    0,    0,    0,    0,    0,    0,    0,    0,    0,    0,    0,    0,  -10,    0,    0,    0,    0,  -13,    0,  -27,  -26,    0,    0,    0,  -29,  -20,    0,    0,    0,    0,    0,    0,    0,    0,    0,    0,    0,    0,  -17,  -13,    0,  -20,    0,  -30,  -20,    0,    0,    0,  -17,    0,  -13,  -27,  -17,  -23,  -30,  -30,  -20,  -27,  -30,  -30,  -30,  -23,  -27,  -33,    0,  -27,  -13,   10,   -7,    0,  -17,    0,  -23,    0,  -30,    0,    0,    0,  -17,    0,    0,  -33,    0,    0,    0,    0,
       0,    0,    0,    0,    0,    0,    0,    0,    0,    0,  -20,    0,    0,    0,    0,    0,    0,    0,    0,    0,    0,    0,    0,    0,    0,    0,    0,    0,    0,    0,    0,    0,    0,    0,    0,    0,    0,    0,    0,    0,    0,    0,    0,    0,    0,    0,    0,    0,    0,    0,    0,    0,    0,    0,    0,    0,    0,    0,    0,    0,    0,    0,    0,    0,    0,    0,   -3,    0,    0,    0,    0,    0,    0,    0,    0,    0,    0,    0,    0,    0,    0,    0,    0,    0,    0,    0,    0,    0,    0,  -16,    0,    0,    0,    0,    0,    0,    0,   -4,    0,    0,  -13,    0,    0,    0,  -14,    0,    0,    3,    0,   -4,   -7,    0,    0,    0,    0,    0,    0,    0,    3,    0,    0,    0,    0,    0,    0,    0,    0,    0,    0,    0,    0,    0,
       0,  -27,    0,    0,    0,    0,    0,    0,    0,    0,    0,    0,    0,    0,    0,    0,    0,    0,    0,  -13,    0,    0,    0,    0,    0,    0,    0,    0,    0,    0,    0,    0,    0,    0,    0,    0,    0,    0,    0,    0,    0,    0,    0,    0,    0,    0,    0,    0,    0,    0,    0,    0,    0,    0,    0,    0,    0,    0,    0,    0,    0,    0,    0,    0,    0,    0,    0,    0,    0,    0,    0,    0,    0,    0,    0,    0,    0,    0,    0,    0,    0,    0,    0,  -27,  -10,    0,   -7,    0,  -23,    0,    0,    0,    0,    0,  -10,  -34,    0,    0,   -7,    0,    0,    0,    0,    0,    0,   -7,  -14,  -14,  -17,    0,    0,    0,    0,    0,    0,  -24,  -11,  -40,  -14,  -30,    0,  -24,    0,    0,    0,    0,    0,    0,    0,    0,    0,    0,
       0,    0,    0,    0,    0,    0,    0,    0,    0,    0,    0,    0,    0,    0,    0,    0,    0,    0,    0,    0,    0,    0,    0,    0,    0,    0,    0,    0,    0,    0,    0,    0,    0,    0,    0,    0,    0,    0,    0,    0,    0,    0,    0,    0,    0,    0,    0,    0,    0,    0,    0,    0,    0,    0,    0,    0,    0,    0,    0,    0,    0,    0,    0,    0,    0,    0,    0,    0,    0,    0,    0,    0,    0,    0,    0,    0,    0,    0,    0,    0,    0,    0,    0,    0,    0,    0,    0,    0,    0,    0,    0,    0,    0,    0,    0,    0,    0,    0,    0,    0,    0,    0,    0,    0,    0,    0,   -4,   -3,   -7,    0,    0,    0,    0,    0,    0,    0,    0,    0,   -7,    0,    0,    0,    0,    0,    0,    0,    0,    0,    0,    0,    0,    0,
      -7,    0,  -10,    0,    0,  -10,  -13,    0,    0,    0,  -26,  -27,    0,    0,    0,   -3,  -17,  -10,  -10,    7,   -3,    0,    0,    0,    0,   -7,  -10,  -27,   -3,   -7,    0,    0,    0,   10,    0,    0,    0,    0,    0,    7,    0,  -20,  -13,    0,  -20,    0,  -20,    0,    0,    0,   -7,  -13,    3,    0,    7,    3,    7,    0,    0,  -10,    0,    0,    0,    0,    0,  -14,  -13,    0,    0,    0,    0,   -6,  -43,  -37,  -13,  -13,    0,    7,    7,    7,    7,  -13,   -3,   10,   -7,    0,    0,    0,    0,  -27,    0,    0,    0,    0,    0,    0,    0,  -13,    0,    0,    0,  -20,    3,    0,    0,   -7,    0,    7,    0,    0,    0,  -13,    0,    7,    0,    0,    0,    0,    7,    0,  -37,   -3,    0,    0,   -7,    0,    0,    0,    0,    0,  -27,    0,
       0,    0,    0,    0,    0,  -13,  -16,    0,    0,    0,  -33,  -33,   -7,   -3,  -10,   -7,  -34,  -10,  -17,    6,  -10,   -7,    0,    0,    0,   -7,  -33,  -30,    0,  -13,    0,    0,    0,    7,    0,    0,    3,    0,    0,    0,    0,  -23,  -23,    0,  -30,  -13,  -23,    0,   -3,  -13,  -14,  -27,  -10,  -13,    0,   -7,   -6,  -13,    0,    0,    0,    0,    0,    0,    0,  -26,  -20,    0,    0,    0,  -26,  -13,  -40,  -43,  -23,  -23,    0,    7,    7,    6,    7,  -27,    0,    7,  -13,    0,    0,    0,    0,  -30,    0,    0,    0,    0,    0,    0,    0,  -23,    0,  -13,    0,  -30,   -7,    0,    0,  -14,    0,   -6,    0,    0,    0,  -27,    0,    7,   -3,    0,    0,    0,    0,    0,  -43,    0,    0,    0,  -13,    0,    0,    0,    0,    0,  -30,    0,
       0,    0,    0,    0,    0,    0,    0,    0,    0,    0,    0,    0,    0,    0,    0,    3,   -7,    0,    0,    0,    0,  -10,    0,    0,    0,    0,    0,    7,    0,   -7,   11,    0,    0,  -20,  -14,  -37,  -37,    7,  -30,    7,    0,    0,    0,    0,   -3,    0,    0,    0,    7,    0,   -7,    0,   -7,   -7,  -24,    0,  -10,    0,    0,    0,    0,    0,    0,    0,    0,    0,    0,    0,    0,    0,    0,    0,    0,    7,    0,    0,    0,    0,    0,   -7,    0,    0,    0,  -20,   -7,    0,   11,    7,  -17,    7,    7,    7,    0,    0,  -10,  -47,    3,    0,   -7,    0,    0,   -3,    0,    0,    0,   -7,  -17,  -10,  -27,    0,    0,    0,    0,    0,    7,  -30,  -23,  -37,  -24,  -30,    7,  -17,    0,    0,    0,    0,    0,    0,    0,    0,    7,    0,
       0,    0,    0,    0,    0,    0,    0,  -14,    0,    0,    0,    0,    0,  -13,  -19,  -16,   -3,  -10,    0,  -23,   -3,   -6,    0,    0,    0,    0,    0,  -11,    0,    0,   -6,    0,    0,   -7,    0,  -10,  -10,  -13,  -13,    0,    0,    0,    0,    0,    0,    0,    0,    0,    0,    0,    0,    0,    0,    0,    0,    0,    0,    0,    0,    0,    0,    0,    0,    0,    0,    0,    0,    0,    0,    0,    0,    0,  -26,    0,    0,    0,    0,    0,    0,    0,    0,    0,    0,   -7,    0,    0,   -6,    0,    0,  -11,    0,  -13,    0,    0,    0,    0,    0,    0,    0,    0,    0,    0,    0,    0,    0,    0,    0,    0,    0,    0,    0,    0,    0,    0,    0,    0,    0,  -10,    0,  -13,    0,    0,    0,    0,    0,    0,    0,    0,    0,    0,  -11,    0,
       0,    0,    0,    0,    0,    0,    0,    0,    0,    0,    0,    0,    0,    0,   -3,   -7,  -17,   -7,   -7,    0,   -3,   -7,    0,    0,    0,    0,    0,    0,    0,    0,    0,    0,    0,    0,    0,    0,    0,    0,    0,    0,    0,    0,    0,    0,    0,    0,    0,    0,    0,    0,    0,    0,    0,    0,    0,    0,    0,    0,    0,    0,    0,    0,    0,    0,    0,    0,    0,    0,    0,    0,    0,    0,    0,    0,    0,    0,    0,    0,    0,    0,    0,    0,    0,    0,    0,    0,    0,    0,    0,    0,    0,    0,    0,    0,    0,    0,    0,    0,    0,    0,    0,    0,    0,    0,    0,    0,    0,    0,    0,    0,    0,    0,    0,    0,    0,    0,    0,    0,    0,    0,    0,    0,    0,    0,    0,    0,    0,    0,    0,    0,    0,    0,
       0,    0,    0,    0,    0,    0,    0,    0,    0,    0,    0,    0,    0,   -7,   -6,    0,    0,    0,    0,  -10,    0,   -7,    0,    0,    0,    0,    0,    0,    0,    0,    0,    0,    0,    0,    0,    0,    0,    0,    0,    0,    0,    0,    0,    0,    0,    0,    0,    0,    0,    0,    0,    0,    0,    0,    0,    0,    0,    0,    0,    0,    0,    0,    0,    0,    0,    0,    0,    0,    0,    0,    0,    0,    0,    0,    0,    0,    0,    0,    0,    0,    0,    0,    0,    0,    0,    0,    0,    0,    0,    0,    0,    0,    0,    0,    0,    0,    0,    0,    0,    0,    0,    0,    0,    0,    0,    0,    0,    0,    0,    0,    0,    0,    0,    0,    0,    0,    0,    0,    0,    0,    0,    0,    0,    0,    0,    0,    0,    0,    0,    0,    0,    0,
       0,  -20,    0,    0,    0,    0,    0,  -10,  -37,    0,    0,    0,   -4,    0,    0,   -3,  -13,    0,   -7,  -10,    0,   -7,    0,    0,    0,    0,    0,    0,    0,    0,    0,    0,    0,    0,    0,    0,    0,    0,    0,    0,  -20,    0,    0,    0,    0,    0,    0,    0,    0,    0,    0,    0,    0,    0,    0,    0,    0,    0,    0,    0,    0,    0,    0,   -4,  -37,  -10,  -10,    0,  -47,   -7,  -20,    0,    0,    0,    0,    0,    0,    0,    0,    0,    0,    0,    0,    0,    0,    0,    0,    0,    0,    0,    0,    0,    0,    0,    0,    0,    0,    0,    0,    0,    0,    0,    0,    0,    0,    0,    0,    0,    0,    0,    0,    0,    0,    0,    0,    0,    0,    0,    0,    0,    0,  -30,  -27,    0,  -10,  -33,    0,    0,    0,    0,    3,    0,
       0,    0,    0,    0,    0,    0,    0,    0,    0,    0,    0,    0,    0,    0,    0,    0,  -13,    0,    0,    0,    0,    0,    0,    0,    0,    0,    0,    0,    0,    0,    0,    0,    0,    0,    0,    0,    0,    0,    0,    0,    0,    0,    0,    0,    0,    0,    0,    0,    0,    0,    0,    0,    0,    0,    0,    0,    0,    0,    0,    0,    0,    0,    0,    0,    0,    0,    0,    0,    0,    0,    0,    0,    0,    0,    0,    0,    0,    0,    0,    0,    0,    0,    0,    0,    0,    0,    0,    0,    0,    0,    0,    0,    0,    0,    0,    0,    0,    0,    0,    0,    0,    0,    0,    0,    0,    0,    0,    0,    0,    0,    0,    0,    0,    0,    0,    0,    0,    0,    0,    0,    0,    0,    0,    0,    0,    0,    0,    0,    0,    0,    0,    0,
       0,    0,    0,    0,    0,    0,    0,    0,    0,    0,    0,    0,    0,    0,    0,    0,   -6,    0,    0,    0,    0,    0,    0,    0,    0,    0,    0,    0,    0,    0,    0,    0,    0,    0,    0,    0,    0,    0,    0,    0,    0,    0,    0,    0,    0,    0,    0,    0,    0,    0,    0,    0,    0,    0,    0,    0,    0,    0,    0,    0,    0,    0,    0,    0,    0,    0,    0,    0,    0,    0,    0,    0,    0,    0,    0,    0,    0,    0,    0,    0,    0,    0,    0,    0,    0,    0,    0,    0,    0,    0,    0,    0,    0,    0,    0,    0,    0,    0,    0,    0,    0,    0,    0,    0,    0,    0,    0,    0,    0,    0,    0,    0,    0,    0,    0,    0,    0,    0,    0,    0,    0,    0,    0,    0,    0,    0,    0,    0,    0,    0,    0,    0,
       0,    0,    0,    0,    0,    0,    0,    0,    0,    0,    0,    0,    0,    0,    0,    0,    0,    0,    0,  -10,    0,    0,    0,    0,    0,    0,    0,    0,    0,    0,    0,    0,    0,    0,    0,    0,    0,    0,    0,    0,    0,    0,    0,    0,    0,    0,    0,    0,    0,    0,    0,    0,    0,    0,    0,    0,    0,    0,    0,    0,    0,    0,    0,    0,    0,    0,    0,    0,    0,    0,    0,    0,    0,    0,    0,    0,    0,    0,    0,    0,    0,    0,    0,    0,    0,    0,    0,    0,    0,    0,    0,    0,    0,    0,    0,    0,    0,    0,    0,    0,    0,    0,    0,    0,    0,    0,    0,    0,    0,    0,    0,    0,    0,    0,    0,    0,    0,    0,    0,    0,    0,    0,    0,    0,    0,    0,    0,    0,    0,    0,    0,    0,
};

static const EpdLigaturePair sourceserif4_10_regularLigaturePairs[] = {
    { 0x00660066, 0xFB00 }, // f f -> U+FB00
    { 0x00660069, 0xFB01 }, // f i -> U+FB01
    { 0x0066006C, 0xFB02 }, // f l -> U+FB02
    { 0xFB000069, 0xFB03 }, // U+FB00 i -> U+FB03
    { 0xFB00006C, 0xFB04 }, // U+FB00 l -> U+FB04
};

static const EpdFontData sourceserif4_10_regular = {
    sourceserif4_10_regularBitmaps,
    sourceserif4_10_regularGlyphs,
    sourceserif4_10_regularIntervals,
    78,
    29,
    22,
    -7,
    true,
    sourceserif4_10_regularGroups,
    13,
    nullptr,
    sourceserif4_10_regularKernLeftClasses,
    sourceserif4_10_regularKernRightClasses,
    sourceserif4_10_regularKernMatrix,
    574,
    619,
    147,
    132,
    sourceserif4_10_regularLigaturePairs,
    5,
};
